formid,Training_Date,Training_Title,EW_ID,Gender,Gender_and_Age,Disability_Status_class,State,LGA
5dd6668e-a30f-4d22-895d-8ee40533a08e,2023-12-17,Comm._Partner_Registration,Bag01,Female,Female Youth,No disability,Kano,Bagwai
b9bca0a7-27fa-465e-b066-622f6ac8b806,2023-12-17,Comm._Partner_Registration,Bag02,Female,Female Youth,No disability,Kano,Bagwai
ba72a40d-29cb-4189-8250-cb022ef3dc11,2023-12-17,Comm._Partner_Registration,Bag03,Male,Male Youth,No disability,Kano,Bagwai
3009aeed-683f-42db-8dca-c87b6eb89442,2023-12-17,Comm._Partner_Registration,Bag04,Male,Male Youth,No disability,Kano,Bagwai
e6e30711-cecb-46bf-a32f-44f497b851dd,2023-12-17,Comm._Partner_Registration,Bag05,Male,Male Youth,No disability,Kano,Bagwai
f486a838-930d-4da1-9dcc-2b8d821609c7,2023-11-23,Comm._Partner_Registration,Aba01,Female,Female Youth,No disability,FCT,Abaji_Area_Council
529a011b-acc3-4957-a1f2-0fa7196abc76,2023-12-18,"Group_formation,_and_dynamics_for_financial_inclusion",Aba01,Female,Female Youth,No disability,FCT,Abaji_Area_Council
736c50c8-d190-4b35-9fd7-e5d1d6cc8145,2023-12-19,GAP_&_crop_management,Aba01,Female,Female Youth,No disability,FCT,Abaji_Area_Council
b5c9e688-6022-46ab-a127-e1e81ed92b4a,2023-11-23,Comm._Partner_Registration,Aba02,Male,Male Youth,No disability,FCT,Abaji_Area_Council
d95c9062-f036-44f9-a0ce-c681b8928e1a,2023-12-18,"Group_formation,_and_dynamics_for_financial_inclusion",Aba02,Male,Male Youth,No disability,FCT,Abaji_Area_Council
83f10310-bda7-4729-9767-fde69758b03d,2023-12-19,GAP_&_crop_management,Aba02,Male,Male Youth,No disability,FCT,Abaji_Area_Council
ee9a836f-74a9-4f9a-9cf9-38a4ba7708bd,2023-11-23,Comm._Partner_Registration,Aba03,Male,Male Youth,No disability,FCT,Abaji_Area_Council
34a7208c-0b8f-4b64-8510-289d629faf9c,2023-12-18,"Group_formation,_and_dynamics_for_financial_inclusion",Aba03,Male,Male Youth,No disability,FCT,Abaji_Area_Council
8c73eb53-0bd5-48fd-8669-72eeb96805e2,2024-01-19,GAP_&_crop_management,Aba03,Male,Male Youth,No disability,FCT,Abaji_Area_Council
4b174ed0-d30c-43d2-a258-0d47d1168363,2023-11-23,Comm._Partner_Registration,Aba04,Female,Female Youth,No disability,FCT,Abaji_Area_Council
9580bfb8-217f-44d7-aaaa-a52108ca3637,2023-12-18,"Group_formation,_and_dynamics_for_financial_inclusion",Aba04,Female,Female Youth,No disability,FCT,Abaji_Area_Council
9b1d8895-0ce7-4b7a-8bb0-235f525ffc0b,2024-01-19,GAP_&_crop_management,Aba04,Female,Female Youth,No disability,FCT,Abaji_Area_Council
506ceb8b-8ee1-4bed-bf40-aa19a4976386,2023-11-23,"Group_formation,_and_dynamics_for_financial_inclusion",Aba05,Male,Male Youth,No disability,FCT,Abaji_Area_Council
c07f54c0-8316-4e26-8ed0-06ef4927bd77,2024-01-19,GAP_&_crop_management,Aba05,Male,Male Youth,No disability,FCT,Abaji_Area_Council
de5487ac-ea61-433b-895d-286803d3efa1,2023-11-23,Comm._Partner_Registration,Gwa17,Male,Male Youth,No disability,FCT,Bwari_Area_Council
e779c883-6365-4c2b-a5da-44f1206858cc,2024-01-18,"Group_formation,_and_dynamics_for_financial_inclusion",Gwa17,Male,Male Youth,No disability,FCT,Bwari_Area_Council
9d258713-b722-4011-b53b-68e158123e65,2023-12-19,GAP_&_crop_management,Gwa17,Male,Male Youth,No disability,FCT,Bwari_Area_Council
3a66d3d1-0611-4d71-b0c9-1da0a706966c,2023-11-23,Comm._Partner_Registration,Gwa18,Male,Male Youth,No disability,FCT,Gwagwalada_Area_Council
8638350c-f93b-4d91-92f8-5cb599865f91,2023-12-18,"Group_formation,_and_dynamics_for_financial_inclusion",Gwa18,Male,Male Youth,No disability,FCT,Gwagwalada_Area_Council
bf151e1a-b7e1-47ea-a5d5-e9706e787815,2023-12-19,GAP_&_crop_management,Gwa18,Male,Male Youth,No disability,FCT,Gwagwalada_Area_Council
b5bfb1d8-54d3-42ac-92c3-aea53caeb94a,2023-11-23,Comm._Partner_Registration,Gwa19,Female,Female Youth,No disability,FCT,Gwagwalada_Area_Council
0d1d364e-aa45-48d9-bea8-b016840f78a8,2023-12-18,"Group_formation,_and_dynamics_for_financial_inclusion",Gwa19,Female,Female Youth,No disability,FCT,Gwagwalada_Area_Council
de5d98ee-9354-4c2e-a53d-8d82bf52d2e4,2023-12-19,GAP_&_crop_management,Gwa19,Female,Female Youth,No disability,FCT,Gwagwalada_Area_Council
fdab8004-8036-4598-93d0-848da1578855,2023-11-23,Comm._Partner_Registration,Gwa20,Female,Female Youth,No disability,FCT,Gwagwalada_Area_Council
98bc8a12-19c0-4b17-b392-981a990217e6,2023-12-18,"Group_formation,_and_dynamics_for_financial_inclusion",Gwa20,Female,Female Youth,No disability,FCT,Gwagwalada_Area_Council
803af4d3-1d2d-4a5d-9040-fddcb2376ec6,2023-12-19,GAP_&_crop_management,Gwa20,Female,Female Youth,No disability,FCT,Gwagwalada_Area_Council
d17e3707-226e-41e7-a12a-c526e051efc7,2023-11-23,Comm._Partner_Registration,Gwa21,Male,Male Youth,No disability,FCT,Gwagwalada_Area_Council
81208fa7-45e6-439a-8294-d823bfd99e95,2023-11-18,"Group_formation,_and_dynamics_for_financial_inclusion",Gwa21,Male,Male Youth,No disability,FCT,Gwagwalada_Area_Council
7194771c-a356-42bd-a236-8d1f5a64077a,2023-12-19,GAP_&_crop_management,Gwa21,Male,Male Youth,No disability,FCT,Gwagwalada_Area_Council
4d132a93-7057-4653-a193-2332ebe08e5f,2023-11-23,Comm._Partner_Registration,Gwa22,Female,Female Youth,No disability,FCT,Gwagwalada_Area_Council
d74c0b7d-f922-4e4d-ac10-93231cbe1e34,2023-12-18,"Group_formation,_and_dynamics_for_financial_inclusion",Gwa22,Female,Female Youth,No disability,FCT,Gwagwalada_Area_Council
a06a7541-683e-423f-a4b9-769d42f2d2ae,2023-12-19,GAP_&_crop_management,Gwa22,Female,Female Youth,No disability,FCT,Gwagwalada_Area_Council
04c384f3-1561-4764-9ebb-dfd6298cd41f,2023-11-23,Comm._Partner_Registration,Gwa23,Male,Male Youth,No disability,FCT,Gwagwalada_Area_Council
47fc4661-0328-471c-839b-2f41a1eb03c9,2023-12-18,"Group_formation,_and_dynamics_for_financial_inclusion",Gwa23,Male,Male Youth,No disability,FCT,Gwagwalada_Area_Council
75b0728a-bbe5-4734-a65a-2bdd523c9bdb,2023-12-19,GAP_&_crop_management,Gwa23,Male,Male Youth,No disability,FCT,Gwagwalada_Area_Council
264d9c64-e34f-4304-bffb-a8a1330b62c5,2023-11-23,Comm._Partner_Registration,Gwa24,Male,Male Youth,No disability,FCT,Gwagwalada_Area_Council
134df4b8-325c-4ad1-8c0a-5e684eccf578,2023-12-18,"Group_formation,_and_dynamics_for_financial_inclusion",Gwa24,Male,Male Youth,No disability,FCT,Gwagwalada_Area_Council
4b1b5ffd-0ece-4db9-8f67-03dbbe393acd,2023-12-19,GAP_&_crop_management,Gwa24,Male,Male Youth,No disability,FCT,Gwagwalada_Area_Council
acc102fb-8dd9-4f1f-baf7-8f808b280480,2023-11-23,Comm._Partner_Registration,Gwa25,Female,Female Youth,No disability,FCT,Gwagwalada_Area_Council
0208ba58-c4ff-46e9-867e-afefde558c18,2023-12-18,"Group_formation,_and_dynamics_for_financial_inclusion",Gwa25,Female,Female Youth,No disability,FCT,Gwagwalada_Area_Council
a8157703-afe0-4b41-94a0-ebc15e4a42d0,2023-12-19,GAP_&_crop_management,Gwa25,Female,Female Youth,No disability,FCT,Gwagwalada_Area_Council
6cdd8925-c808-457e-ac18-e9d9d70e5663,2023-11-23,Comm._Partner_Registration,Gwa26,Female,Female Youth,No disability,FCT,Gwagwalada_Area_Council
622a5e1f-7a6a-4e5f-9710-d10847070aa4,2023-12-18,"Group_formation,_and_dynamics_for_financial_inclusion",Gwa26,Female,Female Youth,No disability,FCT,Gwagwalada_Area_Council
06fa55a6-2dc7-4998-a7a2-b3cffc6d7ddf,2023-12-19,GAP_&_crop_management,Gwa26,Female,Female Youth,No disability,FCT,Gwagwalada_Area_Council
e8637d61-7d9f-404c-918f-3247d567a289,2023-11-23,Comm._Partner_Registration,Gwa27,Female,Female Youth,No disability,FCT,Gwagwalada_Area_Council
cf536319-a893-4743-91c7-b2d33f1e9e73,2023-12-18,"Group_formation,_and_dynamics_for_financial_inclusion",Gwa27,Female,Female Youth,No disability,FCT,Gwagwalada_Area_Council
daa9d165-3f44-4032-b9df-d3a7d1328d1b,2023-12-19,GAP_&_crop_management,Gwa27,Female,Female Youth,No disability,FCT,Gwagwalada_Area_Council
6ae8c430-186a-484f-b3a2-79d25b01816b,2023-11-23,Comm._Partner_Registration,Gwa28,Female,Female Youth,No disability,FCT,Gwagwalada_Area_Council
ae2e0b62-1edd-40c1-ba1f-9fb71f3a9a79,2023-12-18,"Group_formation,_and_dynamics_for_financial_inclusion",Gwa28,Female,Female Youth,No disability,FCT,Gwagwalada_Area_Council
ee331c87-5c31-4cd9-89ad-3ab62b8dd905,2023-11-23,Comm._Partner_Registration,Kuj02,Female,Female Youth,No disability,FCT,Kuje_Area_Council
125c6756-2428-4c73-9546-287971193b70,2023-12-17,Comm._Partner_Registration,Bag06,Male,Male Youth,No disability,Kano,Bagwai
2ac51cd9-08dc-4fa7-90c6-5d3036d6ad38,2023-12-18,"Group_formation,_and_dynamics_for_financial_inclusion",Kuj02,Female,Female Youth,No disability,FCT,Kuje_Area_Council
38e5fcb4-3ac1-4578-b383-fa8f069663b5,2023-12-19,GAP_&_crop_management,Kuj02,Female,Female Youth,No disability,FCT,Kuje_Area_Council
442d48eb-eb7f-4f00-9783-fdded049ccec,2023-11-23,Comm._Partner_Registration,Kuj03,Female,Female Youth,No disability,FCT,Kuje_Area_Council
0200ab38-e9f1-49de-bcc2-ef247194a366,2023-12-17,Comm._Partner_Registration,Bag07,Male,Male Youth,No disability,Kano,Bagwai
d27453bd-7254-42a4-a272-509d2632b2ee,2023-12-17,Comm._Partner_Registration,Bag08,Male,Male Youth,No disability,Kano,Bagwai
1dc5c2ce-6a7a-4631-ad0c-f0c2e4dddb8a,2023-12-18,"Group_formation,_and_dynamics_for_financial_inclusion",Kuj03,Female,Female Youth,No disability,FCT,Kuje_Area_Council
1d05d23a-bde2-428f-8f92-e0505da0e997,2023-12-17,Comm._Partner_Registration,Bag09,Male,Male Youth,No disability,Kano,Bagwai
c80b5be2-d2fa-4bc9-9a26-3a98e8e007ce,2023-12-17,Comm._Partner_Registration,Bag10,Male,Male Youth,No disability,Kano,Bagwai
4783733f-9289-4664-86b8-7ce5d7192571,2023-12-17,Comm._Partner_Registration,Bun01,Female,Female Youth,No disability,Kano,Bagwai
9233f10a-0ed6-4c72-82b3-a09e3462398c,2023-12-17,Comm._Partner_Registration,Bun02,Male,Male Youth,No disability,Kano,Bunkure
0d7d59ae-76b6-41a6-89a9-c8b174b30aa1,2023-12-17,Comm._Partner_Registration,Bun03,Male,Male Youth,No disability,Kano,Bunkure
f754d843-b065-42ca-9fc7-ade867ee6873,2023-12-17,Comm._Partner_Registration,Bun04,Male,Male Youth,No disability,Kano,Bunkure
54a54d08-289f-4e2b-b283-3457b7618e46,2023-12-19,GAP_&_crop_management,Kuj03,Female,Female Youth,No disability,FCT,Kuje_Area_Council
520fddd3-08d0-4ba7-a6ca-ff3312e1220b,2023-11-23,Comm._Partner_Registration,Kuj04,Male,Male Youth,No disability,FCT,Kuje_Area_Council
0e780743-aca2-4fa9-bd00-e328db23822c,2023-12-18,"Group_formation,_and_dynamics_for_financial_inclusion",Kuj04,Male,Male Youth,No disability,FCT,Kuje_Area_Council
fd2a36ed-3ea6-40e4-8f81-2ed599b3336e,2023-12-19,GAP_&_crop_management,Kuj04,Male,Male Youth,No disability,FCT,Kuje_Area_Council
4727d88b-e424-41a0-9acd-2d184115b95e,2023-11-23,Comm._Partner_Registration,Kuj05,Female,Female Youth,No disability,FCT,Kuje_Area_Council
792eab6a-85e7-48f9-86b3-89dadf5502c0,2023-12-18,"Group_formation,_and_dynamics_for_financial_inclusion",Kuj05,Female,Female Youth,No disability,FCT,Kuje_Area_Council
5bf86a5c-4834-4836-9e58-0c812aecf450,2023-12-19,GAP_&_crop_management,Kuj05,Female,Female Youth,No disability,FCT,Kuje_Area_Council
8c77c358-8420-4d43-8b3c-bd7d70e18928,2023-11-23,Comm._Partner_Registration,Kuj06,Female,Female Youth,No disability,FCT,Kuje_Area_Council
35a03390-a035-4d16-9c69-7d5d609ec212,2023-12-18,"Group_formation,_and_dynamics_for_financial_inclusion",Kuj06,Female,Female Youth,No disability,FCT,Kuje_Area_Council
73dc92a0-261c-4081-a160-2c7c9a07898f,2023-12-19,GAP_&_crop_management,Kuj06,Female,Female Youth,No disability,FCT,Kuje_Area_Council
1f6cb21f-0e37-43c8-b573-08da5f7f3174,2023-11-23,Comm._Partner_Registration,Kwl08,Male,Male Youth,No disability,FCT,Kwali_Area_Council
5180a925-24fa-4d24-aa73-41d4e50ebba8,2023-12-18,"Group_formation,_and_dynamics_for_financial_inclusion",Kwl08,Male,Male Youth,No disability,FCT,Kwali_Area_Council
4801b626-232b-4d7b-9789-585d4a753224,2023-12-19,GAP_&_crop_management,Kwl08,Male,Male Youth,No disability,FCT,Kwali_Area_Council
754829ee-df04-45fc-8848-d7a8a0471d41,2023-11-23,Comm._Partner_Registration,Kwl09,Female,Female Youth,No disability,FCT,Kwali_Area_Council
65a0760a-aa32-478e-85d4-d114100c0259,2023-12-19,GAP_&_crop_management,Kwl09,Female,Female Youth,No disability,FCT,Kwali_Area_Council
5f56166e-fa75-44bc-97e8-f13223e11156,2023-11-23,Comm._Partner_Registration,Kwl10,Male,Male Youth,No disability,FCT,Kwali_Area_Council
f1348f36-d200-47ca-bffc-33537e9f65f1,2023-12-18,"Group_formation,_and_dynamics_for_financial_inclusion",Kwl10,Male,Male Youth,No disability,FCT,Kwali_Area_Council
cd3e51fa-e1ea-49c9-92a9-822fc47bc400,2023-12-19,GAP_&_crop_management,Kwl10,Male,Male Youth,No disability,FCT,Kwali_Area_Council
a8464be5-42af-4124-956d-206df47cfda6,2023-11-23,Comm._Partner_Registration,Kwl11,Female,Female Youth,No disability,FCT,Kwali_Area_Council
9f0710c3-83d4-4622-993e-c339770681da,2023-12-18,"Group_formation,_and_dynamics_for_financial_inclusion",Kwl11,Female,Female Youth,No disability,FCT,Kwali_Area_Council
21f5f8aa-aeb1-4064-938b-8370a42daad0,2023-12-19,GAP_&_crop_management,Kwl11,Female,Female Youth,No disability,FCT,Kwali_Area_Council
90c7ba02-2068-46d5-8c03-153632877ca5,2023-11-23,Comm._Partner_Registration,Kwl12,Male,Male Youth,No disability,FCT,Kwali_Area_Council
21d11ff9-131b-4aec-9207-01f3f963168b,2023-12-18,"Group_formation,_and_dynamics_for_financial_inclusion",Kwl12,Male,Male Youth,No disability,FCT,Kwali_Area_Council
9c0b2d08-51d4-40d9-85f4-a81ef0b16f22,2023-12-19,GAP_&_crop_management,Kwl12,Male,Male Youth,No disability,FCT,Kwali_Area_Council
e611587b-7c13-4bc9-ade6-3a662d390563,2023-11-23,Comm._Partner_Registration,Kwl13,Female,Female Youth,No disability,FCT,Kwali_Area_Council
3d988b1c-cebf-4f60-9495-1e06dddeeb5a,2023-12-18,"Group_formation,_and_dynamics_for_financial_inclusion",Kwl14,Male,Male Youth,No disability,FCT,Kwali_Area_Council
722a311a-dd3d-4b20-88f8-21a0754e4da3,2023-12-19,GAP_&_crop_management,Kwl14,Male,Male Youth,No disability,FCT,Kwali_Area_Council
3787e882-ca81-4c6c-a9cc-1d699b154036,2023-12-18,Comm._Partner_Registration,Jah84,Male,Male Youth,No disability,Jigawa,Jahun
fa85a84f-d273-4e36-969f-fcc1fd4ca2fc,2023-12-18,Comm._Partner_Registration,Jah39,Male,Male Youth,No disability,Jigawa,Jahun
713a569e-166e-466b-8cc2-09743678ba94,2023-12-18,Comm._Partner_Registration,Jah40,Male,Male Youth,No disability,Jigawa,Jahun
6b5f2760-6956-43f9-9891-a34266ee98ab,2023-12-18,Comm._Partner_Registration,Jah41,Male,Male Youth,No disability,Jigawa,Jahun
a16ff123-badb-4c8f-9f3d-31b70b4d8d33,2023-12-18,Comm._Partner_Registration,Jah42,Male,Male Youth,No disability,Jigawa,Jahun
85f113f6-885f-4c37-82ea-5cb51de9c05a,2023-12-18,Comm._Partner_Registration,Jah43,Male,Male Youth,No disability,Jigawa,Jahun
9b295ee4-beff-4f43-acfd-ec5828b03464,2023-12-19,Comm._Partner_Registration,Akk01,Male,Male Youth,No disability,Gombe,Akko
a074a185-77c5-436a-96f9-703e6988de16,2023-12-18,Comm._Partner_Registration,Jah44,Female,Female Youth,No disability,Jigawa,Jahun
2c265dc1-b0e8-41d3-a661-6967ad7d7c74,2023-12-18,Comm._Partner_Registration,Jah45,Male,Male Youth,No disability,Jigawa,Jahun
eb590cfb-386d-4824-8805-15fbfa085f6e,2023-12-18,Comm._Partner_Registration,Jah46,Female,Female Youth,No disability,Jigawa,Jahun
6fb2e6d0-939e-4059-ae24-31bd1f7bea42,2023-12-19,Comm._Partner_Registration,Akk02,Female,Female Youth,No disability,Gombe,Akko
a2e13d2f-4e30-42c4-a38a-c7543793c8fb,2023-12-18,Comm._Partner_Registration,Jah47,Male,Male Youth,No disability,Jigawa,Jahun
4a2a2592-6a08-4330-aa8a-8097c907e556,2023-12-19,Comm._Partner_Registration,Akk03,Male,Male Youth,No disability,Gombe,Akko
c3c0c81b-e1be-4576-9aae-ce4221c52ad6,2023-12-18,Comm._Partner_Registration,Jah48,Female,Female Youth,No disability,Jigawa,Jahun
221de481-4dbc-49d7-96cb-21c7de5214b3,2023-12-18,Comm._Partner_Registration,Jah49,Male,Male Youth,No disability,Jigawa,Jahun
efd0e1b2-6f74-415e-88be-93e1ff181115,2023-12-18,Comm._Partner_Registration,Jah50,Male,Male Youth,No disability,Jigawa,Jahun
ed7607b4-5021-4c15-85ac-e426517330ca,2023-12-19,Comm._Partner_Registration,Akk04,Female,Female Youth,No disability,Gombe,Akko
64810536-2a8f-401c-bc50-bf9beccdff99,2023-12-19,Comm._Partner_Registration,Akk05,Male,Male Youth,No disability,Gombe,Akko
37a4e034-132b-4988-a029-0f061cec059a,2023-12-18,Comm._Partner_Registration,Jah51,Female,Female Youth,No disability,Jigawa,Jahun
148ad929-bc05-4d13-9b66-ba30eea4d24d,2023-12-19,Comm._Partner_Registration,Akk06,Male,Male Youth,Persons with disability,Gombe,Akko
f88e036d-25fd-4bb2-8928-da96fb954e80,2023-12-18,Comm._Partner_Registration,Jah52,Female,Female Youth,No disability,Jigawa,Jahun
23f951c7-3dd9-4c1b-bbac-883b15593328,2023-12-19,Comm._Partner_Registration,Kal12,Female,Female Youth,No disability,Gombe,Kaltungo
90ba6271-47a9-4941-b5cc-6d780be22269,2023-12-18,Comm._Partner_Registration,Jah53,Male,Male Youth,No disability,Jigawa,Jahun
b12868ca-5c63-4102-8420-69866f133a86,2023-12-19,Comm._Partner_Registration,Kal13,Male,Male Youth,No disability,Gombe,Kaltungo
2130cdc6-6c79-4891-b18b-a407ff312adc,2023-12-19,Comm._Partner_Registration,Ika11,Male,Male Youth,No disability,Kaduna,Ikara
2f7fd3ef-a62f-46d9-929e-db2141938a09,2023-12-18,Comm._Partner_Registration,Jah54,Male,Male Youth,No disability,Jigawa,Jahun
fed3fc82-127e-4567-849f-0796312362c5,2023-12-19,Comm._Partner_Registration,Kal14,Female,Female Youth,No disability,Gombe,Kaltungo
2edf8676-8b4d-4e91-bba3-9fdecc798829,2023-12-19,Comm._Partner_Registration,Ika12,Male,Male Youth,No disability,Kaduna,Ikara
9f0cc326-f83b-44e4-ad23-e90cb9395516,2023-12-19,Comm._Partner_Registration,Kal15,Female,Female Youth,No disability,Gombe,Kaltungo
404a17b7-844c-47ac-b457-2b56a87f64ed,2023-12-18,Comm._Partner_Registration,Jah55,Female,Female Youth,No disability,Jigawa,Jahun
fe0b3620-cb20-4a7d-bb14-f7b871eec196,2023-12-19,Comm._Partner_Registration,Kal16,Male,Male Youth,No disability,Gombe,Kaltungo
2c4e61b8-6326-4416-a75e-3b9e87513598,2023-12-19,Comm._Partner_Registration,Ika13,Male,Male Youth,No disability,Kaduna,Ikara
d4addc80-d3b1-429e-a1a9-c137a5a55d13,2023-12-18,Comm._Partner_Registration,Jah56,Female,Female Youth,No disability,Jigawa,Jahun
a729dddb-5440-44f6-a1e9-769d189c2fd6,2023-12-19,Comm._Partner_Registration,Ika14,Male,Male Youth,No disability,Kaduna,Ikara
57b1455f-2c4c-4c30-b435-39df5aa47702,2023-12-18,Comm._Partner_Registration,Jah57,Female,Female Youth,No disability,Jigawa,Jahun
3f87f82c-f1df-4c8c-8da6-5a43265f346c,2023-12-19,Comm._Partner_Registration,Kal17,Female,Female Youth,No disability,Gombe,Kaltungo
47f11206-969b-478c-9e27-7a8d82ecb745,2023-12-19,Comm._Partner_Registration,Kal18,Female,Female Youth,No disability,Gombe,Kaltungo
9736cba8-4a21-4167-a6b6-89c1c5a6551a,2023-12-19,Comm._Partner_Registration,Ika15,Male,Male Youth,No disability,Kaduna,Ikara
5b0ee866-1d65-411f-acb0-a0e0c2e92f9e,2023-12-18,Comm._Partner_Registration,Jah58,Male,Male Youth,No disability,Jigawa,Jahun
51257263-8352-4a64-9a83-b47e9675105b,2023-12-19,Comm._Partner_Registration,Ika16,Male,Male Youth,No disability,Kaduna,Ikara
c9a6e229-986f-4c01-bff9-2114ad44cb63,2023-12-19,Comm._Partner_Registration,Kal19,Female,Female Youth,No disability,Gombe,Kaltungo
04a3a62a-7721-418b-a69a-20e1f05799ff,2023-12-18,Comm._Partner_Registration,Jah59,Male,Male Youth,No disability,Jigawa,Jahun
e1d898d1-6f03-448e-bb07-b9a5c1e022ee,2023-12-19,Comm._Partner_Registration,Ika17,Male,Male Youth,No disability,Kaduna,Ikara
bcca3182-dbb6-461b-8a1b-069de8f1f84c,2023-12-19,Comm._Partner_Registration,Kwa29,Male,Male Youth,No disability,Gombe,Kwami
b01cc247-bc64-404e-bdd1-69234478e6f5,2023-12-19,Comm._Partner_Registration,Ika18,Male,Male Youth,No disability,Kaduna,Ikara
1dc6879a-d0d3-401e-bf42-a4a8dc3ce20f,2023-12-18,Comm._Partner_Registration,Jah60,Female,Female Youth,No disability,Jigawa,Jahun
53b294f4-2e0e-4006-8950-8f42b5832e58,2023-12-19,Comm._Partner_Registration,Sha01,Male,Male Youth,No disability,Gombe,Shongom
1b70dc50-7e62-42d8-8cc8-6f6a4647d51d,2023-12-19,Comm._Partner_Registration,Sha02,Male,Male Youth,No disability,Gombe,Shongom
853f699e-eabe-446a-84dc-aead5f363796,2023-12-19,Comm._Partner_Registration,Ika19,Male,Male Youth,No disability,Kaduna,Ikara
c6c5bd30-d984-4e27-b879-136c21547def,2023-12-18,Comm._Partner_Registration,Jah61,Male,Male Youth,No disability,Jigawa,Jahun
543254de-9419-413b-8fe7-bbab09a5d41a,2023-12-19,Comm._Partner_Registration,Sha03,Female,Female Youth,No disability,Gombe,Shongom
1883afe7-b05e-45ef-9599-938b4941f2e1,2023-12-19,Comm._Partner_Registration,Ika20,Male,Male Youth,No disability,Kaduna,Ikara
cdc85a92-5bdb-41b7-98b3-d070170da720,2023-12-18,Comm._Partner_Registration,Jah62,Female,Female Youth,No disability,Jigawa,Jahun
14bd21a1-6721-4d3f-bc3c-de595a70b913,2023-12-19,Comm._Partner_Registration,Ika21,Male,Male Youth,No disability,Kaduna,Ikara
65ae3c0c-433b-4f65-84ce-3867ae342ca1,2023-12-19,Comm._Partner_Registration,Ika22,Male,Male Youth,No disability,Kaduna,Ikara
5932a914-6463-42f1-8000-24033e242f81,2023-12-18,Comm._Partner_Registration,Jah63,Male,Male Youth,No disability,Jigawa,Jahun
373232ed-72aa-4701-8ed0-5f632cfc2f4c,2023-12-19,Comm._Partner_Registration,Ika23,Female,Female Youth,No disability,Kaduna,Ikara
8bff061e-afd5-465d-95fa-13e2747daf63,2023-12-19,Comm._Partner_Registration,Ika24,Female,Female Youth,No disability,Kaduna,Ikara
8a5685d4-bf98-4cd9-a30e-76266a8889e6,2023-12-18,Comm._Partner_Registration,Jah64,Male,Male Youth,No disability,Jigawa,Jahun
54657758-8435-4f22-b574-2d14851d5299,2023-12-19,Comm._Partner_Registration,Ika25,Female,Female Youth,No disability,Kaduna,Ikara
cab057a2-2309-4735-9517-8f1790988f67,2023-12-19,Comm._Partner_Registration,Sha04,Female,Female Youth,No disability,Gombe,Shongom
7a8e5bd1-99c5-4bbd-9dc1-cef59aa5c204,2023-12-19,Comm._Partner_Registration,Ika26,Female,Female Youth,No disability,Kaduna,Ikara
09590c27-2fee-4cef-83cb-07d12a4147d2,2023-12-18,Comm._Partner_Registration,Jah65,Male,Male Youth,No disability,Jigawa,Jahun
90730de6-a102-4814-b052-5329918f5de6,2023-12-18,Comm._Partner_Registration,Jah66,Male,Male Youth,No disability,Jigawa,Jahun
25b0c534-3250-440b-bb06-308cb12a5346,2023-12-19,Comm._Partner_Registration,Ika27,Female,Female Youth,No disability,Kaduna,Ikara
b9b10814-9d3a-4587-8923-93f72050a2b4,2023-12-19,Comm._Partner_Registration,Sha05,Female,Female Youth,No disability,Gombe,Shongom
88f7b9c4-c4ff-4a5c-8b5b-495023063844,2023-12-19,Comm._Partner_Registration,Ika28,Female,Female Youth,No disability,Kaduna,Ikara
35ebe40e-bbaa-45e3-8f10-5f5401aeec9e,2023-12-19,Comm._Partner_Registration,Sha06,Male,Male Youth,No disability,Gombe,Shongom
e5544d75-4746-4e5f-af05-d62c88d5e927,2023-12-18,Comm._Partner_Registration,Jah67,Male,Male Youth,No disability,Jigawa,Jahun
22796bea-c665-44c9-b192-4d930f8c407f,2023-12-19,Comm._Partner_Registration,Ika29,Female,Female Youth,No disability,Kaduna,Ikara
29af2e94-71d6-4b9c-99d1-c2131cf84376,2023-12-18,Comm._Partner_Registration,Jah68,Male,Male Youth,No disability,Jigawa,Jahun
594a19c9-9c32-4ccf-b2bf-0decfa413bf2,2023-12-19,Comm._Partner_Registration,Ika30,Female,Female Youth,No disability,Kaduna,Ikara
ed434bbe-bb0b-4439-a30b-29346753c574,2023-12-18,Comm._Partner_Registration,Jah69,Male,Male Youth,No disability,Jigawa,Jahun
4274e9e7-cdf5-45b1-a02f-d4090a02ce2b,2023-12-19,Comm._Partner_Registration,Alk01,Male,Male Youth,No disability,Bauchi,Alkaleri
b01ce4fa-a190-4320-84dd-f3dc24afd767,2023-12-19,Comm._Partner_Registration,Ika31,Male,Male Youth,No disability,Kaduna,Ikara
3bdc5b37-4843-4939-9d87-4712f6d642fe,2023-12-19,Comm._Partner_Registration,Ika32,Male,Male Youth,No disability,Kaduna,Ikara
99eac73d-f5c5-456e-8357-5df2353d0073,2023-12-18,Comm._Partner_Registration,Jah70,Male,Male Youth,No disability,Jigawa,Jahun
a76dde90-a334-4ea5-a106-8f85e7e2508e,2023-12-19,Comm._Partner_Registration,Alk02,Male,Male Youth,No disability,Bauchi,Alkaleri
9c442488-85ff-4e94-bdb8-5169cfc14f7c,2023-12-19,Comm._Partner_Registration,Ika33,Female,Female Youth,No disability,Kaduna,Ikara
4e36c4f6-0053-475a-9c4d-2dca7b364e18,2023-12-18,Comm._Partner_Registration,Jah71,Male,Male Youth,No disability,Jigawa,Jahun
8f840183-be79-4efc-b204-1dd0961bfdae,2023-12-19,Comm._Partner_Registration,Alk03,Female,Female Youth,No disability,Bauchi,Alkaleri
9a280373-3e95-4e72-98e5-b3cc0858dbde,2023-12-19,Comm._Partner_Registration,Ika34,Female,Female Youth,No disability,Kaduna,Ikara
60bf43a0-f9ef-412d-9a2f-098002346bea,2023-12-18,Comm._Partner_Registration,Jah72,Male,Male Youth,No disability,Jigawa,Jahun
7a928913-8430-4965-b664-9bc880374744,2023-12-19,Comm._Partner_Registration,Ika36,Male,Male Youth,No disability,Kaduna,Ikara
4fea041a-d3c3-4557-b75f-c0e08a3f41b4,2023-12-19,Comm._Partner_Registration,Bau09,Female,Female Youth,No disability,Bauchi,Bauchi
72d2509a-8bf3-4507-a7ca-1473d5263787,2023-12-18,Comm._Partner_Registration,Jah73,Male,Male Youth,No disability,Jigawa,Jahun
58b1fb32-2c40-4f6c-a927-c6cf1b6a1960,2023-12-19,Comm._Partner_Registration,Bau10,Male,Male Youth,No disability,Bauchi,Bauchi
87975b29-c156-4834-afef-228804cb0507,2023-12-18,Comm._Partner_Registration,Jah74,Male,Male Youth,No disability,Jigawa,Jahun
9835b23b-97ea-4139-882b-085d66205acf,2023-12-19,Comm._Partner_Registration,Bau11,Female,Female Youth,No disability,Bauchi,Bauchi
69b28902-9708-425b-af36-debf40c86b56,2023-12-18,Comm._Partner_Registration,Jah75,Male,Male Youth,No disability,Jigawa,Jahun
2852ad35-f359-4c01-8340-df54bc7f0e0d,2023-12-19,Comm._Partner_Registration,Bau12,Male,Male Youth,No disability,Bauchi,Bauchi
52f98dcc-e54c-4c5f-993f-eb84e17a2407,2023-12-18,Comm._Partner_Registration,Jah76,Male,Male Youth,No disability,Jigawa,Jahun
34bc986f-f25d-496c-a829-43e2d239a008,2023-12-19,Comm._Partner_Registration,Bau13,Male,Male Youth,No disability,Bauchi,Bauchi
704d904d-4566-46bf-a8a7-896461f6d9f0,2023-12-19,Comm._Partner_Registration,Bau14,Female,Female Youth,No disability,Bauchi,Bauchi
e7db0aa2-c27e-4751-a0b1-fd221f2a99cc,2023-12-18,Comm._Partner_Registration,Jah77,Male,Male Youth,No disability,Jigawa,Jahun
26747996-0160-4751-90bd-6499d13445f1,2023-12-19,Comm._Partner_Registration,Ika35,Male,Male Youth,No disability,Kaduna,Ikara
dab48297-b53f-48d0-8294-2c4dae4a5121,2023-12-19,Comm._Partner_Registration,Bau15,Male,Male Youth,No disability,Bauchi,Bauchi
d1c2e0e5-79e4-4623-b10e-47131aa4a2df,2023-12-18,Comm._Partner_Registration,Jah78,Male,Male Youth,No disability,Jigawa,Jahun
cd010d4b-6965-471c-b2e4-cad52b111225,2023-12-19,Comm._Partner_Registration,Bau16,Male,Male Youth,No disability,Bauchi,Bauchi
8feab54d-ca04-4041-b535-cc567dea3755,2023-12-19,Comm._Partner_Registration,Das07,Male,Male Youth,No disability,Bauchi,Dass
d91ed309-8960-4f7c-bdc3-5b48137d1ac2,2023-12-18,Comm._Partner_Registration,Jah79,Female,Female Youth,No disability,Jigawa,Jahun
3c97e898-edf5-401d-9a59-8e4e18fe92f0,2023-12-19,Comm._Partner_Registration,Das08,Male,Male Youth,No disability,Bauchi,Dass
2ddb4402-8b38-4414-9c64-c4411109ec39,2023-12-19,Comm._Partner_Registration,Das09,Male,Male Youth,No disability,Bauchi,Dass
9d88a854-412d-44ea-8f8f-e629b68c2e49,2023-12-18,Comm._Partner_Registration,Jah80,Female,Female Youth,No disability,Jigawa,Jahun
9227e8cb-07d5-478d-8117-d5eeb2dfec1b,2023-12-19,Comm._Partner_Registration,Das10,Female,Female Youth,No disability,Bauchi,Dass
afd5e2c8-e726-4664-9993-cdd9040ab98d,2023-12-18,Comm._Partner_Registration,Jah81,Female,Female Youth,No disability,Jigawa,Jahun
877db3a6-abb1-45f6-97e8-7363a00a580f,2023-12-18,Comm._Partner_Registration,Jah82,Male,Male Youth,No disability,Jigawa,Jahun
01c13e5e-bf77-4db5-ba88-3978adcd5502,2023-12-19,Comm._Partner_Registration,Gan08,Female,Female Youth,No disability,Bauchi,Ganjuwa
2ae0784a-261b-4224-bbe6-2851ea52abe9,2023-12-19,Comm._Partner_Registration,Gan09,Male,Male Youth,No disability,Bauchi,Ganjuwa
429d0a1a-98cc-43d6-92f3-0100ad53f70f,2023-12-18,Comm._Partner_Registration,Jah83,Male,Male Youth,No disability,Jigawa,Jahun
99105c0a-90ee-4a1a-9a9b-a53223f42703,2023-12-19,Comm._Partner_Registration,Gan10,Male,Male Youth,No disability,Bauchi,Ganjuwa
40f3336a-ec5e-4194-918d-91a362db81ad,2023-12-19,Comm._Partner_Registration,Gan11,Female,Female Youth,No disability,Bauchi,Ganjuwa
a3c884a5-31de-4d03-8f3a-b36c3410961c,2023-12-18,Comm._Partner_Registration,Tau28,Male,Male Youth,No disability,Jigawa,Taura
a7741c72-bdbe-4701-9b51-6114e61f2dd2,2023-12-19,Comm._Partner_Registration,Nin14,Female,Female Youth,No disability,Bauchi,Ningi
1230f92f-384e-445e-9036-75ef3765aebf,2023-12-18,Comm._Partner_Registration,Tau29,Male,Male Youth,No disability,Jigawa,Taura
adc8d04f-54c6-48f6-9de9-63cba69d19c0,2023-12-19,Comm._Partner_Registration,Nin15,Female,Female Youth,No disability,Bauchi,Ningi
c378b487-b552-4cf0-a712-8e03644e395d,2023-12-18,Comm._Partner_Registration,Tau19,Female,Female Youth,No disability,Jigawa,Taura
a21a966c-e2f2-42da-90f5-7e79f1d2a197,2023-12-19,Comm._Partner_Registration,Nin16,Male,Male Youth,No disability,Bauchi,Ningi
05f3becc-1a82-4526-85e1-c9bdedc90a7e,2023-12-18,Comm._Partner_Registration,Tau20,Male,Male Youth,No disability,Jigawa,Taura
6e389454-dbac-4033-a5f1-0e3bdede3667,2023-12-19,Comm._Partner_Registration,Nin17,Male,Male Youth,No disability,Bauchi,Ningi
98357f3b-07e1-410f-86b7-da0030dc176b,2023-12-19,Comm._Partner_Registration,Taf02,Female,Female Youth,No disability,Bauchi,Tafawa_Balewa
7e225c5f-7e85-4e3a-8453-7930d42f9e84,2023-12-19,Comm._Partner_Registration,Taf03,Male,Male Youth,No disability,Bauchi,Tafawa_Balewa
dc67d2b8-8992-4bad-ad4e-61d57116cb83,2023-12-19,Comm._Partner_Registration,Taf04,Male,Male Youth,No disability,Bauchi,Tafawa_Balewa
dabe7a83-58ff-4cca-b7df-9bbc813ac738,2023-12-18,Comm._Partner_Registration,Tau21,Male,Male Youth,No disability,Jigawa,Taura
acd467bb-12e0-4afe-8151-022b43f2dcb8,2023-12-19,Comm._Partner_Registration,Taf05,Male,Male Youth,No disability,Bauchi,Tafawa_Balewa
ad01574f-a055-4d17-a6c0-24d2e8e220e9,2023-12-19,Comm._Partner_Registration,Tor02,Male,Male Youth,No disability,Bauchi,Toro
28d040b6-de99-476d-bd7c-961a8eb75122,2023-12-18,Comm._Partner_Registration,Tau22,Male,Male Youth,No disability,Jigawa,Taura
baadf0da-cff9-4d11-b9a0-96b766158c19,2023-12-19,Comm._Partner_Registration,Tor03,Male,Male Youth,No disability,Bauchi,Toro
8c3e5af5-d5e3-456b-bb19-e592717812c5,2023-12-18,Comm._Partner_Registration,Tau23,Male,Male Youth,No disability,Jigawa,Taura
d084720a-6a7a-4448-b3e9-12469fd98a12,2023-12-19,Comm._Partner_Registration,Tor04,Female,Female Youth,No disability,Bauchi,Toro
97e1d2b8-c33b-454e-9fb4-6d88eb06eb9c,2023-12-19,Comm._Partner_Registration,Tor05,Male,Male Youth,No disability,Bauchi,Toro
1785fe7b-4e9a-46f3-96a5-9a90692aa080,2023-12-18,Comm._Partner_Registration,Tau24,Female,Female Youth,No disability,Jigawa,Taura
25b6041e-1de4-4b55-8a1b-c76b38f2b5aa,2023-12-19,Comm._Partner_Registration,War03,Male,Male Youth,No disability,Bauchi,Warji
7189213c-a0d0-4e54-8027-94b39e16e1ed,2023-12-18,Comm._Partner_Registration,Tau25,Male,Male Youth,No disability,Jigawa,Taura
f7bf0a3e-0a95-4d57-9dc3-3a622f2b7e02,2023-12-19,Comm._Partner_Registration,War04,Male,Male Youth,No disability,Bauchi,Warji
6b7aca24-41b3-4d38-988d-ecf7fd27d16f,2023-12-19,Comm._Partner_Registration,War05,Female,Female Youth,No disability,Bauchi,Warji
bbb19b88-e78a-4c05-b262-006bc481ca2c,2023-12-18,Comm._Partner_Registration,Tau26,Female,Female Youth,No disability,Jigawa,Taura
6ef828a5-ad62-4cdf-912e-580626024bba,2023-12-18,Comm._Partner_Registration,Rin11,Male,Male Youth,No disability,Jigawa,Ringim
bec3e889-afe9-4fb4-b36f-6c1fb15b4cd3,2023-12-18,Comm._Partner_Registration,Rin12,Male,Male Youth,No disability,Jigawa,Ringim
b042ebb1-2440-4fd2-a5f1-5d58f7fc5673,2023-12-18,Comm._Partner_Registration,Rin13,Male,Male Youth,No disability,Jigawa,Ringim
4c512dbe-85b4-4690-bb79-5e5840c004e5,2023-12-18,Comm._Partner_Registration,Jah14,Male,Male Youth,No disability,Jigawa,Ringim
393c08c7-dc87-40e4-b4a5-11c62a375cbe,2023-12-18,Comm._Partner_Registration,Rin15,Male,Male Youth,No disability,Jigawa,Ringim
65bfb818-edea-4d4f-b597-1e7ed62c7eec,2023-12-18,Comm._Partner_Registration,Rin16,Male,Male Youth,No disability,Jigawa,Ringim
b573d47d-f556-406b-a890-e6d47eec8fdc,2023-12-18,Comm._Partner_Registration,Rin17,Male,Male Youth,No disability,Jigawa,Ringim
aa35f5da-ad86-48b3-a20a-1a3c4915926d,2023-12-18,Comm._Partner_Registration,Rin18,Female,Female Youth,No disability,Jigawa,Ringim
f321c546-73b8-48ac-8169-14a3bbd6f4d4,2023-12-18,Comm._Partner_Registration,Rin19,Female,Female Youth,No disability,Jigawa,Ringim
83b1cf44-fe06-48b9-8f72-7c508c2b3ef4,2023-12-18,Comm._Partner_Registration,Rin20,Female,Female Youth,No disability,Jigawa,Ringim
0836dd86-0321-4f36-94a6-5ff31a248600,2024-01-18,Comm._Partner_Registration,Rin21,Female,Female Youth,No disability,Jigawa,Ringim
0f4701ce-8cb7-4127-a51b-7ca3700146fc,2023-12-18,Comm._Partner_Registration,Rin22,Female,Female Youth,No disability,Jigawa,Ringim
42ae670c-1ed2-49f8-8aec-2a0e377f4fc5,2023-12-18,Comm._Partner_Registration,Rin23,Female,Female Youth,No disability,Jigawa,Ringim
f6aef707-c738-4072-b784-d8c8644f8cab,2023-12-18,Comm._Partner_Registration,Rin24,Female,Female Youth,No disability,Jigawa,Ringim
0c50c480-3d60-4628-8b9f-2faf0ef845b4,2023-12-18,Comm._Partner_Registration,Rin25,Male,Male Youth,No disability,Jigawa,Ringim
671fe431-90f2-4bf2-8282-b6dbd3f66738,2023-12-18,Comm._Partner_Registration,Rin26,Male,Male Youth,No disability,Jigawa,Ringim
ca15e094-8ec2-433a-af53-a5a69d3fcb42,2023-12-18,Comm._Partner_Registration,Rin27,Male,Male Youth,No disability,Jigawa,Ringim
2ac8871a-0da9-4306-bcda-27f093c4a733,2023-12-18,Comm._Partner_Registration,Rin28,Male,Male Youth,No disability,Jigawa,Ringim
fe9b46a5-9d3e-48cb-8964-ec600eeb9e62,2023-12-17,Comm._Partner_Registration,Bun05,Male,Male Youth,No disability,Kano,Bunkure
8e823925-7c07-461b-960c-626eb52bec5c,2023-12-17,Comm._Partner_Registration,Rig02,Female,Female Youth,No disability,Kano,Rimi_Gado
3679cd65-ccc6-4649-a98b-959621a03a16,2023-12-17,Comm._Partner_Registration,Bun06,Female,Female Youth,No disability,Kano,Bunkure
1fa9fe70-6429-4e99-a54b-a175b39cdbec,2023-12-17,Comm._Partner_Registration,Rig03,Female,Female Youth,No disability,Kano,Rimi_Gado
02ce78cf-de27-48d7-8dfe-759ddf87d174,2023-12-17,Comm._Partner_Registration,Rig04,Female,Female Youth,No disability,Kano,Rimi_Gado
67602418-1562-439a-a3ab-da4c14c81a9a,2023-12-17,Comm._Partner_Registration,Bun07,Female,Female Youth,No disability,Kano,Bunkure
b1acb5c0-d874-4d06-9fb5-7189aa5b641d,2023-12-17,Comm._Partner_Registration,Rig05,Female,Female Youth,No disability,Kano,Rimi_Gado
ea45b996-545a-418f-960e-23295c20ed44,2023-12-17,Comm._Partner_Registration,Rig06,Female,Female Youth,No disability,Kano,Rimi_Gado
713e2c51-2cde-4232-bb85-a93088b67af3,2023-12-17,Comm._Partner_Registration,Rig07,Female,Female Youth,No disability,Kano,Rimi_Gado
c3c09232-2d3b-4cfa-a4c5-634a0084072a,2023-12-17,Comm._Partner_Registration,Bun08,Female,Female Youth,No disability,Kano,Bunkure
53bb7a06-d901-4db8-a41f-25b27302b7d4,2023-12-17,Comm._Partner_Registration,Rig08,Male,Male Youth,No disability,Kano,Rimi_Gado
bd941b30-988f-472d-88f0-4251c0b63ea2,2023-12-17,Comm._Partner_Registration,Rig09,Male,Male Youth,No disability,Kano,Rimi_Gado
bc59903d-1349-49b8-b811-53ba34faddaa,2023-12-17,Comm._Partner_Registration,Rig10,Male,Male Youth,No disability,Kano,Rimi_Gado
de0a5810-055d-4c13-ab2b-7e6a13b2edc6,2023-12-17,Comm._Partner_Registration,Bun09,Female,Female Youth,No disability,Kano,Bunkure
6cb9218a-9f68-4e68-a988-2b9e84c65e9c,2023-12-17,Comm._Partner_Registration,Rig11,Male,Male Youth,No disability,Kano,Rimi_Gado
6df982b3-f23b-477f-ae0f-dfaf816594b0,2023-12-17,Comm._Partner_Registration,Rig12,Male,Male Youth,No disability,Kano,Rimi_Gado
674cc0a8-070b-4af4-a282-bcdf6707e69c,2023-12-17,Comm._Partner_Registration,Bun10,Female,Female Youth,No disability,Kano,Bunkure
09c1a18b-0450-4bea-9a8c-55a213f4ce27,2023-12-17,Comm._Partner_Registration,Rig13,Male,Male Youth,No disability,Kano,Rogo
75070cd9-ac63-44d0-b715-d727c7cb2520,2023-12-17,Comm._Partner_Registration,Bun11,Female,Female Youth,No disability,Kano,Bunkure
b6cbd866-8b88-45ae-a7b4-f20f006135a0,2023-12-17,Comm._Partner_Registration,Rig14,Male,Male Youth,No disability,Kano,Rimi_Gado
4f8d9171-5fa5-4593-b9b4-d9cbfa0ad154,2023-12-17,Comm._Partner_Registration,Rig15,Male,Male Youth,No disability,Kano,Rimi_Gado
d4185eb7-7e7b-45af-8181-3d619a5f5d01,2023-12-17,Comm._Partner_Registration,Rig16,Male,Male Youth,No disability,Kano,Rimi_Gado
8275a607-036c-47b3-89ae-c5ff2c04d995,2023-12-17,Comm._Partner_Registration,Rig17,Male,Male Youth,No disability,Kano,Rimi_Gado
e320e024-3012-4cdc-a7c6-6b105d26d761,2023-12-17,Comm._Partner_Registration,Tun01,Female,Female Youth,No disability,Kano,Tudun_Wada
29b36a5d-a946-4bd7-9ee7-552e54fb14d6,2023-12-17,Comm._Partner_Registration,Tun02,Female,Female Youth,No disability,Kano,Tudun_Wada
e3e79313-7869-4b20-863b-38dfd4de5d6a,2023-12-17,Comm._Partner_Registration,Tun03,Female,Female Youth,No disability,Kano,Tudun_Wada
7940c7e7-febe-40cc-ac9b-a49fc13057e6,2023-12-17,Comm._Partner_Registration,Tun04,Female,Female Youth,No disability,Kano,Tudun_Wada
847de588-73e2-4345-88c0-80875876ab54,2023-12-17,Comm._Partner_Registration,Tun05,Female,Female Youth,No disability,Kano,Tudun_Wada
823e4330-c558-43e9-bab4-4903aaf00a36,2023-12-17,Comm._Partner_Registration,Tun06,Female,Female Youth,No disability,Kano,Tudun_Wada
110af820-3fad-4075-9227-cb351da0fb95,2023-12-17,Comm._Partner_Registration,Tun07,Female,Female Youth,No disability,Kano,Tudun_Wada
7eb3f2a3-3015-4f69-af7c-d5017449c78d,2023-12-17,Comm._Partner_Registration,Tun08,Female,Female Youth,No disability,Kano,Tudun_Wada
a3182442-43fe-4013-b290-a7d856d45a78,2023-12-17,Comm._Partner_Registration,Tun09,Female,Female Youth,No disability,Kano,Tudun_Wada
bdc3e978-f5f9-462a-973a-a443395cce74,2023-12-17,Comm._Partner_Registration,Tun10,Female,Female Youth,No disability,Kano,Tudun_Wada
fbf9cae9-ac1a-4c12-afa5-414993aae14d,2023-12-17,Comm._Partner_Registration,Tun11,Female,Female Youth,No disability,Kano,Tudun_Wada
91f9a21f-396a-4773-88cf-75b094ca0a8f,2023-12-17,Comm._Partner_Registration,Tun12,Female,Female Youth,No disability,Kano,Tudun_Wada
6976f182-4d4a-4a2a-86b2-af41e87706d4,2023-12-17,Comm._Partner_Registration,Tun13,Male,Male Youth,No disability,Kano,Tudun_Wada
46121cf2-057b-45b8-a771-5a6efcd4a4ec,2023-12-17,Comm._Partner_Registration,Tun15,Male,Male Youth,No disability,Kano,Tudun_Wada
e8db6055-a149-4a68-a119-0b3d31eaed8c,2023-12-17,Comm._Partner_Registration,Tun16,Male,Male Youth,No disability,Kano,Tudun_Wada
bfce92e8-ee99-4cb3-91a4-2a820b4ac0c1,2023-12-17,Comm._Partner_Registration,Bun12,Female,Female Youth,No disability,Kano,Bunkure
f4520cc1-2d75-4325-8101-3a1c5d4cecb4,2023-12-17,Comm._Partner_Registration,Bun13,Female,Female Youth,No disability,Kano,Bunkure
3889c2d2-dc69-47d1-bc07-dd9a7eebbbcc,2023-12-17,Comm._Partner_Registration,Bun14,Female,Female Youth,No disability,Kano,Bunkure
98b22345-aee4-4186-8113-9b4b658e25b0,2023-12-17,Comm._Partner_Registration,Bun15,Male,Male Youth,No disability,Kano,Bunkure
d0e2ead8-aad3-42f1-9ff6-4af89fd1f04c,2023-12-17,Comm._Partner_Registration,Bun16,Male,Male Youth,No disability,Kano,Bunkure
7a0d90c2-aacf-4a5a-a1de-8986329a677f,2023-12-17,Comm._Partner_Registration,Bun17,Male,Male Youth,No disability,Kano,Bunkure
45693a4e-7cba-46cd-b691-b884c163306c,2023-12-17,Comm._Partner_Registration,Bun18,Male,Male Youth,No disability,Kano,Bunkure
43e4a9f1-6838-414b-b6a0-dc39435431e6,2023-12-17,Comm._Partner_Registration,Bun19,Male,Male Youth,No disability,Kano,Bunkure
c01d4a68-abe5-43f3-b7a3-049a89fd4432,2023-12-17,Comm._Partner_Registration,Bun20,Male,Male Youth,No disability,Kano,Bunkure
4bb78e7a-546c-467f-9ee9-685cc5951c7b,2023-12-17,Comm._Partner_Registration,Bun21,Male,Male Youth,No disability,Kano,Bunkure
7d003e66-d0d1-418d-a221-5e7647ee3385,2023-12-17,Comm._Partner_Registration,Gmm70,Male,Male Youth,No disability,Kano,Garum_Mallam
cd182ceb-d047-4da1-8a1e-2ec260b34557,2023-12-17,Comm._Partner_Registration,Gmm48,Female,Female Youth,No disability,Kano,Garum_Mallam
0707f23b-cc84-4067-a98e-c48c94bac57f,2023-12-17,Comm._Partner_Registration,Gmm49,Male,Male Youth,No disability,Kano,Garum_Mallam
e4865019-e23c-4a94-9390-c85879e48eb3,2023-12-17,Comm._Partner_Registration,Gmm50,Male,Male Youth,No disability,Kano,Garum_Mallam
71c59d51-68f2-4c1c-9591-06ad0a462c85,2023-12-17,Comm._Partner_Registration,Gmm51,Male,Male Youth,No disability,Kano,Garum_Mallam
dcae6f8b-bd77-4b5e-a68e-76d23e73ef1a,2023-12-17,Comm._Partner_Registration,Gmm52,Male,Male Youth,No disability,Kano,Garum_Mallam
92b0a4e2-5b02-44ff-b339-f099a18d6957,2023-12-17,Comm._Partner_Registration,Gmm54,Female,Female Youth,No disability,Kano,Garum_Mallam
c18634b3-88fb-4dfc-8d95-113125105d07,2023-12-17,Comm._Partner_Registration,Gmm55,Male,Male Youth,No disability,Kano,Garum_Mallam
5d8024c3-6d48-4206-b1c6-48f0de3dd312,2023-12-17,Comm._Partner_Registration,Gmm53,Male,Male Youth,No disability,Kano,Garum_Mallam
7218170f-7dd9-4db3-a631-b0579d46d0ad,2023-12-17,Comm._Partner_Registration,Gmm56,Female,Female Youth,No disability,Kano,Garum_Mallam
77b39a0b-4198-439c-afd6-5f3c2dbd8803,2023-12-17,Comm._Partner_Registration,Gmm57,Female,Female Youth,No disability,Kano,Garum_Mallam
a2261a06-ee13-482c-aa74-de949baf9d02,2023-12-17,Comm._Partner_Registration,Gmm58,Female,Female Youth,No disability,Kano,Garum_Mallam
f0b6bd00-86f8-4a5a-877c-8d1c54200412,2023-12-17,Comm._Partner_Registration,Gmm59,Female,Female Youth,No disability,Kano,Garum_Mallam
e88756a7-02a8-4f84-9e9c-3bf7d5d5ec74,2023-12-17,Comm._Partner_Registration,Gmm61,Male,Male Youth,No disability,Kano,Garum_Mallam
ed1b281a-f27c-45c0-95b3-3c6e26c58e75,2023-12-17,Comm._Partner_Registration,Gmm62,Male,Male Youth,No disability,Kano,Garum_Mallam
1a2ffab2-7c2a-4b39-ac4f-e609813bebe1,2023-12-17,Comm._Partner_Registration,Gmm63,Male,Male Youth,No disability,Kano,Garum_Mallam
960708f0-e1e6-405f-9dca-e0177a93053f,2023-12-17,Comm._Partner_Registration,Gmm64,Male,Male Youth,No disability,Kano,Garum_Mallam
3aa6107f-230f-4cfb-b67f-d1c258008623,2023-12-17,Comm._Partner_Registration,Gmm65,Male,Male Youth,No disability,Kano,Garum_Mallam
83c23497-c0ca-484e-b79a-0f6787d53b50,2023-12-17,Comm._Partner_Registration,Gmm66,Male,Male Youth,No disability,Kano,Garum_Mallam
9d1193f5-d68f-4e67-813a-72e53bbe37d4,2023-12-17,Comm._Partner_Registration,Gmm67,Male,Male Youth,No disability,Kano,Garum_Mallam
345b6c77-60b3-4f9c-98c5-ef876cbf1686,2023-12-17,Comm._Partner_Registration,Gmm68,Male,Male Youth,No disability,Kano,Garum_Mallam
e0c844ac-2423-4b8b-a9ac-2fec0ebc195a,2023-12-17,Comm._Partner_Registration,Gmm69,Male,Male Youth,No disability,Kano,Garum_Mallam
0de09224-4b1f-4320-89c3-97b6b95e079a,2023-12-17,Comm._Partner_Registration,Kir01,Female,Female Youth,No disability,Kano,Garum_Mallam
e103d011-ccde-4f27-939d-0ebd97e86bc4,2023-12-17,Comm._Partner_Registration,Kir02,Female,Female Youth,No disability,Kano,Garum_Mallam
9bd97e1c-b1f8-4e0c-aa18-3a0ecede927d,2023-12-17,Comm._Partner_Registration,Kir03,Female,Female Youth,No disability,Kano,Kiru
9930b13c-414d-4f29-aed1-0123f90533bf,2023-12-17,Comm._Partner_Registration,Kir04,Female,Female Youth,No disability,Kano,Kiru
edb61f0a-596c-4e52-b1b1-47b36ce0fa70,2023-12-17,Comm._Partner_Registration,Kir05,Female,Female Youth,No disability,Kano,Kiru
d8a51330-eae9-43a7-82c8-a3c019708b37,2023-12-17,Comm._Partner_Registration,Kir06,Male,Male Youth,No disability,Kano,Kiru
6ac070ea-6244-4c69-9f3c-2a46228df8e1,2023-12-17,Comm._Partner_Registration,Kir07,Male,Male Youth,No disability,Kano,Garum_Mallam
509b1f52-f993-418c-87c1-92b5dfe4c887,2023-12-17,Comm._Partner_Registration,Kir08,Male,Male Youth,No disability,Kano,Garum_Mallam
28f154fb-f83e-48cb-9487-065f22fdd5a3,2023-12-17,Comm._Partner_Registration,Kir09,Male,Male Youth,No disability,Kano,Garum_Mallam
8cef8b2f-2928-4396-8365-3bc4be1d77f3,2023-12-17,Comm._Partner_Registration,Kir10,Male,Male Youth,No disability,Kano,Kiru
124919c7-2725-4c9e-a7bb-3f5ddd839b9a,2023-12-17,Comm._Partner_Registration,Kir11,Female,Female Youth,No disability,Kano,Kiru
165e7b77-b231-4b16-a445-e9bee24beb00,2023-12-17,Comm._Partner_Registration,Kir12,Female,Female Youth,No disability,Kano,Kiru
b5631283-fa88-4ae7-9228-0b1957b50634,2023-12-17,Comm._Partner_Registration,Kir13,Female,Female Youth,No disability,Kano,Kiru
55634d8a-ef84-4dc8-b527-343c3175f9f0,2023-12-17,Comm._Partner_Registration,Kir14,Male,Male Youth,No disability,Kano,Kiru
550c030d-e5d3-4b7b-8b3a-c74b2f2b5d3f,2023-12-17,Comm._Partner_Registration,Kir15,Male,Male Youth,No disability,Kano,Kiru
27c3d79d-3edc-4ee5-8bca-6a6b4a5ba732,2023-12-17,Comm._Partner_Registration,Kir16,Male,Male Youth,No disability,Kano,Kiru
408a5ba7-73f5-4b78-848a-609f78692be1,2023-12-17,Comm._Partner_Registration,Kir17,Male,Male Youth,No disability,Kano,Kiru
6a5329af-eb37-4562-8503-77a265e7a808,2023-12-17,Comm._Partner_Registration,Kir18,Male,Male Youth,No disability,Kano,Kiru
cd01072f-a69e-4d80-ad65-56d9275e77ed,2023-12-17,Comm._Partner_Registration,Kir19,Male,Male Youth,No disability,Kano,Kiru
b28edcb6-8094-4e38-96d2-0aa1ac176319,2023-12-17,Comm._Partner_Registration,Kir20,Male,Male Youth,No disability,Kano,Kiru
0e8cfcd8-17db-4aed-9d7b-c805b6606711,2023-12-17,Comm._Partner_Registration,Kir21,Female,Female Youth,No disability,Kano,Kiru
c230eb2e-85d1-4f08-afed-a85c11ad15b1,2023-12-17,Comm._Partner_Registration,Kir22,Male,Male Youth,No disability,Kano,Kiru
f4d22b69-809d-489a-8bbd-6595e68cfab7,2023-12-17,Comm._Partner_Registration,Tun21,Male,Male Youth,No disability,Kano,Tudun_Wada
7d60be4f-1d6d-4a87-a340-c9351b9030a8,2023-12-17,Comm._Partner_Registration,Kur01,Female,Female Youth,No disability,Kano,Kura
3cfcfd79-832d-459c-8d38-f6efc5b7c7c1,2023-12-17,Comm._Partner_Registration,Tun22,Male,Male Youth,No disability,Kano,Tudun_Wada
7a50ae49-4614-44de-a48b-bbde73d2aa52,2023-12-17,Comm._Partner_Registration,Kur02,Female,Female Youth,No disability,Kano,Kura
618d2c72-7c99-45e9-80ee-c0efabed98cb,2023-12-17,Comm._Partner_Registration,Kur03,Female,Female Youth,No disability,Kano,Kura
386ff4d7-91a5-4877-800a-c26ecffa6466,2023-12-17,Comm._Partner_Registration,Tun23,Male,Male Youth,No disability,Kano,Tudun_Wada
6d7244a8-c93a-452b-bcc5-951a711b6b2a,2023-12-17,Comm._Partner_Registration,Tun24,Male,Male Youth,No disability,Kano,Tudun_Wada
6b4c5b30-4079-4a4b-a16e-c29742d00f7a,2023-12-17,Comm._Partner_Registration,Tun25,Male,Male Youth,No disability,Kano,Tudun_Wada
d6f3022e-8589-4550-92cc-1144c6ead33b,2023-12-17,Comm._Partner_Registration,Kur04,Female,Female Youth,No disability,Kano,Kura
f9aa5d21-ef4d-4bfb-a82a-73e0f64a56cf,2023-12-17,Comm._Partner_Registration,Tun26,Male,Male Youth,No disability,Kano,Tudun_Wada
d61b2a5d-6b19-4b2a-b43b-e06ef735732c,2023-12-17,Comm._Partner_Registration,Tun27,Male,Male Youth,No disability,Kano,Tudun_Wada
4590be26-348b-4f20-8430-36f31de42e6c,2023-12-17,Comm._Partner_Registration,Kur05,Female,Female Youth,No disability,Kano,Kura
afdf3c7e-d660-4a7d-8bfa-657a0d6b5cdf,2023-12-17,Comm._Partner_Registration,Kur06,Female,Female Youth,No disability,Kano,Kura
02cff75b-4684-4f40-92c5-a469315f030d,2023-12-17,Comm._Partner_Registration,Kur07,Female,Female Youth,No disability,Kano,Kura
e8c2cc04-6eb2-4cff-a670-e8b5a09412aa,2023-12-17,Comm._Partner_Registration,Tun29,Male,Male Youth,No disability,Kano,Tudun_Wada
fd1456b5-1c7e-4d65-bec5-f439c8bead8b,2023-12-17,Comm._Partner_Registration,Tun30,Male,Male Youth,No disability,Kano,Tudun_Wada
27c3c03a-341e-40e8-9ab3-f53b70dc7663,2023-12-17,Comm._Partner_Registration,Tun31,Male,Male Youth,No disability,Kano,Tudun_Wada
160137a6-64b0-4979-a6ee-c884d8e5660a,2023-12-17,Comm._Partner_Registration,Tun32,Male,Male Youth,No disability,Kano,Tudun_Wada
8355842b-381d-4f12-b56d-532eea6defea,2023-12-17,Comm._Partner_Registration,Kur09,Male,Male Youth,No disability,Kano,Kura
bf266ae3-6b13-4aa5-8f87-0c0168b83000,2023-12-17,Comm._Partner_Registration,Tun33,Female,Female Youth,No disability,Kano,Tudun_Wada
64da5b04-7f97-4dd9-a565-7804c174756a,2023-12-17,Comm._Partner_Registration,Tof68,Female,Female Youth,No disability,Kano,Tofa
76c7da10-78a7-4bc6-b55b-d69c4ce6e0a1,2023-12-17,Comm._Partner_Registration,Kur11,Male,Male Youth,No disability,Kano,Kura
cebdc01f-a72c-48a8-ab57-6cf6ba549130,2023-12-17,Comm._Partner_Registration,Kur12,Male,Male Youth,No disability,Kano,Kura
3a635f8a-c3c1-4635-b836-436398252646,2023-12-17,Comm._Partner_Registration,Tof69,Male,Male Youth,No disability,Kano,Tofa
f7a2adb9-59ed-4775-814b-8cb52e1104a9,2023-12-17,Comm._Partner_Registration,Kur13,Male,Male Youth,No disability,Kano,Kura
51c23ab1-4868-4498-b6f9-2e8dec0847a8,2023-12-17,Comm._Partner_Registration,Kur14,Male,Male Youth,No disability,Kano,Kura
7943bc68-5f06-46ae-a124-383f56fa3fbf,2023-12-17,Comm._Partner_Registration,Tof70,Female,Female Youth,No disability,Kano,Tofa
18fedc3f-9140-4036-a397-b68491eccca6,2023-12-17,Comm._Partner_Registration,Ran01,Female,Female Youth,No disability,Kano,Kura
4da568b8-b31a-4937-9d2b-71ed59ddabcc,2023-12-17,Comm._Partner_Registration,Tof71,Male,Male Youth,No disability,Kano,Tofa
189c7591-3419-49a0-8c31-2d557481ba0a,2023-12-17,Comm._Partner_Registration,Ran02,Female,Female Youth,No disability,Kano,Rano
c7c4c8c1-a7cb-41ad-86d4-90a3e9dbd38b,2023-12-17,Comm._Partner_Registration,Tof72,Male,Male Youth,No disability,Kano,Tofa
8567df1c-f50b-4e4c-ab14-e7a778aafdf1,2023-12-17,Comm._Partner_Registration,Ran03,Female,Female Youth,No disability,Kano,Rano
39add63e-1c29-43b7-8a98-8a18dee40a35,2023-12-17,Comm._Partner_Registration,Ran04,Female,Female Youth,No disability,Kano,Rano
2cc97eb3-8fb7-4fd0-9b40-1a4e7fd8871b,2023-12-17,Comm._Partner_Registration,Ran05,Female,Female Youth,No disability,Kano,Rano
6b8a9d3d-a738-4d97-9ce9-c5a0bec593ff,2023-12-17,Comm._Partner_Registration,Ran06,Female,Female Youth,No disability,Kano,Rano
917b1777-28d2-43e3-9fb4-a6eaf17d27b1,2023-12-17,Comm._Partner_Registration,Ran07,Female,Female Youth,No disability,Kano,Rano
818246d7-3c53-4b4b-9734-f0f2872c5e07,2023-12-17,Comm._Partner_Registration,Ran08,Female,Female Youth,No disability,Kano,Rano
703e0dd5-8ced-4779-93f6-768762c832f0,2023-12-19,Comm._Partner_Registration,Bill01,Female,Female Youth,No disability,Gombe,Billiri
a66b0860-eada-486e-9374-7b9e2254b5e8,2023-12-19,Comm._Partner_Registration,Bill02,Female,Female Youth,No disability,Gombe,Billiri
384a933b-d93c-44b2-9e61-373e35c9ea3d,2023-12-19,Comm._Partner_Registration,Bill03,Female,Female Youth,No disability,Gombe,Billiri
56f62765-ed12-463b-b42f-31c5bae8cd6e,2023-12-19,Comm._Partner_Registration,Bill04,Female,Female Youth,No disability,Gombe,Billiri
75026bc6-91c0-40af-9e2c-a032984cc1fd,2023-12-19,Comm._Partner_Registration,Bill05,Female,Female Youth,No disability,Gombe,Billiri
51b61de5-fdcf-4b2d-adbd-98a788c054cd,2023-12-19,Comm._Partner_Registration,Bill06,Male,Male Youth,No disability,Gombe,Billiri
f1869fc0-2835-4aeb-8b55-1218415f7d8e,2023-12-19,Comm._Partner_Registration,Bill07,Male,Male Youth,No disability,Gombe,Billiri
a1f9876c-2e79-42ad-aa19-793ec986f2ed,2023-12-19,Comm._Partner_Registration,Bill08,Male,Male Youth,No disability,Gombe,Billiri
262bccfc-41bc-4555-9a28-397788c781a6,2023-12-19,Comm._Partner_Registration,Bill09,Female,Female Youth,No disability,Gombe,Billiri
fd747002-ea0e-48cf-83d1-325bc8f2feb4,2023-12-17,Comm._Partner_Registration,Ran09,Male,Male Youth,No disability,Kano,Rano
31a6394a-b006-4c7d-981d-6dd349edccd5,2023-12-17,Comm._Partner_Registration,Ran10,Male,Male Youth,No disability,Kano,Rano
de43e0b7-d5f7-4262-ade8-751c133a6d05,2023-12-17,Comm._Partner_Registration,Ran11,Male,Male Youth,No disability,Kano,Rano
95f3399f-8f4f-42b6-a5a6-d19c2b674585,2023-12-17,Comm._Partner_Registration,Ran12,Male,Male Youth,No disability,Kano,Rano
122396f8-558d-4a90-a573-8236ca25e897,2023-12-17,Comm._Partner_Registration,Ran13,Male,Male Youth,No disability,Kano,Rano
d2c02efb-0dd7-466d-84f4-1b49047a68c3,2023-12-17,Comm._Partner_Registration,Ran14,Male,Male Youth,No disability,Kano,Rano
e15d15f6-70ed-4fc2-84f3-8d5e56078ccc,2024-01-05,"Group_formation,_and_dynamics_for_financial_inclusion",Gir01,Female,Female Youth,No disability,Adamawa,Girei
99768f4e-dabb-4d47-9251-98be44d841bb,2024-01-06,GAP_&_crop_management,Gir01,Female,Female Youth,No disability,Adamawa,Girei
ac922524-777c-4453-8ee2-4190758e19ce,2024-01-05,"Group_formation,_and_dynamics_for_financial_inclusion",Gir02,Female,Female Youth,No disability,Adamawa,Girei
3b17356f-1c16-4b91-ad9d-faf6545da86b,2024-01-06,GAP_&_crop_management,Gir02,Female,Female Youth,No disability,Adamawa,Girei
e585d4b9-6a4c-44c7-9039-526d224c8c3a,2024-01-05,"Group_formation,_and_dynamics_for_financial_inclusion",Gir04,Male,Male Youth,No disability,Adamawa,Girei
de95922c-60ea-4c94-a931-f751c15aee46,2024-01-06,GAP_&_crop_management,Gir04,Male,Male Youth,No disability,Adamawa,Girei
7b50e6f9-dc19-4836-909a-fa8738e09da5,2024-01-05,"Group_formation,_and_dynamics_for_financial_inclusion",Gir05,Female,Female Youth,No disability,Adamawa,Girei
e764d81f-efb0-41a5-8375-242d7bfce105,2024-01-06,GAP_&_crop_management,Gir05,Female,Female Youth,No disability,Adamawa,Girei
8ea6b58f-9a2e-4fda-bbaa-c607a5e498f3,2024-01-05,"Group_formation,_and_dynamics_for_financial_inclusion",Gir06,Female,Female Youth,No disability,Adamawa,Girei
ee8f0935-b519-4d3b-82e4-92d98368af6c,2024-01-06,GAP_&_crop_management,Gir06,Female,Female Youth,No disability,Adamawa,Girei
40b49e18-34b7-46e4-8ae9-a488f5221a1c,2024-01-05,"Group_formation,_and_dynamics_for_financial_inclusion",Gir08,Male,Male Youth,No disability,Adamawa,Girei
764e0d75-335a-4bbc-88ad-267c7924fb29,2024-01-06,GAP_&_crop_management,Gir08,Male,Male Youth,No disability,Adamawa,Girei
b05c1b54-f3c3-4ed9-831a-9b5417c2fdf7,2024-01-05,"Group_formation,_and_dynamics_for_financial_inclusion",Gir07,Female,Female Youth,No disability,Adamawa,Girei
bacc109c-8765-4992-a6e3-52a5f11208a2,2024-01-06,GAP_&_crop_management,Gir07,Female,Female Youth,No disability,Adamawa,Girei
3feb59b1-ca8d-4844-a21a-01f8cda6cd48,2024-01-05,"Group_formation,_and_dynamics_for_financial_inclusion",Dem04,Female,Female Youth,No disability,Adamawa,Demsa
04a99511-97fa-46bf-aa56-1b09d350fa4c,2024-01-06,GAP_&_crop_management,Dem04,Female,Female Youth,No disability,Adamawa,Demsa
cfc55cab-ccaf-45a5-afe9-5f91e3444186,2024-01-05,"Group_formation,_and_dynamics_for_financial_inclusion",Dem16,Female,Female Youth,No disability,Adamawa,Demsa
0e77502c-a59e-456d-b524-20df4cdcf242,2024-01-06,GAP_&_crop_management,Dem16,Female,Female Youth,No disability,Adamawa,Demsa
14fad848-fa47-4119-a2cd-83fb6db4c277,2024-01-05,"Group_formation,_and_dynamics_for_financial_inclusion",Dem02,Female,Female Youth,No disability,Adamawa,Demsa
893a49e7-6274-460d-b6ba-78a805faaee5,2024-01-06,GAP_&_crop_management,Dem02,Female,Female Youth,No disability,Adamawa,Demsa
6efc13b6-4a07-49b0-9066-1c18d584e616,2024-01-05,"Group_formation,_and_dynamics_for_financial_inclusion",Dem06,Female,Female Youth,No disability,Adamawa,Demsa
a219c153-224c-4e7d-822a-ed093bc0aa7e,2024-01-06,GAP_&_crop_management,Dem06,Female,Female Youth,No disability,Adamawa,Demsa
f3703376-d404-48b3-a54d-882e9ba0aa3f,2024-01-05,"Group_formation,_and_dynamics_for_financial_inclusion",Dem07,Female,Female Youth,No disability,Adamawa,Demsa
b7121392-9abe-44a9-8b29-66d48bfb5c40,2024-01-06,GAP_&_crop_management,Dem07,Female,Female Youth,No disability,Adamawa,Demsa
7e885eb0-6fce-49b1-bb32-424e0b8079a9,2024-01-05,"Group_formation,_and_dynamics_for_financial_inclusion",Dem08,Female,Female Adult,No disability,Adamawa,Demsa
7c460338-f139-47ef-8ac3-dd39c7ce3151,2024-01-06,GAP_&_crop_management,Dem08,Female,Female Adult,No disability,Adamawa,Demsa
eed88881-80f2-4931-87fa-75a7eaa8c857,2024-01-05,"Group_formation,_and_dynamics_for_financial_inclusion",Dem13,Male,Male Youth,No disability,Adamawa,Demsa
40ecbf0f-ef2e-4d71-981f-429c806f8bcb,2024-01-06,GAP_&_crop_management,Dem13,Male,Male Youth,No disability,Adamawa,Demsa
3427e23c-2195-4dbb-bf87-8df21e23fbc8,2024-01-05,"Group_formation,_and_dynamics_for_financial_inclusion",Dem15,Female,Female Youth,No disability,Adamawa,Demsa
62faf9a4-3cb0-4a8d-8736-bc2322f55d81,2024-01-06,GAP_&_crop_management,Dem15,Female,Female Youth,No disability,Adamawa,Demsa
afd1b541-282a-4013-ab77-14ffd6f14613,2023-11-28,Comm._Partner_Registration,Dem02,Female,Female Youth,No disability,Adamawa,Demsa
fabdb143-418e-41f9-873f-1ba15a6c5353,2023-11-28,Comm._Partner_Registration,Dem04,Female,Female Youth,No disability,Adamawa,Demsa
26f64496-4197-4db7-8e95-16d243fef51a,2023-11-28,Comm._Partner_Registration,Dem06,Female,Female Youth,No disability,Adamawa,Demsa
1e8729cb-3d28-431f-95af-a98b78b1a114,2023-11-28,Comm._Partner_Registration,Dem07,Female,Female Youth,No disability,Adamawa,Demsa
d1bd05e1-4b54-41a6-a27f-1300ac8eeacc,2023-11-28,Comm._Partner_Registration,Dem08,Female,Female Adult,No disability,Adamawa,Demsa
fa58f89c-2db0-4c67-ad0a-7625458d5fca,2023-11-28,Comm._Partner_Registration,Dem13,Male,Male Youth,No disability,Adamawa,Demsa
c73ea647-6f3c-4c56-8d85-3931dab3e90a,2023-11-28,Comm._Partner_Registration,Dem15,Female,Female Youth,No disability,Adamawa,Demsa
b269da9c-4738-45e6-b9ed-580923830e7b,2023-11-28,Comm._Partner_Registration,Dem16,Female,Female Youth,No disability,Adamawa,Demsa
527abbe1-93b8-46bd-9436-629f8fd16339,2023-11-28,Comm._Partner_Registration,Gir01,Female,Female Youth,No disability,Adamawa,Girei
4ee07126-3d44-439f-9cf1-72534395234a,2023-11-28,Comm._Partner_Registration,Gir02,Female,Female Youth,No disability,Adamawa,Girei
c8569492-424f-4a57-9975-1cbde17d5959,2023-11-28,Comm._Partner_Registration,Gir04,Male,Male Youth,No disability,Adamawa,Girei
c6b5535d-2c76-483a-9e04-963f4b541fe5,2023-11-28,Comm._Partner_Registration,Gir05,Female,Female Youth,No disability,Adamawa,Girei
cb1cdacf-c728-4f8f-a32e-105b1939493f,2023-11-28,Comm._Partner_Registration,Gir06,Female,Female Youth,No disability,Adamawa,Girei
a38a17ac-05ea-4b94-bccd-f51d95846d8e,2024-01-31,Comm._Partner_Registration,Mak12,Male,Male Youth,No disability,Benue,Markurdi
91e24092-fa07-4342-be54-3d9419ac276a,2023-11-28,Comm._Partner_Registration,Gir08,Male,Male Youth,No disability,Adamawa,Girei
66b7fd2d-4543-4bd6-850d-117d90920c1e,2023-01-21,Comm._Partner_Registration,Mak13,Male,Male Youth,No disability,Benue,Markurdi
2ef5df70-6c89-4878-b142-1a33fe0a94ce,2024-01-26,Comm._Partner_Registration,Mak14,Female,Female Youth,No disability,Benue,Markurdi
0ba41364-357b-43fe-bd2f-88fdbad8557b,2025-01-20,Comm._Partner_Registration,Mak15,Female,Female Youth,No disability,Benue,Markurdi
6669b0df-9277-479d-bafa-4e5a11551382,2024-01-20,Comm._Partner_Registration,Mak16,Male,Male Youth,No disability,Benue,Markurdi
97b250a4-73b3-4871-8efc-a89838be5994,2024-01-20,Comm._Partner_Registration,Gum07,Male,Male Adult,No disability,Benue,Guma
ecb4a068-570a-4341-b971-8c643d42c038,2024-01-20,Comm._Partner_Registration,Gum08,Male,Male Youth,No disability,Benue,Guma
dab27537-5ff4-427c-bc0f-541bc7ced5ec,2024-12-20,Comm._Partner_Registration,Gum09,Female,Female Youth,No disability,Benue,Guma
2df646fd-48be-4962-ba85-37fb730720ac,2024-12-20,Comm._Partner_Registration,Gum10,Male,Male Youth,No disability,Benue,Guma
5f5eb243-92b4-4fb3-9cc8-e1621bc0dfc4,2024-01-20,Comm._Partner_Registration,Gum11,Male,Male Youth,No disability,Benue,Guma
8d414a26-f42d-4cab-b6a7-565d90a3259b,2024-01-20,Comm._Partner_Registration,Gum12,Male,Male Youth,No disability,Benue,Guma
24e03901-ddd9-4d90-94ac-7c4e9aaa2d1a,2024-01-20,Comm._Partner_Registration,Gum13,Female,Female Youth,No disability,Benue,Guma
7833b01e-9172-4272-a707-53f0749d5e3a,2024-01-20,Comm._Partner_Registration,Oju09,Male,Male Adult,No disability,Benue,Oju
25e3d8c2-fd26-4743-a87b-999fdf627bc8,2024-01-20,Comm._Partner_Registration,Oju10,Male,Male Adult,No disability,Benue,Oju
ee4f7ed8-c5e3-49db-885a-e7ff5a64f694,2024-01-20,Comm._Partner_Registration,Oju11,Male,Male Youth,No disability,Benue,Oju
c511b753-9955-479b-a671-259788d6083b,2023-10-28,Comm._Partner_Registration,Dem01,Female,Female Youth,No disability,Adamawa,Demsa
a17714c7-56a9-4433-900f-76bea920f7dd,2024-01-05,"Group_formation,_and_dynamics_for_financial_inclusion",Dem01,Female,Female Youth,No disability,Adamawa,Demsa
dfa08480-2e76-46d3-b9ef-efad6937a62d,2024-01-06,GAP_&_crop_management,Dem01,Female,Female Youth,No disability,Adamawa,Demsa
278c83f2-4fe3-4606-8bef-04be30420ab0,2024-01-20,Comm._Partner_Registration,Oju12,Male,Male Adult,No disability,Benue,Oju
c387dd84-032b-4395-bef5-6c4ba6457b19,2024-01-20,Comm._Partner_Registration,Oju13,Male,Male Youth,No disability,Benue,Oju
34aa1d6c-01bf-4ec9-a15c-9c1ee2d9d7af,2024-01-20,Comm._Partner_Registration,Oju14,Male,Male Adult,No disability,Benue,Oju
abcf63a7-8a02-4b00-b2f1-cbe12ccc1d10,2024-01-20,Comm._Partner_Registration,Oju15,Male,Male Adult,No disability,Benue,Oju
208b2c82-3e3c-401d-9b4d-bd9b6817acee,2024-01-20,Comm._Partner_Registration,Gee01,Male,Male Youth,No disability,Benue,Gwer-East
35347a34-b2b2-4c5a-a843-fe4fa3a6868b,2024-01-20,Comm._Partner_Registration,Gee02,Male,Male Youth,No disability,Benue,Gwer-East
4c4dbb66-8747-45bc-8698-a1f773ed2a6c,2024-01-20,Comm._Partner_Registration,Gee03,Female,Female Youth,No disability,Benue,Gwer-East
7e591b4c-c158-47ee-bfde-cffdec78e649,2024-01-20,Comm._Partner_Registration,Gee05,Male,Male Adult,No disability,Benue,Gwer-East
611315c8-db61-46e6-b323-30d9b91b06b1,2024-01-20,Comm._Partner_Registration,Gee07,Female,Female Youth,No disability,Benue,Gwer-East
243d719c-15f8-4734-8314-0df3c634353e,2024-01-20,Comm._Partner_Registration,Tar01,Female,Female Youth,No disability,Benue,Tarka
193ade29-090e-4709-8ef8-46cf50349e7f,2024-01-20,Comm._Partner_Registration,Tar02,Female,Female Youth,No disability,Benue,Tarka
52bd769f-7ad6-46ea-9ac6-822b889bc3f0,2024-01-20,Comm._Partner_Registration,Tar03,Female,Female Youth,No disability,Benue,Tarka
f4e3abd9-bf3d-4e89-a637-8b7f06f6e9f5,2024-01-20,Comm._Partner_Registration,Tar04,Male,Male Youth,No disability,Benue,Tarka
0f383c45-579f-448a-b526-d1335745e092,2024-01-20,Comm._Partner_Registration,Tar05,Male,Male Youth,No disability,Benue,Tarka
cd435b8a-e953-4d86-b554-042ec282e38e,2024-01-20,Comm._Partner_Registration,Tar06,Female,Female Adult,No disability,Benue,Tarka
183eceae-dbff-4bfd-a6f1-c07985070665,2024-01-20,Comm._Partner_Registration,Tar07,Male,Male Adult,No disability,Benue,Tarka
fc00d492-5c6c-4077-997e-7ead1b115aa7,2024-01-05,"Group_formation,_and_dynamics_for_financial_inclusion",Dem09,Male,Male Adult,No disability,Adamawa,Demsa
300070d4-e358-4ec3-9dc4-f70919977435,2024-01-06,GAP_&_crop_management,Dem09,Male,Male Adult,No disability,Adamawa,Demsa
04b0800e-1162-4816-ac74-432396ec0f9f,2024-02-03,ICT_solutions_for_agriculture,Bag01,Female,Female Youth,No disability,Kano,Bagwai
09220703-d498-409c-82f4-92b6c18e15f9,2024-02-03,ICT_solutions_for_agriculture,Bag02,Female,Female Youth,No disability,Kano,Bagwai
662427c8-c3ca-4cde-856d-36b625c1c3a6,2024-02-03,ICT_solutions_for_agriculture,Bag03,Male,Male Youth,No disability,Kano,Bagwai
fdae1dc6-5519-4e20-814a-a1f42e719c6c,2024-02-03,ICT_solutions_for_agriculture,Bag04,Male,Male Youth,No disability,Kano,Bagwai
5eddc94c-366f-4b7c-b56f-103aaa5a8043,2024-02-03,ICT_solutions_for_agriculture,Bag05,Male,Male Youth,No disability,Kano,Bagwai
d22af7f5-ed2c-427f-a5ce-eb4f4c7de2c3,2024-02-03,ICT_solutions_for_agriculture,Bag06,Male,Male Youth,No disability,Kano,Bagwai
ca34163d-ee65-467b-b3ef-0efcf9789efe,2024-02-03,ICT_solutions_for_agriculture,Bag07,Male,Male Youth,No disability,Kano,Bagwai
ec75ccfe-738e-488e-9d07-cffdd81015ca,2024-02-03,ICT_solutions_for_agriculture,Bag08,Male,Male Youth,No disability,Kano,Bagwai
ec286448-9012-435e-8fd3-ce6e249f07c6,2024-02-03,ICT_solutions_for_agriculture,Bag09,Male,Male Youth,No disability,Kano,Bagwai
22e682a5-5b3d-4002-9d8a-d2b4ba09d0cf,2024-02-03,ICT_solutions_for_agriculture,Bag10,Male,Male Youth,No disability,Kano,Bagwai
bb669127-6c8e-4af7-b464-5c7835a63f49,2024-02-03,ICT_solutions_for_agriculture,Bun01,Female,Female Youth,No disability,Kano,Bagwai
1dbaa8dc-dcfa-48d4-ac43-c0992a83380a,2024-02-03,ICT_solutions_for_agriculture,Bun02,Male,Male Youth,No disability,Kano,Bunkure
32c85269-2da0-40da-8a43-1dd07b5d3d4a,2024-02-03,ICT_solutions_for_agriculture,Bun03,Male,Male Youth,No disability,Kano,Bunkure
b15a7896-c66d-48a0-889c-b79afba64002,2024-02-03,ICT_solutions_for_agriculture,Bun04,Male,Male Youth,No disability,Kano,Bunkure
708c0a3b-7d69-4464-923c-44908f2d184a,2024-02-03,ICT_solutions_for_agriculture,Bun05,Male,Male Youth,No disability,Kano,Bunkure
ba46e941-9bda-42ee-9b6e-359ec8739081,2024-02-03,ICT_solutions_for_agriculture,Bun06,Female,Female Youth,No disability,Kano,Bunkure
a504b428-b244-4a85-8278-23ba2e79dc5f,2024-02-03,ICT_solutions_for_agriculture,Bun07,Female,Female Youth,No disability,Kano,Bunkure
1802e9b3-f881-47a9-8db6-815de477f16d,2024-02-03,ICT_solutions_for_agriculture,Bun08,Female,Female Youth,No disability,Kano,Bunkure
3992a1d9-722e-4761-bc30-8804664472e8,2024-02-03,ICT_solutions_for_agriculture,Bun09,Female,Female Youth,No disability,Kano,Bunkure
fcbd986f-06af-45a1-b3a1-a959bfdbcaf3,2024-02-03,ICT_solutions_for_agriculture,Bun10,Female,Female Youth,No disability,Kano,Bunkure
d054ba25-8620-44a1-b241-e9dc54346513,2024-02-03,ICT_solutions_for_agriculture,Bun11,Female,Female Youth,No disability,Kano,Bunkure
4c0dce7d-baab-4a69-a6aa-b58217445142,2024-02-03,ICT_solutions_for_agriculture,Bun12,Female,Female Youth,No disability,Kano,Bunkure
3660d1a5-e204-4315-b2ad-e8a98f1e0b05,2024-02-06,ICT_solutions_for_agriculture,Aba01,Female,Female Youth,No disability,FCT,Abaji_Area_Council
49f9e037-3a9d-40b8-a774-84447cc92331,2024-02-03,ICT_solutions_for_agriculture,Bun13,Female,Female Youth,No disability,Kano,Bunkure
2fcc23e8-c942-43ca-a8fa-c753ef33b4b4,2024-02-06,ICT_solutions_for_agriculture,Aba02,Male,Male Youth,No disability,FCT,Abaji_Area_Council
7002a2cd-a696-45e8-a2b0-91db71300e2b,2024-02-03,ICT_solutions_for_agriculture,Bun14,Female,Female Youth,No disability,Kano,Bunkure
5e6ea17e-6692-4187-ba0e-58edc9440f63,2024-02-03,ICT_solutions_for_agriculture,Bun15,Male,Male Youth,No disability,Kano,Bunkure
f4694cd9-f721-4a2e-aa01-e3107e09e9a7,2024-02-03,ICT_solutions_for_agriculture,Bun16,Male,Male Youth,No disability,Kano,Bunkure
ef18151e-c9aa-4b21-b6ca-e690524a5de4,2024-02-06,ICT_solutions_for_agriculture,Aba03,Male,Male Youth,No disability,FCT,Abaji_Area_Council
254f7d60-2172-4f9b-a20e-b57a74efd113,2024-02-03,ICT_solutions_for_agriculture,Bun17,Male,Male Youth,No disability,Kano,Bunkure
1fd56ff0-27fb-4589-9d0f-96ef570daef2,2024-02-03,ICT_solutions_for_agriculture,Bun18,Male,Male Youth,No disability,Kano,Bunkure
8d0c23cb-7b90-449d-a0c5-4c077c1d7f0c,2024-02-03,ICT_solutions_for_agriculture,Bun19,Male,Male Youth,No disability,Kano,Bunkure
3d385634-93f4-4216-a84c-6b038fdb45f8,2024-02-03,ICT_solutions_for_agriculture,Bun20,Male,Male Youth,No disability,Kano,Bunkure
164448cd-465a-4858-8ad0-e576d064e0b8,2024-02-06,ICT_solutions_for_agriculture,Aba04,Female,Female Youth,No disability,FCT,Abaji_Area_Council
92727291-4710-4f79-8eb8-f9a257c61f32,2024-02-03,ICT_solutions_for_agriculture,Bun21,Male,Male Youth,No disability,Kano,Bunkure
a2cdad3b-ed51-4c1b-9409-2fb983339eb8,2024-02-03,ICT_solutions_for_agriculture,Gmm48,Female,Female Youth,No disability,Kano,Garum_Mallam
1ecfcf46-9c76-4531-93b1-e6d0d640d3e2,2024-02-03,ICT_solutions_for_agriculture,Gmm49,Male,Male Youth,No disability,Kano,Garum_Mallam
dda96714-d7cc-4af1-ad02-c4583b935a54,2024-02-06,ICT_solutions_for_agriculture,Aba05,Male,Male Youth,No disability,FCT,Abaji_Area_Council
c8f26dcf-7929-48e3-b4de-175a5fdaeaf0,2024-02-03,ICT_solutions_for_agriculture,Gmm50,Male,Male Youth,No disability,Kano,Garum_Mallam
05b5a43e-6a84-4ec8-a890-ca49a4025c69,2024-02-03,ICT_solutions_for_agriculture,Gmm51,Male,Male Youth,No disability,Kano,Garum_Mallam
a287a046-9ccf-40cc-8d05-d57548304cdb,2024-02-06,ICT_solutions_for_agriculture,Gwa17,Male,Male Youth,No disability,FCT,Bwari_Area_Council
97bc5c2e-015d-4f63-9d14-be9b377034b3,2024-02-03,ICT_solutions_for_agriculture,Gmm52,Male,Male Youth,No disability,Kano,Garum_Mallam
845bf1e4-df3f-43a9-8488-2d967801704b,2024-02-06,ICT_solutions_for_agriculture,Gwa18,Male,Male Youth,No disability,FCT,Gwagwalada_Area_Council
222b20a3-b7fa-484f-9ffc-81915fc5f9a0,2024-02-03,ICT_solutions_for_agriculture,Gmm54,Female,Female Youth,No disability,Kano,Garum_Mallam
86c987d1-011d-43e7-a93f-5afa764ea527,2024-02-03,ICT_solutions_for_agriculture,Gmm55,Male,Male Youth,No disability,Kano,Garum_Mallam
28ec75c1-9d2f-4acb-97ab-61b2216f50be,2024-02-06,ICT_solutions_for_agriculture,Gwa19,Female,Female Youth,No disability,FCT,Gwagwalada_Area_Council
9fa550ac-b389-439b-a895-eeffd41ff75d,2024-02-03,ICT_solutions_for_agriculture,Gmm56,Female,Female Youth,No disability,Kano,Garum_Mallam
951f89ad-c93e-4a23-ae69-d0ef95ad6e60,2024-02-03,ICT_solutions_for_agriculture,Gmm57,Female,Female Youth,No disability,Kano,Garum_Mallam
514c2c93-97f4-4d2d-bc21-b9b6034d51af,2024-02-06,ICT_solutions_for_agriculture,Gwa20,Female,Female Youth,No disability,FCT,Gwagwalada_Area_Council
70603839-b8a0-4eec-aa2d-0c64cc351212,2024-02-03,ICT_solutions_for_agriculture,Gmm58,Female,Female Youth,No disability,Kano,Garum_Mallam
10b407fe-4c4c-4cfe-8695-1b9b370dfb69,2024-02-06,ICT_solutions_for_agriculture,Gwa21,Male,Male Youth,No disability,FCT,Gwagwalada_Area_Council
7beaf59a-04b1-4b54-a945-00e8bcee2f14,2024-02-03,ICT_solutions_for_agriculture,Gmm59,Female,Female Youth,No disability,Kano,Garum_Mallam
f59cf3ac-c444-4afa-925b-29f421785c69,2024-02-06,ICT_solutions_for_agriculture,Gwa22,Female,Female Youth,No disability,FCT,Gwagwalada_Area_Council
60a5b924-8106-4a00-a3e1-0986c1f95126,2024-02-03,ICT_solutions_for_agriculture,Gmm61,Male,Male Youth,No disability,Kano,Garum_Mallam
73224770-ffbf-4608-84ee-f132f7c2695c,2024-02-06,ICT_solutions_for_agriculture,Gwa23,Male,Male Youth,No disability,FCT,Gwagwalada_Area_Council
f4f380a0-b68f-4a2c-8290-93fe692b907d,2024-02-03,ICT_solutions_for_agriculture,Gmm62,Male,Male Youth,No disability,Kano,Garum_Mallam
43068429-1afc-42c7-9065-e382593b9d4a,2024-02-06,ICT_solutions_for_agriculture,Gwa24,Male,Male Youth,No disability,FCT,Gwagwalada_Area_Council
22d16e29-5868-4ece-b0ea-8089f2250b3e,2024-02-03,ICT_solutions_for_agriculture,Gmm63,Male,Male Youth,No disability,Kano,Garum_Mallam
23d31be6-44d6-4e9a-abae-156177608791,2024-02-06,ICT_solutions_for_agriculture,Gwa25,Female,Female Youth,No disability,FCT,Gwagwalada_Area_Council
7e1c5bb8-6046-468e-8288-c2dd8303d77e,2024-02-06,ICT_solutions_for_agriculture,Gwa26,Female,Female Youth,No disability,FCT,Gwagwalada_Area_Council
6d9742ca-36d7-4522-8f5d-ad8a4a2a0ffd,2024-02-03,ICT_solutions_for_agriculture,Gmm64,Male,Male Youth,No disability,Kano,Garum_Mallam
3e011dea-3759-4e3e-b0be-a40bdf89b8e5,2024-02-06,ICT_solutions_for_agriculture,Gwa27,Female,Female Youth,No disability,FCT,Gwagwalada_Area_Council
dbc47734-5570-4056-b838-048d40c15938,2024-02-03,ICT_solutions_for_agriculture,Gmm65,Male,Male Youth,No disability,Kano,Garum_Mallam
b411da81-e679-45b4-b3df-a41e690421c6,2024-02-06,ICT_solutions_for_agriculture,Gwa28,Female,Female Youth,No disability,FCT,Gwagwalada_Area_Council
c9b36805-6173-4fee-855d-6e7382bc47e5,2024-02-07,GAP_&_crop_management,Gwa28,Female,Female Youth,No disability,FCT,Gwagwalada_Area_Council
3cc5844e-af06-4ff1-abfd-c1c5afd904ed,2024-02-03,ICT_solutions_for_agriculture,Gmm66,Male,Male Youth,No disability,Kano,Garum_Mallam
08557412-c1a9-4a1a-a012-a9e0bf69655a,2024-02-06,ICT_solutions_for_agriculture,Kuj02,Female,Female Youth,No disability,FCT,Kuje_Area_Council
ae597015-9d55-468d-862e-b5812e43611d,2024-02-03,ICT_solutions_for_agriculture,Gmm67,Male,Male Youth,No disability,Kano,Garum_Mallam
104ef6de-8d74-441d-800a-4050089eeaa8,2024-02-06,ICT_solutions_for_agriculture,Kuj03,Female,Female Youth,No disability,FCT,Kuje_Area_Council
4438e4bf-0753-42cf-912f-1425a59c3ce0,2024-02-03,ICT_solutions_for_agriculture,Gmm68,Male,Male Youth,No disability,Kano,Garum_Mallam
3667d85a-06ed-4b80-bc62-308fa358870a,2024-02-06,ICT_solutions_for_agriculture,Kuj04,Male,Male Youth,No disability,FCT,Kuje_Area_Council
422103f5-1db6-4beb-a9b6-559562cb842b,2024-02-07,ICT_solutions_for_agriculture,Kuj05,Female,Female Youth,No disability,FCT,Kuje_Area_Council
2f04bf4f-4982-48f7-9f34-520ae068b682,2024-02-03,ICT_solutions_for_agriculture,Gmm69,Male,Male Youth,No disability,Kano,Garum_Mallam
d6edfb52-83ff-4644-b62e-c1d204ce7b0c,2024-02-03,ICT_solutions_for_agriculture,Gmm70,Male,Male Youth,No disability,Kano,Garum_Mallam
0d1cbe60-3de3-403e-b105-cb8289fa56a1,2024-02-03,ICT_solutions_for_agriculture,Kir01,Female,Female Youth,No disability,Kano,Garum_Mallam
9e46772d-2a0d-449b-8914-09b2dfc039e4,2024-02-03,ICT_solutions_for_agriculture,Kir02,Female,Female Youth,No disability,Kano,Garum_Mallam
4f50b5fb-dbfc-4214-8fee-95fa413506e8,2024-02-03,ICT_solutions_for_agriculture,Kir03,Female,Female Youth,No disability,Kano,Kiru
ad22470d-1469-4596-ae77-188216223cc4,2024-02-03,ICT_solutions_for_agriculture,Kir05,Female,Female Youth,No disability,Kano,Kiru
58f602ea-2265-4296-9b4d-9c658b8f03cd,2024-02-03,ICT_solutions_for_agriculture,Kir04,Female,Female Youth,No disability,Kano,Kiru
83c0275b-a778-4800-92f0-fd118661d405,2024-02-03,ICT_solutions_for_agriculture,Kir06,Male,Male Youth,No disability,Kano,Kiru
ce00b322-33f9-4e04-aa33-24c7de54542c,2024-02-03,ICT_solutions_for_agriculture,Kir07,Male,Male Youth,No disability,Kano,Garum_Mallam
2eae3e82-d2cf-4a3c-b110-461a36d9149c,2024-02-03,ICT_solutions_for_agriculture,Kir08,Male,Male Youth,No disability,Kano,Garum_Mallam
02a44acd-5a5a-4efc-9f96-2c205712b769,2024-02-03,ICT_solutions_for_agriculture,Kir09,Male,Male Youth,No disability,Kano,Garum_Mallam
d14e4fe9-8776-476f-a9e1-bf95334f1c2b,2024-02-03,ICT_solutions_for_agriculture,Kir10,Male,Male Youth,No disability,Kano,Kiru
586a05cc-3129-46b3-af0f-56e9a8a3d9aa,2024-02-03,ICT_solutions_for_agriculture,Kir11,Female,Female Youth,No disability,Kano,Kiru
51638ccc-c9ae-4f99-b148-8643a0590a93,2024-02-03,ICT_solutions_for_agriculture,Kir12,Female,Female Youth,No disability,Kano,Kiru
e9f14592-3bef-4b46-bcdb-e15f7940bc14,2024-02-03,ICT_solutions_for_agriculture,Kir13,Female,Female Youth,No disability,Kano,Kiru
4b78a122-e6ba-421d-a9f8-6f695e24d30c,2024-02-03,ICT_solutions_for_agriculture,Kir14,Male,Male Youth,No disability,Kano,Kiru
97ac1ad3-4b5b-44c9-b3b8-d3c286bacf95,2024-02-03,ICT_solutions_for_agriculture,Kir15,Male,Male Youth,No disability,Kano,Kiru
64ea7fa6-7aea-485e-a724-f2e5adde98fb,2024-02-03,ICT_solutions_for_agriculture,Kir16,Male,Male Youth,No disability,Kano,Kiru
6b5992ee-60e4-4ca2-ac8e-870917ac3ad3,2024-02-03,ICT_solutions_for_agriculture,Kir17,Male,Male Youth,No disability,Kano,Kiru
e41f8f18-29b7-4857-b0dd-5f37d9bdbf9d,2024-02-03,ICT_solutions_for_agriculture,Kir18,Male,Male Youth,No disability,Kano,Kiru
5521e056-7d5f-47bc-a3f0-52754702b88d,2024-02-03,ICT_solutions_for_agriculture,Kir19,Male,Male Youth,No disability,Kano,Kiru
30dbbdef-23fd-457c-b0fd-f24ae70080ba,2024-02-03,ICT_solutions_for_agriculture,Kir20,Male,Male Youth,No disability,Kano,Kiru
7fe5ed30-f40b-4c67-a840-9c086324ef59,2024-02-03,ICT_solutions_for_agriculture,Kir21,Female,Female Youth,No disability,Kano,Kiru
4efd8369-c389-4d59-80f3-991ba381b292,2024-02-03,ICT_solutions_for_agriculture,Kir22,Male,Male Youth,No disability,Kano,Kiru
a443abae-1777-4afe-8fce-5c6222406622,2024-02-09,ICT_solutions_for_agriculture,Kur01,Female,Female Youth,No disability,Kano,Kura
4321cbd4-b4e2-44ec-9e12-a29db5f92d36,2024-02-03,ICT_solutions_for_agriculture,Kur02,Female,Female Youth,No disability,Kano,Kura
8c69fe1e-0494-4ee8-85a1-9af00e83c29c,2024-02-03,ICT_solutions_for_agriculture,Kur03,Female,Female Youth,No disability,Kano,Kura
609ba506-f138-4d3e-9440-d2d1112ff27a,2024-02-04,ICT_solutions_for_agriculture,Kur04,Female,Female Youth,No disability,Kano,Kura
80e96914-0662-46e0-a441-849cc29df17c,2024-02-03,ICT_solutions_for_agriculture,Kur05,Female,Female Youth,No disability,Kano,Kura
1bfe5689-1a95-48c1-b43f-1758a1b38fc3,2024-02-06,ICT_solutions_for_agriculture,Kur06,Female,Female Youth,No disability,Kano,Kura
281db2b4-0ef6-4509-a21f-413c63ea629d,2024-02-06,ICT_solutions_for_agriculture,Kuj06,Female,Female Youth,No disability,FCT,Kuje_Area_Council
eaf35e32-eb5f-4ee0-a972-d7ebf8721dea,2024-02-03,ICT_solutions_for_agriculture,Kur07,Female,Female Youth,No disability,Kano,Kura
da5e0a0b-29b7-463f-a6c3-d69a985f834d,2024-02-03,ICT_solutions_for_agriculture,Kur09,Male,Male Youth,No disability,Kano,Kura
729e3da5-8da8-4325-a31a-b4cea9eb7031,2024-02-06,ICT_solutions_for_agriculture,Kwl08,Male,Male Youth,No disability,FCT,Kwali_Area_Council
6abbfd7d-4a86-40cd-9508-9eb512419bf6,2024-02-03,ICT_solutions_for_agriculture,Kur11,Male,Male Youth,No disability,Kano,Kura
3a3ae8dd-0ffd-4959-891a-47b790c0bc91,2024-02-05,"Group_formation,_and_dynamics_for_financial_inclusion",Kwl09,Female,Female Youth,No disability,FCT,Kwali_Area_Council
2bdef70b-544a-4f7d-b9f4-fb3f3381dd59,2024-02-03,ICT_solutions_for_agriculture,Kur12,Male,Male Youth,No disability,Kano,Kura
c1ffd5c6-25dd-4b4c-b6a5-93bd4d6a3523,2024-02-06,ICT_solutions_for_agriculture,Kwl09,Female,Female Youth,No disability,FCT,Kwali_Area_Council
58e87bbd-567a-414d-a84f-f03b064f122e,2024-02-03,ICT_solutions_for_agriculture,Kur13,Male,Male Youth,No disability,Kano,Kura
00ce9edf-a38d-45aa-8a62-0124d62655fa,2024-02-04,ICT_solutions_for_agriculture,Kur14,Male,Male Youth,No disability,Kano,Kura
fb4d7bc4-db6d-4103-86d9-ef39803d10e2,2024-02-03,ICT_solutions_for_agriculture,Ran01,Female,Female Youth,No disability,Kano,Kura
130ce448-8268-4472-a6de-9f7be948c493,2024-02-03,ICT_solutions_for_agriculture,Ran02,Female,Female Youth,No disability,Kano,Rano
368437ec-1193-49e9-80a5-e1da55de9c82,2024-02-06,ICT_solutions_for_agriculture,Kwl10,Male,Male Youth,No disability,FCT,Kwali_Area_Council
c9c68a52-1171-4f8b-ae35-9a0c97229b3e,2024-02-03,ICT_solutions_for_agriculture,Ran03,Female,Female Youth,No disability,Kano,Rano
2d920873-fab5-460e-b723-bf6be260122e,2024-02-04,ICT_solutions_for_agriculture,Ran04,Female,Female Youth,No disability,Kano,Rano
eb764db6-1abd-46ea-a4af-57648ddc9d75,2024-02-03,ICT_solutions_for_agriculture,Ran05,Female,Female Youth,No disability,Kano,Rano
a4051056-812d-4a80-9fd5-b5bef77ba5c7,2024-02-06,ICT_solutions_for_agriculture,Kwl11,Female,Female Youth,No disability,FCT,Kwali_Area_Council
264ff62c-8a22-4a9d-bca7-713153da401e,2024-02-03,ICT_solutions_for_agriculture,Ran06,Female,Female Youth,No disability,Kano,Rano
ade617b8-0f88-429f-8ed0-190e09925e79,2024-02-03,ICT_solutions_for_agriculture,Ran07,Female,Female Youth,No disability,Kano,Rano
761accc0-509c-4fbb-86dd-14861f43f33a,2024-02-06,ICT_solutions_for_agriculture,Kwl12,Male,Male Youth,No disability,FCT,Kwali_Area_Council
c8601be8-37da-4223-92be-1e849ad739c6,2024-02-03,ICT_solutions_for_agriculture,Ran08,Female,Female Youth,No disability,Kano,Rano
1b7a38ce-98e1-4a16-b7eb-2de276b99797,2024-02-05,"Group_formation,_and_dynamics_for_financial_inclusion",Kwl13,Female,Female Youth,No disability,FCT,Kwali_Area_Council
8947d985-605f-44f3-bc3c-11c9f6c57de2,2024-02-03,ICT_solutions_for_agriculture,Ran09,Male,Male Youth,No disability,Kano,Rano
50b3e440-af13-4537-87da-eed14247d1ae,2024-02-06,ICT_solutions_for_agriculture,Kwl13,Female,Female Youth,No disability,FCT,Kwali_Area_Council
ea5c2d2d-a3a0-4b3f-b992-271ad40c8ec1,2024-02-03,ICT_solutions_for_agriculture,Ran10,Male,Male Youth,No disability,Kano,Rano
813a51ce-a30b-4a59-883e-839e78076b6f,2024-02-07,GAP_&_crop_management,Kwl13,Female,Female Youth,No disability,FCT,Kwali_Area_Council
5f9678b7-111e-4a05-9fac-1321a8869cf2,2024-02-03,ICT_solutions_for_agriculture,Ran11,Male,Male Youth,No disability,Kano,Rano
cec6b4f7-cd13-4ccb-8d77-a18c3904591c,2024-02-03,ICT_solutions_for_agriculture,Ran12,Male,Male Youth,No disability,Kano,Rano
88de0955-6da4-4543-b940-e4965daa9b8b,2024-02-06,ICT_solutions_for_agriculture,Kwl14,Male,Male Youth,No disability,FCT,Kwali_Area_Council
a6829086-aa4a-4b27-8350-b40f226e9c93,2024-02-03,ICT_solutions_for_agriculture,Ran13,Male,Male Youth,No disability,Kano,Rano
fc56d74e-3cd8-48a0-8304-9f92c55e8e04,2024-02-04,ICT_solutions_for_agriculture,Ika11,Male,Male Youth,No disability,Kaduna,Ikara
d9d6d1b6-cd21-4f7b-9751-471e9c007a1a,2024-02-03,ICT_solutions_for_agriculture,Ran14,Male,Male Youth,No disability,Kano,Rano
68112109-cfd6-4326-8efc-c3c521638435,2024-02-04,ICT_solutions_for_agriculture,Ika12,Male,Male Youth,No disability,Kaduna,Ikara
1830129c-9735-4b9d-83de-2217199f6156,2024-02-04,ICT_solutions_for_agriculture,Ika13,Male,Male Youth,No disability,Kaduna,Ikara
b9112062-336a-4556-ac41-78e7bdd25694,2024-02-04,ICT_solutions_for_agriculture,Ika14,Male,Male Youth,No disability,Kaduna,Ikara
8ee7310d-83d1-4836-8402-75d6e3b302c9,2024-02-04,ICT_solutions_for_agriculture,Ika15,Male,Male Youth,No disability,Kaduna,Ikara
2323f7fa-f222-46ab-b4eb-96f0146be7d1,2024-02-04,ICT_solutions_for_agriculture,Ika16,Male,Male Youth,No disability,Kaduna,Ikara
5d931d24-3af2-42b5-b033-b070c77756fa,2024-02-04,ICT_solutions_for_agriculture,Ika17,Male,Male Youth,No disability,Kaduna,Ikara
56e39faa-2087-45bf-a248-6e6df7fc450f,2024-02-04,ICT_solutions_for_agriculture,Ika18,Male,Male Youth,No disability,Kaduna,Ikara
b28cc3f0-13d9-40e7-b856-180bf6267dab,2024-02-04,ICT_solutions_for_agriculture,Ika19,Male,Male Youth,No disability,Kaduna,Ikara
b3507dae-2cb3-4139-9c6a-a7de150f0f92,2024-02-04,ICT_solutions_for_agriculture,Ika20,Male,Male Youth,No disability,Kaduna,Ikara
58f8e637-3894-4f4a-aaef-8aaaddcd66d4,2024-02-04,ICT_solutions_for_agriculture,Ika21,Male,Male Youth,No disability,Kaduna,Ikara
19c18058-c30e-4689-82d7-d5195edc57b4,2024-02-04,ICT_solutions_for_agriculture,Ika22,Male,Male Youth,No disability,Kaduna,Ikara
7348b647-fbbe-4395-b338-4b4d18e2f7bb,2024-02-04,ICT_solutions_for_agriculture,Ika23,Female,Female Youth,No disability,Kaduna,Ikara
f6686e9c-ef4c-49ef-ba50-fb0bb66c03d1,2024-02-04,ICT_solutions_for_agriculture,Ika24,Female,Female Youth,No disability,Kaduna,Ikara
ef32d3d1-22ea-481e-a311-871660c2f61d,2024-02-04,ICT_solutions_for_agriculture,Ika25,Female,Female Youth,No disability,Kaduna,Ikara
be513a55-7dcd-4d3f-af99-972036ee62f4,2024-02-04,ICT_solutions_for_agriculture,Ika26,Female,Female Youth,No disability,Kaduna,Ikara
fbabf2d0-a2b2-4524-9a95-2e8008206a60,2024-02-04,ICT_solutions_for_agriculture,Ika27,Female,Female Youth,No disability,Kaduna,Ikara
7a1285a0-5fcf-4ee5-befa-51e77448e95b,2024-02-04,ICT_solutions_for_agriculture,Ika28,Female,Female Youth,No disability,Kaduna,Ikara
a3a9b8ff-35fc-43f4-b5d7-1f68d5e44e55,2024-02-04,ICT_solutions_for_agriculture,Ika29,Female,Female Youth,No disability,Kaduna,Ikara
604428bc-b5ae-4877-a61e-c3f1f9ac07c9,2024-02-04,ICT_solutions_for_agriculture,Ika30,Female,Female Youth,No disability,Kaduna,Ikara
98671f2b-b781-4a9a-b595-80f670f4088a,2024-02-04,ICT_solutions_for_agriculture,Ika31,Male,Male Youth,No disability,Kaduna,Ikara
5710e020-35f4-4809-a855-60027ce5b835,2024-02-04,ICT_solutions_for_agriculture,Ika32,Male,Male Youth,No disability,Kaduna,Ikara
abbc6a8f-bbc4-4077-890a-69105b0775bb,2024-02-04,ICT_solutions_for_agriculture,Ika33,Female,Female Youth,No disability,Kaduna,Ikara
ad17a15a-a43c-451a-9a6d-83e2dcdeebba,2024-02-04,ICT_solutions_for_agriculture,Ika34,Female,Female Youth,No disability,Kaduna,Ikara
9aa70c1a-1edb-4440-8b52-a4a65b558dff,2024-02-04,ICT_solutions_for_agriculture,Ika35,Male,Male Youth,No disability,Kaduna,Ikara
ed142909-154e-4662-b7bf-f39859039e2c,2024-02-04,ICT_solutions_for_agriculture,Ika36,Male,Male Youth,No disability,Kaduna,Ikara
d0720c7a-1088-492f-9580-6d5c81885e25,2024-02-04,ICT_solutions_for_agriculture,Alk01,Male,Male Youth,No disability,Bauchi,Alkaleri
fa8c2bc0-f928-4d5f-a19f-b5e2de84ac6d,2024-02-04,ICT_solutions_for_agriculture,Alk02,Male,Male Youth,No disability,Bauchi,Alkaleri
8e752a0a-2c10-4253-98d7-4a7b3085650c,2024-02-04,ICT_solutions_for_agriculture,Alk03,Female,Female Youth,No disability,Bauchi,Alkaleri
2ee46ae7-398b-4dfd-9d8a-85fe82311115,2024-02-04,ICT_solutions_for_agriculture,Bau10,Male,Male Youth,No disability,Bauchi,Bauchi
5788d2b7-1188-4ad9-a7ac-c686f203661d,2024-02-04,ICT_solutions_for_agriculture,Bau11,Female,Female Youth,No disability,Bauchi,Bauchi
991e310b-1f0a-4895-9d0b-b6a7ca63f4a6,2024-02-03,ICT_solutions_for_agriculture,Rig02,Female,Female Youth,No disability,Kano,Rimi_Gado
36cc4526-c52b-45ac-8d32-bed0f824bafa,2024-02-04,ICT_solutions_for_agriculture,Bau12,Male,Male Youth,No disability,Bauchi,Bauchi
e0d355a7-de73-424e-83c5-9f3da8c115c0,2024-02-03,ICT_solutions_for_agriculture,Rig03,Female,Female Youth,No disability,Kano,Rimi_Gado
6d19b6b5-afda-40be-a3aa-daf6e3ab8e52,2024-02-04,ICT_solutions_for_agriculture,Bau13,Male,Male Youth,No disability,Bauchi,Bauchi
939afd77-64c0-4da4-861b-1867adc40021,2024-02-03,ICT_solutions_for_agriculture,Rig04,Female,Female Youth,No disability,Kano,Rimi_Gado
243184ed-7078-4701-b124-79c9c011a5c9,2024-02-04,ICT_solutions_for_agriculture,Bau14,Female,Female Youth,No disability,Bauchi,Bauchi
56b6d80a-2dac-45b0-bc64-611065e59501,2024-02-04,ICT_solutions_for_agriculture,Bau15,Male,Male Youth,No disability,Bauchi,Bauchi
48ff4b89-9194-47a5-a6bd-570296555dcb,2024-02-04,ICT_solutions_for_agriculture,Bau16,Male,Male Youth,No disability,Bauchi,Bauchi
78a59435-2478-486f-b6a3-3097de9176e0,2024-02-03,ICT_solutions_for_agriculture,Rig05,Female,Female Youth,No disability,Kano,Rimi_Gado
b3d5992a-25ea-42f6-83f9-977b466a4c9b,2024-02-04,ICT_solutions_for_agriculture,Bau17,Female,Female Youth,No disability,Bauchi,Bauchi
95207503-6adb-4098-ac06-1dbc04ab31ce,2024-02-03,ICT_solutions_for_agriculture,Rig06,Female,Female Youth,No disability,Kano,Rimi_Gado
4e231acc-94bb-4d98-aa77-e266186f18e8,2024-02-04,ICT_solutions_for_agriculture,Das07,Male,Male Youth,No disability,Bauchi,Dass
566678aa-dd9a-4927-870d-50f609cf5280,2024-02-04,ICT_solutions_for_agriculture,Das08,Male,Male Youth,No disability,Bauchi,Dass
982b6d39-57f7-4afe-bed6-3e99a772aad3,2024-02-03,ICT_solutions_for_agriculture,Rig07,Female,Female Youth,No disability,Kano,Rimi_Gado
1adca237-250a-4a1c-b5df-01e14e3357ad,2024-02-04,ICT_solutions_for_agriculture,Das09,Male,Male Youth,No disability,Bauchi,Dass
6e636ef6-e84d-494d-892c-0f5c4c62b359,2024-02-04,ICT_solutions_for_agriculture,Das10,Female,Female Youth,No disability,Bauchi,Dass
dd712c95-c831-4049-86c7-648ab223d830,2024-02-04,ICT_solutions_for_agriculture,Gan08,Female,Female Youth,No disability,Bauchi,Ganjuwa
b5dd1ab0-ee4a-4ef8-8301-c40d314054ac,2024-02-04,ICT_solutions_for_agriculture,Gan09,Male,Male Youth,No disability,Bauchi,Ganjuwa
b6b8c860-8945-4c81-8d4f-cf56a6bf588e,2024-02-04,ICT_solutions_for_agriculture,Gan10,Male,Male Youth,No disability,Bauchi,Ganjuwa
1e13d27b-d6ef-475a-96cf-ba32180dedcb,2024-02-03,ICT_solutions_for_agriculture,Rig08,Male,Male Youth,No disability,Kano,Rimi_Gado
c19c352a-588d-4332-beee-c9d5587d1d6a,2024-02-04,ICT_solutions_for_agriculture,Gan11,Female,Female Youth,No disability,Bauchi,Ganjuwa
a02cf8e3-a350-4a48-b177-015f9a895d63,2024-02-04,ICT_solutions_for_agriculture,Nin14,Female,Female Youth,No disability,Bauchi,Ningi
5fd45dca-42e6-414b-b738-24254febb856,2024-02-04,ICT_solutions_for_agriculture,Nin15,Female,Female Youth,No disability,Bauchi,Ningi
3d0426c4-c508-45dd-9455-58596de78f41,2024-02-04,ICT_solutions_for_agriculture,Nin16,Male,Male Youth,No disability,Bauchi,Ningi
f86d1b1e-97e1-41f9-87db-ed8a0f808224,2024-02-04,ICT_solutions_for_agriculture,Nin17,Male,Male Youth,No disability,Bauchi,Ningi
1d0b9156-a45c-49ad-bcf6-a8b76fe5621c,2024-02-03,ICT_solutions_for_agriculture,Rig09,Male,Male Youth,No disability,Kano,Rimi_Gado
61c66a23-31ca-4849-a34e-d11b4125c2e5,2024-02-03,ICT_solutions_for_agriculture,Rig10,Male,Male Youth,No disability,Kano,Rimi_Gado
8e8a014d-b140-494c-bc47-ef153c0ebaad,2024-02-03,ICT_solutions_for_agriculture,Rig11,Male,Male Youth,No disability,Kano,Rimi_Gado
a6f3e541-c3d6-44d2-9781-345243962395,2024-02-03,ICT_solutions_for_agriculture,Rig12,Male,Male Youth,No disability,Kano,Rimi_Gado
e351ecd3-262f-4783-ac84-2406a8bc67b3,2024-02-03,ICT_solutions_for_agriculture,Rig13,Male,Male Youth,No disability,Kano,Rogo
6a9a8cd8-43e5-44b5-8113-2d5ff61f7e3f,2024-02-03,ICT_solutions_for_agriculture,Rig14,Male,Male Youth,No disability,Kano,Rimi_Gado
70abd418-b5a2-4b9a-9f20-251e1c0c95ac,2024-02-03,ICT_solutions_for_agriculture,Rig15,Male,Male Youth,No disability,Kano,Rimi_Gado
bc9f597d-38d8-4a70-aeb0-0a205212495c,2024-02-04,ICT_solutions_for_agriculture,Taf02,Female,Female Youth,No disability,Bauchi,Tafawa_Balewa
8a7933fb-acf0-429e-8f91-e68d2e404105,2024-02-04,ICT_solutions_for_agriculture,Taf03,Male,Male Youth,No disability,Bauchi,Tafawa_Balewa
44852165-c6d6-4a4e-a818-84941a6433b5,2024-02-03,ICT_solutions_for_agriculture,Rig16,Male,Male Youth,No disability,Kano,Rimi_Gado
369179d3-b41a-4f6b-9a89-44f3c8185bd5,2024-02-04,ICT_solutions_for_agriculture,Taf04,Male,Male Youth,No disability,Bauchi,Tafawa_Balewa
53689373-ccf4-4a32-bd34-4a87a357e4dd,2024-02-04,ICT_solutions_for_agriculture,Taf05,Male,Male Youth,No disability,Bauchi,Tafawa_Balewa
9be6e4f4-017c-459c-9954-19369f4c9945,2024-02-04,ICT_solutions_for_agriculture,Tor02,Male,Male Youth,No disability,Bauchi,Toro
f099f190-d9be-451f-92fa-5ff131dca593,2024-02-04,ICT_solutions_for_agriculture,Tor03,Male,Male Youth,No disability,Bauchi,Toro
ae97db37-1e83-4457-aa81-1a392f224e6b,2024-02-03,ICT_solutions_for_agriculture,Rig17,Male,Male Youth,No disability,Kano,Rimi_Gado
dcb8629d-283a-4d82-b232-ac7245b2f0b2,2024-02-03,ICT_solutions_for_agriculture,Tof69,Male,Male Youth,No disability,Kano,Tofa
99c7a22c-2e16-4d46-9847-5e7574b158a3,2024-02-03,ICT_solutions_for_agriculture,Tof70,Female,Female Youth,No disability,Kano,Tofa
c3d96fbb-f2b9-4226-b9bc-6c93c5689650,2024-02-03,ICT_solutions_for_agriculture,Tof71,Male,Male Youth,No disability,Kano,Tofa
e68c8737-0039-4930-a5d4-11829ea0cbae,2024-02-03,ICT_solutions_for_agriculture,Tof72,Male,Male Youth,No disability,Kano,Tofa
ebb2718a-3a75-4a8c-8de8-8f5467f8d405,2024-02-03,ICT_solutions_for_agriculture,Tun01,Female,Female Youth,No disability,Kano,Tudun_Wada
cbf6c73f-50d3-458b-b978-caead8169082,2024-02-03,ICT_solutions_for_agriculture,Tun02,Female,Female Youth,No disability,Kano,Tudun_Wada
9a75ba9d-24db-4594-aa09-66d716992399,2024-02-03,ICT_solutions_for_agriculture,Tun03,Female,Female Youth,No disability,Kano,Tudun_Wada
1eefce72-ec66-4ac8-8ab3-f008ee26b623,2024-02-03,ICT_solutions_for_agriculture,Tun04,Female,Female Youth,No disability,Kano,Tudun_Wada
7953d50e-6dac-45bc-93ef-996cfe2c5a68,2024-02-03,ICT_solutions_for_agriculture,Tun05,Female,Female Youth,No disability,Kano,Tudun_Wada
ca9e85c4-5f0b-4ceb-989b-f18c8c37426e,2024-02-04,ICT_solutions_for_agriculture,Tor04,Female,Female Youth,No disability,Bauchi,Toro
a51f3627-cca4-4d9a-aa8a-52db01f2becd,2024-02-03,ICT_solutions_for_agriculture,Tun06,Female,Female Youth,No disability,Kano,Tudun_Wada
78e147d7-a51d-4e55-b39d-846ac0777023,2024-02-04,ICT_solutions_for_agriculture,Tor05,Male,Male Youth,No disability,Bauchi,Toro
ca19e19f-d279-427c-bd42-06c1812fb1a3,2024-02-07,ICT_solutions_for_agriculture,Tun07,Female,Female Youth,No disability,Kano,Tudun_Wada
92c4c67f-0d48-4404-ad3e-7e85b7a503e3,2024-02-04,ICT_solutions_for_agriculture,War03,Male,Male Youth,No disability,Bauchi,Warji
99b31363-f944-4135-93b5-d68e915b489f,2024-02-03,ICT_solutions_for_agriculture,Tun08,Female,Female Youth,No disability,Kano,Tudun_Wada
b596fb08-db9d-4f0d-bb9d-c06a43e1229b,2024-02-04,ICT_solutions_for_agriculture,War04,Male,Male Youth,No disability,Bauchi,Warji
c9d54020-00e2-4631-903b-4b06369f2997,2024-02-03,ICT_solutions_for_agriculture,Tun09,Female,Female Youth,No disability,Kano,Tudun_Wada
fc51e93e-6ec1-48fc-9e32-fe86ea07ce41,2024-02-04,ICT_solutions_for_agriculture,War05,Female,Female Youth,No disability,Bauchi,Warji
75f1d8f3-8c6a-4673-89da-5866e976ba47,2024-02-03,ICT_solutions_for_agriculture,Tun10,Female,Female Youth,No disability,Kano,Tudun_Wada
2210e451-a489-4a24-b87c-6f996e7c2eaa,2024-02-04,ICT_solutions_for_agriculture,Akk01,Male,Male Youth,No disability,Gombe,Akko
e6ceba42-fc1a-483b-87ff-f89f596a1c53,2024-02-04,ICT_solutions_for_agriculture,Akk02,Female,Female Youth,No disability,Gombe,Akko
4dfdf0bf-9ccb-42f0-9597-3073bf9d6c90,2024-02-04,ICT_solutions_for_agriculture,Akk03,Male,Male Youth,No disability,Gombe,Akko
d508eba6-dff6-47a4-89cd-d940b55a2bf0,2024-02-04,ICT_solutions_for_agriculture,Akk04,Female,Female Youth,No disability,Gombe,Akko
5a2a7f5e-b872-4f7d-a3df-a512ab0c1566,2024-02-04,ICT_solutions_for_agriculture,Akk05,Male,Male Youth,No disability,Gombe,Akko
524b0baa-3926-4f24-9181-4d5164f959a1,2024-02-04,ICT_solutions_for_agriculture,Akk06,Male,Male Youth,Persons with disability,Gombe,Akko
c5fb58fc-d26a-42e8-8107-205d892f6a5c,2024-02-04,ICT_solutions_for_agriculture,Bill01,Female,Female Youth,No disability,Gombe,Billiri
b0eeb267-e8db-4cf4-b05b-b918025eea97,2024-02-04,ICT_solutions_for_agriculture,Bill02,Female,Female Youth,No disability,Gombe,Billiri
564bbff6-b10a-48ed-b861-1ba31ec8f569,2024-02-04,ICT_solutions_for_agriculture,Bill03,Female,Female Youth,No disability,Gombe,Billiri
c81456f5-3695-457f-a6a7-457be42955f1,2024-02-04,ICT_solutions_for_agriculture,Bill04,Female,Female Youth,No disability,Gombe,Billiri
78150fec-ff27-4223-9ff5-d50b1a950500,2024-02-04,ICT_solutions_for_agriculture,Bill05,Female,Female Youth,No disability,Gombe,Billiri
fe7a996c-09f1-4f2d-8032-9792d775741e,2024-02-04,ICT_solutions_for_agriculture,Bill06,Male,Male Youth,No disability,Gombe,Billiri
46475266-4372-44e4-9407-4fe15e9d1c43,2024-02-04,ICT_solutions_for_agriculture,Bill07,Male,Male Youth,No disability,Gombe,Billiri
4161285c-a474-4061-b177-bde52eb26412,2024-02-04,ICT_solutions_for_agriculture,Bill08,Male,Male Youth,No disability,Gombe,Billiri
a6fe8887-abab-4bb9-a81d-aac93d546d66,2024-02-04,ICT_solutions_for_agriculture,Bill09,Female,Female Youth,No disability,Gombe,Billiri
6427dc2c-e3c4-40f3-94ee-4a98d05bb7ea,2024-02-04,ICT_solutions_for_agriculture,Kal12,Female,Female Youth,No disability,Gombe,Kaltungo
7309c720-e4bb-431b-b9e1-5a2512d9e4a6,2024-02-04,ICT_solutions_for_agriculture,Kal13,Male,Male Youth,No disability,Gombe,Kaltungo
81ca6f99-0939-4d90-a156-633b4fcb2330,2024-02-04,ICT_solutions_for_agriculture,Kal14,Female,Female Youth,No disability,Gombe,Kaltungo
d7297160-8eb3-4316-b999-025b4ba1ffc0,2024-02-04,ICT_solutions_for_agriculture,Kal15,Female,Female Youth,No disability,Gombe,Kaltungo
55aab96a-39b9-4638-9ee2-99de939c87bd,2024-02-04,ICT_solutions_for_agriculture,Kal16,Male,Male Youth,No disability,Gombe,Kaltungo
e75739aa-d079-417b-8418-bb44284dfac6,2024-02-04,ICT_solutions_for_agriculture,Kal17,Female,Female Youth,No disability,Gombe,Kaltungo
9fbafd1a-6d20-4c35-9adf-5643de14305f,2024-02-04,ICT_solutions_for_agriculture,Kal18,Female,Female Youth,No disability,Gombe,Kaltungo
79da98fd-5bbd-423a-b255-28c07c7c75da,2024-02-04,ICT_solutions_for_agriculture,Kal19,Female,Female Youth,No disability,Gombe,Kaltungo
b959d275-b283-4204-9a81-be06dbf06a58,2024-02-04,ICT_solutions_for_agriculture,Kwa29,Male,Male Youth,No disability,Gombe,Kwami
ecf98953-987e-454d-8c4d-8c7da097a787,2024-02-04,ICT_solutions_for_agriculture,Sha01,Male,Male Youth,No disability,Gombe,Shongom
9f329c02-98ef-4acc-bf54-94a7a7d722dd,2024-02-04,ICT_solutions_for_agriculture,Sha02,Male,Male Youth,No disability,Gombe,Shongom
ffaed61f-dcec-4ce7-8f7b-816ae7b7310f,2024-02-04,ICT_solutions_for_agriculture,Sha03,Female,Female Youth,No disability,Gombe,Shongom
b2f6d372-1960-4329-9df3-627e47da4f04,2024-02-04,ICT_solutions_for_agriculture,Sha04,Female,Female Youth,No disability,Gombe,Shongom
3e452e06-81a1-4595-8ea5-1d5911976221,2024-02-04,ICT_solutions_for_agriculture,Sha05,Female,Female Youth,No disability,Gombe,Shongom
6c2c5130-cf23-4023-ad67-65e2de383795,2024-02-04,ICT_solutions_for_agriculture,Sha06,Male,Male Youth,No disability,Gombe,Shongom
91c76362-6bf9-4fba-9f27-77dbcb994038,2024-02-04,ICT_solutions_for_agriculture,Gom18,Male,Male Youth,No disability,Gombe,Gombe
07dbe303-327e-45fe-9bf6-d46cd2b78c2b,2024-02-04,ICT_solutions_for_agriculture,Gom20,Female,Female Youth,No disability,Gombe,Gombe
2d90ae84-a80e-4251-b60f-1871e0024e6f,2024-02-04,ICT_solutions_for_agriculture,Gom21,Female,Female Youth,No disability,Gombe,Gombe
dc152e92-d593-4c07-981a-9eb8f3cc89c6,2024-02-04,ICT_solutions_for_agriculture,Gom22,Female,Female Youth,No disability,Gombe,Gombe
92865b3e-8837-4b1a-92f6-e2cb750a9d33,2024-02-03,ICT_solutions_for_agriculture,Tun12,Female,Female Youth,No disability,Kano,Tudun_Wada
c9de81fb-889e-422b-adac-11f857c35aac,2024-02-04,ICT_solutions_for_agriculture,Gom23,Female,Female Youth,No disability,Gombe,Gombe
02d5c4a8-ff2a-4e05-8c11-c2c48e4acf39,2024-02-04,ICT_solutions_for_agriculture,Gom24,Female,Female Youth,No disability,Gombe,Gombe
7c45aa2b-c48e-4dfc-ba7c-4fb824a1c625,2024-02-04,ICT_solutions_for_agriculture,Gom25,Female,Female Youth,No disability,Gombe,Gombe
5efa705c-a60b-45ed-8313-bcc02390a381,2024-02-03,ICT_solutions_for_agriculture,Tun13,Male,Male Youth,No disability,Kano,Tudun_Wada
431eb0f1-c9b3-4440-8c8c-9c10bbe289c9,2024-02-03,ICT_solutions_for_agriculture,Tun15,Male,Male Youth,No disability,Kano,Tudun_Wada
da58348d-6a0f-4c3d-840b-c837a188cbbe,2024-02-04,ICT_solutions_for_agriculture,Gom26,Male,Male Youth,No disability,Gombe,Gombe
0204ac5d-28a8-4c78-92cf-3647e3d83806,2024-02-03,ICT_solutions_for_agriculture,Tun16,Male,Male Youth,No disability,Kano,Tudun_Wada
b882f4f7-26d4-4802-ae5b-2309772cf58e,2024-02-04,ICT_solutions_for_agriculture,Gom28,Male,Male Youth,No disability,Gombe,Gombe
a3d82440-ee0f-46c6-baf1-927739c92d80,2024-02-04,ICT_solutions_for_agriculture,Gom29,Male,Male Youth,No disability,Gombe,Gombe
5b31dac1-d04c-4e0e-905e-32e2779ef0d8,2024-02-03,ICT_solutions_for_agriculture,Tun18,Male,Male Youth,No disability,Kano,Tudun_Wada
ff6c1cd2-b295-4f9c-b253-f832c875898b,2024-02-03,ICT_solutions_for_agriculture,Tun19,Male,Male Youth,No disability,Kano,Tudun_Wada
15cee76e-e1b6-4502-9ee0-036d9fbf63ff,2024-02-03,ICT_solutions_for_agriculture,Tun21,Male,Male Youth,No disability,Kano,Tudun_Wada
4f79068c-34c3-4ad2-acd0-dff21d4cb954,2024-02-03,ICT_solutions_for_agriculture,Tun22,Male,Male Youth,No disability,Kano,Tudun_Wada
17d9f7db-40cf-431a-b79d-68204450bee3,2024-02-03,ICT_solutions_for_agriculture,Tun23,Male,Male Youth,No disability,Kano,Tudun_Wada
4ac5cb21-7598-413d-b887-7bf1c3dcd2ae,2024-02-03,ICT_solutions_for_agriculture,Tun25,Male,Male Youth,No disability,Kano,Tudun_Wada
8aa8d5da-fa5a-4c62-9e8b-b4db24357c9e,2024-02-03,ICT_solutions_for_agriculture,Tun26,Male,Male Youth,No disability,Kano,Tudun_Wada
fe7a79ac-e5e9-484a-bdf7-95b6cad51c16,2024-02-03,ICT_solutions_for_agriculture,Tun27,Male,Male Youth,No disability,Kano,Tudun_Wada
6930c18a-c4ec-4989-a9c4-28be48b28580,2024-02-03,ICT_solutions_for_agriculture,Tun28,Male,Male Youth,No disability,Kano,Tudun_Wada
e1f8d38e-9215-439e-8043-b72ebbd335a1,2024-02-03,ICT_solutions_for_agriculture,Tun31,Male,Male Youth,No disability,Kano,Tudun_Wada
3d92c2be-4122-44c2-979e-720cc31542f5,2024-02-03,ICT_solutions_for_agriculture,Tun32,Male,Male Youth,No disability,Kano,Tudun_Wada
ff89020d-5221-4e25-b463-ae71714d91fe,2024-02-03,ICT_solutions_for_agriculture,Tun33,Female,Female Youth,No disability,Kano,Tudun_Wada
2ca58e21-c712-4ba1-9e5f-40fb972522ab,2024-02-05,ICT_solutions_for_agriculture,Jah39,Male,Male Youth,No disability,Jigawa,Jahun
3a528aac-9a9c-4a2d-8da3-a8e6bdc206dd,2024-02-05,ICT_solutions_for_agriculture,Jah40,Male,Male Youth,No disability,Jigawa,Jahun
fad63837-2da3-4507-a2e8-33f7b6527b56,2024-02-05,ICT_solutions_for_agriculture,Jah41,Male,Male Youth,No disability,Jigawa,Jahun
e3aa1e93-75c6-4923-91fe-45bf13bd70e7,2024-02-05,ICT_solutions_for_agriculture,Jah42,Male,Male Youth,No disability,Jigawa,Jahun
81a7246d-3454-4929-aef5-04dfb9b89313,2024-02-05,ICT_solutions_for_agriculture,Jah43,Male,Male Youth,No disability,Jigawa,Jahun
cc22f227-8824-47e1-8d03-1fe50d042574,2024-02-05,ICT_solutions_for_agriculture,Jah44,Female,Female Youth,No disability,Jigawa,Jahun
de0c844f-b4c3-410f-868e-dc36f63bcfb6,2024-02-05,ICT_solutions_for_agriculture,Jah45,Male,Male Youth,No disability,Jigawa,Jahun
ca0957b4-af2a-4bca-adeb-474f55cbceff,2024-02-05,ICT_solutions_for_agriculture,Jah46,Female,Female Youth,No disability,Jigawa,Jahun
d21a8dec-d413-4914-b302-db1dea262654,2024-02-05,ICT_solutions_for_agriculture,Jah50,Male,Male Youth,No disability,Jigawa,Jahun
930f60df-3aa8-42bc-b72c-0b6063424f0b,2024-02-05,ICT_solutions_for_agriculture,Jah48,Female,Female Youth,No disability,Jigawa,Jahun
93af1e76-8f1c-4630-a0c4-a0c47590b122,2024-02-05,ICT_solutions_for_agriculture,Jah49,Male,Male Youth,No disability,Jigawa,Jahun
6c445f2a-a700-44bb-a655-6f02549fe4b9,2024-02-05,ICT_solutions_for_agriculture,Jah47,Male,Male Youth,No disability,Jigawa,Jahun
f5e9272a-8a6e-4cc3-8037-a521c9c99443,2024-02-05,ICT_solutions_for_agriculture,Jah51,Female,Female Youth,No disability,Jigawa,Jahun
70193c58-2637-4b12-b182-9936dc5a89f6,2024-02-05,ICT_solutions_for_agriculture,Jah52,Female,Female Youth,No disability,Jigawa,Jahun
6f978197-9aab-4ad0-9dc9-62529708d7f2,2024-02-05,ICT_solutions_for_agriculture,Jah54,Male,Male Youth,No disability,Jigawa,Jahun
9e26c7bc-606c-4d79-976a-44174410d66e,2024-02-05,ICT_solutions_for_agriculture,Jah55,Female,Female Youth,No disability,Jigawa,Jahun
c778e1e0-6885-4904-909f-097398a1d954,2024-02-05,ICT_solutions_for_agriculture,Jah56,Female,Female Youth,No disability,Jigawa,Jahun
6402518c-4009-45ea-87b1-4ea57e5e3d08,2024-02-05,ICT_solutions_for_agriculture,Jah59,Male,Male Youth,No disability,Jigawa,Jahun
2919548e-4541-4a70-9f6c-4c16a0351e26,2024-02-05,ICT_solutions_for_agriculture,Jah60,Female,Female Youth,No disability,Jigawa,Jahun
a8d3536b-3167-4eac-b555-e89a3a60245f,2024-02-05,ICT_solutions_for_agriculture,Jah61,Male,Male Youth,No disability,Jigawa,Jahun
d10464af-1f1a-48a9-8a25-2bcbd3048656,2024-02-05,ICT_solutions_for_agriculture,Jah63,Male,Male Youth,No disability,Jigawa,Jahun
905bee3d-acf4-4507-b2b3-9a3138981931,2024-02-05,ICT_solutions_for_agriculture,Jah64,Male,Male Youth,No disability,Jigawa,Jahun
76e43c82-1bc1-407c-9499-82ef34af221d,2024-02-05,ICT_solutions_for_agriculture,Jah65,Male,Male Youth,No disability,Jigawa,Jahun
7fb24232-ec50-4c6c-8245-c6dd64560613,2024-02-05,ICT_solutions_for_agriculture,Jah66,Male,Male Youth,No disability,Jigawa,Jahun
67044a05-20ec-4651-9a4f-738caeeea4ba,2024-02-05,ICT_solutions_for_agriculture,Jah67,Male,Male Youth,No disability,Jigawa,Jahun
ec2197ab-2886-4600-b04d-5d60ed84993b,2024-02-05,ICT_solutions_for_agriculture,Jah68,Male,Male Youth,No disability,Jigawa,Jahun
4502422f-43a2-4114-a565-77dd36e23f8e,2024-02-05,ICT_solutions_for_agriculture,Jah70,Male,Male Youth,No disability,Jigawa,Jahun
5846891b-2684-4b08-976b-929caa6ef4a8,2024-02-05,ICT_solutions_for_agriculture,Jah71,Male,Male Youth,No disability,Jigawa,Jahun
6f3ed25c-b41b-4b7a-b704-6964e35c2e11,2024-02-05,ICT_solutions_for_agriculture,Jah72,Male,Male Youth,No disability,Jigawa,Jahun
a7a7e7d6-914f-4cf4-8946-5a65b03ae698,2024-02-05,ICT_solutions_for_agriculture,Jah73,Male,Male Youth,No disability,Jigawa,Jahun
ad9902b7-4221-4abd-af20-e4d9d6b394e6,2024-02-05,ICT_solutions_for_agriculture,Jah75,Male,Male Youth,No disability,Jigawa,Jahun
f712f13e-5c47-44f5-bdd6-3c3ec982f50f,2024-02-05,ICT_solutions_for_agriculture,Jah78,Male,Male Youth,No disability,Jigawa,Jahun
5908adb4-d5c5-4a0f-9cf0-1cef97d41e2c,2024-02-05,ICT_solutions_for_agriculture,Jah79,Female,Female Youth,No disability,Jigawa,Jahun
8828941e-feb6-4b2b-a73b-be27556b4386,2024-02-05,ICT_solutions_for_agriculture,Jah80,Female,Female Youth,No disability,Jigawa,Jahun
beb084e0-4667-4fba-976d-063e3498eaff,2024-02-05,ICT_solutions_for_agriculture,Jah81,Female,Female Youth,No disability,Jigawa,Jahun
846e123a-ca99-4ff7-9ed7-603a6e78ab60,2024-02-05,ICT_solutions_for_agriculture,Jah83,Male,Male Youth,No disability,Jigawa,Jahun
352e8cfa-4d25-4431-9050-568581489115,2024-02-05,ICT_solutions_for_agriculture,Jah84,Male,Male Youth,No disability,Jigawa,Jahun
6a307920-2891-4c05-9866-0c1396c3b94d,2024-02-05,ICT_solutions_for_agriculture,Rin11,Male,Male Youth,No disability,Jigawa,Ringim
f1d9a0cf-3d49-4f13-95ff-6e4f17f0e119,2024-02-05,ICT_solutions_for_agriculture,Rin12,Male,Male Youth,No disability,Jigawa,Ringim
be7db55f-8b0e-44b2-94d8-8633d99e8c5b,2024-02-05,ICT_solutions_for_agriculture,Rin13,Male,Male Youth,No disability,Jigawa,Ringim
cd088ade-54a1-42fb-a7af-7038c44ac792,2024-02-05,ICT_solutions_for_agriculture,Jah14,Male,Male Youth,No disability,Jigawa,Ringim
61e3c876-6fd6-4240-a549-6fcaaf4a8719,2024-02-05,ICT_solutions_for_agriculture,Rin15,Male,Male Youth,No disability,Jigawa,Ringim
e4247481-88e2-4638-83a9-eaf73d265e6e,2024-02-05,ICT_solutions_for_agriculture,Rin16,Male,Male Youth,No disability,Jigawa,Ringim
f104e709-1af1-4767-9fdb-108ed71d7c98,2024-02-05,ICT_solutions_for_agriculture,Rin17,Male,Male Youth,No disability,Jigawa,Ringim
90c4ea8e-454e-4b61-9378-9fc5e7253e2b,2024-02-05,ICT_solutions_for_agriculture,Rin18,Female,Female Youth,No disability,Jigawa,Ringim
9f06c2c2-7ef7-4078-afb8-b6a3e8f8f46d,2024-02-05,ICT_solutions_for_agriculture,Rin19,Female,Female Youth,No disability,Jigawa,Ringim
a4e19360-e64d-4d0c-b692-8fc5dab7a8a0,2024-02-05,ICT_solutions_for_agriculture,Rin20,Female,Female Youth,No disability,Jigawa,Ringim
002bda74-e29e-4da6-90d5-b0a60e0b7e5f,2024-02-05,ICT_solutions_for_agriculture,Rin21,Female,Female Youth,No disability,Jigawa,Ringim
7413759b-7bad-4f5e-bc62-40546967a59d,2024-02-05,ICT_solutions_for_agriculture,Rin22,Female,Female Youth,No disability,Jigawa,Ringim
296d5ab1-904a-4b5a-b624-6d999dd3c075,2024-02-05,ICT_solutions_for_agriculture,Rin23,Female,Female Youth,No disability,Jigawa,Ringim
f9b9173e-51b7-41ad-b09e-7e39dbe61afe,2024-02-05,ICT_solutions_for_agriculture,Rin24,Female,Female Youth,No disability,Jigawa,Ringim
beda0af0-5f8e-42fe-91a5-21193cd6f684,2024-02-05,ICT_solutions_for_agriculture,Rin25,Male,Male Youth,No disability,Jigawa,Ringim
4bb25b83-2ad4-488e-bcae-186ece11e334,2024-02-05,ICT_solutions_for_agriculture,Rin26,Male,Male Youth,No disability,Jigawa,Ringim
8afc29e7-1b05-465d-88cf-f3553f72d90d,2024-02-05,ICT_solutions_for_agriculture,Rin27,Male,Male Youth,No disability,Jigawa,Ringim
4cb66e4d-7853-4b19-a2ae-2bedc8fab5d0,2024-02-05,ICT_solutions_for_agriculture,Rin28,Male,Male Youth,No disability,Jigawa,Ringim
136582b3-495c-4980-8972-66b4c9122520,2024-02-05,ICT_solutions_for_agriculture,Tau19,Female,Female Youth,No disability,Jigawa,Taura
c56c30d1-cf50-4e5a-94b1-cc09d09b5e20,2024-02-05,ICT_solutions_for_agriculture,Tau20,Male,Male Youth,No disability,Jigawa,Taura
950b77e9-470c-46aa-a897-72d818970706,2024-02-05,ICT_solutions_for_agriculture,Tau21,Male,Male Youth,No disability,Jigawa,Taura
de0cbd7f-2de5-4131-997a-018cf61dff7c,2024-02-05,ICT_solutions_for_agriculture,Tau22,Male,Male Youth,No disability,Jigawa,Taura
3c3a1135-2b14-4185-befd-45b582f81180,2024-02-05,ICT_solutions_for_agriculture,Tau23,Male,Male Youth,No disability,Jigawa,Taura
a845e4a8-199e-4904-add8-7543b7ca91b8,2024-02-05,ICT_solutions_for_agriculture,Tau24,Female,Female Youth,No disability,Jigawa,Taura
ab3e423e-16f1-417b-bb83-003d1382966d,2024-02-05,ICT_solutions_for_agriculture,Tau25,Male,Male Youth,No disability,Jigawa,Taura
41af32bf-5c5b-45de-b1c9-3bec5345aa51,2024-02-05,ICT_solutions_for_agriculture,Tau26,Female,Female Youth,No disability,Jigawa,Taura
4344dd89-094e-4127-b70f-c52c555f387b,2024-02-05,ICT_solutions_for_agriculture,Tau28,Male,Male Youth,No disability,Jigawa,Taura
f566a445-1b42-4c75-9a49-c0b2680ccd37,2024-02-05,ICT_solutions_for_agriculture,Tau29,Male,Male Youth,No disability,Jigawa,Taura
b7c2aa37-cce1-402b-a4e8-f9f8f82979d7,2024-01-05,"Group_formation,_and_dynamics_for_financial_inclusion",Dem03,Female,Female Youth,No disability,Adamawa,Demsa
ad65c9f3-0f13-4e68-a1e6-f76de32c2f44,2024-01-06,GAP_&_crop_management,Dem03,Female,Female Youth,No disability,Adamawa,Demsa
825eb16f-1145-40a6-80e5-d8bf14a01a3f,2024-01-05,"Group_formation,_and_dynamics_for_financial_inclusion",Dem05,Male,Male Youth,No disability,Adamawa,Demsa
92f1ef8c-411e-43c1-bc82-badf1e1502d4,2024-01-06,GAP_&_crop_management,Dem05,Male,Male Youth,No disability,Adamawa,Demsa
04f7d647-ddeb-49ec-968b-6b4a0a205aa2,2024-01-05,"Group_formation,_and_dynamics_for_financial_inclusion",Dem10,Female,Female Youth,No disability,Adamawa,Demsa
88fca036-6e1a-439c-9135-c385ee54bbdf,2024-01-06,GAP_&_crop_management,Dem10,Female,Female Youth,No disability,Adamawa,Demsa
7b0a7188-751b-4c53-a79a-8929dad22145,2024-01-05,"Group_formation,_and_dynamics_for_financial_inclusion",Dem11,Female,Female Youth,No disability,Adamawa,Demsa
fb3d0fe7-77b6-4edc-a4fe-b4fac974e488,2024-01-06,GAP_&_crop_management,Dem11,Female,Female Youth,No disability,Adamawa,Demsa
9a231ce7-c3f8-437f-ac0a-af653e618453,2024-01-05,"Group_formation,_and_dynamics_for_financial_inclusion",Dem12,Female,Female Youth,No disability,Adamawa,Demsa
e77e727b-efd3-45e4-a08b-d2c58e9a11a4,2024-01-06,GAP_&_crop_management,Dem12,Female,Female Youth,No disability,Adamawa,Demsa
8fd72269-5a2c-4a44-82ab-2e5b766bc3d0,2024-01-05,"Group_formation,_and_dynamics_for_financial_inclusion",Dem14,Female,Female Youth,No disability,Adamawa,Demsa
8216e7e4-bf69-4214-87e3-2807b4782671,2024-01-06,GAP_&_crop_management,Dem14,Female,Female Youth,No disability,Adamawa,Demsa
da3f7bf7-6582-4a1c-99ff-78080efa5367,2024-01-05,"Group_formation,_and_dynamics_for_financial_inclusion",Dem17,Male,Male Youth,No disability,Adamawa,Demsa
e6ddf76e-7ecb-4528-97f0-8cf715a2c82f,2024-01-06,GAP_&_crop_management,Dem17,Male,Male Youth,No disability,Adamawa,Demsa
230877cb-b42b-430d-b97d-2061e46e20d9,2024-01-05,"Group_formation,_and_dynamics_for_financial_inclusion",Gir03,Male,Male Youth,No disability,Adamawa,Girei
c09b6c8e-3a7c-4e49-ac42-8e7ebe0198da,2024-01-06,GAP_&_crop_management,Gir03,Male,Male Youth,No disability,Adamawa,Girei
a86547bd-b076-4b6d-8484-b4a21dd38630,2024-01-05,"Group_formation,_and_dynamics_for_financial_inclusion",Yls01,Female,Female Youth,No disability,Adamawa,Yola_South
d9b35ce0-cf34-4669-96cb-4675bc603a15,2024-01-06,GAP_&_crop_management,Yls01,Female,Female Youth,No disability,Adamawa,Yola_South
a51ac8ee-0da0-4f5a-8094-b30cfddc48dd,2024-01-05,"Group_formation,_and_dynamics_for_financial_inclusion",Yls02,Female,Female Youth,No disability,Adamawa,Yola_South
f33f56e3-1cb8-42be-9f22-57dbce0ea79d,2024-01-06,GAP_&_crop_management,Yls02,Female,Female Youth,No disability,Adamawa,Yola_South
9903f737-3ea5-4187-901c-24ee50504467,2024-01-05,"Group_formation,_and_dynamics_for_financial_inclusion",Yls03,Male,Male Youth,No disability,Adamawa,Yola_South
27a3646d-d8bb-4e63-bb18-97b10ab6c7b8,2024-01-06,GAP_&_crop_management,Yls03,Male,Male Youth,No disability,Adamawa,Yola_South
928bda69-05c9-4fd1-925c-729f32495cca,2024-01-05,"Group_formation,_and_dynamics_for_financial_inclusion",Yls04,Male,Male Youth,No disability,Adamawa,Yola_South
5688def3-14e5-4f5e-ac01-7b2b8b035a6c,2024-01-06,GAP_&_crop_management,Yls04,Male,Male Youth,No disability,Adamawa,Yola_South
2685b182-ab30-47f6-a7b5-ecd722c4f6d1,2024-01-05,"Group_formation,_and_dynamics_for_financial_inclusion",Yls05,Female,Female Youth,No disability,Adamawa,Yola_South
a23d95c9-c1e5-43bc-95e0-e2467fb79071,2024-01-06,GAP_&_crop_management,Yls05,Female,Female Youth,No disability,Adamawa,Yola_South
87e94363-02de-4ecb-b370-48973ff42d91,2024-01-05,"Group_formation,_and_dynamics_for_financial_inclusion",Yls06,Female,Female Youth,No disability,Adamawa,Yola_South
ab34d0e4-266d-4d9f-b7fe-59fc7dc8d88c,2024-01-05,"Group_formation,_and_dynamics_for_financial_inclusion",Yls07,Male,Male Youth,No disability,Adamawa,Yola_South
13ba0af4-0b64-4489-9173-f67991767568,2024-01-06,GAP_&_crop_management,Yls07,Male,Male Youth,No disability,Adamawa,Yola_South
b7f6c376-cdf4-43e8-838c-9ba848bc1212,2024-01-05,"Group_formation,_and_dynamics_for_financial_inclusion",Yls08,Male,Male Youth,No disability,Adamawa,Yola_South
c9c14748-77f3-454c-800c-03d9e03d6b88,2024-01-06,GAP_&_crop_management,Yls08,Male,Male Youth,No disability,Adamawa,Yola_South
35683280-3453-4698-8477-4402f100f4ed,2024-02-22,ICT_solutions_for_agriculture,Mak13,Male,Male Youth,No disability,Benue,Markurdi
049b5e57-b446-44c6-8271-246b389a8f19,2024-02-22,ICT_solutions_for_agriculture,Gum09,Female,Female Youth,No disability,Benue,Guma
67358c9d-d8f0-4b0e-ae6f-d3913028de2e,2024-02-22,ICT_solutions_for_agriculture,Tar05,Male,Male Youth,No disability,Benue,Tarka
cfcf3dae-6c03-46e2-97a6-284ec50f6fa9,2024-02-22,ICT_solutions_for_agriculture,Gum10,Male,Male Youth,No disability,Benue,Guma
fb1e4102-6be6-4218-9386-f8993646832c,2024-02-22,ICT_solutions_for_agriculture,Oju15,Male,Male Adult,No disability,Benue,Oju
868994b8-ee32-428d-b6b6-61a4e459dc8c,2024-02-22,ICT_solutions_for_agriculture,Tar06,Female,Female Adult,No disability,Benue,Tarka
50cfa1dd-5e80-4515-808d-100483684cdf,2024-02-22,ICT_solutions_for_agriculture,Gee04,Male,Male Youth,No disability,Benue,Gwer-East
10404b0c-f985-470c-8d57-05c4436eae79,2024-02-22,ICT_solutions_for_agriculture,Tar02,Female,Female Youth,No disability,Benue,Tarka
d282eb6a-6aab-4308-9608-6f83b828d961,2024-02-22,ICT_solutions_for_agriculture,Oju09,Male,Male Adult,No disability,Benue,Oju
e36be98a-d143-42a0-8492-dc556df9a28b,2024-02-22,ICT_solutions_for_agriculture,Gum12,Male,Male Youth,No disability,Benue,Guma
c7ab2b88-4fac-44b7-b82e-a8df90adfab3,2024-02-22,ICT_solutions_for_agriculture,Gum13,Female,Female Youth,No disability,Benue,Guma
ac4622bb-4f97-4615-b47c-d70c9fa55043,2024-02-22,ICT_solutions_for_agriculture,Oju13,Male,Male Youth,No disability,Benue,Oju
deeb55e4-5e89-4247-b625-5fe867087d0e,2024-02-22,ICT_solutions_for_agriculture,Tar04,Male,Male Youth,No disability,Benue,Tarka
514b051d-9d96-4c63-ba7a-78dc5c00f85c,2024-02-22,ICT_solutions_for_agriculture,Oju12,Male,Male Adult,No disability,Benue,Oju
73274b80-0bc5-448a-9a36-db48e69fa2b4,2024-02-22,ICT_solutions_for_agriculture,Oju14,Male,Male Adult,No disability,Benue,Oju
8c348395-ebea-4bef-98e6-b4688269680b,2024-02-22,ICT_solutions_for_agriculture,Gum08,Male,Male Youth,No disability,Benue,Guma
bb3cf6ae-05cc-495d-ab96-f3c52fdd05c9,2024-02-22,ICT_solutions_for_agriculture,Tar03,Female,Female Youth,No disability,Benue,Tarka
43e75223-30b2-41ef-86c2-95dfedc5281b,2024-02-22,ICT_solutions_for_agriculture,Oju10,Male,Male Adult,No disability,Benue,Oju
c6c00aa8-d2a1-474e-89aa-c493bef24be0,2024-02-22,ICT_solutions_for_agriculture,Gum11,Male,Male Youth,No disability,Benue,Guma
222c7773-3b94-4853-89b6-2c1ec6674930,2024-02-22,ICT_solutions_for_agriculture,Gee01,Male,Male Youth,No disability,Benue,Gwer-East
8280f22c-b0f5-493e-836c-896d6af63d95,2024-02-22,ICT_solutions_for_agriculture,Mak12,Male,Male Youth,No disability,Benue,Markurdi
8d67fd5c-e1d2-4a17-8a9a-6a1db7b956b7,2024-02-22,ICT_solutions_for_agriculture,Gee02,Male,Male Youth,No disability,Benue,Gwer-East
b3a34195-cca7-49d9-aaab-e2d91ef14286,2024-02-22,ICT_solutions_for_agriculture,Mak15,Female,Female Youth,No disability,Benue,Markurdi
bb2847e2-7175-43aa-861c-e1a238769345,2024-02-22,ICT_solutions_for_agriculture,Tar01,Female,Female Youth,No disability,Benue,Tarka
d5846eed-76bc-4d1a-9114-df1e478db518,2024-02-22,ICT_solutions_for_agriculture,Gum07,Male,Male Adult,No disability,Benue,Guma
7685fa57-ddaa-40a6-88a4-36f88c8577f9,2024-02-22,ICT_solutions_for_agriculture,Gee07,Female,Female Youth,No disability,Benue,Gwer-East
9a360688-c3c3-44e7-b76d-9b784fc0817a,2024-02-22,ICT_solutions_for_agriculture,Oju11,Male,Male Youth,No disability,Benue,Oju
c97c9ea9-b235-4fe8-a28a-a1325af7a136,2024-02-22,ICT_solutions_for_agriculture,Tar07,Male,Male Adult,No disability,Benue,Tarka
310beaea-d9da-425f-b83f-2830567f762d,2024-02-22,ICT_solutions_for_agriculture,Mak16,Male,Male Youth,No disability,Benue,Markurdi
ae31d47d-cb1d-4d11-91cf-f975f2d07ba7,2024-02-22,ICT_solutions_for_agriculture,Mak14,Female,Female Youth,No disability,Benue,Markurdi
4112492f-f401-4415-b768-6313ec8c7b07,2024-02-06,"Group_formation,_and_dynamics_for_financial_inclusion",Chk14,Female,Female Youth,No disability,Kaduna,Chikun
8418e522-9725-4198-8377-e06ffba74f8e,2024-02-06,"Group_formation,_and_dynamics_for_financial_inclusion",Chk15,Male,Male Youth,No disability,Kaduna,Chikun
961fdbce-4e7b-495b-98d0-c2e596b2f197,2024-02-06,"Group_formation,_and_dynamics_for_financial_inclusion",Chk17,Female,Female Youth,No disability,Kaduna,Chikun
8a7f4db2-d4c9-414d-9cd1-cbe653ba8b09,2024-02-06,"Group_formation,_and_dynamics_for_financial_inclusion",Chk18,Female,Female Youth,No disability,Kaduna,Chikun
4e631656-516c-4dd6-a83d-dee0611ee6b7,2024-02-06,"Group_formation,_and_dynamics_for_financial_inclusion",Chk19,Female,Female Youth,No disability,Kaduna,Chikun
ffadd89c-45ee-4353-aad3-11c609dbcfe3,2024-02-06,"Group_formation,_and_dynamics_for_financial_inclusion",Chk20,Female,Female Youth,No disability,Kaduna,Chikun
30dae99e-d74c-4b81-889e-5a46c7875657,2024-02-06,"Group_formation,_and_dynamics_for_financial_inclusion",Jab22,Female,Female Youth,No disability,Kaduna,Jaba
7445fda3-6c9e-4a5a-bd50-69495023bb38,2024-02-06,"Group_formation,_and_dynamics_for_financial_inclusion",Jab23,Male,Male Youth,No disability,Kaduna,Jaba
dc741010-5e07-44e2-9426-1e876e2ab550,2024-02-06,"Group_formation,_and_dynamics_for_financial_inclusion",Jab25,Female,Female Youth,No disability,Kaduna,Jaba
7af276c9-4b49-431d-be04-172cca2ed2af,2024-02-06,"Group_formation,_and_dynamics_for_financial_inclusion",Jab26,Female,Female Youth,No disability,Kaduna,Jaba
c5610014-405f-4199-ad78-7ecb68dec3f8,2024-02-06,"Group_formation,_and_dynamics_for_financial_inclusion",Jab28,Female,Female Youth,No disability,Kaduna,Jaba
16a68e48-ca03-4b39-809e-d49447560c1b,2024-02-06,"Group_formation,_and_dynamics_for_financial_inclusion",Jab29,Male,Male Youth,No disability,Kaduna,Jaba
715889cb-ad84-4883-b8d0-beeb5e27848d,2024-02-06,"Group_formation,_and_dynamics_for_financial_inclusion",Jab30,Male,Male Youth,No disability,Kaduna,Jaba
20717c9e-2761-4d43-8046-d9abb25ba83c,2024-02-06,"Group_formation,_and_dynamics_for_financial_inclusion",Jab31,Male,Male Youth,No disability,Kaduna,Jaba
c84ecf9a-fcce-4584-9481-477461634dd4,2024-02-06,"Group_formation,_and_dynamics_for_financial_inclusion",Jab32,Male,Male Youth,No disability,Kaduna,Jaba
9c91e75c-4593-43a3-8d87-8ac4b346f1e4,2024-02-06,"Group_formation,_and_dynamics_for_financial_inclusion",Jam13,Male,Male Youth,No disability,Kaduna,Jema’a
f51c4b6b-7610-4567-acac-688f0c0ad36e,2024-02-06,"Group_formation,_and_dynamics_for_financial_inclusion",Jam14,Female,Female Youth,No disability,Kaduna,Jema’a
17974996-a76a-4cc4-8a65-55b93663031d,2024-02-06,"Group_formation,_and_dynamics_for_financial_inclusion",Jam15,Female,Female Youth,No disability,Kaduna,Jema’a
7d9b1a4a-a518-429f-9bf9-3389170054d6,2024-02-06,"Group_formation,_and_dynamics_for_financial_inclusion",Jam16,Female,Female Youth,No disability,Kaduna,Jema’a
d032e3b5-31c0-4f00-940b-7ccb82f7d566,2024-02-06,"Group_formation,_and_dynamics_for_financial_inclusion",Jam17,Male,Male Youth,No disability,Kaduna,Jema’a
1e3d3663-0cbc-4983-81a2-3a3ebdbd9fa7,2024-02-06,"Group_formation,_and_dynamics_for_financial_inclusion",Jam18,Male,Male Youth,No disability,Kaduna,Jema’a
4d7b0660-09f4-4206-8370-213c834b2c2c,2024-02-06,"Group_formation,_and_dynamics_for_financial_inclusion",Jam20,Male,Male Youth,No disability,Kaduna,Jema’a
99727e4d-5098-4978-9e45-9521b4f03760,2024-02-06,"Group_formation,_and_dynamics_for_financial_inclusion",Jam21,Male,Male Youth,No disability,Kaduna,Jema’a
07a8f2ae-52af-459b-8af2-d3d3a14982e6,2024-02-06,"Group_formation,_and_dynamics_for_financial_inclusion",Jam22,Male,Male Youth,No disability,Kaduna,Jema’a
ba55922a-ec35-42b6-9ebd-d25a8a17eced,2024-02-06,"Group_formation,_and_dynamics_for_financial_inclusion",Kac01,Female,Female Youth,No disability,Kaduna,Kachia
10e6513a-85aa-40bb-93ed-dfa40469d11e,2024-02-06,"Group_formation,_and_dynamics_for_financial_inclusion",Kac02,Female,Female Youth,No disability,Kaduna,Kachia
035faeb4-1eec-426a-8621-6892d20d4342,2024-02-06,"Group_formation,_and_dynamics_for_financial_inclusion",Kac03,Female,Female Youth,No disability,Kaduna,Kachia
0a94fb82-31e8-428b-a433-358cb2010494,2024-02-06,"Group_formation,_and_dynamics_for_financial_inclusion",Kac04,Female,Female Youth,No disability,Kaduna,Kachia
2270fd03-f471-498d-bedf-7069659d0371,2024-02-06,"Group_formation,_and_dynamics_for_financial_inclusion",Kac05,Female,Female Youth,No disability,Kaduna,Kachia
f35e144a-1b7a-465c-9ec8-4816f2a91c62,2024-02-06,"Group_formation,_and_dynamics_for_financial_inclusion",Kac06,Male,Male Youth,No disability,Kaduna,Kachia
ccf4bec8-572b-43a3-ad04-39e71e9e04b3,2024-02-06,"Group_formation,_and_dynamics_for_financial_inclusion",Kac07,Male,Male Youth,No disability,Kaduna,Kachia
9315c7eb-74d1-4883-b31d-8336877f7cf7,2024-02-06,"Group_formation,_and_dynamics_for_financial_inclusion",Kac08,Male,Male Youth,No disability,Kaduna,Kachia
ee0b1219-5407-459f-b442-62891137f0bd,2024-02-06,"Group_formation,_and_dynamics_for_financial_inclusion",Kac09,Male,Male Youth,No disability,Kaduna,Kachia
1dbd54fa-9733-4151-be28-482899af0188,2024-02-06,"Group_formation,_and_dynamics_for_financial_inclusion",Kac10,Male,Male Youth,No disability,Kaduna,Kachia
8b345c5c-6e61-47e0-9075-cc01cd8b2bde,2024-02-06,"Group_formation,_and_dynamics_for_financial_inclusion",Kac11,Male,Male Youth,No disability,Kaduna,Kachia
4ab1b0c6-8325-440d-acd2-b6e11c09fb4a,2024-02-06,"Group_formation,_and_dynamics_for_financial_inclusion",Kac12,Female,Female Youth,No disability,Kaduna,Kachia
9aa47ab7-d446-441d-9062-b35c7e06b79f,2024-02-06,"Group_formation,_and_dynamics_for_financial_inclusion",Kac13,Male,Male Youth,No disability,Kaduna,Kachia
2640bf01-2ef2-47a7-9672-f6d891555b2b,2024-02-06,"Group_formation,_and_dynamics_for_financial_inclusion",Kag01,Male,Male Youth,No disability,Kaduna,Kachia
3afb611a-e7bc-47d5-b62f-eaf309740e9e,2024-02-06,"Group_formation,_and_dynamics_for_financial_inclusion",Kag02,Female,Female Youth,No disability,Kaduna,Kachia
641f37f0-d293-4b3f-aa73-335144f8b0df,2024-02-06,"Group_formation,_and_dynamics_for_financial_inclusion",Kag03,Male,Male Youth,No disability,Kaduna,Kachia
082ba904-438a-4c96-9a3f-b65f18278563,2024-02-06,"Group_formation,_and_dynamics_for_financial_inclusion",Kag04,Female,Female Youth,No disability,Kaduna,Kachia
a379a3e8-421b-4660-b05c-be638309307e,2024-02-06,"Group_formation,_and_dynamics_for_financial_inclusion",Kag05,Male,Male Youth,No disability,Kaduna,Kachia
d9046038-5ed1-4e3d-9867-45f0b845b116,2024-02-06,"Group_formation,_and_dynamics_for_financial_inclusion",Kag06,Male,Male Youth,No disability,Kaduna,Kachia
dc760af4-360c-4d0e-ac43-2ce3a8353578,2024-02-06,"Group_formation,_and_dynamics_for_financial_inclusion",Kag07,Female,Female Youth,No disability,Kaduna,Kachia
5310096b-acab-4bdd-ab05-2145dd5fad3a,2024-02-06,"Group_formation,_and_dynamics_for_financial_inclusion",Kag08,Female,Female Youth,No disability,Kaduna,Kachia
54d38cdd-b513-4b6f-9dec-a4ffc40fd613,2024-02-06,"Group_formation,_and_dynamics_for_financial_inclusion",Kag09,Male,Male Youth,No disability,Kaduna,Kachia
abd3b1a3-ae6e-497a-ad85-3cfe2a621a2d,2024-02-06,"Group_formation,_and_dynamics_for_financial_inclusion",Kag10,Male,Male Youth,No disability,Kaduna,Kachia
75b6061e-0f05-4b4b-91fd-7eb97ff07e38,2024-02-06,"Group_formation,_and_dynamics_for_financial_inclusion",Kag11,Male,Male Youth,No disability,Kaduna,Kachia
3af9c230-fd53-4fe2-aa05-2c372f128b65,2024-02-06,"Group_formation,_and_dynamics_for_financial_inclusion",Kag12,Male,Male Youth,No disability,Kaduna,Kachia
275fd659-0ccb-48d1-9ad6-fa7cbc46c81b,2024-02-06,"Group_formation,_and_dynamics_for_financial_inclusion",Kau08,Male,Male Youth,No disability,Kaduna,Kachia
ddeca181-395b-4f62-a576-a56aef6c4493,2024-02-06,"Group_formation,_and_dynamics_for_financial_inclusion",Kau09,Male,Male Youth,No disability,Kaduna,Kachia
e107f814-bdf0-4a9e-89c1-1e4e20990e84,2024-02-06,"Group_formation,_and_dynamics_for_financial_inclusion",Kau10,Male,Male Youth,No disability,Kaduna,Kachia
a3dc8f51-a1bc-4959-ae03-88e671115cbe,2024-02-06,"Group_formation,_and_dynamics_for_financial_inclusion",Kau11,Female,Female Youth,No disability,Kaduna,Kachia
35207388-aab6-4445-a50f-3408b296def4,2024-02-06,"Group_formation,_and_dynamics_for_financial_inclusion",Kau12,Female,Female Youth,No disability,Kaduna,Kachia
ce779739-6466-47cf-9e5b-688e00be6d9c,2024-02-06,"Group_formation,_and_dynamics_for_financial_inclusion",Kau13,Female,Female Youth,No disability,Kaduna,Kachia
00037aac-3c25-430f-9756-6b1b13d59fcd,2024-02-06,"Group_formation,_and_dynamics_for_financial_inclusion",Kau14,Male,Male Youth,No disability,Kaduna,Kachia
a42a04b7-0cf9-4849-9d66-d6d0aeae9b29,2024-02-06,"Group_formation,_and_dynamics_for_financial_inclusion",Kau15,Female,Female Youth,No disability,Kaduna,Kachia
5094ff5c-4443-4251-93e4-7420a47536c3,2024-02-06,"Group_formation,_and_dynamics_for_financial_inclusion",Kau16,Male,Male Youth,No disability,Kaduna,Kachia
7265089b-5cc5-4f44-817b-90139ce0e3cf,2024-02-06,"Group_formation,_and_dynamics_for_financial_inclusion",Kds12,Male,Male Youth,No disability,Kaduna,Kaduna_South
764facfc-ec4c-46d2-b0b2-7376a90417a0,2024-02-06,"Group_formation,_and_dynamics_for_financial_inclusion",Kds13,Male,Male Youth,No disability,Kaduna,Kaduna_South
9f5b9cdf-0452-47a3-bdc7-b146b41e0173,2024-02-06,"Group_formation,_and_dynamics_for_financial_inclusion",Zan21,Male,Male Youth,No disability,Kaduna,Zangon_Kataf
e0754bc0-8069-44f9-af2c-3346dd4c2c09,2024-02-06,"Group_formation,_and_dynamics_for_financial_inclusion",Zan22,Female,Female Youth,No disability,Kaduna,Zangon_Kataf
f5d2d27c-3569-4b76-a633-1a9a02135208,2024-02-06,"Group_formation,_and_dynamics_for_financial_inclusion",Zan23,Female,Female Youth,No disability,Kaduna,Zangon_Kataf
80f48880-e4e2-4f40-b992-6603250e8b5f,2024-02-06,"Group_formation,_and_dynamics_for_financial_inclusion",Zan24,Female,Female Youth,No disability,Kaduna,Zangon_Kataf
20bcad5b-3685-4d2b-8aac-963f41384eea,2024-02-06,"Group_formation,_and_dynamics_for_financial_inclusion",Zan25,Female,Female Youth,No disability,Kaduna,Zangon_Kataf
db1b4d95-74e0-4041-b35f-dfc9a6889f78,2024-02-06,"Group_formation,_and_dynamics_for_financial_inclusion",Zan26,Female,Female Youth,No disability,Kaduna,Zangon_Kataf
33a7b2b0-d87e-43ec-a91e-ec6e266f0240,2024-02-06,"Group_formation,_and_dynamics_for_financial_inclusion",Zan27,Male,Male Youth,No disability,Kaduna,Zangon_Kataf
7075b778-9041-43c7-a87e-f38bbfdc13e7,2024-02-06,"Group_formation,_and_dynamics_for_financial_inclusion",Zan28,Male,Male Youth,No disability,Kaduna,Zangon_Kataf
c6f4832b-c509-4a6c-8fd4-5c356cbacfcf,2024-02-06,"Group_formation,_and_dynamics_for_financial_inclusion",Zan29,Male,Male Youth,No disability,Kaduna,Zangon_Kataf
ffe7ba82-d2cc-429f-8d2b-93d4b5c819fa,2024-02-06,"Group_formation,_and_dynamics_for_financial_inclusion",Zan30,Male,Male Youth,No disability,Kaduna,Zangon_Kataf
c62a1880-ffdc-4e5d-b10c-1f339dd5fe99,2024-02-06,"Group_formation,_and_dynamics_for_financial_inclusion",Zan31,Male,Male Youth,No disability,Kaduna,Zangon_Kataf
38fd1932-ae1b-4bb9-83e9-78afc885883c,2024-02-06,"Group_formation,_and_dynamics_for_financial_inclusion",Zan32,Male,Male Youth,No disability,Kaduna,Zangon_Kataf
7180ae95-a046-4731-8220-10805d2aa7ac,2024-02-07,GAP_&_crop_management,Chk14,Female,Female Youth,No disability,Kaduna,Chikun
d32ee882-01b8-480a-bf69-14a87f70fd80,2024-02-07,GAP_&_crop_management,Chk15,Male,Male Youth,No disability,Kaduna,Chikun
1bfaefa9-2a08-417f-a79c-027c6c077c78,2024-02-07,GAP_&_crop_management,Chk17,Female,Female Youth,No disability,Kaduna,Chikun
8ae181a6-ec32-42df-b25b-5925d008f28b,2024-02-07,GAP_&_crop_management,Chk18,Female,Female Youth,No disability,Kaduna,Chikun
b37991f5-18e9-4005-afce-4fa9fcc93f26,2024-02-07,GAP_&_crop_management,Chk19,Female,Female Youth,No disability,Kaduna,Chikun
ed7d8ce9-440d-4445-97da-96ac5b55b3d2,2024-02-07,GAP_&_crop_management,Chk20,Female,Female Youth,No disability,Kaduna,Chikun
721bf9c3-b6dc-45d8-8238-a761255e06d1,2024-02-07,GAP_&_crop_management,Jab22,Female,Female Youth,No disability,Kaduna,Jaba
95d3e4f2-0cf9-4759-b0a3-51fe18e6a6e2,2024-02-07,GAP_&_crop_management,Jab23,Male,Male Youth,No disability,Kaduna,Jaba
e2359fd4-c215-457b-b8bf-c36031d6df6c,2024-02-07,GAP_&_crop_management,Jab25,Female,Female Youth,No disability,Kaduna,Jaba
73999e3f-f88e-4437-97d1-45a3d49a0506,2024-02-07,GAP_&_crop_management,Jab26,Female,Female Youth,No disability,Kaduna,Jaba
ef0be021-c149-4dd4-ac3b-0020e7817a33,2024-02-07,GAP_&_crop_management,Jab28,Female,Female Youth,No disability,Kaduna,Jaba
c1e7bf08-1930-4f11-bcd4-ed5fb95f9f32,2024-02-07,GAP_&_crop_management,Jab29,Male,Male Youth,No disability,Kaduna,Jaba
f3d33689-351d-4488-a8b5-8d1142173ef9,2024-02-07,GAP_&_crop_management,Jab30,Male,Male Youth,No disability,Kaduna,Jaba
4aa77619-2ba4-461d-9427-8460b487a022,2024-02-07,GAP_&_crop_management,Jab31,Male,Male Youth,No disability,Kaduna,Jaba
df2b42db-d8d9-4d57-ae8a-e35a8e609c34,2024-02-07,GAP_&_crop_management,Jab32,Male,Male Youth,No disability,Kaduna,Jaba
9c08451e-bf2a-4283-8df5-c90a0c2c2f22,2024-02-07,GAP_&_crop_management,Jam13,Male,Male Youth,No disability,Kaduna,Jema’a
d78b3965-9574-489d-9add-c0ef9ea96520,2024-02-07,GAP_&_crop_management,Jam14,Female,Female Youth,No disability,Kaduna,Jema’a
c4f072b7-a1a4-49e5-b169-02d0fa0025b7,2024-02-07,GAP_&_crop_management,Jam15,Female,Female Youth,No disability,Kaduna,Jema’a
37f7fc87-8e95-448c-b9b6-a655bd850d1a,2024-02-07,GAP_&_crop_management,Jam16,Female,Female Youth,No disability,Kaduna,Jema’a
a4b447e9-121b-473d-a846-ab2d5223a2b9,2024-02-07,GAP_&_crop_management,Jam17,Male,Male Youth,No disability,Kaduna,Jema’a
c15ece17-f070-4ea2-b7c9-80e09e3b7ce8,2024-02-07,GAP_&_crop_management,Jam18,Male,Male Youth,No disability,Kaduna,Jema’a
d456c11a-2f6a-4364-88ab-73283eb8d03b,2024-02-07,GAP_&_crop_management,Jam20,Male,Male Youth,No disability,Kaduna,Jema’a
590a69a7-c798-41b9-82d8-0e5576b2cff0,2024-02-07,GAP_&_crop_management,Jam21,Male,Male Youth,No disability,Kaduna,Jema’a
1fcc5da2-8e6e-43c4-83cb-a7246ac6ff66,2024-02-07,GAP_&_crop_management,Jam22,Male,Male Youth,No disability,Kaduna,Jema’a
ad85ad4a-12af-42c4-9515-f44de9fbd08c,2024-02-07,GAP_&_crop_management,Kac01,Female,Female Youth,No disability,Kaduna,Kachia
99800004-414d-4ba4-90ab-9d1d2458ba9c,2024-02-07,GAP_&_crop_management,Kac02,Female,Female Youth,No disability,Kaduna,Kachia
b1b8db68-9ae0-4d07-a68d-646f044e434d,2024-02-07,GAP_&_crop_management,Kac03,Female,Female Youth,No disability,Kaduna,Kachia
90ed5ffb-873c-480d-ac2d-4b67783ae393,2024-02-07,GAP_&_crop_management,Kac04,Female,Female Youth,No disability,Kaduna,Kachia
a41b1e78-c34f-4221-a5bd-761074e155cb,2024-02-07,GAP_&_crop_management,Kac05,Female,Female Youth,No disability,Kaduna,Kachia
3ffa0aa1-8cf3-43a2-86c3-636e5de327be,2024-02-07,GAP_&_crop_management,Kac06,Male,Male Youth,No disability,Kaduna,Kachia
66355475-d80f-4989-91c2-11e40d45ebd3,2024-02-07,GAP_&_crop_management,Kac07,Male,Male Youth,No disability,Kaduna,Kachia
18966c28-cb89-40ea-8c4e-c0d84f51af09,2024-02-07,GAP_&_crop_management,Kac08,Male,Male Youth,No disability,Kaduna,Kachia
6c0a1318-11f8-4aae-9830-fc12fdefc4da,2024-02-07,GAP_&_crop_management,Kac09,Male,Male Youth,No disability,Kaduna,Kachia
71ffa1e6-5ff7-4558-b6ff-46a0c963b916,2024-02-07,GAP_&_crop_management,Kac10,Male,Male Youth,No disability,Kaduna,Kachia
3df89b76-a064-48a1-b6bc-384b5418b460,2024-02-07,GAP_&_crop_management,Kac11,Male,Male Youth,No disability,Kaduna,Kachia
45fa950a-0c69-4e0f-a217-9286b6cbaa83,2024-02-07,GAP_&_crop_management,Kac12,Female,Female Youth,No disability,Kaduna,Kachia
eebd3ebc-daa9-4461-a5d4-913fdf5d6947,2024-02-07,GAP_&_crop_management,Kac13,Male,Male Youth,No disability,Kaduna,Kachia
60628fab-20a1-4a49-83b6-74b648fefa93,2024-02-07,GAP_&_crop_management,Kag01,Male,Male Youth,No disability,Kaduna,Kachia
c8e07301-c6df-4237-b44a-9ac3aefc1fb2,2024-02-07,GAP_&_crop_management,Kag02,Female,Female Youth,No disability,Kaduna,Kachia
a6abe1cd-99dd-413f-845d-6fcf2ae84270,2024-02-07,GAP_&_crop_management,Kag03,Male,Male Youth,No disability,Kaduna,Kachia
e8f34d84-37ce-4b40-85b7-374307c88067,2024-02-07,GAP_&_crop_management,Kag04,Female,Female Youth,No disability,Kaduna,Kachia
29708453-3326-4da4-81bd-0226c5251c0c,2024-02-07,GAP_&_crop_management,Kag05,Male,Male Youth,No disability,Kaduna,Kachia
ba2cdbc9-fb19-4f4c-900b-bb073bf7d934,2024-02-07,GAP_&_crop_management,Kag06,Male,Male Youth,No disability,Kaduna,Kachia
77c74c09-12af-4662-be91-46677b37dd57,2024-02-07,GAP_&_crop_management,Kag07,Female,Female Youth,No disability,Kaduna,Kachia
20e5b0d2-bc37-4dcf-bd41-b3c0e785d5a9,2024-02-07,GAP_&_crop_management,Kag08,Female,Female Youth,No disability,Kaduna,Kachia
5f70891e-56a7-41f2-a0e3-a5aa3f97330c,2024-02-07,GAP_&_crop_management,Kag09,Male,Male Youth,No disability,Kaduna,Kachia
aa243f7a-5c1e-4682-b675-7a053051c78c,2024-02-07,GAP_&_crop_management,Kag10,Male,Male Youth,No disability,Kaduna,Kachia
177e8c7d-d9ed-41d7-aab6-ae577f6abfc4,2024-02-07,GAP_&_crop_management,Kag11,Male,Male Youth,No disability,Kaduna,Kachia
754cdab2-538f-4431-963d-378de0250b6f,2024-02-07,GAP_&_crop_management,Kag12,Male,Male Youth,No disability,Kaduna,Kachia
e004f8e8-8301-4b0b-9a1d-63332e38a722,2024-02-07,GAP_&_crop_management,Kau08,Male,Male Youth,No disability,Kaduna,Kachia
3af4b27a-e96a-4257-a97a-b0be45f92cad,2024-02-07,GAP_&_crop_management,Kau09,Male,Male Youth,No disability,Kaduna,Kachia
d936f06f-81f6-4a35-a103-f40a1626bef9,2024-02-07,GAP_&_crop_management,Kau10,Male,Male Youth,No disability,Kaduna,Kachia
301578e8-c79a-452f-9946-a92b5486ec79,2024-02-07,GAP_&_crop_management,Kau11,Female,Female Youth,No disability,Kaduna,Kachia
9ca00ad1-ce0d-4a87-ae33-fd38c5c7b742,2024-02-07,GAP_&_crop_management,Kau12,Female,Female Youth,No disability,Kaduna,Kachia
fceb0a88-6f5f-401d-95af-16773f7864f0,2024-02-07,GAP_&_crop_management,Kau13,Female,Female Youth,No disability,Kaduna,Kachia
6330d383-84a8-4374-ba28-2f1c0347861a,2024-02-07,GAP_&_crop_management,Kau14,Male,Male Youth,No disability,Kaduna,Kachia
6a4dee96-834a-4962-94ad-30a7b1be16db,2024-02-07,GAP_&_crop_management,Kau15,Female,Female Youth,No disability,Kaduna,Kachia
ac46aab9-1dfe-4456-81a9-ad469f065aad,2024-02-07,GAP_&_crop_management,Kau16,Male,Male Youth,No disability,Kaduna,Kachia
ad83ae6c-9de2-4637-9937-bb3fe04faee9,2024-02-07,GAP_&_crop_management,Kds12,Male,Male Youth,No disability,Kaduna,Kaduna_South
1613342c-db03-405b-983d-465b58537794,2024-02-07,GAP_&_crop_management,Kds13,Male,Male Youth,No disability,Kaduna,Kaduna_South
6297472e-2554-4203-afbb-41960f62b9d6,2024-02-07,GAP_&_crop_management,Zan21,Male,Male Youth,No disability,Kaduna,Zangon_Kataf
3f4e8ace-0905-4a89-89dd-c1d595e7f040,2024-02-07,GAP_&_crop_management,Zan22,Female,Female Youth,No disability,Kaduna,Zangon_Kataf
2b6c87f0-c993-40e8-ba53-a305059e40ea,2024-02-07,GAP_&_crop_management,Zan23,Female,Female Youth,No disability,Kaduna,Zangon_Kataf
93336100-88f1-4b28-b9ec-839d52fdc0b1,2024-02-07,GAP_&_crop_management,Zan24,Female,Female Youth,No disability,Kaduna,Zangon_Kataf
86cc8a8f-716d-4a5d-803f-4dfa3fe3eb61,2024-02-07,GAP_&_crop_management,Zan25,Female,Female Youth,No disability,Kaduna,Zangon_Kataf
bc1e5536-cd05-4103-a4de-03b9a8d7eeab,2023-02-07,GAP_&_crop_management,Zan26,Female,Female Youth,No disability,Kaduna,Zangon_Kataf
5f56fca4-5389-4306-a24a-c1ac1c6db5db,2024-02-07,GAP_&_crop_management,Zan27,Male,Male Youth,No disability,Kaduna,Zangon_Kataf
14a7464a-0492-48e0-bef4-dbc2ff36b2db,2024-02-07,GAP_&_crop_management,Zan28,Male,Male Youth,No disability,Kaduna,Zangon_Kataf
5a7679b2-3d2c-49ea-9aac-6f2a2567a689,2024-02-07,GAP_&_crop_management,Zan29,Male,Male Youth,No disability,Kaduna,Zangon_Kataf
febbda91-7c3c-47b9-b969-f152cb886e4c,2024-02-07,GAP_&_crop_management,Zan30,Male,Male Youth,No disability,Kaduna,Zangon_Kataf
6a7b08f9-0301-477e-9824-a5b78e20b902,2024-02-07,GAP_&_crop_management,Zan31,Male,Male Youth,No disability,Kaduna,Zangon_Kataf
f1f6dde5-ffb8-4c5f-b52c-46e63af80dd6,2024-02-07,GAP_&_crop_management,Zan32,Male,Male Youth,No disability,Kaduna,Zangon_Kataf
2035b3e4-9eee-4542-9ae7-e241b6412d49,2024-02-01,"Group_formation,_and_dynamics_for_financial_inclusion",Gee01,Male,Male Youth,No disability,Benue,Gwer-East
99200a47-bea2-4b0b-bedd-d52bc7e7665c,2024-02-02,GAP_&_crop_management,Gee01,Male,Male Youth,No disability,Benue,Gwer-East
9401c35e-d7af-4415-a680-3bb0135940c8,2024-02-01,"Group_formation,_and_dynamics_for_financial_inclusion",Gee02,Male,Male Youth,No disability,Benue,Gwer-East
d87c71c2-70be-46fb-b146-79c058cbba61,2024-02-02,GAP_&_crop_management,Gee02,Male,Male Youth,No disability,Benue,Gwer-East
14b82db9-bd83-4a55-a90b-6fe725265311,2024-02-01,"Group_formation,_and_dynamics_for_financial_inclusion",Gee03,Female,Female Youth,No disability,Benue,Gwer-East
2c95af9b-f85f-4ea6-b8c0-3498cd413fe4,2024-02-02,GAP_&_crop_management,Gee03,Female,Female Youth,No disability,Benue,Gwer-East
8d8c03ed-9efe-4f46-ac53-8e1c107081f7,2024-02-19,ICT_solutions_for_agriculture,Gee03,Female,Female Youth,No disability,Benue,Gwer-East
516b3b7c-fe44-44ab-9ffc-706840f16afa,2024-02-01,"Group_formation,_and_dynamics_for_financial_inclusion",Gee05,Male,Male Adult,No disability,Benue,Gwer-East
3a2a0292-ac5a-48b2-897d-931672d3b01b,2024-02-02,GAP_&_crop_management,Gee05,Male,Male Adult,No disability,Benue,Gwer-East
2c7c1a9d-2e97-4f8d-a99a-d28195d652ef,2024-02-19,ICT_solutions_for_agriculture,Gee05,Male,Male Adult,No disability,Benue,Gwer-East
2f8a18ae-a21d-4f05-8611-77077a1da1ac,2024-02-01,"Group_formation,_and_dynamics_for_financial_inclusion",Gee07,Female,Female Youth,No disability,Benue,Gwer-East
77b4fa86-0b1f-45f2-9053-fbfcad3d5eca,2024-02-02,GAP_&_crop_management,Gee07,Female,Female Youth,No disability,Benue,Gwer-East
f52a4d15-ae2a-461a-9d23-55eb7e5fd2d5,2024-02-01,"Group_formation,_and_dynamics_for_financial_inclusion",Gum07,Male,Male Adult,No disability,Benue,Guma
83c6107e-9eb8-4b88-b11f-7dc74d18dcbb,2024-02-02,GAP_&_crop_management,Gum07,Male,Male Adult,No disability,Benue,Guma
74b5cfaf-7369-4412-b9fd-1985892e073c,2024-02-01,"Group_formation,_and_dynamics_for_financial_inclusion",Gum08,Male,Male Youth,No disability,Benue,Guma
8bb92e47-9183-4007-9ed2-44a566d9d68f,2024-02-02,GAP_&_crop_management,Gum08,Male,Male Youth,No disability,Benue,Guma
8e4a8b63-26d3-446b-9831-7e048fe015b0,2024-02-01,"Group_formation,_and_dynamics_for_financial_inclusion",Gum09,Female,Female Youth,No disability,Benue,Guma
6fe4a4dd-3ce9-466e-92a0-c3cfc12afca1,2024-02-02,GAP_&_crop_management,Gum09,Female,Female Youth,No disability,Benue,Guma
4591ad1f-3f21-41dd-a634-d35540d11bed,2024-02-01,"Group_formation,_and_dynamics_for_financial_inclusion",Gum10,Male,Male Youth,No disability,Benue,Guma
cd442279-1b5e-4426-852a-4df66a2e189d,2024-02-02,GAP_&_crop_management,Gum10,Male,Male Youth,No disability,Benue,Guma
a364a1b6-8be3-43d5-bb8c-9bf6dc2d45d2,2024-02-01,"Group_formation,_and_dynamics_for_financial_inclusion",Gum11,Male,Male Youth,No disability,Benue,Guma
bcce702f-d875-4083-abb1-02bbe4127bce,2024-02-02,GAP_&_crop_management,Gum11,Male,Male Youth,No disability,Benue,Guma
7d0f0966-707d-4b53-9427-f2ac64ed7b32,2024-02-01,"Group_formation,_and_dynamics_for_financial_inclusion",Gum12,Male,Male Youth,No disability,Benue,Guma
003530c3-c751-48aa-a53e-e71a2fdda41d,2024-02-02,GAP_&_crop_management,Gum12,Male,Male Youth,No disability,Benue,Guma
26b62f52-b3f8-4cce-ad58-8ebe2dd242d9,2024-02-01,"Group_formation,_and_dynamics_for_financial_inclusion",Gum13,Female,Female Youth,No disability,Benue,Guma
5167b83d-baa5-4e54-a2da-8c451d4d8aaf,2024-02-02,GAP_&_crop_management,Gum13,Female,Female Youth,No disability,Benue,Guma
3cf444c4-2f41-40ef-8401-5b5d02b09f0b,2024-02-01,"Group_formation,_and_dynamics_for_financial_inclusion",Mak12,Male,Male Youth,No disability,Benue,Markurdi
aac591fd-0e56-4693-9daa-384a37c66301,2024-02-02,GAP_&_crop_management,Mak12,Male,Male Youth,No disability,Benue,Markurdi
4253cdb0-5da7-4f69-be45-acb29772f2cb,2024-02-01,"Group_formation,_and_dynamics_for_financial_inclusion",Mak13,Male,Male Youth,No disability,Benue,Markurdi
147c881e-035e-4639-a1d8-4a66546eae8f,2024-02-02,GAP_&_crop_management,Mak13,Male,Male Youth,No disability,Benue,Markurdi
5c361ea1-f111-482c-bb99-ba061c85a9ad,2024-02-01,"Group_formation,_and_dynamics_for_financial_inclusion",Mak14,Female,Female Youth,No disability,Benue,Markurdi
01639ca0-8cb7-4ee7-8ec1-dc25f68d1265,2024-02-02,GAP_&_crop_management,Mak14,Female,Female Youth,No disability,Benue,Markurdi
87d0c765-9d94-4ac4-ad7c-187ad4f5a36e,2024-02-01,"Group_formation,_and_dynamics_for_financial_inclusion",Mak15,Female,Female Youth,No disability,Benue,Markurdi
8b05265e-9f22-4f1d-9c0c-47894eff2ed8,2024-02-02,GAP_&_crop_management,Mak15,Female,Female Youth,No disability,Benue,Markurdi
62c4a9c4-949a-4efd-9c78-58ad979ef855,2024-02-01,"Group_formation,_and_dynamics_for_financial_inclusion",Mak16,Male,Male Youth,No disability,Benue,Markurdi
6a3941ee-0b8b-40a5-9adb-a915b1682e07,2024-02-02,GAP_&_crop_management,Mak16,Male,Male Youth,No disability,Benue,Markurdi
b1454e34-7c4d-4392-873f-d98b48680005,2024-02-01,"Group_formation,_and_dynamics_for_financial_inclusion",Oju09,Male,Male Adult,No disability,Benue,Oju
95fd2a6a-a00e-41ca-95f6-1009b55d3b31,2024-02-02,GAP_&_crop_management,Oju09,Male,Male Adult,No disability,Benue,Oju
70116f54-19bf-41ee-b696-a756f410cf97,2024-02-01,"Group_formation,_and_dynamics_for_financial_inclusion",Oju10,Male,Male Adult,No disability,Benue,Oju
8dd29ea4-9e4f-4884-a8a7-dd4aa6534a54,2024-02-02,GAP_&_crop_management,Oju10,Male,Male Adult,No disability,Benue,Oju
e7462030-1180-4c31-aea0-69cb4116f2f8,2024-02-01,"Group_formation,_and_dynamics_for_financial_inclusion",Oju11,Male,Male Youth,No disability,Benue,Oju
8f234da1-6aaa-4485-ba42-107b00bfa2ae,2024-02-02,GAP_&_crop_management,Oju11,Male,Male Youth,No disability,Benue,Oju
2dc23c5a-7cdb-4168-a066-93ebd06297d4,2024-02-01,"Group_formation,_and_dynamics_for_financial_inclusion",Oju12,Male,Male Adult,No disability,Benue,Oju
dbc0ef23-a6b4-41b2-9c8d-476de5d0f4bc,2024-02-02,GAP_&_crop_management,Oju12,Male,Male Adult,No disability,Benue,Oju
e08d6322-a52f-4af1-ab33-f41fc8b87dd4,2024-02-01,"Group_formation,_and_dynamics_for_financial_inclusion",Oju13,Male,Male Youth,No disability,Benue,Oju
3cad8779-17be-4fd8-91db-dc9dcbb611ec,2024-02-01,GAP_&_crop_management,Oju13,Male,Male Youth,No disability,Benue,Oju
473d8db0-6a85-4c60-bcce-702d0ef1bf91,2024-02-01,"Group_formation,_and_dynamics_for_financial_inclusion",Oju14,Male,Male Adult,No disability,Benue,Oju
10b79b85-107e-4128-8616-38c89f049a30,2024-02-01,GAP_&_crop_management,Oju14,Male,Male Adult,No disability,Benue,Oju
783c18fa-cc32-4266-9b17-6eeb15c5fe51,2024-02-01,"Group_formation,_and_dynamics_for_financial_inclusion",Oju15,Male,Male Adult,No disability,Benue,Oju
b2cee222-5d47-4597-a297-6e438ad01754,2024-02-02,GAP_&_crop_management,Oju15,Male,Male Adult,No disability,Benue,Oju
2c12baa3-e535-492b-ab4b-1e8bc049474b,2024-02-01,"Group_formation,_and_dynamics_for_financial_inclusion",Tar01,Female,Female Youth,No disability,Benue,Tarka
c691d086-2f83-481c-815f-c79211e281bf,2024-02-02,GAP_&_crop_management,Tar01,Female,Female Youth,No disability,Benue,Tarka
bf9054c3-3bf6-469c-bacb-c6284ef5dd45,2024-02-01,"Group_formation,_and_dynamics_for_financial_inclusion",Tar02,Female,Female Youth,No disability,Benue,Tarka
6f8e8fd2-f0b4-49e9-a0d4-6d49ac85e163,2024-02-02,GAP_&_crop_management,Tar02,Female,Female Youth,No disability,Benue,Tarka
d672581a-4038-462e-a4ae-a973026d21d1,2024-02-01,"Group_formation,_and_dynamics_for_financial_inclusion",Tar03,Female,Female Youth,No disability,Benue,Tarka
c5063c63-c601-40f4-bf32-0cda28153785,2024-02-02,GAP_&_crop_management,Tar03,Female,Female Youth,No disability,Benue,Tarka
2dde7eb6-3b82-4100-8540-2f3cb806ad09,2024-02-01,"Group_formation,_and_dynamics_for_financial_inclusion",Tar04,Male,Male Youth,No disability,Benue,Tarka
cb8ed924-76bc-45e6-af2a-e5162ddc067d,2024-02-01,"Group_formation,_and_dynamics_for_financial_inclusion",Tar05,Male,Male Youth,No disability,Benue,Tarka
c7713704-23d4-4233-add9-ed5669a92fa5,2024-02-02,GAP_&_crop_management,Tar05,Male,Male Youth,No disability,Benue,Tarka
614671c0-2d37-4141-bdaf-ad1ced7f512c,2024-02-01,"Group_formation,_and_dynamics_for_financial_inclusion",Tar06,Female,Female Adult,No disability,Benue,Tarka
74695479-30c3-4708-bc5f-420480d5eb89,2024-02-02,GAP_&_crop_management,Tar06,Female,Female Adult,No disability,Benue,Tarka
2cebd6fc-ca1a-4904-abb2-5798fc653be3,2024-02-01,"Group_formation,_and_dynamics_for_financial_inclusion",Tar07,Male,Male Adult,No disability,Benue,Tarka
a037b58a-02aa-4b44-ad51-2408fa162b92,2024-02-02,GAP_&_crop_management,Tar07,Male,Male Adult,No disability,Benue,Tarka
a191fe67-5434-4ae1-b94b-7f5a2067485f,2024-01-15,ICT_solutions_for_agriculture,Dem03,Female,Female Youth,No disability,Adamawa,Demsa
111840be-b54e-4485-aaf8-0bbe0fe02195,2024-01-15,ICT_solutions_for_agriculture,Dem05,Male,Male Youth,No disability,Adamawa,Demsa
f24b9001-ddd1-41b8-86e4-d19d5c70f827,2024-01-15,ICT_solutions_for_agriculture,Dem10,Female,Female Youth,No disability,Adamawa,Demsa
1283db38-fa4c-4cd3-a70b-d948da9461ab,2024-01-15,ICT_solutions_for_agriculture,Dem11,Female,Female Youth,No disability,Adamawa,Demsa
b341df3e-2500-44de-b65e-9ec291278327,2024-01-15,ICT_solutions_for_agriculture,Dem12,Female,Female Youth,No disability,Adamawa,Demsa
b2c29b2c-2bd7-4ca7-bec8-77dc6487ea4c,2024-01-15,ICT_solutions_for_agriculture,Dem14,Female,Female Youth,No disability,Adamawa,Demsa
ac4f7f81-7b64-4abb-9625-f5c877bcbfec,2024-01-15,ICT_solutions_for_agriculture,Dem17,Male,Male Youth,No disability,Adamawa,Demsa
e26ebfb6-7ffd-4c1f-a148-3a6814859254,2024-01-15,ICT_solutions_for_agriculture,Gir03,Male,Male Youth,No disability,Adamawa,Girei
cf715421-e039-4838-bbcb-7f7deaaf8d67,2024-01-15,ICT_solutions_for_agriculture,Yls01,Female,Female Youth,No disability,Adamawa,Yola_South
05d84850-a145-432d-b22c-b25ec4f69152,2024-01-15,ICT_solutions_for_agriculture,Yls02,Female,Female Youth,No disability,Adamawa,Yola_South
8aca176e-f922-4a5a-b67d-ed0add5f7b91,2024-01-15,ICT_solutions_for_agriculture,Yls03,Male,Male Youth,No disability,Adamawa,Yola_South
7e610a3e-c03e-4205-bf1d-dac22ad9944e,2024-01-15,ICT_solutions_for_agriculture,Yls04,Male,Male Youth,No disability,Adamawa,Yola_South
b6de293e-9620-49c3-abc3-7f3e177d1f37,2024-01-15,ICT_solutions_for_agriculture,Yls05,Female,Female Youth,No disability,Adamawa,Yola_South
39686d36-ce01-403e-a225-6b79bdc2651a,2024-01-06,GAP_&_crop_management,Yls06,Female,Female Youth,No disability,Adamawa,Yola_South
83f9d89c-98ad-42bf-a6ca-ea9d15789022,2024-01-15,ICT_solutions_for_agriculture,Yls06,Female,Female Youth,No disability,Adamawa,Yola_South
bb5c71f7-b20e-4959-b410-e585d6ca59a9,2024-01-15,ICT_solutions_for_agriculture,Yls07,Male,Male Youth,No disability,Adamawa,Yola_South
80de5e86-c2ac-4748-bf72-1762fa7116bd,2024-01-15,ICT_solutions_for_agriculture,Yls08,Male,Male Youth,No disability,Adamawa,Yola_South
5e6ae7dc-64e4-4d26-b0cd-246550df48e7,2024-01-15,ICT_solutions_for_agriculture,Chk14,Female,Female Youth,No disability,Kaduna,Chikun
38d2ceb4-436f-43a1-bc59-52bd0d73e475,2024-01-15,ICT_solutions_for_agriculture,Chk15,Male,Male Youth,No disability,Kaduna,Chikun
6e98a59d-d7e0-4a0e-9473-06f58633d925,2024-01-15,ICT_solutions_for_agriculture,Chk17,Female,Female Youth,No disability,Kaduna,Chikun
e21b0916-e9ae-41b6-94c4-7edfa8c40b5c,2024-01-15,ICT_solutions_for_agriculture,Chk18,Female,Female Youth,No disability,Kaduna,Chikun
06c431e5-3ba9-4bfe-9948-bb574b13f38d,2024-01-05,ICT_solutions_for_agriculture,Chk19,Female,Female Youth,No disability,Kaduna,Chikun
0fd8de0d-639a-455b-8d47-64209a1e478a,2024-01-15,ICT_solutions_for_agriculture,Chk20,Female,Female Youth,No disability,Kaduna,Chikun
b2e9bd49-c6fd-4c23-899e-3df3d420cc81,2024-01-15,ICT_solutions_for_agriculture,Jab22,Female,Female Youth,No disability,Kaduna,Jaba
134311e9-a1f2-4165-9b25-fab89070f202,2024-01-15,ICT_solutions_for_agriculture,Jab23,Male,Male Youth,No disability,Kaduna,Jaba
cb47feea-21fb-4948-a512-5e7b1b70b2d1,2024-01-05,"Group_formation,_and_dynamics_for_financial_inclusion",Jab24,Female,Female Youth,No disability,Kaduna,Jaba
b677994d-a350-40dc-bf7c-592e3e1d0b83,2024-01-06,GAP_&_crop_management,Jab24,Female,Female Youth,No disability,Kaduna,Jaba
15656421-b87b-443a-a3d7-6333f6ee7916,2024-01-15,ICT_solutions_for_agriculture,Jab24,Female,Female Youth,No disability,Kaduna,Jaba
55a59be5-cd08-44dc-98b1-a18f924f6219,2024-01-15,ICT_solutions_for_agriculture,Jab25,Female,Female Youth,No disability,Kaduna,Jaba
3078ad05-44a6-4841-bf29-9a59ed35603d,2024-01-15,ICT_solutions_for_agriculture,Jab26,Female,Female Youth,No disability,Kaduna,Jaba
1a1d2adb-eaa6-40dc-8ac7-516584e03173,2024-01-15,ICT_solutions_for_agriculture,Jab28,Female,Female Youth,No disability,Kaduna,Jaba
217ce28a-74fe-40b9-abe0-858658823e6f,2024-01-15,ICT_solutions_for_agriculture,Jab29,Male,Male Youth,No disability,Kaduna,Jaba
e21334d4-f85e-4975-a235-4cfeb45c589f,2024-01-15,ICT_solutions_for_agriculture,Jab30,Male,Male Youth,No disability,Kaduna,Jaba
68600a4b-3f44-43fe-ad55-d718b93f142a,2024-01-15,ICT_solutions_for_agriculture,Jab31,Male,Male Youth,No disability,Kaduna,Jaba
a210e4ca-730c-421a-98c5-10938273d19c,2024-01-15,ICT_solutions_for_agriculture,Jab32,Male,Male Youth,No disability,Kaduna,Jaba
800c9f37-ff25-4fb6-985f-b37e85ff4f5c,2024-01-15,ICT_solutions_for_agriculture,Jam13,Male,Male Youth,No disability,Kaduna,Jema’a
d376ffa4-e320-400a-b8af-5b2b48d6b373,2024-01-15,ICT_solutions_for_agriculture,Jam14,Female,Female Youth,No disability,Kaduna,Jema’a
19d0c4d6-2718-480a-a530-019c057cec8f,2024-01-15,ICT_solutions_for_agriculture,Jam15,Female,Female Youth,No disability,Kaduna,Jema’a
8f1a22ce-4a10-4d8b-b3e9-982918239658,2024-01-15,ICT_solutions_for_agriculture,Jam16,Female,Female Youth,No disability,Kaduna,Jema’a
c677e6c8-8be9-48f5-b268-b14410d1d21c,2024-01-15,ICT_solutions_for_agriculture,Jam17,Male,Male Youth,No disability,Kaduna,Jema’a
fd1efb62-85ba-48ec-928b-c500eb30a67c,2024-01-15,ICT_solutions_for_agriculture,Jam18,Male,Male Youth,No disability,Kaduna,Jema’a
0baf0eeb-ec68-4309-97df-1f181a3616cb,2024-01-15,ICT_solutions_for_agriculture,Jam20,Male,Male Youth,No disability,Kaduna,Jema’a
cf00b898-36a0-4c0b-9405-88908935c087,2024-01-15,ICT_solutions_for_agriculture,Jam21,Male,Male Youth,No disability,Kaduna,Jema’a
3596cc8c-58a7-46ab-b2ea-858cb3fc3cf3,2024-01-15,ICT_solutions_for_agriculture,Jam22,Male,Male Youth,No disability,Kaduna,Jema’a
014f7518-a34a-4b13-9244-d4839462874c,2024-01-15,ICT_solutions_for_agriculture,Kac01,Female,Female Youth,No disability,Kaduna,Kachia
9c815fc7-0162-4072-9b96-d5e3f0b837c0,2024-01-15,ICT_solutions_for_agriculture,Kac03,Female,Female Youth,No disability,Kaduna,Kachia
b4adf7df-5dba-4b66-9d49-ddf46ceb60f9,2024-01-15,ICT_solutions_for_agriculture,Kac04,Female,Female Youth,No disability,Kaduna,Kachia
d802855c-3744-4339-8ded-186a5bdb75cc,2024-01-15,ICT_solutions_for_agriculture,Kac05,Female,Female Youth,No disability,Kaduna,Kachia
d92c3b46-5277-4847-9ad1-56a894be8c02,2024-01-15,ICT_solutions_for_agriculture,Kac06,Male,Male Youth,No disability,Kaduna,Kachia
0e3fa3aa-5354-4e05-9ebc-cd698cdf3110,2024-01-15,ICT_solutions_for_agriculture,Kac07,Male,Male Youth,No disability,Kaduna,Kachia
875270db-6cd0-44be-93c2-bc541bba5867,2024-01-15,ICT_solutions_for_agriculture,Kac08,Male,Male Youth,No disability,Kaduna,Kachia
66254b69-a5e2-4538-9f2e-8f8a5e3d31e0,2024-01-15,ICT_solutions_for_agriculture,Kac09,Male,Male Youth,No disability,Kaduna,Kachia
868be1c1-8d03-463b-952b-a3c0c673f34c,2024-01-15,ICT_solutions_for_agriculture,Kac10,Male,Male Youth,No disability,Kaduna,Kachia
ba19bcf4-871f-4573-9f01-fd7d7fa6e587,2024-01-15,ICT_solutions_for_agriculture,Kac11,Male,Male Youth,No disability,Kaduna,Kachia
d5f05973-5411-4637-bb00-d085a8d10195,2024-01-15,ICT_solutions_for_agriculture,Kac12,Female,Female Youth,No disability,Kaduna,Kachia
0a474106-8b6d-4540-978b-12ce0fcb8d40,2024-01-14,ICT_solutions_for_agriculture,Kac13,Male,Male Youth,No disability,Kaduna,Kachia
7b08e4c1-82c2-4906-8962-4747072bc67d,2024-01-15,ICT_solutions_for_agriculture,Kag01,Male,Male Youth,No disability,Kaduna,Kachia
8a79cb71-a82e-4650-af5d-7bcf719692ac,2024-01-15,ICT_solutions_for_agriculture,Kag02,Female,Female Youth,No disability,Kaduna,Kachia
31293c7e-5397-48da-8b9e-2ab96adff292,2024-01-15,ICT_solutions_for_agriculture,Kag03,Male,Male Youth,No disability,Kaduna,Kachia
e36db4f9-3ae2-4293-8629-aee193484266,2024-01-15,ICT_solutions_for_agriculture,Kag04,Female,Female Youth,No disability,Kaduna,Kachia
ef39f8c0-6504-4b19-9f97-dfe8c7dadd75,2024-01-10,ICT_solutions_for_agriculture,Kag05,Male,Male Youth,No disability,Kaduna,Kachia
c2c806c8-d982-40fd-a44f-d800036ecb57,2024-01-15,ICT_solutions_for_agriculture,Kag06,Male,Male Youth,No disability,Kaduna,Kachia
baa1a595-a875-4bba-aa1c-1ef074c56237,2024-01-15,ICT_solutions_for_agriculture,Kag07,Female,Female Youth,No disability,Kaduna,Kachia
e72b2cde-8ca6-4169-8a54-a1f9b497e9a6,2024-01-15,ICT_solutions_for_agriculture,Kag08,Female,Female Youth,No disability,Kaduna,Kachia
8cad0d00-d939-4e3b-be5b-6d168fc2ac06,2024-01-15,ICT_solutions_for_agriculture,Kag09,Male,Male Youth,No disability,Kaduna,Kachia
0c100181-9cd4-4d9c-9c68-086718ac984f,2024-01-15,ICT_solutions_for_agriculture,Kag10,Male,Male Youth,No disability,Kaduna,Kachia
42ce7214-8d8f-4e43-aa3c-1bb474f06ca8,2024-01-15,ICT_solutions_for_agriculture,Kag11,Male,Male Youth,No disability,Kaduna,Kachia
898f85a8-9c36-43bb-823e-8759106a9ef7,2024-01-15,ICT_solutions_for_agriculture,Kag12,Male,Male Youth,No disability,Kaduna,Kachia
d4c588db-31a7-416c-b465-5e12549351e6,2024-01-15,ICT_solutions_for_agriculture,Kau08,Male,Male Youth,No disability,Kaduna,Kachia
86ec7989-cd6f-42b8-982c-279c8ce2cb14,2024-01-15,ICT_solutions_for_agriculture,Kau09,Male,Male Youth,No disability,Kaduna,Kachia
48e1be8c-f87e-4c2a-bbb5-47347256c564,2024-01-15,ICT_solutions_for_agriculture,Kau10,Male,Male Youth,No disability,Kaduna,Kachia
0481cac8-ca3f-4fbd-b149-33b82945a25a,2024-01-15,ICT_solutions_for_agriculture,Kau11,Female,Female Youth,No disability,Kaduna,Kachia
4f9c34b5-c601-45b1-938e-4bb11577cfa1,2024-01-15,ICT_solutions_for_agriculture,Kau12,Female,Female Youth,No disability,Kaduna,Kachia
ed953ced-bdf1-4256-86cc-0d4fdd80c133,2024-01-15,ICT_solutions_for_agriculture,Kau13,Female,Female Youth,No disability,Kaduna,Kachia
0cf9c5c5-1bfd-4194-9b64-84e4afdf5ed8,2024-01-15,ICT_solutions_for_agriculture,Kau14,Male,Male Youth,No disability,Kaduna,Kachia
4dc8e34b-c1fc-4ff2-94fb-bb7cfc2aa368,2024-01-15,ICT_solutions_for_agriculture,Kau15,Female,Female Youth,No disability,Kaduna,Kachia
6b17b2b6-4bc3-4213-b3dd-90bd57c7c1a4,2024-01-15,ICT_solutions_for_agriculture,Kau16,Male,Male Youth,No disability,Kaduna,Kachia
d671ffa6-8e23-4d07-9503-2714074d0d51,2024-01-15,ICT_solutions_for_agriculture,Kds12,Male,Male Youth,No disability,Kaduna,Kaduna_South
eebec16f-3cbb-4044-8364-774f77d0d368,2024-01-15,ICT_solutions_for_agriculture,Kds13,Male,Male Youth,No disability,Kaduna,Kaduna_South
24cd9b43-08f8-40d3-9a51-c6c4ab2b2bd6,2024-01-15,ICT_solutions_for_agriculture,Zan21,Male,Male Youth,No disability,Kaduna,Zangon_Kataf
1c02eddc-18bf-41c5-b19e-40b9ee1a9a38,2024-01-15,ICT_solutions_for_agriculture,Zan22,Female,Female Youth,No disability,Kaduna,Zangon_Kataf
9b5d798a-3976-4c6c-85f7-0649bbf842a9,2024-01-15,ICT_solutions_for_agriculture,Zan23,Female,Female Youth,No disability,Kaduna,Zangon_Kataf
1f8fdac9-67cb-4026-81da-d35242c4326d,2024-01-15,ICT_solutions_for_agriculture,Zan24,Female,Female Youth,No disability,Kaduna,Zangon_Kataf
504ad4ca-8b2f-47d2-b4dd-3f45b0ac7aaf,2024-01-15,ICT_solutions_for_agriculture,Zan25,Female,Female Youth,No disability,Kaduna,Zangon_Kataf
4cb09e09-a8c7-4629-a500-385b7ae9de27,2024-01-15,ICT_solutions_for_agriculture,Zan26,Female,Female Youth,No disability,Kaduna,Zangon_Kataf
44d3dfbb-9035-42cf-a10a-d737225bef3f,2024-01-15,ICT_solutions_for_agriculture,Zan27,Male,Male Youth,No disability,Kaduna,Zangon_Kataf
564017b0-3a23-464a-b723-f9b1289e1161,2024-01-15,ICT_solutions_for_agriculture,Zan28,Male,Male Youth,No disability,Kaduna,Zangon_Kataf
be4f5424-2280-4ebe-a471-27b79c13c54f,2024-01-15,ICT_solutions_for_agriculture,Zan29,Male,Male Youth,No disability,Kaduna,Zangon_Kataf
81603b62-27a6-4618-ad65-2d40bacdd1f5,2024-01-15,ICT_solutions_for_agriculture,Zan30,Male,Male Youth,No disability,Kaduna,Zangon_Kataf
da90d95e-4e69-4b36-846a-af18bf813285,2024-01-15,ICT_solutions_for_agriculture,Zan31,Male,Male Youth,No disability,Kaduna,Zangon_Kataf
d2f156f7-9c2e-4116-ae75-b6d5d36012c6,2024-01-15,ICT_solutions_for_agriculture,Zan32,Male,Male Youth,No disability,Kaduna,Zangon_Kataf
cfeae183-a462-424e-b69b-172d65f0efe5,2024-01-05,"Group_formation,_and_dynamics_for_financial_inclusion",Jab27,Male,Male Youth,No disability,Kaduna,Jaba
4754ff66-6dfd-4dc1-b37f-0668a9aa78a7,2024-01-06,GAP_&_crop_management,Jab27,Male,Male Youth,No disability,Kaduna,Jaba
f2426aad-717d-4a09-a477-ea8bffc8060b,2024-01-15,ICT_solutions_for_agriculture,Jab27,Male,Male Youth,No disability,Kaduna,Jaba
677c5d5a-aa0c-4042-8220-b78ea4e38b40,2024-01-05,"Group_formation,_and_dynamics_for_financial_inclusion",Jam12,Female,Female Youth,No disability,Kaduna,Jema’a
ff84b037-6a81-41d5-9827-2dd0d3025fa7,2024-01-06,GAP_&_crop_management,Jam12,Female,Female Youth,No disability,Kaduna,Jema’a
7c1ea107-01f4-41cd-967d-b42430bcaa11,2024-01-15,ICT_solutions_for_agriculture,Jam12,Female,Female Youth,No disability,Kaduna,Jema’a
2c4db3f5-5bd8-485a-8eee-8cc6f768f0b8,2024-01-05,"Group_formation,_and_dynamics_for_financial_inclusion",Jam19,Female,Female Youth,No disability,Kaduna,Jema’a
413eba96-660f-43d2-beb5-2b627e5d8956,2024-01-06,GAP_&_crop_management,Jam19,Female,Female Youth,No disability,Kaduna,Jema’a
293845aa-8859-47d5-9c32-83920c9ed1fb,2024-01-15,ICT_solutions_for_agriculture,Jam19,Female,Female Youth,No disability,Kaduna,Jema’a
f0bbbc5a-2c60-431f-a7c0-9b87c38c6005,2024-02-15,Scaling_up_Agro_Products_marketing_for_small_enterprises,Chk14,Female,Female Youth,No disability,Kaduna,Chikun
c122c817-a71f-4208-b1e6-bebc7f9b0ff5,2024-02-15,Scaling_up_Agro_Products_marketing_for_small_enterprises,Chk15,Male,Male Youth,No disability,Kaduna,Chikun
8a071437-f6a7-4647-b19f-fb11e94a3698,2024-02-15,Scaling_up_Agro_Products_marketing_for_small_enterprises,Chk16,Female,Female Youth,No disability,Kaduna,Chikun
ea6a4c69-4cf4-4300-92ce-d75961e58d60,2024-02-15,Scaling_up_Agro_Products_marketing_for_small_enterprises,Chk17,Female,Female Youth,No disability,Kaduna,Chikun
c30228a4-6694-4621-9110-0b4125970323,2024-02-15,Scaling_up_Agro_Products_marketing_for_small_enterprises,Chk18,Female,Female Youth,No disability,Kaduna,Chikun
aefbac97-7bec-48d1-a2ed-4e7ee47fd8b8,2024-02-15,Scaling_up_Agro_Products_marketing_for_small_enterprises,Chk19,Female,Female Youth,No disability,Kaduna,Chikun
cec6c357-6f9d-428d-a20b-b7c0d83dbf02,2024-02-15,Scaling_up_Agro_Products_marketing_for_small_enterprises,Chk20,Female,Female Youth,No disability,Kaduna,Chikun
7d510a4a-16c4-4425-8886-1416d8bd8626,2024-02-14,Scaling_up_Agro_Products_marketing_for_small_enterprises,Jab22,Female,Female Youth,No disability,Kaduna,Jaba
7947291c-8eae-4253-a350-5627e682ae38,2024-02-14,Scaling_up_Agro_Products_marketing_for_small_enterprises,Jab23,Male,Male Youth,No disability,Kaduna,Jaba
cad22eaf-c495-4613-8183-032938f0c2b2,2024-02-15,Scaling_up_Agro_Products_marketing_for_small_enterprises,Jab24,Female,Female Youth,No disability,Kaduna,Jaba
54fd150e-ab11-4195-b767-9a65744f44da,2024-02-15,Scaling_up_Agro_Products_marketing_for_small_enterprises,Jab25,Female,Female Youth,No disability,Kaduna,Jaba
ef3a5d55-e699-4632-a764-128f0289e766,2024-02-15,Scaling_up_Agro_Products_marketing_for_small_enterprises,Jab26,Female,Female Youth,No disability,Kaduna,Jaba
1cb2ddef-e772-4800-9343-99483c726ab4,2024-02-15,Scaling_up_Agro_Products_marketing_for_small_enterprises,Jab27,Male,Male Youth,No disability,Kaduna,Jaba
b8ccd37e-a029-4a69-95d8-6f067c7f21c6,2024-02-15,Scaling_up_Agro_Products_marketing_for_small_enterprises,Jab28,Female,Female Youth,No disability,Kaduna,Jaba
b3d8c4b5-96ed-4037-a8be-eb2c197840f7,2024-02-15,Scaling_up_Agro_Products_marketing_for_small_enterprises,Jab29,Male,Male Youth,No disability,Kaduna,Jaba
7e303609-9164-4bdd-8064-21b17ae5c4cb,2024-02-15,Scaling_up_Agro_Products_marketing_for_small_enterprises,Jab30,Male,Male Youth,No disability,Kaduna,Jaba
80cfa315-9251-4bb6-a0dd-5bda869ac3cd,2024-02-15,Scaling_up_Agro_Products_marketing_for_small_enterprises,Jab31,Male,Male Youth,No disability,Kaduna,Jaba
2d808580-60b2-409e-a702-23405990ba83,2024-02-15,Scaling_up_Agro_Products_marketing_for_small_enterprises,Jab32,Male,Male Youth,No disability,Kaduna,Jaba
68296bf8-c75c-4987-9055-89beb80951c3,2024-02-15,Scaling_up_Agro_Products_marketing_for_small_enterprises,Jam12,Female,Female Youth,No disability,Kaduna,Jema’a
72550707-bf96-48e7-ac89-40ed5d0fe83d,2024-02-15,Scaling_up_Agro_Products_marketing_for_small_enterprises,Jam13,Male,Male Youth,No disability,Kaduna,Jema’a
f32e5f03-7a0c-4b2e-a4d8-e86ab4250608,2024-02-15,Scaling_up_Agro_Products_marketing_for_small_enterprises,Jam14,Female,Female Youth,No disability,Kaduna,Jema’a
b30e7566-94ae-405a-afad-51b62f5bd7f2,2024-02-15,Scaling_up_Agro_Products_marketing_for_small_enterprises,Jam15,Female,Female Youth,No disability,Kaduna,Jema’a
ee515124-ef8a-4b76-8c78-53cf7ef2995e,2024-02-15,Scaling_up_Agro_Products_marketing_for_small_enterprises,Jam16,Female,Female Youth,No disability,Kaduna,Jema’a
6abd46df-b35c-48c4-b366-902b452a4d3e,2024-02-15,Scaling_up_Agro_Products_marketing_for_small_enterprises,Jam17,Male,Male Youth,No disability,Kaduna,Jema’a
3ff16412-94c8-4e4c-8496-71c1eb580c74,2024-02-15,Scaling_up_Agro_Products_marketing_for_small_enterprises,Jam18,Male,Male Youth,No disability,Kaduna,Jema’a
c5e064d6-4e1f-4938-89a7-bba09352f85a,2024-02-15,Scaling_up_Agro_Products_marketing_for_small_enterprises,Jam19,Female,Female Youth,No disability,Kaduna,Jema’a
73f16e9e-8fc6-4142-bb52-635dbaa3c1ca,2024-02-15,Scaling_up_Agro_Products_marketing_for_small_enterprises,Jam20,Male,Male Youth,No disability,Kaduna,Jema’a
a72c730e-8668-49b3-afb0-18d502168b91,2024-02-15,Scaling_up_Agro_Products_marketing_for_small_enterprises,Jam21,Male,Male Youth,No disability,Kaduna,Jema’a
066fbe77-6886-481a-b5dc-b23781b045e4,2024-02-15,Scaling_up_Agro_Products_marketing_for_small_enterprises,Jam22,Male,Male Youth,No disability,Kaduna,Jema’a
3a8dcefd-412e-4f33-b3ab-6dcad329cedd,2024-02-15,Scaling_up_Agro_Products_marketing_for_small_enterprises,Kac01,Female,Female Youth,No disability,Kaduna,Kachia
04b93b56-6ee0-4620-9735-208f63a91bf9,2024-02-15,Scaling_up_Agro_Products_marketing_for_small_enterprises,Aba02,Male,Male Youth,No disability,FCT,Abaji_Area_Council
8731bc1f-6d8a-433e-bc66-0deae5d2d7e4,2024-02-15,Scaling_up_Agro_Products_marketing_for_small_enterprises,Kac02,Female,Female Youth,No disability,Kaduna,Kachia
e6942493-4ce6-4b9b-93d2-d2c95f03b111,2024-02-15,Scaling_up_Agro_Products_marketing_for_small_enterprises,Kac03,Female,Female Youth,No disability,Kaduna,Kachia
df5bcea2-280c-4db9-b54d-8f25d5a0a200,2024-02-15,Scaling_up_Agro_Products_marketing_for_small_enterprises,Kac04,Female,Female Youth,No disability,Kaduna,Kachia
88e84f31-c5d8-4c9e-9d7d-4c09ad081ff3,2024-02-15,Scaling_up_Agro_Products_marketing_for_small_enterprises,Kac05,Female,Female Youth,No disability,Kaduna,Kachia
d04535c9-090d-4bae-9074-b5f3ce5d58b6,2024-02-15,Scaling_up_Agro_Products_marketing_for_small_enterprises,Kac06,Male,Male Youth,No disability,Kaduna,Kachia
a8c6793e-fa19-4992-b391-ceb7784db8a5,2024-02-15,Scaling_up_Agro_Products_marketing_for_small_enterprises,Kac07,Male,Male Youth,No disability,Kaduna,Kachia
8184669a-2d07-4e14-8f28-ee65cb45299a,2024-02-15,Scaling_up_Agro_Products_marketing_for_small_enterprises,Kac08,Male,Male Youth,No disability,Kaduna,Kachia
32f10eb9-328e-4c47-ac3c-02040d1c07dc,2024-02-15,Scaling_up_Agro_Products_marketing_for_small_enterprises,Kac09,Male,Male Youth,No disability,Kaduna,Kachia
a2df7edb-6b41-4e6b-9063-ab522fd93883,2024-02-15,Scaling_up_Agro_Products_marketing_for_small_enterprises,Kac10,Male,Male Youth,No disability,Kaduna,Kachia
09943db8-5cae-4236-a20c-1cadb268067a,2024-02-15,Scaling_up_Agro_Products_marketing_for_small_enterprises,Kac11,Male,Male Youth,No disability,Kaduna,Kachia
d4f031fc-d1e3-47d5-8beb-029001177f6f,2024-02-15,Scaling_up_Agro_Products_marketing_for_small_enterprises,Kac12,Female,Female Youth,No disability,Kaduna,Kachia
f12cb91e-2c2a-4f1e-aaaf-f0102c385e99,2024-02-15,Scaling_up_Agro_Products_marketing_for_small_enterprises,Kac13,Male,Male Youth,No disability,Kaduna,Kachia
cfd4b8f7-2f75-4675-80a0-3a3cf6cfb45e,2024-02-15,Scaling_up_Agro_Products_marketing_for_small_enterprises,Kag01,Male,Male Youth,No disability,Kaduna,Kachia
567ab65e-fa46-4d7b-87e2-a58b42ed8b48,2024-02-15,Scaling_up_Agro_Products_marketing_for_small_enterprises,Kag02,Female,Female Youth,No disability,Kaduna,Kachia
72199acb-843e-4dc6-b540-527b66d1d9bd,2024-02-15,Scaling_up_Agro_Products_marketing_for_small_enterprises,Kag03,Male,Male Youth,No disability,Kaduna,Kachia
57fe8319-5b94-467b-87ee-62945d1da130,2024-02-15,Scaling_up_Agro_Products_marketing_for_small_enterprises,Kag04,Female,Female Youth,No disability,Kaduna,Kachia
bc2adcac-29c1-43fe-8dbe-9c0ae2807b40,2024-02-15,Scaling_up_Agro_Products_marketing_for_small_enterprises,Kag05,Male,Male Youth,No disability,Kaduna,Kachia
100dabad-c84f-40e8-b9f3-1567e21e3862,2024-02-15,Scaling_up_Agro_Products_marketing_for_small_enterprises,Kag06,Male,Male Youth,No disability,Kaduna,Kachia
876d395d-75b9-47b3-878b-dcf869e7fb07,2024-02-15,Scaling_up_Agro_Products_marketing_for_small_enterprises,Kag07,Female,Female Youth,No disability,Kaduna,Kachia
b762d2e6-b8b9-4011-ab37-39a4d0a00461,2024-02-15,Scaling_up_Agro_Products_marketing_for_small_enterprises,Kag08,Female,Female Youth,No disability,Kaduna,Kachia
b8c5f513-d6db-48b2-899b-60feac9835ef,2024-02-15,Scaling_up_Agro_Products_marketing_for_small_enterprises,Kag09,Male,Male Youth,No disability,Kaduna,Kachia
620d0bd3-fc70-4eef-be50-d2881bfe9f5d,2024-02-15,Scaling_up_Agro_Products_marketing_for_small_enterprises,Kag10,Male,Male Youth,No disability,Kaduna,Kachia
9fed7c25-58cf-48af-9fed-e561fb45fc17,2024-02-15,Scaling_up_Agro_Products_marketing_for_small_enterprises,Kag11,Male,Male Youth,No disability,Kaduna,Kachia
43c77c54-d136-486a-b7b9-bab8b67b0a91,2024-02-15,Scaling_up_Agro_Products_marketing_for_small_enterprises,Kag12,Male,Male Youth,No disability,Kaduna,Kachia
32aca337-cd20-40e7-8b4d-80e329e26831,2024-02-15,Scaling_up_Agro_Products_marketing_for_small_enterprises,Kau08,Male,Male Youth,No disability,Kaduna,Kachia
2c29abbd-4c32-4c96-8d46-7e8fd27eb430,2024-02-15,Scaling_up_Agro_Products_marketing_for_small_enterprises,Kau09,Male,Male Youth,No disability,Kaduna,Kachia
ac57a408-66ca-4f99-97e9-cc5f1f2656f1,2024-02-15,Scaling_up_Agro_Products_marketing_for_small_enterprises,Kau10,Male,Male Youth,No disability,Kaduna,Kachia
507fd240-b6ac-4b90-85c8-fc623a00471a,2024-02-15,Scaling_up_Agro_Products_marketing_for_small_enterprises,Kau11,Female,Female Youth,No disability,Kaduna,Kachia
fb603bbc-1188-4aed-bdea-8cfaac7ad1b1,2024-02-15,Scaling_up_Agro_Products_marketing_for_small_enterprises,Kau12,Female,Female Youth,No disability,Kaduna,Kachia
ae8adedf-55c2-4353-837a-ed38139528ab,2024-02-15,Scaling_up_Agro_Products_marketing_for_small_enterprises,Kau13,Female,Female Youth,No disability,Kaduna,Kachia
4372bda1-6c4f-4dbf-b790-7791c34d14e3,2024-02-15,Scaling_up_Agro_Products_marketing_for_small_enterprises,Kau14,Male,Male Youth,No disability,Kaduna,Kachia
ee7fbcb3-15c6-4616-a179-96f58fb262af,2024-02-15,Scaling_up_Agro_Products_marketing_for_small_enterprises,Kau15,Female,Female Youth,No disability,Kaduna,Kachia
42db8668-0a3b-4013-844a-942b23ff9cf7,2024-02-15,Scaling_up_Agro_Products_marketing_for_small_enterprises,Kau16,Male,Male Youth,No disability,Kaduna,Kachia
b502f304-270d-4ef4-90ff-6b09d0083f23,2024-02-15,Scaling_up_Agro_Products_marketing_for_small_enterprises,Kds12,Male,Male Youth,No disability,Kaduna,Kaduna_South
5afce8e8-767a-44a8-a333-dabda600b8a3,2024-02-15,Scaling_up_Agro_Products_marketing_for_small_enterprises,Kds13,Male,Male Youth,No disability,Kaduna,Kaduna_South
8d8fa92b-e591-489c-ada4-09d379b42b3f,2024-02-15,Scaling_up_Agro_Products_marketing_for_small_enterprises,Zan21,Male,Male Youth,No disability,Kaduna,Zangon_Kataf
5f95464b-dce2-4266-91f9-e7828a34033a,2024-02-15,Scaling_up_Agro_Products_marketing_for_small_enterprises,Zan22,Female,Female Youth,No disability,Kaduna,Zangon_Kataf
ecdb3871-1b1c-4e99-ad1c-2d0fa15026b4,2024-02-15,Scaling_up_Agro_Products_marketing_for_small_enterprises,Zan23,Female,Female Youth,No disability,Kaduna,Zangon_Kataf
74255704-cfb8-42c2-afe5-bb50e573f272,2024-02-15,Scaling_up_Agro_Products_marketing_for_small_enterprises,Zan24,Female,Female Youth,No disability,Kaduna,Zangon_Kataf
1083effc-a617-4c6b-8ae6-fabfafc63781,2024-02-15,Scaling_up_Agro_Products_marketing_for_small_enterprises,Zan25,Female,Female Youth,No disability,Kaduna,Zangon_Kataf
36bf741e-ba26-4eca-90f0-3d20846b7d55,2024-02-15,Scaling_up_Agro_Products_marketing_for_small_enterprises,Zan26,Female,Female Youth,No disability,Kaduna,Zangon_Kataf
d088998f-57eb-4a8e-a7ba-220d9174a725,2024-02-15,Scaling_up_Agro_Products_marketing_for_small_enterprises,Zan27,Male,Male Youth,No disability,Kaduna,Zangon_Kataf
3cc887bb-039c-43e6-aa60-1eb513f36436,2024-02-15,Scaling_up_Agro_Products_marketing_for_small_enterprises,Zan28,Male,Male Youth,No disability,Kaduna,Zangon_Kataf
bc5d20b0-5e73-456d-87b1-afef1b3fc776,2024-02-15,Scaling_up_Agro_Products_marketing_for_small_enterprises,Zan29,Male,Male Youth,No disability,Kaduna,Zangon_Kataf
17ec6d57-e504-4fe3-8d55-732a41f287ed,2024-02-15,Scaling_up_Agro_Products_marketing_for_small_enterprises,Zan30,Male,Male Youth,No disability,Kaduna,Zangon_Kataf
9e91332d-2ebd-436a-bf6e-4968b861d5ad,2024-02-15,Scaling_up_Agro_Products_marketing_for_small_enterprises,Zan31,Male,Male Youth,No disability,Kaduna,Zangon_Kataf
09dbfbdd-ed65-462c-affc-235ae73dc463,2024-02-15,Scaling_up_Agro_Products_marketing_for_small_enterprises,Zan32,Male,Male Youth,No disability,Kaduna,Zangon_Kataf
1b51fbbc-3afe-4fce-b55c-2b900a3ba96b,2023-11-21,Comm._Partner_Registration,Kea08,Female,Female Youth,No disability,Nasarawa,Keana
6f2d64e2-149e-4ecf-84e0-1d4dc28d89f1,2023-11-21,Comm._Partner_Registration,Kea10,Male,Male Youth,No disability,Nasarawa,Keana
84b67faf-d788-432f-b23f-7a189ef71817,2023-11-21,Comm._Partner_Registration,Kea11,Male,Male Youth,No disability,Nasarawa,Keana
3663f032-bb0c-44c9-8a2f-d48169ccc352,2023-11-21,Comm._Partner_Registration,Kea12,Male,Male Youth,No disability,Nasarawa,Keana
81d95529-6e18-47a1-94ee-36676cf40e4b,2023-11-21,Comm._Partner_Registration,Kea13,Female,Female Youth,No disability,Nasarawa,Keana
a97a2b8d-e85c-4707-95fc-4fbf8c0e843e,2023-11-21,Comm._Partner_Registration,Kea14,Male,Male Youth,No disability,Nasarawa,Keana
9092ebc7-1e3c-4e8d-a435-c08027ab2fbb,2023-11-21,Comm._Partner_Registration,Kea15,Female,Female Youth,No disability,Nasarawa,Keana
20c57d71-52e7-464e-a470-225338c1721e,2023-11-21,Comm._Partner_Registration,Laf01,Male,Male Youth,No disability,Nasarawa,Lafia
327ec986-c25a-4328-a738-53e0662b4b24,2023-11-21,Comm._Partner_Registration,Laf02,Female,Female Youth,No disability,Nasarawa,Lafia
419f48a4-fd46-4c79-8606-96911d739ecf,2023-11-21,Comm._Partner_Registration,Laf03,Male,Male Youth,No disability,Nasarawa,Lafia
72c429c7-79dd-4413-a859-e4c398205468,2023-11-21,Comm._Partner_Registration,Laf04,Female,Female Youth,No disability,Nasarawa,Lafia
bdb2c935-0814-4cd8-a8ca-e32cb8b2e117,2023-11-21,Comm._Partner_Registration,Laf05,Female,Female Youth,No disability,Nasarawa,Lafia
17606d29-ebfa-4b1d-9425-6a4df3e5ad7c,2023-11-21,Comm._Partner_Registration,Laf06,Male,Male Youth,No disability,Nasarawa,Lafia
eac70eb5-abbe-40dc-82cd-344f20663224,2023-11-21,Comm._Partner_Registration,Laf07,Male,Male Youth,No disability,Nasarawa,Lafia
3fcf8e0a-f554-40c2-a30e-58d95bedeaa1,2023-11-21,Comm._Partner_Registration,Laf08,Female,Female Youth,No disability,Nasarawa,Lafia
c95399ad-0abd-48fd-a3bc-65fd0a82d209,2023-11-21,Comm._Partner_Registration,Laf09,Female,Female Youth,No disability,Nasarawa,Lafia
1d34df20-234b-422c-afa5-76c352e4076d,2023-11-21,Comm._Partner_Registration,Nsg01,Female,Female Youth,No disability,Nasarawa,Lafia
376a17c7-f9ac-4c89-af7f-e5d846ee34ef,2023-11-21,Comm._Partner_Registration,Nsg02,Female,Female Youth,No disability,Nasarawa,Nasarawa_Eggon
61a56053-4cbb-44a4-9d92-b76fa7ec9fa7,2023-11-21,Comm._Partner_Registration,Nsg03,Male,Male Youth,No disability,Nasarawa,Nasarawa_Eggon
765132c2-a453-4071-a84d-2b26eca42951,2023-11-21,Comm._Partner_Registration,Nsg04,Male,Male Youth,No disability,Nasarawa,Nasarawa_Eggon
edec2e46-1b5d-4a15-8317-1433c260c715,2023-11-21,Comm._Partner_Registration,Nsg06,Male,Male Youth,No disability,Nasarawa,Nasarawa_Eggon
e884f26b-32a7-4ae0-b7bc-1b36b2b28430,2023-11-21,Comm._Partner_Registration,Nsg05,Female,Female Youth,No disability,Nasarawa,Nasarawa_Eggon
4d1e7829-f9c0-478c-b868-d713a27818ce,2023-11-21,Comm._Partner_Registration,Nsg07,Male,Male Youth,No disability,Nasarawa,Nasarawa_Eggon
0fce1aed-6739-4a7a-8557-eaffacf8e01c,2023-11-21,Comm._Partner_Registration,Nsg08,Male,Male Youth,No disability,Nasarawa,Nasarawa_Eggon
e0f24ed8-2701-4956-8dbf-4b731cc0ca6d,2023-11-21,Comm._Partner_Registration,Obi14,Female,Female Youth,No disability,Nasarawa,Obi
d5e37f6b-1429-4b78-9809-0229175342e5,2023-11-21,Comm._Partner_Registration,Obi15,Male,Male Youth,No disability,Nasarawa,Obi
ea6d988a-4206-4eeb-afb1-36969ac30b43,2023-11-21,Comm._Partner_Registration,Obi16,Male,Male Youth,No disability,Nasarawa,Obi
b072fade-f196-4c6e-ab4d-8611382b89aa,2023-11-21,Comm._Partner_Registration,Obi17,Male,Male Youth,No disability,Nasarawa,Obi
38634ad9-9c1d-446d-b282-8ccb43ad0da2,2023-11-21,Comm._Partner_Registration,Obi18,Female,Female Youth,No disability,Nasarawa,Obi
3dffa12f-253e-4bef-8171-ca3522ae83c2,2023-11-21,Comm._Partner_Registration,Obi19,Male,Male Youth,No disability,Nasarawa,Obi
81bb56f2-b5d8-4a25-8439-886f3144fb10,2023-11-21,Comm._Partner_Registration,Obi20,Female,Female Youth,No disability,Nasarawa,Obi
e3eafbd2-9890-412e-8153-2e5081ed577d,2023-11-21,Comm._Partner_Registration,Obi21,Male,Male Youth,No disability,Nasarawa,Obi
36d4623c-44de-4f78-86f4-d85582ceb9e6,2024-03-05,"Group_formation,_and_dynamics_for_financial_inclusion",Kea08,Female,Female Youth,No disability,Nasarawa,Keana
72a009e0-fac3-4c65-856e-4bfce25de6f3,2024-03-05,"Group_formation,_and_dynamics_for_financial_inclusion",Kea09,Female,Female Youth,No disability,Nasarawa,Keana
9185df9f-3c63-4ed9-a008-1fe562356f6d,2024-03-05,"Group_formation,_and_dynamics_for_financial_inclusion",Kea10,Male,Male Youth,No disability,Nasarawa,Keana
4f6e09fc-b76d-4f1e-94d6-a27e17be2288,2024-03-05,"Group_formation,_and_dynamics_for_financial_inclusion",Kea11,Male,Male Youth,No disability,Nasarawa,Keana
50edc11c-4b2c-4a8c-8044-b52e7b987c8c,2024-03-05,"Group_formation,_and_dynamics_for_financial_inclusion",Kea12,Male,Male Youth,No disability,Nasarawa,Keana
b19caddb-639f-43c9-90f9-09df473214ae,2024-03-05,"Group_formation,_and_dynamics_for_financial_inclusion",Kea13,Female,Female Youth,No disability,Nasarawa,Keana
b64e27d4-755f-4989-b585-30c5b0140d6e,2024-02-05,"Group_formation,_and_dynamics_for_financial_inclusion",Kea14,Male,Male Youth,No disability,Nasarawa,Keana
678e2cf1-1a7e-4dcf-a9b0-762695d6add0,2024-02-05,"Group_formation,_and_dynamics_for_financial_inclusion",Kea15,Female,Female Youth,No disability,Nasarawa,Keana
9808b188-e34e-4062-8f33-3b50e05b4362,2024-02-05,"Group_formation,_and_dynamics_for_financial_inclusion",Laf01,Male,Male Youth,No disability,Nasarawa,Lafia
6d5267d8-ee39-4d57-ada7-393b8ede3def,2024-02-05,"Group_formation,_and_dynamics_for_financial_inclusion",Laf03,Male,Male Youth,No disability,Nasarawa,Lafia
176c8844-9800-4e94-8ac1-322c2c144aea,2024-02-05,"Group_formation,_and_dynamics_for_financial_inclusion",Laf04,Female,Female Youth,No disability,Nasarawa,Lafia
1b98c60c-752c-4bd5-8467-b267f385af55,2024-02-05,"Group_formation,_and_dynamics_for_financial_inclusion",Laf05,Female,Female Youth,No disability,Nasarawa,Lafia
32ba2ec0-f37c-4098-9603-95aea9e75669,2024-02-05,"Group_formation,_and_dynamics_for_financial_inclusion",Laf06,Male,Male Youth,No disability,Nasarawa,Lafia
8fbf898a-4709-49a3-8e3d-3e64ba491b67,2024-02-07,"Group_formation,_and_dynamics_for_financial_inclusion",Laf07,Male,Male Youth,No disability,Nasarawa,Lafia
31d3436c-0003-4f30-85bc-3a1ea5fc54b2,2024-02-05,"Group_formation,_and_dynamics_for_financial_inclusion",Laf08,Female,Female Youth,No disability,Nasarawa,Lafia
3227b8d2-1834-4e2d-9816-a60759c91202,2024-02-05,"Group_formation,_and_dynamics_for_financial_inclusion",Laf09,Female,Female Youth,No disability,Nasarawa,Lafia
8c017728-afe4-4faa-97c8-ab7592af7b8f,2024-02-05,"Group_formation,_and_dynamics_for_financial_inclusion",Nsg01,Female,Female Youth,No disability,Nasarawa,Lafia
5f538444-9c7f-4549-abae-a44241e477c6,2024-02-05,"Group_formation,_and_dynamics_for_financial_inclusion",Nsg02,Female,Female Youth,No disability,Nasarawa,Nasarawa_Eggon
51deea9a-4d0d-4a9a-9716-de59cea70fcd,2024-02-05,"Group_formation,_and_dynamics_for_financial_inclusion",Nsg03,Male,Male Youth,No disability,Nasarawa,Nasarawa_Eggon
882ad5db-511e-4db7-8081-a4f59d7ef8ce,2024-02-05,"Group_formation,_and_dynamics_for_financial_inclusion",Nsg04,Male,Male Youth,No disability,Nasarawa,Nasarawa_Eggon
f1bda8eb-52a9-400e-a141-0976d28c418e,2024-02-05,"Group_formation,_and_dynamics_for_financial_inclusion",Nsg05,Female,Female Youth,No disability,Nasarawa,Nasarawa_Eggon
ad789762-21f2-42be-bf5e-9899b701b3e3,2024-02-05,"Group_formation,_and_dynamics_for_financial_inclusion",Nsg06,Male,Male Youth,No disability,Nasarawa,Nasarawa_Eggon
45a432e7-f520-4500-805c-f843295cdc26,2024-02-05,"Group_formation,_and_dynamics_for_financial_inclusion",Nsg07,Male,Male Youth,No disability,Nasarawa,Nasarawa_Eggon
275956fa-c976-44ff-9e49-36b55c2fc541,2024-02-05,"Group_formation,_and_dynamics_for_financial_inclusion",Nsg08,Male,Male Youth,No disability,Nasarawa,Nasarawa_Eggon
7bcc74c3-fe94-4399-a267-e232cb926acf,2024-02-05,"Group_formation,_and_dynamics_for_financial_inclusion",Nsg09,Male,Male Youth,No disability,Nasarawa,Nasarawa_Eggon
02d82067-2e9e-449c-88f4-b3b993848a85,2024-02-05,"Group_formation,_and_dynamics_for_financial_inclusion",Obi14,Female,Female Youth,No disability,Nasarawa,Obi
d8099d32-c1ae-4d73-86a9-c85aafbce450,2024-02-05,"Group_formation,_and_dynamics_for_financial_inclusion",Obi15,Male,Male Youth,No disability,Nasarawa,Obi
1c0f48a2-3ba5-4c09-a24c-ab02c7937b5b,2024-02-05,"Group_formation,_and_dynamics_for_financial_inclusion",Obi16,Male,Male Youth,No disability,Nasarawa,Obi
e41d6ca1-92ab-4a6b-8097-7aa11d229829,2024-02-05,"Group_formation,_and_dynamics_for_financial_inclusion",Obi17,Male,Male Youth,No disability,Nasarawa,Obi
e4018640-aa32-4461-aa5a-e436041cc34c,2024-03-29,"Group_formation,_and_dynamics_for_financial_inclusion",Obi18,Female,Female Youth,No disability,Nasarawa,Obi
f88defef-5ef5-4310-a6a0-54c60cd33cce,2024-02-05,"Group_formation,_and_dynamics_for_financial_inclusion",Obi19,Male,Male Youth,No disability,Nasarawa,Obi
ce656810-0666-46f1-b863-9645061d3210,2024-02-05,Comm._Partner_Registration,Obi20,Female,Female Youth,No disability,Nasarawa,Obi
a061ffc1-69b3-4403-8d29-7ad0ecdba58f,2024-02-05,"Group_formation,_and_dynamics_for_financial_inclusion",Obi21,Male,Male Youth,No disability,Nasarawa,Obi
ca3f3e98-b761-4b1f-9059-409439da0145,2024-02-06,GAP_&_crop_management,Kea08,Female,Female Youth,No disability,Nasarawa,Keana
4da8a7e2-3cbd-47cb-b40b-62c8ef7e724f,2024-02-06,ICT_solutions_for_agriculture,Kea08,Female,Female Youth,No disability,Nasarawa,Keana
eac022fc-1819-4034-b217-0ab118bfb357,2024-02-06,GAP_&_crop_management,Kea09,Female,Female Youth,No disability,Nasarawa,Keana
b49eea3e-343f-476f-b724-21bea7d7a89d,2024-02-06,ICT_solutions_for_agriculture,Kea09,Female,Female Youth,No disability,Nasarawa,Keana
4a13f6ae-f257-491f-8669-a30d8aff81d6,2024-02-06,GAP_&_crop_management,Kea10,Male,Male Youth,No disability,Nasarawa,Keana
a381220d-1c1a-4fd8-a171-6c394d886bcd,2024-02-06,ICT_solutions_for_agriculture,Kea10,Male,Male Youth,No disability,Nasarawa,Keana
47d72374-a915-4823-9b97-4b4fc618adf5,2024-02-05,GAP_&_crop_management,Kea11,Male,Male Youth,No disability,Nasarawa,Keana
95448cfb-5234-4c59-a2d0-1b261bb5d1c2,2024-02-06,ICT_solutions_for_agriculture,Kea11,Male,Male Youth,No disability,Nasarawa,Keana
9f5c6756-f34f-4389-8a28-f0bcbbd42f21,2024-02-06,GAP_&_crop_management,Kea12,Male,Male Youth,No disability,Nasarawa,Keana
1f774b01-dff3-4dc0-9d55-d36ed40a8ada,2024-02-05,ICT_solutions_for_agriculture,Kea12,Male,Male Youth,No disability,Nasarawa,Keana
6fc7808e-e0a3-4ac1-aa16-7a611c5f861b,2023-11-06,GAP_&_crop_management,Kea13,Female,Female Youth,No disability,Nasarawa,Keana
fd946d04-5c1d-4815-b757-be64aee09e02,2024-02-07,ICT_solutions_for_agriculture,Kea13,Female,Female Youth,No disability,Nasarawa,Keana
8259a4d3-f5b3-4d22-a561-21528033bdcc,2024-02-06,ICT_solutions_for_agriculture,Kea14,Male,Male Youth,No disability,Nasarawa,Keana
6905143f-38f3-4153-830f-8dc437dd508b,2024-02-06,GAP_&_crop_management,Kea14,Male,Male Youth,No disability,Nasarawa,Keana
466f2792-59e3-4507-8a8c-ee7dcf362077,2024-02-05,GAP_&_crop_management,Kea14,Male,Male Youth,No disability,Nasarawa,Keana
419c5128-a003-4ecf-b20a-b10da59689c0,2024-02-07,ICT_solutions_for_agriculture,Kea13,Female,Female Youth,No disability,Nasarawa,Keana
598ac191-44bc-4937-8c1e-11554d03dd21,2024-02-06,GAP_&_crop_management,Kea15,Female,Female Youth,No disability,Nasarawa,Keana
60751c04-bde9-4877-af8a-7276daaab738,2024-02-07,ICT_solutions_for_agriculture,Kea15,Female,Female Youth,No disability,Nasarawa,Keana
0aa80e05-8163-4733-9c4c-4aea86681bc7,2024-02-06,GAP_&_crop_management,Laf01,Male,Male Youth,No disability,Nasarawa,Lafia
17b1e025-5139-4340-923c-47280425f6be,2024-02-07,ICT_solutions_for_agriculture,Laf01,Male,Male Youth,No disability,Nasarawa,Lafia
ee94867a-ed1a-48df-b6b2-7cc553bbf332,2024-02-06,GAP_&_crop_management,Laf02,Female,Female Youth,No disability,Nasarawa,Lafia
1f15a44d-d27b-46ff-b16e-1335c6e8ea1e,2024-02-07,ICT_solutions_for_agriculture,Laf02,Female,Female Youth,No disability,Nasarawa,Lafia
54c512f9-c63b-4c18-979c-c885cdeb06ca,2024-02-06,GAP_&_crop_management,Laf03,Male,Male Youth,No disability,Nasarawa,Lafia
60f7fe69-ab0c-484e-8cda-9930141f1a95,2024-02-07,ICT_solutions_for_agriculture,Laf03,Male,Male Youth,No disability,Nasarawa,Lafia
1afaec11-f64e-462e-8468-802f8ddfa140,2024-02-06,GAP_&_crop_management,Laf04,Female,Female Youth,No disability,Nasarawa,Lafia
d017866b-1f32-4165-8c28-05cd3ebd3a07,2024-02-07,ICT_solutions_for_agriculture,Laf04,Female,Female Youth,No disability,Nasarawa,Lafia
8e2bfa65-b440-4945-8385-efc408ab04b0,2024-02-05,GAP_&_crop_management,Laf05,Female,Female Youth,No disability,Nasarawa,Lafia
69fc3b8a-a1cc-4d15-8bab-9f4157d0bf6e,2024-02-07,ICT_solutions_for_agriculture,Laf05,Female,Female Youth,No disability,Nasarawa,Lafia
77eeab64-78f9-4011-8bc1-493891753fc6,2024-02-06,GAP_&_crop_management,Laf06,Male,Male Youth,No disability,Nasarawa,Lafia
442b35f9-d1cf-48f4-96a8-9bad35016a1a,2024-02-07,ICT_solutions_for_agriculture,Laf06,Male,Male Youth,No disability,Nasarawa,Lafia
3fc4df76-fc6d-47d0-b90c-6b6fe2adfb45,2024-02-07,GAP_&_crop_management,Laf07,Male,Male Youth,No disability,Nasarawa,Lafia
b9c15001-7461-4329-b2b1-9b37bbe1c2d9,2024-02-07,ICT_solutions_for_agriculture,Laf07,Male,Male Youth,No disability,Nasarawa,Lafia
733fa16c-59d2-451d-8faa-5ee4f83ea266,2024-02-06,GAP_&_crop_management,Laf08,Female,Female Youth,No disability,Nasarawa,Lafia
38374add-f239-4413-813a-efa571601a12,2024-02-07,ICT_solutions_for_agriculture,Laf08,Female,Female Youth,No disability,Nasarawa,Lafia
f5df012a-a074-432c-a8d6-f545cfa8c201,2024-02-06,GAP_&_crop_management,Laf09,Female,Female Youth,No disability,Nasarawa,Lafia
990b28d3-e1aa-4786-bf04-e576e46a1a53,2024-02-07,ICT_solutions_for_agriculture,Laf09,Female,Female Youth,No disability,Nasarawa,Lafia
0dc49864-74f5-4fad-98ca-a8e749fc6851,2024-02-06,GAP_&_crop_management,Nsg01,Female,Female Youth,No disability,Nasarawa,Lafia
f7ced7cc-dfcf-40e1-9c22-e3020aadd99f,2024-02-06,GAP_&_crop_management,Nsg02,Female,Female Youth,No disability,Nasarawa,Nasarawa_Eggon
0f731111-8b41-4e9e-b392-5946af278a1e,2024-02-06,ICT_solutions_for_agriculture,Nsg02,Female,Female Youth,No disability,Nasarawa,Nasarawa_Eggon
a5034d6e-6007-4347-a9ed-898bccf4a0be,2024-02-06,GAP_&_crop_management,Nsg03,Male,Male Youth,No disability,Nasarawa,Nasarawa_Eggon
e226023e-8615-4695-b54d-7a55f442400f,2024-02-07,ICT_solutions_for_agriculture,Nsg03,Male,Male Youth,No disability,Nasarawa,Nasarawa_Eggon
ff9fed9e-f5f1-484c-8e9d-cfff03590319,2024-02-06,GAP_&_crop_management,Nsg04,Male,Male Youth,No disability,Nasarawa,Nasarawa_Eggon
627ce1a2-d443-4596-8ea0-32216dd90df5,2024-02-07,ICT_solutions_for_agriculture,Nsg04,Male,Male Youth,No disability,Nasarawa,Nasarawa_Eggon
2dbae3c6-9377-4475-8e30-8783a5b38f2a,2024-02-06,GAP_&_crop_management,Nsg05,Female,Female Youth,No disability,Nasarawa,Nasarawa_Eggon
95cea3c4-dad0-4102-9b4b-dd375efaf21f,2024-02-07,ICT_solutions_for_agriculture,Nsg06,Male,Male Youth,No disability,Nasarawa,Nasarawa_Eggon
9dc8b076-0461-42c4-80a3-9d56af4e306b,2024-02-06,GAP_&_crop_management,Nsg06,Male,Male Youth,No disability,Nasarawa,Nasarawa_Eggon
b9ec0558-894a-4314-8cb1-b8eda6f3b3ed,2024-02-06,GAP_&_crop_management,Nsg06,Male,Male Youth,No disability,Nasarawa,Nasarawa_Eggon
0fe56989-cbe6-45b5-ae97-88a3fac20fec,2024-02-06,ICT_solutions_for_agriculture,Nsg06,Male,Male Youth,No disability,Nasarawa,Nasarawa_Eggon
efca0ae5-d4b7-4b2d-a4d7-3a95ef398b4f,2024-02-06,GAP_&_crop_management,Nsg07,Male,Male Youth,No disability,Nasarawa,Nasarawa_Eggon
357ff0e1-dad5-4f71-90d3-ba981e1e17b6,2024-02-07,ICT_solutions_for_agriculture,Nsg07,Male,Male Youth,No disability,Nasarawa,Nasarawa_Eggon
d7fa1d65-7070-4d2d-a933-3618f7a49b12,2024-02-06,GAP_&_crop_management,Nsg08,Male,Male Youth,No disability,Nasarawa,Nasarawa_Eggon
ee2076da-45ae-47a6-8cdc-b7e6e19f0e64,2024-02-07,ICT_solutions_for_agriculture,Nsg08,Male,Male Youth,No disability,Nasarawa,Nasarawa_Eggon
1ad60c81-0459-4e72-b76c-3570a65feb33,2024-02-06,GAP_&_crop_management,Nsg09,Male,Male Youth,No disability,Nasarawa,Nasarawa_Eggon
222bd7e5-9593-4453-a17c-3c26bba537ee,2024-02-07,ICT_solutions_for_agriculture,Nsg09,Male,Male Youth,No disability,Nasarawa,Nasarawa_Eggon
cbc3c580-3a4c-40e7-a854-4ffd32bd8fd8,2024-02-06,GAP_&_crop_management,Obi14,Female,Female Youth,No disability,Nasarawa,Obi
ccca7c9a-0f7d-4636-8414-bd01dfd89f5d,2024-02-07,ICT_solutions_for_agriculture,Obi14,Female,Female Youth,No disability,Nasarawa,Obi
6d6dfa59-5a44-4310-8f56-4f1ba4f29bb5,2024-02-07,ICT_solutions_for_agriculture,Obi15,Male,Male Youth,No disability,Nasarawa,Obi
3e6c5ea2-a683-4deb-9ac6-6e609090c44a,2024-02-06,ICT_solutions_for_agriculture,Obi16,Male,Male Youth,No disability,Nasarawa,Obi
dc3244c7-166f-4086-b2e7-b8434de82d53,2024-02-06,GAP_&_crop_management,Obi17,Male,Male Youth,No disability,Nasarawa,Obi
b3dac217-7f6a-49ac-acfb-9be6819dc85c,2024-02-07,ICT_solutions_for_agriculture,Obi17,Male,Male Youth,No disability,Nasarawa,Obi
293c0cec-34a1-4344-bb13-4863229b0b06,2024-02-07,GAP_&_crop_management,Obi17,Male,Male Youth,No disability,Nasarawa,Obi
6d26b9a3-4cc6-4060-b25e-6d5aabb32c8b,2024-02-06,GAP_&_crop_management,Obi18,Female,Female Youth,No disability,Nasarawa,Obi
98a1fb77-f62b-455e-9dda-cb62a3c6f912,2024-02-07,GAP_&_crop_management,Obi18,Female,Female Youth,No disability,Nasarawa,Obi
20596416-a079-49ad-bf1d-8bc602612013,2024-02-07,GAP_&_crop_management,Obi18,Female,Female Youth,No disability,Nasarawa,Obi
eff69958-7603-4cd7-878d-7391e8437112,2024-02-07,ICT_solutions_for_agriculture,Obi18,Female,Female Youth,No disability,Nasarawa,Obi
20a15814-d9d3-481a-a529-437e0dd5c92e,2024-02-06,GAP_&_crop_management,Obi19,Male,Male Youth,No disability,Nasarawa,Obi
df5d9361-7421-4227-a07c-5c8fc6455f6e,2024-02-07,ICT_solutions_for_agriculture,Obi19,Male,Male Youth,No disability,Nasarawa,Obi
f630ff4b-2d57-4ea1-ac2a-2fa97e75a5d7,2024-02-06,GAP_&_crop_management,Obi20,Female,Female Youth,No disability,Nasarawa,Obi
83228ad2-0463-45e3-80c9-296c1e6e826c,2024-02-06,ICT_solutions_for_agriculture,Obi20,Female,Female Youth,No disability,Nasarawa,Obi
7da57a27-e478-49a8-93ee-57eec41565d8,2024-02-06,GAP_&_crop_management,Obi21,Male,Male Youth,No disability,Nasarawa,Obi
2da10938-a6a9-4151-851f-c72fd4fc03f1,2024-02-06,ICT_solutions_for_agriculture,Obi21,Male,Male Youth,No disability,Nasarawa,Obi
db41c5af-b48a-4a32-b31e-9b5a5156635f,2024-02-23,Scaling_up_Agro_Products_marketing_for_small_enterprises,Dem01,Female,Female Youth,No disability,Adamawa,Demsa
2abb993b-3c52-4ff0-a3f8-944dc618335b,2024-02-23,Scaling_up_Agro_Products_marketing_for_small_enterprises,Dem02,Female,Female Youth,No disability,Adamawa,Demsa
fb369023-2bec-448c-a266-28dbbfa93cd9,2024-02-23,Scaling_up_Agro_Products_marketing_for_small_enterprises,Dem03,Female,Female Youth,No disability,Adamawa,Demsa
65cb352f-fb27-4fde-b5f8-c3197c061a13,2024-02-23,Scaling_up_Agro_Products_marketing_for_small_enterprises,Dem04,Female,Female Youth,No disability,Adamawa,Demsa
4c04978f-eee2-4f40-8bb9-31093934f71e,2024-02-23,Scaling_up_Agro_Products_marketing_for_small_enterprises,Dem05,Male,Male Youth,No disability,Adamawa,Demsa
4c534a62-42f2-4fbc-b396-0e2cbdf1491a,2024-02-23,Scaling_up_Agro_Products_marketing_for_small_enterprises,Dem06,Female,Female Youth,No disability,Adamawa,Demsa
5fc5e043-53c6-4b61-9bd0-cf48b2be19c0,2024-02-23,Scaling_up_Agro_Products_marketing_for_small_enterprises,Dem07,Female,Female Youth,No disability,Adamawa,Demsa
a80270d5-0193-46dd-bd3c-573f37219672,2024-02-23,Scaling_up_Agro_Products_marketing_for_small_enterprises,Dem08,Female,Female Adult,No disability,Adamawa,Demsa
48b79db6-12df-4e63-a834-f86fe0816211,2024-02-23,Scaling_up_Agro_Products_marketing_for_small_enterprises,Dem09,Male,Male Adult,No disability,Adamawa,Demsa
b6b2ba98-6743-4eff-9690-4d4783717568,2024-02-23,Scaling_up_Agro_Products_marketing_for_small_enterprises,Dem10,Female,Female Youth,No disability,Adamawa,Demsa
9eb3268e-2637-4dcf-87f9-0183c79aa67b,2024-02-23,Scaling_up_Agro_Products_marketing_for_small_enterprises,Dem11,Female,Female Youth,No disability,Adamawa,Demsa
ee34303d-eeca-493d-b398-a4516b15d234,2024-02-23,Scaling_up_Agro_Products_marketing_for_small_enterprises,Dem12,Female,Female Youth,No disability,Adamawa,Demsa
67a58966-7585-4634-80fc-6ed3714676a8,2024-02-23,Scaling_up_Agro_Products_marketing_for_small_enterprises,Dem13,Male,Male Youth,No disability,Adamawa,Demsa
de81faab-79f2-4d3c-8865-5201188de3f4,2024-02-23,Scaling_up_Agro_Products_marketing_for_small_enterprises,Dem14,Female,Female Youth,No disability,Adamawa,Demsa
1217781b-91e4-4f31-8423-1840a0ac937c,2024-02-23,Scaling_up_Agro_Products_marketing_for_small_enterprises,Dem15,Female,Female Youth,No disability,Adamawa,Demsa
5e41b686-12ad-46ac-a055-370b756672da,2024-02-23,Scaling_up_Agro_Products_marketing_for_small_enterprises,Dem16,Female,Female Youth,No disability,Adamawa,Demsa
adb3168a-fe16-47a7-9df9-19f9d2db737d,2024-02-23,Scaling_up_Agro_Products_marketing_for_small_enterprises,Dem17,Male,Male Youth,No disability,Adamawa,Demsa
02a06fe7-d8c6-4601-af4c-290645b4e271,2024-02-23,Scaling_up_Agro_Products_marketing_for_small_enterprises,Gir01,Female,Female Youth,No disability,Adamawa,Girei
6c8773b0-3487-4287-85ec-de3b5e88bb53,2024-02-23,Scaling_up_Agro_Products_marketing_for_small_enterprises,Gir02,Female,Female Youth,No disability,Adamawa,Girei
46f97cb8-90e8-4bf7-8ce2-ae67a01b6361,2024-02-23,Scaling_up_Agro_Products_marketing_for_small_enterprises,Gir03,Male,Male Youth,No disability,Adamawa,Girei
49023e9f-808d-446b-bb68-50e3e665aa8b,2024-02-23,Scaling_up_Agro_Products_marketing_for_small_enterprises,Gir04,Male,Male Youth,No disability,Adamawa,Girei
6b8e863f-d76e-4329-a55d-d30f397d1745,2024-02-23,Scaling_up_Agro_Products_marketing_for_small_enterprises,Gir05,Female,Female Youth,No disability,Adamawa,Girei
25c0a00a-a4e1-4ad4-90f9-81bd4d572497,2024-02-23,Scaling_up_Agro_Products_marketing_for_small_enterprises,Gir06,Female,Female Youth,No disability,Adamawa,Girei
4d50d914-1b04-481b-85d2-51999df6f221,2024-02-23,Scaling_up_Agro_Products_marketing_for_small_enterprises,Gir08,Male,Male Youth,No disability,Adamawa,Girei
c9af3025-15b9-4c16-809a-0c2de05ec991,2024-02-23,Scaling_up_Agro_Products_marketing_for_small_enterprises,Yls01,Female,Female Youth,No disability,Adamawa,Yola_South
c2ea10b0-050b-4516-8d97-ec9c2f59af45,2024-02-23,Scaling_up_Agro_Products_marketing_for_small_enterprises,Yls02,Female,Female Youth,No disability,Adamawa,Yola_South
ea1b78c7-ac29-4f1b-a11d-493730ffceed,2024-02-23,Scaling_up_Agro_Products_marketing_for_small_enterprises,Yls03,Male,Male Youth,No disability,Adamawa,Yola_South
2540acc9-7b87-491e-b8d1-be83c8e3258b,2024-02-23,Scaling_up_Agro_Products_marketing_for_small_enterprises,Yls04,Male,Male Youth,No disability,Adamawa,Yola_South
5b4294c4-c276-48a7-b643-be70fc2d5059,2024-02-23,Scaling_up_Agro_Products_marketing_for_small_enterprises,Yls05,Female,Female Youth,No disability,Adamawa,Yola_South
a2e335b6-f92f-48ba-973d-b35acb99deeb,2024-02-23,Scaling_up_Agro_Products_marketing_for_small_enterprises,Yls06,Female,Female Youth,No disability,Adamawa,Yola_South
3847f6a6-01de-4e6a-a492-a96c75f8fdb9,2024-02-23,Scaling_up_Agro_Products_marketing_for_small_enterprises,Yls07,Male,Male Youth,No disability,Adamawa,Yola_South
bfbd0286-e59d-4991-a296-fa7398797744,2024-02-23,Scaling_up_Agro_Products_marketing_for_small_enterprises,Yls08,Male,Male Youth,No disability,Adamawa,Yola_South
b105899b-4ea8-4f05-956c-3e6c27525d28,2024-02-15,Scaling_up_Agro_Products_marketing_for_small_enterprises,Gee01,Male,Male Youth,No disability,Benue,Gwer-East
a11d8a11-ac68-4ec4-b508-74cff92723a3,2024-02-15,Scaling_up_Agro_Products_marketing_for_small_enterprises,Gee02,Male,Male Youth,No disability,Benue,Gwer-East
3edb72c5-ebfd-4e15-a6e1-38132c8495da,2024-02-15,Scaling_up_Agro_Products_marketing_for_small_enterprises,Gee03,Female,Female Youth,No disability,Benue,Gwer-East
82c3b73d-48c5-4d84-8941-19bd99e1ad81,2024-02-15,Scaling_up_Agro_Products_marketing_for_small_enterprises,Gee04,Male,Male Youth,No disability,Benue,Gwer-East
f35248df-269d-4676-bb22-71f3c5c86324,2024-02-15,Scaling_up_Agro_Products_marketing_for_small_enterprises,Gee05,Male,Male Adult,No disability,Benue,Gwer-East
8f043a25-cf32-4205-8a6b-72c34a4521d8,2024-02-23,Scaling_up_Agro_Products_marketing_for_small_enterprises,Gee06,Female,Female Youth,No disability,Benue,Gwer-East
418a11fd-daa6-4184-a3fb-5628450be678,2024-02-15,Scaling_up_Agro_Products_marketing_for_small_enterprises,Gee07,Female,Female Youth,No disability,Benue,Gwer-East
e29b6f67-4936-43b9-9215-4b3f6f2bc300,2024-02-15,Scaling_up_Agro_Products_marketing_for_small_enterprises,Gum07,Male,Male Adult,No disability,Benue,Guma
405588b5-367a-4c1a-a6c7-ad15de0fa588,2024-02-15,Scaling_up_Agro_Products_marketing_for_small_enterprises,Gum08,Male,Male Youth,No disability,Benue,Guma
ac2fef60-3d95-4261-9a84-748f88925fb3,2024-02-15,Scaling_up_Agro_Products_marketing_for_small_enterprises,Gum09,Female,Female Youth,No disability,Benue,Guma
b1e1eeb6-694c-4c07-a958-3c6252b1fc87,2024-02-15,Scaling_up_Agro_Products_marketing_for_small_enterprises,Gum10,Male,Male Youth,No disability,Benue,Guma
86134df0-8456-4078-afa2-0e7ea03ce28e,2024-02-15,Scaling_up_Agro_Products_marketing_for_small_enterprises,Gum11,Male,Male Youth,No disability,Benue,Guma
d8fa2ed0-b9a2-4a0a-a294-808926128492,2024-02-15,Scaling_up_Agro_Products_marketing_for_small_enterprises,Gum12,Male,Male Youth,No disability,Benue,Guma
bf302ef7-81e4-4495-8508-f008a03d50fe,2024-02-15,Scaling_up_Agro_Products_marketing_for_small_enterprises,Gum13,Female,Female Youth,No disability,Benue,Guma
3c272d52-5653-42ec-9511-9a2e4932698a,2024-02-15,Scaling_up_Agro_Products_marketing_for_small_enterprises,Mak12,Male,Male Youth,No disability,Benue,Markurdi
209b9679-7e82-4b60-b688-321de76671b9,2024-02-15,Scaling_up_Agro_Products_marketing_for_small_enterprises,Mak13,Male,Male Youth,No disability,Benue,Markurdi
bc2c15ee-19f5-49f8-89e2-c21618460865,2024-02-15,Scaling_up_Agro_Products_marketing_for_small_enterprises,Mak14,Female,Female Youth,No disability,Benue,Markurdi
c9597838-159d-4dbe-9b5d-9af68d49455f,2024-02-15,Scaling_up_Agro_Products_marketing_for_small_enterprises,Mak15,Female,Female Youth,No disability,Benue,Markurdi
214e211a-3c12-46f1-ab59-277861d789c6,2024-02-15,Scaling_up_Agro_Products_marketing_for_small_enterprises,Mak16,Male,Male Youth,No disability,Benue,Markurdi
0a7e5193-79b2-482e-a056-2a0bec9a5bb7,2024-02-15,Scaling_up_Agro_Products_marketing_for_small_enterprises,Oju09,Male,Male Adult,No disability,Benue,Oju
05815b70-4f98-4063-97e4-651a2a4552ac,2024-02-15,Scaling_up_Agro_Products_marketing_for_small_enterprises,Oju10,Male,Male Adult,No disability,Benue,Oju
1d9d64b5-555d-462c-a5e5-80a79d00da83,2024-02-15,Scaling_up_Agro_Products_marketing_for_small_enterprises,Oju11,Male,Male Youth,No disability,Benue,Oju
1a4a430e-49c5-4a46-90e9-134d0347735f,2024-02-15,Scaling_up_Agro_Products_marketing_for_small_enterprises,Oju12,Male,Male Adult,No disability,Benue,Oju
a8276438-0f98-45ee-a490-42dcd991eee7,2024-02-15,Scaling_up_Agro_Products_marketing_for_small_enterprises,Oju13,Male,Male Youth,No disability,Benue,Oju
49ac70d1-1934-4e2c-939d-f9bfabcc5088,2024-02-15,Scaling_up_Agro_Products_marketing_for_small_enterprises,Oju14,Male,Male Adult,No disability,Benue,Oju
01d3b1a6-cce3-4af2-8864-93719896e708,2024-02-15,Scaling_up_Agro_Products_marketing_for_small_enterprises,Oju15,Male,Male Adult,No disability,Benue,Oju
9c4cb203-7e72-4ccb-9416-836965ce3e20,2024-02-15,Scaling_up_Agro_Products_marketing_for_small_enterprises,Tar01,Female,Female Youth,No disability,Benue,Tarka
712db000-1e9f-4a80-bf68-43581ad5fd48,2024-02-15,Scaling_up_Agro_Products_marketing_for_small_enterprises,Tar02,Female,Female Youth,No disability,Benue,Tarka
2652cd72-180f-4259-8a80-864bd1c580c2,2024-02-15,Scaling_up_Agro_Products_marketing_for_small_enterprises,Tar03,Female,Female Youth,No disability,Benue,Tarka
97d771c5-57d5-4d74-888a-83e53362a969,2024-02-15,Scaling_up_Agro_Products_marketing_for_small_enterprises,Tar04,Male,Male Youth,No disability,Benue,Tarka
b360e68f-5f14-43fd-8f0c-e82000855953,2024-02-15,Scaling_up_Agro_Products_marketing_for_small_enterprises,Tar05,Male,Male Youth,No disability,Benue,Tarka
be6bc1c1-90ec-4600-92e2-77c820748c89,2024-02-15,Scaling_up_Agro_Products_marketing_for_small_enterprises,Tar06,Female,Female Adult,No disability,Benue,Tarka
f5e8b136-a53c-48e2-a42a-58e37e20268f,2024-02-15,Scaling_up_Agro_Products_marketing_for_small_enterprises,Tar07,Male,Male Adult,No disability,Benue,Tarka
aa03c68b-38f3-48e9-9caa-d779a547c83c,2024-02-15,Scaling_up_Agro_Products_marketing_for_small_enterprises,Kea08,Female,Female Youth,No disability,Nasarawa,Keana
bdf3b17f-dff6-4230-ab65-8e799a9c66c4,2024-02-15,Scaling_up_Agro_Products_marketing_for_small_enterprises,Kea09,Female,Female Youth,No disability,Nasarawa,Keana
966133ce-3b42-4b0e-9132-e6f01188a71e,2024-02-15,Scaling_up_Agro_Products_marketing_for_small_enterprises,Kea10,Male,Male Youth,No disability,Nasarawa,Keana
d1c4e262-24d4-45f7-baf2-4016b3286ae2,2024-02-15,Scaling_up_Agro_Products_marketing_for_small_enterprises,Kea11,Male,Male Youth,No disability,Nasarawa,Keana
8a788ac8-96c1-4a37-998e-e2f9a626a269,2024-02-15,Scaling_up_Agro_Products_marketing_for_small_enterprises,Kea12,Male,Male Youth,No disability,Nasarawa,Keana
1b59988f-05fb-491a-8d36-84bb50efccb5,2024-02-15,Scaling_up_Agro_Products_marketing_for_small_enterprises,Kea13,Female,Female Youth,No disability,Nasarawa,Keana
7183ee1e-af45-4e3a-b8b3-08d948d5754d,2024-02-15,Scaling_up_Agro_Products_marketing_for_small_enterprises,Kea14,Male,Male Youth,No disability,Nasarawa,Keana
6e3b5d55-387a-4da5-90c6-76c5ae14ceea,2024-02-15,Scaling_up_Agro_Products_marketing_for_small_enterprises,Kea15,Female,Female Youth,No disability,Nasarawa,Keana
2911082f-604d-4c38-9749-64eeaabe629f,2024-02-15,Scaling_up_Agro_Products_marketing_for_small_enterprises,Laf01,Male,Male Youth,No disability,Nasarawa,Lafia
b5d46e3f-8308-408c-9a5b-15a849c10433,2024-02-15,Scaling_up_Agro_Products_marketing_for_small_enterprises,Laf02,Female,Female Youth,No disability,Nasarawa,Lafia
ccce6533-2d31-406c-a10d-0ccf0cebdd2b,2024-02-15,Scaling_up_Agro_Products_marketing_for_small_enterprises,Laf03,Male,Male Youth,No disability,Nasarawa,Lafia
faae6b67-43bb-466c-b515-866acc9e25a1,2024-02-15,Scaling_up_Agro_Products_marketing_for_small_enterprises,Laf04,Female,Female Youth,No disability,Nasarawa,Lafia
a296ff08-aad9-41f5-9212-8ae940180ce4,2024-02-15,Scaling_up_Agro_Products_marketing_for_small_enterprises,Laf05,Female,Female Youth,No disability,Nasarawa,Lafia
35e0ab72-bc8f-4756-97e2-d60c11e99973,2024-02-15,Scaling_up_Agro_Products_marketing_for_small_enterprises,Laf06,Male,Male Youth,No disability,Nasarawa,Lafia
f341f8e3-7d32-4fae-91af-424ea67930e1,2024-02-15,Scaling_up_Agro_Products_marketing_for_small_enterprises,Laf07,Male,Male Youth,No disability,Nasarawa,Lafia
9c3cecbf-4b0b-4643-8e4d-3208350fda4a,2024-02-15,Scaling_up_Agro_Products_marketing_for_small_enterprises,Laf08,Female,Female Youth,No disability,Nasarawa,Lafia
17b5e823-6a35-4e3c-812c-83d66d823510,2024-02-15,Scaling_up_Agro_Products_marketing_for_small_enterprises,Laf09,Female,Female Youth,No disability,Nasarawa,Lafia
f5a14c41-6236-4261-9380-2b5f16bbade0,2024-02-15,Scaling_up_Agro_Products_marketing_for_small_enterprises,Nsg01,Female,Female Youth,No disability,Nasarawa,Lafia
bf8a13c2-8b02-4e85-8f05-7e4456dc6f7b,2024-02-15,Scaling_up_Agro_Products_marketing_for_small_enterprises,Nsg02,Female,Female Youth,No disability,Nasarawa,Nasarawa_Eggon
9b73f664-7a9b-422b-a7b2-7f13786f4210,2024-02-15,Scaling_up_Agro_Products_marketing_for_small_enterprises,Nsg03,Male,Male Youth,No disability,Nasarawa,Nasarawa_Eggon
793028d3-c6b0-458f-8635-c09ce9fb8c99,2024-02-15,Scaling_up_Agro_Products_marketing_for_small_enterprises,Nsg04,Male,Male Youth,No disability,Nasarawa,Nasarawa_Eggon
008e5c18-077b-4e7f-9a23-0ae0d4f1ee7c,2024-02-15,Scaling_up_Agro_Products_marketing_for_small_enterprises,Nsg05,Female,Female Youth,No disability,Nasarawa,Nasarawa_Eggon
8f0a8cce-1fd7-416f-a905-40725dc9583f,2024-02-15,Scaling_up_Agro_Products_marketing_for_small_enterprises,Nsg06,Male,Male Youth,No disability,Nasarawa,Nasarawa_Eggon
cbf17040-92ed-4d8a-9ef4-57c22a988826,2024-02-15,Scaling_up_Agro_Products_marketing_for_small_enterprises,Nsg07,Male,Male Youth,No disability,Nasarawa,Nasarawa_Eggon
36120aaf-59b1-4ba5-b6e4-812e99a4aef9,2024-02-15,Scaling_up_Agro_Products_marketing_for_small_enterprises,Nsg08,Male,Male Youth,No disability,Nasarawa,Nasarawa_Eggon
89826ebf-5a0a-4103-8eea-f4f956dfc3ea,2024-02-15,Scaling_up_Agro_Products_marketing_for_small_enterprises,Nsg09,Male,Male Youth,No disability,Nasarawa,Nasarawa_Eggon
319dc7c9-600f-4325-bcb8-b103d5001acc,2024-02-15,Scaling_up_Agro_Products_marketing_for_small_enterprises,Obi14,Female,Female Youth,No disability,Nasarawa,Obi
0f4d6e9a-8fc2-4895-8300-c71e14e29574,2024-02-15,Scaling_up_Agro_Products_marketing_for_small_enterprises,Obi15,Male,Male Youth,No disability,Nasarawa,Obi
b06e7a51-e2b8-4c0e-b5c1-46ce8523e2fb,2024-02-15,Scaling_up_Agro_Products_marketing_for_small_enterprises,Obi16,Male,Male Youth,No disability,Nasarawa,Obi
5d8b00af-af0a-4fbe-a166-4a3d46cb4453,2024-02-15,Scaling_up_Agro_Products_marketing_for_small_enterprises,Obi17,Male,Male Youth,No disability,Nasarawa,Obi
eada9b72-fccb-4f15-921c-0f26751bc945,2024-02-15,Scaling_up_Agro_Products_marketing_for_small_enterprises,Obi18,Female,Female Youth,No disability,Nasarawa,Obi
ca6a5d31-1144-432e-80cd-d1ed4f9e6ddd,2024-02-15,Scaling_up_Agro_Products_marketing_for_small_enterprises,Obi19,Male,Male Youth,No disability,Nasarawa,Obi
513c5951-be71-4c06-8f72-75dc77c9eed1,2024-02-15,Scaling_up_Agro_Products_marketing_for_small_enterprises,Obi20,Female,Female Youth,No disability,Nasarawa,Obi
23b2b087-701f-4d3b-90ef-bcd239f9b28e,2024-02-15,Scaling_up_Agro_Products_marketing_for_small_enterprises,Obi21,Male,Male Youth,No disability,Nasarawa,Obi
b6212382-d14c-40ea-ab0d-1085d1357f9a,2024-02-15,Scaling_up_Agro_Products_marketing_for_small_enterprises,Aba01,Female,Female Youth,No disability,FCT,Abaji_Area_Council
1eaadaa0-dc22-486e-9124-33978818666c,2024-02-15,Scaling_up_Agro_Products_marketing_for_small_enterprises,Aba03,Male,Male Youth,No disability,FCT,Abaji_Area_Council
d7805c92-8935-4b23-83d3-f16f4c5dcac9,2024-02-15,Scaling_up_Agro_Products_marketing_for_small_enterprises,Ama40,Female,Female Youth,No disability,FCT,Municipal_Area_Council
d7afe1e4-bcba-4380-95a6-150f5a6615eb,2024-02-15,Scaling_up_Agro_Products_marketing_for_small_enterprises,Bwa12,Female,Female Youth,No disability,FCT,Bwari_Area_Council
f17c8a00-71c0-48f2-86ff-b2eb71ac0ff1,2024-02-15,Scaling_up_Agro_Products_marketing_for_small_enterprises,Bwa13,Female,Female Youth,No disability,FCT,Bwari_Area_Council
27c00c27-7aba-40d2-b9e6-82eb23a17181,2024-02-15,Scaling_up_Agro_Products_marketing_for_small_enterprises,Bwa14,Female,Female Youth,No disability,FCT,Bwari_Area_Council
c45f6832-bbb5-4c99-8eb1-5e61f1221774,2024-02-15,Scaling_up_Agro_Products_marketing_for_small_enterprises,Bwa15,Female,Female Youth,No disability,FCT,Bwari_Area_Council
43e2e7d4-ce3f-42b3-8564-8099285ecdf2,2023-11-22,Comm._Partner_Registration,Chk14,Female,Female Youth,No disability,Kaduna,Chikun
2b9203df-8001-479e-9691-1bbc752ac5f1,2023-11-22,Comm._Partner_Registration,Chk15,Male,Male Youth,No disability,Kaduna,Chikun
cb1649e3-3e23-4e20-988d-ed69c884564f,2023-11-22,Comm._Partner_Registration,Chk16,Female,Female Youth,No disability,Kaduna,Chikun
19d3bea3-fdde-4279-a4c3-866c848a4c33,2023-11-22,Comm._Partner_Registration,Chk17,Female,Female Youth,No disability,Kaduna,Chikun
9396a479-33dc-4710-b58c-3339163b93be,2023-11-22,Comm._Partner_Registration,Chk18,Female,Female Youth,No disability,Kaduna,Chikun
d31214bf-1d9f-4ddd-8a48-f2c4787c9056,2023-11-22,Comm._Partner_Registration,Chk19,Female,Female Youth,No disability,Kaduna,Chikun
b5978369-1088-4142-bd28-a6bfe289b7a9,2023-11-22,Comm._Partner_Registration,Chk20,Female,Female Youth,No disability,Kaduna,Chikun
3ad81f25-3bc2-4919-8a38-6158e0971531,2024-02-15,Scaling_up_Agro_Products_marketing_for_small_enterprises,Gwa17,Male,Male Youth,No disability,FCT,Bwari_Area_Council
29e4fa52-6e60-487f-b8bc-2b988d319d68,2024-02-15,Scaling_up_Agro_Products_marketing_for_small_enterprises,Gwa18,Male,Male Youth,No disability,FCT,Gwagwalada_Area_Council
518a2d1d-c349-40a6-b046-054e4ed30cbb,2023-11-22,Comm._Partner_Registration,Jab22,Female,Female Youth,No disability,Kaduna,Jaba
f3b060ef-f26a-4f36-b8db-9ab037d4b387,2024-02-15,Scaling_up_Agro_Products_marketing_for_small_enterprises,Gwa19,Female,Female Youth,No disability,FCT,Gwagwalada_Area_Council
18f3d5e1-23ea-45d4-ab72-8a5ece141826,2023-11-22,Comm._Partner_Registration,Jab23,Male,Male Youth,No disability,Kaduna,Jaba
670f4059-0091-494b-80d2-96fdf227fc8e,2024-02-15,Scaling_up_Agro_Products_marketing_for_small_enterprises,Gwa20,Female,Female Youth,No disability,FCT,Gwagwalada_Area_Council
d59e3b7b-016c-4b74-831c-c9671ebe79d5,2023-11-22,Comm._Partner_Registration,Jab24,Female,Female Youth,No disability,Kaduna,Jaba
6f1b1c84-3321-4023-9683-eb0e489c37fe,2023-11-22,Comm._Partner_Registration,Jab25,Female,Female Youth,No disability,Kaduna,Jaba
0c80b140-b1c5-4567-8636-428ed8aac04f,2024-11-22,Comm._Partner_Registration,Jab26,Female,Female Youth,No disability,Kaduna,Jaba
8e58b52d-cd90-45c4-9f21-01f44cb544cf,2023-11-22,Comm._Partner_Registration,Jab27,Male,Male Youth,No disability,Kaduna,Jaba
4fb7c656-1e7a-46f6-b8ce-0716f8d8afd2,2023-11-22,Comm._Partner_Registration,Jab28,Female,Female Youth,No disability,Kaduna,Jaba
a30263b7-5a72-4d77-b2da-fe9bcf525aed,2023-11-22,Comm._Partner_Registration,Jab29,Male,Male Youth,No disability,Kaduna,Jaba
926eb2d7-299b-4cef-afb9-77198929c471,2023-11-22,Comm._Partner_Registration,Jab30,Male,Male Youth,No disability,Kaduna,Jaba
72552b8e-135b-4136-8932-8de30ddd7c56,2024-02-15,Scaling_up_Agro_Products_marketing_for_small_enterprises,Gwa21,Male,Male Youth,No disability,FCT,Gwagwalada_Area_Council
7eacc600-c3a8-48e6-941d-3883cb5c35d8,2023-11-22,Comm._Partner_Registration,Jab31,Male,Male Youth,No disability,Kaduna,Jaba
e7abdcb9-e11b-47cb-8d30-35df66bdcf71,2024-02-15,Scaling_up_Agro_Products_marketing_for_small_enterprises,Gwa22,Female,Female Youth,No disability,FCT,Gwagwalada_Area_Council
60e7ed2e-5a44-47fb-9da6-5db96e142b4d,2023-11-22,Comm._Partner_Registration,Jab32,Male,Male Youth,No disability,Kaduna,Jaba
096a060c-c8ba-459a-98ea-f79066fcaa4a,2023-11-22,Comm._Partner_Registration,Jam12,Female,Female Youth,No disability,Kaduna,Jema’a
8fd8d9c2-825c-46c3-999e-ce94cd5ade01,2024-02-15,Scaling_up_Agro_Products_marketing_for_small_enterprises,Gwa23,Male,Male Youth,No disability,FCT,Gwagwalada_Area_Council
322936ed-eb0b-4e6c-810c-a4593f6e7a94,2023-11-22,Comm._Partner_Registration,Jam13,Male,Male Youth,No disability,Kaduna,Jema’a
87637168-5489-4cca-90f8-261670a4aa67,2023-11-22,Comm._Partner_Registration,Jam14,Female,Female Youth,No disability,Kaduna,Jema’a
0508fe19-f2de-42d2-aca9-609451d67f34,2024-02-15,Scaling_up_Agro_Products_marketing_for_small_enterprises,Gwa24,Male,Male Youth,No disability,FCT,Gwagwalada_Area_Council
ee90d517-7ef4-4c10-bb27-88e6b7effe06,2023-11-22,Comm._Partner_Registration,Jam15,Female,Female Youth,No disability,Kaduna,Jema’a
98dafd40-ce35-48a0-953b-cbfa84cf06b3,2024-02-15,Scaling_up_Agro_Products_marketing_for_small_enterprises,Gwa25,Female,Female Youth,No disability,FCT,Gwagwalada_Area_Council
87d1086f-ce46-4c37-b5f3-69643cb6fc1a,2023-11-22,Comm._Partner_Registration,Jam16,Female,Female Youth,No disability,Kaduna,Jema’a
dfd9c213-199f-447b-be6c-735f0ccab9cf,2024-02-15,Scaling_up_Agro_Products_marketing_for_small_enterprises,Gwa26,Female,Female Youth,No disability,FCT,Gwagwalada_Area_Council
e04f4ea5-a7cb-478c-9dc4-37eeeef9ba44,2023-11-22,Comm._Partner_Registration,Jam17,Male,Male Youth,No disability,Kaduna,Jema’a
7cb62f3a-5876-4dba-9766-af8c85b86ff7,2024-02-15,Scaling_up_Agro_Products_marketing_for_small_enterprises,Gwa27,Female,Female Youth,No disability,FCT,Gwagwalada_Area_Council
7f5f1190-8980-4014-ae94-70ce22e3513a,2023-11-22,Comm._Partner_Registration,Jam18,Male,Male Youth,No disability,Kaduna,Jema’a
811f2154-a873-4bf2-8f39-1f4142bae965,2023-11-22,Comm._Partner_Registration,Jam19,Female,Female Youth,No disability,Kaduna,Jema’a
9525ffdb-f952-4b22-a395-11014f3df372,2024-02-15,Scaling_up_Agro_Products_marketing_for_small_enterprises,Gwa28,Female,Female Youth,No disability,FCT,Gwagwalada_Area_Council
a04800e3-6625-4481-9626-16f434afd0eb,2023-11-22,Comm._Partner_Registration,Jam20,Male,Male Youth,No disability,Kaduna,Jema’a
86f890d6-2dc3-47c4-afe7-cf8c2ab3dff6,2023-11-22,Comm._Partner_Registration,Jam21,Male,Male Youth,No disability,Kaduna,Jema’a
0292ae10-acb3-4e04-a4e4-7b4d6d4d9c03,2023-11-22,Comm._Partner_Registration,Jam22,Male,Male Youth,No disability,Kaduna,Jema’a
d2f19e2d-a8b8-40b5-80e0-2b51540daa95,2023-11-22,Comm._Partner_Registration,Kac01,Female,Female Youth,No disability,Kaduna,Kachia
d5a8bc77-3bd0-455f-9a52-67f416d48120,2024-02-15,Scaling_up_Agro_Products_marketing_for_small_enterprises,Kuj02,Female,Female Youth,No disability,FCT,Kuje_Area_Council
da15bb26-585f-41eb-b96b-049ab0a233ec,2023-11-22,Comm._Partner_Registration,Kac02,Female,Female Youth,No disability,Kaduna,Kachia
dc99a1d8-ceb7-4950-9867-bf4df78a4f44,2023-11-22,Comm._Partner_Registration,Kac03,Female,Female Youth,No disability,Kaduna,Kachia
0f7713d6-f0c9-4def-858a-c1b795c0aa4e,2023-11-22,Comm._Partner_Registration,Kac04,Female,Female Youth,No disability,Kaduna,Kachia
fccb1cca-f756-49b9-8a7b-96d194e9b5ad,2023-11-22,Comm._Partner_Registration,Kac05,Female,Female Youth,No disability,Kaduna,Kachia
d0b9804e-9e70-442f-8af5-f7dbafbb6a06,2023-11-22,Comm._Partner_Registration,Kac06,Male,Male Youth,No disability,Kaduna,Kachia
f9f3df8f-0e18-47a9-98e7-495f1c2367b5,2024-02-15,Scaling_up_Agro_Products_marketing_for_small_enterprises,Kuj03,Female,Female Youth,No disability,FCT,Kuje_Area_Council
d764641e-d59b-4bf1-b7ec-2f7c79d20b0a,2023-11-22,Comm._Partner_Registration,Kac07,Male,Male Youth,No disability,Kaduna,Kachia
bbf3af32-8d34-4827-8aa7-da617fe8c264,2024-02-15,Scaling_up_Agro_Products_marketing_for_small_enterprises,Kuj04,Male,Male Youth,No disability,FCT,Kuje_Area_Council
0f97ae9b-ce6c-44b1-b947-6ac3b916bc70,2023-11-22,Comm._Partner_Registration,Kac08,Male,Male Youth,No disability,Kaduna,Kachia
f32a7c88-c2e6-4c25-b644-75b8c876aec5,2024-02-15,Scaling_up_Agro_Products_marketing_for_small_enterprises,Kuj05,Female,Female Youth,No disability,FCT,Kuje_Area_Council
73939d73-e1f0-4da3-bf28-552ca3e6bd0a,2023-11-22,Comm._Partner_Registration,Kac09,Male,Male Youth,No disability,Kaduna,Kachia
9bdb377b-1a19-4af7-9047-96bd9917294d,2023-11-22,Comm._Partner_Registration,Kac10,Male,Male Youth,No disability,Kaduna,Kachia
4d09ff88-6335-4276-b6c5-16045ff2938d,2023-11-22,Comm._Partner_Registration,Kac11,Male,Male Youth,No disability,Kaduna,Kachia
7b38b3f0-e254-4683-afec-15b6105f7e23,2023-11-22,Comm._Partner_Registration,Kac12,Female,Female Youth,No disability,Kaduna,Kachia
28d0077b-96c3-418a-ad12-c101fccc462c,2024-02-15,Scaling_up_Agro_Products_marketing_for_small_enterprises,Kwl08,Male,Male Youth,No disability,FCT,Kwali_Area_Council
43b5d473-a5a5-441f-a728-64667ac4c300,2023-11-22,Comm._Partner_Registration,Kac13,Male,Male Youth,No disability,Kaduna,Kachia
d3503169-0841-4cbd-81bc-b66bbb067a62,2023-11-22,Comm._Partner_Registration,Kag01,Male,Male Youth,No disability,Kaduna,Kachia
946fb4d2-ff28-4474-b849-6eae78b0d9e7,2024-02-15,Scaling_up_Agro_Products_marketing_for_small_enterprises,Kwl09,Female,Female Youth,No disability,FCT,Kwali_Area_Council
5e10ef94-506c-408c-bc34-c8070357d10c,2023-11-22,Comm._Partner_Registration,Kag02,Female,Female Youth,No disability,Kaduna,Kachia
13326be6-7d5b-4b7f-8ab3-fc11d2a8c323,2023-11-22,Comm._Partner_Registration,Kag03,Male,Male Youth,No disability,Kaduna,Kachia
0c97ba29-12f5-4d97-a0d4-59faf2336bdd,2024-02-15,Scaling_up_Agro_Products_marketing_for_small_enterprises,Kwl10,Male,Male Youth,No disability,FCT,Kwali_Area_Council
f81e87bb-42ca-40f8-a501-57f3862996e9,2024-02-15,Scaling_up_Agro_Products_marketing_for_small_enterprises,Kwl11,Female,Female Youth,No disability,FCT,Kwali_Area_Council
5d4be51a-1e1c-4295-9a25-48f9b4f838c9,2024-02-15,Scaling_up_Agro_Products_marketing_for_small_enterprises,Kwl12,Male,Male Youth,No disability,FCT,Kwali_Area_Council
cbd8ae6a-4d09-4037-ba7e-40ef3a7fc85c,2024-02-15,Scaling_up_Agro_Products_marketing_for_small_enterprises,Kwl13,Female,Female Youth,No disability,FCT,Kwali_Area_Council
4c488a10-2d49-42e7-adeb-95313f9b6c3e,2023-11-22,Comm._Partner_Registration,Kag04,Female,Female Youth,No disability,Kaduna,Kachia
25d888c1-1e5c-437d-8d2c-9b9842f31e87,2024-02-15,Scaling_up_Agro_Products_marketing_for_small_enterprises,Kwl14,Male,Male Youth,No disability,FCT,Kwali_Area_Council
4d41ce73-2d31-4b1d-a05c-bd08296dbe93,2023-11-22,Comm._Partner_Registration,Kag05,Male,Male Youth,No disability,Kaduna,Kachia
26a9ed3a-626b-4a59-a2e2-bf75f30a7052,2023-11-22,Comm._Partner_Registration,Kag06,Male,Male Youth,No disability,Kaduna,Kachia
31a89f83-a5ba-4f14-9462-21f829d19925,2023-11-22,Comm._Partner_Registration,Kag07,Female,Female Youth,No disability,Kaduna,Kachia
a7d8b8ea-c503-4b8a-bc69-d425d0e578dd,2024-11-22,Comm._Partner_Registration,Kag08,Female,Female Youth,No disability,Kaduna,Kachia
b60c6fb9-cc18-44f9-8a0f-0392a4687278,2023-11-22,Comm._Partner_Registration,Kag09,Male,Male Youth,No disability,Kaduna,Kachia
2dce563e-50d3-4525-939c-5b0859f79628,2023-11-22,Comm._Partner_Registration,Kag10,Male,Male Youth,No disability,Kaduna,Kachia
4526f1a9-8cac-4760-99c9-766f89fd5120,2023-11-22,Comm._Partner_Registration,Kag11,Male,Male Youth,No disability,Kaduna,Kachia
94a4a380-3648-41bd-9f24-60fca6f280de,2023-11-22,Comm._Partner_Registration,Kag12,Male,Male Youth,No disability,Kaduna,Kachia
813325b7-0a2e-4810-aeaf-e25b641b728d,2023-11-22,Comm._Partner_Registration,Kau08,Male,Male Youth,No disability,Kaduna,Kachia
c301d33c-f66e-44f0-95c4-f3bb83efbf83,2023-11-22,Comm._Partner_Registration,Kau09,Male,Male Youth,No disability,Kaduna,Kachia
2a615667-426f-4797-85bf-005b5d801b31,2023-11-22,Comm._Partner_Registration,Kau10,Male,Male Youth,No disability,Kaduna,Kachia
19e86549-272e-4428-a8f4-d6ae222fc6e8,2023-11-22,Comm._Partner_Registration,Kau11,Female,Female Youth,No disability,Kaduna,Kachia
af530f33-f6b4-4fb6-8ff2-6ac96f891a3c,2023-11-22,Comm._Partner_Registration,Kau12,Female,Female Youth,No disability,Kaduna,Kachia
791eb681-a828-42c4-9de7-7618ace62170,2023-11-22,Comm._Partner_Registration,Kau13,Female,Female Youth,No disability,Kaduna,Kachia
05c533ed-8f50-4076-976e-03a0936e907c,2023-11-22,Comm._Partner_Registration,Kau14,Male,Male Youth,No disability,Kaduna,Kachia
e7ce518f-1158-46c1-837b-d79a2d398fc0,2023-11-22,Comm._Partner_Registration,Kau15,Female,Female Youth,No disability,Kaduna,Kachia
98a6fa42-b839-42ab-939e-7ccc0bba989a,2023-11-22,Comm._Partner_Registration,Kau16,Male,Male Youth,No disability,Kaduna,Kachia
de59a047-0a9c-4499-b430-f22709eae783,2023-11-22,Comm._Partner_Registration,Kds12,Male,Male Youth,No disability,Kaduna,Kaduna_South
fec7c4d3-6540-4ae9-acc1-7a397620c842,2023-11-22,Comm._Partner_Registration,Kds13,Male,Male Youth,No disability,Kaduna,Kaduna_South
e6401650-db85-4243-aa4f-b4261c2dc5c2,2023-11-22,Comm._Partner_Registration,Zan21,Male,Male Youth,No disability,Kaduna,Zangon_Kataf
de1e05af-7318-42e6-94b2-8ed9b5d509f9,2023-11-22,Comm._Partner_Registration,Zan22,Female,Female Youth,No disability,Kaduna,Zangon_Kataf
06a2d420-7f63-4913-a006-182786b3b580,2023-11-22,Comm._Partner_Registration,Zan23,Female,Female Youth,No disability,Kaduna,Zangon_Kataf
2bb5f906-6572-435b-b342-97f86ebe4098,2023-11-22,Comm._Partner_Registration,Zan24,Female,Female Youth,No disability,Kaduna,Zangon_Kataf
86344fe4-df1a-4cce-8b2e-73b219a37235,2023-11-22,Comm._Partner_Registration,Zan25,Female,Female Youth,No disability,Kaduna,Zangon_Kataf
895285a9-9dbc-4257-81b0-5dc99380fe51,2023-11-22,Comm._Partner_Registration,Zan26,Female,Female Youth,No disability,Kaduna,Zangon_Kataf
e308323b-2e30-41e1-8c63-08a9ebe59d6f,2023-11-22,Comm._Partner_Registration,Zan27,Male,Male Youth,No disability,Kaduna,Zangon_Kataf
255533a5-5487-472c-9058-d7c58d8c152e,2023-11-22,Comm._Partner_Registration,Zan28,Male,Male Youth,No disability,Kaduna,Zangon_Kataf
7f636217-95ca-4bee-8d58-c492c86f4022,2023-11-22,Comm._Partner_Registration,Zan29,Male,Male Youth,No disability,Kaduna,Zangon_Kataf
b56ecd5c-f3a8-47c3-bab1-28cd016e7fd1,2023-11-22,Comm._Partner_Registration,Zan30,Male,Male Youth,No disability,Kaduna,Zangon_Kataf
1eaf8dea-38e3-4588-911c-cdae3deff2ba,2023-11-22,Comm._Partner_Registration,Zan31,Male,Male Youth,No disability,Kaduna,Zangon_Kataf
40c28d64-95f1-49ec-9d7b-79fef44684f7,2023-11-22,Comm._Partner_Registration,Zan32,Male,Male Youth,No disability,Kaduna,Zangon_Kataf
16e37755-238c-4512-b21b-6f1e4ba3ce39,2024-01-26,GAP_&_crop_management,Nsg02,Female,Female Youth,No disability,Nasarawa,Nasarawa_Eggon
be18c27b-ab5b-4f2d-bf4f-1a1829512cbf,2024-02-23,Scaling_up_Agro_Products_marketing_for_small_enterprises,Nsg02,Female,Female Youth,No disability,Nasarawa,Nasarawa_Eggon
f8e00914-85ec-4782-b597-abe3fbee9206,2024-01-26,GAP_&_crop_management,Nsg03,Male,Male Youth,No disability,Nasarawa,Nasarawa_Eggon
5a6231f0-43fd-4b5f-85e9-f71140868c5e,2024-02-22,ICT_solutions_for_agriculture,Nsg03,Male,Male Youth,No disability,Nasarawa,Nasarawa_Eggon
123b6130-5aea-4a0e-a9f6-5eb8ba5cb5bf,2024-02-23,Scaling_up_Agro_Products_marketing_for_small_enterprises,Nsg03,Male,Male Youth,No disability,Nasarawa,Nasarawa_Eggon
c0ba6bdc-012d-4223-91f1-631490812e75,2024-01-27,"Group_formation,_and_dynamics_for_financial_inclusion",Nsg04,Male,Male Youth,No disability,Nasarawa,Nasarawa_Eggon
5df738e8-be98-44a7-a8d5-55fb70571ee9,2024-02-23,ICT_solutions_for_agriculture,Nsg04,Male,Male Youth,No disability,Nasarawa,Nasarawa_Eggon
ed9d478f-4aed-42c3-a8f0-f17a69398373,2024-02-22,Scaling_up_Agro_Products_marketing_for_small_enterprises,Nsg04,Male,Male Youth,No disability,Nasarawa,Nasarawa_Eggon
b1e6fe3e-0559-4151-8d02-0a4d13799496,2024-01-26,GAP_&_crop_management,Nsg05,Female,Female Youth,No disability,Nasarawa,Nasarawa_Eggon
f9259746-b236-48c4-921e-6c7f6bc3af63,2024-01-27,"Group_formation,_and_dynamics_for_financial_inclusion",Nsg05,Female,Female Youth,No disability,Nasarawa,Nasarawa_Eggon
8fb19483-6526-479b-80f6-f66d740e06f7,2024-02-23,Scaling_up_Agro_Products_marketing_for_small_enterprises,Nsg05,Female,Female Youth,No disability,Nasarawa,Nasarawa_Eggon
2c7732d7-127c-4896-973c-ee521991812b,2024-01-26,GAP_&_crop_management,Nsg06,Male,Male Youth,No disability,Nasarawa,Nasarawa_Eggon
b6d2d281-bc65-4099-a64c-e290d4ecef29,2024-02-22,ICT_solutions_for_agriculture,Nsg06,Male,Male Youth,No disability,Nasarawa,Nasarawa_Eggon
0a5c4f43-af49-4e6e-a46b-be2af737025c,2024-01-27,"Group_formation,_and_dynamics_for_financial_inclusion",Nsg07,Male,Male Youth,No disability,Nasarawa,Nasarawa_Eggon
3feb04be-c14d-4fcb-9dd4-68dbc583bed7,2024-02-22,ICT_solutions_for_agriculture,Nsg07,Male,Male Youth,No disability,Nasarawa,Nasarawa_Eggon
00bfbb89-0848-4f6b-b19a-926a7cbd76b4,2024-02-23,Scaling_up_Agro_Products_marketing_for_small_enterprises,Nsg07,Male,Male Youth,No disability,Nasarawa,Nasarawa_Eggon
c4a23b7b-4ac2-4034-9e4f-eaa37a4e1196,2024-01-26,GAP_&_crop_management,Nsg08,Male,Male Youth,No disability,Nasarawa,Nasarawa_Eggon
601308a0-f8fb-46e3-bb34-2f2a197311f1,2024-02-22,ICT_solutions_for_agriculture,Nsg08,Male,Male Youth,No disability,Nasarawa,Nasarawa_Eggon
e6cda25b-ffde-4248-98a2-918e6ce40cc5,2024-01-27,"Group_formation,_and_dynamics_for_financial_inclusion",Nsg09,Male,Male Youth,No disability,Nasarawa,Nasarawa_Eggon
427fc0f6-142b-46d3-9ace-cf72df005515,2024-02-23,Scaling_up_Agro_Products_marketing_for_small_enterprises,Nsg09,Male,Male Youth,No disability,Nasarawa,Nasarawa_Eggon
25e02b99-89af-4b08-bb58-f3c834cbd20d,2024-01-26,GAP_&_crop_management,Laf01,Male,Male Youth,No disability,Nasarawa,Lafia
00657405-e4f8-4446-becc-9a8feae3a192,2024-01-27,"Group_formation,_and_dynamics_for_financial_inclusion",Laf01,Male,Male Youth,No disability,Nasarawa,Lafia
0b1cbeff-ffcb-46c4-8454-e1f7e0051c6a,2024-01-23,Scaling_up_Agro_Products_marketing_for_small_enterprises,Laf01,Male,Male Youth,No disability,Nasarawa,Lafia
986a3038-cb79-4f2f-b6f0-2d4d15139afd,2024-01-26,GAP_&_crop_management,Laf02,Female,Female Youth,No disability,Nasarawa,Lafia
c4c0dc54-6a98-424f-a0d9-58a02eda532e,2024-01-27,"Group_formation,_and_dynamics_for_financial_inclusion",Laf02,Female,Female Youth,No disability,Nasarawa,Lafia
4a35aa29-8a78-4e5c-ba78-776efe078306,2024-02-23,Scaling_up_Agro_Products_marketing_for_small_enterprises,Laf02,Female,Female Youth,No disability,Nasarawa,Lafia
7e4197a9-d35c-4e22-a3f6-4380fb076021,2024-01-26,GAP_&_crop_management,Laf03,Male,Male Youth,No disability,Nasarawa,Lafia
14ea5a00-3d26-40ee-ad67-fbd0dac10bce,2024-01-27,"Group_formation,_and_dynamics_for_financial_inclusion",Laf03,Male,Male Youth,No disability,Nasarawa,Lafia
7915056d-ed3f-4f17-8b29-76fd84b31033,2024-02-23,Scaling_up_Agro_Products_marketing_for_small_enterprises,Laf03,Male,Male Youth,No disability,Nasarawa,Lafia
60af61ad-63b3-4735-9145-8e2c1b60bfed,2023-12-26,GAP_&_crop_management,Laf04,Female,Female Youth,No disability,Nasarawa,Lafia
b492460f-5fbc-4198-9f50-e21943578302,2024-01-27,"Group_formation,_and_dynamics_for_financial_inclusion",Laf04,Female,Female Youth,No disability,Nasarawa,Lafia
5911c98c-eb3f-4050-8b16-326631db0b42,2024-02-23,Scaling_up_Agro_Products_marketing_for_small_enterprises,Laf04,Female,Female Youth,No disability,Nasarawa,Lafia
a707145b-7c69-40c0-be40-a4c0d454185d,2024-01-26,GAP_&_crop_management,Laf06,Male,Male Youth,No disability,Nasarawa,Lafia
45f697ba-278e-4550-867b-31af376ecbea,2024-01-27,"Group_formation,_and_dynamics_for_financial_inclusion",Laf06,Male,Male Youth,No disability,Nasarawa,Lafia
e7f4936c-c808-4c3e-897d-49cffe8ff893,2024-02-23,Scaling_up_Agro_Products_marketing_for_small_enterprises,Laf06,Male,Male Youth,No disability,Nasarawa,Lafia
068c7b82-7180-4756-9fea-af7b12b57f57,2024-01-26,GAP_&_crop_management,Laf07,Male,Male Youth,No disability,Nasarawa,Lafia
d5af92c3-1286-4aa2-9038-39ad10d4235b,2024-01-27,"Group_formation,_and_dynamics_for_financial_inclusion",Laf07,Male,Male Youth,No disability,Nasarawa,Lafia
e003fc6e-ff64-4384-abff-037fd912adc5,2024-02-23,Scaling_up_Agro_Products_marketing_for_small_enterprises,Laf07,Male,Male Youth,No disability,Nasarawa,Lafia
97affafb-0b3d-4655-acab-5c9583371281,2024-01-26,GAP_&_crop_management,Laf08,Female,Female Youth,No disability,Nasarawa,Lafia
e544d5d2-ad3d-4ecc-ac4f-e7ed187b0d2a,2024-01-27,"Group_formation,_and_dynamics_for_financial_inclusion",Laf08,Female,Female Youth,No disability,Nasarawa,Lafia
20740de5-b47d-4cd2-9d3f-670f2786f72a,2024-02-23,Scaling_up_Agro_Products_marketing_for_small_enterprises,Laf08,Female,Female Youth,No disability,Nasarawa,Lafia
10fb2f40-af3e-49ca-b6a3-b5c5adb2a85a,2024-01-26,GAP_&_crop_management,Kea09,Female,Female Youth,No disability,Nasarawa,Keana
3672926d-1f11-4207-b93c-2a12ba5b4e64,2024-01-27,"Group_formation,_and_dynamics_for_financial_inclusion",Kea09,Female,Female Youth,No disability,Nasarawa,Keana
1d3d67aa-79ce-4093-a0fb-9e62f3f407cd,2024-02-23,Scaling_up_Agro_Products_marketing_for_small_enterprises,Kea09,Female,Female Youth,No disability,Nasarawa,Keana
4bce7994-3829-48b8-9dbc-d2891b3cbff1,2024-01-26,GAP_&_crop_management,Kea11,Male,Male Youth,No disability,Nasarawa,Keana
ef197e58-9b7b-47a1-b706-96b75f13991d,2024-01-27,"Group_formation,_and_dynamics_for_financial_inclusion",Kea11,Male,Male Youth,No disability,Nasarawa,Keana
072fffe9-ffe4-4280-be9e-5ae861f19cde,2024-02-23,Scaling_up_Agro_Products_marketing_for_small_enterprises,Kea11,Male,Male Youth,No disability,Nasarawa,Keana
116eb792-47a0-42ed-8c86-e5a03a003125,2024-01-26,GAP_&_crop_management,Kea12,Male,Male Youth,No disability,Nasarawa,Keana
bf3c600f-2b46-495a-a8d5-c3c0a891ff32,2024-01-27,"Group_formation,_and_dynamics_for_financial_inclusion",Kea12,Male,Male Youth,No disability,Nasarawa,Keana
a1a74ba8-4dc8-42d4-b383-4eaf4ad9b7fb,2024-02-23,Scaling_up_Agro_Products_marketing_for_small_enterprises,Kea12,Male,Male Youth,No disability,Nasarawa,Keana
0bf51146-ca36-429c-b89f-84d92c2a5279,2024-01-26,GAP_&_crop_management,Kea13,Female,Female Youth,No disability,Nasarawa,Keana
2daa7de1-66b0-4d03-bf4b-3331a96edb96,2024-01-27,"Group_formation,_and_dynamics_for_financial_inclusion",Kea13,Female,Female Youth,No disability,Nasarawa,Keana
4c963063-d91e-4e9d-b0dc-6397f9b83a47,2024-02-23,Scaling_up_Agro_Products_marketing_for_small_enterprises,Kea13,Female,Female Youth,No disability,Nasarawa,Keana
0fa3713f-12a5-429a-8fa3-18c519c81b08,2024-01-26,GAP_&_crop_management,Obi19,Male,Male Youth,No disability,Nasarawa,Obi
ffa26687-35d2-42c4-b1bd-09a6bc824139,2024-01-27,"Group_formation,_and_dynamics_for_financial_inclusion",Obi19,Male,Male Youth,No disability,Nasarawa,Obi
ac27eca2-835a-4451-881e-7c408d98b38c,2024-02-23,Scaling_up_Agro_Products_marketing_for_small_enterprises,Obi19,Male,Male Youth,No disability,Nasarawa,Obi
8965d0f2-d711-44ef-8e58-2c9cd1f652b2,2024-03-06,"Group_formation,_and_dynamics_for_financial_inclusion",Bag01,Female,Female Youth,No disability,Kano,Bagwai
43f72d3c-3520-4d74-bf9d-06b93baa4dad,2024-03-06,"Group_formation,_and_dynamics_for_financial_inclusion",Bag02,Female,Female Youth,No disability,Kano,Bagwai
d007b5f9-344e-4fb6-bfef-161558de4dc3,2024-03-06,"Group_formation,_and_dynamics_for_financial_inclusion",Bag03,Male,Male Youth,No disability,Kano,Bagwai
51425079-1a26-4189-a6aa-875255c65a33,2024-03-06,"Group_formation,_and_dynamics_for_financial_inclusion",Bag04,Male,Male Youth,No disability,Kano,Bagwai
7fd5b868-4045-4e89-bfa5-cf556de43afa,2024-03-06,"Group_formation,_and_dynamics_for_financial_inclusion",Bag05,Male,Male Youth,No disability,Kano,Bagwai
7a82374c-190d-4639-9b82-b62331673bb1,2024-03-07,"Group_formation,_and_dynamics_for_financial_inclusion",Jah39,Male,Male Youth,No disability,Jigawa,Jahun
f20d2843-aaa6-4f88-95f8-a2fa994b5451,2024-03-08,"Group_formation,_and_dynamics_for_financial_inclusion",Akk01,Male,Male Youth,No disability,Gombe,Akko
faaac586-251e-4df6-b913-5ecc8cea29f0,2024-03-07,"Group_formation,_and_dynamics_for_financial_inclusion",Jah40,Male,Male Youth,No disability,Jigawa,Jahun
3d445592-c474-4c9e-b829-138ea4dff41a,2024-03-06,"Group_formation,_and_dynamics_for_financial_inclusion",Bag06,Male,Male Youth,No disability,Kano,Bagwai
de7a99fb-08ee-4598-adbe-e8a1bc666b3f,2024-03-07,"Group_formation,_and_dynamics_for_financial_inclusion",Jah41,Male,Male Youth,No disability,Jigawa,Jahun
64cc2a12-86a7-478b-a76a-11e959100e50,2024-03-07,"Group_formation,_and_dynamics_for_financial_inclusion",Jah42,Male,Male Youth,No disability,Jigawa,Jahun
a253a35d-6619-4224-9770-239d7efdb42c,2024-03-08,"Group_formation,_and_dynamics_for_financial_inclusion",Akk02,Female,Female Youth,No disability,Gombe,Akko
68ae5fcc-bb51-4f43-9e5d-ecdea3031d50,2024-03-07,"Group_formation,_and_dynamics_for_financial_inclusion",Jah44,Female,Female Youth,No disability,Jigawa,Jahun
165b989f-2805-49b8-85d6-cfe1d5f71f6b,2024-03-08,"Group_formation,_and_dynamics_for_financial_inclusion",Akk03,Male,Male Youth,No disability,Gombe,Akko
8ad0138b-1389-43b0-a392-c65bb305d6bd,2024-03-07,"Group_formation,_and_dynamics_for_financial_inclusion",Jah45,Male,Male Youth,No disability,Jigawa,Jahun
fcbc2682-5185-4f86-a4a7-07afc2a039c7,2024-03-06,"Group_formation,_and_dynamics_for_financial_inclusion",Bag07,Male,Male Youth,No disability,Kano,Bagwai
206edcee-9c24-4553-a5b4-ebade87e5a11,2024-03-07,"Group_formation,_and_dynamics_for_financial_inclusion",Jah46,Female,Female Youth,No disability,Jigawa,Jahun
fc94eab5-6545-43d8-99ba-0a6b29f217ca,2024-03-08,"Group_formation,_and_dynamics_for_financial_inclusion",Akk04,Female,Female Youth,No disability,Gombe,Akko
93da487c-0c2c-4cb3-999a-dee9e8586a63,2024-03-06,"Group_formation,_and_dynamics_for_financial_inclusion",Bag08,Male,Male Youth,No disability,Kano,Bagwai
778a405e-eb2a-418b-beac-e1dc3cb833f2,2024-03-06,"Group_formation,_and_dynamics_for_financial_inclusion",Bag09,Male,Male Youth,No disability,Kano,Bagwai
ff1fcdb2-12d7-4133-bad7-1f3e27f57431,2024-03-08,"Group_formation,_and_dynamics_for_financial_inclusion",Akk05,Male,Male Youth,No disability,Gombe,Akko
74e35f87-0483-49b0-a227-e2ef797e80f6,2024-03-06,"Group_formation,_and_dynamics_for_financial_inclusion",Bag10,Male,Male Youth,No disability,Kano,Bagwai
9c575bd0-2e85-4846-a034-a0fc715165ef,2024-03-06,"Group_formation,_and_dynamics_for_financial_inclusion",Bun01,Female,Female Youth,No disability,Kano,Bagwai
a98a991c-e4df-49b8-9583-422af10c7a22,2024-03-07,"Group_formation,_and_dynamics_for_financial_inclusion",Jah47,Male,Male Youth,No disability,Jigawa,Jahun
6e956e3f-0a8e-44a2-98f2-f145f1d51f8a,2024-03-06,"Group_formation,_and_dynamics_for_financial_inclusion",Bun02,Male,Male Youth,No disability,Kano,Bunkure
a59c35e4-c693-439b-9377-c6575f2a757d,2024-03-07,"Group_formation,_and_dynamics_for_financial_inclusion",Jah48,Female,Female Youth,No disability,Jigawa,Jahun
92687b54-c70b-4684-88ba-d5612a1330a5,2024-03-07,"Group_formation,_and_dynamics_for_financial_inclusion",Jah49,Male,Male Youth,No disability,Jigawa,Jahun
81c1f58b-51b2-4996-a87e-cee2fef49bba,2024-03-07,"Group_formation,_and_dynamics_for_financial_inclusion",Jah50,Male,Male Youth,No disability,Jigawa,Jahun
986dfd91-05c7-485a-a429-88e8ee436b4b,2024-03-08,"Group_formation,_and_dynamics_for_financial_inclusion",Akk06,Male,Male Youth,Persons with disability,Gombe,Akko
529758ad-5c7f-4ed6-a569-7e828f64637d,2024-03-08,"Group_formation,_and_dynamics_for_financial_inclusion",Bill01,Female,Female Youth,No disability,Gombe,Billiri
e7836a1a-3a77-4648-9ed7-05981036a890,2024-03-06,"Group_formation,_and_dynamics_for_financial_inclusion",Bun03,Male,Male Youth,No disability,Kano,Bunkure
b29cd85d-d834-43c1-8a90-83b7aa364c46,2024-03-08,"Group_formation,_and_dynamics_for_financial_inclusion",Bill02,Female,Female Youth,No disability,Gombe,Billiri
84eab567-c3b0-437b-9d8a-441c739f45b5,2024-03-06,"Group_formation,_and_dynamics_for_financial_inclusion",Bun04,Male,Male Youth,No disability,Kano,Bunkure
7417664f-93b8-4daf-8e64-e075160f8850,2024-03-08,"Group_formation,_and_dynamics_for_financial_inclusion",Bill03,Female,Female Youth,No disability,Gombe,Billiri
c848eec4-bd5b-43a0-be89-ad3cfb59e318,2024-03-06,"Group_formation,_and_dynamics_for_financial_inclusion",Bun05,Male,Male Youth,No disability,Kano,Bunkure
5acdee98-0eef-407b-ae3a-a290208b25b9,2024-03-08,"Group_formation,_and_dynamics_for_financial_inclusion",Bill04,Female,Female Youth,No disability,Gombe,Billiri
191a0ce1-44d8-4543-bd60-32eebf6d4ca6,2024-03-06,"Group_formation,_and_dynamics_for_financial_inclusion",Bun06,Female,Female Youth,No disability,Kano,Bunkure
7481b593-35d1-4415-917e-491d62d897b3,2024-03-07,"Group_formation,_and_dynamics_for_financial_inclusion",Jah51,Female,Female Youth,No disability,Jigawa,Jahun
e8777356-f2c2-4e2e-90fe-0652fa913c34,2024-03-07,"Group_formation,_and_dynamics_for_financial_inclusion",Jah52,Female,Female Youth,No disability,Jigawa,Jahun
e2981652-9096-4280-936e-37bdcc5c8783,2024-03-08,"Group_formation,_and_dynamics_for_financial_inclusion",Bill05,Female,Female Youth,No disability,Gombe,Billiri
4b1c5217-5f78-479f-961f-1e90ea0b5bc5,2024-03-08,"Group_formation,_and_dynamics_for_financial_inclusion",Bill06,Male,Male Youth,No disability,Gombe,Billiri
6cc96ad0-adba-4770-a3f3-91dc5d50154b,2024-03-08,"Group_formation,_and_dynamics_for_financial_inclusion",Bill07,Male,Male Youth,No disability,Gombe,Billiri
28e1d8c7-16f2-4364-953c-bb2d235edee4,2024-03-08,"Group_formation,_and_dynamics_for_financial_inclusion",Bill08,Male,Male Youth,No disability,Gombe,Billiri
4cf87577-b425-40d4-bedf-41c59e436794,2024-03-08,"Group_formation,_and_dynamics_for_financial_inclusion",Bill09,Female,Female Youth,No disability,Gombe,Billiri
5ff70382-9731-4478-aafb-acd9902f17c8,2024-03-08,"Group_formation,_and_dynamics_for_financial_inclusion",Kal12,Female,Female Youth,No disability,Gombe,Kaltungo
0f126020-eea6-4bc3-8c31-8a043a6f992b,2024-03-08,"Group_formation,_and_dynamics_for_financial_inclusion",Kal13,Male,Male Youth,No disability,Gombe,Kaltungo
205a92b9-24a8-492e-83c0-b0fadd2a1f52,2024-03-07,"Group_formation,_and_dynamics_for_financial_inclusion",Jah54,Male,Male Youth,No disability,Jigawa,Jahun
7b4c7164-a134-46db-b47d-4d31bc11902b,2024-03-07,"Group_formation,_and_dynamics_for_financial_inclusion",Jah55,Female,Female Youth,No disability,Jigawa,Jahun
db0ad57b-ab01-4cd1-8307-d6a4279bee4b,2024-03-08,"Group_formation,_and_dynamics_for_financial_inclusion",Kal14,Female,Female Youth,No disability,Gombe,Kaltungo
fe04c044-65c5-4a20-aa9d-a61d7ca771b8,2024-03-07,"Group_formation,_and_dynamics_for_financial_inclusion",Jah56,Female,Female Youth,No disability,Jigawa,Jahun
fa97a265-ae3c-42a5-b5f3-1a721383e52d,2024-03-08,"Group_formation,_and_dynamics_for_financial_inclusion",Kal15,Female,Female Youth,No disability,Gombe,Kaltungo
b8a1238b-e22a-44e5-8022-c28db3dfb487,2024-03-07,"Group_formation,_and_dynamics_for_financial_inclusion",Jah57,Female,Female Youth,No disability,Jigawa,Jahun
eab0abce-76ec-41ad-b955-43362955810b,2024-03-07,"Group_formation,_and_dynamics_for_financial_inclusion",Jah58,Male,Male Youth,No disability,Jigawa,Jahun
ddf4d753-2504-4de4-9b64-f1803b3e199f,2024-03-07,"Group_formation,_and_dynamics_for_financial_inclusion",Jah59,Male,Male Youth,No disability,Jigawa,Jahun
40e75980-a63c-4120-b2bc-6aafb3729187,2024-03-08,"Group_formation,_and_dynamics_for_financial_inclusion",Kal16,Male,Male Youth,No disability,Gombe,Kaltungo
583d6f49-b27c-4a62-9b13-939662056f3e,2024-03-08,"Group_formation,_and_dynamics_for_financial_inclusion",Kal17,Female,Female Youth,No disability,Gombe,Kaltungo
6d74f0e2-f160-412c-a982-6ed30340f3b2,2024-03-07,"Group_formation,_and_dynamics_for_financial_inclusion",Jah60,Female,Female Youth,No disability,Jigawa,Jahun
ab9cc00a-680d-467f-b5ba-ca37b14a89d5,2024-03-08,"Group_formation,_and_dynamics_for_financial_inclusion",Kal18,Female,Female Youth,No disability,Gombe,Kaltungo
cd9cba31-2852-4afb-801f-98eb36ea6be1,2024-03-07,"Group_formation,_and_dynamics_for_financial_inclusion",Jah61,Male,Male Youth,No disability,Jigawa,Jahun
35480e20-a9be-4a2e-9f96-2f3f06f48b5e,2024-03-08,"Group_formation,_and_dynamics_for_financial_inclusion",Kal19,Female,Female Youth,No disability,Gombe,Kaltungo
22680419-fcc7-4add-94d0-ea50e2323e4f,2023-12-17,ICT_solutions_for_agriculture,Jah62,Female,Female Youth,No disability,Jigawa,Jahun
b742a6b2-baca-4770-b5d2-f1f19a274b78,2024-03-07,"Group_formation,_and_dynamics_for_financial_inclusion",Jah62,Female,Female Youth,No disability,Jigawa,Jahun
40c8226e-4315-4ad8-8b3f-1647a6e6a759,2024-03-08,"Group_formation,_and_dynamics_for_financial_inclusion",Kwa29,Male,Male Youth,No disability,Gombe,Kwami
05af0b39-4362-46d7-9d04-022305e419d9,2024-03-07,"Group_formation,_and_dynamics_for_financial_inclusion",Jah64,Male,Male Youth,No disability,Jigawa,Jahun
e87c214a-f721-48b0-a3c0-dce1f909d7aa,2024-03-07,"Group_formation,_and_dynamics_for_financial_inclusion",Jah65,Male,Male Youth,No disability,Jigawa,Jahun
e411d583-4356-4ab3-a040-1d001ce6776b,2024-03-08,"Group_formation,_and_dynamics_for_financial_inclusion",Sha01,Male,Male Youth,No disability,Gombe,Shongom
7a1845a0-7129-4a1a-9744-b20099c7656e,2024-03-07,"Group_formation,_and_dynamics_for_financial_inclusion",Jah66,Male,Male Youth,No disability,Jigawa,Jahun
3a88d363-3826-47f9-b4aa-b3388282225a,2024-03-08,"Group_formation,_and_dynamics_for_financial_inclusion",Sha02,Male,Male Youth,No disability,Gombe,Shongom
4f35e8dc-147f-4d19-b396-52bd1cc2105f,2024-03-08,"Group_formation,_and_dynamics_for_financial_inclusion",Sha03,Female,Female Youth,No disability,Gombe,Shongom
f3ab9147-308c-453a-ba22-b7461bba30ae,2024-03-08,"Group_formation,_and_dynamics_for_financial_inclusion",Sha04,Female,Female Youth,No disability,Gombe,Shongom
0fdbf85c-cd71-4da0-9112-8234d31856cc,2024-03-07,"Group_formation,_and_dynamics_for_financial_inclusion",Jah67,Male,Male Youth,No disability,Jigawa,Jahun
a37c3956-04df-4e2c-b851-6285e05c83a6,2024-03-08,"Group_formation,_and_dynamics_for_financial_inclusion",Sha05,Female,Female Youth,No disability,Gombe,Shongom
7bf327d2-ccd0-4ab6-a364-98a32014f9b7,2024-03-07,"Group_formation,_and_dynamics_for_financial_inclusion",Jah68,Male,Male Youth,No disability,Jigawa,Jahun
e3294e77-e083-4a01-8557-0712595e16df,2024-03-08,"Group_formation,_and_dynamics_for_financial_inclusion",Sha06,Male,Male Youth,No disability,Gombe,Shongom
87016390-77d1-4c13-8a61-67a23150b3f6,2024-03-07,"Group_formation,_and_dynamics_for_financial_inclusion",Jah69,Male,Male Youth,No disability,Jigawa,Jahun
9254980e-009d-40e9-882e-2b536daaabaf,2024-03-07,"Group_formation,_and_dynamics_for_financial_inclusion",Jah70,Male,Male Youth,No disability,Jigawa,Jahun
406eccb7-d85b-4b69-9ffa-587754c0af9a,2024-03-07,"Group_formation,_and_dynamics_for_financial_inclusion",Jah71,Male,Male Youth,No disability,Jigawa,Jahun
4dd4142c-4f93-4b3a-9e72-745e30f32839,2024-03-07,"Group_formation,_and_dynamics_for_financial_inclusion",Jah72,Male,Male Youth,No disability,Jigawa,Jahun
16033daf-6eb6-4f4e-a5ab-277479cf2bf1,2024-03-07,"Group_formation,_and_dynamics_for_financial_inclusion",Jah73,Male,Male Youth,No disability,Jigawa,Jahun
7a19ca74-aaeb-45d9-b751-970755980261,2023-12-17,ICT_solutions_for_agriculture,Jah74,Male,Male Youth,No disability,Jigawa,Jahun
e7df161f-7ac9-46dc-96cc-c5af3e675b53,2024-03-07,"Group_formation,_and_dynamics_for_financial_inclusion",Jah74,Male,Male Youth,No disability,Jigawa,Jahun
bdac86ac-2ee7-4b76-b014-c0ec825d66d1,2024-03-07,"Group_formation,_and_dynamics_for_financial_inclusion",Jah75,Male,Male Youth,No disability,Jigawa,Jahun
547a7bde-33ad-4abf-a3bd-b2e289e0459b,2023-12-17,ICT_solutions_for_agriculture,Jah76,Male,Male Youth,No disability,Jigawa,Jahun
c75b61ae-4b4f-4227-95c6-f65726275ff8,2024-03-07,"Group_formation,_and_dynamics_for_financial_inclusion",Jah76,Male,Male Youth,No disability,Jigawa,Jahun
8812450d-4fbe-4a1d-8c1e-7535d5d39953,2024-12-17,ICT_solutions_for_agriculture,Jah77,Male,Male Youth,No disability,Jigawa,Jahun
13afe625-d03c-4025-895f-7d60373b73cd,2024-03-07,"Group_formation,_and_dynamics_for_financial_inclusion",Jah77,Male,Male Youth,No disability,Jigawa,Jahun
5b6f1034-0bf4-4af1-9b58-5d1b6ddf7293,2024-03-07,"Group_formation,_and_dynamics_for_financial_inclusion",Jah78,Male,Male Youth,No disability,Jigawa,Jahun
85486c9e-ed1a-442c-9d45-6c8f5cfe1434,2024-03-07,"Group_formation,_and_dynamics_for_financial_inclusion",Jah79,Female,Female Youth,No disability,Jigawa,Jahun
49a28d56-e771-4edf-9cfe-c3484bfc91d4,2024-03-07,"Group_formation,_and_dynamics_for_financial_inclusion",Jah80,Female,Female Youth,No disability,Jigawa,Jahun
da4caf60-7c40-47a7-b4dc-31eacdb56a16,2024-03-07,"Group_formation,_and_dynamics_for_financial_inclusion",Jah81,Female,Female Youth,No disability,Jigawa,Jahun
f0add71d-4e36-4c5a-8d15-d9f8fab0d0b0,2024-03-07,"Group_formation,_and_dynamics_for_financial_inclusion",Jah83,Male,Male Youth,No disability,Jigawa,Jahun
c8c7850f-97fd-41d3-b277-ce2fc67a5b7c,2024-03-07,"Group_formation,_and_dynamics_for_financial_inclusion",Jah84,Male,Male Youth,No disability,Jigawa,Jahun
58f89678-030a-4ace-8d80-4681fd6aacdf,2023-12-17,ICT_solutions_for_agriculture,Jah82,Male,Male Youth,No disability,Jigawa,Jahun
ca100b84-50b2-4592-91d3-ecdac96badf7,2024-03-07,"Group_formation,_and_dynamics_for_financial_inclusion",Jah82,Male,Male Youth,No disability,Jigawa,Jahun
48af6a1b-b4bb-4259-b74d-3c3af5cc5f44,2024-03-07,"Group_formation,_and_dynamics_for_financial_inclusion",Rin11,Male,Male Youth,No disability,Jigawa,Ringim
981bff1a-d2c6-4a0c-a0e0-e8876a95c436,2024-03-07,"Group_formation,_and_dynamics_for_financial_inclusion",Rin12,Male,Male Youth,No disability,Jigawa,Ringim
9e81311a-3ab1-4d51-b76d-24ba82d91ee8,2024-03-07,"Group_formation,_and_dynamics_for_financial_inclusion",Rin13,Male,Male Youth,No disability,Jigawa,Ringim
b5933aaf-ab3e-4c6c-a430-be7632170722,2024-03-07,"Group_formation,_and_dynamics_for_financial_inclusion",Rin15,Male,Male Youth,No disability,Jigawa,Ringim
898bf078-5a38-4382-ab25-2d39e9b5c1bb,2024-03-07,"Group_formation,_and_dynamics_for_financial_inclusion",Rin16,Male,Male Youth,No disability,Jigawa,Ringim
8861d87c-9f2c-4405-a32e-cd6f072ce24f,2024-03-07,"Group_formation,_and_dynamics_for_financial_inclusion",Rin17,Male,Male Youth,No disability,Jigawa,Ringim
978d9462-085f-449d-b9c9-03e402b8a04e,2024-03-07,"Group_formation,_and_dynamics_for_financial_inclusion",Rin18,Female,Female Youth,No disability,Jigawa,Ringim
26adf6d5-6aba-422a-813a-1756d22e56f4,2024-03-07,"Group_formation,_and_dynamics_for_financial_inclusion",Rin19,Female,Female Youth,No disability,Jigawa,Ringim
084e310b-e108-4c9c-a89d-e3fbaac3b27a,2024-03-07,"Group_formation,_and_dynamics_for_financial_inclusion",Rin20,Female,Female Youth,No disability,Jigawa,Ringim
ac5b7cdc-093c-4dcd-a7d9-54beeb9a8a4e,2024-03-07,"Group_formation,_and_dynamics_for_financial_inclusion",Rin21,Female,Female Youth,No disability,Jigawa,Ringim
6c96844e-afd6-458a-966e-a288bf7a1a73,2024-03-07,"Group_formation,_and_dynamics_for_financial_inclusion",Rin22,Female,Female Youth,No disability,Jigawa,Ringim
11a204b2-a4f6-46c9-ad77-c7aeb09020b5,2024-03-07,"Group_formation,_and_dynamics_for_financial_inclusion",Rin23,Female,Female Youth,No disability,Jigawa,Ringim
30bc79a1-742f-4744-9c1d-3a2fb6651830,2024-03-07,"Group_formation,_and_dynamics_for_financial_inclusion",Rin24,Female,Female Youth,No disability,Jigawa,Ringim
cfb80b97-55d0-4ed1-bda2-709c33a94bef,2024-03-07,"Group_formation,_and_dynamics_for_financial_inclusion",Rin25,Male,Male Youth,No disability,Jigawa,Ringim
0f1570e7-2665-48ed-afc9-68abb9cd21e7,2024-03-07,"Group_formation,_and_dynamics_for_financial_inclusion",Rin26,Male,Male Youth,No disability,Jigawa,Ringim
8dc45830-83c4-4f46-a5d7-f528807b42fa,2024-03-07,"Group_formation,_and_dynamics_for_financial_inclusion",Rin27,Male,Male Youth,No disability,Jigawa,Ringim
40bf585e-a663-4f45-b87c-53d8becb553a,2024-03-07,"Group_formation,_and_dynamics_for_financial_inclusion",Rin28,Male,Male Youth,No disability,Jigawa,Ringim
94a40039-d8ce-49af-945d-47bddcfe5797,2024-03-07,"Group_formation,_and_dynamics_for_financial_inclusion",Tau19,Female,Female Youth,No disability,Jigawa,Taura
7c739fab-2743-46fa-9c59-bc62adcad2e0,2024-03-07,"Group_formation,_and_dynamics_for_financial_inclusion",Tau20,Male,Male Youth,No disability,Jigawa,Taura
4c8e6ff0-fa0a-433c-b55a-5745826a84a4,2024-03-07,"Group_formation,_and_dynamics_for_financial_inclusion",Tau21,Male,Male Youth,No disability,Jigawa,Taura
37ab1b1c-f06f-4c44-b98e-51772a65743f,2024-03-07,"Group_formation,_and_dynamics_for_financial_inclusion",Tau22,Male,Male Youth,No disability,Jigawa,Taura
c41c11e7-b4bc-4f91-8489-38acf97c7c5f,2024-03-07,"Group_formation,_and_dynamics_for_financial_inclusion",Tau24,Female,Female Youth,No disability,Jigawa,Taura
54eb2843-65c4-491c-87ba-842331c21309,2024-03-07,"Group_formation,_and_dynamics_for_financial_inclusion",Tau25,Male,Male Youth,No disability,Jigawa,Taura
258dccd6-8a29-4d69-8c06-a4f5de63d874,2024-03-07,"Group_formation,_and_dynamics_for_financial_inclusion",Tau26,Female,Female Youth,No disability,Jigawa,Taura
36e1da61-8386-4930-8fe1-97038e26b1fb,2024-03-07,"Group_formation,_and_dynamics_for_financial_inclusion",Tau28,Male,Male Youth,No disability,Jigawa,Taura
1653e47b-96be-41d1-b4b6-f293b61b83ba,2024-03-08,"Group_formation,_and_dynamics_for_financial_inclusion",Alk01,Male,Male Youth,No disability,Bauchi,Alkaleri
55bfb20d-d1c4-4d9f-9749-25f808852d75,2024-03-08,"Group_formation,_and_dynamics_for_financial_inclusion",Alk02,Male,Male Youth,No disability,Bauchi,Alkaleri
be9d1c3a-a325-4dd4-adce-336560b32221,2024-03-08,"Group_formation,_and_dynamics_for_financial_inclusion",Alk03,Female,Female Youth,No disability,Bauchi,Alkaleri
ebe75512-980d-4c11-9159-4028f589381f,2024-03-08,"Group_formation,_and_dynamics_for_financial_inclusion",Bau09,Female,Female Youth,No disability,Bauchi,Bauchi
70874972-bf85-4ad2-af29-49ba249250a9,2024-03-08,"Group_formation,_and_dynamics_for_financial_inclusion",Bau10,Male,Male Youth,No disability,Bauchi,Bauchi
0e9aaf52-844f-441d-b8cb-4f636695adbc,2024-03-08,"Group_formation,_and_dynamics_for_financial_inclusion",Bau11,Female,Female Youth,No disability,Bauchi,Bauchi
0250a2fd-4731-4885-8888-a834dc7ecd86,2024-03-08,"Group_formation,_and_dynamics_for_financial_inclusion",Bau12,Male,Male Youth,No disability,Bauchi,Bauchi
65f2c0d3-0c57-4291-89dd-4054cf896526,2024-03-08,"Group_formation,_and_dynamics_for_financial_inclusion",Bau13,Male,Male Youth,No disability,Bauchi,Bauchi
63d0a0e6-e794-4aa9-8064-1401722b4f73,2024-03-08,"Group_formation,_and_dynamics_for_financial_inclusion",Bau14,Female,Female Youth,No disability,Bauchi,Bauchi
543e0a0a-3f0c-4fc6-b16b-b3e04f5ab3b5,2024-03-08,"Group_formation,_and_dynamics_for_financial_inclusion",Bau15,Male,Male Youth,No disability,Bauchi,Bauchi
38e21658-2b0e-44a0-8206-10ecdde3eca4,2024-03-08,"Group_formation,_and_dynamics_for_financial_inclusion",Bau16,Male,Male Youth,No disability,Bauchi,Bauchi
4a3d4a15-fbd8-48db-84f7-e74a1ad23279,2024-03-08,"Group_formation,_and_dynamics_for_financial_inclusion",Das07,Male,Male Youth,No disability,Bauchi,Dass
c82f0405-1799-4ef7-af09-0d3e2a638171,2024-03-08,"Group_formation,_and_dynamics_for_financial_inclusion",Das08,Male,Male Youth,No disability,Bauchi,Dass
c6a73939-c50b-4b18-9e80-e076a1226b3a,2024-03-08,"Group_formation,_and_dynamics_for_financial_inclusion",Das09,Male,Male Youth,No disability,Bauchi,Dass
0a2d1e24-0ff3-4856-bd29-c61d62d1a060,2024-03-08,"Group_formation,_and_dynamics_for_financial_inclusion",Das10,Female,Female Youth,No disability,Bauchi,Dass
b7cb82de-421a-4fab-903e-0cbcccdb89dd,2024-03-08,"Group_formation,_and_dynamics_for_financial_inclusion",Gan08,Female,Female Youth,No disability,Bauchi,Ganjuwa
5cbc9161-2379-4493-a446-f04033bb5690,2024-03-08,"Group_formation,_and_dynamics_for_financial_inclusion",Gan09,Male,Male Youth,No disability,Bauchi,Ganjuwa
30c6fdb4-e566-49f1-9576-e7baf5ec483f,2024-03-08,"Group_formation,_and_dynamics_for_financial_inclusion",Gan10,Male,Male Youth,No disability,Bauchi,Ganjuwa
64377ed5-df8a-4016-bbf5-f32f95c5e74a,2024-03-08,"Group_formation,_and_dynamics_for_financial_inclusion",Gan11,Female,Female Youth,No disability,Bauchi,Ganjuwa
8e37f5be-0f50-4cc8-b355-e50c1c4f11fd,2024-03-08,"Group_formation,_and_dynamics_for_financial_inclusion",Nin14,Female,Female Youth,No disability,Bauchi,Ningi
e18b6d00-709f-415d-a5cb-0d6023c39a2d,2024-03-08,"Group_formation,_and_dynamics_for_financial_inclusion",Nin15,Female,Female Youth,No disability,Bauchi,Ningi
40e5d919-fd34-4117-abaa-03ddb96cf0dc,2024-03-08,"Group_formation,_and_dynamics_for_financial_inclusion",Nin16,Male,Male Youth,No disability,Bauchi,Ningi
b8a57bfb-b5fe-4b85-ac5e-7db706315719,2024-03-08,"Group_formation,_and_dynamics_for_financial_inclusion",Nin17,Male,Male Youth,No disability,Bauchi,Ningi
f0b282c3-465e-4c23-9f8f-8feb6bc279d9,2024-03-08,"Group_formation,_and_dynamics_for_financial_inclusion",Taf02,Female,Female Youth,No disability,Bauchi,Tafawa_Balewa
079c13a4-583b-4815-9299-532fad51ddd7,2024-03-08,"Group_formation,_and_dynamics_for_financial_inclusion",Taf03,Male,Male Youth,No disability,Bauchi,Tafawa_Balewa
ff5d3e69-faaf-4023-9a7e-64e6349c2faf,2024-03-08,"Group_formation,_and_dynamics_for_financial_inclusion",Taf04,Male,Male Youth,No disability,Bauchi,Tafawa_Balewa
87393e4b-dce4-4fcd-b56d-44faee62a319,2024-03-08,"Group_formation,_and_dynamics_for_financial_inclusion",Taf05,Male,Male Youth,No disability,Bauchi,Tafawa_Balewa
82f2528f-811d-44a3-b5ef-bebd75468164,2024-03-08,"Group_formation,_and_dynamics_for_financial_inclusion",Tor02,Male,Male Youth,No disability,Bauchi,Toro
bae2917f-8bbb-4307-ac22-194c7a180ed2,2024-03-08,"Group_formation,_and_dynamics_for_financial_inclusion",Tor03,Male,Male Youth,No disability,Bauchi,Toro
a0be38a9-5d45-4532-89f5-04918990ec3f,2024-03-08,"Group_formation,_and_dynamics_for_financial_inclusion",Tor04,Female,Female Youth,No disability,Bauchi,Toro
17c3e036-45a9-45ac-9275-b530efd94889,2024-03-08,"Group_formation,_and_dynamics_for_financial_inclusion",Tor05,Male,Male Youth,No disability,Bauchi,Toro
1e00302c-af22-4a95-8a8f-d1f7d1b2c6f3,2024-03-08,"Group_formation,_and_dynamics_for_financial_inclusion",War03,Male,Male Youth,No disability,Bauchi,Warji
770c9405-ddca-4c53-b566-c8a4799c4900,2024-03-08,"Group_formation,_and_dynamics_for_financial_inclusion",War04,Male,Male Youth,No disability,Bauchi,Warji
9e0c606c-f1ce-427b-9d47-83753f606c28,2024-03-08,"Group_formation,_and_dynamics_for_financial_inclusion",War05,Female,Female Youth,No disability,Bauchi,Warji
601fd23a-29c3-48d0-a0f9-efdc085d1886,2024-03-06,"Group_formation,_and_dynamics_for_financial_inclusion",Bun07,Female,Female Youth,No disability,Kano,Bunkure
22b31224-6b7e-4e4e-b739-a1cd2d4058a8,2024-03-06,"Group_formation,_and_dynamics_for_financial_inclusion",Bun08,Female,Female Youth,No disability,Kano,Bunkure
495f9da5-ae77-4a5d-921a-091d59e96521,2024-05-06,"Group_formation,_and_dynamics_for_financial_inclusion",Bun09,Female,Female Youth,No disability,Kano,Bunkure
793984f4-8583-4690-b25c-c25d07318349,2024-03-06,"Group_formation,_and_dynamics_for_financial_inclusion",Bun10,Female,Female Youth,No disability,Kano,Bunkure
668817bb-f6d8-492e-8a78-269b00014e3f,2024-03-06,"Group_formation,_and_dynamics_for_financial_inclusion",Bun11,Female,Female Youth,No disability,Kano,Bunkure
a80163e4-d3f7-4143-a579-ceeec511fb55,2024-03-06,"Group_formation,_and_dynamics_for_financial_inclusion",Bun12,Female,Female Youth,No disability,Kano,Bunkure
b34699b7-2f97-47ed-82f0-0c1b41d3711a,2024-03-06,"Group_formation,_and_dynamics_for_financial_inclusion",Bun13,Female,Female Youth,No disability,Kano,Bunkure
5602a513-f5b1-43ee-a231-005f2fb5ce78,2024-03-06,"Group_formation,_and_dynamics_for_financial_inclusion",Bun14,Female,Female Youth,No disability,Kano,Bunkure
6a692508-0a1d-4613-bc0f-cb0e529e2367,2024-03-06,"Group_formation,_and_dynamics_for_financial_inclusion",Bun15,Male,Male Youth,No disability,Kano,Bunkure
3e4c5f74-2d46-430c-99e0-269b1bb404d9,2024-03-06,"Group_formation,_and_dynamics_for_financial_inclusion",Bun16,Male,Male Youth,No disability,Kano,Bunkure
86e99bb8-587a-4ce2-ac52-c75ffbcb3e9f,2024-03-06,"Group_formation,_and_dynamics_for_financial_inclusion",Bun17,Male,Male Youth,No disability,Kano,Bunkure
d9979ff1-a363-4fcd-9882-a886bd83309b,2024-03-06,"Group_formation,_and_dynamics_for_financial_inclusion",Bun18,Male,Male Youth,No disability,Kano,Bunkure
49815941-ecca-4516-aca3-c2cd5b1362fc,2024-03-06,"Group_formation,_and_dynamics_for_financial_inclusion",Bun19,Male,Male Youth,No disability,Kano,Bunkure
bebb5057-9e92-431b-9df9-ef1c3ea8e6af,2024-05-06,"Group_formation,_and_dynamics_for_financial_inclusion",Bun20,Male,Male Youth,No disability,Kano,Bunkure
5b33647c-1f05-4cb2-8656-f757db443f01,2024-03-06,"Group_formation,_and_dynamics_for_financial_inclusion",Bun21,Male,Male Youth,No disability,Kano,Bunkure
5dcbe440-4194-4258-9f07-841471d6bca6,2024-03-06,"Group_formation,_and_dynamics_for_financial_inclusion",Gmm48,Female,Female Youth,No disability,Kano,Garum_Mallam
20ef329b-648d-4873-8833-63ae7a5f2ec4,2024-03-06,"Group_formation,_and_dynamics_for_financial_inclusion",Gmm49,Male,Male Youth,No disability,Kano,Garum_Mallam
094f3985-e734-4bc6-acd7-ec260ee948be,2024-03-06,"Group_formation,_and_dynamics_for_financial_inclusion",Gmm50,Male,Male Youth,No disability,Kano,Garum_Mallam
8fc1aaa9-175e-4e40-8862-d1e566f19f92,2024-03-06,"Group_formation,_and_dynamics_for_financial_inclusion",Gmm51,Male,Male Youth,No disability,Kano,Garum_Mallam
df697bbb-cbbb-47d6-907c-c04e282f86af,2024-03-06,"Group_formation,_and_dynamics_for_financial_inclusion",Gmm52,Male,Male Youth,No disability,Kano,Garum_Mallam
b4fd66d6-78f6-4fab-a7a9-c6d137728cdf,2024-03-06,"Group_formation,_and_dynamics_for_financial_inclusion",Gmm53,Male,Male Youth,No disability,Kano,Garum_Mallam
3089194b-2a7f-48e2-9c4c-f1fdb621e1a2,2024-03-06,"Group_formation,_and_dynamics_for_financial_inclusion",Gmm54,Female,Female Youth,No disability,Kano,Garum_Mallam
ec74b522-0958-4fa9-8bab-393d07175502,2024-03-06,"Group_formation,_and_dynamics_for_financial_inclusion",Gmm55,Male,Male Youth,No disability,Kano,Garum_Mallam
8b7160b4-7750-4b8f-b7af-478a23b7c90c,2024-03-06,"Group_formation,_and_dynamics_for_financial_inclusion",Gmm56,Female,Female Youth,No disability,Kano,Garum_Mallam
d96d04de-230e-47fc-8596-609e002a3308,2024-03-06,"Group_formation,_and_dynamics_for_financial_inclusion",Gmm57,Female,Female Youth,No disability,Kano,Garum_Mallam
36612846-97cc-4c12-bf0b-8eeca9327017,2024-03-06,"Group_formation,_and_dynamics_for_financial_inclusion",Gmm58,Female,Female Youth,No disability,Kano,Garum_Mallam
ce584e67-9351-4fbc-8b67-31bace3f6ca2,2024-03-06,"Group_formation,_and_dynamics_for_financial_inclusion",Gmm59,Female,Female Youth,No disability,Kano,Garum_Mallam
016420a3-211a-470a-b8ed-383cdaa6c0f3,2024-03-06,"Group_formation,_and_dynamics_for_financial_inclusion",Gmm60,Male,Male Youth,No disability,Kano,Garum_Mallam
bcffdd9b-16af-45d7-80fd-5cfd3b6f23a5,2024-03-06,"Group_formation,_and_dynamics_for_financial_inclusion",Gmm61,Male,Male Youth,No disability,Kano,Garum_Mallam
84b29aab-6356-4dd8-a516-da2ed40be099,2024-03-06,"Group_formation,_and_dynamics_for_financial_inclusion",Gmm62,Male,Male Youth,No disability,Kano,Garum_Mallam
21cba048-9be6-400d-9f2e-14b5d040b9ec,2024-03-06,"Group_formation,_and_dynamics_for_financial_inclusion",Gmm63,Male,Male Youth,No disability,Kano,Garum_Mallam
c77c6ed5-8aa8-440c-9473-f7e8e9ae5d6f,2024-03-06,"Group_formation,_and_dynamics_for_financial_inclusion",Gmm64,Male,Male Youth,No disability,Kano,Garum_Mallam
1810792a-741d-4515-a9ce-420b944a0e63,2024-03-06,"Group_formation,_and_dynamics_for_financial_inclusion",Gmm65,Male,Male Youth,No disability,Kano,Garum_Mallam
1046dff3-2335-4c94-af70-7d3e2423400e,2024-03-06,"Group_formation,_and_dynamics_for_financial_inclusion",Gmm66,Male,Male Youth,No disability,Kano,Garum_Mallam
ec0f6f8c-588a-4df2-bbf2-06d71ab45458,2024-03-06,"Group_formation,_and_dynamics_for_financial_inclusion",Gmm67,Male,Male Youth,No disability,Kano,Garum_Mallam
b8063b2c-f182-4045-b21a-41f22b393731,2024-03-06,"Group_formation,_and_dynamics_for_financial_inclusion",Gmm68,Male,Male Youth,No disability,Kano,Garum_Mallam
8e22facc-4b53-4ede-8272-96ba046d8aaa,2024-03-06,"Group_formation,_and_dynamics_for_financial_inclusion",Gmm70,Male,Male Youth,No disability,Kano,Garum_Mallam
ca370c9f-9408-4d4e-b330-c5611c02537c,2024-03-06,"Group_formation,_and_dynamics_for_financial_inclusion",Kir01,Female,Female Youth,No disability,Kano,Garum_Mallam
79c8f830-ee11-4afc-8da1-f7999edb72f3,2024-03-06,"Group_formation,_and_dynamics_for_financial_inclusion",Kir02,Female,Female Youth,No disability,Kano,Garum_Mallam
f7236b17-776d-43aa-86f2-d453c94cb956,2024-03-06,"Group_formation,_and_dynamics_for_financial_inclusion",Kir03,Female,Female Youth,No disability,Kano,Kiru
3d7f5ae3-6533-4de3-8f85-eacd0555d4f3,2024-03-06,"Group_formation,_and_dynamics_for_financial_inclusion",Kir04,Female,Female Youth,No disability,Kano,Kiru
24d8d87c-af58-4f57-aae4-086fcb7e635d,2024-03-06,"Group_formation,_and_dynamics_for_financial_inclusion",Kir05,Female,Female Youth,No disability,Kano,Kiru
f18e28e9-bc9a-42a3-84d2-d0bcd1c89b18,2024-05-06,"Group_formation,_and_dynamics_for_financial_inclusion",Kir06,Male,Male Youth,No disability,Kano,Kiru
936d1d88-1ca7-4221-be15-3f266b3ead40,2024-03-06,"Group_formation,_and_dynamics_for_financial_inclusion",Kir07,Male,Male Youth,No disability,Kano,Garum_Mallam
93f1b3a8-d07b-4921-bf40-b07aa5c6bb72,2024-03-06,"Group_formation,_and_dynamics_for_financial_inclusion",Kir08,Male,Male Youth,No disability,Kano,Garum_Mallam
29442fc9-0623-42f9-ad4d-1722b0b0a5c0,2024-03-06,"Group_formation,_and_dynamics_for_financial_inclusion",Kir09,Male,Male Youth,No disability,Kano,Garum_Mallam
f85a31a2-f610-406e-bf1f-1938dab5f5dd,2024-03-06,"Group_formation,_and_dynamics_for_financial_inclusion",Kir10,Male,Male Youth,No disability,Kano,Kiru
37385100-a2fc-46ba-9968-b582aad5e1c9,2024-03-06,"Group_formation,_and_dynamics_for_financial_inclusion",Kir11,Female,Female Youth,No disability,Kano,Kiru
3f671f07-1e6e-4964-9529-4072895a2f86,2024-03-06,"Group_formation,_and_dynamics_for_financial_inclusion",Kir12,Female,Female Youth,No disability,Kano,Kiru
7d58e75a-9172-4f86-b650-e984c8d3d37a,2024-03-06,"Group_formation,_and_dynamics_for_financial_inclusion",Kir13,Female,Female Youth,No disability,Kano,Kiru
3a489862-9383-4154-9aef-222c7beed9d6,2024-03-06,"Group_formation,_and_dynamics_for_financial_inclusion",Kir14,Male,Male Youth,No disability,Kano,Kiru
c8a421fd-3f42-4fb1-bffb-001b8f58aabf,2024-03-06,"Group_formation,_and_dynamics_for_financial_inclusion",Kir15,Male,Male Youth,No disability,Kano,Kiru
090f3201-c3e4-4bf7-8acf-1ad4cee55e23,2024-03-06,"Group_formation,_and_dynamics_for_financial_inclusion",Kir16,Male,Male Youth,No disability,Kano,Kiru
68c0bc59-0171-4660-8d6f-59104de81d5a,2024-03-06,"Group_formation,_and_dynamics_for_financial_inclusion",Kir17,Male,Male Youth,No disability,Kano,Kiru
fb969251-8a10-44cc-bab7-2527b7fd38ca,2024-03-06,"Group_formation,_and_dynamics_for_financial_inclusion",Kir18,Male,Male Youth,No disability,Kano,Kiru
fd897443-a9a0-4311-9d05-a7d92845e2c7,2024-03-06,"Group_formation,_and_dynamics_for_financial_inclusion",Kir19,Male,Male Youth,No disability,Kano,Kiru
c84580ff-2da0-484c-a8ab-0e999b0201b7,2024-03-06,"Group_formation,_and_dynamics_for_financial_inclusion",Kir20,Male,Male Youth,No disability,Kano,Kiru
88f08fb0-96f4-4f19-a7db-e20a71367cc2,2024-03-06,"Group_formation,_and_dynamics_for_financial_inclusion",Kir21,Female,Female Youth,No disability,Kano,Kiru
97c54ee8-6670-4d3a-b5da-62e7327d1d86,2024-03-06,"Group_formation,_and_dynamics_for_financial_inclusion",Kur01,Female,Female Youth,No disability,Kano,Kura
b40eb34b-f19c-4aeb-8b43-721008611760,2024-03-06,"Group_formation,_and_dynamics_for_financial_inclusion",Kur02,Female,Female Youth,No disability,Kano,Kura
ce37ef8f-69ac-4e61-8994-dce97116e16d,2024-03-06,"Group_formation,_and_dynamics_for_financial_inclusion",Kur03,Female,Female Youth,No disability,Kano,Kura
15179bec-f309-488d-b2b4-eac54be9f419,2024-03-06,"Group_formation,_and_dynamics_for_financial_inclusion",Kur04,Female,Female Youth,No disability,Kano,Kura
8c7a119d-b7ce-4796-b9e3-71785a610dd9,2024-03-06,"Group_formation,_and_dynamics_for_financial_inclusion",Kur05,Female,Female Youth,No disability,Kano,Kura
8d7a2898-80dc-4020-b399-a46536b4592b,2024-03-06,"Group_formation,_and_dynamics_for_financial_inclusion",Kur06,Female,Female Youth,No disability,Kano,Kura
1103de14-895e-48cf-a442-c6f7d93f72b1,2024-03-06,"Group_formation,_and_dynamics_for_financial_inclusion",Kur07,Female,Female Youth,No disability,Kano,Kura
66824e4a-aa6c-4b7d-9834-d5560d2d85e7,2024-03-06,"Group_formation,_and_dynamics_for_financial_inclusion",Kur09,Male,Male Youth,No disability,Kano,Kura
5d9110ed-fd80-4e9c-9b7c-fb9a5c040385,2024-03-06,"Group_formation,_and_dynamics_for_financial_inclusion",Kur11,Male,Male Youth,No disability,Kano,Kura
1f239804-ca48-4e1e-8db2-c1d785840855,2024-03-06,"Group_formation,_and_dynamics_for_financial_inclusion",Kur12,Male,Male Youth,No disability,Kano,Kura
4c232e4e-4610-4c14-a87e-eab2e895b1cc,2024-03-06,"Group_formation,_and_dynamics_for_financial_inclusion",Kur13,Male,Male Youth,No disability,Kano,Kura
7e2591f1-2291-4b3e-825d-b6bf9fbd2768,2024-03-06,"Group_formation,_and_dynamics_for_financial_inclusion",Kur14,Male,Male Youth,No disability,Kano,Kura
7c749b52-bf06-4a49-83d1-d697a1029809,2024-03-06,"Group_formation,_and_dynamics_for_financial_inclusion",Ran01,Female,Female Youth,No disability,Kano,Kura
dd1fb7fd-cc4d-4a42-8090-f003df30a193,2024-03-06,"Group_formation,_and_dynamics_for_financial_inclusion",Ran02,Female,Female Youth,No disability,Kano,Rano
0ee5e2ad-81a8-492a-a516-81b467f41be6,2024-03-06,"Group_formation,_and_dynamics_for_financial_inclusion",Ran03,Female,Female Youth,No disability,Kano,Rano
0bada7a2-b953-4637-bec5-7273899d25cc,2024-03-06,"Group_formation,_and_dynamics_for_financial_inclusion",Ran04,Female,Female Youth,No disability,Kano,Rano
560e58a6-feef-4234-b449-6bb596b8017e,2024-03-06,"Group_formation,_and_dynamics_for_financial_inclusion",Ran05,Female,Female Youth,No disability,Kano,Rano
ca37318b-e5f9-44d8-b957-9c8f134e687a,2024-03-06,"Group_formation,_and_dynamics_for_financial_inclusion",Ran06,Female,Female Youth,No disability,Kano,Rano
ee4fb1ac-f7ee-4d63-91b7-acafdd31ede0,2024-03-06,"Group_formation,_and_dynamics_for_financial_inclusion",Ran07,Female,Female Youth,No disability,Kano,Rano
936241c5-293e-41ae-b40e-7d170c5e1677,2024-03-06,"Group_formation,_and_dynamics_for_financial_inclusion",Ran08,Female,Female Youth,No disability,Kano,Rano
0d368b64-d4e2-473f-b598-f8cd8f42ad2b,2024-03-06,"Group_formation,_and_dynamics_for_financial_inclusion",Ran09,Male,Male Youth,No disability,Kano,Rano
1bdf1f6d-2848-4f04-a003-82233c855a5b,2024-03-06,"Group_formation,_and_dynamics_for_financial_inclusion",Ran10,Male,Male Youth,No disability,Kano,Rano
b7e4554b-d525-460b-b282-96c92ef350fc,2024-03-06,"Group_formation,_and_dynamics_for_financial_inclusion",Ran11,Male,Male Youth,No disability,Kano,Rano
abe7d475-b857-4d26-b98c-41023ef1a00e,2024-03-06,"Group_formation,_and_dynamics_for_financial_inclusion",Ran12,Male,Male Youth,No disability,Kano,Rano
ec19164a-17a2-4b7e-abc7-45d1edbb2abf,2024-03-06,"Group_formation,_and_dynamics_for_financial_inclusion",Ran13,Male,Male Youth,No disability,Kano,Rano
054e0744-47b3-439e-849e-be13c86d27f7,2024-03-06,"Group_formation,_and_dynamics_for_financial_inclusion",Ran14,Male,Male Youth,No disability,Kano,Rano
4d1f8adf-9853-414f-b993-6d92506913de,2024-03-06,"Group_formation,_and_dynamics_for_financial_inclusion",Rig02,Female,Female Youth,No disability,Kano,Rimi_Gado
a5e38e0a-be43-4e46-8444-2235e7526417,2024-03-06,"Group_formation,_and_dynamics_for_financial_inclusion",Rig03,Female,Female Youth,No disability,Kano,Rimi_Gado
9e54fcb1-7486-4b4b-8538-5f1ba47456ee,2024-03-06,"Group_formation,_and_dynamics_for_financial_inclusion",Rig04,Female,Female Youth,No disability,Kano,Rimi_Gado
81554d51-0309-48ef-9b44-c6498a8cd135,2024-03-06,"Group_formation,_and_dynamics_for_financial_inclusion",Rig05,Female,Female Youth,No disability,Kano,Rimi_Gado
211d1868-396d-4f53-8c97-308e1ebabcc2,2024-03-06,"Group_formation,_and_dynamics_for_financial_inclusion",Rig06,Female,Female Youth,No disability,Kano,Rimi_Gado
fad6c37d-32fc-4ff6-bf6b-07f5054f7980,2024-03-06,"Group_formation,_and_dynamics_for_financial_inclusion",Rig07,Female,Female Youth,No disability,Kano,Rimi_Gado
52e3fc4a-bebd-4343-ac05-0e4c68ae57f9,2024-03-06,"Group_formation,_and_dynamics_for_financial_inclusion",Rig08,Male,Male Youth,No disability,Kano,Rimi_Gado
232da952-9019-47ea-b79d-32032b314297,2024-03-06,"Group_formation,_and_dynamics_for_financial_inclusion",Rig09,Male,Male Youth,No disability,Kano,Rimi_Gado
bce45def-be31-4f05-bffd-45b81435d8f2,2024-03-06,"Group_formation,_and_dynamics_for_financial_inclusion",Rig10,Male,Male Youth,No disability,Kano,Rimi_Gado
501b03df-bfdb-4371-b4dc-bfc1f8fef6c1,2024-03-06,"Group_formation,_and_dynamics_for_financial_inclusion",Rig12,Male,Male Youth,No disability,Kano,Rimi_Gado
e14d3fa6-b648-4846-bccc-4bd56ead0c2b,2024-03-06,"Group_formation,_and_dynamics_for_financial_inclusion",Rig13,Male,Male Youth,No disability,Kano,Rogo
45250784-802b-4f06-926f-b8ca768a1b79,2024-03-06,"Group_formation,_and_dynamics_for_financial_inclusion",Rig14,Male,Male Youth,No disability,Kano,Rimi_Gado
8b3c47e9-2dcd-4168-bf14-99e4f11f3732,2024-03-06,"Group_formation,_and_dynamics_for_financial_inclusion",Rig15,Male,Male Youth,No disability,Kano,Rimi_Gado
21443645-d40b-4c80-8144-11e1a9bc69db,2024-03-06,"Group_formation,_and_dynamics_for_financial_inclusion",Rig16,Male,Male Youth,No disability,Kano,Rimi_Gado
e14bbbba-9d00-4ca3-825a-9c79c9f57f92,2024-03-06,"Group_formation,_and_dynamics_for_financial_inclusion",Rig17,Male,Male Youth,No disability,Kano,Rimi_Gado
66d374d6-d4c7-4490-a461-80f056dd1040,2024-03-06,"Group_formation,_and_dynamics_for_financial_inclusion",Tof68,Female,Female Youth,No disability,Kano,Tofa
e357f2a0-87f2-43cd-a154-4874f273a7bd,2024-03-06,"Group_formation,_and_dynamics_for_financial_inclusion",Tof69,Male,Male Youth,No disability,Kano,Tofa
7e4c0d11-f242-4b8b-8154-d731b8c4bf19,2024-03-06,"Group_formation,_and_dynamics_for_financial_inclusion",Tof70,Female,Female Youth,No disability,Kano,Tofa
d44c6596-d759-4492-b8e6-44c404454da4,2024-03-06,"Group_formation,_and_dynamics_for_financial_inclusion",Tof71,Male,Male Youth,No disability,Kano,Tofa
ab91bb80-c373-4904-99f3-302b13373ac8,2024-03-06,"Group_formation,_and_dynamics_for_financial_inclusion",Tof72,Male,Male Youth,No disability,Kano,Tofa
d15290b1-fb86-49e1-8a8e-58bb477dcd14,2024-03-06,"Group_formation,_and_dynamics_for_financial_inclusion",Tun01,Female,Female Youth,No disability,Kano,Tudun_Wada
ae1fc73e-3e26-4c7a-a707-40c89d1d334a,2024-03-06,"Group_formation,_and_dynamics_for_financial_inclusion",Tun02,Female,Female Youth,No disability,Kano,Tudun_Wada
0957f600-54dd-49d3-a370-d9ac9ae52beb,2024-03-06,"Group_formation,_and_dynamics_for_financial_inclusion",Tun03,Female,Female Youth,No disability,Kano,Tudun_Wada
481e57b4-0b94-45ef-a195-0b596ec97998,2024-03-04,"Group_formation,_and_dynamics_for_financial_inclusion",Tun04,Female,Female Youth,No disability,Kano,Tudun_Wada
e565d9d1-bb94-4d43-9897-4cc1aeb645f2,2024-03-06,"Group_formation,_and_dynamics_for_financial_inclusion",Tun05,Female,Female Youth,No disability,Kano,Tudun_Wada
68d8cc18-049e-4db4-a72a-259523b849ff,2024-03-06,"Group_formation,_and_dynamics_for_financial_inclusion",Tun06,Female,Female Youth,No disability,Kano,Tudun_Wada
ee1c71b4-fa54-4b1b-9386-910e8c37bcc2,2024-03-06,"Group_formation,_and_dynamics_for_financial_inclusion",Tun07,Female,Female Youth,No disability,Kano,Tudun_Wada
fbd282d1-72e6-4f17-aba6-3087d65c4759,2024-03-06,"Group_formation,_and_dynamics_for_financial_inclusion",Tun08,Female,Female Youth,No disability,Kano,Tudun_Wada
9ef23cad-36f6-43f8-bc96-05992ce8df96,2024-03-06,"Group_formation,_and_dynamics_for_financial_inclusion",Tun09,Female,Female Youth,No disability,Kano,Tudun_Wada
1fef9372-08e5-4eb7-9031-b8d2e284400a,2024-03-06,"Group_formation,_and_dynamics_for_financial_inclusion",Tun10,Female,Female Youth,No disability,Kano,Tudun_Wada
b52c8be3-7cd2-4205-a504-838e681897de,2024-03-06,"Group_formation,_and_dynamics_for_financial_inclusion",Tun11,Female,Female Youth,No disability,Kano,Tudun_Wada
323f03c5-12fb-40be-85db-876e49ffe58e,2024-03-06,"Group_formation,_and_dynamics_for_financial_inclusion",Tun12,Female,Female Youth,No disability,Kano,Tudun_Wada
b522c0d4-1c18-42ee-8506-8a87b10a498c,2024-03-06,"Group_formation,_and_dynamics_for_financial_inclusion",Tun15,Male,Male Youth,No disability,Kano,Tudun_Wada
385daf5e-6c36-4b25-a955-44493d446ceb,2024-03-06,"Group_formation,_and_dynamics_for_financial_inclusion",Tun16,Male,Male Youth,No disability,Kano,Tudun_Wada
e2cb6152-ba6a-4f34-bc78-733bfd8d0dd2,2024-03-06,"Group_formation,_and_dynamics_for_financial_inclusion",Tun17,Male,Male Youth,No disability,Kano,Tudun_Wada
a5643db7-803c-4cbe-a01d-d7f28bb3460c,2024-03-06,"Group_formation,_and_dynamics_for_financial_inclusion",Tun18,Male,Male Youth,No disability,Kano,Tudun_Wada
fcfdf7f5-1c99-4ea8-82ad-ca0854df615c,2024-03-06,"Group_formation,_and_dynamics_for_financial_inclusion",Tun19,Male,Male Youth,No disability,Kano,Tudun_Wada
5cd690f1-4867-44ce-bbb1-46183d357993,2024-03-06,"Group_formation,_and_dynamics_for_financial_inclusion",Tun20,Male,Male Youth,No disability,Kano,Tudun_Wada
9301c23b-222b-4a02-8a38-5d52a4b3322d,2024-03-06,"Group_formation,_and_dynamics_for_financial_inclusion",Tun21,Male,Male Youth,No disability,Kano,Tudun_Wada
d8de1ac3-e538-4975-ac0a-5d748b5acd39,2024-03-06,"Group_formation,_and_dynamics_for_financial_inclusion",Tun22,Male,Male Youth,No disability,Kano,Tudun_Wada
5116ceb2-de3c-43d4-97e3-bfb245c8b0ee,2024-03-06,"Group_formation,_and_dynamics_for_financial_inclusion",Tun23,Male,Male Youth,No disability,Kano,Tudun_Wada
e17b82dc-2101-4397-94cb-e02d683cf176,2024-03-06,"Group_formation,_and_dynamics_for_financial_inclusion",Tun24,Male,Male Youth,No disability,Kano,Tudun_Wada
d85888cf-15bb-47e8-8a76-0f7741b6ff8b,2024-03-06,"Group_formation,_and_dynamics_for_financial_inclusion",Tun25,Male,Male Youth,No disability,Kano,Tudun_Wada
391be9d3-af95-4ffc-837b-825efffecb00,2024-03-06,"Group_formation,_and_dynamics_for_financial_inclusion",Tun26,Male,Male Youth,No disability,Kano,Tudun_Wada
343e676f-59f4-46b1-aa20-a451d974befb,2024-03-06,"Group_formation,_and_dynamics_for_financial_inclusion",Tun27,Male,Male Youth,No disability,Kano,Tudun_Wada
b9acf503-87ad-4a17-8971-1f07c068b38e,2024-03-06,"Group_formation,_and_dynamics_for_financial_inclusion",Tun28,Male,Male Youth,No disability,Kano,Tudun_Wada
4a160b5d-0e98-4ee3-b5ef-04927a1e52d4,2024-03-06,"Group_formation,_and_dynamics_for_financial_inclusion",Tun29,Male,Male Youth,No disability,Kano,Tudun_Wada
515643b5-4a24-4323-afc4-56ddaf2026de,2024-03-06,"Group_formation,_and_dynamics_for_financial_inclusion",Tun30,Male,Male Youth,No disability,Kano,Tudun_Wada
f0e96210-3a0b-424c-91d2-bc80d607519d,2024-03-06,"Group_formation,_and_dynamics_for_financial_inclusion",Tun31,Male,Male Youth,No disability,Kano,Tudun_Wada
66511deb-182a-4d8b-b3df-444c73ff79e0,2024-03-06,"Group_formation,_and_dynamics_for_financial_inclusion",Tun32,Male,Male Youth,No disability,Kano,Tudun_Wada
829b73f4-a177-447f-8392-3183d8624ef1,2024-03-06,"Group_formation,_and_dynamics_for_financial_inclusion",Tun33,Female,Female Youth,No disability,Kano,Tudun_Wada
062f86c0-59f7-40af-80ef-3a44a5b0f0ce,2024-03-08,"Group_formation,_and_dynamics_for_financial_inclusion",Ika11,Male,Male Youth,No disability,Kaduna,Ikara
0290c1e3-a45a-4098-a7fd-b254a64f0d3f,2024-03-08,"Group_formation,_and_dynamics_for_financial_inclusion",Ika12,Male,Male Youth,No disability,Kaduna,Ikara
6af909ee-e1f8-497b-bbd4-5b33969de8f0,2024-03-08,"Group_formation,_and_dynamics_for_financial_inclusion",Ika13,Male,Male Youth,No disability,Kaduna,Ikara
14f51828-7e7c-46bd-9223-70c8ae5f0f3a,2024-03-08,"Group_formation,_and_dynamics_for_financial_inclusion",Ika14,Male,Male Youth,No disability,Kaduna,Ikara
99959d9b-962c-49c7-bcdd-a8b3d6538aa2,2024-03-08,"Group_formation,_and_dynamics_for_financial_inclusion",Ika15,Male,Male Youth,No disability,Kaduna,Ikara
17183cd8-2372-48a7-8dac-db3685f7df29,2024-03-08,"Group_formation,_and_dynamics_for_financial_inclusion",Ika16,Male,Male Youth,No disability,Kaduna,Ikara
5187776d-caca-4e92-85fa-204bc769d012,2024-03-08,"Group_formation,_and_dynamics_for_financial_inclusion",Ika17,Male,Male Youth,No disability,Kaduna,Ikara
bc108a5f-ee57-405d-b0a4-024e392a190f,2024-02-10,Comm._Partner_Registration,Ika17,Male,Male Youth,No disability,Kaduna,Ikara
0a4842a7-c339-48db-9822-ffcd1fa13034,2024-03-08,"Group_formation,_and_dynamics_for_financial_inclusion",Ika17,Male,Male Youth,No disability,Kaduna,Ikara
c76e1c1b-ef03-4bce-a176-860f6bc183be,2024-03-08,"Group_formation,_and_dynamics_for_financial_inclusion",Ika18,Male,Male Youth,No disability,Kaduna,Ikara
9566e2ae-43bd-4df2-9a58-4238de6c6b18,2024-03-08,"Group_formation,_and_dynamics_for_financial_inclusion",Ika19,Male,Male Youth,No disability,Kaduna,Ikara
6146d9a4-1cf5-47b9-99b9-f4fbce6fcedb,2024-03-08,"Group_formation,_and_dynamics_for_financial_inclusion",Ika20,Male,Male Youth,No disability,Kaduna,Ikara
f9f6ad28-9f1e-45de-b361-74f8ab85ac2e,2024-03-08,"Group_formation,_and_dynamics_for_financial_inclusion",Ika21,Male,Male Youth,No disability,Kaduna,Ikara
9672635b-5913-4170-8173-74f597aee92a,2024-03-08,"Group_formation,_and_dynamics_for_financial_inclusion",Ika22,Male,Male Youth,No disability,Kaduna,Ikara
c18d8730-3515-4eca-9540-6d45a3bb238a,2024-01-10,Comm._Partner_Registration,Akk01,Male,Male Youth,No disability,Gombe,Akko
9a5ebd5a-63da-4bd8-9dae-cfa9c0aaa551,2024-03-08,"Group_formation,_and_dynamics_for_financial_inclusion",Ika23,Female,Female Youth,No disability,Kaduna,Ikara
4305becd-f18f-4e87-8311-267b6268ef29,2024-03-08,"Group_formation,_and_dynamics_for_financial_inclusion",Ika24,Female,Female Youth,No disability,Kaduna,Ikara
cd187b87-4710-4c54-bc5c-72930b23a8b6,2024-03-08,"Group_formation,_and_dynamics_for_financial_inclusion",Ika25,Female,Female Youth,No disability,Kaduna,Ikara
ced25460-8449-44a4-9c4f-f02ee93defdf,2024-03-08,"Group_formation,_and_dynamics_for_financial_inclusion",Ika26,Female,Female Youth,No disability,Kaduna,Ikara
7237e13a-7a38-412e-be21-876b42e9baac,2024-01-14,Comm._Partner_Registration,Ika26,Female,Female Youth,No disability,Kaduna,Ikara
bf0d6c03-a7b4-486e-bf35-38ae2f650fa9,2024-03-08,"Group_formation,_and_dynamics_for_financial_inclusion",Ika26,Female,Female Youth,No disability,Kaduna,Ikara
cb301feb-86ec-44da-bcb6-e1adb358ecae,2024-03-08,"Group_formation,_and_dynamics_for_financial_inclusion",Ika27,Female,Female Youth,No disability,Kaduna,Ikara
dcd80084-38c1-4cba-a519-0788d9b447db,2024-03-08,"Group_formation,_and_dynamics_for_financial_inclusion",Ika28,Female,Female Youth,No disability,Kaduna,Ikara
60f96c85-b5c3-4cc3-a719-ed9616c3dff2,2024-03-08,"Group_formation,_and_dynamics_for_financial_inclusion",Ika29,Female,Female Youth,No disability,Kaduna,Ikara
9c20e306-185d-4593-9641-a7d280d196b8,2024-03-08,"Group_formation,_and_dynamics_for_financial_inclusion",Ika30,Female,Female Youth,No disability,Kaduna,Ikara
8ba20f9a-2a50-4113-aff6-026d146deb9e,2024-03-08,"Group_formation,_and_dynamics_for_financial_inclusion",Ika31,Male,Male Youth,No disability,Kaduna,Ikara
7d0d8436-6000-4949-9e37-05244680203b,2024-03-08,"Group_formation,_and_dynamics_for_financial_inclusion",Ika32,Male,Male Youth,No disability,Kaduna,Ikara
4a5b5663-950c-456c-bbf4-f9c37e5863fb,2024-03-08,"Group_formation,_and_dynamics_for_financial_inclusion",Ika34,Female,Female Youth,No disability,Kaduna,Ikara
6f8d92ae-6ae2-487d-92eb-4ade90f4f7cf,2024-03-08,"Group_formation,_and_dynamics_for_financial_inclusion",Ika35,Male,Male Youth,No disability,Kaduna,Ikara
8a4a494c-35a7-4dc4-aeaa-cfd1405ff3a6,2024-02-10,Comm._Partner_Registration,Ika35,Male,Male Youth,No disability,Kaduna,Ikara
3b71eb01-a4f5-4704-b577-4643dacd8321,2024-03-08,"Group_formation,_and_dynamics_for_financial_inclusion",Ika36,Male,Male Youth,No disability,Kaduna,Ikara
fb6480ab-3dc6-44a9-8492-29fdb8dbc1a0,2024-03-11,GAP_&_crop_management,Bag01,Female,Female Youth,No disability,Kano,Bagwai
5586107c-4dc9-4855-8455-fc6f5abf0673,2024-03-11,GAP_&_crop_management,Bag02,Female,Female Youth,No disability,Kano,Bagwai
9a923ac6-553d-475a-b7a6-864b81d112fe,2024-03-11,GAP_&_crop_management,Bag03,Male,Male Youth,No disability,Kano,Bagwai
ace01c8d-3253-4a1d-a633-f6d40e6b65e3,2024-03-11,GAP_&_crop_management,Bag04,Male,Male Youth,No disability,Kano,Bagwai
9602bd3a-f9e6-4e85-8feb-ab866f156a9f,2024-03-11,GAP_&_crop_management,Bag05,Male,Male Youth,No disability,Kano,Bagwai
1fc58e23-cbf3-4768-b8be-ecdde08b9648,2024-03-11,GAP_&_crop_management,Bag06,Male,Male Youth,No disability,Kano,Bagwai
1b76bbf7-43da-4db5-b6cc-e961d3d7840a,2024-03-11,GAP_&_crop_management,Bag07,Male,Male Youth,No disability,Kano,Bagwai
82717b7e-c4c7-4667-a9f0-09c474b1de57,2024-03-11,GAP_&_crop_management,Bag08,Male,Male Youth,No disability,Kano,Bagwai
d745357f-db6b-469f-bde5-765a7642a873,2024-03-11,GAP_&_crop_management,Bun02,Male,Male Youth,No disability,Kano,Bunkure
ecfab1b4-2958-4875-bb55-c5d8523d45f7,2024-03-11,GAP_&_crop_management,Bun03,Male,Male Youth,No disability,Kano,Bunkure
830d57d9-3bb2-44cf-b063-2261a4437639,2024-03-11,GAP_&_crop_management,Bun04,Male,Male Youth,No disability,Kano,Bunkure
6cb80519-d585-4bfd-b352-2e729064631d,2024-03-13,GAP_&_crop_management,Chk14,Female,Female Youth,No disability,Kaduna,Chikun
8fd4acc7-9b67-4437-87d6-d99406377641,2024-03-13,GAP_&_crop_management,Chk15,Male,Male Youth,No disability,Kaduna,Chikun
15b0073c-9cef-4ae0-934d-03868cb6b37d,2024-03-13,GAP_&_crop_management,Chk16,Female,Female Youth,No disability,Kaduna,Chikun
4b28bd22-9cc3-4e17-8f61-3585b22088fe,2024-03-13,GAP_&_crop_management,Chk17,Female,Female Youth,No disability,Kaduna,Chikun
7c849cbc-bba5-4150-8166-d2c990633e2b,2024-03-13,GAP_&_crop_management,Chk18,Female,Female Youth,No disability,Kaduna,Chikun
91458044-a46a-4994-824a-2cbd67ae575f,2024-03-13,GAP_&_crop_management,Chk19,Female,Female Youth,No disability,Kaduna,Chikun
4a613da1-7046-4806-a26d-539737e53ab6,2024-03-13,GAP_&_crop_management,Chk20,Female,Female Youth,No disability,Kaduna,Chikun
0fd6f881-0ed5-4999-9b23-c1eb7c108131,2024-03-13,GAP_&_crop_management,Jab22,Female,Female Youth,No disability,Kaduna,Jaba
3a603386-7d47-433c-9af5-6e25fbee24fe,2024-03-13,GAP_&_crop_management,Jab23,Male,Male Youth,No disability,Kaduna,Jaba
8e70ebb2-2fab-48ba-b958-f3c17bbc4704,2024-03-13,GAP_&_crop_management,Jab24,Female,Female Youth,No disability,Kaduna,Jaba
3c57b666-834f-4a41-b6f9-1896d33535db,2024-03-13,GAP_&_crop_management,Jab25,Female,Female Youth,No disability,Kaduna,Jaba
d569c36c-a570-4255-9ff6-25c34c9d8ff7,2024-03-13,GAP_&_crop_management,Jab26,Female,Female Youth,No disability,Kaduna,Jaba
37e1765a-68ab-477c-ad59-6e13d6c48d0d,2024-03-13,GAP_&_crop_management,Jab27,Male,Male Youth,No disability,Kaduna,Jaba
bb85e17e-ebbc-4c75-a7e1-7c8ad44ff113,2024-03-13,GAP_&_crop_management,Jab28,Female,Female Youth,No disability,Kaduna,Jaba
1aeef22f-9aab-469c-8275-954dbfac7313,2024-03-13,GAP_&_crop_management,Jab29,Male,Male Youth,No disability,Kaduna,Jaba
65518997-9570-4541-9e2b-aa44dd19fd25,2024-03-13,GAP_&_crop_management,Jab30,Male,Male Youth,No disability,Kaduna,Jaba
05743da2-3625-429e-8741-2f6ba7ac07a0,2024-03-13,GAP_&_crop_management,Jab31,Male,Male Youth,No disability,Kaduna,Jaba
e0bbf768-4322-4f45-9891-c582d3e60a85,2024-03-13,GAP_&_crop_management,Jab32,Male,Male Youth,No disability,Kaduna,Jaba
7e947f2d-4b4f-4f9a-96e2-56d3ed70bfea,2024-03-13,GAP_&_crop_management,Jam12,Female,Female Youth,No disability,Kaduna,Jema’a
4024de93-399d-4db2-bb98-c6b1d1dc0f7e,2024-03-13,GAP_&_crop_management,Jam13,Male,Male Youth,No disability,Kaduna,Jema’a
a95fe69d-5aaa-43f7-a503-ddde46201179,2024-03-13,GAP_&_crop_management,Jam14,Female,Female Youth,No disability,Kaduna,Jema’a
a485a8c8-86f1-43d4-b6c1-2aafb33b2b52,2024-03-13,GAP_&_crop_management,Jam15,Female,Female Youth,No disability,Kaduna,Jema’a
8dc76746-29f1-43f9-b79f-e78f87a3a2c0,2024-03-13,GAP_&_crop_management,Jam16,Female,Female Youth,No disability,Kaduna,Jema’a
f1e7da87-c4b2-4d95-92ed-90ce7c66c378,2024-03-13,GAP_&_crop_management,Jam17,Male,Male Youth,No disability,Kaduna,Jema’a
bc4c957f-ddef-4f77-83a0-449b9000311a,2024-03-13,GAP_&_crop_management,Jam18,Male,Male Youth,No disability,Kaduna,Jema’a
170f710a-93da-4167-bbe1-2426889c67d6,2024-03-13,GAP_&_crop_management,Jam19,Female,Female Youth,No disability,Kaduna,Jema’a
6202c3cc-f6b8-4f32-b5f6-9e4f2b4c6237,2024-03-13,GAP_&_crop_management,Jam20,Male,Male Youth,No disability,Kaduna,Jema’a
b3915bc1-f928-4c28-8595-8357d7998ac5,2024-03-13,GAP_&_crop_management,Jam21,Male,Male Youth,No disability,Kaduna,Jema’a
126c6bf5-6b52-47ab-a37f-3993ac3d961f,2024-03-13,GAP_&_crop_management,Jam22,Male,Male Youth,No disability,Kaduna,Jema’a
cbf69d7b-5396-47b3-8b00-f5ebdab77b1b,2024-03-13,GAP_&_crop_management,Kac01,Female,Female Youth,No disability,Kaduna,Kachia
616fc701-f053-4516-9929-e115d474f1e0,2024-03-13,GAP_&_crop_management,Kac02,Female,Female Youth,No disability,Kaduna,Kachia
7f63f862-7a04-4ce7-8c4b-16814dbc72a8,2024-03-13,GAP_&_crop_management,Kac03,Female,Female Youth,No disability,Kaduna,Kachia
caf7600a-9308-402d-af43-00240c8fe43f,2024-03-13,GAP_&_crop_management,Kac04,Female,Female Youth,No disability,Kaduna,Kachia
d3f87690-ed2f-4024-9f91-12d527b94b39,2024-03-13,GAP_&_crop_management,Kac05,Female,Female Youth,No disability,Kaduna,Kachia
ca92b7f8-f8e2-47bb-a591-4db42f280947,2024-03-13,GAP_&_crop_management,Kac06,Male,Male Youth,No disability,Kaduna,Kachia
d2c56d0b-610c-49cd-9c6b-e7d82b4955aa,2024-03-13,GAP_&_crop_management,Kac07,Male,Male Youth,No disability,Kaduna,Kachia
865c4adf-ef55-4f26-a2ab-08cd091ef761,2024-03-13,GAP_&_crop_management,Kac08,Male,Male Youth,No disability,Kaduna,Kachia
96369d52-e564-4540-a2aa-f7bbcf434654,2024-03-13,GAP_&_crop_management,Kac09,Male,Male Youth,No disability,Kaduna,Kachia
9ebc2c4e-0b37-429e-857f-2b5573086ab7,2024-03-13,GAP_&_crop_management,Kac10,Male,Male Youth,No disability,Kaduna,Kachia
53dc0351-2078-4f39-9046-dec1b9b5482c,2024-03-13,GAP_&_crop_management,Kac11,Male,Male Youth,No disability,Kaduna,Kachia
732be304-81b1-4241-8d6d-f198a1e6fe50,2024-03-13,GAP_&_crop_management,Kac12,Female,Female Youth,No disability,Kaduna,Kachia
588d0389-5001-47f0-b8e4-f56413fcd57f,2024-03-13,GAP_&_crop_management,Kac13,Male,Male Youth,No disability,Kaduna,Kachia
739d94a4-917c-4ca5-8550-c542524da0d5,2024-03-13,GAP_&_crop_management,Kag01,Male,Male Youth,No disability,Kaduna,Kachia
78470c58-481e-4af8-a0db-4c7a24956c22,2024-03-13,GAP_&_crop_management,Kag02,Female,Female Youth,No disability,Kaduna,Kachia
7664f679-93a7-4950-a767-944e4db2fa12,2024-03-13,GAP_&_crop_management,Kag03,Male,Male Youth,No disability,Kaduna,Kachia
ee972a8e-deaf-4cb5-a084-07e3acc275f8,2024-03-13,GAP_&_crop_management,Kag04,Female,Female Youth,No disability,Kaduna,Kachia
2549f6c5-c3b1-45bd-8aac-aa9acc9d4e43,2024-03-13,GAP_&_crop_management,Kag05,Male,Male Youth,No disability,Kaduna,Kachia
3b4d9356-a163-44b1-a40e-46187df6a64a,2024-03-13,GAP_&_crop_management,Kag06,Male,Male Youth,No disability,Kaduna,Kachia
f6408204-486a-4470-ab18-69bf5411b42c,2024-03-13,GAP_&_crop_management,Kag07,Female,Female Youth,No disability,Kaduna,Kachia
48372444-4f7b-49e1-8de3-a049947148ad,2024-03-13,GAP_&_crop_management,Kag08,Female,Female Youth,No disability,Kaduna,Kachia
e07ce126-424e-4fe0-8908-ffe16a0f6c56,2024-03-13,GAP_&_crop_management,Alk01,Male,Male Youth,No disability,Bauchi,Alkaleri
1b8b912f-d850-4793-a6db-32ce1c4db162,2024-03-13,GAP_&_crop_management,Alk02,Male,Male Youth,No disability,Bauchi,Alkaleri
8651bf6e-99c8-41a1-8c7c-bce405cce14d,2024-03-13,GAP_&_crop_management,Alk03,Female,Female Youth,No disability,Bauchi,Alkaleri
35619201-ca0a-4d57-a379-445cfd938537,2024-03-13,GAP_&_crop_management,Bau09,Female,Female Youth,No disability,Bauchi,Bauchi
f729f38a-b111-4654-85d3-d0089917ec68,2024-03-13,GAP_&_crop_management,Bau10,Male,Male Youth,No disability,Bauchi,Bauchi
fe118004-5a27-4098-a444-fe9829fd313d,2024-03-13,GAP_&_crop_management,Bau11,Female,Female Youth,No disability,Bauchi,Bauchi
a82a6ac8-9bf0-48c7-9f81-7aeb9a3423b8,2024-03-13,GAP_&_crop_management,Bau12,Male,Male Youth,No disability,Bauchi,Bauchi
cb06f77d-24a4-4ac6-b36f-a4799e50f88d,2024-03-13,GAP_&_crop_management,Bau13,Male,Male Youth,No disability,Bauchi,Bauchi
7a259bfa-17a5-475c-b865-c1a30e85c87a,2024-03-13,GAP_&_crop_management,Bau14,Female,Female Youth,No disability,Bauchi,Bauchi
13f01a00-e752-496c-83e0-12607176213b,2024-03-13,GAP_&_crop_management,Bau15,Male,Male Youth,No disability,Bauchi,Bauchi
02e8f12c-3b54-47e5-b8eb-d7928fdf9d24,2024-03-13,GAP_&_crop_management,Bau16,Male,Male Youth,No disability,Bauchi,Bauchi
3e0d8a37-e472-4d9c-9144-fceb16e85446,2024-03-13,GAP_&_crop_management,Das07,Male,Male Youth,No disability,Bauchi,Dass
59eef260-e308-41ce-a7ec-92ccff8c4b62,2024-03-13,GAP_&_crop_management,Das08,Male,Male Youth,No disability,Bauchi,Dass
c06135e2-67ec-40df-a0fc-5f0b53a3fa02,2024-03-13,GAP_&_crop_management,Das09,Male,Male Youth,No disability,Bauchi,Dass
079aa442-38f2-4e80-adfd-f06ec4581ecc,2024-03-13,GAP_&_crop_management,Das10,Female,Female Youth,No disability,Bauchi,Dass
c31764bf-91ef-49f3-ab88-07afb70f3089,2024-03-13,GAP_&_crop_management,Gan08,Female,Female Youth,No disability,Bauchi,Ganjuwa
0d6a1359-a827-4b4c-92c6-c44e760db121,2024-03-13,GAP_&_crop_management,Gan09,Male,Male Youth,No disability,Bauchi,Ganjuwa
d2ec7e7a-182e-4de3-aa9d-dca7d374fc7f,2024-03-13,GAP_&_crop_management,Gan10,Male,Male Youth,No disability,Bauchi,Ganjuwa
2509e711-1159-43dd-9d55-ed650a501006,2024-03-13,GAP_&_crop_management,Gan11,Female,Female Youth,No disability,Bauchi,Ganjuwa
f53281e1-05b2-4668-bb1f-fe197907d6bf,2024-03-13,GAP_&_crop_management,Nin14,Female,Female Youth,No disability,Bauchi,Ningi
4c9bcf2d-12b5-4fc4-9a7b-288db5964653,2024-03-13,GAP_&_crop_management,Nin15,Female,Female Youth,No disability,Bauchi,Ningi
b2c7d00d-c14d-4038-87fc-725096d0959f,2024-03-13,GAP_&_crop_management,Nin16,Male,Male Youth,No disability,Bauchi,Ningi
b72c9416-2964-4fff-b481-59308a8d9c3a,2024-03-13,GAP_&_crop_management,Nin17,Male,Male Youth,No disability,Bauchi,Ningi
fcaa87c7-8b50-43e7-be50-ba5594b82719,2024-03-13,GAP_&_crop_management,Taf02,Female,Female Youth,No disability,Bauchi,Tafawa_Balewa
e6d03c44-6262-43da-960a-db13245cb050,2024-03-13,GAP_&_crop_management,Taf03,Male,Male Youth,No disability,Bauchi,Tafawa_Balewa
3c60a14a-74b2-42ff-8e70-af85beabcd33,2024-03-13,GAP_&_crop_management,Taf04,Male,Male Youth,No disability,Bauchi,Tafawa_Balewa
6fbbb5b4-e031-411c-81a6-212c598b8ca8,2024-03-13,GAP_&_crop_management,Taf05,Male,Male Youth,No disability,Bauchi,Tafawa_Balewa
74677a85-2230-4bc1-9875-c41c5a557a66,2024-03-13,GAP_&_crop_management,Tor02,Male,Male Youth,No disability,Bauchi,Toro
1b6b9da7-fb50-427b-93f1-2dbab987db15,2024-03-13,GAP_&_crop_management,Tor03,Male,Male Youth,No disability,Bauchi,Toro
15025446-13aa-4893-b03c-24349167948e,2024-03-13,GAP_&_crop_management,Tor04,Female,Female Youth,No disability,Bauchi,Toro
5c819c17-73bc-4182-8eb9-204974b19925,2024-03-13,GAP_&_crop_management,War03,Male,Male Youth,No disability,Bauchi,Warji
8e40cc63-9e89-437e-9e9f-03e2b7d4810d,2024-03-13,GAP_&_crop_management,War04,Male,Male Youth,No disability,Bauchi,Warji
bfb934a6-b890-4b26-9171-871ffc30f94f,2024-03-13,GAP_&_crop_management,War05,Female,Female Youth,No disability,Bauchi,Warji
24a8698e-d8b5-4fe8-9e39-d35b47af2f12,2024-03-13,GAP_&_crop_management,Kag09,Male,Male Youth,No disability,Kaduna,Kachia
8daa152c-e53f-4a64-a63d-d822c24ae8a2,2024-03-13,GAP_&_crop_management,Kag10,Male,Male Youth,No disability,Kaduna,Kachia
c9ad37fd-d332-42b2-8e66-2a756aa8cc1e,2024-03-13,GAP_&_crop_management,Kag11,Male,Male Youth,No disability,Kaduna,Kachia
8623a29f-efbc-42fb-8b9f-cd56ca92269e,2024-03-13,GAP_&_crop_management,Kag12,Male,Male Youth,No disability,Kaduna,Kachia
b9af98a9-2e1d-4be4-af66-58532e409d2f,2024-03-13,GAP_&_crop_management,Kau08,Male,Male Youth,No disability,Kaduna,Kachia
a36d14fb-9b51-4b47-a740-7c73bb900c85,2024-03-13,GAP_&_crop_management,Kau09,Male,Male Youth,No disability,Kaduna,Kachia
341a4c06-f0ae-4149-b0be-c8d8658812fe,2024-03-13,GAP_&_crop_management,Kau10,Male,Male Youth,No disability,Kaduna,Kachia
e286824e-be89-49aa-bd72-0b54d2f92e0e,2024-03-13,GAP_&_crop_management,Kau11,Female,Female Youth,No disability,Kaduna,Kachia
bba9652b-2ffe-4a18-a3e1-d092291fce24,2024-03-13,GAP_&_crop_management,Kau12,Female,Female Youth,No disability,Kaduna,Kachia
6aae40b7-c2ad-49cd-816f-c5294c45a4ca,2024-03-13,GAP_&_crop_management,Kau13,Female,Female Youth,No disability,Kaduna,Kachia
ec0123fb-c68b-4495-a3a2-de560a8f24db,2024-03-13,GAP_&_crop_management,Kau14,Male,Male Youth,No disability,Kaduna,Kachia
60f00cae-e778-462c-8b22-0def192c593c,2024-03-13,GAP_&_crop_management,Kau15,Female,Female Youth,No disability,Kaduna,Kachia
239e8259-03f0-4440-9f71-b4867789926a,2024-03-13,GAP_&_crop_management,Kau16,Male,Male Youth,No disability,Kaduna,Kachia
8f9426ed-280a-4ead-ba95-581b3e1d9def,2024-03-13,GAP_&_crop_management,Kds12,Male,Male Youth,No disability,Kaduna,Kaduna_South
345f19a4-36d0-40c7-97e9-58216be48152,2024-03-13,GAP_&_crop_management,Kds13,Male,Male Youth,No disability,Kaduna,Kaduna_South
4622babe-121f-4aeb-8cb3-1ab3488bd08e,2024-03-13,GAP_&_crop_management,Zan21,Male,Male Youth,No disability,Kaduna,Zangon_Kataf
6195878e-7431-446b-aaf0-b16e5181963b,2024-03-13,GAP_&_crop_management,Zan22,Female,Female Youth,No disability,Kaduna,Zangon_Kataf
c3a46767-a651-4db3-ad2a-41a2ee264eb4,2024-03-13,GAP_&_crop_management,Zan23,Female,Female Youth,No disability,Kaduna,Zangon_Kataf
eae3c882-7a4f-46fe-9c59-8f8b04db8d5e,2024-03-13,GAP_&_crop_management,Zan24,Female,Female Youth,No disability,Kaduna,Zangon_Kataf
c32617bf-45a6-4640-a504-58ca15b26706,2024-03-13,GAP_&_crop_management,Zan25,Female,Female Youth,No disability,Kaduna,Zangon_Kataf
fd606c2b-4e03-4312-816a-4140175dd8ea,2024-03-13,GAP_&_crop_management,Zan26,Female,Female Youth,No disability,Kaduna,Zangon_Kataf
9e3c2e41-d82e-4ca8-9e86-f145e9392fea,2024-03-13,GAP_&_crop_management,Zan27,Male,Male Youth,No disability,Kaduna,Zangon_Kataf
1d7bd5ad-4bc5-4cc9-ab29-7ff09cb288c8,2024-03-13,GAP_&_crop_management,Zan28,Male,Male Youth,No disability,Kaduna,Zangon_Kataf
18e0b560-f675-4b9f-91ea-a754b7b9dcb4,2024-03-13,GAP_&_crop_management,Zan29,Male,Male Youth,No disability,Kaduna,Zangon_Kataf
4e904e31-9891-4493-aec2-3eebc1aeaa19,2024-03-13,GAP_&_crop_management,Zan30,Male,Male Youth,No disability,Kaduna,Zangon_Kataf
db016f41-1dce-4b2c-a1b2-65b76a515d02,2024-03-13,GAP_&_crop_management,Zan31,Male,Male Youth,No disability,Kaduna,Zangon_Kataf
1557f439-f457-4954-93b1-f5ecb81c2c81,2024-03-13,GAP_&_crop_management,Zan32,Male,Male Youth,No disability,Kaduna,Zangon_Kataf
319b5963-04d2-452a-9b61-94153dd8cc21,2024-03-13,GAP_&_crop_management,Akk01,Male,Male Youth,No disability,Gombe,Akko
03f60fa4-0c8d-4673-8639-438b177ee87a,2024-03-13,GAP_&_crop_management,Akk02,Female,Female Youth,No disability,Gombe,Akko
e13dacb8-8bc9-4a29-8282-c4fce1780e76,2024-03-13,GAP_&_crop_management,Akk03,Male,Male Youth,No disability,Gombe,Akko
404b0d49-6888-4da7-9457-bb2f1d897a00,2024-03-13,GAP_&_crop_management,Akk04,Female,Female Youth,No disability,Gombe,Akko
0cd4b418-4cd9-4e69-a461-8c3a98470425,2024-03-13,GAP_&_crop_management,Akk05,Male,Male Youth,No disability,Gombe,Akko
2b77984a-9412-4a7f-bede-2870075e08a7,2024-03-13,GAP_&_crop_management,Bill01,Female,Female Youth,No disability,Gombe,Billiri
a907257f-1766-4c09-a482-61acee38d910,2024-03-13,GAP_&_crop_management,Bill02,Female,Female Youth,No disability,Gombe,Billiri
91711165-33ca-459a-b228-afd928125519,2024-03-13,GAP_&_crop_management,Bill03,Female,Female Youth,No disability,Gombe,Billiri
2a172f25-7403-44aa-a7f7-17236fce5674,2024-03-13,GAP_&_crop_management,Bill04,Female,Female Youth,No disability,Gombe,Billiri
545f9ffd-bcf2-41af-880c-09541b3dd0a1,2024-03-13,GAP_&_crop_management,Bill05,Female,Female Youth,No disability,Gombe,Billiri
fc078614-f192-4042-8939-5fd708ede05f,2024-03-13,GAP_&_crop_management,Bill06,Male,Male Youth,No disability,Gombe,Billiri
14245315-feac-4c58-8fcd-b65801cf91c0,2024-03-13,GAP_&_crop_management,Bill07,Male,Male Youth,No disability,Gombe,Billiri
506c02f7-e9cb-41ac-92e6-2156357ce59f,2024-03-13,GAP_&_crop_management,Bill08,Male,Male Youth,No disability,Gombe,Billiri
335ac55a-7a38-4261-a0a0-48c47d522b7c,2024-03-13,GAP_&_crop_management,Bill09,Female,Female Youth,No disability,Gombe,Billiri
72d601ee-76f3-4227-b0bf-5f609b0fe6f0,2024-03-13,GAP_&_crop_management,Kal12,Female,Female Youth,No disability,Gombe,Kaltungo
d6c9d946-49e2-4487-99ef-b46e632ccf95,2024-03-13,GAP_&_crop_management,Kal13,Male,Male Youth,No disability,Gombe,Kaltungo
4cf8f95f-4d16-4c57-8e17-d1b13740de95,2024-03-13,GAP_&_crop_management,Kal14,Female,Female Youth,No disability,Gombe,Kaltungo
9ad4d9de-0b8c-4e56-86da-14518f6245c8,2024-03-13,GAP_&_crop_management,Kal15,Female,Female Youth,No disability,Gombe,Kaltungo
e1fa3784-8051-4818-bf7c-456dadb9ad14,2024-03-13,GAP_&_crop_management,Kal16,Male,Male Youth,No disability,Gombe,Kaltungo
61320121-8ba3-422a-886e-190f1952ef46,2024-03-13,GAP_&_crop_management,Kal17,Female,Female Youth,No disability,Gombe,Kaltungo
13a4ebac-131d-42f8-ac8d-9748a12a98b7,2024-03-13,GAP_&_crop_management,Kal18,Female,Female Youth,No disability,Gombe,Kaltungo
8371b4dc-67e2-4965-90f7-ff5ec86f3458,2024-03-13,GAP_&_crop_management,Kal19,Female,Female Youth,No disability,Gombe,Kaltungo
4c3cd5f8-970a-4b63-aa0a-0f065574419b,2024-03-13,GAP_&_crop_management,Kwa29,Male,Male Youth,No disability,Gombe,Kwami
888d0e6f-be85-4ef3-9c69-04a30e725076,2024-03-13,GAP_&_crop_management,Sha01,Male,Male Youth,No disability,Gombe,Shongom
073ce342-3b32-4a49-a0d6-d0590e91610a,2024-03-13,GAP_&_crop_management,Sha02,Male,Male Youth,No disability,Gombe,Shongom
94401582-4944-4749-a532-c2de39a9748d,2024-03-13,GAP_&_crop_management,Sha03,Female,Female Youth,No disability,Gombe,Shongom
8874749e-545a-4a65-bae4-b25232a31051,2024-03-13,GAP_&_crop_management,Sha04,Female,Female Youth,No disability,Gombe,Shongom
97956881-c6ff-480a-b8a9-155625f5796a,2024-03-13,GAP_&_crop_management,Sha05,Female,Female Youth,No disability,Gombe,Shongom
2c75b0a0-3999-479b-b712-aed3bbae5d6c,2024-03-13,GAP_&_crop_management,Sha06,Male,Male Youth,No disability,Gombe,Shongom
59ff67b7-6b1a-4f67-9404-14731401fc1b,2024-03-12,GAP_&_crop_management,Jah39,Male,Male Youth,No disability,Jigawa,Jahun
e941917d-3c7c-470b-aae9-84235c17f5de,2024-03-12,GAP_&_crop_management,Jah40,Male,Male Youth,No disability,Jigawa,Jahun
b2279913-254f-4140-9aa0-eb80b983452e,2024-03-12,GAP_&_crop_management,Jah41,Male,Male Youth,No disability,Jigawa,Jahun
cded17c9-5cfa-44cb-84f0-1865e2a2a7d1,2024-03-12,GAP_&_crop_management,Jah42,Male,Male Youth,No disability,Jigawa,Jahun
33f14d1e-29d6-4367-a8eb-84db2275ffc7,2024-03-12,GAP_&_crop_management,Jah43,Male,Male Youth,No disability,Jigawa,Jahun
b910fa6f-fa70-454d-bda9-ef67eecee81f,2024-03-12,GAP_&_crop_management,Jah44,Female,Female Youth,No disability,Jigawa,Jahun
ec40d062-6698-4524-be5c-bcbd4a84aa79,2024-03-12,GAP_&_crop_management,Jah45,Male,Male Youth,No disability,Jigawa,Jahun
04a2a526-8189-4bac-b118-c157c8ea1141,2024-03-12,GAP_&_crop_management,Jah46,Female,Female Youth,No disability,Jigawa,Jahun
af032104-1792-441a-a9c4-ed50c1935eab,2024-03-12,GAP_&_crop_management,Jah47,Male,Male Youth,No disability,Jigawa,Jahun
8c49a85c-d4a9-44a3-8221-0fc134b37468,2024-03-12,GAP_&_crop_management,Jah48,Female,Female Youth,No disability,Jigawa,Jahun
c74985e5-970a-46ee-9e0b-32d9ccdea709,2024-03-12,GAP_&_crop_management,Jah49,Male,Male Youth,No disability,Jigawa,Jahun
ad63cf0e-31c2-4319-8edc-e0bd3c4ae300,2024-03-12,GAP_&_crop_management,Jah50,Male,Male Youth,No disability,Jigawa,Jahun
fae96dcf-4983-4394-b812-26076f43c7de,2024-03-12,GAP_&_crop_management,Jah51,Female,Female Youth,No disability,Jigawa,Jahun
c64d9a95-3633-455f-9eb6-fffcadc15279,2024-03-12,GAP_&_crop_management,Jah52,Female,Female Youth,No disability,Jigawa,Jahun
13384e3b-f560-4053-900d-604ab8812791,2024-03-12,GAP_&_crop_management,Jah53,Male,Male Youth,No disability,Jigawa,Jahun
5da4dd53-3d0d-4341-8e74-8a3f77b90e36,2024-03-12,GAP_&_crop_management,Jah54,Male,Male Youth,No disability,Jigawa,Jahun
90ee3dc7-5629-4f03-8ad3-260059eb5439,2024-03-12,GAP_&_crop_management,Jah55,Female,Female Youth,No disability,Jigawa,Jahun
5f7407b6-b21a-456b-b4a0-c53b71ca1f88,2024-03-12,GAP_&_crop_management,Jah56,Female,Female Youth,No disability,Jigawa,Jahun
c58e3fde-53dc-4585-8dba-6464f944020f,2024-03-12,GAP_&_crop_management,Jah57,Female,Female Youth,No disability,Jigawa,Jahun
1a3aab03-e4fd-481a-a4e0-64170f87d36f,2024-03-12,GAP_&_crop_management,Jah58,Male,Male Youth,No disability,Jigawa,Jahun
6395c720-33a2-4aa1-8baa-7bb63ab86ce6,2024-03-12,GAP_&_crop_management,Jah59,Male,Male Youth,No disability,Jigawa,Jahun
80acc270-bf4d-47d1-9d2f-72f10b436698,2024-03-12,GAP_&_crop_management,Jah60,Female,Female Youth,No disability,Jigawa,Jahun
efafc740-f577-46d4-97c4-541bcb11560c,2024-03-12,GAP_&_crop_management,Jah61,Male,Male Youth,No disability,Jigawa,Jahun
973bccfd-419e-4b38-a397-427d7120644a,2024-03-12,GAP_&_crop_management,Jah62,Female,Female Youth,No disability,Jigawa,Jahun
f1e6db5e-1c8f-497e-bf8f-cf92b479a4b2,2024-03-12,GAP_&_crop_management,Jah63,Male,Male Youth,No disability,Jigawa,Jahun
6f4c63b3-c25f-432d-9f90-d1ac5bec1585,2024-03-12,GAP_&_crop_management,Jah64,Male,Male Youth,No disability,Jigawa,Jahun
8d881945-2abe-4aa6-9612-2387998f1c8c,2024-03-12,GAP_&_crop_management,Jah65,Male,Male Youth,No disability,Jigawa,Jahun
e61d7c27-cc9c-4cb7-a08c-c50a4740d02b,2024-03-12,GAP_&_crop_management,Jah66,Male,Male Youth,No disability,Jigawa,Jahun
78bcdf58-252e-45e6-9fae-d33a3c721d3d,2024-03-12,GAP_&_crop_management,Jah67,Male,Male Youth,No disability,Jigawa,Jahun
117fab14-bfbf-4280-9a36-e8c5f3c2d81c,2024-03-12,GAP_&_crop_management,Jah68,Male,Male Youth,No disability,Jigawa,Jahun
07e93fe6-20ea-4a4e-a6a7-b9dac9179acb,2024-03-12,GAP_&_crop_management,Jah69,Male,Male Youth,No disability,Jigawa,Jahun
48e7ed6a-0d89-44ab-9ec0-041455128526,2024-03-12,GAP_&_crop_management,Jah70,Male,Male Youth,No disability,Jigawa,Jahun
b03f31ac-9368-403d-a0fc-c15d2907a6ad,2024-03-12,GAP_&_crop_management,Jah71,Male,Male Youth,No disability,Jigawa,Jahun
91691a53-6f69-4987-8dae-ae7d8b68aaa1,2024-03-12,GAP_&_crop_management,Jah72,Male,Male Youth,No disability,Jigawa,Jahun
1dbc23bb-e0d6-4c9a-9912-d8fc24a7a9f2,2024-03-12,GAP_&_crop_management,Jah73,Male,Male Youth,No disability,Jigawa,Jahun
cbb2999a-c3b2-4dfd-9602-8099dbc2b042,2024-03-12,GAP_&_crop_management,Jah74,Male,Male Youth,No disability,Jigawa,Jahun
a976e68c-8fb9-4c1c-ac30-6e46867ea765,2024-03-12,GAP_&_crop_management,Jah75,Male,Male Youth,No disability,Jigawa,Jahun
721ea6ad-810a-4d03-90f4-56a6d3d98761,2024-03-12,GAP_&_crop_management,Jah76,Male,Male Youth,No disability,Jigawa,Jahun
c3084739-957c-4525-9ae4-fefbdead1b67,2024-03-12,GAP_&_crop_management,Jah77,Male,Male Youth,No disability,Jigawa,Jahun
80439166-b2f7-4ff1-a7a3-bbf55c2c0aba,2024-03-12,GAP_&_crop_management,Jah78,Male,Male Youth,No disability,Jigawa,Jahun
8104b7b7-f998-452f-aa4e-a8655482b91c,2024-03-12,GAP_&_crop_management,Jah79,Female,Female Youth,No disability,Jigawa,Jahun
f64ae090-91d5-490c-88f0-3f98234d4039,2024-03-12,GAP_&_crop_management,Jah80,Female,Female Youth,No disability,Jigawa,Jahun
3dc327b7-11d9-4c88-9926-3922eabaf14e,2024-03-12,GAP_&_crop_management,Jah81,Female,Female Youth,No disability,Jigawa,Jahun
2d53e14a-01c2-4cd3-a421-53276cdb78e3,2024-03-12,GAP_&_crop_management,Jah82,Male,Male Youth,No disability,Jigawa,Jahun
74c8bb38-5535-4c75-bab1-52f1d4df211e,2024-03-12,GAP_&_crop_management,Jah83,Male,Male Youth,No disability,Jigawa,Jahun
fe8186c8-aaa7-4e35-80f7-f7a55a76ce66,2024-03-12,GAP_&_crop_management,Jah84,Male,Male Youth,No disability,Jigawa,Jahun
6c539fd1-00ea-4f5a-86ee-1e30747aaeef,2024-03-12,GAP_&_crop_management,Rin11,Male,Male Youth,No disability,Jigawa,Ringim
722c53dd-524d-4dbf-a28d-e7b845be4ccf,2024-03-12,GAP_&_crop_management,Rin12,Male,Male Youth,No disability,Jigawa,Ringim
a6d86898-b7e6-428e-a923-a2f38750a83e,2024-03-12,GAP_&_crop_management,Rin13,Male,Male Youth,No disability,Jigawa,Ringim
57b4510f-ddc5-4d1a-93af-670607923e22,2024-03-12,GAP_&_crop_management,Rin15,Male,Male Youth,No disability,Jigawa,Ringim
3ea33243-9a81-4719-809b-e5860ae56dd6,2024-03-12,GAP_&_crop_management,Rin16,Male,Male Youth,No disability,Jigawa,Ringim
45ccc4cb-d534-44ff-ae7e-c7fe13246b95,2024-03-12,GAP_&_crop_management,Rin17,Male,Male Youth,No disability,Jigawa,Ringim
ee76ca91-ffa5-4661-bb04-aa5eb61bbe47,2024-03-12,GAP_&_crop_management,Rin18,Female,Female Youth,No disability,Jigawa,Ringim
9def0e8e-7c07-4a73-9029-b492533bc5e2,2024-03-12,GAP_&_crop_management,Rin19,Female,Female Youth,No disability,Jigawa,Ringim
02043617-0370-4339-a4f9-50337b5dc6e6,2024-03-12,GAP_&_crop_management,Rin20,Female,Female Youth,No disability,Jigawa,Ringim
4358b873-af06-4075-8398-9c8ef3261298,2024-03-12,GAP_&_crop_management,Rin21,Female,Female Youth,No disability,Jigawa,Ringim
62c40d0f-a718-46de-9f32-3fd01f16e9e9,2024-03-12,GAP_&_crop_management,Rin22,Female,Female Youth,No disability,Jigawa,Ringim
86cf74a3-235d-43e1-bdcb-fcc84b099c86,2024-03-12,GAP_&_crop_management,Rin23,Female,Female Youth,No disability,Jigawa,Ringim
184a02d5-a146-41ed-a9da-1af1c8fea9a4,2024-03-12,GAP_&_crop_management,Rin24,Female,Female Youth,No disability,Jigawa,Ringim
e4a28c0f-77df-424a-ab8b-6dba44425196,2024-03-12,GAP_&_crop_management,Rin25,Male,Male Youth,No disability,Jigawa,Ringim
9ff061eb-fbb0-4322-a0ea-8f17641c44c9,2024-03-12,GAP_&_crop_management,Rin26,Male,Male Youth,No disability,Jigawa,Ringim
164428bc-ed78-42d8-9e39-85cd5b816e2e,2024-03-12,GAP_&_crop_management,Rin27,Male,Male Youth,No disability,Jigawa,Ringim
a6031248-db9d-435f-8c1f-eec01755bc53,2024-03-12,GAP_&_crop_management,Rin28,Male,Male Youth,No disability,Jigawa,Ringim
a66ce7be-7278-40e3-87ca-9fb7e3696a4b,2024-03-12,GAP_&_crop_management,Tau19,Female,Female Youth,No disability,Jigawa,Taura
8c797e13-a648-450d-a44b-21b24c94ceb2,2024-03-12,GAP_&_crop_management,Tau20,Male,Male Youth,No disability,Jigawa,Taura
e45aa60e-68f0-4638-9bf0-c6e9be89064b,2024-03-12,GAP_&_crop_management,Tau21,Male,Male Youth,No disability,Jigawa,Taura
4d980156-50de-44c7-96eb-39819aeb8644,2024-03-12,GAP_&_crop_management,Tau22,Male,Male Youth,No disability,Jigawa,Taura
3e0867ac-3e44-437e-9b37-28669a1a1537,2024-03-12,GAP_&_crop_management,Tau23,Male,Male Youth,No disability,Jigawa,Taura
57ef527d-97ec-45f7-bb68-1ccf7b967f67,2024-03-02,"Group_formation,_and_dynamics_for_financial_inclusion",Tau22,Male,Male Youth,No disability,Jigawa,Taura
b9fb7540-c2d9-45a7-93eb-6a463e065537,2024-03-02,"Group_formation,_and_dynamics_for_financial_inclusion",Tau23,Male,Male Youth,No disability,Jigawa,Taura
2dc22267-7c9d-4332-a1c6-543014396b25,2024-03-12,GAP_&_crop_management,Tau24,Female,Female Youth,No disability,Jigawa,Taura
b81424ad-13ba-4422-8c5c-74a98eeee617,2024-03-12,GAP_&_crop_management,Tau25,Male,Male Youth,No disability,Jigawa,Taura
10e469cb-dda4-466a-9ece-a214548ecfc9,2024-03-12,GAP_&_crop_management,Tau26,Female,Female Youth,No disability,Jigawa,Taura
124f9576-4199-4919-baad-401bf54919a3,2024-03-12,GAP_&_crop_management,Tau28,Male,Male Youth,No disability,Jigawa,Taura
92f595e3-c3aa-4295-84d6-b56ff564205d,2024-03-02,"Group_formation,_and_dynamics_for_financial_inclusion",Tau29,Male,Male Youth,No disability,Jigawa,Taura
3f7e1beb-c00c-433c-80cf-a57bc04085d4,2024-03-12,GAP_&_crop_management,Tau29,Male,Male Youth,No disability,Jigawa,Taura
9fe67ddd-9dc7-4b6f-ba07-d3a1a4ad763f,2024-03-11,GAP_&_crop_management,Bun01,Female,Female Youth,No disability,Kano,Bagwai
c6eb7687-f06b-4e66-b974-20ad27c7d461,2024-03-11,GAP_&_crop_management,Bun05,Male,Male Youth,No disability,Kano,Bunkure
f1edf086-d598-4d29-9727-76af118776fe,2024-03-11,GAP_&_crop_management,Bun06,Female,Female Youth,No disability,Kano,Bunkure
8db1aab6-4829-4e49-9b72-21800a1337c1,2024-03-11,GAP_&_crop_management,Bun07,Female,Female Youth,No disability,Kano,Bunkure
50d046b6-5dad-42b0-97a8-6227a51a9c09,2024-03-11,GAP_&_crop_management,Bun08,Female,Female Youth,No disability,Kano,Bunkure
f65dd6eb-8cd8-4f1d-a76f-a22f916f61d8,2024-03-11,GAP_&_crop_management,Bun09,Female,Female Youth,No disability,Kano,Bunkure
b8483cc4-2e1f-457b-8d8c-a9372e1a2a33,2024-03-11,GAP_&_crop_management,Bun11,Female,Female Youth,No disability,Kano,Bunkure
d5cb4301-fedc-4859-940f-2753a075a71c,2024-03-11,GAP_&_crop_management,Bun12,Female,Female Youth,No disability,Kano,Bunkure
c3376ac7-7a7a-4648-a999-3ca7a7e0ea77,2024-03-11,GAP_&_crop_management,Bun13,Female,Female Youth,No disability,Kano,Bunkure
394ac91f-54b9-4b45-8790-04f71b4423b2,2024-03-11,GAP_&_crop_management,Bun14,Female,Female Youth,No disability,Kano,Bunkure
2ce97341-010f-41db-aa80-1a3b1c3c01b8,2024-03-11,GAP_&_crop_management,Bun16,Male,Male Youth,No disability,Kano,Bunkure
59a9f69f-7097-44ec-a7b5-e42f41678eea,2024-04-11,GAP_&_crop_management,Bun17,Male,Male Youth,No disability,Kano,Bunkure
f70f0a9e-60f0-4a5f-8964-96227ffc15c2,2024-03-11,GAP_&_crop_management,Bun18,Male,Male Youth,No disability,Kano,Bunkure
d308c5fb-abd7-4fa1-94bc-398443a09cef,2024-03-11,GAP_&_crop_management,Bun19,Male,Male Youth,No disability,Kano,Bunkure
66e99a55-942c-4096-81c0-40c2263d3bd1,2024-03-11,GAP_&_crop_management,Bun20,Male,Male Youth,No disability,Kano,Bunkure
eb28fae1-8421-47c7-b833-510c3c8bec98,2024-03-11,GAP_&_crop_management,Gmm48,Female,Female Youth,No disability,Kano,Garum_Mallam
db0c3d26-a1a7-4200-ac91-e67c054dead3,2024-03-11,GAP_&_crop_management,Gmm49,Male,Male Youth,No disability,Kano,Garum_Mallam
849e5ded-d5b0-4f65-8d05-aa5bf70d829d,2024-03-11,GAP_&_crop_management,Gmm50,Male,Male Youth,No disability,Kano,Garum_Mallam
ff44deff-e613-442b-82bd-03d3230c52e6,2024-03-11,GAP_&_crop_management,Gmm51,Male,Male Youth,No disability,Kano,Garum_Mallam
a45001a3-a138-4b0f-96ef-1b6c07c40f5a,2024-03-11,GAP_&_crop_management,Gmm52,Male,Male Youth,No disability,Kano,Garum_Mallam
c26f9f34-50de-4cca-a0cd-d7a6a9f7ff56,2024-03-11,GAP_&_crop_management,Gmm53,Male,Male Youth,No disability,Kano,Garum_Mallam
73c76db0-051b-4ed1-9da6-19a0d35fc040,2024-03-11,GAP_&_crop_management,Gmm54,Female,Female Youth,No disability,Kano,Garum_Mallam
bca1423a-5e33-472b-866b-c9b3c7792882,2024-03-11,GAP_&_crop_management,Gmm56,Female,Female Youth,No disability,Kano,Garum_Mallam
698088e5-9d66-47ca-87de-4774c61884b4,2024-03-11,GAP_&_crop_management,Gmm55,Male,Male Youth,No disability,Kano,Garum_Mallam
5bf067a6-225b-4f54-94f1-8022bcaf6b62,2024-03-11,GAP_&_crop_management,Gmm57,Female,Female Youth,No disability,Kano,Garum_Mallam
8a286c9f-cd5d-457e-b1a5-3df7da8cabc8,2024-03-11,GAP_&_crop_management,Gmm58,Female,Female Youth,No disability,Kano,Garum_Mallam
4f26df59-9936-45eb-8db9-2dcd18ba42ea,2024-03-11,GAP_&_crop_management,Gmm59,Female,Female Youth,No disability,Kano,Garum_Mallam
35a792b4-662f-4db2-af41-fecd2aed0e30,2024-03-11,GAP_&_crop_management,Gmm60,Male,Male Youth,No disability,Kano,Garum_Mallam
3dd32514-b55b-44a1-89e7-b2a104e5a266,2024-03-11,GAP_&_crop_management,Gmm61,Male,Male Youth,No disability,Kano,Garum_Mallam
30722574-9c65-4aa2-b91d-4dfd6b9a6bb1,2024-03-23,GAP_&_crop_management,Gmm63,Male,Male Youth,No disability,Kano,Garum_Mallam
3cf731ec-8b96-4aed-b0a9-54850cd7f9de,2024-03-11,GAP_&_crop_management,Gmm64,Male,Male Youth,No disability,Kano,Garum_Mallam
60ea55ce-4fbf-40c8-bb5e-64654d559713,2024-03-19,GAP_&_crop_management,Aba03,Male,Male Youth,No disability,FCT,Abaji_Area_Council
d339e7f1-7af0-48f6-88db-d379020c5621,2024-03-11,GAP_&_crop_management,Gmm66,Male,Male Youth,No disability,Kano,Garum_Mallam
e37aa60a-0f3c-46f8-b430-a0b952b425a3,2024-03-11,GAP_&_crop_management,Gmm67,Male,Male Youth,No disability,Kano,Garum_Mallam
5335f1d1-4b2b-4cc3-8ec4-35d193c3d5c7,2024-03-11,GAP_&_crop_management,Gmm68,Male,Male Youth,No disability,Kano,Garum_Mallam
483c9dde-08d7-42e9-bdf1-62358aae0b8d,2024-03-11,GAP_&_crop_management,Gmm69,Male,Male Youth,No disability,Kano,Garum_Mallam
c41b9073-9e40-4f47-a438-0932676e3f41,2024-03-11,GAP_&_crop_management,Kir01,Female,Female Youth,No disability,Kano,Garum_Mallam
45f8366e-d03a-43b6-8b72-7ff52db609cf,2024-03-11,GAP_&_crop_management,Kir02,Female,Female Youth,No disability,Kano,Garum_Mallam
ef222fdd-a1c3-4aac-886b-c9db8911b99a,2024-03-11,GAP_&_crop_management,Kir03,Female,Female Youth,No disability,Kano,Kiru
243d2bb2-1566-49f7-b22c-5c2f923f8a55,2024-03-11,GAP_&_crop_management,Kir05,Female,Female Youth,No disability,Kano,Kiru
fd5038cc-b033-4341-8a08-007fe5fca3f4,2024-03-11,GAP_&_crop_management,Kir06,Male,Male Youth,No disability,Kano,Kiru
54c480f3-cdbe-4a7f-93e5-71aa7a09a256,2024-03-11,GAP_&_crop_management,Kir07,Male,Male Youth,No disability,Kano,Garum_Mallam
eab1af51-ece1-41e5-98a8-99fc2e15a366,2024-03-11,GAP_&_crop_management,Kir08,Male,Male Youth,No disability,Kano,Garum_Mallam
7b3cd3ea-2547-4dc6-a060-eb5fe0c39aa9,2024-03-13,GAP_&_crop_management,Ika11,Male,Male Youth,No disability,Kaduna,Ikara
24714605-89fb-4c70-b042-e47e156894ef,2024-03-13,GAP_&_crop_management,Ika12,Male,Male Youth,No disability,Kaduna,Ikara
87a1c907-edb4-4d12-b59b-5f232d8b0ae4,2024-03-13,GAP_&_crop_management,Ika13,Male,Male Youth,No disability,Kaduna,Ikara
67b63ee6-920a-486a-a2fa-b52a7230225c,2024-03-13,GAP_&_crop_management,Ika14,Male,Male Youth,No disability,Kaduna,Ikara
d5a74291-683a-4a32-b706-d6a008eddefb,2024-03-11,GAP_&_crop_management,Kir09,Male,Male Youth,No disability,Kano,Garum_Mallam
60c46ca3-2671-4291-920a-7de15b2fcdbb,2024-03-13,GAP_&_crop_management,Ika15,Male,Male Youth,No disability,Kaduna,Ikara
7775c5be-58ef-42b3-9f18-564c5fc3f3ad,2024-03-13,GAP_&_crop_management,Ika16,Male,Male Youth,No disability,Kaduna,Ikara
19b139d0-bca9-472d-94e4-03e89e0479af,2024-03-11,GAP_&_crop_management,Kir10,Male,Male Youth,No disability,Kano,Kiru
5098f46e-eb6a-4e68-9098-039d4f3db368,2024-03-13,GAP_&_crop_management,Ika17,Male,Male Youth,No disability,Kaduna,Ikara
5b8c63e7-dccf-4048-9160-34bfadc0e692,2024-03-11,GAP_&_crop_management,Kir11,Female,Female Youth,No disability,Kano,Kiru
211d759d-4df6-404e-8ec9-ea82ead6af76,2024-03-13,GAP_&_crop_management,Ika18,Male,Male Youth,No disability,Kaduna,Ikara
41063ec9-5f49-425d-b49d-38c493b73872,2024-03-13,GAP_&_crop_management,Ika19,Male,Male Youth,No disability,Kaduna,Ikara
a36a4798-80ba-4e95-baec-ffcced6bf12e,2024-03-13,GAP_&_crop_management,Ika20,Male,Male Youth,No disability,Kaduna,Ikara
f697225a-b129-4903-ac03-8658c69c7b5c,2024-03-13,GAP_&_crop_management,Ika21,Male,Male Youth,No disability,Kaduna,Ikara
3544eb1d-a898-494b-95cb-28744abdac63,2024-03-13,GAP_&_crop_management,Ika22,Male,Male Youth,No disability,Kaduna,Ikara
1ee15b73-d1d6-4612-9f2c-b2a061507fe7,2024-03-13,GAP_&_crop_management,Ika23,Female,Female Youth,No disability,Kaduna,Ikara
930312e7-f213-439c-b4dd-d311c97f6b01,2024-03-13,GAP_&_crop_management,Ika24,Female,Female Youth,No disability,Kaduna,Ikara
436b0cfe-895b-450e-bef6-5e3aad9f6082,2024-03-13,GAP_&_crop_management,Ika25,Female,Female Youth,No disability,Kaduna,Ikara
61b6d843-fa94-48db-b8fd-ce85147b3e57,2024-03-13,GAP_&_crop_management,Ika26,Female,Female Youth,No disability,Kaduna,Ikara
23411346-b76f-4b65-8c60-19df7aa0cdba,2024-03-13,GAP_&_crop_management,Ika27,Female,Female Youth,No disability,Kaduna,Ikara
7c0be2a2-0f81-4256-9355-36f86662f8ee,2024-03-13,GAP_&_crop_management,Ika28,Female,Female Youth,No disability,Kaduna,Ikara
a793282e-c6f0-45ac-8afd-124076722861,2024-03-13,GAP_&_crop_management,Ika29,Female,Female Youth,No disability,Kaduna,Ikara
b13f008c-889c-4d05-a59c-ec3f5250ab00,2024-03-13,GAP_&_crop_management,Ika30,Female,Female Youth,No disability,Kaduna,Ikara
3d8e150f-d1b8-4c4c-b969-d18f2a25afba,2024-03-13,GAP_&_crop_management,Ika31,Male,Male Youth,No disability,Kaduna,Ikara
23c9b753-c83e-4e8a-9feb-d9db97900700,2024-03-13,GAP_&_crop_management,Ika32,Male,Male Youth,No disability,Kaduna,Ikara
2ff146eb-2306-46ae-ac04-da5c05d81b97,2024-03-13,GAP_&_crop_management,Ika33,Female,Female Youth,No disability,Kaduna,Ikara
ccb95cad-cbf3-4fb1-925e-3ed2c1221aa2,2024-03-13,GAP_&_crop_management,Ika34,Female,Female Youth,No disability,Kaduna,Ikara
8d850ed7-aea7-4c10-8fe9-2b570fedd91e,2024-03-13,GAP_&_crop_management,Ika35,Male,Male Youth,No disability,Kaduna,Ikara
3d7893b2-16c0-44a8-ac33-673a5d923ada,2024-03-13,GAP_&_crop_management,Ika36,Male,Male Youth,No disability,Kaduna,Ikara
4c104241-3a33-4d70-be14-b86e510db85d,2024-03-11,GAP_&_crop_management,Bag09,Male,Male Youth,No disability,Kano,Bagwai
33585035-17b7-4980-abd7-f3036d7ba016,2024-03-11,GAP_&_crop_management,Bag10,Male,Male Youth,No disability,Kano,Bagwai
8e006543-5c5b-42c0-8be6-276bfae1d6e7,2024-03-11,GAP_&_crop_management,Bun21,Male,Male Youth,No disability,Kano,Bunkure
19c949e3-0663-4262-87e3-112f2351338f,2024-03-11,GAP_&_crop_management,Gmm65,Male,Male Youth,No disability,Kano,Garum_Mallam
14a1ca3d-dbd4-45dc-9d32-13bccfe3d54e,2024-03-11,GAP_&_crop_management,Gmm70,Male,Male Youth,No disability,Kano,Garum_Mallam
01c75fc0-f549-4689-8c8c-416f2f2340b5,2024-04-11,GAP_&_crop_management,Kir04,Female,Female Youth,No disability,Kano,Kiru
ed05ae5c-8904-4c0d-bdea-b8e1d9859b3e,2024-04-11,GAP_&_crop_management,Kir12,Female,Female Youth,No disability,Kano,Kiru
8c46a907-2694-41ff-a8c7-a7cc736b6549,2024-04-11,GAP_&_crop_management,Kir13,Female,Female Youth,No disability,Kano,Kiru
e75a6261-93ae-404b-a651-65cbd43cec92,2024-03-11,GAP_&_crop_management,Kir14,Male,Male Youth,No disability,Kano,Kiru
8b571cae-ec60-452e-b791-d8690336578a,2024-04-11,GAP_&_crop_management,Kir15,Male,Male Youth,No disability,Kano,Kiru
23ca4179-fb46-493d-9e1a-87df9c84c3ca,2024-04-11,GAP_&_crop_management,Kir16,Male,Male Youth,No disability,Kano,Kiru
ac665eee-e335-40a0-b497-2cf55935b4fd,2024-03-11,GAP_&_crop_management,Kir17,Male,Male Youth,No disability,Kano,Kiru
b6230e0e-0bd1-4d55-8a24-a7f88152f5b1,2024-04-11,GAP_&_crop_management,Kir18,Male,Male Youth,No disability,Kano,Kiru
cc8a0a02-a680-4154-aa30-8d9990465680,2024-04-11,GAP_&_crop_management,Kir19,Male,Male Youth,No disability,Kano,Kiru
f0e29c13-a4de-4848-ae58-1fdfeaef4f40,2024-04-11,GAP_&_crop_management,Kir20,Male,Male Youth,No disability,Kano,Kiru
9c903bf8-c953-41fe-aea7-ce341944f2d1,2024-04-11,GAP_&_crop_management,Kir21,Female,Female Youth,No disability,Kano,Kiru
4bd43ca7-0583-4687-a34f-a57b27769f5f,2024-05-28,GAP_&_crop_management,Kir22,Male,Male Youth,No disability,Kano,Kiru
f783d896-dd9a-46e0-98ad-bed79bdf6b45,2024-03-09,"Group_formation,_and_dynamics_for_financial_inclusion",Kir22,Male,Male Youth,No disability,Kano,Kiru
34a752d1-030e-40dd-b48f-6f4c45f158a9,2024-03-11,GAP_&_crop_management,Kur01,Female,Female Youth,No disability,Kano,Kura
699d8032-8322-4bce-a024-e8aa16c01257,2024-03-11,GAP_&_crop_management,Kur02,Female,Female Youth,No disability,Kano,Kura
2355b5fc-90c8-464a-8547-827c332b647f,2024-03-11,GAP_&_crop_management,Kur03,Female,Female Youth,No disability,Kano,Kura
19bf7055-09d6-4731-bfd3-67456d55908b,2024-03-11,GAP_&_crop_management,Kur04,Female,Female Youth,No disability,Kano,Kura
9de1898a-99d9-4f7d-9501-98c26f0b07d1,2024-03-11,GAP_&_crop_management,Kur05,Female,Female Youth,No disability,Kano,Kura
74d2b8c6-b7b6-404a-94f8-5cd55e450aac,2024-03-11,GAP_&_crop_management,Kur06,Female,Female Youth,No disability,Kano,Kura
191349aa-bfb4-4175-9236-3f2bfb32a4bb,2024-03-11,GAP_&_crop_management,Kur07,Female,Female Youth,No disability,Kano,Kura
45e6937d-e96d-4005-90c9-08c7793db62f,2024-03-11,GAP_&_crop_management,Kur09,Male,Male Youth,No disability,Kano,Kura
35ca16cf-d6e8-46a0-9c27-73a3c3214235,2024-03-11,GAP_&_crop_management,Kur11,Male,Male Youth,No disability,Kano,Kura
5693ac34-dcf0-4624-acd1-7f30413087ac,2024-03-07,"Group_formation,_and_dynamics_for_financial_inclusion",Kur11,Male,Male Youth,No disability,Kano,Kura
adb16ca4-64ee-4b46-8827-a5bbea7e8bde,2024-03-11,GAP_&_crop_management,Kur12,Male,Male Youth,No disability,Kano,Kura
b6c3dda8-4eab-4030-862b-244dfaaadc6e,2024-03-11,GAP_&_crop_management,Kur13,Male,Male Youth,No disability,Kano,Kura
f294524a-ad4c-4105-a500-9b2ebd61e266,2024-03-02,"Group_formation,_and_dynamics_for_financial_inclusion",Kur13,Male,Male Youth,No disability,Kano,Kura
e6152f2b-e01f-4a96-be88-d70e74c628af,2024-03-11,GAP_&_crop_management,Kur14,Male,Male Youth,No disability,Kano,Kura
c8de5c0a-7162-4b13-ae4b-11eb6b1e07ab,2024-03-11,GAP_&_crop_management,Ran01,Female,Female Youth,No disability,Kano,Kura
40ac8cc7-41f4-4976-8785-5cb3e263e02d,2024-03-05,"Group_formation,_and_dynamics_for_financial_inclusion",Kur02,Female,Female Youth,No disability,Kano,Kura
44da3a34-8a0d-4217-939c-90d0eb875072,2024-03-29,"Group_formation,_and_dynamics_for_financial_inclusion",Kur03,Female,Female Youth,No disability,Kano,Kura
ab3c2d25-fceb-42e3-aaea-db733f61ea27,2024-03-11,GAP_&_crop_management,Ran02,Female,Female Youth,No disability,Kano,Rano
7e361ebf-1b00-43bb-99f6-2797e0d90e6a,2024-03-11,GAP_&_crop_management,Ran03,Female,Female Youth,No disability,Kano,Rano
f9163ce2-b569-4ebf-99b5-ed4931d0fc9c,2024-03-11,GAP_&_crop_management,Ran04,Female,Female Youth,No disability,Kano,Rano
27935bdf-c46c-4725-b666-d77f2b020879,2024-03-11,GAP_&_crop_management,Ran05,Female,Female Youth,No disability,Kano,Rano
23d1eef0-3929-4618-80fc-0a99906ce19f,2024-03-11,GAP_&_crop_management,Ran06,Female,Female Youth,No disability,Kano,Rano
2efc07b4-4295-45b4-afa8-137e73433bf9,2024-03-11,GAP_&_crop_management,Ran07,Female,Female Youth,No disability,Kano,Rano
c86c7474-742b-4941-ac01-a20e9d932efb,2024-03-11,GAP_&_crop_management,Ran08,Female,Female Youth,No disability,Kano,Rano
c45e7e61-351e-4519-8059-fee50989b8e8,2024-04-11,GAP_&_crop_management,Ran09,Male,Male Youth,No disability,Kano,Rano
8f63368a-f19d-4a5a-9f4b-6d0b111e4c57,2024-03-11,GAP_&_crop_management,Ran10,Male,Male Youth,No disability,Kano,Rano
0ad9a9cb-7a40-4dd0-b7ba-f6f16bfd1f02,2024-03-11,GAP_&_crop_management,Ran11,Male,Male Youth,No disability,Kano,Rano
1c1dba58-f03d-421e-9702-fc99cdd8852c,2024-03-11,GAP_&_crop_management,Ran12,Male,Male Youth,No disability,Kano,Rano
a256f600-d801-4708-af16-7a27129a229a,2024-03-11,GAP_&_crop_management,Ran13,Male,Male Youth,No disability,Kano,Rano
5d1cfd70-9fe9-42b6-9357-183b5857db84,2024-03-11,GAP_&_crop_management,Ran14,Male,Male Youth,No disability,Kano,Rano
e1c11537-a39d-405e-a47d-f8fdcf54fae3,2024-03-11,GAP_&_crop_management,Rig02,Female,Female Youth,No disability,Kano,Rimi_Gado
97868139-65ef-482a-a679-96a9a6a29034,2024-03-11,GAP_&_crop_management,Rig03,Female,Female Youth,No disability,Kano,Rimi_Gado
7bd9dad8-19f1-4b16-b299-34cebe241957,2024-03-11,GAP_&_crop_management,Rig04,Female,Female Youth,No disability,Kano,Rimi_Gado
1b8b48b0-f9ec-451c-8b58-546445241a37,2024-03-11,GAP_&_crop_management,Rig05,Female,Female Youth,No disability,Kano,Rimi_Gado
43559745-2c84-4299-ab09-157b39cd6036,2024-03-11,GAP_&_crop_management,Rig06,Female,Female Youth,No disability,Kano,Rimi_Gado
fbced259-3666-4645-afe8-bfe5bdf5b2d8,2024-03-11,GAP_&_crop_management,Rig07,Female,Female Youth,No disability,Kano,Rimi_Gado
16d94e4d-2fa4-4dfd-903b-0a325badead4,2024-03-08,GAP_&_crop_management,Rig08,Male,Male Youth,No disability,Kano,Rimi_Gado
c3e3d26d-65b1-4292-a06b-31277055db5c,2024-03-11,GAP_&_crop_management,Rig09,Male,Male Youth,No disability,Kano,Rimi_Gado
561dd61a-e0ee-400d-93fe-517d72f3e72b,2024-03-11,GAP_&_crop_management,Rig11,Male,Male Youth,No disability,Kano,Rimi_Gado
adc3f6cd-651f-4da8-9c6d-5bc607c15098,2024-03-11,GAP_&_crop_management,Rig12,Male,Male Youth,No disability,Kano,Rimi_Gado
dfcccb5e-c044-47c4-89ba-6f8ba92538da,2024-03-11,GAP_&_crop_management,Rig14,Male,Male Youth,No disability,Kano,Rimi_Gado
a281610e-d412-4ad6-a354-2958d135ed62,2024-03-11,GAP_&_crop_management,Rig15,Male,Male Youth,No disability,Kano,Rimi_Gado
5729c2c0-ef68-48f9-9c39-858af4013ea2,2024-03-11,GAP_&_crop_management,Rig16,Male,Male Youth,No disability,Kano,Rimi_Gado
402dcb7f-467f-495b-848b-7ba7d9fd1fac,2024-03-11,GAP_&_crop_management,Rig17,Male,Male Youth,No disability,Kano,Rimi_Gado
41246fb8-c695-46d3-ab91-5f975784584f,2024-03-11,GAP_&_crop_management,Tof69,Male,Male Youth,No disability,Kano,Tofa
afa46717-f34d-4528-8442-2f8bc01cd3b0,2024-03-11,GAP_&_crop_management,Tof71,Male,Male Youth,No disability,Kano,Tofa
0ee4e571-398e-4d3a-b769-26eae0d9807b,2024-03-11,GAP_&_crop_management,Tof72,Male,Male Youth,No disability,Kano,Tofa
840435cc-7582-4dda-a76a-e16689b73ec5,2024-03-11,GAP_&_crop_management,Tun01,Female,Female Youth,No disability,Kano,Tudun_Wada
c39110f1-0a89-4d4f-ab0d-abe025f91a9f,2024-03-11,GAP_&_crop_management,Tun02,Female,Female Youth,No disability,Kano,Tudun_Wada
e90d7934-d446-480e-9e7a-2d6207bea79a,2024-03-11,GAP_&_crop_management,Tun03,Female,Female Youth,No disability,Kano,Tudun_Wada
307da2f8-4cca-4ecc-a117-f893dadeb40b,2024-03-11,GAP_&_crop_management,Tun04,Female,Female Youth,No disability,Kano,Tudun_Wada
580bf5f3-8563-447a-800e-7bcdcef05007,2024-03-11,GAP_&_crop_management,Tun05,Female,Female Youth,No disability,Kano,Tudun_Wada
7e4eeb01-c3b8-4971-ad62-b46d31189814,2024-03-11,GAP_&_crop_management,Tun07,Female,Female Youth,No disability,Kano,Tudun_Wada
2f61e7b1-fc65-4ad0-9e38-103f72170280,2024-03-11,GAP_&_crop_management,Tun08,Female,Female Youth,No disability,Kano,Tudun_Wada
d38f5f97-cbe3-4f44-bff9-0046c09c885d,2024-03-11,GAP_&_crop_management,Tun11,Female,Female Youth,No disability,Kano,Tudun_Wada
e3e1f183-c8c7-4dce-86de-9618db4f1992,2024-05-11,GAP_&_crop_management,Aba01,Female,Female Youth,No disability,FCT,Abaji_Area_Council
4560ff3c-5a02-4bb0-8ca6-5f8ed696b583,2024-03-11,GAP_&_crop_management,Tun12,Female,Female Youth,No disability,Kano,Tudun_Wada
abd7a512-997b-4d8b-afe9-de7ef68cc3a1,2024-03-11,GAP_&_crop_management,Tun15,Male,Male Youth,No disability,Kano,Tudun_Wada
366e0629-23b4-47fb-b34e-89f7a72c399b,2024-03-11,GAP_&_crop_management,Tun17,Male,Male Youth,No disability,Kano,Tudun_Wada
44119c74-1268-41e0-9092-d00680113fde,2024-03-11,GAP_&_crop_management,Tun18,Male,Male Youth,No disability,Kano,Tudun_Wada
83eef983-4284-4d53-96a4-1b941fbb40b5,2024-03-11,GAP_&_crop_management,Tun19,Male,Male Youth,No disability,Kano,Tudun_Wada
2ae98ffb-5080-49c1-9520-e75dbbb3e728,2024-03-11,GAP_&_crop_management,Tun20,Male,Male Youth,No disability,Kano,Tudun_Wada
3c0f8da2-8866-4aaa-9bbd-762fbc919032,2024-03-11,GAP_&_crop_management,Tun21,Male,Male Youth,No disability,Kano,Tudun_Wada
76aad99d-b23a-4b2b-afa6-9817f5e06140,2024-03-22,GAP_&_crop_management,Tun22,Male,Male Youth,No disability,Kano,Tudun_Wada
dd51b5d0-2994-44a4-ab7a-c9ed902d1c1e,2024-03-11,GAP_&_crop_management,Tun23,Male,Male Youth,No disability,Kano,Tudun_Wada
d7127619-2170-4fac-984a-0d7d2c56972e,2024-03-11,GAP_&_crop_management,Tun24,Male,Male Youth,No disability,Kano,Tudun_Wada
c6c304d4-b31e-47bf-b3a2-85c1c7282baa,2024-03-11,GAP_&_crop_management,Tun25,Male,Male Youth,No disability,Kano,Tudun_Wada
1c5126b9-b056-49e7-bbd2-845b6526c783,2024-03-26,GAP_&_crop_management,Tun26,Male,Male Youth,No disability,Kano,Tudun_Wada
68c512f8-d677-415d-a7eb-15300ef1367c,2023-03-11,GAP_&_crop_management,Tun27,Male,Male Youth,No disability,Kano,Tudun_Wada
1c141c6c-3c6d-4e7d-a6e9-bc2989fd34d3,2024-03-11,GAP_&_crop_management,Tun30,Male,Male Youth,No disability,Kano,Tudun_Wada
da266626-be98-4f91-bc03-86f7973b4bdd,2024-03-11,GAP_&_crop_management,Tun31,Male,Male Youth,No disability,Kano,Tudun_Wada
cf49a288-a3b0-4ad0-84c2-2e9c40443aed,2024-03-11,GAP_&_crop_management,Tun32,Male,Male Youth,No disability,Kano,Tudun_Wada
ca170ff6-441e-48b8-bc3b-205cf2154317,2024-03-11,GAP_&_crop_management,Tun33,Female,Female Youth,No disability,Kano,Tudun_Wada
ca695e4f-5014-48ea-b804-9bac5f838e72,2024-01-05,ICT_solutions_for_agriculture,Dem01,Female,Female Youth,No disability,Adamawa,Demsa
05c0ae81-cd3b-4e45-9246-b7fa543dfae7,2024-01-05,ICT_solutions_for_agriculture,Dem02,Female,Female Youth,No disability,Adamawa,Demsa
3ed376ad-7a49-42f0-b9d5-914345250065,2024-01-05,Comm._Partner_Registration,Dem03,Female,Female Youth,No disability,Adamawa,Demsa
d4c18583-b830-4274-a2ee-505fa2aa7c4e,2024-01-05,ICT_solutions_for_agriculture,Dem04,Female,Female Youth,No disability,Adamawa,Demsa
bdd4719e-0dcd-4842-a4f2-a8c764f9d658,2024-01-05,Comm._Partner_Registration,Dem05,Male,Male Youth,No disability,Adamawa,Demsa
4db934c9-fc32-42ee-a2a0-2a8d376704f4,2023-01-05,ICT_solutions_for_agriculture,Dem06,Female,Female Youth,No disability,Adamawa,Demsa
559ea844-599b-410d-847f-4f677b8f4ec9,2024-01-05,ICT_solutions_for_agriculture,Dem07,Female,Female Youth,No disability,Adamawa,Demsa
8a8a1fc8-3494-40b7-ad78-8e054674d0cb,2024-01-05,ICT_solutions_for_agriculture,Dem08,Female,Female Youth,No disability,Adamawa,Demsa
c1f4c6f1-0ada-436d-8ecb-769a3dc9303f,2024-01-05,ICT_solutions_for_agriculture,Dem09,Male,Male Youth,No disability,Adamawa,Demsa
e62d492f-0247-4721-895e-d2a85af83aec,2024-01-05,Comm._Partner_Registration,Dem10,Female,Female Youth,No disability,Adamawa,Demsa
38aa66bb-12ce-4f3c-859d-8b38a86dc770,2024-01-05,Comm._Partner_Registration,Dem11,Female,Female Youth,No disability,Adamawa,Demsa
cf81364d-1d51-4ac1-a0e8-ada84b418c65,2024-01-05,Comm._Partner_Registration,Dem12,Female,Female Youth,No disability,Adamawa,Demsa
bc2cd736-8c63-4cda-bd75-590c5897ce7d,2024-01-05,ICT_solutions_for_agriculture,Dem13,Male,Male Youth,No disability,Adamawa,Demsa
26e757ba-4ced-48a8-b7aa-28ab5d0f20d6,2024-01-05,Comm._Partner_Registration,Dem14,Female,Female Youth,No disability,Adamawa,Demsa
d6d1e858-084f-4646-b695-a893005300d6,2024-01-05,ICT_solutions_for_agriculture,Dem15,Female,Female Youth,No disability,Adamawa,Demsa
29e4aeab-7283-47ed-8d5f-51dfe6c6525b,2024-01-05,ICT_solutions_for_agriculture,Dem16,Female,Female Youth,No disability,Adamawa,Demsa
78c753b5-7cc8-40cd-9cca-5f034976f1e5,2024-01-05,Comm._Partner_Registration,Dem17,Male,Male Youth,No disability,Adamawa,Demsa
090629aa-c037-458d-9cde-1f4226b077d0,2024-01-05,ICT_solutions_for_agriculture,Gir01,Female,Female Youth,No disability,Adamawa,Girei
0d95ef03-da2c-4893-8dea-77918335c347,2024-01-05,ICT_solutions_for_agriculture,Gir02,Female,Female Youth,No disability,Adamawa,Girei
034550a8-818d-41ed-b02d-a1323ff69159,2024-01-05,Comm._Partner_Registration,Gir03,Male,Male Youth,No disability,Adamawa,Girei
72c781f6-1290-4adc-8cf5-1589b301cb36,2024-01-05,ICT_solutions_for_agriculture,Gir04,Male,Male Youth,No disability,Adamawa,Girei
ecede341-8639-4561-aac1-b6a0850b54e1,2024-01-05,ICT_solutions_for_agriculture,Gir05,Female,Female Youth,No disability,Adamawa,Girei
226586eb-88dc-4639-b9bd-70a7504bdab1,2024-01-05,ICT_solutions_for_agriculture,Gir06,Female,Female Youth,No disability,Adamawa,Girei
41ef14c7-f0df-4da3-a632-acf5e60cd6b2,2024-01-05,Comm._Partner_Registration,Gir07,Female,Female Youth,No disability,Adamawa,Girei
54159b5d-e297-494b-85ec-e56fa242ffd5,2024-01-05,ICT_solutions_for_agriculture,Gir08,Male,Male Youth,No disability,Adamawa,Girei
1515eac0-b468-4ff0-a658-06a03ba628f2,2024-01-05,Comm._Partner_Registration,Yls01,Female,Female Youth,No disability,Adamawa,Yola_South
e44b5f67-ecfc-4cb9-a331-493869c33ff2,2024-01-05,Comm._Partner_Registration,Yls02,Female,Female Youth,No disability,Adamawa,Yola_South
7f345273-0096-446e-997e-e00b06a3412c,2024-01-05,Comm._Partner_Registration,Yls03,Male,Male Youth,No disability,Adamawa,Yola_South
3cd3225c-30fe-4a16-81b3-b8bfcb91189a,2024-01-05,Comm._Partner_Registration,Yls04,Male,Male Youth,No disability,Adamawa,Yola_South
5dce38c2-aec6-4cbc-9d4e-b3faf4c3e375,2024-01-05,Comm._Partner_Registration,Yls05,Female,Female Youth,No disability,Adamawa,Yola_South
6a73128b-f354-4685-96cf-63d23828232b,2024-01-05,Comm._Partner_Registration,Yls06,Female,Female Youth,No disability,Adamawa,Yola_South
462af052-977d-4268-80ed-8aeb23873c06,2024-01-05,Comm._Partner_Registration,Yls07,Male,Male Youth,No disability,Adamawa,Yola_South
eeeeb9a1-65a6-4d8e-bfe8-69713043403a,2024-01-05,Comm._Partner_Registration,Yls08,Male,Male Youth,No disability,Adamawa,Yola_South
532c789a-89c9-4bc5-b329-71f86d72a0c1,2024-01-05,Comm._Partner_Registration,Dem01,Female,Female Youth,No disability,Adamawa,Demsa
4b563fb3-1907-476d-bf99-0708b332df56,2024-01-05,Comm._Partner_Registration,Dem02,Female,Female Youth,No disability,Adamawa,Demsa
8f90aaea-5e41-48e0-898f-7f76fbb91f3f,2024-01-05,ICT_solutions_for_agriculture,Dem03,Female,Female Youth,No disability,Adamawa,Demsa
ac50bdf2-013f-4688-9a85-3993e5229bc0,2024-01-05,Comm._Partner_Registration,Dem04,Female,Female Youth,No disability,Adamawa,Demsa
c206806c-9ad7-44eb-bc2c-c067095d3e41,2024-01-05,ICT_solutions_for_agriculture,Dem05,Male,Male Youth,No disability,Adamawa,Demsa
9ba23587-db51-4262-894c-7bd47777911e,2024-01-05,Comm._Partner_Registration,Dem05,Male,Male Youth,No disability,Adamawa,Demsa
52060c2d-a586-4b3f-801a-bd8d6f88ec82,2024-01-05,Comm._Partner_Registration,Dem06,Female,Female Youth,No disability,Adamawa,Demsa
324f7aad-10ba-4d6a-81cf-a0747b498459,2024-01-05,Comm._Partner_Registration,Dem07,Female,Female Youth,No disability,Adamawa,Demsa
8fc5b9b2-06b4-4ad7-aabd-c187a4f92478,2024-01-05,ICT_solutions_for_agriculture,Dem07,Female,Female Youth,No disability,Adamawa,Demsa
6511b841-5e8b-4824-b8a0-6d3449dd0f08,2024-01-05,Comm._Partner_Registration,Dem08,Female,Female Youth,No disability,Adamawa,Demsa
dd3582bf-7347-4e82-bb2c-5fe6d7a109b8,2024-01-05,Comm._Partner_Registration,Dem09,Male,Male Youth,No disability,Adamawa,Demsa
69919404-e5a0-4b46-9909-19bef3d0343e,2024-01-05,ICT_solutions_for_agriculture,Dem09,Male,Male Youth,No disability,Adamawa,Demsa
15aeab78-e0d9-4992-950c-f792a0971392,2024-01-05,ICT_solutions_for_agriculture,Dem10,Female,Female Youth,No disability,Adamawa,Demsa
c2833442-e1c5-4539-bc04-0197249798d5,2024-01-05,ICT_solutions_for_agriculture,Dem11,Female,Female Youth,No disability,Adamawa,Demsa
f2271010-09b1-4e88-ac7a-51b6efd7bd9a,2024-01-05,Comm._Partner_Registration,Dem11,Female,Female Youth,No disability,Adamawa,Demsa
ad3da5d0-6321-44cf-b2d6-65b472d43d6b,2024-01-05,ICT_solutions_for_agriculture,Dem12,Female,Female Youth,No disability,Adamawa,Demsa
751698c1-7190-41ec-b1ea-30397ea547a0,2024-01-05,Comm._Partner_Registration,Dem13,Male,Male Youth,No disability,Adamawa,Demsa
d5bd478e-2c71-4d75-9855-52cf4f510190,2024-01-05,ICT_solutions_for_agriculture,Dem14,Female,Female Youth,No disability,Adamawa,Demsa
e477c379-0326-433d-90d2-d5affd0a8cb0,2024-01-05,Comm._Partner_Registration,Dem15,Female,Female Youth,No disability,Adamawa,Demsa
38d5ced5-9f63-42fc-99a8-28c53124e1b3,2024-01-05,Comm._Partner_Registration,Dem16,Female,Female Youth,No disability,Adamawa,Demsa
178dc09f-93e9-45e3-8b30-0f75c9fcf4bc,2024-01-05,ICT_solutions_for_agriculture,Dem17,Male,Male Youth,No disability,Adamawa,Demsa
13226d5b-5170-4543-9c49-59bf3108ffe3,2024-01-05,Comm._Partner_Registration,Dem17,Male,Male Youth,No disability,Adamawa,Demsa
854c00ee-b756-4a5f-b800-a134bdc0320c,2024-09-17,Waste_Management_and_recycling_training_and_demonstration,Dem01,Female,Female Youth,No disability,Adamawa,Demsa
81255997-8978-4cde-84a1-eecda4da7269,2024-09-17,Processing_and_Packaging,Dem01,Female,Female Youth,No disability,Adamawa,Demsa
12e10c62-6c55-4a0d-b632-8b3f8aea681d,2024-09-20,Waste_Management_and_recycling_training_and_demonstration,Dem02,Female,Female Youth,No disability,Adamawa,Demsa
72d3a24c-6457-46ea-8322-2c2219191758,2024-09-20,Processing_and_Packaging,Dem02,Female,Female Youth,No disability,Adamawa,Demsa
0b071aff-af18-4d9d-8b5d-67b2e46cf7b1,2024-09-20,Processing_and_Packaging,Dem04,Female,Female Youth,No disability,Adamawa,Demsa
2d2df171-9547-45ee-a42f-fdf1394f01bd,2024-09-20,Waste_Management_and_recycling_training_and_demonstration,Dem04,Female,Female Youth,No disability,Adamawa,Demsa
4564ad52-cf9c-4644-9044-23c56e07d692,2024-09-20,Processing_and_Packaging,Dem04,Female,Female Youth,No disability,Adamawa,Demsa
40e20ff4-2185-42a6-9c7c-f76231c03449,2024-09-20,Waste_Management_and_recycling_training_and_demonstration,Dem04,Female,Female Youth,No disability,Adamawa,Demsa
bd303ad9-1046-49a9-a12b-62c9e3b40745,2024-09-20,Processing_and_Packaging,Dem06,Female,Female Youth,No disability,Adamawa,Demsa
6b0dd0aa-371a-44a4-bbc3-2efc31167a41,2024-09-20,Waste_Management_and_recycling_training_and_demonstration,Dem06,Female,Female Youth,No disability,Adamawa,Demsa
471336c4-b7f8-4e77-a892-faae5c1b40f1,2024-09-18,Processing_and_Packaging,Dem07,Female,Female Youth,No disability,Adamawa,Demsa
6bd11539-0cfd-465b-8343-496cb1358e25,2024-09-20,Waste_Management_and_recycling_training_and_demonstration,Dem07,Female,Female Youth,No disability,Adamawa,Demsa
3dbf2fa6-ad29-4e3b-bd63-24c14f85b1be,2024-09-18,Processing_and_Packaging,Dem03,Female,Female Youth,No disability,Adamawa,Demsa
3ffb5fea-9c3c-41dc-807f-f34c9080b661,2024-09-20,Waste_Management_and_recycling_training_and_demonstration,Dem03,Female,Female Youth,No disability,Adamawa,Demsa
a9d7f80a-8568-419e-bdf4-8e6c1c1fa6dc,2024-09-18,Processing_and_Packaging,Dem05,Male,Male Youth,No disability,Adamawa,Demsa
f4106006-0865-43e3-9f39-3b7320c14b85,2024-09-20,Waste_Management_and_recycling_training_and_demonstration,Dem05,Male,Male Youth,No disability,Adamawa,Demsa
b546fe04-07ad-4c52-a126-537a18ab687d,2024-09-20,Processing_and_Packaging,Dem08,Female,Female Youth,No disability,Adamawa,Demsa
28b02ee6-d5aa-4a78-acdc-9ca0843db5a4,2024-09-20,Waste_Management_and_recycling_training_and_demonstration,Dem08,Female,Female Youth,No disability,Adamawa,Demsa
b66e5d68-4981-456a-8fe8-8c21a07d4640,2024-09-20,Processing_and_Packaging,Dem09,Male,Male Youth,No disability,Adamawa,Demsa
681c8b83-823c-475e-b6be-34134c99d5b5,2024-09-20,Waste_Management_and_recycling_training_and_demonstration,Dem09,Male,Male Youth,No disability,Adamawa,Demsa
958e804e-31fc-47ca-a715-e1d90f1f4b90,2024-09-18,Processing_and_Packaging,Dem10,Female,Female Youth,No disability,Adamawa,Demsa
613187aa-023a-4695-b12e-9bf90b171f24,2024-09-18,Waste_Management_and_recycling_training_and_demonstration,Dem10,Female,Female Youth,No disability,Adamawa,Demsa
61b523ee-d07f-4bb7-a2fc-edc7355bb44a,2024-09-20,Processing_and_Packaging,Dem11,Female,Female Youth,No disability,Adamawa,Demsa
0ff552eb-275f-4127-8367-ea5d93483cff,2024-09-20,Waste_Management_and_recycling_training_and_demonstration,Dem11,Female,Female Youth,No disability,Adamawa,Demsa
083c9de4-6d77-4226-9425-4957d776bce7,2024-09-20,Processing_and_Packaging,Dem12,Female,Female Youth,No disability,Adamawa,Demsa
38d179ec-6176-4267-a75d-937ebdec33d8,2024-09-20,Waste_Management_and_recycling_training_and_demonstration,Dem12,Female,Female Youth,No disability,Adamawa,Demsa
db6fc3e6-5967-4de0-be2c-36a373c4cfd2,2024-09-20,Processing_and_Packaging,Dem14,Female,Female Youth,No disability,Adamawa,Demsa
9265b59a-f06b-4adc-a766-f17f2ddc65fc,2024-09-20,Waste_Management_and_recycling_training_and_demonstration,Dem14,Female,Female Youth,No disability,Adamawa,Demsa
82c0b170-3997-42d5-b826-0539f4b13103,2024-09-20,Processing_and_Packaging,Dem13,Male,Male Youth,No disability,Adamawa,Demsa
6bfd7296-733c-4542-bacd-066722d99db3,2024-10-20,Waste_Management_and_recycling_training_and_demonstration,Dem13,Male,Male Youth,No disability,Adamawa,Demsa
f77eb17d-d5a3-41e4-9ca2-ae3ee3e872fe,2024-09-18,Processing_and_Packaging,Dem15,Female,Female Youth,No disability,Adamawa,Demsa
43990c99-39d6-4e37-9da3-738a1f9ca017,2024-09-20,Waste_Management_and_recycling_training_and_demonstration,Dem15,Female,Female Youth,No disability,Adamawa,Demsa
4c68cd05-000f-4b67-b567-a2063a669c07,2024-09-18,Processing_and_Packaging,Bag05,Male,Male Youth,No disability,Kano,Bagwai
f25b7a8e-bb49-41c0-a8c1-e591457014a8,2024-09-18,Processing_and_Packaging,Dem15,Female,Female Youth,No disability,Adamawa,Demsa
67a6a9a3-fffa-4a46-a0ef-c00afe9e28b8,2024-09-18,Processing_and_Packaging,Dem16,Female,Female Youth,No disability,Adamawa,Demsa
ac7b5866-d4f9-401c-829b-18679daf2ca2,2024-09-18,Waste_Management_and_recycling_training_and_demonstration,Dem16,Female,Female Youth,No disability,Adamawa,Demsa
88164cc4-2900-418d-8ea6-a51453742f4f,2024-10-18,Processing_and_Packaging,Dem16,Female,Female Youth,No disability,Adamawa,Demsa
9eb095bc-a9cf-446c-a7c6-1c9e9248de0c,2024-09-18,Processing_and_Packaging,Gir01,Female,Female Youth,No disability,Adamawa,Girei
e2c216e9-f962-424c-b097-89baa4215fee,2024-09-20,Processing_and_Packaging,Dem17,Male,Male Youth,No disability,Adamawa,Demsa
58829ef5-65ac-4a3c-b376-51f4234936e2,2024-09-18,Processing_and_Packaging,Gir03,Male,Male Youth,No disability,Adamawa,Girei
383c3bd2-dead-41db-8d53-bae3347e94cb,2024-09-20,Waste_Management_and_recycling_training_and_demonstration,Gir03,Male,Male Youth,No disability,Adamawa,Girei
05a0e7eb-0782-41e1-b50e-f788fc90847c,2024-09-20,Waste_Management_and_recycling_training_and_demonstration,Gir01,Female,Female Youth,No disability,Adamawa,Girei
51d70bf6-490f-4915-9f6b-9f0a9ceaea43,2024-09-18,Processing_and_Packaging,Gir02,Female,Female Youth,No disability,Adamawa,Girei
a82bcf1b-8d99-4894-86b9-c26c552370c9,2024-09-20,Waste_Management_and_recycling_training_and_demonstration,Gir02,Female,Female Youth,No disability,Adamawa,Girei
7b166457-cd1c-4cd5-8190-3a5ddbbaaf62,2024-09-18,Processing_and_Packaging,Gir02,Female,Female Youth,No disability,Adamawa,Girei
4115929b-7581-4548-8659-f9eec0bc3a65,2024-09-18,Processing_and_Packaging,Gir04,Male,Male Youth,No disability,Adamawa,Girei
69859af7-9a06-46d5-96d0-7f0003a0012b,2024-09-18,Waste_Management_and_recycling_training_and_demonstration,Gir04,Male,Male Youth,No disability,Adamawa,Girei
e9647cdd-cc7c-485d-b4ff-ee47765767c0,2024-09-20,Processing_and_Packaging,Gir05,Female,Female Youth,No disability,Adamawa,Girei
13e78580-d921-4866-86af-f1db5488a24c,2024-09-20,Processing_and_Packaging,Gir06,Female,Female Youth,No disability,Adamawa,Girei
d24de161-ddf5-45e6-b3aa-a7755269a17b,2024-09-18,Processing_and_Packaging,Gir07,Female,Female Youth,No disability,Adamawa,Girei
0f317f89-3222-41aa-a1cc-ccab0be36f40,2024-09-20,Processing_and_Packaging,Gir08,Male,Male Youth,No disability,Adamawa,Girei
1a474698-336e-4f13-be3d-064e718115ac,2024-09-20,Processing_and_Packaging,Yls01,Female,Female Youth,No disability,Adamawa,Yola_South
13ee7eaa-0916-45c5-8405-fa9e7c88ee1f,2024-09-20,Processing_and_Packaging,Yls02,Female,Female Youth,No disability,Adamawa,Yola_South
37851fc3-158a-42bc-9f57-37441fabd96e,2024-09-20,Processing_and_Packaging,Yls03,Male,Male Youth,No disability,Adamawa,Yola_South
d8b7ae65-6808-42a0-9a36-89783a38cd2f,2024-09-20,Processing_and_Packaging,Yls04,Male,Male Youth,No disability,Adamawa,Yola_South
02649748-f36d-4ce0-9e07-d467753146ae,2024-09-20,Processing_and_Packaging,Yls05,Female,Female Youth,No disability,Adamawa,Yola_South
fb6b9e45-cc85-430c-a226-29fc93ae90a6,2024-09-20,Processing_and_Packaging,Yls06,Female,Female Youth,No disability,Adamawa,Yola_South
de95a6b1-09c0-4d72-a63d-f28ad61cf290,2024-09-20,Processing_and_Packaging,Yls07,Male,Male Youth,No disability,Adamawa,Yola_South
01b30ea9-f4c4-4cb5-b58c-0c483f95ca85,2024-09-20,Processing_and_Packaging,Yls08,Male,Male Youth,No disability,Adamawa,Yola_South
defa50cf-4b27-407c-bab0-85866e33d6d4,2024-09-20,Waste_Management_and_recycling_training_and_demonstration,Yls08,Male,Male Youth,No disability,Adamawa,Yola_South
fd6e6f10-48ab-474e-b96d-b866b462fac2,2024-09-20,Processing_and_Packaging,Alk01,Male,Male Youth,No disability,Bauchi,Alkaleri
38cc6e1b-c10d-463f-86f4-2d3dba87ffe9,2024-09-20,Processing_and_Packaging,Alk02,Male,Male Youth,No disability,Bauchi,Alkaleri
ef8ac499-4c48-4ee0-a160-d17f1846ddb2,2024-09-20,Processing_and_Packaging,Alk03,Female,Female Youth,No disability,Bauchi,Alkaleri
88aeb527-6613-4b9f-88df-f52b7aa65058,2024-09-20,Processing_and_Packaging,Bau09,Male,Male Youth,No disability,Bauchi,Bauchi
52e8a3ec-6a93-4124-afd7-48783689f368,2024-09-18,Processing_and_Packaging,Bau10,Male,Male Youth,No disability,Bauchi,Bauchi
c6c3a2df-ad2b-4f57-8339-e73f328301c3,2024-09-18,Processing_and_Packaging,Bau11,Female,Female Youth,No disability,Bauchi,Bauchi
590bdd53-f0db-4625-8465-2f7cdc6d53ff,2024-09-18,Processing_and_Packaging,Bau12,Male,Male Youth,No disability,Bauchi,Bauchi
9f64fced-4acc-43a3-8628-65edad239dab,2024-09-18,Processing_and_Packaging,Bau13,Male,Male Youth,No disability,Bauchi,Bauchi
4881e3e3-f918-49af-b371-7590197ab4d4,2024-09-20,Processing_and_Packaging,Bau14,Female,Female Youth,No disability,Bauchi,Bauchi
4217c119-6187-4dc2-affe-0ffa46ef2519,2024-09-20,Processing_and_Packaging,Bau15,Male,Male Youth,No disability,Bauchi,Bauchi
daea3c6d-1391-468d-ae51-0676c7b388ce,2024-09-20,Processing_and_Packaging,Bau16,Male,Male Youth,No disability,Bauchi,Bauchi
556edeca-519c-439d-bff7-2b0128166a1c,2024-09-18,Processing_and_Packaging,Bau17,Female,Female Youth,No disability,Bauchi,Bauchi
274b56f4-1b3d-4f79-9e05-2817ca819979,2024-09-18,Processing_and_Packaging,Das07,Male,Male Youth,No disability,Bauchi,Dass
2c355f06-47c4-4a87-b129-9df53af58392,2024-09-20,Processing_and_Packaging,Das08,Male,Male Youth,No disability,Bauchi,Dass
fca963af-c52d-438a-8ce0-615d392281f8,2024-09-20,Processing_and_Packaging,Das09,Male,Male Youth,No disability,Bauchi,Dass
7c229fb8-149a-4b62-a523-0d85eeea8d45,2024-09-18,Processing_and_Packaging,Das10,Female,Female Youth,No disability,Bauchi,Dass
b9874451-bb59-41d8-962e-6ffedfeeb125,2024-09-18,Processing_and_Packaging,Gan08,Female,Female Youth,No disability,Bauchi,Ganjuwa
950342dd-f2fa-4261-a57b-790cd7000ed8,2024-09-18,Processing_and_Packaging,Gan09,Male,Male Youth,No disability,Bauchi,Ganjuwa
a2e5a38b-d8e2-484d-89ae-78e83d9ff75a,2024-09-18,Processing_and_Packaging,Gan11,Female,Female Youth,No disability,Bauchi,Ganjuwa
517100ce-9ab4-4b3c-bd6a-c964d3e4e083,2024-09-18,Processing_and_Packaging,Nin14,Female,Female Youth,No disability,Bauchi,Ningi
1f54b47a-afb6-41f9-baf2-1dc64343fe57,2024-09-18,Processing_and_Packaging,Nin15,Female,Female Youth,No disability,Bauchi,Ningi
c5bb1447-6233-4330-940d-5c19aa6adbe0,2024-09-18,Processing_and_Packaging,Nin16,Male,Male Youth,No disability,Bauchi,Ningi
67161f71-5eeb-4512-88b1-d631640f4e37,2024-09-18,Processing_and_Packaging,Nin17,Male,Male Youth,No disability,Bauchi,Ningi
d09f74fd-e98e-4c44-bb55-70c56ac95bb4,2024-09-18,Processing_and_Packaging,Taf02,Female,Female Youth,No disability,Bauchi,Tafawa_Balewa
661e9d37-57c9-4b28-8ecd-fb7a537f3bb7,2024-09-18,Processing_and_Packaging,Taf03,Male,Male Youth,No disability,Bauchi,Tafawa_Balewa
901e43c9-488f-4510-9da1-d93cfee0488f,2024-09-18,Processing_and_Packaging,Taf04,Male,Male Youth,No disability,Bauchi,Tafawa_Balewa
9ddf8487-6185-4201-9d90-58af922fe5c7,2024-09-18,Processing_and_Packaging,Taf05,Male,Male Youth,No disability,Bauchi,Tafawa_Balewa
4f030091-b658-4335-bb2e-d7e2f6029179,2024-09-18,Processing_and_Packaging,Tor02,Male,Male Youth,No disability,Bauchi,Toro
4a2a8e31-e3c2-442f-b860-8f4418a8f265,2024-09-18,Processing_and_Packaging,Tor03,Male,Male Youth,No disability,Bauchi,Toro
54876349-3cbc-4e93-9337-12499db64554,2024-09-18,Processing_and_Packaging,Tor04,Female,Female Youth,No disability,Bauchi,Toro
75549997-a49b-46d5-b515-d802fa1693a1,2024-09-18,Processing_and_Packaging,Tor05,Male,Male Youth,No disability,Bauchi,Toro
67af2210-8e90-4415-8452-c68a3823c0a8,2024-09-18,Processing_and_Packaging,War03,Male,Male Youth,No disability,Bauchi,Warji
f2f8aa39-ccf6-407d-a15e-58d4a8d83d04,2024-09-18,Processing_and_Packaging,War04,Male,Male Youth,No disability,Bauchi,Warji
aa67a196-6735-4e9a-8f47-27066c8da84c,2024-09-18,Processing_and_Packaging,War05,Female,Female Youth,No disability,Bauchi,Warji
0fcc5e55-d3fc-42dd-ad58-07e48860438c,2024-10-18,Processing_and_Packaging,Gee01,Male,Male Youth,No disability,Benue,Gwer-East
ec06c9a5-acf4-41b8-b9b4-2aea85ecc04e,2024-09-18,Waste_Management_and_recycling_training_and_demonstration,Gee01,Male,Male Youth,No disability,Benue,Gwer-East
14060275-e17c-4840-8547-7537746ee2ff,2024-09-18,Processing_and_Packaging,Gee01,Male,Male Youth,No disability,Benue,Gwer-East
2f50a70e-2559-40f1-a153-c82b78e070d9,2024-09-18,Processing_and_Packaging,Gee02,Male,Male Youth,No disability,Benue,Gwer-East
f90027e8-1e3e-45a1-ba61-16195ab35c17,2024-09-18,Processing_and_Packaging,Gee03,Female,Female Youth,No disability,Benue,Gwer-East
6cc25af9-5a5c-4e2f-af6e-caeabe3953ac,2024-09-18,Processing_and_Packaging,Gee04,Male,Male Youth,No disability,Benue,Gwer-East
d5adc016-cfa1-4140-87c6-4225677f33d8,2024-09-18,Processing_and_Packaging,Gee05,Male,Male Youth,No disability,Benue,Gwer-East
56ab1edf-ba18-4455-87a1-594905615a38,2024-09-18,Processing_and_Packaging,Gee06,Female,Female Youth,No disability,Benue,Gwer-East
8c0cad8d-5a7c-49d1-8173-4e9c95475f36,2024-09-18,Processing_and_Packaging,Gee07,Female,Female Youth,No disability,Benue,Gwer-East
c27a70a1-cc8a-4e8e-9e80-1676e73239d9,2024-09-18,Processing_and_Packaging,Gum07,Male,Male Youth,No disability,Benue,Guma
ff8c0a81-fdad-4689-8bb6-b5454d7bed81,2024-09-18,Processing_and_Packaging,Gum08,Male,Male Youth,No disability,Benue,Guma
5f692016-9e05-4dea-a568-68f3f5714141,2024-09-18,Processing_and_Packaging,Gum09,Female,Female Youth,No disability,Benue,Guma
96e3dfb4-a419-42e7-9614-9cf8b60c2bb6,2024-09-18,Processing_and_Packaging,Gum10,Male,Male Youth,No disability,Benue,Guma
71010078-294b-4dc6-8d04-104af82e2b8b,2024-09-18,Processing_and_Packaging,Gum11,Male,Male Youth,No disability,Benue,Guma
90a22ad7-1840-4d26-b4fe-b1a271fb181d,2024-09-18,Processing_and_Packaging,Gum12,Male,Male Youth,No disability,Benue,Guma
5adc9fb3-212e-4cf5-81e7-302bab70b778,2024-09-18,Processing_and_Packaging,Gum13,Female,Female Youth,No disability,Benue,Guma
04fb7b4f-878a-4291-a204-7da1dfdaf007,2024-09-18,Processing_and_Packaging,Gun08,Male,Male Youth,No disability,Benue,Guma
3299e760-4562-4340-93db-007ff48f98fa,2024-09-18,Processing_and_Packaging,Mak12,Male,Male Youth,No disability,Benue,Markurdi
539f5c4f-4f8e-40c8-b613-6aa137b10d93,2024-09-18,Processing_and_Packaging,Mak13,Male,Male Youth,No disability,Benue,Markurdi
d66227b9-07fe-4853-836a-f8aee6c92112,2024-09-18,Processing_and_Packaging,Mak14,Female,Female Youth,No disability,Benue,Markurdi
da20e19c-b622-4502-ba0f-ca7fc4c46524,2024-09-18,Processing_and_Packaging,Mak15,Female,Female Youth,No disability,Benue,Markurdi
01927d71-d594-44f1-ab40-456d18e3db87,2024-09-18,Waste_Management_and_recycling_training_and_demonstration,Mak16,Male,Male Youth,No disability,Benue,Markurdi
b5670f1c-b36d-4d7c-ae0a-dac87c841971,2024-09-18,Processing_and_Packaging,Oju09,Male,Male Youth,No disability,Benue,Oju
ae472d91-d0b1-433a-a3ba-e19a1883ddfd,2024-09-18,Processing_and_Packaging,Oju10,Male,Male Youth,No disability,Benue,Oju
7ccc6931-b3c9-4f42-a7ce-2830a7bb206e,2024-09-18,Processing_and_Packaging,Oju11,Male,Male Youth,No disability,Benue,Oju
d5b8ffc9-de80-454b-babf-9d3f7e5eaf92,2024-09-18,Processing_and_Packaging,Oju12,Male,Male Youth,No disability,Benue,Oju
921c736b-81b2-494d-a0da-92686ffdb2ea,2024-09-18,Processing_and_Packaging,Oju13,Male,Male Youth,No disability,Benue,Oju
5ddaea0a-0d72-4c88-91e9-8bfcbb3026e7,2024-09-18,Processing_and_Packaging,Oju14,Male,Male Youth,No disability,Benue,Oju
3c714ae1-f1d5-45c2-8df0-be1b4c000ea1,2024-09-18,Processing_and_Packaging,Oju15,Male,Male Youth,No disability,Benue,Oju
62f95ab2-8d84-428d-8267-b3ca2c70b108,2024-09-18,Processing_and_Packaging,Tar01,Female,Female Youth,No disability,Benue,Tarka
bca83bad-516d-4d63-882f-b6d854bb55b9,2024-09-18,Processing_and_Packaging,Tar02,Female,Female Youth,No disability,Benue,Tarka
75cb5a1c-31a5-4aec-9ba8-6d8a91d372e4,2024-09-18,Processing_and_Packaging,Tar03,Female,Female Youth,No disability,Benue,Tarka
b4d75c27-baad-4fa9-b272-71fb2c93dd67,2024-09-18,Processing_and_Packaging,Tar04,Male,Male Youth,No disability,Benue,Tarka
9eba803d-606d-481d-a6c4-38b04d616a12,2024-09-18,Processing_and_Packaging,Tar05,Male,Male Youth,No disability,Benue,Tarka
ca1fcbb6-7618-4a17-a0a1-28d940090c75,2024-09-18,Processing_and_Packaging,Tar06,Female,Female Youth,No disability,Benue,Tarka
8ace93f8-5334-4595-80e8-7119f3692b44,2024-09-18,Processing_and_Packaging,Tar07,Male,Male Youth,No disability,Benue,Tarka
6d2a4eec-4cfd-4a7a-b20d-c14dda4d2892,2024-09-18,Processing_and_Packaging,Aba01,Female,Female Youth,No disability,FCT,Abaji_Area_Council
6d6af301-4c8e-440b-b8cf-0b9183910c40,2024-09-18,Waste_Management_and_recycling_training_and_demonstration,Aba01,Female,Female Youth,No disability,FCT,Abaji_Area_Council
feed3b13-57c5-4bf5-9541-0fb2a8eed65e,2024-09-18,Processing_and_Packaging,Aba02,Male,Male Youth,No disability,FCT,Abaji_Area_Council
32c073c9-7b6e-44c8-bfc5-294167a67520,2024-09-18,Processing_and_Packaging,Aba03,Male,Male Youth,No disability,FCT,Abaji_Area_Council
615306e3-5ce5-4878-8caf-022323567516,2024-09-18,Processing_and_Packaging,Aba04,Female,Female Youth,No disability,FCT,Abaji_Area_Council
48858031-60ea-47a4-b389-13682a7ed965,2024-09-18,Processing_and_Packaging,Aba05,Male,Male Youth,No disability,FCT,Abaji_Area_Council
4e790be8-43de-4e0a-8455-7b25a3253fe6,2024-09-18,Processing_and_Packaging,Ama40,Female,Female Youth,No disability,FCT,Municipal_Area_Council
f7ebca15-f52a-47fc-b2c5-5cd72b8bb429,2024-09-18,Processing_and_Packaging,Bwa12,Female,Female Youth,No disability,FCT,Bwari_Area_Council
21353a44-a2e7-4ebc-a39d-b9bd469547f8,2024-09-18,Processing_and_Packaging,Bwa13,Female,Female Youth,No disability,FCT,Bwari_Area_Council
62cc7e84-4577-486e-8bc3-9a2f9744da37,2024-09-18,Processing_and_Packaging,Bwa14,Female,Female Youth,No disability,FCT,Bwari_Area_Council
1e7cc628-7c18-4266-9409-10a2fd7bb9f4,2024-09-18,Processing_and_Packaging,Bwa15,Female,Female Youth,No disability,FCT,Bwari_Area_Council
e482af20-fe3f-4570-ba8a-fbd2d3098e2a,2024-09-18,Processing_and_Packaging,Gwa17,Male,Male Youth,No disability,FCT,Bwari_Area_Council
1eca5270-98fd-40da-a874-950b7830a639,2024-09-18,Processing_and_Packaging,Gwa18,Male,Male Youth,No disability,FCT,Gwagwalada_Area_Council
f659979a-e300-4229-8eff-63968071294e,2024-09-18,Processing_and_Packaging,Gwa19,Female,Female Youth,No disability,FCT,Gwagwalada_Area_Council
e4a7b047-cc95-4266-906c-ddff1a4854f1,2024-09-18,Processing_and_Packaging,Gwa20,Female,Female Youth,No disability,FCT,Gwagwalada_Area_Council
1308a5d8-c68b-4ffd-98a7-a04fadf29083,2024-09-18,Processing_and_Packaging,Gwa21,Male,Male Youth,No disability,FCT,Gwagwalada_Area_Council
482acf5c-e6b5-4cf6-b3f6-2e7018bd6a7a,2024-09-18,Processing_and_Packaging,Gwa22,Female,Female Youth,No disability,FCT,Gwagwalada_Area_Council
fd7e5d06-1717-4e22-b7ef-8cc8f02ab1da,2024-09-18,Processing_and_Packaging,Gwa23,Male,Male Youth,No disability,FCT,Gwagwalada_Area_Council
05d242f0-87bf-414f-9f62-17d921c7fee3,2024-09-18,Processing_and_Packaging,Gwa24,Male,Male Youth,No disability,FCT,Gwagwalada_Area_Council
a1e8eca5-9ef1-4ac2-89b1-929ab35d3a7c,2024-09-18,Processing_and_Packaging,Gwa25,Female,Female Youth,No disability,FCT,Gwagwalada_Area_Council
12d67470-4f9f-4368-aef7-08d0aa3f414a,2024-09-18,Processing_and_Packaging,Gwa26,Female,Female Youth,No disability,FCT,Gwagwalada_Area_Council
fe6616bd-591f-44dd-8b24-ec9d3eda9851,2024-09-18,Processing_and_Packaging,Gwa27,Female,Female Youth,No disability,FCT,Gwagwalada_Area_Council
b705dc90-e5d7-4e2e-87ff-05bf1295608c,2024-09-18,Processing_and_Packaging,Gwa28,Female,Female Youth,No disability,FCT,Gwagwalada_Area_Council
40e0da09-ef62-4c3a-9854-4fbf14851ef7,2024-09-18,Processing_and_Packaging,Kuj02,Female,Female Youth,No disability,FCT,Kuje_Area_Council
d80cdb8a-c349-4d0d-86ba-ffd7c4a55a52,2024-09-18,Processing_and_Packaging,Kuj03,Female,Female Youth,No disability,FCT,Kuje_Area_Council
5cdc826e-f081-43de-9ba6-4254b285bce9,2024-09-18,Processing_and_Packaging,Kuj04,Male,Male Youth,No disability,FCT,Kuje_Area_Council
fccbee2b-776b-42bb-b847-589a0eb32cc3,2024-09-18,Processing_and_Packaging,Kuj05,Female,Female Youth,No disability,FCT,Kuje_Area_Council
f6f0b276-e062-48e0-b111-448dae01e8f7,2024-09-18,Processing_and_Packaging,Kuj06,Female,Female Youth,No disability,FCT,Kuje_Area_Council
3ff538e7-4341-40fb-8164-a07959de0b2e,2024-09-18,Processing_and_Packaging,Kwl08,Male,Male Youth,No disability,FCT,Kwali_Area_Council
55754a89-af3f-44eb-9ef3-a69381884edf,2024-09-18,Processing_and_Packaging,Kwl09,Female,Female Youth,No disability,FCT,Kwali_Area_Council
5a8fb1fb-fd93-413f-b6b7-078ff33af43f,2024-09-18,Processing_and_Packaging,Kwl10,Male,Male Youth,No disability,FCT,Kwali_Area_Council
51204577-71ff-4244-bf53-fdf7a6e2a270,2024-09-18,Processing_and_Packaging,Kwl11,Female,Female Youth,No disability,FCT,Kwali_Area_Council
b466d468-73c5-429d-9018-77bd26b830c7,2024-09-18,Processing_and_Packaging,Kwl12,Male,Male Youth,No disability,FCT,Kwali_Area_Council
fb1fef23-1530-4740-a69f-9de5cfb6a3f8,2024-09-18,Processing_and_Packaging,Kwl13,Female,Female Youth,No disability,FCT,Kwali_Area_Council
c6ee5af5-eae7-47bf-abfa-b83d4d66c5eb,2024-09-18,Processing_and_Packaging,Kwl14,Male,Male Youth,No disability,FCT,Kwali_Area_Council
01cad1a4-e321-4db5-a253-64c0a63ae0b9,2024-09-18,Processing_and_Packaging,Akk01,Male,Male Youth,No disability,Gombe,Akko
e6f07d02-950d-41eb-8c7d-088c93f68c81,2024-09-18,Processing_and_Packaging,Akk02,Female,Female Youth,No disability,Gombe,Akko
f4a63d64-5684-4222-8d47-9a85d3e45ccf,2024-09-18,Processing_and_Packaging,Akk03,Male,Male Youth,No disability,Gombe,Akko
c44fbb9b-1961-4d88-8e22-9af0f8eb6b58,2024-09-18,Processing_and_Packaging,Akk04,Female,Female Youth,No disability,Gombe,Akko
fcecbb80-dada-4495-94c3-64319405ce11,2024-09-18,Processing_and_Packaging,Akk05,Male,Male Youth,No disability,Gombe,Akko
15586669-d55f-4a22-92be-bc05e1a76a6f,2024-09-18,Processing_and_Packaging,Akk06,Male,Male Youth,Persons with disability,Gombe,Akko
4fc16e19-4627-4780-82e0-e894a22b3cc4,2024-09-18,Processing_and_Packaging,Bill01,Female,Female Youth,No disability,Gombe,Billiri
8b22b01a-def5-4806-95b8-9b13b3d0fc58,2024-09-18,Processing_and_Packaging,Bill02,Female,Female Youth,No disability,Gombe,Billiri
3bcbd312-7352-4b61-b134-dafdfbc50750,2024-09-18,Processing_and_Packaging,Bill03,Female,Female Youth,No disability,Gombe,Billiri
e78323d6-a90a-4a90-989b-3238c0e261ce,2024-09-18,Processing_and_Packaging,Bill04,Female,Female Youth,No disability,Gombe,Billiri
522f6d9b-f84c-4925-b4c6-e69f1460d918,2024-09-18,Processing_and_Packaging,Bill05,Female,Female Youth,No disability,Gombe,Billiri
3bfb2044-36e6-497c-a39e-77264b4d1e42,2024-09-18,Processing_and_Packaging,Bill06,Male,Male Youth,No disability,Gombe,Billiri
f420ef09-c2ed-4326-9e3c-e03bbe4063a3,2024-09-18,Processing_and_Packaging,Bill07,Male,Male Youth,No disability,Gombe,Billiri
4a44cfe2-4f6e-4d24-9be6-4de13fb8e542,2024-09-18,Processing_and_Packaging,Bill08,Male,Male Youth,No disability,Gombe,Billiri
11adf873-4f34-4fa2-ac5e-50dce0932aa3,2024-09-18,Processing_and_Packaging,Bill09,Female,Female Youth,No disability,Gombe,Billiri
964210af-9684-4173-810a-16e867ba3464,2024-09-18,Processing_and_Packaging,Gom18,Male,Male Youth,No disability,Gombe,Gombe
f90eff58-c3d4-493d-97a8-f746184d5295,2024-09-18,Processing_and_Packaging,Gom20,Female,Female Youth,No disability,Gombe,Gombe
25ee0240-3ad1-4607-bb58-6166149efad8,2024-09-18,Processing_and_Packaging,Gom21,Female,Female Youth,No disability,Gombe,Gombe
05fd67a4-62c7-4f14-a529-63c4e52179b0,2024-10-18,Processing_and_Packaging,Gom22,Female,Female Youth,No disability,Gombe,Gombe
749febd6-7129-4aab-8087-3914ff4707bf,2024-10-18,Processing_and_Packaging,Gom23,Female,Female Youth,No disability,Gombe,Gombe
87430656-e40e-48cf-8575-f1f2379babf8,2024-09-18,Processing_and_Packaging,Gom24,Female,Female Youth,No disability,Gombe,Gombe
ea0235e8-02bd-4440-845f-5da88e5c615b,2024-09-18,Processing_and_Packaging,Gom25,Female,Female Youth,No disability,Gombe,Gombe
d47aafd7-2cdf-42ce-811f-07e99c5095e6,2024-09-18,Processing_and_Packaging,Gom26,Male,Male Youth,No disability,Gombe,Gombe
ac7c17f4-35b0-4b89-9548-95213d1f34a7,2024-09-18,Processing_and_Packaging,Gom28,Male,Male Youth,No disability,Gombe,Gombe
2abd664c-3e4d-44f0-9acb-a9c6f7e7e4ac,2024-09-18,Processing_and_Packaging,Gom29,Male,Male Youth,No disability,Gombe,Gombe
86b01757-eed1-44c2-8d00-4fc25366be61,2024-09-18,Processing_and_Packaging,Kal12,Female,Female Youth,No disability,Gombe,Kaltungo
aefc03e2-7952-4eb3-9734-03d20b907f69,2024-09-18,Processing_and_Packaging,Kal13,Male,Male Youth,No disability,Gombe,Kaltungo
f24cad10-07c4-4422-9956-7cc8115862dd,2024-09-18,Processing_and_Packaging,Kal14,Female,Female Youth,No disability,Gombe,Kaltungo
c2765c7d-9c8a-445b-b9b2-92d1bf1cf27c,2024-09-18,Processing_and_Packaging,Kal15,Female,Female Youth,No disability,Gombe,Kaltungo
cfe14c1d-ae76-4194-9d5b-09fadd31c8ad,2024-09-18,Processing_and_Packaging,Kal16,Male,Male Youth,No disability,Gombe,Kaltungo
3687cf51-e47d-4b59-8841-796f385c869d,2024-09-18,Processing_and_Packaging,Kal17,Female,Female Youth,No disability,Gombe,Kaltungo
23a38fe9-c24b-488c-9fd0-c095f2a2b632,2024-09-18,Processing_and_Packaging,Kal18,Female,Female Youth,No disability,Gombe,Kaltungo
2aae7ca9-bde6-4fa5-93d9-e9142bb0df6b,2024-09-18,Processing_and_Packaging,Kal19,Female,Female Youth,No disability,Gombe,Kaltungo
1109768f-c1f8-4249-a403-169a9017447e,2024-09-18,Processing_and_Packaging,Kwa29,Male,Male Youth,No disability,Gombe,Kwami
02921185-87ea-4498-97b3-66f3e32724de,2024-10-18,Processing_and_Packaging,Sha01,Male,Male Youth,No disability,Gombe,Shongom
e93fc9ae-da1c-4462-98ae-8eaa73c5a6b4,2024-09-18,Processing_and_Packaging,Sha02,Male,Male Youth,No disability,Gombe,Shongom
8c888438-4fa7-407a-beb0-129d0ab1ae79,2024-09-18,Processing_and_Packaging,Sha03,Female,Female Youth,No disability,Gombe,Shongom
d43dee59-6ac7-4859-97b3-556210517f73,2024-09-18,Processing_and_Packaging,Sha04,Female,Female Youth,No disability,Gombe,Shongom
7c5c1c05-6433-4222-8384-1d30b0c08c80,2024-09-18,Processing_and_Packaging,Sha05,Female,Female Youth,No disability,Gombe,Shongom
25528be4-794e-46a2-88f4-4339f0e3002b,2024-10-18,Processing_and_Packaging,Sha06,Male,Male Youth,No disability,Gombe,Shongom
210c7d93-fefc-4dc5-99f7-9c3f561411f9,2024-09-18,Processing_and_Packaging,Jah14,Male,Male Youth,No disability,Jigawa,Ringim
008ce2eb-3163-4afc-8619-368676ec3ed2,2024-09-18,Processing_and_Packaging,Jah39,Male,Male Youth,No disability,Jigawa,Jahun
ca7d46a0-906c-40f7-957b-a144c95e56bc,2024-09-18,Processing_and_Packaging,Jah40,Male,Male Youth,No disability,Jigawa,Jahun
8c26418b-8175-469c-9745-5ebe90e7d294,2024-09-18,Processing_and_Packaging,Jah41,Male,Male Youth,No disability,Jigawa,Jahun
19a64b65-1e6c-42b7-a490-84931b8c22a8,2024-09-18,Processing_and_Packaging,Jah42,Male,Male Youth,No disability,Jigawa,Jahun
e4e2cc54-6403-42da-bb97-c7488031eb57,2024-09-18,Processing_and_Packaging,Jah43,Male,Male Youth,No disability,Jigawa,Jahun
818e05f0-2565-45c5-9570-7d3b45e23846,2024-09-18,Processing_and_Packaging,Jah44,Female,Female Youth,No disability,Jigawa,Jahun
18a4b100-182b-4ed6-9595-399438b8e051,2024-09-18,Processing_and_Packaging,Jah45,Male,Male Youth,No disability,Jigawa,Jahun
7ae1d97c-cfc6-4b0c-9521-8233f1dbd9f4,2024-09-18,Processing_and_Packaging,Jah46,Female,Female Youth,No disability,Jigawa,Jahun
765a06f9-9b81-406c-a60e-fb4054e9badb,2024-09-18,Processing_and_Packaging,Jah47,Male,Male Youth,No disability,Jigawa,Jahun
6c16f9a8-8f9e-4eba-a188-54f87fcdb19a,2024-09-18,Processing_and_Packaging,Jah48,Female,Female Youth,No disability,Jigawa,Jahun
45d0a8ee-3fa1-48e5-8bdc-d1fff9606f53,2024-09-18,Processing_and_Packaging,Jah49,Male,Male Youth,No disability,Jigawa,Jahun
80fefdc2-32aa-4ceb-8af4-fae9d83cb647,2024-09-18,Processing_and_Packaging,Jah50,Male,Male Youth,No disability,Jigawa,Jahun
54669dfb-5fc5-4bee-bdce-896da35aebd9,2024-09-18,Processing_and_Packaging,Jah51,Female,Female Youth,No disability,Jigawa,Jahun
39dee591-4d05-4079-8961-1721a3ca4423,2024-09-18,Processing_and_Packaging,Jah52,Female,Female Youth,No disability,Jigawa,Jahun
cad76d2b-be63-4c2d-8607-cfba1dd7cdd8,2024-09-18,Processing_and_Packaging,Jah53,Male,Male Youth,No disability,Jigawa,Jahun
6e217285-6061-48e4-af59-9f62c6903d05,2024-09-18,Processing_and_Packaging,Jah54,Male,Male Youth,No disability,Jigawa,Jahun
64a2ddea-fed3-465d-8548-b8d4ca27bf4e,2024-09-18,Processing_and_Packaging,Jah55,Female,Female Youth,No disability,Jigawa,Jahun
ba207f8e-c6d9-4b91-ada7-dbc5ff6b8597,2024-09-18,Processing_and_Packaging,Jah56,Female,Female Youth,No disability,Jigawa,Jahun
f00b8165-2e12-40eb-a386-300dcc0c9a46,2024-09-18,Processing_and_Packaging,Jah57,Female,Female Youth,No disability,Jigawa,Jahun
079d5428-415c-4901-97e6-e8b33ed53cec,2024-09-18,Processing_and_Packaging,Jah58,Male,Male Youth,No disability,Jigawa,Jahun
bd4a7738-74a0-4e44-8157-181dbfa6d579,2024-09-18,Processing_and_Packaging,Jah59,Male,Male Youth,No disability,Jigawa,Jahun
3856a5fc-5428-4cdf-a3ff-0e8b54eb1d52,2024-09-18,Processing_and_Packaging,Jah60,Female,Female Youth,No disability,Jigawa,Jahun
c2ee84b0-8a2e-454b-b3ba-b5e7605ede6d,2024-09-18,Processing_and_Packaging,Jah61,Male,Male Youth,No disability,Jigawa,Jahun
b971c823-ca13-42f8-af60-9d2a3696253a,2024-09-18,Processing_and_Packaging,Jah62,Female,Female Youth,No disability,Jigawa,Jahun
522e515b-4c78-486d-b8e3-c22ce0ed10a2,2024-09-18,Processing_and_Packaging,Jah63,Male,Male Youth,No disability,Jigawa,Jahun
25701ebf-7acc-4f50-902f-0757b81cd2f5,2024-09-18,Processing_and_Packaging,Jah64,Male,Male Youth,No disability,Jigawa,Jahun
9e4338e5-7252-48f2-b825-34dc860d09cd,2024-09-18,Processing_and_Packaging,Jah65,Male,Male Youth,No disability,Jigawa,Jahun
ef6a61c4-5199-4c77-a0d0-4f7451224cf8,2024-09-18,Processing_and_Packaging,Jah66,Male,Male Youth,No disability,Jigawa,Jahun
a2e4d7b1-0a01-448d-9b99-50b86d418b82,2024-09-18,Processing_and_Packaging,Jah67,Male,Male Youth,No disability,Jigawa,Jahun
eef983b2-9c21-4851-a98f-90e525b07a94,2024-09-18,Processing_and_Packaging,Jah68,Male,Male Youth,No disability,Jigawa,Jahun
a75dcbc2-8a3e-4629-9bf7-58f704f02845,2024-09-18,Processing_and_Packaging,Jah69,Male,Male Youth,No disability,Jigawa,Jahun
74eb0bad-43ea-41d2-b4cc-dc64c9992cad,2024-09-18,Processing_and_Packaging,Jah70,Male,Male Youth,No disability,Jigawa,Jahun
873c8558-6861-43d9-93e2-e6c52e0cd5cd,2024-09-18,Processing_and_Packaging,Jah71,Male,Male Youth,No disability,Jigawa,Jahun
6fde0e50-e052-456d-a3d7-d736b58db9ea,2024-09-18,Processing_and_Packaging,Jah72,Male,Male Youth,No disability,Jigawa,Jahun
3f810b76-83f1-47d8-88e6-6b58f588275a,2024-09-18,Processing_and_Packaging,Jah73,Male,Male Youth,No disability,Jigawa,Jahun
f7b2da9b-a041-4817-b8fa-2d9e0620de69,2024-09-18,Processing_and_Packaging,Jah74,Male,Male Youth,No disability,Jigawa,Jahun
1215d960-b801-469f-8ba5-48b295c57122,2024-09-18,Processing_and_Packaging,Jah75,Male,Male Youth,No disability,Jigawa,Jahun
7ee8318b-0fe2-47cb-94fe-c55e1b7e91c9,2024-09-18,Processing_and_Packaging,Jah76,Male,Male Youth,No disability,Jigawa,Jahun
44369360-4ff6-4bbc-8624-931a392d7e80,2024-09-18,Processing_and_Packaging,Jah77,Male,Male Youth,No disability,Jigawa,Jahun
4da11f22-fcf1-41df-a7e9-ce254663f4b3,2024-09-18,Processing_and_Packaging,Jah78,Male,Male Youth,No disability,Jigawa,Jahun
984cfb57-3e42-47f2-a711-265cee6c3f0f,2024-09-18,Processing_and_Packaging,Jah79,Female,Female Youth,No disability,Jigawa,Jahun
00ce82b5-6d3a-4159-a7f1-34d40d6457e9,2024-09-18,Processing_and_Packaging,Jah80,Female,Female Youth,No disability,Jigawa,Jahun
340de476-4ff8-42be-bac1-f55830b3a9b1,2024-09-18,Processing_and_Packaging,Jah81,Female,Female Youth,No disability,Jigawa,Jahun
c36530aa-67d9-4876-a78b-9209e33b17e8,2024-09-18,Processing_and_Packaging,Jah82,Male,Male Youth,No disability,Jigawa,Jahun
1cb9225a-a4fd-4971-a46a-584192c45ff9,2024-09-18,Processing_and_Packaging,Jah83,Male,Male Youth,No disability,Jigawa,Jahun
270e37d7-4205-481a-9b92-be8a4e35b369,2024-09-18,Processing_and_Packaging,Jah84,Male,Male Youth,No disability,Jigawa,Jahun
28f61c51-32ac-467b-9ed5-de93e13bcbdf,2024-09-18,Processing_and_Packaging,Rin11,Male,Male Youth,No disability,Jigawa,Ringim
8e2685e2-d96e-4491-af0f-aa5c24ec83eb,2024-09-18,Processing_and_Packaging,Rin12,Male,Male Youth,No disability,Jigawa,Ringim
d5bafcf0-3ac6-47ce-acaf-c1aad310b21f,2024-09-18,Processing_and_Packaging,Rin13,Male,Male Youth,No disability,Jigawa,Ringim
30fc2321-fb42-4486-a4f0-020b8747328b,2024-09-18,Processing_and_Packaging,Rin15,Male,Male Youth,No disability,Jigawa,Ringim
56134539-52ba-4336-8f4f-2df51107034c,2024-09-18,Processing_and_Packaging,Rin16,Male,Male Youth,No disability,Jigawa,Ringim
4fa685bf-87ba-4384-a78e-740392875e50,2024-10-18,Processing_and_Packaging,Rin17,Male,Male Youth,No disability,Jigawa,Ringim
e63b84ac-52d6-40eb-b630-a0b17356b64e,2024-09-18,Processing_and_Packaging,Rin18,Female,Female Youth,No disability,Jigawa,Ringim
6f0928fa-cdbe-4f37-a161-c0f09be9b220,2024-09-18,Processing_and_Packaging,Rin19,Female,Female Youth,No disability,Jigawa,Ringim
9e10e9e2-c046-45b3-aecc-f564bab4630a,2024-09-18,Processing_and_Packaging,Rin20,Female,Female Youth,No disability,Jigawa,Ringim
4fc85c06-6f34-4454-b0d3-c80accad3a3a,2024-09-18,Processing_and_Packaging,Rin21,Female,Female Youth,No disability,Jigawa,Ringim
c922031e-8458-49ae-9288-be1966cebca2,2024-09-18,Processing_and_Packaging,Rin22,Female,Female Youth,No disability,Jigawa,Ringim
24af4dc5-68d7-4fda-a19f-bd9ccaa6fee0,2024-09-18,Processing_and_Packaging,Rin23,Female,Female Youth,No disability,Jigawa,Ringim
5b528765-b53b-4fb0-a68a-4b2a5a0acb5a,2024-09-18,Processing_and_Packaging,Rin24,Female,Female Youth,No disability,Jigawa,Ringim
0ea34f6a-d5b7-4d06-859f-bb2bf7a45753,2024-09-18,Processing_and_Packaging,Rin25,Male,Male Youth,No disability,Jigawa,Ringim
f37f292d-5fa2-4d64-a529-b99ff3103563,2024-09-18,Processing_and_Packaging,Rin26,Male,Male Youth,No disability,Jigawa,Ringim
31f14a87-076a-4f1a-a6f2-c348a15c3f79,2024-09-18,Processing_and_Packaging,Rin27,Male,Male Youth,No disability,Jigawa,Ringim
3198197e-9bd1-4558-a975-f5df0e16bde6,2024-09-18,Processing_and_Packaging,Rin28,Male,Male Youth,No disability,Jigawa,Ringim
8752c460-741b-4e4b-9828-2767737af8c4,2024-09-18,Processing_and_Packaging,Tau19,Female,Female Youth,No disability,Jigawa,Taura
c3032b2f-07be-4eee-b768-5c3399316c6e,2024-09-18,Processing_and_Packaging,Tau20,Male,Male Youth,No disability,Jigawa,Taura
26b823b0-8856-453a-838a-dcc517b4b2bc,2024-09-18,Processing_and_Packaging,Tau21,Male,Male Youth,No disability,Jigawa,Taura
5218a439-8105-49ef-8322-766d4c6b87a4,2024-09-18,Processing_and_Packaging,Tau22,Male,Male Youth,No disability,Jigawa,Taura
adbdf133-f058-4b41-b77c-70d627557a86,2024-09-18,Processing_and_Packaging,Tau23,Male,Male Youth,No disability,Jigawa,Taura
9d9e6d78-9141-4c9f-a3df-09533fd5ea43,2024-09-18,Processing_and_Packaging,Tau24,Female,Female Youth,No disability,Jigawa,Taura
7f0a4e04-b135-4346-ab4e-ba0fa2f63575,2024-09-18,Processing_and_Packaging,Tau25,Male,Male Youth,No disability,Jigawa,Taura
c34817df-6cad-46d5-8d4e-f71a05c99031,2024-09-18,Processing_and_Packaging,Tau26,Female,Female Youth,No disability,Jigawa,Taura
bafeae52-f19d-47f5-9d9e-c6f7e2c442e6,2024-09-18,Processing_and_Packaging,Tau28,Male,Male Youth,No disability,Jigawa,Taura
e9f2d412-bbcf-475c-8c55-13562815736e,2024-09-18,Processing_and_Packaging,Tau29,Male,Male Youth,No disability,Jigawa,Taura
bd63a74b-f6a6-498a-b825-bf48f5928cde,2024-09-18,Processing_and_Packaging,Chk14,Female,Female Youth,No disability,Kaduna,Chikun
0a22c8f9-f942-4546-ba5a-ab6f28ea0d35,2024-09-18,Processing_and_Packaging,Chk15,Male,Male Youth,No disability,Kaduna,Chikun
169f727f-8a70-4d24-bcf3-8b60c21a9143,2024-09-18,Processing_and_Packaging,Chk16,Female,Female Youth,No disability,Kaduna,Chikun
dbaf987d-34b1-446d-8638-a3e567138f2e,2024-09-18,Processing_and_Packaging,Chk17,Female,Female Youth,No disability,Kaduna,Chikun
e58495e6-c677-499b-9cdd-b2b53c28999c,2024-09-18,Processing_and_Packaging,Chk18,Female,Female Youth,No disability,Kaduna,Chikun
da1cc89c-7f28-42d1-ba3f-29d4af08bda5,2024-09-18,Processing_and_Packaging,Chk19,Female,Female Youth,No disability,Kaduna,Chikun
5b1ac071-1b87-454f-861d-0ae1ce1eba35,2024-09-18,Processing_and_Packaging,Chk20,Female,Female Youth,No disability,Kaduna,Chikun
3dc645c8-3e74-49e3-9dc1-556787867e5b,2024-09-18,Processing_and_Packaging,Ika11,Male,Male Youth,No disability,Kaduna,Ikara
49c5fe44-6f88-42dc-90fe-cd9b75c06377,2024-09-18,Processing_and_Packaging,Ika12,Male,Male Youth,No disability,Kaduna,Ikara
fcac8627-ae85-4518-b11b-cfde4fe3011a,2024-09-18,Processing_and_Packaging,Ika13,Male,Male Youth,No disability,Kaduna,Ikara
e12ee587-81db-4dbf-86aa-2084cdc406fb,2024-09-18,Processing_and_Packaging,Ika14,Male,Male Youth,No disability,Kaduna,Ikara
ffcb98f9-5351-43b8-ac37-4c33276f2a5e,2024-09-18,Processing_and_Packaging,Ika15,Male,Male Youth,No disability,Kaduna,Ikara
a08dbcf4-77cb-4ba2-9570-8d034bd22c72,2024-09-18,Processing_and_Packaging,Ika16,Male,Male Youth,No disability,Kaduna,Ikara
576d187d-6371-4bb8-9c3c-a331507eaf0a,2024-09-18,Processing_and_Packaging,Ika17,Male,Male Youth,No disability,Kaduna,Ikara
8deabe02-e3ac-4108-8292-4fbe3db0fd28,2024-09-18,Processing_and_Packaging,Ika18,Male,Male Youth,No disability,Kaduna,Ikara
3da69ba7-64cc-456d-9db4-de255a71d5fd,2024-09-18,Processing_and_Packaging,Ika19,Male,Male Youth,No disability,Kaduna,Ikara
21c12488-7f5f-40b7-8105-34e5f53452d0,2024-09-18,Processing_and_Packaging,Ika20,Male,Male Youth,No disability,Kaduna,Ikara
303c8d02-a629-4937-b9cf-0c3581768916,2024-09-18,Processing_and_Packaging,Ika21,Male,Male Youth,No disability,Kaduna,Ikara
14bdbc62-4b6e-4ee7-996e-691204d51deb,2024-09-18,Processing_and_Packaging,Ika22,Male,Male Youth,No disability,Kaduna,Ikara
daf7e9fc-9dec-48a7-9c8a-30d571e134d5,2024-09-18,Waste_Management_and_recycling_training_and_demonstration,Ika22,Male,Male Youth,No disability,Kaduna,Ikara
5d536611-9821-4e31-89a0-cd2a66638268,2024-09-18,Processing_and_Packaging,Ika23,Female,Female Youth,No disability,Kaduna,Ikara
b43aa048-4570-4b65-892d-16d1d893490d,2024-09-18,Processing_and_Packaging,Ika24,Female,Female Youth,No disability,Kaduna,Ikara
d56d1d9d-457c-42bf-b0f9-92edce46898f,2024-09-18,Processing_and_Packaging,Ika25,Female,Female Youth,No disability,Kaduna,Ikara
3866abfc-f554-4789-a7db-329e631e46a9,2024-09-18,Processing_and_Packaging,Ika26,Female,Female Youth,No disability,Kaduna,Ikara
8e35b6c4-c168-477f-81ab-5b02bc9faab4,2024-09-18,Processing_and_Packaging,Ika27,Female,Female Youth,No disability,Kaduna,Ikara
09443a83-13ee-4140-82ee-8500315593eb,2024-09-18,Processing_and_Packaging,Ika28,Female,Female Youth,No disability,Kaduna,Ikara
129691e8-c5f7-4d7c-a124-4cf68d142a87,2024-09-18,Processing_and_Packaging,Ika29,Female,Female Youth,No disability,Kaduna,Ikara
ebecf82f-cb65-403c-89c2-129b7c098d42,2024-09-18,Processing_and_Packaging,Ika30,Female,Female Youth,No disability,Kaduna,Ikara
ba941d73-d29d-4110-a6f5-138794ecc802,2024-09-18,Processing_and_Packaging,Ika31,Male,Male Youth,No disability,Kaduna,Ikara
d46fffda-cd76-4dc7-8f94-aaa7238c6a5e,2024-09-18,Processing_and_Packaging,Ika32,Male,Male Youth,No disability,Kaduna,Ikara
9a71f819-6726-4dc2-863e-0fcff4dfb67a,2024-09-18,Processing_and_Packaging,Ika33,Female,Female Youth,No disability,Kaduna,Ikara
897347e1-cf75-4e52-a586-0874710398e9,2024-10-18,Waste_Management_and_recycling_training_and_demonstration,Aba05,Male,Male Youth,No disability,FCT,Abaji_Area_Council
31e76333-a33a-42fe-9cf6-88909925a54c,2024-09-18,Processing_and_Packaging,Ika34,Female,Female Youth,No disability,Kaduna,Ikara
d38526d8-e6c9-445d-962a-e40f1dce74cd,2024-09-18,Processing_and_Packaging,Ika35,Male,Male Youth,No disability,Kaduna,Ikara
fa6cdc43-77cb-48ba-91c9-a3edec23fd59,2024-09-18,Processing_and_Packaging,Ika36,Male,Male Youth,No disability,Kaduna,Ikara
3d981932-152b-425c-89b8-97c1c009b566,2024-09-18,Processing_and_Packaging,Jab22,Female,Female Youth,No disability,Kaduna,Jaba
f1bd7b85-9c1e-4dc8-8ad9-bb18bd9be281,2024-09-18,Processing_and_Packaging,Jab23,Male,Male Youth,No disability,Kaduna,Jaba
154f595f-1509-4aed-a6ea-6f2d03a36817,2024-09-18,Processing_and_Packaging,Jab24,Female,Female Youth,No disability,Kaduna,Jaba
11bd2e20-744c-44d6-a345-e0cdd8099bdc,2024-09-18,Processing_and_Packaging,Jab25,Female,Female Youth,No disability,Kaduna,Jaba
10102f26-a15b-49bb-a1fc-6fb72159d37e,2024-09-18,Processing_and_Packaging,Jab26,Female,Female Youth,No disability,Kaduna,Jaba
f87a4153-7e51-473d-9f00-8a07bcbd1a45,2024-09-18,Processing_and_Packaging,Jab27,Male,Male Youth,No disability,Kaduna,Jaba
7b9b4f07-3235-420d-ab8e-d536ba0c8e2e,2024-09-18,Processing_and_Packaging,Jab28,Female,Female Youth,No disability,Kaduna,Jaba
b29e44d6-bcab-425d-a5b8-70a3cea58d35,2024-09-18,Processing_and_Packaging,Jab29,Male,Male Youth,No disability,Kaduna,Jaba
5ef1351c-8bb2-43d5-9eea-4a382fa3be8b,2024-09-18,Processing_and_Packaging,Jab30,Male,Male Youth,No disability,Kaduna,Jaba
01a118dc-d75e-4488-b92d-086da61ba2ee,2024-09-18,Processing_and_Packaging,Jab31,Male,Male Youth,No disability,Kaduna,Jaba
a16c9d84-addf-46b6-ac10-aa6829a2c4c2,2024-09-18,Processing_and_Packaging,Jab32,Male,Male Youth,No disability,Kaduna,Jaba
aa344910-ae6a-47ab-aac6-f98492da4b97,2024-09-18,Processing_and_Packaging,Jah19,Female,Female Youth,No disability,Kaduna,Jema’a
5c1267dc-8374-47af-b9cb-ec830e4a4083,2024-09-18,Processing_and_Packaging,Jam12,Female,Female Youth,No disability,Kaduna,Jema’a
a7865ff3-9f7e-409c-8b17-1d96d60d56d5,2024-09-18,Processing_and_Packaging,Jam13,Male,Male Youth,No disability,Kaduna,Jema’a
0247628a-8b2b-43c5-8a0a-ce2864759a24,2024-09-18,Processing_and_Packaging,Jam14,Female,Female Youth,No disability,Kaduna,Jema’a
09edf803-a690-425c-85a4-91b90586c3f8,2024-09-18,Processing_and_Packaging,Jam15,Female,Female Youth,No disability,Kaduna,Jema’a
4e79e995-d048-490c-b631-f4ac2a02e515,2024-10-18,GAP_&_crop_management,Dem10,Female,Female Youth,No disability,Adamawa,Demsa
fb4f83df-3d5b-48a7-81a9-0bf40246246f,2024-10-18,Processing_and_Packaging,Dem11,Female,Female Youth,No disability,Adamawa,Demsa
6a43ef33-91ad-42a2-bb8e-e86470d45b21,2024-10-18,Waste_Management_and_recycling_training_and_demonstration,Dem11,Female,Female Youth,No disability,Adamawa,Demsa
cd84bc98-ee5b-411d-b917-fdb2a6afc672,2024-09-19,Processing_and_Packaging,Jam16,Female,Female Youth,No disability,Kaduna,Jema’a
f6425f56-e1cb-4562-a74f-5e4c7b4379d9,2024-09-19,Processing_and_Packaging,Jam17,Male,Male Youth,No disability,Kaduna,Jema’a
771896c2-9a42-4063-9515-4e518356c159,2024-09-19,Processing_and_Packaging,Jam18,Male,Male Youth,No disability,Kaduna,Jema’a
389e26a5-7156-4ba5-82fe-9231c400b73c,2024-09-19,Processing_and_Packaging,Jam19,Female,Female Youth,No disability,Kaduna,Jema’a
628ce4a3-af8f-4260-b326-a64eeb1e638a,2024-09-19,Processing_and_Packaging,Jam20,Male,Male Youth,No disability,Kaduna,Jema’a
acb79b4d-88b9-480e-a753-671e0689473b,2024-09-19,Processing_and_Packaging,Jam21,Male,Male Youth,No disability,Kaduna,Jema’a
d108a02f-4d99-4ddd-a17d-9b88690f1d18,2024-09-19,Processing_and_Packaging,Jam22,Male,Male Youth,No disability,Kaduna,Jema’a
46f109f4-b49f-41a1-bd30-33f28b6822c3,2024-09-19,Processing_and_Packaging,Kac01,Female,Female Youth,No disability,Kaduna,Kachia
247093e2-79aa-4a57-9d90-8b20285196ad,2024-09-19,Processing_and_Packaging,Kac02,Female,Female Youth,No disability,Kaduna,Kachia
a0261cbf-64aa-4b16-8339-fe19f7541d31,2024-09-19,Processing_and_Packaging,Kac03,Female,Female Youth,No disability,Kaduna,Kachia
315080bb-71b7-4bb2-b03a-2e92901e2148,2024-09-19,Processing_and_Packaging,Kac04,Female,Female Youth,No disability,Kaduna,Kachia
431ab5f2-5b57-4dc9-9ddd-974fdd20f2f4,2024-09-19,Processing_and_Packaging,Kac05,Female,Female Youth,No disability,Kaduna,Kachia
4bd895de-0ac1-461f-b792-d1db636f11d7,2024-09-19,Processing_and_Packaging,Kac06,Male,Male Youth,No disability,Kaduna,Kachia
3edd29db-a6ad-4212-954a-109df4bac72d,2024-09-19,Processing_and_Packaging,Kac07,Male,Male Youth,No disability,Kaduna,Kachia
1d0a46c6-2311-4212-b03e-ed5ae8e9ec5f,2024-09-19,Processing_and_Packaging,Kac08,Male,Male Youth,No disability,Kaduna,Kachia
333b9bc7-d85d-4318-b7ae-baac0e3d44d8,2024-09-19,Processing_and_Packaging,Kac09,Male,Male Youth,No disability,Kaduna,Kachia
40da47a9-4e39-4f82-9ee2-f3e058fc7498,2024-09-19,Processing_and_Packaging,Kac10,Male,Male Youth,No disability,Kaduna,Kachia
d4658f00-463b-4a06-b139-7c02a18fa30e,2024-09-19,Processing_and_Packaging,Kac11,Male,Male Youth,No disability,Kaduna,Kachia
255e09a0-a279-4762-8a56-05172623cb7c,2024-09-19,Processing_and_Packaging,Kac12,Female,Female Youth,No disability,Kaduna,Kachia
c3b6f5ef-73d0-4b3e-b989-25ac4ea3204f,2024-09-19,Processing_and_Packaging,Kac13,Male,Male Youth,No disability,Kaduna,Kachia
b4f20cc6-ad20-4820-9e29-dfeb6e3341bb,2024-09-19,Processing_and_Packaging,Kag01,Male,Male Youth,No disability,Kaduna,Kachia
052b4e59-dc45-4afe-b6bc-01a0b849025e,2024-09-19,Processing_and_Packaging,Kag02,Female,Female Youth,No disability,Kaduna,Kachia
8aac1590-c177-4498-965f-b8941f03b00b,2024-09-19,Processing_and_Packaging,Kag03,Male,Male Youth,No disability,Kaduna,Kachia
b431d31c-ac3f-4886-a774-1b595478a79f,2024-09-19,Processing_and_Packaging,Kag04,Female,Female Youth,No disability,Kaduna,Kachia
ac412f29-8089-430b-a327-18f3d39fcde8,2024-09-19,Processing_and_Packaging,Kag05,Male,Male Youth,No disability,Kaduna,Kachia
09abb24d-e932-4045-8392-67433612204d,2024-09-19,Processing_and_Packaging,Kag06,Male,Male Youth,No disability,Kaduna,Kachia
bef6b7ab-2845-4627-9565-d6313e887c86,2024-09-19,Processing_and_Packaging,Kag07,Female,Female Youth,No disability,Kaduna,Kachia
b9c5a258-22d3-4927-b2df-d1c27712747b,2024-09-19,Processing_and_Packaging,Kag08,Female,Female Youth,No disability,Kaduna,Kachia
d3453364-1f37-4e74-bcbb-772186d60fab,2024-09-19,Processing_and_Packaging,Kag09,Male,Male Youth,No disability,Kaduna,Kachia
0f13b4dd-afca-4255-817b-60630d63f6b9,2024-09-19,Processing_and_Packaging,Kag10,Male,Male Youth,No disability,Kaduna,Kachia
cbd7c7ad-857b-4cb4-9520-173e96da6504,2024-09-19,Processing_and_Packaging,Kag11,Male,Male Youth,No disability,Kaduna,Kachia
ea72e73b-969a-40a8-9d07-3a2e0b6b305a,2024-09-19,Processing_and_Packaging,Kag12,Male,Male Youth,No disability,Kaduna,Kachia
715c6884-328e-4914-ae39-3be4dbbe5ce9,2024-09-19,Processing_and_Packaging,Kau08,Male,Male Youth,No disability,Kaduna,Kachia
871146d7-1207-4a78-9a33-213e25a0ee3c,2024-09-19,Processing_and_Packaging,Kau09,Male,Male Youth,No disability,Kaduna,Kachia
ff10712b-b941-432a-b6c9-02377b6ad9fd,2024-09-19,Processing_and_Packaging,Kau10,Male,Male Youth,No disability,Kaduna,Kachia
a4081c8b-ee2f-4b9c-bd5e-995b1f33d72f,2024-09-19,Processing_and_Packaging,Kau11,Female,Female Youth,No disability,Kaduna,Kachia
ac3fee8b-dd04-4fa9-81c5-8a668e7fadb2,2024-09-19,Processing_and_Packaging,Kau12,Female,Female Youth,No disability,Kaduna,Kachia
4fcf462a-1ab6-4573-b44a-c295c7fe54c8,2024-09-19,Processing_and_Packaging,Kau13,Female,Female Youth,No disability,Kaduna,Kachia
06f51921-6d60-4971-bbc0-5a0275899791,2024-09-19,Processing_and_Packaging,Kau14,Male,Male Youth,No disability,Kaduna,Kachia
31665e7a-2a6d-4065-b5c4-8a0d73f1d40d,2024-09-19,Processing_and_Packaging,Kau15,Female,Female Youth,No disability,Kaduna,Kachia
0ee7fa2e-e08f-4201-b7bd-2702fac9c86e,2024-09-19,Processing_and_Packaging,Kau16,Male,Male Youth,No disability,Kaduna,Kachia
c3ad2143-3a29-4875-b571-ae75934e142f,2024-09-19,Processing_and_Packaging,Kds12,Male,Male Youth,No disability,Kaduna,Kaduna_South
a4cfe098-a8b5-4d7a-927e-e40d9cdf2855,2024-09-19,Processing_and_Packaging,Kds13,Male,Male Youth,No disability,Kaduna,Kaduna_South
7ad6ec90-daf3-44b5-89ed-74cf8cfb1c0a,2024-09-19,Processing_and_Packaging,Zan21,Male,Male Youth,No disability,Kaduna,Zangon_Kataf
b243381d-dd09-4c08-9eda-86ffa14bf60a,2024-09-19,Processing_and_Packaging,Zan22,Female,Female Youth,No disability,Kaduna,Zangon_Kataf
8590b09a-bdd8-4142-97e4-97b2b2120e19,2024-09-19,Processing_and_Packaging,Zan23,Female,Female Youth,No disability,Kaduna,Zangon_Kataf
47805e92-5c7c-4d1f-9d4e-523a2d452b81,2024-09-19,Processing_and_Packaging,Zan24,Female,Female Youth,No disability,Kaduna,Zangon_Kataf
9a3a59e4-1ed4-4778-ae12-3183a887dd41,2024-09-19,Processing_and_Packaging,Zan25,Female,Female Youth,No disability,Kaduna,Zangon_Kataf
589dca9d-b0ef-4b00-8779-274400571ec5,2024-09-19,Processing_and_Packaging,Zan26,Female,Female Youth,No disability,Kaduna,Zangon_Kataf
e236532d-dcab-49be-88aa-f893f4c60ddf,2024-09-19,Processing_and_Packaging,Zan27,Male,Male Youth,No disability,Kaduna,Zangon_Kataf
cf0be1e9-b872-4160-aa0e-892396aaec67,2024-09-19,Processing_and_Packaging,Zan28,Male,Male Youth,No disability,Kaduna,Zangon_Kataf
f42e9ce6-0496-4fb2-9637-f7a916f2571e,2024-09-19,Processing_and_Packaging,Zan29,Male,Male Youth,No disability,Kaduna,Zangon_Kataf
fdc8c3c7-6c9d-4e1c-974d-6c6cb6d85098,2024-09-19,Processing_and_Packaging,Zan30,Male,Male Youth,No disability,Kaduna,Zangon_Kataf
bf402471-bea2-4d62-b6dc-6dd164e797d1,2024-09-19,Processing_and_Packaging,Zan31,Male,Male Youth,No disability,Kaduna,Zangon_Kataf
5762cff5-31a8-4817-94f3-8ceefa563e1d,2024-09-19,Processing_and_Packaging,Zan32,Male,Male Youth,No disability,Kaduna,Zangon_Kataf
fb3a719d-2be4-4038-b1df-e6ffdad66d22,2024-09-19,Processing_and_Packaging,Bag01,Female,Female Youth,No disability,Kano,Bagwai
e7cc68a2-4aaa-4956-9050-4cd5bd5edb82,2024-09-19,Processing_and_Packaging,Bag02,Female,Female Youth,No disability,Kano,Bagwai
e9fecd00-c464-4511-8c30-9bac9d9698a6,2024-09-19,Processing_and_Packaging,Bag03,Male,Male Youth,No disability,Kano,Bagwai
82c1cfe3-7387-4032-a411-a7185c96e8cd,2024-09-19,Processing_and_Packaging,Bag04,Male,Male Youth,No disability,Kano,Bagwai
c98de694-1f84-4ca3-a79f-316020497622,2024-09-19,Processing_and_Packaging,Bag06,Male,Male Youth,No disability,Kano,Bagwai
2886ae0c-a37b-48f3-8421-c5db05526c09,2024-09-19,Processing_and_Packaging,Bag07,Male,Male Youth,No disability,Kano,Bagwai
93be3720-7c8e-4b7d-b0aa-9df0c12f1299,2024-09-19,Processing_and_Packaging,Bag08,Male,Male Youth,No disability,Kano,Bagwai
62f7c23c-6afd-4351-8f43-fc8c154287e2,2024-09-19,Processing_and_Packaging,Bag09,Male,Male Youth,No disability,Kano,Bagwai
14d1de49-12cc-4f10-9ed6-89ac39be5567,2024-09-19,Processing_and_Packaging,Bag10,Male,Male Youth,No disability,Kano,Bagwai
223d8e63-7c02-479d-bd31-ea6e8ade2c5b,2024-09-19,Processing_and_Packaging,Bun01,Female,Female Youth,No disability,Kano,Bagwai
539e05bb-fd95-41f1-bc0c-d9e34af34b57,2024-09-19,Processing_and_Packaging,Bun02,Male,Male Youth,No disability,Kano,Bunkure
11f14804-3d73-4575-bc57-eed5d0acfeb5,2024-09-19,Processing_and_Packaging,Bun03,Male,Male Youth,No disability,Kano,Bunkure
e31dca53-55ee-4485-8a97-53a3f347aa8e,2024-09-19,Processing_and_Packaging,Bun04,Male,Male Youth,No disability,Kano,Bunkure
9b1eed62-a9f3-4e1f-9903-d032a9a4eb54,2024-09-19,Processing_and_Packaging,Bun05,Male,Male Youth,No disability,Kano,Bunkure
48963406-d232-455f-83ec-f922803e5b68,2024-09-19,Processing_and_Packaging,Bun06,Female,Female Youth,No disability,Kano,Bunkure
bbea1128-cd9d-4082-82f3-182b9fe3a8b7,2024-09-19,Processing_and_Packaging,Bun07,Female,Female Youth,No disability,Kano,Bunkure
62d0f02c-6bd1-4f4b-ac5a-d935fe6f9e0a,2024-09-19,Processing_and_Packaging,Bun08,Female,Female Youth,No disability,Kano,Bunkure
c4f4774c-1fc0-4c9c-acdb-5c2231fb1d99,2024-09-19,Processing_and_Packaging,Bun09,Female,Female Youth,No disability,Kano,Bunkure
de9d571b-ac74-4ae2-8e96-184020aebeb1,2024-09-19,Processing_and_Packaging,Bun10,Female,Female Youth,No disability,Kano,Bunkure
15e0f24a-6ae0-4e43-91d4-5868e9ab0cec,2024-09-19,Processing_and_Packaging,Bun11,Female,Female Youth,No disability,Kano,Bunkure
f65f0d91-82b0-4cdb-a8fe-a537ca139fce,2024-09-19,Processing_and_Packaging,Bun12,Female,Female Youth,No disability,Kano,Bunkure
31cb483f-1810-4cb7-bc86-0bc98555098d,2024-09-19,Processing_and_Packaging,Bun13,Female,Female Youth,No disability,Kano,Bunkure
3a3761cc-2edd-4144-af2c-0b88b098fd67,2024-09-19,Processing_and_Packaging,Bun14,Female,Female Youth,No disability,Kano,Bunkure
8abce99d-98c6-4c75-9910-a0a18152f6b8,2024-09-19,Processing_and_Packaging,Bun15,Male,Male Youth,No disability,Kano,Bunkure
64eb83e8-646f-4a27-bfff-64119e2d27b3,2024-09-19,Processing_and_Packaging,Bun16,Male,Male Youth,No disability,Kano,Bunkure
578ed0c4-82a4-4a84-98a9-dd7871c3cdbf,2024-09-19,Processing_and_Packaging,Bun17,Male,Male Youth,No disability,Kano,Bunkure
5adeb0df-9701-4b39-acf6-b8d5a78bdb58,2024-09-19,Processing_and_Packaging,Bun18,Male,Male Youth,No disability,Kano,Bunkure
90382851-fa8d-4bcf-9777-aec5d71a688e,2024-09-19,Processing_and_Packaging,Bun19,Male,Male Youth,No disability,Kano,Bunkure
fb7bb1ce-caa6-48f7-84fc-932f30a7a6c7,2024-09-19,Processing_and_Packaging,Bun20,Male,Male Youth,No disability,Kano,Bunkure
6ec85c96-90fb-412c-83b6-3580b996fa13,2024-09-19,Processing_and_Packaging,Bun21,Male,Male Youth,No disability,Kano,Bunkure
e2e12396-4395-4a86-a637-bcc94bea0ea6,2024-09-19,Processing_and_Packaging,Gmm48,Female,Female Youth,No disability,Kano,Garum_Mallam
6da9e8ac-7fea-4216-8f65-b04eda70a211,2024-09-19,Processing_and_Packaging,Gmm49,Male,Male Youth,No disability,Kano,Garum_Mallam
6c550409-4399-42c3-a728-9c25f3137b53,2024-09-19,Processing_and_Packaging,Gmm50,Male,Male Youth,No disability,Kano,Garum_Mallam
ea7596a7-3041-4297-8f39-ab630c7d0056,2024-09-19,Processing_and_Packaging,Gmm51,Male,Male Youth,No disability,Kano,Garum_Mallam
3f78000b-208f-4e53-8c18-7df82f0f0a4a,2024-09-19,Processing_and_Packaging,Gmm52,Male,Male Youth,No disability,Kano,Garum_Mallam
f8e57ca2-ef66-4bbf-b71a-d6d809aa0bce,2024-09-19,Processing_and_Packaging,Gmm53,Male,Male Youth,No disability,Kano,Garum_Mallam
b1b7c4f3-3a1e-4d9c-8313-7c0c106ab6ee,2024-09-19,Processing_and_Packaging,Gmm54,Female,Female Youth,No disability,Kano,Garum_Mallam
c8a80f17-63fb-42ba-94cc-78bf4e37829f,2024-09-19,Processing_and_Packaging,Gmm55,Male,Male Youth,No disability,Kano,Garum_Mallam
d321232a-3ec8-4c7a-820b-5f4d51c509af,2024-09-19,Processing_and_Packaging,Gmm56,Female,Female Youth,No disability,Kano,Garum_Mallam
a6dd88e6-1e3d-4825-b04a-afb0c3dac8d3,2024-09-19,Processing_and_Packaging,Gmm57,Female,Female Youth,No disability,Kano,Garum_Mallam
2df4d660-bd6b-4c5f-a963-35ff7409d757,2024-09-19,Processing_and_Packaging,Gmm58,Female,Female Youth,No disability,Kano,Garum_Mallam
b79cc1cc-5875-4a9f-bfa4-221e2708ecb1,2024-09-19,Processing_and_Packaging,Gmm59,Female,Female Youth,No disability,Kano,Garum_Mallam
bb2a0f9a-9c8c-42bd-9db6-00b5200a4a8d,2024-09-19,Processing_and_Packaging,Gmm60,Male,Male Youth,No disability,Kano,Garum_Mallam
9d4f012d-f0f0-49eb-955a-8a33959172bd,2024-09-19,Processing_and_Packaging,Gmm61,Male,Male Youth,No disability,Kano,Garum_Mallam
ec0696df-37df-4f9c-9235-0ea55981c330,2024-09-19,Processing_and_Packaging,Gmm62,Male,Male Youth,No disability,Kano,Garum_Mallam
4ec5f3aa-5f38-4664-96f1-678dec4187fd,2024-09-19,Processing_and_Packaging,Gmm63,Male,Male Youth,No disability,Kano,Garum_Mallam
9b6394c1-fa55-42a1-9fbc-89af734c007c,2024-09-19,Processing_and_Packaging,Gmm64,Male,Male Youth,No disability,Kano,Garum_Mallam
d3946340-c025-43a3-9f68-c0ba3d963a04,2024-09-19,Processing_and_Packaging,Gmm65,Male,Male Youth,No disability,Kano,Garum_Mallam
18d3646b-08f1-4515-990c-75cd28192cc9,2024-09-19,Processing_and_Packaging,Gmm66,Male,Male Youth,No disability,Kano,Garum_Mallam
3fb4eece-fee0-4bf9-a6d2-0403cf548768,2024-09-19,Processing_and_Packaging,Gmm67,Male,Male Youth,No disability,Kano,Garum_Mallam
0424b9f0-3be6-4120-a1d2-2f419a1397bc,2024-09-19,Processing_and_Packaging,Gmm68,Male,Male Youth,No disability,Kano,Garum_Mallam
c169d0e1-b2d8-4ef2-916b-6ee23caf0b07,2024-09-19,Processing_and_Packaging,Gmm69,Male,Male Youth,No disability,Kano,Garum_Mallam
53ea0543-2f65-45d7-bc93-36ce4e673648,2024-09-19,Processing_and_Packaging,Gmm70,Male,Male Youth,No disability,Kano,Garum_Mallam
d1782765-0f90-47a1-ba27-7dfbd7d0ae8a,2024-09-19,Processing_and_Packaging,Kir01,Female,Female Youth,No disability,Kano,Garum_Mallam
dc4bb621-286a-4fa1-9be8-af9f3e7720e7,2024-09-19,Processing_and_Packaging,Kir02,Female,Female Youth,No disability,Kano,Garum_Mallam
194038ab-0a45-4565-b747-cae715aab794,2024-09-19,Processing_and_Packaging,Kir03,Female,Female Youth,No disability,Kano,Kiru
f28ab1d4-81c8-4731-8723-e149fcbf5293,2024-09-19,Processing_and_Packaging,Kir04,Female,Female Youth,No disability,Kano,Kiru
e3e31fa2-1276-4f8b-97b0-02233ecb316a,2024-09-19,Processing_and_Packaging,Kir05,Female,Female Youth,No disability,Kano,Kiru
e08311a6-1f87-43ae-8831-8237f80383c6,2024-09-19,Processing_and_Packaging,Kir06,Male,Male Youth,No disability,Kano,Kiru
6bc7be10-81a8-4894-96fc-2d39da8b8d97,2024-09-19,Processing_and_Packaging,Kir07,Male,Male Youth,No disability,Kano,Garum_Mallam
27581942-6075-4ba8-a977-d7cea2bdf0bc,2024-09-19,Processing_and_Packaging,Kir08,Male,Male Youth,No disability,Kano,Garum_Mallam
9b425e95-4049-4734-89e8-9e48ba800bd4,2024-09-19,Processing_and_Packaging,Kir09,Male,Male Youth,No disability,Kano,Garum_Mallam
b396bab7-82ee-4128-96d2-623dae29a3c2,2024-09-19,Processing_and_Packaging,Kir10,Male,Male Youth,No disability,Kano,Kiru
3e21353f-d2e8-40bc-818e-b069cef43696,2024-09-19,Processing_and_Packaging,Kir11,Female,Female Youth,No disability,Kano,Kiru
83898d16-93f8-427c-a2f5-d920dda20504,2024-09-19,Processing_and_Packaging,Kir12,Female,Female Youth,No disability,Kano,Kiru
1282cd60-0ad5-4f91-93d8-5239a7610a44,2024-09-19,Processing_and_Packaging,Kir13,Female,Female Youth,No disability,Kano,Kiru
2d61c3e7-d130-47e2-8cfd-5a79d1574148,2024-09-19,Processing_and_Packaging,Kir14,Male,Male Youth,No disability,Kano,Kiru
d56af413-1c42-4a81-b95f-f77e901e9ff9,2024-09-19,Processing_and_Packaging,Kir15,Male,Male Youth,No disability,Kano,Kiru
daa3a336-1772-42fd-afd2-6019094be85b,2024-09-19,Processing_and_Packaging,Kir16,Male,Male Youth,No disability,Kano,Kiru
d61aced1-868f-4b79-a383-2e70558bc0f8,2024-09-19,Processing_and_Packaging,Kir17,Male,Male Youth,No disability,Kano,Kiru
802388b8-d5a5-4775-98e0-40beb30599ff,2024-09-19,Processing_and_Packaging,Kir18,Male,Male Youth,No disability,Kano,Kiru
e2fe7dca-dfce-4506-971e-5ef71cdf8321,2024-09-19,Processing_and_Packaging,Kir19,Male,Male Youth,No disability,Kano,Kiru
bdbd49ab-112c-489a-99d9-d124848565ed,2024-09-19,Processing_and_Packaging,Kir20,Male,Male Youth,No disability,Kano,Kiru
ca3454ae-6834-4afd-9245-0dd3561bf375,2024-09-19,Processing_and_Packaging,Kir21,Female,Female Youth,No disability,Kano,Kiru
b08091c0-5e0b-4e22-b777-e7d1788d61c9,2024-10-19,Processing_and_Packaging,Dem03,Female,Female Youth,No disability,Adamawa,Demsa
b986e454-6545-4e19-9358-3ac748d08de5,2024-09-20,Processing_and_Packaging,Dem05,Male,Male Youth,No disability,Adamawa,Demsa
a43c2591-be54-4190-8cb6-98d35f66947e,2024-09-20,Processing_and_Packaging,Dem06,Female,Female Youth,No disability,Adamawa,Demsa
f1563fbb-e301-4a45-84f7-266240357ad7,2024-09-20,Processing_and_Packaging,Dem07,Female,Female Youth,No disability,Adamawa,Demsa
1612a1cd-7827-4b28-a59f-e12477c1908e,2024-10-19,Waste_Management_and_recycling_training_and_demonstration,Dem03,Female,Female Youth,No disability,Adamawa,Demsa
2bcb41a8-39b1-48f1-b246-bcfccb5f3fc6,2024-10-19,Processing_and_Packaging,Dem03,Female,Female Youth,No disability,Adamawa,Demsa
f355725d-5fd2-4aab-b191-9dffd0c817a0,2024-10-19,Waste_Management_and_recycling_training_and_demonstration,Dem10,Female,Female Youth,No disability,Adamawa,Demsa
dea30a6f-5bb6-4f4d-b8b0-3c3b6f582b31,2024-10-19,Processing_and_Packaging,Dem11,Female,Female Youth,No disability,Adamawa,Demsa
be9247c4-bc05-4164-ad3c-8e92bb27b192,2024-10-19,Processing_and_Packaging,Dem12,Female,Female Youth,No disability,Adamawa,Demsa
f2ebbbe5-cbc8-4029-b3a3-6d3fec822aa3,2024-09-20,Processing_and_Packaging,Dem14,Female,Female Youth,No disability,Adamawa,Demsa
e7faec59-a452-45b5-9b9d-4a4ddded71a8,2024-10-19,Processing_and_Packaging,Gir03,Male,Male Youth,No disability,Adamawa,Girei
2e58b72c-33c6-4826-abf1-fc4d3d6c6b5d,2024-10-19,Waste_Management_and_recycling_training_and_demonstration,Yls01,Female,Female Youth,No disability,Adamawa,Yola_South
2f8e697c-159b-4ff6-bd42-ed7936cca31f,2024-10-19,Waste_Management_and_recycling_training_and_demonstration,Yls02,Female,Female Youth,No disability,Adamawa,Yola_South
1f76f9f0-f703-44c4-a267-61c7f5d754f0,2024-09-20,Waste_Management_and_recycling_training_and_demonstration,Yls03,Male,Male Youth,No disability,Adamawa,Yola_South
c37242e0-7e9a-4623-9dcf-942521dd0bf6,2024-09-20,Waste_Management_and_recycling_training_and_demonstration,Yls04,Male,Male Youth,No disability,Adamawa,Yola_South
c9b2c909-06be-41c3-8b53-fa46fc31a429,2024-10-19,Waste_Management_and_recycling_training_and_demonstration,Yls05,Female,Female Youth,No disability,Adamawa,Yola_South
78ec20fa-ad3f-47c9-94b7-100ff5270f87,2024-10-19,Waste_Management_and_recycling_training_and_demonstration,Yls06,Female,Female Youth,No disability,Adamawa,Yola_South
660c9f11-7f2d-430b-aab6-66a47fb27d6c,2024-10-19,Waste_Management_and_recycling_training_and_demonstration,Yls07,Male,Male Youth,No disability,Adamawa,Yola_South
75b4105f-e1be-467b-88f1-5738878f1e4f,2024-09-20,Processing_and_Packaging,Yls08,Male,Male Youth,No disability,Adamawa,Yola_South
d0d22823-2e8e-44ae-ad55-8baed03902ab,2024-09-19,Waste_Management_and_recycling_training_and_demonstration,Alk01,Male,Male Youth,No disability,Bauchi,Alkaleri
fa2212b4-2946-4904-b089-88ea83596abd,2024-10-19,Waste_Management_and_recycling_training_and_demonstration,Alk02,Male,Male Youth,No disability,Bauchi,Alkaleri
c62aad5b-88bc-4e21-b3d7-f72146590049,2024-09-19,Waste_Management_and_recycling_training_and_demonstration,Alk03,Female,Female Youth,No disability,Bauchi,Alkaleri
745359d9-e164-4b40-84a7-d2cb247f0384,2024-10-19,Waste_Management_and_recycling_training_and_demonstration,Bau09,Female,Female Youth,No disability,Bauchi,Bauchi
aaff2e60-50f9-4c56-bcf1-cb670ed07d02,2024-09-19,Waste_Management_and_recycling_training_and_demonstration,Bau10,Male,Male Youth,No disability,Bauchi,Bauchi
59f99ac5-82e6-41ec-9ff5-c703d6d17cfd,2024-09-19,Waste_Management_and_recycling_training_and_demonstration,Bau11,Female,Female Youth,No disability,Bauchi,Bauchi
ae33347d-1d23-4a2b-ba8d-55f61b5572f4,2024-10-19,Waste_Management_and_recycling_training_and_demonstration,Bau12,Male,Male Youth,No disability,Bauchi,Bauchi
6ffc9b39-f09b-468f-a2a8-ba905c7db897,2024-09-19,Waste_Management_and_recycling_training_and_demonstration,Bau13,Male,Male Youth,No disability,Bauchi,Bauchi
79c619b0-1fed-473d-ac25-597a86cb36cc,2024-10-19,Waste_Management_and_recycling_training_and_demonstration,Bau14,Female,Female Youth,No disability,Bauchi,Bauchi
e440f820-796d-40d1-b9f3-30747c812a5c,2024-10-19,Waste_Management_and_recycling_training_and_demonstration,Bau15,Male,Male Youth,No disability,Bauchi,Bauchi
082f048f-135a-46b6-9f1a-c26bc17d3269,2024-10-19,Waste_Management_and_recycling_training_and_demonstration,Bau16,Male,Male Youth,No disability,Bauchi,Bauchi
e0950ccb-8aa2-4ae7-a19d-ee1179305d56,2024-10-19,Waste_Management_and_recycling_training_and_demonstration,Bau17,Female,Female Youth,No disability,Bauchi,Bauchi
ba136ed5-c133-4672-a8b3-29dc12ff0ec9,2024-09-19,Waste_Management_and_recycling_training_and_demonstration,Das07,Male,Male Youth,No disability,Bauchi,Dass
ace1b5a9-03bf-4cee-8557-e5d321b6739e,2024-10-19,Waste_Management_and_recycling_training_and_demonstration,Das08,Male,Male Youth,No disability,Bauchi,Dass
c9650c85-49ec-4c03-a7b7-3f78fd682f87,2024-10-19,Waste_Management_and_recycling_training_and_demonstration,Das09,Male,Male Youth,No disability,Bauchi,Dass
e9cb706b-c750-4c43-8d2f-7c1caf4964a1,2024-09-19,Waste_Management_and_recycling_training_and_demonstration,Das10,Female,Female Youth,No disability,Bauchi,Dass
bca8e1a4-bcb9-4869-be61-b65ad4e55ed7,2024-10-19,Waste_Management_and_recycling_training_and_demonstration,Gan08,Female,Female Youth,No disability,Bauchi,Ganjuwa
10ccb72c-4825-4d40-af29-797daded8e93,2024-09-19,Waste_Management_and_recycling_training_and_demonstration,Gan09,Male,Male Youth,No disability,Bauchi,Ganjuwa
a3958cee-88d2-4057-859b-e5d86cdd4570,2024-09-19,Waste_Management_and_recycling_training_and_demonstration,Gan10,Male,Male Youth,No disability,Bauchi,Ganjuwa
be7a34f4-1620-4e52-8cbd-1ad7d5558813,2024-10-19,Waste_Management_and_recycling_training_and_demonstration,Gan11,Female,Female Youth,No disability,Bauchi,Ganjuwa
88f254e9-3a91-432c-aea1-c783586db407,2024-09-19,Waste_Management_and_recycling_training_and_demonstration,Nin14,Female,Female Youth,No disability,Bauchi,Ningi
d2fe9397-a748-4108-bcc5-bc0a9a4f3000,2024-10-19,Waste_Management_and_recycling_training_and_demonstration,Nin15,Female,Female Youth,No disability,Bauchi,Ningi
a2fe02f1-c408-477c-be5a-d9ce0462c570,2024-10-19,Waste_Management_and_recycling_training_and_demonstration,Nin16,Male,Male Youth,No disability,Bauchi,Ningi
8c6e52d9-7b9f-42b9-a76f-8a5742ee5d20,2024-09-19,Waste_Management_and_recycling_training_and_demonstration,Nin17,Male,Male Youth,No disability,Bauchi,Ningi
5327ab45-ede5-406e-a8e0-8f682e5974cd,2024-10-19,Waste_Management_and_recycling_training_and_demonstration,Taf02,Female,Female Youth,No disability,Bauchi,Tafawa_Balewa
65a00a5d-2bd3-4893-92be-7a6757ffbc44,2024-10-19,Waste_Management_and_recycling_training_and_demonstration,Taf03,Male,Male Youth,No disability,Bauchi,Tafawa_Balewa
7df9bb19-4125-4913-b807-436f91b37a1b,2024-10-19,Waste_Management_and_recycling_training_and_demonstration,Taf04,Male,Male Youth,No disability,Bauchi,Tafawa_Balewa
01e02139-850b-4f53-b356-e05c9d2c4bcb,2024-09-19,Waste_Management_and_recycling_training_and_demonstration,Taf05,Male,Male Youth,No disability,Bauchi,Tafawa_Balewa
2dc7df64-debc-4102-9b82-f25af207c388,2024-09-19,Waste_Management_and_recycling_training_and_demonstration,Tor02,Male,Male Youth,No disability,Bauchi,Toro
9d278a58-a87c-4ea9-8e09-118a94104a3f,2024-10-19,Waste_Management_and_recycling_training_and_demonstration,Tor03,Male,Male Youth,No disability,Bauchi,Toro
c0192d08-b034-44c3-a8e1-116ab1c54ede,2024-09-19,Waste_Management_and_recycling_training_and_demonstration,Tor04,Female,Female Youth,No disability,Bauchi,Toro
3a06ad6b-d0c9-4ebc-a7b6-e4dfeb551a2c,2024-09-19,Waste_Management_and_recycling_training_and_demonstration,Tor05,Male,Male Youth,No disability,Bauchi,Toro
c0297888-5373-4c9c-8b2e-e73cf9020c8f,2024-10-19,Waste_Management_and_recycling_training_and_demonstration,War03,Male,Male Youth,No disability,Bauchi,Warji
1ac83ac3-4112-49cf-8d2c-2acc85c189bb,2024-10-19,Waste_Management_and_recycling_training_and_demonstration,War04,Male,Male Youth,No disability,Bauchi,Warji
708fb17d-b81b-42c1-8178-634ac86decdc,2024-10-19,Waste_Management_and_recycling_training_and_demonstration,War05,Female,Female Youth,No disability,Bauchi,Warji
6d1eff3b-d443-4207-8c08-0aaa67ab8213,2024-09-19,Waste_Management_and_recycling_training_and_demonstration,Gee01,Male,Male Youth,No disability,Benue,Gwer-East
60540335-1413-4d17-88d3-9bb66c78db0f,2024-10-19,Waste_Management_and_recycling_training_and_demonstration,Gee02,Male,Male Youth,No disability,Benue,Gwer-East
e661f788-de17-4a19-b902-a6075dd91ccf,2024-10-19,Waste_Management_and_recycling_training_and_demonstration,Gee03,Female,Female Youth,No disability,Benue,Gwer-East
810372a7-a144-490a-b99e-63097d37467b,2024-10-19,Waste_Management_and_recycling_training_and_demonstration,Gee04,Male,Male Youth,No disability,Benue,Gwer-East
089048e0-ae6c-4ff3-99f2-9d1f3a2c1569,2024-10-19,Waste_Management_and_recycling_training_and_demonstration,Gee05,Male,Male Youth,No disability,Benue,Gwer-East
979dfba5-adda-4781-bb9a-c7366f353e97,2024-10-19,Waste_Management_and_recycling_training_and_demonstration,Gee06,Female,Female Youth,No disability,Benue,Gwer-East
71da9606-30c2-46aa-8340-3aeb501486fa,2024-10-19,Waste_Management_and_recycling_training_and_demonstration,Gee07,Female,Female Youth,No disability,Benue,Gwer-East
b3cabc18-a90f-4d69-9295-f364247410b6,2024-10-19,Waste_Management_and_recycling_training_and_demonstration,Gum07,Male,Male Youth,No disability,Benue,Guma
3a539554-a6bb-4992-88e9-47f6611ad022,2024-10-19,Waste_Management_and_recycling_training_and_demonstration,Gum08,Male,Male Youth,No disability,Benue,Guma
89ff9143-9729-4e87-a041-4ac7ff284c25,2024-09-19,Waste_Management_and_recycling_training_and_demonstration,Gum09,Female,Female Youth,No disability,Benue,Guma
aaaa75bb-ff47-443a-b3bb-3ce664aadf62,2024-09-19,Waste_Management_and_recycling_training_and_demonstration,Gum10,Male,Male Youth,No disability,Benue,Guma
a6a650e7-ddee-4b96-955f-42ed11f5a9c2,2024-09-19,Waste_Management_and_recycling_training_and_demonstration,Gum11,Male,Male Youth,No disability,Benue,Guma
8c555b98-3f44-4f57-a0c0-a6278927e643,2024-09-19,Waste_Management_and_recycling_training_and_demonstration,Gum12,Male,Male Youth,No disability,Benue,Guma
0ad2cf28-0341-4fd3-98f6-aaf801b075a7,2024-10-19,Waste_Management_and_recycling_training_and_demonstration,Gum13,Female,Female Youth,No disability,Benue,Guma
ec2f4583-e42c-4903-b153-0d517bb5014e,2024-10-19,Waste_Management_and_recycling_training_and_demonstration,Gun08,Male,Male Youth,No disability,Benue,Guma
fff99083-1ba9-4b73-9418-099cbf313e60,2024-10-19,Waste_Management_and_recycling_training_and_demonstration,Mak12,Male,Male Youth,No disability,Benue,Markurdi
af7f7c06-6e17-4fcf-bcd4-76d7b8a7ca97,2024-10-19,Waste_Management_and_recycling_training_and_demonstration,Mak13,Male,Male Youth,No disability,Benue,Markurdi
9fc025a7-0df6-417b-8561-d9a08b57dbaf,2024-09-19,Waste_Management_and_recycling_training_and_demonstration,Mak14,Female,Female Youth,No disability,Benue,Markurdi
994b5e60-a609-42ca-8c85-741bb0df1686,2024-10-19,Waste_Management_and_recycling_training_and_demonstration,Mak15,Female,Female Youth,No disability,Benue,Markurdi
748a3272-5620-48bc-bb4f-890e83297db6,2024-10-19,Processing_and_Packaging,Mak16,Male,Male Youth,No disability,Benue,Markurdi
5186d5be-cc05-4805-afaa-37ac66ec4333,2024-10-19,Waste_Management_and_recycling_training_and_demonstration,Oju09,Male,Male Youth,No disability,Benue,Oju
a80a40da-8170-4e5c-b6a2-fa36226a7be4,2024-10-19,Waste_Management_and_recycling_training_and_demonstration,Oju10,Male,Male Youth,No disability,Benue,Oju
253a1b88-428d-4398-9297-1a2e2e7dc05f,2024-10-19,Waste_Management_and_recycling_training_and_demonstration,Oju11,Male,Male Youth,No disability,Benue,Oju
d40d2c08-fef3-4a11-9da0-d9aeb25e57e2,2024-09-19,Waste_Management_and_recycling_training_and_demonstration,Oju12,Male,Male Youth,No disability,Benue,Oju
87473539-04f7-49aa-9c09-b6433caa3001,2024-10-19,Waste_Management_and_recycling_training_and_demonstration,Oju13,Male,Male Youth,No disability,Benue,Oju
e95537bc-12f2-43bf-81a9-2a06e20626a8,2024-10-19,Waste_Management_and_recycling_training_and_demonstration,Oju14,Male,Male Youth,No disability,Benue,Oju
ac66b7e8-6736-465f-bc73-ef62602c90d8,2024-10-19,Waste_Management_and_recycling_training_and_demonstration,Tar01,Female,Female Youth,No disability,Benue,Tarka
53870dbc-3d61-407f-8d9e-39cef2595546,2024-10-19,Waste_Management_and_recycling_training_and_demonstration,Tar02,Female,Female Youth,No disability,Benue,Tarka
55ba4a4a-98ad-47da-9133-44c85fd83416,2024-10-19,Waste_Management_and_recycling_training_and_demonstration,Tar03,Female,Female Youth,No disability,Benue,Tarka
77766ea9-d381-4e11-aaa9-f868a0882fce,2024-10-19,Waste_Management_and_recycling_training_and_demonstration,Tar04,Male,Male Youth,No disability,Benue,Tarka
f98ef7f1-23f6-4be2-bd1f-87f317093953,2024-10-19,Waste_Management_and_recycling_training_and_demonstration,Tar05,Male,Male Youth,No disability,Benue,Tarka
e353fe0b-8a6a-4d98-b18b-e6b5b0a3ce1c,2024-09-19,Waste_Management_and_recycling_training_and_demonstration,Tar06,Female,Female Youth,No disability,Benue,Tarka
b1013d8d-4a8b-4e13-a117-4cf29d2ab89c,2024-09-19,Waste_Management_and_recycling_training_and_demonstration,Tar07,Male,Male Youth,No disability,Benue,Tarka
611366ad-bd0e-422e-a8d0-e568cf881495,2024-10-19,Processing_and_Packaging,Aba01,Female,Female Youth,No disability,FCT,Abaji_Area_Council
bd0dbd06-2b66-4be5-aa27-13de840ac0a6,2024-09-20,Waste_Management_and_recycling_training_and_demonstration,Aba02,Male,Male Youth,No disability,FCT,Abaji_Area_Council
602d2706-a303-48a7-a75b-11993ef8893b,2024-10-19,Waste_Management_and_recycling_training_and_demonstration,Aba03,Male,Male Youth,No disability,FCT,Abaji_Area_Council
a3ccaef5-b7ee-4332-971b-24c39e3ec6c3,2024-10-19,Waste_Management_and_recycling_training_and_demonstration,Aba04,Female,Female Youth,No disability,FCT,Abaji_Area_Council
6cb51436-ec88-41c0-8e78-f47577c97e5d,2024-10-19,Processing_and_Packaging,Aba05,Male,Male Youth,No disability,FCT,Abaji_Area_Council
4e4efa4b-b919-4a17-8730-395b09b449f8,2024-10-19,Waste_Management_and_recycling_training_and_demonstration,Ama40,Female,Female Youth,No disability,FCT,Municipal_Area_Council
d279cf1d-590f-421b-abed-b40884c4d242,2024-09-19,Waste_Management_and_recycling_training_and_demonstration,Bwa12,Female,Female Youth,No disability,FCT,Bwari_Area_Council
2fff46bb-728b-4e46-b148-b9b79d9c3410,2024-10-19,Waste_Management_and_recycling_training_and_demonstration,Bwa13,Female,Female Youth,No disability,FCT,Bwari_Area_Council
ee70cb54-2d09-44a9-93ae-84076227ddd0,2024-09-20,Waste_Management_and_recycling_training_and_demonstration,Bwa14,Female,Female Youth,No disability,FCT,Bwari_Area_Council
e661fedd-18c7-433b-b386-e75e16aa0d2f,2024-09-20,Waste_Management_and_recycling_training_and_demonstration,Bwa15,Female,Female Youth,No disability,FCT,Bwari_Area_Council
0cfb7627-9452-4a20-8c4e-61e7115f6399,2024-10-19,Waste_Management_and_recycling_training_and_demonstration,Gwa18,Male,Male Youth,No disability,FCT,Gwagwalada_Area_Council
fe936b9d-edbf-45b0-ad85-69abc4aa7edc,2024-09-20,Waste_Management_and_recycling_training_and_demonstration,Gwa19,Female,Female Youth,No disability,FCT,Gwagwalada_Area_Council
d4466090-d2ef-4be6-bc5e-df4919cb0bfe,2024-10-19,Waste_Management_and_recycling_training_and_demonstration,Gwa20,Female,Female Youth,No disability,FCT,Gwagwalada_Area_Council
207609ac-d543-473d-9310-2c903a9b941a,2024-09-20,Waste_Management_and_recycling_training_and_demonstration,Gwa21,Male,Male Youth,No disability,FCT,Gwagwalada_Area_Council
a5f0df9d-2ba2-4ad6-bdbe-7507e2a6ed81,2024-09-19,Waste_Management_and_recycling_training_and_demonstration,Gwa22,Female,Female Youth,No disability,FCT,Gwagwalada_Area_Council
bef057a9-3318-4ac7-8e24-d41af0b90e93,2024-09-19,Waste_Management_and_recycling_training_and_demonstration,Gwa23,Male,Male Youth,No disability,FCT,Gwagwalada_Area_Council
c2a21608-9a25-4e44-9538-38de2515c150,2024-09-19,Waste_Management_and_recycling_training_and_demonstration,Gwa24,Male,Male Youth,No disability,FCT,Gwagwalada_Area_Council
8d70ed2c-0192-4390-ac79-edd419188433,2024-10-19,Waste_Management_and_recycling_training_and_demonstration,Gwa25,Female,Female Youth,No disability,FCT,Gwagwalada_Area_Council
8e1df3f7-121d-491a-9678-0ae433b4e4b9,2024-09-20,Waste_Management_and_recycling_training_and_demonstration,Gwa26,Female,Female Youth,No disability,FCT,Gwagwalada_Area_Council
ef6bef65-c240-4d7d-86c5-eb111db696ad,2024-09-20,Waste_Management_and_recycling_training_and_demonstration,Gwa27,Female,Female Youth,No disability,FCT,Gwagwalada_Area_Council
fba61d15-c79f-4d12-9c42-1c280e0d3734,2024-09-20,Waste_Management_and_recycling_training_and_demonstration,Gwa28,Female,Female Youth,No disability,FCT,Gwagwalada_Area_Council
1a72df50-c8f4-4970-8496-0d3b411547c6,2024-10-19,Waste_Management_and_recycling_training_and_demonstration,Kuj02,Female,Female Youth,No disability,FCT,Kuje_Area_Council
070313dc-1ef1-4ea9-9a21-2adf6f46ede8,2024-10-19,Waste_Management_and_recycling_training_and_demonstration,Kuj03,Female,Female Youth,No disability,FCT,Kuje_Area_Council
af9dadf6-c751-40d4-a825-48d9a6061cb6,2024-09-19,Waste_Management_and_recycling_training_and_demonstration,Kuj04,Male,Male Youth,No disability,FCT,Kuje_Area_Council
d12f3e37-7fea-4939-8597-15c3de685032,2024-09-19,Waste_Management_and_recycling_training_and_demonstration,Kuj06,Female,Female Youth,No disability,FCT,Kuje_Area_Council
d0a6dc9c-41b5-4449-bd87-402d4c9d8ebf,2024-09-19,Waste_Management_and_recycling_training_and_demonstration,Kwl08,Male,Male Youth,No disability,FCT,Kwali_Area_Council
3a95dfb2-734c-4724-b9e0-e689738765f8,2024-10-19,Waste_Management_and_recycling_training_and_demonstration,Kwl10,Male,Male Youth,No disability,FCT,Kwali_Area_Council
92a26e64-cc62-461e-80dc-fd263646fa52,2024-09-19,Waste_Management_and_recycling_training_and_demonstration,Kwl11,Female,Female Youth,No disability,FCT,Kwali_Area_Council
2fe0476d-8036-463d-af2d-f650ffc97304,2024-10-19,Waste_Management_and_recycling_training_and_demonstration,Kwl12,Male,Male Youth,No disability,FCT,Kwali_Area_Council
4d498a80-68af-4eee-98c3-c8ab1a2edc88,2024-09-19,Waste_Management_and_recycling_training_and_demonstration,Kwl13,Female,Female Youth,No disability,FCT,Kwali_Area_Council
4e14cb2d-ee0c-4524-a476-0d3c0c2bd997,2024-09-19,Waste_Management_and_recycling_training_and_demonstration,Kwl14,Male,Male Youth,No disability,FCT,Kwali_Area_Council
3fc43d9f-90a6-446a-b0a3-8967104cd523,2024-09-19,Waste_Management_and_recycling_training_and_demonstration,Akk01,Male,Male Youth,No disability,Gombe,Akko
36f5d18b-dc77-4ca2-a6aa-36db2605ea35,2024-09-19,Waste_Management_and_recycling_training_and_demonstration,Akk03,Male,Male Youth,No disability,Gombe,Akko
f44649a1-3b2e-4ac6-a891-bdb859aa3bfa,2024-10-19,Waste_Management_and_recycling_training_and_demonstration,Akk04,Female,Female Youth,No disability,Gombe,Akko
7c274ec3-38e6-48b7-bdbe-a9a8fb1c801b,2024-10-19,Waste_Management_and_recycling_training_and_demonstration,Akk05,Male,Male Youth,No disability,Gombe,Akko
742f8a97-0b14-49e4-bad1-0b1ff917a972,2024-09-19,Waste_Management_and_recycling_training_and_demonstration,Akk06,Male,Male Youth,Persons with disability,Gombe,Akko
c53fa813-f6b5-462f-b8d3-78fa68eb546b,2024-10-19,Waste_Management_and_recycling_training_and_demonstration,Bill01,Female,Female Youth,No disability,Gombe,Billiri
97ea8c37-1132-45c2-8753-d36beb1a4938,2024-09-19,Waste_Management_and_recycling_training_and_demonstration,Bill03,Female,Female Youth,No disability,Gombe,Billiri
7e9c5919-7906-4343-926d-9788d693c38a,2024-09-19,Waste_Management_and_recycling_training_and_demonstration,Bill04,Female,Female Youth,No disability,Gombe,Billiri
184c2010-3a8b-4f37-9a11-6b71b6d858a3,2024-09-19,Waste_Management_and_recycling_training_and_demonstration,Bill05,Female,Female Youth,No disability,Gombe,Billiri
ab63444a-7211-4f10-9627-bfd1bf20eb5c,2024-09-19,Waste_Management_and_recycling_training_and_demonstration,Bill06,Male,Male Youth,No disability,Gombe,Billiri
3170b82d-7abc-4edf-9cb4-d74e08621f08,2024-09-19,Waste_Management_and_recycling_training_and_demonstration,Bill07,Male,Male Youth,No disability,Gombe,Billiri
21ddcc4d-1f40-4f97-bc5c-20ad942b0f85,2024-09-19,Waste_Management_and_recycling_training_and_demonstration,Bill08,Male,Male Youth,No disability,Gombe,Billiri
11fc38d7-ca6e-42b3-8858-9028c66a57ab,2024-09-19,Waste_Management_and_recycling_training_and_demonstration,Bill09,Female,Female Youth,No disability,Gombe,Billiri
a88cec63-d34e-4176-8d19-85c4cdc43f38,2024-09-19,Waste_Management_and_recycling_training_and_demonstration,Gom18,Male,Male Youth,No disability,Gombe,Gombe
cf1b7918-ebd3-4a8c-8d4f-8eb3cce7794f,2024-10-19,Waste_Management_and_recycling_training_and_demonstration,Gom20,Female,Female Youth,No disability,Gombe,Gombe
06273b08-e493-4c5f-b878-471458773deb,2024-10-19,Waste_Management_and_recycling_training_and_demonstration,Gom21,Female,Female Youth,No disability,Gombe,Gombe
01680a88-6402-494c-b3e0-55f8a5c05833,2024-09-19,Waste_Management_and_recycling_training_and_demonstration,Gom22,Female,Female Youth,No disability,Gombe,Gombe
b389dd95-d314-40f7-a77d-74b3f009b157,2024-10-19,Waste_Management_and_recycling_training_and_demonstration,Gom23,Female,Female Youth,No disability,Gombe,Gombe
49fd4e9a-f247-4a2f-a536-b09ee82fe054,2024-10-19,Waste_Management_and_recycling_training_and_demonstration,Gom24,Female,Female Youth,No disability,Gombe,Gombe
088575d4-60b4-42e4-b7b2-39f03af10453,2024-10-19,Waste_Management_and_recycling_training_and_demonstration,Gom25,Female,Female Youth,No disability,Gombe,Gombe
08c3153d-783a-46fe-a0b1-54e72e5ed52c,2024-09-19,Waste_Management_and_recycling_training_and_demonstration,Gom26,Male,Male Youth,No disability,Gombe,Gombe
eea9a4ed-4ff3-4881-8e83-50b43eb24a8c,2024-09-19,Waste_Management_and_recycling_training_and_demonstration,Gom28,Male,Male Youth,No disability,Gombe,Gombe
e97cab0c-f4f5-456d-91a4-70b2046a3769,2024-10-19,Waste_Management_and_recycling_training_and_demonstration,Gom29,Male,Male Youth,No disability,Gombe,Gombe
2fc2a834-0e7b-4878-a5ad-5f375d139ab7,2024-09-19,Waste_Management_and_recycling_training_and_demonstration,Kal12,Female,Female Youth,No disability,Gombe,Kaltungo
aa288f4a-f61d-4421-b803-0d43ba7f31d1,2024-10-19,Waste_Management_and_recycling_training_and_demonstration,Kal13,Male,Male Youth,No disability,Gombe,Kaltungo
98df00c4-cb6d-4693-9ad7-4745119197d3,2024-10-19,Waste_Management_and_recycling_training_and_demonstration,Kal14,Female,Female Youth,No disability,Gombe,Kaltungo
42d561f1-a935-4e44-ba7c-58917848cbbc,2024-10-19,Waste_Management_and_recycling_training_and_demonstration,Kal15,Female,Female Youth,No disability,Gombe,Kaltungo
753d26ea-01b2-4965-b160-ba4132effe91,2024-09-19,Waste_Management_and_recycling_training_and_demonstration,Kal17,Female,Female Youth,No disability,Gombe,Kaltungo
9e9ba981-3077-495d-89cd-3eecbf561a4e,2024-09-19,Waste_Management_and_recycling_training_and_demonstration,Kal18,Female,Female Youth,No disability,Gombe,Kaltungo
ddc34c6e-71ef-40e5-a42d-ae51ca2faa75,2024-09-19,Waste_Management_and_recycling_training_and_demonstration,Kal19,Female,Female Youth,No disability,Gombe,Kaltungo
6a23521b-0af5-40b5-897f-51a9bf519fe1,2024-10-19,Waste_Management_and_recycling_training_and_demonstration,Kwa29,Male,Male Youth,No disability,Gombe,Kwami
a1e315e8-b289-40dd-964e-1a83cf2aba85,2024-09-19,Waste_Management_and_recycling_training_and_demonstration,Sha01,Male,Male Youth,No disability,Gombe,Shongom
1de37e21-d361-4df5-a77d-dba20205d23b,2024-09-19,Waste_Management_and_recycling_training_and_demonstration,Sha02,Male,Male Youth,No disability,Gombe,Shongom
0558cbd7-843a-4c6c-b9d6-91f5bf6cbfcc,2024-10-19,Waste_Management_and_recycling_training_and_demonstration,Sha03,Female,Female Youth,No disability,Gombe,Shongom
a7927ced-e8a9-4126-b7c5-4c3ae813e230,2024-09-19,Waste_Management_and_recycling_training_and_demonstration,Sha04,Female,Female Youth,No disability,Gombe,Shongom
44468448-aefa-42a4-93da-1c4ec739193f,2024-09-19,Waste_Management_and_recycling_training_and_demonstration,Sha05,Female,Female Youth,No disability,Gombe,Shongom
e3e1af15-7623-436e-9300-c51ebb24f28e,2024-10-19,Waste_Management_and_recycling_training_and_demonstration,Sha06,Male,Male Youth,No disability,Gombe,Shongom
b56694c1-38a7-481e-9865-380ce6ef9751,2024-10-19,Waste_Management_and_recycling_training_and_demonstration,Jah39,Male,Male Youth,No disability,Jigawa,Jahun
142a2625-d1c2-497c-83b2-98945c9b00a8,2024-10-19,Waste_Management_and_recycling_training_and_demonstration,Jah40,Male,Male Youth,No disability,Jigawa,Jahun
628ce871-bb46-4d0f-b657-1c82b0682c5a,2024-09-19,Waste_Management_and_recycling_training_and_demonstration,Jah41,Male,Male Youth,No disability,Jigawa,Jahun
fbc98ae5-8828-4542-8303-9cfb0a5a2083,2024-09-19,Waste_Management_and_recycling_training_and_demonstration,Jah42,Male,Male Youth,No disability,Jigawa,Jahun
b12c2227-8465-46bc-874e-82febab8ca9b,2024-09-19,Waste_Management_and_recycling_training_and_demonstration,Jah43,Male,Male Youth,No disability,Jigawa,Jahun
a97272e8-bd5b-451f-be99-b8b8743aac24,2024-09-19,Waste_Management_and_recycling_training_and_demonstration,Jah45,Male,Male Youth,No disability,Jigawa,Jahun
ed3cbe12-1845-42e5-86ce-86dcf78d69f1,2024-09-19,Waste_Management_and_recycling_training_and_demonstration,Jah46,Female,Female Youth,No disability,Jigawa,Jahun
d6f4f650-b3bb-4785-816c-e6a7fe23eef1,2024-09-19,ICT_solutions_for_agriculture,Jah47,Male,Male Youth,No disability,Jigawa,Jahun
f771bc20-83e5-42fe-8c1a-88ec1f659228,2024-10-19,Waste_Management_and_recycling_training_and_demonstration,Jah48,Female,Female Youth,No disability,Jigawa,Jahun
e6720359-3735-4a19-90c5-597d60d76794,2024-09-19,Waste_Management_and_recycling_training_and_demonstration,Jah49,Male,Male Youth,No disability,Jigawa,Jahun
3d3cbe96-13e9-49c5-a88e-a7a41224da50,2024-10-19,Waste_Management_and_recycling_training_and_demonstration,Jah50,Male,Male Youth,No disability,Jigawa,Jahun
ff96ed62-da19-4aba-beee-ab5421b260ab,2024-09-19,Scaling_up_Agro_Products_marketing_for_small_enterprises,Jah51,Female,Female Youth,No disability,Jigawa,Jahun
cb8333d7-5e83-42d9-bffc-a84038900217,2024-10-19,Waste_Management_and_recycling_training_and_demonstration,Jah52,Female,Female Youth,No disability,Jigawa,Jahun
423cdba1-a932-4fae-b669-c0c7bfe9b635,2024-10-19,Waste_Management_and_recycling_training_and_demonstration,Jah53,Male,Male Youth,No disability,Jigawa,Jahun
76e34161-a2f4-4328-8d84-d63c18af0d88,2024-10-19,Waste_Management_and_recycling_training_and_demonstration,Jah55,Female,Female Youth,No disability,Jigawa,Jahun
bf166b4f-23a9-41af-a3c4-ac1dc78678ad,2024-09-19,Waste_Management_and_recycling_training_and_demonstration,Jah56,Female,Female Youth,No disability,Jigawa,Jahun
06b7e095-42c0-4a91-804b-d08a74e496f6,2024-10-19,Waste_Management_and_recycling_training_and_demonstration,Jah57,Female,Female Youth,No disability,Jigawa,Jahun
89bafc9c-9695-4fe8-a991-ef8d28c00486,2024-10-19,Waste_Management_and_recycling_training_and_demonstration,Jah58,Male,Male Youth,No disability,Jigawa,Jahun
90efa052-bbdb-4c41-baed-b06d7e2e37bf,2024-10-19,Waste_Management_and_recycling_training_and_demonstration,Jah59,Male,Male Youth,No disability,Jigawa,Jahun
5e7f3c1c-ec2f-4ab5-9d80-f773bc1ad2aa,2024-09-19,Waste_Management_and_recycling_training_and_demonstration,Jah60,Female,Female Youth,No disability,Jigawa,Jahun
da9d7e10-af70-49a3-803e-d1ff3aa1c3ec,2024-09-19,Processing_and_Packaging,Kir22,Male,Male Youth,No disability,Kano,Kiru
4035c693-74a6-4ca4-a68a-a3c4e9b33628,2024-09-19,Processing_and_Packaging,Kur01,Female,Female Youth,No disability,Kano,Kura
69793276-dbec-4ee8-9c89-9361a6cc25ef,2024-09-19,Processing_and_Packaging,Kur02,Female,Female Youth,No disability,Kano,Kura
bbf26972-78ec-4ffe-966e-13c8575c6f5b,2024-09-19,Processing_and_Packaging,Kur03,Female,Female Youth,No disability,Kano,Kura
31c63bca-26ea-4d99-8b62-965eb7601a84,2024-09-19,Processing_and_Packaging,Kur04,Female,Female Youth,No disability,Kano,Kura
d7e1f897-b77f-4cc1-b61b-5f564ddda358,2024-09-19,Processing_and_Packaging,Kur05,Female,Female Youth,No disability,Kano,Kura
4d934c76-5716-491a-be3a-8858997f5403,2024-09-19,Processing_and_Packaging,Kur06,Female,Female Youth,No disability,Kano,Kura
882840b0-25a5-4767-adc1-06774317d39d,2024-09-19,Processing_and_Packaging,Kur07,Female,Female Youth,No disability,Kano,Kura
1442a37c-a931-43b5-9c95-aae0386ed445,2024-09-19,Processing_and_Packaging,Kur09,Male,Male Youth,No disability,Kano,Kura
f1e9815c-09ad-4fe1-a5ae-83e48e03c4c6,2024-09-19,Processing_and_Packaging,Kur11,Male,Male Youth,No disability,Kano,Kura
4727a55d-6f63-4f77-a4fe-2715354abbf2,2024-09-19,Processing_and_Packaging,Kur12,Male,Male Youth,No disability,Kano,Kura
cdb3bef9-e26f-43dd-9500-bf8972a4d85c,2024-09-19,Processing_and_Packaging,Kur13,Male,Male Youth,No disability,Kano,Kura
3401166b-1d06-435a-b0fa-5054aae9fd9b,2024-09-19,Processing_and_Packaging,Kur14,Male,Male Youth,No disability,Kano,Kura
46d37160-33a8-46b0-9924-36141c38a7c0,2024-09-19,Processing_and_Packaging,Ran01,Female,Female Youth,No disability,Kano,Kura
a0a52e7f-1fde-4421-b2d7-09aabd0b7a5a,2024-09-19,Processing_and_Packaging,Ran02,Female,Female Youth,No disability,Kano,Rano
5f4129ad-f49c-4a95-b11c-16775b195129,2024-09-19,Processing_and_Packaging,Ran03,Female,Female Youth,No disability,Kano,Rano
3d7b5027-b4e7-4b79-80c5-1157443c2631,2024-09-19,Processing_and_Packaging,Ran04,Female,Female Youth,No disability,Kano,Rano
b01060d4-baed-41bb-9be3-e998a4d8e9f2,2024-09-19,Processing_and_Packaging,Ran05,Female,Female Youth,No disability,Kano,Rano
bb24d179-ed35-4601-b5c1-b8e839544abe,2024-09-19,Processing_and_Packaging,Ran06,Female,Female Youth,No disability,Kano,Rano
1b1d7161-8346-4806-9843-bf0fddeab082,2024-09-19,Processing_and_Packaging,Ran07,Female,Female Youth,No disability,Kano,Rano
eed75766-5d8d-4ee2-9418-8a854687b259,2024-09-19,Processing_and_Packaging,Ran08,Female,Female Youth,No disability,Kano,Rano
516efe1d-0740-4962-b185-93b9e35e6249,2024-09-19,Processing_and_Packaging,Ran09,Male,Male Youth,No disability,Kano,Rano
4a5bf28f-09d3-4b22-b891-4f94c565273d,2024-09-19,Processing_and_Packaging,Ran10,Male,Male Youth,No disability,Kano,Rano
b7968e81-0383-4191-88f8-374a39b9f2f8,2024-09-19,Processing_and_Packaging,Ran11,Male,Male Youth,No disability,Kano,Rano
1efed1cf-1317-4ea3-b227-bcba3ce3fd4d,2024-09-19,Processing_and_Packaging,Ran12,Male,Male Youth,No disability,Kano,Rano
b3bb16c0-3ec3-4b99-bd8e-e10f565b2df3,2024-09-19,Processing_and_Packaging,Ran13,Male,Male Youth,No disability,Kano,Rano
02986633-2707-4d5a-94dd-2b43cc7215f2,2024-09-19,Processing_and_Packaging,Ran14,Male,Male Youth,No disability,Kano,Rano
9a180e19-22ea-44c0-84e2-1ce987f4b242,2024-09-19,Processing_and_Packaging,Rig02,Female,Female Youth,No disability,Kano,Rimi_Gado
71a17dff-a8d1-4c67-af55-936eef967677,2024-09-19,Processing_and_Packaging,Rig03,Female,Female Youth,No disability,Kano,Rimi_Gado
a63ecbc5-6317-4a11-b47c-de899c667a0b,2024-09-19,Processing_and_Packaging,Rig04,Female,Female Youth,No disability,Kano,Rimi_Gado
f5a09c56-8380-4e28-85a8-82142c057a09,2024-09-19,Processing_and_Packaging,Rig05,Female,Female Youth,No disability,Kano,Rimi_Gado
c2f24b43-4b14-42ee-9175-93909ad4414c,2024-09-19,Processing_and_Packaging,Rig06,Female,Female Youth,No disability,Kano,Rimi_Gado
97ff525c-0cec-45a8-b621-1912baff7917,2024-09-19,Processing_and_Packaging,Rig07,Female,Female Youth,No disability,Kano,Rimi_Gado
906bab17-7883-49bc-ab27-4cc64c7851e5,2024-09-19,Processing_and_Packaging,Rig08,Male,Male Youth,No disability,Kano,Rimi_Gado
228c2fd6-6a1e-4faa-b0ba-d503e3833f63,2024-09-19,Processing_and_Packaging,Rig09,Male,Male Youth,No disability,Kano,Rimi_Gado
12796676-7d64-42a2-b34a-07bfb5c866ef,2024-09-19,Processing_and_Packaging,Rig10,Male,Male Youth,No disability,Kano,Rimi_Gado
64ac529f-bc3f-46ed-9c05-d5b3d09865f3,2024-09-19,Processing_and_Packaging,Rig11,Male,Male Youth,No disability,Kano,Rimi_Gado
c62e44e9-6d8d-4d00-9724-a1e1ebb2fc6f,2024-09-19,Processing_and_Packaging,Rig12,Male,Male Youth,No disability,Kano,Rimi_Gado
1ba1cf13-5466-4323-b4fe-95fdcf4d81d1,2024-09-19,Processing_and_Packaging,Rig13,Male,Male Youth,No disability,Kano,Rogo
dfe673f1-3571-4d5f-b6d6-a66cfa4f8bcc,2024-09-19,Processing_and_Packaging,Rig14,Male,Male Youth,No disability,Kano,Rimi_Gado
cc0555f1-efbd-4ffd-9356-8962e265ce96,2024-09-19,Processing_and_Packaging,Rig15,Male,Male Youth,No disability,Kano,Rimi_Gado
03e1f9c1-f9fd-4d1a-b829-acb6c64905f3,2024-09-19,Processing_and_Packaging,Rig16,Male,Male Youth,No disability,Kano,Rimi_Gado
a0ae63c5-4964-4441-9ac0-dce60a1d77fe,2024-09-19,Processing_and_Packaging,Rig17,Male,Male Youth,No disability,Kano,Rimi_Gado
0ea5d4d1-c873-4eaa-8e97-75571ac9d8d0,2024-09-19,Processing_and_Packaging,Tof68,Female,Female Youth,No disability,Kano,Tofa
5f484178-2551-499a-8215-401e29536b87,2024-09-19,Processing_and_Packaging,Tof69,Male,Male Youth,No disability,Kano,Tofa
8de59d6a-df1f-40d2-ae07-1c25043815d5,2024-09-19,Processing_and_Packaging,Tof70,Female,Female Youth,No disability,Kano,Tofa
a5bd9c93-d167-4107-9ea2-1a7baa4d321f,2024-09-19,Processing_and_Packaging,Tof71,Male,Male Youth,No disability,Kano,Tofa
ae7323bf-63af-440c-90fe-20df85cad7c9,2024-09-19,Processing_and_Packaging,Tof72,Male,Male Youth,No disability,Kano,Tofa
53f7971b-b413-4bba-a457-233dbd434c5e,2024-09-19,Processing_and_Packaging,Tun01,Female,Female Youth,No disability,Kano,Tudun_Wada
0d90b48d-eeaf-46ca-83b7-e4fbc506078c,2024-09-19,Processing_and_Packaging,Tun02,Female,Female Youth,No disability,Kano,Tudun_Wada
dca8418e-e2e0-4074-8fbb-1027aee01ce7,2024-09-19,Processing_and_Packaging,Tun03,Female,Female Youth,No disability,Kano,Tudun_Wada
782823ad-61ad-47a9-8f23-c6f21e85df63,2024-09-19,Processing_and_Packaging,Tun04,Female,Female Youth,No disability,Kano,Tudun_Wada
da98e072-7884-4189-b1f8-b6c5604e974e,2024-09-19,Processing_and_Packaging,Tun05,Female,Female Youth,No disability,Kano,Tudun_Wada
5e4c8bc3-c877-45dc-98be-e53c93d440e1,2024-09-19,Processing_and_Packaging,Tun06,Female,Female Youth,No disability,Kano,Tudun_Wada
d09f3b01-966e-442e-9cb4-5121287cd339,2024-09-19,Processing_and_Packaging,Tun07,Female,Female Youth,No disability,Kano,Tudun_Wada
f2b433a4-7696-425a-bad8-97c372118f9f,2024-09-19,Processing_and_Packaging,Tun08,Female,Female Youth,No disability,Kano,Tudun_Wada
259aad25-672c-49ec-bdc7-54eb1df762da,2024-09-19,Processing_and_Packaging,Tun09,Female,Female Youth,No disability,Kano,Tudun_Wada
1cbd6b7e-fbd0-4465-8720-886b051bd731,2024-09-19,Processing_and_Packaging,Tun10,Female,Female Youth,No disability,Kano,Tudun_Wada
05c1a194-b91a-4fdc-b73c-810e724fa9e8,2024-09-19,Processing_and_Packaging,Tun11,Female,Female Youth,No disability,Kano,Tudun_Wada
a390bd55-6dc8-4424-997c-3475018f1abf,2024-09-19,Processing_and_Packaging,Tun12,Female,Female Youth,No disability,Kano,Tudun_Wada
2577e95f-08cf-4ed8-9277-3503ca33e43f,2024-09-19,Processing_and_Packaging,Tun13,Male,Male Youth,No disability,Kano,Tudun_Wada
57379f0e-f492-406d-8405-e2c47bede872,2024-09-19,Processing_and_Packaging,Tun15,Male,Male Youth,No disability,Kano,Tudun_Wada
718da521-9926-4ab3-8652-a8fd57635562,2024-09-19,Processing_and_Packaging,Tun16,Male,Male Youth,No disability,Kano,Tudun_Wada
0d2b66e9-a454-4b4a-8358-964d9e8a82da,2024-09-19,Processing_and_Packaging,Tun17,Male,Male Youth,No disability,Kano,Tudun_Wada
8d5302c9-97bc-4d3d-88f4-c06d9f05460b,2024-09-19,Processing_and_Packaging,Tun18,Male,Male Youth,No disability,Kano,Tudun_Wada
1ac0776c-daa9-461f-b056-e3704dd60f49,2024-09-19,Processing_and_Packaging,Tun19,Male,Male Youth,No disability,Kano,Tudun_Wada
82c0397d-b38b-40df-aef0-f2154d9be9c3,2024-09-19,Processing_and_Packaging,Tun20,Male,Male Youth,No disability,Kano,Tudun_Wada
a7bc8d81-ed54-40dd-8f39-8b9ab4ca79a5,2024-09-19,Processing_and_Packaging,Tun21,Male,Male Youth,No disability,Kano,Tudun_Wada
ff649fb9-5682-43f6-a7e0-280e164f2d8d,2024-09-19,Processing_and_Packaging,Tun22,Male,Male Youth,No disability,Kano,Tudun_Wada
10c20e31-e3c4-4df1-90f1-11e49b96ef2c,2024-09-19,Processing_and_Packaging,Tun23,Male,Male Youth,No disability,Kano,Tudun_Wada
ffc44a08-0b1a-458d-adb8-3a3148349394,2024-09-19,Processing_and_Packaging,Tun24,Male,Male Youth,No disability,Kano,Tudun_Wada
faf24483-bca3-4f48-b3da-a42cceeb5d42,2024-09-19,Processing_and_Packaging,Tun25,Male,Male Youth,No disability,Kano,Tudun_Wada
2ce9d0c9-aad9-4cab-b012-f4d99a8b1b5b,2024-09-19,Processing_and_Packaging,Tun26,Male,Male Youth,No disability,Kano,Tudun_Wada
9241fb34-c9da-448e-be44-78c3269eb326,2024-09-19,Processing_and_Packaging,Tun27,Male,Male Youth,No disability,Kano,Tudun_Wada
1efa7508-deba-4f77-a370-944add6786a0,2024-09-19,Processing_and_Packaging,Tun28,Male,Male Youth,No disability,Kano,Tudun_Wada
469a16d3-5d00-4b75-980b-97e6e37f884a,2024-09-19,Processing_and_Packaging,Tun29,Male,Male Youth,No disability,Kano,Tudun_Wada
2dc9474b-abc3-443b-9c5d-fa25d4b18423,2024-09-19,Processing_and_Packaging,Tun30,Male,Male Youth,No disability,Kano,Tudun_Wada
b47f1fd7-0279-4528-a281-772a8db13a8b,2024-09-19,Processing_and_Packaging,Tun31,Male,Male Youth,No disability,Kano,Tudun_Wada
36876f9d-f796-4267-afb4-08f4f0627927,2024-09-19,Processing_and_Packaging,Tun32,Male,Male Youth,No disability,Kano,Tudun_Wada
71309ccd-6c20-4bdc-89ce-ea0988eacb0d,2024-09-19,Processing_and_Packaging,Tun33,Female,Female Youth,No disability,Kano,Tudun_Wada
3c28c47e-0a26-485a-acb5-e3e4dbc5f631,2024-09-19,Processing_and_Packaging,Kea03,Male,Male Youth,No disability,Nasarawa,Keana
81552bec-e5aa-4459-b9c2-c830f8bd1234,2024-09-19,Processing_and_Packaging,Kea04,Female,Female Youth,No disability,Nasarawa,Keana
9f514646-af33-447e-a34f-f85dc0806089,2024-10-19,Waste_Management_and_recycling_training_and_demonstration,Jah62,Female,Female Youth,No disability,Jigawa,Jahun
e83c0bb8-e6ff-43da-abd5-52dd33b6ea44,2024-10-19,Waste_Management_and_recycling_training_and_demonstration,Jah61,Male,Male Youth,No disability,Jigawa,Jahun
2dbe6ce7-7fd7-4d89-b62a-278104ab984f,2024-09-18,Waste_Management_and_recycling_training_and_demonstration,Jah63,Male,Male Youth,No disability,Jigawa,Jahun
e5ec158d-0ca3-4371-8fcc-295fd7784987,2024-09-18,Waste_Management_and_recycling_training_and_demonstration,Jah64,Male,Male Youth,No disability,Jigawa,Jahun
87d5d54e-b1e7-4671-a4cf-32e19031ab84,2024-09-18,Waste_Management_and_recycling_training_and_demonstration,Jah65,Male,Male Youth,No disability,Jigawa,Jahun
cf42d66d-ee5d-4905-a516-28020189bd89,2024-09-18,Waste_Management_and_recycling_training_and_demonstration,Jah66,Male,Male Youth,No disability,Jigawa,Jahun
ccc046d4-c333-4719-bea8-380bae797d9f,2024-09-18,Waste_Management_and_recycling_training_and_demonstration,Jah67,Male,Male Youth,No disability,Jigawa,Jahun
edd31f26-98b1-490a-8ce7-57b993a04704,2024-09-19,Waste_Management_and_recycling_training_and_demonstration,Jah68,Male,Male Youth,No disability,Jigawa,Jahun
2b748b41-b2bb-40cd-b404-c268c889dc9e,2024-09-18,Waste_Management_and_recycling_training_and_demonstration,Jah69,Male,Male Youth,No disability,Jigawa,Jahun
a9013106-e6d2-41c3-bbdc-6ff74c881e55,2024-09-19,Waste_Management_and_recycling_training_and_demonstration,Jah70,Male,Male Youth,No disability,Jigawa,Jahun
06817dd7-34ab-4b41-99c2-9796e1287d01,2024-09-19,Waste_Management_and_recycling_training_and_demonstration,Jah71,Male,Male Youth,No disability,Jigawa,Jahun
d734c7a0-c480-4824-b8a5-95c811aecdea,2024-09-19,Waste_Management_and_recycling_training_and_demonstration,Jah72,Male,Male Youth,No disability,Jigawa,Jahun
fe59d97e-e474-42a1-b86f-2bd511be6fdc,2024-09-19,Processing_and_Packaging,Kea08,Female,Female Youth,No disability,Nasarawa,Keana
c557fb45-1e67-44af-bbe9-d414b6e3f971,2024-09-18,Waste_Management_and_recycling_training_and_demonstration,Jah73,Male,Male Youth,No disability,Jigawa,Jahun
e41c6c08-1be2-442c-b1ff-e1906f44a0d9,2024-09-19,Waste_Management_and_recycling_training_and_demonstration,Jah74,Male,Male Youth,No disability,Jigawa,Jahun
6b18fdfb-fc47-4aa6-bfe1-dd3c2bc95373,2024-09-18,Waste_Management_and_recycling_training_and_demonstration,Jah75,Male,Male Youth,No disability,Jigawa,Jahun
9467a2e4-2d8f-4a4b-ba65-84c19353bc60,2024-09-18,Waste_Management_and_recycling_training_and_demonstration,Jah77,Male,Male Youth,No disability,Jigawa,Jahun
c810ff1c-96b3-4eaa-95f7-82e12344e839,2024-09-19,Waste_Management_and_recycling_training_and_demonstration,Jah78,Male,Male Youth,No disability,Jigawa,Jahun
b9c7af65-96a7-4e16-8869-26269bdf29c8,2024-09-18,Waste_Management_and_recycling_training_and_demonstration,Jah79,Female,Female Youth,No disability,Jigawa,Jahun
40d67191-8ecf-4d60-a55a-92dcc0051579,2024-09-19,Waste_Management_and_recycling_training_and_demonstration,Jah80,Female,Female Youth,No disability,Jigawa,Jahun
e8070de7-da14-4b00-8f9d-ff3b97e270ce,2024-09-18,Waste_Management_and_recycling_training_and_demonstration,Jah81,Female,Female Youth,No disability,Jigawa,Jahun
39c8f54d-c8ba-4ba8-a345-a0423347349d,2024-10-18,Waste_Management_and_recycling_training_and_demonstration,Jah82,Male,Male Youth,No disability,Jigawa,Jahun
39c2522c-6013-4b6f-8a9e-bd1c72273920,2024-09-19,Waste_Management_and_recycling_training_and_demonstration,Jah83,Male,Male Youth,No disability,Jigawa,Jahun
f90ad286-7086-43da-b3f7-1acf74445ae7,2024-09-19,ICT_solutions_for_agriculture,Rin11,Male,Male Youth,No disability,Jigawa,Ringim
f43c2d48-cc3f-4ca9-a0b8-86de2907b88b,2024-09-19,Waste_Management_and_recycling_training_and_demonstration,Rin12,Male,Male Youth,No disability,Jigawa,Ringim
057a3b36-c632-4dbd-bda7-8e5148c921fd,2024-09-19,Waste_Management_and_recycling_training_and_demonstration,Rin13,Male,Male Youth,No disability,Jigawa,Ringim
b8fff56f-e66f-475b-8fcc-51b9847d21c2,2024-10-19,Waste_Management_and_recycling_training_and_demonstration,Rin15,Male,Male Youth,No disability,Jigawa,Ringim
4c34e16e-95e5-4ffa-aa48-4bde95bb312c,2024-09-19,Waste_Management_and_recycling_training_and_demonstration,Rin16,Male,Male Youth,No disability,Jigawa,Ringim
5d17da14-cc56-45ef-8db0-7317befa0d4b,2024-10-19,Waste_Management_and_recycling_training_and_demonstration,Rin17,Male,Male Youth,No disability,Jigawa,Ringim
95ca3e94-a88b-49b1-bb8d-9562dc2f6f68,2024-10-19,Waste_Management_and_recycling_training_and_demonstration,Rin18,Female,Female Youth,No disability,Jigawa,Ringim
4808d3af-c68d-418b-ba96-4ad240dd4c01,2024-10-19,Waste_Management_and_recycling_training_and_demonstration,Rin19,Female,Female Youth,No disability,Jigawa,Ringim
fc22bfe9-55f9-45b2-b17d-8469f6c3b1d4,2024-10-19,Waste_Management_and_recycling_training_and_demonstration,Rin20,Female,Female Youth,No disability,Jigawa,Ringim
2fb67e35-f53b-4591-bfce-1a6e0a4cb986,2024-09-19,Waste_Management_and_recycling_training_and_demonstration,Rin21,Female,Female Youth,No disability,Jigawa,Ringim
16df42fd-b7cb-41fa-9bc8-79bd4c8940f3,2024-09-19,Waste_Management_and_recycling_training_and_demonstration,Rin22,Female,Female Youth,No disability,Jigawa,Ringim
a58354cc-7450-405b-bc6c-3631c22865bd,2024-10-19,Waste_Management_and_recycling_training_and_demonstration,Rin23,Female,Female Youth,No disability,Jigawa,Ringim
de583a18-598f-4e18-8db7-111f719c16a1,2024-09-19,Waste_Management_and_recycling_training_and_demonstration,Rin24,Female,Female Youth,No disability,Jigawa,Ringim
8c8ee8cc-a39c-46e0-8a39-62c5aee7ce38,2024-09-18,Waste_Management_and_recycling_training_and_demonstration,Rin25,Male,Male Youth,No disability,Jigawa,Ringim
5ab3aea2-3099-449b-ab90-5e8be57d6d22,2024-10-19,Waste_Management_and_recycling_training_and_demonstration,Rin26,Male,Male Youth,No disability,Jigawa,Ringim
72c50e89-2853-4c3b-a93f-b4f7f5d13d15,2024-09-19,Waste_Management_and_recycling_training_and_demonstration,Rin27,Male,Male Youth,No disability,Jigawa,Ringim
a1a67167-5c82-42ec-a907-c892225b1872,2024-09-18,Waste_Management_and_recycling_training_and_demonstration,Rin28,Male,Male Youth,No disability,Jigawa,Ringim
d9b39be1-fbdd-4a0a-a4cc-3230a8280c8b,2024-09-19,Waste_Management_and_recycling_training_and_demonstration,Tau19,Female,Female Youth,No disability,Jigawa,Taura
910c7aaf-d386-4341-8c6e-d00db57707c9,2024-10-19,Waste_Management_and_recycling_training_and_demonstration,Tau20,Male,Male Youth,No disability,Jigawa,Taura
b43b43b7-1f28-4855-89c0-3e8df38d0ea2,2024-09-19,Waste_Management_and_recycling_training_and_demonstration,Tau21,Male,Male Youth,No disability,Jigawa,Taura
c9142c70-e522-44a9-8391-1cfc6271c23f,2024-09-19,Processing_and_Packaging,Kea09,Female,Female Youth,No disability,Nasarawa,Keana
2f32f1dd-254b-42cd-bbb6-34966320e5ab,2024-09-18,Waste_Management_and_recycling_training_and_demonstration,Tau22,Male,Male Youth,No disability,Jigawa,Taura
605ca46c-0e5e-4a06-9c2c-720c143e7494,2024-09-18,Waste_Management_and_recycling_training_and_demonstration,Tau23,Male,Male Youth,No disability,Jigawa,Taura
dd781c6d-279b-4098-8475-23c6827a8e30,2024-10-19,Waste_Management_and_recycling_training_and_demonstration,Tau24,Female,Female Youth,No disability,Jigawa,Taura
0f4ce492-dbbc-4edc-b740-cf7b0abbd993,2024-09-18,Waste_Management_and_recycling_training_and_demonstration,Tau25,Male,Male Youth,No disability,Jigawa,Taura
2a79be4c-a0d4-4cb0-8904-6ae39620cde9,2024-09-18,Waste_Management_and_recycling_training_and_demonstration,Tau26,Female,Female Youth,No disability,Jigawa,Taura
6c5b4970-991d-4d0d-ac23-8c48cd6dd73f,2024-10-19,Waste_Management_and_recycling_training_and_demonstration,Tau28,Male,Male Youth,No disability,Jigawa,Taura
cbf39ac2-f19a-44fc-ac82-538f2f358717,2024-09-19,Waste_Management_and_recycling_training_and_demonstration,Tau29,Male,Male Youth,No disability,Jigawa,Taura
8b5ac845-478a-4636-80cb-670fcbbef86c,2024-10-19,Waste_Management_and_recycling_training_and_demonstration,Chk14,Female,Female Youth,No disability,Kaduna,Chikun
a0180090-e551-498b-ae85-cc14c343cc6c,2024-10-19,Waste_Management_and_recycling_training_and_demonstration,Chk15,Male,Male Youth,No disability,Kaduna,Chikun
ae09b7fb-62d1-412e-a8fb-0e65c30e44f6,2024-09-19,Waste_Management_and_recycling_training_and_demonstration,Chk16,Female,Female Youth,No disability,Kaduna,Chikun
726cb667-1862-46ed-9671-aa057ac22793,2024-10-19,Waste_Management_and_recycling_training_and_demonstration,Chk17,Female,Female Youth,No disability,Kaduna,Chikun
888854ee-6684-44fc-934e-6863e9eb3664,2024-09-19,Processing_and_Packaging,Kea10,Male,Male Youth,No disability,Nasarawa,Keana
9d3b89c6-3878-4151-8656-4016bd8674dc,2024-10-19,Waste_Management_and_recycling_training_and_demonstration,Chk18,Female,Female Youth,No disability,Kaduna,Chikun
50fe941c-1b98-4f89-82e7-bec5f96f6a92,2024-09-18,Waste_Management_and_recycling_training_and_demonstration,Chk19,Female,Female Youth,No disability,Kaduna,Chikun
7ac954f4-b586-4eca-af2c-1dbe84821d44,2024-09-18,Waste_Management_and_recycling_training_and_demonstration,Chk20,Female,Female Youth,No disability,Kaduna,Chikun
a10f2f3d-4957-4d31-87cc-3390057f946f,2024-09-18,Waste_Management_and_recycling_training_and_demonstration,Ika11,Male,Male Youth,No disability,Kaduna,Ikara
ebdfec47-a9f2-4149-a0e7-e1216f4a1990,2024-09-18,Waste_Management_and_recycling_training_and_demonstration,Ika12,Male,Male Youth,No disability,Kaduna,Ikara
b39df334-639b-4d45-ba1f-869307f34781,2024-10-19,Waste_Management_and_recycling_training_and_demonstration,Ika13,Male,Male Youth,No disability,Kaduna,Ikara
88032926-636c-42d2-b810-0361ff5f825b,2024-09-19,Waste_Management_and_recycling_training_and_demonstration,Ika14,Male,Male Youth,No disability,Kaduna,Ikara
ecfb2cb2-8ddb-4602-aa54-eb7e7b00c2ae,2024-09-19,Waste_Management_and_recycling_training_and_demonstration,Ika15,Male,Male Youth,No disability,Kaduna,Ikara
6acd21b6-b205-47b2-991c-3234d9ee1256,2024-09-19,Waste_Management_and_recycling_training_and_demonstration,Ika16,Male,Male Youth,No disability,Kaduna,Ikara
b3cbe290-43cf-4b42-ba77-2e16096c0b1e,2024-10-19,Waste_Management_and_recycling_training_and_demonstration,Ika17,Male,Male Youth,No disability,Kaduna,Ikara
c378d9cf-3571-4b04-8d94-6d73ca088a22,2024-10-19,Waste_Management_and_recycling_training_and_demonstration,Ika18,Male,Male Youth,No disability,Kaduna,Ikara
ec75b4ca-ee69-4b5f-acf0-73045cd75e05,2024-10-19,Waste_Management_and_recycling_training_and_demonstration,Ika19,Male,Male Youth,No disability,Kaduna,Ikara
a65b0209-3ada-4637-9aa8-b6d410b4bb12,2024-10-19,Waste_Management_and_recycling_training_and_demonstration,Ika20,Male,Male Youth,No disability,Kaduna,Ikara
a09ae0b0-f127-4333-a819-5612b5e089e7,2024-10-19,Processing_and_Packaging,Ika22,Male,Male Youth,No disability,Kaduna,Ikara
4357b640-64c1-4a8d-937e-28792773afe7,2024-10-19,Waste_Management_and_recycling_training_and_demonstration,Ika23,Female,Female Youth,No disability,Kaduna,Ikara
bc11f3e0-b713-4760-8426-41b0df3dfe05,2024-09-19,Waste_Management_and_recycling_training_and_demonstration,Ika24,Female,Female Youth,No disability,Kaduna,Ikara
1fc9be43-7edc-421d-a89f-5a77e7dd0d7b,2024-09-19,Waste_Management_and_recycling_training_and_demonstration,Ika25,Female,Female Youth,No disability,Kaduna,Ikara
aac60f54-6196-4615-a8a8-cf89082dd4f9,2024-10-19,Waste_Management_and_recycling_training_and_demonstration,Ika27,Female,Female Youth,No disability,Kaduna,Ikara
67078a4f-a310-4cc7-820d-60b13774e5b9,2024-09-19,Waste_Management_and_recycling_training_and_demonstration,Ika28,Female,Female Youth,No disability,Kaduna,Ikara
d3854ea9-0393-4c93-b9b2-db8778fe52ed,2024-09-19,Waste_Management_and_recycling_training_and_demonstration,Ika29,Female,Female Youth,No disability,Kaduna,Ikara
efe36928-f543-4143-9e6f-5182cb24bd70,2024-09-19,Waste_Management_and_recycling_training_and_demonstration,Ika30,Female,Female Youth,No disability,Kaduna,Ikara
5192740e-7ce0-4c35-bad0-58323124f389,2024-09-19,Waste_Management_and_recycling_training_and_demonstration,Ika31,Male,Male Youth,No disability,Kaduna,Ikara
403c1f72-5df6-4ec2-a4ad-eaff506aa5d4,2024-10-19,Waste_Management_and_recycling_training_and_demonstration,Ika32,Male,Male Youth,No disability,Kaduna,Ikara
9fd934a9-e573-4bf6-b9b6-43cb30c02527,2024-09-19,Waste_Management_and_recycling_training_and_demonstration,Ika33,Female,Female Youth,No disability,Kaduna,Ikara
5dae4b88-a5ec-40df-9b04-cf65073d9590,2024-09-19,Waste_Management_and_recycling_training_and_demonstration,Ika34,Female,Female Youth,No disability,Kaduna,Ikara
9212c435-c6d6-4029-b26a-b14246df392d,2024-09-19,Processing_and_Packaging,Kea11,Male,Male Youth,No disability,Nasarawa,Keana
e8f5637d-24bd-4231-8840-55484049a061,2024-09-19,Waste_Management_and_recycling_training_and_demonstration,Ika35,Male,Male Youth,No disability,Kaduna,Ikara
6643b47c-d4f5-438c-8aec-a48d953840d6,2024-09-19,Waste_Management_and_recycling_training_and_demonstration,Jab22,Female,Female Youth,No disability,Kaduna,Jaba
95abd42d-d2fc-45a7-86ce-ea2276137591,2024-09-19,Waste_Management_and_recycling_training_and_demonstration,Jab23,Male,Male Youth,No disability,Kaduna,Jaba
a242d98f-6a26-45ce-a593-35bb68b8e131,2024-09-19,Waste_Management_and_recycling_training_and_demonstration,Jab24,Female,Female Youth,No disability,Kaduna,Jaba
9401a47e-7aae-42d2-8f01-546b12f9da80,2024-10-19,Waste_Management_and_recycling_training_and_demonstration,Jab25,Female,Female Youth,No disability,Kaduna,Jaba
38a9d7a7-7ee3-447c-9038-de7397375e0e,2024-09-19,Waste_Management_and_recycling_training_and_demonstration,Jab26,Female,Female Youth,No disability,Kaduna,Jaba
c9abdb07-95d6-41df-989d-1a527447e93a,2024-09-19,Waste_Management_and_recycling_training_and_demonstration,Jab27,Male,Male Youth,No disability,Kaduna,Jaba
12c158d6-e6b6-44c3-a88f-fa1c110669a6,2024-10-19,Waste_Management_and_recycling_training_and_demonstration,Jab28,Female,Female Youth,No disability,Kaduna,Jaba
d909a859-3549-46e6-a352-440f2cf5999b,2024-10-19,Waste_Management_and_recycling_training_and_demonstration,Jab29,Male,Male Youth,No disability,Kaduna,Jaba
2a696297-72fd-49c8-94d1-5c8f6060dd5d,2024-10-19,Waste_Management_and_recycling_training_and_demonstration,Jab30,Male,Male Youth,No disability,Kaduna,Jaba
47c1d296-d98e-426b-a7fc-250bd385299c,2024-10-19,Waste_Management_and_recycling_training_and_demonstration,Jab31,Male,Male Youth,No disability,Kaduna,Jaba
0a2a9781-af88-4fee-952e-e7dd1cfe765d,2024-10-19,Waste_Management_and_recycling_training_and_demonstration,Jab32,Male,Male Youth,No disability,Kaduna,Jaba
2527c010-26fd-4c24-b889-d5acd6f029e3,2024-10-19,Waste_Management_and_recycling_training_and_demonstration,Jah19,Female,Female Youth,No disability,Kaduna,Jema’a
a399c088-ce08-47df-9d7b-4bc56dc8fcd1,2024-10-19,Waste_Management_and_recycling_training_and_demonstration,Jam12,Female,Female Youth,No disability,Kaduna,Jema’a
64ca240b-e3d9-47e7-ae60-a77a884ef05e,2024-09-19,Processing_and_Packaging,Kea12,Male,Male Youth,No disability,Nasarawa,Keana
65f77e13-2f6a-4cc4-9764-32a92ff2f245,2024-10-19,Waste_Management_and_recycling_training_and_demonstration,Jam13,Male,Male Youth,No disability,Kaduna,Jema’a
87758cc8-8db6-476a-a858-24423fc7bdda,2024-10-19,Waste_Management_and_recycling_training_and_demonstration,Jam14,Female,Female Youth,No disability,Kaduna,Jema’a
a2d8fab7-3ea9-4ac9-9a65-3df619482436,2024-10-19,Waste_Management_and_recycling_training_and_demonstration,Jam15,Female,Female Youth,No disability,Kaduna,Jema’a
0d858f9f-4161-4313-a60b-5f05a7569e0b,2024-09-19,Processing_and_Packaging,Kea13,Female,Female Youth,No disability,Nasarawa,Keana
94b885ed-4846-4e1b-a2df-b378a4dbbdad,2024-09-19,Processing_and_Packaging,Kea14,Male,Male Youth,No disability,Nasarawa,Keana
12d81325-3df7-4b38-bef8-2ed5dfb849da,2024-09-19,Processing_and_Packaging,Kea15,Female,Female Youth,No disability,Nasarawa,Keana
069c47e3-424f-4311-8235-bb3f6423cd3e,2024-09-19,Processing_and_Packaging,Laf01,Male,Male Youth,No disability,Nasarawa,Lafia
a72793c4-ff98-40dd-8c2b-46630bf60479,2024-09-19,Processing_and_Packaging,Laf02,Female,Female Youth,No disability,Nasarawa,Lafia
1db8967c-e196-42de-ac92-0aa72c927e82,2024-09-19,Processing_and_Packaging,Laf03,Male,Male Youth,No disability,Nasarawa,Lafia
634a7ad3-cd94-4ea9-b1b7-9072fc3ec0e9,2024-09-19,Processing_and_Packaging,Laf04,Female,Female Youth,No disability,Nasarawa,Lafia
2d00b65a-3352-4f33-acc8-9ee11f5c71b3,2024-09-19,Processing_and_Packaging,Laf05,Female,Female Youth,No disability,Nasarawa,Lafia
f9e2f5e8-ce99-43b0-8002-0f017ce10ebe,2024-09-19,Processing_and_Packaging,Laf06,Male,Male Youth,No disability,Nasarawa,Lafia
cf653a58-74f4-4ec3-8db3-0cc708a0f8f1,2024-09-19,Processing_and_Packaging,Laf07,Male,Male Youth,No disability,Nasarawa,Lafia
45ecfcd4-e9e5-461b-b553-44ef075f4763,2024-09-19,Processing_and_Packaging,Laf08,Female,Female Youth,No disability,Nasarawa,Lafia
2f8acf11-17a2-4684-aea9-ca7c021565d0,2024-09-19,Processing_and_Packaging,Laf09,Female,Female Youth,No disability,Nasarawa,Lafia
6891928b-4261-454b-b71f-00c10fcda334,2024-09-19,Processing_and_Packaging,Nsg01,Female,Female Youth,No disability,Nasarawa,Lafia
b8bec73a-704d-499b-b421-95a88fffd4ec,2024-09-19,Processing_and_Packaging,Nsg02,Female,Female Youth,No disability,Nasarawa,Nasarawa_Eggon
7d8cd9bf-2b5a-4952-9ad6-eb0a8c60edb1,2024-09-19,Processing_and_Packaging,Nsg03,Male,Male Youth,No disability,Nasarawa,Nasarawa_Eggon
657ee9fc-c0a2-4b47-933e-9063ca9eacea,2024-09-19,Processing_and_Packaging,Nsg04,Male,Male Youth,No disability,Nasarawa,Nasarawa_Eggon
3e1d45e5-9097-4e9b-bb74-fba7532d08e6,2024-09-19,Processing_and_Packaging,Nsg05,Female,Female Youth,No disability,Nasarawa,Nasarawa_Eggon
7da4e1c7-e654-4470-9ac4-1860fe3f0118,2024-09-19,Processing_and_Packaging,Nsg06,Male,Male Youth,No disability,Nasarawa,Nasarawa_Eggon
2c7a5bac-754c-4e2b-8c4c-78e779dcde6b,2024-09-19,Processing_and_Packaging,Nsg07,Male,Male Youth,No disability,Nasarawa,Nasarawa_Eggon
c3b63827-56ae-436f-8f04-b7225915c97c,2024-09-19,Processing_and_Packaging,Nsg08,Male,Male Youth,No disability,Nasarawa,Nasarawa_Eggon
57da3ceb-f1ab-4764-8ad2-15db310f4459,2024-09-19,Processing_and_Packaging,Nsg09,Male,Male Youth,No disability,Nasarawa,Nasarawa_Eggon
b297f69a-2475-4ed1-b10f-d34e41a1b337,2024-09-19,Processing_and_Packaging,Obi14,Female,Female Youth,No disability,Nasarawa,Obi
32d1f8dc-4e26-4d81-a181-4964c8478a60,2024-09-19,Processing_and_Packaging,Obi15,Male,Male Youth,No disability,Nasarawa,Obi
6a58fefc-fe01-4300-b66b-30690c2f7731,2024-09-19,Processing_and_Packaging,Obi16,Male,Male Youth,No disability,Nasarawa,Obi
cda27577-0e20-45bc-8409-cce2e46b6398,2024-09-19,Processing_and_Packaging,Obi17,Male,Male Youth,No disability,Nasarawa,Obi
0e4c43c0-23cb-497d-9668-145ec4a59bcc,2024-09-19,Processing_and_Packaging,Obi18,Female,Female Youth,No disability,Nasarawa,Obi
b92928d6-8da2-49e7-bfba-99ac126ee202,2024-09-19,Processing_and_Packaging,Obi19,Male,Male Youth,No disability,Nasarawa,Obi
1a1f1a95-1714-4c7b-b9a6-2b9e9af3cb0b,2024-09-19,Processing_and_Packaging,Obi20,Female,Female Youth,No disability,Nasarawa,Obi
95c55f3e-86c1-4647-81df-9a7878a6c649,2024-09-19,Processing_and_Packaging,Obi21,Male,Male Youth,No disability,Nasarawa,Obi
5c32d473-377d-440b-aa03-e63d0ee1d6b4,2024-02-15,Scaling_up_Agro_Products_marketing_for_small_enterprises,Aba04,Female,Female Youth,No disability,FCT,Abaji_Area_Council
ad730530-a22d-4e50-b93e-8f67b88d56af,2024-02-15,Scaling_up_Agro_Products_marketing_for_small_enterprises,Aba05,Male,Male Youth,No disability,FCT,Abaji_Area_Council
0d3bf29f-17e5-4b40-bc07-cbf808c52dc8,2024-02-15,Waste_Management_and_recycling_training_and_demonstration,Akk01,Male,Male Youth,No disability,Gombe,Akko
94620d23-910e-44ba-b61b-ed9b0e20bf9e,2024-02-15,Scaling_up_Agro_Products_marketing_for_small_enterprises,Akk02,Female,Female Youth,No disability,Gombe,Akko
8008e6f3-c650-4351-a9a1-9e795c036451,2024-02-15,Scaling_up_Agro_Products_marketing_for_small_enterprises,Akk03,Male,Male Youth,No disability,Gombe,Akko
c94f23d2-4cb7-49ec-afc3-87e361422c41,2024-04-15,Scaling_up_Agro_Products_marketing_for_small_enterprises,Akk04,Female,Female Youth,No disability,Gombe,Akko
0bb1fe0c-bc04-42a1-8735-593465cf5123,2024-02-15,Scaling_up_Agro_Products_marketing_for_small_enterprises,Akk05,Male,Male Youth,No disability,Gombe,Akko
92a5025d-29ca-4d89-a54e-eade6e385c27,2024-02-15,Scaling_up_Agro_Products_marketing_for_small_enterprises,Akk06,Male,Male Youth,Persons with disability,Gombe,Akko
e7c66c36-4f54-44ac-b079-7c8b69787595,2024-02-15,Scaling_up_Agro_Products_marketing_for_small_enterprises,Alk01,Male,Male Youth,No disability,Bauchi,Alkaleri
599e50bd-1803-4e02-847a-17de97184812,2024-02-15,Scaling_up_Agro_Products_marketing_for_small_enterprises,Alk02,Male,Male Youth,No disability,Bauchi,Alkaleri
a7d1e22e-f857-426b-b370-c425ef2a8ae5,2024-02-15,Scaling_up_Agro_Products_marketing_for_small_enterprises,Alk03,Female,Female Youth,No disability,Bauchi,Alkaleri
e1ea403f-e215-47da-981c-1f3edae36454,2024-02-15,Scaling_up_Agro_Products_marketing_for_small_enterprises,Bag01,Female,Female Youth,No disability,Kano,Bagwai
bc453578-92db-4529-b6fe-fc5ac7cdb7c5,2024-02-15,Scaling_up_Agro_Products_marketing_for_small_enterprises,Bag02,Female,Female Youth,No disability,Kano,Bagwai
d7192508-1c49-46f4-82da-cca072f7a863,2024-02-15,Scaling_up_Agro_Products_marketing_for_small_enterprises,Bag03,Male,Male Youth,No disability,Kano,Bagwai
0233a1ce-529a-499f-ac5c-acd63f85c97f,2024-02-15,Scaling_up_Agro_Products_marketing_for_small_enterprises,Bag04,Male,Male Youth,No disability,Kano,Bagwai
6b986ee3-571c-4f91-b5ee-361c1a0e84f5,2024-02-15,Scaling_up_Agro_Products_marketing_for_small_enterprises,Bag05,Male,Male Youth,No disability,Kano,Bagwai
95a0295d-b159-4b09-900c-bafb88fae989,2024-02-15,Scaling_up_Agro_Products_marketing_for_small_enterprises,Bag06,Male,Male Youth,No disability,Kano,Bagwai
1f309173-5111-4b71-8b08-c3b8c7d4555a,2024-02-15,Scaling_up_Agro_Products_marketing_for_small_enterprises,Bag07,Male,Male Youth,No disability,Kano,Bagwai
98142bff-923f-4fb0-920c-4029ec896fd7,2024-02-15,Scaling_up_Agro_Products_marketing_for_small_enterprises,Bag08,Male,Male Youth,No disability,Kano,Bagwai
6fba34f8-f094-4b15-b66d-6283174a0415,2024-02-15,Scaling_up_Agro_Products_marketing_for_small_enterprises,Bag09,Male,Male Youth,No disability,Kano,Bagwai
8993d4f2-6987-494d-95a6-66938a80f327,2024-02-19,Scaling_up_Agro_Products_marketing_for_small_enterprises,Bag10,Male,Male Youth,No disability,Kano,Bagwai
c3502de4-93db-4f6b-bca4-a585143c5a5d,2024-02-15,Scaling_up_Agro_Products_marketing_for_small_enterprises,Bau09,Male,Male Youth,No disability,Bauchi,Bauchi
d68b4956-c6d5-4712-a106-d4c87b0efa4c,2024-02-15,Scaling_up_Agro_Products_marketing_for_small_enterprises,Bau09,Female,Female Youth,No disability,Bauchi,Bauchi
1161eb69-bc79-47a3-9a06-a55900daa932,2024-02-15,Scaling_up_Agro_Products_marketing_for_small_enterprises,Bau10,Male,Male Youth,No disability,Bauchi,Bauchi
f773a3a9-d51c-470e-b24f-3c62b18676bd,2024-02-15,Scaling_up_Agro_Products_marketing_for_small_enterprises,Bau11,Female,Female Youth,No disability,Bauchi,Bauchi
d817a402-ce52-4034-9b11-3903fb45d01a,2024-02-15,Scaling_up_Agro_Products_marketing_for_small_enterprises,Bau12,Male,Male Youth,No disability,Bauchi,Bauchi
9d035687-c197-4242-a911-50d566133f53,2024-02-15,Scaling_up_Agro_Products_marketing_for_small_enterprises,Bau13,Male,Male Youth,No disability,Bauchi,Bauchi
a17e5e0d-1a5c-4e3d-ac20-26a1e5217f4c,2024-02-15,Scaling_up_Agro_Products_marketing_for_small_enterprises,Bau14,Female,Female Youth,No disability,Bauchi,Bauchi
9f3d4015-a765-4bf0-b7e5-6baec35f4dd6,2024-02-15,Scaling_up_Agro_Products_marketing_for_small_enterprises,Bau15,Male,Male Youth,No disability,Bauchi,Bauchi
8f7d0e01-9546-4102-8d47-2a157676c3cf,2024-02-19,Scaling_up_Agro_Products_marketing_for_small_enterprises,Bau16,Male,Male Youth,No disability,Bauchi,Bauchi
00613243-7df8-488f-9917-d3fd2bedbc8b,2024-02-15,Scaling_up_Agro_Products_marketing_for_small_enterprises,Bau17,Female,Female Youth,No disability,Bauchi,Bauchi
733752d3-805d-42f2-bb4e-232f95a40bd9,2024-03-15,Scaling_up_Agro_Products_marketing_for_small_enterprises,Bill01,Female,Female Youth,No disability,Gombe,Billiri
d7474670-fbe6-45d8-bb54-89979d741e64,2024-02-15,Scaling_up_Agro_Products_marketing_for_small_enterprises,Bill02,Female,Female Youth,No disability,Gombe,Billiri
96bbf870-6738-4552-bf8a-728fdf10acdc,2024-02-15,Scaling_up_Agro_Products_marketing_for_small_enterprises,Bill03,Female,Female Youth,No disability,Gombe,Billiri
14fe0c29-4686-4d13-b66d-65021ad9d8dd,2024-02-15,Scaling_up_Agro_Products_marketing_for_small_enterprises,Bill04,Female,Female Youth,No disability,Gombe,Billiri
2c713e2e-e494-4705-a275-4fd09a8d23b2,2024-02-15,Scaling_up_Agro_Products_marketing_for_small_enterprises,Bill05,Female,Female Youth,No disability,Gombe,Billiri
86e2285e-1b41-4f4f-b219-2e96bb302abf,2024-02-15,Scaling_up_Agro_Products_marketing_for_small_enterprises,Bill06,Male,Male Youth,No disability,Gombe,Billiri
f1d8db75-32fa-4cba-b3ac-16dd4f32b35b,2024-02-15,Scaling_up_Agro_Products_marketing_for_small_enterprises,Bill07,Male,Male Youth,No disability,Gombe,Billiri
a8d4fa9b-327f-448a-8bb5-493f80f72beb,2024-02-15,Scaling_up_Agro_Products_marketing_for_small_enterprises,Bill08,Male,Male Youth,No disability,Gombe,Billiri
aaa9add1-a4d0-4d6d-a4f4-ca640d8715a7,2024-02-15,Scaling_up_Agro_Products_marketing_for_small_enterprises,Bill09,Female,Female Youth,No disability,Gombe,Billiri
2c84e512-cb0a-44c6-9032-235efafe1d56,2024-02-15,Scaling_up_Agro_Products_marketing_for_small_enterprises,Bun01,Female,Female Youth,No disability,Kano,Bagwai
2eab7a0c-395d-4e7a-a76f-5fe7f4b96b03,2024-02-15,Scaling_up_Agro_Products_marketing_for_small_enterprises,Bun02,Male,Male Youth,No disability,Kano,Bunkure
90930aab-597f-46f4-9df0-afce4ef5bb19,2024-03-15,Scaling_up_Agro_Products_marketing_for_small_enterprises,Bun03,Male,Male Youth,No disability,Kano,Bunkure
e1cf0942-e8cf-4ed4-a4e9-79aa555750be,2024-03-19,Scaling_up_Agro_Products_marketing_for_small_enterprises,Bun04,Male,Male Youth,No disability,Kano,Bunkure
a9fb3719-acb4-449f-b41c-df5167e845ee,2024-02-15,Scaling_up_Agro_Products_marketing_for_small_enterprises,Bun05,Male,Male Youth,No disability,Kano,Bunkure
d056b5f1-9661-4ed1-9ae3-4e7db1519670,2024-02-15,Scaling_up_Agro_Products_marketing_for_small_enterprises,Bun06,Female,Female Youth,No disability,Kano,Bunkure
06074032-4de7-4aa2-bc0e-124d8a35176b,2024-02-19,Scaling_up_Agro_Products_marketing_for_small_enterprises,Bun07,Female,Female Youth,No disability,Kano,Bunkure
9e34d6d6-6524-4717-8238-5a7377fde688,2024-02-15,Scaling_up_Agro_Products_marketing_for_small_enterprises,Bun08,Female,Female Youth,No disability,Kano,Bunkure
5b10cd3e-c603-435c-88bf-c92bd5a25f96,2024-03-15,Scaling_up_Agro_Products_marketing_for_small_enterprises,Bun09,Female,Female Youth,No disability,Kano,Bunkure
150a74d4-651a-44da-a2ca-644ca91ada18,2024-09-15,Scaling_up_Agro_Products_marketing_for_small_enterprises,Bun10,Female,Female Youth,No disability,Kano,Bunkure
fa4d500f-300b-4433-9bf3-b602fc6a6da6,2024-02-15,Scaling_up_Agro_Products_marketing_for_small_enterprises,Bun11,Female,Female Youth,No disability,Kano,Bunkure
fed04b2b-b24c-40f1-8167-f8a1d2ceae85,2024-02-15,Scaling_up_Agro_Products_marketing_for_small_enterprises,Bun12,Female,Female Youth,No disability,Kano,Bunkure
1ef40983-9cfe-4d13-a9a1-df18ff2f9683,2024-02-15,Scaling_up_Agro_Products_marketing_for_small_enterprises,Bun13,Female,Female Youth,No disability,Kano,Bunkure
4a860e5f-b1b8-43b0-af19-f91b54aa70eb,2024-02-15,Scaling_up_Agro_Products_marketing_for_small_enterprises,Bun14,Female,Female Youth,No disability,Kano,Bunkure
340b242a-5b11-4f33-94d9-5c2bcc2d2f5d,2024-09-15,Scaling_up_Agro_Products_marketing_for_small_enterprises,Bun15,Male,Male Youth,No disability,Kano,Bunkure
bd48a9e0-5613-4582-8a73-87d7d6d91b60,2024-02-15,Scaling_up_Agro_Products_marketing_for_small_enterprises,Bun16,Male,Male Youth,No disability,Kano,Bunkure
c235e056-b18f-404d-8182-09fdea7fd29a,2024-02-15,Scaling_up_Agro_Products_marketing_for_small_enterprises,Bun17,Male,Male Youth,No disability,Kano,Bunkure
002a7c7b-592b-4e5a-a94b-621d2e3d5f29,2024-02-15,Scaling_up_Agro_Products_marketing_for_small_enterprises,Bun18,Male,Male Youth,No disability,Kano,Bunkure
40ada4b5-c4ce-4499-bd87-511cff312189,2024-02-15,Scaling_up_Agro_Products_marketing_for_small_enterprises,Bun19,Male,Male Youth,No disability,Kano,Bunkure
0392f270-9fb8-4a68-a48f-009baa8c2c60,2024-02-15,Scaling_up_Agro_Products_marketing_for_small_enterprises,Bun20,Male,Male Youth,No disability,Kano,Bunkure
c94caf1d-cce0-4fd7-b196-5fb946228238,2024-02-15,Scaling_up_Agro_Products_marketing_for_small_enterprises,Bun21,Male,Male Youth,No disability,Kano,Bunkure
5939f811-379e-4d70-8f52-e99987292314,2024-02-15,Scaling_up_Agro_Products_marketing_for_small_enterprises,Das07,Male,Male Youth,No disability,Bauchi,Dass
1d7208ba-84af-4e8c-8496-066b2e33cf3d,2024-02-15,Scaling_up_Agro_Products_marketing_for_small_enterprises,Das08,Male,Male Youth,No disability,Bauchi,Dass
b9438a2e-ca1e-41cc-99dc-850412f5819d,2023-02-15,Scaling_up_Agro_Products_marketing_for_small_enterprises,Das09,Male,Male Youth,No disability,Bauchi,Dass
d510ce68-99e0-4be0-a290-0a0950114dcf,2024-02-15,Scaling_up_Agro_Products_marketing_for_small_enterprises,Das10,Female,Female Youth,No disability,Bauchi,Dass
e338e3b7-3d4c-40e7-a1be-bf55063530d4,2024-02-15,Scaling_up_Agro_Products_marketing_for_small_enterprises,Gan08,Female,Female Youth,No disability,Bauchi,Ganjuwa
8969c470-5c0b-494d-971c-e6f63848a8e9,2024-02-15,Scaling_up_Agro_Products_marketing_for_small_enterprises,Gan09,Male,Male Youth,No disability,Bauchi,Ganjuwa
e1d5324e-d218-453d-96d6-59d619d90780,2024-02-15,Scaling_up_Agro_Products_marketing_for_small_enterprises,Gan10,Male,Male Youth,No disability,Bauchi,Ganjuwa
3e9ed7f3-63f5-4b19-872b-5fd6a5dfb0df,2024-02-15,Scaling_up_Agro_Products_marketing_for_small_enterprises,Gan11,Female,Female Youth,No disability,Bauchi,Ganjuwa
730bc07d-3990-4aa9-8a37-d4877145a438,2024-02-15,Scaling_up_Agro_Products_marketing_for_small_enterprises,Gir03,Male,Male Youth,No disability,Adamawa,Girei
50912fc7-a8d3-43ef-b126-6b7c2489ec98,2024-02-15,Scaling_up_Agro_Products_marketing_for_small_enterprises,Gmm48,Female,Female Youth,No disability,Kano,Garum_Mallam
26dd79ca-ede2-4f82-a630-ebd5f793d381,2024-02-15,Scaling_up_Agro_Products_marketing_for_small_enterprises,Gmm49,Male,Male Youth,No disability,Kano,Garum_Mallam
ac1e7201-4c02-4b2a-8afd-e3ef473428be,2024-02-15,Scaling_up_Agro_Products_marketing_for_small_enterprises,Gmm50,Male,Male Youth,No disability,Kano,Garum_Mallam
fe8de720-2c9e-467c-b140-5a38a9e987ec,2024-02-15,Scaling_up_Agro_Products_marketing_for_small_enterprises,Gmm51,Male,Male Youth,No disability,Kano,Garum_Mallam
c4f9309f-e8ac-4688-9068-c439957edbce,2024-02-15,Scaling_up_Agro_Products_marketing_for_small_enterprises,Gmm52,Male,Male Youth,No disability,Kano,Garum_Mallam
95a74a6f-4747-47a3-a4f1-bdb8e664272b,2024-02-19,Scaling_up_Agro_Products_marketing_for_small_enterprises,Gmm53,Male,Male Youth,No disability,Kano,Garum_Mallam
1a2975ed-39d7-4acc-9f8d-77a7dbd4b550,2024-02-15,Scaling_up_Agro_Products_marketing_for_small_enterprises,Gmm54,Female,Female Youth,No disability,Kano,Garum_Mallam
a9240117-8792-4231-aaf7-aa7e172ad9b4,2024-02-19,Scaling_up_Agro_Products_marketing_for_small_enterprises,Gmm55,Male,Male Youth,No disability,Kano,Garum_Mallam
e7c44cb9-f768-491b-81d6-daa11c2e4cb7,2024-02-15,Scaling_up_Agro_Products_marketing_for_small_enterprises,Gmm56,Female,Female Youth,No disability,Kano,Garum_Mallam
b561d038-3c20-405d-8963-6e577e2c05dd,2024-02-15,Scaling_up_Agro_Products_marketing_for_small_enterprises,Gmm57,Female,Female Youth,No disability,Kano,Garum_Mallam
05fa3945-88cb-443a-afd8-fcc1b62964fd,2024-02-15,Scaling_up_Agro_Products_marketing_for_small_enterprises,Gmm58,Female,Female Youth,No disability,Kano,Garum_Mallam
53dc1d53-4d07-42ae-806d-969fd2adc9b0,2024-09-15,Scaling_up_Agro_Products_marketing_for_small_enterprises,Gmm59,Female,Female Youth,No disability,Kano,Garum_Mallam
4c5491db-bc1a-48ef-b1dc-ad6bb38aee9e,2024-02-15,Scaling_up_Agro_Products_marketing_for_small_enterprises,Gmm60,Male,Male Youth,No disability,Kano,Garum_Mallam
3004f43e-792d-4d31-abbe-8036654d5d9e,2024-02-15,Scaling_up_Agro_Products_marketing_for_small_enterprises,Gmm61,Male,Male Youth,No disability,Kano,Garum_Mallam
a0747236-1791-4839-b96e-f9754158d387,2024-02-15,Scaling_up_Agro_Products_marketing_for_small_enterprises,Gmm62,Male,Male Youth,No disability,Kano,Garum_Mallam
876100c1-8a4b-42b2-beb0-22fd2de1200f,2024-02-15,Scaling_up_Agro_Products_marketing_for_small_enterprises,Gmm63,Male,Male Youth,No disability,Kano,Garum_Mallam
65daad2f-00cc-4b38-858d-e52d77bc40bc,2024-02-15,Scaling_up_Agro_Products_marketing_for_small_enterprises,Gmm64,Male,Male Youth,No disability,Kano,Garum_Mallam
fd11901b-09bd-4a40-83e1-2568dea06b68,2024-02-15,Scaling_up_Agro_Products_marketing_for_small_enterprises,Gmm65,Male,Male Youth,No disability,Kano,Garum_Mallam
04bd1545-713e-40a5-9d82-ca8f3c9b8d52,2024-02-15,Scaling_up_Agro_Products_marketing_for_small_enterprises,Gmm66,Male,Male Youth,No disability,Kano,Garum_Mallam
3887eacf-d4ff-42d4-a3f1-a32f75325d10,2024-02-15,Scaling_up_Agro_Products_marketing_for_small_enterprises,Gmm67,Male,Male Youth,No disability,Kano,Garum_Mallam
e3247cad-31a1-4361-a551-a72870f59484,2024-02-15,Scaling_up_Agro_Products_marketing_for_small_enterprises,Gmm68,Male,Male Youth,No disability,Kano,Garum_Mallam
c77fe5f4-b263-4d2d-b06a-c96d4d9a4b0a,2024-02-19,Scaling_up_Agro_Products_marketing_for_small_enterprises,Gmm69,Male,Male Youth,No disability,Kano,Garum_Mallam
3dfd13f5-8912-498f-bd81-68d3dad5b82c,2024-02-15,Scaling_up_Agro_Products_marketing_for_small_enterprises,Gmm70,Male,Male Youth,No disability,Kano,Garum_Mallam
a080ab1d-31d6-453b-94cf-2c3d566ae8b5,2024-02-15,Scaling_up_Agro_Products_marketing_for_small_enterprises,Gom18,Male,Male Youth,No disability,Gombe,Gombe
2d22ec19-bd4f-4a51-be06-93c4db305849,2024-02-15,Scaling_up_Agro_Products_marketing_for_small_enterprises,Gom20,Female,Female Youth,No disability,Gombe,Gombe
01b228b4-85fe-4f71-8a9e-443a7ebb3a95,2024-03-15,Scaling_up_Agro_Products_marketing_for_small_enterprises,Gom21,Female,Female Youth,No disability,Gombe,Gombe
0ffa108d-b107-42bd-9593-fdb2db5b00ea,2024-02-15,Scaling_up_Agro_Products_marketing_for_small_enterprises,Gom22,Female,Female Youth,No disability,Gombe,Gombe
8e97110a-2ba0-41c6-a29a-d8e9ee338c96,2024-02-15,Scaling_up_Agro_Products_marketing_for_small_enterprises,Gom23,Female,Female Youth,No disability,Gombe,Gombe
7208d5c5-ce67-4772-919a-704f9b6ceeb2,2024-02-15,Scaling_up_Agro_Products_marketing_for_small_enterprises,Gom24,Female,Female Youth,No disability,Gombe,Gombe
af608806-bc26-4c04-974f-760c79363b84,2024-02-15,Scaling_up_Agro_Products_marketing_for_small_enterprises,Gom25,Female,Female Youth,No disability,Gombe,Gombe
bba897fd-e36c-499a-ac6c-c2926444f2fe,2024-02-15,Scaling_up_Agro_Products_marketing_for_small_enterprises,Gom26,Male,Male Youth,No disability,Gombe,Gombe
66c23948-f8f5-4d16-8940-241079337354,2024-02-15,Scaling_up_Agro_Products_marketing_for_small_enterprises,Gom28,Male,Male Youth,No disability,Gombe,Gombe
199fafdb-bb6b-4c42-8a4c-a9d836b4f8a8,2024-02-15,Scaling_up_Agro_Products_marketing_for_small_enterprises,Gom29,Male,Male Youth,No disability,Gombe,Gombe
16b1ef95-cb7e-46b5-bb8a-4016cdb1303e,2024-02-15,Scaling_up_Agro_Products_marketing_for_small_enterprises,Gun08,Male,Male Youth,No disability,Benue,Guma
0a393fc1-4f79-4878-b331-b5becde3a94e,2024-02-15,Scaling_up_Agro_Products_marketing_for_small_enterprises,Ika11,Male,Male Youth,No disability,Kaduna,Ikara
feb13b75-a5a1-4736-991e-54bb675fa791,2024-02-15,Scaling_up_Agro_Products_marketing_for_small_enterprises,Ika12,Male,Male Youth,No disability,Kaduna,Ikara
ec084e3c-ec53-42cf-9946-79c8df953314,2024-02-15,Scaling_up_Agro_Products_marketing_for_small_enterprises,Ika13,Male,Male Youth,No disability,Kaduna,Ikara
14d23191-d649-4d9e-9942-75949c27bfc9,2024-02-15,Scaling_up_Agro_Products_marketing_for_small_enterprises,Ika14,Male,Male Youth,No disability,Kaduna,Ikara
ecf226ea-c56f-4d94-b766-bf83a3c7672e,2024-02-15,Scaling_up_Agro_Products_marketing_for_small_enterprises,Ika15,Male,Male Youth,No disability,Kaduna,Ikara
9f68af78-2cab-4fee-8b78-b8aa8bb7c8cb,2024-02-15,Scaling_up_Agro_Products_marketing_for_small_enterprises,Ika16,Male,Male Youth,No disability,Kaduna,Ikara
9faafccf-05c1-4fb1-9c4d-c7b8c2dd8258,2024-02-15,Scaling_up_Agro_Products_marketing_for_small_enterprises,Ika17,Male,Male Youth,No disability,Kaduna,Ikara
9c67d5f6-e375-49d4-935d-d1595129bd0c,2024-02-15,Scaling_up_Agro_Products_marketing_for_small_enterprises,Ika18,Male,Male Youth,No disability,Kaduna,Ikara
a7aa880c-d7bc-4632-b475-aa64d240f5e0,2024-02-15,Scaling_up_Agro_Products_marketing_for_small_enterprises,Ika19,Male,Male Youth,No disability,Kaduna,Ikara
f7e14682-f18c-4b83-8848-e7bb98bcd2a5,2024-02-15,Scaling_up_Agro_Products_marketing_for_small_enterprises,Ika20,Male,Male Youth,No disability,Kaduna,Ikara
0c7ba84c-2896-462a-9eb3-687a771dfe97,2024-02-15,Scaling_up_Agro_Products_marketing_for_small_enterprises,Ika21,Male,Male Youth,No disability,Kaduna,Ikara
4ddb7e0a-73aa-4cea-8718-c8a00e33d83e,2024-09-15,Scaling_up_Agro_Products_marketing_for_small_enterprises,Ika22,Male,Male Youth,No disability,Kaduna,Ikara
eab82213-48e8-4a07-98cf-0d117cd698bb,2024-09-15,Scaling_up_Agro_Products_marketing_for_small_enterprises,Ika23,Female,Female Youth,No disability,Kaduna,Ikara
c24e2a3c-66b5-40fa-a523-42c05d71c2b6,2024-02-15,Scaling_up_Agro_Products_marketing_for_small_enterprises,Ika24,Female,Female Youth,No disability,Kaduna,Ikara
5cd8b583-6bbe-4a8e-98ee-8a33fb079f60,2024-09-15,Scaling_up_Agro_Products_marketing_for_small_enterprises,Ika25,Female,Female Youth,No disability,Kaduna,Ikara
41c13009-92f3-4a55-8717-ef3bb09281c1,2024-02-15,Scaling_up_Agro_Products_marketing_for_small_enterprises,Ika26,Female,Female Youth,No disability,Kaduna,Ikara
268b8d05-7011-4883-b259-2adb735abe13,2024-02-15,Scaling_up_Agro_Products_marketing_for_small_enterprises,Ika27,Female,Female Youth,No disability,Kaduna,Ikara
a81704c4-397b-42df-ae66-8bac2b79c26b,2024-02-15,Scaling_up_Agro_Products_marketing_for_small_enterprises,Ika28,Female,Female Youth,No disability,Kaduna,Ikara
9827b14c-d514-44f0-8867-11529eac209f,2024-09-15,Scaling_up_Agro_Products_marketing_for_small_enterprises,Ika29,Female,Female Youth,No disability,Kaduna,Ikara
b6695dd6-cad7-4b28-82b8-fd8455e5e46f,2024-02-13,Scaling_up_Agro_Products_marketing_for_small_enterprises,Ika30,Female,Female Youth,No disability,Kaduna,Ikara
7d2a0215-95ff-4eec-81fc-4f57de92736a,2024-02-15,Scaling_up_Agro_Products_marketing_for_small_enterprises,Ika31,Male,Male Youth,No disability,Kaduna,Ikara
3a622d94-45aa-4cab-9d18-dc07e5b98e71,2024-02-15,Scaling_up_Agro_Products_marketing_for_small_enterprises,Ika32,Male,Male Youth,No disability,Kaduna,Ikara
7c175807-e182-4274-866f-d12c92fb5746,2024-02-15,Scaling_up_Agro_Products_marketing_for_small_enterprises,Ika33,Female,Female Youth,No disability,Kaduna,Ikara
4ed7b7cf-391e-4e37-b95b-14885becf1a0,2024-02-15,Scaling_up_Agro_Products_marketing_for_small_enterprises,Ika34,Female,Female Youth,No disability,Kaduna,Ikara
e11db91a-68ba-4289-980a-de6d149bdaa8,2024-02-15,Scaling_up_Agro_Products_marketing_for_small_enterprises,Ika35,Male,Male Youth,No disability,Kaduna,Ikara
db261194-fe0e-4483-aa74-de98cd0cacba,2024-02-15,Scaling_up_Agro_Products_marketing_for_small_enterprises,Ika36,Male,Male Youth,No disability,Kaduna,Ikara
6af05e5e-7c47-4e3d-942c-76c08d1569c7,2024-02-15,Scaling_up_Agro_Products_marketing_for_small_enterprises,Jah14,Male,Male Youth,No disability,Jigawa,Ringim
10a0fc1b-68f3-4006-85be-75131f0b46c1,2024-02-15,Scaling_up_Agro_Products_marketing_for_small_enterprises,Jah19,Female,Female Youth,No disability,Kaduna,Jema’a
4da4b41a-0c9b-4bc2-ba6c-f110fc1dcbb8,2024-02-15,Scaling_up_Agro_Products_marketing_for_small_enterprises,Jah19,Female,Female Adult,No disability,Jigawa,Jahun
a9b4ded5-4c80-4068-9483-25918277d0ab,2024-02-15,Scaling_up_Agro_Products_marketing_for_small_enterprises,Jah14,Female,Female Youth,No disability,Jigawa,Jahun
f6c76b8f-c73a-4ae7-a338-22960bb28fff,2024-02-15,Scaling_up_Agro_Products_marketing_for_small_enterprises,Jah39,Male,Male Youth,No disability,Jigawa,Jahun
fa9a4fbc-365b-493a-bfa1-d74e018abb7f,2024-02-15,Scaling_up_Agro_Products_marketing_for_small_enterprises,Jah40,Male,Male Youth,No disability,Jigawa,Jahun
54d0d79c-649d-4e55-8c07-7da678cee5c6,2024-02-15,Scaling_up_Agro_Products_marketing_for_small_enterprises,Jah41,Male,Male Youth,No disability,Jigawa,Jahun
a7d542ec-069d-4ecb-a6da-63c4b693e6d3,2023-02-15,Scaling_up_Agro_Products_marketing_for_small_enterprises,Jah42,Male,Male Youth,No disability,Jigawa,Jahun
e171d0cd-19f1-412c-9b19-6f6618b5d527,2024-02-15,Scaling_up_Agro_Products_marketing_for_small_enterprises,Jah43,Male,Male Youth,No disability,Jigawa,Jahun
e4581528-d20c-43cc-95e5-8b7823de99c2,2024-02-15,Scaling_up_Agro_Products_marketing_for_small_enterprises,Jah44,Female,Female Youth,No disability,Jigawa,Jahun
b71915da-56a2-41ff-89cb-3fc62689e00a,2024-02-15,Scaling_up_Agro_Products_marketing_for_small_enterprises,Jah45,Male,Male Youth,No disability,Jigawa,Jahun
184e849e-4a99-4211-8cb5-c218cc4dc21c,2024-02-15,Scaling_up_Agro_Products_marketing_for_small_enterprises,Jah46,Female,Female Youth,No disability,Jigawa,Jahun
9ccca45f-bd7f-453e-904d-55a6a060a82a,2024-03-15,Scaling_up_Agro_Products_marketing_for_small_enterprises,Jah47,Male,Male Youth,No disability,Jigawa,Jahun
dbb85c3a-6488-4602-bba1-53362731c49b,2024-02-15,Scaling_up_Agro_Products_marketing_for_small_enterprises,Jah48,Female,Female Youth,No disability,Jigawa,Jahun
bd2c4560-fd44-4864-81eb-c7dc6a7d523b,2024-02-15,Scaling_up_Agro_Products_marketing_for_small_enterprises,Jah49,Male,Male Youth,No disability,Jigawa,Jahun
e89a06dd-b0c5-4e3f-91b3-0fb22839825b,2024-02-15,Scaling_up_Agro_Products_marketing_for_small_enterprises,Jah50,Male,Male Youth,No disability,Jigawa,Jahun
29b2b0b0-396b-4f05-9e38-c528e1a6cbf8,2024-03-15,Scaling_up_Agro_Products_marketing_for_small_enterprises,Jah51,Female,Female Youth,No disability,Jigawa,Jahun
2367b685-3cf4-4cc9-8a2b-1e0d65cd7610,2024-02-15,Scaling_up_Agro_Products_marketing_for_small_enterprises,Jah52,Female,Female Youth,No disability,Jigawa,Jahun
0c60c72a-a803-4423-b3a5-5b76f17fb621,2024-02-15,Scaling_up_Agro_Products_marketing_for_small_enterprises,Jah53,Male,Male Youth,No disability,Jigawa,Jahun
eba1b16c-cb17-4309-aa28-0acfac6aff15,2024-02-15,Scaling_up_Agro_Products_marketing_for_small_enterprises,Jah54,Male,Male Youth,No disability,Jigawa,Jahun
09e7dc73-3a3a-4ce0-b4e4-abb49ec82358,2024-03-15,Scaling_up_Agro_Products_marketing_for_small_enterprises,Jah55,Female,Female Youth,No disability,Jigawa,Jahun
21c3ba9e-1b10-43d2-961b-00a3a02d7e41,2024-02-15,Scaling_up_Agro_Products_marketing_for_small_enterprises,Jah56,Female,Female Youth,No disability,Jigawa,Jahun
b26fa9e3-ab7c-4b64-807b-77d59c0bdcdc,2024-02-15,Scaling_up_Agro_Products_marketing_for_small_enterprises,Jah57,Female,Female Youth,No disability,Jigawa,Jahun
62183934-66d7-441d-b0fa-ed12c8ea9ed6,2024-03-15,Scaling_up_Agro_Products_marketing_for_small_enterprises,Jah58,Male,Male Youth,No disability,Jigawa,Jahun
55043966-35ad-4109-aac0-85fb6fdc4c1f,2024-02-15,Scaling_up_Agro_Products_marketing_for_small_enterprises,Jah59,Male,Male Youth,No disability,Jigawa,Jahun
6145bd05-6bba-4cbb-963b-86b06eae93c8,2024-02-15,Scaling_up_Agro_Products_marketing_for_small_enterprises,Jah60,Female,Female Youth,No disability,Jigawa,Jahun
da046c46-d248-49de-91bf-9d45788e8433,2024-02-15,Scaling_up_Agro_Products_marketing_for_small_enterprises,Jah61,Male,Male Youth,No disability,Jigawa,Jahun
e5025171-65be-4ed9-ac7b-05975c8700bd,2024-02-15,Scaling_up_Agro_Products_marketing_for_small_enterprises,Jah62,Female,Female Youth,No disability,Jigawa,Jahun
8c728ef8-5195-46aa-b53d-9dae8856f8e9,2024-02-15,Scaling_up_Agro_Products_marketing_for_small_enterprises,Jah63,Male,Male Youth,No disability,Jigawa,Jahun
5c794eb2-6864-4db3-8c8a-0ad44a292cf6,2024-02-13,Scaling_up_Agro_Products_marketing_for_small_enterprises,Jah64,Male,Male Youth,No disability,Jigawa,Jahun
a06a01f6-942f-4361-afb7-764d5e6d0a2d,2024-03-15,Scaling_up_Agro_Products_marketing_for_small_enterprises,Jah65,Male,Male Youth,No disability,Jigawa,Jahun
ecc1b923-e63d-4457-9722-a62c346ffd87,2024-03-15,Scaling_up_Agro_Products_marketing_for_small_enterprises,Jah66,Male,Male Youth,No disability,Jigawa,Jahun
e48b200b-384d-48ff-901a-bf5a75324cb8,2024-02-15,Scaling_up_Agro_Products_marketing_for_small_enterprises,Jah67,Male,Male Youth,No disability,Jigawa,Jahun
03d2f074-f00c-4a9a-afd2-3768af2543c3,2024-02-15,Scaling_up_Agro_Products_marketing_for_small_enterprises,Jah68,Male,Male Youth,No disability,Jigawa,Jahun
b9612448-0112-4d88-8818-f647cac1a0a2,2024-02-15,Scaling_up_Agro_Products_marketing_for_small_enterprises,Jah69,Male,Male Youth,No disability,Jigawa,Jahun
702f3989-7566-450a-b1d1-712394f1e388,2024-02-15,Scaling_up_Agro_Products_marketing_for_small_enterprises,Jah70,Male,Male Youth,No disability,Jigawa,Jahun
7eca95a1-8c91-4b70-a7ac-2683c672d668,2024-02-15,Scaling_up_Agro_Products_marketing_for_small_enterprises,Jah71,Male,Male Youth,No disability,Jigawa,Jahun
6c5920b1-ef65-4047-9daa-e118ca5fc6b8,2024-02-15,Scaling_up_Agro_Products_marketing_for_small_enterprises,Jah72,Male,Male Youth,No disability,Jigawa,Jahun
83f2ab34-a1f5-4406-9359-c7bc327c8728,2024-02-15,Scaling_up_Agro_Products_marketing_for_small_enterprises,Jah73,Male,Male Youth,No disability,Jigawa,Jahun
bf0447c9-870a-4405-bfc0-53720cb4a587,2024-02-15,Scaling_up_Agro_Products_marketing_for_small_enterprises,Jah74,Male,Male Youth,No disability,Jigawa,Jahun
9518e7a7-182e-4252-b6b2-846c6115bb5f,2024-02-15,Scaling_up_Agro_Products_marketing_for_small_enterprises,Jah75,Male,Male Youth,No disability,Jigawa,Jahun
97e1b8d6-0214-4ecf-b989-c3eaed8ea8d6,2024-02-15,Scaling_up_Agro_Products_marketing_for_small_enterprises,Jah76,Male,Male Youth,No disability,Jigawa,Jahun
1fd904d5-bc29-4e29-9405-c7a7ec7029f2,2024-02-15,Scaling_up_Agro_Products_marketing_for_small_enterprises,Jah77,Male,Male Youth,No disability,Jigawa,Jahun
a800ac56-e564-4bb2-8911-b323616988f3,2024-02-15,Scaling_up_Agro_Products_marketing_for_small_enterprises,Jah78,Male,Male Youth,No disability,Jigawa,Jahun
65daad40-466a-4820-b900-9737521e88b4,2024-02-15,Scaling_up_Agro_Products_marketing_for_small_enterprises,Jah79,Female,Female Youth,No disability,Jigawa,Jahun
165e4417-d174-434a-af2f-8cf91c99d14b,2024-02-15,Scaling_up_Agro_Products_marketing_for_small_enterprises,Jah80,Female,Female Youth,No disability,Jigawa,Jahun
2246b394-2cc7-4a6b-9f32-9389c9f6ac56,2024-02-15,Scaling_up_Agro_Products_marketing_for_small_enterprises,Jah81,Female,Female Youth,No disability,Jigawa,Jahun
ae587145-2ac4-4a68-ad0b-149c6ea8dd31,2024-02-15,Scaling_up_Agro_Products_marketing_for_small_enterprises,Jah82,Male,Male Youth,No disability,Jigawa,Jahun
d250bc36-51ac-4864-aded-ed7c63dda53e,2024-02-15,Scaling_up_Agro_Products_marketing_for_small_enterprises,Jah83,Male,Male Youth,No disability,Jigawa,Jahun
ed1fa090-d3ec-4645-a38b-d871c8889b8b,2024-02-15,Scaling_up_Agro_Products_marketing_for_small_enterprises,Jah84,Male,Male Youth,No disability,Jigawa,Jahun
2d485fbc-79ec-4a09-b872-1078a23fc560,2024-02-15,Scaling_up_Agro_Products_marketing_for_small_enterprises,Kal12,Female,Female Youth,No disability,Gombe,Kaltungo
ca725a0f-10fc-41a1-8009-835b13755a1f,2024-02-15,Scaling_up_Agro_Products_marketing_for_small_enterprises,Kal13,Male,Male Youth,No disability,Gombe,Kaltungo
b0efe4ba-1a87-4c84-8669-2e84307afc07,2024-02-15,Scaling_up_Agro_Products_marketing_for_small_enterprises,Kal14,Female,Female Youth,No disability,Gombe,Kaltungo
3000b4a1-1f07-4ff3-ad3c-db16107a3636,2024-02-15,Scaling_up_Agro_Products_marketing_for_small_enterprises,Kal15,Female,Female Youth,No disability,Gombe,Kaltungo
f3b867e3-cb49-4213-85c6-3f764cefebe6,2024-02-15,Scaling_up_Agro_Products_marketing_for_small_enterprises,Kal16,Male,Male Youth,No disability,Gombe,Kaltungo
68e38030-94c8-49a5-a808-ac6debf702df,2024-02-15,Scaling_up_Agro_Products_marketing_for_small_enterprises,Kal17,Female,Female Youth,No disability,Gombe,Kaltungo
5fabdbbe-bdd2-4e80-aabb-2c6546c6685d,2024-02-15,Scaling_up_Agro_Products_marketing_for_small_enterprises,Kal18,Female,Female Youth,No disability,Gombe,Kaltungo
0576fa33-8e90-4f38-b98b-da4830b9af24,2024-02-15,Scaling_up_Agro_Products_marketing_for_small_enterprises,Kal19,Female,Female Youth,No disability,Gombe,Kaltungo
9e7f4409-93b9-4bb7-9040-6f0a6636b07a,2024-02-15,Scaling_up_Agro_Products_marketing_for_small_enterprises,Kea03,Male,Male Youth,No disability,Nasarawa,Keana
0982f2a7-fb67-41dd-a5e0-e6283944c67f,2024-02-15,Scaling_up_Agro_Products_marketing_for_small_enterprises,Kea04,Female,Female Youth,No disability,Nasarawa,Keana
42184925-5539-41b7-964d-521f13b0c211,2024-02-15,Scaling_up_Agro_Products_marketing_for_small_enterprises,Kir01,Female,Female Youth,No disability,Kano,Garum_Mallam
096fae76-46a1-44ad-838a-5da224f61b38,2024-02-15,Scaling_up_Agro_Products_marketing_for_small_enterprises,Kir02,Female,Female Youth,No disability,Kano,Garum_Mallam
424aabdf-c640-4d97-afea-5628379d356c,2024-02-15,Scaling_up_Agro_Products_marketing_for_small_enterprises,Kir03,Female,Female Youth,No disability,Kano,Kiru
437af050-ea8b-4a93-a98a-47dee57bc5b6,2024-02-15,Scaling_up_Agro_Products_marketing_for_small_enterprises,Kir04,Female,Female Youth,No disability,Kano,Kiru
b5cd0525-530f-420b-9dbd-0a497f518b3d,2024-02-15,Scaling_up_Agro_Products_marketing_for_small_enterprises,Kir05,Female,Female Youth,No disability,Kano,Kiru
b7dec6f7-9e8c-4c9f-bba2-6a8b4c7c573d,2024-02-15,Scaling_up_Agro_Products_marketing_for_small_enterprises,Kir06,Male,Male Youth,No disability,Kano,Kiru
4a7fdeee-1305-4d17-a6e6-fd1a210e9674,2024-02-15,Scaling_up_Agro_Products_marketing_for_small_enterprises,Kir07,Male,Male Youth,No disability,Kano,Garum_Mallam
9c035dbe-281e-4535-9e01-40cb4ac7e6b7,2024-02-15,Scaling_up_Agro_Products_marketing_for_small_enterprises,Kir08,Male,Male Youth,No disability,Kano,Garum_Mallam
240a89a9-dae6-4259-b10d-02aaa6c482cb,2024-02-15,Scaling_up_Agro_Products_marketing_for_small_enterprises,Kir09,Male,Male Youth,No disability,Kano,Garum_Mallam
67ddbadb-c3a9-4c5b-8163-762664971770,2024-02-15,Scaling_up_Agro_Products_marketing_for_small_enterprises,Kir10,Male,Male Youth,No disability,Kano,Kiru
eed959f5-09b0-4545-91e1-f8e39864c564,2024-03-15,Scaling_up_Agro_Products_marketing_for_small_enterprises,Kir11,Female,Female Youth,No disability,Kano,Kiru
107328ec-d432-46a3-9805-c9f195f68057,2024-02-15,Scaling_up_Agro_Products_marketing_for_small_enterprises,Kir12,Female,Female Youth,No disability,Kano,Kiru
faf6a211-ebe9-485e-a2bd-8831bb5f0481,2024-02-15,Scaling_up_Agro_Products_marketing_for_small_enterprises,Kir13,Female,Female Youth,No disability,Kano,Kiru
56ef6403-6253-4925-ad23-9804ab184528,2024-03-15,Scaling_up_Agro_Products_marketing_for_small_enterprises,Kir14,Male,Male Youth,No disability,Kano,Kiru
1a3c5ff9-32e7-4434-8153-9e102a7dfe81,2024-02-15,Scaling_up_Agro_Products_marketing_for_small_enterprises,Kir15,Male,Male Youth,No disability,Kano,Kiru
76fd860c-4de8-4c70-9b12-3072d426686e,2024-02-15,Scaling_up_Agro_Products_marketing_for_small_enterprises,Kir16,Male,Male Youth,No disability,Kano,Kiru
e87d1b32-61e3-4343-9260-1c7e5ff3210c,2024-02-15,Scaling_up_Agro_Products_marketing_for_small_enterprises,Akk01,Male,Male Youth,No disability,Gombe,Akko
ed11648f-952e-4b18-9cb4-26813d82b5af,2024-02-15,Scaling_up_Agro_Products_marketing_for_small_enterprises,Kir17,Male,Male Youth,No disability,Kano,Kiru
d217cf83-032e-4b03-8255-7f984f9dfdaf,2024-02-15,Scaling_up_Agro_Products_marketing_for_small_enterprises,Kir18,Male,Male Youth,No disability,Kano,Kiru
721bc68f-f98b-4aaf-9394-dcc640925454,2024-02-15,Scaling_up_Agro_Products_marketing_for_small_enterprises,Kir19,Male,Male Youth,No disability,Kano,Kiru
4e3769eb-32f8-43af-b787-91e221d9b6a3,2024-02-15,Scaling_up_Agro_Products_marketing_for_small_enterprises,Kir20,Male,Male Youth,No disability,Kano,Kiru
9a303729-f5bf-475c-86db-b3041d6bdab9,2024-02-15,Scaling_up_Agro_Products_marketing_for_small_enterprises,Kir21,Female,Female Youth,No disability,Kano,Kiru
880b4ffe-e810-49c7-842a-031bf321f756,2024-02-15,Scaling_up_Agro_Products_marketing_for_small_enterprises,Kir22,Male,Male Youth,No disability,Kano,Kiru
81c0fac2-69c8-49af-8566-edfa68d301fd,2024-02-15,Scaling_up_Agro_Products_marketing_for_small_enterprises,Kuj06,Female,Female Youth,No disability,FCT,Kuje_Area_Council
016f55b4-a21b-4dc9-9035-d0405c1c98a4,2024-02-15,Scaling_up_Agro_Products_marketing_for_small_enterprises,Kur01,Female,Female Youth,No disability,Kano,Kura
a5658cbb-8eb8-405a-9d63-472f642d90ec,2024-02-15,Scaling_up_Agro_Products_marketing_for_small_enterprises,Kur02,Female,Female Youth,No disability,Kano,Kura
4d4bb3b5-9f52-45e6-9f3e-843a147fd4be,2024-02-15,Scaling_up_Agro_Products_marketing_for_small_enterprises,Kur03,Female,Female Youth,No disability,Kano,Kura
f7fb1215-1c63-496b-8fee-1c3a110cc42b,2024-02-15,Scaling_up_Agro_Products_marketing_for_small_enterprises,Kur04,Female,Female Youth,No disability,Kano,Kura
aec58a3d-17f1-42bd-a720-1d3e52c7083c,2024-02-15,Scaling_up_Agro_Products_marketing_for_small_enterprises,Kur05,Female,Female Youth,No disability,Kano,Kura
7f799420-a318-406f-abe3-52b1b1b323c5,2024-02-15,Scaling_up_Agro_Products_marketing_for_small_enterprises,Kur06,Female,Female Youth,No disability,Kano,Kura
8908d047-2e76-4630-9a87-7b9fdf28fe5d,2024-02-15,Scaling_up_Agro_Products_marketing_for_small_enterprises,Kur07,Female,Female Youth,No disability,Kano,Kura
ea5d5a10-e5d7-4945-9d76-e768376d8d40,2024-02-15,Scaling_up_Agro_Products_marketing_for_small_enterprises,Kur09,Male,Male Youth,No disability,Kano,Kura
2d69fea2-8be4-4cf7-b8f9-7f471755041b,2024-02-15,Scaling_up_Agro_Products_marketing_for_small_enterprises,Kur11,Male,Male Youth,No disability,Kano,Kura
9fe0bd70-9c00-4bf4-9783-220b95fb8e46,2024-02-15,Scaling_up_Agro_Products_marketing_for_small_enterprises,Kur12,Male,Male Youth,No disability,Kano,Kura
ea1b06f1-2d37-4e0c-be85-b78a378b1947,2024-02-15,Scaling_up_Agro_Products_marketing_for_small_enterprises,Kur13,Male,Male Youth,No disability,Kano,Kura
c627ee66-d918-408a-b59b-71d4d8f5a65f,2024-02-15,Scaling_up_Agro_Products_marketing_for_small_enterprises,Kur14,Male,Male Youth,No disability,Kano,Kura
4e031735-3a0b-445f-b977-4b4699ab64a1,2024-02-15,Scaling_up_Agro_Products_marketing_for_small_enterprises,Kwa29,Male,Male Youth,No disability,Gombe,Kwami
864be1ce-6f29-4ba4-82d9-7331183555dc,2024-02-15,Scaling_up_Agro_Products_marketing_for_small_enterprises,Laf04,Female,Female Youth,No disability,Nasarawa,Lafia
fd008c89-e7b7-4480-bd97-5bb84a72f72f,2024-02-15,Scaling_up_Agro_Products_marketing_for_small_enterprises,Nin14,Female,Female Youth,No disability,Bauchi,Ningi
41c6871a-5160-4e99-b00a-9c18963db84c,2024-02-15,Scaling_up_Agro_Products_marketing_for_small_enterprises,Nin15,Female,Female Youth,No disability,Bauchi,Ningi
b26b0d19-1449-4bfa-92eb-2c13cbfc155b,2024-02-15,Scaling_up_Agro_Products_marketing_for_small_enterprises,Nin16,Male,Male Youth,No disability,Bauchi,Ningi
91942ad4-b957-4018-949c-1b92353f019c,2024-02-15,Scaling_up_Agro_Products_marketing_for_small_enterprises,Nin17,Male,Male Youth,No disability,Bauchi,Ningi
32dc0bdb-0cd0-47a8-bfbf-71bba4d0b270,2024-02-15,Scaling_up_Agro_Products_marketing_for_small_enterprises,Ran01,Female,Female Youth,No disability,Kano,Kura
935016e1-0b6d-4bf3-a999-9daac0ed8b45,2024-02-15,Scaling_up_Agro_Products_marketing_for_small_enterprises,Ran02,Female,Female Youth,No disability,Kano,Rano
400d5f10-cc35-45a6-a8af-0ece186cae66,2024-02-15,Scaling_up_Agro_Products_marketing_for_small_enterprises,Ran03,Female,Female Youth,No disability,Kano,Rano
f9f33741-4a0c-468a-9bfd-f98e5a43a43c,2024-02-15,Scaling_up_Agro_Products_marketing_for_small_enterprises,Ran04,Female,Female Youth,No disability,Kano,Rano
224f26db-f332-432b-8f89-1f24c1cebfa0,2024-02-15,Scaling_up_Agro_Products_marketing_for_small_enterprises,Ran05,Female,Female Youth,No disability,Kano,Rano
7ad90e70-2a1f-46ec-9b9d-edeb9eeaace3,2024-02-15,Scaling_up_Agro_Products_marketing_for_small_enterprises,Ran06,Female,Female Youth,No disability,Kano,Rano
332a6ced-ef69-427a-bab1-6d862bd809c5,2024-02-15,Scaling_up_Agro_Products_marketing_for_small_enterprises,Ran07,Female,Female Youth,No disability,Kano,Rano
ba2efb5e-e599-48b8-90e6-5f5009808e57,2024-02-15,Scaling_up_Agro_Products_marketing_for_small_enterprises,Ran08,Female,Female Youth,No disability,Kano,Rano
a250e54e-0307-4a5b-bfa8-7a59c10a6033,2024-02-15,Scaling_up_Agro_Products_marketing_for_small_enterprises,Ran09,Male,Male Youth,No disability,Kano,Rano
142d07be-48ed-457c-a492-a6540c011f76,2024-02-15,Scaling_up_Agro_Products_marketing_for_small_enterprises,Ran10,Male,Male Youth,No disability,Kano,Rano
0890ac84-3f2e-41a5-aa8f-270d761c0243,2024-02-15,Scaling_up_Agro_Products_marketing_for_small_enterprises,Ran11,Male,Male Youth,No disability,Kano,Rano
f6b22fc5-5b50-4627-9865-8b6dc6be9702,2024-09-15,Scaling_up_Agro_Products_marketing_for_small_enterprises,Ran12,Male,Male Youth,No disability,Kano,Rano
6cb97c5c-2354-4d03-b54d-5eebb6b507d7,2024-02-15,Scaling_up_Agro_Products_marketing_for_small_enterprises,Ran13,Male,Male Youth,No disability,Kano,Rano
12123613-03cc-4fa3-817d-461c118c8995,2024-02-15,Scaling_up_Agro_Products_marketing_for_small_enterprises,Ran14,Male,Male Youth,No disability,Kano,Rano
e91740e3-e059-4aa8-b6cb-2bab0bdd2361,2024-09-15,Scaling_up_Agro_Products_marketing_for_small_enterprises,Rig02,Female,Female Youth,No disability,Kano,Rimi_Gado
fe42789d-6f5e-4b7a-807a-c1aac2c7c052,2024-02-15,Scaling_up_Agro_Products_marketing_for_small_enterprises,Rig03,Female,Female Youth,No disability,Kano,Rimi_Gado
e7976c6d-e297-4f55-bc7f-35d9ab327e09,2024-02-15,Scaling_up_Agro_Products_marketing_for_small_enterprises,Rig04,Female,Female Youth,No disability,Kano,Rimi_Gado
70302668-45eb-4cfd-ab14-ed8c27696e26,2024-02-19,Scaling_up_Agro_Products_marketing_for_small_enterprises,Rig05,Female,Female Youth,No disability,Kano,Rimi_Gado
ad0451cf-0514-4602-a134-bfe70c4bc342,2024-02-15,Scaling_up_Agro_Products_marketing_for_small_enterprises,Rig06,Female,Female Youth,No disability,Kano,Rimi_Gado
09cefcb6-587a-4388-a47f-5347688edb62,2024-09-19,Waste_Management_and_recycling_training_and_demonstration,Jam16,Female,Female Youth,No disability,Kaduna,Jema’a
ef9a0c41-72f8-42da-9036-aa1138a0c99a,2024-09-19,Waste_Management_and_recycling_training_and_demonstration,Jam17,Male,Male Youth,No disability,Kaduna,Jema’a
1869308f-6128-4310-bc79-6d8972226b31,2024-09-19,Waste_Management_and_recycling_training_and_demonstration,Jam18,Male,Male Youth,No disability,Kaduna,Jema’a
3a3cce55-863d-487b-b422-2c34493016b1,2024-09-19,Waste_Management_and_recycling_training_and_demonstration,Jam19,Female,Female Youth,No disability,Kaduna,Jema’a
c6af0217-742c-43bf-900d-34351bc2eb55,2024-09-19,Waste_Management_and_recycling_training_and_demonstration,Jam20,Male,Male Youth,No disability,Kaduna,Jema’a
85d20975-3e82-4baf-8dd3-ad0e2cb5a9ae,2024-09-19,Waste_Management_and_recycling_training_and_demonstration,Jam21,Male,Male Youth,No disability,Kaduna,Jema’a
72b087b6-591a-4f48-a52d-02e7fb74f94b,2024-10-19,Waste_Management_and_recycling_training_and_demonstration,Jam22,Male,Male Youth,No disability,Kaduna,Jema’a
c9896f1e-15b1-412e-8afd-a550c38bca44,2024-10-19,Waste_Management_and_recycling_training_and_demonstration,Kac01,Female,Female Youth,No disability,Kaduna,Kachia
3587c632-a1e3-46e8-b799-c6adf3575238,2024-10-19,Waste_Management_and_recycling_training_and_demonstration,Kac02,Female,Female Youth,No disability,Kaduna,Kachia
cc308d5c-7da8-40b6-ac68-0ea1d1ea3875,2024-09-19,Waste_Management_and_recycling_training_and_demonstration,Kac03,Female,Female Youth,No disability,Kaduna,Kachia
1a90677d-89c8-464e-89fb-3c214d762463,2024-09-19,Waste_Management_and_recycling_training_and_demonstration,Kac04,Female,Female Youth,No disability,Kaduna,Kachia
81c171bb-9e65-4177-bccc-6a6546537fe8,2024-09-19,Waste_Management_and_recycling_training_and_demonstration,Kac05,Female,Female Youth,No disability,Kaduna,Kachia
7affadfc-48c3-41e1-bbc4-5b6831800d6c,2024-09-19,Waste_Management_and_recycling_training_and_demonstration,Kac06,Male,Male Youth,No disability,Kaduna,Kachia
fffab54e-252a-43f2-b64d-4be93bcf2ab1,2024-10-19,Waste_Management_and_recycling_training_and_demonstration,Kac07,Male,Male Youth,No disability,Kaduna,Kachia
6dda22c0-4160-4daf-9512-78ced724921d,2024-10-19,Waste_Management_and_recycling_training_and_demonstration,Kac08,Male,Male Youth,No disability,Kaduna,Kachia
cec0e622-d7db-49dd-b374-29816212a4f3,2024-09-19,Waste_Management_and_recycling_training_and_demonstration,Kac09,Male,Male Youth,No disability,Kaduna,Kachia
6efefde3-f365-46cb-a3ec-29263cf6c4e5,2024-10-19,Waste_Management_and_recycling_training_and_demonstration,Kac10,Male,Male Youth,No disability,Kaduna,Kachia
4ca7f8cf-0a35-4190-9c4d-2c6df6226901,2024-09-19,Waste_Management_and_recycling_training_and_demonstration,Kac11,Male,Male Youth,No disability,Kaduna,Kachia
973a874b-2ca4-461d-ab19-3169e996fbb2,2024-09-19,Waste_Management_and_recycling_training_and_demonstration,Kac12,Female,Female Youth,No disability,Kaduna,Kachia
171028a4-1755-4f00-9086-a11d75d61249,2024-09-19,Waste_Management_and_recycling_training_and_demonstration,Kac13,Male,Male Youth,No disability,Kaduna,Kachia
31ba3666-70b8-4ce5-9a1f-bb5f4dfc8c0e,2024-09-19,Waste_Management_and_recycling_training_and_demonstration,Kag01,Male,Male Youth,No disability,Kaduna,Kachia
4e8227a9-4215-48f1-8515-75f0f640cad5,2024-09-19,Waste_Management_and_recycling_training_and_demonstration,Kag02,Female,Female Youth,No disability,Kaduna,Kachia
76fe08b3-3421-4c19-bb89-cef451f8d06e,2024-10-19,Waste_Management_and_recycling_training_and_demonstration,Kag03,Male,Male Youth,No disability,Kaduna,Kachia
d2676b6c-3341-4580-8efd-e0678efd5266,2024-09-19,Waste_Management_and_recycling_training_and_demonstration,Kag04,Female,Female Youth,No disability,Kaduna,Kachia
8c3858f1-bb63-4aa8-b8a9-0eee09c10ef8,2024-10-19,Waste_Management_and_recycling_training_and_demonstration,Kag05,Male,Male Youth,No disability,Kaduna,Kachia
7a1b7fb5-150c-4ae5-8af8-1de29c93f2b1,2024-09-19,Waste_Management_and_recycling_training_and_demonstration,Kag06,Male,Male Youth,No disability,Kaduna,Kachia
cc61ce3f-9c4e-412f-8fdb-d56cdee74b28,2024-09-19,Waste_Management_and_recycling_training_and_demonstration,Kag07,Female,Female Youth,No disability,Kaduna,Kachia
e60ed166-e60e-4885-8197-0143274b743d,2024-09-19,Waste_Management_and_recycling_training_and_demonstration,Kag08,Female,Female Youth,No disability,Kaduna,Kachia
0faed052-cf35-4bef-b3aa-2c4953dd163c,2024-09-19,Waste_Management_and_recycling_training_and_demonstration,Kag09,Male,Male Youth,No disability,Kaduna,Kachia
8a1a248d-892f-4ddf-99a8-c041461269b8,2024-09-19,Waste_Management_and_recycling_training_and_demonstration,Kag10,Male,Male Youth,No disability,Kaduna,Kachia
64c3ac9a-f8be-4be1-b971-4bb8c3a3b548,2024-09-19,Waste_Management_and_recycling_training_and_demonstration,Kag11,Male,Male Youth,No disability,Kaduna,Kachia
6bb15cda-9fae-458b-8cec-a8400c51bb33,2024-09-19,Waste_Management_and_recycling_training_and_demonstration,Kag12,Male,Male Youth,No disability,Kaduna,Kachia
b10b592d-b623-4ece-baae-a334a022ef48,2024-09-19,Waste_Management_and_recycling_training_and_demonstration,Kau08,Male,Male Youth,No disability,Kaduna,Kachia
c74a8f8b-fb38-445b-988a-e89f3b0b87eb,2024-10-19,Waste_Management_and_recycling_training_and_demonstration,Kau09,Male,Male Youth,No disability,Kaduna,Kachia
135144f2-5d7c-4748-b0e2-a4fa0846966b,2024-09-19,Waste_Management_and_recycling_training_and_demonstration,Kau10,Male,Male Youth,No disability,Kaduna,Kachia
49579fb6-9517-472b-9110-bdea6c4080dc,2024-09-19,Waste_Management_and_recycling_training_and_demonstration,Kau11,Female,Female Youth,No disability,Kaduna,Kachia
3569221f-e361-47d5-b127-733650d84aa5,2024-09-19,Waste_Management_and_recycling_training_and_demonstration,Kau12,Female,Female Youth,No disability,Kaduna,Kachia
f7817f91-2a37-480f-aa06-27073cedd996,2024-09-19,Waste_Management_and_recycling_training_and_demonstration,Kau13,Female,Female Youth,No disability,Kaduna,Kachia
aab73f00-1f30-430d-97bd-c4a67bcef842,2024-09-19,Waste_Management_and_recycling_training_and_demonstration,Kau14,Male,Male Youth,No disability,Kaduna,Kachia
f317ca02-2caf-4eb2-a674-29ebf671ab56,2024-09-19,Waste_Management_and_recycling_training_and_demonstration,Kau15,Female,Female Youth,No disability,Kaduna,Kachia
a32084dd-f4e4-453b-9b76-2b5a0f01e476,2024-09-19,Waste_Management_and_recycling_training_and_demonstration,Kau16,Male,Male Youth,No disability,Kaduna,Kachia
f37c892c-d2d1-4615-b372-2918d5d83d71,2024-09-19,Waste_Management_and_recycling_training_and_demonstration,Kds12,Male,Male Youth,No disability,Kaduna,Kaduna_South
e93f41e8-8c77-4e54-b951-d5d4ec6aa7b1,2024-09-19,Waste_Management_and_recycling_training_and_demonstration,Kds13,Male,Male Youth,No disability,Kaduna,Kaduna_South
e56aeae0-4937-4796-ad01-bb1de3d6c5a2,2024-09-19,Waste_Management_and_recycling_training_and_demonstration,Zan21,Male,Male Youth,No disability,Kaduna,Zangon_Kataf
1c717251-56cf-40cc-913d-c00fb4100472,2024-10-19,Waste_Management_and_recycling_training_and_demonstration,Zan22,Female,Female Youth,No disability,Kaduna,Zangon_Kataf
82ceee43-9217-430c-964b-2fec1a9f3c5c,2024-09-19,Waste_Management_and_recycling_training_and_demonstration,Zan23,Female,Female Youth,No disability,Kaduna,Zangon_Kataf
420f542c-85f2-4683-b4ca-18e5b6b23c59,2024-09-19,Waste_Management_and_recycling_training_and_demonstration,Zan24,Female,Female Youth,No disability,Kaduna,Zangon_Kataf
93ab6189-eed0-457e-b962-6e6f41daab0a,2024-09-19,Waste_Management_and_recycling_training_and_demonstration,Zan25,Female,Female Youth,No disability,Kaduna,Zangon_Kataf
fe79f9f2-3129-496d-8d20-2adf0197c499,2024-09-19,Waste_Management_and_recycling_training_and_demonstration,Zan26,Female,Female Youth,No disability,Kaduna,Zangon_Kataf
d3c956ae-518f-4e60-9ccb-7996e8c018d8,2024-09-19,Waste_Management_and_recycling_training_and_demonstration,Zan27,Male,Male Youth,No disability,Kaduna,Zangon_Kataf
5acf30cb-75b2-451e-a78a-fe7e10a455c4,2024-09-19,Waste_Management_and_recycling_training_and_demonstration,Zan28,Male,Male Youth,No disability,Kaduna,Zangon_Kataf
a68eb143-9ea4-4154-ad97-b5420641aff2,2024-10-19,Waste_Management_and_recycling_training_and_demonstration,Zan29,Male,Male Youth,No disability,Kaduna,Zangon_Kataf
f6174823-8b13-4593-80ac-44265dd6931c,2024-09-19,Waste_Management_and_recycling_training_and_demonstration,Zan30,Male,Male Youth,No disability,Kaduna,Zangon_Kataf
e6147def-9f6c-4c1f-a649-55c4a6ed0d21,2024-09-19,Waste_Management_and_recycling_training_and_demonstration,Zan32,Male,Male Youth,No disability,Kaduna,Zangon_Kataf
395108a4-6a6b-4a26-a8bf-f7c29161d697,2024-09-19,Waste_Management_and_recycling_training_and_demonstration,Bag01,Female,Female Youth,No disability,Kano,Bagwai
ede0f035-e0eb-418f-b7ac-b948204e9779,2024-10-19,Waste_Management_and_recycling_training_and_demonstration,Bag02,Female,Female Youth,No disability,Kano,Bagwai
a1158395-002c-42fd-b059-509185e57962,2024-10-19,Waste_Management_and_recycling_training_and_demonstration,Bag03,Male,Male Youth,No disability,Kano,Bagwai
c4f9108c-debf-48b2-b8b2-c60481a5acfe,2024-10-19,Processing_and_Packaging,Aba04,Female,Female Youth,No disability,FCT,Abaji_Area_Council
0b782261-a04f-4d59-878a-7329573056c2,2024-10-19,Waste_Management_and_recycling_training_and_demonstration,Bag05,Male,Male Youth,No disability,Kano,Bagwai
6e157ee6-b764-43cd-a54a-81b130ffec47,2024-09-19,Waste_Management_and_recycling_training_and_demonstration,Bag06,Male,Male Youth,No disability,Kano,Bagwai
9c73194b-f95e-4b9b-9456-dffc5bf537b6,2024-09-19,Waste_Management_and_recycling_training_and_demonstration,Bag07,Male,Male Youth,No disability,Kano,Bagwai
af6cbcb9-8fc5-425c-b676-cf41d33581ce,2024-09-19,Waste_Management_and_recycling_training_and_demonstration,Bag08,Male,Male Youth,No disability,Kano,Bagwai
2267b7ec-bf05-4d6e-9561-058a1fb00acd,2024-10-19,Processing_and_Packaging,Bag08,Male,Male Youth,No disability,Kano,Bagwai
ccb9618c-2886-499a-b03c-f0a25f0ba521,2024-10-19,Waste_Management_and_recycling_training_and_demonstration,Bag10,Male,Male Youth,No disability,Kano,Bagwai
9924bb05-de84-4a05-8907-0c318d4d500e,2024-10-19,Waste_Management_and_recycling_training_and_demonstration,Bun01,Female,Female Youth,No disability,Kano,Bagwai
9b7bd540-9d62-4da3-8e23-2f477f6e292e,2024-09-19,Waste_Management_and_recycling_training_and_demonstration,Bun02,Male,Male Youth,No disability,Kano,Bunkure
6bdd033c-9909-4ae9-b310-6f5707505a19,2024-09-19,Waste_Management_and_recycling_training_and_demonstration,Bun03,Male,Male Youth,No disability,Kano,Bunkure
93adcba9-a15f-4685-91e0-3608b19aa31e,2024-09-19,Waste_Management_and_recycling_training_and_demonstration,Bun04,Male,Male Youth,No disability,Kano,Bunkure
6cdc924f-cf15-4116-83c9-5c6275a9f3ad,2024-09-19,Waste_Management_and_recycling_training_and_demonstration,Bun05,Male,Male Youth,No disability,Kano,Bunkure
13d68dec-5412-4524-b2e7-2588f9846776,2024-09-19,Waste_Management_and_recycling_training_and_demonstration,Bun06,Female,Female Youth,No disability,Kano,Bunkure
25c338d3-59ec-4642-b8ee-34d756a23c96,2024-09-19,Waste_Management_and_recycling_training_and_demonstration,Bun07,Female,Female Youth,No disability,Kano,Bunkure
6c754e76-5cc1-445e-a791-af9f06a50da8,2024-09-19,Waste_Management_and_recycling_training_and_demonstration,Bun08,Female,Female Youth,No disability,Kano,Bunkure
94c58ecf-4ed1-41d0-913d-7c27a34561a6,2024-09-19,Waste_Management_and_recycling_training_and_demonstration,Bun09,Female,Female Youth,No disability,Kano,Bunkure
958ee64e-d7a5-4034-b497-2847b396c9b3,2024-09-19,Waste_Management_and_recycling_training_and_demonstration,Bun10,Female,Female Youth,No disability,Kano,Bunkure
46981d2f-a288-4a75-9d4d-4e0821d563b3,2024-09-19,Waste_Management_and_recycling_training_and_demonstration,Bun11,Female,Female Youth,No disability,Kano,Bunkure
d92eb72c-de97-44ae-b680-c26d5b595e97,2024-10-19,Waste_Management_and_recycling_training_and_demonstration,Bun12,Female,Female Youth,No disability,Kano,Bunkure
9a4b57cf-f0cd-4a34-8252-82ed6c694eb3,2024-09-19,Waste_Management_and_recycling_training_and_demonstration,Bun13,Female,Female Youth,No disability,Kano,Bunkure
b63b8847-261a-41a2-9b75-1d4a8d2b2aca,2024-10-19,Waste_Management_and_recycling_training_and_demonstration,Bun14,Female,Female Youth,No disability,Kano,Bunkure
35bd484b-1e94-4822-a64e-65fa57e4568c,2024-10-19,Waste_Management_and_recycling_training_and_demonstration,Bun15,Male,Male Youth,No disability,Kano,Bunkure
769b64df-96a8-4375-8c9c-255aae81ac5b,2024-09-19,Waste_Management_and_recycling_training_and_demonstration,Bun16,Male,Male Youth,No disability,Kano,Bunkure
9085d890-a794-4f99-a0d2-ef6b5c14c58b,2024-09-19,Waste_Management_and_recycling_training_and_demonstration,Bun17,Male,Male Youth,No disability,Kano,Bunkure
dbd072c4-63b0-444d-8a95-12ecf4674fc5,2024-09-19,Waste_Management_and_recycling_training_and_demonstration,Bun18,Male,Male Youth,No disability,Kano,Bunkure
0ed6e22c-b65d-429b-95e3-75ac91b40b3a,2024-09-19,Waste_Management_and_recycling_training_and_demonstration,Bun19,Male,Male Youth,No disability,Kano,Bunkure
b92a41c8-dcaa-482b-a44f-76ff4b027b6e,2024-09-19,Waste_Management_and_recycling_training_and_demonstration,Bun20,Male,Male Youth,No disability,Kano,Bunkure
065b444b-1fcd-43c4-9877-f24ff2a11b2b,2024-09-19,Waste_Management_and_recycling_training_and_demonstration,Bun21,Male,Male Youth,No disability,Kano,Bunkure
1289d41b-c023-44c2-87bc-8cb367936e51,2024-09-19,Waste_Management_and_recycling_training_and_demonstration,Gmm48,Female,Female Youth,No disability,Kano,Garum_Mallam
3a6b0e2f-0836-45af-a015-b06d52e5d6d3,2024-09-19,Waste_Management_and_recycling_training_and_demonstration,Gmm49,Male,Male Youth,No disability,Kano,Garum_Mallam
28b33eaa-e616-4519-a622-2f0d6b2d10d7,2024-09-19,Waste_Management_and_recycling_training_and_demonstration,Gmm50,Male,Male Youth,No disability,Kano,Garum_Mallam
d87cc0e7-839f-4fb4-b260-08f3de0d88ff,2024-09-19,Waste_Management_and_recycling_training_and_demonstration,Gmm52,Male,Male Youth,No disability,Kano,Garum_Mallam
08993964-708c-49f7-9a95-8a16dc77d081,2024-10-19,Waste_Management_and_recycling_training_and_demonstration,Gmm53,Male,Male Youth,No disability,Kano,Garum_Mallam
a90875c8-7694-4dde-a55b-b76e26b65f41,2024-09-19,Waste_Management_and_recycling_training_and_demonstration,Gmm54,Female,Female Youth,No disability,Kano,Garum_Mallam
673981e8-a36a-44ce-9409-991a13ad2e8d,2024-09-19,Waste_Management_and_recycling_training_and_demonstration,Gmm55,Male,Male Youth,No disability,Kano,Garum_Mallam
c29d6718-9866-4734-84fd-33fe6e6a3a8a,2024-09-18,Waste_Management_and_recycling_training_and_demonstration,Gmm56,Female,Female Youth,No disability,Kano,Garum_Mallam
31ed5a25-4579-431a-9085-135276930821,2024-09-19,Waste_Management_and_recycling_training_and_demonstration,Gmm57,Female,Female Youth,No disability,Kano,Garum_Mallam
466aad43-b6f8-42cf-b94e-018f4b8ab3b6,2024-10-19,Waste_Management_and_recycling_training_and_demonstration,Gmm58,Female,Female Youth,No disability,Kano,Garum_Mallam
411914c4-0e8b-4e6a-8bfa-d002d6870946,2024-09-19,Waste_Management_and_recycling_training_and_demonstration,Gmm59,Female,Female Youth,No disability,Kano,Garum_Mallam
033b257e-94c8-4603-8fe0-b38cc1f4d0b1,2024-10-19,Waste_Management_and_recycling_training_and_demonstration,Gmm60,Male,Male Youth,No disability,Kano,Garum_Mallam
ffb5c731-aa73-4c3a-a6bd-5d1fe3a0cecb,2024-09-19,Waste_Management_and_recycling_training_and_demonstration,Gmm61,Male,Male Youth,No disability,Kano,Garum_Mallam
566c2381-bab1-406b-8307-2f7685e2cec2,2024-09-19,Waste_Management_and_recycling_training_and_demonstration,Gmm62,Male,Male Youth,No disability,Kano,Garum_Mallam
45457b83-6f6c-4cad-9b38-62ea10859505,2024-09-19,Waste_Management_and_recycling_training_and_demonstration,Gmm63,Male,Male Youth,No disability,Kano,Garum_Mallam
797d7142-ccbe-489c-9693-4882ac4067cb,2024-09-19,Waste_Management_and_recycling_training_and_demonstration,Gmm64,Male,Male Youth,No disability,Kano,Garum_Mallam
066ae54d-47ec-4adf-b4f2-26eba6091821,2024-09-19,Waste_Management_and_recycling_training_and_demonstration,Gmm65,Male,Male Youth,No disability,Kano,Garum_Mallam
17cb560b-450b-45a8-aa92-c860f9c19e09,2024-09-19,Waste_Management_and_recycling_training_and_demonstration,Gmm66,Male,Male Youth,No disability,Kano,Garum_Mallam
f6a2f48d-835d-44a7-a7e3-c7cb1755835e,2024-09-19,Waste_Management_and_recycling_training_and_demonstration,Gmm67,Male,Male Youth,No disability,Kano,Garum_Mallam
7f32ed0c-9ab1-4c53-867c-1f3cde7a3920,2024-09-19,Waste_Management_and_recycling_training_and_demonstration,Gmm68,Male,Male Youth,No disability,Kano,Garum_Mallam
d8eb1aad-eeed-4ed3-ac66-1fb038d21f8d,2024-09-19,Waste_Management_and_recycling_training_and_demonstration,Gmm69,Male,Male Youth,No disability,Kano,Garum_Mallam
eade506a-7072-454a-92cc-1a4574509dc3,2024-09-19,Waste_Management_and_recycling_training_and_demonstration,Gmm70,Male,Male Youth,No disability,Kano,Garum_Mallam
f35512e1-3334-4193-a287-a7711c57eaae,2024-10-19,Waste_Management_and_recycling_training_and_demonstration,Kir01,Female,Female Youth,No disability,Kano,Garum_Mallam
3492a3c4-dba3-42b7-b316-f63220adbed5,2024-10-19,Waste_Management_and_recycling_training_and_demonstration,Kir02,Female,Female Youth,No disability,Kano,Garum_Mallam
afcb5c3f-b102-4947-a05b-e9287078bae4,2024-10-19,Waste_Management_and_recycling_training_and_demonstration,Kir03,Female,Female Youth,No disability,Kano,Kiru
90dd2a74-2724-496b-bd5b-ed2f3d4f0e95,2024-10-19,Waste_Management_and_recycling_training_and_demonstration,Kir04,Female,Female Youth,No disability,Kano,Kiru
7c5b3e55-0326-434c-b02f-ef78435c6ba7,2024-10-19,Waste_Management_and_recycling_training_and_demonstration,Kir05,Female,Female Youth,No disability,Kano,Kiru
821fabff-176b-4792-8500-c29b84ebdf96,2024-10-19,Waste_Management_and_recycling_training_and_demonstration,Kir06,Male,Male Youth,No disability,Kano,Kiru
8c06df91-768e-4b79-9714-f36723392ea3,2024-10-19,Waste_Management_and_recycling_training_and_demonstration,Kir07,Male,Male Youth,No disability,Kano,Garum_Mallam
537c8b5c-932f-4647-9816-88372d8a092e,2024-10-19,Waste_Management_and_recycling_training_and_demonstration,Kir08,Male,Male Youth,No disability,Kano,Garum_Mallam
c8dbde15-3714-47ae-b222-4f07ec006730,2024-09-19,Waste_Management_and_recycling_training_and_demonstration,Kir09,Male,Male Youth,No disability,Kano,Garum_Mallam
1dd9678a-3035-47de-8827-09520ca7f9df,2024-09-19,Waste_Management_and_recycling_training_and_demonstration,Kir10,Male,Male Youth,No disability,Kano,Kiru
b9a13918-d72c-4ffc-a210-d0d8e77e002c,2024-09-19,Waste_Management_and_recycling_training_and_demonstration,Kir11,Female,Female Youth,No disability,Kano,Kiru
106b6d91-4108-4858-b38e-2c5061d24520,2024-10-19,Waste_Management_and_recycling_training_and_demonstration,Kir12,Female,Female Youth,No disability,Kano,Kiru
b7bb5a4a-efaf-4f96-86ae-d3772affda34,2024-10-19,Waste_Management_and_recycling_training_and_demonstration,Kir13,Female,Female Youth,No disability,Kano,Kiru
9a5d28ba-cb06-4f28-9a37-776bb49213db,2024-09-19,Waste_Management_and_recycling_training_and_demonstration,Kir14,Male,Male Youth,No disability,Kano,Kiru
3ffcb5c2-4d5c-418a-b43e-45dfc2323895,2024-09-19,Waste_Management_and_recycling_training_and_demonstration,Kir15,Male,Male Youth,No disability,Kano,Kiru
0cb5fa31-5acd-4712-808c-538bbca29f99,2024-09-19,Waste_Management_and_recycling_training_and_demonstration,Kir16,Male,Male Youth,No disability,Kano,Kiru
9a96dc55-ec12-4502-a017-cf3ca200a385,2024-10-19,Waste_Management_and_recycling_training_and_demonstration,Kir17,Male,Male Youth,No disability,Kano,Kiru
5a7d64a3-44e4-41c9-a300-10eac05601db,2024-10-19,Waste_Management_and_recycling_training_and_demonstration,Kir18,Male,Male Youth,No disability,Kano,Kiru
0fddbf90-37b3-43fa-b4d7-dfcf6850d02d,2024-10-19,Waste_Management_and_recycling_training_and_demonstration,Kir19,Male,Male Youth,No disability,Kano,Kiru
d65d691f-5b7d-4660-b032-4f988bf322c8,2024-10-19,Waste_Management_and_recycling_training_and_demonstration,Kir20,Male,Male Youth,No disability,Kano,Kiru
ea0a2738-b25e-4283-bcd9-2946fae7a84d,2024-10-19,Waste_Management_and_recycling_training_and_demonstration,Kir21,Female,Female Youth,No disability,Kano,Kiru
9dd58f70-1357-4e3e-9f50-94ebbcc4f68c,2024-09-19,Waste_Management_and_recycling_training_and_demonstration,Kur01,Female,Female Youth,No disability,Kano,Kura
33e07db6-4298-435b-b955-8df0b0a507ae,2024-10-19,Waste_Management_and_recycling_training_and_demonstration,Kur02,Female,Female Youth,No disability,Kano,Kura
321d3866-4646-4ac0-9b5c-bf04c9712b16,2024-10-19,Waste_Management_and_recycling_training_and_demonstration,Kur03,Female,Female Youth,No disability,Kano,Kura
89947761-9a03-4d94-8ee6-645fb6fa13dd,2024-09-19,Waste_Management_and_recycling_training_and_demonstration,Kur04,Female,Female Youth,No disability,Kano,Kura
2cadcff4-a4a0-4b62-b68c-b4f97fdbd848,2024-09-19,Waste_Management_and_recycling_training_and_demonstration,Kur05,Female,Female Youth,No disability,Kano,Kura
f301df3a-584c-48cf-a421-601a7a65407d,2024-09-19,Waste_Management_and_recycling_training_and_demonstration,Kur07,Female,Female Youth,No disability,Kano,Kura
20f33199-b340-4e32-bf66-574a6195d369,2024-10-19,Waste_Management_and_recycling_training_and_demonstration,Kur09,Male,Male Youth,No disability,Kano,Kura
61fd44e6-5ac6-4a97-8eb7-fd4938d3f05a,2024-10-19,Waste_Management_and_recycling_training_and_demonstration,Kur11,Male,Male Youth,No disability,Kano,Kura
358665df-d72a-4733-890c-45aeb07e0f9c,2024-09-19,Waste_Management_and_recycling_training_and_demonstration,Kur13,Male,Male Youth,No disability,Kano,Kura
6528c452-d751-40b8-bbd2-82a32aa2590e,2024-09-19,Waste_Management_and_recycling_training_and_demonstration,Kur14,Male,Male Youth,No disability,Kano,Kura
e91b3caa-0602-4a1f-98ea-822d1513d66e,2024-10-19,Waste_Management_and_recycling_training_and_demonstration,Ran01,Female,Female Youth,No disability,Kano,Kura
b21e6bf3-6723-44e8-b4f6-4e27bfebc01b,2024-10-19,Waste_Management_and_recycling_training_and_demonstration,Ran02,Female,Female Youth,No disability,Kano,Rano
c76162c0-a5a5-4c81-aca2-ef24f94c2285,2024-10-19,Waste_Management_and_recycling_training_and_demonstration,Ran03,Female,Female Youth,No disability,Kano,Rano
ae41275f-8b8c-46a5-acfb-2fcced9f12af,2024-09-19,Waste_Management_and_recycling_training_and_demonstration,Ran04,Female,Female Youth,No disability,Kano,Rano
154d5414-ffda-493c-828b-afed94c147c7,2024-10-19,Waste_Management_and_recycling_training_and_demonstration,Ran05,Female,Female Youth,No disability,Kano,Rano
0d3411ef-f97a-466a-901c-98422918a39a,2024-10-19,Waste_Management_and_recycling_training_and_demonstration,Ran06,Female,Female Youth,No disability,Kano,Rano
45e0b59a-64c1-48fa-aa86-d57fe4791dfd,2024-02-15,Scaling_up_Agro_Products_marketing_for_small_enterprises,Rig07,Female,Female Youth,No disability,Kano,Rimi_Gado
1c7a5beb-5501-4cc1-9c17-cbae1d95f3c4,2024-02-15,Scaling_up_Agro_Products_marketing_for_small_enterprises,Rig08,Male,Male Youth,No disability,Kano,Rimi_Gado
1a0e3354-c3a0-43c8-ae1f-161f50dc51a3,2024-02-15,Scaling_up_Agro_Products_marketing_for_small_enterprises,Rig09,Male,Male Youth,No disability,Kano,Rimi_Gado
cfbe5943-26cc-41d3-a398-29a57f96afa0,2024-02-15,Scaling_up_Agro_Products_marketing_for_small_enterprises,Rig10,Male,Male Youth,No disability,Kano,Rimi_Gado
e711d04d-a9a2-4f06-8e62-62500005241b,2024-02-15,Scaling_up_Agro_Products_marketing_for_small_enterprises,Rig11,Male,Male Youth,No disability,Kano,Rimi_Gado
7a16d28b-d27d-4717-9feb-f714e974a542,2024-02-15,Scaling_up_Agro_Products_marketing_for_small_enterprises,Rig12,Male,Male Youth,No disability,Kano,Rimi_Gado
2167c4a7-c10d-4f4e-91aa-02901543d368,2024-02-15,Scaling_up_Agro_Products_marketing_for_small_enterprises,Rig13,Male,Male Youth,No disability,Kano,Rogo
ec88538d-7fe9-4d02-be17-6abb2eb36159,2024-02-15,Scaling_up_Agro_Products_marketing_for_small_enterprises,Rig14,Male,Male Youth,No disability,Kano,Rimi_Gado
6d1aa8b3-ea29-4059-a04c-49482d3d8e69,2024-03-15,Scaling_up_Agro_Products_marketing_for_small_enterprises,Rig15,Male,Male Youth,No disability,Kano,Rimi_Gado
32950374-80ac-4b22-9c72-35fee99d92a0,2024-02-15,Scaling_up_Agro_Products_marketing_for_small_enterprises,Rig16,Male,Male Youth,No disability,Kano,Rimi_Gado
a7d21877-8563-4776-a696-7a9812e94a36,2024-02-15,Scaling_up_Agro_Products_marketing_for_small_enterprises,Rig17,Male,Male Youth,No disability,Kano,Rimi_Gado
ca485f30-ab4d-491f-8e8a-49b4b2896d09,2024-02-15,Scaling_up_Agro_Products_marketing_for_small_enterprises,Rin11,Male,Male Youth,No disability,Jigawa,Ringim
72ef082c-de94-4478-9faf-d4ed45235281,2024-02-15,Scaling_up_Agro_Products_marketing_for_small_enterprises,Rin12,Male,Male Youth,No disability,Jigawa,Ringim
0cf8098d-ba6a-41fd-8032-aa10cac3ca12,2024-02-15,Scaling_up_Agro_Products_marketing_for_small_enterprises,Rin13,Male,Male Youth,No disability,Jigawa,Ringim
f6f715be-dfbd-4864-9c57-c4dfeff0cdcc,2024-02-15,Scaling_up_Agro_Products_marketing_for_small_enterprises,Rin15,Male,Male Youth,No disability,Jigawa,Ringim
c60c3067-c157-4811-8a99-8af3c99ff018,2024-02-15,Scaling_up_Agro_Products_marketing_for_small_enterprises,Rin16,Male,Male Youth,No disability,Jigawa,Ringim
d47c25d9-3f9a-419a-99c6-ff34cf704b27,2024-02-15,Scaling_up_Agro_Products_marketing_for_small_enterprises,Rin17,Male,Male Youth,No disability,Jigawa,Ringim
56cd5d43-0927-4149-93e9-30bbfd85353c,2024-02-15,Scaling_up_Agro_Products_marketing_for_small_enterprises,Rin18,Female,Female Youth,No disability,Jigawa,Ringim
20907f4a-404e-4551-978d-c59658985e1f,2024-02-15,Scaling_up_Agro_Products_marketing_for_small_enterprises,Rin19,Female,Female Youth,No disability,Jigawa,Ringim
0b3b8af2-ec97-4902-9191-3513dc3c137c,2024-02-15,Scaling_up_Agro_Products_marketing_for_small_enterprises,Rin20,Female,Female Youth,No disability,Jigawa,Ringim
8f251822-1191-4c3a-b5d9-3ebbf5b79f74,2024-02-15,Scaling_up_Agro_Products_marketing_for_small_enterprises,Rin21,Female,Female Youth,No disability,Jigawa,Ringim
d9d64eaa-7719-471d-8254-942dcb3dc02f,2024-02-15,Scaling_up_Agro_Products_marketing_for_small_enterprises,Rin22,Female,Female Youth,No disability,Jigawa,Ringim
13cb9854-8cc0-48f2-af2b-10c32bb10d6c,2024-02-15,Scaling_up_Agro_Products_marketing_for_small_enterprises,Rin23,Female,Female Youth,No disability,Jigawa,Ringim
6c256f99-4e7b-4812-a5a7-c243e6667335,2024-02-15,Scaling_up_Agro_Products_marketing_for_small_enterprises,Rin24,Female,Female Youth,No disability,Jigawa,Ringim
c038d3c5-990f-4cea-af71-dcccd5b729d0,2024-02-15,Scaling_up_Agro_Products_marketing_for_small_enterprises,Rin25,Male,Male Youth,No disability,Jigawa,Ringim
55408f73-a175-4221-86a5-f092b345b63e,2024-02-15,Scaling_up_Agro_Products_marketing_for_small_enterprises,Rin26,Male,Male Youth,No disability,Jigawa,Ringim
6100fbef-2ebe-4fb2-b06a-8a426c81ee5b,2024-02-15,Scaling_up_Agro_Products_marketing_for_small_enterprises,Rin27,Male,Male Youth,No disability,Jigawa,Ringim
fd478d10-d19b-4fd9-957f-bb0c160529cc,2024-02-15,Scaling_up_Agro_Products_marketing_for_small_enterprises,Rin28,Male,Male Youth,No disability,Jigawa,Ringim
aabecdf2-d0b0-4c7f-bae0-17ff04f3d574,2024-02-15,Scaling_up_Agro_Products_marketing_for_small_enterprises,Sha01,Male,Male Youth,No disability,Gombe,Shongom
aa827724-9cd5-4e63-b552-f6aefafc763f,2024-02-15,Scaling_up_Agro_Products_marketing_for_small_enterprises,Sha02,Male,Male Youth,No disability,Gombe,Shongom
a57c6bea-8bef-42cf-bd4c-5063425c642b,2024-02-15,Scaling_up_Agro_Products_marketing_for_small_enterprises,Sha03,Female,Female Youth,No disability,Gombe,Shongom
4a244d6d-50c0-48da-885f-d01629c531a3,2024-02-15,Scaling_up_Agro_Products_marketing_for_small_enterprises,Sha04,Female,Female Youth,No disability,Gombe,Shongom
65ab82c4-5bf2-42a3-bf8c-a154a36e08ae,2024-02-15,Scaling_up_Agro_Products_marketing_for_small_enterprises,Sha05,Female,Female Youth,No disability,Gombe,Shongom
686d9011-141a-4afd-9820-a3858de8eacb,2024-02-15,Scaling_up_Agro_Products_marketing_for_small_enterprises,Sha06,Male,Male Youth,No disability,Gombe,Shongom
7b044040-ad2c-4b19-af80-a50f3351ee13,2024-02-15,Scaling_up_Agro_Products_marketing_for_small_enterprises,Taf02,Female,Female Youth,No disability,Bauchi,Tafawa_Balewa
4d658141-2b92-41a7-b1ce-2568a007f110,2024-02-15,Scaling_up_Agro_Products_marketing_for_small_enterprises,Taf03,Male,Male Youth,No disability,Bauchi,Tafawa_Balewa
e611dc2e-26fe-4c95-8f52-db67afebab02,2024-02-15,Scaling_up_Agro_Products_marketing_for_small_enterprises,Taf04,Male,Male Youth,No disability,Bauchi,Tafawa_Balewa
e63b7cb0-62c7-4d5a-af3c-049c9f4da65c,2024-02-15,Scaling_up_Agro_Products_marketing_for_small_enterprises,Taf05,Male,Male Youth,No disability,Bauchi,Tafawa_Balewa
87b88821-ff91-4114-9409-8977af763244,2024-02-15,Scaling_up_Agro_Products_marketing_for_small_enterprises,Tau19,Female,Female Youth,No disability,Jigawa,Taura
5c5e14b8-29b9-447c-9cb4-d532b32411ba,2024-02-15,Scaling_up_Agro_Products_marketing_for_small_enterprises,Tau20,Male,Male Youth,No disability,Jigawa,Taura
e1483ba9-492e-48cb-8b2a-cc41286f8f3c,2024-02-15,Scaling_up_Agro_Products_marketing_for_small_enterprises,Tau21,Male,Male Youth,No disability,Jigawa,Taura
7d449da7-ae03-46b7-a7b9-c45ce886c5da,2024-02-15,Scaling_up_Agro_Products_marketing_for_small_enterprises,Tau22,Male,Male Youth,No disability,Jigawa,Taura
caef2ed1-e279-4263-b5d4-94b6e935beb4,2024-02-15,Scaling_up_Agro_Products_marketing_for_small_enterprises,Tau23,Male,Male Youth,No disability,Jigawa,Taura
0a60701b-0cd2-4d6f-9787-f4075d4b5115,2024-02-15,Scaling_up_Agro_Products_marketing_for_small_enterprises,Tau24,Female,Female Youth,No disability,Jigawa,Taura
d536f44d-7545-4feb-b224-4bc5892a4133,2024-02-15,Scaling_up_Agro_Products_marketing_for_small_enterprises,Tau25,Male,Male Youth,No disability,Jigawa,Taura
23d5e728-b424-4c14-831c-88a332c10d26,2024-02-15,Scaling_up_Agro_Products_marketing_for_small_enterprises,Tau26,Female,Female Youth,No disability,Jigawa,Taura
41c708d0-986b-47a5-b2dc-fe2950fdc90e,2024-03-15,Scaling_up_Agro_Products_marketing_for_small_enterprises,Tau28,Male,Male Youth,No disability,Jigawa,Taura
cb3d6aa8-8372-410d-9a77-add154969828,2024-03-15,Scaling_up_Agro_Products_marketing_for_small_enterprises,Tau29,Male,Male Youth,No disability,Jigawa,Taura
4f842215-128c-4ed3-9438-834dd0665a11,2024-02-15,Scaling_up_Agro_Products_marketing_for_small_enterprises,Tof68,Female,Female Youth,No disability,Kano,Tofa
0e112af2-46eb-4219-b780-8d9b4896d8bd,2024-02-15,Scaling_up_Agro_Products_marketing_for_small_enterprises,Tof69,Male,Male Youth,No disability,Kano,Tofa
9de6ecb4-0e14-4c1a-b0e7-506adee4fe82,2024-02-15,Scaling_up_Agro_Products_marketing_for_small_enterprises,Tof70,Female,Female Youth,No disability,Kano,Tofa
452dbab9-5e64-4c5b-a80e-4eda65e673cc,2024-02-15,Scaling_up_Agro_Products_marketing_for_small_enterprises,Tof71,Male,Male Youth,No disability,Kano,Tofa
38850f37-0a05-4593-aae8-99fad6a503a0,2024-03-15,Scaling_up_Agro_Products_marketing_for_small_enterprises,Tof72,Male,Male Youth,No disability,Kano,Tofa
17e3b92a-edce-45c3-a36c-fc4043300657,2024-02-15,Scaling_up_Agro_Products_marketing_for_small_enterprises,Tor02,Male,Male Youth,No disability,Bauchi,Toro
fdc20f6a-951a-4930-b432-35477e212fe6,2024-02-15,Scaling_up_Agro_Products_marketing_for_small_enterprises,Tor03,Male,Male Youth,No disability,Bauchi,Toro
7d8c41c1-ccdf-4a7d-b166-b0eadec38964,2024-02-15,Scaling_up_Agro_Products_marketing_for_small_enterprises,Tor04,Female,Female Youth,No disability,Bauchi,Toro
b73bb564-80ea-493c-9fe6-6b006567e98d,2024-02-15,Scaling_up_Agro_Products_marketing_for_small_enterprises,Tor05,Male,Male Youth,No disability,Bauchi,Toro
5c5e4376-3514-4a0d-bd2f-b642cf9fa394,2024-02-15,Scaling_up_Agro_Products_marketing_for_small_enterprises,Tun01,Female,Female Youth,No disability,Kano,Tudun_Wada
69ce9093-c213-4eff-adbc-61eebd4d8d25,2024-02-15,Scaling_up_Agro_Products_marketing_for_small_enterprises,Tun02,Female,Female Youth,No disability,Kano,Tudun_Wada
d7da8116-a4a4-4721-8f41-3cb1860e652d,2024-02-15,Scaling_up_Agro_Products_marketing_for_small_enterprises,Tun03,Female,Female Youth,No disability,Kano,Tudun_Wada
f8da8638-7d7d-40d9-a02d-b235d5916e66,2024-02-15,Scaling_up_Agro_Products_marketing_for_small_enterprises,Tun04,Female,Female Youth,No disability,Kano,Tudun_Wada
a21eb576-4721-47f4-9099-d4790980fc98,2024-02-15,Scaling_up_Agro_Products_marketing_for_small_enterprises,Tun05,Female,Female Youth,No disability,Kano,Tudun_Wada
d4694556-9f05-4537-aaf6-e121fc3e24ec,2024-02-15,Scaling_up_Agro_Products_marketing_for_small_enterprises,Tun06,Female,Female Youth,No disability,Kano,Tudun_Wada
3fa5532a-a0af-4946-8152-e460f0c90097,2024-02-15,Scaling_up_Agro_Products_marketing_for_small_enterprises,Tun07,Female,Female Youth,No disability,Kano,Tudun_Wada
a1921313-9bc8-4eac-9162-b9c330a1481d,2024-02-15,Scaling_up_Agro_Products_marketing_for_small_enterprises,Tun08,Female,Female Youth,No disability,Kano,Tudun_Wada
f342b8b1-11a1-469e-8b7a-0491c74a2a4f,2024-02-15,Scaling_up_Agro_Products_marketing_for_small_enterprises,Tun09,Female,Female Youth,No disability,Kano,Tudun_Wada
09c2dbf6-da05-4f51-b69d-0c56fdf16d61,2024-02-15,Scaling_up_Agro_Products_marketing_for_small_enterprises,Tun10,Female,Female Youth,No disability,Kano,Tudun_Wada
1b08a182-6f53-4a47-869f-1bd726f8233f,2024-02-15,Scaling_up_Agro_Products_marketing_for_small_enterprises,Tun11,Female,Female Youth,No disability,Kano,Tudun_Wada
e8dbefcc-3f75-4001-ae17-728fb9f00352,2024-02-15,Scaling_up_Agro_Products_marketing_for_small_enterprises,Tun12,Female,Female Youth,No disability,Kano,Tudun_Wada
e429d454-27b0-4eeb-9cf1-4230d97e9818,2024-02-15,Scaling_up_Agro_Products_marketing_for_small_enterprises,Tun13,Male,Male Youth,No disability,Kano,Tudun_Wada
8c5b6183-348f-4d56-93b8-ce5eb4dd24d9,2024-02-15,Scaling_up_Agro_Products_marketing_for_small_enterprises,Tun15,Male,Male Youth,No disability,Kano,Tudun_Wada
89652305-1e2a-49e5-8bfb-09dda2eacc5d,2024-02-15,Scaling_up_Agro_Products_marketing_for_small_enterprises,Tun16,Male,Male Youth,No disability,Kano,Tudun_Wada
834630b4-a9e0-47f3-8227-acdaf1ea8d46,2024-02-15,Scaling_up_Agro_Products_marketing_for_small_enterprises,Tun17,Male,Male Youth,No disability,Kano,Tudun_Wada
ae846517-c4c7-49e1-932e-d416496e7e7b,2024-02-15,Scaling_up_Agro_Products_marketing_for_small_enterprises,Tun18,Male,Male Youth,No disability,Kano,Tudun_Wada
9b5b2375-e77a-4bae-b8e2-aa70c63069c2,2024-02-15,Scaling_up_Agro_Products_marketing_for_small_enterprises,Tun19,Male,Male Youth,No disability,Kano,Tudun_Wada
bf6172db-7a54-4540-bb05-111f2d87835f,2024-02-15,Scaling_up_Agro_Products_marketing_for_small_enterprises,Tun20,Male,Male Youth,No disability,Kano,Tudun_Wada
3a23c6bc-6a38-4763-9435-8ee913c5f26d,2024-02-15,Scaling_up_Agro_Products_marketing_for_small_enterprises,Tun21,Male,Male Youth,No disability,Kano,Tudun_Wada
ad3d8140-d365-48bf-985e-08347582ae8f,2024-02-15,Scaling_up_Agro_Products_marketing_for_small_enterprises,Tun22,Male,Male Youth,No disability,Kano,Tudun_Wada
a7b1256a-8735-4a30-9b6a-a033983d25e2,2024-02-15,Scaling_up_Agro_Products_marketing_for_small_enterprises,Tun23,Male,Male Youth,No disability,Kano,Tudun_Wada
ae37fe11-c1fa-47c0-84ad-aa5acce30be2,2024-02-15,Scaling_up_Agro_Products_marketing_for_small_enterprises,Tun24,Male,Male Youth,No disability,Kano,Tudun_Wada
0448db3c-5a63-473e-a22a-46c23a1863a3,2024-02-15,Scaling_up_Agro_Products_marketing_for_small_enterprises,Tun25,Male,Male Youth,No disability,Kano,Tudun_Wada
afd85e46-10d9-447e-aacf-e6a57e250e02,2024-02-15,Scaling_up_Agro_Products_marketing_for_small_enterprises,Tun26,Male,Male Youth,No disability,Kano,Tudun_Wada
3109f743-e858-492c-b417-2d2e8346df50,2024-02-15,Scaling_up_Agro_Products_marketing_for_small_enterprises,Tun27,Male,Male Youth,No disability,Kano,Tudun_Wada
144a12c7-8dd7-418b-9bf5-2df35d7d96d2,2024-02-15,Scaling_up_Agro_Products_marketing_for_small_enterprises,Tun28,Male,Male Youth,No disability,Kano,Tudun_Wada
24e2a5e7-1634-407b-ad47-9cf5962e501a,2024-02-15,Scaling_up_Agro_Products_marketing_for_small_enterprises,Tun29,Male,Male Youth,No disability,Kano,Tudun_Wada
b536db4b-2918-4707-9495-53dbeecbcdd6,2024-02-15,Scaling_up_Agro_Products_marketing_for_small_enterprises,Tun30,Male,Male Youth,No disability,Kano,Tudun_Wada
98d7acaf-dbc7-4856-8cd8-8f0237a11cd5,2024-02-15,Scaling_up_Agro_Products_marketing_for_small_enterprises,Tun31,Male,Male Youth,No disability,Kano,Tudun_Wada
fb188077-799a-4aac-bf5e-f48d873446ab,2024-02-15,Scaling_up_Agro_Products_marketing_for_small_enterprises,Tun32,Male,Male Youth,No disability,Kano,Tudun_Wada
b5ca8786-ccec-456b-b4d2-fa324d9e94ec,2024-02-15,Scaling_up_Agro_Products_marketing_for_small_enterprises,Tun33,Female,Female Youth,No disability,Kano,Tudun_Wada
dff3ff1f-04cc-473e-b300-42ef82040dfd,2024-02-15,Scaling_up_Agro_Products_marketing_for_small_enterprises,War03,Male,Male Youth,No disability,Bauchi,Warji
8dde8e3c-c25f-48b5-be16-a39db5f75d9f,2024-02-15,Scaling_up_Agro_Products_marketing_for_small_enterprises,War04,Male,Male Youth,No disability,Bauchi,Warji
34068271-c167-4c37-a2af-7a37f5f9ab78,2024-02-15,Scaling_up_Agro_Products_marketing_for_small_enterprises,War05,Female,Female Youth,No disability,Bauchi,Warji
4f70b4c4-e7a1-4efc-9fad-bbd8aedd21c5,2024-10-20,Waste_Management_and_recycling_training_and_demonstration,Ran07,Female,Female Youth,No disability,Kano,Rano
f2489eca-85b8-45d2-8c47-1d230671c92b,2024-10-20,Waste_Management_and_recycling_training_and_demonstration,Ran08,Female,Female Youth,No disability,Kano,Rano
d133a0b0-37c1-424a-8b4e-ec1f443c967f,2024-10-20,Waste_Management_and_recycling_training_and_demonstration,Ran09,Male,Male Youth,No disability,Kano,Rano
ab8bfb67-09cc-49c4-a4dd-45d74fca6ba4,2024-10-20,Waste_Management_and_recycling_training_and_demonstration,Ran10,Male,Male Youth,No disability,Kano,Rano
a4cc76e0-e13d-4f45-b874-c962ab45ea21,2024-10-20,Waste_Management_and_recycling_training_and_demonstration,Ran11,Male,Male Youth,No disability,Kano,Rano
fec82ff5-13ca-46c2-8379-988c325890ba,2024-10-20,Waste_Management_and_recycling_training_and_demonstration,Ran12,Male,Male Youth,No disability,Kano,Rano
cdd534be-2b2f-4d83-b712-a32b43980a2d,2024-09-20,Waste_Management_and_recycling_training_and_demonstration,Ran13,Male,Male Youth,No disability,Kano,Rano
9c4af7e6-3072-41c0-8dbf-cdf75129df82,2024-10-20,Waste_Management_and_recycling_training_and_demonstration,Ran14,Male,Male Youth,No disability,Kano,Rano
77de2264-1e04-44d7-9416-342390e58cf2,2024-10-20,Waste_Management_and_recycling_training_and_demonstration,Rig02,Female,Female Youth,No disability,Kano,Rimi_Gado
b24764f7-8475-4f90-9085-97d029f4cf33,2024-10-20,Waste_Management_and_recycling_training_and_demonstration,Rig04,Female,Female Youth,No disability,Kano,Rimi_Gado
ab578779-884f-4416-959d-626726eb873a,2024-09-20,Waste_Management_and_recycling_training_and_demonstration,Rig06,Female,Female Youth,No disability,Kano,Rimi_Gado
e4c46dc1-281a-41a7-9ef7-77636b2301d1,2024-09-20,Waste_Management_and_recycling_training_and_demonstration,Rig07,Female,Female Youth,No disability,Kano,Rimi_Gado
25cc0c75-ea9b-40f9-bdd8-cbfd76e17d27,2024-10-20,Waste_Management_and_recycling_training_and_demonstration,Rig08,Male,Male Youth,No disability,Kano,Rimi_Gado
3458bd52-dd3e-452d-a52f-fc8ff395babf,2024-09-20,Waste_Management_and_recycling_training_and_demonstration,Rig09,Male,Male Youth,No disability,Kano,Rimi_Gado
29ba6562-e518-463a-8238-d5d737448787,2024-09-20,Waste_Management_and_recycling_training_and_demonstration,Rig10,Male,Male Youth,No disability,Kano,Rimi_Gado
aa622555-f8fa-49de-82a3-0f94aa098209,2024-10-20,Waste_Management_and_recycling_training_and_demonstration,Rig11,Male,Male Youth,No disability,Kano,Rimi_Gado
7cc60ddc-abed-4bdc-a7dc-5064f17ecc71,2024-10-20,Waste_Management_and_recycling_training_and_demonstration,Rig12,Male,Male Youth,No disability,Kano,Rimi_Gado
4f606433-936e-4eaf-8349-6a7af8422da1,2024-09-20,Waste_Management_and_recycling_training_and_demonstration,Rig13,Male,Male Youth,No disability,Kano,Rogo
d990627c-a6f9-45d5-83d9-268f2ab7cf6e,2024-09-20,Waste_Management_and_recycling_training_and_demonstration,Rig14,Male,Male Youth,No disability,Kano,Rimi_Gado
de1eb560-0d55-44cd-a685-7af8a1d9487f,2024-09-20,Waste_Management_and_recycling_training_and_demonstration,Rig15,Male,Male Youth,No disability,Kano,Rimi_Gado
0720a302-d10b-433a-a5a0-b6e865eafbd1,2024-09-20,Waste_Management_and_recycling_training_and_demonstration,Rig16,Male,Male Youth,No disability,Kano,Rimi_Gado
c78f7f35-d05c-44b0-8d09-b9dd4f3beec0,2024-09-20,Waste_Management_and_recycling_training_and_demonstration,Rig17,Male,Male Youth,No disability,Kano,Rimi_Gado
4533091e-72c7-4714-bc04-20acadd580e8,2024-09-20,Waste_Management_and_recycling_training_and_demonstration,Tof68,Female,Female Youth,No disability,Kano,Tofa
96402c9e-618f-4baf-8307-b4a895f8d0ca,2024-09-20,Waste_Management_and_recycling_training_and_demonstration,Tof69,Male,Male Youth,No disability,Kano,Tofa
6d08ffb7-8bca-4c82-8dc7-f79d3a6f3ac4,2024-09-20,Waste_Management_and_recycling_training_and_demonstration,Tof70,Female,Female Youth,No disability,Kano,Tofa
5218aa73-0863-4d76-9c88-79d768e0b73c,2024-09-20,Waste_Management_and_recycling_training_and_demonstration,Tof71,Male,Male Youth,No disability,Kano,Tofa
21d8b025-cdeb-49f8-8deb-9b5bf9e9abc2,2024-09-20,Waste_Management_and_recycling_training_and_demonstration,Tof72,Male,Male Youth,No disability,Kano,Tofa
0f9705f2-fe18-4cf8-8fbe-0c7208c9fd43,2024-09-20,Waste_Management_and_recycling_training_and_demonstration,Tun01,Female,Female Youth,No disability,Kano,Tudun_Wada
4494a067-37a5-4513-97bb-74bb56e3443d,2024-09-20,Waste_Management_and_recycling_training_and_demonstration,Tun02,Female,Female Youth,No disability,Kano,Tudun_Wada
4f327f90-f766-4702-bdc6-01a740b714c5,2024-09-20,Waste_Management_and_recycling_training_and_demonstration,Tun03,Female,Female Youth,No disability,Kano,Tudun_Wada
4f1a8cc6-5a87-48e4-a4eb-3fcc89e77df8,2024-10-20,Waste_Management_and_recycling_training_and_demonstration,Tun04,Female,Female Youth,No disability,Kano,Tudun_Wada
af468b0e-70cb-4512-839b-b0adf630223e,2024-09-20,Waste_Management_and_recycling_training_and_demonstration,Tun05,Female,Female Youth,No disability,Kano,Tudun_Wada
02d071bf-27f8-4e73-9379-191b34e4e0ef,2024-09-20,Waste_Management_and_recycling_training_and_demonstration,Tun06,Female,Female Youth,No disability,Kano,Tudun_Wada
254b3d47-1eb7-4618-ae7f-4bd78ee143fe,2024-10-20,Waste_Management_and_recycling_training_and_demonstration,Tun08,Female,Female Youth,No disability,Kano,Tudun_Wada
b22728b5-f50e-4166-bb1f-55449e423908,2024-09-20,Waste_Management_and_recycling_training_and_demonstration,Tun09,Female,Female Youth,No disability,Kano,Tudun_Wada
fc6bf9b4-08dd-4985-855b-b79da4b35ca0,2024-09-20,Waste_Management_and_recycling_training_and_demonstration,Tun10,Female,Female Youth,No disability,Kano,Tudun_Wada
383bf924-b4a5-4f46-8986-0954eaac255e,2024-09-20,Waste_Management_and_recycling_training_and_demonstration,Tun11,Female,Female Youth,No disability,Kano,Tudun_Wada
fd21ceeb-25f6-476c-ac94-808030fc1a1b,2024-09-20,Waste_Management_and_recycling_training_and_demonstration,Tun12,Female,Female Youth,No disability,Kano,Tudun_Wada
e87505a6-c62c-41bb-b9ce-f9888f56a00d,2024-09-20,Waste_Management_and_recycling_training_and_demonstration,Tun13,Male,Male Youth,No disability,Kano,Tudun_Wada
d61d71fd-4f2c-429e-a095-77d823681e58,2024-09-20,Waste_Management_and_recycling_training_and_demonstration,Tun16,Male,Male Youth,No disability,Kano,Tudun_Wada
8a499c55-5fcc-4215-a1ec-603e2e1a6845,2024-09-20,Waste_Management_and_recycling_training_and_demonstration,Tun17,Male,Male Youth,No disability,Kano,Tudun_Wada
567c8b6a-d3f9-48ed-8bc7-34eb292e5fee,2024-09-20,Waste_Management_and_recycling_training_and_demonstration,Tun18,Male,Male Youth,No disability,Kano,Tudun_Wada
1722ae62-c238-440d-924d-9bb135ffd725,2024-09-20,Waste_Management_and_recycling_training_and_demonstration,Tun19,Male,Male Youth,No disability,Kano,Tudun_Wada
9b05ebcb-ecff-4b00-9032-9a6415b5a4a4,2024-09-20,Waste_Management_and_recycling_training_and_demonstration,Tun20,Male,Male Youth,No disability,Kano,Tudun_Wada
18c0d269-1d7f-4797-be66-02ffc65eb356,2024-09-20,Waste_Management_and_recycling_training_and_demonstration,Tun21,Male,Male Youth,No disability,Kano,Tudun_Wada
b2c67d9d-fc47-4985-b379-4c21e010e4df,2024-09-20,Waste_Management_and_recycling_training_and_demonstration,Tun22,Male,Male Youth,No disability,Kano,Tudun_Wada
e6ef3068-c36d-4f78-9726-7870fdae6aab,2024-09-20,Waste_Management_and_recycling_training_and_demonstration,Tun23,Male,Male Youth,No disability,Kano,Tudun_Wada
898c7df6-0558-480d-8d12-4551c9cfbaa8,2024-09-20,Waste_Management_and_recycling_training_and_demonstration,Tun24,Male,Male Youth,No disability,Kano,Tudun_Wada
cf31b798-38b4-42e4-bfb9-ca718253c2e3,2024-09-20,Waste_Management_and_recycling_training_and_demonstration,Tun25,Male,Male Youth,No disability,Kano,Tudun_Wada
4c742768-d64b-4029-8239-6da899c78b48,2024-09-20,Waste_Management_and_recycling_training_and_demonstration,Tun26,Male,Male Youth,No disability,Kano,Tudun_Wada
6b8df95b-2a6f-4fb5-b081-d27496374a2c,2024-09-20,Waste_Management_and_recycling_training_and_demonstration,Tun27,Male,Male Youth,No disability,Kano,Tudun_Wada
fc5cf0bf-0d9a-413b-821e-635952e59894,2024-09-20,Waste_Management_and_recycling_training_and_demonstration,Tun28,Male,Male Youth,No disability,Kano,Tudun_Wada
64139d34-68cd-40ca-b251-06ff46d1ab54,2024-09-20,Waste_Management_and_recycling_training_and_demonstration,Tun29,Male,Male Youth,No disability,Kano,Tudun_Wada
694098f9-7637-4c07-9d01-72a92647b2e2,2024-09-20,Waste_Management_and_recycling_training_and_demonstration,Tun30,Male,Male Youth,No disability,Kano,Tudun_Wada
e2722f8f-b84b-48fa-91ea-845535bd63b0,2024-09-20,Waste_Management_and_recycling_training_and_demonstration,Tun31,Male,Male Youth,No disability,Kano,Tudun_Wada
93814a58-6ebe-4f64-ad07-1fe79e2910e7,2024-09-20,Waste_Management_and_recycling_training_and_demonstration,Tun32,Male,Male Youth,No disability,Kano,Tudun_Wada
44246576-be3b-4907-bda5-182144bc25e3,2024-09-20,Waste_Management_and_recycling_training_and_demonstration,Tun33,Female,Female Youth,No disability,Kano,Tudun_Wada
e48ae133-ec87-4b31-8cee-a0d5af625791,2024-09-20,Waste_Management_and_recycling_training_and_demonstration,Kea03,Male,Male Youth,No disability,Nasarawa,Keana
76859ad5-356b-4d58-afff-db9eb43c0d6e,2024-09-20,Waste_Management_and_recycling_training_and_demonstration,Kea04,Female,Female Youth,No disability,Nasarawa,Keana
a75dd651-7217-4414-8afc-3097e02c57bc,2024-09-20,Waste_Management_and_recycling_training_and_demonstration,Kea08,Female,Female Youth,No disability,Nasarawa,Keana
4856a95e-e8b3-4fe8-a1d1-e8bd25dbb55c,2024-09-20,Waste_Management_and_recycling_training_and_demonstration,Kea09,Female,Female Youth,No disability,Nasarawa,Keana
bc91f97d-4046-453d-bd92-a762e4a7b77c,2024-09-20,Waste_Management_and_recycling_training_and_demonstration,Kea10,Male,Male Youth,No disability,Nasarawa,Keana
0ba05e53-8e41-4393-9ed5-4909fd7532ea,2024-10-20,Waste_Management_and_recycling_training_and_demonstration,Kea11,Male,Male Youth,No disability,Nasarawa,Keana
5b9585cf-6f0b-42a0-9b1b-e169d250e33f,2024-09-20,Waste_Management_and_recycling_training_and_demonstration,Kea12,Male,Male Youth,No disability,Nasarawa,Keana
2882e55c-49c4-4b56-85b9-05b699df0b62,2024-09-20,Waste_Management_and_recycling_training_and_demonstration,Kea13,Female,Female Youth,No disability,Nasarawa,Keana
a38c6c14-ac23-451b-841f-f6a9a8c3eb8d,2024-09-20,Waste_Management_and_recycling_training_and_demonstration,Kea14,Male,Male Youth,No disability,Nasarawa,Keana
f534a04e-7b88-44fb-bed7-5928e5c8c1f9,2024-09-20,Waste_Management_and_recycling_training_and_demonstration,Kea15,Female,Female Youth,No disability,Nasarawa,Keana
6a37dcd5-47e7-4bd5-a5f1-c377cc6bf794,2024-09-20,Waste_Management_and_recycling_training_and_demonstration,Laf01,Male,Male Youth,No disability,Nasarawa,Lafia
f7d9b008-89d2-4dd0-8774-468c844da641,2024-09-20,Waste_Management_and_recycling_training_and_demonstration,Laf02,Female,Female Youth,No disability,Nasarawa,Lafia
7641d7a9-3989-41a5-8cac-b2500041d3b4,2024-09-20,Waste_Management_and_recycling_training_and_demonstration,Laf03,Male,Male Youth,No disability,Nasarawa,Lafia
ef34df71-cbb3-4226-8181-2ab6f76fa897,2024-09-20,Waste_Management_and_recycling_training_and_demonstration,Laf04,Female,Female Youth,No disability,Nasarawa,Lafia
77bdb40e-a76a-446e-babc-e069be98209c,2024-09-20,Waste_Management_and_recycling_training_and_demonstration,Laf05,Female,Female Youth,No disability,Nasarawa,Lafia
b38bd16a-69b7-4341-90e3-40131c9c5c49,2024-09-20,Waste_Management_and_recycling_training_and_demonstration,Laf06,Male,Male Youth,No disability,Nasarawa,Lafia
44015535-caf1-4558-a5e7-0cff9cb4cc50,2024-09-20,Waste_Management_and_recycling_training_and_demonstration,Laf07,Male,Male Youth,No disability,Nasarawa,Lafia
dfa0a2bb-09de-4034-96a9-86feba8fb5b0,2024-09-20,Waste_Management_and_recycling_training_and_demonstration,Laf08,Female,Female Youth,No disability,Nasarawa,Lafia
7917216c-884a-4386-8e02-f3d87752c00a,2024-09-20,Waste_Management_and_recycling_training_and_demonstration,Laf09,Female,Female Youth,No disability,Nasarawa,Lafia
ec9aac43-ceea-4b58-9319-899fafafcfd7,2024-09-20,Processing_and_Packaging,Laf04,Female,Female Youth,No disability,Nasarawa,Lafia
277950f1-49f3-405a-869b-c861b94343d8,2024-09-20,Waste_Management_and_recycling_training_and_demonstration,Nsg01,Female,Female Youth,No disability,Nasarawa,Lafia
605e0776-946a-4c45-a3c3-fad123e2b5e9,2024-09-20,Waste_Management_and_recycling_training_and_demonstration,Nsg02,Female,Female Youth,No disability,Nasarawa,Nasarawa_Eggon
07764d91-6a97-4481-85dc-2f8cad752f5d,2024-09-20,Waste_Management_and_recycling_training_and_demonstration,Nsg03,Male,Male Youth,No disability,Nasarawa,Nasarawa_Eggon
77546abc-7700-4bc4-81a3-bccfaeb6f2df,2024-09-20,Waste_Management_and_recycling_training_and_demonstration,Nsg04,Male,Male Youth,No disability,Nasarawa,Nasarawa_Eggon
a7cdae65-b275-45b3-87d6-f356165655c0,2024-09-20,Waste_Management_and_recycling_training_and_demonstration,Nsg05,Female,Female Youth,No disability,Nasarawa,Nasarawa_Eggon
5f5ddd94-94a0-4dc1-9926-9621f2deba44,2024-09-20,Waste_Management_and_recycling_training_and_demonstration,Nsg06,Male,Male Youth,No disability,Nasarawa,Nasarawa_Eggon
5fb95baa-7fda-437e-81c5-91e9da72ddb6,2024-09-20,Waste_Management_and_recycling_training_and_demonstration,Nsg07,Male,Male Youth,No disability,Nasarawa,Nasarawa_Eggon
d35f3685-c101-4b38-ba2e-943e4379818c,2024-09-20,Waste_Management_and_recycling_training_and_demonstration,Nsg08,Male,Male Youth,No disability,Nasarawa,Nasarawa_Eggon
15ac0915-ec1c-4b75-9e25-374f846f5fea,2024-09-20,Waste_Management_and_recycling_training_and_demonstration,Nsg09,Male,Male Youth,No disability,Nasarawa,Nasarawa_Eggon
96e94cb3-ffca-4c0f-979e-2b663b2e9a68,2024-09-20,Waste_Management_and_recycling_training_and_demonstration,Obi14,Female,Female Youth,No disability,Nasarawa,Obi
d1f5e3b5-152f-4148-a5af-35af51c6568c,2024-10-20,Waste_Management_and_recycling_training_and_demonstration,Obi15,Male,Male Youth,No disability,Nasarawa,Obi
58572f7a-a114-4eee-94b6-c510edb10bd9,2024-09-20,Waste_Management_and_recycling_training_and_demonstration,Obi16,Male,Male Youth,No disability,Nasarawa,Obi
65333997-d729-4d68-9265-32cf9dccb24a,2024-09-20,Waste_Management_and_recycling_training_and_demonstration,Obi17,Male,Male Youth,No disability,Nasarawa,Obi
022f431e-8d8b-49f4-9ed2-bbb8a834c8d3,2024-09-20,Waste_Management_and_recycling_training_and_demonstration,Obi18,Female,Female Youth,No disability,Nasarawa,Obi
5422f08e-f0bb-4536-9197-ebf344c5d7c0,2024-09-20,Waste_Management_and_recycling_training_and_demonstration,Obi19,Male,Male Youth,No disability,Nasarawa,Obi
3d92c712-4045-4ef2-b03b-e95e053e75c4,2024-09-20,Waste_Management_and_recycling_training_and_demonstration,Obi20,Female,Female Youth,No disability,Nasarawa,Obi
99eb449c-6c37-4213-a2cc-201046d3be35,2024-09-20,Waste_Management_and_recycling_training_and_demonstration,Obi21,Male,Male Youth,No disability,Nasarawa,Obi
2fefa25e-3855-41c2-9ace-42d5ef78ba24,2024-05-29,GAP_&_crop_management,Obi14,Female,Female Youth,No disability,Nasarawa,Obi
4203705a-15eb-4b70-a341-c315e388ecb0,2024-05-01,Comm._Partner_Registration,Obi14,Female,Female Youth,No disability,Nasarawa,Obi
68bbe9aa-4af4-489f-a4af-ceb4c5ed7603,2024-06-24,Scaling_up_Agro_Products_marketing_for_small_enterprises,Obi14,Female,Female Youth,No disability,Nasarawa,Obi
55efd0f4-57c4-4465-a96a-ca182cfcde20,2024-03-29,"Group_formation,_and_dynamics_for_financial_inclusion",Obi14,Female,Female Youth,No disability,Nasarawa,Obi
1b5f2574-dfdd-4b0f-b70b-cb03d7b982c3,2024-04-29,ICT_solutions_for_agriculture,Obi14,Female,Female Youth,No disability,Nasarawa,Obi
5fcedffd-4208-45fe-a10f-4a7f4deec5d1,2024-07-27,Processing_and_Packaging,Obi14,Female,Female Youth,No disability,Nasarawa,Obi
9b20ebda-e219-4175-81f5-8d813c87f8c5,2024-05-29,GAP_&_crop_management,Laf14,Female,Female Youth,No disability,Nasarawa,Obi
081bb9b6-6e14-4250-abba-c75681af7d27,2024-09-29,Processing_and_Packaging,Laf14,Female,Female Youth,No disability,Nasarawa,Obi
c9694e5e-e6e4-452e-8ba0-fc80b8d1b2a5,2024-08-29,Waste_Management_and_recycling_training_and_demonstration,Laf14,Female,Female Youth,No disability,Nasarawa,Obi
