formid,Type of Financial Product/Service Accessed,2  Did your cooperative facilitate access to this (____) financial Product/Service?,Date,4  Has your cooperative ever given you access to the following business development support services? | None,4  Has your cooperative ever given you access to the following business development support services? | Training_in_microenterprise_management,4  Has your cooperative ever given you access to the following business development support services? | Preparing_bankable_business_plans,4  Has your cooperative ever given you access to the following business development support services? | Business_planning_and_strategy,4  Has your cooperative ever given you access to the following business development support services? | Export_assistance,4  Has your cooperative ever given you access to the following business development support services? | Financial_management,4  Has your cooperative ever given you access to the following business development support services? | Marketing_and_advertising,4  Has your cooperative ever given you access to the following business development support services? | Personnel_administration,4  Has your cooperative ever given you access to the following business development support services? | Sales_and_customer_service,4  Has your cooperative ever given you access to the following business development support services? | Others,4  Has your cooperative ever given you access to the following business development support services? | extra,5  Has your cooperative ever facilitated access to market opportunities for its members?,Comm_Partner_ID,State,Cooperative_ID,username
c10a20b5-1679-4595-8804-47f3952d3e33,Deposit_Account,Yes,2024-08-18,,1,1,1,,1,1,,1,,,Yes,,Kano,,kur02
96da067a-47f0-4d04-b811-0d0e3783d4c1,Deposit_Account,Yes,2024-08-20,,1,1,1,,1,1,,1,,,Yes,,Jigawa,,jah84
4abcd64b-2e13-4104-a7c1-de240c8c08e7,Deposit_Account,Yes,2024-07-12,,1,1,1,,1,1,1,1,,,Yes,,Bauchi,,bau13
2275e6c1-b5ab-4b1f-8c44-ce619ed40f61,Deposit_Account,Yes,2024-08-21,,1,1,1,,1,1,1,1,,,Yes,,Bauchi,,bau14
6e27d950-3d41-4526-9d0c-ca4840ecf29f,Deposit_Account,Yes,2024-07-23,,1,1,1,,1,1,1,1,,,Yes,,FCT,,aba01
6c3628a6-2d33-46f0-a879-47bac217cca4,Deposit_Account,Yes,2024-07-23,,1,1,1,,1,1,1,1,,,Yes,,FCT,,aba01
d401798a-6544-456c-bf10-ba3d590b9bfd,Deposit_Account,Yes,2024-07-23,,1,1,1,,1,1,1,1,,,Yes,,FCT,,aba01
3080867d-be1c-46ad-a5f4-1cbbaf7313ad,Deposit_Account,Yes,2024-07-23,,1,1,1,,1,1,1,1,,,Yes,,FCT,,aba01
6bd9b717-1eca-406e-94ac-8abf2466aa7a,Deposit_Account,Yes,2024-07-23,,1,1,1,,1,1,1,1,,,Yes,,FCT,,aba01
f36f1f97-0107-4050-90cd-66e329891107,Deposit_Account,Yes,2024-07-23,,1,1,1,,1,1,1,1,,,Yes,,FCT,,aba01
492f52a7-c117-44d6-ba3f-f2f7edcf5469,Deposit_Account,Yes,2024-07-23,,1,1,1,,1,1,1,1,,,Yes,,FCT,,aba01
bc6bb377-ddb0-4106-9e92-1ddebd820ad6,Deposit_Account,Yes,2024-07-23,,1,1,1,,1,1,1,1,,,Yes,,FCT,,aba01
9f7daf7e-2c86-40d4-96ca-6fbfb2eaf51f,Deposit_Account,Yes,2024-08-23,,1,1,1,,1,1,1,1,,,Yes,,FCT,,aba01
98fc32cd-7b4a-41c1-abc5-63f9d6310222,Deposit_Account,Yes,2024-07-23,,1,1,1,,1,1,1,1,,,Yes,,FCT,,aba01
c876b7d8-a727-41a1-8e57-1cddd9fc8db4,Deposit_Account,Yes,2024-07-23,,1,1,1,,1,1,1,1,,,Yes,,FCT,,aba01
10917515-7ad2-45b2-876b-15bd527ecb89,Deposit_Account,Yes,2024-07-23,,1,1,1,,1,1,1,1,,,Yes,,FCT,,aba01
0d51556f-e3ee-4382-8454-78a230c60827,Deposit_Account,Yes,2024-07-23,,1,1,1,,1,1,1,1,,,Yes,,FCT,,aba01
1c1c231d-d7e5-400d-9423-8d401c7d719c,Deposit_Account,Yes,2024-07-23,,1,1,1,,1,1,1,1,,,Yes,,FCT,,aba01
2a1bead7-a35a-4793-8c91-5f0ac7ff8470,Deposit_Account,Yes,2024-07-23,,1,1,1,,1,1,1,1,,,Yes,,FCT,,aba01
e5aad3ec-aad2-434a-a378-0ebef92ead2a,Deposit_Account,Yes,2024-07-23,,1,1,1,,1,1,1,1,,,Yes,,FCT,,aba01
4b82c5f5-0ff5-4355-93a4-ec3e6b7e380a,Deposit_Account,Yes,2024-07-23,,1,1,1,,1,1,1,1,,,Yes,,FCT,,aba01
9ad1bb6a-c846-4fec-b93c-2eb2488647ba,Deposit_Account,Yes,2024-07-23,,1,1,1,,1,1,1,1,,,Yes,,FCT,,aba01
fea4380b-5593-4add-975d-b83677971433,Deposit_Account,Yes,2024-07-23,,1,1,1,,1,1,1,1,,,Yes,,FCT,,aba01
5f90ed91-b27c-4929-bb06-3a6ba474c836,Deposit_Account,Yes,2024-07-23,,1,1,1,,1,1,1,1,,,Yes,,FCT,,aba01
e99db368-f9cf-4fce-9a64-1ec9d2c8b9a9,Deposit_Account,Yes,2024-07-23,,1,1,1,,1,1,1,1,,,Yes,,FCT,,aba01
46c5d5b1-ab88-4e1c-8ef6-df4efb6b23fa,Deposit_Account,Yes,2024-07-23,,1,1,1,,1,1,1,1,,,Yes,,FCT,,aba01
a7492101-02f4-4f2c-8ed3-212ed50f7647,Deposit_Account,Yes,2024-07-23,,1,1,1,,1,1,1,1,,,Yes,,FCT,,aba01
43b1a4da-a632-430d-b75a-8c265e7506d9,Deposit_Account,Yes,2024-07-23,,1,1,1,,1,1,1,1,,,Yes,,FCT,,aba01
eb34e3ac-ecd0-478d-8153-e72fbb575380,Deposit_Account,Yes,2024-07-23,,1,1,1,,1,1,1,1,,,Yes,,FCT,,aba01
d54414c0-561d-4829-86cf-938dc164251c,Deposit_Account,Yes,2024-07-23,,1,1,1,,1,1,1,1,,,Yes,,FCT,,aba01
9d2a4b91-93df-4fb3-9c63-ed1f1f3aea9f,Deposit_Account,Yes,2024-07-23,,1,1,1,,1,1,1,1,,,Yes,,FCT,,aba01
8ea9a41f-a0cb-4369-91e5-8b560b317a39,Deposit_Account,Yes,2024-07-23,,1,1,1,,1,1,1,1,,,Yes,,FCT,,aba01
c678e372-ca04-4a81-8154-30c3969cdd53,Deposit_Account,Yes,2024-07-23,,1,1,1,,1,1,1,1,,,Yes,,FCT,,aba01
f5dbbaae-691a-47df-9037-8b3da00d58c8,Deposit_Account,Yes,2024-07-23,,1,1,1,,1,1,1,1,,,Yes,,FCT,,aba01
a4629706-1fc7-4b35-b249-ede5c578ab21,Deposit_Account,Yes,2024-07-23,,1,1,1,,1,1,1,1,,,Yes,,FCT,,aba01
690ff0aa-d248-49ca-bdb6-7bcd9fe26680,Deposit_Account,Yes,2024-07-23,,1,1,1,,1,1,1,1,,,Yes,,FCT,,aba01
2238fb2c-b26f-4a7b-a778-54512f22a324,Deposit_Account,Yes,2024-07-23,,1,1,1,,1,1,1,1,,,Yes,,FCT,,aba01
6c5bd72b-61e2-458f-8156-72266ad9fa46,Deposit_Account,Yes,2024-07-23,,1,1,1,,1,1,1,1,,,Yes,,FCT,,aba01
d1fac76b-60db-44bb-9585-474e6ad31606,Deposit_Account,Yes,2024-07-23,,1,1,1,,1,1,1,1,,,Yes,,FCT,,aba01
da2c4a11-2651-43b8-b443-573bdc45677a,Deposit_Account,Yes,2024-07-23,,1,1,1,,1,1,1,1,,,Yes,,FCT,,aba01
61147ec7-94cc-4501-ba85-d6dae419d995,Deposit_Account,Yes,2024-07-23,,1,1,1,,1,1,1,1,,,Yes,,FCT,,aba01
0918de4d-654a-429f-a2a9-1d89f33317cb,Deposit_Account,Yes,2024-07-23,,1,1,1,,1,1,1,1,,,Yes,,FCT,,aba01
a43861e5-2d02-4e02-b3cd-ce37dd130bb4,Deposit_Account,Yes,2024-07-23,,1,1,1,,1,1,1,1,,,Yes,,FCT,,aba01
cfc96edd-567d-4ed9-a190-f588f38a6af4,Deposit_Account,Yes,2024-07-23,,1,1,1,,1,1,1,1,,,Yes,,FCT,,aba01
f5a63f33-592f-461e-8ccf-e164fce4fbe0,Deposit_Account,Yes,2024-07-23,,1,1,1,,1,1,1,1,,,Yes,,FCT,,aba01
dd6ab4c8-ec5b-40ca-9488-231ff24332ab,Deposit_Account,Yes,2024-07-23,,1,1,1,,1,1,1,1,,,Yes,,FCT,,aba01
8294f6ee-5544-4231-bf6a-27e63141250c,Deposit_Account,Yes,2024-07-23,,1,1,1,,1,1,1,1,,,Yes,,FCT,,aba01
ad261ae1-e207-4ea4-a8da-a18db0068e24,Deposit_Account,Yes,2024-07-23,,1,1,1,,1,1,1,1,,,Yes,,FCT,,aba01
fb499e31-b785-435b-a3e6-94d5a965f70e,Deposit_Account,Yes,2024-07-23,,1,1,1,,1,1,1,1,,,Yes,,FCT,,aba01
41b001b7-b68c-4340-a327-e42ef06b1a48,Deposit_Account,Yes,2024-07-23,,1,1,1,,1,1,1,1,,,Yes,,FCT,,aba01
754ecd80-226f-4691-88e5-a7a1ae2f76ed,Deposit_Account,Yes,2024-07-23,,1,1,1,,1,1,1,1,,,Yes,,FCT,,aba01
f0d108ad-e29c-4bb3-a0ad-92a78dd2ac54,Deposit_Account,Yes,2024-07-23,,1,1,1,,1,1,1,1,,,Yes,,FCT,,aba01
efb329fe-e183-4752-90ab-696178bfed34,Deposit_Account,Yes,2024-07-23,,1,1,1,,1,1,1,1,,,Yes,,FCT,,aba01
70022c1d-a337-478c-98f4-ad2901b42aba,Deposit_Account,Yes,2024-07-23,,1,1,1,,1,1,1,1,,,Yes,,FCT,,aba01
c91eaa13-46c2-4266-925d-6f2b09019aee,Deposit_Account,Yes,2024-07-23,,1,1,1,,1,1,1,1,,,Yes,,FCT,,aba01
19900793-4ebc-4de8-bc4b-ce26b8bab442,Deposit_Account,Yes,2024-07-23,,1,1,1,,1,1,1,1,,,Yes,,FCT,,aba01
4a563800-6865-48d4-8bff-8fd9372ee2ca,Deposit_Account,Yes,2024-07-23,,1,1,1,,1,1,1,1,,,Yes,,FCT,,aba01
3e76b895-1dee-4701-91a4-1c3fdac29c40,Deposit_Account,Yes,2024-07-23,,1,1,1,,1,1,1,1,,,Yes,,FCT,,aba01
23e608c2-a483-4298-8f4d-d923cb5a132c,Deposit_Account,Yes,2024-07-23,,1,1,1,,1,1,1,1,,,Yes,,FCT,,aba01
35b9305f-93c3-44f5-b961-475f72177e87,Deposit_Account,Yes,2024-07-23,,1,1,1,,1,1,1,1,,,Yes,,FCT,,aba01
039b5904-6093-48a0-8410-06032d61f1ab,Deposit_Account,Yes,2024-08-23,,1,1,1,,1,1,1,1,,,Yes,,FCT,,aba01
714e7fa4-a208-4114-ae53-203053894bd0,Deposit_Account,Yes,2024-07-23,,1,1,1,,1,1,1,1,,,Yes,,FCT,,aba01
31115301-9693-4048-ba32-ff71ca1a4032,Deposit_Account,Yes,2024-07-23,,1,1,1,,1,1,1,1,,,Yes,,FCT,,aba01
2017de7d-222b-4fa6-9281-3069ceb5fed4,Deposit_Account,Yes,2024-07-23,,1,1,1,,1,1,1,1,,,Yes,,FCT,,aba01
badca496-4ff1-411b-bcc0-6eacede56df6,Deposit_Account,Yes,2024-07-23,,1,1,1,,1,1,1,1,,,Yes,,FCT,,aba01
6c70b047-5f1f-4704-bb23-c6d4e8ea4daa,Deposit_Account,Yes,2024-07-23,,1,1,1,,1,1,1,1,,,Yes,,FCT,,aba01
fa85b3a6-3151-4584-8b68-d6081e58b107,Deposit_Account,Yes,2024-07-23,,1,1,1,,1,1,1,1,,,Yes,,FCT,,aba01
3f13b8fe-790e-473b-a711-a23614c9bf71,Deposit_Account,Yes,2024-07-23,,1,1,1,,1,1,1,1,,,Yes,,FCT,,aba01
66e19248-1495-46df-9250-a83d43f60378,Deposit_Account,Yes,2024-07-23,,1,1,1,,1,1,1,1,,,Yes,,FCT,,aba01
3f8d6da9-7084-409f-b83d-35c5886d3aa5,Deposit_Account,Yes,2024-07-23,,1,1,1,,1,1,1,1,,,Yes,,FCT,,aba01
d4cff50c-bf18-4bbc-a0cd-b63c90df3f98,Deposit_Account,Yes,2024-07-23,,1,1,1,,1,1,1,1,,,Yes,,FCT,,aba01
cdd61caf-75af-4d78-9e58-176881bf6d46,Deposit_Account,Yes,2024-07-23,,1,1,1,,1,1,1,1,,,Yes,,FCT,,aba01
44121ecf-cf26-4160-89a6-da0870b54f05,Deposit_Account,Yes,2024-07-23,,1,1,1,,1,1,1,1,,,Yes,,FCT,,aba01
8dc9bf0f-9699-4739-b401-e074ca2c7922,Deposit_Account,Yes,2024-08-23,,1,1,1,,1,1,1,1,,,Yes,,FCT,,aba01
4d3eb688-13d1-44b1-a672-82d9a343ec81,Deposit_Account,Yes,2024-07-23,,1,1,1,,1,1,1,1,,,Yes,,FCT,,aba01
0c9e55b9-d4f2-4e3b-ac5a-6a023b0a9c3c,Deposit_Account,Yes,2024-07-23,,1,1,1,,1,1,1,1,,,Yes,,FCT,,aba01
645f5870-9f28-4043-bd45-7a192ce8b598,Deposit_Account,Yes,2024-07-23,,1,1,1,,1,1,1,1,,,Yes,,FCT,,aba01
3f86323a-d413-45dd-851e-1861cfd05352,Deposit_Account,Yes,2024-07-23,,1,1,1,,1,1,1,1,,,Yes,,FCT,,aba01
8f7b4259-f4fd-4486-b4ad-f796c16db461,Deposit_Account,Yes,2024-07-23,,1,1,1,,1,1,1,1,,,Yes,,FCT,,aba01
711eefac-0847-47ea-bb66-3f685f94fc64,Deposit_Account,Yes,2024-07-23,,1,1,1,,1,1,1,1,,,Yes,,FCT,,aba01
2e4b1d03-a878-4205-ac25-7575abde75cc,Deposit_Account,Yes,2024-07-23,,1,1,1,,1,1,1,1,,,Yes,,FCT,,aba01
f17d022b-1f31-47c8-b6f6-91248b6f8271,Deposit_Account,Yes,2024-07-23,,1,1,1,,1,1,1,1,,,Yes,,FCT,,aba01
7d732466-1f7d-466c-aa94-3b976a9b524f,Deposit_Account,Yes,2024-07-23,,1,1,1,,1,1,1,1,,,Yes,,FCT,,aba01
8ca1c54b-ca99-488b-9598-07df0e10fb83,Deposit_Account,Yes,2024-07-23,,1,1,1,,1,1,1,1,,,Yes,,FCT,,aba01
c8fc923b-8059-4bdb-b29f-a2c400420746,Deposit_Account,Yes,2024-07-23,,1,1,1,,1,1,1,1,,,Yes,,FCT,,aba01
4991d7eb-2142-4cc1-9e3f-f5e728e9ff91,Deposit_Account,Yes,2024-07-23,,1,1,1,,1,1,1,1,,,Yes,,FCT,,aba01
19e5267c-f468-45c3-949e-d68c575a351d,Deposit_Account,Yes,2024-07-23,,1,1,1,,1,1,1,1,,,Yes,,FCT,,aba01
a850a4c2-3cc8-48f2-8d4b-71a2de3c3aac,Deposit_Account,Yes,2024-07-23,,1,1,1,,1,1,1,1,,,Yes,,FCT,,aba01
f35da370-1041-45b2-bdb8-834937982aee,Deposit_Account,Yes,2024-07-23,,1,1,1,,1,1,1,1,,,Yes,,FCT,,aba01
e1348c22-0002-486a-89d5-31aca639342f,Deposit_Account,Yes,2024-07-23,,1,1,1,,1,1,1,1,,,Yes,,FCT,,aba01
deea3786-2fdb-4004-a872-f48de35fd92b,Deposit_Account,Yes,2024-07-23,,1,1,1,,1,1,1,1,,,Yes,,FCT,,aba01
73f1eace-989d-4537-8cd2-c7f5b78f43a2,Deposit_Account,Yes,2024-07-23,,1,1,1,,1,1,1,1,,,Yes,,FCT,,aba01
9bdec6a4-5c49-4c42-b895-be1ca8f7c230,Deposit_Account,Yes,2024-07-23,,1,1,1,,1,1,1,1,,,Yes,,FCT,,aba01
1ab1073c-cf3e-434d-b5cd-b9d07f268974,Deposit_Account,Yes,2024-07-23,,1,1,1,,1,1,1,1,,,Yes,,FCT,,aba01
39001e59-9b6f-43d0-a30d-c90e63e21049,Deposit_Account,Yes,2024-07-23,,1,1,1,,1,1,1,1,,,Yes,,FCT,,aba01
250fc882-7feb-4d65-9fd1-0b925525c85d,Deposit_Account,Yes,2024-07-23,,1,1,1,,1,1,1,1,,,Yes,,FCT,,aba01
bc258fb7-8fab-4f54-9428-74cd02f4302d,Deposit_Account,Yes,2024-07-23,,1,1,1,,1,1,1,1,,,Yes,,FCT,,aba01
74df177e-bca9-4455-9be6-ef37e2bb3ecf,Deposit_Account,Yes,2024-07-23,,1,1,1,,1,1,1,1,,,Yes,,FCT,,aba01
eab10fdb-6980-41fb-9b82-c33287137f02,Deposit_Account,Yes,2024-07-23,,1,1,1,,1,1,1,1,,,Yes,,FCT,,aba01
e96437a0-288b-42f1-85e6-43ab90f57600,Deposit_Account,Yes,2024-07-23,,1,1,1,,1,1,1,1,,,Yes,,FCT,,aba01
df57395e-1a70-448c-9937-7a386cac2d93,Deposit_Account,Yes,2024-07-23,,1,1,1,,1,1,1,1,,,Yes,,FCT,,aba01
d0da3611-fb66-4d9f-894c-a5d81a33d3da,Deposit_Account,Yes,2024-07-23,,1,1,1,,1,1,1,1,,,Yes,,FCT,,aba01
01c0a354-5676-4563-a859-c94398dc980c,Deposit_Account,Yes,2024-07-23,,1,1,1,,1,1,1,1,,,Yes,,FCT,,aba01
b1f1d1d2-d219-4d6a-919e-28e91af983e6,Deposit_Account,Yes,2024-07-23,,1,1,1,,1,1,1,1,,,Yes,,FCT,,aba05
3ee5e060-5feb-440c-a86c-fe9becc001b1,Deposit_Account,Yes,2024-07-23,,1,1,1,,1,1,1,1,,,Yes,,FCT,,aba05
d6b6db93-f4ef-4cf3-bf9a-62741e716c07,Deposit_Account,Yes,2024-07-23,,1,1,1,,1,1,1,1,,,Yes,,FCT,,aba05
f04ff064-e36e-4c66-8145-99cce2a7d419,Deposit_Account,Yes,2024-07-23,,1,1,1,,1,1,1,1,,,Yes,,FCT,,aba05
09ff7c45-734f-43a8-bb55-f6f76656a141,Deposit_Account,Yes,2024-07-23,,1,1,1,,1,1,1,1,,,Yes,,FCT,,aba05
79b2024d-489d-4da7-a35e-00637454e80c,Deposit_Account,Yes,2024-07-23,,1,1,1,,1,1,1,1,,,Yes,,FCT,,aba05
529c7e24-04c3-4cf3-aeda-d868e80754cd,Deposit_Account,Yes,2024-07-23,,1,1,1,,1,1,1,1,,,Yes,,FCT,,aba05
e8a22724-a310-4ec7-a869-ddd1c95d8aa7,Deposit_Account,Yes,2024-07-23,,1,1,1,,1,1,1,1,,,Yes,,FCT,,aba05
9e0a1dc4-968d-48bf-9a3e-35ccad74725e,Deposit_Account,Yes,2024-07-23,,1,1,1,,1,1,1,1,,,Yes,,FCT,,aba05
90decdd5-6f60-4b8d-abde-95345f177eec,Deposit_Account,Yes,2024-07-23,,1,1,1,,1,1,1,1,,,Yes,,FCT,,aba05
e09f1999-2385-4078-8652-21b25fc923e2,Deposit_Account,Yes,2024-07-23,,1,1,1,,1,1,1,1,,,Yes,,FCT,,aba05
e830c46d-b80e-4d9f-ab8d-9a501864acfa,Deposit_Account,Yes,2024-07-23,,1,1,1,,1,1,1,1,,,Yes,,FCT,,aba05
9d152eaf-52f2-4398-a0b5-e108b0a4bdd7,Deposit_Account,Yes,2024-07-23,,1,1,1,,1,1,1,1,,,Yes,,FCT,,aba05
4ebe8f1f-8d32-4652-b425-f8c08d26fbb6,Deposit_Account,Yes,2024-07-23,,1,1,1,,1,1,1,1,,,Yes,,FCT,,aba05
b8ce3201-e08c-42a3-ac5e-bcc898efb364,Deposit_Account,Yes,2024-07-23,,1,1,1,,1,1,1,1,,,Yes,,FCT,,aba05
70140e7e-2d08-4c56-8556-552cd70f2fdf,Deposit_Account,Yes,2024-07-23,,1,1,1,,1,1,1,1,,,Yes,,FCT,,aba05
47069abe-62c6-4e73-923f-4396d1b1268a,Deposit_Account,Yes,2024-07-23,,1,1,1,,1,1,1,1,,,Yes,,FCT,,aba05
cb304d95-b07c-4696-beba-e823f60684bb,Deposit_Account,Yes,2024-07-23,,1,1,1,,1,1,1,1,,,Yes,,FCT,,aba05
56fe61cc-1000-4750-9014-b612f338b69b,Deposit_Account,Yes,2024-07-23,,1,1,1,,1,1,1,1,,,Yes,,FCT,,aba05
9e6873df-d260-4b3f-83ad-78e223bb6561,Deposit_Account,Yes,2024-07-23,,1,1,1,,1,1,1,1,,,Yes,,FCT,,aba05
9bbce374-991f-45ac-b3f8-21a63d1c5470,Deposit_Account,Yes,2024-07-23,,1,1,1,,1,1,1,1,,,Yes,,Gombe,,akk01
ed1ce3d3-78af-41f8-8198-0b5b6b699e78,Deposit_Account,Yes,2024-07-23,,1,1,1,,1,1,1,1,,,Yes,,Gombe,,akk01
c61b31f3-da23-47bc-a99c-39a46de3966c,Deposit_Account,Yes,2024-07-23,,1,1,1,,1,1,1,1,,,Yes,,Gombe,,akk01
405758a1-e960-4aa7-b36b-08aab6b99260,Deposit_Account,Yes,2024-07-23,,1,1,1,,1,1,1,1,,,Yes,,Gombe,,akk01
4422cffc-55f4-4683-bf95-0832b0a9ca63,Deposit_Account,Yes,2024-07-23,,1,1,1,,1,1,1,1,,,Yes,,Gombe,,akk01
cd78fb9d-cd22-42fa-a6a4-c23bf0a4e109,Deposit_Account,Yes,2024-07-23,,1,1,1,,1,1,1,1,,,Yes,,Gombe,,akk01
9cc20ddc-44eb-4bd8-8ecd-de5c04c51e63,Deposit_Account,Yes,2024-07-23,,1,1,1,,1,1,1,1,,,Yes,,Gombe,,akk01
3508b298-6e37-4839-a831-6ec5c6be7baf,Deposit_Account,Yes,2024-07-23,,1,1,1,,1,1,1,1,,,Yes,,Gombe,,akk01
5b43b95c-3b81-49ea-828a-e30ba6f4fafb,Deposit_Account,Yes,2024-07-23,,1,1,1,,1,1,1,1,,,Yes,,Gombe,,akk01
e0354bae-1e73-4030-9301-ef667c176c69,Deposit_Account,Yes,2024-07-23,,1,1,1,,1,1,1,1,,,Yes,,Gombe,,akk01
59dbd876-91b8-422d-af4f-3823d36ef6f0,Deposit_Account,Yes,2024-07-23,,1,1,1,,1,1,1,1,,,Yes,,Gombe,,akk01
9d915219-56fd-4b03-82b1-4c6d016e367c,Deposit_Account,Yes,2024-07-23,,1,1,1,,1,1,1,1,,,Yes,,Gombe,,akk01
7ec0a67d-ab42-4e54-b989-a7ec3b50ff76,Deposit_Account,Yes,2024-07-23,,1,1,1,,1,1,1,1,,,Yes,,Gombe,,akk01
bb497231-1182-4533-8674-fb3178d5c137,Deposit_Account,Yes,2024-07-23,,1,1,1,,1,1,1,1,,,Yes,,Gombe,,akk01
e26230a3-5cf1-4581-b184-15c2f2caef5d,Deposit_Account,Yes,2024-07-23,,1,1,1,,1,1,1,1,,,Yes,,Gombe,,akk01
7f549e67-1478-4d04-9d12-b66924ce7376,Deposit_Account,Yes,2024-07-23,,1,1,1,,1,1,1,1,,,Yes,,Gombe,,akk01
5f182934-60a9-4a2f-8dc5-076c48abbb5b,Deposit_Account,Yes,2024-07-23,,1,1,1,,1,1,1,1,,,Yes,,Gombe,,akk01
614d949a-381f-4198-892e-09e24f5a584c,Deposit_Account,Yes,2024-07-23,,1,1,1,,1,1,1,1,,,Yes,,Gombe,,akk01
da0bb8cd-22fe-4ab2-be11-db26579d7f2d,Deposit_Account,Yes,2024-07-23,,1,1,1,,1,1,1,1,,,Yes,,Gombe,,akk01
ba1b2009-0765-42d0-82e9-72c14a03aaec,Deposit_Account,Yes,2024-07-23,,1,1,1,,1,1,1,1,,,Yes,,Gombe,,akk01
635d4dc3-1421-453d-acc4-72fa71859323,Deposit_Account,Yes,2024-07-23,,1,1,1,,1,1,1,1,,,Yes,,Gombe,,akk01
38bbe4f4-8c8c-4b97-a650-db482e63e9a8,Deposit_Account,Yes,2024-07-23,,1,1,1,,1,1,1,1,,,Yes,,Gombe,,akk01
afdba4e1-70b4-44e8-b044-1b469c61fa6e,Deposit_Account,Yes,2024-07-23,,1,1,1,,1,1,1,1,,,Yes,,Gombe,,akk01
20ba4959-2007-4800-bb9f-56b8f44fbd33,Deposit_Account,Yes,2024-07-23,,1,1,1,,1,1,1,1,,,Yes,,Gombe,,akk01
a51dd7a4-b9c6-4d6d-8728-5ad47dae7dbb,Deposit_Account,Yes,2024-07-23,,1,1,1,,1,1,1,1,,,Yes,,Gombe,,akk01
c6467d36-2b16-4db0-b114-fbf51fc51fa2,Deposit_Account,Yes,2024-07-23,,1,1,1,,1,1,1,1,,,Yes,,Gombe,,akk01
e3178aa1-fe0a-4fa7-87a0-c4a305302600,Deposit_Account,Yes,2024-07-23,,1,1,1,,1,1,1,1,,,Yes,,Gombe,,akk01
3ec68fd8-1eeb-4d1f-a098-630ae120e822,Deposit_Account,Yes,2024-07-23,,1,1,1,,1,1,1,1,,,Yes,,Gombe,,akk01
e7cde364-f9ca-4b9d-a191-3b2a8d92c103,Deposit_Account,Yes,2024-07-23,,1,1,1,,1,1,1,1,,,Yes,,Gombe,,akk01
18470487-86c3-4fbd-b649-6bcd8e8fd6f9,Deposit_Account,Yes,2024-07-23,,1,1,1,,1,1,1,1,,,Yes,,Gombe,,akk01
c17e8a3c-ab23-4da8-bf47-c556b20f20da,Deposit_Account,Yes,2024-07-23,,1,1,1,,1,1,1,1,,,Yes,,Gombe,,akk01
7e8fac69-af8a-44d9-9100-d75825bf0265,Deposit_Account,Yes,2024-07-23,,1,1,1,,1,1,1,1,,,Yes,,Gombe,,akk02
d98cd0e0-b1e4-48dc-856a-574eea4ad441,Deposit_Account,Yes,2024-07-23,,1,1,1,,1,1,1,1,,,Yes,,Gombe,,akk02
e20d35a1-9154-425f-b120-27c3250cfa8b,Deposit_Account,Yes,2024-07-23,,1,1,1,,1,1,1,1,,,Yes,,Gombe,,akk02
8efed345-d81d-45b7-aa42-0583a3eb12b4,Deposit_Account,Yes,2024-07-23,,1,1,1,,1,1,1,1,,,Yes,,Gombe,,akk02
dfd233cd-fc61-4951-b03d-19e69f982c03,Deposit_Account,Yes,2024-07-23,,1,1,1,,1,1,,1,,,Yes,,Gombe,,sha01
0c587ee1-ca98-4a21-8a5a-0d4d68434dc4,Deposit_Account,Yes,2024-07-23,,1,1,1,,1,1,,1,,,Yes,,Gombe,,sha01
c073d86a-4753-4bd4-9857-60296b73af11,Deposit_Account,Yes,2024-07-23,,1,1,1,,1,1,,1,,,Yes,,Gombe,,sha01
03994fbf-ec4a-4f24-b2f7-8b8cdaf50604,Deposit_Account,Yes,2024-07-23,,1,1,1,,1,1,,1,,,Yes,,Gombe,,sha01
060cd600-a838-43c6-89bd-a1167c1da1dd,Deposit_Account,Yes,2024-07-23,,1,1,1,,1,1,,1,,,Yes,,Gombe,,sha01
ddec5dbe-83d2-40d7-85a2-27da5645094f,Deposit_Account,Yes,2024-07-23,,1,1,1,,1,1,,1,,,Yes,,Gombe,,sha01
05653db0-4cb9-4ed0-a2df-e64f534eb5d6,Deposit_Account,Yes,2024-07-23,,1,1,1,,1,1,,1,,,Yes,,Gombe,,sha01
420bfcd0-430a-49ad-97e7-abc7d8951619,Deposit_Account,Yes,2024-07-23,,1,1,1,,1,1,,1,,,Yes,,Gombe,,sha01
6e79448b-a562-48d6-8731-dceda9db0107,Deposit_Account,Yes,2024-07-23,,1,1,1,,1,1,1,1,,,Yes,,Gombe,,akk02
b8339b4e-3016-48c1-86a5-2e371de639a6,Deposit_Account,Yes,2024-07-23,,1,1,1,,1,1,1,1,,,Yes,,Gombe,,akk02
f4c3bd27-cab4-42b3-9577-19a3f6402eb3,Deposit_Account,Yes,2024-07-23,,1,1,1,,1,1,1,1,,,Yes,,Gombe,,akk02
09698f93-7d4d-4bf1-a2c3-6e322f150604,Deposit_Account,Yes,2024-07-23,,1,1,1,,1,1,1,1,,,Yes,,Gombe,,akk02
e58ec183-5aee-4229-bbe1-af2633b1e833,Deposit_Account,Yes,2024-07-23,,1,1,1,,1,1,1,1,,,Yes,,Gombe,,akk02
68c0434f-ecb3-49a1-a08a-781431ced840,Deposit_Account,Yes,2024-07-23,,1,1,1,,1,1,1,1,,,Yes,,Gombe,,akk02
bcec6875-8009-412a-b9ae-5079aa96154f,Deposit_Account,Yes,2024-07-23,,1,1,1,,1,1,1,1,,,Yes,,Gombe,,akk02
2fd4730a-2372-4f40-a2b8-bf5964920757,Deposit_Account,Yes,2024-07-23,,1,1,1,,1,1,1,1,,,Yes,,Gombe,,akk02
755173b8-164d-4938-a4a8-d26cdaf9ce3a,Deposit_Account,Yes,2024-07-23,,1,1,1,,1,1,1,1,,,Yes,,Gombe,,akk02
a4140f22-d440-48ce-8cd0-ffbfec723e7d,Deposit_Account,Yes,2024-07-23,,1,1,1,,1,1,1,1,,,Yes,,Gombe,,akk02
b1f1b5c3-6aa8-4040-bb94-6f634a6180cf,Deposit_Account,Yes,2024-07-23,,1,1,1,,1,1,1,1,,,Yes,,Gombe,,akk02
8d24bf0b-6f8d-4e43-9dae-ac666fb0e6fb,Deposit_Account,Yes,2024-07-23,,1,1,1,,1,1,1,1,,,Yes,,Gombe,,akk02
4f02584f-1d01-4612-9747-bf2c819125ef,Deposit_Account,Yes,2024-07-23,,1,1,1,,1,1,1,1,,,Yes,,Gombe,,akk02
75fd7d71-cf9c-4b4c-8e08-fa03bea4b0a6,Deposit_Account,Yes,2024-07-23,,1,1,1,,1,1,1,1,,,Yes,,Gombe,,akk02
2432dbda-05d2-445e-aa4f-35fb29e32f55,Deposit_Account,Yes,2024-07-23,,1,1,1,,1,1,1,1,,,Yes,,Gombe,,akk02
e8759b60-05c3-43a3-9b44-708ffb707d7b,Deposit_Account,Yes,2024-07-23,,1,1,1,,1,1,1,1,,,Yes,,Gombe,,akk02
553a4450-0a15-4d28-8274-05f3afb807dd,Deposit_Account,Yes,2024-07-23,,1,1,1,,1,1,1,1,,,Yes,,Gombe,,akk02
099e1d40-4618-4dfa-94dc-94400b136d5d,Deposit_Account,Yes,2024-07-23,,1,1,1,,1,1,1,1,,,Yes,,Gombe,,akk02
98a80f1f-4b8c-48a1-947d-bcca9e9e57aa,Deposit_Account,Yes,2024-07-23,,1,1,1,,1,1,1,1,,,Yes,,Gombe,,akk02
3189ee1a-7f07-42b3-87e3-bbf144d0c30e,Deposit_Account,Yes,2024-07-23,,1,1,1,,1,1,1,1,,,Yes,,Gombe,,akk02
074f745d-78dc-4613-b071-7c32fbd0e9c7,Deposit_Account,Yes,2024-07-23,,1,1,1,,1,1,1,1,,,Yes,,Gombe,,akk02
1a1d4f89-6c97-4cf8-bef2-5288120c384c,Deposit_Account,Yes,2024-07-23,,1,1,1,,1,1,1,1,,,Yes,,Gombe,,akk02
e695d860-5f93-4407-8be9-55cae0976c21,Deposit_Account,Yes,2024-07-23,,1,1,1,,1,1,1,1,,,Yes,,Gombe,,akk02
81291826-ac46-40be-9eb6-ebffa5daeb95,Deposit_Account,Yes,2024-07-23,,1,1,1,,1,1,1,1,,,Yes,,Gombe,,akk02
86185f3d-13b7-4b68-abe1-31890e24d9f4,Deposit_Account,Yes,2024-07-23,,1,1,1,,1,1,1,1,,,Yes,,Gombe,,akk02
b73dd88b-1e38-49ba-bc9c-824c2374fd07,Deposit_Account,Yes,2024-07-23,,1,1,1,,1,1,1,1,,,Yes,,Gombe,,akk02
686d3cac-22fc-4f24-8a33-4c3e37cf0d33,Deposit_Account,Yes,2024-07-23,,1,1,1,,1,1,1,1,,,Yes,,Gombe,,akk02
891a1b23-23db-4e26-9850-02ef49fdd463,Deposit_Account,Yes,2024-07-23,,1,1,1,,1,1,1,1,,,Yes,,Gombe,,akk02
238128c8-8b25-4bb3-9f95-1d56196f9cd5,Deposit_Account,Yes,2024-07-23,,1,1,1,,1,1,1,1,,,Yes,,Gombe,,akk02
feb14d4f-7b77-4761-92f3-a6f7d2e49aaa,Deposit_Account,Yes,2024-07-23,,1,1,1,,1,1,1,1,,,Yes,,Gombe,,akk02
a29d6965-8a5c-4a1f-b0e6-700b07267b37,Deposit_Account,Yes,2024-07-23,,1,1,1,,1,1,1,1,,,Yes,,Gombe,,akk02
febc3d38-98cf-4907-aa07-feb85277175a,Deposit_Account,Yes,2024-07-23,,1,1,1,,1,1,,1,,,Yes,,Gombe,,sha01
80138dcc-00d3-4373-80c8-2322e2b0e74e,Deposit_Account,Yes,2024-07-23,,1,1,1,,1,1,,1,,,Yes,,Gombe,,sha01
621701e6-8ffd-4836-9f1c-95c5888a614b,Deposit_Account,Yes,2024-07-23,,1,1,1,,1,1,,1,,,Yes,,Gombe,,sha01
3904d120-0503-4abd-8431-82ee6f7360a1,Deposit_Account,Yes,2024-07-23,,1,1,1,,1,1,1,1,,,Yes,,Gombe,,akk03
d492629e-e2ce-47bd-a5de-e26a0a2658fe,Deposit_Account,Yes,2024-07-23,,1,1,1,,1,1,,1,,,Yes,,Gombe,,sha01
2b4bbe84-0dc2-4ad0-8e68-21f85255d740,Deposit_Account,Yes,2024-07-23,,1,1,1,,1,1,1,1,,,Yes,,Gombe,,akk03
f49998f8-aa72-430b-9dd8-c71e82effa94,Deposit_Account,Yes,2024-07-23,,1,1,1,,1,1,,1,,,Yes,,Gombe,,sha01
bb1c8d4a-0c39-47e1-803c-b2b0c3347641,Deposit_Account,Yes,2024-07-23,,1,1,1,,1,1,1,1,,,Yes,,Gombe,,akk03
f8d3539f-7846-4e0f-8940-b9b96e6e6833,Deposit_Account,Yes,2024-07-23,,1,1,1,,1,1,,1,,,Yes,,Gombe,,sha01
6de46adf-e143-48fa-b759-341b5f9c7f09,Deposit_Account,Yes,2024-07-23,,1,1,1,,1,1,,1,,,Yes,,Gombe,,sha01
2795096e-39fc-40f1-bbfe-86d3d1c65e43,Deposit_Account,Yes,2024-07-23,,1,1,1,,1,1,,1,,,Yes,,Gombe,,sha01
8408f516-d3ba-409b-9ce1-d9a0a762fbc2,Deposit_Account,Yes,2024-07-23,,1,1,1,,1,1,,1,,,Yes,,Gombe,,sha01
45eb05e5-b669-48ea-8702-4c0c30a3f992,Deposit_Account,Yes,2024-07-23,,1,1,1,,1,1,,1,,,Yes,,Gombe,,sha01
e1e0b74e-fa3f-42a4-80f6-77b599493ce5,Deposit_Account,Yes,2024-07-23,,1,1,1,,1,1,,1,,,Yes,,Gombe,,sha01
21ead651-4f48-4c10-bd12-0f6e73b6419f,Deposit_Account,Yes,2024-07-23,,1,1,1,,1,1,,1,,,Yes,,Gombe,,sha01
3293a140-da38-4cb4-b0e3-1e452d1d34c4,Deposit_Account,Yes,2024-07-23,,1,1,1,,1,1,,1,,,Yes,,Gombe,,sha01
d6f8ae19-166f-450e-8fa2-751afc593059,Deposit_Account,Yes,2024-07-23,,1,1,1,,1,1,,1,,,Yes,,Gombe,,sha01
5de8f3ec-23c1-41c2-ad8b-08cfb06b3480,Deposit_Account,Yes,2024-07-23,,1,1,1,,1,1,,1,,,Yes,,Gombe,,sha01
fc27cd3b-6fab-484b-bf5c-534fde29f8cd,Deposit_Account,Yes,2024-07-23,,1,1,1,,1,1,,1,,,Yes,,Gombe,,sha01
739cc18e-f6a6-488f-ae7a-6ef7a24d3756,Deposit_Account,Yes,2024-07-23,,1,1,1,,1,1,1,1,,,Yes,,Gombe,,akk03
945ca09f-e64e-4dde-9d9a-e5f7637f2b34,Deposit_Account,Yes,2024-07-23,,1,1,1,,1,1,1,1,,,Yes,,Gombe,,akk03
a1cfece9-8d93-4a84-a98d-061feb979370,Deposit_Account,Yes,2024-07-23,,1,1,1,,1,1,1,1,,,Yes,,Gombe,,akk03
c150697b-525a-4feb-a968-38f46c877ba8,Deposit_Account,Yes,2024-07-23,,1,1,1,,1,1,1,1,,,Yes,,Gombe,,akk03
2447273b-bf00-4d51-8d88-3cb2315fc3e8,Deposit_Account,Yes,2024-07-23,,1,1,1,,1,1,1,1,,,Yes,,Gombe,,akk03
e5653d0f-0442-491a-987d-f5dc89ea78f4,Deposit_Account,Yes,2024-07-23,,1,1,1,,1,1,1,1,,,Yes,,Gombe,,akk03
0f380a8d-46f5-4d89-9a1b-4cf0c238c255,Deposit_Account,Yes,2024-07-23,,1,1,1,,1,1,1,1,,,Yes,,Gombe,,akk03
0a005839-9be1-45ed-86a9-58de30197a39,Deposit_Account,Yes,2024-07-23,,1,1,1,,1,1,1,1,,,Yes,,Gombe,,akk03
b5899690-78f4-40fa-9b8c-8305a439fc61,Deposit_Account,Yes,2024-07-23,,1,1,1,,1,1,1,1,,,Yes,,Gombe,,akk03
7ec8f671-fd46-4d32-bce2-9894ad24ef30,Deposit_Account,Yes,2024-07-23,,1,1,1,,1,1,1,1,,,Yes,,Gombe,,akk03
91599bcc-76c0-454e-8ba1-5a6b02d10800,Deposit_Account,Yes,2024-07-23,,1,1,1,,1,1,1,1,,,Yes,,Gombe,,akk03
b3c14c02-4311-4e8f-8aba-1368d41e6550,Deposit_Account,Yes,2024-07-23,,1,1,1,,1,1,1,1,,,Yes,,Gombe,,akk03
134f6c4b-68a2-4f9d-afe3-5e7bc4f55e40,Deposit_Account,Yes,2024-07-23,,1,1,1,,1,1,1,1,,,Yes,,Gombe,,akk03
cb74c566-ba0c-4282-9063-5ea8ae663521,Deposit_Account,Yes,2024-07-23,,1,1,1,,1,1,1,1,,,Yes,,Gombe,,akk03
fe8177bd-7447-4070-b05f-ec9473fd1f3b,Deposit_Account,Yes,2024-07-23,,1,1,1,,1,1,1,1,,,Yes,,Gombe,,akk03
aad2037e-7e49-490a-add2-0ea1ad4d555f,Deposit_Account,Yes,2024-07-23,,1,1,1,,1,1,1,1,,,Yes,,Gombe,,akk03
935db411-e3d5-4754-9901-4fda91fe7efc,Deposit_Account,Yes,2024-07-23,,1,1,1,,1,1,1,1,,,Yes,,Gombe,,akk03
8f4464c3-e5bd-4f74-8192-48144fdcd59e,Deposit_Account,Yes,2024-07-23,,1,1,1,,1,1,,1,,,Yes,,Gombe,,sha01
331c5002-c427-4519-8e98-9bbd63a2fa49,Deposit_Account,Yes,2024-07-23,,1,1,1,,1,1,1,1,,,Yes,,Gombe,,akk04
0f6503af-81e8-4eee-8158-740dc92f9e35,Deposit_Account,Yes,2024-07-23,,1,1,1,,1,1,1,1,,,Yes,,Gombe,,akk04
f3c2ff20-c4d7-404e-b9db-9973ffce7547,Deposit_Account,Yes,2024-07-23,,1,1,1,,1,1,,1,,,Yes,,Gombe,,sha01
4380fec7-dafa-4f14-8c5d-fdd603690c29,Deposit_Account,Yes,2024-07-23,,1,1,1,,1,1,,1,,,Yes,,Gombe,,sha01
8919e0e8-5cb3-448b-b328-8d4363551ab9,Deposit_Account,Yes,2024-07-23,,1,1,1,,1,1,,1,,,Yes,,Gombe,,sha01
c4d533ab-2a27-4f3e-946e-c87184481b57,Deposit_Account,Yes,2024-07-23,,1,1,1,,1,1,,1,,,Yes,,Gombe,,sha01
e5958e89-310e-4ee9-a30f-90f780c86a65,Deposit_Account,Yes,2024-07-23,,1,1,1,,1,1,,1,,,Yes,,Gombe,,sha01
e47efc56-a230-4ffb-89c4-2d2b0621c634,Deposit_Account,Yes,2024-07-23,,1,1,1,,1,1,,1,,,Yes,,Gombe,,sha01
567cdf50-05a1-4d42-80f4-e8d249d9bc76,Deposit_Account,Yes,2024-07-23,,1,1,1,,1,1,,1,,,Yes,,Gombe,,sha01
7c6bc2b6-70e8-4516-acf8-053ff64460e1,Deposit_Account,Yes,2024-07-23,,1,1,1,,1,1,,1,,,Yes,,Gombe,,sha01
b9e15e5f-e869-47b6-a013-be9f33e21535,Deposit_Account,Yes,2024-07-23,,1,1,1,,1,1,,1,,,Yes,,Gombe,,sha01
c69aa1ac-fe99-4e3e-bba1-cbd37111772b,Deposit_Account,Yes,2024-07-23,,1,1,1,,1,1,,1,,,Yes,,Gombe,,sha01
78a9abf5-9a41-43ab-80f2-c4aa56c4e647,Deposit_Account,Yes,2024-07-23,,1,1,1,,1,1,,1,,,Yes,,Gombe,,sha01
eec00810-bf79-4ec9-b749-8455e240b860,Deposit_Account,Yes,2024-07-23,,1,1,1,,1,1,,1,,,Yes,,Gombe,,sha01
3dc1d625-8a79-4e13-9b40-1c4a5354b6a4,Deposit_Account,Yes,2024-07-23,,1,1,1,,1,1,,1,,,Yes,,Gombe,,sha01
a8993fe4-189e-4481-99cc-16e439ee99ba,Deposit_Account,Yes,2024-07-23,,1,1,1,,1,1,,1,,,Yes,,Gombe,,sha01
5ccad489-46ce-4503-8653-8af72291ef11,Deposit_Account,Yes,2024-07-23,,1,1,1,,1,1,,1,,,Yes,,Gombe,,sha01
e4b85bd5-8570-424b-b107-b158220c22aa,Deposit_Account,Yes,2024-07-23,,1,1,1,,1,1,,1,,,Yes,,Gombe,,sha01
22d16410-1c9d-422a-b9c4-098da713ec70,Deposit_Account,Yes,2024-07-23,,1,1,1,,1,1,,1,,,Yes,,Gombe,,sha01
93957efe-6b0e-4d62-80d2-3eb49bf96694,Deposit_Account,Yes,2024-07-23,,1,1,1,,1,1,1,1,,,Yes,,Gombe,,akk04
57bd20a6-b377-49b1-aac6-46c58e56787d,Deposit_Account,Yes,2024-07-23,,1,1,1,,1,1,1,1,,,Yes,,Gombe,,akk04
daf8d2cb-8ec2-445c-9d63-d5deaf8fefd7,Deposit_Account,Yes,2024-07-23,,1,1,1,,1,1,1,1,,,Yes,,Gombe,,akk04
88b6f327-1b83-40d1-a6c3-dea465c71359,Deposit_Account,Yes,2024-07-23,,1,1,1,,1,1,1,1,,,Yes,,Gombe,,akk04
d62fb35f-0202-482b-a1ab-54fef1502eb5,Deposit_Account,Yes,2024-07-23,,1,1,1,,1,1,1,1,,,Yes,,Gombe,,akk04
d3a78008-6012-4d84-be15-b5838b715b24,Deposit_Account,Yes,2024-07-23,,1,1,1,,1,1,1,1,,,Yes,,Gombe,,akk04
8b905d3c-c104-48e6-8b26-f5f7b272c3ba,Deposit_Account,Yes,2024-07-23,,1,1,1,,1,1,1,1,,,Yes,,Gombe,,akk04
c37db058-53d7-44a3-922a-50723f01f563,Deposit_Account,Yes,2024-07-23,,1,1,1,,1,1,1,1,,,Yes,,Gombe,,akk04
6784383d-bb11-4430-a5bd-28dd6a84b129,Deposit_Account,Yes,2024-07-23,,1,1,1,,1,1,1,1,,,Yes,,Gombe,,akk04
f18782bc-b6a6-4110-bc81-ca47cb058750,Deposit_Account,Yes,2024-07-23,,1,1,1,,1,1,1,1,,,Yes,,Gombe,,akk04
e52c22ac-a8fe-4aa9-840d-5c91998cbe15,Deposit_Account,Yes,2024-07-23,,1,1,1,,1,1,1,1,,,Yes,,Gombe,,akk04
02cc38a5-cda0-4baa-bc78-157deb569755,Deposit_Account,Yes,2024-07-23,,1,1,1,,1,1,1,1,,,Yes,,Gombe,,akk04
499db7b1-e8c3-4773-a3b0-84f49e4b97ae,Deposit_Account,Yes,2024-07-23,,1,1,1,,1,1,1,1,,,Yes,,Gombe,,akk04
5cacf0d0-bf2a-419d-992a-51539d98b741,Deposit_Account,Yes,2024-07-23,,1,1,1,,1,1,,1,,,Yes,,Gombe,,sha01
2f6db075-be90-4bb4-944b-d307f45e2b95,Deposit_Account,Yes,2024-07-23,,1,1,1,,1,1,1,1,,,Yes,,Gombe,,akk04
a5fd0bc9-3acd-4f92-adf9-7f47546b96c0,Deposit_Account,Yes,2024-07-23,,1,1,1,,1,1,,1,,,Yes,,Gombe,,sha01
33967be3-a81b-4c6f-b267-6c0a260a520c,Deposit_Account,Yes,2024-07-23,,1,1,1,,1,1,1,1,,,Yes,,Gombe,,akk04
9d2fed15-b679-4ea9-a1e9-a17bb64dca39,Deposit_Account,Yes,2024-07-23,,1,1,1,,1,1,1,1,,,Yes,,Gombe,,akk04
8c215ab6-673e-4050-911b-f15209ef961a,Deposit_Account,Yes,2024-07-23,,1,1,1,,1,1,1,1,,,Yes,,Gombe,,akk04
bdf15b87-69c5-4b3a-82f5-8a02de6bb63b,Deposit_Account,Yes,2024-07-23,,1,1,1,,1,1,1,1,,,Yes,,Gombe,,akk04
168ec043-0557-441b-8b70-abf4467a0cc0,Deposit_Account,Yes,2024-07-23,,1,1,1,,1,1,1,1,,,Yes,,Gombe,,akk04
e4424db0-1ddd-4046-8218-0b38610965b1,Deposit_Account,Yes,2024-07-23,,1,1,1,,1,1,,1,,,Yes,,Gombe,,sha01
72a81d04-802a-4fff-a6e8-7e6a2f909980,Deposit_Account,Yes,2024-07-23,,1,1,1,,1,1,1,1,,,Yes,,Gombe,,akk04
89ebe944-e613-43c4-bc71-8b2a1d432548,Deposit_Account,Yes,2024-07-23,,1,1,1,,1,1,1,1,,,Yes,,Gombe,,akk04
837c934e-82fc-4477-a597-c170519790c4,Deposit_Account,Yes,2024-07-23,,1,1,1,,1,1,,1,,,Yes,,Gombe,,sha01
a38d9ca2-66f5-4552-aadf-1f6cb4066fa4,Deposit_Account,Yes,2024-07-23,,1,1,1,,1,1,1,1,,,Yes,,Gombe,,akk04
3db3a93f-2668-43c0-85d2-1029006bb662,Deposit_Account,Yes,2024-07-23,,1,1,1,,1,1,,1,,,Yes,,Gombe,,sha01
517d1268-1c73-4f6c-abe5-f1703a5a45f4,Deposit_Account,Yes,2024-08-23,,1,1,1,,1,1,1,1,,,Yes,,Gombe,,akk04
56740a0b-bc4d-41ce-82fb-a70db3874fda,Deposit_Account,Yes,2024-07-23,,1,1,1,,1,1,1,1,,,Yes,,Gombe,,akk04
59ae6b12-5b3d-4d20-a88d-8d882e7db1da,Deposit_Account,Yes,2024-07-23,,1,1,1,,1,1,,1,,,Yes,,Gombe,,sha01
8354ac0f-6f67-4c8f-a34c-87388c7136ce,Deposit_Account,Yes,2024-07-23,,1,1,1,,1,1,1,1,,,Yes,,Gombe,,akk04
825c1e86-6e04-4ffb-a784-4f4ef3f57b05,Deposit_Account,Yes,2024-07-23,,1,1,1,,1,1,,1,,,Yes,,Gombe,,sha01
9fe0aaa2-187e-4fab-9939-5307f1d0d361,Deposit_Account,Yes,2024-07-23,,1,1,1,,1,1,1,1,,,Yes,,Gombe,,akk04
d18cea09-0239-4e65-99e9-ba56ac53c7ef,Deposit_Account,Yes,2024-07-23,,1,1,1,,1,1,1,1,,,Yes,,Gombe,,akk04
516b2501-fdfa-402a-a59e-b2509dd92e90,Deposit_Account,Yes,2024-07-23,,1,1,1,,1,1,,1,,,Yes,,Gombe,,sha01
ecba9652-0f70-43fc-bd3f-00a8e45f6a80,Deposit_Account,Yes,2024-07-23,,1,1,1,,1,1,1,1,,,Yes,,Gombe,,akk05
d38fb755-fbc6-4e82-9459-ba5d4e6b373e,Deposit_Account,Yes,2024-07-23,,1,1,1,,1,1,1,1,,,Yes,,Gombe,,akk05
0570e9ff-8159-46c3-a21e-5a7d82ee57af,Deposit_Account,Yes,2024-07-23,,1,1,1,,1,1,1,1,,,Yes,,Gombe,,akk05
ba9c9d73-4d89-46a2-ab5d-7635745b274d,Deposit_Account,Yes,2024-07-23,,1,1,1,,1,1,1,1,,,Yes,,Gombe,,akk05
4b627413-7c9f-4c62-87ea-22f18ee8e04f,Deposit_Account,Yes,2024-07-23,,1,1,1,,1,1,1,1,,,Yes,,Gombe,,akk05
08f36936-4b25-4cdb-9dd8-fd19336faecf,Deposit_Account,Yes,2024-07-23,,1,1,1,,1,1,1,1,,,Yes,,Gombe,,akk05
e6a79f93-5b77-4527-ba69-2f52cd2c39ad,Deposit_Account,Yes,2024-07-23,,1,1,1,,1,1,1,1,,,Yes,,Gombe,,akk05
5bf4b301-cf6f-4f10-bd4d-d4f09aeefbc9,Deposit_Account,Yes,2024-07-23,,1,1,1,,1,1,1,1,,,Yes,,Gombe,,akk05
293b6e9f-2e6f-4597-8149-a03867846849,Deposit_Account,Yes,2024-07-23,,1,1,1,,1,1,1,1,,,Yes,,Gombe,,akk05
c28d81c6-5598-4b78-91a2-a9f2728a9c36,Deposit_Account,Yes,2024-07-23,,1,1,1,,1,1,1,1,,,Yes,,Gombe,,akk05
24a2b803-7e21-43ee-9745-c1e019440aca,Deposit_Account,Yes,2024-07-23,,1,1,1,,1,1,1,1,,,Yes,,Gombe,,akk05
17a3f998-2c5b-47e9-8649-f19c9b4cda49,Deposit_Account,Yes,2024-07-23,,1,1,1,,1,1,1,1,,,Yes,,Gombe,,akk05
384be5eb-2dcf-431b-8055-677556068516,Deposit_Account,Yes,2024-07-23,,1,1,1,,1,1,1,1,,,Yes,,Gombe,,akk05
96258b43-1c3a-4a2f-b896-5da26eb8adb6,Deposit_Account,Yes,2024-07-23,,1,1,1,,1,1,1,1,,,Yes,,Gombe,,akk05
0757a5ef-c5f8-40ab-bc29-35cd0cfebf12,Deposit_Account,Yes,2024-07-23,,1,1,1,,1,1,1,1,,,Yes,,Gombe,,akk05
b4ad7f55-fae0-4a93-9ee7-b66350a744c3,Deposit_Account,Yes,2024-07-23,,1,1,1,,1,1,1,1,,,Yes,,Gombe,,akk05
222bc280-90ab-46c2-a639-6d1cea875d4d,Deposit_Account,Yes,2024-07-23,,1,1,1,,1,1,1,1,,,Yes,,Gombe,,akk05
92e6acc8-14d5-4f1c-8500-38c8665e8800,Deposit_Account,Yes,2024-07-23,,1,1,1,,1,1,1,1,,,Yes,,Gombe,,akk05
90912647-3c08-472c-bba1-372f59732007,Deposit_Account,Yes,2024-07-23,,1,1,1,,1,1,1,1,,,Yes,,Gombe,,akk05
e0931ccc-ab85-4f66-929a-247cef1bc53f,Deposit_Account,Yes,2024-07-23,,1,1,1,,1,1,1,1,,,Yes,,Gombe,,akk05
978098fb-6e16-4459-a993-49a0c239ad40,Deposit_Account,Yes,2024-07-23,,1,1,1,,1,1,1,1,,,Yes,,Gombe,,akk05
4f41d711-91a7-495b-95fc-aed71de40671,Deposit_Account,Yes,2024-07-23,,1,1,1,,1,1,1,1,,,Yes,,Gombe,,akk05
e6a33923-2b23-44d9-a492-764a08f39739,Deposit_Account,Yes,2024-07-23,,1,1,1,,1,1,1,1,,,Yes,,Gombe,,akk05
9fe01344-cf08-4d4f-9a4a-058db7a615ff,Deposit_Account,Yes,2024-07-23,,1,1,1,,1,1,1,1,,,Yes,,Gombe,,akk05
5231405a-c6d9-4066-af34-3b141bd141df,Deposit_Account,Yes,2024-07-23,,1,1,1,,1,1,1,1,,,Yes,,Gombe,,akk05
8852dc07-3bda-4808-90c9-5de9ddbaca48,Deposit_Account,Yes,2024-07-23,,1,1,1,,1,1,1,1,,,Yes,,Gombe,,akk05
d5117d2a-39d0-464d-a30e-266868c950a1,Deposit_Account,Yes,2024-07-23,,1,1,1,,1,1,1,1,,,Yes,,Gombe,,akk05
b7e6ba8e-ff0e-4521-8949-2f1e3c7247b7,Deposit_Account,Yes,2024-07-23,,1,1,1,,1,1,1,1,,,Yes,,Gombe,,akk05
d185fe0b-4064-4916-be9c-0feee8330bac,Deposit_Account,Yes,2024-07-23,,1,1,1,,1,1,1,1,,,Yes,,Gombe,,akk05
62bdc413-8125-4904-93d7-9e7b8d8d1e48,Deposit_Account,Yes,2024-07-23,,1,1,1,,1,1,1,1,,,Yes,,Gombe,,akk05
d30c3c3f-819a-4e39-8d3a-71b3bbcf48a9,Deposit_Account,Yes,2024-07-23,,1,1,1,,1,1,1,1,,,Yes,,Gombe,,akk06
49428977-cfec-4393-9bca-167c296139c1,Deposit_Account,Yes,2024-07-23,,1,1,1,,1,1,1,1,,,Yes,,Gombe,,akk06
fc11d55e-5a7d-41c0-bbd1-1bb78410bf42,Deposit_Account,Yes,2024-07-23,,1,1,1,,1,1,1,1,,,Yes,,Gombe,,akk06
be67809d-fcee-4135-97fb-2f4e8edf3115,Deposit_Account,Yes,2024-06-23,,1,1,1,,1,1,1,1,,,Yes,,Jigawa,,tau23
8ea65c29-e628-49f0-8428-88d4978771b4,Deposit_Account,Yes,2024-07-23,,1,1,1,,1,1,1,1,,,Yes,,Jigawa,,tau23
92b497d8-3ab9-4918-b952-5c7a018e8a28,Deposit_Account,Yes,2024-06-23,,1,1,1,,1,1,1,1,,,Yes,,Jigawa,,tau23
12e0dd8a-f37a-4145-9b7f-ad8a7a6a8c9b,Deposit_Account,Yes,2024-07-23,,1,1,1,,1,1,1,1,,,Yes,,Gombe,,akk06
3c8aeba5-35b6-4d3e-ba73-28f0358411a4,Deposit_Account,Yes,2024-07-23,,1,1,1,,1,1,1,1,,,Yes,,Gombe,,akk06
a1f5f570-71a6-444f-8cf9-82115dbe07f5,Deposit_Account,Yes,2024-07-23,,1,1,1,,1,1,1,1,,,Yes,,Gombe,,akk06
586da338-7b76-42b1-8f78-77adf011ef2a,Deposit_Account,Yes,2024-07-23,,1,1,1,,1,1,1,1,,,Yes,,Gombe,,akk06
5f425e25-0d04-4067-a172-ce3c8d9e0de2,Deposit_Account,Yes,2024-07-23,,1,1,1,,1,1,1,1,,,Yes,,Gombe,,akk06
191942d1-3b87-45b1-a154-6dd4ac87cd84,Deposit_Account,Yes,2024-07-23,,1,1,1,,1,1,1,1,,,Yes,,Gombe,,akk06
0cb473a3-2d30-41c0-b722-6c4c9cca14e2,Deposit_Account,Yes,2024-07-23,,1,1,1,,1,1,1,1,,,Yes,,Gombe,,akk06
8226ace2-073f-41de-851e-bd8435cf7ea4,Deposit_Account,Yes,2024-07-23,,1,1,1,,1,1,1,1,,,Yes,,Gombe,,akk06
20c22870-7b0e-42ba-9691-ccec5cfc4ead,Deposit_Account,Yes,2024-07-23,,1,1,1,,1,1,1,1,,,Yes,,Gombe,,akk06
70079957-b588-4ba7-80a8-abdb6c099b22,Deposit_Account,Yes,2024-07-23,,1,1,1,,1,1,1,1,,,Yes,,Gombe,,akk06
c447235b-3904-41ef-8f58-bf1802e088bd,Deposit_Account,Yes,2024-07-23,,1,1,1,,1,1,1,1,,,Yes,,Gombe,,akk06
19d3c56d-e116-49f5-a83a-451ba7e6b1e2,Deposit_Account,Yes,2024-07-23,,1,1,1,,1,1,1,1,,,Yes,,Gombe,,akk06
0fcb50dd-5c4d-4f79-8134-dd19cf4048b7,Deposit_Account,Yes,2024-07-23,,1,1,1,,1,1,1,1,,,Yes,,Gombe,,akk06
7d12d360-12c8-4cf8-bbd7-905047a305ef,Deposit_Account,Yes,2024-07-23,,1,1,1,,1,1,1,1,,,Yes,,Gombe,,akk06
146030d2-5686-489a-abcd-63bd3af61248,Deposit_Account,Yes,2024-07-23,,1,1,1,,1,1,1,1,,,Yes,,Gombe,,akk06
8ce74f01-8393-4cd7-9fe7-5072c347e32e,Deposit_Account,Yes,2024-07-23,,1,1,1,,1,1,1,1,,,Yes,,Gombe,,akk06
de4e1482-7737-4bb4-b04f-2a7ecf790be8,Deposit_Account,Yes,2024-07-23,,1,1,1,,1,1,1,1,,,Yes,,Gombe,,akk06
a1179171-983d-4b1f-a608-8bf88639001f,Deposit_Account,Yes,2024-07-23,,1,1,1,,1,1,1,1,,,Yes,,Gombe,,akk06
3b3e99a7-2132-4c00-a1fa-dbb241d77271,Deposit_Account,Yes,2024-07-23,,1,1,1,,1,1,1,1,,,Yes,,Gombe,,akk06
1abd71d6-779c-4529-ae5e-6380ed4d789f,Deposit_Account,Yes,2024-07-23,,1,1,1,,1,1,1,1,,,Yes,,Gombe,,akk06
3750f03f-0c03-4bf4-b3df-1646807b4b2d,Deposit_Account,Yes,2024-07-23,,1,1,1,,1,1,1,1,,,Yes,,Gombe,,akk06
80838531-8b78-4601-8881-9736434db335,Deposit_Account,Yes,2024-07-23,,1,1,1,,1,1,1,1,,,Yes,,Gombe,,akk06
9fcecfa9-2751-425f-b469-7c330153e41b,Deposit_Account,Yes,2024-07-23,,1,1,1,,1,1,1,1,,,Yes,,Gombe,,akk06
be8be0a2-b733-4baf-a756-5fef51cc12b6,Deposit_Account,Yes,2024-07-23,,1,1,1,,1,1,1,1,,,Yes,,Gombe,,akk06
bad463d6-bdf1-4e1c-8915-2be5e6a331c8,Deposit_Account,Yes,2024-07-23,,1,1,1,,1,1,1,1,,,Yes,,Gombe,,akk06
d1d7ad6d-e830-43cb-bff6-7c2d8e4518e7,Deposit_Account,Yes,2024-07-23,,1,1,1,,1,1,1,1,,,Yes,,Gombe,,akk06
0d41bea3-8b88-4b70-bbd8-9c72761a63c0,Deposit_Account,Yes,2024-07-23,,1,1,1,,1,1,1,1,,,Yes,,Gombe,,akk06
4b5579f9-9761-41b2-b8cf-39b3bc7f02b4,Deposit_Account,Yes,2024-07-23,,1,1,1,,1,1,1,1,,,Yes,,Bauchi,,alk01
b77772bc-260c-4f58-9284-92ff3b37120e,Deposit_Account,Yes,2024-07-23,,1,1,1,,1,1,1,1,,,Yes,,Bauchi,,alk01
792469cd-9175-466f-8da8-f63f188d4919,Deposit_Account,Yes,2024-07-23,,1,1,1,,1,1,1,1,,,Yes,,Bauchi,,alk01
9c7b3b61-5255-46e0-9092-80de3ac03b51,Deposit_Account,Yes,2024-07-23,,1,1,1,,1,1,1,1,,,Yes,,Bauchi,,alk01
36520f89-b243-4f28-a003-65f033b30dc7,Deposit_Account,Yes,2024-07-23,,1,1,1,,1,1,1,1,,,Yes,,Bauchi,,alk01
a1eccab7-5ea5-4175-bea0-adf5d004d6f0,Deposit_Account,Yes,2024-07-23,,1,1,1,,1,1,1,1,,,Yes,,Bauchi,,alk01
0c58060e-0ba8-4b19-8bcb-f5eab03c14cd,Deposit_Account,Yes,2024-07-23,,1,1,1,,1,1,1,1,,,Yes,,Bauchi,,alk01
9c2b98e1-5e54-4f01-b040-064a301d06c7,Deposit_Account,Yes,2024-07-23,,1,1,1,,1,1,1,1,,,Yes,,Bauchi,,alk01
ea579758-2e65-42ed-a8bc-07322c700f6a,Deposit_Account,Yes,2024-07-23,,1,1,1,,1,1,1,1,,,Yes,,Bauchi,,alk01
16ad8385-f396-4f1e-b195-2f844dcc4fdb,Deposit_Account,Yes,2024-07-23,,1,1,1,,1,1,1,1,,,Yes,,Bauchi,,alk01
c13d5fc8-63ce-464b-b35a-da1deeefcdc2,Deposit_Account,Yes,2024-07-23,,1,1,1,,1,1,1,1,,,Yes,,Bauchi,,alk01
ec809495-88e6-4fa2-9ad4-c1278cb2f1f7,Deposit_Account,Yes,2024-07-23,,1,1,1,,1,1,1,1,,,Yes,,Bauchi,,alk01
37a1f8cd-7372-4009-95db-6e9c93699e32,Deposit_Account,Yes,2024-07-23,,1,1,1,,1,1,1,1,,,Yes,,Bauchi,,alk01
bebc879b-c492-4233-88ef-5e27c4feff61,Deposit_Account,Yes,2024-07-23,,1,1,1,,1,1,1,1,,,Yes,,Bauchi,,alk01
6bd1b64c-1d62-48b4-b0c3-c972730a16f7,Deposit_Account,Yes,2024-07-23,,1,1,1,,1,1,1,1,,,Yes,,Bauchi,,alk01
d993fb97-4af9-467e-bae2-367fc6b58cba,Deposit_Account,Yes,2024-07-23,,1,1,1,,1,1,1,1,,,Yes,,Bauchi,,alk01
a762c653-ef18-4bcc-9ffc-96cb5b4e3923,Deposit_Account,Yes,2024-07-23,,1,1,1,,1,1,1,1,,,Yes,,Bauchi,,alk01
1b6edfe1-e012-47f5-9635-d4a0c9d1e9da,Deposit_Account,Yes,2024-07-23,,1,1,1,,1,1,1,1,,,Yes,,Bauchi,,alk01
de2f5957-3f49-46d0-ae98-6a919809489e,Deposit_Account,Yes,2024-07-23,,1,1,1,,1,1,1,1,,,Yes,,Bauchi,,alk01
453a5553-e531-4e2d-b026-d42b99d141fb,Deposit_Account,Yes,2024-07-23,,1,1,1,,1,1,1,1,,,Yes,,Bauchi,,alk01
9a3b3d1f-9ca0-48b6-bbe6-99fc38b9f7e4,Deposit_Account,Yes,2024-07-23,,1,1,1,,1,1,1,1,,,Yes,,Bauchi,,alk01
700e834f-e9f3-4b9f-b605-b9ab0ad3e1bb,Deposit_Account,Yes,2024-07-23,,1,1,1,,1,1,1,1,,,Yes,,Bauchi,,alk01
681edf17-f42f-460c-b055-2cbbf74baaa8,Deposit_Account,Yes,2024-07-23,,1,1,1,,1,1,1,1,,,Yes,,Bauchi,,alk01
bcc8c740-2c9c-45d2-82a3-0ae928747bd0,Deposit_Account,Yes,2024-07-23,,1,1,1,,1,1,1,1,,,Yes,,Bauchi,,alk01
6514e345-77cf-4204-8a7d-9e08cbeb83e7,Deposit_Account,Yes,2024-07-23,,1,1,1,,1,1,1,1,,,Yes,,Bauchi,,alk01
2aafe8e3-b2cc-46a6-b869-98bf3a3228f5,Deposit_Account,Yes,2024-07-23,,1,1,1,,1,1,1,1,,,Yes,,Bauchi,,alk01
11403ffb-6542-4ec9-9b8c-e12a854767a9,Deposit_Account,Yes,2024-07-23,,1,1,1,,1,1,1,1,,,Yes,,Bauchi,,alk01
e6172e4a-cb75-4c42-9238-176dcab06cf6,Deposit_Account,Yes,2024-07-23,,1,1,1,,1,1,1,1,,,Yes,,Bauchi,,alk01
c12c3228-9259-401e-a727-93a70e28dee3,Deposit_Account,Yes,2024-07-23,,1,1,1,,1,1,1,1,,,Yes,,Bauchi,,alk01
58e5c776-5a00-4dd3-b19d-e179a5ac1792,Deposit_Account,Yes,2024-07-23,,1,1,1,,1,1,1,1,,,Yes,,Bauchi,,alk01
9f80d735-c67a-4588-ac74-ab997b8f9b5a,Deposit_Account,Yes,2024-07-23,,1,1,1,,1,1,1,1,,,Yes,,Bauchi,,alk01
6279dd6e-c26e-4780-ac41-1df96727c88c,Deposit_Account,Yes,2024-07-23,,1,1,1,,1,1,1,1,,,Yes,,Bauchi,,alk02
5a0dd1e8-a8b1-4c15-950b-8430be1a81e0,Deposit_Account,Yes,2024-07-23,,1,1,1,,1,1,1,1,,,Yes,,Bauchi,,alk02
6c93581f-ccf9-4046-9b34-9f3eb8f0a0fa,Deposit_Account,Yes,2024-07-23,,1,1,1,,1,1,1,1,,,Yes,,Bauchi,,alk02
9785e6d1-8013-47ef-b08c-35acdad616c7,Deposit_Account,Yes,2024-07-23,,1,1,1,,1,1,1,1,,,Yes,,Bauchi,,alk02
3338a31b-372d-4abf-9cb0-fe81f61cf5c4,Deposit_Account,Yes,2024-07-23,,1,1,1,,1,1,1,1,,,Yes,,Bauchi,,alk02
0642bd44-8021-4318-ae10-3a35bc9e295e,Deposit_Account,Yes,2024-07-23,,1,1,1,,1,1,1,1,,,Yes,,Bauchi,,alk02
db759729-b767-4111-ab1a-bc6970323031,Deposit_Account,Yes,2024-07-23,,1,1,1,,1,1,1,1,,,Yes,,Bauchi,,alk02
5ebb5408-9d39-49cc-b83d-932b8e48512b,Deposit_Account,Yes,2024-07-23,,1,1,1,,1,1,1,1,,,Yes,,Bauchi,,alk02
cd2afc4b-6973-472c-a978-40adb44797c9,Deposit_Account,Yes,2024-07-23,,1,1,1,,1,1,1,1,,,Yes,,Bauchi,,alk02
d9b13931-248c-432d-8e8f-7dc7103f8e99,Deposit_Account,Yes,2024-07-23,,1,1,1,,1,1,1,1,,,Yes,,Bauchi,,alk02
93c17478-c748-4955-bf9c-119b013be66a,Deposit_Account,Yes,2024-07-23,,1,1,1,,1,1,,1,,,Yes,,Gombe,,sha01
32af678a-162c-455d-9ad1-170b78af6117,Deposit_Account,Yes,2024-07-23,,1,1,1,,1,1,,1,,,Yes,,Gombe,,sha01
b941e289-cbcb-483c-9ae9-b5f080b69743,Deposit_Account,Yes,2024-07-23,,1,1,1,,1,1,,1,,,Yes,,Gombe,,sha01
5f9e16e4-a47c-48c9-8d4d-b0700548a84f,Deposit_Account,Yes,2024-07-23,,1,1,1,,1,1,,1,,,Yes,,Gombe,,sha01
12d20d36-5751-4287-89b3-805451572e63,Deposit_Account,Yes,2024-07-23,,1,1,1,,1,1,,1,,,Yes,,Gombe,,sha01
a3d5a5bb-20c7-41a9-a0fe-170757ebda9d,Deposit_Account,Yes,2024-07-23,,1,1,1,,1,1,,1,,,Yes,,Gombe,,sha01
344c43af-a583-4785-8bd4-4288b015e627,Deposit_Account,Yes,2024-07-23,,1,1,1,,1,1,,1,,,Yes,,Gombe,,sha01
d5863d2e-073e-460c-988d-85cf14434133,Deposit_Account,Yes,2024-07-23,,1,1,1,,1,1,,1,,,Yes,,Gombe,,sha01
fbf85557-32c8-4231-9e43-879aea9305b4,Deposit_Account,Yes,2024-07-23,,1,1,1,,1,1,,1,,,Yes,,Gombe,,sha01
df1967a0-28d7-4736-bc08-cf0b1ee9f20a,Deposit_Account,Yes,2024-07-23,,1,1,1,,1,1,,1,,,Yes,,Gombe,,sha01
382e9e17-7822-4df3-864a-e1a030acc8f3,Deposit_Account,Yes,2024-07-23,,1,1,1,,1,1,,1,,,Yes,,Jigawa,,rin18
3e2624a0-f911-4b5f-ba3a-c6d50735024b,Deposit_Account,Yes,2024-07-23,,1,1,1,,1,1,,1,,,Yes,,Jigawa,,rin18
5c2e5c44-83d7-4093-800d-ee754c757513,Deposit_Account,Yes,2024-07-23,,1,1,1,,1,1,,1,,,Yes,,Jigawa,,rin18
69244417-26a5-4654-b488-af4063531720,Deposit_Account,Yes,2024-07-23,,1,1,1,,1,1,,1,,,Yes,,Jigawa,,rin18
114a77c1-fc99-4557-945a-7a1bed9e796f,Deposit_Account,Yes,2024-07-23,,1,1,1,,1,1,,1,,,Yes,,Gombe,,sha01
37fb0f8b-a4cd-4d9d-b92e-feeb2afaad78,Deposit_Account,Yes,2024-07-23,,1,1,1,,1,1,,1,,,Yes,,Jigawa,,rin18
5ce06b53-02bc-4f51-9168-775771a9aad7,Deposit_Account,Yes,2024-07-23,,1,1,1,,1,1,,1,,,Yes,,Gombe,,sha01
e480f32e-1579-4628-9d3f-22d0af059a6c,Deposit_Account,Yes,2024-07-23,,1,1,1,,1,1,,1,,,Yes,,Jigawa,,rin18
aaed4654-7313-40cc-b722-9db094aeb0a4,Deposit_Account,Yes,2024-07-23,,1,1,1,,1,1,,1,,,Yes,,Gombe,,sha01
2a6e063d-18fb-4059-ac9f-683fa6f22a64,Deposit_Account,Yes,2024-07-23,,1,1,1,,1,1,1,1,,,Yes,,Jigawa,,tau23
dbc55d14-81aa-404f-8fff-ebbfd9b99713,Deposit_Account,Yes,2024-07-23,,1,1,1,,1,1,1,1,,,Yes,,Jigawa,,tau23
c1370d43-66ae-4ef6-a123-a3ddd0743d8e,Deposit_Account,Yes,2024-07-23,,1,1,1,,1,1,1,1,,,Yes,,Jigawa,,tau23
d4b568db-8591-4567-aa20-a2d5fb245709,Deposit_Account,Yes,2024-07-23,,1,1,1,,1,1,,1,,,Yes,,Gombe,,sha01
379743b7-0f5e-4b6b-93d6-4107417bd253,Deposit_Account,Yes,2024-07-23,,1,1,1,,1,1,,1,,,Yes,,Jigawa,,rin18
3b812dd2-5551-4342-a474-bc6eb43e3bba,Deposit_Account,Yes,2024-07-23,,1,1,1,,1,1,1,1,,,Yes,,Jigawa,,tau23
87eb9b42-8deb-4f3f-ae8b-9b77e3ad195b,Deposit_Account,Yes,2024-07-23,,1,1,1,,1,1,,1,,,Yes,,Jigawa,,rin18
b0ef758f-aa8f-4422-855b-27e918e6930c,Deposit_Account,Yes,2024-07-23,,1,1,1,,1,1,,1,,,Yes,,Jigawa,,rin18
3c738217-5592-40df-b8d4-9c33bf5a27f4,Deposit_Account,Yes,2024-07-23,,1,1,1,,1,1,,1,,,Yes,,Gombe,,sha01
582b06e0-e896-4f9a-8f03-ac916bbfbb67,Deposit_Account,Yes,2024-07-23,,1,1,1,,1,1,1,1,,,Yes,,Jigawa,,tau23
06a34cd8-eaff-4f6b-9ef8-e5b569ac3831,Deposit_Account,Yes,2024-07-23,,1,1,1,,1,1,,1,,,Yes,,Gombe,,sha01
32963c5e-5723-4075-b28b-343a2d595b83,Deposit_Account,Yes,2024-07-23,,1,1,1,,1,1,,1,,,Yes,,Jigawa,,rin18
3c1099d6-f135-46ad-8ac3-a05dad25978a,Deposit_Account,Yes,2024-07-23,,1,1,1,,1,1,1,1,,,Yes,,Jigawa,,tau23
360824f3-38a4-4ea3-bee8-1629389e1acb,Deposit_Account,Yes,2024-07-23,,1,1,1,,1,1,1,1,,,Yes,,Jigawa,,tau23
0fa1b713-30ba-41f4-b98d-8d3e45f9dcf5,Deposit_Account,Yes,2024-07-23,,1,1,1,,1,1,,1,,,Yes,,Jigawa,,rin18
a3bfa701-5226-4986-80e0-cf5bf585c4a5,Deposit_Account,Yes,2024-07-23,,1,1,1,,1,1,,1,,,Yes,,Jigawa,,rin18
8d854a6f-46e1-4cf9-92f3-0af2e5edd3bf,Deposit_Account,Yes,2024-07-23,,1,1,1,,1,1,1,1,,,Yes,,Jigawa,,tau23
52de1ad4-a0cd-49e5-a9d6-c4542411fb4e,Deposit_Account,Yes,2024-07-23,,1,1,1,,1,1,,1,,,Yes,,Gombe,,sha01
66658d90-2bc1-4fef-9bdc-5b66254fdbf1,Deposit_Account,Yes,2024-07-23,,1,1,1,,1,1,,1,,,Yes,,Jigawa,,rin18
3b6f14a7-8058-4ad0-824a-23c8f1951030,Deposit_Account,Yes,2024-07-23,,1,1,1,,1,1,,1,,,Yes,,Gombe,,sha01
268b3e70-f0fd-4124-81bc-80207ae3132b,Deposit_Account,Yes,2024-07-23,,1,1,1,,1,1,1,1,,,Yes,,Jigawa,,tau23
25911e34-d5d2-427d-bd9c-21f6b0310cd5,Deposit_Account,Yes,2024-07-23,,1,1,1,,1,1,,1,,,Yes,,Gombe,,sha01
74cfa458-7ac3-4053-b3fe-7c4e40a335f6,Deposit_Account,Yes,2024-07-23,,1,1,1,,1,1,1,1,,,Yes,,Jigawa,,tau23
ed278212-9fa6-490f-846c-3afc073daccd,Deposit_Account,Yes,2024-07-23,,1,1,1,,1,1,,1,,,Yes,,Gombe,,sha01
91fee118-b5b7-44b3-8287-d6dde2ee1824,Deposit_Account,Yes,2024-07-23,,1,1,1,,1,1,,1,,,Yes,,Jigawa,,rin18
2d1dba97-3f8f-4338-841a-74a898ca4216,Deposit_Account,Yes,2024-07-23,,1,1,1,,1,1,,1,,,Yes,,Jigawa,,rin18
6e3d8bfb-2e2f-4fba-82df-57ceca4f9b43,Deposit_Account,Yes,2024-07-23,,1,1,1,,1,1,,1,,,Yes,,Jigawa,,rin18
82d0e050-7ce1-40cb-9445-ab2eebc917b2,Deposit_Account,Yes,2024-07-23,,1,1,1,,1,1,,1,,,Yes,,Jigawa,,rin18
d40573b9-fb23-436e-99bd-3c1baf82c56e,Deposit_Account,Yes,2024-07-23,,1,1,1,,1,1,,1,,,Yes,,Jigawa,,rin18
c6e5473a-f10c-4f39-b5a3-169dbdb56690,Deposit_Account,Yes,2024-07-23,,1,1,1,,1,1,,1,,,Yes,,Gombe,,sha01
43200859-4a50-4619-8141-e946aa9129e1,Deposit_Account,Yes,2024-07-23,,1,1,1,,1,1,,1,,,Yes,,Jigawa,,rin18
1aac7e9f-1952-419e-bfa8-c9cd121a3ab1,Deposit_Account,Yes,2024-07-23,,1,1,1,,1,1,,1,,,Yes,,Gombe,,sha01
8b0d3e8c-9d0f-4f84-b298-9aea04338229,Deposit_Account,Yes,2024-07-23,,1,1,1,,1,1,,1,,,Yes,,Jigawa,,rin18
402202b5-4d8d-49c4-9df2-1159a2974280,Deposit_Account,Yes,2024-07-23,,1,1,1,,1,1,,1,,,Yes,,Gombe,,sha01
6218e641-353b-4c2c-898b-3962a69cd391,Deposit_Account,Yes,2024-07-23,,1,1,1,,1,1,,1,,,Yes,,Jigawa,,rin18
5b031927-2cc5-4e49-a060-f535f76c5811,Deposit_Account,Yes,2024-07-23,,1,1,1,,1,1,,1,,,Yes,,Gombe,,sha01
d3a49983-f441-402b-8949-b801e6bb4576,Deposit_Account,Yes,2024-07-23,,1,1,1,,1,1,,1,,,Yes,,Jigawa,,rin18
eb69a660-6c3d-4579-91a8-2a243af8d128,Deposit_Account,Yes,2024-07-23,,1,1,1,,1,1,,1,,,Yes,,Jigawa,,rin18
c12d1644-e79d-4967-b582-9a2ce2007482,Deposit_Account,Yes,2024-07-23,,1,1,1,,1,1,,1,,,Yes,,Gombe,,sha01
9e3af3c7-dcbc-4635-a9cf-c67e05444e95,Deposit_Account,Yes,2024-07-23,,1,1,1,,1,1,,1,,,Yes,,Gombe,,sha01
a98b6709-ccc8-43a5-a7f7-2c1e60a4c65a,Deposit_Account,Yes,2024-07-23,,1,1,1,,1,1,,1,,,Yes,,Gombe,,sha01
3fda1276-321e-4960-b26b-f91866e389ef,Deposit_Account,Yes,2024-07-23,,1,1,1,,1,1,,1,,,Yes,,Gombe,,sha01
536b6a2f-823a-4fd5-8728-0ccba7d66223,Deposit_Account,Yes,2024-07-23,,1,1,1,,1,1,,1,,,Yes,,Gombe,,sha01
54b9ae3f-68fc-4733-ac49-ac6ccc3f2af9,Deposit_Account,Yes,2024-07-23,,1,1,1,,1,1,,1,,,Yes,,Gombe,,sha01
dd28695b-15c3-4d86-8b81-4bfe9b4a078a,Deposit_Account,Yes,2024-07-23,,1,1,1,,1,1,,1,,,Yes,,Gombe,,sha01
e3a39f52-7927-4c19-b551-6b87e061eccc,Deposit_Account,Yes,2024-07-23,,1,1,1,,1,1,,1,,,Yes,,Gombe,,sha01
0b694ccf-684b-40f2-9fcf-aeffa6719001,Deposit_Account,Yes,2024-07-23,,1,1,1,,1,1,,1,,,Yes,,Gombe,,sha01
33d40dfb-ffb5-4bc2-b719-d0c1835cc49d,Deposit_Account,Yes,2024-07-23,,1,1,1,,1,1,,1,,,Yes,,Gombe,,sha01
14002e89-6877-430a-bbcc-05842d3b05e5,Deposit_Account,Yes,2024-07-23,,1,1,1,,1,1,,1,,,Yes,,Gombe,,sha01
c194ef2d-00f5-445b-ae93-e33bbf59efa5,Deposit_Account,Yes,2024-07-23,,1,1,1,,1,1,,1,,,Yes,,Gombe,,sha01
957d1384-802c-416d-921c-bddf78a8164d,Deposit_Account,Yes,2024-07-23,,1,1,1,,1,1,,1,,,Yes,,Jigawa,,rin19
e2c43d22-6f1d-4ac2-8083-21a2e53383ca,Deposit_Account,Yes,2024-07-23,,1,1,1,,1,1,,1,,,Yes,,Gombe,,sha01
308aab34-4d06-415d-8663-a941ed2b6b26,Deposit_Account,Yes,2024-07-23,,1,1,1,,1,1,,1,,,Yes,,Jigawa,,rin19
ccba0d58-8517-4f94-94a0-f1d2164709b3,Deposit_Account,Yes,2024-07-23,,1,1,1,,1,1,,1,,,Yes,,Jigawa,,rin19
fb65b4bb-e633-449c-92dd-0ea5f26dfcde,Deposit_Account,Yes,2024-07-23,,1,1,1,,1,1,,1,,,Yes,,Gombe,,sha01
061a9f1c-e1fc-4547-930a-95ff5c90597e,Deposit_Account,Yes,2024-07-23,,1,1,1,,1,1,,1,,,Yes,,Jigawa,,rin19
c6e86e43-5091-4b6e-a816-2195bbaf8c39,Deposit_Account,Yes,2024-07-23,,1,1,1,,1,1,,1,,,Yes,,Gombe,,sha01
a71488cd-04f2-4864-9076-ca89e79065dc,Deposit_Account,Yes,2024-07-23,,1,1,1,,1,1,,1,,,Yes,,Jigawa,,rin19
1e401b9d-0a96-4295-a34d-15c5c1c84e87,Deposit_Account,Yes,2024-07-23,,1,1,1,,1,1,,1,,,Yes,,Jigawa,,rin19
aab90b99-74f9-493e-989a-4f9e2a8a29fd,Deposit_Account,Yes,2024-07-23,,1,1,1,,1,1,,1,,,Yes,,Gombe,,sha01
2ca72922-bb84-44f6-a44c-c990119fa012,Deposit_Account,Yes,2024-07-23,,1,1,1,,1,1,,1,,,Yes,,Jigawa,,rin19
7106b12f-2521-4bb4-971c-c42deb03e7b6,Deposit_Account,Yes,2024-07-23,,1,1,1,,1,1,,1,,,Yes,,Gombe,,sha01
63de1846-3eb3-4049-88d6-6248a972561b,Deposit_Account,Yes,2024-07-23,,1,1,1,,1,1,,1,,,Yes,,Jigawa,,rin19
082f21b1-b6cd-45f4-b101-67b71ea05fa0,Deposit_Account,Yes,2024-07-23,,1,1,1,,1,1,,1,,,Yes,,Jigawa,,rin19
8b3f91c9-6361-4fc9-b7e1-1b3f19bb7c48,Deposit_Account,Yes,2024-07-23,,1,1,1,,1,1,,1,,,Yes,,Gombe,,sha01
08d19c69-bfff-4ec8-99ae-a7ae7d9e11ad,Deposit_Account,Yes,2024-07-23,,1,1,1,,1,1,,1,,,Yes,,Jigawa,,rin19
fa71dc6c-e408-4f8e-a866-f3bbc2622649,Deposit_Account,Yes,2024-07-23,,1,1,1,,1,1,,1,,,Yes,,Gombe,,sha01
15de09ae-bee9-47fd-b8a3-3870bcea3183,Deposit_Account,Yes,2024-07-23,,1,1,1,,1,1,,1,,,Yes,,Jigawa,,rin19
0b7b3e14-e303-4250-8bba-1a9409f15fdd,Deposit_Account,Yes,2024-07-23,,1,1,1,,1,1,,1,,,Yes,,Gombe,,sha01
fc4a8ed2-f0f3-4c54-bc65-89dbda4b3678,Deposit_Account,Yes,2024-07-23,,1,1,1,,1,1,,1,,,Yes,,Jigawa,,rin19
f7db0983-3de8-44cc-8753-ecffff46b32b,Deposit_Account,Yes,2024-07-23,,1,1,1,,1,1,,1,,,Yes,,Jigawa,,rin19
00694ca4-1220-4ca9-90eb-3fa3aa045d18,Deposit_Account,Yes,2024-07-23,,1,1,1,,1,1,,1,,,Yes,,Gombe,,sha01
0441affc-2e0a-4eb9-905b-8a4a51aad372,Deposit_Account,Yes,2024-07-23,,1,1,1,,1,1,,1,,,Yes,,Jigawa,,rin19
21e5db7e-96bf-4229-bbbd-22463a9678d2,Deposit_Account,Yes,2024-07-23,,1,1,1,,1,1,,1,,,Yes,,Jigawa,,rin19
f9e20804-6b27-4308-be7f-cc1b2d583a7c,Deposit_Account,Yes,2024-07-23,,1,1,1,,1,1,,1,,,Yes,,Jigawa,,rin19
d6f9691e-8750-406e-a338-47482d1addcc,Deposit_Account,Yes,2024-07-23,,1,1,1,,1,1,,1,,,Yes,,Gombe,,sha01
f3455b6c-3386-4925-9281-8c634bd41408,Deposit_Account,Yes,2024-07-23,,1,1,1,,1,1,,1,,,Yes,,Jigawa,,rin19
d4c1907a-09dd-4d73-b3d1-a43010caa5b1,Deposit_Account,Yes,2024-07-23,,1,1,1,,1,1,,1,,,Yes,,Gombe,,sha01
11a21d8f-ea0e-4cb5-839e-5594737ffcce,Deposit_Account,Yes,2024-07-23,,1,1,1,,1,1,,1,,,Yes,,Jigawa,,rin19
8604aa87-c680-497f-80f6-52e2f4d95eb5,Deposit_Account,Yes,2024-07-23,,1,1,1,,1,1,,1,,,Yes,,Jigawa,,rin19
b7142c9f-99d8-4931-90f2-3d8647e0badb,Deposit_Account,Yes,2024-07-23,,1,1,1,,1,1,,1,,,Yes,,Gombe,,sha01
f0f1a5f3-aaf9-42e3-a972-2de258aa5460,Deposit_Account,Yes,2024-07-23,,1,1,1,,1,1,,1,,,Yes,,Jigawa,,rin19
92047e0a-5c8d-4e77-a2b0-c2abf72d7a4b,Deposit_Account,Yes,2024-07-23,,1,1,1,,1,1,,1,,,Yes,,Gombe,,sha01
896ce3ec-0724-49ed-99d0-c7f97f9c8636,Deposit_Account,Yes,2024-07-23,,1,1,1,,1,1,,1,,,Yes,,Jigawa,,rin19
c302217e-a4db-4702-982a-d55366b4387e,Deposit_Account,Yes,2024-07-23,,1,1,1,,1,1,,1,,,Yes,,Jigawa,,rin19
90cefa4c-4ee7-4c2a-847c-cbf39d08c1d4,Deposit_Account,Yes,2024-07-23,,1,1,1,,1,1,,1,,,Yes,,Jigawa,,rin19
41d7ac86-a7c6-44a5-8674-8fa54d44d488,Deposit_Account,Yes,2024-07-23,,1,1,1,,1,1,,1,,,Yes,,Gombe,,sha01
f9b176bd-313a-445a-a3c8-9a237cd29cb4,Deposit_Account,Yes,2024-07-23,,1,1,1,,1,1,,1,,,Yes,,Jigawa,,rin19
1a5c7114-11ca-4857-b6d9-4afd7676e04b,Deposit_Account,Yes,2024-07-23,,1,1,1,,1,1,,1,,,Yes,,Gombe,,sha01
af7412f5-56a8-4250-b608-f406c5d728f0,Deposit_Account,Yes,2024-07-23,,1,1,1,,1,1,,1,,,Yes,,Jigawa,,rin19
c353689b-902a-4e49-a399-6acfeed68439,Deposit_Account,Yes,2024-07-23,,1,1,1,,1,1,,1,,,Yes,,Gombe,,sha01
c06752f6-4ee1-4077-9df2-f2fd7961f12d,Deposit_Account,Yes,2024-07-23,,1,1,1,,1,1,,1,,,Yes,,Jigawa,,rin19
9920f638-7fbb-4306-9308-4c34db9948c5,Deposit_Account,Yes,2024-07-23,,1,1,1,,1,1,,1,,,Yes,,Gombe,,sha01
6d829dce-b398-4ad6-a9e5-cf1339f23aee,Deposit_Account,Yes,2024-07-23,,1,1,1,,1,1,,1,,,Yes,,Jigawa,,rin19
9b063f9c-32c3-412e-a638-fb541ce76608,Deposit_Account,Yes,2024-07-23,,1,1,1,,1,1,,1,,,Yes,,Jigawa,,rin19
f98ec86b-866a-4360-a871-555968275206,Deposit_Account,Yes,2024-07-23,,1,1,1,,1,1,,1,,,Yes,,Gombe,,sha01
3f8cfad8-19d1-41d3-95b7-bbe3fb079b44,Deposit_Account,Yes,2024-07-23,,1,1,1,,1,1,,1,,,Yes,,Jigawa,,rin19
f18d2286-22db-44c7-a892-a077f5234bdd,Deposit_Account,Yes,2024-07-23,,1,1,1,,1,1,,,,,Yes,,Jigawa,,rin19
8a561507-17f9-4745-b675-420373f2988f,Deposit_Account,Yes,2024-07-23,,1,1,1,,1,1,,1,,,Yes,,Jigawa,,rin19
480e1cbf-49de-4f8f-a135-d10e6790e6d7,Deposit_Account,Yes,2024-07-23,,1,1,1,,1,1,,1,,,Yes,,Gombe,,sha01
dce91762-d304-4166-b16d-859e31675880,Deposit_Account,Yes,2024-07-23,,1,1,1,,1,1,,1,,,Yes,,Gombe,,sha01
cb11c23e-bafc-41ec-ab24-e688a83f65e0,Deposit_Account,Yes,2024-07-23,,1,1,1,,1,1,,1,,,Yes,,Gombe,,sha01
618fbdfe-5896-4998-8436-bef63f55037c,Deposit_Account,Yes,2024-07-23,,1,1,1,,1,1,,1,,,Yes,,Gombe,,sha01
cc742d4b-6b74-4270-8f5f-56172ffc8200,Deposit_Account,Yes,2024-07-23,,1,1,1,,1,1,,1,,,Yes,,Gombe,,sha01
508b271e-31f3-4d91-a9c3-540a1ae2b490,Deposit_Account,Yes,2024-07-23,,1,1,1,,1,1,,1,,,Yes,,Gombe,,sha01
3bbfb3ad-8bc6-41b1-b558-aac7fe7f14a2,Deposit_Account,Yes,2024-07-23,,1,1,1,,1,1,,1,,,Yes,,Gombe,,sha01
04ed7a3a-bae6-49bb-b076-aaebb26fa06b,Deposit_Account,Yes,2024-07-23,,1,1,1,,1,1,,1,,,Yes,,Gombe,,sha01
87e96bca-12b7-4a95-b486-e06640c3e5c4,Deposit_Account,Yes,2024-07-23,,1,1,1,,1,1,,1,,,Yes,,Gombe,,sha01
50e24e41-b70d-42c1-bfd3-b906cb83de1c,Deposit_Account,Yes,2024-07-23,,1,1,1,,1,1,,1,,,Yes,,Gombe,,sha01
ca928177-37ee-4c6a-9cae-974172e26bd6,Deposit_Account,Yes,2024-07-23,,1,1,1,,1,1,,1,,,Yes,,Gombe,,sha01
e4e3fc27-eb29-4814-9258-416094f1bce5,Deposit_Account,Yes,2024-07-23,,1,1,1,,1,1,,1,,,Yes,,Gombe,,sha01
9ebdf6a8-54c4-476e-ad4c-07f32538df1e,Deposit_Account,Yes,2024-07-23,,1,1,1,,1,1,,1,,,Yes,,Gombe,,sha01
6da06d8a-a106-495c-be14-c253fb0e2b00,Deposit_Account,Yes,2024-07-23,,1,1,1,,1,1,,1,,,Yes,,Gombe,,sha01
1ebc9a17-5d5f-4e2c-8312-cded15aa6414,Deposit_Account,Yes,2024-07-23,,1,1,1,,1,1,,1,,,Yes,,Gombe,,sha01
b48ef904-4fc0-4a3f-b35f-e59a8c12f798,Deposit_Account,Yes,2024-07-23,,1,1,1,,1,1,,1,,,Yes,,Jigawa,,rin20
63180210-1fba-4635-b931-e34ea35881de,Deposit_Account,Yes,2024-07-23,,1,1,1,,1,1,,1,,,Yes,,Jigawa,,rin20
ab275003-4f4e-4911-80be-fc6c956800ce,Deposit_Account,Yes,2024-07-23,,1,1,1,,1,1,,1,,,Yes,,Jigawa,,rin20
e29a0828-9f47-433d-8b53-c660e070e685,Deposit_Account,Yes,2024-07-23,,1,1,1,,1,1,,1,,,Yes,,Gombe,,sha01
5b01d1fe-7dbb-46ec-895d-65b820b7a3dd,Deposit_Account,Yes,2024-07-23,,1,1,1,,1,1,,1,,,Yes,,Jigawa,,rin20
3ebac65e-0cba-4344-9a82-b4b58763fdf8,Deposit_Account,Yes,2024-07-23,,1,1,1,,1,1,,1,,,Yes,,Jigawa,,rin20
fa3b5ffa-319b-44fc-a45a-008cb6077756,Deposit_Account,Yes,2024-07-23,,1,1,1,,1,1,,1,,,Yes,,Gombe,,sha01
b48d767a-f765-452c-a6bb-55a66f6440d8,Deposit_Account,Yes,2024-07-23,,1,1,1,,1,1,,1,,,Yes,,Gombe,,sha01
035c66e7-1d8b-4974-a505-40b50a606e9c,Deposit_Account,Yes,2024-07-23,,1,1,1,,1,1,,1,,,Yes,,Gombe,,sha01
e74f898b-24d2-41ab-b8e1-a90ba32b7ca7,Deposit_Account,Yes,2024-07-23,,1,1,1,,1,1,,1,,,Yes,,Jigawa,,rin20
bd29d4b7-0b77-41ba-a3ab-13961f167dc8,Deposit_Account,Yes,2024-07-23,,1,1,1,,1,1,,1,,,Yes,,Jigawa,,rin20
e3e5d813-eab2-4330-a1c3-c20035d7c550,Deposit_Account,Yes,2024-07-23,,1,1,1,,1,1,,1,,,Yes,,Jigawa,,rin20
04bd441c-8f22-40f1-b1d0-3adac68f4d87,Deposit_Account,Yes,2024-07-23,,1,1,1,,1,1,,1,,,Yes,,Jigawa,,rin20
2f433c2b-3f0a-4357-b3f9-b32b4894d7b0,Deposit_Account,Yes,2024-07-23,,1,1,1,,1,1,,1,,,Yes,,Gombe,,sha01
2ae500f9-c9d4-4e88-8904-0b79ca0f53b2,Deposit_Account,Yes,2024-07-23,,1,1,1,,1,1,,1,,,Yes,,Jigawa,,rin20
97c639ed-eefd-4850-9041-ccaa81ce9a7a,Deposit_Account,Yes,2024-07-23,,1,1,1,,1,1,,1,,,Yes,,Jigawa,,rin20
110dff3a-9cd9-4840-b3f3-fb17c9a3e100,Deposit_Account,Yes,2024-07-23,,1,1,1,,1,1,,1,,,Yes,,Jigawa,,rin20
9244039a-da4a-4031-9b85-ec7f3d1b924c,Deposit_Account,Yes,2024-07-23,,1,1,1,,1,1,,1,,,Yes,,Gombe,,sha01
d7d4c8fc-1d09-48b4-b857-9526a80d3e3f,Deposit_Account,Yes,2024-07-23,,1,1,1,,1,1,,1,,,Yes,,Jigawa,,rin20
78811662-cba5-4305-8896-6948b93d4696,Deposit_Account,Yes,2024-07-23,,1,1,1,,1,1,,1,,,Yes,,Gombe,,sha01
08e429d0-b4e8-4596-b42c-ef71254d7ee2,Deposit_Account,Yes,2024-07-23,,1,1,1,,1,1,,1,,,Yes,,Jigawa,,rin20
f0546723-b3ed-484a-b439-aeaf343100f1,Deposit_Account,Yes,2024-07-23,,1,1,1,,1,1,,1,,,Yes,,Jigawa,,rin20
dc025d61-3456-4648-99f5-151e67bde7d7,Deposit_Account,Yes,2024-07-23,,1,1,1,,1,1,,1,,,Yes,,Gombe,,sha01
88adb8d5-752e-44b7-a03e-43122ba1085d,Deposit_Account,Yes,2024-07-23,,1,1,1,,1,1,,1,,,Yes,,Jigawa,,rin20
59a3bc28-79d0-4423-8027-552c76ae52f0,Deposit_Account,Yes,2024-07-23,,1,1,1,,1,1,,1,,,Yes,,Gombe,,sha01
ae699158-29a9-4886-9b6a-18565ee1cfbb,Deposit_Account,Yes,2024-07-23,,1,1,1,,1,1,,1,,,Yes,,Jigawa,,rin20
6d98bf5c-4da7-4eff-a989-141fd7faca23,Deposit_Account,Yes,2024-07-23,,1,1,1,,1,1,,1,,,Yes,,Jigawa,,rin20
51ba69ff-1656-422a-8ff5-b3ae4f096c0f,Deposit_Account,Yes,2024-07-23,,1,1,1,,1,1,,1,,,Yes,,Gombe,,sha01
636029ac-27e3-4616-9184-3291d4700702,Deposit_Account,Yes,2024-07-23,,1,1,1,,1,1,,1,,,Yes,,Jigawa,,rin20
3717388c-c800-4d13-ba35-6d19fb7cdc1b,Deposit_Account,Yes,2024-07-23,,1,1,1,,1,1,,1,,,Yes,,Jigawa,,rin20
51c9d27c-cdfd-4662-93cd-04aa13b7eb5f,Deposit_Account,Yes,2024-07-23,,1,1,1,,1,1,,1,,,Yes,,Jigawa,,rin20
c1ef2d8a-60c7-48ff-b91c-3c28d96e6382,Deposit_Account,Yes,2024-07-23,,1,1,1,,1,1,,1,,,Yes,,Jigawa,,rin20
fb313340-9585-4dff-b0dc-c4ef1ceb3085,Deposit_Account,Yes,2024-07-23,,1,1,1,,1,1,,1,,,Yes,,Jigawa,,rin20
40761feb-b386-48f5-bee8-35aaa4c8f9e9,Deposit_Account,Yes,2024-07-23,,1,1,1,,1,1,,1,,,Yes,,Jigawa,,rin20
23059a0f-4adf-49c8-9bff-ff34c0c550dc,Deposit_Account,Yes,2024-07-23,,1,1,1,,1,1,,1,,,Yes,,Gombe,,sha01
96f840ef-a47e-465a-a1d1-ed7e152fabc6,Deposit_Account,Yes,2024-07-23,,1,1,1,,1,1,,1,,,Yes,,Jigawa,,rin20
57c4f73b-09ac-4b7d-ad18-97997668d06b,Deposit_Account,Yes,2024-07-23,,1,1,1,,1,1,,1,,,Yes,,Jigawa,,rin20
97ad835d-7590-47ca-b514-538079003143,Deposit_Account,Yes,2024-07-23,,1,1,1,,1,1,,1,,,Yes,,Gombe,,sha01
64875978-547d-4de7-a9ca-91ae99cd1989,Deposit_Account,Yes,2024-07-23,,1,1,1,,1,1,,1,,,Yes,,Gombe,,sha01
a14a66b4-64cc-4086-aaf9-23ae017a9f36,Deposit_Account,Yes,2024-07-23,,1,1,1,,1,1,,1,,,Yes,,Gombe,,sha01
ed95c9f3-e3cc-440b-bb7d-747f5aea6ac9,Deposit_Account,Yes,2024-07-23,,1,1,1,,1,1,,1,,,Yes,,Gombe,,sha01
0b324392-5791-457e-8f62-3af1606920af,Deposit_Account,Yes,2024-07-23,,1,1,1,,1,1,1,1,,,Yes,,Jigawa,,tau23
fb218bda-b81e-4ae4-af60-9f8fd70cc740,Deposit_Account,Yes,2024-07-23,,1,1,1,,1,1,1,1,,,Yes,,Jigawa,,tau23
7ea08ddd-359c-4757-bb38-b8e03be4d8a8,Deposit_Account,Yes,2024-07-23,,1,1,1,,1,1,1,1,,,Yes,,Jigawa,,tau23
9448eead-bbc4-4be3-9f9c-55d77fbf943a,Deposit_Account,Yes,2024-07-23,,1,1,1,,1,1,1,1,,,Yes,,Jigawa,,tau23
0bb2b876-2a50-41b7-9a24-ae8a61c788e1,Deposit_Account,Yes,2024-07-23,,1,1,1,,1,1,1,1,,,Yes,,Jigawa,,tau23
b44e607f-c37c-4c8c-9b91-12c77ad2e5cb,Deposit_Account,Yes,2024-07-23,,1,1,1,,1,1,1,1,,,Yes,,Jigawa,,tau23
4657b321-44bc-4758-92d5-d4369a9ee156,Deposit_Account,Yes,2024-07-23,,1,1,1,,1,1,1,1,,,Yes,,Jigawa,,tau23
2e61d023-bfbf-4fb0-b510-c90f32a359f7,Deposit_Account,Yes,2024-07-23,,1,1,1,,1,1,1,1,,,Yes,,Jigawa,,tau23
4a1b8d29-53bf-47f1-a08c-83a643742128,Deposit_Account,Yes,2024-07-23,,1,1,1,,1,1,1,1,,,Yes,,Jigawa,,tau23
47815fc0-3b85-4a41-8791-5ad7cc825547,Deposit_Account,Yes,2024-07-23,,1,1,1,,1,1,1,1,,,Yes,,Jigawa,,tau23
eec006b4-6a12-41d0-9067-c8759d66fdfc,Deposit_Account,Yes,2024-07-23,,1,1,1,,1,1,1,1,,,Yes,,Jigawa,,tau23
0b4e4abe-e6a5-4593-8147-8928277636a9,Deposit_Account,Yes,2024-07-23,,1,1,1,,1,1,1,1,,,Yes,,Jigawa,,tau23
1dc731c8-3485-486c-9b7f-ccd8a5c5e594,Deposit_Account,Yes,2024-07-23,,1,1,1,,1,1,1,1,,,Yes,,Jigawa,,tau23
f5659bc3-deef-4399-a8a7-af606b11408d,Deposit_Account,Yes,2024-07-23,,1,1,1,,1,1,1,1,,,Yes,,Jigawa,,tau23
814b9d89-350c-4e01-828b-e9c8ba23638d,Deposit_Account,Yes,2024-07-23,,1,1,1,,1,1,1,1,,,Yes,,Jigawa,,tau23
94f6dbc8-210d-47a0-b797-fdcf7ead84b9,Deposit_Account,Yes,2024-07-23,,1,1,1,,1,1,1,1,,,Yes,,Jigawa,,tau23
2ebbb945-b7d5-477c-9f4c-1e130672fbde,Deposit_Account,Yes,2024-07-23,,1,1,1,,1,1,1,1,,,Yes,,Jigawa,,tau23
09e8858f-9f5c-4c63-99d9-b8a62fd41d3e,Deposit_Account,Yes,2024-07-23,,1,1,1,,1,1,1,1,,,Yes,,Jigawa,,tau23
bdacef46-57d7-4ac7-9767-db941813161b,Deposit_Account,Yes,2024-07-23,,1,1,1,,1,1,1,1,,,Yes,,Jigawa,,tau23
b891fed8-dcd1-44eb-977c-772d73ae13a2,Deposit_Account,Yes,2024-07-23,,1,1,1,,1,1,1,1,,,Yes,,Jigawa,,tau23
9d734d72-fd94-40ae-84b5-c2ad7bd446ed,Deposit_Account,Yes,2024-07-23,,1,1,1,,1,1,1,1,,,Yes,,Jigawa,,tau23
ca5ac1db-3d90-4492-948e-875df507c23e,Deposit_Account,Yes,2024-07-23,,1,1,1,,1,1,1,1,,,Yes,,Jigawa,,tau23
484d1bc2-d348-49df-aa1f-f1bef0b80458,Deposit_Account,Yes,2024-07-23,,1,1,1,,1,1,1,1,,,Yes,,Jigawa,,tau23
5d3fe25f-18ed-4f89-8def-33d9b89ddd9f,Deposit_Account,Yes,2024-07-23,,1,1,1,,1,1,,1,,,Yes,,Jigawa,,rin20
79dd69e0-278d-4fed-8747-45c808de77ed,Deposit_Account,Yes,2024-07-23,,1,1,1,,1,1,1,1,,,Yes,,Kano,,tof71
499a4070-769f-47e5-a448-61382b5e3805,Deposit_Account,Yes,2024-07-23,,1,1,1,,1,1,,1,,,Yes,,Gombe,,sha01
9d08d0d3-4aa0-490a-85c6-5484c745f68a,Deposit_Account,Yes,2024-07-23,,1,1,1,,1,1,,1,,,Yes,,Jigawa,,rin20
7f2bd481-cedb-4b28-9b9b-eebf1437d115,Deposit_Account,Yes,2024-07-23,,1,1,1,,1,1,1,1,,,Yes,,Kano,,tof71
e1f7e471-36cb-471a-baa1-e8714345471a,Deposit_Account,Yes,2024-07-23,,1,1,1,,1,1,1,1,,,Yes,,Kano,,tof71
49a61064-e15e-467c-b5c6-c0f8b0887cf6,Deposit_Account,Yes,2024-07-23,,1,1,1,,1,1,,1,,,Yes,,Gombe,,sha01
15063f99-e805-4af1-becc-8704c66bdc17,Deposit_Account,Yes,2024-07-23,,1,1,1,,1,1,1,1,,,Yes,,Kano,,tof71
5981713d-dd5c-42cb-ae8a-89ffa29cb903,Deposit_Account,Yes,2024-07-23,,1,1,1,,1,1,1,1,,,Yes,,Kano,,tof71
25dc55b6-4a04-4cec-932d-58aa1bd62a7d,Deposit_Account,Yes,2024-07-23,,1,1,1,,1,1,1,1,,,Yes,,Kano,,tof71
8a39e17e-fb32-4967-bcd4-796e472a1fd6,Deposit_Account,Yes,2024-07-23,,1,1,1,,1,1,1,1,,,Yes,,Kano,,tof71
a281fae9-d036-4917-bb5a-bcecc9cef7eb,Deposit_Account,Yes,2024-07-23,,1,1,1,,1,1,1,1,,,Yes,,Kano,,tof71
30463f1a-06d4-4e89-a010-398ca3d620bd,Deposit_Account,Yes,2024-07-23,,1,1,1,,1,1,,1,,,Yes,,Gombe,,sha01
0832a080-6f8e-49d0-8756-5559a876ce30,Deposit_Account,Yes,2024-07-23,,1,1,1,,1,1,1,1,,,Yes,,Kano,,tof71
ae07b7f0-aef2-41a9-b862-42acadb0ceba,Deposit_Account,Yes,2024-07-23,,1,1,1,,1,1,1,1,,,Yes,,Kano,,tof71
c429629a-b5ff-49dd-9ac6-638483d17313,Deposit_Account,Yes,2024-07-23,,1,1,1,,1,1,,1,,,Yes,,Gombe,,sha01
68e164ad-3650-4376-8258-244a50c1f1b7,Deposit_Account,Yes,2024-07-23,,1,1,1,,1,1,1,1,,,Yes,,Kano,,tof71
1b731190-b856-411c-9ac7-1e1262959364,Deposit_Account,Yes,2024-07-23,,1,1,1,,1,1,1,1,,,Yes,,Kano,,tof71
02ad646e-e3c3-41ac-8edd-0d015a4d7148,Deposit_Account,Yes,2024-07-23,,1,1,1,,1,1,,1,,,Yes,,Gombe,,sha01
06c0a4e7-07a2-47ac-bae7-15d1a0064132,Deposit_Account,Yes,2024-07-23,,1,1,1,,1,1,1,1,,,Yes,,Kano,,tof71
b3a7a197-6033-4663-b20f-de6d891187f9,Deposit_Account,Yes,2024-07-23,,1,1,1,,1,1,,1,,,Yes,,Gombe,,sha01
64dc75c3-7198-4743-9374-f2589a649d7d,Deposit_Account,Yes,2024-07-23,,1,1,1,,1,1,1,1,,,Yes,,Kano,,tof71
032b25e3-770b-4a69-be1d-c00bd8bf6758,Deposit_Account,Yes,2024-07-23,,1,1,1,,1,1,,1,,,Yes,,Gombe,,sha01
b3308b92-8753-49c9-b6f5-5cb839700ded,Deposit_Account,Yes,2024-07-23,,1,1,1,,1,1,1,1,,,Yes,,Kano,,tof71
87a84b93-8cb9-49f9-bc83-30be97239109,Deposit_Account,Yes,2024-07-23,,1,1,1,,1,1,,1,,,Yes,,Gombe,,sha01
7cef9906-9729-4639-893e-cba67937f09d,Deposit_Account,Yes,2024-07-23,,1,1,1,,1,1,,1,,,Yes,,Gombe,,sha01
1cda1fd7-021e-4232-b95b-e6cef7e7403c,Deposit_Account,Yes,2024-07-23,,1,1,1,,1,1,1,1,,,Yes,,Kano,,tof71
b034e6e0-f225-4585-baef-da83d50800b7,Deposit_Account,Yes,2024-07-23,,1,1,1,,1,1,1,1,,,Yes,,Kano,,tof71
62b5bc2d-987c-4c2f-9939-b50eb67e1dd2,Deposit_Account,Yes,2024-07-23,,1,1,1,,1,1,,1,,,Yes,,Jigawa,,rin20
e68e260d-9b7b-48a7-9709-0a66ae455792,Deposit_Account,Yes,2024-07-23,,1,1,1,,1,1,,1,,,Yes,,Jigawa,,rin20
3874df84-f4d8-460d-bef6-35dc80e36f8d,Deposit_Account,Yes,2024-07-23,,1,1,1,,1,1,,1,,,Yes,,Jigawa,,rin20
814e8577-fd35-4bdf-8074-a46435587121,Deposit_Account,Yes,2024-07-23,,1,1,1,,1,1,,1,,,Yes,,Jigawa,,rin20
76fa8dae-4bd3-469a-804b-a57b7f2d47a2,Deposit_Account,Yes,2024-07-23,,1,1,1,,1,1,,1,,,Yes,,Jigawa,,rin20
302bc323-ae08-4d14-ab7b-605c9a9b4462,Deposit_Account,Yes,2024-07-23,,1,1,1,,1,1,,1,,,Yes,,Jigawa,,rin20
153141ba-bf34-4546-bc23-1a7277f3c68d,Deposit_Account,Yes,2024-07-23,,1,1,1,,1,1,,1,,,Yes,,Jigawa,,rin20
4fb3386f-6e6e-444f-8ade-4ab69c786c9b,Deposit_Account,Yes,2024-07-23,,1,1,1,,1,1,,1,,,Yes,,Jigawa,,rin20
6b5ea24c-c787-412c-bf2e-b4d296086b89,Deposit_Account,Yes,2024-07-23,,1,1,1,,1,1,,1,,,Yes,,Jigawa,,rin20
65b4af43-d0f9-40d8-bdef-7db89a84f868,Deposit_Account,Yes,2024-07-23,,1,1,1,,1,1,,1,,,Yes,,Jigawa,,rin20
0375d599-dcbb-406a-ba84-8042e5cb99f4,Deposit_Account,Yes,2024-07-23,,1,1,1,,1,1,,1,,,Yes,,Jigawa,,rin20
d062e226-95a9-4aa2-8d52-b9c517c6e6a7,Deposit_Account,Yes,2024-07-23,,1,1,1,,1,1,,1,,,Yes,,Jigawa,,rin20
d7c94af5-9891-450f-be99-6469985472c8,Deposit_Account,Yes,2024-07-23,,1,1,1,,1,1,,1,,,Yes,,Gombe,,sha01
80104ac8-16ee-4d22-afc3-331205c8de4f,Deposit_Account,Yes,2024-07-23,,1,1,1,,1,1,,1,,,Yes,,Jigawa,,rin20
3ecca023-3c7c-4f53-9d19-8ea56bf767fe,Deposit_Account,Yes,2024-07-23,,1,1,1,,1,1,,1,,,Yes,,Jigawa,,rin20
75ede320-f2f1-466b-a3f6-dbb2f10822da,Deposit_Account,Yes,2024-07-23,,1,1,1,,1,1,,1,,,Yes,,Jigawa,,rin20
3ab4ff7b-c03a-4e40-a1b0-6c1fc6e205db,Deposit_Account,Yes,2024-07-23,,1,1,1,,1,1,,1,,,Yes,,Jigawa,,rin20
ae596538-4626-4dda-8658-dc5fd7adcb6a,Deposit_Account,Yes,2024-07-23,,1,1,1,,1,1,,1,,,Yes,,Jigawa,,rin20
b68ee95e-f8d2-479e-9e30-45bf099c729d,Deposit_Account,Yes,2024-07-23,,1,1,1,,1,1,,1,,,Yes,,Jigawa,,rin20
011663eb-05f9-4cc9-a84a-50290317b339,Deposit_Account,Yes,2024-07-23,,1,1,1,,1,1,,1,,,Yes,,Jigawa,,rin20
aa8e8313-d4b3-4029-9c06-2ddbef8d0a7f,Deposit_Account,Yes,2024-07-23,,1,1,1,,1,1,,1,,,Yes,,Jigawa,,rin20
04a480e7-0355-42de-8694-19b3a2189ec2,Deposit_Account,Yes,2024-07-23,,1,1,1,,1,1,,1,,,Yes,,Jigawa,,rin20
e4779478-8841-4247-869b-3ee18280a751,Deposit_Account,Yes,2024-07-23,,1,1,1,,1,1,,1,,,Yes,,Gombe,,sha01
98fcf84c-1fdf-49f8-a1be-bf2828b5ea81,Deposit_Account,Yes,2024-07-23,,1,1,1,,1,1,,1,,,Yes,,Jigawa,,rin20
84feadd0-cd3d-46d8-9e34-7a0d860f0915,Deposit_Account,Yes,2024-07-23,,1,1,1,,1,1,,1,,,Yes,,Jigawa,,rin20
bbead61c-93ef-4654-bd8c-98389e32698e,Deposit_Account,Yes,2024-07-23,,1,1,1,,1,1,,1,,,Yes,,Jigawa,,rin20
2b681496-b459-4f58-ad4a-89ce60e4e0de,Deposit_Account,Yes,2024-07-23,,1,1,1,,1,1,,1,,,Yes,,Jigawa,,rin20
bcf45c4e-8102-4664-950d-c15f2badab9e,Deposit_Account,Yes,2024-07-23,,1,1,1,,1,1,,1,,,Yes,,Jigawa,,rin20
13a452ee-b23c-4c36-9366-a0c62273776d,Deposit_Account,Yes,2024-07-23,,1,1,1,,1,1,,1,,,Yes,,Jigawa,,rin20
b6522cee-af42-49de-beca-84fab7943859,Deposit_Account,Yes,2024-07-23,,1,1,1,,1,1,,1,,,Yes,,Jigawa,,rin20
29286ff8-90db-4678-a913-7d04ce753059,Deposit_Account,Yes,2024-07-23,,1,1,1,,1,1,,1,,,Yes,,Jigawa,,rin20
47a7010b-7e44-4c9c-bef9-a6cf4756d626,Deposit_Account,Yes,2024-07-23,,1,1,1,,1,1,,1,,,Yes,,Jigawa,,rin20
11154cd7-475f-43e8-a267-d262f7ca26ab,Deposit_Account,Yes,2024-07-23,,1,1,1,,1,1,,1,,,Yes,,Jigawa,,rin20
4a5b87a5-25a7-49b4-b304-0fbffa68395b,Deposit_Account,Yes,2024-07-23,,1,1,1,,1,1,,1,,,Yes,,Jigawa,,rin20
3919897f-0e62-428f-8ac7-06be0220ed0d,Deposit_Account,Yes,2024-07-23,,1,1,1,,1,1,1,1,,,Yes,,Kano,,tof71
85045c25-1229-44ca-a736-1c5b956bac8e,Deposit_Account,Yes,2024-07-23,,1,1,1,,1,1,1,1,,,Yes,,Kano,,tof71
8b70fa5c-37b2-47a8-a7f0-6d06110e9bfd,Deposit_Account,Yes,2024-07-23,,1,1,1,,1,1,1,1,,,Yes,,Kano,,tof71
d80d6b81-f24f-4251-8c5c-05256e89d606,Deposit_Account,Yes,2024-07-23,,1,1,1,,1,1,1,1,,,Yes,,Kano,,tof71
c723ec73-28e8-4f3d-89ed-455b453a109b,Deposit_Account,Yes,2024-07-23,,1,1,1,,1,1,1,1,,,Yes,,Kano,,tof71
b1288392-1a3d-4cb5-bcce-23cb78abf4f2,Deposit_Account,Yes,2024-07-23,,1,1,1,,1,1,1,1,,,Yes,,Kano,,tof71
40c95b59-366c-4083-8f86-5941d580901c,Deposit_Account,Yes,2024-07-23,,1,1,1,,1,1,1,1,,,Yes,,Kano,,tof71
d99f4af5-844b-4d2d-84d8-6f5472580ceb,Deposit_Account,Yes,2024-07-23,,1,1,1,,1,1,1,1,,,Yes,,Kano,,tof71
c49633d7-e3f0-4bb7-9530-89d8a18ad757,Deposit_Account,Yes,2024-07-23,,1,1,1,,1,1,1,1,,,Yes,,Kano,,tof71
1c504365-63ae-4337-b616-cb2a266b84d9,Deposit_Account,Yes,2024-07-23,,1,1,1,,1,1,1,1,,,Yes,,Kano,,tof71
0aa63ac4-6da9-425f-ba93-5e05e3639a75,Deposit_Account,Yes,2024-07-23,,1,1,1,,1,1,1,1,,,Yes,,Kano,,tof71
04f28db8-37d0-44d7-8064-f6b75f48d3fa,Deposit_Account,Yes,2024-07-23,,1,1,1,,1,1,1,1,,,Yes,,Kano,,tof71
b0ab6f2a-65ec-44cc-9cfd-e65a48b732b4,Deposit_Account,Yes,2024-07-23,,1,1,1,,1,1,1,1,,,Yes,,Kano,,tof71
20036439-0e20-488a-b6f8-8f58e0eb0ba5,Deposit_Account,Yes,2024-07-23,,1,1,1,,1,1,1,1,,,Yes,,Kano,,tof71
1024433b-3a3e-4f5d-8993-4cca2b5165f0,Deposit_Account,Yes,2024-07-23,,1,1,1,,1,1,1,1,,,Yes,,Kano,,tof71
27653a91-a636-4178-9749-f250c4e1a7fb,Deposit_Account,Yes,2024-07-23,,1,1,1,,1,1,1,1,,,Yes,,Kano,,tof71
d6de60e7-4aae-44c1-9e31-5749f0de7074,Deposit_Account,Yes,2024-07-23,,1,1,1,,1,1,1,1,,,Yes,,Kano,,tof71
878b0c3b-21f8-48a1-9198-baa6cfa13798,Deposit_Account,Yes,2024-07-23,,1,1,1,,1,1,1,1,,,Yes,,Kano,,tof71
6c6ca127-e4ea-4770-b51b-c81e0855f15e,Deposit_Account,Yes,2024-07-23,,1,1,1,,1,1,1,1,,,Yes,,Kano,,tof71
0cebfe6a-f51d-41f9-8ef3-09e4bf195c78,Deposit_Account,Yes,2024-07-23,,1,1,1,,1,1,1,1,,,Yes,,Kano,,tof71
d4add35f-49db-495d-8521-f8e58f84d247,Deposit_Account,Yes,2024-07-23,,1,1,1,,1,1,1,1,,,Yes,,Kano,,tof71
a675d265-9824-4e48-b7d8-47d7bc1f5736,Deposit_Account,Yes,2024-07-23,,1,1,1,,1,1,1,1,,,Yes,,Kano,,tof71
db426719-68b8-402e-a866-f16a598dd0c9,Deposit_Account,Yes,2024-07-23,,1,1,1,,1,1,1,1,,,Yes,,Kano,,tof71
2cc7c5ca-bb34-4e8f-bb3d-06f2caa6d80e,Deposit_Account,Yes,2024-07-23,,1,1,1,,1,1,1,1,,,Yes,,Kano,,tof71
a3a0a026-d8f0-4cd3-8bf7-d437ca595baf,Deposit_Account,Yes,2024-07-23,,1,1,1,,1,1,1,1,,,Yes,,Kano,,tof71
cdf5b95a-4365-4d02-a4b3-c3d3ce41751f,Deposit_Account,Yes,2024-07-23,,1,1,1,,1,1,1,1,,,Yes,,Kano,,tof71
cd10c8c7-c886-40d3-92c2-5836ab832d1c,Deposit_Account,Yes,2024-07-23,,1,1,1,,1,1,1,1,,,Yes,,Kano,,tof71
b921d1dc-de60-41a5-bb1b-0fcc6cb4142f,Deposit_Account,Yes,2024-07-23,,1,1,1,,1,1,,1,,,Yes,,Gombe,,sha01
5172f84a-6d00-4cc7-9362-e8b834961617,Deposit_Account,Yes,2024-07-23,,1,1,1,,1,1,,1,,,Yes,,Gombe,,sha01
67329640-6082-48ef-990a-9d49ac5e4854,Deposit_Account,Yes,2024-07-23,,1,1,1,,1,1,1,1,,,Yes,,Kano,,tof71
0246fb86-e585-44b0-ac2a-59b914967484,Deposit_Account,Yes,2024-07-23,,1,1,1,,1,1,,1,,,Yes,,Gombe,,sha01
790991ad-8b29-4436-9350-1377f02f8d94,Deposit_Account,Yes,2024-07-23,,1,1,1,,1,1,1,1,,,Yes,,Kano,,tof71
d51fd592-dd8d-4140-887b-3f08bc9efe57,Deposit_Account,Yes,2024-07-23,,1,1,1,,1,1,1,1,,,Yes,,Kano,,tof71
499624dc-4ed8-48f1-82cc-ea36f749dfd4,Deposit_Account,Yes,2024-07-23,,1,1,1,,1,1,1,1,,,Yes,,Kano,,tof71
28ce5a39-174d-49b6-867b-5aadfa0c2497,Deposit_Account,Yes,2024-07-23,,1,1,1,,1,1,1,1,,,Yes,,Kano,,tof71
390f65a3-351c-41ec-8c3c-ac6d5fe49d98,Deposit_Account,Yes,2024-07-23,,1,1,1,,1,1,,1,,,Yes,,Bauchi,,taf02
12687f97-301e-4770-a2e1-50e624ae3456,Deposit_Account,Yes,2024-07-23,,1,1,1,,1,1,,1,,,Yes,,Bauchi,,taf02
4dfae1d2-b2de-4411-8958-085e4eca1879,Deposit_Account,Yes,2024-07-23,,1,1,1,,1,1,,1,,,Yes,,Bauchi,,taf02
4f5dc389-90dd-477f-9148-07d339ef6949,Deposit_Account,Yes,2024-07-23,,1,1,1,,1,1,,1,,,Yes,,Bauchi,,taf02
f718edbd-4838-4792-996c-318579887ee6,Deposit_Account,Yes,2024-07-23,,1,1,1,,1,1,,1,,,Yes,,Bauchi,,taf02
ddf9906d-af90-4685-accd-7da118628899,Deposit_Account,Yes,2024-07-23,,1,1,1,,1,1,,1,,,Yes,,Bauchi,,taf02
e584656e-2fa7-4f39-a7a4-a2e76c28c369,Deposit_Account,Yes,2024-07-23,,1,1,1,,1,1,,1,,,Yes,,Bauchi,,taf02
171da0c7-fcfe-402e-90c5-cc6040c6fa1f,Deposit_Account,Yes,2024-07-23,,1,1,1,,1,1,,1,,,Yes,,Bauchi,,taf02
d93f5b1e-12de-4807-88d2-f547f88bf7b7,Deposit_Account,Yes,2024-07-23,,1,1,1,,1,1,,1,,,Yes,,Bauchi,,taf02
5abc89eb-f963-4f70-9ddc-18fe88fc9892,Deposit_Account,Yes,2024-07-23,,1,1,1,,1,1,,1,,,Yes,,Bauchi,,taf02
758236fe-8913-4a2a-8ccd-bc64ecffed29,Deposit_Account,Yes,2024-07-23,,1,1,1,,1,1,,1,,,Yes,,Bauchi,,taf02
ec29e03f-d0ee-4eb6-a83d-b04f1195affa,Deposit_Account,Yes,2024-07-23,,1,1,1,,1,1,,1,,,Yes,,Bauchi,,taf02
6e478db2-e6eb-409a-9663-506bb96d8fd8,Deposit_Account,Yes,2024-07-23,,1,1,1,,1,1,,1,,,Yes,,Bauchi,,taf02
ed6c73ba-eb47-47d3-9e45-436bf54d13fb,Deposit_Account,Yes,2024-07-23,,1,1,1,,1,1,,1,,,Yes,,Bauchi,,taf02
bf49d52f-2a82-4a41-884c-e25cdbd975fc,Deposit_Account,Yes,2024-07-23,,1,1,1,,1,1,,1,,,Yes,,Bauchi,,taf02
d2f3083d-8a14-401e-a0cb-c7b62adc0411,Deposit_Account,Yes,2024-07-23,,1,1,1,,1,1,,1,,,Yes,,Bauchi,,taf02
be48ac10-77d8-42b1-9045-bb790693359f,Deposit_Account,Yes,2024-07-23,,1,1,1,,1,1,,1,,,Yes,,Bauchi,,taf02
c39f9899-a130-47c4-aead-7eb1c66086b2,Deposit_Account,Yes,2024-07-23,,1,1,1,,1,1,,1,,,Yes,,Bauchi,,taf02
88bea7ae-e8a7-4f6c-baf1-7c322717da96,Deposit_Account,Yes,2024-07-23,,1,1,1,,1,1,,1,,,Yes,,Bauchi,,taf02
b92e0b53-e5a3-4b4f-a437-bba4e5bed92c,Deposit_Account,Yes,2024-07-23,,1,1,1,,1,1,,1,,,Yes,,Bauchi,,taf02
db0190c4-74cc-4563-a3a7-97f2e8f73685,Deposit_Account,Yes,2024-07-23,,1,1,1,,1,1,,1,,,Yes,,Bauchi,,taf02
46c467cb-90c9-427e-a991-5655e324efe7,Deposit_Account,Yes,2024-07-23,,1,1,1,,1,1,,1,,,Yes,,Bauchi,,taf02
3b30fafa-bd86-46b3-b246-d86717d6d964,Deposit_Account,Yes,2024-07-23,,1,1,1,,1,1,,1,,,Yes,,Bauchi,,taf02
63347b47-4efe-4cd7-b102-482283ee20a6,Deposit_Account,Yes,2024-07-23,,1,1,1,,1,1,,1,,,Yes,,Bauchi,,taf02
cb147bc8-b05c-428a-9e23-70ed053cbead,Deposit_Account,Yes,2024-07-23,,1,1,1,,1,1,,1,,,Yes,,Bauchi,,taf02
6aa7eeac-0daa-43a8-a18a-84efbfb132b7,Deposit_Account,Yes,2024-07-23,,1,1,1,,1,1,,1,,,Yes,,Bauchi,,taf02
cc7d1bf7-290f-448f-ae3c-e39bf8bdb648,Deposit_Account,Yes,2024-07-23,,1,1,1,,1,1,,1,,,Yes,,Bauchi,,taf02
44d48751-f938-4874-9775-9a5ccb108233,Deposit_Account,Yes,2024-07-23,,1,1,1,,1,1,1,1,,,Yes,,Kano,,tof71
18b7bc2c-7114-48fb-b81c-00739f64f1b2,Deposit_Account,Yes,2024-07-23,,1,1,1,,1,1,1,1,,,Yes,,Kano,,tof71
18649481-bd69-4d0f-8fed-81e97a233e6c,Deposit_Account,Yes,2024-07-23,,1,1,1,,1,1,1,1,,,Yes,,Kano,,tof71
394fd8fe-87a0-4773-a634-1760f2b2e325,Deposit_Account,Yes,2024-07-23,,1,1,1,,1,1,1,1,,,Yes,,Kano,,tof71
3405b1e1-62bd-4f35-a631-88251a09e0d4,Deposit_Account,Yes,2024-07-23,,1,1,1,,1,1,1,1,,,Yes,,Kano,,tof71
b5d12954-b750-42e2-b532-d1bab74d0c1b,Deposit_Account,Yes,2024-07-23,,1,1,1,,1,1,1,1,,,Yes,,Kano,,tof71
0423b14b-204d-44e6-b4c2-9121be5440a4,Deposit_Account,Yes,2024-07-23,,1,1,1,,1,1,1,1,,,Yes,,Kano,,tof71
38049237-6351-4db4-83d8-e9d64629fc27,Deposit_Account,Yes,2024-07-23,,1,1,1,,1,1,1,1,,,Yes,,Kano,,tof71
241ae1ed-56b4-4023-ba2d-149243977cf8,Deposit_Account,Yes,2024-07-23,,1,1,1,,1,1,1,1,,,Yes,,Kano,,tof71
aba28742-a830-463d-b775-376d227dc348,Deposit_Account,Yes,2024-07-23,,1,1,1,,1,1,1,1,,,Yes,,Kano,,tof71
d8364eb3-fc55-40a1-af00-b66be960429d,Deposit_Account,Yes,2024-07-23,,1,1,1,,1,1,1,1,,,Yes,,Kano,,tof71
c2dcffe4-4a99-476e-9ac1-704fb2dcb5e0,Deposit_Account,Yes,2024-07-23,,1,1,1,,1,1,,1,,,Yes,,Bauchi,,taf02
977f6f48-4827-4cd1-b049-da7a896dc29b,Deposit_Account,Yes,2024-07-23,,1,1,1,,1,1,,1,,,Yes,,Bauchi,,taf02
1fe408ae-3c85-4c0a-9685-23f09ba5e2cf,Deposit_Account,Yes,2024-07-23,,1,1,1,,1,1,,1,,,Yes,,Bauchi,,taf02
cc195e9c-328f-4112-b0a2-7374dc2cafa1,Deposit_Account,Yes,2024-07-23,,1,1,1,,1,1,,1,,,Yes,,Jigawa,,rin20
423039de-50f0-46c5-ae3a-df04b91742c9,Deposit_Account,Yes,2024-07-23,,1,1,1,,1,1,,1,,,Yes,,Jigawa,,rin20
07c8eff1-a7a6-4cec-bf32-5b854e6a69b8,Deposit_Account,Yes,2024-07-23,,1,1,1,,1,1,,1,,,Yes,,Jigawa,,rin20
3e173bd9-4be6-4252-919d-996df51d49ec,Deposit_Account,Yes,2024-07-23,,1,1,1,,1,1,,1,,,Yes,,Jigawa,,rin20
43d3fa9e-4ab8-437d-88a5-ab28d971bb81,Deposit_Account,Yes,2024-07-23,,1,1,1,,1,1,,1,,,Yes,,Jigawa,,rin20
99c603a1-1285-485e-8d9d-c958013ef4ed,Deposit_Account,Yes,2024-07-23,,1,1,1,,1,1,1,1,,,Yes,,Bauchi,,tor02
bf37d929-b581-444c-b9d1-1bc5c022194c,Deposit_Account,Yes,2024-07-23,,1,1,1,,1,1,1,1,,,Yes,,Bauchi,,tor02
cc245986-3d82-4881-94e0-5460d698515b,Deposit_Account,Yes,2024-07-23,,1,1,1,,1,1,1,1,,,Yes,,Bauchi,,tor02
105190a9-f3fe-4cbd-8ef1-dd17889c5558,Deposit_Account,Yes,2024-07-23,,1,1,1,,1,1,1,1,,,Yes,,Bauchi,,tor02
78349817-0428-4945-9f66-1d9b9ca683cf,Deposit_Account,Yes,2024-07-23,,1,1,1,,1,1,1,1,,,Yes,,Bauchi,,tor02
edc1c6c1-b909-4cbf-8ad4-7bd2f8d27b09,Deposit_Account,Yes,2024-07-23,,1,1,1,,1,1,1,1,,,Yes,,Bauchi,,tor02
2fe1c6f2-d178-449c-93bc-d62319aaa47c,Deposit_Account,Yes,2024-07-23,,1,1,1,,1,1,1,1,,,Yes,,Bauchi,,tor02
5e53ef0f-9db1-4d04-83b6-23804a51a65e,Deposit_Account,Yes,2024-07-23,,1,1,1,,1,1,1,1,,,Yes,,Bauchi,,tor02
da70614e-e516-4f81-a3f8-964a8fd8435a,Deposit_Account,Yes,2024-07-23,,1,1,1,,1,1,1,1,,,Yes,,Bauchi,,tor02
16135287-858a-48ed-867e-ab51f05d110a,Deposit_Account,Yes,2024-07-24,,1,1,1,,1,1,1,1,,,Yes,,Bauchi,,tor02
9f75e7d6-4d47-4318-afc2-18b84eb8e095,Deposit_Account,Yes,2024-07-23,,1,1,1,,1,1,1,1,,,Yes,,Bauchi,,tor02
5070ead2-398c-43df-8dc8-b89fd407a453,Deposit_Account,Yes,2024-07-23,,1,1,1,,1,1,1,1,,,Yes,,Bauchi,,tor02
f7d5c12d-4ff0-4248-b9df-c2e934b7c3de,Deposit_Account,Yes,2024-07-23,,1,1,1,,1,1,1,1,,,Yes,,Bauchi,,tor02
58b948e7-ba89-40cd-9be1-92e5be426cce,Deposit_Account,Yes,2024-07-23,,1,1,1,,1,1,1,1,,,Yes,,Bauchi,,tor02
2314a417-8a5e-45aa-95c4-011171c655fb,Deposit_Account,Yes,2024-07-23,,1,1,1,,1,1,1,1,,,Yes,,Bauchi,,tor02
ff88f84e-7118-4bc4-8e38-577521aef654,Deposit_Account,Yes,2024-07-23,,1,1,1,,1,1,1,1,,,Yes,,Bauchi,,tor02
2cc2a3bf-3565-41ec-aa75-1ca814725ed4,Deposit_Account,Yes,2024-07-23,,1,1,1,,1,1,1,1,,,Yes,,Bauchi,,tor02
8752e6c7-9033-463b-a33b-058e643ad88a,Deposit_Account,Yes,2024-07-23,,1,1,1,,1,1,1,1,,,Yes,,Bauchi,,tor02
0f7ac1a4-93f2-4cd5-8d77-36800dc7051e,Deposit_Account,Yes,2024-07-23,,1,1,1,,1,1,1,1,,,Yes,,Bauchi,,tor02
bbfa5bc0-337c-41bf-9c01-26616e015eb4,Deposit_Account,Yes,2024-07-23,,1,1,1,,1,1,1,1,,,Yes,,Bauchi,,tor02
0f0ae1a4-1f93-4083-86ac-0e66480ff31c,Deposit_Account,Yes,2024-07-23,,1,1,1,,1,1,1,1,,,Yes,,Bauchi,,tor02
35ad7353-a870-4690-9d7e-30c7f7d17b80,Deposit_Account,Yes,2024-07-23,,1,1,1,,1,1,1,1,,,Yes,,Bauchi,,tor02
35745b8c-4f88-499b-86e9-8d5b1717f83e,Deposit_Account,Yes,2024-07-23,,1,1,1,,1,1,1,1,,,Yes,,Bauchi,,tor02
857e56a3-31ff-4996-93a5-fa7d2494a8ed,Deposit_Account,Yes,2024-07-23,,1,1,1,,1,1,1,1,,,Yes,,Bauchi,,tor02
a5cd5d6e-6524-49b2-82dd-421914dc356f,Deposit_Account,Yes,2024-07-23,,1,1,1,,1,1,1,1,,,Yes,,Bauchi,,tor02
0e7c4e0e-7dd0-403c-827f-1e158489c40b,Deposit_Account,Yes,2024-07-23,,1,1,1,,1,1,1,1,,,Yes,,Bauchi,,tor02
98e2430c-cbcf-455a-915b-960a75c5fdfd,Deposit_Account,Yes,2024-07-23,,1,1,1,,1,1,1,1,,,Yes,,Bauchi,,tor02
3108bcbe-6cfd-4671-81e6-774c657aa860,Deposit_Account,Yes,2024-07-23,,1,1,1,,1,1,1,1,,,Yes,,Bauchi,,tor02
3d7be28a-a0d2-49e6-8cdc-039686eb2f8b,Deposit_Account,Yes,2024-07-23,,1,1,1,,1,1,1,1,,,Yes,,Bauchi,,tor02
b70932a4-1303-46e9-a169-8f24c284579b,Deposit_Account,Yes,2024-07-23,,1,1,1,,1,1,1,1,,,Yes,,Bauchi,,tor02
1126ff98-41cf-43a0-aea5-13167f226103,Deposit_Account,Yes,2024-07-23,,1,1,1,,1,1,1,1,,,Yes,,Bauchi,,tor02
deab4e11-026e-4737-b078-ee8b7fe1f85f,Deposit_Account,Yes,2024-07-23,,1,1,1,,1,1,1,1,,,Yes,,Bauchi,,tor02
5381abfb-fff6-46e3-9370-30d00ec4fce5,Deposit_Account,Yes,2024-08-18,,1,1,1,,1,1,1,1,,,Yes,,Bauchi,,tor02
1b8c84f4-7ac1-446b-b8b9-8de5f52e5b2f,Deposit_Account,Yes,2024-07-23,,1,1,1,,1,1,1,1,,,Yes,,Bauchi,,tor02
fc10edc3-6cad-440f-9d39-ad07c21ed355,Deposit_Account,Yes,2024-07-23,,1,1,1,,1,1,1,1,,,Yes,,Bauchi,,tor02
22e885f9-2698-4c2e-a638-d4583cd16196,Deposit_Account,Yes,2024-07-23,,1,1,1,,1,1,1,1,,,Yes,,Bauchi,,tor02
58462ad9-5463-4f5a-b6fc-a4e08bfa3218,Deposit_Account,Yes,2024-07-23,,1,1,1,,1,1,1,1,,,Yes,,Bauchi,,tor02
ae604dfc-d4d0-4734-b56b-ecac33a06c2c,Deposit_Account,Yes,2024-07-23,,1,1,1,,1,1,1,1,,,Yes,,Bauchi,,tor02
fc82432a-b841-4e4a-832e-19f6e84c9f69,Deposit_Account,Yes,2024-07-23,,1,1,1,,1,1,1,1,,,Yes,,Bauchi,,tor02
b820cdd4-c615-40e2-b1fa-f478212a988b,Deposit_Account,Yes,2024-07-24,,1,1,1,,1,1,1,1,,,Yes,,Bauchi,,tor02
b05616aa-9e4b-40f5-bfc6-04287d180438,Deposit_Account,Yes,2024-07-24,,1,1,1,,1,1,1,1,,,Yes,,Bauchi,,tor02
36b489a3-db9e-499e-be0a-2f6ab67c79b7,Deposit_Account,Yes,2024-07-24,,1,1,1,,1,1,1,1,,,Yes,,Bauchi,,tor02
aaa92d96-d898-402a-8aff-d4f3c7869c6c,Deposit_Account,Yes,2024-07-24,,1,1,1,,1,1,1,1,,,Yes,,Bauchi,,tor02
2a5e3447-2225-47ab-b556-2b2a5d23e6ee,Deposit_Account,Yes,2024-07-24,,1,1,1,,1,1,1,1,,,Yes,,Bauchi,,tor02
cdad4ead-4840-49f3-9719-13b56d1c47bd,Deposit_Account,Yes,2024-07-24,,1,1,1,,1,1,1,1,,,Yes,,Bauchi,,tor02
59af4d34-7536-4a77-8a36-2d7aebd2a22b,Deposit_Account,Yes,2024-07-24,,1,1,1,,1,1,1,1,,,Yes,,Bauchi,,tor02
b84878ed-9814-40c0-b8fe-366d20cbb6d1,Deposit_Account,Yes,2024-07-24,,1,1,1,,1,1,1,1,,,Yes,,Bauchi,,tor02
123e9d54-a100-4438-ade5-5b29669e6be5,Deposit_Account,Yes,2024-07-24,,1,1,1,,1,1,1,1,,,Yes,,Bauchi,,tor02
f8323bcb-87ef-407e-9712-9e97a5daf6bf,Deposit_Account,Yes,2024-07-24,,1,1,1,,1,1,1,1,,,Yes,,Bauchi,,tor02
511cf067-957a-4de8-9940-43a90b121ae5,Deposit_Account,Yes,2024-07-24,,1,1,1,,1,1,1,1,,,Yes,,Bauchi,,tor02
6ab8bd93-e17c-43de-aac4-1c74544c0cf6,Deposit_Account,Yes,2024-07-24,,1,1,1,,1,1,1,1,,,Yes,,Bauchi,,tor02
99b78049-28fc-4619-b330-22dc9065b613,Deposit_Account,Yes,2024-07-24,,1,1,1,,1,1,1,1,,,Yes,,Bauchi,,tor02
097a651b-4dc1-463a-aa70-e73af5bb7af6,Deposit_Account,Yes,2024-07-24,,1,1,1,,1,1,1,1,,,Yes,,Bauchi,,tor02
a995fd44-0101-4586-aa4c-5e44715cec47,Deposit_Account,Yes,2024-07-24,,1,1,1,,1,1,1,1,,,Yes,,Bauchi,,tor02
83d87e44-7c03-4b49-a1fc-df10681fa221,Deposit_Account,Yes,2024-07-24,,1,1,1,,1,1,1,1,,,Yes,,Bauchi,,tor02
c0fb1895-5a25-46c1-a254-f358733524d2,Deposit_Account,Yes,2024-07-24,,1,1,1,,1,1,1,1,,,Yes,,Bauchi,,tor02
ad456dd3-b665-4eb1-a34e-f82ea002e4b0,Deposit_Account,Yes,2024-07-24,,1,1,1,,1,1,1,1,,,Yes,,Bauchi,,tor02
099cd8c3-8fbe-4b1d-9858-b8220d61ab15,Deposit_Account,Yes,2024-07-24,,1,1,1,,1,1,1,1,,,Yes,,Bauchi,,tor02
2f979df4-3d30-483d-b8d1-0ff09ded7401,Deposit_Account,Yes,2024-07-24,,1,1,1,,1,1,1,1,,,Yes,,Bauchi,,tor02
abb56a23-dfe9-4ed6-81aa-c9dda2278565,Deposit_Account,Yes,2024-07-24,,1,1,1,,1,1,1,1,,,Yes,,Bauchi,,tor02
890bafa5-efa7-4f48-99ea-7a7fa3159014,Deposit_Account,Yes,2024-07-24,,1,1,1,,1,1,1,1,,,Yes,,Bauchi,,tor02
cec0668a-ad23-4229-8cc6-7398f6828c8c,Deposit_Account,Yes,2024-07-24,,1,1,1,,1,1,1,1,,,Yes,,Bauchi,,tor02
975259f1-1444-4471-a99e-18a62c352556,Deposit_Account,Yes,2024-07-25,,1,1,1,,1,1,1,1,,,Yes,,Bauchi,,tor02
e2674af7-a537-4a8d-bc43-fb88322a081f,Deposit_Account,Yes,2024-07-24,,1,1,1,,1,1,1,1,,,Yes,,Bauchi,,tor02
7bafe629-4bd1-4a24-84df-d633ad7843c1,Deposit_Account,Yes,2024-07-24,,1,1,1,,1,1,1,1,,,Yes,,Bauchi,,tor02
79c393fe-3776-4e8e-9d51-06351c42b932,Deposit_Account,Yes,2024-07-24,,1,1,1,,1,1,1,1,,,Yes,,Bauchi,,tor02
bbdd8967-158a-4af5-9a52-e994a9113c97,Deposit_Account,Yes,2024-07-24,,1,1,1,,1,1,1,1,,,Yes,,Bauchi,,tor02
bda2cfc3-739a-4dd9-8add-0b97116f9b92,Deposit_Account,Yes,2024-07-24,,1,1,1,,1,1,1,1,,,Yes,,Bauchi,,tor02
1bde3f7a-b83a-46c9-8cf4-dca8452641d0,Deposit_Account,Yes,2024-07-24,,1,1,1,,1,1,1,1,,,Yes,,Bauchi,,tor02
48895f0c-bb5f-4b04-95d6-edd81c35a6b2,Deposit_Account,Yes,2024-07-24,,1,1,1,,1,1,1,1,,,Yes,,Bauchi,,tor02
24c9653c-d43b-4c5e-9f31-9d9b0127215d,Deposit_Account,Yes,2024-07-24,,1,1,1,,1,1,1,1,,,Yes,,Bauchi,,tor02
38d75232-046b-4f6e-afc1-4b7408fe4156,Deposit_Account,Yes,2024-07-24,,1,1,1,,1,1,1,1,,,Yes,,Bauchi,,tor02
93bae9f5-ce3a-431a-aa57-38e1836d3565,Deposit_Account,Yes,2024-07-24,,1,1,1,,1,1,1,1,,,Yes,,Bauchi,,tor02
d8eeb7c6-4c35-45f5-a984-677627c7c46c,Deposit_Account,Yes,2024-07-24,,1,1,1,,1,1,1,1,,,Yes,,Bauchi,,tor02
737fdd2e-abc8-45c6-af4d-ac12fe95ce58,Deposit_Account,Yes,2024-07-24,,1,1,1,,1,1,1,1,,,Yes,,Bauchi,,tor02
3733aabe-7bcf-4e1a-b3cf-f33571d93257,Deposit_Account,Yes,2024-07-24,,1,1,1,,1,1,1,1,,,Yes,,Bauchi,,tor02
d0199308-6026-493b-a66f-5c5084861c5b,Deposit_Account,Yes,2024-07-24,,1,1,1,,1,1,1,1,,,Yes,,Bauchi,,tor02
47672731-0ec3-4c9f-bae6-3a592ac2b83a,Deposit_Account,Yes,2024-07-24,,1,1,1,,1,1,1,1,,,Yes,,Bauchi,,tor02
62ed03ab-afa4-42cf-97b3-64e4a3f458b7,Deposit_Account,Yes,2024-07-24,,1,1,1,,1,1,1,1,,,Yes,,Bauchi,,tor02
a272097c-c1c1-4e49-8db7-b9ca88c2870c,Deposit_Account,Yes,2024-07-24,,1,1,1,,1,1,1,1,,,Yes,,Bauchi,,tor02
0d370904-eb05-43c8-895b-925f9e444420,Deposit_Account,Yes,2024-07-24,,1,1,1,,1,1,1,1,,,Yes,,Bauchi,,tor02
db4c7b22-eba6-4042-853a-dc370e79c465,Deposit_Account,Yes,2024-07-24,,1,1,1,,1,1,1,1,,,Yes,,Bauchi,,tor02
53fdffda-01cb-4261-8cd8-a4d75bd9af4f,Deposit_Account,Yes,2024-07-24,,1,1,1,,1,1,1,1,,,Yes,,Bauchi,,tor02
c3780598-c103-4d34-805a-2ebdcad5b29d,Deposit_Account,Yes,2024-07-24,,1,1,1,,1,1,1,1,,,Yes,,Bauchi,,tor02
df3214f8-db03-4f8b-b72b-9e73af68a3e4,Deposit_Account,Yes,2024-07-24,,1,1,1,,1,1,1,1,,,Yes,,Bauchi,,tor02
5a75232e-7a0c-4503-81a5-e074ee1c0224,Deposit_Account,Yes,2024-07-24,,1,1,1,,1,1,1,1,,,Yes,,Bauchi,,tor02
7f4e7f62-d423-43a8-9ec9-6ed0d74fe354,Deposit_Account,Yes,2024-07-24,,1,1,1,,1,1,1,1,,,Yes,,Bauchi,,tor02
b7d0fa96-1582-4a4e-a40b-215b680263f0,Deposit_Account,Yes,2024-07-24,,1,1,1,,1,1,1,1,,,Yes,,Bauchi,,tor02
42f2ab6f-f47e-4387-968a-9b591f0b032d,Deposit_Account,Yes,2024-07-24,,1,1,1,,1,1,1,1,,,Yes,,Bauchi,,tor02
6aec83d4-ad6d-44ae-9869-8c35b5dd4e51,Deposit_Account,Yes,2024-07-24,,1,1,1,,1,1,1,1,,,Yes,,Bauchi,,tor02
98fc404c-9485-44c4-833b-325225988f1b,Deposit_Account,Yes,2024-07-24,,1,1,1,,1,1,1,1,,,Yes,,Bauchi,,tor02
1255da97-b4b6-4145-9572-e8f8d2b3d0c2,Deposit_Account,Yes,2024-07-24,,1,1,1,,1,1,1,1,,,Yes,,Bauchi,,tor02
0653f679-a277-4d0e-864d-de8bc1d25c84,Deposit_Account,Yes,2024-07-24,,1,1,1,,1,1,1,1,,,Yes,,Bauchi,,tor02
4e890f21-4cc0-4de9-ae71-1b31dfa8dbcc,Deposit_Account,Yes,2024-07-24,,1,1,1,,1,1,1,1,,,Yes,,Bauchi,,tor02
d53d6a56-c7fc-4cb6-b03f-3a7981b284fe,Deposit_Account,Yes,2024-07-24,,1,1,1,,1,1,1,1,,,Yes,,Bauchi,,tor02
4d2ea32f-62a5-4873-a332-c8fdc59ef348,Deposit_Account,Yes,2024-07-24,,1,1,1,,1,1,1,1,,,Yes,,Bauchi,,tor02
bd389078-6aab-4cc3-aa5f-9bae4c5054bc,Deposit_Account,Yes,2024-07-24,,1,1,1,,1,1,1,1,,,Yes,,Bauchi,,tor02
7ddc0d41-2270-4051-8fc9-9bd84548cb3a,Deposit_Account,Yes,2024-07-24,,1,1,1,,1,1,1,1,,,Yes,,Bauchi,,tor02
42aea9a7-42d2-4c5c-b102-aa5bfd931a8b,Deposit_Account,Yes,2024-07-24,,1,1,1,,1,1,1,1,,,Yes,,Bauchi,,tor02
f26a4a48-a62a-41b3-a298-d62680188e00,Deposit_Account,Yes,2024-07-24,,1,1,1,,1,1,1,1,,,Yes,,Bauchi,,tor02
77ce4e65-0465-4886-aafe-5f2755e11cb7,Deposit_Account,Yes,2024-07-24,,1,1,1,,1,1,1,1,,,Yes,,Bauchi,,tor02
012d4f3d-e17e-4eef-a9db-4316fdcfa2b5,Deposit_Account,Yes,2024-07-24,,1,1,1,,1,1,1,1,,,Yes,,Bauchi,,tor02
1125b025-ca9a-435a-9a89-871540df3b70,Deposit_Account,Yes,2024-07-24,,1,1,1,,1,1,1,1,,,Yes,,Bauchi,,alk02
7d52923e-a6dd-4008-a528-00b82e189795,Deposit_Account,Yes,2024-08-24,,1,1,1,,1,1,1,1,,,Yes,,Bauchi,,alk02
0ad85d54-e54b-4dc3-8bb4-e3f99a1fe922,Deposit_Account,Yes,2024-07-24,,1,1,1,,1,1,1,1,,,Yes,,Bauchi,,alk02
2eb18846-ff0b-4029-8a68-b607c7fb184d,Deposit_Account,Yes,2024-07-24,,1,1,1,,1,1,1,1,,,Yes,,Bauchi,,alk02
26ebfa66-59a2-4d3d-a7ee-b21b6bcdabf0,Deposit_Account,Yes,2024-07-24,,1,1,1,,1,1,1,1,,,Yes,,Bauchi,,alk02
9a6eadf2-0041-40a0-8f89-57e77dea9dd3,Deposit_Account,Yes,2024-07-24,,1,1,1,,1,1,1,1,,,Yes,,Bauchi,,alk02
4dde6f83-e667-4a16-b89f-de4641252c79,Deposit_Account,Yes,2024-07-24,,1,1,1,,1,1,1,1,,,Yes,,Bauchi,,alk02
e4b5d664-4f2e-449a-99f3-6f5b40289f58,Deposit_Account,Yes,2024-07-24,,1,1,1,,1,1,1,1,,,Yes,,Bauchi,,alk02
8e46f40f-6718-4c92-afe3-2cbf2a012a3c,Deposit_Account,Yes,2024-07-24,,1,1,1,,1,1,1,1,,,Yes,,Bauchi,,alk02
89e24d3c-b2a2-4508-b524-0a315f587270,Deposit_Account,Yes,2024-07-24,,1,1,1,,1,1,1,1,,,Yes,,Bauchi,,alk02
b21c8e51-8590-4549-b2b2-89dcf0e65e74,Deposit_Account,Yes,2024-07-24,,1,1,1,,1,1,1,1,,,Yes,,Bauchi,,alk02
7bd87c57-8965-4408-95c5-927c0c7b3fa3,Deposit_Account,Yes,2024-07-24,,1,1,1,,1,1,1,1,,,Yes,,Bauchi,,alk02
6c04398f-ddb8-457e-91ec-b37f31f6afa8,Deposit_Account,Yes,2024-07-24,,1,1,1,,1,1,1,1,,,Yes,,Bauchi,,alk02
4e097cc1-162b-41c8-be1b-cab50e04c6f8,Deposit_Account,Yes,2024-07-24,,1,1,1,,1,1,1,1,,,Yes,,Bauchi,,alk02
cbf0649b-b622-4c06-bde1-47162763d704,Deposit_Account,Yes,2024-07-24,,1,1,1,,1,1,1,1,,,Yes,,Bauchi,,alk02
9e93a659-82bd-4d89-967f-55ef3c3ffaa0,Deposit_Account,Yes,2024-07-24,,1,1,1,,1,1,1,1,,,Yes,,Bauchi,,alk02
59dddcdb-772b-487e-bc63-089fa0767fda,Deposit_Account,Yes,2024-07-24,,1,1,1,,1,1,1,1,,,Yes,,Bauchi,,alk02
82854672-9b94-433b-bae3-f71fa022516f,Deposit_Account,Yes,2024-07-24,,1,1,1,,1,1,1,1,,,Yes,,Bauchi,,alk02
c863c31f-7fc3-4c3c-8f7b-19b32a39177e,Deposit_Account,Yes,2024-07-24,,1,1,1,,1,1,1,1,,,Yes,,Bauchi,,alk02
bb0dd9b7-9e9d-451c-a175-1fda820d6cec,Deposit_Account,Yes,2024-07-24,,1,1,1,,1,1,1,1,,,Yes,,Bauchi,,alk02
6091a2cc-b4aa-4ff5-a98d-9bebd18a1359,Deposit_Account,Yes,2024-07-24,,1,1,1,,1,1,1,1,,,Yes,,Bauchi,,alk02
4a3aa6de-7fdd-47cd-8d68-050625a2f737,Deposit_Account,Yes,2024-07-24,,1,1,1,,1,1,1,1,,,Yes,,Bauchi,,alk02
828663ee-b8a8-4864-9c05-23950c8ce90c,Deposit_Account,Yes,2024-07-24,,1,1,1,,1,1,,1,,,Yes,,Jigawa,,rin22
78483b2a-0193-42af-8e5c-e3810806919a,Deposit_Account,Yes,2024-07-24,,1,1,1,,1,1,,1,,,Yes,,Jigawa,,rin22
aa953482-8180-43eb-b8a4-891693775efc,Deposit_Account,Yes,2024-07-24,,1,1,1,,1,1,,1,,,Yes,,Jigawa,,rin22
a4d2d423-730f-4612-b943-1f9d74e906e2,Deposit_Account,Yes,2024-07-24,,1,1,1,,,1,,1,,,Yes,,Jigawa,,rin22
ff0a718c-6a56-4c6e-902d-17a49f597210,Deposit_Account,Yes,2024-07-24,,1,1,1,,1,1,,1,,,Yes,,Jigawa,,rin22
04bbda28-f6e4-44f5-b151-f06ef14802d8,Deposit_Account,Yes,2024-07-24,,1,1,1,,1,1,,1,,,Yes,,Jigawa,,rin22
284c6a71-dd53-4dbb-8528-574b4969974b,Deposit_Account,Yes,2024-08-24,,1,1,1,,1,1,,1,,,Yes,,Jigawa,,rin22
1fd2a3ba-16d0-4756-ba5a-39ff679fcacb,Deposit_Account,Yes,2024-07-24,,1,1,1,,1,1,,1,,,Yes,,Jigawa,,rin22
3b50f152-d31e-4f03-a90f-011ff9dd344c,Deposit_Account,Yes,2024-07-24,,1,1,1,,1,,1,1,,,Yes,,Jigawa,,rin22
9091d381-252d-4669-92cc-2c8970a382e8,Deposit_Account,Yes,2024-07-24,,1,1,1,,1,1,,1,,,Yes,,Jigawa,,rin22
02ed64f5-8081-44c5-ac20-f59b83cf3dca,Deposit_Account,Yes,2024-07-24,,1,1,1,,1,1,,1,,,Yes,,Jigawa,,rin22
d0476050-5000-4a63-a8f9-105558bbf4eb,Deposit_Account,Yes,2024-07-24,,1,1,1,,1,1,,1,,,Yes,,Jigawa,,rin22
8a9397c9-cb74-45b6-ad9d-2e48c2bae5cf,Deposit_Account,Yes,2024-07-24,,1,1,1,,1,1,,1,,,Yes,,Jigawa,,rin22
487fef00-022d-4069-8526-dd9ac9ebac93,Deposit_Account,Yes,2024-08-24,,1,1,1,,1,1,,1,,,Yes,,Jigawa,,rin22
2de357cc-684a-43b4-b95f-03ff7971b31b,Deposit_Account,Yes,2024-07-24,,1,1,1,,1,1,,1,,,Yes,,Jigawa,,rin22
e2ff457f-dbfe-48ad-94fc-af9504cd36d3,Deposit_Account,Yes,2024-08-24,,1,1,1,,1,1,,1,,,Yes,,Jigawa,,rin22
698d873b-a8f3-4bd9-8c01-7b8568ff25b4,Deposit_Account,Yes,2024-07-24,,1,1,1,,1,1,,1,,,Yes,,Jigawa,,rin22
d687f223-edcf-486c-a657-1c1b8c7e3d3b,Deposit_Account,Yes,2024-07-24,,1,1,1,,1,1,,1,,,Yes,,Jigawa,,rin22
66e0d2e8-ee4f-4d95-bddd-2422638d7e82,Deposit_Account,Yes,2024-07-24,,1,1,1,,1,1,,1,,,Yes,,Jigawa,,rin22
18015df7-f334-41eb-a2cb-4f6237995f90,Deposit_Account,Yes,2024-07-24,,1,1,1,,1,1,,1,,,Yes,,Jigawa,,rin22
fd1d5dd0-ba45-4af5-a3d9-f727a7692316,Deposit_Account,Yes,2024-07-24,,1,1,1,,1,1,,1,,,Yes,,Jigawa,,rin22
dbeb847e-a918-444b-a543-fe7e52689728,Deposit_Account,Yes,2024-07-24,,1,1,1,,1,1,,1,,,Yes,,Jigawa,,rin22
ff252ad9-5e80-4526-9f0b-e8cef44de627,Deposit_Account,Yes,2024-07-24,,1,1,1,,1,1,,1,,,Yes,,Jigawa,,rin22
5670d146-035b-4808-affd-abe7fdf914c8,Deposit_Account,Yes,2024-07-24,,1,1,1,,1,1,,1,,,Yes,,Jigawa,,rin22
701e1b3c-00d6-4a2b-9be0-8441c077ba01,Deposit_Account,Yes,2024-07-24,,1,1,1,,1,1,,1,,,Yes,,Jigawa,,rin22
7b38a057-6b3a-47cb-927d-3fbe7b332986,Deposit_Account,Yes,2024-07-24,,1,1,,,1,1,,1,,,Yes,,Jigawa,,rin22
7028df0e-eb81-4bfc-a3cd-2a154a8db36a,Deposit_Account,Yes,2024-07-24,,1,1,1,,1,1,,1,,,Yes,,Jigawa,,rin22
7b7825d0-4b29-4da7-87fb-dfa671424878,Deposit_Account,Yes,2024-07-24,,1,1,1,,1,1,,1,,,Yes,,Jigawa,,rin22
c6a20c9e-2500-4039-8550-18de38a9122b,Deposit_Account,Yes,2024-07-24,,1,1,1,,1,1,,1,,,Yes,,Jigawa,,rin22
0d758b25-d543-4bb1-909f-05837ebe6131,Deposit_Account,Yes,2024-07-24,,1,1,1,,1,1,1,1,,,Yes,,Kano,,bag01
c878b2cf-c6b7-48b9-8b69-bcf4785c5380,Deposit_Account,Yes,2024-07-24,,1,1,1,,1,1,1,1,,,Yes,,Kano,,bag01
283766ad-5edf-4c8f-83eb-f898add9240d,Deposit_Account,Yes,2024-07-24,,1,1,1,,1,1,1,1,,,Yes,,Kano,,bag01
f3bfea3c-7650-42db-af99-571c7cf79aa5,Deposit_Account,Yes,2024-07-24,,1,1,1,,1,1,1,1,,,Yes,,Kano,,bag01
e5d61f6b-14dd-4da7-8355-f2be19d4fb9c,Deposit_Account,Yes,2024-07-24,,1,1,1,,1,1,1,1,,,Yes,,Kano,,bag01
cbbca160-bfc9-4a6e-bf5a-1a075ef4141e,Deposit_Account,Yes,2024-07-24,,1,1,1,,1,1,1,1,,,Yes,,Kano,,bag01
000e1ea3-7795-4840-9919-7dff0c89982b,Deposit_Account,Yes,2024-07-24,,1,1,1,,1,1,1,1,,,Yes,,Kano,,bag01
069154b3-ff83-46b0-9a2c-ae55f6350034,Deposit_Account,Yes,2024-07-24,,1,1,1,,1,1,1,1,,,Yes,,Kano,,bag01
b7563b54-fbb7-4ce9-a608-21e314978840,Deposit_Account,Yes,2024-07-24,,1,1,1,,1,1,1,1,,,Yes,,Kano,,bag01
145ed2d2-199d-4594-a167-f40c3337f8b2,Deposit_Account,Yes,2024-07-24,,1,1,1,,1,1,1,1,,,Yes,,Kano,,bag01
85b15a7b-a9b0-4853-a304-70dde45d09c3,Deposit_Account,Yes,2024-07-24,,1,1,1,,1,1,1,1,,,Yes,,Kano,,bag01
acd7bded-2358-4c4a-8c9d-953bbc6a9134,Deposit_Account,Yes,2024-07-24,,1,1,1,,1,1,1,1,,,Yes,,Kano,,bag01
6462ae21-ebc4-476b-b28f-ff35774d6d62,Deposit_Account,Yes,2024-07-24,,1,1,1,,1,1,1,1,,,Yes,,Kano,,bag01
450935f2-eb04-402f-ad3c-7ec273084e60,Deposit_Account,Yes,2024-07-24,,1,1,1,,1,1,1,1,,,Yes,,Kano,,bag01
33914fee-27fa-4796-bda2-dde752b84462,Deposit_Account,Yes,2024-07-24,,1,1,1,,1,1,,1,,,Yes,,Jigawa,,rin22
78632a54-8c76-497b-91a7-d3aae809c865,Deposit_Account,Yes,2024-07-24,,1,1,1,,1,1,1,1,,,Yes,,Kano,,bag01
bda977d0-bf0d-4906-8887-6a7e13f862c5,Deposit_Account,Yes,2024-07-24,,1,1,1,,1,1,1,1,,,Yes,,Kano,,bag01
2009a276-147b-43f0-bfe4-bff67ee1e22c,Deposit_Account,Yes,2024-07-24,,1,1,1,,1,1,1,1,,,Yes,,Kano,,bag01
d7ad549c-71b1-49bb-9306-4134e5fc850e,Deposit_Account,Yes,2024-07-24,,1,1,1,,1,1,1,1,,,Yes,,Kano,,bag01
da0b8bfb-5c99-4e89-9652-a35691d7899b,Deposit_Account,Yes,2024-07-24,,1,1,1,,1,1,1,1,,,Yes,,Kano,,bag01
321361c9-e48e-4d07-b151-a94422c083c3,Deposit_Account,Yes,2024-07-24,,1,1,1,,1,1,1,1,,,Yes,,Kano,,bag01
d115d5a8-a7d7-48ca-9ce3-815dbaa887ea,Deposit_Account,Yes,2024-07-24,,1,1,1,,1,1,,1,,,Yes,,Jigawa,,rin22
0c2abb32-c37f-4fbc-91c8-4b1e77d0e559,Deposit_Account,Yes,2024-07-24,,1,1,1,,1,1,,1,,,Yes,,Jigawa,,rin22
f02a24ac-62be-41a8-a4ba-a9d33121c1a6,Deposit_Account,Yes,2024-07-24,,1,1,1,,1,1,1,1,,,Yes,,Kano,,bag01
f07d4260-a431-4df9-86ed-e397d9b55d9f,Deposit_Account,Yes,2024-07-24,,1,1,1,,1,1,,1,,,Yes,,Jigawa,,rin22
28ba5efd-0026-4920-a126-2ef0d3869634,Deposit_Account,Yes,2024-07-24,,1,1,1,,1,1,1,1,,,Yes,,Kano,,bag01
e34167d5-8ec6-499a-b401-2605e3ed15ea,Deposit_Account,Yes,2024-07-24,,1,1,1,,1,1,,1,,,Yes,,Jigawa,,rin22
53cba293-c48a-4110-ac5d-c89115e88c55,Deposit_Account,Yes,2024-07-24,,1,1,1,,1,1,1,1,,,Yes,,Kano,,bag01
8260d3fb-58e0-4053-8859-f68683e05a83,Deposit_Account,Yes,2024-07-24,,1,1,1,,1,1,,1,,,Yes,,Jigawa,,rin22
b9ce5d0a-2a7b-4514-a362-36c27f1f14a9,Deposit_Account,Yes,2024-07-24,,1,1,1,,1,1,1,1,,,Yes,,Kano,,bag01
c16d6329-66b4-4065-84ae-9b3c2fdb7a7e,Deposit_Account,Yes,2024-07-24,,1,1,1,,1,1,,1,,,Yes,,Jigawa,,rin22
de5c869a-3b3f-4c84-b884-75894d711e56,Deposit_Account,Yes,2024-07-24,,1,1,1,,1,1,1,1,,,Yes,,Kano,,bag01
d5f13529-4343-4781-8005-153f24d6b1f4,Deposit_Account,Yes,2024-07-24,,1,1,1,,1,1,1,1,,,Yes,,Kano,,bag01
1025d5fe-4a55-4e53-b790-0adc1843266c,Deposit_Account,Yes,2024-07-24,,1,1,1,,1,1,,1,,,Yes,,Jigawa,,rin22
126d96f6-0af0-4c85-a75f-41bfb49ca9b6,Deposit_Account,Yes,2024-07-24,,1,1,1,,1,1,1,1,,,Yes,,Kano,,bag01
b94d44ce-bf67-4dd6-b46a-fb2866d125e8,Deposit_Account,Yes,2024-07-24,,1,1,1,,1,1,,1,,,Yes,,Jigawa,,rin22
fab9b702-d0de-4ed8-abb4-6845457d8a45,Deposit_Account,Yes,2024-07-24,,1,1,1,,1,1,1,1,,,Yes,,Kano,,bag01
160494b9-898a-439e-ae82-b361bd788545,Deposit_Account,Yes,2024-07-24,,1,1,1,,1,1,,1,,,Yes,,Jigawa,,rin22
37871c64-d61f-434e-aaee-0229c677ccde,Deposit_Account,Yes,2024-07-24,,1,1,1,,1,1,1,1,,,Yes,,Kano,,bag01
8a7f9c2f-3b1e-444a-bc96-6d158390a220,Deposit_Account,Yes,2024-07-24,,1,1,1,,1,1,,1,,,Yes,,Jigawa,,rin22
7e1db0bd-a30a-4cc9-b9b1-8449fac25a11,Deposit_Account,Yes,2024-07-24,,1,1,1,,1,1,1,1,,,Yes,,Kano,,bag01
8d59e5be-14e8-42cf-ac47-833a1d411988,Deposit_Account,Yes,2024-07-24,,1,1,1,,1,1,,1,,,Yes,,Jigawa,,rin22
873ab600-2ebb-4e9d-9f94-e9b145a8498b,Deposit_Account,Yes,2024-07-24,,1,1,1,,1,1,,1,,,Yes,,Jigawa,,rin22
ba7a0bda-6ab6-41c1-a7e0-14c30488e579,Deposit_Account,Yes,2024-07-24,,1,1,1,,1,1,,1,,,Yes,,Jigawa,,rin22
0e8d5f37-0563-4b7b-937f-29603564f19d,Deposit_Account,Yes,2024-07-24,,1,1,1,,1,1,,1,,,Yes,,Jigawa,,rin22
0fe46c9f-10d2-450a-9a10-b7f6196e2ccf,Deposit_Account,Yes,2024-07-24,,1,1,1,,1,1,1,1,,,Yes,,Kano,,bag05
6ce72ad9-fa02-416c-9835-6a71f875bf9c,Deposit_Account,Yes,2024-07-24,,1,1,1,,1,,,1,,,Yes,,Jigawa,,rin22
f7fc72cb-723f-4861-9039-b00e63bb5866,Deposit_Account,Yes,2024-07-24,,1,1,1,,1,1,1,1,,,Yes,,Kano,,bag05
fd9c1ff2-f7d8-47fd-b392-b8a7b257b533,Deposit_Account,Yes,2024-07-24,,1,1,1,,1,1,1,1,,,Yes,,Kano,,bag05
5ba4653d-5dda-40a4-a2ac-6ef8488b53d6,Deposit_Account,Yes,2024-07-24,,1,1,1,,,1,,1,,,Yes,,Jigawa,,rin22
98af0cd3-99b2-4f73-ae1d-f666b228cb6f,Deposit_Account,Yes,2024-07-24,,1,1,1,,1,1,,1,,,Yes,,Jigawa,,rin22
291a095c-b589-4c2f-8a58-dd0b69dd933a,Deposit_Account,Yes,2024-07-24,,1,1,1,,1,1,,1,,,Yes,,Jigawa,,rin22
a7660de3-d0f6-4b7d-ad45-f7b6589e8106,Deposit_Account,Yes,2024-07-24,,1,1,1,,1,1,,1,,,Yes,,Jigawa,,rin22
1b88ecf6-eb15-44a8-9a24-ef120d565283,Deposit_Account,Yes,2024-07-24,,1,1,1,,1,1,,1,,,Yes,,Jigawa,,rin22
d24c73a9-385b-4112-be91-d91cd0dbbdfd,Deposit_Account,Yes,2024-07-24,,1,1,1,,1,1,,1,,,Yes,,Jigawa,,rin22
441c823f-bd45-4a7d-9f47-8ee6e14c67cd,Deposit_Account,Yes,2024-07-24,,1,1,1,,1,1,,1,,,Yes,,Jigawa,,rin22
e81aa231-466d-43ae-8dd9-8ff61b87a423,Deposit_Account,Yes,2024-07-24,,1,1,1,,1,1,,1,,,Yes,,Jigawa,,rin22
81928696-93b1-40c7-9e4a-5d37d92d0ed2,Deposit_Account,Yes,2024-07-24,,1,1,1,,1,1,,1,,,Yes,,Jigawa,,rin22
8b4c89d3-5585-4052-803b-330ae5d3ecb3,Deposit_Account,Yes,2024-07-24,,1,1,1,,1,1,,1,,,Yes,,Jigawa,,rin22
643b9eaf-015c-48e1-953c-c8d4890aafae,Deposit_Account,Yes,2024-07-24,,1,1,1,,1,1,,1,,,Yes,,Jigawa,,rin22
47591dc9-9727-4ddc-87d4-4724e76b6e2b,Deposit_Account,Yes,2024-07-24,,1,1,1,,1,1,1,1,,,Yes,,Kano,,bag05
a842ad46-b332-4b34-8b3f-45a6b0860dcc,Deposit_Account,Yes,2024-07-24,,1,1,1,,1,1,1,1,,,Yes,,Kano,,bag05
24a859dc-64c9-4889-9df5-07669a5c694b,Deposit_Account,Yes,2024-07-24,,1,1,1,,1,1,1,1,,,Yes,,Kano,,bag05
d5e4179f-3409-4f6e-aa80-c6206e2ab38b,Deposit_Account,Yes,2024-07-24,,1,1,1,,1,1,1,1,,,Yes,,Kano,,bag05
11dc9f3e-6ed2-4ccb-be72-97cde2adc80a,Deposit_Account,Yes,2024-07-24,,1,1,1,,1,1,1,1,,,Yes,,Kano,,bag05
9df1d023-e084-466d-8e27-05c72af65603,Deposit_Account,Yes,2024-07-24,,1,1,1,,1,1,1,1,,,Yes,,Kano,,bag05
cc051190-4e35-4b34-aa78-3f2999bb2e3f,Deposit_Account,Yes,2024-07-24,,1,1,1,,1,1,1,1,,,Yes,,Kano,,bag05
6927121c-1d24-4f18-9e1f-62ad9ceaea7f,Deposit_Account,Yes,2024-07-24,,1,1,1,,1,1,1,1,,,Yes,,Kano,,bag05
3a60f441-3128-4135-a6bf-6ce73746474e,Deposit_Account,Yes,2024-07-24,,1,1,1,,1,1,1,1,,,Yes,,Kano,,bag05
c2ac664b-51b8-4bd0-8011-24d3c5d9022d,Deposit_Account,Yes,2024-07-24,,1,1,1,,1,1,1,1,,,Yes,,Kano,,bag05
6f5e5bba-f6e7-4d6a-8c1e-8496c9716f7f,Deposit_Account,Yes,2024-07-24,,1,1,1,,1,1,1,1,,,Yes,,Kano,,bag05
459db0b7-655d-42f8-84c9-d2315feea2fc,Deposit_Account,Yes,2024-07-24,,1,1,1,,1,1,1,1,,,Yes,,Kano,,bag05
0eaae811-6dc3-4686-9c4c-0789d5fd2952,Deposit_Account,Yes,2024-07-24,,1,1,1,,1,1,1,1,,,Yes,,Kano,,bag05
ff8b0e1d-ec7d-4125-bdfe-56170df82549,Deposit_Account,Yes,2024-07-24,,1,1,1,,1,1,1,1,,,Yes,,Kano,,bag05
8da0e94c-7d4f-4ec5-8a31-8b70d09f298a,Deposit_Account,Yes,2024-07-24,,1,1,1,,1,1,1,1,,,Yes,,Kano,,bag05
feb0fb90-a58e-48df-b203-6ad8b936363a,Deposit_Account,Yes,2024-07-24,,1,1,1,,1,1,1,1,,,Yes,,Kano,,bag05
2345e4fc-9d51-4667-9f30-538972383165,Deposit_Account,Yes,2024-07-24,,1,1,1,,1,1,1,1,,,Yes,,Kano,,bag05
7a042eae-8cd6-4b95-b5b2-ea070d675818,Deposit_Account,Yes,2024-07-24,,1,1,1,,1,1,1,1,,,Yes,,Kano,,bag05
8fd733b9-f6ff-4fef-85a8-6f62d3083450,Deposit_Account,Yes,2024-07-24,,1,1,1,,1,1,1,1,,,Yes,,Kano,,bag05
c9fdd3c7-f61e-4591-80f1-d6c3ee811732,Deposit_Account,Yes,2024-07-24,,1,1,1,,1,1,1,1,,,Yes,,Kano,,bag05
9eb630f1-bf31-40b8-8a3d-fc6fc0f58325,Deposit_Account,Yes,2024-07-24,,1,1,1,,1,1,1,1,,,Yes,,Kano,,bag05
000e7005-10af-47cd-a574-0cedbedf5afc,Deposit_Account,Yes,2024-07-24,,1,1,1,,1,1,1,1,,,Yes,,Kano,,bag05
73c2ac71-dfe3-413a-8294-7df8814c617c,Deposit_Account,Yes,2024-07-24,,1,1,1,,1,1,1,1,,,Yes,,Kano,,bag05
c15f55cf-15f2-496b-9a9a-b0930609766b,Deposit_Account,Yes,2024-07-24,,1,1,1,,1,1,1,1,,,Yes,,Kano,,bag05
a98285cc-1f20-43c0-a61f-c2a8b04d0b79,Deposit_Account,Yes,2024-07-24,,1,1,1,,1,1,1,1,,,Yes,,Kano,,bag05
fabc61c7-0450-4056-9bd2-6244eaa8f683,Deposit_Account,Yes,2024-07-24,,1,1,1,,1,1,1,1,,,Yes,,Kano,,bag05
3be3801b-874a-4037-a5a0-923c6e50b3d4,Deposit_Account,Yes,2024-07-24,,1,1,1,,1,1,1,1,,,Yes,,Kano,,bag05
a77058ef-1cd0-485f-8dd2-c3f8e4b5b571,Deposit_Account,Yes,2024-07-24,,1,1,1,,1,1,1,1,,,Yes,,Kano,,bag10
a6f16a2f-a583-42cc-ae10-77331fe67ccf,Deposit_Account,Yes,2024-07-24,,1,1,1,,1,1,1,1,,,Yes,,Kano,,bag10
ede47d13-e313-4659-9b36-fcaf247bfa34,Deposit_Account,Yes,2024-07-24,,1,1,1,,1,1,1,1,,,Yes,,Kano,,bag10
9fbdd29c-e355-4a6a-a216-963232f62519,Deposit_Account,Yes,2024-07-24,,1,1,1,,1,1,1,1,,,Yes,,Kano,,bag10
e72985d9-fed8-4984-9983-1447d6f5c4bc,Deposit_Account,Yes,2024-07-24,,1,1,1,,1,1,1,1,,,Yes,,Kano,,bag10
aea38e38-9e3c-4458-858a-c2baac6563a7,Deposit_Account,Yes,2024-07-24,,1,1,1,,1,1,1,1,,,Yes,,Kano,,bag10
700448fa-b506-46fe-bc75-a6ef8712c807,Deposit_Account,Yes,2024-07-24,,1,1,1,,1,1,1,1,,,Yes,,Kano,,bag10
3e2b41df-7e31-4bc8-b02f-d7e5e3d4ce39,Deposit_Account,Yes,2024-07-24,,1,1,1,,1,1,1,1,,,Yes,,Kano,,bag10
8fbbccca-aaa9-4b7b-95ec-8dc20460f9ea,Deposit_Account,Yes,2024-07-24,,1,1,1,,1,1,1,1,,,Yes,,Kano,,bag10
1373ce09-a51c-4391-a0ae-d6981ddec4b1,Deposit_Account,Yes,2024-07-24,,1,1,1,,1,1,1,1,,,Yes,,Kano,,bag10
4c90d2f7-4908-480c-8259-81fe73ff0612,Deposit_Account,Yes,2024-06-24,,1,1,1,,1,1,1,1,,,Yes,,Kano,,bag10
359656d2-3bde-4cbe-8ca2-13f122093bb0,Deposit_Account,Yes,2024-07-24,,1,1,1,,1,1,1,1,,,Yes,,Kano,,bag10
1c5c2bb6-548e-4058-8378-30a29454f090,Deposit_Account,Yes,2024-07-24,,1,1,1,,1,1,1,1,,,Yes,,Kano,,bag10
a5509170-ac59-4edb-8ebd-b7fd2d8fef76,Deposit_Account,Yes,2024-07-24,,1,1,1,,1,1,1,1,,,Yes,,Kano,,bag10
05063775-4d33-428f-ba48-f55eefb562db,Deposit_Account,Yes,2024-07-24,,1,1,1,,1,1,1,1,,,Yes,,Kano,,bag10
29dcbab4-4695-4d37-ad34-c694b03b5acf,Deposit_Account,Yes,2024-07-24,,1,1,1,,1,1,1,1,,,Yes,,Kano,,bag10
34aeb96b-85be-4e9d-a7e9-d9fc7d13b89c,Deposit_Account,Yes,2024-07-24,,1,1,1,,1,1,1,1,,,Yes,,Kano,,bag10
7836cae3-e575-487f-b511-e2f6985547a8,Deposit_Account,Yes,2024-07-24,,1,1,1,,1,1,1,1,,,Yes,,Kano,,bag10
f050752a-8649-4b30-94f6-e4225e3d29c3,Deposit_Account,Yes,2024-07-24,,1,1,1,,1,1,1,1,,,Yes,,Kano,,bag10
cd65074c-6f25-4e23-a88e-7e343e60e803,Deposit_Account,Yes,2024-07-24,,1,1,1,,1,1,1,1,,,Yes,,Kano,,bag10
d1ec1b77-58f8-4e5a-86a8-bb8303d0d96f,Deposit_Account,Yes,2024-07-24,,1,1,1,,1,1,1,1,,,Yes,,Kano,,bag10
d5823439-a09a-490a-b2b4-87332fc46bc4,Deposit_Account,Yes,2024-07-24,,1,1,1,,1,1,1,1,,,Yes,,Kano,,bag10
8502c104-6fb0-4d1e-87bd-578e0a550dc6,Deposit_Account,Yes,2024-07-24,,1,1,1,,1,1,1,1,,,Yes,,Kano,,bag10
38a85d8b-5881-4a56-96cc-2ade24c3a685,Deposit_Account,Yes,2024-07-24,,1,1,1,,1,1,1,1,,,Yes,,Kano,,bag10
4107edc5-a26c-4b19-8d71-59d7458e1912,Deposit_Account,Yes,2024-07-24,,1,1,1,,1,1,1,1,,,Yes,,Kano,,bag10
631a0bf8-e6ee-4422-b317-cb3e5b246791,Deposit_Account,Yes,2024-07-24,,1,1,1,,1,1,1,1,,,Yes,,Kano,,bag10
353ed07b-a298-4855-8168-6f0927948e62,Deposit_Account,Yes,2024-07-24,,1,1,1,,1,1,1,1,,,Yes,,Kano,,bag10
f0b2699e-09dc-4bfb-bf22-f81998dbb6d3,Deposit_Account,Yes,2024-07-24,,1,1,1,,1,1,1,1,,,Yes,,Kano,,bag10
f91b1034-a24b-4407-b5b3-a19e895c55dc,Deposit_Account,Yes,2024-07-24,,1,1,1,,1,1,1,1,,,Yes,,Kano,,bag10
45ad946a-96d8-4728-833e-05438c71f9ca,Deposit_Account,Yes,2024-07-24,,1,1,1,,1,1,1,1,,,Yes,,Kano,,bag10
610e8fdb-d4f4-4900-b75f-f883015fa6e9,Deposit_Account,Yes,2024-07-24,,1,1,1,,1,1,,1,,,Yes,,Jigawa,,rin23
15680991-5aec-48ad-9d60-bf94963cab83,Deposit_Account,Yes,2024-07-24,,1,1,1,,1,1,,1,,,Yes,,Jigawa,,rin23
ac169c87-583d-4a30-b22a-18429e51c1f9,Deposit_Account,Yes,2024-07-24,,1,1,1,,1,1,,1,,,Yes,,Jigawa,,rin23
9e6c06fb-3ff7-4a8f-93eb-1c7d51073788,Deposit_Account,Yes,2024-07-24,,1,1,1,,1,1,,1,,,Yes,,Jigawa,,rin23
032979dd-8fb5-4ce6-8dba-61bd3e199eb4,Deposit_Account,Yes,2024-07-24,,1,1,1,,1,1,,1,,,Yes,,Jigawa,,rin23
a6719259-5f5c-44ad-98da-3c04aaa82199,Deposit_Account,Yes,2024-07-24,,1,1,1,,1,1,,1,,,Yes,,Jigawa,,rin23
003b493a-f3d0-498f-938b-4a9fe739bc78,Deposit_Account,Yes,2024-07-24,,1,1,1,,1,1,,1,,,Yes,,Jigawa,,rin23
35060581-bcad-45ac-adc2-cd69389d976c,Deposit_Account,Yes,2024-07-24,,1,1,1,,1,1,,1,,,Yes,,Jigawa,,rin23
a4a85c65-b837-44be-af4d-941796c4c6ab,Deposit_Account,Yes,2024-07-24,,1,1,1,,1,1,,1,,,Yes,,Jigawa,,rin23
12c82ee4-6391-4874-b0fb-25daf862b9af,Deposit_Account,Yes,2024-07-24,,1,1,1,,1,1,,1,,,Yes,,Jigawa,,rin23
c9b8c5d3-7296-478d-91f6-b31146a640bf,Deposit_Account,Yes,2024-07-24,,1,1,1,,1,1,,1,,,Yes,,Jigawa,,rin23
43e3756b-41ad-4bd3-b66e-04f25037f773,Deposit_Account,Yes,2024-07-24,,1,1,1,,1,1,,1,,,Yes,,Jigawa,,rin23
318cdd89-a98a-491d-8180-2c63ef24108b,Deposit_Account,Yes,2024-07-24,,1,1,1,,1,1,,1,,,Yes,,Jigawa,,rin23
1fd428fa-9d8a-48fb-a772-569c8cde36a0,Deposit_Account,Yes,2024-07-24,,1,1,1,,1,1,,1,,,Yes,,Jigawa,,rin23
01a47e30-cf1c-4f1d-9839-0b46036febce,Deposit_Account,Yes,2024-07-24,,1,1,1,,1,1,,1,,,Yes,,Jigawa,,rin23
8761729b-0154-4df2-ae5a-deb9c1be61ae,Deposit_Account,Yes,2024-07-24,,1,1,1,,1,1,,1,,,Yes,,Jigawa,,rin23
ac75d0ae-610c-4688-a579-a72e2eb35356,Deposit_Account,Yes,2024-07-24,,1,1,1,,1,1,,1,,,Yes,,Jigawa,,rin23
dc32a4c3-adde-459f-85ed-f45f3557074e,Deposit_Account,Yes,2024-07-24,,1,1,1,,1,1,,1,,,Yes,,Jigawa,,rin23
80a5981b-e3c1-4f86-bdd1-f960afecac9f,Deposit_Account,Yes,2024-07-24,,1,1,1,,1,1,,1,,,Yes,,Jigawa,,rin23
074c8bac-bb16-439d-9a9c-cff9ded9e916,Deposit_Account,Yes,2024-07-24,,1,1,1,,1,1,,1,,,Yes,,Jigawa,,rin23
76851e35-c137-4fcd-8de0-498c3289368e,Deposit_Account,Yes,2024-07-24,,1,1,1,,1,1,,1,,,Yes,,Jigawa,,rin23
e0dc0e8a-6aed-445f-96a5-b1a8ed89a0f0,Deposit_Account,Yes,2024-07-24,,1,1,1,,1,1,,1,,,Yes,,Jigawa,,rin23
821f9e89-b968-4210-ab84-0bc9bc1c5379,Deposit_Account,Yes,2024-07-24,,1,1,1,,1,1,,1,,,Yes,,Jigawa,,rin23
ef922d9e-59e2-4c60-a1b5-69a742130ca3,Deposit_Account,Yes,2024-07-24,,1,1,1,,1,1,,1,,,Yes,,Jigawa,,rin23
b83e670c-78a7-4c23-8775-2f36d663ed50,Deposit_Account,Yes,2024-07-24,,1,1,1,,1,1,,1,,,Yes,,Jigawa,,rin23
1ec9e382-e9ae-4e01-b609-dcdd5ccd65c6,Deposit_Account,Yes,2024-07-24,,1,1,1,,1,1,,1,,,Yes,,Jigawa,,rin23
978139f7-c4d8-4ef7-aee3-52f39aaac373,Deposit_Account,Yes,2024-07-24,,1,1,1,,1,1,,1,,,Yes,,Bauchi,,taf03
69c1f248-16d2-492c-bc71-b9b92223cbd0,Deposit_Account,Yes,2024-07-24,,1,1,1,,1,1,,1,,,Yes,,Bauchi,,taf03
b30d5b30-b85a-42c1-8ee1-c6fd7c066bda,Deposit_Account,Yes,2024-07-24,,1,1,1,,1,1,,1,,,Yes,,Bauchi,,taf03
e1fb6904-ad6b-48ef-99f5-8deeb04eebd0,Deposit_Account,Yes,2024-07-24,,1,1,1,,1,1,,1,,,Yes,,Bauchi,,taf03
64678dc0-a091-44e9-b0e9-030f15d91c67,Deposit_Account,Yes,2024-07-24,,1,1,1,,1,1,,1,,,Yes,,Bauchi,,taf03
d4651817-2377-4533-a324-64e3c1a0a94f,Deposit_Account,Yes,2024-07-24,,1,1,1,,1,1,,1,,,Yes,,Bauchi,,taf03
2dca92ed-8bbf-4350-a096-cb542eaa24fc,Deposit_Account,Yes,2024-07-24,,1,1,1,,1,1,,1,,,Yes,,Bauchi,,taf03
b066c9d8-ffde-44bf-ba49-e8101cf5d304,Deposit_Account,Yes,2024-07-24,,1,1,1,,1,1,,1,,,Yes,,Bauchi,,taf03
5cebe163-66d4-4a63-b7e6-3df184961692,Deposit_Account,Yes,2024-07-24,,1,1,1,,1,1,,1,,,Yes,,Bauchi,,taf03
f3ac309b-cba5-4b4a-a088-e0e4a20cb33c,Deposit_Account,Yes,2024-07-24,,1,1,1,,1,1,,1,,,Yes,,Bauchi,,taf03
f245b5ef-69d4-4f45-9c3a-11f29a59c01b,Deposit_Account,Yes,2024-07-24,,1,1,1,,1,1,,1,,,Yes,,Bauchi,,taf03
5f67eaa7-8f30-428e-b0b7-8ef0be289efa,Deposit_Account,Yes,2024-07-24,,1,1,1,,1,1,,1,,,Yes,,Bauchi,,taf03
c00d0536-e7f9-4913-8ff9-8d46a0006bc1,Deposit_Account,Yes,2024-07-24,,1,1,1,,1,1,,1,,,Yes,,Bauchi,,taf03
3d976027-c04d-4137-8845-a64d74ea22b1,Deposit_Account,Yes,2024-07-24,,1,1,1,,1,1,,1,,,Yes,,Bauchi,,taf03
a5d2dd68-0432-4ad5-bc26-719a835322d7,Deposit_Account,Yes,2024-07-24,,1,1,1,,1,1,,1,,,Yes,,Bauchi,,taf03
bb806aea-3d85-4af0-adeb-c6d1f9abbd89,Deposit_Account,Yes,2024-07-24,,1,1,1,,1,1,,1,,,Yes,,Bauchi,,taf03
aa1e2d4f-1cc5-49cb-960c-170cd9737848,Deposit_Account,Yes,2024-07-24,,1,1,1,,1,1,,1,,,Yes,,Bauchi,,taf03
327c5c0a-7817-4919-b30f-884a9135f391,Deposit_Account,Yes,2024-07-24,,1,1,1,,1,1,,1,,,Yes,,Bauchi,,taf03
a8db5b8e-de29-486c-b2b5-e216c16dac28,Deposit_Account,Yes,2024-07-24,,1,1,1,,1,1,,1,,,Yes,,Jigawa,,rin23
6a8fab4d-1f83-4f90-bf11-82129083dabf,Deposit_Account,Yes,2024-07-24,,1,1,1,,1,1,,1,,,Yes,,Jigawa,,rin23
fc4d5f34-1bb6-4911-a1f1-4734a4fe365c,Deposit_Account,Yes,2024-07-24,,1,1,1,,1,1,,1,,,Yes,,Jigawa,,rin23
3dd4a2b3-7de3-4be3-b2e8-18cbb46ebf84,Deposit_Account,Yes,2024-07-24,,1,1,1,,1,1,,1,,,Yes,,Jigawa,,rin23
d3fc1b1e-9b7d-4d05-897d-619322fca0de,Deposit_Account,Yes,2024-07-24,,1,1,1,,1,1,,1,,,Yes,,Jigawa,,rin23
a94b8a28-f94b-4868-a786-0630ee47255b,Deposit_Account,Yes,2024-07-24,,1,1,1,,1,1,,1,,,Yes,,Jigawa,,rin23
40b58181-ca6c-47ac-9a51-4ae0dd15992b,Deposit_Account,Yes,2024-07-24,,1,1,1,,1,1,,1,,,Yes,,Jigawa,,rin23
43a10a45-fa86-4f57-9599-c2e9b3255a5e,Deposit_Account,Yes,2024-07-24,,1,1,1,,1,1,,1,,,Yes,,Jigawa,,rin23
d9cedb49-6a97-42f7-9e83-3ec1c8f58592,Deposit_Account,Yes,2024-07-24,,1,1,1,,1,1,,1,,,Yes,,Jigawa,,rin23
6b904321-7e94-4949-a429-5bc2fed2f202,Deposit_Account,Yes,2024-07-24,,1,1,1,,1,1,,1,,,Yes,,Jigawa,,rin23
b4a5209c-787d-43e1-b4ce-4ba44c1abee4,Deposit_Account,Yes,2024-07-24,,1,1,1,,1,1,,1,,,Yes,,Jigawa,,rin23
4a335c15-72ff-4f59-a998-7bcdbf7a358d,Deposit_Account,Yes,2024-07-24,,1,1,1,,1,1,,1,,,Yes,,Jigawa,,rin23
64f36646-a82b-46c0-a2cf-9a6a0f19961f,Deposit_Account,Yes,2024-07-24,,1,1,1,,1,1,,1,,,Yes,,Jigawa,,rin23
c5f69b25-4ea8-4234-8762-7404067f4ce3,Deposit_Account,Yes,2024-07-24,,1,1,1,,1,1,,1,,,Yes,,Jigawa,,rin23
370a5acb-25f2-4368-b4ad-9bbb79e89d87,Deposit_Account,Yes,2024-07-24,,1,1,1,,1,1,,1,,,Yes,,Jigawa,,rin23
df0e3c44-0e5b-41aa-92f2-534608a5f0b8,Deposit_Account,No,2024-07-24,,1,1,1,,1,1,,1,,,Yes,,Jigawa,,rin23
7bd7129f-4a34-43a8-8c12-feccdcf3494b,Deposit_Account,Yes,2024-07-24,,1,1,1,,1,1,,1,,,Yes,,Jigawa,,rin23
dd5cff8c-6932-4e34-8577-33c060efd2fa,Deposit_Account,Yes,2024-07-24,,1,1,1,,1,1,,1,,,Yes,,Jigawa,,rin23
924b5c11-78eb-4f22-86fc-0c5067af8ec7,Deposit_Account,Yes,2024-07-24,,1,1,1,,1,1,,1,,,Yes,,Jigawa,,rin23
2550e363-05ff-4cfa-beff-4fa4fb372ebf,Deposit_Account,Yes,2024-07-24,,1,1,1,,1,1,,1,,,Yes,,Jigawa,,rin23
f5f4dbf2-e6b7-4bd5-8811-c3df785f0084,Deposit_Account,Yes,2024-07-24,,1,1,1,,1,1,,1,,,Yes,,Jigawa,,rin23
56af54a6-bd27-4c81-ac52-601a729062d2,Deposit_Account,Yes,2024-07-24,,1,1,1,,1,1,,1,,,Yes,,Jigawa,,rin23
a7c2447b-ba88-474c-ab0b-1d359365ecb4,Deposit_Account,Yes,2024-07-24,,1,1,1,,1,1,,1,,,Yes,,Jigawa,,rin23
e9302018-ad27-4f04-8ee2-e8b35564ab4d,Deposit_Account,Yes,2024-07-24,,1,1,1,,1,1,,1,,,Yes,,Bauchi,,taf03
db1d3bf0-178b-4986-81d4-0d04521f658b,Deposit_Account,Yes,2024-07-24,,1,1,1,,1,1,,1,,,Yes,,Bauchi,,taf03
aa5ccb73-676d-4da2-8cbd-e2c3d9e3db39,Deposit_Account,Yes,2024-07-24,,1,1,1,,1,1,,1,,,Yes,,Bauchi,,taf03
936f9dcb-35ae-4fbd-b563-24ebaeb8aebb,Deposit_Account,Yes,2024-07-24,,1,1,1,,1,1,,1,,,Yes,,Bauchi,,taf03
e6fb080f-827f-42f9-ab55-9f2efd95a301,Deposit_Account,Yes,2024-07-24,,1,1,1,,1,1,,1,,,Yes,,Bauchi,,taf03
b96be8c0-43c7-40b6-b4dd-e159e17db08d,Deposit_Account,Yes,2024-07-24,,1,1,1,,1,1,,1,,,Yes,,Bauchi,,taf03
53cd03ec-e357-47b1-8e08-6354f833ee0c,Deposit_Account,Yes,2024-07-24,,1,1,1,,1,1,,1,,,Yes,,Bauchi,,taf03
a7999c1a-3274-4748-8d72-9f84807d86dc,Deposit_Account,Yes,2024-07-24,,1,1,1,,1,1,,1,,,Yes,,Bauchi,,taf03
d5e516f9-89b9-4fd0-8843-b1f5a7712af7,Deposit_Account,Yes,2024-07-24,,1,1,1,,1,1,,1,,,Yes,,Bauchi,,taf03
db33a0c7-2833-4635-87bb-c67a1324b87e,Deposit_Account,Yes,2024-07-24,,1,1,1,,1,1,,1,,,Yes,,Bauchi,,taf03
8bac4c69-0af7-4637-9f5e-8d982f3f700f,Deposit_Account,Yes,2024-07-24,,1,1,1,,1,1,,1,,,Yes,,Jigawa,,rin23
f8ea54fa-85b3-4534-b24b-306878d9e402,Deposit_Account,Yes,2024-07-24,,1,1,1,,1,1,,1,,,Yes,,Jigawa,,rin23
e220d1b9-e837-4d9d-8179-b4b1352a46e9,Deposit_Account,Yes,2024-07-24,,1,1,1,,1,1,,1,,,Yes,,Jigawa,,rin23
f794dceb-4937-4d82-bdc7-a86c6cdb536b,Deposit_Account,Yes,2024-07-24,,1,1,1,,1,1,,1,,,Yes,,Jigawa,,rin23
70e523cc-e48b-4b4e-97fd-202a6e899f08,Deposit_Account,Yes,2024-07-24,,1,1,1,,1,1,,1,,,Yes,,Jigawa,,rin23
b4562135-fd24-4f95-af0c-2d6ea2171c5e,Deposit_Account,Yes,2024-07-24,,1,1,1,,1,1,,1,,,Yes,,Jigawa,,rin23
0f35f257-b8d9-46ec-b478-b1f046b06fe3,Deposit_Account,Yes,2024-07-24,,1,1,1,,1,1,,1,,,Yes,,Jigawa,,rin23
e4a8a243-4db8-4848-8e54-6c036b60b3b2,Deposit_Account,Yes,2024-07-24,,1,1,1,,1,1,,1,,,Yes,,Jigawa,,rin23
0f21128b-b535-4cb1-b99f-c123241942da,Deposit_Account,Yes,2024-07-24,,1,1,1,,1,1,,1,,,Yes,,Jigawa,,rin23
6d356220-2e67-4fea-8117-ea3d3525b82b,Deposit_Account,Yes,2024-07-24,,1,1,1,,1,1,,1,,,Yes,,Jigawa,,rin23
678ec97b-e9d3-41ec-aa2c-28dd329ae3de,Deposit_Account,Yes,2024-07-24,,1,1,1,,1,1,,1,,,Yes,,Jigawa,,rin23
a5d9004b-8bbe-4d4f-910e-b6df5b5e3fe3,Deposit_Account,Yes,2024-07-24,,1,1,1,,1,1,,1,,,Yes,,Jigawa,,rin23
f76fa145-9fff-49c9-b0f6-bef8d1f1abbc,Deposit_Account,Yes,2024-07-24,,1,1,1,,1,1,,1,,,Yes,,Jigawa,,rin23
061e869b-d0b3-4885-b0be-cbcd77619fc3,Deposit_Account,Yes,2024-07-24,,1,1,1,,1,1,,1,,,Yes,,Bauchi,,taf04
294314db-c454-4550-847c-e7f75cc914b7,Deposit_Account,Yes,2024-07-24,,1,1,1,,1,1,,1,,,Yes,,Bauchi,,taf04
9c6c6fee-b597-45ce-9235-fa92aca89620,Deposit_Account,Yes,2024-07-24,,1,1,1,,1,1,,1,,,Yes,,Bauchi,,taf04
83ee4df7-2c04-4376-85a7-258420bc96f7,Deposit_Account,Yes,2024-07-24,,1,1,1,,1,1,1,1,,,Yes,,Bauchi,,bau10
b3dae8c2-cc32-40c3-893f-e498d9fa5b1f,Deposit_Account,Yes,2024-07-24,,1,1,1,,1,1,1,1,,,Yes,,Bauchi,,bau10
bb20a87f-89b5-4b8d-ba02-30604a65240c,Deposit_Account,Yes,2024-07-24,,1,1,1,,1,1,1,1,,,Yes,,Bauchi,,bau10
713cfb45-f875-4046-a0d9-85880c0de7b8,Deposit_Account,Yes,2024-07-24,,1,1,1,,1,1,1,1,,,Yes,,Bauchi,,bau10
311eec7a-3ffd-43b0-a1d8-e77e5ef9add6,Deposit_Account,Yes,2024-07-24,,1,1,1,,1,1,1,1,,,Yes,,Bauchi,,bau10
efd1ee3f-7256-4571-aecc-4765821dda4d,Deposit_Account,Yes,2024-07-24,,1,1,1,,1,1,1,1,,,Yes,,Bauchi,,bau10
b4c8086d-5042-445f-9b6d-d24abc94318b,Deposit_Account,Yes,2024-07-24,,1,1,1,,1,1,1,1,,,Yes,,Bauchi,,bau10
8eac1b1f-1140-418e-8eb0-bbbdb9325aad,Deposit_Account,Yes,2024-07-24,,1,1,1,,1,1,1,1,,,Yes,,Bauchi,,bau10
41056657-1256-48dd-8b83-b1087b6614b2,Deposit_Account,Yes,2024-07-24,,1,1,1,,1,1,1,1,,,Yes,,Bauchi,,bau10
604c7910-7b3c-4cf5-af99-ee35de338ff4,Deposit_Account,Yes,2024-07-24,,1,1,1,,1,1,1,1,,,Yes,,Bauchi,,bau10
aa5f6bb6-aaea-4f9c-83de-69d67c3509c6,Deposit_Account,Yes,2024-07-24,,1,1,1,,1,1,1,1,,,Yes,,Bauchi,,bau10
bd2d0eef-dff5-40ad-98b1-2a62a03df799,Deposit_Account,Yes,2024-07-24,,1,1,1,,1,1,1,1,,,Yes,,Bauchi,,bau10
757447bc-dba6-4764-96ce-8936a26bc252,Deposit_Account,Yes,2024-07-24,,1,1,1,,1,1,1,1,,,Yes,,Bauchi,,bau10
a0a40fa9-3cfc-4ad2-b9dc-0c58a07e5808,Deposit_Account,Yes,2024-07-24,,1,1,1,,1,1,1,1,,,Yes,,Bauchi,,bau10
aa371346-e292-4c52-9617-ea65d468a8ce,Deposit_Account,Yes,2024-07-24,,1,1,1,,1,1,1,1,,,Yes,,Bauchi,,bau10
0ec747cd-29ad-49eb-87a3-518ce56f066f,Deposit_Account,Yes,2024-07-24,,1,1,1,,1,1,1,1,,,Yes,,Bauchi,,bau10
f1f6774c-f1ba-4b8d-b87c-d42e0091302f,Deposit_Account,Yes,2024-07-24,,1,1,1,,1,1,1,1,,,Yes,,Bauchi,,bau10
3e1d2cf4-0050-40c9-8015-a38d3a3c3cc7,Deposit_Account,Yes,2024-07-24,,1,1,1,,1,1,1,1,,,Yes,,Bauchi,,bau10
2bfbccf4-1d71-4cf2-acb4-d9ef613132a9,Deposit_Account,Yes,2024-07-24,,1,1,1,,1,1,1,1,,,Yes,,Bauchi,,bau10
936b3f85-cc02-4b06-9d38-d9c811aa23d5,Deposit_Account,Yes,2024-07-24,,1,1,1,,1,1,1,1,,,Yes,,Bauchi,,bau10
a856688a-a90b-4d63-a0dd-f2ee7ee6ba09,Deposit_Account,Yes,2024-07-24,,1,1,1,,1,1,1,1,,,Yes,,Bauchi,,bau10
f7cc1556-f155-4e71-ad33-5b4737d46143,Deposit_Account,Yes,2024-07-24,,1,1,1,,1,1,1,1,,,Yes,,Bauchi,,bau10
4d3f5764-4417-4a65-ad98-f4d1b4ee8878,Deposit_Account,Yes,2024-07-24,,1,1,1,,1,1,1,1,,,Yes,,Bauchi,,bau10
8a1f937e-4220-4ab9-b888-aedf7785892c,Deposit_Account,Yes,2024-07-24,,1,1,1,,1,1,1,1,,,Yes,,Bauchi,,bau10
ea4a068c-312b-4eb6-a8ca-3f6f3101f33c,Deposit_Account,Yes,2024-07-24,,1,1,1,,1,1,1,1,,,Yes,,Bauchi,,bau10
e0d0a23d-8752-4b0b-aeb3-c3ee29c7e22c,Deposit_Account,Yes,2024-07-24,,1,1,1,,1,1,1,1,,,Yes,,Bauchi,,bau10
a827fa7a-c4da-4296-8e83-bfee4e03f337,Deposit_Account,Yes,2024-07-24,,1,1,1,,1,1,1,1,,,Yes,,Bauchi,,bau10
ef757075-2199-4943-8412-66c71aeff1f2,Deposit_Account,Yes,2024-07-24,,1,1,1,,1,1,1,1,,,Yes,,Bauchi,,bau10
29cd7977-3186-41e6-96ef-f95e7e258ff4,Deposit_Account,Yes,2024-07-24,,1,1,1,,1,1,1,1,,,Yes,,Bauchi,,bau10
cdfed4cb-d194-4ed8-8938-35032ceb5d8e,Deposit_Account,Yes,2024-07-24,,1,1,1,,1,1,1,1,,,Yes,,Bauchi,,bau10
b0e1022b-39fa-48d8-a065-8dca921c9388,Deposit_Account,Yes,2024-07-24,,1,1,1,,1,1,1,1,,,Yes,,Bauchi,,bau10
81678e05-e1b7-4305-b8f0-cd5beb4991ac,Deposit_Account,Yes,2024-07-24,,1,1,1,,1,1,1,1,,,Yes,,Bauchi,,bau10
892f4644-ee5c-43e4-b94f-f68475b180b3,Deposit_Account,Yes,2024-07-24,,1,1,1,,1,1,1,1,,,Yes,,Bauchi,,bau11
714fe979-631d-47a5-9335-7c63e8cdde86,Deposit_Account,Yes,2024-07-24,,1,1,1,,1,1,1,1,,,Yes,,Bauchi,,bau11
588b2cf4-f4c3-4967-9ca2-1bfef08df071,Deposit_Account,Yes,2024-07-24,,,1,1,,1,1,,1,,,Yes,,Bauchi,,taf04
1d2f6697-3c12-4878-b9c9-6639b9e9445d,Deposit_Account,Yes,2024-07-24,,1,1,1,,1,1,,1,,,Yes,,Bauchi,,taf04
fbc1d821-1c27-4c0a-a646-acf9e36c2df6,Deposit_Account,Yes,2024-07-24,,1,1,1,,1,1,,1,,,Yes,,Bauchi,,taf04
dde2f175-1e84-4ae4-afc8-99629d325915,Deposit_Account,Yes,2024-07-24,,1,1,1,,1,1,,1,,,Yes,,Bauchi,,taf04
4792c0d4-50f4-4b8a-9506-3e8ddf84e5ae,Deposit_Account,Yes,2024-07-24,,1,1,1,,1,1,,1,,,Yes,,Bauchi,,taf04
b52f8f77-9ce4-4b66-b84d-70c394717470,Deposit_Account,Yes,2024-07-24,,1,1,1,,1,1,,1,,,Yes,,Bauchi,,taf04
f7b5f71d-49b4-4fdb-a1d3-be338f0b76cb,Deposit_Account,Yes,2024-07-24,,1,1,1,,1,1,,1,,,Yes,,Bauchi,,taf04
35b060cf-6d81-437a-8c7d-828f6deb9d5a,Deposit_Account,Yes,2024-07-24,,1,1,1,,1,1,,1,,,Yes,,Bauchi,,taf04
d8a9ecbb-0708-4c09-9a68-e78c41caff46,Deposit_Account,Yes,2024-07-24,,1,1,1,,1,1,1,1,,,Yes,,Bauchi,,bau11
ee465dae-11cf-49d6-a875-38b6d0a8e990,Deposit_Account,Yes,2024-07-24,,1,1,1,,1,1,1,1,,,Yes,,Bauchi,,bau11
ea9a7350-42ff-4798-a390-760163a4f442,Deposit_Account,Yes,2024-07-24,,1,1,1,,1,1,1,1,,,Yes,,Bauchi,,bau11
9713de26-c33a-4bbf-b710-592493aaa788,Deposit_Account,Yes,2024-07-24,,1,1,1,,1,1,1,1,,,Yes,,Bauchi,,bau11
3d095ffa-604e-4572-b4e7-30bb4998b9b5,Deposit_Account,Yes,2024-07-24,,1,1,1,,1,1,1,1,,,Yes,,Bauchi,,bau11
fe3025a5-efc4-46d3-853f-7b1bbe1fd89d,Deposit_Account,Yes,2024-07-24,,1,1,1,,1,1,1,1,,,Yes,,Bauchi,,bau11
2ab896a4-52df-49f9-85ff-82d3f319498f,Deposit_Account,Yes,2024-07-24,,1,1,1,,1,1,1,1,,,Yes,,Bauchi,,bau11
67bfcf62-72a6-4e10-b8ce-7e902a4531bd,Deposit_Account,Yes,2024-07-24,,1,1,1,,1,1,1,1,,,Yes,,Bauchi,,bau11
00ef8be9-0aeb-4fa1-8be4-f245247ecc17,Deposit_Account,Yes,2024-07-24,,1,1,1,,1,1,1,1,,,Yes,,Bauchi,,bau11
80147274-04c0-440e-bd59-57688e745a8c,Deposit_Account,Yes,2024-07-24,,1,1,1,,1,1,1,1,,,Yes,,Bauchi,,bau11
62502d2e-58ec-4780-82e0-e44f9822bfa8,Deposit_Account,Yes,2024-07-24,,1,1,1,,1,1,1,1,,,Yes,,Bauchi,,bau11
3ccaf52f-1f54-4b30-9014-451164a8bd84,Deposit_Account,Yes,2024-07-24,,1,1,1,,1,1,1,1,,,Yes,,Bauchi,,bau11
10667be1-558b-4027-bec4-45e3e474ef9a,Deposit_Account,Yes,2024-07-24,,1,1,1,,1,1,1,1,,,Yes,,Bauchi,,bau11
0df6aad3-37f3-4184-b61b-dd0968ceb5f1,Deposit_Account,Yes,2024-07-24,,1,1,1,,1,1,1,1,,,Yes,,Bauchi,,bau11
ce5c98d5-9355-4277-ad70-77fcbd33cf9c,Deposit_Account,Yes,2024-07-24,,1,1,1,,1,1,1,1,,,Yes,,Bauchi,,bau11
f7cec37d-840a-4364-b451-f14adc0d6995,Deposit_Account,Yes,2024-07-24,,1,1,1,,1,1,1,1,,,Yes,,Bauchi,,bau11
4e956ce1-9c79-44b7-be81-7a4bbd235de2,Deposit_Account,Yes,2024-07-24,,1,1,1,,1,1,1,1,,,Yes,,Bauchi,,bau11
0d60eead-2004-46b0-bd7b-48235afa6d6c,Deposit_Account,Yes,2024-07-24,,1,1,1,,1,1,1,1,,,Yes,,Bauchi,,bau11
94486139-b0f6-4b27-be3e-5f4f77cb07b5,Deposit_Account,Yes,2024-07-24,,1,1,1,,1,1,,1,,,Yes,,Bauchi,,taf04
29b25eaa-45df-4d61-8b30-1e6908a910d7,Deposit_Account,Yes,2024-07-24,,1,1,1,,1,1,1,1,,,Yes,,Bauchi,,bau11
f2d9e5d4-d024-4e5c-b23e-dcc19e64c0c1,Deposit_Account,Yes,2024-07-24,,1,1,1,,1,1,1,1,,,Yes,,Bauchi,,bau11
fffd4684-901c-4e8d-bd8a-9bb5a82404b6,Deposit_Account,Yes,2024-07-24,,1,1,1,,1,1,1,1,,,Yes,,Bauchi,,bau11
7aaf9952-27a4-4c65-8f2b-fad94ef9fac0,Deposit_Account,Yes,2024-07-24,,1,1,1,,1,1,1,1,,,Yes,,Bauchi,,bau11
d92cabd4-890d-44aa-8223-30c2ea41775e,Deposit_Account,Yes,2024-07-24,,1,1,1,,1,1,1,1,,,Yes,,Bauchi,,bau11
2c6f3409-9026-4c63-b627-d4d55ec66026,Deposit_Account,Yes,2024-07-24,,1,1,1,,1,1,1,1,,,Yes,,Bauchi,,bau11
40aa6edd-b6d1-4997-b732-66bca4e46001,Deposit_Account,Yes,2024-07-24,,1,1,1,,1,1,,1,,,Yes,,Bauchi,,taf04
772bfbd5-d383-4bb9-a0ed-02ca0b3d51d1,Deposit_Account,Yes,2024-07-24,,1,1,1,,1,1,1,1,,,Yes,,Bauchi,,bau11
22ac2b06-0e79-41a6-97f8-e58613e6b292,Deposit_Account,Yes,2024-07-24,,1,1,1,,1,1,1,1,,,Yes,,Bauchi,,bau11
b9aa955c-7467-4217-968e-ba1dc33678f9,Deposit_Account,Yes,2024-07-24,,1,1,1,,1,1,,1,,,Yes,,Bauchi,,taf04
bd062d45-42bc-406a-bc00-8fcb588caee3,Deposit_Account,Yes,2024-07-24,,1,1,1,,1,1,1,1,,,Yes,,Bauchi,,bau11
0b7507c0-7f52-4307-a17f-75be2908dd9f,Deposit_Account,Yes,2024-07-24,,1,1,1,,1,1,,1,,,Yes,,Bauchi,,taf04
d92519fa-29ac-4084-8091-a0ec4c0da206,Deposit_Account,Yes,2024-07-24,,1,1,1,,1,1,,1,,,Yes,,Jigawa,,rin25
5a08592b-59e2-4c3b-84a2-3b239aabbefc,Deposit_Account,Yes,2024-07-24,,1,1,1,,1,1,1,1,,,Yes,,Bauchi,,bau12
34bb80c5-f5b3-4782-b0c4-d497cefe02f0,Deposit_Account,Yes,2024-07-24,,1,1,1,,1,1,,1,,,Yes,,Jigawa,,rin25
1681151f-f1a5-45aa-ad36-ceb7e673bee1,Deposit_Account,Yes,2024-07-24,,1,1,1,,1,1,1,1,,,Yes,,Bauchi,,bau12
c9974d61-c567-489c-97ad-137e32ddc3c0,Deposit_Account,Yes,2024-07-24,,1,1,1,,1,1,,1,,,Yes,,Bauchi,,taf04
49f4a823-eec1-4f75-8773-df14a90ab1e5,Deposit_Account,Yes,2024-07-24,,1,1,1,,1,1,1,1,,,Yes,,Bauchi,,bau12
98b1731e-37ef-47d9-a2dc-b35cf3262134,Deposit_Account,Yes,2024-07-24,,1,1,1,,1,1,,1,,,Yes,,Jigawa,,rin25
329913bc-2869-42a3-92f5-12a438851a9a,Deposit_Account,Yes,2024-07-24,,1,1,1,,1,1,,1,,,Yes,,Jigawa,,rin25
feb08ae3-3fcd-40db-aaa3-8ff637758dd8,Deposit_Account,Yes,2024-07-24,,1,1,1,,1,1,,1,,,Yes,,Bauchi,,taf04
b7101eab-97d8-4ce7-9230-ac0b1363fd50,Deposit_Account,Yes,2024-07-24,,1,1,1,,1,1,,1,,,Yes,,Jigawa,,rin25
1e31f6b2-4133-4d60-830b-83c223fecc34,Deposit_Account,Yes,2024-07-24,,1,1,1,,1,1,,1,,,Yes,,Jigawa,,rin25
360ee93b-61a5-4772-9ba0-78fcebc6946f,Deposit_Account,Yes,2024-07-24,,1,1,1,,1,1,,1,,,Yes,,Jigawa,,rin25
e84cd902-e548-49fa-a457-95854cf650ae,Deposit_Account,Yes,2024-07-24,,1,1,1,,1,1,,1,,,Yes,,Bauchi,,taf04
81725a62-e410-420b-97ed-8ca2ccdd271f,Deposit_Account,Yes,2024-07-24,,1,1,1,,1,1,,1,,,Yes,,Jigawa,,rin25
98f88ce1-dac3-493c-96d8-773f8feed337,Deposit_Account,Yes,2024-07-24,,1,1,1,,1,1,,1,,,Yes,,Bauchi,,taf04
cc903116-cc05-4311-8017-d7d684bcb391,Deposit_Account,Yes,2024-07-24,,1,1,1,,1,1,,1,,,Yes,,Jigawa,,rin25
5220a6ac-8f08-4859-9a38-89b4cf73e49b,Deposit_Account,Yes,2024-07-24,,1,1,1,,1,1,,1,,,Yes,,Bauchi,,taf04
4b902418-92e4-4a6b-97ec-4bf8fe137830,Deposit_Account,Yes,2024-07-24,,1,1,1,,1,1,,1,,,Yes,,Jigawa,,rin25
a866459c-ab67-43c3-890e-4dc8b98ccd2c,Deposit_Account,Yes,2024-07-24,,1,1,1,,1,1,,1,,,Yes,,Bauchi,,taf04
2e75f5b3-9d81-457e-87ef-812802835875,Deposit_Account,Yes,2024-07-24,,1,1,1,,1,1,,1,,,Yes,,Jigawa,,rin25
9d51a4fa-aaaf-4f27-9177-12df4197de87,Deposit_Account,Yes,2024-07-24,,1,1,1,,1,1,,1,,,Yes,,Jigawa,,rin25
0e74b699-afed-4666-9fc6-60a8f8d37831,Deposit_Account,Yes,2024-07-24,,1,1,1,,1,1,,1,,,Yes,,Jigawa,,rin25
2ee2b101-8dd9-4660-aac1-e917667da92d,Deposit_Account,Yes,2024-07-24,,1,1,1,,1,1,,1,,,Yes,,Jigawa,,rin25
e42008ed-25a0-4c1a-b151-9a93a11a6ec9,Deposit_Account,Yes,2024-07-24,,1,1,1,,1,1,,1,,,Yes,,Jigawa,,rin25
22834288-9bfc-4af3-9580-62689818ca7b,Deposit_Account,Yes,2024-07-24,,1,1,1,,1,1,,1,,,Yes,,Bauchi,,taf04
5e303a81-5c3e-4830-bbca-145d8c5c1043,Deposit_Account,Yes,2024-08-24,,1,1,1,,1,1,1,1,,,Yes,,Bauchi,,bau12
98f21f34-e2b2-4b36-b2bf-05a9d46cb42f,Deposit_Account,Yes,2024-07-24,,1,1,1,,1,1,1,1,,,Yes,,Bauchi,,bau12
7e8f565b-79ad-4c8a-b7ca-1767c3984613,Deposit_Account,Yes,2024-07-24,,1,1,1,,1,1,1,1,,,Yes,,Bauchi,,bau12
ac5cd5ba-738c-49f4-90a8-30934b94e256,Deposit_Account,Yes,2024-07-24,,1,1,1,,1,1,1,1,,,Yes,,Bauchi,,bau12
57c8a6b9-ba10-44f3-9e94-87b99876f2ce,Deposit_Account,Yes,2024-07-24,,1,1,1,,1,1,,1,,,Yes,,Jigawa,,rin25
8ea7cb6c-f235-4ba6-8081-9c7ec8990f1d,Deposit_Account,Yes,2024-07-24,,1,1,1,,1,1,1,1,,,Yes,,Bauchi,,bau12
4c027f40-b1c1-4005-b164-0303a199dd38,Deposit_Account,Yes,2024-07-24,,1,1,1,,1,1,1,1,,,Yes,,Bauchi,,bau12
c17caee1-ad4e-4145-b3bc-59d3ac7159f5,Deposit_Account,Yes,2024-07-24,,1,1,1,,1,1,1,1,,,Yes,,Bauchi,,bau12
87109111-5296-4381-bff1-71078b51c364,Deposit_Account,Yes,2024-07-24,,1,1,1,,1,1,1,1,,,Yes,,Bauchi,,bau12
3b5a7be5-3923-4795-850a-ba58e73fa43a,Deposit_Account,Yes,2024-07-24,,1,1,1,,1,1,1,1,,,Yes,,Bauchi,,bau12
1b0fb0d2-0d89-4c9e-afb4-58aae2345795,Deposit_Account,Yes,2024-07-24,,1,1,1,,1,1,1,1,,,Yes,,Bauchi,,bau12
4a9324a3-2309-4547-b082-26c32471f4ce,Deposit_Account,Yes,2024-07-24,,1,1,1,,1,1,1,1,,,Yes,,Bauchi,,bau12
165e5320-bee6-4751-9f60-f66d7d8790d3,Deposit_Account,Yes,2024-07-24,,1,1,1,,1,1,1,1,,,Yes,,Bauchi,,bau12
5036cf06-686e-408a-86a4-45cde8f42bdd,Deposit_Account,Yes,2024-07-24,,1,1,1,,1,1,1,1,,,Yes,,Bauchi,,bau12
c443ef2b-c1da-4742-94e7-ac2276e3ba18,Deposit_Account,Yes,2024-07-24,,1,1,1,,1,1,1,1,,,Yes,,Bauchi,,bau12
f2c31869-39e3-4353-a6c0-7da479020659,Deposit_Account,Yes,2024-07-24,,1,1,1,,1,1,1,1,,,Yes,,Bauchi,,bau12
60ad8442-a522-49be-b083-53e3231c0372,Deposit_Account,Yes,2024-07-24,,1,1,1,,1,1,1,1,,,Yes,,Bauchi,,bau12
88732d48-38ae-481c-92c3-0f9cce581721,Deposit_Account,Yes,2024-07-24,,1,1,1,,1,1,1,1,,,Yes,,Bauchi,,bau12
17c1cbd7-cdfb-496a-9963-845087bd2b68,Deposit_Account,Yes,2024-07-24,,1,1,1,,1,1,1,1,,,Yes,,Bauchi,,bau12
1c188f96-4982-4163-874e-7ac96b5a459d,Deposit_Account,Yes,2024-07-24,,1,1,1,,1,1,,1,,,Yes,,Jigawa,,rin25
12db3224-5f1d-4c19-8193-07063d09481a,Deposit_Account,Yes,2024-07-24,,1,1,1,,1,1,,1,,,Yes,,Jigawa,,rin25
7c19ee18-7a83-44ef-8abd-7cebccb78cc1,Deposit_Account,Yes,2024-07-24,,1,1,1,,1,1,,1,,,Yes,,Bauchi,,taf04
b7f53817-6483-4517-9268-1ce3280fb6f9,Deposit_Account,Yes,2024-07-24,,1,1,1,,1,1,,1,,,Yes,,Jigawa,,rin25
188f4dc1-3b60-4789-b3f2-a51e22647ea0,Deposit_Account,Yes,2024-07-24,,1,1,1,,1,1,,1,,,Yes,,Bauchi,,taf04
69511d89-2dd6-4654-9706-1863704e8221,Deposit_Account,Yes,2024-07-24,,1,1,1,,1,1,,1,,,Yes,,Jigawa,,rin25
4b43d389-9f92-42e1-a2db-67d6156bee76,Deposit_Account,Yes,2024-07-24,,1,1,1,,1,1,,1,,,Yes,,Bauchi,,taf04
d6f1cc0c-9362-4ddf-8217-4e6902ed074e,Deposit_Account,Yes,2024-07-24,,1,1,1,,1,1,,1,,,Yes,,Jigawa,,rin25
d92453a2-bbe4-4597-b6ed-c4ce0ca7c020,Deposit_Account,Yes,2024-07-24,,1,1,1,,1,1,,1,,,Yes,,Jigawa,,rin25
39dad05b-47fa-4876-8b2e-1e0de7ded8b1,Deposit_Account,Yes,2024-07-24,,1,1,1,,1,1,,1,,,Yes,,Bauchi,,taf04
1a1eba1e-d6b9-4cfe-acf8-00f0b014ef3a,Deposit_Account,Yes,2024-07-24,,1,1,1,,1,1,1,1,,,Yes,,Bauchi,,bau12
b0770f0c-9eed-4784-b846-520ceb8b9fab,Deposit_Account,Yes,2024-07-24,,1,1,1,,1,1,1,1,,,Yes,,Bauchi,,bau12
8c9f1668-a95c-4d30-922e-2e322c27b41e,Deposit_Account,Yes,2024-07-24,,1,1,1,,1,1,1,1,,,Yes,,Bauchi,,bau12
cecc037e-2e0b-4d7b-acde-65742a91a143,Deposit_Account,Yes,2024-07-24,,1,1,1,,1,1,1,1,,,Yes,,Bauchi,,bau12
8c5f15ba-0ac3-4ae1-ac09-8f490f2b02d5,Deposit_Account,Yes,2024-07-24,,1,1,1,,1,1,1,1,,,Yes,,Bauchi,,bau12
9b4e4315-ad3a-4b7b-8d5e-6d19c1d54e3b,Deposit_Account,Yes,2024-07-24,,1,1,1,,1,1,1,1,,,Yes,,Bauchi,,bau12
b9718672-c945-42fe-9acd-ab47c37fc9b3,Deposit_Account,Yes,2024-07-24,,1,1,1,,1,1,1,1,,,Yes,,Bauchi,,bau12
f3aca017-ed22-4a1f-8f7a-ba4e9a5d141e,Deposit_Account,Yes,2024-07-24,,1,1,1,,1,1,1,1,,,Yes,,Bauchi,,bau12
0aef6d8c-1037-4668-8e4e-acb859c7bb5d,Deposit_Account,Yes,2024-07-24,,1,1,1,,1,1,,1,,,Yes,,Jigawa,,rin25
45dc90d9-9d6a-4a56-bc5b-51884ae0ffdc,Deposit_Account,Yes,2024-07-24,,1,1,1,,1,1,1,1,,,Yes,,Bauchi,,bau12
819e1963-1a36-41e3-9dbe-ecfcc4fef1d5,Deposit_Account,Yes,2024-07-24,,1,1,1,,1,1,1,1,,,Yes,,Bauchi,,bau12
f05a3399-8845-4e96-adfe-b7c92edcd6c8,Deposit_Account,Yes,2024-07-24,,1,1,1,,1,1,,1,,,Yes,,Jigawa,,rin25
480ccf37-a8af-45f4-9768-7866789203db,Deposit_Account,Yes,2024-07-24,,1,1,1,,1,1,1,1,,,Yes,,Bauchi,,bau12
56dbe913-57e8-475c-bb26-445c25eda7ad,Deposit_Account,Yes,2024-07-24,,1,1,1,,1,1,,1,,,Yes,,Jigawa,,rin25
fff08a6d-141c-487e-bb60-73df22911da3,Deposit_Account,Yes,2024-07-24,,1,1,1,,1,1,1,1,,,Yes,,Bauchi,,bau12
79637a00-71bf-4636-8091-7918b661f399,Deposit_Account,Yes,2024-07-24,,1,1,1,,1,1,,1,,,Yes,,Jigawa,,rin25
e1f4ce47-1345-47f7-84ec-29146389e81a,Deposit_Account,Yes,2024-07-24,,1,1,1,,1,1,1,1,,,Yes,,Bauchi,,bau12
806ccf7d-6c67-47ef-933c-0cc051334892,Deposit_Account,Yes,2024-07-24,,1,1,1,,1,1,,1,,,Yes,,Jigawa,,rin25
dfeba122-cdc2-4e25-b2d6-33185a10c2ec,Deposit_Account,Yes,2024-07-24,,1,1,1,,1,1,,1,,,Yes,,Bauchi,,taf04
a85884ad-348c-42eb-b0af-5cc7eb5d4cbc,Deposit_Account,Yes,2024-07-24,,1,1,1,,1,1,,1,,,Yes,,Jigawa,,rin25
b16f5c47-23d9-4942-bf05-7dac8b168bef,Deposit_Account,Yes,2024-07-24,,1,1,1,,1,1,,1,,,Yes,,Bauchi,,taf04
ee343123-ed29-4feb-81e9-3ba2e363a1de,Deposit_Account,Yes,2024-07-24,,1,1,1,,1,1,,1,,,Yes,,Jigawa,,rin25
389edead-63fa-47f8-8d4a-00b4d99d3cf3,Deposit_Account,Yes,2024-07-24,,1,1,1,,1,1,,1,,,Yes,,Jigawa,,rin25
e6c49776-cace-4f97-bb71-6fd4d5b6a89e,Deposit_Account,Yes,2024-07-24,,1,1,1,,1,1,,1,,,Yes,,Bauchi,,taf04
ae657f48-593c-40ea-be55-91982de176e6,Deposit_Account,Yes,2024-07-24,,1,1,1,,1,1,,1,,,Yes,,Jigawa,,rin25
e57d248f-2610-4986-a7af-928c6fe62e1b,Deposit_Account,Yes,2024-07-24,,1,1,1,,1,1,,1,,,Yes,,Jigawa,,rin25
7732d3bd-6c2f-45e6-99ad-fec352b543a9,Deposit_Account,Yes,2024-07-24,,1,1,1,,1,1,,1,,,Yes,,Bauchi,,taf04
671363c9-2639-450d-86cd-fed451efcd99,Deposit_Account,Yes,2024-07-24,,1,1,1,,1,1,,1,,,Yes,,Jigawa,,rin25
66ee0238-7bf5-4c82-984a-13ba69fcf30f,Deposit_Account,Yes,2024-07-24,,1,1,1,,1,1,,1,,,Yes,,Bauchi,,taf04
ba1149cc-ea90-4bda-b2bf-5019ddcaa276,Deposit_Account,Yes,2024-07-24,,1,1,1,,1,1,,1,,,Yes,,Jigawa,,rin25
f13aa9d6-66ca-4bc7-b880-15c839e03e2c,Deposit_Account,Yes,2024-07-24,,1,1,1,,1,1,,1,,,Yes,,Jigawa,,rin25
4c6eac7e-91bc-4cda-97ca-a04bdac49a32,Deposit_Account,Yes,2024-07-24,,1,1,1,,1,1,,1,,,Yes,,Bauchi,,taf04
d94a706f-98c3-4c61-8439-ea8e46f6fca4,Deposit_Account,Yes,2024-07-24,,1,1,1,,1,1,,1,,,Yes,,Jigawa,,rin25
a637b0ea-782b-4ee2-8abd-16bc2ade565c,Deposit_Account,Yes,2024-07-24,,1,1,1,,1,1,,1,,,Yes,,Jigawa,,rin25
a2bc499e-fba4-4587-a84b-76b3e7ce984c,Deposit_Account,Yes,2024-07-24,,1,1,1,,1,1,,1,,,Yes,,Bauchi,,taf04
ac2c5dca-14a0-4448-b9eb-fc7a672ab831,Deposit_Account,Yes,2024-07-24,,1,1,1,,1,1,,1,,,Yes,,Jigawa,,rin25
b43fd469-cb32-4df7-9a8d-fe84155d6ccd,Deposit_Account,Yes,2024-07-24,,1,1,1,,1,1,,1,,,Yes,,Bauchi,,taf04
78cd061b-bb9f-470b-b295-0461b5fe7d62,Deposit_Account,Yes,2024-07-24,,1,,1,,1,1,,1,,,Yes,,Jigawa,,rin25
289a99ed-6c1e-430d-979e-f9b47a846b9f,Deposit_Account,Yes,2024-07-24,,1,1,1,,1,1,,1,,,Yes,,Bauchi,,taf04
26e38183-d6a0-4e02-8b9d-154a88469ce7,Deposit_Account,Yes,2024-07-24,,1,1,1,,1,1,,1,,,Yes,,Jigawa,,rin25
c3247027-6fa0-40e2-b8f3-2d062121e8da,Deposit_Account,Yes,2024-07-24,,1,1,1,,1,1,,1,,,Yes,,Jigawa,,rin25
9d1471bc-f775-4854-9a42-65e106ffc664,Deposit_Account,Yes,2024-07-24,,1,1,1,,1,1,,1,,,Yes,,Bauchi,,taf04
8f97d101-d3a8-4ad3-94f5-de6d085a4cde,Deposit_Account,Yes,2024-07-24,,1,1,1,,1,1,,1,,,Yes,,Jigawa,,rin25
334f57ef-295b-4cd0-8fd9-ba4f0fbc07d0,Deposit_Account,Yes,2024-07-24,,1,1,1,,1,1,,1,,,Yes,,Jigawa,,rin25
4557a3f7-9b69-4cad-b492-14f96497196f,Deposit_Account,Yes,2024-07-24,,1,1,1,,1,1,,1,,,Yes,,Bauchi,,taf04
dbd98044-65d5-4cf2-86a0-4ed682a91c66,Deposit_Account,Yes,2024-07-24,,1,1,1,,1,1,,1,,,Yes,,Jigawa,,rin25
2ad7830e-f6f0-4aac-9e40-fcfffb5f0b9a,Deposit_Account,Yes,2024-07-24,,1,1,1,,1,1,,1,,,Yes,,Bauchi,,taf04
953b5f30-56be-4226-9466-df4a61d58f2d,Deposit_Account,Yes,2024-07-24,,1,1,1,,1,1,,1,,,Yes,,Jigawa,,rin25
c2331423-1dc7-4ead-80ed-f857fcc0ea50,Deposit_Account,Yes,2024-07-24,,1,1,1,,1,1,,1,,,Yes,,Jigawa,,rin25
c5c42850-07cf-4050-9aa5-508a3fc75d14,Deposit_Account,Yes,2024-07-24,,1,1,1,,1,1,,1,,,Yes,,Bauchi,,taf04
861c134f-7e25-4de1-b259-844cb2f0b146,Deposit_Account,Yes,2024-07-24,,1,1,1,,1,1,,1,,,Yes,,Jigawa,,rin25
69f9d439-c4b1-4850-a532-bc155a8b7856,Deposit_Account,Yes,2024-07-24,,1,1,1,,1,1,,1,,,Yes,,Bauchi,,taf04
67f34bce-d2bc-4917-927e-e9b907066b03,Deposit_Account,Yes,2024-07-24,,1,1,1,,1,1,,1,,,Yes,,Jigawa,,rin25
a6680937-dc87-4f6f-aa5a-c2ea58ad9085,Deposit_Account,Yes,2024-07-24,,1,1,1,,1,1,,1,,,Yes,,Bauchi,,taf04
ba590a0f-1bd6-42a3-b579-1e3898b05ee9,Deposit_Account,Yes,2024-07-24,,1,1,1,,1,1,,1,,,Yes,,Jigawa,,rin25
8629d3d9-5d7e-4aef-b5a5-2959cef7bf6a,Deposit_Account,Yes,2024-07-24,,1,1,1,,1,1,,1,,,Yes,,Jigawa,,rin25
5f270eb4-9e17-42fa-be95-2aa99251a8fc,Deposit_Account,Yes,2024-07-24,,1,1,1,,1,1,,1,,,Yes,,Jigawa,,rin25
0e5801a2-15ea-42e7-9ff7-bf858e2f0b03,Deposit_Account,Yes,2024-07-24,,1,1,1,,1,1,,1,,,Yes,,Jigawa,,rin25
5e8a2df0-01fa-4bbb-a457-f1e602bde443,Deposit_Account,Yes,2024-07-24,,1,1,1,,1,1,,1,,,Yes,,Jigawa,,rin25
7e535f84-f474-44b3-a19d-e72b78bdb8e4,Deposit_Account,Yes,2024-07-24,,1,1,1,,1,1,,1,,,Yes,,Bauchi,,taf04
fd77926b-fdb1-495f-8bb2-5940537a325c,Deposit_Account,Yes,2024-07-24,,1,1,1,,1,1,,1,,,Yes,,Jigawa,,rin25
04214883-6e23-41d1-b1c4-13e78103b3ff,Deposit_Account,Yes,2024-07-24,,1,1,1,,1,1,,1,,,Yes,,Bauchi,,taf04
111ad52d-f5af-438e-96e9-13b8e50ef44b,Deposit_Account,Yes,2024-07-24,,1,1,1,,1,1,1,,,,Yes,,Jigawa,,rin25
4617c38c-0a31-465f-a294-8afdb1617efb,Deposit_Account,Yes,2024-07-24,,1,1,1,,1,1,,1,,,Yes,,Jigawa,,rin25
921f6dea-8091-44bc-9c2c-3bb2f0436ffb,Deposit_Account,Yes,2024-07-24,,1,1,1,,1,1,,1,,,Yes,,Bauchi,,taf04
b3c27960-8a62-41bd-8475-0280a5d0b1f5,Deposit_Account,Yes,2024-07-24,,1,1,1,,1,1,,1,,,Yes,,Bauchi,,taf04
687df118-7a8a-40eb-ae80-e6d7c6b52bde,Deposit_Account,Yes,2024-07-24,,1,1,1,,1,1,,1,,,Yes,,Bauchi,,taf04
5438a69c-f8a4-4c54-8e80-33f04dd7da5c,Deposit_Account,Yes,2024-07-24,,1,1,1,,1,1,,1,,,Yes,,Bauchi,,taf04
a639fa33-f216-4a12-b63a-db3a8f623059,Deposit_Account,Yes,2024-07-24,,1,1,1,,1,1,,1,,,Yes,,Bauchi,,taf04
80d49b80-64ee-4de9-914d-e9d60ccda21c,Deposit_Account,Yes,2024-07-24,,1,1,1,,1,1,,1,,,Yes,,Bauchi,,taf04
39fbdc51-0190-47be-8a48-4a24dd39e5df,Deposit_Account,Yes,2024-07-24,,1,1,1,,1,1,,1,,,Yes,,Jigawa,,rin24
3e9f9ead-2f1f-4615-98ad-6991398a5e51,Deposit_Account,Yes,2024-07-24,,1,1,1,,1,1,,1,,,Yes,,Bauchi,,taf04
4aa05a8c-8b70-4530-a75d-9186159ed3cd,Deposit_Account,Yes,2024-07-24,,1,1,1,,1,1,,1,,,Yes,,Jigawa,,rin24
1fe31d69-bf08-4225-922b-5b2704a3c38d,Deposit_Account,Yes,2024-07-24,,1,1,1,,1,1,,1,,,Yes,,Bauchi,,taf04
f115612e-1e6b-4d83-9f4d-99349a867bce,Deposit_Account,Yes,2024-07-24,,1,1,1,,1,1,,1,,,Yes,,Jigawa,,rin24
665e085f-3c9b-4be8-8cbd-0e3f16b63333,Deposit_Account,Yes,2024-07-24,,1,1,1,,1,1,,1,,,Yes,,Jigawa,,rin24
93c4c664-dc89-478c-9fc8-1c31003c6e6a,Deposit_Account,Yes,2024-07-24,,1,1,1,,1,1,,1,,,Yes,,Jigawa,,rin24
7cf14ebd-4d4d-414a-9d2d-cd2ca3a18065,Deposit_Account,Yes,2024-07-24,,1,1,1,,1,1,,1,,,Yes,,Bauchi,,taf04
e970ede6-a191-43c0-b5b6-b1eda28256ef,Deposit_Account,Yes,2024-07-24,,1,1,1,,1,1,,1,,,Yes,,Jigawa,,rin24
307d6144-4231-433d-ba92-6e5dd14850a9,Deposit_Account,Yes,2024-07-24,,1,1,1,,1,1,,1,,,Yes,,Bauchi,,taf04
1ce53644-0288-45d3-96cc-953ab135ab9d,Deposit_Account,Yes,2024-07-24,,1,1,1,,1,1,,1,,,Yes,,Jigawa,,rin24
f5d02bf3-3811-4187-88c1-7c8f3595ee84,Deposit_Account,Yes,2024-07-24,,1,1,1,,1,1,,1,,,Yes,,Jigawa,,rin24
c2b36f87-5637-4290-8293-9f232e874ba6,Deposit_Account,Yes,2024-07-24,,1,1,1,,1,1,,1,,,Yes,,Bauchi,,taf04
257859fd-1a44-4ed1-b2c0-f9e149c4a444,Deposit_Account,Yes,2024-07-24,,1,1,1,,1,1,,1,,,Yes,,Jigawa,,rin24
8a481964-d4b6-4f74-b739-d67aea32cd3e,Deposit_Account,Yes,2024-07-24,,1,1,1,,1,1,,1,,,Yes,,Bauchi,,taf04
52819e90-32df-43a0-98b3-b6cf8e07a1db,Deposit_Account,Yes,2024-07-24,,1,1,1,,1,1,,1,,,Yes,,Jigawa,,rin24
af2ea6a0-f8c6-44d0-970b-413f8aed747f,Deposit_Account,Yes,2024-07-24,,1,1,1,,1,1,,1,,,Yes,,Jigawa,,rin24
49ffcb5b-202f-4d5a-9a22-18a0cd331134,Deposit_Account,Yes,2024-07-24,,1,1,1,,1,1,,1,,,Yes,,Bauchi,,taf04
5af76600-d7df-4768-950b-906168ade754,Deposit_Account,Yes,2024-07-24,,1,1,1,,1,1,,1,,,Yes,,Jigawa,,rin24
9b7dd692-5703-48fa-9553-55c0ad94b635,Deposit_Account,Yes,2024-07-24,,1,1,1,,1,1,,1,,,Yes,,Jigawa,,rin24
4751496a-675d-4b10-9c91-0afe3ef08f16,Deposit_Account,Yes,2024-07-24,,1,1,1,,1,1,,1,,,Yes,,Jigawa,,rin24
9533bef9-dd58-4eee-8738-5eaedb1d574c,Deposit_Account,Yes,2024-07-24,,1,1,1,,1,1,,1,,,Yes,,Jigawa,,rin24
62c660a3-57c2-47a1-a3d9-50b556dcf0e8,Deposit_Account,Yes,2024-07-24,,1,1,1,,1,1,,1,,,Yes,,Bauchi,,taf04
e5af97be-b7a4-4136-b499-09e52651afa7,Deposit_Account,Yes,2024-07-24,,1,1,1,,1,1,,1,,,Yes,,Jigawa,,rin24
90fa6207-a32c-4599-a66d-bb6fb03a6c6e,Deposit_Account,Yes,2024-07-24,,1,1,1,,1,1,,1,,,Yes,,Jigawa,,rin24
b87a5868-6e5b-4c87-8838-c30600ecd353,Deposit_Account,Yes,2024-07-24,,1,1,1,,1,1,,1,,,Yes,,Jigawa,,rin24
07195aef-b5af-4883-aa94-6d74cdfb6e90,Deposit_Account,Yes,2024-07-24,,1,1,1,,1,1,,1,,,Yes,,Jigawa,,rin24
9fe362bb-1d87-4522-bb59-83ecabedb06f,Deposit_Account,Yes,2024-07-24,,1,1,1,,1,1,,1,,,Yes,,Jigawa,,rin24
15deb5c6-f646-4394-afc2-771553c64908,Deposit_Account,Yes,2024-07-24,,1,1,1,,1,1,,1,,,Yes,,Jigawa,,rin24
6fe4c15f-b320-4615-9929-37d4167ca678,Deposit_Account,Yes,2024-07-24,,1,1,1,,1,1,,1,,,Yes,,Jigawa,,rin24
92e387e9-e06c-492e-b75f-4583b7daec7e,Deposit_Account,Yes,2024-07-24,,1,1,1,,1,1,,1,,,Yes,,Jigawa,,rin24
4fe6d131-3c0a-41c3-a7b4-cb962eea8133,Deposit_Account,Yes,2024-07-24,,1,1,1,,1,1,,1,,,Yes,,Jigawa,,rin24
480417c4-0ee4-4717-bb61-87937528057c,Deposit_Account,Yes,2024-07-24,,1,1,1,,1,1,,1,,,Yes,,Jigawa,,rin24
f5b666dd-a7fc-489d-8941-e1ed53f9bd92,Deposit_Account,Yes,2024-07-24,,1,1,1,,1,1,,1,,,Yes,,Jigawa,,rin24
ee863354-229b-4447-9f5e-ffdc44473ee2,Deposit_Account,Yes,2024-07-24,,1,1,1,,1,1,,1,,,Yes,,Jigawa,,rin24
b3662cef-126b-4be9-8227-3976697dc068,Deposit_Account,Yes,2024-07-24,,1,1,1,,1,1,,1,,,Yes,,Jigawa,,rin24
f54f2255-6a1d-4676-9d01-fa0dfb80cd9c,Deposit_Account,Yes,2024-07-24,,1,1,1,,1,1,,1,,,Yes,,Jigawa,,rin24
6dda2732-9416-4183-9498-2d75eb310059,Deposit_Account,Yes,2024-07-24,,1,1,1,,1,1,,1,,,Yes,,Jigawa,,rin24
4321131c-f0bb-4a7c-9563-0870ad8a4412,Deposit_Account,Yes,2024-07-24,,1,1,1,,1,1,,1,,,Yes,,Jigawa,,rin24
22228025-557d-4a29-aa76-b60efa88549f,Deposit_Account,Yes,2024-07-24,,1,1,1,,1,1,,1,,,Yes,,Jigawa,,rin24
e5fdb984-b75c-4b37-b329-936edc49f580,Deposit_Account,Yes,2024-07-24,,1,1,1,,1,1,1,,,,Yes,,Jigawa,,rin24
71f50d88-c8b9-44f2-b040-618d5523ddd5,Deposit_Account,Yes,2024-07-24,,1,1,1,,1,1,,1,,,Yes,,Jigawa,,rin24
ec869e9a-b4b9-4333-a307-08f2f8c6d5c6,Deposit_Account,Yes,2024-07-24,,1,1,1,,1,1,,1,,,Yes,,Jigawa,,rin24
ffbc702b-c33d-4088-b89c-7ce67c6d8ad0,Deposit_Account,Yes,2024-07-24,,1,1,1,,1,1,,1,,,Yes,,Jigawa,,rin24
e2be40c5-f5a9-4a0f-89b4-0cab70839976,Deposit_Account,Yes,2024-07-24,,1,1,1,,1,1,,1,,,Yes,,Jigawa,,rin24
4e9bc930-0210-41bd-8d47-130fb95d7c32,Deposit_Account,Yes,2024-07-24,,1,1,1,,1,1,,1,,,Yes,,Jigawa,,rin24
e53030c6-96cc-41d4-a448-b4cb4e048fd2,Deposit_Account,Yes,2024-07-24,,1,1,1,,1,1,,1,,,Yes,,Jigawa,,rin24
54080c5b-f818-4cda-b966-fe556e29f466,Deposit_Account,Yes,2024-07-24,,1,1,1,,1,1,,1,,,Yes,,Jigawa,,rin24
a5139ec7-0f11-4341-9da5-f30a1d036783,Deposit_Account,Yes,2024-07-24,,1,1,1,,1,1,,1,,,Yes,,Jigawa,,rin24
3aa2cad4-fcbd-48ed-8acf-173bbb0eaeb1,Deposit_Account,Yes,2024-07-24,,1,1,1,,1,1,,1,,,Yes,,Jigawa,,rin24
50387f95-567a-4c0f-9d40-517111c7a1c5,Deposit_Account,Yes,2024-07-24,,1,1,1,,1,1,,1,,,Yes,,Jigawa,,rin24
e6e7bc31-744c-4643-a622-dc885a87bbd2,Deposit_Account,Yes,2024-07-24,,1,1,1,,1,1,,1,,,Yes,,Jigawa,,rin24
ccd11d9c-bd07-428e-bee6-20308876847d,Deposit_Account,Yes,2024-07-24,,1,1,1,,1,1,,1,,,Yes,,Jigawa,,rin24
6dd2ac4f-4e2c-4dfc-9a1b-77634072d0e5,Deposit_Account,Yes,2024-07-24,,1,1,1,,1,1,,1,,,Yes,,Jigawa,,rin24
ba0ddc92-51b1-4cac-b62b-871ed46cebe0,Deposit_Account,Yes,2024-07-24,,1,1,1,,1,1,,1,,,Yes,,Jigawa,,rin24
4dc8dea4-bb9d-4cd9-8cfd-49676150da62,Deposit_Account,Yes,2024-07-24,,1,1,1,,1,1,,1,,,Yes,,Jigawa,,rin24
9c00e35e-9eb3-4bff-be8f-1ef87432e8eb,Deposit_Account,Yes,2024-07-24,,1,1,1,,1,1,,1,,,Yes,,Jigawa,,rin24
bb17038f-543c-4885-a911-449ed899e5ab,Deposit_Account,Yes,2024-07-24,,1,1,1,,1,1,,1,,,Yes,,Jigawa,,rin24
bb016842-c8b6-4c1c-8604-ba43954ad181,Deposit_Account,Yes,2024-07-24,,1,1,1,,1,1,,1,,,Yes,,Jigawa,,tau19
60599f5b-9509-4494-a3ec-e220165838ea,Deposit_Account,Yes,2024-07-24,,1,1,1,,1,1,,1,,,Yes,,Jigawa,,rin24
93320e9c-0b2c-46dd-9498-f62144354d2c,Deposit_Account,Yes,2024-07-24,,1,1,1,,1,1,,1,,,Yes,,Jigawa,,rin24
3f9e3456-e1c4-4a25-be2f-5c91879848d2,Deposit_Account,Yes,2024-07-24,,1,1,1,,1,1,,1,,,Yes,,Jigawa,,rin24
1a70bdfd-35dc-405f-b155-c52ba163504c,Deposit_Account,Yes,2024-07-24,,1,1,1,,1,1,,1,,,Yes,,Jigawa,,rin24
0382f84e-ee6d-43cf-9bd9-b444c3f92ebb,Deposit_Account,Yes,2024-07-24,,1,1,1,,1,1,,1,,,Yes,,Jigawa,,rin24
2058d0cd-bb7d-4a32-9183-f1c5ec1e6dd6,Deposit_Account,Yes,2024-07-24,,1,1,1,,1,1,,1,,,Yes,,Jigawa,,rin24
d943a803-da49-40da-9972-14fdc385e1c7,Deposit_Account,Yes,2024-07-24,,1,1,1,,1,1,,1,,,Yes,,Jigawa,,rin24
0f5f7dd3-6862-4713-beb8-4e0eb9d99606,Deposit_Account,Yes,2024-07-24,,1,1,1,,1,1,,1,,,Yes,,Jigawa,,rin24
c4cf2d3e-1594-42c0-9b8c-29871ff64648,Deposit_Account,Yes,2024-07-24,,1,1,1,,1,1,,1,,,Yes,,Jigawa,,rin24
6bbcefab-39dc-4b94-81e3-a5dc819645c2,Deposit_Account,Yes,2024-07-24,,1,1,1,,1,1,,1,,,Yes,,Jigawa,,tau19
789511bd-3e5e-4476-bbb2-effcadeac36a,Deposit_Account,Yes,2024-07-24,,1,1,1,,1,1,,1,,,Yes,,Jigawa,,rin24
43a1b167-0b8d-4896-8815-4f505485368a,Deposit_Account,Yes,2024-07-24,,1,1,1,,1,1,,1,,,Yes,,Jigawa,,tau19
99ae8990-c911-4671-880d-d80baf5c03d3,Deposit_Account,Yes,2024-07-24,,1,1,1,,1,1,,1,,,Yes,,Jigawa,,tau19
6d50101f-f2a4-4aa4-8acc-5390e31ac22a,Deposit_Account,Yes,2024-07-24,,1,1,1,,1,1,,1,,,Yes,,Jigawa,,tau19
6f4a504e-74a1-4910-af8e-b702e800cc35,Deposit_Account,Yes,2024-07-24,,1,1,1,,1,1,,1,,,Yes,,Jigawa,,tau19
0403bfc0-079b-4c3b-9f5b-54b27089bc0b,Deposit_Account,Yes,2024-07-24,,1,1,1,,1,1,,1,,,Yes,,Jigawa,,tau19
1abb2d9c-fbc6-4765-b283-38880eb31ae6,Deposit_Account,Yes,2024-07-24,,1,1,1,,1,1,,1,,,Yes,,Jigawa,,tau19
416e5238-771b-48de-bfa4-d7cb1ee0f346,Deposit_Account,Yes,2024-07-24,,1,1,1,,1,1,,1,,,Yes,,Jigawa,,tau19
ba0a7f7e-fdce-4f66-9203-d546cdff893d,Deposit_Account,Yes,2024-07-24,,1,1,1,,1,1,,1,,,Yes,,Jigawa,,tau19
9ee5a02f-e9d7-4c49-bcc5-2a750330e431,Deposit_Account,Yes,2024-07-24,,1,1,1,,1,1,,1,,,Yes,,Jigawa,,tau19
767ff787-ec03-44bc-b8be-3362ef3bd92e,Deposit_Account,Yes,2024-07-24,,1,1,1,,1,1,,1,,,Yes,,Jigawa,,tau19
bbee2ed5-026c-460a-9867-d7ce2dfb05d3,Deposit_Account,Yes,2024-07-24,,1,1,1,,1,1,,1,,,Yes,,Jigawa,,tau19
b986cf10-ceb1-4d60-8dd3-9b35769fea4a,Deposit_Account,Yes,2024-07-24,,1,1,1,,1,1,,1,,,Yes,,Jigawa,,tau19
efddd6d8-f015-420c-a5ad-ca189880221f,Deposit_Account,Yes,2024-07-24,,1,1,1,,1,1,,1,,,Yes,,Jigawa,,tau19
6a5af5a1-e09f-47a3-a0d8-8652b1b0aa31,Deposit_Account,Yes,2024-07-24,,1,1,1,,1,1,,1,,,Yes,,Jigawa,,tau19
62387c3c-81cd-40ca-a318-8a44b637b8ce,Deposit_Account,Yes,2024-07-24,,1,1,1,,1,1,,1,,,Yes,,Jigawa,,tau19
85078eb5-598c-4614-8eea-87e29a0c5592,Deposit_Account,Yes,2024-07-24,,1,1,1,,1,1,,1,,,Yes,,Jigawa,,tau19
d4fc68e7-d189-4c63-b4b7-2819be82e572,Deposit_Account,Yes,2024-07-24,,1,1,1,,1,1,,1,,,Yes,,Jigawa,,tau19
4d0a6bbb-d9f6-4dfb-878a-783ec21b0e8f,Deposit_Account,Yes,2024-07-24,,1,1,1,,1,1,,1,,,Yes,,Jigawa,,tau19
911d0bdf-66e1-4ef0-98a0-09fbb76e6802,Deposit_Account,Yes,2024-07-24,,1,1,1,,1,1,,1,,,Yes,,Jigawa,,tau19
c376d488-2849-42a6-98a5-1c72fd52b290,Deposit_Account,Yes,2024-07-24,,1,1,1,,1,1,,1,,,Yes,,Jigawa,,tau19
ff9a6344-65a2-4a45-b076-4155d32a72d3,Deposit_Account,Yes,2024-07-24,,1,1,1,,1,1,,1,,,Yes,,Jigawa,,rin28
5f7f4050-0d82-479d-a102-29ac73084208,Deposit_Account,Yes,2024-07-24,,1,1,1,,1,1,,1,,,Yes,,Jigawa,,tau19
1fee6710-9bc0-4bff-850d-d2306e635024,Deposit_Account,Yes,2024-07-24,,1,1,1,,1,1,,1,,,Yes,,Jigawa,,tau19
6ec8c630-8362-4fa4-9aaa-df0726d36782,Deposit_Account,Yes,2024-07-24,,1,1,1,,1,1,,1,,,Yes,,Jigawa,,rin28
f9c5e02a-f652-4dff-b995-4ce21d13fd5b,Deposit_Account,Yes,2024-07-24,,1,1,1,,1,1,,1,,,Yes,,Jigawa,,tau19
e1bd4a62-ce67-4415-9683-30b6221c4218,Deposit_Account,Yes,2024-07-24,,1,1,1,,1,1,,1,,,Yes,,Jigawa,,tau19
b2eed8ba-c44c-4a51-ab4d-6808e657c781,Deposit_Account,Yes,2024-07-24,,1,1,1,,1,1,,1,,,Yes,,Jigawa,,rin28
7f79884a-c8e3-4bf6-a43f-e135aa3e26b9,Deposit_Account,Yes,2024-07-24,,1,1,1,,1,1,,1,,,Yes,,Jigawa,,tau19
b416b631-f390-4d4b-b57b-3dd1955e8eaf,Deposit_Account,Yes,2024-07-24,,1,1,1,,1,1,,1,,,Yes,,Jigawa,,rin28
4204bf9d-24fa-46af-9729-04d16bc3a838,Deposit_Account,Yes,2024-07-24,,1,1,1,,1,1,,1,,,Yes,,Jigawa,,rin28
7ce24565-3c02-462d-ba35-476db22c12c4,Deposit_Account,Yes,2024-07-24,,1,1,1,,1,1,,1,,,Yes,,Jigawa,,tau19
571f68cd-e5b1-4c92-a0f8-a8f6255c4964,Deposit_Account,Yes,2024-07-24,,1,1,1,,1,1,,1,,,Yes,,Jigawa,,tau19
6b558d22-b221-4b1d-ba1c-f501890b1e08,Deposit_Account,Yes,2024-07-24,,1,1,1,,1,1,,1,,,Yes,,Jigawa,,rin28
5809730f-781b-4d82-bfb7-7428e88560de,Deposit_Account,Yes,2024-07-24,,1,1,1,,1,1,,1,,,Yes,,Jigawa,,rin28
0fe41db8-9ade-4a18-b366-ee08769806c0,Deposit_Account,Yes,2024-07-24,,1,1,1,,1,1,,1,,,Yes,,Jigawa,,tau19
6b68eb44-a4b6-4ec4-871c-77737732c1e5,Deposit_Account,Yes,2024-07-24,,1,1,1,,1,1,,1,,,Yes,,Jigawa,,rin28
b9f73374-fbd8-44a9-bc71-4607c7dda824,Deposit_Account,Yes,2024-07-24,,1,1,1,,1,1,,1,,,Yes,,Jigawa,,rin28
50cf221b-6afd-473e-95d6-cd302dd34a4a,Deposit_Account,Yes,2024-07-24,,1,1,1,,1,1,,1,,,Yes,,Jigawa,,rin28
8c497438-ca01-4651-8eb8-3554b4e2b0ca,Deposit_Account,Yes,2024-07-24,,1,1,1,,1,1,,1,,,Yes,,Jigawa,,rin28
8e634962-74c4-4c97-ac32-d4d2b3943640,Deposit_Account,Yes,2024-07-24,,1,1,1,,1,1,,1,,,Yes,,Jigawa,,rin28
c5a4fdd7-66b2-4e8e-ae49-d733e7e3faae,Deposit_Account,Yes,2024-07-24,,1,1,1,,1,1,,1,,,Yes,,Jigawa,,rin28
4f755029-7f12-4559-b026-9f42b6e11d2e,Deposit_Account,Yes,2024-07-24,,1,1,1,,1,1,,1,,,Yes,,Jigawa,,tau19
df23849a-f0b8-4d55-bec9-c835f7269e5e,Deposit_Account,Yes,2024-07-24,,1,1,1,,1,1,,1,,,Yes,,Jigawa,,rin28
1dede022-827c-4ada-bf5d-fa0c4fdde093,Deposit_Account,Yes,2024-07-24,,1,1,1,,1,1,,1,,,Yes,,Jigawa,,rin28
9240cec3-1396-43b3-a751-a955adcf2ce6,Deposit_Account,Yes,2024-07-24,,1,1,1,,1,1,,1,,,Yes,,Jigawa,,tau19
b700797e-090b-4e9b-8b73-7f8f1932c835,Deposit_Account,Yes,2024-07-24,,1,1,1,,1,1,,1,,,Yes,,Jigawa,,rin28
29ae5ebf-e5f4-4281-aceb-dd40e007cab2,Deposit_Account,Yes,2024-07-24,,1,1,1,,1,1,,1,,,Yes,,Jigawa,,rin28
8ddd4af9-d92a-448f-8b4c-5debae2753f3,Deposit_Account,Yes,2024-07-24,,1,1,1,,1,1,,1,,,Yes,,Jigawa,,rin28
a37daf83-16c2-488b-8b21-ebfeb191b376,Deposit_Account,Yes,2024-07-24,,1,1,1,,1,1,,1,,,Yes,,Jigawa,,rin28
5515537a-cc0e-4d05-b1ba-cfa97ff0728e,Deposit_Account,Yes,2024-07-24,,1,1,1,,1,1,,1,,,Yes,,Jigawa,,rin28
4cdc8666-6745-4f48-99f2-62750a3aeb2d,Deposit_Account,Yes,2024-07-24,,1,1,1,,1,1,,1,,,Yes,,Jigawa,,rin28
6902e3c9-4868-4ea4-bb5d-807faf01623e,Deposit_Account,Yes,2024-07-24,,1,1,1,,1,1,,1,,,Yes,,Jigawa,,tau19
41717d4c-0939-4169-9551-357c2fba2987,Deposit_Account,Yes,2024-07-24,,1,1,1,,1,1,,1,,,Yes,,Jigawa,,tau19
73cdfadf-8e98-4c11-8db5-174ea5e58e09,Deposit_Account,Yes,2024-07-24,,1,1,1,,1,1,,1,,,Yes,,Jigawa,,tau19
ef4fa146-f606-4373-acee-63d844dff590,Deposit_Account,Yes,2024-07-24,,1,1,1,,1,1,,1,,,Yes,,Jigawa,,tau19
a9b8e36b-1e4a-49e4-8924-534804d009b4,Deposit_Account,Yes,2024-07-24,,1,1,1,,1,1,,1,,,Yes,,Jigawa,,tau19
8baf8083-7441-4145-95b0-b31eb8cfec62,Deposit_Account,Yes,2024-07-24,,1,1,1,,1,1,,1,,,Yes,,Jigawa,,tau19
7497db9a-fe17-405f-8972-746e7f410610,Deposit_Account,Yes,2024-07-24,,1,1,1,,1,1,,1,,,Yes,,Jigawa,,tau19
c6732ff4-955b-4156-b3e1-8a4d47b2cfa2,Deposit_Account,Yes,2024-07-24,,1,1,1,,1,1,,1,,,Yes,,Jigawa,,tau19
9855ad93-bbf9-4ecf-a562-9f7f618066c8,Deposit_Account,Yes,2024-07-24,,1,1,1,,1,1,,1,,,Yes,,Jigawa,,rin28
0c88f513-b72a-4b72-b83e-18bad1e00827,Deposit_Account,Yes,2024-07-24,,1,1,1,,1,1,,1,,,Yes,,Jigawa,,rin28
6a762be9-a15c-4f36-be7f-1752357d493c,Deposit_Account,Yes,2024-07-24,,1,1,1,,1,1,,1,,,Yes,,Jigawa,,rin28
3cd104c8-3b50-43bd-9a08-12254a68fa1b,Deposit_Account,Yes,2024-07-24,,1,1,1,,1,1,,1,,,Yes,,Jigawa,,tau19
9a6a35cb-da78-49cd-b5d1-ac4832e94c4e,Deposit_Account,Yes,2024-07-24,,1,1,1,,1,1,,1,,,Yes,,Jigawa,,tau19
9be9d38b-4d1a-4f41-956d-2daa12a61312,Deposit_Account,Yes,2024-07-24,,1,1,1,,1,1,,1,,,Yes,,Jigawa,,rin28
262c09e4-dc70-404f-b0fd-69bd72d3db24,Deposit_Account,Yes,2024-07-24,,1,1,1,,1,1,,1,,,Yes,,Jigawa,,tau19
b2fdb747-c99d-4687-bd90-3596f215b88b,Deposit_Account,Yes,2024-07-24,,1,1,1,,1,1,,1,,,Yes,,Jigawa,,rin28
589f2a7b-1a76-429b-b8be-3b8435e5383d,Deposit_Account,Yes,2024-07-24,,1,1,1,,1,1,,1,,,Yes,,Jigawa,,tau19
78fffc87-10a5-4e28-b474-c28d8e8c8b88,Deposit_Account,Yes,2024-07-24,,1,1,1,,1,1,,1,,,Yes,,Jigawa,,rin28
26ee92d1-58e9-4c21-a0be-3d3b7696d5ef,Deposit_Account,Yes,2024-07-24,,1,1,1,,1,1,,1,,,Yes,,Jigawa,,rin28
25368c36-edc2-43ac-8221-75b09d541af1,Deposit_Account,Yes,2024-07-24,,1,1,1,,1,1,,1,,,Yes,,Jigawa,,rin28
0a7401d0-4950-4e83-a97a-47a207240925,Deposit_Account,Yes,2024-07-24,,1,1,1,,1,1,,1,,,Yes,,Jigawa,,rin28
355be7e1-bb5a-4f2c-b10d-1096993eb39f,Deposit_Account,Yes,2024-07-24,,1,1,1,,1,1,,1,,,Yes,,Jigawa,,tau19
bc4fa983-750c-4d74-96b9-10fc8e74c8e5,Deposit_Account,Yes,2024-07-24,,1,1,1,,1,1,,1,,,Yes,,Jigawa,,rin28
c050984b-61ba-4d46-9af0-afe01f417d05,Deposit_Account,Yes,2024-07-24,,1,1,1,,1,1,,1,,,Yes,,Jigawa,,tau19
a74f37a5-1162-42e9-b420-c058629c9db9,Deposit_Account,Yes,2024-07-24,,1,1,1,,1,1,,1,,,Yes,,Jigawa,,rin28
deacae5e-6387-42c9-b02f-80d8ad561d61,Deposit_Account,Yes,2024-07-24,,1,1,1,,1,1,,1,,,Yes,,Jigawa,,tau19
f5f7d360-cf71-4c7b-b57c-4cbae75d5e34,Deposit_Account,Yes,2024-07-24,,1,1,1,,1,1,,1,,,No,,Jigawa,,rin28
0446dbe9-8124-4c0c-bbb7-0ed97d48dc62,Deposit_Account,Yes,2024-07-24,,1,1,1,,1,1,,1,,,Yes,,Jigawa,,tau19
df2141a0-38de-4116-835c-176e0af0c8d7,Deposit_Account,Yes,2024-07-24,,1,1,1,,1,1,,1,,,Yes,,Jigawa,,rin28
26bd7e2d-5e1b-4d62-9eb8-a1992b735bb4,Deposit_Account,Yes,2024-07-24,,1,1,1,,1,1,,1,,,Yes,,Jigawa,,rin28
2e5d2692-7e02-4d82-808d-53bd39987549,Deposit_Account,Yes,2024-07-24,,1,1,1,,1,1,,1,,,Yes,,Jigawa,,tau19
876023c3-4f29-4655-a441-794ebceba8bb,Deposit_Account,Yes,2024-07-24,,1,1,1,,1,1,,1,,,Yes,,Jigawa,,rin28
6abe18d4-c9ac-48dd-8dad-52979f5f9f53,Deposit_Account,Yes,2024-07-24,,1,1,1,,1,1,,1,,,Yes,,Jigawa,,rin28
5d3375cc-780d-4185-8a8e-9e47f0c8c263,Deposit_Account,Yes,2024-07-24,,1,1,1,,1,1,,1,,,Yes,,Jigawa,,rin28
b1b81391-f251-4055-aaea-2c75d8f26dcf,Deposit_Account,Yes,2024-07-24,,1,1,1,,1,1,,1,,,Yes,,Jigawa,,tau19
e7f8f2e2-31c8-4aec-a309-a1e71c7ef7b8,Deposit_Account,Yes,2024-07-24,,1,1,1,,1,1,,1,,,Yes,,Jigawa,,rin28
8188f955-de93-4154-83e9-b7689f54f222,Deposit_Account,Yes,2024-07-24,,1,1,1,,1,1,,1,,,Yes,,Jigawa,,tau19
fe6042fa-303e-464c-8948-7f898ecb01d5,Deposit_Account,Yes,2024-07-24,,1,1,1,,1,1,,1,,,Yes,,Jigawa,,rin28
e1fabbfe-86bf-44ba-8445-a8ba5b20748a,Deposit_Account,Yes,2024-07-24,,1,1,1,,1,1,,1,,,Yes,,Jigawa,,tau19
73c9c330-db99-436e-b308-70eb3bae1d1c,Deposit_Account,Yes,2024-07-24,,1,1,1,,1,1,,1,,,Yes,,Jigawa,,rin28
794db296-d0aa-4014-9f66-fa50e2c29709,Deposit_Account,Yes,2024-07-24,,1,1,1,,1,1,,1,,,Yes,,Jigawa,,tau19
ba5c1020-cf50-44d9-84ae-15a71eabf1b0,Deposit_Account,Yes,2024-07-24,,1,1,1,,1,1,,1,,,Yes,,Jigawa,,tau19
02b463e1-72fc-4c9a-b4e6-13295e5b1a2d,Deposit_Account,Yes,2024-07-24,,1,1,1,,1,1,,1,,,Yes,,Jigawa,,rin28
96d0e437-54ca-40b8-a75f-5503715ef677,Deposit_Account,Yes,2024-07-24,,1,1,1,,1,1,,1,,,Yes,,Jigawa,,rin28
fb745f6f-140e-4e29-af2a-8f264f34c415,Deposit_Account,Yes,2024-07-24,,1,1,1,,1,1,,1,,,Yes,,Jigawa,,tau19
855a6118-f4c2-46f0-941d-ee4cb9dbd6ef,Deposit_Account,Yes,2024-07-24,,1,1,1,,1,1,,1,,,Yes,,Jigawa,,rin28
fe2a73d6-56af-4e07-ae94-d41457ad0907,Deposit_Account,Yes,2024-07-24,,1,1,1,,1,1,,1,,,Yes,,Jigawa,,rin28
fb51e6d5-3f55-450a-b09b-bcb8a58aa764,Deposit_Account,Yes,2024-07-24,,1,1,1,,1,1,,1,,,Yes,,Jigawa,,rin28
c9fd6c00-fbbf-4f2e-97d6-4c7e7e1544b4,Deposit_Account,Yes,2024-07-24,,1,1,1,,1,1,,1,,,Yes,,Jigawa,,tau19
13d6fdb0-662f-4537-b664-04c03a8d6395,Deposit_Account,Yes,2024-07-24,,1,1,1,,1,1,,1,,,Yes,,Jigawa,,rin28
c4bd7e91-30e4-46c6-9922-c3d16cef9c85,Deposit_Account,Yes,2024-07-24,,1,1,1,,1,1,,1,,,Yes,,Jigawa,,tau19
65a3ae62-9763-4b60-802b-9a1b44b7f1cf,Deposit_Account,Yes,2024-07-24,,1,1,1,,1,1,,1,,,Yes,,Jigawa,,rin28
e9ac8cb4-8e90-4740-bf69-28912a02e91a,Deposit_Account,Yes,2024-07-24,,1,1,1,,1,1,,1,,,Yes,,Jigawa,,tau19
c25bab22-9078-4416-a93e-2951879bf2fb,Deposit_Account,Yes,2024-07-24,,1,1,1,,1,1,,1,,,Yes,,Jigawa,,rin28
77869e33-f47a-4ecf-ad10-785a45cc4fc4,Deposit_Account,Yes,2024-07-24,,1,1,1,,1,1,,1,,,Yes,,Jigawa,,rin28
811bf4b4-234a-4731-946f-2fc743a70431,Deposit_Account,Yes,2024-07-24,,1,1,1,,1,1,,1,,,Yes,,Jigawa,,tau19
6675dd38-7b76-4d2b-8ae1-4de67135524a,Deposit_Account,Yes,2024-07-24,,1,1,1,,1,1,,1,,,Yes,,Jigawa,,rin28
428ff893-59d9-48c4-bef3-40f713deaa94,Deposit_Account,Yes,2024-07-24,,1,1,1,,1,1,,1,,,Yes,,Jigawa,,tau19
72fe0bd9-d05d-4728-8500-c33933a80813,Deposit_Account,Yes,2024-07-24,,1,1,1,,1,1,,1,,,Yes,,Jigawa,,rin28
d6e9034a-f0dc-4e05-a2fd-a0527395b693,Deposit_Account,Yes,2024-07-24,,1,1,1,,1,1,,1,,,Yes,,Jigawa,,rin28
c544a815-35a2-47ce-a0fd-1e4ea43922c3,Deposit_Account,Yes,2024-07-24,,1,1,1,,1,1,,1,,,Yes,,Jigawa,,rin28
085ac710-aea8-4928-bb61-613c588446fc,Deposit_Account,Yes,2024-07-24,,1,1,1,,1,1,,1,,,Yes,,Jigawa,,rin28
4334dbe3-7fab-4d0a-9fa8-e15365199558,Deposit_Account,Yes,2024-07-24,,1,1,1,,1,1,,1,,,Yes,,Jigawa,,rin28
38a8099a-f05d-4e8d-8229-d30694f6c261,Deposit_Account,Yes,2024-07-24,,1,1,1,,1,1,,1,,,Yes,,Jigawa,,rin28
9c21ee9a-9153-4e23-8b55-1b3cc24b569f,Deposit_Account,Yes,2024-07-24,,1,1,1,,1,1,,1,,,Yes,,Jigawa,,rin28
de3bad9e-57e1-4a63-89b5-4a8d2f31c16d,Deposit_Account,Yes,2024-07-24,,1,1,1,,1,1,,1,,,Yes,,Jigawa,,rin28
3586efa5-f013-44f0-824f-bb552a530edd,Deposit_Account,Yes,2024-07-24,,1,1,1,,1,1,,1,,,Yes,,Jigawa,,rin28
71b9e0fb-ad3d-444a-9181-7d0a6774ce9b,Deposit_Account,Yes,2024-07-24,,1,1,1,,1,1,,1,,,Yes,,Jigawa,,tau19
e82bc522-2bd6-41c7-94f4-fa68062be1fd,Deposit_Account,Yes,2024-07-24,,1,1,1,,1,1,,1,,,Yes,,Jigawa,,rin28
d2b91a20-2137-4bf6-a223-358a22f11b91,Deposit_Account,Yes,2024-07-24,,1,1,1,,1,1,,1,,,Yes,,Jigawa,,tau19
b477f5e6-0fa1-4bc0-bdcf-595c27094cc4,Deposit_Account,Yes,2024-07-24,,1,1,1,,1,1,,1,,,Yes,,Jigawa,,tau19
a0d60158-1cac-4f79-b74e-83d5f2b56970,Deposit_Account,Yes,2024-07-24,,1,1,1,,1,1,,1,,,Yes,,Jigawa,,tau19
ccc02406-7a35-4025-ad1a-0ad0cabb9cad,Deposit_Account,Yes,2024-07-24,,1,1,1,,1,1,,1,,,Yes,,Jigawa,,rin28
aef7d91b-fb93-492d-a135-8378c791af4c,Deposit_Account,Yes,2024-07-24,,1,1,1,,1,1,,1,,,Yes,,Jigawa,,rin28
8829ecd4-5f15-4d79-b613-967b484a62b3,Deposit_Account,Yes,2024-07-24,,1,1,1,,1,1,,1,,,Yes,,Jigawa,,tau19
7ce15c94-1263-471a-8dd1-19d279c1711e,Deposit_Account,Yes,2024-07-24,,1,1,1,,1,1,,1,,,Yes,,Jigawa,,rin28
ecd33b87-218b-4d1e-81ab-8c00d1dd41b6,Deposit_Account,Yes,2024-07-24,,1,1,1,,1,1,,1,,,Yes,,Jigawa,,rin28
073007a1-2ba6-4dfd-9154-39a24902def3,Deposit_Account,Yes,2024-07-24,,1,1,1,,1,1,,1,,,Yes,,Jigawa,,tau19
25827a93-22ce-4634-9144-e54625dc981b,Deposit_Account,Yes,2024-07-24,,1,1,1,,1,1,,1,,,Yes,,Jigawa,,rin28
904bcc03-f968-45eb-a8fa-78ac99d8853a,Deposit_Account,Yes,2024-07-24,,1,1,1,,1,1,,1,,,Yes,,Jigawa,,tau19
e70e99fb-484a-4507-b053-59f349cdb7b0,Deposit_Account,Yes,2024-07-24,,1,1,1,,1,1,,1,,,Yes,,Jigawa,,rin28
a437d0ef-79a8-4081-b334-891c9e61ff25,Deposit_Account,Yes,2024-07-24,,1,1,1,,1,1,,1,,,Yes,,Jigawa,,tau19
f25aa9f6-c8cb-45ad-ad82-62c183353840,Deposit_Account,Yes,2024-07-24,,1,1,1,,1,1,,1,,,Yes,,Jigawa,,rin28
c7b6fcae-bbdd-4e06-8f51-8e9e9d45675d,Deposit_Account,Yes,2024-07-24,,1,1,1,,1,1,,1,,,Yes,,Jigawa,,rin28
507029e9-946c-4c0f-a110-18729252e488,Deposit_Account,Yes,2024-07-24,,1,1,1,,1,1,,1,,,Yes,,Jigawa,,tau19
c4b3f0f9-592b-4bfc-8b8e-aea4c53648b1,Deposit_Account,Yes,2024-07-24,,1,1,1,,1,1,,1,,,Yes,,Jigawa,,rin28
ea411393-3352-4a34-b2f1-0037d3c34017,Deposit_Account,Yes,2024-07-24,,1,1,1,,1,1,,1,,,Yes,,Jigawa,,rin28
8b3213c6-ce75-4a1f-a09e-3ae7ac495752,Deposit_Account,Yes,2024-07-24,,1,1,1,,1,1,,1,,,Yes,,Jigawa,,tau19
99b61383-6fe2-41b7-9cc4-c8a5c7d06f76,Deposit_Account,Yes,2024-07-24,,1,1,1,,1,1,,1,,,Yes,,Jigawa,,rin28
0819cf20-c2d3-4cd2-b5b4-ee914ef343d5,Deposit_Account,Yes,2024-07-24,,1,1,1,,1,1,,1,,,Yes,,Jigawa,,tau19
13d1527b-9044-45f7-b4d4-e735a68205c8,Deposit_Account,Yes,2024-07-24,,1,1,1,,1,1,,1,,,Yes,,Jigawa,,rin28
4b185556-098b-40dc-8a7e-e8888bf3e480,Deposit_Account,Yes,2024-07-24,,1,1,1,,1,1,,1,,,Yes,,Jigawa,,rin28
c1d3f890-8277-4afb-aa30-48045dc1a97b,Deposit_Account,Yes,2024-07-24,,1,1,1,,1,1,,1,,,Yes,,Jigawa,,tau19
34518c02-3337-4e03-9f07-e0ec4de8cf7e,Deposit_Account,Yes,2024-07-24,,1,1,1,,1,1,,1,,,Yes,,Jigawa,,rin28
824f7761-0647-41ee-a6e0-b69254dbc0ed,Deposit_Account,Yes,2024-07-24,,1,1,1,,1,1,,1,,,Yes,,Jigawa,,rin28
aa4b25a2-8a07-4a4e-bac7-463079143cc2,Deposit_Account,Yes,2024-07-24,,1,1,1,,1,1,,1,,,Yes,,Jigawa,,tau19
5f808cd2-41f2-42a0-b864-548b7029d5e5,Deposit_Account,Yes,2024-07-24,,1,1,1,,1,1,,1,,,Yes,,Jigawa,,rin28
baf61ce0-d224-4014-a166-7c2a3ec9cd17,Deposit_Account,Yes,2024-07-24,,1,1,1,,1,1,,1,,,Yes,,Jigawa,,tau19
1bf488cd-59a2-47f1-b049-423902abf3a9,Deposit_Account,Yes,2024-07-24,,1,1,1,,1,1,,1,,,Yes,,Jigawa,,rin28
8aa9b039-0b4f-4459-aec5-fc2255ebc99f,Deposit_Account,Yes,2024-07-24,,1,1,1,,1,1,,1,,,Yes,,Jigawa,,tau19
a97159b8-d3b2-4e51-bd34-131024a59e42,Deposit_Account,Yes,2024-07-24,,1,1,1,,1,1,,1,,,Yes,,Jigawa,,rin28
13b40d5d-b94f-4dd0-a552-a4d102af6296,Deposit_Account,Yes,2024-07-24,,1,1,1,,1,1,,1,,,Yes,,Jigawa,,rin28
5f89d6e5-354c-42cd-a156-023cac2a7f13,Deposit_Account,Yes,2024-07-24,,1,1,1,,1,1,,1,,,Yes,,Jigawa,,rin28
8f9e3b2a-eed2-43c5-904b-a0db865c681a,Deposit_Account,Yes,2024-07-24,,1,1,1,,1,1,,1,,,Yes,,Jigawa,,tau19
986bab4e-b0a7-48f6-bcd4-213900cbfd39,Deposit_Account,Yes,2024-07-24,,1,1,1,,1,1,,1,,,Yes,,Jigawa,,tau19
e4b809e3-672a-4e0c-b6ec-266de2c3311d,Deposit_Account,Yes,2024-07-24,,1,1,1,,1,1,,1,,,Yes,,Jigawa,,tau19
7418cb7b-e0d8-4148-91ed-fa71c73b7d72,Deposit_Account,Yes,2024-07-24,,1,1,1,,1,1,,1,,,Yes,,Jigawa,,tau19
dce7144d-b3a2-4c5d-8b89-3880a3785d3b,Deposit_Account,Yes,2024-07-24,,1,1,1,,1,1,,1,,,Yes,,Jigawa,,tau19
1ed8729c-ed27-4623-9621-8fe2902bd7d3,Deposit_Account,Yes,2024-07-24,,1,1,1,,1,1,,1,,,Yes,,Jigawa,,tau19
70062f6d-cd3c-4d45-9ec2-1b1789757f4b,Deposit_Account,Yes,2024-07-24,,1,1,1,,1,1,,1,,,Yes,,Jigawa,,tau19
0afd80d3-5fbd-45cb-b51a-8d1b0d00efe7,Deposit_Account,Yes,2024-07-24,,1,1,1,,1,1,,1,,,Yes,,Jigawa,,tau19
b944e562-b5fa-4e5b-a212-d5c4763aa36c,Deposit_Account,Yes,2024-07-24,,1,1,1,,1,1,,1,,,Yes,,Jigawa,,tau19
8e15717d-e1b1-4191-9274-90f026cb7f0d,Deposit_Account,Yes,2024-07-24,,1,1,1,,1,1,,1,,,Yes,,Jigawa,,tau19
de0be526-53b3-49b6-912a-bc8faebf07b9,Deposit_Account,Yes,2024-07-24,,1,1,1,,1,1,,1,,,Yes,,Jigawa,,tau19
01de3396-56f8-4a22-b668-c4e56dab5e49,Deposit_Account,Yes,2024-07-24,,1,1,1,,1,1,,1,,,Yes,,Jigawa,,tau19
121100ba-389d-4aa2-be76-6f31998d75a6,Deposit_Account,Yes,2024-07-24,,1,1,1,,1,1,,1,,,Yes,,Jigawa,,tau19
9c59477c-5b5e-4fe2-b440-11804259ee0d,Deposit_Account,Yes,2024-07-24,,1,1,1,,1,1,,1,,,Yes,,Jigawa,,tau19
b3ae4f8a-e771-4a6f-a3cc-0a49361ca9f2,Deposit_Account,Yes,2024-07-24,,1,1,1,,1,1,,1,,,Yes,,Jigawa,,tau19
200cf8bf-6b63-49fb-89b1-6154a6e95f2d,Deposit_Account,Yes,2024-07-24,,1,1,1,,1,1,,1,,,Yes,,Jigawa,,tau19
d6242dd2-3b31-4257-83bb-58fddcf5d713,Deposit_Account,Yes,2024-07-24,,1,1,1,,1,1,,1,,,Yes,,Jigawa,,tau19
365828a1-9407-4c5e-b681-33660188a4b4,Deposit_Account,Yes,2024-07-24,,1,1,1,,1,1,,1,,,Yes,,Jigawa,,tau19
d57319bb-c688-4db3-a961-2ddbf7b5ce29,Deposit_Account,Yes,2024-07-24,,1,1,1,,1,1,,1,,,Yes,,Jigawa,,tau19
bc912aa8-dde7-4961-b66c-debfda185ef0,Deposit_Account,Yes,2024-07-24,,1,1,1,,1,1,,1,,,Yes,,Jigawa,,tau19
1a803946-ed52-4bd4-94bf-708dfe8b97da,Deposit_Account,Yes,2024-07-24,,1,1,1,,1,1,,1,,,Yes,,Jigawa,,tau19
f883f8b0-6163-43a7-b6f7-8b3ec5e378a2,Deposit_Account,Yes,2024-07-24,,1,1,1,,1,1,,1,,,Yes,,Jigawa,,tau19
ab40418c-09c7-48c5-9fe1-3eaf61c5b749,Deposit_Account,Yes,2024-07-24,,1,1,1,,1,1,,1,,,Yes,,Jigawa,,tau19
938d22c8-fe3b-4b1a-bbc6-2a3cfe57b7ad,Deposit_Account,Yes,2024-07-24,,1,1,1,,1,1,,1,,,Yes,,Jigawa,,tau19
d7bbeac3-7199-4cd6-ac86-8fe6e9af1844,Deposit_Account,Yes,2024-07-24,,1,1,1,,1,1,,1,,,Yes,,Jigawa,,tau19
5fd3cfd5-74a7-4e50-93b4-8a001bc1db46,Deposit_Account,Yes,2024-07-24,,1,1,1,,1,1,,1,,,Yes,,Jigawa,,tau19
35fa984b-0257-49e1-83c0-ed435a205e65,Deposit_Account,Yes,2024-07-24,,1,1,1,,1,1,,1,,,Yes,,Jigawa,,tau19
ae60e8c1-9083-4a20-8895-cbd5ee27d133,Deposit_Account,Yes,2024-07-24,,1,1,1,,1,1,,1,,,Yes,,Jigawa,,tau19
561456f5-c329-4ff6-ae9b-7aecb3092822,Deposit_Account,Yes,2024-07-24,,1,1,1,,1,1,,1,,,Yes,,Jigawa,,tau19
e3ea7e37-5cd4-43e3-bb69-9c3bc2f50ffc,Deposit_Account,Yes,2024-07-24,,1,1,1,,1,1,,1,,,Yes,,Jigawa,,tau19
f58f72fb-58ab-4e19-9867-a42caa835ffd,Deposit_Account,Yes,2024-07-24,,1,1,1,,1,1,,1,,,Yes,,Jigawa,,tau19
00c966c1-4752-4994-9aea-dbf6f32b4101,Deposit_Account,Yes,2024-07-24,,1,1,1,,1,1,,1,,,Yes,,Jigawa,,tau19
b6329000-bdc0-45ee-8569-8e56117e5bcd,Deposit_Account,Yes,2024-07-24,,1,1,1,,1,1,,1,,,Yes,,Jigawa,,tau19
0e2f3368-6399-4aea-910d-54dc20ee1727,Deposit_Account,Yes,2024-07-24,,1,1,1,,1,1,,1,,,Yes,,Jigawa,,tau19
327c6fae-d5ca-4e09-b53c-fba1e9ddc827,Deposit_Account,Yes,2024-07-24,,1,1,1,,1,1,,1,,,Yes,,Jigawa,,tau19
c4681d5e-3585-4b8c-bcda-d92f08b75ba9,Deposit_Account,Yes,2024-07-24,,1,1,1,,1,1,,1,,,Yes,,Jigawa,,tau19
35597436-2b78-455d-81a9-68dc65e19d7b,Deposit_Account,Yes,2024-07-24,,1,1,1,,1,1,,1,,,Yes,,Jigawa,,tau19
90b00ec5-b2f1-4cf9-b3af-219086aaf8c2,Deposit_Account,Yes,2024-07-24,,1,1,1,,1,1,,1,,,Yes,,Jigawa,,tau19
abdca254-86e7-4b09-80b6-fff96503f788,Deposit_Account,Yes,2024-07-24,,1,1,1,,1,1,,1,,,Yes,,Jigawa,,tau19
efa313ac-111e-471c-8721-91bf6cd6c488,Deposit_Account,Yes,2024-07-24,,1,1,1,,1,1,,1,,,Yes,,Jigawa,,tau19
c7c64846-1703-40ce-baa6-8cde63655eb2,Deposit_Account,Yes,2024-07-24,,1,1,1,,1,1,,1,,,Yes,,Jigawa,,tau19
1e6627ab-4d38-430b-a59f-82c20d076a0b,Deposit_Account,Yes,2024-07-24,,1,1,1,,1,1,,1,,,Yes,,Jigawa,,tau19
858b2ad6-7453-493c-b557-5c676f194eb8,Deposit_Account,Yes,2024-07-24,,1,1,1,,1,1,,1,,,Yes,,Jigawa,,tau19
b823390f-30e3-4641-b213-93610235eb35,Deposit_Account,Yes,2024-07-24,,1,1,1,,1,1,,1,,,Yes,,Jigawa,,tau19
ccd5900c-7787-457f-95e1-4f96d39208d9,Deposit_Account,Yes,2024-07-24,,1,1,1,,1,1,,1,,,Yes,,Jigawa,,tau19
e3721b2b-1f34-4df8-a84a-fff9f2f8ebf2,Deposit_Account,Yes,2024-07-24,,1,1,1,,1,1,,1,,,Yes,,Jigawa,,tau19
c82661d7-c8d7-43ae-a889-ae86ef2148fd,Deposit_Account,Yes,2024-07-24,,1,1,1,,1,1,,1,,,Yes,,Jigawa,,tau19
63338826-7e19-43c2-9c5d-f12255786ac0,Deposit_Account,Yes,2024-07-24,,1,1,1,,1,1,,1,,,Yes,,Jigawa,,tau19
94ebafd1-22dc-47f5-9967-1dbabdca0e9b,Deposit_Account,Yes,2024-07-24,,1,1,1,,1,1,,1,,,Yes,,Jigawa,,tau19
707c8b19-6af5-46af-ac41-6266cb6b752b,Deposit_Account,Yes,2024-07-24,,1,1,1,,1,1,,1,,,Yes,,Jigawa,,tau19
75887798-4ff6-4448-a1de-c955989c4811,Deposit_Account,Yes,2024-07-24,,1,1,1,,1,1,,1,,,Yes,,Jigawa,,tau19
e5e6f25d-a8da-4784-a2f4-d6e244fda65a,Deposit_Account,Yes,2024-07-24,,1,1,1,,1,1,,1,,,Yes,,Jigawa,,tau19
b3a3e1a8-ba66-4541-a523-1d6d5fbaa50b,Deposit_Account,Yes,2024-07-24,,1,1,1,,1,1,,1,,,Yes,,Jigawa,,tau19
dce25112-1f7b-42c8-817e-d26ba9a1fc07,Deposit_Account,Yes,2024-07-24,,1,1,1,,1,1,,1,,,Yes,,Jigawa,,tau19
e2e3edde-69fa-4bd0-af57-082b99ea5af2,Deposit_Account,Yes,2024-07-24,,1,1,1,,1,1,,1,,,Yes,,Jigawa,,tau19
744962c9-ae6f-403e-91d3-1bb8a015afef,Deposit_Account,Yes,2024-07-24,,1,1,1,,1,1,,1,,,Yes,,Jigawa,,tau19
9c3da1e0-3576-4bfa-bd97-6035b37f9e3e,Deposit_Account,Yes,2024-07-24,,1,1,1,,1,1,,1,,,Yes,,Jigawa,,tau19
09746eaa-2918-4065-bcae-3ca558423469,Deposit_Account,Yes,2024-07-24,,1,1,1,,1,1,,1,,,Yes,,Jigawa,,tau19
9216918c-c538-4961-99f3-1710291a4b6c,Deposit_Account,Yes,2024-07-24,,1,1,1,,1,1,,1,,,Yes,,Jigawa,,tau19
c0e22e0e-1be9-4349-ad78-a4d01c4704bc,Deposit_Account,Yes,2024-07-24,,1,1,1,,1,1,,1,,,Yes,,Jigawa,,tau19
0e113c27-32be-4443-ac68-d5df0d870ea8,Deposit_Account,Yes,2024-07-24,,1,1,1,,1,1,,1,,,Yes,,Jigawa,,tau19
ac792b88-5b9b-495f-b6da-9fb2de78f0d8,Deposit_Account,Yes,2024-07-24,,1,1,1,,1,1,,1,,,Yes,,Jigawa,,tau19
12e914a3-fee3-4c5d-989f-d24ab6868bc3,Deposit_Account,Yes,2024-07-24,,1,1,1,,1,1,,1,,,Yes,,Jigawa,,tau19
917974d7-74e5-4467-815c-8274afd189ac,Deposit_Account,Yes,2024-07-24,,1,1,1,,1,1,,1,,,Yes,,Jigawa,,tau19
fedb782c-4b84-424f-bdc3-46a2519ef4f7,Deposit_Account,Yes,2024-07-24,,1,1,1,,1,1,,1,,,Yes,,Jigawa,,tau19
07e8218f-1a0c-42d4-a199-fcae6be520e5,Deposit_Account,Yes,2024-07-24,,1,1,1,,1,1,,1,,,Yes,,Jigawa,,tau19
2fc02419-5a03-48d0-a554-9f53516d07ae,Deposit_Account,Yes,2024-07-24,,1,1,1,,1,1,,1,,,Yes,,Jigawa,,tau19
1bbcfb65-be11-46ee-9e4b-20a7fce7b973,Deposit_Account,Yes,2024-07-24,,1,1,1,,1,1,,1,,,Yes,,Jigawa,,tau19
6afeceea-578d-42d8-9a67-f1eeb6b94746,Deposit_Account,Yes,2024-07-24,,1,1,1,,1,1,,1,,,Yes,,Jigawa,,tau19
6fdacd14-8c6f-4dcc-b1fe-43eb6ddf85fe,Deposit_Account,Yes,2024-07-24,,1,1,1,,1,1,,1,,,Yes,,Jigawa,,tau19
cd0a93fb-127b-4c92-b411-39e97ed720c4,Deposit_Account,Yes,2024-07-24,,1,1,1,,1,1,,1,,,Yes,,Jigawa,,tau19
20256df4-52dc-4df2-91ef-5a036ef972c5,Deposit_Account,Yes,2024-07-24,,1,1,1,,1,1,,1,,,Yes,,Jigawa,,tau19
14a7f54b-a376-4330-b345-d8e0d56a57d7,Deposit_Account,Yes,2024-07-24,,1,1,1,,1,1,,1,,,Yes,,Jigawa,,tau19
c14e9bc6-15dc-46d3-82b7-c29d4f22418c,Deposit_Account,Yes,2024-07-24,,1,1,1,,1,1,,1,,,Yes,,Jigawa,,tau19
55ca3789-f7ab-4022-960a-97ad30862ffa,Deposit_Account,Yes,2024-07-24,,1,1,1,,1,1,,1,,,Yes,,Jigawa,,tau19
48eae7ab-f7ca-4d36-9766-c5a0ca9a1989,Deposit_Account,Yes,2024-07-24,,1,1,1,,1,1,,1,,,Yes,,Jigawa,,tau19
c2c85775-8fee-43a1-ab76-cf6a8b8bb8ee,Deposit_Account,Yes,2024-07-24,,1,1,1,,1,1,,1,,,Yes,,Jigawa,,tau19
68330cfb-b9a6-4ccd-925e-27a311cdeeb8,Deposit_Account,Yes,2024-07-24,,1,1,1,,1,1,,1,,,Yes,,Jigawa,,tau19
616088f1-823a-4b1a-81ad-7d3d695abb82,Deposit_Account,Yes,2024-07-24,,1,1,1,,1,1,1,1,,,Yes,,Kano,,tun01
e514f531-9dd8-470d-8552-97df9219f589,Deposit_Account,Yes,2024-07-24,,1,1,1,,1,1,1,1,,,Yes,,Kano,,tun01
7fbd15e4-30c7-48fa-834d-a791e7379685,Deposit_Account,Yes,2024-07-24,,1,1,1,,1,1,1,1,,,Yes,,Kano,,tun01
cea8ba24-4337-4740-8dfb-5caeff205d88,Deposit_Account,Yes,2024-07-24,,1,1,1,,1,1,1,1,,,Yes,,Kano,,tun01
eb647625-e6e6-494c-b07b-6a259fb9ff76,Deposit_Account,Yes,2024-07-24,,1,1,1,,1,1,1,1,,,Yes,,Kano,,tun01
6fd985a2-42b7-49c9-9957-ca0b1ebca55b,Deposit_Account,Yes,2024-07-24,,1,1,1,,1,1,1,1,,,Yes,,Kano,,tun01
c42ceed8-0eba-4685-927e-efdfbb3f9041,Deposit_Account,Yes,2024-07-24,,1,1,1,,1,1,1,1,,,Yes,,Kano,,tun01
230a678b-c288-49dc-81bc-f1714fda7a0c,Deposit_Account,Yes,2024-07-24,,1,1,1,,1,1,1,1,,,Yes,,Kano,,tun01
c98757e8-ca0d-49bd-bffb-812b41d6d2b2,Deposit_Account,Yes,2024-07-24,,1,1,1,,1,1,1,1,,,Yes,,Kano,,tun01
d794a37a-a716-428e-ba67-b760f67d2d87,Deposit_Account,Yes,2024-07-24,,1,1,1,,1,1,1,1,,,Yes,,Kano,,tun01
b246932f-8fe3-49f0-af41-271a1cccb304,Deposit_Account,Yes,2024-07-24,,1,1,1,,1,1,1,1,,,Yes,,Kano,,tun01
82649c1f-af59-4406-8d17-c9f8fa8ddd26,Deposit_Account,Yes,2024-07-24,,1,1,1,,1,1,1,1,,,Yes,,Kano,,tun01
b9c2742e-5ff8-4389-8a2e-48955a0cc8e7,Deposit_Account,Yes,2024-07-24,,1,1,1,,1,1,1,1,,,Yes,,Kano,,tun01
9c87b365-0116-4994-86a2-506801c23890,Deposit_Account,Yes,2024-07-24,,1,1,1,,1,1,1,1,,,Yes,,Kano,,tun01
66227226-ceef-4f06-982b-f08d2d555c07,Deposit_Account,Yes,2024-07-24,,1,1,1,,1,1,1,1,,,Yes,,Kano,,tun01
d4c8f7bc-9014-42e2-8252-d552073206a2,Deposit_Account,Yes,2024-07-24,,1,1,1,,1,1,1,1,,,Yes,,Kano,,tun01
8472ef6d-abf6-4207-a6b5-e6390061bd8c,Deposit_Account,Yes,2024-07-24,,1,1,1,,1,1,1,1,,,Yes,,Kano,,tun01
0c13e237-a913-41b6-9f2c-d5d8dc844683,Deposit_Account,Yes,2024-07-24,,1,1,1,,1,1,1,1,,,Yes,,Kano,,tun01
52811e9f-0f0f-465c-be89-2b89c8b8ed88,Deposit_Account,Yes,2024-07-24,,1,1,1,,1,1,1,1,,,Yes,,Kano,,tun01
c64e0f55-2310-47c7-ae8f-dab64904251a,Deposit_Account,Yes,2024-07-24,,1,1,1,,1,1,1,1,,,Yes,,Kano,,tun01
265f20f8-1398-4789-a0d6-db3155d5574b,Deposit_Account,Yes,2024-06-24,,1,1,1,,1,1,1,1,,,Yes,,Kano,,tun01
209779b3-10d3-48db-a8c4-61144cdb2705,Deposit_Account,Yes,2024-07-24,,1,1,1,,1,1,1,1,,,Yes,,Kano,,tun01
e2ff0f15-0b87-44cd-8304-f1b0c11adf68,Deposit_Account,Yes,2024-07-24,,1,1,1,,1,1,1,1,,,Yes,,Kano,,tun01
7b86b77b-3414-4b02-944b-abd74bc0b4be,Deposit_Account,Yes,2024-07-24,,1,1,1,,1,1,1,1,,,Yes,,Kano,,tun01
b6712f4a-cc9f-420f-909d-31b82bb21b77,Deposit_Account,Yes,2024-07-24,,1,1,1,,1,1,1,1,,,Yes,,Kano,,tun01
78abd75d-895b-4af8-a6c6-2c3effa9999e,Deposit_Account,Yes,2024-07-24,,1,1,1,,1,1,1,1,,,Yes,,Kano,,tun01
a2018f18-6282-40fd-b9cd-425e6a78acaa,Deposit_Account,Yes,2024-07-24,,1,1,1,,1,1,1,1,,,Yes,,Kano,,tun01
cbce5160-f864-4445-98ce-ccbd0e95d2e0,Deposit_Account,Yes,2024-07-24,,1,1,1,,1,1,1,1,,,Yes,,Kano,,tun01
fd7ebd19-7835-4860-8e60-bde1c76ee517,Deposit_Account,Yes,2024-07-24,,1,1,1,,1,1,,1,,,Yes,,Kano,,tun01
e7e41ef7-fba5-4cb4-94b9-f6ae25baeb8c,Deposit_Account,Yes,2024-07-24,,1,1,1,,1,1,1,1,,,Yes,,Kano,,tun01
f1906b4b-e6e6-466d-8c91-f488ee2bb925,Deposit_Account,Yes,2024-07-24,,1,1,1,,1,1,1,1,,,Yes,,Kano,,tun01
96416e7f-9981-42eb-9258-7b81a8dd4a6e,Deposit_Account,Yes,2024-07-24,,1,1,1,,1,1,1,1,,,Yes,,Kano,,tun01
d80db05e-45f1-4b3e-b565-0650907147eb,Deposit_Account,Yes,2024-07-24,,1,1,1,,1,1,1,1,,,Yes,,Kano,,tun01
2b915565-0251-4416-9498-cde6d99a980e,Deposit_Account,Yes,2024-07-24,,1,1,1,,1,1,1,1,,,Yes,,Kano,,tun01
218c5f17-ec8b-4a18-9e38-7680d8f41859,Deposit_Account,Yes,2024-07-24,,1,1,1,,1,1,1,1,,,Yes,,Kano,,tun01
b5326e86-1fe5-4eaf-bc55-32cbfdf6a026,Deposit_Account,Yes,2024-07-24,,1,1,1,,1,1,1,1,,,Yes,,Kano,,tun01
bc380dc1-ab37-44bd-ac66-e0f4d8eec009,Deposit_Account,Yes,2024-06-24,,1,1,1,,1,1,1,1,,,Yes,,Kano,,tun01
9c3cb57e-9d40-4a79-adef-f70c1e2b1f3a,Deposit_Account,Yes,2024-07-24,,1,1,1,,1,1,1,1,,,Yes,,Kano,,tun01
76f5a7d4-ff97-4e90-bfad-b88a027a2b05,Deposit_Account,Yes,2024-07-24,,1,1,1,,1,1,1,1,,,Yes,,Bauchi,,bau13
43dad936-9a66-403c-b62a-82b4b191debc,Deposit_Account,Yes,2024-07-24,,1,1,1,,1,1,1,1,,,Yes,,Bauchi,,bau13
c5a77c71-0384-4351-b743-5c110576c50a,Deposit_Account,Yes,2024-07-24,,1,1,1,,1,1,1,1,,,Yes,,Bauchi,,bau13
59b72852-2aa9-4055-b13a-cc1faded0ce0,Deposit_Account,Yes,2024-07-24,,1,1,1,,1,1,1,1,,,Yes,,Bauchi,,bau13
ee47758f-1a9c-4a3f-aa56-55780417e8f5,Deposit_Account,Yes,2024-07-24,,1,1,1,,1,1,1,1,,,Yes,,Bauchi,,bau13
ea3dcc25-e6f2-49cd-93b4-1649b24a910f,Deposit_Account,Yes,2024-07-24,,1,1,1,,1,1,1,1,,,Yes,,Bauchi,,bau13
6a0ae4fe-1b7b-4acf-bcd2-84cf4005e8b7,Deposit_Account,Yes,2024-07-24,,1,1,1,,1,1,1,1,,,Yes,,Bauchi,,bau13
4b72d429-5e2b-49f2-ba3f-865c3b94c2e3,Deposit_Account,Yes,2024-07-24,,1,1,1,,1,1,1,1,,,Yes,,Bauchi,,bau13
0847b576-2274-4b4a-bb19-5b567f0576f8,Deposit_Account,Yes,2024-07-24,,1,1,1,,1,1,1,1,,,Yes,,Bauchi,,bau13
f3b61f24-7b8f-4dcf-9e38-ceb1615472e5,Deposit_Account,Yes,2024-07-24,,1,1,1,,1,1,1,1,,,Yes,,Bauchi,,bau13
49524137-b985-4b07-bcb7-cee5a0d19848,Deposit_Account,Yes,2024-07-24,,1,1,1,,1,1,1,1,,,Yes,,Bauchi,,bau13
b1c96d24-dfee-463f-a577-a633254c7372,Deposit_Account,Yes,2024-07-24,,1,1,1,,1,1,1,1,,,Yes,,Bauchi,,bau13
5afe4f4d-59f2-4bb7-85fe-f9a2e76b2aaa,Deposit_Account,Yes,2024-07-24,,1,1,1,,1,1,1,1,,,Yes,,Bauchi,,bau13
9f4aa8d5-09cb-449f-8635-4b1d5fba60e1,Deposit_Account,Yes,2024-07-24,,1,1,1,,1,1,1,1,,,Yes,,Bauchi,,bau13
60cb75c6-e967-4ec0-b6c1-6076f7facca4,Deposit_Account,Yes,2024-07-24,,1,1,1,,1,1,1,1,,,Yes,,Bauchi,,bau13
117fd148-c540-4f5f-9fde-eeaf96119f7b,Deposit_Account,Yes,2024-07-24,,1,1,1,,1,1,1,1,,,Yes,,Bauchi,,bau13
6fde524a-81d9-4823-96b2-06c1f996bcaa,Deposit_Account,Yes,2024-07-24,,1,1,1,,1,1,1,1,,,Yes,,Bauchi,,bau13
5e635e6f-1b3f-4a2a-a711-c733f5b3e0e9,Deposit_Account,Yes,2024-07-24,,1,1,1,,1,1,1,1,,,Yes,,Bauchi,,bau13
e3d3093c-783b-4a46-883f-4a626ce3d77c,Deposit_Account,Yes,2024-07-24,,1,1,1,,1,1,1,1,,,Yes,,Bauchi,,bau13
1c7a2bf2-03ae-4a1d-848c-aa3ef6f4fd8b,Deposit_Account,Yes,2024-07-24,,1,1,1,,1,1,1,1,,,Yes,,Bauchi,,bau13
1f8205b6-448b-43dc-86b1-cbb1a1b897e8,Deposit_Account,Yes,2024-07-24,,1,1,1,,1,1,1,1,,,Yes,,Bauchi,,bau13
84f5fff6-43f8-4ac1-a22f-765d050464c3,Deposit_Account,Yes,2024-07-24,,1,1,1,,1,1,1,1,,,Yes,,Bauchi,,bau13
e5b386aa-347d-4f01-a665-271581c4d428,Deposit_Account,Yes,2024-07-24,,1,1,1,,1,1,1,1,,,Yes,,Bauchi,,bau13
13430cf6-e7b3-4800-948e-196bf16c2544,Deposit_Account,Yes,2024-07-24,,1,1,1,,1,1,1,1,,,Yes,,Bauchi,,bau13
5de698a5-21c9-4c6d-a4b0-145d37334989,Deposit_Account,Yes,2024-07-24,,1,1,1,,1,1,1,1,,,Yes,,Bauchi,,bau13
b64d03a4-aaf8-4fef-8a97-337fb4780132,Deposit_Account,Yes,2024-07-24,,1,1,1,,1,1,1,1,,,Yes,,Bauchi,,bau13
361c667b-966b-493e-83bb-c5403a0ba3f0,Deposit_Account,Yes,2024-07-24,,1,1,1,,1,1,1,1,,,Yes,,Bauchi,,bau13
df3daa5c-2cff-49f7-a748-2d293d7e2ddd,Deposit_Account,Yes,2024-07-24,,1,1,1,,1,1,1,1,,,Yes,,Bauchi,,bau13
0b9987ce-ef4f-4996-93ea-9f3ab39d7256,Deposit_Account,Yes,2024-07-24,,1,1,1,,1,1,1,1,,,Yes,,Bauchi,,bau13
ec3ceed9-5dc0-4a01-90fc-2aa1bf1b03e2,Deposit_Account,Yes,2024-07-24,,1,1,1,,1,1,1,1,,,Yes,,Bauchi,,bau13
49002198-6cb7-4f0a-a824-beb8d24e0435,Deposit_Account,Yes,2024-07-24,,1,1,1,,1,1,1,1,,,Yes,,Bauchi,,bau13
3d8678b9-dfd6-499a-b88d-372c428e3a99,Deposit_Account,Yes,2024-07-24,,1,1,1,,1,1,1,1,,,Yes,,Bauchi,,bau14
bee40e69-36a6-4c8b-87e1-826f15a1249a,Deposit_Account,Yes,2024-07-24,,1,1,1,,1,1,1,1,,,Yes,,Bauchi,,bau14
85bbd420-53b8-4c9b-bda7-32a4605a6424,Deposit_Account,Yes,2024-07-24,,1,1,1,,1,1,1,1,,,Yes,,Bauchi,,bau14
3171a66d-90d3-4f12-8c66-9e2a18d65523,Deposit_Account,Yes,2024-07-24,,1,1,1,,1,1,1,1,,,Yes,,Bauchi,,bau14
2bb18ec6-3ac3-4afb-a247-b75ab94912da,Deposit_Account,Yes,2024-07-24,,1,1,1,,1,1,1,1,,,Yes,,Bauchi,,bau14
1ead7b73-e673-4ab5-84b1-558570ac60fc,Deposit_Account,Yes,2024-07-24,,1,1,1,,1,1,1,1,,,Yes,,Bauchi,,bau14
5b6ac851-05d3-4aa8-9acb-12f5f48554b7,Deposit_Account,Yes,2024-07-24,,1,1,1,,1,1,1,1,,,Yes,,Bauchi,,bau14
f9125054-5516-4594-92e6-a970421a08df,Deposit_Account,Yes,2024-08-24,,1,1,1,,1,1,1,1,,,Yes,,Bauchi,,bau14
70f80d73-fa82-4421-a3b4-5626cc6a9aa5,Deposit_Account,Yes,2024-07-24,,1,1,1,,1,1,1,1,,,Yes,,Bauchi,,bau14
689c73de-687a-45c9-a16a-c926e59ca60e,Deposit_Account,Yes,2024-07-24,,1,1,1,,1,1,1,1,,,Yes,,Bauchi,,bau14
25813f8c-8a78-456c-8d71-217378afcdcb,Deposit_Account,Yes,2024-07-24,,1,1,1,,1,1,1,1,,,Yes,,Bauchi,,bau14
a143a597-c793-48c3-a673-6626bebc774d,Deposit_Account,Yes,2024-07-24,,1,1,1,,1,1,1,1,,,Yes,,Bauchi,,bau14
6111b334-a998-4ae1-9c75-3f81bcd0128d,Deposit_Account,Yes,2024-07-24,,1,1,1,,1,1,1,1,,,Yes,,Bauchi,,bau14
702b8f83-516b-40d2-adc9-509cda1967c9,Deposit_Account,Yes,2024-07-24,,1,1,1,,1,1,1,1,,,Yes,,Bauchi,,bau14
c5fe0ea3-e1b5-4100-ac3a-51898ddf5043,Deposit_Account,Yes,2024-07-24,,1,1,1,,1,1,1,1,,,Yes,,Bauchi,,bau14
7d1f6641-e899-410d-8287-c3b73c550d39,Deposit_Account,Yes,2024-07-24,,1,1,1,,1,1,1,1,,,Yes,,Bauchi,,bau14
87f7f005-7db6-4d01-825e-9888e918cb39,Deposit_Account,Yes,2024-07-24,,1,1,1,,1,1,1,1,,,Yes,,Bauchi,,bau14
b48a1083-0f42-4d60-a533-4d20d734c3b3,Deposit_Account,Yes,2024-07-24,,1,1,1,,1,1,1,1,,,Yes,,Bauchi,,bau14
e1913370-e4b5-42ae-8eb3-81a3181efa89,Deposit_Account,Yes,2024-07-24,,1,1,1,,1,1,1,1,,,Yes,,Bauchi,,bau14
3b57addc-f40f-4d52-8110-dab25a3966a5,Deposit_Account,Yes,2024-07-24,,1,1,1,,1,1,1,1,,,Yes,,Bauchi,,bau14
70a9ef4e-64d9-4c28-b819-7e2eefc63a59,Deposit_Account,Yes,2024-07-24,,1,1,1,,1,1,1,1,,,Yes,,Bauchi,,bau14
a88ba773-8dde-4137-a2fd-acf4201bccfa,Deposit_Account,Yes,2024-07-24,,1,1,1,,1,1,1,1,,,Yes,,Bauchi,,bau14
1d65b1d2-13fd-4eef-8e0d-f78339c12dff,Deposit_Account,Yes,2024-07-24,,1,1,1,,1,1,1,1,,,Yes,,Bauchi,,bau14
557cea63-25ba-4408-bb59-76f5c19356a8,Deposit_Account,Yes,2024-07-24,,1,1,1,,1,1,1,1,,,Yes,,Bauchi,,bau14
a8f6a584-1c6a-4b10-aab5-54b92dca7015,Deposit_Account,Yes,2024-07-24,,1,1,1,,1,1,1,1,,,Yes,,Bauchi,,bau14
6b57ca41-8f61-4eef-99aa-62ca482d1e30,Deposit_Account,Yes,2024-07-24,,1,1,1,,1,1,1,1,,,Yes,,Bauchi,,bau14
449eccd1-11c4-432d-9fbc-e2060cc6884f,Deposit_Account,Yes,2024-07-24,,1,1,1,,1,1,1,1,,,Yes,,Bauchi,,bau14
637a35c2-1e43-4f83-adeb-ff47d548d84f,Deposit_Account,Yes,2024-07-24,,1,1,1,,1,1,1,1,,,Yes,,Bauchi,,bau14
940e6cd4-23a4-45c4-b10d-5813bb17b32d,Deposit_Account,Yes,2024-07-24,,1,1,1,,1,1,1,1,,,Yes,,Bauchi,,bau14
9ec9cbe9-4ef1-44fe-b019-90aa888a636c,Deposit_Account,Yes,2024-07-24,,1,1,1,,1,1,1,1,,,Yes,,Bauchi,,bau14
b47094f0-0090-4e76-93eb-bb7e84852bcf,Deposit_Account,Yes,2024-07-24,,1,1,1,,1,1,1,1,,,Yes,,Bauchi,,bau16
955673b0-11ec-4ce2-b8d3-e15c3c0497ed,Deposit_Account,Yes,2024-07-24,,1,1,1,,1,1,1,1,,,Yes,,Bauchi,,bau16
2575d848-ed8e-48bf-8ad6-3d66a61ad3b4,Deposit_Account,Yes,2024-07-24,,1,1,1,,1,1,1,1,,,Yes,,Bauchi,,bau16
5d6aed8d-d726-4dd8-b6b1-64b12332d212,Deposit_Account,Yes,2024-07-24,,1,1,1,,1,1,1,1,,,Yes,,Bauchi,,bau16
db84de59-8d9e-463b-ba5f-cf74cc5c527f,Deposit_Account,Yes,2024-07-24,,1,1,1,,1,1,1,1,,,Yes,,Bauchi,,bau16
ac14e6a4-1801-4de3-9152-ed9e25591173,Deposit_Account,Yes,2024-07-24,,1,1,1,,1,1,1,1,,,Yes,,Bauchi,,bau16
336934c7-fb14-448a-8121-330a0adfe40b,Deposit_Account,Yes,2024-07-24,,1,1,1,,1,1,1,1,,,Yes,,Bauchi,,bau16
a83ead86-e38c-4ecf-8e3c-d032a33ad21b,Deposit_Account,Yes,2024-07-24,,1,1,1,,1,1,1,1,,,Yes,,Bauchi,,bau16
35b52b35-89ae-44f1-a609-70f1f82be0fc,Deposit_Account,Yes,2024-07-24,,1,1,1,,1,1,1,1,,,Yes,,Bauchi,,bau16
6398c63a-06c6-44f6-80ed-2cf182c9c421,Deposit_Account,Yes,2024-07-24,,1,1,1,,1,1,1,1,,,Yes,,Bauchi,,bau16
07c40373-37b0-4817-8605-1355b0122ba8,Deposit_Account,Yes,2024-07-24,,1,1,1,,1,1,1,1,,,Yes,,Bauchi,,bau16
265eabbd-cd50-4520-a23c-e983996b0d6b,Deposit_Account,Yes,2024-07-24,,1,1,1,,1,1,1,1,,,Yes,,Bauchi,,bau16
deee55d6-401b-43c3-93eb-3a495716d6e4,Deposit_Account,Yes,2024-07-24,,1,1,1,,1,1,1,1,,,Yes,,Bauchi,,bau16
654224b9-a95c-48a8-b397-2c4da04b0e79,Deposit_Account,Yes,2024-07-24,,1,1,1,,1,1,1,1,,,Yes,,Bauchi,,bau16
517ce701-eb85-4a97-97c3-4bb1f85ae912,Deposit_Account,Yes,2024-07-24,,1,1,1,,1,1,1,1,,,Yes,,Bauchi,,bau16
46cbeda7-f13c-407c-aa08-dec467b7ee6e,Deposit_Account,Yes,2024-07-24,,1,1,1,,1,1,1,1,,,Yes,,Bauchi,,bau16
bbaa497d-96f3-4135-a3be-fc486de52a8c,Deposit_Account,Yes,2024-07-24,,1,1,1,,1,1,1,1,,,Yes,,Bauchi,,bau16
f9236571-c7b0-4c36-a606-ebb06fc8755c,Deposit_Account,Yes,2024-07-24,,1,1,1,,1,1,1,1,,,Yes,,Bauchi,,bau16
de534b4f-c76a-4150-89ec-f4a3ca5fe43f,Deposit_Account,Yes,2024-07-24,,1,1,1,,1,1,1,1,,,Yes,,Bauchi,,bau16
e21dea05-b0ad-4edc-ad8f-79a9ae33a6b8,Deposit_Account,Yes,2024-07-24,,1,1,1,,1,1,1,1,,,Yes,,Bauchi,,bau16
5efd520b-8ffd-4526-9e47-eec14324386b,Deposit_Account,Yes,2024-07-24,,1,1,1,,1,1,1,1,,,Yes,,Bauchi,,bau16
63829c12-5a89-4e75-b4fd-8db360dff8f5,Deposit_Account,Yes,2024-07-24,,1,1,1,,1,1,1,1,,,Yes,,Bauchi,,bau16
9a895b50-dc0e-4255-b4a1-6f5d5d65143e,Deposit_Account,Yes,2024-07-24,,1,1,1,,1,1,1,1,,,Yes,,Bauchi,,bau16
973eb074-5112-4a98-b3ae-b29e6dffab3e,Deposit_Account,Yes,2024-07-24,,1,1,1,,1,1,1,1,,,Yes,,Bauchi,,bau16
bd2c7b0a-39cd-4842-8e93-e8cb5329f249,Deposit_Account,Yes,2024-07-24,,1,1,1,,1,1,1,1,,,Yes,,Bauchi,,bau16
06676010-787d-4444-b741-befbce1a5efe,Deposit_Account,Yes,2024-07-24,,1,1,1,,1,1,1,1,,,Yes,,Bauchi,,bau16
7a1361c8-6391-4225-9408-cd7680081197,Deposit_Account,Yes,2024-07-24,,1,1,1,,1,1,1,1,,,Yes,,Bauchi,,bau16
da243e47-3225-4c42-93e2-7eb373388376,Deposit_Account,Yes,2024-07-24,,1,1,1,,1,1,1,1,,,Yes,,Bauchi,,bau16
31296e14-19d9-4b82-a110-c9bf0807404a,Deposit_Account,Yes,2024-07-24,,1,1,1,,1,1,1,1,,,Yes,,Bauchi,,bau16
6ec40763-3fff-4b00-b1f2-2ea82720f9bd,Deposit_Account,Yes,2024-07-24,,1,1,1,1,1,1,1,,,,Yes,,Bauchi,,bau16
f324e0b4-52af-426e-b3f2-c8de36bad6de,Deposit_Account,Yes,2024-07-24,,1,1,1,,1,1,1,1,,,Yes,,Bauchi,,bau17
60b5069c-8e39-4d04-ba47-f7f83e617d3c,Deposit_Account,Yes,2024-07-25,,1,1,1,,1,1,1,1,,,Yes,,Bauchi,,bau17
0b090b1c-66d5-41b0-84c8-6fc70febe8f2,Deposit_Account,Yes,2024-07-25,,1,1,1,,1,1,1,1,,,Yes,,Bauchi,,bau17
6eef12a7-4960-458f-a672-b3d30c84e198,Deposit_Account,Yes,2024-07-25,,1,1,1,,1,1,1,1,,,Yes,,Bauchi,,bau17
894e7c4b-fa7c-48df-83d1-2ca774cc0515,Deposit_Account,Yes,2024-07-25,,1,1,1,,1,1,1,1,,,Yes,,Bauchi,,bau17
b3468809-e6ad-4253-bc7c-ee8af38fa45c,Deposit_Account,Yes,2024-07-25,,1,1,1,,1,1,1,1,,,Yes,,Kano,,tun01
f8ec2a7a-b708-49ed-a13b-a01329754333,Deposit_Account,Yes,2024-06-25,,1,1,1,,1,1,1,1,,,Yes,,Kano,,tun01
b397117f-b98a-423c-abd0-ee92630a0033,Deposit_Account,Yes,2024-07-25,,1,1,1,,1,1,1,1,,,Yes,,Kano,,tun01
8835ec8f-d034-4557-a93d-230c085dd07c,Deposit_Account,Yes,2024-07-25,,1,1,1,,1,1,1,1,,,Yes,,Kano,,tun01
509735cb-e5eb-4ad3-81fc-e8bef4831a18,Deposit_Account,Yes,2024-07-25,,1,1,1,,1,1,1,1,,,Yes,,Kano,,tun01
9aa08c25-454c-4083-8f9c-96c9a669fb6d,Deposit_Account,Yes,2024-08-12,,1,1,1,,1,1,1,1,,,Yes,,Kano,,tun01
f75ca017-765a-46d7-b9ae-a0fc4d6cb16e,Deposit_Account,Yes,2024-07-25,,1,1,1,,1,1,1,1,,,Yes,,Kano,,tun01
4369aef0-54e2-4835-b26e-fe08a3d1f0c6,Deposit_Account,Yes,2024-07-25,,1,1,1,,1,1,1,1,,,Yes,,Kano,,tun01
f033137f-e832-467e-8cf8-e19dd61df3ca,Deposit_Account,Yes,2024-07-25,,1,1,1,,1,1,1,1,,,Yes,,Kano,,tun01
10dc2e94-08bc-4c9a-826c-a43ebda0c766,Deposit_Account,Yes,2024-07-25,,1,1,1,,1,1,1,1,,,Yes,,Kano,,tun01
bffeabfa-7cdc-4dd8-9d4f-8729a336116e,Deposit_Account,Yes,2024-07-25,,1,1,1,,1,1,1,1,,,Yes,,Kano,,tun01
5dcea396-b3fa-4a8e-939e-c966ff3e293a,Deposit_Account,Yes,2024-07-25,,1,1,1,,1,1,1,1,,,Yes,,Kano,,tun01
7cca3082-bc01-4440-8ee7-920660b6a951,Deposit_Account,Yes,2024-07-25,,1,1,1,,1,1,1,1,,,Yes,,Kano,,tun01
21ec2085-fbf9-4c2f-9fd1-2a4c3e6a8558,Deposit_Account,Yes,2024-07-25,,1,1,1,,1,1,1,1,,,Yes,,Kano,,tun01
46b31b02-ce26-4074-98b3-98d256117b5a,Deposit_Account,Yes,2024-07-25,,1,1,1,,1,1,1,1,,,Yes,,Kano,,tun01
3af0d5f6-0bf3-4bfc-bbb5-061fa17de99c,Deposit_Account,Yes,2024-07-25,,1,1,1,,1,1,1,1,,,Yes,,Kano,,tun01
3aa9c400-157b-41dd-836e-61a02f9004f7,Deposit_Account,Yes,2024-07-25,,1,1,1,,1,1,1,1,,,Yes,,Kano,,tun01
3c0e26b9-b777-44e2-920b-f4306cfcb915,Deposit_Account,Yes,2024-07-25,,1,1,1,,1,1,1,1,,,Yes,,Kano,,tun01
a015df30-bfa0-4187-a468-61ca2057d9f5,Deposit_Account,Yes,2024-07-25,,1,1,1,,1,1,1,1,,,Yes,,Kano,,tun01
333bd8c6-e5bb-4bae-913f-9f3a9a8762b2,Deposit_Account,Yes,2024-07-25,,1,1,1,,1,1,1,1,,,Yes,,Kano,,tun01
64c56b44-d9fb-4f23-8223-50b2611776e1,Deposit_Account,Yes,2024-07-25,,1,1,1,,1,1,1,1,,,Yes,,Kano,,tun01
d313b6f6-c724-4e5a-9d09-986dc1b90334,Deposit_Account,Yes,2024-07-25,,1,1,1,,1,1,1,1,,,Yes,,Kano,,tun01
a79d57c7-158a-43d9-8b95-da9799b7c480,Deposit_Account,Yes,2024-07-25,,1,1,1,,1,1,1,1,,,Yes,,Kano,,tun01
28950cdc-eaa9-4cb3-bbbc-6d92075ccffb,Deposit_Account,Yes,2024-07-25,,1,1,1,,1,1,1,1,,,Yes,,Kano,,tun01
5b50bcce-888c-42d2-82d2-ecc3085b20d5,Deposit_Account,Yes,2024-07-25,,1,1,1,,1,1,1,1,,,Yes,,Kano,,tun01
8f812375-7d46-4415-9b06-386b0851ff58,Deposit_Account,Yes,2024-07-25,,1,1,1,,1,1,1,1,,,Yes,,Kano,,tun01
50bda4be-65a2-425b-80ac-0b1de709b26b,Deposit_Account,Yes,2024-07-25,,1,1,1,,1,1,1,1,,,Yes,,Kano,,tun01
2bea3a64-f429-4d80-9650-01cf0f78bdc8,Deposit_Account,Yes,2024-07-25,,1,1,1,,1,1,1,1,,,Yes,,Kano,,tun01
ae197ca4-22a1-4faf-832c-3ad551cd9c31,Deposit_Account,Yes,2024-07-25,,1,1,1,,1,1,1,1,,,Yes,,Kano,,tun01
9bc8b6e6-1a8b-4849-921f-da0613a9fd4e,Deposit_Account,Yes,2024-07-25,,1,1,1,,1,1,1,1,,,Yes,,Kano,,tun01
0da26f93-f0de-40bd-bcff-d603af2fa863,Deposit_Account,Yes,2024-07-25,,1,1,1,,1,1,1,1,,,Yes,,Kano,,tun01
255bdd66-5e07-4d52-ab92-3c105f3146dd,Deposit_Account,Yes,2024-07-25,,1,1,1,,1,1,1,1,,,Yes,,Kano,,tun01
d76d75ef-926a-4fce-a2f5-5f6dfe904c13,Deposit_Account,Yes,2024-07-25,,1,1,1,,1,1,1,1,,,Yes,,Kano,,tun01
01f1b2f3-a2a5-4778-bf1e-d1434fa25fbd,Deposit_Account,Yes,2024-07-25,,1,1,1,,1,1,1,1,,,Yes,,Kano,,tun01
239edbad-e498-4056-a4b5-e45ef11c7a92,Deposit_Account,Yes,2024-07-25,,1,1,1,,1,1,1,1,,,Yes,,Kano,,tun01
e392e769-5d7c-4b1e-a222-3095f4ca5ddb,Deposit_Account,Yes,2024-07-25,,1,1,1,,1,1,1,1,,,Yes,,Kano,,tun01
cf9472b7-a0bf-4549-9e3e-5f01dd74ee3a,Deposit_Account,Yes,2024-07-25,,1,1,1,,1,1,1,1,,,Yes,,Kano,,tun01
73aa2abe-22ae-490d-97ef-748cba0ff619,Deposit_Account,Yes,2024-07-25,,1,1,1,,1,1,1,1,,,Yes,,Kano,,tun01
d9a57ba0-6ab4-4f44-911f-2c672587774d,Deposit_Account,Yes,2024-07-25,,1,1,1,,1,1,1,1,,,Yes,,Kano,,tun01
1934a7ff-c77e-44fc-ac41-d8affe96c168,Deposit_Account,Yes,2024-07-25,,1,1,1,,1,1,1,1,,,Yes,,Kano,,tun01
cc4d5b03-38d8-4761-9d12-abb327aae455,Deposit_Account,Yes,2024-07-25,,1,1,1,,1,1,1,1,,,Yes,,Kano,,tun01
fd867098-8668-40d0-8d90-f2d346e28d0a,Deposit_Account,Yes,2024-07-25,,1,1,1,,1,1,1,1,,,Yes,,Kano,,tun01
1243da89-c6e7-4af7-aa13-743345967247,Deposit_Account,Yes,2024-07-25,,1,1,1,,1,1,1,1,,,Yes,,Kano,,tun01
f43ab465-026c-4bf3-963d-688b7bef61ee,Deposit_Account,Yes,2024-07-25,,1,1,1,,1,1,1,1,,,Yes,,Kano,,tun01
4c0d87b6-d8d3-43e7-8504-67fcdfafc381,Deposit_Account,Yes,2024-07-25,,1,1,1,,1,1,1,1,,,Yes,,Kano,,tun01
ed49596f-e195-4412-8040-f40f77048811,Deposit_Account,Yes,2024-07-25,,1,1,1,,1,1,1,1,,,Yes,,Kano,,tun01
b800b897-ecaf-4948-b116-9f39a2d29889,Deposit_Account,Yes,2024-07-25,,1,1,1,,1,1,1,1,,,Yes,,Kano,,tun01
a7eeb52f-8644-4ccc-b122-f438a0711e14,Deposit_Account,Yes,2024-07-25,,1,1,1,,1,1,1,1,,,Yes,,Kano,,tun01
44a23a13-8e06-4ee0-ba94-761d63c137ad,Deposit_Account,Yes,2024-07-25,,1,1,1,,1,1,1,1,,,Yes,,Kano,,tun01
f2b07062-31b5-4225-909c-7131bc8fb18d,Deposit_Account,Yes,2024-07-25,,1,1,1,,1,1,1,1,,,Yes,,Kano,,tun01
7acdd73c-5638-4967-aa44-835c2dab6163,Deposit_Account,Yes,2024-07-25,,1,1,1,,1,1,1,1,,,Yes,,Kano,,tun01
587fea5e-4385-481a-8615-e44cd539f26c,Deposit_Account,Yes,2024-07-25,,1,1,1,,1,1,1,1,,,Yes,,Kano,,tun01
ed2a0dc6-ff36-4e59-a3d2-1747eab2a07b,Deposit_Account,Yes,2024-07-25,,1,1,1,,1,1,1,1,,,Yes,,Kano,,tun01
c8bb2b62-56b3-4e8d-b622-14922515738b,Deposit_Account,Yes,2024-07-25,,1,1,1,,1,1,1,1,,,Yes,,Kano,,tun01
cdd2d39b-5a92-4125-9588-d3d76dd85ba4,Deposit_Account,Yes,2024-07-25,,1,1,1,,1,1,1,1,,,Yes,,Kano,,tun01
3b020c19-2ceb-453e-ae74-8e7a03ae787e,Deposit_Account,Yes,2024-07-25,,1,1,1,,1,1,1,1,,,Yes,,Kano,,tun01
46fdac5c-22f2-4f61-8e5d-70f598a7bc19,Deposit_Account,Yes,2024-07-25,,1,1,1,,1,1,1,1,,,Yes,,Kano,,tun01
cadc30c7-6f69-4064-8d65-9857fef77a52,Deposit_Account,Yes,2024-07-25,,1,1,1,,1,1,1,1,,,Yes,,Kano,,tun01
62850773-e19f-49ad-a8cf-19295ae0b23e,Deposit_Account,Yes,2024-07-25,,1,1,1,,1,1,1,1,,,Yes,,Kano,,tun01
88d3c7e2-3f01-4758-8231-e882323330b8,Deposit_Account,Yes,2024-07-25,,1,1,1,,1,1,1,1,,,Yes,,Kano,,tun01
a4dbe28c-bff1-4a78-9aa1-e4abfd16fd92,Deposit_Account,Yes,2024-07-25,,1,1,1,,1,1,1,1,,,Yes,,Bauchi,,bau17
d996d84e-2cc2-4e77-af62-8393c4e618c9,Deposit_Account,Yes,2024-07-25,,1,1,1,,1,1,1,1,,,Yes,,Kano,,tun01
af71af7b-f31c-4dea-bbe3-9cfda202bfb6,Deposit_Account,Yes,2024-07-25,,1,1,1,,1,1,1,1,,,Yes,,Kano,,tun01
6bee5a94-e5d9-412d-b396-8be5d53aaa43,Deposit_Account,Yes,2024-07-25,,1,1,1,,1,1,1,1,,,Yes,,Kano,,tun01
d4383493-2259-40b4-b70e-ab85143417db,Deposit_Account,Yes,2024-07-25,,1,1,1,,1,1,1,1,,,Yes,,Kano,,tun01
4491151c-2d60-4b85-84e5-fe0d2038ff0b,Deposit_Account,Yes,2024-07-25,,1,1,1,,1,1,1,1,,,Yes,,Kano,,tun01
29fadc43-0f4e-49b0-94d8-bf1b9bfc4dbc,Deposit_Account,Yes,2024-07-25,,1,1,1,,1,1,1,1,,,Yes,,Kano,,tun01
bdac98bb-b3d0-4de1-b798-cca49b781a66,Deposit_Account,Yes,2024-07-25,,1,1,1,,1,1,1,1,,,Yes,,Bauchi,,bau17
78ddae12-011f-465f-bae0-71c105231da7,Deposit_Account,Yes,2024-07-25,,1,1,1,,1,1,1,1,,,Yes,,Bauchi,,bau17
e0a0fbc2-638c-48b6-89f3-b6ed2fcc9f96,Deposit_Account,Yes,2024-07-25,,1,1,1,,1,1,1,1,,,Yes,,Bauchi,,bau17
dfdfada8-ac10-4a86-8b47-4f64a71111b7,Deposit_Account,Yes,2024-07-25,,1,1,1,,1,1,1,1,,,Yes,,Bauchi,,bau17
994d3704-3751-44fb-86ed-8b25ee469cd2,Deposit_Account,Yes,2024-07-25,,1,1,1,,1,1,1,1,,,Yes,,Bauchi,,bau17
fb9e0405-960c-419e-a3eb-23182673f694,Deposit_Account,Yes,2024-07-25,,1,1,1,,1,1,1,1,,,Yes,,Bauchi,,bau17
18f75853-cc4e-4d2b-9828-2ce1855780e6,Deposit_Account,Yes,2024-07-25,,1,1,1,,1,1,1,1,,,Yes,,Bauchi,,bau17
b5045b97-00ab-4910-a2e1-f1183a847de3,Deposit_Account,Yes,2024-07-25,,1,1,1,,1,1,1,1,,,Yes,,Kano,,tun01
22ea7927-72d0-48e6-aa70-2ba13f78d8e2,Deposit_Account,Yes,2024-07-25,,1,1,1,,1,1,1,1,,,Yes,,Bauchi,,bau17
6378f602-ddc5-4ae8-ba49-bbccb443e007,Deposit_Account,Yes,2024-07-25,,1,1,1,,1,1,1,1,,,Yes,,Kano,,tun01
4ab2db72-bfc8-4968-8d48-92d76202fc2c,Deposit_Account,Yes,2024-07-25,,1,1,1,,1,1,1,1,,,Yes,,Bauchi,,bau17
ff650bbd-c68f-4bc6-b1ee-a55a96760045,Deposit_Account,Yes,2024-07-25,,1,1,1,,1,1,1,1,,,Yes,,Kano,,tun01
d69e00da-5b37-450b-bc16-3d3abe642a1c,Deposit_Account,Yes,2024-07-25,,1,1,1,,1,1,1,1,,,Yes,,Bauchi,,bau17
2f6e8c58-0425-4dc8-9975-f1d15b6ad36b,Deposit_Account,Yes,2024-07-25,,1,1,1,,1,1,1,1,,,Yes,,Kano,,tun01
1e11535b-8a18-4161-93bb-a949959eb276,Deposit_Account,Yes,2024-07-25,,1,1,1,,1,1,1,1,,,Yes,,Kano,,tun01
189afe42-6072-49ef-b694-8eab7ed4041e,Deposit_Account,Yes,2024-07-25,,1,1,1,,1,1,1,1,,,Yes,,Bauchi,,bau17
70448ef2-06c7-4d1f-90af-31924c43c374,Deposit_Account,Yes,2024-07-25,,1,1,1,,1,1,1,1,,,Yes,,Kano,,tun01
63ce020c-6932-471f-9ea3-609bde95882e,Deposit_Account,Yes,2024-07-25,,1,1,1,,1,1,1,1,,,Yes,,Bauchi,,bau17
313baec2-bf50-4e5e-86f7-3fcac3c452f8,Deposit_Account,Yes,2024-07-25,,1,1,1,,1,1,1,1,,,Yes,,Kano,,tun01
e3117c72-d8d1-426f-bb8c-9da7dc26e5fa,Deposit_Account,Yes,2024-07-25,,1,1,1,,1,1,1,1,,,Yes,,Bauchi,,bau17
7dfbb0c7-6c4e-4659-b8c5-7430fc10fd9a,Deposit_Account,Yes,2024-07-25,,1,1,1,,1,1,1,1,,,Yes,,Kano,,tun01
91714c48-0820-4178-b57d-6f423568c76c,Deposit_Account,Yes,2024-07-25,,1,1,1,,1,1,1,1,,,Yes,,Bauchi,,bau17
202a354b-f03f-45fd-be4f-e03f8c9d4197,Deposit_Account,Yes,2024-07-25,,1,1,1,,1,1,1,1,,,Yes,,Bauchi,,bau17
4a5faa16-8f81-4cc4-a5fc-a46c1f98f29d,Deposit_Account,Yes,2024-07-25,,1,1,1,,1,1,1,1,,,Yes,,Kano,,tun01
99fae250-94c2-4b7e-ae96-9668928841df,Deposit_Account,Yes,2024-07-25,,1,1,1,,1,1,1,1,,,Yes,,Bauchi,,bau17
514f4cc4-9718-4377-a3c7-0ad2eb3a5eb5,Deposit_Account,Yes,2024-07-25,,1,1,1,,1,1,1,1,,,Yes,,Bauchi,,bau17
227620c9-c845-42ae-9663-2a815e2476c6,Deposit_Account,Yes,2024-07-25,,1,1,1,,1,1,1,1,,,Yes,,Kano,,tun01
0ecfc9a4-0bf9-4b48-a8ed-28ec6e6b4308,Deposit_Account,Yes,2024-07-25,,1,1,1,,1,1,1,1,,,Yes,,Bauchi,,bau17
944e5762-9b4e-41f1-a97d-2d9118ca2c03,Deposit_Account,Yes,2024-07-25,,1,1,1,,1,1,1,1,,,Yes,,Kano,,tun01
ca144112-5628-42aa-b8ec-3bd8f0dffeb3,Deposit_Account,Yes,2024-07-25,,1,1,1,,1,1,1,1,,,Yes,,Bauchi,,bau17
5e7de530-833c-4bb7-a197-ee0a23e0a2bd,Deposit_Account,Yes,2024-07-25,,1,1,1,,1,1,1,1,,,Yes,,Kano,,tun01
0a1b432d-6f28-47fb-a4d6-c4e885bf6edc,Deposit_Account,Yes,2024-07-25,,1,1,1,,1,1,1,1,,,Yes,,Bauchi,,bau17
75dc6814-e7e4-4e6d-b0ab-2390dbf17adc,Deposit_Account,Yes,2024-07-25,,1,1,1,,1,1,1,1,,,Yes,,Kano,,tun01
ef0242cc-c266-4803-9d2a-5aca4e30db13,Deposit_Account,Yes,2024-07-25,,1,1,1,,1,1,1,1,,,Yes,,Bauchi,,bau17
2325db88-7cb0-48b5-a447-4231f6886ce0,Deposit_Account,Yes,2024-07-25,,1,1,1,,1,1,1,1,,,Yes,,Kano,,tun01
8398c712-b13e-4062-ac66-0a4be45f7c93,Deposit_Account,Yes,2024-07-25,,1,1,1,,1,1,1,1,,,Yes,,Bauchi,,bau17
7e89f3cd-f5c7-496a-982a-65f210995a35,Deposit_Account,Yes,2024-07-25,,1,1,1,,1,1,1,1,,,Yes,,Kano,,tun01
bcfb68b6-0966-4639-a80b-c10f2e6d31a4,Deposit_Account,Yes,2024-07-25,,1,1,1,,1,1,1,1,,,Yes,,Bauchi,,bau17
e299d66e-3902-41eb-a81f-7cdbc8a09cfe,Deposit_Account,Yes,2024-07-25,,1,1,1,,1,1,1,1,,,Yes,,Kano,,tun01
5cbd8e8f-3748-4cb3-a911-87f138f48197,Deposit_Account,Yes,2024-07-25,,1,1,1,,1,1,1,1,,,Yes,,Kano,,tun01
9e6efbae-9a52-43f2-8b8a-de27a3182e79,Deposit_Account,Yes,2024-07-25,,1,1,1,,1,1,1,1,,,Yes,,Kano,,tun01
655bc086-70cb-410f-946f-e1bb903335e0,Deposit_Account,Yes,2024-07-25,,1,1,1,,1,1,1,1,,,Yes,,Kano,,tun01
34492a16-4852-4f4e-9101-ed87dca1f258,Deposit_Account,Yes,2024-07-25,,1,1,1,,1,1,1,1,,,Yes,,Kano,,tun01
29a70675-5b9d-472d-96dd-578432f7429c,Deposit_Account,Yes,2024-07-25,,1,1,1,,1,1,1,1,,,Yes,,Kano,,tun01
4628708f-2191-4e2d-b931-4e9ccd911b3b,Deposit_Account,Yes,2024-07-25,,1,1,1,,1,1,1,1,,,Yes,,Kano,,tun01
0cebbbb3-5b2b-4f81-87b1-4f0e4ed1ff5a,Deposit_Account,Yes,2024-07-25,,1,1,1,,1,1,1,1,,,Yes,,Gombe,,bill01
490b3c95-fefd-4a86-802f-96b574f60e26,Deposit_Account,Yes,2024-07-25,,1,1,1,,1,1,1,1,,,Yes,,Kano,,tun01
033d4db0-2511-4859-8edd-ed2d408d250a,Deposit_Account,Yes,2024-07-25,,1,1,1,,1,1,1,1,,,Yes,,Gombe,,bill01
9a1f4e25-54a9-461e-ab4c-88045f7be8fb,Deposit_Account,Yes,2024-07-25,,1,1,1,,1,1,1,1,,,Yes,,Kano,,tun01
cbf0a2e7-db71-4ffc-97dc-bd79817c3abc,Deposit_Account,Yes,2024-07-25,,1,1,1,,1,1,1,1,,,Yes,,Gombe,,bill01
c90e4a6c-ee4b-4c09-84a1-7f8420409e49,Deposit_Account,Yes,2024-07-25,,1,1,1,,1,1,1,1,,,Yes,,Kano,,tun01
a495feee-3eb3-4389-95c2-94f7a8c40b3b,Deposit_Account,Yes,2024-07-25,,1,1,1,,1,1,1,1,,,Yes,,Gombe,,bill01
2566934b-9a7f-4314-be71-3b0285ca0484,Deposit_Account,Yes,2024-07-25,,1,1,1,,1,1,1,1,,,Yes,,Kano,,tun01
9c180e8a-60a8-4a71-aa8a-70c993f829e9,Deposit_Account,Yes,2024-07-25,,1,1,1,,1,1,1,1,,,Yes,,Gombe,,bill01
83ca86de-ebe7-4903-b420-2f3f61a8550e,Deposit_Account,Yes,2024-07-25,,1,1,1,,1,1,1,1,,,Yes,,Gombe,,bill01
cdec6bb4-95c6-4d8b-ba8e-4cfe3b91183d,Deposit_Account,Yes,2024-07-25,,1,1,1,,1,1,1,1,,,Yes,,Kano,,tun01
89ac767c-b9e9-41b9-b0d4-0265a6622454,Deposit_Account,Yes,2024-07-25,,1,1,1,,1,1,1,1,,,Yes,,Gombe,,bill01
239bb176-4633-4afc-a86f-3debf5d84f08,Deposit_Account,Yes,2024-07-25,,1,1,1,,1,1,1,1,,,Yes,,Gombe,,bill01
ef6cd6c8-5957-498c-bca2-d7ac10370039,Deposit_Account,Yes,2024-07-25,,1,1,1,,1,1,1,1,,,Yes,,Kano,,tun01
6917fe48-3464-4d64-b6b7-e1f614f699d0,Deposit_Account,Yes,2024-07-25,,1,1,1,,1,1,1,1,,,Yes,,Gombe,,bill01
c2e5d7d5-0dce-477c-8792-5d906c6a1925,Deposit_Account,Yes,2024-07-25,,1,1,1,,1,1,1,1,,,Yes,,Kano,,tun01
8a73ff50-aaa3-4581-8f39-10be71c4ae40,Deposit_Account,Yes,2024-07-25,,1,1,1,,1,1,1,1,,,Yes,,Kano,,tun01
e1c78f55-24c4-4557-add4-7eba5a3aa978,Deposit_Account,Yes,2024-07-25,,1,1,1,,1,1,1,1,,,Yes,,Gombe,,bill01
07e1ce6b-1b8d-4588-9465-8ce1f2f7b676,Deposit_Account,Yes,2024-07-25,,1,1,1,,1,1,1,1,,,Yes,,Kano,,tun01
16beca28-5763-460f-b4f5-ea01c56ee943,Deposit_Account,Yes,2024-07-25,,1,1,1,,1,1,1,1,,,Yes,,Gombe,,bill01
b7c62905-41f6-41a2-89e8-76b58c6fbb9a,Deposit_Account,Yes,2024-07-25,,1,1,1,,1,1,1,1,,,Yes,,Gombe,,bill01
ed00c093-f3a4-4e85-8a26-ab73b2257461,Deposit_Account,Yes,2024-07-25,,1,1,1,,1,1,1,1,,,Yes,,Kano,,tun01
b2aaff23-ed79-439a-81b2-0ecdc787e152,Deposit_Account,Yes,2024-07-25,,1,1,1,,1,1,1,1,,,Yes,,Gombe,,bill01
e0d7a5b2-c907-4618-b889-a23f0df240c5,Deposit_Account,Yes,2024-07-25,,1,1,1,,1,1,1,1,,,Yes,,Kano,,tun01
142ac853-f0c9-4ffe-ab21-e63298534e97,Deposit_Account,Yes,2024-07-25,,1,1,1,,1,1,1,1,,,Yes,,Gombe,,bill01
3e02392a-abc1-40cc-84c8-044418292c77,Deposit_Account,Yes,2024-07-25,,1,1,1,,1,1,1,1,,,Yes,,Kano,,tun01
f6cedc2b-ac34-4abb-af9e-cb4e648934b0,Deposit_Account,Yes,2024-07-25,,1,1,1,,1,1,1,1,,,Yes,,Gombe,,bill01
9fde4625-8a88-40a7-b854-c32c19e2af7b,Deposit_Account,Yes,2024-07-25,,1,1,1,,1,1,1,1,,,Yes,,Kano,,tun01
f5174915-a82e-469b-85bf-07bfa943ef7c,Deposit_Account,Yes,2024-07-25,,1,1,1,,1,1,1,1,,,Yes,,Gombe,,bill01
37fdccc2-6f46-469d-adfb-eb47f42785fd,Deposit_Account,Yes,2024-07-25,,1,1,1,,1,1,1,1,,,Yes,,Kano,,tun01
d0e65e63-7ef4-41df-8684-62e935f898cb,Deposit_Account,Yes,2024-07-25,,1,1,1,,1,1,1,1,,,Yes,,Gombe,,bill01
25826a9f-53e3-4e92-a6e3-303bd9cdf45c,Deposit_Account,Yes,2024-07-25,,1,1,1,,1,1,1,1,,,Yes,,Gombe,,bill01
0beadcaf-97cf-4ab2-b0d6-c4d67758dd3f,Deposit_Account,Yes,2024-07-25,,1,1,1,,1,1,1,1,,,Yes,,Kano,,tun01
eed265e5-0afd-4671-83a7-9d6cb7b2f125,Deposit_Account,Yes,2024-07-25,,1,1,1,,1,1,1,1,,,Yes,,Gombe,,bill01
15f2e5e3-f991-4dfe-8f4e-1a9cfbd3d615,Deposit_Account,Yes,2024-07-25,,1,1,1,,1,1,1,1,,,Yes,,Kano,,tun01
af004ddb-eb47-432e-8cee-78825fdcd86b,Deposit_Account,Yes,2024-07-25,,1,1,1,,1,1,1,1,,,Yes,,Gombe,,bill01
27519ac0-559e-4f9b-abb8-5ddd3d93c55c,Deposit_Account,Yes,2024-07-25,,1,1,1,,1,1,1,1,,,Yes,,Kano,,tun01
2a642b24-0411-41a2-b697-eb626cba7236,Deposit_Account,Yes,2024-07-25,,1,1,1,,1,1,1,1,,,Yes,,Gombe,,bill01
d5b63bbf-debb-445b-b684-472dc940741c,Deposit_Account,Yes,2024-07-25,,1,1,1,,1,1,1,1,,,Yes,,Kano,,tun01
28789484-0814-42ef-9796-2001ef0248d0,Deposit_Account,Yes,2024-07-25,,1,1,1,,1,1,1,1,,,Yes,,Gombe,,bill01
2c8da564-3235-4728-ac8f-461f43b184a1,Deposit_Account,Yes,2024-07-25,,1,1,1,,1,1,1,1,,,Yes,,Kano,,tun01
0d86dff6-a6a9-4f3f-875a-8b861944b405,Deposit_Account,Yes,2024-07-25,,1,1,1,,1,1,1,1,,,Yes,,Gombe,,bill01
20af6f3c-bc1f-4d21-a6f6-0c7aab903fb5,Deposit_Account,Yes,2024-07-25,,1,1,1,,1,1,1,1,,,Yes,,Kano,,tun01
36d8b3d7-8a6c-48d5-9ce7-a275bda083a2,Deposit_Account,Yes,2024-07-25,,1,1,1,,1,1,1,1,,,Yes,,Kano,,tun01
ac53a723-393e-46ef-b25c-9a2ce95746d7,Deposit_Account,Yes,2024-07-25,,1,1,1,,1,1,1,1,,,Yes,,Kano,,tun01
35b8dee2-e0fc-4712-bd31-8745ecd9e8f2,Deposit_Account,Yes,2024-07-25,,1,1,1,,1,1,1,1,,,Yes,,Gombe,,bill01
7119d695-a028-441b-b246-da3d2ac9fbaa,Deposit_Account,Yes,2024-07-25,,1,1,1,,1,1,1,1,,,Yes,,Gombe,,bill01
9efd2202-d8e4-4ed5-98d0-a188425913ce,Deposit_Account,Yes,2024-07-25,,1,1,1,,1,1,1,1,,,Yes,,Gombe,,bill01
a894a4d2-f2e0-4598-954a-9c2086f76844,Deposit_Account,Yes,2024-07-25,,1,1,1,,1,1,1,1,,,Yes,,Gombe,,bill01
a110bf1f-88a2-4192-bc5b-03d2e4557011,Deposit_Account,Yes,2024-07-25,,1,1,1,,1,1,1,1,,,Yes,,Kano,,tun01
8131fff0-607b-44fa-9e22-87a1f682e1a6,Deposit_Account,Yes,2024-07-25,,1,1,1,,1,1,1,1,,,Yes,,Gombe,,bill01
f3a7d981-380a-46a1-848a-20c103e46798,Deposit_Account,Yes,2024-07-25,,1,1,1,,1,1,1,1,,,Yes,,Gombe,,bill01
bd72d5b2-2d0c-4714-854f-b55605a9e210,Deposit_Account,Yes,2024-07-25,,1,1,1,,1,1,1,1,,,Yes,,Gombe,,bill01
f8ced6e3-ef15-4ef2-908a-f9671ca63177,Deposit_Account,Yes,2024-07-25,,1,1,1,,1,1,1,1,,,Yes,,Kano,,tun01
a84a43f1-4797-4480-83f0-d5636ff6f976,Deposit_Account,Yes,2024-07-25,,1,1,1,,1,1,1,1,,,Yes,,Gombe,,bill01
326e761f-8bb6-4cef-9bf5-7836c08fbc17,Deposit_Account,Yes,2024-07-25,,1,1,1,,1,1,1,1,,,Yes,,Kano,,tun01
799f6b6b-3822-4ca8-84c0-213d85fc0fb7,Deposit_Account,Yes,2024-07-25,,1,1,1,,1,1,1,1,,,Yes,,Kano,,tun01
63e1e2d0-80f8-4632-91ee-9230770d8cc6,Deposit_Account,Yes,2024-07-25,,1,1,1,,1,1,1,1,,,Yes,,Kano,,tun01
6bd10253-ec38-4fe8-8afc-01b869a5bcde,Deposit_Account,Yes,2024-07-25,,1,1,1,,1,1,1,1,,,Yes,,Kano,,tun01
064c84ec-929b-4fa7-8dff-20c05314ce2d,Deposit_Account,Yes,2024-07-25,,1,1,1,,1,1,1,1,,,Yes,,Kano,,tun01
b88723ef-75a0-420a-8828-5181920d57cc,Deposit_Account,Yes,2024-07-25,,1,1,1,,1,1,1,1,,,Yes,,Kano,,tun01
1c716a94-d19b-4b9e-8cb7-2a07e903e4a2,Deposit_Account,Yes,2024-07-25,,1,1,1,,1,1,1,1,,,Yes,,Gombe,,bill02
891073c5-65ba-488d-a9b4-e369a421781c,Deposit_Account,Yes,2024-07-25,,1,1,1,,1,1,1,1,,,Yes,,Kano,,tun01
b0a69f1a-b8ac-468e-b410-cdde432e32b6,Deposit_Account,Yes,2024-07-25,,1,1,1,,1,1,1,1,,,Yes,,Kano,,tun01
7bdabc8e-4b4b-4b2c-a2d7-0d2c2589ce04,Deposit_Account,Yes,2024-07-25,,1,1,1,,1,1,1,1,,,Yes,,Gombe,,bill02
e10411e2-1999-49fa-b15c-d3c932f60468,Deposit_Account,Yes,2024-07-25,,1,1,1,,1,1,1,1,,,Yes,,Kano,,tun01
7ceb0c75-1c83-449d-a62f-919c1ec26e74,Deposit_Account,Yes,2024-07-25,,1,1,1,,1,1,1,1,,,Yes,,Gombe,,bill02
73cf267b-9bd6-4a65-8982-857ad047c0b6,Deposit_Account,Yes,2024-07-25,,1,1,1,,1,1,1,1,,,Yes,,Kano,,tun01
4fdaf6bc-7464-4b99-9bd5-18129caa998b,Deposit_Account,Yes,2024-07-25,,1,1,1,,1,1,1,1,,,Yes,,Gombe,,bill02
f3545ab3-4ca3-4d56-bfe7-0acd39b09eb5,Deposit_Account,Yes,2024-07-25,,1,1,1,,1,1,1,1,,,Yes,,Kano,,tun01
056865be-3de5-4b0e-8628-e63a6bbfe94f,Deposit_Account,Yes,2024-07-25,,1,1,1,,1,1,1,1,,,Yes,,Gombe,,bill02
088ad53b-d4ba-4b1f-8e70-023b4f483518,Deposit_Account,Yes,2024-07-25,,1,1,1,,1,1,1,1,,,Yes,,Kano,,tun01
58e9aaef-13db-4176-8c79-1a1e1bc1e333,Deposit_Account,Yes,2024-07-25,,1,1,1,,1,1,1,1,,,Yes,,Kano,,tun01
896dd1ba-7697-4099-b5e4-eb3a76ccb52d,Deposit_Account,Yes,2024-07-25,,1,1,1,,1,1,1,1,,,Yes,,Kano,,tun01
da0bcf72-c2ec-4587-86cd-6922a0ad7736,Deposit_Account,Yes,2024-07-25,,1,1,1,,1,1,1,1,,,Yes,,Kano,,tun01
4fca0fa0-b58f-45ee-a863-d25e20f4864b,Deposit_Account,Yes,2024-07-25,,1,1,1,,1,1,1,1,,,Yes,,Kano,,tun01
ded1d8fe-7453-40f9-b301-aa04e481e0b0,Deposit_Account,Yes,2024-07-25,,1,1,1,,1,1,1,1,,,Yes,,Kano,,tun01
3307c2ee-90cb-490c-9542-27bcff345777,Deposit_Account,Yes,2024-07-25,,1,1,1,,1,1,1,1,,,Yes,,Kano,,tun01
b7990812-029c-44b2-9972-61c01cd95ad1,Deposit_Account,Yes,2024-07-25,,1,1,1,,1,1,1,1,,,Yes,,Kano,,tun01
bb5e17c7-d472-44ab-b0de-9fecb5fdddd3,Deposit_Account,Yes,2024-07-25,,1,1,1,,1,1,1,1,,,Yes,,Kano,,tun01
8cce8bdb-ecfe-442d-a366-d159f2c55047,Deposit_Account,Yes,2024-07-25,,1,1,1,,1,1,1,1,,,Yes,,Kano,,tun01
104acb10-5a32-4d51-81bf-05627fac4e70,Deposit_Account,Yes,2024-07-25,,1,1,1,,1,1,1,1,,,Yes,,Kano,,tun01
c8f7d3cf-13d6-4637-9c1f-8a143fa2b7ee,Deposit_Account,Yes,2024-07-25,,1,1,1,,1,1,,1,,,Yes,,Jigawa,,tau22
aeed3afb-74e4-4029-b5d0-2125d8032400,Deposit_Account,Yes,2024-07-25,,1,1,1,,1,1,,1,,,Yes,,Jigawa,,tau22
7d8483d0-18a7-4fee-a512-3839cdbdbae0,Deposit_Account,Yes,2024-07-25,,1,1,1,,1,1,1,1,,,Yes,,Kano,,tun01
9e7f6173-ea77-473b-af2b-9daa2afdc263,Deposit_Account,Yes,2024-07-25,,1,1,1,,1,1,,1,,,Yes,,Jigawa,,tau22
8a307336-9741-464e-9b6e-543752bc97e8,Deposit_Account,Yes,2024-07-25,,1,1,1,,1,1,1,1,,,Yes,,Kano,,tun01
5c434d18-63ae-433f-808f-e15c20311d75,Deposit_Account,Yes,2024-07-25,,1,1,1,,1,1,,1,,,Yes,,Jigawa,,tau22
4c3911c2-eb7e-4da0-a708-ac107bc2d989,Deposit_Account,Yes,2024-07-25,,1,1,1,,1,1,,1,,,Yes,,Jigawa,,tau22
d3815282-4916-46b0-b495-074f28e0105d,Deposit_Account,Yes,2024-07-25,,1,1,1,,1,1,1,1,,,Yes,,Kano,,tun01
6a50a073-e484-4c21-9223-eb5dfa1bfcc0,Deposit_Account,Yes,2024-07-25,,1,1,1,,1,1,1,1,,,Yes,,Kano,,tun01
d835a474-9480-48e9-b1db-348d5b07d23e,Deposit_Account,Yes,2024-07-25,,1,1,1,,1,1,1,1,,,Yes,,Kano,,tun01
6b2e9162-f354-4615-bc3e-310558d4ce08,Deposit_Account,Yes,2024-07-25,,1,1,1,,1,1,1,1,,,Yes,,Kano,,tun01
d952ce38-0102-446c-af64-122d82f635d6,Deposit_Account,Yes,2024-07-25,,1,1,1,,1,1,1,1,,,Yes,,Kano,,tun01
f1cebb0f-7ea1-4b47-a1cf-308a5e28a0db,Deposit_Account,Yes,2024-07-25,,1,1,1,,1,1,1,1,,,Yes,,Kano,,tun01
b51bbb98-b849-4313-a2dc-b7d62e20f24a,Deposit_Account,Yes,2024-07-25,,1,1,1,,1,1,1,1,,,Yes,,Kano,,tun01
97dd7900-5a1c-4537-8707-15d330fd05ea,Deposit_Account,Yes,2024-07-25,,1,1,1,,1,1,1,1,,,Yes,,Kano,,tun01
4a53a740-dc00-4574-916f-dd716c34daed,Deposit_Account,Yes,2024-07-25,,1,1,1,,1,1,1,1,,,Yes,,Kano,,tun01
1892c993-85e7-498d-9826-37c1de63beb6,Deposit_Account,Yes,2024-07-25,,1,1,1,,1,1,1,1,,,Yes,,Kano,,tun01
c4c4eb4b-668c-49fe-badb-fca4ad92b957,Deposit_Account,Yes,2024-07-25,,1,1,1,,1,1,1,1,,,Yes,,Kano,,tun01
c60ec297-cea5-4ad9-b999-19ff84d1ca79,Deposit_Account,Yes,2024-07-25,,1,1,1,,1,1,1,1,,,Yes,,Kano,,tun01
22905eae-21ee-4d38-a7ed-ccba1e3c6e90,Deposit_Account,Yes,2024-07-25,,1,1,1,,1,1,1,1,,,Yes,,Kano,,tun01
0421e41b-56e3-43ea-bc89-3f4c2f1eb33b,Deposit_Account,Yes,2024-07-25,,1,1,1,,1,1,1,1,,,Yes,,Kano,,tun01
99c3d949-a7c5-4f55-8f90-58fa2640f761,Deposit_Account,Yes,2024-07-25,,1,1,1,,1,1,1,1,,,Yes,,Kano,,tun01
46dda18d-1ad9-4aeb-9db0-fa724bac3ef6,Deposit_Account,Yes,2024-07-25,,1,1,1,,1,1,1,1,,,Yes,,Kano,,tun01
17d71bb5-427b-4ec1-8283-a9d1b37489f0,Deposit_Account,Yes,2024-07-25,,1,1,1,,1,1,1,1,,,Yes,,Kano,,tun01
ae5cd290-470f-4085-8920-8ea00a652f6b,Deposit_Account,Yes,2024-07-25,,1,1,1,,1,1,1,1,,,Yes,,Kano,,tun01
06d8429c-dc9f-41ae-af3d-13e260b4ecca,Deposit_Account,Yes,2024-07-25,,1,1,1,,1,1,1,1,,,Yes,,Kano,,tun01
5b735f94-0df6-4e98-ad00-65fc879be080,Deposit_Account,Yes,2024-07-25,,1,1,1,,1,1,1,1,,,Yes,,Kano,,tun01
a27e7fa1-e10c-4455-8483-a8c09b2bbbaa,Deposit_Account,Yes,2024-07-25,,1,1,1,,1,1,1,1,,,Yes,,Kano,,tun01
ebe34ab7-4c5a-4ae3-9c4a-ec049af2f6c4,Deposit_Account,Yes,2024-07-25,,1,1,1,,1,1,1,1,,,Yes,,Kano,,tun01
d7c8e269-a69d-47d1-bbab-0b0b93245bf1,Deposit_Account,Yes,2024-07-25,,1,1,1,,1,1,1,1,,,Yes,,Kano,,tun01
173a5b69-b7ef-418c-bb11-e1dd432bad15,Deposit_Account,Yes,2024-07-25,,1,1,1,,1,1,1,1,,,Yes,,Kano,,tun01
16a92cf6-175e-42c2-8890-7d0d1bd482f3,Deposit_Account,Yes,2024-07-25,,1,1,1,,1,1,1,1,,,Yes,,Kano,,tun01
17ad8c10-7362-4b3e-8374-bc0410d00589,Deposit_Account,Yes,2024-07-25,,1,1,1,,1,1,1,1,,,Yes,,Kano,,tun01
d0608b87-d898-4089-8aeb-399303a6a084,Deposit_Account,Yes,2024-07-25,,1,1,1,,1,1,1,1,,,Yes,,Kano,,tun01
ff1e3e34-8c59-4b2f-ad42-bbaacac5569a,Deposit_Account,Yes,2024-07-25,,1,1,1,,1,1,1,1,,,Yes,,Kano,,tun01
fc4f7584-a009-4715-a97f-d272ed5c8303,Deposit_Account,Yes,2024-07-25,,1,1,1,,1,1,1,1,,,Yes,,Kano,,tun01
252cda36-c7ef-4b70-8ee3-6cfd661c07fa,Deposit_Account,Yes,2024-07-25,,1,1,1,,1,1,1,1,,,Yes,,Kano,,tun01
09ade37e-4c85-4278-8e10-1bab777f7c64,Deposit_Account,Yes,2024-07-25,,1,1,1,,1,1,1,1,,,Yes,,Kano,,tun01
61f3d9a6-1478-4888-836a-ab5105da0dcb,Deposit_Account,Yes,2024-07-25,,1,1,1,,1,1,1,1,,,Yes,,Kano,,tun01
d54acd8b-6ef2-42dc-94b6-e5c024c0786a,Deposit_Account,Yes,2024-07-25,,1,1,1,,1,1,1,1,,,Yes,,Kano,,tun01
835049ca-6cf5-4e66-ad71-43152dcc8425,Deposit_Account,Yes,2024-07-25,,1,1,1,,1,1,1,1,,,Yes,,Kano,,tun01
b501edb8-cbe0-433c-9c9d-ee1b38e4bc9a,Deposit_Account,Yes,2024-07-25,,1,1,1,,1,1,1,1,,,Yes,,Kano,,tun01
39f2b3dc-3056-4ea3-bbe9-fcce9360b71d,Deposit_Account,Yes,2024-07-25,,1,1,1,,1,1,1,1,,,Yes,,Kano,,tun01
576dc76d-3a20-464a-9ec7-3af8a890862d,Deposit_Account,Yes,2024-07-25,,1,1,1,,1,1,1,1,,,Yes,,Kano,,tun01
d56a87fb-4e41-4b65-935b-55535e0fded1,Deposit_Account,Yes,2024-07-25,,1,1,1,,1,1,1,1,,,Yes,,Kano,,tun01
d4df2f84-52e9-43ee-b872-6b6f63fe4b42,Deposit_Account,Yes,2024-07-25,,1,1,1,,1,1,1,1,,,Yes,,Kano,,tun01
875d2990-78f3-4aa2-b9a4-38efac5003ea,Deposit_Account,Yes,2024-07-25,,1,1,1,,1,1,1,1,,,Yes,,Kano,,tun01
70eeb023-3869-4588-b488-9b02522ccf06,Deposit_Account,Yes,2024-07-25,,1,1,1,,1,1,1,1,,,Yes,,Kano,,tun01
8499dce8-001e-479b-83c4-3a81c4e2eb33,Deposit_Account,Yes,2024-07-25,,1,,,,,,,,,,Yes,,Kano,,tun01
17453f32-d833-4090-b048-616a0bcf83fd,Deposit_Account,Yes,2024-07-25,,1,1,1,,1,1,1,1,,,Yes,,Kano,,tun01
d66bd90d-a84f-453a-a2a1-e67f227232b6,Deposit_Account,Yes,2024-07-25,,1,1,1,,1,1,1,1,,,Yes,,Kano,,tun01
8aa5fd4a-5c4f-470d-912b-042055d88a26,Deposit_Account,Yes,2024-07-25,,1,1,1,,1,1,1,1,,,Yes,,Kano,,tun01
f9e3f876-fa25-4ec4-9866-fbde45076c19,Deposit_Account,Yes,2024-07-25,,1,1,1,,1,1,1,1,,,Yes,,Kano,,tun01
783e601b-4054-4675-9f12-46fd79b2f273,Deposit_Account,Yes,2024-07-25,,1,1,1,,1,1,1,1,,,Yes,,Kano,,tun01
c2da10ff-20a7-41e2-b2d0-e3490a2fd85e,Deposit_Account,Yes,2024-07-25,,1,1,1,,1,1,1,1,,,Yes,,Kano,,tun01
489efcee-e03c-4974-8a5a-c161c5ff0723,Deposit_Account,Yes,2024-07-25,,1,1,1,,1,1,1,1,,,Yes,,Kano,,tun01
19802cbc-d55f-4b89-aedd-0bb7a863ba87,Deposit_Account,Yes,2024-07-25,,1,1,1,,1,1,1,1,,,Yes,,Kano,,tun01
b26eb35c-380c-4687-a82b-b029589738e4,Deposit_Account,Yes,2024-07-25,,1,1,1,,1,1,1,1,,,Yes,,Kano,,tun01
7b2051c2-1b2c-4ba3-80c5-c3b049ad30ff,Deposit_Account,Yes,2024-07-25,,1,1,1,,1,1,1,1,,,Yes,,Kano,,tun01
e4020014-6027-420e-a2c8-8ba97b4c2e3a,Deposit_Account,Yes,2024-07-25,,1,1,1,,1,1,1,1,,,Yes,,Kano,,tun01
41f47344-465b-404a-b0b4-202333efbf5e,Deposit_Account,Yes,2024-07-25,,1,1,1,,1,1,1,1,,,Yes,,Kano,,tun01
30e76096-df61-4f57-b3f7-639a06e8a819,Deposit_Account,Yes,2024-07-25,,1,1,1,,1,1,1,1,,,Yes,,Kano,,tun01
0ff9a09a-7605-4f7a-9365-3da567512a63,Deposit_Account,Yes,2024-07-25,,1,1,1,,1,1,1,1,,,Yes,,Kano,,tun01
225f3de6-c34c-4137-98f4-832a0fc53a42,Deposit_Account,Yes,2024-07-25,,1,1,1,,1,1,1,1,,,Yes,,Gombe,,bill02
45f67e6e-18c0-4c86-bbf4-e9f71e6eb0a4,Deposit_Account,Yes,2024-07-25,,1,1,1,,1,1,1,1,,,Yes,,Gombe,,bill02
fd1ed523-581f-4da7-be48-b2bff191de0f,Deposit_Account,Yes,2024-07-25,,1,1,1,,1,1,1,1,,,Yes,,Gombe,,bill02
1b517bad-608f-435d-9109-d948e94b5f58,Deposit_Account,Yes,2024-07-25,,1,1,1,,1,1,1,1,,,Yes,,Gombe,,bill02
d9e259f1-a284-4bae-ab9c-c7b736c259c1,Deposit_Account,Yes,2024-07-25,,1,1,1,,1,1,1,1,,,Yes,,Gombe,,bill02
9eb1d3f1-f1b7-4dd8-9e59-6dc4deb3e6a9,Deposit_Account,Yes,2024-07-25,,1,1,1,,1,1,1,1,,,Yes,,Gombe,,bill02
2e0f345b-9f95-4647-b12c-074b9b738ec0,Deposit_Account,Yes,2024-07-25,,1,1,1,,1,1,1,1,,,Yes,,Gombe,,bill02
d87d407b-84e6-4fc4-964e-39656e57c0fc,Deposit_Account,Yes,2024-07-25,,1,1,1,,1,1,1,1,,,Yes,,Gombe,,bill02
eef8d772-36d3-4e4d-8140-dd8598f04e5c,Deposit_Account,Yes,2024-07-25,,1,1,1,,1,1,1,1,,,Yes,,Kano,,tun01
148e0eee-1359-4e9c-98a3-b2f3d55c8c47,Deposit_Account,Yes,2024-07-25,,1,1,1,,1,1,1,1,,,Yes,,Kano,,tun01
8cee5a17-cec9-4aa8-b691-4244507138dc,Deposit_Account,Yes,2024-07-25,,1,1,1,,1,1,1,1,,,Yes,,Kano,,tun01
54a19fef-bff5-42df-ac2f-01db28f0d576,Deposit_Account,Yes,2024-08-16,,1,1,1,,1,1,1,1,,,Yes,,Kano,,tun01
29cae894-04c1-4077-8a39-f41e9440e7e1,Deposit_Account,Yes,2024-07-25,,1,1,1,,1,1,1,1,,,Yes,,Kano,,tun01
ca5c467a-55d7-4fec-a5a9-7ba64ef7c9b2,Deposit_Account,Yes,2024-08-09,,1,1,1,,1,1,1,1,,,Yes,,Kano,,tun01
ce0660ca-e95a-4184-83e1-ce0c0aa05e4a,Deposit_Account,Yes,2024-07-25,,1,1,1,,1,1,1,1,,,Yes,,Kano,,tun01
386187e1-afae-4d4d-b02c-bff31e66d7eb,Deposit_Account,Yes,2024-07-25,,1,1,1,,1,1,1,1,,,Yes,,Kano,,tun01
ebe97642-cb17-48e5-8347-afd7080dc9fb,Deposit_Account,Yes,2024-06-25,,1,1,1,,1,1,1,1,,,Yes,,Kano,,tun01
c6afb698-e999-4498-bac7-bc1a32ef7641,Deposit_Account,Yes,2024-07-25,,1,1,1,,1,1,1,1,,,Yes,,Kano,,tun01
16147b96-8647-4c66-944b-d20f6d108e39,Deposit_Account,Yes,2024-07-25,,1,1,1,,1,1,1,1,,,Yes,,Kano,,tun01
a77030d0-e42b-424a-a33d-c383b2eda32d,Deposit_Account,Yes,2024-07-25,,1,1,1,,1,1,1,1,,,Yes,,Kano,,tun01
63810d5a-b6d3-4b98-b0ee-b488b713768f,Deposit_Account,Yes,2024-07-25,,1,1,1,,1,1,1,1,,,Yes,,Kano,,tun01
092ed4b6-4435-4c97-87fe-ad13ea30a722,Deposit_Account,Yes,2024-07-25,,1,1,1,,1,1,1,1,,,Yes,,Kano,,tun01
a07801b4-3900-4f02-a4f5-b0d8892c4d83,Deposit_Account,Yes,2024-07-25,,1,1,1,,1,1,1,1,,,Yes,,Kano,,tun01
6a1e53e2-2ae1-450f-8709-069d69237e5a,Deposit_Account,Yes,2024-07-25,,1,1,1,,1,1,1,1,,,Yes,,Kano,,tun01
b747bb59-17c4-4b3a-8bd8-8a051523ec87,Deposit_Account,Yes,2024-07-25,,1,1,1,,1,1,1,1,,,Yes,,Kano,,tun01
cbbad75d-6baa-48e2-888e-767239959bd7,Deposit_Account,Yes,2024-07-25,,1,1,1,,1,1,1,1,,,Yes,,Kano,,tun01
5bce5dee-bc9f-4b1a-88e1-3ad3e88ad4ac,Deposit_Account,Yes,2024-07-25,,1,1,1,,1,1,1,1,,,Yes,,Kano,,tun01
7c4b1888-5b33-48e9-b0c3-5e871c8d1117,Deposit_Account,Yes,2024-07-25,,1,1,1,,1,1,1,1,,,Yes,,Kano,,tun01
9be6aad9-b199-43ba-b4f0-6a822f39fd54,Deposit_Account,Yes,2024-07-25,,1,1,1,,1,1,1,1,,,Yes,,Kano,,tun01
e4f5a19f-3724-47d9-93cd-dbb648c9be3d,Deposit_Account,Yes,2024-07-25,,1,1,1,,1,1,1,1,,,Yes,,Kano,,tun01
0c76076c-b69f-4ffd-9d55-d6c11d6a6a6b,Deposit_Account,Yes,2024-07-25,,1,1,1,,1,1,,1,,,Yes,,Jigawa,,tau22
7931220d-96b7-4fb9-9c8a-817fa1ae08e6,Deposit_Account,Yes,2024-07-25,,1,1,1,,1,1,,1,,,Yes,,Jigawa,,tau22
48f34e96-dafb-4dd9-b37c-7109d9b559a3,Deposit_Account,Yes,2024-07-25,,1,1,1,,1,1,,1,,,Yes,,Jigawa,,tau22
3676c4a7-442c-4dbd-b5ac-2b3977104dbb,Deposit_Account,Yes,2024-07-25,,1,1,1,,1,1,,1,,,Yes,,Jigawa,,tau22
ed0d48dc-d283-409e-bfed-e6eb63ce61d2,Deposit_Account,Yes,2024-07-25,,1,1,1,,1,1,1,1,,,Yes,,Kano,,tun01
ce697888-60d2-4795-a10e-39748eaf229a,Deposit_Account,Yes,2024-07-25,,1,1,1,,1,1,1,1,,,Yes,,Kano,,tun01
daab2231-1c43-4ac5-bba3-2567c67f57bc,Deposit_Account,Yes,2024-07-25,,1,1,1,,1,1,1,1,,,Yes,,Kano,,tun01
413034b5-a8c5-4b36-86f6-29dd2e780734,Deposit_Account,Yes,2024-07-25,,1,1,1,,1,1,,1,,,Yes,,Jigawa,,tau22
4fda1f0b-d7ee-420d-b86d-a6316b959fd7,Deposit_Account,Yes,2024-07-25,,1,1,1,,1,1,,1,,,Yes,,Jigawa,,tau22
48a3223b-7eb9-49fe-ae42-be0c6448b40d,Deposit_Account,Yes,2024-07-25,,1,1,1,,1,1,,1,,,Yes,,Jigawa,,tau22
7d69cc4f-ea7a-4533-af81-f993be2b134d,Deposit_Account,Yes,2024-07-25,,1,1,1,,1,1,,1,,,Yes,,Jigawa,,tau22
befa945a-6ab8-456c-a035-9ff87c2c36d5,Deposit_Account,Yes,2024-07-25,,1,1,1,,1,1,,1,,,Yes,,Jigawa,,tau22
1d6b1afa-fd20-4d76-8cfa-68f42cbd615d,Deposit_Account,Yes,2024-07-25,,1,1,1,,1,1,,1,,,Yes,,Jigawa,,tau22
e8e8d7f7-a4f2-4003-912a-e44d2200b2bf,Deposit_Account,Yes,2024-07-25,,1,1,1,,1,1,,1,,,Yes,,Jigawa,,tau22
9681690f-3594-4a31-9aa4-6f2f58be7700,Deposit_Account,Yes,2024-07-25,,1,1,1,,1,1,,1,,,Yes,,Jigawa,,tau22
f610bbd1-b62e-4766-b447-17467080d332,Deposit_Account,Yes,2024-07-25,,1,1,1,,1,1,,1,,,Yes,,Jigawa,,tau22
53425b9e-f07e-42d4-9e0e-3ead98dfa739,Deposit_Account,Yes,2024-07-25,,1,1,1,,1,1,,1,,,Yes,,Jigawa,,tau22
1e305aa1-c2e7-4d03-ad16-77f8ff6e1058,Deposit_Account,Yes,2024-07-25,,1,1,1,,1,1,,1,,,Yes,,Jigawa,,tau22
b91cd969-31ec-4a10-8b9d-a7c1bb4f3cf9,Deposit_Account,Yes,2024-07-25,,1,1,1,,1,1,,1,,,Yes,,Jigawa,,tau22
11bafe85-2538-4abe-a05e-66aabc1a9acf,Deposit_Account,Yes,2024-07-25,,1,1,1,,1,1,,1,,,Yes,,Jigawa,,tau22
7f133cbb-e517-4cea-97da-db592af63b8d,Deposit_Account,Yes,2024-07-25,,1,1,1,,1,1,,1,,,Yes,,Jigawa,,tau22
d7a7f33c-7b97-499c-a369-94bdc8e8981c,Deposit_Account,Yes,2024-07-25,,1,1,1,,1,1,,1,,,Yes,,Jigawa,,tau22
5d9a0338-7f16-4c22-bc30-738fa15b726b,Deposit_Account,Yes,2024-07-25,,1,1,1,,1,1,,1,,,Yes,,Jigawa,,tau22
419d61c4-3533-4df1-9f59-b7939d844a4a,Deposit_Account,Yes,2024-07-25,,1,1,1,,1,1,,1,,,Yes,,Jigawa,,tau22
8cae15e4-9778-476f-ace4-82478792a68d,Deposit_Account,Yes,2024-07-25,,1,1,1,,1,1,,1,,,Yes,,Jigawa,,tau22
a343b594-a18f-416a-b425-56f1b48d04c7,Deposit_Account,Yes,2024-07-25,,1,1,1,,1,1,,1,,,Yes,,Jigawa,,tau22
bf862f0f-d569-460c-a3a8-7193496ee999,Deposit_Account,Yes,2024-07-25,,1,1,1,,1,1,,1,,,Yes,,Jigawa,,tau22
1cd82d59-5391-42d0-8f41-fa929c1bcc22,Deposit_Account,Yes,2024-07-25,,1,1,1,,1,1,,1,,,Yes,,Jigawa,,tau22
5c0dc760-3dba-42a5-b379-c93a85738da5,Deposit_Account,Yes,2024-07-25,,1,1,1,,1,1,,1,,,Yes,,Jigawa,,tau22
af10b643-d22b-454b-b605-2db4edd2aa6b,Deposit_Account,Yes,2024-07-25,,1,1,1,,1,1,,1,,,Yes,,Jigawa,,tau22
870e6d6e-03e8-4b58-8605-f981a1cfb34f,Deposit_Account,Yes,2024-07-25,,1,1,1,,1,1,,1,,,Yes,,Jigawa,,tau22
e8bf6e3e-415d-4c26-8d5f-7f71c928d9b3,Deposit_Account,Yes,2024-07-25,,1,1,1,,1,1,,1,,,Yes,,Jigawa,,tau22
c0a13b99-acc7-4d28-b4bd-f4ae696ca534,Deposit_Account,Yes,2024-07-25,,1,1,1,,1,1,,1,,,Yes,,Jigawa,,tau22
bc9a1423-14e6-49cf-ad88-df0b328255e8,Deposit_Account,Yes,2024-07-25,,1,1,1,,1,1,,1,,,Yes,,Jigawa,,tau22
131a0b51-2380-438d-880f-ba3675a96a55,Deposit_Account,Yes,2024-07-25,,1,1,1,,1,1,,1,,,Yes,,Jigawa,,tau22
27653a37-59e1-4b07-8995-58b335830b6c,Deposit_Account,Yes,2024-07-25,,1,1,1,,1,1,1,1,,,Yes,,Kano,,tun01
64a31489-206a-4c77-8134-9af663dc5e34,Deposit_Account,Yes,2024-07-25,,1,1,1,,1,1,1,1,,,Yes,,Kano,,tun01
aeabf60b-dc9b-4df5-8182-1b7a52866ef3,Deposit_Account,Yes,2024-07-25,,1,1,1,,1,1,1,1,,,Yes,,Kano,,tun01
8ccfaf08-f46e-4f70-b80e-1846286c4f3b,Deposit_Account,Yes,2024-07-25,,1,1,1,,1,1,1,1,,,Yes,,Kano,,tun01
98aaf868-e902-4acf-86d4-bd286fbd2909,Deposit_Account,Yes,2024-07-25,,1,1,1,,1,1,1,1,,,Yes,,Kano,,tun01
a9bec070-8063-4ae1-9bf4-a679b591969f,Deposit_Account,Yes,2024-07-25,,1,1,1,,1,1,,1,,,Yes,,Jigawa,,tau22
79b09d0e-6ae9-42c3-94d6-6acf8e7608b5,Deposit_Account,Yes,2024-07-25,,1,1,1,,1,1,,1,,,Yes,,Jigawa,,tau22
4f4a1e8f-adb1-4da9-9e75-e3c3d0302b5f,Deposit_Account,Yes,2024-07-25,,1,1,1,,1,1,,1,,,Yes,,Jigawa,,tau22
2f0e3135-1391-404d-9392-e72feda6f741,Deposit_Account,Yes,2024-07-25,,1,1,1,,1,1,1,1,,,Yes,,Kano,,tun01
7015c9e0-19fa-4cfe-a731-b2ec7908bd08,Deposit_Account,Yes,2024-07-25,,1,1,1,,1,1,1,1,,,Yes,,Kano,,tun01
9ea95683-0471-46b5-ad7d-4860aaff5530,Deposit_Account,Yes,2024-07-25,,1,1,1,,1,1,,1,,,Yes,,Jigawa,,tau22
2e329598-03f0-4215-89fb-0b26497d1698,Deposit_Account,Yes,2024-07-25,,1,1,1,,1,1,1,1,,,Yes,,Kano,,tun01
7694ce80-0df8-4c0c-93dc-765aced157a8,Deposit_Account,Yes,2024-07-25,,1,1,1,,1,1,1,1,,,Yes,,Kano,,tun01
35d4c6e4-b83a-4909-b06b-90d2a0258775,Deposit_Account,Yes,2024-07-25,,1,1,1,,1,1,1,1,,,Yes,,Kano,,tun01
5036eb20-1d9f-4d7b-826b-0b276d68c9b9,Deposit_Account,Yes,2024-07-25,,1,1,1,,1,1,,1,,,Yes,,Jigawa,,tau22
e0fbc901-c7a1-4969-b0b8-232d4401130d,Deposit_Account,Yes,2024-07-25,,1,1,1,,1,1,,1,,,Yes,,Jigawa,,tau22
21ec7d54-552d-4d00-afd3-461d86ce6877,Deposit_Account,Yes,2024-07-25,,1,1,1,,1,1,,1,,,Yes,,Jigawa,,tau22
12471732-3739-426f-b9e3-56ea5fb04ca5,Deposit_Account,Yes,2024-07-25,,1,1,1,,1,1,,1,,,Yes,,Jigawa,,tau22
e3ad5667-0852-4127-b5f5-7a7c4c3e0717,Deposit_Account,Yes,2024-07-25,,1,1,1,,1,1,1,1,,,Yes,,Kano,,tun01
7bc74f2b-6430-4d76-9a82-f1244cc97dd8,Deposit_Account,Yes,2024-07-25,,1,1,1,,1,1,1,1,,,Yes,,Kano,,tun01
362a4736-711a-4566-a14a-01138b2e4ba5,Deposit_Account,Yes,2024-07-25,,1,1,1,,1,1,1,1,,,Yes,,Kano,,tun01
016c9d75-f451-4830-ab26-f39ec0f144d4,Deposit_Account,Yes,2024-07-25,,1,1,1,,1,1,1,1,,,Yes,,Kano,,tun01
716126da-d64c-4553-a0f9-53c7d9becfc7,Deposit_Account,Yes,2024-07-25,,1,1,1,,1,1,1,1,,,Yes,,Kano,,tun01
2843e37e-1602-4bdc-af77-9784a9ddae8d,Deposit_Account,Yes,2024-07-25,,1,1,1,,1,1,1,1,,,Yes,,Kano,,tun01
909a5d48-5671-4824-8e03-c632961ba46e,Deposit_Account,Yes,2024-07-25,,1,1,1,,1,1,1,1,,,Yes,,Kano,,tun01
29f56f26-eba6-46b7-a139-f5a5d35bbe1a,Deposit_Account,Yes,2024-07-25,,1,1,1,,1,1,1,1,,,Yes,,Kano,,tun01
20bd2364-e49e-43b9-af06-d26aa556ff50,Deposit_Account,Yes,2024-07-25,,1,1,1,,1,1,1,1,,,Yes,,Kano,,tun01
55b3b285-7556-4a92-aaa4-32d73070abfb,Deposit_Account,Yes,2024-07-25,,1,1,1,,1,1,1,1,,,Yes,,Kano,,tun01
cbd7f01f-1b4b-4e70-adf1-5bbbd913b3cb,Deposit_Account,Yes,2024-07-25,,1,1,1,,1,1,1,1,,,Yes,,Kano,,tun01
a13f35e5-273f-41a7-8200-840d886b0697,Deposit_Account,Yes,2024-07-25,,1,1,1,,1,1,1,1,,,Yes,,Kano,,tun01
a6d0988a-3cc2-499f-9891-86f154b80fe4,Deposit_Account,Yes,2024-07-25,,1,1,1,,1,1,1,1,,,Yes,,Kano,,tun01
85323e2c-cb32-4858-81b7-b83cf9f2ba87,Deposit_Account,Yes,2024-07-25,,1,1,1,,1,1,1,1,,,Yes,,Kano,,tun01
f71c7da1-9843-42a4-8140-2f8ff07fdd4b,Deposit_Account,Yes,2024-07-25,,1,1,1,,1,1,1,1,,,Yes,,Kano,,tun01
45cb588d-c0d1-42ac-89c3-0791ebcc1e46,Deposit_Account,Yes,2024-07-25,,1,1,1,,1,1,1,1,,,Yes,,Kano,,tun01
22822b9e-acc4-4db0-8f42-8f621bd0e6be,Deposit_Account,Yes,2024-07-25,,1,1,1,,1,1,1,1,,,Yes,,Kano,,tun01
3c8204df-59ab-4590-9db4-736d6822570a,Deposit_Account,Yes,2024-07-25,,1,1,1,,1,1,1,1,,,Yes,,Kano,,tun01
f3c35447-8d58-4d1a-bfeb-510f453fb183,Deposit_Account,Yes,2024-07-25,,1,1,1,,1,1,1,1,,,Yes,,Kano,,tun01
58c7a70e-0d10-4088-b2da-caa40281be36,Deposit_Account,Yes,2024-07-25,,1,1,1,,1,1,1,1,,,Yes,,Kano,,tun01
049c91e8-c0a1-46cf-863f-580e2ce50a67,Deposit_Account,Yes,2024-07-25,,1,1,1,,1,1,1,1,,,Yes,,Kano,,tun01
fc3157b8-fbfd-4477-82dd-d2e3547aee62,Deposit_Account,Yes,2024-07-25,,1,1,1,,1,1,1,1,,,Yes,,Kano,,tun01
6136c709-6dc7-4703-9cf3-ca394cd4d02e,Deposit_Account,Yes,2024-07-25,,1,1,1,,1,1,,1,,,Yes,,Jigawa,,rin24
b563d06c-856c-4783-9171-4d33f2cd7e4d,Deposit_Account,Yes,2024-07-25,,1,1,1,,1,1,,1,,,Yes,,Jigawa,,rin24
a2238f6a-2f9b-40dd-a22d-3607d793f31a,Deposit_Account,Yes,2024-07-25,,1,1,1,,1,1,,1,,,Yes,,Jigawa,,rin24
122a1553-88ad-4dce-938a-71091d69c5b5,Deposit_Account,Yes,2024-07-25,,1,1,1,,1,1,,1,,,Yes,,Jigawa,,rin24
cbec41d6-82a1-4d2b-8cc6-1daca0023eee,Deposit_Account,Yes,2024-07-25,,1,1,1,,1,1,,1,,,Yes,,Jigawa,,rin24
d0c2a517-93f0-4946-b08e-de49f68b1bb3,Deposit_Account,Yes,2024-07-25,,1,1,1,,1,1,,1,,,Yes,,Jigawa,,rin24
ca5da2c2-9785-454b-8380-2af182d6f79e,Deposit_Account,Yes,2024-07-25,,1,1,1,,1,1,,1,,,Yes,,Jigawa,,rin24
7a95e54b-bd1a-4e9c-8fd9-d9f8e69e7a27,Deposit_Account,Yes,2024-07-25,,1,1,1,,1,1,,1,,,Yes,,Jigawa,,rin24
75744d7a-1665-4f8f-afc7-6d00b0ae7e88,Deposit_Account,Yes,2024-07-25,,1,1,1,,1,1,,1,,,Yes,,Jigawa,,rin24
c49848d1-9f65-49de-92fc-c4711ca8fd5f,Deposit_Account,Yes,2024-07-25,,1,1,1,,1,1,,1,,,Yes,,Jigawa,,rin24
cf4294f0-2509-4ac4-a4d0-1296b2ce36da,Deposit_Account,Yes,2024-07-25,,1,1,1,,1,1,,1,,,Yes,,Jigawa,,rin24
a2576688-248d-43b9-aaba-3645d0c8a17e,Deposit_Account,Yes,2024-07-25,,1,1,1,,1,1,,1,,,Yes,,Jigawa,,rin24
9f14a632-5801-4542-9df2-32ca08b55d85,Deposit_Account,Yes,2024-07-25,,1,1,1,,1,1,,1,,,Yes,,Jigawa,,rin24
92176ef1-0558-4e2a-830f-1741537368ed,Deposit_Account,Yes,2024-07-25,,1,1,1,,1,1,,1,,,Yes,,Jigawa,,rin24
4c4addd4-f7df-4c98-81ac-2b459f0b447c,Deposit_Account,Yes,2024-07-25,,1,1,1,,1,1,,1,,,Yes,,Jigawa,,rin24
a517897f-a386-4d3e-8dda-b2bbf42a8ccd,Deposit_Account,Yes,2024-07-25,,1,1,1,,1,1,,1,,,Yes,,Jigawa,,rin24
06c7d825-c7ce-4008-ad7d-37867cd377fe,Deposit_Account,Yes,2024-07-25,,1,,1,,1,1,,1,,,Yes,,Jigawa,,rin24
ef0072a6-bf60-42ad-9558-3d81d9a77d13,Deposit_Account,Yes,2024-07-25,,1,1,1,,1,1,,1,,,Yes,,Jigawa,,rin24
1350c8d6-31c7-4e9a-aaac-d1c4c888f755,Deposit_Account,Yes,2024-07-25,,1,1,1,,1,1,,1,,,Yes,,Jigawa,,rin24
c801d5da-bbcf-41ea-a1d3-580d2859aeee,Deposit_Account,Yes,2024-07-25,,1,1,1,,1,1,,1,,,Yes,,Jigawa,,rin24
bdee5b64-fd21-49be-8121-a54f7506787b,Deposit_Account,Yes,2024-07-25,,1,1,1,,1,1,,1,,,Yes,,Jigawa,,rin24
1628c151-402c-4563-93a3-9676612d6401,Deposit_Account,Yes,2024-07-25,,1,1,1,,1,1,,1,,,Yes,,Jigawa,,rin24
4d0d6695-c653-47cf-9b4b-8f50f2e27c22,Deposit_Account,Yes,2024-07-25,,1,1,1,,1,1,,1,,,Yes,,Jigawa,,rin24
36276f7c-8df6-4ff5-9efb-185c614c5f6b,Deposit_Account,Yes,2024-07-25,,1,1,1,,1,1,,1,,,Yes,,Jigawa,,rin24
99420ac7-195e-479c-8945-2cc1a973568a,Deposit_Account,Yes,2024-07-25,,1,1,1,,1,1,,1,,,Yes,,Jigawa,,rin24
09c8ea36-09c0-4e74-a273-021a89313cce,Deposit_Account,Yes,2024-07-25,,1,1,1,,1,1,,1,,,Yes,,Jigawa,,rin24
e642234a-f9a4-432e-b290-271394980c15,Deposit_Account,Yes,2024-07-25,,1,1,1,,1,1,,1,,,Yes,,Jigawa,,rin24
43763b99-445b-4687-b3e1-b47e62ddb55f,Deposit_Account,Yes,2024-07-25,,1,1,1,,1,1,,1,,,Yes,,Jigawa,,rin24
74522e6c-6fd4-49da-8c7d-399381f66634,Deposit_Account,Yes,2024-07-25,,1,1,1,,1,1,,1,,,Yes,,Jigawa,,rin24
2b742b32-56de-4d21-85bc-25fb2808097c,Deposit_Account,Yes,2024-07-25,,1,1,1,,1,1,,1,,,Yes,,Jigawa,,rin24
7f9988a6-c069-46e3-afc7-61f21fb6339f,Deposit_Account,Yes,2024-07-25,,1,1,1,,1,1,,1,,,Yes,,Jigawa,,rin24
73862e0d-0983-4594-be07-41ebd7cfbed6,Deposit_Account,Yes,2024-07-25,,1,1,1,,1,1,,1,,,Yes,,Jigawa,,rin24
efd13be5-f7f6-472b-a92f-464dff51495c,Deposit_Account,Yes,2024-07-25,,1,1,1,,1,1,,1,,,Yes,,Jigawa,,rin24
d5290b89-0048-4a58-9b8e-73eff434730a,Deposit_Account,Yes,2024-07-25,,1,1,1,,1,1,,1,,,Yes,,Jigawa,,rin24
b0415d55-4415-4bbd-a1a8-aa0cfbe5e65e,Deposit_Account,Yes,2024-07-25,,1,1,1,,1,1,,1,,,Yes,,Jigawa,,rin24
4c3c4dd7-554b-46b3-8bad-89f48ba6540a,Deposit_Account,Yes,2024-07-25,,1,1,1,,1,1,,1,,,Yes,,Jigawa,,rin24
0c3f0f90-1b0c-4f41-aa27-01ebf52c0775,Deposit_Account,Yes,2024-07-25,,1,1,1,,1,1,,1,,,Yes,,Jigawa,,rin24
a70d7e4c-b041-44a5-9ee1-a66964a2b7e0,Deposit_Account,Yes,2024-07-25,,1,1,1,,1,1,,1,,,Yes,,Jigawa,,rin24
897859ad-e892-44eb-838f-acb27219d4cf,Deposit_Account,Yes,2024-07-25,,1,1,1,,1,1,,1,,,Yes,,Jigawa,,rin24
02504fdd-717c-4d73-8cc6-f6c4583f7e35,Deposit_Account,Yes,2024-07-25,,1,1,1,,1,1,,1,,,Yes,,Jigawa,,rin24
4961aaba-1bb2-4ebf-9705-13443ec92ef4,Deposit_Account,Yes,2024-07-25,,1,1,1,,1,1,,1,,,Yes,,Jigawa,,rin24
dc721dc9-9406-4ea7-8f9a-17c0083e6c46,Deposit_Account,Yes,2024-07-25,,1,1,1,,1,1,,1,,,Yes,,Jigawa,,rin24
9762386e-9b53-4aec-b895-b64c036b8eed,Deposit_Account,Yes,2024-07-25,,1,1,1,,1,1,,1,,,Yes,,Jigawa,,rin24
2a0054dd-e931-4e49-ac0a-e7c4e4568bce,Deposit_Account,Yes,2024-07-25,,1,1,1,,1,1,,1,,,Yes,,Jigawa,,rin24
22dbbafc-f92b-4fbe-9393-ab4eddf02799,Deposit_Account,Yes,2024-07-25,,1,1,1,,1,1,,1,,,Yes,,Jigawa,,rin24
87cf30db-68eb-4105-b8f4-93402664e1ee,Deposit_Account,Yes,2024-07-25,,1,1,1,,1,1,,1,,,Yes,,Jigawa,,rin24
bf8a52a2-8d83-45a5-8154-4aa35f4fe602,Deposit_Account,Yes,2024-07-25,,1,1,1,,1,1,,1,,,Yes,,Jigawa,,rin24
934e3e7a-973a-4313-961f-baffbb83c811,Deposit_Account,Yes,2024-07-25,,1,1,1,,1,1,,1,,,Yes,,Jigawa,,rin24
3c4c87a3-6340-48d3-ae1a-21e7c43a87b9,Deposit_Account,Yes,2024-07-25,,1,1,1,,1,1,,1,,,Yes,,Jigawa,,rin24
d7d75186-58db-4857-abee-7dbbe07bd6b0,Deposit_Account,Yes,2024-07-25,,1,1,1,,1,1,,1,,,Yes,,Jigawa,,rin24
1c644eec-c119-4dc1-9171-7773f3d3f038,Deposit_Account,Yes,2024-07-25,,1,1,1,,1,1,,1,,,Yes,,Jigawa,,rin24
34811ff9-3b04-4bd9-9963-4f6fbe556d53,Deposit_Account,Yes,2024-07-25,,1,1,1,,1,1,,1,,,Yes,,Jigawa,,rin24
d653a29f-ad9b-413b-b0e2-854728749c7d,Deposit_Account,Yes,2024-07-25,,1,1,1,,1,1,,1,,,Yes,,Jigawa,,rin24
067b4430-a723-496a-b02e-d564ad0121b7,Deposit_Account,Yes,2024-07-25,,1,1,1,,1,1,,1,,,Yes,,Jigawa,,rin24
6f5980b9-e8b6-4d60-aa2a-9a212c64b816,Deposit_Account,Yes,2024-07-25,,1,1,1,,1,1,,1,,,Yes,,Jigawa,,rin24
7c82f153-8c05-4fe1-b180-4370fbeecd3c,Deposit_Account,Yes,2024-07-25,,1,1,1,,1,1,,1,,,Yes,,Jigawa,,rin24
8116120a-9ff3-47ce-81cd-b38568d4e615,Deposit_Account,Yes,2024-07-25,,1,1,1,,1,1,,1,,,Yes,,Jigawa,,rin24
b68b5f1e-cc63-4aae-b1cc-ca9e3221284c,Deposit_Account,Yes,2024-07-25,,1,1,1,,1,1,,1,,,Yes,,Jigawa,,rin24
d69a17f8-a79b-4f00-a535-d8677b51c773,Deposit_Account,Yes,2024-07-25,,1,1,1,,1,1,,1,,,Yes,,Jigawa,,rin24
b56bb6e4-3487-415b-93ce-eb43eeef92c3,Deposit_Account,Yes,2024-07-25,,1,1,1,,1,1,,1,,,Yes,,Jigawa,,rin24
526be838-7089-4716-87af-89e60355d178,Deposit_Account,Yes,2024-07-25,,1,1,1,,1,1,,1,,,Yes,,Jigawa,,rin24
f4ecb130-c4db-40ce-a24e-d0c0f52aecac,Deposit_Account,Yes,2024-07-25,,1,1,1,,1,1,,1,,,Yes,,Jigawa,,tau22
41cca4d5-25b6-4c3c-956b-175cdf664374,Deposit_Account,Yes,2024-07-25,,1,1,1,,1,1,,1,,,Yes,,Jigawa,,tau22
18a59b96-5a21-4a8b-9234-19e1ab8f9aa1,Deposit_Account,Yes,2024-07-25,,1,1,1,,1,1,,1,,,Yes,,Jigawa,,tau22
16754ae0-1155-468d-9ca8-9005a6669cc6,Deposit_Account,Yes,2024-07-25,,1,1,1,,1,1,,1,,,Yes,,Jigawa,,tau22
103cc857-2262-4a10-8a4a-736dce200def,Deposit_Account,Yes,2024-07-25,,1,1,1,,1,1,,1,,,Yes,,Jigawa,,tau22
18fd918b-415d-4f38-9411-ef87f16d0991,Deposit_Account,Yes,2024-07-25,,1,1,1,,1,1,,1,,,Yes,,Jigawa,,tau22
9911a381-35bb-4cd2-b5fe-3e8573635cb8,Deposit_Account,Yes,2024-07-25,,1,1,1,,1,1,,1,,,Yes,,Jigawa,,tau22
baac5781-16b8-4f21-9a51-7d3a5bfb3a9d,Deposit_Account,Yes,2024-07-25,,1,1,1,,1,1,,1,,,Yes,,Jigawa,,tau22
4777d459-4b55-4388-bdeb-5e5e424c726f,Deposit_Account,Yes,2024-07-25,,1,1,1,,1,1,,1,,,Yes,,Jigawa,,tau22
6dd4aca7-ff8a-49f7-8799-f914f323a506,Deposit_Account,Yes,2024-07-25,,1,1,1,,1,1,,1,,,Yes,,Jigawa,,tau22
472c62a8-56d1-4644-8aec-fcffa373c21b,Deposit_Account,Yes,2024-07-25,,1,1,1,,1,1,,1,,,Yes,,Jigawa,,tau22
b5111c4a-9ffb-414a-b274-7b8aa9f1f9aa,Deposit_Account,Yes,2024-07-25,,1,1,1,,1,1,,1,,,Yes,,Jigawa,,tau22
32756ede-fbea-458e-87a5-bd6301d648a7,Deposit_Account,Yes,2024-07-25,,1,1,1,,1,1,,1,,,Yes,,Jigawa,,tau22
8fae94d8-28ee-4852-9fbc-f6f7ed79a06a,Deposit_Account,Yes,2024-07-25,,1,1,1,,1,1,,1,,,Yes,,Jigawa,,tau22
56885183-a65e-49c6-8479-9d1a12168592,Deposit_Account,Yes,2024-07-25,,1,1,1,,1,1,,1,,,Yes,,Jigawa,,tau22
ccf89e1c-8352-4040-985c-133e3fde9732,Deposit_Account,Yes,2024-07-25,,1,1,1,,1,1,,1,,,Yes,,Jigawa,,tau23
b9ba6e9d-f46c-48ea-9007-d37873c309b5,Deposit_Account,Yes,2024-07-25,,1,1,1,,1,1,,1,,,Yes,,Jigawa,,tau23
622370e1-b3ab-4bf3-a6c1-b5042d4fc3bd,Deposit_Account,Yes,2024-07-25,,1,1,1,,1,1,,1,,,Yes,,Jigawa,,tau23
df944882-3e45-4d87-99ca-8fce1af63dee,Deposit_Account,Yes,2024-07-25,,1,1,1,,1,1,,1,,,Yes,,Jigawa,,tau23
78483573-b902-4687-9573-8dfba95a5e56,Deposit_Account,Yes,2024-07-25,,1,1,1,,1,1,,1,,,Yes,,Jigawa,,tau23
bbd94f40-42a9-414a-b53e-11093faa9e27,Deposit_Account,Yes,2024-07-25,,1,1,1,,1,1,,1,,,Yes,,Jigawa,,tau23
04efc38c-9ca7-4d02-9b0c-9090ed276c32,Deposit_Account,Yes,2024-07-25,,1,1,1,,1,1,,1,,,Yes,,Jigawa,,tau23
c90977d4-593d-4d01-97a5-4d1e2862f948,Deposit_Account,Yes,2024-07-25,,1,1,1,,1,1,,1,,,Yes,,Jigawa,,tau23
3abd381e-9f2c-4c56-8f8b-29b6df2aeb32,Deposit_Account,Yes,2024-07-25,,1,1,1,,1,1,,1,,,Yes,,Jigawa,,tau23
20d44b79-ffbc-44ed-81c8-c2ce76357210,Deposit_Account,Yes,2024-07-25,,1,1,1,,1,1,,1,,,Yes,,Jigawa,,tau23
2cc8c9c5-6af9-42d1-afaa-beab0d6fded5,Deposit_Account,Yes,2024-07-25,,1,1,1,,1,1,,1,,,Yes,,Jigawa,,tau23
c9aacc9e-7776-46ea-b052-ca6463f507cd,Deposit_Account,Yes,2024-07-25,,1,1,1,,1,1,,1,,,Yes,,Jigawa,,tau23
0ff09b95-e99c-4da3-9018-39d48a551ad3,Deposit_Account,Yes,2024-07-25,,1,1,1,,1,1,,1,,,Yes,,Jigawa,,tau23
a48f40a4-4b8c-4b73-ba6c-8c40cb8ac71d,Deposit_Account,Yes,2024-07-25,,1,1,1,,1,1,,1,,,Yes,,Jigawa,,tau23
4872d09c-95e6-4d62-8293-05949b43979b,Deposit_Account,Yes,2024-07-25,,1,1,1,,1,1,,1,,,Yes,,Jigawa,,tau23
9045ca32-527f-4835-b8a6-6a9b157d64e5,Deposit_Account,Yes,2024-07-26,,1,1,1,,1,1,1,1,,,Yes,,Gombe,,bill02
c427da98-604a-485c-9352-3039990d8ab5,Deposit_Account,Yes,2024-07-26,,1,1,1,,1,1,1,1,,,Yes,,Gombe,,bill02
ce52f1af-f861-4905-ab8c-033bbc56a51b,Deposit_Account,Yes,2024-07-26,,1,1,1,,1,1,1,1,,,Yes,,Gombe,,bill02
e37f28cb-db11-430a-baed-e0bfa5d047cc,Deposit_Account,Yes,2024-07-26,,1,1,1,,1,1,1,1,,,Yes,,Gombe,,bill02
54f34fe6-bf33-4204-832b-6dbd04412d5d,Deposit_Account,Yes,2024-07-26,,1,1,1,,1,1,1,1,,,Yes,,Gombe,,bill02
a11bdab9-5e1f-4e39-82d7-1183288e6459,Deposit_Account,Yes,2024-07-26,,1,1,1,,1,1,1,1,,,Yes,,Gombe,,bill02
fcf3fa9e-cba5-457f-9d6f-3b4f800893be,Deposit_Account,Yes,2024-07-26,,1,1,1,,1,1,1,1,,,Yes,,Gombe,,bill02
c989e1f2-c656-42db-9593-760ce80d3171,Deposit_Account,Yes,2024-07-26,,1,1,1,,1,1,1,1,,,Yes,,Gombe,,bill02
e5b42a2b-f5b4-40ac-85ea-1530c437061b,Deposit_Account,Yes,2024-07-26,,1,1,1,,1,1,1,1,,,Yes,,Gombe,,bill02
a89bdf74-4ac9-46c6-9add-1bd47d0c2b0f,Deposit_Account,Yes,2024-07-26,,1,1,1,,1,1,1,1,,,Yes,,Gombe,,bill02
dd33b8ff-5c78-427c-ad91-240e9f6a9500,Deposit_Account,Yes,2024-07-26,,1,1,1,,1,1,1,1,,,Yes,,Gombe,,bill02
35858f03-d744-4ff3-87b6-fccd2db2b10d,Deposit_Account,Yes,2024-07-26,,1,1,1,,1,1,1,1,,,Yes,,Gombe,,bill02
bdbc9739-a447-474f-85bc-e4aa5048ea35,Deposit_Account,Yes,2024-07-26,,1,1,1,,1,1,1,1,,,Yes,,Gombe,,bill02
01f6d39c-bbb7-4109-a55e-9fb3cde6427a,Deposit_Account,Yes,2024-07-26,,1,1,1,,1,1,1,1,,,Yes,,Gombe,,bill02
54d722cc-721e-4f1a-9988-136aa52d3ada,Deposit_Account,Yes,2024-07-26,,1,1,1,,1,1,1,1,,,Yes,,Gombe,,bill02
f0fd1cab-62cf-4293-bf6d-d300efd94790,Deposit_Account,Yes,2024-07-26,,1,1,1,,1,1,1,1,,,Yes,,Gombe,,bill02
220b581f-3d74-459a-9090-4566d1a71542,Deposit_Account,Yes,2024-07-26,,1,1,1,,1,1,1,1,,,Yes,,Gombe,,bill03
8088bc59-af8e-4b71-be09-75abab954a04,Deposit_Account,Yes,2024-07-26,,1,1,1,,1,1,1,1,,,Yes,,Gombe,,bill03
c74db300-6769-430a-aa57-2d07bd3d2660,Deposit_Account,Yes,2024-07-26,,1,1,1,,1,1,1,1,,,Yes,,Gombe,,bill03
b0bf22d7-bfd4-47aa-8c86-3567f10e96fc,Deposit_Account,Yes,2024-07-26,,1,1,1,,1,1,1,1,,,Yes,,Gombe,,bill03
1a6d9a5a-11d8-4926-a917-d1de9526863f,Deposit_Account,Yes,2024-07-26,,1,1,1,,1,1,1,1,,,Yes,,Gombe,,bill03
e0b3eb01-a2d2-4b25-ada3-94385ba87b93,Deposit_Account,Yes,2024-07-26,,1,1,1,,1,1,1,1,,,Yes,,Gombe,,bill03
218c720c-ca32-4c45-84c2-7a9a7ff1a9a4,Deposit_Account,Yes,2024-07-26,,1,1,1,,1,1,1,1,,,Yes,,Gombe,,bill03
5000e41b-5bc4-4de1-9264-f0953a29c47c,Deposit_Account,Yes,2024-07-26,,1,1,1,,1,1,1,1,,,Yes,,Gombe,,bill03
e43fc7bb-d70e-4810-a485-43b7e8ff6d69,Deposit_Account,Yes,2024-07-26,,1,1,1,,1,1,1,1,,,Yes,,Gombe,,bill03
dfe559e5-99fc-4b92-abe9-2de180f3e417,Deposit_Account,Yes,2024-07-26,,1,1,1,,1,1,1,1,,,Yes,,Gombe,,bill03
2406d07c-27de-4c21-b295-a4e35879937c,Deposit_Account,Yes,2024-07-26,,1,1,1,,1,1,1,1,,,Yes,,Gombe,,bill03
202bb428-641c-4ea5-afee-b0ba0bde1871,Deposit_Account,Yes,2024-07-26,,1,1,1,,1,1,1,1,,,Yes,,Gombe,,bill03
38a7d511-65f4-4dd0-8673-6a593c90fed0,Deposit_Account,Yes,2024-07-26,,1,1,1,,1,1,1,1,,,Yes,,Gombe,,bill03
6a13b8a3-e5e8-43ab-b77f-81b0ba9cb873,Deposit_Account,Yes,2024-07-26,,1,1,1,,1,1,1,1,,,Yes,,Gombe,,bill03
4142f9f2-f0c7-4cca-b5ee-6f49b4df7d9b,Deposit_Account,Yes,2024-07-26,,1,1,1,,1,1,1,1,,,Yes,,Gombe,,bill03
d7611788-073b-479c-b14a-15b3a942da0d,Deposit_Account,Yes,2024-07-26,,1,1,1,,1,1,1,1,,,Yes,,Gombe,,bill03
ff9dbbaf-21e8-40af-a41c-8bed4440adb8,Deposit_Account,Yes,2024-07-26,,1,1,1,,1,1,1,1,,,Yes,,Gombe,,bill03
50521de3-b88e-4dcf-8312-fd5052f7db4b,Deposit_Account,Yes,2024-07-26,,1,1,1,,1,1,1,1,,,Yes,,Gombe,,bill03
3b18f5db-91a2-4aae-8bd8-ef37c00c95ca,Deposit_Account,Yes,2024-07-26,,1,1,1,,1,1,1,1,,,Yes,,Gombe,,bill03
2136990d-cc24-4f30-8703-91b734e69da7,Deposit_Account,Yes,2024-07-26,,1,1,1,,1,1,1,1,,,Yes,,Gombe,,bill03
7c9e1afa-c35e-4985-9fab-08ce55a74609,Deposit_Account,Yes,2024-07-26,,1,1,1,,1,1,1,1,,,Yes,,Gombe,,bill03
36f79186-91cd-4f30-889b-a79c717d35ff,Deposit_Account,Yes,2024-07-26,,1,1,1,,1,1,1,1,,,Yes,,Gombe,,bill03
2f427457-d52a-4180-980d-73ac9d4c1c69,Deposit_Account,Yes,2024-07-26,,1,1,1,,1,1,1,1,,,Yes,,Gombe,,bill03
5bcc2a6e-f3c8-41bd-90d2-ba2cc4f7448f,Deposit_Account,Yes,2024-07-26,,1,1,1,,1,1,1,1,,,Yes,,Gombe,,bill03
bba89370-6eb6-4eea-af1e-8d1a4b713d9b,Deposit_Account,Yes,2024-07-26,,1,1,1,,1,1,1,1,,,Yes,,Gombe,,bill03
b5e60624-354a-40fa-a6c5-7498331aa971,Deposit_Account,Yes,2024-07-26,,1,1,1,,1,1,1,1,,,Yes,,Gombe,,bill03
66016384-c265-4609-8eb2-6f7eb0e8cce6,Deposit_Account,Yes,2024-07-26,,1,1,1,,1,1,1,1,,,Yes,,Gombe,,bill03
0c1985ff-fe5f-4825-ad21-8718a7aae938,Deposit_Account,Yes,2024-07-26,,1,1,1,,1,1,1,1,,,Yes,,Gombe,,bill03
5ec3ecf4-b386-4833-b5cd-298817640387,Deposit_Account,Yes,2024-07-26,,1,1,1,,1,1,1,1,,,Yes,,Gombe,,bill03
7ddde3ea-bb75-477e-b273-93051d337a80,Deposit_Account,Yes,2024-07-26,,1,1,1,,1,1,1,1,,,Yes,,Gombe,,bill03
52765a11-e97f-48cc-a5ee-75d550bb1257,Deposit_Account,Yes,2024-07-26,,1,1,1,,1,1,1,1,,,Yes,,Gombe,,bill04
496d55cc-e9dc-4b68-b390-2c24c17c9832,Deposit_Account,Yes,2024-07-26,,1,1,1,,1,1,1,1,,,Yes,,Gombe,,bill04
db36f26a-c322-48c0-8be6-b86de56b52c3,Deposit_Account,Yes,2024-07-25,,1,1,1,,1,1,1,1,,,Yes,,Gombe,,bill04
d7081c13-cde4-4dc5-96c7-3e33fc0d6c23,Deposit_Account,Yes,2024-07-26,,1,1,1,,1,1,1,1,,,Yes,,Gombe,,bill04
9ac1f4b0-0d60-4e23-b5f2-b93aa2d279c7,Deposit_Account,Yes,2024-07-26,,1,1,1,,1,1,1,1,,,Yes,,Gombe,,bill04
e7be71c5-44e1-479c-80d6-162ee3c2baa5,Deposit_Account,Yes,2024-07-26,,1,1,1,,1,1,1,1,,,Yes,,Gombe,,bill04
64daf48a-7326-4f38-9c4b-8250ece7a58e,Deposit_Account,Yes,2024-07-26,,1,1,1,,1,1,1,1,,,Yes,,Gombe,,bill04
93764c15-c89d-406f-b181-c0281d963990,Deposit_Account,Yes,2024-07-26,,1,1,1,,1,1,1,1,,,Yes,,Gombe,,bill04
eb82057a-25a7-4ef4-8173-286995328ba2,Deposit_Account,Yes,2024-07-26,,1,1,1,,1,1,1,1,,,Yes,,Gombe,,bill04
87e3a736-18e7-49c9-84ae-77f83a3cfedb,Deposit_Account,Yes,2024-07-26,,1,1,1,,1,1,1,1,,,Yes,,Gombe,,bill04
c65f1920-314f-4de7-aee5-d0300fee1c8a,Deposit_Account,Yes,2024-07-26,,1,1,1,,1,1,1,1,,,Yes,,Gombe,,bill04
a1a9c751-7942-4832-8159-01a0680a5bf5,Deposit_Account,Yes,2024-07-26,,1,1,1,,1,1,1,1,,,Yes,,Gombe,,bill04
c450a75a-74c4-498f-b506-34d6f144f014,Deposit_Account,Yes,2024-07-26,,1,1,1,,1,1,1,1,,,Yes,,Gombe,,bill04
fc8f8f11-e97c-4f84-b856-7eed2bc15674,Deposit_Account,Yes,2024-07-26,,1,1,1,,1,1,1,1,,,Yes,,Gombe,,bill04
be0634f1-988f-4898-94ef-59e21f4d2ff9,Deposit_Account,Yes,2024-07-26,,1,1,1,,1,1,1,1,,,Yes,,Gombe,,bill04
67dc4e66-fce9-4d81-9643-e4d8172ada01,Deposit_Account,Yes,2024-07-26,,1,1,1,,1,1,1,1,,,Yes,,Gombe,,bill04
7e999acd-7653-4b57-b415-b674247de1ac,Deposit_Account,Yes,2024-07-26,,1,1,1,,1,1,1,1,,,Yes,,Gombe,,bill04
0341a9df-53a7-4e04-b67f-c108bedcd35e,Deposit_Account,Yes,2024-07-26,,1,1,1,,1,1,1,1,,,Yes,,Gombe,,bill04
f2f5be32-069c-4900-9b35-676f83dc86f2,Deposit_Account,Yes,2024-07-26,,1,1,1,,1,1,1,1,,,Yes,,Gombe,,bill04
675584fa-0d28-4138-b97c-66fe7e653e63,Deposit_Account,Yes,2024-07-26,,1,1,1,,1,1,1,1,,,Yes,,Gombe,,bill04
a0689bd3-78dd-4842-a895-c3f7cbec5265,Deposit_Account,Yes,2024-07-26,,1,1,1,,1,1,1,1,,,Yes,,Gombe,,bill04
59af44d8-74ba-4e14-a0d7-54a7ad83107e,Deposit_Account,Yes,2024-07-26,,1,1,1,,1,1,1,1,,,Yes,,Gombe,,bill04
655eeae7-9c85-470c-abd0-8a599c3829e1,Deposit_Account,Yes,2024-07-26,,1,1,1,,1,1,1,1,,,Yes,,Gombe,,bill04
f4949a9d-5141-4d73-8df1-6ec8c17f2f1a,Deposit_Account,Yes,2024-07-26,,1,1,1,,1,1,1,1,,,Yes,,Gombe,,bill04
3ea0c965-8100-4fdc-801e-f20fe68e9d60,Deposit_Account,Yes,2024-07-26,,1,1,1,,1,1,1,1,,,Yes,,Gombe,,bill04
49a3144f-c7d5-4ed3-9b5b-fcb59678643b,Deposit_Account,Yes,2024-07-26,,1,1,1,,1,1,1,1,,,Yes,,Gombe,,bill04
23815fa5-d90f-4f94-927a-c26667b43533,Deposit_Account,Yes,2024-06-26,,1,1,1,,1,1,1,1,,,Yes,,Gombe,,bill04
c67003e6-ff84-4e2d-919f-8d5b74b2a5c0,Deposit_Account,Yes,2024-07-26,,1,1,1,,1,1,1,1,,,Yes,,Gombe,,bill04
3af86b0b-8398-4894-abfc-61cb40887615,Deposit_Account,Yes,2024-07-26,,1,1,1,,1,1,1,1,,,Yes,,Gombe,,bill04
d347d116-770a-4767-8467-61c4bc79c00d,Deposit_Account,Yes,2024-07-26,,1,1,1,,1,1,1,1,,,Yes,,Gombe,,bill04
7168f8d9-9fe5-4545-a76b-86a3f4c52dac,Deposit_Account,Yes,2024-07-26,,1,1,1,,1,1,1,1,,,Yes,,Gombe,,bill04
6f3239ab-a600-4fbd-9b9a-9363c503f907,Deposit_Account,Yes,2024-07-26,,1,1,1,,1,1,1,1,,,Yes,,Gombe,,bill04
b30255c8-bef1-481f-82f0-14a26a68cc89,Deposit_Account,Yes,2024-07-26,,1,1,1,,1,1,1,1,,,Yes,,Gombe,,bill04
5d099768-2c09-4f3a-b3db-117beaaa62fd,Deposit_Account,Yes,2024-07-26,,1,1,1,,1,1,1,1,,,Yes,,Gombe,,bill04
d875d621-38d8-4b0e-9a07-2fa50afa8e4f,Deposit_Account,Yes,2024-07-26,,1,1,1,,1,1,1,1,,,Yes,,Gombe,,bill04
84f4e463-b03f-4724-b450-3174cf4914b1,Deposit_Account,Yes,2024-07-26,,1,1,1,,1,1,1,1,,,Yes,,Gombe,,bill04
1db5ca2b-89b8-4a24-a0ab-11e8805e8209,Deposit_Account,Yes,2024-07-26,,1,1,1,,1,1,1,1,,,Yes,,Gombe,,bill04
d4febb6f-34ab-481c-a25f-0ea84462ec83,Deposit_Account,Yes,2024-07-26,,1,1,1,,1,1,1,1,,,Yes,,Gombe,,bill04
0f6d4c00-dd5d-4cf5-b9ca-402b4971c90d,Deposit_Account,Yes,2024-07-26,,1,1,1,,1,1,1,1,,,Yes,,Gombe,,bill04
a5534a9b-ad9a-4fce-a9ca-5123147ca084,Deposit_Account,Yes,2024-07-26,,1,1,1,,1,1,1,1,,,Yes,,Gombe,,bill04
7cbdef0b-ca48-4f70-a665-d4a98b57722d,Deposit_Account,Yes,2024-07-26,,1,1,1,,1,1,1,1,,,Yes,,Gombe,,bill04
a295433a-b09a-4650-9a3b-f1ef13879d04,Deposit_Account,Yes,2024-07-26,,1,1,1,,1,1,1,1,,,Yes,,Gombe,,bill04
857d7e6b-aaaa-4dbb-bd41-ed98280f988a,Deposit_Account,Yes,2024-07-26,,1,1,1,,1,1,1,1,,,Yes,,Gombe,,bill04
f5415b48-bd8f-436f-b110-8e530fb572ab,Deposit_Account,Yes,2024-07-26,,1,1,1,,1,1,1,1,,,Yes,,Gombe,,bill04
c903393c-daa9-4b2d-8aad-9424bdf66fcd,Deposit_Account,Yes,2024-07-26,,1,1,1,,1,1,1,1,,,Yes,,Gombe,,bill04
09db53db-0ff9-4d96-bf34-240d1c91fe73,Deposit_Account,Yes,2024-07-26,,1,1,1,,1,1,1,1,,,Yes,,Gombe,,bill04
b12f7e52-322b-4029-8b76-6af972446350,Deposit_Account,Yes,2024-07-26,,1,1,1,,1,1,1,1,,,Yes,,Gombe,,bill04
c596c6ff-33f2-4bce-9c87-1ede99473825,Deposit_Account,Yes,2024-07-26,,1,1,1,,1,1,1,1,,,Yes,,Gombe,,bill04
42173eb7-2f5d-4c6c-9f29-909857a46c20,Deposit_Account,Yes,2024-07-26,,1,1,1,,1,1,1,1,,,Yes,,Gombe,,bill04
c703ef1a-8275-4f75-a0e3-06d5a9a85590,Deposit_Account,Yes,2024-07-26,,1,1,1,,1,1,1,1,,,Yes,,Gombe,,bill04
17335772-4fdf-4f69-ba0a-ebb2f8a07908,Deposit_Account,Yes,2024-07-26,,1,1,1,,1,1,1,1,,,Yes,,Gombe,,bill04
a661a0b9-81f8-4020-be9f-16d51ae14aaf,Deposit_Account,Yes,2024-07-26,,1,1,1,,1,1,1,1,,,Yes,,Gombe,,bill04
ddb1ca81-52ac-4e36-ad86-df4b46970d80,Deposit_Account,Yes,2024-07-26,,1,1,1,,1,1,1,1,,,Yes,,Gombe,,bill04
0a326bed-121b-47a2-b02e-1c11a6b0287d,Deposit_Account,Yes,2024-07-26,,1,1,1,,1,1,1,1,,,Yes,,Gombe,,bill04
3c60acd2-db03-42f4-a72f-53da7a7f3878,Deposit_Account,Yes,2024-07-26,,1,1,1,,1,1,1,1,,,Yes,,Gombe,,bill04
d757faa3-f2cc-4fba-b671-e4a39a463084,Deposit_Account,Yes,2024-07-26,,1,1,1,,1,1,1,1,,,Yes,,Gombe,,bill04
b4046a95-928c-4c48-8a26-5d0b1dc61060,Deposit_Account,Yes,2024-07-26,,1,1,1,,1,1,1,1,,,Yes,,Gombe,,bill04
fc0c312c-a995-4824-9bd2-280645b30517,Deposit_Account,Yes,2024-07-26,,1,1,1,,1,1,1,1,,,Yes,,Gombe,,bill04
0fb162a2-3cdd-4c06-860d-93028f63de70,Deposit_Account,Yes,2024-07-26,,1,1,1,,1,1,1,1,,,Yes,,Gombe,,bill04
62d0b3bf-5212-485a-82b3-1309bde88a8c,Deposit_Account,Yes,2024-07-26,,1,1,1,,1,1,1,1,,,Yes,,Gombe,,bill04
75130713-72e6-4f6a-9155-0e48c751092d,Deposit_Account,Yes,2024-07-26,,1,1,1,,1,1,1,1,,,Yes,,Gombe,,bill05
9f0497ac-83e0-4d46-bb26-a2ed00329764,Deposit_Account,Yes,2024-07-26,,1,1,1,,1,1,1,1,,,Yes,,Gombe,,bill05
348aacd2-16af-4d7e-9d19-856323b320cf,Deposit_Account,Yes,2024-07-26,,1,1,1,,1,1,1,1,,,Yes,,Gombe,,bill05
a53692fc-7a6b-4507-8d61-cd98f7615050,Deposit_Account,Yes,2024-07-26,,1,1,1,,1,1,1,1,,,Yes,,Gombe,,bill05
160fa493-119e-4ef5-82b8-7d0505bd8549,Deposit_Account,Yes,2024-07-26,,1,1,1,,1,1,1,1,,,Yes,,Gombe,,bill05
2cc45961-ef76-4d12-9f52-a8ed41e75f14,Deposit_Account,Yes,2024-07-26,,1,1,1,,1,1,1,1,,,Yes,,Gombe,,bill05
18242d3f-c730-4c50-b7c5-a36c79add4ce,Deposit_Account,Yes,2024-07-26,,1,1,1,,1,1,1,1,,,Yes,,Gombe,,bill05
05731dae-11a5-4d13-a161-454f37ddf1ed,Deposit_Account,Yes,2024-07-26,,1,1,1,,1,1,1,1,,,Yes,,Gombe,,bill05
f3e51905-b3bd-4868-a572-7d98a7c81f2b,Deposit_Account,Yes,2024-07-26,,1,1,1,,1,1,1,1,,,Yes,,Gombe,,bill05
b4444046-a726-475d-aac6-1d4716830a0e,Deposit_Account,Yes,2024-07-26,,1,1,1,,1,1,1,1,,,Yes,,Gombe,,bill05
4e5bd25a-bf71-4764-98fe-b3f598396ff0,Deposit_Account,Yes,2024-07-26,,1,1,1,,1,1,1,1,,,Yes,,Gombe,,bill05
299c555a-47bd-44f1-8c0f-c40b74c90b58,Deposit_Account,Yes,2024-07-26,,1,1,1,,1,1,1,1,,,Yes,,Gombe,,bill05
43ae0cf4-80c8-4342-8520-d371e7652cfc,Deposit_Account,Yes,2024-07-26,,1,1,1,,1,1,1,1,,,Yes,,Gombe,,bill05
5d633217-3a0a-425d-90a4-4784dde373cc,Deposit_Account,Yes,2024-07-26,,1,1,1,,1,1,1,1,,,Yes,,Gombe,,bill05
a1013fcb-872a-46e6-bcd1-13d2f3bc3016,Deposit_Account,Yes,2024-07-26,,1,1,1,,1,1,1,1,,,Yes,,Gombe,,bill05
445ef65a-d28c-40d5-b8cf-a4f31225fb5e,Deposit_Account,Yes,2024-07-26,,1,1,1,,1,1,1,1,,,Yes,,Gombe,,bill05
a600150b-bfea-43df-bfae-edcded1b8625,Deposit_Account,Yes,2024-07-26,,1,1,1,,1,1,1,1,,,Yes,,Gombe,,bill05
8b5e2e7c-519b-4ef5-817d-4b565993a494,Deposit_Account,Yes,2024-07-26,,1,1,1,,1,1,1,1,,,Yes,,Gombe,,bill05
abf547ab-d597-44e9-9c9b-69d2c6cdfba8,Deposit_Account,Yes,2024-07-26,,1,1,1,,1,1,1,1,,,Yes,,Gombe,,bill05
acd9040c-8149-4193-bfc3-d9d54b312058,Deposit_Account,Yes,2024-07-26,,1,1,1,,1,1,1,1,,,Yes,,Gombe,,bill05
2fb9c569-b8be-47a5-b347-67eb8b899bd1,Deposit_Account,Yes,2024-07-26,,1,1,1,,1,1,1,1,,,Yes,,Gombe,,bill05
f4897f4f-d74d-4b0d-bad3-8f77dfed5f1a,Deposit_Account,Yes,2024-07-26,,1,1,1,,1,1,1,1,,,Yes,,Gombe,,bill05
2241020f-e86d-485b-b218-8cb209b7c8c8,Deposit_Account,Yes,2024-07-26,,1,1,1,,1,1,1,1,,,Yes,,Gombe,,bill05
5cc414f0-2831-4c9b-9e52-e6ff181d7247,Deposit_Account,Yes,2024-07-26,,1,1,1,,1,1,1,1,,,Yes,,Gombe,,bill05
dc55ac0a-37ee-445b-910a-844d0d612e82,Deposit_Account,Yes,2024-07-26,,1,1,1,,1,1,1,1,,,Yes,,Gombe,,bill05
c9e19a7b-286e-47cd-8bf8-2199fd839e56,Deposit_Account,Yes,2024-07-26,,1,1,1,,1,1,1,1,,,Yes,,Gombe,,bill05
800957bd-48b9-47b3-b07e-0b6250708c9c,Deposit_Account,Yes,2024-07-26,,1,1,1,,1,1,1,1,,,Yes,,Gombe,,bill05
99b93e55-cc2b-4e78-8617-222120336c32,Deposit_Account,Yes,2024-07-26,,1,1,1,,1,1,1,1,,,Yes,,Gombe,,bill05
76467c1f-fade-46f3-a450-96e8cf3c00b0,Deposit_Account,Yes,2024-07-26,,1,1,1,,1,1,1,1,,,Yes,,Gombe,,bill05
6015b10b-ca8a-4a4d-afc5-dc26ab71bbb0,Deposit_Account,Yes,2024-07-26,,1,1,1,,1,1,1,1,,,Yes,,Gombe,,bill05
49a8468a-8c5b-460e-846b-fd3bde316ecd,Deposit_Account,Yes,2024-07-26,,1,1,1,,1,1,1,1,,,Yes,,Gombe,,bill05
da888926-527a-4bb2-b558-3411cf256d15,Deposit_Account,Yes,2024-07-26,,1,1,1,,1,1,1,1,,,Yes,,Gombe,,bill05
d5ef793b-4798-4ea0-b9a3-8be1229130ae,Deposit_Account,Yes,2024-07-26,,1,1,1,,1,1,1,1,,,Yes,,Gombe,,bill05
62fc2d7d-f436-4b61-abe1-24ae30787387,Deposit_Account,Yes,2024-07-26,,1,1,1,,1,1,1,1,,,Yes,,Gombe,,bill05
a7d72452-f30b-4a66-9616-e116f05005a2,Deposit_Account,Yes,2024-07-26,,1,1,1,,1,1,1,1,,,Yes,,Gombe,,bill05
587557c7-bb4a-4425-b76b-be2a82e29e70,Deposit_Account,Yes,2024-07-26,,1,1,1,,1,1,1,1,,,Yes,,Gombe,,bill05
b2afe1ab-07aa-4bec-ad5c-005fe75ef1f5,Deposit_Account,Yes,2024-07-26,,1,1,1,,1,1,1,1,,,Yes,,Gombe,,bill05
60d94601-1edc-4ddf-9265-1db8e6184911,Deposit_Account,Yes,2024-07-26,,1,1,1,,1,1,1,1,,,Yes,,Gombe,,bill05
c907c6a0-2613-4b4c-af17-37fcbeb71e6d,Deposit_Account,Yes,2024-07-26,,1,1,1,,1,1,1,1,,,Yes,,Gombe,,bill07
5250a860-3df2-41e2-bd5b-e5650cc56aa4,Deposit_Account,Yes,2024-07-26,,1,1,1,,1,1,1,1,,,Yes,,Gombe,,bill07
a612b071-b223-4bbb-9807-8b0a24e75c73,Deposit_Account,Yes,2024-07-26,,1,1,1,,1,1,1,1,,,Yes,,Gombe,,bill07
6cd82ba4-64e3-4f85-8966-8b9031af6f6f,Deposit_Account,Yes,2024-07-26,,1,1,1,,1,1,1,1,,,Yes,,Gombe,,bill07
bfd2e7dc-aa2e-4151-9a52-00fa0cd5c4e5,Deposit_Account,Yes,2024-07-26,,1,1,1,,1,1,1,1,,,Yes,,Gombe,,bill07
dd2edeeb-05e8-4062-afec-2e77fed51d1c,Deposit_Account,Yes,2024-07-26,,1,1,1,,1,1,1,1,,,Yes,,Gombe,,bill07
b6389461-5860-44b7-b7a1-76366f1551cd,Deposit_Account,Yes,2024-07-26,,1,1,1,,1,1,1,1,,,Yes,,Gombe,,bill07
8e88744a-a14c-4af6-8a4e-8e5e53d89efd,Deposit_Account,Yes,2024-07-26,,1,1,1,,1,1,1,1,,,Yes,,Gombe,,bill07
5b5ea383-2f11-4e6c-9904-982cf42d310c,Deposit_Account,Yes,2024-07-26,,1,1,1,,1,1,1,1,,,Yes,,Gombe,,bill07
dd3d1d81-ddd9-46de-833b-fcf15de01436,Deposit_Account,Yes,2024-07-26,,1,1,1,,1,1,1,1,,,Yes,,Gombe,,bill07
2dfc1887-647e-4546-8027-a66621e55be7,Deposit_Account,Yes,2024-07-26,,1,1,1,,1,1,1,1,,,Yes,,Gombe,,bill07
d747a77c-ae77-4ccd-bd83-318637cce817,Deposit_Account,Yes,2024-07-26,,1,1,1,,1,1,1,1,,,Yes,,Gombe,,bill07
5ee0cccc-8148-4852-a5c6-d03cf7380366,Deposit_Account,Yes,2024-07-26,,1,1,1,,1,1,1,1,,,Yes,,Gombe,,bill07
7c9cc5a3-2ed1-43b4-85f3-b421b1b16257,Deposit_Account,Yes,2024-07-26,,1,1,1,,1,1,1,1,,,Yes,,Gombe,,bill07
aebff0f7-9c07-4e97-a620-e550990197a1,Deposit_Account,Yes,2024-07-26,,1,1,1,,1,1,1,1,,,Yes,,Gombe,,bill07
847e5157-c99f-45b0-b16f-a654f1dad4ee,Deposit_Account,Yes,2024-07-26,,1,1,1,,1,1,1,1,,,Yes,,Gombe,,bill07
6a52cd61-b8a3-4966-9987-49364eb7da55,Deposit_Account,Yes,2024-07-26,,1,1,1,,1,1,1,1,,,Yes,,Gombe,,bill07
16d8754f-7d92-4b82-a58d-32607fe6a849,Deposit_Account,Yes,2024-07-26,,1,1,1,,1,1,1,1,,,Yes,,Gombe,,bill07
27cff503-32f6-4762-943e-a0497afdd341,Deposit_Account,Yes,2024-07-26,,1,1,1,,1,1,1,1,,,Yes,,Gombe,,bill07
3f230bf5-8092-4f8f-b624-ca6963efcc51,Deposit_Account,Yes,2024-07-26,,1,1,1,,1,1,1,1,,,Yes,,Gombe,,bill07
33ef8dd5-e2c5-4f16-a0ad-643b49b5ce06,Deposit_Account,Yes,2024-07-26,,1,1,1,,1,1,1,1,,,Yes,,Gombe,,bill07
edd9ebce-6089-4a75-a5f9-36f2dc85d743,Deposit_Account,Yes,2024-07-26,,1,1,1,,1,1,1,1,,,Yes,,Gombe,,bill07
58a120b8-ac63-4c4f-bf37-97bff4e27aa6,Deposit_Account,Yes,2024-07-26,,1,1,1,,1,1,1,1,,,Yes,,Gombe,,bill07
fc29d994-3406-493f-81fc-af241afb2b6b,Deposit_Account,Yes,2024-07-26,,1,1,1,,1,1,1,1,,,Yes,,Gombe,,bill07
8c42c06d-0abf-4e61-8a15-1f98e7a06559,Deposit_Account,Yes,2024-07-26,,1,1,1,,1,1,1,1,,,Yes,,Gombe,,bill07
d380b39f-1821-4e89-8dea-d03db8d609d5,Deposit_Account,Yes,2024-07-26,,1,1,1,,1,1,1,1,,,Yes,,Gombe,,bill07
30a537a0-e7e4-4b45-9e48-b673f77b8683,Deposit_Account,Yes,2024-07-26,,1,1,1,,1,1,1,1,,,Yes,,Gombe,,bill07
2f44cf70-159f-4a91-b3a1-f46363e7bc39,Deposit_Account,Yes,2024-07-26,,1,1,1,,1,1,1,1,,,Yes,,Gombe,,bill07
927950e1-c054-4fb7-b440-78c9d7317525,Deposit_Account,Yes,2024-07-26,,1,1,1,,1,1,1,1,,,Yes,,Gombe,,bill07
f8d692c2-2e64-42b9-afcb-e4957b3b9293,Deposit_Account,Yes,2024-07-26,,1,1,1,,1,1,1,1,,,Yes,,Gombe,,bill07
a445092b-b875-401a-941c-8d40d370998b,Deposit_Account,Yes,2024-07-26,,1,1,1,,1,1,1,1,,,Yes,,Gombe,,bill07
008f000e-6a1c-4d46-9931-7779fbe12cc8,Deposit_Account,Yes,2024-07-26,,1,1,1,,1,1,1,1,,,Yes,,Gombe,,bill07
375268c7-1160-4c1c-aea0-ab30b0cdf29b,Deposit_Account,Yes,2024-07-26,,1,1,1,,1,1,1,1,,,Yes,,Gombe,,bill07
13dd2c08-b1ab-4186-8703-f691c128481f,Deposit_Account,Yes,2024-07-26,,1,1,1,,1,1,1,1,,,Yes,,Gombe,,bill07
c69c3e7c-85b6-4907-9a5f-a9b2763564b0,Deposit_Account,Yes,2024-07-26,,1,1,1,,1,1,1,1,,,Yes,,Gombe,,bill07
ca92ef41-08eb-4427-8efc-283e9faba752,Deposit_Account,Yes,2024-07-26,,1,1,1,,1,1,1,1,,,Yes,,Gombe,,bill07
ec900c79-8480-49c8-a756-ceb71e201590,Deposit_Account,Yes,2024-07-26,,1,1,1,,1,1,1,1,,,Yes,,Gombe,,bill07
a5ac5dc9-705a-4f67-a25d-64538a01d32e,Deposit_Account,Yes,2024-07-26,,1,1,1,,1,1,1,1,,,Yes,,Gombe,,bill07
e10ac761-d52d-4da2-8191-b431824830fb,Deposit_Account,Yes,2024-07-26,,1,1,1,,1,1,1,1,,,Yes,,Gombe,,bill07
3762d736-70f8-459f-a952-f41a0ba5d344,Deposit_Account,Yes,2024-07-26,,1,1,1,,1,1,1,1,,,Yes,,Gombe,,bill07
8a9d7bca-1258-4144-98b0-2d18d919362e,Deposit_Account,Yes,2024-07-26,,1,1,1,,1,1,1,1,,,Yes,,Gombe,,bill07
e5d060db-aef7-4430-98d2-dea890b71047,Deposit_Account,Yes,2024-07-26,,1,1,1,,1,1,1,1,,,Yes,,Gombe,,bill07
80649798-43e1-41d5-9005-80de4bd7567b,Deposit_Account,Yes,2024-07-26,,1,1,1,,1,1,1,1,,,Yes,,Gombe,,bill07
5cb89711-8ce9-4097-b5b4-b5de6f99ed5f,Deposit_Account,Yes,2024-07-26,,1,1,1,,1,1,1,1,,,Yes,,Gombe,,bill07
85aaea9d-dcda-4bda-9a8c-7995c15b6f7a,Deposit_Account,Yes,2024-07-26,,1,1,1,,1,1,1,1,,,Yes,,Gombe,,bill07
2a3ae616-22b3-4043-906a-3aa31a2c5a2b,Deposit_Account,Yes,2024-07-26,,1,1,1,,1,1,1,1,,,Yes,,Gombe,,bill07
297b9b2a-1bb8-4b09-ba3b-30dba0435821,Deposit_Account,Yes,2024-07-26,,1,1,1,,1,1,1,1,,,Yes,,Gombe,,bill07
60a211eb-49b2-4dcd-8af3-e3bfd5fa2e86,Deposit_Account,Yes,2024-07-26,,1,1,1,,1,1,1,1,,,Yes,,Gombe,,bill07
3c59fa06-f067-47db-b2eb-233e4205084a,Deposit_Account,Yes,2024-07-26,,1,1,1,,1,1,1,1,,,Yes,,Gombe,,bill07
a5b6ec2f-5b41-4eea-9829-4e6cff28e0f5,Deposit_Account,Yes,2024-07-26,,1,1,1,,1,1,1,1,,,Yes,,Gombe,,bill07
aa6d101f-1a17-4270-bf19-52aea39ce96e,Deposit_Account,Yes,2024-07-26,,1,1,1,,1,1,1,1,,,Yes,,Gombe,,bill07
a974be6c-b2fa-4970-9a34-b88ceb0a443f,Deposit_Account,Yes,2024-07-26,,1,1,1,,1,1,1,1,,,Yes,,Gombe,,bill07
d65dc039-dd3e-4814-8f60-66b97a62e6e7,Deposit_Account,Yes,2024-07-26,,1,1,1,,1,1,1,1,,,Yes,,Gombe,,bill07
55721e99-a555-455b-b27b-34815c4d225b,Deposit_Account,Yes,2024-07-26,,1,1,1,,1,1,1,1,,,Yes,,Gombe,,bill07
3b0fe7d2-fe49-49a7-879a-1319a61a19ff,Deposit_Account,Yes,2024-07-26,,1,1,1,,1,1,1,1,,,Yes,,Gombe,,bill07
b508fa8a-42d4-4f75-8f4b-4a97f41deb26,Deposit_Account,Yes,2024-07-26,,1,1,1,,1,1,1,1,,,Yes,,Gombe,,bill07
965f74d8-9689-4767-9585-e2cb9a944bee,Deposit_Account,Yes,2024-07-26,,1,1,1,,1,1,1,1,,,Yes,,Gombe,,bill07
05b2648e-8be7-4c17-add1-5d5ab035360d,Deposit_Account,Yes,2024-07-26,,1,1,1,,1,1,1,1,,,Yes,,Gombe,,bill07
60f60385-732c-4bf2-8317-51a4a9c0682b,Deposit_Account,Yes,2024-07-26,,1,1,1,,1,1,1,1,,,Yes,,Gombe,,bill07
190dec1b-c489-420c-beee-57490762fbb9,Deposit_Account,Yes,2024-07-26,,1,1,1,,1,1,1,1,,,Yes,,Gombe,,bill07
f53177e6-cf97-4488-809b-4319b0c3270b,Deposit_Account,Yes,2024-07-26,,1,1,1,,1,1,1,1,,,Yes,,Gombe,,bill08
69b9a638-274a-47fb-81f3-cee3ac097882,Deposit_Account,Yes,2024-07-26,,1,1,1,,1,1,1,1,,,Yes,,Gombe,,bill08
2bb3fda5-de08-4083-990d-efec90709a02,Deposit_Account,Yes,2024-07-26,,1,1,1,,1,1,1,1,,,Yes,,Gombe,,bill08
0a204649-cc1b-44dd-88b5-eac9abcb6457,Deposit_Account,Yes,2024-07-26,,1,1,1,,1,1,1,1,,,Yes,,Bauchi,,war04
4d483b31-3382-4e35-aff5-de5c07882ab4,Deposit_Account,Yes,2024-07-26,,1,1,1,,1,1,1,1,,,Yes,,Bauchi,,war04
00f39ba3-b616-483a-a9e3-ca44eba3a213,Deposit_Account,Yes,2024-07-26,,1,1,1,,1,1,1,1,,,Yes,,Gombe,,bill08
7350ff98-ac4d-42bf-bd85-51818204d99e,Deposit_Account,Yes,2024-07-26,,1,1,1,,1,1,1,1,,,Yes,,Gombe,,bill08
2b6ba95f-9950-45d3-a571-ea0b83aa3d62,Deposit_Account,Yes,2024-07-26,,1,1,1,,1,1,1,1,,,Yes,,Gombe,,bill08
8f4695dc-e231-4d58-adda-af302dfc5616,Deposit_Account,Yes,2024-07-26,,1,1,1,,1,1,1,1,,,Yes,,Gombe,,bill08
44ff396f-e4f7-4127-aa38-e5d01628b69d,Deposit_Account,Yes,2024-07-26,,1,1,1,,1,1,1,1,,,Yes,,Gombe,,bill08
ea77006f-1a97-4270-bff3-f0a040dddb1b,Deposit_Account,Yes,2024-07-26,,1,1,1,,1,1,1,1,,,Yes,,Gombe,,bill08
7a01f189-93d9-4104-bbd3-60e7fc01d371,Deposit_Account,Yes,2024-07-26,,1,1,1,,1,1,1,1,,,Yes,,Gombe,,bill08
c0b8fe4f-a879-4553-a27c-847bd036af27,Deposit_Account,Yes,2024-07-26,,1,1,1,,1,1,1,1,,,Yes,,Gombe,,bill08
2021f4ef-bb15-44e3-8f4b-48434d4cd114,Deposit_Account,Yes,2024-07-26,,1,1,1,,1,1,1,1,,,Yes,,Gombe,,bill08
daefd906-c0b7-40b1-9c19-327561e7a27b,Deposit_Account,Yes,2024-07-26,,1,1,1,,1,1,1,1,,,Yes,,Gombe,,bill08
c704f9a4-f91f-4e3f-9843-810de0cdb37f,Deposit_Account,Yes,2024-07-26,,1,1,1,,1,1,1,1,,,Yes,,Gombe,,bill08
ce75b6c2-86e2-4fd0-a6de-d3592691d374,Deposit_Account,Yes,2024-07-26,,1,1,1,,1,1,1,1,,,Yes,,Gombe,,bill08
03b8f0a4-408f-47d6-89ba-4db0d4a5866a,Deposit_Account,Yes,2024-07-26,,1,1,1,,1,1,1,1,,,Yes,,Gombe,,bill08
b7e656dc-70bd-47ca-935e-b75b63a78e2f,Deposit_Account,Yes,2024-07-26,,1,1,1,,1,1,1,1,,,Yes,,Gombe,,bill08
d3b588ba-10f8-4cad-9935-284bc4cd1edb,Deposit_Account,Yes,2024-07-26,,1,1,1,,1,1,1,1,,,Yes,,Gombe,,bill08
cc40e2e2-5e87-45e0-85c9-c4f81fbd5b43,Deposit_Account,Yes,2024-07-26,,1,1,1,,1,1,1,1,,,Yes,,Gombe,,bill08
66457bfc-305e-4a53-8319-f55701876060,Deposit_Account,Yes,2024-07-26,,1,1,1,,1,1,1,1,,,Yes,,Gombe,,bill08
c1393dbd-803c-45a1-bf9e-c4587ab8f34e,Deposit_Account,Yes,2024-07-26,,1,1,1,,1,1,1,1,,,Yes,,Gombe,,bill08
26795b60-3c96-4d2e-8251-1c2052cfc0e0,Deposit_Account,Yes,2024-07-26,,1,1,1,,1,1,1,1,,,Yes,,Gombe,,bill08
8fac74dd-2f2a-4ac7-9b43-935ffb438676,Deposit_Account,Yes,2024-07-26,,1,1,1,,1,1,1,1,,,Yes,,Gombe,,bill08
f954a7d6-181e-4a71-8c76-3c50f59d5c37,Deposit_Account,Yes,2024-07-26,,1,1,1,,1,1,1,1,,,Yes,,Gombe,,bill08
62eec8d8-1b0a-490d-ae60-c0aff03f7ef1,Deposit_Account,Yes,2024-07-26,,1,1,1,,1,1,1,1,,,Yes,,Gombe,,bill08
8502c7d7-b790-4c45-a869-41f08f8c496f,Deposit_Account,Yes,2024-07-26,,1,1,1,,1,1,1,1,,,Yes,,Gombe,,bill08
6eb42364-fd58-4654-ac16-ce0269bd6b8c,Deposit_Account,Yes,2024-07-26,,1,1,1,,1,1,1,1,,,Yes,,Gombe,,bill08
f36775b2-0fe4-4120-828e-bbd5b0cec977,Deposit_Account,Yes,2024-07-26,,1,1,1,,1,1,1,1,,,Yes,,Gombe,,bill08
9f1a328e-e8b7-48aa-8aa7-89bc2e76db47,Deposit_Account,Yes,2024-07-26,,1,1,1,,1,1,1,1,,,Yes,,Gombe,,bill08
398eaa4c-c13c-4e47-bae8-0b28e2bce8de,Deposit_Account,Yes,2024-07-26,,1,1,1,,1,1,1,1,,,Yes,,Gombe,,bill08
f35c3ab0-5c0a-4ec2-95b2-3ffea94efb0a,Deposit_Account,Yes,2024-07-26,,1,1,1,,1,1,1,1,,,Yes,,Gombe,,bill08
85f09010-1a20-4b9a-a118-f38ff1627cbc,Deposit_Account,Yes,2024-07-26,,1,1,1,,1,1,1,1,,,Yes,,Gombe,,bill08
e43eb7e4-7817-49ea-a80f-80886aab484b,Deposit_Account,Yes,2024-07-26,,1,1,1,,1,1,1,1,,,Yes,,Gombe,,bill08
f03b71e9-b074-4f9e-9908-760a4d4cb57f,Deposit_Account,Yes,2024-07-26,,1,1,1,,1,1,1,1,,,Yes,,Gombe,,bill08
9f2b0b1e-7f90-45a3-ba0a-11532b007330,Deposit_Account,Yes,2024-07-26,,1,1,1,,1,1,1,1,,,Yes,,Gombe,,bill08
0ac2ff24-02f0-45e6-bcf8-5cfc4f4b4c75,Deposit_Account,Yes,2024-07-26,,1,1,1,,1,1,1,1,,,Yes,,Gombe,,bill08
e2809cf3-b6f6-4d8d-8d3b-1520aec57920,Deposit_Account,Yes,2024-07-26,,1,1,1,,1,1,1,1,,,Yes,,Gombe,,bill08
ac4c1d35-3b4b-4cab-8e3f-c33652e35564,Deposit_Account,Yes,2024-07-26,,1,1,1,,1,1,1,1,,,Yes,,Gombe,,bill08
762a8a27-0801-48bd-8327-35917b08662c,Deposit_Account,Yes,2024-07-26,,1,1,1,,1,1,1,1,,,Yes,,Gombe,,bill08
a724a5d9-d093-47b0-8893-f7c5d3271690,Deposit_Account,Yes,2024-07-26,,1,1,1,,1,1,1,1,,,Yes,,Gombe,,bill08
f6a10110-5c57-436f-9b28-7af61a0638de,Deposit_Account,Yes,2024-07-26,,1,1,1,,1,1,1,1,,,Yes,,Gombe,,bill08
027cc5ce-8a42-4f18-b598-c4cdc4b6ba18,Deposit_Account,Yes,2024-07-26,,1,1,1,,1,1,1,1,,,Yes,,Gombe,,bill08
02b54b20-c78d-4c64-81f9-6b8a123c1689,Deposit_Account,Yes,2024-07-26,,1,1,1,,1,1,1,1,,,Yes,,Gombe,,bill08
6dd9ad05-308e-40b3-833b-9b35381da531,Deposit_Account,Yes,2024-07-26,,1,1,1,,1,1,1,1,,,Yes,,Gombe,,bill08
b8ceea03-3d09-4a2c-8bdc-ba78439cf841,Deposit_Account,Yes,2024-07-26,,1,1,1,,1,1,1,1,,,Yes,,Gombe,,bill08
33fab4f7-f4fb-456f-91ca-5a07754b0843,Deposit_Account,Yes,2024-07-26,,1,1,1,,1,1,1,1,,,Yes,,Gombe,,bill08
a734e840-9166-46d3-941b-712e209928d3,Deposit_Account,Yes,2024-07-26,,1,1,1,,1,1,1,1,,,Yes,,Gombe,,bill08
07a3d379-6176-4cbb-ab4a-b25317f5ed68,Deposit_Account,Yes,2024-07-26,,1,1,1,,1,1,1,1,,,Yes,,Gombe,,bill08
39886676-f9e4-477b-a70d-df65e444518b,Deposit_Account,Yes,2024-07-26,,1,1,1,,1,1,1,1,,,Yes,,Gombe,,bill08
bf31b116-ec62-42fa-abbc-50afed4f8bcc,Deposit_Account,Yes,2024-07-26,,1,1,1,,1,1,1,1,,,Yes,,Gombe,,bill08
238bdd12-63d8-43f0-bd4d-3fc66a7df413,Deposit_Account,Yes,2024-07-26,,1,1,1,,1,1,1,1,,,Yes,,Gombe,,bill08
94c3bca5-4ab8-48fc-81e8-7bcd0252bd64,Deposit_Account,Yes,2024-07-26,,1,1,1,,1,1,1,1,,,Yes,,Gombe,,bill08
fb7ed1d3-5410-46f7-94d0-2f18cbc6c508,Deposit_Account,Yes,2024-07-26,,1,1,1,,1,1,1,1,,,Yes,,Gombe,,bill08
ef687309-8d35-4757-a2d6-8172eca62f53,Deposit_Account,Yes,2024-07-26,,1,1,1,,1,1,1,1,,,Yes,,Gombe,,bill08
2957b81a-b2b8-4da6-a2d5-a2cf8ab01aab,Deposit_Account,Yes,2024-07-26,,1,1,1,,1,1,1,1,,,Yes,,Gombe,,bill08
9c3c5d5e-44f8-4249-8411-569ee33b5de9,Deposit_Account,Yes,2024-07-26,,1,1,1,,1,1,1,1,,,Yes,,Gombe,,bill08
ec10ce01-d5d3-43de-ac16-c967679e1590,Deposit_Account,Yes,2024-07-26,,1,1,1,,1,1,1,1,,,Yes,,Gombe,,bill08
7f21e4d7-2ebc-475f-be9d-8c60f1b54cdd,Deposit_Account,Yes,2024-07-26,,1,1,1,,1,1,1,1,,,Yes,,Gombe,,bill08
f82c1907-6ac6-4625-8aea-83daaeae55da,Deposit_Account,Yes,2024-07-26,,1,1,1,,1,1,1,1,,,Yes,,Gombe,,bill08
bead01da-355f-4468-afe6-58a2363d3324,Deposit_Account,Yes,2024-07-26,,1,1,1,,1,1,1,1,,,Yes,,Gombe,,bill08
f541dc38-2c01-4e20-b066-457f544cce62,Deposit_Account,Yes,2024-07-26,,1,1,1,,1,1,1,1,,,Yes,,Gombe,,bill08
da090d6d-4a09-42f7-b1c3-aecb6d8a6c2a,Deposit_Account,Yes,2024-07-26,,1,1,1,,1,1,1,1,,,Yes,,Gombe,,bill08
cd968c1d-b801-4294-8a34-0f75c6109387,Deposit_Account,Yes,2024-07-26,,1,1,1,,1,1,1,1,,,Yes,,Gombe,,bill08
4b2bf19f-5528-47ff-94b1-9ba9d891cb2d,Deposit_Account,Yes,2024-07-26,,1,1,1,,1,1,1,1,,,Yes,,Gombe,,bill08
ccbbcb82-1a38-412a-aadc-9792bc8c2f65,Deposit_Account,Yes,2024-07-26,,1,1,1,,1,1,1,1,,,Yes,,Gombe,,bill08
12eef14d-9f27-4b1b-90f3-25466f4bb8dd,Deposit_Account,Yes,2024-07-26,,1,1,1,,1,1,1,1,,,Yes,,Bauchi,,war04
693d457f-52fc-40eb-a0d8-c460635b17a7,Deposit_Account,Yes,2024-07-26,,1,1,1,,1,1,1,1,,,Yes,,Gombe,,bill09
7b1c8c01-e79f-4df9-9593-8f201dcab64d,Deposit_Account,Yes,2024-07-26,,1,1,1,,1,1,1,1,,,Yes,,Gombe,,bill09
4c8cfab1-c39b-4fb7-9a3f-93df5d43d22a,Deposit_Account,Yes,2024-07-26,,1,1,1,,1,1,1,1,,,Yes,,Gombe,,bill09
39f5b3a7-61d3-496a-8c77-88148a44f0db,Deposit_Account,Yes,2024-07-26,,1,1,1,,1,1,1,1,,,Yes,,Bauchi,,war04
b7474e4f-cc37-4931-83ae-22668244c70d,Deposit_Account,Yes,2024-07-26,,1,1,1,,1,1,1,1,,,Yes,,Bauchi,,war04
7b931e70-5633-475d-b0f7-6cd67274e634,Deposit_Account,Yes,2024-07-26,,1,1,1,,1,1,1,1,,,Yes,,Gombe,,bill09
07d016cd-767a-4260-ac2e-368f8671ce9b,Deposit_Account,Yes,2024-07-26,,1,1,1,,1,1,1,1,,,Yes,,Bauchi,,war04
e5660d8a-4c9a-4097-a2a1-fa2300094629,Deposit_Account,Yes,2024-07-27,,1,1,1,,1,1,1,1,,,Yes,,Bauchi,,war04
efb8aa25-0b9f-4a40-a8e5-55eb1ebce8ad,Deposit_Account,Yes,2024-07-26,,1,1,1,,1,1,1,1,,,Yes,,Bauchi,,war04
28673374-b887-4530-94cb-9a651007c1f7,Deposit_Account,Yes,2024-07-26,,1,1,1,,1,1,1,1,,,Yes,,Bauchi,,war04
bbc1cd2b-b922-4642-82fe-bdf6ac87d540,Deposit_Account,Yes,2024-07-26,,1,1,1,,1,1,1,1,,,Yes,,Bauchi,,war04
429b689a-ad19-4798-91f3-93552fb39f64,Deposit_Account,Yes,2024-07-26,,1,1,1,,1,1,1,1,,,Yes,,Bauchi,,war04
d022a607-0658-40c5-8d36-deeb08fb00ef,Deposit_Account,Yes,2024-07-26,,1,1,1,,1,1,1,1,,,Yes,,Bauchi,,war04
15862c57-35ec-4fd2-a08f-8619ecc484d1,Deposit_Account,Yes,2024-07-26,,1,1,1,,1,1,1,1,,,Yes,,Bauchi,,war04
bba5a820-eec7-4b1c-a704-b4683041ddd7,Deposit_Account,Yes,2024-07-26,,1,1,1,,1,1,1,1,,,Yes,,Bauchi,,war04
fd2d6b46-90d4-4992-9744-20803fe0be1c,Deposit_Account,Yes,2024-08-26,,1,1,1,,1,1,1,1,,,Yes,,Bauchi,,war04
b4bdfc26-7b0b-43c8-ae5a-603602155210,Deposit_Account,Yes,2024-07-26,,1,1,1,,1,1,1,1,,,Yes,,Bauchi,,war04
f368b65c-4086-4605-9cbf-4fd44bfdc7bd,Deposit_Account,Yes,2024-07-26,,1,1,1,,1,1,1,1,,,Yes,,Bauchi,,war04
7304fd0d-bb37-4ed0-9dc0-d337e0248bff,Deposit_Account,Yes,2024-07-26,,1,1,1,,1,1,1,1,,,Yes,,Gombe,,bill09
2307421f-dcb3-4fb0-85c4-53d481cfd570,Deposit_Account,Yes,2024-07-26,,1,1,1,,1,1,1,1,,,Yes,,Gombe,,bill09
511844e8-5ca5-4e49-ae22-c47c712d8bc4,Deposit_Account,Yes,2024-07-26,,1,1,1,,1,1,1,1,,,Yes,,Gombe,,bill09
803f90b5-905b-4f3c-894b-963292abe778,Deposit_Account,Yes,2024-07-26,,1,1,1,,1,1,1,1,,,Yes,,Gombe,,bill09
bf6fb0e7-ebbf-4273-a868-3428ff1aff89,Deposit_Account,Yes,2024-07-26,,1,1,1,,1,1,1,1,,,Yes,,Gombe,,bill09
e08c3d9b-78e8-4480-8189-67a6c9258d58,Deposit_Account,Yes,2024-07-26,,1,1,1,,1,1,1,1,,,Yes,,Gombe,,bill09
a56986ab-e26d-4a11-9661-99ad3ab2c3b4,Deposit_Account,Yes,2024-07-26,,1,1,1,,1,1,1,1,,,Yes,,Gombe,,bill09
8245dd29-2174-489a-b0bc-f6d4c531a3bd,Deposit_Account,Yes,2024-07-26,,1,1,1,,1,1,1,1,,,Yes,,Gombe,,bill09
662a6b08-42cb-4d0f-95d5-faf5ef7ce2f6,Deposit_Account,Yes,2024-07-26,,1,1,1,,1,1,1,1,,,Yes,,Gombe,,bill09
dfee0678-f538-4803-a547-4a98b1f7f284,Deposit_Account,Yes,2024-07-26,,1,1,1,,1,1,1,1,,,Yes,,Gombe,,bill09
6ee512c2-ef15-4a0f-9b6f-3336f00644b5,Deposit_Account,Yes,2024-07-26,,1,1,1,,1,1,1,1,,,Yes,,Gombe,,bill09
cffc6138-4531-40a2-af1a-1aa6d238eff8,Deposit_Account,Yes,2024-07-26,,1,1,1,,1,1,1,1,,,Yes,,Gombe,,bill09
995dafab-e9bd-467c-91fd-06e364f1040d,Deposit_Account,Yes,2024-07-26,,1,1,1,,1,1,1,1,,,Yes,,Gombe,,bill09
bdc9e764-dc5d-4bda-a16c-b0fe7b707c86,Deposit_Account,Yes,2024-07-26,,1,1,1,,1,1,1,1,,,Yes,,Gombe,,bill09
3510636e-44b4-4b9d-ae3b-a21bfd644e59,Deposit_Account,Yes,2024-07-26,,1,1,1,,1,1,1,1,,,Yes,,Gombe,,bill09
a0d63d4f-1073-4765-810b-d69b81f81729,Deposit_Account,Yes,2024-07-26,,1,1,1,,1,1,1,1,,,Yes,,Gombe,,bill09
8d489fd5-8262-4066-92a8-85d2dd4c0a73,Deposit_Account,Yes,2024-07-26,,1,1,1,,1,1,1,1,,,Yes,,Gombe,,bill09
eac6f157-8f8c-45fe-8e7b-b8e82ec3acc7,Deposit_Account,Yes,2024-07-26,,1,1,1,,1,1,1,1,,,Yes,,Gombe,,bill09
25189f69-8f3c-4921-9c99-6f994d14676a,Deposit_Account,Yes,2024-07-26,,1,1,1,,1,1,1,1,,,Yes,,Gombe,,bill09
705aa45e-69b9-4eee-b7b4-ffac122cd100,Deposit_Account,Yes,2024-07-26,,1,1,1,,1,1,1,1,,,Yes,,Gombe,,bill09
bc45f3a6-5357-4c4c-8fde-688eae040c12,Deposit_Account,Yes,2024-07-26,,1,1,1,,1,1,1,1,,,Yes,,Gombe,,bill09
07a25b97-c320-4939-861f-6068d4d42603,Deposit_Account,Yes,2024-07-26,,1,1,1,,1,1,1,1,,,Yes,,Gombe,,bill09
ab120bee-89ed-4705-82d7-ce270ea5d5b3,Deposit_Account,Yes,2024-07-26,,1,1,1,,1,1,1,1,,,Yes,,Gombe,,bill09
0406bba9-08ec-47ae-9e46-f3ba42bc8708,Deposit_Account,Yes,2024-07-26,,1,1,1,,1,1,1,1,,,Yes,,Gombe,,bill09
0e612121-e482-4f23-ae09-62b8cd1bc7fa,Deposit_Account,Yes,2024-07-26,,1,1,1,,1,1,1,1,,,Yes,,Bauchi,,war04
ab78b982-b055-45d3-ad22-570410f3c936,Deposit_Account,Yes,2024-07-26,,1,1,1,,1,1,1,1,,,Yes,,Gombe,,bill09
f433ab03-e496-4cbd-9f0c-de75c2e7a2d4,Deposit_Account,Yes,2024-07-26,,1,1,1,,1,1,1,1,,,Yes,,Bauchi,,war04
113bb55f-079f-45ae-ab91-7d1c82344d72,Deposit_Account,Yes,2024-07-26,,1,1,1,,1,1,1,1,,,Yes,,Bauchi,,war04
10ce45ff-687c-4100-b13a-a2bb2fc97b6e,Deposit_Account,Yes,2024-07-26,,1,1,1,,1,1,1,1,,,Yes,,Kano,,bun02
54c06175-951e-4c33-927b-d6548f07920a,Deposit_Account,Yes,2024-07-26,,1,1,1,,1,1,1,1,,,Yes,,Bauchi,,war04
4c3d8db5-3f44-4166-b23d-64fe0071a9e4,Deposit_Account,Yes,2024-07-26,,1,1,1,,1,1,1,1,,,Yes,,Kano,,bun02
61cdafa0-c125-46ca-8dc9-0dfd44246b78,Deposit_Account,Yes,2024-07-26,,1,1,1,,1,1,1,1,,,Yes,,Bauchi,,war04
c85e253a-c9d3-4b4a-8faf-d8d9295cb6ea,Deposit_Account,Yes,2024-07-25,,1,1,1,,1,1,1,1,,,Yes,,Kano,,tun01
c54f9b02-5232-436e-8f67-667d3f52e07a,Deposit_Account,Yes,2024-07-25,,1,1,1,,1,1,1,1,,,Yes,,Kano,,tun01
8ed8cc6f-d76b-4cf4-a2da-324ab4a78ed9,Deposit_Account,Yes,2024-07-25,,1,1,1,,1,1,1,1,,,Yes,,Kano,,tun01
5a49295b-950c-4b14-8301-a9bd128d6171,Deposit_Account,Yes,2024-07-25,,1,1,1,,1,1,1,1,,,Yes,,Kano,,tun01
634dd228-5510-41d8-a62b-1eb6eaba6eb4,Deposit_Account,Yes,2024-07-25,,1,1,1,,1,1,1,1,,,Yes,,Kano,,tun01
867f22a8-6191-46d8-96d4-dd9dd0377bbb,Deposit_Account,Yes,2024-07-25,,1,1,1,,1,1,1,1,,,Yes,,Kano,,tun01
bf9b9093-1f11-48a1-b3c2-0681679f0510,Deposit_Account,Yes,2024-07-25,,1,1,1,,1,1,1,1,,,Yes,,Kano,,tun01
28965978-390f-4de1-becd-65ef05d109d0,Deposit_Account,Yes,2024-07-25,,1,1,1,,1,1,1,1,,,Yes,,Kano,,tun01
a6557821-7909-43c9-a84d-0f3786727439,Deposit_Account,Yes,2024-07-25,,1,1,1,,1,1,1,1,,,Yes,,Kano,,tun01
3a4d76e1-b0b5-40da-946f-1588dd790116,Deposit_Account,Yes,2024-07-25,,1,1,1,,1,1,1,1,,,Yes,,Kano,,tun01
266cd4e7-c96c-4e70-9d62-b326f4fa2873,Deposit_Account,Yes,2024-07-25,,1,1,1,,1,1,1,1,,,Yes,,Kano,,tun01
196bc9b9-c821-436b-97b7-82baeaf99057,Deposit_Account,Yes,2024-07-25,,1,1,1,,1,1,1,1,,,Yes,,Kano,,tun01
05edac53-6a59-415e-99b5-fd27c3823564,Deposit_Account,Yes,2024-07-25,,1,1,1,,1,1,1,1,,,Yes,,Kano,,tun01
5f319ffa-159d-41a1-b43d-38e735650f85,Deposit_Account,Yes,2024-07-25,,1,1,1,,1,1,1,1,,,Yes,,Kano,,tun01
8655b484-b9b1-4861-93dc-779974dcf700,Deposit_Account,Yes,2024-07-25,,1,1,1,,1,1,1,1,,,Yes,,Kano,,tun01
281c687a-4960-48ac-bc6b-fbad132f70f4,Deposit_Account,Yes,2024-07-25,,1,1,1,,1,1,1,1,,,Yes,,Kano,,tun01
05113aa5-ba7f-405a-8119-18ea4aacd09f,Deposit_Account,Yes,2024-07-25,,1,1,1,,1,1,1,1,,,Yes,,Kano,,tun01
3a799981-8fd3-41d8-9023-62c9fb5e68bf,Deposit_Account,Yes,2024-07-25,,1,1,1,,1,1,1,1,,,Yes,,Kano,,tun01
72602c9a-d5a4-4e9c-8aad-dfea0dc6e787,Deposit_Account,Yes,2024-07-25,,1,1,1,,1,1,1,1,,,Yes,,Kano,,tun01
f1232ba2-7dc9-4cbd-a526-242123264c05,Deposit_Account,Yes,2024-07-25,,1,1,1,,1,1,1,1,,,Yes,,Kano,,tun01
72e3627d-faff-4916-bb7c-614d7eb8a388,Deposit_Account,Yes,2024-07-25,,1,1,1,,1,1,1,1,,,Yes,,Kano,,tun01
3559e555-ca0d-4d7e-b1e7-7c3201e0a711,Deposit_Account,Yes,2024-07-25,,1,1,1,,1,1,1,1,,,Yes,,Kano,,tun01
d682f273-49e9-4706-b777-b20c5bd2b813,Deposit_Account,Yes,2024-07-25,,1,1,1,,1,1,1,1,,,Yes,,Kano,,tun01
e38b3575-f1da-4315-8be1-7dc75152f690,Deposit_Account,Yes,2024-07-25,,1,1,1,,1,1,1,1,,,Yes,,Kano,,tun01
8be91d93-43b1-4129-b8a3-15763c597460,Deposit_Account,Yes,2024-07-25,,1,1,1,,1,1,1,1,,,Yes,,Kano,,tun01
469792d8-f93e-4a39-856a-4186df631e9b,Deposit_Account,Yes,2024-07-25,,1,1,1,,1,1,1,1,,,Yes,,Kano,,tun01
fc0d7327-6f46-4f9b-a296-67aabaf1d961,Deposit_Account,Yes,2024-07-25,,1,1,1,,1,1,1,1,,,Yes,,Kano,,tun01
2fca9012-8f33-47d4-b03e-84d5bed4574c,Deposit_Account,Yes,2024-07-25,,1,1,1,,1,1,1,1,,,Yes,,Kano,,tun01
ce5705e6-9079-4128-ad17-d909b95e54d5,Deposit_Account,Yes,2024-07-25,,1,1,1,,1,1,1,1,,,Yes,,Kano,,tun01
db60e215-5280-4712-ad5a-d7b8b2b0bc3d,Deposit_Account,Yes,2024-07-25,,1,1,1,,1,1,1,1,,,Yes,,Kano,,tun01
7df2c31c-4819-41ca-bbfe-39e0581fbf8e,Deposit_Account,Yes,2024-07-25,,1,1,1,,1,1,1,1,,,Yes,,Kano,,tun01
098e7203-318e-4f88-8b94-e49d98280106,Deposit_Account,Yes,2024-07-25,,1,1,1,,1,1,1,1,,,Yes,,Kano,,tun01
1d99d1f0-64f3-417d-ae1c-95c47696908d,Deposit_Account,Yes,2024-07-25,,1,1,1,,1,1,1,1,,,Yes,,Kano,,tun01
7944dc78-016c-4040-8a40-e1223c7ec048,Deposit_Account,Yes,2024-07-25,,1,1,1,,1,1,1,1,,,Yes,,Kano,,tun01
1653d278-5c73-4615-8f15-8b2295bc9290,Deposit_Account,Yes,2024-07-25,,1,1,1,,1,1,1,1,,,Yes,,Kano,,tun01
180ee6b8-291a-4328-a62d-e4005a23fda5,Deposit_Account,Yes,2024-07-25,,1,1,1,,1,1,1,1,,,Yes,,Kano,,tun01
6adcccd3-db34-4d85-8adc-a7368551151e,Deposit_Account,Yes,2024-07-25,,1,1,1,,1,1,1,1,,,Yes,,Kano,,tun01
a5bebd27-bde1-4f94-9b09-d31765f18d8e,Deposit_Account,Yes,2024-07-25,,1,1,1,,1,1,1,1,,,Yes,,Kano,,tun01
4b84db2c-e125-42a0-919a-048d3f71f325,Deposit_Account,Yes,2024-07-25,,1,1,1,,1,1,1,1,,,Yes,,Kano,,tun01
fb16f865-abfe-4da4-827f-5863a127f2c2,Deposit_Account,Yes,2024-07-25,,1,1,1,,1,1,1,1,,,Yes,,Kano,,tun01
6640d101-86b2-4f98-8dd4-a5dc3fa48a57,Deposit_Account,Yes,2024-07-25,,1,1,1,,1,1,1,1,,,Yes,,Kano,,tun01
5bc2e376-1b2b-4159-ac58-76d4fe779dae,Deposit_Account,Yes,2024-07-25,,1,1,1,,1,1,1,1,,,Yes,,Kano,,tun01
0fbb5b27-9c1f-4dbc-9517-4dc33de81ec8,Deposit_Account,Yes,2024-07-25,,1,1,1,,1,1,1,1,,,Yes,,Kano,,tun01
77d74e6f-5a10-495e-b5b8-dbe636f530bc,Deposit_Account,Yes,2024-07-25,,1,1,1,,1,1,1,1,,,Yes,,Kano,,tun01
f3beb298-0c81-47d6-b158-ebfbe5be354e,Deposit_Account,Yes,2024-07-25,,1,1,1,,1,1,1,1,,,Yes,,Kano,,tun01
f7607222-6767-4c9c-90df-e9f84da08734,Deposit_Account,Yes,2024-07-25,,1,1,1,,1,1,1,1,,,Yes,,Kano,,tun01
34f9e4c6-f0a4-4de9-a243-26c382c1220d,Deposit_Account,Yes,2024-07-25,,1,1,1,,1,1,1,1,,,Yes,,Kano,,tun01
2443ebe7-f02d-4884-a11e-7105eb95a835,Deposit_Account,Yes,2024-07-25,,1,1,1,,1,1,1,1,,,Yes,,Kano,,tun01
f6ce4956-4ecb-4e80-b48b-b975e88082d2,Deposit_Account,Yes,2024-07-25,,1,1,1,,1,1,1,1,,,Yes,,Kano,,tun01
0443a93b-43de-477a-9410-7813ac562c6c,Deposit_Account,Yes,2024-07-25,,1,1,1,,1,1,1,1,,,Yes,,Kano,,tun01
b61938bc-9771-4c46-8ac1-20bfac4d461d,Deposit_Account,Yes,2024-07-25,,1,1,1,,1,1,1,1,,,Yes,,Kano,,tun01
e65464fe-e8a1-4af0-b262-d812242a060e,Deposit_Account,Yes,2024-07-25,,1,1,1,,1,1,1,1,,,Yes,,Kano,,tun01
bffd0ed0-9190-4c43-80ba-01e9b0ce859e,Deposit_Account,Yes,2024-07-25,,1,1,1,,1,1,1,1,,,Yes,,Kano,,tun01
45abee04-2fdf-4587-813e-a8235596656a,Deposit_Account,Yes,2024-07-25,,1,1,1,,1,1,1,1,,,Yes,,Kano,,tun01
7a2b93b1-e8b7-4a0b-b8cd-21bb1ac5b282,Deposit_Account,Yes,2024-07-25,,1,1,1,,1,1,1,1,,,Yes,,Kano,,tun01
674c127a-1293-46b2-ab03-2fb0d88a0093,Deposit_Account,Yes,2024-07-25,,1,1,1,,1,1,1,1,,,Yes,,Kano,,tun01
3c6fa6ef-46ca-4dd1-ac7b-dddd9115365f,Deposit_Account,Yes,2024-07-25,,1,1,1,,1,1,1,1,,,Yes,,Kano,,tun01
53d1630c-8d7d-4e40-9b24-7b2d7bb810a6,Deposit_Account,Yes,2024-07-25,,1,1,1,,1,1,1,1,,,Yes,,Kano,,tun01
9607a53d-1fa4-4c9f-92c6-12c4d97a5013,Deposit_Account,Yes,2024-07-25,,1,1,1,,1,1,1,1,,,Yes,,Kano,,tun01
c3453a24-3167-433a-9d32-c1765508d3c4,Deposit_Account,Yes,2024-07-25,,1,1,1,,1,1,1,1,,,Yes,,Kano,,tun01
7aece6bc-1ad1-4189-8ce2-2c71ba9d3b59,Deposit_Account,Yes,2024-07-25,,1,1,1,,1,1,1,1,,,Yes,,Kano,,tun01
10c66481-4ff0-49d9-a692-e2dd08485f00,Deposit_Account,Yes,2024-07-25,,1,1,1,,1,1,1,1,,,Yes,,Kano,,tun01
8e22eecb-3587-4b32-b62d-ca5215c479f4,Deposit_Account,Yes,2024-07-25,,1,1,1,,1,1,1,1,,,Yes,,Kano,,tun01
c0a810c4-4f4e-4256-9698-cb7fc2e30b2d,Deposit_Account,Yes,2024-07-25,,1,1,1,,1,1,1,1,,,Yes,,Kano,,tun01
8dee636a-86b0-4c98-b39a-0766a875ce88,Deposit_Account,Yes,2024-07-25,,1,1,1,,1,1,1,1,,,Yes,,Kano,,tun01
9fa230e5-cc40-4002-8571-5e38743c6d4b,Deposit_Account,Yes,2024-07-25,,1,1,1,,1,1,1,1,,,Yes,,Kano,,tun01
d09d0b46-f14a-4616-a9bf-d24ae074b3c1,Deposit_Account,Yes,2024-07-25,,1,1,1,,1,1,1,1,,,Yes,,Kano,,tun01
05c3b2df-b086-46dc-9763-59ba83e14f5d,Deposit_Account,Yes,2024-07-25,,1,1,1,,1,1,1,1,,,Yes,,Kano,,tun01
cc5ebf56-b0c5-4690-88e6-77cc6848fce5,Deposit_Account,Yes,2024-07-25,,1,1,1,,1,1,1,1,,,Yes,,Kano,,tun01
71738990-5abd-4806-89d7-54aa4669ea22,Deposit_Account,Yes,2024-07-25,,1,1,1,,1,1,1,1,,,Yes,,Kano,,tun01
4e794cff-082a-4368-8326-f8249e6daede,Deposit_Account,Yes,2024-07-25,,1,1,1,,1,1,1,1,,,Yes,,Kano,,tun01
50089159-605d-49ee-ac2f-ac4adbac1880,Deposit_Account,Yes,2024-07-25,,1,1,1,,1,1,1,1,,,Yes,,Kano,,tun01
56b41916-3363-4c42-a52b-f77b6b489504,Deposit_Account,Yes,2024-07-25,,1,1,1,,1,1,1,1,,,Yes,,Kano,,tun01
016c2a63-2cc4-4777-a4f0-6403d84dd05f,Deposit_Account,Yes,2024-07-25,,1,1,1,,1,1,1,1,,,Yes,,Kano,,tun01
2f1464d3-7952-4b9d-b718-d40203cd2292,Deposit_Account,Yes,2024-07-25,,1,1,1,,1,1,1,1,,,Yes,,Kano,,tun01
6b1324cd-f4df-451d-91d6-ed3b62f9fd0f,Deposit_Account,Yes,2024-07-25,,1,1,1,,1,1,1,1,,,Yes,,Kano,,tun01
a984a815-1ac3-4d05-b614-cd736efca291,Deposit_Account,Yes,2024-07-25,,1,1,1,,1,1,1,1,,,Yes,,Kano,,tun01
ac7350cb-c562-4391-ba78-12f658281b3a,Deposit_Account,Yes,2024-07-25,,1,1,1,,1,1,1,1,,,Yes,,Kano,,tun01
e796fc97-7478-4ac7-98e6-3cf88d0d0eda,Deposit_Account,Yes,2024-07-25,,1,1,1,,1,1,1,1,,,Yes,,Kano,,tun01
d7146b7f-c066-4d2b-b788-3d6070ba5e7e,Deposit_Account,Yes,2024-07-25,,1,1,1,,1,1,1,1,,,Yes,,Kano,,tun01
3ea0dc96-6c14-47f3-99e6-aa520ba0f993,Deposit_Account,Yes,2024-07-25,,1,1,1,,1,1,1,1,,,Yes,,Kano,,tun01
26173c49-085a-4545-b330-d56e529a5dd0,Deposit_Account,Yes,2024-07-25,,1,1,1,,1,1,1,1,,,Yes,,Kano,,tun01
845f5328-3b8d-4e47-97db-ca69db64d5b4,Deposit_Account,Yes,2024-07-25,,1,1,1,,1,1,1,1,,,Yes,,Kano,,tun01
a65a270a-0d97-4a14-9a99-b0f1f7a7e543,Deposit_Account,Yes,2024-07-25,,1,1,1,,1,1,1,1,,,Yes,,Kano,,tun01
a108949c-17d4-464f-81a7-193e8d98bfa1,Deposit_Account,Yes,2024-07-25,,1,1,1,,1,1,1,1,,,Yes,,Kano,,tun01
b6f2b5df-5f08-4086-a4af-da6882763ca9,Deposit_Account,Yes,2024-07-25,,1,1,1,,1,1,1,1,,,Yes,,Kano,,tun01
3d6dfd17-2998-4cd7-9a92-70488e23f8be,Deposit_Account,Yes,2024-07-25,,1,1,1,,1,1,1,1,,,Yes,,Kano,,tun01
033c6531-677e-48c5-a63a-ee84d556a402,Deposit_Account,Yes,2024-07-25,,1,1,1,,1,1,1,1,,,Yes,,Kano,,tun01
2704607a-79a8-48ad-b23c-31bbdf0a0db3,Deposit_Account,Yes,2024-07-25,,1,1,1,,1,1,1,1,,,Yes,,Kano,,tun01
ce8e769f-bb82-4437-8825-cf8f94e333ff,Deposit_Account,Yes,2024-07-25,,1,1,1,,1,1,1,1,,,Yes,,Kano,,tun01
888e5ba4-f185-4520-88ac-741d8538ad9c,Deposit_Account,Yes,2024-07-25,,1,1,1,,1,1,1,1,,,Yes,,Kano,,tun01
79977da0-f90a-41e2-91af-9447d3694ad0,Deposit_Account,Yes,2024-07-25,,1,1,1,,1,1,1,1,,,Yes,,Kano,,tun01
45bf880c-cf2a-4821-9983-f38d08776264,Deposit_Account,Yes,2024-07-25,,1,1,1,,1,1,1,1,,,Yes,,Kano,,tun01
013ecf64-b6f1-4d24-80f4-5206d47bf644,Deposit_Account,Yes,2024-07-25,,1,1,1,,1,1,1,1,,,Yes,,Kano,,tun01
a52d78e1-446f-492b-871a-184d6b9062f2,Deposit_Account,Yes,2024-07-25,,1,1,1,,1,1,1,1,,,Yes,,Kano,,tun01
dba7a7ec-2a82-4ac2-a851-de97d1ae0875,Deposit_Account,Yes,2024-07-25,,1,1,1,,1,1,1,1,,,Yes,,Kano,,tun01
7dbda010-3bf0-477c-9a81-1534b3d5b1b0,Deposit_Account,Yes,2024-07-25,,1,1,1,,1,1,1,1,,,Yes,,Kano,,tun01
d9d5c444-792a-4071-98a0-97187e3090c4,Deposit_Account,Yes,2024-07-25,,1,1,1,,1,1,1,1,,,Yes,,Kano,,tun01
ff997786-4804-4021-bcf9-ed94c015490b,Deposit_Account,Yes,2024-07-25,,1,1,1,,1,1,1,1,,,Yes,,Kano,,tun01
fc6f414d-6696-4fab-928a-e2ae82bc317e,Deposit_Account,Yes,2024-07-25,,1,1,1,,,,,,,,Yes,,Kano,,tun01
ddf41a53-2047-4cda-89b5-59f3df2cc0b6,Deposit_Account,Yes,2024-07-25,,1,1,1,,1,1,1,1,,,Yes,,Kano,,tun01
f894dd71-3337-4c15-acdb-f91fb8f4d4e3,Deposit_Account,Yes,2024-07-25,,1,1,1,,1,1,1,1,,,Yes,,Kano,,tun01
30dde6be-d56b-44de-a3ea-f4989059d716,Deposit_Account,Yes,2024-07-25,,1,1,1,,1,1,1,1,,,Yes,,Kano,,tun01
42e3f184-159b-46bd-a468-151d49c2f71d,Deposit_Account,Yes,2024-07-25,,1,1,1,,1,1,1,1,,,Yes,,Kano,,tun01
68270ed6-ed4a-42e0-be2b-a3e22b01acf2,Deposit_Account,Yes,2024-07-26,,1,1,1,,1,1,1,1,,,Yes,,Kano,,bun02
b3745074-6e56-4cbd-9594-2c771c4065b1,Deposit_Account,Yes,2024-07-25,,1,1,1,,1,1,1,1,,,Yes,,Kano,,tun01
17168d75-776b-414e-b5c3-76739955b70e,Deposit_Account,Yes,2024-07-25,,1,1,1,,1,1,1,1,,,Yes,,Kano,,tun01
e4bd41f2-ff26-4226-be1e-c2e562b49c5b,Deposit_Account,Yes,2024-07-25,,1,1,1,,1,1,1,1,,,Yes,,Kano,,tun01
4df30cf0-185b-479b-9559-a420f247778d,Deposit_Account,Yes,2024-07-25,,1,1,1,,1,1,1,1,,,Yes,,Kano,,tun01
b50c395c-7f13-4298-a5eb-16dfdb78ef4c,Deposit_Account,Yes,2024-07-25,,1,1,1,,1,1,1,1,,,Yes,,Kano,,tun01
1e76e3b3-efd4-4af8-bf6b-5e99cea88212,Deposit_Account,Yes,2024-07-25,,1,1,1,,1,1,1,1,,,Yes,,Kano,,tun01
e9496592-9161-4705-9db6-6e3d5e82ba62,Deposit_Account,Yes,2024-07-25,,1,1,1,,1,1,1,1,,,Yes,,Kano,,tun01
708a92b3-ccac-49ac-a21d-114883f97bd1,Deposit_Account,Yes,2024-07-25,,1,1,1,,1,1,1,1,,,Yes,,Kano,,tun01
8c43a5f0-001d-48b7-b738-4a8b4db10262,Deposit_Account,Yes,2024-07-25,,1,1,1,,1,1,1,1,,,Yes,,Kano,,tun01
5f11e1fb-03ed-4888-aa76-aabac43954e6,Deposit_Account,Yes,2024-07-25,,1,1,1,,1,1,1,1,,,Yes,,Kano,,tun01
1793f182-91fa-41da-9e99-ebdda674acbe,Deposit_Account,Yes,2024-07-25,,1,1,1,,1,1,1,1,,,Yes,,Kano,,tun01
fd58bd67-e85e-4e04-a358-c2ddf1192b79,Deposit_Account,Yes,2024-07-25,,1,1,1,,1,1,1,1,,,Yes,,Kano,,tun01
b4791bb7-b6ef-417d-9f85-9ed7c31034b9,Deposit_Account,Yes,2024-07-25,,1,1,1,,1,1,1,1,,,Yes,,Kano,,tun01
90e590ca-6abc-436d-93bf-26b9a1d3bd44,Deposit_Account,Yes,2024-07-25,,1,1,1,,1,1,1,1,,,Yes,,Kano,,tun01
5a7059cc-1d84-44f0-b499-7f40ca7021bc,Deposit_Account,Yes,2024-07-25,,1,1,1,,1,1,1,1,,,Yes,,Kano,,tun01
bf220476-6403-4b84-9116-92e5d9f04b74,Deposit_Account,Yes,2024-07-25,,1,1,1,,1,1,1,1,,,Yes,,Kano,,tun01
0defa08d-e570-4fc7-960d-c97fbbec8d06,Deposit_Account,Yes,2024-07-25,,1,1,1,,1,1,1,1,,,Yes,,Kano,,tun01
f1e047c2-ce49-4d71-8536-c53cf5f4aad3,Deposit_Account,Yes,2024-07-25,,1,1,1,,1,1,1,1,,,Yes,,Kano,,tun01
bbdd93e8-2299-4068-904a-b8eb572b8a4b,Deposit_Account,Yes,2024-07-25,,1,1,1,,1,1,1,1,,,Yes,,Kano,,tun01
962c5532-ed5a-45d9-a8b3-37ff1aad047c,Deposit_Account,Yes,2024-07-25,,1,1,1,,1,1,1,1,,,Yes,,Kano,,tun01
ba2122a3-afdf-4bba-b7f9-713289ffbcf0,Deposit_Account,Yes,2024-07-25,,1,1,1,,1,1,1,1,,,Yes,,Kano,,tun01
7744be41-b811-4aaa-8b9d-a7b1988728df,Deposit_Account,Yes,2024-07-25,,1,1,1,,1,1,1,1,,,Yes,,Kano,,tun01
03e498d9-f77d-40c4-b24a-c44955811626,Deposit_Account,Yes,2024-07-25,,1,1,1,,1,1,1,1,,,Yes,,Kano,,tun01
c566e2f3-2ad0-43cf-9cc8-e533a9b19097,Deposit_Account,Yes,2024-07-25,,1,1,1,,1,1,1,1,,,Yes,,Kano,,tun01
66617313-451c-40af-8727-d197146a9bbd,Deposit_Account,Yes,2024-07-25,,1,1,1,,1,1,1,1,,,Yes,,Kano,,tun01
39600fb2-6fe8-45db-ab9a-3425d5892ae6,Deposit_Account,Yes,2024-07-25,,1,1,1,,1,1,1,1,,,Yes,,Kano,,tun01
5d5481e0-4703-4201-b7f6-d97bcf0b794b,Deposit_Account,Yes,2024-07-25,,1,1,1,,1,1,1,1,,,Yes,,Kano,,tun01
a12af422-745a-40d6-a1c0-6063e91c9766,Deposit_Account,Yes,2024-07-26,,1,1,1,,1,1,1,1,,,Yes,,Kano,,bun02
180b7be0-6ea4-4b67-a81f-a0b0704c9fde,Deposit_Account,Yes,2024-07-26,,1,1,1,,1,1,1,1,,,Yes,,Kano,,bun02
62e2495a-e313-400e-9c8b-5a98c8c194d9,Deposit_Account,Yes,2024-07-26,,1,1,1,,1,1,1,1,,,Yes,,Kano,,bun02
d3c75abe-d90d-464c-82b3-8038ace68369,Deposit_Account,Yes,2024-07-26,,1,1,1,,1,1,1,1,,,Yes,,Kano,,bun02
afb1e6dc-5d24-40f3-a9f1-79f15fd76993,Deposit_Account,Yes,2024-07-26,,1,1,1,,1,1,1,1,,,Yes,,Kano,,bun02
4ed79758-21f8-4edb-9235-263144227d21,Deposit_Account,Yes,2024-07-26,,1,1,1,,1,1,1,1,,,Yes,,Kano,,bun02
37cddc4c-4c31-4d06-a320-91a1566432db,Deposit_Account,Yes,2024-07-26,,1,1,1,,1,1,1,1,,,Yes,,Kano,,bun02
13f2c6d8-5049-4e4a-ace1-6571688ba37a,Deposit_Account,Yes,2024-07-26,,1,1,1,,1,1,1,1,,,Yes,,Kano,,bun02
85198718-b859-4a16-b75c-f15b365d1ad5,Deposit_Account,Yes,2024-07-26,,1,1,1,,1,1,1,1,,,Yes,,Kano,,bun02
f848fa38-534c-4909-8ee0-51854039d9a7,Deposit_Account,Yes,2024-07-26,,1,1,1,,1,1,1,1,,,Yes,,Kano,,bun02
6730cc6d-0f66-4ab8-8eef-4239754964de,Deposit_Account,Yes,2024-07-26,,1,1,1,,1,1,1,1,,,Yes,,Kano,,bun02
b897b695-2254-4e9d-b9ae-ec2e1816a709,Deposit_Account,Yes,2024-07-26,,1,1,1,,1,1,1,1,,,Yes,,Kano,,bun02
3f88d687-1b17-436a-b601-769b843ed680,Deposit_Account,Yes,2024-07-26,,1,1,1,,1,1,1,1,,,Yes,,Kano,,bun02
9b362fd5-73a6-4774-84a2-03ac1384988d,Deposit_Account,Yes,2024-07-26,,1,1,1,,1,1,1,1,,,Yes,,Kano,,bun02
e6cbf3cb-43a5-42f2-bae7-2eff632d88d3,Deposit_Account,Yes,2024-07-26,,1,1,1,,1,1,1,1,,,Yes,,Kano,,bun02
8477a1e7-81d9-463b-9cf3-978351c750c7,Deposit_Account,Yes,2024-07-26,,1,1,1,,1,1,1,1,,,Yes,,Kano,,bun02
2d589abf-5fb2-472b-be3e-80eea41c494f,Deposit_Account,Yes,2024-07-26,,1,1,1,,1,1,1,1,,,Yes,,Kano,,bun02
88f79e47-a2b7-468e-b4cc-f4023379a86c,Deposit_Account,Yes,2024-07-26,,1,1,1,,1,1,1,1,,,Yes,,Kano,,bun02
b1d50a0c-9184-44f2-8bba-0f59d06dc221,Deposit_Account,Yes,2024-07-26,,1,1,1,,1,1,1,1,,,Yes,,Kano,,bun02
52a10af1-4213-426a-86e9-6f2353b0d8ac,Deposit_Account,Yes,2024-07-26,,1,1,1,,1,1,1,1,,,Yes,,Kano,,bun02
71ea4f6f-ba9d-42cc-830f-86f3a98e978d,Deposit_Account,Yes,2024-07-26,,1,1,1,,1,1,1,1,,,Yes,,Kano,,bun02
06579fa6-05cb-4d50-8056-8e89bc175865,Deposit_Account,Yes,2024-07-26,,1,1,1,,1,1,1,1,,,Yes,,Kano,,bun02
e754a08e-8458-4c16-b1b1-4594ec19c60f,Deposit_Account,Yes,2024-07-26,,1,1,1,,1,1,1,1,,,Yes,,Kano,,bun02
0af6bd83-3ef2-4724-89f4-95292bf259ee,Deposit_Account,Yes,2024-07-26,,1,1,1,,1,1,1,1,,,Yes,,Kano,,bun02
cf3f61e1-fd46-4ce5-b1ea-453bc62a9eb9,Deposit_Account,Yes,2024-07-26,,1,1,1,,1,1,1,1,,,Yes,,Kano,,bun02
ea9add66-8b09-4d97-913f-bc6d3266dc4e,Deposit_Account,Yes,2024-07-26,,1,1,1,,1,1,1,1,,,Yes,,Kano,,bun02
991d97cc-5b2b-4852-bca0-89cc946cce11,Deposit_Account,Yes,2024-07-26,,1,1,1,,1,1,1,1,,,Yes,,Bauchi,,war04
58a89f81-739b-49be-8f4c-87fe71bb4e7b,Deposit_Account,Yes,2024-07-26,,1,1,1,,1,1,1,1,,,Yes,,Kano,,bun02
e9fdbd8f-15f0-46b1-8a68-4bc60d9e7238,Deposit_Account,Yes,2024-07-26,,1,1,1,,1,1,1,1,,,Yes,,Bauchi,,war04
95cbb0f6-9be7-4a46-b848-ceb5c43ae9f4,Deposit_Account,Yes,2024-07-26,,1,1,1,,1,1,1,1,,,Yes,,Kano,,bun02
e682309a-f42c-43f0-86e0-494bf0062b53,Deposit_Account,Yes,2024-07-26,,1,1,1,,1,1,1,1,,,Yes,,Bauchi,,war04
a1e5099c-038c-4ed1-b06c-d7dea490f870,Deposit_Account,Yes,2024-07-26,,1,1,1,,1,1,1,1,,,Yes,,Bauchi,,war04
ec289364-b469-4c3f-b2e3-31aefda1de55,Deposit_Account,Yes,2024-07-26,,1,1,1,,1,1,1,1,,,Yes,,Bauchi,,war04
14f641f1-9467-41b5-b8b6-f9b9dad3b409,Deposit_Account,Yes,2024-07-26,,1,1,1,,1,1,1,1,,,Yes,,Bauchi,,war04
8c47d4c9-b80e-4caf-99e7-31d96cc1ef6b,Deposit_Account,Yes,2024-07-26,,1,1,1,,1,1,1,1,,,Yes,,Bauchi,,war04
51cad4ed-eb8c-4176-bede-dc8d2d619fba,Deposit_Account,Yes,2024-07-26,,1,1,1,,1,1,1,1,,,Yes,,Bauchi,,war04
095a5d41-1723-4f84-912c-64ec73c02de2,Deposit_Account,Yes,2024-07-26,,1,1,1,,1,1,1,1,,,Yes,,Bauchi,,war04
105c0053-3221-4f68-9d79-5f8c5712daed,Deposit_Account,Yes,2024-07-26,,1,1,1,,1,1,1,1,,,Yes,,Bauchi,,war04
40cbdc46-c766-4228-831f-fc71de6a32a7,Deposit_Account,Yes,2024-07-26,,1,1,1,,1,1,1,1,,,Yes,,Bauchi,,war04
44f5c70c-f7c5-48fa-ab8e-c108ff5d6730,Deposit_Account,Yes,2024-07-26,,1,1,1,,1,1,1,1,,,Yes,,Kano,,bun03
000bbf1d-9e56-4eeb-98b8-28395758c084,Deposit_Account,Yes,2024-07-26,,1,1,1,,1,1,1,1,,,Yes,,Bauchi,,war04
815ad210-44af-4ade-aa63-2f88939a25ae,Deposit_Account,Yes,2024-07-26,,1,1,1,,1,1,1,1,,,Yes,,Kano,,bun03
07124df3-ad14-41db-a2b7-40b33ecd03e7,Deposit_Account,Yes,2024-07-26,,1,1,1,,1,1,1,1,,,Yes,,Bauchi,,war04
8de51bcb-6ff8-4865-b644-6a261b3ea5cb,Deposit_Account,Yes,2024-07-26,,1,1,1,,1,1,1,1,,,Yes,,Kano,,bun03
a9450a09-2d6d-4311-bd5f-daa7620b7557,Deposit_Account,Yes,2024-07-26,,1,1,1,,1,1,1,1,,,Yes,,Kano,,bun03
7a109b69-7dfe-4381-aee0-264671b4ca22,Deposit_Account,Yes,2024-07-26,,1,1,1,,1,1,1,1,,,Yes,,Bauchi,,war04
1eb08f26-82f9-4cd5-8a4b-049449ef8d87,Deposit_Account,Yes,2024-07-26,,1,1,1,,1,1,1,1,,,Yes,,Bauchi,,war04
5d06ec7a-4e7d-486a-89c6-3db42aaa9341,Deposit_Account,Yes,2024-07-26,,1,1,1,,1,1,1,1,,,Yes,,Bauchi,,war04
f360dc02-87b6-44c9-a1be-a48acdd50d3a,Deposit_Account,Yes,2024-07-26,,1,1,1,,1,1,1,1,,,Yes,,Bauchi,,war04
6f79e99e-dbff-4126-9f52-ed9b64c4356b,Deposit_Account,Yes,2024-07-26,,1,1,1,,1,1,1,1,,,Yes,,Bauchi,,war04
8c9a52d1-b661-44f8-98eb-c2365c0bac99,Deposit_Account,Yes,2024-07-26,,1,1,1,,1,1,1,1,,,Yes,,Bauchi,,war04
cfe9d650-bc3f-4a18-86dc-25c04384e7ac,Deposit_Account,Yes,2024-07-26,,1,1,1,,1,1,1,1,,,Yes,,Bauchi,,war04
7a326716-54ff-46ce-b181-b1a85bc87e6a,Deposit_Account,Yes,2024-07-26,,1,1,1,,1,1,1,1,,,Yes,,Bauchi,,war04
5e0ab1a0-d901-4a87-9450-6410fe5dd9c0,Deposit_Account,Yes,2024-07-26,,1,1,1,,1,1,1,1,,,Yes,,Bauchi,,war04
8d5779a1-15e3-4b80-a4ef-2dcd96c14cdf,Deposit_Account,Yes,2024-07-26,,1,1,1,,1,1,1,1,,,Yes,,Bauchi,,war04
9a5bb6e7-743b-4f74-b8e9-d2c973457962,Deposit_Account,Yes,2024-07-26,,1,1,1,,1,1,1,1,,,Yes,,Bauchi,,war04
1f4784f7-8904-4eae-981f-1ae3b281e591,Deposit_Account,Yes,2024-07-26,,1,1,1,,1,1,1,1,,,Yes,,Bauchi,,war04
96492919-e752-415b-802c-99f02a208b93,Deposit_Account,Yes,2024-07-26,,1,1,1,,1,1,1,1,,,Yes,,Kano,,bun03
4d09ad6b-ca24-4a8f-b63f-6afa99febe5e,Deposit_Account,Yes,2024-07-26,,1,1,1,,1,1,1,1,,,Yes,,Bauchi,,war04
de021d45-113c-4770-8f42-b88474af59de,Deposit_Account,Yes,2024-07-26,,1,1,1,,1,1,1,1,,,Yes,,Kano,,bun03
64600510-fde4-47b1-a533-9f2a983031c9,Deposit_Account,Yes,2024-07-26,,1,1,1,,1,1,1,1,,,Yes,,Kano,,bun03
a1a399b9-2533-43bc-9282-255b5d537085,Deposit_Account,Yes,2024-07-26,,1,1,1,,1,1,1,1,,,Yes,,Kano,,bun03
883c4ecc-2ad0-42a9-9615-976555cc5665,Deposit_Account,Yes,2024-07-26,,1,1,1,,1,1,1,1,,,Yes,,Kano,,bun03
a212a741-5382-4b7e-b9da-7c1d4cbe8b00,Deposit_Account,Yes,2024-07-26,,1,1,1,,1,1,1,1,,,Yes,,Kano,,bun03
5dc3a8ef-13dd-4ece-b81b-afeb416b1c26,Deposit_Account,Yes,2024-07-26,,1,1,1,,1,1,1,1,,,Yes,,Kano,,bun03
2fe08f34-01b5-47cc-b7f0-caf39b74e8c5,Deposit_Account,Yes,2024-07-26,,1,1,1,,1,1,1,1,,,Yes,,Kano,,bun03
035744be-b4cb-414c-bb23-5ba996ed134d,Deposit_Account,Yes,2024-07-26,,1,1,1,,1,1,1,1,,,Yes,,Kano,,bun03
1d554043-a141-441b-9c9d-0a6718628be7,Deposit_Account,Yes,2024-07-26,,1,1,1,,1,1,1,1,,,Yes,,Kano,,bun03
b19b9967-ee39-4615-83fc-7b3c4ce1f77b,Deposit_Account,Yes,2024-07-26,,1,1,1,,1,1,1,1,,,Yes,,Kano,,bun03
cba62ab6-9b30-45b9-a8f0-da277dfd7f6d,Deposit_Account,Yes,2024-07-26,,1,1,1,,1,1,1,1,,,Yes,,Kano,,bun03
bfa1524c-ad09-4922-b182-a00a0ca55004,Deposit_Account,Yes,2024-07-26,,1,1,1,,1,1,1,1,,,Yes,,Kano,,bun03
4340dace-2444-443d-b73b-6f590097fa90,Deposit_Account,Yes,2024-07-26,,1,1,1,,1,1,1,1,,,Yes,,Kano,,bun03
5b405f5a-8a20-4f7e-9be4-4c4d414a7579,Deposit_Account,Yes,2024-07-26,,1,1,1,,1,1,1,1,,,Yes,,Kano,,bun03
c250bf3a-5b1e-4129-8ba4-6436be26676a,Deposit_Account,Yes,2024-07-26,,1,1,1,,1,1,1,1,,,Yes,,Kano,,bun03
2ffc964d-6394-4c5e-86c6-fb6d7006a35c,Deposit_Account,Yes,2024-07-26,,1,1,1,,1,1,1,1,,,Yes,,Kano,,bun03
c28bb8b9-433a-40f2-819a-cb3e69d04caa,Deposit_Account,Yes,2024-07-26,,1,1,1,,1,1,1,1,,,Yes,,Kano,,bun03
bd4c7e51-17db-4dea-a109-da9a47ce43bd,Deposit_Account,Yes,2024-07-26,,1,1,1,,1,1,1,1,,,Yes,,Kano,,bun03
7de7b0f3-aa63-4fe9-8dd4-c30584b533e7,Deposit_Account,Yes,2024-07-26,,1,1,1,,1,1,1,1,,,Yes,,Kano,,bun03
f10c34f5-efbf-4806-ba65-be4840b67b50,Deposit_Account,Yes,2024-07-26,,1,1,1,,1,1,1,1,,,Yes,,Kano,,bun03
28bfeebc-4b32-4cdc-b4db-240016dd2f9c,Deposit_Account,Yes,2024-07-26,,1,1,1,,1,1,1,1,,,Yes,,Kano,,bun03
349a0b05-b234-4972-aa3e-35471d7c6aba,Deposit_Account,Yes,2024-07-26,,1,1,1,,1,1,1,1,,,Yes,,Kano,,bun03
e00130d3-32a5-4b36-8563-3c38228edbf8,Deposit_Account,Yes,2024-07-26,,1,1,1,,1,1,1,1,,,Yes,,Kano,,bun03
d31c38b8-8a05-41dc-a7cf-d51f7afc31e2,Deposit_Account,Yes,2024-07-26,,1,1,1,,1,1,1,1,,,Yes,,Kano,,bun03
5a3a7aa7-a7ad-4a75-b206-7a07309db3d7,Deposit_Account,Yes,2024-07-26,,1,1,1,,1,1,1,1,,,Yes,,Kano,,bun03
d26fa9aa-7c1e-4f2b-b4f5-a293cea943c9,Deposit_Account,Yes,2024-07-26,,1,1,1,,1,1,1,1,,,Yes,,Bauchi,,war04
c1b18663-78dd-483c-be2c-d373022b50d5,Deposit_Account,Yes,2024-07-26,,1,1,1,,1,1,1,1,,,Yes,,Bauchi,,war04
56eaf58e-e0f1-484e-9da6-331b7e3c46fb,Deposit_Account,Yes,2024-07-26,,1,1,1,,1,1,1,1,,,Yes,,Bauchi,,war04
d8134d84-698b-4756-8f7e-8c282748f4ae,Deposit_Account,Yes,2024-07-26,,1,1,1,,1,1,1,1,,,Yes,,Bauchi,,war04
df0534a4-b984-476e-9a3c-ea8534ba5a31,Deposit_Account,Yes,2024-07-26,,1,1,1,,1,1,1,1,,,Yes,,Bauchi,,war04
ea2556cd-073e-49c4-8139-6d567343463a,Deposit_Account,Yes,2024-07-26,,1,1,1,,1,1,1,1,,,Yes,,Bauchi,,war04
878d35a2-431a-4553-94f2-3074a8ac0bab,Deposit_Account,Yes,2024-07-26,,1,1,1,,1,1,1,1,,,Yes,,Bauchi,,war04
b217b1db-077f-43de-8798-9e07814eea12,Deposit_Account,Yes,2024-07-26,,1,1,1,,1,1,1,1,,,Yes,,Bauchi,,war04
0ffde047-4d04-4c89-8874-bdf1bd8e4a9e,Deposit_Account,Yes,2024-07-26,,1,1,1,,1,1,1,1,,,Yes,,Bauchi,,war04
f8e7cf45-cd89-40dd-8b43-c421ba7a6e11,Deposit_Account,Yes,2024-07-26,,1,1,1,,1,1,1,1,,,Yes,,Kano,,bun04
37d41569-806a-46b1-93cb-2f3b1e319f45,Deposit_Account,Yes,2024-07-26,,1,1,1,,1,1,1,1,,,Yes,,Kano,,bun04
03255e50-d973-4fb3-9f47-1630f3f0e7bc,Deposit_Account,Yes,2024-07-26,,1,1,1,,1,1,1,1,,,Yes,,Bauchi,,war04
5e5693b5-765b-44f3-9f6d-700dec7bf9ab,Deposit_Account,Yes,2024-07-26,,1,1,1,,1,1,1,1,,,Yes,,Bauchi,,war04
41c93d9e-76dd-4896-bff9-18668f1a9b03,Deposit_Account,Yes,2024-07-26,,1,1,1,,1,1,1,1,,,Yes,,Bauchi,,war04
607efaef-c9ce-44f2-8287-342fee30d910,Deposit_Account,Yes,2024-07-26,,1,1,1,,1,1,1,1,,,Yes,,Bauchi,,war04
b4c22522-6ab3-4b65-9407-74d107b27ede,Deposit_Account,Yes,2024-07-26,,1,1,1,,1,1,1,1,,,Yes,,Bauchi,,war04
c88c305f-0580-4bdc-80c8-21f3483f6cb6,Deposit_Account,Yes,2024-07-26,,1,1,1,,1,1,1,1,,,Yes,,Bauchi,,war04
9dade7de-f786-4c8d-8393-126fdee67a59,Deposit_Account,Yes,2024-07-26,,1,1,1,,1,1,1,1,,,Yes,,Bauchi,,war04
0d9f2fee-d4fd-41f9-ad20-298a533df844,Deposit_Account,Yes,2024-07-26,,1,1,1,,1,1,1,1,,,Yes,,Kano,,bun04
b956bdaf-3f68-4bdb-b34c-a1eaf6ea43e4,Deposit_Account,Yes,2024-07-26,,1,1,1,,1,1,1,1,,,Yes,,Kano,,bun04
e4932e41-9372-4790-9d65-4efe36f69e36,Deposit_Account,Yes,2024-07-26,,1,1,1,,1,1,1,1,,,Yes,,Kano,,bun04
2823aa24-558e-40a4-81a1-bba814e5aebc,Deposit_Account,Yes,2024-07-26,,1,1,1,,1,1,1,1,,,Yes,,Kano,,bun04
b9da816c-df5b-4cf3-a108-8a3a961bd914,Deposit_Account,Yes,2024-07-26,,1,1,1,,1,1,1,1,,,Yes,,Kano,,bun04
92849cbf-f931-4593-8ecb-de53e3f93cba,Deposit_Account,Yes,2024-07-26,,1,1,1,,1,1,1,1,,,Yes,,Kano,,bun04
b5fddda5-4df8-4fe2-816f-47a941b34f3f,Deposit_Account,Yes,2024-07-26,,1,1,1,,1,1,1,1,,,Yes,,Kano,,bun04
6f31abb6-fbc7-4305-a3d3-76269ac299e5,Deposit_Account,Yes,2024-07-26,,1,1,1,,1,1,1,1,,,Yes,,Kano,,bun04
41535857-b4b6-47df-9000-6f593a0b170c,Deposit_Account,Yes,2024-07-26,,1,1,1,,1,1,1,1,,,Yes,,Kano,,bun04
afc7f695-ce00-48f4-b5d6-f15d277a4f88,Deposit_Account,Yes,2024-07-26,,1,1,1,,1,1,1,1,,,Yes,,Kano,,bun04
d489849a-32da-4c46-946e-34b080f2296b,Deposit_Account,Yes,2024-07-26,,1,1,1,,1,1,1,1,,,Yes,,Kano,,bun04
11259965-0e8a-4083-a469-1c6148b0eb7b,Deposit_Account,Yes,2024-07-26,,1,1,1,,1,1,1,1,,,Yes,,Kano,,bun04
65e92586-7b0f-40e8-8ebc-16e07fa7f8f2,Deposit_Account,Yes,2024-07-26,,1,1,1,,1,1,1,1,,,Yes,,Kano,,bun04
8d9b01d9-3b1d-4d68-9976-399b27ce2181,Deposit_Account,Yes,2024-07-26,,1,1,1,,1,1,1,1,,,Yes,,Kano,,bun04
d3f7d553-7d67-44b5-85a0-0d95b8d5ab4e,Deposit_Account,Yes,2024-07-26,,1,1,1,,1,1,1,1,,,Yes,,Kano,,bun04
cdbff658-fee7-41cc-85fc-7c97f929d776,Deposit_Account,Yes,2024-07-26,,1,1,1,,1,1,1,1,,,Yes,,Kano,,bun04
4ae95630-c2fa-4842-9b08-aa3fe2474508,Deposit_Account,Yes,2024-07-26,,1,1,1,,1,1,1,1,,,Yes,,Kano,,bun04
039d99ec-53dd-4ac4-bf60-0ec18ea730f6,Deposit_Account,Yes,2024-07-26,,1,1,1,,1,1,1,1,,,Yes,,Kano,,bun04
74956703-b843-45db-b7d8-13c92f2ba46e,Deposit_Account,Yes,2024-07-26,,1,1,1,,1,1,1,1,,,Yes,,Kano,,bun04
72c5b66d-71b3-4623-ba87-7730f3d6cbb8,Deposit_Account,Yes,2024-07-26,,1,1,1,,1,1,1,1,,,Yes,,Kano,,bun04
ab27648d-280f-4129-8287-f477abb69930,Deposit_Account,Yes,2024-07-26,,1,1,1,,1,1,1,1,,,Yes,,Kano,,bun04
1816f4b2-5d5f-4c50-be46-2f3c2cd8af4d,Deposit_Account,Yes,2024-07-26,,1,1,1,,1,1,1,1,,,Yes,,Kano,,bun04
09c0b25c-9e33-4fa9-a92e-ba4701aad1ef,Deposit_Account,Yes,2024-07-26,,1,1,1,,1,1,1,1,,,Yes,,Kano,,bun04
1915fa90-9410-4c31-b31f-97903282345d,Deposit_Account,Yes,2024-07-26,,1,1,1,,1,1,1,1,,,Yes,,Kano,,bun04
46febd8a-69b2-46a1-90a7-b1ccd19004b0,Deposit_Account,Yes,2024-07-26,,1,1,1,,1,1,1,1,,,Yes,,Kano,,bun04
39079004-ef56-421c-be35-30630c3e550b,Deposit_Account,Yes,2024-07-26,,1,1,1,,1,1,1,1,,,Yes,,Kano,,bun04
7d8f7c8b-78b5-4736-97d6-b09f55fc4cd9,Deposit_Account,Yes,2024-07-26,,1,1,1,,1,1,1,1,,,Yes,,Kano,,bun04
e9d94161-c730-490f-90d6-1f54514a1df8,Deposit_Account,Yes,2024-07-26,,1,1,1,,1,1,1,1,,,Yes,,Kano,,bun04
23c699c0-0328-4ed8-a932-f5632e483e30,Deposit_Account,Yes,2024-07-26,,1,1,1,,1,1,1,1,,,Yes,,Kano,,bun05
3419b1d4-b693-4c26-8ae7-6d8c4c0eb666,Deposit_Account,Yes,2024-07-26,,1,1,1,,1,1,1,1,,,Yes,,Kano,,bun05
f6f06b06-0317-43a0-ad7a-1ab2a3c6b398,Deposit_Account,Yes,2024-07-26,,1,1,1,,1,1,1,1,,,Yes,,Kano,,bun05
39516e03-2fc5-4f3d-a016-178f0bb87d83,Deposit_Account,Yes,2024-07-26,,1,1,1,,1,1,1,1,,,Yes,,Kano,,bun05
2436c152-95f0-486e-93a3-d6a2e0a7182a,Deposit_Account,Yes,2024-07-26,,1,1,1,,1,1,1,1,,,Yes,,Kano,,bun05
5bf636f0-fff1-4aaa-97b0-260040b1d853,Deposit_Account,Yes,2024-07-26,,1,1,1,,1,1,1,1,,,Yes,,Kano,,bun05
76c51b76-57ff-40fd-b53d-4b07b909c7b0,Deposit_Account,Yes,2024-07-26,,1,1,1,,1,1,1,1,,,Yes,,Kano,,bun05
902618e9-df46-43af-a6da-b4cd41c10004,Deposit_Account,Yes,2024-07-26,,1,1,1,,1,1,1,1,,,Yes,,Kano,,bun05
ba34dc10-7cad-41ac-8a19-932769d5c7c8,Deposit_Account,Yes,2024-07-26,,1,1,1,,1,1,1,1,,,Yes,,Kano,,bun05
475ffcbb-f9a1-4af3-a67f-d098745f3260,Deposit_Account,Yes,2024-07-26,,1,1,1,,1,1,1,1,,,Yes,,Kano,,bun05
94cd5f16-ac00-4fff-8afb-0fe7063c3367,Deposit_Account,Yes,2024-07-26,,1,1,1,,1,1,1,1,,,Yes,,Kano,,bun05
808271e3-eab3-4c79-bc7f-c5291d7449b1,Deposit_Account,Yes,2024-07-26,,1,1,1,,1,1,1,1,,,Yes,,Kano,,bun05
032f4036-93bc-4863-a81e-40f66879ce58,Deposit_Account,Yes,2024-07-26,,1,1,1,,1,1,1,1,,,Yes,,Kano,,bun05
8da147f8-bd7b-4b1d-97e5-d785da8e779b,Deposit_Account,Yes,2024-07-26,,1,1,1,,1,1,1,1,,,Yes,,Kano,,bun05
4bd85a73-c587-4be8-951a-d05add45dc04,Deposit_Account,Yes,2024-07-26,,1,1,1,,1,1,1,1,,,Yes,,Kano,,bun05
9c5d15d0-9d6d-4707-8a29-ff5ca5107e82,Deposit_Account,Yes,2024-07-26,,1,1,1,,1,1,1,1,,,Yes,,Kano,,bun05
8d5a43d8-850b-4c1f-8caa-114b0841630f,Deposit_Account,Yes,2024-07-26,,1,1,1,,1,1,1,1,,,Yes,,Kano,,bun05
33e5f0dd-675c-4fd0-b522-2318bbf819cb,Deposit_Account,Yes,2024-07-26,,1,1,1,,1,1,1,1,,,Yes,,Kano,,bun05
dc1d645e-c87a-4dd8-a1e9-8a27a53f7532,Deposit_Account,Yes,2024-07-26,,1,1,1,,1,1,1,1,,,Yes,,Kano,,bun05
5bb20e26-3ff9-4f5a-ba6a-75b407580491,Deposit_Account,Yes,2024-07-26,,1,1,1,,1,1,1,1,,,Yes,,Kano,,bun05
7e2aa5fe-f0ae-4704-9df7-da49eb54fe14,Deposit_Account,Yes,2024-07-26,,1,1,1,,1,1,1,1,,,Yes,,Kano,,bun05
f75107c3-4860-4260-adae-ad896c04c9bf,Deposit_Account,Yes,2024-07-26,,1,1,1,,1,1,1,1,,,Yes,,Kano,,bun05
104c59ab-37dc-4317-996e-4db2a86ca554,Deposit_Account,Yes,2024-07-26,,1,1,1,,1,1,1,1,,,Yes,,Kano,,bun05
19753154-feac-46f4-8b7d-7c63c768ac01,Deposit_Account,Yes,2024-07-26,,1,1,1,,1,1,1,1,,,Yes,,Kano,,bun05
d5b5f4f1-8acd-4a95-a974-8af8a55b35e3,Deposit_Account,Yes,2024-07-26,,1,1,1,,1,1,1,1,,,Yes,,Kano,,bun05
f0f9ae0f-bb74-4d6b-aabc-5f3e8ed6bfd0,Deposit_Account,Yes,2024-07-26,,1,1,1,,1,1,1,1,,,Yes,,Kano,,bun05
20743ec4-5254-4c80-9768-6176802cd294,Deposit_Account,Yes,2024-07-26,,1,1,1,,1,1,1,1,,,Yes,,Kano,,bun05
be23eec0-c711-4ff6-a569-cfee20979287,Deposit_Account,Yes,2024-07-26,,1,1,1,,1,1,1,1,,,Yes,,Kano,,bun05
95e0cc86-dddd-4af8-9dca-5d2ad0c037c7,Deposit_Account,Yes,2024-07-26,,1,1,1,,1,1,1,1,,,Yes,,Kano,,bun05
edfb1205-a9ab-49df-ab37-a0f2a7e6a119,Deposit_Account,Yes,2024-07-26,,1,1,1,,1,1,1,1,,,Yes,,Kano,,bun06
1b8d7d73-619a-46aa-aa09-e9401446a308,Deposit_Account,Yes,2024-07-26,,1,1,1,,1,1,1,1,,,Yes,,Kano,,bun06
661e480e-7f71-40a3-813b-fbaf42e5834a,Deposit_Account,Yes,2024-07-26,,1,1,1,,1,1,1,1,,,Yes,,Kano,,bun06
4ee833c6-3eeb-4ade-b556-fee68009bd3a,Deposit_Account,Yes,2024-07-26,,1,1,1,,1,1,1,1,,,Yes,,Kano,,bun06
5d5ed300-bb7e-4526-86ef-94fddc1007a8,Deposit_Account,Yes,2024-07-26,,1,1,1,,1,1,1,1,,,Yes,,Kano,,bun06
34140050-7e2d-4165-aafb-1c637be58d8b,Deposit_Account,Yes,2024-07-26,,1,1,1,,1,1,1,1,,,Yes,,Kano,,bun06
049831ca-faff-4a56-91cf-b2b781996754,Deposit_Account,Yes,2024-07-26,,1,1,1,,1,1,1,1,,,Yes,,Kano,,bun06
6a11a5a9-93eb-4fe7-9d06-65c9f5111b67,Deposit_Account,Yes,2024-07-26,,1,1,1,,1,1,1,1,,,Yes,,Kano,,bun06
2d82e6ac-3782-4517-852b-f5a8563feef4,Deposit_Account,Yes,2024-07-26,,1,1,1,,1,1,1,1,,,Yes,,Kano,,bun06
4bb05ae4-0ccb-479d-94b9-62895568d9a0,Deposit_Account,Yes,2024-07-26,,1,1,1,,1,1,1,1,,,Yes,,Kano,,bun06
df4f9876-1cf6-42db-b8be-bd01270f218a,Deposit_Account,Yes,2024-07-26,,1,1,1,,1,1,1,1,,,Yes,,Kano,,bun06
c6d0543a-dbda-456e-b1bb-bd4d24a154c6,Deposit_Account,Yes,2024-07-26,,1,1,1,,1,1,1,1,,,Yes,,Kano,,bun06
cb1e9c50-5d2c-40bc-a367-2d1c02b6ee0b,Deposit_Account,Yes,2024-07-26,,1,1,1,,1,1,1,1,,,Yes,,Kano,,bun06
df448146-9075-4a13-bb72-c7a0f3e450b0,Deposit_Account,Yes,2024-07-26,,1,1,1,,1,1,1,1,,,Yes,,Kano,,bun06
52cc2fb2-94d0-4d54-9c17-2a1aefac7502,Deposit_Account,Yes,2024-07-26,,1,1,1,,1,1,1,1,,,Yes,,Kano,,bun06
a9bae8f1-daac-453e-9a03-b594a0f6c198,Deposit_Account,Yes,2024-07-26,,1,1,1,,1,1,1,1,,,Yes,,Kano,,bun06
bb8166fb-72fc-4dc5-8dc6-2c13049418c2,Deposit_Account,Yes,2024-07-26,,1,1,1,,1,1,1,1,,,Yes,,Kano,,bun06
3eeac215-d788-46c1-84bc-16fa9ad38e49,Deposit_Account,Yes,2024-07-26,,1,1,1,,1,1,1,1,,,Yes,,Kano,,bun06
1206335e-2ff8-4cfc-981e-ea288ab2a346,Deposit_Account,Yes,2024-07-26,,1,1,1,,1,1,1,1,,,Yes,,Kano,,bun06
949ace9c-d9ff-4f67-86dd-48d031e7cf00,Deposit_Account,Yes,2024-07-26,,1,1,1,,1,1,1,1,,,Yes,,Kano,,bun06
0a8c4060-6f44-4aae-a46e-aad1fbeef4b5,Deposit_Account,Yes,2024-07-26,,1,1,1,,1,1,1,1,,,Yes,,Kano,,bun06
3a93969f-797a-45e7-af6c-8ffa8ac52dbc,Deposit_Account,Yes,2024-07-26,,1,1,1,,1,1,1,1,,,Yes,,Kano,,bun06
0015ea25-6c34-4788-afb9-8e7e66271583,Deposit_Account,Yes,2024-07-26,,1,1,1,,1,1,1,1,,,Yes,,Kano,,bun06
4bd12d5f-377d-4650-b8f7-2bf999ebee52,Deposit_Account,Yes,2024-07-26,,1,1,1,,1,1,1,1,,,Yes,,Kano,,bun06
0a915dad-7602-4540-aaf9-453fbcdbcd93,Deposit_Account,Yes,2024-07-26,,1,1,1,,1,1,1,1,,,Yes,,Kano,,bun06
9c5283f3-3909-4978-849a-7cd26c4a897e,Deposit_Account,Yes,2024-07-26,,1,1,1,,1,1,1,1,,,Yes,,Kano,,bun06
67cc4d83-3f14-48b9-ac12-2aaf1b77d3cc,Deposit_Account,Yes,2024-07-26,,1,1,1,,1,1,1,1,,,Yes,,Kano,,bun06
ae1ac313-9fcc-46eb-88ac-af2aebffae11,Deposit_Account,Yes,2024-07-26,,1,1,1,,1,1,1,1,,,Yes,,Kano,,bun06
1fa01e70-8802-46b9-934d-a6c78328e9c9,Deposit_Account,Yes,2024-07-26,,1,1,1,,1,1,1,1,,,Yes,,Kano,,bun06
2f9946c2-dc66-4e94-b7f1-6912ec7fe460,Deposit_Account,Yes,2024-07-26,,1,1,1,,1,1,1,1,,,Yes,,Kano,,bun06
bfb85276-890d-4299-b8a6-6adf63f406e4,Deposit_Account,Yes,2024-07-26,,1,1,1,,1,1,1,1,,,Yes,,Kano,,bun07
31d919ba-8703-4576-9b93-da79fba98ecb,Deposit_Account,Yes,2024-07-26,,1,1,1,,1,1,1,1,,,Yes,,Kano,,bun07
5abe3970-0fe5-4cc1-ba4e-ffaf6c1d05db,Deposit_Account,Yes,2024-08-26,,1,1,1,,1,1,1,1,,,Yes,,Kaduna,,ika19
c729a059-537c-47b8-b26e-da651739d5e7,Deposit_Account,Yes,2024-08-26,,1,1,1,,1,1,1,1,,,Yes,,Kaduna,,ika19
312004d6-0b01-41cf-ab30-88f4e9b1e740,Deposit_Account,Yes,2024-08-26,,1,1,1,,1,1,1,1,,,Yes,,Kaduna,,ika19
b7171bbc-c21c-4ea2-aaf9-b4f58c214d13,Deposit_Account,Yes,2024-08-26,,1,1,1,,1,1,1,1,,,Yes,,Kaduna,,ika19
740d3fa5-70da-47f8-8478-d2615156eb9b,Deposit_Account,Yes,2024-08-26,,1,1,1,,1,1,1,1,,,Yes,,Kaduna,,ika19
0549e673-7bc4-45e6-98d7-51a64c0a533e,Deposit_Account,Yes,2024-08-26,,1,1,1,,1,1,1,1,,,Yes,,Kaduna,,ika19
24ede206-0d48-4c97-8bd9-3a1827ab2ded,Deposit_Account,Yes,2024-08-26,,1,1,1,,1,1,1,1,,,Yes,,Kaduna,,ika19
2b47189e-8f3e-4ecf-8b3f-9fc64606312c,Deposit_Account,Yes,2024-08-26,,1,1,1,,1,1,1,1,,,Yes,,Kaduna,,ika19
b30ec27b-1718-4835-b2bc-2279181ed601,Deposit_Account,Yes,2024-08-26,,1,1,1,,1,1,1,1,,,Yes,,Kaduna,,ika19
40ae74d3-5c6f-4bb5-92ba-adbd16d4b492,Deposit_Account,Yes,2024-08-26,,1,1,1,,1,1,1,1,,,Yes,,Kaduna,,ika19
0753a6e2-5bd0-44f5-9396-e5fb715581f6,Deposit_Account,Yes,2024-08-26,,1,1,1,,1,1,1,1,,,Yes,,Kaduna,,ika19
61b6c26a-8c48-4b8c-98bd-52fc947b2d11,Deposit_Account,Yes,2024-08-26,,1,1,1,,1,1,1,1,,,Yes,,Kaduna,,ika19
e1f07f91-b636-49f3-8bb0-bac6978cb89e,Deposit_Account,Yes,2024-08-26,,1,1,1,,1,1,1,1,,,Yes,,Kaduna,,ika19
68de2dc7-47c1-4625-bfbc-b74db7b3a7ad,Deposit_Account,Yes,2024-08-26,,1,1,1,,1,1,1,1,,,Yes,,Kaduna,,ika19
6f57aac7-0643-47ce-8e02-186625a3c666,Deposit_Account,Yes,2024-08-26,,1,1,1,,1,1,1,1,,,Yes,,Kaduna,,ika19
18016d88-9ae1-4ed4-a941-a0406760bd70,Deposit_Account,Yes,2024-08-26,,1,1,1,,1,1,1,1,,,Yes,,Kaduna,,ika19
fc43dd9a-a58a-4f89-bc10-50a9ca323ff9,Deposit_Account,Yes,2024-08-26,,1,1,1,,1,1,1,1,,,Yes,,Kaduna,,ika19
9517b74c-0ed1-4d3b-9c71-842aed4fa282,Deposit_Account,Yes,2024-08-26,,1,1,1,,1,1,1,1,,,Yes,,Kaduna,,ika19
6f862799-ff95-423f-8360-dcfe8fe501d8,Deposit_Account,Yes,2024-08-26,,1,1,1,,1,1,1,1,,,Yes,,Kaduna,,ika19
89c8d7a5-24df-4fc0-a845-b517be7c404b,Deposit_Account,Yes,2024-08-26,,1,1,1,,1,1,1,1,,,Yes,,Kaduna,,ika19
5e2e8ff5-a412-4a81-8ffd-e9838d422e91,Deposit_Account,Yes,2024-08-26,,1,1,1,,1,1,1,1,,,Yes,,Kaduna,,ika19
bb8a2d53-d01f-425e-8b53-86fb340bc57c,Deposit_Account,Yes,2024-08-26,,1,1,1,,1,1,1,1,,,Yes,,Kaduna,,ika19
79c04104-0dfe-4f5e-b72e-53467a6fc6d9,Deposit_Account,Yes,2024-08-26,,1,1,1,,1,1,1,1,,,Yes,,Kaduna,,ika19
5f780138-e14d-4743-88b3-35e68f471034,Deposit_Account,Yes,2024-08-26,,1,1,1,,1,1,1,1,,,Yes,,Kaduna,,ika19
13d896ce-c7b8-42f4-9e71-deec43440c31,Deposit_Account,Yes,2024-08-26,,1,1,1,,1,1,1,1,,,Yes,,Kaduna,,ika19
011d0908-22f4-4364-9359-e232f1119f88,Deposit_Account,Yes,2024-08-26,,1,1,1,,1,1,1,1,,,Yes,,Kaduna,,ika19
98cbd14c-2a34-43be-81ea-4a2ca0618fee,Deposit_Account,Yes,2024-08-26,,1,1,1,,1,1,1,1,,,Yes,,Kaduna,,ika19
e0ad3b0b-4e66-4807-90c3-4a809a77dafc,Deposit_Account,Yes,2024-08-26,,1,1,1,,1,1,1,1,,,Yes,,Kaduna,,ika19
a98dbb6d-9294-4c7f-b6c8-8ee728243014,Deposit_Account,Yes,2024-08-26,,1,1,1,,1,1,1,1,,,Yes,,Kaduna,,ika19
b9d05917-ad30-433f-a99e-e7a3c9557280,Deposit_Account,Yes,2024-08-24,,1,1,1,,1,1,1,1,,,Yes,,Kano,,gmm53
12d17859-f58f-443f-b1c1-7a499f47c087,Deposit_Account,Yes,2024-08-24,,1,1,1,,1,1,1,1,,,Yes,,Kano,,gmm53
3ead6ba4-54fd-4458-8d7f-ec2df85c72a6,Deposit_Account,Yes,2024-08-24,,1,1,1,,1,1,1,1,,,Yes,,Kano,,gmm53
2cfba463-1e16-4b8e-a11b-42f983b7d8aa,Deposit_Account,Yes,2024-08-24,,1,1,1,,1,1,1,1,,,Yes,,Kano,,gmm53
b8a528fd-030f-405c-b51f-39cd1de88930,Deposit_Account,Yes,2024-08-24,,1,1,1,,1,1,1,1,,,Yes,,Kano,,gmm53
66194f4d-ab6b-4d31-9ab1-19d06d8576db,Deposit_Account,Yes,2024-08-24,,1,1,1,,1,1,1,1,,,Yes,,Kano,,gmm53
6b1b819d-a407-4ab1-b459-5a8186f2cece,Deposit_Account,Yes,2024-08-24,,1,1,1,,1,1,1,1,,,Yes,,Kano,,gmm53
491c343e-a529-434c-a146-68797eb9032c,Deposit_Account,Yes,2024-08-24,,1,1,1,,1,1,1,1,,,Yes,,Kano,,gmm53
00ab28c8-5bb3-47e1-bde3-8cdd8b4d47eb,Deposit_Account,Yes,2024-08-24,,1,1,1,,1,1,1,1,,,Yes,,Kano,,gmm53
028670c3-546a-4144-a747-7159b30a9eb4,Deposit_Account,Yes,2024-08-24,,1,1,1,,1,1,1,1,,,Yes,,Kano,,gmm53
b792bb5d-7120-429a-869c-893647b1583c,Deposit_Account,Yes,2024-08-24,,1,1,1,,1,1,1,1,,,Yes,,Kano,,gmm53
edce5905-f8be-4241-8fd1-c6dc6fca4394,Deposit_Account,Yes,2024-08-24,,1,1,1,,1,1,1,1,,,Yes,,Kano,,gmm53
1b8b5f0a-e0ec-4b4c-81d2-07b24a928e45,Deposit_Account,Yes,2024-08-24,,1,1,1,,1,1,1,1,,,Yes,,Kano,,gmm53
e4e5a647-0695-457b-bccf-77d4d8b165c6,Deposit_Account,Yes,2024-08-24,,1,1,1,,1,1,1,1,,,Yes,,Kano,,gmm53
18bb47d6-9745-487f-a383-9db239e878ee,Deposit_Account,Yes,2024-08-24,,1,1,1,,1,1,1,1,,,Yes,,Kano,,gmm53
607cfb3a-22ea-480b-ad75-332284928fa4,Deposit_Account,Yes,2024-08-24,,1,1,1,,1,1,1,1,,,Yes,,Kano,,gmm53
37fa2d52-2795-4fb8-abc7-dbaaa0fe1804,Deposit_Account,Yes,2024-08-24,,1,1,1,,1,1,1,1,,,Yes,,Kano,,gmm53
b0f009b4-19fa-4339-b0b3-45419803b257,Deposit_Account,Yes,2024-08-24,,1,1,1,,1,1,1,1,,,Yes,,Kano,,gmm53
396f61fa-aa99-4752-8d2e-2c0252b5cef0,Deposit_Account,Yes,2024-08-24,,1,1,1,,1,1,1,1,,,Yes,,Kano,,gmm53
0a694a90-7c3a-415e-9172-f2e37d2c8d3b,Deposit_Account,Yes,2024-08-24,,1,1,1,,1,1,1,1,,,Yes,,Kano,,gmm53
e4580ece-725d-467b-930b-700d3e0fc1d7,Deposit_Account,Yes,2024-08-24,,1,1,1,,1,1,1,1,,,Yes,,Kano,,gmm53
f62a966a-f2e3-47b9-8caa-87c71b8f9ad9,Deposit_Account,Yes,2024-08-24,,1,1,1,,1,1,1,1,,,Yes,,Kano,,gmm53
e8222f97-d6db-4bd9-8998-1a3fde1533d3,Deposit_Account,Yes,2024-08-24,,1,1,1,,1,1,1,1,,,Yes,,Kano,,gmm53
2c3fc9c0-8e3b-4203-9199-2c858197e1fa,Deposit_Account,Yes,2024-08-24,,1,1,1,,1,1,1,1,,,Yes,,Kano,,gmm53
d8f1b089-ce61-4719-9d2f-f646c3c8b747,Deposit_Account,Yes,2024-08-24,,1,1,1,,1,1,1,1,,,Yes,,Kano,,gmm53
d6843cd3-94ad-42fc-b564-aa35eed04638,Deposit_Account,Yes,2024-08-26,,1,1,1,,1,1,1,1,,,Yes,,Kaduna,,ika21
d05f9233-b31c-4a59-8b66-7e6178d64991,Deposit_Account,Yes,2024-08-26,,1,1,1,,1,1,1,1,,,Yes,,Kaduna,,ika21
5770f48a-fde0-456f-8368-4793b8595442,Deposit_Account,Yes,2024-08-26,,1,1,1,,1,1,1,1,,,Yes,,Kaduna,,ika21
64e41ff5-11b3-4b69-ad53-66542861b0c0,Deposit_Account,Yes,2024-08-26,,1,1,1,,1,1,1,1,,,Yes,,Kaduna,,ika21
6ba403d8-726b-4566-9a88-ff1d8ac5ab92,Deposit_Account,Yes,2024-08-26,,1,1,1,,1,1,1,1,,,Yes,,Kaduna,,ika21
13bed1c9-d039-4d79-b6bd-4109fb84f3a7,Deposit_Account,Yes,2024-08-26,,1,1,1,,1,1,1,1,,,Yes,,Kaduna,,ika21
495479d4-da77-47d1-905f-7d0bc4843d78,Deposit_Account,Yes,2024-08-26,,1,1,1,,1,1,1,1,,,Yes,,Kaduna,,ika21
7d5c8d6c-1bb3-4f50-a497-e2a3f51f244d,Deposit_Account,Yes,2024-08-26,,1,1,1,,1,1,1,1,,,Yes,,Kaduna,,ika21
276733ed-bd83-414b-8ef1-fc1b9ad5f03b,Deposit_Account,Yes,2024-08-26,,1,1,1,,1,1,1,1,,,Yes,,Kaduna,,ika21
6cfe89a7-1013-4475-becf-cd0b7e6a8ea8,Deposit_Account,Yes,2024-08-26,,1,1,1,,1,1,1,1,,,Yes,,Kaduna,,ika21
e66f8c99-8502-449c-8b98-6dd38e8281bf,Deposit_Account,Yes,2024-08-26,,1,1,1,,1,1,1,1,,,Yes,,Kaduna,,ika21
d01c1586-9def-4839-87c8-a4fae23248f8,Deposit_Account,Yes,2024-08-26,,1,1,1,,1,1,1,1,,,Yes,,Kaduna,,ika21
97b9a2b9-a90c-4e5b-9130-114146ecf493,Deposit_Account,Yes,2024-08-26,,1,1,1,,1,1,1,1,,,Yes,,Kaduna,,ika21
245d826a-9a82-4eb2-a8a7-b3589dbb343d,Deposit_Account,Yes,2024-08-26,,1,1,1,,1,1,1,1,,,Yes,,Kaduna,,ika21
7f657961-b636-4bef-b2c6-c98202109e4f,Deposit_Account,Yes,2024-08-26,,1,1,1,,1,1,1,1,,,Yes,,Kaduna,,ika21
bba94210-1deb-45b6-8548-1a7288e8fee5,Deposit_Account,Yes,2024-08-26,,1,1,1,,1,1,1,1,,,Yes,,Kaduna,,ika21
d32aedce-c60f-427b-8c1c-81c9bb1829f7,Deposit_Account,Yes,2024-08-26,,1,1,1,,1,1,1,1,,,Yes,,Kaduna,,ika21
8573b981-054e-4de6-ae19-d91fca3f7e4f,Deposit_Account,Yes,2024-08-26,,1,1,1,,1,1,1,1,,,Yes,,Kaduna,,ika21
58c8ba8a-be65-4732-8162-050f03734934,Deposit_Account,Yes,2024-08-26,,1,1,1,,1,1,1,1,,,Yes,,Kaduna,,ika21
fda3bed8-27e1-4515-9e6d-883a78a9a01a,Deposit_Account,Yes,2024-08-26,,1,1,,,1,1,1,1,,,Yes,,Kaduna,,ika21
2562d578-5cbc-4c40-b7e9-6ad56bf30bae,Deposit_Account,Yes,2024-08-26,,1,1,1,,1,1,1,1,,,Yes,,Kaduna,,ika21
59f2ce6e-e2e5-4029-9762-68844161071f,Deposit_Account,Yes,2024-08-26,,1,1,1,,1,1,1,1,,,Yes,,Kaduna,,ika21
02410e35-38e2-40a0-8a36-43aa966490c2,Deposit_Account,Yes,2024-08-26,,1,1,1,,1,1,1,1,,,Yes,,Kaduna,,ika21
e18fd182-df94-454b-91a6-64a15550708d,Deposit_Account,Yes,2024-08-26,,1,1,1,,1,1,1,1,,,Yes,,Kaduna,,ika21
0eb51a2c-38e7-4999-8c19-050ac3c2ea28,Deposit_Account,Yes,2024-08-26,,1,1,1,,1,1,1,1,,,Yes,,Kaduna,,ika21
9c6a4f42-903d-42d8-9bd7-436665f907ca,Deposit_Account,Yes,2024-08-26,,1,1,1,,1,1,1,1,,,Yes,,Kaduna,,ika21
e504843c-a97a-4b28-940a-23229b2af996,Deposit_Account,Yes,2024-08-26,,1,1,1,,1,1,1,1,,,Yes,,Kaduna,,ika21
44a12157-d688-4049-a1a6-11ec02522f89,Deposit_Account,Yes,2024-08-26,,1,1,1,,1,1,1,1,,,Yes,,Kaduna,,ika21
94bd126f-65c4-4459-9ec1-1c4d0a7e43a8,Deposit_Account,Yes,2024-08-26,,1,1,1,,1,1,1,1,,,Yes,,Kaduna,,ika21
37f105c7-6c3d-4be5-89f6-3e9d1ac3fd4a,Deposit_Account,Yes,2024-08-26,,1,1,1,,1,1,1,1,,,Yes,,Kaduna,,ika21
6bec3cdc-6eac-4a4b-9fc6-23f21c7db539,Deposit_Account,Yes,2024-08-24,,1,1,1,,1,1,1,1,,,Yes,,FCT,,gwa18
9328582b-cfe5-49ae-8a33-4449d41ffd0a,Deposit_Account,Yes,2024-08-24,,1,1,1,,1,1,1,1,,,Yes,,Kano,,gmm53
2b05954f-1f6b-4db4-b54f-ec8256b473f4,Deposit_Account,Yes,2024-08-24,,1,1,1,,1,1,1,1,,,Yes,,Kano,,gmm53
7cad6ca1-f431-482b-a42c-873cc9489d6d,Deposit_Account,Yes,2024-08-24,,1,1,1,,1,1,1,1,,,Yes,,Kano,,gmm53
3788c4b9-25e3-4d1b-b07f-8e201f7db92f,Deposit_Account,Yes,2024-08-24,,1,1,1,,1,1,1,1,,,Yes,,Kano,,gmm53
67d25d82-9e0f-4f9e-bb33-73e81a8d8d0c,Deposit_Account,Yes,2024-08-24,,1,1,1,,1,1,1,1,,,Yes,,Kano,,gmm53
22c75b2b-0417-43da-97b4-802eff957b2d,Deposit_Account,Yes,2024-08-24,,1,1,1,,1,1,1,1,,,Yes,,Kano,,gmm53
e69e9ee0-9994-4f24-aa2e-fc5ad880f716,Deposit_Account,Yes,2024-08-24,,1,1,1,,1,1,1,1,,,Yes,,Kano,,gmm53
eac8384c-cd7a-455d-83e5-69a0fac5e5fd,Deposit_Account,Yes,2024-08-24,,1,1,1,,1,1,1,1,,,Yes,,Kano,,gmm53
86244cc2-b628-475f-96a3-3dbf7706e447,Deposit_Account,Yes,2024-08-24,,1,1,1,,1,1,1,1,,,Yes,,Kano,,gmm53
9fb1171d-5b34-4e21-8c02-63e2612a2bdd,Deposit_Account,Yes,2024-08-24,,1,1,1,,1,1,1,1,,,Yes,,Kano,,gmm53
a85021dd-58a8-442e-8851-71a47feff2db,Deposit_Account,Yes,2024-08-24,,1,1,1,,1,1,1,1,,,Yes,,Kano,,gmm53
3ffd2dae-2b32-4802-9579-6539ecca42f9,Deposit_Account,Yes,2024-08-24,,1,1,1,,1,1,1,1,,,Yes,,Kano,,gmm53
e07b374d-8029-4c56-9dc4-b427a329b6ba,Deposit_Account,Yes,2024-08-24,,1,1,1,,1,1,1,1,,,Yes,,Kano,,gmm53
418985bf-3f20-46de-85dd-8d4f2c87e984,Deposit_Account,Yes,2024-08-24,,1,1,1,,1,1,1,1,,,Yes,,Kano,,gmm53
580884bd-c55b-4576-b2a4-9cf9706644dc,Deposit_Account,Yes,2024-08-24,,1,1,1,,1,1,1,1,,,Yes,,Kano,,gmm53
3965c7d7-2b6e-4412-bf73-574d0996d471,Deposit_Account,Yes,2024-08-24,,1,1,1,,1,1,1,1,,,Yes,,Kano,,gmm53
5f4844d9-95af-42b4-974c-e9b2077416d9,Deposit_Account,Yes,2024-08-24,,1,1,1,,1,1,1,1,,,Yes,,Kano,,gmm53
5fc60fc7-cfe0-4fb9-9966-c27b21230455,Deposit_Account,Yes,2024-08-24,,1,1,1,,1,1,1,1,,,Yes,,Kano,,gmm53
a040d136-5d79-44d0-85c4-cda88d3b2620,Deposit_Account,Yes,2024-08-24,,1,1,1,,1,1,1,1,,,Yes,,Kano,,gmm53
895e3837-16ea-4106-b738-12826de761b8,Deposit_Account,Yes,2024-08-24,,1,1,1,,1,1,1,1,,,Yes,,Kano,,gmm53
548da62c-d71e-45c8-9fe8-2c575a85059c,Deposit_Account,Yes,2024-08-24,,1,1,1,,1,1,1,1,,,Yes,,Kano,,gmm53
0b875593-4331-4b89-915e-4916d1a63dae,Deposit_Account,Yes,2024-08-24,,1,1,1,,1,1,1,1,,,Yes,,Kano,,gmm53
090bb22f-b27a-4709-a9cc-d52385539ad9,Deposit_Account,Yes,2024-08-24,,1,1,1,,1,1,1,1,,,Yes,,Kano,,gmm53
9a3a355b-0369-460f-b85a-bcec2a6a8f4b,Deposit_Account,Yes,2024-08-26,,1,1,1,,1,1,1,1,,,Yes,,Kaduna,,ika22
d28cc2db-cb99-4b96-ac34-b130df5e5196,Deposit_Account,Yes,2024-08-26,,1,1,1,,1,1,1,1,,,Yes,,Kaduna,,ika22
ce699f85-518e-42eb-9180-4a0c1e32b053,Deposit_Account,Yes,2024-08-26,,1,1,1,,1,1,1,1,,,Yes,,Kaduna,,ika22
88fe8f08-fb2b-4afa-8178-b7337bba9224,Deposit_Account,Yes,2024-08-26,,1,1,1,,1,1,1,1,,,Yes,,Kaduna,,ika22
b5b92587-ec3f-4346-a786-c2895fbf19e3,Deposit_Account,Yes,2024-08-26,,1,1,1,,1,1,1,1,,,Yes,,Kaduna,,ika22
86aab32a-c53b-4b3c-8697-8ce3add6fd2b,Deposit_Account,Yes,2024-08-26,,1,1,1,,1,1,1,1,,,Yes,,Kaduna,,ika22
71d909d4-1030-4ca5-9304-c9aa0ba5273e,Deposit_Account,Yes,2024-08-26,,1,1,1,,1,1,1,1,,,Yes,,Kaduna,,ika22
76d2fde1-9ceb-42e8-991a-f9980eb0786f,Deposit_Account,Yes,2024-08-26,,1,1,1,,1,1,1,1,,,Yes,,Kaduna,,ika22
58709c1b-18f4-4d0a-b924-07e83c1ee66f,Deposit_Account,Yes,2024-08-26,,1,1,1,,,1,1,1,,,Yes,,Kaduna,,ika22
0c8b1573-771e-4637-8c99-6268934ca9a2,Deposit_Account,Yes,2024-08-26,,1,1,1,,1,1,1,1,,,Yes,,Kaduna,,ika22
6337288a-43d5-4b13-a227-00b4426ac02d,Deposit_Account,Yes,2024-08-26,,1,1,1,,1,1,1,1,,,Yes,,Kaduna,,ika22
3b624918-61a8-4235-a870-bece1b22a912,Deposit_Account,Yes,2024-08-26,,1,1,1,,1,1,1,1,,,Yes,,Kaduna,,ika22
fef2b492-cfd3-4a88-9e74-206e689a5027,Deposit_Account,Yes,2024-08-26,,1,1,1,,1,1,1,1,,,Yes,,Kaduna,,ika22
399fa090-a474-4542-89a8-56da979353fb,Deposit_Account,Yes,2024-08-26,,1,1,1,,1,1,1,1,,,Yes,,Kaduna,,ika22
7b70e3a1-d8d3-4ec3-b142-139715a32cd4,Deposit_Account,Yes,2024-08-26,,1,1,1,,1,1,1,1,,,Yes,,Kaduna,,ika22
f71c4864-c585-4575-80f3-d45a159b2d48,Deposit_Account,Yes,2024-08-26,,1,1,1,,1,1,1,1,,,Yes,,Kaduna,,ika22
dc018d87-9ede-40ba-a198-891df4d22818,Deposit_Account,Yes,2024-08-26,,1,1,1,,1,1,1,1,,,Yes,,Kaduna,,ika22
9a9bad1f-21de-42c3-8f88-e0683dc209e0,Deposit_Account,Yes,2024-08-26,,1,1,1,1,1,1,1,1,,,Yes,,Kaduna,,ika22
25658162-fded-4ba0-beb9-25ffbbc3476d,Deposit_Account,Yes,2024-08-26,,1,1,1,,1,1,1,1,,,Yes,,Kaduna,,ika22
38809815-9a45-442d-90b6-2dcb284faa77,Deposit_Account,Yes,2024-08-26,,1,1,1,,1,1,1,1,,,Yes,,Kaduna,,ika22
0136f252-7808-415b-98f9-56b557dbbedb,Deposit_Account,Yes,2024-08-26,,1,1,1,,1,1,1,1,,,Yes,,Kaduna,,ika22
56853c2f-16a0-49fe-94d2-e667fc2f6ab0,Deposit_Account,Yes,2024-08-26,,1,1,1,,1,1,1,1,,,Yes,,Kaduna,,ika22
0c43a3a2-4f54-4fed-8a1e-19b7e6caf24e,Deposit_Account,Yes,2024-08-26,,1,1,1,,1,1,1,1,,,Yes,,Kaduna,,ika22
839b0eec-a1a0-485f-948b-6cd43cd82d55,Deposit_Account,Yes,2024-08-26,,1,1,1,,1,1,1,1,,,Yes,,Kaduna,,ika22
31ade4ee-96c1-4860-b5a4-d8df3714380c,Deposit_Account,Yes,2024-08-26,,1,1,1,,1,1,1,1,,,Yes,,Kaduna,,ika22
cb3343df-9c21-43c4-bd19-42dd39eb4c1e,Deposit_Account,Yes,2024-08-26,,1,1,1,,1,1,1,1,,,Yes,,Kaduna,,ika22
a858bc8f-5c40-4d91-832c-4199199d29d4,Deposit_Account,Yes,2024-08-26,,1,1,1,,1,1,1,1,,,Yes,,Kaduna,,ika22
1faff905-4c4f-4417-8bd4-9a25400a0955,Deposit_Account,Yes,2024-08-26,,1,1,1,,1,1,1,1,,,Yes,,Kaduna,,ika22
383e0abc-15e9-456a-9453-40205a95deca,Deposit_Account,Yes,2024-08-26,,1,1,1,,1,1,1,1,,,Yes,,Kaduna,,ika22
0858acf9-2ff1-4379-920a-193bb1f499ba,Deposit_Account,Yes,2024-08-26,,1,1,1,,1,1,1,1,,,Yes,,Kaduna,,ika22
cbcd7501-375c-466c-9668-cd6511fbda4a,Deposit_Account,Yes,2024-08-26,,1,1,1,,1,1,1,1,,,Yes,,Kaduna,,ika22
001e5de7-1176-4350-b191-9cc9e9baee9b,Deposit_Account,Yes,2024-08-24,,1,1,1,,1,1,1,1,,,Yes,,Kano,,gmm53
2afbb3ec-be9b-4138-8495-bb587cc82768,Deposit_Account,Yes,2024-08-24,,1,1,1,,1,1,1,1,,,Yes,,Kano,,gmm53
98491e70-4548-40bb-a67e-88946402ad06,Deposit_Account,Yes,2024-08-24,,1,1,1,,1,1,1,1,,,Yes,,Kano,,gmm53
aa810d31-48be-405d-9a21-99fa7723b742,Deposit_Account,Yes,2024-08-24,,1,1,1,,1,1,1,1,,,Yes,,Kano,,gmm53
50ec6c2a-6280-485f-b4a0-a0d2c23402ba,Deposit_Account,Yes,2024-08-24,,1,1,1,,1,1,1,1,,,Yes,,Kano,,gmm53
4650d360-388c-469a-9fc9-f784700d68f0,Deposit_Account,Yes,2024-08-24,,1,1,1,,1,1,1,1,,,Yes,,Kano,,gmm53
6583a6f9-cab1-4223-907b-2e475a58b3b6,Deposit_Account,Yes,2024-08-24,,1,1,1,,1,1,1,1,,,Yes,,Kano,,gmm53
754f6397-c459-4a1e-9461-f0b4f9b3ce58,Deposit_Account,Yes,2024-08-24,,1,1,1,,1,1,1,1,,,Yes,,Kano,,gmm53
7ba035f7-3d63-4166-88ca-dbb8aee9e064,Deposit_Account,Yes,2024-08-24,,1,1,1,,1,1,1,1,,,Yes,,Kano,,gmm53
5a3addb4-9b86-405a-aec7-15fe7d301b20,Deposit_Account,Yes,2024-08-24,,1,1,1,,1,1,1,1,,,Yes,,Kano,,gmm53
f7b57a1a-3199-4b30-b96c-14ca3df0f285,Deposit_Account,Yes,2024-08-24,,1,1,1,,1,1,1,1,,,Yes,,Kano,,gmm53
9d93de61-6193-412a-aa9c-a8a9e87d69a9,Deposit_Account,Yes,2024-08-24,,1,1,1,,1,1,1,1,,,Yes,,Kano,,gmm53
0065dec4-e3d3-4f2b-9796-adc17ff417a3,Deposit_Account,Yes,2024-08-24,,1,1,1,,1,1,1,1,,,Yes,,Kano,,gmm53
6e468f15-499c-436f-bc10-a47f04125962,Deposit_Account,Yes,2024-08-24,,1,1,1,,1,1,1,1,,,Yes,,Kano,,gmm53
75ef5b03-f21d-4404-8170-af818616e5e3,Deposit_Account,Yes,2024-08-24,,1,1,1,,1,1,1,1,,,Yes,,Kano,,gmm53
daa9deb4-ebfa-4f38-9089-bc82f91690a8,Deposit_Account,Yes,2024-08-24,,1,1,1,,1,1,1,1,,,Yes,,Kano,,gmm53
f7863595-54c9-4821-8409-31bf0ca9dcb0,Deposit_Account,Yes,2024-08-24,,1,1,1,,1,1,1,1,,,Yes,,Kano,,gmm53
9ad0dbe8-94f3-4cda-8c5b-b28d4dd7465b,Deposit_Account,Yes,2024-08-24,,1,1,1,,1,1,1,1,,,Yes,,Kano,,gmm53
d9c24ce6-a5ca-48df-959e-c5f3f8c167c7,Deposit_Account,Yes,2024-08-24,,1,1,1,,1,1,1,1,,,Yes,,Kano,,gmm53
c0987440-785e-428e-9b18-004e88b90a72,Deposit_Account,Yes,2024-08-24,,1,1,1,,1,1,1,1,,,Yes,,Kano,,gmm53
839a5534-fbfb-488a-b693-59d25b9a1272,Deposit_Account,Yes,2024-08-24,,1,1,1,,1,1,1,1,,,Yes,,Kano,,gmm53
bd77bf94-ec90-41e6-a505-ce9d2ab7cebd,Deposit_Account,Yes,2024-08-24,,1,1,1,,1,1,1,1,,,Yes,,Kano,,gmm53
3ab322d9-714d-4b0b-add2-f5542eee9d9e,Deposit_Account,Yes,2024-08-24,,1,1,1,,1,1,1,1,,,Yes,,Kano,,gmm53
2d199513-669a-4197-8825-278b6b7d6128,Deposit_Account,Yes,2024-08-24,,1,1,1,,1,1,1,1,,,Yes,,Kano,,gmm53
2167a172-6515-46aa-b778-dbab9f1b5380,Deposit_Account,Yes,2024-08-24,,1,1,1,,1,1,1,1,,,Yes,,Kano,,gmm53
e078fcc8-4886-4357-a9c7-8d94917f485a,Deposit_Account,Yes,2024-08-24,,1,1,1,,1,1,1,1,,,Yes,,Kano,,gmm53
4ba9d276-c44d-4902-9766-e74d1ec88050,Deposit_Account,Yes,2024-08-24,,1,1,1,,1,1,1,1,,,Yes,,Kano,,gmm53
245a7e35-076e-40c5-8445-8e97bb5ac0e2,Deposit_Account,Yes,2024-08-24,,1,1,1,,1,1,1,1,,,Yes,,Kano,,gmm53
30dcc3c0-f348-4f10-9e61-e7908a428649,Deposit_Account,Yes,2024-08-24,,1,1,1,,1,1,1,1,,,Yes,,Kano,,gmm53
2021f3d8-fd53-4a0c-93f8-18bf517c8eb5,Deposit_Account,Yes,2024-08-24,,1,1,1,,1,1,1,1,,,Yes,,Kano,,gmm53
69f771ba-0420-44dd-add1-985ca098cf1c,Deposit_Account,Yes,2024-08-24,,1,1,1,,1,1,1,1,,,Yes,,Kano,,gmm53
e0c0320b-b979-4862-8e2f-c3bbf68b22ea,Deposit_Account,Yes,2024-08-24,,1,1,1,,1,1,1,1,,,Yes,,FCT,,gwa18
1aa4d5c4-2be1-4565-9e10-2925cba4968a,Deposit_Account,Yes,2024-08-24,,1,1,1,,1,1,1,1,,,Yes,,FCT,,gwa18
66afe88f-c34d-4b06-8898-ac167bb28f8e,Deposit_Account,Yes,2024-08-24,,1,1,1,,1,1,1,1,,,Yes,Gwagwalada_Area_CouncilGwako 1,FCT,,gwa18
3d2b5c82-dd02-4d43-9130-75f4eb1d8573,Deposit_Account,Yes,2024-08-24,,1,1,1,,1,1,1,1,,,Yes,,Kano,,gmm54
6583bc68-c93b-444c-b881-2ec953279938,Deposit_Account,Yes,2024-08-24,,1,1,1,,1,1,1,1,,,Yes,,Kano,,gmm54
db0c5c1c-d4cb-448a-b83e-3531a6f594ee,Deposit_Account,Yes,2024-08-24,,1,1,1,,1,1,1,1,,,Yes,,Kano,,gmm54
cb53bd0c-6679-41e2-b9fa-428dc7a997e5,Deposit_Account,Yes,2024-08-24,,1,1,1,,1,1,1,1,,,Yes,,FCT,,gwa18
e991a4a5-9ba6-450f-9ca1-cdcecda9ec10,Deposit_Account,Yes,2024-08-24,,1,1,1,,1,1,1,1,,,Yes,,FCT,,gwa18
4c98ce06-8bc0-433d-9f01-cc8cc06bf3ec,Deposit_Account,Yes,2024-08-24,,1,1,1,,1,1,1,1,,,Yes,,FCT,,gwa18
7d6b0dce-9e2c-44ea-b58c-70bf41680080,Deposit_Account,Yes,2024-08-24,,1,1,1,,1,1,1,1,,,Yes,,FCT,,gwa18
4cb2cba9-238e-4c7b-9e6b-109fa13c8952,Deposit_Account,Yes,2024-08-24,,1,1,1,,1,1,1,1,,,Yes,,FCT,,gwa18
967250bb-c69c-4508-8544-c91022a85d5c,Deposit_Account,Yes,2024-08-24,,1,1,1,,1,1,1,1,,,Yes,,FCT,,gwa18
e7bf1266-3784-4545-a8c9-4cb69094a09f,Deposit_Account,Yes,2024-08-24,,1,1,1,,1,1,1,1,,,Yes,,FCT,,gwa18
8252341d-43a6-4256-996b-9d23c5001ad9,Deposit_Account,Yes,2024-08-24,,1,1,1,,1,1,,,,,Yes,,FCT,,gwa18
dd979e3b-94d7-457c-8d85-5db678bd8c1e,Deposit_Account,Yes,2024-08-24,,1,1,1,,1,1,1,1,,,Yes,,FCT,,gwa18
66e9eb4a-16ec-4747-97b1-7783595cb8c6,Deposit_Account,Yes,2024-08-24,,1,1,1,,1,1,1,1,,,Yes,,FCT,,gwa18
7070dd27-a9d2-4f1d-9249-44ab94eb36c5,Deposit_Account,Yes,2024-08-24,,1,1,1,,1,1,1,1,,,Yes,,FCT,,gwa18
9d0dd41f-2c9f-441e-8b6e-29f47fe62176,Deposit_Account,Yes,2024-08-24,,1,1,1,,1,1,1,1,,,Yes,,FCT,,gwa18
e1d1114b-a6b9-4c2f-9ba9-f8cf33431672,Deposit_Account,Yes,2024-08-24,,1,1,1,,1,1,1,1,,,Yes,,FCT,,gwa18
a070cc89-24ce-4f15-8c39-3c7f9acd37ee,Deposit_Account,Yes,2024-08-24,,1,1,1,,1,1,1,1,,,Yes,,FCT,,gwa18
ece28f17-f4cc-4b22-a68e-13b4f68a6946,Deposit_Account,Yes,2024-08-24,,1,1,1,,1,1,1,1,,,Yes,,FCT,,gwa18
b0f53e05-17d6-4a77-92de-62a09bc3fb7e,Deposit_Account,Yes,2024-08-24,,1,1,1,,1,1,1,1,,,Yes,,FCT,,gwa18
67f1f5ef-dbd6-4618-9cc4-1ff723e57dc0,Deposit_Account,No,2024-08-24,,1,1,1,,1,1,1,,,,Yes,,FCT,,gwa18
cc18819e-aa45-43b7-9a39-5f9a4c0f2922,Deposit_Account,Yes,2024-08-24,,1,1,1,,1,1,1,1,,,Yes,,FCT,,gwa18
7f0bf9bb-9873-496a-a831-e930ba433727,Deposit_Account,Yes,2024-08-24,,1,1,1,,1,1,1,1,,,Yes,,FCT,,gwa18
7c89e1a6-71ba-4fa7-a0e8-eabf18e798df,Deposit_Account,Yes,2024-08-25,,1,1,1,,1,1,1,1,,,Yes,,FCT,,gwa18
c544d977-c7de-4def-8885-608815d96a8b,Deposit_Account,Yes,2024-08-25,,1,1,1,,1,1,1,1,,,Yes,,FCT,,gwa18
06082b95-8c4c-4401-84c8-311f25245248,Deposit_Account,Yes,2024-08-25,,1,1,1,,1,1,1,1,,,Yes,,FCT,,gwa18
2a364809-2835-4ee5-9656-fb33bd212282,Deposit_Account,Yes,2024-08-24,,1,1,1,,1,1,1,1,,,Yes,,FCT,,gwa18
e70e4157-6d31-4098-8500-792ad597c93b,Deposit_Account,Yes,2024-08-24,,1,1,1,,1,1,1,1,,,Yes,,FCT,,gwa18
9ddfe059-d0f3-4a51-a9de-1e228a3f65ad,Deposit_Account,Yes,2024-08-24,,1,1,1,,1,1,1,1,,,Yes,,FCT,,gwa18
ffec1f71-2244-48bb-abe2-42a8d472c6fc,Deposit_Account,Yes,2024-08-24,,1,1,1,,1,1,1,1,,,Yes,,FCT,,gwa18
c7317812-ed66-40e0-ac30-1e2fd1322d66,Deposit_Account,Yes,2024-08-25,,1,1,1,,1,1,1,1,,,Yes,,FCT,,gwa18
b7ef45c8-2c19-4b3a-a415-2114af65bc5a,Deposit_Account,Yes,2024-08-25,,1,1,1,,1,1,1,1,,,Yes,,FCT,,gwa18
8de4e3a5-ed3c-4fbd-a6b7-729c2abfa0e0,Deposit_Account,Yes,2024-08-25,,1,1,1,,1,1,1,1,,,Yes,,FCT,,gwa18
d2202075-2f10-4688-8ec2-ac0fed4d1196,Deposit_Account,Yes,2024-08-25,,,1,1,,1,1,1,1,,,Yes,,FCT,,gwa18
546f3cf0-3dd5-48e2-8712-c62135ad507d,Deposit_Account,Yes,2024-08-25,,1,1,1,,1,1,1,1,,,Yes,,FCT,,gwa18
4d891971-0e91-4aaf-9a73-461008c5729f,Deposit_Account,Yes,2024-08-26,,1,1,1,,1,1,1,1,,,Yes,,FCT,,gwa18
9830daf0-61d2-4c5a-b270-d2f00c8a814d,Deposit_Account,Yes,2024-08-25,,1,1,1,,1,1,1,1,,,Yes,,FCT,,gwa18
9a8efc2f-2dc2-4718-89d8-cce2d41579f3,Deposit_Account,Yes,2024-08-26,,1,1,1,,1,1,1,1,,,Yes,,FCT,,gwa18
4fd41687-7b55-4f9d-8350-20b5e4d20252,Deposit_Account,Yes,2024-08-24,,1,1,1,,1,1,1,1,,,Yes,,FCT,,gwa18
9fa6b914-797c-4773-aac7-405c70eb9086,Deposit_Account,Yes,2024-08-24,,1,1,1,,1,1,1,1,,,Yes,,FCT,,gwa18
de39d50e-62f9-4399-b355-7655ef6463f2,Deposit_Account,Yes,2024-08-25,,1,1,1,,1,1,1,1,,,Yes,,FCT,,gwa18
33b5e66f-20d7-4e82-ab8e-84fe80577495,Deposit_Account,Yes,2024-08-25,,1,1,1,,1,1,1,1,,,Yes,,FCT,,gwa18
0d0fbe90-fb29-43b1-b688-929972b50e8d,Deposit_Account,Yes,2024-08-24,,1,1,1,,1,1,1,1,,,Yes,,FCT,,gwa18
78a0401b-305a-4d8f-b6f9-dbe3283bd94f,Deposit_Account,Yes,2024-08-24,,1,1,1,,1,1,1,1,,,Yes,,FCT,,gwa18
d749e29e-55f8-4dde-ac8e-c11f59398e82,Deposit_Account,Yes,2024-08-25,,1,1,1,,1,1,1,1,,,Yes,,Kano,,gmm54
b0f2ad65-4cdd-49f8-8a68-8e5340f57dd0,Deposit_Account,Yes,2024-08-25,,1,1,1,,1,1,1,1,,,Yes,,Kano,,gmm54
aba66e0e-de2b-4478-b476-91e33adb284a,Deposit_Account,Yes,2024-08-25,,1,1,1,,1,1,1,1,,,Yes,,Kano,,gmm54
4d74519d-5f90-4d2b-b136-ccb280e7c219,Deposit_Account,Yes,2024-08-25,,1,1,1,,1,1,1,1,,,Yes,,Kano,,gmm54
409fbc85-3fd4-4f85-b308-f85597b0ba46,Deposit_Account,Yes,2024-08-25,,1,1,1,,1,1,1,1,,,Yes,,Kano,,gmm54
e582801f-2958-44ba-a33c-9eb56a3f6555,Deposit_Account,Yes,2024-08-25,,1,1,1,,1,1,1,1,,,Yes,,Kano,,gmm54
155f1c45-3c38-4e57-a104-43f662f556c2,Deposit_Account,Yes,2024-08-25,,1,1,1,,1,1,1,1,,,Yes,,Kano,,gmm54
659c4780-0e33-4207-a52e-8bc09c696d06,Deposit_Account,Yes,2024-08-25,,1,1,1,,1,1,1,1,,,Yes,,Kano,,gmm54
9622476b-85bc-4c61-82db-e3f195191907,Deposit_Account,Yes,2024-08-25,,1,1,1,,1,1,1,1,,,Yes,,Kano,,gmm54
cd2607e8-c80f-4816-8a9f-b414d6e7a49a,Deposit_Account,Yes,2024-08-25,,1,1,1,,1,1,1,1,,,Yes,,Kano,,gmm54
63c3b266-08e8-45d0-b554-95229f5fb878,Deposit_Account,Yes,2024-08-25,,1,1,1,,1,1,1,1,,,Yes,,Kano,,gmm54
851cf138-9c02-4af6-9df9-75545076656a,Deposit_Account,Yes,2024-08-25,,1,1,1,,1,1,1,1,,,Yes,,Kano,,gmm54
43174e6e-26a3-45be-860a-5510b97d7c7d,Deposit_Account,Yes,2024-08-25,,1,1,1,,1,1,1,1,,,Yes,,Kano,,gmm54
37452364-f738-4e0c-b5de-f405e939a372,Deposit_Account,Yes,2024-08-25,,1,1,1,,1,1,1,1,,,Yes,,Kano,,gmm54
3613cbac-083f-469d-abc1-db867eef7b8b,Deposit_Account,Yes,2024-08-25,,1,1,1,,1,1,1,1,,,Yes,,Kano,,gmm54
de7f9cd2-67fe-42c9-9723-4391ea71517b,Deposit_Account,Yes,2024-08-25,,1,1,1,,1,1,1,1,,,Yes,,Kano,,gmm54
768b6cc3-febe-4549-a27b-e6150ef721fd,Deposit_Account,Yes,2024-08-25,,1,1,1,,1,1,1,1,,,Yes,,Kano,,gmm54
388019ae-a8ae-4cad-a5ed-33052b13780e,Deposit_Account,Yes,2024-08-25,,1,1,1,,1,1,1,1,,,Yes,,Kano,,gmm54
663ca72c-90a7-43f1-b3ae-5b6885d57043,Deposit_Account,Yes,2024-08-25,,1,1,1,,1,1,1,1,,,Yes,,Kano,,gmm54
4cf9ea7d-148d-4b27-876b-149e3b1e04fd,Deposit_Account,Yes,2024-08-25,,1,1,1,,1,1,1,1,,,Yes,,Kano,,gmm54
60683d6a-9c84-4d08-82e7-ed7e833fc4b8,Deposit_Account,Yes,2024-08-25,,1,1,1,,1,1,1,1,,,Yes,,Kano,,gmm54
f760dc7e-b1df-4d6c-b898-46d1078c459e,Deposit_Account,Yes,2024-08-25,,1,1,1,,1,1,1,1,,,Yes,,Kano,,gmm54
d979514d-a19e-4ce4-9480-1539ccbcf4de,Deposit_Account,Yes,2024-08-25,,1,1,1,,1,1,1,1,,,Yes,,Kano,,gmm54
f0d59d06-6129-41e1-a80a-13790495b0e7,Deposit_Account,Yes,2024-08-25,,1,1,1,,1,1,1,1,,,Yes,,Kano,,gmm54
713715be-99cd-45ac-9899-77da0b1555c8,Deposit_Account,Yes,2024-08-25,,1,1,1,,1,1,1,1,,,Yes,,Kano,,gmm54
b4bf90a0-ec3e-498c-a6bf-9856aaa1f1a9,Deposit_Account,Yes,2024-08-25,,1,1,1,,1,1,1,1,,,Yes,,Kano,,gmm54
13b760cc-94b6-4bd0-87fa-a6ae158e07cf,Deposit_Account,Yes,2024-08-25,,1,1,1,,1,1,1,1,,,Yes,,Kano,,gmm54
21fbb9c0-fdfd-404f-bc15-30fa09c413d8,Deposit_Account,Yes,2024-08-25,,1,1,1,,1,1,1,1,,,Yes,,Kano,,gmm54
30d3a2e7-449d-4e2f-8333-cb3a874eab61,Deposit_Account,Yes,2024-08-25,,1,1,1,,1,1,1,1,,,Yes,,Kano,,gmm54
9736c9d0-874f-40f1-9960-dd284004bf43,Deposit_Account,Yes,2024-08-25,,1,1,1,,1,1,1,1,,,Yes,,Kano,,gmm54
35859bf2-d5e0-4c69-9dbe-6ca109dfe5b5,Deposit_Account,Yes,2024-08-24,,1,1,1,,1,1,1,1,,,Yes,,Kano,,gmm54
ec3209c7-76e0-4929-8177-8f18a341c881,Deposit_Account,Yes,2024-08-25,,1,1,1,,1,1,1,1,,,Yes,,Kano,,gmm54
6ddd89ce-82c0-4f00-94a3-dd5f9d25132f,Deposit_Account,Yes,2024-08-25,,1,1,1,,1,1,1,1,,,Yes,,Kano,,gmm54
29ffca72-dabc-434a-a40e-f6ffd68dc47e,Deposit_Account,Yes,2024-08-25,,1,1,1,,1,1,1,1,,,Yes,,Kano,,gmm54
ec7b3dbb-6a0e-44fc-a986-d3e9b66b1764,Deposit_Account,Yes,2024-08-25,,1,1,1,,1,1,1,1,,,Yes,,Kano,,gmm54
4722d079-a2ff-4a6d-91da-4ac7889e07e2,Deposit_Account,Yes,2024-08-25,,1,1,1,,1,1,1,1,,,Yes,,Kano,,gmm54
b424249a-58e4-4563-8ae3-ba51a5ff8a0e,Deposit_Account,Yes,2024-08-25,,1,1,1,,1,1,1,1,,,Yes,,Kano,,gmm54
74b1489b-e02d-4ec4-bd0b-3f335889af7c,Deposit_Account,Yes,2024-08-25,,1,1,1,,1,1,1,1,,,Yes,,Kano,,gmm54
16adf282-1ff7-4a0d-9311-4f3d06748187,Deposit_Account,Yes,2024-08-25,,1,1,1,,1,1,1,1,,,Yes,,Kano,,gmm54
75fc57f8-9673-4c7a-9003-339010946b5e,Deposit_Account,Yes,2024-08-25,,1,1,1,,1,1,1,1,,,Yes,,Kano,,gmm54
3a07debb-cd97-440f-a600-3971c07c4ba3,Deposit_Account,Yes,2024-08-25,,1,1,1,,1,1,1,1,,,Yes,,Kano,,gmm54
223d6c53-936f-4bad-872e-35a24cbe06cf,Deposit_Account,Yes,2024-08-25,,1,1,1,,1,1,1,1,,,Yes,,Kano,,gmm54
2676b82c-2799-46be-b624-07621779f858,Deposit_Account,Yes,2024-08-25,,1,1,1,,1,1,1,1,,,Yes,,Kano,,gmm54
7337f23b-fd18-4a37-9ccf-e6e9f273dd2f,Deposit_Account,Yes,2024-08-25,,1,1,1,,1,1,1,1,,,Yes,,Kano,,gmm54
95cea9c2-ef9c-4e65-acfc-4b1b3b3673cf,Deposit_Account,Yes,2024-08-27,,1,1,1,,1,1,1,1,,,Yes,,Kaduna,,ika26
5ea0af3e-350e-4824-b1c3-d22c0e1cc098,Deposit_Account,Yes,2024-08-27,,1,1,1,,1,1,1,1,,,Yes,,Kaduna,,ika26
cff1236f-ec77-4997-933a-b291983b8083,Deposit_Account,Yes,2024-08-27,,1,1,1,,1,1,1,1,,,Yes,,Kaduna,,ika26
d62fd495-f1a2-422a-ae77-30f71ce64c19,Deposit_Account,Yes,2024-08-27,,1,1,1,,1,1,1,1,,,Yes,,Kaduna,,ika26
753555d2-7e8b-4b6a-baa4-9bb58af3b4fc,Deposit_Account,Yes,2024-08-27,,1,1,1,,1,1,1,1,,,Yes,,Kaduna,,ika26
ac9c4699-5a71-4bc2-a9c5-e735238c1dbc,Deposit_Account,Yes,2024-08-27,,1,1,1,,1,1,1,1,,,Yes,,Kaduna,,ika26
8eb254fa-dda3-4563-a6c8-93f872939ac4,Deposit_Account,Yes,2024-08-27,,1,1,1,,1,1,1,1,,,Yes,,Kaduna,,ika26
2238eea8-965c-4ebb-a8f9-6617d64b5f20,Deposit_Account,Yes,2024-08-27,,1,1,1,,1,1,1,1,,,Yes,,Kaduna,,ika26
0d863fa8-7ea9-4c4e-b818-6537c01f409d,Deposit_Account,Yes,2024-08-27,,1,1,1,,1,1,1,1,,,Yes,,Kaduna,,ika26
5aeadb5f-e9f3-4880-8b50-ff3d65f79b9d,Deposit_Account,Yes,2024-08-27,,1,1,1,,1,1,1,1,,,Yes,,Kaduna,,ika26
8e9a027b-da56-453d-b6e6-a03120ab461f,Deposit_Account,Yes,2024-08-27,,1,1,1,,1,1,1,1,,,Yes,,Kaduna,,ika26
dd4f44cf-d082-443f-9981-349fd1792c09,Deposit_Account,Yes,2024-08-27,,1,1,1,,1,1,1,1,,,Yes,,Kaduna,,ika26
fd4b5c42-e4ab-4e7e-9b90-a34180349544,Deposit_Account,Yes,2024-08-27,,1,1,1,,1,1,1,1,,,Yes,,Kaduna,,ika26
4f5b2fe8-a437-4a07-a3ba-9bd1186711e7,Deposit_Account,Yes,2024-08-27,,1,1,1,,1,1,1,1,,,Yes,,Kaduna,,ika26
ce12881b-bd5a-4fd6-bd38-f2a624e6161b,Deposit_Account,Yes,2024-08-27,,1,1,1,,1,1,1,1,,,Yes,,Kaduna,,ika26
6480e9fc-0e2b-474a-b5bd-441ea3c871b5,Deposit_Account,Yes,2024-08-27,,1,1,1,,1,1,1,1,,,Yes,,Kaduna,,ika26
fb9c88f8-307f-46cf-a408-bbe16bcae5bd,Deposit_Account,Yes,2024-08-27,,1,1,1,,1,1,1,1,,,Yes,,Kaduna,,ika26
4475320a-ac2f-4fb1-8711-f375e1a7f7cc,Deposit_Account,Yes,2024-08-27,,1,1,1,,1,1,1,1,,,Yes,,Kaduna,,ika26
a149b1b5-f44f-4a27-bd47-6f8268c93836,Deposit_Account,Yes,2024-08-27,,1,1,1,,1,1,1,1,,,Yes,,Kaduna,,ika26
541489f9-9aee-4ace-ac02-b793dda4b4d2,Deposit_Account,Yes,2024-08-27,,1,1,1,,1,1,1,1,,,Yes,,Kaduna,,ika26
f90a6fbd-279b-4652-b70f-1340c2ef4645,Deposit_Account,Yes,2024-08-27,,1,1,1,,1,1,1,1,,,Yes,,Kaduna,,ika26
8fc2be5c-4ad7-4cad-82df-b05926b7000e,Deposit_Account,Yes,2024-08-27,,1,1,1,,1,1,1,1,,,Yes,,Kaduna,,ika26
e887b188-42e8-425d-80b7-0a53a71a020c,Deposit_Account,Yes,2024-08-27,,1,1,1,,1,1,1,1,,,Yes,,Kaduna,,ika26
32f28a9a-3990-4bf4-8504-d87dd1fcc728,Deposit_Account,Yes,2024-08-27,,1,1,1,,1,1,1,1,,,Yes,,Kaduna,,ika26
e535a32e-7c6e-4a30-8fac-c9993262bcec,Deposit_Account,Yes,2024-08-27,,1,1,1,,1,1,1,1,,,Yes,,Kaduna,,ika26
384b2f8c-e6b1-4ccf-a2b0-031b3793c133,Deposit_Account,Yes,2024-08-27,,1,1,1,,1,1,1,1,,,Yes,,Kaduna,,ika26
01eecae2-93f6-4b8e-8adc-d668564ef4e4,Deposit_Account,Yes,2024-08-27,,1,1,1,,1,1,1,1,,,Yes,,Kaduna,,ika26
f08b6e74-1374-408b-a037-74af90cdd9db,Deposit_Account,Yes,2024-08-27,,1,1,1,,1,1,1,1,,,Yes,,Kaduna,,ika26
f81c9ebf-706d-4096-8a58-586b590d93e0,Deposit_Account,Yes,2024-08-27,,1,1,1,,1,1,1,1,,,Yes,,Kaduna,,ika26
748fa396-a48d-4819-ae3d-828dda57300c,Deposit_Account,Yes,2024-08-27,,1,1,1,,1,1,1,1,,,Yes,,Kaduna,,ika26
d4320393-c00a-4bb1-85dc-8c2787120bac,Deposit_Account,Yes,2024-08-25,,1,1,1,,1,1,1,1,,,Yes,,Kano,,gmm54
0f796b17-f27c-4210-b214-0072e498ab17,Deposit_Account,Yes,2024-08-25,,1,1,1,,1,1,1,1,,,Yes,,Kano,,gmm54
298e491b-00ab-4756-ae78-ed2cd3dfac38,Deposit_Account,Yes,2024-08-25,,1,1,1,,1,1,1,1,,,Yes,,Kano,,gmm54
c87ca424-d01a-4abf-84f3-d281ac4165e9,Deposit_Account,Yes,2024-08-25,,1,1,1,,1,1,1,1,,,Yes,,Kano,,gmm54
ecd4f3dc-9a4b-4570-a239-a25a07a2af26,Deposit_Account,Yes,2024-08-25,,1,1,1,,1,1,1,1,,,Yes,,Kano,,gmm54
44bdc658-3be7-49f6-a598-a83824481f78,Deposit_Account,Yes,2024-08-25,,1,1,1,,1,1,1,1,,,Yes,,Kano,,gmm54
9366a8ba-0d01-4703-b4bd-013a7deda381,Deposit_Account,Yes,2024-08-25,,1,1,1,,1,1,1,1,,,Yes,,Kano,,gmm54
2d0bf703-d7d0-421d-9f04-de83117c97d7,Deposit_Account,Yes,2024-08-25,,1,1,1,,1,1,1,1,,,Yes,,Kano,,gmm54
2fed5f43-4845-47d2-8a48-e4bb7509edd8,Deposit_Account,Yes,2024-08-25,,1,1,1,,1,1,1,1,,,Yes,,Kano,,gmm54
0ccc3383-a59f-4c9a-8faf-ea043717f2ce,Deposit_Account,Yes,2024-08-25,,1,1,1,,1,1,1,1,,,Yes,,Kano,,gmm54
793065d6-9393-413c-95a7-6b7db10f0dd3,Deposit_Account,Yes,2024-08-25,,1,1,1,,1,1,1,1,,,Yes,,Kano,,gmm54
e36a30f1-5ae7-4db7-9e04-5aada8315cce,Deposit_Account,Yes,2024-08-27,,1,1,1,,1,1,1,1,,,Yes,,Kaduna,,ika30
c1153b72-3d84-45ec-810f-c35f04ee4476,Deposit_Account,Yes,2024-08-27,,1,1,1,,1,1,1,1,,,Yes,,Kaduna,,ika30
b9381829-1aea-41ab-947c-8690629fc166,Deposit_Account,Yes,2024-08-27,,1,1,1,,1,1,1,1,,,Yes,,Kaduna,,ika30
d0b17c1a-b284-4802-aee5-e7ace902af86,Deposit_Account,Yes,2024-08-27,,1,1,1,,1,1,1,1,,,Yes,,Kaduna,,ika30
695ace4a-1805-43d7-9c06-99925206fbc0,Deposit_Account,Yes,2024-08-27,,1,1,1,,1,1,1,1,,,Yes,,Kaduna,,ika30
1fb3046c-1fef-4040-b709-cd888f8cd1e5,Deposit_Account,Yes,2024-08-27,,1,1,1,,1,1,1,1,,,Yes,,Kaduna,,ika30
e8f369d0-5842-42fd-b202-8ba1116ec579,Deposit_Account,Yes,2024-08-27,,1,1,1,,1,1,1,1,,,Yes,,Kaduna,,ika30
d526c2b9-ee01-4be9-a41f-e8db210c5c08,Deposit_Account,Yes,2024-08-27,,1,1,1,,1,1,1,1,,,Yes,,Kaduna,,ika30
0be8ef1a-490c-4191-a706-91c3fcbd1f5c,Deposit_Account,Yes,2024-08-27,,1,1,1,,1,1,1,1,,,Yes,,Kaduna,,ika30
0a67a624-4520-4449-9fbb-612d8bf1f44a,Deposit_Account,Yes,2024-08-27,,1,1,1,,1,1,1,1,,,Yes,,Kaduna,,ika30
c188c829-d785-42d1-9b55-12cfc80c23cb,Deposit_Account,Yes,2024-08-27,,1,1,1,,1,1,1,1,,,Yes,,Kaduna,,ika30
d5230f49-b6e6-4b52-93cd-f3d42571515c,Deposit_Account,Yes,2024-08-27,,1,1,1,,1,1,1,1,,,Yes,,Kaduna,,ika30
9102ba55-a47f-49b1-a6ff-cb0f0ef113c0,Deposit_Account,Yes,2024-08-27,,1,1,1,,1,1,1,1,,,Yes,,Kaduna,,ika30
cd892085-5c40-4895-b332-b4c4c120610d,Deposit_Account,Yes,2024-08-27,,1,1,1,,1,1,1,1,,,Yes,,Kaduna,,ika30
d708de50-85b1-4d9c-b2e9-fe04b8f4c223,Deposit_Account,Yes,2024-08-27,,1,1,1,,1,1,1,1,,,Yes,,Kaduna,,ika30
98802696-ad22-4957-8e7c-6c13a831ee87,Deposit_Account,Yes,2024-08-27,,1,1,1,,1,1,1,1,,,Yes,,Kaduna,,ika30
a8e3daf7-7fc0-4080-89f6-72bf73eb1f48,Deposit_Account,Yes,2024-08-27,,1,1,1,,1,1,1,1,,,Yes,,Kaduna,,ika30
17bc7fce-1c8a-4739-96db-16295b697f6c,Deposit_Account,Yes,2024-08-27,,1,1,1,,1,1,1,1,,,Yes,,Kaduna,,ika30
98f06a71-f2d3-4cba-b63e-d4ca2d40d98c,Deposit_Account,Yes,2024-08-27,,1,1,1,,1,1,1,1,,,Yes,,Kaduna,,ika30
98733875-ccf2-4bb2-a1fa-c66e5c2ff4c4,Deposit_Account,Yes,2024-08-27,,1,1,1,,1,1,1,1,,,Yes,,Kaduna,,ika30
5e79d995-5c53-43ab-9720-c846081e55df,Deposit_Account,Yes,2024-08-27,,1,1,1,,1,1,1,1,,,Yes,,Kaduna,,ika30
c7f63466-17a1-40d1-85d0-79011ff7a94a,Deposit_Account,Yes,2024-08-27,,1,1,1,,1,1,1,1,,,Yes,,Kaduna,,ika30
23944894-3dc4-4c80-aea3-de55a82a4e05,Deposit_Account,Yes,2024-08-27,,1,1,1,,1,1,1,1,,,Yes,,Kaduna,,ika30
8bef924f-7835-42eb-b1fa-b2971152673a,Deposit_Account,Yes,2024-08-27,,1,1,1,,1,1,1,1,,,Yes,,Kaduna,,ika30
7e50befe-446f-4aae-8904-577cd09a4fab,Deposit_Account,Yes,2024-08-27,,1,1,1,,1,1,1,1,,,Yes,,Kaduna,,ika30
40d5a251-939f-4c60-ac4f-af905064c84a,Deposit_Account,Yes,2024-08-27,,1,1,1,,1,1,1,1,,,Yes,,Kaduna,,ika30
65cb51ee-f810-4439-8f26-f1d342a597ec,Deposit_Account,Yes,2024-08-27,,1,1,1,,1,1,1,1,,,Yes,,Kaduna,,ika30
aa0d18e8-4d27-4397-92ce-579f92fb1405,Deposit_Account,Yes,2024-08-27,,1,1,1,,1,1,1,1,,,Yes,,Kaduna,,ika30
bd961291-d93a-4fde-a6c5-c8bd0c483501,Deposit_Account,Yes,2024-08-27,,1,1,1,,1,1,1,1,,,Yes,,Kaduna,,ika30
26ff7d82-a539-444c-88cb-3c044fbfa3b7,Deposit_Account,Yes,2024-08-27,,1,1,1,,1,1,1,1,,,Yes,,Kaduna,,ika30
83060ad7-6e8c-4503-840b-33e5aa3d7a8e,Deposit_Account,Yes,2024-08-25,,1,1,1,,1,1,1,1,,,Yes,,Kano,,gmm55
6f67ad20-2ce0-4526-ae2d-469663a1bac5,Deposit_Account,Yes,2024-08-25,,1,1,1,,1,1,1,1,,,Yes,,Kano,,gmm55
4acc31fe-3218-43d8-9957-175a5513ec9d,Deposit_Account,Yes,2024-08-25,,1,1,1,,1,1,1,1,,,Yes,,Kano,,gmm55
b2cbd78b-d711-4094-bcea-b0adb11f18fc,Deposit_Account,Yes,2024-08-25,,1,1,1,,1,1,1,1,,,Yes,,Kano,,gmm55
d2f5e7de-ee1f-409a-9e15-5b3450686f0f,Deposit_Account,Yes,2024-08-25,,1,1,1,,1,1,1,1,,,Yes,,Kano,,gmm55
96bec8dd-8407-487b-98b4-c968f20f2d49,Deposit_Account,Yes,2024-08-25,,1,1,1,,1,1,1,1,,,Yes,,Kano,,gmm55
4acaf66d-b3f7-4a45-826a-bcdf00f2dd85,Deposit_Account,Yes,2024-08-25,,1,1,1,,1,1,1,1,,,Yes,,Kano,,gmm55
5c391c59-c25e-416b-8faa-0b5a11340e15,Deposit_Account,Yes,2024-08-25,,1,1,1,,1,1,1,1,,,Yes,,Kano,,gmm55
52277c84-fc29-4a3a-9966-f7ec65ac1191,Deposit_Account,Yes,2024-08-25,,1,1,1,,1,1,1,1,,,Yes,,Kano,,gmm55
53c4a578-1475-4954-8852-02bc22ee4ede,Deposit_Account,Yes,2024-08-25,,1,1,1,,1,1,1,1,,,Yes,,Kano,,gmm55
2487a729-4935-4bad-9c76-780ca21ea14f,Deposit_Account,Yes,2024-07-27,,1,1,1,,1,1,1,1,,,Yes,,Kano,,bun07
e32edb2b-ef99-45b5-a7a4-b4219b6ec64b,Deposit_Account,Yes,2024-07-27,,1,1,1,,1,1,1,1,,,Yes,,Kano,,bun07
8f9d581c-0a72-4437-bc60-53eb804b0d34,Deposit_Account,Yes,2024-07-27,,1,1,1,,1,1,1,1,,,Yes,,Kano,,bun07
98e55ca8-9544-46ef-9d5c-a6a69d33b5b8,Deposit_Account,Yes,2024-07-27,,1,1,1,,1,1,1,1,,,Yes,,Kano,,bun07
4cf31de1-284c-4247-a0cd-f8f6533cbd5c,Deposit_Account,Yes,2024-08-25,,1,1,1,,1,1,1,1,,,Yes,,Kano,,gmm55
fb200975-95d8-4b6f-a121-620bd31f0d01,Deposit_Account,Yes,2024-08-25,,1,1,1,,1,1,1,1,,,Yes,,Kano,,gmm55
0c9898f4-b8c4-407f-a212-357e5309d2a5,Deposit_Account,Yes,2024-08-25,,1,1,1,,1,1,1,1,,,Yes,,Kano,,gmm55
64d7fd88-d07f-49f5-b315-5fbd75948bdf,Deposit_Account,Yes,2024-08-25,,1,1,1,,1,1,1,1,,,Yes,,Kano,,gmm55
c8287bbf-187b-4f52-af7f-b5d62d31ba4d,Deposit_Account,Yes,2024-08-25,,1,1,1,,1,1,1,1,,,Yes,,Kano,,gmm55
1ac20473-a370-494d-a1e2-befbf176ab8d,Deposit_Account,Yes,2024-08-25,,1,1,1,,1,1,1,1,,,Yes,,Kano,,gmm55
33be5da2-f6ff-41d7-b290-d8802d71f5e6,Deposit_Account,Yes,2024-08-25,,1,1,1,,1,1,1,1,,,Yes,,Kano,,gmm55
6d2a626f-6f11-47fa-b95d-c402d150d5c1,Deposit_Account,Yes,2024-08-25,,1,1,1,,1,1,1,1,,,Yes,,Kano,,gmm55
ff267033-213b-4781-b754-036a31c15fc9,Deposit_Account,Yes,2024-08-25,,1,1,1,,1,1,1,1,,,Yes,,Kano,,gmm55
bd4bdfa4-8b51-4fc1-b165-4abd1174608b,Deposit_Account,Yes,2024-08-25,,1,1,1,,1,1,1,1,,,Yes,,Kano,,gmm55
f4bdb82c-8290-4c08-bad5-d1ec0c6164c7,Deposit_Account,Yes,2024-08-25,,1,1,1,,1,1,1,1,,,Yes,,Kano,,gmm55
70548035-0583-444d-944b-ef52c069f1af,Deposit_Account,Yes,2024-08-25,,1,1,1,,1,1,1,1,,,Yes,,Kano,,gmm55
5ccf9b4e-1c47-4a5e-a9dd-b172c8d22425,Deposit_Account,Yes,2024-08-25,,1,1,1,,1,1,1,1,,,Yes,,Kano,,gmm55
c459bfad-119e-4cae-944d-dca6cfea9df7,Deposit_Account,Yes,2024-08-25,,1,1,1,,1,1,1,1,,,Yes,,Kano,,gmm55
931dd5a6-1387-485d-b3a6-2f64cb05c933,Deposit_Account,Yes,2024-08-25,,1,1,1,,1,1,1,1,,,Yes,,Kano,,gmm55
ea3c8f72-1cff-4126-b687-d53cbe757a41,Deposit_Account,Yes,2024-08-25,,1,1,1,,1,1,1,1,,,Yes,,Kano,,gmm55
e983d356-ff8c-47c5-b82c-0873eca7338c,Deposit_Account,Yes,2024-08-25,,1,1,1,,1,1,1,1,,,Yes,,Kano,,gmm55
28172883-8328-48da-af44-50b2c564daf0,Deposit_Account,Yes,2024-08-25,,1,1,1,,1,1,1,1,,,Yes,,Kano,,gmm55
27cbc699-cbf7-40c8-b842-af104f3c784b,Deposit_Account,Yes,2024-08-25,,1,1,1,,1,1,1,1,,,Yes,,Kano,,gmm55
d549ff16-0b2b-44cf-a875-67cd849d4ab6,Deposit_Account,Yes,2024-08-24,,1,1,1,,1,1,1,1,,,Yes,,Kano,,gmm55
cfe8bfb2-4148-4f54-8b96-f2184352633f,Deposit_Account,Yes,2024-08-25,,1,1,1,,1,1,1,1,,,Yes,,Kano,,gmm55
e330d6b9-22fe-43cb-98c8-547e6ec313a2,Deposit_Account,Yes,2024-08-25,,1,1,1,,1,1,1,1,,,Yes,,Kano,,gmm55
b81912f4-76e2-4c40-90bd-6575f68bcf69,Deposit_Account,Yes,2024-08-24,,1,1,1,,1,1,1,1,,,Yes,,Kano,,gmm55
2174afaf-b983-4d78-80e3-d6cabfdac5c8,Deposit_Account,Yes,2024-08-25,,1,1,1,,1,1,1,1,,,Yes,,Kano,,gmm55
e3648335-82f5-4c57-928d-8f630e54647d,Deposit_Account,Yes,2024-08-24,,1,1,1,,1,1,1,1,,,Yes,,Kano,,gmm55
6ef31f7b-3b61-44db-8c9e-82088590d637,Deposit_Account,Yes,2024-08-24,,1,1,1,,1,1,1,1,,,Yes,,Kano,,gmm55
8e5a7a1c-b921-41f1-8337-2332f0f1289a,Deposit_Account,Yes,2024-08-25,,1,1,1,,1,1,1,1,,,Yes,,FCT,,gwa18
55c16be8-38fc-4c2f-83b0-f94616c1c10b,Deposit_Account,Yes,2024-08-26,,1,1,1,,1,1,1,1,,,Yes,,FCT,,gwa18
33fdd5df-c2b1-405b-915a-6978c617540b,Deposit_Account,Yes,2024-08-25,,1,1,1,,1,1,1,1,,,Yes,,FCT,,gwa18
02483f70-7edb-4adb-bccd-cd3f3a6ac7bb,Deposit_Account,Yes,2024-08-26,,1,1,1,,1,1,1,1,,,Yes,,FCT,,gwa18
8411d52a-a955-44a4-8b29-8d5bf6471552,Deposit_Account,Yes,2024-08-26,,1,1,1,,1,1,1,1,,,Yes,,FCT,,gwa18
9b6d9dd3-cf36-4d79-a9ac-573c37171af0,Deposit_Account,Yes,2024-08-26,,1,1,1,,1,1,1,1,,,Yes,,FCT,,gwa18
dee78d27-5222-4233-beb3-ae06165593c6,Deposit_Account,Yes,2024-08-26,,1,1,1,,1,1,1,1,,,Yes,,FCT,,gwa18
3f6e08fc-1ad3-430c-aca2-7d1576751e25,Deposit_Account,Yes,2024-08-26,,1,1,1,,1,1,1,1,,,Yes,,FCT,,gwa18
2fe49b99-622a-4c45-97ae-dfdf97faaae9,Deposit_Account,Yes,2024-08-26,,1,1,1,,1,1,1,1,,,Yes,,FCT,,gwa18
5ba4a7e1-fd71-4fbf-ad80-e202cb37d43b,Deposit_Account,Yes,2024-08-26,,1,1,1,,1,1,1,1,,,Yes,,FCT,,gwa18
f0767843-255b-4a53-8152-ddc4db211c99,Deposit_Account,Yes,2024-08-26,,1,1,1,,1,1,1,1,,,Yes,,FCT,,gwa18
6fc49d98-e053-4235-a986-ea9f1c8111cb,Deposit_Account,Yes,2024-08-25,,1,1,1,,1,1,1,1,,,Yes,,FCT,,gwa18
16e0ff9d-0206-41d0-8c95-3e6ef7e5e544,Deposit_Account,Yes,2024-08-27,,1,1,1,,1,1,1,1,,,Yes,,FCT,,gwa18
7de09718-8b83-4dff-b3cb-2a7e989c2692,Deposit_Account,Yes,2024-08-25,,1,1,1,,1,1,1,1,,,Yes,,FCT,,gwa18
8c747b1c-c29f-48aa-8e18-a1093ae49f57,Deposit_Account,Yes,2024-08-26,,1,1,1,,1,1,1,1,,,Yes,,FCT,,gwa18
ca0ef06a-986a-4f16-92ae-95999a419da7,Deposit_Account,Yes,2024-08-26,,1,1,1,,1,1,1,1,,,Yes,,FCT,,gwa18
07ccd068-589e-410e-83cf-707af930ee7b,Deposit_Account,Yes,2024-08-27,,1,1,1,,1,1,1,1,,,Yes,,Kaduna,,ika31
fdf5482b-fa76-4245-b4d5-b0329bf25623,Deposit_Account,Yes,2024-08-27,,1,1,1,,1,1,1,1,,,Yes,,Kaduna,,ika31
a9a9e0d8-6cf2-4bcd-a579-8de9b00106d5,Deposit_Account,Yes,2024-08-27,,1,1,1,,1,1,1,1,,,Yes,,Kaduna,,ika31
13df20b4-09df-4856-bddb-320c8b5c5e71,Deposit_Account,Yes,2024-08-27,,1,1,1,,1,1,1,1,,,Yes,,Kaduna,,ika31
76dfa46a-5076-426d-b9fd-3720e579df17,Deposit_Account,Yes,2024-08-27,,1,1,1,,1,1,1,1,,,Yes,,Kaduna,,ika31
402f5082-656e-48df-8420-46469cee7cc9,Deposit_Account,Yes,2024-08-27,,1,1,1,,1,1,1,1,,,Yes,,Kaduna,,ika31
99bb97cd-1422-45eb-822f-0e4d13c051e5,Deposit_Account,Yes,2024-08-27,,1,1,1,,1,1,1,1,,,Yes,,Kaduna,,ika31
4dfbd902-fcda-4b5c-a139-32a81621245d,Deposit_Account,Yes,2024-08-27,,1,1,1,,1,1,1,1,,,Yes,,Kaduna,,ika31
9e594ba3-9b59-4cd6-a283-3221040d7eb7,Deposit_Account,Yes,2024-08-27,,1,1,1,,1,1,1,1,,,Yes,,Kaduna,,ika31
2791e9e2-3d8e-48af-98d1-31a7dedddb1e,Deposit_Account,Yes,2024-08-27,,1,1,1,,1,1,1,1,,,Yes,,Kaduna,,ika31
d7130c1d-fef1-4f5e-91b5-3f5538887e8d,Deposit_Account,Yes,2024-08-27,,1,1,1,,1,1,1,1,,,Yes,,Kaduna,,ika31
72d3945a-a668-417e-a133-6ff655ea9932,Deposit_Account,Yes,2024-08-27,,1,1,1,,1,1,1,1,,,Yes,,Kaduna,,ika31
3dfc1fa7-3af5-4e8b-8e1f-3d0213c79251,Deposit_Account,Yes,2024-08-27,,1,1,,,1,1,1,1,,,Yes,,Kaduna,,ika31
9f7e71a3-f2b9-49a7-bf8c-66ab5fc75333,Deposit_Account,Yes,2024-08-27,,1,1,1,,1,1,1,1,,,Yes,,Kaduna,,ika31
e504f503-4f87-4c2a-af2d-48be26fd0b61,Deposit_Account,Yes,2024-08-27,,1,1,1,,1,1,1,1,,,Yes,,Kaduna,,ika31
198735ae-d043-4fec-a7dd-9d4663b8c634,Deposit_Account,Yes,2024-08-27,,1,1,1,,1,1,1,1,,,Yes,,Kaduna,,ika31
c0d1ea97-528e-40a2-bf3c-6810a1e9b142,Deposit_Account,Yes,2024-08-27,,1,1,1,,1,1,1,1,,,Yes,,Kaduna,,ika31
24591af9-1319-4ae9-99cf-6089d9f41850,Deposit_Account,Yes,2024-08-27,,1,1,1,,1,1,1,1,,,Yes,,Kaduna,,ika31
47a77f2e-c180-444f-8eaa-64af2027fe0b,Deposit_Account,Yes,2024-08-27,,1,1,1,,1,1,1,1,,,Yes,,Kaduna,,ika31
b1bdd5cf-3372-4472-a890-bca91b032f4c,Deposit_Account,Yes,2024-08-27,,1,1,1,,1,1,1,1,,,Yes,,Kaduna,,ika31
c0640870-3734-48d3-b0bc-d9c54cc9737b,Deposit_Account,Yes,2024-08-27,,1,1,1,,1,1,1,1,,,Yes,,Kaduna,,ika31
3653c118-d355-4a83-8fa1-e436c24f1fcc,Deposit_Account,Yes,2024-08-27,,1,1,1,,1,1,1,1,,,Yes,,Kaduna,,ika31
90921bba-5bc6-4cad-91f8-54abdc66e1ff,Deposit_Account,Yes,2024-08-27,,1,1,1,,1,1,1,1,,,Yes,,Kaduna,,ika31
9e987687-b096-4896-acee-4dd5429d49b8,Deposit_Account,Yes,2024-08-27,,1,1,1,,1,1,1,1,,,Yes,,Kaduna,,ika31
569b1d96-da6b-4529-8411-4d0fa2e12970,Deposit_Account,Yes,2024-08-27,,1,1,1,,1,1,1,1,,,Yes,,Kaduna,,ika31
f1370cd0-1d5d-49eb-b005-40f57aa18744,Deposit_Account,Yes,2024-08-27,,1,1,1,,1,1,1,1,,,Yes,,Kaduna,,ika31
a5cf72c3-2e74-4e53-a77b-1ce01d19d527,Deposit_Account,Yes,2024-08-27,,1,1,1,,1,1,1,1,,,Yes,,Kaduna,,ika31
dafe5e55-8387-43ff-801c-ba38297df6c1,Deposit_Account,Yes,2024-08-27,,1,1,1,,1,1,1,1,,,Yes,,Kaduna,,ika31
b511abaa-7b16-43c4-91c7-7f456139dd47,Deposit_Account,Yes,2024-08-27,,1,1,1,,1,1,1,1,,,Yes,,Kaduna,,ika31
1b91cd34-84e9-4893-b10f-00849224f228,Deposit_Account,Yes,2024-08-27,,1,1,1,,1,1,1,1,,,Yes,,Kaduna,,ika32
a786d405-a5ae-4913-9157-017ebb649a50,Deposit_Account,Yes,2024-08-27,,1,1,1,,1,1,1,1,,,Yes,,Kaduna,,ika32
1db42d30-02a5-4a9d-817c-969417c57700,Deposit_Account,Yes,2024-08-27,,1,1,1,,1,1,1,1,,,Yes,,Kaduna,,ika32
58da7282-81c9-4de9-b20e-128a5111af6f,Deposit_Account,Yes,2024-08-27,,1,1,1,,1,1,1,1,,,Yes,,Kaduna,,ika32
60de44cd-5d27-4fed-81b4-6995be9392e6,Deposit_Account,Yes,2024-08-27,,1,1,1,,1,1,1,1,,,Yes,,Kaduna,,ika32
bcf54466-e873-44bd-95c6-c9cb07862bf2,Deposit_Account,Yes,2024-08-27,,1,1,1,,1,1,1,1,,,Yes,,Kaduna,,ika32
ab703e96-8d65-48dd-8dda-8b4dbf0ff05b,Deposit_Account,Yes,2024-08-27,,1,1,1,,1,1,1,,,,Yes,,Kaduna,,ika32
991b6240-9db2-402e-ad23-a1bcfd5a05a4,Deposit_Account,Yes,2024-08-27,,1,1,1,,1,1,1,1,,,Yes,,Kaduna,,ika32
47a25261-8c82-4b02-9a08-42799a54442c,Deposit_Account,Yes,2024-08-27,,1,1,1,,1,1,1,1,,,Yes,,Kaduna,,ika32
806e8d53-0871-4a45-b601-e627328f4dd5,Deposit_Account,Yes,2024-08-27,,1,1,1,,1,1,1,1,,,Yes,,Kaduna,,ika32
a5613d63-b678-4701-949d-23bdf2fd26b1,Deposit_Account,Yes,2024-08-27,,1,1,1,,1,1,1,1,,,Yes,,Kaduna,,ika32
8bc8aa1f-eab7-4dc9-9525-2f58e9f4865a,Deposit_Account,Yes,2024-08-27,,1,1,1,,1,1,1,1,,,Yes,,Kaduna,,ika32
420f670f-b5ea-496a-b75e-833df2766dba,Deposit_Account,Yes,2024-08-27,,1,1,1,,1,1,1,1,,,Yes,,Kaduna,,ika32
67fe65bc-ab2c-4552-872d-5dfdc00d5219,Deposit_Account,Yes,2024-08-27,,1,1,1,,1,1,1,1,,,Yes,,Kaduna,,ika32
d2bbf369-6a86-4f5b-b9df-8ea7719988c3,Deposit_Account,Yes,2024-08-27,,1,1,1,,1,1,1,1,,,Yes,,Kaduna,,ika32
cecde1f7-4591-4070-a223-d710f37b2027,Deposit_Account,Yes,2024-08-27,,1,1,1,,1,1,1,1,,,Yes,,Kaduna,,ika32
83ecbee1-f4c6-47fe-b765-73c7d311c721,Deposit_Account,Yes,2024-08-27,,1,1,1,,1,1,1,1,,,Yes,,Kaduna,,ika32
504faebf-4eeb-4502-88bb-88065d990907,Deposit_Account,Yes,2024-08-27,,1,1,1,,1,1,1,1,,,Yes,,Kaduna,,ika32
e68bbb27-054f-4a6e-add4-3ec982bb2bc1,Deposit_Account,Yes,2024-08-27,,1,1,1,,1,1,1,1,,,Yes,,Kaduna,,ika32
0590f832-ee73-487d-9b02-8b04bfd38d66,Deposit_Account,Yes,2024-08-27,,1,1,1,,1,1,1,1,,,Yes,,Kaduna,,ika32
152e6551-61e8-4e04-b19c-de5391149189,Deposit_Account,Yes,2024-08-27,,1,1,1,,1,1,1,1,,,Yes,,Kaduna,,ika32
91574ffe-7786-4fc7-ab1f-e7ac5f8d3f64,Deposit_Account,Yes,2024-08-27,,1,1,1,,1,1,1,1,,,Yes,,Kaduna,,ika32
faa5c6dc-7ded-47ce-8936-e7cf7d1c7f46,Deposit_Account,Yes,2024-08-27,,1,1,1,,1,1,1,1,,,Yes,,Kaduna,,ika32
80372ece-925a-4106-a367-02c45ee7f917,Deposit_Account,Yes,2024-08-27,,1,1,1,,1,1,1,1,,,Yes,,Kaduna,,ika32
ad522116-a1ef-46fa-96fc-afb13d6a657b,Deposit_Account,Yes,2024-08-27,,1,1,1,,1,1,1,1,,,Yes,,Kaduna,,ika32
badc9e44-2672-4915-ada7-13dec9912513,Deposit_Account,Yes,2024-08-27,,1,1,1,,1,1,1,1,,,Yes,,Kaduna,,ika32
172e9d92-e2e1-4285-86c9-4ce3e741f802,Deposit_Account,Yes,2024-08-27,,1,1,1,,1,1,1,1,,,Yes,,Kaduna,,ika32
7c9caa4c-7d28-4ba0-8c0e-bafbee333299,Deposit_Account,Yes,2024-08-27,,1,1,1,,1,1,1,1,,,Yes,,Kaduna,,ika32
2af7957f-a1dc-4d35-97ee-122988a00c2a,Deposit_Account,Yes,2024-08-27,,1,1,1,,1,1,1,1,,,Yes,,Kaduna,,ika32
23103f4d-28a0-4caf-b96d-6c453ca91bd8,Deposit_Account,Yes,2024-08-27,,1,1,1,,1,1,1,1,,,Yes,,Kaduna,,ika32
aa343c67-302b-4db6-bec2-2d65d80db41b,Deposit_Account,Yes,2024-07-27,,1,1,1,,1,1,1,1,,,Yes,,Kano,,bun07
83e8f89b-6df6-4fff-bc4a-15a615e1d50c,Deposit_Account,Yes,2024-07-27,,1,1,1,,1,1,1,1,,,Yes,,Kano,,bun07
8c89171e-6a2e-4c10-bfa5-6a824c2b53ce,Deposit_Account,Yes,2024-07-27,,1,1,1,,1,1,1,1,,,Yes,,Kano,,bun07
b40f4bd9-b84b-47b5-bc75-938f7907a0b9,Deposit_Account,Yes,2024-07-27,,1,1,1,,1,1,1,1,,,Yes,,Kano,,bun07
f675f746-626b-41a6-8048-e60c33c8f394,Deposit_Account,Yes,2024-07-27,,1,1,1,,1,1,1,1,,,Yes,,Kano,,bun07
82a22c81-465f-4833-86d7-dd1bd9344f14,Deposit_Account,Yes,2024-07-27,,1,1,1,,1,1,1,1,,,Yes,,Kano,,bun07
d2e3f0f4-8cc8-471c-94f4-b2745a61b6d8,Deposit_Account,Yes,2024-07-27,,1,1,1,,1,1,1,1,,,Yes,,Kano,,bun07
726c876b-0f6d-46dc-b4b9-584e5fa1aff2,Deposit_Account,Yes,2024-08-27,,1,1,1,,1,1,1,1,,,Yes,,Kaduna,,ika33
e6c80240-e595-4898-8ae5-53b093df6376,Deposit_Account,Yes,2024-08-27,,1,1,1,,1,1,1,1,,,Yes,,Kaduna,,ika33
eaeaf57d-0e1b-4f6d-8668-7a0809fe60aa,Deposit_Account,Yes,2024-08-27,,1,1,1,,1,1,1,1,,,Yes,,Kaduna,,ika33
02ba071e-aa62-473e-8090-caf454a89200,Deposit_Account,Yes,2024-08-27,,1,1,1,,1,1,1,1,,,Yes,,Kaduna,,ika33
310063f1-da9d-493c-a6e7-2ba7453ee6d4,Deposit_Account,Yes,2024-08-27,,1,1,1,,1,1,1,1,,,Yes,,Kaduna,,ika33
87259c57-9c58-47ba-9f17-c4d43707de84,Deposit_Account,Yes,2024-08-27,,1,1,1,,1,1,1,1,,,Yes,,Kaduna,,ika33
efd83c4f-9d6b-401f-bd30-9c5da3e6e578,Deposit_Account,Yes,2024-08-27,,1,1,1,,1,1,1,1,,,Yes,,Kaduna,,ika33
3e15e696-60ef-44d1-9329-385963753c04,Deposit_Account,Yes,2024-08-27,,1,1,1,,1,1,,,,,Yes,,Kaduna,,ika33
890936aa-a508-46cf-98da-70a34d58c587,Deposit_Account,Yes,2024-08-27,,1,1,1,,1,1,1,1,,,Yes,,Kaduna,,ika33
5128b5ed-1038-49c6-9b2b-9e94370e38b9,Deposit_Account,Yes,2024-08-27,,1,1,1,,1,1,1,1,,,Yes,,Kaduna,,ika33
6e8c51e4-1b52-488e-8969-326458ce0861,Deposit_Account,Yes,2024-08-27,,1,1,1,,1,1,1,1,,,Yes,,Kaduna,,ika33
15ce20c4-5884-466a-babb-c43212a381ef,Deposit_Account,Yes,2024-08-27,,1,1,1,,1,1,1,1,,,Yes,,Kaduna,,ika33
a9f06eba-cbf8-4dd2-993e-b0935ee8e51a,Deposit_Account,Yes,2024-08-27,,1,1,1,,1,1,1,1,,,Yes,,Kaduna,,ika33
cedb3ba5-8c6a-4016-ae44-901ed75262c5,Deposit_Account,Yes,2024-08-27,,1,1,1,,1,1,1,1,,,Yes,,Kaduna,,ika33
5bdbb074-a1f0-4ed8-ba1f-f3ff195525bd,Deposit_Account,Yes,2024-08-27,,1,1,1,,1,1,1,1,,,Yes,,Kaduna,,ika33
f12a88c7-7fb0-4b87-9bc7-a9794b18ecd6,Deposit_Account,Yes,2024-08-27,,1,1,1,,1,1,1,1,,,Yes,,Kaduna,,ika33
50352901-3f8e-417d-bc1d-ab27b12d5795,Deposit_Account,Yes,2024-08-27,,1,1,1,,1,1,1,1,,,Yes,,Kaduna,,ika33
72a8a1b1-10d1-4e2f-a9a8-46e50881dce6,Deposit_Account,Yes,2024-08-27,,1,1,1,,1,1,1,1,,,Yes,,Kaduna,,ika33
97644837-cdf2-4766-85c2-0b60dad3448a,Deposit_Account,Yes,2024-08-27,,1,1,1,,1,1,1,1,,,Yes,,Kaduna,,ika33
7130ad95-789e-4f0d-bef3-b517d152c27b,Deposit_Account,Yes,2024-08-27,,1,1,1,,1,1,1,1,,,Yes,,Kaduna,,ika33
a6a22211-6de3-4a0f-b2c7-e750bca52ada,Deposit_Account,Yes,2024-08-27,,1,1,1,,1,1,1,1,,,Yes,,Kaduna,,ika33
092da7c3-4c7c-43ce-9403-d1733228291b,Deposit_Account,Yes,2024-08-27,,1,1,1,,1,1,1,1,,,Yes,,Kaduna,,ika33
12eef374-8b20-4e8c-8da1-0734b3fb8585,Deposit_Account,Yes,2024-08-27,,1,1,1,,1,1,1,1,,,Yes,,Kaduna,,ika33
c561cd63-4885-418a-bf02-d649e434c434,Deposit_Account,Yes,2024-08-27,,1,1,1,,1,1,1,1,,,Yes,,Kaduna,,ika33
a6d278f6-6092-4c8e-8584-c477080a7c98,Deposit_Account,Yes,2024-08-27,,1,1,1,,1,1,1,1,,,Yes,,Kaduna,,ika33
13ea69a8-0eee-47b7-be57-2c77e596ce0a,Deposit_Account,Yes,2024-08-27,,1,1,1,,1,1,1,1,,,Yes,,Kaduna,,ika33
5bb0c083-6951-422c-9b50-9aede6759d37,Deposit_Account,Yes,2024-08-27,,1,1,1,,1,1,1,1,,,Yes,,Kaduna,,ika33
32456abe-2caf-476a-b06c-52310de5a8f3,Deposit_Account,Yes,2024-08-27,,1,1,1,,1,1,1,1,,,Yes,,Kaduna,,ika33
4206cf45-fcb0-4ec3-ba21-113fccf2e6c6,Deposit_Account,Yes,2024-08-27,,1,1,1,,1,1,1,1,,,Yes,,Kaduna,,ika33
885488e1-71d8-4faa-aef0-4eefd5a32ed2,Deposit_Account,Yes,2024-08-27,,1,1,1,,1,1,1,1,,,Yes,,Kaduna,,ika33
958ab418-47ad-47ec-9517-9c8731d98e97,Deposit_Account,Yes,2024-08-27,,1,1,1,,1,1,1,1,,,Yes,,Kaduna,,ika33
1c46f6f5-61c7-4058-bb81-f7c07e748aba,Deposit_Account,Yes,2024-08-27,,1,1,1,,1,1,1,1,,,Yes,,Kaduna,,ika34
d28dfaa0-d49b-4d70-8efc-f35808c5ac6b,Deposit_Account,Yes,2024-08-27,,1,1,1,,1,1,1,1,,,Yes,,Kaduna,,ika34
69217ebb-6e72-4a0e-8947-3d8d609f44d1,Deposit_Account,Yes,2024-08-27,,1,1,1,,1,1,1,1,,,Yes,,Kaduna,,ika34
5b8aaa37-4269-43c6-8d14-dedb47c55f4b,Deposit_Account,Yes,2024-08-27,,1,1,1,,1,1,1,1,,,Yes,,Kaduna,,ika34
50f72cd7-bb98-424e-a0a2-c7aa7c0a7287,Deposit_Account,Yes,2024-08-27,,1,1,1,,1,1,1,1,,,Yes,,Kaduna,,ika34
2bfde2e1-d52f-453b-aedd-4c9de0106c27,Deposit_Account,Yes,2024-08-27,,1,1,1,,1,1,1,1,,,Yes,,Kaduna,,ika34
b02daaee-5ef3-4c0f-af63-761518d8fcad,Deposit_Account,Yes,2024-08-27,,1,1,1,,1,1,1,1,,,Yes,,Kaduna,,ika34
91261185-8ca0-48b0-833c-1664a8199e8d,Deposit_Account,Yes,2024-08-27,,1,1,1,,1,1,1,1,,,Yes,,Kaduna,,ika34
a7e757a5-4235-4bd2-a921-192d67f8996e,Deposit_Account,Yes,2024-08-27,,1,1,1,,1,1,1,1,,,Yes,,Kaduna,,ika34
68cbb1cc-a30f-41b7-87b0-398d861c2b70,Deposit_Account,Yes,2024-08-27,,1,1,1,,1,1,1,1,,,Yes,,Kaduna,,ika34
654f295f-bde1-45e1-b7d1-2c3d2d4980d6,Deposit_Account,Yes,2024-08-27,,1,1,1,,1,1,1,1,,,Yes,,Kaduna,,ika34
3786f77b-1015-41ec-a85c-2ad0becb729f,Deposit_Account,Yes,2024-08-27,,1,1,1,,1,1,1,1,,,Yes,,Kaduna,,ika34
6faa0565-6d51-4825-a523-3ead20c1a5dd,Deposit_Account,Yes,2024-08-27,,1,1,1,,1,1,1,1,,,Yes,,Kaduna,,ika34
986db7bb-c0b2-4126-b075-82a396f46850,Deposit_Account,Yes,2024-08-27,,1,1,1,,1,1,1,1,,,Yes,,Kaduna,,ika34
36c7ca7d-7ede-4ee9-883a-b5340b0b4770,Deposit_Account,Yes,2024-08-27,,1,1,1,,1,1,1,1,,,Yes,,Kaduna,,ika34
fad3a74c-750b-467d-84e7-0471d938ff5c,Deposit_Account,Yes,2024-08-27,,1,1,1,,1,1,1,1,,,Yes,,Kaduna,,ika34
a94508ca-968a-4ef4-876c-571a9e827d7c,Deposit_Account,Yes,2024-08-27,,1,1,1,,1,1,1,1,,,Yes,,Kaduna,,ika34
5fb0aada-5f1e-4067-a6e1-771fe199e5af,Deposit_Account,Yes,2024-08-27,,1,1,1,,1,1,1,1,,,Yes,,Kaduna,,ika34
42ac982b-b598-4184-b441-658587f2a4b7,Deposit_Account,Yes,2024-08-27,,1,1,1,,1,1,1,1,,,Yes,,Kaduna,,ika34
c35faa09-65a1-49d7-b23e-83a360f236c0,Deposit_Account,Yes,2024-08-27,,1,1,1,,1,1,1,1,,,Yes,,Kaduna,,ika34
9370722c-ee63-4efe-ac03-87c31ee44fef,Deposit_Account,Yes,2024-08-27,,1,1,1,,1,1,1,1,,,Yes,,Kaduna,,ika34
d32718fd-c0ff-4278-b3ab-51c75537d395,Deposit_Account,Yes,2024-08-27,,1,1,1,,1,1,1,1,,,Yes,,Kaduna,,ika34
fe7f3eaa-45ee-41ae-83ef-a2845686cc28,Deposit_Account,Yes,2024-08-27,,1,1,1,,1,1,1,1,,,Yes,,Kaduna,,ika34
47793dc7-6f21-4067-a31e-8b065894ea37,Deposit_Account,Yes,2024-08-22,,1,1,1,,1,1,1,1,,,Yes,,Kaduna,,ika34
3a30e282-dfab-4ce5-8a87-9c2b3a72a9a4,Deposit_Account,Yes,2024-08-27,,1,1,1,,1,1,1,1,,,Yes,,Kaduna,,ika34
de727bfd-c7e0-451b-89b0-5a6a88a967a7,Deposit_Account,Yes,2024-08-27,,1,1,1,,1,1,1,1,,,Yes,,Kaduna,,ika34
a70e02f9-581b-494a-8569-707f8cbcc969,Deposit_Account,Yes,2024-08-23,,1,1,1,,1,1,1,1,,,Yes,,Kaduna,,ika34
3dd86bfc-1298-4961-96fc-df25cd39c8f3,Deposit_Account,Yes,2024-08-27,,1,1,1,,1,1,1,1,,,Yes,,Kaduna,,ika34
ba7f8f1d-667c-47c9-ba19-2e55f5c44c2b,Deposit_Account,Yes,2024-08-27,,1,1,1,,1,1,1,1,,,Yes,,Kaduna,,ika36
bd4cdef9-6b41-49d4-8213-54bc6759c916,Deposit_Account,Yes,2024-08-27,,1,1,1,,1,1,1,1,,,Yes,,Kaduna,,ika36
8894e760-9408-42e1-9f83-83922d45228f,Deposit_Account,Yes,2024-08-27,,1,1,1,,1,1,1,1,,,Yes,,Kaduna,,ika36
9d2421c8-d408-4918-9623-4c77bc955b64,Deposit_Account,Yes,2024-08-27,,1,1,1,,1,1,1,1,,,Yes,,Kaduna,,ika36
c3913da7-827f-4783-b3fd-d13b0a3d71b9,Deposit_Account,Yes,2024-08-27,,1,1,1,,1,1,1,1,,,Yes,,Kaduna,,ika36
4eb1fe54-73a5-4102-8177-53d06a8f1e60,Deposit_Account,Yes,2024-08-27,,1,1,1,,1,1,1,,,,Yes,,Kaduna,,ika36
fdd29bfe-9eee-425a-8978-c6d500d339a9,Deposit_Account,Yes,2024-08-27,,1,1,1,,1,1,1,1,,,Yes,,Kaduna,,ika36
fff929f4-26c8-40c7-9ef8-0ffb2491347c,Deposit_Account,Yes,2024-08-27,,1,1,1,,1,1,1,1,,,Yes,,Kaduna,,ika36
7122c1d7-ac9c-43c3-9b59-e5fe14d18f41,Deposit_Account,Yes,2024-08-27,,1,1,1,,1,1,1,1,,,Yes,,Kaduna,,ika36
5656efd3-a001-4f6d-84ea-ef16622ba4fb,Deposit_Account,Yes,2024-08-27,,1,1,1,,1,1,1,1,,,Yes,,Kaduna,,ika36
a4bbdd0a-3d8e-42c5-ac2d-ae65dac93e3a,Deposit_Account,Yes,2024-08-27,,1,1,1,,1,1,1,1,,,Yes,,Kaduna,,ika36
26c274e3-2b1c-4869-a7b1-8ad75c430a77,Deposit_Account,Yes,2024-08-27,,1,1,1,,1,1,1,1,,,Yes,,Kaduna,,ika36
b35cb72c-caab-479c-a78d-42f4a069548b,Deposit_Account,Yes,2024-08-27,,1,1,1,,1,1,1,1,,,Yes,,Kaduna,,ika36
721682a3-d01b-4169-be73-8df77cabd50b,Deposit_Account,Yes,2024-08-27,,1,1,1,,1,1,1,1,,,Yes,,Kaduna,,ika36
391251dc-c8af-4bfe-856a-bdf66efac12d,Deposit_Account,Yes,2024-08-27,,1,1,1,,1,1,1,1,,,Yes,,Kaduna,,ika36
eb7b1e3c-b230-4972-ad3d-a99dc09d2efc,Deposit_Account,Yes,2024-08-27,,1,1,1,,1,1,1,1,,,Yes,,Kaduna,,ika36
61b0699e-1bd8-4431-9bb0-e24e4393af2e,Deposit_Account,Yes,2024-08-27,,1,1,1,,1,1,1,1,,,Yes,,Kaduna,,ika36
44e628c3-8d6d-4984-aa6e-75d91ce96326,Deposit_Account,Yes,2024-08-27,,1,1,1,,1,1,1,1,,,Yes,,Kaduna,,ika36
da85567d-e087-4f36-b932-a72acba7f0c0,Deposit_Account,Yes,2024-08-27,,1,1,1,,1,1,1,1,,,Yes,,Kaduna,,ika36
bb7a7d25-a7d1-43ef-8bb4-408a74e1278c,Deposit_Account,Yes,2024-08-27,,1,1,1,,1,1,1,1,,,Yes,,Kaduna,,ika36
6df0d7ef-6869-4dd7-9a5e-525be89621d7,Deposit_Account,Yes,2024-08-27,,1,1,1,,1,1,1,1,,,Yes,,Kaduna,,ika36
9ef3aa34-d602-4bf9-b9f8-8d0c48b1bbf1,Deposit_Account,Yes,2024-08-27,,1,1,1,,1,1,1,1,,,Yes,,Kaduna,,ika36
3f960c7c-c9d2-48f8-b3d4-c4835968396c,Deposit_Account,Yes,2024-08-27,,1,1,1,,1,1,1,1,,,Yes,,Kaduna,,ika36
f33067cc-c9a5-44ad-abcb-5700821e5ca1,Deposit_Account,Yes,2024-08-27,,1,1,1,,1,1,1,1,,,Yes,,Kaduna,,ika36
a60a36b5-c462-46dc-9f69-50caea1427af,Deposit_Account,Yes,2024-08-27,,1,1,1,,1,1,1,1,,,Yes,,Kaduna,,ika36
c1edfc2a-f450-4e96-9677-034b831d37f3,Deposit_Account,Yes,2024-08-27,,1,1,1,,1,1,1,1,,,Yes,,Kaduna,,ika36
cdec42c4-8420-4b5b-aba7-c13586107a3a,Deposit_Account,Yes,2024-08-27,,1,1,1,,1,1,1,1,,,Yes,,Kaduna,,ika36
2588cf46-1a85-4e67-93cd-52b877c2cd25,Deposit_Account,Yes,2024-08-27,,1,1,1,,1,1,1,1,,,Yes,,Kaduna,,ika36
ec3afcd9-27c1-46ae-888e-21c77fef9c22,Deposit_Account,Yes,2024-08-27,,1,1,1,,1,1,1,1,,,Yes,,Kaduna,,ika36
73d5c888-8fd1-44ea-88bf-b0179b9fe88e,Deposit_Account,Yes,2024-08-27,,1,1,1,,1,1,1,1,,,Yes,,Kaduna,,ika36
b8f7a3f3-b43d-437c-90cd-0b93d4053eab,Deposit_Account,Yes,2024-08-27,,1,1,1,,1,1,1,1,,,Yes,,Jigawa,,jah39
676cdbd2-8b4a-467e-8a18-c8b79bb750e1,Deposit_Account,Yes,2024-08-27,,1,1,1,,1,1,1,1,,,Yes,,Jigawa,,jah39
e5a0a157-107f-4459-b0d9-82ded65b5985,Deposit_Account,Yes,2024-08-27,,1,1,1,,1,1,1,1,,,Yes,,Jigawa,,jah39
c5423afc-d316-40d9-9ea0-14bd0bf5226d,Deposit_Account,Yes,2024-08-27,,1,1,1,,1,1,1,1,,,Yes,,Jigawa,,jah39
9c499b95-bb43-4d24-8806-d9a02ad6c882,Deposit_Account,Yes,2024-08-27,,1,1,1,,1,1,1,1,,,Yes,,Jigawa,,jah39
b5c49a99-0f77-47c0-97ac-512e1e53e395,Deposit_Account,Yes,2024-08-27,,1,1,1,,1,1,1,1,,,Yes,,Jigawa,,jah39
8bed450a-566f-451c-a713-f0a02070de20,Deposit_Account,Yes,2024-08-27,,1,1,1,,1,1,1,1,,,Yes,,Jigawa,,jah39
9550fab9-9cbd-4ae8-b08f-4206537727b0,Deposit_Account,Yes,2024-08-27,,1,1,1,,1,1,1,1,,,Yes,,Jigawa,,jah39
1779a921-daac-440c-b1c3-afd99d33559b,Deposit_Account,Yes,2024-08-27,,1,1,1,,1,1,1,1,,,Yes,,Jigawa,,jah39
3a5c19ea-f272-435d-8e6b-f90e09992925,Deposit_Account,Yes,2024-08-27,,1,1,1,,1,1,1,1,,,Yes,,Jigawa,,jah39
db11879e-ebdb-494d-9ddc-30b2bd509815,Deposit_Account,Yes,2024-08-27,,1,1,1,,1,1,1,1,,,Yes,,Jigawa,,jah39
fd3f2cd9-deec-4a5a-9389-168e9e00fd62,Deposit_Account,Yes,2024-08-27,,1,1,1,,1,1,1,1,,,Yes,,Jigawa,,jah39
1ac6ed7f-5126-49d7-859f-e027618a311b,Deposit_Account,Yes,2024-08-27,,1,1,1,,1,1,1,1,,,Yes,,Jigawa,,jah39
fe36d4ce-4d1f-46d8-8320-9daf07a75f41,Deposit_Account,Yes,2024-08-27,,1,1,1,,1,1,1,1,,,Yes,,Jigawa,,jah39
48c83621-d04d-4f93-a308-90fdb01d5b04,Deposit_Account,Yes,2024-08-27,,1,1,1,,1,1,1,1,,,Yes,,Jigawa,,jah39
6875b551-5820-47a0-8fa0-b95841d8fcf8,Deposit_Account,Yes,2024-08-27,,1,1,1,,1,1,1,1,,,Yes,,Jigawa,,jah39
a6bc37a6-ab75-4269-b734-d5f069579690,Deposit_Account,Yes,2024-08-27,,1,1,1,,1,1,1,1,,,Yes,,Jigawa,,jah39
52d297aa-e099-45cd-9a79-bd0e668a73ef,Deposit_Account,Yes,2024-08-27,,1,1,1,,1,1,1,1,,,Yes,,Jigawa,,jah39
f92e227a-be4f-418c-8168-7cbfe1ad3ff0,Deposit_Account,Yes,2024-08-27,,1,1,1,,1,1,1,1,,,Yes,,Jigawa,,jah39
5b3a6999-a719-481e-833e-d43948e1c541,Deposit_Account,Yes,2024-08-27,,1,1,1,,1,1,1,1,,,Yes,,Jigawa,,jah39
68e32135-e34d-4378-9eae-9ef7fd341e15,Deposit_Account,Yes,2024-08-27,,1,1,1,,1,1,1,1,,,Yes,,Jigawa,,jah39
562ff1a8-a83e-4466-bbba-1f08d06d1ad2,Deposit_Account,Yes,2024-08-27,,1,1,1,,1,1,1,1,,,Yes,,Jigawa,,jah39
a1e7d06b-232f-464f-928c-6fa9acd06997,Deposit_Account,Yes,2024-08-27,,1,1,1,,1,1,1,1,,,Yes,,Jigawa,,jah39
0f296c96-649b-4564-8c0a-34c5b3ee6148,Deposit_Account,Yes,2024-08-27,,1,1,1,,1,1,1,1,,,Yes,,Jigawa,,jah39
2bfcccc1-8f59-4a0e-a5a2-a7e679c7ed46,Deposit_Account,Yes,2024-08-27,,1,1,1,,1,1,1,1,,,Yes,,Jigawa,,jah39
8801993b-8f64-4731-bb62-451243ac1a8a,Deposit_Account,Yes,2024-08-27,,1,1,1,,1,1,1,1,,,Yes,,Jigawa,,jah39
95a0c9e0-b428-4b98-8310-3ff2b742908f,Deposit_Account,Yes,2024-08-27,,1,1,1,,1,1,1,1,,,Yes,,Jigawa,,jah39
942eed28-6f2a-4d8f-b6ed-73258ad96c8c,Deposit_Account,Yes,2024-08-27,,1,1,1,,1,1,1,1,,,Yes,,Jigawa,,jah39
3d0550aa-c2df-4c96-b14c-b15c0a14b740,Deposit_Account,Yes,2024-08-27,,1,1,1,,1,1,1,1,,,Yes,,Jigawa,,jah39
1a6a92a5-851e-49e3-ad6a-135579f1423d,Deposit_Account,Yes,2024-08-27,,1,1,1,,1,1,1,1,,,Yes,,Jigawa,,jah39
7fb73da4-7545-407f-b3f0-2c4e75177d89,Deposit_Account,Yes,2024-08-27,,1,1,1,,1,1,1,1,,,Yes,,Jigawa,,jah39
8005e385-1981-4ce9-aa07-90a40301fff6,Deposit_Account,Yes,2024-08-25,,1,1,1,,1,1,1,1,,,Yes,,Kano,,gmm55
8d14d7f8-27f8-4023-b655-9786fe4f6f66,Deposit_Account,Yes,2024-08-25,,1,1,1,,1,1,1,1,,,Yes,,Kano,,gmm55
0a989fd5-1947-495f-a470-2e7801ffd260,Deposit_Account,Yes,2024-08-24,,1,1,1,,1,1,1,1,,,Yes,,Kano,,gmm55
428634e2-f15e-4773-915e-cc2f85727bd9,Deposit_Account,Yes,2024-08-25,,1,1,1,,1,1,1,1,,,Yes,,Kano,,gmm55
05d9a8c8-c335-4b27-9a48-471f92738855,Deposit_Account,Yes,2024-08-25,,1,1,1,,1,1,1,1,,,Yes,,Kano,,gmm55
a433129a-6576-457b-9881-ec81d1fc882d,Deposit_Account,Yes,2024-08-25,,1,1,1,,1,1,1,1,,,Yes,,Kano,,gmm55
21a1e33f-84bb-439e-bad7-0210a252bdab,Deposit_Account,Yes,2024-08-25,,1,1,1,,1,1,1,1,,,Yes,,Kano,,gmm55
68660793-7448-4126-a6b2-7026ea1fe745,Deposit_Account,Yes,2024-08-25,,1,1,1,,1,1,1,1,,,Yes,,Kano,,gmm55
66e108f5-9089-404d-8f8f-627e962ca591,Deposit_Account,Yes,2024-08-25,,1,1,1,,1,1,1,1,,,Yes,,Kano,,gmm55
5c32d2ec-321e-4ef0-b54c-7db949d89b32,Deposit_Account,Yes,2024-08-25,,1,1,1,,1,1,1,1,,,Yes,,Kano,,gmm55
d10811aa-cb3e-4525-92e4-1e5782bb07da,Deposit_Account,Yes,2024-08-25,,1,1,1,,1,1,1,1,,,Yes,,Kano,,gmm55
57c46679-3218-45a9-89df-54c4ca4086d2,Deposit_Account,Yes,2024-08-25,,1,1,1,,1,1,1,1,,,Yes,,Kano,,gmm55
d53cf7f3-5440-45d4-8f75-a80c6e4f9cc4,Deposit_Account,Yes,2024-08-25,,1,1,1,,1,1,1,1,,,Yes,,Kano,,gmm55
61869fe6-b1ad-431d-ab09-91fd3ce67d50,Deposit_Account,Yes,2024-08-25,,1,1,1,,1,1,1,1,,,Yes,,Kano,,gmm55
c8ea6e62-46be-4bae-9c3b-dee699836866,Deposit_Account,Yes,2024-08-25,,1,1,1,,1,1,1,1,,,Yes,,Kano,,gmm55
8315964b-407a-45c7-bac5-de4ca88b4d3d,Deposit_Account,Yes,2024-08-25,,1,1,1,,1,1,1,1,,,Yes,,Kano,,gmm55
a7be84a2-da15-4c07-b7b1-2d3f073fff5b,Deposit_Account,Yes,2024-08-25,,1,1,1,,1,1,1,1,,,Yes,,Kano,,gmm55
a95e6558-e1dd-4f3b-a17e-2530bc2942a2,Deposit_Account,Yes,2024-08-25,,1,1,1,,1,1,1,1,,,Yes,,Kano,,gmm55
61524762-dd89-4e06-a265-6924cf5933a4,Deposit_Account,Yes,2024-08-25,,1,1,1,,1,1,1,1,,,Yes,,Kano,,gmm55
ac94aad5-9e61-4e89-8658-9f340fc66ade,Deposit_Account,Yes,2024-08-25,,1,1,1,,1,1,1,1,,,Yes,,Kano,,gmm55
808cea02-5372-450d-b83c-2f291a5dd337,Deposit_Account,Yes,2024-08-25,,1,1,1,,1,1,1,1,,,Yes,,Kano,,gmm55
33ee87f3-2e69-46ae-86e7-13e7cad55138,Deposit_Account,Yes,2024-08-25,,1,1,1,,1,1,1,1,,,Yes,,Kano,,gmm55
43f6f816-40bd-40d0-96d7-d813fb060aba,Deposit_Account,Yes,2024-08-24,,1,1,1,,1,1,1,1,,,Yes,,Kano,,gmm55
fc5fa933-4168-45bc-9d73-e269be6f6627,Deposit_Account,Yes,2024-08-25,,1,1,1,,1,1,1,1,,,Yes,,Kano,,gmm55
44c9ad05-7f7a-4441-a9a0-7b079830c060,Deposit_Account,Yes,2024-08-24,,1,1,1,,1,1,1,1,,,Yes,,Kano,,gmm55
700aed24-3a93-4635-9881-2901df2bbe28,Deposit_Account,Yes,2024-08-25,,1,1,1,,1,1,1,1,,,Yes,,Kano,,gmm55
9d5b98f7-7122-4714-8e5d-d0e58cd39bd7,Deposit_Account,Yes,2024-08-25,,1,1,1,,1,1,1,1,,,Yes,,Kano,,gmm55
cf54f1d8-1ea3-4a78-a691-7afaaf6e147c,Deposit_Account,Yes,2024-08-25,,1,1,1,,1,1,1,1,,,Yes,,Kano,,gmm55
f0f0fbad-19f1-4b84-ac59-0988c0c89fc2,Deposit_Account,Yes,2024-08-25,,1,1,1,,1,1,1,1,,,Yes,,Kano,,gmm61
07194a89-0e8f-4765-85e7-6a7f0a01cfce,Deposit_Account,Yes,2024-08-27,,1,1,1,,1,1,1,1,,,Yes,,Jigawa,,jah40
6020d1fb-2097-43f1-bf22-42e7148feb1d,Deposit_Account,Yes,2024-08-27,,1,1,1,,1,1,1,1,,,Yes,,Jigawa,,jah40
57c0a144-82a3-464c-a390-5bfc6948d3bb,Deposit_Account,Yes,2024-08-27,,1,1,1,,1,1,1,1,,,Yes,,Jigawa,,jah40
51e77519-1cab-4872-b002-4d338b7579aa,Deposit_Account,Yes,2024-08-27,,1,1,,1,1,1,1,1,,,Yes,,Jigawa,,jah40
f9daebdd-807f-4498-9986-eb8aebdc1f71,Deposit_Account,Yes,2024-08-27,,1,1,1,,1,1,1,1,,,Yes,,Jigawa,,jah40
2e8de85f-d154-482f-9489-c61ca3f26a67,Deposit_Account,Yes,2024-08-27,,1,1,1,,1,1,1,1,,,Yes,,Jigawa,,jah40
925686c8-ee15-4ee3-aa10-c46141011ba3,Deposit_Account,Yes,2024-08-27,,1,1,1,,1,1,1,1,,,Yes,,Jigawa,,jah40
0fa336e6-6cd0-4b96-9900-53d0e7e51855,Deposit_Account,Yes,2024-08-27,,1,1,1,,1,1,1,1,,,Yes,,Jigawa,,jah40
697936c0-31ae-4118-b9ea-6b08d87c650b,Deposit_Account,Yes,2024-08-27,,1,1,1,,1,1,1,1,,,Yes,,Jigawa,,jah40
2bdfcb53-fbd5-4fc8-8026-c4a6196d73e6,Deposit_Account,Yes,2024-08-27,,1,1,1,,1,1,1,1,,,Yes,,Jigawa,,jah40
bb6f3ed5-6db2-4d33-ac92-80179217cb85,Deposit_Account,Yes,2024-08-27,,1,1,1,,1,1,1,1,,,Yes,,Jigawa,,jah40
3ac8de6c-f0b3-457f-b715-2bb06a62b537,Deposit_Account,Yes,2024-08-27,,1,1,1,,1,1,1,1,,,Yes,,Jigawa,,jah40
e14f0a22-217a-4447-9184-ade7c17206f3,Deposit_Account,Yes,2024-08-27,,1,1,1,,1,1,1,1,,,Yes,,Jigawa,,jah40
b00a9f87-b517-4e70-8a41-9bcb7a5cab35,Deposit_Account,Yes,2024-08-27,,1,1,1,,1,1,1,1,,,Yes,,Jigawa,,jah40
f5f3be54-d861-4038-892f-1486e0f83052,Deposit_Account,Yes,2024-08-27,,1,1,1,,1,1,1,1,,,Yes,,Jigawa,,jah40
da672344-dceb-4974-bcb7-a2536d00f5a9,Deposit_Account,Yes,2024-08-27,,1,1,1,,1,1,1,1,,,Yes,,Jigawa,,jah40
b3af4a87-726d-4542-8977-4d05b683e017,Deposit_Account,Yes,2024-08-27,,1,1,1,,1,1,1,1,,,Yes,,Jigawa,,jah40
4821909b-8061-41b0-941e-3317df9f7efc,Deposit_Account,Yes,2024-08-27,,1,1,1,,1,1,1,1,,,Yes,,Jigawa,,jah40
c44e569c-d726-4061-9ab4-781042c66a5e,Deposit_Account,Yes,2024-08-27,,1,1,1,,1,1,1,1,,,Yes,,Jigawa,,jah40
3c03a5f9-f08f-414a-980e-4122259a1fda,Deposit_Account,Yes,2024-08-27,,1,1,1,,1,1,1,1,,,Yes,,Jigawa,,jah40
53dded8c-3c7e-489a-a345-2aad46610dfb,Deposit_Account,Yes,2024-08-27,,1,1,1,,1,1,1,1,,,Yes,,Jigawa,,jah40
19afcaa8-ec0a-4bff-9dc8-8eee80cb1eaa,Deposit_Account,Yes,2024-08-27,,1,1,1,,1,1,1,1,,,Yes,,Jigawa,,jah40
5af764e4-b60a-4713-b44a-16b2c9f135f1,Deposit_Account,Yes,2024-08-27,,1,1,1,,1,1,1,1,,,Yes,,Jigawa,,jah40
bbd6248c-75a9-4369-80bb-a625d6aa4abe,Deposit_Account,Yes,2024-08-27,,1,1,1,,1,1,1,1,,,Yes,,Jigawa,,jah40
37f2a5f6-f71d-46c8-bf52-6e7164ab0e33,Deposit_Account,Yes,2024-08-27,,1,1,1,,1,1,1,1,,,Yes,,Jigawa,,jah40
d85ddea7-39df-46bc-aef6-09ea5711cbf7,Deposit_Account,Yes,2024-08-27,,1,1,1,,1,,1,1,,,Yes,,Jigawa,,jah40
d90b8f79-014f-4855-8582-4f4bdda86b3c,Deposit_Account,Yes,2024-08-27,,1,1,1,,1,1,1,1,,,Yes,,Jigawa,,jah40
630a7062-70e0-4cb6-ade2-8ea31510be6b,Deposit_Account,Yes,2024-08-27,,1,1,1,,1,1,1,1,,,Yes,,Jigawa,,jah40
cdfedcf3-3476-41ed-9d27-86f763934580,Deposit_Account,Yes,2024-08-27,,1,1,1,,1,1,1,1,,,Yes,,Jigawa,,jah40
062e798f-bec9-4aab-bea1-cecad440674f,Deposit_Account,Yes,2024-08-27,,1,1,1,,1,1,1,1,,,Yes,,Jigawa,,jah40
83ed9ee4-8ea8-4528-b90d-0df356e9d2a0,Deposit_Account,Yes,2024-08-27,,1,1,1,,1,1,1,1,,,Yes,,Jigawa,,jah43
9fbbc9d6-141c-4e83-9e8b-6be1ce0ebf2e,Deposit_Account,Yes,2024-08-26,,1,1,1,,1,1,1,1,,,Yes,,FCT,,gwa18
5391d537-a8b3-4cb2-bb27-416c0aab1f57,Deposit_Account,Yes,2024-08-26,,1,1,1,,1,1,1,1,,,Yes,,FCT,,gwa18
01ccfa0d-cb83-4a42-a67b-28aee249a24c,Deposit_Account,Yes,2024-08-26,,1,1,1,,1,1,1,1,,,Yes,,FCT,,gwa18
61136648-3acc-443b-a7a6-064e5cd95c20,Deposit_Account,Yes,2024-08-26,,1,1,1,,1,1,1,1,,,Yes,,FCT,,gwa18
70a464d3-6956-4c73-9da4-036644074227,Deposit_Account,Yes,2024-08-26,,1,1,1,,1,1,1,1,,,Yes,,FCT,,gwa18
318904c4-c3c1-43b8-857c-50e63fc65c48,Deposit_Account,Yes,2024-08-26,,1,1,1,,1,1,1,1,,,Yes,,FCT,,gwa18
107d6129-f760-4cfd-89c5-8c00803f1a5f,Deposit_Account,Yes,2024-08-26,,1,1,1,,1,1,1,1,,,Yes,,FCT,,gwa18
c3f3bc49-9385-4d2e-9051-1dd5e0bc5c5c,Deposit_Account,Yes,2024-08-26,,1,1,1,,1,1,1,1,,,Yes,,FCT,,gwa18
50242933-f931-4a88-b60e-f2d42e52d06d,Deposit_Account,Yes,2024-08-26,,1,1,1,,1,1,1,1,,,Yes,,FCT,,gwa18
606f73d2-fc1b-4c2a-9a37-e21309714693,Deposit_Account,Yes,2024-08-26,,1,1,1,,1,1,1,1,,,Yes,,FCT,,gwa18
eabf5786-abdf-4e88-8ba2-fb686f225e73,Deposit_Account,Yes,2024-08-26,,1,1,1,,1,1,1,1,,,Yes,,FCT,,gwa18
83f67769-d8d7-4720-9d86-09963933a652,Deposit_Account,Yes,2024-08-26,,1,1,1,,1,1,1,1,,,Yes,,FCT,,gwa18
61528da5-2b15-4cc9-91e7-e6dda95bac83,Deposit_Account,Yes,2024-08-26,,1,1,1,,1,1,1,1,,,Yes,,FCT,,gwa18
534e8479-12d0-4279-a4bd-8e52c2b3e95d,Deposit_Account,Yes,2024-08-26,,1,1,1,,1,1,1,1,,,Yes,,FCT,,gwa18
6a0a4379-94ea-461a-9746-f2c0c7d75d81,Deposit_Account,Yes,2024-08-26,,1,1,1,,1,1,1,1,,,Yes,,FCT,,gwa18
5f8fd757-d4d5-439e-854d-5821e0762615,Deposit_Account,Yes,2024-08-26,,1,1,1,,1,1,1,1,,,Yes,,FCT,,gwa18
7614bd67-2184-420e-a7aa-45517e76f753,Deposit_Account,Yes,2024-08-26,,1,1,1,,1,1,1,1,,,Yes,,FCT,,gwa18
7c4cba02-1a24-426a-8706-1f9b700b27a4,Deposit_Account,Yes,2024-08-26,,1,1,1,,1,1,1,1,,,Yes,,FCT,,gwa18
a12a0383-a4ed-4ab8-977c-d2bf8dbfa06d,Deposit_Account,Yes,2024-08-26,,1,1,1,,1,1,1,1,,,Yes,,FCT,,gwa18
d6aaa94b-c0d8-46bb-9682-2c4abb598658,Deposit_Account,Yes,2024-08-26,,1,1,1,,1,1,1,1,,,Yes,,FCT,,gwa18
5bc049ec-e31c-412b-a0a3-e6e42f788e6e,Deposit_Account,Yes,2024-08-26,,1,1,1,,1,1,1,1,,,Yes,,FCT,,gwa18
9376eb6b-41c4-4d98-afa8-8a2c4ccd55ca,Deposit_Account,Yes,2024-08-26,,1,1,1,,1,1,1,1,,,Yes,,FCT,,gwa18
84dca6df-9fc6-4ac7-9d0d-25d3aec57329,Deposit_Account,Yes,2024-08-26,,1,1,1,,1,1,1,1,,,Yes,,FCT,,gwa18
7499ed74-3d8f-4fb5-bb0a-32a772bba8d7,Deposit_Account,Yes,2024-08-26,,1,1,1,,1,1,1,1,,,Yes,,FCT,,gwa18
de9413af-e893-4f09-af9a-68e6af12bf3a,Deposit_Account,Yes,2024-08-26,,1,1,1,,1,1,1,1,,,Yes,,FCT,,gwa18
d8260e72-d1ff-4d99-9f13-97b23cf0194e,Deposit_Account,Yes,2024-08-26,,1,1,1,,1,1,1,1,,,Yes,,FCT,,gwa18
fa245f1f-328c-43be-8c11-308ad083ecb1,Deposit_Account,Yes,2024-08-26,,1,1,1,,1,1,1,1,,,Yes,,FCT,,gwa18
bdf4b526-f1dd-4c40-a877-b03fe0214209,Deposit_Account,Yes,2024-08-26,,1,1,1,,1,1,1,1,,,Yes,,FCT,,gwa18
e0869370-2e68-406c-bf4f-93e9f9de0e40,Deposit_Account,Yes,2024-08-26,,1,1,1,,1,1,1,1,,,Yes,,FCT,,gwa18
8d3a1a5d-d515-4702-ac8b-eb9546ad5bbb,Deposit_Account,Yes,2024-08-26,,1,1,1,,1,1,1,1,,,Yes,,FCT,,gwa18
fba14a5e-4dcd-4671-bce3-c7835763ea6f,Deposit_Account,Yes,2024-08-26,,1,1,1,,1,1,1,1,,,Yes,,FCT,,gwa18
ea3c8a4e-30bb-44b7-8813-a4c964c22fae,Deposit_Account,Yes,2024-08-26,,1,1,1,,1,1,1,1,,,Yes,,FCT,,gwa18
b727a2a5-39a8-4183-8145-ceb574057294,Deposit_Account,Yes,2024-08-26,,1,1,1,,1,1,1,1,,,Yes,,FCT,,gwa18
a981d4dc-ce7d-427d-8e1b-ebedd66fd365,Deposit_Account,Yes,2024-08-26,,1,1,1,,1,1,1,1,,,Yes,,FCT,,gwa18
4801d6fe-13bb-4d17-8389-01fa3a0d503b,Deposit_Account,Yes,2024-08-26,,1,1,1,,1,1,1,1,,,Yes,,FCT,,gwa18
8e8d7292-1fab-4b09-89f6-e07507be47c7,Deposit_Account,Yes,2024-08-26,,1,1,1,,1,1,1,1,,,Yes,,FCT,,gwa18
4b4c918b-1661-4fab-b771-011318f1ed30,Deposit_Account,Yes,2024-08-26,,1,1,1,,1,1,1,1,,,Yes,,FCT,,gwa18
be03d0d8-f393-45df-9a81-2de7b4c8c893,Deposit_Account,Yes,2024-08-26,,1,1,1,,1,1,1,1,,,Yes,,FCT,,gwa18
0f2c4bf2-196a-4783-a874-f4b4f613edd8,Deposit_Account,Yes,2024-08-26,,1,1,1,,1,1,1,1,,,Yes,,FCT,,gwa18
2fb8beb8-b267-4b3f-8507-6306435ca062,Deposit_Account,Yes,2024-08-26,,1,1,1,,1,1,1,1,,,Yes,,FCT,,gwa18
2137e5ee-9e58-4190-be47-aea7d730dfd8,Deposit_Account,Yes,2024-08-26,,1,1,1,,1,1,1,1,,,Yes,,FCT,,gwa18
f8cc6015-9f06-4b7c-aa64-98d69965d989,Deposit_Account,Yes,2024-08-26,,1,1,1,,1,1,1,1,,,Yes,,FCT,,gwa18
629ca402-9345-4ac8-a9c9-7b0fb2a5871f,Deposit_Account,Yes,2024-08-26,,1,1,1,,1,1,1,1,,,Yes,,FCT,,gwa18
802b6fdb-f178-444b-b210-097e77006a36,Deposit_Account,Yes,2024-08-26,,1,1,1,,1,1,1,1,,,Yes,,FCT,,gwa18
660eb294-1ac4-4841-8565-adba91af2c80,Deposit_Account,Yes,2024-08-26,,1,1,1,,1,1,1,1,,,Yes,,FCT,,gwa18
ab850b45-ea5a-4cb6-bf34-7eab9edded7f,Deposit_Account,Yes,2024-08-26,,1,1,1,,1,1,1,1,,,Yes,,FCT,,gwa18
5f3a0ec8-003d-4ce5-b78b-43ee854305a8,Deposit_Account,Yes,2024-08-26,,1,1,1,,1,1,1,1,,,Yes,,FCT,,gwa18
4d57e417-9e30-4d90-b168-436ff3b0cfab,Deposit_Account,Yes,2024-08-26,,1,1,1,,1,1,1,1,,,Yes,,FCT,,gwa18
8411bbf8-e647-4d3d-8b17-f7f32ad774bb,Deposit_Account,Yes,2024-08-26,,1,1,1,,1,1,1,1,,,Yes,,FCT,,gwa18
5f9f37fd-18df-41c7-af7a-7260f3c47682,Deposit_Account,Yes,2024-08-26,,1,1,1,,1,1,1,1,,,Yes,,FCT,,gwa18
6f4890a2-df4d-4b7d-83c6-a8c7f47450a0,Deposit_Account,Yes,2024-08-26,,1,1,1,,1,1,1,1,,,Yes,,FCT,,gwa18
eb676016-a7b4-429a-b1eb-8505e4abdf3a,Deposit_Account,Yes,2024-08-26,,1,1,1,,1,1,1,1,,,Yes,,FCT,,gwa18
ad8f75bb-f3b1-4f80-bea7-281df23db9b8,Deposit_Account,Yes,2024-08-26,,1,1,1,,1,1,1,1,,,Yes,,FCT,,gwa18
2fde20d5-fb5b-4d4d-94c3-5468299b59c1,Deposit_Account,Yes,2024-08-26,,1,1,1,,,1,1,1,,,Yes,,FCT,,gwa18
6e20c688-eb52-4890-b95e-dff66454df31,Deposit_Account,Yes,2024-08-26,,1,1,1,,1,1,1,1,,,Yes,,FCT,,gwa18
915ec141-fadc-43b7-9879-fb4c48599a2d,Deposit_Account,Yes,2024-08-26,,1,1,1,,1,1,1,1,,,Yes,,FCT,,gwa18
5b1eabe2-2a28-467b-a2e3-f49f8d123e6c,Deposit_Account,Yes,2024-08-26,,1,1,1,,1,1,1,1,,,Yes,,FCT,,gwa18
d9a8cc19-af44-4272-9cf4-62be96ab1875,Deposit_Account,Yes,2024-08-26,,1,1,1,,1,1,1,1,,,Yes,,FCT,,gwa18
d0411545-aed2-4a09-b447-f5833ecd5b8d,Deposit_Account,Yes,2024-08-26,,1,1,1,,1,1,1,1,,,Yes,,FCT,,gwa18
0bb4281c-ef3f-43ec-bbff-c5bcf03022e8,Deposit_Account,Yes,2024-08-26,,1,1,1,,1,1,1,1,,,Yes,,FCT,,gwa18
c83457a7-2202-426b-bbb5-b2bbc805f6e1,Deposit_Account,Yes,2024-08-26,,1,1,1,,1,1,1,1,,,Yes,,FCT,,gwa18
de516218-771e-46a4-bd9c-c390102aa9cc,Deposit_Account,Yes,2024-08-26,,1,1,1,,1,1,1,1,,,Yes,,FCT,,gwa18
6d2d38f5-f1f9-4758-b024-e4304035b9d9,Deposit_Account,Yes,2024-08-26,,1,1,1,,1,1,1,1,,,Yes,,FCT,,gwa18
6e471a95-88bf-462a-9e36-8430d0d1f9b6,Deposit_Account,Yes,2024-08-26,,1,1,1,,1,1,1,1,,,Yes,,FCT,,gwa18
e386235d-06c5-4c97-8d73-c28e0521e207,Deposit_Account,Yes,2024-08-26,,1,1,1,,1,1,1,1,,,Yes,,FCT,,gwa18
32f5eeb6-0cdf-4c9a-8831-f7eabba5dc17,Deposit_Account,Yes,2024-08-26,,1,1,1,,1,1,1,1,,,Yes,,FCT,,gwa18
0c6b029b-1d84-4801-9057-7b2633f900cb,Deposit_Account,Yes,2024-08-26,,1,1,1,,1,1,1,1,,,Yes,,FCT,,gwa18
464704d5-b3a6-4262-94de-481e23cba089,Deposit_Account,Yes,2024-08-26,,1,1,1,,1,1,1,1,,,Yes,,FCT,,gwa18
4afdf3c2-f341-4d34-a059-0fcc59a25961,Deposit_Account,Yes,2024-08-26,,1,1,1,,1,1,1,1,,,Yes,,FCT,,gwa18
b9db46f8-9d15-4529-ac1d-e7fac4022b81,Deposit_Account,Yes,2024-08-26,,1,1,1,,1,1,1,1,,,Yes,,FCT,,gwa18
590d6e72-b5f2-489c-ac47-81beb4db114c,Deposit_Account,Yes,2024-08-26,,1,1,1,,1,1,1,1,,,Yes,,FCT,,gwa18
d69bd6a5-a338-4cd4-9397-be2ffb2795e3,Deposit_Account,Yes,2024-08-26,,1,1,1,,1,1,1,1,,,Yes,,FCT,,gwa18
34f1d845-6a78-4e76-b922-b98d7ed7ac6e,Deposit_Account,Yes,2024-08-26,,1,1,1,,1,1,1,1,,,Yes,,FCT,,gwa18
692f33ef-1c4e-4a12-9d60-e03d3ef0f912,Deposit_Account,Yes,2024-08-26,,1,1,1,,1,1,1,1,,,Yes,,FCT,,gwa18
b81b20f4-331f-465b-84fb-761988ebafc1,Deposit_Account,Yes,2024-08-26,,1,1,1,,1,1,1,1,,,Yes,,FCT,,gwa18
f5e31305-4f37-428d-9680-6bc49925d42c,Deposit_Account,Yes,2024-08-26,,1,1,1,,,,,,,,Yes,,FCT,,gwa18
ac09e8cc-b6b5-4e32-9f9d-abe807d91576,Deposit_Account,Yes,2024-08-26,,1,1,1,,1,1,1,1,,,Yes,,FCT,,gwa18
4a230a1e-2249-41ca-8cca-47f642226703,Deposit_Account,Yes,2024-08-26,,1,1,1,,1,1,1,1,,,Yes,,FCT,,gwa18
a0636e2b-07b7-412b-b6c8-a6419f36eaf7,Deposit_Account,Yes,2024-08-26,,1,1,1,,1,1,1,1,,,Yes,,FCT,,gwa18
31f95e37-6aed-43aa-865d-8bcee1149714,Deposit_Account,Yes,2024-08-26,,1,1,1,,1,1,1,1,,,Yes,,FCT,,gwa18
30f59c5a-0173-4d98-a9a0-5219e98e055c,Deposit_Account,Yes,2024-08-26,,1,1,1,,1,1,1,1,,,Yes,,FCT,,gwa18
17f23da2-0cb0-47cf-89b9-60fa9543fff4,Deposit_Account,Yes,2024-08-26,,1,1,1,,1,1,1,1,,,Yes,,FCT,,gwa18
79be1a6f-9f85-4bc5-999b-3cc312a83fe6,Deposit_Account,Yes,2024-08-26,,1,1,1,,1,1,1,1,,,Yes,,FCT,,gwa18
8be2a529-0d51-4c2c-9b29-04f7409a6f48,Deposit_Account,Yes,2024-08-26,,1,1,1,,1,1,,1,,,Yes,,FCT,,gwa18
18a10bb0-f4ce-4163-b0b6-9ea677a6ccb1,Deposit_Account,Yes,2024-08-26,,1,1,1,,1,1,1,1,,,Yes,,FCT,,gwa18
ee28f58b-858c-442f-8940-5d98a27dd708,Deposit_Account,Yes,2024-08-26,,1,1,1,,1,1,1,1,,,Yes,,FCT,,gwa18
8b04c990-cbe5-43bb-8ca9-6b834a5ae685,Deposit_Account,Yes,2024-08-26,,1,1,1,,1,1,1,1,,,Yes,,FCT,,gwa18
8cf15f7c-bfd1-42b8-bb6e-c5b372e93184,Deposit_Account,Yes,2024-08-26,,1,1,1,,1,1,1,1,,,Yes,,FCT,,gwa18
85b982a4-ba68-42cc-9f18-a22a8b7172ca,Deposit_Account,Yes,2024-08-26,,1,1,1,,1,1,1,1,,,Yes,,FCT,,gwa18
74f72c4b-75cd-45bf-a47c-e0d25a05b949,Deposit_Account,Yes,2024-08-26,,1,1,1,,1,1,1,1,,,Yes,,FCT,,gwa18
7a8c1b3e-0599-42f7-ab47-07a27c27d161,Deposit_Account,Yes,2024-08-26,,1,1,1,,1,1,1,1,,,Yes,,FCT,,gwa18
6937b448-64be-4fbf-9a67-5e0ee09aa13b,Deposit_Account,Yes,2024-08-26,,1,1,1,,1,1,1,1,,,Yes,,FCT,,gwa18
f6bf5d1c-3cb6-43ba-ab30-af3edee189a6,Deposit_Account,Yes,2024-08-26,,1,1,1,,1,1,1,1,,,Yes,,FCT,,gwa18
1287b9dd-b115-482c-b317-34dcfb2252b8,Deposit_Account,Yes,2024-08-26,,1,1,1,,1,1,1,1,,,Yes,,FCT,,gwa18
68437462-9b31-4dda-b7f8-f552e9cbed00,Deposit_Account,Yes,2024-08-26,,1,1,1,,1,1,1,1,,,Yes,,FCT,,gwa18
411f680c-a45f-4f40-b1ea-825819b3b427,Deposit_Account,Yes,2024-08-26,,1,1,1,,1,1,1,1,,,Yes,,FCT,,gwa18
498a32bc-0e67-4bf9-8f99-9920efcf0b4d,Deposit_Account,Yes,2024-08-26,,1,1,1,,1,1,1,1,,,Yes,,FCT,,gwa18
39846de4-22b7-4586-8471-c8efc54f5a20,Deposit_Account,Yes,2024-08-26,,1,1,1,,1,1,1,1,,,Yes,,FCT,,gwa18
2fb91b6a-2410-450b-9797-7e3c26ae51ce,Deposit_Account,Yes,2024-08-26,,1,1,1,,1,1,1,1,,,Yes,,FCT,,gwa18
cee45f52-69d7-41bc-b6bf-9dbc0dc95d2c,Deposit_Account,Yes,2024-08-26,,1,1,1,,1,1,1,1,,,Yes,,FCT,,gwa18
4b76bf0c-8aa6-428d-bac7-461a8795a880,Deposit_Account,Yes,2024-08-26,,1,1,1,,1,1,1,1,,,Yes,Gwagwalada_Area_CouncilGwako 1,FCT,,gwa18
483ee8d6-1150-42e4-a434-c1858b2de206,Deposit_Account,Yes,2024-08-26,,1,1,1,,1,1,1,1,,,Yes,Gwagwalada_Area_CouncilGwako1,FCT,,gwa18
98399163-2ff4-492a-a1ac-71cef3b0aeb6,Deposit_Account,Yes,2024-08-26,,1,1,1,,1,1,1,1,,,Yes,Gwagwalada_Area_CouncilGwako 1,FCT,,gwa18
3039453a-b67c-42c7-960d-a5a5301717e3,Deposit_Account,Yes,2024-08-26,,1,1,1,,1,1,1,1,,,Yes,Gwagwalada_Area_CouncilGwako 1,FCT,,gwa18
9b8a7a51-c6cc-40ab-aced-f2cc823370bd,Deposit_Account,Yes,2024-08-26,,1,1,1,,1,1,1,1,,,Yes,Gwagwalada_Area_CouncilGwako 1,FCT,,gwa18
a24c53b6-02de-4627-9842-f316aee35e92,Deposit_Account,Yes,2024-08-26,,1,1,1,,1,1,1,1,,,Yes,Gwagwalada_Area_CouncilGwako 1,FCT,,gwa18
a76b2c42-11f2-4975-bb62-dd5c3ea1d427,Deposit_Account,Yes,2024-08-26,,1,1,1,,1,1,1,1,,,Yes,Gwagwalada_Area_CouncilGwako 1,FCT,,gwa18
5219ab1b-f3d0-44c3-a942-41b600a031c1,Deposit_Account,Yes,2024-08-26,,1,1,1,,1,1,1,1,,,Yes,Gwagwalada_Area_CouncilGwako 1,FCT,,gwa18
1113cc2f-4f68-455d-b830-8d1ba609192f,Deposit_Account,Yes,2024-08-26,,1,1,1,,1,1,1,1,,,Yes,Gwagwalada_Area_CouncilGwako 1,FCT,,gwa18
44c09bc9-03f7-4754-a1aa-facadd16678d,Deposit_Account,Yes,2024-08-26,,1,1,1,,1,1,1,1,,,Yes,Gwagwalada_Area_CouncilGwako 1,FCT,,gwa18
c501d256-0e9b-44d7-9b97-71cd30610544,Deposit_Account,Yes,2024-08-26,,1,1,1,,1,1,1,1,,,Yes,Gwagwalada_Area_CouncilGwako 1,FCT,,gwa18
c8f7d0f9-cd08-4774-b1f9-36aa1d6e96a7,Deposit_Account,Yes,2024-08-26,,1,1,1,,1,1,1,1,,,Yes,Gwagwalada_Area_CouncilGwako 1,FCT,,gwa18
b8d74495-4606-4d21-8175-dfbd961284c2,Deposit_Account,Yes,2024-08-26,,1,1,1,,1,1,1,1,,,Yes,Gwagwalada_Area_CouncilGwako 1,FCT,,gwa18
beb95ad1-961b-47ac-ba28-fd92e6027265,Deposit_Account,Yes,2024-08-26,,1,1,1,,1,1,1,1,,,Yes,Gwagwalada_Area_CouncilGwako 1,FCT,,gwa18
ff346c8d-bf93-4afa-a92d-fca216241432,Deposit_Account,Yes,2024-08-26,,1,1,1,,1,1,1,1,,,Yes,Gwagwalada_Area_CouncilGwako 1,FCT,,gwa18
05f1abc3-2432-48a6-90fe-24d9928ebbde,Deposit_Account,Yes,2024-08-26,,1,1,1,,1,1,1,1,,,Yes,Gwagwalada_Area_CouncilGwako 1,FCT,,gwa18
69ad27ea-47d9-4b12-9d88-18f204b97a37,Deposit_Account,Yes,2024-08-26,,1,1,1,,1,1,1,1,,,Yes,Gwagwalada_Area_CouncilGwako 1,FCT,,gwa18
1faaa17a-be35-4e39-955b-a79aff875305,Deposit_Account,Yes,2024-08-26,,1,1,1,,1,1,1,1,,,Yes,Gwagwalada_Area_CouncilGwako 1,FCT,,gwa18
6d5625be-ac9d-49d3-b0a7-6729eea55570,Deposit_Account,Yes,2024-08-26,,1,1,1,,1,1,1,1,,,Yes,Gwagwalada_Area_CouncilGwako 1,FCT,,gwa18
084dcd01-7d31-41d0-89b2-28839c4fc38e,Deposit_Account,Yes,2024-08-26,,1,1,1,,1,1,1,1,,,Yes,Gwagwalada_Area_CouncilGwako 1,FCT,,gwa18
8f5a30a3-e514-4d54-9e64-f9a9d02dcb74,Deposit_Account,Yes,2024-08-26,,1,1,1,,1,1,1,1,,,Yes,Gwagwalada_Area_CouncilGwako 1,FCT,,gwa18
acc09933-4531-4ed4-8f6c-f5d6dbbfce8d,Deposit_Account,Yes,2024-08-26,,1,1,1,,1,1,1,1,,,Yes,Gwagwalada_Area_CouncilGwako 1,FCT,,gwa18
2f15ec82-3159-4521-aeb0-2a4820a6796a,Deposit_Account,Yes,2024-08-26,,1,1,1,,1,1,1,1,,,Yes,Gwagwalada_Area_CouncilGwako 1,FCT,,gwa18
e3dc7b87-171d-4a06-87be-edce9c5c156a,Deposit_Account,Yes,2024-08-26,,1,1,1,,1,1,1,1,,,Yes,Gwagwalada_Area_CouncilGwako 1,FCT,,gwa18
197f3ad6-d810-46c3-921a-4928ba590857,Deposit_Account,Yes,2024-08-26,,1,1,1,,1,1,1,1,,,Yes,Gwagwalada_Area_CouncilGwako 1,FCT,,gwa18
9b47ed0e-7cbe-4e7a-ba30-11ae3eca7177,Deposit_Account,Yes,2024-08-26,,1,1,1,,1,1,1,1,,,Yes,Gwagwalada_Area_CouncilGwako 1,FCT,,gwa18
334a4642-7498-4772-bd78-ab53da05e08c,Deposit_Account,Yes,2024-08-26,,1,1,1,,1,1,1,1,,,Yes,Gwagwalada_Area_CouncilGwako 1,FCT,,gwa18
57fd8b37-5727-420a-ba02-98c291c5d3fb,Deposit_Account,Yes,2024-08-26,,1,1,1,,1,1,1,1,,,Yes,Gwagwalada_Area_CouncilGwako 1,FCT,,gwa18
c1f07a41-15fb-4fcf-9490-cf721ce2ae75,Deposit_Account,Yes,2024-08-26,,1,1,1,,1,1,1,1,,,Yes,Gwagwalada_Area_CouncilGwako 1,FCT,,gwa18
566b8fba-b4a6-4efd-af1c-755fabb5b617,Deposit_Account,Yes,2024-08-26,,1,1,1,,1,1,1,1,,,Yes,,FCT,,gwa18
22b52e10-19f8-47f3-8eef-5e25b7e3c041,Deposit_Account,Yes,2024-08-26,,1,1,1,,1,1,1,1,,,Yes,,FCT,,gwa18
6f6228ac-f0f8-4385-8d10-194853d4777a,Deposit_Account,Yes,2024-08-26,,1,1,1,,1,1,1,1,,,Yes,,FCT,,gwa18
3eac2197-ba1e-45ef-bca2-c8e5eda29aa5,Deposit_Account,Yes,2024-08-26,,1,1,1,,1,1,1,1,,,Yes,,FCT,,gwa18
d5a07c1b-8910-461e-aaf1-9eb4c0878a93,Deposit_Account,Yes,2024-08-26,,1,1,1,,1,1,1,1,,,Yes,,FCT,,gwa18
d1d4c437-cc33-41dd-9c16-82addb0a01c6,Deposit_Account,Yes,2024-08-26,,1,1,1,,1,1,1,1,,,Yes,,FCT,,gwa18
a4f12205-89f5-4fc0-a9b2-41b8d7ef4581,Deposit_Account,Yes,2024-08-26,,1,1,1,,1,1,1,1,,,Yes,,FCT,,gwa18
157a6c84-4c16-4dc2-ab53-3b25c3bf4aea,Deposit_Account,Yes,2024-08-26,,1,1,1,,1,1,1,1,,,Yes,,FCT,,gwa18
a1ec47d5-031e-4cfa-9db8-cfaadd3d7e61,Deposit_Account,Yes,2024-08-26,,1,1,1,,1,1,1,1,,,Yes,,FCT,,gwa18
1bb52154-4cf1-4c71-9cbd-6e05a46642ab,Deposit_Account,Yes,2024-08-26,,1,1,1,,1,1,1,1,,,Yes,,FCT,,gwa18
a4690350-a314-45d0-89d0-a4c5fb95d08b,Deposit_Account,Yes,2024-08-26,,1,1,1,,1,1,1,1,,,Yes,,FCT,,gwa18
25bda897-fe77-43e3-94ab-6105829055e8,Deposit_Account,Yes,2024-08-26,,1,1,1,,1,1,1,1,,,Yes,,FCT,,gwa18
57e0de72-157d-4387-a6f5-458b78870e20,Deposit_Account,Yes,2024-08-26,,1,1,1,,1,1,1,1,,,Yes,,FCT,,gwa18
102ba8da-c4eb-4b6a-9429-6163463d459c,Deposit_Account,Yes,2024-08-26,,1,1,1,,1,1,1,1,,,Yes,,FCT,,gwa18
47ed223c-5cd3-41cd-9af9-da8b903b83dc,Deposit_Account,Yes,2024-08-26,,1,1,1,,1,1,1,1,,,Yes,,FCT,,gwa18
33869133-0f1e-47c8-bbf7-2bb855fccb5e,Deposit_Account,Yes,2024-08-26,,1,1,1,,,,,,,,Yes,,FCT,,gwa18
7ddd29d4-0c92-4edd-b847-ceddb4196234,Deposit_Account,Yes,2024-08-26,,1,1,1,,1,1,1,1,,,Yes,,FCT,,gwa18
33597467-4233-4d1e-b95b-275a9ea2e6e7,Deposit_Account,Yes,2024-08-26,,1,1,1,,1,1,1,1,,,Yes,,FCT,,gwa18
b65bae86-ca8c-4431-a73b-3dce6106f1a8,Deposit_Account,Yes,2024-08-26,,1,1,1,,1,1,1,1,,,Yes,,FCT,,gwa18
f0d67805-8750-4c74-bc65-aea57642b958,Deposit_Account,Yes,2024-08-26,,1,1,1,,,1,1,1,,,Yes,,FCT,,gwa18
f5b13998-485f-45e8-9a3a-1b977438460f,Deposit_Account,Yes,2024-08-26,,1,1,1,,1,1,1,1,,,Yes,,FCT,,gwa18
80f191f1-113a-4acc-8d67-de8345e1156d,Deposit_Account,Yes,2024-08-26,,1,1,1,,1,1,1,1,,,Yes,,FCT,,gwa18
160c2a4d-e150-47de-b160-1c2d3e20d973,Deposit_Account,Yes,2024-08-26,,1,1,1,,1,1,1,1,,,Yes,,FCT,,gwa18
5114cfef-5405-4994-b58f-fa04e1640e7e,Deposit_Account,Yes,2024-08-26,,1,1,1,,1,1,1,1,,,Yes,,FCT,,gwa18
5b7a3aa0-2134-48f3-ac0e-4c052c48aec7,Deposit_Account,Yes,2024-08-26,,1,1,1,,1,1,1,1,,,Yes,,FCT,,gwa18
1c1c01ae-c3d0-41ed-befc-ca4f8a72e96f,Deposit_Account,Yes,2024-08-26,,1,1,1,,1,1,1,1,,,Yes,,FCT,,gwa18
1530fc98-0f73-4872-8ec2-e193447bacda,Deposit_Account,Yes,2024-08-26,,1,1,1,,1,1,1,1,,,Yes,,FCT,,gwa18
04a02ca3-fe51-4778-afd8-024debd633df,Deposit_Account,Yes,2024-08-26,,1,1,1,,1,1,1,1,,,Yes,,FCT,,gwa18
a2edf08d-2480-43b7-a940-3b830e6ccf9a,Deposit_Account,Yes,2024-08-26,,1,1,1,,1,1,1,1,,,Yes,,FCT,,gwa18
3ea8fedd-d324-4a6d-93a8-514eb4185b70,Deposit_Account,Yes,2024-08-26,,1,1,1,,1,1,1,1,,,Yes,,FCT,,gwa18
80076cf8-b5fc-449a-a795-3660440ba32d,Deposit_Account,Yes,2024-08-26,,1,1,1,,1,1,1,1,,,Yes,,FCT,,gwa18
236bfb01-4304-49d2-8626-a9b16112ceff,Deposit_Account,Yes,2024-08-26,,1,1,1,,1,1,1,1,,,Yes,,FCT,,gwa18
edb29568-8297-4f86-aafe-9d05a00e3845,Deposit_Account,Yes,2024-08-26,,1,1,1,,1,1,1,1,,,Yes,,FCT,,gwa18
19ca9954-82ec-4b62-bbf0-c4a7f6560a1e,Deposit_Account,Yes,2024-08-26,,1,1,1,,1,1,1,1,,,Yes,,FCT,,gwa18
d294ef1b-660c-4029-89b4-76d2a9fc08ae,Deposit_Account,Yes,2024-08-26,,1,1,1,,1,1,1,1,,,Yes,,FCT,,gwa18
fce54a28-6a0a-481a-8488-965ec4508ece,Deposit_Account,Yes,2024-08-26,,1,1,1,,1,1,1,1,,,Yes,,FCT,,gwa18
b85f85cf-a1b2-4645-83a3-2b8054588d9b,Deposit_Account,Yes,2024-08-26,,1,1,1,,1,1,1,1,,,Yes,,FCT,,gwa18
3b3faae2-2495-450b-8568-873167570a24,Deposit_Account,Yes,2024-08-26,,1,1,1,,1,1,1,1,,,Yes,,FCT,,gwa18
ebea18ee-0b40-4220-8cfe-247e0fbea813,Deposit_Account,Yes,2024-08-26,,1,1,1,,1,,1,1,,,Yes,,FCT,,gwa18
cab28858-0d0c-423c-a0a4-cb47d212c700,Deposit_Account,Yes,2024-08-26,,1,1,1,,1,1,1,1,,,Yes,,FCT,,gwa18
a78d3346-70cc-4bc5-b9ed-01a4bb49a51d,Deposit_Account,Yes,2024-08-26,,1,1,1,,1,1,1,1,,,Yes,,FCT,,gwa18
3dbbd5dd-0a90-41d0-99db-4dac90d68789,Deposit_Account,Yes,2024-08-26,,1,1,1,,1,1,1,1,,,Yes,,FCT,,gwa18
287995cd-eb0c-45c4-904c-038fda189710,Deposit_Account,Yes,2024-08-26,,1,1,1,,1,1,1,1,,,Yes,,FCT,,gwa18
4acfd44a-7a6a-414e-a021-6594c317f276,Deposit_Account,Yes,2024-08-26,,1,1,1,,1,1,1,1,,,Yes,,FCT,,gwa18
4515c844-7255-42e7-9146-6c61bd3da260,Deposit_Account,Yes,2024-08-26,,1,1,1,,1,1,1,1,,,Yes,,FCT,,gwa18
d83982a4-d053-49a6-94d1-974592b8fb3f,Deposit_Account,Yes,2024-08-26,,1,1,1,,1,1,1,1,,,Yes,,FCT,,gwa18
6553f2c5-5cf8-4e3d-b364-6347e2a70008,Deposit_Account,Yes,2024-08-26,,1,1,1,,1,1,1,1,,,Yes,,FCT,,gwa18
6783c8f4-601e-4463-85a2-e3e74b300397,Deposit_Account,Yes,2024-08-26,,1,1,1,,,1,1,1,,,Yes,,FCT,,gwa18
b1bc9dea-f562-49f2-ac61-95019cb72271,Deposit_Account,Yes,2024-08-26,,1,1,1,,1,1,1,1,,,Yes,,FCT,,gwa18
6a72b7be-b807-45ce-b6ca-cb50fc1eb314,Deposit_Account,Yes,2024-08-26,,1,1,1,,1,1,1,1,,,Yes,,FCT,,gwa18
1c351c45-cb5d-4e3c-8527-e015f2d74c31,Deposit_Account,Yes,2024-08-26,,1,1,1,,1,1,1,1,,,Yes,,FCT,,gwa18
21ccb10c-dbdd-4f94-9564-1930273f8dda,Deposit_Account,Yes,2024-08-26,,1,1,1,,1,1,1,1,,,Yes,,FCT,,gwa18
314725f5-ac24-4e6c-9dcb-e203f3accc17,Deposit_Account,Yes,2024-08-26,,1,1,1,,1,1,1,1,,,Yes,,FCT,,gwa18
a0238574-d8e6-4add-a30b-0ce901cc1175,Deposit_Account,Yes,2024-08-26,,1,1,1,,1,1,1,1,,,Yes,,FCT,,gwa18
7aca71ce-a503-4f4f-9228-f60d20bf23fa,Deposit_Account,Yes,2024-08-26,,1,1,1,,1,1,1,1,,,Yes,,FCT,,gwa18
1e617ec0-c5ae-485c-a568-2175c1e89947,Deposit_Account,Yes,2024-08-26,,1,1,1,,1,1,1,1,,,Yes,,FCT,,gwa18
effbe62f-7a25-42d6-ad52-cd40616d811c,Deposit_Account,Yes,2024-08-26,,1,1,1,,1,1,1,1,,,Yes,,FCT,,gwa18
7fadec08-923d-4b32-9d3a-b3d984fa6bff,Deposit_Account,Yes,2024-08-26,,1,1,1,,1,1,1,1,,,Yes,,FCT,,gwa18
b258bd91-7b06-4eef-b06d-6af8efc1d6b6,Deposit_Account,Yes,2024-08-26,,1,1,1,,1,1,1,1,,,Yes,,FCT,,gwa18
a2bb5d6b-523e-479c-a5f4-6edb82e29b0e,Deposit_Account,Yes,2024-08-26,,1,,1,,1,1,1,1,,,Yes,,FCT,,gwa18
b35515bb-a5d4-4705-8c5c-c9e4f31f0ca6,Deposit_Account,Yes,2024-08-26,,1,1,1,,1,1,1,1,,,Yes,,FCT,,gwa18
74ded48a-b750-4044-9a10-bcfa69be1050,Deposit_Account,Yes,2024-08-26,,1,1,1,,1,1,1,1,,,Yes,,FCT,,gwa18
e87e1156-a3eb-4377-8efb-6c20572797b1,Deposit_Account,Yes,2024-08-26,,1,1,1,,1,1,1,1,,,Yes,,FCT,,gwa18
be8b3f72-7e73-46ab-b9f9-1a41e4475270,Deposit_Account,Yes,2024-08-26,,1,1,1,,1,1,1,1,,,Yes,,FCT,,gwa18
96f2662f-3946-4061-aeb3-1a3973953669,Deposit_Account,Yes,2024-08-26,,1,1,1,,1,1,1,1,,,Yes,,FCT,,gwa18
d1b49c8b-221a-43d7-aab7-a54f83c443d2,Deposit_Account,Yes,2024-08-26,,1,1,1,,1,1,1,1,,,Yes,,FCT,,gwa18
0e685340-9c66-4d12-9bd2-f76bca72bd82,Deposit_Account,Yes,2024-08-26,,1,1,1,,1,1,1,1,,,Yes,,FCT,,gwa18
dabb43fb-d4c4-44db-8867-37dcd6eb398c,Deposit_Account,Yes,2024-08-26,,1,1,1,,1,1,1,1,,,Yes,,FCT,,gwa18
b0d64696-bdb5-44a0-967c-ba6819effb7c,Deposit_Account,Yes,2024-08-26,,1,1,1,,1,1,1,1,,,Yes,,FCT,,gwa18
ef33cb76-7896-4c97-862e-43af4f0d9cdc,Deposit_Account,Yes,2024-08-26,,1,1,1,,1,1,1,1,,,Yes,,FCT,,gwa18
85cafc5c-e3cd-4e28-9054-271a76b719a4,Deposit_Account,Yes,2024-08-26,,1,1,1,,1,1,1,1,,,Yes,,FCT,,gwa18
baac9216-5de2-49f8-a92c-56f9890c1682,Deposit_Account,Yes,2024-08-26,,1,1,1,,1,1,1,1,,,Yes,,FCT,,gwa18
45137202-fcca-46d7-8806-b1266a3d87cf,Deposit_Account,Yes,2024-08-26,,1,1,1,,1,1,1,1,,,Yes,,FCT,,gwa18
ce9f9a8e-1248-4a49-9846-d25805418fc8,Deposit_Account,Yes,2024-08-26,,1,1,1,,1,1,1,1,,,Yes,,FCT,,gwa18
f893c019-6a6e-4c89-8cd4-c0692f60d506,Deposit_Account,Yes,2024-08-26,,1,1,1,,1,1,1,1,,,Yes,,FCT,,gwa18
fb16fb64-cc91-40fc-8930-357fba24188b,Deposit_Account,Yes,2024-08-26,,1,1,1,,1,1,1,1,,,Yes,,FCT,,gwa18
c1356f2d-5395-4996-b0ea-75bce7920c00,Deposit_Account,Yes,2024-08-26,,1,1,1,,1,1,1,1,,,Yes,,FCT,,gwa18
a24ddac3-c1fc-4161-81fe-bb060a486dd1,Deposit_Account,Yes,2024-08-26,,1,1,1,,1,1,1,1,,,Yes,,FCT,,gwa18
3de8c1db-fafa-4f9b-8df1-8ebc2a3a4384,Deposit_Account,Yes,2024-08-26,,1,1,1,,1,1,1,1,,,Yes,,FCT,,gwa18
26c231a3-d8dc-469c-806d-bde597552379,Deposit_Account,Yes,2024-08-26,,1,1,1,,1,1,1,1,,,Yes,,FCT,,gwa18
b9e2618b-938e-4af7-a129-72d56bc40c0b,Deposit_Account,Yes,2024-08-26,,1,1,1,,1,1,1,1,,,Yes,,FCT,,gwa18
98e1e209-a1f5-4851-8bb8-c841f3f90d94,Deposit_Account,Yes,2024-08-26,,1,1,1,,1,1,1,1,,,Yes,,FCT,,gwa18
20d507e4-075a-4529-b80b-4e2df64b9bbb,Deposit_Account,Yes,2024-08-26,,1,1,1,,1,1,1,1,,,Yes,,FCT,,gwa18
f9140798-0180-4766-9f7c-6dc7e2a7d35a,Deposit_Account,Yes,2024-08-26,,1,1,1,,1,1,1,1,,,Yes,,FCT,,gwa18
b83c9753-7bd0-4d84-b746-b2eda4120ead,Deposit_Account,Yes,2024-08-26,,1,1,1,,1,1,1,1,,,Yes,,FCT,,gwa18
2bf2b3df-a063-4383-92ae-0e1b2d31e402,Deposit_Account,Yes,2024-08-26,,1,1,1,,1,1,1,1,,,Yes,,FCT,,gwa18
4df89c1f-08cf-4c76-820d-59b64a5458c5,Deposit_Account,Yes,2024-08-26,,1,1,1,,1,1,1,1,,,Yes,,FCT,,gwa18
45379f30-a38f-4a7c-93fe-d21b16656447,Deposit_Account,Yes,2024-08-26,,1,1,1,,1,1,1,1,,,Yes,,FCT,,gwa18
6fd22e70-8793-42dc-b0a6-05560c08a8ca,Deposit_Account,Yes,2024-08-27,,1,1,1,,1,1,1,1,,,Yes,,FCT,,gwa18
43159883-5da5-4d95-9d1a-215ab0c638a0,Deposit_Account,Yes,2024-08-27,,1,,,,,,,,,,Yes,,FCT,,gwa18
3fe7982b-b289-4079-8b2e-7af7491a88c4,Deposit_Account,Yes,2024-08-27,,1,1,1,,1,1,1,1,,,Yes,,FCT,,gwa18
4c4e3c28-b0ed-4eee-82f4-16e56bb82af5,Deposit_Account,Yes,2024-08-27,,1,1,1,,1,1,1,1,,,Yes,,FCT,,gwa18
8329f366-9b24-4e29-9aa7-8a870dc48064,Deposit_Account,Yes,2024-08-27,,1,1,1,,1,1,1,1,,,Yes,,FCT,,gwa18
757a89ec-6201-409e-8b74-32d6150c5f14,Deposit_Account,Yes,2024-08-27,,1,1,1,,1,1,1,1,,,Yes,,FCT,,gwa18
c826b44c-88b4-472b-ab6c-9545955ef879,Deposit_Account,Yes,2024-08-27,,1,1,1,,1,1,1,1,,,Yes,,FCT,,gwa18
162223ca-bbbb-4a7f-8344-512cd6ed98df,Deposit_Account,Yes,2024-08-27,,1,1,1,,1,1,1,1,,,Yes,,FCT,,gwa18
df2968dd-329e-40f3-bb60-6b7f8fd7e8f5,Deposit_Account,Yes,2024-08-27,,1,1,1,,1,1,1,1,,,Yes,,FCT,,gwa18
a1824342-b7df-4c1d-bd29-8015d86135fe,Deposit_Account,Yes,2024-08-27,,1,1,1,,1,1,1,1,,,Yes,,FCT,,gwa18
8e63f497-d9eb-40b8-b105-eac9a1e14a83,Deposit_Account,Yes,2024-08-27,,1,1,1,,1,1,1,1,,,Yes,,FCT,,gwa18
8edcb487-9fda-42aa-8f57-4be2df01de40,Deposit_Account,Yes,2024-08-27,,1,1,1,,1,1,1,1,,,Yes,,FCT,,gwa18
b0fb622e-e7e0-4c83-a907-6365151f162a,Deposit_Account,Yes,2024-08-27,,1,1,1,,1,1,1,1,,,Yes,,FCT,,gwa18
f9e3372a-3ead-4232-8055-a9dcd64663c9,Deposit_Account,Yes,2024-08-27,,1,1,1,,1,1,1,1,,,Yes,,FCT,,gwa18
121f168d-9b3c-4ec0-9d8a-65797f7060f2,Deposit_Account,Yes,2024-08-27,,1,1,1,,1,1,1,1,,,Yes,,FCT,,gwa18
bf168df5-c818-40fc-acca-fc7e5f405efa,Deposit_Account,Yes,2024-08-27,,1,1,1,,1,1,1,1,,,Yes,,FCT,,gwa18
e9c55541-a65f-4ba0-ad2a-3aea08ba1a79,Deposit_Account,Yes,2024-08-27,,1,1,1,,1,1,1,1,,,Yes,,FCT,,gwa18
549e207c-e0f2-4e75-a1c4-6b8b3b229486,Deposit_Account,Yes,2024-08-27,,1,1,1,,1,1,1,1,,,Yes,,FCT,,gwa18
c4e4d200-942e-443e-a633-54c5e6a79309,Deposit_Account,Yes,2024-08-27,,1,1,1,,1,1,1,1,,,Yes,,FCT,,gwa18
b24022fa-d59a-4d5f-a2b2-b87b58ba1a42,Deposit_Account,Yes,2024-08-27,,1,1,1,,1,1,1,1,,,Yes,,FCT,,gwa18
764a96f9-d0df-4eb9-b957-d4e06b629edf,Deposit_Account,Yes,2024-08-27,,1,1,1,,1,1,1,1,,,Yes,,FCT,,gwa18
ce3b36a4-9d1a-4c77-af93-83fbf53aa204,Deposit_Account,Yes,2024-08-27,,1,1,1,,1,1,1,1,,,Yes,,Jigawa,,jah43
96667663-3f20-44b2-96e9-8df593a8953a,Deposit_Account,Yes,2024-08-28,,1,1,1,,1,1,1,1,,,Yes,,Jigawa,,jah43
95cbc719-f1fa-4f5a-9a07-324e3f879a69,Deposit_Account,Yes,2024-08-28,,1,1,1,,1,1,1,1,,,Yes,,Jigawa,,jah43
42980bc8-5d39-4943-b2e6-8f4fd8e51a31,Deposit_Account,Yes,2024-08-22,,1,1,1,,1,1,1,1,,,Yes,,Jigawa,,jah43
52281dd8-2ed6-4783-b1d7-f80295f68de4,Deposit_Account,Yes,2024-08-18,,1,1,1,,1,1,1,1,,,Yes,,Jigawa,,jah43
95780e73-f72a-4826-98b2-b5042c3d8143,Deposit_Account,Yes,2024-08-28,,1,1,1,,1,1,1,1,,,Yes,,Jigawa,,jah43
d0ddf629-e8a6-4afa-805c-63fdb36177eb,Deposit_Account,Yes,2024-08-28,,1,1,1,,1,1,1,1,,,Yes,,Jigawa,,jah43
e8619bc2-8504-42a0-853e-f7a0e7bcd330,Deposit_Account,Yes,2024-08-28,,1,1,1,,1,1,1,1,,,Yes,,Jigawa,,jah43
23f5a584-217e-4792-8f95-95c4938a7140,Deposit_Account,Yes,2024-08-20,,1,1,1,,1,1,1,1,,,Yes,,Jigawa,,jah43
6229f726-bb54-4056-8558-57b8a123059c,Deposit_Account,Yes,2024-08-14,,1,1,1,,1,1,1,1,,,Yes,,Jigawa,,jah43
2083c80f-1242-4507-ae13-401ff0bf9002,Deposit_Account,Yes,2024-08-22,,1,1,1,,1,1,1,1,,,Yes,,Jigawa,,jah43
265a78fa-c989-4936-bb98-e8b7ebec47e5,Deposit_Account,Yes,2024-08-21,,1,1,1,,1,1,1,1,,,Yes,,Jigawa,,jah43
9d211514-e39b-4aa6-b4e4-2a89517240f5,Deposit_Account,Yes,2024-08-28,,1,1,1,,1,1,1,1,,,Yes,,Jigawa,,jah43
26bbed63-a640-4a93-91ed-6a63a5e75064,Deposit_Account,Yes,2024-08-28,,1,1,1,,1,1,1,1,,,Yes,,Jigawa,,jah43
e8a30adf-ce8b-4997-b982-9f3ca256b0c3,Deposit_Account,Yes,2024-08-28,,1,1,1,,1,1,1,1,,,Yes,,Jigawa,,jah43
7e528c79-fd8b-4c28-b7e8-2521cef403f9,Deposit_Account,Yes,2024-08-18,,1,1,1,,1,1,1,1,,,Yes,,Jigawa,,jah43
8a19a566-1a02-458d-9892-c2d4e251f9f9,Deposit_Account,Yes,2024-08-28,,1,1,1,,1,1,1,1,,,Yes,,Jigawa,,jah43
f76be871-4601-45cb-9133-8e3b20898bc2,Deposit_Account,Yes,2024-08-21,,1,1,1,,1,1,1,1,,,Yes,,Jigawa,,jah43
fc8b3b3a-1517-48eb-bd60-8072722499a4,Deposit_Account,Yes,2024-08-20,,1,1,1,,1,1,1,1,,,Yes,,Jigawa,,jah43
b118694d-50e3-4a52-82b6-9e3d2680d017,Deposit_Account,Yes,2024-08-24,,1,1,1,,1,1,1,1,,,Yes,,Jigawa,,jah43
be1995e0-9313-406b-b50f-26737c8f01ca,Deposit_Account,Yes,2024-08-28,,1,1,1,,1,1,1,1,,,Yes,,Jigawa,,jah43
267b67d6-235e-4d55-9a00-b80c20e84f71,Deposit_Account,Yes,2024-08-28,,1,1,1,,1,1,1,1,,,Yes,,Jigawa,,jah43
fcbd8316-ac9d-44f2-8b69-262d5b43aa6f,Deposit_Account,Yes,2024-08-28,,1,1,1,,1,1,1,1,,,Yes,,Jigawa,,jah43
9cb6974f-73b5-42d8-a995-48dae7203ee8,Deposit_Account,Yes,2024-08-28,,1,1,1,,1,1,1,1,,,Yes,,Jigawa,,jah43
e3d98635-4bec-443b-86e3-ec5388f2c28e,Deposit_Account,Yes,2024-08-28,,1,1,1,,1,1,1,1,,,Yes,,Jigawa,,jah43
94933265-239c-443e-997d-34f17c6cd83b,Deposit_Account,Yes,2024-08-28,,1,1,1,,1,1,1,1,,,Yes,,Jigawa,,jah43
b8e1824b-7c72-4b9e-8f98-db72ff82664e,Deposit_Account,Yes,2024-08-28,,1,1,1,,1,1,1,1,,,Yes,,Jigawa,,jah43
0434113f-621a-4598-b714-8b882fad122f,Deposit_Account,Yes,2024-08-28,,1,1,1,,1,1,1,1,,,Yes,,Jigawa,,jah43
6931be51-0c45-45dd-b19b-fed0fc086626,Deposit_Account,Yes,2024-08-20,,1,1,1,,1,1,1,1,,,Yes,,Jigawa,,jah43
82bbb68a-537a-4503-9a36-938ebabe10b3,Deposit_Account,Yes,2024-08-28,,1,1,1,,1,1,1,1,,,Yes,,Jigawa,,jah43
c9d27d3b-62a1-4ed1-a979-327a8e1a0974,Deposit_Account,Yes,2024-08-26,,1,1,1,,1,1,1,1,,,Yes,,Kano,,gmm70
784a07de-7a43-4d0d-aefb-409eb49924cb,Deposit_Account,Yes,2024-08-26,,1,1,1,,1,1,1,1,,,Yes,,Kano,,gmm70
6c6e64dd-dc63-4b20-8eac-b5b0233f5fda,Deposit_Account,Yes,2024-08-26,,1,1,1,,1,1,1,1,,,Yes,,Kano,,gmm70
d4080f12-8559-480a-8771-d72543c66c92,Deposit_Account,Yes,2024-08-26,,1,1,1,,1,1,1,1,,,Yes,,Kano,,gmm70
49e29cc0-afcd-4d6a-a4eb-052c2ab92e55,Deposit_Account,Yes,2024-08-25,,1,1,1,,1,1,1,1,,,Yes,,Kano,,gmm70
54ce9d3d-65a0-4700-9946-0bb473881dbc,Deposit_Account,Yes,2024-08-26,,1,1,1,,1,1,1,1,,,Yes,,Kano,,gmm70
679e561f-34d9-4df0-b10c-e5a1c65b4884,Deposit_Account,Yes,2024-08-25,,1,1,1,,1,1,1,1,,,Yes,,Kano,,gmm70
df9df2ed-4fa6-4db6-9441-a2524289cce7,Deposit_Account,Yes,2024-08-26,,1,1,1,,1,1,1,1,,,Yes,,Kano,,gmm70
5acba981-63b2-4e63-992c-039e54bacf2f,Deposit_Account,Yes,2024-08-26,,1,1,1,,1,1,1,1,,,Yes,,Kano,,gmm70
eeb9558e-d5d9-4ebe-af02-a79dc1c0c540,Deposit_Account,Yes,2024-08-26,,1,1,1,,1,1,1,1,,,Yes,,Kano,,gmm70
58872265-880b-429b-bb4b-1b13f2219a1d,Deposit_Account,Yes,2024-08-26,,1,1,1,,1,1,1,1,,,Yes,,Kano,,gmm70
a7aeea8f-dc99-4ba5-8746-0817f40308ac,Deposit_Account,Yes,2024-08-25,,1,1,1,,1,1,1,1,,,Yes,,Kano,,gmm70
590f1691-4645-43bc-bbf7-e4d88564f715,Deposit_Account,Yes,2024-08-26,,1,1,1,,1,1,1,1,,,Yes,,Kano,,gmm70
a986f482-90c5-470b-a9f2-ecc8e5a12b5d,Deposit_Account,Yes,2024-08-26,,1,1,1,,1,1,1,1,,,Yes,,Kano,,gmm70
eb185037-e1a6-416b-8565-82f422561f68,Deposit_Account,Yes,2024-08-25,,1,1,1,,1,1,1,1,,,Yes,,Kano,,gmm70
59024cee-ffd3-45d7-909f-5ae422fddeb5,Deposit_Account,Yes,2024-08-26,,1,1,1,,1,1,1,1,,,Yes,,Kano,,gmm70
975139ed-91ff-4209-94cf-92a56b5adf0f,Deposit_Account,Yes,2024-08-25,,1,1,1,,1,1,1,1,,,Yes,,Kano,,gmm70
ac932143-60f8-4b34-bc12-5ce8225c65b4,Deposit_Account,Yes,2024-08-25,,1,1,1,,1,1,1,1,,,Yes,,Kano,,gmm70
45858419-2c0e-4a06-bc59-31ac6e5b17af,Deposit_Account,Yes,2024-08-25,,1,1,1,,1,1,1,1,,,Yes,,Kano,,gmm70
613f5016-bec5-441c-895e-2455eb36d992,Deposit_Account,Yes,2024-08-25,,1,1,1,,1,1,1,1,,,Yes,,Kano,,gmm70
e69cd8c3-d577-4b7a-95a4-f7bdff31f7ab,Deposit_Account,Yes,2024-08-26,,1,1,1,,1,1,1,1,,,Yes,,Kano,,gmm70
0d9c4c65-28bc-4b32-9fa7-ca65e037f2cc,Deposit_Account,Yes,2024-08-25,,1,1,1,,1,1,1,1,,,Yes,,Kano,,gmm70
1a868f70-ec51-46a7-bb8f-48012e5607f2,Deposit_Account,Yes,2024-08-24,,1,1,1,,1,1,1,1,,,Yes,,Kano,,gmm70
ba9ae7e7-f8e8-447e-8532-992fc9fb8515,Deposit_Account,Yes,2024-08-24,,1,1,1,,1,1,1,1,,,Yes,,Kano,,gmm70
04d573a2-b867-4d4b-b641-35d69ed73d11,Deposit_Account,Yes,2024-08-25,,1,1,1,,1,1,1,1,,,Yes,,Kano,,gmm70
78e1eb84-44ff-47ad-875d-14ccacba0961,Deposit_Account,Yes,2024-08-25,,1,1,1,,1,1,1,1,,,Yes,,Kano,,gmm70
d7000a7a-42ae-4868-aca5-8f681829ed83,Deposit_Account,Yes,2024-08-24,,1,1,1,,1,1,1,1,,,Yes,,Kano,,gmm70
db1544d2-8be7-4092-b410-da8c43a0484f,Deposit_Account,Yes,2024-08-25,,1,1,1,,1,1,1,1,,,Yes,,Kano,,gmm70
4200192a-1e11-477c-bb1c-2ffd6dd071f7,Deposit_Account,Yes,2024-08-24,,1,1,1,,1,1,1,1,,,Yes,,Kano,,gmm70
451c695e-bb6c-4d22-9040-f8c48434199a,Deposit_Account,Yes,2024-08-25,,1,1,1,,1,1,1,1,,,Yes,,Kano,,gmm70
62ce73c1-d625-4bee-9dec-fa10afb377ff,Deposit_Account,Yes,2024-08-25,,1,1,1,,1,1,1,1,,,Yes,,Kano,,gmm70
39d3bb7e-8e12-4309-96db-df0e7d34ab2e,Deposit_Account,Yes,2024-08-24,,1,1,1,,1,1,1,1,,,Yes,,Kano,,gmm70
a14904a6-886f-45e9-ba2e-1ade697de1cd,Deposit_Account,Yes,2024-08-23,,1,1,1,,1,1,1,1,,,Yes,,Kano,,gmm70
1d4d3b65-bbc8-4ef0-a248-bfb403dc52c9,Deposit_Account,Yes,2024-08-25,,1,1,1,,1,1,1,1,,,Yes,,Kano,,gmm70
792ff749-ae87-4d91-8888-9886d3f52f61,Deposit_Account,Yes,2024-08-25,,1,1,1,,1,1,1,1,,,Yes,,Kano,,gmm70
44070317-cf04-4f50-bee0-fbdb9e2755ab,Deposit_Account,Yes,2024-08-24,,1,1,1,,1,1,1,1,,,Yes,,Kano,,gmm70
d0e8eccc-f5ed-4c87-be97-02f02956545f,Deposit_Account,Yes,2024-08-26,,1,1,1,,1,1,1,1,,,Yes,,Kano,,gmm70
e8546d63-c5d5-4f89-9b46-d6fcb4bfa248,Deposit_Account,Yes,2024-08-26,,1,1,1,,1,1,1,1,,,Yes,,Kano,,gmm70
d5330b30-5922-4f94-804c-417db77722c2,Deposit_Account,Yes,2024-08-25,,1,1,1,,1,1,1,1,,,Yes,,Kano,,gmm70
356827eb-9c5f-4de0-af15-7239047acf18,Deposit_Account,Yes,2024-08-26,,1,1,1,,1,1,1,1,,,Yes,,Kano,,gmm70
7649c2b4-54aa-4afd-8117-7e53bdeb1cb2,Deposit_Account,Yes,2024-08-24,,1,1,1,,1,1,1,1,,,Yes,,Kano,,gmm70
dfa61d9e-37b1-46ed-9ba7-3a02b65c49fd,Deposit_Account,Yes,2024-08-25,,1,1,1,,1,1,1,1,,,Yes,,Kano,,gmm70
68efb5a5-5ea7-4161-b831-c618632c21bc,Deposit_Account,Yes,2024-08-23,,1,1,1,,1,1,1,1,,,Yes,,Kano,,gmm70
831f2bb3-72b4-427c-9d33-92f7e147c305,Deposit_Account,Yes,2024-08-24,,1,1,1,,1,1,1,1,,,Yes,,Kano,,gmm70
e302e5f7-b113-4192-bc88-50017d58af29,Deposit_Account,Yes,2024-08-25,,1,1,1,,1,1,1,1,,,Yes,,Kano,,gmm70
bfc65f0a-cf12-442a-8e6c-fd50242a0486,Deposit_Account,Yes,2024-08-25,,1,1,1,,1,1,1,1,,,Yes,,Kano,,gmm70
7bcf3a69-4767-4c1a-aeee-7ae3c76b3b73,Deposit_Account,Yes,2024-08-26,,1,1,1,,1,1,1,1,,,Yes,,Kano,,gmm70
11e07e79-6430-4c8f-ad3e-296a7908da80,Deposit_Account,Yes,2024-08-25,,1,1,1,,1,1,1,1,,,Yes,,Kano,,gmm70
8ffe2cbd-48db-46d9-9499-5661d865e5f7,Deposit_Account,Yes,2024-08-25,,1,1,1,,1,1,1,1,,,Yes,,Kano,,gmm70
7c6fae0c-964e-4e08-9ebf-646bfc23847d,Deposit_Account,Yes,2024-08-25,,1,1,1,,1,1,1,1,,,Yes,,Kano,,gmm70
51e85322-1b41-4f06-b46c-104a0f6960d1,Deposit_Account,Yes,2024-08-26,,1,1,1,,1,1,1,1,,,Yes,,Kano,,gmm70
d6440193-0410-4fbb-a4ef-ebad8401f723,Deposit_Account,Yes,2024-08-25,,1,1,1,,1,1,1,1,,,Yes,,Kano,,gmm70
fae1941e-f889-4e96-aa2d-7bdd723982db,Deposit_Account,Yes,2024-08-24,,1,1,1,,1,1,1,1,,,Yes,,Kano,,gmm70
cf42c159-e419-47c6-a9d4-b1c268591999,Deposit_Account,Yes,2024-08-24,,1,1,1,,1,1,1,1,,,Yes,,Kano,,gmm70
f6541498-fea2-4c23-b335-6e577e3db7ba,Deposit_Account,Yes,2024-08-25,,1,1,1,,1,1,1,1,,,Yes,,Kano,,gmm70
a28fec96-1347-47f5-8348-67ba0e2c1fa2,Deposit_Account,Yes,2024-08-25,,1,1,1,,1,1,1,1,,,Yes,,Kano,,gmm70
d709fe95-2371-4030-8e0a-05642b2c3159,Deposit_Account,Yes,2024-08-24,,1,1,1,,1,1,1,1,,,Yes,,Kano,,gmm70
1ddd15a4-9618-43a7-ad0f-5fd8718b52e6,Deposit_Account,Yes,2024-08-25,,1,1,1,,1,1,1,1,,,Yes,,Kano,,gmm70
d3159548-4a13-402c-8105-0bf1a8e1e936,Deposit_Account,Yes,2024-08-25,,1,1,1,,1,1,1,1,,,Yes,,Kano,,gmm70
8d12eafa-9ca8-4c68-8a65-66f8e185194a,Deposit_Account,Yes,2024-08-26,,1,1,1,,1,1,1,1,,,Yes,,Kano,,gmm70
e305773b-a287-4470-8a88-a99e103be5be,Deposit_Account,Yes,2024-08-23,,1,1,1,,1,1,1,1,,,Yes,,Kano,,gmm70
431aedb7-63e1-4e11-afcb-11d99c00cf4a,Deposit_Account,Yes,2024-08-24,,1,1,1,,1,1,1,1,,,Yes,,Kano,,gmm70
b955032c-ce5d-4e48-81f9-d0c26d18fdf8,Deposit_Account,Yes,2024-08-24,,1,1,1,,1,1,1,1,,,Yes,,Kano,,gmm70
e5b5bfda-cc13-442d-9c2c-aa4e8b3ef35b,Deposit_Account,Yes,2024-08-24,,1,1,1,,1,1,1,1,,,Yes,,Kano,,gmm70
aff165d1-df0a-4a5c-b6fc-35e061f114fd,Deposit_Account,Yes,2024-08-24,,1,1,1,,1,1,1,1,,,Yes,,Kano,,gmm70
3baebce0-fa14-4576-bd3c-16484a8c51fe,Deposit_Account,Yes,2024-08-24,,1,1,1,,1,1,1,1,,,Yes,,Kano,,gmm70
8824295b-6f3e-4ba3-8089-f205609f89ea,Deposit_Account,Yes,2024-08-25,,1,1,1,,1,1,1,1,,,Yes,,Kano,,gmm70
10722858-5be1-4794-ae18-1c324723eb11,Deposit_Account,Yes,2024-08-23,,1,1,1,,1,1,1,1,,,Yes,,Kano,,gmm70
8f8e7b7d-b512-408f-a102-43ad319539a6,Deposit_Account,Yes,2024-08-24,,1,1,1,,1,1,1,1,,,Yes,,Kano,,gmm70
778d3386-70ae-494f-9893-8731201ca832,Deposit_Account,Yes,2024-08-25,,1,1,1,,1,1,1,1,,,Yes,,Kano,,gmm70
d3a52623-356e-4226-91fc-9261293bc5e3,Deposit_Account,Yes,2024-08-27,,1,1,1,,1,1,1,1,,,Yes,,FCT,,gwa18
c2cadf2e-b8d1-49a7-9724-20f02e35236a,Deposit_Account,Yes,2024-08-27,,1,1,1,,1,1,1,1,,,Yes,,FCT,,gwa18
9f86d1a3-7662-4fd5-ba55-872af2376106,Deposit_Account,Yes,2024-08-27,,1,1,1,,1,1,1,1,,,Yes,,FCT,,gwa18
126c7150-42c2-46ad-a1d4-85c993b07a86,Deposit_Account,Yes,2024-08-27,,1,1,1,,1,1,1,1,,,Yes,,FCT,,gwa18
358bb790-6443-4a5e-bfef-41116384e841,Deposit_Account,Yes,2024-08-27,,1,1,1,,1,1,1,1,,,Yes,,FCT,,gwa18
2af4d6da-abf6-46b0-b54f-cfac45f10ec7,Deposit_Account,Yes,2024-08-27,,1,1,1,,1,1,1,1,,,Yes,,FCT,,gwa18
118db303-2feb-4da1-a8d8-3630acde8a3c,Deposit_Account,Yes,2024-08-27,,1,1,1,,1,1,1,1,,,Yes,,FCT,,gwa18
844d657a-1e2e-423c-bf0a-3494766c4954,Deposit_Account,Yes,2024-08-27,,1,1,1,,1,1,1,1,,,Yes,,FCT,,gwa18
69ff16bb-a14b-4d49-8a68-ec8f4d268c9a,Deposit_Account,Yes,2024-08-27,,1,1,1,,1,1,1,1,,,Yes,,FCT,,gwa18
68e61808-4bae-408b-ad8c-b6edb8dd647b,Deposit_Account,Yes,2024-08-27,,1,1,1,,1,1,1,1,,,Yes,,FCT,,gwa18
7f315055-268c-46a3-99be-c8c4114d3619,Deposit_Account,Yes,2024-08-27,,1,1,1,,1,1,1,1,,,Yes,,FCT,,gwa18
00bc768d-68a6-4967-b16f-a8b80cf271e4,Deposit_Account,Yes,2024-08-27,,1,1,1,,1,1,1,1,,,Yes,,FCT,,gwa18
0c5a3120-21aa-4408-9466-3240dc05099f,Deposit_Account,Yes,2024-08-27,,1,1,1,,1,1,1,1,,,Yes,,FCT,,gwa18
2350b3e0-db73-4683-a032-e72b5e651062,Deposit_Account,Yes,2024-08-27,,1,1,1,,1,1,1,1,,,Yes,,FCT,,gwa18
87d20f2b-be47-4219-a76a-9289f2c2e9ac,Deposit_Account,Yes,2024-08-27,,1,1,1,,1,1,1,1,,,Yes,,FCT,,gwa18
c2880eb3-33d5-42bc-86df-1f00c2816945,Deposit_Account,Yes,2024-08-27,,1,1,1,,1,1,1,1,,,Yes,,FCT,,gwa18
169dd8a3-f343-4a7c-916d-7b03e1c97eb5,Deposit_Account,Yes,2024-08-27,,1,1,1,,1,1,1,1,,,Yes,,FCT,,gwa18
5ae1db5e-caf5-4115-8860-47e96e38e7ff,Deposit_Account,Yes,2024-08-27,,1,1,1,,1,1,1,1,,,Yes,,FCT,,gwa18
309f77b5-dabe-46e2-ad87-11ca354aaea1,Deposit_Account,Yes,2024-08-27,,1,1,1,,1,1,1,1,,,Yes,,FCT,,gwa18
3f008b59-1d27-4fc9-a3f9-c500d5c27faa,Deposit_Account,Yes,2024-08-27,,1,1,1,,1,1,1,1,,,Yes,,FCT,,gwa18
413035d7-cfd3-4f7e-87fe-6fa1a9046478,Deposit_Account,Yes,2024-08-27,,1,1,1,,1,1,1,1,,,Yes,,FCT,,gwa18
c6dbfb1d-128e-4ee7-8097-50956d55f4d5,Deposit_Account,Yes,2024-08-27,,1,1,1,,1,1,1,1,,,Yes,,FCT,,gwa18
b1bf3931-67ca-42a5-8bee-1294799f8683,Deposit_Account,Yes,2024-08-27,,1,1,1,,1,1,1,1,,,Yes,,FCT,,gwa18
2640a7db-32e7-4cb7-8412-e528e6860154,Deposit_Account,Yes,2024-08-23,,1,1,1,,1,1,1,1,,,Yes,,Jigawa,,jah44
0b806524-441c-4fc9-af75-9159687c452c,Deposit_Account,Yes,2024-08-21,,1,1,1,,1,1,1,1,,,Yes,,Jigawa,,jah44
6473ef2f-58e5-4c41-97ac-abab574fef48,Deposit_Account,Yes,2024-08-28,,1,1,1,,1,1,1,1,,,Yes,,Jigawa,,jah44
7a64766a-8c12-43dd-b21d-a8322a1d540b,Deposit_Account,Yes,2024-08-22,,1,1,1,,1,1,1,1,,,Yes,,Jigawa,,jah44
b232d9e9-c24f-4897-b42a-c89521693ce8,Deposit_Account,Yes,2024-08-28,,1,1,1,,1,1,1,,,,Yes,,Jigawa,,jah44
4c142381-1659-4edf-bbd9-ffcd4d8a4f0e,Deposit_Account,Yes,2024-08-28,,1,1,1,,1,1,1,1,,,Yes,,Jigawa,,jah44
aba20c7c-7e12-4a94-93f5-4158329d0b81,Deposit_Account,Yes,2024-08-28,,1,1,1,,1,1,1,1,,,Yes,,Jigawa,,jah44
c78104f4-a93f-4e98-82bc-a2802c2db9de,Deposit_Account,Yes,2024-08-28,,1,1,1,,1,1,1,1,,,Yes,,Jigawa,,jah44
098119a7-d421-473a-a035-17679d3d5940,Deposit_Account,Yes,2024-08-28,,1,1,1,,1,1,1,1,,,Yes,,Jigawa,,jah44
bc142ec7-f207-4b83-87b8-d73d61020beb,Deposit_Account,Yes,2024-08-28,,1,1,1,,1,1,1,1,,,Yes,,Jigawa,,jah44
4bb49e1a-eebc-492f-92af-85d4b3b73fe3,Deposit_Account,Yes,2024-08-28,,1,1,1,,1,1,1,1,,,Yes,,Jigawa,,jah44
c925527c-5e64-4e21-8777-6b5503262a71,Deposit_Account,Yes,2024-08-28,,1,1,1,,1,1,1,1,,,Yes,,Jigawa,,jah44
8b7bf88a-d7f2-4704-8486-217a117bf172,Deposit_Account,Yes,2024-08-28,,1,1,1,,1,1,1,1,,,Yes,,Jigawa,,jah44
ba9b4efe-5932-4339-8e6a-4189ddbc1a29,Deposit_Account,Yes,2024-08-28,,1,1,1,,1,1,1,1,,,Yes,,Jigawa,,jah44
27448d78-45f8-48e4-a27f-76f192777681,Deposit_Account,Yes,2024-08-28,,1,1,1,,1,1,1,1,,,Yes,,Jigawa,,jah44
072ffd4d-08c2-47e4-b6d5-26c5320172fa,Deposit_Account,Yes,2024-08-28,,1,1,1,,1,1,1,1,,,Yes,,Jigawa,,jah44
3ba7b3d3-8224-47fb-8cf0-458af22bb586,Deposit_Account,Yes,2024-08-28,,1,1,1,,1,1,1,1,,,Yes,,Jigawa,,jah44
9636ff2e-9c9d-4a54-9268-e1c91de8a1e9,Deposit_Account,Yes,2024-08-28,,1,1,1,,1,1,1,1,,,Yes,,Jigawa,,jah44
e9713bea-7a85-40fa-ad1e-5a7496de668c,Deposit_Account,Yes,2024-08-28,,1,1,1,,1,1,1,1,,,Yes,,Jigawa,,jah44
b1990c59-9b6f-4218-b93f-a05168e4aea8,Deposit_Account,Yes,2024-08-28,,1,1,1,,1,1,1,1,,,Yes,,Jigawa,,jah44
6ffdbf01-211c-4aad-910d-c95fb1937009,Deposit_Account,Yes,2024-08-28,,1,1,1,,1,1,1,1,,,Yes,,Jigawa,,jah44
c8ffc2f6-ff9a-4780-9213-bf94f44a4be4,Deposit_Account,Yes,2024-08-28,,1,1,1,,1,1,1,1,,,Yes,,Jigawa,,jah44
d257d852-f6c9-4b9f-a9ec-0de6b8654826,Deposit_Account,Yes,2024-08-28,,1,1,1,,,1,1,1,,,Yes,,Jigawa,,jah44
75abd942-a1e8-49e4-893b-f7c278205f4d,Deposit_Account,Yes,2024-08-28,,1,1,1,,1,1,1,1,,,Yes,,Jigawa,,jah44
b37a051c-8380-4adc-b183-5fd1d944ee5d,Deposit_Account,Yes,2024-08-28,,1,1,1,,1,1,1,1,,,Yes,,Jigawa,,jah44
9a6a8dce-3541-4dbd-b5a7-60849cd91797,Deposit_Account,Yes,2024-08-28,,1,1,1,,1,1,1,1,,,Yes,,Jigawa,,jah44
e5466860-8d37-40ac-8bf1-ec3e413cc176,Deposit_Account,Yes,2024-08-28,,1,1,1,,1,1,1,1,,,Yes,,Jigawa,,jah44
5278c58d-e580-4e4c-99ce-9bb6b8efddf1,Deposit_Account,Yes,2024-08-28,,1,1,1,,1,1,1,1,,,Yes,,Jigawa,,jah44
17e37342-be8e-4c3b-aa3f-4ef792fe1189,Deposit_Account,Yes,2024-08-20,,1,1,1,,1,1,1,1,,,Yes,,Jigawa,,jah44
35164c53-2690-46ac-af78-118abd75cf19,Deposit_Account,Yes,2024-08-28,,1,1,1,,1,1,1,1,,,Yes,,Jigawa,,jah44
077fceed-9d60-490a-96b5-b47b8746e64a,Deposit_Account,Yes,2024-08-28,,1,1,1,,1,1,1,1,,,Yes,,Jigawa,,jah44
4d612b29-6eaf-4598-90cd-06025e80a846,Deposit_Account,Yes,2024-08-28,,1,1,1,,1,1,1,1,,,Yes,,Jigawa,,jah44
3016bdf0-305e-4b8b-830e-769b6fa13b70,Deposit_Account,Yes,2024-08-28,,1,1,1,,1,1,1,1,,,Yes,,Jigawa,,jah44
b83e2467-6a4f-4641-84ff-fbe3e2bee0b5,Deposit_Account,Yes,2024-08-28,,1,1,1,,1,1,1,1,,,Yes,,Jigawa,,jah44
2fe65d52-0550-41e3-b786-32a6274821ad,Deposit_Account,Yes,2024-08-28,,1,1,1,,1,1,1,1,,,Yes,,Jigawa,,jah44
edd50321-c12d-4d3c-b35b-85fdb891f75c,Deposit_Account,Yes,2024-08-28,,1,1,1,,1,1,1,1,,,Yes,,Jigawa,,jah44
88e5a419-93c4-4cc1-bbf3-4903c51dec4b,Deposit_Account,Yes,2024-08-28,,1,1,1,,1,1,1,1,,,Yes,,Jigawa,,jah44
f56e0fed-65bb-4332-a815-ffbb85d82f26,Deposit_Account,Yes,2024-08-28,,1,1,1,,1,1,1,1,,,Yes,,Jigawa,,jah44
638ac796-7fc6-4530-8fdf-90773667f136,Deposit_Account,Yes,2024-08-28,,1,1,1,,1,1,1,1,,,Yes,,Jigawa,,jah44
cdf28aca-7e68-4cb3-8013-4f0150ea6ab0,Deposit_Account,Yes,2024-08-28,,1,1,1,,1,1,1,1,,,Yes,,Jigawa,,jah44
8c9fac40-1676-4c6b-93bf-4a7202803e76,Deposit_Account,Yes,2024-08-28,,1,1,1,,1,1,1,1,,,Yes,,Jigawa,,jah44
72cd4ffe-181d-4604-ba3d-f332b471cf92,Deposit_Account,Yes,2024-08-28,,1,1,1,,1,1,1,1,,,Yes,,Jigawa,,jah44
27dcb215-f8b3-403d-9931-9e58ae4b757d,Deposit_Account,Yes,2024-08-28,,1,1,1,,1,1,1,1,,,Yes,,Jigawa,,jah44
128a9789-1af0-42fe-b10a-a16395c39003,Deposit_Account,Yes,2024-08-28,,1,1,1,,1,1,1,1,,,Yes,,Jigawa,,jah44
85031167-de68-4cf2-8997-4d3e8fa316b3,Deposit_Account,Yes,2024-08-28,,1,1,1,,1,1,1,1,,,Yes,,Jigawa,,jah44
e7e9deee-aed4-4825-a6d7-9f99215639fc,Deposit_Account,Yes,2024-08-28,,1,1,1,,1,1,1,1,,,Yes,,Jigawa,,jah44
9627a57c-d9f9-4fbf-8844-52219bf9406e,Deposit_Account,Yes,2024-08-28,,1,1,1,,1,1,1,1,,,Yes,,Jigawa,,jah44
bc2da004-5ad5-468f-a26c-65aff668e238,Deposit_Account,Yes,2024-08-25,,1,1,1,,1,1,1,1,,,Yes,,FCT,,gwa17
c9b82ef5-2a66-44dd-9647-dc73dca8cb22,Deposit_Account,Yes,2024-08-26,,1,1,1,,1,1,1,1,,,Yes,,FCT,,gwa17
7a54af89-2d59-47eb-a54d-c8250a4a1d28,Deposit_Account,Yes,2024-08-26,,1,1,1,,1,1,1,1,,,Yes,,FCT,,gwa17
4d1b360e-5b40-4da2-88de-d4843b51bbb2,Deposit_Account,Yes,2024-08-24,,1,1,1,,1,1,1,1,,,Yes,,FCT,,gwa17
cc0d34cb-b2d2-4f94-9ecf-556905e30593,Deposit_Account,Yes,2024-08-25,,1,1,1,,1,1,1,1,,,Yes,,FCT,,gwa17
3aaa000f-da24-4bcb-8aeb-6f4e58f13e16,Deposit_Account,Yes,2024-08-24,,1,1,1,,1,1,1,1,,,Yes,,FCT,,gwa17
4934ebcb-a724-4703-a59d-16d11cf22022,Deposit_Account,Yes,2024-08-26,,1,1,1,,1,1,1,1,,,Yes,,FCT,,gwa17
619c6c66-26f4-4a0c-9fe0-a4e7ba69198a,Deposit_Account,Yes,2024-08-24,,1,1,1,,1,1,1,1,,,Yes,,FCT,,gwa17
22a8357f-c373-40db-8e8c-4575b4a720f2,Deposit_Account,Yes,2024-08-26,,1,1,1,,1,1,1,1,,,Yes,,FCT,,gwa17
42ccbee8-e234-49ca-b00b-036947aef573,Deposit_Account,Yes,2024-08-26,,1,1,1,,1,1,1,1,,,Yes,,FCT,,gwa17
a3c34c55-0a50-4c50-92fd-139581190f85,Deposit_Account,Yes,2024-08-26,,1,1,1,,1,1,1,1,,,Yes,,FCT,,gwa17
7c0bb131-0321-41c5-9081-04266b27075a,Deposit_Account,Yes,2024-08-25,,1,1,1,,1,1,1,1,,,Yes,,FCT,,gwa17
bc73026e-bde3-4e78-a08c-17c9f5180a1f,Deposit_Account,Yes,2024-08-25,,1,1,1,,1,1,1,1,,,Yes,,FCT,,gwa17
3ac3e413-ef00-4ba3-a7c9-94ad6d62a34d,Deposit_Account,Yes,2024-08-23,,1,1,1,,1,1,1,1,,,Yes,,FCT,,gwa17
20e2d9b0-1e60-4cde-88ec-92fae7f71cb9,Deposit_Account,Yes,2024-08-26,,1,1,1,,1,1,1,1,,,Yes,,FCT,,gwa17
71ff59ec-e49c-4656-b388-d007f0a88899,Deposit_Account,Yes,2024-08-25,,1,1,1,,1,1,1,1,,,Yes,,FCT,,gwa17
b594dba3-5dac-48dc-8f7f-e44d9eb63c70,Deposit_Account,Yes,2024-08-24,,1,1,1,,1,1,1,1,,,Yes,,FCT,,gwa17
3786a907-eb7d-4385-a909-3a6545b7e7c8,Deposit_Account,Yes,2024-08-24,,1,1,1,,1,1,1,1,,,Yes,,FCT,,gwa17
f06a90be-c7d7-464e-ae02-d19e0af8a25b,Deposit_Account,Yes,2024-08-25,,1,1,1,,1,1,1,1,,,Yes,,FCT,,gwa17
03eaecba-cd94-443e-b2ed-9a125c22d15f,Deposit_Account,Yes,2024-08-25,,1,1,1,,1,1,1,1,,,Yes,,FCT,,gwa17
ddc0a933-4158-4477-909d-b294f09d660d,Deposit_Account,Yes,2024-08-24,,1,1,1,,1,1,1,1,,,Yes,,FCT,,gwa17
8c4e46c7-96dc-452f-8c02-464c93e34349,Deposit_Account,Yes,2024-08-23,,1,1,1,,1,1,1,1,,,Yes,,FCT,,gwa17
5c7414af-541e-409b-b30e-782cd43dc096,Deposit_Account,Yes,2024-08-25,,1,1,1,,1,1,1,1,,,Yes,,FCT,,gwa17
79bb1e90-879d-4536-84c1-2d9333bad39b,Deposit_Account,Yes,2024-08-25,,1,1,1,,1,1,1,1,,,Yes,,FCT,,gwa17
95fa1879-9d41-4fdf-a21c-ccf0e91f3d5a,Deposit_Account,Yes,2024-08-26,,1,1,1,,1,1,1,1,,,Yes,,FCT,,gwa17
142c56d0-f198-4757-87ae-62eb13acac40,Deposit_Account,Yes,2024-08-25,,1,1,1,,1,1,1,1,,,Yes,,FCT,,gwa18
762d9fff-bf00-424c-8a44-abc9abc41fa9,Deposit_Account,Yes,2024-08-26,,1,1,1,,1,1,1,1,,,Yes,,FCT,,gwa18
ca1d93d7-d59b-4417-8c10-bfa77e93598a,Deposit_Account,Yes,2024-08-24,,1,1,1,,1,1,1,1,,,Yes,,FCT,,gwa18
bcb2afa5-fa4b-4def-901a-4ff89ba3e28d,Deposit_Account,Yes,2024-08-26,,1,1,1,,1,1,1,1,,,Yes,,FCT,,gwa18
87be074a-f3b1-4f82-855d-ab9ade494ef1,Deposit_Account,Yes,2024-08-25,,1,1,1,,1,1,1,1,,,Yes,,FCT,,gwa18
e5dcbde9-c4f0-43c8-82bd-85297de8e201,Deposit_Account,Yes,2024-08-26,,1,1,1,,1,1,1,1,,,Yes,,FCT,,gwa18
190bd527-d886-43d4-8ec8-f49c7c292657,Deposit_Account,Yes,2024-08-25,,1,1,1,,1,1,1,1,,,Yes,,FCT,,gwa18
4e30bd9e-960c-4c1f-a05b-160106249e42,Deposit_Account,Yes,2024-08-25,,1,1,1,,1,1,1,1,,,Yes,,FCT,,gwa18
b122f42b-583e-422c-86cf-59bbb6ff8a51,Deposit_Account,Yes,2024-08-24,,1,1,1,,1,1,1,1,,,Yes,,FCT,,gwa18
1632d3df-90ae-4b2c-8e1e-628eb57928df,Deposit_Account,Yes,2024-08-25,,1,1,1,,1,1,1,1,,,Yes,,FCT,,gwa18
9fd0869e-0d16-470e-8939-cf96b2329581,Deposit_Account,Yes,2024-08-25,,1,1,1,,1,1,1,1,,,Yes,,FCT,,gwa18
22e74667-5d48-4b43-8664-5c596f182fb8,Deposit_Account,Yes,2024-08-25,,1,1,1,,1,1,1,1,,,Yes,,FCT,,gwa18
175ba2ba-3211-4f8c-825d-3e2b3831e5e2,Deposit_Account,Yes,2024-08-26,,1,1,1,,1,1,1,1,,,Yes,,FCT,,gwa18
1005845c-60f3-4b7a-9eff-4fbc8c33b81e,Deposit_Account,Yes,2024-08-24,,1,1,1,,1,1,1,1,,,Yes,,FCT,,gwa18
11f0d62d-53c5-48b8-9d00-bb9793404a5d,Deposit_Account,Yes,2024-08-24,,1,1,1,,1,1,1,1,,,Yes,,FCT,,gwa18
fc9ea776-ed86-4f70-b88c-916ae6af3c04,Deposit_Account,Yes,2024-08-24,,1,1,1,,1,1,1,1,,,Yes,,FCT,,gwa18
44c8297f-b802-4bf0-a9d2-abfd743f0534,Deposit_Account,Yes,2024-08-25,,1,1,1,,1,1,1,1,,,Yes,,FCT,,gwa18
66a31864-1baf-47e5-b649-62b9df205c94,Deposit_Account,Yes,2024-08-24,,1,1,1,,1,1,1,1,,,Yes,,FCT,,gwa18
7abf3119-7e63-4efd-9439-5d5c0d6dcdd6,Deposit_Account,Yes,2024-08-25,,1,1,1,,1,1,1,1,,,Yes,,FCT,,gwa18
c64fdebe-c6bb-479f-8361-d1f4d1330b5f,Deposit_Account,Yes,2024-08-26,,1,1,1,,1,1,1,1,,,Yes,,FCT,,gwa18
da80222f-6dce-4c74-8eb7-77f467b22c2e,Deposit_Account,Yes,2024-08-26,,1,1,1,,1,1,1,1,,,Yes,,FCT,,gwa18
e24327c7-9b07-4884-abff-f230b7a548d3,Deposit_Account,Yes,2024-08-25,,1,1,1,,1,1,1,1,,,Yes,,FCT,,gwa18
0e524171-b8ce-4c0d-ae79-9e2354de00c8,Deposit_Account,Yes,2024-08-26,,1,1,1,,1,1,1,1,,,Yes,,FCT,,gwa18
1b8bf15e-1794-4e56-849a-ea3cd59cd0ae,Deposit_Account,Yes,2024-08-25,,1,1,1,,1,1,1,1,,,Yes,,FCT,,gwa18
965223a7-6dff-4849-aa0a-001fa54634fc,Deposit_Account,Yes,2024-08-27,,1,1,1,,1,1,1,1,,,Yes,,FCT,,gwa28
7d3f6ce8-9eb4-4a9c-92c2-664085fe9fc9,Deposit_Account,Yes,2024-08-27,,1,1,1,,1,1,1,1,,,Yes,,FCT,,gwa28
286d5b81-2ea5-438f-8d1e-465eaf7e2b93,Deposit_Account,Yes,2024-08-27,,1,1,1,,1,1,1,,,,Yes,,FCT,,gwa28
e26405cc-c4c7-4d93-a936-e7a73270f9e4,Deposit_Account,Yes,2024-08-27,,1,1,1,,1,1,1,1,,,Yes,,FCT,,gwa28
67464925-2a2a-4aad-a0fd-8423f188edec,Deposit_Account,Yes,2024-08-27,,1,1,1,,1,1,1,1,,,Yes,,FCT,,gwa28
f0bbed82-e5f6-4e28-b4ac-54ceb173ddc2,Deposit_Account,Yes,2024-08-27,,1,1,1,,1,1,1,1,,,Yes,,FCT,,gwa28
cccace28-9489-4e6b-911e-6b4fd3965258,Deposit_Account,Yes,2024-08-27,,1,1,1,,1,1,1,1,,,Yes,,FCT,,gwa28
3a30e8bf-5f73-4fbb-b1ce-e2e1deb18b95,Deposit_Account,Yes,2024-08-27,,1,1,1,,1,1,1,1,,,Yes,,FCT,,gwa28
41692f0f-05f5-4ef2-9a76-a5286e453fc9,Deposit_Account,Yes,2024-08-27,,1,1,1,,1,1,1,1,,,Yes,,FCT,,gwa28
3e3bce70-fb27-4e18-959a-058512d04fc2,Deposit_Account,Yes,2024-08-27,,1,1,1,,1,1,1,1,,,Yes,,FCT,,gwa28
d093646e-a67a-4c2c-a8fe-78922aa8fbe1,Deposit_Account,Yes,2024-08-27,,1,1,1,,1,1,1,1,,,Yes,,FCT,,gwa28
80de017f-40f9-429a-bef2-c6741bb11cfe,Deposit_Account,Yes,2024-08-27,,1,1,1,,1,1,1,1,,,Yes,,FCT,,gwa28
5475d934-5443-48bf-be3c-a8e5704df233,Deposit_Account,Yes,2024-08-27,,1,1,1,,1,1,1,1,,,Yes,,FCT,,gwa28
39451e71-4f4f-41e3-ac2c-945aefb3746b,Deposit_Account,Yes,2024-08-27,,1,1,1,,1,1,1,1,,,Yes,,FCT,,gwa28
b2b87a5c-2a03-475e-aa87-19ced94b8c11,Deposit_Account,Yes,2024-08-27,,1,1,1,,1,1,1,1,,,Yes,,FCT,,gwa28
4f5284ae-629f-48c4-bbd6-bce969b1a569,Deposit_Account,Yes,2024-08-27,,1,1,1,,1,1,1,1,,,Yes,,FCT,,gwa28
a0e9ed23-602c-4a0d-9ce8-72e4cf192420,Deposit_Account,Yes,2024-08-27,,1,1,1,,1,1,1,1,,,Yes,,FCT,,gwa28
964b4f6c-782d-4e98-823f-102b17e790ee,Deposit_Account,Yes,2024-08-27,,1,1,1,,1,1,1,1,,,Yes,,FCT,,gwa28
a767c67c-8bf2-4a82-8b22-13bf0b9ad921,Deposit_Account,Yes,2024-08-27,,1,1,1,,1,1,1,1,,,Yes,,FCT,,gwa28
4b8f1c29-a44f-42e1-9923-34592dd7c074,Deposit_Account,Yes,2024-08-27,,1,1,1,,1,1,1,1,,,Yes,,FCT,,gwa28
03dd2116-32e5-40a0-8b58-fb96c041c6d7,Deposit_Account,Yes,2024-08-27,,1,1,1,,1,1,1,1,,,Yes,,FCT,,gwa28
df406ad1-8f90-4cec-b616-a0fde4685162,Deposit_Account,Yes,2024-08-27,,1,1,1,,1,1,1,1,,,Yes,,FCT,,gwa28
472d0552-96d3-4377-b0d9-3c4ec4ba3729,Deposit_Account,Yes,2024-08-27,,1,1,1,,1,1,1,1,,,Yes,,FCT,,gwa28
d552fc6e-0ffc-4fc8-9f16-3bda9258ab78,Deposit_Account,Yes,2024-08-27,,1,1,1,,1,1,1,1,,,Yes,,FCT,,gwa28
f5700b3e-16db-4d4e-be38-f6a7d7b97c13,Deposit_Account,Yes,2024-08-27,,1,1,1,,1,1,1,1,,,Yes,,FCT,,gwa28
14d124b1-5aa9-42ea-a293-83a758a6d83b,Deposit_Account,Yes,2024-08-27,,1,1,1,,1,1,1,1,,,Yes,,FCT,,gwa28
1e1b6ec8-dac1-44cd-9a73-543ac91ae0de,Deposit_Account,Yes,2024-08-27,,1,1,1,,1,1,1,1,,,Yes,,FCT,,gwa28
771a20e1-77f5-4b2f-8334-660b7a7a9f40,Deposit_Account,Yes,2024-08-27,,1,1,1,,1,1,1,1,,,Yes,,FCT,,gwa28
4e1d7f8c-b694-4cf9-9c53-1a8b2241e9e6,Deposit_Account,Yes,2024-08-28,,1,1,1,,1,1,1,1,,,Yes,,Kaduna,,ika18
6f72deca-1a66-4303-87d1-2a6d054d3797,Deposit_Account,Yes,2024-08-28,,1,1,1,,,1,1,1,,,Yes,,Kaduna,,ika18
c548f6a2-591a-4177-8a4b-e1253bd4823b,Deposit_Account,Yes,2024-08-28,,1,1,1,1,1,1,1,1,,,Yes,,Kaduna,,ika11
5c510733-20d7-45c9-abb6-2de8e906b063,Deposit_Account,Yes,2024-08-28,,1,1,1,,1,1,1,1,,,Yes,,Kaduna,,ika11
79d870d9-c1d5-4753-96d1-5ce267425e5c,Deposit_Account,Yes,2024-08-28,,1,1,1,,1,1,1,1,,,Yes,,Kaduna,,ika11
fd629cab-09d4-47c7-abfc-005116d644cf,Deposit_Account,Yes,2024-08-28,,1,1,1,,1,1,1,1,,,Yes,,Kaduna,,ika11
516f2ced-f3d8-4b9f-94dc-848a0658d987,Deposit_Account,Yes,2024-08-28,,1,1,1,,1,1,1,1,,,Yes,,Kaduna,,ika11
a0dcf09d-bac3-496d-aa71-ceb0fafd57bb,Deposit_Account,Yes,2024-08-28,,1,1,1,,1,1,1,1,,,Yes,,Kaduna,,ika11
1c444d6b-0234-4402-b728-12348f00f956,Deposit_Account,Yes,2024-08-28,,1,1,1,,,1,1,1,,,Yes,,Kaduna,,ika11
9a18bafc-b448-4ef8-8737-ae8531067a36,Deposit_Account,Yes,2024-08-28,,1,1,1,,1,1,1,1,,,Yes,,Kaduna,,ika11
6ab5e265-4b70-403b-8abb-09297fca9f0e,Deposit_Account,Yes,2024-08-28,,1,1,1,,1,1,1,1,,,Yes,,Kaduna,,ika11
52879725-c4c5-4137-bcf1-6c58acc75387,Deposit_Account,Yes,2024-08-28,,1,1,1,,1,1,1,1,,,Yes,,Kaduna,,ika11
7c66ebb8-607f-490b-8fef-5ba6fa917c29,Deposit_Account,Yes,2024-08-28,,1,1,1,,1,1,1,1,,,Yes,,Kaduna,,ika11
1c5c1a82-9df7-4428-bc77-0dc0c0c900ff,Deposit_Account,Yes,2024-08-28,,1,1,1,,1,1,1,1,,,Yes,,Kaduna,,ika11
90b3674c-150b-4ccc-a09f-c9108f73d39b,Deposit_Account,Yes,2024-08-28,,1,1,1,,1,1,1,1,,,Yes,,Kaduna,,ika11
2ffa45b2-767e-47a1-8c98-ddf8de5baa1a,Deposit_Account,Yes,2024-08-28,,1,1,1,,1,1,1,1,,,Yes,,Kaduna,,ika11
8f6b5eae-9894-4496-b9a2-512203d8f91f,Deposit_Account,Yes,2024-08-28,,1,1,1,,1,1,1,1,,,Yes,,Kaduna,,ika11
b5db5c4a-dc37-44af-afe0-efd89a0bbcba,Deposit_Account,Yes,2024-08-28,,1,1,1,,1,1,1,1,,,Yes,,Kaduna,,ika11
a0c809dc-571e-481c-9b99-0d9891deba0b,Deposit_Account,Yes,2024-08-28,,1,1,1,,1,1,1,1,,,Yes,,Kaduna,,ika11
2ff28a1e-b3c6-459c-89cf-edbfe016eae5,Deposit_Account,Yes,2024-08-28,,1,1,1,,1,1,1,1,,,Yes,,Kaduna,,ika11
047f1b12-495f-47f9-9492-3bf3fd089e7e,Deposit_Account,Yes,2024-08-28,,1,1,1,,1,1,1,1,,,Yes,,Kaduna,,ika11
da8d32ed-5182-4bbe-87e9-e3a0ace8072f,Deposit_Account,Yes,2024-08-28,,1,1,1,,1,1,1,1,,,Yes,,Kaduna,,ika11
fff33974-e6d0-4c16-a226-04939860270a,Deposit_Account,Yes,2024-08-28,,1,1,1,,1,1,1,1,,,Yes,,Kaduna,,ika11
d6eb0686-cc77-4539-b6af-51b781d994a1,Deposit_Account,Yes,2024-08-28,,1,1,1,,1,1,1,1,,,Yes,,Kaduna,,ika11
2035449a-c49e-46f9-b84a-07da4fc5fb23,Deposit_Account,Yes,2024-08-28,,1,1,1,,1,1,1,1,,,Yes,,Kaduna,,ika11
8a06a114-1c78-4efc-abee-3556a6ce53fa,Deposit_Account,Yes,2024-08-28,,1,1,1,,1,1,1,1,,,Yes,,Kaduna,,ika11
dd2c87f7-ad0d-4f8e-82f1-a3ee610d5b80,Deposit_Account,Yes,2024-08-28,,1,1,1,,1,1,1,1,,,Yes,,Kaduna,,ika11
8b226173-9137-4026-adbd-3bcc50adfbf6,Deposit_Account,Yes,2024-08-28,,1,1,1,,1,1,1,1,,,Yes,,Kaduna,,ika11
5c07fcf5-92a9-409e-84e5-7edf7b5e4fd9,Deposit_Account,Yes,2024-08-28,,1,1,1,,1,1,1,1,,,Yes,,Kaduna,,ika11
26da2371-77f9-429b-97db-5ebf38751309,Deposit_Account,Yes,2024-08-28,,1,1,1,,1,1,1,1,,,Yes,,Kaduna,,ika11
82f6fabd-abee-4125-bb03-fce8508b798d,Deposit_Account,Yes,2024-08-28,,1,1,1,,1,1,1,1,,,Yes,,Kaduna,,ika11
39f40e3b-7e21-42e5-abe1-83176b17c9f9,Deposit_Account,Yes,2024-08-28,,1,1,1,,1,1,1,1,,,Yes,,Kaduna,,ika11
642d8bfa-3e30-424b-9170-e18d6616b889,Deposit_Account,Yes,2024-08-28,,1,1,1,,1,1,1,1,,,Yes,,Jigawa,,jah43
10365b26-cdab-46ec-a26c-48899caaab45,Deposit_Account,Yes,2024-08-28,,1,1,1,,1,1,1,1,,,Yes,,Jigawa,,jah43
3fb7a5e5-672e-4481-8907-445cfa6ffa1a,Deposit_Account,Yes,2024-08-20,,1,1,1,,1,1,1,1,,,Yes,,Jigawa,,jah43
1ee127d0-de64-4c0a-b7fc-55e7a6e42ed8,Deposit_Account,Yes,2024-08-28,,1,1,1,,1,1,1,1,,,Yes,,Jigawa,,jah43
6639218d-8bb0-440e-babc-d005c0a6beb5,Deposit_Account,Yes,2024-08-28,,1,1,1,,1,1,1,1,,,Yes,,Jigawa,,jah43
a5ab07be-5324-4ede-b1b6-366a74fd0c7d,Deposit_Account,Yes,2024-08-28,,1,1,1,,1,1,,,,,Yes,,Jigawa,,jah43
ccda326c-99a1-4d00-91fe-8bf4a7dd9163,Deposit_Account,Yes,2024-08-28,,1,1,1,,1,1,1,1,,,Yes,,Jigawa,,jah43
c94ae26e-70e9-42b6-a6b2-740e63c38002,Deposit_Account,Yes,2024-08-28,,1,1,1,,1,1,1,1,,,Yes,,Jigawa,,jah43
55352525-8b1d-4ead-8f66-b55ccbddcf57,Deposit_Account,Yes,2024-08-28,,1,1,1,,1,1,1,1,,,Yes,,Jigawa,,jah43
a85b051e-455e-4b95-9fbf-79a63d0328f3,Deposit_Account,Yes,2024-08-28,,1,1,1,,1,1,1,1,,,Yes,,Jigawa,,jah43
c3116a69-5049-4fe2-a526-a2544746bd1e,Deposit_Account,Yes,2024-08-28,,1,1,1,,1,1,1,1,,,Yes,,Jigawa,,jah43
d80df0f8-f460-4879-9f64-369e438dadf2,Deposit_Account,Yes,2024-08-28,,1,1,1,,1,1,1,1,,,Yes,,Jigawa,,jah43
8427dee7-e277-4d06-b521-38b7bbfd0cff,Deposit_Account,Yes,2024-08-28,,1,1,1,,1,1,1,1,,,Yes,,Jigawa,,jah43
d29f729d-400d-4d93-9f19-6f22d80cddea,Deposit_Account,Yes,2024-08-28,,1,1,1,,1,1,1,,,,Yes,,Jigawa,,jah43
eaf41409-de0a-479b-8ecc-7f72fc7391b1,Deposit_Account,Yes,2024-08-28,,1,1,1,,1,1,1,1,,,Yes,,Jigawa,,jah43
71c1d46b-5ff0-4faf-a630-b394c666828d,Deposit_Account,Yes,2024-08-28,,1,1,1,,1,1,1,1,,,Yes,,Jigawa,,jah43
e2603fd7-3b81-4620-80c1-72590df307fa,Deposit_Account,Yes,2024-08-28,,1,1,1,,1,1,1,1,,,Yes,,Jigawa,,jah43
3fe1217e-0220-4570-b569-409ef0e72ee4,Deposit_Account,Yes,2024-08-28,,1,1,1,,1,1,1,,,,Yes,,Jigawa,,jah43
2005dd36-e27d-46fa-8808-084ebca33ad9,Deposit_Account,Yes,2024-08-28,,1,1,1,,1,1,1,1,,,Yes,,Jigawa,,jah43
227d09f9-34a9-446b-8e3e-8b46293816ee,Deposit_Account,Yes,2024-08-20,,1,1,1,,1,1,1,1,,,Yes,,Jigawa,,jah43
cc4ec327-0391-4812-95d2-cf7aa9f1f6cd,Deposit_Account,Yes,2024-08-28,,1,1,1,,1,1,1,1,,,Yes,,Jigawa,,jah43
3a2875fb-3050-426d-be9c-48fba104f51c,Deposit_Account,Yes,2024-08-28,,1,1,1,,1,1,1,1,,,Yes,,Jigawa,,jah43
112afdcf-caf5-450e-82cc-1a89533ee815,Deposit_Account,Yes,2024-08-28,,1,1,1,,1,1,1,1,,,Yes,,Jigawa,,jah43
9e65c57c-3474-4a60-b6c0-acdea49a7c7d,Deposit_Account,Yes,2024-08-28,,1,1,1,,1,1,1,1,,,Yes,,Jigawa,,jah43
e5d01daa-199a-4ceb-8bc5-e96c066fa572,Deposit_Account,Yes,2024-08-28,,1,1,1,,1,1,1,1,,,Yes,,Jigawa,,jah43
c44c10d5-5f64-4962-97ec-b8c4dbf7f2e4,Deposit_Account,Yes,2024-08-28,,1,1,1,,1,1,1,1,,,Yes,,Jigawa,,jah43
5fa29b5a-5c9c-4889-8e8c-6913cf76dd73,Deposit_Account,Yes,2024-08-28,,1,1,1,,1,1,1,1,,,Yes,,Jigawa,,jah43
2d0ebf08-8d7f-4579-8f41-f5d4caf44542,Deposit_Account,Yes,2024-08-28,,1,1,1,,1,1,1,1,,,Yes,,Jigawa,,jah43
c91efabe-4607-42ed-8521-de32d5ec98a3,Deposit_Account,Yes,2024-08-28,,1,1,1,,1,1,1,1,,,Yes,,Jigawa,,jah43
fc1954f1-6079-4e3e-8552-6e8a3dd7a0da,Deposit_Account,Yes,2024-08-28,,1,1,1,,1,1,1,1,,,Yes,,Jigawa,,jah43
4909b438-cb86-4aa9-9a9d-fbd96aaebbb2,Deposit_Account,Yes,2024-08-28,,1,1,1,,1,1,1,1,,,Yes,,Jigawa,,jah43
d4d7ad55-9f49-4f0d-9bc9-42ba403b770c,Deposit_Account,Yes,2024-08-28,,1,1,1,,1,1,1,1,,,Yes,,Jigawa,,jah43
59abb938-e9e5-4852-a588-c8036d3a6eba,Deposit_Account,Yes,2024-08-28,,1,1,1,,1,1,1,1,,,Yes,,Jigawa,,jah43
c1d8ffaf-1b84-4af1-8c96-386fd39c48af,Deposit_Account,Yes,2024-08-28,,1,1,1,,1,1,1,1,,,Yes,,Jigawa,,jah43
2e004713-b868-4279-a3ea-dba76000f82d,Deposit_Account,Yes,2024-08-28,,1,1,1,,1,1,1,1,,,Yes,,Jigawa,,jah43
0ae09961-fa60-4b19-834e-60becbf77499,Deposit_Account,Yes,2024-08-28,,1,1,1,,1,1,1,1,,,Yes,,Jigawa,,jah43
0a47e34d-b600-4a0d-a4cd-b1cc2a4ef2f6,Deposit_Account,Yes,2024-08-28,,1,1,1,,1,1,1,1,,,Yes,,Jigawa,,jah43
bb21ac76-cc40-4518-a8fa-695c0a1e9fec,Deposit_Account,Yes,2024-08-28,,1,1,1,,1,1,1,1,,,Yes,,Jigawa,,jah43
7061adfc-5047-44fb-8b96-a6cfe8800c15,Deposit_Account,Yes,2024-08-28,,1,1,1,,1,1,1,1,,,Yes,,Jigawa,,jah43
40b093f2-994b-4b2f-8a43-3f90c0cdcdba,Deposit_Account,Yes,2024-08-28,,1,1,1,,1,1,1,1,,,Yes,,Jigawa,,jah43
d69a5e25-8ec7-40f9-bc5a-d86d5adc5526,Deposit_Account,Yes,2024-08-28,,1,1,1,,1,1,1,1,,,Yes,,Jigawa,,jah43
05e20474-1b04-4fe3-b309-d39f6323fc70,Deposit_Account,Yes,2024-08-28,,1,1,1,,1,1,1,1,,,Yes,,Jigawa,,jah43
f86fb877-a194-4788-bf56-d0ba40b993d4,Deposit_Account,Yes,2024-08-28,,1,1,1,,1,1,1,1,,,Yes,,Jigawa,,jah43
0d73a68f-09d0-4489-8f75-900a69bc42f4,Deposit_Account,Yes,2024-08-28,,1,1,1,,1,1,1,1,,,Yes,,Jigawa,,jah43
94d45b34-9e1e-49dc-8120-c889663bfb31,Deposit_Account,Yes,2024-08-28,,1,1,1,,1,1,1,1,,,Yes,,Jigawa,,jah43
b371ab41-e6d0-4d01-bc29-94eb67f177df,Deposit_Account,Yes,2024-08-28,,1,1,1,,1,1,1,1,,,Yes,,Jigawa,,jah43
3db28b9c-f2d4-4bc1-b4e5-ef759f6a7e87,Deposit_Account,Yes,2024-08-28,,1,1,1,,1,1,1,1,,,Yes,,Jigawa,,jah43
dda55c0d-0e50-47ad-b893-2af2f53d7c2a,Deposit_Account,Yes,2024-07-22,,1,1,1,,1,1,1,1,,,Yes,,Jigawa,,jah43
ef5a3996-15e8-4f19-9cf6-4398dcebd814,Deposit_Account,Yes,2024-08-28,,1,1,1,,1,1,1,1,,,Yes,,Jigawa,,jah43
4578dbfb-c61f-460d-b54c-c74dfcdf0b5b,Deposit_Account,Yes,2024-08-28,,1,1,1,,1,1,1,1,,,Yes,,Jigawa,,jah43
81c04c92-bd75-4a8a-b372-c050a441157b,Deposit_Account,Yes,2024-08-28,,1,1,1,,1,1,1,1,,,Yes,,Jigawa,,jah43
e11cc4cc-c91e-4ddd-a459-909dfcdbb3c5,Deposit_Account,Yes,2024-08-28,,1,1,1,,1,1,1,1,,,Yes,,Jigawa,,jah43
e8589c4a-b714-4877-839d-27222cb9a50b,Deposit_Account,Yes,2024-08-28,,1,1,1,,1,1,1,1,,,Yes,,Jigawa,,jah43
a143365d-9bfa-4f26-a4af-9305dcfc2560,Deposit_Account,Yes,2024-08-28,,1,1,1,,1,1,1,1,,,Yes,,Jigawa,,jah43
36bbbc96-54ba-47ec-81c1-01609e675687,Deposit_Account,Yes,2024-08-28,,1,1,1,,1,1,1,1,,,Yes,,Jigawa,,jah43
449a8028-e50e-443f-b61f-0737471dbdc3,Deposit_Account,Yes,2024-07-28,,1,1,1,,1,1,1,1,,,Yes,,Jigawa,,jah43
9fb1bd94-98b5-4a45-9f62-e90d9fff4a56,Deposit_Account,Yes,2024-08-28,,1,1,1,,1,1,1,1,,,Yes,,Jigawa,,jah43
62da00f2-6442-4ecd-8242-7739ced2f201,Deposit_Account,Yes,2024-07-28,,1,1,1,,1,1,1,1,,,Yes,,Jigawa,,jah43
944999c9-9c29-41ff-a732-6cec209d207e,Deposit_Account,Yes,2024-08-28,,1,1,1,,1,1,1,1,,,Yes,,Jigawa,,jah43
9548467e-607f-4e73-92b0-2dfd430e785a,Deposit_Account,Yes,2024-08-28,,1,1,1,,1,1,1,1,,,Yes,,Jigawa,,jah43
69da9454-12e0-47e3-9a5a-527e3daac612,Deposit_Account,Yes,2024-08-28,,1,1,1,,1,1,1,1,,,Yes,,Jigawa,,jah43
f107083b-2c81-4880-9d5b-71eb5a6582b8,Deposit_Account,Yes,2024-08-28,,1,1,1,,1,1,1,1,,,Yes,,Kaduna,,ika12
00733af5-a4d7-407b-bca3-2d5bafd259d5,Deposit_Account,Yes,2024-08-28,,1,1,1,,1,1,1,1,,,Yes,,Kaduna,,ika12
3296e6d3-5f37-4af5-bbd3-41ee30849bb1,Deposit_Account,Yes,2024-08-28,,1,1,1,,1,1,1,1,,,Yes,,Kaduna,,ika12
10af3dad-57b6-4467-a61a-2b7258a0b022,Deposit_Account,Yes,2024-08-28,,1,1,1,,1,1,1,1,,,Yes,,Kaduna,,ika12
f1227b18-941f-4bd9-b5a7-7acd37ef0fb0,Deposit_Account,Yes,2024-08-28,,1,1,1,,1,1,1,1,,,Yes,,Kaduna,,ika12
c2fc4665-97af-45fa-8db1-3921242ab0c7,Deposit_Account,Yes,2024-08-28,,1,1,1,,1,1,1,1,,,Yes,,Kaduna,,ika12
19663b4f-1416-4f55-8ce3-ed3bc008cc3f,Deposit_Account,Yes,2024-08-28,,1,1,1,,1,1,1,1,,,Yes,,Kaduna,,ika12
dd1ca20b-0915-47ef-80fd-76855b56772e,Deposit_Account,Yes,2024-08-28,,1,1,1,,1,1,1,1,,,Yes,,Kaduna,,ika12
286f7d3a-09c6-4913-9a33-8e570588e55e,Deposit_Account,Yes,2024-08-28,,1,1,1,,1,1,1,1,,,Yes,,Kaduna,,ika12
3b64affd-e530-4d1e-806f-a24b18333777,Deposit_Account,Yes,2024-08-28,,1,1,1,,1,1,1,1,,,Yes,,Kaduna,,ika12
de88d742-91ac-466e-a96e-6059e9aecc55,Deposit_Account,Yes,2024-08-28,,1,1,1,,1,1,1,1,,,Yes,,Kaduna,,ika12
819c3f7d-de8f-4561-9159-bd1932984974,Deposit_Account,Yes,2024-08-28,,1,1,1,,1,1,1,1,,,Yes,,Kaduna,,ika12
195713ef-bca9-4ef5-9695-547b8d9279cc,Deposit_Account,Yes,2024-08-28,,1,1,1,,1,1,1,1,,,Yes,,Kaduna,,ika12
720374c2-3cd3-4088-9ebc-9363e4d4e23b,Deposit_Account,Yes,2024-08-28,,1,1,1,,1,1,1,1,,,Yes,,Kaduna,,ika12
8a1c69fc-4a0e-4ca9-bd98-f05370faf7e3,Deposit_Account,Yes,2024-08-28,,1,1,1,,1,1,1,1,,,Yes,,Kaduna,,ika12
b5721d54-d146-4beb-b4cf-580379e2859c,Deposit_Account,Yes,2024-08-28,,1,1,1,,1,1,1,1,,,Yes,,Kaduna,,ika12
2e6ef8eb-f517-4d83-8695-44b9d4ec90cb,Deposit_Account,Yes,2024-08-28,,1,1,1,,1,1,1,1,,,Yes,,Kaduna,,ika12
08231fcc-0b86-4329-91f7-ba4d610ff4f2,Deposit_Account,Yes,2024-08-28,,1,1,1,,1,1,1,1,,,Yes,,Kaduna,,ika12
a0838656-efdd-4298-bd59-a1eb538a3d4d,Deposit_Account,Yes,2024-08-28,,1,1,1,,1,1,1,1,,,Yes,,Kaduna,,ika12
acb1f5ed-c9ca-4327-a603-d373de498ab5,Deposit_Account,Yes,2024-08-28,,1,1,1,,1,1,1,1,,,Yes,,Kaduna,,ika12
e6748693-9a17-4412-818c-4d0c1a3572d5,Deposit_Account,Yes,2024-08-28,,1,1,1,,1,1,1,1,,,Yes,,Kaduna,,ika12
cfd7b342-45e3-42eb-a79d-1202f9698b2f,Deposit_Account,Yes,2024-08-28,,1,1,1,,1,1,1,1,,,Yes,,Kaduna,,ika12
1a6c8818-46a4-4cde-9522-ac7b791aa06f,Deposit_Account,Yes,2024-08-28,,1,1,1,,1,1,1,1,,,Yes,,Kaduna,,ika12
ff244737-10df-431a-aefe-0423cf862f72,Deposit_Account,Yes,2024-08-28,,1,1,1,,1,1,1,1,,,Yes,,Kaduna,,ika12
2f529914-d6a7-4981-a1d2-bcfccb7f37aa,Deposit_Account,Yes,2024-08-28,,1,1,1,,1,1,1,1,,,Yes,,Kaduna,,ika12
4ab03422-e1d8-4c4f-a801-28681558b6b8,Deposit_Account,Yes,2024-08-28,,1,1,1,,1,1,1,1,,,Yes,,Kaduna,,ika12
6c1990ab-6bee-4bdc-90f6-57a3222a93de,Deposit_Account,Yes,2024-08-28,,1,1,1,,1,1,1,1,,,Yes,,Kaduna,,ika12
f0b702a4-6028-47cf-b127-3e4f3cbb0d16,Deposit_Account,Yes,2024-08-28,,1,1,1,,1,1,1,1,,,Yes,,Kaduna,,ika12
b377e16a-a6ed-4819-9cef-3c394e253cac,Deposit_Account,Yes,2024-08-28,,1,1,1,,1,1,1,1,,,Yes,,Kaduna,,ika12
dad783a9-52a6-4f27-849b-36f9b3e85aaa,Deposit_Account,Yes,2024-08-28,,1,1,1,,1,1,1,1,,,Yes,,Kaduna,,ika14
5e4a7f6d-2081-42b1-b8af-84229246f224,Deposit_Account,Yes,2024-08-28,,1,1,1,,1,1,1,1,,,Yes,,Kaduna,,ika14
88032cd5-a2f7-4876-b368-4444645d8038,Deposit_Account,Yes,2024-08-28,,1,1,1,,1,1,1,1,,,Yes,,Kaduna,,ika14
7350eb3a-4844-4417-a145-7b14f45d1357,Deposit_Account,Yes,2024-08-28,,1,1,1,,1,1,1,1,,,Yes,,Kaduna,,ika14
a863579a-54c5-486a-9f54-3004b581355c,Deposit_Account,Yes,2024-08-28,,1,1,1,,1,1,1,1,,,Yes,,Kaduna,,ika14
1c4d5e87-600c-4ff7-bae3-3c2aeb3a4fd8,Deposit_Account,Yes,2024-08-28,,1,1,1,,1,1,1,1,,,Yes,,Kaduna,,ika14
b9ac45e7-f80b-4869-a40f-1080760f48d7,Deposit_Account,Yes,2024-08-28,,1,1,1,,1,1,1,1,,,Yes,,Kaduna,,ika14
5a4fe760-43d7-44de-9650-9c5115236ce5,Deposit_Account,Yes,2024-08-28,,1,1,1,,1,1,1,1,,,Yes,,Kaduna,,ika14
e0615428-aa5f-4939-8d1b-4ca041734c50,Deposit_Account,Yes,2024-08-28,,1,1,1,,1,1,1,1,,,Yes,,Kaduna,,ika14
26437240-7d98-4bb9-88d0-2315e3c8a548,Deposit_Account,Yes,2024-08-28,,1,1,1,,1,1,1,1,,,Yes,,Kaduna,,ika14
b3c175da-385e-4770-83b8-d29206dd66c4,Deposit_Account,Yes,2024-08-28,,1,1,1,,1,1,1,1,,,Yes,,Kaduna,,ika14
e70cdf09-900c-4ba0-b673-af9a826a1537,Deposit_Account,Yes,2024-08-28,,1,1,1,,1,1,1,1,,,Yes,,Kaduna,,ika14
ff090c3a-72cd-416b-a80f-66f3537f663e,Deposit_Account,Yes,2024-08-28,,1,1,1,,1,1,1,1,,,Yes,,Kaduna,,ika14
5b151213-a06e-4168-b58a-bc65c0267879,Deposit_Account,Yes,2024-08-28,,1,1,1,,1,1,1,1,,,Yes,,Kaduna,,ika14
59b73e2e-f265-451d-8212-a56f91d8a2c5,Deposit_Account,Yes,2024-08-28,,1,1,1,,1,1,1,1,,,Yes,,Kaduna,,ika14
85f5a7ca-2811-4fb1-b20f-0bf0b3ecba05,Deposit_Account,Yes,2024-08-28,,1,1,1,,1,1,1,1,,,Yes,,Kaduna,,ika14
b900e2fc-f04c-455b-aa1c-8ea851fb8c69,Deposit_Account,Yes,2024-08-28,,1,1,1,,1,1,1,1,,,Yes,,Kaduna,,ika14
0b9d09a1-2330-498c-8a0e-ad6651298536,Deposit_Account,Yes,2024-08-28,,1,1,1,,1,1,1,1,,,Yes,,Kaduna,,ika14
244f1a62-0897-493e-9a3b-e81dd8a0902a,Deposit_Account,Yes,2024-08-28,,1,1,1,,1,1,1,1,,,Yes,,Kaduna,,ika14
8da8799e-9e6f-45a1-9de9-9c70b2f6fd83,Deposit_Account,Yes,2024-08-28,,1,1,1,,1,1,1,1,,,Yes,,Kaduna,,ika14
fd2c29fe-dfb2-415d-9f7a-f9284e6e1168,Deposit_Account,Yes,2024-08-28,,1,1,1,,1,1,1,1,,,Yes,,Kaduna,,ika14
fa56c0fa-5c23-464e-baed-33f957ea89f6,Deposit_Account,Yes,2024-08-28,,1,1,1,,1,1,1,1,,,Yes,,Kaduna,,ika14
58fbc438-7ab7-4ef9-83f5-d3a4ddce7a49,Deposit_Account,Yes,2024-08-28,,1,1,1,,1,1,1,1,,,Yes,,Kaduna,,ika14
c0805234-4120-4af3-9067-1748f57c3f93,Deposit_Account,Yes,2024-08-28,,1,1,1,1,1,1,1,1,,,Yes,,Kaduna,,ika14
28eb20ee-c539-4148-a589-523e977892be,Deposit_Account,Yes,2024-08-28,,1,1,1,,1,1,1,1,,,Yes,,Kaduna,,ika14
175025df-5b95-4247-a50b-fbcf5e7efabe,Deposit_Account,Yes,2024-08-28,,1,1,1,,1,1,1,1,,,Yes,,Kaduna,,ika14
f717a2ef-4ec9-4757-972d-cbf9d680bf62,Deposit_Account,Yes,2024-08-28,,1,1,1,,1,1,1,1,,,Yes,,Kaduna,,ika14
94fe3f02-6e4a-4d41-bda6-77a3762559ce,Deposit_Account,Yes,2024-08-28,,1,1,1,,1,1,1,1,,,Yes,,Kaduna,,ika14
9d472955-86c6-4a68-8ad2-0fba41b61775,Deposit_Account,Yes,2024-08-28,,1,1,1,,1,1,1,1,,,Yes,,Kaduna,,ika14
c35d563b-65f5-41c3-b922-c49e4966df54,Deposit_Account,Yes,2024-08-28,,1,1,1,,1,1,1,1,,,Yes,,Kaduna,,ika14
effd2af2-62ad-4cd5-8dc0-2c5514f664e9,Deposit_Account,Yes,2024-08-28,,1,1,1,,1,1,1,1,,,Yes,,Kaduna,,ika16
996c5d67-c769-4f95-aba1-40488a2d1094,Deposit_Account,Yes,2024-08-28,,1,1,1,,1,1,1,1,,,Yes,,Kaduna,,ika16
2d800ff7-fc2f-473d-8022-d8d346903e95,Deposit_Account,Yes,2024-08-28,,1,1,1,,1,1,1,1,,,Yes,,Kaduna,,ika16
b13f5c11-5b59-4b9c-9c8b-c2071e8d0b4f,Deposit_Account,Yes,2024-08-28,,1,1,1,,1,1,1,1,,,Yes,,Kaduna,,ika16
88e01e92-0993-4d79-828b-946c74f9083f,Deposit_Account,Yes,2024-08-28,,1,1,1,,1,1,1,1,,,Yes,,Kaduna,,ika16
54be39fa-ec4d-4a09-baef-83d478fdadec,Deposit_Account,Yes,2024-08-28,,1,1,1,,1,1,1,1,,,Yes,,Kaduna,,ika16
34c5c4a0-7eb4-4575-a65d-e7d97e62e029,Deposit_Account,Yes,2024-08-28,,1,1,1,,1,1,1,1,,,Yes,,Kaduna,,ika16
a3072b56-097c-4bd8-bd55-c8fbf71b604d,Deposit_Account,Yes,2024-08-28,,1,1,1,,1,1,1,1,,,Yes,,Kaduna,,ika16
adc94b57-d91f-4a71-a227-1c1ab2ae8b82,Deposit_Account,Yes,2024-08-28,,1,1,1,,1,1,1,1,,,Yes,,Kaduna,,ika16
1a895dd8-4ad8-412b-8f0b-2d046a1216f5,Deposit_Account,Yes,2024-08-28,,1,1,1,,1,1,1,1,,,Yes,,Kaduna,,ika16
b362d41b-ef8a-4041-80a6-126db044fcc6,Deposit_Account,Yes,2024-08-28,,1,1,1,,1,1,1,1,,,Yes,,Kaduna,,ika16
9a645c99-b7e7-408b-92d2-f23a2b17ff01,Deposit_Account,Yes,2024-08-28,,1,1,1,,1,1,1,1,,,Yes,,Kaduna,,ika16
6dfc448c-0abb-4b41-b5a0-13b93bf749ec,Deposit_Account,Yes,2024-08-28,,1,1,1,,1,1,1,1,,,Yes,,Kaduna,,ika16
6ca226b5-5702-46c1-b6b9-16fc11ed3847,Deposit_Account,Yes,2024-08-28,,1,1,1,,1,1,1,1,,,Yes,,Kaduna,,ika16
4e7f205e-145b-4671-b736-994cb9fd44cd,Deposit_Account,Yes,2024-08-28,,1,1,1,,1,1,1,1,,,Yes,,Kaduna,,ika16
8de35f8d-7cb1-4246-bfcf-b397908f2d7e,Deposit_Account,Yes,2024-08-28,,1,,,,,,,,,,Yes,,Kaduna,,ika16
8f0f5e84-09e1-4f6f-a872-55b27dfb4c06,Deposit_Account,Yes,2024-08-28,,1,1,1,,1,1,1,1,,,Yes,,Kaduna,,ika16
c9d480a0-529a-443a-930f-743cc4603f66,Deposit_Account,Yes,2024-08-28,,1,1,1,,1,1,1,1,,,Yes,,Kaduna,,ika16
c23b2997-adcc-4c82-987a-a8d9a5c672ba,Deposit_Account,Yes,2024-08-28,,1,1,1,,1,1,1,1,,,Yes,,Kaduna,,ika16
919a56f0-bf86-4b41-b09b-3938dab432f4,Deposit_Account,Yes,2024-08-28,,1,1,1,,1,1,1,1,,,Yes,,Kaduna,,ika16
0ec9371b-c16a-403f-b646-b1a320cd563c,Deposit_Account,Yes,2024-08-28,,1,1,1,,1,1,1,1,,,Yes,,Kaduna,,ika16
2a0c63f2-d1bc-4770-a058-afa5f23f1c88,Deposit_Account,Yes,2024-08-28,,1,1,1,,1,1,1,1,,,Yes,,Kaduna,,ika16
22bbcef0-938a-43c4-b045-6e31c3268627,Deposit_Account,Yes,2024-08-28,,1,1,1,,1,1,1,1,,,Yes,,Kaduna,,ika16
ab9e4896-942b-41b8-bfaf-c3f38807ceb2,Deposit_Account,Yes,2024-08-28,,1,1,1,,1,1,1,1,,,Yes,,Kaduna,,ika16
ede9c1e1-e978-460d-8f6c-41e98747b6e9,Deposit_Account,Yes,2024-08-28,,1,1,1,,1,1,1,1,,,Yes,,Kaduna,,ika16
5683209f-db15-4815-ab38-64c1a6a1b447,Deposit_Account,Yes,2024-08-28,,1,1,1,,1,1,1,1,,,Yes,,Kaduna,,ika16
4635f331-1302-4803-b8af-ed427b274bc3,Deposit_Account,Yes,2024-08-28,,1,1,1,,1,1,1,1,,,Yes,,Kaduna,,ika16
d92d37c5-6397-4112-b1c1-53d8927a2592,Deposit_Account,Yes,2024-08-28,,1,1,1,,1,1,1,1,,,Yes,,Kaduna,,ika16
80fe3a96-5297-4193-b9ef-c161ff03eba5,Deposit_Account,Yes,2024-08-28,,1,1,1,,1,1,1,1,,,Yes,,Kaduna,,ika16
078e17d6-d859-405f-aabf-7dc9434ba79d,Deposit_Account,Yes,2024-08-28,,1,1,1,,1,1,1,1,,,Yes,,Kaduna,,ika18
ad16e19b-99af-4687-ab2e-823040ddce37,Deposit_Account,Yes,2024-08-31,,1,1,1,,1,1,1,1,,,Yes,,Kaduna,,ika18
e6884514-41cb-4c92-90ec-ac5aa8db7202,Deposit_Account,Yes,2024-08-28,,1,,,,,,,,,,Yes,,Kaduna,,ika18
82d4137b-788e-485b-ba94-3701b6556d27,Deposit_Account,Yes,2024-08-28,,1,1,1,,1,1,1,1,,,Yes,,Kaduna,,ika18
b6ba9b80-ea34-42db-b10f-f7f5c795af94,Deposit_Account,Yes,2024-08-28,,1,1,1,,1,1,1,1,,,Yes,,Kaduna,,ika18
965060cc-4e58-419b-9c2c-0a4f43cdbe2d,Deposit_Account,Yes,2024-08-29,,1,1,1,,1,1,1,1,,,Yes,,Kaduna,,ika18
779f0b84-bb78-429e-8a31-917ba6d45658,Deposit_Account,Yes,2024-08-28,,1,1,1,,1,1,1,1,,,Yes,,Kaduna,,ika18
c8477528-689b-48f6-a0b2-65d0c25b8791,Deposit_Account,Yes,2024-08-29,,1,1,1,,1,1,1,1,,,Yes,,Kaduna,,ika18
9355efd0-7b30-4209-ab89-5af7bdc4567a,Deposit_Account,Yes,2024-08-29,,1,1,1,,1,1,1,1,,,Yes,,Kaduna,,ika18
39ef6b2c-23c1-4ce1-8b49-18ced81a203f,Deposit_Account,Yes,2024-08-28,,1,1,1,,1,1,1,1,,,Yes,,Kaduna,,ika18
f399bf14-4376-4c4e-9586-0f639cd229db,Deposit_Account,Yes,2024-08-29,,1,1,1,,1,1,1,1,,,Yes,,Kaduna,,ika18
bc9140ee-2439-495c-8378-485bff7a5de1,Deposit_Account,Yes,2024-08-29,,1,1,1,,1,1,1,1,,,Yes,,Kaduna,,ika18
3009b7a7-a2b5-426a-bfe2-1060462d09df,Deposit_Account,Yes,2024-08-29,,1,1,1,,1,1,1,1,,,Yes,,Kaduna,,ika18
896d883a-34d5-432a-876a-9a6ed9287050,Deposit_Account,Yes,2024-08-29,,1,1,1,,1,1,1,1,,,Yes,,Kaduna,,ika18
35fe6ee9-5412-47c5-86fb-defab349d883,Deposit_Account,Yes,2024-08-28,,1,1,1,,1,1,1,1,,,Yes,,Kaduna,,ika18
3a5045c0-65cb-4d36-bcf8-15741c31dea7,Deposit_Account,Yes,2024-08-28,,1,1,1,,1,1,1,1,,,Yes,,Kaduna,,ika18
eb5581cd-fa78-4692-ab42-67614c2cfa32,Deposit_Account,Yes,2024-08-28,,1,1,1,,1,1,1,1,,,Yes,,Kaduna,,ika18
5ce9fc81-33b3-4651-bd12-a0f19f28fa6b,Deposit_Account,Yes,2024-08-28,,1,1,1,,1,1,1,1,,,Yes,,Kaduna,,ika18
3a7b0711-369e-466f-b3b8-22babbefc5b8,Deposit_Account,Yes,2024-08-28,,1,1,1,,1,1,1,1,,,Yes,,Kaduna,,ika18
5bb15db5-b5c4-4465-9ae5-3df288757717,Deposit_Account,Yes,2024-08-28,,1,1,1,,1,1,1,1,,,Yes,,Kaduna,,ika18
e3aa3c98-f8cf-41c6-bffc-f806a47c6c9f,Deposit_Account,Yes,2024-08-28,,1,1,1,,1,1,1,1,,,Yes,,Kaduna,,ika18
f0c4d696-03ef-4bb6-a83f-b55690aca896,Deposit_Account,Yes,2024-08-29,,1,1,1,,1,1,1,1,,,Yes,,Kaduna,,ika18
63c7aa88-ba4f-45f1-839b-57fe817b4652,Deposit_Account,Yes,2024-08-28,,1,1,1,,1,1,1,1,,,Yes,,Kaduna,,ika18
507e26a0-8dea-4b01-9ba0-ed3925b447b0,Deposit_Account,Yes,2024-08-28,,1,1,1,,1,1,1,1,,,Yes,,Kaduna,,ika18
67585731-4bec-4d08-8295-6cb432b8d58c,Deposit_Account,Yes,2024-08-28,,1,1,1,,1,1,1,1,,,Yes,,Kaduna,,ika18
fbf56254-a42a-47b2-b8e9-bed847700a32,Deposit_Account,Yes,2024-08-28,,1,1,1,,1,1,1,1,,,Yes,,Kaduna,,ika18
8d070906-a542-4afd-a552-04ca2e63d39d,Deposit_Account,Yes,2024-08-28,,1,1,1,,1,1,1,1,,,Yes,,Kaduna,,ika18
e0e30fec-95f7-431a-b2a2-e3cc408cff75,Deposit_Account,Yes,2024-08-28,,1,1,1,,1,1,1,1,,,Yes,,Kaduna,,ika18
1c0d6ddb-3c9f-4c7c-9302-1c2e84a39586,Deposit_Account,Yes,2024-08-28,,1,1,1,,1,1,1,1,,,Yes,,Kaduna,,ika18
a2e6f192-9217-4ff1-b8df-f61efc2f6359,Deposit_Account,Yes,2024-07-03,,1,1,1,,1,1,1,1,,,Yes,,Kano,,bun07
9b5c6f8f-c8be-4ef7-a50c-d3843238836e,Deposit_Account,Yes,2024-07-03,,1,1,1,,1,1,1,1,,,Yes,,Kano,,bun07
662f9044-f01d-48ba-b720-8ab56bf9c0d8,Deposit_Account,Yes,2024-07-03,,1,1,1,,1,1,1,1,,,Yes,,Kano,,bun07
c961be0d-1373-429b-996d-1f2943d29069,Deposit_Account,Yes,2024-07-03,,1,1,1,,1,1,1,1,,,Yes,,Kano,,bun07
b32db9ec-0c52-43ec-a499-96af2b42cad4,Deposit_Account,Yes,2024-07-03,,1,1,1,,1,1,1,1,,,Yes,,Kano,,bun07
45a03dd6-95b7-4d12-b02f-49773c099c66,Deposit_Account,Yes,2024-07-03,,1,1,1,,1,1,1,1,,,Yes,,Kano,,bun07
9b29fcfa-acc6-419d-abc9-2a00ba277878,Deposit_Account,Yes,2024-07-03,,1,1,1,,1,1,1,1,,,Yes,,Kano,,bun07
4b049c06-189a-409d-b98a-bb5e87024b58,Deposit_Account,Yes,2024-07-03,,1,1,1,,1,1,1,1,,,Yes,,Kano,,bun07
64d2ce7d-e856-4cde-bbec-531aca6993e0,Deposit_Account,Yes,2024-07-03,,1,1,1,,1,1,1,1,,,Yes,,Kano,,bun07
5af14c5c-9962-4016-af0c-38c481e1ca8e,Deposit_Account,Yes,2024-07-03,,1,1,1,,1,1,1,1,,,Yes,,Kano,,bun07
feba6a26-fa29-4f9e-ac92-cdc3ceb0323a,Deposit_Account,Yes,2024-07-03,,1,1,1,,1,1,1,1,,,Yes,,Kano,,bun07
12934fc8-5c65-476c-a41f-35494c8f79a7,Deposit_Account,Yes,2024-07-03,,1,1,1,,1,1,1,1,,,Yes,,Kano,,bun07
7fce5b0e-e834-4e91-bc16-d46ba14ff76a,Deposit_Account,Yes,2024-07-03,,1,1,1,,1,1,1,1,,,Yes,,Kano,,bun07
58b2ecde-0b0a-40ae-9673-8a0026c2b286,Deposit_Account,Yes,2024-07-03,,1,1,1,,1,1,1,1,,,Yes,,Kano,,bun07
f2e3c4ce-74a0-4afe-8b0f-aecfd875777d,Deposit_Account,Yes,2024-07-03,,1,1,1,,1,1,1,1,,,Yes,,Kano,,bun07
96197934-e9f4-4c11-86b5-a6d69b2bc6e4,Deposit_Account,Yes,2024-07-03,,1,1,1,,1,1,1,1,,,Yes,,Kano,,bun07
8ff05ee0-5811-42d8-9ad4-74182b3c685a,Deposit_Account,Yes,2024-07-03,,1,1,1,,1,1,1,1,,,Yes,,Kano,,bun07
5fe0d9d9-dc7d-430c-8480-ac599c9323fd,Deposit_Account,Yes,2024-07-03,,1,1,1,,1,1,1,1,,,Yes,,Kano,,bun11
ec4d3548-278d-4f3e-81b3-ae38233c87f2,Deposit_Account,Yes,2024-07-03,,1,1,1,,1,1,1,,,,Yes,,Kano,,bun11
a1289d97-8f80-413d-b2bf-f37acf4a6d41,Deposit_Account,Yes,2024-07-03,,1,1,1,,1,1,1,1,,,Yes,,Kano,,bun11
51b8da8e-7731-495e-a728-edf162609ee3,Deposit_Account,Yes,2024-07-03,,1,1,1,,1,1,1,1,,,Yes,,Kano,,bun11
24043c1f-0019-45a4-832e-328b3acc6bfc,Deposit_Account,Yes,2024-07-03,,1,1,1,,1,1,1,1,,,Yes,,Kano,,bun11
b7f4dc8f-4fd3-4db4-abc6-d4b29e33c4a2,Deposit_Account,Yes,2024-07-03,,1,1,1,,1,1,1,1,,,Yes,,Kano,,bun11
820b3bbb-decc-41c1-9a6a-099cfd7f1961,Deposit_Account,Yes,2024-07-03,,1,1,1,,1,1,1,1,,,Yes,,Kano,,bun11
f813eefc-5bb1-41c6-90e0-e43942e6a09a,Deposit_Account,Yes,2024-07-03,,1,1,1,,1,1,1,1,,,Yes,,Kano,,bun11
21993bc2-ff68-4806-94e9-6a6eaa080579,Deposit_Account,Yes,2024-07-03,,1,1,1,,1,1,1,1,,,Yes,,Kano,,bun11
cf68aa3e-9554-400d-a7d1-594f8ec86cc9,Deposit_Account,Yes,2024-07-03,,1,1,1,,1,1,1,1,,,Yes,,Kano,,bun11
84418fc3-8cfc-4635-ba55-4428a38a75f6,Deposit_Account,Yes,2024-07-03,,1,1,1,,1,1,1,1,,,Yes,,Kano,,bun11
b8508542-009c-473d-b4f4-b49117060df7,Deposit_Account,Yes,2024-07-03,,1,1,1,,1,1,1,1,,,Yes,,Kano,,bun11
453ac38e-152c-4e94-be74-f0d54575f69d,Deposit_Account,Yes,2024-07-03,,1,1,1,,1,1,1,1,,,Yes,,Kano,,bun11
3b9abad1-a88e-401e-8cc3-65530801306e,Deposit_Account,Yes,2024-07-03,,1,1,1,,1,1,1,1,,,Yes,,Kano,,bun11
7d92e5d6-c186-4f35-b833-425476833726,Deposit_Account,Yes,2024-07-03,,1,1,1,,1,1,1,1,,,Yes,,Kano,,bun11
53651e63-63ac-460c-95fa-fa6c60f11622,Deposit_Account,Yes,2024-07-03,,1,1,1,,1,1,1,1,,,Yes,,Kano,,bun11
d0a931ae-990a-4291-872d-a9c1502c7770,Deposit_Account,Yes,2024-07-03,,1,1,1,,1,1,1,1,,,Yes,,Kano,,bun11
2de61841-e429-49e4-b159-3c487d23b491,Deposit_Account,Yes,2024-07-03,,1,1,1,,1,1,1,1,,,Yes,,Kano,,bun11
c3915b1d-852e-4b16-b979-93e2f0735efa,Deposit_Account,Yes,2024-07-03,,1,1,1,1,1,1,1,1,,,Yes,,Kano,,bun11
eb1e78bf-9380-44bb-ba77-ac33e32843b0,Deposit_Account,Yes,2024-07-03,,1,1,1,,1,1,1,1,,,Yes,,Kano,,bun11
f2ae772d-df9a-48e1-994f-f02e56c2c300,Deposit_Account,Yes,2024-07-03,,1,1,1,,1,1,1,1,,,Yes,,Kano,,bun11
c3a780d3-4d88-4a72-a6d4-a90ef3409bf5,Deposit_Account,Yes,2024-07-03,,1,1,1,,1,1,1,1,,,Yes,,Kano,,bun11
7387aebd-ee0a-4aa4-8c75-4e04eeb2c1aa,Deposit_Account,Yes,2024-06-03,,1,1,1,,1,1,1,1,,,Yes,,Kano,,bun11
3c8c8195-702a-4dd1-a394-c6a39e83f633,Deposit_Account,Yes,2024-07-03,,1,1,1,,1,1,1,1,,,Yes,,Kano,,bun11
3ef09af3-7a19-46e9-b12c-29b69a47cc75,Deposit_Account,Yes,2024-07-20,,1,1,1,,1,1,1,1,,,Yes,,Kano,,bun11
8be90f69-deed-481e-929f-4694402f77c1,Deposit_Account,Yes,2024-07-03,,1,1,1,1,1,1,1,,,,Yes,,Kano,,bun11
70672190-984b-4bac-9de0-82c9347dff5d,Deposit_Account,Yes,2024-07-03,,1,1,1,,1,1,1,1,,,Yes,,Kano,,bun11
9b2675b4-4284-450f-9e9a-121c54c80360,Deposit_Account,Yes,2024-07-03,,1,1,,1,1,1,1,1,,,Yes,,Kano,,bun11
07e66225-8250-4164-aa01-7ccc6bec2ae6,Deposit_Account,Yes,2024-07-03,,1,1,1,,1,1,1,1,,,Yes,,Kano,,bun11
51d42dc8-7a38-4b25-9d82-679db2b05507,Deposit_Account,Yes,2024-07-03,,1,1,1,,1,1,1,1,,,Yes,,Kano,,bun11
c73bbdeb-b5c2-4f46-8760-7084d3b1cc98,Deposit_Account,Yes,2024-07-03,,1,1,1,,1,1,1,1,,,Yes,,Kano,,bun14
ad008531-cbd0-4de6-aa96-171611c6fab7,Deposit_Account,Yes,2024-07-03,,1,1,1,,1,1,1,1,,,Yes,,Kano,,bun14
9628716a-f6a6-4d13-9994-5420459c0233,Deposit_Account,Yes,2024-07-03,,1,1,1,,1,1,1,1,,,Yes,,Kano,,bun14
b0e8644a-1329-468d-adf1-f64ae13964c3,Deposit_Account,Yes,2024-07-03,,1,1,1,,1,1,1,1,,,Yes,,Kano,,bun14
dbbfb174-21a2-4345-8199-92f35294137a,Deposit_Account,Yes,2024-07-03,,1,1,1,,1,1,1,1,,,Yes,,Kano,,bun14
c2745f8b-2ecf-4add-b92b-b79118de5714,Deposit_Account,Yes,2024-07-04,,1,1,1,,1,1,1,1,,,Yes,,Kano,,bun14
39888c1e-cf8e-4a31-960b-93e33470d19a,Deposit_Account,Yes,2024-07-04,,1,1,1,,1,1,1,1,,,Yes,,Kano,,bun14
54eafe24-9541-4301-835b-ad504335daec,Deposit_Account,Yes,2024-07-04,,1,1,1,,1,1,1,1,,,Yes,,Kano,,bun14
51b7fa74-6720-4030-b087-b139d2969bae,Deposit_Account,Yes,2024-07-04,,1,1,1,,1,1,1,1,,,Yes,,Kano,,bun14
63667166-65ea-423a-a181-70626b1433bd,Deposit_Account,Yes,2024-07-04,,1,1,1,,1,1,1,1,,,Yes,,Kano,,bun14
29986f56-dd1e-4c28-a985-e06afc5f690a,Deposit_Account,Yes,2024-07-04,,1,1,1,,1,1,1,1,,,Yes,,Kano,,bun14
6ecbcac7-b464-4184-9fd1-6faf571ef2df,Deposit_Account,Yes,2024-07-04,,1,1,1,,1,1,1,1,,,Yes,,Kano,,bun14
511eb6c7-0e3c-44e7-aede-82d372b684fd,Deposit_Account,Yes,2024-07-04,,1,1,1,,1,1,1,1,,,Yes,,Kano,,bun14
ffb452c1-5acd-4860-a69e-617762bef485,Deposit_Account,Yes,2024-07-04,,1,1,1,,1,1,1,1,,,Yes,,Kano,,bun14
cb368a75-d2a2-46d1-91d6-b7f9d85f961d,Deposit_Account,Yes,2024-07-04,,1,1,1,,1,1,1,1,,,Yes,,Kano,,bun14
ca3d24ed-3c57-4056-92dd-e4ecfb8d1911,Deposit_Account,Yes,2024-07-04,,1,1,1,,1,1,1,1,,,Yes,,Kano,,bun14
a9667e31-9a4e-4302-b4cd-2da998f351be,Deposit_Account,Yes,2024-07-04,,1,1,1,,1,1,1,1,,,Yes,,Kano,,bun14
4311a6b1-74a7-4403-a41c-4720d8f26a83,Deposit_Account,Yes,2024-07-04,,1,1,1,,1,1,1,1,,,Yes,,Kano,,bun14
a201ceba-94cd-4752-a61b-58800e89d593,Deposit_Account,Yes,2024-07-04,,1,1,1,,1,1,1,1,,,Yes,,Kano,,bun14
b0bd4298-7223-4450-a4da-ec46198e236d,Deposit_Account,Yes,2024-07-04,,1,1,1,,1,1,1,1,,,Yes,,Kano,,bun14
e2037752-c455-43a3-a3ee-f8025e48d723,Deposit_Account,Yes,2024-07-04,,1,1,1,,1,1,1,1,,,Yes,,Kano,,bun14
73429d34-985d-4acc-92b5-30929fb60e0f,Deposit_Account,Yes,2024-07-04,,1,1,1,,1,1,1,1,,,Yes,,Kano,,bun14
403ffe00-2489-4fa5-bdf4-89dae5d2a1e2,Deposit_Account,Yes,2024-07-04,,1,1,1,,1,1,1,1,,,Yes,,Kano,,bun14
df9f8220-ffe5-4c32-9c6a-b457158c7ac0,Deposit_Account,Yes,2024-07-04,,1,1,1,,1,1,1,1,,,Yes,,Kano,,bun14
691aee44-53d3-4b3e-b42b-d270c67d1932,Deposit_Account,Yes,2024-07-04,,1,1,1,,1,1,1,1,,,Yes,,Kano,,bun14
c15cafa0-46f8-495c-9f20-c8b2946e2cde,Deposit_Account,Yes,2024-07-04,,1,1,1,,1,1,1,1,,,Yes,,Kano,,bun14
a9bd4005-b750-4fe3-8499-6190cf69d193,Deposit_Account,Yes,2024-07-04,,1,1,1,,1,1,1,1,,,Yes,,Kano,,bun14
4d2506e4-e8ea-475c-856f-4a0d2d7dee11,Deposit_Account,Yes,2024-07-04,,1,1,1,,1,1,1,1,,,Yes,,Kano,,bun14
0ed9fa1d-b67c-4318-8b6d-43c4498335ef,Deposit_Account,Yes,2024-07-04,,1,1,1,,1,1,1,1,,,Yes,,Kano,,bun14
cb7f36a4-e846-4555-a80e-733a47f2c1bb,Deposit_Account,Yes,2024-07-04,,1,1,1,,1,1,1,1,,,Yes,,Kano,,bun14
83ba8cf6-c8f4-43bd-8ecc-a4a48d5b30e0,Deposit_Account,Yes,2024-07-04,,1,1,1,,1,1,1,1,,,Yes,,Kano,,bun16
e4223468-be56-4a8f-8514-37f505962c6d,Deposit_Account,Yes,2024-07-04,,1,1,1,,1,1,1,1,,,Yes,,Kano,,bun16
568d7136-b581-47ef-933e-fcbee0b9c22d,Deposit_Account,Yes,2024-07-04,,1,1,1,,1,1,1,1,,,Yes,,Kano,,bun16
7f689a94-1601-4157-9b12-937a5e4c911a,Deposit_Account,Yes,2024-07-04,,1,1,1,,1,1,1,1,,,Yes,,Kano,,bun16
c175baf3-58a2-4e32-9e4b-bf7aeed4a14b,Deposit_Account,Yes,2024-07-04,,1,1,1,,1,1,1,1,,,Yes,,Kano,,bun16
b23805bb-fcc6-4412-9197-72a6069e5215,Deposit_Account,Yes,2024-07-04,,1,1,1,,1,1,1,1,,,Yes,,Kano,,bun16
660edd30-2bbc-418e-92d1-e915da52dbef,Deposit_Account,Yes,2024-07-04,,1,1,1,,1,1,1,1,,,Yes,,Kano,,bun16
2765d355-2e94-4998-8b7b-d948f49e69b3,Deposit_Account,Yes,2024-07-04,,1,1,1,,1,1,1,1,,,Yes,,Kano,,bun16
06af1ab3-2b15-410c-89e0-97e67cf85067,Deposit_Account,Yes,2024-07-04,,1,1,1,,1,1,1,1,,,Yes,,Kano,,bun16
f920479d-8db7-4504-bfaf-6ae395291166,Deposit_Account,Yes,2024-07-04,,1,1,1,,1,1,1,1,,,Yes,,Kano,,bun16
7a4a9cd1-e144-4f08-9548-dc83485207b3,Deposit_Account,Yes,2024-07-04,,1,1,1,,1,1,1,1,,,Yes,,Kano,,bun16
d428e48b-cb6d-4ea8-b5bb-2611935e7338,Deposit_Account,Yes,2024-07-04,,1,1,1,,1,1,1,1,,,Yes,,Kano,,bun16
f51a814e-d394-4520-a24f-e1a9b275ab92,Deposit_Account,Yes,2024-07-04,,1,1,1,,1,1,1,1,,,Yes,,Kano,,bun16
7ef93d34-b017-4ecc-a19e-25d1c04bf737,Deposit_Account,Yes,2024-07-04,,1,1,1,,1,1,1,1,,,Yes,,Kano,,bun16
282d6247-5148-425e-bf09-c593bf5ff6d6,Deposit_Account,Yes,2024-07-04,,1,1,1,,1,1,1,1,,,Yes,,Kano,,bun16
204c10eb-6359-4fbc-8f03-8a7aba3efa50,Deposit_Account,Yes,2024-07-04,,1,1,1,,1,1,1,1,,,Yes,,Kano,,bun16
6030551f-769e-4eda-8174-722756944b44,Deposit_Account,Yes,2024-07-04,,1,1,1,1,1,1,1,1,,,Yes,,Kano,,bun16
7b094980-6e31-4440-9d72-8538f2eaee19,Deposit_Account,Yes,2024-07-04,,1,1,1,,1,1,1,1,,,Yes,,Kano,,bun16
f9340fd2-2b7e-4e2a-bf3b-2fcb53cd1cbc,Deposit_Account,Yes,2024-07-04,,1,1,1,,1,1,1,1,,,Yes,,Kano,,bun16
621c3bf0-504d-4633-adc4-0a3135e3a627,Deposit_Account,Yes,2024-07-04,,1,1,1,,1,1,1,1,,,Yes,,Kano,,bun16
63a6a957-edd7-44f3-af2f-f3869300267e,Deposit_Account,Yes,2024-07-04,,1,1,1,,1,1,1,1,,,Yes,,Kano,,bun16
85e74e7a-de13-44b8-87cf-916bb6d9d311,Deposit_Account,Yes,2024-07-04,,1,1,1,,1,1,1,1,,,Yes,,Kano,,bun16
2c649f41-dde0-4e64-b961-29b6de8c7f85,Deposit_Account,Yes,2024-07-04,,1,1,1,,1,1,1,1,,,Yes,,Kano,,bun16
18bcc866-012e-48d6-a839-a7373af33da6,Deposit_Account,Yes,2024-07-04,,1,1,1,,1,1,1,1,,,Yes,,Kano,,bun16
9c2deeaa-ce45-44a6-829a-917ba48115a6,Deposit_Account,Yes,2024-07-04,,1,1,1,,1,1,1,1,,,Yes,,Kano,,bun16
1218f27c-443d-40f2-a680-a0ef2c720ea6,Deposit_Account,Yes,2024-07-04,,1,1,1,,1,1,1,1,,,Yes,,Kano,,bun16
ef10620a-c1db-49ea-8316-8a17711ba479,Deposit_Account,Yes,2024-07-04,,1,1,1,,1,1,1,1,,,Yes,,Kano,,bun16
e8b8783d-40fa-4b53-a0bb-e20c637d123e,Deposit_Account,Yes,2024-07-04,,1,1,1,,1,1,1,1,,,No,,Kano,,bun16
4d6a1cac-f783-4914-8e0c-90c9245455d6,Deposit_Account,Yes,2024-07-04,,1,1,1,,1,1,1,1,,,Yes,,Kano,,bun16
67f95ffc-a967-4447-b0ca-29820a3f0ad8,Deposit_Account,Yes,2024-07-04,,1,1,1,,1,1,1,1,,,Yes,,Kano,,bun16
58b78981-d797-4987-b2d5-463774c58ed1,Deposit_Account,Yes,2024-07-04,,1,1,1,,1,1,1,1,,,Yes,,Kano,,bun17
aa1e7759-406a-4330-88c6-98e64d14d70d,Deposit_Account,Yes,2024-07-04,,1,1,1,,1,1,1,1,,,Yes,,Kano,,bun17
052f1379-4580-4048-9e0f-6034e89713e1,Deposit_Account,Yes,2024-07-04,,1,1,1,,1,1,1,1,,,Yes,,Kano,,bun17
5ab102d9-b1fc-4dd3-a659-d580d7b145bf,Deposit_Account,Yes,2024-07-04,,1,1,1,,1,1,1,1,,,Yes,,Kano,,bun17
6c78dcd6-5d43-40a3-8787-8b7028a8b028,Deposit_Account,Yes,2024-07-04,,1,1,1,,1,1,1,1,,,Yes,,Kano,,bun17
477bfc65-7dc0-48c5-b89e-c150a42f042a,Deposit_Account,Yes,2024-07-04,,1,1,1,,1,1,1,1,,,Yes,,Kano,,bun17
98b7930b-2b5e-44fd-9fe9-1b15039d7f17,Deposit_Account,Yes,2024-07-04,,1,1,1,,1,1,1,1,,,Yes,,Kano,,bun17
e4b756ac-fe5e-4c62-8e8b-4fce2d847f5f,Deposit_Account,Yes,2024-07-04,,1,1,1,,1,1,1,1,,,Yes,,Kano,,bun17
dbdb5187-c51c-43c0-8e98-4a8139cb767a,Deposit_Account,Yes,2024-07-04,,1,1,1,,1,1,1,1,,,Yes,,Kano,,bun17
c8a69197-102f-45ac-a001-6ba630541090,Deposit_Account,Yes,2024-07-04,,1,1,1,,1,1,1,1,,,Yes,,Kano,,bun17
4bfc6097-baf5-4809-847d-e0da6cca7041,Deposit_Account,Yes,2024-07-04,,1,1,1,,1,1,1,1,,,Yes,,Kano,,bun17
de99360d-f54a-4c52-b472-319982e5b0bb,Deposit_Account,Yes,2024-07-04,,1,1,1,,1,1,1,1,,,Yes,,Kano,,bun17
cbce91e2-e2ca-4723-9088-0d7b94648312,Deposit_Account,Yes,2024-07-04,,1,1,1,,1,1,1,1,,,Yes,,Kano,,bun17
19a8e2bd-fa5b-408c-82bb-436f08ebba60,Deposit_Account,Yes,2024-07-04,,1,1,1,,1,1,1,1,,,Yes,,Kano,,bun17
8d6c7689-b850-49d3-a532-2450035d71c8,Deposit_Account,Yes,2024-07-04,,1,1,1,,1,1,1,1,,,Yes,,Kano,,bun17
3e83c5db-b2c4-4143-97d0-146094e853d3,Deposit_Account,Yes,2024-07-04,,1,1,1,,1,1,1,1,,,Yes,,Kano,,bun17
c429af2a-fdab-4211-9bb8-b655f9825eb4,Deposit_Account,Yes,2024-07-04,,1,1,1,,1,1,1,1,,,Yes,,Kano,,bun17
e2cddf4c-5b3d-4d2c-9958-fd6325f72bf4,Deposit_Account,Yes,2024-07-04,,1,1,1,,1,1,1,1,,,Yes,,Kano,,bun17
4215e736-73f8-4608-81fe-f5c64b47cb25,Deposit_Account,Yes,2024-07-04,,1,1,1,,1,1,1,1,,,Yes,,Kano,,bun17
749cd3bc-ad0d-4600-bd4f-9a37810b5732,Deposit_Account,Yes,2024-07-04,,1,1,1,,1,1,1,1,,,Yes,,Kano,,bun17
f2fe3825-f9e5-4238-8e91-3e31eedd7aae,Deposit_Account,Yes,2024-07-04,,1,1,1,,1,1,1,1,,,Yes,,Kano,,bun17
cc9dd2eb-9263-4907-bbcb-1c32c1bcdb4c,Deposit_Account,Yes,2024-07-04,,1,1,1,,1,1,1,1,,,Yes,,Kano,,bun17
67575b58-5c99-4d9b-9c2f-3749f9cd9607,Deposit_Account,Yes,2024-07-04,,1,1,1,,1,1,1,1,,,Yes,,Kano,,bun17
3fd736fb-31db-483f-9b13-d7f65b3d2255,Deposit_Account,Yes,2024-07-04,,1,1,1,,1,1,1,1,,,Yes,,Kano,,bun17
692fbc59-dd35-424c-a268-a1e3f0ba2653,Deposit_Account,Yes,2024-07-04,,1,1,1,,1,1,1,1,,,Yes,,Kano,,bun17
841e673e-3509-440a-b66b-caf4b89da6bc,Deposit_Account,Yes,2024-07-04,,1,1,1,,1,1,1,1,,,Yes,,Kano,,bun17
ac9cbfa6-67a3-40bf-b608-0f09431d1e6b,Deposit_Account,Yes,2024-07-04,,1,1,1,,1,1,1,1,,,Yes,,Kano,,bun17
08a141b5-a846-4ab6-a842-4511490bf82d,Deposit_Account,Yes,2024-07-04,,1,1,1,,1,1,1,1,,,Yes,,Kano,,bun17
cae90e74-4e8c-4b86-81b7-0b9b6a57c53e,Deposit_Account,Yes,2024-07-04,,1,1,1,,1,1,1,1,,,Yes,,Kano,,bun17
e7ddba84-aa4d-4e56-b5c3-81a087335e88,Deposit_Account,Yes,2024-07-04,,1,1,1,,1,1,1,1,,,Yes,,Kano,,bun17
88a72e6b-9397-470c-8165-d86b1dbcc7e7,Deposit_Account,Yes,2024-07-04,,1,1,1,,1,1,1,1,,,Yes,,Kano,,bun18
71c323ab-ff27-4f27-8c70-a65b13b47d00,Deposit_Account,Yes,2024-07-04,,1,1,1,,1,1,1,1,,,Yes,,Kano,,bun18
d624511f-209f-4832-9ce8-c6ac5a7cd65d,Deposit_Account,Yes,2024-07-04,,1,1,1,,1,1,1,1,,,Yes,,Kano,,bun18
fa03b7d1-1436-459a-b35e-da4c181c73f8,Deposit_Account,Yes,2024-07-04,,1,1,1,,1,1,1,1,,,Yes,,Kano,,bun18
bcfee7b2-4ade-44e5-873f-0666b5df22c8,Deposit_Account,Yes,2024-07-04,,1,1,1,,1,1,1,1,,,Yes,,Kano,,bun18
db250f76-2f18-471d-a723-f67259b8ef9b,Deposit_Account,Yes,2024-07-04,,1,1,1,,1,1,1,1,,,Yes,,Kano,,bun18
5fb8d704-67f9-4c69-b5a7-79e3ce1d5116,Deposit_Account,Yes,2024-07-04,,1,1,1,,1,1,1,1,,,Yes,,Kano,,bun18
f05ae479-cbfe-49f9-82bb-1a1cdbd594e4,Deposit_Account,Yes,2024-07-04,,1,1,1,,1,1,1,1,,,Yes,,Kano,,bun18
0b2c974d-3119-4879-a278-574daeeffff8,Deposit_Account,Yes,2024-07-04,,1,1,1,,1,1,1,1,,,Yes,,Kano,,bun18
47393a18-ad52-4ad0-b9eb-ca9dc9091373,Deposit_Account,Yes,2024-07-04,,1,1,1,,1,1,1,1,,,Yes,,Kano,,bun18
3ef8b334-89d6-4c6a-a78a-3e13a8bca283,Deposit_Account,Yes,2024-07-04,,1,1,1,,1,1,1,1,,,Yes,,Kano,,bun18
c917adf7-27b5-4c4d-90ea-e8561f92c8e4,Deposit_Account,Yes,2024-07-04,,1,1,1,,1,1,1,1,,,Yes,,Kano,,bun18
a8f6d380-c4a6-49be-83c2-d5d159b1a6dd,Deposit_Account,Yes,2024-07-04,,1,1,1,,1,1,1,1,,,Yes,,Kano,,bun18
c54da9c6-c600-4e76-a263-dd93785e46a7,Deposit_Account,Yes,2024-07-04,,1,1,1,,1,1,1,1,,,Yes,,Kano,,bun18
edd1d01e-4a8c-4023-9b74-2211035c5cf1,Deposit_Account,Yes,2024-07-04,,1,1,1,,1,1,1,1,,,Yes,,Kano,,bun18
4c7de1d1-e8b5-4afa-a94d-d3086060e5ce,Deposit_Account,Yes,2024-07-04,,1,1,1,,1,1,1,1,,,Yes,,Kano,,bun18
06fa93bd-e405-4772-bda1-c19a1a00bf10,Deposit_Account,Yes,2024-07-04,,1,1,1,,1,1,1,1,,,Yes,,Kano,,bun18
6f1b22d5-9c50-4878-94c5-d2556d4029a9,Deposit_Account,Yes,2024-07-04,,1,1,1,,1,1,1,1,,,Yes,,Kano,,bun18
590b3284-f493-4a06-98be-f2b13c05cd16,Deposit_Account,Yes,2024-07-04,,1,1,1,,1,1,1,1,,,Yes,,Kano,,bun18
d8e1cb8d-c5fd-475d-bdb0-439642fba1e9,Deposit_Account,Yes,2024-07-04,,1,1,1,,1,1,1,1,,,Yes,,Kano,,bun18
b6dd56a6-5c51-4760-ad22-3530efe5faad,Deposit_Account,Yes,2024-07-04,,1,1,1,,1,1,1,1,,,Yes,,Kano,,bun18
317e9876-7587-4718-8e9a-981b8f12b8cb,Deposit_Account,Yes,2024-07-04,,1,1,1,,1,1,1,1,,,Yes,,Kano,,bun18
8e2eca9c-c658-4b44-bd0b-6a38acf6ae42,Deposit_Account,Yes,2024-07-04,,1,1,1,,1,1,1,1,,,Yes,,Kano,,bun18
075ce1e5-e31c-44d1-ba37-c84c0519f20a,Deposit_Account,Yes,2024-07-04,,1,1,1,,1,1,1,1,,,Yes,,Kano,,bun18
70850057-3b8f-4949-b83c-72b967db8214,Deposit_Account,Yes,2024-07-04,,1,1,1,,1,1,1,1,,,Yes,,Kano,,bun18
9a05eb80-19b1-4fd0-9715-7257714d90b2,Deposit_Account,Yes,2024-07-04,,1,1,1,,1,1,1,1,,,Yes,,Kano,,bun18
fa524583-759f-4e12-bb52-8e372ba66a60,Deposit_Account,Yes,2024-07-04,,1,1,1,,1,1,1,1,,,Yes,,Kano,,bun18
2668a741-62d8-4d2d-ab12-af49b9140f35,Deposit_Account,Yes,2024-07-04,,1,1,1,,1,1,1,1,,,Yes,,Kano,,bun18
4d074e09-ad5e-42de-b2a6-0ca9d94d26cc,Deposit_Account,Yes,2024-07-04,,1,1,1,,1,1,1,1,,,Yes,,Kano,,bun18
9d4a4d57-fbd3-4853-95de-d40f1b052a7c,Deposit_Account,Yes,2024-07-04,,1,1,1,,1,1,1,1,,,Yes,,Kano,,bun18
74880c36-981c-43ed-acb6-b8df3a9eca4c,Deposit_Account,Yes,2024-07-04,,1,1,1,,1,1,1,1,,,Yes,,Kano,,bun20
93ae4ec4-ca12-48f0-809b-5bafcfd6df46,Deposit_Account,Yes,2024-07-04,,1,1,1,,1,1,1,1,,,Yes,,Kano,,bun20
78c137a2-ab2f-43df-b2e7-2336e974fa89,Deposit_Account,Yes,2024-07-04,,1,1,1,,1,1,1,1,,,Yes,,Kano,,bun20
fea2f294-3d7c-4753-a014-80f30999a1e2,Deposit_Account,Yes,2024-07-04,,1,1,1,,1,1,1,1,,,Yes,,Kano,,bun20
0fadc6a0-5f33-4ba3-bf13-686f16a16eeb,Deposit_Account,Yes,2024-07-04,,1,1,1,,1,1,1,1,,,Yes,,Kano,,bun20
3491b273-58af-4dcb-8a26-8b4b10556600,Deposit_Account,Yes,2024-07-04,,1,1,1,,1,1,1,1,,,Yes,,Kano,,bun20
70d06fbe-acc6-48cc-b198-7b7c880e5d6d,Deposit_Account,Yes,2024-07-04,,1,1,1,,1,1,1,1,,,Yes,,Kano,,bun20
8345ee2e-3bf5-426b-a1c8-e33900182daa,Deposit_Account,Yes,2024-07-04,,1,1,1,,1,1,1,1,,,Yes,,Kano,,bun20
8dfbe062-0edc-4e34-9015-3188777a0db5,Deposit_Account,Yes,2024-07-04,,1,1,1,,1,1,1,1,,,Yes,,Kano,,bun20
2b2f4560-3867-492b-98fe-83ef97c75611,Deposit_Account,Yes,2024-07-04,,1,1,1,,1,1,1,1,,,Yes,,Kano,,bun20
b71be752-00ab-4915-821b-dd0e8484336d,Deposit_Account,Yes,2024-07-04,,1,1,1,,1,1,1,1,,,Yes,,Kano,,bun20
b54d9401-acc2-4133-890e-013612ef3888,Deposit_Account,Yes,2024-07-04,,1,1,1,,1,1,1,1,,,Yes,,Kano,,bun20
25bc2da3-f7e9-436b-8f5e-82276c282bb9,Deposit_Account,Yes,2024-07-04,,1,1,1,,1,1,1,1,,,Yes,,Kano,,bun20
4e26d6cf-899b-4e7f-a5b2-49509d1a9caf,Deposit_Account,Yes,2024-07-04,,1,1,1,,1,1,1,1,,,Yes,,Kano,,bun20
755300eb-5b41-45f5-bfd4-a694698ca44d,Deposit_Account,Yes,2024-07-04,,1,1,1,,1,1,1,1,,,Yes,,Kano,,bun20
4b38b695-f910-43ad-9d4a-cfe70dc01928,Deposit_Account,Yes,2024-07-04,,1,1,1,,1,1,1,1,,,Yes,,Kano,,bun20
05293655-a3fd-41e8-b790-6ccb4d3baff6,Deposit_Account,Yes,2024-07-04,,1,1,1,,1,1,1,1,,,Yes,,Kano,,bun20
fffe850c-3f61-4797-aa57-9f2ea103c68d,Deposit_Account,Yes,2024-07-04,,1,1,1,,1,1,1,1,,,Yes,,Kano,,bun20
b20086ac-7916-41d2-9ded-2d86dad3116d,Deposit_Account,Yes,2024-07-04,,1,1,1,,1,1,1,1,,,Yes,,Kano,,bun20
9d2efb08-45a8-4fbf-a712-1817a07fc7df,Deposit_Account,Yes,2024-07-04,,1,1,1,,1,1,1,1,,,Yes,,Kano,,bun20
1b014c6c-7a93-48ee-b1cb-557b3fc79766,Deposit_Account,Yes,2024-07-04,,1,1,1,,1,1,1,1,,,Yes,,Kano,,bun20
094a2df8-d178-4068-bf2d-4ead5c59485b,Deposit_Account,Yes,2024-07-04,,1,1,1,,1,1,1,1,,,Yes,,Kano,,bun20
26b89bca-7351-483e-8100-e17a97a52469,Deposit_Account,Yes,2024-07-04,,1,1,1,,1,1,1,1,,,Yes,,Kano,,bun20
b675edfa-6d0a-4b4b-9b61-d621b2e6490e,Deposit_Account,Yes,2024-07-04,,1,1,1,,1,1,1,1,,,Yes,,Kano,,bun20
fd60699a-f993-4170-a552-3fb434b10d1e,Deposit_Account,Yes,2024-07-04,,1,1,1,,1,1,1,1,,,Yes,,Kano,,bun20
e5323c1a-1907-420c-8a75-f58923bef577,Deposit_Account,Yes,2024-07-04,,1,1,1,,1,1,1,1,,,Yes,,Kano,,bun20
9d970009-608f-413d-9ab2-9cac43b16a8e,Deposit_Account,Yes,2024-07-04,,1,1,1,,1,1,1,1,,,Yes,,Kano,,bun20
d992932b-85ef-4125-848b-aa480f01dceb,Deposit_Account,Yes,2024-07-04,,1,1,1,,1,1,1,1,,,Yes,,Kano,,bun20
368a3370-602f-4c19-b939-8bb17f007c23,Deposit_Account,Yes,2024-07-04,,1,1,1,,1,1,1,1,,,Yes,,Kano,,bun20
062b1543-4921-47ea-bebc-7b996f0ad439,Deposit_Account,Yes,2024-07-04,,1,1,1,,1,1,1,1,,,Yes,,Kano,,bun20
d260ebc7-6ad1-4b02-a8f3-385bef9e7c03,Deposit_Account,Yes,2024-07-04,,1,1,1,,1,1,1,1,,,Yes,,Kano,,bun20
88462f73-c9c8-49b2-94b3-29c4d7ba74da,Deposit_Account,Yes,2024-07-04,,1,1,1,,1,1,1,1,,,Yes,,Kano,,bun20
67f38a4e-dd02-4579-9389-6b7f60c5772d,Deposit_Account,Yes,2024-07-04,,1,1,1,,1,1,1,1,,,Yes,,Kano,,bun21
db619d40-e459-4e9c-8b1a-18c72de88a4c,Deposit_Account,Yes,2024-07-04,,1,1,1,,1,1,1,1,,,Yes,,Kano,,bun21
2948d9b7-f384-454a-b3e6-0bf309cbb4d1,Deposit_Account,Yes,2024-07-04,,1,1,1,,1,1,1,1,,,Yes,,Kano,,bun21
d7e1e770-0377-4f76-8812-cd5c22a8bca4,Deposit_Account,Yes,2024-07-04,,1,1,1,,1,1,1,1,,,Yes,,Kano,,bun21
b08504fc-9397-40b6-a82f-d07a3e3f25af,Deposit_Account,Yes,2024-07-04,,1,1,1,,1,1,1,1,,,Yes,,Kano,,bun21
915d43c6-e752-457c-a7ff-3bf923f80380,Deposit_Account,Yes,2024-07-04,,1,1,1,,1,1,1,1,,,Yes,,Kano,,bun21
ab116e2a-d10d-411e-8a24-ed9b3daff179,Deposit_Account,Yes,2024-07-04,,1,1,1,,1,1,1,1,,,Yes,,Kano,,bun21
8aebbaf0-9cf5-47a5-bdea-4012b42cb6a5,Deposit_Account,Yes,2024-07-04,,1,1,1,,1,1,1,1,,,Yes,,Kano,,bun21
74ddd84a-fcca-4c0f-a45e-b94331e4801a,Deposit_Account,Yes,2024-07-04,,1,1,1,,1,1,1,,,,Yes,,Kano,,bun21
bb2ab4f7-acd2-44cc-aa96-825731ea4614,Deposit_Account,Yes,2024-07-04,,1,1,1,,1,1,1,1,,,Yes,,Kano,,bun21
aba7628d-16e6-4692-9a54-63ca73e262fe,Deposit_Account,Yes,2024-07-04,,1,1,1,,1,1,1,1,,,Yes,,Kano,,bun21
78b7717c-428b-4f1b-80e5-5717d75aefa2,Deposit_Account,Yes,2024-07-04,,1,1,1,,1,1,1,1,,,Yes,,Kano,,bun21
d7592d02-86ca-4352-a729-481fd43d894d,Deposit_Account,Yes,2024-07-04,,1,1,1,,1,1,1,1,,,Yes,,Kano,,bun21
75e3daa5-f7a3-40cd-9dde-fbec541f7c8e,Deposit_Account,Yes,2024-07-04,,1,1,1,,1,1,1,1,,,Yes,,Kano,,bun21
dd46edfe-e426-4abc-99dc-f702684af9a9,Deposit_Account,Yes,2024-07-04,,1,1,1,,1,1,1,1,,,Yes,,Kano,,bun21
affac319-de13-4e2e-9c6c-09eaa1a593cf,Deposit_Account,Yes,2024-07-04,,1,1,1,,1,1,1,1,,,Yes,,Kano,,bun21
bb4b3d55-b631-4b0b-b7f1-673d10264dae,Deposit_Account,Yes,2024-07-04,,1,1,1,,1,1,1,1,,,Yes,,Kano,,bun21
c0642e96-b8cb-4c57-b1f0-c7cf6443b54c,Deposit_Account,Yes,2024-07-04,,1,1,1,,1,1,1,1,,,Yes,,Kano,,bun21
8c428579-a84f-459e-8451-b7d93a86dc5e,Deposit_Account,Yes,2024-07-04,,1,1,1,,1,1,1,1,,,Yes,,Kano,,bun21
3c8e7d1b-10dc-4fb9-b756-f6cdee1ab014,Deposit_Account,Yes,2024-07-04,,1,1,1,,1,1,1,1,,,Yes,,Kano,,bun21
0b2468e6-cd87-4d4a-8619-8458c465d10f,Deposit_Account,Yes,2024-07-04,,1,1,1,,1,1,1,1,,,Yes,,Kano,,bun21
25d09736-3715-4123-99e8-a001db05cc69,Deposit_Account,Yes,2024-07-04,,1,1,1,,1,1,1,1,,,Yes,,Kano,,bun21
a59c7e0d-d62c-4d43-9ae0-7e3c87b38b2b,Deposit_Account,Yes,2024-08-04,,1,1,1,,1,1,1,1,,,Yes,,Kano,,bun21
c2af0d4a-6501-4800-8390-a772da007101,Deposit_Account,Yes,2024-07-04,,1,1,1,,1,1,1,1,,,Yes,,Kano,,bun21
adcf413d-f4be-4305-b65f-7ac315eb502b,Deposit_Account,Yes,2024-07-04,,1,1,1,,1,1,1,1,,,Yes,,Kano,,bun21
2f40fab0-f193-4267-b22f-9d04dda3f892,Deposit_Account,Yes,2024-07-04,,1,1,1,,1,1,1,1,,,Yes,,Kano,,bun21
2ac3bd7c-6718-4d49-a05d-4c3dca118b79,Deposit_Account,Yes,2024-07-04,,1,1,1,,1,1,1,1,,,Yes,,Kano,,bun21
dc8c2110-e5db-4b7e-995e-762c6741d70f,Deposit_Account,Yes,2024-07-04,,1,1,1,,1,1,1,1,,,Yes,,Kano,,bun21
86f997c6-ada0-4ca3-8883-f281c5ea170f,Deposit_Account,Yes,2024-07-04,,1,1,1,,1,1,1,1,,,Yes,,Kano,,bun21
c234f030-c49d-407d-9e1f-6f54debe930a,Deposit_Account,Yes,2024-07-04,,1,1,1,,1,1,1,1,,,Yes,,Kano,,bun21
e8b1d91c-8ef4-4a81-837b-95375a0d568a,Deposit_Account,Yes,2024-07-04,,1,1,1,,1,1,1,1,,,Yes,,Bauchi,,das10
5a53bcad-40af-4ffb-a3db-23d71961cb8e,Deposit_Account,Yes,2024-07-04,,1,1,1,,1,1,1,1,,,Yes,,Bauchi,,das10
57035c90-228d-43b9-8a31-dffda5dbf9d4,Deposit_Account,Yes,2024-07-04,,1,1,1,,1,1,1,1,,,Yes,,Bauchi,,das10
0a89400e-5519-4991-aca1-8adbd6edd4da,Deposit_Account,Yes,2024-07-04,,1,1,1,,1,1,1,1,,,Yes,,Bauchi,,das10
356a174a-76cb-45b1-9334-3919ceeb9c84,Deposit_Account,Yes,2024-07-04,,1,1,1,,1,1,1,1,,,Yes,,Bauchi,,das10
1985e1de-2a29-4727-b594-5509bf455e31,Deposit_Account,Yes,2024-07-04,,1,1,1,,1,1,1,1,,,Yes,,Bauchi,,das10
0228696c-7c9b-4e9a-bd82-555e4341ad8e,Deposit_Account,Yes,2024-07-04,,1,1,1,,1,1,1,1,,,Yes,,Bauchi,,das10
dc42dc2f-ad46-467c-95ff-b09abd605942,Deposit_Account,Yes,2024-07-04,,1,1,1,,1,1,1,1,,,Yes,,Bauchi,,das10
9954c388-cdd2-4a19-97a7-b790a47edc72,Deposit_Account,Yes,2024-07-04,,1,1,1,,1,1,1,1,,,Yes,,Bauchi,,das10
f77e7ae7-3fde-4b1d-baf8-ae0c74fbeb09,Deposit_Account,Yes,2024-07-04,,1,1,1,,1,1,1,1,,,Yes,,Bauchi,,das10
b8c09e7d-f3d7-411e-bca0-70a60832634f,Deposit_Account,Yes,2024-07-04,,1,1,1,,1,1,1,1,,,Yes,,Bauchi,,das10
9f1b8233-e5bf-4c73-948c-6cfb84867e77,Deposit_Account,Yes,2024-07-04,,1,1,1,,1,1,1,1,,,Yes,,Bauchi,,das10
e270a2dd-9a06-4ccf-8d9e-009680cc0862,Deposit_Account,Yes,2024-07-04,,1,1,1,,1,1,1,1,,,Yes,,Bauchi,,das10
d301ab14-4cea-4499-8496-518ff3caf7db,Deposit_Account,Yes,2024-07-04,,1,1,1,,1,1,1,1,,,Yes,,Bauchi,,das10
43de40b9-e675-414f-9e97-97a8e2f6c408,Deposit_Account,Yes,2024-07-04,,1,1,1,,1,1,1,1,,,Yes,,Bauchi,,das10
76c2826f-fbb6-43b3-bdcb-69e4425f0885,Deposit_Account,Yes,2024-07-04,,1,1,1,,1,1,1,1,,,Yes,,Bauchi,,das10
4617e68f-1c23-401a-82e5-ee39e9120b68,Deposit_Account,Yes,2024-07-04,,1,1,1,,1,1,1,1,,,Yes,,Bauchi,,das10
a0902ca1-dbab-4765-a4ce-b46c7524158e,Deposit_Account,Yes,2024-07-04,,1,1,1,,1,1,1,1,,,Yes,,Bauchi,,das10
874227cf-d191-409f-8902-1c9c83a6f4c0,Deposit_Account,Yes,2024-07-04,,1,1,1,,1,1,1,1,,,Yes,,Bauchi,,das10
c26c42ff-1a85-4fbf-b4cf-c34e98390773,Deposit_Account,Yes,2024-07-04,,1,1,1,,1,1,1,1,,,Yes,,Bauchi,,das10
66de6614-c8ac-4058-a656-ea275c85f48b,Deposit_Account,Yes,2024-07-04,,1,1,1,,1,1,1,1,,,Yes,,Bauchi,,das10
3dbac7af-0b7e-4d34-a042-72efa07f68c9,Deposit_Account,Yes,2024-07-04,,1,1,1,,1,1,1,1,,,Yes,,Bauchi,,das10
f7c4cd36-7e1e-4ca5-8431-32763ebeaed1,Deposit_Account,Yes,2024-07-04,,1,1,1,,1,1,1,1,,,Yes,,Bauchi,,das10
be65b1fc-6cbe-401e-b44e-a425b0872f9c,Deposit_Account,Yes,2024-07-04,,1,1,1,,1,1,1,1,,,Yes,,Bauchi,,das10
bb2e531a-7f76-4aca-aa60-c95015a8f389,Deposit_Account,Yes,2024-07-04,,1,1,1,,1,1,1,1,,,Yes,,Bauchi,,das10
da94a37b-a586-4f4a-845e-a5528dcf22f5,Deposit_Account,Yes,2024-07-04,,1,1,1,,1,1,1,1,,,Yes,,Bauchi,,das10
6d478266-fd01-42dd-a81c-74ceff3f9e15,Deposit_Account,Yes,2024-07-04,,1,1,1,,1,1,1,1,,,Yes,,Bauchi,,das10
d6d3489d-9e7b-4ff8-94ca-c68aa6d6782f,Deposit_Account,Yes,2024-07-04,,1,1,1,,1,1,1,1,,,Yes,,Bauchi,,das10
9876ddf3-d2fe-4eac-80e8-bc113d5725e6,Deposit_Account,Yes,2024-07-04,,1,1,1,,1,1,1,1,,,Yes,,Bauchi,,das10
775c75a6-05c3-446d-9244-feaceb9a76e2,Deposit_Account,Yes,2024-07-04,,1,1,1,,1,1,1,1,,,Yes,,Bauchi,,das10
f7630702-f331-43c7-9631-d5f63bfe3a05,Deposit_Account,Yes,2024-07-04,,1,1,1,,1,1,1,1,,,Yes,,Bauchi,,gan08
ae39e264-b212-4db0-b480-a96fc32715df,Deposit_Account,Yes,2024-07-04,,1,1,1,,1,1,1,1,,,Yes,,Bauchi,,gan08
dfa8e183-cfec-4136-9981-2a9e0fd13193,Deposit_Account,Yes,2024-07-04,,1,1,1,,1,1,1,1,,,Yes,,Bauchi,,gan08
b743f32c-8b43-45ac-9998-281bfae77006,Deposit_Account,Yes,2024-07-04,,1,1,1,,1,1,1,1,,,Yes,,Bauchi,,gan08
8a1d3b2a-a70f-4f2f-a422-165e87a9ee01,Deposit_Account,Yes,2024-07-04,,1,1,1,,1,1,1,1,,,Yes,,Bauchi,,gan08
c0909730-92e7-411d-95cd-5d854bdd34f9,Deposit_Account,Yes,2024-07-04,,1,1,1,,1,1,1,1,,,Yes,,Bauchi,,gan08
278b69ae-a0d1-41f4-934b-4a7afb61a82a,Deposit_Account,Yes,2024-07-04,,1,1,1,,1,1,1,1,,,Yes,,Bauchi,,gan08
81c398cb-8fe8-4ac5-a25e-81f2110a1fd4,Deposit_Account,Yes,2024-07-04,,1,1,1,,1,1,1,1,,,Yes,,Bauchi,,gan08
6600ba3b-0af3-4603-b130-01fa6e4dd6da,Deposit_Account,Yes,2024-07-04,,1,1,1,,1,1,1,1,,,Yes,,Bauchi,,gan08
b4a04a26-eb6b-4237-a683-a1fcc2b96f21,Deposit_Account,Yes,2024-07-04,,1,1,1,,1,1,1,1,,,Yes,,Bauchi,,gan08
807f3fa6-0c93-4306-962c-89f2a82e5e67,Deposit_Account,Yes,2024-07-04,,1,1,1,,1,1,1,1,,,Yes,,Bauchi,,gan08
d7fa637e-ba45-4cf2-8763-8a447f9f49d4,Deposit_Account,Yes,2024-07-04,,1,1,1,,1,1,1,1,,,Yes,,Bauchi,,gan08
fa320fd7-0a01-4407-bb6e-3b9f107c5fb1,Deposit_Account,Yes,2024-07-04,,1,1,1,,1,1,1,1,,,Yes,,Bauchi,,gan08
8c01634d-365a-4384-a675-4860ba622bf4,Deposit_Account,Yes,2024-07-04,,1,1,1,,1,1,1,1,,,Yes,,Bauchi,,gan08
8f0b0506-5770-42d7-8a50-73676acac21a,Deposit_Account,Yes,2024-07-04,,1,1,1,,1,1,1,1,,,Yes,,Bauchi,,gan08
4b452727-6692-4e0c-b6c2-3d5cc598ecca,Deposit_Account,Yes,2024-07-04,,1,1,1,,1,1,1,1,,,Yes,,Bauchi,,gan08
81799566-686c-4d59-b666-7378d24d3dcf,Deposit_Account,Yes,2024-07-04,,1,1,1,,1,1,1,1,,,Yes,,Bauchi,,gan08
822306a9-dc27-46b2-a560-1fa99db49a30,Deposit_Account,Yes,2024-07-04,,1,1,1,,1,1,1,1,,,Yes,,Bauchi,,gan08
6dbbedd3-79cc-476a-ab6f-f7fd17ce614d,Deposit_Account,Yes,2024-07-04,,1,1,1,,1,1,1,1,,,Yes,,Bauchi,,gan08
5e1eb74c-e28a-49c5-990d-632773d87289,Deposit_Account,Yes,2024-07-04,,1,1,1,,1,1,1,1,,,Yes,,Bauchi,,gan08
f4be6a1d-9027-4613-8a34-e0c65ff246ba,Deposit_Account,Yes,2024-07-04,,1,1,1,,1,1,1,1,,,Yes,,Bauchi,,gan08
c1ecfb21-087e-44a9-8940-d4bcd5984aa7,Deposit_Account,Yes,2024-07-04,,1,1,1,,1,1,1,1,,,Yes,,Bauchi,,gan08
d5cbdfbb-21f5-4018-9a73-a4c7dd18c218,Deposit_Account,Yes,2024-07-04,,1,1,1,,1,1,1,1,,,Yes,,Bauchi,,gan08
89ecc6ec-b201-4f88-b77d-92e7511ad9d9,Deposit_Account,Yes,2024-07-04,,1,1,1,,1,1,1,1,,,Yes,,Bauchi,,gan08
ec488564-02f5-481d-b93d-b394c669023d,Deposit_Account,Yes,2024-07-04,,1,1,1,,1,1,1,1,,,Yes,,Bauchi,,gan08
7da0c2dd-2262-4e62-8b4c-5c9b6db52b4f,Deposit_Account,Yes,2024-07-04,,1,1,1,,1,1,1,1,,,Yes,,Bauchi,,gan08
1538c688-7bef-43fb-8ed8-c4fa9bb1e41b,Deposit_Account,Yes,2024-07-04,,1,1,1,,1,1,1,1,,,Yes,,Bauchi,,gan08
0835daa8-7f87-40a8-9963-cbb9080d10a7,Deposit_Account,Yes,2024-07-04,,1,1,1,,1,1,1,1,,,Yes,,Bauchi,,gan08
a8061c18-996a-4bdc-b17f-2a053f86acb5,Deposit_Account,Yes,2024-07-04,,1,1,1,,1,1,1,1,,,Yes,,Bauchi,,gan08
b41283b9-ecc0-4cae-be04-e91ba1083aad,Deposit_Account,Yes,2024-07-04,,1,1,1,,1,1,1,1,,,Yes,,Bauchi,,gan08
29245aa9-7bb7-450c-ac05-da24b12a670d,Deposit_Account,Yes,2024-07-04,,1,1,1,,1,1,1,1,,,Yes,,Bauchi,,gan08
5583c863-ffed-40e0-b559-0661a06dae94,Deposit_Account,Yes,2024-07-04,,1,1,1,,1,1,1,1,,,Yes,,Bauchi,,gan08
5dda2697-bfd1-4bb6-bfda-e97e6c7dc745,Deposit_Account,Yes,2024-07-04,,1,1,1,,1,1,1,1,,,Yes,,Bauchi,,gan08
ea0fde47-e54a-492f-83b8-870d17cdee5c,Deposit_Account,Yes,2024-07-04,,1,1,1,,1,1,1,1,,,Yes,,Bauchi,,gan08
1ea5327a-13f2-465d-8618-ada56e7efbf5,Deposit_Account,Yes,2024-07-04,,1,1,1,,1,1,1,1,,,Yes,,Bauchi,,gan08
0617cf35-76d9-4123-82d0-5330f357eea9,Deposit_Account,Yes,2024-07-04,,1,1,1,,1,1,1,1,,,Yes,,Bauchi,,gan08
f359f4ca-8552-4e35-9e28-3f52e94ddf3a,Deposit_Account,Yes,2024-07-04,,1,1,1,,1,1,1,1,,,Yes,,Bauchi,,gan08
c24a8806-4cc8-4f7a-8fb6-60232de93141,Deposit_Account,Yes,2024-07-04,,1,1,1,,1,1,1,1,,,Yes,,Bauchi,,gan08
98e786dc-e7a4-447a-9979-3efc92119df1,Deposit_Account,Yes,2024-07-04,,1,1,1,,1,1,1,1,,,Yes,,Bauchi,,gan08
00110d9b-c2de-448e-a0d9-c4c42064e9f3,Deposit_Account,Yes,2024-07-04,,1,1,1,,1,1,1,1,,,Yes,,Bauchi,,gan08
5038c333-2f90-4219-bb50-54d4fe0950d6,Deposit_Account,Yes,2024-07-04,,1,1,1,,1,1,1,1,,,Yes,,Bauchi,,gan08
86e966f1-e2e2-46e1-9c57-febd69d8ab1b,Deposit_Account,Yes,2024-07-04,,1,1,1,,1,1,1,1,,,Yes,,Bauchi,,gan08
6b95bc4a-f5ba-4fd1-9fdb-20092fc62fb4,Deposit_Account,Yes,2024-07-04,,1,1,1,,1,1,1,1,,,Yes,,Bauchi,,gan08
7ef9549c-f9da-4b0e-8234-44eae1cddcdf,Deposit_Account,Yes,2024-07-04,,1,1,1,,1,1,1,1,,,Yes,,Bauchi,,gan08
466fac4c-3615-40c9-a37c-2ebfa1df86e2,Deposit_Account,Yes,2024-07-04,,1,1,1,,1,1,1,1,,,Yes,,Bauchi,,gan08
fa089424-b98e-486c-a2c1-fd4db0c5c821,Deposit_Account,Yes,2024-07-04,,1,1,1,,1,1,1,1,,,Yes,,Bauchi,,gan08
fdda0430-6e00-4004-b2a3-a7a03f5d966f,Deposit_Account,Yes,2024-07-04,,1,1,1,,1,1,1,1,,,Yes,,Bauchi,,gan08
0e99a3b3-ef3f-42e1-9898-bd77bb71a760,Deposit_Account,Yes,2024-07-04,,1,1,1,,1,1,1,1,,,Yes,,Bauchi,,gan08
c1bef4ef-d07d-4a85-8868-38005bbee462,Deposit_Account,Yes,2024-07-04,,1,1,1,,1,1,1,1,,,Yes,,Bauchi,,gan08
7cdbd922-3404-4b86-8518-edc10b7d9b94,Deposit_Account,Yes,2024-07-04,,1,1,1,,1,1,1,1,,,Yes,,Bauchi,,gan08
216c73fb-2555-4c7a-bd64-4159bfe36757,Deposit_Account,Yes,2024-07-04,,1,1,1,,1,1,1,1,,,Yes,,Bauchi,,gan08
32c90dc6-dc15-4734-8c1b-c2f52328d0b1,Deposit_Account,Yes,2024-07-04,,1,1,1,,1,1,1,1,,,Yes,,Bauchi,,gan08
57c3ce52-7dea-4003-9aa3-0dd905265e22,Deposit_Account,Yes,2024-07-04,,1,1,1,,1,1,1,1,,,Yes,,Bauchi,,gan08
864cee8b-61d7-4619-bc9d-9a54ad746b2f,Deposit_Account,Yes,2024-07-04,,1,1,1,,1,1,1,1,,,Yes,,Bauchi,,gan08
17070ea8-ee5f-49a2-8362-df4a42f17264,Deposit_Account,Yes,2024-07-04,,1,1,1,,1,1,1,1,,,Yes,,Bauchi,,gan08
16c4ae96-d48b-4b72-a1b6-b369a3e3c868,Deposit_Account,Yes,2024-07-04,,1,1,1,,1,1,1,1,,,Yes,,Bauchi,,gan08
5600b43c-8bad-4b02-99b1-0012efc0c771,Deposit_Account,Yes,2024-07-04,,1,1,1,,1,1,1,1,,,Yes,,Bauchi,,gan08
753a1981-bdf1-4dc8-b0d1-20bbd2f1e632,Deposit_Account,Yes,2024-07-04,,1,1,1,,1,1,1,1,,,Yes,,Bauchi,,gan08
2bbda2fb-32a3-4142-889d-0655ea946562,Deposit_Account,Yes,2024-07-04,,1,1,1,,1,1,1,1,,,Yes,,Bauchi,,gan08
eef3588c-fad7-4d8e-9ae2-8123d350308f,Deposit_Account,Yes,2024-07-04,,1,1,1,,1,1,1,1,,,Yes,,Bauchi,,gan08
b6fe0a68-c8dc-418d-8582-28d204a5c240,Deposit_Account,Yes,2024-07-04,,1,1,1,,1,1,1,1,,,Yes,,Bauchi,,gan08
19619f31-ed1b-4f96-900c-5b3194143f8d,Deposit_Account,Yes,2024-07-04,,1,1,1,,1,1,1,1,,,Yes,,Bauchi,,gan10
f376fed4-72c0-4e81-ae2f-d2516365c3f8,Deposit_Account,Yes,2024-07-04,,1,1,1,,1,1,1,1,,,Yes,,Bauchi,,gan10
22942638-39ef-4857-8fe1-3e82c941ea44,Deposit_Account,Yes,2024-07-04,,1,1,,,1,1,1,1,,,Yes,,Bauchi,,gan10
b1a011a3-3814-4c2f-a6af-00653845fde6,Deposit_Account,Yes,2024-07-04,,1,1,1,,1,1,1,1,,,Yes,,Bauchi,,gan10
7f572f0b-6bb2-4ccb-9203-c3ed7aaf7e73,Deposit_Account,Yes,2024-07-04,,1,1,1,,1,1,1,1,,,Yes,,Bauchi,,gan10
2050959b-37b9-4102-87e8-e27959493843,Deposit_Account,Yes,2024-07-04,,1,1,1,,1,1,1,1,,,Yes,,Bauchi,,gan10
9bc1a6c4-8094-4989-89c2-3e3ed97b0e25,Deposit_Account,Yes,2024-07-04,,1,1,1,,1,1,1,1,,,Yes,,Bauchi,,gan10
a325ab7a-2ae5-4aa7-b94a-cce85f8a864c,Deposit_Account,Yes,2024-07-04,,1,1,1,,1,1,1,1,,,Yes,,Bauchi,,gan10
608a42d2-c2ab-4378-a2bc-79b4f93f151a,Deposit_Account,Yes,2024-07-04,,1,1,1,,1,1,1,1,,,Yes,,Bauchi,,gan10
4223b509-fb51-4f56-8593-a5938b4a89eb,Deposit_Account,Yes,2024-07-04,,1,1,1,,1,1,1,1,,,Yes,,Bauchi,,gan10
f6f23284-76a5-4d37-b099-cbee7b88e4e8,Deposit_Account,Yes,2024-07-04,,1,1,1,,1,1,1,1,,,Yes,,Bauchi,,gan10
33c80b3c-2dd6-48eb-9db8-0caa200cb612,Deposit_Account,Yes,2024-07-04,,1,1,1,,1,1,1,1,,,Yes,,Bauchi,,gan10
0834ba3a-3bf6-4066-b9d8-55813e218835,Deposit_Account,Yes,2024-07-04,,1,1,1,,1,1,1,1,,,Yes,,Bauchi,,gan10
5832adaa-1ba0-4ca2-8cbd-b5f90021d0f8,Deposit_Account,Yes,2024-07-04,,1,1,1,,1,1,1,1,,,Yes,,Bauchi,,gan10
bcb54508-ea8e-42a9-8998-b8c4ae637b34,Deposit_Account,Yes,2024-07-04,,1,1,1,,1,1,1,1,,,Yes,,Bauchi,,gan10
483f3d83-0e7f-45f1-b562-076b185bb937,Deposit_Account,Yes,2024-07-04,,1,1,1,,1,1,1,1,,,Yes,,Bauchi,,gan10
1399fe86-84eb-48b5-9048-59624cad95d6,Deposit_Account,Yes,2024-07-04,,1,1,1,,1,1,1,1,,,Yes,,Bauchi,,gan10
65e94f64-b3b7-4879-8d59-2542751c6d2b,Deposit_Account,Yes,2024-07-04,,1,1,1,,1,1,1,1,,,Yes,,Bauchi,,gan10
965147ff-3678-4307-a4e3-14813dde73ac,Deposit_Account,Yes,2024-07-04,,1,1,1,,1,1,1,1,,,Yes,,Bauchi,,gan10
3fa4fc8a-ded2-4dfb-8717-73e804dc6881,Deposit_Account,Yes,2024-07-04,,1,1,1,,1,1,1,1,,,Yes,,Bauchi,,gan10
d9277e75-f481-42ec-bec2-f20e43b81e7e,Deposit_Account,Yes,2024-07-04,,1,1,1,,1,1,1,1,,,Yes,,Bauchi,,gan10
e38f9e98-3e36-4dc1-a283-5ebcf2adf6e6,Deposit_Account,Yes,2024-07-04,,1,1,1,,1,1,1,1,,,Yes,,Bauchi,,gan10
d5338314-e427-4940-8f07-b915a5027b65,Deposit_Account,Yes,2024-07-04,,1,1,1,,1,1,1,1,,,Yes,,Bauchi,,gan10
da85b724-32f0-4b74-919b-0d7cd687b062,Deposit_Account,Yes,2024-07-04,,1,1,1,,1,1,1,1,,,Yes,,Bauchi,,gan10
1628410b-4180-40d0-bf42-582d1cf31bd2,Deposit_Account,Yes,2024-07-04,,1,1,1,,1,1,1,1,,,Yes,,Bauchi,,gan10
ac9e5c99-3b4c-4158-b1b3-017b873b602b,Deposit_Account,Yes,2024-07-04,,1,1,1,,1,1,1,1,,,Yes,,Bauchi,,gan10
99fbda6f-3040-473d-b2d2-3ac7d44cc24e,Deposit_Account,Yes,2024-07-04,,1,1,1,,1,1,1,1,,,Yes,,Bauchi,,gan10
9b450c44-7762-486e-aee6-01e971c05c92,Deposit_Account,Yes,2024-07-04,,1,1,1,,1,1,1,1,,,Yes,,Bauchi,,gan10
1a74c356-aa15-4ffb-a56e-b658a536ca11,Deposit_Account,Yes,2024-07-04,,1,1,1,,1,1,1,1,,,Yes,,Bauchi,,gan10
46da2c1d-4cda-4d86-b17b-8d77bb45756e,Deposit_Account,Yes,2024-07-04,,1,1,1,,1,1,1,1,,,Yes,,Bauchi,,gan10
45281c15-4056-401e-88ed-23646d7737da,Deposit_Account,Yes,2024-07-04,,1,1,1,,1,1,1,1,,,Yes,,Kano,,gmm48
0603293e-a3bf-405b-b1d0-fabca8301982,Deposit_Account,Yes,2024-07-04,,1,1,1,,1,1,1,1,,,Yes,,Kano,,gmm48
0feef7a8-8628-48de-ab6d-03472bd734fb,Deposit_Account,Yes,2024-07-04,,1,1,1,,1,1,1,1,,,Yes,,Kano,,gmm48
df95c712-1dd5-46ba-9971-a68861d9ebc4,Deposit_Account,Yes,2024-07-04,,1,1,1,,1,1,1,1,,,Yes,,Kano,,gmm48
e72581cb-67bb-40f5-b809-1e47096441e1,Deposit_Account,Yes,2024-07-04,,1,1,1,,1,1,1,1,,,Yes,,Kano,,gmm48
c88b6711-38ee-41c4-92c7-ca62efed1664,Deposit_Account,Yes,2024-07-04,,1,1,1,,1,1,1,1,,,Yes,,Kano,,gmm48
1f8231e2-c24c-4971-ab9d-7f12ba0a207e,Deposit_Account,Yes,2024-07-04,,1,1,1,,1,1,1,1,,,Yes,,Kano,,gmm48
7807bd1c-d4da-4995-8535-21352a28746b,Deposit_Account,Yes,2024-07-04,,1,1,1,,1,1,1,1,,,Yes,,Kano,,gmm48
02c7467e-0693-44e5-adfc-2c718586704d,Deposit_Account,Yes,2024-07-04,,1,1,1,,1,1,1,1,,,Yes,,Kano,,gmm48
e16af2e4-32b6-4bff-be70-15d59b46ff19,Deposit_Account,Yes,2024-07-04,,1,1,1,,1,1,1,1,,,Yes,,Kano,,gmm48
fadbd31e-cc5d-4281-bcac-d94fc9cb1c5a,Deposit_Account,Yes,2024-07-04,,1,1,1,,1,1,1,1,,,Yes,,Kano,,gmm48
331fd042-6a91-46d1-87b2-3a2b95fb78ce,Deposit_Account,Yes,2024-07-04,,1,1,1,,1,1,1,1,,,Yes,,Kano,,gmm48
279530c8-bcc8-49e0-9584-a46a246dad9f,Deposit_Account,Yes,2024-07-04,,1,1,1,,1,1,1,1,,,Yes,,Kano,,gmm48
0be81329-0adc-44c6-a303-c637a6b8cd9b,Deposit_Account,Yes,2024-07-04,,1,1,1,,1,1,1,1,,,Yes,,Kano,,gmm48
bd2d32fd-9aab-4417-8916-54af5fdcdb3c,Deposit_Account,Yes,2024-07-04,,1,1,1,,1,1,1,1,,,Yes,,Kano,,gmm48
9277d980-cc08-437d-ab85-1b4a97b96a8f,Deposit_Account,Yes,2024-07-04,,1,1,1,,1,1,1,1,,,Yes,,Kano,,gmm48
acd853d0-6bbd-4288-9306-e1f71d67abfb,Deposit_Account,Yes,2024-07-04,,1,1,1,,1,1,1,1,,,Yes,,Kano,,gmm48
d6e68f79-bb4c-4206-b53c-f2fe69f24f17,Deposit_Account,Yes,2024-07-04,,1,1,1,,1,1,1,1,,,Yes,,Kano,,gmm48
af4179fc-2696-434f-ae20-9843e812f1ac,Deposit_Account,Yes,2024-07-04,,1,1,1,,1,1,1,1,,,Yes,,Kano,,gmm48
f24e2685-e15b-47fc-bb13-e78ae111d4c2,Deposit_Account,Yes,2024-07-04,,1,1,1,,1,1,1,1,,,Yes,,Kano,,gmm48
d04646b6-d05c-4a36-a27a-ea2b705c9dc7,Deposit_Account,Yes,2024-07-04,,1,1,1,,1,1,1,1,,,Yes,,Kano,,gmm48
4d7e51fb-5eaf-410e-bd1f-866cc3fe4e66,Deposit_Account,Yes,2024-07-04,,1,1,1,,1,1,1,1,,,Yes,,Kano,,gmm48
5fa46448-1ebb-42f7-835e-9068880ce62c,Deposit_Account,Yes,2024-07-04,,1,1,1,,1,1,1,1,,,Yes,,Kano,,gmm48
5b6214e1-82f4-4f92-9dfe-38daa376fc0a,Deposit_Account,Yes,2024-07-04,,1,1,1,,1,1,1,1,,,Yes,,Kano,,gmm48
eea3bad7-57a5-46c1-96e2-35eb2355387e,Deposit_Account,Yes,2024-07-04,,1,1,1,,1,1,1,1,,,Yes,,Kano,,gmm48
2a17e20c-3bb1-49fc-a325-a0cb27cfbc89,Deposit_Account,Yes,2024-07-04,,1,1,1,,1,1,1,1,,,Yes,,Kano,,gmm48
63772aaa-bb18-43b9-84a2-833b7d8f401b,Deposit_Account,Yes,2024-07-04,,1,1,1,,1,1,1,1,,,Yes,,Kano,,gmm48
40cd53b7-7df2-41a2-8889-c9d8444a44ae,Deposit_Account,Yes,2024-07-04,,1,1,1,,1,1,1,1,,,Yes,,Kano,,gmm48
c22eb1c2-ddb5-4188-b3cb-d7378d1f911c,Deposit_Account,Yes,2024-07-04,,1,1,1,,1,1,1,1,,,Yes,,Kano,,gmm48
22631493-43df-41d9-9f6a-dc8a8f4c6f59,Deposit_Account,Yes,2024-07-04,,1,1,1,,1,1,1,1,,,Yes,,Kano,,gmm48
8504a4e5-496b-43f4-8ba2-03477e688b5e,Deposit_Account,Yes,2024-07-04,,1,1,1,,1,1,1,1,,,Yes,,Kano,,gmm48
fd9e5ecf-9152-4c25-b36c-9bdc8e2c8a67,Deposit_Account,Yes,2024-07-04,,1,1,1,,1,1,1,1,,,Yes,,Kano,,gmm48
f51d9225-65bb-41d1-b608-adb92b93854e,Deposit_Account,Yes,2024-07-04,,1,1,1,,1,1,1,1,,,Yes,,Kano,,gmm48
c2d5d73f-8d11-41b2-bc39-2b49deb5a099,Deposit_Account,Yes,2024-07-04,,1,1,1,,1,1,1,1,,,Yes,,Kano,,gmm48
25b290ff-d75d-411d-832a-d1d83ef83f24,Deposit_Account,Yes,2024-07-04,,1,1,1,,1,1,1,1,,,Yes,,Kano,,gmm48
5ffac201-655d-4105-813f-d5addb7133a0,Deposit_Account,Yes,2024-07-04,,1,1,1,,1,1,1,1,,,Yes,,Kano,,gmm48
169ee965-4c17-4a80-b109-a23683c6de28,Deposit_Account,Yes,2024-07-04,,1,1,1,,1,1,1,1,,,Yes,,Kano,,gmm48
7864364f-9215-47ad-93c2-5587fc37425c,Deposit_Account,Yes,2024-07-04,,1,1,1,,1,1,1,1,,,Yes,,Kano,,gmm48
599a07d4-4f9f-4bf3-95af-c91fcef427b9,Deposit_Account,Yes,2024-07-04,,1,1,1,,1,1,1,1,,,Yes,,Kano,,gmm48
57dbbb89-1423-41ee-9662-b9036e48d057,Deposit_Account,Yes,2024-07-04,,1,1,1,,1,1,1,1,,,Yes,,Kano,,gmm48
ae7ce5b8-894f-41af-a4c1-2db7228d0370,Deposit_Account,Yes,2024-07-04,,1,1,1,,1,1,1,1,,,Yes,,Kano,,gmm48
998b22ff-6e2c-4716-89b5-2d4f19c9d1bb,Deposit_Account,Yes,2024-07-04,,1,1,1,,1,1,1,1,,,Yes,,Kano,,gmm48
c43baf79-87fd-46ba-8fcb-9134dfd91e12,Deposit_Account,Yes,2024-07-04,,1,1,1,,1,1,1,1,,,Yes,,Kano,,gmm48
c513f854-e82f-4a96-931b-57ad6e5caba0,Deposit_Account,Yes,2024-07-04,,1,1,1,,1,1,1,1,,,Yes,,Kano,,gmm48
cb481341-98d9-4058-8beb-6073ccf4aa8f,Deposit_Account,Yes,2024-07-04,,1,1,1,,1,1,1,1,,,Yes,,Kano,,gmm48
ad11567a-191d-4f4d-9a4a-a88e539f0622,Deposit_Account,Yes,2024-07-04,,1,1,1,,,1,1,1,,,Yes,,Kano,,gmm48
987808c8-35d5-4c57-8a55-91902313464d,Deposit_Account,Yes,2024-07-04,,1,1,1,,1,1,1,1,,,Yes,,Kano,,gmm48
9c4be01d-87c7-4a52-9ea4-bd9c6f1d594e,Deposit_Account,Yes,2024-07-04,,1,1,1,,1,1,1,1,,,Yes,,Kano,,gmm48
38b66f17-55a2-4459-b65c-4320de393eda,Deposit_Account,Yes,2024-07-04,,1,1,1,,1,1,1,1,,,Yes,,Kano,,gmm48
ae60f5b3-a2a7-462e-9d72-c0412b9e3846,Deposit_Account,Yes,2024-07-04,,1,1,1,,1,1,1,1,,,Yes,,Kano,,gmm48
59cf7356-5de3-434b-9804-57c6aa9f6305,Deposit_Account,Yes,2024-07-04,,1,1,1,,1,1,1,1,,,Yes,,Kano,,gmm48
afc7354f-db10-4756-9dfe-b200ac2ef713,Deposit_Account,Yes,2024-07-04,,1,1,1,,1,1,1,1,,,Yes,,Kano,,gmm48
480d8409-f060-4d5b-b317-53d707605593,Deposit_Account,Yes,2024-07-04,,1,1,1,,1,1,1,1,,,Yes,,Kano,,gmm48
3551794d-2d45-400e-bbb7-bd7f2628130c,Deposit_Account,Yes,2024-07-04,,1,1,1,,1,1,1,1,,,Yes,,Kano,,gmm48
e558fb0a-6e57-4202-b10b-5068bca0d9e0,Deposit_Account,Yes,2024-07-04,,1,1,1,,1,1,1,1,,,Yes,,Kano,,gmm48
2b0a4a30-33ee-48d2-8378-11dc54902926,Deposit_Account,Yes,2024-07-04,,1,1,1,,1,1,1,1,,,Yes,,Kano,,gmm48
b65dfdbc-fc71-4508-8a22-d07de8d97db9,Deposit_Account,Yes,2024-07-04,,1,1,1,,1,1,1,1,,,Yes,,Kano,,gmm48
23389b06-ea53-458d-b506-9c5505dc5136,Deposit_Account,Yes,2024-07-04,,1,1,1,,1,1,1,1,,,Yes,,Kano,,gmm48
e90038f9-0317-4563-aaf7-5fba29068eb4,Deposit_Account,Yes,2024-07-04,,1,1,1,,1,1,1,1,,,Yes,,Kano,,gmm48
e0b14290-ba2f-436d-9cbb-5a838c17bab5,Deposit_Account,Yes,2024-07-04,,1,1,1,,1,1,1,1,,,Yes,,Kano,,gmm48
b6213698-95f4-46ed-8366-f4ff306f51bf,Deposit_Account,Yes,2024-07-04,,1,1,1,,1,1,1,1,,,Yes,,Kano,,gmm48
3b91d3ef-746d-48fc-a287-7f213e8ec139,Deposit_Account,Yes,2024-07-04,,1,1,1,,1,1,1,1,,,Yes,,Kano,,gmm48
89df7dd3-2e39-45c5-bbde-46260229038e,Deposit_Account,Yes,2024-07-04,,1,1,1,,1,1,1,1,,,Yes,,Kano,,gmm48
591c6b81-e9e6-462a-8f85-29c78d14e7ca,Deposit_Account,Yes,2024-07-04,,1,1,1,,1,1,1,1,,,Yes,,Kano,,gmm48
7c9c08de-fda8-4d62-8454-726e7211331f,Deposit_Account,Yes,2024-07-04,,1,1,1,,1,1,1,1,,,Yes,,Kano,,gmm48
7d4cd77b-6e89-4eb8-9f76-9014c037cf11,Deposit_Account,Yes,2024-07-04,,1,1,1,,1,1,1,1,,,Yes,,Kano,,gmm48
d3e06d75-d20b-4a71-8b4a-58c1fe47089f,Deposit_Account,Yes,2024-07-04,,1,1,1,,1,1,1,1,,,Yes,,Kano,,gmm48
f4556fbe-51b5-48ec-9add-fc7c2a690ecf,Deposit_Account,Yes,2024-07-04,,1,1,1,,1,1,1,1,,,Yes,,Kano,,gmm48
25177c9a-2f57-4bd7-b572-0f7588c35e17,Deposit_Account,Yes,2024-07-04,,1,1,1,,1,1,1,1,,,Yes,,Kano,,gmm48
28203074-cd45-4352-bac0-3e3464858c88,Deposit_Account,Yes,2024-07-04,,1,1,1,,1,1,1,1,,,Yes,,Kano,,gmm48
ac24c7b8-8504-4c40-b9db-d1c71b7438d9,Deposit_Account,Yes,2024-07-04,,1,1,1,,1,1,1,1,,,Yes,,Kano,,gmm48
2df3c0ff-8c43-4621-96f4-9923f0bd64e7,Deposit_Account,Yes,2024-07-04,,1,1,1,,1,1,1,1,,,Yes,,Kano,,gmm48
60c4c17f-16e8-46ab-adbd-2c2a859e3303,Deposit_Account,Yes,2024-07-04,,1,1,1,,1,1,1,1,,,Yes,,Kano,,gmm48
5b0b3894-41de-4d16-846d-4f6c797fb6c6,Deposit_Account,Yes,2024-07-04,,1,1,1,,1,1,1,1,,,Yes,,Kano,,gmm48
eb0c0e00-0c5f-4a2b-926a-15ada57ec089,Deposit_Account,Yes,2024-07-04,,1,1,1,,1,1,1,1,,,Yes,,Kano,,gmm48
d1b396f8-00da-4009-a31e-d8c52ef7ec9d,Deposit_Account,Yes,2024-07-04,,1,1,1,,1,1,1,1,,,Yes,,Kano,,gmm48
ee2fd7a4-a76a-4ce1-bedc-5f6f051f0cae,Deposit_Account,Yes,2024-07-04,,1,1,1,,1,1,1,1,,,Yes,,Kano,,gmm48
c167cb74-3f32-401b-bfc6-bbe0d75561d8,Deposit_Account,Yes,2024-07-04,,1,1,1,,1,1,1,1,,,Yes,,Kano,,gmm48
3aca56ae-26e0-4c28-971a-ce1a21b78d27,Deposit_Account,Yes,2024-07-04,,1,1,1,,1,1,1,1,,,Yes,,Kano,,gmm48
c9d9220d-dbc9-4d69-ad56-19904b286b16,Deposit_Account,Yes,2024-07-04,,1,1,1,,1,1,1,1,,,Yes,,Kano,,gmm48
c38f3c4a-5f7b-4042-b0e8-d8f381c1e54f,Deposit_Account,Yes,2024-07-04,,1,1,1,,1,1,1,1,,,Yes,,Kano,,gmm48
a50c04f7-62fa-4faf-afe8-608dab5d0ca0,Deposit_Account,Yes,2024-07-04,,1,1,1,,1,1,1,1,,,Yes,,Kano,,gmm48
9f98c516-12c1-4f27-ac37-81b73babda7d,Deposit_Account,Yes,2024-07-04,,1,1,1,,1,1,1,1,,,Yes,,Kano,,gmm48
0bf48060-d2f3-413d-897a-733f19331cdd,Deposit_Account,Yes,2024-07-04,,1,1,1,,1,1,1,1,,,Yes,,Kano,,gmm48
7f946c9d-a972-45ba-b4ad-e4591d39e80e,Deposit_Account,Yes,2024-07-04,,1,1,1,,1,1,1,1,,,Yes,,Kano,,gmm48
aa5f6fdf-5fbc-440b-971a-5af586e5cbda,Deposit_Account,Yes,2024-07-04,,1,1,1,,1,1,1,1,,,Yes,,Kano,,gmm48
917d125c-30ab-4429-acd9-d06fc4c979c0,Deposit_Account,Yes,2024-07-04,,1,1,1,,1,1,1,1,,,Yes,,Kano,,gmm48
33a070af-bdcc-41f3-ba8f-c98eb11f344a,Deposit_Account,Yes,2024-07-04,,1,1,1,,1,1,1,1,,,Yes,,Kano,,gmm48
9747f158-44cd-42e0-a9f4-3fe04a02a25f,Deposit_Account,Yes,2024-07-04,,1,1,1,,1,1,1,1,,,Yes,,Kano,,gmm48
b9badf19-07f1-466f-bf1d-c91e807cca68,Deposit_Account,Yes,2024-07-04,,1,1,1,,1,1,1,1,,,Yes,,Kano,,gmm48
9ccf0e1b-e3c3-4dee-b300-276fd8346159,Deposit_Account,Yes,2024-07-04,,1,1,1,,1,1,1,1,,,Yes,,Kano,,gmm49
ec4c94e7-0976-4fad-9284-59cc0aef6be8,Deposit_Account,Yes,2024-07-04,,1,1,1,,1,1,1,1,,,Yes,,Kano,,gmm49
5e3c85ec-b95e-43eb-b495-3c57523c63a6,Deposit_Account,Yes,2024-07-04,,1,1,1,,1,1,1,1,,,Yes,,Kano,,gmm49
73f10d7b-45d0-42dd-aecf-859224f31195,Deposit_Account,Yes,2024-07-04,,1,1,1,,1,1,1,1,,,Yes,,Kano,,gmm49
71e8ae4f-809f-42ef-b68a-cf1c351f3a2c,Deposit_Account,Yes,2024-07-04,,1,1,1,,1,1,1,1,,,Yes,,Kano,,gmm49
cd0cb7fa-a429-41aa-b159-056a27490b14,Deposit_Account,Yes,2024-07-04,,1,1,1,,1,1,1,1,,,Yes,,Kano,,gmm49
5201c36b-5587-46a5-9b2c-f1eee15bf331,Deposit_Account,Yes,2024-07-04,,1,1,1,,1,1,1,1,,,Yes,,Kano,,gmm49
3a413ace-1012-4841-9795-e1f6609b0191,Deposit_Account,Yes,2024-07-04,,1,1,1,,1,1,1,1,,,Yes,,Kano,,gmm49
9de296ad-399d-4cf5-80a3-3eb8ee75998b,Deposit_Account,Yes,2024-07-04,,1,1,1,,1,1,1,1,,,Yes,,Kano,,gmm49
9234a8f9-4727-41a0-bcf1-f92b2eb716ea,Deposit_Account,Yes,2024-07-04,,1,1,1,,1,1,1,1,,,Yes,,Kano,,gmm49
28cb7845-33e1-4232-a8f6-25d2e7fb24d6,Deposit_Account,Yes,2024-07-04,,1,1,1,,1,1,1,1,,,Yes,,Kano,,gmm49
73fd340c-2a5a-4714-9bf3-e4978860adb1,Deposit_Account,Yes,2024-07-04,,1,1,1,,1,1,1,1,,,Yes,,Kano,,gmm49
61a74340-c17e-4617-ab60-fa89ddba3e13,Deposit_Account,Yes,2024-07-04,,1,1,1,,1,1,1,1,,,Yes,,Kano,,gmm49
141a7901-feb0-48cb-9ad6-b284edc969a5,Deposit_Account,Yes,2024-07-04,,1,1,1,,1,1,1,1,,,Yes,,Kano,,gmm49
98dc883f-7a7c-456a-90fe-0127dff304fb,Deposit_Account,Yes,2024-07-04,,1,1,1,,1,1,1,1,,,Yes,,Kano,,gmm49
d2d9ffc0-63d6-4f11-bf63-53e4941093c2,Deposit_Account,Yes,2024-07-04,,1,1,1,,1,1,1,1,,,Yes,,Kano,,gmm49
52551e30-6cc4-4941-8054-f750dd1ea876,Deposit_Account,Yes,2024-07-04,,1,1,1,,1,1,1,1,,,Yes,,Kano,,gmm49
d0ba999d-245d-4525-9f5d-3c413b841073,Deposit_Account,Yes,2024-07-04,,1,1,1,,1,1,1,1,,,Yes,,Kano,,gmm49
6ec12f98-61b7-4aab-936d-be76a932e43a,Deposit_Account,Yes,2024-07-04,,1,1,1,,1,1,1,1,,,Yes,,Kano,,gmm49
9dc8ab78-a064-485b-b713-eee749be64e9,Deposit_Account,Yes,2024-07-04,,1,1,1,,1,1,1,1,,,Yes,,Kano,,gmm49
0ce9386e-2223-4cf9-ade7-73fafe1931f5,Deposit_Account,Yes,2024-07-04,,1,1,1,,1,1,1,1,,,Yes,,Kano,,gmm49
0d3d402e-785a-4eb7-a160-cdb2a68d814f,Deposit_Account,Yes,2024-07-04,,1,1,1,,1,1,1,1,,,Yes,,Kano,,gmm49
696581f8-86e4-4bbf-a91f-5cde9c805856,Deposit_Account,Yes,2024-07-04,,1,1,1,,1,1,1,1,,,Yes,,Kano,,gmm49
fd8a5715-746e-416d-a189-0028036c6e65,Deposit_Account,Yes,2024-07-04,,1,1,1,,1,1,1,1,,,Yes,,Kano,,gmm49
90b5f63b-ceb1-4bdf-ae20-c88352e67195,Deposit_Account,Yes,2024-08-04,,1,1,1,,1,1,1,1,,,Yes,,Kano,,gmm49
c61404da-f606-4d78-b4da-72749d3963f8,Deposit_Account,Yes,2024-08-04,,1,1,1,,1,1,1,1,,,Yes,,Kano,,gmm49
18113651-05a5-4081-851f-d921c7c1fde0,Deposit_Account,Yes,2024-08-04,,1,1,1,,1,1,1,1,,,Yes,,Kano,,gmm49
9a1bde02-d043-4fca-977e-b27b2bc18083,Deposit_Account,Yes,2024-08-04,,1,1,1,,1,1,1,1,,,Yes,,Kano,,gmm49
70cae84a-c87c-4b5a-97e7-b5c19df0a25e,Deposit_Account,Yes,2024-08-04,,1,1,1,,1,1,1,1,,,Yes,,Kano,,gmm49
09675113-1d1a-4815-b670-b2fe38d54d25,Deposit_Account,Yes,2024-08-04,,1,1,1,,1,1,1,1,,,Yes,,Kano,,gmm49
fa090485-d3fb-465e-af21-0a5ef5be04e6,Deposit_Account,Yes,2024-08-04,,1,1,1,,1,1,1,1,,,Yes,,Kano,,gmm49
6973cb8f-d807-40e3-861b-dc44f74ccffb,Deposit_Account,Yes,2024-08-04,,1,1,1,,1,1,1,1,,,Yes,,Kano,,gmm49
3a4b2b95-03c5-4ce4-bdc2-c1455eeb2075,Deposit_Account,Yes,2024-08-04,,1,1,1,,1,1,1,1,,,Yes,,Kano,,gmm49
adcbaf69-c53c-4a0c-906f-2813176b7089,Deposit_Account,Yes,2024-08-04,,1,1,1,,1,1,1,1,,,Yes,,Kano,,gmm49
17d8be46-eb0a-4b18-8839-d122a15ceb54,Deposit_Account,Yes,2024-08-04,,1,1,1,,1,1,1,1,,,Yes,,Kano,,gmm49
891d7342-9e42-45ff-933a-d2ea14bdf543,Deposit_Account,Yes,2024-08-04,,1,1,1,,1,1,1,1,,,Yes,,Kano,,gmm49
e5425748-b63d-4025-b091-33b907c92b94,Deposit_Account,Yes,2024-08-04,,1,1,1,,1,1,1,1,,,Yes,,Kano,,gmm49
9502cd91-b9b8-4a06-afbb-531dcc244bb2,Deposit_Account,Yes,2024-08-04,,1,1,1,,1,1,1,1,,,Yes,,Kano,,gmm49
845405a4-1bc2-4544-8295-5a87f9912473,Deposit_Account,Yes,2024-08-04,,1,1,1,,1,1,1,1,,,Yes,,Kano,,gmm49
2530034a-5095-4be1-9b55-7143b9186eae,Deposit_Account,Yes,2024-08-04,,1,1,1,,1,1,1,1,,,Yes,,Kano,,gmm49
034c4d27-8838-45d4-a6fa-61e2c70e10f0,Deposit_Account,Yes,2024-08-04,,1,1,1,,1,1,1,1,,,Yes,,Kano,,gmm49
66b6e9fb-4ba9-49c8-ba30-841fd4e16131,Deposit_Account,Yes,2024-08-04,,1,1,1,,1,1,1,1,,,Yes,,Kano,,gmm49
af97d1bf-1c86-45a8-ac1f-aafb93658109,Deposit_Account,Yes,2024-08-04,,1,1,1,,1,1,1,1,,,Yes,,Kano,,gmm49
69e46789-1443-46aa-83e2-2b8ac8faa4b0,Deposit_Account,Yes,2024-08-04,,1,1,1,,1,1,1,1,,,Yes,,Kano,,gmm49
d5fba1db-3fc1-4788-8df4-8fe29f3d0373,Deposit_Account,Yes,2024-08-04,,1,1,1,,1,1,1,1,,,Yes,,Kano,,gmm49
0a03e2ce-2bb9-424f-9814-76f2f46b4c60,Deposit_Account,Yes,2024-08-04,,1,1,1,,1,1,1,1,,,Yes,,Kano,,gmm49
7ecc8f5c-996f-4569-b901-f6498de76ac2,Deposit_Account,Yes,2024-08-04,,1,1,1,,1,1,1,1,,,Yes,,Kano,,gmm49
7bff7deb-792b-48f4-8b58-096c94d438a9,Deposit_Account,Yes,2024-08-04,,1,1,1,,1,1,1,1,,,Yes,,Kano,,gmm49
5a600c46-e1a6-4a20-87eb-b8f4b8755f92,Deposit_Account,Yes,2024-08-04,,1,1,1,,1,1,1,1,,,Yes,,Kano,,gmm49
fc930222-de1b-451b-a54c-ac066fa8de5e,Deposit_Account,Yes,2024-08-04,,1,1,1,,1,1,1,1,,,Yes,,Kano,,gmm49
50d77476-8f75-456d-a330-c4cbb70b2272,Deposit_Account,Yes,2024-08-04,,1,1,1,,1,1,1,1,,,Yes,,Kano,,gmm49
6f51f0c1-f309-4d36-ba78-226eafdd8cff,Deposit_Account,Yes,2024-08-04,,1,1,1,,1,1,1,1,,,Yes,,Kano,,gmm49
462f5327-136c-418d-9349-c3c4079ceeb9,Deposit_Account,Yes,2024-08-04,,1,1,1,,1,1,1,1,,,Yes,,Kano,,gmm49
0438c60b-88f5-4caf-9cce-0f7ef053c803,Deposit_Account,Yes,2024-08-04,,1,1,1,,1,1,1,1,,,Yes,,Kano,,gmm49
32ea72f3-4e2d-4c67-b7e1-d6720e1b3418,Deposit_Account,Yes,2024-08-04,,1,1,1,,1,1,1,1,,,Yes,,Kano,,gmm49
4fa77e96-a28e-4ce6-a02b-26523d14b750,Deposit_Account,Yes,2024-07-04,,1,1,1,,1,1,1,1,,,Yes,,Kano,,gmm49
25c34d21-81e1-4f84-9635-458eff2c01e0,Deposit_Account,Yes,2024-07-04,,1,1,1,,1,1,1,1,,,Yes,,Kano,,gmm49
7df5887b-229a-4c2d-955b-f5477eb532f5,Deposit_Account,Yes,2024-07-04,,1,1,1,,1,1,1,1,,,Yes,,Kano,,gmm49
0359808c-7353-4d7f-b7f3-97f47dc2f6b5,Deposit_Account,Yes,2024-07-04,,1,1,1,,1,1,1,1,,,Yes,,Kano,,gmm49
244f9602-7a6b-4e3c-8a3b-a6274b6ac142,Deposit_Account,Yes,2024-07-04,,1,1,1,,1,1,1,1,,,Yes,,Kano,,gmm49
83062b54-1676-4ad2-b99f-6b67463cd6a5,Deposit_Account,Yes,2024-07-04,,1,1,1,,1,1,1,1,,,Yes,,Kano,,gmm49
f6382f5e-af08-4f7c-b4b2-0568cb7d2424,Deposit_Account,Yes,2024-07-04,,1,1,1,,1,1,1,1,,,Yes,,Kano,,gmm49
0bbf7642-7773-4aec-b253-594f99eb92da,Deposit_Account,Yes,2024-07-04,,1,1,1,,1,1,1,1,,,Yes,,Kano,,gmm49
1b9e499d-521c-41cb-9dc7-1b0482575be8,Deposit_Account,Yes,2024-07-04,,1,1,1,,1,1,1,1,,,Yes,,Kano,,gmm49
f75f0a86-e830-42ed-96ad-474cfdfa2668,Deposit_Account,Yes,2024-07-04,,1,1,1,,1,1,1,1,,,Yes,,Kano,,gmm49
4bec1bc7-0588-499a-b571-75281d2cd556,Deposit_Account,Yes,2024-07-04,,1,1,1,,1,1,1,1,,,Yes,,Kano,,gmm49
257aa4af-93dd-40e6-a7ee-d401b1c29dd3,Deposit_Account,Yes,2024-07-04,,1,1,1,,1,1,1,1,,,Yes,,Kano,,gmm49
08766ec1-8d54-4e1e-a506-7dd1ea03b0fa,Deposit_Account,Yes,2024-07-04,,1,1,1,,1,1,1,1,,,Yes,,Kano,,gmm49
2dcea70a-5831-4646-98e7-0414b97a253f,Deposit_Account,Yes,2024-07-04,,1,1,1,,1,1,1,1,,,Yes,,Kano,,gmm49
e05ffb81-617a-4021-b195-7fa5eefd1a33,Deposit_Account,Yes,2024-07-04,,1,1,1,,1,1,1,1,,,Yes,,Kano,,gmm49
f658a9b9-acb7-48e0-9ff4-d67766776ff4,Deposit_Account,Yes,2024-07-04,,1,1,1,,1,1,1,1,,,Yes,,Kano,,gmm49
712570a3-720b-4642-a667-e2b2d24d2012,Deposit_Account,Yes,2024-07-04,,1,1,1,,1,1,1,1,,,Yes,,Kano,,gmm49
8a93743a-77b6-4f31-a01b-1d6045593b94,Deposit_Account,Yes,2024-07-04,,1,1,1,,1,1,1,1,,,Yes,,Kano,,gmm49
87bb7026-b40c-4093-9f51-b1c9be647820,Deposit_Account,Yes,2024-07-04,,1,1,1,,1,1,1,1,,,Yes,,Kano,,gmm49
eb036086-6cf3-400b-8f9c-4e3e406756bf,Deposit_Account,Yes,2024-07-04,,1,1,1,,1,1,1,1,,,Yes,,Kano,,gmm49
8a592d72-a9c3-4e92-bfcf-a45333670029,Deposit_Account,Yes,2024-07-04,,1,1,1,,1,1,1,1,,,Yes,,Kano,,gmm49
c6a53eb8-37a9-45ab-a570-0a211511e06c,Deposit_Account,Yes,2024-07-04,,1,1,1,,1,1,1,1,,,Yes,,Kano,,gmm49
e97e024d-fb39-4867-ae65-94efa7b9a8fd,Deposit_Account,Yes,2024-07-04,,1,1,1,,1,1,1,1,,,Yes,,Kano,,gmm49
b40982b8-312b-42d9-97e0-5e8049660113,Deposit_Account,Yes,2024-07-04,,1,1,1,,1,1,1,1,,,Yes,,Kano,,gmm49
19912307-c5c3-45e1-b52f-44c334f49188,Deposit_Account,Yes,2024-07-04,,1,1,1,,1,1,1,1,,,Yes,,Kano,,gmm49
578695e9-035f-4e27-8773-d63e4738143e,Deposit_Account,Yes,2024-07-04,,1,1,1,,1,1,1,1,,,Yes,,Kano,,gmm49
b3c1389a-712a-4cb4-8f6a-bbf91e5497e3,Deposit_Account,Yes,2024-07-04,,1,1,1,,1,1,1,1,,,Yes,,Kano,,gmm49
522847e6-782a-4f9c-9bfb-3a43eb40e8ad,Deposit_Account,Yes,2024-07-04,,1,1,1,,1,1,1,1,,,Yes,,Kano,,gmm49
a5b28061-74c2-49e1-af43-be188bca1277,Deposit_Account,Yes,2024-07-04,,1,1,1,,1,1,1,1,,,Yes,,Kano,,gmm49
13fe2ce1-a9ae-43d6-8301-682329007591,Deposit_Account,Yes,2024-07-04,,1,1,1,,1,1,1,1,,,Yes,,Kano,,gmm49
5607e088-4db6-4925-bfc3-4c2bbc688d8a,Deposit_Account,Yes,2024-07-04,,1,1,1,,1,1,1,1,,,Yes,,Kano,,gmm49
ebdd5e9f-c99c-4aea-88d7-53679e44f437,Deposit_Account,Yes,2024-07-04,,1,1,1,,1,1,1,1,,,Yes,,Kano,,gmm49
0c868c07-fc3a-433f-acd4-7c6224c0dfbe,Deposit_Account,Yes,2024-07-04,,1,1,1,,1,1,1,1,,,Yes,,Kano,,gmm49
aae4d426-bbcb-49d0-b035-7d0cccbaa17a,Deposit_Account,Yes,2024-07-04,,1,1,1,,1,1,1,1,,,Yes,,Kano,,gmm49
122738e3-93a5-4ffb-bac4-10e524b2a3bd,Deposit_Account,Yes,2024-07-04,,1,1,1,,1,1,1,1,,,Yes,,Kano,,gmm49
6d755c0e-aede-4009-8c2a-bb897d122413,Deposit_Account,Yes,2024-07-04,,1,1,1,,1,1,1,1,,,Yes,,Kano,,gmm49
28808e2e-57f6-4ec5-a751-1ee780bdda8f,Deposit_Account,Yes,2024-07-04,,1,1,1,,1,1,1,1,,,Yes,,Kano,,gmm49
ba219702-060e-4923-af28-cf38089f15df,Deposit_Account,Yes,2024-07-04,,1,1,1,,1,1,1,1,,,Yes,,Kano,,gmm49
4b04ccb4-f213-4389-afdc-c43c23c8a286,Deposit_Account,Yes,2024-07-04,,1,1,1,,1,1,1,1,,,Yes,,Kano,,gmm49
80ba17a3-f869-4793-9b7e-d46c1b68c6a1,Deposit_Account,Yes,2024-07-04,,1,1,1,,1,1,1,1,,,Yes,,Kano,,gmm49
45c14a79-c6d1-499b-9052-d4a5d06a54d0,Deposit_Account,Yes,2024-07-04,,1,1,1,,1,1,1,1,,,Yes,,Kano,,gmm49
6fec8769-85f3-4bb2-974c-b0c9aca87814,Deposit_Account,Yes,2024-07-04,,1,1,1,,1,1,1,1,,,Yes,,Kano,,gmm49
af919f03-e0d6-44fc-926b-a15e8de7f45e,Deposit_Account,Yes,2024-07-04,,1,1,1,,1,1,1,1,,,Yes,,Kano,,gmm49
c99cc091-1ca8-4a89-8649-38021036f2dc,Deposit_Account,Yes,2024-07-04,,1,1,1,,1,1,1,1,,,Yes,,Kano,,gmm49
4ffa37d0-e489-4829-8858-79352b98be1c,Deposit_Account,Yes,2024-07-04,,1,1,1,,1,1,1,1,,,Yes,,Kano,,gmm50
7541cb0b-d41e-454b-885e-74ec9bb600e8,Deposit_Account,Yes,2024-07-04,,1,1,1,,1,1,1,1,,,Yes,,Kano,,gmm50
a19c60ff-6a5e-4731-99c6-7c0b572ab9be,Deposit_Account,Yes,2024-07-04,,1,1,1,,1,1,1,1,,,Yes,,Kano,,gmm50
60f5d7aa-f08a-432c-ae6b-98bee6ef282e,Deposit_Account,Yes,2024-07-04,,1,1,1,,1,1,1,1,,,Yes,,Kano,,gmm50
af4632f5-c95d-44d1-aa90-6afa6bae2930,Deposit_Account,Yes,2024-07-04,,1,1,1,,1,1,1,1,,,Yes,,Kano,,gmm50
170bffa7-c8eb-4eb8-b582-a1a33bcb3fbe,Deposit_Account,Yes,2024-07-04,,1,1,1,,1,1,1,1,,,Yes,,Kano,,gmm50
f19cae70-c05e-48b2-9ec6-4cb7cad79941,Deposit_Account,Yes,2024-07-04,,1,1,1,,1,1,1,1,,,Yes,,Kano,,gmm50
e314ffe4-f9be-40ad-bc81-39cb1a15d069,Deposit_Account,Yes,2024-07-04,,1,1,1,,1,1,1,1,,,Yes,,Kano,,gmm50
31befef0-c3de-4925-8877-7aca625e80c1,Deposit_Account,Yes,2024-07-04,,1,1,1,,1,1,1,1,,,Yes,,Kano,,gmm50
6a48f938-94bc-447c-bcbf-33cdc3ea8823,Deposit_Account,Yes,2024-07-04,,1,1,1,,1,1,1,1,,,Yes,,Kano,,gmm50
d8f960c5-bb48-47e3-a9cc-68583d379ee6,Deposit_Account,Yes,2024-07-04,,1,1,1,,1,1,1,1,,,Yes,,Kano,,gmm50
17b7ebce-e544-4ae1-aae9-45e7a79b962d,Deposit_Account,Yes,2024-07-04,,1,1,1,,1,1,1,1,,,Yes,,Kano,,gmm50
b09225cf-0920-427c-baf0-071134b7df15,Deposit_Account,Yes,2024-07-04,,1,1,1,,1,1,1,1,,,Yes,,Kano,,gmm50
9b6c4cf5-a84f-464a-a572-1c3b5fabc7c6,Deposit_Account,Yes,2024-07-04,,1,1,1,,1,1,1,1,,,Yes,,Kano,,gmm50
0bdf653f-6a1d-47c2-9f6d-c07fba631bb7,Deposit_Account,Yes,2024-07-04,,1,1,1,,1,1,1,1,,,Yes,,Kano,,gmm50
0f2d3c05-2c9d-4b37-9c32-9351c46b3b71,Deposit_Account,Yes,2024-07-04,,1,1,1,,1,1,1,1,,,Yes,,Kano,,gmm50
dd22774f-18b7-4a70-a670-0ba5c214542d,Deposit_Account,Yes,2024-07-04,,1,1,1,,1,1,1,1,,,Yes,,Kano,,gmm50
d501a3e3-be09-4497-b4b7-3233b818df4e,Deposit_Account,Yes,2024-07-04,,1,1,1,,1,1,1,1,,,Yes,,Kano,,gmm50
1c45aafc-219c-4074-bbb0-f7712f97b4fd,Deposit_Account,Yes,2024-07-04,,1,1,1,,1,1,1,1,,,Yes,,Kano,,gmm50
b385ec5d-ac3e-4a7d-8121-0d02b3924fd9,Deposit_Account,Yes,2024-07-04,,1,1,1,,1,1,1,1,,,Yes,,Kano,,gmm50
472dba41-2d2f-4ecf-9eba-cb7695d70419,Deposit_Account,Yes,2024-07-04,,1,1,1,,1,1,1,1,,,Yes,,Kano,,gmm50
c112c4e9-f8e7-4f65-a202-9aa28779819f,Deposit_Account,Yes,2024-07-04,,1,1,1,,1,1,1,1,,,Yes,,Kano,,gmm50
5aed5f42-8a96-4c73-aa25-4bde1a4c499f,Deposit_Account,Yes,2024-07-04,,1,1,1,,1,1,1,1,,,Yes,,Kano,,gmm50
1cbd1f18-b55b-41fa-a67c-f157dd164038,Deposit_Account,Yes,2024-07-04,,1,1,1,,1,1,1,1,,,Yes,,Kano,,gmm50
56e6bafe-64f3-4092-b208-5629439a2e29,Deposit_Account,Yes,2024-07-04,,1,1,1,,1,1,1,1,,,Yes,,Kano,,gmm50
56909f75-392c-444b-8e61-c4c4cb8257d4,Deposit_Account,Yes,2024-07-04,,1,1,1,,1,1,1,1,,,Yes,,Kano,,gmm50
dd22c9a4-7eab-4ed6-b241-f54a3b79cd45,Deposit_Account,Yes,2024-07-04,,1,1,1,,1,1,1,1,,,Yes,,Kano,,gmm50
80425a10-7f28-45e3-936d-9e7e6455a6b5,Deposit_Account,Yes,2024-07-04,,1,1,1,,1,1,1,1,,,Yes,,Kano,,gmm50
beb21b40-e7e9-44f3-9abd-48b7e27377b0,Deposit_Account,Yes,2024-07-04,,1,1,1,,1,1,1,1,,,Yes,,Kano,,gmm50
414f9cbf-e92a-45e6-9b7f-ee81d9c916e9,Deposit_Account,Yes,2024-07-04,,1,1,1,,1,1,1,1,,,Yes,,Kano,,gmm50
a31ca594-6e41-438c-bd2b-88b245636dce,Deposit_Account,Yes,2024-07-04,,1,1,1,,1,1,1,1,,,Yes,,Kano,,gmm50
68675cab-8a62-4045-8b7b-1cd9c8fa36a8,Deposit_Account,Yes,2024-07-04,,1,1,1,,1,1,1,1,,,Yes,,Kano,,gmm50
856dde76-b0ec-4151-afae-584f98a92735,Deposit_Account,Yes,2024-07-04,,1,1,1,,1,1,1,1,,,Yes,,Kano,,gmm50
accecda6-257d-4777-858b-11f73ffd7ef4,Deposit_Account,Yes,2024-07-04,,1,1,1,,1,1,1,1,,,Yes,,Kano,,gmm50
e2e1b720-36d1-4243-9572-8e9722455484,Deposit_Account,Yes,2024-07-04,,1,1,1,,1,1,1,1,,,Yes,,Kano,,gmm50
f799b4c8-cb2d-441b-9b85-9446832e7f6f,Deposit_Account,Yes,2024-07-04,,1,1,1,,1,1,1,1,,,Yes,,Kano,,gmm50
de59053e-d08d-4eb2-a0ea-3d95e7c830a3,Deposit_Account,Yes,2024-07-04,,1,1,1,,1,1,1,1,,,Yes,,Kano,,gmm50
6d30c86e-a540-4ab4-912c-907c7ea70eb5,Deposit_Account,Yes,2024-07-04,,1,1,1,,1,1,1,1,,,Yes,,Kano,,gmm50
b52ca791-f0c8-4cb9-a9ca-3ad376eac3cf,Deposit_Account,Yes,2024-07-04,,1,1,1,,1,1,1,1,,,Yes,,Kano,,gmm50
d76041c2-27fc-4a50-bb19-ed6953f29e3c,Deposit_Account,Yes,2024-07-04,,1,1,1,,1,1,1,1,,,Yes,,Kano,,gmm50
b8fd6aaa-cf2a-43b2-a842-9b5724001b23,Deposit_Account,Yes,2024-07-04,,1,1,1,,1,1,1,1,,,Yes,,Kano,,gmm50
2a893b52-0f5e-47d1-b0ee-14f5a6ff333b,Deposit_Account,Yes,2024-07-04,,1,1,1,,1,1,1,1,,,Yes,,Kano,,gmm50
c2e853b8-8d67-45f2-9ca0-d9e4fe1d2d09,Deposit_Account,Yes,2024-07-04,,1,1,1,,1,1,1,1,,,Yes,,Kano,,gmm50
8de4ef48-d7f4-4dde-b6db-a81a16baf8a9,Deposit_Account,Yes,2024-07-04,,1,1,1,,1,1,1,1,,,Yes,,Kano,,gmm50
56c21623-1d22-4d7f-a15e-5acfe6d44aa4,Deposit_Account,Yes,2024-07-04,,1,1,1,,1,1,1,1,,,Yes,,Kano,,gmm50
8fda1e61-59dd-47ca-bc08-8f25833c2776,Deposit_Account,Yes,2024-07-04,,1,1,1,,1,1,1,1,,,Yes,,Kano,,gmm50
84f0d60f-5514-4c2b-8fcc-66dcfa32fefc,Deposit_Account,Yes,2024-07-04,,1,1,1,,1,1,1,1,,,Yes,,Kano,,gmm50
d9b3c551-5c89-4979-bea6-93c836135c1c,Deposit_Account,Yes,2024-07-04,,1,1,1,,1,1,1,1,,,Yes,,Kano,,gmm50
d1e834e4-0906-4a42-a820-3a4f4110ce18,Deposit_Account,Yes,2024-07-04,,1,1,1,,1,1,1,1,,,Yes,,Kano,,gmm50
0fcc24af-96fa-4055-8a90-817ebddbca3f,Deposit_Account,Yes,2024-07-04,,1,1,1,,1,1,1,1,,,Yes,,Kano,,gmm50
1655efe8-42eb-4cdc-9e20-dae5ae05d917,Deposit_Account,Yes,2024-07-04,,1,1,1,,1,1,1,1,,,Yes,,Kano,,gmm50
78a01216-ffe1-454b-b5d9-32274aeed8c8,Deposit_Account,Yes,2024-07-04,,1,1,1,,1,1,1,1,,,Yes,,Kano,,gmm50
df1efc4b-107a-497a-ad1f-719f9ea1fd73,Deposit_Account,Yes,2024-07-04,,1,1,1,,1,1,1,1,,,Yes,,Kano,,gmm50
d6f571df-b067-45ba-9281-aeace567e7eb,Deposit_Account,Yes,2024-07-04,,1,1,1,,1,1,1,1,,,Yes,,Kano,,gmm50
4e50a7fa-faaf-4819-91c8-a5fa37e64e81,Deposit_Account,Yes,2024-07-04,,1,1,1,,1,1,1,1,,,Yes,,Kano,,gmm50
2d4eb0f8-0dd4-439f-8e92-739a70300d3f,Deposit_Account,Yes,2024-07-04,,1,1,1,,1,1,1,1,,,Yes,,Kano,,gmm50
f65e12a5-62b9-4b5d-b50b-4d1afcc977de,Deposit_Account,Yes,2024-07-04,,1,1,1,,1,1,1,1,,,Yes,,Kano,,gmm50
d01a9aa7-86c6-495d-8c90-cb2cab686711,Deposit_Account,Yes,2024-07-04,,1,1,1,,1,1,1,1,,,Yes,,Kano,,gmm50
8727c55c-d92c-422b-a1a5-67877f8dadd2,Deposit_Account,Yes,2024-07-04,,1,1,1,,1,1,1,1,,,Yes,,Kano,,gmm50
bcc7e48a-daea-4c1b-b542-2cfbec646fda,Deposit_Account,Yes,2024-07-04,,1,1,1,,1,1,1,1,,,Yes,,Kano,,gmm50
f589f358-9a2f-44aa-a3d8-bf97476f9dce,Deposit_Account,Yes,2024-07-04,,1,1,1,,1,1,1,1,,,Yes,,Kano,,gmm50
07480ea2-db94-4a0f-8887-a712d7c9ecf0,Deposit_Account,Yes,2024-07-04,,1,1,1,,1,1,1,1,,,Yes,,Kano,,gmm50
38c3241c-23e1-4359-aeda-3f92cb2fb50a,Deposit_Account,Yes,2024-07-04,,1,1,1,,1,1,1,1,,,Yes,,Kano,,gmm50
58bd979e-8e68-4013-a8bc-a2242b1be2ab,Deposit_Account,Yes,2024-07-04,,1,1,1,,1,1,1,1,,,Yes,,Kano,,gmm50
d08602e8-072f-4c9a-b01c-a06d3ccc37a1,Deposit_Account,Yes,2024-07-04,,1,1,1,,1,1,1,1,,,Yes,,Kano,,gmm50
6568d7d3-fdc0-49bf-8acb-d99e61621a7c,Deposit_Account,Yes,2024-07-04,,1,1,1,,1,1,1,1,,,Yes,,Kano,,gmm50
f0e36912-d369-468e-826e-43830a8a2291,Deposit_Account,Yes,2024-07-04,,1,1,1,,1,1,1,1,,,Yes,,Kano,,gmm50
b671dfb6-aa50-4c2f-b7db-31ae66ed71c2,Deposit_Account,Yes,2024-07-04,,1,1,1,,1,1,1,1,,,Yes,,Kano,,gmm50
fc091a1b-d611-4912-b0ea-de49f341d5d5,Deposit_Account,Yes,2024-07-04,,1,1,1,,1,1,1,1,,,Yes,,Kano,,gmm50
4a2d3868-44ca-4e3b-8a43-e38a929b3ebc,Deposit_Account,Yes,2024-07-04,,1,1,1,,1,1,1,1,,,Yes,,Kano,,gmm50
78233f3c-66f3-45b4-a18d-2a70c6087de5,Deposit_Account,Yes,2024-07-04,,1,1,1,,1,1,1,1,,,Yes,,Kano,,gmm50
85c3c9fd-461f-402c-961b-7164477da26a,Deposit_Account,Yes,2024-07-04,,1,1,1,,1,1,1,1,,,Yes,,Kano,,gmm50
33a42ba5-97fe-4dd8-9261-84d6af758bc6,Deposit_Account,Yes,2024-07-04,,1,1,1,,1,1,1,1,,,Yes,,Kano,,gmm50
1c43a848-92e1-4361-bec7-d5701b158e86,Deposit_Account,Yes,2024-07-04,,1,1,1,,1,1,1,1,,,Yes,,Kano,,gmm50
699c37be-47ca-4efe-93b5-a955704bc27d,Deposit_Account,Yes,2024-07-04,,1,1,1,,1,1,1,1,,,Yes,,Kano,,gmm50
840e74b1-e6ff-4544-8451-803b9e738f0a,Deposit_Account,Yes,2024-07-04,,1,1,1,,1,1,1,1,,,Yes,,Kano,,gmm50
f93d0112-d409-49fd-90a8-032ab688cd3f,Deposit_Account,Yes,2024-07-04,,1,1,1,,1,1,1,1,,,Yes,,Kano,,gmm50
96493976-dc4b-4901-8d06-325dc336f4c7,Deposit_Account,Yes,2024-07-04,,1,1,1,,1,1,1,1,,,Yes,,Kano,,gmm50
cab1555d-7e16-4252-aeca-92c1bc769400,Deposit_Account,Yes,2024-07-04,,1,1,1,,1,1,1,1,,,Yes,,Kano,,gmm50
1a80fbf4-2636-4703-a4f5-610de229bfc6,Deposit_Account,Yes,2024-07-04,,1,1,1,,1,1,1,1,,,Yes,,Kano,,gmm50
b79abe72-fa4b-49cb-9eb9-8af36ffb4d5e,Deposit_Account,Yes,2024-07-04,,1,1,1,,1,1,1,1,,,Yes,,Kano,,gmm51
6cff1752-be99-4d6a-9a0a-3ab92aac0422,Deposit_Account,Yes,2024-07-04,,1,1,1,,1,1,1,1,,,Yes,,Kano,,gmm51
33135967-59e1-4362-9f94-7fe64fb9983b,Deposit_Account,Yes,2024-07-04,,1,1,1,,1,1,1,1,,,Yes,,Kano,,gmm51
b489c2f0-d3fc-4ab9-81c1-48a7cac8313c,Deposit_Account,Yes,2024-07-04,,1,1,1,,1,1,1,1,,,Yes,,Kano,,gmm51
8ccd96f4-55f9-4fa4-9f0d-6158256a6910,Deposit_Account,Yes,2024-07-04,,1,1,1,,1,1,1,1,,,Yes,,Kano,,gmm51
d93a9cd5-13ff-434d-8ff5-fe60bd372398,Deposit_Account,Yes,2024-07-04,,1,1,1,,1,1,1,1,,,Yes,,Kano,,gmm51
4c749da2-218b-45a0-8d6f-1171063de276,Deposit_Account,Yes,2024-07-04,,1,1,1,,1,1,1,1,,,Yes,,Kano,,gmm51
bb1e0716-9969-40d1-a39d-80f1f7f56421,Deposit_Account,Yes,2024-07-04,,1,1,1,,1,1,1,1,,,Yes,,Kano,,gmm51
77ae8b84-351c-4f52-9062-a2f29a45c39f,Deposit_Account,Yes,2024-07-04,,1,1,1,,1,1,1,1,,,Yes,,Kano,,gmm51
e1b15270-7826-40be-8bc4-059eef567c89,Deposit_Account,Yes,2024-07-04,,1,1,1,,1,1,1,1,,,Yes,,Kano,,gmm51
a8017cff-4651-4463-8657-1c442be62982,Deposit_Account,Yes,2024-07-04,,1,1,1,,1,1,1,1,,,Yes,,Kano,,gmm51
f3166e4e-1e4d-48b3-9b12-3861dfe95e7a,Deposit_Account,Yes,2024-07-04,,1,1,1,,1,1,1,1,,,Yes,,Kano,,gmm51
a279c9a6-41a3-4926-94cf-fedd80995cb4,Deposit_Account,Yes,2024-07-04,,1,1,1,,1,1,1,1,,,Yes,,Kano,,gmm51
bc735856-f979-42d8-b688-ac507d346085,Deposit_Account,Yes,2024-07-04,,1,1,1,,1,1,1,1,,,Yes,,Kano,,gmm51
1c35f277-52e1-45a6-ba27-e76634d8c4ca,Deposit_Account,Yes,2024-07-04,,1,1,1,,1,1,1,1,,,Yes,,Kano,,gmm51
3d38c31d-1d1c-49b7-bdd9-e6bc07d8ecf6,Deposit_Account,Yes,2024-07-04,,1,1,1,,1,1,1,1,,,Yes,,Kano,,gmm51
b5f5c170-cef2-46de-8b16-13bb573232bf,Deposit_Account,Yes,2024-07-04,,1,1,1,,1,1,1,1,,,Yes,,Kano,,gmm51
b6175cb1-712a-4fdb-9caf-d08e75720fd3,Deposit_Account,Yes,2024-07-04,,1,1,1,,1,1,1,1,,,Yes,,Kano,,gmm51
d8d1d710-d099-431d-b479-ddb0a71bc886,Deposit_Account,Yes,2024-07-04,,1,1,1,,1,1,1,1,,,Yes,,Kano,,gmm51
4a7a3f76-befc-4e03-89f1-8bf6288046e4,Deposit_Account,Yes,2024-07-04,,1,1,1,,1,1,1,1,,,Yes,,Kano,,gmm51
100ad263-337e-40ae-9161-6ba4b22491c7,Deposit_Account,Yes,2024-07-04,,1,1,1,,1,1,1,1,,,Yes,,Kano,,gmm51
78ad8a37-3c86-40a7-9fa6-dae778487483,Deposit_Account,Yes,2024-07-04,,1,1,1,,1,1,1,1,,,Yes,,Kano,,gmm51
10976e5b-d2e7-47ea-bec0-8285e2453506,Deposit_Account,Yes,2024-07-04,,1,1,1,,1,1,1,1,,,Yes,,Kano,,gmm51
060266c9-5d2b-40e5-a99c-c89ad4875949,Deposit_Account,Yes,2024-07-04,,1,1,1,,1,1,1,1,,,Yes,,Kano,,gmm51
a7f05473-9022-465e-bc28-765112977f2e,Deposit_Account,Yes,2024-07-04,,1,1,1,,1,1,1,1,,,Yes,,Kano,,gmm51
4bb9138f-d9a9-42ac-9c74-316921fc98f3,Deposit_Account,Yes,2024-07-04,,1,1,1,,1,1,1,1,,,Yes,,Kano,,gmm51
b6800a91-fa2c-4e8f-9916-228d932f82fd,Deposit_Account,Yes,2024-07-04,,1,1,1,,1,1,1,1,,,Yes,,Kano,,gmm51
a34dda04-bf91-4e5e-b1fd-2600e64f08cd,Deposit_Account,Yes,2024-07-04,,1,1,1,,1,1,1,1,,,Yes,,Kano,,gmm51
a68ab7bd-20fd-439b-a42c-ab9131a4cfde,Deposit_Account,Yes,2024-07-04,,1,1,1,,1,1,1,1,,,Yes,,Kano,,gmm51
ad30d579-33b8-4b08-b7c0-f3bcd67d93d2,Deposit_Account,Yes,2024-07-04,,1,1,1,,1,1,1,1,,,Yes,,Kano,,gmm51
8ced083a-9416-4b60-a650-8eec287fc930,Deposit_Account,Yes,2024-07-04,,1,1,1,,1,1,1,1,,,Yes,,Kano,,gmm51
3060f15b-244a-47f6-8bb8-14cdaf329ad9,Deposit_Account,Yes,2024-07-04,,1,1,1,,1,1,1,1,,,Yes,,Kano,,gmm51
583c13e5-2365-4584-a650-0fa7a197640f,Deposit_Account,Yes,2024-07-04,,1,1,1,,1,1,1,1,,,Yes,,Kano,,gmm51
c7bcc461-9da9-42db-8741-e1c782d347b1,Deposit_Account,Yes,2024-07-04,,1,1,1,,1,1,1,1,,,Yes,,Kano,,gmm51
b2667bd9-3b4f-4439-86bc-8d584f84bcce,Deposit_Account,Yes,2024-07-04,,1,1,1,,1,1,1,1,,,Yes,,Kano,,gmm51
ace04ec1-c295-4303-9f64-973276d5b246,Deposit_Account,Yes,2024-07-04,,1,1,1,,1,1,1,1,,,Yes,,Kano,,gmm51
f095f62a-1d70-4b14-869d-fd9514700854,Deposit_Account,Yes,2024-07-04,,1,1,1,,1,1,1,1,,,Yes,,Kano,,gmm51
eff4883c-b734-40c2-ac18-168bd04b6ef1,Deposit_Account,Yes,2024-07-04,,1,1,1,,1,1,1,1,,,Yes,,Kano,,gmm51
333df4d5-0c54-4fd6-af83-d9de482ce57d,Deposit_Account,Yes,2024-07-04,,1,1,1,,1,1,1,1,,,Yes,,Kano,,gmm51
d4581fa7-97c8-473b-bfa0-cbf1b69db468,Deposit_Account,Yes,2024-07-04,,1,1,1,,1,1,1,1,,,Yes,,Kano,,gmm51
0e46859b-d6b1-4780-b7b7-72cbf6c40d33,Deposit_Account,Yes,2024-07-04,,1,1,1,,1,1,1,1,,,Yes,,Kano,,gmm51
bac0017a-b17f-489e-a8e2-dc71598a3e4d,Deposit_Account,Yes,2024-07-04,,1,1,1,,1,1,1,1,,,Yes,,Kano,,gmm51
8237d2dd-39e8-4494-abf6-c1cc0706a6f7,Deposit_Account,Yes,2024-07-04,,1,1,1,,1,1,1,1,,,Yes,,Kano,,gmm51
eb6b7815-c471-4514-bc17-18e45fcff5c0,Deposit_Account,Yes,2024-07-04,,1,1,1,,1,1,1,1,,,Yes,,Kano,,gmm51
4c1695fe-d38f-4de8-88bb-710840bf51f1,Deposit_Account,Yes,2024-07-04,,1,1,1,,1,1,1,1,,,Yes,,Kano,,gmm51
959c7401-b52b-456f-b81d-45b7225bf81a,Deposit_Account,Yes,2024-07-04,,1,1,1,,1,1,1,1,,,Yes,,Kano,,gmm51
62423e27-fbc9-471a-b5e8-70f8d8f8da0a,Deposit_Account,Yes,2024-07-04,,1,1,1,,1,1,1,1,,,Yes,,Kano,,gmm51
0434de4f-0804-44ee-a73b-da68c4d325a2,Deposit_Account,Yes,2024-07-04,,1,1,1,,1,1,1,1,,,Yes,,Kano,,gmm51
2a3bf8a3-8dca-4162-8c2e-fd033c2fdddd,Deposit_Account,Yes,2024-07-04,,1,1,1,,1,1,1,1,,,Yes,,Kano,,gmm51
d777a3f9-9a86-41bb-8a88-069a4318d1ef,Deposit_Account,Yes,2024-07-04,,1,1,1,,1,1,1,1,,,Yes,,Kano,,gmm51
862e4d4d-dfad-4b2c-92de-65d3fa45dcdc,Deposit_Account,Yes,2024-07-04,,1,1,1,,1,1,1,1,,,Yes,,Kano,,gmm51
d90576f3-12fc-47d3-9655-f81928b0a735,Deposit_Account,Yes,2024-07-04,,1,1,1,,1,1,1,1,,,Yes,,Kano,,gmm51
3f38085f-1808-4693-9f86-76cdc01d325e,Deposit_Account,Yes,2024-07-04,,1,1,1,,1,1,1,1,,,Yes,,Kano,,gmm51
95091244-25c2-4dac-bd58-e680ff0251af,Deposit_Account,Yes,2024-07-04,,1,1,1,,1,1,1,1,,,Yes,,Kano,,gmm51
ddd31651-3b7f-4ee0-b2f3-f36dbd25c6e3,Deposit_Account,Yes,2024-07-04,,1,1,1,,1,1,1,1,,,Yes,,Kano,,gmm51
65b07746-a6bc-42b2-b022-7aeec364d990,Deposit_Account,Yes,2024-07-04,,1,1,1,,1,1,1,1,,,Yes,,Kano,,gmm51
4798af9b-ba89-4604-bd04-56b010cb7813,Deposit_Account,Yes,2024-07-04,,1,1,1,,1,1,1,1,,,Yes,,Kano,,gmm51
8cd6a276-bf31-4a87-9b4e-aaa9c1d84458,Deposit_Account,Yes,2024-07-04,,1,1,1,,1,1,1,1,,,Yes,,Kano,,gmm51
85959e1b-67c6-4709-8414-908bc8c0bc02,Deposit_Account,Yes,2024-07-04,,1,1,1,,1,1,1,1,,,Yes,,Kano,,gmm51
469752a8-0c36-43db-9843-bc1faeb9445f,Deposit_Account,Yes,2024-07-04,,1,1,1,,1,1,1,1,,,Yes,,Kano,,gmm51
52e8099c-02c5-4c9c-ac62-ada5d76c4e2f,Deposit_Account,Yes,2024-07-04,,1,1,1,,1,1,1,1,,,Yes,,Kano,,gmm51
798e7522-fc8d-46df-bf65-5a25966374b8,Deposit_Account,Yes,2024-07-04,,1,1,1,,1,1,1,1,,,Yes,,Kano,,gmm51
54014f03-f46d-458c-ba94-db2caa2be5dc,Deposit_Account,Yes,2024-07-04,,1,1,1,,1,1,1,1,,,Yes,,Kano,,gmm51
0a4447ce-11d7-4518-b2c2-b2636283516d,Deposit_Account,Yes,2024-07-04,,1,1,1,,1,1,1,1,,,Yes,,Kano,,gmm51
b7e5a69f-908c-44b1-9348-7d6186288f82,Deposit_Account,Yes,2024-07-04,,1,1,1,,1,1,1,1,,,Yes,,Kano,,gmm51
97d31f4a-4e1d-4b80-af32-3f8cceb7add1,Deposit_Account,Yes,2024-07-04,,1,1,1,,1,1,1,1,,,Yes,,Kano,,gmm51
37c6270e-55fa-41db-8c48-3a615d227ef4,Deposit_Account,Yes,2024-07-04,,1,1,1,,1,1,1,1,,,Yes,,Kano,,gmm51
6b2427ac-c049-46b3-9214-3c9a5e58f0f1,Deposit_Account,Yes,2024-07-04,,1,1,1,,1,1,1,1,,,Yes,,Kano,,gmm51
f1512c8c-c189-4233-86a7-741644089ecc,Deposit_Account,Yes,2024-07-04,,1,1,1,,1,1,1,1,,,Yes,,Kano,,gmm51
e0e03a39-6c6b-47d5-be34-d97fa24cef4b,Deposit_Account,Yes,2024-07-04,,1,1,1,,1,1,1,1,,,Yes,,Kano,,gmm51
55d7589c-d042-476a-b768-0ece6e01bc3a,Deposit_Account,Yes,2024-07-04,,1,1,1,,1,1,1,1,,,Yes,,Kano,,gmm51
e506d5fa-857c-4587-9f84-c42311e3cb2d,Deposit_Account,Yes,2024-07-04,,1,1,1,,1,1,1,1,,,Yes,,Kano,,gmm51
381ff488-f957-48e1-9cd4-4f4a687559bd,Deposit_Account,Yes,2024-07-04,,1,1,1,,1,1,1,1,,,Yes,,Kano,,gmm51
d9e6d623-336e-453e-81f6-d37f963e5bcc,Deposit_Account,Yes,2024-07-04,,1,1,1,,1,1,1,1,,,Yes,,Kano,,gmm51
c57e3e49-f7e4-4582-9b6f-aa2690e2b8ad,Deposit_Account,Yes,2024-07-04,,1,1,1,,1,1,1,1,,,Yes,,Kano,,gmm51
35d98629-58d1-4978-84e5-9a24ccc1f950,Deposit_Account,Yes,2024-07-04,,1,1,1,,1,1,1,1,,,Yes,,Kano,,gmm51
6a539b9a-eff2-4365-bbc2-481c3aafaf04,Deposit_Account,Yes,2024-07-04,,1,1,1,,1,1,1,1,,,Yes,,Kano,,gmm51
11e363fd-8702-4afb-8d4d-1972c122f43f,Deposit_Account,Yes,2024-07-04,,1,1,1,,1,1,1,1,,,Yes,,Kano,,gmm51
a0fca547-cfd9-4c71-967a-e6ebf2943770,Deposit_Account,Yes,2024-07-04,,1,1,1,,1,1,1,1,,,Yes,,Kano,,gmm51
53bf5163-1043-4d32-beac-7c61faf8f735,Deposit_Account,Yes,2024-07-04,,1,1,1,,1,1,1,1,,,Yes,,Kano,,gmm51
2941514a-7aa5-4589-8fef-08011c8c6dd0,Deposit_Account,Yes,2024-07-04,,1,1,1,,1,1,1,1,,,Yes,,Kano,,gmm51
7b6fa42e-2d5c-4f08-878e-3cb65ed450c3,Deposit_Account,Yes,2024-07-04,,1,1,1,,1,1,1,1,,,Yes,,Kano,,gmm51
8c9e7740-d76a-4a39-a368-6eea5b45ab28,Deposit_Account,Yes,2024-07-04,,1,1,1,,1,1,1,1,,,Yes,,Kano,,gmm51
f3901bb6-c800-416c-843f-f79cb0588589,Deposit_Account,Yes,2024-07-04,,1,1,1,,1,1,1,1,,,Yes,,Kano,,gmm51
ae8b1f29-6b4e-49bd-b517-e923927be7b7,Deposit_Account,Yes,2024-07-04,,1,1,1,,1,1,1,1,,,Yes,,Kano,,gmm51
913d6b33-9760-4e73-b00a-354154bb4839,Deposit_Account,Yes,2024-07-04,,1,1,1,,1,1,1,1,,,Yes,,Kano,,gmm51
3d301f57-2e59-43e2-a8bd-33724f39ec1b,Deposit_Account,Yes,2024-07-04,,1,1,1,,1,1,1,1,,,Yes,,Kano,,gmm51
e52f35c1-411c-4fc2-a996-885f5bcd6f32,Deposit_Account,Yes,2024-07-04,,1,1,1,,1,1,1,1,,,Yes,,Kano,,gmm51
129d0002-1014-43dc-989e-8e3f594a4095,Deposit_Account,Yes,2024-07-04,,1,1,1,,1,1,1,1,,,Yes,,Kano,,gmm51
e7d11913-bcc9-4d06-a85b-e7ac2d3cbec1,Deposit_Account,Yes,2024-07-04,,1,1,1,,1,1,1,1,,,Yes,,Kano,,gmm51
9cf2ad19-05df-474c-b7eb-87c668ad1f93,Deposit_Account,Yes,2024-07-04,,1,1,1,,1,1,1,1,,,Yes,,Kano,,gmm52
0b35ba71-9f27-4695-af29-843fdcad623f,Deposit_Account,Yes,2024-07-04,,1,1,1,,1,1,1,1,,,Yes,,Kano,,gmm52
d2faf930-1f9a-4b3a-aa61-a811cebf468a,Deposit_Account,Yes,2024-07-04,,1,1,1,,1,1,1,1,,,Yes,,Kano,,gmm52
63022d8a-cee9-416f-931b-bf2eb8860498,Deposit_Account,Yes,2024-07-04,,1,1,1,,1,1,1,1,,,Yes,,Kano,,gmm52
7e0481a7-fe88-4a9d-8d94-f7ffdc12b56e,Deposit_Account,Yes,2024-07-04,,1,1,1,,1,1,1,1,,,Yes,,Kano,,gmm52
d6588ae1-75ff-4777-a439-7f719689acb2,Deposit_Account,Yes,2024-07-04,,1,1,1,,1,1,1,1,,,Yes,,Kano,,gmm52
629996d7-82b1-4332-8ac3-96bfb8cb63b4,Deposit_Account,Yes,2024-07-04,,1,1,1,,1,1,1,1,,,Yes,,Kano,,gmm52
0a34604f-fff5-4987-abb4-c2e615c9b4d9,Deposit_Account,Yes,2024-07-04,,1,1,1,,1,1,1,1,,,Yes,,Kano,,gmm52
47ec665e-fe06-4235-9b92-bb1e8be94a05,Deposit_Account,Yes,2024-07-04,,1,1,1,,1,1,1,1,,,Yes,,Kano,,gmm52
d5bd1bc1-8b6a-44c1-b5ee-e1a081a88efa,Deposit_Account,Yes,2024-07-04,,1,1,1,,1,1,1,1,,,Yes,,Kano,,gmm52
89f9c1d4-027e-42a8-a234-cf7a5e86ef64,Deposit_Account,Yes,2024-07-04,,1,1,1,,1,1,1,1,,,Yes,,Kano,,gmm52
5bd932dd-eb55-484e-9f9d-c48d3ca63460,Deposit_Account,Yes,2024-07-04,,1,1,1,,1,1,1,1,,,Yes,,Kano,,gmm52
e61d8168-e962-4209-b5d2-dcd27a9108dd,Deposit_Account,Yes,2024-07-04,,1,1,1,,1,1,1,1,,,Yes,,Kano,,gmm52
5d1d65d7-6b5d-4317-86f2-d51d7e131e80,Deposit_Account,Yes,2024-07-04,,1,1,1,,1,1,1,1,,,Yes,,Kano,,gmm52
567d9b7a-101e-4d0a-9f48-f7229b8e38ff,Deposit_Account,Yes,2024-07-04,,1,1,1,,1,1,1,1,,,Yes,,Kano,,gmm52
56355de2-76c3-4da4-b6b7-7a2becaa7c76,Deposit_Account,Yes,2024-07-04,,1,1,1,,1,1,1,1,,,Yes,,Kano,,gmm52
51524b2d-d6fc-428d-ac01-4474cc92924e,Deposit_Account,Yes,2024-07-04,,1,1,1,,1,1,1,1,,,Yes,,Kano,,gmm52
fc25afdf-c319-4b80-acad-4417df957283,Deposit_Account,Yes,2024-07-04,,1,1,1,,1,1,1,1,,,Yes,,Kano,,gmm52
6141a9ce-ca7a-4752-9827-739555c715c4,Deposit_Account,Yes,2024-07-04,,1,1,1,,1,1,1,1,,,Yes,,Kano,,gmm52
8b073313-f398-4cf8-b115-ec5a018bbc60,Deposit_Account,Yes,2024-07-04,,1,1,1,,1,1,1,1,,,Yes,,Kano,,gmm52
58190ca4-d831-46d4-ab7a-c0c32f1e6b25,Deposit_Account,Yes,2024-07-04,,1,1,1,,1,1,1,1,,,Yes,,Kano,,gmm52
4b0fa656-9dcd-4571-927d-7ed5854c9c32,Deposit_Account,Yes,2024-07-04,,1,1,1,,1,1,1,1,,,Yes,,Kano,,gmm52
b41068c3-6523-4640-848b-b23a283d60e0,Deposit_Account,Yes,2024-07-04,,1,1,1,,1,1,1,1,,,Yes,,Kano,,gmm52
15ae421c-63e6-49cd-a3ae-8901538b6fce,Deposit_Account,Yes,2024-07-04,,1,1,1,,1,1,1,1,,,Yes,,Kano,,gmm52
8eec3b24-5608-4a71-9848-c3bcb2ec09a7,Deposit_Account,Yes,2024-07-04,,1,1,1,,1,1,1,1,,,Yes,,Kano,,gmm52
c4386b97-415e-4389-a141-abc2788fef2a,Deposit_Account,Yes,2024-07-04,,1,1,1,,1,1,1,1,,,Yes,,Kano,,gmm52
f7244fea-bc40-42e5-960b-67dc5ac8c5f1,Deposit_Account,Yes,2024-07-04,,1,1,1,,1,1,1,1,,,Yes,,Kano,,gmm52
b31ef860-0844-4a2d-9894-e45819f24b9b,Deposit_Account,Yes,2024-07-04,,1,1,1,,1,1,1,1,,,Yes,,Kano,,gmm52
6bac3a90-b0aa-46ab-93d0-d1ea6c1a2826,Deposit_Account,Yes,2024-07-04,,1,1,1,,1,1,1,1,,,Yes,,Kano,,gmm52
7c615991-2b8c-4d66-a81a-16e21c25fe63,Deposit_Account,Yes,2024-07-04,,1,1,1,,1,1,1,1,,,Yes,,Kano,,gmm52
3bc45e2e-0d70-42bd-8239-f9cd62cdbde1,Deposit_Account,Yes,2024-07-04,,1,1,1,,1,1,1,1,,,Yes,,Kano,,gmm52
ce5de884-b300-4c44-ab0f-0afce85af84f,Deposit_Account,Yes,2024-07-04,,1,1,1,,1,1,1,1,,,Yes,,Kano,,gmm52
e32b2748-6221-4cec-8d43-cd61903d56e7,Deposit_Account,Yes,2024-07-04,,1,1,1,,1,1,1,1,,,Yes,,Kano,,gmm52
03ae0d96-c9e0-43f5-8396-f30c4c69a93a,Deposit_Account,Yes,2024-07-04,,1,1,1,,1,1,1,1,,,Yes,,Kano,,gmm52
7628cfa0-e210-4c16-9d2e-d3e3d26804b6,Deposit_Account,Yes,2024-07-04,,1,1,1,,1,1,1,1,,,Yes,,Kano,,gmm52
f5155d49-a556-4745-b19d-b6a4a89f224d,Deposit_Account,Yes,2024-07-04,,1,1,1,,1,1,1,1,,,Yes,,Kano,,gmm52
c850db72-aeb5-4920-ae9e-3399fb46d1cd,Deposit_Account,Yes,2024-07-04,,1,1,1,,1,1,1,1,,,Yes,,Kano,,gmm52
4c780d3d-3bcd-45bc-a100-827c392ed045,Deposit_Account,Yes,2024-07-04,,1,1,1,,1,1,1,1,,,Yes,,Kano,,gmm52
861ed39d-ee71-44ea-8a6c-91473ed8d362,Deposit_Account,Yes,2024-07-04,,1,1,1,,1,1,1,1,,,Yes,,Kano,,gmm52
b6c66ec2-e85c-4853-aa2a-828ac9d5b3eb,Deposit_Account,Yes,2024-07-04,,1,1,1,,1,1,1,1,,,Yes,,Kano,,gmm52
e2013877-7de4-4014-a810-23757588fc7c,Deposit_Account,Yes,2024-07-04,,1,1,1,,1,1,1,1,,,Yes,,Kano,,gmm52
85a13571-5cc2-457c-8ca4-32146a4e4544,Deposit_Account,Yes,2024-07-04,,1,1,1,,1,1,1,1,,,Yes,,Kano,,gmm52
c19f4cb0-bcf6-41a9-84e3-1f422f61d542,Deposit_Account,Yes,2024-07-04,,1,1,1,,1,1,1,1,,,Yes,,Kano,,gmm52
1985ce8d-f4fa-4711-95be-d84f4c9c44fd,Deposit_Account,Yes,2024-07-04,,1,1,1,,1,1,1,1,,,Yes,,Kano,,gmm52
d65f08cc-59f0-4320-99e6-200ff7dce552,Deposit_Account,Yes,2024-07-04,,1,1,1,,1,1,1,1,,,Yes,,Kano,,gmm52
8ccd5460-ae55-475f-847b-bd3f2065ae03,Deposit_Account,Yes,2024-07-04,,1,1,1,,1,1,1,1,,,Yes,,Kano,,gmm52
262f10fd-bb77-4513-af29-677913f20d0d,Deposit_Account,Yes,2024-07-04,,1,1,1,,1,1,1,1,,,Yes,,Kano,,gmm52
537cc12d-d667-4f8e-ba94-cc0dce07c0b6,Deposit_Account,Yes,2024-07-04,,1,1,1,,1,1,1,1,,,Yes,,Kano,,gmm52
ff26287d-0370-45ab-b5b1-20895734ab0c,Deposit_Account,Yes,2024-07-04,,1,1,1,,1,1,1,1,,,Yes,,Kano,,gmm52
6f5cdc97-9319-457c-841c-7f12e5ce0acc,Deposit_Account,Yes,2024-07-04,,1,1,1,,1,1,1,1,,,Yes,,Kano,,gmm52
8e1b26ec-ce72-4c23-8e94-a2298cb7e3ae,Deposit_Account,Yes,2024-07-04,,1,1,1,,1,1,1,1,,,Yes,,Kano,,gmm52
0ded9685-1ab5-4bdf-af32-cbdc40cdcddb,Deposit_Account,Yes,2024-07-04,,1,1,1,,1,1,1,1,,,Yes,,Kano,,gmm52
8a5f1e7d-c700-4e7b-a536-5e48828d800e,Deposit_Account,Yes,2024-07-04,,1,1,1,,1,1,1,1,,,Yes,,Kano,,gmm52
a730eb11-40b7-45cf-8f7d-dd324204e452,Deposit_Account,Yes,2024-07-04,,1,1,1,,1,1,1,1,,,Yes,,Kano,,gmm52
1eb613a9-4903-4d69-935c-b4a8806fcdda,Deposit_Account,Yes,2024-07-04,,1,1,1,,1,1,1,1,,,Yes,,Kano,,gmm52
8bede949-fc0e-4ebf-8d73-2784334a1b78,Deposit_Account,Yes,2024-07-04,,1,1,1,,1,1,1,1,,,Yes,,Kano,,gmm52
7452e944-d297-476d-8455-ac167394a68d,Deposit_Account,Yes,2024-07-04,,1,1,1,,1,1,1,1,,,Yes,,Kano,,gmm52
053eab4d-c382-4f21-8686-7f90f563af15,Deposit_Account,Yes,2024-07-04,,1,1,1,,1,1,1,1,,,Yes,,Kano,,gmm52
f196e635-4b53-4eac-8c72-f9240da51241,Deposit_Account,Yes,2024-07-04,,1,1,1,,1,1,1,1,,,Yes,,Kano,,gmm52
b1c97e00-a0db-4b8d-9416-69c5cf171dd8,Deposit_Account,Yes,2024-07-04,,1,1,1,,1,1,1,1,,,Yes,,Kano,,gmm52
915f7146-3b7e-4a34-8367-63cbab2ee72f,Deposit_Account,Yes,2024-07-04,,1,1,1,,1,1,1,1,,,Yes,,Kano,,gmm52
d3857d02-26e3-4835-9678-436d0996387c,Deposit_Account,Yes,2024-07-04,,1,1,1,,1,1,1,1,,,Yes,,Kano,,gmm52
fa8fd84f-3532-4eae-9f24-e790ddbde30e,Deposit_Account,Yes,2024-07-04,,1,1,1,,1,1,1,1,,,Yes,,Kano,,gmm52
611d395f-256d-4020-b1da-e6c797ddd219,Deposit_Account,Yes,2024-07-04,,1,1,1,,1,1,1,1,,,Yes,,Kano,,gmm52
88f1167d-03e0-4430-922c-51d5ab35e0f0,Deposit_Account,Yes,2024-07-04,,1,1,1,,1,1,1,1,,,Yes,,Kano,,gmm52
1fa71b00-b60c-4886-a72c-9be0fc4d5919,Deposit_Account,Yes,2024-07-04,,1,1,1,,1,1,1,1,,,Yes,,Kano,,gmm52
12981166-a877-4bf7-b931-49330da80b77,Deposit_Account,Yes,2024-07-04,,1,1,1,,1,1,1,1,,,Yes,,Kano,,gmm52
a6e57b36-820d-4427-94ea-c7265fe720c3,Deposit_Account,Yes,2024-07-04,,1,1,1,,1,1,1,1,,,Yes,,Kano,,gmm52
335a3b45-0899-43c1-a570-5d3990eed878,Deposit_Account,Yes,2024-07-04,,1,1,1,,1,1,1,1,,,Yes,,Kano,,gmm52
3c3c7abf-9d5e-47af-b26b-0a9a2bd0a322,Deposit_Account,Yes,2024-07-04,,1,1,1,,1,1,1,1,,,Yes,,Kano,,gmm52
fcac8101-b58b-400c-9b22-71cc4247674a,Deposit_Account,Yes,2024-07-04,,1,1,1,,1,1,1,1,,,Yes,,Kano,,gmm52
e23999d6-f489-4341-9479-c3fc62aec83c,Deposit_Account,Yes,2024-07-04,,1,1,1,,1,1,1,1,,,Yes,,Kano,,gmm52
3db15499-bef5-4245-a70d-341c0ed11974,Deposit_Account,Yes,2024-07-04,,1,1,1,,1,1,1,1,,,Yes,,Kano,,gmm52
a1d19770-e93a-40a0-b4df-d48f653e4062,Deposit_Account,Yes,2024-07-04,,1,1,1,,1,1,1,1,,,Yes,,Kano,,gmm52
fd143bab-541d-408d-96f6-fd08c8c67ba0,Deposit_Account,Yes,2024-07-04,,1,1,1,,1,1,1,1,,,Yes,,Kano,,gmm52
7b425a67-4d19-4af2-bc86-20770f90a26e,Deposit_Account,Yes,2024-07-04,,1,1,1,,1,1,1,1,,,Yes,,Kano,,gmm52
87a11b21-3f07-400f-98bf-db2c55b41f5d,Deposit_Account,Yes,2024-07-04,,1,1,1,,1,1,1,1,,,Yes,,Kano,,gmm52
425b2638-d26b-47cd-9167-57801254d0a8,Deposit_Account,Yes,2024-07-04,,1,1,1,,1,1,1,1,,,Yes,,Kano,,gmm52
deb98e7d-97a6-4745-b251-42d665099ee1,Deposit_Account,Yes,2024-07-04,,1,1,1,,1,1,1,1,,,Yes,,Kano,,gmm52
1199094b-9f28-4635-bd86-957a97cf487a,Deposit_Account,Yes,2024-07-04,,1,1,1,,1,1,1,1,,,Yes,,Kano,,gmm52
242520f7-b681-4517-87b0-30c2d0220cd4,Deposit_Account,Yes,2024-07-04,,1,1,1,,1,1,1,1,,,Yes,,Kano,,gmm52
3934e20f-ec80-4d7d-bfb9-fc2c2972ac42,Deposit_Account,Yes,2024-07-04,,1,1,1,,1,1,1,1,,,Yes,,Kano,,gmm52
a76977f6-b29b-41f5-8a9b-8a31c1583ef8,Deposit_Account,Yes,2024-07-04,,1,1,1,,1,1,1,1,,,Yes,,Kano,,gmm52
17129625-2fce-46d7-a8cc-d2d9b800411c,Deposit_Account,Yes,2024-07-04,,1,1,1,,1,1,1,1,,,Yes,,Kano,,gmm52
e00a3ead-72b0-4556-9a85-ce21e144896a,Deposit_Account,Yes,2024-07-04,,1,1,,,1,1,1,1,,,Yes,,Kano,,gmm52
66dfda27-74fd-461d-9d65-55b73d7c1ed5,Deposit_Account,Yes,2024-07-04,,1,1,1,,1,1,1,1,,,Yes,,Kano,,gmm52
1d4a8bb3-609f-4127-9ccb-6fa45b8140c5,Deposit_Account,Yes,2024-07-04,,1,1,1,,1,1,1,1,,,Yes,,Kano,,gmm52
095004f6-a5a1-4540-8ee8-122ffdc645f0,Deposit_Account,Yes,2024-07-04,,1,1,1,,1,1,1,1,,,Yes,,Kano,,gmm52
5fa0e048-443c-4ead-bc2b-e67278652652,Deposit_Account,Yes,2024-07-04,,1,1,1,,1,1,1,1,,,Yes,,Kano,,bun09
756063ff-f148-4cfa-be96-63a27a41a937,Deposit_Account,Yes,2024-07-04,,1,1,1,,1,1,1,1,,,Yes,,Kano,,bun09
c0293bd2-8820-47f6-9709-fa6627281281,Deposit_Account,Yes,2024-07-04,,1,1,1,,1,1,1,1,,,Yes,,Kano,,bun09
8eb63ae5-d438-4a21-a4ad-aec65e403466,Deposit_Account,Yes,2024-07-04,,1,1,1,,1,1,1,1,,,Yes,,Kano,,bun09
d55216e7-794b-4b5c-8e5d-85e124e41a7e,Deposit_Account,Yes,2024-07-04,,1,1,1,,1,1,1,1,,,Yes,,Kano,,bun09
590c69d5-8525-411f-acb3-72b1fa6d170f,Deposit_Account,Yes,2024-07-04,,1,1,1,,1,1,1,1,,,Yes,,Kano,,bun09
6b99d722-6338-40c0-8804-f47b9b32e984,Deposit_Account,Yes,2024-07-04,,1,1,1,,1,1,1,1,,,Yes,,Kano,,bun09
2d92538b-e303-403b-8276-972a75810219,Deposit_Account,Yes,2024-07-04,,1,1,1,,1,1,1,1,,,Yes,,Kano,,bun09
1b3b1e01-515b-46b7-8a38-f9b704895bc0,Deposit_Account,Yes,2024-07-04,,1,1,1,,1,1,1,1,,,Yes,,Kano,,bun09
1610fceb-8d3d-44cd-a1f4-4a4a4d910d04,Deposit_Account,Yes,2024-07-04,,1,1,1,,1,1,1,1,,,Yes,,Kano,,bun09
36cafa37-6eca-41f6-9ca4-d53c8b660e2b,Deposit_Account,Yes,2024-07-04,,1,1,1,,1,1,1,1,,,Yes,,Kano,,bun09
8a314896-d6eb-470d-8722-a305f3f8a36d,Deposit_Account,Yes,2024-07-04,,1,1,1,,1,1,1,1,,,Yes,,Kano,,bun09
aaec913a-f726-403d-96cc-3631758fa4b3,Deposit_Account,Yes,2024-07-04,,1,1,1,,1,1,1,1,,,Yes,,Kano,,bun09
1554111a-fca7-4c70-98e7-c1ee86a47f28,Deposit_Account,Yes,2024-07-04,,1,1,1,,1,1,1,1,,,Yes,,Kano,,bun09
6e570231-f416-464d-85ce-7481e097c07d,Deposit_Account,Yes,2024-07-04,,1,1,,,1,1,1,1,,,Yes,,Kano,,bun09
9e63a3cd-7200-4c12-a90f-366b0273a42d,Deposit_Account,Yes,2024-07-04,,1,1,1,,1,1,1,1,,,Yes,,Kano,,bun09
e5dd5875-15f2-4f51-ac80-85c1908a9972,Deposit_Account,Yes,2024-07-04,,1,1,1,,1,1,1,1,,,Yes,,Kano,,bun09
3d3895bb-9f94-454c-8ebb-f774c8455572,Deposit_Account,Yes,2024-07-04,,1,1,1,,1,1,1,1,,,Yes,,Kano,,bun09
a7aa6715-ea43-4eef-a814-518c0a5a3ea1,Deposit_Account,Yes,2024-07-04,,1,1,1,,1,1,1,1,,,Yes,,Kano,,bun09
3960f7c9-12dc-41cc-8ac0-dfaa87c24059,Deposit_Account,Yes,2024-07-04,,1,1,1,,1,1,1,1,,,Yes,,Kano,,bun09
75886742-1304-435b-9b06-f0347cbaf5ee,Deposit_Account,Yes,2024-07-04,,1,1,1,,1,1,1,1,,,Yes,,Kano,,bun09
8f27f511-e56e-4d17-8536-51d98f669e0e,Deposit_Account,Yes,2024-07-04,,1,1,1,,1,1,1,1,,,Yes,,Kano,,bun09
149f2007-0efd-4d45-ac38-c86b65c1b2d6,Deposit_Account,Yes,2024-07-04,,1,1,1,,1,1,1,1,,,Yes,,Kano,,bun09
a4769379-f57e-4934-81f8-189da538749b,Deposit_Account,Yes,2024-07-04,,1,1,1,,1,1,1,1,,,Yes,,Kano,,bun09
54de54f4-aa8d-4793-9937-0b0ee93f4813,Deposit_Account,Yes,2024-07-04,,1,1,1,,1,1,1,1,,,Yes,,Kano,,bun09
20b09634-9ef2-4d1e-bc28-9a6afb0a4925,Deposit_Account,Yes,2024-07-04,,1,1,1,,1,1,1,1,,,Yes,,Kano,,bun09
13ffdd5f-ab30-4a32-b242-5547bc83668b,Deposit_Account,Yes,2024-07-04,,1,1,1,,1,1,1,1,,,Yes,,Kano,,bun09
4ab9c73a-64cc-48cf-94d5-b44db8e048e0,Deposit_Account,Yes,2024-07-04,,1,1,1,,1,1,1,1,,,Yes,,Kano,,bun09
2edd40b0-a70e-481c-bc26-f9d4383b9b24,Deposit_Account,Yes,2024-07-04,,1,1,1,,1,1,1,1,,,Yes,,Kano,,bun09
6c5370fc-24d3-423b-a5e5-ff45d6b47c22,Deposit_Account,Yes,2024-07-04,,1,1,1,,1,1,1,1,,,Yes,,Kano,,bun09
