S/N,Cooperative_unique_ID_Pulled
1,C-Beb9Q3YY07
2,C-Beb98IAB39
3,C-BebRVCZX21
4,C-BebRP1S644
5,C-BebV5H9V05
6,C-BebAEBFG49
7,C-BebWGY8Q14
8,C-BebX37UY43
9,C-Beb558JT10
10,C-BebIV80D13
11,C-Beb67MTX35
12,C-BebTVZ8829
13,C-BebARX8T50
14,C-BebAG5BD42
15,C-BebRDFFD13
16,C-Beb65QYQ10
17,C-Beb522YM10
18,C-Beb6M4GO55
19,C-BebKC7ZE13
20,C-Beb5I8N817
21,C-Beb8MQ8E41
22,C-BebZIYX952
23,C-BebJSHSE58
24,C-Beb137M940
25,C-BebSDHUZ45
26,C-BebHA7I406
27,C-BebJ5FG056
28,C-BebUFNNW18
29,C-BebFF4R756
30,C-BebD03GP56
31,C-Beb17OEE49
32,C-BebYB17S51
33,C-BebWGJB951
34,C-BebRE1CL54
35,C-BebZGRA938
36,C-BebY31Z732
37,C-BebNX7ZG05
38,C-BebU8YU648
39,C-BebCEJK228
40,C-BebNDCJL31
41,C-BebQ4UIP54
42,C-BebEMVKQ09
43,C-BebCCXDW32
44,C-Beb14VEL49
45,C-BebW9E9313
46,C-BebS8VRR23
47,C-BebHBQ2Q32
48,C-BebL7NOD35
49,C-BebXIP6P13
50,C-BebDDQHA43
51,C-BebBAYYH08
52,C-Beb5AE7A22
53,C-Beb5FOHT14
54,C-BebPDC3Y49
55,C-BebKI63314
56,C-BebUJ14638
57,C-Beb3YUEP26
58,C-BebXDAAZ06
59,C-BebCK1Z928
60,C-BebO67XW47
61,C-BebO72DG40
62,C-BebNGR0234
63,C-BebC5EZW25
64,C-BebIL7XP45
65,C-BebSEO7E42
66,C-Beb1EWLB52
67,C-BebTV6EW24
68,C-BebZVJU043
69,C-BebVKUBM59
70,C-BebA181537
71,C-BebELFZF36
72,C-Beb8YJBR14
73,C-BebZKZ5N49
74,C-BebQHUCV54
75,C-BebTBL4033
76,C-Beb4BI0709
77,C-BebZWKQ733
78,C-BebDHV4739
79,C-Beb0A2RB34
80,C-BebBT3LO36
81,C-BebDLVIP03
82,C-BebCCJGU48
83,C-BebX8OUI57
84,C-BebXZT4B41
85,C-BebU4YUM49
86,C-BebHNDAR43
87,C-BebZYF8X50
88,C-Beb6N63852
89,C-BebNY2ZT27
90,C-BebJX18538
91,C-Beb8TXH749
92,C-Beb2KDS507
93,C-BebRNZ0D01
94,C-BebZ8XQW09
95,C-BebAEFOA08
96,C-BebF33O217
97,C-BebFAGTS17
98,C-BebE9MUB25
99,C-BebTCYAQ06
100,C-BebV2NQN47
101,C-BebCTRIW30
102,C-Beb9L55Y42
103,C-BebI02BJ22
104,C-BebA11YW13
105,C-Beb1HV0M20
106,C-Beb6WOFJ50
107,C-BebRPY2N38
108,C-BebHXF3J02
109,C-BebY465O56
110,C-Beb01Q9H46
111,C-BebUMXF042
112,C-BebR9HCX08
113,C-BebA6WCO27
114,C-BebYBWS257
115,C-BebP1ARZ21
116,C-Beb85PUW06
117,C-BebBX10817
118,C-Kir932UI23
119,C-BebD0VUO08
120,C-Beb86Y2J10
121,C-Beb6GATS03
122,C-Beb4YOAJ48
123,C-Beb7BVPK39
124,C-BebQ42VC38
125,C-BebRQ1BH56
126,C-Beb8MMEP51
127,C-BebTLF5F55
128,C-Beb2XJKC19
129,C-BebXM9FK35
130,C-BebJQO4834
131,C-Beb238VW00
132,C-Beb67D0815
133,C-Beb0UGSD03
134,C-BebQZN0O41
135,C-BebH51NY47
136,C-BebH48E907
137,C-BebBUYTN03
138,C-BebIG7TN51
139,C-Beb82HTL19
140,C-BebQMF2V05
141,C-BebH42VZ20
142,C-BebXHRDQ14
143,C-BebRWUQ701
144,C-BebPQ0GH34
145,C-Beb9MI3U26
146,C-BebB63VC44
147,C-BebNEUGP21
148,C-BebD97QM59
149,C-BebQUVBB38
150,C-BebR6K6339
151,C-Beb5CK3P05
152,C-BebUE4P003
153,C-BebIN1ZZ58
154,C-BebOYV1748
155,C-Beb1AQ8E13
156,C-BebT15WE57
157,C-BebHZZTT03
158,C-Beb9PHFN07
159,C-Beb4YJYY39
160,C-BebFHMEQ39
161,C-BebCUVW754
162,C-BebD0HVI52
163,C-BebCQLEU25
164,C-BebONAC024
165,C-BebNQQ0W20
166,C-BebK1AYG27
167,C-BebRC18T17
168,C-BebXRVVY03
169,C-BebAHACZ02
170,C-BebKT7IR37
171,C-BebPLA1P15
172,C-BebO6HCR12
173,C-BebRG01A28
174,C-Beb5J71P58
175,C-BebDIPKH01
176,C-BebTGM9L38
177,C-BebP0U4541
178,C-BebO1A0G46
179,C-Beb90MSP54
180,C-Beb353DX21
181,C-Beb9PY6P39
182,C-BebZXD2225
183,C-BebKTX6A55
184,C-BebCAHHC30
185,C-BebA1YSC36
186,C-BebXA6X223
187,C-BebIPHDA00
188,C-Beb8NF0G34
189,C-BebMIE9A36
190,C-BebIB2XN06
191,C-BebN6S8027
192,C-BebOBX5S58
193,C-BebJWZAL50
194,C-Beb9MT1632
195,C-Beb9J3FV05
196,C-BebMVOQ058
197,C-BebNCC0F18
198,C-BebYGQ8I11
199,C-BebXMJPH45
200,C-BebN2AFK16
201,C-Kir4N0S916
202,C-BebKR1IR56
203,C-BebCWPR507
204,C-Beb5Z3V938
205,C-BebO9P6Y04
206,C-BebPMUTU06
207,C-BebSTEKV18
208,C-Beb8QC1Z44
209,C-BebY2GXE26
210,C-BebJA7OS44
211,C-Beb4RHBF20
212,C-Beb77YWS14
213,C-BebR6PKK26
214,C-BebJJFTJ25
215,C-BebRCZO156
216,C-BebTX28A34
217,C-Beb0D3A352
218,C-BebP6QF428
219,C-Beb6PJHK54
220,C-BebYLCOT59
221,C-BebQ5SRU47
222,C-Beb9J5UA39
223,C-Beb5A7C109
224,C-BebRB3JN18
225,C-BebU1UXK11
226,C-BebVIYQ144
227,C-BebJSELA06
228,C-Beb9N4ZT48
229,C-BebYCFP240
230,C-BebE6YWJ16
231,C-Beb9GWKC20
232,C-BebOQ1UA19
233,C-BebS3V1W09
234,C-Beb855WP21
235,C-BebF5OYE08
236,C-BebK3NLN59
237,C-BebPVXWJ51
238,C-BebKPZJ419
239,C-BebTWZMB24
240,C-Beb5OGGB48
241,C-Beb1I7J505
242,C-BebCUFSA30
243,C-BebLNVZK25
244,C-BebKMXX218
245,C-Beb577J441
246,C-BebH96QZ54
247,C-BebU8UJZ53
248,C-Beb3TWJY32
249,C-Beb47FPV49
250,C-BebGZCXJ40
251,C-BebZBKA621
252,C-BebLFAI718
253,C-Beb0VD1335
254,C-Beb3LRZ240
255,C-BebXX4J259
256,C-BebW9TLM11
257,C-BebVV5C451
258,C-Beb58X2608
259,C-BebHD7CE34
260,C-Beb16L5W38
261,C-Beb5FFCJ10
262,C-Beb8CWND21
263,C-Beb77FDF31
264,C-BebBDKDR53
265,C-Beb6OFRT42
266,C-BebJTJV013
267,C-BebVD74959
268,C-Beb92R3412
269,C-BebYKH5054
270,C-BebP667T19
271,C-Beb8FKAD32
272,C-BebDA37H01
273,C-BebS5XUW52
274,C-Beb2I8FI37
275,C-BebT08BA21
276,C-BebL3A4236
277,C-BebI24IY48
278,C-Beb8XHSP24
279,C-BebI2JTO52
280,C-Beb8BBK307
281,C-BebTKKZB15
282,C-Beb15GD744
283,C-Beb910G801
284,C-Beb193C936
285,C-BebF5CXQ13
286,C-BebPKR3O07
287,C-BebMIU4R00
288,C-BebPBCPX59
289,C-BebFQJSK41
290,C-BebS1O0N55
291,C-BebCA87W12
292,C-BebH254T41
293,C-BebEZ3IN13
294,C-BebR7UKJ16
295,C-Beb70CWI48
296,C-Beb10VHG15
297,C-Beb93R9H10
298,C-Beb8ZN7C08
299,C-Beb0P9UH02
300,C-Beb39PRU04
301,C-Beb8G7AV31
302,C-BebWR3R850
303,C-BebY1L8L14
304,C-BebLILFW09
305,C-Beb10ZJF56
306,C-Beb260WN17
307,C-Beb4HTAV35
308,C-Beb3XEEL04
309,C-BebEHT5U35
310,C-BebL3F7B05
311,C-BebBDIFW28
312,C-BebCWGRU29
313,C-Beb2W94Q39
314,C-BebTFPSE50
315,C-BebV4OE020
316,C-BebN2XDM49
317,C-BebD60I138
318,C-BebGU09F42
319,C-Beb8YIAV04
320,C-BebO6IBC53
321,C-BebYYDD529
322,C-Beb83UEK33
323,C-Beb1691H53
324,C-BebA54SZ27
325,C-Beb1VVRE17
326,C-BebVY6M252
327,C-BebV5K8B12
328,C-BebPFDRI44
329,C-BebF53QH30
330,C-Beb2G9O907
331,C-BebS7L3L26
332,C-BebJK0V019
333,C-BebS73VS35
334,C-BebNZJ6M49
335,C-BebLDZQ717
336,C-BebXA6CH08
337,C-Beb5EEGS34
338,C-BebYV0WC56
339,C-BebHFKVC14
340,C-BebPRFIS17
341,C-BebUHA0738
342,C-Beb0S3WG18
343,C-Beb4ROTZ10
344,C-BebMNRI518
345,C-BebTGCQQ27
346,C-BebEEYV554
347,C-BebJWNIE14
348,C-BebO0T2E24
349,C-BebXOLDC24
350,C-BebWMIJG48
351,C-Beb54AMC34
352,C-BebBLM3E19
353,C-BebNKUS453
354,C-Beb9BGHI29
355,C-BebSUAMR39
356,C-BebD8R8E47
357,C-BebDE7UZ58
358,C-BebVZ37Y38
359,C-BebE96A819
360,C-Beb4TKGZ52
361,C-Beb0P7EV00
362,C-Beb1WUIN18
363,C-BebTDBG307
364,C-Beb2GQMR50
365,C-Beb39GUP28
366,C-BebHZNBA40
367,C-BebQTKB241
368,C-Beb3XESR27
369,C-Beb7B6MC53
370,C-BebCP14Y33
371,C-Beb1I7AM54
372,C-Beb425HI08
373,C-BebXUZCO38
374,C-BebAR5T604
375,C-Beb191B347
376,C-BebTRWY454
377,C-BebZL2NJ17
378,C-Beb50HFT46
379,C-BebOAKA853
380,C-Beb7PC9U38
381,C-BebPD21O04
382,C-BebCVVD102
383,C-Beb6YT1D00
384,C-Beb7KW4903
385,C-KirG5VKM57
386,C-BebMEKBN03
387,C-BebZ5AVF24
388,C-BebH1IRU33
389,C-BebBG5DF51
390,C-BebC867931
391,C-BebJMNL528
392,C-BebDA02U52
393,C-BebWQ6TL05
394,C-Beb43LEX55
395,C-BebKOOPT30
396,C-BebCTTH502
397,C-Beb9J4RH36
398,C-BebJC38O16
399,C-BebUEB2W31
400,C-BebYPAKI19
401,C-BebDBYU132
402,C-BebCBRZ730
403,C-BebS0XFK16
404,C-TudRHM8I12
405,C-BebQI0B011
406,C-BebFOW6R36
407,C-BebDOLNJ08
408,C-BebSJY4J46
409,C-BebK9C7U38
410,C-BebCULZ507
411,C-Beb2NXF015
412,C-Beb2GWXW36
413,C-BebQMPYI20
414,C-BebB1HC525
415,C-BebI73SR18
416,C-BebC64AK32
417,C-BebJ6I9U57
418,C-KirNNVAZ27
419,C-BebXXT1N31
420,C-Beb04KFV03
421,C-BebZF10W50
422,C-Kir34G5M31
423,C-Beb51ZCX29
424,C-BebBK52Q27
425,C-BebLAYA950
426,C-Beb12XZD35
427,C-BebZM6DD40
428,C-Beb2MFNM44
429,C-BebNQ9YL07
430,C-Beb4FUGL37
431,C-BebCREO009
432,C-Beb2M6HL13
433,C-BebRTO0F28
434,C-KirFXS4M07
435,C-Beb6M7EA17
436,C-BebVEX7A58
437,C-BebXV9NI24
438,C-BebYGZ9645
439,C-KirTQG0V55
440,C-BebEBWNR00
441,C-BebU6ZI842
442,C-Beb4DTWY59
443,C-BebKEXPF06
444,C-BebD04XU51
445,C-BebM975S20
446,C-BebOKTRJ49
447,C-BebTYEKG24
448,C-BebUZ3DA20
449,C-BebTK8E337
450,C-BebM36UO50
451,C-BebE7WMK34
452,C-BebS8SAY50
453,C-Beb2YSV220
454,C-BebP9QZ246
455,C-BebI67WA45
456,C-BebCFCJX36
457,C-BebUZP9Z32
458,C-BebOGI5R33
459,C-BebAG4MJ32
460,C-Beb1G6YF49
461,C-BebJ39QQ31
462,C-BebZXUS815
463,C-BebV92NV14
464,C-BebTAJQF56
465,C-BebS5A1F40
466,C-Beb41SSD25
467,C-BebGGTO443
468,C-BebMG9XY06
469,C-Beb2FFYB42
470,C-BebV0RTZ16
471,C-BebHHB7538
472,C-BebT67JL37
473,C-BebLAANF13
474,C-Beb9KVJ648
475,C-BebNG87N25
476,C-BebDT2CR57
477,C-BebVKRHO04
478,C-Beb7Z8GW41
479,C-BebUVT5Z12
480,C-Beb1QU1R32
481,C-BebLVQDC40
482,C-BebT5XIX57
483,C-BebQS0RV53
484,C-BebWE4C126
485,C-Beb7MJ5156
486,C-BebI49K111
487,C-BebSDAKT26
488,C-BebJU5DA00
489,C-BebTC4FD54
490,C-BebHFTUD23
491,C-BebXYHQS51
492,C-BebL3WQR19
493,C-BebIKNDQ26
494,C-Beb8PURS22
495,C-BebMQP4822
496,C-BebNNN0P10
497,C-BebIXX3Y22
498,C-BebQJ2Q205
499,C-BebF20CJ09
500,C-Beb5ZZOG54
501,C-BebQCUFE43
502,C-BebH5V5523
503,C-BebG9LVV28
504,C-BebYNR7247
505,C-BebXY27F01
506,C-Beb8PE1Z40
507,C-Beb0HJXX35
508,C-Beb6PNZF45
509,C-Beb5348R41
510,C-BebLQTQU02
511,C-BebT7VZY42
512,C-BebPGRIU16
513,C-Beb7ORQ904
514,C-BebLX32D55
515,C-BebH7SU729
516,C-BebD0WSP27
517,C-Beb6B5N922
518,C-BebP0FWZ39
519,C-Beb5L10X07
520,C-Beb4R5Y603
521,C-BebWCEIP30
522,C-BebT99W519
523,C-Beb7MZ1V49
524,C-BebXL2BW39
525,C-Beb02UZL07
526,C-BebYPJNX39
527,C-BebHO6QD41
528,C-BebD5VNG34
529,C-BebFGRYZ39
530,C-BebXVMLU45
531,C-Beb2AALQ14
532,C-BebKHP2A35
533,C-BebJJUKT55
534,C-Beb0M8OV49
535,C-BebOZCB100
536,C-Beb7P1MJ04
537,C-BebEM96Y33
538,C-Beb4MWWK52
539,C-BebPW9VP34
540,C-Beb9OHS422
541,C-BebS6Q1705
542,C-BebJFR9I55
543,C-BebYOMWA19
544,C-BebI2UD922
545,C-BebSE2M246
546,C-Beb3Q6CJ45
547,C-Beb1GSX014
548,C-BebBHVZO44
549,C-Beb4EFIC26
550,C-BebZ3QQB19
551,C-Beb4BQF236
552,C-BebXATBE47
553,C-BebDJLID22
554,C-BebLG92816
555,C-Beb7QIGN40
556,C-BebBTVJ355
557,C-BebO4VRT55
558,C-Beb9F6AY06
559,C-Beb7KZA337
560,C-BebESPGF25
561,C-Beb016J022
562,C-Beb8KZZA20
563,C-BebL5WUA44
564,C-BebTMC2709
565,C-BebXNNGY31
566,C-BebW5MY313
567,C-BebDTAHG21
568,C-Beb2FEKQ03
569,C-Beb6EGCA38
570,C-BebA3RBE46
571,C-Beb9GJK756
572,C-BebNMGK410
573,C-BebWJWIV30
574,C-Beb4EPO837
575,C-BebWU29153
576,C-BebIIQR712
577,C-BebQN75X08
578,C-BebFJ93118
579,C-Beb21HQH53
580,C-Beb1JGVL53
581,C-BebBJEYM49
582,C-BebLTP1I30
583,C-BebGU1C116
584,C-Beb4TOR028
585,C-Beb1HCWW38
586,C-Beb0DQZE27
587,C-BebIAXMZ48
588,C-BebFU3WM59
589,C-BebTORLG00
590,C-BebJ2PY941
591,C-BebTM3O828
592,C-BebU8CL438
593,C-BebRMV5132
594,C-BebNVSIN27
595,C-BebRJRJT12
596,C-Beb58LFA34
597,C-BebIGSJZ39
598,C-BebXT7JL56
599,C-Beb2HI2T20
600,C-BebEDL2D55
601,C-BebE1C5244
602,C-BebYWF7J37
603,C-Beb9WF5R37
604,C-BebUO1NO49
605,C-BebEPL2127
606,C-BebCYZEZ29
607,C-BebLWVO600
608,C-Beb3TF2025
609,C-BebEC7H139
610,C-BebB92J522
611,C-Beb23SBN12
612,C-BebWIWE630
613,C-BebC8LS359
614,C-Beb6G4EU21
615,C-BebEELQV43
616,C-BebJGIPE03
617,C-Beb9J46C59
618,C-BebAB8V649
619,C-BebK7VHB32
620,C-Beb7KOCP10
621,C-Beb60U5B58
622,C-BebPNWE923
623,C-BebHW8IW49
624,C-BebS60TI22
625,C-BebG6MQO31
626,C-BebZJTTU35
627,C-BebG98RP00
628,C-Beb7T9IC46
629,C-BebT33EM57
630,C-Beb733PI00
631,C-BebAKRMY56
632,C-BebV8AU105
633,C-BebH7CBU51
634,C-BebESCJA04
635,C-BebOOTTN01
636,C-BebMOE3M24
637,C-BebSWB9Z52
638,C-BebOK4D108
639,C-BebGXM2D36
640,C-BebZS1RG00
641,C-Beb720E258
642,C-BebYOJQB05
643,C-BebCS7IZ22
644,C-BebETSRI51
645,C-Beb0WHDZ05
646,C-BebJ705V49
647,C-BebX0EU718
648,C-BebWT6RZ40
649,C-BebFPI3U11
650,C-BebCPFRA17
651,C-Beb5ROUZ37
652,C-BebOXZ6313
653,C-BebYLV1058
654,C-Beb4PGTJ11
655,C-Beb6RB9958
656,C-Beb3MB1T28
657,C-BebEIPWQ23
658,C-BebFQ1RZ26
659,C-Beb8Z5OA22
660,C-Beb5J4X429
661,C-BebCO85T32
662,C-BebEXAJU02
663,C-BebE9DJZ32
664,C-BebVVRL932
665,C-BebY6OWM57
666,C-BebCT0MA31
667,C-Beb5UNA155
668,C-BebH5Z2X48
669,C-BebILW1O50
670,C-BebJP9XZ28
671,C-Beb3CHU555
672,C-Beb45ELE31
673,C-BebKPXXK09
674,C-BebHKGFA58
675,C-BebUCVFS48
676,C-BebIS99Q21
677,C-BebD8GGF29
678,C-Beb6EE0N18
679,C-BebMJIWZ19
680,C-BebVJMB005
681,C-Beb5Y4N546
682,C-BebCKO3N02
683,C-BebIMW8034
684,C-Beb8284027
685,C-BebVZIK859
686,C-Beb8J11218
687,C-BebRAGUC18
688,C-Tud546V243
689,C-BebBNVU007
690,C-Beb28TAE22
691,C-BebXYNRJ13
692,C-Beb2FAHX25
693,C-BebW4B2B31
694,C-Beb7DCCR03
695,C-Beb1XKLS52
696,C-BebMQ43558
697,C-BebWG0MO00
698,C-BebCO2RW10
699,C-Beb31B6D48
700,C-BebOPDH627
701,C-BebBS1H636
702,C-Tud774GO27
703,C-BebAS3RH36
704,C-BebL1TSW45
705,C-BebW3SPD40
706,C-Beb4Y5FP26
707,C-BebL2HPS38
708,C-Beb2M8CU33
709,C-BebP74DD39
710,C-BebVLB2B43
711,C-BebCJWUC42
712,C-BebJWY1M20
713,C-BebFCR0R48
714,C-BebRJIBY51
715,C-BebU8CQV41
716,C-BebL6N4H07
717,C-Beb89UU952
718,C-BebUA5EX24
719,C-Beb2E6Q337
720,C-BebHIA7746
721,C-BebNFKLP52
722,C-BebTD7L735
723,C-BebPXC6719
724,C-Beb63WUN22
725,C-Beb8QQKJ49
726,C-BebCZA6950
727,C-BebVYWQI07
728,C-BebB19D439
729,C-BebVVKJ537
730,C-BebJMR2M16
731,C-Beb3R4TX45
732,C-Beb7DXZ929
733,C-BebH8IX730
734,C-BebQWHIB12
735,C-BebZX33216
736,C-BebTX4FO52
737,C-Beb1YHR412
738,C-BebUW3JI40
739,C-BebZOKAO32
740,C-Beb6SZWM48
741,C-Beb9H6IA45
742,C-BebFTW3758
743,C-BebE37Q938
744,C-BebED0R320
745,C-BebVQL0U45
746,C-BebRHQL906
747,C-BebCKMD404
748,C-BebKCMVW07
749,C-Beb3UMZE12
750,C-BebLK32806
751,C-BebGB4IJ25
752,C-BebGOFEL13
753,C-BebWXCQ101
754,C-BebHKVN204
755,C-BebGHWVH38
756,C-Beb6MV6W03
757,C-BebS313839
758,C-BebP22T857
759,C-Beb2L0TV04
760,C-Beb3G11419
761,C-BebVS43650
762,C-BebJZ6B329
763,C-BebI0OLT27
764,C-Beb65NZ233
765,C-Beb8RBQ649
766,C-BebSVHJ602
767,C-Beb7JJVT07
768,C-BebUGU4L29
769,C-BebQW7D748
770,C-BebS9C4S28
771,C-BebJVQOO19
772,C-Beb3D6ON06
773,C-BebH7M3357
774,C-BebRM4LV03
775,C-BebMGYJJ52
776,C-BebIEGRB10
777,C-Beb7T6MZ34
778,C-BebVGNLH48
779,C-BebSBVX020
780,C-Beb3240H26
781,C-BebMXI0L32
782,C-Beb95FRY07
783,C-BebXGIW639
784,C-BebYDCOC38
785,C-BebRDQ9W34
786,C-BebSMF2S36
787,C-BebZWO2B07
788,C-Beb50GZX37
789,C-BebRMG9V06
790,C-BebE9IZY00
791,C-BebWGOXI10
792,C-BebMD37V21
793,C-BebABZ8T23
794,C-BebTI11N13
795,C-Beb7S9JR45
796,C-Beb1UQLW21
797,C-Beb2KJA420
798,C-BebDHH5G18
799,C-BebQZYAU20
800,C-BebYQ6GB55
801,C-BebS56ZF43
802,C-BebTMY1T02
803,C-BebO6RD315
804,C-BebSN19D46
805,C-Beb57DB001
806,C-BebNZ9NO26
807,C-BebFKYNZ19
808,C-BebPIQG206
809,C-BebP4Y0L30
810,C-BebESZFF11
811,C-BebD2WDG02
812,C-BebIBWQV39
813,C-BebUMSTS33
814,C-BebYN13003
815,C-BebT3RM601
816,C-BebO37FN34
817,C-BebTQJ8L05
818,C-Beb5GGF628
819,C-Beb0TQ4324
820,C-Beb11XXY43
821,C-BebUHRKO34
822,C-BebT9AII17
823,C-Beb78KRF05
824,C-Beb99QOV40
825,C-Beb78W0P33
826,C-BebKMKCI49
827,C-BebW1YBL13
828,C-BebYGU9C22
829,C-Beb3J9YK58
830,C-Beb5O1CU06
831,C-BebKRYBK36
832,C-BebSS29K43
833,C-BebCXCM130
834,C-BebZ3VP601
835,C-BebI7XYU07
836,C-BebJFYYP17
837,C-BebC55ZX16
838,C-BebFGXMK20
839,C-BebN3BOK24
840,C-BebC81B119
841,C-Beb1W3A430
842,C-Beb7QT7C38
843,C-BebKXYY656
844,C-BebQ9Y7Z53
845,C-BebC726417
846,C-Kir1JFD833
847,C-Beb8OL8F20
848,C-BebAJDGD36
849,C-BebOBKIP02
850,C-Beb1UTT119
851,C-BebVQQZ527
852,C-BebTH6CY30
853,C-BebK1D7W03
854,C-BebU6OXZ24
855,C-BebP9K3T13
856,C-BebXR62137
857,C-BebC0U0Z40
858,C-Beb0L1N741
859,C-BebOG2IM57
860,C-BebVCATF36
861,C-BebFYG0E56
862,C-BebL1GP409
863,C-BebX0X7Z51
864,C-Beb891ZL07
865,C-BebNJ34D07
866,C-BebW1BVZ36
867,C-Beb4E92R36
868,C-BebV3PJL02
869,C-Beb7RIGN42
870,C-BebUHM9A22
871,C-BebDLIVJ46
872,C-Beb0BTU030
873,C-BebS477N57
874,C-BebBA86J01
875,C-BebKHZJE44
876,C-BebGGR0746
877,C-Beb0IYS159
878,C-Beb2LEXT56
879,C-BebX7ENE31
880,C-BebBVO4602
881,C-Beb4BPQF41
882,C-Beb727SN32
883,C-Beb60GDF13
884,C-Beb7BR1P51
885,C-BebFK4VE45
886,C-BebQVS7X03
887,C-BebBY9HT10
888,C-BebFXKS226
889,C-BebAEK7747
890,C-BebHG77820
891,C-BebK2YJ137
892,C-BebGRZUX05
893,C-Beb9RJX337
894,C-Beb4XUQO23
895,C-Beb49CQH31
896,C-Beb00J8L22
897,C-BebWRJY340
898,C-Beb0UREM42
899,C-BebPZB0Z19
900,C-BebQUDQ015
901,C-BebBE2RW05
902,C-BebNG6RB14
903,C-BebQVQ0941
904,KirH8Z03
905,BebQBP04
906,BebX8D12
907,BebWTB24
908,Beb8CR39
909,BebPCK49
910,BebMHG29
911,BebXMQ30
912,Beb54C10
913,Beb5XM39
914,BebMAO08
915,Beb4P414
916,Beb30352
917,Beb3UQ09
918,Beb1D956
919,BebKFU17
920,Beb2XB33
921,BebU1E40
922,BebGEF17
923,BebSPE57
924,Beb4ZI19
925,BebFDQ11
926,Beb5BH06
927,BebUOU02
928,BebCIG05
929,BebAW834
930,BebPFE36
931,BebQ0652
932,BebCH222
933,BebLW203
934,BebAB508
935,BebFN133
936,BebBUH05
937,BebL6G42
938,BebTSU20
939,BebD3A33
940,Beb82R33
941,BebU4Z43
942,BebVKK37
943,BebV9A50
944,BebWLC03
945,BebM9728
946,Beb3O714
947,BebZ5553
948,BebT6M38
949,BebCTG57
950,BebWQR15
951,BebIHH06
952,Beb55649
953,BebOOE13
954,BebC3V01
955,Beb12031
956,BebW6407
957,BebLBJ41
958,BebIUT23
959,Beb2BP19
960,BebUGP19
961,BebOV351
962,Beb7TD10
963,BebFCN31
964,BebYKF04
965,Beb3M722
966,BebB7J42
967,BebEZD06
968,BebJE617
969,BebLTM37
970,BebA8825
971,Beb8QI27
972,Beb2WN48
973,BebMFH20
974,BebQR342
975,BebIV323
976,Beb1VM55
977,BebYRF49
978,BebW1607
979,BebX4B29
980,BebDLS33
981,BebRAO56
982,BebIV004
983,BebP0Y15
984,BebEPF22
985,BebBX401
986,BebWK651
987,Beb6KY50
988,Beb5OL48
989,BebCTG03
990,BebV0T57
991,BebBLP40
992,BebC0N53
993,BebUFU06
994,BebVN136
995,BebFAR51
996,BebORR41
997,BebQGY57
998,BebJUL57
999,Beb29A47
1000,Beb9CD00
1001,BebB3054
1002,BebHEP51
1003,Beb8VS41
1004,BebT1W51
1005,BebYMU40
1006,BebAOL12
1007,Beb6O317
1008,BebOD713
1009,BebB0951
1010,Beb76Q12
1011,Beb25650
1012,BebAAB12
1013,Beb4GP01
1014,BebBZ759
1015,BebY1845
1016,BebDHU55
1017,BebR1N18
1018,Beb95O13
1019,Beb9MS51
1020,BebQ8H45
1021,BebCQX50
1022,Beb5TA16
1023,BebREK36
1024,BebSLH21
1025,Beb2Z431
1026,BebJZH29
1027,Beb3IA50
1028,KirSVM20
1029,BebEUI20
1030,BebE8S13
1031,BebWC008
1032,BebBXH38
1033,Beb9R425
1034,BebQ3439
1035,BebAPW06
1036,Beb8VM06
1037,BebBXU27
1038,BebS4L35
1039,BebNDN32
1040,BebLBH29
1041,BebFH426
1042,BebP8J38
1043,BebYGQ21
1044,BebR0V24
1045,BebJHD37
1046,BebVRZ35
1047,BebA0243
1048,BebICV10
1049,BebYJM23
1050,Beb0BU27
1051,Beb8YI01
1052,BebU9H43
1053,Beb80N13
1054,BebJT957
1055,BebTRR20
1056,Beb7S515
1057,BebG8R50
1058,BebP3M54
1059,BebF5M58
1060,BebAJ005
1061,BebPFW42
1062,BebBAT26
1063,BebZ3E06
1064,Beb3KZ21
1065,Beb22P49
1066,KirBOF17
1067,BebK6L40
1068,BebP9912
1069,BebSWH26
1070,BebWYZ32
1071,BebWGB47
1072,Beb4U754
1073,BebRXN46
1074,BebYH429
1075,BebW0U30
1076,BebAME51
1077,BebSSE43
1078,Beb53V26
1079,BebHO146
1080,BebE4L56
1081,BebVJL05
1082,Beb38722
1083,BebQUR40
1084,BebH7I59
1085,BebJ1O26
1086,Beb07J47
1087,BebKN112
1088,BebKYO52
1089,BebK0W20
1090,BebCN631
1091,Beb5G723
1092,BebAOC35
1093,Beb9VG25
1094,BebQHH33
1095,BebYAK28
1096,BebF5E15
1097,BebAV514
1098,BebIHE37
1099,Beb5XY29
1100,BebPRW23
1101,BebKIJ52
1102,Beb29J05
1103,BebILD50
1104,BebG3609
1105,BebVEX56
1106,BebZS846
1107,Beb0FV51
1108,BebL4W22
1109,BebSX230
1110,BebAAH45
1111,BebUI000
1112,BebYCB21
1113,Beb6W523
1114,BebNVR40
1115,BebIFL54
1116,BebTKD27
1117,BebMME27
1118,BebIEL02
1119,BebOJK35
1120,BebQB630
1121,BebCVR46
1122,BebWEN50
1123,BebZWM44
1124,BebUTS02
1125,Beb2CU29
1126,BebVNF30
1127,BebYRE10
1128,BebBJ149
1129,BebIIU26
1130,BebT5V28
1131,BebRM007
1132,BebHRV00
1133,BebYJ030
1134,BebPFW08
1135,Beb39141
1136,BebJS624
1137,BebMDS19
1138,BebRCJ46
1139,BebRC250
1140,BebWFY33
1141,Beb11419
1142,BebQ3Z21
1143,BebOZ005
1144,Beb4T402
1145,Beb6HF50
1146,BebV5A52
1147,Beb2NS34
1148,Beb0A244
1149,Beb2ND06
1150,BebGV630
1151,BebP6K38
1152,BebO5O19
1153,BebTGB01
1154,Beb6T319
1155,BebAFP10
1156,Beb3TP48
1157,BebBKA14
1158,BebEGP42
1159,BebWS541
1160,Beb7RJ23
1161,BebXLR12
1162,Beb19109
1163,Beb2B253
1164,BebU8D13
1165,Beb7HR24
1166,BebLFW29
1167,BebSPF51
1168,BebZOK03
1169,Beb1NG21
1170,BebYC323
1171,Beb6ZJ06
1172,BebXKV55
1173,BebNPM50
1174,BebM1A19
1175,BebN1I06
1176,BebTWC07
1177,BebN9F18
1178,BebGFR56
1179,Beb50X35
1180,Beb1MN39
1181,BebWPW31
1182,BebOLN48
1183,BebUTI15
1184,BebZ5O00
1185,BebMVN25
1186,BebX3735
1187,BebGR858
1188,BebE2N04
1189,BebU7C45
1190,BebP0B19
1191,BebWJ150
1192,BebVNA34
1193,Beb5O607
1194,Beb5PD09
1195,BebJJ503
1196,BebB1R43
1197,BebNLQ54
1198,BebIT656
1199,BebBER42
1200,BebY4P38
1201,Beb8OD57
1202,KirYOI24
1203,Beb06I15
1204,BebZT155
1205,Beb80G00
1206,KirF0612
1207,Beb0YY17
1208,BebWSV31
1209,BebZYP38
1210,BebNDP53
1211,BebNVR58
1212,BebENT13
1213,BebMFO51
1214,Beb33V28
1215,BebJYQ22
1216,BebWY857
1217,Beb2G515
1218,BebB3G39
1219,BebIYG43
1220,BebME340
1221,BebQ9821
1222,BebHVI12
1223,BebL7P32
1224,BebTI222
1225,BebUWN48
1226,BebJT315
1227,BebX2T22
1228,Beb0SI47
1229,BebYUN58
1230,BebGOB14
1231,BebIA247
1232,BebZ6X58
1233,BebASU05
1234,BebSOC58
1235,Beb59G36
1236,BebPFR56
1237,BebTLA15
1238,BebFIO31
1239,Beb0W239
1240,Beb7BU33
1241,Kir0V454
1242,BebRBC40
1243,BebAP800
1244,BebXQA29
1245,BebCZC56
1246,BebILH14
1247,BebDF349
1248,Beb6QK14
1249,Beb6TE30
1250,BebOX550
1251,Beb01D32
1252,BebVEF57
1253,Beb0SY26
1254,BebUM440
1255,BebOEQ11
1256,Beb9KZ57
1257,BebC5R21
1258,BebRTS29
1259,BebRIW17
1260,BebF1K15
1261,BebHRK47
1262,Beb5EA06
1263,Beb9DM13
1264,BebQ3K31
1265,BebKEC55
1266,Beb0I931
1267,BebNOL42
1268,BebLBD24
1269,BebW1X14
1270,Beb77517
1271,BebH0E30
1272,BebSY047
1273,BebMHV22
1274,BebS7835
1275,Beb00L25
1276,BebS3N31
1277,BebIN712
1278,BebAV009
1279,BebJNG45
1280,Beb2TQ43
1281,BebM8X06
1282,BebMOC29
1283,BebMP011
1284,BebVM253
1285,BebHXQ05
1286,BebF5F34
1287,BebGI742
1288,BebAGV04
1289,BebY2A05
1290,BebPC544
1291,Beb01M30
1292,BebZDC41
1293,BebFDC04
1294,BebIUG55
1295,Beb1V420
1296,Beb70S58
1297,BebVQU02
1298,Beb18127
1299,Beb01H55
1300,Beb8MQ50
1301,Beb6IP29
1302,Beb29T35
1303,BebEO910
1304,Beb7R241
1305,Beb6HC17
1306,BebEVO11
1307,BebDW744
1308,BebYW336
1309,BebKHJ39
1310,BebGRI44
1311,BebMXX15
1312,BebQM457
1313,BebDK856
1314,BebSGN25
1315,BebAFM17
1316,BebEZ806
1317,Beb8RO05
1318,BebNOA34
1319,BebOWM19
1320,BebI7518
1321,BebV2T10
1322,BebTHO47
1323,BebFZU00
1324,BebPB720
1325,Beb7CS00
1326,BebQO354
1327,BebF9212
1328,Beb93P49
1329,Beb2EK01
1330,BebNIR11
1331,BebGZX41
1332,BebEXM39
1333,BebIS512
1334,BebMWR10
1335,BebUSG16
1336,BebJRF51
1337,BebW2Q28
1338,BebHP808
1339,Beb48728
1340,BebP1D06
1341,BebP5U54
1342,BebHMM22
1343,BebSO749
1344,BebHON22
1345,BebG9D25
1346,BebQ2235
1347,Beb7HO41
1348,BebPQB54
1349,KirA9508
1350,BebQKS23
1351,BebA6T17
1352,BebRXX26
1353,Beb07R46
1354,BebLFF14
1355,Beb20753
1356,Beb4CV27
1357,BebK9546
1358,BebBHO39
1359,Beb6AV06
1360,Beb7NP21
1361,Beb1F417
1362,BebGHE31
1363,BebK4035
1364,Beb0YB14
1365,Beb9QF26
1366,BebWEU44
1367,BebJ6I36
1368,BebQ2V32
1369,BebIKN02
1370,BebCVS34
1371,Beb92733
1372,BebGL344
1373,BebVID52
1374,BebJ0B02
1375,BebEG034
1376,Beb3TG57
1377,Beb8S041
1378,Beb1M059
1379,BebC7112
1380,Beb1JL43
1381,BebV3B16
1382,BebISC42
1383,Beb0FO49
1384,BebFHA51
1385,BebTBX09
1386,BebY7819
1387,BebRL146
1388,BebC5W08
1389,Beb4R312
1390,BebWH435
1391,BebSKZ29
1392,BebACJ10
1393,BebY1F23
1394,BebX3J56
1395,BebKNQ41
1396,Beb16520
1397,BebW5O41
1398,BebYC450
1399,BebAVM08
1400,Beb4AS03
1401,BebFH727
1402,Beb88Q56
1403,BebUGL31
1404,BebZBQ15
1405,Beb0JZ58
1406,BebZUG33
1407,Beb68525
1408,BebD8E13
1409,BebM0G46
1410,BebVIL13
1411,BebD9R31
1412,BebMJH11
1413,BebTKD07
1414,BebHDI33
1415,Beb74E28
1416,BebVUP54
1417,BebCZA22
1418,Beb4FG58
1419,Beb51706
1420,Beb6IW56
1421,BebM0N55
1422,BebH1F24
1423,BebC1X15
1424,BebTQX49
1425,Beb84Y12
1426,BebDKV42
1427,Beb1IJ07
1428,BebATX16
1429,BebOQO41
1430,BebZST49
1431,Beb42547
1432,Beb05O49
1433,Beb4UV30
1434,Beb8KO16
1435,BebNXV32
1436,Beb28I08
1437,BebLQQ04
1438,BebM2E06
1439,BebGSB44
1440,Beb43D42
1441,Beb81108
1442,BebAFE28
1443,Beb00B25
1444,BebUU329
1445,BebIDK03
1446,BebOPL43
1447,BebCWU23
1448,BebZ2E17
1449,BebARZ36
1450,BebAJD09
1451,Beb2LA12
1452,BebEWW20
1453,Beb6LI43
1454,BebVS146
1455,BebLZR48
1456,BebXOL18
1457,BebXBN27
1458,BebDS357
1459,Beb3WD56
1460,BebH4H24
1461,Beb96L40
1462,BebC2F43
1463,Beb4S635
1464,BebYJ459
1465,Beb74453
1466,Beb8IN21
1467,BebIWW05
1468,Beb5XO21
1469,Beb6TI53
1470,BebJV346
1471,BebFXT17
1472,BebPU128
1473,BebDCH15
1474,BebQUT53
1475,BebH2K24
1476,BebEQK21
1477,BebTCK23
1478,BebZIZ59
1479,BebPZC56
1480,Beb0BC15
1481,BebTSO19
1482,BebRYE52
1483,BebOBF51
1484,BebNAN58
1485,BebBXY38
1486,Beb92E11
1487,Beb2RH19
1488,Beb80C31
1489,BebI8L29
1490,Beb0YK19
1491,BebEDJ14
1492,BebXEE20
1493,BebW6G52
1494,BebUB817
1495,Beb4CP41
1496,BebHQM12
1497,BebZ4T39
1498,BebHYD51
1499,BebBJO23
1500,Beb7FK54
1501,BebK3H02
1502,BebYEV25
1503,BebU3729
1504,BebE6T50
1505,BebFIT13
1506,Beb1F303
1507,BebD3D20
1508,BebU9351
1509,BebPLN21
1510,BebBA527
1511,Beb3LH22
1512,BebZJ902
1513,BebZ5H38
1514,BebSHQ26
1515,BebULV03
1516,BebMAH29
1517,Beb0RD21
1518,BebKX229
1519,BebHWG39
1520,BebVRB02
1521,Beb2PD12
1522,Beb2UN32
1523,Beb2ZA16
1524,Beb05O57
1525,BebPQO24
1526,BebGFD10
1527,BebFVK27
1528,Beb7OE56
1529,BebHPM42
1530,BebCIN10
1531,BebS7H00
1532,BebWNW19
1533,BebZC935
1534,BebSAV28
1535,BebEA028
1536,BebPX110
1537,BebUY328
1538,BebOIN28
1539,BebN5Y40
1540,BebEXC28
1541,BebFZM14
1542,Beb6LN26
1543,BebO2D03
1544,BebZCQ44
1545,BebRCS59
1546,Beb9JK20
1547,BebBGB23
1548,BebGEB03
1549,BebN9851
1550,BebJO648
1551,Beb9GL46
1552,BebEZQ30
1553,BebM5Q51
1554,BebUOA34
1555,Beb2AA52
1556,BebWZU18
1557,BebD4F32
1558,Beb0NT11
1559,Beb26L18
1560,KirLGU12
1561,Beb70746
1562,BebRZG06
1563,BebTBK50
1564,Beb6ME15
1565,BebNFQ30
1566,Beb4GC15
1567,BebDWC49
1568,BagD6DH46
1569,BebC4PA22
1570,BebGWNW36
1571,BebN0O808
1572,BebWGBI07
1573,Beb1ANF07
1574,Beb59D437
1575,Beb6N4L10
1576,BebCDK048
1577,BebBDYV04
1578,Beb42DH17
1579,BebB01H44
1580,BebB6QC29
1581,Beb0S3253
1582,Beb1E7Z42
1583,BebV6ZY41
1584,BebW82F24
1585,BebR1SA08
1586,BebMXK020
1587,Beb8PBG42
1588,BebTRIT24
1589,Beb3LB503
1590,DogH1KV08
1591,Beb12ZE37
1592,Tud0OLF34
1593,BebI2T339
1594,BebP3BN35
1595,BebXIDA24
1596,Tud95KD50
1597,BebM0U658
1598,BebRSVN36
1599,BebLO4S45
1600,Beb9Q3K51
1601,Tud9S8N28
1602,BebQ8H934
1603,Beb3J6Y01
1604,BebM25T14
1605,BebU3Q845
1606,BebLFZF08
1607,KirQWG650
1608,Bag94HZ27
1609,Beb9XB639
1610,BebJ2HQ04
1611,BebYW6323
1612,BagVJV822
1613,BagY8EQ08
1614,BagSF4L11
1615,BebT8R932
1616,BebHAAC32
1617,Beb65IK28
1618,BebPWFZ15
1619,BebWVYW25
1620,Beb7PNA07
1621,Beb29EP17
1622,Beb222S29
1623,BebT8P821
1624,BebDPAU50
1625,BebC40411
1626,BebG32Z58
1627,Beb5A9I56
1628,BebL9J100
1629,BebIV3G10
1630,BebHKUM33
1631,GarXP0R46
1632,GarCJHZ19
1633,Gar9SQH18
1634,GarASJV23
1635,GarTMQF22
1636,GarGMXW11
1637,GarJSNG26
1638,GarGWF750
1639,GarZRJC35
1640,GarID6A35
1641,Gar4Y1D22
1642,GarRK4F55
1643,GarZXXQ57
1644,GarONRV36
1645,GarRFK125
1646,GarL5FX00
1647,GarUXHH17
1648,GarOKWY20
1649,GarSHRO26
1650,Gar6HG743
1651,GarOQZZ55
1652,GarUSH614
1653,GarPI7F45
1654,GarK7QF23
1655,GarE7VU35
1656,GarFAET09
1657,GarP6B618
1658,GarJSWH25
1659,Gar0INY06
1660,GarKAOZ15
1661,GarV7B427
1662,Gar9U3V12
1663,BunO75W16
1664,GarZ0AG32
1665,GarJK4E24
1666,Gar5K5N06
1667,Gar22K725
1668,GarCKTK27
1669,GarROI436
1670,GarCI8E11
1671,GarUFOR55
1672,GarZ29V36
1673,GarVFDO55
1674,Gar8U7Z34
1675,GarFKO948
1676,GarK4XM05
1677,GarTTNT22
1678,Gar4LBC35
1679,Gar5P1Y43
1680,GarCO4N28
1681,Gar8H3H53
1682,GarMFX241
1683,GarD3LC38
1684,GarZ1M723
1685,GarURBQ01
1686,GarFU6303
1687,Gar9Q3C49
1688,GarAHSI23
1689,GarT94Q35
1690,GarO6UI21
1691,GarZ7C208
1692,Gar008K58
1693,GarX7FS33
1694,Gar55VO18
1695,GarO1KR10
1696,GarH5ZK02
1697,GarK4MY35
1698,GarRFGZ37
1699,Gar89E125
1700,GarBHGY26
1701,Gar5HT451
1702,GarLQDT55
1703,Gar1GLX02
1704,GarF2HL27
1705,Gar7TLE14
1706,GarS1IG12
1707,GarFS3D36
1708,GarX3IU06
1709,GarX85P44
1710,Gar4H4034
1711,GarU96251
1712,GarX7P456
1713,GarOZZQ39
1714,GarI60K28
1715,GarR0CL18
1716,Gar5ZWT11
1717,GarZXMT21
1718,GarQTV648
1719,Gar6GAH34
1720,Gar14VP23
1721,Gar0PVK06
1722,Gar5VPV29
1723,Gar82CZ33
1724,GarCIZB34
1725,Gar0CTH22
1726,Gar2VLL18
1727,GarFO0P42
1728,Gar595R33
1729,GarIST238
1730,GarFCSD02
1731,GarA9MK41
1732,GarWPO933
1733,GarS8HR56
1734,Gar8T1J03
1735,GarVZDL14
1736,GarGHCQ42
1737,Gar5ZEN26
1738,GarXVMC34
1739,Gar69SW31
1740,GarD9PX55
1741,GarKEWY22
1742,Gar4NGP20
1743,GarHTTX11
1744,GarQ5VG55
1745,Gar1GFD31
1746,GarHE5C09
1747,GarM8XV48
1748,GarL05U59
1749,GarUJIR35
1750,GarQOPD40
1751,GarOIAD39
1752,Gar25FF30
1753,Gar01JH46
1754,GarGVDL57
1755,GarJU0I02
1756,Gar9FOG05
1757,GarYU2R01
1758,GarB5SD59
1759,GarU52R29
1760,GarHRMQ29
1761,GarXVS813
1762,Gar3AOM41
1763,Gar1OFM08
1764,Gar6ZAQ58
1765,GarVLY545
1766,GarSFDX25
1767,GarY3KT38
1768,GarHEU514
1769,GarPKVX51
1770,GarUKBD50
1771,GarPNWY34
1772,GarQCPT21
1773,GarTQWX46
1774,Gar8ZLQ28
1775,GarUVCR56
1776,Gar1T3E53
1777,GarQHW309
1778,GarSF3V40
1779,GarLZTR07
1780,GarSZMY12
1781,GarAKEW55
1782,GarJY0T05
1783,Gar601H57
1784,GarX95036
1785,Gar5QYX23
1786,Gar0IK455
1787,Gar5DW059
1788,Gar1IR112
1789,GarGDP35
1790,GarWWI00
1791,GarOP417
1792,GarS0245
1793,GarEMJ36
1794,GarQ9232
1795,GarT3V54
1796,GarPC132
1797,GarCHS49
1798,Gar2WT42
1799,GarVCD36
1800,GarIP453
1801,GarKBU34
1802,GarPJ147
1803,GarTV209
1804,GarRUB06
1805,GarO3D14
1806,GarTMS24
1807,GarLY013
1808,GarG0A14
1809,GarUX135
1810,GarO6Z02
1811,GarPJT52
1812,GarI0M29
1813,BebT7930
1814,BebRV954
1815,GarP4Z51
1816,GarSRB13
1817,Gar0ID18
1818,GarISK42
1819,GarRTY15
1820,Gar1P825
1821,Gar8GO07
1822,GarPPY07
1823,Gar25956
1824,GarHS728
1825,GarMER54
1826,GarICJ13
1827,Gar80D00
1828,Gar3KE46
1829,GarQYC55
1830,GarGYD58
1831,Gar9DG15
1832,GarEGX15
1833,GarJ0858
1834,GarM6222
1835,Gar0HC31
1836,GarANO49
1837,Gar7PP56
1838,GarPVQ33
1839,GarDF410
1840,GarI3W59
1841,GarHE859
1842,Gar98435
1843,Gar8H625
1844,GarYJ525
1845,GarB7947
1846,GarKY118
1847,Gar62G11
1848,GarMX415
1849,GarVV557
1850,GarHPQ04
1851,Gar0N831
1852,GarVMS14
1853,GarWP513
1854,GarEC814
1855,Gar4NF14
1856,Gar2BZ32
1857,GarG2A32
1858,GarKXN25
1859,GarVYN41
1860,GarHIQ38
1861,GarK8O34
1862,GarM2958
1863,GarNDH28
1864,Gar9N243
1865,GarRDC00
1866,GarJED35
1867,GarY4433
1868,GarIIN15
1869,GarXNY54
1870,GarYYH21
1871,GarU3C28
1872,GarJJY59
1873,GarMZ306
1874,GarM3D26
1875,GarOS520
1876,Gar5VU58
1877,GarJS149
1878,GarYXY57
1879,GarM7Z16
1880,GarDBE09
1881,Gar29109
1882,GarKAK02
1883,Gar63C42
1884,GarYPJ50
1885,GarCZE42
1886,GarNL009
1887,GarFSP25
1888,GarAIX16
1889,GarPI913
1890,GarHTX14
1891,GarJ3C10
1892,GarCLE51
1893,GarHED15
1894,Gar1QA22
1895,GarG5I05
1896,Gar1MK35
1897,Gar3K222
1898,GarBYE07
1899,Gar48F53
1900,Gar0U231
1901,Gar1KP48
1902,GarUH924
1903,GarBHY26
1904,GarK2F45
1905,GarZ6N02
1906,GarXTU15
1907,GarRYE11
1908,GarMH549
1909,C-GarLN59Q53
1910,C-GarJAJAJ58
1911,C-GarMU23G22
1912,C-GarYFLJ911
1913,C-Gar7VQ6448
1914,C-Gar8V0PB16
1915,C-GarE0E3W26
1916,C-GarTX72929
1917,C-GarXMLVW58
1918,C-Gar3I5EY06
1919,C-GarE64G809
1920,C-GarWZC1255
1921,C-GarG98KJ32
1922,C-GarRPJ4I45
1923,C-GarEGZDJ22
1924,C-GarN8AW823
1925,C-GarYFB3323
1926,C-GarW4JSA07
1927,C-GarORBOR00
1928,C-GarRTFZC16
1929,C-Gar0BQB037
1930,C-GarFPCNA35
1931,C-GarGD31S05
1932,C-GarNL0SA48
1933,C-GarJ8J0F01
1934,C-GarBYKXH21
1935,C-GarEATF426
1936,C-GarO34AK33
1937,C-GarTYT7J44
1938,C-GarUPLHL42
1939,C-GarLIYVG03
1940,C-Gar8P4AN15
1941,C-Gar8388B46
1942,C-Gar175DF27
1943,C-GarQFCS304
1944,C-GarQ2D9N13
1945,C-Gar8GAYM27
1946,C-Gar2358558
1947,C-GarWH9RN14
1948,C-GarSB58Y11
1949,C-GarHPLGU34
1950,C-Gar3R4O722
1951,C-GarRE21926
1952,C-GarOWAXJ53
1953,C-GarA66B030
1954,C-GarEAP6H12
1955,C-GarZTD1T34
1956,C-Gar0D8QZ30
1957,C-Gar170XA08
1958,C-Gar5LRN215
1959,C-Gar4XCQZ25
1960,C-GarO5S4N39
1961,C-Gar0PYCC59
1962,C-Gar1S2XX19
1963,C-GarXU4S739
1964,C-GarMGKB810
1965,C-GarDFEAM58
1966,C-GarG6SOU11
1967,C-Gar0B0H048
1968,C-GarYLJES30
1969,C-GarEXUAD50
1970,C-GarVQRTR00
1971,C-GarE24S825
1972,C-GarMOE9C51
1973,C-GarJ7UQU04
1974,C-GarV9YDF29
1975,C-GarS6MNJ15
1976,C-GarIP4L452
1977,C-Gar62RWY18
1978,C-GarVUNQH27
1979,C-GarCR6B702
1980,C-Gar4QN8I24
1981,C-GarCDDH735
1982,C-GarEUJU848
1983,C-GarMYWEX38
1984,C-GarVX03C50
1985,C-GarDAS7G13
1986,C-Gar2ZDKZ24
1987,C-Gar1E31318
1988,C-GarMTYVX49
1989,C-GarGZL9A04
1990,C-GarNZRAT33
1991,C-GarV5BT244
1992,C-GarHDSEA43
1993,C-GarAWVO408
1994,C-GarNMUSR05
1995,C-GarL2IKV09
1996,C-Gar5RTK841
1997,C-GarHBGC153
1998,C-GarHQZ3550
1999,GarX0N28
2000,GarXPR35
2001,GarF0715
2002,GarOS841
2003,GarU0913
2004,Gar5LH16
2005,GarAIK19
2006,GarWYA24
2007,Gar8NX57
2008,Gar35412
2009,GarBBP05
2010,Gar7MT58
2011,Gar17104
2012,GarULT04
2013,GarPBU39
2014,Gar0HD29
2015,GarEEH04
2016,Gar3K538
2017,GarLE012
2018,GarVYC00
2019,GarVQ329
2020,GarSKU20
2021,GarNQC53
2022,GarDPG07
2023,GarE9S36
2024,GarH0W47
2025,Gar4LR51
2026,GarIZX58
2027,Gar3MC57
2028,GarX8620
2029,GarKZNX19
2030,GarYSCR37
2031,Gar37J520
2032,GarG6B904
2033,GarP2DD34
2034,GarSAV425
2035,GarT3DP11
2036,GarSJYE56
2037,GarCQO712
2038,GarC2N231
2039,GarQA6031
2040,GarTGBT42
2041,Gar7XXE24
2042,Gar4MWG05
2043,Gar6Q8641
2044,Gar0Y0M53
2045,GarADRQ05
2046,KurVLWY23
2047,GarOR4813
2048,KurU7XP06
2049,GarD2FJ06
2050,GarSF8B16
2051,GarHE8E12
2052,Gar9AFF45
2053,GarT9W746
2054,Gar353T14
2055,GarIM5Q22
2056,Gar688W32
2057,Gar63CS23
2058,GarJW5Z45
2059,GarLPN733
2060,Gar1NXM18
2061,GarOMMY21
2062,GarZPZS21
2063,GarSC7V39
2064,GarECD333
2065,GarCPFR13
2066,GarEE5H18
2067,Gar420101
2068,GarIE9213
2069,GarRP0A24
2070,GarK51V44
2071,GarM5QR08
2072,GarBZSM59
2073,Gar5TMO26
2074,Gar475L38
2075,GarHQUP25
2076,GarAHV400
2077,Gar8FG545
2078,Gar4Z4123
2079,GarNS4B08
2080,GarX4CT34
2081,GarNYRZ06
2082,GarKV1T33
2083,GarKLKT41
2084,GarY6MJ12
2085,Gar5SEA47
2086,GarE2JG22
2087,GarONBO28
2088,Gar3ZPI18
2089,GarX2VH39
2090,Gar6P3439
2091,Gar4WU929
2092,GarKM8F50
2093,GarKOIH26
2094,GarWJ1927
2095,Gar0Z2T53
2096,GarTRMG37
2097,GarY59830
2098,GarV57003
2099,GarXA9D40
2100,Gar3WKT29
2101,Gar210B21
2102,GarR16H18
2103,GarGVCG00
2104,GarKF2R59
2105,GarVTV49
2106,Gar5EC32
2107,GarZ1B38
2108,Gar2W905
2109,Gar8Z522
2110,Gar4GQ06
2111,GarHGN12
2112,Gar8EG16
2113,GarYVS05
2114,GarFEU12
2115,GarCO808
2116,Gar2WW05
2117,GarGFU58
2118,GarETL27
2119,GarU1924
2120,GarSS059
2121,GarT0Q04
2122,GarOTL59
2123,GarLHB17
2124,GarLKC32
2125,Gar1V120
2126,GarDDP39
2127,GarSUR20
2128,GarSS752
2129,GarZ7Y08
2130,GarYLH07
2131,GarRKA58
2132,Gar5HY54
2133,GarQ4M42
2134,GarV7Y52
2135,Gar6GQ52
2136,GarEBV58
2137,GarUDI01
2138,GarIGP44
2139,GarEM837
2140,GarFF809
2141,GarX6212
2142,GarG7F13
2143,Gar8SK20
2144,Gar00Y04
2145,Gar1SG38
2146,GarEX930
2147,GarMB839
2148,GarJNK38
2149,GarI7915
2150,GarB6208
2151,GarMGR04
2152,Gar9S210
2153,GarOBD29
2154,GarNZC43
2155,GarA2Z58
2156,GarICQ14
2157,GarRAZ17
2158,GarUYJ29
2159,Gar95222
2160,Gar6LT18
2161,Gar3IV54
2162,GarIUR20
2163,GarHBO50
2164,GarSPC48
2165,Gar6RI06
2166,GarW3M46
2167,GarGZL58
2168,GarQPB13
2169,GarQLP53
2170,GarE3S55
2171,GarHOA28
2172,GarB4J37
2173,GarMXL59
2174,GarQ5H16
2175,GarU0631
2176,Gar0Q710
2177,Gar09624
2178,Gar63V15
2179,GarBZ131
2180,Gar7CY46
2181,GarZ3013
2182,GarBIZ48
2183,GarFH030
2184,Gar9J102
2185,GarVAW55
2186,Gar8MS11
2187,Gar1RX58
2188,Dog36433
2189,Gar09230
2190,Gar41742
2191,GarIYG50
2192,GarLPV52
2193,Gar8US34
2194,Gar4BM35
2195,GarWXG34
2196,GarI0407
2197,Gar77G12
2198,GarO8W16
2199,GarMOB53
2200,GarAXZ51
2201,Gar15Q20
2202,Gar69O34
2203,GarEBU18
2204,GarWG852
2205,GarQG723
2206,Gar4JS38
2207,GarZL950
2208,GarYIK46
2209,GarDET45
2210,GarS9P22
2211,GarT7055
2212,GarVQ315
2213,Gar2MS00
2214,GarTDY51
2215,GarITU52
2216,GarSA712
2217,GarC4R26
2218,Gar7MB35
2219,GarUC959
2220,Gar71150
2221,GarO3558
2222,Gar8YC06
2223,GarSET00
2224,GarCQ630
2225,GarGSM33
2226,GarIS121
2227,GarP9E48
2228,GarALO24
2229,GarDJ618
2230,GarEAA46
2231,Gar6SU05
2232,GarNY840
2233,GarE7O12
2234,GarWEQ22
2235,GarL3W45
2236,GarU6Y42
2237,GarRG227
2238,Gar2EC17
2239,GarSZ748
2240,GarMCS00
2241,GarZF805
2242,GarQK750
2243,Gar1JA06
2244,GarR7Z35
2245,GarKIT14
2246,GarLE404
2247,GarCZB20
2248,GarP1Y50
2249,GarWBC31
2250,GarOM339
2251,Gar5E806
2252,GarU9A14
2253,GarXWA06
2254,GarW3G48
2255,Gar6ZP03
2256,GarHFV21
2257,GarXBD15
2258,GarMZP19
2259,Gar7BI53
2260,GarG1L22
2261,GarHV327
2262,Gar5CG17
2263,Gar4XS29
2264,GarZ8K46
2265,Gar6TY56
2266,GarHKG53
2267,Gar7Y942
2268,GarPSC10
2269,GarWKK28
2270,Gar6NC06
2271,GarTY840
2272,Gar0N717
2273,GarR9510
2274,GarMT617
2275,GarSAJ16
2276,GarBSX38
2277,GarFE951
2278,GarV9T26
2279,GarX3Q14
2280,Gar9UM42
2281,GarD5702
2282,GarB1O16
2283,GarACX51
2284,GarR8705
2285,GarYMA36
2286,GarOFM11
2287,GarBYF03
2288,GarRHW41
2289,GarOUR01
2290,Gar38J24
2291,GarB3N32
2292,GarB2D22
2293,GarPCZ11
2294,GarDEC24
2295,GarC0Q46
2296,GarJTR27
2297,GarZEL04
2298,Gar2P356
2299,Gar5Z214
2300,GarHEU39
2301,GarJLM47
2302,Gar4XY10
2303,Gar0T229
2304,Gar57726
2305,GarDN856
2306,GarWS520
2307,GarEVY36
2308,Gar9PA53
2309,GarZ6H46
2310,GarD4834
2311,GarCT733
2312,GarK2313
2313,GarMBT50
2314,GarOEM01
2315,GarPIF32
2316,GarWVB05
2317,GarNA140
2318,GarRUN00
2319,GarHS012
2320,Gar14D42
2321,Gar0YN59
2322,GarSQU03
2323,GarTTH43
2324,Gar1FF35
2325,Gar9S038
2326,Gar6Y036
2327,GarWPB52
2328,Gar5X543
2329,GarCD452
2330,Gar8XA39
2331,GarF7B34
2332,Gar9DU37
2333,Gar0W649
2334,GarDEW53
2335,GarHAN57
2336,Gar42215
2337,GarYVE24
2338,Gar29D30
2339,GarNQG55
2340,GarVSI46
2341,GarXTV58
2342,GarJSC57
2343,Gar4KO47
2344,GarXPG35
2345,GarCMF47
2346,GarQUG19
2347,Gar0FM25
2348,Gar1Q758
2349,GarH5626
2350,GarX7W23
2351,GarUMY30
2352,GarJGX19
2353,GarULS18
2354,GarL4221
2355,GarI3309
2356,Gar5J845
2357,GarP0U36
2358,GarD1M08
2359,GarZJX03
2360,GarD7T46
2361,GarSCS42
2362,Gar74D03
2363,GarVXI47
2364,GarMFO42
2365,GarDWC27
2366,GarQ9905
2367,Gar19122
2368,GarD4I26
2369,GarQIU31
2370,GarCW732
2371,Gar4XY03
2372,GarRAB48
2373,Gar46X41
2374,Gar2E910
2375,GarKTK36
2376,GarBDU44
2377,GarRX341
2378,GarVEA45
2379,GarS0E57
2380,Gar5C422
2381,GarN5102
2382,GarLRW20
2383,Gar6OQ02
2384,GarWX616
2385,GarDXZC52
2386,GarJZPH23
2387,GarPUIU46
2388,GarTQGW20
2389,GarQ8MF12
2390,GarXVMV56
2391,GarICYR21
2392,Gar4AR738
2393,GarQ3VJ37
2394,Gar7GT721
2395,GarLBLC59
2396,GarASSJ23
2397,GarD5RT50
2398,GarZQDJ00
2399,GarL4PM11
2400,GarLMV009
2401,Gar7CK720
2402,GarX8RJ57
2403,GarDZXR28
2404,Gar0SN732
2405,GarIUTH30
2406,Gar4T4V08
2407,GarI1CW08
2408,GarZF1U34
2409,Gar3ZNQ03
2410,GarXEPM34
2411,GarXSYV32
2412,GarQDM626
2413,GarZW9B22
2414,GarNH1804
2415,GarVIAM46
2416,GarR9BU53
2417,GarOCZD34
2418,Gar9EG856
2419,GarALLS05
2420,Gar2WF008
2421,GarC6S704
2422,Gar2UJD27
2423,Gar4V6R23
2424,GarDECO27
2425,GarXG9R11
2426,GarMWUW28
2427,Gar81IC18
2428,GarZFK756
2429,GarLIUI27
2430,Gar6TS126
2431,Gar7PAX19
2432,GarQELF29
2433,GarDJBZ55
2434,GarVWV458
2435,Gar9D9U01
2436,GarAEIX05
2437,GarPWTM18
2438,GarW3A001
2439,Gar3XSD59
2440,GarS29204
2441,GarHALV28
2442,GarX4XE32
2443,Gar2YW327
2444,GarF6QH09
2445,Gar1Z5315
2446,GarQJ8K04
2447,Gar1MHV17
2448,GarV95E12
2449,GarEWQM01
2450,GarZVJ320
2451,GarQU1636
2452,GarX41I05
2453,Gar2W0T39
2454,GarWOHF44
2455,GarOBOB00
2456,GarJ7EJ35
2457,GarG3W052
2458,GarFJNT01
2459,GarW0WC33
2460,GarGA2V02
2461,Gar0M6T17
2462,Gar2EBD28
2463,GarZEHA42
2464,GarRNDN20
2465,Gar4JM431
2466,GarAHHE02
2467,GarN45W00
2468,GarHTB748
2469,GarOOQU04
2470,GarKVGD32
2471,GarIHQW18
2472,Gar3QRY29
2473,GarE1VQ02
2474,GarQONE17
2475,GarPZXC04
2476,GarGDUE07
2477,Gar5OO851
2478,GarYUE713
2479,Gar6ZHC04
2480,GarFCKB11
2481,Gar5GGO41
2482,Gar06QI13
2483,GarYJQC33
2484,GarOPEW42
2485,GarQ40P48
2486,GarOHW333
2487,GarX3O911
2488,GarE6V309
2489,Gar567I01
2490,GarRJ5L18
2491,Gar22OO09
2492,GarQ62338
2493,GarXWRY10
2494,GarXYPL57
2495,GarYAEO38
2496,GarM16002
2497,GarONV034
2498,GarOCG800
2499,GarWSJ719
2500,C-GarGKHPF35
2501,C-Gar22LDT19
2502,C-GarCWKJJ27
2503,C-GarJY3YK51
2504,C-GarC4PSA31
2505,C-GarU32JE46
2506,C-GarM6U3I33
2507,C-GarGVA7I46
2508,C-GarW7P8D01
2509,C-GarFIVL609
2510,C-GarZOXYW03
2511,C-GarVITFJ16
2512,C-GarDY82G29
2513,C-GarSV5ZX18
2514,C-GarNC5WR15
2515,C-GarTBTYY25
2516,C-GarQMIB733
2517,C-Gar8TYO854
2518,C-GarUCDN211
2519,C-GarGUXB554
2520,C-GarV71LD18
2521,C-GarNYOJL38
2522,C-GarQLGJA42
2523,C-GarB2DK027
2524,C-GarD1S9L49
2525,C-GarR6BXQ36
2526,C-GarNCJ8207
2527,C-GarB4H3W52
2528,C-Gar6ZN0N55
2529,C-GarLJP6T24
2530,C-Gar8XFZ316
2531,C-GarAU0L050
2532,C-GarISVHC28
2533,C-GarQ743643
2534,C-GarU92YL37
2535,C-GarJHJU741
2536,C-Gar3WC0Y46
2537,C-Gar3AHWV01
2538,C-GarX3UJZ42
2539,C-Gar9G7FD06
2540,C-Gar3XE9W21
2541,C-GarNW9CU18
2542,C-GarLUI4D03
2543,GarCKC446
2544,GarJY0M27
2545,GarJM4523
2546,Gar5JP054
2547,Gar4W7201
2548,Gar04I722
2549,Gar134B08
2550,GarGNMU25
2551,GarH4O430
2552,GarQJ5F43
2553,Gar7NNF04
2554,GarTYBH27
2555,GarJAOS45
2556,GarNRKP10
2557,Gar8U0Y19
2558,Gar1W9B49
2559,GarQM8T34
2560,GarRXAJ10
2561,GarCH7L09
2562,Gar0NPT46
2563,Gar2HX412
2564,Gar9FXO04
2565,GarYELZ59
2566,Gar1T4217
2567,GarAI8E04
2568,GarO0HW14
2569,GarVPCA38
2570,Gar7JRL36
2571,Gar3U3T26
2572,Gar82NL40
2573,GarYD0D23
2574,GarIK6632
2575,GarKMAW27
2576,GarTT2I34
2577,GarG3O747
2578,GarYH5640
2579,GarK9WT04
2580,GarDE1W12
2581,GarIFPZ17
2582,GarNKD657
2583,GarYS2344
2584,GarVSGR29
2585,Gar090W41
2586,GarHZSZ30
2587,GarL7LZ40
2588,GarB4OJ03
2589,GarPMV318
2590,GarBATP24
2591,GarZF8S35
2592,GarYCNH14
2593,GarKKD335
2594,GarOQ4237
2595,GarVRJ140
2596,Gar5VGS18
2597,GarV0X609
2598,KurVH8Y02
2599,GarZOEK17
2600,GarRX427
2601,Gar0FL35
2602,GarCV322
2603,GarXS427
2604,GarT8C09
2605,Gar2R753
2606,GarZTB25
2607,GarTAB28
2608,GarGFU35
2609,GarBV032
2610,GarP1N41
2611,GarP2853
2612,Gar89Y25
2613,Gar1JL15
2614,GarSDR17
2615,GarEY604
2616,GarKYA05
2617,GarUSL38
2618,GarERO43
2619,GarKHR15
2620,GarKRS21
2621,GarLJJ22
2622,GarEUB10
2623,GarHKD49
2624,GarI1N21
2625,Gar62W36
2626,Gar39B11
2627,GarO9M35
2628,GarAHC22
2629,Gar5JP38
2630,GarMOC12
2631,GarL3Y05
2632,Gar59Z07
2633,GarYPJ59
2634,GarX1A39
2635,GarUZI21
2636,GarCG117
2637,GarABF54
2638,GarRY357
2639,GarJGU14
2640,Gar03117
2641,GarXWD03
2642,Gar10M18
2643,GarAZQ39
2644,GarJFA47
2645,GarMP334
2646,GarQ0750
2647,GarWPC35
2648,GarL8V44
2649,Gar81S12
2650,Gar2B544
2651,Gar2KU06
2652,GarZ3Z52
2653,GarSFN05
2654,GarT6516
2655,GarPMA52
2656,GarWHJ52
2657,Gar7SQ50
2658,Gar5HN43
2659,GarU2Z03
2660,GarIU709
2661,Gar2GP38
2662,Gar9T636
2663,GarXH656
2664,GarEWM12
2665,GarJX448
2666,Gar5IT36
2667,GarO5U35
2668,GarYFT55
2669,GarEI351
2670,GarERN43
2671,GarO9128
2672,GarIRU36
2673,GarLAJ16
2674,GarVZZ25
2675,GarSVK49
2676,GarVQ549
2677,GarKXI02
2678,GarYI353
2679,GarGV136
2680,GarWYL20
2681,Gar09247
2682,GarX5D35
2683,GarOQC00
2684,GarERG18
2685,GarU3124
2686,GarOV159
2687,Gar7ZT33
2688,Gar7T252
2689,GarYH614
2690,GarO2J04
2691,GarJ4O15
2692,Gar1R447
2693,GarDS444
2694,GarCY552
2695,GarB6C40
2696,Gar7GS42
2697,GarEDI57
2698,GarA7Y07
2699,GarQ0Y44
2700,GarOOG06
2701,GarFA252
2702,GarSRD58
2703,GarEZA23
2704,Gar0PA05
2705,GarN5510
2706,Gar5UH37
2707,Gar6PF47
2708,GarDA037
2709,Gar6DN57
2710,GarK5E30
2711,GarWUN46
2712,GarF7624
2713,GarDZX04
2714,GarCRB54
2715,Gar7XZ37
2716,GarJTQ02
2717,GarQF723
2718,GarJ7N40
2719,GarJ1124
2720,GarBYD54
2721,GarC5D39
2722,GarDAY14
2723,Gar8UT05
2724,GarHJX05
2725,GarH7545
2726,GarQF223
2727,Gar91R28
2728,Gar1FT08
2729,GarT4Z54
2730,GarJNA07
2731,GarSNA17
2732,GarBI908
2733,GarL6405
2734,GarC6A48
2735,GarMI236
2736,GarDIQ36
2737,GarFF811
2738,GarBDP16
2739,GarNEY41
2740,GarY5I51
2741,Gar1KZ58
2742,GarOV700
2743,GarUH452
2744,Gar4V721
2745,Gar7NM44
2746,Gar7YL57
2747,Gar55950
2748,GarINH59
2749,GarD6Q28
2750,GarLBV34
2751,GarZO519
2752,GarEYS40
2753,Gar15X28
2754,Gar8TE24
2755,GarST210
2756,GarSUL08
2757,GarTIM27
2758,Gar40822
2759,GarTXH40
2760,GarKU439
2761,GarBLV18
2762,GarE5012
2763,Gar2Y156
2764,GarE9352
2765,Gar63X00
2766,GarKGS42
2767,Gar71T11
2768,GarID006
2769,GarOEI32
2770,GarBBK43
2771,Gar96Y46
2772,Gar36P29
2773,GarAN130
2774,GarNZU39
2775,GarV3025
2776,GarYJB23
2777,GarSS018
2778,GarH4S54
2779,Gar1MT22
2780,GarJFQ27
2781,Gar79U51
2782,Gar6KN48
2783,GarE5R26
2784,GarGPI17
2785,Gar7DT58
2786,GarTOL25
2787,Gar1Z506
2788,GarAAG31
2789,Gar36D01
2790,GarL5D58
2791,GarNWE58
2792,GarNV055
2793,GarSE540
2794,Gar2U114
2795,GarWAM45
2796,GarIJU16
2797,GarI8H09
2798,GarIO405
2799,Gar9HG19
2800,Gar6MQ15
2801,GarIQF45
2802,GarDO430
2803,GarN7831
2804,Gar0Q725
2805,Gar0B257
2806,GarL8Q39
2807,Gar5VC28
2808,GarZIW52
2809,GarK0101
2810,GarBB244
2811,GarIES32
2812,GarKMG28
2813,GarV3S33
2814,GarQEA28
2815,Gar56Q37
2816,GarWV112
2817,GarMJI03
2818,GarYB335
2819,GarM6Y16
2820,GarGRX35
2821,GarEH448
2822,GarTQ610
2823,GarMFF46
2824,GarHN445
2825,GarJDX11
2826,Gar73M43
2827,GarETD39
2828,GarGL633
2829,GarB9407
2830,GarW1844
2831,Gar86C36
2832,Gar4PZ26
2833,Gar9N347
2834,Gar4T609
2835,Gar4ZZ08
2836,Gar6VK06
2837,GarQOO24
2838,Gar1RC32
2839,Gar6RN55
2840,Gar52L13
2841,Gar00O01
2842,Gar59146
2843,Gar5L050
2844,GarQ3R22
2845,GarZCZ18
2846,GarH1V38
2847,GarUGP39
2848,GarCXD46
2849,GarI7F29
2850,GarKFF38
2851,GarQIN19
2852,Gar0J412
2853,GarPKP54
2854,GarUG452
2855,Gar87609
2856,GarSLI02
2857,GarTPK03
2858,Gar6II01
2859,Gar55J40
2860,GarT8Y02
2861,GarUY147
2862,GarNOG59
2863,Gar3AW30
2864,Gar4L249
2865,GarD0L38
2866,GarHDN49
2867,GarJTK58
2868,GarTQB11
2869,GarEO720
2870,GarD7904
2871,Gar2HX50
2872,GarJ1W48
2873,GarUPW30
2874,GarPFA14
2875,Gar5N630
2876,GarM1902
2877,GarLG022
2878,GarI7738
2879,GarLC102
2880,Gar14C13
2881,Gar1G419
2882,Gar8TA29
2883,GarXLF32
2884,GarBPZ53
2885,GarOOU37
2886,GarV3G59
2887,Gar2CQ07
2888,Gar61E37
2889,GarPUI05
2890,GarCMK34
2891,GarK8L47
2892,Gar5FS35
2893,GarDAU07
2894,GarH8424
2895,GarNZX13
2896,Gar2WA16
2897,Gar4EJ59
2898,Gar9CU05
2899,GarAK410
2900,Gar44G10
2901,GarHXQ39
2902,KurG16E08
2903,KurIWK015
2904,KurJCLO13
2905,KurZS1U17
2906,KurIVFH57
2907,KurH2XJ37
2908,KurXDO214
2909,KurNJGY26
2910,KurA2E116
2911,KurO9I537
2912,Kur1F4X08
2913,KurSYVY13
2914,KurORND45
2915,Kur6RZ256
2916,KurYZTL11
2917,KurIHBF54
2918,KurKR9L08
2919,KurI9GY56
2920,Kur55WZ12
2921,KurXMV503
2922,KurASYS39
2923,KurULV007
2924,KurLSCR05
2925,KurP8R525
2926,KurGDJG40
2927,KurBN1W01
2928,KurBR5O24
2929,Kur9XLH40
2930,KurEASU41
2931,KurP01D32
2932,Kur5QPS34
2933,Kur3KI635
2934,KurBPM242
2935,Kur5EKB30
2936,KurPH1Q03
2937,Kur9AEW46
2938,Kur9D3T53
2939,KurVB8L09
2940,KurMYDW38
2941,KurMFJB23
2942,KurXY1S43
2943,KurCAH025
2944,KurZ5Z316
2945,Kur0Q5X36
2946,KurQQH502
2947,Kur8V4C01
2948,KurCAUL36
2949,KurLAVL30
2950,KurZVXA17
2951,KurWVA406
2952,KurBIDJ46
2953,KurSA8B40
2954,Kur5ROS40
2955,KurRIPE14
2956,KurSPX428
2957,KurIOD948
2958,Kur9V9232
2959,Kur03EB16
2960,KurP0IN43
2961,KurH11I30
2962,Kur76HB29
2963,KurKIW700
2964,KurDKG115
2965,KurPY2M04
2966,Kur7HTE16
2967,KurZDDB40
2968,KurLSW249
2969,KurX3Y623
2970,KurTFEV36
2971,KurWUH006
2972,KurBBXU34
2973,KurX3CK16
2974,KurELN425
2975,KurO1G115
2976,KurLSMM50
2977,KurPFAP17
2978,KurSH7A10
2979,Kur4K3A31
2980,Kur5NNY26
2981,Kur2SL443
2982,KurKZ2539
2983,KurYYBA54
2984,Kur5S3M24
2985,Kur20CF24
2986,KurDKUY51
2987,KurRYVG37
2988,KurYF5J47
2989,Kur77D341
2990,KurVOLU01
2991,KurN9QV02
2992,KurDW9D29
2993,KurX5X532
2994,KurMGTI01
2995,Kur17D400
2996,Kur4UCR01
2997,Kur5ZOS52
2998,KurU91720
2999,KurZVVN00
3000,Kur7LXK26
3001,Kur447419
3002,KurQS9431
3003,KurT7DY28
3004,Kur6DXE41
3005,Kur9J6N52
3006,KurSPHQ44
3007,KurHRVC16
3008,Kur3BY638
3009,KurRSQ015
3010,Kur4W1O11
3011,KurYM9839
3012,KurDMX602
3013,Kur4FE617
3014,KurGNTU30
3015,Kur6FYO23
3016,KurAXK724
3017,KurI87740
3018,KurBVZE42
3019,Kur21VG13
3020,KurCIU249
3021,KurSQHQ59
3022,KurVUEW31
3023,Kur7M2H27
3024,KurWFUF42
3025,KurH2B323
3026,KurNC1Y15
3027,KurLFXJ39
3028,KurCJH031
3029,KurK4BK29
3030,KurYZ0B49
3031,KurUKLN04
3032,KurF3SI57
3033,KurDQ5510
3034,KurRYEN37
3035,KurH26310
3036,KurT9K724
3037,KurP23Q19
3038,KurS6WD27
3039,KurI5MJ40
3040,KurK63G56
3041,Kur0FPO12
3042,KurGRDM36
3043,KurNE5V55
3044,KurX6X621
3045,KurUZMJ03
3046,GarDKZG21
3047,KurLPO436
3048,KurF2O141
3049,KurRQ7316
3050,KurI5JC12
3051,KurJUHY49
3052,Kur1FWH59
3053,KurUWYD35
3054,KurCU2T52
3055,KurLIOA38
3056,KurKERN00
3057,KurSS1C08
3058,Kur3KAT44
3059,Kur7G9C41
3060,KurT2J937
3061,Kur07Q823
3062,KurH8I605
3063,KurYBL912
3064,KurWHIL46
3065,KurVIQ912
3066,KurOIS615
3067,Kur2J4T37
3068,KurZD8741
3069,KurHVKE18
3070,KurZ34S56
3071,Kur8OP318
3072,Kur3EMV42
3073,KurA4TY19
3074,KurPUY559
3075,KurMWGM57
3076,Kur4D5J04
3077,Kur0EVR31
3078,KurGPZV33
3079,KurJY1646
3080,KurRN6639
3081,KurANG317
3082,KurJGB347
3083,KurV8F123
3084,KurI2UF18
3085,KurPH7Z49
3086,KurGD0I00
3087,KurU3QP06
3088,KurVZRA14
3089,KurITL321
3090,KurH7Z551
3091,KurQI8E23
3092,Kur7BSO30
3093,KurBGMM09
3094,KurG3K346
3095,KurGJAQ05
3096,KurGSMB03
3097,KurUURP53
3098,KurYOZS13
3099,KurU6N912
3100,KurNBE056
3101,KurB8BP03
3102,KurMZGD26
3103,KurAQ2N32
3104,KurLC8514
3105,KurMRAH42
3106,KurRF1E51
3107,Kur1DDX50
3108,Kur31Y829
3109,KurHM9129
3110,KurF4RZ25
3111,KurY9G219
3112,KurTKO335
3113,KurG8B325
3114,KurTE6U38
3115,KurV2I928
3116,KurS1PJ38
3117,Kur5MVD40
3118,KurTUQ902
3119,KurZ4VA07
3120,KurEOCY39
3121,KurK8UY44
3122,KurRNV927
3123,Kur5IIN54
3124,KurZZ0D13
3125,Kur36L946
3126,KurNT8J41
3127,Kur1UXJ28
3128,KurJDE752
3129,Kur3JHS29
3130,KurJLUY22
3131,KurU1AZ43
3132,KurN3R734
3133,KurOY4A09
3134,KurZNQW58
3135,KurMLZ912
3136,Kur6RK748
3137,Kur7O8Y13
3138,KurPLRL52
3139,KurFMJN45
3140,KurZCCZ08
3141,KurQ53L45
3142,KurYJ0E32
3143,Kur6VN740
3144,KurZC8923
3145,Kur7YDZ58
3146,KurEHC149
3147,KurG1AK06
3148,KurQEQX24
3149,KurZPF952
3150,Kur4ZHS49
3151,KurY2TD49
3152,KurOB3J49
3153,KurQGQT28
3154,Kur37PH09
3155,Kur8J6356
3156,Kur6NE252
3157,KurP76Z22
3158,KurCWKH45
3159,KurL8CY08
3160,KurM1XG20
3161,KurJPVU54
3162,Kur9K3303
3163,KurE9ZI05
3164,Kur94N342
3165,KurLUTD24
3166,KurPBS51
3167,Kur5VO44
3168,KurQ5Z36
3169,Kur9VT47
3170,KurI2T04
3171,KurCAZ55
3172,Kur6C643
3173,KurYE938
3174,KurOJM19
3175,Kur41837
3176,KurBE659
3177,KurK5353
3178,Kir0ZT49
3179,KurCWL50
3180,KurPYU19
3181,KurL3K50
3182,KurCKB47
3183,KurCW248
3184,KurZ5222
3185,Kur5DS31
3186,Kur3LL45
3187,Kur5TP28
3188,KurX1M41
3189,KurOJB59
3190,KurJ4J19
3191,KurBKS31
3192,KurXB704
3193,KurOF408
3194,KurMO724
3195,KurL0A31
3196,KurR2628
3197,C-KurUNEXP05
3198,C-KurJQBE317
3199,C-KurPHH9S32
3200,C-KurZY6CN31
3201,C-KurOQ8QL19
3202,C-KurA9S1D56
3203,C-KurB4GRL53
3204,C-KurB9LEV01
3205,C-KurAH8RD13
3206,C-KurB6B1L14
3207,C-KurXTL3444
3208,C-KurFPXJQ19
3209,C-KurYRVDR00
3210,C-KurYA9XP34
3211,C-KurRUSV637
3212,C-Kur0O22J44
3213,C-KurJCD9341
3214,C-KurWKOZA44
3215,C-KurMBG8L15
3216,C-KurCIRVY03
3217,C-KurIS7Z619
3218,C-KurECILG37
3219,C-KurQ9WVA21
3220,C-Kur06T4734
3221,C-KurXKL7357
3222,C-KurMHXH512
3223,C-KurHCXVB12
3224,C-KurG2OMF09
3225,C-KurW8Q0509
3226,C-KurS1EN457
3227,C-KurFR0Q912
3228,C-KurCK6Z933
3229,C-KurVACQN14
3230,C-Kur8SMJ923
3231,C-KurWVQ0S14
3232,C-Kur8RC6805
3233,C-KurY7ET116
3234,C-KurWNZRK09
3235,C-KurDYOBI10
3236,C-KurB4XZM06
3237,C-Kur2YQS217
3238,C-KurRKPAQ05
3239,C-KurMPNAI16
3240,C-KurGFMOS40
3241,C-KurEJLZI26
3242,C-KurUB4JY59
3243,C-KurVIQEB57
3244,C-Kur7HQFO08
3245,C-KurNVL6Q13
3246,C-Kur5AI1W26
3247,C-KurR1SNN30
3248,C-KurP0JQ631
3249,C-KurJFF7T46
3250,C-Kur8R1NY59
3251,C-Kur4ECHZ12
3252,C-KurSU3A900
3253,C-KurFBO1435
3254,C-KurH2NC604
3255,C-KurZEFUW11
3256,C-KurUPQYG22
3257,C-KurJ2OU051
3258,C-Kur3M14G41
3259,C-Kur0SLJ725
3260,C-Kur2UEDZ37
3261,C-KurVRM1O19
3262,C-KurMAJMM27
3263,C-KurU0V0A53
3264,C-KurD4GKQ40
3265,C-Kur90LXF08
3266,C-KurHLLQO23
3267,C-Kur5XHTH30
3268,C-KurLO7M719
3269,C-Kur70LGC12
3270,C-Kur99E5V36
3271,C-KurQDPWC37
3272,C-KurXRO6J08
3273,C-KurW7OOL38
3274,C-Kur62K1M18
3275,C-KurAA1V215
3276,C-KurXTGMB06
3277,C-KurLBGJY27
3278,C-KurWTCYL45
3279,C-KurMGCL002
3280,C-KurWO7CS53
3281,C-Kur2139000
3282,C-KurQG1WZ04
3283,C-Kur2VSQG15
3284,C-Kur8EZQK43
3285,C-Kur3OBBC03
3286,C-KurVFM9W31
3287,C-KurTI1VU51
3288,C-KurBCREK38
3289,C-Kur2TCBN50
3290,C-Kur5K0RH11
3291,C-Kur94LPE48
3292,C-KurJ5BS939
3293,C-KurH0SZL10
3294,C-KurHDZ2E05
3295,C-KurYZHQH10
3296,C-KurGV8X652
3297,C-KurYT81258
3298,C-Kur50Q7Z44
3299,C-KurB04D931
3300,C-KurI19RH34
3301,C-KurI14KL06
3302,C-KurVMQXG18
3303,C-Kur36RGO06
3304,C-Kur8Y08729
3305,C-Kur4EVSQ17
3306,C-KurJHJNY13
3307,C-KurXUHEI31
3308,C-KurKRZ3J50
3309,C-KurUP0HF46
3310,C-KurMSXMO07
3311,C-KurVYMFR29
3312,C-KurHOKDI16
3313,C-KurR5SVQ25
3314,C-Kur80TWU03
3315,C-KurBOI6P45
3316,C-Kur09LLV24
3317,C-Kur6NRF635
3318,C-Kur8XV8S56
3319,C-KurQAWL216
3320,C-KurWLAIL55
3321,C-KurF4GGF41
3322,C-KurXDPFA25
3323,C-KurVDSKS04
3324,C-Kur4M7RL44
3325,C-KurANZD058
3326,C-Kur3BKQU03
3327,C-KurC3J8C25
3328,C-KurHBOMU19
3329,C-Kur1CDOK57
3330,C-KurONC3H47
3331,C-Kur0EHT844
3332,C-KurLREP102
3333,C-Kur5ZUHY50
3334,C-Kur9DPQD52
3335,C-KurOKAJJ49
3336,C-Kur1HS1154
3337,C-KurRP3Q640
3338,C-KurMH34L38
3339,C-KurL7LH406
3340,C-Kur04Z5119
3341,C-Kur77ZSZ54
3342,C-KurE7RPA39
3343,C-Kur5XGG405
3344,C-KurSW1TG47
3345,C-KurPH63412
3346,C-Kur5PG6Z33
3347,C-KurFSAQZ18
3348,C-Kur4585M29
3349,C-KurBJT4O19
3350,C-Kur9JOD537
3351,C-Kur3K9LE44
3352,C-Kur0U79Z31
3353,C-KurVOSGE26
3354,C-KurS6PXR37
3355,C-KurKXNTN40
3356,C-Kur2BN4832
3357,C-Kur87ZR146
3358,C-KurHJ2QJ20
3359,C-KurH7DN234
3360,C-KurTHUNI34
3361,C-KurX9Q4C01
3362,C-KurZ7OKE26
3363,C-KurUVVQN24
3364,C-KurDMHJO54
3365,C-KurUYZOT00
3366,C-KurUJBJR01
3367,C-Kur1P0TV20
3368,C-KurFTJG206
3369,C-KurWI3E212
3370,C-KurY1B0234
3371,C-KurCV3MQ41
3372,C-Kur1692720
3373,C-Kur69QZL28
3374,C-KurKKHJX17
3375,C-KurNPB5T22
3376,C-KurHOG1Q48
3377,C-KurA0N4K02
3378,C-KurJTBI700
3379,C-KurZB9RW58
3380,C-Kur3LFV536
3381,C-KurVX06J39
3382,C-Kur5K34Y13
3383,C-Kur0511W32
3384,C-Kur6D2CM03
3385,C-KurG765E46
3386,C-KurJBMIO24
3387,C-Kur2RT9N24
3388,C-Kur2WNU518
3389,C-Kur5SN4000
3390,C-KurKEMJL52
3391,C-KurO684653
3392,C-KurKZAOX24
3393,C-Kur065CH35
3394,C-Kur7R6QD46
3395,C-KurNQ4TI58
3396,C-KurB3FQD29
3397,C-KurJC31M55
3398,C-Kur4RLQZ14
3399,C-Kur97DE244
3400,C-KurMBLEO18
3401,C-Kur5QS4139
3402,C-Kur3QB6J24
3403,C-KurIE7FT37
3404,C-KurZ77KS19
3405,C-Kur0U8HK21
3406,C-KurQ6W7E15
3407,C-KurZNH7V41
3408,C-Kur49PUQ23
3409,C-KurN3F4U16
3410,C-KurQYC3812
3411,C-KurVW1QE14
3412,C-Kur34NUO18
3413,C-Kur5DFAD18
3414,C-KurQRIHH26
3415,C-KurU5Z8415
3416,C-KurSD3UD49
3417,C-KurHIIMM14
3418,C-Kur3VMWC35
3419,C-Kur6AZ4601
3420,C-Kur4MH8G23
3421,C-Kur2L0H801
3422,C-Kur79PM014
3423,C-KurYPIGH04
3424,C-KurR278H19
3425,C-KurEBIHO16
3426,C-Kur0ZP2Z40
3427,C-Kur1SE3N43
3428,C-Kur31Z6419
3429,C-KurU1TX410
3430,C-Kur5V9WK57
3431,C-KurXT0I907
3432,C-KurRAT8X36
3433,C-Kur2G8YU25
3434,C-KurHHWSX28
3435,C-Kur020A813
3436,C-Kur8290M10
3437,C-KurE739M15
3438,C-KurQGCNQ05
3439,C-KurRHB4T05
3440,C-KurS1CTX02
3441,C-KurOHZOF45
3442,C-Kur7895O18
3443,C-Kur1CY1P12
3444,C-KurVLAXP19
3445,C-Kur42U6F02
3446,C-KurX2Z3E53
3447,C-KurYRLU951
3448,C-KurY5X5741
3449,C-Kur83OL501
3450,C-KurZ8CAT53
3451,C-KurV0IQI46
3452,C-KurTB2QW04
3453,C-Kur0573156
3454,C-KurHTRVZ42
3455,C-Kur2Q4SE22
3456,C-Kur36QW250
3457,C-Kur0E9WW39
3458,C-KurGT08638
3459,C-KurQI24324
3460,C-KurILNQG15
3461,C-KurCW4MV06
3462,C-Kur7FGFC12
3463,C-KurZB9NS49
3464,C-KurTCHZ434
3465,C-KurTVMDP55
3466,C-Kur1QB7Z36
3467,C-Kur81B3L18
3468,C-KurWUR6A05
3469,C-KurA18X557
3470,C-KurFKDAJ52
3471,C-Kur4Y6KA05
3472,C-KurR94B553
3473,C-KurF04CY31
3474,C-KurY3V6J07
3475,C-KurEAETI22
3476,C-Kur612XY34
3477,C-KurLXX3O36
3478,C-KurSOBLJ57
3479,C-KurOAPS759
3480,C-Kur2366643
3481,C-Kur64YVO48
3482,C-KurVSP9012
3483,C-KurKLOCI48
3484,C-KurUS1BC50
3485,C-KurBDU5400
3486,C-KurZ76GC12
3487,C-KurB9Z9U58
3488,C-KurNZFK149
3489,C-KurDNYVB03
3490,C-Kur6J13217
3491,C-Kur6YB8125
3492,C-KurI3BLG23
3493,C-KurQIT9L22
3494,C-Kur6KYRV33
3495,C-Kir2ZMM821
3496,C-KurYVXWW36
3497,C-KurTEHWL09
3498,C-KurNRDMG41
3499,C-KurH1OUV41
3500,C-KurFOIRO42
3501,C-KurN8IT827
3502,C-KurTJEDX24
3503,C-Kur3MCSK34
3504,C-KurT4HID38
3505,C-KurQ57VZ11
3506,C-KurX8YXA40
3507,C-Kur6TBP403
3508,C-Kur50UDT37
3509,C-KurVQPX935
3510,C-Kur3T0W245
3511,C-KurEAHSW51
3512,C-KurIUQMS27
3513,C-KurDS9MY48
3514,C-KurR4CVN25
3515,C-KurKN5HL59
3516,C-KurY1UZ609
3517,C-KurMWBR705
3518,C-Kur3R7GE24
3519,C-Kur3OFZV34
3520,C-KurHRV0U14
3521,C-KurGPH9S30
3522,C-KurMZXH613
3523,C-Kur8W17U20
3524,C-Kur8US7F31
3525,C-Kur2OBYL31
3526,C-KurA0EEC29
3527,C-KurGIQIY59
3528,C-KurLHYI526
3529,C-KurRJ4D448
3530,C-KurIT3CY24
3531,C-KurM9GFJ43
3532,C-Kur47BI356
3533,C-Kur1Z3GI31
3534,C-KurRM0AI55
3535,C-KurLMZ1114
3536,C-KurAHALY25
3537,C-KurCZOVJ26
3538,C-KurXM4JQ47
3539,C-Kur0DJZN33
3540,C-Kur83PVR07
3541,C-KurMVY1K02
3542,C-Kur1ZBKL58
3543,C-KurX7WBF34
3544,C-KurIMTHM27
3545,C-KurTECDX29
3546,C-Kur1L1VM30
3547,C-Kur49OIB02
3548,C-KurAYVH959
3549,C-KurUMB1O36
3550,C-KurAHCZ746
3551,C-KurWV8ZN35
3552,C-Kur4NY6W35
3553,C-Kur9BWKL31
3554,C-KurDYVP753
3555,C-KurRW4TQ51
3556,C-KurRJS5H37
3557,C-KurL55O427
3558,C-KurFXMN144
3559,C-Kur63A0856
3560,C-KurCEBNK18
3561,C-Kur2RJNN31
3562,C-Kur69DUL55
3563,C-KurOLWSP53
3564,C-KurI4MXB35
3565,C-KurRP1SI58
3566,C-KurD6I3M02
3567,C-KurFIF8127
3568,C-KurATGAB18
3569,C-KurOGI8024
3570,C-KurPX9NK15
3571,C-KurBRSY701
3572,C-KurFRPX740
3573,C-KurDC0F631
3574,C-KurFX37P22
3575,C-Kur8JHGZ29
3576,C-KurCQFEA16
3577,C-KurFBP3U14
3578,C-KurLBHWV13
3579,C-KurDHDFA32
3580,C-KurVWI4G02
3581,C-KurL3DXF00
3582,C-KurBFFUG31
3583,C-Kur388N700
3584,C-KurARK0U26
3585,C-Kur37KF630
3586,C-KurW97IV43
3587,C-KurQHJKM46
3588,C-KurA8QUX28
3589,C-KurBICZJ47
3590,C-KurHSEO055
3591,C-KurSN5A740
3592,C-KurW72Z327
3593,C-KurA4PH732
3594,C-Kur6DT6C32
3595,C-Kur23JQG11
3596,C-Kur1G93913
3597,C-KurRYSC517
3598,C-KurBAKVI23
3599,C-Kur2ZLJD38
3600,C-KurELMKW57
3601,C-KurKUS6Z31
3602,C-Kur4POHI18
3603,C-KurLCUC434
3604,C-KurK0TK837
3605,C-KurTMBFJ17
3606,C-KurHPEU317
3607,C-Kur69PRA04
3608,C-KurD0XWT12
3609,C-KurQJZLQ22
3610,C-KurUPZTL33
3611,C-KurD2L9L43
3612,C-KurYZP2M06
3613,C-Kur4UB5H32
3614,C-KurJP46Y19
3615,C-KurADJ4H33
3616,C-KurL01TP00
3617,C-KurJWNSX39
3618,C-Kur2UPD038
3619,C-KurBF24M53
3620,C-KurMNS7841
3621,C-Kur21I7209
3622,C-KurKPKZQ36
3623,C-KurJVMUC11
3624,C-Kur3W8B558
3625,C-KurSNYL440
3626,C-KurQDTD056
3627,C-KurHORIS42
3628,C-KurJJERB20
3629,C-KurFKT1V39
3630,C-KurQ0TCQ31
3631,C-KurOPNB232
3632,C-Kur1ORLB20
3633,C-Kur55ZFH10
3634,C-Kur4EXP926
3635,C-Kur8LO1H43
3636,C-KurJYBGB49
3637,C-KurZV7N044
3638,C-KurVRC0X18
3639,C-Kur448ME05
3640,C-KurXQK7447
3641,C-KurU6TSD17
3642,C-Kur5PI9N48
3643,C-KurFCAOT39
3644,C-KurW1T8B08
3645,C-KurIYB4U08
3646,C-KurVJW4828
3647,C-KurOVY7O15
3648,C-Kur5I8I038
3649,C-KurNP5O936
3650,C-KurMC2UL11
3651,C-Kur0ZLPS51
3652,C-KurBC1G751
3653,C-KurQWMOP14
3654,C-KurVI30117
3655,C-Kur7F4NF55
3656,C-Kur7TU8Y55
3657,C-KurYMHKL30
3658,C-Kur0MY5H55
3659,C-KurJ3IGA29
3660,C-KurXHDBQ20
3661,C-KurRTNZ942
3662,C-KurE61BD36
3663,C-KurXLDPX40
3664,C-KurB7E6A02
3665,C-KurQL9AJ09
3666,C-Kur1SCD339
3667,C-KurMNUSP52
3668,C-KurPQWA516
3669,C-KurJBR0I07
3670,KurMMA453
3671,Kur5ITB48
3672,Kur4Y7V03
3673,KurZRJO38
3674,KurYGWE34
3675,KurFXN506
3676,KurVEFT19
3677,KurTRPV12
3678,Kur2Z9H57
3679,Kur16BL58
3680,Kur7F7W48
3681,KurJIXX33
3682,KurU4BK21
3683,Kur7ODW01
3684,KurWQP048
3685,KurYTYG57
3686,KurK0EW52
3687,KurIMO952
3688,KurCNCV36
3689,KurY4SF33
3690,KurNKTC08
3691,KurD5J420
3692,Kur8D6B00
3693,KurQN7813
3694,KurJD2Z33
3695,Kur83A402
3696,KurMQRW09
3697,Kur5MKJ37
3698,KurIHMH52
3699,KurY1Q147
3700,Kur4OH618
3701,KurCO6Z10
3702,Kur249Y53
3703,Kur6F6P18
3704,KurWPF444
3705,KurO7MH09
3706,KurY1J402
3707,Kur1P8Y26
3708,KurPXN532
3709,Kur9J5I15
3710,Kur0TXB44
3711,KurDBVF02
3712,KirMR0335
3713,Kur3F8A34
3714,Kur2MRJ45
3715,C-KurII2MQ48
3716,C-Kur7TF6259
3717,C-KurGY3MV51
3718,C-Kur4R0Z045
3719,C-Kur5D5JT59
3720,C-KurJY0UI11
3721,C-KurDJ1T138
3722,C-KurY4UVD48
3723,C-Kur6UUI536
3724,C-Kur8OJTO25
3725,C-KurL74WO26
3726,C-KurE414M38
3727,C-Kur10H6E25
3728,C-KurDM8LT09
3729,C-KurQLHME45
3730,C-KurIPLJA13
3731,C-KurJ21EE31
3732,C-Kur4RVQD58
3733,C-KurTBXJ522
3734,C-Kur92WVQ40
3735,C-Kur4MHNT47
3736,C-KurUBBRS56
3737,C-Kur05KGT47
3738,C-KurV04FJ46
3739,C-Kur96BFJ13
3740,C-KurJ702D01
3741,C-KurBI96M48
3742,C-Kur9D7H003
3743,C-KurXGMUV34
3744,C-Kur8VTDZ04
3745,C-KurN3PP213
3746,C-KurW5M3008
3747,C-KurJGEFN54
3748,C-KurQ9TI702
3749,C-Kur4LQOI39
3750,C-Kur872JB27
3751,C-Kur3K8XA52
3752,C-KurDIOXK37
3753,C-KurZU8KP28
3754,C-KurMCOQ105
3755,C-KurW6EQD46
3756,C-KurPBQQ104
3757,C-KurMNKYI50
3758,C-KurF4WKG14
3759,C-KurE5Z1U53
3760,C-KurJASHQ31
3761,RimETS26
3762,Tud6P9Y21
3763,TudVM7G42
3764,Tud86MY09
3765,TudIX8B07
3766,TudWSK432
3767,Tud3CWB01
3768,TudBVOY12
3769,TudSFGA28
3770,TudPZ9832
3771,TudKC8Q20
3772,TudW96V36
3773,TudUKXA53
3774,TudP84205
3775,TudRH8P57
3776,TudVM2Y50
3777,TudF0DY48
3778,Tud74UH30
3779,TudLMMB06
3780,TudZ6XL54
3781,TudB46952
3782,TudZ2TR36
3783,TudXLYO50
3784,TudQ37R41
3785,TudVQIN37
3786,TudOZYJ05
3787,TudSOMO03
3788,TudAHQ853
3789,TudZR8P02
3790,TudH7F101
3791,TudZEH959
3792,TudDKPB05
3793,TudMZ2D38
3794,TudAI6L48
3795,TudO4T111
3796,TudFB3E16
3797,TudE1H400
3798,Tud44O359
3799,Tud986I26
3800,TudFAIE58
3801,TudUOK312
3802,TudRKU221
3803,TudD33W51
3804,TudRXJ827
3805,TudX1M356
3806,TudV5SU25
3807,TudJX4D27
3808,TudIK1H15
3809,TudS34X17
3810,TudFZCO11
3811,TudQQAN24
3812,TudOYJV29
3813,Tud6X5S29
3814,TudENYY48
3815,TudXDMB48
3816,TudIFV048
3817,TudZIF925
3818,Tud063A27
3819,TudZ8ZX43
3820,TudR1VO23
3821,Tud71M742
3822,TudSG0J11
3823,Tud8N9230
3824,TudLSRL29
3825,TudP6VX29
3826,TudZW2059
3827,Tud8SYN50
3828,TudS25Z17
3829,Tud7NRD22
3830,TudNEHG59
3831,TudQ41X43
3832,TudYZBS36
3833,TudZB4O11
3834,TudGTG712
3835,C-TudW0HIY20
3836,C-TudJZPSN53
3837,C-Tud7EFVE22
3838,C-TudCVWHR09
3839,C-Tud2X3EK00
3840,C-TudIDC4E07
3841,C-TudMXB8Z17
3842,C-TudILEY148
3843,C-TudA6YIY32
3844,C-Tud60ZQJ25
3845,C-Tud0XXQO53
3846,C-Tud7PQZP02
3847,C-Tud6P77715
3848,C-TudGTAA537
3849,C-TudNHEOW10
3850,C-TudH3MYO20
3851,C-TudDL3PF57
3852,C-Tud73O2Z30
3853,C-TudY5RKN49
3854,C-Tud3HF8006
3855,C-Tud7B9W720
3856,C-Tud5FFC409
3857,C-TudNQJAP18
3858,C-Tud3ZKVJ45
3859,C-TudBZLYY54
3860,C-TudFARC027
3861,C-TudGKSQL44
3862,C-TudUI5CY40
3863,C-Tud658KF31
3864,C-TudJC7LC46
3865,C-TudQT96444
3866,C-TudDNFF940
3867,C-TudV026851
3868,C-TudXQ9CV43
3869,C-TudW5TDV42
3870,C-TudCTRKF15
3871,C-Tud1ZTF520
3872,C-Tud3DN9C49
3873,C-TudQP04S05
3874,C-TudKBOJG52
3875,C-Tud0E2EZ41
3876,C-Tud1RQYD13
3877,C-TudUHEZG04
3878,C-TudQRX6O41
3879,C-TudKEE6R17
3880,C-TudX0ZP109
3881,C-TudXC41H18
3882,C-Tud9Y2TY52
3883,C-TudA6OIP06
3884,C-Tud31HOD43
3885,C-TudXNRNE48
3886,C-TudAHZJA19
3887,C-TudHLGYW49
3888,C-TudI1STM15
3889,C-Tud1E6BD11
3890,C-TudD74GW13
3891,C-TudGJA4W04
3892,C-TudDC34O55
3893,C-Tud85FNQ24
3894,C-TudCHQQL42
3895,C-TudKO48D54
3896,C-TudOW9IV55
3897,C-TudCCS6F55
3898,C-Tud7R2EM57
3899,C-TudGEFKX21
3900,C-TudEBBRT14
3901,C-Tud4VM4912
3902,C-TudTQ06Z27
3903,C-TudG961K33
3904,C-TudDJHDP19
3905,C-Tud6IPZZ19
3906,C-Tud5WTV129
3907,C-Tud7J06G58
3908,C-TudTE7YZ02
3909,C-TudYKYWW41
3910,C-TudJ3OGP56
3911,C-Tud0DR6954
3912,C-Tud0U9D036
3913,C-TudIRJL559
3914,C-TudLXRRN54
3915,C-Tud0HGGP42
3916,C-TudE6WLR34
3917,C-TudSFO6V14
3918,C-TudOAM5R44
3919,C-TudTM1LQ52
3920,C-TudC5KQ433
3921,C-TudLWPEK28
3922,C-TudEYMEL06
3923,C-TudWFWEK37
3924,C-TudPPIYT30
3925,C-TudXDJZO47
3926,C-TudLJG5R13
3927,C-TudFRPZV27
3928,C-Tud3V6UT21
3929,C-TudS0L6B21
3930,C-Tud7QH6P06
3931,C-Tud9ZVK856
3932,C-TudF0IFP01
3933,C-TudW0FYC18
3934,C-TudJZYJA46
3935,C-TudT906V48
3936,C-TudDHJB251
3937,C-TudZYAGU17
3938,C-Tud0SZRD46
3939,C-TudZB74221
3940,C-Tud4YQZM49
3941,C-TudXW2WJ01
3942,C-Tud8H08731
3943,C-Tud11NCY52
3944,C-TudCOKMW19
3945,C-TudA9JEP07
3946,C-TudU3VXH47
3947,C-TudYBBYK41
3948,C-Tud3ISWP11
3949,C-Tud5DJTE38
3950,C-TudO6WLW46
3951,C-TudLF27Z51
3952,C-Tud6A0AB01
3953,C-TudASALZ08
3954,C-Tud4YXQL53
3955,C-Tud8ZNG757
3956,C-TudH650C59
3957,C-TudHJ9IN43
3958,C-TudWUMYB10
3959,C-TudDB22102
3960,C-Tud1CAQ736
3961,C-Tud4ZABY28
3962,C-TudTITGY15
3963,C-Tud8S22F13
3964,C-TudFROR614
3965,C-TudDACUA05
3966,C-TudUYYDJ18
3967,C-TudZ0D6116
3968,C-TudFPM2535
3969,C-TudQRWZ413
3970,C-TudQJJLP35
3971,C-Tud9GXYH05
3972,C-TudIX6DF42
3973,C-TudVP8A428
3974,C-TudS6HCR14
3975,C-TudWQ79Z22
3976,C-Tud0NANG55
3977,C-TudBZZD227
3978,C-Tud19S9201
3979,C-TudLZFNK09
3980,C-TudFDCSR24
3981,C-TudJ3LQ515
3982,C-TudI25TH59
3983,C-Tud8QA2C51
3984,C-TudDDWWH43
3985,C-TudPK2JX32
3986,C-TudLXUHL23
3987,C-TudA9R6845
3988,C-TudQ9D9B52
3989,C-TudK9B9G43
3990,C-Tud2FMKN34
3991,C-TudYL23Z16
3992,C-TudVEMWW36
3993,C-TudW88IG14
3994,C-Tud2GXEF48
3995,C-Tud0ZVPW24
3996,C-TudRS5K858
3997,C-TudM6K4W51
3998,C-TudB58VW37
3999,C-TudVGC6T46
4000,C-TudTP3SZ53
4001,C-TudQFY5M24
4002,C-TudDAA8F38
4003,C-TudVNJ2Z36
4004,C-TudZF7D004
4005,C-TudYISGH48
4006,C-Tud4994231
4007,C-TudNVJF248
4008,C-TudRJCV844
4009,C-Tud6OH8H56
4010,C-TudF31RY26
4011,C-TudI9SG902
4012,C-TudE967716
4013,C-TudHSG8416
4014,C-TudF04TF29
4015,C-TudWDMBS47
4016,C-TudF2JUN21
4017,C-TudRG7JQ08
4018,C-TudHVTWN44
4019,C-TudPMOQS29
4020,C-TudF7ZBC50
4021,C-TudM0UKY16
4022,C-TudOND5O51
4023,C-Tud9RM9B34
4024,C-TudSTG0D18
4025,C-TudPPT1532
4026,C-Tud9WYD048
4027,C-TudFALRZ07
4028,C-TudEFD7B58
4029,C-TudP34Q542
4030,C-TudPJPDQ53
4031,C-Tud1AFOF09
4032,C-TudNSEIT17
4033,C-TudCYBKY13
4034,C-TudAITR313
4035,C-Tud3JI2J16
4036,C-Tud29TKB44
4037,C-Tud2M20438
4038,C-TudBRX7S22
4039,C-Tud94BD911
4040,C-Tud14LQU34
4041,C-TudZ2XB301
4042,C-Tud07TRS21
4043,C-Tud3GABO10
4044,C-Tud2IAVQ57
4045,C-Tud7VDYW58
4046,C-TudDG09S44
4047,C-TudPZVNH41
4048,C-TudT5XK848
4049,C-Tud8L4KK00
4050,C-TudNO2JG00
4051,C-TudSBU5H20
4052,C-Tud6ZZUJ10
4053,C-TudWVVM910
4054,C-TudCT9W440
4055,C-TudQNDUC30
4056,C-Tud4K9IP29
4057,C-TudBA33O14
4058,C-Tud43YCO39
4059,C-TudMKJ4824
4060,C-Tud5EM6151
4061,C-Tud5BNTN49
4062,C-TudSYVQ925
4063,C-TudRW8C808
4064,C-TudWNW6N13
4065,C-Tud6BAG603
4066,C-TudF7EFD17
4067,C-TudOQ9FV03
4068,C-TudMG7OQ04
4069,C-TudQJX8T20
4070,C-TudAKYX426
4071,C-TudSUXYA40
4072,C-Tud85J2Y52
4073,C-Tud7WHUB37
4074,C-Tud3TZAN03
4075,C-TudLR77652
4076,C-TudYX5YR38
4077,C-TudFQFZT23
4078,C-TudZPEEH36
4079,C-Tud4UZRF43
4080,C-TudF17Y153
4081,C-Tud2YCMP55
4082,C-Tud4VEO620
4083,C-Tud0HU9L28
4084,C-TudEG0Z501
4085,C-TudSE9ZY42
4086,C-TudFP91T39
4087,C-Tud8I3BM10
4088,C-TudVM7DF44
4089,C-TudWMI7D05
4090,C-TudSJGUS37
4091,C-Tud3N1SV50
4092,C-TudN3M3518
4093,C-Tud407Z844
4094,C-Tud1CAU405
4095,C-TudV7WWR43
4096,C-TudW6SS510
4097,C-Tud9KJ0B46
4098,C-TudREXUG30
4099,C-TudTI3I444
4100,C-TudSN5XQ41
4101,C-TudG0FLZ50
4102,C-TudZUG6S08
4103,C-TudXJP7J00
4104,C-TudHZEM424
4105,C-TudJEWFW06
4106,C-TudOV8GF32
4107,C-TudFHS7728
4108,C-TudVI8OG01
4109,C-TudM9XNY43
4110,C-Tud9FK2Z53
4111,C-TudIY1KX03
4112,C-TudFPPUJ16
4113,C-TudIAUFF28
4114,C-TudMKT2V24
4115,C-Tud8Y8FH46
4116,C-Tud4TRZS58
4117,C-TudUKXY130
4118,C-TudUW25F57
4119,C-TudAHLBP54
4120,C-TudWLDG445
4121,C-TudBJ4NX15
4122,C-Tud6T6Z559
4123,C-TudDNCZT26
4124,C-Tud3PTVW17
4125,C-Tud56CDW49
4126,C-TudPTWLN55
4127,C-TudN2MRA23
4128,C-Tud9XIUC46
4129,C-TudYPB4958
4130,C-TudS3IKB40
4131,C-TudAXAIL30
4132,C-TudBC30S58
4133,C-TudC78W730
4134,C-TudSEX6031
4135,C-Tud2J8ZQ22
4136,C-TudYVWP103
4137,C-Tud08IZI23
4138,C-TudJBRBQ55
4139,C-TudXAFO730
4140,C-TudT60KA16
4141,C-TudJ6DZ358
4142,C-TudP0Q0524
4143,C-Tud9CAF435
4144,C-TudCKVJH20
4145,C-Tud9KQ4E23
4146,C-TudQJ3P542
4147,C-TudY3XJ338
4148,C-TudL5X5225
4149,C-TudCJMSI38
4150,C-TudAVHTH58
4151,C-TudKV8L305
4152,C-TudKTEQ725
4153,C-TudLUWRP15
4154,C-TudR6EUD12
4155,C-TudWSVUC53
4156,C-TudTN2LX47
4157,C-TudKZK2007
4158,C-Tud8I5GA52
4159,C-TudDYTL510
4160,C-TudW8GHC12
4161,C-Tud4WEA707
4162,C-TudTZXJ723
4163,C-TudDL1YG22
4164,C-TudHV9Y357
4165,C-TudAJ29Q40
4166,C-TudMFVCG36
4167,C-Tud6GVO904
4168,C-Tud980FU34
4169,C-Tud0W51B10
4170,C-TudSVQZ905
4171,C-TudW6AHR10
4172,C-TudOOFBV57
4173,C-TudUDW1541
4174,C-Tud045GK47
4175,C-Tud7QZYP23
4176,C-TudSWFLB34
4177,C-Tud5C64L43
4178,C-TudHPGYZ21
4179,C-TudNPFEM17
4180,C-Tud3TW0927
4181,C-TudRQZ2G46
4182,C-Tud9E54E04
4183,C-TudO7Y3E44
4184,C-Tud0D75Y00
4185,C-TudQUU8848
4186,C-TudNIMMH10
4187,C-TudXWPCF24
4188,C-Tud0I4S803
4189,TudRZGL01
4190,TudAMU817
4191,Tud8ZLW22
4192,TudM2YH35
4193,TudE8NN36
4194,TudVU5H48
4195,Tud26MH05
4196,TudPBTS21
4197,TudDS5535
4198,TudCD4510
4199,TudJRY552
4200,TudMSBM00
4201,Tud7YCW59
4202,TudV9AT23
4203,Tud8IS012
4204,TudE3BT23
4205,TudLMW711
4206,TudSNKE51
4207,TudZYGG59
4208,TudEGNK02
4209,TudL7Z340
4210,TudU4SS44
4211,TudO63Z38
4212,TudPMZD39
4213,TudYFKV14
4214,TudF3Q828
4215,Tud883Z55
4216,TudXPLH12
4217,TudX6I804
4218,TudWEHU22
4219,TudXJ0H32
4220,TudS5ZJ01
4221,TudGZT047
4222,Tud7CY136
4223,TudHWVH49
4224,TudMC8450
4225,Tud5OEC12
4226,TudPZEJ38
4227,TudKDC358
4228,TudRLZL21
4229,TudBTXF37
4230,Tud7WGS27
4231,Tud4D3F23
4232,Tud51X234
4233,TudNKW726
4234,TudNGTV55
4235,TudD8N010
4236,TudUVFO40
4237,Tud1IRR22
4238,Tar2EY645
4239,Tud2E3U14
4240,TudEGJC24
4241,TudSVNA29
4242,TudTLRX01
4243,TudZY0345
4244,TudJKE908
4245,TudMWDS29
4246,TudUTQA36
4247,TudQWTA28
4248,TudDZMS22
4249,TudJMW508
4250,TudDQVH33
4251,Tud80HX12
4252,TudE4P616
4253,Tud10AZ51
4254,Tud0Q3K01
4255,TudNWUM09
4256,Tud1RM941
4257,TudUUS847
4258,TudCW8R03
4259,TudWAOV36
4260,TudI2M717
4261,TudTXNE21
4262,TudVSX441
4263,Tud007Z07
4264,Tud40UT27
4265,Tud58W637
4266,TudCO1923
4267,TudD42P57
4268,TudFJFS33
4269,TudVNAK00
4270,TudGPRZ41
4271,TudX0PM58
4272,Tud5M8N03
4273,TudBLVX28
4274,TudQGPT52
4275,Tud9Z9G35
4276,TudY9Q533
4277,Tud79PN43
4278,TudM9U231
4279,TudOC3108
4280,TudSY8638
4281,TudYG5223
4282,TudTSJX40
4283,Tud36DC45
4284,TudRO5X23
4285,TudC2QQ28
4286,TudZJWF14
4287,TudLO4W02
4288,Tud85AN39
4289,TudYG7L00
4290,TudE1FS22
4291,TudLX9M32
4292,TudWV5I27
4293,Tud8OOF34
4294,TudECRC38
4295,TudTRE453
4296,TudHEC818
4297,Tud0YC331
4298,TudGVIM44
4299,TudQKYS37
4300,TudPK7531
4301,TudS0E451
4302,Tud4VQE30
4303,Tud6AR450
4304,Tud9LQZ57
4305,TudMRW058
4306,TudDOHV51
4307,TudQN0Z22
4308,TudQ7SS34
4309,TudDCSS49
4310,TudBWE003
4311,TudT10U50
4312,TudMWHF28
4313,Tud369Z41
4314,TudUF1158
4315,Tud6TT624
4316,Tud4DC818
4317,TudIJWK55
4318,TudGVU611
4319,TudWPON21
4320,TudHH6L47
4321,Tud7KAV48
4322,TudN5E058
4323,TudIWJ631
4324,Tud1C9549
4325,Tud6S5C51
4326,Tud13OC52
4327,TudB05850
4328,TudPM8522
4329,TudB6YE55
4330,TudF9TK32
4331,TudR9BE09
4332,TudXZWK52
4333,TudHOBN45
4334,TudS59Z41
4335,TudZE5N51
4336,TudCLG143
4337,TudDOSF48
4338,TudH63927
4339,TudLBAH00
4340,TudOMR925
4341,Tud8XZA29
4342,TudDZZ852
4343,TudGHQC00
4344,TudWJ7I35
4345,TudUB0F01
4346,TudLLG559
4347,Tud21NN17
4348,Tud3OCS52
4349,Tud1LE725
4350,TudROZI44
4351,TudR3Z046
4352,TudM7KV09
4353,TudYELZ08
4354,TudX4YG40
4355,TudIDQB22
4356,TudVI5313
4357,TudLM7403
4358,TudXC4X22
4359,Tud9WO440
4360,Tud7TLN38
4361,TudUP9811
4362,Tud4TBG49
4363,TudRZB819
4364,TudT6CY06
4365,TudYWXT46
4366,TudXW5L19
4367,Tud435Y28
4368,TudRXKM29
4369,TudWZ7X16
4370,Tud4YIC36
4371,Tud06HL54
4372,Tud2CW851
4373,TudW1PG04
4374,TudRIQH10
4375,Tud8NE737
4376,TudHQV402
4377,TudPZCR46
4378,TudFVH707
4379,TudEQ7Q43
4380,TudJTF706
4381,TudXKBH24
4382,TudDP0T22
4383,Tud902752
4384,Tud8C2S56
4385,TudAHW715
4386,TudEZ9Q17
4387,Tud86AC10
4388,TudIOST32
4389,TudQ75G39
4390,TudB0P728
4391,TudXZ5D10
4392,TudB5G316
4393,Tud0PW729
4394,TudVRJ501
4395,TudNNXL06
4396,TudJTUB19
4397,TudCM8W00
4398,TudRTC905
4399,TudXV7048
4400,Tud5K5127
4401,TudTGE930
4402,Tud0KEA40
4403,TudYTUE45
4404,TudHPSP03
4405,Tud1XKT29
4406,TudJCZS56
4407,TudPNW649
4408,Tud4VXL08
4409,TudYCPY27
4410,TudBDPU35
4411,TudFS4C45
4412,TudU9N755
4413,TudFEV438
4414,Tud440024
4415,TudBCNQ10
4416,TudSTAA04
4417,TudMS8Q43
4418,Tud4L8Z38
4419,TudUKR327
4420,Tud7XZ459
4421,TudNI7939
4422,Tud3S5N42
4423,TudQMF437
4424,TudBROZ20
4425,TudRVWI14
4426,TudFCJE59
4427,Tud99F916
4428,Tud66DO02
4429,Tud195C02
4430,TudTAB915
4431,TudW4U614
4432,TudUJT831
4433,TudLNC928
4434,TudH50320
4435,TudVX2R41
4436,TudIHEL00
4437,Tud3SOH26
4438,TudE1JF58
4439,TudZQ4121
4440,TudSQSG55
4441,Tud1H0V09
4442,TudF1NH53
4443,TudKJYF02
4444,TudI60N39
4445,TudBHJ510
4446,TudLAEG08
4447,TudF5ZU34
4448,TudVF0D31
4449,TudCDNW47
4450,TudMP3Q47
4451,TudQBVF04
4452,TudOQPL15
4453,TudL00M03
4454,Tud2I4O51
4455,TudUA7503
4456,TudXQPH16
4457,TudMJZ814
4458,Tud4X9848
4459,TudL1LP04
4460,TudP1VM24
4461,TudRIO155
4462,TudMHNZ12
4463,Tud61XL35
4464,TudWJRR10
4465,TudJ34540
4466,TudG1AW06
4467,TudA0L537
4468,TudOGA609
4469,TudDZ4445
4470,Tud1IBT44
4471,Tud0JTX05
4472,TudGADZ34
4473,Tud16W027
4474,TudO5WR04
4475,TudUM1648
4476,Tud3QV518
4477,TudOJCJ16
4478,TudSDW721
4479,Tud546I07
4480,TudX8ZK49
4481,Tud4JUN37
4482,TudCIOL01
4483,TudKHIW12
4484,TudPGNB10
4485,Tud8VV215
4486,Tud585X48
4487,TudQGZW11
4488,TudO0AR44
4489,Tud39QZ49
4490,TudWWYO41
4491,TudP3OX44
4492,TudAJVE54
4493,TudQU1044
4494,TudCDQJ18
4495,TudQEWR46
4496,TudUFHC51
4497,TudYAUE36
4498,TudYLYX46
4499,Tud23MU51
4500,TudJFYN27
4501,Tud3VT310
4502,TudRDIB20
4503,TudOHHO29
4504,TudMEQ935
4505,TudOMAH23
4506,TudJWQO20
4507,TudH1R738
4508,TudCNE706
4509,Tud7SQ342
4510,TudKZLM37
4511,Tud5F5D23
4512,TudFPXW37
4513,Tud91YD58
4514,TudD2OA51
4515,TudIEBK29
4516,TudHZWW31
4517,TudXMYW24
4518,TudR73Q03
4519,TudJ2AC20
4520,TudF4DC37
4521,TudJ1ZR18
4522,Tud2F7617
4523,TudFGP053
4524,TudNCIF16
4525,TudKQ6K12
4526,Tud9Q2P01
4527,Tud95TY20
4528,TudON4S01
4529,Tud26JP34
4530,TudDZ9L22
4531,TudQ2YB07
4532,Tud3NQ724
4533,TudGS2I22
4534,TudUQ9J09
4535,Tud9E8U22
4536,TudQ6M631
4537,TudIBNQ33
4538,Tud52DV18
4539,TudC0XU19
4540,TudJ0DH55
4541,TudOZWY54
4542,TudZ46752
4543,TudPTTF10
4544,TudE7ND54
4545,Tud85R023
4546,Tud64YE06
4547,TudQ4E657
4548,Tud2TN417
4549,Tud1D7K09
4550,TudSJHK15
4551,TudELEJ51
4552,C-Kir2HG9931
4553,C-Kir4YQNF50
4554,C-KirL7J2T49
4555,C-KirTBQPF10
4556,C-KirYX94Z16
4557,C-KirU6TXX14
4558,C-Kir6GMHN09
4559,C-KirCQG7G07
4560,C-KirP9OPX55
4561,C-KirETKT023
4562,C-KirURI4V42
4563,C-KirIID8R47
4564,C-KirDA6NG32
4565,C-Kir7HEAX04
4566,C-KirGW9DR03
4567,C-KirT1COE56
4568,C-KirE2JP619
4569,C-Kir8YDYI32
4570,C-KirGQWL258
4571,C-Kir891QA07
4572,C-KirX2UEX51
4573,C-KirWYDK526
4574,C-KirJBECM08
4575,C-KirG6MI747
4576,C-KirHTTT201
4577,C-Kir6KGPN35
4578,C-KirMT5VV44
4579,C-Kir7EZB131
4580,C-Kir368XS59
4581,C-KirDAUWN54
4582,C-KirCNI7R40
4583,C-KirQ859437
4584,C-KirE9M6832
4585,C-Kir9KRHB35
4586,C-KirTRWJ435
4587,C-KirYMHCN28
4588,C-KirR7KSZ25
4589,C-KirC0A6U04
4590,C-KirRDW0551
4591,C-KirMVOZW29
4592,C-KirJBA2D35
4593,C-KirM80K919
4594,C-KirMWQNC18
4595,C-Kir0H8J702
4596,C-Kir4ZGSL33
4597,C-KirYDHO124
4598,C-KirMDRWX59
4599,C-KirCYLCB57
4600,C-KirNVXTB21
4601,C-KirIXU9M05
4602,C-KirDSBFS23
4603,C-Kir81EEA20
4604,C-KirH43VW17
4605,C-Kir5LJ3Z37
4606,C-KirHCALZ59
4607,C-Kir0OJDQ05
4608,C-KirW1J6110
4609,C-KirMZG7115
4610,C-Kir1BSDU19
4611,C-KirAV8IH39
4612,C-KirY9KGM31
4613,C-Kir0X1QO48
4614,C-KirACQN319
4615,C-Kir7TPIY25
4616,C-Kir5OX1V02
4617,C-KirKDBMP28
4618,C-Kir9VT5459
4619,C-Kir7P39P56
4620,C-Kir4HQCK57
4621,C-Kir41YME34
4622,C-Kir2IBDQ55
4623,C-Kir6JN0K56
4624,C-Kir022D250
4625,C-KirMTR9726
4626,C-KirOROKB19
4627,C-KirYLRP702
4628,C-KirN0W8N25
4629,C-KirJAP7M50
4630,C-Kir5HKIM03
4631,C-Kir8NFYD20
4632,C-Kir1NZVG12
4633,C-KirNKYQC06
4634,C-KirV2PGU38
4635,C-KirDJAFU38
4636,C-KirVC4DP08
4637,C-Kir8QDGM14
4638,C-KirPC1S253
4639,C-Kir9G06Q58
4640,C-KirFCPJE07
4641,C-KirGB03O30
4642,C-KirHT4CI07
4643,C-KirW33YU35
4644,C-KirEYVLQ36
4645,C-Kir5NG4318
4646,C-KirK71Z711
4647,C-Kir484MY53
4648,C-Kir40GGK56
4649,C-Kir693RO11
4650,C-KirEZRWU35
4651,C-KirWDKVC40
4652,C-KirYA5YZ44
4653,C-KirNUKDG25
4654,C-KirXM8IV16
4655,C-KirG63WB38
4656,C-Kir0KMSU28
4657,C-KirZN8QC40
4658,C-KirCWRFD19
4659,C-KirUFUUW09
4660,C-Kir80UJV57
4661,C-KirP66P948
4662,C-KirHG3BJ07
4663,C-KirME7ZS32
4664,C-KirYH52V52
4665,C-Kir0RG1L27
4666,C-Kir9C0KC46
4667,C-KirQ5D9O02
4668,C-Kir43Q5H03
4669,C-KirGADJM29
4670,C-KirEVO7138
4671,C-KirAF0P001
4672,C-Kir7M5S112
4673,C-KirMWZYB58
4674,C-KirOLGCR27
4675,C-KirL1RWI19
4676,C-KirFM9FH17
4677,C-Kir5UDD401
4678,C-Kir0IUME00
4679,C-Kir5T28E29
4680,C-KirVOUEN10
4681,C-KirU9ZEQ53
4682,C-KirBFKK951
4683,C-Kir1TR4K31
4684,C-Kir4VKFT07
4685,C-KirRH86Z07
4686,C-KirC5FRV57
4687,C-Kir2W3PR25
4688,C-Kir9WL2A17
4689,C-KirML5HA58
4690,C-KirPM5JW53
4691,C-KirN6ET306
4692,C-KirJFIAU02
4693,C-KirFUWFM42
4694,C-Kir949OK39
4695,C-Kir1J7WS20
4696,C-Kir2QAEJ11
4697,C-KirJ67IO45
4698,C-KirO9J9T50
4699,C-Kir8WST304
4700,C-KirBADF512
4701,C-KirLY5NI32
4702,C-KirG7DXN06
4703,C-Kir353NR10
4704,C-KirIKWCN40
4705,C-Kir9O19T52
4706,C-KirL5Q5G19
4707,C-KirTU28657
4708,C-Kir3HCRL52
4709,C-KirNNMEO18
4710,C-KirSOO5C11
4711,C-KirKG9PW17
4712,C-KirR5JS045
4713,C-KirEYP7G36
4714,C-KirB3UB339
4715,C-KirYSFLA52
4716,C-Kir871YR40
4717,C-Kir3ID4844
4718,C-KirA3D7H54
4719,C-KirHIHQ529
4720,C-Kir096OJ48
4721,C-KirCYQJM47
4722,C-KirJE7MG59
4723,C-KirG9RM341
4724,C-KirFGW7K50
4725,C-Kir67NV719
4726,C-KirCNP7V56
4727,C-Kir45A2F36
4728,C-KirZW9RR13
4729,C-KirUQSFR52
4730,C-KirHP6GX15
4731,C-KirBVPX534
4732,C-KirHOMPA16
4733,C-KirRQ49J35
4734,C-KirFFBAU57
4735,C-KirW5Z3J44
4736,C-Kir9RFVO38
4737,C-KirGN1SS10
4738,C-KirVBEV344
4739,C-KirAICL944
4740,C-Kir35U7924
4741,C-Kir1XIWB12
4742,C-Kir7M93216
4743,C-Kir4V87G04
4744,C-KirRCOGZ44
4745,C-Kir1T8U244
4746,C-KirDJSE118
4747,C-Kir0GU8U03
4748,C-KirIRM0128
4749,C-KirYMAQ732
4750,C-KirWYRH005
4751,C-KirUXVGF51
4752,C-KirQ72QS47
4753,C-KirFQNSQ46
4754,C-Kir51QE655
4755,C-KirMJ2YJ41
4756,C-Kir6AK4N49
4757,C-KirSBO9437
4758,C-Kir9OMMN51
4759,C-KirFJG2L16
4760,C-Kir0S50Y40
4761,C-KirR9VPM41
4762,C-KirGST1Q19
4763,C-Kir2XICF13
4764,C-KirGXCT142
4765,C-KirB2SDX40
4766,C-KirGFVI945
4767,C-KirWC60F34
4768,C-KirQANVI38
4769,C-KirHIW0B27
4770,C-KirUJMLG54
4771,C-Kir4XF9X09
4772,C-Kir0CJNV11
4773,C-KirHPF1N15
4774,C-KirQIFPU46
4775,C-Kir20TA619
4776,C-Kir3XNXW15
4777,C-KirM9QCS41
4778,C-Kir8149052
4779,C-KirZJ0LP16
4780,C-KirQS6JK50
4781,C-KirWPMEK32
4782,C-Kir631P108
4783,C-KirU23R243
4784,C-KirBYZOF48
4785,C-Kir33C9P06
4786,C-KirI8FIL03
4787,C-KirO87V130
4788,C-KirX0KVL20
4789,C-Kir2S5PG55
4790,KirDB124
4791,Kir44H19
4792,KirN2J22
4793,Kir0TM03
4794,KirCU044
4795,KirF0345
4796,Kir4W211
4797,KirDOG51
4798,KirW2U04
4799,Kir0A619
4800,KirINK08
4801,KirTYN39
4802,KirPR843
4803,KirMPZ03
4804,Kir32D43
4805,KirMPT34
4806,Kir0CG31
4807,KirZT752
4808,KirQZY45
4809,Kir7Q019
4810,KirQBQ51
4811,KirMTE25
4812,KirQT247
4813,KirRXV48
4814,KirKYG17
4815,KirPB849
4816,KirYR604
4817,KirX2152
4818,KirQ1K26
4819,Kir5P847
4820,KirVJK11
4821,KirSZX48
4822,KirRPK12
4823,KirSYH58
4824,KirCX102
4825,KirHLZ50
4826,Kir5TH37
4827,KirMWO35
4828,KirQR329
4829,KirYHB10
4830,Kir55453
4831,KirN6F54
4832,KirZUH09
4833,KirDUE22
4834,KirCH648
4835,Kir6A830
4836,Kir9UI21
4837,KirZPP45
4838,KirOVY42
4839,KirPJ535
4840,KirGIM46
4841,KirAQC08
4842,KirVXO07
4843,KirAN604
4844,KirTDD15
4845,Kir1QU16
4846,KirOM823
4847,KirN0G28
4848,KirWKJ57
4849,Kir7HJ49
4850,KirAY734
4851,KirJ0Q47
4852,KirW6124
4853,KirE6921
4854,KirKS028
4855,KirF7354
4856,KirL87U03
4857,KirJ2RB42
4858,KirHT4F06
4859,KirXLGH25
4860,Kir9NBM54
4861,KirFN8R37
4862,KirW8G910
4863,KirBZNM23
4864,KirPYLE26
4865,KirTLOM21
4866,Kir0H8920
4867,Kir7GY153
4868,Kir3LC443
4869,KirG1NS39
4870,Kir2TT430
4871,KirRHA133
4872,KirML6513
4873,KirL10T36
4874,KirV52H35
4875,KirZ6FC23
4876,Kir1ABJ09
4877,KirO6GM36
4878,KirEXL624
4879,KirPAYM02
4880,Kir6ED207
4881,KirNPDX55
4882,Kir5HDK09
4883,KirSIXL22
4884,KirCZAN26
4885,Kir967B33
4886,Kir7POR01
4887,Kir3HQV08
4888,KirTEOB03
4889,Kir2MN044
4890,KirDLVB19
4891,KirURCP07
4892,KirBWAN59
4893,KirP08938
4894,KirCZTQ00
4895,KirPMKS34
4896,KirZV7043
4897,Kir4IQU59
4898,Kir89A101
4899,KirLQPV18
4900,KirH2ME35
4901,KirFHOX24
4902,KirGAC626
4903,KirHQK144
4904,KirPESE46
4905,KirDBH159
4906,KirKQBH26
4907,KirTS8O40
4908,KirYPPK04
4909,KirIZBI06
4910,KirE8XU21
4911,KirEUKM36
4912,KirUD8G10
4913,KirIZPK01
4914,KirGEXC27
4915,KirQWWU04
4916,KirAP7E06
4917,KirUFQU59
4918,KirTHF214
4919,KirHL4V28
4920,KirRL1F10
4921,KirL06O20
4922,KirD25751
4923,KirQAUE19
4924,Kir3U0L20
4925,KirYY8O11
4926,KirPFF558
4927,Kir40TY50
4928,KirZL9U18
4929,KirY8WF09
4930,KirWC2P16
4931,Kir8EJ233
4932,KirP48W05
4933,Kir7KKE54
4934,KirU5KW09
4935,KirTIJ400
4936,KirOTPB48
4937,KirBH0029
4938,Kir2RNO00
4939,KirNEUR09
4940,KirYQ7Q12
4941,KirNP4S20
4942,Kir172U54
4943,Kir7GMI28
4944,KirNTZV40
4945,Kir9OVH29
4946,KirJFV612
4947,KirHKWJ04
4948,Kir13PR24
4949,KirG14T10
4950,KirLZ4A54
4951,KirYXUD46
4952,Kir5LKZ09
4953,KirTI9I46
4954,KirBOMN25
4955,KirYI9P42
4956,KirOMNG31
4957,Kir2D1D27
4958,KirUJNH16
4959,Kir0II639
4960,KirMK1M58
4961,Kir62P621
4962,KirYM5I33
4963,KirKUKI05
4964,KirNMSS12
4965,KirBFVL44
4966,KirQ68R22
4967,Kir312650
4968,KirRING04
4969,KirGNYX35
4970,KirM9HX48
4971,KirDM8Y05
4972,KirO75B39
4973,KirV1WG32
4974,KirE9VE12
4975,Kir30FY21
4976,KirZE5A38
4977,KirJQYV53
4978,KirJ1EK25
4979,Kir1DHC54
4980,KirOYYC00
4981,Kir3YDH32
4982,KirAT1B34
4983,Kir5H5645
4984,KirIY8L59
4985,KirJW9105
4986,KirPHML32
4987,KirD0JY40
4988,Kir1BXG49
4989,Kir2J1J03
4990,KirE22Y55
4991,Kir8E7B36
4992,Kir7X4Z23
4993,KirKBZS17
4994,KirQOCE37
4995,KirZAKS44
4996,Kir761I05
4997,KirY4ZQ34
4998,KirZCFR48
4999,Kir7UV601
5000,KirKVE600
5001,KirLFYP22
5002,Kir4MTZ02
5003,Kir74R356
5004,KirNVL207
5005,Kir552C06
5006,KirYVCD36
5007,Kir1HX839
5008,KirAYQN04
5009,KirLQ0J14
5010,Kir7TM522
5011,KirKFX816
5012,Kir9THD12
5013,KirTYXC45
5014,KirZP2Y22
5015,Kir11OH07
5016,KirG08K56
5017,KirW2I813
5018,KirRUOA24
5019,KirY8BA46
5020,Kir8BQ606
5021,KirYDJD20
5022,KirJ4OK31
5023,KirVS3L42
5024,KirX38815
5025,Kir8EL627
5026,Kir4QMN01
5027,Kir2KKT29
5028,KirM7OD10
5029,KirYE6V12
5030,KirM88S54
5031,KirP2ZZ34
5032,Kir19NX56
5033,KirQQE615
5034,Kir0GUG01
5035,KirLV3K09
5036,KirZQZR57
5037,KirFOET55
5038,Kir4J6A29
5039,KirLSNB19
5040,Kir85YE22
5041,KirHTMW18
5042,Kir27L925
5043,KirEAPZ51
5044,KirBR3Y20
5045,KirICTD24
5046,Kir2Q9057
5047,Kir8SQW38
5048,Kir90ZU52
5049,KirEP6R33
5050,KirELLZ22
5051,KirR7L304
5052,KirNGR745
5053,KirGOVN17
5054,KirMTKR07
5055,KirC59C45
5056,KirOJ7B27
5057,KirP4T717
5058,Kir3E8P33
5059,KirCJ7P47
5060,KirMGBZ20
5061,KirLV3V09
5062,KirTWY455
5063,KirXKR339
5064,KirJRBR28
5065,Kir7P5Z44
5066,KirEXY531
5067,KirMU9321
5068,KirDI1903
5069,KirCEVW50
5070,KirAN1X48
5071,KirLN8S53
5072,BebTZEF14
5073,KirCBG457
5074,Kir7MK220
5075,KirIKXE39
5076,KirYO9S05
5077,KirLLHI44
5078,KirU0LA29
5079,KirY0DO28
5080,Kir4PNE22
5081,Kir1NHZ57
5082,KirM7H326
5083,KirCY0G03
5084,KirWZY722
5085,Kir82E017
5086,KirTPX810
5087,KirL6WP10
5088,KirRUW252
5089,Kir40MB06
5090,KirN3Y648
5091,KirLTJZ11
5092,KirUTF507
5093,KirE4VP08
5094,KirDXXN59
5095,KirKTYI47
5096,KirUELJ38
5097,KirMBK324
5098,KirE25Q51
5099,Kir21DU30
5100,KirY1JZ53
5101,KirARWE01
5102,KirPHL658
5103,KirLSQ746
5104,KirPCUG34
5105,KirVABZ35
5106,KirGILZ05
5107,KirYK5W22
5108,KirY76710
5109,KirCFZI09
5110,KirGTI610
5111,KirKJJ209
5112,KirG1PX06
5113,Kir6YWX08
5114,KirH55P25
5115,KirX8CU36
5116,Kir9BUA18
5117,Kir3HN437
5118,KirGAXZ03
5119,KirPBCQ28
5120,KirJW7V31
5121,Kir66F037
5122,KirVI9539
5123,KirQE8X46
5124,KirBFTB02
5125,Kir7F4L01
5126,KirNY9X21
5127,KirMD1U15
5128,KirC57E12
5129,KirU3QY00
5130,KirOD4Q24
5131,KirK39959
5132,KirB0VL03
5133,KirFG2159
5134,KirP93346
5135,Kir986431
5136,Kir3V1T33
5137,KirRX4J12
5138,KirXZ8R51
5139,Kir0V2Q20
5140,Kir14LT07
5141,KirCFM337
5142,KirO83216
5143,Kir8YNQ27
5144,KirOTF256
5145,KirM1ID23
5146,Kir7C5430
5147,KirLLRD25
5148,KirGED627
5149,KirEFTH49
5150,Kir690344
5151,KirBWPV07
5152,KirGX7N57
5153,KirVKU337
5154,KirME1332
5155,KirS5AQ36
5156,KirPXOB15
5157,KirLBZ516
5158,KirROX906
5159,KirCOBN14
5160,KirDLKF26
5161,KirHTB120
5162,Kir45CU51
5163,KirVQRL36
5164,Kir69VC49
5165,KirNW6I33
5166,KirWUGP54
5167,KirJ98808
5168,KirX3GI17
5169,KirIGEZ50
5170,Kir0Y9K26
5171,KirGFKA40
5172,KirK7LY25
5173,KirGO5O19
5174,Kir74Q309
5175,TofGP401
5176,TofSH601
5177,TofO6735
5178,TofWD840
5179,TofOMG48
5180,TofIQV05
5181,Tof63926
5182,TofWYG18
5183,TofGFD30
5184,TofECE54
5185,TofGWP44
5186,Tof4MX41
5187,TofJXU59
5188,TofA5A53
5189,TofF6L55
5190,TofQ3P19
5191,TofTW724
5192,TofXJU02
5193,TofWWM16
5194,TofJAM43
5195,TofV8B55
5196,TofM1746
5197,TofR3J57
5198,Tof9VE56
5199,TofNCX36
5200,Tof90O38
5201,Tof2IA05
5202,Tof2TS33
5203,Tof5E344
5204,TofKWD48
5205,TofTY643
5206,Tof7M421
5207,TofMM035
5208,TofCHT37
5209,TofXEA58
5210,TofVYT36
5211,TofCN902
5212,TofDT243
5213,Tof88M17
5214,TofB4R07
5215,TofDY720
5216,TofFT617
5217,TofIGW06
5218,TofOBA56
5219,TofMYK08
5220,TofWXE50
5221,TofB0141
5222,Tof2YH56
5223,TofF2926
5224,Tof9Y609
5225,TofCQZ20
5226,TofXBL59
5227,TofD8K56
5228,Tof7P047
5229,TofQJ616
5230,TofPOB50
5231,TofAGE49
5232,TofY0Y12
5233,Tof75V41
5234,Tof7PS55
5235,TofRH726
5236,TofGU510
5237,TofUYD31
5238,TofU1733
5239,TofLUT33
5240,Tof9BQ19
5241,TofO4F13
5242,TofK2757
5243,TofBVO46
5244,Tof6FK05
5245,TofCR245
5246,Tof8CZ11
5247,TofENS01
5248,TofXKU08
5249,Tof1CY46
5250,TofCU928
5251,Tof32S41
5252,Tof59T52
5253,Tof8PD31
5254,TofTG030
5255,TofKDZ47
5256,TofJIC50
5257,TofVUX49
5258,TofH8R29
5259,TofRRM15
5260,TofNJN45
5261,TofD9P35
5262,TofP8U51
5263,Tof1TA59
5264,TofUPV31
5265,TofHKB26
5266,TofQU916
5267,TofS4557
5268,TofSZB19
5269,TofCB935
5270,TofTFJ57
5271,TofRAD59
5272,TofB9Y10
5273,TofZ7257
5274,Tof42818
5275,Tof83206
5276,Tof67G38
5277,TofSPG37
5278,TofJ5O19
5279,TofWRH26
5280,TofTVY19
5281,Tof9B310
5282,Tof0TN33
5283,TofTAW18
5284,TofRMT18
5285,TofJIN17
5286,TofJ5X24
5287,Tof5XX23
5288,TofCMS13
5289,TofZQI44
5290,TofM9R11
5291,TofD7T02
5292,TofX3135
5293,TofYNL54
5294,Tof9XE52
5295,TofL0G29
5296,TofOWX11
5297,TofI3J35
5298,Tof9UF57
5299,TofFGM08
5300,Tof8QO30
5301,TofNAI26
5302,Tof7I501
5303,TofI3657
5304,TofKFU12
5305,Tof73L38
5306,TofSYN14
5307,TofXIJ46
5308,TofUUO00
5309,TofGCR25
5310,Tof9AP30
5311,Tof48G48
5312,TofZNK38
5313,Tof9KQ55
5314,Tof0GR28
5315,TofGXZ36
5316,TofLX044
5317,TofL1435
5318,Tof4S627
5319,TofX5E23
5320,TofZA757
5321,Tof13S15
5322,TofEUF48
5323,TofUFP26
5324,TofEMC32
5325,TofETE57
5326,TofNDR55
5327,Tof9EQ10
5328,TofNSO27
5329,TofC1X45
5330,Tof6ZU33
5331,TofH4Q26
5332,TofD7U09
5333,Tof26E12
5334,Tof9SN20
5335,TofIS416
5336,Tof2T318
5337,TofBEN20
5338,TofRW635
5339,TofHQ335
5340,TofZ3005
5341,Tof1V941
5342,Tof0H913
5343,Tof5LV20
5344,TofFGV41
5345,TofIO334
5346,Tof2G718
5347,Tof27Z03
5348,TofB9F23
5349,TofESQ35
5350,TofOPY19
5351,TofKMM38
5352,TofKGT39
5353,TofI0R32
5354,TofGGN18
5355,Tof9T527
5356,Tof5NI58
5357,Tof0BJ45
5358,Tof7AV58
5359,TofGTM49
5360,TofRBW14
5361,TofQFZ11
5362,TofFMC35
5363,TofC7M10
5364,Tof1W738
5365,TofIHF15
5366,TofWCP58
5367,Tof0IE19
5368,Tof80853
5369,Tof1HJ37
5370,TofQ8T22
5371,TofOCP42
5372,TofPU937
5373,TofQB707
5374,Tof0B552
5375,TofLTB00
5376,Tof7EM29
5377,TofQ2F57
5378,Tof6MW01
5379,TofKML39
5380,TofUBS35
5381,Tof1AZ19
5382,Tof0ZD24
5383,Tof5RG48
5384,TofNKL28
5385,TofH0014
5386,TofWM945
5387,TofVK703
5388,TofNV133
5389,Tof18Q21
5390,TofFNZ25
5391,TofADZ00
5392,TofQ0648
5393,TofKP423
5394,TofWQT02
5395,TofZWF48
5396,TofKO718
5397,Tof17255
5398,TofHXX35
5399,TofQLI19
5400,TofHWB02
5401,TofYVT53
5402,TofLA445
5403,TofHZ129
5404,TofVM409
5405,TofQF653
5406,Tof5BE47
5407,Tof26334
5408,TofQES14
5409,Tof9Q259
5410,Tof88O16
5411,TofE5B59
5412,Tof7MN00
5413,Tof92C24
5414,Tof25N34
5415,TofKVK55
5416,TofC1U18
5417,Tof33Q50
5418,TofKQD34
5419,TofU3Z04
5420,TofA8159
5421,TofWGR06
5422,Tof9OH49
5423,TofGFU51
5424,Tof99H44
5425,TofIIX51
5426,TofFH747
5427,Tof55Z26
5428,TofB8010
5429,TofYNI10
5430,Tof6U947
5431,Tof5V333
5432,TofCC935
5433,TofSO754
5434,TofOK945
5435,TofO3U29
5436,TofQQK41
5437,Tof6ZB41
5438,Tof9RA25
5439,Tof94L30
5440,TofBEJ31
5441,Tof78E33
5442,TofXJY24
5443,Tof4HB53
5444,TofMEN08
5445,TofLLP47
5446,TofLN755
5447,TofPQP48
5448,TofX0F42
5449,TofHU856
5450,TofBCH48
5451,TofTIN32
5452,TofZ9128
5453,TofR2523
5454,TofOYO11
5455,TofV0C40
5456,Tof2XK00
5457,Tof83X46
5458,TofBJE31
5459,TofJ9V15
5460,TofTFI15
5461,TofKXN10
5462,TofLZ430
5463,TofQSE54
5464,BagUVX48
5465,TofJUF14
5466,Tof8FW13
5467,TofHH425
5468,TofL6C35
5469,TofK3T12
5470,TofR4F22
5471,TofG2N12
5472,TofGJ302
5473,Tof0QQ49
5474,Tof51M20
5475,Tof7QI22
5476,TofN0S55
5477,TofSIS34
5478,TofZRU39
5479,Tof07V31
5480,Tof4SO45
5481,TofCCQ45
5482,TofYFR59
5483,TofKOQ40
5484,TofT3T03
5485,TofQHL13
5486,Tof9D754
5487,TofXSO21
5488,TofQ7G21
5489,Tof0X322
5490,TofSRI35
5491,TofLB456
5492,TofVWM20
5493,TofYXL38
5494,TofYNS25
5495,Bag9W509
5496,Tof5B201
5497,TofHUX49
5498,TofVO857
5499,Tof1YV31
5500,TofYVS10
5501,TofHD746
5502,Tof8WS26
5503,TofJAU00
5504,Tof71S41
5505,Tof5FU16
5506,Tof0TU59
5507,TofMTW18
5508,Tof55A03
5509,TofA2C28
5510,TofR4F24
5511,TofH0S39
5512,Tof2MF20
5513,TofKUS56
5514,TofSJ844
5515,TofUWH26
5516,Tof3MB56
5517,TofVOS51
5518,TofW2Z38
5519,Tof9L411
5520,Tof7AM08
5521,TofXK814
5522,Tof5CQ03
5523,TofAHC38
5524,Tof00123
5525,TofY1U42
5526,TofA2116
5527,Tof4AY51
5528,TofQRF45
5529,TofE3N15
5530,TofIPP05
5531,TofQ5929
5532,Tof29I32
5533,TofSXI28
5534,Tof2OR30
5535,Tof0RQ13
5536,TofLTM30
5537,TofUOI47
5538,Tof3PI04
5539,TofG2T34
5540,Tof71J44
5541,TofS1B58
5542,TofZNP40
5543,TofEYO54
5544,TofGXV16
5545,TofXHO41
5546,TofALU45
5547,TofAKR51
5548,Tof2NS58
5549,TofFHF53
5550,TofD0C48
5551,Tof8YN50
5552,TofKSR06
5553,TofS5D07
5554,TofRNJ33
5555,TofT3T16
5556,TofD3533
5557,Tof3TU07
5558,TofMWS02
5559,Tof41L20
5560,TofDVF49
5561,Bag1CV35
5562,TofG3Q26
5563,Tof82L29
5564,Tof1J517
5565,TofB3M10
5566,Tof9UZ59
5567,TofAIO27
5568,TofIS839
5569,Tof4GY47
5570,TofWM242
5571,TofWIF15
5572,TofN3L16
5573,TofZSK20
5574,Tof7X355
5575,TofTQH04
5576,TofAJD59
5577,TofMYQ59
5578,Tof7KN25
5579,TofVEV03
5580,TofJOY28
5581,TofB2C28
5582,TofRV139
5583,TofYAP19
5584,TofJUP32
5585,Tof81T43
5586,TofY3N46
5587,Tof4AW04
5588,TofF0J16
5589,TofOC439
5590,TofGF028
5591,Tof3XC10
5592,TofWS033
5593,Tof89J37
5594,Tof7II35
5595,TofV4V11
5596,Tof7XL01
5597,TofLLV37
5598,TofX0B18
5599,Tof8SQ26
5600,TofCEH35
5601,Tof01O01
5602,Tof4SH20
5603,Tof9KR34
5604,TofMWP20
5605,TofGOL40
5606,Tof54D00
5607,Tof93006
5608,TofJVN30
5609,Tof97334
5610,TofIGL06
5611,TofR0X09
5612,TofJEG31
5613,TofUXU32
5614,TofNBH22
5615,TofD1P11
5616,Tof6I220
5617,Tof00N45
5618,Tof0KK17
5619,TofYGH40
5620,TofC0144
5621,Tof37455
5622,TofSRU18
5623,TofP5C14
5624,Tof2E516
5625,Tof9KY14
5626,Tof3UD27
5627,TofL9C40
5628,Tof3XA13
5629,Bag07C43
5630,TofH1O12
5631,TofRDH36
5632,TofK2P54
5633,Tof9G924
5634,TofYLN40
5635,Tof86I27
5636,Tof3P742
5637,Tof1YW39
5638,Tof75D07
5639,Tof2A810
5640,Tof9RD06
5641,TofXO008
5642,TofYHZ55
5643,TofY1Z36
5644,Tof04J13
5645,TofL2V53
5646,Tof52858
5647,TofXSH03
5648,Tof2TJ42
5649,TofX2812
5650,TofP3T00
5651,TofAUI11
5652,TofUTU43
5653,Tof1LZ19
5654,TofEIJ15
5655,TofTTV14
5656,Tof5Z515
5657,TofMSA47
5658,TofJTS34
5659,BagE3F53
5660,Tof6NB15
5661,Tof4LI55
5662,Tof9WW30
5663,TofCX003
5664,TofV3415
5665,TofAKX34
5666,Tof4LM43
5667,TofJ6O37
5668,Tof1MI22
5669,TofC4011
5670,TofXED35
5671,TofDXO27
5672,TofCZF03
5673,TofVFH51
5674,TofB9J42
5675,Tof8JI40
5676,Tof3W850
5677,TofSPA32
5678,TofJV212
5679,Tof0YC15
5680,TofXYG42
5681,BagDCW27
5682,BagAUD18
5683,TofHHB00
5684,TofFHW46
5685,Tof00W25
5686,Tof14Y24
5687,TofX1200
5688,TofKEW56
5689,Tof1K651
5690,TofDK608
5691,TofS4D10
5692,TofEG820
5693,TofLKX38
5694,TofDS526
5695,Tof75S46
5696,TofIIF03
5697,TofGN432
5698,TofE9H56
5699,Tof2VL24
5700,Tof0LD57
5701,TofPEO30
5702,Tof81308
5703,TofKAU46
5704,TofL8H25
5705,TofSTF02
5706,TofN2447
5707,TofYOI00
5708,TofQTO36
5709,TofRM255
5710,Tof0VC39
5711,TofA5V41
5712,TofMF705
5713,Tof8GA31
5714,Tof5UB01
5715,TofIVK40
5716,TofPFS03
5717,TofZHY52
5718,Tof9L026
5719,TofJ1829
5720,Tof8NL20
5721,TofUUB25
5722,TofQMA12
5723,TofDP639
5724,Tof7H833
5725,Tof58U09
5726,TofAAJ44
5727,TofGO337
5728,Tof0EG43
5729,Tof0PQ45
5730,TofKIF28
5731,TofVVJ58
5732,TofJLW13
5733,Tof3L414
5734,TofN5L41
5735,Bag23U22
5736,TofTGY40
5737,TofCF607
5738,TofGGW31
5739,TofVCN10
5740,Tof8LQ09
5741,TofRYW50
5742,Tof9LW40
5743,TofKLR55
5744,TofH9M47
5745,Tof5QQ22
5746,Tof8WV46
5747,TofFMK04
5748,Tof4UG52
5749,TofBUP14
5750,TofJJU36
5751,TofKEP12
5752,TofGS820
5753,TofD6H11
5754,TofAOV00
5755,Tof01C18
5756,TofUIQ56
5757,Tof3F903
5758,TofUA821
5759,TofVR329
5760,Tof84Y28
5761,TofT2140
5762,TofNW006
5763,Tof2Z825
5764,TofF3R13
5765,TofZBF45
5766,TofYHR16
5767,TofXTV04
5768,TofMQQ38
5769,TofMAJ41
5770,Tof58I56
5771,TofL7U23
5772,Tof79307
5773,TofLSQ07
5774,Tof8DB54
5775,TofRTT16
5776,TofKB332
5777,TofBZE14
5778,Tof1YC06
5779,TofK6G48
5780,Tof1D507
5781,TofYJ041
5782,TofZOG23
5783,TofVUV22
5784,TofOZ817
5785,Tof7DU36
5786,TofDMO50
5787,TofA5H02
5788,TofD7F26
5789,TofFHF05
5790,TofOY000
5791,TofGD530
5792,Rim4PU46
5793,Tof6JO29
5794,TofQWY01
5795,TofLMK06
5796,TofGY206
5797,TofG0C05
5798,Tof40B36
5799,TofBZN43
5800,TofW9324
5801,TofJ7G38
5802,Tof5AR56
5803,Rim9XM22
5804,TofS4V936
5805,Bag63B109
5806,TofM5GM33
5807,BagC63728
5808,TofFTQJ57
5809,TofY1I611
5810,Tof6KLG27
5811,TofNT2J15
5812,Tof4D8L57
5813,TofEP0F40
5814,Tof0BJN29
5815,Tof8RAN47
5816,TofPKNN18
5817,TofI5J436
5818,TofIFGM10
5819,TofSQFU39
5820,Tof2NT227
5821,TofJMUM41
5822,TofPI9G59
5823,TofGNEI29
5824,TofF5IF24
5825,TofPH1N49
5826,TofZYJY36
5827,TofP1D549
5828,TofFNT513
5829,TofN76R38
5830,TofQR8N45
5831,TofNQHQ45
5832,Tof43FH26
5833,TofSLNZ43
5834,BagSI1644
5835,TofHYIV43
5836,TofJJ0409
5837,BagP1AC05
5838,TofJ4UP26
5839,TofRVND35
5840,Bag9U9Q16
5841,TofZB1M57
5842,TofEFCO16
5843,BagYTIB22
5844,Tof1JV556
5845,TofL59H29
5846,TofOSPO58
5847,TofZ4PI12
5848,TofBIJA01
5849,TofKEDX31
5850,Tof52IM36
5851,TofKV9J26
5852,Tof672Y49
5853,BagKCTP15
5854,BagEUKC51
5855,TofN01937
5856,TofMGTO08
5857,TofR3GD03
5858,Tof220A18
5859,Tof8XLK24
5860,TofHBIZ29
5861,Tof68N633
5862,Tof3DZC32
5863,Tof7O7K18
5864,TofXQVI23
5865,TofH9CD36
5866,TofD06I24
5867,Bag75SM51
5868,TofCUFG24
5869,Tof945E38
5870,TofP1MS03
5871,TofQK1Q59
5872,Tof6G2K32
5873,TofGQ9N39
5874,Tof5TEO02
5875,BagPCOU11
5876,BagI0SW54
5877,RanB1F656
5878,RanHN5V49
5879,Ran6WM633
5880,RanDQ8D00
5881,RanTLGJ09
5882,RanCKBI44
5883,Ran8RC651
5884,RanFZOD19
5885,Ran94EW47
5886,Ran22U22
5887,RanXMCV00
5888,RanPUBC01
5889,Ran27J546
5890,RanOXEC21
5891,RanULZS57
5892,Ran0IAH05
5893,RanEAV428
5894,RanPSYP51
5895,Ran9YRD08
5896,RanZL6R03
5897,RanSBKM54
5898,RanMHO249
5899,RanHLCW22
5900,Ran1GOT44
5901,Ran18GA18
5902,RanIA8W21
5903,Ran0PM717
5904,RanJFID12
5905,Ran4LRY30
5906,Ran5FJC35
5907,RanNX0L15
5908,RanXTFU59
5909,Ran8M5J55
5910,RanLKNM52
5911,RanXXXH56
5912,RanAM3F46
5913,Ran0I3B36
5914,RanUJ6W29
5915,Ran4LCT36
5916,Ran0D7S33
5917,RanN53A03
5918,RanWY2454
5919,RanS7IR39
5920,Ran0CIR26
5921,RanNGN253
5922,RanHFTK27
5923,RanV8NJ47
5924,RanDW1001
5925,RanPO5V49
5926,Ran2MCY48
5927,Ran2T0U57
5928,RanR5DQ47
5929,RanEDSZ46
5930,Ran24BG54
5931,Ran3ND056
5932,RanZY4H19
5933,RanO16M06
5934,RanHVS137
5935,RanB8W444
5936,RanC6YR51
5937,RanJBHV42
5938,RanZKO310
5939,Ran2NJ524
5940,RanYUFW58
5941,Ran9SJ254
5942,Ran4KOM40
5943,RanEJ7J22
5944,RanQ1EZ36
5945,Ran2G2M10
5946,RanW3ZF05
5947,Ran5FAT09
5948,Ran797E34
5949,Ran4ZEV55
5950,Ran6GIW53
5951,RanICWJ43
5952,RanY5ET53
5953,RanKA2I35
5954,RanYHKA23
5955,RanCATI13
5956,Ran76TH03
5957,RanWYVS26
5958,RanRTXW49
5959,RanG1XP39
5960,RanNGB606
5961,Ran9WXK41
5962,Ran5X5M37
5963,Ran8FHH40
5964,RanMBKW59
5965,RanE1E951
5966,RanUKMQ02
5967,Ran0XLY51
5968,RanJLSG10
5969,RanDRH829
5970,RanBCEM24
5971,Ran6YRC49
5972,RanE84X00
5973,Ran7FZ929
5974,RanB9PX16
5975,RanM5VQ38
5976,Ran5OPY12
5977,RanDXPN44
5978,RanDRP528
5979,RanYIPY53
5980,Ran9AI840
5981,RanEV0Y01
5982,RanD4SW55
5983,RanWM3H52
5984,RanV3YW14
5985,RanNZZX56
5986,Ran3TJ922
5987,RanJBLO16
5988,Ran0ZFM39
5989,Gar1NS258
5990,RanAE1224
5991,RanVYVH21
5992,RanOPJN29
5993,RanD9QC57
5994,RanQC3Y52
5995,RanR9U538
5996,Ran31UX58
5997,RanSJMG23
5998,RanM9D939
5999,RanA4D938
6000,Ran2VJW48
6001,RanSCPY09
6002,Ran3Q8S24
6003,RanYZC245
6004,RanR57431
6005,RanY2ZE58
6006,RanAKUD36
6007,RanRHZZ44
6008,Ran959K07
6009,Ran0THN42
6010,RanOI3843
6011,RanRD4558
6012,RanIPYW41
6013,RanIF3831
6014,Ran99GH26
6015,RanEBX202
6016,RanP6MB20
6017,RanXR7U01
6018,RanME7A42
6019,Ran0HB421
6020,RanTWCQ51
6021,RanFTJX46
6022,RanX4J245
6023,RanER2Y07
6024,RanMF1V30
6025,RanVIFH23
6026,RanAHG410
6027,Ran4CQV24
6028,RanS9WT21
6029,RanFUVN21
6030,Ran8KFN05
6031,RanEZ6D29
6032,Ran348O47
6033,RanTHR407
6034,RanNBNV39
6035,RanWM4E52
6036,RanSH5W16
6037,RanNJ3J51
6038,RanG39231
6039,Ran13NL56
6040,Ran3UPV46
6041,RanLLE451
6042,RanAUZA42
6043,RanK41N29
6044,RanC9F319
6045,RanH74548
6046,RanDGH756
6047,Ran2MB512
6048,RanHJRX33
6049,Ran05VS15
6050,RanFRWY28
6051,RanAYNZ08
6052,RanV6PI38
6053,RanKUH244
6054,RanGWTR16
6055,RanLMUF44
6056,Ran0XKE34
6057,RanOH3W46
6058,RanNFSA35
6059,Ran3T8A55
6060,RanT3DO21
6061,RanJQ0310
6062,RanLAPJ12
6063,RanCCK253
6064,RanPWT856
6065,RanYFC358
6066,RanNZSR21
6067,RanT4RG34
6068,Ran62IF18
6069,Ran4BWA15
6070,Ran4E7727
6071,RanYA9145
6072,RanW7YF51
6073,Ran27KZ28
6074,Ran1N0O55
6075,RanRFR049
6076,Ran283A35
6077,RanQBS432
6078,RanJ3XB51
6079,Ran4GYK57
6080,RanGO2C40
6081,Ran9RU033
6082,Ran8YTK52
6083,RanRHSA46
6084,RanW7L128
6085,RanRU1D39
6086,RanWVAQ18
6087,RanF3HU38
6088,Ran1GCL19
6089,RanN5C115
6090,RanCOBE41
6091,Ran6Q8C36
6092,RanSVPU16
6093,Ran7JPN25
6094,Ran2W4046
6095,Ran7EXA22
6096,RanT1MF15
6097,RanILNP16
6098,RanIYIK16
6099,RanDBC429
6100,RanSSMV11
6101,RanY8P954
6102,RanC1ES09
6103,RanZ1C344
6104,RanVWTH31
6105,Ran0ZU911
6106,RanYYKJ21
6107,Ran63T059
6108,RanL5U653
6109,Ran70PD36
6110,Ran17X605
6111,RanZLFS02
6112,Ran2D5J50
6113,Ran2GO653
6114,Ran8ZW813
6115,Ran6BG121
6116,Ran95Y821
6117,Ran770A09
6118,Ran7K1H31
6119,RanC18U58
6120,RanFDVV40
6121,RanWE1T38
6122,Ran5ZF823
6123,RanKAYP51
6124,Ran6V8H09
6125,RanI84R20
6126,RanAI7025
6127,RanHOSO27
6128,RanINET30
6129,RanDQXI22
6130,RanNUYC45
6131,RanSFBC36
6132,RanMNP033
6133,RanJZIN54
6134,Ran8D9M07
6135,RanQ4EN44
6136,Ran9FDF36
6137,RanQ6L121
6138,RanI56Q07
6139,RanTOWE56
6140,Ran677E16
6141,RanNHNF40
6142,RanNSOE00
6143,RanQ4XF14
6144,RanSL6201
6145,RanSLRR29
6146,RanZPO435
6147,RanUF0134
6148,RanWU6107
6149,Ran1ZZ054
6150,RanFQDN17
6151,RanYYO238
6152,Ran209B55
6153,Ran4STF03
6154,Ran36MO07
6155,Ran513Q46
6156,Ran8AQ402
6157,RanRDSY49
6158,Ran107Z13
6159,Ran0H3O27
6160,RanKB1707
6161,RanO5NP31
6162,RanO76128
6163,RanV9H522
6164,RanCXXL19
6165,Ran10H556
6166,RanG9B750
6167,Ran7QW151
6168,RanBIC635
6169,RanPYXX49
6170,Ran1EOB34
6171,RanWW1R23
6172,RanTDP654
6173,Ran8KLQ36
6174,RanB6CS23
6175,RanTOVP57
6176,Ran83FZ35
6177,RanXK3K47
6178,RanAE8025
6179,RanRIDH01
6180,RanF3H211
6181,RanPR9T36
6182,RanO74H19
6183,RanI7PO20
6184,RanIPHB02
6185,Ran859803
6186,Ran1US703
6187,RanRXGP21
6188,RanM6YT39
6189,RanAD5127
6190,RanGYPS40
6191,RanIEUP54
6192,RanG01H25
6193,RanYPHM11
6194,RanKRBO32
6195,Ran75XW43
6196,RanU63V44
6197,RanUGUO41
6198,RanPMLP12
6199,Ran2K2W46
6200,RanVUCW45
6201,RanEFSG29
6202,RanY5TE44
6203,RanX8M127
6204,Ran9B6R03
6205,RanHLFN56
6206,RanI9R150
6207,Ran6TUQ11
6208,Ran9YZK51
6209,Ran1CXK57
6210,RanR6YO40
6211,RanILV707
6212,Ran5UHJ22
6213,RanZO9K45
6214,RanQ3IZ37
6215,RanMCMS39
6216,RanZ0W844
6217,RanOMDU32
6218,Ran2N9915
6219,RanM23L18
6220,Ran2YC319
6221,RanUL9R33
6222,RanY99T37
6223,RanO4YD45
6224,RanS8YJ09
6225,RanUPDU19
6226,RanRXXY54
6227,Ran353916
6228,RanP4Z541
6229,RanZHWX55
6230,RanAT0H01
6231,Ran8KWM38
6232,Ran76EO01
6233,Ran0GOD04
6234,Ran9S9621
6235,RanH9MF32
6236,RanYL4920
6237,Ran0XFY28
6238,RanB3II30
6239,RanLR5332
6240,RanABRX04
6241,RanGDBP42
6242,RanZ38V15
6243,RanL3PS57
6244,Ran81IA15
6245,RanYK5M15
6246,RanQUI014
6247,Ran79FR42
6248,RanJEIM49
6249,RanN15919
6250,Ran9KJQ15
6251,RanARMS56
6252,RanFE9Q29
6253,RanZ4I103
6254,RanAHKZ31
6255,RanWDK251
6256,Ran6HID13
6257,Ran6O0K46
6258,RanEH3Z53
6259,Ran21DB43
6260,RanNB7U02
6261,RanTXPB43
6262,Ran6KZZ00
6263,RanS14F40
6264,RanE8WH52
6265,RanQ4UW46
6266,RanUDPO44
6267,RanF7IZ27
6268,Ran7B8U43
6269,Ran250I46
6270,RanVNT400
6271,RanPQJ126
6272,RanHTWB37
6273,RanSW8929
6274,RanM8LY14
6275,Ran4BRC51
6276,Ran8N8W03
6277,RanXI8Y52
6278,RanTTRW33
6279,RanM88004
6280,RanMIRS00
6281,RanE6EB56
6282,RanNXDO50
6283,RanS6YP21
6284,Ran3BF113
6285,Ran5SXD44
6286,RanO3JI58
6287,Ran8X6728
6288,RanFJWX44
6289,RanG5SS37
6290,Ran73YC37
6291,RanLDWJ52
6292,Ran4F7A39
6293,Ran2NOV16
6294,RanS8CR17
6295,RanH35T27
6296,Ran412U45
6297,RanJ8J149
6298,Ran1LQW50
6299,Ran1HZN25
6300,RanK36S32
6301,Ran8U8Y23
6302,RanNROG57
6303,RanK86D17
6304,Ran5MN948
6305,Ran668Y21
6306,RanQAH548
6307,RanPF1W16
6308,RanO2KA21
6309,RanW5CB17
6310,RanDGUQ03
6311,RanWLU048
6312,Ran4QH122
6313,RimZ8KO34
6314,Rim012Q35
6315,Rim9E2V05
6316,Rim0SS220
6317,RimBN2058
6318,RimF06U01
6319,RimBURD11
6320,Rim283X56
6321,RimI5V306
6322,RimY2SW34
6323,RimZ6K702
6324,RimAI8947
6325,Rim7CXU05
6326,RimV9FK04
6327,RimYQHH56
6328,Rim7QEM54
6329,Rim4N5B33
6330,Rim05MG06
6331,RimCI9M27
6332,Rim4YB337
6333,RimWZOM24
6334,RimA10V25
6335,RimAYP812
6336,RimTIJK59
6337,Rim4ZD356
6338,RimBXCC14
6339,RimJNRM43
6340,Rim54RZ25
6341,RimWT7H27
6342,RimAYDW50
6343,RimRKGN21
6344,RimPR1L21
6345,RimKGRP42
6346,RimVHB330
6347,RimLNX132
6348,RimN12930
6349,RimC43149
6350,RimQRLF45
6351,Rim2A4C04
6352,Rim6Y0T20
6353,RimJZKF31
6354,RimZ6HT36
6355,RimWZGZ12
6356,Rim6T2K53
6357,RimLGQ300
6358,RimA6QG18
6359,RimUFTB01
6360,Rim629652
6361,RimUX4F46
6362,Rim571O51
6363,RimVSMR18
6364,RimLO8743
6365,RimMD5X09
6366,Rim4AWT55
6367,Rim9WCU01
6368,RimJQPY01
6369,Rim0GQF02
6370,BagLWH823
6371,RimY4MS29
6372,RimN9UK49
6373,Rim1WX112
6374,RimXSH759
6375,RimF6EL55
6376,RimEIUM46
6377,RimERD629
6378,RimV7CD46
6379,RimDLN826
6380,RimQUSL32
6381,RimD50A34
6382,RimWMKN00
6383,Rim5R1O48
6384,Rim0ZVS32
6385,Rim4O1Y02
6386,RimDRDR47
6387,RimEQYW45
6388,Rim5QCV43
6389,Rim6CVM57
6390,RimD6AH36
6391,Rim9YY616
6392,Rim35SE55
6393,RimQMAN01
6394,RimVMQP35
6395,RimRW8930
6396,RimWAW137
6397,RimZ7SF42
6398,RimENBW18
6399,RimCW4T26
6400,RimPT4852
6401,RimRSSR14
6402,RimFRX446
6403,RimNDOK14
6404,Rim76K720
6405,Rim8JTW08
6406,RimQIIP21
6407,RimDU1126
6408,RimZCD818
6409,Rim1BNJ21
6410,RimKDZ406
6411,RimIBQ628
6412,Rim2ELL40
6413,RimG5HV52
6414,RimMM6L17
6415,RimPH4R30
6416,RimACV042
6417,RimO5RS19
6418,Rim7XYI33
6419,RimATEH59
6420,RimP45G23
6421,RimD6D831
6422,RimHB1Z38
6423,Rim0CE822
6424,RimCIA513
6425,RimQFO427
6426,Rim77OT35
6427,Rim6F1N30
6428,Rim258D07
6429,Rim298J26
6430,RimFQ0046
6431,Rim2Q5V37
6432,RimLHA733
6433,RimP6RH23
6434,RimJ8K045
6435,RimTDZF22
6436,RimNJ8G50
6437,RimDPBU02
6438,Rim5ZZQ37
6439,RimM8SM49
6440,RimYZSZ37
6441,RimD5CZ52
6442,BagUZQQ42
6443,RimJJLA30
6444,RimXZAD56
6445,RimOV3M46
6446,Rim4YW835
6447,RimV46A10
6448,RimL94Z18
6449,RimBOO249
6450,RimITB033
6451,RimCFFA57
6452,Rim8ZX526
6453,RimJHRH50
6454,RimP84I46
6455,RimEE2D41
6456,RimYULJ32
6457,Bag1RHI36
6458,Rim5RHG51
6459,Rim3ED33
6460,Rim55656
6461,Rim6CB11
6462,Rim2BW23
6463,RimQBR27
6464,RimXL507
6465,RimDQ418
6466,RimMWB39
6467,RimFHP41
6468,Rim08Q30
6469,Rim3MK36
6470,RimW0347
6471,RimHQH37
6472,Rim9RM51
6473,RimOL657
6474,RimFRA29
6475,RimB5N29
6476,RimL2W15
6477,BagRD124
6478,RimYGV41
6479,Rim1F321
6480,RimCZ114
6481,RimWZZ30
6482,RimIGH42
6483,RimOWH32
6484,RimPSE52
6485,RimXRB58
6486,Rim5NQ34
6487,Bag04M10
6488,RimTSA19
6489,RimXZ949
6490,RimVVT45
6491,RimTWK43
6492,RimNO102
6493,RimKPJ42
6494,RimB5W56
6495,RimKYI55
6496,Rim4F252
6497,RimIOC16
6498,RimVMJ48
6499,RimE1U14
6500,RimIMB52
6501,RimPWJ23
6502,RimCFS56
6503,Rim0NN35
6504,RimEWF25
6505,RimXM027
6506,RimY0E47
6507,RimZJ836
6508,RimFL957
6509,RimSM235
6510,Rim5VW33
6511,RimA1I03
6512,RimZ1Q08
6513,RimZDT43
6514,C-RimTY4XU37
6515,C-RimQ8LXX39
6516,C-RimZ7NKZ30
6517,C-RimRERSF46
6518,C-RimTK9QF19
6519,C-Rim0O5BM08
6520,C-RimJ1QDO16
6521,C-RimIKIGB21
6522,C-RimZX73R16
6523,C-RimK4OOG51
6524,C-RimJY7UF28
6525,C-Rim8TXFB41
6526,C-RimAVVXB45
6527,C-Rim4GNHO48
6528,C-Rim1OYJ310
6529,C-Rim2HA7U13
6530,C-RimRIGWC32
6531,C-RimGZX2P38
6532,C-RimVUA7C07
6533,C-Rim09PBQ30
6534,C-RimPP66427
6535,C-RimLKSZV19
6536,C-RimZJ8BN34
6537,C-RimULH8717
6538,C-RimBDB7S58
6539,C-RimSJOPZ50
6540,C-RimMS6A122
6541,C-RimZ8XYU20
6542,C-RimL9ID736
6543,C-RimUVKRB39
6544,C-RimXFC1604
6545,C-RimP9TN457
6546,C-RimOWRIG56
6547,C-RimWACDJ13
6548,C-RimKPVBT58
6549,C-RimHGBG804
6550,C-RimG1VD804
6551,C-Rim768VV04
6552,C-Rim5A4GN44
6553,C-Rim6VS2U05
6554,C-RimCSNX152
6555,C-RimUXE5Q12
6556,C-RimCGS8A58
6557,C-Rim0HQBQ13
6558,C-RimJJ29N24
6559,C-Rim9Z9GH37
6560,C-RimZUTX106
6561,C-RimOC00H36
6562,C-RimJ5HP644
6563,C-RimS4ZWN16
6564,C-RimJ9E5I23
6565,C-RimDPT4Y44
6566,C-RimFZVE421
6567,C-RimJBFSV50
6568,C-RimLWQFR21
6569,C-RimXJVDN06
6570,C-Rim4UCD515
6571,C-Rim7VNZP29
6572,C-RimB1YKU18
6573,C-RimCYDMT53
6574,C-Rim1NO2R02
6575,C-RimNCS5640
6576,C-RimN411V00
6577,C-RimJ58NW30
6578,C-Rim8RERF37
6579,C-RimVU4SE51
6580,C-Rim12CE207
6581,C-RimZEBFY24
6582,C-RimN2TE617
6583,C-Rim3096004
6584,C-RimHBVXN18
6585,C-Rim4PN9045
6586,C-Rim6R04I51
6587,C-RimANHGQ13
6588,C-RimSWVIX28
6589,C-Rim2N83856
6590,C-RimY4JOE47
6591,C-RimE6JNR35
6592,C-RimHLH0436
6593,C-Rim0FOJL42
6594,C-RimEVDMO38
6595,C-RimZFJDM20
6596,C-RimVINJD58
6597,C-RimFQRKZ26
6598,C-Rim8P8VD16
6599,C-RimO7E7N23
6600,C-Rim7VU8Q33
6601,C-Rim9ZYJS51
6602,C-Rim07QHL52
6603,C-RimI8SG339
6604,C-RimONGPD51
6605,C-RimBT0PV38
6606,C-RimYHXV732
6607,C-RimBW0F923
6608,C-RimOY3ZJ35
6609,C-RimDRKEG35
6610,C-RimJELKB39
6611,C-RimF0MXH14
6612,C-RimEVYBX07
6613,C-RimW08PB54
6614,C-RimIZS5W58
6615,C-Rim3RCJG20
6616,C-RimVJAJI52
6617,C-RimKMO2A49
6618,C-RimE7U1W11
6619,C-Rim64HM124
6620,C-RimTIBC015
6621,C-RimTWXE024
6622,C-RimX55YQ51
6623,C-RimDKISI15
6624,C-Rim46L9T10
6625,C-RimLCQXP31
6626,C-RimJ839V30
6627,C-RimMA03J27
6628,C-RimP03YP26
6629,C-RimFSORD04
6630,C-RimKHB2237
6631,C-RimCEVL732
6632,C-RimAD8ID56
6633,C-RimVRMI733
6634,C-RimX1FBE07
6635,C-RimYGBFX27
6636,C-Rim0JKCE26
6637,C-Rim3GGAV37
6638,C-RimKZHSB14
6639,C-RimGYMSQ52
6640,C-RimVHNTH49
6641,C-Rim3JORO16
6642,C-RimM12ML29
6643,C-RimGU55W09
6644,C-Rim8P5ZU44
6645,C-Rim0K97N36
6646,C-Rim6EBI440
6647,C-RimYCZOL26
6648,C-RimA1YX002
6649,C-Rim2DNN726
6650,C-RimA0U5A41
6651,C-Rim9ZFVH19
6652,C-Rim0LQYZ18
6653,C-RimR8WA401
6654,C-Rim5XF2040
6655,C-RimIZGJQ20
6656,C-RimU9IT812
6657,C-RimC8JS803
6658,C-Rim5EPAM17
6659,C-Rim56QL326
6660,C-Rim419V220
6661,C-RimWVRSU45
6662,C-RimDJGHJ37
6663,C-RimFZNSD32
6664,C-RimM15FO47
6665,C-RimIMZJC12
6666,C-Rim8OY1A18
6667,C-Rim8RDGZ23
6668,C-RimB7Y8055
6669,C-RimLRJP309
6670,C-Rim6F00E12
6671,C-RimS1TVO11
6672,C-RimZSDBR53
6673,C-RimIH4DU28
6674,C-Rim0U92W31
6675,C-RimJX1OH35
6676,C-RimJJH5V06
6677,C-Rim38UUZ32
6678,C-Rim9S3NO33
6679,C-Rim59E7O08
6680,C-Rim5QO5F51
6681,C-Rim4MVCE22
6682,C-RimNEVC938
6683,C-RimRJIEJ05
6684,C-Rim6O33651
6685,C-RimS4W5343
6686,C-RimBVYDW10
6687,C-RimV4MOU30
6688,C-RimSPY6215
6689,C-RimZ6GTZ45
6690,Rim9DM19
6691,RimR1Y13
6692,RimFY516
6693,RimI5U03
6694,RimKIA04
6695,RimUG956
6696,RimA2J40
6697,RimBP035
6698,RimXKA42
6699,RimLY402
6700,Rim6HH09
6701,Rim57S48
6702,RimF0I24
6703,RimKB600
6704,RimBUM43
6705,RimLDC53
6706,RimERG21
6707,Rim64W28
6708,Rim1T602
6709,RimPNV37
6710,RimQV356
6711,RimXUS17
6712,Rim95E50
6713,RimYZP46
6714,RimAWJ11
6715,RimVOA39
6716,RimFKJ54
6717,RimRLK32
6718,RimED549
6719,Rim8M846
6720,RimENZ12
6721,RimJ7328
6722,RimFCK00
6723,Rim1Y643
6724,Rim42W06
6725,RimXFJ35
6726,RimMZ712
6727,RimAYM36
6728,RimMIH48
6729,Rim3KV20
6730,RimQBD09
6731,Rim20Z36
6732,Rim0TI05
6733,Rim9I726
6734,RimTON19
6735,RimYJU52
6736,RimII925
6737,RimUDW51
6738,RimQQU42
6739,RimKJT32
6740,RimH4G09
6741,RimJYN45
6742,Rim03H03
6743,C-RimO4CFX48
6744,C-RimXI7XA59
6745,C-RimPHRK147
6746,C-RimZEW3T07
6747,C-RimQA1RB55
6748,C-RimEJAID02
6749,C-RimB025L35
6750,C-RimDFDYA39
6751,C-RimBOSQS13
6752,C-Rim38JI717
6753,C-RimGLTN352
6754,C-RimCI7HV17
6755,C-RimC9RHN00
6756,C-RimFSVCO49
6757,C-RimGALA843
6758,C-RimR0R4N22
6759,C-RimIWA7N42
6760,C-RimIUZUH18
6761,C-RimKCTLE02
6762,C-RimNIKV511
6763,C-Rim9C4UP10
6764,C-RimSN6EL44
6765,C-RimSGCIU46
6766,C-RimZYCXM34
6767,C-Rim55XF115
6768,C-RimY2DPC00
6769,C-RimY0U9W51
6770,C-RimG3ZMT00
6771,C-RimUCXV726
6772,C-RimI9NBM13
6773,Rim6SKO20
6774,RimQILH43
6775,Rim83IC38
6776,RimQJVZ43
6777,Rim8PXL23
6778,RimMLST06
6779,RimUO6D39
6780,C-RimWSUK751
6781,C-RimVJIFQ54
6782,RimEHO42
6783,BagQC8F22
6784,BagABQN57
6785,BagYBKL40
6786,BagHYYN08
6787,BagF3EL48
6788,Bag7TJ316
6789,BagW8KK37
6790,BagVK1V28
6791,BagIPWH06
6792,BagZFSV45
6793,BagDY1144
6794,BagLXZF47
6795,BagIK6A28
6796,BagTK7J02
6797,Bag9Q0B35
6798,BagH8RB34
6799,BagJUFB07
6800,BagTS6332
6801,BagOPNX16
6802,BagPM4426
6803,Bag7UB724
6804,BagCMG436
6805,Bag75A730
6806,BagRJLK43
6807,BagI7LF22
6808,BagVLB58
6809,BagXX159
6810,Bag5HS39
6811,BagNR735
6812,BagHL705
6813,BagGXD26
6814,BagZKZ37
6815,BagDGA20
6816,BagPGC39
6817,BagE6L54
6818,Bag45233
6819,BagJZZ16
6820,BagJPK29
6821,BagKR317
6822,Bag17H34
6823,Bag8V909
6824,BagQ6E29
6825,BagM8Z42
6826,Bag75T45
6827,BagWWJ30
6828,BagNJ323
6829,BagGW739
6830,Bag7TS51
6831,BagY6V44
6832,BagT5C37
6833,BagB1Z19
6834,BagNCY12
6835,BagFS506
6836,Bag2L647
6837,BagOWC39
6838,BagJAK58
6839,BagA7613
6840,Bag15558
6841,BagJYN03
6842,BagHQ539
6843,BagMU928
6844,BagQGT20
6845,BagQMT45
6846,Bag78R14
6847,BagPV944
6848,BagLRCG15
6849,Bag4ZA636
6850,BagPK3W24
6851,Bag14AO49
6852,BagIH3238
6853,Bag7VCS24
6854,BagYYP230
6855,BagFIJW41
6856,Bag9Y2M08
6857,Bag81BN35
6858,BagSMEX30
6859,BagLYPM49
6860,BagSP7B46
6861,BagWWAE51
6862,BagPH9M30
6863,Bag4EZF27
6864,BagNUJH26
6865,BagLOX251
6866,Bag2W2L11
6867,BagL0FB00
6868,Bag837510
6869,BagD03A21
6870,BagCSHV17
6871,BagVFPA56
6872,BagENGZ47
6873,BagLX7W00
6874,BagZDMB37
6875,BagP82V36
6876,BagPG2X56
6877,BagKY3J17
6878,Bag8U8Z51
6879,BagLGZO32
6880,BagEDSV13
6881,BagGSB509
6882,BagEKKI41
6883,Bag447620
6884,BagRCEM35
6885,BagSIDE00
6886,Bag0HSU02
6887,BagM33U20
6888,Bag1W9S21
6889,BagRR8428
6890,BagM0DG28
6891,BagALF28
6892,Bag1SM11
6893,BagL6I20
6894,BagLDL56
6895,Bag61E16
6896,BagQZ648
6897,BagMF807
6898,BagL4012
6899,BagACR49
6900,BagMPD41
6901,TofH6P13
6902,TofHAT26
6903,BagPME36
6904,Bag3CH59
6905,BagVTS01
6906,Bag8T443
6907,BagRX016
6908,BagXU950
6909,BagR8L23
6910,Bag6BU37
6911,Bag14A25
6912,BagWVN30
6913,BagUU505
6914,BagKIN22
6915,BagRQ351
6916,Bag6WW15
6917,Bag21W20
6918,TofCPM59
6919,Bag5K635
6920,BagMQ157
6921,BagB5Q652
6922,BagB7TK14
6923,BagIG2W51
6924,Bag0WIF12
6925,Bag34FN29
6926,Bag850T56
6927,Bag4A7C59
6928,BagYK0119
6929,Bag3CWD39
6930,BagH0O900
6931,BagH0JV12
6932,BagJ0MA38
6933,BagX70145
6934,BagMWM857
6935,BagIV9D18
6936,BagBK0046
6937,Bag82CE13
6938,BagV9H517
6939,BagZUMK47
6940,Bag88N645
6941,BagENWC37
6942,BagWZPG55
6943,Bag7XAP25
6944,BagUM3106
6945,BagUHY511
6946,Bag6N9J03
6947,BagPV5E08
6948,BagHMS536
6949,Bag47L726
6950,BagTJMT13
6951,BagP67E22
6952,BagJ4K753
6953,BagGQJ514
6954,Bag01B138
6955,BagKJPO06
6956,BagL4VB14
6957,BagREBK36
6958,BagPG1Z29
6959,Bag1C4Q45
6960,Bag787838
6961,BagWNHL31
6962,Bag3UAC31
6963,Bag84NR30
6964,Bag00V709
6965,BagDCWS35
6966,BagDE6Z36
6967,BagLYNQ02
6968,BagAH0X05
6969,BagG1MG04
6970,BagY6AB21
6971,Bag6G7D23
6972,BagWNJW06
6973,Bag79NR33
6974,BagW3DJ04
6975,BagLRER26
6976,Bag5F3L57
6977,BagJG8N26
6978,BagLIGC25
6979,BagXQEO19
6980,BagC3M553
6981,BagF90Z05
6982,BagQ5SX56
6983,Bag6QWL25
6984,Bag7ANR27
6985,BagMVU352
6986,BagWOIB23
6987,BagSC9K39
6988,BagYNEL23
6989,Bag3W5J16
6990,BagFJ0O11
6991,BagEEVV56
6992,Bag16ET13
6993,BagKSG813
6994,Bag6F6K47
6995,BagQV0B36
6996,BagB6MQ18
6997,Bag1UCF22
6998,BagRODI53
6999,BagPKRI43
7000,BagJSMF50
7001,BagVQSB47
7002,BagCWAG45
7003,BagEWMK29
7004,Bag60BT40
7005,BagM69147
7006,BagB4GZ46
7007,BagWYHJ49
7008,Bag9TEM41
7009,Bag3OYR29
7010,BagTLZ757
7011,BagD7YY15
7012,BagKVOB14
7013,BagXVTK10
7014,Bag444440
7015,BagFN8350
7016,BagTQJB47
7017,BagQLA314
7018,Bag2LEA03
7019,BagE5BR49
7020,Bag7K3V05
7021,Bag3Q3W35
7022,BagVIXW47
7023,BagK3C033
7024,Bag88W642
7025,BagHYB439
7026,BagPVW232
7027,BagF34R30
7028,BagZ6K917
7029,BagGI5618
7030,Bag9SZA06
7031,Bag19EZ02
7032,BagRC2319
7033,BagH0TR09
7034,Bag6MJ908
7035,Bag80F051
7036,BagEIWR12
7037,BagMKWL25
7038,BagA2TF46
7039,Bag4L5111
7040,BagG84056
7041,BagE5DX55
7042,BagPR2Z05
7043,BagBZAU46
7044,BagUGRJ39
7045,BagUIAG40
7046,BagCFCT59
7047,BagTB9P22
7048,BagESBN24
7049,BagOULU16
7050,BagYN8X51
7051,BagOBQI52
7052,BagCO4B03
7053,BagH50E01
7054,Bag3DYL48
7055,BagQGT640
7056,Bag4OFK37
7057,Bag3K0F46
7058,BagYE4O19
7059,Bag1RZM27
7060,BagUGD624
7061,BagGHUW52
7062,Bag2CRU35
7063,BagL65B21
7064,BagL34D59
7065,BagB89Q34
7066,BagXG6032
7067,Kum8LB48
7068,Kum2GI34
7069,Kum35846
7070,KumL4335
7071,KumDB359
7072,KumZ4Q52
7073,Kum57C00
7074,Kum5YW36
7075,KumCUR59
7076,KumD7N57
7077,KumEHN56
7078,KumZHS45
7079,Kum92G06
7080,Kum5Y702
7081,Kum3WN19
7082,KumJQC52
7083,KumIES20
7084,KumCT156
7085,KumAXU15
7086,KumTLI21
7087,KumSFK20
7088,KumUUX02
7089,Kum83S37
7090,Kum2Q815
7091,Kum1GV25
7092,KumBTX07
7093,Kum3DG56
7094,KumA3Y15
7095,KumGLF49
7096,KumBQ104
7097,KumF6X16
7098,Kum5YN47
7099,KumG4O41
7100,KumZYN29
7101,KumS0T36
7102,KumHKY01
7103,Kum0N749
7104,KumLUK53
7105,KumG9O04
7106,Kum0WH31
7107,KumVQJ46
7108,KumH1M42
7109,KumE2R36
7110,KumV6004
7111,KumY0639
7112,KumGX303
7113,KumQSH31
7114,KumIVX27
7115,KumICI17
7116,KumJTK59
7117,KumABD43
7118,KumMW220
7119,KumIPJ26
7120,KumLSU56
7121,KumH8G59
7122,KumGXP47
7123,KumZ0F06
7124,KumHDW038
7125,KumP7JS10
7126,Kum3YRH10
7127,KumXMBS17
7128,KumHIIC02
7129,Kum9B2C36
7130,KumD5E008
7131,KumKXW07
7132,Kum4NW00
7133,Kum1PO45
7134,Kum7JM07
7135,Kum67106
7136,Kum11W44
7137,KumO7313
7138,KumVDX26
7139,KumH6128
7140,Kum1DD29
7141,KumJM507
7142,KumNZ301
7143,KumNPR03
7144,Kum3Z757
7145,KumUYQ22
7146,Kum0GJ15
7147,Kum21G57
7148,KumLYO20
7149,Kum11H05
7150,Kum1EW45
7151,KumX4J56
7152,Kum4JK09
7153,KumGRN11
7154,Kum36219
7155,KumQ5134
7156,KumWMZ05
7157,Kum3YT22
7158,KumMFI53
7159,KumJT0H08
7160,BunVIJ15
7161,BunUXW28
7162,BunL2150
7163,BunNMO53
7164,BunV1103
7165,BunMNU25
7166,BunHH238
7167,BunBWU02
7168,Bun2IO24
7169,BunXWB49
7170,BunVH400
7171,Bun1WQ32
7172,BunUA546
7173,BunDQQ20
7174,BunZQ606
7175,BunKP754
7176,BunQZ106
7177,BunN6G19
7178,BunHPK18
7179,BunNQD51
7180,BunU2124
7181,BunN9350
7182,BunI3D56
7183,DawHBQ02
7184,DawX4457
7185,AjiWBG417
7186,BagJFRZ10
7187,Bic59F334
7188,NasFLWU34
7189,BunFCP42
7190,Bun2LN34
7191,BunSCM18
7192,BunKW657
7193,BunDT327
7194,KumK4P143
7195,KumR7T01
7196,Kum8EQQ22
7197,KumVU537
7198,KumVJI41
7199,KumNTV11
7200,KumRJT32
7201,Kum0AM59
7202,KumLVF54
7203,Kum2MK15
7204,KumMQ432
7205,KumJW353
7206,KumFSH04
7207,Kum9BF19
7208,KumU1T06
7209,Kum61Z15
7210,KumP5I58
7211,Kum49F49
7212,KumJ1E50
7213,Kum89229
7214,KumEB914
7215,KumMK232
7216,KumVYZ28
7217,Kum0ND45
7218,TofDAD59
7219,BagN1215
7220,BagVIT11
7221,BagAJM44
7222,TofU2Y04
7223,Bag3BG03
7224,BagJ3K02
7225,BagITG12
7226,BagF9O37
7227,BagD4F33
7228,BagZ9S06
7229,BagB4033
7230,BagI1L24
7231,Bag48325
7232,BagM2R37
7233,BagG0609
7234,BagCLN14
7235,Bag0TJ21
7236,Bag6KV52
7237,BagXJ129
7238,BagMF939
7239,BagU5G37
7240,BagTAD46
7241,TofC7I29
7242,BagTYOF07
7243,BagAWOM43
7244,BagT7Z705
7245,BagZJL634
7246,Bag0OFC23
7247,Bag735941
7248,Bag6RAH34
7249,BagGYGZ11
7250,BagGKEL31
7251,BagONRH48
7252,TofOTRH14
7253,BagN66P35
7254,BagVW5S18
7255,BagB17E22
7256,Bag8BQA57
7257,Bag25G052
7258,BagT78Z09
7259,BagXX9Y19
7260,BagPS0848
7261,Bag6PED24
7262,BagA7T355
7263,BagPJ6E54
7264,Bag9NNS05
7265,Bag2HU839
7266,Bag388E44
7267,BagX4J219
7268,BagN0S920
7269,Bag7VQP02
7270,BagJJC834
7271,Bag3RA606
7272,BagJEPG22
7273,BagMSEU32
7274,Bag7RNL11
7275,BagF41C41
7276,BagAEBJ36
7277,Bag871640
7278,BagSYLF34
7279,Bag7YSS42
7280,BagZXFW12
7281,BagVTBI37
7282,Bag7DSW17
7283,BagZZN846
7284,BagU6JS36
7285,BagTKDS21
7286,BagHVHR57
7287,BagD56930
7288,BagECUB49
7289,BagPCZ353
7290,BagF9M257
7291,BagAMFP03
7292,RanWC9G15
7293,Ran008A20
7294,Ran5G1T42
7295,RanFPIG04
7296,RanUWEJ53
7297,Ran4FCX15
7298,RanETFK33
7299,RanMHXI39
7300,RanRNU857
7301,Ran6OVV20
7302,Ran3GIU45
7303,Ran5YOA20
7304,RanAKE329
7305,RanXXZI25
7306,Ran0H3T21
7307,RanEHLO11
7308,Ran5T5L51
7309,RanD2LX17
7310,RanZTVX53
7311,Ran41NN01
7312,RanEW2Y50
7313,RanFJ3532
7314,RanP7BF17
7315,Ran6HWO06
7316,RanC25N06
7317,RanA20M52
7318,RanAZOR36
7319,RanAU1C36
7320,Ran78UP46
7321,RanD75Y43
7322,RanYBR840
7323,RanS15Z01
7324,RanQTFP34
7325,RanTZ8556
7326,Ran1WFQ53
7327,RanVJD522
7328,Ran93GV57
7329,Ran57K643
7330,RanJUTV57
7331,RanZMEP10
7332,RanBNYR03
7333,RanEPGS11
7334,Ran81XW33
7335,RanB7VR34
7336,RanBI3A17
7337,RanD42X08
7338,RanWE9253
7339,RanQTA920
7340,Ran5WCP41
7341,RanTZBT24
7342,RanXNFB23
7343,RanQB1U08
7344,RanZYDA25
7345,Ran779R28
7346,Ran6QDY04
7347,RanSGFX26
7348,RanFMMI28
7349,RanU8GG18
7350,RanKEFZ18
7351,RanSE6L53
7352,RanCNRL17
7353,RanMVMJ58
7354,RanDVA125
7355,Ran95ZG40
7356,RanKYIQ04
7357,RanHRCD22
7358,RanBHZB24
7359,RanPTXG14
7360,RanY9II40
7361,RanKUP322
7362,Ran2G3412
7363,Ran9W2Z54
7364,RanBFR400
7365,RanVRT108
7366,RanZ93Y04
7367,Ran0SBE20
7368,RanOKEJ11
7369,Ran0PW106
7370,RanNUZ312
7371,RanOCUL29
7372,RanITJO31
7373,RanMAVJ42
7374,RimVH9712
7375,RimG6O147
7376,Rim1HNN46
7377,RimW96Q28
7378,Rim4IA915
7379,Rim3ABM38
7380,RimZH4A15
7381,RimC8RO42
7382,RimWWHV56
7383,RimSUZS35
7384,RimV1QF22
7385,Rim7A2L30
7386,Rim1T7H44
7387,RimRTF818
7388,RimPMVN01
7389,RimJ22E07
7390,RimAYGX26
7391,Rim53QG12
7392,RimT0IB09
7393,RimNQ546
7394,RimZNC38
7395,Rim9TJ43
7396,RimYGO59
7397,C-RimVIWMO52
7398,C-Rim2C2BT30
7399,C-RimMXL3856
7400,C-RimW90CU39
7401,C-RimTE4HV38
7402,C-RimN3Y9V15
7403,C-Rim03B0T45
7404,C-Rim269SC00
7405,C-RimILXAS08
7406,C-RimBISXT30
7407,C-RimCKNW311
7408,C-RimIJZEA30
7409,C-RimCA8VD29
7410,C-Rim9UJ9E37
7411,C-Rim9FQK728
7412,C-RimXWMMO06
7413,C-RimSWEQD12
7414,C-RimXLBW940
7415,C-RimV8BZI43
7416,C-RimC5CSK50
7417,Rim2TV23
7418,RimFTQ58
7419,Rim0DY12
7420,RimYJ938
7421,RimQ1O52
7422,Rim3AO50
7423,Rim5CJ07
7424,Rim2W151
7425,Rim2NX16
7426,RimXTC18
7427,Rim66R57
7428,Rim5ZM26
7429,RimS8416
7430,RimOOH05
7431,RimSME48
7432,C-Rim8417V15
7433,C-RimKRYUG11
7434,C-RimQ28UW33
7435,RimM33558
7436,C-RimBHOLI17
7437,C-RimUJ3G726
7438,C-RimFF6OF01
7439,C-Rim0CRA545
7440,C-RimEDZHW48
7441,C-Rim4RPTT43
7442,C-RimCD88S41
7443,C-RimOS34G04
7444,C-Rim073TG18
7445,C-RimMYRSB05
7446,RimUQ202
7447,Rim8ERH08
7448,RimGJN640
7449,RimXSW807
7450,RimQW6T22
7451,RimJ7ED05
7452,RimAELM39
7453,RimVUSR37
7454,RimY0JQ50
7455,RimT1TD54
7456,RimHA320
7457,Rim1UB31
7458,Rim5AK19
7459,RimSZE06
7460,RimQRT35
7461,RimK9212
7462,Rim5JV45
7463,C-Kir2Z1QE38
7464,C-Kir2A6FO09
7465,C-KirOD8KS34
7466,C-Kir18VEB12
7467,C-KirG6Z9E51
7468,C-Kir49L2452
7469,C-KirGRJO252
7470,C-Kir8JF9K45
7471,C-KirYQOL949
7472,C-Kir96YYS34
7473,C-KirJBTQ814
7474,C-KirUJNLS33
7475,C-KirMN8MK24
7476,C-Kir1HCHO56
7477,C-KirSYJXS27
7478,C-KirIT7PK29
7479,C-KirVGYI318
7480,C-KirZF96131
7481,C-Kir9LTAF45
7482,C-KirATUS008
7483,C-Kir527UO23
7484,C-KirU063A14
7485,C-KirD92EU02
7486,C-BebH9B8M42
7487,C-KirTK4XQ17
7488,KirFE8U56
7489,KirIBDA40
7490,KirMAY33
7491,Kir5Y759
7492,KirX3B52
7493,KirCLGP50
7494,C-KirZ1XBB38
7495,BebLGD19
7496,Beb1XD41
7497,KirSQKU47
7498,KirMUFC24
7499,Kir3Y7A40
7500,KirK8Q431
7501,Kir25JP19
7502,Kir2PAJ25
7503,Kir6ILW13
7504,KirNTP725
7505,KirVGYN21
7506,KirP6HP23
7507,Kir1GWR27
7508,KirU9WT55
7509,Kir32L339
7510,KirGKE546
7511,Kir2O0M40
7512,KirZH5S33
7513,Kir7ZHO28
7514,KirROBN38
7515,Kir21UB58
7516,Kir4S8L26
7517,KirKAP49
7518,KirRKR27
7519,Kir68E58
7520,KirB4X15
7521,KirBRR18
7522,Kir46002
7523,KirP6G04
7524,KirOY959
7525,KirHFI52
7526,KirF5D01
7527,Kir72KU03
7528,KirQF4903
7529,KirSL4552
7530,KirMVIG06
7531,KirZHHW32
7532,KirYIEU28
7533,KirPTXZ19
7534,Kir1FD320
7535,KirX86L55
7536,KirWZCF58
7537,Kir1WB933
7538,KirSJIQ58
7539,Kir53AD20
7540,KirJE3030
7541,KirGEXK54
7542,KirOEXF57
7543,KirVE9S46
7544,Kir4QL608
7545,KirZSZJ32
7546,KirSJHD12
7547,Kir0E6P06
7548,KirN6BQ50
7549,KirT3LF17
7550,KirK51548
7551,KirUSG658
7552,KirRV6615
7553,KirQ8W816
7554,KirAE0256
7555,Kir6Z0Z56
7556,KirIIJS00
7557,KirTWS243
7558,Kir0KE417
7559,KirAVKW03
7560,KirXYOC41
7561,KirGT4M40
7562,KirF2IU41
7563,KirWQHZ29
7564,KirENZQ35
7565,KirJUXI05
7566,KirSRX658
7567,Kur0RLG57
7568,Kur6EVE51
7569,KurAO2A02
7570,KurXY5758
7571,KurPANB58
7572,KurRB5T05
7573,Kur1SQN16
7574,KurYFN154
7575,KurL9VN20
7576,Kur6BO929
7577,KurSYGG14
7578,KurT47Z41
7579,KurKNRT36
7580,KurZXSD16
7581,Kur8XJS56
7582,KurSYQM33
7583,KurFNRR40
7584,KurQ8MI11
7585,KurL7NA35
7586,KurZEFR38
7587,Kur686908
7588,KurYVGE12
7589,C-KurKPPUQ32
7590,C-Kur6HDXU48
7591,C-Kur7J7UQ08
7592,C-KurBGFVQ18
7593,C-KurZJICZ57
7594,C-KurEDZKL12
7595,C-Kur3M3OX50
7596,C-Kur7WIAG33
7597,C-KurMS1PO58
7598,C-Kur7J7Z741
7599,C-Kur7B3V207
7600,C-KurVPFC936
7601,C-Kur2IXSI20
7602,C-KurC73YN36
7603,C-KurV8GJD32
7604,C-Kur3SGJZ50
7605,C-KurWWJL101
7606,C-KurSUHAY44
7607,C-KurV1NSA53
7608,C-KurNC5G335
7609,C-Kur9G3XS50
7610,C-KurPMZC759
7611,C-KurMA58Q30
7612,C-Kur5O7U300
7613,C-KurPR2SE24
7614,C-KurZYPIB02
7615,C-Kur3LICD17
7616,C-Kur91OEX42
7617,C-KurZL93Z34
7618,C-KurIXQAQ55
7619,C-KurU1KPM04
7620,C-KurISYR256
7621,C-KurJSXG610
7622,C-Kur36U5O38
7623,C-KurP778620
7624,C-KurKQ2J040
7625,C-KurBFTMU26
7626,C-Kur41LO834
7627,C-KurJ3F7J10
7628,C-KurXALIG00
7629,C-Kur2T9OV35
7630,C-KurQPOUK46
7631,C-Kur1ZTOT42
7632,C-KurC4RZL35
7633,C-KurJFD8940
7634,C-KurSD4QQ50
7635,C-Kur396DO07
7636,C-Kur2YD7V58
7637,C-Kur6OYOM15
7638,C-Kur4XKDV02
7639,C-KurN7I6Y15
7640,C-KurMKZGZ23
7641,C-KurISY8M34
7642,C-KurXLMPX44
7643,C-Kur6ERNK13
7644,C-KurZ0V0924
7645,C-KurS6FSM52
7646,C-Kur6ETMN47
7647,C-KurXO0DU17
7648,C-KurA28K027
7649,KurQ80U53
7650,Kur9VJ215
7651,Kur1F8750
7652,KurXHKN09
7653,Kur0YMY50
7654,KurLGYN24
7655,Kur6LBE18
7656,KurGKKW59
7657,KurBNK501
7658,KurV4BA11
7659,KurGPJ838
7660,KurKZZ501
7661,Kur6XVH14
7662,KurEQHS52
7663,Kur0RH031
7664,KurBUPG52
7665,KurDU6V10
7666,Kur4KFL24
7667,Kur78N254
7668,KurI80142
7669,KurP2DE21
7670,KurIXDC28
7671,KurISRZ57
7672,KurLGXN05
7673,KurQXHL03
7674,KurA4C525
7675,KurFEUG35
7676,KurKSZ803
7677,Kur7R9H58
7678,KurMAP826
7679,KurEXC039
7680,KurWPA832
7681,KurCY8A55
7682,KurNJAY34
7683,KurQHAD37
7684,KurETUZ18
7685,Kur9JC443
7686,KurHCYH04
7687,KurCQPX52
7688,KurZIF942
7689,KurO0O826
7690,Kur8DSS22
7691,KurIJE503
7692,KurMEYR40
7693,KurYQAJ19
7694,KurRBAS44
7695,C-KurXTE0411
7696,C-KurTRPNZ58
7697,C-KurN7CGH12
7698,C-KurAD6ZW49
7699,C-Kur19EME39
7700,C-KurNUJDY27
7701,C-Kur71A0W15
7702,C-KurWHRDO23
7703,C-KurWHDBY44
7704,C-Kur52OQP36
7705,C-KurIPOMK24
7706,C-KurM95EM02
7707,C-KurIF7EJ01
7708,C-KurPGATS54
7709,C-KurGQOYE14
7710,C-KurDC0UG33
7711,C-Kur12C4J57
7712,C-KurZG0I447
7713,C-KurL1LIK34
7714,C-KurFWXIJ35
7715,C-Kur4980N31
7716,C-KurVUK5525
7717,C-Kur0J7RU00
7718,C-KurRCX7117
7719,C-KurLVV2813
7720,C-Kur5158039
7721,C-KurA8OZW29
7722,C-KurK54H841
7723,C-Kur4GE9J27
7724,C-KurRFE6Q47
7725,C-Kur1KQ1K10
7726,C-KurRYVL940
7727,C-KurOR5AW02
7728,C-KurT0Y2408
7729,C-KurWAO3O28
7730,C-KurU3H5206
7731,C-KurL2VI309
7732,C-TudQ0EP718
7733,C-TudD8K9F45
7734,C-TudIO8LJ04
7735,C-TudLKZZG23
7736,C-Tud2BS5A42
7737,C-Tud5BILT58
7738,C-TudZ5SFF31
7739,C-TudFG4B537
7740,C-TudZOHOD56
7741,C-Tud3LOUE34
7742,C-Tud3HJX033
7743,C-TudXVQTC57
7744,C-TudO81E545
7745,C-Tud6X8WT06
7746,C-TudG924Q17
7747,C-Tud64Q1V36
7748,C-Tud6XEOX10
7749,C-TudM526015
7750,C-TudQ9G2233
7751,C-TudNKIBS31
7752,C-Tud74OAP15
7753,C-Tud24F7Y21
7754,C-TudLFVBU59
7755,C-TudQNGJ849
7756,C-TudSXX6M12
7757,C-TudAE57Q49
7758,C-Tud83KRI36
7759,C-TudPH2SP32
7760,C-Tud3VVGC21
7761,C-TudYWWTU35
7762,C-TudLDKUS18
7763,C-Tud26HLZ19
7764,C-TudG7FGE56
7765,C-Tud9YO5U11
7766,C-TudINY0H44
7767,C-Tud1O29431
7768,C-TudEF8YS22
7769,C-Tud5LFI907
7770,C-Tud5GSPC44
7771,C-Tud3PZ3521
7772,C-Tud9CUJP27
7773,C-Tud4GONP10
7774,C-Tud06V7T31
7775,C-Tud0X9IQ35
7776,C-TudPV7R800
7777,C-TudIPRFB01
7778,C-TudVGT0049
7779,C-TudT89GT01
7780,C-Tud3Y3VL02
7781,C-Tud54ZC416
7782,C-TudTGF0T19
7783,TudB0QC58
7784,Tud5T5344
7785,TudZ9GU50
7786,TudV4F126
7787,TudD26537
7788,Tud5CMY18
7789,TudIBCW38
7790,TudOEKT27
7791,Tud5YR342
7792,TudZVUY57
7793,Tud51KL45
7794,TudVL1Z33
7795,TudHV9S58
7796,TudS97042
7797,TudU1P906
7798,TudETIT15
7799,Tud139015
7800,TudVJDM31
7801,TudC22618
7802,TudXF9248
7803,TudIXJT07
7804,TudUTN558
7805,TudJ0F721
7806,TudGTOX58
7807,TudCQHG24
7808,TudW6ZG46
7809,TudDKG511
7810,TudEHIT44
7811,Tud50AE51
7812,Tud1P5W51
7813,TudJZ8808
7814,TudIOQW48
7815,TudCHDR41
7816,TudUA3R53
7817,Tud3IS551
7818,TudLG3Z59
7819,Tud8M6F31
7820,Tud4XJI15
7821,TudWH0G41
7822,TudVRDO01
7823,TudPEAW49
7824,TudOFQD41
7825,TudCORS12
7826,TudORRI40
7827,Tud793V06
7828,Tud7SJM00
7829,TudDDXE49
7830,TudO3NW19
7831,TudKO3M43
7832,TudWVOL29
7833,TudPBM115
7834,TudBHXP21
7835,Tud86AM55
7836,TudFGFR59
7837,TudBG4B27
7838,TudY7J953
7839,C-Tud0VUWI01
7840,C-TudD0SPQ03
7841,C-Tud5WFKI32
7842,C-Tud697X847
7843,C-TudP8ISU18
7844,C-TudXYH2F14
7845,C-Tud9RI5F10
7846,C-TudPMY3G05
7847,C-TudI51WQ31
7848,C-TudXSL2325
7849,C-TudOQKWE06
7850,TudMKTE24
7851,TudQRFI24
7852,TudI1Y833
7853,TudO6OS13
7854,Tud5CQ440
7855,Tud6UC534
7856,Tud46OO31
7857,TudP6IM09
7858,TudRCPT46
7859,Tud8ENM03
7860,TudOGX537
7861,Tud2KK754
7862,Tud0SEF56
7863,TudVOY222
7864,TudFG2B25
7865,Tud2OMJ53
7866,Tud7OOQ57
7867,TudHUE057
7868,TudJLXT06
7869,Tud2EJC57
7870,TudAIB936
7871,TudEBWZ43
7872,TudW7Q542
7873,TudSLR505
7874,TudYUID13
7875,TudQKR612
7876,TudBQYY10
7877,TudS93M43
7878,TudKCE204
7879,TudQGXA34
7880,Tud4XL030
7881,TudED8N15
7882,TudPGS158
7883,Tud3CNS05
7884,TudF89K27
7885,TudMEYM41
7886,Tud2KVE27
7887,RimB7K40
7888,RimI3M41
7889,RimVS808
7890,RimQ2216
7891,RimK6C26
7892,Rim7LS14
7893,RimOFX26
7894,RimF9226
7895,RimPEN08
7896,RimYXH34
7897,Rim8VP41
7898,RimADY01
7899,RimDHW45
7900,RimSLX05
7901,RimWCM19
7902,RimW4D06
7903,RimF2429
7904,RimZJU51
7905,RimH7Q21
7906,RimUCD08
7907,RimNHH48
7908,RimUZH46
7909,RimKAD33
7910,RimFPY34
7911,RimKD824
7912,RimN5C28
7913,RimRNR35
7914,RimT5D54
7915,Rim49832
7916,RimVYI27
7917,Rim9X942
7918,Rim8G757
7919,Rim0FA24
7920,Rim92936
7921,RimZSE08
7922,RimAR603
7923,RimXTI03
7924,Rim0JM53
7925,RimVX948
7926,RimV0O40
7927,Rim30U32
7928,Rim9AB35
7929,RimRH414
7930,RimJ8257
7931,RimQYA07
7932,RimMPI50
7933,RimTW525
7934,RimZAV38
7935,Rim5B730
7936,RimIW810
7937,RimGEZ19
7938,RimRJQ16
7939,RimTBH14
7940,Rim08J05
7941,RimVEF34
7942,RimJEU19
7943,RimX9953
7944,RimMRI39
7945,RimXY950
7946,RimIFI26
7947,RimTDL46
7948,Rim0PC05
7949,RimJ1P26
7950,RimXE920
7951,RimR0R31
7952,RimZRO33
7953,RimR5F36
7954,RimVAK06
7955,RimNNS44
7956,RimBC632
7957,RimKMJ55
7958,RimZ3W57
7959,Rim3R934
7960,RimESE27
7961,RimCEW27
7962,RimOHD11
7963,RimG8J56
7964,RimDG654
7965,Rim8RR14
7966,RimUYS26
7967,RimCG652
7968,RimEPU16
7969,RimSDE19
7970,RimHR412
7971,RimJ0M20
7972,RimLSY30
7973,RimSRA43
7974,Rim03T17
7975,Rim9GS18
7976,Tof4JJ55
7977,BagNV044
7978,BagSKN12
7979,BagGM857
7980,BagW0Q37
7981,BagOTZ18
7982,BagC8L15
7983,Bag34138
7984,BagFDN56
7985,BagQLG25
7986,BagKZZ22
7987,BagWRH20
7988,BagEA519
7989,Bag6GP56
7990,Bag8UJ55
7991,Bag2TF28
7992,BagXAO21
7993,BagC1506
7994,BagOLH49
7995,BagTU420
7996,BagX3023
7997,BagRK748
7998,BagR4B42
7999,BagY1420
8000,BagXXD50
8001,BagEZZ54
8002,Bag8YZ33
8003,BagXYS59
8004,BagNV211
8005,BagI3623
8006,Bag7DE41
8007,BagEDP22
8008,BagNKA12
8009,Bag1WH19
8010,BagXHS51
8011,BebW9E53
8012,Tof0R5L28
8013,TofIU5Y44
8014,Tof5WU555
8015,TofG08432
8016,TofU5AB24
8017,TofYJJC55
8018,Tof5SWJ30
8019,Tof4AAN10
8020,TofI4GO01
8021,TofSWLR47
8022,TofGVTY28
8023,TofK2WD49
8024,TofWEK146
8025,Tof6JP940
8026,TofAVM720
8027,Tof23RO44
8028,Tof7S1F58
8029,TofB9UH02
8030,Tof7V0Z48
8031,TofKST026
8032,TofHZU28
8033,Tof02K47
8034,TofFAW41
8035,Tof1VB20
8036,TofE6J01
8037,TofITE42
8038,TofC8D07
8039,TofAOO19
8040,Tof2BO32
8041,TofCBY35
8042,BagNM811
8043,TofHUL26
8044,TofI6301
8045,TofXX656
8046,TofA6R32
8047,TofBVI40
8048,Tof7RZ28
8049,Tof6UX06
8050,TofBPH26
8051,TofZVW39
8052,TofJKW04
8053,Tof3JG58
8054,TofVFZ59
8055,Tof6H730
8056,TofCER30
8057,TofL8K08
8058,Tof95Z45
8059,Tof4BT01
8060,TofT4V28
8061,TofQPF15
8062,TofRK643
8063,TofT8A48
8064,Tof3ZO00
8065,TofZJ532
8066,TofFYQ25
8067,Tof5DL33
8068,TofII726
8069,TofZKO04
8070,TofC3R41
8071,TofLET47
8072,TofCPT27
8073,TofWRT57
8074,Tof6Q613
8075,Tof2RJ54
8076,TofPUB03
8077,TofCF135
8078,TofZ2I46
8079,TofC4649
8080,Tof9Z607
8081,TofR2M50
8082,TofU2X22
8083,TofWMQ05
8084,Tof7EF04
8085,Tof2RC50
8086,TofR9T58
8087,TofHHS07
8088,Tof5TM26
8089,Tof9GZ49
8090,Tof49158
8091,Tof4PP34
8092,TofKI614
8093,Tof8PJ21
8094,TofWFO18
8095,TofB6L20
8096,TofYO355
8097,Tof5FV02
8098,TofWPX22
8099,TofON218
8100,Tof7BK42
8101,TofCMQ42
8102,Tof39I19
8103,TofM0615
8104,Tof4ON56
8105,BagG2E25
8106,TofDBN02
8107,TofOKW45
8108,TofM8527
8109,TofI3F23
8110,Tof8WQ41
8111,TofKS659
8112,TofKB606
8113,TofU7O53
8114,Tof6KP10
8115,Tof5ZF34
8116,TofQAA19
8117,TofLRI47
8118,TofJLY09
8119,TofLJT58
8120,Tof2OR10
8121,TofMB430
8122,TofCVA20
8123,TofEJA53
8124,Tof9WV42
8125,Tof5YL40
8126,Tof4JC14
8127,TofEE020
8128,Tof5U643
8129,TofA3K25
8130,TofN9W15
8131,TofLC310
8132,TofXJF54
8133,TofSI127
8134,TofLR044
8135,TofPQK57
8136,TofBGE09
8137,TofPJE36
8138,TofO4V13
8139,TofX9D44
8140,Tof3OB18
8141,Tof01725
8142,TofMZY51
8143,TofNC653
8144,TofW2R35
8145,Tof74T58
8146,Tof9R357
8147,TofN0G28
8148,Tof05413
8149,TofMON28
8150,Tof2MN52
8151,TofCTR29
8152,TofOCR18
8153,Tof3RJ56
8154,Tof7M330
8155,TofSQT02
8156,TofUYF39
8157,Tof6I045
8158,TofQKZ32
8159,TofHDB55
8160,TofXW848
8161,TofFDV30
8162,TofZX941
8163,Tof51703
8164,TofKKR31
8165,TofIKM01
8166,TofFCS07
8167,Tof40J06
8168,TofQ6R39
8169,TofJJ516
8170,Tof2E328
8171,TofAQV32
8172,Tof49113
8173,TofYOV54
8174,TofAM704
8175,TofZLU20
8176,TofJQJ32
8177,TofOIT07
8178,Tof9UZ03
8179,Tof3VW55
8180,TofDLX39
8181,Tof4BG53
8182,TofBLV16
8183,Tof3P156
8184,TofAA957
8185,TofXBH47
8186,Tof27429
8187,TofBQ727
8188,TofIFT41
8189,Tof1EY23
8190,Tof8SK50
8191,Tof6BA24
8192,Tof2OI31
8193,TofSLI21
8194,TofR2U48
8195,TofUL349
8196,TofA2P59
8197,BagPF548
8198,Tof0Y458
8199,Tof9IW31
8200,TofQQ032
8201,TofPOS29
8202,TofN4G01
8203,TofARA00
8204,TofKBO26
8205,TofT7Q52
8206,TofU8A41
8207,Tof31607
8208,Tof25322
8209,Tof2PS04
8210,TofLP115
8211,TofUCP44
8212,TofMXV55
8213,TofP5026
8214,TofX2U47
8215,TofHRQ40
8216,TofXP518
8217,TofXN322
8218,Tof0SY40
8219,TofM5G15
8220,TofYY248
8221,Tof6IE18
8222,TofLY705
8223,TofTK430
8224,TofR9C12
8225,Tof3DN06
8226,TofVBU41
8227,TofGZD04
8228,TofFPS21
8229,Tof1QF00
8230,Tof5ME41
8231,GarAS941
8232,Gar0KL11
8233,GarZW046
8234,GarDTZ40
8235,GarLSQ37
8236,GarMYV43
8237,Gar4IY23
8238,BagZEK13
8239,GarVS851
8240,GarW9X00
8241,GarNVA56
8242,GarLVG42
8243,Gar86J41
8244,GarHEO47
8245,GarVPV13
8246,Gar31S21
8247,GarA7D22
8248,GarAJV05
8249,Gar4OA07
8250,GarD1405
8251,Gar2S411
8252,GarV6R24
8253,Gar1ZG55
8254,GarEDD35
8255,GarOAH26
8256,Gar0QI36
8257,GarD1M30
8258,GarW4R03
8259,GarLRM48
8260,Gar82U21
8261,GarX8C50
8262,GarA9B24
8263,GarGOP03
8264,Gar0K258
8265,GarDFL10
8266,Gar6IX36
8267,Gar3TQ42
8268,GarCFC49
8269,GarNAV01
8270,GarNEL53
8271,GarGL621
8272,GarLUM59
8273,GarRBY47
8274,GarAA758
8275,GarOUR000
8276,GarHE3134
8277,GarLSIJ39
8278,Gar8B9J41
8279,GarFL5818
8280,GarFVQW41
8281,GarL5F402
8282,Gar49OH21
8283,GarUKXM50
8284,Gar1GRX47
8285,Gar7PF740
8286,GarB69313
8287,GarE2CU36
8288,Gar2CGM56
8289,GarQ7CS58
8290,GarU95956
8291,Gar15MO01
8292,GarUTJF40
8293,GarFDJ142
8294,Gar4I9P09
8295,GarCYXI08
8296,GarTIUC22
8297,GarIGYL43
8298,GarWEYB37
8299,GarY38U18
8300,Gar006P27
8301,Gar33O826
8302,Gar81D15
8303,GarB3U07
8304,GarUG238
8305,Gar1D809
8306,Gar6R021
8307,Gar9LH52
8308,Gar1IT29
8309,Gar5H056
8310,Gar0TJ19
8311,GarKM828
8312,Gar9L117
8313,GarAMP06
8314,GarRGQ02
8315,C-GarW2OZE15
8316,C-Gar1SBOK24
8317,C-GarMV6WA37
8318,C-Gar4KW4709
8319,C-GarGRE4F27
8320,C-GarDVD5H23
8321,C-GarDZ7ZY46
8322,C-Gar3SM8626
8323,C-GarLR4C608
8324,C-GarX750M25
8325,C-GarSVDDM28
8326,C-GarLAQ2M27
8327,C-Gar6X4ZB00
8328,C-GarZDVTQ51
8329,C-GarG2TFR39
8330,C-GarKGWND27
8331,C-GarTU6UU10
8332,C-Gar90ZJ950
8333,C-GarOYGQV44
8334,GarA8F05
8335,GarP0827
8336,GarBQN07
8337,GarXR700
8338,GarZZV03
8339,GarMVO03
8340,GarUKR04
8341,GarPVF15
8342,Gar2V312
8343,GarSJD40
8344,Gar3U636
8345,GarEH417
8346,GarLDH01
8347,Gar1KW57
8348,GarTQU55
8349,GarG1U57
8350,GarA7734
8351,GarK3018
8352,Gar2SN30
8353,GarA3723
8354,GarROM53
8355,Gar77N13
8356,GarNQ236
8357,GarUDZ26
8358,GarILY19
8359,GarSUY09
8360,GarMXK38
8361,GarDBX55
8362,GarUAQ30
8363,GarHV247
8364,GarGJF37
8365,GarEAVP12
8366,GarXD0418
8367,GarNLB639
8368,Gar9N2354
8369,GarXGEK15
8370,Gar55UU33
8371,GarDZGV41
8372,GarIW9B27
8373,Gar772A51
8374,GarD6VG05
8375,GarY30L54
8376,GarWZRM14
8377,GarSQ6J02
8378,GarZA8648
8379,Gar5XGG56
8380,GarUNYL04
8381,GarGMT918
8382,GarLL0K36
8383,GarPMU635
8384,GarQREE05
8385,GarYQ1E19
8386,Gar0VVD35
8387,GarUI3I29
8388,GarW2F316
8389,GarRYWI43
8390,Gar1OY300
8391,GarIX7I52
8392,Gar5JCK15
8393,GarGBMI24
8394,GarGG6Q54
8395,GarH0PS51
8396,GarGSET10
8397,GarT1QJ26
8398,GarS97D30
8399,GarBQ0107
8400,GarCQ5I48
8401,GarJVM144
8402,GarFQ8305
8403,GarMUZQ46
8404,GarC61I59
8405,GarKPBB40
8406,Gar31QB37
8407,GarGQE130
8408,GarLYTA31
8409,GarB52238
8410,GarBUNA05
8411,GarBKDO59
8412,GarXUP250
8413,GarX9KP17
8414,GarVLP952
8415,GarR6MN30
8416,Gar76TJ59
8417,GarEWJ745
8418,GarUDYS39
8419,Gar1T4I23
8420,GarB0XN26
8421,Gar0REK48
8422,GarTTAZ44
8423,GarD1PP54
8424,GarVJLI33
8425,Gar0IIC29
8426,GarWL4Q36
8427,GarFNAQ40
8428,Gar8CAJ48
8429,GarMGNV28
8430,GarAGOB55
8431,GarHQXR34
8432,GarPSUU10
8433,GarR8XN24
8434,GarRSCJ34
8435,GarE0VE17
8436,GarL0SG29
8437,Gar0SNV24
8438,Gar6IDI21
8439,GarYXAO44
8440,Gar3OOI39
8441,GarEDV517
8442,Gar7RF655
8443,GarYJF57
8444,GarP3J53
8445,GarTJE27
8446,BebQT947
8447,Beb29E19
8448,Beb2WR08
8449,Beb1SG43
8450,BebRHX45
8451,BebACP27
8452,BebU0437
8453,Beb75618
8454,BebVIR41
8455,BebSEI25
8456,BebT0H07
8457,Beb8YF01
8458,Beb79T24
8459,Beb11621
8460,BebL8Y38
8461,BebM7U24
8462,Beb0BV48
8463,Beb2V740
8464,BebI0F57
8465,Beb7MA23
8466,Beb79Y48
8467,BebDCM31
8468,BebKQU26
8469,BebWHX50
8470,BebQYF12
8471,Beb6VV19
8472,BebNUK42
8473,BebF2W29
8474,BebSYX47
8475,BebZ8T08
8476,BebVXO06
8477,BebNKR22
8478,BebWYF43
8479,Beb75L47
8480,Beb96045
8481,BebD6M32
8482,BebC0S18
8483,BebJTD16
8484,BebF2T19
8485,BebO2G58
8486,BebZ4D23
8487,BebQO751
8488,BebXE219
8489,Beb2FA52
8490,BebPCY13
8491,Beb6ZJ42
8492,Beb4GY34
8493,BebLC827
8494,BebQAS28
8495,BebMJP49
8496,BebUV714
8497,BebGB424
8498,BebYVS09
8499,BebWV627
8500,Beb1TC24
8501,BebYP830
8502,BebYD502
8503,Beb51S57
8504,BebVNI27
8505,BebIN807
8506,BebHRV49
8507,BebJ9536
8508,Beb69431
8509,BebH4B05
8510,BebL9L49
8511,BebK5X48
8512,Beb32756
8513,BebW3I49
8514,BebSIU21
8515,BebXZ842
8516,BebX5331
8517,BebOA345
8518,BebAPY49
8519,BebU7Z20
8520,BebH7L31
8521,BebXJF09
8522,BebZ3534
8523,Beb86610
8524,Beb9B653
8525,BebQRC07
8526,TudSY0306
8527,BebXDJ529
8528,BebT4MS18
8529,BebIYTM02
8530,Beb75Q248
8531,BebNN3M30
8532,BebZ0TZ46
8533,BebBUUY19
8534,C-BebIFCD850
8535,C-BebDSTHS23
8536,C-Beb2SOEE40
8537,C-BebKK7XB13
8538,C-BebFSK4H48
8539,C-BebIXYFU25
8540,C-Beb8L4PN32
8541,C-BebDETFF23
8542,C-Beb65ODB31
8543,C-BebA6LN647
8544,C-BebT9H5554
8545,C-BebPL21R21
8546,C-BebOEUHW02
8547,C-BebXY8X325
8548,C-BebX09PH49
8549,C-BebC9NFU11
8550,C-Beb0IPH606
8551,C-BebJ07I302
8552,C-BebXEV3O31
8553,C-BebP2QC845
8554,C-Beb5GT5Q00
8555,C-BebLX7NB05
8556,C-BebCV82909
8557,C-BebF0LSL54
8558,C-BebZ09U016
8559,C-BebICYTG14
8560,C-BebV0M2L05
8561,C-BebIYKBW15
8562,C-BebCFBT027
8563,C-Beb1J3WL35
8564,C-BebS7D1S30
8565,C-BebRF1HG03
8566,C-BebAGUA319
8567,C-BebI1X8V33
8568,C-BebIYAYR30
8569,C-BebAKLRJ37
8570,C-BebY4DOS32
8571,C-BebMUZZJ35
8572,C-BebJCYXA17
8573,C-BebIMC0J47
8574,C-BebJNPND52
8575,C-BebEXWPY02
8576,C-Beb4NQP154
8577,C-BebG0HW459
8578,C-Beb57QDU54
8579,C-Beb5K3P743
8580,C-Beb75YFQ17
8581,C-Beb3QZ6O17
8582,C-BebOORTD17
8583,C-Beb467AP56
8584,C-BebZESWG30
8585,C-BebDJJ2R22
8586,C-BebJ7K1I05
8587,C-BebA5DQS11
8588,C-BebA8YRR15
8589,C-BebGY9PB06
8590,C-Beb83SXX58
8591,C-BebH9SNI30
8592,C-BebPX0YS40
8593,C-BebF35I303
8594,C-BebFIHBG06
8595,C-Beb89GO045
8596,C-BebKM3H608
8597,C-BebKC7UP29
8598,C-BebOJKR748
8599,C-BebE82JU11
8600,C-BebSHBG727
8601,C-Beb682AJ16
8602,C-BebK6UES34
8603,C-Beb4VFW117
8604,C-BebFECCC30
8605,C-BebOXUY320
8606,C-BebX63O954
8607,C-Beb1Q98Y57
8608,C-BebX2DOB18
8609,C-BebVY0GZ07
8610,C-BebW90Z557
8611,C-BebBEVVV46
8612,C-BebFMPHR22
8613,C-BebJQTSZ08
8614,C-BebB3ARU03
8615,C-BebWYHS635
8616,C-BebKJ7ED18
8617,C-BebUNFVK34
8618,C-BebCTZ8607
8619,C-BebD9Z1I40
8620,C-BebX5WN014
8621,C-BebVR4LO34
8622,C-BebGE5CU22
8623,C-Beb6U1GW23
8624,C-Beb6V8ZE05
8625,C-BebGZHOK19
8626,C-BebMGRPW17
8627,C-BebPV7XO59
8628,C-BebPSBP609
8629,C-Beb2WB7F02
8630,C-Beb6WHUG50
8631,C-BebOQRU057
8632,C-Beb8D2AB04
8633,C-Beb8BDUF20
8634,C-BebPJ23P37
8635,C-Beb06BDA10
8636,C-BebE96SK20
8637,C-Beb39K1N16
8638,C-Beb1E9BI11
8639,C-Beb2IUVB30
8640,C-BebDX8NP06
8641,C-Beb1B4CY49
8642,C-BebQW9SV54
8643,C-BebI1DKW51
8644,C-BebHC94R10
8645,C-Beb225KG19
8646,C-Beb9FFRY59
8647,C-BebFF7WX44
8648,C-BebOUBLU07
8649,C-BebNTJFZ25
8650,C-BebHH83C08
8651,C-BebC852E40
8652,C-BebHW9KC20
8653,BebVOV49
8654,BebYC525
8655,Beb9CS20
8656,BebO3Z13
8657,Beb91M48
8658,Beb5WK43
8659,BebWOJ03
8660,BebD8312
8661,Beb1MR05
8662,BebIDD09
8663,Beb3EU49
8664,BebDEC53
8665,BebYJC06
8666,Beb9BH22
8667,BebNXY00
8668,BebERD46
8669,Beb0B548
8670,BebJB646
8671,BebNAH55
8672,BebB9C52
8673,Beb55M59
8674,BebNS649
8675,BebA7Y03
8676,Beb00W52
8677,Beb9OK07
8678,Beb21541
8679,BebZD729
8680,BebDJ543
8681,BebN0X40
8682,BebU6W35
8683,Beb9Y218
8684,BebFJN43
8685,BebM7G22
8686,BebHZO58
8687,BebEHA10
8688,BebT4440
8689,BebV8L40
8690,BebQ5U48
8691,BebCTQ25
8692,Beb08334
8693,BebO5636
8694,BebUZC57
8695,BebD4Z50
8696,BebMV309
8697,BebK8I20
8698,BebU2C08
8699,BebE5F31
8700,BebZQR15
8701,BebQ6E05
8702,BebQBS40
8703,BebOR414
8704,BebR3K15
8705,BebKUT01
8706,BebJMQ08
8707,BebO6647
8708,Beb8UV08
8709,BebCT914
8710,BebGU154
8711,BebHHQ17
8712,Beb8GN31
8713,Beb2E345
8714,BebVZJ59
8715,BebF3G44
8716,BebFR929
8717,Beb33Z45
8718,Ika311T17
8719,Ika0OQS27
8720,Ika8IGW57
8721,IkaS5SV00
8722,IkaN23N55
8723,Ika4EE549
8724,IkaJ6SJ21
8725,Ika4NLQ37
8726,Ika2BO947
8727,IkaL58J00
8728,IkaENT232
8729,IkaG9TC28
8730,Ika1W2T51
8731,Ika8NWM10
8732,IkaA0OK06
8733,IkaKK5Q52
8734,Ika2FSH12
8735,IkaLX0P08
8736,IkaFNMB04
8737,IkaXPV14
8738,Ika1VH01
8739,IkaGX644
8740,IkaW1453
8741,IkaO1U38
8742,Ika6L553
8743,IkaZWJ49
8744,IkaUZ632
8745,IkaNLF43
8746,IkaJHU40
8747,IkaBU820
8748,IkaBAFW17
8749,IkaO71O04
8750,Ika5NDB37
8751,IkaVXK042
8752,IkaIRFK55
8753,IkaXESI48
8754,Ika1D1X26
8755,IkaJIHI18
8756,IkaNRPD43
8757,IkaCDQC25
8758,IkaLYWN06
8759,Ika1LP11
8760,IkaVOW46
8761,IkaGTH25
8762,IkaXE837
8763,IkaGDD12
8764,Ika8DG52
8765,IkaJDR31
8766,IkaIFW58
8767,IkaGXA29
8768,IkaTW256
8769,IkaIK800
8770,IkaFG649
8771,IkaY4B23
8772,C-IkaM7N6C44
8773,C-Ika0HYQA48
8774,C-IkaT2RD854
8775,C-IkaDFV1B00
8776,C-IkaAK8DD14
8777,C-Ika6868X13
8778,C-IkaQID0N22
8779,C-IkaM6JSP42
8780,C-Ika5KVLX14
8781,C-IkaSU8OB22
8782,C-IkaUUZ8T28
8783,C-IkaMV0R448
8784,C-IkaVTMVC20
8785,C-Ika4T73Y19
8786,C-IkaX98JV20
8787,C-IkaBY77X48
8788,C-IkaKSK6I19
8789,C-Ika57X2X20
8790,C-IkaJGQNJ15
8791,C-IkaQBDIN51
8792,C-IkaZ7H1U58
8793,C-IkaD8SCU10
8794,C-IkaTYY8L00
8795,C-IkaQ69LO12
8796,C-Ika4HLKM42
8797,C-Ika21YJY37
8798,C-IkaJULTZ53
8799,C-Ika4OQJP47
8800,C-IkaQF6GK53
8801,C-IkaYHDV522
8802,C-IkaLZH9N24
8803,C-Ika0VU6129
8804,C-IkaKEMVU05
8805,C-IkaO683856
8806,C-IkaUI4ZE57
8807,C-IkaYR8IE53
8808,C-Ika1H6ZG28
8809,C-IkaNFV0V51
8810,C-IkaEEVPM34
8811,C-IkaWFOND10
8812,C-IkaV59FX19
8813,C-IkaAS0YA18
8814,C-IkaUHPK507
8815,Ika6B038
8816,IkaEJ221
8817,IkaQF012
8818,IkaON512
8819,IkaK8101
8820,Ika7MZ25
8821,IkaLUC44
8822,IkaCS733
8823,IkaJT742
8824,IkaWIR01
8825,IkaQD022
8826,Ika1AH09
8827,Ika39W08
8828,IkaHTO49
8829,IkaZOY01
8830,Ika5LK02
8831,IkaNLM44
8832,IkaQ7W20
8833,Ika0RY02
8834,IkaIZQ19
8835,IkaW5L16
8836,IkaDAP25
8837,IkaAIG12
8838,Ika1TI27
8839,IkaLVH37
8840,IkaEP830
8841,IkaX9C50
8842,IkaYYZ55
8843,IkaW2W52
8844,Ika2OM44
8845,Ika1PT16
8846,IkaMGG12
8847,IkaF3L26
8848,Ika16049
8849,IkaUZ349
8850,IkaVAD18
8851,IkaGZY13
8852,Ika0OO48
8853,Ika2K605
8854,IkaMBB20
8855,IkaOIE31
8856,Ika7FC50
8857,IkaJYX40
8858,IkaY4408
8859,IkaVP957
8860,Ika9WR11
8861,Ika72X11
8862,IkaEFS48
8863,Ika75I14
8864,Ika1DX24
8865,IkaJS837
8866,IkaG9538
8867,Ika2R813
8868,Ika1MA25
8869,IkaFN846
8870,Ika5ZL37
8871,IkaF5307
8872,IkaOAC16
8873,Ika1IL11
8874,IkaEJO10
8875,IkaC5H18
8876,IkaXCSE57
8877,IkaXZDL24
8878,Ika1RDO02
8879,IkaZ8B610
8880,IkaCNMO37
8881,IkaVN1V02
8882,Ika6I721
8883,IkaZQW10
8884,IkaG0D11
8885,IkaLM311
8886,Ika2GS57
8887,IkaC9M48
8888,Ika50Y01
8889,Ika1ZG07
8890,IkaZ8534
8891,Ika8BS37
8892,IkaXZJ30
8893,IkaNQK24
8894,Ika6FB27
8895,IkaP9X04
8896,IkaBIU12
8897,IkaTZY22
8898,IkaUAZ39
8899,IkaQ4V10
8900,IkaL1T07
8901,IkaWPJ58
8902,IkaZQ618
8903,IkaO1U51
8904,Ika7AX53
8905,IkaWMZ50
8906,IkaUDP51
8907,IkaX5R43
8908,Ika4P007
8909,IkaHMO34
8910,IkaWJE04
8911,IkaWB619
8912,IkaGHQ51
8913,IkaSED19
8914,IkaYGI01
8915,IkaRX112
8916,IkaKQM59
8917,IkaOQS17
8918,Ika7KH57
8919,IkaPQ437
8920,IkaDK647
8921,IkaP2O35
8922,Ika61B53
8923,IkaJC140
8924,IkaTFZ53
8925,IkaOTP34
8926,IkaN1G06
8927,IkaTZM14
8928,IkaEVM03
8929,Ika1KY41
8930,IkaKHG31
8931,Ika8TX26
8932,IkaEVZ43
8933,Ika4SF25
8934,IkaTEW59
8935,IkaI8Z09
8936,IkaFNK10
8937,IkaSCO23
8938,IkaPB045
8939,IkaHR629
8940,IkaF0K03
8941,IkaD5213
8942,IkaC9H33
8943,IkaE0S17
8944,Ika02N24
8945,IkaYA754
8946,IkaL0F50
8947,IkaBOA42
8948,IkaKA302
8949,IkaGOI34
8950,Ika6NJ14
8951,Ika37O49
8952,IkaORU48
8953,Ika6NP24
8954,IkaISW23
8955,IkaHYA07
8956,Ika9RF37
8957,Ika9UN31
8958,IkaFGI09
8959,IkaTCE33
8960,Ika6BE56
8961,Ika7AD34
8962,Ika2P453
8963,IkaZBY02
8964,IkaKKM16
8965,IkaLG728
8966,IkaQE511
8967,Ika57C02
8968,Ika98W22
8969,IkaJQM26
8970,IkaJ5S30
8971,IkaNK129
8972,IkaEBI25
8973,IkaUGA12
8974,IkaABG05
8975,Ika1MI05
8976,IkaNUZ30
8977,Ika23G19
8978,IkaKKT25
8979,IkaM39M04
8980,IkaU4E151
8981,IkaH3J703
8982,IkaPCLF13
8983,Ika7AIF10
8984,IkaG54I21
8985,IkaQZ8500
8986,IkaE43843
8987,Ika00UY06
8988,IkaYQO542
8989,IkaK4T151
8990,IkaAAT039
8991,IkaKTQY51
8992,Ika6EE129
8993,IkaR5P015
8994,IkaKCZZ46
8995,IkaT2QT45
8996,IkaW72417
8997,IkaGAUK15
8998,Ika9QPS27
8999,Ika5EB006
9000,IkaL3FS46
9001,IkaE46M29
9002,IkaEG5K10
9003,IkaR0R25
9004,Ika2W108
9005,IkaUD923
9006,IkaDH919
9007,Sab2IP05
9008,IkaMLF39
9009,Ika3K022
9010,IkaS0R22
9011,IkaEWO33
9012,IkaV0F44
9013,IkaCHN10
9014,Ika1PS29
9015,IkaLXY50
9016,Ika2X300
9017,Ika4FI29
9018,IkaMZB21
9019,Ika51726
9020,IkaCXR37
9021,IkaVK2O21
9022,IkaVR0643
9023,C-Ika8IQKI04
9024,C-Ika1A2NE53
9025,C-Ika5OGJC52
9026,C-IkaFSFW032
9027,C-IkaE6HI809
9028,C-IkaOZTYE48
9029,C-Ika1VZB942
9030,C-Ika3V7UZ36
9031,C-Ika8F65130
9032,C-IkaAB4KO32
9033,C-Ika8WWDA07
9034,C-IkaVH0FB55
9035,C-IkaSC78147
9036,C-IkaXMBI833
9037,C-Ika7Z8JQ52
9038,C-IkaHLOVI12
9039,C-IkaAUITH56
9040,C-IkaOVJC910
9041,C-IkaCIPRO38
9042,C-IkaXMNCF51
9043,C-IkaNLANN27
9044,C-Ika52AYP49
9045,C-IkaK3C0548
9046,C-IkaPGFKI15
9047,C-Ika06XOV03
9048,C-Ika6J6P540
9049,C-Ika9M91P40
9050,C-IkaOCPNY04
9051,C-IkaLBBIE43
9052,C-IkaDU8F738
9053,C-IkaFVZ6H26
9054,C-IkaWVGE448
9055,C-IkaHGJMI53
9056,C-IkaOPV4D09
9057,C-IkaYLNTO25
9058,C-IkaJ5XKC03
9059,C-IkaHA61239
9060,C-IkaMTLYL25
9061,C-IkaFQTKA42
9062,C-IkaH2G1D28
9063,C-IkaABEFC08
9064,C-IkaS5UMC41
9065,C-RinMJTM033
9066,C-RinEMBRR10
9067,C-RinR9C7B57
9068,C-Rin2AXPX57
9069,C-Rin8GPTS56
9070,C-RinM653328
9071,C-Rin1QXWI51
9072,C-RinBIAIY43
9073,C-RinD8X3C33
9074,C-Rin7KGJA46
9075,C-RinL44H609
9076,C-Rin2JARI04
9077,C-RinEFX7600
9078,C-RinM9X3B01
9079,C-RinFDEM907
9080,C-RinGOJI759
9081,C-Rin3XZ8Q56
9082,C-RinVY3TO52
9083,C-Rin7FU3K54
9084,C-RinAK7Q829
9085,C-RinFEZT433
9086,C-RinX0NHH47
9087,C-RinW9ZLP52
9088,C-RinZNS2V48
9089,C-RinPJXWO09
9090,C-RinUJ8Y852
9091,C-RinEEDED23
9092,C-RinRNVWE41
9093,C-RinHFV7H59
9094,C-RinJIVR027
9095,C-RinBL7MB24
9096,C-RinXO4KU25
9097,C-RinN72U145
9098,C-Rin1T5QS21
9099,C-RinWCMQ926
9100,C-Rin8TG0B20
9101,C-RinWDAEN24
9102,C-Rin7JGH239
9103,C-RinLYH6N08
9104,C-RinBRK8Y40
9105,C-RinUKXZW31
9106,C-RinT8N8058
9107,C-RinMRX3R02
9108,C-RinDYP9403
9109,C-Rin4204R44
9110,C-RinUA0AT40
9111,C-RinKXNUV37
9112,C-Rin4P8CD25
9113,C-RinRPRPA43
9114,C-RinXC8U817
9115,C-RinB984X45
9116,C-RinGA3QG53
9117,C-RinZ38W303
9118,C-RinOILFM32
9119,C-RinPGG3X53
9120,C-RinB6GXK21
9121,C-RinQR91A38
9122,C-Rin1S5KZ42
9123,C-RinF1XXV28
9124,C-RinHDN3L54
9125,C-Rin1MU6U09
9126,C-RinHIPZC58
9127,C-Rin57KO323
9128,C-RinBHFK537
9129,C-RinDISWF07
9130,C-RinBMHKN39
9131,C-RinW5YS554
9132,C-RinX37ZS49
9133,C-Rin5FZEW48
9134,C-RinVJPZ109
9135,C-RinLU3ZX30
9136,C-RinNP39701
9137,C-RinJLU9X51
9138,C-RinJXHYF41
9139,C-Rin0MS7P17
9140,C-Rin0UZVG47
9141,C-RinYV28X26
9142,C-Rin1RX4Q01
9143,C-Rin6WVNJ50
9144,C-Rin8BOZU50
9145,C-RinHI0VY44
9146,C-Rin1QKJS12
9147,C-RinG363P15
9148,C-RinY0C7O35
9149,C-RinOJFC011
9150,C-RinZB5Q331
9151,C-RinB9I6V33
9152,C-RinZ7I9B45
9153,C-RinADKH010
9154,RinHU8N02
9155,RinPCQ440
9156,Rin9RVI38
9157,RinNZ4V58
9158,Rin9PGQ34
9159,RinZNU748
9160,RinXAEW33
9161,Rin9WHE13
9162,RinPACN05
9163,RinF30S23
9164,Rin5GXX39
9165,RinY33137
9166,RinSKX708
9167,RinT1YS21
9168,RinA7H551
9169,Rin5EVW05
9170,Rin41WV31
9171,Rin7LIH14
9172,Rin77HR58
9173,RinZGS32
9174,Rin0KR55
9175,RinDFG57
9176,RinLX510
9177,Rin8SH57
9178,Rin8V705
9179,Rin1PH26
9180,RinW1P34
9181,RinA3851
9182,Rin9Y641
9183,Rin4YO11
9184,RinOP139
9185,RinCN816
9186,Rin5IY16
9187,RinQOB18
9188,Rin9XI41
9189,Rin8R023
9190,Rin3XH09
9191,RinNHD50
9192,Rin4N417
9193,RinUDM45
9194,Rin9YC44
9195,RinX0G28
9196,RinN5G47
9197,RinQAH53
9198,RinAAE34
9199,RinDK435
9200,RinOGS35
9201,Rin9OV58
9202,RinZFQ21
9203,RinCCY25
9204,RinHSK17
9205,RinQ0D44
9206,RinKHD23
9207,RinYMJ16
9208,RinAO036
9209,RinZXL01
9210,RinDEF11
9211,RinQZR50
9212,RinHTH12
9213,RinXQ235
9214,RinYKR05
9215,Rin8RT51
9216,RinVOM45
9217,RinE8015
9218,RinLY323
9219,RinZIX47
9220,Rin16H46
9221,RinBQI41
9222,RinKI137
9223,RinGWA40
9224,RinO2H17
9225,RinN8F40
9226,RinU2G50
9227,Rin46Z44
9228,RinC8J54
9229,RinFMD55
9230,RinPPI36
9231,RinK8425
9232,RinZYV05
9233,RinPEL16
9234,Rin89X06
9235,Rin89M21
9236,RinZRY12
9237,RinQX554
9238,Jah9O204
9239,RinPJP53
9240,RinAN657
9241,RinLAG13
9242,Jah0BY40
9243,RinD1217
9244,RinF8E18
9245,RinOCX57
9246,Rin4DM51
9247,RinPNN27
9248,RinR5747
9249,Rin6S732
9250,RinNOS28
9251,RinEVN21
9252,Rin7VM55
9253,RinEUJ08
9254,RinFSR39
9255,JahR5J18
9256,Jah5LM20
9257,Jah1NF58
9258,Rin24A21
9259,Rin9R742
9260,Rin36H47
9261,RinMRD13
9262,RinYYC17
9263,RinHHR54
9264,RinFB725
9265,RinEYK32
9266,RinEB850
9267,RinPEG19
9268,RinYQZ00
9269,Rin7FP41
9270,Rin4KW48
9271,Rin6KI15
9272,RinZDQ16
9273,RinR2553
9274,Rin5SF49
9275,RinXR005
9276,Rin8TY46
9277,RinKKG49
9278,Rin2OE53
9279,RinG7346
9280,RinOQK25
9281,RinJXQ54
9282,RinPQ147
9283,RinJCD01
9284,Rin04W00
9285,RinKU325
9286,RinZRR03
9287,RinCDH31
9288,RinRNB48
9289,RinLPQ05
9290,RinPF656
9291,RinJ0D57
9292,RinFN016
9293,RinCBK03
9294,Rin2UL47
9295,Rin7NJ11
9296,RinGMZ05
9297,RinP0T35
9298,RinMQ520
9299,RinW8M50
9300,RinQTI41
9301,RinIAA12
9302,RinG5843
9303,RinJTP16
9304,Rin4V513
9305,Rin08C18
9306,RinJC745
9307,Rin17642
9308,RinYO539
9309,RinJLG28
9310,Rin9PC10
9311,RinBT914
9312,RinMNP00
9313,RinK0G41
9314,RinZO812
9315,Rin0OU42
9316,RinJO609
9317,RinSKR55
9318,Rin4ML15
9319,Rin46N03
9320,RinHGI43
9321,Rin1YX36
9322,Rin1M215
9323,Rin7J902
9324,Rin24S20
9325,RinXRA53
9326,Jah11G41
9327,RinPZS35
9328,RinDBP30
9329,RinVOW12
9330,Rin1QN45
9331,Rin73L33
9332,RinT7L46
9333,Rin76Q31
9334,Rin4RS03
9335,RinGNN06
9336,RinJ0Q23
9337,RinUJC56
9338,Rin1NN37
9339,RinD5E06
9340,RinCGN33
9341,Rin21R29
9342,Rin3KE45
9343,RinSZ144
9344,RinI8544
9345,Rin22402
9346,Rin9OG53
9347,Rin0OF53
9348,Rin54256
9349,RinFFQ12
9350,RinH8D44
9351,RinQJ619
9352,Rin0T250
9353,RinAAT45
9354,RinIVV59
9355,RinT7I47
9356,RinO0B12
9357,RinQDI41
9358,Rin8ZT11
9359,RinJSL18
9360,RinCOA44
9361,RinXKY25
9362,RinAC611
9363,Rin6ER26
9364,RinLFK35
9365,RinM8909
9366,RinPP533
9367,Rin2XX09
9368,RinXXY42
9369,Rin7P736
9370,RinJ6303
9371,RinH1Q53
9372,Rin46Q58
9373,RinRJO26
9374,RinA3N12
9375,RinR8R19
9376,RinMW109
9377,Rin6LJ48
9378,RinJ7C33
9379,RinIRU38
9380,RinZJP50
9381,Rin0CB50
9382,RinFUC38
9383,RinH0Q24
9384,RinK4R29
9385,RinHZ651
9386,Rin3L534
9387,Rin6G534
9388,RinSB018
9389,Rin8LU38
9390,RinVW945
9391,RinXDE23
9392,RinZ1P39
9393,RinN3E45
9394,RinKBT27
9395,Rin6YK10
9396,RinBAV45
9397,RinLZ549
9398,RinOMO52
9399,RinHHF12
9400,RinPDR36
9401,JahBO634
9402,Rin6LJ43
9403,RinGM738
9404,Rin4VQ08
9405,RinE6Y33
9406,RinFSR18
9407,Rin86V40
9408,RinH6700
9409,RinCUB22
9410,Jah07236
9411,Rin6ZL47
9412,Rin9TJ59
9413,RinKVQX37
9414,C-RinYBG2D33
9415,C-RinF24VL01
9416,C-RinMWGTI32
9417,GwaKA055
9418,GwaD5652
9419,Gwa3UR35
9420,Gwa8CN34
9421,GwaBQH05
9422,GwaIYS30
9423,GwaIXE35
9424,GwaYJ444
9425,GwaLMW24
9426,GwaKK101
9427,GwaGNH09
9428,GwaD5Z37
9429,GwaHEH01
9430,GwaKFL35
9431,GwaLZN52
9432,GwaJ5708
9433,GwaR1R55
9434,GwaKB827
9435,GwaWEH00
9436,GwaQU105
9437,GwaOQS19
9438,GwaAUB57
9439,GwaS9R21
9440,GwaYB744
9441,GwaWXF10
9442,GwaENA20
9443,Gwa8KH34
9444,GwaY2F44
9445,GwaVTZ02
9446,GwaMIQ10
9447,GwaO6354
9448,Gwa7VO03
9449,GwaAK641
9450,Gwa5O216
9451,GwaGKB03
9452,GwaS4C24
9453,Gwa1EM59
9454,GwaI8N38
9455,GwaTL119
9456,GwaYW141
9457,GwaKRH11
9458,GwaVGK14
9459,GwaUCZ57
9460,GwaLJW43
9461,Gwa1WD09
9462,GwaE4503
9463,GwaG8B02
9464,Gwa0YX13
9465,GwaF3S59
9466,GwaLWS11
9467,GwaPTF46
9468,GwaJMN39
9469,GwaBF329
9470,GwaFKT52
9471,GwaKBZ54
9472,Gwa7LV04
9473,C-GwaMMJL611
9474,C-Gwa5LFHA01
9475,C-GwaXMGE121
9476,C-Gwa2Q10O33
9477,C-GwaBX1ZY56
9478,C-Gwa1020T44
9479,C-GwaER5BU14
9480,C-GwaUK1HR58
9481,C-Gwa54Y2K25
9482,C-Gwa95VQ335
9483,C-GwaH9O5R01
9484,C-GwaMUM2W10
9485,C-GwaLHU5F18
9486,Gwa6GK22
9487,GwaNSW38
9488,GwaQSH11
9489,GwaU0QG17
9490,GwaNE7133
9491,GwaKFYO13
9492,Gwa7UFR39
9493,GwaTPMJ48
9494,Gwa0KMI43
9495,GwaZXY941
9496,GwaKA7A23
9497,GwaL9N703
9498,GwaKORP42
9499,GwaD9TT13
9500,Gwa2CW720
9501,GwaL79T19
9502,GwaGVZF23
9503,GwaHNDH46
9504,GwaNZQD04
9505,Gwa4EH253
9506,C-Gwa49TUX30
9507,C-Gwa3CWM157
9508,C-GwaH724X08
9509,C-GwaS7CCQ22
9510,C-GwaRR1UX52
9511,C-GwaRUAYH39
9512,C-GwaL5MXT56
9513,C-GwaBQZMC41
9514,C-GwaMR9JP46
9515,C-GwaBKKHC10
9516,C-Gwa3GLSM13
9517,C-Gwa0PZ9451
9518,C-GwaLJE8Q01
9519,C-GwaMV97J39
9520,C-GwaLFRSW57
9521,C-GwaMM4WD47
9522,C-GwaRV3SM26
9523,C-GwaOD4TB58
9524,C-Gwa73ZN002
9525,C-GwaMNZCW40
9526,C-GwaZQLBO45
9527,C-GwaP51X543
9528,C-GwaFUJN628
9529,KwaYMPZ58
9530,KwaNSSI14
9531,Kwa6J2W04
9532,KwaI71Q00
9533,KwaSDG500
9534,KwaL4CI42
9535,KwaYOKB37
9536,KwaJBEB38
9537,KwaJOMQ07
9538,Kwa5G3A53
9539,KwaBCMX48
9540,KwaM4LY24
9541,Kwa6GW07
9542,KwaVFV12
9543,KwaAHG18
9544,KwaYNF56
9545,KwaA7M53
9546,KwaX1H18
9547,Kwa2U454
9548,Kwa9VU27
9549,Kwa09Y24
9550,KwaQBN24
9551,Kwa7C344
9552,Kwa5EN29
9553,Kwa4UP17
9554,Kwa92I34
9555,KwaY0M39
9556,KwaGFZ47
9557,Kwa9S257
9558,KwaGRE29
9559,KwaBI302
9560,KwaJLN32
9561,KwaEHG00
9562,Kwa6E701
9563,KwaRD817
9564,KwaUXQ18
9565,Kwa9YP03
9566,KwaP9T08
9567,KwaN6W29
9568,Kwa3HZ03
9569,C-KwaKO2E903
9570,C-KwaM905N59
9571,C-Kwa57ZCA10
9572,C-KwaNQQWZ04
9573,C-Kwa1E1IW57
9574,C-KwaNU3YN36
9575,C-KwaSZ7GY00
9576,C-Kwa78L2808
9577,C-KwaKXT1Q50
9578,C-KwaEBVCT48
9579,C-KwaPSRFD46
9580,C-KwaX27HH08
9581,C-Kwa7K09Y37
9582,C-Kwa0B28643
9583,C-KwaEKFTD40
9584,C-KwaIVEZO23
9585,C-Kwa4JO7F17
9586,C-KwaZ6I1H43
9587,C-KwaO6Q0Z30
9588,C-KwaBINCC54
9589,KwaK6O40
9590,KwaBZO43
9591,KwaS9P05
9592,KwaGXG55
9593,KwaMWU40
9594,Kwa10521
9595,Kwa0DP50
9596,KwaZOD22
9597,KwaR0G01
9598,KwaA3113
9599,KwaHSX33
9600,KwaTBD23
9601,KwaXVD30
9602,KwaDWW56
9603,C-KujBXPXJ17
9604,C-KujNVIX634
9605,C-KujX0GGK23
9606,C-KujL37WP36
9607,KujX5Y652
9608,KujSAM15
9609,KujBT451
9610,KujWG337
9611,KujVYL41
9612,KujJMQ20
9613,Kuj2Z226
9614,KujGWC34
9615,KujAZ512
9616,KujJTP25
9617,KujMFV37
9618,KujAQT57
9619,KujK9E21
9620,KujKFM21
9621,KujPQZ25
9622,Kuj5GA25
9623,Kuj9KD22
9624,Kuj2I620
9625,Kuj18S30
9626,KujD4S25
9627,KujMK115
9628,Kuj71D25
9629,KujFXW49
9630,Kuj7GL37
9631,KujILY45
9632,KujV9Z27
9633,KujH8S54
9634,KujJOP55
9635,KujJQN08
9636,KujT1L26
9637,Kuj0HO43
9638,Kuj8J243
9639,KujS5H46
9640,Kuj0U001
9641,Kuj3WT42
9642,Kuj9IH32
9643,Kuj9FM08
9644,KujRIY52
9645,KujMPS24
9646,KujF0I05
9647,KujLRR09
9648,KujXUP31
9649,KujCBC54
9650,C-KujUB6QT16
9651,C-KujS9P0335
9652,C-KujL1IKG35
9653,C-KujLKA0550
9654,C-KujXOTPP18
9655,C-KujWIKSN10
9656,C-Kuj0F9YT01
9657,C-Kuj3WH1P39
9658,C-KujCRL1L13
9659,C-KujO6TAH48
9660,C-KujHVIF155
9661,C-AbaV6MNQ42
9662,C-AbaVV4XT11
9663,AbaSZR25
9664,Aba9H146
9665,AbaHP707
9666,AbaM3P24
9667,AbaO9Q45
9668,AbaRQ819
9669,AbaPRU29
9670,Aba8DJ44
9671,AbaQ6140
9672,C-AbaSJTQA04
9673,C-AbaHWN1L31
9674,C-AbaOH02F46
9675,AbaMXE355
9676,AbaK6CS37
9677,Aba67TF10
9678,AbaPDLX44
9679,AbaCKEL05
9680,AbaXDQC59
9681,C-AbaZ96Q818
9682,C-Aba4LU0T26
9683,C-AbaB2H5C25
9684,C-AbaML9MH52
9685,C-AbaG0OFA15
9686,C-AbaC73T553
9687,C-AbaZ7SJ336
9688,BwaKHB54
9689,BwaB4T31
9690,BwaSVP22
9691,BwaPF254
9692,BwaDD850
9693,BwaGQD36
9694,BwaY2I20
9695,Bwa22M29
9696,Bwa4FY35
9697,Bwa50W36
9698,BwaVOO08
9699,Bwa0Y518
9700,BwaY9U41
9701,BwaPRM12
9702,Bwa5SP18
9703,BwaC3P05
9704,BwaH8C10
9705,BwaPCI38
9706,Bwa5UH42
9707,BwaRGD58
9708,BwaD6H33
9709,BwaNQ036
9710,BwaK5O31
9711,BwaSC323
9712,BwaZOO02
9713,BwaYMD15
9714,BwaTLZ42
9715,BwaD7G12
9716,Bwa8G157
9717,BwaRU959
9718,BwaV0F33
9719,BwaO6L46
9720,BwaVNN04
9721,Bwa4QO48
9722,Bwa2BO28
9723,BwaY0528
9724,BwaSOZ24
9725,Bwa9BJ25
9726,BwaHNA23
9727,BwaEYT23
9728,BwaKR241
9729,KwaCG035
9730,Bwa33I56
9731,BwaDHA32
9732,BwaKFE37
9733,BwaHEF24
9734,BwaR1K06
9735,BwaMHL14
9736,Bwa7PF06
9737,Bwa4WY43
9738,BwaRO747
9739,BwaRN310
9740,Bwa79006
9741,BwaWB612
9742,Bwa9XO23
9743,BwaS8F10
9744,BwaV1134
9745,Bwa4OE57
9746,BwaYA454
9747,Bwa8T045
9748,BwaYXS00
9749,BwaN2I34
9750,BwaEII24
9751,BwaNT447
9752,Mun0FM21
9753,MunS9L29
9754,MunQOS10
9755,MunU1P13
9756,MunUVE27
9757,MunFNM12
9758,Mun7NP55
9759,MunLT151
9760,MunZUJ45
9761,Mun7UY25
9762,MunCTU58
9763,MunXCI02
9764,MunW9Q47
9765,MunKPA37
9766,MunINM46
9767,Mun7XS10
9768,MunWSC02
9769,MunVFD42
9770,MunIRH48
9771,MunIPE29
9772,MunJQS46
9773,Mun56530
9774,MunZNY23
9775,MunWWX24
9776,MunYF355
9777,MunJB003
9778,Mun2W158
9779,MunOZR51
9780,MunPYP23
9781,MunIYM43
9782,MunVW743
9783,MunJBB41
9784,MunC7I18
9785,MunXCQ35
9786,MunOOZ38
9787,MunIVN01
9788,Mun01225
9789,MunLQM59
9790,MunT5Z54
9791,Mun1VX21
9792,MunG4616
9793,Mun2JW09
9794,Mun25209
9795,Mun2AM06
9796,MunIFF18
9797,Mun24236
9798,MunJHF40
9799,Mun39V21
9800,C-JahNTI2W34
9801,MigPZ9B44
9802,SabLTH31
9803,SabFVZ40
9804,SabA1335
9805,SabJDQ53
9806,SabC2519
9807,SabQVB27
9808,SabZ7410
9809,SabZO651
9810,Sab0YH53
9811,Sab2KB48
9812,SabIML07
9813,SabVX900
9814,SabGWA19
9815,SabKYC36
9816,Sab2U100
9817,Sab9RN42
9818,SabGHZ03
9819,SabKS206
9820,Sab5VZ55
9821,SabNQI03
9822,SabMMD59
9823,SabAUQ05
9824,Sab3OF37
9825,SabUQC34
9826,SabYTV42
9827,SabOAC43
9828,Sab1DQ06
9829,SabZ7Q29
9830,SabTL127
9831,SabDRS10
9832,SabUI756
9833,SabCK649
9834,SabWYV08
9835,SabE9425
9836,Sab1RF44
9837,SabW6K03
9838,SabDP401
9839,SabQO957
9840,SabIEC16
9841,SabTFZ55
9842,SabGBJ48
9843,Sab28W59
9844,Sab4A638
9845,SabSXJ14
9846,SabJZ018
9847,SabCAG35
9848,SabLE513
9849,Sab86K36
9850,SabRTJ44
9851,SabOLF34
9852,SabUSH20
9853,SabXI225
9854,SabSO641
9855,SabWZW49
9856,SabI8Z02
9857,SabTOO10
9858,ZarKOE18
9859,SabSQM30
9860,Sab46A45
9861,SabL3Y11
9862,SabI2E01
9863,SabQYJ02
9864,SabXB724
9865,Sab0TD34
9866,Sab5LX52
9867,Sab43E15
9868,SabDS809
9869,SabQTG51
9870,Sab5TT44
9871,SabBJ215
9872,SabMO410
9873,SabHNH26
9874,SabR8Z44
9875,Sab63416
9876,SabOTX40
9877,SabOKJ33
9878,SabMVC58
9879,SabMG302
9880,SabEQ018
9881,SabX1J46
9882,SabPRC52
9883,SabZLX33
9884,SabTAZ10
9885,SabML041
9886,SabRS930
9887,SabDGW12
9888,SabJPW09
9889,Sab7JO18
9890,Sab2OT53
9891,SabX2V42
9892,SabD1U23
9893,SabZNJ05
9894,SabGLO12
9895,SabJ3Q58
9896,SabX6U53
9897,SabO8016
9898,SabLTM59
9899,SabVMR55
9900,SabM9R57
9901,SabKCA28
9902,SabNXZ15
9903,SabXDJ53
9904,SabEHF42
9905,Sab91H55
9906,Sab2ON22
9907,Sab4KH08
9908,Sab9TY42
9909,SabP9751
9910,Sab5P806
9911,SabRSO38
9912,SabP7I43
9913,Sab8JJ55
9914,SabRLF53
9915,Sab5Z102
9916,SabOXX39
9917,C-TauVCG7H40
9918,C-TauVUJR151
9919,C-TauR72ZK58
9920,C-Tau1LPYZ14
9921,C-TauVY6UY20
9922,C-TauYNZ5631
9923,C-TauCDHEF39
9924,C-Tau0Y1YX24
9925,C-TauO62P727
9926,C-Tau6IDPK05
9927,C-TauRQAMS00
9928,C-TauZR9GS54
9929,C-TauXVUTC02
9930,C-TauYUQC734
9931,C-Tau4Z9E059
9932,C-TauWXVUI54
9933,C-TauVNHKG03
9934,C-TauU7QXQ00
9935,TauTY6W45
9936,TauX9N922
9937,TauF1933
9938,TauWPT20
9939,Tau1EV52
9940,Tau3PD09
9941,TauEQK14
9942,TauOU154
9943,TauIX724
9944,Tau86J07
9945,Tau4M234
9946,TauXU746
9947,Tau1QZ19
9948,Tau1IZ01
9949,Tau44U30
9950,TauFH616
9951,TauEXL30
9952,TauYSQ30
9953,Tau1RX57
9954,TauVBS05
9955,TauGS228
9956,TauR1718
9957,Tau03901
9958,TauUFY41
9959,TauM6054
9960,TauTLI34
9961,TauK6605
9962,TauC9I18
9963,Tau45G21
9964,TauRUK00
9965,TauIN345
9966,TauCGF03
9967,TauK8B53
9968,TauWNT49
9969,TauUOO33
9970,Tau1UK24
9971,TauM7S03
9972,TauLB254
9973,TauS3F22
9974,Tau86242
9975,JahAD305
9976,JahUWU10
9977,Tau7BE37
9978,TauRUR56
9979,TauK4E25
9980,TauMKP57
9981,TauV6M49
9982,TauUOG20
9983,Tau57E07
9984,TauE4V36
9985,Tau7VI47
9986,TauPBH56
9987,TauAWS30
9988,Tau86X48
9989,TauPRO53
9990,Tau19334
9991,Tau4B626
9992,Tau0KB58
9993,TauLO405
9994,Tau1DT40
9995,TauK6X16
9996,TauXTQ58
9997,TauPTP26
9998,TauZ9R05
9999,Tau3KI35
10000,TauUT434
10001,TauZ7A56
10002,TauRIB50
10003,TauSFW40
10004,TauNTA40
10005,TauBS507
10006,TauIYI18
10007,TauZJX51
10008,TauZ6906
10009,Tau5B503
10010,JahYNZ42
10011,TauFGZ58
10012,Tau70P09
10013,Tau3YL28
10014,TauYO933
10015,TauLX501
10016,TauU3716
10017,TauWI057
10018,TauJ2C14
10019,Tau81Z41
10020,TauHRZ37
10021,TauQIT56
10022,TauB0X18
10023,TauR6T04
10024,TauRRL37
10025,TauR8J54
10026,Tau6JT26
10027,Tau8B554
10028,TauV2236
10029,TauA3618
10030,Tau8TY00
10031,Tau7GU57
10032,TauHIS25
10033,TauCVG33
10034,Tau2Z659
10035,TauHH429
10036,TauT0W42
10037,TauZ8X05
10038,TauS0C35
10039,TauG7L55
10040,TauFG840
10041,Tau4VY21
10042,Tau3VZ29
10043,TauFAH15
10044,TauBQ207
10045,TauENK58
10046,TauMW128
10047,TauM2R29
10048,TauA8H01
10049,TauYCV04
10050,TauHOA05
10051,Tau4KE18
10052,TauIRU04
10053,Tau32U22
10054,TauZ0715
10055,Tau84826
10056,TauWNU12
10057,TauNFW52
10058,TauOIL58
10059,TauKIL28
10060,TauPK058
10061,TauGWW46
10062,TauI9D28
10063,TauSE341
10064,TauJ4X56
10065,TauGVN11
10066,Tau7E151
10067,TauNUN55
10068,Tau1YY49
10069,TauJWY58
10070,TauM9308
10071,KalSL432
10072,KalZA005
10073,KalEGB48
10074,Kal7TP48
10075,KalY4635
10076,KalVWL28
10077,KalZKP16
10078,KalR7B45
10079,KalZWG09
10080,KalOCG22
10081,Kal9H140
10082,KalAZM09
10083,KalMZC44
10084,Kal8XI40
10085,Kal20T28
10086,Kal9ZN08
10087,KalDKJ02
10088,KalEOJ55
10089,KalXDH55
10090,KalQNB46
10091,Kal7ZI53
10092,Kal0U630
10093,KalO1T31
10094,Kal0F607
10095,Kal0F011
10096,Kal7Y139
10097,KalQG942
10098,KalCK355
10099,KalXFP22
10100,KalULM39
10101,Kal8R905
10102,KalLZ022
10103,KalM6505
10104,KalHZ219
10105,C-KalS8HAE11
10106,C-KalUNS6B38
10107,C-KalC39PF15
10108,C-Kal8E23U32
10109,C-Kal475AV54
10110,C-KalQ9YG848
10111,C-KalTKLUM36
10112,C-KalD8NAG55
10113,C-KalKF0BA19
10114,C-KalDQ2VY28
10115,C-KalQTUTJ37
10116,C-KalK08KJ15
10117,C-KalPB02523
10118,C-Kal56VE926
10119,C-KalINVW154
10120,C-KalP57HL50
10121,C-KalI0G4R14
10122,C-Kal4XCH402
10123,C-KalNJBDM27
10124,C-KalLQPVX06
10125,C-KalP2TCL40
10126,Kal1YUD12
10127,KalKEB12
10128,Kal7E352
10129,KalMNV36
10130,C-AkkBIMSL53
10131,C-Akk4VT0R15
10132,C-Akk7BOPI54
10133,C-AkkRO81T56
10134,C-AkkH85O354
10135,C-AkkJ3UO906
10136,C-GomSCJMW45
10137,C-Akk5DAY512
10138,C-Akk9WY2B30
10139,C-AkkXYT3955
10140,C-AkkNFF8637
10141,C-AkkZT08135
10142,C-Akk0SEVR50
10143,C-AkkXJ51A18
10144,C-AkkYAGU935
10145,C-AkkWU6L154
10146,C-AkkGPCCZ36
10147,C-AkkFNLCO15
10148,C-AkkJT3RQ56
10149,C-AkkKZ7KP26
10150,C-Akk8UEGB19
10151,C-AkkM5MPD56
10152,C-AkkW6B0H34
10153,C-Akk6X4PH58
10154,C-ShoKXJD255
10155,C-ShoNAK1H51
10156,C-ShoUEFZ637
10157,C-ShoV7HG825
10158,C-Sho4YUAI05
10159,C-ShoSE2W720
10160,C-ShoEVWQ928
10161,C-ShoKGL3321
10162,C-Sho2IWW534
10163,ShoIP1535
10164,Sho1I0C39
10165,Sho6W8C29
10166,ShoHU9K45
10167,Sho9U1H47
10168,ShoZNWU16
10169,BilJ7GZ01
10170,Bil3FG230
10171,C-BilIBI9W52
10172,C-BilO5QG138
10173,C-BilZF51659
10174,C-BilW7V0658
10175,C-BilJAYES27
10176,C-BilIABB151
10177,GomJZQ255
10178,GomMU7O28
10179,GomD0M118
10180,GomXW9V22
10181,C-BalB7VL855
10182,C-Bal8GYMF21
10183,C-BalT53CB33
10184,BalGNI17
10185,BalVDK41
10186,BalDMB09
10187,BalVJX53
10188,BalYNV48
10189,BalF9F17
10190,BalB2W08
10191,Bal3GS27
10192,BalR6N10
10193,BalJIO15
10194,Bal66T18
10195,BalCIJ42
10196,BalYWS42
10197,BalF3937
10198,BalYV518
10199,BalD3655
10200,BalXFE02
10201,BalT7036
10202,BalTZM40
10203,BalMKM01
10204,BalAZB40
10205,BalW7G28
10206,BalFAE11
10207,Bal4GH59
10208,BalB9B45
10209,BalMD252
10210,BalAL742
10211,BalW8043
10212,BalXLG21
10213,BalYEO49
10214,Bal88H32
10215,BalWBS18
10216,BalNJQ21
10217,BalLL433
10218,BalN0O05
10219,BalEDK21
10220,Bal96645
10221,BalA3M07
10222,BalIHS12
10223,Bal7BT27
10224,BalT9U21
10225,BalCUF03
10226,Bal0C153
10227,Bal1VR36
10228,Bal9S918
10229,BalILH44
10230,BalAJJ20
10231,Bal64529
10232,BalR2234
10233,BalD3337
10234,BalNLT47
10235,Bal9C124
10236,BalV2Y18
10237,Bal8ZQ31
10238,Bal1DI32
10239,BalLGB12
10240,BalO2A16
10241,Bal2VZ48
10242,Bal1GA31
10243,BalZ5Q46
10244,BalHFT23
10245,BalNVN09
10246,BalPZK03
10247,BalN6323
10248,BalAK518
10249,Bal3DW16
10250,Bal31541
10251,Bal0DS56
10252,BalVHE07
10253,BalHFT02
10254,BalRJB48
10255,BalJYE48
10256,BalISQ57
10257,Bal24553
10258,Bal3HI16
10259,BalRRS32
10260,BalTNM21
10261,BalTBD21
10262,BalFK404
10263,BalJSH05
10264,BalWLR41
10265,BalVYR59
10266,Bal87C30
10267,BalP9453
10268,BalUU128
10269,BalZ7U51
10270,BalGZA53
10271,Bal59N17
10272,BalC1X56
10273,Bal75J39
10274,Bal5RN49
10275,BalR7222
10276,Bal7Q059
10277,BalGEY46
10278,Bal90400
10279,Bal1DJ18
10280,BalX0H38
10281,Bal92U02
10282,Bal0YR34
10283,BalL1G28
10284,BalXH106
10285,BalMTX09
10286,BalEWB56
10287,Bal75I57
10288,BalUQ127
10289,BalMCZ33
10290,BalRS043
10291,Bal3T856
10292,Bal31Q11
10293,BalT2C27
10294,BalQ7815
10295,YamGST29
10296,YamBDS51
10297,YamCIO46
10298,YamETZ26
10299,Yam1F842
10300,YamWB407
10301,YamPM015
10302,YamSUL49
10303,Yam0C337
10304,Yam1MN49
10305,Yam3YP25
10306,Yam1NP56
10307,YamZ1A50
10308,Yam76U44
10309,YamCVR27
10310,Yam5DP50
10311,Yam8PX28
10312,YamEKX36
10313,YamXFG02
10314,Yam80012
10315,YamVER55
10316,YamKC714
10317,Yam4JN39
10318,C-YamIM6HN06
10319,C-Yam36LSR25
10320,C-YamLAV5X29
10321,C-YamLGKIZ13
10322,C-YamCH0B302
10323,C-Yam32C6T11
10324,C-YamHUZK856
10325,C-YamJBZPL50
10326,C-YamXD6U752
10327,C-YamIOT1443
10328,C-Yam9X7XQ54
10329,C-YamCFXMW22
10330,C-YamRQ1WQ51
10331,C-Yam1LFP503
10332,C-Yam2B49Z02
10333,C-YamCG5SO30
10334,C-YamU41MM37
10335,C-YamXZ16I41
10336,YamLEC48
10337,YamVD823
10338,YamWYJ18
10339,YamEYP37
10340,YamBP533
10341,YamY7256
10342,YamGYS17
10343,YamV4F56
10344,YamX6E44
10345,Yam1C953
10346,Yam00A42
10347,YamAPH27
10348,Yam9MA38
10349,YamSKJ10
10350,C-Yam08TAG35
10351,C-YamV006F22
10352,C-Yam0C47E53
10353,C-YamYOXOC59
10354,C-Yam8NTUW37
10355,C-YamZ4HL225
10356,C-YamCDGVW18
10357,C-YamFSWM508
10358,C-YamIOY4812
10359,C-Yam15Z6M50
10360,C-Yam6T73V02
10361,C-Yam7L9C644
10362,C-YamJUTCI10
10363,C-YamBXNXI36
10364,C-YamBZFOL35
10365,C-YamTEMK226
10366,C-YamOFNNT05
10367,YamG2V36
10368,YamXNN05
10369,YamOEH07
10370,YamSJM31
10371,YamRO151
10372,YamJN006
10373,Yam4NF28
10374,YamHTV40
10375,YamHIU36
10376,YamQMT08
10377,YamUAM21
10378,YamSB756
10379,YamGOU40
10380,YamHKF17
10381,YamUHE49
10382,YamZKA35
10383,Yam6L441
10384,Yam0LS14
10385,YamH9E22
10386,Yam2AY06
10387,Yam3P452
10388,YamZ1U55
10389,YamCTD50
10390,YamK7O12
10391,YamILY51
10392,YamQOE58
10393,YamEAG09
10394,YamB3231
10395,KwaYFZ03
10396,KwaES504
10397,KwaBQR44
10398,KwaT2N41
10399,Kwa62S13
10400,KwaCWN38
10401,Kwa4DK15
10402,KwaL8C05
10403,KwaS5W42
10404,Kwa6NY05
10405,KwaYKP56
10406,KwaWU300
10407,KwaTGJ49
10408,KwaTC652
10409,KwaF0F08
10410,KwaGY643
10411,KwaJIG56
10412,KwaSE158
10413,KwaSKB14
10414,KwaXUM37
10415,KwaHTK41
10416,KwaGSR34
10417,Kwa6O823
10418,KwaHN045
10419,Kwa9D051
10420,KwaXKS06
10421,KwaI1T42
10422,KwaDH809
10423,KwaNP400
10424,KwaLEQ01
10425,KwaBY716
10426,KwaBFQ11
10427,Kwa78B44
10428,KwaSFI37
10429,KwaBZE26
10430,KwaS2G39
10431,Kwa27T16
10432,KwaLBS07
10433,Kwa3X253
10434,KwaMEK45
10435,KwaB6E44
10436,Kwa95P12
10437,KwaRQ120
10438,Kwa2R930
10439,KwaGAH07
10440,Kwa30729
10441,Kwa77X48
10442,KwaRRX15
10443,KwaL7Q45
10444,KwaA8H28
10445,KwaEB823
10446,KwaOCG21
10447,Kwa12S51
10448,Kwa3MP53
10449,KwaIUP46
10450,KwaJSH04
10451,Kwa0AH12
10452,KwaCTZ33
10453,Kwa2T740
10454,KwaUMP03
10455,Kwa2YP02
10456,Kwa2VO50
10457,Kwa6XX45
10458,Kwa44V12
10459,Kwa40231
10460,KwaNGZ40
10461,KwaOOC12
10462,KwaHLJ01
10463,KwaIML24
10464,Kwa2Y408
10465,Kwa63114
10466,KwaGWI10
10467,KwaC7L16
10468,KwaLMZ06
10469,KwaTN557
10470,Kwa5G742
10471,Kwa15021
10472,KwaKC649
10473,KwaEZV31
10474,KwaZ3V49
10475,Kwa39115
10476,KwaMO336
10477,Kwa07I51
10478,KwaIHL41
10479,Kwa15729
10480,Kwa0WT01
10481,Kwa3JY29
10482,KwaW6M18
10483,KwaNWA59
10484,KwaLQI47
10485,KwaA9L27
10486,Kwa2H212
10487,KwaFJA59
10488,KwaUA334
10489,KwaC4B35
10490,KwaS9A12
10491,Kwa9EC04
10492,KwaIZF28
10493,Kwa6IB20
10494,Kwa9TI50
10495,KwaUCL48
10496,KwaWXB32
10497,KwaEJI55
10498,KwaP7B49
10499,KwaY9Z41
10500,KwaPFP29
10501,Kwa6JT19
10502,Kwa82U54
10503,Kwa30Q45
10504,KwaTVT52
10505,KwaDU504
10506,KwaNBR53
10507,KwaV9J51
10508,Kwa2J227
10509,KwaEBK51
10510,Kwa46V20
10511,Kwa6PA15
10512,KwaXIV46
10513,KwaA5N04
10514,Kwa60V51
10515,KwaAQY16
10516,KwaTVO41
10517,KwaG6H08
10518,KwaPYZ41
10519,Kwa9GJ40
10520,Kwa9R254
10521,KwaBQL40
10522,KwaV9F53
10523,KwaO3155
10524,KwaSQ718
10525,Kwa2OA29
10526,KwaD7741
10527,KwaYOZ30
10528,KwaO8546
10529,KwaFEC51
10530,KwaFW943
10531,KwaFDT40
10532,KwaNGF10
10533,KwaOCP43
10534,Kwa30Y48
10535,KwaBF028
10536,KwaWQV25
10537,Kwa8OE30
10538,KwaJWY51
10539,KwaI5G03
10540,Kwa5HJ54
10541,Kwa9IE31
10542,KwaC7859
10543,KwaIY800
10544,KwaE7G07
10545,KwaCF142
10546,KwaM9810
10547,Kwa0X643
10548,KwaR3603
10549,KwaBV016
10550,KwaYHP40
10551,Kwa21J39
10552,Kwa31333
10553,KwaGCP06
10554,Bau1HQ49
10555,BauM0E32
10556,BauB9U05
10557,BauW3X45
10558,BauG0106
10559,BauF6V34
10560,Bau5OK36
10561,BauRPO30
10562,BauAGU31
10563,Bau9MS56
10564,Bau3BG11
10565,BauKDY15
10566,Bau3ST52
10567,Bau6E524
10568,BauZUM17
10569,BauYSQ39
10570,BauTXB26
10571,BauEGC29
10572,BauOJG51
10573,BauWO720
10574,BauRRI46
10575,BauSI431
10576,BauTYV18
10577,BauWK158
10578,BauXWF29
10579,Bau2JU45
10580,BauZOS12
10581,Bau9DK09
10582,BauLVY24
10583,BauS6T15
10584,Bau91W03
10585,BauWE138
10586,BauC0P44
10587,BauWNU42
10588,BauALU38
10589,Bau40W17
10590,BauD4X44
10591,BauUU741
10592,BauJAN56
10593,BauI1S48
10594,BauU8619
10595,Bau77540
10596,Bau1EG33
10597,BauYDX50
10598,Bau1H842
10599,BauSB043
10600,BauTY740
10601,BauFP209
10602,BauBJD26
10603,BauHPA46
10604,BauYUK12
10605,BauDOW11
10606,BauUKG00
10607,Bau6MO56
10608,Bau7JI54
10609,BauZET11
10610,Bau5L113
10611,Bau1Y723
10612,BauM0P04
10613,Bau99A42
10614,BauOZ141
10615,BauWE556
10616,BauSW226
10617,BauNQW25
10618,BauKFS21
10619,BauEI940
10620,Bau7VG08
10621,BauR4E10
10622,BauWUL22
10623,BauDEP46
10624,BauSQ609
10625,Bau6D515
10626,BauIZW28
10627,BauXGB30
10628,Bau7B705
10629,BauDSO23
10630,BauBSCM36
10631,Bau748544
10632,Bau4WGF23
10633,Bau5TT048
10634,BauS91R46
10635,BauHCJN10
10636,BauVJGD47
10637,BauFGPC02
10638,GanYT6P56
10639,BauIPC41
10640,BauBR839
10641,BauYJZ12
10642,Bau5H849
10643,Bau52L46
10644,BauZWZ38
10645,Bau43350
10646,BauYSP01
10647,BauPF018
10648,BauJ8G40
10649,BauX5X34
10650,Bau8UH23
10651,BauP2V24
10652,Bau8R614
10653,BauCNI14
10654,C-Bau2O5EZ57
10655,C-BauDS85E41
10656,C-BauXAPFM53
10657,C-BauDXT6K01
10658,C-BauDV4WQ55
10659,C-BauID8S736
10660,C-BauXQP8V36
10661,C-BauHAHX754
10662,C-Bau07NP644
10663,C-BauQTLAJ19
10664,C-Bau8Q0DB38
10665,C-BauZAILP36
10666,C-BauWWVNJ09
10667,C-BauVUGM506
10668,C-BauB8P2L26
10669,C-BauC0H1H26
10670,C-BauRTOQE32
10671,C-BauDZ6P827
10672,C-BauZVTUY24
10673,C-BauBBQ2W50
10674,C-Bau79OHM40
10675,C-BauKBCV738
10676,C-BauPWFJQ36
10677,C-BauMZV1Q49
10678,C-BauWEED549
10679,C-BauWMONS21
10680,C-BauISZOK44
10681,C-BauP5EUV43
10682,C-Bau9PNWT32
10683,Gan6KE15
10684,GanGFE48
10685,GanT1K29
10686,GanT3L26
10687,GanHGU27
10688,GanFOZ04
10689,GanT4L17
10690,GanCFO35
10691,GanPMF07
10692,GanYIL01
10693,Gan3S244
10694,GanJEN34
10695,GanQQC55
10696,GanVQH41
10697,GanXZO16
10698,GanFB613
10699,GanW4S52
10700,GanR9S22
10701,GanIOP37
10702,GanA4U30
10703,GanO0E10
10704,GanJUF25
10705,GanQAT22
10706,GanW8J51
10707,GanKMM09
10708,GanP1M46
10709,GanBI422
10710,Gan2RX52
10711,Gan6J408
10712,GanI0K38
10713,GanDFV46
10714,GanEA602
10715,Gan39A45
10716,Gan3VN52
10717,GanXKK40
10718,GanU6S00
10719,Gan5XC30
10720,Gan1PM15
10721,Gan6XO14
10722,GanK5H05
10723,GanB4V51
10724,GanKIU57
10725,Gan3K212
10726,GanS8G56
10727,GanARE39
10728,GanHLG30
10729,GanHIF11
10730,Gan9PW53
10731,GanYF030
10732,C-GanDSC3Q35
10733,C-GanNTBN946
10734,C-Gan7ENFE59
10735,C-Gan4BPJS29
10736,C-GanNHYPZ03
10737,C-GanQSREH23
10738,C-GanPULH631
10739,C-GanJL3UA09
10740,C-GanLVKKJ07
10741,GanWX2V58
10742,GanUJGE53
10743,GanRQL159
10744,GanDEL19
10745,Gan13034
10746,GanYC934
10747,Gan65320
10748,GanYPH07
10749,GanLV452
10750,Gan2OR56
10751,GanGRB02
10752,GanC0029
10753,Gan61A30
10754,GanOR145
10755,GanPGZ50
10756,GanBLT32
10757,GanCSG41
10758,GanB8T29
10759,GanK7A25
10760,GanCES03
10761,GanLSW42
10762,Gan6AR31
10763,GanTD739
10764,GanOWU04
10765,Gan6SC05
10766,GanLSW24
10767,GanEKJ11
10768,GanXNF20
10769,GanQWN02
10770,GanWHW22
10771,Gan2AM45
10772,GanV5G21
10773,GanPDN38
10774,Gan20F28
10775,Gan2Y949
10776,GanL3S34
10777,GanNMF13
10778,GanHAQ27
10779,GanLLF38
10780,GanO8T07
10781,GanLQL56
10782,GanLO938
10783,GanMT101
10784,GanKOQ08
10785,GanYPB09
10786,Gan2MW02
10787,GanK7S03
10788,GanJRI13
10789,GanX2648
10790,GanBNH30
10791,TorSUQ33
10792,TorQ4N14
10793,Tor34620
10794,Tor8E944
10795,TorO8T35
10796,TorEVO24
10797,Tor04456
10798,Tor4IY27
10799,TorANH34
10800,TorTHE16
10801,TorLKR06
10802,Tor68812
10803,TorEI158
10804,TorRPG21
10805,TorR3204
10806,TorL4245
10807,Tor2BD15
10808,TorY4Q06
10809,TorMXG50
10810,TorUVZ20
10811,TorX4S51
10812,TorIGI57
10813,TorVGF35
10814,TorE8628
10815,TorYLD17
10816,TorMFH27
10817,Tor16N08
10818,TorFZT11
10819,TorN6H21
10820,TorODS10
10821,TorWJ357
10822,TorIFV49
10823,Tor0VO58
10824,TorG9PR57
10825,Tor1Y9A56
10826,C-Tor75F1I38
10827,C-TorOUKDL37
10828,C-TorP5V4T29
10829,C-TorG22DR52
10830,C-TorM1MI552
10831,C-TorDL2WN51
10832,C-TorD8QNG38
10833,C-TorB1K9W03
10834,C-TorVIEZT27
10835,C-TorGQVSY29
10836,C-TorGIPFG45
10837,C-TorKTN1828
10838,C-Tor76YOR04
10839,Tor3NIV57
10840,TorUAD841
10841,TorPODB15
10842,Tor16Y41
10843,TorJA355
10844,C-DasJ23FW21
10845,C-Das6HTR014
10846,C-Das4TGSS34
10847,C-Das7NDH413
10848,DasB6SZ04
10849,DasPUO148
10850,DasGDWY16
10851,DasZXZM08
10852,DasJDB59
10853,DasP9V27
10854,Das2F455
10855,DasAG422
10856,DasWI240
10857,Das4CJD37
10858,DasFHX02
10859,DasLE346
10860,Das9O717
10861,DasAYW38
10862,DasE1Q42
10863,DasJ4P39
10864,DasVOU05
10865,DasNBR16
10866,Das5QU07
10867,Das7KG28
10868,DasYRU10
10869,DasPJ633
10870,DasHX810
10871,DasVJT38
10872,DasTYB42
10873,DasAL814
10874,DasSLL30
10875,Das3OW52
10876,DasGOG01
10877,DasUGQ23
10878,Das9L607
10879,DasXNP37
10880,Das6KF50
10881,Das79712
10882,Das8HVN22
10883,DasVPFO43
10884,Das0ZH28
10885,DasTY738
10886,Das4AC32
10887,DasZNV41
10888,DasTZ741
10889,Das09F58
10890,Das5UA14
10891,DasC5P42
10892,Das6W658
10893,DasWD627
10894,TafMMF52
10895,TafZD537
10896,TafU8YM50
10897,C-TafPU0GJ37
10898,C-Taf3ES1232
10899,C-Taf9O0HG47
10900,C-Taf3MPGL52
10901,C-TafQID2X26
10902,C-TafUK94101
10903,C-TafHKZQV48
10904,C-TafJTN7H57
10905,C-TafKO5UZ07
10906,C-Taf1O2VW51
10907,C-Taf8U83Q35
10908,C-TafKQZJ913
10909,C-TafF243303
10910,C-TafI8MS339
10911,C-TafC7JOO35
10912,C-TafRX1FA03
10913,C-TafBVKIX42
10914,C-Taf53Z0R49
10915,C-TafZ719S30
10916,C-Taf1DQ4240
10917,C-TafU7IC219
10918,C-Taf22COA48
10919,C-TafE67Z505
10920,C-TafNNJQ432
10921,C-TafQKNCE51
10922,WarKMG47
10923,WarD4Z44
10924,WarNUH14
10925,WarYC016
10926,WarG8324
10927,War9H945
10928,War3K447
10929,War72R37
10930,WarD3H28
10931,WarU1H15
10932,WarBL753
10933,WarHK152
10934,WarF7I51
10935,WarOB252
10936,War75VS18
10937,WarIQWG13
10938,WarPCLK19
10939,WarXLO16
10940,WarQ4O33
10941,WarZDX20
10942,War42656
10943,WarPL951
10944,WarL8H21
10945,WarJ2715
10946,WarX6G18
10947,WarC3A01
10948,WarHN030
10949,WarFBO725
10950,C-WarMNLDE54
10951,C-WarMV3VC50
10952,C-War1OC4G01
10953,C-WarEPAU100
10954,C-War7IOA204
10955,C-War4K4YE04
10956,AlkYSC34
10957,AlkED023
10958,C-AlkCF7QN14
10959,C-AlkW8WMF28
10960,C-Alk9J08O32
10961,C-Alk3YMD021
10962,C-AlkX10XN31
10963,C-Alk0619839
10964,C-NinVA13C00
10965,C-NinGSPLH45
10966,C-NinADVFW29
10967,C-NinG04SZ17
10968,C-NinWVTVE49
10969,C-NinT1Y7V50
10970,C-NinKTJC054
10971,C-NinTYOPJ08
10972,C-Nin0JQF337
10973,C-NinEXRE233
10974,NinBKWR58
10975,NinDFWD46
10976,NinH8U402
10977,NinCQ1U25
10978,NinP81Y47
10979,NinTSA45
10980,Nin0JE19
10981,NinUHP38
10982,NinPDY51
10983,NinLON53
10984,NinNQH29
10985,Nin09D47
10986,NinOQJ10
10987,NinKNP25
10988,NinCSG30
10989,NinNEM37
10990,NinE3938
10991,NinP3O08
10992,Nin8I339
10993,NinUPL21
10994,Nin7MP32
10995,NinD8904
10996,NinSUI20
10997,NinNKH53
10998,NinEEQ51
10999,NinMW507
11000,Nin2YB01
11001,Nin28U53
11002,Nin2BX19
11003,NinZSC19
11004,NinPVR27
11005,NinSN011
11006,NinXIS52
11007,NinJ9D09
11008,Nin4PY49
11009,Nin1QG19
11010,NinJ4W56
11011,NinF1Q05
11012,NinJ1U22
11013,NinOJS46
11014,NinJV037
11015,NinBGK12
11016,Nin46349
11017,NinE8F52
11018,NinGM900
11019,NinG2509
11020,NinCEX05
11021,NinERO54
11022,NinK3Q21
11023,Nin8G049
11024,Nin1FH36
11025,NinIW434
11026,NinPJK05
11027,Nin6IP53
11028,NinAAI44
11029,Nin7NU18
11030,NinTR012
11031,NinBWF03
11032,NinL5622
11033,Nin8Z702
11034,NinETO16
11035,Nin3W145
11036,NinLEY25
11037,NinMEK55
11038,NinXY921
11039,NinGQD55
11040,NinQIG56
11041,NinA3U02
11042,Nin6UB57
11043,NinVS529
11044,NinMRO22
11045,Nin6CB58
11046,NinA8614
11047,NinEVN27
11048,NinHK355
11049,NinK3S31
11050,NinWPN41
11051,Nin5Q653
11052,Nin87827
11053,NinW2X31
11054,NinSO928
11055,NinDV257
11056,Nin06H10
11057,NinNG616
11058,Nin2BV01
11059,Nin67W50
11060,Nin93V06
11061,Nin1MP41
11062,NinFAM08
11063,Nin1YX53
11064,NinZQ611
11065,NinXWY41
11066,NinT9O35
11067,Nin5DC59
11068,Nin40B23
11069,NinTN218
11070,Nin8JH57
11071,NinRD813
11072,NinHEF55
11073,NinPUX55
11074,NinJEZ04
11075,NinTQK36
11076,Nin73B45
11077,NinG8V41
11078,Nin6AY10
11079,NinEXQ52
11080,NinMIX42
11081,NinZNL13
11082,NinCGD29
11083,Nin65C19
11084,NinXIC22
11085,Nin03P15
11086,Nin8SN26
11087,NinYFH31
11088,NinLY514
11089,NinTKC18
11090,Nin97352
11091,NinZ2Y00
11092,Nin1VD41
11093,Bau7RJT06
11094,Bau9VZN46
11095,BauHNND51
11096,BauR9ER37
11097,BauF6VL28
11098,BauADQW41
11099,Bau2KOL36
11100,BauBP9E50
11101,BauZAPQ43
11102,BauHP0B02
11103,BauGLLA34
11104,Bau8KE735
11105,BauGLTY15
11106,Bau8XPV23
11107,Bau6XEK47
11108,BauX1KD28
11109,Bau0QU916
11110,BauM1RE34
11111,Bau2EXN36
11112,Bau93OS56
11113,BauWT3157
11114,BauQSHK35
11115,BauM2HO14
11116,BauK6X036
11117,BauNWK756
11118,BauLXZN58
11119,Bau3WFP12
11120,TafXOAF10
11121,Taf8IN624
11122,TafTKG846
11123,TafZ95710
11124,TafHQW338
11125,TafLIUP24
11126,TafC52H34
11127,TafHDKC23
11128,TafO2UY30
11129,TafONUP14
11130,TafN5G442
11131,AlkF4DK13
11132,Alk94Y616
11133,Alk8UFA00
11134,Alk3R1X00
11135,AlkD6LP50
11136,Alk6RGM30
11137,AlkKCP017
11138,AlkIHKF09
11139,Alk61C116
11140,Gan7RHW52
11141,GanZG7010
11142,GanBL2305
11143,Gan1TOF27
11144,Gan025K32
11145,GanY7U639
11146,Gan6F6G28
11147,Tor0DU609
11148,TorW43A57
11149,TorF9Y425
11150,TorYFSC58
11151,Tor3CCQ18
11152,TorQVPB43
11153,TorWLHS08
11154,Nin6XKA32
11155,Nin52ON48
11156,Nin1USV37
11157,Nin92VC01
11158,DasXEG716
11159,DasUGTE37
11160,DasHM9536
11161,DasRL1525
11162,DasH9JU54
11163,War14H548
11164,WarRGAV19
11165,WarOQKF46
11166,WarKRFG49
11167,WarW62X03
11168,KwaB76925
11169,KwaPVMF20
11170,Kwa9QVS05
11171,ShoRBOJ01
11172,Sho3ZB837
11173,Sho9AM448
11174,ShoE0KE46
11175,ShoOK0I17
11176,ShoMQ9A20
11177,ShoC5CG44
11178,ShoS88K02
11179,ShoROHD57
11180,ShoN4DW24
11181,ShoFPLH03
11182,Sho6J9I10
11183,Bil8K7J42
11184,Bil1MZ742
11185,Bil7AFF16
11186,BilUXR708
11187,BilGPCW58
11188,BilHIMI42
11189,BilWQ9316
11190,BilTKI003
11191,BilHQ5J43
11192,BilMC7O15
11193,BilL6UR25
11194,BilA2NR53
11195,BilNSO827
11196,Bil7Q6154
11197,Bil8I3L45
11198,BilE3M010
11199,BilSL3T50
11200,BilQMGO14
11201,Bil9KLP53
11202,BilALDP53
11203,BilQ0JJ57
11204,Bil6G6Z56
11205,BilX7UF15
11206,AkkM3QT52
11207,AkkK0CR30
11208,AkkNZJA30
11209,AkkJ4ZZ11
11210,AkkV88636
11211,AkkR7BA13
11212,Akk3KH531
11213,AkkI9P404
11214,Akk573S49
11215,AkkVFXZ51
11216,AkkKOPX26
11217,AkkZ8CX19
11218,Akk8NVI32
11219,Akk6JKI22
11220,AkkYXVN49
11221,AkkPGZU12
11222,AkkJJ8449
11223,AkkG89V17
11224,Kal48IK36
11225,KalTFSK22
11226,Kal82CC22
11227,Kal567736
11228,KalJONG42
11229,KalQMA752
11230,KalCZJC01
11231,Kal5HWU37
11232,KalU3Y834
11233,Kal9E7J15
11234,Kal740L55
11235,KalZ5XQ11
11236,KalQLHL33
11237,KalSDVV32
11238,Kal2VMH49
11239,Kal7L8P05
11240,KalV2Q817
11241,Kal0WNL56
11242,KalMRG133
11243,Kal5OF850
11244,GwaNFYM52
11245,GwaSXKU14
11246,GwaO3EP25
11247,Gwa80IQ17
11248,GwaCDL317
11249,Gwa09TV53
11250,Gwa7PLW45
11251,GwaEDIY48
11252,GwaKD1Q34
11253,GwaJWGN41
11254,GwaVTRQ53
11255,GwaI9HA25
11256,GwaC4FH09
11257,GwaDHWZ58
11258,Gwa5HKZ21
11259,GwaUVIL56
11260,GwaDRQ651
11261,GwaIAHJ16
11262,GwaH2ZG54
11263,GwaGBVF56
11264,GwaS6N329
11265,GwaDTDA10
11266,GwaKUU551
11267,GwaRRTJ22
11268,Kuj26L929
11269,KujTVEC34
11270,Kuj9FLZ35
11271,KujQ24I10
11272,KujP60V38
11273,KujDC0O38
11274,KujES0Q29
11275,KujD1W538
11276,KujA5W735
11277,KujHIGX37
11278,Kuj2QS157
11279,KujZDFF55
11280,KujDT9549
11281,KujRMEA49
11282,KujK1PS40
11283,KujTJC843
11284,Kwa954926
11285,KwaHT0I03
11286,KwaJADN42
11287,KwaCH5G30
11288,KwaDKEQ22
11289,KwaCFZP11
11290,KwaSKJY23
11291,Kwa8V1H44
11292,KwaG5UC05
11293,AbaXKKZ30
11294,Aba543A17
11295,Aba5Q0V32
11296,AbaEF3052
11297,AbaHJZ013
11298,Aba041B54
11299,MigM29U58
11300,Mig9AON31
11301,Mig89FC47
11302,Ika85BU26
11303,IkaX0PY58
11304,IkaVXOG22
11305,Ika1POM50
11306,Ika94HH31
11307,IkaU0F909
11308,IkaABLI48
11309,IkaA7OI52
11310,Ika1ZRB24
11311,Ika4LNY32
11312,IkaU9ZK01
11313,IkaQ8AH26
11314,IkaWZCU42
11315,IkaN3NN34
11316,Ika1WEY50
11317,IkaEH1918
11318,IkaBKLW24
11319,Ika79V221
11320,Tau54J212
11321,TauMDVT28
11322,TauCSN652
11323,TauNHKX17
11324,Tau2WY505
11325,TauFI6429
11326,TauQXQ521
11327,TauYXGN09
11328,Tau5UY444
11329,TauJUV815
11330,TauIV2G04
11331,TauY7A618
11332,TauEF9040
11333,Tau5Y1C44
11334,TauS44C34
11335,TauIJD704
11336,TauE5SI23
11337,TauX62246
11338,TauUDDU20
11339,TauZ6DZ17
11340,TauEWPF21
11341,TauYO4I01
11342,Tau4ECD34
11343,Tau5L0P45
11344,TauGB6C36
11345,TauPWI409
11346,TauRE0C27
11347,Tau0YWM40
11348,Rin63FU35
11349,RinGIAY06
11350,RinIE2Q07
11351,Rin4BA644
11352,RinDBTD21
11353,RinXOME22
11354,RinKECB09
11355,RinXLOK41
11356,RinMUMZ21
11357,RinK8EB47
11358,RinVWMF32
11359,RinFH6Y21
11360,RinL4D119
11361,Rin5QN129
11362,RinY12M26
11363,RinWQRS03
11364,RinPD3U37
11365,RinS7EJ15
11366,RinJVTA00
11367,Rin718Y18
11368,RinDT2G18
11369,RinSSKT20
11370,Rin7WSE23
11371,RinBO8X05
11372,RinUY3F34
11373,RinRKEM32
11374,Rin70VK59
11375,Rin2UUU26
11376,Rin85QG26
11377,RinJX4654
11378,RinOJGL28
11379,RinAK6000
11380,RinTSC735
11381,RinC6V934
11382,Rin5XFW05
11383,RinSV8432
11384,RinUFEZ08
11385,Rin2J8749
11386,RinG4RG10
11387,Rin0FDA32
11388,RinE9Z836
11389,RinL2TU28
11390,MigP4K01
11391,Mig5CW10
11392,MigBP636
11393,MigSC638
11394,MigNMR37
11395,JahN2C46
11396,JahJ8N29
11397,AbaMRU52
11398,Kuj4CR09
11399,KujDR508
11400,KujZA549
11401,Kuj3KG56
11402,KujGGA30
11403,Kuj98H34
11404,KujNS028
11405,Kuj0GK54
11406,KujTDS38
11407,KujO6C47
11408,KujCGU43
11409,KujRLW22
11410,KujS1J37
11411,KujGSZ23
11412,KujZYW53
11413,KujKXJ04
11414,KujPSX01
11415,Kuj2D527
11416,KujHRW10
11417,KujTEI32
11418,Kuj96G20
11419,KujQVH33
11420,KujYNC01
11421,KujG6V07
11422,KujCOK52
11423,GwaVOY01
11424,GwaV3B22
11425,GwaNM234
11426,GwaHY151
11427,GwaO8X43
11428,GwaR3B15
11429,Gwa25C09
11430,GwaYII53
11431,Gwa0WA04
11432,GwaCD902
11433,GwaEUM51
11434,GwaR5T41
11435,Gwa6A052
11436,Gwa5KP41
11437,Gwa58456
11438,GwaB6N30
11439,GwaJ6S10
11440,GwaXEY15
11441,GwaSE718
11442,Gwa6MU42
11443,Gwa71702
11444,BwaUCU17
11445,BwaWBP47
11446,BwaHG440
11447,BwaLVZ53
11448,BwaNSB05
11449,BwaHO558
11450,BwaJNF01
11451,Bwa4JO05
11452,BwaP1A35
11453,BwaZBM59
11454,BwaZA843
11455,BwaJOF52
11456,Bwa08626
11457,BwaPKS24
11458,Bwa35J10
11459,BwaJEL31
11460,BwaEFS42
11461,BwaDL601
11462,BwaB2L27
11463,BwaE5Y21
11464,Bwa3ZI10
11465,Bwa2I957
11466,Bwa4HA02
11467,Bwa2BV17
11468,BwaHHH43
11469,Bwa7ZT23
11470,Bwa0Q942
11471,Bwa3UF04
11472,BwaYP714
11473,BwaHVQ32
11474,BwaDWS51
11475,MunKJC18
11476,MunKJA12
11477,Mun0XD41
11478,MunK7I43
11479,MunJ0557
11480,MunZ4L57
11481,Mun0GY57
11482,MunWNX11
11483,MunWGL52
11484,MunUPW19
11485,MunQEU11
11486,MunQ1C01
11487,MunNNX53
11488,MunZWQ24
11489,MunXU956
11490,MunFLS45
11491,Mun9TR20
11492,MunUDX15
11493,MunB8S19
11494,MunMB941
11495,Mun2FD47
11496,MunNPT24
11497,MunMX258
11498,Mun6PP44
11499,MunJRX10
11500,Mun5Q745
11501,MunXCF55
11502,Mun24W13
11503,MunLWA50
11504,MunS8P53
11505,Mun8YL51
11506,MunYVU58
11507,Mun01T43
11508,MunOZL30
11509,MunLND03
11510,IkaMWT11
11511,IkaPKL35
11512,IkaNI347
11513,IkaO2147
11514,IkaORQ28
11515,IkaWNG39
11516,IkaZBH34
11517,Ika9IJ41
11518,IkaXE034
11519,Ika6OJ30
11520,IkaBVE18
11521,IkaGZF24
11522,IkaCJW36
11523,Ika6AP51
11524,IkaQGO26
11525,IkaBW902
11526,Ika6OU30
11527,Ika6FF26
11528,Ika9QU36
11529,IkaHH607
11530,Ika8VX47
11531,IkaS7B19
11532,IkaC9Y06
11533,IkaV7O58
11534,IkaTW754
11535,IkaGUK13
11536,IkaWGC34
11537,Ika2Z453
11538,IkaLTD45
11539,Ika2LG53
11540,Ika23M14
11541,IkaU3S58
11542,IkaVS212
11543,IkaHB009
11544,Ika5Z515
11545,IkaSC935
11546,IkaZYS33
11547,IkaSSN29
11548,IkaEHD15
11549,IkaBQQ27
11550,IkaR0P08
11551,Sab4CC27
11552,Sab7B756
11553,SabIOE34
11554,Sab9ET57
11555,Sab71W01
11556,Sab31548
11557,SabAAA03
11558,Sab0AE57
11559,SabW8K11
11560,SabGJJ06
11561,Sab4DU19
11562,SabX5515
11563,Sab72O12
11564,SabIRQ02
11565,SabG5503
11566,SabGRO38
11567,SabZ0B17
11568,Sab28A19
11569,Sab2JP43
11570,SabFW323
11571,SabQIQ03
11572,SabPXB52
11573,SabE9P29
11574,SabAL330
11575,SabIM525
11576,SabHGW02
11577,SabG8G25
11578,SabMO351
11579,SabCAY31
11580,Sab38H30
11581,SabYZM54
11582,SabQW138
11583,SabXZO27
11584,SabXST03
11585,Sab68V50
11586,SabY0P27
11587,SabP1Y32
11588,Sab2HS11
11589,Sab7AT03
11590,Sab5KF43
11591,SabWE101
11592,SabPON23
11593,SabOJR06
11594,SabV9Y10
11595,SabC0Q48
11596,SabLX108
11597,Sab4ZI19
11598,Sab75D04
11599,SabGH947
11600,Sab7E146
11601,SabNX454
11602,SabMXD30
11603,Sab7RX40
11604,Sab19W42
11605,SabDIF55
11606,Sab8UL44
11607,SabH4350
11608,Sab2T148
11609,SabKHM13
11610,SabL8O07
11611,SabWTG24
11612,SabDTY08
11613,Sab08619
11614,Sab2RT22
11615,Sab4AZ44
11616,Sab0GS48
11617,SabKL003
11618,Sab0EJ31
11619,SabO5R26
11620,SabJE029
11621,SabXMD19
11622,Sab62Q20
11623,SabVX047
11624,Sab5EF46
11625,SabE4345
11626,SabOXS15
11627,Sab9I523
11628,Sab28B10
11629,Sab28V43
11630,SabTLK27
11631,SabNMM38
11632,Sab9J913
11633,SabXJX35
11634,SabH5K57
11635,SabDB740
11636,SabPW320
11637,SabHNV30
11638,SabFIM22
11639,SabFRM26
11640,SabMUC45
11641,SabJ7P45
11642,SabLTI52
11643,SabBAS56
11644,SabUQB45
11645,SabFOJ30
11646,Sab3YX45
11647,Sab0MZ47
11648,SabIAN13
11649,SabT5238
11650,Sab9LG55
11651,SabJCA01
11652,Tau1JD07
11653,TauF8P39
11654,Tau55455
11655,TauHXA51
11656,TauPYQ40
11657,Tau36F38
11658,Tau9YP05
11659,TauYPB54
11660,Tau5OE06
11661,TauW8P24
11662,Tau9GW16
11663,Tau9PO47
11664,TauSHQ48
11665,Tau1Y258
11666,Tau82929
11667,Tau6H647
11668,TauYEP18
11669,TauZXI16
11670,Tau11440
11671,TauZFA33
11672,TauJAB21
11673,TauVUG47
11674,Tau9Z726
11675,TauAXT28
11676,TauUSC24
11677,TauHP710
11678,TauT2J16
11679,TauQJR16
11680,TauRL801
11681,Tau5E303
11682,TauM2S47
11683,TauKFG33
11684,TauU1N54
11685,TauNWN53
11686,Tau2V915
11687,TauPCP22
11688,TauJZ600
11689,TauSRU41
11690,Tau0MF46
11691,TauRPW59
11692,TauKXA23
11693,TauYEJ52
11694,TauPBN11
11695,TauUOE01
11696,Tau5GC35
11697,TauWTW42
11698,TauS1812
11699,TauCCI12
11700,TauC3658
11701,Tau0VV53
11702,TauJ8C44
11703,TauTKH24
11704,TauPHA13
11705,TauOLN28
11706,TauPQN51
11707,Tau2L918
11708,TauG0V12
11709,Tau4F637
11710,Tau5C358
11711,Tau74123
11712,TauSNP30
11713,TauPIW51
11714,TauQG411
11715,TauTZ846
11716,TauVH608
11717,JahJ6015
11718,TauLN728
11719,TauMSP16
11720,TauQT557
11721,TauJIX05
11722,Tau5VA45
11723,TauM0G46
11724,TauOLB57
11725,TauNGB49
11726,Tau2GV16
11727,Tau4QN16
11728,BauVDR44
11729,Bau4G613
11730,BauKB105
11731,BauLKF03
11732,BauZ0Z40
11733,BauG0S52
11734,Bau2IG42
11735,Bau1PZ38
11736,BauSFU02
11737,BauKO741
11738,BauR6P41
11739,Bau62432
11740,BauHNM10
11741,BauL1P53
11742,BauGTJ42
11743,BauAP219
11744,BauAG339
11745,BauJBA34
11746,BauPYZ42
11747,BauNK121
11748,BauV2S55
11749,Bau9R502
11750,BauP1F00
11751,Bau74Z01
11752,BauUYR16
11753,BauNY726
11754,BauSN859
11755,BauQA001
11756,Bau67V39
11757,BauMR703
11758,BauN3W38
11759,BauP9U00
11760,BauVW533
11761,BauD7839
11762,BauFS620
11763,Bau1MX24
11764,Bau1YW03
11765,BauCS856
11766,BauOMF15
11767,BauOSQ16
11768,BauULH26
11769,BauGTZ12
11770,Bau3EG30
11771,Bau6ZF53
11772,BauYU417
11773,BauL4S28
11774,Bau1B133
11775,Bau6MO22
11776,BauMBH03
11777,BauI7540
11778,BauQ4S14
11779,BauDX141
11780,BauFDZ12
11781,BauKRD24
11782,BauBVB35
11783,BauHY353
11784,BauAPN13
11785,BauLRX16
11786,BauA2709
11787,BauLCW52
11788,Bau77F19
11789,Bau6RI13
11790,BauSGY03
11791,Bau7J640
11792,BauEF153
11793,BauLRI47
11794,BauXZB29
11795,BauD2N23
11796,BauM5312
11797,BauAQZ03
11798,BauNMC13
11799,Bau3RW45
11800,BauWOZ00
11801,Bau4IO11
11802,Bau35348
11803,Bau09Y03
11804,Bau81G57
11805,BauB5W57
11806,Bau7UC52
11807,BauQLB53
11808,BauN0T32
11809,BauANN51
11810,BauYX857
11811,BauAQ853
11812,BauJ9K13
11813,BauNVY15
11814,BauZ6754
11815,BauNB131
11816,BauOFW58
11817,BauS4632
11818,BauRY305
11819,Bau14949
11820,BauJXU23
11821,Bau5VK56
11822,BauVYP27
11823,BauC7D30
11824,NinY4F36
11825,NinDFL09
11826,NinBNU06
11827,Nin0YD53
11828,NinQRW13
11829,Nin0RL18
11830,NinQL304
11831,NinWQZ04
11832,NinMU626
11833,Nin7RO07
11834,Nin5JG20
11835,Nin81B39
11836,NinOQ543
11837,NinVGC47
11838,NinZ3F35
11839,NinQOV09
11840,NinJRW03
11841,NinUIJ26
11842,NinTE759
11843,NinLJ626
11844,Nin6ES22
11845,Nin90S03
11846,NinKW939
11847,NinIYT48
11848,Nin7RE36
11849,NinOW531
11850,NinBMD20
11851,NinKU450
11852,NinVK420
11853,Nin6IU18
11854,NinN5509
11855,NinSCC11
11856,NinZM651
11857,Nin2DR04
11858,NinWSD44
11859,NinN6M04
11860,NinFAD08
11861,NinISP24
11862,NinLEB10
11863,NinOZJ51
11864,NinWZ756
11865,NinQR852
11866,NinGC900
11867,NinPDN58
11868,Nin0HM52
11869,NinRA305
11870,Nin5DI26
11871,GanCS549
11872,GanQLF49
11873,GanQR554
11874,GanLB343
11875,GanKW400
11876,Gan1PP04
11877,GanF1V17
11878,GanR5E27
11879,GanCWE37
11880,Gan4PX48
11881,GanH6L09
11882,GanH6546
11883,GanYOY59
11884,Gan6JM01
11885,Gan6FO09
11886,Gan6G844
11887,GanD9T49
11888,GanRYX54
11889,Gan9JR43
11890,Gan8XO34
11891,GanH5A57
11892,GanFHF28
11893,GanKRH19
11894,GanCAP16
11895,GanCP943
11896,GanCVV42
11897,GanALK40
11898,Gan7A906
11899,GanRVQ56
11900,GanOS811
11901,GanD7P44
11902,Gan1E442
11903,Gan23B21
11904,GanCIK47
11905,GanOSC22
11906,Gan9R350
11907,GanB3N19
11908,GanAGI00
11909,GanE2324
11910,GanXNN43
11911,GanRFM33
11912,Alk41410
11913,AlkPQ903
11914,Alk6KK25
11915,Alk6WE14
11916,Alk1VF02
11917,Alk01H44
11918,AlkVFN56
11919,Alk9VQ07
11920,AlkLUL27
11921,AlkE1916
11922,AlkXA442
11923,AlkYXO50
11924,AlkBV553
11925,AlkUW333
11926,AlkE2T27
11927,AlkQR841
11928,Bau08A32
11929,AlkAFK59
11930,AlkROA16
11931,AlkUMJ44
11932,Alk8J309
11933,AlkTLL22
11934,AlkJDD05
11935,AlkYFG46
11936,Alk1CQ43
11937,Alk05718
11938,TafY4949
11939,TafBMO05
11940,Taf4SN04
11941,TafNRK19
11942,TafAG312
11943,TafR3942
11944,TafX0304
11945,TafQQU05
11946,TafBK112
11947,TafRN609
11948,TafIWB17
11949,Taf7E306
11950,Taf21M05
11951,TafFRH50
11952,TafHG409
11953,Taf1HH17
11954,TafDO444
11955,Taf1HL53
11956,TafIZU05
11957,DasRPZ36
11958,DasRSF01
11959,DasW7L13
11960,DasRL020
11961,DasGR718
11962,DasSDL25
11963,DasGWC34
11964,Das7FD33
11965,DasTM230
11966,Das1GK33
11967,Das04E19
11968,DasL2K15
11969,DasRFT32
11970,DasM1746
11971,DasU6N30
11972,Das31G43
11973,Das01052
11974,DasTVF53
11975,War3UI38
11976,WarBW436
11977,WarMI848
11978,WarDRB44
11979,War92X16
11980,War0PE05
11981,WarYEF16
11982,WarG3V52
11983,War3OK11
11984,WarH7V27
11985,WarUYC01
11986,War6LZ40
11987,War8JP10
11988,WarIYO34
11989,GomWD429
11990,GomWZC53
11991,KalB1Y15
11992,KalNX127
11993,KalG8637
11994,KalZ0W12
11995,KalTBF41
11996,Kal1DE40
11997,Kal2ZU03
11998,KalYA045
11999,KalMJB31
12000,KalGY606
12001,KalNKC29
12002,Kal0YV26
12003,KalYKV16
12004,KalMZ346
12005,KalXER27
12006,Kal0KQ59
12007,KalBJT00
12008,Kal4LN23
12009,KalB7D06
12010,KalTW751
12011,Kal20V42
12012,KalPVJ19
12013,KalVUQ36
12014,KalV4J33
12015,KwaXW204
12016,KwaSFY43
12017,Kwa7WJ49
12018,KwaK5M35
12019,KwaBCG42
12020,KwaPFT42
12021,KwaKNB12
12022,Kwa4X954
12023,Kwa67D47
12024,Kwa02J01
12025,KwaWVX24
12026,KwaRXM47
12027,KwaF6356
12028,Kwa2RD18
12029,Kwa0NM34
12030,KwaVMP00
12031,KwaYFJ57
12032,Kwa0PQ37
12033,KwaL2S37
12034,KwaX2R24
12035,KwaT6F11
12036,Kwa4XX52
12037,KwaFZ942
12038,Kwa8UV23
12039,KwaS1M45
12040,KwaLN340
12041,KwaXN322
12042,KwaY3752
12043,KwaOQF05
12044,KwaH4913
12045,Kwa5EC58
12046,Kwa2TY37
12047,KwaJ5F20
12048,Kwa0SN28
12049,KwaOJ057
12050,KwaR4J21
12051,KwaTKO20
12052,KwaFOC23
12053,Kwa9EY43
12054,KwaPZB14
12055,Kwa8E930
12056,Kwa4AU41
12057,KwaYHW59
12058,Kwa6NQ41
12059,KwaDJA09
12060,YamZGQ04
12061,YamZAS27
12062,YamEIE57
12063,YamRKE04
12064,Yam6TZ32
12065,YamZMJ57
12066,YamSD509
12067,Yam6C533
12068,Yam3B505
12069,YamLM412
12070,Yam3GX00
12071,Yam69T47
12072,YamUII51
12073,Yam9ER15
12074,Yam4AS08
12075,YamXDN31
12076,YamQL401
12077,Yam1VG02
12078,YamJHA10
12079,YamC8V43
12080,Yam7JU30
12081,YamE8Z17
12082,YamMVT59
12083,YamWR546
12084,Yam0XP11
12085,YamM2L59
12086,YamAZU41
12087,Yam6SA50
12088,Yam2OU02
12089,Yam9BL51
12090,YamJ9O22
12091,YamLKV34
12092,YamLH533
12093,Yam4RD38
12094,Yam8UJ31
12095,Yam7QZ58
12096,Yam6ZB24
12097,YamIBS28
12098,YamTTY47
12099,Yam2M829
12100,YamXG311
12101,YamV1D22
12102,YamL4R53
12103,YamDAR19
12104,YamA5G04
12105,Yam8F033
12106,Yam91Q48
12107,YamJ0Z42
12108,YamUCC33
12109,YamTNN32
12110,Yam00N27
12111,Yam29608
12112,Bal53E53
12113,BalEIM17
12114,BalMOX45
12115,BalPC905
12116,BalEPA03
12117,BalKSB20
12118,Bal2N854
12119,BalTL654
12120,Bal5Q308
12121,BalCR559
12122,Bal75M07
12123,BalD2U51
12124,BalJ3P19
12125,Bal9Q727
12126,Bal8HF33
12127,BalOCV27
12128,BalN3E08
12129,BalVAQ16
12130,BalE9P56
12131,Bal42438
12132,Bal00Q49
12133,BalIH252
12134,BalTRL45
12135,BalUR646
12136,Bal5ME18
12137,BalKZ157
12138,BalKDQ34
12139,BalEGS43
12140,BalAU553
12141,BalVT740
12142,BalTR927
12143,BalXSQ38
12144,Bal92K16
12145,BalGP510
12146,Bal0RE37
12147,Bal69949
12148,Bal8PY50
12149,BalPU725
12150,Bal5PL05
12151,Bal2XQ40
12152,BalIR501
12153,BalHQW58
12154,Bal51645
12155,Bal5KQ54
12156,Bal7BP56
12157,Bal7SZ38
12158,Bal0PQ13
12159,Bal45E43
12160,BalW3Q42
12161,BalBWZ47
12162,Bal4GS40
12163,BalSNR58
12164,BalNSQ07
12165,Bal4OR55
12166,BalYW653
12167,BalRLC33
12168,BalDQU38
12169,Bal4N042
12170,Bal27W20
12171,BalSUT57
12172,Bal89929
12173,BalLQ543
12174,BalV3C54
12175,BalKCS32
12176,Bal8YF11
12177,BalRNM24
12178,BalN3L15
12179,BalY5Y54
12180,BalEGP56
12181,Bal8UD03
12182,BalKUH14
12183,BalH2709
12184,Bal9SA32
12185,BalS2F28
12186,Bal7AH58
12187,BalGCM21
12188,BalAJA44
12189,BalJ1X59
12190,BalQC956
12191,Bal22329
12192,BalMSL08
12193,Bal3I544
12194,BalLSW17
12195,BalFA301
12196,Bal26I43
12197,BalRMR49
12198,BalGHC01
12199,BalO8I29
12200,Bal88U40
12201,Bal67M43
12202,BalZOB10
12203,BalR2Z52
12204,BalC6Y54
12205,Bal7AC06
12206,BalV6923
12207,Bal1WF32
12208,Bal9OX45
12209,BalZHW24
12210,BalBYF00
12211,BalEVJ35
12212,BalY2E19
12213,BalLC354
12214,BalKBW43
12215,BalBGW14
12216,BalE8W29
12217,BalRTM21
12218,BalKHI51
12219,Bal10045
12220,BalVM058
12221,Bal8CT20
12222,BalHLI56
12223,BalZYU00
12224,Bal1T805
12225,BalUJ820
12226,BalYK009
12227,Bal2VU46
12228,BalYFN12
12229,BalRQ921
12230,BalFK249
12231,RinI5C23
12232,Rin4AZ52
12233,RinFYR04
12234,RinECG13
12235,RinSPH25
12236,Rin9GI06
12237,RinYSQ40
12238,RinRRV08
12239,RinYL741
12240,Rin28K43
12241,RinKQP13
12242,RinBUK49
12243,RinAVD51
12244,Rin6Q820
12245,RinPIU24
12246,RinIZW32
12247,Rin9C109
12248,Rin4SL23
12249,Rin3MN36
12250,RinD0V50
12251,Rin8AK20
12252,RinS3W19
12253,RinN6656
12254,RinHBZ05
12255,Rin3QF20
12256,RinMN942
12257,RinGS907
12258,RinG3O19
12259,RinSXL53
12260,Rin93W32
12261,RinOBV30
12262,RinO1R33
12263,RinQ4S03
12264,RinRV426
12265,RinESP31
12266,RinXMT18
12267,RinS3D01
12268,RinJRQ50
12269,RinGYG22
12270,RinB5U06
12271,Rin7QU24
12272,RinXOR13
12273,RinLNX22
12274,RinG1851
12275,RinT7753
12276,RinLDJ44
12277,Rin49P51
12278,RinSMS19
12279,Rin9WX29
12280,Rin57Z28
12281,RinFD858
12282,Rin8QX27
12283,RinDTR53
12284,RinP4A12
12285,RinHGO40
12286,Rin3W339
12287,RinMFD42
12288,Rin1MC38
12289,RinRUT24
12290,RinIEF54
12291,RinQ1E18
12292,Rin5UY00
12293,Rin3BL55
12294,Rin6M312
12295,RinG9I46
12296,Rin5PV30
12297,Rin05W12
12298,Rin4RJ12
12299,RinT4B41
12300,RinUHC20
12301,RinLQ653
12302,Rin0NN27
12303,RinVZU00
12304,Rin8HQ25
12305,RinVIH01
12306,RinA3T44
12307,Rin7NC18
12308,Rin19109
12309,RinNRX32
12310,RinNKK27
12311,Rin5ET57
12312,RinRAW16
12313,Rin0GK28
12314,RinVV550
12315,RinPA310
12316,RinJZG18
12317,Rin2W249
12318,Rin7W354
12319,RinUIE12
12320,RinOK008
12321,RinI3J02
12322,RinNFE57
12323,RinKUK19
12324,Rin7G620
12325,RinM4027
12326,RinMKG10
12327,RinP3009
12328,RinGJS35
12329,RinBAT34
12330,RinXI817
12331,RinY1L34
12332,Rin1GE05
12333,RinRKX12
12334,RinLUC14
12335,Rin1FM44
12336,RinZ7T28
12337,RinRT302
12338,RinR0H46
12339,RinNB202
12340,Rin6SU42
12341,RinQUF23
12342,RinCRU09
12343,RinXSV02
12344,RinRZP15
12345,RinL2H17
12346,Rin7AH19
12347,RinV4F21
12348,Rin4C915
12349,RinJG139
12350,RinNLN10
12351,Rin3CO03
12352,RinVHW55
12353,RinPDF00
12354,RinPBJ37
12355,Tau03756
12356,TauGJ644
12357,TauIQJ19
12358,TauKR001
12359,Tau9DO01
12360,TauSAD31
12361,TauQW943
12362,TauDEO43
12363,Tau76M12
12364,Tau46113
12365,TauLNA30
12366,Tau22C27
12367,TauIS957
12368,Tau46A35
12369,Tau3GU54
12370,TauCJH54
12371,TauOD034
12372,TauSA733
12373,TauQLJ42
12374,TauG4V43
12375,Tau05I24
12376,TauQ1S37
12377,TauFRN25
12378,TauV7C50
12379,Tau59P28
12380,TauD2E08
12381,TauISJ39
12382,TauFAH20
12383,TauFKH56
12384,TauUW447
12385,TauZ2I35
12386,TauKB135
12387,TauFG652
12388,TauBJ647
12389,TauCMN33
12390,TauSBE17
12391,TauY5T22
12392,Tau84W11
12393,TauKBT26
12394,TauZIN03
12395,Tau6UW12
12396,TauVZ044
12397,TauA7F17
12398,TauK3Y55
12399,TauYUP27
12400,Tau9R201
12401,Tau3V905
12402,Tau6WZ12
12403,TauR5K00
12404,Tau2X108
12405,TauAII06
12406,TauTTH25
12407,Tau63Y55
12408,TauTES54
12409,TauXC026
12410,TauBKP58
12411,TauHEK57
12412,TauS9S40
12413,TauOE100
12414,TauTYH52
12415,TauQZS15
12416,TauAC136
12417,Tau6DY17
12418,Tau3H321
12419,Tau5WW48
12420,Tau2BLJ51
12421,TauP0KC40
12422,Tau1GZU58
12423,Tau6QMT13
12424,TauZSA508
12425,Tau8XVM45
12426,Tau6HL214
12427,TauY6YD20
12428,TauJ7HK15
12429,Tau8QXU49
12430,Tau7UZG37
12431,TauCSWG44
12432,Tau34GU22
12433,TauT80K48
12434,Tau6F0U15
12435,TauA7C254
12436,Tau85U020
12437,TauH82R25
12438,TauG07002
12439,TauISCM04
12440,TauB21B30
12441,TauTM0954
12442,TauL78208
12443,Tau5ZSW24
12444,TauNUV248
12445,TauCI2X47
12446,TauLAX757
12447,TauGHDM34
12448,Tau7I4M56
12449,TauH7Z745
12450,TauDGFX50
12451,Tau8WZF28
12452,TauFW6I58
12453,TauI09249
12454,TauF17Z52
12455,TauPZLC46
12456,Tau7YU435
12457,Tau52JO03
12458,TauV8WB21
12459,Tau8V5V34
12460,Tau39F105
12461,Tau6EUF00
12462,Tau8QGC08
12463,TauUKVF27
12464,TauGVAI59
12465,TauJPMZ12
12466,TauEA6M40
12467,TauLXII35
12468,Tau9EJC31
12469,TauQT3A59
12470,TauBDR816
12471,TauBFH18
12472,TauF3U10
12473,Tau1DE18
12474,TauMAI54
12475,TauGHK20
12476,Tau2XK01
12477,TauCZX13
12478,TauUWL46
12479,TauRYL18
12480,Tau02Q17
12481,TauXBM59
12482,TauCLL23
12483,Tau8H957
12484,TauGW917
12485,TauL5H32
12486,TauA7E50
12487,TauCX647
12488,TauXBO26
12489,TauRLB30
12490,Tau99M04
12491,TauQABJ01
12492,TauYYSK27
12493,Tau7PDA28
12494,TauBK7Q16
12495,TauN0Q111
12496,TauDNS056
12497,TauBB0R35
12498,TauENGN41
12499,TauYCZC23
12500,TauZ8AG49
12501,TauV0KF22
12502,TauSXPX48
12503,Tau1R5K07
12504,TauWPO604
12505,TauAGQU05
12506,TauOQ8031
12507,TauYYR120
12508,TauDLI746
12509,TauK9Q739
12510,Tau0LEC25
12511,Tau8Z2I00
12512,TauYIRN33
12513,TauGUEH21
12514,Tau2R9W11
12515,TauLT2H31
12516,TauB76207
12517,Tau14PM45
12518,Tau21KD55
12519,TauJCWU00
12520,TauBBI258
12521,TauLK4C17
12522,Tau2K6444
12523,TauOD1M04
12524,TauMSRD10
12525,TauNS9657
12526,TauI4XZ48
12527,TauPHYP31
12528,TauKF9O34
12529,TauX3SL16
12530,TauO73T26
12531,TauRBC700
12532,TauRZ7950
12533,TauVLNT50
12534,TauFKCR35
12535,Tau1Q0X11
12536,Tau4T8T42
12537,Tau2KXM32
12538,TauY0HX33
12539,Tau6BAW46
12540,Tau61OC24
12541,TauZME245
12542,TauHVKM00
12543,Tau619B07
12544,Tau0NEB35
12545,Tau4ZGC45
12546,TauOZBP28
12547,TauYBAL22
12548,Tau4WJ502
12549,Tau7TC548
12550,TauN4YQ31
12551,TauLKWQ04
12552,TauHBX109
12553,TauWX5V47
12554,TauUWWL23
12555,TauIU4524
12556,TauIQHL17
12557,TauMIEV10
12558,TauQBN456
12559,Tau7FGG06
12560,TauLZ224
12561,Tau2DS30
12562,TauJZU58
12563,Tau1WB16
12564,TauK1P56
12565,Tau08749
12566,TauWIQ10
12567,TauPZZ53
12568,TauDNW22
12569,TauUJE02
12570,TauPRW19
12571,TauL0X38
12572,TauFZF21
12573,TauL4V30
12574,TauI7V09
12575,TauNXK04
12576,TauKAW26
12577,Tau9QW23
12578,TauY1R51
12579,TauZ1C13
12580,TauXLT40
12581,TauUT952
12582,TauX2S23
12583,TauKO830
12584,TauTYY17
12585,Tau5QT52
12586,TauKQH49
12587,Tau1XF42
12588,TauAZY43
12589,Jah1IG17
12590,Jah6NX34
12591,TauHRN07
12592,TauXHL46
12593,TauEDL45
12594,Tau8X147
12595,Tau2GN33
12596,Jah2LE16
12597,TauIBY49
12598,JahR4J26
12599,TauRGK55
12600,TauMYW11
12601,TauREN12
12602,Tau3JV18
12603,TauDYBA09
12604,TauXVPN12
12605,TauFJS643
12606,TauYS4V55
12607,TauA45941
12608,TauGN5J23
12609,TauL05I03
12610,TauTHNN25
12611,TauHV7Z10
12612,TauEMFD10
12613,TauFPTB56
12614,TauFRA235
12615,TauVOMS41
12616,TauXF7V33
12617,TauLVEU45
12618,TauU2KX54
12619,TauUOLS34
12620,TauGEYP17
12621,Tau6BA844
12622,TauDX2920
12623,Jah0HV35
12624,Jah0ZQ10
12625,TauBG555
12626,TauVGA18
12627,Tau2GUD33
12628,TauHQ6O01
12629,Tau9K8Y23
12630,TauFTQ502
12631,Tau5MFH36
12632,Tau4FFQ08
12633,Tau04D932
12634,TauXGIF18
12635,Tau5I9508
12636,TauOHF620
12637,Tau4S1748
12638,TauHTVY07
12639,Tau0QRC39
12640,Tau9K0W15
12641,Tau94BX33
12642,Tau3T3641
12643,TauSPA613
12644,TauAP5L43
12645,Tau1DQ145
12646,TauI4FV02
12647,Tau619Q58
12648,TauSHMO12
12649,Tau3T3009
12650,TauKHPY36
12651,TauCVKN34
12652,TauCY2M56
12653,TauF0RA24
12654,Tau5SUK36
12655,TauH0FJ30
12656,Tau2TB623
12657,Tau9W6E20
12658,Tau3LH000
12659,TauR8XM25
12660,Tau8KWD34
12661,TauT9T222
12662,C-TauUYSCV54
12663,C-TauQAN3J17
12664,C-TauVNM4C14
12665,C-TauK2ZQF59
12666,C-Tau9QSS531
12667,C-TauHUAKD36
12668,C-TauBMRHW37
12669,C-TauTCZHM52
12670,C-TauCFQS329
12671,C-TauVLZ2R47
12672,C-TauUK41E04
12673,C-TauM94R823
12674,C-TauHNTCW22
12675,C-TauFFV7E49
12676,C-TauPW8WU44
12677,C-TauB58QD51
12678,C-TauGP3N241
12679,C-TauOR77T41
12680,C-TauV32XQ28
12681,C-TauC19SQ52
12682,C-Tau25RAA26
12683,C-TauLN5A343
12684,C-TauU7EY657
12685,C-TauUHCXX38
12686,C-Tau2W3KO58
12687,C-Tau8WQEC37
12688,C-TauZ3VMX41
12689,C-Tau4399549
12690,C-Tau8JYLS42
12691,Sab4ID10
12692,SabL1Z57
12693,Sab5G316
12694,SabWMJ51
12695,Sab63A27
12696,SabXQD25
12697,SabV6S00
12698,Sab4WK15
12699,SabN2816
12700,SabF5J54
12701,SabFML08
12702,SabYM439
12703,SabF3336
12704,Sab14829
12705,SabI5020
12706,SabDWN11
12707,SabCCJ06
12708,Sab21O40
12709,Sab31Y57
12710,SabQ9E13
12711,Sab53L26
12712,Sab7OO24
12713,SabVPQ57
12714,Sab2K708
12715,SabLX438
12716,SabPT659
12717,SabPIJ33
12718,SabUUD37
12719,SabDRW59
12720,Sab8L948
12721,SabHE303
12722,SabECL59
12723,SabRUY04
12724,Sab4XH10
12725,SabB0436
12726,Sab4RU26
12727,SabKZO11
12728,SabJJX02
12729,Sab5RR49
12730,SabOD138
12731,SabCFH53
12732,SabD3037
12733,Sab8HP40
12734,SabCCC40
12735,Sab7Q832
12736,SabJGJ31
12737,SabLNC05
12738,Sab7QP53
12739,SabE0B08
12740,SabM7F18
12741,Sab5EE10
12742,SabL5L22
12743,SabNTZ52
12744,KauHZ542
12745,SabAX536
12746,SabDA234
12747,Sab7AI06
12748,Sab6EC34
12749,SabM0V22
12750,SabFH819
12751,SabGR301
12752,SabKD444
12753,SabOBI14
12754,Sab15321
12755,SabBIT19
12756,Sab0J102
12757,SabVBF11
12758,SabRUY01
12759,Sab96559
12760,SabJ3I02
12761,Sab8HU57
12762,SabXA323
12763,SabLDB16
12764,SabW6U24
12765,SabKQK00
12766,SabC0D03
12767,SabFBA07
12768,SabQU918
12769,SabRIC02
12770,SabT6O44
12771,SabZQE18
12772,SabQO734
12773,SabT4019
12774,SabFAO52
12775,Sab33I12
12776,SabH8L29
12777,SabFUX31
12778,SabUTA46
12779,SabYC524
12780,SabW7U00
12781,Sab5FH27
12782,SabLMD08
12783,Sab0VA08
12784,SabPHH33
12785,SabG3H38
12786,SabAYE22
12787,Sab03917
12788,SabHJ205
12789,Ika1OV06
12790,SabODC19
12791,SabZXQ14
12792,Sab2XC08
12793,SabBGA48
12794,SabMM355
12795,SabEMD23
12796,SabFTO07
12797,Sab9R437
12798,Sab97J42
12799,Sab4PA00
12800,MigI7DR16
12801,MigP85N49
12802,MigF5L719
12803,Mig3BDY06
12804,MigC34D31
12805,Mig4KSN54
12806,MigQ1V021
12807,MigBRCZ07
12808,Jah1GWE58
12809,Mig2JOM26
12810,MigP5GS11
12811,MigJ3LI08
12812,MigLZ3Y02
12813,Mig0CQR25
12814,MigN2GQ51
12815,Jah1PUL05
12816,MigAN7Z09
12817,MigZ86C43
12818,C-Jah6GBB034
12819,C-JahGKSHL42
12820,C-Rin09AAT18
12821,C-Jah139YL04
12822,C-JahG3JQS14
12823,JahKKOU01
12824,JahN4626
12825,BwaUAC58
12826,BwaKP111
12827,KujBJ646
12828,BwaSNR29
12829,Bwa80N08
12830,Bwa1NV06
12831,Bwa33932
12832,BwaE6710
12833,BwaM6I31
12834,BwaG7214
12835,BwaBZ233
12836,Bwa5GP44
12837,Bwa7QT57
12838,BwaHBK05
12839,Bwa2H507
12840,BwaK5G48
12841,BwaX7D37
12842,BwaVK901
12843,Bwa9PF27
12844,Bwa8J035
12845,BwaOFG40
12846,BwaPXA32
12847,Bwa08350
12848,Bwa7O146
12849,BwaDRH57
12850,BwaZQY34
12851,Bwa95R08
12852,BwaGRK49
12853,C-AbaQUFKR06
12854,MunSOE22
12855,MunLB217
12856,Mun7B821
12857,MunG4A00
12858,Mun0PD20
12859,MunPFO42
12860,Mun3D515
12861,MunR3W54
12862,MunKDM18
12863,Mun8YI56
12864,Mun96327
12865,Mun29N29
12866,MunK3L15
12867,Mun77T29
12868,MunF8F13
12869,MunAVE55
12870,MunQD518
12871,Mun5O954
12872,Mun5FC05
12873,MunL5D21
12874,MunXLZ44
12875,MunYT108
12876,Mun5VP32
12877,MunP7N45
12878,MunMBC12
12879,MunNVF44
12880,MunF7916
12881,MunWL834
12882,MunOF311
12883,Mun6DN21
12884,MunB3B39
12885,MunQTW14
12886,MunE3M50
12887,Mun0G103
12888,C-AbaXQB5V54
12889,C-Aba1GZL339
12890,C-AbaR81KW38
12891,C-AbaM4AF044
12892,C-Aba5VF8V12
12893,C-Aba8X2XV39
12894,C-AbaNHAM736
12895,C-Aba52ZFW52
12896,C-AbaKQDEY26
12897,C-AbaDKQLJ45
12898,C-AbaXX8K254
12899,C-AbaBIYLS48
12900,C-AbaBAKBH01
12901,C-AbaFCN1717
12902,C-AbaD4TR209
12903,C-Aba2HN2624
12904,C-Aba3V6HF37
12905,C-AbaY9KQT19
12906,C-AbaQ61CL03
12907,C-AbaT86TI03
12908,C-AbaEGE4X32
12909,C-AbaL3EXN33
12910,C-AbaWG5M856
12911,C-Aba963HO47
12912,C-AbaMYTWL12
12913,C-AbaRM9LZ47
12914,C-Aba7NO0119
12915,C-AbaR20WM12
12916,C-AbaB20IF07
12917,AbaY7034
12918,AbaB90Q12
12919,Aba711U33
12920,AbaQ56S49
12921,AbaM1CT19
12922,AbaACJ652
12923,AbaOTM36
12924,Aba5KF02
12925,AbaG6AI30
12926,AbaSEV720
12927,Aba6ARL24
12928,AbaZNSA54
12929,Aba2N7T47
12930,AbaC7ZS43
12931,AbaFTI759
12932,AbaIG5G44
12933,AbaBCN43
12934,AbaQPG01
12935,AbaNDD339
12936,AbaBL4V14
12937,AbaERBI03
12938,AbaRZ0L59
12939,AbaHV8K57
12940,AbaU23B44
12941,Aba9TK238
12942,AbaJTJX33
12943,AbaV7HA24
12944,Aba1YRS52
12945,AbaN5JT24
12946,AbaETKC07
12947,AbaH50X33
12948,AbaK55030
12949,AbaPRD809
12950,AbaNUL327
12951,AbaNH4G52
12952,Aba5O9S43
12953,C-Aba930CI43
12954,C-Aba4R2MB33
12955,C-AbaZIVHV48
12956,C-AbaBMTBL32
12957,C-AbaCWDBH20
12958,C-Aba0LZKD32
12959,C-Aba01K3930
12960,C-AbaUBFKK53
12961,C-AbaB1WP939
12962,C-Aba05I3T31
12963,C-AbaN4GSF19
12964,C-Aba4IJWK35
12965,C-Aba1TSZZ51
12966,C-AbaO9B4234
12967,C-Aba7Q3AA04
12968,C-Aba0PIVA57
12969,C-AbaLGPS313
12970,C-Aba1KKLL42
12971,C-AbaVG8ZN49
12972,C-AbaKTUUE23
12973,C-Aba3NSY302
12974,C-AbaG5ZXC04
12975,C-Aba9JMLK39
12976,C-Aba7965N16
12977,C-Aba36V4L33
12978,C-Aba3QMR745
12979,Aba0SEM43
12980,AbaIK7A10
12981,AbaBH6Z52
12982,AbaAIAR12
12983,AbaA70P39
12984,AbaF1B720
12985,AbaLTNW41
12986,Aba43RH58
12987,Aba3Z1P27
12988,AbaSLPB57
12989,AbaHNRO25
12990,Aba4Y9736
12991,AbaKBVZ07
12992,Aba1DM936
12993,Aba2M1054
12994,AbaQSSR25
12995,Aba059X31
12996,AbaPBOK40
12997,AbaWQI01
12998,Aba61128
12999,AbaGYH36
13000,AbaSWF26
13001,AbaIM035
13002,C-KujETIX130
13003,KujRLT25
13004,KujFKU33
13005,Kuj6BS151
13006,Kuj7U2L40
13007,KujNUWC36
13008,Kuj2AH58
13009,KujGEA34
13010,KujMUI11
13011,KujP1LG18
13012,Kuj5UFT00
13013,KujBIB346
13014,KujWG3011
13015,KujKF9C53
13016,KujY64T25
13017,KujDON735
13018,KujU7SX55
13019,Kuj458L34
13020,KujX55J06
13021,KujBDGR24
13022,KujFWKA54
13023,Kuj7DTB19
13024,Kuj81K34
13025,Kuj6YW00
13026,KujQQM31
13027,KujZ6833
13028,KujQJ128
13029,C-KujF6F9913
13030,C-Kuj0CXN320
13031,C-Kuj84RA331
13032,C-Kuj3KY9A34
13033,C-Kuj0LJ3Z46
13034,C-KujL3H7H59
13035,C-Kuj6LFL539
13036,C-KujM181W51
13037,C-KujIWTSZ26
13038,C-KujY6ZM632
13039,C-KujISWDC38
13040,C-KujDWA3N25
13041,C-Kuj4ZA0D32
13042,C-Kuj55Y1224
13043,C-KujVUJJJ57
13044,C-Kuj7OCEM35
13045,C-KujKQR4D29
13046,C-Kuj3NMW307
13047,C-Kuj6A8AI47
13048,C-KujHZYIA19
13049,C-Kuj1PTQX34
13050,C-KujJ0U0Q09
13051,C-Kuj0JKZ744
13052,C-Kuj4BAIT17
13053,C-KujU6RCS51
13054,C-Kuj4SG0I56
13055,C-Kuj4X18O22
13056,C-KujP9SHT42
13057,C-Kuj1XBHY51
13058,C-KujMRBYT51
13059,C-KujDP95C27
13060,C-GwaTXBT228
13061,C-Kuj6ZRDA20
13062,C-Kuj933JV40
13063,C-KujJ5SQW35
13064,C-KujSV1VX49
13065,C-Kuj0BNX506
13066,C-KujBB4YV26
13067,C-KujWGQDZ30
13068,C-Kuj7IKDV21
13069,C-KujYBVNI04
13070,C-Kuj355KP30
13071,C-KujBHAOW47
13072,C-Kuj3TPPT06
13073,C-KujK4ZXQ10
13074,C-KujZ4GRQ50
13075,C-KujDIKHU09
13076,C-KujPGE8136
13077,C-KujLSJBH03
13078,C-KujXJ5C539
13079,C-Kuj0L66D10
13080,C-KujQN7OD03
13081,C-KujUEPW112
13082,C-KujA820T58
13083,C-KujOLGQ932
13084,C-KujY4MSZ11
13085,C-KujAHCW332
13086,C-KujFU21655
13087,C-KujDWTZG17
13088,C-Kuj67R1638
13089,C-KujAXA1949
13090,KujUR4V54
13091,KujNUOR52
13092,KujX1MY47
13093,KujW8LY57
13094,KujHJ3C12
13095,Kuj3NRC13
13096,Kuj88ZN50
13097,KujJ4TD09
13098,KujJN8M15
13099,KujUE8U34
13100,KujBFJF06
13101,KujD8JA32
13102,Kuj9L8O00
13103,KujGUCW30
13104,KujMG8652
13105,KujSK0112
13106,KujF4BZ14
13107,Kuj9ODY11
13108,KujZAZZ55
13109,Kuj4BMK27
13110,Kuj581T19
13111,KujVECY06
13112,KujZXGS48
13113,Kuj0J4R04
13114,KujDEX745
13115,KujFR5313
13116,KujWLE813
13117,KujRX3133
13118,KujY1MG31
13119,Kuj9XFN52
13120,Kuj73MJ50
13121,KujLVNE41
13122,KujQRYP28
13123,Kuj1K5L00
13124,KujLCS36
13125,C-Kuj45P6440
13126,C-KujRI5V345
13127,KujGTJI10
13128,KujJ0DZ13
13129,KujL84T34
13130,KujJRLE47
13131,Kuj0WWP27
13132,KujPXZL23
13133,KujUR7T09
13134,Kuj3CKM43
13135,KujRA9O04
13136,KujBOCY13
13137,KujU1QI33
13138,KujXQND08
13139,KujQ0KF44
13140,KujHN9248
13141,C-KujBXGHN27
13142,C-Kuj98GZ533
13143,C-KujEZ8DF23
13144,C-KujJYAWG24
13145,C-KujCYRGV43
13146,C-KujM0AP323
13147,C-KujYRB7402
13148,C-Kuj5C1IA19
13149,C-KwaZ7GLV39
13150,C-Kwa5NYBD35
13151,C-KwaKEE5T42
13152,C-KwaMLOR107
13153,C-KwaKV2P410
13154,C-Kwa77CHZ08
13155,C-KwaTUUA237
13156,C-KwaRW6DJ44
13157,C-KwaC8O5936
13158,C-KwaCVQ0L50
13159,C-KwaFBHFG14
13160,C-KwaE1AQG12
13161,C-KwaV9LGI04
13162,C-KwaQ0R6A38
13163,C-Kwa0LNFI59
13164,C-Kwa822AV48
13165,C-KwaZMDHR08
13166,C-KwaAXEY126
13167,C-Kwa6X1K736
13168,C-KwaFN7T042
13169,C-KwaE3R2S29
13170,C-Kwa9GI0O07
13171,C-KwaWE6MX29
13172,C-KwaAMH7124
13173,C-KwaL7N5100
13174,C-Kwa1BJDK57
13175,C-KwaUK6LB52
13176,C-Kwa3C4FQ51
13177,C-KwaDNIEH55
13178,C-Kwa4ERG012
13179,C-KwaACEP028
13180,C-Kwa0E7C125
13181,C-KwaXBB7J38
13182,C-Kwa5IIEY11
13183,C-Kwa1DBW743
13184,C-KwaK750B46
13185,C-KwaL2S2J05
13186,C-Kwa393KZ21
13187,C-Kwa30YDF54
13188,C-KwaPWU7D08
13189,C-KwaI19CA28
13190,C-KwaIPD4456
13191,KwaCLF200
13192,KwaVZSD05
13193,KwaLU2413
13194,KwaQA0N07
13195,Kwa4NYK57
13196,KwaC95D14
13197,Kwa0RUX49
13198,KwaZ3Y224
13199,KwaP9W427
13200,KwaBGTO46
13201,KwaDOY723
13202,KwaGYHY52
13203,KwaI7R06
13204,KwaNU946
13205,Kwa5W553
13206,KwaJCQ48
13207,KwaIF342
13208,Kwa66B04
13209,KwaQOT28
13210,KwaK5E17
13211,KwaO0PS53
13212,KwaNJ0Y10
13213,Kwa9TYS08
13214,KwaT74G16
13215,Kwa9R5X51
13216,Kwa6L0R10
13217,KwaGOYA26
13218,Kwa6BCG54
13219,KwaEQ7004
13220,KwaZ6ZG51
13221,KwaZSHE54
13222,KwaCFE453
13223,Kwa0HF206
13224,KwaXLC452
13225,KwaB11D58
13226,Kwa9HNL11
13227,Kwa9T9V09
13228,Kwa7AIU06
13229,KwaLJJY23
13230,Kwa8SC840
13231,BwaTZXV59
13232,AbaE2SS34
13233,Kwa59SK46
13234,KwaJES003
13235,Kwa1TK918
13236,KwaVYU237
13237,KwaTLHB39
13238,KwaB0FI33
13239,KwaRN8034
13240,KwaLNQO47
13241,KwaVDZ823
13242,Kwa81N725
13243,Kwa1ADL04
13244,KwaWKM645
13245,KwaRLLZ01
13246,KwaRW8Z33
13247,Kwa9FIA45
13248,Kwa22M307
13249,Kwa4PIF16
13250,KwaYMTX39
13251,C-KwaLENK843
13252,C-KwaSQ9P844
13253,C-KwaV2VVB48
13254,C-KwaFFIK829
13255,C-KwaXE4D010
13256,C-KwaW4O4348
13257,C-KwaV1K5640
13258,C-Kwa6L7UK43
13259,C-KwaGXPPQ14
13260,C-Kwa1T65C49
13261,C-KwaDRM1D47
13262,C-Kwa8OJHS22
13263,C-KwaSRFKG16
13264,C-Kwa6H8GE21
13265,C-KwaQNCNK12
13266,C-KwaI71OE53
13267,C-KwaI09R022
13268,C-Kwa5ZOK141
13269,C-KwaTVSFU39
13270,C-KwaWAIZI37
13271,C-KwaV9UZF52
13272,C-KwaEQ01B28
13273,C-KwaIV0XI53
13274,C-KwaT0KRP49
13275,C-KwaD2FWL21
13276,C-KwaFJHZW21
13277,C-KwaECUN538
13278,C-KwaOIA2W04
13279,C-KwaYUCMV07
13280,C-KwaER2BR14
13281,C-KwaNIJBG46
13282,C-Kwa6C6ON56
13283,C-KwaOUYX212
13284,C-Kwa5H90A11
13285,C-KwaDRNJS44
13286,C-Kwa8M0TS05
13287,C-Kwa2VXLL44
13288,C-KwaC8NTF30
13289,C-KwaXO0VH04
13290,C-KwaEBBYG10
13291,C-KwaUR9N822
13292,C-KwaLIO3K10
13293,KwaRB317
13294,KwaWI0N13
13295,KwaZOC005
13296,KwaOOUL02
13297,KwaDZEI29
13298,KwaKHXS09
13299,KwaSB6K27
13300,KwaGPMH48
13301,KwaOB2J22
13302,KwaKX0V51
13303,Kwa53G652
13304,KwaE0BJ55
13305,KwaNXHV07
13306,Kwa2C0131
13307,KwaZGDX27
13308,KwaXZL720
13309,Kwa363P23
13310,Kwa9NDQ58
13311,KwaNV1F00
13312,KwaA06T42
13313,KwaEM9L23
13314,KwaX7SZ24
13315,Kwa7X6055
13316,KwaQP3H34
13317,KwaBPT141
13318,KwaEUVX10
13319,KwaFD4B48
13320,KwaIYYX13
13321,KwaXQZI56
13322,KwaHZPQ20
13323,KwaRIJG17
13324,KwaKQSQ54
13325,KwaG1T137
13326,KwaRV2H48
13327,KwaLBLG14
13328,KwaA0BG00
13329,KwaDLAL28
13330,KwaRFBZ11
13331,KwaRUZ939
13332,KwaLHE800
13333,KwaV71A40
13334,KwaEIQ422
13335,KwaAY5U09
13336,KwaRQ0R27
13337,KwaCEUF54
13338,KwaCQIN36
13339,Kwa8N3254
13340,KwaX61L17
13341,Kwa6CEW09
13342,KwaZL2I18
13343,Kwa9RA029
13344,KwaCFDI20
13345,KwaP4SZ12
13346,Kwa60J421
13347,KwaOP4924
13348,KwaUURG49
13349,KwaWKUW41
13350,KwaDQUM05
13351,GwaIIJO14
13352,GwaATW845
13353,GwaEIHN08
13354,GwaAZKR51
13355,Gwa28SQ58
13356,GwaO90B23
13357,Gwa4NR150
13358,GwaW3IV52
13359,Gwa2PKA09
13360,GwaQM0E01
13361,GwaV3CK32
13362,GwaXO2226
13363,GwaDKUM30
13364,GwaL0GC52
13365,GwaFYY230
13366,GwaD7AR56
13367,GwaLOH929
13368,Gwa5W2644
13369,Gwa00CI13
13370,Gwa9ML728
13371,GwaBGJW34
13372,GwaAJA750
13373,Gwa7T3U12
13374,GwaSVHX45
13375,Gwa58QO16
13376,GwaVUGM12
13377,GwaK0QE18
13378,GwaUS7658
13379,GwaWTOX23
13380,GwaRR5W42
13381,GwaUJDX05
13382,GwaGICL19
13383,GwaGF8453
13384,GwaZ8AB53
13385,GwaYR6Z42
13386,GwaJ7KK29
13387,GwaTVWS29
13388,Gwa67A740
13389,Gwa2TTS11
13390,GwaSUJ325
13391,GwaSS143
13392,GwaYKE31
13393,Gwa48C08
13394,GwaA2V34
13395,GwaJMO06
13396,Gwa6F704
13397,GwaPY155
13398,GwaTUQ26
13399,Gwa30IZ58
13400,GwaQPQB22
13401,GwaW7X036
13402,GwaP4VJ29
13403,GwaWVM048
13404,Gwa42NK17
13405,GwaL5TX30
13406,GwaNY9P16
13407,GwaVAW11
13408,GwaW4547
13409,Gwa9AX02
13410,C-GwaI65MA43
13411,C-GwaBFG8W44
13412,C-GwaPYK7823
13413,C-GwaBON7V15
13414,C-GwaS4PG140
13415,C-Gwa294J602
13416,C-GwaQI8IK08
13417,C-GwaIE0J843
13418,C-GwaIG97L48
13419,C-GwaECV5X05
13420,C-GwaEHV6W17
13421,C-Gwa4RIPI46
13422,C-Gwa87QO038
13423,C-GwaPW8MH19
13424,C-GwaQWQ1K15
13425,C-GwaHTC4528
13426,C-GwaQ2WAY13
13427,C-GwaKH3VH41
13428,C-Gwa5PL9018
13429,C-GwaTT97D11
13430,C-GwaEB8O416
13431,C-GwaH3ZSO36
13432,C-GwaU9WIJ03
13433,C-GwaXFWYT34
13434,C-GwaTM0CI36
13435,C-GwaRET2Q11
13436,C-Gwa8M9QN54
13437,C-GwaWTAD448
13438,C-Gwa2V2S054
13439,C-Gwa40TX411
13440,C-GwaQLV4E14
13441,C-Gwa3JTBR05
13442,C-GwaICAUP14
13443,C-Gwa95ENK22
13444,C-Gwa1N54P52
13445,C-GwaH0Q3450
13446,C-GwaC20KI29
13447,C-GwaVUNUS51
13448,C-GwaW2KNN10
13449,C-GwaNTMBY37
13450,C-GwaAUCAE43
13451,C-GwaEUYUL02
13452,C-GwaJ6VLL05
13453,C-GwaDM26S13
13454,C-GwaG5SBS00
13455,C-GwaF4XT635
13456,C-GwaSNDTJ51
13457,C-Gwa9YM8K41
13458,C-GwaZ8TIS08
13459,C-GwaF6OM450
13460,C-GwaAAV1926
13461,C-Gwa2OL9O13
13462,C-GwaSCFFN22
13463,C-Gwa7HBJ652
13464,C-GwaHXH7Q55
13465,C-GwaEAF2J42
13466,C-GwaZHLLU07
13467,C-GwaBLLA454
13468,C-GwaQGC2834
13469,C-GwaQFOQO48
13470,C-GwaP63V626
13471,C-GwaHZ19940
13472,C-GwaZ58YH21
13473,C-GwaQK9CG01
13474,C-GwaNYYFS48
13475,C-Gwa7JOXC38
13476,C-GwaV139M16
13477,C-GwaF623H32
13478,C-GwaCOT3V48
13479,C-GwaKW7RH39
13480,C-GwaEN0LC23
13481,C-GwaT8GD947
13482,C-GwaPLQFD31
13483,C-Gwa7HRLD03
13484,C-Gwa68B6Z52
13485,C-GwaMRJQT13
13486,C-GwaS3N2R17
13487,C-GwaY540O08
13488,C-Gwa93BBB50
13489,C-Gwa509KV23
13490,C-GwaD29ID01
13491,C-Gwa64W3Z43
13492,C-GwaWSLFV10
13493,C-GwaA08XY23
13494,C-GwaM0V2H19
13495,C-GwaQJ6YW39
13496,C-GwaQU14E33
13497,C-GwaIZ1PW37
13498,C-Gwa32VF616
13499,C-GwaFMK3K28
13500,C-GwaETQ5M23
13501,C-GwaMY2BW18
13502,C-GwaBNZ6532
13503,C-GwaVZP8W47
13504,C-GwaJCM6V04
13505,C-Gwa32EYD23
13506,C-GwaBXT2G28
13507,C-GwaOTNBW37
13508,C-GwaIWGZD27
13509,C-GwaVH8OX12
13510,C-GwaDO94K05
13511,C-Gwa3RVG130
13512,C-Gwa64M0751
13513,C-GwaFM0MU35
13514,C-Gwa41J0732
13515,C-GwaMZQKH04
13516,C-GwaUTZ3M03
13517,C-Gwa2UTWV28
13518,C-GwaHBGES23
13519,C-GwaTCHNH39
13520,C-Gwa4HD2T41
13521,C-GwaQW8P554
13522,C-GwaY4KYL01
13523,C-GwaMM0AT17
13524,C-GwaS2SUJ22
13525,C-GwaZSARM50
13526,C-GwaUOSKI57
13527,C-Gwa6PRF741
13528,C-GwaYMBKK25
13529,C-GwaJU0AR54
13530,C-GwaRRK5N07
13531,C-GwaNV6B052
13532,C-GwaX2KS443
13533,C-Gwa2BUII19
13534,C-GwaLB7D352
13535,C-GwaT2CJ655
13536,C-GwaJ437L27
13537,C-GwaZEO7J57
13538,C-GwaARH3P14
13539,C-GwaKM1SZ50
13540,C-GwaB49VS04
13541,C-GwaVRJ1242
13542,C-GwaENHLO31
13543,C-Gwa4SBRK11
13544,C-GwaAQ3ZR54
13545,C-GwaB8TU806
13546,C-GwaZ6TIY57
13547,C-Gwa0KZ3M38
13548,C-GwaIZFGG40
13549,C-Gwa9JNJU44
13550,C-GwaM12FF44
13551,C-Gwa4P7X959
13552,C-GwaDYQRP37
13553,C-GwaNCBUN33
13554,C-GwaNBPR756
13555,C-GwaC6K4746
13556,C-GwaZDJ5019
13557,C-GwaEXUL508
13558,C-GwaSBFG034
13559,C-GwaFKSV612
13560,C-GwaYP7HS58
13561,C-GwaLNBC540
13562,C-GwaP21DQ39
13563,C-GwaK9TCC34
13564,C-Gwa0WTP206
13565,C-Gwa0M9X934
13566,C-AbaHINVR00
13567,C-GwaY10O542
13568,C-GwaC3EQU08
13569,GwaMEH123
13570,Gwa8K5D22
13571,Gwa6NQK02
13572,Gwa7QI711
13573,GwaDQS552
13574,GwaMJ9730
13575,GwaZFB546
13576,Gwa976B59
13577,GwaQULV25
13578,GwaCDM605
13579,GwaG0NQ36
13580,GwaMBZI51
13581,GwaINK332
13582,GwaMIM103
13583,Gwa438F08
13584,GwaBWQ111
13585,GwaEVUW38
13586,GwaXEVR24
13587,GwaGYS159
13588,Gwa2GDQ50
13589,GwaZ8K246
13590,GwaI5BQ18
13591,GwaQ1DV43
13592,GwaPVHS06
13593,GwaXBFB05
13594,GwaZU8F56
13595,GwaFDUO20
13596,GwaE6PW10
13597,GwaZPLE29
13598,Gwa28GO29
13599,GwaAH5010
13600,GwaALEB17
13601,Gwa1L7526
13602,GwaNZQX57
13603,Gwa2AKQ30
13604,Gwa8RVP13
13605,GwaKWKV47
13606,GwaZICO00
13607,Gwa6N9916
13608,GwaDUR104
13609,GwaIDLV25
13610,Gwa84O548
13611,GwaWPUM29
13612,Gwa77WI35
13613,GwaOXOX45
13614,GwaOLHT24
13615,GwaL77531
13616,GwaQBOH26
13617,Gwa9RSW43
13618,Gwa0YQZ21
13619,Gwa4U9O50
13620,Gwa67GJ42
13621,GwaYGDD11
13622,GwaBB0444
13623,GwaUONY22
13624,Gwa8RZO02
13625,GwaONW522
13626,GwaF5SR27
13627,GwaTMAT58
13628,GwaQJRE38
13629,GwaW1SZ56
13630,GwaOUPE18
13631,Gwa93GX45
13632,GwaECNV34
13633,GwaBDXK25
13634,GwaE4EY02
13635,GwaVIPY12
13636,Gwa2W7057
13637,GwaDJPM48
13638,GwaSPUP43
13639,Gwa8DBM52
13640,GwaL36Z20
13641,Gwa4REU40
13642,GwaYFQ410
13643,GwaDQPP35
13644,GwaC7OQ47
13645,Gwa5R0323
13646,GwaHCTJ01
13647,Gwa2D6706
13648,Gwa5AAT12
13649,GwaX9AA26
13650,GwaETSW27
13651,GwaRO3239
13652,GwaMVE400
13653,GwaTYME52
13654,Gwa71WB57
13655,GwaLD2W26
13656,GwaMF3048
13657,GwaB6U456
13658,GwaBPX046
13659,GwaJDCQ38
13660,GwaG3JE42
13661,GwaGJHK52
13662,GwaASF819
13663,GwaAF2E41
13664,Gwa80C343
13665,Gwa2GA505
13666,GwaBN8937
13667,GwaR8RV40
13668,GwaMIAZ52
13669,GwaOQ5Y50
13670,GwaQ1RS35
13671,GwaVW8409
13672,GwaWMLR21
13673,GwaLNPT29
13674,GwaFV8N09
13675,GwaCKP635
13676,GwaL5U504
13677,GwaVZQ236
13678,GwaZEWP06
13679,GwaTMXP28
13680,Gwa4BCC59
13681,Gwa1BFI12
13682,GwaFR8U44
13683,GwaBB4V57
13684,Gwa7TT228
13685,GwaRR6X11
13686,GwaW4812
13687,Akk9D3A26
13688,AkkGKZB01
13689,Akk8RII25
13690,Akk96ZH50
13691,AkkI9CE55
13692,AkkDUKU05
13693,Akk110K18
13694,AkkSVRM19
13695,Akk0H5W12
13696,Akk292Q19
13697,AkkYJ5218
13698,AkkMKBZ40
13699,AkkZ8OE00
13700,Akk3S7101
13701,AkkK9OV12
13702,AkkVAIG13
13703,AkkMA2N02
13704,AkkMZ2140
13705,Akk194646
13706,AkkOTDV28
13707,Akk5JWV07
13708,AkkDZEP48
13709,Akk99XU50
13710,AkkQTO400
13711,AkkZYQV27
13712,AkkJ65T39
13713,AkkF3KF25
13714,AkkXBFJ22
13715,AkkRVIO58
13716,AkkRWXV35
13717,AkkK1T435
13718,AkkNPZA17
13719,AkkPXHK19
13720,AkkVOMU31
13721,AkkZU2X15
13722,AkkZNDX00
13723,Akk57EM00
13724,AkkQDM840
13725,AkkRI8B34
13726,AkkTCNG34
13727,AkkCKII54
13728,AkkBJ3A03
13729,AkkVC1523
13730,AkkBBMX49
13731,Akk1WM657
13732,Akk5HQT39
13733,AkkRB4U18
13734,AkkKU5301
13735,AkkUMUP30
13736,AkkC6D016
13737,AkkPKRG56
13738,AkkSJBT35
13739,AkkWNUI55
13740,AkkDYQB24
13741,Bil0UAD49
13742,Akk3ZFC04
13743,AkkY2NQ46
13744,Akk9GZI26
13745,AkkC8T840
13746,Akk13AO20
13747,AkkZLON12
13748,Akk3Y6N21
13749,Akk76SI37
13750,AkkH52348
13751,AkkTFYD38
13752,AkkPS1D38
13753,Akk3VO207
13754,AkkDI3836
13755,Akk6T4Q07
13756,AkkSTIT08
13757,AkkXVIV33
13758,Akk003E21
13759,AkkRSCA29
13760,Akk0YIB37
13761,AkkXPMO55
13762,AkkEXDB00
13763,AkkJH3Y27
13764,AkkOJJ650
13765,AkkLMHA24
13766,AkkJSRX55
13767,AkkEZ0K55
13768,AkkW3OV36
13769,AkkPYFR34
13770,AkkISD450
13771,AkkM6L353
13772,AkkRHPT27
13773,AkkRNOF10
13774,AkkYWLR52
13775,AkkZ23X03
13776,AkkHF4O13
13777,AkkXT4F51
13778,AkkP87B27
13779,Akk15Y324
13780,AkkS46I27
13781,Akk6XUP12
13782,AkkM2Z335
13783,C-Akk0KCT206
13784,C-Akk3G4U731
13785,C-Akk6UT1545
13786,C-AkkDL34O40
13787,C-Akk363G939
13788,C-AkkEDMR207
13789,C-Akk28KG500
13790,C-Akk01YXY42
13791,C-AkkHTHPY57
13792,C-Akk6806226
13793,C-AkkCM0J715
13794,C-AkkR6MP340
13795,C-Akk7R05H46
13796,C-AkkRRAHU11
13797,C-Akk7WUTN51
13798,C-Akk4PMDB03
13799,C-Akk6M7H532
13800,C-AkkDIREO50
13801,C-AkkMKAJN18
13802,C-AkkTD88805
13803,C-AkkF47A512
13804,C-AkkSZ13622
13805,C-YamU186O51
13806,C-AkkVVPP110
13807,C-AkkJG7IC57
13808,C-AkkN96YI17
13809,C-AkkVB29V22
13810,C-AkkMM80D16
13811,C-Akk7C69917
13812,C-AkkJG58A47
13813,C-Akk8OAPS40
13814,C-AkkLG4BJ02
13815,C-AkkYNNUG29
13816,C-Akk0TFZ255
13817,C-AkkDJ4OQ35
13818,C-AkkH7NSE29
13819,C-AkkRHD4355
13820,C-AkkQFQSE17
13821,C-AkkDM9GK57
13822,C-Akk91MRB01
13823,C-Akk5RTIN00
13824,C-AkkQ49BQ51
13825,C-AkkQLU2R34
13826,C-AkkBEI6S08
13827,C-AkkC8HZT12
13828,C-Akk0HG8Y17
13829,C-AkkFOG5617
13830,C-AkkLUTRA01
13831,C-AkkNPFIE08
13832,C-Akk4TD0O48
13833,C-AkkJIUIP07
13834,C-AkkQHSHT12
13835,C-Akk4BHHR20
13836,C-Akk6PEA732
13837,C-AkkF51OV15
13838,C-AkkBPFGT14
13839,C-AkkAIXX232
13840,C-AkkYC2KS45
13841,C-AkkWKA6930
13842,C-Akk6KBS314
13843,C-Akk6VIGL39
13844,C-AkkZU6WE10
13845,C-AkkF0MXV54
13846,C-AkkBZY0T21
13847,C-AkkDSIRL38
13848,C-Akk3FZ1X57
13849,C-AkkQ8MOM18
13850,C-AkkT1WLT44
13851,C-AkkX7MKX12
13852,C-AkkY5HR256
13853,C-AkkMOC9239
13854,C-Akk2V14659
13855,C-Akk8PNH841
13856,C-AkkR6GC824
13857,C-AkkZ2HP035
13858,C-AkkKZPD131
13859,C-AkkFFOAX12
13860,C-Akk4HCOX26
13861,C-AkkU19AA02
13862,C-AkkQSMQ206
13863,C-Akk491OG52
13864,C-Akk60J6P03
13865,C-AkkH3WHQ36
13866,C-Akk1J4VW56
13867,C-BilR06DJ51
13868,C-Akk6L8J340
13869,C-Akk2EGJZ54
13870,C-Akk85GQC18
13871,C-Akk3NS0P01
13872,C-Akk7M3N556
13873,C-AkkKFSGD46
13874,AkkW5ZD57
13875,Akk7RYB37
13876,AkkL3TX31
13877,AkkHSIV32
13878,AkkJQFQ16
13879,Akk2KVC13
13880,AkkAM5G59
13881,AkkIJMF52
13882,C-Akk7CLPZ48
13883,AkkOVJF55
13884,AkkT8OW08
13885,C-AkkVBTW633
13886,C-AkkOR87704
13887,C-AkkYIUBN08
13888,C-AkkCS8O138
13889,C-Akk4ER2537
13890,C-AkkAFH4G41
13891,C-AkkPHF7K01
13892,KwaS00M01
13893,Kwa8BRM50
13894,KwaDD5732
13895,KwaVAHT49
13896,Kwa042742
13897,KwaUIAB36
13898,KwaW3QV16
13899,KwaTJEF05
13900,Kwa47ER31
13901,Kwa8VT612
13902,KwaLCJI23
13903,KwaCPL014
13904,KwaC5001
13905,KwaPB442
13906,KwaBWV50
13907,KwaIUA30
13908,KwaV1A23
13909,KwaAB512
13910,KwaNAC02
13911,Kwa89Q04
13912,KwaBMU47
13913,KwaCSL30
13914,KwaSJX30
13915,KwaBVJ27
13916,KwaSRR50
13917,KwaBSQ21
13918,Kwa67C34
13919,KwaPT051
13920,KwaXUM12
13921,KwaWGP35
13922,Kwa6X914
13923,KwaPPA32
13924,KwaXUO40
13925,KwaZHF32
13926,Kwa8TP40
13927,KwaTLI10
13928,Kwa0CB19
13929,KwaA6400
13930,KwaUYY35
13931,KwaDZN18
13932,KwaLP051
13933,KwaN6E29
13934,KwaR7M52
13935,KwaERS36
13936,KwaA4M45
13937,KwaQ3C09
13938,KwaRJO06
13939,KwaPUW28
13940,KwaBL352
13941,KwaN7F08
13942,Kwa94Q05
13943,KwaIU059
13944,KwaHZX53
13945,KwaEPX31
13946,KwaNZP44
13947,KwaUPN50
13948,KwaMYX27
13949,KwaCQI56
13950,Kwa06R48
13951,Kwa40T31
13952,Kwa56B49
13953,KwaWPX03
13954,KwaZN545
13955,Kwa2XV36
13956,KwaO7M52
13957,Kwa0F121
13958,Kwa8CK05
13959,Kwa40N55
13960,KwaY5318
13961,KwaCV328
13962,KwaYGO59
13963,KwaWLT29
13964,KwaU4348
13965,Kwa02Z11
13966,KwaC2H48
13967,KwaWNN25
13968,KwaHSM59
13969,KwaKUK11
13970,KwaPXC51
13971,KwaBP608
13972,Kwa95457
13973,Kwa5SA45
13974,KwaR4S44
13975,KwaD3015
13976,KwaHWA34
13977,KwaSJP54
13978,Kwa3CF54
13979,KwaSDX42
13980,Kwa55844
13981,Kwa31624
13982,KwaG8X26
13983,KwaFDR08
13984,KwaKF723
13985,KwaHYL55
13986,Kwa77X10
13987,KwaOHB41
13988,Kwa7KR04
13989,Kwa82312
13990,Kwa3Z241
13991,Kwa0C443
13992,Kwa0KE12
13993,Kwa7J439
13994,KwaSYG23
13995,KwaH5F56
13996,KwaPWZ54
13997,Kwa01W22
13998,Kwa4IC56
13999,KwaJNJ55
14000,KwaW3526
14001,KwaB9U59
14002,KwaHV912
14003,KwaJ4Y26
14004,KwaU5541
14005,KwaWHC18
14006,Kwa6T032
14007,KwaYUI54
14008,KwaVUM10
14009,KwaUDC46
14010,KwaZFA15
14011,KwaI7048
14012,KwaRAD05
14013,KwaQME51
14014,KwaBY434
14015,KwaKYA31
14016,KwaX6T30
14017,BilTFVM19
14018,BilDZXM22
14019,Bil0IT750
14020,BilBFIW02
14021,BilV9FJ19
14022,BilGK6816
14023,BilPRQX36
14024,BilB9OG18
14025,BilSOBZ45
14026,Bil5IFI15
14027,Bil8E7O30
14028,BilG03V50
14029,BilG9TA45
14030,Bil3MRW47
14031,BilAAZR12
14032,BilMSSF02
14033,BilQ6FC55
14034,BilB7RP35
14035,BilT74R14
14036,BilSA1832
14037,BilHRB532
14038,BilM0V756
14039,BilG9V230
14040,BilPNWJ30
14041,Bil7IWA05
14042,Bil8EKR38
14043,BilY5T301
14044,BilIH1A09
14045,BilB5N120
14046,Bil6SOR51
14047,BilEBTP38
14048,BilEVSR10
14049,BilJGKF37
14050,BilA3A328
14051,BilH4RB10
14052,Bil2NVA07
14053,BilDBEP00
14054,BilLZCH37
14055,BilX2Q043
14056,BilSTCZ26
14057,BilY1VE34
14058,BilK7XX36
14059,BilY2WJ39
14060,BilIRND08
14061,Bil72OK07
14062,BilIA1U03
14063,BilYVOX38
14064,Bil8RHY34
14065,Bil5X5X02
14066,Bil3E2426
14067,Bil5T3P02
14068,BilOYOH14
14069,BilHAN832
14070,Bil8MF051
14071,BilVKPQ49
14072,BilSB4028
14073,BilO7FC47
14074,BilF4OZ13
14075,BilT1SJ41
14076,BilIR9338
14077,BilX9A047
14078,BilTXTS14
14079,Bil5NJU32
14080,BilQU9P18
14081,Bil9TD411
14082,Bil98N255
14083,Bil9BRR21
14084,BilZPWE28
14085,Bil5BCT07
14086,BilATRY20
14087,BilBYR239
14088,Bil8QJH50
14089,BilYNE228
14090,BilI1GM47
14091,BilO3MG08
14092,BilG9RU25
14093,BilAU7N22
14094,BilX7B616
14095,Bil2IG213
14096,BilIABO48
14097,BilIC1405
14098,BilJICW14
14099,BilNV7F14
14100,BilIY6K36
14101,BilSKU136
14102,BilTYOT26
14103,BilRFYP01
14104,Bil28V806
14105,BilV0NN09
14106,Bil7ZV532
14107,Bil7XME06
14108,BilLG9D17
14109,BilWU5X42
14110,BilV0A053
14111,Bil008C31
14112,BilL9B325
14113,BilHJFD02
14114,BilBWH029
14115,BilK7LZ44
14116,BilLXGQ08
14117,BilK4BO11
14118,BilNS7Q44
14119,BilZ7NV38
14120,Bil20RI56
14121,Bil1DLN49
14122,BilUPNM36
14123,BilP8UT10
14124,BilGL2Z14
14125,BilF7BD33
14126,BilAR1914
14127,BilNM7A10
14128,Bil4XE006
14129,Bil7WDV56
14130,Bil5RV541
14131,Bil06IO06
14132,BilRAWI15
14133,BilWVKT56
14134,BilB59947
14135,Bil999E06
14136,BilTB8Q41
14137,BilB2HL22
14138,BilT8A334
14139,Bil8V3N15
14140,BilMICY47
14141,BilXNBX57
14142,Bil6X3J51
14143,BilO9BV14
14144,BilM0CJ06
14145,BilEL1254
14146,BilLRAP21
14147,BilAWHO53
14148,Bil4HYZ55
14149,Bil3HCF27
14150,BilJZOV55
14151,C-BilZ73OB14
14152,C-BilYVULI33
14153,C-BilAJESW32
14154,C-BilOO36756
14155,C-BilBYIQH46
14156,C-BilD8LN936
14157,C-Bil6DZ5B50
14158,C-BilUY8OK02
14159,C-Bil7NQIJ38
14160,C-BilNZVMB58
14161,C-Bil6IAQN17
14162,C-BilX2SPR19
14163,C-BilRPYV215
14164,C-BilWXA8S22
14165,C-BilGNDM012
14166,C-Bil4LD1Q03
14167,C-BilUBISG40
14168,C-BilW13PJ28
14169,C-BilAEYIZ09
14170,C-BilTIP8G57
14171,C-BilWXQZV09
14172,C-Bil1OC9A58
14173,C-BilT10NU17
14174,C-BilEESN929
14175,C-BilZAW4529
14176,C-BilMABK509
14177,BilSDFS52
14178,Bil7ANP56
14179,BilO49X04
14180,BilI1KR01
14181,Bil6STJ52
14182,BilMKNP12
14183,BilETVP28
14184,BilPD6A09
14185,BilTOZH46
14186,BilOGCB42
14187,BilWM7W00
14188,BilO0A726
14189,BilS0G816
14190,BilIVVR25
14191,BilRBG158
14192,Bil3EP217
14193,BilO9X908
14194,BilT61G49
14195,Bil7EP340
14196,C-BilI45WT22
14197,Bil8UEW45
14198,Bil92E530
14199,KalSH843
14200,KalOCG26
14201,KalIRF50
14202,KalU0V00
14203,C-Kal9RQ0L47
14204,C-KalGE26205
14205,C-KalI7YOC15
14206,C-KalEA2MP30
14207,C-KalY8BDQ09
14208,C-Kal4RD4311
14209,C-KalRA8NS54
14210,C-KalMSZ1L02
14211,C-Kal534ZY39
14212,C-KalW91NU27
14213,C-KalA5LAW33
14214,C-KalKCSEC25
14215,C-KalT8L2Z04
14216,C-Kal6LV0Z22
14217,C-KalRSTIQ19
14218,C-Kal1DFI006
14219,C-Kal6NQEQ34
14220,C-KalBR9IS51
14221,C-Kal941L907
14222,C-Kal63ZHX15
14223,C-KalN85X703
14224,C-KalRKV7216
14225,C-KalLFRPV41
14226,C-KalYQNIM33
14227,C-KalOXA6O26
14228,C-KalG61M841
14229,C-KalBEONQ02
14230,C-Kal1IPTM30
14231,C-KalSVZ1844
14232,C-Kal5AIWW55
14233,C-KalEQY2J03
14234,C-KalTGZIN46
14235,C-KalW8D7R56
14236,C-Kal8STU428
14237,C-KalYPQO022
14238,C-KalG3XNS25
14239,C-Kal15I6J14
14240,C-Kal6GKV331
14241,C-KalCZ8M328
14242,C-KalVQ2TN25
14243,C-Kal30IVQ40
14244,C-Kal3FKND43
14245,C-KalKFNUG11
14246,C-KalKISKN37
14247,C-KalRS78C00
14248,C-KalXILWO16
14249,C-Kal3OMEX16
14250,C-KalKFQ5S45
14251,C-KalK8SEJ43
14252,C-KalUVKWI18
14253,C-KalO6DBX19
14254,C-KalCUYEC22
14255,C-Kal8WFW736
14256,C-KalCZT8629
14257,C-KalTS8JM17
14258,C-KalWBA7K32
14259,C-Kal1A9PV03
14260,C-KalGWHVB58
14261,C-KalCSK6I54
14262,C-KalKN80237
14263,C-KalP3RCX15
14264,C-KalKRINF11
14265,C-KalVA23G19
14266,C-KalH4R7I35
14267,C-KalPOOQF18
14268,C-KalHT45C04
14269,C-KalTT8J125
14270,C-KalG7QVB43
14271,C-KalS4OEE17
14272,C-Kal3DRWX43
14273,C-KalK6H4029
14274,C-Kal29DBT20
14275,C-KalGH50O39
14276,C-KalWHOC837
14277,C-KalIIR2A49
14278,C-Kal3S2V528
14279,C-KalEY7C131
14280,C-KalXHK7133
14281,C-KalMI7BN03
14282,C-KalJZD5A46
14283,C-KalYUWVV26
14284,C-KalAMF9Y54
14285,C-Kal1HZ6V10
14286,C-KalBZVS511
14287,C-KalG9DLX49
14288,C-KalMFOB519
14289,C-KalDSXXK41
14290,C-Kal50IOS26
14291,KalR06K59
14292,KalOKUH03
14293,Kal6N2431
14294,KalH5UD58
14295,KalAAAD46
14296,KalGS5D02
14297,KalH4AI31
14298,KalADCB10
14299,KalAU0A53
14300,KalBT7G48
14301,Kal94KQ33
14302,Kal58WJ26
14303,KalJUV415
14304,KalUV1U44
14305,KalGCIV55
14306,KalAGKZ50
14307,KalGFL717
14308,KalXCLQ31
14309,Kal08KS49
14310,KalW41E16
14311,KalBIM706
14312,KalEY4Z56
14313,Kal6NKF42
14314,Kal4NE527
14315,KalK20B48
14316,KalY9KN57
14317,KalJP2G31
14318,KalLNRY14
14319,KalQT8W17
14320,Kal07JI45
14321,KalMUO735
14322,KalLZWU07
14323,KalT49010
14324,KalAKTC46
14325,Kal4ZV812
14326,KalRUNK48
14327,KalVHYU01
14328,KalFW8I43
14329,KalEMK335
14330,KalC3VD12
14331,Kal6J3458
14332,KalPHSY29
14333,Kal7RUO27
14334,KalZFC757
14335,KalK57D51
14336,Kal823605
14337,KalUAH423
14338,KalJZLL50
14339,KalRFIH02
14340,Kal0BJ530
14341,KalV1AJ30
14342,KalWHNQ39
14343,KalZH2O22
14344,Kal06ZQ16
14345,KalMKET23
14346,Kal8EBX22
14347,KalHWKO21
14348,Kal3AKH12
14349,KalQO7M28
14350,KalC70J57
14351,KalCMQE26
14352,KalEXP117
14353,Kal1WG525
14354,KalUMJ208
14355,KalJ3XO14
14356,KalV56141
14357,Kal2OOL54
14358,Kal93H848
14359,KalNJ7W48
14360,Kal68F449
14361,KalTGNT43
14362,KalP1N941
14363,KalN1YS36
14364,KalYEOP40
14365,KalL8Y918
14366,KalKWTX53
14367,KalXJQR43
14368,KalGW2V50
14369,KalJX0W22
14370,KalYFC137
14371,Kal4YCT58
14372,KalHXCQ48
14373,KalBNNI10
14374,KalK1PX07
14375,KalCRTG21
14376,KalM9T300
14377,KalYC7X29
14378,KalJBAG38
14379,KalGCOY13
14380,KalRBNS45
14381,Kal5BP729
14382,KalVPKO22
14383,KalYTWG04
14384,KalIT6Q50
14385,KalMTY222
14386,KalWC8A26
14387,KalV0OI28
14388,KalBMGY38
14389,KalQ85423
14390,KalZNZ018
14391,KalUTA409
14392,KalGUOO32
14393,Kal97D854
14394,KalQ83344
14395,KalR5S026
14396,KalWZ9Z26
14397,KalA88O30
14398,KalMT2S08
14399,KalL5UP02
14400,KalIC5Y37
14401,KalP8YG06
14402,KalAE6629
14403,KalFFB611
14404,C-YamQHFRB08
14405,C-Yam2Y7FE49
14406,C-Yam5MGHN17
14407,C-Yam9434B28
14408,C-Yam7K02349
14409,C-Yam0VXHG00
14410,C-YamTP8S542
14411,C-YamGLGE744
14412,C-YamMKC9Y01
14413,C-YamY2MV755
14414,C-YamHEMCD42
14415,C-YamS0BY121
14416,C-Yam7QWKX10
14417,C-YamJXKN713
14418,C-Yam9SPTG01
14419,C-Yam2EEAE24
14420,C-YamWOVZJ44
14421,C-YamEZJIB16
14422,C-YamO4AIT57
14423,C-Yam7FW3M15
14424,C-YamMNAKN58
14425,C-YamIH2SU24
14426,C-Yam0LTYX08
14427,C-YamW6LHR31
14428,C-YamT0SIG54
14429,C-YamA5IMZ50
14430,C-Yam0PY3X37
14431,C-Yam2C3U159
14432,C-YamEWU5L55
14433,C-YamV4AA735
14434,C-YamKG0W812
14435,C-YamOF0BZ23
14436,C-YamX090X30
14437,C-YamLM0X341
14438,C-YamLDOXG07
14439,C-YamA7CSC14
14440,C-YamE1RKO30
14441,C-YamH03TU21
14442,C-Yam3XFFP25
14443,C-Yam68DI044
14444,C-Yam2P4QP00
14445,C-YamHT4PQ12
14446,C-YamHVBWB43
14447,C-Yam7V4UC37
14448,C-YamGW34Z24
14449,C-YamYGWAA32
14450,C-YamOQNEW35
14451,C-Yam0PYNX37
14452,C-YamH0X0T51
14453,C-YamCER3734
14454,C-Yam9EGYJ41
14455,C-YamNC39711
14456,C-YamN4QG413
14457,C-Yam6B0LU11
14458,C-YamMWQJE00
14459,C-YamL999J35
14460,C-YamDFVWM08
14461,C-YamN3HUC18
14462,C-YamHUUTZ58
14463,C-YamJEJJI33
14464,C-Yam49MAF06
14465,C-YamC3IFG35
14466,C-YamAFXJ250
14467,C-YamUKSLC44
14468,C-Yam69A1727
14469,C-Yam2JTZA06
14470,C-YamV35US49
14471,C-YamFF8YS07
14472,C-YamJZGUD31
14473,C-YamTH7OJ11
14474,C-YamLD8IH12
14475,C-YamVRBR755
14476,C-Yam154QV56
14477,C-YamZJOYC29
14478,C-YamKTU1K41
14479,C-YamOQZYK43
14480,C-YamM6I8138
14481,C-YamTYK6122
14482,C-YamQEU7C13
14483,C-YamFR9IK18
14484,C-YamWRAER51
14485,C-YamNV5EL10
14486,C-Yam9ZUGB35
14487,C-Yam7ML7035
14488,C-YamYJEMM34
14489,C-YamUM96111
14490,C-YamVB7VD52
14491,C-YamS7GHR13
14492,C-Yam6DBBK35
14493,C-Yam89W5306
14494,C-YamNYQU510
14495,C-YamRAHLC32
14496,C-Yam5AQ2L06
14497,C-YamX0J4W09
14498,C-YamL7WVQ03
14499,C-Yam21WG243
14500,C-Yam8UCFK16
14501,C-YamSJW6O49
14502,C-Yam1WQWD00
14503,C-YamZO9E720
14504,C-Yam869T454
14505,C-YamM3G5R54
14506,C-YamITC9D43
14507,C-YamT1ZH536
14508,C-YamCJW7I12
14509,C-Yam76XL131
14510,C-YamSS9EQ53
14511,C-YamF1AD953
14512,C-YamOZLDW03
14513,C-YamSYGMM52
14514,C-YamOPEU818
14515,C-YamP8EH100
14516,C-YamGDBMJ15
14517,C-YamX0O5V54
14518,C-YamP843437
14519,C-YamXG3AK47
14520,C-YamYQDYD00
14521,C-YamRD4WE58
14522,C-YamMOSX509
14523,C-YamWU9JM58
14524,C-Yam4H9E908
14525,C-YamBZ61R05
14526,C-Yam9KUGR31
14527,C-Yam5VNN107
14528,C-Yam91CAU32
14529,C-YamDQLPY19
14530,C-Yam5VA5E26
14531,C-YamPH71C14
14532,C-YamOZVO603
14533,C-YamZPS9C02
14534,C-Yam48A7L32
14535,C-YamAN9RY01
14536,C-YamTIKCE48
14537,C-Yam7BL7K17
14538,C-YamJ2ZHW48
14539,C-YamGHGE414
14540,C-Yam4H9PE17
14541,C-Yam3PZHL50
14542,C-YamHIQB528
14543,C-YamCQ15727
14544,C-Yam8FU9S57
14545,C-YamJKHBL53
14546,C-Yam3Y9CO19
14547,C-YamU3QF139
14548,C-YamXY5VA13
14549,C-Yam68KUR48
14550,C-YamAG2O520
14551,C-YamH67AA06
14552,C-YamNLJ9K39
14553,C-YamDOSKO47
14554,YamQ5X10
14555,YamQPT03
14556,Yam3UO18
14557,YamOCW52
14558,YamTGO06
14559,C-ShoCCJ8I07
14560,C-ShoBSKW649
14561,C-ShoV9D3933
14562,C-ShoTR22417
14563,C-ShoGT1WM35
14564,C-Sho1O0NM43
14565,C-ShoLRNLC34
14566,C-ShoA0L9O10
14567,C-ShoQOCSC19
14568,C-ShoMVA1T38
14569,C-ShoVC98640
14570,C-ShoWPEZM39
14571,C-ShoZMV2210
14572,C-ShoFLSWG53
14573,C-Sho2QJ9D27
14574,C-ShoHEG9511
14575,C-ShoL8Y2E30
14576,C-ShoXLWGN09
14577,C-ShoTH25B28
14578,C-ShoIAZ4P29
14579,C-Sho4SR0559
14580,C-Sho3CGCU47
14581,C-ShoW3VWU35
14582,C-ShoDJ9PC41
14583,C-ShoTND6630
14584,C-Sho3N0P845
14585,C-ShoYS1FM52
14586,C-ShoZYUZK00
14587,C-ShoKJBSD35
14588,C-ShoGV3OG15
14589,C-ShoBP0R622
14590,C-ShoM7C9Y27
14591,C-Sho1PQJT35
14592,C-Sho3PVND43
14593,C-ShoCPF2953
14594,C-ShoW078P19
14595,C-ShoGG7AY37
14596,C-ShoP05UF19
14597,C-ShoOJID815
14598,C-ShoJXDF449
14599,C-ShoKGR2F47
14600,ShoJ60929
14601,ShoP4H729
14602,ShoJLNH34
14603,ShoGWZE58
14604,Sho8DZ119
14605,ShoSIIU10
14606,ShoOMXW37
14607,ShoZK4O17
14608,ShoFEQY07
14609,ShoHVLQ07
14610,Sho65JS08
14611,ShoR3YI39
14612,Sho8HD945
14613,ShoZFS748
14614,Sho2KHP56
14615,ShoXNZ634
14616,ShoVQ5C59
14617,ShoIFTO42
14618,ShoU79U58
14619,ShoHH8A05
14620,ShoDK6R42
14621,ShoM7TP12
14622,Sho0HPL04
14623,Sho8VJM48
14624,ShoLV6V02
14625,ShoP5XU50
14626,Sho0RHO16
14627,Sho7LNU44
14628,Sho4ER620
14629,Sho0G9B41
14630,ShoZG0L34
14631,ShoX93054
14632,Sho60EP48
14633,Sho8BB400
14634,ShoPQJS03
14635,ShoGYXG19
14636,ShoS5RM10
14637,ShoBHRQ42
14638,Sho2A3318
14639,ShoQAFX42
14640,Sho0CTU48
14641,ShoX5ZF19
14642,ShoQ4XB10
14643,ShoOMI739
14644,Sho7UD203
14645,ShoB9PZ44
14646,Sho5XY718
14647,ShoIKEL46
14648,ShoZ2WT39
14649,ShoBKQH13
14650,Sho3N6513
14651,ShoIF5V27
14652,ShoU1WA55
14653,Sho9UE516
14654,Sho11YU54
14655,Sho8L9604
14656,ShoHVVC22
14657,ShoLNK444
14658,Sho15GK11
14659,ShoJLTJ33
14660,ShoJCDB18
14661,Sho0FK804
14662,Sho48LX30
14663,ShoH5O625
14664,ShoM9WS28
14665,ShoHPXU42
14666,Sho5ELO01
14667,ShoHQ8Y58
14668,ShoE5I810
14669,ShoNMKN25
14670,ShoQE5E44
14671,ShoC8CK11
14672,ShoC19U51
14673,ShoMZ5556
14674,Sho34FZ18
14675,ShoEQL655
14676,ShoWPMT59
14677,Sho8CG754
14678,ShoS64V34
14679,Sho126903
14680,ShoSU6421
14681,ShoTW2V34
14682,ShoAF9V56
14683,Sho77CC10
14684,ShoJRCY30
14685,Sho5F6038
14686,Sho2SD736
14687,C-BalDS0Q500
14688,C-BalL5SW942
14689,C-BalC13I138
14690,C-BalNIEPR25
14691,C-BalYUIJX46
14692,C-BalHECAC27
14693,C-BalZW0A433
14694,C-Bal96GYV52
14695,C-Bal35FL218
14696,C-BalHBQ9C20
14697,C-Bal4UERN34
14698,C-BalHYGWX10
14699,BalKY639
14700,BalV4G31
14701,Bal5Q110
14702,BalYM909
14703,Bal0D506
14704,BalVN211
14705,BalJIY40
14706,BalI4108
14707,BalBRJ59
14708,BalLYW48
14709,BalZTS30
14710,BalAQX40
14711,BalU9F17
14712,BalBEX04
14713,Bal92246
14714,Bal07139
14715,Bal08O38
14716,BalUN953
14717,BalQTA47
14718,BalEGB43
14719,BalRSC01
14720,BalMRI53
14721,BalZO645
14722,BalKU147
14723,Bal6EY24
14724,BalZMH49
14725,BalLA052
14726,BalZYS54
14727,Bal5VI26
14728,BalX1Z47
14729,BalSKL28
14730,Bal0S536
14731,BalHY246
14732,BalSND07
14733,BalNUP44
14734,Bal23U09
14735,BalNHW39
14736,Bal8QD13
14737,Bal30N42
14738,BalY1B03
14739,BalZLB32
14740,Bal96R07
14741,Bal5KR48
14742,BalTA254
14743,Bal91244
14744,Bal6BI43
14745,BalK8Z14
14746,BalZIC17
14747,BalM5D35
14748,Bal5LB56
14749,BalQA309
14750,Bal8GN47
14751,BalWB755
14752,BalNFR57
14753,BalBIJ28
14754,Bal49W47
14755,BalCBA22
14756,Bal0GO53
14757,BalSW033
14758,BalPMW59
14759,Bal3M404
14760,Bal1A448
14761,BalM6Z50
14762,Bal0YG08
14763,BalHBM43
14764,Bal9WT53
14765,Bal7XC39
14766,BalYGA32
14767,BalN8D41
14768,BalG6C15
14769,BalAAM06
14770,BalM7A17
14771,BalRHH00
14772,Bal3X556
14773,Bal54E22
14774,BalI5651
14775,Bal9H123
14776,BalSTB10
14777,Bal1FD34
14778,BalQCA31
14779,Yam01D50
14780,Bal6QF52
14781,BalTDZ30
14782,BalEYC03
14783,BalHEU11
14784,BalE6904
14785,BalBCK11
14786,BalIEM07
14787,Bal1JC08
14788,Bal58Z55
14789,BalECH12
14790,Bal2Y236
14791,Bal8BK03
14792,BalGWN35
14793,BalXSJ17
14794,Bal7KO20
14795,Bal29742
14796,BalQ9K51
14797,BalC5Y52
14798,Bal61A41
14799,BalHHI58
14800,BalIAM02
14801,BalR6M49
14802,BalBLX48
14803,BalGLZ19
14804,BalQCD48
14805,Bal0HL37
14806,BalWN338
14807,BalGO759
14808,Bal2BE12
14809,BalOBH41
14810,Bal7RF25
14811,Bal6YM12
14812,Bal6CV19
14813,BalTAV06
14814,BalH2R37
14815,BalT9020
14816,BalXPC55
14817,BalH1R40
14818,Bal9ZE44
14819,BalWN938
14820,BalYIQ24
14821,BalNQI22
14822,BalNCM49
14823,BalI9T05
14824,BalYK436
14825,BalXP810
14826,Bal2VY29
14827,BalE2R53
14828,BalQXL24
14829,Bal7HE13
14830,BalU7851
14831,BalS9U28
14832,BalO7828
14833,BalHUL48
14834,BalW0O09
14835,BalIOX56
14836,BalYL803
14837,BalMK945
14838,BalVJ637
14839,Bal9RU10
14840,BalAVS37
14841,BalC1R39
14842,BalQSE59
14843,Bal45D49
14844,BalQZJ17
14845,BalTTO03
14846,BalB2F49
14847,BalFR107
14848,BalV7254
14849,BalROW44
14850,Bal2AE36
14851,BalINS31
14852,Bal4LJ59
14853,Bal97852
14854,RinFMRB38
14855,Rin891R34
14856,RinJ1M339
14857,Rin1YKZ16
14858,RinC5XE57
14859,RinFAJ629
14860,RinZLEA38
14861,RinLU1Q18
14862,RinAOC930
14863,Rin91RI20
14864,RinEHPI20
14865,Rin6HOP25
14866,Rin8F4P17
14867,Rin10VP55
14868,RinQG0746
14869,Rin1APH20
14870,RinX13Z38
14871,RinTRD216
14872,RinWCAC24
14873,RinZ3Q917
14874,RinYC5X07
14875,RinSCMY03
14876,Rin9TAI50
14877,RinYPI727
14878,RinGUBT39
14879,Rin2AG125
14880,RinLZSG54
14881,Rin7OWH53
14882,RinDMGL34
14883,RinE8I504
14884,Rin50KM21
14885,RinJIK14
14886,Rin29P34
14887,Rin7B436
14888,Rin2DO15
14889,RinQE943
14890,Rin95I15
14891,Rin2XF01
14892,Rin3YK00
14893,RinS7V45
14894,RinE2726
14895,RinMXO23
14896,Rin5J750
14897,Rin3A238
14898,Rin0J653
14899,RinT8J35
14900,RinKEAH45
14901,RinOHPV49
14902,RinW4HQ49
14903,Rin9J5H04
14904,Rin9L4A34
14905,RinRBSQ20
14906,RinBUMP40
14907,Rin1R535
14908,RinNFY26
14909,RinKWN24
14910,RinHC418
14911,Rin1IKS41
14912,C-RinHBTUF00
14913,C-Rin7ESGM25
14914,C-RinANJ3954
14915,C-RinMVM5Q47
14916,C-RinV0XNU33
14917,C-RinFQOLI21
14918,C-RinMUV9Q17
14919,C-RinSYF9S06
14920,C-RinY1WHW59
14921,C-RinGZBMR21
14922,C-Rin3LIZF06
14923,C-RinNS45S45
14924,C-RinDSVOF45
14925,C-RinPJ3V927
14926,C-RinPGIRZ57
14927,C-RinZ3M3M53
14928,C-RinPK79O45
14929,C-RinB9BU205
14930,C-RinTHD6U45
14931,C-RinABTCD15
14932,C-RinU2CPM59
14933,C-RinK6SSP55
14934,C-Rin4VUPD50
14935,C-RinY4SFJ24
14936,C-RinTN1NZ19
14937,C-RinLCCMZ40
14938,C-RinB76WR17
14939,C-RinV966M51
14940,C-RinA5NEQ48
14941,C-RinTE9R234
14942,C-RinG6XAD34
14943,C-RinZW9EO42
14944,C-RinLM2Y338
14945,C-Rin4DIBL56
14946,C-RinKXJ8U01
14947,C-RinLJWF043
14948,C-RinA92ON36
14949,C-RinBAJNB53
14950,C-Rin7F6IT51
14951,C-RinELZ4159
14952,C-RinKJ1N656
14953,C-RinNZZXW16
14954,C-RinLS2Y251
14955,C-RinGAUUN35
14956,C-RinN9RJZ48
14957,C-RinOBS4F52
14958,C-Rin22A1O15
14959,C-RinUEYUN16
14960,C-RinMMJHA46
14961,C-Rin3PPHB02
14962,C-RinHK3Q403
14963,C-Rin9S5NQ09
14964,C-RinJREFJ49
14965,C-RinPNUB217
14966,C-Rin5UVB128
14967,C-RinM6DJA57
14968,C-RinR5MF026
14969,C-RinMAVSY04
14970,C-Rin3M3R013
14971,C-RinODN1555
14972,C-RinCYF8C14
14973,C-Rin0UWLY08
14974,C-RinRK1X356
14975,C-RinOBDYP39
14976,C-RinBQD5X25
14977,C-Rin1OZAW37
14978,C-RinN8RB745
14979,C-RinHA6BN11
14980,C-Rin00VOG45
14981,C-Rin6Q3QH01
14982,C-RinS5YV531
14983,C-Rin38JVG38
14984,C-RinXXRRH02
14985,C-RinV82S055
14986,C-RinH0JY203
14987,C-RinAZU6119
14988,C-RinOTW3X20
14989,C-RinIV0N748
14990,C-RinE5BFO54
14991,C-RinPSWTY34
14992,C-RinKWM6M30
14993,C-RinGLCDT10
14994,C-Rin3BCC222
14995,C-RinABN8U54
14996,C-RinEVWHQ44
14997,C-Rin5E5PD42
14998,C-Rin6REZ840
14999,C-RinJLEO021
15000,C-Rin2N73606
15001,C-RinSBXIL18
15002,C-RinD8APK11
15003,C-RinM7M1X19
15004,C-RinVKA3C43
15005,C-Rin8GWCH57
15006,C-RinPFGZ548
15007,C-RinF7PBJ56
15008,C-RinGGDHB05
15009,C-RinPV2ZP20
15010,C-RinE7BCF00
15011,C-RinAYOWB22
15012,C-Rin5H9FD25
15013,C-Rin5X0GX15
15014,C-RinQWV1H42
15015,C-RinXIRFD55
15016,C-RinE116A24
15017,C-RinTJT8M16
15018,C-RinDEUTY40
15019,C-RinSFDIY07
15020,C-Rin5MLCF29
15021,Rin2A3G53
15022,Rin2G5525
15023,RinYRZN15
15024,Rin316V29
15025,RinZYO211
15026,Rin05TA51
15027,RinNZ4D13
15028,Rin2FSZ03
15029,Rin679550
15030,RinINU747
15031,Rin7OL120
15032,RinOQR449
15033,RinONAT07
15034,RinP8HO16
15035,RinM47D04
15036,RinUV3U57
15037,RinMZOS52
15038,RinUU4741
15039,Rin1R7J34
15040,Rin80ZQ03
15041,Rin61E542
15042,RinB1C844
15043,RinNBD540
15044,RinSXNA30
15045,RinY84109
15046,Rin2RQ115
15047,Rin1AGU15
15048,Rin38Q539
15049,RinV83012
15050,Rin2WYE28
15051,Rin1VGM36
15052,RinKST906
15053,Rin229101
15054,RinI48H20
15055,Rin06TU36
15056,RinR9BM48
15057,RinDCSR19
15058,Rin861E26
15059,RinVGYA17
15060,RinTGYX13
15061,RinOCGD13
15062,RinM8A836
15063,RinZ0IR45
15064,RinPCTP01
15065,RinFE6G45
15066,RinPN0L13
15067,Rin04IK59
15068,RinBYOD57
15069,RinPH9944
15070,RinJ64545
15071,Rin3ZAQ50
15072,Rin2A4D01
15073,RinR0EA20
15074,RinBPLB58
15075,Rin0QKG54
15076,RinXZZO17
15077,RinPTBD12
15078,RinSCHM31
15079,RinU78G27
15080,Rin8GKH16
15081,RinR71V36
15082,RinL9N226
15083,Rin3T9V34
15084,RinXS6X51
15085,Rin0BJQ38
15086,Rin7K5954
15087,RinX8JP40
15088,RinNW8840
15089,RinKCE540
15090,RinVMAB50
15091,Rin1MQF29
15092,RinIVKX56
15093,Rin6HCW34
15094,RinAIEL16
15095,RinC5YE01
15096,RinALRI05
15097,RinTT0519
15098,RinTQ1B44
15099,Rin2WX156
15100,RinW6M716
15101,RinEDUG33
15102,RinZZ4901
15103,RinX6PS54
15104,RinL7LT15
15105,RinVEAA06
15106,RinQ7I532
15107,RinLK2O31
15108,RinDGX610
15109,RinJ3F19
15110,RinP1741
15111,RinZDH19
15112,RinMBK41
15113,RinUBC49
15114,RinDPR48
15115,Rin9RO15
15116,RinII810
15117,RinIR035
15118,RinITD59
15119,RinT1X22
15120,Rin5FF30
15121,Rin40X10
15122,RinG8P14
15123,RinFT821
15124,RinO4F55
15125,RinEN339
15126,RinHTLL41
15127,RinYKV104
15128,RinPF9S31
15129,RinCA6G14
15130,RinC94O28
15131,RinUYM749
15132,RinE8Y33
15133,Rin1LH08
15134,RinPKC21
15135,RinBKX51
15136,Rin54Y29
15137,Rin58G33
15138,RinC6E50
15139,Rin6PA18
15140,Rin77052
15141,RinMQN43
15142,RinFGN13
15143,RinFZ927
15144,Rin23T38
15145,RinZ7H59
15146,Rin3CE57
15147,RinMTT28
15148,Rin2F133
15149,RinJ8L08
15150,Rin5PC51
15151,Rin6DO28
15152,RinJCX37
15153,RinZOO51
15154,RinJ0250
15155,RinW9558
15156,RinJXK09
15157,RinHXP41
15158,Rin38Z47
15159,RinYU431
15160,RinPS743
15161,Rin84U56
15162,RinDAH33
15163,Rin62A10
15164,RinG9V27
15165,RinWJ625
15166,Rin9BJ20
15167,RinLFC20
15168,RinOZV47
15169,RinMIB52
15170,RinTYL36
15171,RinT3T36
15172,RinOTR18
15173,RinP2709
15174,RinFBF11
15175,RinOUY34
15176,RinQVH20
15177,RinQYC56
15178,RinZEZ41
15179,RinLRE33
15180,RinFN008
15181,RinT7Q18
15182,RinORC02
15183,Rin0RV40
15184,RinL1845
15185,RinBZ422
15186,RinP8Y13
15187,RinTQP49
15188,RinOQ704
15189,RinG0O07
15190,Rin5R328
15191,RinVXM43
15192,RinY9S16
15193,RinLRU46
15194,Rin1TH32
15195,RinYJ957
15196,Rin1X124
15197,RinW1249
15198,RinJL900
15199,RinRV143
15200,RinNY715
15201,Rin4TR09
15202,Rin23959
15203,Rin8UQH47
15204,RinZRPK21
15205,Rin10GU54
15206,RinUY3C43
15207,RinFVZ118
15208,RinZN1B56
15209,RinVWG543
15210,Rin7V7835
15211,RinUK7812
15212,Rin23M825
15213,RinTMR018
15214,RinBL1J09
15215,RinNYSW00
15216,Rin6BUO13
15217,RinTGN519
15218,RinJWY841
15219,Rin04QK59
15220,Rin5XWS18
15221,Rin1YWU39
15222,RinBUF026
15223,Rin06YZ23
15224,RinO2CR02
15225,RinWLJ047
15226,Rin7U0X52
15227,Rin1Y2A23
15228,RinFNR702
15229,RinZTTF09
15230,RinTFDW44
15231,RinTJZ510
15232,Rin3MNX33
15233,RinPHZM01
15234,Rin2BN655
15235,RinB5QD44
15236,RinY6FY40
15237,RinCGMN10
15238,Rin5TED10
15239,Rin0SIV10
15240,RinQFXY56
15241,RinNMOZ23
15242,RinUA7605
15243,RinIF9239
15244,Rin2U7500
15245,RinEAWJ48
15246,RinAZPH13
15247,RinPFJC08
15248,Rin02CQ32
15249,Rin7J7Z24
15250,RinXM2909
15251,Rin33DY21
15252,RinBC6N48
15253,Rin3ZVJ10
15254,Rin43K650
15255,RinLLU532
15256,RinZRZB48
15257,RinMIWQ47
15258,RinKL7D18
15259,RinGCS517
15260,RinPHNA25
15261,RinQYRV41
15262,Rin2O8U10
15263,RinDJQ720
15264,RinXF7632
15265,Rin11DF55
15266,RinSOEX04
15267,Rin8DZK50
15268,Rin2HWB16
15269,Rin0K5U11
15270,Rin8XHL51
15271,RinW3QA49
15272,RinMGLE18
15273,Rin3JM813
15274,RinMBI326
15275,RinCWYN00
15276,RinPY3226
15277,RinBAQE54
15278,RinHF2525
15279,RinTJ3X43
15280,RinNMM449
15281,Rin95JX56
15282,RinJSQG49
15283,RinIK9B16
15284,RinDCQT26
15285,RinIQAQ26
15286,Rin0I4C29
15287,RinSQB431
15288,RinAPJM52
15289,RinDER737
15290,RinNLTE14
15291,RinKFIV47
15292,RinVBSN02
15293,RinV3J805
15294,RinX8OG33
15295,RinUE4O24
15296,RinG8RG04
15297,Rin52P719
15298,Rin2NLL25
15299,RinF8KQ28
15300,RinA5DN04
15301,RinCPT147
15302,RinIQSK28
15303,C-RinMUJOG01
15304,C-RinLY7BS11
15305,RinG5ZX13
15306,RinYAM06
15307,RinKCM24
15308,C-Rin4PYJM35
15309,C-Rin5ZH7407
15310,RinJAR23
15311,RinPXF24
15312,RinSF844
15313,RinBZ638
15314,RinEQR05
15315,RinED630
15316,Jah04908
15317,RinQF655
15318,RinZQOU06
15319,RinTREB34
15320,Rin1QAV05
15321,RinKOG345
15322,RinGKST23
15323,Rin2KUE42
15324,RinBFQQ12
15325,RinB5UY14
15326,RinKGCJ39
15327,RinL8GD57
15328,RinIIHB02
15329,RinXB3T36
15330,RinU9Z953
15331,RinKYSN15
15332,RinKQ9B56
15333,RinQBRZ24
15334,Rin5PM102
15335,RinBBTJ10
15336,RinQPC736
15337,Rin2N9K16
15338,Rin98CZ07
15339,RinO7HB06
15340,C-Rin38FHR27
15341,C-RinVR25716
15342,C-RinTUNLH26
15343,C-RinQJ9SM29
15344,C-RinPS6JZ30
15345,C-RinNL2S135
15346,C-RinG0L6444
15347,C-RinKYSS210
15348,C-RinVR1M750
15349,C-Rin6FR7N22
15350,C-Rin6IYE704
15351,C-RinJW2FS48
15352,C-Rin3BF7S15
15353,C-RinMWO7P46
15354,C-RinIDOVL53
15355,C-RinKUPQU09
15356,C-Rin4F5X236
15357,C-RinFP9G820
15358,C-RinMIBMQ26
15359,C-RinUTDF457
15360,C-RinPIYPN54
15361,C-Rin17FAG09
15362,C-RinS5VNF47
15363,C-RinP2SN345
15364,C-RinYYDYR16
15365,C-RinHR6OJ09
15366,C-Rin7UY9001
15367,C-Rin6Q87T02
15368,C-RinM6N8641
15369,C-RinV25UH03
15370,C-RinCBX3E01
15371,C-RinCS2EQ44
15372,C-RinKLSQP10
15373,C-RinWQP2346
15374,C-RinOXR5A17
15375,C-RinMR6AB00
15376,C-RinML7FL06
15377,C-RinMVBKE00
15378,C-RinUUTTS24
15379,C-RinVZ63F19
15380,C-RinROK3Z39
15381,C-RinFMHKJ34
15382,C-RinCWHY144
15383,C-RinD02XY58
15384,C-RinR3UT706
15385,C-RinM9QW015
15386,C-RinGNC1606
15387,C-Rin9UXUU57
15388,C-RinFSHZR10
15389,C-RinZ3GUM09
15390,C-RinHI1YP42
15391,C-RinUWDOM37
15392,C-Rin4TW5Q20
15393,C-Rin4UTEP22
15394,C-RinDL7JH38
15395,C-RinA47D317
15396,C-Rin8OL3C05
15397,C-RinVUYB036
15398,C-RinS4PR150
15399,C-Rin3G9G616
15400,C-RinKBOPJ24
15401,C-RinL7OYN21
15402,RinZH4R46
15403,RinTO5X30
15404,RinSLA404
15405,RinVOP523
15406,Rin4VJQ25
15407,RinT8CO54
15408,RinOGUU53
15409,RinQWP739
15410,Rin7KIY39
15411,RinSG2R41
15412,RinHWOZ25
15413,RinO24L37
15414,RinAE9919
15415,RinN4OP38
15416,Rin60CQ28
15417,RinO7IL01
15418,Rin46MY07
15419,Rin816A54
15420,RinQOVH45
15421,RinBWMO08
15422,RinATGC33
15423,Rin2U2M29
15424,Rin3WPD51
15425,Rin14I120
15426,Rin895K32
15427,RinBLBL57
15428,Rin2Z7823
15429,RinHW0G16
15430,RinE4O703
15431,RinHFUL19
15432,Rin8PZV25
15433,RinU09Q45
15434,RinNY4G12
15435,RinRTOG30
15436,Rin8D0R51
15437,Rin0VX501
15438,Rin8F0E42
15439,RinCWBB38
15440,RinXKZJ53
15441,RinGIIM42
15442,Rin38QJ15
15443,RinCVGI47
15444,Rin4DHM52
15445,Rin6Y1S06
15446,RinJDUY27
15447,Rin2YL29
15448,Rin66G08
15449,Rin5ANE15
15450,RinG8TB46
15451,RinPQT502
15452,Rin4SY35
15453,RinY0335
15454,RinX1Y21
15455,Jah6DA37
15456,Jah6PL25
15457,RinA0H20
15458,RinROY38
15459,RinYS810
15460,RinKD826
15461,RinZZ333
15462,RinCIZ24
15463,RinSBU13
15464,Jah1KJ15
15465,Jah0EO12
15466,RinO3R28
15467,Jah0W002
15468,RinB9501
15469,RinUQ118
15470,RinG4T56
15471,RinX7X26
15472,Rin3RP21
15473,RinYBX00
15474,RinU5P25
15475,RinGFS13
15476,RinRFV03
15477,RinXJ004
15478,RinBDL36
15479,RinDHZ52
15480,RinS1O49
15481,Rin1PE58
15482,RinQKO14
15483,Rin56O14
15484,RinA8O207
15485,Rin4NNI20
15486,RinMQ6K16
15487,RinO5NR01
15488,RinCFZM29
15489,RinXMDK37
15490,RinA98E53
15491,RinUFDH42
15492,RinZ51831
15493,RinU5EN19
15494,Rin96UF59
15495,Rin3XOZ08
15496,RinMANO34
15497,Rin26A622
15498,RinRHT300
15499,RinM2WO35
15500,RinIT5V29
15501,Rin4Y8F49
15502,RinALSB52
15503,RinAFH334
15504,RinA3V155
15505,Rin2PH833
15506,RinCSP142
15507,RinXCPE54
15508,RinY5XW56
15509,RinSDOE19
15510,RinKVAQ16
15511,RinLNS227
15512,RinP9AB34
15513,Rin64F238
15514,RinUMHJ34
15515,RinKRQC02
15516,BauTNGJ36
15517,Bau392C52
15518,Bau4GW448
15519,BauU52U21
15520,BauZNUH30
15521,BauT7W341
15522,Bau0LVK01
15523,BauL80A43
15524,Bau6N7J08
15525,Bau439D00
15526,BauZ06930
15527,BauFWV110
15528,BauSOEF04
15529,Bau3XLG59
15530,BauWJ0434
15531,Bau1SUA55
15532,BauNU4558
15533,BauYQMM38
15534,Bau49WB25
15535,BauHI5G29
15536,BauN4BX35
15537,BauABRR00
15538,BauU78853
15539,BauCELD59
15540,Bau3NZT46
15541,BauNMT550
15542,BauJ6J530
15543,BauIS0Z41
15544,BauS73E27
15545,BauPB5M34
15546,BauCMYD33
15547,Bau4G8533
15548,BauYBAS21
15549,BauTH0P08
15550,BauPJEZ12
15551,BauERCH38
15552,BauAYO820
15553,BauKLUR32
15554,BauNPMI21
15555,BauJTJ336
15556,BauW64A37
15557,BauH0IX15
15558,Bau6QDD57
15559,BauMZN804
15560,Bau90CB24
15561,BauAEMC19
15562,Bau6K8Y03
15563,BauNNEL04
15564,BauDS1J27
15565,BauZKI104
15566,BauB9GP03
15567,BauVMD548
15568,BauYNDI43
15569,Bau9TKN39
15570,Bau57CB03
15571,Bau2E6U18
15572,BauKQ6W03
15573,BauH64A48
15574,BauXWPA02
15575,BauFKCB47
15576,BauWAIV36
15577,BauMSUH25
15578,BauSBAL19
15579,BauJI2022
15580,BauEVQD38
15581,BauEFPQ51
15582,BauQ9AW22
15583,BauIQ1M33
15584,BauQR2F22
15585,BauLA3756
15586,BauCLON45
15587,BauY1AE25
15588,Bau5FX101
15589,Bau2O7949
15590,BauGY6U22
15591,BauE3R138
15592,BauNJJI46
15593,Bau24I754
15594,BauK7UD37
15595,BauLS3306
15596,BauEC5901
15597,Bau59EJ43
15598,BauNVL833
15599,BauCNUS14
15600,BauW9AE31
15601,BauB2GA06
15602,BauFRNR46
15603,BauV5V200
15604,BauL9VZ38
15605,BauFSL234
15606,Bau70YP23
15607,BauABQC14
15608,BauG4I158
15609,BauWPUR17
15610,BauR60439
15611,BauK8O554
15612,Bau7ECG42
15613,BauEJ4036
15614,BauWKUA51
15615,BauOXA454
15616,BauH4PI56
15617,Bau4MPE24
15618,BauH4BV05
15619,BauK3G152
15620,BauSXZ947
15621,BauYOVY12
15622,Bau89UI28
15623,BauN93859
15624,BauYGAB55
15625,BauTBTF37
15626,BauNJON11
15627,Bau781240
15628,BauVQSZ53
15629,Bau816530
15630,BauONO005
15631,BauS5311
15632,BauJNO43
15633,BauAJX48
15634,BauVE216
15635,BauX4S31
15636,Bau8JE30
15637,BauER709
15638,BauYX837
15639,BauLIS14
15640,Bau34W15
15641,BauVS816
15642,BauH0Y47
15643,BauIQ952
15644,BauGZT18
15645,Bau68O07
15646,BauSVD32
15647,BauOZN21
15648,BauIVS36
15649,BauZN821
15650,BauBYR34
15651,Bau9HM37
15652,BauX9626
15653,BauDGC00
15654,BauODY20
15655,BauJZ408
15656,BauHQD41
15657,BauKYI23
15658,BauAZ348
15659,BauHAB47
15660,Bau36001
15661,BauM1816
15662,BauPAO31
15663,BauMES46
15664,BauUCE40
15665,Bau2BM15
15666,BauBBF46
15667,BauZLA13
15668,BauB4B42
15669,BauMQZ43
15670,BauVOM58
15671,Bau25F46
15672,Bau6F817
15673,BauUM105
15674,BauD0Y23
15675,BauSPV18
15676,BauP2G20
15677,BauN2G23
15678,BauREC18
15679,Bau8L109
15680,BauE3I20
15681,BauJXM57
15682,BauEG153
15683,BauO0136
15684,BauUSU29
15685,BauRKD15
15686,BauDVQ27
15687,Bau7HS14
15688,Bau39624
15689,BauMHI37
15690,Bau3VD35
15691,Bau2QK59
15692,Bau3K134
15693,Bau32256
15694,BauXIN14
15695,BauLTY49
15696,Bau3BB15
15697,BauSKJ48
15698,BauZM444
15699,Bau2N110
15700,Bau0A413
15701,BauUC916
15702,BauVCR36
15703,BauF0F54
15704,Bau0YN23
15705,BauTCL14
15706,BauWZK06
15707,BauUT850
15708,BauS0914
15709,BauGMK58
15710,BauNOQ32
15711,BauPG212
15712,BauRTU51
15713,BauENR13
15714,Bau4CY03
15715,Bau3AV45
15716,BauI5T32
15717,BauNZ213
15718,BauM8F14
15719,BauG5G50
15720,Bau6LS02
15721,BauK3S39
15722,BauAHQ12
15723,Bau8BT16
15724,BauPDY52
15725,Bau2N443
15726,Bau1CI38
15727,BauST619
15728,Bau4END12
15729,BauLD7X31
15730,BauBOBG45
15731,BauJXH359
15732,BauML6A30
15733,BauZOM740
15734,BauSPP216
15735,BauM89047
15736,BauFE2P04
15737,BauBTH116
15738,Bau5J8731
15739,BauJO3I55
15740,BauGUNR17
15741,BauU6TP28
15742,Bau7GZW33
15743,BauTDZG41
15744,BauXWVY46
15745,BauDKQ758
15746,BauVOBR44
15747,Bau5SVV15
15748,BauKYJ516
15749,Bau6BRB36
15750,BauPPMG52
15751,BauQ5GU18
15752,Bau2NTR01
15753,Bau903658
15754,BauLOYZ25
15755,Bau2ACJ42
15756,Bau6IVS57
15757,BauNO7N42
15758,BauOONZ59
15759,BauPX8S42
15760,BauTO4S37
15761,C-BauJQCM308
15762,C-BauWS1MQ07
15763,C-BauLGX1X53
15764,C-BauCSRJ156
15765,C-BauZ01D049
15766,C-Bau1C5MA53
15767,C-BauKMC8S54
15768,C-BauV3ZQV28
15769,C-BauB1ED632
15770,C-BauDYSA703
15771,C-BauY0RQ349
15772,C-BauH52PJ08
15773,C-BauQ9DOC01
15774,C-Bau58MOK57
15775,C-BauRH3BF18
15776,C-BauQ4EIP39
15777,C-BauX96GJ08
15778,C-BauX80E843
15779,C-BauGHV8P34
15780,C-Bau8UQ7C00
15781,C-BauTKO4820
15782,C-Bau31R2027
15783,C-BauE895V58
15784,C-BauRFD6K35
15785,C-BauWQ33955
15786,C-BauADN9254
15787,C-Bau7PO5Z03
15788,C-BauTUOEM42
15789,C-BauBR77R03
15790,C-Bau2IDKY19
15791,C-BauGLB5U32
15792,C-Bau3810S30
15793,C-BauFGCSL37
15794,C-Bau8OIK015
15795,C-BauXTQRO56
15796,C-Bau9K3Y938
15797,C-BauFIBN403
15798,C-BauPY57T13
15799,C-BauUQ4AC01
15800,C-Bau9B98710
15801,C-BauI9DPZ06
15802,C-BauTR05W16
15803,C-BauSLERN52
15804,C-Bau1RB8X49
15805,C-Bau607M806
15806,C-Bau7SGCT11
15807,C-Bau0BZNV17
15808,C-Bau9AMEW56
15809,C-Bau1NPJJ34
15810,C-BauZU28U47
15811,C-BauMN3JG05
15812,C-BauUGYKW33
15813,C-BauX3I9858
15814,C-BauIINVG20
15815,C-BauWVQWJ15
15816,C-BauRR5ZM14
15817,C-Bau0ICOR14
15818,C-Bau4R4CF01
15819,C-BauN8AEA24
15820,C-Bau646C639
15821,C-BauY6VIS59
15822,C-BauGVKF207
15823,C-BauDWU8J29
15824,C-BauTG8E728
15825,C-Bau83JCI47
15826,C-BauPAVPA26
15827,C-BauVZ0X237
15828,C-BauSUXKZ37
15829,C-BauVWU6S37
15830,C-BauQWEBQ59
15831,C-BauSJO3N50
15832,C-Bau4I0UV34
15833,C-Bau56EWH53
15834,C-BauPXOL023
15835,C-BauDZJFF55
15836,C-BauHNCR038
15837,C-Bau7DL1N10
15838,C-Bau2V0BS53
15839,C-Bau2645539
15840,C-BauQO5GJ03
15841,C-BauLIUTY28
15842,C-BauSOHEV55
15843,C-Bau0BRHT08
15844,C-BauQ1EQ619
15845,C-Bau70AAH34
15846,C-BauTKZ5454
15847,C-BauZ7CAQ09
15848,C-BauP4OWP50
15849,C-Bau13N6708
15850,C-BauVUDO040
15851,C-Bau31XRL28
15852,C-BauEMCWO08
15853,C-BauHW6LU52
15854,C-BauZU3CV57
15855,C-Bau2AC3R28
15856,C-BauZOHW024
15857,C-BauJL2LW39
15858,C-BauTAY7D11
15859,C-BauTY1GB19
15860,C-Bau2R13V36
15861,C-BauYVC6X11
15862,C-BauUW52C43
15863,C-BauEENQL43
15864,C-BauH0TFI01
15865,C-BauAIJWI18
15866,C-BauOT49V58
15867,C-BauL1ZD846
15868,C-BauCA3MQ35
15869,C-BauNHJJL28
15870,C-BauSW3UG01
15871,C-BauDLFEW46
15872,C-Bau9IXBS09
15873,C-BauUPIN343
15874,C-Bau1VLL440
15875,C-BauTMNHH40
15876,C-BauQBSLM41
15877,C-BauNKVY312
15878,C-BauJ2K6L20
15879,C-BauS21RI58
15880,C-BauIPJ6Q32
15881,C-Gan2IT0H14
15882,C-BauV560426
15883,C-Bau0WRY633
15884,C-Gan1ONFS33
15885,C-Bau2NB2N36
15886,C-BauP99MO02
15887,C-BauA8S8S08
15888,C-Bau993RS32
15889,C-BauX5G2H59
15890,C-BauN0BHO45
15891,C-BauOS4H357
15892,C-BauOLOLN21
15893,C-BauZ3KTV36
15894,C-BauZXUD950
15895,C-BauD7YR251
15896,C-BauQF4E325
15897,C-BauNV0XM04
15898,C-Bau99DSZ41
15899,C-BauCZZDW15
15900,C-BauNBA2Y13
15901,C-Bau476J352
15902,C-BauDDZ2F15
15903,C-BauDFAC320
15904,C-BauIFYLP28
15905,C-BauJZQLF27
15906,C-BauGYC7V57
15907,C-BauM8IQE24
15908,C-BauJDVLF27
15909,C-BauZYAQU07
15910,C-Bau0CNTU44
15911,C-BauUFXF817
15912,C-BauM8N7G07
15913,C-BauR0UPU05
15914,C-Bau4PIE229
15915,C-BauS7F1R15
15916,C-BauQYNNN57
15917,C-BauPW60518
15918,C-BauYD9EV09
15919,C-BauU1NR913
15920,C-BauKYFLY41
15921,C-Bau7N2HB52
15922,C-BauA9A3I08
15923,C-BauD56DE26
15924,C-BauMGV8838
15925,C-BauOXOZP19
15926,C-BauTPKQB12
15927,Bau91O20
15928,BauV3455
15929,BauMP458
15930,BauVW000
15931,BauJTX40
15932,BauGWU25
15933,BauL3110
15934,Bau3QG56
15935,Bau8HJ02
15936,BauHN515
15937,Bau2FA18
15938,BauDZ614
15939,BauKFD54
15940,Nin2J735
15941,NinOSS36
15942,NinRR036
15943,NinF8FC44
15944,Nin6BP02
15945,NinZDH38
15946,NinX3A18
15947,Nin82X52
15948,NinVQL19
15949,NinZQ509
15950,Nin9MC53
15951,NinX7334
15952,NinZXK17
15953,NinJFO01
15954,Nin9G532
15955,NinJJJ20
15956,NinAJJ55
15957,Nin8O831
15958,NinY5J34
15959,Nin0CF10
15960,Nin19U10
15961,Nin86W19
15962,NinRKB09
15963,C-Nin1CE5120
15964,C-Nin8VH5T11
15965,C-NinD8JTQ35
15966,C-NinMA0T136
15967,C-NinBELXG29
15968,NinQTIU29
15969,NinLQ9004
15970,NinVNKK39
15971,NinFWAV18
15972,NinHD4319
15973,NinSB8A12
15974,NinU6CX50
15975,WarIQKA27
15976,Nin5TQX44
15977,NinCA8V17
15978,NinOVSC10
15979,NinY2PJ09
15980,NinJ7SS00
15981,NinUOLV40
15982,NinN1M35
15983,NinD5V09
15984,NinDJM10
15985,NinLOC50
15986,NinQ3F10
15987,NinPDU56
15988,Nin6GO11
15989,Nin8QG18
15990,Nin0C030
15991,Nin3LA07
15992,NinC6H22
15993,NinJTT10
15994,NinV1033
15995,Nin2P254
15996,Nin9W522
15997,NinRN209
15998,NinVFC14
15999,NinGFL56
16000,NinTZF25
16001,NinVLU37
16002,NinM0326
16003,Nin77P32
16004,NinCZ118
16005,NinOFL23
16006,C-NinXM7UG53
16007,C-NinRGXEW49
16008,C-NinE652F16
16009,C-NinMEXFU18
16010,C-NinOCJC218
16011,C-NinQLAX722
16012,C-NinCCJHA25
16013,C-NinQJCPQ03
16014,C-NinHSIJR46
16015,C-NinRRCVS23
16016,C-NinYLF2F20
16017,C-NinR3RT649
16018,C-NinEQAY541
16019,C-Nin6F0XU38
16020,C-NinQ5HG414
16021,C-NinIFWC559
16022,C-NinPKBX232
16023,C-NinQJMG333
16024,C-Nin8P1CC25
16025,C-NinCP6AB18
16026,C-NinZ950H52
16027,C-Nin8YK9Q43
16028,C-Nin6IF0148
16029,C-Nin68NXT13
16030,C-NinHWM0F55
16031,C-NinGCQAO14
16032,C-Nin4XOPI44
16033,C-Nin909K018
16034,C-Nin2YOIO55
16035,NinNL2F04
16036,NinPOMJ58
16037,NinXXQX03
16038,NinB7CS15
16039,Nin12VF13
16040,Nin3M2311
16041,NinRUJ837
16042,Nin8AS54
16043,NinJLM25
16044,NinF8J08
16045,Nin03X09
16046,NinUNJ36
16047,NinNPC06
16048,NinC3741
16049,NinCT311
16050,NinNXX53
16051,NinDIK42
16052,NinL8N34
16053,Nin0CX57
16054,NinDIE07
16055,NinJV851
16056,NinOJPE03
16057,NinE4M106
16058,Nin2G3O14
16059,NinJMU923
16060,NinYB4726
16061,Nin9Z8G26
16062,NinUUKK42
16063,NinDQS713
16064,NinPT5Z07
16065,NinWUJJ56
16066,NinBPAT40
16067,NinCTTN26
16068,NinIOQV43
16069,NinQHSB56
16070,NinHTSO35
16071,NinXD3915
16072,NinRIZN38
16073,NinPV1659
16074,NinZOER48
16075,NinUIX126
16076,NinZEIJ50
16077,NinN2H131
16078,NinDRV23
16079,Nin8CD49
16080,NinXOI12
16081,NinWDW58
16082,NinFXP41
16083,Nin8JW48
16084,Nin2F405
16085,NinMI149
16086,Nin5LD52
16087,NinTXP09
16088,NinTUD22
16089,Nin4AW08
16090,NinJ3803
16091,NinK7C38
16092,NinELS47
16093,Nin08214
16094,NinYRT08
16095,NinR4615
16096,NinY8M26
16097,Nin9UN45
16098,Nin65K35
16099,Nin2BL30
16100,NinNOJ36
16101,NinE9M36
16102,NinCLN08
16103,NinPU401
16104,C-Nin59QIR27
16105,C-NinB1BWH40
16106,C-NinT1WAY08
16107,C-NinMLGL335
16108,C-NinUC8Q545
16109,C-NinIRCH911
16110,NinBGC111
16111,Nin8U8R42
16112,NinKK4X10
16113,NinLH8U05
16114,NinWSWU38
16115,Nin7YFK24
16116,NinFC6Z25
16117,NinW65003
16118,NinROQ832
16119,Nin96JG54
16120,NinB5DI43
16121,NinOBKO53
16122,NinY2HR31
16123,NinFY6253
16124,NinT5G921
16125,NinRGFU23
16126,NinE4AE53
16127,NinCKR835
16128,NinQR4631
16129,NinLMUO15
16130,NinPA3P17
16131,NinT5WJ31
16132,NinKGV838
16133,NinT5T46
16134,Nin1YN32
16135,Nin7XV44
16136,Nin00D00
16137,NinY8618
16138,Nin9D510
16139,Nin2VX09
16140,Nin6HO50
16141,Nin2B449
16142,Nin81D20
16143,NinFAP54
16144,NinFJW50
16145,Nin6UE16
16146,Nin4MY09
16147,NinQQV47
16148,NinX9H51
16149,NinG4B44
16150,NinAQY02
16151,NinPC738
16152,NinL7058
16153,NinR0911
16154,Nin1IT56
16155,NinEZV02
16156,NinLX647
16157,Nin65M05
16158,NinQ2A15
16159,NinAK807
16160,C-TafGAYLD47
16161,C-TafG8STX21
16162,C-TafTQZMM23
16163,C-Taf0WDKO19
16164,C-Taf55NP838
16165,C-TafU6ZSS08
16166,C-TafBLKDR55
16167,C-TafO2M5101
16168,C-TafJL10917
16169,C-TafUIGXY21
16170,C-TafKX9OW01
16171,C-TafQRNP902
16172,C-TafD9VOB41
16173,C-TafOTS4745
16174,C-TafJGKQS15
16175,C-TafDYTU947
16176,C-TafZYDZ543
16177,C-TafL3RF610
16178,C-TafWT3Q021
16179,C-TafIIFNO07
16180,C-TafE59BN18
16181,C-TafSNVT443
16182,C-TafWSKQ321
16183,C-TafP2RQ336
16184,C-TafKN5S625
16185,C-TafDA2HJ35
16186,C-Taf5R49R03
16187,C-TafZWYHA15
16188,C-TafQA7VL51
16189,C-TafC2SPW14
16190,C-TafL1SZM23
16191,C-TafLTICC32
16192,C-TafUH1BL00
16193,C-Taf9UMCW56
16194,C-TafY047512
16195,C-TafA5LRO14
16196,C-TafWKSE052
16197,C-Taf6UAMV40
16198,C-TafL5VDU34
16199,C-TafJ2P4W43
16200,C-TafVUH5520
16201,C-Taf406SD36
16202,C-TafBV7SS09
16203,C-TafOYDDN13
16204,C-TafVJWIX03
16205,C-Taf7UV7Z08
16206,C-TafW8CWB18
16207,C-TafLIZCM49
16208,C-TafSP06I54
16209,C-Taf1MR7239
16210,C-TafI84D808
16211,C-TafQXSFW13
16212,C-Taf43ANY16
16213,C-TafD4DIJ34
16214,C-TafK53JC51
16215,C-TafN9HRT39
16216,C-TafZXPDI06
16217,C-TafCYL6746
16218,C-TafB7S5Q23
16219,C-TafGCHNE09
16220,C-Taf5568X41
16221,C-TafQOJHX07
16222,C-TafBTSS516
16223,C-Taf9KTM052
16224,C-TafSW83J24
16225,C-TafM9ZPY21
16226,C-Taf1MI7920
16227,C-TafV372P27
16228,C-TafDY5JQ49
16229,C-TafMQ2G604
16230,C-TafOU52B37
16231,C-Taf2WJRW17
16232,C-TafI8PDT43
16233,C-TafZNZJE49
16234,C-TafIM9HH09
16235,C-TafF65QP58
16236,C-Taf5ZZ7T07
16237,C-TafSQUS854
16238,C-TafTW22125
16239,C-Taf1DJR249
16240,C-TafSTGOI34
16241,C-TafAJRK600
16242,C-Taf54X2Y26
16243,C-TafKUCRW12
16244,C-TafJHXOG40
16245,C-Taf42QWJ00
16246,C-TafGU46P34
16247,C-TafAWHUA33
16248,C-Taf5Y4ZG31
16249,C-TafR0JVV51
16250,C-Taf2LK4J05
16251,C-TafL9OOQ28
16252,C-TafBSLSI28
16253,C-TafTGXRL26
16254,C-TafGJQEL55
16255,C-TafNZZW404
16256,C-TafESYV045
16257,C-TafULMUS41
16258,C-TafTOWNY33
16259,C-TafM5QR045
16260,TafGWG017
16261,Taf8PWK10
16262,TafFAW212
16263,TafIWD855
16264,TafYBQG32
16265,TafIPYM11
16266,TafCSJH07
16267,TafUPJ049
16268,TafO9FQ34
16269,Taf3T8Q08
16270,TafKC8518
16271,TafGB5543
16272,Taf3SJW54
16273,Taf2B3S38
16274,TafB1CB13
16275,TafCVVM39
16276,Taf1MGP13
16277,TafVSN503
16278,TafGKZG57
16279,TafJD5A33
16280,TafJZE21
16281,TafA8O21
16282,TafCWQ15
16283,Taf6NG47
16284,TafTRL06
16285,TafR7Q17
16286,TafHNA10
16287,TafHVJ14
16288,TafMP408
16289,TafLLZ01
16290,Taf2T5601
16291,TafU30H10
16292,TafJRON08
16293,TafBWWW09
16294,Taf46NP57
16295,TafCHJF37
16296,TafY22P25
16297,TafZJOD24
16298,Taf1B5D45
16299,Taf0VVH53
16300,TafF9XJ27
16301,TafAGQK50
16302,Taf95DE49
16303,TafCXVO23
16304,TafIGAM01
16305,Taf0NF357
16306,TafEKPD34
16307,TafQIZO13
16308,TafCC7G37
16309,TafH61I32
16310,TafLRAN08
16311,TafP4DT30
16312,TafWZ6446
16313,TafGL3M49
16314,TafYWJ733
16315,TafNBPS11
16316,Taf95OA04
16317,TafTHFR13
16318,TafNNKE21
16319,TafXIKT54
16320,TafKPKA11
16321,TafTHL641
16322,TafAUTE38
16323,TafM3N950
16324,TafLQQQ10
16325,TafA7ZD28
16326,TafS1VW57
16327,TafNOBT01
16328,TafBYD411
16329,TafS33T31
16330,TafRGTO00
16331,TafUCNX32
16332,Taf6HHP19
16333,TafND6008
16334,C-Taf7VGIB15
16335,C-TafRJUUG37
16336,C-Taf3HS2L32
16337,C-TafAGUHE53
16338,C-Taf3UG9210
16339,C-Taf3ZDBY09
16340,C-Taf9KMVD58
16341,C-TafWGU7U05
16342,C-TafNJEQ257
16343,C-TafLC7WB04
16344,C-TafWB17R07
16345,C-TafK5GCU14
16346,C-Taf4LHKX19
16347,C-TafJRSXR29
16348,C-TafP3KBP53
16349,C-TafBTIZL24
16350,C-TafM1OUF19
16351,C-Taf150NU48
16352,C-TafOUQMW04
16353,C-TafLQVG454
16354,C-Taf1I61J16
16355,TafRJWO10
16356,TafM6N757
16357,TafEYGL08
16358,GanV5420
16359,GanNH233
16360,GanQHC59
16361,GanHP831
16362,GanZO111
16363,GanHX945
16364,GanFV004
16365,Gan0ZF310
16366,GanF5ZZ22
16367,Gan3MXR31
16368,Gan1L4739
16369,Gan3QRT55
16370,GanDVB756
16371,GanVY7455
16372,Gan40T34
16373,GanIYJ46
16374,GanFD656
16375,GanUF131
16376,Gan9Z914
16377,GanKRC38
16378,GanK1J57
16379,C-GanMOVAD36
16380,C-Gan0L6J208
16381,C-GanXOR0X59
16382,C-GanQ1O7D43
16383,C-Gan883YU05
16384,C-GanK5FY425
16385,C-GanSK08K46
16386,C-Gan2X2UJ46
16387,C-GanSTCTD55
16388,C-GanK78OE15
16389,C-Gan69O0D22
16390,C-GanEP2AV01
16391,C-GanP1SR306
16392,C-GanK8L2Q56
16393,GanB69L15
16394,GanGKCT40
16395,Gan1V8J17
16396,GanBBVE43
16397,GanS4GR34
16398,Gan0BQ10
16399,GanJ2E37
16400,GanS8V54
16401,Gan1XR04
16402,GanSX538
16403,GanLT653
16404,Gan36E02
16405,GanXQO45
16406,GanXEY42
16407,GanS7H12
16408,GanBST03
16409,GanSLQJ19
16410,GanIWHR07
16411,GanAUNL33
16412,GanK88C40
16413,GanZ3W747
16414,Gan71Z658
16415,Gan9R8C19
16416,GanL0JN11
16417,GanZ8Y507
16418,Gan21A29
16419,GanJKK41
16420,GanKB733
16421,GanNPW08
16422,GanOWH19
16423,GanRBC44
16424,Gan9M823
16425,C-GanGG1EJ03
16426,C-Gan2E63N03
16427,C-Gan1B64530
16428,C-Gan9C9VC57
16429,C-Gan38X4N06
16430,C-GanNR0UT22
16431,C-GanNT33338
16432,C-Gan769D933
16433,C-GanLH18917
16434,C-GanD8RMI34
16435,C-GanGD89624
16436,C-Gan6XD2F59
16437,C-Gan4WOE531
16438,C-GanXBYUB42
16439,C-GanWOKT902
16440,C-Gan03NKD03
16441,C-GanHX46030
16442,C-GanJ3A6N27
16443,C-GanZY7EK18
16444,C-GanN2DYG32
16445,C-GanARUDS31
16446,C-GanORGZQ41
16447,C-Gan1EED253
16448,C-GanBJ33X52
16449,C-GanCULQF11
16450,C-Gan5INOB36
16451,C-GanKU6O343
16452,C-GanNH6HY50
16453,C-GanNVUMG44
16454,GanGUA20
16455,Gan9FC52
16456,GanICB12
16457,Gan7OVS44
16458,GanQ1LF10
16459,GanQZN411
16460,GanRGJZ36
16461,Gan3OZR36
16462,GanQVO022
16463,GanJWQ801
16464,GanSBD523
16465,Gan712316
16466,Gan6QSW16
16467,GanCNM040
16468,GanY6U427
16469,GanQMUI36
16470,GanDGR608
16471,Gan8DY053
16472,GanZ0VH03
16473,GanWB6639
16474,GanMAWM08
16475,Gan4YD446
16476,GanSDJG56
16477,Gan5FQ710
16478,GanD5AD07
16479,GanDY5T22
16480,GanV76810
16481,GanF0EW06
16482,GanGT6O37
16483,GanNRBG31
16484,Gan5FQ621
16485,GanX8YY12
16486,GanZPD331
16487,Gan8LF21
16488,GanTSE09
16489,GanYH623
16490,Gan15D14
16491,GanFDC15
16492,GanBN129
16493,GanVXV19
16494,GanH6029
16495,GanG1R50
16496,Gan1R640
16497,GanCWDF49
16498,Gan3K6I36
16499,Gan4OJL56
16500,Gan94LT15
16501,GanRXMG54
16502,GanCL7609
16503,GanPZU59
16504,C-GanKP9ZW42
16505,C-Gan89PWW59
16506,C-Gan9H3AS09
16507,Gan8V029
16508,GanEKU08
16509,GanTJC42
16510,GanE7S37
16511,GanDQ458
16512,GanTOJ27
16513,GanP1O619
16514,Gan86NH43
16515,GanGAG023
16516,GanDCYN55
16517,GanQ3NO54
16518,Gan5G1V19
16519,GanRQF345
16520,GanWEK57
16521,DasF3X59
16522,Das5G922
16523,DasAFQ21
16524,Das3FJ54
16525,Das48249
16526,Das15X29
16527,Das6IT45
16528,Das14V18
16529,Das0JC53
16530,DasT0N46
16531,DasMYU46
16532,DasQ4015
16533,Das5QI50
16534,DasQ7C22
16535,DasH3341
16536,Das88S27
16537,DasP1I28
16538,DasNHK07
16539,Das2XS46
16540,DasRNY01
16541,DasFH925
16542,DasEQ541
16543,DasCTP19
16544,DasLVF58
16545,Das4JN22
16546,DasD9750
16547,DasD3Y04
16548,DasMPR38
16549,Das7E529
16550,DasX6Z42
16551,DasWW940
16552,DasYAI38
16553,DasD5F57
16554,DasXQM18
16555,DasDZ020
16556,DasWVR39
16557,Das81W40
16558,DasY1L24
16559,DasKN851
16560,Das45V19
16561,Das2AH01
16562,DasO7C46
16563,DasW0O27
16564,Das98V58
16565,Das8WD18
16566,DasHEQW21
16567,DasG63J57
16568,Das7XQB51
16569,DasOH2Z10
16570,DasHP6F12
16571,DasS9CG29
16572,Das4I9A40
16573,DasXRQK36
16574,DasBTJL02
16575,DasBDZT38
16576,DasVA8008
16577,DasDM6A05
16578,DasD2QB39
16579,DasVPGH07
16580,DasLYF443
16581,DasD1FW41
16582,DasGDNM04
16583,Das7RUL40
16584,DasKUGU16
16585,DasZY4X42
16586,DasGB6Y45
16587,DasLK6C06
16588,DasCQ0N58
16589,DasXJIS09
16590,Das4HVT32
16591,Das097R00
16592,DasS41J34
16593,DasALA403
16594,DasZQB549
16595,DasUMXX38
16596,DasMNMP59
16597,DasDGKX36
16598,Das15WW13
16599,Das588I02
16600,Das098Z53
16601,Das82CP21
16602,DasHFPQ33
16603,Das2Y1J12
16604,Das570S33
16605,DasILFU52
16606,DasYU7A01
16607,Das2ICW26
16608,Das09T716
16609,DasH7V531
16610,DasAX0N43
16611,DasCSCH48
16612,DasF0YI49
16613,DasTRXD53
16614,DasDO1H40
16615,Das0Q3A37
16616,DasTH6923
16617,Das1BKY36
16618,DasH7SI20
16619,Das21T56
16620,DasEMR11
16621,DasR5827
16622,DasL0O42
16623,Das63635
16624,DasGV432
16625,DasIC946
16626,Das9KA37
16627,Das10543
16628,DasWKJ40
16629,DasBTX44
16630,DasH0W35
16631,DasQGK14
16632,DasEVK54
16633,DasXEW06
16634,DasQBX42
16635,Das3WK03
16636,DasJES42
16637,Das0JU01
16638,Das0P936
16639,DasUAL55
16640,DasYBZ57
16641,DasVXV50
16642,Das4AF14
16643,DasNQ253
16644,DasTSM02
16645,Das64N28
16646,DasWRB21
16647,DasH6Q49
16648,DasPOU15
16649,DasFPK16
16650,Das96554
16651,DasHME24
16652,Das1V311
16653,DasSVJ24
16654,DasTO108
16655,DasQQ737
16656,Das7RXF53
16657,C-Das6UQNS20
16658,C-DasRKW6K23
16659,C-Das1UWUE53
16660,C-DasVLNYH25
16661,C-DasPUNM720
16662,C-DasLUVPU06
16663,C-DasGVT4P37
16664,C-DasJPQY328
16665,C-DasTDIRY33
16666,C-DasOW4KE48
16667,C-DasGGNC807
16668,C-DasR0MU050
16669,C-DasKUJOI59
16670,C-DasSD5QZ32
16671,C-DasIVK5Q42
16672,C-DasCYE1847
16673,C-Das6Y4U956
16674,C-DasE464R36
16675,Das33JR20
16676,DasVP7Z27
16677,Das2Y5Z02
16678,Das2PNC13
16679,DasPKY400
16680,DasQEXP13
16681,DasA3GO27
16682,DasO7U654
16683,TorM9Y20
16684,Tor68J537
16685,TorP2RB08
16686,Tor6EE312
16687,TorQ44W30
16688,TorQ76T35
16689,TorNMDI00
16690,TorY7WZ40
16691,TorL2C050
16692,TorPOIX25
16693,TorH76K52
16694,TorUOEM31
16695,TorLGC151
16696,Tor4DB138
16697,TorS9O114
16698,Tor7MAZ47
16699,Tor486A06
16700,TorLKL16
16701,TorGLR38
16702,TorD2240
16703,TorDMT04
16704,TorP1W14
16705,TorKMT33
16706,TorEW050
16707,TorT8F39
16708,TorDDN47
16709,Tor0FQ24
16710,TorFAJ12
16711,TorLNK25
16712,Tor99QL59
16713,Tor0JM048
16714,Tor1AB701
16715,TorW22Z34
16716,TorC45Y41
16717,TorVQ6802
16718,TorT5VH32
16719,Tor7KT819
16720,Tor58K749
16721,Tor14V949
16722,TorNYV144
16723,TorXIJ617
16724,TorC7IX44
16725,TorYDZW22
16726,TorSWBL56
16727,TorLCTW13
16728,Tor20EP47
16729,TorQNHX06
16730,TorSIB517
16731,TorNN6A07
16732,Tor3P1543
16733,TorFJYD27
16734,TorTYG933
16735,Tor7ROM52
16736,Tor5JDP42
16737,Tor0NK405
16738,Tor5SND19
16739,TorPB5Q33
16740,TorWAU320
16741,TorQ47H31
16742,TorDO7J32
16743,TorZW4W56
16744,TorHGGQ20
16745,TorLFKI48
16746,TorFXGR00
16747,TorH45W06
16748,TorW3XQ39
16749,C-TorCLFDI31
16750,C-TorXX1EF59
16751,C-Tor372K316
16752,C-Tor3XQTF49
16753,C-TorA90X225
16754,C-TorN1OTH48
16755,C-TorLCC4312
16756,C-TorZHNIK22
16757,C-TorZ6J7743
16758,C-TorQY6L156
16759,C-TorY7XLX12
16760,C-Tor7W4MD34
16761,C-TorDFM5457
16762,C-TorNAPZR47
16763,C-TorXCAQ540
16764,C-Tor4CEEX01
16765,C-TorQBXKB45
16766,C-TorBZCF406
16767,C-TorJ054P47
16768,C-TorGHNPO27
16769,C-Tor0F36C11
16770,C-TorCO8E458
16771,C-Tor2XSPO59
16772,C-TorK03HI16
16773,C-Tor51D8Q23
16774,C-Tor3FKK521
16775,C-TorBY0BW53
16776,C-Tor8I68P41
16777,C-TorHGJKY20
16778,C-TorSCTZZ55
16779,C-Tor5UYMM44
16780,C-TorO2USL15
16781,C-TorFFZ4A19
16782,C-TorTWY8S45
16783,C-Tor8KBEU35
16784,C-TorLMU4Q58
16785,C-TorZ5NOW11
16786,C-TorKL5BL19
16787,C-TorL8OAF17
16788,C-TorGRI8S57
16789,C-TorSCW4P03
16790,C-TorQVV0C56
16791,C-TorTSL2A55
16792,C-TorOUWRV19
16793,C-Tor9Q6WJ42
16794,C-Tor2F4VS16
16795,C-TorNS0NR07
16796,C-TorS9WQF29
16797,C-TorW1IPW45
16798,C-TorM9LH200
16799,C-Tor8VFHX43
16800,C-Tor6G1Q156
16801,C-TorKNNHL24
16802,C-TorTZX7W55
16803,C-Tor1V8HC58
16804,C-Tor32X3O23
16805,C-TorMNM1H30
16806,C-TorBE01305
16807,C-TorQGIT037
16808,TorXIGX27
16809,TorEV726
16810,TorE5G40
16811,Tor6F143
16812,TorXG1726
16813,Tor3Q9L22
16814,Tor2Q5F53
16815,Tor0X6F12
16816,TorLTG448
16817,TorFS2G41
16818,TorWG1Y15
16819,TorEVLT01
16820,Tor6MUL52
16821,TorUSID25
16822,TorTRTS47
16823,TorJR4311
16824,WarH7437
16825,WarCIY12
16826,War6EP41
16827,War3IQ27
16828,WarYU113
16829,WarZ0110
16830,WarM7E33
16831,War29814
16832,WarGLT42
16833,War1G739
16834,WarN8S24
16835,WarUBF25
16836,WarPBK38
16837,WarC3902
16838,WarNIL29
16839,WarE9L19
16840,WarMPC34
16841,War8CA32
16842,WarZ3304
16843,WarB7RU48
16844,WarZKAH58
16845,WarPKDV30
16846,WarNIZ047
16847,WarAS9W09
16848,WarOYT552
16849,War0PJA50
16850,WarV2TH54
16851,War4Z326
16852,War8K6538
16853,WarLE5I09
16854,WarRKU59
16855,WarPN040
16856,WarTOD58
16857,WarDVF12
16858,C-WarZWXH824
16859,C-WarGD7UU52
16860,C-War1060A06
16861,C-War5YU2L20
16862,C-WarRK9LJ11
16863,C-WarN9J4P55
16864,C-WarDRIF716
16865,C-WarIN2F645
16866,C-War7TLLT06
16867,C-War0IC2C02
16868,C-WarC57PC17
16869,C-War0MFTA11
16870,C-War57DQ619
16871,C-War87VWO51
16872,C-WarHD8KN40
16873,C-War8N1E204
16874,C-WarOK7QD12
16875,C-WarJVU1A11
16876,C-WarVOVRI18
16877,C-WarLBTQO59
16878,C-WarGH6HU07
16879,C-WarU9KRL38
16880,C-War6U5U019
16881,C-WarO35XR03
16882,C-WarO1L4A44
16883,C-War9KKOY32
16884,C-WarZHWW231
16885,WarCRD21
16886,WarLXV20
16887,WarH9I57
16888,WarB2D46
16889,WarP8H346
16890,WarRFHC57
16891,WarMBOK30
16892,WarM3BU42
16893,WarFYA927
16894,WarSP0953
16895,WarIL3918
16896,War5EN604
16897,WarMWHD11
16898,WarYVOU40
16899,WarSW3647
16900,WarQL7I24
16901,WarUL0I13
16902,War4FPZ45
16903,WarWMOV09
16904,WarOCWD58
16905,WarDEII06
16906,War2GFN49
16907,WarG9PT30
16908,WarMK9W59
16909,WarW9YI00
16910,WarQN4U50
16911,War99LO38
16912,War7Q6G24
16913,War84N828
16914,WarVOP538
16915,WarI49352
16916,War410E11
16917,WarJAFI44
16918,WarKKRX02
16919,WarSGWJ23
16920,WarVN4Q04
16921,WarJB7V15
16922,WarATMG58
16923,WarU6KG26
16924,WarGHJ531
16925,WarA1A020
16926,WarTRAM18
16927,War2RXH27
16928,C-AlkXAKSP31
16929,C-AlkPV0J301
16930,C-AlkIZFCQ46
16931,C-AlkM9K1000
16932,C-Alk2DXQO49
16933,C-AlkTBPEV17
16934,C-Alk0RDVN54
16935,C-AlkCIUNO00
16936,C-Alk5M4H920
16937,C-AlkBR02T06
16938,C-AlkK760515
16939,C-AlkD3DE227
16940,C-AlkWQ6E654
16941,C-AlkBW1KY43
16942,C-AlkG6LXC06
16943,Alk09M023
16944,Alk4W2953
16945,AlkKRRF41
16946,AlkS2SQ35
16947,AlkPZLV25
16948,Alk9SSF44
16949,Alk5UF359
16950,AlkTF2H56
16951,AlkX0E532
16952,Alk2ALK05
16953,AlkRYWZ21
16954,AlkELJU24
16955,Alk4B8F56
16956,Alk4LV513
16957,AlkPMFS21
16958,AlkNIPQ14
16959,Alk3VF555
16960,Alk996F31
16961,AlkFF7742
16962,Alk2QZS06
16963,AlkZNX423
16964,Alk3T8B19
16965,AlkTFR745
16966,AlkZMF958
16967,AlkF0OF37
16968,AlkQOMO18
16969,AlkRA4G16
16970,Alk874Q30
16971,AlkY47U09
16972,AlkX6QS51
16973,AlkQIME39
16974,AlkCFTQ27
16975,AlkU8VQ45
16976,AlkEQEH02
16977,Alk5HV456
16978,AlkVPGX53
16979,Alk7R8X47
16980,Alk4IEX22
16981,C-AlkTBVW510
16982,C-AlkH331K09
16983,C-AlkZMN6E07
16984,C-AlkG5IA132
16985,C-AlkPSNLZ32
16986,C-AlkZ5BS248
16987,C-AlkHPUE023
16988,C-AlkBSFMA10
16989,C-AlkZPRPM49
16990,C-AlkA70NH36
16991,C-Alk5619S06
16992,C-AlkH5D8X02
16993,C-AlkVMH0223
16994,C-AlkAUFHZ41
16995,C-AlkQ0KH004
16996,Alk38Z59
16997,AlkNA7J00
16998,AlkD4BN10
16999,AlkOD5M22
17000,Alk8GQF14
17001,AlkTNLI16
17002,AlkM41821
17003,C-IkaNGGD717
17004,IkaRSX33
17005,IkaDRW33
17006,IkaMZL27
17007,IkaZ1B40
17008,Ika2YS52
17009,IkaU5800
17010,IkaJ4S06
17011,Ika4KY37
17012,IkaGJP24
17013,Ika7CM57
17014,Ika82330
17015,IkaD4H56
17016,IkaHFN10
17017,IkaY2X38
17018,Ika7NW42
17019,IkaYOS17
17020,Ika1KH22
17021,IkaM3B37
17022,IkaJXL45
17023,IkaE4JY38
17024,IkaOD4N43
17025,Ika5J2O25
17026,IkaOJWX21
17027,IkaAT1E09
17028,IkaA28B16
17029,Ika2E4L16
17030,IkaMVQ102
17031,IkaTP4011
17032,IkaW6KU23
17033,IkaWNKA11
17034,IkaWWXC37
17035,Ika8MXO03
17036,IkaU9ZB25
17037,IkaLAKG53
17038,IkaSLH331
17039,IkaR4Z542
17040,Ika80RK58
17041,Ika3GC14
17042,IkaZAH21
17043,IkaYCK046
17044,IkaK8ZK18
17045,IkaAL3M55
17046,IkaPQ9M25
17047,IkaMHWP02
17048,IkaNOY200
17049,IkaCPNN31
17050,IkaT7KQ24
17051,Ika7M4S24
17052,IkaEHV753
17053,IkaOGNL16
17054,IkaXL7W38
17055,IkaUVA233
17056,Ika0RBX24
17057,Ika802U49
17058,IkaUB0042
17059,IkaT72S07
17060,IkaCHPM49
17061,IkaZ4AH49
17062,IkaJPDM10
17063,IkaE78235
17064,IkaLX0J55
17065,Ika49GK35
17066,IkaQ1N804
17067,IkaXKVZ13
17068,Ika7TKV58
17069,IkaW53S44
17070,IkaF8Q926
17071,IkaSATJ45
17072,IkaTZEZ36
17073,Ika7QMM56
17074,Ika4PY908
17075,Ika7COJ20
17076,Ika7LQJ28
17077,Ika519Q54
17078,IkaAKM539
17079,IkaPWD910
17080,Ika5DPL16
17081,IkaJKB538
17082,Ika62KS15
17083,IkaVZY046
17084,Ika316A35
17085,Ika3QTI36
17086,IkaBDIR14
17087,Ika6MKC55
17088,Ika7LY553
17089,IkaGF0B19
17090,IkaGLLX40
17091,IkaUOOE02
17092,IkaODMY44
17093,IkaXAGY15
17094,IkaDXJC07
17095,IkaM5QG27
17096,Ika003422
17097,IkaN7S246
17098,IkaG3Z508
17099,IkaJYSC28
17100,IkaB5Q710
17101,IkaHVHH01
17102,IkaXFN132
17103,Ika39WR40
17104,IkaQCSZ26
17105,IkaFK0T10
17106,IkaH8CJ58
17107,IkaAEPN06
17108,IkaTD4Z16
17109,IkaPYC415
17110,IkaKGGC04
17111,IkaVC0236
17112,IkaQ2T812
17113,IkaM9US03
17114,IkaZAKX15
17115,Ika6U0X59
17116,IkaZGBV02
17117,IkaPWII39
17118,IkaJZYZ28
17119,IkaV4QR21
17120,IkaCHU117
17121,IkaSB3G13
17122,IkaJ3D30
17123,Ika18M11
17124,IkaA4W31
17125,IkaGCG56
17126,Ika4TI58
17127,IkaENP51
17128,IkaK3131
17129,IkaSVD06
17130,IkaOCB19
17131,IkaKZA33
17132,IkaFQW25
17133,IkaZXG16
17134,IkaESW07
17135,IkaA2P44
17136,C-IkaAS5AW49
17137,C-IkaCQ61Y52
17138,C-IkaJJ2S916
17139,C-IkaUCL9148
17140,C-IkaMLXQR36
17141,C-IkaTI8WY22
17142,C-Ika7CEPD20
17143,C-IkaG039219
17144,C-Ika1W07227
17145,C-IkaHYTBF30
17146,C-Ika35GKZ25
17147,C-IkaANDD912
17148,C-IkaTSG2201
17149,C-Ika1YJ7Z49
17150,C-Ika9CJ3S48
17151,C-Ika5VTOJ56
17152,C-Ika53SBS53
17153,C-IkaQ5XNI07
17154,C-IkaZDEL808
17155,C-IkaKYZKR07
17156,C-IkaV64H535
17157,C-IkaHO13029
17158,C-Ika2EZA421
17159,C-IkaEICEC42
17160,C-IkaESK1014
17161,C-Ika1SIL715
17162,C-Ika9QOQ141
17163,C-IkaI7ZLB22
17164,C-Ika83GDJ06
17165,C-IkaK2ZVJ06
17166,C-Ika94WGA14
17167,C-IkaQXPCQ18
17168,C-IkaM8S1857
17169,C-Ika1XBTG30
17170,C-IkaCHVFW59
17171,C-Ika0GYM742
17172,C-IkaIVISM29
17173,C-Ika6U8BU50
17174,C-IkaS18IL06
17175,C-IkaEYGY338
17176,C-IkaNDJD206
17177,C-IkaIG5SS41
17178,C-IkaDQX6M57
17179,C-IkaYE5BC13
17180,C-IkaNU8P442
17181,C-IkaC575E19
17182,C-IkaYST5531
17183,C-IkaKRTPJ26
17184,C-IkaCFZES16
17185,C-IkaN8ZJG02
17186,C-IkaF6R2K58
17187,C-IkaSQR9U45
17188,C-IkaMC7HJ54
17189,C-IkaH3MZJ24
17190,C-IkaT6RVW47
17191,C-IkaG43P036
17192,C-IkaTIT1Q44
17193,C-IkaDRJAT13
17194,C-IkaW817225
17195,C-IkaMVC1S20
17196,C-IkaVM1ER56
17197,C-Ika3LYKD19
17198,C-IkaYA5CT19
17199,C-IkaBXXRF04
17200,C-IkaFPNRN24
17201,C-IkaZF3UR41
17202,C-IkaRQPMV47
17203,C-Ika749OC05
17204,C-IkaUB77H16
17205,C-Ika6CTEU05
17206,C-Ika8KZ0P52
17207,C-IkaORDPG17
17208,C-Ika253OC12
17209,C-IkaIB11710
17210,C-IkaNWQWA14
17211,C-Ika7Q2AR33
17212,C-IkaNJDJQ33
17213,C-IkaIVSKG43
17214,C-Ika7X8T204
17215,C-IkaTX5GZ45
17216,C-Ika6IWAL52
17217,C-IkaT2WQ228
17218,C-IkaR5ZML27
17219,C-Ika0LG3D59
17220,C-IkaCCV7Y38
17221,C-Ika3KFPD41
17222,C-IkaRX1Z823
17223,C-Ika2LFFY24
17224,C-IkaXQ85E44
17225,C-IkaXJF5D15
17226,C-IkaGPI6N59
17227,C-IkaHXK5I29
17228,C-IkaPOVEN42
17229,C-IkaQVFZR21
17230,C-IkaN3J1S47
17231,C-IkaV1M2J18
17232,C-IkaPF1AV37
17233,C-IkaW59N635
17234,C-IkaU5Z0I01
17235,C-IkaO0J4Q25
17236,C-IkaAD04V29
17237,C-IkaXC2DA23
17238,C-IkaTZ2JD57
17239,C-IkaMR0G300
17240,C-Ika7MKZQ17
17241,C-IkaH63Y506
17242,C-IkaZMEXU37
17243,C-IkaMFP8X59
17244,C-IkaCBPJJ26
17245,C-IkaNUJCO22
17246,C-IkaJS77E40
17247,C-Ika4FIMF08
17248,C-Ika92V5V45
17249,C-Ika1VEV317
17250,C-Ika4MKWY58
17251,C-IkaS7LOB02
17252,C-IkaRC1V856
17253,C-IkaBQIYZ35
17254,C-IkaT88A238
17255,C-IkaS1YSE15
17256,C-IkaIJ6YM39
17257,C-IkaHOH6A13
17258,C-Ika7XYGN04
17259,C-Ika9MQSF38
17260,C-IkaOQ5K242
17261,C-IkaHV6EW53
17262,C-IkaH69DY32
17263,C-Ika445DV27
17264,C-Ika25ACT47
17265,C-IkaPSI0347
17266,C-IkaZFK7349
17267,C-Ika8B1H051
17268,C-Ika26K3H03
17269,C-IkaX662T18
17270,C-IkaGNKC556
17271,C-Ika0MR7O14
17272,C-IkaZ8LA931
17273,C-IkaTGLSC25
17274,C-IkaYDAOP03
17275,C-IkaPF9VJ10
17276,C-IkaFTO8R10
17277,C-Ika5YO3833
17278,C-IkaT69E229
17279,C-Ika4PTMO41
17280,C-Ika1FE3Q57
17281,C-IkaPR5VS31
17282,C-IkaCSPCR25
17283,C-IkaETU0N00
17284,C-Ika5CKC748
17285,Ika7VK12
17286,IkaVY944
17287,IkaWEE20
17288,Ika4X435
17289,IkaHK247
17290,IkaF1U42
17291,IkaVZB50
17292,IkaGBM35
17293,IkaK7M18
17294,IkaAP105
17295,IkaEFU33
17296,IkaEMJ48
17297,Ika9J458
17298,IkaUFR49
17299,IkaRXV30
17300,Ika2D429
17301,Ika6VL01
17302,IkaHKL55
17303,IkaW7E45
17304,IkaBJV59
17305,Ika97F13
17306,IkaFIB51
17307,Ika5FS32
17308,IkaM8Y50
17309,Ika0DM10
17310,IkaA3U02
17311,IkaP5X15
17312,Ika4YS53
17313,Ika73Q44
17314,IkaU1N02
17315,IkaQU133
17316,IkaDMQ24
17317,IkaMK152
17318,Ika13N57
17319,IkaTEW37
17320,IkaZWN05
17321,Ika34T49
17322,IkaMQL18
17323,Ika4LL09
17324,IkaZ0412
17325,IkaH0H07
17326,IkaSML01
17327,IkaN9518
17328,Ika8AX23
17329,IkaA3I06
17330,IkaS1T42
17331,IkaRY230
17332,Ika1IG59
17333,IkaRKC54
17334,IkaFWO08
17335,Ika6IG56
17336,Ika2SP34
17337,IkaHEI14
17338,IkaIG2245
17339,IkaGZSE16
17340,Ika81FT29
17341,IkaJCPC18
17342,Ika4DNW01
17343,IkaQ3JH07
17344,IkaJ5LN41
17345,Ika2JI37
17346,Ika5JT37
17347,IkaDUI13
17348,IkaTHG31
17349,IkaJYK27
17350,IkaQ4O56
17351,IkaXZB57
17352,IkaLIW26
17353,Ika520W54
17354,IkaQWHM11
17355,IkaF2US48
17356,IkaYTO247
17357,IkaAEKF08
17358,Ika3D7219
17359,Ika0YS525
17360,IkaIJ7Z26
17361,Ika35G853
17362,IkaYD7B56
17363,IkaG7YM52
17364,IkaOOCF24
17365,IkaOP8X36
17366,Ika79TB51
17367,IkaBDVS18
17368,Ika8WUV22
17369,IkaP0C451
17370,IkaHRYK46
17371,IkaO7PE42
17372,IkaZRIE50
17373,Ika37P330
17374,IkaHG9C26
17375,IkaQQQ518
17376,IkaFRU303
17377,Ika12KU31
17378,IkaX4LW47
17379,IkaD6KL41
17380,IkaXN2F03
17381,IkaTD2034
17382,Ika05SF45
17383,IkaJI8018
17384,IkaK9LF26
17385,IkaPGKM33
17386,IkaB8U941
17387,Ika2SO545
17388,IkaL2SI31
17389,IkaG28Y09
17390,IkaX8RQ30
17391,IkaHJD725
17392,Ika7D3V56
17393,IkaYHMW06
17394,IkaSZKV54
17395,Ika448B21
17396,Ika8P8039
17397,IkaL9BP50
17398,Ika9P6Y11
17399,IkaI54738
17400,IkaTHEF08
17401,IkaG32I28
17402,IkaTWSF42
17403,Ika0R2H02
17404,IkaRHXS51
17405,IkaLIWF06
17406,IkaS21Q53
17407,IkaDV3R53
17408,IkaLW7R13
17409,IkaJWDZ09
17410,IkaUTS759
17411,Ika736X50
17412,IkaHQU343
17413,IkaP08226
17414,Ika9LF604
17415,IkaIP6T29
17416,IkaOYOM17
17417,IkaTHHB36
17418,IkaC0BF31
17419,IkaBIX820
17420,IkaSMHX12
17421,IkaU7L710
17422,IkaTRY926
17423,IkaSOFD42
17424,IkaIUT452
17425,IkaBZSU49
17426,IkaEKVG59
17427,IkaMV6228
17428,Ika2GM924
17429,IkaJ0I738
17430,Ika2ZCT32
17431,IkaR1EJ23
17432,Ika9P6959
17433,Ika957I38
17434,IkaXHKH39
17435,IkaVEC422
17436,IkaDDEX55
17437,IkaPK8S07
17438,IkaH1Y141
17439,IkaWHC302
17440,Ika24UT09
17441,IkaVK7G13
17442,IkaVYH451
17443,Ika5HVM21
17444,IkaV87036
17445,IkaPKRK37
17446,Ika3S8V07
17447,IkaG0FE43
17448,IkaL20H45
17449,Ika7X5856
17450,IkaXX0K31
17451,IkaN9DT09
17452,IkaRH5002
17453,IkaLITX45
17454,Ika5MS944
17455,IkaC7EL17
17456,Ika0SD005
17457,IkaWF8L19
17458,Ika0QN406
17459,IkaN6JN21
17460,IkaUNIK30
17461,Ika137D26
17462,IkaCQ4H29
17463,IkaKXF407
17464,IkaM15820
17465,Ika5SYM13
17466,Ika5GLF03
17467,IkaHGS827
17468,IkaNUA718
17469,Ika6UGF06
17470,IkaW4QO10
17471,IkaB2FD59
17472,Ika2OQX48
17473,IkaRLT836
17474,IkaNOLA12
17475,IkaJB0W12
17476,IkaX2OM34
17477,IkaFGEQ04
17478,IkaN1X356
17479,IkaN7E918
17480,IkaI7US34
17481,IkaJ6HC01
17482,IkaHEUZ15
17483,IkaB6BC27
17484,IkaMCN545
17485,Ika1TLS32
17486,IkaRCPO02
17487,Ika1FFJ36
17488,IkaDBKL44
17489,IkaF5FX50
17490,IkaY4B615
17491,IkaLHEE37
17492,IkaHIGN23
17493,IkaCF0Q21
17494,IkaZCXI12
17495,IkaKALU55
17496,Ika0PGW30
17497,IkaQ6U011
17498,IkaN2ZQ10
17499,IkaA6LN12
17500,IkaXLKV56
17501,IkaELU153
17502,IkaPF9726
17503,IkaMPQV34
17504,IkaFU5C22
17505,IkaV0R23
17506,IkaP8812
17507,IkaMAP26
17508,IkaPLR42
17509,IkaIT402
17510,IkaLUJ43
17511,IkaM6Y56
17512,IkaG0T08
17513,IkaTXJ34
17514,IkaKY800
17515,IkaATD45
17516,IkaTBT46
17517,IkaV1P09
17518,Ika4Y023
17519,Ika30R44
17520,Ika9AK42
17521,Ika9FP39
17522,IkaTYB39
17523,IkaGR901
17524,IkaJLA25
17525,IkaKC719
17526,Ika7UF52
17527,IkaTNP53
17528,Ika0TH05
17529,IkaVA931
17530,IkaYHC39
17531,Ika5LO36
17532,IkaVOU27
17533,IkaER921
17534,IkaRXU23
17535,IkaIXC38
17536,IkaDAS35
17537,IkaV6Q15
17538,IkaM6AD52
17539,Ika700W49
17540,Ika7KF645
17541,Ika87XV44
17542,IkaB13C36
17543,Ika544L08
17544,IkaH0RP33
17545,Ika6SRD39
17546,IkaTQC55
17547,IkaM4B51
17548,IkaQLT08
17549,Ika4KA14
17550,IkaR1A26
17551,IkaYCY35
17552,IkaZCQ40
17553,IkaWTK14
17554,IkaFQ147
17555,IkaL9M29
17556,IkaDC721
17557,IkaOGM35
17558,IkaTDS00
17559,IkaOOM44
17560,IkaTVJ21
17561,IkaE7X55
17562,Ika7J318
17563,IkaCG813
17564,IkaLRB52
17565,Ika5B503
17566,Ika1BX05
17567,IkaLLL12
17568,IkaWFK01
17569,Ika1Y755
17570,Ika4MH04
17571,Ika6L528
17572,IkaIIG47
17573,IkaEKG44
17574,IkaL7825
17575,IkaXDV43
17576,Ika29K10
17577,Ika59B24
17578,Ika2BG21
17579,Ika1YF32
17580,Ika6LW49
17581,IkaXUI19
17582,IkaZ1B39
17583,IkaZ2T48
17584,Ika02T52
17585,Ika9WV52
17586,IkaYNB50
17587,IkaZDM47
17588,Ika8LN32
17589,IkaDKP01
17590,IkaTVL24
17591,Ika63A49
17592,IkaCFD12
17593,Ika0XG09
17594,IkaFSL28
17595,IkaNQ810
17596,IkaITK49
17597,IkaM5914
17598,Ika80641
17599,IkaI4F50
17600,IkaEHZ07
17601,IkaYV748
17602,IkaR4C51
17603,IkaZZP01
17604,IkaI4Z07
17605,Ika8CR08
17606,IkaK3H50
17607,C-IkaQOLCI07
17608,C-IkaBCQ6S41
17609,C-Ika9ZQNA01
17610,C-IkaPNAEM54
17611,C-IkaMN3AA11
17612,C-Ika5WT3L14
17613,C-IkaUNC9F37
17614,C-IkaJTSQS22
17615,C-Ika1P00004
17616,C-Ika5BA8Y38
17617,C-IkaHLAVN11
17618,C-Ika984IL07
17619,C-IkaCRO4I36
17620,C-IkaIJTV602
17621,C-IkaW1Y9215
17622,C-Ika41JHR56
17623,C-IkaJ17NK42
17624,C-IkaQ8PFK57
17625,C-IkaCFLFB25
17626,C-IkaQIT8630
17627,C-IkaADDN639
17628,C-IkaAZ6O618
17629,C-IkaVQL7243
17630,C-IkaAATKH15
17631,C-IkaB43V651
17632,C-IkaBEA0006
17633,C-IkaURBPD06
17634,C-IkaQEBUL40
17635,C-IkaE0UO432
17636,C-Ika4AS6C39
17637,C-IkaUPJDU24
17638,C-IkaF303D06
17639,C-IkaN2YPA43
17640,C-Ika1MFM647
17641,C-IkaHXAC351
17642,C-IkaDG4QY16
17643,C-Ika0YU3Y41
17644,C-IkaLTXLE04
17645,C-IkaJWX4T55
17646,C-IkaPZSV638
17647,C-IkaX2FXX53
17648,C-IkaZ9HGU38
17649,C-IkaI8OK750
17650,C-IkaZB0PW49
17651,C-Ika1TLJT18
17652,C-IkaFWS1947
17653,C-IkaZESS151
17654,C-Ika87M6O42
17655,C-IkaS9I9959
17656,C-IkaMN43H33
17657,C-Ika5EQ3238
17658,C-IkaX20C041
17659,C-Ika9SJFQ57
17660,C-IkaOXOCT57
17661,C-IkaHWU0O00
17662,C-IkaNZS8801
17663,C-IkaKLO4W11
17664,C-IkaOPC0E16
17665,C-IkaZ8I5P49
17666,C-IkaEJBDF45
17667,C-IkaPZ00011
17668,C-Ika1UQFW00
17669,C-IkaQNZJ553
17670,C-Ika076AB52
17671,C-IkaDKYO835
17672,C-IkaY6A0B30
17673,C-IkaNVZS250
17674,C-IkaJX7ID12
17675,C-IkaNWMZX35
17676,C-IkaNSAK908
17677,C-IkaD5M0403
17678,C-IkaKC2WX06
17679,C-IkaRCOPR54
17680,C-Ika4HTOK02
17681,C-IkaCQFC352
17682,C-IkaCTUMR55
17683,C-Ika3T3Q155
17684,C-IkaNU06T08
17685,C-IkaP01ZP06
17686,C-IkaHLO3216
17687,C-IkaWPV3Z45
17688,C-IkaCOS2045
17689,C-IkaBNIPA51
17690,C-IkaHMHD741
17691,C-IkaTDJCV53
17692,C-IkaZNY2V39
17693,C-IkaQDFVW39
17694,C-IkaS73L505
17695,C-IkaGY4C153
17696,C-IkaWK0XD07
17697,C-IkaX0S1D15
17698,C-IkaTBRY033
17699,C-IkaPSQ3L13
17700,C-Ika3HWSZ14
17701,C-IkaP92OT07
17702,C-IkaYZZFD31
17703,C-IkaI9PDJ50
17704,C-IkaS51C743
17705,C-Ika7TPEN11
17706,C-IkaZT33X30
17707,C-Ika37K5F00
17708,C-Ika3DWGA18
17709,C-IkaOMDUH34
17710,C-IkaXHE4635
17711,C-IkaAMFBR48
17712,C-IkaMALLQ10
17713,C-IkaWMYF619
17714,C-IkaZC26G44
17715,C-IkaKZUOS05
17716,C-IkaPJ95611
17717,C-Ika9USZI46
17718,C-IkaV15ZY42
17719,C-IkaM5A6G17
17720,C-IkaDFDOY08
17721,C-IkaXU5IX23
17722,C-IkaDK8P115
17723,C-IkaKLPK327
17724,C-IkaFDQCN06
17725,C-IkaISR7F51
17726,C-IkaCX7DL05
17727,C-IkaP7BQ506
17728,C-IkaK6EM538
17729,C-IkaJX9YP45
17730,C-IkaB2H8242
17731,C-IkaBP84O29
17732,C-IkaCBLOE10
17733,C-IkaTB7J412
17734,C-IkaTUTTU31
17735,C-Ika2R7C257
17736,C-Ika491YD11
17737,C-Ika5B50O10
17738,C-Ika3DETJ01
17739,C-IkaIBDZB53
17740,C-IkaQKODV15
17741,C-IkaOCKGV06
17742,C-IkaEQ1ED59
17743,C-IkaI8E7L50
17744,C-IkaXJPMH42
17745,C-IkaOEMZF27
17746,C-IkaOJ4NV41
17747,C-IkaTTR3H20
17748,C-IkaRV5X340
17749,C-Ika6LQBD09
17750,C-IkaJFDE527
17751,C-IkaN3PGH43
17752,C-IkaIFTSN27
17753,C-IkaMNJG142
17754,C-IkaRSB3Y48
17755,C-Ika9U9OS37
17756,C-Ika4EBOP16
17757,C-Ika9M4IH36
17758,C-IkaOQOU812
17759,C-Ika52O7L17
17760,C-Ika17Y7U40
17761,C-IkaADSZH38
17762,C-IkaO1UN559
17763,C-IkaZ2ZMQ31
17764,C-IkaP34MB41
17765,C-Ika7092259
17766,C-IkaJXR9F39
17767,C-IkaJQTWU11
17768,C-IkaNAN9P57
17769,C-IkaG9VL012
17770,C-IkaOFWL314
17771,C-IkaA0APP44
17772,C-Ika73VG016
17773,C-IkaTWNYX35
17774,C-IkaIYOIZ27
17775,C-IkaVNGIT01
17776,IkaF53322
17777,IkaC44M33
17778,IkaZLF404
17779,Ika06SS05
17780,IkaHD5742
17781,IkaG1DA10
17782,IkaJ7VQ31
17783,Ika0EN018
17784,IkaLGUX26
17785,IkaA4S819
17786,IkaDAM646
17787,IkaD03829
17788,IkaI9O816
17789,IkaT6U333
17790,IkaCVDV43
17791,IkaRYLD28
17792,IkaSBLG25
17793,IkaS1OA49
17794,IkaNDOT44
17795,IkaX8CA06
17796,IkaO4OO01
17797,IkaE3VT14
17798,IkaP2SH19
17799,IkaBOW154
17800,IkaQ1Y614
17801,IkaHVO845
17802,IkaROLB48
17803,IkaNVB958
17804,IkaL09W00
17805,Ika1AHN31
17806,IkaFZ9B46
17807,IkaEJGW09
17808,IkaHR8M38
17809,IkaVUSR19
17810,Ika5N8153
17811,IkaUMD707
17812,Ika3ICK50
17813,IkaO4ZP46
17814,IkaVSGS20
17815,IkaILQG13
17816,IkaU3CZ36
17817,Ika9SXE24
17818,Ika6DDU13
17819,IkaZDL155
17820,IkaRQR406
17821,IkaW6LY55
17822,Ika19H257
17823,IkaHBIJ07
17824,Ika8WOU32
17825,IkaQIWW57
17826,IkaKYR833
17827,IkaDZQ035
17828,IkaC63Q44
17829,IkaB70D23
17830,IkaZOE930
17831,IkaDS9L37
17832,IkaV5ZJ57
17833,Ika036Y36
17834,Ika4K2152
17835,Ika92LV27
17836,IkaYL8O59
17837,IkaU96339
17838,Ika6N0U57
17839,IkaE8WF59
17840,Ika7Q3F04
17841,IkaE2UH04
17842,IkaDPEG28
17843,IkaHDBA45
17844,IkaE86Q06
17845,IkaR56436
17846,IkaC80R11
17847,Ika7K4N53
17848,IkaU17837
17849,IkaGIHT38
17850,Ika2VYH07
17851,Ika993306
17852,Ika4DI848
17853,IkaT3ZM43
17854,IkaPR9W14
17855,IkaAIJS20
17856,IkaPA4X56
17857,IkaQNLI09
17858,IkaRPN215
17859,IkaB0BE35
17860,IkaTI5V43
17861,IkaXYB008
17862,IkaWAV429
17863,IkaK4AG00
17864,IkaF7DL03
17865,IkaM57711
17866,IkaZ37D32
17867,IkaG8O522
17868,IkaAGHH42
17869,Ika0MZ022
17870,Ika7XD851
17871,IkaKBI006
17872,IkaR2E023
17873,IkaUP5829
17874,IkaL0XH02
17875,IkaOYKC06
17876,Ika958S18
17877,IkaRQ6Z10
17878,Ika6A9U33
17879,Ika7CPK12
17880,IkaE63M50
17881,IkaCV4938
17882,Ika8C4U49
17883,IkaVPDU17
17884,IkaGDP424
17885,IkaTM2K36
17886,IkaA6M217
17887,Ika5UM900
17888,IkaDZNJ23
17889,Ika9BK509
17890,IkaN0YA59
17891,IkaC8IT57
17892,Ika4X5N47
17893,IkaJPCB56
17894,IkaUK1P57
17895,IkaL03438
17896,IkaHIZJ55
17897,IkaOLE938
17898,IkaU53B27
17899,Ika4M7251
17900,IkaVLAI23
17901,Ika3Z8N31
17902,IkaK1UK36
17903,IkaICJN51
17904,IkaH65T11
17905,IkaEQH733
17906,IkaUSN203
17907,IkaGR1Q26
17908,IkaPY627
17909,IkaAUG44
17910,Ika5VF06
17911,IkaOU408
17912,IkaTCI30
17913,IkaBVB06
17914,JahL94308
17915,Jah5NQ439
17916,JahLPDK10
17917,Jah322C31
17918,JahISJ812
17919,Jah706T42
17920,Jah1NJX56
17921,JahFBBB03
17922,Jah640U55
17923,JahJZTI07
17924,Jah4NM038
17925,JahHDMF01
17926,JahX9VJ14
17927,Jah1MOQ36
17928,JahB9NU53
17929,Jah9Z0F05
17930,JahS2FY56
17931,JahDH1J52
17932,JahP0GU29
17933,Jah9MMX16
17934,JahORDD12
17935,JahK7N953
17936,JahC4RZ21
17937,Jah0TFB58
17938,JahEF9718
17939,JahIKW913
17940,JahRM4B04
17941,Jah908Q28
17942,JahDV0J33
17943,Jah9E5T11
17944,JahDD1T47
17945,JahCO6858
17946,Jah9J1B02
17947,JahBMYC18
17948,JahCJCB53
17949,JahDKOZ11
17950,JahOJY512
17951,Jah9PGX03
17952,Jah866327
17953,JahBQ9214
17954,JahBC5Y26
17955,JahFGV025
17956,JahEIAY08
17957,Jah0V5Q54
17958,JahOBCN50
17959,JahEIA644
17960,Jah0A9I56
17961,Jah7YR357
17962,JahK80640
17963,JahJLC437
17964,JahYYIO56
17965,JahNZJI34
17966,JahL60J01
17967,Jah9UW835
17968,JahMY5S44
17969,JahOTYY08
17970,JahZUFB02
17971,JahMC6H12
17972,JahXCG017
17973,JahTJYV42
17974,JahR89547
17975,JahPB4M14
17976,JahL0PA37
17977,JahJ9LL22
17978,JahJKZ259
17979,JahNVHP15
17980,JahG6NI55
17981,Jah5YBK58
17982,JahILPO09
17983,JahL0G753
17984,JahBTHY22
17985,Jah3KVW03
17986,JahQ7OM00
17987,Jah6PAJ41
17988,JahMXPX48
17989,JahSG6L03
17990,Jah3P8O21
17991,Jah7L4F21
17992,Jah9GX605
17993,JahAQ6E44
17994,JahN1XE03
17995,Jah74JI57
17996,JahUHZI46
17997,JahJD5612
17998,Jah7INI33
17999,JahMI4I34
18000,JahMG6M41
18001,Jah7CA819
18002,JahW8ZO40
18003,JahKIO453
18004,JahPY0Q50
18005,Jah5I8H21
18006,JahEN6W48
18007,JahC0VN35
18008,JahOP5H02
18009,JahAM5U23
18010,Jah247B02
18011,JahH4O937
18012,Jah8WDW59
18013,Jah2UTB40
18014,JahMK5631
18015,JahQSS426
18016,Jah0RI632
18017,JahODI221
18018,Jah53ZJ12
18019,JahBAUL35
18020,JahKQQD58
18021,Jah0JII18
18022,Jah76ND42
18023,JahLH4T02
18024,Jah15LE55
18025,JahBXNV46
18026,JahMC7L32
18027,JahAMEV40
18028,JahCBHO17
18029,JahZ1Q244
18030,JahFO9B36
18031,Jah0HRN57
18032,JahLCXP20
18033,JahTDNA56
18034,JahL0BC47
18035,JahE9JV13
18036,JahMDG537
18037,Jah3YPQ14
18038,JahJDDU52
18039,Jah2NOO03
18040,JahCTL257
18041,JahTHXV25
18042,JahQARL12
18043,Jah4UW527
18044,JahMYCO39
18045,JahX9EX42
18046,Jah0D2B10
18047,JahASXX31
18048,Jah4N1W08
18049,JahDRM104
18050,Jah2FHK13
18051,Jah3GTA26
18052,Jah3Z9B05
18053,C-Jah7SMYU28
18054,C-JahZBU0B17
18055,C-Jah7MBZT35
18056,C-JahL0QMY13
18057,C-JahC4N1M02
18058,C-JahDIJ1W40
18059,C-JahK9QKA08
18060,C-JahDKJ7O29
18061,C-Jah104GR17
18062,C-JahT0OTK33
18063,C-JahWUGDH24
18064,C-JahNBU2827
18065,C-JahE9QM711
18066,C-JahFKUSE27
18067,C-JahSQL0R57
18068,C-JahWE63036
18069,C-Jah10B6B35
18070,C-JahQYQ0X38
18071,C-JahRWOEQ24
18072,C-JahT4ZNZ02
18073,C-Jah543PA17
18074,C-JahF9P9L06
18075,JahVA4K07
18076,Jah7DWN11
18077,JahKXZF38
18078,Jah142946
18079,JahH2HS15
18080,Jah99I242
18081,JahYFD233
18082,JahZQQM20
18083,Jah681O07
18084,Jah0YKF08
18085,JahGVV730
18086,JahDIAP31
18087,JahR0U07
18088,JahLWR10
18089,JahLSZ05
18090,JahM9Q12
18091,JahZJT57
18092,Jah1I739
18093,Jah72D28
18094,Jah7KR14
18095,JahIRT59
18096,JahC4X14
18097,JahAAL26
18098,Jah22I18
18099,JahFET22
18100,JahDHZ52
18101,JahOXO22
18102,JahTQC13
18103,JahVNJ39
18104,JahHTD29
18105,Jah69414
18106,JahHRA06
18107,JahRP317
18108,JahZUF42
18109,Jah2A809
18110,JahDO842
18111,JahS6J41
18112,JahI7903
18113,JahJVB26
18114,JahOV911
18115,JahGZ852
18116,JahOTV13
18117,JahW2639
18118,JahPBT13
18119,Jah00658
18120,Jah85936
18121,JahK9502
18122,Jah7OL48
18123,JahQRD38
18124,JahA0V37
18125,JahSSY46
18126,Jah4N037
18127,JahMMK27
18128,Jah1LX45
18129,Jah25I56
18130,Jah22D49
18131,JahQR136
18132,JahTCX44
18133,JahK9818
18134,JahP3511
18135,JahMIX19
18136,Jah6B650
18137,Jah1K039
18138,Jah34Y36
18139,Jah9DC36
18140,JahTP942
18141,Jah44O33
18142,JahFVN05
18143,JahETT55
18144,JahYT400
18145,JahKVM53
18146,JahO6M03
18147,JahMKI10
18148,Jah4EY23
18149,JahVC138
18150,Jah3KD32
18151,Jah6UP38
18152,JahXS609
18153,JahVUY05
18154,JahGIA11
18155,JahA2M53
18156,JahDE254
18157,JahZQN39
18158,JahHOX07
18159,JahRDK20
18160,Jah0HO06
18161,JahH3609
18162,JahQAQ18
18163,Jah4PH38
18164,JahYU654
18165,Jah7WC24
18166,Jah9GQ55
18167,JahJ3429
18168,JahBNG36
18169,JahG1609
18170,JahV2954
18171,JahFRL42
18172,Jah6BA52
18173,Jah0ZL32
18174,JahLZB29
18175,JahVQI29
18176,JahRLV50
18177,Jah5IQ49
18178,JahMZV25
18179,Jah27307
18180,Jah4DK46
18181,Jah6IB32
18182,Jah28X14
18183,JahW3K51
18184,JahOF509
18185,JahNEO17
18186,JahDSJ49
18187,Jah4YW41
18188,Jah1RZ59
18189,JahBFU58
18190,JahC8Z19
18191,JahI3F35
18192,JahG8A52
18193,Jah9OS08
18194,JahK8457
18195,JahXA441
18196,Jah8ZK59
18197,JahSRY57
18198,JahGPH37
18199,JahC4359
18200,JahJJ924
18201,JahKTG43
18202,JahN0Q38
18203,JahYTG35
18204,Jah5D718
18205,JahRU147
18206,JahFGV40
18207,JahGTZ44
18208,Jah7S615
18209,Jah33Y21
18210,JahZ5D29
18211,Jah4Z514
18212,JahA4U13
18213,JahAIQ57
18214,Jah73U03
18215,JahHQU51
18216,JahTZ850
18217,JahEAE17
18218,Jah11S28
18219,JahGVW23
18220,Jah9ZC57
18221,JahNLW06
18222,JahPZM43
18223,JahLQ629
18224,JahEOZ52
18225,JahIZS38
18226,JahGRI08
18227,JahCZF58
18228,JahJVC00
18229,Jah1JE19
18230,Jah0BU45
18231,Jah74K56
18232,Jah6SS16
18233,JahI8705
18234,JahGRB51
18235,JahD0V48
18236,JahGJJ31
18237,JahBCI13
18238,Jah4KO57
18239,Jah7T606
18240,Jah73L43
18241,JahKZN34
18242,Jah5KH21
18243,Jah5J635
18244,JahZ6K50
18245,JahW8W31
18246,Jah5JR21
18247,JahHRS33
18248,Jah87P36
18249,JahDR815
18250,JahFQL10
18251,JahX0G25
18252,JahXYF41
18253,JahD8O31
18254,Jah6EQ30
18255,JahXKV47
18256,JahGX820
18257,JahN2V46
18258,JahEFF19
18259,JahVA804
18260,JahRYY13
18261,Jah5QR58
18262,JahKB136
18263,JahDIX27
18264,JahU3618
18265,JahJBA35
18266,JahDXH22
18267,Jah59618
18268,JahTOL17
18269,JahKLT40
18270,Jah66A45
18271,JahMCX50
18272,JahXL619
18273,JahUJO32
18274,Jah2HJ01
18275,Jah0A756
18276,JahEE357
18277,JahN0707
18278,JahJSZ01
18279,Jah78Q06
18280,Jah3YZ41
18281,JahS1522
18282,JahM6T33
18283,JahG3O27
18284,JahB1S59
18285,JahA0S11
18286,Jah5TE48
18287,Jah8DN28
18288,JahLFJ16
18289,JahTFV08
18290,JahW9705
18291,Jah8QB16
18292,JahCSP14
18293,Jah00S04
18294,JahVER41
18295,JahU9P48
18296,Jah9N907
18297,JahD7R52
18298,JahUVC38
18299,JahE6E01
18300,JahNRT19
18301,JahQVD50
18302,JahQV809
18303,JahYB157
18304,JahTC728
18305,Jah5I805
18306,JahOIN06
18307,JahSFZ42
18308,JahS1M06
18309,Jah0WB47
18310,JahCC123
18311,JahBIT06
18312,Jah6AJ47
18313,JahPQA44
18314,JahY7W37
18315,JahN0C52
18316,JahT2W50
18317,JahI8T27
18318,Jah1A159
18319,JahYDW06
18320,JahXYD47
18321,JahD8I13
18322,JahZ6933
18323,JahXK507
18324,JahRA507
18325,JahDFM55
18326,JahYRT30
18327,JahXFH06
18328,JahQFV39
18329,JahIAI20
18330,Jah4S554
18331,JahCNO54
18332,JahRB111
18333,JahU9H16
18334,JahRLY39
18335,JahNOV13
18336,JahU1Z40
18337,JahJD244
18338,Jah52J00
18339,JahOVL10
18340,JahV7551
18341,JahLUT35
18342,JahCPP11
18343,JahPGO16
18344,JahTND16
18345,JahCIJ28
18346,JahDEN09
18347,Jah5Q655
18348,JahOTB25
18349,JahWK948
18350,JahJWS29
18351,JahQ6O49
18352,JahVUC52
18353,Jah6QC45
18354,JahG6017
18355,Jah4NS26
18356,Jah4P812
18357,JahSEQ17
18358,JahVN515
18359,JahQAD11
18360,Jah9W846
18361,JahNQB02
18362,Jah5NH36
18363,JahJNL00
18364,JahERU34
18365,Jah7YZ02
18366,JahDTK56
18367,JahH6N14
18368,JahKQK10
18369,JahTYX50
18370,JahAUS41
18371,JahDJP22
18372,Jah42L07
18373,JahXJ703
18374,JahRS650
18375,JahEXQ58
18376,Jah4MH10
18377,JahXFQ06
18378,Jah49T30
18379,JahB5P25
18380,JahGX327
18381,Jah9Y850
18382,JahF6W42
18383,JahSJR17
18384,JahSBR03
18385,JahATE01
18386,JahV9056
18387,Jah0H021
18388,Jah0XD03
18389,Jah46W11
18390,JahCP304
18391,JahU9644
18392,JahYTN25
18393,Jah0H807
18394,Jah6WT55
18395,JahG1S47
18396,JahCP437
18397,Jah0UR25
18398,JahLAM11
18399,JahBO415
18400,Jah1ZV30
18401,Jah2SP30
18402,JahXTN44
18403,JahZVC28
18404,JahTKH00
18405,JahA5E26
18406,Jah0WG47
18407,Jah2VW44
18408,JahL1P00
18409,Jah3KW43
18410,Jah8EV28
18411,JahJT751
18412,JahAIU21
18413,JahONW56
18414,JahO8213
18415,JahU8842
18416,JahPE759
18417,JahN5307
18418,JahI0P22
18419,JahWKT39
18420,JahOD736
18421,Jah0D430
18422,JahKPQ07
18423,JahX3P07
18424,JahT7932
18425,JahVV805
18426,JahQTM34
18427,JahGZ933
18428,Jah3OI13
18429,JahE2R32
18430,Jah42M29
18431,JahOKL50
18432,Jah94Y26
18433,JahBL744
18434,JahX6Q49
18435,JahM6Q15
18436,Jah0DU59
18437,Jah1IQ28
18438,JahJQ814
18439,JahU0N30
18440,JahMVZ33
18441,JahBLV32
18442,Jah4H800
18443,JahOMS48
18444,Jah8EM19
18445,JahLX714
18446,JahWYF47
18447,Jah4YS54
18448,JahRXG17
18449,Jah8CQ32
18450,Jah0WW24
18451,JahXGU38
18452,Jah2Y623
18453,JahAO449
18454,JahAGF21
18455,JahHQS05
18456,JahRGV54
18457,JahEEH50
18458,Jah3IU16
18459,JahKR954
18460,JahUR200
18461,JahYBV47
18462,JahS3F49
18463,JahCHM53
18464,JahI2G40
18465,JahHM638
18466,Jah8VB28
18467,Jah0WK04
18468,JahN6T35
18469,JahB1R46
18470,JahCMU51
18471,Jah6QF18
18472,JahWFV15
18473,JahT2I59
18474,Jah2HF57
18475,JahMB045
18476,JahEOJ55
18477,Jah7YC31
18478,JahKN242
18479,Jah2RQ19
18480,JahTUD57
18481,JahQWG23
18482,JahPWC51
18483,JahRPR45
18484,JahSYQ52
18485,JahUOM25
18486,Jah6WB38
18487,JahXQS06
18488,JahQ0L57
18489,JahZ3N17
18490,JahOOO41
18491,Jah0DX12
18492,JahA5L02
18493,JahJ6241
18494,Jah3NT21
18495,JahUMZ22
18496,JahF9157
18497,Jah03103
18498,JahZMT07
18499,Jah9N433
18500,Jah01T36
18501,C-Jah98SGR40
18502,C-JahSEUTG51
18503,C-JahK4C3J26
18504,C-Jah4RZZY50
18505,C-Jah9E96K08
18506,C-JahP5OEV00
18507,C-JahPV8FZ36
18508,C-JahK5O6236
18509,C-JahVO37D31
18510,C-JahVXSQF00
18511,C-JahYN54F50
18512,C-JahSWEAI22
18513,C-JahWGFHS15
18514,C-JahJBLWI18
18515,C-JahI6E2E20
18516,C-JahA2YWJ38
18517,C-JahCJ9LL49
18518,C-JahS5TJN31
18519,C-JahNMKBL04
18520,C-JahLNXBS28
18521,C-JahNUAMW11
18522,C-JahKDT0819
18523,C-JahNDJ1X15
18524,C-Jah7PY2V23
18525,C-JahSX3W111
18526,C-Jah47W7F38
18527,C-JahGBNAD42
18528,C-JahI22Y553
18529,C-Jah77NCD53
18530,C-JahVCIMD11
18531,C-JahHJ2Y412
18532,C-JahG8TRL57
18533,C-JahRYLG037
18534,C-Jah744QP23
18535,C-JahW0BUG24
18536,C-JahEG29321
18537,C-JahXZPZB03
18538,C-JahVO2RD23
18539,C-Jah17B9547
18540,C-JahCSA7155
18541,C-JahPCTOF17
18542,C-JahFS2KH06
18543,C-Jah7KJ1O53
18544,C-JahS99N456
18545,C-JahG11CM34
18546,C-JahCPJ7W11
18547,C-Jah6BTCI58
18548,C-JahI8ZDV58
18549,C-Jah0BQDS57
18550,C-JahIFNJ640
18551,C-Jah88OHB46
18552,C-JahNHKWZ56
18553,C-JahWFAP657
18554,C-Jah58ZY214
18555,C-JahHZNB909
18556,C-JahW8VBT16
18557,C-JahXMJKR18
18558,C-JahH84IW52
18559,C-Jah94A4F35
18560,C-JahCDK7O22
18561,C-JahI1XRL14
18562,C-Jah2VO9B44
18563,C-JahBSHO540
18564,C-Jah8Z6BL29
18565,C-JahRXVFV42
18566,C-JahBBZQS27
18567,C-JahHDM4812
18568,C-JahZ1BKC36
18569,C-JahYP1CT34
18570,C-JahHKBHM10
18571,C-JahMPX9P53
18572,C-Jah0HGL203
18573,C-JahLC1H415
18574,C-JahR2NI444
18575,C-JahKFUHF30
18576,C-JahNVU6721
18577,C-JahR95BK01
18578,C-JahBQ7YD26
18579,C-JahNYFMY46
18580,C-JahTT93L22
18581,C-JahGD5XV34
18582,C-JahNAGEI56
18583,C-JahM6RZE49
18584,C-JahL6QVS17
18585,C-JahKMTHJ43
18586,C-JahBWJKK46
18587,C-JahC4DWA38
18588,C-Jah84XJM52
18589,C-JahN358I12
18590,C-JahEASL747
18591,C-JahRBF4V44
18592,C-Jah743BC52
18593,C-JahSE86707
18594,C-JahK32VJ17
18595,C-JahDZAY311
18596,C-Jah5LGYA39
18597,C-Jah7K09N06
18598,C-Jah06NME01
18599,C-Jah6TYXJ12
18600,C-JahFU3UF17
18601,C-Jah9YFOY36
18602,C-JahABZQ959
18603,C-JahVL21H49
18604,C-JahDOA1P52
18605,C-Jah6TH3809
18606,C-JahXU5KX08
18607,C-Jah2F93L20
18608,C-JahZFG8Q00
18609,C-JahTKYBZ29
18610,C-JahFGIFV12
18611,C-JahERLHK15
18612,C-JahE03R639
18613,C-Jah89DJ843
18614,C-Jah2K3LV10
18615,C-JahYA8X643
18616,C-JahQLZZ119
18617,C-JahDE0BX14
18618,C-Jah5T60614
18619,C-Jah1H3A549
18620,C-Jah556Q502
18621,C-Jah2VWDP02
18622,C-JahXBN0Z51
18623,C-JahJN7N656
18624,C-JahD9EWD56
18625,C-JahGHT2832
18626,C-JahNKF1T23
18627,C-JahZ3VA109
18628,C-JahKYQBY10
18629,C-JahN3Q9M57
18630,C-JahU4XF943
18631,C-Jah2VJCM58
18632,C-JahUO1LD21
18633,C-Jah49KDZ52
18634,C-Jah45SRT23
18635,C-Jah65JW804
18636,C-JahO5BM613
18637,C-Jah168H122
18638,C-Jah4MXU543
18639,C-JahJFSR237
18640,C-JahM0TEA02
18641,C-JahH348O42
18642,C-Jah1ODZW55
18643,C-JahN8AHB08
18644,C-Jah2ZK9Q22
18645,C-JahR6IO715
18646,C-Jah0NERZ51
18647,C-JahJLJ4M14
18648,C-JahEE0YD39
18649,C-Jah5QGFD23
18650,C-Jah254QW47
18651,C-Jah2DF8Q25
18652,C-JahJPUVN34
18653,C-JahFB0E815
18654,C-Jah6RF2O09
18655,C-Jah023AR40
18656,C-JahYS7O719
18657,C-Jah3HYN128
18658,C-Jah0AXN518
18659,C-JahS23HJ57
18660,C-JahO6K1419
18661,C-JahTSW6401
18662,C-JahNFEKR00
18663,C-JahOVVNT32
18664,C-JahY0IVT26
18665,C-JahVNH7N21
18666,C-JahRL36125
18667,C-JahAVCMQ48
18668,C-JahG0R1C14
18669,C-JahC3U6P27
18670,C-JahRSYW912
18671,C-JahUTL2Z15
18672,C-JahN1ZT552
18673,C-JahIXP0308
18674,C-JahY0YRX51
18675,C-JahGK2KC53
18676,C-JahHYN4L28
18677,C-JahGR2NN46
18678,C-JahHPVNI48
18679,C-JahKK1NV23
18680,C-JahRQBM934
18681,C-JahWSP8O47
18682,C-JahC64N944
18683,C-JahLNZN616
18684,C-JahHZ4IV35
18685,C-Jah9Y5V424
18686,C-JahCHYU551
18687,C-Jah3ZN3R14
18688,C-JahVGA8536
18689,C-Jah0V3TE07
18690,C-JahV4BLQ46
18691,C-JahBNVMV43
18692,C-JahAXFOI06
18693,C-JahXE5RW19
18694,C-JahCGWMI37
18695,C-JahI8XWS30
18696,C-JahMZU8M10
18697,C-JahCWV1D51
18698,C-JahLXUD007
18699,C-JahLWJD806
18700,C-JahS4UM934
18701,C-JahNJ5VM36
18702,C-JahB8JYA13
18703,C-Jah1PL4Q08
18704,C-Jah4HQ4135
18705,C-JahJRLDW44
18706,C-JahCOSQ230
18707,C-JahGE8G756
18708,C-JahAWYGR13
18709,C-JahBVNOT18
18710,C-Jah7X5SG05
18711,C-JahPJRH909
18712,C-JahUZXYN40
18713,C-JahU7B7T38
18714,C-Jah1268O51
18715,C-Jah0QJL913
18716,C-Jah9NESU03
18717,C-Jah809FO55
18718,C-JahQ68WF45
18719,C-Jah2V00A31
18720,C-Jah0OJGG54
18721,C-Jah8LNXN02
18722,C-Jah7CHMW37
18723,C-JahWC0L618
18724,C-Jah8TS3D33
18725,C-JahWVJGF58
18726,C-JahT19ZQ12
18727,C-Jah64V7938
18728,C-JahA2AR920
18729,JahYFPX43
18730,JahG4Y308
18731,JahLQVA34
18732,JahHBYY48
18733,Jah23T659
18734,JahSM2Y06
18735,JahJ5FS09
18736,JahCCDR45
18737,JahOP1I24
18738,Jah1BJG10
18739,Jah6ZOF07
18740,JahYR4810
18741,JahSBEM13
18742,JahBMBC55
18743,Jah72WL45
18744,JahMAG616
18745,JahTH3S41
18746,Jah6MOO57
18747,JahCNZT10
18748,JahHHUA06
18749,JahD3XS33
18750,JahOGGN18
18751,JahU8PR40
18752,Jah1PZC08
18753,JahGQJS31
18754,JahHC5X41
18755,JahLVZX20
18756,Jah460026
18757,JahVV3446
18758,Jah9ABF51
18759,JahD4QY45
18760,JahX4CG39
18761,JahDOXC21
18762,JahN4NB30
18763,Jah0H3C30
18764,JahGXB531
18765,JahDTE224
18766,JahDMV503
18767,JahJ7BX05
18768,JahIGMM32
18769,JahNQYC43
18770,JahBB4G49
18771,JahZRLQ28
18772,JahB6S039
18773,JahIXNH50
18774,JahFCC49
18775,JahOFW35
18776,JahBYD15
18777,JahS5D25
18778,JahMO500
18779,Jah3WL41
18780,JahHCE53
18781,JahQ7W20
18782,JahOLN45
18783,JahG0Y07
18784,JahG1346
18785,JahXR009
18786,JahA0Y31
18787,Jah73710
18788,JahY5Y52
18789,JahE5359
18790,JahV7M37
18791,JahV1Y46
18792,Jah4RX45
18793,JahFZB32
18794,Jah8VQ13
18795,JahWBO31
18796,JahHX707
18797,JahTSB07
18798,JahOXU06
18799,JahX2H56
18800,JahWR011
18801,JahCTN06
18802,JahS1X01
18803,JahN4Y42
18804,JahBTY41
18805,JahA3258
18806,JahWZF27
18807,JahD3230
18808,JahNE638
18809,Jah3Z241
18810,JahEBW58
18811,JahIM337
18812,JahCZB35
18813,JahOTW41
18814,JahR5M41
18815,JahELI04
18816,Jah7HH58
18817,Jah6IH24
18818,Jah81J41
18819,Jah4FP08
18820,JahUY952
18821,JahKO009
18822,JahK0V16
18823,JahUN724
18824,JahKNB13
18825,Jah9UJ34
18826,JahLWZ04
18827,JahIKU52
18828,JahSHU28
18829,JahR3V54
18830,JahCNG42
18831,JahI7000
18832,Jah8G738
18833,Jah1FT41
18834,JahKJR12
18835,JahDH608
18836,JahFT235
18837,JahVTF53
18838,JahBMZ54
18839,Jah23H27
18840,JahBYT24
18841,Jah8DW45
18842,JahHP137
18843,Jah8RI16
18844,JahJ1514
18845,JahB8Z32
18846,JahH8N22
18847,JahUUR51
18848,Jah7IT56
18849,JahWJY11
18850,JahA8C32
18851,Jah47824
18852,JahVY552
18853,JahTQL50
18854,Jah1H325
18855,JahU6U12
18856,JahONR23
18857,JahRZR55
18858,Jah3IR22
18859,JahEX310
18860,JahQWF30
18861,Jah65W03
18862,Jah6VK11
18863,Jah47E43
18864,Jah4UP56
18865,Jah3BO48
18866,Jah6M930
18867,JahCD602
18868,JahKHI28
18869,JahFNM54
18870,JahBBF26
18871,JahWQ355
18872,JahZ4Q23
18873,JahDU506
18874,JahO6I26
18875,JahOJ937
18876,JahGFR27
18877,JahZ9C58
18878,JahGIR53
18879,JahIXF15
18880,Jah5A409
18881,JahV8K31
18882,Jah13131
18883,Jah7CC29
18884,Jah4D307
18885,JahGBJ40
18886,Jah5GW06
18887,JahONW49
18888,Jah7ZB39
18889,JahL6F22
18890,JahMLF23
18891,JahEEX22
18892,JahH5R15
18893,Jah92Q25
18894,JahAYK31
18895,Jah7NL06
18896,JahGW354
18897,JahGYR47
18898,JahX7M28
18899,JahRI349
18900,JahR6M09
18901,JahI6D01
18902,JahA1D40
18903,Jah1TG53
18904,Jah7Z922
18905,JahA1752
18906,JahQ5034
18907,JahPPY30
18908,JahG7051
18909,Jah1X651
18910,Jah10E32
18911,JahR0D04
18912,Jah8KV30
18913,JahRP456
18914,JahR0Z14
18915,Jah04H49
18916,Jah0EV14
18917,Jah74R04
18918,Jah2Y018
18919,JahE5F05
18920,JahZ4A30
18921,Jah6U923
18922,Jah99S25
18923,Jah68S21
18924,JahPY608
18925,JahIL003
18926,JahNVC56
18927,JahUU204
18928,JahCSW11
18929,Jah44T30
18930,Jah97F11
18931,JahE5303
18932,JahDJP39
18933,JahY0C49
18934,JahQJB37
18935,JahUUQ03
18936,JahRFT04
18937,JahM8Z18
18938,JahU6I02
18939,JahLD250
18940,JahF7146
18941,Jah3ND45
18942,JahVV550
18943,JahUA655
18944,JahOQF27
18945,JahAQR25
18946,JahDJ220
18947,JahYPQ53
18948,JahDH927
18949,Jah7CI23
18950,JahMTZ13
18951,JahC3F58
18952,JahK7D05
18953,Jah59E28
18954,JahRJS42
18955,Jah4E138
18956,Jah2HL55
18957,JahGGN33
18958,JahLUH46
18959,JahQ1901
18960,Jah48N11
18961,JahGR432
18962,Jah87519
18963,Jah5SH27
18964,JahIPH07
18965,JahUTL43
18966,JahCI705
18967,Jah4MH44
18968,JahEQU48
18969,JahHM807
18970,JahJ6532
18971,JahNOE19
18972,JahHYC08
18973,JahNP552
18974,JahD2638
18975,JahGG842
18976,JahWN349
18977,Jah2AV54
18978,Jah67E54
18979,JahNFQ36
18980,Jah4YY10
18981,JahBD952
18982,Jah4A909
18983,JahNDZ00
18984,Jah49V45
18985,JahAY803
18986,Jah93D09
18987,JahOQ151
18988,Jah3YP42
18989,JahP0C14
18990,JahE2J46
18991,Jah1P632
18992,Jah47145
18993,JahW1N52
18994,Jah5GH15
18995,JahJKS49
18996,JahRIJ23
18997,JahUF352
18998,JahNR947
18999,Jah2W750
19000,Jah2O122
19001,Jah3F621
19002,JahPHA16
19003,JahP1238
19004,JahEDP43
19005,JahNY030
19006,Jah73Z28
19007,Jah84801
19008,JahC4T55
19009,JahO4W36
19010,JahJ2G36
19011,JahMJ353
19012,Jah1HR29
19013,Jah05628
19014,Jah9EJ36
19015,JahT9N01
19016,JahIT543
19017,JahV0H54
19018,Jah8BX54
19019,JahCZW52
19020,JahWHU16
19021,JahUQA58
19022,Jah6OE56
19023,JahJ2N34
19024,Jah59244
19025,Jah5U202
19026,JahZ7L18
19027,JahO2201
19028,JahYYF27
19029,JahICS05
19030,JahQYP05
19031,Jah95812
19032,Jah85329
19033,JahUV153
19034,JahBMO50
19035,JahUFM36
19036,JahF4F38
19037,JahAKD34
19038,Jah97423
19039,JahJ2Z23
19040,Jah7NP05
19041,JahJOK24
19042,JahFQX25
19043,JahKBX59
19044,Jah5MC10
19045,JahVP145
19046,Jah64516
19047,JahBW535
19048,Jah2QM08
19049,JahTI130
19050,JahCQ513
19051,JahJM216
19052,Jah2GP35
19053,JahMRG29
19054,Jah5Y537
19055,Jah3VA29
19056,JahT3K41
19057,JahF9905
19058,JahFCH26
19059,JahUZU33
19060,Jah5U041
19061,JahT1X46
19062,JahGP240
19063,JahOCI01
19064,JahCGS06
19065,JahL9G05
19066,JahOEZ34
19067,Jah9BJ48
19068,JahUVE03
19069,JahRUD55
19070,JahJE838
19071,JahHZS10
19072,Jah35A05
19073,JahKX807
19074,Jah2O151
19075,JahNUV23
19076,Jah8II49
19077,JahILY45
19078,JahE2A27
19079,JahX2K14
19080,JahX0T04
19081,JahOYA40
19082,JahR6J33
19083,JahT2D42
19084,JahQKI24
19085,JahTWD31
19086,Jah51Y20
19087,Jah8RZ52
19088,Jah9RG34
19089,Jah37Q52
19090,Jah3J512
19091,JahG8M36
19092,Jah49R00
19093,JahZN138
19094,JahD4Y10
19095,JahK2012
19096,JahXY622
19097,JahRJG14
19098,JahNH212
19099,Jah2KX31
19100,Jah9OO25
19101,JahTCG35
19102,JahRIZ50
19103,Jah4U308
19104,Jah8A116
19105,Jah5OW52
19106,JahEI109
19107,JahW9N02
19108,Jah73N01
19109,JahDDQ57
19110,JahI4138
19111,JahVP413
19112,JahG6J49
19113,JahBDR42
19114,JahBQ241
19115,Jah3WT23
19116,JahU5P14
19117,JahSJA00
19118,JahIWW28
19119,Jah5VH18
19120,JahKVZ55
19121,JahFZL05
19122,JahXKT33
19123,JahMAC40
19124,JahSMP22
19125,JahKYQ19
19126,JahL1Y28
19127,JahYEB28
19128,Jah49K29
19129,JahAFX00
19130,Jah9EL35
19131,JahO5I55
19132,Jah4DO34
19133,JahF2F37
19134,Jah7L304
19135,JahLV334
19136,JahY6U18
19137,JahCZ204
19138,JahPRM21
19139,JahZ0O49
19140,JahBWV47
19141,Jah6W013
19142,JahG2H37
19143,JahA5C02
19144,JahP9J54
19145,JahWM950
19146,JahT6909
19147,Jah6XB18
19148,JahA3Z24
19149,Jah10V59
19150,JahIV736
19151,JahARW19
19152,JahXO030
19153,JahCJ147
19154,JahQ6K23
19155,Jah4F600
19156,JahNGY34
19157,Jah8N546
19158,Jah7FW36
19159,JahZ4F49
19160,Jah74K12
19161,JahQRA27
19162,Jah8VF21
19163,JahYXZ40
19164,JahZ0S10
19165,JahP3G47
19166,JahX0Z44
19167,Jah8RG04
19168,JahEID15
19169,JahMT910
19170,JahTIS11
19171,JahC5841
19172,Jah8KF33
19173,JahC8244
19174,Jah96G04
19175,JahZV112
19176,JahVN244
19177,Jah1FT28
19178,JahGSF32
19179,JahRL031
19180,Jah88759
19181,Jah4UZ56
19182,JahF7O26
19183,JahG0630
19184,Jah63N52
19185,JahY8H55
19186,JahIBY00
19187,JahTM130
19188,JahGTI34
19189,Jah8TO00
19190,Jah3R725
19191,JahNN341
19192,JahIU633
19193,Jah9PO28
19194,Jah2OY24
19195,JahXGS35
19196,JahN3645
19197,Jah4M232
19198,JahVQZ06
19199,Jah39614
19200,JahS0244
19201,JahRJA56
19202,Jah8I832
19203,JahW9942
19204,JahYAX30
19205,JahKSO18
19206,JahCCP56
19207,JahF4421
19208,Jah8Y349
19209,Jah4K833
19210,JahF4631
19211,Jah39848
19212,Jah66419
19213,JahDP208
19214,JahFN905
19215,JahNTF54
19216,Jah8TM49
19217,Jah5I720
19218,JahSLL48
19219,JahNIF11
19220,Jah6PO18
19221,JahRZK39
19222,JahI2337
19223,JahN8748
19224,JahR5248
19225,JahX7934
19226,JahOUH16
19227,JahUBN24
19228,JahEQY15
19229,JahA4219
19230,JahIJA12
19231,JahR0E06
19232,JahET518
19233,Jah8HI12
19234,JahGBM54
19235,JahNR202
19236,Jah1Z843
19237,JahY0B33
19238,JahHO753
19239,JahQ0W32
19240,Jah4FG22
19241,JahBUO05
19242,JahZBQ51
19243,JahNDP40
19244,JahLHM03
19245,Jah3SS48
19246,JahTJC16
19247,Jah6B451
19248,JahVVP19
19249,Jah03209
19250,Jah72D52
19251,Jah92N48
19252,JahMY617
19253,Jah78312
19254,JahZED05
19255,JahWJN39
19256,Jah9VF11
19257,JahVYM00
19258,Jah4AK12
19259,JahR0203
19260,JahNDG20
19261,JahNHO28
19262,Jah99X03
19263,Jah1ZY05
19264,JahGPL04
19265,JahR9D00
19266,JahWPJ45
19267,Jah75N27
19268,JahBX412
19269,JahRGJ53
19270,JahT3856
19271,Jah98M22
19272,Jah31P55
19273,Jah9S722
19274,JahK5227
19275,JahXTM46
19276,JahGPF30
19277,JahND912
19278,Jah20909
19279,Jah94749
19280,JahSC721
19281,Jah3GU14
19282,JahN2K03
19283,JahACV37
19284,JahM6L31
19285,Jah4NX57
19286,JahOPW04
19287,JahJ7KN34
19288,JahQLL853
19289,JahIB7849
19290,JahGYF24
19291,Jah5WP11
19292,JahRUB45
19293,JahWAH47
19294,Jah2B039
19295,JahTVS07
19296,JahYMBQ08
19297,JahXX4Z18
19298,JahWQ8L23
19299,Jah7U1Z58
19300,JahJIA612
19301,Jah0GQP23
19302,JahZFT26
19303,JahANZ16
19304,JahWDG52
19305,JahY3K23
19306,C-JahSMNG226
19307,C-Jah1I93H28
19308,C-JahRD4SH45
19309,C-Jah7DDVY21
19310,C-Jah1TYTD03
19311,C-JahUFABI58
19312,C-JahTDDWG48
19313,C-JahP0YVV39
19314,C-JahOPSLJ43
19315,C-JahUMN7222
19316,C-JahIC0HK21
19317,C-JahR83Q755
19318,C-JahTB9TQ10
19319,C-Jah82CUF52
19320,C-Jah5V4VN57
19321,C-JahF46JW50
19322,C-JahU4R1V53
19323,C-JahRKF5S31
19324,C-Jah6MVMN33
19325,C-JahMNJMQ20
19326,C-JahSEPG946
19327,C-JahGGYMC59
19328,C-Jah6YBX814
19329,C-JahCY1FJ20
19330,C-JahG1CDC13
19331,C-Jah9EW1V12
19332,C-JahVCKZZ09
19333,C-Jah1OAYY15
19334,C-JahL9N3403
19335,C-Jah29TCP06
19336,C-JahJQ0PT54
19337,C-JahEXEJN42
19338,C-Jah7V4F944
19339,C-JahLSU1124
19340,C-JahD8ITL21
19341,C-JahP0JCW26
19342,C-Jah02N5123
19343,C-JahL73XG04
19344,C-JahJCR0Q06
19345,C-Jah41YYH57
19346,C-JahAB6BK24
19347,C-JahUPIYF28
19348,C-JahHAR5S20
19349,C-JahFQGJA23
19350,C-JahDLN6D07
19351,C-JahHR8R756
19352,C-JahW8D7H14
19353,C-JahJ99FY27
19354,C-JahM2YZH36
19355,C-JahMKB2H31
19356,C-JahDDWQI00
19357,C-JahW8FG306
19358,C-JahUTDPX37
19359,C-JahTG05F12
19360,C-JahCOP4T42
19361,C-JahGSS6E21
19362,C-Jah0NGTD00
19363,C-JahO4XMB03
19364,C-Jah4554H44
19365,C-JahW7TOT03
19366,C-Jah71WD412
19367,C-JahTFNBU48
19368,C-JahTU5V250
19369,C-Jah87V6J41
19370,C-JahA2QEL10
19371,C-JahF5MED19
19372,C-JahZX2RX32
19373,C-Jah8SEP059
19374,C-JahV30CA02
19375,C-JahCSKJB23
19376,C-Jah5MZVN29
19377,C-Jah7ZX5Q23
19378,C-Jah79VCO19
19379,C-Jah0C21E51
19380,C-Jah6ID8R20
19381,C-JahTI5BI37
19382,C-JahCORIX21
19383,C-JahF6VBA09
19384,C-Jah6PMAI15
19385,C-JahB8CIS53
19386,C-JahZ0BL735
19387,C-JahVOM5C38
19388,C-JahAQY7P07
19389,C-JahA7IL932
19390,C-Jah9OSV756
19391,C-JahW10G953
19392,C-Jah82HTF08
19393,C-JahL1I6S57
19394,C-JahFLLXK06
19395,C-JahA74GI40
19396,C-JahZ8V5315
19397,C-Jah9TSQ155
19398,C-Jah3W8LO53
19399,C-JahGT7JZ23
19400,C-JahTYFS305
19401,C-JahQ35EG00
19402,C-JahZLLQK36
19403,C-Jah1VQDU52
19404,C-Jah2P4IR17
19405,C-JahORV1G39
19406,C-Jah5ZBX006
19407,C-Jah2265O55
19408,C-Jah7DRNI24
19409,C-JahDF99T33
19410,JahHAO53
19411,JahAG144
19412,Jah84849
19413,JahUX147
19414,JahHHT20
19415,JahVAC32
19416,JahWJN12
19417,JahDI354
19418,JahKP313
19419,Jah2TI03
19420,JahCJM28
19421,JahC7A14
19422,JahTPC32
19423,JahGT224
19424,JahA1842
19425,Jah7PY11
19426,JahNNZ31
19427,Jah72K19
19428,Jah08L42
19429,Jah9ZL47
19430,JahGDX18
19431,JahYM058
19432,C-JahYGZQK58
19433,C-JahQVRMJ18
19434,C-JahMRRRB15
19435,C-JahJHYT141
19436,C-JahVE7VO38
19437,C-JahD46N136
19438,C-Jah3B2SH33
19439,C-JahIO2EQ31
19440,C-JahKWTOR23
19441,C-Jah4BJ9T34
19442,C-JahUEX8350
19443,C-Jah4459426
19444,C-JahFCE7F24
19445,C-JahHCG3420
19446,C-JahAFEV518
19447,C-JahS0P7G14
19448,C-Jah1M8B339
19449,C-JahL1NU317
19450,C-JahUJ48D27
19451,C-Jah9HU5322
19452,C-JahR0OPT21
19453,C-JahGNB7432
19454,C-JahB76X142
19455,C-Jah7I8II06
19456,C-Jah2B0V635
19457,C-JahBQNWR36
19458,C-JahOTL0Q05
19459,C-Jah6Q03646
19460,C-JahDIDON57
19461,C-Jah0FNEQ20
19462,C-Jah2LE8D12
19463,C-JahR4PXI37
19464,C-JahPJ6F238
19465,C-JahBUUSP27
19466,C-JahCG4S358
19467,C-Jah2RU3D52
19468,C-Jah3KYC437
19469,C-Jah5W3IJ27
19470,C-Jah3VBSS01
19471,C-Jah5ZY1029
19472,C-JahBBRWM49
19473,C-Jah1SUCG31
19474,C-JahV5YHE23
19475,C-JahY8IGP54
19476,C-JahETQZ606
19477,C-JahKLSQM35
19478,C-JahXBP8C53
19479,C-JahXDUIL31
19480,C-JahD1M6O15
19481,C-JahKHOQA53
19482,C-Jah5KAC935
19483,C-JahJSQVV37
19484,C-JahD8YUU33
19485,C-Jah4QF3129
19486,C-JahLKEA744
19487,Jah3R9I46
19488,Jah5EHU28
19489,JahJBU818
19490,JahNEO624
19491,Jah91TA42
19492,JahOWME23
19493,JahONJL52
19494,Jah4SUG00
19495,JahMU1920
19496,JahNR1J44
19497,Jah91EK18
19498,JahDE3421
19499,Jah65VF03
19500,JahZNUB01
19501,JahENX206
19502,JahHCMJ27
19503,JahUR9645
19504,JahVBT813
19505,JahK0TW17
19506,JahZR2F55
19507,JahMADY13
19508,JahFJ4C06
19509,Jah87BF56
19510,JahV1WQ04
19511,Jah85KW50
19512,JahBSHF00
19513,JahH1N128
19514,Jah6BXT26
19515,Jah32UW58
19516,JahO82W13
19517,JahPU7I42
19518,JahZ0HG02
19519,JahRURR46
19520,JahRBQH59
19521,JahV9BD16
19522,Jah957Q06
19523,JahA1DN31
19524,JahI79R45
19525,Jah1ROG57
19526,Jah6XQO11
19527,Jah3BB807
19528,JahX0SB56
19529,JahVZH235
19530,Jah01H315
19531,JahF4E842
19532,JahGI2C03
19533,JahBZPJ53
19534,JahL1L234
19535,Jah53WZ04
19536,JahDTC116
19537,Jah43EU44
19538,Jah1X4E06
19539,Jah1LVV19
19540,JahXJIP27
19541,JahDGRF08
19542,JahHSXR58
19543,JahB74951
19544,JahEM0I40
19545,JahFT0003
19546,Jah0FLW38
19547,JahPQ8C19
19548,Jah8DAQ58
19549,JahY93C19
19550,Jah1C3723
19551,JahUU8845
19552,JahC7PB16
19553,JahMO2W41
19554,JahIBM552
19555,C-JahKGZV050
19556,C-JahT9QQH08
19557,C-JahZS4Q953
19558,C-Jah2ZXQB22
19559,C-JahIWYA303
19560,C-Jah6ITY523
19561,C-JahY7YD140
19562,C-JahGLU0U36
19563,C-JahKVPG159
19564,C-JahYXBJZ18
19565,C-Jah9A21539
19566,C-JahS136O05
19567,C-JahTE1QN47
19568,C-JahCUZFC37
19569,C-Jah9VQOR36
19570,C-JahULZEF08
19571,C-JahXYXWR47
19572,C-JahGQS1P28
19573,C-Jah4R6YQ31
19574,C-Jah6N19H47
19575,C-JahJOW7052
19576,C-JahRF9G807
19577,C-Jah3S51Z14
19578,C-JahXQ24Q34
19579,C-Jah5P66T15
19580,C-Jah6K7JO28
19581,C-JahGPYZ656
19582,C-JahO1LGJ44
19583,C-JahBI1BW37
19584,C-Jah8NQGC35
19585,C-Jah3FXIP29
19586,C-JahMIGG519
19587,JahL6F33
19588,JahUOL49
19589,JahKZS44
19590,JahXLA09
19591,Jah0ER46
19592,JahTZI05
19593,JahKTM31
19594,JahJGO30
19595,JahOF925
19596,JahM8L37
19597,JahGBN59
19598,JahNG433
19599,Jah8X609
19600,JahW3R59
19601,JahVZM06
19602,JahVCB41
19603,Jah50A27
19604,JahHHM14
19605,JahM0559
19606,Jah51T07
19607,Jah0T831
19608,JahYSQ43
19609,JahNRN12
19610,JahM3N37
19611,Jah6J818
19612,Jah82912
19613,JahWK950
19614,JahCR227
19615,JahRQJ41
19616,JahPHH20
19617,JahVC535
19618,JahWGFU40
19619,JahIR1758
19620,JahUD7P22
19621,Jah8E5L24
19622,JahCG1V24
19623,JahLSXH26
19624,Jah2COJ19
19625,JahFR8C15
19626,JahZ0M810
19627,JahPH7T10
19628,Jah4LL727
19629,JahH0EC34
19630,JahJHT842
19631,Jah4JF159
19632,JahHOZ709
19633,JahPNBY12
19634,JahKRDL24
19635,Jah8ELZ54
19636,JahEOA537
19637,JahQ2A359
19638,Jah674S03
19639,Jah2WPB20
19640,Jah93C441
19641,JahPXOT42
19642,JahQAJE37
19643,JahTNJ121
19644,Jah7YAD31
19645,JahOPO748
19646,JahNXDR32
19647,Jah1U1747
19648,JahBOQ930
19649,JahJPVA55
19650,JahB9RT36
19651,JahLCCK58
19652,JahMD3648
19653,Jah83CP04
19654,JahLH0Q26
19655,JahI5X553
19656,JahIGST30
19657,JahPTJ803
19658,JahCVLI31
19659,JahXPBL33
19660,JahOOG503
19661,Jah3VZB15
19662,Jah0CUY25
19663,JahLHBL40
19664,JahZME222
19665,JahRNNJ38
19666,JahMCF154
19667,Jah4W3T28
19668,Jah6GU346
19669,JahV3NG01
19670,JahC20314
19671,JahE2CO36
19672,JahCBKN23
19673,JahIC3H57
19674,JahWAFQ53
19675,JahD9VZ58
19676,Jah1BWU08
19677,Jah4W1T57
19678,JahLQ5M53
19679,JahPSY400
19680,JahYX1Y31
19681,Jah57DS08
19682,Jah0FWA05
19683,Jah1NHH14
19684,JahQNXE16
19685,JahZRFH45
19686,JahAJT112
19687,JahW4GQ33
19688,JahUZMN59
19689,JahKTAC34
19690,Jah6M0L20
19691,JahYHL442
19692,Jah1UX523
19693,JahZ9WC52
19694,JahWD7W47
19695,JahJDZF49
19696,JahJGW930
19697,Jah804T49
19698,JahJ33854
19699,JahT15B22
19700,JahAI4E54
19701,JahK6AS41
19702,Jah6PE841
19703,JahWQLM59
19704,Jah6M2N05
19705,Jah6QQO00
19706,JahEXB917
19707,JahO6MS00
19708,JahW05Y01
19709,JahLKZN31
19710,JahUE9J19
19711,Jah6YA615
19712,JahQSN952
19713,JahHK2G01
19714,JahVYQU32
19715,JahVI7J14
19716,Jah9KK626
19717,Jah9JBX45
19718,JahJC7R49
19719,Jah14YK31
19720,JahGHSK51
19721,JahIRIH08
19722,JahT6T624
19723,JahZRA845
19724,JahRBPG57
19725,JahM5HZ13
19726,JahOXIG13
19727,Jah2DEJ07
19728,JahHJTH56
19729,JahDBH306
19730,Jah22ML32
19731,Jah8E6910
19732,JahKUSP09
19733,JahOY4118
19734,JahHEMD04
19735,JahULSX53
19736,Jah8C2O09
19737,Jah0VAB12
19738,JahD2HV08
19739,Jah7PMM18
19740,JahDTF634
19741,Jah2IGH28
19742,JahR6CW04
19743,JahPVZ938
19744,JahKKBY21
19745,JahKC4356
19746,JahZ8QR55
19747,JahR5L941
19748,Jah5KU045
19749,JahR6HB24
19750,Jah22FH07
19751,Jah154I58
19752,JahTHMP28
19753,JahQDED33
19754,JahVO0E26
19755,JahO9FB42
19756,JahF2S833
19757,JahN50R31
19758,JahGZZH18
19759,Jah3A4M33
19760,JahK0H058
19761,JahJ8ON25
19762,Jah5RF014
19763,JahAVF633
19764,Jah90O950
19765,JahI5AM20
19766,JahPNGX48
19767,JahGJ6J02
19768,JahRMLK06
19769,JahJNIM31
19770,Jah2B9E39
19771,Jah44ZF11
19772,Jah7IY721
19773,JahDGYP53
19774,Jah0W1Z14
19775,Jah4J9T21
19776,JahXXPL40
19777,JahVA9M31
19778,JahNQP726
19779,Jah4TYL48
19780,JahGBTH26
19781,JahTJLD31
19782,JahXQ7Q21
19783,JahADRU50
19784,JahA7VW12
19785,JahNM4910
19786,JahKMBW08
19787,JahC1X641
19788,JahFSKD19
19789,JahRB8M40
19790,JahTVNG06
19791,Jah8SNG58
19792,JahYOVY06
19793,Jah2E6354
19794,JahMVYI33
19795,JahS5T054
19796,JahH5E333
19797,JahN4HI33
19798,JahQA6302
19799,JahUEAZ18
19800,Jah62Q809
19801,JahZVX226
19802,JahZYRU11
19803,Jah2ZAL56
19804,Jah38A828
19805,Jah89PZ13
19806,JahBD9J04
19807,JahPGQZ25
19808,Jah0RYB45
19809,Jah7KOJ47
19810,JahBSXF57
19811,JahF4MQ49
19812,JahNW2129
19813,JahJ18Y53
19814,Jah3O4M59
19815,Jah3QGX35
19816,JahH58P10
19817,Jah2HL634
19818,Jah6GIU36
19819,JahBWO246
19820,Jah8D9149
19821,JahZM2702
19822,JahCSAX36
19823,Jah9CEM30
19824,JahNLVI41
19825,JahMYLP00
19826,JahQDM746
19827,JahOBKD41
19828,JahF4XD27
19829,Jah7O9359
19830,Jah35T338
19831,Jah89TB26
19832,Jah96H739
19833,JahDRGD04
19834,Jah4ZLX18
19835,Jah2OO402
19836,JahDIUL18
19837,JahIFTS50
19838,JahNQSL29
19839,JahDNLP20
19840,JahYQPH34
19841,JahYIBA25
19842,JahHZOA36
19843,JahAU3136
19844,JahJB6Q57
19845,Jah0QCE04
19846,Jah14ZF43
19847,JahG6FR32
19848,JahDV2G49
19849,JahOF256
19850,Jah7PJ03
19851,JahMAJ51
19852,JahR0E38
19853,Jah7CA25
19854,JahD2X39
19855,Jah0LE35
19856,JahORK26
19857,Jah03820
19858,JahF9Z14
19859,JahS5T18
19860,JahKPB48
19861,Jah60H35
19862,JahIYJ38
19863,JahK6S23
19864,JahUUC34
19865,Jah1BD18
19866,JahLVN56
19867,Jah3DS20
19868,JahDDS09
19869,JahKM602
19870,JahFZP20
19871,JahPJW24
19872,Jah08D34
19873,JahAHT01
19874,JahSJY39
19875,Jah58928
19876,Jah0Q208
19877,JahWR957
19878,JahVPW32
19879,JahGFX03
19880,JahISR12
19881,JahO4T26
19882,JahC1813
19883,Jah5TK14
19884,Jah6CD46
19885,JahP3T01
19886,Jah59E50
19887,JahO3444
19888,Jah9SS13
19889,JahUYY10
19890,Jah6CR09
19891,JahP6M07
19892,Jah75L49
19893,Jah75T19
19894,JahX3U43
19895,JahY1L31
19896,Jah2YU58
19897,JahJVH13
19898,JahPR842
19899,JahOGT09
19900,Jah49346
19901,JahLCF49
19902,JahQU929
19903,Jah7IC01
19904,JahBEC09
19905,JahN0X40
19906,JahFH126
19907,JahA8P03
19908,JahF8306
19909,Jah28830
19910,JahZNE28
19911,Jah9QF15
19912,JahAGA47
19913,Jah8M604
19914,JahCAU04
19915,JahDN041
19916,Jah7OL32
19917,Jah2XD55
19918,Jah7UP40
19919,JahFJD26
19920,JahB8Y59
19921,JahU1F51
19922,Jah8PJ51
19923,JahZ1008
19924,JahMZP43
19925,Jah6BP53
19926,Jah45I30
19927,JahPFL59
19928,JahGYS25
19929,Jah6UJ18
19930,JahU2O38
19931,C-JahQCFWV48
19932,C-JahWPTTE38
19933,C-JahOZ8YF39
19934,C-JahP7SVS01
19935,C-JahPBXQV09
19936,C-JahDQZUE25
19937,C-JahWAQ2H57
19938,C-Jah4DV0B21
19939,C-JahSPI8F55
19940,C-JahVKAUL07
19941,C-JahFGDXM27
19942,C-Jah2BWT828
19943,C-JahZEPQP57
19944,C-JahZ8HMM28
19945,C-JahQ3FWN54
19946,C-JahVDW3O42
19947,C-JahF2LGH32
19948,C-Jah8IPXZ04
19949,C-JahFGH8P22
19950,C-JahVTI8J06
19951,C-Jah516PW49
19952,C-JahPXGNJ44
19953,C-Jah4TO8Q14
19954,C-JahTSMOG56
19955,C-JahHSQM826
19956,C-JahMJ1IS55
19957,C-JahIW5DI23
19958,C-JahYYN0R51
19959,C-JahY7U4Y28
19960,C-JahC8AF743
19961,C-JahLKWMZ27
19962,C-Jah2F1RK33
19963,C-Jah6U78U55
19964,C-JahZDVHD14
19965,C-Jah3VXC945
19966,C-JahGRWS827
19967,C-JahEN2NO19
19968,C-Jah2DT0J17
19969,C-JahP5X9607
19970,C-JahX939425
19971,C-Jah40IUD09
19972,C-Jah5GVT734
19973,C-Jah8TTSU05
19974,C-JahXICDC01
19975,C-Jah6NUGC33
19976,C-Jah8H05S08
19977,C-JahCCUWM46
19978,C-JahJ3OU459
19979,C-Jah114WJ35
19980,C-Jah1306830
19981,C-JahKOZ4I14
19982,C-JahX8IRS40
19983,C-Jah7PE2X29
19984,C-JahFHX0B36
19985,C-JahSNNQG21
19986,C-JahET4IL36
19987,C-JahLP40S11
19988,C-JahDZJ7F44
19989,C-JahKL0VV35
19990,C-JahSERS623
19991,C-JahDRISR46
19992,C-JahJQ00604
19993,C-JahLRNMZ03
19994,C-JahVY4ZT46
19995,C-JahGZ6L625
19996,C-JahSS5TD03
19997,C-JahI9AEE38
19998,C-JahM5HN727
19999,C-JahSBYR440
20000,C-JahVU8VL45
20001,C-JahNKG2400
20002,C-JahJ5RT649
20003,C-JahZPRLC03
20004,C-JahUJHTY12
20005,C-JahT99F014
20006,C-Jah9RMVF13
20007,C-JahEEJ7Z23
20008,C-JahS2TW744
20009,C-Jah55KGK43
20010,C-JahQSU7226
20011,C-Jah87ICL18
20012,C-Jah9ZAVW03
20013,C-JahCTC9T15
20014,C-Jah4IIUQ16
20015,C-JahBCZRM33
20016,C-Jah7I20W13
20017,C-Jah41M2822
20018,C-Jah84N3435
20019,C-Jah3VVPT50
20020,C-JahM1TBK11
20021,C-JahUGAHR10
20022,C-JahGHV9741
20023,C-JahSEZPT24
20024,C-JahCQ6VC11
20025,C-JahKAHE120
20026,C-JahGOVHP58
20027,C-JahZKYIA40
20028,C-Jah318CI10
20029,C-JahGKI8516
20030,C-JahRTN7U09
20031,C-JahIOTRL17
20032,C-JahTBO7926
20033,C-JahTXL8T55
20034,C-JahGQC9F34
20035,C-Jah6INNT25
20036,C-Jah05HKG22
20037,C-JahROQLM40
20038,C-JahGWVGE25
20039,C-JahCYOI107
20040,C-JahPPOJX14
20041,C-JahUWQ2W28
20042,C-JahJJ67245
20043,C-Jah6BLHQ25
20044,C-JahUQFSG00
20045,C-Jah3BVTU36
20046,C-Jah3NFQL07
20047,C-Jah485ZT27
20048,C-JahHLGOP42
20049,C-JahSVGFY09
20050,C-JahO38LY16
20051,C-JahZ9JPZ43
20052,C-JahI48D043
20053,C-JahTXK3930
20054,C-JahMGCZV13
20055,C-JahHGGGN30
20056,C-Jah8PHK316
20057,C-JahODTTK39
20058,C-JahCYP0046
20059,C-JahJMC1W48
20060,C-JahW644E28
20061,C-JahBIT5P53
20062,C-Jah8HMPT40
20063,C-JahU4FLP37
20064,C-JahFUGV811
20065,C-JahGYSPB04
20066,C-JahZTIB817
20067,C-JahSHVBG14
20068,C-JahFST4H41
20069,C-JahCYKWA42
20070,C-JahXECST16
20071,C-JahV8ZHN35
20072,C-Jah06J9349
20073,C-JahRKIZQ36
20074,C-JahHIYT807
20075,C-JahHB48736
20076,C-JahHI5AC44
20077,C-JahK5MMM56
20078,C-JahSA2MO51
20079,C-JahI0UMF21
20080,C-JahE287I17
20081,C-JahHXRGD19
20082,C-JahRQH9V48
20083,C-JahB0T3V12
20084,C-Jah2WAI130
20085,C-Jah8FCQX11
20086,C-JahKYNE611
20087,C-JahXHLCM49
20088,C-JahORA5P07
20089,C-JahNTGCF40
20090,C-Jah6X9U712
20091,C-JahH5Y6Y06
20092,C-JahWPNR928
20093,C-JahKG6QG17
20094,C-JahE6LSB37
20095,C-JahMKV3K45
20096,C-JahZ5FMV12
20097,C-Jah54KTC46
20098,C-JahVG0CR20
20099,C-JahJINDD14
20100,C-JahZZVN412
20101,C-Jah7RMXW43
20102,C-JahWQC6527
20103,C-Jah1YO0E33
20104,C-Jah2DTS345
20105,C-JahHCJ2423
20106,C-JahOLY7Z38
20107,C-Jah2MMBJ34
20108,C-JahN7IMW14
20109,C-JahAA20J12
20110,C-Jah9POGO44
20111,C-JahJ8Q1550
20112,C-JahUWAEH36
20113,C-JahZYOCP45
20114,C-JahQQAO311
20115,C-JahA0Y0145
20116,C-JahIYZED04
20117,C-JahQTRCZ01
20118,C-JahA29BB21
20119,C-Jah6AFTD36
20120,C-Jah62JEL57
20121,C-JahC6HP349
20122,C-JahUB43V08
20123,C-JahLIB2U19
20124,C-JahRR3T516
20125,C-Jah1TJVJ01
20126,C-Jah9JW1I18
20127,C-JahPR8VF08
20128,C-JahAENIM56
20129,C-JahVG3S939
20130,C-JahVXZ5633
20131,C-JahCXK0147
20132,C-JahVT8DS03
20133,C-Jah9GA9Z36
20134,C-JahX9EB238
20135,C-JahQ2UYK01
20136,C-JahGK3F231
20137,C-JahKRQUR18
20138,C-JahKXRX002
20139,C-JahG2A5U08
20140,C-Jah5SEX047
20141,C-JahSG5SP10
20142,C-Jah7R4RK49
20143,C-Jah4CBR840
20144,C-JahE5V1U47
20145,C-JahCTP5348
20146,C-JahP8SLS50
20147,C-JahY440N56
20148,C-JahOW5EI33
20149,C-JahVKCYS55
20150,C-JahX7PU414
20151,C-JahVUTB412
20152,C-JahEPGMY31
20153,C-JahRKPPY30
20154,C-Jah77MC049
20155,C-Jah617YS03
20156,C-JahQG0DQ15
20157,C-Jah2N39V38
20158,C-JahPP5JS59
20159,C-Jah754QO17
20160,C-JahHUMJV15
20161,C-Jah3EMRR12
20162,C-JahRE55G46
20163,C-JahL0EZJ39
20164,C-Jah7EFAP19
20165,C-JahC4AKD09
20166,C-JahTDOD201
20167,C-Jah8VYKB13
20168,C-JahMX6EV16
20169,C-JahR2LRI52
20170,C-JahGCOHC02
20171,C-Jah9GVFV59
20172,C-JahGBWN633
20173,C-JahFIA6S53
20174,C-JahGFL6E13
20175,C-Jah5CW9G16
20176,C-JahHKFHQ58
20177,C-Jah1TDLU28
20178,C-JahU5QIU19
20179,C-JahZIJOT07
20180,C-JahKCGDH32
20181,C-Jah01F9846
20182,C-Jah1HG1525
20183,C-JahYKXQT00
20184,C-JahS776F27
20185,C-Jah4QCGG30
20186,C-Jah9WD6T42
20187,C-JahBRJCO49
20188,C-JahPLIW645
20189,C-JahM2EJ957
20190,C-JahFMWZZ21
20191,C-JahKR71U25
20192,C-Jah9LHQ234
20193,C-JahV5G8Q20
20194,C-Jah4ZMXG38
20195,C-JahU3VQW20
20196,C-Jah5JJ3Z16
20197,C-JahLT1GV45
20198,C-JahRF9P020
20199,C-JahD1ND843
20200,C-Jah2TWPA57
20201,C-JahTD7U542
20202,C-JahW8E9S52
20203,C-JahOQ2I323
20204,C-JahHLX4U39
20205,C-JahY7R3Z58
20206,C-JahY5NXX55
20207,C-JahO9YS731
20208,C-JahA8OP447
20209,C-JahTYIYA41
20210,C-JahSRLO406
20211,C-Jah6DACR29
20212,C-JahZBQ0L28
20213,C-JahKLSYH03
20214,C-JahYRB5H08
20215,C-JahJRA8L26
20216,C-JahHD8HZ32
20217,C-JahYFC2P31
20218,C-JahAZKBG45
20219,C-Jah2GWNC57
20220,C-JahHUUDC08
20221,C-JahUEQ5I16
20222,C-JahPPZSR26
20223,C-JahUDS7E23
20224,C-JahXAJP107
20225,C-JahXHWH643
20226,C-JahNWS5K00
20227,C-JahIM9M108
20228,C-JahI1M3M36
20229,C-Jah5LEDJ31
20230,C-JahAQ5FY11
20231,C-JahQFVNU06
20232,C-JahMHEWF59
20233,C-JahHOSMR35
20234,C-Jah3613J01
20235,C-JahA8X1E59
20236,C-JahG914N55
20237,C-JahM3OO433
20238,C-JahM7F4V48
20239,C-JahS12LC19
20240,C-JahVWLZR51
20241,C-Jah846YJ58
20242,C-Jah1T57A00
20243,C-JahG1U8U14
20244,C-JahJ9LF849
20245,C-Jah6K79048
20246,C-JahNCID050
20247,C-Jah0M6P853
20248,C-Jah0INS551
20249,C-JahWD8AK19
20250,C-JahKS4B535
20251,C-JahWPXLB25
20252,C-JahWL5H201
20253,C-JahZ7BSA59
20254,C-Jah0MENS35
20255,C-JahLOYWB30
20256,C-Jah7UIW702
20257,C-JahNSGW755
20258,C-JahO6ZJZ57
20259,C-JahS08V618
20260,C-JahT4MPQ33
20261,C-JahVWCJ937
20262,C-JahIRTKG20
20263,C-Jah224ZI46
20264,C-Jah0CPAH06
20265,C-JahLDSGC31
20266,C-Jah25PBO25
20267,C-JahL5ARF42
20268,C-Jah4DFT314
20269,C-Jah9R7NB19
20270,C-JahPLO7N01
20271,C-Jah9GEFS16
20272,C-Jah4WHJX57
20273,C-JahQX8KX33
20274,C-Jah1XW6Q47
20275,C-Jah0MRMH54
20276,C-Jah9OW1738
20277,C-Jah41YCM57
20278,C-JahB1VZ445
20279,C-JahZA4P420
20280,C-JahT05O327
20281,C-JahAM4JE30
20282,C-Jah8ZAQU47
20283,C-Jah49WMW01
20284,C-JahVN0JO10
20285,C-Jah7WXYJ39
20286,C-Jah1MEDV59
20287,C-JahUJXMB28
20288,C-JahANB4651
20289,C-JahAHCXL37
20290,C-Jah3O6L252
20291,C-JahOLMIK51
20292,C-JahMS29820
20293,C-JahRVWTK54
20294,C-Jah1OPWF17
20295,C-Jah4T7VF43
20296,C-JahE5ZH507
20297,C-Jah3UZND49
20298,C-JahRB9BE10
20299,C-JahIUHUY25
20300,C-JahX7CR723
20301,C-JahK0H6024
20302,C-JahQV41U14
20303,C-Jah32J6N56
20304,C-JahUI86V35
20305,C-JahIOGCU50
20306,C-JahOSRMB33
20307,C-JahE5U1104
20308,C-Jah4NVAD37
20309,C-JahV3CG044
20310,C-JahKKKNG45
20311,C-JahJA34L37
20312,C-JahFXV3M59
20313,C-Jah5JBPY45
20314,C-JahIZ33A04
20315,C-Jah3XJCS35
20316,C-Jah25O7C53
20317,C-JahC8MX121
20318,C-JahDAL0839
20319,C-JahKGNMG01
20320,C-JahW4E1D37
20321,C-JahEWHB147
20322,C-JahROJSE53
20323,C-JahK9VJM02
20324,C-Jah30DMP36
20325,C-Jah7IEMO31
20326,C-JahY7SFL49
20327,C-Jah7694248
20328,C-JahBBS1I18
20329,C-Jah68P6422
20330,C-Jah1ID0106
20331,C-Jah3S4PP16
20332,C-Jah82ZNU09
20333,C-Jah0R79H07
20334,C-Jah8CDS840
20335,C-Jah5UUZG58
20336,C-JahDO7Q351
20337,C-Jah5LL5C17
20338,C-JahKDH0Z27
20339,C-Jah5ZBSJ33
20340,C-Jah6GZMM09
20341,C-JahR7CLQ48
20342,C-JahXMJYX28
20343,C-Jah9PK4J40
20344,C-JahML0VS08
20345,C-JahPRH1L09
20346,C-JahIM77839
20347,C-JahDG3CS08
20348,C-Jah7SF3O28
20349,C-JahEJRH103
20350,C-JahSGNSQ07
20351,C-Jah2DPQL58
20352,C-JahJ35PU42
20353,C-JahC6JMZ38
20354,C-JahYDOV152
20355,C-JahVD2OQ48
20356,C-JahN905S03
20357,C-JahOC4YB17
20358,C-JahSH64V48
20359,C-JahBXTM249
20360,C-JahJ4FC653
20361,C-JahIGCUJ19
20362,C-JahP1XB014
20363,C-Jah6BX9512
20364,C-JahDBB2C57
20365,C-JahR96TX24
20366,C-Jah4DMRJ51
20367,C-JahIOYPH44
20368,C-JahR1AER10
20369,C-JahD54FW34
20370,C-Jah37OHT09
20371,C-JahUKMF508
20372,C-JahBOYU746
20373,C-JahLZ1QV44
20374,C-JahUKDR253
20375,C-JahCZ3PH47
20376,C-JahZPL5226
20377,C-Jah0YD1939
20378,C-Jah76B5P01
20379,C-JahES4WE04
20380,C-JahENK9T44
20381,C-JahUAFGR43
20382,C-JahEBX3R10
20383,C-JahUH54U31
20384,C-Jah30P5U22
20385,C-JahG7PF416
20386,C-JahGK6AY38
20387,C-JahOY43Z58
20388,C-JahQX6F237
20389,C-JahYGAFM27
20390,C-JahRT5ID28
20391,C-JahSLIA347
20392,C-JahYNDLP06
20393,C-Jah3GLSB04
20394,C-JahG9O9N31
20395,C-JahX26ZB14
20396,C-JahRNZMO26
20397,C-Jah7962O00
20398,C-JahCUOE136
20399,C-JahIW77V58
20400,C-JahA3O6L48
20401,C-JahCSY2F55
20402,C-Jah0WNU449
20403,C-JahP58AL43
20404,C-JahJAW9313
20405,C-JahXCV3N36
20406,C-JahNP3VU36
20407,C-JahJ34QA56
20408,C-JahDVV2X54
20409,C-Jah6L5VM53
20410,C-Jah8QMK959
20411,C-JahLOYBA58
20412,C-Jah8IJVJ09
20413,C-Jah7DCZJ10
20414,C-Jah1IUYR08
20415,C-Jah3X2CE39
20416,C-JahWK6BY36
20417,C-JahWR1UJ55
20418,C-JahYM08L50
20419,C-JahZ5PLH24
20420,C-JahT48SE17
20421,C-JahPJD8O57
20422,C-Jah8AKG334
20423,C-Jah694M541
20424,C-Jah38MPC20
20425,C-JahH5B1405
20426,C-JahN42LJ57
20427,C-JahL3BMA37
20428,C-Jah8FT5433
20429,C-JahVBDNQ37
20430,C-JahVL4XA07
20431,C-JahXLQJM52
20432,C-JahVVKLJ15
20433,C-Jah80GWH04
20434,C-JahUDVZW59
20435,C-JahTMTIF17
20436,C-JahVSLG212
20437,C-Jah8U5K837
20438,C-JahYE6BZ41
20439,C-JahBOFI920
20440,C-JahOHLQI42
20441,C-Jah9YK3B05
20442,C-JahJXT0E36
20443,C-Jah2ZAKL57
20444,C-JahYANSH53
20445,C-Jah2ZYXG29
20446,C-Jah62N4744
20447,C-JahU8RHZ47
20448,C-JahVDWW949
20449,JahLAB45
20450,JahSUO09
20451,JahM0C46
20452,JahU5Z33
20453,Jah4LR08
20454,JahNXL25
20455,JahBW509
20456,JahTU205
20457,JahKD557
20458,JahNYX28
20459,Jah0YF16
20460,JahXAC37
20461,JahCW938
20462,JahTDL52
20463,JahUIM44
20464,JahK0V25
20465,Jah9SU25
20466,Jah4AB03
20467,JahNKQ06
20468,Jah1BP00
20469,JahBGB46
20470,JahCBS59
20471,Jah9CG52
20472,JahC4N21
20473,JahTEV10
20474,JahIZH44
20475,Jah9XK55
20476,JahQHL16
20477,JahC8R02
20478,JahAK247
20479,Jah8GB22
20480,JahHLP58
20481,JahHS942
20482,Jah7QH08
20483,Jah46D16
20484,JahXVI38
20485,Jah7AG17
20486,Jah8GQ11
20487,JahTHJ20
20488,JahWOR06
20489,JahI1P39
20490,Jah50U25
20491,Jah2FE04
20492,Jah3OR15
20493,JahQXG18
20494,Jah4QW34
20495,JahA2634
20496,Jah4KI01
20497,JahM1Z19
20498,JahN1626
20499,JahT4A35
20500,JahSFF33
20501,JahBIC02
20502,Jah1MY25
20503,JahRRK44
20504,JahGBG56
20505,JahRHS22
20506,Jah6EQ45
20507,JahXO357
20508,JahGRY58
20509,JahQEL50
20510,Jah5GS11
20511,JahNRT10
20512,JahGFE17
20513,Jah9W636
20514,JahMXW02
20515,JahPSA33
20516,JahZBI10
20517,JahXIY49
20518,Jah6V746
20519,JahH9K50
20520,Jah4RM29
20521,JahVYL43
20522,JahRY736
20523,JahUEB26
20524,JahOM524
20525,JahPME34
20526,Jah4N727
20527,JahFX447
20528,Jah6DH07
20529,Jah9ZK09
20530,JahL5Z53
20531,Jah4SG25
20532,JahYUQ38
20533,JahSTM07
20534,JahT4Y56
20535,Jah65P13
20536,JahSS014
20537,JahFKI14
20538,JahUN019
20539,JahWG816
20540,Jah47J23
20541,JahGPK49
20542,JahQ4V16
20543,JahO4903
20544,JahOYI28
20545,JahIDL31
20546,JahKQI21
20547,JahJYK30
20548,JahSED14
20549,JahEVC36
20550,JahSYC17
20551,JahJXW53
20552,Jah8SS26
20553,JahS2O23
20554,JahD8I34
20555,JahMOK54
20556,JahT6614
20557,JahMTX50
20558,JahDUX39
20559,Jah37014
20560,Jah24R46
20561,JahFM732
20562,Jah0BS02
20563,JahU0M33
20564,JahP7C06
20565,JahYO108
20566,JahNCS43
20567,JahKIR33
20568,JahD3910
20569,JahV0R45
20570,Jah9QA01
20571,JahS1U31
20572,Jah2CY34
20573,Jah7R858
20574,Jah39B38
20575,JahWVG07
20576,JahSQN18
20577,Jah89M43
20578,JahEJ935
20579,JahZCS56
20580,JahWW516
20581,JahGRT56
20582,Jah95J06
20583,JahQ3H18
20584,JahHK016
20585,JahNDC27
20586,Jah9D526
20587,Jah88941
20588,JahODI20
20589,Jah0H816
20590,Jah44Q12
20591,JahYZY14
20592,JahZ2D50
20593,JahNVI28
20594,JahBM938
20595,Jah5OU44
20596,JahLN552
20597,JahV5W46
20598,JahJMKH05
20599,JahPSOJ33
20600,Jah0EZV17
20601,JahGQEF22
20602,JahYXG559
20603,JahJQTM35
20604,JahNQBH38
20605,JahAJ2V21
20606,JahGH9436
20607,JahJPGP37
20608,JahHORZ29
20609,JahVJHT43
20610,JahSLPW21
20611,JahPK7310
20612,JahPF5Z23
20613,JahBCUY45
20614,JahW4SA25
20615,JahMBVI14
20616,Jah9Y1G28
20617,JahST3L43
20618,Jah8ARC52
20619,JahFVKC05
20620,JahAOUX13
20621,Jah4SIX38
20622,JahWWZL54
20623,Jah0GJW42
20624,JahOHC847
20625,Jah88BL28
20626,JahPBUB20
20627,JahHB6209
20628,Jah3GVO55
20629,Jah3GG026
20630,JahUY2W43
20631,Jah3TMX28
20632,JahALKZ32
20633,Jah6WK434
20634,JahRO5U55
20635,Jah4C0W58
20636,JahH99M46
20637,JahEJKK24
20638,JahLMAA49
20639,JahF6Y133
20640,JahFPO210
20641,Jah45D107
20642,JahFOYU45
20643,JahY3HX27
20644,JahX2IQ54
20645,JahKLOU14
20646,JahOSWX16
20647,Jah8D9H21
20648,Jah2DNJ08
20649,JahO4UK50
20650,JahN8FL19
20651,JahIMHK51
20652,JahOZN114
20653,JahI44I09
20654,Jah5KXA04
20655,Jah5Q7P32
20656,JahZ5OT20
20657,Jah4QEC01
20658,JahJGZT10
20659,JahD6N026
20660,JahL9ZL32
20661,Jah46XS10
20662,JahVU3U25
20663,JahIZCR02
20664,Jah8HRX25
20665,Jah91B229
20666,Jah29B221
20667,JahIM4D31
20668,JahDIBF32
20669,Jah1TQ209
20670,JahXQMH32
20671,JahKCJ147
20672,JahSRNA05
20673,JahMQ0I43
20674,JahSPCK15
20675,Jah1X8000
20676,Jah9B4W15
20677,JahAQ4J35
20678,JahR8LN52
20679,Jah69LG32
20680,Jah3TWI00
20681,JahB7BW34
20682,Jah7PY216
20683,C-JahP940T51
20684,C-JahP9F4M43
20685,C-JahMYBDQ37
20686,C-JahBDNM110
20687,C-JahMJ8V046
20688,C-JahRTV9F54
20689,C-JahCUGU112
20690,C-JahYKDLV27
20691,C-Jah6O7O522
20692,C-JahP41QL48
20693,C-Jah0LUOX14
20694,C-JahL5L7131
20695,C-JahDG4Q054
20696,C-Jah6KTBG44
20697,C-JahFGM4Y22
20698,C-JahRXKGJ03
20699,C-JahMD91D31
20700,C-JahW6SBK20
20701,C-JahYF26G09
20702,C-Jah1G8YT06
20703,C-JahG0Z3N27
20704,C-JahMQPGD17
20705,C-JahAP6ND02
20706,C-JahBDQQG05
20707,C-JahKCHNX25
20708,C-Jah2M76X03
20709,C-JahDLV2Q09
20710,C-JahTX8JX54
20711,C-Jah6Z4QC28
20712,C-Jah47KY152
20713,C-Jah5B4TE53
20714,C-JahMK58Y52
20715,C-JahUDOF740
20716,C-JahQWHTG34
20717,C-JahTWEVG51
20718,C-Jah6LBVV33
20719,C-Jah0RW4R40
20720,C-Jah8M0Q655
20721,C-Jah7OV6F02
20722,C-JahODHK440
20723,C-Jah8EKLE21
20724,C-JahKXP6718
20725,C-JahDYTRP19
20726,C-JahO7IYY29
20727,C-JahS4VNY20
20728,C-JahSXIUN15
20729,C-JahQEM8G40
20730,C-JahYBMOT35
20731,C-JahZPIU434
20732,C-JahOMAO615
20733,C-Jah5BTQE34
20734,C-JahXGIH347
20735,C-Jah80DVK57
20736,C-JahY5IJW44
20737,C-JahCCGS118
20738,C-JahUZD4M12
20739,C-JahNPLQY58
20740,C-Jah3616C35
20741,C-Jah0685114
20742,C-Jah3JLCN57
20743,C-JahVBFSP56
20744,C-JahE663507
20745,C-JahNKA0I11
20746,C-JahOIIWL24
20747,C-JahNEQ7507
20748,C-Jah0BSBI57
20749,C-Jah1LZIQ59
20750,C-Jah2NB4K15
20751,C-JahOJ5NT06
20752,C-Jah8LARY32
20753,C-JahBX9I207
20754,C-JahGERCM19
20755,C-JahZBQMZ48
20756,C-JahUFGZV13
20757,C-JahKJHWX50
20758,C-JahTOM8W58
20759,C-JahDCHQ751
20760,C-Jah48JFW48
20761,C-JahWA54P49
20762,C-JahGZ4O759
20763,C-JahPZ02510
20764,C-Jah2ESJV13
20765,C-JahRQZL613
20766,C-JahJ14MC23
20767,C-Jah4DFBI26
20768,C-Jah0256Z59
20769,C-JahMUFB026
20770,C-JahQRKRZ54
20771,C-Jah52XDL20
20772,C-JahXOVUK29
20773,C-JahVLFBB06
20774,C-JahZ0UWX31
20775,C-JahG5JXS21
20776,C-JahXXL5O12
20777,C-JahC9OU808
20778,C-JahVSXG630
20779,C-JahRIVPS44
20780,C-Jah3304953
20781,C-JahMA6V840
20782,C-JahOH0IO27
20783,C-JahHX9OL07
20784,C-JahR4AKN47
20785,C-JahZU8DN51
20786,C-Jah69QSX58
20787,C-JahPSJLZ54
20788,C-JahHC5E506
20789,C-Jah6N8V947
20790,C-JahCMO8D12
20791,C-JahMK8H526
20792,C-Jah95LD403
20793,C-JahPN0A709
20794,C-JahGJLBM29
20795,C-JahJVA2C36
20796,C-Jah9BGZK20
20797,JahF0523
20798,Jah8OD43
20799,JahBHO14
20800,JahOY724
20801,JahQJW48
20802,JahZKL55
20803,JahS2L20
20804,Jah7LG05
20805,JahGFF51
20806,JahXX759
20807,JahJBV06
20808,JahBVY15
20809,Jah0S747
20810,Jah2Q305
20811,JahR6U23
20812,JahF4253
20813,Jah0FG06
20814,JahU6M39
20815,JahMQB54
20816,Jah47346
20817,Jah4F842
20818,JahQHD17
20819,Jah78E14
20820,JahVQ655
20821,JahMAD19
20822,JahXOH32
20823,JahJKW56
20824,JahNVW15
20825,Jah23X27
20826,Jah52242
20827,JahFYE49
20828,JahWNE48
20829,Jah8G024
20830,JahNOZ14
20831,Jah64Q20
20832,JahA2X00
20833,JahWPU05
20834,Jah37N02
20835,JahDHN02
20836,JahYML59
20837,JahTPR20
20838,JahJAN28
20839,JahRFE41
20840,JahLAN35
20841,Jah7L935
20842,Jah56Z47
20843,Jah5P843
20844,Jah6B421
20845,JahRSZ33
20846,JahIN853
20847,JahAKK16
20848,Jah5TV02
20849,JahG1F23
20850,JahY8G19
20851,JahMKX09
20852,JahDDX36
20853,JahT5J18
20854,JahPZC42
20855,JahZGG48
20856,JahGJQ00
20857,JahPL303
20858,JahERS35
20859,JahLBX08
20860,JahC1X01
20861,JahCVM01
20862,JahZQK44
20863,JahMGR52
20864,JahEIN52
20865,JahS5A51
20866,JahG6C19
20867,JahIM250
20868,JahOMJ10
20869,JahIBF36
20870,JahTXG41
20871,JahAKI33
20872,Jah8TW49
20873,JahAU908
20874,JahZ2Q15
20875,Jah6AG55
20876,Jah1XN10
20877,JahL8K31
20878,JahBYL16
20879,JahJ5R33
20880,Jah2R021
20881,JahX3827
20882,Jah4IP21
20883,JahH6939
20884,JahTXA41
20885,JahCK323
20886,JahGJN14
20887,JahSWI03
20888,JahXVE09
20889,JahOVZ21
20890,Jah8F913
20891,JahOYI19
20892,JahJJ743
20893,Jah9CD04
20894,JahX7N25
20895,JahN9025
20896,JahOHA35
20897,JahCPB16
20898,JahFCW53
20899,JahVKX26
20900,Jah6O353
20901,JahEAP42
20902,JahGLI25
20903,JahNH115
20904,JahSES58
20905,JahRKT41
20906,JahASK11
20907,JahR7P40
20908,JahH1X27
20909,JahY1U19
20910,JahUNB33
20911,Jah5E338
20912,JahMJG21
20913,JahEYA34
20914,JahKLY18
20915,JahFD720
20916,Jah1XS39
20917,Jah0S025
20918,JahS2230
20919,Jah93F12
20920,JahO0615
20921,JahSRG28
20922,Jah42659
20923,JahYWZ59
20924,JahWTV10
20925,Jah6WD32
20926,Jah5U850
20927,JahWQS33
20928,JahD9K24
20929,Jah41T14
20930,JahVVT34
20931,Jah77A46
20932,Jah74T21
20933,JahHXR21
20934,JahXRS19
20935,JahWL057
20936,JahWGX45
20937,Jah00020
20938,Jah9OG06
20939,Jah7VE37
20940,JahBC530
20941,Jah5J741
20942,JahHSG46
20943,JahYYU04
20944,JahWP246
20945,JahE5421
20946,JahB0709
20947,JahFSF17
20948,JahGG412
20949,JahIMU50
20950,Jah4Y726
20951,JahMCX14
20952,JahNXD56
20953,JahSHI21
20954,JahSJB13
20955,JahMQH20
20956,JahUM213
20957,JahRX334
20958,JahMDM01
20959,JahI3356
20960,JahZUU19
20961,Jah2D728
20962,JahDBO58
20963,JahII427
20964,JahNGP34
20965,JahG1O34
20966,JahQ3L58
20967,JahL8U06
20968,Jah30G31
20969,JahC4Z10
20970,JahAR626
20971,JahV1536
20972,JahJRW09
20973,Jah41F10
20974,Jah5GB05
20975,JahK9Z37
20976,JahTL234
20977,JahL0520
20978,JahYYK16
20979,Jah83U41
20980,JahYWK00
20981,Jah7JH50
20982,JahK2M11
20983,Jah6HT36
20984,JahI4029
20985,Jah9C915
20986,JahJ4V38
20987,Jah0Y929
20988,JahU1N27
20989,JahXYB10
20990,JahKUB17
20991,JahO5354
20992,JahPI042
20993,Jah6SY19
20994,JahAPU25
20995,JahF5J23
20996,JahFDJ38
20997,JahOJW42
20998,JahKZU46
20999,JahVFT38
21000,JahMDQ06
21001,JahFNZ27
21002,Jah5AM04
21003,JahW6H13
21004,Jah3SC04
21005,JahXCO36
21006,JahV1N10
21007,JahAWN25
21008,JahYDB22
21009,JahOP007
21010,Jah9OE22
21011,Jah7OK50
21012,JahDEU26
21013,Jah3Y235
21014,JahX3022
21015,JahI4628
21016,Jah6HP23
21017,JahS0712
21018,JahZVE39
21019,Jah3MG33
21020,JahLLG27
21021,Jah23I36
21022,Jah6KM49
21023,JahX3N08
21024,JahYJC46
21025,JahIGN00
21026,JahE4G52
21027,JahJ6A21
21028,JahAAU09
21029,Jah8I121
21030,JahM8134
21031,Jah4E101
21032,JahV9222
21033,JahEYN34
21034,Jah3WD51
21035,Jah8PS52
21036,Jah28P30
21037,Jah0AK39
21038,Jah83Q04
21039,JahQ4N09
21040,Jah56A02
21041,JahMD514
21042,JahFBO49
21043,JahTZ859
21044,Jah10X30
21045,JahX5250
21046,JahPRM26
21047,JahD2S06
21048,JahHQE27
21049,JahQMI56
21050,JahHZF26
21051,JahXFY06
21052,JahEDA33
21053,JahO4P27
21054,JahVUZ19
21055,Jah2R651
21056,JahV3626
21057,JahAUB41
21058,JahMY840
21059,JahI9F11
21060,Jah1FS48
21061,JahM2152
21062,Jah7FT22
21063,Jah6XA27
21064,JahXRZ22
21065,JahWW244
21066,JahVJP00
21067,JahHEE57
21068,Jah7TF36
21069,JahMD602
21070,Jah6AV13
21071,JahUJ129
21072,Jah7BV11
21073,JahPMV53
21074,Jah55Y34
21075,JahEEE22
21076,JahSIZ24
21077,JahXFO15
21078,JahZUV06
21079,JahK1019
21080,JahEIW58
21081,JahAST32
21082,JahGIV50
21083,JahC3306
21084,JahEXG40
21085,JahD3834
21086,Jah5TZ46
21087,JahY8I50
21088,JahEBY33
21089,JahJ8K00
21090,Jah42412
21091,JahY0L04
21092,JahQWY07
21093,Jah6T150
21094,JahTDJ35
21095,JahQXI33
21096,C-JahYVFYG17
21097,C-JahMHVAE17
21098,C-Jah07GX949
21099,C-Jah4BLW248
21100,C-Jah593WJ36
21101,C-JahG2DID55
21102,C-JahYM83K30
21103,C-JahZ5GQ527
21104,C-JahA1PJN27
21105,C-JahOZNL451
21106,C-JahNHYPI38
21107,C-JahCW2XH46
21108,C-JahVY1S824
21109,C-JahSWTK453
21110,C-JahLMOMY57
21111,C-JahRJ0BU33
21112,C-Jah2ZUOL56
21113,C-JahL0HNW51
21114,C-JahYUG7B11
21115,C-JahZ7Q9A55
21116,C-JahMGMVU35
21117,C-JahNFKMK37
21118,C-JahFHOK755
21119,C-Jah90L1I18
21120,C-JahES26C33
21121,C-Jah5ZPCV01
21122,C-JahA5B1C17
21123,C-Jah7MLJ840
21124,C-JahK55OP14
21125,C-JahUJF9R34
21126,C-JahOT9DI42
21127,C-JahUB3SE00
21128,JahANM47
21129,JahB2A41
21130,Jah2JD04
21131,JahKRA32
21132,Jah76L09
21133,JahH06S40
21134,JahPTQV39
21135,Jah9GPX16
21136,JahM77S37
21137,Jah5KFD35
21138,Jah94QN58
21139,JahC7DO13
21140,JahDMGF52
21141,JahFFHM55
21142,JahREWH01
21143,JahKIT453
21144,JahU3GD50
21145,JahSYWL50
21146,JahZOXP39
21147,JahSHLS13
21148,JahMZW207
21149,JahWR2Q27
21150,Jah15X941
21151,JahVNK627
21152,JahDNI452
21153,JahY68W58
21154,JahALRB42
21155,Jah4TBD25
21156,Jah7EC343
21157,JahJ9M647
21158,JahAV6S32
21159,Jah201352
21160,Jah1MOB05
21161,JahA9939
21162,JahG0828
21163,JahVJS59
21164,JahKOX32
21165,Jah6QO47
21166,Jah3O751
21167,Jah99B35
21168,JahUXX13
21169,JahR4516
21170,Jah3LQ44
21171,JahBXF13
21172,JahU5K52
21173,Jah7YT18
21174,Jah6OD07
21175,C-JahT6EAQ51
21176,C-Jah5PSLZ28
21177,C-JahZPGVD38
21178,C-JahMA8AM33
21179,C-JahSWJBS29
21180,C-JahU1WWC40
21181,C-JahDNIEB18
21182,C-JahRQVZF41
21183,C-JahCJS9I21
21184,C-JahGD9Y939
21185,C-Jah1W0GE11
21186,C-Jah1ZDMC32
21187,C-Jah67WF917
21188,C-JahZA3AA10
21189,C-JahLAQ1M42
21190,C-Jah8D2V441
21191,C-JahY7FBE34
21192,C-JahXWLQ346
21193,C-JahXI2HF55
21194,C-Jah8M1E856
21195,C-Jah222RI36
21196,C-Jah0BF9H04
21197,C-JahOVLAU55
21198,C-Jah7U8OH14
21199,C-Jah1HTRM30
21200,C-JahOD8YU51
21201,C-JahJTPPH21
21202,C-JahMP6VQ42
21203,JahKWIF08
21204,JahSDOV08
21205,JahDJCY36
21206,JahPVH652
21207,JahK87G34
21208,JahHGZC23
21209,JahDM4B20
21210,JahHFBS36
21211,Jah19CY48
21212,Jah16Z851
21213,JahNEYW15
21214,Jah74M853
21215,JahZF5Z14
21216,Jah9PWI06
21217,JahDKKZ47
21218,JahUP7C50
21219,Jah3CEX34
21220,JahW5J925
21221,JahMTGM02
21222,JahDOZL52
21223,Jah0KS215
21224,Jah0KPR14
21225,Jah1HQL49
21226,JahOAA716
21227,JahY6DZ37
21228,JahZ6NB37
21229,JahJQCA59
21230,JahRMY951
21231,JahUH7Y57
21232,Jah7RGU41
21233,Jah1ZP708
21234,Jah7OHI40
21235,JahWMRM22
21236,JahN1IC15
21237,Jah6FM921
21238,JahR50D47
21239,JahBROS47
21240,JahYS1T09
21241,JahGE3O47
21242,JahVZ1J49
21243,JahED2638
21244,Jah1GJW16
21245,JahNLHS06
21246,JahRN7D07
21247,JahTJFA09
21248,JahZXPE58
21249,JahFN5P08
21250,JahTH7330
21251,JahQSH613
21252,Jah1XOY38
21253,JahDKSR43
21254,JahHIOZ29
21255,JahBC3L00
21256,JahAMQF24
21257,Jah595I13
21258,JahOKYL16
21259,Jah7GAF33
21260,Jah8V6A47
21261,JahCR0534
21262,JahLX3X50
21263,JahN9OY26
21264,JahYQWD59
21265,JahF3LO15
21266,JahMXY523
21267,Jah8LR541
21268,JahD5NW37
21269,JahDAXW43
21270,JahR8UV56
21271,Jah0LE915
21272,JahUM5613
21273,JahTMQA19
21274,Jah3GBR42
21275,JahDKYQ56
21276,JahLI6Y37
21277,JahP60K18
21278,JahL19C33
21279,JahN7WM26
21280,JahU3PL47
21281,Jah9SRV12
21282,JahRVS043
21283,JahPJ8Q11
21284,Jah3DNU56
21285,JahEFXQ23
21286,JahUXSY38
21287,Jah3IIN52
21288,JahGBSV38
21289,Jah2UKV17
21290,Jah2JJ906
21291,Jah6GGO52
21292,Jah1G9212
21293,JahCX6223
21294,Jah5RH248
21295,JahP2G225
21296,JahTR3029
21297,JahCWX428
21298,JahL8U243
21299,JahAE6C39
21300,JahKTS222
21301,JahMVOY18
21302,JahKTQJ36
21303,JahIECM39
21304,JahNTRG29
21305,Jah9FBK18
21306,Jah45OE23
21307,JahSZPP53
21308,JahJ2RJ02
21309,JahDEX841
21310,JahJP5551
21311,JahPJEY09
21312,JahEF4X34
21313,JahAQBS07
21314,JahY41840
21315,JahQD2432
21316,JahMHBB28
21317,JahMBEZ24
21318,JahBD1606
21319,JahUOD36
21320,JahMO647
21321,JahFX752
21322,JahTYN51
21323,JahVGM48
21324,JahZCN25
21325,JahWUA05
21326,JahFZF09
21327,JahKA414
21328,JahVSR35
21329,JahB3C40
21330,JahO7L17
21331,JahSEC32
21332,JahVC334
21333,JahU8L05
21334,JahRJO21
21335,Jah6OQ06
21336,JahTOX59
21337,JahDFJ46
21338,Jah6ZJ44
21339,JahXWT05
21340,JahNER49
21341,JahQ9501
21342,Jah3M943
21343,JahFGE31
21344,JahOPE31
21345,JahZE107
21346,JahQPS17
21347,JahE5T47
21348,JahMI323
21349,JahT7P16
21350,Jah92H06
21351,JahPT525
21352,JahZ7838
21353,JahIYR32
21354,Jah78R51
21355,JahUIR08
21356,JahJDU34
21357,Jah2TB40
21358,JahZKZ27
21359,JahLL743
21360,Jah6WN04
21361,Jah2V040
21362,JahXAQ34
21363,Jah42K22
21364,JahJRZ31
21365,JahHJE40
21366,JahSOT44
21367,JahF7J27
21368,Jah51332
21369,JahDSZ32
21370,JahGTW18
21371,JahZML39
21372,JahR8F37
21373,Jah9ZT41
21374,JahSZL08
21375,Jah6CS15
21376,JahP0636
21377,Jah7SN38
21378,JahFGF33
21379,JahMCZ47
21380,JahXUD50
21381,JahC7810
21382,Jah85515
21383,Jah69X48
21384,JahSQJ53
21385,Jah2UU25
21386,JahANU50
21387,JahYU633
21388,JahMRF02
21389,Jah5GE21
21390,C-JahY21H348
21391,C-Jah203XK29
21392,C-JahYAIFJ55
21393,C-JahI0ZME59
21394,C-Jah0FKES17
21395,C-JahUM13W37
21396,C-JahLZDPI43
21397,C-JahR8P5357
21398,C-Jah36R3L33
21399,C-JahUZFKS08
21400,C-Jah296Y716
21401,C-Jah4KZF956
21402,C-Jah4Q07D54
21403,C-JahY59GS04
21404,C-JahML9RR10
21405,C-JahT72UF11
21406,C-JahEC77J46
21407,C-Jah8C3WB45
21408,C-JahQXMIC10
21409,C-JahB78OB39
21410,C-Jah3UIO042
21411,C-JahTKCZP35
21412,C-Jah5VAUD17
21413,C-JahEZ6CL50
21414,C-Jah8PKJO12
21415,C-JahA9S9214
21416,C-JahQDBDP31
21417,C-Jah10JY315
21418,C-JahU6BIM28
21419,C-Jah5YKZ829
21420,C-Jah21DD251
21421,C-JahU8PIS26
21422,C-JahRM0US04
21423,C-Jah39X5W50
21424,C-JahDWJXY24
21425,C-JahHPB5G49
21426,C-Jah1UNAS34
21427,C-Jah8M7W029
21428,C-JahKVI6K20
21429,C-JahIELQW19
21430,C-JahE4ZUH31
21431,C-JahW6MZ318
21432,C-Jah0BV1U21
21433,C-Jah1TFML45
21434,C-JahXB30Q32
21435,C-Jah0KF9F29
21436,C-JahC2VC901
21437,C-JahQLCGE57
21438,C-JahGLEER07
21439,C-Jah4MNXP55
21440,C-JahK38H347
21441,C-JahY63NM44
21442,C-Jah11EJY58
21443,C-Jah2XDWK24
21444,C-Jah6RYVO49
21445,C-JahJZZM421
21446,C-Jah89RNJ44
21447,C-JahV4OXB48
21448,C-Jah3NLK325
21449,C-JahO6MTG33
21450,C-JahERU3005
21451,C-JahZ5KXY28
21452,C-JahS0B4H01
21453,C-JahJY9BC58
21454,C-Jah4AW9Z52
21455,C-Jah4RZU631
21456,C-JahOVPL135
21457,C-Jah7O9OE17
21458,C-JahBUN4C17
21459,C-JahLB4RH25
21460,C-Jah7DP4222
21461,C-JahL3UMY17
21462,C-JahVHPO519
21463,C-JahPPCNJ12
21464,C-JahQ4JZX17
21465,C-JahJS7W104
21466,C-Jah062PS59
21467,C-JahPI9QJ10
21468,C-JahSYY0O23
21469,C-Jah3UCAB30
21470,C-JahZ1ZDI33
21471,C-JahANRO727
21472,C-JahQW7EV43
21473,C-JahBKUUT49
21474,C-JahEF5UB35
21475,C-JahQ2C3P33
21476,C-JahUF56451
21477,C-JahQWABQ29
21478,C-JahBK7A333
21479,C-JahXTBK347
21480,C-JahI847333
21481,C-JahDBSBZ20
21482,C-JahC41DH12
21483,C-Jah7ET3F28
21484,C-JahN97DR43
21485,C-JahN5M3Y00
21486,C-Jah3X6N538
21487,C-JahBN6FP09
21488,C-Jah39GS958
21489,C-JahQ396204
21490,C-JahP202C11
21491,C-JahUVO6F58
21492,C-Jah8EGHT16
21493,C-JahICC9647
21494,C-JahINNXJ36
21495,C-JahHK5N915
21496,C-JahOMV6L20
21497,C-JahPZMRU37
21498,C-JahR2MTT09
21499,C-JahE34BX32
21500,C-JahB855Q33
21501,C-JahW3YMG16
21502,C-Jah16JBE19
21503,C-Jah906ZT40
21504,C-JahCN2AU12
21505,C-Jah3J1TL15
21506,C-Jah0N21618
21507,C-Jah3CGWV28
21508,C-Jah615XJ46
21509,C-JahCV8LD34
21510,C-JahNS74J55
21511,C-JahPZLLX44
21512,C-JahV2BMO34
21513,C-Jah5DQNT20
21514,C-JahCWYW131
21515,C-Jah9DT9E46
21516,C-Jah741FN15
21517,C-JahSFVHW32
21518,C-Jah47GY409
21519,C-Jah40E1030
21520,C-Jah53SX047
21521,C-JahSWMKH49
21522,C-JahB8MNG44
21523,C-JahOGMB029
21524,C-JahSLVK301
21525,C-JahXP2BC43
21526,C-JahL2ASL48
21527,C-JahWL26824
21528,C-Jah50O8T23
21529,C-Jah4PSYU47
21530,C-JahDNQNO30
21531,C-JahUA5S533
21532,C-JahCVIGF27
21533,C-JahHWSE634
21534,C-Jah3FMV650
21535,C-JahVH0ZA08
21536,C-JahARKO646
21537,C-JahU0PDU20
21538,C-JahB15YT47
21539,C-JahV5L8Y07
21540,C-JahJVOGH00
21541,C-JahKSJNU20
21542,C-JahWZNCN26
21543,C-Jah1BV5D36
21544,C-Jah9IYYN03
21545,C-JahHDPGA21
21546,C-JahL51CJ00
21547,C-JahMDDUD38
21548,C-JahV4QK629
21549,C-JahLPT5J45
21550,C-JahGB37131
21551,C-JahOB9I344
21552,C-JahY14C443
21553,C-JahCTKX558
21554,C-JahLY49F54
21555,C-JahOLG1919
21556,C-JahDB2YL21
21557,C-JahM203F33
21558,C-JahXDXIJ54
21559,C-JahZZEWI57
21560,C-JahLRE9S05
21561,C-JahW6ZBW46
21562,C-JahELLJY06
21563,C-JahCPETI43
21564,C-JahSFSVI07
21565,C-JahWNADN12
21566,C-Jah713IN11
21567,C-JahA89XI45
21568,C-JahWF8RI34
21569,C-JahBOWTB45
21570,C-JahK7VHR56
21571,C-JahTFWFW30
21572,C-JahLU2DJ47
21573,C-JahRJ6XG44
21574,C-JahGA3IG27
21575,C-JahHXVYV38
21576,C-JahXNZJW45
21577,C-Jah1YRB526
21578,C-JahUBDJL30
21579,C-Jah19B1612
21580,C-JahITFDM23
21581,C-Jah1DNRX44
21582,C-Jah7A2YM32
21583,C-JahJJ93P20
21584,C-JahULIXB56
21585,C-JahZ2UHR08
21586,C-Jah3098907
21587,C-Jah78EVO27
21588,C-JahSM39K02
21589,C-JahQ84DO33
21590,C-JahW35A345
21591,C-JahFR8SN10
21592,C-JahZG75S29
21593,C-JahK6C5K14
21594,C-JahB26MC22
21595,C-JahVJM0621
21596,C-JahE8BK213
21597,C-JahI6B8O48
21598,C-JahHSD2Z51
21599,C-Jah6I4IO48
21600,C-JahIXUA949
21601,C-Jah82FMN56
21602,C-JahLTLWG40
21603,C-JahSRNWT16
21604,C-JahHLSJB06
21605,C-Jah2LJWF05
21606,C-JahLAPUG50
21607,C-Jah86L3227
21608,C-Jah8V8R305
21609,C-JahIHZN127
21610,C-Jah79PKS00
21611,C-JahUJ9CJ32
21612,C-Jah4IXTJ01
21613,C-JahS5BM833
21614,C-JahBKNKY58
21615,C-JahVDCAX24
21616,C-Jah9ABMD10
21617,C-JahSGITA15
21618,C-Jah1K8O051
21619,C-Jah15HR655
21620,C-JahDP28Z08
21621,C-Jah6LR0Q21
21622,C-JahM7XIW56
21623,C-JahWQDBF52
21624,C-JahSKV7N25
21625,C-Jah5Y47240
21626,C-JahS2CRA47
21627,C-JahTMB3C51
21628,C-JahA925J29
21629,C-JahM1CBI57
21630,C-JahKJYBT07
21631,C-JahXYHGW18
21632,C-JahL91LW56
21633,C-Jah7E79T22
21634,C-JahKI8U946
21635,C-Jah189F734
21636,C-JahRK4EY25
21637,C-JahET0ZY54
21638,C-JahUK1FC01
21639,C-JahRY7ND24
21640,C-JahZPP8J51
21641,C-JahZR5OV59
21642,C-Jah3MPBQ14
21643,C-JahQW03852
21644,C-JahZ4H5N39
21645,C-Jah7UWWB21
21646,C-JahLQI8X45
21647,C-JahM82KB17
21648,JahIVCW52
21649,JahMFYT04
21650,JahMZKG24
21651,JahHBM239
21652,JahGVRS55
21653,JahYMWS35
21654,Jah2CRE56
21655,Jah2JA524
21656,Jah5XTO59
21657,Jah0SJH21
21658,Jah6D8O06
21659,JahYEDE45
21660,JahBECR33
21661,JahHXW149
21662,JahEAHM40
21663,Jah62T213
21664,JahOACL07
21665,JahSGLY44
21666,Jah6WKG27
21667,Jah5RGX18
21668,JahYCQ434
21669,JahBIXD19
21670,JahPN6V52
21671,JahN5Q114
21672,JahROLY11
21673,JahJBAB30
21674,Jah6ZPT31
21675,Jah25QH20
21676,JahNTYJ05
21677,JahFW6Q02
21678,JahO1V404
21679,JahSGBY13
21680,Jah80DZ57
21681,Jah3Y8908
21682,JahPYDE41
21683,JahZLFK23
21684,JahXZGT01
21685,JahSCI330
21686,JahVIBA01
21687,JahX8TK52
21688,JahBN8D43
21689,JahBZAG05
21690,JahL4YS39
21691,JahBNEY40
21692,JahXUCB29
21693,JahGRZL54
21694,Jah6DMI11
21695,JahJIEZ08
21696,Jah7HDX30
21697,JahHNYD16
21698,JahST1H12
21699,JahVOEB06
21700,Jah3KRQ05
21701,JahJRYQ03
21702,JahT94R17
21703,JahKWT602
21704,JahU4IV52
21705,JahBFEK53
21706,Jah8ABM37
21707,Jah9FTA47
21708,JahL37H21
21709,Jah82PB38
21710,Jah3W5Z52
21711,Jah909M56
21712,Jah7IJK28
21713,Jah9GF405
21714,Jah55D437
21715,JahATC744
21716,JahZYIH52
21717,JahZDMM15
21718,JahY1C138
21719,JahMZU942
21720,JahRY6335
21721,JahTWDF44
21722,JahLW7Q54
21723,JahP5B433
21724,Jah7V6X48
21725,JahJ8V458
21726,JahTQM600
21727,Jah3N2N35
21728,Jah2MNM33
21729,JahJO6Y36
21730,JahW4FA41
21731,JahZE0Z32
21732,JahEEQU16
21733,JahK6OA33
21734,JahEZU703
21735,JahVHCX59
21736,JahAU4Y54
21737,Jah26OK11
21738,Jah8AOT37
21739,Jah3GMN46
21740,Jah2S0F50
21741,Jah0RST22
21742,JahB2XH13
21743,JahSMV655
21744,JahRFK136
21745,JahPF5O20
21746,Jah7BSV36
21747,JahI83W07
21748,Jah7H8202
21749,JahNGRX30
21750,Jah8T5L05
21751,JahJM2T38
21752,JahAQ5223
21753,JahUWAY11
21754,JahZ10N44
21755,Jah246256
21756,JahB21812
21757,JahD3KC14
21758,Jah9NWF28
21759,JahKA5L09
21760,JahG04158
21761,JahMGDZ05
21762,JahYDKM43
21763,JahM30M35
21764,Jah2VJP14
21765,JahOFWT03
21766,JahTYHI35
21767,Jah8HSK42
21768,JahP28X13
21769,JahZZVU10
21770,JahIK3901
21771,JahIGN540
21772,JahPGZD33
21773,JahMC0W31
21774,Jah8FCG30
21775,JahI2OE38
21776,JahJEVO21
21777,Jah3N0Z51
21778,JahA53551
21779,JahZ5OV06
21780,JahE2JM47
21781,JahTH1K43
21782,JahEN7O50
21783,Jah1Z5647
21784,JahVVKI17
21785,Jah7BUW55
21786,JahPLKE26
21787,JahQ0YY57
21788,JahTLP139
21789,JahW8QF56
21790,JahTIHX10
21791,JahI5NI03
21792,Jah8R5722
21793,JahB3SA47
21794,JahBV8220
21795,Jah57L009
21796,Jah0U7H48
21797,Jah99AS16
21798,JahUN5M19
21799,JahXFBT04
21800,JahAAWM51
21801,JahH65S39
21802,JahDCGZ40
21803,Jah4OHJ27
21804,JahGEUN36
21805,JahAFBL30
21806,JahZZED58
21807,JahS3OL13
21808,JahU80K34
21809,JahFCTL20
21810,JahFY7M03
21811,Jah8HZM13
21812,JahBKOZ09
21813,Jah9R3727
21814,JahPJJH55
21815,JahW9IB20
21816,Jah1DWO31
21817,Jah33BR06
21818,Jah7MES32
21819,Jah53RT50
21820,JahXXRC33
21821,Jah6QU035
21822,JahUATI51
21823,JahBMD043
21824,Jah1N7W17
21825,JahPWFH57
21826,JahMSNF06
21827,JahV65J41
21828,Jah20FB25
21829,Jah225Y19
21830,Jah6HM508
21831,Jah128M59
21832,JahOLH518
21833,JahNEJ032
21834,JahLLWF22
21835,JahFVI430
21836,Jah4BKX05
21837,Jah5DXG37
21838,JahUIXD17
21839,JahH99C00
21840,JahIH5P21
21841,JahYRGP06
21842,JahO9EG17
21843,Jah5HIL03
21844,JahQYJK11
21845,JahILDC46
21846,Jah3QQD56
21847,JahV11124
21848,JahCRCC30
21849,JahSI9P01
21850,JahQ3BT01
21851,Jah786837
21852,Jah4W8T45
21853,Jah0RXR52
21854,JahLTDR07
21855,JahD0IL53
21856,JahT4Y232
21857,JahHINC52
21858,Jah3S8D29
21859,JahBHOM49
21860,Jah7XBM43
21861,JahZTUW57
21862,JahTM8C20
21863,C-KauBVHCF19
21864,C-KauST2UD42
21865,C-KauVR0IZ49
21866,C-KauI35CC57
21867,C-KauBAPP031
21868,C-Kau27IZX06
21869,C-Kau5LGON54
21870,C-KauGWM2Q20
21871,C-KauPFSFM05
21872,C-Kau63M4Z12
21873,C-KauN8RLG00
21874,C-KauJFROY48
21875,C-KauNO4EV10
21876,C-KauAAN4L26
21877,C-KauTKQP708
21878,C-KauN9NMK07
21879,C-Kau0PO4717
21880,C-Kau749OA12
21881,C-KauW4N5O06
21882,C-KauVHOQ129
21883,C-KauUMZ0534
21884,C-KauV6RH830
21885,C-KauDVAIR55
21886,C-Kau85DDA25
21887,C-KauUQIHZ46
21888,C-Kau37FP659
21889,C-KauEP5AE31
21890,C-KauEBQEL13
21891,C-KauCQ7NE57
21892,C-KauX5EJO42
21893,C-KauHX2XV50
21894,C-Kau0CXOZ15
21895,C-KauGP8E543
21896,C-KauI1U3A49
21897,C-KauELXQD39
21898,C-Kau31WEX14
21899,C-KauF9Q4R17
21900,C-KauOOM8305
21901,C-KauP52DG45
21902,C-KauG5QA950
21903,C-KauC66N258
21904,C-KauZKQ3Z33
21905,C-KauGA11251
21906,C-KauB8WKQ39
21907,C-Kau4FEJ831
21908,C-Kau0SR3803
21909,C-Kau1YREK53
21910,C-Kau803EM45
21911,C-Kau7UDMJ52
21912,C-KauY2E4O01
21913,C-KauI2MTX33
21914,C-KauNPHH721
21915,C-Kau1L6WB04
21916,C-KauOOIHN40
21917,C-KauQPYGS37
21918,C-KauHL7CM46
21919,C-KauN3HJW10
21920,C-Kau68KVV21
21921,C-KauQJ6EE28
21922,C-KauV8SUA42
21923,C-KauBFDRF10
21924,C-KauGJJFR10
21925,C-Kau4JPB330
21926,C-Kau8MEIN46
21927,C-KauM3CFP39
21928,C-KauBDYYW44
21929,C-KauE1Y5426
21930,C-KauE539Y28
21931,C-Kau9TACU02
21932,C-Kau4UT9A53
21933,C-KauR1KBP07
21934,C-KauX437Z36
21935,C-KauTCYKF36
21936,C-KauQJ28O53
21937,C-KauIN0K901
21938,C-KauPV7IS05
21939,C-KauZV5HP24
21940,C-Kau9IS5031
21941,C-KauZZYDN50
21942,C-Kau3HIBU29
21943,C-KauL0B5R20
21944,C-Kau56AR716
21945,C-KauCD1CW58
21946,C-Kau6DZE900
21947,C-KauZI4NR53
21948,C-KauFUIXZ11
21949,C-KauMTRAR54
21950,C-KauWTZUR38
21951,C-KauDKTT724
21952,C-KauNOTRT13
21953,C-KauWKVGZ38
21954,C-KauS383A47
21955,C-KauN2JW921
21956,C-KauTAZ2R17
21957,C-KauE511602
21958,C-KauLBC8U37
21959,C-KauIOXBR36
21960,C-KauT0FTC08
21961,C-KauMNG6A42
21962,C-Kau3K3A255
21963,C-KauWH63P01
21964,C-KauIMBHA30
21965,C-Kau7XMDK46
21966,C-Kau7IOG028
21967,C-Kau6L29F27
21968,C-KauKN71S33
21969,C-Kau3SNP532
21970,C-Kau7DW2203
21971,C-KauL16VS52
21972,C-KauCIRSZ40
21973,C-KauLX39Q47
21974,C-KauY528X37
21975,C-KauT37TY53
21976,C-KauOILW536
21977,C-Kau04FRC05
21978,C-KauMWCRS50
21979,C-Kau8E0S633
21980,C-KauSI60J38
21981,C-KauNGMJ732
21982,C-Kau1YRNN05
21983,C-KauHN41U54
21984,C-Kau50X4O00
21985,C-KauZOBC357
21986,C-KauEL0T032
21987,C-KauIFG8K40
21988,C-KauSYQCU59
21989,C-KauULPQ138
21990,C-KauE1KGR28
21991,C-KauD043O56
21992,C-KauA5UK612
21993,C-KauVJJYK09
21994,C-Kau756SZ52
21995,C-KauN4HJF47
21996,C-Kau8M00G35
21997,C-KauRVNEB24
21998,C-Kau6PD2Y32
21999,C-KauKR2KO54
22000,C-KauBW6OX13
22001,Kau5YRQ53
22002,C-Chi38YAP36
22003,AuyRSD32
22004,Bun13Z54
22005,Gar5OK09
22006,RanHE107
22007,Gar0J239
22008,GarJ3P37
22009,GarOZK30
22010,C-Kau5AUZ125
22011,C-JabXBI6S05
22012,C-Jab097JW22
22013,C-JabQSX9033
22014,C-JabMP6AP19
22015,C-Jab9S80757
22016,C-JabQQENO11
22017,C-JabNDMF036
22018,C-JabUMD4602
22019,C-JabK6VNI21
22020,C-Jab64QH003
22021,C-Jab576JQ12
22022,C-JabUOI1C01
22023,C-Jab1LH5K53
22024,C-JabCFRL919
22025,C-JabJZQ2S12
22026,C-JabW5FIN47
22027,C-JabSRDE315
22028,C-JabM1GHR53
22029,C-Jab5YJ1O22
22030,C-JabAEWN028
22031,C-Jab4TOLD33
22032,C-Jab4DD3V41
22033,C-JabCEJQ129
22034,C-Jab2AC0O56
22035,C-JabJAPLP08
22036,C-Jab3V55J46
22037,C-JabA42UJ15
22038,C-JabPIP9846
22039,C-JabH3YJE09
22040,C-JabMO5UA28
22041,C-JabWR2N426
22042,C-Jab4N8P511
22043,C-JabGFGXI06
22044,C-JabCN70B30
22045,C-JabSYVW705
22046,C-Jab2GNC439
22047,C-JabA5UFG17
22048,C-JabA1ZQQ42
22049,C-JabQHCHR45
22050,C-Jab4WADX07
22051,C-JabOGTQ126
22052,C-JabRMF3Z57
22053,C-Jab13QQN52
22054,C-JabNBAS738
22055,C-Jab13L7B49
22056,C-JabNK7OC25
22057,C-JabL57X706
22058,C-Jab6E9HB54
22059,C-JabI78TR31
22060,C-JabVQYEV19
22061,C-JabJ9LPE58
22062,C-JabHPASN33
22063,C-Jab2BHH814
22064,C-JabFDTVM43
22065,C-JabR4WVD28
22066,C-Jab66L4T59
22067,C-JabEWUM922
22068,C-JabHC1NJ25
22069,C-Jab6QWF157
22070,C-JabKX8AD07
22071,C-JabOLD1F29
22072,C-JabDHDKE39
22073,C-JabGELM239
22074,C-Jab5TEHK30
22075,C-Jab1BSW314
22076,C-JabB270G48
22077,C-Jab0RLMI36
22078,C-Jab2VJL248
22079,C-JabGYK3G08
22080,C-Jab8ZUPH45
22081,C-Jab005Z728
22082,C-JabPBOV154
22083,C-JabW66IX06
22084,C-Jab8JBW042
22085,C-JabZOZTJ12
22086,C-JabBC03D26
22087,C-Jab8IVWA03
22088,C-JabFG16D56
22089,C-JabCKF0236
22090,C-JabBH6IL08
22091,C-JabDETEM36
22092,C-JabNM6WI55
22093,C-JabA3A0U41
22094,C-JabAVAMZ48
22095,C-JabW6QSC15
22096,C-JabYTK2818
22097,C-JabH51GV19
22098,C-Jab3PZVP54
22099,C-Jab28BWG05
22100,C-JabWMMQD40
22101,C-JabNURJ132
22102,C-JabPUQFM21
22103,C-JabZEZZ456
22104,C-JabIGFBM10
22105,C-JabFVQTU20
22106,C-JabSWZG455
22107,C-JabX5XJ901
22108,C-JabS0DTY18
22109,C-Jab2YY3243
22110,C-Jab972VP28
22111,C-JabNO9FU19
22112,C-Jab9H1WP39
22113,C-JabRXN7Q40
22114,C-JabSA96T01
22115,C-Jab9QBQ933
22116,C-JabXCIL613
22117,C-JabQCRER04
22118,C-KauCH9CJ20
22119,C-KauEDIHQ35
22120,C-KauFA7XK23
22121,C-KauYMKZ451
22122,C-Kau0R9OW50
22123,C-Kau47E4M09
22124,C-Kau6ZG5K53
22125,C-KauOFX2W51
22126,C-KauOK9KT20
22127,C-KauHJ43S34
22128,C-Kau0I92H09
22129,C-KauXNID538
22130,C-KauTXM6C08
22131,C-Kau72OG825
22132,C-KauS88YV07
22133,C-Kau5KLNZ22
22134,C-KauG47TM07
22135,C-KauZ91DX34
22136,C-Kau620RJ17
22137,C-KauWIFWP26
22138,C-Kau8TD7I55
22139,C-KauE53WJ09
22140,C-KauDXJZ228
22141,C-KauO4JJ335
22142,C-KauPDPC548
22143,C-KauJAVYJ14
22144,C-KauWMT8R53
22145,C-Kau7J16O46
22146,C-KauTZOIE39
22147,C-Kau5S32T41
22148,C-KauVY9PH39
22149,C-Kau22E5541
22150,C-KauO8TZQ35
22151,C-KauBZ2IY12
22152,C-KauKWDN603
22153,C-KauD6XIZ09
22154,C-KauMGV1J29
22155,C-Kau7XIUB18
22156,C-Kau91C8Q31
22157,C-KauVOXP524
22158,C-Kau9YH9Z17
22159,C-Kau27IYF11
22160,C-KauIFY4729
22161,C-KauABMHB38
22162,C-Kau6PFSR59
22163,C-KauLKRDN06
22164,C-KauG3RKK47
22165,C-KauFVV7603
22166,C-KauZ00IS38
22167,C-Kau1BRQM42
22168,C-Kau5NV7Q54
22169,C-KauRREV749
22170,C-KauF09W712
22171,C-KauRGGMR10
22172,C-Kau9I6DT19
22173,C-Kau3S6NJ59
22174,C-KauRBVN225
22175,C-KauFC0LL50
22176,C-KauK6GP014
22177,C-Kau148C607
22178,C-KauREZRH46
22179,C-Kau4721Y50
22180,C-KauAT4B322
22181,C-KauTBE1W05
22182,C-KauEUTE356
22183,C-KauTMHWZ06
22184,C-Kau4H77H30
22185,C-KauLCC8243
22186,C-KauWJ7TV50
22187,C-Kau0F0NE44
22188,C-Kau6AAKR02
22189,C-KauYYNR555
22190,C-Kau9YG4E35
22191,C-Kau5BJDY16
22192,C-Kau01CYE56
22193,C-KauNP0BL25
22194,C-Kau6I6NR26
22195,C-KauMF1XU44
22196,C-KauBJXEB42
22197,C-KauWE1QL56
22198,C-KauTL4WE17
22199,C-KauB0U7B04
22200,C-KauA0KFN37
22201,C-KauDUY3315
22202,C-KauB8FEA37
22203,C-Kau27C7K50
22204,C-Kau1K68P27
22205,C-Kau700T450
22206,C-KauVX6M540
22207,C-KauYMXF002
22208,C-KauQWQWH23
22209,C-KauJDFWM06
22210,C-Kau3EMSS59
22211,C-Kau3HV5H20
22212,C-Kau6ERX800
22213,C-Kau0KU4T35
22214,C-KauYKA6B24
22215,C-KauOAVA343
22216,C-KauSMWGG49
22217,C-KauM5V0I28
22218,C-KauJTBKV44
22219,C-KauXYX0I06
22220,C-Kau2FN7636
22221,C-KauQ9N1308
22222,C-KauZAXCJ39
22223,C-KauXA1SL11
22224,C-KauWRJS929
22225,C-KauBGSYY17
22226,C-KauMI0WD08
22227,C-KauLWPMV40
22228,C-Kau6MIRS41
22229,C-Kau0UWS224
22230,C-KauO2HG541
22231,C-KauI4IAM20
22232,C-KauZN8XF47
22233,C-KauWAAPH11
22234,C-KauIEVXE06
22235,C-Kau28DQY54
22236,C-Kau1TOE547
22237,C-KauGLW1U38
22238,C-KauIAKIR35
22239,C-JemLXUM834
22240,C-JemODUUS30
22241,C-Jem09WGF33
22242,C-Jem92LHI44
22243,C-JemVD2BQ00
22244,C-JemWMHU038
22245,C-Jem4G56759
22246,C-Jem6YOIV17
22247,C-Jem6CHIO12
22248,C-JemH30V348
22249,C-Jem0Q8VS46
22250,C-JemH0TKH10
22251,C-JemP185255
22252,C-JemH2KKB39
22253,C-JemT8VAG04
22254,C-JemVLZFY55
22255,C-JemKEES758
22256,C-JemVRREC07
22257,C-JemXDOJ536
22258,C-JemL9KUP31
22259,C-JemZLXCM07
22260,C-JemZDBRM32
22261,C-JemECLUL24
22262,C-Jem7979J50
22263,C-JemMVB7H24
22264,C-JemH6WKX35
22265,C-JemP458K52
22266,C-Jem1LM3929
22267,C-JemHDK2801
22268,C-JemRIR2N38
22269,C-JemN4YG713
22270,C-JemU6JNI48
22271,C-Jem5CZG255
22272,C-Jem8T86W06
22273,C-JemCBTO344
22274,C-JemFKJCT55
22275,C-JemRESIR02
22276,C-Jem3MVC644
22277,C-JemX9Y0V41
22278,C-JemK47B823
22279,C-JemLG46X18
22280,C-JemVCCQK53
22281,C-JemDU26V25
22282,C-JemC5A9A33
22283,C-JemEA5R310
22284,C-Jem1K6ZU35
22285,C-JemGT2TP32
22286,C-Jem9YX6P01
22287,C-Jem09ZEL20
22288,C-JemP0NIB39
22289,C-Jem5WD5109
22290,C-Jem7QK9105
22291,C-Jem90F7F11
22292,C-Jem1IMTP43
22293,C-Jem8HFY716
22294,C-JemI2K4V13
22295,C-JemMO6AN54
22296,C-JemOVUV920
22297,C-JemHM8QH02
22298,C-JemZAG2Y26
22299,C-Jem2YXYE50
22300,C-Jem9GWKQ23
22301,C-JemX50FL42
22302,C-Jem9DC4853
22303,C-JemW84CG32
22304,C-JemNP73O23
22305,C-JemV0QA314
22306,C-JemE365033
22307,C-JemNIW1B42
22308,C-Jem6A9JB09
22309,C-JemFKIM916
22310,C-Jem8S44124
22311,C-JemVR0ET56
22312,C-JemL9R4K56
22313,C-JemME3AV06
22314,C-JemIB50F11
22315,C-JemQH0XK48
22316,C-JemTNVKR42
22317,C-JemSRGPB50
22318,C-JemJXL3P43
22319,C-JemJNFK021
22320,C-JemVEVB116
22321,C-JemC4AZ332
22322,C-Jem2DJUU14
22323,C-JemRERA013
22324,C-JemX57US29
22325,C-Jem4ZNL404
22326,C-JemAJY5E56
22327,C-Jem1CY7C33
22328,C-JemVLUIK22
22329,C-JemH7D0639
22330,C-JemTB4CX19
22331,C-JemDKJAZ51
22332,C-JemZ7VFU58
22333,C-JemEA64438
22334,C-JemLP46Q06
22335,C-JemM8DZ241
22336,C-JemELLFR17
22337,C-JemOVXL556
22338,C-JemX9YR134
22339,C-JemZC4SH47
22340,C-Jem6OSKC25
22341,C-JemUMKO055
22342,C-JemQ25KR05
22343,C-Jem4T93M25
22344,C-JemDBUHT11
22345,C-JemE0NJM48
22346,C-JemSIWHN19
22347,C-JemB4LMO29
22348,C-JemMPIBN07
22349,C-JemAOPIC35
22350,C-Jem43AK705
22351,C-JemY8SJZ47
22352,C-Jem01G3U31
22353,C-JemYW0I709
22354,C-JemXBYQQ58
22355,C-JemWOCCE56
22356,C-JemXAVOI21
22357,C-JemM403V53
22358,C-JemBN0JB04
22359,C-JemK50ZX48
22360,C-Jem6TR1K52
22361,C-Jem9S0OA40
22362,C-JemZJ9A831
22363,C-JemH3RBY02
22364,C-Jem9BCNO32
22365,C-JemA4I4848
22366,C-JemFUCUQ46
22367,C-JemB6G5A23
22368,C-JemEAICA21
22369,C-JemAM1CM00
22370,C-Jem98CPP09
22371,C-JemVRW0I00
22372,C-Jem1BNPU45
22373,C-JemOFH6339
22374,C-Jem5M7O153
22375,C-JemDXIHP56
22376,C-JemWDPAD09
22377,C-JemSOW5T28
22378,C-JemB8D7D26
22379,C-KacSG2WT56
22380,C-Kac1HX2W59
22381,C-Kac2IL7W14
22382,C-KacOKA2W03
22383,C-KacAANMG05
22384,C-KacI42AP41
22385,C-KacKHU7F03
22386,C-Kac3AU6H57
22387,C-KacJT0FB41
22388,C-KacP0G0L29
22389,C-KacAIML038
22390,C-Kac3L02R44
22391,C-Kac1851924
22392,C-Kac9QFTB23
22393,C-KacN4T6J33
22394,C-KacD808041
22395,C-Kac9EUYZ35
22396,C-KacPDOCY22
22397,C-KacVTOGV49
22398,C-KacY7BB809
22399,C-KacV6UN944
22400,C-KacGFXMV32
22401,C-Kac25PSI54
22402,C-Kac68M9R40
22403,C-KacHEQI522
22404,C-KacW08DL49
22405,C-Kac1O8IT53
22406,C-Kac8ZL3B34
22407,C-KacYDRBX18
22408,C-KacCK9B858
22409,C-Kac21VWB30
22410,C-KacWI1HD54
22411,C-Kac6FRHD44
22412,C-Kac2MUN648
22413,C-KacMNGLO38
22414,C-KacG2D2H06
22415,C-KacE2Z0A54
22416,C-KacCEKM623
22417,C-KacT8ZS843
22418,C-KacTUC7G00
22419,C-KacN02IR01
22420,C-Kac9GR7023
22421,C-KacZI8SZ55
22422,C-KacB6ZC007
22423,C-KacKJKKG47
22424,C-KacESW3O13
22425,C-Kac4YJIF23
22426,C-KacA1LX058
22427,C-KacKRL1U42
22428,C-Kac7V2TK28
22429,C-KacFRGQE49
22430,C-KacD4YBX24
22431,C-KacBBTGY41
22432,C-KacDD2HN19
22433,C-KacWZZHI27
22434,C-Kac5BOJY48
22435,C-Kac7776J13
22436,C-KacVJP6X54
22437,C-Kac3KRJR05
22438,C-KacV7WBR10
22439,C-KacBP2FM13
22440,C-KacKD12W17
22441,C-Kac6NGOP00
22442,C-KacAH3EP23
22443,C-KacDXV4449
22444,C-KacJS69614
22445,C-KacH3QOT22
22446,C-Kac1JQSI45
22447,C-KacT3NVY53
22448,C-KacRNYTS51
22449,C-KacMD04A44
22450,C-KacCKYI425
22451,C-KacH3PPC58
22452,C-KacCSFFR45
22453,C-KacU2LA634
22454,C-KacVK95233
22455,C-Kac2FWA332
22456,C-KacSEV4L00
22457,C-KacOP1V535
22458,C-Kac1P94437
22459,C-Kac7Q7A320
22460,C-Kac1PYMT30
22461,C-KacUQEPE09
22462,C-KacB5YQL16
22463,C-KacKP7H050
22464,C-KacBVR8R48
22465,C-Kac9GRR526
22466,C-KacPI93856
22467,C-KacFE9BP56
22468,C-Kac1A1K322
22469,C-KacZZFC516
22470,C-Kac0WBLG09
22471,C-Kac4DR0720
22472,C-KacX777425
22473,C-KacQY3XE54
22474,C-KacO3YJR15
22475,C-KacS3HIY52
22476,C-KacHBG0C55
22477,C-KacG5TSR48
22478,C-KacG2QT740
22479,C-KacVTW7351
22480,C-KacSG0T638
22481,C-KacZWOXH16
22482,C-KacPBW9D10
22483,C-KacQH30O48
22484,C-KacM4CZL53
22485,C-KacHEK4R47
22486,C-KacOT2TR07
22487,C-Kac8G1VS56
22488,C-KacQQH2H22
22489,C-KacWVJ1105
22490,C-KacA4MX724
22491,C-Kac9I88725
22492,C-Kac45ANI15
22493,C-Kac1MHLE10
22494,C-KacM5FU054
22495,C-KacUQHL424
22496,C-KacWDQMN01
22497,C-KacBBROF13
22498,C-Kac0701Q09
22499,C-Kac0WH9829
22500,C-KacADOM748
22501,C-KacBFJNK24
22502,C-KacD315R53
22503,C-KacJS82F26
22504,C-KacWVMC124
22505,C-KacWQV2W07
22506,C-KacEI1J134
22507,C-KacSTYOU16
22508,C-KacUN1OL11
22509,C-KacSSX7R51
22510,C-KacGLRST06
22511,C-KacR4MOT36
22512,C-KacDO3V652
22513,C-KacNVXQL21
22514,C-KacAPOQJ00
22515,C-KacRJ6L349
22516,C-Kac49BVA50
22517,C-KacBUR4L15
22518,C-KacA1W4G18
22519,C-KacUHNBG17
22520,C-Kac7VSF229
22521,C-Kac4UFWU34
22522,C-KacUZ89H19
22523,C-KacZ3JRV15
22524,C-Kac8KQXH00
22525,C-KacFNWHM01
22526,C-KacBWU9825
22527,C-KacIQUS108
22528,C-KacSVDQB23
22529,C-KacS8SH530
22530,C-Kac4Q6XQ07
22531,C-KacJZCRK28
22532,BunBDM53
22533,C-ZanE9BJ148
22534,C-Zan5DUTV05
22535,C-Zan0FORX07
22536,C-ZanTOAR643
22537,C-ZanJDDL641
22538,C-ZanJ42BF20
22539,C-Zan6G91J36
22540,C-Zan30Q7I54
22541,C-ZanEZSKB32
22542,C-ZanFIL1D27
22543,C-ZanYWJEW24
22544,C-ZanNCJ0K03
22545,C-ZanBAGOD07
22546,C-ZanTXRST57
22547,C-Zan2DH2U58
22548,C-ZanIVTN021
22549,C-Zan79P3P39
22550,C-ZanSN48N44
22551,C-Zan4HI2D13
22552,C-ZanKMBIS51
22553,C-ZanHFGEQ47
22554,C-ZanDQNIA23
22555,C-Zan0CDYE24
22556,C-ZanW2NCX30
22557,C-Zan3MRLU45
22558,C-ZanWY6L617
22559,C-ZanZ77L220
22560,C-ZanPA6WJ33
22561,C-Zan1W76O34
22562,C-ZanESS6855
22563,C-ZanRDCRM49
22564,C-ZanGQE5G31
22565,C-ZanEQ57423
22566,C-ZanEJR5F14
22567,C-ZanZ5XGF58
22568,C-Zan6OS9023
22569,C-Zan871F441
22570,C-Zan07CJF51
22571,C-ZanMEU3Y06
22572,C-ZanGQ7QM25
22573,C-ZanV7NVR31
22574,C-ZanF589D56
22575,C-Zan0DJH032
22576,C-ZanN2HVE51
22577,C-ZanB6W8R14
22578,C-Zan9K2T920
22579,C-ZanARUFZ53
22580,C-ZanCBHHU15
22581,C-ZanBNUYV57
22582,C-ZanTSUBQ03
22583,C-ZanXEBJ859
22584,C-ZanQ35HP39
22585,C-ZanXKM7P11
22586,C-Zan6J75A59
22587,C-ZanDQDZU15
22588,C-ZanOTJJ929
22589,C-ZanXP2JF46
22590,C-ZanWY6IS14
22591,C-ZanKZRHP10
22592,C-ZanDQT0747
22593,C-ZanUI7VO30
22594,C-ZanPBJ4X59
22595,C-ZanR1GRB23
22596,C-ZanJM5XA19
22597,C-ZanV1GHO21
22598,C-ZanAI5AY55
22599,C-Zan1D2L945
22600,C-Zan3BPL003
22601,C-ZanPVJ8804
22602,C-ZanY5ZW637
22603,C-ZanK7PUA41
22604,C-ZanVF9V849
22605,C-ZanM7XKU14
22606,C-ZanWJQS136
22607,C-ZanO47QU21
22608,C-ZanC0M1C00
22609,C-ZanP8ASF15
22610,C-ZanA0R8D57
22611,C-ZanJZP7K07
22612,C-Zan9NJJD32
22613,C-ZanNFYNQ19
22614,C-ZanGZW2708
22615,C-ZanP7SU016
22616,C-ZanPB92I01
22617,C-ZanQK6LD37
22618,C-ZanMLK9614
22619,C-Zan27MP855
22620,C-Zan0YSG304
22621,C-ZanZ6JMC08
22622,C-Zan78D4L12
22623,C-ZanR9WBI43
22624,C-ZanV2JU012
22625,C-ZanJBIRJ00
22626,C-ZanNJJHX05
22627,C-ZanOWD4Q22
22628,C-ZanFD1PE53
22629,C-ZanE2JGN51
22630,C-Zan9E0Q508
22631,C-ZanGOJO641
22632,C-Zan9OBVX35
22633,C-ZanTG7DV48
22634,C-ZanOB9OB12
22635,C-Zan1ZP4C29
22636,C-ZanPCH6V46
22637,C-ZanS33VI30
22638,C-Zan8KJQI50
22639,C-ZanWLUFH08
22640,C-Zan9SX4A53
22641,C-Zan67VTK10
22642,C-Zan0T9GW17
22643,C-ZanS0U9020
22644,C-ZanDJDVK37
22645,C-ZanMBUBS05
22646,C-ZanVC28C41
22647,C-Zan9EPKN08
22648,C-Zan63IGH28
22649,C-Zan0F0G714
22650,C-ZanJ47A417
22651,C-ZanKWPR142
22652,C-ZanR7VNF28
22653,C-ZanT3R7X44
22654,C-ZanG8WZS20
22655,C-ZanOWV2Q25
22656,C-ZanKJRMH59
22657,C-ZanVEMGX58
22658,C-ZanZSW1348
22659,C-ZanO3AOQ52
22660,C-ZanVPRB134
22661,C-ZanYKU1U38
22662,C-Zan4JK3F40
22663,C-ZanUTK4W34
22664,C-ZanVO2SS55
22665,C-ZanFTLFV00
22666,C-ZanKHRDF48
22667,C-ZanDP4EQ30
22668,C-ZanJGSWH31
22669,C-Zan6KTSU06
22670,C-ZanBIENL11
22671,C-ZanXB43E52
22672,C-ZanE2MMS43
22673,C-Zan2SMGM09
22674,C-Zan4O4DT51
22675,C-ZanTAC8742
22676,C-Zan1KRF100
22677,C-Zan58VSN17
22678,C-ZanOLR9500
22679,C-ZanRS5Z950
22680,C-ZanPN0SX27
22681,C-Zan8UWVJ30
22682,C-ZanGSY3X36
22683,C-ZanLB0XF32
22684,C-Zan3I1HF45
22685,C-ZanR392A53
22686,C-Zan10O7N16
22687,C-ZanWNUYE10
22688,C-ZanEIHVY54
22689,C-ZanPJZ8D58
22690,C-ZanRXK2N36
22691,C-Zan9IDFB26
22692,C-ZanQNVUW01
22693,C-ZanFXO0246
22694,C-Zan399ZP36
22695,C-Zan9MSK651
22696,C-ZanXPBYX30
22697,C-Zan3JE7T09
22698,C-ZanO1U9F38
22699,C-KagHVXMS34
22700,C-KagJIJ6P24
22701,C-KagTPPPD18
22702,C-KagVS0XO53
22703,C-Kag1T6XY04
22704,C-KagE5VE232
22705,C-Kag395IJ56
22706,C-Kag9ZWAS47
22707,C-KagZPCJI24
22708,C-KagWMAWW40
22709,C-KagJSAP016
22710,C-Kag0NTO503
22711,C-KagGNYY716
22712,C-KagC0R5Z42
22713,C-Kag2PT7O19
22714,C-KagT2XEH12
22715,C-Kag27E2W55
22716,C-Kag6W46345
22717,C-KagKE7CY22
22718,C-KagU9V6840
22719,C-KagG1UY704
22720,C-KagMW8G724
22721,C-KagIBUTO01
22722,C-KagCPMWW45
22723,C-KagG6QMY49
22724,C-KagGNNXF51
22725,C-KagOB56Q44
22726,C-KagIKVWR18
22727,C-KagDZNFC18
22728,C-KagPCNYV35
22729,C-KagNCNRG58
22730,C-KagWU81R49
22731,C-KagLY5Y822
22732,C-KagGN6PC55
22733,C-Kag2E88T27
22734,C-KagVLLIQ06
22735,C-KagPQIJR59
22736,C-KagOSJNQ31
22737,C-KagF34LU15
22738,C-KagYB1L854
22739,C-Kag86ZEV50
22740,C-KagWIMTS22
22741,C-Kag0VPUN34
22742,C-KagYHF4012
22743,C-KagE5OJ621
22744,C-KagCVMKD08
22745,C-KagLUWZ917
22746,C-KagHCJYF40
22747,C-Kag6LKPM19
22748,C-KagC7DPU37
22749,C-KagAIE1R14
22750,C-KagG3G5S05
22751,C-Kag4FQ5I41
22752,C-KagIFI3527
22753,C-KagNZMBK47
22754,C-KagVRP2I56
22755,C-KagOX12Q39
22756,C-KagOWUMO15
22757,C-KagTPGU044
22758,C-KagY7GZB57
22759,C-KagNCW9R18
22760,C-KagPQFAT41
22761,C-KagEZ2DB44
22762,C-KagYZM0K06
22763,C-KagSC56655
22764,C-Kag4I93851
22765,C-KagQ7WTY30
22766,C-Kag5YYUI48
22767,C-Kag90GL119
22768,C-Kag5L3T521
22769,C-Kag9WA2E07
22770,C-KagS9LZ028
22771,C-KagVROW939
22772,C-KagF7NO643
22773,C-KagIFVO142
22774,C-KagRCPFA53
22775,C-KagTHTLJ15
22776,C-KagJ7BXC41
22777,C-KagECX2H09
22778,C-KagV048412
22779,C-KagM3KGU42
22780,C-KagTTD4G40
22781,C-KagSLCW947
22782,C-Kag0D8P535
22783,C-KagKIV9239
22784,C-KagCEI1D05
22785,C-KagLXSWJ02
22786,C-KagH79I538
22787,C-KagPEAN536
22788,C-KagPU5TJ11
22789,C-KagZS76105
22790,C-KagDG2SE59
22791,C-KagZPWEX35
22792,C-KagVU8K955
22793,C-Kag7TJ4713
22794,C-KagL3QGT08
22795,C-Kag574RH24
22796,C-KagZPD9J27
22797,C-KagUSSLV22
22798,C-KagE7HJM58
22799,C-KagNLLTX45
22800,C-KagB2NG928
22801,C-Kag0YRNQ06
22802,C-KagU0NVM29
22803,C-KagTGBYU00
22804,C-Kag19B4S49
22805,C-KagNM50751
22806,C-KagD4X1O22
22807,C-KagAVELN29
22808,C-KagYI6TX26
22809,C-Kag32K4748
22810,C-KagAYOQJ17
22811,C-KagLML6O10
22812,C-KagJ6HQ518
22813,C-Kag7TNKJ24
22814,C-KagJHBS511
22815,C-KagZFVRU54
22816,C-KagD4T5F05
22817,C-KagJE8XG52
22818,C-KagED9FH23
22819,C-KagQUXLM58
22820,C-KagF5WQ020
22821,C-KagM3DTI17
22822,C-KagNOXC201
22823,C-KagFJAUU05
22824,C-KagVX8SB49
22825,C-Kag8FCBU56
22826,C-Kag4LIGA54
22827,C-Kag87Z3W25
22828,C-Kag9WEI114
22829,C-KagC46BA44
22830,C-KagGYVQ150
22831,C-Kag2EED737
22832,C-KagEMRXW48
22833,C-Kag8LNID08
22834,C-KagR3BLE04
22835,C-KagDUHF541
22836,C-Kag2APHJ29
22837,C-KagNAF7A48
22838,C-KagQIVCT27
22839,C-KagSXZHD00
22840,C-KagS14SX07
22841,C-KagTMX5U21
22842,C-KagV3B5S08
22843,C-KagRUQ4826
22844,C-Kag7BGHP12
22845,C-Kag5HW7016
22846,C-Kag7095D38
22847,C-KagD1TON58
22848,C-KagE72MT26
22849,C-KagEF89U14
22850,C-KagJIP8Z25
22851,C-KagPHSQ851
22852,C-KagIV3PE06
22853,C-KagT3FXP36
22854,C-KagQATVW52
22855,C-KagIQ5HI38
22856,C-KagUM80P56
22857,C-Kag92T8S12
22858,C-KagERU3J26
22859,C-KagWEHYE15
22860,C-KagTJ87T02
22861,C-KagDUC2T45
22862,C-KagGKCEV09
22863,C-KagDI7VV11
22864,C-Kag5PVOB02
22865,C-KagBS32D02
22866,C-Chi5GJYE19
22867,C-ChiDKBRG20
22868,C-ChiF5KWU24
22869,C-Chi51JVH47
22870,C-ChiX7S0I59
22871,C-ChiHI96152
22872,C-Chi813SU54
22873,C-ChiRY6UH30
22874,C-Chi6NBFF59
22875,C-Chi8G97J19
22876,C-Chi07ZC719
22877,C-ChiL7CJ658
22878,C-ChiLQ71P55
22879,C-ChiX1TMO51
22880,C-Chi3CQDJ48
22881,C-ChiHF33B03
22882,C-Chi90PUH18
22883,C-ChiC9UZH48
22884,C-Chi8JBOQ49
22885,C-Chi933SC44
22886,C-Chi64ZSF26
22887,C-Chi549ZA59
22888,C-Chi5224J58
22889,C-ChiBV3B313
22890,C-Chi015GG55
22891,C-Chi7PS7641
22892,C-ChiF4GQO31
22893,C-ChiD7RD308
22894,C-Chi2R5KP12
22895,C-ChiI29FF41
22896,C-ChiGHF1500
22897,C-ChiLNPJ027
22898,C-ChiIJRKL55
22899,C-ChiKPRKK18
22900,C-ChiKCN1U07
22901,C-ChiWHCHQ48
22902,C-ChiLPZQC44
22903,C-Chi3CFY515
22904,C-ChiZWDRD10
22905,C-ChiUW31Y18
22906,C-ChiBO2PI59
22907,C-ChiRGYET03
22908,C-Chi61V5K23
22909,C-Chi9IYR638
22910,C-Chi32ZCY32
22911,C-Chi667DG40
22912,C-Chi3UG1046
22913,C-ChiXABGP18
22914,C-ChiCA3P925
22915,C-ChiB5K8W04
22916,C-Chi2GQH416
22917,C-Chi6KX2346
22918,C-Chi8LON739
22919,C-ChiJOU4Q38
22920,C-ChiDXJUV47
22921,C-Chi62I2237
22922,C-ChiIJ8WX20
22923,C-ChiKJKS025
22924,C-Chi1NJ3538
22925,C-Chi6Q5I033
22926,C-ChiZYENH16
22927,C-ChiPJEXH08
22928,C-ChiLDBJ943
22929,C-ChiQCFCV53
22930,C-Chi0A56K15
22931,C-ChiY5U1O43
22932,C-ChiQEBUC32
22933,C-ChiWYJZP43
22934,C-Chi874MD39
22935,C-ChiOHZE825
22936,C-ChiMQW7X09
22937,C-ChiVS6NH11
22938,C-Chi4LTD440
22939,C-Chi6VO1402
22940,C-ChiJMA3248
22941,C-Chi7TMCH02
22942,C-Chi57TOL10
22943,C-Chi12F6Q34
22944,C-ChiS3BQ238
22945,C-ChiNVP0E26
22946,C-ChiAA92946
22947,C-ChiNLIGM49
22948,C-ChiRJLQX16
22949,C-ChiYJ61N22
22950,C-ChiOLA4541
22951,C-ChiQGO2Q13
22952,C-ChiHUS2221
22953,C-ChiJITTZ12
22954,C-ChiONZ6232
22955,C-ChiO6DOZ08
22956,C-ChiWERUS06
22957,C-ChiM05CX33
22958,C-ChiWLILV45
22959,C-ChiBQRXE17
22960,C-Chi1JG8I04
22961,C-ChiLHBDL20
22962,C-ChiCULB159
22963,C-ChiKM92937
22964,C-Chi7GMPF19
22965,C-ChiMC51057
22966,C-Chi0SAJ112
22967,C-Chi2ZQPQ55
22968,C-ChiHQA0J55
22969,C-ChiXU5KI20
22970,C-ChiT3Y1128
22971,C-ChiBK4TW37
22972,C-ChiCKUB748
22973,C-ChiB6BNH00
22974,C-Chi4ABRR09
22975,C-ChiDEOBR12
22976,C-ChiP5Y1I43
22977,C-ChiKJ8QH04
22978,C-ChiZJJG653
22979,C-ChiKPCV739
22980,C-ChiEJY1701
22981,C-Chi8PY3X23
22982,C-Chi9Q58R32
22983,C-ChiD0YEZ32
22984,C-Chi11TG537
22985,C-ChiXBFEO44
22986,C-ChiS0F4B21
22987,C-ChiRGUCW59
22988,C-ChiZUH8159
22989,C-ChiK0L9158
22990,C-Chi3G82U18
22991,C-ChiNYRVD11
22992,C-Chi3E6GL08
22993,C-ChiQ84OT30
22994,C-ChiPLO8L11
22995,C-Chi55Z7X41
22996,C-ChiKLP1A11
22997,C-Chi198TK47
22998,C-ChiUOOH928
22999,C-ChiL4U1A18
23000,C-ChiI5UWF52
23001,C-ChiOWW8154
23002,C-Chi180BY17
23003,C-ChiV93L052
23004,C-ChiLQ70G21
23005,C-ChiF73MA55
23006,C-ChiFYF2605
23007,C-Chi2I0NH39
23008,C-ChiEF9PY43
23009,C-ChiYQVBG39
23010,C-ChiM3J5632
23011,C-ChiNMYDS22
23012,C-Chi0DG2656
23013,C-ChiLOGBF19
23014,C-ChiWMYH942
23015,C-Chi7LROI45
23016,C-ChiROJQT50
23017,C-ChiJAMWA48
23018,C-ChiTZG0034
23019,C-ChiG4BSA46
23020,C-ChiDGQTT08
23021,C-ChiEOZAM26
23022,C-ChiHKAWO29
23023,C-Chi2O7EP17
23024,C-ChiMF8QO53
23025,C-ChiOW5NO17
23026,C-ChiHNW2W08
23027,C-ChiE09QA49
23028,C-ChiXOX9S02
23029,C-ChiZ7VUP31
23030,C-Chi492VZ03
23031,C-Chi4MRGS33
23032,C-Chi3O5ZA02
23033,C-ChiE4Z2V04
23034,C-Chi4SRG919
23035,C-ChiLQF4554
23036,C-Chi0EQXX52
23037,C-ChiU1TT737
23038,C-ChiDBBDW34
23039,C-ChiDD53000
23040,C-ChiI0C9K35
23041,C-ChiPT03Q30
23042,C-Chi4N2F515
23043,C-ChiL1JSR50
23044,C-Chi28JEJ47
23045,C-Chi7OU3428
23046,C-ChiQ3JCN23
23047,C-Chi99ON647
23048,C-Chi7ZXZK16
23049,C-ChiRL35503
23050,C-ChiZEPUY55
23051,C-ChiRFT1R10
23052,C-ChiBIWAM48
23053,C-ChiH08J209
23054,C-ChiVM02X22
23055,C-ChiALNM907
23056,C-Chi2FHOZ49
23057,C-Chi7OEBZ07
23058,C-Chi5YEW611
23059,C-ChiAB5S015
23060,C-ChiCZ36W05
23061,C-Chi95MDO59
23062,C-ChiXD0WO23
23063,C-Chi71ITV49
23064,C-ChiWC3Q718
23065,C-ChiOE6X515
23066,C-ChiSE6E342
23067,C-ChiG6WYD10
23068,C-ChiIFPD242
23069,C-Chi44P6I51
23070,C-Chi3LVP154
23071,C-Chi647HW16
23072,C-ChiGGAFF58
23073,C-ChiPH1XF24
23074,C-ChiD4XOY51
23075,C-ChiBYFSS07
23076,C-Chi4Z1LS08
23077,C-SonEOJ0R53
23078,C-Son1FY3N55
23079,C-SonB21BZ35
23080,C-SonSBGLW34
23081,C-SonXIU2N23
23082,C-Son2BO3E04
23083,C-SonPWTRX16
23084,C-Son6MIR354
23085,C-SonJYMMU44
23086,C-SonDB7LM18
23087,C-SonV208620
23088,C-Son511NT08
23089,C-SonVK9NQ07
23090,C-SonCQFAN07
23091,C-SonNMFD348
23092,C-Son5673C48
23093,C-Son6C24636
23094,C-SonA8RD715
23095,C-Son72B7Q38
23096,C-SonP1ML336
23097,C-Son8VBGG35
23098,C-SonVIK9P03
23099,C-SonGNISQ26
23100,C-SonZQA5V23
23101,C-SonK9GO044
23102,C-SonQQZKP06
23103,C-SonNHZXM53
23104,C-SonU97AE09
23105,C-SonGPJOX39
23106,C-SonT3WUT15
23107,C-SonYS5SU31
23108,C-SonWWIWT45
23109,C-SonB3GWS20
23110,C-Son2Y1L321
23111,C-SonY3FK415
23112,C-SonK2OU807
23113,C-SonW2N7513
23114,C-SonTDTCG06
23115,C-Son9LYBX36
23116,C-SonIW2GZ10
23117,C-SonV7E3Q52
23118,C-Son2W2KW12
23119,C-SonCXQ2H19
23120,C-SonJWTQC17
23121,C-SonINDMN47
23122,C-SonZYEY551
23123,C-SonMV0PP41
23124,C-SonJ3UOZ52
23125,C-SonWH9ZE02
23126,C-Son01FGW40
23127,C-SonX4S0916
23128,C-SonM8EEX22
23129,C-SonMCDLN38
23130,C-SonZE89S20
23131,C-SonWX8NB16
23132,C-SonZGWHA45
23133,C-SonF0OQ304
23134,C-SonJL9T525
23135,C-Mub247DK11
23136,C-Mub2YRM847
23137,C-MubNA68X46
23138,C-MubB2F0E50
23139,C-MubPCGKL49
23140,C-Mub6V4Q703
23141,C-MubNW75H34
23142,C-Mub8FHNO13
23143,C-Mub2E59F37
23144,C-MubPFCHF48
23145,C-MubBY74E12
23146,C-MubB5X4S21
23147,C-MubX8R2341
23148,C-MubKBECD32
23149,C-Mub0UEPW39
23150,C-Mub4RYW853
23151,C-Mub4CMUZ31
23152,C-MubJUMQA58
23153,C-MubQ6UEZ21
23154,C-MubJPDDT49
23155,C-MubXE78313
23156,C-MubKX4PJ26
23157,C-MubCDGN315
23158,C-Mub246UO25
23159,C-Mub3K9G515
23160,C-Mub7W2O341
23161,C-MubMS4TU24
23162,C-Mub93BVV49
23163,C-Mub6TT0Z13
23164,C-Mub6O8WS29
23165,C-Mub6422R58
23166,C-Mub2EAXN42
23167,C-Mub5R2EI50
23168,C-Mub5DECD36
23169,C-MubX38US41
23170,C-MubRUJN339
23171,C-MubMYWOZ55
23172,C-Mub8AW6B19
23173,C-MubEP6YG45
23174,C-MubB41EM56
23175,C-MubT3LI228
23176,C-Mub7ZSJW53
23177,C-MubBX3PN37
23178,C-MubCCFH520
23179,C-MubEYV9054
23180,C-MubYG0UL16
23181,C-MubTUC7K26
23182,C-MubWM7XY12
23183,C-Mub6A8BE19
23184,C-MubXGBIX16
23185,C-MubZ1FT334
23186,C-Mub86NPI16
23187,C-Mub3NB1242
23188,C-Mub1TEKN09
23189,C-MubYLNEF58
23190,C-Mub0LY6N56
23191,C-MubQP3QZ30
23192,C-MubZ9BVJ39
23193,C-MubDTIU313
23194,C-Mub0808R45
23195,Hon8HQ08
23196,HonX0D38
23197,HonSY614
23198,HonW9Z51
23199,HonWTL06
23200,HonAZZ04
23201,HonPIU57
23202,Hon8SU55
23203,Hon36E48
23204,HonMXI02
23205,Hon32W50
23206,HonP7W03
23207,Hon2TJ18
23208,HonEDL13
23209,Hon6X554
23210,HonT6K33
23211,HonVPU30
23212,Hon1XN26
23213,HonL2J49
23214,Hon8IR55
23215,Hon0RN23
23216,HonIAK44
23217,HonU6K35
23218,HonR2R37
23219,HonUSL20
23220,HonDQ926
23221,HonNKA22
23222,Hon02W34
23223,HonE1B18
23224,HonEEU46
23225,HonEBA12
23226,HonTKS53
23227,HonHCC33
23228,Hon0IL31
23229,Hon0E437
23230,HonI9827
23231,HonWE326
23232,Hon35T37
23233,HonKS130
23234,Hon9JB22
23235,HonLIB23
23236,HonDDO44
23237,HonEUI55
23238,Hon4UY09
23239,HonT2D21
23240,DemS5HF05
23241,DemVYW950
23242,DemWKBD38
23243,DemVZXJ16
23244,Dem95TH28
23245,DemXOME20
23246,Dem3IPC56
23247,Dem0LZA20
23248,DemVGJH14
23249,DemPX6E49
23250,DemI4KC07
23251,DemH2X202
23252,DemRELR32
23253,Dem62IW21
23254,Dem61WN50
23255,Dem7D6P22
23256,Gom2N038
23257,GomUYT27
23258,GomLRW16
23259,GomRXJ05
23260,GomOQS45
23261,GomH9148
23262,Gom1NU10
23263,GomYLB40
23264,GomV5A47
23265,Gom0XV21
23266,GomUT729
23267,Gom30Z45
23268,GomWJY48
23269,GomEQ916
23270,Gom1HX25
23271,GomEL454
23272,GomC2B39
23273,Gom45T23
23274,GomSFX21
23275,Gom3DW46
23276,Gom89K27
23277,GomQPE30
23278,GomDQ727
23279,GomVVO21
23280,GomSC742
23281,GomAZS56
23282,GomGST39
23283,Gom51P23
23284,GomYOG30
23285,GomAYM38
23286,Gom06X21
23287,Gom5JD25
23288,GomNLW20
23289,Gom9ZH04
23290,Gom54103
23291,Gom33441
23292,GomY5K29
23293,GomFAG40
23294,Gom6HA01
23295,GomOLA54
23296,GomUP942
23297,GomL5F53
23298,GomXZ019
23299,GomXZX53
23300,Gom7D249
23301,GomJIL58
23302,GomKUA59
23303,GomK9F03
23304,GomM6X37
23305,GomI6226
23306,GomMJL22
23307,GomY0E05
23308,YolKP6954
23309,Yol9S5248
23310,YolHSB157
23311,YolLQ0045
23312,YolI3NW13
23313,YolI2ZL29
23314,YolX2NL18
23315,YolRYXI51
23316,YolW9WW25
23317,YolAFRW01
23318,YolK5LW51
23319,YolQKH236
23320,YolIBY021
23321,YolBKYU40
23322,YolBX5540
23323,YolX9SZ12
23324,YolK6KK14
23325,YolKO4B05
23326,YolGL3W46
23327,YolI9PG07
23328,YolB4LY19
23329,YolL8GN51
23330,Yol9UMR32
23331,YolUD8I49
23332,YolPTC726
23333,Gir1ZYM59
23334,Gir56MO41
23335,GirKS9Q34
23336,Gir7C0W48
23337,GirCE8K21
23338,GirIFNY01
23339,GirFORM29
23340,GirQMN611
23341,GirNUIG06
23342,GirNHX632
23343,Gir6BTY43
23344,GirEP8K02
23345,GirSX4736
23346,GirJG3555
23347,GirEQPB54
23348,Gir7XSV16
23349,GirV8SE09
23350,GirUUR504
23351,Gir4YGM49
23352,GirPY9T25
23353,GirR03734
23354,Gir7S0M59
23355,GirSLG259
23356,GirJCFF17
23357,Dem8X3812
23358,DemOP4829
23359,DemV6KW21
23360,Dem9AS106
23361,DemUF5A15
23362,Dem5HXL51
23363,Dem6FXP41
23364,DemMV4Z23
23365,DemF24Q22
23366,DemCO9826
23367,DemN6A211
23368,DemXU9059
23369,DemLW3U12
23370,Dem7M0U52
23371,DemBXQ734
23372,DemK8B841
23373,DemV5SH35
23374,DemMQPJ49
23375,DemZIA958
23376,DemU5Z633
23377,DemEP1P40
23378,DemHC2G59
23379,Dem96UH28
23380,DemW09T59
23381,Dem4WCK25
23382,DemWWRE37
23383,DemPRZN26
23384,DemLD6U02
23385,DemNSEP37
23386,DemN83A30
23387,DemKWA056
23388,DemTRUB56
23389,HonK9X38
23390,HonRND20
23391,HonQ5F10
23392,HonDS609
23393,Hon6WB50
23394,HonFC937
23395,HonE7V06
23396,Hon3QU20
23397,Hon2RN12
23398,HonJSO41
23399,Hon3LF26
23400,HonX4T57
23401,Hon2W358
23402,Hon44C07
23403,Hon9I702
23404,HonQ4Y48
23405,HonEH940
23406,Hon0BV12
23407,Hon69E33
23408,Hon6TM19
23409,HonIUU49
23410,HonMPI37
23411,Hon1UH43
23412,HonNP514
23413,HonFPW00
23414,Hon3KH51
23415,Hon1EL46
23416,HonX8Q17
23417,HonTS626
23418,HonN6V57
23419,HonI8V01
23420,HonFPF45
23421,HonEQO28
23422,HonYYH08
23423,Hon3KA39
23424,Hon57N52
23425,HonFNG01
23426,HonUSE48
23427,Hon6BZ51
23428,Hon2DM51
23429,HonORV19
23430,Hon39600
23431,Hon4XW16
23432,HonWMZ17
23433,HonNLG41
23434,HonTUP49
23435,HonTGS46
23436,Hon5TU22
23437,HonL1C36
23438,Hon8R154
23439,HonR2443
23440,HonR6831
23441,HonSPN36
23442,Hon7NK58
23443,HonUGQ02
23444,HonDRG04
23445,Hon22517
23446,Hon9OH28
23447,HonT8U41
23448,HonI5V10
23449,HonHNQ38
23450,Hon9RU23
23451,HonE3V24
23452,HonVPH26
23453,Hon2G037
23454,HonKDK54
23455,Hon1S350
23456,Hon17A26
23457,HonDJP06
23458,HonLDQ15
23459,HonG6N43
23460,Hon1LQ01
23461,HonIMF01
23462,Hon1XY43
23463,HonHI012
23464,HonC4721
23465,HonWSB32
23466,HonPXW35
23467,HonU4P24
23468,Hon2MU50
23469,Hon8X552
23470,Hon2BN37
23471,HonJ3748
23472,Hon0S036
23473,Hon21222
23474,HonYVP45
23475,HonB9025
23476,HonGB916
23477,HonMG343
23478,Hon0JT10
23479,HonIV113
23480,Hon18224
23481,HonV6A18
23482,HonI4B31
23483,Hon3E612
23484,HonXWJ25
23485,HonKGX50
23486,HonZCK48
23487,HonL1T33
23488,HonW5Y42
23489,HonLN927
23490,HonUWO32
23491,Hon1EN17
23492,Gom80505
23493,GomTBS21
23494,Gom66931
23495,GomN0O27
23496,Gom7EL47
23497,GomWZZ37
23498,GomBF824
23499,GomW2W00
23500,GomTZH21
23501,Gom4B206
23502,GomMXE13
23503,GomYSG19
23504,Gom3YV20
23505,GomWGI56
23506,GomC1942
23507,GomV8S12
23508,GomLT118
23509,Gom1YP10
23510,GomCTJ49
23511,GomEQ546
23512,GomZA915
23513,GomL1B19
23514,GomKFV53
23515,GomVR511
23516,Gom9JG48
23517,GomZBG42
23518,GomBRQ10
23519,GomC6O01
23520,GomPVZ20
23521,GomX9O25
23522,GomHVX19
23523,Gom62012
23524,GomR0236
23525,GomQ3S58
23526,GomUIM12
23527,GomODO28
23528,GomZ0J51
23529,GomPEQ56
23530,GomKQ607
23531,Gom0ED17
23532,Gom75J55
23533,GomNHH32
23534,GomZ3159
23535,GomBAE19
23536,GomHY505
23537,Gom48J54
23538,GomM4Z30
23539,GomM0H23
23540,GomQ2E37
23541,GomE1949
23542,GomHGD51
23543,GomJNP42
23544,Gom5IR27
23545,GomSWG01
23546,Gom6D025
23547,GomVF914
23548,Gom6M737
23549,Gom1DZ40
23550,Gom89D21
23551,GomUGU28
23552,Gom9QT36
23553,Gom3YH49
23554,GomNLD50
23555,Gom8L608
23556,GomB6J11
23557,Gom5JD14
23558,GomH6A53
23559,Gom5RT30
23560,GomRVC16
23561,GomBFN48
23562,GomRO908
23563,GomUI748
23564,Gom4NA40
23565,Gom74339
23566,GomO8B49
23567,GomWZZ41
23568,Gom2IX35
23569,GomKKV41
23570,GomWCP09
23571,GomLC653
23572,Gom8CD23
23573,GomG4K39
23574,GomUHU35
23575,GomI1223
23576,GomGQJ59
23577,GomYBP05
23578,Gom6WO17
23579,Gom5DY53
23580,GomVOH31
23581,GomFVU50
23582,Gom49L14
23583,Gom2JU38
23584,Gom99Y26
23585,GomTNG07
23586,GomU1952
23587,GomWHP18
23588,GomUHT46
23589,Gom4KS41
23590,Gom4EF33
23591,GomQ2F37
23592,GomJR013
23593,GomDYR40
23594,Gom3SQ32
23595,GomXVY15
23596,GomOZD03
23597,GomYB859
23598,Gom11V02
23599,GomTNF56
23600,GomMIF41
23601,GomPPQ30
23602,GomNHB31
23603,Hon5P458
23604,HonVVC55
23605,HonW9430
23606,HonQCC15
23607,HonOIY58
23608,Hon6FQ44
23609,HonX6C03
23610,HonUMU56
23611,HonSVN05
23612,HonYR008
23613,HonVFW29
23614,Hon0QJ05
23615,Hon50U25
23616,HonZ3V44
23617,Hon6WR54
23618,Hon0F635
23619,HonPUU56
23620,HonJ5I46
23621,HonKM254
23622,HonZE754
23623,HonYOL35
23624,HonTQG34
23625,Hon13K40
23626,HonZIC44
23627,HonBAM04
23628,HonBMA36
23629,HonZCX28
23630,HonAOY39
23631,HonH0T16
23632,HonYEY46
23633,HonAP213
23634,HonVSA54
23635,HonWJ807
23636,HonG2104
23637,HonGRA04
23638,Hon4EF48
23639,Hon4OB15
23640,Hon02G55
23641,HonVGP28
23642,Hon6ZM55
23643,HonYY451
23644,HonBDR22
23645,HonN2A22
23646,Hon8MN07
23647,HonF7836
23648,HonXZB36
23649,HonP6310
23650,HonOZE01
23651,HonWOV43
23652,Hon2KX38
23653,Hon7F344
23654,HonBFK10
23655,Hon9ZA38
23656,HonUUH18
23657,HonLJ141
23658,HonVKJ12
23659,Gom27D41
23660,GomFE036
23661,Gom6N433
23662,GomXSY32
23663,GomV6L15
23664,GomYVI52
23665,Gom4T506
23666,Gom6S419
23667,GomEWP26
23668,GomYKP04
23669,Gom4R014
23670,Gom3MO04
23671,GomH8J58
23672,GomWAW32
23673,GomZT442
23674,Gom6MA45
23675,Gom81513
23676,GomGYG30
23677,GomY0N53
23678,GomALV15
23679,GomO8V53
23680,C-Son491A902
23681,Gom4C722
23682,Gom75743
23683,Gom45V59
23684,GomDGY17
23685,GomA6113
23686,GomLKI09
23687,Gom2MH55
23688,Gom29E17
23689,Gom5IB29
23690,Gom1SU31
23691,GomXMR39
23692,GomTLV33
23693,GomGEI20
23694,GomGNG02
23695,GomH1I09
23696,GomIRB50
23697,GomBMS23
23698,Gom61R07
23699,Gom03S41
23700,Gom6TB38
23701,GomJWX23
23702,GomSK627
23703,Gom0KU39
23704,GomNPW04
23705,GomMKW04
23706,Gom01B35
23707,Gom07713
23708,Gom9XF43
23709,Gom90A41
23710,GomS2351
23711,Gom60B33
23712,Yol7JVW48
23713,YolHXNK48
23714,Yol9WCX09
23715,YolPJUX48
23716,YolJLVZ14
23717,YolVKOR44
23718,Yol3QD803
23719,Yol19O727
23720,YolMM9D05
23721,YolASXC44
23722,YolUH8Q36
23723,YolWNWN57
23724,YolKUS844
23725,YolTJ8V39
23726,YolTQ1T37
23727,Yol4GBN40
23728,YolORZ143
23729,YolEWEU04
23730,YolLAXR35
23731,YolCCW919
23732,YolWGPS49
23733,YolHAD425
23734,YolHU4803
23735,YolPD2G11
23736,YolTTKK25
23737,YolNDRY42
23738,Yol3UFT40
23739,YolPZ4501
23740,YolOMRN51
23741,YolVPII30
23742,YolRJAX31
23743,YolBD8U46
23744,Yol9BSV23
23745,GirQDS459
23746,Gir0RS102
23747,GirCM5X21
23748,GirHVES26
23749,GirQUP724
23750,GirOG1102
23751,GirDWIC59
23752,GirC70Y02
23753,GirJ73R26
23754,GirP6H731
23755,GirBCLA33
23756,GirD2ZN51
23757,GirLS9Z32
23758,GirBQ1840
23759,Gir6CAI23
23760,Gir8A3O54
23761,C-SonSC76216
23762,C-SonG0HGC25
23763,C-SonD9NQJ13
23764,DemOFKI02
23765,DemWY0B10
23766,DemDJ2E51
23767,DemT19131
23768,DemN49D50
23769,DemVW1S08
23770,DemXKXI32
23771,DemSBTN50
23772,DemE9HY01
23773,Dem26AS06
23774,DemDJJC23
23775,DemSAW141
23776,DemJ8ER08
23777,DemXAH937
23778,DemFIDR28
23779,DemMY8Q20
23780,Dem2AGE49
23781,Dem0NBC56
23782,Dem3VVV45
23783,DemKR0F23
23784,DemVQL147
23785,DemKFAQ55
23786,DemHJOB40
23787,DemR9PN49
23788,DemH35450
23789,Dem035G27
23790,DemBYPV54
23791,Dem5GX330
23792,Dem0BRM01
23793,DemY31R26
23794,Dem3ACX45
23795,Dem85N145
23796,Dem44DI50
23797,DemGEF250
23798,DemQASU20
23799,DemLDZG05
23800,Dem5J4B07
23801,DemKVJR42
23802,Dem1UIX45
23803,DemXIN010
23804,DemP2X317
23805,Dem3NSD41
23806,DemAKV623
23807,DemBW0402
23808,Dem1KW024
23809,Dem0I4O06
23810,DemAEBW19
23811,Dem3YF041
23812,DemP4HD57
23813,DemOTUY55
23814,DemI8VT06
23815,DemVWQJ37
23816,DemATQO19
23817,Dem8O7K11
23818,Dem7BZZ49
23819,DemHDAW22
23820,DemM2QW50
23821,DemUECH22
23822,DemNLFV36
23823,DemSH2651
23824,DemX68908
23825,Dem6NH406
23826,DemNF7139
23827,DemF4LB40
23828,DemAX0D32
23829,Dem1LU039
23830,DemLOHA10
23831,Dem1OF623
23832,DemGT6522
23833,DemAAYY26
23834,DemG6LK48
23835,Dem1YXX09
23836,Dem9J2R08
23837,Dem22B048
23838,DemWTPF54
23839,Dem59W753
23840,DemZ4I536
23841,DemTZLF39
23842,DemA85947
23843,Dem4HYN01
23844,Dem4VF645
23845,DemURJO54
23846,DemDCE037
23847,DemP33E57
23848,DemROD922
23849,Dem45I739
23850,Dem15RL20
23851,Dem82YI03
23852,Dem583K46
23853,DemZ8RU49
23854,C-MubIZFEG04
23855,C-MubUYTS047
23856,C-MubVLGEC37
23857,C-MubBUMYX00
23858,C-MubLWNZG53
23859,C-MubL1ELY04
23860,C-MubPU81A57
23861,C-MubM2DKB50
23862,C-Mub63C5W56
23863,C-MubHSGV855
23864,C-MubUM08446
23865,C-MubF0CHF01
23866,C-Mub3P6JI26
23867,C-MubT19CW53
23868,C-MubZMZAE16
23869,C-Mub96K5100
23870,C-MubBM85442
23871,C-Mub0F3I805
23872,C-Mub3XROM15
23873,C-Mub8MMMD12
23874,C-Mub4L8HL50
23875,C-Mub2IIK617
23876,C-MubCAWDL47
23877,C-MubXNCDW08
23878,C-Mub3JUHR28
23879,C-Mub20Y3N45
23880,C-Mub43CZE37
23881,C-Mub6RHRQ30
23882,C-MubHHF6E31
23883,C-MubZI67357
23884,C-MubZKJ1O11
23885,C-MubZJX1F28
23886,C-MubRCLFG47
23887,C-MubI8WTH05
23888,C-MubO0KYO16
23889,C-MubEQI7K16
23890,C-MubCSKV735
23891,C-MubUVZW319
23892,C-Mub9YK2M53
23893,C-Mub5R1SY30
23894,C-MubTXKLQ44
23895,C-MubD7ZGV06
23896,C-MubC8J9T34
23897,C-MubTPWJD11
23898,C-MubMYFFE44
23899,C-Mub4SIFR43
23900,C-MubD4VW438
23901,C-MubGMQP933
23902,C-MubGRS4T20
23903,C-Mub52T1L26
23904,C-MubY0DMK16
23905,C-Mub3CXBO12
23906,C-MubEZZU953
23907,C-MubXLG3M12
23908,C-Mub4U5O509
23909,C-MubVOSRR34
23910,C-MubEI6VM17
23911,C-MubUMA3D51
23912,C-MubN35N621
23913,C-MubL50WB28
23914,C-MubNDG5Q55
23915,C-Mub2MHK111
23916,C-MubWKCYR15
23917,C-MubK0O0W07
23918,C-MubC9DTG21
23919,C-MubXF7S555
23920,C-Mub8LPF800
23921,C-MubJCMN813
23922,C-MubRI7WR39
23923,C-MubBELTC35
23924,C-MubYD1LY09
23925,C-MubNYQJS39
23926,C-MubR5HAG11
23927,C-MubOI97S25
23928,C-MubPHVEF51
23929,C-MubDHX9751
23930,C-Mub05O7B38
23931,C-MubP6JAH30
23932,C-MubM6SPE12
23933,C-MubZWZY104
23934,C-MubEGQF409
23935,C-MubAG31626
23936,C-MubA99IH32
23937,C-MubZE0FZ10
23938,C-Mub3ZJL550
23939,C-MubHKCBV25
23940,C-MubOE6C158
23941,C-Mub3LV0P29
23942,C-MubCFD0032
23943,C-MubSQDY037
23944,C-MubF81GE53
23945,C-MubCJJCC02
23946,C-MubTB8KH04
23947,C-MubUN2DM40
23948,C-MubEEM2F29
23949,C-Mub8G53Y17
23950,C-MubS4APH42
23951,C-Mub25ZA657
23952,C-Mub19AIE18
23953,C-MubKEZI738
23954,C-MubAO4X055
23955,C-Mub8V19V36
23956,C-MubSUC1J53
23957,C-MubI6L9E30
23958,C-MubRQGAO19
23959,C-MubRPL2G22
23960,C-Mub2VDRT30
23961,C-MubLMOB128
23962,C-MubORVE452
23963,C-MubZGPS324
23964,C-MubYATS854
23965,C-MubBC0JH46
23966,C-MubTWXI640
23967,C-MubRUJ6B38
23968,C-MubDNQNF22
23969,C-MubVR5W552
23970,C-MubDI7AK21
23971,C-MubSTQ2842
23972,C-Mub97HIS18
23973,C-MubHN5QV09
23974,C-MubSGGNI13
23975,C-MubPP3XZ08
23976,C-MubEQ81E47
23977,C-MubTLWBO57
23978,C-MubB4M3P32
23979,C-MubF8MBN36
23980,C-MubMWI3Q45
23981,C-Mub3H6N720
23982,C-Mub9GDFP14
23983,C-MubQKTBQ34
23984,C-MubYA40G42
23985,C-Mub6LBFO46
23986,C-MubMO6NE08
23987,C-MubXQ3MN18
23988,C-MubYYICY09
23989,C-Mub57V4R19
23990,C-MubTEY0741
23991,C-MubZ2QZO47
23992,C-MubD5CX847
23993,C-Mub1VKJ105
23994,C-MubIM0FE06
23995,C-MubAJR3D44
23996,C-MubRBRS515
23997,C-Mub5FO6546
23998,C-MubDLH7K49
23999,C-MubKMWK426
24000,C-MubC7E9X26
24001,C-Mub0PCJI58
24002,C-MubUZE0S39
24003,C-Mub2HIU522
24004,C-MubK0BJ128
24005,C-Mub0PXD328
24006,C-MubXV30I44
24007,C-MubML5VO13
24008,C-MubJK44K04
24009,C-MubVWQ0W31
24010,C-MubPPABV57
24011,C-MubWSR3O18
24012,C-MubZC78411
24013,C-MubV1ZT312
24014,C-MubGZH7R51
24015,C-MubW4SCS30
24016,C-MubRQOFU03
24017,C-MubTUFR519
24018,C-MubJBPWL47
24019,C-Mub5N5TC14
24020,C-MubV9UF306
24021,C-Mub6FQUD28
24022,C-Mub5JRHW17
24023,C-Mub6ODDX05
24024,C-Mub8AX8514
24025,C-MubVR9V739
24026,C-Mub2P9CE04
24027,C-Mub2QZGF13
24028,C-MubUUZJW12
24029,C-MubZM2HU07
24030,C-MubL1R7S14
24031,C-MubOQM6C30
24032,C-MubQ75ME19
24033,C-Mub2Z7JF05
24034,C-MubS34HY43
24035,C-MubW3Z6W13
24036,C-MubG07V234
24037,C-MubHXDKA11
24038,C-MubE0ZTV02
24039,C-MubX099B05
24040,C-Mub5Z6YS04
24041,C-Mub6WT6X20
24042,C-MubV10V554
24043,C-MubYOZNM15
24044,C-Mub2S1R811
24045,C-Mub6UHC856
24046,C-MubY2SIS53
24047,C-MubOZAPB18
24048,C-MubJLZO426
24049,C-MubQHWS144
24050,C-MubBXJO145
24051,C-Mub5S2UQ04
24052,C-MubMNDQ754
24053,C-MubY11VT07
24054,C-MubY2AKE35
24055,C-MubJSHBZ33
24056,C-Mub85WDH54
24057,C-Mub9Z9OW50
24058,C-MubJTF4T28
24059,C-MubJW11Q23
24060,C-Mub1KE7X29
24061,C-Mub02L1B28
24062,C-MubUYZFH14
24063,C-MubDXWY115
24064,C-MubBXT4G21
24065,C-MubMLFMJ01
24066,C-MubEHYFO12
24067,C-Mub28IIF29
24068,C-MubH8O5E07
24069,C-MubQ4I0M57
24070,C-MubZJML808
24071,C-MubMGF4B12
24072,C-MubA2DQQ59
24073,C-Mub3L37S47
24074,C-MubEE5WG38
24075,C-MubJ5OC924
24076,C-MubJGXBY51
24077,DemBFHM58
24078,DemBYOL47
24079,DemGP5Y00
24080,DemLIX316
24081,DemS7A318
24082,DemEWNV32
24083,Dem3HAN59
24084,DemM8EK06
24085,DemD5AC00
24086,DemDPMA46
24087,Dem3P7046
24088,DemWRX629
24089,Dem2SY716
24090,DemTE5W58
24091,DemTWCU50
24092,Dem8I4I40
24093,Dem1EEP12
24094,DemMQ9T17
24095,Dem0SXZ48
24096,DemCAHU47
24097,DemRSGC35
24098,DemN1HJ08
24099,DemKI8954
24100,Dem3OMD03
24101,DemP30S56
24102,DemPLDP47
24103,DemA5GJ48
24104,Dem9W4N24
24105,DemIFKI05
24106,DemSRYW27
24107,DemLJ2N41
24108,Dem4CDK42
24109,DemUPBR02
24110,DemOAR812
24111,DemZJ7743
24112,Dem7B9621
24113,DemHGP558
24114,DemKCY918
24115,Dem1ZA623
24116,DemZQAK12
24117,DemVH0156
24118,DemVIJG00
24119,DemPXAD58
24120,DemZE4C12
24121,DemKP6N38
24122,DemC92N04
24123,DemDDIU39
24124,DemJF1D04
24125,DemHSEK06
24126,DemKPEY28
24127,DemPOQU14
24128,DemBIN535
24129,DemSAAV33
24130,DemL0IK38
24131,DemK4Z806
24132,DemTNXK51
24133,DemXCSX38
24134,DemAIYM16
24135,Dem04N206
24136,Dem0W1L05
24137,DemW0SZ43
24138,DemUQDU54
24139,DemJGFP27
24140,DemFNQI21
24141,DemEOMZ42
24142,DemRXTG32
24143,DemROWM56
24144,DemYBBE18
24145,DemDL2825
24146,Dem7LH131
24147,DemMTA329
24148,DemM93H18
24149,DemRZ0R14
24150,DemFK8R45
24151,DemBZTU52
24152,DemJJ0X47
24153,DemJJ5L30
24154,DemVHTN00
24155,DemJN4828
24156,DemSQGB04
24157,DemP2RP32
24158,Dem3FI625
24159,DemKTUA14
24160,DemQZPP59
24161,Dem17QO29
24162,DemPK8H35
24163,Dem428Q45
24164,DemFTJW22
24165,DemUPYN18
24166,DemCQS947
24167,DemDYB109
24168,DemXDGA34
24169,Dem2SLC06
24170,Dem1YV502
24171,Dem7SJB23
24172,DemU23K20
24173,DemAOZV26
24174,DemTT0U57
24175,DemZHMV05
24176,DemEBPW17
24177,Dem53Z822
24178,DemKJCC31
24179,DemPKBL14
24180,DemITKY31
24181,Dem5WFG02
24182,DemM60649
24183,DemUGKZ29
24184,Dem6EZM35
24185,DemHGHM59
24186,Dem26F901
24187,DemEVJ110
24188,DemF9UC15
24189,HonTZ237
24190,HonHMG34
24191,Hon0YU29
24192,HonBG030
24193,HonAHX18
24194,Hon6GZ58
24195,HonGE616
24196,Hon2WC14
24197,HonZ6638
24198,Hon7ZM14
24199,HonSZE15
24200,HonUNY44
24201,Hon5JK24
24202,HonUZB32
24203,HonR4G06
24204,HonUP217
24205,HonWQ030
24206,HonW2P27
24207,HonXFP05
24208,HonYLT13
24209,Hon32G06
24210,HonRAW49
24211,HonCMF29
24212,HonX9X42
24213,HonV5733
24214,HonVQN21
24215,HonVZJ35
24216,HonS6S01
24217,HonY7835
24218,Hon0AV58
24219,HonT4707
24220,HonTGA58
24221,HonQ1C29
24222,HonFMH56
24223,HonUU525
24224,HonAF215
24225,HonPCY14
24226,HonV6X25
24227,HonXTU56
24228,HonEI558
24229,Hon5X930
24230,HonHKC34
24231,HonPY941
24232,HonU3R23
24233,HonNKC14
24234,Hon2JR45
24235,HonD2439
24236,GirDR9952
24237,GirXUBV20
24238,GirP4KC43
24239,GirDFJY46
24240,GirOI1606
24241,GirJUGL27
24242,Gir7OB751
24243,Gir42K537
24244,GirRTLR14
24245,Gir0SBH43
24246,GirV6D318
24247,GirXW2D55
24248,Gir2W1R23
24249,GirE15S45
24250,GirLLYJ54
24251,Gir8W2N52
24252,GirEYSF10
24253,GirBPLY18
24254,GirDECD45
24255,GirP7N331
24256,GirIFR821
24257,Gir5G1O35
24258,GirPUA336
24259,GirZZBM06
24260,GirLMN810
24261,Gir4MUG41
24262,GirM03032
24263,GirJR7G12
24264,Gir0AO422
24265,GirW2PJ56
24266,GirUT6Z32
24267,GirKKDW53
24268,GirOY5D24
24269,GirPWX927
24270,GirRO7E47
24271,GirF7LP42
24272,GirT1RE03
24273,Gir7YMI58
24274,GirJ5TI48
24275,Gir5DAD35
24276,GirC58A25
24277,Gir8P4D39
24278,GirNNB021
24279,GirA49314
24280,Gir6TQX43
24281,GirKM4Q07
24282,GirWN0427
24283,GirM4MM07
24284,GirB9K807
24285,GirD0IS39
24286,GirTBLJ46
24287,GirYT2X45
24288,Gir2E0S47
24289,GirYJG850
24290,GirLHAY23
24291,GirFLA736
24292,GirJEEF56
24293,GirZVNJ48
24294,GirJNMB07
24295,GirXJUR47
24296,GirVDBL47
24297,GirYKZR34
24298,GirYOUX54
24299,GirRWGH05
24300,GirQEYO46
24301,Gir2HHO54
24302,GirUY2C46
24303,GirJ1OZ09
24304,Gir1MTT29
24305,GirT8CX08
24306,GirI3S238
24307,GirWXI051
24308,GirBQ3E11
24309,GirAWPX02
24310,GirRGVO59
24311,GirBN9I18
24312,GirGO2D50
24313,GirW6TK07
24314,GirTEDZ36
24315,GirWYNF01
24316,GirVKZ815
24317,GirH9WD38
24318,GirYT1629
24319,GirV5ZO52
24320,GirJZF102
24321,GirNBXL41
24322,GirU0H621
24323,GirJC1013
24324,Gir2DEG35
24325,YolBR3403
24326,YolYHTU16
24327,Yol9X0420
24328,YolDLO327
24329,YolGTDX13
24330,YolROSY26
24331,YolNE6I26
24332,YolT24C55
24333,YolOCW058
24334,Yol66RU32
24335,YolRLVK17
24336,YolA4AZ26
24337,YolWDAP27
24338,YolWRV523
24339,YolZ1D756
24340,Yol9EA239
24341,YolFU0514
24342,YolNT0K07
24343,Yol2QO214
24344,YolLWY526
24345,Yol32ZE35
24346,YolG11B45
24347,YolN1WN42
24348,YolEC6N05
24349,YolVVSM42
24350,YolQTBV05
24351,YolVUDX46
24352,Yol4U4V26
24353,YolODZY13
24354,YolARUF08
24355,Yol7JRH12
24356,YolJYBA04
24357,Yol04Q828
24358,YolBF7X55
24359,YolIQ1522
24360,YolBHD338
24361,YolX99909
24362,YolRRLQ30
24363,YolZANX41
24364,YolZB3A00
24365,YolW5LG20
24366,Yol71Q929
24367,YolX2CB55
24368,YolMJGW22
24369,YolA2CR25
24370,Yol0QP834
24371,Yol9EDK11
24372,YolM91G04
24373,YolL7WS17
24374,YolOOIN23
24375,Yol830X08
24376,Yol4SS643
24377,Yol2DH853
24378,YolWWHS44
24379,YolWW0L09
24380,YolAZ7T35
24381,Yol6LE626
24382,YolHP2P45
24383,Yol27S332
24384,YolSACB59
24385,YolGWH602
24386,Yol1XQF45
24387,Yol1MPS51
24388,Yol5QWL07
24389,Yol1YDA08
24390,Yol0EBP43
24391,Yol4U3E05
24392,Yol2R5Q48
24393,NumHNON57
24394,Gom4BO46
24395,Gom3YE21
24396,GomYM115
24397,GomLVC43
24398,Gom6G203
24399,GomIE232
24400,GomWGZ35
24401,GomS6S55
24402,Gom5RV46
24403,GomC5412
24404,GomCQB10
24405,GomSD536
24406,GomQE524
24407,GomJG515
24408,GomEY439
24409,Gom3CH32
24410,GomGAA45
24411,GomFFA28
24412,Gom78M49
24413,Gom48I02
24414,Gom3Q715
24415,Gom8AO40
24416,GomNX408
24417,Gom1EV33
24418,GomLDL37
24419,Gom0WI22
24420,GomDMC10
24421,GomYZ837
24422,GomFFJ21
24423,GomX5O07
24424,GomD5146
24425,GomWMA48
24426,GomYBF23
24427,Gom7V503
24428,GomF9P37
24429,GomW3638
24430,GomKIW13
24431,GomTKN37
24432,GomPG059
24433,Gom62N18
24434,C-SonX71FW46
24435,C-SonOYLKJ13
24436,C-SonEHFVJ01
24437,C-SonP4YST53
24438,C-Son5YHOR12
24439,C-SonJMWMB39
24440,C-SonQSMZ652
24441,C-SonTPAID22
24442,C-SonGNTFH24
24443,C-SonF72VF50
24444,C-SonZ0LBU09
24445,C-Son0AE0I09
24446,C-SonGQP8V21
24447,C-Son91MRJ02
24448,C-Son4NUOE53
24449,C-SonSK9G637
24450,C-SonUKXHT18
24451,C-SonN9ACF28
24452,C-SonGW59F14
24453,C-Son6BNXS57
24454,C-SonYFR6622
24455,C-SonMRJY602
24456,C-SonB08ED02
24457,C-Son6Y8GR05
24458,C-Son21FQA47
24459,C-SonAG3OI13
24460,C-SonVAB4E01
24461,C-Son121UH09
24462,C-SonU4MGU40
24463,C-Son54YBU03
24464,C-Son7P14Q58
24465,C-SonNYE0M40
24466,C-SonA3JMY14
24467,C-Son7KS3U52
24468,C-SonRKG7151
24469,C-SonS9WMX09
24470,C-SonYU6ZT50
24471,C-SonTT27E17
24472,C-Son9SWIW29
24473,C-Son3285F36
24474,C-Son7P0FN10
24475,C-Son56V9R38
24476,C-SonFGQCN03
24477,C-SonY3EUR05
24478,C-SonM7JK237
24479,C-Son6SE6U10
24480,C-Son9R8HF49
24481,C-SonRQ5JG17
24482,C-Son9AFAU23
24483,C-Son4XGPV19
24484,C-Son3IDIR23
24485,C-SonZ4FAY47
24486,C-SonIXUWY44
24487,C-SonBY7K106
24488,C-SonFEJSA11
24489,C-SonR9L9830
24490,C-SonYDZUZ54
24491,C-SonOMRUM50
24492,C-SonQKW3D13
24493,C-SonQF0MQ09
24494,C-SonKS1YL24
24495,C-SonZS9PB07
24496,C-SonKSX8L36
24497,C-SonXFOF839
24498,C-SonNZCFY19
24499,C-SonG4Y8D25
24500,C-SonBI2FY54
24501,C-SonI03HL32
24502,C-SonWXM8Y18
24503,C-Son6FQKJ23
24504,C-SonG2B1M14
24505,C-SonX5HMP25
24506,C-Son7LB4R35
24507,C-Son87FGK15
24508,C-Son87SMN28
24509,C-SonYU79019
24510,C-SonSPCBH41
24511,C-SonO7OOU41
24512,C-SonFEW8E52
24513,C-Son8CG5S07
24514,C-SonPWHRI56
24515,C-SonVZB4P34
24516,C-Son1MGMR44
24517,C-SonYT7PR05
24518,C-SonNFD4Z29
24519,C-SonEO20F40
24520,C-SonBXQF121
24521,C-SonFB55H23
24522,C-Son5NTE240
24523,C-SonUIK9R20
24524,C-SonZWNJY52
24525,C-SonNHNV840
24526,C-SonZT2QE30
24527,C-Son7WSKT20
24528,C-SonSGO2214
24529,C-Son1IK1P23
24530,C-Son1EP0759
24531,C-SonPKTVB09
24532,C-SonJNHZY09
24533,C-SonQSX0358
24534,C-SonO76C506
24535,C-SonNP36O30
24536,C-Son4AHKX30
24537,C-SonIQ2LS42
24538,C-SonTHZOS37
24539,C-SonF8HF904
24540,C-Son5H7E202
24541,C-SonGGGHK43
24542,C-SonS603H33
24543,C-SonB7XCY38
24544,C-SonGBYU956
24545,C-SonR93OQ52
24546,C-SonVG5PM05
24547,C-Son2UA8Z24
24548,C-SonI9WLN35
24549,C-SonRT29942
24550,C-SonWSZD927
24551,C-SonUX5TH37
24552,C-SonSDLEL15
24553,C-SonVCPTA19
24554,C-Son5XOCZ49
24555,C-SonFP1DQ29
24556,C-SonTVJXZ19
24557,C-SonUFFJS41
24558,C-SonSZA8Q33
24559,C-SonCLH6G20
24560,C-SonEL9XF00
24561,C-SonYRJZV18
24562,C-SonBMG6P48
24563,C-SonIVJZR43
24564,C-Son75X7915
24565,C-SonB90TU44
24566,C-SonZPCJJ56
24567,C-Son2R8AF30
24568,C-SonK527333
24569,C-SonYX5EG33
24570,C-SonI78J845
24571,C-SonMODIZ20
24572,C-SonH96O543
24573,C-SonAD5LZ34
24574,C-SonCFSJQ38
24575,C-SonJ4TB719
24576,C-SonBD7AY22
24577,C-SonQHIH012
24578,C-SonVN1N800
24579,C-SonUP25350
24580,C-SonOW7MK14
24581,C-SonLY2H802
24582,C-SonNZANZ53
24583,C-SonCYIH139
24584,C-SonUM5RY54
24585,C-Son5VD5X54
24586,C-Son4U6BD20
24587,C-SonDK2Y431
24588,C-SonNJ6MZ29
24589,C-SonLQV1122
24590,C-SonJRC4552
24591,C-SonBAEZM35
24592,C-SonQEIEC15
24593,C-SonUYTEB07
24594,C-SonAJ5YA53
24595,C-SonZGUVN50
24596,C-Son32HNC24
24597,C-SonJLI1S28
24598,C-SonR0O6X32
24599,C-SonX61E151
24600,C-SonV42ZE43
24601,C-Son727WD07
24602,C-SonEQX8M23
24603,C-Son7C25A49
24604,C-SonFI6OA58
24605,C-SonTKHXE42
24606,C-SonCDX0I43
24607,C-SonVNXPE17
24608,C-SonWQRSR16
24609,C-SonAI5MZ15
24610,C-SonUBK1955
24611,C-SonOAJCZ44
24612,C-SonVR25D53
24613,C-SonVD0E646
24614,C-Son9SBA657
24615,C-SonTCQUX45
24616,C-SonHO8B107
24617,C-Son19JWC41
24618,C-SonT9JO057
24619,C-SonVL1YM54
24620,C-Son68VGM22
24621,C-SonXXVB119
24622,C-SonA1Z8943
24623,C-SonKZEME14
24624,C-SonLWTHN03
24625,C-Son3F22H49
24626,C-Son123LD06
24627,C-Son5886048
24628,C-SonG9PVK43
24629,C-Son2I0CT59
24630,C-Son5UVCW59
24631,C-Son4UA3H10
24632,C-SonLHP9E33
24633,C-SonQ9OAY42
24634,C-SonLIRSD05
24635,C-Son3U7F947
24636,C-SonUVJ8I32
24637,C-SonABJKE04
24638,C-SonY3JCK36
24639,C-SonT0H6F47
24640,C-SonA3JLX34
24641,C-Son71VFY36
24642,C-SonOVSOL53
24643,C-SonD44XH01
24644,C-Son4F2O516
24645,C-SonB9MEX16
24646,C-SonMO4F704
24647,C-SonQ9TAP27
24648,C-SonFSTOG01
24649,C-Son93QI353
24650,C-SonASGOF01
24651,C-Son6RZA123
24652,C-Son3RQ1L17
24653,JabCOY827
24654,Jab4CU550
24655,JabESF001
24656,JabI5C726
24657,JabR5A956
24658,JabA0L154
24659,JabT69J18
24660,JabWWA16
24661,Jab8ZN01
24662,JabBK844
24663,Jab72TM45
24664,JabOLX58
24665,JabBET33
24666,JabRR810
24667,Jab8HI36
24668,Jab7XWQ43
24669,JabRTQ634
24670,JabU3B148
24671,Jab4QBZ08
24672,JabEAP17
24673,JabWOR20
24674,JabGRN06
24675,JabLRP34
24676,JabIJA00
24677,JabLAZ42
24678,Jab1J857
24679,JabAIH48
24680,JabB4V17
24681,JabWDB50
24682,Jab4LM22
24683,JabJ9048
24684,JabPFL37
24685,JabI3I37
24686,JabCZ815
24687,JabUVV09
24688,Jab4RO36
24689,JabGCI00
24690,JabTWF37
24691,JabCNP06
24692,Jab6Z111
24693,Jab48D51
24694,JabW4548
24695,JabM3531
24696,JabWFW21
24697,JabM6K01
24698,Jab7QU41
24699,Jab05752
24700,JabFXI56
24701,JabJU417
24702,JabL9942
24703,JabQHM51
24704,JabW9H03
24705,JabV6S16
24706,JabWQG42
24707,JabDE8037
24708,JabW9VX01
24709,JabNV3N27
24710,JabM5KN42
24711,JabO0W806
24712,JabABCF41
24713,JabLIRW06
24714,JabJ5O801
24715,JabBRWO52
24716,Jab3MEU39
24717,JabUU3U06
24718,JabXHZQ52
24719,Jab127D22
24720,JabAXYU14
24721,Jab7KKR16
24722,Jab3XKS38
24723,Jab824Z06
24724,JabODAF15
24725,Jab6UL556
24726,JabT7C045
24727,JabUR1L18
24728,JabHYYG03
24729,JabOIGV58
24730,JabDFXQ56
24731,JabFQEQ08
24732,JabE70Q53
24733,JabRIP948
24734,JabG9AT48
24735,JabISEE00
24736,JabCWVM02
24737,JabV4LY21
24738,Jab5Z6A47
24739,Jab8NB405
24740,JabWT8051
24741,Jab9TCH40
24742,JabV00H06
24743,Jab7RO948
24744,Jab5KBL18
24745,JabD4KO36
24746,JabBWS910
24747,JabPTP957
24748,JabKIQ134
24749,Jab6PEY38
24750,JabYXAS35
24751,JabR8UH49
24752,JabPW1W06
24753,JabQYO909
24754,JabC8GU28
24755,JabYOG10
24756,JabT1214
24757,JabYNO11
24758,Jab81P10
24759,JabZ1O07
24760,Jab03Q38
24761,JabATA47
24762,Jab24S26
24763,JabZJK49
24764,JabACE27
24765,JabKTK00
24766,Jab8ZO10
24767,Jab8RW23
24768,Jab1M439
24769,JabPTF55
24770,JabNH546
24771,JabRL657
24772,Jab9ZE52
24773,Jab3XG40
24774,Jab6XA37
24775,JabCYM48
24776,JabKKZ21
24777,JabVFT30
24778,JabUVW12
24779,JabKQN39
24780,Jab06020
24781,JabXOE40
24782,JabFC034
24783,Jab2W319
24784,JabRY226
24785,JabP6015
24786,JabUO729
24787,JabFN448
24788,Jab7UZ01
24789,Jab19S17
24790,JabEP433
24791,Jab7MA12
24792,JabQ0M37
24793,JabH4P06
24794,JabIV957
24795,JabLEW39
24796,JabYL044
24797,Jab7AS15
24798,JabXZD12
24799,JabKXC59
24800,Jab51O18
24801,Jab2ZK43
24802,JabAKS50
24803,JabXSR06
24804,JabZ9821
24805,JabBQL30
24806,Jab7HZ18
24807,JabYTD05
24808,JabM0939
24809,JabA6804
24810,Jab8DG09
24811,JabLVE09
24812,JabWHG40
24813,JabPUA29
24814,JabM7Z33
24815,JabEEY05
24816,JabK4C29
24817,JabZW722
24818,Jab7Q115
24819,Jab84904
24820,Jab71F48
24821,JabF2534
24822,JabUG858
24823,JabGWJ36
24824,JabJOL59
24825,Jab7BL00
24826,JabUQU39
24827,JabLBZ54
24828,Jab8O053
24829,JabCKE17
24830,JabUID16
24831,Jab40J06
24832,JabJHE39
24833,Jab88B47
24834,JabBPN41
24835,JabDWT17
24836,JabNE705
24837,JabD3T20
24838,JabC4V24
24839,JabEPY30
24840,JabQTQ29
24841,JabETS28
24842,JabQRS25
24843,JabHOR38
24844,JabE6P23
24845,JabXGD30
24846,JabDAJ45
24847,JabWBG01
24848,JabLDV41
24849,Jab7PT56
24850,JabEIM26
24851,JabP9K01
24852,JabUT837
24853,JabOBV20
24854,JabX5436
24855,JabQZB05
24856,JabLYY17
24857,JabRUY08
24858,Jab9PX05
24859,Jab9XQ08
24860,JabGYB26
24861,JabDHO59
24862,JabCIJ43
24863,JabKJV44
24864,JabKRE48
24865,Jab7QJ14
24866,JabF3454
24867,Jab7OX19
24868,Jab3WE31
24869,Jab4M903
24870,JabHYO04
24871,JabFM820
24872,JabVLD59
24873,Jab5JT06
24874,JabJXY51
24875,JabKSO05
24876,JabS4211
24877,JabGK112
24878,JabAA240
24879,JabI4Y45
24880,Jab4XK44
24881,JabEHP12
24882,JabVY509
24883,Jab91R30
24884,JabKLY31
24885,JabJZS06
24886,JabC0917
24887,JabFLA17
24888,JabXA228
24889,Jab07W52
24890,JabVFD58
24891,JabEUH59
24892,JabHMM21
24893,Jab90149
24894,JabDF723
24895,JabLOI29
24896,JabD5117
24897,JabR6M25
24898,Jab40Z48
24899,JabGKW58
24900,JabGFD21
24901,JabCTQ44
24902,JabGFE51
24903,Jab8CT59
24904,JabLDQ55
24905,Jab9AD26
24906,Jab1H021
24907,JabPG803
24908,JabTW310
24909,Jab3M613
24910,JabT0314
24911,Jab8T408
24912,JabGXF25
24913,JabO6G32
24914,JabHAY10
24915,JabJ3048
24916,JabJVR58
24917,JabIPD47
24918,JabRXV33
24919,JabW5844
24920,JabCGF53
24921,JabUIZ59
24922,JabO1827
24923,JabX6U56
24924,JabHWL40
24925,Jab8R639
24926,Jab8HM31
24927,JabWJK09
24928,JabZ2554
24929,JabPWF18
24930,JabFK502
24931,Jab93I51
24932,JabAZU21
24933,Jab67W06
24934,Jab9OL31
24935,Jab8I142
24936,JabN0I04
24937,JabUE622
24938,Jab7GK810
24939,Jab68LE00
24940,JabYDKU30
24941,JabZFYM38
24942,JabFC539
24943,JabT90V47
24944,JabDDR447
24945,JabEU3A25
24946,JabBZJ455
24947,JabBIY637
24948,JabLWIH04
24949,JabB8BV00
24950,JabPO9T17
24951,JabNT7P57
24952,JabCWHU51
24953,JabJTD207
24954,Jab0M9D43
24955,JabLCOI29
24956,JabFTTO33
24957,JabM8BN09
24958,Jab851012
24959,JabI2B147
24960,JabL62S56
24961,JabQ31Q23
24962,JabWJCT36
24963,Jab2MT231
24964,JabXQRI53
24965,Jab28XL55
24966,JabE9BG44
24967,Jab1KUU24
24968,JabHG3U08
24969,JabGARE58
24970,JabW2VZ26
24971,JabYAT859
24972,JabRTPL09
24973,Jab4NU109
24974,JabYQD450
24975,Jab16YT06
24976,Jab7LM506
24977,JabZT1C30
24978,Jab35A500
24979,JabWPVM21
24980,Jab3B8320
24981,Jab5Q8236
24982,Jab0P3127
24983,Jab1BBE15
24984,JabVKXH56
24985,JabS3IB57
24986,JabHRMQ28
24987,JabGSZ004
24988,JabKFXX31
24989,JabSLY29
24990,JabV5023
24991,JabV1E42
24992,Jab1UH22
24993,Jab40B41
24994,JabUB924
24995,Jab9JY24
24996,JabKL559
24997,JabVPU40
24998,Jab1OA09
24999,JabGHZ35
25000,JabZ0X15
25001,JabUEM22
25002,JabMGE20
25003,Jab43J36
25004,Jab81414
25005,JabQ5Z14
25006,JabUT603
25007,Jab0L226
25008,JabP2A36
25009,Jab3H649
25010,JabFI915
25011,JabFSU58
25012,JabI2I40
25013,Jab87L43
25014,JabBHJ55
25015,JabRZC24
25016,Jab33M34
25017,Jab14F40
25018,Jab8DK43
25019,Jab4UXA29
25020,Jab082T01
25021,Jab853743
25022,Jab0XBW57
25023,Jab00MH40
25024,JabFP7G58
25025,JabU6OS47
25026,JabWFVY52
25027,JabVHEV31
25028,JabKIE131
25029,JabSEGB06
25030,JabRCZE38
25031,JabBE3539
25032,JabX7SA03
25033,JabKV4E59
25034,Jab8XUV24
25035,JabWKWR44
25036,Jab4KV613
25037,JabJ5HZ01
25038,JabD5QR49
25039,JabV48Q48
25040,Jab5KV756
25041,JabZ8PJ36
25042,Jab525O38
25043,JabI4OA39
25044,Jab2RF807
25045,Jab2OTR29
25046,JabWUHV52
25047,JabF5GY45
25048,JabGA2H16
25049,Jab1FK104
25050,JabJ3107
25051,JabO0G00
25052,JabLSD42
25053,JabHAN40
25054,JabBPI02
25055,Jab6N415
25056,JabB0B50
25057,JabXXL55
25058,Jab48254
25059,JabKGC48
25060,JabGSW14
25061,JemCNKP11
25062,JemR3PO53
25063,JemAH0G58
25064,JemZ1JK39
25065,JemNFYN07
25066,Jem5ZRN29
25067,JemF6N911
25068,JemLHW238
25069,JemYP3F28
25070,Jem897419
25071,JemIMWP05
25072,JemDUCT48
25073,JemUZIM20
25074,JemTXGY36
25075,Jem7EBF43
25076,JemQBGQ34
25077,Jem9N7J15
25078,JemR3QL12
25079,JemJHWJ51
25080,JemC5S737
25081,JemZ1V156
25082,Jem0DH100
25083,JemZ0DC26
25084,Jem43JM48
25085,Jem37EA39
25086,JemMSGF30
25087,JemQXY00
25088,Jem9WV01
25089,Jem2IS32
25090,JemZML42
25091,JemE0O14
25092,JemQT936
25093,Jem6YO49
25094,JemVR354
25095,JemTYG32
25096,JemW0459
25097,Jem3UV15
25098,JemPA921
25099,JemMEL50
25100,JemB2E18
25101,JemS1M20
25102,JemOS145
25103,JemOZI24
25104,JemX9AB21
25105,JemYCYH55
25106,JemSP106
25107,Jem28330
25108,JemB8SP55
25109,Jem9UUT23
25110,Jem7PX35
25111,JemRP836
25112,JemP6O39
25113,JemXDO06
25114,JemJS536
25115,JemZAS24
25116,Jem6VAR00
25117,JemSO4X12
25118,JemFIDP21
25119,JemM8XE32
25120,JemHJCY34
25121,JemT6CU44
25122,JemII1I26
25123,Jem30YP53
25124,JemETIE24
25125,JemWY0Q05
25126,JemCMO415
25127,JemFEQY01
25128,JemZACM46
25129,JemVNQC22
25130,JemW09S52
25131,Jem9JG128
25132,JemVJD449
25133,JemDJSQ19
25134,Jem693N51
25135,JemGKEZ13
25136,JemWCPF31
25137,JemEFW48
25138,JemJPH08
25139,JemGZS35
25140,JemQWX27
25141,JemCAA32
25142,JemYSE53
25143,JemQLK03
25144,JemJXV51
25145,JemLBG30
25146,JemYOB57
25147,JemE4X35
25148,JemDTY08
25149,JemE9826
25150,JemH3I46
25151,Jem1AN47
25152,Jem5LZ59
25153,JemNTE30
25154,JemSZ911
25155,JemQBZ25
25156,Jem15352
25157,JemZ7523
25158,JemXOY05
25159,Jem7M256
25160,JemZEP31
25161,JemZ7056
25162,Jem1PH42
25163,JemXEC12
25164,JemO1V05
25165,JemQWU38
25166,Jem7HE21
25167,JemXPY01
25168,JemJU518
25169,JemGB917
25170,Jem8YR19
25171,JemFFH11
25172,JemF2V23
25173,Jem6KM26
25174,Jem82N14
25175,Jem7YA19
25176,JemUCL32
25177,Jem78240
25178,Jem5PZ58
25179,Jem4MG49
25180,JemKHQ20
25181,JemE7011
25182,JemR6Z26
25183,JemLOX50
25184,JemUKA950
25185,JemIRG11
25186,JemPUM29
25187,JemXSA12
25188,JemS3734
25189,Jem9TE03
25190,JemDXN01
25191,JemHHF11
25192,JemAY651
25193,JemOLP35
25194,JemWDO42
25195,JemLDT56
25196,Jem0DW07
25197,Jem6OE28
25198,JemFKC56
25199,JemPKY18
25200,Jem2FE03
25201,JemTVL16
25202,Jem2CI24
25203,JemHOG38
25204,JemXEC22
25205,Jem2II55
25206,Jem6AJ246
25207,Jem7K3L54
25208,Jem8ENR21
25209,JemJVQR55
25210,JemNTBE51
25211,JemSQ3051
25212,Jem1BI206
25213,JemCD3D19
25214,JemO8HT00
25215,JemM9QI04
25216,Jem937J35
25217,JemDO3225
25218,JemL6KV34
25219,JemS22017
25220,JemYY8A58
25221,JemD2OJ06
25222,JemST2115
25223,JemGTA323
25224,JemKYEO34
25225,JemKVW939
25226,Jem2O8148
25227,JemRI3N32
25228,JemE3ZM04
25229,JemMOHX14
25230,JemGJY606
25231,JemOTPX06
25232,JemD04T08
25233,Jem4HHM34
25234,Jem3C9T50
25235,JemJPRO20
25236,Jem141F33
25237,JemWEL331
25238,JemQ2OH08
25239,Jem2LWN22
25240,Jem1SGD29
25241,JemDHI522
25242,Jem4DEI49
25243,JemXA0R03
25244,Jem7AJK40
25245,JemZFRT13
25246,JemY46Q11
25247,JemNU6630
25248,JemDJTI21
25249,Jem188Z45
25250,JemIIAM44
25251,JemFO9D38
25252,Jem320845
25253,JemQ89O58
25254,Jem07WL54
25255,JemB0BX27
25256,JemMU8M13
25257,Jem0MV921
25258,JemKBWD44
25259,JemNBI244
25260,JemBM5A25
25261,Jem9QL042
25262,Jem3QZQ25
25263,JemHNUX03
25264,JemMBXY03
25265,Jem7AJB12
25266,JemRKY751
25267,Jem7M9135
25268,Jem3KEQ22
25269,Jem54ZA59
25270,JemB67404
25271,JemB40W48
25272,JemS5CE26
25273,JemV6XH54
25274,JemZ0VN50
25275,Jem689930
25276,JemDK932
25277,JemDSW26
25278,JemD8J29
25279,JemXVW24
25280,JemV7F30
25281,Jem69O55
25282,JemY9M47
25283,JemM3D18
25284,Jem89Y52
25285,JemVXMO00
25286,JemS2CB59
25287,Jem9G9W31
25288,JemVEMS55
25289,JemAIH800
25290,JemDTKF34
25291,Jem8BU913
25292,JemSQ4447
25293,JemO7Y58
25294,JemUSX24
25295,JemH4W44
25296,JemT1Y33
25297,Jem8F353
25298,JemQZJ58
25299,JemICL22
25300,Kau1TO07
25301,Jem7JQ52
25302,JemDGY14
25303,JemQ3V50
25304,JemYIK40
25305,Jem9A618
25306,Jem1WJ35
25307,Jem1DA57
25308,JemZJL20
25309,JemMX423
25310,JemJ5N30
25311,JemKIS13
25312,Jem6OC05
25313,JemUE614
25314,JemHSU52
25315,JemK9R10
25316,JemKHY00
25317,JemLKH53
25318,Jem1RJ46
25319,JemMZX19
25320,JemUZJ09
25321,JemWTJ57
25322,JemL8F00
25323,JemL5I53
25324,JemNVM37
25325,JemNAG15
25326,JemME533
25327,JemQB3J24
25328,JemUESS12
25329,JemG0IY02
25330,JemKB4B13
25331,JemEMPZ32
25332,JemKJPB40
25333,Jem8ET734
25334,JemHA4R48
25335,JemDFH030
25336,Jem7JIB38
25337,JemDJMV44
25338,JemG50R06
25339,JemHJHB09
25340,JemY90C18
25341,JemCDZ005
25342,JemD22243
25343,JemD8RP48
25344,JemXAN028
25345,JemQVI202
25346,Jem4XBQ47
25347,JemLJP127
25348,JemYGW014
25349,Jem65CS14
25350,JemGKHX23
25351,JemGGWB09
25352,JemOL1O37
25353,Jem2L7A36
25354,JemB30717
25355,JemN2G427
25356,JemQMAK53
25357,JemCGY220
25358,JemC9TR39
25359,JemBHMG05
25360,Jem1QAQ24
25361,JemV0ZU51
25362,JemQ3CB49
25363,JemCWDP46
25364,JemNJAK33
25365,Jem778425
25366,JemHRDM22
25367,JemDBD244
25368,Jem1PPK12
25369,Jem12IF52
25370,JemW47J55
25371,JemKOQZ21
25372,Kau4LTQ11
25373,KauAUBO47
25374,Kau18RD40
25375,Kau8Q3038
25376,KauNG4Y50
25377,Kau4P1U41
25378,Kau960843
25379,KauCMPL05
25380,Kau7AYN36
25381,Kau3WZ251
25382,KauB6I022
25383,KauNVVX04
25384,KauT3WS27
25385,Kau229U00
25386,KauSRTS44
25387,KauMBH632
25388,KauDYW657
25389,Kau4D3L21
25390,Kau5KXE44
25391,KauG4U736
25392,KauAHDM27
25393,KauBJVE12
25394,KauPLCS50
25395,KauQS9T54
25396,Kau8JXM37
25397,KauB5EP45
25398,Kau4CXB21
25399,Kau14IC20
25400,KauZPVM38
25401,KauML6O20
25402,KauAWHP43
25403,KauO18059
25404,KauUVRU55
25405,Kau0FN122
25406,KauJ6VN30
25407,KauX1DY08
25408,Kau1XDM48
25409,KauHNYK58
25410,KauHEZP40
25411,KauPHV244
25412,KauSNBJ58
25413,Kau0KMW40
25414,KauMZ3P37
25415,KauY8E811
25416,KauE4QK43
25417,KauMPXG17
25418,KauZFEV29
25419,KauAG8G27
25420,KauASVB16
25421,KauNJ6237
25422,KauTL3944
25423,KauDAKQ19
25424,Kau9HQV32
25425,KauEJO708
25426,KauUHW635
25427,Kau2WNO47
25428,KauB17U09
25429,KauCD6L33
25430,KauKV3034
25431,KauIHZZ12
25432,KauMTBW40
25433,Kau2UK07
25434,KauZO846
25435,KauPM634
25436,KauBUS33
25437,KauK5X17
25438,KauEKT38
25439,Kau5DH54
25440,Kau23Z59
25441,KauQOJ44
25442,KauEXS01
25443,KauEYA41
25444,KauG3M20
25445,KauOLT50
25446,KauSXD05
25447,KauFPD24
25448,Kau3LN17
25449,KauOCJ05
25450,KauDVZ05
25451,KauPAQ21
25452,KauZ0V31
25453,Kau8CX09
25454,Kau5DO19
25455,Kau2TO11
25456,KauUT035
25457,KauI7E45
25458,KauI3O32
25459,KauB4F52
25460,KauN0R30
25461,KauGCR40
25462,KauHXQ10
25463,Kau2H600
25464,KauVV338
25465,KauFCB03
25466,Kau8OZP26
25467,KauYG7801
25468,KauC9PG11
25469,KauNPN351
25470,KauEDCA52
25471,Kau1ZTV25
25472,KauT1S342
25473,Kau1RLG25
25474,KauY8UB57
25475,KauDEJL29
25476,Kau54HW21
25477,KauLONN59
25478,KauCS6H22
25479,KauXUVX52
25480,Kau8S0V24
25481,KauINZR14
25482,KauO7CY36
25483,Kau4NW54
25484,KauXXG42
25485,KauBUG25
25486,KauTL329
25487,KauU9251
25488,Kau9B027
25489,KauPW111
25490,Kau5LN45
25491,KauKL404
25492,Kau2FW10
25493,KauWD558
25494,KauT2J43
25495,KauZTN22
25496,KauT0V20
25497,KauX7C13
25498,Kau1M701
25499,KauHDS02
25500,KauNTF21
25501,KauC0523
25502,KauAXG34
25503,KauCQ857
25504,KauDIC58
25505,KauUCW17
25506,Kau08656
25507,Kau7HL52
25508,Kau6AP17
25509,KauW8I39
25510,Kau88D27
25511,KauMA418
25512,Kau4ES47
25513,Kau4XJ41
25514,KauIJT09
25515,KauI3220
25516,KauIEH19
25517,Kau1IZ02
25518,KauXF815
25519,KauXPS06
25520,KauQ7000
25521,KauZFZ19
25522,KauKAU20
25523,KauS4M48
25524,Kau5Y812
25525,KauFZR48
25526,KauC0A44
25527,KauGYA29
25528,KauKCQ17
25529,KauI2254
25530,Kau0US28
25531,KauP4S04
25532,KauH0U42
25533,KauSTV25
25534,KauWVS15
25535,KauPFU08
25536,Kau2YT59
25537,KauUEA48
25538,KauT0Z14
25539,Kau52J38
25540,KauFG325
25541,Kau6YD23
25542,KauPWPD34
25543,KauLV2Y40
25544,KauI9GE42
25545,Kau44XP39
25546,KauAGBA20
25547,KauDD1351
25548,KauFTCG58
25549,KauO0OR09
25550,Kau0AEW18
25551,KauAX4707
25552,KauBOBN31
25553,KauCPO549
25554,KauZUT752
25555,KauTLA351
25556,KauQUDP47
25557,KauQ2PM43
25558,Kau6FQA19
25559,KauC39J29
25560,KauAIAY23
25561,Kau6XCM30
25562,KauTNFV57
25563,KauFXKW20
25564,KauR2AA33
25565,KauDQV318
25566,Kau80V656
25567,KauT86325
25568,KauQNCL18
25569,Kau8Y9A38
25570,KauO2WD13
25571,Kau1CIS18
25572,KauOFBZ13
25573,Kau0P0T16
25574,KauS05A58
25575,KauIYW36
25576,Kau1E105
25577,KauB2F57
25578,Kau5FIF17
25579,Kau9ET410
25580,KauT0GZ09
25581,Kau6GDE54
25582,Kau3Z834
25583,KauJAH57
25584,Kau6R848
25585,Kau2CG13
25586,KauWHB16
25587,Kau0ZZ426
25588,Kau9JUI22
25589,KauAPV034
25590,KauMIG430
25591,KauTXJE36
25592,KauPUYB35
25593,Kau1TSV00
25594,KauK7MT39
25595,KauQYD948
25596,Kau22FC20
25597,KauQM1P12
25598,Kau9OEM13
25599,KauL7UG54
25600,KauSQ6358
25601,KauMUYS01
25602,KauLNZ133
25603,Kau3KRN23
25604,Kau3EEJ01
25605,KauSX2Z01
25606,KauINE402
25607,KauOGWF02
25608,KauNUNQ39
25609,KauO5LU56
25610,KauELTX05
25611,KauNC4509
25612,Kau27F624
25613,KauK2XT33
25614,KacD7KF57
25615,KacHZYP37
25616,KacJ21X22
25617,KacPMM317
25618,KacAMIY40
25619,Kac5FMN54
25620,KacL7YJ27
25621,KacPA6J39
25622,KacRQEE00
25623,Kac5GL347
25624,Kac2DDE28
25625,Kac8GKI51
25626,KacB41113
25627,KacNXZD55
25628,KacGDZH20
25629,KacHN8E09
25630,KacYRFE58
25631,KacHFTP31
25632,KacT9MI39
25633,KacD67G21
25634,KacQCJI28
25635,Kac6I1U26
25636,KacIS1M03
25637,KacVKZ821
25638,Kac3ZLE18
25639,KacXTK931
25640,KacQR5Q42
25641,KacILJ943
25642,KacRJ7G08
25643,Kac3DG047
25644,Kac0XPT36
25645,KacLB3303
25646,KacVTIM51
25647,KacITHB12
25648,KacFZWQ31
25649,KacV7PG42
25650,KacJ2LS06
25651,KacUQ3450
25652,KacFNCD37
25653,KacN75H53
25654,Kac02F408
25655,Kac82L932
25656,KacJBJG20
25657,KacXM0P04
25658,Kac3C1P17
25659,KacUGBR13
25660,Kac0O5O28
25661,KacQFD102
25662,KacO8FP06
25663,Kac4SQA19
25664,KacL7U702
25665,KacM48U47
25666,Kac4XIN42
25667,KacZ5NJ35
25668,KacVKGS56
25669,Kac356T19
25670,KacA53204
25671,Kac5DD412
25672,KacEUWH27
25673,KacQW1318
25674,Kac1CEZ06
25675,KacBWKA13
25676,KacSBLD45
25677,KacSX8S27
25678,Kac804130
25679,KacKEAK33
25680,KacLVCU26
25681,Kac32IR29
25682,KacTLJ142
25683,KacXE2A17
25684,KacUB5O01
25685,KacPT2X30
25686,Kac56EW23
25687,Kac2HZ112
25688,KacSDB538
25689,Kac90OT57
25690,Kac14JH11
25691,Kac4SZC05
25692,KacKH9S35
25693,KacDIB101
25694,Kac05QW22
25695,KacPS1M47
25696,KacPDTU57
25697,KacLMLH54
25698,KacH24G24
25699,KacKJNB51
25700,Kac6XGU48
25701,KacJ7O811
25702,KacJVXJ30
25703,KacOOO139
25704,KacJLKW53
25705,KacUIML41
25706,KacBG3O17
25707,KacXLRY18
25708,Kac7B2B47
25709,Kac7Q9G53
25710,Kac387S49
25711,KacES1T05
25712,Kac4ER636
25713,Kac406741
25714,Kac2S2Y33
25715,KacLGQ201
25716,KacFK4V19
25717,Kac8GVF00
25718,Kac20GR06
25719,KacBYW640
25720,KacKCKJ37
25721,KacZUAS43
25722,KacTZTU23
25723,KacX7I818
25724,Kac709729
25725,Kac96HQ20
25726,KacGL1Y34
25727,Kac9HRR23
25728,KacSAJE09
25729,Kac6C1G25
25730,Kac5RUG30
25731,KacFR0G04
25732,KacAD5N44
25733,KacD3K914
25734,KacO55I45
25735,Kac48XP33
25736,KacFOV512
25737,Kac52D223
25738,KacAIYU16
25739,KacCKGD50
25740,Kac944U57
25741,KacJQJ942
25742,KacGU9P27
25743,KacT6Y214
25744,Kac7C3630
25745,KacTP4U55
25746,Kac05HO17
25747,Kac7MRD49
25748,KacRBBR02
25749,KacZRMH06
25750,KacABXN47
25751,KacA69626
25752,KacINNJ54
25753,Kac3DTR40
25754,KacE4G941
25755,Kac4VBV56
25756,Kac7ZM308
25757,KacLDML23
25758,KacLTFZ13
25759,KacHKN651
25760,KacZB1440
25761,KacCQ2P53
25762,KacTHYQ53
25763,Kac7SYJ16
25764,KacTE9L49
25765,KacKPQ037
25766,Kac0VE156
25767,KacAYC614
25768,Kac0TXS01
25769,KacLJNP58
25770,Kac26R030
25771,Kac0MR443
25772,KacBBM319
25773,Kac8Y4B25
25774,KacIEB618
25775,KacQF5X02
25776,KacGEYV52
25777,KacYFM112
25778,KacNO0T59
25779,Kac2PNY55
25780,KacFVBN39
25781,KacSDVV04
25782,KacK3CP19
25783,KacFIOR29
25784,KacISRO22
25785,KacPDH353
25786,KacW1NF04
25787,KacVMBP52
25788,KacAFHX19
25789,Kac1UVK27
25790,KacF4EG56
25791,Kac360N14
25792,KacCNHE36
25793,KacYVOU09
25794,KacPAXP52
25795,KacELLK14
25796,KacVEAM40
25797,KacUMB741
25798,KacY12W53
25799,KacWJIS41
25800,KacQH4847
25801,KacUGQ106
25802,KacPLPM26
25803,KacKN0D28
25804,Kac1QV519
25805,Kac4KHW30
25806,KacHK6B06
25807,KacDIZQ25
25808,Kac3ONG38
25809,Kac7TRE46
25810,KacN4BX05
25811,KacNJZB50
25812,KacQV9Q21
25813,KacCSAH00
25814,KacITOY42
25815,KacLLC330
25816,KacZROH09
25817,KacB6DM13
25818,Kad24JM06
25819,Kad0XT512
25820,Kad02WZ12
25821,Kad4CI327
25822,Kad22FI38
25823,KadB12D43
25824,KadN4IN17
25825,KadBG9B13
25826,Kad87DY21
25827,Kad59TM17
25828,KadSZ9E25
25829,KadTTOO29
25830,KadHEUJ09
25831,KadJEC705
25832,KadEB0904
25833,Kad9C5J36
25834,KadY5M728
25835,KadMM8G43
25836,KadE8SD10
25837,KadA8HK08
25838,KadD4AD55
25839,Kad1CJZ45
25840,KadE5TZ00
25841,Kad438O53
25842,KadD59T42
25843,Kad0O1Y12
25844,KadQAGO26
25845,KadFRWI59
25846,KadVRU202
25847,KadO3FM55
25848,Kad5NBD49
25849,Kad62LE13
25850,KadWB4558
25851,KadJWCG57
25852,KadWCRR12
25853,KadSRJL16
25854,KadYC7R20
25855,KadSVWC41
25856,KagRDCD31
25857,KagLVSS08
25858,KadK1051
25859,Kad1AG18
25860,Kad20V12
25861,Kad3F533
25862,KadIMT15
25863,KadF3M14
25864,KadI4005
25865,KadNCI11
25866,Kad71904
25867,Kad3OR06
25868,Kad0W013
25869,Kad6YW38
25870,KadOIT05
25871,Kad0TW58
25872,KadQYR50
25873,Kad4OX58
25874,KadHW714
25875,KadAQE22
25876,KadUMN41
25877,KadSKM03
25878,KadOBR59
25879,KadHQ124
25880,KadQYS32
25881,Kad8PB26
25882,Kad4DP08
25883,KadTL253
25884,Kad8WD01
25885,KadBPT26
25886,KadD0P41
25887,KadRBJ38
25888,KadZP432
25889,Kad3NX11
25890,KadCZL33
25891,KadIOO21
25892,KadNM747
25893,KadVDC46
25894,KadSLH15
25895,KadH3015
25896,Kad48H02
25897,Kad25330
25898,KadZR823
25899,KadYHH46
25900,Kad37P04
25901,KadWP840
25902,KadXET27
25903,KadTFT51
25904,KadZ7D13
25905,KadLRZ11
25906,KadWLL47
25907,Kad7WH44
25908,KadC2U28
25909,KadBA056
25910,KadCUP41
25911,KadGB825
25912,KadB7S23
25913,KadHI037
25914,Kad1QF03
25915,KadUSU39
25916,KadEVH05
25917,KadHGR21
25918,Kad3TC03
25919,KadWZZ09
25920,KadC3S13
25921,Kad09X06
25922,KadBCP41
25923,KadW5J39
25924,Kad3PK21
25925,KadM7T24
25926,KadD8914
25927,KadEEJ38
25928,KadTWZ49
25929,Kad27251
25930,KadTDU07
25931,Kad0CW51
25932,KadBG536
25933,KadOUP52
25934,KadITD53
25935,KadQ5W23
25936,Kad0RL44
25937,KadU9111
25938,KadJGP05
25939,KadFNX28
25940,KadMJF46
25941,KadTU225
25942,Kad4EE39
25943,KadCZH29
25944,Kad65Y28
25945,KadCDX04
25946,KadXUX09
25947,KadPIS50
25948,KadAN714
25949,Kad4IN01
25950,KadPQT18
25951,KadZED42
25952,KadXG335
25953,KadULJ01
25954,KadS7435
25955,KadF5637
25956,Kad8AJ56
25957,KadN5158
25958,Kad4HG32
25959,KadX5P03
25960,KadPI521
25961,KadFUQ47
25962,Kad8BP55
25963,KadDG331
25964,KadM2205
25965,Kad2QN57
25966,KadZPH28
25967,KadV0V13
25968,Kad6F618
25969,Kad0ZS04
25970,KadQMW52
25971,Kad5EC02
25972,KadATK45
25973,KadM2X48
25974,Kad29Y40
25975,Kad6JG55
25976,KadXT159
25977,KadDFS23
25978,KadGWK54
25979,KadLSI49
25980,KadQZX40
25981,KadRFC26
25982,KadISM51
25983,KadQVH28
25984,Kad7MP54
25985,KadJRP40
25986,Kad44F10
25987,Kad5GT27
25988,Kad7W258
25989,KadV9R54
25990,Kad2DR40
25991,KadYDG39
25992,KadWB628
25993,KadWRR06
25994,KadD8B03
25995,KadNB411
25996,KadLYV34
25997,KadSE208
25998,Kad5AP24
25999,KadTR309
26000,KadUHO32
26001,KadCAS02
26002,KadSDA53
26003,KadKFO19
26004,KadCZ948
26005,KadGNV49
26006,KadSLC35
26007,Kad7R436
26008,KadUC449
26009,KadMWD41
26010,KadC7U40
26011,KadASN57
26012,KadF0517
26013,KadPOP14
26014,Kad0WJ33
26015,KadEDU23
26016,KadQDQ21
26017,KadZLU26
26018,KadRQU51
26019,KadDZ424
26020,Kad7OF14
26021,KadGJU57
26022,Kad1OH34
26023,KadQA235
26024,KadK3Z40
26025,Kad16Q56
26026,Kad19I12
26027,KadGEB38
26028,Kad4DC05
26029,Kad49C23
26030,KadIBD22
26031,Kad6KR13
26032,KadSKM02
26033,Kad3EL45
26034,KadAXM50
26035,KadT6N13
26036,KadNST12
26037,KadDI806
26038,Kad0TR33
26039,KadT9643
26040,KadUIY49
26041,KadTTI30
26042,KadSPU17
26043,Kad4Q635
26044,KadQVG45
26045,KadG2T26
26046,KadR5W25
26047,KadZJ244
26048,KadE1605
26049,KadM5T35
26050,Kag6HH425
26051,KagQUD304
26052,KagRLKR58
26053,KagN4GF18
26054,KagLXH101
26055,KagQLXR52
26056,KagK5BS21
26057,KagACUM33
26058,Kag20NC43
26059,KagABE750
26060,Kag46GP17
26061,KagKLYW36
26062,Kag50TL04
26063,Kag0O5Z10
26064,Kag1LXA42
26065,KagDSMX57
26066,KagOUYK37
26067,KagJGGJ19
26068,KagUME702
26069,Kag6F5U06
26070,Kag9JEW36
26071,KagTWUB15
26072,KagQ1NE37
26073,Kag5VKW11
26074,KagJJ1726
26075,KagH98S50
26076,KagQ25W13
26077,KagFAFV34
26078,Kag4N8V02
26079,KagK4U019
26080,KagUGNP32
26081,Kag3ZK539
26082,KagRIQZ30
26083,KagIZQT05
26084,KagYFGT45
26085,KagD0CI46
26086,Kag699J37
26087,KagWU7W28
26088,KagNH3U55
26089,Kag7CUE32
26090,Kag20JA11
26091,Kag2UB338
26092,KagKATB17
26093,KagD74Y11
26094,Kag4WLC04
26095,KagSHPI08
26096,KagL90150
26097,KagMN5N04
26098,Kag6YG346
26099,KagY8PC46
26100,Kag18CP42
26101,KagIKJK40
26102,Kag3IJP43
26103,KagDQPN07
26104,Kag5C0T07
26105,Kag7IWY25
26106,KagU0S039
26107,KagECNA01
26108,Kag6OA623
26109,KagDYC945
26110,KagSA5B34
26111,KagJ1YS59
26112,KagTRNH25
26113,Kag66WR22
26114,KagOOYY05
26115,Kag3UWK52
26116,Kag0PO428
26117,KagSKNO47
26118,Kag0OGE02
26119,Kag9NOM18
26120,KagCT1406
26121,Kag5RHN20
26122,Kag3IS235
26123,Kag5ZE136
26124,KagWSDG58
26125,KagXYEL20
26126,KagQRF411
26127,KagDECS58
26128,Kag6UG146
26129,KagVYG546
26130,Kag2YCF14
26131,Kag60J056
26132,KagQ0V731
26133,KagY18Y12
26134,Kag1XEZ16
26135,KagM8SC28
26136,KagJUED22
26137,KagN5TZ35
26138,Kag5YNG15
26139,KagTMMY21
26140,KagNYTT45
26141,KagZE7F05
26142,KagIP5G24
26143,KagUJCY50
26144,KagI0ND44
26145,KagL9O156
26146,KagZ1ZU41
26147,KagVGB958
26148,KagBX5Q01
26149,Kag85U845
26150,KagTZ8G28
26151,KagY5Y950
26152,KagCWAX11
26153,KagXR4643
26154,KagIDBD56
26155,Kag8VN825
26156,KagITBH07
26157,KagBRJA33
26158,KagZZPZ21
26159,KagEW4F52
26160,KagD79H38
26161,KagMEXE17
26162,KagDG1517
26163,KagX5P938
26164,KagWRJT54
26165,KagLP9110
26166,KagZ6BT29
26167,KagU7OH15
26168,Kag4ERM09
26169,KagAQZD54
26170,KagIDWK22
26171,Kag6LY300
26172,KagISID38
26173,KagYFNP50
26174,KagY88I46
26175,Kag6QIS32
26176,KagNST038
26177,Kag0BG718
26178,KagLVS151
26179,KagXGUR18
26180,KagGLDV12
26181,KagC9DE45
26182,KagF6KR34
26183,KagI1S634
26184,Kag7F1A48
26185,Kag6IQU07
26186,KagBMX143
26187,KagICQ855
26188,KagN37326
26189,KagSOVL51
26190,KagG7CC12
26191,KagTYX104
26192,Kag6LNV14
26193,Kag85P901
26194,KagISWF12
26195,Kag25RC36
26196,KagAZM721
26197,KagR05H34
26198,KagXKEI43
26199,Kag6P4Z26
26200,Kag0OJX34
26201,Kag6GPL15
26202,KagUV6V56
26203,KagNGQ947
26204,KagHUZD27
26205,KagGD1C52
26206,KagTENN12
26207,Kag2PRW28
26208,KagL96P47
26209,KagZRV057
26210,KagU1KU52
26211,KagZQPH55
26212,KagE11404
26213,Kag169I13
26214,KagLPBB08
26215,KagK91A23
26216,KagJXJ244
26217,KagQGDI47
26218,KagWXZR29
26219,KagZ3ZQ05
26220,Kag2CL745
26221,KagW7YC40
26222,KagZJZ456
26223,KagN1OE09
26224,Kag3KIJ54
26225,KagKTN455
26226,Kag1DBB35
26227,KagBFY807
26228,KagJO7P51
26229,KagB7O616
26230,Kag397Y19
26231,KagAJQ917
26232,KagEAAV34
26233,KagXGEY57
26234,KagWMRZ47
26235,Kag46US18
26236,KagLGIL47
26237,KagLMV748
26238,Kag0J6455
26239,KagECOV59
26240,KagVFOW38
26241,KagLC7A05
26242,KagJTAA59
26243,KagSVWQ00
26244,Kag2QQ120
26245,KagD26452
26246,Kag5FSO24
26247,Kag11DO49
26248,KagDD5X20
26249,KagJBEF51
26250,KagJNY046
26251,Kag9R5646
26252,Kag2ZYC56
26253,ChiK3A29
26254,Chi2RV48
26255,Chi73H50
26256,ChiP8756
26257,ChiJ0L20
26258,ChiDUC20
26259,ChiJDU08
26260,ChiJMD28
26261,ChiVFL05
26262,ChiO3C49
26263,Chi5W156
26264,Chi0T612
26265,Chi39J04
26266,ChiMBX32
26267,ChiEEK44
26268,ChiBQ256
26269,Chi0V152
26270,ChiP8854
26271,ChiA6431
26272,ChiN5N08
26273,ChiKN551
26274,ChiC4U07
26275,ChiF3M31
26276,Chi8LH49
26277,Chi4PC37
26278,ChiX0F16
26279,ChiWYR22
26280,ChiKYF35
26281,ChiCHV35
26282,Chi7ID54
26283,ChiOT449
26284,Chi11D02
26285,Chi5FS06
26286,Chi90Y12
26287,ChiTM409
26288,ChiCCS51
26289,Chi51M44
26290,Chi3NP07
26291,ChiOE504
26292,ChiZXI57
26293,ChiBVA02
26294,Chi2NK25
26295,Chi18A12
26296,ChiMRF26
26297,Chi28432
26298,ChiYYD06
26299,Chi8T919
26300,ChiLTJ53
26301,ChiWT656
26302,Chi0AJ03
26303,ChiRTX54
26304,ChiFM807
26305,Chi0XN58
26306,Chi81645
26307,Chi40C24
26308,ChiPQP13
26309,ChiNED44
26310,ChiCNJ23
26311,Chi16D53
26312,ChiRP846
26313,ChiH2R32
26314,ChiUZF26
26315,ChiPFL25
26316,Chi98D06
26317,ChiJEW25
26318,ChiD1Z45
26319,ChiFRU17
26320,ChiYQ550
26321,ChiFQX58
26322,ChiOI630
26323,ChiAKT15
26324,ChiT0W46
26325,ChiU1B21
26326,ChiQQL18
26327,Chi80453
26328,Chi2G615
26329,ChiDW922
26330,Chi4KG42
26331,ChiHUB28
26332,Chi4HI12
26333,ChiIU652
26334,ChiMMK56
26335,Chi1VH37
26336,Chi9NY04
26337,ChiV1E34
26338,ChiM6G54
26339,ChiKI738
26340,ChiKN434
26341,ChiPXP07
26342,Chi6BB26
26343,ChiEGT46
26344,Chi1YL06
26345,Chi4QU09
26346,ChiN3G41
26347,ChiNVUC37
26348,ChiXA9400
26349,ChiC3VC35
26350,ChiPOVT57
26351,ChiDDZX13
26352,ChiVKDV06
26353,ChiHLFL51
26354,ChiGAY316
26355,ChiY9OS50
26356,ChiJFJY28
26357,ChiXPDU43
26358,ChiDD1843
26359,ChiMAEL29
26360,ChiAOWR39
26361,ChiB35Q52
26362,Chi0E8729
26363,Chi7SN734
26364,Chi1PK916
26365,Chi9I0U32
26366,ChiYTM746
26367,ChiYC9U41
26368,Chi1GBN58
26369,ChiKDCG02
26370,Chi0OMV15
26371,Chi1JWX57
26372,ChiUFUK38
26373,ChiT4C604
26374,Chi5S0150
26375,ChiU8N101
26376,Chi3PU624
26377,ChiRKWU13
26378,ChiN6Z332
26379,Chi1ONJ24
26380,Chi01K803
26381,ChiD3SL31
26382,ChiPQ8841
26383,Chi8ODM14
26384,ChiKMD58
26385,ChiVP515
26386,Chi4I017
26387,ChiCAZ31
26388,ChiG2L59
26389,Chi9LH39
26390,Chi3XR30
26391,ChiHBD51
26392,Chi51M49
26393,ChiJ97K28
26394,ChiI9WP17
26395,ChiYY527
26396,ChiEUW35
26397,Chi0LK09
26398,ChiMVD53
26399,Chi73046
26400,ChiE4T06
26401,Chi8HH40
26402,ChiXQR15
26403,Chi85Z46
26404,ChiR4026
26405,Chi3R835
26406,Chi5WS28
26407,ChiMNX03
26408,Chi14651
26409,ChiSZA10
26410,Chi58IU56
26411,ChiQKHP02
26412,ChiMPV431
26413,ChiU46R39
26414,ChiFPT257
26415,ChiS02307
26416,ChiI9340
26417,Chi6PR20
26418,ChiLG203
26419,ChiSGK227
26420,ChiSKSW00
26421,ChiVJH30
26422,ChiJSW48
26423,ChiS4V21
26424,ChiVXM41
26425,Chi4EN31
26426,ChiM2O59
26427,Chi14Z50
26428,ChiW2208
26429,ChiHRV43
26430,ChiOWM42
26431,ChiYW859
26432,ChiG3U150
26433,Chi5EL937
26434,ChiSNR110
26435,ChiJBKT58
26436,Chi48KJ24
26437,Chi0SLQ36
26438,ChiU2FQ09
26439,ChiKH731
26440,Chi69048
26441,Chi46739
26442,Chi3BR48
26443,ChiB4D55
26444,ChiM9645
26445,ChiQ0206
26446,ChiR9922
26447,Chi8F534
26448,ChiD7U26
26449,ChiRYOJ21
26450,Chi18JY22
26451,ChiMPPW55
26452,ChiGCPQ06
26453,ChiDURL01
26454,ChiBHYC33
26455,Chi49MX06
26456,Chi6BMB32
26457,ChiNADD52
26458,ChiWRY739
26459,ChiTF0D11
26460,ChiKYG008
26461,ChiCGLO27
26462,ChiN5Y100
26463,ChiMKUT21
26464,ChiRTHC18
26465,ChiH9KF25
26466,ChiY8D155
26467,Chi28GR08
26468,ChiRLCC28
26469,ChiDAC526
26470,Chi5BBR56
26471,ChiG34Z47
26472,Chi5Q3629
26473,ChiO45134
26474,ChiEEMU54
26475,ChiCO9A05
26476,ChiW8BD44
26477,Chi7WQW35
26478,Chi0RNL28
26479,ChiVBCA44
26480,Chi6A5R59
26481,ChiWX4L31
26482,ChiTTFY20
26483,ChiPM7X53
26484,ChiSJQQ24
26485,ChiQ9O240
26486,ChiYDP838
26487,Chi90OC46
26488,Chi6ZG325
26489,ChiBRGQ30
26490,ChiLESV01
26491,Chi8FRM30
26492,ChiNDJ58
26493,ChiRFY05
26494,ChiM2D50
26495,ChiCZO27
26496,Chi17D10
26497,ChiMR748
26498,ChiFCX20
26499,ChiZS914
26500,ChiUDQ29
26501,ChiQGU49
26502,ChiH8639
26503,Chi3UY16
26504,ChiEJ933
26505,ChiMNX06
26506,ChiN9C43
26507,ChiIVR12
26508,ChiG0851
26509,ChiDFV35
26510,ChiZOW10
26511,ChiTCA55
26512,ChiNWN17
26513,ChiMCL07
26514,ChiOMO52
26515,Chi18M09
26516,ChiQIT20
26517,ChiWY525
26518,ChiQWT19
26519,ChiP6Y33
26520,ChiSVQ02
26521,ChiN1K54
26522,Chi07440
26523,Chi6A044
26524,ChiJBT55
26525,ChiD7Q54
26526,ChiLXR44
26527,Chi4QH44
26528,Chi1EO54
26529,ChiSV600
26530,ChiDVI11
26531,Chi25V03
26532,ChiRZM20
26533,Chi76U12
26534,ChiK9U49
26535,Chi5MJ55
26536,ChiKFN03
26537,Chi0M8O12
26538,ChiKHKA57
26539,ChiD0H922
26540,ChiX6Y554
26541,Chi1NQH40
26542,ChiXE5U25
26543,ChiZU3G18
26544,ChiMJSA39
26545,ChiMDEA58
26546,ChiVYP752
26547,ChiFI5V30
26548,ChiZ5WR52
26549,ChiKPTA47
26550,ChiBYH439
26551,ChiL9GY34
26552,ChiCAWU30
26553,ChiDIO805
26554,Chi7EP731
26555,ChiUOB158
26556,ChiZTXT13
26557,Chi06IH15
26558,ChiERIK41
26559,ChiHONW03
26560,ChiDV8518
26561,ZanZBTK17
26562,Zan61X038
26563,ZanB3FT59
26564,ZanJURF38
26565,Zan66XF30
26566,Zan3TOV55
26567,ZanPHT813
26568,ZanP4QP00
26569,ZanUOW713
26570,ZanB7A457
26571,Zan8SPK38
26572,Zan6HND00
26573,ZanCYXB06
26574,ZanQUPG10
26575,ZanNVC006
26576,Zan72H019
26577,ZanOO8117
26578,ZanIPHL31
26579,Zan0BB428
26580,Zan6TIF35
26581,ZanNU2Y14
26582,ZanYQ756
26583,Zan78818
26584,ZanD9404
26585,ZanCRE46
26586,Zan4ZS55
26587,ZanRFX28
26588,ZanOJG22
26589,ZanNVX33
26590,ZanY0S16
26591,ZanR5N11
26592,Zan3X246
26593,Zan10V28
26594,ZanC8L50
26595,ZanAAD03
26596,Zan3PG05
26597,ZanTCB58
26598,ZanM2548
26599,ZanK3Z47
26600,ZanK1608
26601,Zan7OC30
26602,ZanHZ858
26603,Zan34E40
26604,ZanGWI05
26605,ZanDKG39
26606,ZanD1V04
26607,ZanI8T13
26608,ZanNSR43
26609,ZanOSX34
26610,ZanC1U03
26611,Zan4SX01
26612,ZanYGM29
26613,ZanRYY42
26614,ZanHMUP19
26615,ZanKVH251
26616,ZanS2TU51
26617,ZanX0SP08
26618,ZanTUXY40
26619,ZanCK9701
26620,ZanNQQZ01
26621,ZanIE6353
26622,ZanQYQ45
26623,ZanEVG04
26624,Zan5RZ52
26625,ZanKT007
26626,ZanKG946
26627,ZanJQ309
26628,ZanLJ341
26629,Zan65B35
26630,ZanQGY46
26631,ZanS6C50
26632,ZanTYB40
26633,ZanQ7Z32
26634,Zan2NP30
26635,ZanVHR34
26636,Zan6NT57
26637,Zan67845
26638,ZanJPU15
26639,ZanB0S36
26640,ZanW2M20
26641,ZanUUO46
26642,Zan5QS55
26643,ZanG2R20
26644,Zan42336
26645,ZanYIC33
26646,ZanVYE53
26647,ZanIXA57
26648,ZanOFR38
26649,Zan0OV21
26650,Zan69A15
26651,ZanPXU48
26652,ZanO4N05
26653,ZanZX908
26654,ZanW6O49
26655,Zan6R628
26656,Zan1EX01
26657,ZanI5M43
26658,Zan5H919
26659,ZanKA521
26660,ZanIU846
26661,ZanDAD124
26662,ZanARNE10
26663,ZanHA4C46
26664,ZanL5H14
26665,Zan7XY43
26666,ZanI3X52
26667,ZanA8Z06
26668,Zan0IC16
26669,ZanE2M35
26670,Zan2DX04
26671,ZanZ4852
26672,Zan9TG24
26673,ZanMBH00
26674,ZanJ6V20
26675,ZanNNR50
26676,ZanUSS23
26677,ZanLR324
26678,ZanB6U09
26679,Zan9G603
26680,Zan03W48
26681,ZanCA100
26682,Zan3UZ12
26683,ZanNYY58
26684,ZanKSW59
26685,ZanZ5Z22
26686,ZanB6857
26687,ZanAHD51
26688,ZanHQY36
26689,Zan81W35
26690,Zan64J24
26691,ZanHTZ45
26692,Zan4G936
26693,ZanIHF32
26694,Zan65P50
26695,ZanJYY31
26696,Zan4NX16
26697,ZanMWM39
26698,ZanMA529
26699,ZanBCK00
26700,Zan6AV25
26701,Zan24C34
26702,ZanI6049
26703,ZanRZ752
26704,Zan1ZM43
26705,Zan28541
26706,ZanA4R03
26707,ZanS8B40
26708,ZanMNK12
26709,Zan13J11
26710,Zan2HP42
26711,ZanB9551
26712,Zan0HR47
26713,ZanXBA25
26714,ZanBOS45
26715,ZanBX015
26716,ZanVMV45
26717,ZanVCT33
26718,Zan7UT27
26719,ZanXLD51
26720,ZanQP047
26721,Zan15227
26722,ZanDV058
26723,Zan89Y21
26724,ZanMOK35
26725,ZanSHD48
26726,ZanPSC53
26727,ZanZRG40
26728,ZanAKA18
26729,Zan9CM13
26730,Zan0LU26
26731,ZanOFY51
26732,ZanJDC19
26733,ZanKWT07
26734,Zan2DF43
26735,Zan3S937
26736,ZanQU834
26737,ZanB2Y31
26738,ZanRM656
26739,Zan14P00
26740,ZanZLV57
26741,ZanEYL45
26742,Zan77L45
26743,ZanGSZ32
26744,Zan0CJ13
26745,ZanT1E00
26746,ZanIVE41
26747,ZanLEW04
26748,ZanPQK15
26749,Zan4PQ55
26750,ZanBSQ52
26751,ZanTGWX05
26752,ZanP1BC23
26753,Zan2ES409
26754,ZanJZMQ32
26755,ZanQEE700
26756,ZanGTSR11
26757,ZanWZUQ42
26758,Zan033531
26759,ZanBF8T39
26760,Zan09I030
26761,Zan9VG757
26762,Zan51TE15
26763,Zan289T24
26764,ZanHY7U04
26765,ZanEWDY36
26766,ZanBVFU27
26767,ZanBWIB44
26768,ZanV3NC22
26769,ZanW7D815
26770,Zan81PQ54
26771,Zan67CQ32
26772,ZanAXJL43
26773,ZanCVQB02
26774,ZanGZ8L23
26775,ZanRCXL34
26776,ZanD1U748
26777,ZanDP3745
26778,ZanRI117
26779,ZanHJ838
26780,ZanA1T31
26781,Zan29W30
26782,ZanUZA44
26783,Zan73G58
26784,Zan8MR01
26785,ZanHJG44
26786,ZanJOI27
26787,Zan7RC43
26788,ZanLHH03
26789,ZanP6705
26790,Zan47R30
26791,ZanO5E16
26792,Zan2YU03
26793,ZanI0S28
26794,Zan63J19
26795,ZanQ9746
26796,ZanZMB57
26797,ZanJOV11
26798,ZanWMF22
26799,ZanZB017
26800,Zan9Z9E35
26801,ZanM6KR15
26802,ZanI7IE15
26803,ZanYQHL10
26804,Zan3J9J43
26805,ZanL8JB43
26806,Zan5QD251
26807,Zan59HC51
26808,Zan2BQN22
26809,Zan0WML18
26810,ZanPM2I37
26811,Zan8T8E13
26812,ZanH9EI44
26813,Zan4WOU09
26814,ZanLRGH45
26815,ZanC5S547
26816,Zan3WS10
26817,ZanMES12
26818,ZanGGD36
26819,ZanWJB09
26820,ZanN3W20
26821,Zan02F24
26822,ZanG2434
26823,Zan7UP38
26824,ZanV3943
26825,ZanRTC48
26826,Zan3QQ54
26827,ZanELV33
26828,ZanMX207
26829,ZanHJH22
26830,ZanWHA07
26831,ZanJQN13
26832,ZanIKG34
26833,ZanE0T55
26834,ZanGGX06
26835,ZanXUS07
26836,ZanCZQ33
26837,ZanRXL49
26838,ZanS2E00
26839,ZanK6T19
26840,ZanTP446
26841,Zan1JL03
26842,ZanLIO45
26843,ZanB5109
26844,ZanTJM03
26845,ZanQ1H39
26846,Zan5T903
26847,Zan5X630
26848,ZanDMF36
26849,ZanIJW41
26850,ZanSBJ30
26851,Zan3IV50
26852,Zan6KW43
26853,ZanO6C41
26854,ZanB5154
26855,ZanX1K36
26856,ZanITF43
26857,Zan7CH48
26858,ZanTEZ38
26859,Zan8QH55
26860,Zan20944
26861,Zan6FY22
26862,Zan3XE52
26863,ZanGHE30
26864,Zan8FL04
26865,Zan7EB58
26866,ZanV0143
26867,ZanDQK20
26868,ZanW1D32
26869,Zan8NI45
26870,ZanZ4R48
26871,Zan1GD41
26872,ZanG5J22
26873,Zan5E510
26874,ZanYQ013
26875,ZanZUB33
26876,ZanJLN10
26877,Zan36O22
26878,Zan03Y28
26879,ZanU3E51
26880,ZanEL513
26881,ZanS6R47
26882,Zan67D22
26883,ZanO8A11
26884,Zan1TK32
26885,Zan33X24
26886,Zan38800
26887,ZanX1T22
26888,ZanF0419
26889,ZanHPI54
26890,Zan3B849
26891,ZanFV637
26892,Zan2NL41
26893,Zan0C413
26894,ZanZ9H20
26895,ZanDY745
26896,ZanA6141
26897,ZanSXU02
26898,ZanV9Z37
26899,ZanDSS08
26900,ZanZKD29
26901,ZanY7856
26902,Zan0VN36
26903,Zan0P030
26904,ZanUT456
26905,ZanLXL35
26906,ZanV8T44
26907,ZanCTG08
26908,ZanASA27
26909,ZanD6T40
26910,ZanUB723
26911,Zan04G02
26912,ZanMR526
26913,Zan6O048
26914,ZanZHB10
26915,ZanIW302
26916,ZanQ1J49
26917,ZanTJP58
26918,ZanKFC14
26919,ZanXE625
26920,Zan84W59
26921,Zan8J318
26922,ZanRNJ56
26923,ZanPS104
26924,Zan9P216
26925,Zan3I813
26926,ZanD4B24
26927,ZanBQL54
26928,ZanDUV07
26929,ZanQTM01
26930,ZanK5431
26931,ZanXKX51
26932,ZanB1I27
26933,ZanQ8Z18
26934,ZanOHW51
26935,ZanC3N35
26936,Zan99S39
26937,ZanN9N47
26938,ZanH3V41
26939,Zan37Z23
26940,Zan4K715
26941,ZanP6X20
26942,ZanDX919
26943,ZanWNV45
26944,ZanM7A01
26945,Zan63514
26946,ZanSYC40
26947,Zan9DD33
26948,ZanW0GU03
26949,Zan67XP08
26950,Zan1R1618
26951,ZanIX3745
26952,Zan1SDB02
26953,ZanZXVA15
26954,ZanDSRS04
26955,ZanZD9U56
26956,ZanNKT008
26957,ZanQK0S47
26958,ZanYLU531
26959,ZanM5XL36
26960,ZanHDVX55
26961,ZanM70I44
26962,ZanG3US04
26963,ZanNZJP43
26964,ZanG46Y05
26965,Zan4OE230
26966,ZanMHFA41
26967,ZanJQGB04
26968,ZanJOA144
26969,ZanEUWF11
26970,ZanNXUU24
26971,ZanRNN423
26972,ZanO4RV50
26973,ZanBU7530
26974,ZanTSR553
26975,ZanJXQZ50
26976,ZanB30444
26977,Zan6IET27
26978,ZanFZSF27
26979,Zan4C8638
26980,ZanJJLS50
26981,ZanSF8S05
26982,Zan51GY02
26983,ZanLCB733
26984,ZanBALC05
26985,ZanE05F33
26986,ZanPY1426
26987,ZanS2X925
26988,ZanKRIZ32
26989,ZanR6DQ17
26990,Zan4DGM44
26991,Zan4LLN00
26992,ZanE8DZ11
26993,ZanUQPY27
26994,ZanV2VW12
26995,ZanTIQG44
26996,Zan2UQV38
26997,ZanZNF717
26998,ZanV2XW48
26999,Zan7HUC50
27000,ZanFTIH16
27001,ZanYB5K37
27002,ZanQRHK39
27003,ZanQTUW04
27004,ZanGB2227
27005,Zan8TUS35
27006,ZanZRNB17
27007,Zan8ZL858
27008,ZanI2T239
27009,ZanBEBZ08
27010,ZanDO8I49
27011,ZanT7Z601
27012,ZanD6GW13
27013,ZanK2MX48
27014,ZanZHA806
27015,ZanP1PX24
27016,ZanD93K56
27017,ZanGHVV24
27018,ZanU7VG14
27019,Zan5LT202
27020,ZanP1J337
27021,ZanE6DM41
27022,Zan65GD25
27023,ZanLIQT47
27024,ZanO31F37
27025,ZanE92F46
27026,ZanSLLT53
27027,ZanEO1923
27028,ZanWHHX34
27029,Zan3Z0V10
27030,Zan4UV439
27031,Zan383I42
27032,ZanMIQU42
27033,ZanH92938
27034,ZanR92M53
27035,ZanRWBM59
27036,ZanJ4JB26
27037,ZanET1L20
27038,Zan4EKD32
27039,Zan2RK231
27040,Zan6IQ702
27041,ZanQVRE56
27042,ZanFT9Z24
27043,ZanQTUR37
27044,Zan1FP231
27045,ZanQHOU31
27046,ZanXCLZ15
27047,ZanMETS22
27048,ZanZX5A23
27049,ZanOVWC42
27050,ZanFLLY33
27051,ZanQ1A033
27052,Zan142A57
27053,ZanSQ8V25
27054,ZanV6HL35
27055,NasYF4340
27056,NasM3B112
27057,NasK88I32
27058,NasR2JI11
27059,Nas1G9819
27060,NasBQO106
27061,Nas3PDS26
27062,NasLKJT02
27063,NasWNQ329
27064,NasF0B444
27065,NasBGK202
27066,NasHO9H07
27067,NasRMVD24
27068,NasIPN152
27069,Nas5EM148
27070,NasQMG454
27071,NasEW7G43
27072,NasFHAY39
27073,NasZI2207
27074,NasYTQJ39
27075,NasWPXE00
27076,NasJJYB35
27077,NasCUD538
27078,Nas6FDT57
27079,Nas9ICG04
27080,NasC02T14
27081,NasI4ZS59
27082,NasIXK446
27083,NasPEPC20
27084,Nas9R6P23
27085,NasQJON33
27086,NasG98N22
27087,NasRL7957
27088,NasANFP09
27089,NasCQY914
27090,NasZA4735
27091,NasAH8J03
27092,NasV6MV37
27093,NasDRNW51
27094,Nas6SXG50
27095,Nas1AGE18
27096,NasB7X113
27097,Nas3FG452
27098,NasJ0NZ49
27099,NasQ8GC29
27100,NasY2T547
27101,NasYWW207
27102,Nas240G51
27103,Nas064Q51
27104,NasJGJU19
27105,Nas9D8H43
27106,NasS4ZD54
27107,NasDJ7Q22
27108,NasUF7030
27109,NasAXT601
27110,NasA89821
27111,NasF4SQ26
27112,NasOZEG54
27113,NasBKKT48
27114,NasTZ3U39
27115,NasXZG635
27116,NasC4I549
27117,NasD1BM34
27118,NasWRSO21
27119,NasI5ZL46
27120,Nas1FQV06
27121,NasW0SP34
27122,Nas5OZL21
27123,Nas7LFV22
27124,NasFU1512
27125,NasELPU32
27126,NasOFVB48
27127,Nas4O5850
27128,NasJG4P45
27129,NasYLZ905
27130,Nas6FNX41
27131,NasKBWB04
27132,NasUPUO09
27133,NasDVH655
27134,NasVPKE21
27135,Nas2OJB41
27136,NasL3JU23
27137,Nas4NBN52
27138,NasEKQN41
27139,Nas4LNM25
27140,NasD76641
27141,NasCYTN53
27142,C-NasR0B4W40
27143,C-Nas2MNFL31
27144,C-NasW63SH32
27145,C-NasMULVV55
27146,C-Nas8TIAY22
27147,C-NasAHYD637
27148,C-NasAVPBD20
27149,C-NasJKNWC12
27150,C-NasIVRMB26
27151,C-NasAHFWQ05
27152,C-NasMOB8T29
27153,C-Nas186U837
27154,C-NasOMELO50
27155,C-NasW232503
27156,C-NasB8OJD35
27157,C-NasWJ2M812
27158,C-NasQ3LRT19
27159,C-NasWYV7M00
27160,C-NasIDR5B06
27161,C-NasHOKTC56
27162,C-Nas13EC403
27163,C-NasZX8JT00
27164,C-NasHP7LB15
27165,C-Nas3ZS9X57
27166,C-NasOVMU257
27167,C-Nas6KYP526
27168,C-NasBGGNJ16
27169,C-NasZOCOD23
27170,C-NasWDJF835
27171,C-NasYS76640
27172,C-NasITT7928
27173,C-NasNFD1O35
27174,C-Nas3VPAV36
27175,C-Nas3BLFQ16
27176,C-NasSI49Q58
27177,C-Nas2NX6626
27178,C-Nas3T51Y01
27179,C-NasZ2SLX16
27180,C-NasMPQHR24
27181,C-NasG6O5922
27182,C-NasLQRV240
27183,C-NasZ4QZM36
27184,C-NasPEKEV55
27185,C-NasV5LFO35
27186,C-NasPK69X59
27187,C-NasPGY3719
27188,C-NasUE61W49
27189,C-Nas6JUWU18
27190,C-NasTFEB621
27191,C-NasL3ONU58
27192,C-NasNU7M605
27193,C-Nas5T8Z500
27194,C-NasWSCPP53
27195,C-NasC9WIH23
27196,C-NasMID8243
27197,C-NasD1DTM24
27198,C-NasRSLCY57
27199,C-NasXO57716
27200,C-NasLFF4221
27201,C-Nas9HA8637
27202,C-NasP3P8K06
27203,C-Nas145FS17
27204,C-Nas8TITW17
27205,C-Nas9RL5O26
27206,C-Nas8WEDW38
27207,C-NasDXE7Z34
27208,C-NasUJMAO27
27209,C-NasF30VB13
27210,C-NasDMWRG18
27211,C-Nas91JK029
27212,C-NasHUYDE09
27213,C-NasAAW8312
27214,C-NasRRSYJ31
27215,C-NasHJH9I21
27216,C-NasUHUNP06
27217,C-NasDMVKY52
27218,C-Nas7D4KG33
27219,C-Nas8S8QC35
27220,C-Nas9CFY251
27221,C-Nas5FCUS17
27222,C-NasA3OG438
27223,C-NasUISWN09
27224,C-Nas0J1V447
27225,C-NasXCF8D05
27226,C-Nas54EZ733
27227,C-NasI0HDC01
27228,C-NasV9XPB25
27229,C-NasRKPKI53
27230,C-NasQNM7109
27231,C-NasL4ER941
27232,C-NasDS9LA18
27233,C-NasICB8H16
27234,C-NasLBKKO11
27235,C-NasF0GN620
27236,C-NasT4GF041
27237,C-Nas894XL29
27238,Nas2RT403
27239,Nas41MF05
27240,NasOQU824
27241,NasYGV330
27242,Nas7HFO20
27243,NasN7D454
27244,NasZ8BP38
27245,NasU1GU37
27246,Nas9U4424
27247,NasEPMD01
27248,Nas4Z7A11
27249,Nas3P3332
27250,Nas5X7537
27251,Nas8S4B23
27252,Nas10HX04
27253,NasFHCV17
27254,NasEKYY51
27255,NasPRLZ30
27256,NasMZKA26
27257,Nas30BT49
27258,NasT6DG17
27259,C-Nas2XST525
27260,C-NasCY01F32
27261,C-Nas4KDIP22
27262,C-NasXMIHI18
27263,C-NasTPRPZ29
27264,C-NasYTSAH54
27265,C-NasHHG7E57
27266,C-Nas2ZYHZ46
27267,C-NasTAWNK17
27268,C-NasLDPH109
27269,C-NasN3MPT15
27270,C-NasQMIR350
27271,C-NasTL80X31
27272,C-Nas73HJI50
27273,C-NasRL82009
27274,C-NasOPQUC59
27275,C-NasYMWPL32
27276,C-Nas2BG9L41
27277,C-NasYYWYN14
27278,C-Nas9JW3121
27279,C-Nas1S8NS02
27280,C-NasV2JBW06
27281,C-NasIAVAB37
27282,C-Nas6YBVG38
27283,NasZOA640
27284,NasGN1827
27285,NasZXVJ34
27286,NasBQCR21
27287,Nas3ZZ202
27288,NasFM0004
27289,NasHK9J13
27290,Nas28KB03
27291,NasU27I40
27292,Nas1GMK12
27293,NasYBEL38
27294,NasRN9Q20
27295,Nas9ZX940
27296,NasX4UO10
27297,NasBS9E57
27298,NasAGZW32
27299,Nas30OR38
27300,NasDNSU36
27301,Nas3QBC23
27302,NasY4QO19
27303,NasXKYK10
27304,NasMD2C49
27305,NasOTDL27
27306,Nas96IB35
27307,NasX77A11
27308,Nas2KSF15
27309,KeaVDUK52
27310,KeaD2JB43
27311,KeaJ1FI01
27312,KeaQTPD35
27313,Kea3QNP12
27314,Kea9R0447
27315,Kea4H2525
27316,KeaMUZE21
27317,KeaMP5X07
27318,KeaK4Q928
27319,KeaAR9G40
27320,KeaUR7I29
27321,KeaJ0W745
27322,Kea2TM10
27323,KeaGY520
27324,KeaCGD22
27325,KeaOIY06
27326,KeaYFS08
27327,Kea7I557
27328,KeaRF809
27329,KeaUC813
27330,KeaUVM28
27331,KeaMDC25
27332,KeaTQJ55
27333,Kea9TH18
27334,KeaBRP04
27335,KeaMC813
27336,Kea0VR16
27337,KeaDN216
27338,Kea3F413
27339,KeaSCI21
27340,KeaOOQ35
27341,Kea1YZ19
27342,KeaO2S07
27343,KeaYAQ16
27344,KeaSRB13
27345,KeaJJY53
27346,Kea14T16
27347,Kea88A25
27348,KeaVC240
27349,KeaIJC37
27350,Kea0K029
27351,KeaNBK56
27352,KeaRGK31
27353,KeaEF341
27354,KeaTJI44
27355,KeaT7Y40
27356,KeaVN646
27357,KeaWWB29
27358,Kea9AV54
27359,KeaR8T30
27360,KeaG2204
27361,KeaE9405
27362,KeaJDE36
27363,Kea4K616
27364,KeaELQ03
27365,KeaHQJ37
27366,KeaIBJ39
27367,Kea0AP58
27368,Kea6YY032
27369,Kea3HPK31
27370,Kea6YRO17
27371,KeaQM8212
27372,KeaY8XF02
27373,Kea5QD027
27374,KeaZWWX41
27375,Kea0NW327
27376,KeaM0P253
27377,KeaRD3E30
27378,Kea176K53
27379,KeaA3W807
27380,KeaYFY503
27381,Kea9K5U31
27382,KeaGJM401
27383,KeaNR2C36
27384,Kea5RWV41
27385,KeaUUPR26
27386,KeaREWM23
27387,KeaV75Z40
27388,Kea6DF423
27389,KeaZ8JB31
27390,KeaGYAT43
27391,KeaTLHN20
27392,KeaTLDR49
27393,KeaTKGU34
27394,KeaLHR740
27395,Kea29QA48
27396,KeaBSEO43
27397,KeaBECT37
27398,KeaH8S428
27399,KeaLCT20
27400,Kea27E28
27401,Kea5N056
27402,KeaK1M42
27403,KeaNSW18
27404,KeaAML08
27405,Kea2HT08
27406,KeaWHR54
27407,KeaRVZ37
27408,KeaH0B10
27409,Kea1UV21
27410,KeaFBA07
27411,KeaG0O31
27412,KeaFWC15
27413,Kea6RH44
27414,Kea9UC25
27415,KeaKSC46
27416,KeaZQK24
27417,KeaFU621
27418,Kea19WV05
27419,KeaGM859
27420,KeaZCR43
27421,KeaZTF11
27422,KeaU17343
27423,Kea0G0108
27424,KeaGYUL01
27425,KeaB1RF46
27426,KeaS4Q422
27427,KeaM95Y19
27428,Kea8K3Q17
27429,KeaJ66S27
27430,KeaLU1715
27431,KeaRKM30
27432,KeaM5D05
27433,KeaAYF06
27434,KeaE9F46
27435,KeaF8K23
27436,Kea58131
27437,Kea54B39
27438,Kea98R51
27439,KeaUXT25
27440,Kea2UV15
27441,Kea9RQ37
27442,KeaVR601
27443,KeaQT740
27444,Kea20750
27445,Kea3Y456
27446,Kea72M59
27447,Kea8ET18
27448,Kea9EY42
27449,KeaQA418
27450,KeaEYD48
27451,KeaBOL32
27452,KeaKK801
27453,Kea81B32
27454,Kea5YA05
27455,Kea0VN02
27456,KeaDF426
27457,KeaMFC02
27458,KeaA7E11
27459,KeaCOC01
27460,Kea1EC56
27461,KeaTDB26
27462,KeaXOD59
27463,Kea1L619
27464,KeaXR903
27465,Kea5T952
27466,KeaYS617
27467,KeaBA202
27468,KeaPNK15
27469,Kea5FZ30
27470,KeaNQ949
27471,Kea9WA16
27472,KeaLCI49
27473,KeaXUS40
27474,KeaV9D01
27475,KeaCX227
27476,KeaNJM04
27477,KeaJI6720
27478,KeaAWWU12
27479,KeaVIGE03
27480,KeaLDL029
27481,KeaPPM854
27482,KeaHM7V44
27483,KeaQJX411
27484,KeaKUOP19
27485,Kea9DRG26
27486,KeaDTGK58
27487,Kea94JF14
27488,Kea7Y1N01
27489,Kea82IH42
27490,Kea1LE719
27491,KeaKAZM32
27492,Kea907018
27493,Kea808249
27494,KeaA7TO10
27495,KeaVPM558
27496,KeaKK2A12
27497,KeaOBYF18
27498,KeaQ7OJ27
27499,KeaN7P025
27500,KeaSNRV37
27501,KeaL1UF55
27502,KeaPAGO40
27503,KeaGO7623
27504,KeaESEW05
27505,KeaCR7L52
27506,KeaOBU956
27507,Kea4OTR32
27508,KeaPSJD46
27509,KeaNP8G29
27510,KeaUE1H23
27511,KeaVVM453
27512,Kea3SAD08
27513,KeaNOVY03
27514,KeaPM4B29
27515,KeaFHQQ02
27516,KeaZZBG57
27517,KeaHSI156
27518,Kea06ZK53
27519,Kea7C2337
27520,KeaZRUI19
27521,Kea8DFD02
27522,KeaGZBW50
27523,KeaWE3735
27524,KeaLTT853
27525,KeaP1Q146
27526,KeaFZ2J46
27527,KeaMGMZ49
27528,KeaNK4S37
27529,Kea9A5104
27530,KeaN2AB24
27531,KeaYMVS13
27532,KeaIS1718
27533,KeaH2IG36
27534,KeaTDOJ39
27535,KeaZZK340
27536,KeaVZS344
27537,KeaH53E08
27538,KeaJF3024
27539,KeaTMRG40
27540,KeaLXJA41
27541,Kea641T29
27542,C-DomWWHZF23
27543,C-DomJJVME52
27544,C-DomWR0A540
27545,C-DomUFRCL38
27546,C-Dom7SK8U50
27547,C-DomIU2DG16
27548,C-DomY0M0N13
27549,C-DomCN4ON52
27550,C-DomU7ZQC07
27551,C-Dom3U2PL34
27552,C-DomJYPD926
27553,C-DomDHBBN31
27554,C-DomCBX5419
27555,C-DomOKMNU42
27556,C-DomR6UT819
27557,C-DomXIBTG08
27558,C-DomP2VB917
27559,C-DomCUI0839
27560,C-DomWUAIH01
27561,C-DomEDML558
27562,C-DomQ1KSA16
27563,C-Dom2ZW7J25
27564,C-DomTYEKS33
27565,C-DomQZIVB50
27566,Dom8GG13
27567,Dom3KE37
27568,Dom7DF05
27569,DomGZF08
27570,DomQET01
27571,DomWAL44
27572,DomHDT23
27573,DomC4314
27574,DomS0P40
27575,DomXI117
27576,Dom7YV14
27577,DomUW532
27578,DomF2Q40
27579,DomUUH29
27580,Dom5GB09
27581,Dom2F210
27582,Dom93G27
27583,Dom93K18
27584,DomMI145
27585,DomZX048
27586,DomALV25
27587,DomLXW12
27588,Dom2CT13
27589,DomY9S55
27590,DomL4242
27591,DomH2035
27592,DomFWF32
27593,Dom2K202
27594,DomF3C10
27595,DomP6754
27596,Dom8CJ49
27597,DomSIB05
27598,DomOUH30
27599,DomB3241
27600,DomRC107
27601,DomZE333
27602,DomDGB44
27603,Dom6S310
27604,Dom0QI34
27605,Dom5W316
27606,DomT7K04
27607,DomW3552
27608,DomG3L06
27609,DomPJ906
27610,DomK4N22
27611,DomLZ700
27612,DomHX047
27613,Dom4LV37
27614,DomW4218
27615,DomRUN10
27616,DomGWX00
27617,DomUXG07
27618,DomXKM02
27619,Dom8VN14
27620,Dom6C532
27621,DomBRO19
27622,DomIL607
27623,DomH1Q36
27624,DomB6O08
27625,DomV1C02
27626,DomEIO56
27627,DomGNP07
27628,DomSF325
27629,Dom7FO17
27630,DomPCJ33
27631,DomGD746
27632,DomV6Y09
27633,Dom34Q30
27634,Dom1XR00
27635,Dom75V10
27636,DomXSQ18
27637,DomOJ135
27638,DomVI739
27639,DomALQ20
27640,DomIP045
27641,DomPZS02
27642,DomQ0343
27643,DomTX351
27644,Dom8R247
27645,DomAWS54
27646,Dom6X622
27647,DomVKG05
27648,DomAMW44
27649,Dom9BS47
27650,Dom7L800
27651,DomF9N35
27652,DomQHP03
27653,Dom27Z26
27654,DomDAM54
27655,DomVDL28
27656,DomXIM06
27657,DomILI37
27658,DomKEV15
27659,Dom3NT25
27660,DomCEX01
27661,DomNZL26
27662,Dom4KU47
27663,DomSNN25
27664,DomBA106
27665,DomV7Q41
27666,DomTKV05
27667,DomF3F33
27668,DomZP200
27669,DomWUC17
27670,DomM4M05
27671,Dom30I13
27672,DomE8B10
27673,DomNWQ48
27674,DomPVK24
27675,Dom43P21
27676,Dom1S618
27677,DomIP520
27678,DomJ7124
27679,DomBOD23
27680,DomUWB25
27681,C-DomGGDIM40
27682,C-DomJTCYB51
27683,C-Dom0F4H854
27684,C-DomUCZDG46
27685,C-DomNQ2EK52
27686,C-Dom8LKKY49
27687,C-Dom7ENI149
27688,C-DomAVNLH08
27689,C-DomMUGCD25
27690,C-DomHEIIG32
27691,C-DomDOMLA02
27692,C-DomTY22Q31
27693,C-DomAY3XJ16
27694,C-DomJOB8421
27695,C-DomY98OD46
27696,C-DomA0OS545
27697,C-DomI5R6R50
27698,C-Dom4YQN039
27699,C-Dom5BMI946
27700,C-DomDATU251
27701,C-DomVEFE742
27702,C-Dom2YW7850
27703,C-Dom30BHL56
27704,C-DomEVB5244
27705,C-DomFWU0M38
27706,C-DomQBOYL38
27707,C-DomKETNO28
27708,C-DomLJWFG31
27709,C-Dom07HMJ28
27710,C-DomJI9CK07
27711,C-DomLXMLH26
27712,Dom34348
27713,DomAYV38
27714,C-DomB52I902
27715,C-DomO9HX636
27716,C-DomKZN3Q19
27717,C-Dom2TEI447
27718,C-DomGXFTS43
27719,C-DomMAG8G26
27720,C-Dom0R7EA25
27721,C-Dom1I8E130
27722,C-DomIMD7217
27723,C-DomEVTLO07
27724,C-DomDRE6U52
27725,C-DomNTD0L03
27726,C-DomQ882O18
27727,C-Dom07L3Y19
27728,C-DomGXXX153
27729,C-DomZSP3E53
27730,C-DomPIMWP09
27731,C-DomPSDGH42
27732,C-DomILSX522
27733,C-Dom1UUQ355
27734,C-DomQLAM328
27735,C-DomMPUEQ06
27736,C-DomLDKKR25
27737,C-DomWVQ2558
27738,C-DomLZD6938
27739,C-DomL7ZWU50
27740,C-Dom56ZEB01
27741,C-DomHORGL59
27742,C-DomH2I6Q21
27743,C-Dom2YAOY39
27744,C-DomWTJSQ12
27745,C-Dom78Q7N51
27746,C-DomG6WFU29
27747,C-DomL45W125
27748,C-Dom6OZJW50
27749,C-DomZSFXV27
27750,C-DomK29LA57
27751,C-DomO6O6P00
27752,C-DomYX1FG44
27753,C-DomCQXZO06
27754,C-DomTF8XP26
27755,C-Dom0V7GR02
27756,C-Dom292MX32
27757,C-DomJEYCQ01
27758,C-DomQNWTV35
27759,C-Dom0NRKF04
27760,C-DomKD40E23
27761,C-DomR5B7552
27762,C-DomT76DI39
27763,C-DomEH3PF00
27764,C-DomXWEWR00
27765,C-Dom500Q834
27766,C-DomWKRHL12
27767,C-DomAAMOV58
27768,C-DomCNRYH43
27769,C-DomJPBUJ29
27770,C-DomGWDKT43
27771,C-DomZQEHS01
27772,C-DomQ7NXG58
27773,C-DomNAC7713
27774,C-Dom60MRN46
27775,C-Dom6NEIY05
27776,C-DomIOB3F53
27777,C-DomH24EY45
27778,C-DomCYL1H39
27779,AweFK317
27780,AweD8M49
27781,Awe7VG49
27782,AweST540
27783,AweBVU09
27784,AweQRJ42
27785,AweDA909
27786,AweWNF30
27787,Awe98Q06
27788,Awe1P519
27789,AwePXY27
27790,AweUZR39
27791,AwePCG15
27792,Awe7B721
27793,AweX3V26
27794,AweOTA27
27795,AweMZ717
27796,AweM8740
27797,AweX2I39
27798,AweXPH35
27799,Awe3RW51
27800,AweSY148
27801,Awe4LP20
27802,AweG6J45
27803,AweW6C05
27804,AweR7O23
27805,AweY7043
27806,Awe50918
27807,AweBYG39
27808,AweCY016
27809,AweH1S53
27810,Awe95I36
27811,AweDI751
27812,Awe7G230
27813,AweUD409
27814,AweCBL08
27815,AweV2W01
27816,AweCW344
27817,AweKGD51
27818,AweC6D13
27819,AweR3K15
27820,Awe40214
27821,AweMDR10
27822,AweNA250
27823,AweKVU44
27824,Awe46O29
27825,AweWHI44
27826,AweI4338
27827,Awe7A356
27828,AweZJ544
27829,AweHR828
27830,AweLKP21
27831,AweDX748
27832,AweJJ755
27833,AweZ6N36
27834,AweEHW47
27835,Awe02E46
27836,Awe7F204
27837,AweES744
27838,AweZDT15
27839,AweS6M02
27840,Awe7IR03
27841,AweLWE53
27842,AweC6040
27843,AweSQY19
27844,AweW5146
27845,Awe8CG48
27846,AweFRB18
27847,AweL6A32
27848,AweH9134
27849,AweAM354
27850,Awe18Y57
27851,AweJD429
27852,AweSYU27
27853,AweF6U59
27854,AweZPS48
27855,AweZBV32
27856,AweQ0Q12
27857,AweC6926
27858,Awe4YE14
27859,AweIB400
27860,AweBYZ27
27861,AweZVI47
27862,Awe24121
27863,AweP4H14
27864,Awe7A503
27865,AweD8X34
27866,AweGZX03
27867,AweY7B39
27868,AweTGM40
27869,AweCBH53
27870,AweXIN42
27871,AweLW158
27872,AwePKC27
27873,Awe01B54
27874,Awe2CL50
27875,AweBX904
27876,Awe9KX33
27877,AweKE958
27878,AweV2657
27879,AweW7M11
27880,AweI8Z05
27881,AweQL749
27882,AweZGK49
27883,AweQVE57
27884,AweGJO31
27885,AweY7N03
27886,AweQ8Q58
27887,AweG7204
27888,AweH8A07
27889,Awe67E57
27890,Awe2YB22
27891,AweBF500
27892,Awe0MQ02
27893,Awe0EV32
27894,AweX3X56
27895,AweK0W56
27896,AweRZZ06
27897,AweDBJ59
27898,AweUMY42
27899,AweAKV58
27900,AweUMC24
27901,AweVJC37
27902,AweQX519
27903,Awe5N610
27904,AweBTY41
27905,Awe60C58
27906,AweZPP52
27907,AweNPH02
27908,AweE5425
27909,AweW2R28
27910,AweSN204
27911,C-AkaS40H137
27912,C-Aka40LAI13
27913,C-AkaN7HP233
27914,C-AkaOMYP747
27915,C-AkaL5O0355
27916,C-AkaYFDBN32
27917,C-Aka0XJN212
27918,C-AkaTTCZ128
27919,C-Aka0BLL337
27920,C-AkaUN1G057
27921,C-AkaMQ43A51
27922,C-AkaVHU9654
27923,C-AkaMIGUF05
27924,C-AkaQLYEZ09
27925,C-Aka8AE1Y31
27926,C-AkaAM9RM04
27927,C-AkaGIDIU48
27928,C-AkaMTQT008
27929,C-Aka3RJXA04
27930,C-AkaCI4C837
27931,C-Aka7JAW350
27932,C-AkaJM7C645
27933,C-Aka6BEL202
27934,C-Aka2MGZ346
27935,C-AkaU271N40
27936,C-AkaTJAW144
27937,C-AkaCNW3107
27938,C-Aka51W3S44
27939,C-AkaCIBGA18
27940,C-Aka9AACN21
27941,C-AkaDV2CU05
27942,C-Aka0I5TC15
27943,C-AkaE2QG706
27944,C-AkaPI3Y314
27945,C-AkaRU3BF51
27946,C-AkaJUFYL59
27947,C-AkaBLYYN22
27948,C-AkaQJEIJ57
27949,C-Aka5M4B950
27950,C-AkaF8AWV59
27951,C-Aka1C4F509
27952,C-Aka1YZ3X40
27953,C-AkaYY52040
27954,C-Aka9YNL513
27955,C-AkaXUUOM38
27956,C-AkaYSPEJ37
27957,C-Aka607ZO20
27958,C-AkaSE8Y257
27959,C-Aka4H2S840
27960,C-AkaSEE5O33
27961,C-AkaXRQBE03
27962,C-Aka8KI5A37
27963,C-AkaV5LO455
27964,C-AkaRD9FK35
27965,C-Aka0CVKN54
27966,C-AkaQP1K131
27967,C-AkaAIWZ055
27968,C-Aka8EFQX05
27969,C-AkaUA42X27
27970,C-AkaV4SUE36
27971,C-Aka4E6SJ32
27972,C-Aka4784H53
27973,C-Aka6FX8E21
27974,C-AkaU3SV225
27975,C-AkaEDIRH06
27976,C-AkaUXXV524
27977,C-AkaNVEB442
27978,C-AkaTUMP450
27979,C-Aka712A858
27980,C-AkaO91GW05
27981,C-AkaO426H58
27982,C-Aka67BBK04
27983,C-AkaWJLND20
27984,C-AkaN595E55
27985,C-AkaU6U7J18
27986,C-AkaMD6LU04
27987,C-AkaIXCGQ28
27988,C-AkaGFDQJ35
27989,C-AkaGVSCG39
27990,C-Aka54E9C07
27991,C-AkaYYN1B08
27992,C-Aka1ICQ045
27993,C-Aka16UXR29
27994,C-AkaBAARX12
27995,C-AkaOJR4D43
27996,C-AkaW4OXZ58
27997,C-Aka3PZRS12
27998,C-AkaQIBJN08
27999,C-AkaOC5RB51
28000,C-Aka11OKM20
28001,C-AkaZM7FJ28
28002,C-AkaKLU5R29
28003,C-AkaEG4UX36
28004,C-AkaTHDBU19
28005,C-AkaKKVDI31
28006,C-AkaXMBTH05
28007,C-AkaBM18705
28008,C-AkaUZ9LB17
28009,C-Aka7ELL549
28010,C-Aka96OJS57
28011,C-AkaQ06V101
28012,C-AkaQ1E9P52
28013,C-AkaN4M0L20
28014,C-AkaDIZM023
28015,C-AkaFOAQL55
28016,C-AkaQI1SC22
28017,C-Aka24L9G52
28018,C-AkaVFS9019
28019,C-AkaZMKVN25
28020,C-AkaJNNNI37
28021,C-AkaK6O0R04
28022,C-Aka2HIHE22
28023,C-Aka1JU7V29
28024,C-AkaQ9KFM54
28025,C-Aka9WB0Z37
28026,C-AkaN7OJI52
28027,C-AkaBTZD945
28028,C-AkaHH6UD21
28029,C-AkaZR5LW04
28030,C-AkaP2TY716
28031,C-AkaGUHN327
28032,C-AkaA6TOV23
28033,C-AkaBI0S211
28034,C-Aka2927B28
28035,C-AkaPZR8X10
28036,C-AkaO20BX38
28037,C-Aka702G720
28038,C-AkaMHW4K06
28039,C-Aka08CMQ19
28040,C-Aka8MI3R10
28041,C-Aka5IR0018
28042,C-AkaFGCS501
28043,C-AkaVI5HF43
28044,C-AkaBIQWX41
28045,C-AkaS1K2D23
28046,Laf57GO27
28047,LafN72S52
28048,LafIW0E24
28049,Laf0SSY35
28050,Laf21QO19
28051,LafDKDL52
28052,LafWZP647
28053,LafIDTI25
28054,LafRP0V28
28055,LafXP7A00
28056,Laf6ZSJ56
28057,Laf5QT301
28058,LafN49G47
28059,LafOQIL13
28060,Laf5C3216
28061,Laf0A9922
28062,LafENSX25
28063,LafI7YF43
28064,LafRS5U25
28065,LafPPY842
28066,LafUJRE45
28067,LafKIML31
28068,LafO5ZY57
28069,LafXL1621
28070,LafAJH050
28071,LafMJ3443
28072,Laf8IXJ42
28073,LafD7UT02
28074,Laf1EKS39
28075,Laf1KTI37
28076,C-LafBX9NW28
28077,C-Laf51JFB31
28078,C-LafMBD5I50
28079,C-LafVXLC834
28080,C-LafZ08UM59
28081,C-LafMADNF16
28082,C-LafYSBOU15
28083,C-Laf9BNHE17
28084,C-LafRIUUN45
28085,C-LafS04CF44
28086,C-Laf5ZP8W53
28087,C-Laf82Q7Z23
28088,C-LafXIO5L33
28089,C-LafZDEAX17
28090,C-LafDA5RB24
28091,C-Laf4JJXE07
28092,C-Laf9VC4806
28093,C-LafUBOHF57
28094,C-LafKHHKG56
28095,C-LafZO4ZW41
28096,C-Laf8ETXN03
28097,C-LafGGA9N10
28098,C-Laf608M845
28099,C-LafEMXGD13
28100,C-LafYQ3H241
28101,C-Laf21NY457
28102,C-LafE568W05
28103,C-LafXLWUB52
28104,C-LafAVPMB33
28105,C-LafSKH0H03
28106,C-Laf5092M00
28107,C-LafEJHSJ21
28108,C-LafV612L39
28109,C-LafLZW7C33
28110,C-LafWMWRH12
28111,C-LafFH73319
28112,C-LafF3WN521
28113,C-LafT51N538
28114,C-LafWZXKL04
28115,C-Laf1JMAM44
28116,C-Laf0VEWP56
28117,C-LafG03XH15
28118,C-Laf2MSGL10
28119,C-LafX8WCP23
28120,C-Laf4M53A30
28121,C-Laf0AC1534
28122,C-LafUXHPD13
28123,C-Laf555C430
28124,C-LafZJ6XU32
28125,C-LafWPAV234
28126,C-LafUQALO01
28127,C-LafJE5NS49
28128,C-LafM4TLM08
28129,LafBVHV15
28130,Laf4N6409
28131,LafTCF119
28132,LafVHWU25
28133,LafHXD214
28134,LafDEQE56
28135,Laf6ZMU45
28136,Laf6GVG53
28137,LafH33757
28138,LafK8YM36
28139,LafAW6H08
28140,LafKZ6R09
28141,LafOQ2Q27
28142,LafR1AM48
28143,LafJ1J528
28144,LafI72B23
28145,Laf6C2J23
28146,Laf85CP46
28147,LafDXHA13
28148,Laf9TMT31
28149,LafW40U21
28150,Laf5WZL22
28151,LafVZK105
28152,LafTL8132
28153,Laf5O1O46
28154,Laf39XA01
28155,LafM3NJ41
28156,LafAHDO34
28157,Laf05XG09
28158,LafJ6RO33
28159,Laf3DPV32
28160,LafKLH921
28161,LafV78R20
28162,LafKRCF38
28163,Laf04PD59
28164,LafM7WJ53
28165,LafA21306
28166,LafFWJA55
28167,Laf0W5M43
28168,LafRAWU49
28169,LafGRVK44
28170,LafBAZ251
28171,LafPV2J46
28172,LafD12802
28173,LafFPEL24
28174,Laf16CB25
28175,LafEUMT29
28176,LafSH5340
28177,LafGBDU58
28178,LafBONZ01
28179,LafYS1E07
28180,LafP3QF45
28181,LafLCJV17
28182,LafWMKT10
28183,LafALHO51
28184,Laf05H216
28185,LafRJCM13
28186,Laf2RX641
28187,LafYI1F12
28188,LafXW6411
28189,LafJL9E57
28190,LafXZYE54
28191,LafX73E17
28192,LafQ24X55
28193,Laf5YLT13
28194,Laf4LTI41
28195,Laf2GCK29
28196,LafM8JW26
28197,LafTRYM27
28198,LafX6RX27
28199,LafBCI328
28200,LafU60N10
28201,LafHLM552
28202,Laf9SZS05
28203,LafRNRF47
28204,Laf7QK535
28205,LafFKY532
28206,LafMOZV13
28207,Laf8KVP48
28208,LafM65I50
28209,Laf3K3B08
28210,LafY6ZL55
28211,LafH67L43
28212,Laf0LB613
28213,LafKFNB23
28214,Laf3EKB38
28215,LafJ4MM51
28216,LafX0NK17
28217,LafLMQ736
28218,LafFRVW46
28219,Laf53ID03
28220,LafQS5725
28221,LafE5OF27
28222,LafKPRF41
28223,LafOKNC00
28224,Laf2E9J21
28225,LafSVSB43
28226,Laf5OQ856
28227,Laf9QGQ53
28228,LafLLEG36
28229,LafCQJI42
28230,LafLOLI10
28231,LafL53D48
28232,Laf75GF21
28233,Laf2OGS27
28234,Laf0CYI58
28235,LafG6EV03
28236,Laf973S19
28237,C-Laf6XC6K05
28238,C-Laf72UFR18
28239,C-LafH9LXW00
28240,C-LafO9MHG34
28241,C-Laf5GGV432
28242,C-Laf0TYOY20
28243,C-LafOXOAT14
28244,C-Laf2NKAX43
28245,C-LafKWFM056
28246,C-LafW1A7229
28247,C-LafG5XCQ09
28248,C-Laf0U6JV25
28249,C-Laf6GK6I46
28250,C-LafLYT8L41
28251,C-LafNDXE139
28252,C-LafMMF7040
28253,C-LafVDUP612
28254,C-LafLMXK720
28255,C-Laf7S62F00
28256,C-LafKG8HL29
28257,C-LafAN7PL26
28258,C-LafIWLE255
28259,C-LafLY5LH04
28260,C-LafGGYXM01
28261,C-Laf3PJSW14
28262,C-Laf2QVSP12
28263,C-LafES4GK07
28264,C-Laf0EY5B49
28265,C-LafDMT7L10
28266,C-LafK7Y9T34
28267,C-LafMPSXA58
28268,C-LafQPOMR27
28269,C-Laf4HV5X49
28270,C-LafYWL1O22
28271,C-LafBPQNE38
28272,C-Laf6YN2Q10
28273,C-LafNUYLE12
28274,C-LafQUW5T53
28275,C-LafNDIVE14
28276,C-Laf22WBT36
28277,C-LafAOP6V13
28278,C-LafMQEXP37
28279,C-LafO9OGU08
28280,C-Laf3001E47
28281,C-LafS41Q917
28282,C-LafC2YV236
28283,C-Laf769OK53
28284,C-LafKF6ZM01
28285,C-LafT6J3S20
28286,C-Laf78RAY09
28287,C-LafP11H356
28288,C-LafSQKGK12
28289,C-LafXD7II25
28290,C-Laf2WITW41
28291,C-LafVUOW936
28292,C-LafYC58243
28293,C-Laf51F5B27
28294,C-LafYAQWT51
28295,C-LafA9AED35
28296,C-LafLSXQM58
28297,C-LafLCVTA41
28298,C-LafFWFK658
28299,C-LafE4YT506
28300,C-Laf9I1UJ47
28301,C-LafNZVH131
28302,C-Laf5GEIM34
28303,C-LafYHLZS58
28304,C-LafKRT2G37
28305,C-LafPFD5M26
28306,C-Laf0N0L025
28307,C-LafS3ZY305
28308,C-LafN737354
28309,ObiPVOW12
28310,Obi93A757
28311,Obi3ID708
28312,ObiMMXY32
28313,ObiUPCI58
28314,Obi4S9H32
28315,Obi01RY01
28316,ObiQHUJ28
28317,ObiDVZ237
28318,ObiU8N104
28319,Obi25VO21
28320,Obi44MX19
28321,ObiK0FU43
28322,ObiKJVC20
28323,ObiD1PT52
28324,ObiHU0I12
28325,ObiHZ9A48
28326,Obi790636
28327,ObiLQCC31
28328,Obi7RSQ24
28329,Obi2D8L01
28330,ObiSIOW30
28331,Obi71Y754
28332,ObiTE7646
28333,Obi1SRL53
28334,Obi7EEE48
28335,ObiIG9R28
28336,ObiN66E58
28337,ObiIJAG12
28338,ObiI1926
28339,ObiMHA42
28340,ObiTFK38
28341,ObiIZ516
28342,Obi2S303
28343,ObiJCA41
28344,ObiQC851
28345,ObiOUY02
28346,ObiPXL52
28347,ObiDV050
28348,Obi9U043
28349,ObiJ6O21
28350,ObiR5J21
28351,ObiZZL12
28352,Obi5B357
28353,Obi8WD33
28354,ObiVND09
28355,ObiD8447
28356,ObiYNA54
28357,ObiOGF12
28358,Obi15W01
28359,ObiYZU17
28360,ObiFOG56
28361,Obi1NY54
28362,ObiM0542
28363,ObiG7X54
28364,ObiKEJ18
28365,ObiYUV02
28366,Obi3SG52
28367,ObiRL537
28368,Obi4RK25
28369,ObiC0H15
28370,ObiVRP32
28371,ObiGKV55
28372,ObiMEB42
28373,ObiO2036
28374,Obi4ON16
28375,Obi7NH55
28376,Obi6TL48
28377,ObiEPN55
28378,ObiZI848
28379,ObiONE25
28380,ObiR4M13
28381,ObiZN748
28382,ObiM7O57
28383,ObiSYS40
28384,ObiPQV31
28385,Obi6V550
28386,Obi9KM43
28387,Obi2MF36
28388,ObiV3739
28389,ObiZ6M51
28390,ObiMVY23
28391,Obi8G636
28392,ObiUB344
28393,ObiSHD20
28394,ObiZ5U30
28395,ObiIPU09
28396,Obi3NY23
28397,ObiN0J19
28398,ObiOA512
28399,Obi6DM23
28400,ObiNYG04
28401,Obi4YR01
28402,ObiUF816
28403,ObiPJI42
28404,Obi0UZ18
28405,ObiW7327
28406,ObiGX843
28407,ObiZ7609
28408,ObiJON43
28409,ObiZLB03
28410,Obi95M56
28411,ObiX2G42
28412,ObiNDE46
28413,Obi6ET12
28414,Obi8VS25
28415,ObiV9N36
28416,ObiYUS52
28417,ObiQKO42
28418,ObiYZK45
28419,ObiJ3033
28420,ObiW0Y44
28421,ObiCED43
28422,Obi5SQ44
28423,Obi94C32
28424,Obi98G59
28425,Obi49Z23
28426,ObiI7G52
28427,ObiOAQ38
28428,ObiOZT51
28429,Obi15L44
28430,ObiFGO58
28431,ObiJ0I11
28432,ObiIL943
28433,ObiI9C57
28434,ObiVS812
28435,ObiHV845
28436,Obi2UW16
28437,ObiQEO36
28438,ObiLR141
28439,ObiVLW01
28440,ObiIU428
28441,Obi78I48
28442,Obi6U548
28443,Obi3BY25
28444,ObiUOO45
28445,ObiMDY15
28446,Obi3Z028
28447,ObiTXB08
28448,ObiCO205
28449,Obi6BT11
28450,ObiKZL32
28451,ObiY0I29
28452,Obi2GE43
28453,Obi9CB54
28454,ObiGO334
28455,ObiU3U55
28456,ObiI8525
28457,Obi2AK49
28458,ObiPWM30
28459,ObiLS201
28460,ObiGU431
28461,Obi1F613
28462,Obi8FD22
28463,ObiONM26
28464,ObiL6O10
28465,Obi9AK07
28466,Obi46N42
28467,Obi0PV12
28468,Obi1I604
28469,ObiDGP02
28470,Obi6DL29
28471,ObiPPQ49
28472,Obi86B26
28473,ObiXPG40
28474,Obi9B907
28475,Obi9SP26
28476,ObiLU434
28477,ObiISH46
28478,Obi9UO04
28479,Obi2ST15
28480,ObiXJ646
28481,ObiSDT00
28482,Obi28R36
28483,ObiUAL35
28484,Obi9MJ56
28485,Obi0JK05
28486,Obi78023
28487,ObiOTV38
28488,Obi3RZ29
28489,Obi0UA26
28490,ObiKJA46
28491,Obi16L14
28492,ObiYVS58
28493,Obi4VS51
28494,Obi8FK11
28495,ObiC2H31
28496,Obi0DZ28
28497,ObiCPT35
28498,ObiS4316
28499,ObiP7B10
28500,ObiMZB15
28501,Obi6H756
28502,Obi7G448
28503,ObiHMP51
28504,Obi7AB45
28505,ObiYPE21
28506,ObiJQG34
28507,Obi6UY25
28508,ObiXJF23
28509,ObiVYD23
28510,ObiNVW51
28511,ObiU9Z41
28512,ObiA8M11
28513,ObiMG221
28514,ObiAJ917
28515,ObiMSD46
28516,ObiIMB28
28517,Obi6MA05
28518,ObiD3AA37
28519,ObiIRLX05
28520,ObiYIRA14
28521,ObiDBJG34
28522,ObiYLC142
28523,ObiCBMN17
28524,ObiZGWB54
28525,ObiGSGF22
28526,ObiN85A45
28527,ObiGPO601
28528,Obi4WCV51
28529,Obi6SN002
28530,ObiZJUO06
28531,Obi6EB00
28532,Obi4GK15
28533,ObiWLD02
28534,ObiGKK57
28535,ObiCH631
28536,ObiSCZK07
28537,ObiM3NR13
28538,Obi3DQ328
28539,Obi20NW09
28540,ObiKYJ32
28541,ObiP6P02
28542,ObiN6E01
28543,ObiZZL24
28544,Obi8CF43
28545,ObiWOA32
28546,ObiYXP27
28547,Obi94N51
28548,ObiDF728
28549,ObiCIW49
28550,ObiBXK01
28551,ObiKFP42
28552,ObiTLL05
28553,ObiM8230
28554,ObiDMN33
28555,ObiR0309
28556,ObiE7N17
28557,ObiC7N16
28558,ObiT2P47
28559,Obi9X805
28560,ObiYLN37
28561,ObiI0P07
28562,Obi7PX32
28563,ObiNOU05
28564,Obi3TS21
28565,Obi4WE41
28566,ObiQXV02
28567,ObiYX610
28568,ObiI8R31
28569,ObiGMC01
28570,ObiXE859
28571,ObiKRW49
28572,Obi1WF37
28573,ObiCFF26
28574,ObiFBC59
28575,ObiZFO25
28576,ObiZG224
28577,Obi2F029
28578,ObiTHR46
28579,Obi7R727
28580,ObiCUB13
28581,Obi6N038
28582,ObiF9X25
28583,Obi50L05
28584,ObiBH2A03
28585,ObiBIS525
28586,ObiW1MR00
28587,ObiMH0M07
28588,ObiD9DN59
28589,ObiONS211
28590,ObiZGSM08
28591,Obi1JHP03
28592,ObiIOZ453
28593,ObiMZ5R41
28594,ObiL19Y59
28595,Obi6A2R51
28596,ObiB36T11
28597,ObiK36S04
28598,Obi5TJ254
28599,ObiHLF058
28600,ObiLKHD00
28601,Obi23SI52
28602,ObiJWNJ41
28603,ObiFX8T27
28604,ObiA4L159
28605,Obi41OK07
28606,ObiP3NU37
28607,Obi6Q7K41
28608,Obi2MV153
28609,ObiWP3Q10
28610,ObiJ8NR55
28611,Obi8AQZ56
28612,Obi59Y040
28613,ObiXXH940
28614,ObiNVL637
28615,Obi889E35
28616,Obi0ZRV33
28617,ObiW57O38
28618,ObiOBAR15
28619,Obi4PWQ58
28620,ObiD3S628
28621,ObiVH5M50
28622,ObiEK5313
28623,Obi8HDJ00
28624,ObiT3YP40
28625,Obi9VJY13
28626,ObiDNUF53
28627,ObiWHWI48
28628,ObiL84I56
28629,Obi2VPI02
28630,Obi8ZXR18
28631,ObiEPAF00
28632,Obi4MX026
28633,ObiWEDR18
28634,ObiCZ5350
28635,ObiHUUX35
28636,ObiVCKD16
28637,Obi1WHL35
28638,ObiMXBT45
28639,ObiMHA938
28640,ObiH9FY50
28641,ObiXS7K59
28642,ObiBP7A51
28643,Obi8N7I11
28644,ObiD4YV30
28645,ObiSY2I35
28646,Obi9U1P10
28647,ObiL0MQ27
28648,Obi9MX544
28649,Obi0M6R01
28650,ObiXGZ058
28651,ObiGK1935
28652,Obi1RBM54
28653,Obi7MM735
28654,ObiBQ3X42
28655,ObiLQCR14
28656,Obi0L3G24
28657,Obi5OC136
28658,GwePSY29
28659,GweQJ823
28660,GweSK512
28661,GweIU558
28662,GweAW816
28663,GweQD448
28664,Gwe4KJ39
28665,Gwe1PG01
28666,Gwe3YC03
28667,GwePR800
28668,GweUZC44
28669,Gwe7D003
28670,GweGC537
28671,GweCSG51
28672,GweYMK32
28673,GweAVA15
28674,Gwe2II52
28675,Gwe32G53
28676,GweRHI28
28677,Gwe3HM09
28678,GweX1G48
28679,Gwe30C41
28680,Gwe2KF44
28681,GweYZS54
28682,Gwe1Y124
28683,GweCF249
28684,GweULJ07
28685,GweIU946
28686,GweZT318
28687,GweEUL49
28688,GweVGY26
28689,GweF4517
28690,Gwe0Q329
28691,Gwe9KG42
28692,GweGZ833
28693,GwePGK54
28694,Gwe0FN34
28695,Gwe4TS06
28696,GweSWD29
28697,Gwe8VJ54
28698,Gwe2PP30
28699,Gwe4GY58
28700,GweY6C33
28701,GweSJZ37
28702,Gwe2M147
28703,Gwe7B514
28704,GweTY252
28705,GweGQM01
28706,GweUVE28
28707,C-GweFDPQQ24
28708,C-GweC98YF12
28709,C-GweSCCPW52
28710,C-GweX4RJS32
28711,C-GweZRIS545
28712,C-GweGV44E10
28713,C-GweJC18523
28714,C-Gwe5QMAW33
28715,C-GweRBT2228
28716,C-GweT4E6E46
28717,C-GweX8QJP26
28718,C-GweSUXB154
28719,C-GweP1XF532
28720,C-GweMBAEX04
28721,C-Gwe9RO4P49
28722,C-GweZH41913
28723,C-GweB25VR35
28724,C-GweE4MMZ33
28725,C-GweUF18W03
28726,C-GweN5DML45
28727,C-Gwe2MFHD12
28728,C-Gwe43HSG17
28729,C-GweGR7GL55
28730,C-GweTB0OH22
28731,C-GweU1TZ819
28732,C-GweJU2MI22
28733,C-GwePKU6802
28734,C-Gwe4Q21539
28735,C-GweSBFQL27
28736,C-GweBHE5Y11
28737,C-GweMPV3R37
28738,C-Gwe2714F20
28739,C-GweAHK7L47
28740,C-GweTA0OU27
28741,C-GweCXT1Z30
28742,C-GweKSNAY07
28743,C-Gwe3FQTL10
28744,C-GweDYGCS37
28745,C-GweZDW5K47
28746,C-GweSM5KV30
28747,C-Gwe1CJ0N17
28748,C-GweC3VAE34
28749,C-GweZ3G8348
28750,C-Gwe1LNYP28
28751,C-GweV72YM10
28752,C-GweBLEHN38
28753,C-GweZ420A28
28754,C-GweLZ74T01
28755,C-Gwe1X0P443
28756,C-GweP678A53
28757,C-GweHY1XN34
28758,C-GweHZYEB03
28759,C-Gwe9NAUC27
28760,C-GweDO2RC42
28761,C-GweEF8U542
28762,C-GweQRIRQ36
28763,C-Gwe0Q99219
28764,C-Gwe1MBT751
28765,C-Gwe0EM5I20
28766,C-GweJE1YR19
28767,C-GweKLQQD25
28768,C-Gwe91Z6U46
28769,C-Gwe7RJX457
28770,C-GweBBWWE12
28771,C-GweLAT3D19
28772,C-Gwe7TQ0809
28773,C-Gwe7LAKX44
28774,C-GweR6U5147
28775,C-GweWNZG210
28776,C-GweVCLG132
28777,C-GweKIE0B39
28778,C-GweH308D39
28779,C-GweAYJBK34
28780,C-GweIXWEC55
28781,C-Gwe1DLJH33
28782,C-GweIZ7M809
28783,C-GweEZ95X33
28784,C-GweEYWO314
28785,C-GweMVYSN51
28786,C-Gwe5Z68H39
28787,C-Gwe61BJ156
28788,C-GweS8GIA43
28789,C-Gwe2ONZ158
28790,C-GweWTDNR14
28791,Gwe1MK31
28792,Gwe8X217
28793,GweEHI46
28794,GweUCJ47
28795,GweDKD57
28796,GweQBY20
28797,GweX9P39
28798,Gwe6UI59
28799,GweHTH43
28800,Gwe7M252
28801,GweB5A16
28802,GweX4438
28803,GweDQ757
28804,GweV5R42
28805,GweDN142
28806,GweDAL20
28807,GweS6J00
28808,GweO4L53
28809,GweH3N10
28810,GweOQJ35
28811,Gwe85C38
28812,GweBG144
28813,GweRAS20
28814,GweI3H36
28815,Gwe4VX59
28816,Gwe93P15
28817,GweXSX14
28818,Gwe7UB54
28819,GweFUE18
28820,GweUGU56
28821,GweQ9555
28822,GweNM051
28823,GweRJH49
28824,Gwe20K00
28825,GweG0Y35
28826,GweKY159
28827,GweZ0939
28828,GweB8Q55
28829,GweJJC06
28830,GweTAY38
28831,GweIK647
28832,Gwe7DR31
28833,Gwe35103
28834,Gwe1HH08
28835,C-Gwe1075S55
28836,C-GweGIK5335
28837,C-GweWT87G05
28838,C-GweEA95836
28839,C-GweQ1OC251
28840,C-Gwe51D7L55
28841,C-GweVG52L44
28842,GweEQF17
28843,GweFT830
28844,GweR2V42
28845,GweK1E47
28846,GweWOF55
28847,GweT4F08
28848,Gwe49I13
28849,GwePBB14
28850,GweG5428
28851,Gwe1GH54
28852,GweH9W56
28853,Gwe9X545
28854,GweVON46
28855,GweS3W20
28856,GweECE02
28857,GweOXR50
28858,Gwe4PS42
28859,GweXJW27
28860,GweCGU55
28861,GweW3K31
28862,Gwe2JK24
28863,GweP2F13
28864,GweXSA02
28865,GweTRW09
28866,Gwe4EW01
28867,GweJVJ01
28868,GweVW739
28869,Gwe8B519
28870,Gwe93R26
28871,GweQUH32
28872,Gwe05721
28873,GweZAF19
28874,GweOCJ59
28875,GweVAF50
28876,Gwe11551
28877,GweGKY21
28878,GweL5057
28879,GweRHU22
28880,Gwe3RW10
28881,Gwe6A821
28882,GweLKN09
28883,GweR1518
28884,GweG4Z30
28885,Gwe3H553
28886,GweYOR08
28887,GweSKB00
28888,GweGK333
28889,GweQXH22
28890,GweL0S47
28891,GweE2709
28892,GweRHM57
28893,GweECQ56
28894,Gwe36T04
28895,GweJKV40
28896,GweL1K43
28897,GweRD850
28898,Gwe5NW48
28899,Gwe06X42
28900,GweZGG03
28901,GweBT504
28902,GweZ5V21
28903,Gwe34533
28904,Gwe36U29
28905,GweUZ233
28906,GweRST31
28907,GweUKO42
28908,GweMO218
28909,GweZZ001
28910,Gwe2UL25
28911,GweW0A38
28912,Gwe60I00
28913,Gwe4MP31
28914,GweCHV22
28915,GweJTH18
28916,GwePX844
28917,C-Gwe33YPM59
28918,C-Gwe228I320
28919,C-GweQEU0E18
28920,C-Gwe57E6C56
28921,C-GweI831F37
28922,C-Gwe8NU0542
28923,C-Gwe7PM5B49
28924,C-GweVIFTA35
28925,C-GweNC96T57
28926,C-GweUERR606
28927,C-Gwe1T45402
28928,C-GweFMFOK38
28929,C-Gwe682DG50
28930,C-Gwe5DTDG08
28931,C-Gwe26SZD38
28932,C-GweXR1R434
28933,C-GweJGN3918
28934,C-GweEAFP612
28935,C-GweLVQ9E08
28936,C-Gwe8RC1735
28937,C-Gwe9WFR838
28938,C-GweOV31F43
28939,C-GweK4LI449
28940,C-GweE2DCH40
28941,C-GweBKVVK09
28942,C-GweAKQND51
28943,C-GweQL8P650
28944,C-GweE617D12
28945,C-GweRRJOQ35
28946,C-GweRB0EC18
28947,C-GweZ2B3V50
28948,C-GweOD0T836
28949,C-GweUAHJJ06
28950,C-GweWL96019
28951,C-GweJTB2Z08
28952,C-GweOOFY455
28953,C-GwePYKQX49
28954,C-GweLZTWZ42
28955,C-GwePSS6Q20
28956,C-GweZ9CGG40
28957,C-GweTTH5L06
28958,C-Gwe4BARS06
28959,C-GweJRSP356
28960,C-GweST0PO32
28961,C-Gwe810U015
28962,C-GweV5WK529
28963,GweGD5716
28964,Gwe5G8U55
28965,GweZEUF54
28966,GweMHGI34
28967,GweKK2056
28968,GweH9S201
28969,GweUKBB37
28970,Gwe5SMF00
28971,GweEL5508
28972,GweQ29110
28973,GweZI1011
28974,GweNXLU33
28975,Gwe76EP22
28976,GweC19C53
28977,GweTFKO34
28978,Gwe0C0Q56
28979,GweL99658
28980,GweRA9013
28981,GweFLO109
28982,Gwe6EHX07
28983,Gwe3IK950
28984,Gwe136F47
28985,Gwe179341
28986,GweT42537
28987,GweYX1D01
28988,Gwe0LIU27
28989,GweKS6Q35
28990,GweJIRX06
28991,GweZAP835
28992,GweIPHX59
28993,GweQ5YP22
28994,GweDYC805
28995,GweMX2R20
28996,GweTIY821
28997,GweZ7C405
28998,Gwe35EH16
28999,GweOXPR58
29000,GweQCYK52
29001,GweXU9Q40
29002,GweDZBY00
29003,Gwe54QS22
29004,GweZUN140
29005,Gwe4GZH04
29006,GweA3YY26
29007,GweFOLL52
29008,GweI1M850
29009,GweONF415
29010,GweZBT318
29011,GweMHD253
29012,Gwe2SLM53
29013,Gwe0S3S07
29014,GweKIC939
29015,GweZEG358
29016,GweL58525
29017,GweU2TH45
29018,GweOYAK48
29019,GweNKOB40
29020,GweG37110
29021,GweFHOA55
29022,GweBTO659
29023,GweNVMI57
29024,GweHZQC40
29025,Gwe9VPD09
29026,Gwe5KDF19
29027,C-GweNBPC536
29028,C-GweDY4PX06
29029,C-Gwe0NT5U43
29030,C-GweBRLM756
29031,C-GweMI0CU28
29032,C-Gwe4R9LS52
29033,C-GweDYOMP47
29034,C-Gwe11E9K14
29035,C-GweKNF8E09
29036,C-Gwe3VNN222
29037,C-GweON3FV25
29038,C-GweHKZCZ09
29039,C-GweLXHYD14
29040,C-GweQMPOG34
29041,C-GweWLQ7R21
29042,C-GweVSGO830
29043,C-GweENXA702
29044,C-GweVRDA534
29045,C-GweUG4EL36
29046,C-GweW23R526
29047,C-Gwe9PLM702
29048,C-GweBAR2Q16
29049,C-Gwe1XSGZ20
29050,C-GweBKWEQ16
29051,C-GweUUFC748
29052,C-Gwe9JJ9345
29053,C-Gwe79IC105
29054,C-Gwe93LQ227
29055,C-GweRPQD759
29056,C-GweM6ESK31
29057,C-Gwe9SJWW30
29058,C-GweUFPF924
29059,C-GweTRZ0U45
29060,C-GweK6ZFO02
29061,C-GweFUMOV49
29062,C-GweW93J415
29063,C-Gwe31TKG40
29064,C-Gwe4DB3546
29065,C-GweTSZVN25
29066,C-Gwe5GWQ039
29067,Gwe16BX45
29068,GweTSTP57
29069,GweFZK137
29070,Gwe7BWG28
29071,Gwe1LKR28
29072,Gwe35ZS55
29073,GweM0FS22
29074,Gwe805Z26
29075,GweHK0T03
29076,C-GweB7NW412
29077,C-GweZPUNH35
29078,C-Gwe80PH734
29079,C-Gwe8QR8I37
29080,C-GweOBRAZ12
29081,GweJVMD13
29082,C-GweFNP0M14
29083,C-GweA6VYJ12
29084,C-Gwe9WQB432
29085,C-GweGM59755
29086,C-GweYTI0317
29087,C-GweS1O5734
29088,C-GweNGRHE43
29089,C-GweMIM9120
29090,C-GweJ8PPC26
29091,C-GweU9SU959
29092,C-Gwe6NVGR29
29093,C-GweS2TXV43
29094,C-GweSVICL08
29095,C-GweFLO1N31
29096,C-GweIXVOC58
29097,C-GweO9M2834
29098,C-Gwe9QCQA16
29099,C-GweXGLQI28
29100,C-GweZT2IY42
29101,C-Gwe99YY130
29102,C-GweFCC3740
29103,C-Gwe035JD55
29104,C-GweWFMCH04
29105,C-GweOB6KH30
29106,C-Gwe55DA840
29107,C-GweN4B7W15
29108,C-GweY6FRR01
29109,C-GweLUYEF56
29110,C-GwePA5E728
29111,C-Gwe8222E12
29112,C-GweSOIEH53
29113,C-GweMFTWO01
29114,C-GweRH6VY48
29115,C-Gwe2NF1I07
29116,C-GweST4XR54
29117,C-Gwe4V3Y911
29118,C-Gwe9UZUT35
29119,C-GweB6BS430
29120,C-GweURG9A52
29121,C-GweP4WDT25
29122,C-GweA10LD23
29123,C-Gwe8O67V10
29124,C-Gwe3MHX545
29125,C-Gwe0ZZ8K24
29126,C-GweM6Z3755
29127,C-GweLDTLU54
29128,C-GweO66I811
29129,C-GweZ3TJQ49
29130,C-GweUTYDF11
29131,C-GweVV7MR06
29132,C-GweSU18Z20
29133,C-GweA45U710
29134,C-Gwe82WO509
29135,C-GweK2E3308
29136,C-GweEOOQF57
29137,C-Gwe0SKOH35
29138,C-GweLCIX048
29139,C-Gwe9AW9O50
29140,C-GweVR8S423
29141,C-GweIQFS427
29142,C-GweY2E1T46
29143,C-GweIW34G37
29144,C-GweLWCIF43
29145,C-Gwe9A6KM47
29146,C-GweMTQHJ14
29147,C-Gwe5CDT342
29148,C-Gwe1AD1B46
29149,C-GweQ9JX515
29150,C-Gwe6YSI456
29151,C-GweTNV8912
29152,C-Gwe3SUGP12
29153,C-GweB93YN01
29154,C-GweUENI219
29155,C-GweVAESV06
29156,C-GweAP17405
29157,C-GweB2HU522
29158,C-Gwe2DHKK12
29159,C-GweOB2YM53
29160,C-GweHVGAL11
29161,C-Gwe6YXA412
29162,C-Gwe53ZW750
29163,C-GweQAPL630
29164,C-GweH72ZM36
29165,C-GweOLFL011
29166,C-Gwe9BV4F14
29167,C-GweWOGFT25
29168,C-GweQYERM03
29169,C-Gwe1MP6W48
29170,C-GweGQAYI36
29171,C-GweKQU4X40
29172,C-GweNYCJT45
29173,C-GweBYI0O31
29174,C-Gwe4WH9L21
29175,C-GweBSRH009
29176,C-GweYX3IO11
29177,C-GweL0Z6W47
29178,C-GweO6KQS06
29179,C-Gwe023UP18
29180,C-GweSD3IG50
29181,C-GweN0B0Z37
29182,C-GweN6RWN27
29183,C-GweWNNI705
29184,C-GweNF0KC37
29185,C-GweKET0B24
29186,C-GweZPWMM42
29187,C-GweVRRDN28
29188,C-GweE0C4M05
29189,Gwe6LB236
29190,GweL21637
29191,Gwe8DKV05
29192,Gwe4JR609
29193,GweOISS25
29194,Gwe4BOP45
29195,GweBWZK41
29196,GweVEAT58
29197,Gwe3SMY04
29198,GweOY6B28
29199,GweLI9553
29200,GweYT0O56
29201,GwePCD445
29202,GweB9V324
29203,Gwe0H7V29
29204,GweBY8353
29205,GweBOCI55
29206,GweMNZ859
29207,Gwe6S3W41
29208,Gwe09TN44
29209,GweTD1N51
29210,GweJOTP46
29211,Gwe8LHA35
29212,GweE9MC24
29213,GweX61951
29214,TarGEU437
29215,TarPESG13
29216,Tar3KGY49
29217,Tar8SQ657
29218,Tar64L454
29219,TarLKIA35
29220,TarLQL005
29221,Tar2V6639
29222,TarHIYI53
29223,TarILND02
29224,TarUCCS43
29225,Tar6Q6E13
29226,Tar0DA727
29227,TarEYCE56
29228,TarWCPU38
29229,TarQ0BQ18
29230,TarNGEN14
29231,TarBACK57
29232,TarJXCN16
29233,TarQVI230
29234,TarCX3H32
29235,C-Tar34TS109
29236,C-Tar2LCU511
29237,C-Tar9EHZV51
29238,C-TarRKMRM52
29239,C-TarR5MSA59
29240,C-TarK4LUK48
29241,C-Tar0H3UW24
29242,C-TarXW9NE16
29243,C-Tar64QD719
29244,C-TarMO62434
29245,C-TarCTMZW43
29246,C-Tar82NKE58
29247,C-TarURLJW44
29248,C-TarDUDPY52
29249,C-TarTH23310
29250,C-TarER7Z618
29251,C-TarX8YLU42
29252,C-TarT3K8Y19
29253,C-TarTIA8E39
29254,C-TarDLS5651
29255,C-TarI109H09
29256,C-TarIDEB923
29257,C-TarDR4GB25
29258,C-Tar7WWLK20
29259,C-Tar8S46616
29260,C-TarNZNLH18
29261,C-TarOX4O110
29262,TarD1R145
29263,TarHABL34
29264,TarQFE045
29265,Tar3K1U41
29266,Tar59FF57
29267,TarJ67O58
29268,TarBEF141
29269,TarH23P52
29270,C-TarZN2O634
29271,C-TarT3XZK26
29272,C-TarHLWBR28
29273,C-Tar2FN3646
29274,C-TarROIOU14
29275,C-Tar4M11Q25
29276,C-TarEQKBI34
29277,C-TarPUQ2R57
29278,C-TarXMRT532
29279,C-TarNU0RS16
29280,C-Tar5PFYE05
29281,C-TarGY99430
29282,Tar87JW33
29283,TarIL1P53
29284,Tar2FG958
29285,Tar5KFB15
29286,Mar1VSO57
29287,TarWN0728
29288,Tar1OZ034
29289,TarEO5U31
29290,TarQHPL30
29291,Tar5RD039
29292,TarK0N136
29293,TarUSRF09
29294,Tar26LF38
29295,TarORNF39
29296,TarPV8Y05
29297,TarOP9E24
29298,Tar8WES11
29299,TarO6DE51
29300,Tar20X201
29301,TarQ8M350
29302,TarK1LQ25
29303,Tar4HJ002
29304,TarZN1O42
29305,TarLTKK15
29306,TarIPVD07
29307,Tar8PDU57
29308,TarPVIQ08
29309,Tar05MH35
29310,TarM67V55
29311,TarMEJ613
29312,Tar3IDJ28
29313,TarS18L41
29314,Tar86WK13
29315,TarI7PI22
29316,TarQK5Y36
29317,Tar4U5K15
29318,TarKABS37
29319,TarIIRQ47
29320,TarPZXD30
29321,TarFLWB59
29322,TarV73U34
29323,Tar70FF58
29324,TarC9G847
29325,Tar52F629
29326,TarVKFN39
29327,TarUGUJ04
29328,TarGRCY30
29329,Tar6MCK00
29330,TarQRYK16
29331,TarSMJ728
29332,TarZBHB19
29333,TarG1DE47
29334,TarI7YQ58
29335,Tar8A9F19
29336,TarIEGC39
29337,Tar9V3B01
29338,Tar5HWV16
29339,TarX0IU41
29340,TarOGVH36
29341,TarCZSF36
29342,TarDKX809
29343,Mar5GPE02
29344,TarCEJF47
29345,TarXRBJ48
29346,Tar1HFA14
29347,TarDBFP35
29348,TarIIGC33
29349,TarDEPH22
29350,Tar0CHQ21
29351,C-TarWMTLV31
29352,C-TarQVKYC09
29353,C-Tar3ZEL329
29354,C-TarPR8YP39
29355,C-TarZHQNP49
29356,C-TarGZ4MN02
29357,C-TarZQ8IL56
29358,C-TarXGS1Y49
29359,C-TarZHSG719
29360,C-Tar8QJQM28
29361,C-Tar7OQW812
29362,C-TarCH4Z600
29363,C-TarWK7BW04
29364,C-Tar8PUB432
29365,C-Tar75U7D47
29366,C-Tar88TZQ50
29367,C-TarDYO1X28
29368,C-TarQHQMB29
29369,C-TarTBJ3K10
29370,C-TarZMX2733
29371,C-Tar0X3ZY45
29372,C-TarKR1DC52
29373,C-TarD7HLJ41
29374,C-TarA8TDL38
29375,C-TarYFGYY59
29376,C-TarWI4KT01
29377,C-Tar93ZJM58
29378,C-TarV41MX20
29379,C-TarIK5EC34
29380,C-Tar5FFEL40
29381,C-TarB9VAV39
29382,C-Tar3ZOP937
29383,C-TarP9LGD19
29384,C-TarPNCO357
29385,C-TarK8R0R18
29386,C-TarQ70BU11
29387,C-TarQ0YA348
29388,C-TarJ2O5Q27
29389,C-TarI367R34
29390,C-TarE5R9N46
29391,C-TarPLYHM19
29392,C-TarPTYO240
29393,C-TarD0WLU08
29394,C-Tar8VBSB36
29395,C-Tar68UAB13
29396,C-TarRIWP808
29397,C-Tar368S416
29398,C-Tar1A7Z819
29399,C-Tar8PGNI13
29400,C-Tar1TNPK55
29401,C-TarVPYZV05
29402,C-TarS7IVP01
29403,C-TarQAJR955
29404,C-TarBQWL811
29405,C-TarYTEU009
29406,C-TarM7KXW49
29407,C-Tar5KJ2C55
29408,C-Tar4M1QC06
29409,C-TarH6RP714
29410,C-TarEL81201
29411,C-TarIOTHA57
29412,C-TarHSYQ912
29413,C-TarVXRFR46
29414,C-TarTKW1Y33
29415,C-TarS8YO338
29416,C-TarO0RTK23
29417,C-TarMRALM06
29418,C-TarYAJR109
29419,C-TarUYT3G06
29420,C-TarGPDJS13
29421,C-TarBSPYA39
29422,C-TarC7UM048
29423,C-TarS925U19
29424,C-TarGP0PR18
29425,C-TarLX9GQ46
29426,C-TarVW9OR00
29427,C-Tar5YW6125
29428,C-Tar7G1QQ27
29429,C-TarJSSW241
29430,TarKLK847
29431,TarPUD705
29432,TarPVQL43
29433,TarG28302
29434,Tar300V43
29435,TarQ57X19
29436,TarIWI101
29437,Tar5ZJT08
29438,Tar5PRG44
29439,TarQFJ308
29440,TarP2JP31
29441,TarD3KA15
29442,MarKMFL12
29443,TarZOQP51
29444,Mar6YL022
29445,C-TarCJUV857
29446,C-TarOE3DE43
29447,C-Tar17SUT33
29448,C-TarAOHJL17
29449,C-Tar4HXKY56
29450,C-Tar9W1S608
29451,C-TarJW3DZ23
29452,C-Tar13ZZ336
29453,C-TarLT9WK29
29454,C-TarC5AFB59
29455,C-TarLV3M955
29456,C-TarFQQ0F00
29457,C-TarGA8GN42
29458,C-TarX4RRD10
29459,C-Tar0UTFM39
29460,C-TarITLI946
29461,C-TarN72XI46
29462,C-TarU9NZR30
29463,C-TarY2OHJ28
29464,OjuC07402
29465,Oju7VS405
29466,OjuPLE330
29467,OjuXTY418
29468,Oju9JZW57
29469,OjuRYTU39
29470,OjuT7P225
29471,OjuH1IR40
29472,Oju9JH317
29473,OjuCMMD50
29474,Oju60YC10
29475,OjuD4F048
29476,Oju9ICA40
29477,Oju5UGZ30
29478,OjuVMD346
29479,OjuCDGA50
29480,OjuJU7U12
29481,OjuUJW547
29482,OjuSJX537
29483,OjuSJ5A54
29484,OjuFDWE40
29485,Oju3U4716
29486,OjuZPZ738
29487,OjuF9WX22
29488,OjuLCSB38
29489,OjuGPLP13
29490,OjuOWP254
29491,OjuHV3T10
29492,Oju2EB523
29493,OjuQ9AG05
29494,OjuQM6W12
29495,OjuWNGJ14
29496,OjuHRH232
29497,Oju4WVH31
29498,OjuRJW446
29499,Oju7IF37
29500,OjuRF742
29501,Oju6Q749
29502,Oju7UR31
29503,OjuX5O02
29504,OjuC1T22
29505,OjuDPQ52
29506,Oju39114
29507,OjuX4W00
29508,OjuAG714
29509,OjuP8A00
29510,OjuS3T28
29511,OjuV4207
29512,OjuFKI59
29513,Oju4X814
29514,OjuKI557
29515,OjuKDM06
29516,OjuU5459
29517,OjuZKJ51
29518,Oju5ZO19
29519,Oju39X05
29520,OjuIEF16
29521,Oju1SM30
29522,OjuS0012
29523,OjuKU146
29524,Oju4JB22
29525,OjuRBZJ12
29526,OjuOJR228
29527,OjuJ4OM32
29528,Oju2W2B42
29529,OjuOQ5X49
29530,OjuNT3539
29531,OjuMTZO19
29532,OjuDEA615
29533,OjuHLUU36
29534,OjuAG5C57
29535,Oju6LFW26
29536,Oju961C30
29537,Oju9EWI24
29538,OjuS1YW53
29539,Oju516320
29540,OjuXNO926
29541,OjuSQA904
29542,OjuBPHA20
29543,OjuLE4N49
29544,OjuKTZI18
29545,OjuUPX608
29546,Oju6E0A29
29547,OjuGMF504
29548,OjuMSZR11
29549,OjuDY1P01
29550,OjuZDXA02
29551,OjuQL3V16
29552,Oju051L37
29553,OjuA10619
29554,OjuVWNQ30
29555,OjuHS2320
29556,OjuM5EC37
29557,OjuFVRL37
29558,OjuNH5520
29559,OjuJ0CA39
29560,OjuAC1T14
29561,Oju8R5A01
29562,OjuSXYE25
29563,Oju8EJ024
29564,OjuOW0K24
29565,OjuXOK351
29566,Oju0MM316
29567,OjuLBRR57
29568,OjuAI1I33
29569,Oju93VX32
29570,OjuJGI36
29571,OjuC4P48
29572,Oju8DS35
29573,OjuZEL29
29574,OjuORI08
29575,Oju4IZ40
29576,OjuL5G32
29577,OjuNTD32
29578,Oju6R402
29579,OjuZ8249
29580,OjuV6K24
29581,OjuAHY47
29582,OjuZQV36
29583,OjuY9212
29584,OjuWCR58
29585,Oju0FU42
29586,OjuBWS39
29587,OjuGOJ19
29588,Oju5AJ20
29589,OjuL8E06
29590,OjuZ1M22
29591,OjuD4T25
29592,OjuJ7N38
29593,OjuMT942
29594,OjuGFE47
29595,Oju0RH23
29596,OjuASV55
29597,Oju5HE28
29598,OjuCQZ49
29599,OjuGKD07
29600,OjuDMN59
29601,OjuDLV11
29602,OjuGBN08
29603,Oju6G623
29604,OjuY7S39
29605,Oju57333
29606,OjuG2813
29607,Oju47J26
29608,OjuJ2301
29609,OjuDB307
29610,OjuJPF13
29611,OjuTRW07
29612,OjuMTV50
29613,Oju4QP24
29614,OjuFN821
29615,OjuCIM16
29616,OjuBO358
29617,OjuMDV56
29618,OjuYY235
29619,Oju7MS46
29620,Oju1NM17
29621,OjuFP756
29622,OjuJD644
29623,Oju58036
29624,OjuNBX31
29625,OjuCIX26
29626,Oju27D36
29627,Oju4HK58
29628,OjuNF756
29629,OjuODH12
29630,OjuATT47
29631,Oju96149
29632,OjuK6L47
29633,OjuAQA53
29634,Oju5BP36
29635,OjuID907
29636,Oju6X014
29637,Oju6JD12
29638,OjuUI120
29639,OjuPDE46
29640,OjuSRH04
29641,OjuY7A33
29642,OjuG3I32
29643,OjuDBE01
29644,OjuXE152
29645,OjuTEC18
29646,Oju9LT21
29647,Oju08G23
29648,OjuJMR29
29649,OjuDYX34
29650,OjuXJP38
29651,OjuHO750
29652,OjuNZ320
29653,Oju5YO07
29654,Oju2UL20
29655,Oju2VA34
29656,OjuCNH38
29657,Oju6UU52
29658,OjuBHR11
29659,Oju72L48
29660,OjuBN209
29661,GumJ2V48
29662,Oju47PY55
29663,OjuBYIQ13
29664,Oju1EHV55
29665,OjuV36Y57
29666,OjuZ2M609
29667,OjuIR0M04
29668,OjuYL7D51
29669,Oju99GX17
29670,OjuP68815
29671,OjuUMIR39
29672,OjuCMXQ19
29673,OjuB8U333
29674,Oju7SU609
29675,OjuHI2332
29676,OjuG4W216
29677,OjuWDTP45
29678,OjuVOSS51
29679,OjuQYGV37
29680,OjuMBJ536
29681,OjuJULJ19
29682,OjuP45L50
29683,Oju5KNU05
29684,OjuA83E25
29685,OjuZXSD57
29686,OjuBEOB52
29687,Oju0WOA43
29688,OjuT0A852
29689,OjuOZRM44
29690,OjuAPGF39
29691,OjuYMDW27
29692,Oju1C1W52
29693,OjuONDC50
29694,OjuV0MI22
29695,OjuKR7K21
29696,GumKH628
29697,GumZYK12
29698,GumV3M31
29699,GumEGA25
29700,GumM2S12
29701,GumOYA15
29702,Gum63K44
29703,GumM2452
29704,GumR3703
29705,GumYXN52
29706,GumO6723
29707,GumDK904
29708,GumOUH22
29709,Gum86P56
29710,Gum9KB34
29711,GumC8U22
29712,GumKM958
29713,GumTS042
29714,GumHJT13
29715,GumIDK56
29716,Gum8R428
29717,GumNRM12
29718,Gum7PX51
29719,GumBZV24
29720,GumTM949
29721,Gum2S834
29722,GumD9F38
29723,GumWNY27
29724,Gum2TV04
29725,GumEM452
29726,GumXL518
29727,GumLZW03
29728,GumE6W01
29729,GumGAP50
29730,Gum3JW18
29731,GumKGT24
29732,Gum05K12
29733,GumOMN53
29734,GumDS144
29735,GumX9N10
29736,GumSWAK47
29737,GumO7SG28
29738,GumK98O19
29739,GumVSL400
29740,GumB4CK27
29741,GumF5I948
29742,Gum99WQ28
29743,Gum2PWZ54
29744,GumTRX613
29745,Gum485X05
29746,GumXPJ943
29747,GumUE5356
29748,Gum2V5D35
29749,Gum40VC39
29750,Gum9U0J14
29751,GumZK0T05
29752,Gum8Z1G19
29753,GumESNX56
29754,GumGFEJ32
29755,GumEFUI03
29756,GumHY4917
29757,GumW4XM06
29758,Gum2XOF26
29759,GumKL6123
29760,GumOF8V14
29761,GumLCMW48
29762,GumSY7B47
29763,GumBWM633
29764,Gum54CR14
29765,GumNMKL19
29766,GumM0BZ19
29767,GumXBTT34
29768,GumBXJD28
29769,Gum7LEG30
29770,GumQYW726
29771,GumC00815
29772,Gum1TOL39
29773,GumOH2C56
29774,Gum6KL220
29775,GumYLNO23
29776,GumLE2B12
29777,Gum3NA049
29778,GumW97V34
29779,GumLXHZ14
29780,GumN3ME27
29781,Gum3E6T09
29782,GumG0KH13
29783,Gum7QBZ02
29784,GumWDM830
29785,Gum8KP849
29786,GumL4Q154
29787,GumDDXA00
29788,Gum4FUK16
29789,GumGZAY27
29790,Gum4KQ617
29791,Gum3PSA30
29792,GumTAQX52
29793,Gum7PCM12
29794,Gum4AHQ02
29795,GumRRGF05
29796,Gum9SZN21
29797,Gum5ZCK48
29798,GumRVWF34
29799,GumFQY608
29800,GumSUAS19
29801,Gum2BY33
29802,Gum7YS09
29803,GumTOY33
29804,GumPO517
29805,GumY6U48
29806,Gum34Z26
29807,GumB6E59
29808,GumUX3052
29809,GumDOJ449
29810,GumWED711
29811,Gum9BKV37
29812,Gum8Q408
29813,Gum3A048
29814,GumICQ30
29815,GumMAE952
29816,GumK84D42
29817,GumXUDN39
29818,GumJOYO46
29819,Gum6BE402
29820,Gum3I6A19
29821,GumX63E40
29822,GumU1OW39
29823,GumP1CD36
29824,GumN0A251
29825,Gum716P52
29826,GumGF9V42
29827,GumM5W728
29828,GumKGAH11
29829,GumH12V57
29830,GumRV2N14
29831,GumBUDV24
29832,GumTTS00
29833,GumNZX36
29834,GumJ6L52
29835,GumWCT08
29836,Gum9HJ09
29837,GumR6S07
29838,GumW6620
29839,Gum2Y354
29840,Gum75402
29841,GumP9020
29842,GumDH406
29843,GumV5305
29844,GumJGW40
29845,GumOI406
29846,GumE4X11
29847,Gum4JI52
29848,GumS8148
29849,Gum22V59
29850,GumD1X37
29851,Gum09945
29852,GumSPK27
29853,GumT6P49
29854,GumQSZ40
29855,GumFZ313
29856,Gum0AP42
29857,GumVAQ45
29858,GumLZO46
29859,GumI8G57
29860,GumENL34
29861,GumOHW48
29862,GumV1L10
29863,GumXFZ27
29864,GumA5Q10
29865,GumKUL38
29866,GumKCA24
29867,GumZ3U54
29868,Gum7XF04
29869,GumRMJ17
29870,GumY9Q45
29871,GumLJH38
29872,GumU4E44
29873,GumDU113
29874,GumGGX47
29875,GumBKS31
29876,GumORL12
29877,Gum9QY15
29878,GumVNL59
29879,GumTPP15
29880,Gum8GC32
29881,GumR5X01
29882,GumAVJ21
29883,GumJNU54
29884,GumJZ9N30
29885,Gum4HGJ57
29886,GumC1UN30
29887,GumU4B711
29888,GumBRC924
29889,GumDB7W28
29890,GumCZR856
29891,Gum0SC100
29892,Gum4RNU54
29893,C-MarAHRB119
29894,C-MarXPQ2Z59
29895,C-Mar4DNRJ20
29896,C-MarIYNWX47
29897,C-MarDSA7108
29898,C-MarWF06Z13
29899,C-MarAIS7221
29900,C-MarLAAP814
29901,C-Mar1X2HB00
29902,C-MarOHZQE43
29903,C-Mar1MEME22
29904,C-MarEI4W052
29905,C-MarKP0UO16
29906,C-Mar8ZYS309
29907,C-Mar1YUMC36
29908,C-MarIUNW250
29909,C-MarB97I211
29910,C-MarQ7BYQ37
29911,C-MarOHT2944
29912,MarC8U22
29913,MarPNR13
29914,MarF7903
29915,Mar1P618
29916,MarNAQ54
29917,Mar1WV33
29918,Mar0VU35
29919,MarGP714
29920,MarWS214
29921,MarWW742
29922,MarC7Y56
29923,MarIH014
29924,Mar22503
29925,GweL3U36
29926,MarY3L30
29927,MarIN528
29928,Mar8RE45
29929,MarZ8002
29930,Mar6SU07
29931,MarWRH34
29932,MarEQG34
29933,MarB1O09
29934,MarXTS45
29935,MarG1658
29936,Mar0CH00
29937,MarP6M11
29938,MarK5J19
29939,MarT9K21
29940,Mar6AQ57
29941,MarU8307
29942,MarHCJ26
29943,MarGZG01
29944,Mar1EQ18
29945,MarLQF52
29946,Mar6RF31
29947,MarMPB42
29948,Mar3G542
29949,Mar9NA26
29950,MarS5123
29951,MarIIC46
29952,MarDC315
29953,Mar52X19
29954,MarO0M32
29955,MarU7E19
29956,MarBG609
29957,MarQI642
29958,MarZZ550
29959,Mar5O936
29960,MarGYT11
29961,Mar0IC52
29962,Mar2SFU42
29963,MarEEIU20
29964,MarZP6B28
29965,MarWEL717
29966,MarPM3P42
29967,MarG4VI52
29968,Mar6TXU23
29969,MarD01T11
29970,MarIXIA57
29971,MarPXZH38
29972,Mar1C5V58
29973,MarL40E20
29974,MarHU6059
29975,MarZGC830
29976,MarV26259
29977,Mar3G8G36
29978,MarWDZV35
29979,Mar099D46
29980,MarV9E39
29981,MarDZJ13
29982,Mar3CL04
29983,Mar46W25
29984,MarHOF21
29985,MarS4C35
29986,MarYE809
29987,MarHE351
29988,MarL0459
29989,Mar67Z47
29990,Mar33K17
29991,MarRO801
29992,Mar69I12
29993,Mar3V329
29994,MarRP003
29995,Mar5EB09
29996,MarERY54
29997,MarXNL36
29998,Mar0HQ36
29999,MarMA742
30000,MarHKG19
30001,MarETZ33
30002,Mar7NN58
30003,Mar1I918
30004,Mar8BP25
30005,Mar6U442
30006,MarR1C01
30007,MarRQI47
30008,Mar1ZT35
30009,Mar9LJ53
30010,MarR1K37
30011,MarS4C50
30012,MarF7C06
30013,MarF5M12
30014,MarVML27
30015,MarKM020
30016,MarJQ231
30017,Mar03857
30018,MarRJS11
30019,Mar9VC34
30020,MarLG252
30021,Mar2ZQ44
30022,MarICO21
30023,MarWPE08
30024,1988076
30025,Mar6OC59
30026,Mar98G35
30027,MarA9V37
30028,MarWKO47
30029,MarPIO29
30030,Mar2UQ44
30031,MarTM404
30032,MarEP709
30033,MarOPU23
30034,MarWHM18
30035,MarFDQ50
30036,Mar3XJ47
30037,Mar78J59
30038,Mar55Y30
30039,MarFYQ40
30040,MarMGV47
30041,MarCAB13
30042,MarHY022
30043,MarXJO11
30044,MarU0F50
30045,MarXS229
30046,MarQS738
30047,MarIEH34
30048,Mar42S03
30049,MarVSV19
30050,MarH9513
30051,Mar6F950
30052,MarRGA01
30053,MarSXI59
30054,MarCXO20
30055,MarY1956
30056,MarLOJ32
30057,MarAHO41
30058,MarQH723
30059,MarRAQ03
30060,MarUZZ52
30061,MarLXT53
30062,MarKET27
30063,MarYA416
30064,MarYOM49
30065,MarWYR24
30066,MarRVH32
30067,MarOPV04
30068,MarQRX59
30069,MarCS9Z13
30070,MarXI959
30071,MarDIV05
30072,MarR8JB54
30073,MarJNYL59
30074,C-Mar13NT413
30075,C-MarLJSB200
30076,C-Mar3Y9VY29
30077,C-MarOM97X46
30078,C-MarXPNOB13
30079,MarXA0520
30080,MarHA1933
30081,Mar54I853
30082,MarRN828
30083,C-MarIR15456
30084,C-MarZJFL032
30085,C-Mar4CBRR19
30086,C-MarXI59A31
30087,MarNYTO35
30088,MarRJK255
30089,MarTB7N52
30090,C-MarWGEFV44
30091,C-MarWPYJJ33
30092,C-Mar1585W39
30093,C-MarNRLSQ39
30094,C-MarLI5IU02
30095,C-MarMONCF50
30096,C-MarQ8E2738
30097,C-MarM127G53
30098,C-MarBU3RT44
30099,C-MarD2YRM54
30100,C-Mar15DRA18
30101,C-Mar716DD02
30102,C-MarVDBNX38
30103,C-MarJ4M0D38
30104,C-Mar2MPGG33
30105,C-MarPFGEA58
30106,C-MarVWUGX26
30107,MarGK8Y16
30108,MarDKPS06
30109,MarAWR650
30110,Mar4J3551
30111,Mar7AA705
30112,MarATNB17
30113,MarTWK642
30114,MarD6NN22
30115,MarMSOI23
30116,Mar93V43
30117,Mar7FL17
30118,MarL0943
30119,MarC9H42
30120,MarIN014
30121,MarQ5Y22
30122,MarU8KF11
30123,MarRPLA56
30124,MarDIW557
30125,MarZVIG41
30126,MarQ8YO19
30127,MarY9UK57
30128,MarS87L05
30129,MarR88H44
30130,MarXWVG26
30131,MarF8HD25
30132,MarVMEV36
30133,MarAX4256
30134,MarW4N837
30135,MarLA2O05
30136,MarR1BP42
30137,MarW6HE12
30138,Mar36E723
30139,Mar55PE05
30140,MarPF9247
30141,MarWT4O23
30142,MarIMV039
30143,Mar6DC421
30144,MarSO8222
30145,MarP04612
30146,Mar5L1R05
30147,Mar4SV401
30148,MarNJ2309
30149,Mar1QB749
30150,MarY3P258
30151,MarANTF18
30152,MarOLJJ22
30153,MarLY9X54
30154,Mar14Q24
30155,C-MarGGN5V58
30156,C-Mar6CFX736
30157,C-MarAPASM33
30158,C-MarFTUA412
30159,C-MarHVLRG51
30160,C-MarG7SGU47
30161,C-MarIC9MZ26
30162,C-MarKNPX630
30163,C-Mar5E15926
30164,C-MarHFEXH57
30165,C-MarPQ38150
30166,C-MarCWNZF07
30167,C-MarWI43Y01
30168,C-Mar9DF5J56
30169,C-MarWFV9819
30170,C-MarAS15R03
30171,C-MarP060636
30172,C-MarV2IND24
30173,C-MarFGWSF12
30174,C-MarKQEZJ29
30175,C-MarA2WQ158
30176,C-MarHDXOL40
30177,C-Mar8H38723
30178,C-MarNSHWV36
30179,C-MarEUCXR57
30180,C-MarQ0QE843
30181,C-MarH9R7930
30182,C-MarOJ6NZ33
30183,C-MarHHE6312
30184,C-MarC87T819
30185,C-MarTMTN314
30186,C-MarQS10607
30187,C-Mar8NHYG59
30188,C-Mar6K1GD57
30189,C-MarGY2FB00
30190,C-MarSAG6E38
30191,C-MarB98ZJ56
30192,C-MarELMKE29
30193,C-MarB8IPI33
30194,C-MarMCY8M36
30195,C-MarQOR5B40
30196,C-MarVZCWX17
30197,C-MarXOCYU11
30198,C-Mar00FI844
30199,C-MarOCA5132
30200,C-Mar7AWEF03
30201,C-Mar6OR9510
30202,C-MarY9VED26
30203,C-MarF9VE053
30204,C-Mar5BEYQ20
30205,C-MarW4HIU10
30206,C-MarBVLPV20
30207,C-MarYKW0J52
30208,MarC0N245
30209,MarQJJ434
30210,MarA98T15
30211,MarN4NR52
30212,MarLHVC56
30213,MarB3K750
30214,MarJELN26
30215,MarGACF26
30216,MarNZ1A48
30217,Mar26CT27
30218,MarZK2M49
30219,MarH46X55
30220,C-Mar6IWN350
30221,MarN6T12
30222,Mar2HW46
30223,MarOL639
30224,MarKIU32
30225,MarO3H337
30226,MarC0ET09
30227,MarQ23Y32
30228,MarILVG25
30229,MarPHJY16
30230,Mar9CID51
30231,MarVKCI11
30232,Mar2BN301
30233,MarQKQJ25
30234,MarBPPJ52
30235,MarMU6Q43
30236,MarCRR818
30237,Mar771G53
30238,Mar9A8G39
30239,MarUI2P17
30240,MarVJU722
30241,MarK63L31
30242,BalJVN13
30243,BalD7N49
30244,Ika4JUV15
30245,Kuj1OI41
30246,C-Yam75JWA10
30247,Bal3AM48
30248,BalEWD50
30249,BalO5732
30250,GwaP9YT13
30251,IkaMNLX11
30252,Jah3DE219
30253,C-Jah9CIXP26
30254,C-JahSMFUU09
30255,C-JahGEK1T31
30256,C-JahKJSX512
30257,C-JahBLA4Z56
30258,C-JahIC15931
30259,C-JahA253I27
30260,C-JahTGUQV41
30261,C-JahULOWV41
30262,C-JahRH4XH34
30263,C-JahMJQUV06
30264,C-Jah0BNCI42
30265,C-JahBAE7K51
30266,C-JahT68CM40
30267,C-Jah9RFV717
30268,C-JahITA3A29
30269,Ika0VGG34
30270,Rin66LS28
30271,Rin82IF46
30272,RinMD5P07
30273,ItaCLQ48
30274,Kwa58M10
30275,C-Kwa48Z5A25
30276,KujUG2G59
30277,KujDW754
30278,Bwa0RM13
30279,MunHFU27
30280,Bal1V018
30281,BalCS435
30282,BalQG100
30283,BalVZ640
30284,Jah2Y700
30285,Jah7IDQ01
30286,C-JahPZL3B16
30287,C-Jah3B5RZ56
30288,C-JahL2RHN36
30289,C-Jah33K4R27
30290,C-Jah9BXK330
30291,C-JahI13V456
30292,C-JahRS9LT04
30293,C-JahNSH9413
30294,C-JahCU07F06
30295,C-JahCPKLV43
30296,C-JahJ3LJV14
30297,C-Jah31VX306
30298,C-JahDIO6S03
30299,C-JahPEOL512
30300,C-JahBHZ6315
30301,C-Jah2ATKI44
30302,C-JahWDIOE29
30303,C-JahVGZF940
30304,C-JahSE0T450
30305,C-JahLC3H115
30306,C-JahF6THV14
30307,C-JahEFQPP39
30308,C-JahH438625
30309,C-JahF6HD909
30310,C-JahWWY4Z07
30311,C-JahKQMKI30
30312,C-Jah60DUF26
30313,C-Jah2Q4O822
30314,C-JahUEUQ241
30315,C-JahZMRB529
30316,C-JahTGYXA43
30317,C-JahWAUL114
30318,C-JahGRLLW36
30319,C-JahENKPC52
30320,C-Jah3II1431
30321,C-Jah0F90W48
30322,C-JahEDI5752
30323,C-JahDNQEQ54
30324,C-Jah524HK49
30325,C-JahBC71203
30326,C-JahWXVQT48
30327,C-JahJ4VHF38
30328,C-JahC4DOZ27
30329,C-Beb6Y8S317
30330,C-BebADJ6H17
30331,C-BebYZJWQ34
30332,C-BebJ50XK56
30333,C-BebUM7HS33
30334,C-BebR0NLS48
30335,C-BebCCQXK23
30336,C-Beb897QK47
30337,C-BebCGK9219
30338,C-Beb8N2FF43
30339,C-BebUIUNG41
30340,C-BebY5L6R06
30341,C-BebV9TQM23
30342,C-BebYNCWT17
30343,C-BebB8AYZ26
30344,C-BebTY05037
30345,C-BebYF1CB05
30346,BebZDJ23
30347,Beb3ZD07
30348,BebSEQ52
30349,Beb5C128
30350,Beb8LGE30
30351,BebIRE305
30352,Gar81154
30353,Gar317E27
30354,C-GarIN6VN27
30355,Gar5HX27
30356,GarUQC36
30357,C-KurNIR0D30
30358,C-KurHKA0Z34
30359,C-KurHXRCL58
30360,C-KurT03RY13
30361,C-Kur41OA815
30362,TofZXP39
30363,TofIBS10
30364,C-BebITF0W16
30365,C-TudE68MK00
30366,C-Tud0S8T308
30367,Tud53DT16
30368,Tud2D8A27
30369,TudUIKZ23
30370,TudQCK206
30371,TudCCIO07
30372,Tud3IE058
30373,Tud70R207
30374,C-KirT1N7509
30375,C-Kir2CKDM55
30376,Ran1GDH33
30377,Rim4RU44
30378,Rim6JPB11
30379,BebZHB31
30380,C-GarLCCC202
30381,Gar654F12
30382,TofT4AI26
30383,Tof7Q2D41
30384,TofAL7F36
30385,TofNC312
30386,TofWRC01
30387,TofQAK15
30388,Ran3SS45
30389,GarOIU14
30390,C-Chi5TYY742
30391,DemAPHR08
30392,C-SonYE8JB14
30393,C-SonQIL5413
30394,Dem27HD32
30395,AweNZJ51
30396,ObiFZBH42
30397,Obi9ZN41
30398,C-Tar8TPGY27
30399,Gwe34B52
30400,OjuWM4E59
30401,KacYHCF57
30402,KacR8U518
30403,JabDUA223
30404,Jab79R35
30405,JabYD356
30406,Jab6PF37
30407,Kad1EC56
30408,ZanH5H37
30409,ZanM5X57
30410,ZanZJA44
30411,C-TarJSFHR31
30412,Mar85054
30413,MarLZ247
30414,KeaKV8826
30415,C-KagM2QEV27
30416,C-Kau7L8FD56
30417,C-MubCTMGJ23
30418,C-MubNTH9A30
30419,C-Zan0J5OT40
30420,RinU3VS49
30421,Bal0B555
30422,BwaUAK53
30423,GwaLOD16
30424,Bal8VW30
30425,BalWBO14
30426,RinYE3B20
30427,C-Das6XBZK31
30428,BwaUM657
30429,Gwa9XCN35
30430,C-KirZMXCB19
30431,C-Kir2YWBG48
30432,C-KirLV9S824
30433,BebZC830
30434,C-BebESN3209
30435,C-BebSAJXU56
30436,C-BebSOCS718
30437,C-BebL7YIK23
30438,C-Beb6VLZY55
30439,C-Kir210YG09
30440,C-Jah043PO40
30441,C-JahR31QZ09
30442,C-JahCVBLU39
30443,C-JahJV6DR50
30444,C-JahEFRXD22
30445,C-JahRTVEW47
30446,C-JahFH3OX06
30447,C-JahG0W8I22
30448,C-JahT8P3V08
30449,C-JahL8C2Q50
30450,C-Jah9W3R651
30451,C-Jah4L0FA39
30452,C-Jah5KH1P26
30453,C-JahX6GHE37
30454,C-JahTLS1H57
30455,C-JahHE0A046
30456,C-JahLDT4Y53
30457,C-JahZQYQC16
30458,C-JahQRLTO11
30459,C-JahMOY7G05
30460,C-Jah8F8EB15
30461,C-Jah8Z9QU27
