number,formid,X1  Date of visit,A1  Crop Harvest | Groundnut,A1  Crop Harvest | Maize,A1  Crop Harvest | Rice,A1  Crop Harvest | Sorghum,A1  Crop Harvest | extra,A2  Crop Variety harvested,A3  Planting Date,A4  Farming Method | Rain-fed,A4  Farming Method | Irrigated,A4  Farming Method | extra,A5  Seed Source | ICON2_Project,A5  Seed Source | Market,A5  Seed Source | Government,A5  Seed Source | Own_Saved_Seed,A5  Seed Source | extra,B1  Date,B2  Total land size planted (ha),B3  What size of the ____ planted hectares did you harvest,B4  Moisture Content (%),B4 1  What is the size of the farmland where the Groundnut was cultivated?,B4 2  What Quantity (in bags) of Groundnut was harvested from the farm,B5 1  What is the size of the farmland where the Maize was cultivated?,B5 2  What Quantity (in bags) of Maize was harvested from the farm,B6 1  What is the size of the farmland where the Rice was cultivated?,B6 2  What Quantity (in bags) of Rice was harvested from the farm,B7 1  What is the size of the farmland where the Sorghum was cultivated?,B7 2  What Quantity (in bags) of Sorghum was harvested from the farm,B8  Is there any Post harvest lost? if Yes which crop? | None,B8  Is there any Post harvest lost? if Yes which crop? | Groundnut,B8  Is there any Post harvest lost? if Yes which crop? | Maize,B8  Is there any Post harvest lost? if Yes which crop? | Rice,B8  Is there any Post harvest lost? if Yes which crop? | Sorghum,B8  Is there any Post harvest lost? if Yes which crop? | extra,B10 1  What Quantity (in bags) of Groundnut was lost,B10 2  What Quantity (in bags) of Maize was lost,B10 3  What Quantity (in bags) of Rice was lost,B10 4  What Quantity (in bags) of Sorghum was lost,B11  What is the cause of the post-harvest loss reported | Environmental_Factors,B11  What is the cause of the post-harvest loss reported | Mechanical_Factors,B11  What is the cause of the post-harvest loss reported | Biological_Factors,B11  What is the cause of the post-harvest loss reported | Technological_Factors,B11  What is the cause of the post-harvest loss reported | Economic_Factors,B11  What is the cause of the post-harvest loss reported | Institutional_Factors,B11  What is the cause of the post-harvest loss reported | Cultural_and_Social_Factors,B11  What is the cause of the post-harvest loss reported | Pests,B11  What is the cause of the post-harvest loss reported | Mold,B11  What is the cause of the post-harvest loss reported | Transport_Damage,B11  What is the cause of the post-harvest loss reported | Theft,B11  What is the cause of the post-harvest loss reported | Poor_Drying,B11  What is the cause of the post-harvest loss reported | Others,B11  What is the cause of the post-harvest loss reported | extra,C1  Method of Harvesting | Manual,C1  Method of Harvesting | Mechanized,C1  Method of Harvesting | extra,C2  Method of Drying | Sun_drying,C2  Method of Drying | Mechanical_dryer,C2  Method of Drying | extra,C3  Storage Method | Bags,C3  Storage Method | Silos,C3  Storage Method | Cribs,C3  Storage Method | Others,C3  Storage Method | extra,10  Next steps/Extension Worker comment,11  Record GPS coordinates of where this record is taken (Farm or Store): latitude (degrees),11  Record GPS coordinates of where this record is taken (Farm or Store): longitude (degrees),11  Record GPS coordinates of where this record is taken (Farm or Store): altitude (meters),11  Record GPS coordinates of where this record is taken (Farm or Store): accuracy (meters),form/Pulled_Cluster_data/Cluster_Unique_ID,form/Pulled_Cluster_data/Name_of_Cluster,form/Pulled_Cluster_data/Cluster_main_location_of_Operation_State,form/Pulled_Cluster_data/Cluster_main_location_of_Operation_LGA,form/Pulled_Cluster_data/Cluster_main_location_of_Operation_Ward,form/Pulled_Cluster_data/Nature_ofCluster_members,form/Pulled_Cluster_data/State-IP,form/section_b_harvest_details/Quantities_of_Harvested_Crops/Qty_of_Groundnut_harvested_in_Kg,form/section_b_harvest_details/Quantities_of_Harvested_Crops/Yield_per_hectare_Groundnut_harvested_in_Kg,form/section_b_harvest_details/Quantities_of_Harvested_Crops/Qty_of_Maize_harvested_in_Kg,form/section_b_harvest_details/Quantities_of_Harvested_Crops/Yield_Per_hectare_Maize_harvested_in_Kg,form/section_b_harvest_details/Quantities_of_Harvested_Crops/Qty_of_Rice_harvested_in_Kg,form/section_b_harvest_details/Quantities_of_Harvested_Crops/Yield_Per_hectare_Rice_harvested_in_Kg,form/section_b_harvest_details/Quantities_of_Harvested_Crops/Qty_of_Sorghum_harvested_in_Kg,form/section_b_harvest_details/Quantities_of_Harvested_Crops/Yield_per_hectare_Sorghum_harvested_in_Kg,form/section_b_harvest_details/Quantities_of_Harvested_Crops/Total_Qty_of_all_crops_Harvested_in_bags,form/section_b_harvest_details/Quantities_of_Harvested_Crops/Total_Qty_of_all_crops_Harvested_in_Kg,form/section_b_harvest_details/Quantities_of_Crops_lost/Qty_of_Groundnut_lost_in_Kg,form/section_b_harvest_details/Quantities_of_Crops_lost/Qty_of_Maize_lost_in_Kg,form/section_b_harvest_details/Quantities_of_Crops_lost/Qty_of_Rice_lost_in_Kg,form/section_b_harvest_details/Quantities_of_Crops_lost/Qty_of_Sorghum_lost_in_Kg,form/section_b_harvest_details/Quantities_of_Crops_lost/Total_Qty_of_all_crops_lost_in_bags,form/section_b_harvest_details/Quantities_of_Crops_lost/Total_Qty_of_all_crops_lost_in_Kg,form/Number_of_cooperative_members,form case case_id,username,received_on
6ec68f8e-6af9-4dc6-af07-207e15d76965,6ec68f8e-6af9-4dc6-af07-207e15d76965,2025-10-21,,,1,,,Faro 67,2025-10-21,1,,,1,,,,,2025-10-21,2,2,20,---,---,---,---,2.0,80.0,---,---,1,,,,,,---,---,---,---,---,---,---,---,---,---,---,---,---,---,---,---,---,---,1,,,1,,,1,,,,,"Rice was harvested at the right time for best yield and quality, 80–85% of the grains are mature and straw turns yellow. Delays were prevented to avoid shattering and grain loss. Thresh, and dry grains were carefully handled to maintain quality and reduce post-harvest losses.",11.1577419,8.232352,648.1,2.5,CT-IkaFJAXA43,MATA MASU BUKATA JAMFALAN CLUSTER,Kaduna,Ikara,,Production/Processing,Kaduna-WOFAN,0,0,0,0,6000,3000,0,0,80,6000,0,0,0,0,0,0,0,4ff732f3-23d5-4023-9440-bc17ce40a774,ika23,21/10/2025 16:30
ad2ad36a-df3e-4f07-a0e1-ea3b3f088b58,ad2ad36a-df3e-4f07-a0e1-ea3b3f088b58,2025-10-21,,1,,,,Sama 50,2025-10-21,1,,,1,,,,,2025-10-21,2,2,20,---,---,2.0,100.0,---,---,---,---,1,,,,,,---,---,---,---,---,---,---,---,---,---,---,---,---,---,---,---,---,---,1,,,1,,,1,,,,,successful,11.1571953,8.2341925,710.27,1.52,CT-IkaGIQH525,Ikara Masu Bukata Tamusamman Cluster,Kaduna,Ikara,,Production/Processing,Kaduna-WOFAN,0,0,10000,5000,0,0,0,0,100,10000,0,0,0,0,0,0,0,8f39aaf1-bef6-4487-a635-f021e5047da0,ika26,21/10/2025 16:49
e98f7a22-c019-480a-b969-6fcbf96ab1b3,e98f7a22-c019-480a-b969-6fcbf96ab1b3,2025-10-21,,,1,,,Faro 67,2025-10-21,1,,,1,,,,,2025-10-21,2,2,20,---,---,---,---,2.0,80.0,---,---,1,,,,,,---,---,---,---,---,---,---,---,---,---,---,---,---,---,---,---,---,---,1,,,1,,,1,,,,,good,11.158331,8.2318215,639.68,2.53,CT-Ika45T6546,Gidan Shawai Jamfalan Cluster,Kaduna,Ikara,,Production/Processing,Kaduna-WOFAN,0,0,0,0,6000,3000,0,0,80,6000,0,0,0,0,0,0,0,b2c9bb1f-3f4e-4a0e-8977-00235b3e754e,ika33,21/10/2025 17:00
14569b37-5bee-425f-991b-fd8f3ab6306d,14569b37-5bee-425f-991b-fd8f3ab6306d,2025-10-22,,,1,,,Paro 67,2025-07-10,1,,,1,,,,,2025-10-18,1,1,12,---,---,---,---,1.0,60.0,---,---,1,,,,,,---,---,---,---,---,---,---,---,---,---,---,---,---,---,---,---,---,---,,1,,1,,,1,,,,,Good,11.1566867,8.23042,700.4,1.9,CT-Ika53U6B11,CIKIN GARIN SAYA SAYA WOMEN WITH DISABILITY GROUP,Kaduna,Ikara,,Production/Processing,Kaduna-WOFAN,0,0,0,0,4500,4500,0,0,60,4500,0,0,0,0,0,0,0,678feb51-5aaf-4bb6-84dd-be5e428c1325,ika11,22/10/2025 08:50
8ff86e6c-3052-4546-9bfd-09918539aceb,8ff86e6c-3052-4546-9bfd-09918539aceb,2025-10-22,,1,,,,Samaz 50,2025-07-03,1,,,1,,,,,2025-10-22,2,2,13,---,---,2.0,130.0,---,---,---,---,1,,,,,,---,---,---,---,---,---,---,---,---,---,---,---,---,---,---,---,---,---,1,,,1,,,1,,,,,Good,11.1566735,8.230439,702.6,1.5,CT-Ika53U6B11,CIKIN GARIN SAYA SAYA WOMEN WITH DISABILITY GROUP,Kaduna,Ikara,,Production/Processing,Kaduna-WOFAN,0,0,13000,6500,0,0,0,0,130,13000,0,0,0,0,0,0,0,678feb51-5aaf-4bb6-84dd-be5e428c1325,ika11,22/10/2025 08:50
dd0cdd24-e0c3-43da-89c1-77750ba66f98,dd0cdd24-e0c3-43da-89c1-77750ba66f98,2025-10-22,,1,,,,Sama 50,2025-10-22,1,,,1,,,,,2025-10-22,1,1,20,---,---,1.0,50.0,---,---,---,---,1,,,,,,---,---,---,---,---,---,---,---,---,---,---,---,---,---,---,---,---,---,1,,,1,,,1,,,,,Good,11.1578567,8.2321583,690.3,2.1,CT-IkaFJAXA43,MATA MASU BUKATA JAMFALAN CLUSTER,Kaduna,Ikara,,Production/Processing,Kaduna-WOFAN,0,0,5000,5000,0,0,0,0,50,5000,0,0,0,0,0,0,0,4ff732f3-23d5-4023-9440-bc17ce40a774,ika23,22/10/2025 09:53
80a4c69c-164e-4b08-83fc-467a823d9dbf,80a4c69c-164e-4b08-83fc-467a823d9dbf,2025-09-12,,,1,,,67,2025-07-02,1,,,1,,,,,2025-06-06,2,86,10,---,---,---,---,2.0,86.0,---,---,1,,,,,,---,---,---,---,---,---,---,---,---,---,---,---,---,---,---,---,---,---,1,,,1,,,1,,,,,they have a bumper harvest or order wise,12.0911486,9.2003084,412.21,4.55,CT-Rin5608P29,KUNA DISABILITIES MULTIPURPOSE SOCIETY,Jigawa,Ringim,Female,Production,Jigawa-WOFAN,0,0,0,0,6450,3225,0,0,86,6450,0,0,0,0,0,0,0,244aa309-ac4d-49dd-ada9-6c4609ef7a7b,rin27,22/10/2025 10:31
59bb6fb3-f029-4a37-b8ee-b539a8de948f,59bb6fb3-f029-4a37-b8ee-b539a8de948f,2025-09-13,,,1,,,67,2025-07-01,1,,,1,,,,,2025-06-06,2,85,11,---,---,---,---,2.0,84.0,---,---,1,,,,,,---,---,---,---,---,---,---,---,---,---,---,---,---,---,---,---,---,---,1,,,1,,,1,,,,,every good,12.0911608,9.2002809,428.19,3.91,CT-Rin1UW5254,GIDAN GARKE COOPERATIVE PEOPLE WITH DISABILITIES,Jigawa,Ringim,Female,Production,Jigawa-WOFAN,0,0,0,0,6300,3150,0,0,84,6300,0,0,0,0,0,0,0,ed87f3db-abfa-485b-8b0f-873a4254792e,rin27,22/10/2025 10:31
330f04fc-8787-4661-8d3d-d45e0809abc1,330f04fc-8787-4661-8d3d-d45e0809abc1,2025-09-25,,,1,,,Rice,2025-10-10,1,,,1,,,,,2025-10-25,2,2,10,---,---,---,---,2.0,100.0,---,---,1,,,,,,---,---,---,---,---,---,---,---,---,---,---,---,---,---,---,---,---,---,,1,,1,,,1,,,,,Goodwork,11.7063538,8.3614742,519.35,1.75,CT-Gar4GKYF57,Garun Babba Disabled cluster B,Kano,Garum_Mallam,,Production,Kano-WOFAN,0,0,0,0,7500,3750,0,0,100,7500,0,0,0,0,0,0,0,1ec2467d-4b4f-4da3-9885-a48328b4db96,gmm53,22/10/2025 12:21
96053569-ba4d-473c-9c88-a1a15e3c2f57,96053569-ba4d-473c-9c88-a1a15e3c2f57,2025-08-21,,1,,,,Maize,2025-09-10,1,,,1,,,,,2025-09-10,2,2,10,---,---,1.0,60.0,---,---,---,---,1,,,,,,---,---,---,---,---,---,---,---,---,---,---,---,---,---,---,---,---,---,1,,,1,,,1,,,,,Goodwork,11.7085252,8.3623884,488.62,2.44,CT-Gar4GKYF57,Garun Babba Disabled cluster B,Kano,Garum_Mallam,,Production,Kano-WOFAN,0,0,6000,6000,0,0,0,0,60,6000,0,0,0,0,0,0,0,1ec2467d-4b4f-4da3-9885-a48328b4db96,gmm53,22/10/2025 12:22
f6bebab5-84cc-474f-9412-a61a6f1ee310,f6bebab5-84cc-474f-9412-a61a6f1ee310,2025-10-18,,,1,,,faro 44,2025-07-16,,1,,1,,,,,2025-10-16,2,1,10,---,---,---,---,1.0,80.0,---,---,1,,,,,,---,---,---,---,---,---,---,---,---,---,---,---,---,---,---,---,---,---,,1,,1,,,1,,,,,amfani yayi kyau,11.6659015,8.4135856,843.8,8.72,CT-GarQ4MH207,ALHERI FOODS ASSOCIATION,Kano,Garum_Mallam,,Production/Processing,Kano-WOFAN,0,0,0,0,6000,6000,0,0,80,6000,0,0,0,0,0,0,0,bf982f39-81fa-4c84-b8a7-547ba517c79d,gmm54,22/10/2025 12:24
0e7a0e1a-60da-4129-9980-a07c2a6d886b,0e7a0e1a-60da-4129-9980-a07c2a6d886b,2025-10-05,,,1,,,faro 44,2025-07-25,,1,,1,,,,,2025-10-11,2,1,10,---,---,---,---,1.0,80.0,---,---,1,,,,,,---,---,---,---,---,---,---,---,---,---,---,---,---,---,---,---,---,---,,1,,1,,,1,,,,,very good,11.655534,8.4186958,536.5,4.3,CT-GarMDQFV51,BARNAWA WOMEN PROCESSORS alAND MARKETING,Kano,Garum_Mallam,,Production/Processing,Kano-WOFAN,0,0,0,0,6000,6000,0,0,80,6000,0,0,0,0,0,0,0,0c749fc7-25c8-434b-a86e-809dd5dfc3dd,gmm54,22/10/2025 12:24
f0193c56-a5a6-474c-9d5c-9b6116f0a89a,f0193c56-a5a6-474c-9d5c-9b6116f0a89a,2025-09-21,,1,,,,oba 98,2025-06-12,1,,,1,,,,,2025-09-30,2,1,10,---,---,1.0,55.0,---,---,---,---,1,,,,,,---,---,---,---,---,---,---,---,---,---,---,---,---,---,---,---,---,---,1,,,1,,,1,,,,,very good,11.6666788,8.4160073,522.3,9.69,CT-GarQ4MH207,ALHERI FOODS ASSOCIATION,Kano,Garum_Mallam,,Production/Processing,Kano-WOFAN,0,0,5500,5500,0,0,0,0,55,5500,0,0,0,0,0,0,0,bf982f39-81fa-4c84-b8a7-547ba517c79d,gmm54,22/10/2025 12:25
162d5d73-ef90-4605-9086-d3b29f74f682,162d5d73-ef90-4605-9086-d3b29f74f682,2025-06-22,,1,,,,oba98,2025-05-22,1,,,1,,,,,2025-09-30,2,1,10,---,---,1.0,50.0,---,---,---,---,1,,,,,,---,---,---,---,---,---,---,---,---,---,---,---,---,---,---,---,---,---,1,,,1,,,1,,,,,"amfani yayi kyau sannana a tabbatar ba jingina buhunan da bango ba saboda danshi.
   ayi amfani da katako a kasa sai a jera buhu",11.6668969,8.4156244,522.4,9.07,CT-GarMDQFV51,BARNAWA WOMEN PROCESSORS alAND MARKETING,Kano,Garum_Mallam,,Production/Processing,Kano-WOFAN,0,0,5000,5000,0,0,0,0,50,5000,0,0,0,0,0,0,0,0c749fc7-25c8-434b-a86e-809dd5dfc3dd,gmm54,22/10/2025 12:25
b83d9236-b083-4ff1-bfb4-e0e8ba418b94,b83d9236-b083-4ff1-bfb4-e0e8ba418b94,2025-05-17,,,1,,,faro 44,2025-05-22,,1,,1,,,,,2025-10-03,2,1,10,---,---,---,---,1.0,80.0,---,---,1,,,,,,---,---,---,---,---,---,---,---,---,---,---,---,---,---,---,---,---,---,,1,,1,,,1,,,,,"amfani yayi kyau 
  sannan kar ku jingina buhunan da jikin bango saboda danshi",11.6667217,8.415983,524.2,9.86,CT-GarP4IP515,DAKASOYE FUNKASO AMANA,Kano,Garum_Mallam,Female,Production/Processing,Kano-WOFAN,0,0,0,0,6000,6000,0,0,80,6000,0,0,0,0,0,0,0,e8dd3018-0347-425c-ac80-63ac5e16787c,gmm54,22/10/2025 12:25
4c99fccc-919c-4bb2-bac6-52df174c62dd,4c99fccc-919c-4bb2-bac6-52df174c62dd,2025-09-22,,1,,,,Oba 98,2025-05-22,1,,,1,,,,,2025-10-26,2,1,10,---,---,1.0,65.0,---,---,---,---,1,,,,,,---,---,---,---,---,---,---,---,---,---,---,---,---,---,---,---,---,---,,1,,,1,,1,,,,,Atabbatar ta bushe  sannan  asaida in ajiya  za ai asaka mata samandagari akai sito  asaka katako akasa,11.6669382,8.4155538,549.7,9.4,CT-GarWXPYW40,Yanaba disabled cluster,Kano,Garum_Mallam,,Production,Kano-WOFAN,0,0,6500,6500,0,0,0,0,65,6500,0,0,0,0,0,0,0,bf62949c-c054-4b26-9a20-b962e3e9769b,gmm02,22/10/2025 12:27
66ebd794-1946-4e0e-b43f-c2fb53783a75,66ebd794-1946-4e0e-b43f-c2fb53783a75,2025-06-22,,,1,,,Faro 44,2025-09-22,1,,,1,,,,,2025-10-20,1,1,10,---,---,---,---,1.0,6.0,---,---,1,,,,,,---,---,---,---,---,---,---,---,---,---,---,---,---,---,---,---,---,---,,1,,1,,,1,,,,,Atabbatar   ta bushe  sannan  asaida,11.6669118,8.4158751,520.3,8.4,CT-GarWXPYW40,Yanaba disabled cluster,Kano,Garum_Mallam,,Production,Kano-WOFAN,0,0,0,0,450,450,0,0,6,450,0,0,0,0,0,0,0,bf62949c-c054-4b26-9a20-b962e3e9769b,gmm02,22/10/2025 12:27
e66f0c13-5c65-4966-aec7-e01c94b55e75,e66f0c13-5c65-4966-aec7-e01c94b55e75,2025-09-25,,1,,,,oba 98,2025-07-22,1,,,1,,,,,2025-09-27,2,1,10,---,---,1.0,60.0,---,---,---,---,1,,,,,,---,---,---,---,---,---,---,---,---,---,---,---,---,---,---,---,---,---,,1,,1,,,1,,,,,Amfani yayi kyau sosai ku saka akatako kafin kuajiye,11.6667737,8.4157194,532.14,2.62,CT-Gar40CIC18,Garun Mallam disabled cluster A,Kano,Garum_Mallam,,Production,Kano-WOFAN,0,0,6000,6000,0,0,0,0,60,6000,0,0,0,0,0,0,0,c61f66c7-7d3c-4d81-be19-d918aac27abf,gmm03,22/10/2025 12:49
11e97b24-d251-447e-a011-e6e531aaed70,11e97b24-d251-447e-a011-e6e531aaed70,2025-06-22,,,1,,,Faro furtyfuar,2025-07-20,1,,,1,,,,,2024-10-22,2,1,10,---,---,---,---,1.0,80.0,---,---,1,,,,,,---,---,---,---,---,---,---,---,---,---,---,---,---,---,---,---,---,---,,1,,1,,,1,,,,,Shinkafa tayikyau sosai manoma suna murna da sa albarka nache musa susami katako yayin ajiya,11.6666062,8.4158357,522.46,2.71,CT-Gar40CIC18,Garun Mallam disabled cluster A,Kano,Garum_Mallam,,Production,Kano-WOFAN,0,0,0,0,6000,6000,0,0,80,6000,0,0,0,0,0,0,0,c61f66c7-7d3c-4d81-be19-d918aac27abf,gmm03,22/10/2025 12:49
a58c00cb-3dc8-45c8-b874-506e3e5b8608,a58c00cb-3dc8-45c8-b874-506e3e5b8608,2025-10-22,,,1,,,Rice,2025-06-20,1,,,1,,,,,2025-10-21,2,2,10,---,---,---,---,2.0,100.0,---,---,,,,1,,,---,---,1.0,---,,1,,,,,,,,,,,,,,1,,1,,,1,,,,,Very good,11.6690718,8.4146782,552.73,2.22,CT-GarX2FKZ54,KAFIN ALLAH DISABLE ASSOCIATION,Kano,Garum_Mallam,,Production/Processing,Kano-WOFAN,0,0,0,0,7500,3750,0,0,100,7500,0,0,75,0,1,75,0,8e3f8275-03db-4750-94bb-12c167cccb53,gmm48,22/10/2025 13:24
8ee3500e-bde6-45a6-869d-a6a1f6b24d91,8ee3500e-bde6-45a6-869d-a6a1f6b24d91,2025-10-22,,1,,,,maize,2025-06-10,1,,,1,,,,,2025-10-22,2,2,10,---,---,2.0,60.0,---,---,---,---,,,1,,,,---,1.0,---,---,,1,,,,,,,,,,,,,,1,,1,,,1,,,,,Very good,11.6693738,8.414396,495.39,8.94,CT-GarX2FKZ54,KAFIN ALLAH DISABLE ASSOCIATION,Kano,Garum_Mallam,,Production/Processing,Kano-WOFAN,0,0,6000,3000,0,0,0,0,60,6000,0,100,0,0,1,100,0,8e3f8275-03db-4750-94bb-12c167cccb53,gmm48,22/10/2025 14:04
372db03a-478b-4f3f-9cd9-f8407c92bcb8,372db03a-478b-4f3f-9cd9-f8407c92bcb8,2025-05-22,,,1,,,faro 44,2025-06-22,,1,,1,,,,,2025-09-22,2,1,10,---,---,---,---,1.0,80.0,---,---,1,,,,,,---,---,---,---,---,---,---,---,---,---,---,---,---,---,---,---,---,---,,1,,1,,,1,,,,,an ajiye kayan a store kuma kar a jngina buhunan da bango,11.6667107,8.4158294,584.5,6.34,CT-KurTTE2P05,DAN HASSAN GIDAN SARKI CLUSTER,Kano,Kura,Female,Production/Processing,Kano-WOFAN,0,0,0,0,6000,6000,0,0,80,6000,0,0,0,0,0,0,0,2ce9d231-84df-4c9f-88f8-f4c102e278bc,gmm54,22/10/2025 14:18
4f18726f-49c4-4354-ba47-d8d39f2cd99c,4f18726f-49c4-4354-ba47-d8d39f2cd99c,2025-05-22,,1,,,,oba98,2025-05-22,1,,,1,,,,,2025-09-22,2,1,10,---,---,1.0,55.0,---,---,---,---,1,,,,,,---,---,---,---,---,---,---,---,---,---,---,---,---,---,---,---,---,---,1,,,1,,,1,,,,,amfani yayi kyua sosai,11.6667516,8.4157584,584.4,5.6,CT-KurTTE2P05,DAN HASSAN GIDAN SARKI CLUSTER,Kano,Kura,Female,Production/Processing,Kano-WOFAN,0,0,5500,5500,0,0,0,0,55,5500,0,0,0,0,0,0,0,2ce9d231-84df-4c9f-88f8-f4c102e278bc,gmm54,22/10/2025 14:18
52c1e866-068d-4bed-8fc1-c3364adcfb31,52c1e866-068d-4bed-8fc1-c3364adcfb31,2025-04-22,,,1,,,faro44,2025-05-22,,1,,1,,,,,2025-10-22,2,1,10,---,---,---,---,1.0,80.0,---,---,1,,,,,,---,---,---,---,---,---,---,---,---,---,---,---,---,---,---,---,---,---,,1,,1,,,1,,,,,kayan gona sunyi kyau,11.6667416,8.4158198,507.1,7.7,CT-Kur5ZSIE03,DAN HASSAN KAROFI A CLUSTER,Kano,Kura,Female,Production/Processing,Kano-WOFAN,0,0,0,0,6000,6000,0,0,80,6000,0,0,0,0,0,0,0,93404323-613d-4486-9fa2-4238fc9b4806,gmm54,22/10/2025 14:19
56c11028-b958-436e-a529-67a1b134d23f,56c11028-b958-436e-a529-67a1b134d23f,2025-03-22,,1,,,,oba98,2025-05-22,1,,,1,,,,,2025-09-22,1,1,10,---,---,1.0,55.0,---,---,---,---,1,,,,,,---,---,---,---,---,---,---,---,---,---,---,---,---,---,---,---,---,---,1,,,1,,,1,,,,,good,11.666758,8.4158601,507.1,7.23,CT-Kur5ZSIE03,DAN HASSAN KAROFI A CLUSTER,Kano,Kura,Female,Production/Processing,Kano-WOFAN,0,0,5500,5500,0,0,0,0,55,5500,0,0,0,0,0,0,0,93404323-613d-4486-9fa2-4238fc9b4806,gmm54,22/10/2025 14:19
0fd6486c-6a67-41b9-a887-fc57be6f1543,0fd6486c-6a67-41b9-a887-fc57be6f1543,2025-10-22,,,1,,,Faro 67,2025-06-06,1,,,1,,,,,2025-10-19,1,1,13,---,---,---,---,1.0,65.0,---,---,1,,,,,,---,---,---,---,---,---,---,---,---,---,---,---,---,---,---,---,---,---,1,,,1,,,1,,,,,good,11.1576817,8.2334383,675.2,4.9,CT-IkaH3CBT20,Bunsura Women with disability cooperative society,Kaduna,Ikara,,Production/Processing,Kaduna-WOFAN,0,0,0,0,4875,4875,0,0,65,4875,0,0,0,0,0,0,0,dbd1ac40-022d-42aa-a9b4-e8579e8a1a04,ika13,22/10/2025 15:05
8ed6d6db-6dd5-4d9c-a10f-a7ea4471d229,8ed6d6db-6dd5-4d9c-a10f-a7ea4471d229,2025-10-22,,1,,,,Smaz 50,2025-06-05,1,,,1,,,,,2025-10-05,1,1,13,---,---,1.0,80.0,---,---,---,---,,,1,,,,---,1.0,---,---,,,,,,,,,,,,1,,,1,,,1,,,1,,,,,good,11.1577,8.2334367,675.2,4.7,CT-IkaH3CBT20,Bunsura Women with disability cooperative society,Kaduna,Ikara,,Production/Processing,Kaduna-WOFAN,0,0,8000,8000,0,0,0,0,80,8000,0,100,0,0,1,100,0,dbd1ac40-022d-42aa-a9b4-e8579e8a1a04,ika13,22/10/2025 15:05
f3ed5b78-a4df-400a-bf0a-cd836f274c9a,f3ed5b78-a4df-400a-bf0a-cd836f274c9a,2025-04-22,,1,,,,oba98,2025-04-22,1,,,1,,,,,2025-09-22,1,1,10,---,---,1.0,50.0,---,---,---,---,1,,,,,,---,---,---,---,---,---,---,---,---,---,---,---,---,---,---,---,---,---,1,,,1,,,1,,,,,very good,11.6667032,8.4156734,514.6,6.7,CT-KurGEBRL18,Karfi wofan cluster micro maketers co operative society limited,Kano,Kura,Both,Production/Processing,Kano-WOFAN,0,0,5000,5000,0,0,0,0,50,5000,0,0,0,0,0,0,0,1e5aa9e3-ba80-46b2-9478-abb473e02410,kur06,22/10/2025 15:09
ae0248a7-3fda-4002-9fa7-0c8d6f837967,ae0248a7-3fda-4002-9fa7-0c8d6f837967,2025-07-22,,,1,,,faro44,2025-04-22,,1,,1,,,,,2025-09-05,1,1,10,---,---,---,---,1.0,80.0,---,---,1,,,,,,---,---,---,---,---,---,---,---,---,---,---,---,---,---,---,---,---,---,,1,,1,,,1,,,,,very good,11.6667126,8.415724,514.6,6.53,CT-KurGEBRL18,Karfi wofan cluster micro maketers co operative society limited,Kano,Kura,Both,Production/Processing,Kano-WOFAN,0,0,0,0,6000,6000,0,0,80,6000,0,0,0,0,0,0,0,1e5aa9e3-ba80-46b2-9478-abb473e02410,kur06,22/10/2025 15:09
63b86071-b18a-4a36-85f6-afc16788912b,63b86071-b18a-4a36-85f6-afc16788912b,2025-06-22,,1,,,,oba98,2025-05-22,1,,,1,,,,,2025-09-22,1,1,10,---,---,1.0,55.0,---,---,---,---,1,,,,,,---,---,---,---,---,---,---,---,---,---,---,---,---,---,---,---,---,---,1,,,1,,,1,,,,,amfani yayi kyau,11.6667126,8.4157441,514.9,5.0,CT-KurGEBRL18,Karfi wofan cluster micro maketers co operative society limited,Kano,Kura,Both,Production/Processing,Kano-WOFAN,0,0,5500,5500,0,0,0,0,55,5500,0,0,0,0,0,0,0,1e5aa9e3-ba80-46b2-9478-abb473e02410,kur06,22/10/2025 15:09
ee1963c9-b0bc-4fe3-802a-f13a7f965aac,ee1963c9-b0bc-4fe3-802a-f13a7f965aac,2025-05-22,,,1,,,faro44,2025-05-22,,1,,1,,,,,2025-10-22,1,1,10,---,---,---,---,1.0,80.0,---,---,1,,,,,,---,---,---,---,---,---,---,---,---,---,---,---,---,---,---,---,---,---,,1,,1,,,1,,,,,amfani yayi kyau sosai,11.6666992,8.4157645,514.9,5.25,CT-KurGEBRL18,Karfi wofan cluster micro maketers co operative society limited,Kano,Kura,Both,Production/Processing,Kano-WOFAN,0,0,0,0,6000,6000,0,0,80,6000,0,0,0,0,0,0,0,1e5aa9e3-ba80-46b2-9478-abb473e02410,kur06,22/10/2025 15:09
a9e71a4e-d93b-45bc-8c35-4d857c2f6d01,a9e71a4e-d93b-45bc-8c35-4d857c2f6d01,2025-05-22,,,1,,,faro44,2025-04-22,,1,,1,,,,,2025-10-22,1,1,10,---,---,---,---,1.0,80.0,---,---,1,,,,,,---,---,---,---,---,---,---,---,---,---,---,---,---,---,---,---,---,---,,1,,1,,,1,,,,,amfani yayi kayi,11.6666601,8.4158006,514.9,6.55,CT-KurNCKUQ09,KURA ALKALAWA CLUSTER,Kano,Kura,Female,Production/Processing,Kano-WOFAN,0,0,0,0,6000,6000,0,0,80,6000,0,0,0,0,0,0,0,dd10c62f-ca5c-4ae2-90b3-c4b45ebf17e0,kur06,22/10/2025 15:09
be4612c5-841d-4ba0-b7d4-bb29b38b6480,be4612c5-841d-4ba0-b7d4-bb29b38b6480,2025-04-22,,1,,,,oba98,2025-05-22,1,,,1,,,,,2025-09-22,1,1,10,---,---,1.0,55.0,---,---,---,---,1,,,,,,---,---,---,---,---,---,---,---,---,---,---,---,---,---,---,---,---,---,1,,,1,,,1,,,,,good,11.666695,8.415775,514.9,6.0,CT-KurNCKUQ09,KURA ALKALAWA CLUSTER,Kano,Kura,Female,Production/Processing,Kano-WOFAN,0,0,5500,5500,0,0,0,0,55,5500,0,0,0,0,0,0,0,dd10c62f-ca5c-4ae2-90b3-c4b45ebf17e0,kur06,22/10/2025 15:09
85911775-1004-4033-a98f-7022c462e1bf,85911775-1004-4033-a98f-7022c462e1bf,2025-10-21,,,1,,,Rice,2025-06-15,1,,,1,,,,,2025-10-22,2,2,10,---,---,---,---,2.0,85.0,---,---,,,,1,,,---,---,2.0,---,,,,,,,,,,1,,,,,,1,,1,,,1,,,,,Very good,11.6690955,8.4145867,537.53,1.74,CT-Gar0THZ551,Garun Mallam disabled cluster B,Kano,Garum_Mallam,,Production,Kano-WOFAN,0,0,0,0,6375,3188,0,0,85,6375,0,0,150,0,2,150,0,54678557-c4ef-4681-9340-b4eb4a09f75f,gmm48,22/10/2025 15:16
fde0e573-ec0b-42eb-b2a0-3e13d6b8842c,fde0e573-ec0b-42eb-b2a0-3e13d6b8842c,2025-10-22,,1,,,,maize,2025-06-10,1,,,1,,,,,2025-10-22,2,2,11,---,---,2.0,65.0,---,---,---,---,,,1,,,,---,1.0,---,---,,,,,,,,,,1,,,,,,1,,1,,,1,,,,,Excellent,11.6690043,8.4144644,435.54,1.77,CT-Gar0THZ551,Garun Mallam disabled cluster B,Kano,Garum_Mallam,,Production,Kano-WOFAN,0,0,6500,3250,0,0,0,0,65,6500,0,100,0,0,1,100,0,54678557-c4ef-4681-9340-b4eb4a09f75f,gmm48,22/10/2025 15:16
2fd3782c-f3d6-40aa-8874-e1793acf52cc,2fd3782c-f3d6-40aa-8874-e1793acf52cc,2025-05-22,,1,,,,oba98,2025-05-22,1,,,1,,,,,2025-09-22,1,1,10,---,---,1.0,55.0,---,---,---,---,1,,,,,,---,---,---,---,---,---,---,---,---,---,---,---,---,---,---,---,---,---,1,,,1,,,1,,,,,very good,11.6667334,8.4157317,515.8,6.6,CT-KurFFXWD28,KURA BAKING KASUWA CLUSTER,Kano,Kura,Female,Production/Processing,Kano-WOFAN,0,0,5500,5500,0,0,0,0,55,5500,0,0,0,0,0,0,0,52c03fc2-4de7-4354-8b41-bfdf6cb461a0,kur06,22/10/2025 15:25
47e75341-7424-49c1-8ee6-7800d4b454bc,47e75341-7424-49c1-8ee6-7800d4b454bc,2025-05-22,,,1,,,faro44,2025-05-22,,1,,1,,,,,2025-10-22,1,1,10,---,---,---,---,1.0,80.0,---,---,1,,,,,,---,---,---,---,---,---,---,---,---,---,---,---,---,---,---,---,---,---,,1,,1,,,1,,,,,very good,11.6666798,8.4157763,515.8,6.35,CT-KurFFXWD28,KURA BAKING KASUWA CLUSTER,Kano,Kura,Female,Production/Processing,Kano-WOFAN,0,0,0,0,6000,6000,0,0,80,6000,0,0,0,0,0,0,0,52c03fc2-4de7-4354-8b41-bfdf6cb461a0,kur06,22/10/2025 15:25
9672ded0-6c46-4e55-9ba0-d4bf5d723ee2,9672ded0-6c46-4e55-9ba0-d4bf5d723ee2,2025-06-26,,,1,,,Oba98,2025-07-19,1,,,1,,,,,2025-09-28,2,1,10,---,---,---,---,1.0,80.0,---,---,1,,,,,,---,---,---,---,---,---,---,---,---,---,---,---,---,---,---,---,---,---,,1,,1,,,1,,,,,Amfani yayi kyau sosai na basu shawara susa katako kafin su a ye manoma suna godiya ta mussamman ga Hajiya Mama,11.6671963,8.4159694,528.41,2.08,CT-GarFTGG641,Garun malam kungiyar Yan awara,Kano,Garum_Mallam,Female,Production/Processing,Kano-WOFAN,0,0,0,0,6000,6000,0,0,80,6000,0,0,0,0,0,0,0,15e2e593-2aec-422e-9c6b-93c07f4e214e,gmm03,22/10/2025 15:32
8cfd409b-efb7-4bc9-9052-583d497a81e3,8cfd409b-efb7-4bc9-9052-583d497a81e3,2025-06-27,,,1,,,Faro furty four,2025-07-25,1,,,1,,,,,2025-09-27,2,1,10,---,---,---,---,1.0,60.0,---,---,1,,,,,,---,---,---,---,---,---,---,---,---,---,---,---,---,---,---,---,---,---,,1,,1,,,1,,,,,Shinkafa tayi kyau sosai nachemusa suami katako kafin ajiya manoma suna godiya ta mussamman ga Hajiya Mama Àllah ya kara lafy ya da not san Kwana,11.6672997,8.4160385,524.98,1.37,CT-GarFTGG641,Garun malam kungiyar Yan awara,Kano,Garum_Mallam,Female,Production/Processing,Kano-WOFAN,0,0,0,0,4500,4500,0,0,60,4500,0,0,0,0,0,0,0,15e2e593-2aec-422e-9c6b-93c07f4e214e,gmm03,22/10/2025 15:32
f5bf61c4-7965-4671-b4c3-d21a15f9fd23,f5bf61c4-7965-4671-b4c3-d21a15f9fd23,2025-05-22,,,1,,,faro 44,2025-05-22,1,,,1,,,,,2025-09-22,1,1,10,---,---,---,---,1.0,80.0,---,---,1,,,,,,---,---,---,---,---,---,---,---,---,---,---,---,---,---,---,---,---,---,,1,,1,,,1,,,,,A tabbarar  tabushe   in ajiya za ai sannan asanya katako  akasa asanya a sito,11.666446,8.4153348,601.4,6.6,CT-Gar0THZ551,Garun Mallam disabled cluster B,Kano,Garum_Mallam,,Production,Kano-WOFAN,0,0,0,0,6000,6000,0,0,80,6000,0,0,0,0,0,0,0,54678557-c4ef-4681-9340-b4eb4a09f75f,gmm02,22/10/2025 15:32
ecbfd781-b503-4c0d-ac79-3465cb441797,ecbfd781-b503-4c0d-ac79-3465cb441797,2025-07-22,,1,,,,O ba 98,2025-06-22,1,,,1,,,,,2025-11-22,1,1,10,---,---,1.0,60.0,---,---,---,---,1,,,,,,---,---,---,---,---,---,---,---,---,---,---,---,---,---,---,---,---,---,,1,,1,,,1,,,,,Atabbatar ta bushe  sannan in asito za a sakamata samandagari asanya katako akasa,11.6665583,8.4154952,570.8,9.54,CT-Gar0THZ551,Garun Mallam disabled cluster B,Kano,Garum_Mallam,,Production,Kano-WOFAN,0,0,6000,6000,0,0,0,0,60,6000,0,0,0,0,0,0,0,54678557-c4ef-4681-9340-b4eb4a09f75f,gmm02,22/10/2025 15:32
6fbb2171-3ff7-48d2-9b78-da18588c8cb6,6fbb2171-3ff7-48d2-9b78-da18588c8cb6,2025-06-26,,1,,,,Oba98,2025-07-15,1,,,1,,,,,2025-09-26,2,1,10,---,---,1.0,80.0,---,---,---,---,1,,,,,,---,---,---,---,---,---,---,---,---,---,---,---,---,---,---,---,---,---,,1,,1,,,1,,,,,Amfani yayi kyau sosai manoma suna godiya allah ya kara daukaka wufan a fadin duniya ba kidaya WOFAN ALKAIRI,11.6672767,8.4161425,536.11,2.58,CT-Gar0THZ551,Garun Mallam disabled cluster B,Kano,Garum_Mallam,,Production,Kano-WOFAN,0,0,8000,8000,0,0,0,0,80,8000,0,0,0,0,0,0,0,54678557-c4ef-4681-9340-b4eb4a09f75f,gmm03,22/10/2025 15:32
d208111a-53c4-4fa9-9eb5-77a069c64cc8,d208111a-53c4-4fa9-9eb5-77a069c64cc8,2025-06-23,,,1,,,Faro fourty four,2025-07-25,1,,,1,,,,,2025-09-22,2,1,10,---,---,---,---,1.0,60.0,---,---,1,,,,,,---,---,---,---,---,---,---,---,---,---,---,---,---,---,---,---,---,---,1,,,1,,,1,,,,,Amfani yayi kyau sosai Manoma suna ta murna da addua da fatan Alkairi Allah ya karawa mama lafiya da ni san kwana,11.6671963,8.4160181,524.12,2.76,CT-Gar0THZ551,Garun Mallam disabled cluster B,Kano,Garum_Mallam,,Production,Kano-WOFAN,0,0,0,0,4500,4500,0,0,60,4500,0,0,0,0,0,0,0,54678557-c4ef-4681-9340-b4eb4a09f75f,gmm03,22/10/2025 15:32
9a9ecbe5-7389-4f68-85cb-3e48473f6e25,9a9ecbe5-7389-4f68-85cb-3e48473f6e25,2025-09-15,,1,,,,faro 44,2025-05-22,1,,,1,,,,,2025-09-12,2,2,10,---,---,2.0,80.0,---,---,---,---,1,,,,,,---,---,---,---,---,---,---,---,---,---,---,---,---,---,---,---,---,---,,1,,1,,,1,,,,,gona tayi kau,11.6670461,8.4163141,512.31,1.69,CT-KurP7M1442,Lungun Mahauta Domawa Micro marketers,Kano,Kura,Both,Production/Processing,Kano-WOFAN,0,0,8000,4000,0,0,0,0,80,8000,0,0,0,0,0,0,0,d87b97e5-8933-459c-8491-e9585ba81280,kur07,22/10/2025 15:38
f8cfeb6f-5766-4893-9ea9-7650d4e2af54,f8cfeb6f-5766-4893-9ea9-7650d4e2af54,2025-09-22,,1,,,,2,2025-10-22,1,,,1,,,,,2025-10-22,,2,2,---,---,2.0,80.0,---,---,---,---,1,,,,,,---,---,---,---,---,---,---,---,---,---,---,---,---,---,---,---,---,---,,1,,1,,,,,,,,tayi,11.6666289,8.4159929,620.33,1.48,CT-KurP7M1442,Lungun Mahauta Domawa Micro marketers,Kano,Kura,Both,Production/Processing,Kano-WOFAN,0,0,8000,4000,0,0,0,0,80,8000,0,0,0,0,0,0,0,d87b97e5-8933-459c-8491-e9585ba81280,kur07,22/10/2025 15:39
ab0c0a7c-2baa-4de5-91c1-91054e47db89,ab0c0a7c-2baa-4de5-91c1-91054e47db89,2025-09-22,,1,,,,oba 98,2025-09-22,1,,,1,,,,,2025-09-22,,2,2,---,---,2.0,80.0,---,---,---,---,1,,,,,,---,---,---,---,---,---,---,---,---,---,---,---,---,---,---,---,---,---,1,,,1,,,1,,,,,tayi,11.6668068,8.4157708,519.45,1.9,CT-KurODST444,Kura takalli cluster,Kano,Kura,Female,Production/Processing,Kano-WOFAN,0,0,8000,4000,0,0,0,0,80,8000,0,0,0,0,0,0,0,8d14689e-9a9f-4b26-9a7c-80209eea19be,kur07,22/10/2025 15:39
69ab96ab-3b5b-4d84-bed4-88011a1e3385,69ab96ab-3b5b-4d84-bed4-88011a1e3385,2025-09-17,,,1,,,faro44,2025-09-23,1,,,1,,,,,2025-10-22,,12,2,---,---,---,---,2.0,2.0,---,---,,,,1,,,---,---,2.0,---,1,,,,,,,,1,,,,,,1,,,1,,,1,,,,,tayi,11.6671394,8.4157275,495.64,1.81,CT-KurODST444,Kura takalli cluster,Kano,Kura,Female,Production/Processing,Kano-WOFAN,0,0,0,0,150,75,0,0,2,150,0,0,150,0,2,150,0,8d14689e-9a9f-4b26-9a7c-80209eea19be,kur07,22/10/2025 15:39
9213236a-c1af-4da1-aa9c-b2f6b23bd477,9213236a-c1af-4da1-aa9c-b2f6b23bd477,2025-10-10,,,1,,,Rice,2025-07-19,1,,,1,,,,,2025-10-19,2,2,7,---,---,---,---,2.0,100.0,---,---,1,,,,,,---,---,---,---,---,---,---,---,---,---,---,---,---,---,---,---,---,---,,1,,1,,,1,,,,,Excellent,11.7079333,8.4247917,492.0,4.7,CT-GarWXPYW40,Yanaba disabled cluster,Kano,Garum_Mallam,,Production,Kano-WOFAN,0,0,0,0,7500,3750,0,0,100,7500,0,0,0,0,0,0,0,bf62949c-c054-4b26-9a20-b962e3e9769b,gmm70,22/10/2025 15:46
8c7cf0b5-adad-4dfd-b87d-124189a961af,8c7cf0b5-adad-4dfd-b87d-124189a961af,2025-09-29,,1,,,,Maize,2025-07-15,1,,,1,,,,,2025-10-20,2,2,9,---,---,2.0,65.0,---,---,---,---,1,,,,,,---,---,---,---,---,---,---,---,---,---,---,---,---,---,---,---,---,---,,1,,1,,,1,,,,,Excellent,11.707965,8.4249117,511.4,2.1,CT-GarWXPYW40,Yanaba disabled cluster,Kano,Garum_Mallam,,Production,Kano-WOFAN,0,0,6500,3250,0,0,0,0,65,6500,0,0,0,0,0,0,0,bf62949c-c054-4b26-9a20-b962e3e9769b,gmm70,22/10/2025 15:46
04faa787-8d9d-44c8-a8ac-b3156f60632c,04faa787-8d9d-44c8-a8ac-b3156f60632c,2025-09-14,,,1,,,Faro 67,2025-07-01,1,,,1,,,,,2025-07-02,2,86,12,---,---,---,---,1.0,2.0,---,---,1,,,,,,---,---,---,---,---,---,---,---,---,---,---,---,---,---,---,---,---,---,1,,,1,,,1,,,,,they have a bumper havest,12.1479397,9.1672072,491.06,2.08,CT-Rin36AN314,CHAI CHAI DISABILITY MULTIPURPOSE GROUP,Jigawa,Ringim,,Production,Jigawa-WOFAN,0,0,0,0,150,150,0,0,2,150,0,0,0,0,0,0,0,84151941-e140-430c-b4ac-3530c0572a4a,rin23,22/10/2025 16:38
1f33db98-288e-4143-bb54-980baab61dcb,1f33db98-288e-4143-bb54-980baab61dcb,2025-09-16,,,1,,,FARO 67,2025-07-02,1,,,1,,,,,2025-07-01,2,86,12,---,---,---,---,2.0,86.0,---,---,1,,,,,,---,---,---,---,---,---,---,---,---,---,---,---,---,---,---,---,---,---,1,,,1,,,1,,,,,they have a bumper havest or other wise,12.1482204,9.1676471,487.05,1.17,CT-RinW8JV708,KUNA DISABILITY FARMERS,Jigawa,Ringim,,Production,Jigawa-WOFAN,0,0,0,0,6450,3225,0,0,86,6450,0,0,0,0,0,0,0,da3461ea-4a96-40d1-97be-b368d7ee0e7d,rin23,22/10/2025 16:38
c6540023-376a-4c58-bf68-04eba903ee2a,c6540023-376a-4c58-bf68-04eba903ee2a,2025-10-22,,,1,,,Faro 67,2025-10-22,1,,,1,,,,,2025-10-22,2,2,20,---,---,---,---,2.0,80.0,---,---,1,,,,,,---,---,---,---,---,---,---,---,---,---,---,---,---,---,---,---,---,---,1,,,1,,,1,,,,,good,11.1574268,8.2319462,766.36,1.23,CT-Ika6XULE14,Gidan Shawai Jamfalan Cluster,Kaduna,Ikara,Both,Production/Processing,Kaduna-WOFAN,0,0,0,0,6000,3000,0,0,80,6000,0,0,0,0,0,0,0,51f2880f-acb2-44c8-bce1-24153e07266b,ika33,22/10/2025 16:40
777ecb55-2ea7-495b-941a-dbf2189d71f0,777ecb55-2ea7-495b-941a-dbf2189d71f0,2025-10-22,,1,,,,Sama 50,2025-10-22,1,,,1,,,,,2025-10-22,1,1,20,---,---,1.0,50.0,---,---,---,---,1,,,,,,---,---,---,---,---,---,---,---,---,---,---,---,---,---,---,---,---,---,1,,,1,,,1,,,,,good,11.1574262,8.2319567,766.98,1.8,CT-Ika6XULE14,Gidan Shawai Jamfalan Cluster,Kaduna,Ikara,Both,Production/Processing,Kaduna-WOFAN,0,0,5000,5000,0,0,0,0,50,5000,0,0,0,0,0,0,0,51f2880f-acb2-44c8-bce1-24153e07266b,ika33,22/10/2025 16:40
97562414-8830-43da-a944-81ef65167f4d,97562414-8830-43da-a944-81ef65167f4d,2025-10-22,,1,,,,Sama 50,2025-10-22,1,,,1,,,,,2025-10-22,1,1,20,---,---,1.0,50.0,---,---,---,---,1,,,,,,---,---,---,---,---,---,---,---,---,---,---,---,---,---,---,---,---,---,1,,,1,,,1,,,,,good,11.1574304,8.2319581,766.84,1.36,CT-Ika45T6546,Gidan Shawai Jamfalan Cluster,Kaduna,Ikara,,Production/Processing,Kaduna-WOFAN,0,0,5000,5000,0,0,0,0,50,5000,0,0,0,0,0,0,0,b2c9bb1f-3f4e-4a0e-8977-00235b3e754e,ika33,22/10/2025 16:41
fe444e99-4023-4500-b2e4-d067a8fb9600,fe444e99-4023-4500-b2e4-d067a8fb9600,2025-09-16,,,1,,,FARO 67,2025-07-01,1,,,1,,,,,2025-06-01,2,86,12,---,---,---,---,2.0,86.0,---,---,1,,,,,,---,---,---,---,---,---,---,---,---,---,---,---,---,---,---,---,---,---,1,,,1,,,1,,,,,they have a bumper havest or other wise,12.1481186,9.16752,438.29,0.73,CT-RinLDM0S59,KUNA DISABILITIES WOMEN COOPERATIVE SOCIETY,Jigawa,Ringim,,Production,Jigawa-WOFAN,0,0,0,0,6450,3225,0,0,86,6450,0,0,0,0,0,0,0,cf54a8b8-3f8b-47a6-9970-fd15c99fb1f3,rin23,22/10/2025 16:55
fcea6880-3253-48fe-bfbf-52edc11fdccc,fcea6880-3253-48fe-bfbf-52edc11fdccc,2025-09-13,,,1,,,Faro 67,2025-07-01,1,,,1,,,,,2025-06-01,2,85,12,---,---,---,---,2.0,85.0,---,---,1,,,,,,---,---,---,---,---,---,---,---,---,---,---,---,---,---,---,---,---,---,1,,,1,,,1,,,,,They have a bumper harvest or other wise,12.09119,9.2025567,422.2,4.5,CT-RinKTYZ920,Charkawa All Female Disabled Cooperative society,Jigawa,Ringim,Female,Production/Processing,Jigawa-WOFAN,0,0,0,0,6375,3188,0,0,85,6375,0,0,0,0,0,0,0,2da56914-5e2b-4aac-abee-2be7bff13ef2,rin26,22/10/2025 16:59
7195c82f-a23f-4560-abc8-0bb7b51cbf98,7195c82f-a23f-4560-abc8-0bb7b51cbf98,2025-09-12,,,1,,,Faro 67,2025-07-02,1,,,1,,,,,2025-10-01,2,86,12,---,---,---,---,2.0,86.0,---,---,1,,,,,,---,---,---,---,---,---,---,---,---,---,---,---,---,---,---,---,---,---,1,,,1,,,1,,,,,They have bumper harvest or other wise,12.0912117,9.202505,422.3,3.5,CT-RinD7OCM07,Dagasa Super Cluster Disability Association,Jigawa,Ringim,Female,Production/Processing,Jigawa-WOFAN,0,0,0,0,6450,3225,0,0,86,6450,0,0,0,0,0,0,0,a9901886-9fdf-4253-97b6-cedc9a0b1665,rin26,22/10/2025 16:59
060360cc-058d-4c0b-9740-ba554067cffd,060360cc-058d-4c0b-9740-ba554067cffd,2025-09-11,,,1,,,Faro 67,2025-07-01,1,,,1,,,,,2025-09-30,2,85,12,---,---,---,---,2.0,85.0,---,---,1,,,,,,---,---,---,---,---,---,---,---,---,---,---,---,---,---,---,---,---,---,1,,,1,,,1,,,,,They have a bumper harvest,12.0912215,9.2025587,421.1,4.15,CT-RinW3C8C41,Karwai Disable Multipurpose Association,Jigawa,Ringim,,Production/Processing,Jigawa-WOFAN,0,0,0,0,6375,3188,0,0,85,6375,0,0,0,0,0,0,0,38d7aed4-eb19-483b-9e41-82af97e7edc4,rin26,22/10/2025 16:59
2b34bbad-c42c-4ada-b605-c0041dee633c,2b34bbad-c42c-4ada-b605-c0041dee633c,2025-09-12,,,1,,,Faro 67,2025-07-03,1,,,1,,,,,2025-10-10,2,86,12,---,---,---,---,2.0,86.0,---,---,1,,,,,,---,---,---,---,---,---,---,---,---,---,---,---,---,---,---,---,---,---,1,,,1,,,1,,,,,They have bumper harvest,12.091225,9.2025152,434.0,2.65,CT-RinW3C8C41,Karwai Disable Multipurpose Association,Jigawa,Ringim,,Production/Processing,Jigawa-WOFAN,0,0,0,0,6450,3225,0,0,86,6450,0,0,0,0,0,0,0,38d7aed4-eb19-483b-9e41-82af97e7edc4,rin26,22/10/2025 16:59
a4fcb234-044d-429d-ba6c-7be0c8c9046e,a4fcb234-044d-429d-ba6c-7be0c8c9046e,2025-09-10,,,1,,,Faro 67,2025-07-03,1,,,1,,,,,2025-10-11,2,85,12,---,---,---,---,2.0,85.0,---,---,1,,,,,,---,---,---,---,---,---,---,---,---,---,---,---,---,---,---,---,---,---,1,,,1,,,1,,,,,They have bumper harvest,12.0912379,9.2025134,433.2,4.8,CT-RinNBJX720,Karwai Super Cluster Disability Association,Jigawa,Ringim,,Production/Processing,Jigawa-WOFAN,0,0,0,0,6375,3188,0,0,85,6375,0,0,0,0,0,0,0,539105a0-ea85-41dd-8982-306b6c879055,rin26,22/10/2025 16:59
53f576c2-a718-4c5b-97d9-89789dcb4138,53f576c2-a718-4c5b-97d9-89789dcb4138,2025-09-17,,,1,,,FARO 67,2025-07-01,1,,,1,,,,,2025-06-01,2,86,12,---,---,---,---,2.0,86.0,---,---,1,,,,,,---,---,---,---,---,---,---,---,---,---,---,---,---,---,---,---,---,---,1,,,1,,,1,,,,,They have a bumper havest or other wise,12.1482011,9.1674628,419.94,1.05,CT-RinN40C556,CHAICHAI DISABLE MULTIPURPOSE,Jigawa,Ringim,,Production,Jigawa-WOFAN,0,0,0,0,6450,3225,0,0,86,6450,0,0,0,0,0,0,0,1e78de0b-8acd-43f3-a08d-6a74da298eec,rin23,22/10/2025 17:01
f8044f06-0eee-4f61-aa72-cc46967999e9,f8044f06-0eee-4f61-aa72-cc46967999e9,2025-05-22,,1,,,,oba98,2025-04-22,1,,,1,,,,,2025-10-16,1,1,18,---,---,1.0,55.0,---,---,---,---,1,,,,,,---,---,---,---,---,---,---,---,---,---,---,---,---,---,---,---,---,---,1,,,1,,,1,,,,,very good,11.6666675,8.4156002,530.3,8.25,CT-Gar40A3026,Fankurum yan awara markaters and sallers,Kano,Garum_Mallam,Female,Production/Processing,Kano-WOFAN,0,0,5500,5500,0,0,0,0,55,5500,0,0,0,0,0,0,0,05c6a7c9-1114-462b-a564-97c4dc52ebc6,gmm54,22/10/2025 17:02
6c78d52d-33b8-4629-8afd-240b40c7cda7,6c78d52d-33b8-4629-8afd-240b40c7cda7,2025-06-18,,,1,,,faro44,2025-05-22,,1,,1,,,,,2025-10-19,1,1,10,---,---,---,---,1.0,80.0,---,---,1,,,,,,---,---,---,---,---,---,---,---,---,---,---,---,---,---,---,---,---,---,,1,,1,,,1,,,,,very good,11.6665082,8.4165711,530.3,7.8,CT-Gar40A3026,Fankurum yan awara markaters and sallers,Kano,Garum_Mallam,Female,Production/Processing,Kano-WOFAN,0,0,0,0,6000,6000,0,0,80,6000,0,0,0,0,0,0,0,05c6a7c9-1114-462b-a564-97c4dc52ebc6,gmm54,22/10/2025 17:02
4b263219-d947-4c9c-9f7d-8666bea5201a,4b263219-d947-4c9c-9f7d-8666bea5201a,2025-09-19,,1,,,,maize,2025-06-18,1,,,1,,,,,2025-09-28,2,60,12,---,---,2.0,100.0,---,---,---,---,,,1,,,,---,20.0,---,---,,,1,,,,,,,,,,,,,1,,1,,,1,,,,,V.good,11.6770638,8.4096759,546.7,4.9,CT-GarBJPG402,YAN TUDU DISABLE ASSOCIATION,Kano,Garum_Mallam,,Production/Processing,Kano-WOFAN,0,0,10000,5000,0,0,0,0,100,10000,0,2000,0,0,20,2000,0,3da7e590-427d-481d-9e6e-b5a9af4e7d9b,gmm55,22/10/2025 17:45
86685298-4716-4c31-ac19-0edff17e068c,86685298-4716-4c31-ac19-0edff17e068c,2025-09-22,,1,,,,Maize,2025-07-18,1,,,1,,,,,2025-08-22,2,60,12,---,---,2.0,6000.0,---,---,---,---,,,1,,,,---,2.0,---,---,,,,,,,,1,,,,,,,1,,,1,,,1,,,,,V.good,11.6784023,8.4271368,530.22,2.84,CT-GarBJPG402,YAN TUDU DISABLE ASSOCIATION,Kano,Garum_Mallam,,Production/Processing,Kano-WOFAN,0,0,600000,300000,0,0,0,0,6000,600000,0,200,0,0,2,200,0,3da7e590-427d-481d-9e6e-b5a9af4e7d9b,gmm55,22/10/2025 17:45
448f9f3a-398d-4454-95c5-648fe05d2e9a,448f9f3a-398d-4454-95c5-648fe05d2e9a,2025-08-22,,1,,,,Maize,2025-06-22,1,,,1,,,,,2025-09-21,1,40,12,---,---,1.0,4000.0,---,---,---,---,,,1,,,,---,1.0,---,---,,,,,,,,,,,,1,,,1,,,1,,,1,,,,,V.good,11.678334,8.4271412,530.97,2.68,CT-GarBJPG402,YAN TUDU DISABLE ASSOCIATION,Kano,Garum_Mallam,,Production/Processing,Kano-WOFAN,0,0,400000,400000,0,0,0,0,4000,400000,0,100,0,0,1,100,0,3da7e590-427d-481d-9e6e-b5a9af4e7d9b,gmm55,22/10/2025 17:45
5d9fc5d0-3dcf-4f92-b68a-c56a4c21ce1d,5d9fc5d0-3dcf-4f92-b68a-c56a4c21ce1d,2025-08-22,,,1,,,Rice,2025-07-22,1,,,1,,,,,2025-10-22,1,35,12,---,---,---,---,1.0,2625.0,---,---,,,,1,,,---,---,1.0,---,1,,,,,,,,,,,,,,,1,,1,,,1,,,,,V.good,11.6782908,8.4271289,513.91,2.52,CT-GarBJPG402,YAN TUDU DISABLE ASSOCIATION,Kano,Garum_Mallam,,Production/Processing,Kano-WOFAN,0,0,0,0,196875,196875,0,0,2625,196875,0,0,75,0,1,75,0,3da7e590-427d-481d-9e6e-b5a9af4e7d9b,gmm55,22/10/2025 17:45
d9c5b34a-c05b-4e10-bcba-8425a629cf01,d9c5b34a-c05b-4e10-bcba-8425a629cf01,2025-05-22,,,1,,,faro44,2025-05-22,1,,,1,,,,,2025-04-22,1,1,10,---,---,---,---,1.0,80.0,---,---,1,,,,,,---,---,---,---,---,---,---,---,---,---,---,---,---,---,---,---,---,---,1,,,1,,,1,,,,,very good,11.6666738,8.4158083,510.4,8.0,CT-KurN870C41,DAN HASSAN SINTILI CLUSTER,Kano,Kura,Female,Production/Processing,Kano-WOFAN,0,0,0,0,6000,6000,0,0,80,6000,0,0,0,0,0,0,0,8300a47d-010c-4c6e-8d42-5d3969f44cb1,gmm54,22/10/2025 18:15
13cd36cc-d980-40b0-858a-b2af1db7fd9e,13cd36cc-d980-40b0-858a-b2af1db7fd9e,2025-05-17,,1,,,,oba98,2025-05-22,1,,,1,,,,,2025-09-22,1,1,10,---,---,1.0,55.0,---,---,---,---,1,,,,,,---,---,---,---,---,---,---,---,---,---,---,---,---,---,---,---,---,---,1,,,1,,,1,,,,,very good,11.6666352,8.4158283,510.4,8.19,CT-KurN870C41,DAN HASSAN SINTILI CLUSTER,Kano,Kura,Female,Production/Processing,Kano-WOFAN,0,0,5500,5500,0,0,0,0,55,5500,0,0,0,0,0,0,0,8300a47d-010c-4c6e-8d42-5d3969f44cb1,gmm54,22/10/2025 18:15
1390bd9e-c1d7-4a2c-82dd-40506b167998,1390bd9e-c1d7-4a2c-82dd-40506b167998,2025-09-22,,,1,,,rice,2025-07-22,1,,,1,,,,,2025-10-18,2,2,10,---,---,---,---,2.0,100.0,---,---,1,,,,,,---,---,---,---,---,---,---,---,---,---,---,---,---,---,---,---,---,---,,1,,1,,,1,,,,,non,11.8243168,8.4998482,491.2,8.69,CT-KurGEBRL18,Karfi wofan cluster micro maketers co operative society limited,Kano,Kura,Both,Production/Processing,Kano-WOFAN,0,0,0,0,7500,3750,0,0,100,7500,0,0,0,0,0,0,0,1e5aa9e3-ba80-46b2-9478-abb473e02410,kur09,22/10/2025 18:21
acea6d32-286d-4a71-b288-b1006f533476,acea6d32-286d-4a71-b288-b1006f533476,2025-07-10,,1,,,,maize 🌽,2025-07-10,1,,,1,,,,,2025-07-10,2,2,1,---,---,2.0,2.0,---,---,---,---,,,1,,,,---,2.0,---,---,1,,,,,,,,,,,,,,1,,,1,,,1,,,,,Very Excellent 👌,11.6502233,8.4409649,518.29,1.13,CT-Gar1CPRM58,MASU NA KAN SU /PROCESS AND PRODUCTION AVAILABLE,Kano,Garum_Mallam,Female,Production/Processing,Kano-WOFAN,0,0,200,100,0,0,0,0,2,200,0,200,0,0,2,200,0,8b5cd543-e607-4118-8af3-1b2fc6732e7c,bun16,22/10/2025 18:32
2c593294-401d-43ca-9101-03bf5eb9965f,2c593294-401d-43ca-9101-03bf5eb9965f,2025-09-18,,,1,,,faro 67,2025-09-13,1,,,1,,,,,2025-07-01,2,170,12,---,---,---,---,2.0,170.0,---,---,,,,1,,,---,---,1.0,---,1,,,,,,,,,,,,,,1,,,1,,,1,,,,,the variety is good,12.3259223,9.462576,402.29,1.16,CT-Tau0WQ5P49,cikin gari disability association,Jigawa,Taura,,Production/Processing,Jigawa-WOFAN,0,0,0,0,12750,6375,0,0,170,12750,0,0,75,0,1,75,0,36bf9ac6-7ba0-4d30-a1da-f2076f868f03,tau29,22/10/2025 18:46
ce391a53-2a2e-4102-a588-a9d258149afa,ce391a53-2a2e-4102-a588-a9d258149afa,2025-09-13,,,1,,,faro 67,2025-07-01,1,,,1,,,,,2025-06-01,2,2,12,---,---,---,---,2.0,85.0,---,---,1,,,,,,---,---,---,---,---,---,---,---,---,---,---,---,---,---,---,---,---,---,1,,,1,,,1,,,,,variety is good,12.3259227,9.462569,403.9,1.21,CT-Tau4DNJ133,Yau da gobe sai Allah disability association,Jigawa,Taura,,Production/Processing,Jigawa-WOFAN,0,0,0,0,6375,3188,0,0,85,6375,0,0,0,0,0,0,0,f97032aa-99dd-4268-9f5b-66311d87197e,tau29,22/10/2025 18:47
3cc8d635-c112-40c9-b0e4-96180d2b072f,3cc8d635-c112-40c9-b0e4-96180d2b072f,2025-09-13,,,1,,,faro 67,2025-07-01,1,,,1,,,,,2025-06-01,2,2,12,---,---,---,---,2.0,170.0,---,---,1,,,,,,---,---,---,---,---,---,---,---,---,---,---,---,---,---,---,---,---,---,1,,,1,,,1,,,,,good variety,12.3259129,9.4625636,404.46,1.6,CT-TauI3AY025,Female Disability Association Nomi,Jigawa,Taura,,Production/Processing,Jigawa-WOFAN,0,0,0,0,12750,6375,0,0,170,12750,0,0,0,0,0,0,0,e1dcdfc7-e870-4610-8259-22b112e4ccdf,tau29,22/10/2025 18:47
1f4e7cb9-a24e-4f2e-ba70-3304b96dbe11,1f4e7cb9-a24e-4f2e-ba70-3304b96dbe11,2025-09-13,,1,,,,2,2025-06-01,1,,,1,,,,,2025-07-01,2,170,12,---,---,2.0,170.0,---,---,---,---,1,,,,,,---,---,---,---,---,---,---,---,---,---,---,---,---,---,---,---,---,---,1,,,1,,,1,,,,,good variety,12.3259564,9.4625609,393.67,1.14,CT-TauTK2AR11,Malamawa association of disability,Jigawa,Taura,,Production/Processing,Jigawa-WOFAN,0,0,17000,8500,0,0,0,0,170,17000,0,0,0,0,0,0,0,cfdbfee1-f7d4-4cab-b7f7-3dc06bc4bfd1,tau29,22/10/2025 18:47
8d9708f2-cac3-4649-bf0a-c4773fa1e66c,8d9708f2-cac3-4649-bf0a-c4773fa1e66c,2025-09-13,,,1,,,faro 67,2025-06-01,1,,,1,,,,,2025-07-01,2,85,12,---,---,---,---,2.0,85.0,---,---,1,,,,,,---,---,---,---,---,---,---,---,---,---,---,---,---,---,---,---,---,---,1,,,1,,,1,,,,,good variety,12.3259827,9.4622253,352.28,3.81,CT-TauXJL4L32,Alkhairi disability group kwalam,Jigawa,Taura,,Production/Processing,Jigawa-WOFAN,0,0,0,0,6375,3188,0,0,85,6375,0,0,0,0,0,0,0,422754fb-ac39-46e9-acb3-b7af42e8c9c0,tau29,22/10/2025 18:48
aa20dfd1-f92e-4e5a-a859-a194d22c08e7,aa20dfd1-f92e-4e5a-a859-a194d22c08e7,2025-10-22,,,1,,,Rice,2025-08-14,1,,,,1,,,,2025-10-22,2,2,50,---,---,---,---,1.0,1.0,---,---,,,,1,,,---,---,60.0,---,1,,,,,,,,,,,,,,1,,,1,,,1,,,,,Good,11.6694391,8.4140836,517.99,4.99,CT-KurGEBRL18,Karfi wofan cluster micro maketers co operative society limited,Kano,Kura,Both,Production/Processing,Kano-WOFAN,0,0,0,0,75,75,0,0,1,75,0,0,4500,0,60,4500,0,1e5aa9e3-ba80-46b2-9478-abb473e02410,kur11,22/10/2025 19:44
92bdccc6-595e-47d7-a1d2-51f93ddd061b,92bdccc6-595e-47d7-a1d2-51f93ddd061b,2025-10-22,,1,,,,Maize,2025-10-22,1,,,1,,,,,2025-10-22,2,2,60,---,---,2.0,1.0,---,---,---,---,,,1,,,,---,80.0,---,---,1,,,,,,,,,,,,,,,1,,,1,,1,,,,,good,11.6643568,8.4167955,523.47,3.79,CT-KurGEBRL18,Karfi wofan cluster micro maketers co operative society limited,Kano,Kura,Both,Production/Processing,Kano-WOFAN,0,0,100,50,0,0,0,0,1,100,0,8000,0,0,80,8000,0,1e5aa9e3-ba80-46b2-9478-abb473e02410,kur11,22/10/2025 19:48
830796e3-0f9e-4b6f-962b-705a956a462d,830796e3-0f9e-4b6f-962b-705a956a462d,2025-10-22,,,1,,,Rice,2025-10-22,1,,,1,,,,,2025-10-22,2,2,50,---,---,---,---,2.0,1.0,---,---,,,,1,,,---,---,120.0,---,1,,,,,,,,,,,,,,,1,,1,,,1,,,,,good,11.6644347,8.4168103,533.42,4.1,CT-KurNCKUQ09,KURA ALKALAWA CLUSTER,Kano,Kura,Female,Production/Processing,Kano-WOFAN,0,0,0,0,75,38,0,0,1,75,0,0,9000,0,120,9000,0,dd10c62f-ca5c-4ae2-90b3-c4b45ebf17e0,kur11,22/10/2025 19:55
17b89296-438b-4f2b-9386-ef460319e5a3,17b89296-438b-4f2b-9386-ef460319e5a3,2025-10-22,,1,,,,Maize,2025-10-22,1,,,1,,,,,2025-10-22,2,2,60,---,---,1.0,2.0,---,---,---,---,,,1,,,,---,80.0,---,---,1,,,,,,,,,,,,,,,1,,1,,,1,,,,,good,11.6643423,8.4168037,533.3,4.37,CT-KurNCKUQ09,KURA ALKALAWA CLUSTER,Kano,Kura,Female,Production/Processing,Kano-WOFAN,0,0,200,200,0,0,0,0,2,200,0,8000,0,0,80,8000,0,dd10c62f-ca5c-4ae2-90b3-c4b45ebf17e0,kur11,22/10/2025 19:56
c2d405c1-b2a2-41ba-a36c-686245b189ce,c2d405c1-b2a2-41ba-a36c-686245b189ce,2025-10-20,,1,,,,Sama 50,2025-06-24,1,,,1,,,,,2025-10-20,2,2,20,---,---,2.0,130.0,---,---,---,---,,,1,,,,---,1.0,---,---,,,,,,,,,,1,,,,,1,,,1,,,1,,,,,success,11.1549593,8.232029,697.6,4.13,CT-IkaBY9TK30,PALA GABARI PWD CLUSTER,Kaduna,Ikara,,Production/Processing,Kaduna-WOFAN,0,0,13000,6500,0,0,0,0,130,13000,0,100,0,0,1,100,0,61c6e52e-e2b3-4f6a-a062-f1f4a388d7ce,ika19,22/10/2025 21:01
bea4d66f-b0ec-4d8a-be02-eb75f8ac7bc8,bea4d66f-b0ec-4d8a-be02-eb75f8ac7bc8,2025-10-18,,,1,,,Faro 67,2025-06-22,,1,,1,,,,,2025-10-22,2,120,22,---,---,---,---,2.0,120.0,---,---,,,,1,,,---,---,5.0,---,,,,,,,,,,,1,,,,,1,,1,,,1,,,,,Success,11.1549923,8.2320244,681.0,4.48,CT-IkaLLDR037,PALA TUDU PWD CLUSTER,Kaduna,Ikara,,Production/Processing,Kaduna-WOFAN,0,0,0,0,9000,4500,0,0,120,9000,0,0,375,0,5,375,0,aea66ec3-0856-45b5-bc75-731c65a5bed5,ika19,22/10/2025 21:01
33293512-bca1-43f6-baac-036d6a5eed88,33293512-bca1-43f6-baac-036d6a5eed88,2025-10-22,,,1,,,rice,2025-10-22,1,,,1,,,,,2024-10-21,100,1,87,---,---,---,---,1.0,100.0,---,---,,,,1,,,---,---,100.0,---,1,,,,,,,,,,,,,,,1,,,1,,1,,,,,good,12.0124363,8.4907892,505.59,2.97,CT-KurGEBRL18,Karfi wofan cluster micro maketers co operative society limited,Kano,Kura,Both,Production/Processing,Kano-WOFAN,0,0,0,0,7500,7500,0,0,100,7500,0,0,7500,0,100,7500,0,1e5aa9e3-ba80-46b2-9478-abb473e02410,kur02,23/10/2025 04:47
f92b0775-23fd-46fb-862c-cfadd1dccb31,f92b0775-23fd-46fb-862c-cfadd1dccb31,2025-10-21,,,1,,,rice,2025-10-22,1,,,1,,,,,2024-10-21,100,1,98,---,---,---,---,1.0,100.0,---,---,,,,1,,,---,---,100.0,---,1,,,,,,,,,,,,,,,1,,,1,,1,,,,,good,12.0107874,8.4942118,700.06,8.25,CT-KurNCKUQ09,KURA ALKALAWA CLUSTER,Kano,Kura,Female,Production/Processing,Kano-WOFAN,0,0,0,0,7500,7500,0,0,100,7500,0,0,7500,0,100,7500,0,dd10c62f-ca5c-4ae2-90b3-c4b45ebf17e0,kur02,23/10/2025 04:47
856a9fed-ec5c-4f87-b121-4dafd57e4fbe,856a9fed-ec5c-4f87-b121-4dafd57e4fbe,2025-09-22,,,1,,,rice,2025-09-22,1,,,1,,,,,2025-09-22,1,1,89,---,---,---,---,1.0,100.0,---,---,,,,1,,,---,---,100.0,---,1,,,,,,,,,,,,,,,1,,,1,,1,,,,,good,12.0125884,8.4906702,550.3,1.42,CT-KurGGHRU35,KURA ALKALAWA RAAYI CLUSTER,Kano,Kura,Female,Production/Processing,Kano-WOFAN,0,0,0,0,7500,7500,0,0,100,7500,0,0,7500,0,100,7500,0,e1a80278-0ddb-48a6-9d1e-7420f83fac6a,kur02,23/10/2025 04:47
041c9793-2827-4d7d-a6cf-31741eb4e5bf,041c9793-2827-4d7d-a6cf-31741eb4e5bf,2025-10-21,,,1,,,rice,2025-09-20,1,,,1,,,,,2025-11-22,1,60,89,---,---,---,---,1.0,100.0,---,---,,,1,,,,---,100.0,---,---,,,,,,,1,,,,,,,,,1,,,1,,1,,,,,good,12.0125528,8.4906453,527.36,4.9,CT-KurFFXWD28,KURA BAKING KASUWA CLUSTER,Kano,Kura,Female,Production/Processing,Kano-WOFAN,0,0,0,0,7500,7500,0,0,100,7500,0,10000,0,0,100,10000,0,52c03fc2-4de7-4354-8b41-bfdf6cb461a0,kur02,23/10/2025 04:47
cb71afed-0a62-4d36-a457-7bf6578083c7,cb71afed-0a62-4d36-a457-7bf6578083c7,2025-07-18,,,1,,,rvi,2024-08-25,1,,,1,,,,,2025-10-26,40,1,79,---,---,---,---,1.0,100.0,---,---,,,,1,,,---,---,100.0,---,,,,,,,,,,1,,,,,,1,,,1,,1,,,,,good,12.0124868,8.4906342,521.82,4.48,CT-Kur7K4Z001,KURA CIKIN GARI CLUSTER,Kano,Kura,Female,Production/Processing,Kano-WOFAN,0,0,0,0,7500,7500,0,0,100,7500,0,0,7500,0,100,7500,0,cde2b747-1e4c-4879-a80b-b73f183d8646,kur02,23/10/2025 04:47
71ef9ea2-d7d9-46f4-823f-2098899cac2d,71ef9ea2-d7d9-46f4-823f-2098899cac2d,2025-06-23,,,1,,,Faro44,2025-06-23,1,,,1,,,,,2025-10-09,1,1,10,---,---,---,---,1.0,80.0,---,---,1,,,,,,---,---,---,---,---,---,---,---,---,---,---,---,---,---,---,---,---,---,,1,,1,,,1,,,,,Atabbatar ta bushe,11.6665717,8.4154317,467.0,9.4,CT-GarFTGG641,Garun malam kungiyar Yan awara,Kano,Garum_Mallam,Female,Production/Processing,Kano-WOFAN,0,0,0,0,6000,6000,0,0,80,6000,0,0,0,0,0,0,0,15e2e593-2aec-422e-9c6b-93c07f4e214e,gmm02,23/10/2025 05:20
8638cc78-10cb-45a2-9034-531b5355c0a3,8638cc78-10cb-45a2-9034-531b5355c0a3,2025-06-23,,1,,,,O ba98,2025-06-19,1,,,1,,,,,2025-10-08,2,2,10,---,---,2.0,60.0,---,---,---,---,1,,,,,,---,---,---,---,---,---,---,---,---,---,---,---,---,---,---,---,---,---,,1,,1,,,1,,,,,Atabbar ta bushe  sannan akai kasuwa/sito in ajiya za ai asanya mata saman dagari atabbatar ansanya katako akasanta,11.666715,8.4156283,470.4,6.6,CT-GarFTGG641,Garun malam kungiyar Yan awara,Kano,Garum_Mallam,Female,Production/Processing,Kano-WOFAN,0,0,6000,3000,0,0,0,0,60,6000,0,0,0,0,0,0,0,15e2e593-2aec-422e-9c6b-93c07f4e214e,gmm02,23/10/2025 05:20
a48d672d-33e5-433a-9db3-559363c04db3,a48d672d-33e5-433a-9db3-559363c04db3,2025-10-21,,1,,,,samas 50,2025-05-28,1,,,1,,,,,2025-10-22,2,2,13,---,---,2.0,120.0,---,---,---,---,1,,,,,,---,---,---,---,---,---,---,---,---,---,---,---,---,---,---,---,---,---,,1,,1,,,1,,,,,"motivation and encoragement of the community parters, i'm the extension worker with us",11.1755183,8.22679,688.6,4.8,CT-Ika0MQAH41,Gidan Guza PWDs Cluster,Kaduna,Ikara,,Production/Processing,Kaduna-WOFAN,0,0,12000,6000,0,0,0,0,120,12000,0,0,0,0,0,0,0,8cba7452-1058-4e54-afc1-e14a595cbf50,ika18,23/10/2025 06:58
1fbef5ad-a3a2-4fa5-b8bd-08d160b94ce2,1fbef5ad-a3a2-4fa5-b8bd-08d160b94ce2,2025-10-21,,1,,,,samas 50,2025-06-09,1,,,1,,,,,2025-10-21,2,120,12,---,---,2.0,120.0,---,---,---,---,1,,,,,,---,---,---,---,---,---,---,---,---,---,---,---,---,---,---,---,---,---,,1,,1,,,1,,,,,motivation and encoragement to the community partner,11.1740183,8.2272183,671.7,4.91,CT-Ika0MQAH41,Gidan Guza PWDs Cluster,Kaduna,Ikara,,Production/Processing,Kaduna-WOFAN,0,0,12000,6000,0,0,0,0,120,12000,0,0,0,0,0,0,0,8cba7452-1058-4e54-afc1-e14a595cbf50,ika18,23/10/2025 06:58
9785dd4e-bc6e-4e37-9f39-b9d063b2f758,9785dd4e-bc6e-4e37-9f39-b9d063b2f758,2025-10-23,,,1,,,Rice,2025-10-23,1,,,1,,,,,2025-10-23,2,2,60,---,---,---,---,2.0,2.0,---,---,,,,1,,,---,---,120.0,---,1,,,,,,,,,,,,,,,1,,1,,,1,,,,,good,11.669509,8.4141736,520.29,4.38,CT-KurGGHRU35,KURA ALKALAWA RAAYI CLUSTER,Kano,Kura,Female,Production/Processing,Kano-WOFAN,0,0,0,0,150,75,0,0,2,150,0,0,9000,0,120,9000,0,e1a80278-0ddb-48a6-9d1e-7420f83fac6a,kur11,23/10/2025 08:28
4ba387b2-bac8-4522-8e33-6f54b3b6620f,4ba387b2-bac8-4522-8e33-6f54b3b6620f,2025-10-23,,1,,,,maize,2025-07-12,1,,,1,,,,,2025-10-23,2,2,60,---,---,2.0,1.0,---,---,---,---,,,1,,,,---,80.0,---,---,1,,,,,,,,,,,,,,,1,,1,,,1,,,,,good,11.6688366,8.417868,517.22,4.98,CT-KurGGHRU35,KURA ALKALAWA RAAYI CLUSTER,Kano,Kura,Female,Production/Processing,Kano-WOFAN,0,0,100,50,0,0,0,0,1,100,0,8000,0,0,80,8000,0,e1a80278-0ddb-48a6-9d1e-7420f83fac6a,kur11,23/10/2025 08:29
6f69b406-0407-422a-8168-aabd1731053e,6f69b406-0407-422a-8168-aabd1731053e,2025-10-23,,1,1,,,Maize samas 55/Rice parro 75,2025-06-15,1,,,1,,,,,2025-10-23,2,160,20,---,---,1.0,85.0,1.0,75.0,---,---,1,,,,,,---,---,---,---,---,---,---,---,---,---,---,---,---,---,---,---,---,---,1,,,1,,,1,,,,,good,11.2104066,8.1069797,662.1,4.93,CT-IkaUXT3G12,Nakasar Jiki Bata Zuciya ba Rumi Female Youth Association,Kaduna,Ikara,,Production/Processing,Kaduna-WOFAN,0,0,8500,8500,5625,5625,0,0,160,14125,0,0,0,0,0,0,0,3f7c8a67-2dff-479e-a017-7d30a2152bb7,ika34,23/10/2025 10:20
509b1110-fa0d-46c6-bc7d-5627aaf18421,509b1110-fa0d-46c6-bc7d-5627aaf18421,2025-09-13,,1,,,,faro 67,2025-06-01,1,,,1,,,,,2025-09-01,2,1,12,---,---,2.0,85.0,---,---,---,---,1,,,,,,---,---,---,---,---,---,---,---,---,---,---,---,---,---,---,---,---,---,1,,,1,,,1,,,,,harvesting manual,12.3407189,9.4862278,392.4,2.77,CT-Tau1YBSL46,Disabled fermers group 3,Jigawa,Taura,,Production/Processing,Jigawa-WOFAN,0,0,8500,4250,0,0,0,0,85,8500,0,0,0,0,0,0,0,0cd8c7a7-3b03-4dbf-8389-888e1da610f1,tau29,23/10/2025 10:34
028ecab8-171f-4e7f-bf96-d4134aa358a9,028ecab8-171f-4e7f-bf96-d4134aa358a9,2025-09-13,,1,,,,faro 67,2025-06-01,1,,,1,,,,,2025-09-13,2,85,12,---,---,1.0,85.0,---,---,---,---,1,,,,,,---,---,---,---,---,---,---,---,---,---,---,---,---,---,---,---,---,---,1,,,1,,,1,,,,,good variety,12.3407323,9.4862299,392.96,0.85,CT-TauC7UGO24,All Disability Forum Majia Tasha,Jigawa,Taura,,Production/Processing,Jigawa-WOFAN,0,0,8500,8500,0,0,0,0,85,8500,0,0,0,0,0,0,0,624aea6b-df20-4181-a391-ea8680de0a5c,tau29,23/10/2025 11:07
de5ee992-93e4-4719-a0f3-7baab2792446,de5ee992-93e4-4719-a0f3-7baab2792446,2025-10-23,,,1,,,Rice,2025-07-04,1,,,1,,,,,2025-10-19,1,1,6,---,---,---,---,1.0,62.0,---,---,,,,1,,,---,---,0.5,---,,1,,,,,,,,,,,,,,1,,1,,,1,,,,,good herveying activities,12.0464283,9.4206933,399.2,4.2,CT-Jah9KATP16,Zangon Danlawan Tukuyawa Disabled Multi-purpose Cooperative Society,Jigawa,Jahun,Both,Production/Processing,Jigawa-WOFAN,0,0,0,0,4650,4650,0,0,62,4650,0,0,37.5,0,0.5,37.5,0,0c027f04-74a8-4c0a-9ddf-10179a32b238,jah66,23/10/2025 11:49
22724f9b-df12-42d8-ba3a-8f7c8d7f62c8,22724f9b-df12-42d8-ba3a-8f7c8d7f62c8,2025-10-22,,,1,,,Rice,2025-07-10,1,,,1,,,,,2025-10-23,1,1,6,---,---,---,---,1.0,60.0,---,---,,,,1,,,---,---,0.3,---,,,,,,,,,,,,,1,,1,,,1,,,1,,,,,good storage Condition,12.0464217,9.42063,399.4,4.3,CT-JahK166J27,Damutawa Disabled Group WOFAN multipurpose Cooperative,Jigawa,Jahun,Both,Production/Processing,Jigawa-WOFAN,0,0,0,0,4500,4500,0,0,60,4500,0,0,22.5,0,0.3,22.5,0,69e0126a-9545-4b82-b7a6-e0b1f27bff67,jah66,23/10/2025 11:54
8a42dcdb-ee7e-437b-8c14-b15dfc2c4da6,8a42dcdb-ee7e-437b-8c14-b15dfc2c4da6,2025-10-23,,,1,,,Rice,2025-07-11,1,,,1,,,,,2025-10-23,1,58,5,---,---,---,---,1.0,58.0,---,---,,,,1,,,---,---,0.5,---,,,,,,,,,,,,,1,,1,,,1,,,1,,,,,good storage Condition,12.04633,9.4206367,398.7,4.59,CT-JahT3O8645,isari kale & Buraburi Disabled WOFAN Cooperative society,Jigawa,Jahun,Both,Production/Processing,Jigawa-WOFAN,0,0,0,0,4350,4350,0,0,58,4350,0,0,37.5,0,0.5,37.5,0,2a4da298-bfa1-4d6b-a6ff-60aec15bcb79,jah66,23/10/2025 11:57
27ec8bd5-fdff-4b48-a852-54b5c8d03ed5,27ec8bd5-fdff-4b48-a852-54b5c8d03ed5,2025-10-23,,,1,,,good,2025-10-23,1,,,1,,,,,2025-10-23,2,2,10,---,---,---,---,2.0,60.0,---,---,,,,1,,,---,---,1.0,---,,,,,,,,,,,,,1,,1,,,1,,,,,,1,,good,12.0502417,9.42582,404.3,4.7,CT-JahZ4ASU22,Aujara women's disabled,Jigawa,Jahun,Both,Production/Processing,Jigawa-WOFAN,0,0,0,0,4500,2250,0,0,60,4500,0,0,75,0,1,75,0,ec456d60-250c-4834-a2e8-43b048e7f803,jah68,23/10/2025 12:26
3993ecab-2eec-4988-ba71-db56f3437126,3993ecab-2eec-4988-ba71-db56f3437126,2025-10-23,,,1,,,rice,2025-10-23,1,,,,,,1,,2025-10-23,2,2,100,---,---,---,---,2.0,60.0,---,---,,,,1,,,---,---,5.0,---,,,,,,,,,,,,,1,,1,,,1,,,,,,1,,very nice,12.0503933,9.4257233,404.8,3.8,CT-JahKZTBX18,Atuman disabled women rice  farmers association,Jigawa,Jahun,Female,Production,Jigawa-WOFAN,0,0,0,0,4500,2250,0,0,60,4500,0,0,375,0,5,375,0,6e76c7ba-8bf4-46d2-94aa-23fd08258868,jah68,23/10/2025 12:26
0103850d-82b8-4da9-9c57-0232aa27fe98,0103850d-82b8-4da9-9c57-0232aa27fe98,2025-10-19,,,1,,,rice,2025-07-23,1,,,1,,,,,2025-09-24,2,2,3,---,---,---,---,2.0,75.0,---,---,,,,1,,,---,---,60.0,---,1,,,,,,,,,,,,,,1,,,1,,,1,,,,,good,11.547544,8.3827439,546.09,2.81,CT-KirYB2LS40,Alheri Disable Women Cluster,Kano,Kiru,,Production,Kano-WOFAN,0,0,0,0,5625,2813,0,0,75,5625,0,0,4500,0,60,4500,0,21bfb2a6-8513-4312-aca0-a9e70636f139,beb45,23/10/2025 13:19
63fd562c-852d-448b-a660-68de91f8d24c,63fd562c-852d-448b-a660-68de91f8d24c,2025-10-20,,,1,,,Faro 67,2025-06-27,1,,,1,,,,,2025-10-19,2,150,12,---,---,---,---,2.0,150.0,---,---,1,,,,,,---,---,---,---,---,---,---,---,---,---,---,---,---,---,---,---,---,---,1,,,1,,,1,,,,,Alhamdulillahi,12.1370133,9.1587033,417.0,4.4,CT-Rin1HR9C46,AMALGAMATION OF PEOPLE WITH DISABILITIES MALAMAWA,Jigawa,Ringim,Female,Production/Processing,Jigawa-WOFAN,0,0,0,0,11250,5625,0,0,150,11250,0,0,0,0,0,0,0,d6c68b4d-1242-4b91-b244-5c5fb5186b75,rin17,23/10/2025 13:31
ea1c47d4-1894-4852-90c8-078b7abff1ff,ea1c47d4-1894-4852-90c8-078b7abff1ff,2025-09-27,,1,,,,yes,2025-09-27,1,,,1,,,,,2025-09-28,2,42,70,---,---,2.0,100.0,---,---,---,---,,,1,,,,---,1.0,---,---,,,,,,,,,,1,,,,,1,,,1,1,,1,,,,,excellent great,11.6213453,8.4223749,2531.33,2.71,CT-Kur2RUXN16,DAN HASSAN SUWAIKA CLUSTER,Kano,Kura,Female,Production/Processing,Kano-WOFAN,0,0,10000,5000,0,0,0,0,100,10000,0,100,0,0,1,100,0,fdfabe68-2c0d-4cbb-94fa-6ee507892b7b,gmm66,23/10/2025 13:41
101cfdf2-7e93-4d02-8166-ead0129ed7fd,101cfdf2-7e93-4d02-8166-ead0129ed7fd,2025-07-09,,1,,,,good,2025-09-10,1,,,1,,,,,2025-09-10,2,2,20,---,---,2.0,100.0,---,---,---,---,,,1,,,,---,1.0,---,---,,,,,,,,,,1,,,,,1,,,1,1,,1,,,,,good,11.6329544,8.4037505,517.31,2.12,CT-GarX2FKZ54,KAFIN ALLAH DISABLE ASSOCIATION,Kano,Garum_Mallam,,Production/Processing,Kano-WOFAN,0,0,10000,5000,0,0,0,0,100,10000,0,100,0,0,1,100,0,8e3f8275-03db-4750-94bb-12c167cccb53,gmm66,23/10/2025 13:41
2c639f22-710c-4a66-a0ea-aab04fd47286,2c639f22-710c-4a66-a0ea-aab04fd47286,2025-08-23,,,1,,,faro44,2025-06-16,,1,,1,,,,,2025-10-14,1,1,111,---,---,---,---,1.0,80.0,---,---,1,,,,,,---,---,---,---,---,---,---,---,---,---,---,---,---,---,---,---,---,---,,1,,1,,,1,,,,,very good,11.6666725,8.4157107,496.9,6.25,CT-Kur2RUXN16,DAN HASSAN SUWAIKA CLUSTER,Kano,Kura,Female,Production/Processing,Kano-WOFAN,0,0,0,0,6000,6000,0,0,80,6000,0,0,0,0,0,0,0,fdfabe68-2c0d-4cbb-94fa-6ee507892b7b,gmm54,23/10/2025 14:26
4845defb-c5de-4464-8dca-44d003bc9df4,4845defb-c5de-4464-8dca-44d003bc9df4,2025-10-23,,1,,,,oba98,2025-05-23,1,,,1,,,,,2025-09-30,1,1,11,---,---,1.0,50.0,---,---,---,---,1,,,,,,---,---,---,---,---,---,---,---,---,---,---,---,---,---,---,---,---,---,1,,,1,,,1,,,,,very good,11.6666717,8.4157233,497.0,6.1,CT-Kur2RUXN16,DAN HASSAN SUWAIKA CLUSTER,Kano,Kura,Female,Production/Processing,Kano-WOFAN,0,0,5000,5000,0,0,0,0,50,5000,0,0,0,0,0,0,0,fdfabe68-2c0d-4cbb-94fa-6ee507892b7b,gmm54,23/10/2025 14:26
b9c00ad5-5eb1-421b-a66b-c51cb431393c,b9c00ad5-5eb1-421b-a66b-c51cb431393c,2025-10-22,,,1,,,Rice,2025-10-22,1,,,1,,,,,2025-10-22,,70,8,---,---,---,---,1.0,78.0,---,---,,,,1,,,---,---,85.0,---,1,,,,,,,,,,,,,,,,,,,,,,,,,good,11.7762009,8.431708,483.7,8.54,CT-KurGEBRL18,Karfi wofan cluster micro maketers co operative society limited,Kano,Kura,Both,Production/Processing,Kano-WOFAN,0,0,0,0,5850,5850,0,0,78,5850,0,0,6375,0,85,6375,0,1e5aa9e3-ba80-46b2-9478-abb473e02410,kur14,23/10/2025 15:11
fa918c1d-b343-4deb-9c14-26fecafe09e0,fa918c1d-b343-4deb-9c14-26fecafe09e0,2025-10-22,,,1,,,rice,2025-10-16,1,,,1,1,,,,2025-10-23,,10,8,---,---,---,---,1.3,85.0,---,---,,,,1,,,---,---,2.0,---,,,,,,,,,,,,,1,,1,,,1,,,,,,,,good,11.7762,8.4317017,483.6,5.45,CT-KurNCKUQ09,KURA ALKALAWA CLUSTER,Kano,Kura,Female,Production/Processing,Kano-WOFAN,0,0,0,0,6375,4904,0,0,85,6375,0,0,150,0,2,150,0,dd10c62f-ca5c-4ae2-90b3-c4b45ebf17e0,kur14,23/10/2025 15:11
593eab22-ab09-436b-b39e-9d227b048880,593eab22-ab09-436b-b39e-9d227b048880,2025-10-23,,,1,,,rice,2025-10-23,1,,,1,,,,,2025-10-23,,10,8,---,---,---,---,1.2,87.0,---,---,,,,1,,,---,---,6.0,---,1,,,,,,,,,,,,,,1,,,1,,,,,,,,good,11.7767149,8.4331617,495.6,1.8,CT-KurGGHRU35,KURA ALKALAWA RAAYI CLUSTER,Kano,Kura,Female,Production/Processing,Kano-WOFAN,0,0,0,0,6525,5438,0,0,87,6525,0,0,450,0,6,450,0,e1a80278-0ddb-48a6-9d1e-7420f83fac6a,kur14,23/10/2025 15:11
a074abac-948b-49f4-8537-08b674dbf475,a074abac-948b-49f4-8537-08b674dbf475,2025-10-23,,,1,,,rice,2025-10-23,1,,,1,,,,,2025-10-23,,8,8,---,---,---,---,1.0,79.0,---,---,1,,,,,,---,---,---,---,---,---,---,---,---,---,---,---,---,---,---,---,---,---,,,,,,,,,,,,good,11.7767149,8.4331617,495.6,1.8,CT-KurFFXWD28,KURA BAKING KASUWA CLUSTER,Kano,Kura,Female,Production/Processing,Kano-WOFAN,0,0,0,0,5925,5925,0,0,79,5925,0,0,0,0,0,0,0,52c03fc2-4de7-4354-8b41-bfdf6cb461a0,kur14,23/10/2025 15:11
53ecd78a-4754-48fc-9b7f-7cc95b8adff2,53ecd78a-4754-48fc-9b7f-7cc95b8adff2,2025-10-23,,,1,,,rice,2025-10-23,1,,,1,,,,,2025-10-23,,70,8,---,---,---,---,1.0,78.0,---,---,1,,,,,,---,---,---,---,---,---,---,---,---,---,---,---,---,---,---,---,---,---,,,,,,,,,,,,good,11.776715,8.4331617,495.6,1.8,CT-Kur7K4Z001,KURA CIKIN GARI CLUSTER,Kano,Kura,Female,Production/Processing,Kano-WOFAN,0,0,0,0,5850,5850,0,0,78,5850,0,0,0,0,0,0,0,cde2b747-1e4c-4879-a80b-b73f183d8646,kur14,23/10/2025 15:11
7780743d-ebde-4d8f-96eb-36188d331b89,7780743d-ebde-4d8f-96eb-36188d331b89,2025-10-23,,,1,,,rice,2025-10-23,1,,,1,,,,,2025-10-23,,60,9,---,---,---,---,1.0,76.0,---,---,1,,,,,,---,---,---,---,---,---,---,---,---,---,---,---,---,---,---,---,---,---,,,,,,,,,,,,good,11.776715,8.4331617,495.6,1.9,CT-KurSE4BN13,Kura gidan Bagadaza Micro marketers,Kano,Kura,Both,Production/Processing,Kano-WOFAN,0,0,0,0,5700,5700,0,0,76,5700,0,0,0,0,0,0,0,1c3b3548-c88d-4cb6-9073-2c453988e5f0,kur14,23/10/2025 15:11
3b219d18-2f33-487d-8a2c-77bf6bfadc3d,3b219d18-2f33-487d-8a2c-77bf6bfadc3d,2025-10-23,,,1,,,rice,2025-10-23,1,,,1,,,,,2025-10-23,,70,8,---,---,---,---,1.0,85.0,---,---,1,,,,,,---,---,---,---,---,---,---,---,---,---,---,---,---,---,---,---,---,---,,,,,,,,,,,,good,11.776715,8.4331617,495.6,1.7,CT-KurUPTIX09,Kura kurunsmu clustei,Kano,Kura,Female,Production/Processing,Kano-WOFAN,0,0,0,0,6375,6375,0,0,85,6375,0,0,0,0,0,0,0,c13e84d7-0800-416f-b530-04f8290ebf64,kur14,23/10/2025 15:11
49546a54-392e-42fc-86a3-5a78a77bb947,49546a54-392e-42fc-86a3-5a78a77bb947,2025-10-23,,,1,,,rice,2025-10-23,1,,,1,,,,,2025-10-23,1,1,8,---,---,---,---,1.0,78.0,---,---,1,,,,,,---,---,---,---,---,---,---,---,---,---,---,---,---,---,---,---,---,---,,,,,,,,,,,,good,11.7767133,8.4331667,494.8,1.9,CT-KurFLZA309,Kura rimi kofar arewa  cluster,Kano,Kura,Female,Production/Processing,Kano-WOFAN,0,0,0,0,5850,5850,0,0,78,5850,0,0,0,0,0,0,0,0d551d69-4c21-4333-9876-5727436e7248,kur14,23/10/2025 15:11
1c8e0a90-e9d5-4a01-aab9-920ca74203d6,1c8e0a90-e9d5-4a01-aab9-920ca74203d6,2025-10-23,,,1,,,rice,2025-10-23,1,,,1,,,,,2025-10-23,,1,8,---,---,---,---,1.0,79.0,---,---,1,,,,,,---,---,---,---,---,---,---,---,---,---,---,---,---,---,---,---,---,---,1,,,,,,,,,,,good,11.776695,8.433175,501.0,1.8,CT-KurDLHH511,kura rimin rijiya cluster,Kano,Kura,Female,Production/Processing,Kano-WOFAN,0,0,0,0,5925,5925,0,0,79,5925,0,0,0,0,0,0,0,a93710f1-df44-4c9e-a1c2-03e644fc1a2b,kur14,23/10/2025 15:11
17393b20-8e21-440a-9758-8fbdb7eef9d8,17393b20-8e21-440a-9758-8fbdb7eef9d8,2025-10-23,,,1,,,rice,2025-10-23,1,,,1,,,,,2025-10-23,1,6,8,---,---,---,---,1.0,82.0,---,---,1,,,,,,---,---,---,---,---,---,---,---,---,---,---,---,---,---,---,---,---,---,1,,,,,,,,,,,good,11.776695,8.433175,501.0,1.6,CT-KurODST444,Kura takalli cluster,Kano,Kura,Female,Production/Processing,Kano-WOFAN,0,0,0,0,6150,6150,0,0,82,6150,0,0,0,0,0,0,0,8d14689e-9a9f-4b26-9a7c-80209eea19be,kur14,23/10/2025 15:11
633fb8e3-1f8c-41f3-b9bf-21631fb9968f,633fb8e3-1f8c-41f3-b9bf-21631fb9968f,2025-10-23,,,1,,,rice,2025-10-23,1,,,1,,,,,2025-10-23,1,1,8,---,---,---,---,1.0,85.0,---,---,1,,,,,,---,---,---,---,---,---,---,---,---,---,---,---,---,---,---,---,---,---,,,,,,,,,,,,good,11.776695,8.433175,501.0,1.8,CT-KurP7M1442,Lungun Mahauta Domawa Micro marketers,Kano,Kura,Both,Production/Processing,Kano-WOFAN,0,0,0,0,6375,6375,0,0,85,6375,0,0,0,0,0,0,0,d87b97e5-8933-459c-8491-e9585ba81280,kur14,23/10/2025 15:11
edb756cc-3986-452f-9f67-490751bbfe2e,edb756cc-3986-452f-9f67-490751bbfe2e,2025-10-23,,1,,,,samas 55,2025-10-23,1,,,1,,,,,2025-10-04,2,2,20,---,---,2.0,80.0,---,---,---,---,1,,,,,,---,---,---,---,---,---,---,---,---,---,---,---,---,---,---,---,---,---,1,,,1,,,1,,,,,good,11.1778218,8.2235399,696.1,4.07,CT-IkaV8ZER42,MASU BUKATA FADAMAR KALE CLUSTER,Kaduna,Ikara,,Production/Processing,Kaduna-WOFAN,0,0,8000,4000,0,0,0,0,80,8000,0,0,0,0,0,0,0,ec85ef12-68bc-451a-9e1e-8f84eec3f9b6,ika32,23/10/2025 15:26
c6edd474-07c5-461d-a875-b075e0b6130e,c6edd474-07c5-461d-a875-b075e0b6130e,2025-10-22,,,1,,,Paro 67,2025-10-22,1,,,1,,,,,2025-10-22,1,1,20,---,---,---,---,1.0,65.0,---,---,1,,,,,,---,---,---,---,---,---,---,---,---,---,---,---,---,---,---,---,---,---,1,,,1,,,1,,,,,good,11.1578748,8.2337211,702.12,1.65,CT-IkaGIQH525,Ikara Masu Bukata Tamusamman Cluster,Kaduna,Ikara,,Production/Processing,Kaduna-WOFAN,0,0,0,0,4875,4875,0,0,65,4875,0,0,0,0,0,0,0,8f39aaf1-bef6-4487-a635-f021e5047da0,ika26,23/10/2025 15:40
f52002be-e8b1-4a8d-9c8b-213b8916ee60,f52002be-e8b1-4a8d-9c8b-213b8916ee60,2025-10-22,,,1,,,Paro 67,2025-10-22,1,,,1,,,,,2025-10-22,1,1,20,---,---,---,---,1.0,65.0,---,---,1,,,,,,---,---,---,---,---,---,---,---,---,---,---,---,---,---,---,---,---,---,1,,,1,,,1,,,,,good,11.1578187,8.2334661,692.49,1.84,CT-IkaAIDDT11,Lungu P W D Cluster,Kaduna,Ikara,,Production/Processing,Kaduna-WOFAN,0,0,0,0,4875,4875,0,0,65,4875,0,0,0,0,0,0,0,2d05e53d-c55a-48f6-8f37-954b20831ee8,ika26,23/10/2025 15:40
3f76647f-34b0-4c0f-9b5c-512d3f46a390,3f76647f-34b0-4c0f-9b5c-512d3f46a390,2025-10-22,,1,,,,Sama 50,2025-10-22,1,,,1,,,,,2025-10-22,1,1,20,---,---,1.0,80.0,---,---,---,---,1,,,,,,---,---,---,---,---,---,---,---,---,---,---,---,---,---,---,---,---,---,1,,,1,,,1,,,,,good,11.1578034,8.2334786,720.69,2.7,CT-IkaAIDDT11,Lungu P W D Cluster,Kaduna,Ikara,,Production/Processing,Kaduna-WOFAN,0,0,8000,8000,0,0,0,0,80,8000,0,0,0,0,0,0,0,2d05e53d-c55a-48f6-8f37-954b20831ee8,ika26,23/10/2025 15:40
ba0e57b2-3033-4be7-8b5b-67786351387e,ba0e57b2-3033-4be7-8b5b-67786351387e,2025-10-22,,,1,,,faro 77,2025-06-18,1,,,1,,,,,2025-10-10,2,2,20,---,---,---,---,2.0,90.0,---,---,1,,,,,,---,---,---,---,---,---,---,---,---,---,---,---,---,---,---,---,---,---,1,,,1,,,1,,,,,good,11.1742833,8.2262683,691.2,4.8,CT-Ika91VP803,SAULAWA MASU BUKATA TA MUSAMMAN CLUSTER,Kaduna,Ikara,,Production/Processing,Kaduna-WOFAN,0,0,0,0,6750,3375,0,0,90,6750,0,0,0,0,0,0,0,421f07b6-325a-4395-b288-323752976eda,ika32,23/10/2025 15:47
b6182111-5c65-409a-a6fe-543705fe48b4,b6182111-5c65-409a-a6fe-543705fe48b4,2025-10-22,,,1,,,samas 50,2025-06-19,1,,,1,,,,,2025-10-23,2,140,13,---,---,---,---,2.0,140.0,---,---,,,,1,,,---,---,1.0,---,,,,,,,1,,,,,,,,,1,,1,,,1,,,,,motivation and encoragement our community partners to expand farming,11.1761229,8.2267291,700.4,4.21,CT-IkaFC6UR39,Kunkumi PWDs Cluster,Kaduna,Ikara,,Production,Kaduna-WOFAN,0,0,0,0,10500,5250,0,0,140,10500,0,0,75,0,1,75,0,bc3e819a-2d0b-4c7d-8890-6c2ec1f601fd,ika28,23/10/2025 15:59
31ab0e46-fa12-4ded-bd9b-1d938a08f35c,31ab0e46-fa12-4ded-bd9b-1d938a08f35c,2025-10-23,,,1,,,rice,2025-07-26,1,,,1,,,,,2025-10-23,1,1,11,---,---,---,---,1.0,75.0,---,---,1,,,,,,---,---,---,---,---,---,---,---,---,---,---,---,---,---,---,---,---,---,,1,,1,,,1,,,,,good,11.6668448,8.415708,516.9,9.69,CT-KurGEBRL18,Karfi wofan cluster micro maketers co operative society limited,Kano,Kura,Both,Production/Processing,Kano-WOFAN,0,0,0,0,5625,5625,0,0,75,5625,0,0,0,0,0,0,0,1e5aa9e3-ba80-46b2-9478-abb473e02410,kur12,23/10/2025 16:01
29327c44-5af9-487f-89f9-038725401832,29327c44-5af9-487f-89f9-038725401832,2025-10-23,,1,,,,maize,2025-05-01,1,,,1,,,,,2025-10-23,1,1,10,---,---,1.0,100.0,---,---,---,---,1,,,,,,---,---,---,---,---,---,---,---,---,---,---,---,---,---,---,---,---,---,,1,,1,,,1,,,,,very good,11.6667443,8.4157512,520.5,6.93,CT-KurGEBRL18,Karfi wofan cluster micro maketers co operative society limited,Kano,Kura,Both,Production/Processing,Kano-WOFAN,0,0,10000,10000,0,0,0,0,100,10000,0,0,0,0,0,0,0,1e5aa9e3-ba80-46b2-9478-abb473e02410,kur12,23/10/2025 16:01
d2303d64-ce57-4998-a623-be37b9f1ba04,d2303d64-ce57-4998-a623-be37b9f1ba04,2025-10-23,,,1,,,rice,2025-07-01,1,,,1,,,,,2025-10-23,1,1,11,---,---,---,---,1.0,75.0,---,---,1,,,,,,---,---,---,---,---,---,---,---,---,---,---,---,---,---,---,---,---,---,,1,,1,,,1,,,,,very good,11.6667125,8.4157808,526.58,4.51,CT-Kur7K4Z001,KURA CIKIN GARI CLUSTER,Kano,Kura,Female,Production/Processing,Kano-WOFAN,0,0,0,0,5625,5625,0,0,75,5625,0,0,0,0,0,0,0,cde2b747-1e4c-4879-a80b-b73f183d8646,kur12,23/10/2025 16:02
121643e7-a11c-4684-9255-7e6a682a0b38,121643e7-a11c-4684-9255-7e6a682a0b38,2025-10-23,,1,,,,maize,2025-05-01,1,,,1,,,,,2025-10-23,1,1,10,---,---,1.0,100.0,---,---,---,---,1,,,,,,---,---,---,---,---,---,---,---,---,---,---,---,---,---,---,---,---,---,,1,,1,,,1,,,,,"ku nemi gurin ajiya mai kyau,kusa maganin bera lungu da sakon na dakin",11.6668062,8.4155228,522.29,9.46,CT-Kur7K4Z001,KURA CIKIN GARI CLUSTER,Kano,Kura,Female,Production/Processing,Kano-WOFAN,0,0,10000,10000,0,0,0,0,100,10000,0,0,0,0,0,0,0,cde2b747-1e4c-4879-a80b-b73f183d8646,kur12,23/10/2025 16:02
12456659-d3dc-41d5-b980-c9f25945aff2,12456659-d3dc-41d5-b980-c9f25945aff2,2025-10-23,,1,,,,Maize,2025-06-26,1,,,1,,,,,2025-06-16,2,160,14,---,---,2.0,160.0,---,---,---,---,1,,,,,,---,---,---,---,---,---,---,---,---,---,---,---,---,---,---,---,---,---,,1,,1,,,1,,,,,Good,11.1706115,8.2304839,772.49,2.5,CT-IkaSRNIO32,Hambawa masubuka ta musamman clusta,Kaduna,Ikara,,Production,Kaduna-WOFAN,0,0,16000,8000,0,0,0,0,160,16000,0,0,0,0,0,0,0,2f11bbe1-8843-45df-9b02-0df6be2d14b7,ika27,23/10/2025 16:14
3fd38f33-9c2c-41e0-9fd8-50ec316f19b3,3fd38f33-9c2c-41e0-9fd8-50ec316f19b3,2025-10-20,,1,,,,Maize,2025-06-23,1,,,1,,,,,2025-10-20,2,80,13,---,---,2.0,160.0,---,---,---,---,1,,,,,,---,---,---,---,---,---,---,---,---,---,---,---,---,---,---,---,---,---,,1,,1,,,1,,,,,Good,11.1706767,8.2312664,635.94,1.39,CT-IkaWGLTS45,Asakale People with disability,Kaduna,Ikara,,Production,Kaduna-WOFAN,0,0,16000,8000,0,0,0,0,160,16000,0,0,0,0,0,0,0,a14d39f9-ad2c-4264-8f94-251665113b7f,ika27,23/10/2025 16:14
75439032-f6d1-4aa8-81df-5d2cb2406fb6,75439032-f6d1-4aa8-81df-5d2cb2406fb6,2025-09-13,,,1,,,Faro 67,2025-07-01,1,,,1,,,,,2025-06-01,2,86,12,---,---,---,---,2.0,150.0,---,---,1,,,,,,---,---,---,---,---,---,---,---,---,---,---,---,---,---,---,---,---,---,1,,,1,,,1,,,,,Goodluck,12.1547143,9.165962,426.69,2.11,CT-RinHG9BD00,MALAMAWA CO-OPERATIVE OF PEOPLE WITH DISABILITIES,Jigawa,Ringim,Female,Production/Processing,Jigawa-WOFAN,0,0,0,0,11250,5625,0,0,150,11250,0,0,0,0,0,0,0,b360b909-219a-487d-b104-6c487a187193,rin18,23/10/2025 16:20
62f0d30c-244f-4649-b20a-6a8947e50512,62f0d30c-244f-4649-b20a-6a8947e50512,2025-10-20,,1,,,,maize,2025-06-23,1,,,1,,,,,2025-05-23,1,30,12,---,---,1.0,3000.0,---,---,---,---,,,1,,,,---,1.0,---,---,,,,,,,,1,,,,,,,1,,,1,,,1,,,,,Asa katako,11.6824773,8.4217199,496.61,1.4,CT-KurNCKUQ09,KURA ALKALAWA CLUSTER,Kano,Kura,Female,Production/Processing,Kano-WOFAN,0,0,300000,300000,0,0,0,0,3000,300000,0,100,0,0,1,100,0,dd10c62f-ca5c-4ae2-90b3-c4b45ebf17e0,kur05,23/10/2025 16:23
517c38ed-5f75-49a5-a8b6-dacf57122ea1,517c38ed-5f75-49a5-a8b6-dacf57122ea1,2025-10-23,,,1,,,Rice,2025-07-23,1,,,1,,,,,2025-07-20,1,50,12,---,---,---,---,1.0,50.0,---,---,,,,1,,,---,---,1.0,---,,,,,,,,,,,,,1,,1,,,1,,,1,,,,,Asa katako,11.6824776,8.4217326,497.2,2.47,CT-KurNCKUQ09,KURA ALKALAWA CLUSTER,Kano,Kura,Female,Production/Processing,Kano-WOFAN,0,0,0,0,3750,3750,0,0,50,3750,0,0,75,0,1,75,0,dd10c62f-ca5c-4ae2-90b3-c4b45ebf17e0,kur05,23/10/2025 16:23
abd4eedf-0b1c-4300-908b-d5e6f53c05e7,abd4eedf-0b1c-4300-908b-d5e6f53c05e7,2025-10-23,,,1,,,Rice,2025-07-23,1,,,1,,,,,2025-08-21,1,1,12,---,---,---,---,1.0,50.0,---,---,,,,1,,,---,---,1.0,---,,1,,,,,,,,,,,,,1,,,1,,,1,,,,,v.g,11.6824882,8.4217639,499.79,0.92,CT-KurGGHRU35,KURA ALKALAWA RAAYI CLUSTER,Kano,Kura,Female,Production/Processing,Kano-WOFAN,0,0,0,0,3750,3750,0,0,50,3750,0,0,75,0,1,75,0,e1a80278-0ddb-48a6-9d1e-7420f83fac6a,kur05,23/10/2025 16:23
d5df8378-2555-4cb1-a054-44309f8a2a56,d5df8378-2555-4cb1-a054-44309f8a2a56,2025-10-23,,1,,,,maize,2025-06-23,1,,,1,,,,,2025-08-21,1,1,12,---,---,1.0,25.0,---,---,---,---,,,1,,,,---,1.0,---,---,,,1,,,,,,,,,,,,,1,,1,,,1,,,,,v.,11.682497,8.4217628,499.42,1.69,CT-KurGGHRU35,KURA ALKALAWA RAAYI CLUSTER,Kano,Kura,Female,Production/Processing,Kano-WOFAN,0,0,2500,2500,0,0,0,0,25,2500,0,100,0,0,1,100,0,e1a80278-0ddb-48a6-9d1e-7420f83fac6a,kur05,23/10/2025 16:23
96ef6377-6a8f-45da-91fa-416c38518dba,96ef6377-6a8f-45da-91fa-416c38518dba,2025-10-23,,1,,,,maize,2025-07-22,1,,,1,,,,,2025-07-21,1,1,12,---,---,1.0,25.0,---,---,---,---,,,1,,,,---,1.0,---,---,,,,,1,,,,,,,,,,,1,,1,,,1,,,,,v.good,11.682496,8.4217617,499.67,3.09,CT-Gar6NGTO14,Amana disabled cluster,Kano,Garum_Mallam,,Production,Kano-WOFAN,0,0,2500,2500,0,0,0,0,25,2500,0,100,0,0,1,100,0,bbe7f5b6-b465-4786-8b28-c78f683b563e,gmm55,23/10/2025 16:26
4233e01b-3269-447d-80ba-f6094073f7c3,4233e01b-3269-447d-80ba-f6094073f7c3,2025-10-23,,1,,,,maize,2025-06-23,1,,,1,,,,,2025-07-22,1,25,12,---,---,1.0,2500.0,---,---,---,---,,,1,,,,---,1.0,---,---,,,,,,,,,,,,,1,,1,,,1,,,1,,,,,v.good,11.6824869,8.4217458,503.35,0.72,CT-Kur5ZSIE03,DAN HASSAN KAROFI A CLUSTER,Kano,Kura,Female,Production/Processing,Kano-WOFAN,0,0,250000,250000,0,0,0,0,2500,250000,0,100,0,0,1,100,0,93404323-613d-4486-9fa2-4238fc9b4806,gmm55,23/10/2025 16:29
ef16fd72-db3c-4c31-88ab-73a1c3a59b16,ef16fd72-db3c-4c31-88ab-73a1c3a59b16,2025-10-23,,,1,,,Rice,2025-07-23,1,,,1,,,,,2025-10-23,1,1,12,---,---,---,---,1.0,2750.0,---,---,,,,1,,,---,---,1.0,---,,,,,,,,,,,,1,,,1,,,1,,,1,,,,,v.good,11.6824622,8.4217449,509.43,0.98,CT-Kur5ZSIE03,DAN HASSAN KAROFI A CLUSTER,Kano,Kura,Female,Production/Processing,Kano-WOFAN,0,0,0,0,206250,206250,0,0,2750,206250,0,0,75,0,1,75,0,93404323-613d-4486-9fa2-4238fc9b4806,gmm55,23/10/2025 16:33
7cb9bb4a-9489-4cc3-96d6-efb642ac3187,7cb9bb4a-9489-4cc3-96d6-efb642ac3187,2025-10-22,,1,,,,samas 50,2025-06-23,1,,,1,,,,,2025-10-21,2,120,14,---,---,2.0,120.0,---,---,---,---,1,,,,,,---,---,---,---,---,---,---,---,---,---,---,---,---,---,---,---,---,---,,1,,1,,,1,,,,,good,11.1705925,8.2307757,739.78,2.59,CT-IkaWGLTS45,Asakale People with disability,Kaduna,Ikara,,Production,Kaduna-WOFAN,0,0,12000,6000,0,0,0,0,120,12000,0,0,0,0,0,0,0,a14d39f9-ad2c-4264-8f94-251665113b7f,ika27,23/10/2025 16:39
6a2acf9f-c34f-4c49-88fd-6ac12ba7c5d2,6a2acf9f-c34f-4c49-88fd-6ac12ba7c5d2,2025-09-13,,,1,,,faro 67,2025-06-01,1,,,1,,,,,2025-09-23,2,1,12,---,---,---,---,2.0,85.0,---,---,1,,,,,,---,---,---,---,---,---,---,---,---,---,---,---,---,---,---,---,---,---,1,,,1,,,1,,,,,very good variety,12.3166889,9.4626023,397.25,1.05,CT-Tau4ZQ2B32,Malamawar taura disability cooperative society 2,Jigawa,Taura,,Production/Processing,Jigawa-WOFAN,0,0,0,0,6375,3188,0,0,85,6375,0,0,0,0,0,0,0,132a4b9d-0c89-4767-88ef-0f7e35e4959f,tau29,23/10/2025 17:00
ca1744b2-a49a-41bf-8c7d-f6e28f6463f4,ca1744b2-a49a-41bf-8c7d-f6e28f6463f4,2025-09-13,,,1,,,faro 67,2025-06-01,1,,,1,,,,,2025-09-16,2,1,12,---,---,---,---,1.0,85.0,---,---,1,,,,,,---,---,---,---,---,---,---,---,---,---,---,---,---,---,---,---,---,---,1,,,1,,,1,,,,,vrey good variety,12.3258996,9.4621478,407.21,1.92,CT-TauW7NI108,Gujungu female disability farumn,Jigawa,Taura,,Production/Processing,Jigawa-WOFAN,0,0,0,0,6375,6375,0,0,85,6375,0,0,0,0,0,0,0,caf94db2-66de-4f18-bc8c-a868fb543430,tau29,23/10/2025 17:07
bfcc37ff-1af9-4eac-90d6-ad5451b34e86,bfcc37ff-1af9-4eac-90d6-ad5451b34e86,2025-09-13,,,1,,,faro 67,2025-06-01,1,,,1,,,,,2025-09-18,2,85,12,---,---,---,---,2.0,85.0,---,---,1,,,,,,---,---,---,---,---,---,---,---,---,---,---,---,---,---,---,---,---,---,1,,,1,,,1,,,,,store the variety in normal temperature,12.3259483,9.4625408,406.81,1.88,CT-Tau18F6F39,Association people with having disability,Jigawa,Taura,,Production/Processing,Jigawa-WOFAN,0,0,0,0,6375,3188,0,0,85,6375,0,0,0,0,0,0,0,0b2767e8-29b0-4be5-9e9a-8093645db673,tau29,23/10/2025 17:53
9308a264-c3d6-4968-8950-ea60706c0ad9,9308a264-c3d6-4968-8950-ea60706c0ad9,2025-09-13,,,1,,,rice,2025-07-01,1,,,1,,,,,2025-06-01,2,85,12,---,---,---,---,1.0,85.0,---,---,1,,,,,,---,---,---,---,---,---,---,---,---,---,---,---,---,---,---,---,---,---,1,,,1,,,1,,,,,Goodluck,12.154556,9.1662882,437.19,1.29,CT-Rin2W6CK06,Dabi kijawal disable multipurpose cooperative,Jigawa,Ringim,,Production/Processing,Jigawa-WOFAN,0,0,0,0,6375,6375,0,0,85,6375,0,0,0,0,0,0,0,0bea08e9-c116-49da-acd5-720b28c0666f,rin20,23/10/2025 18:04
2c1d1ada-93e2-468e-b57d-32d27bb4093e,2c1d1ada-93e2-468e-b57d-32d27bb4093e,2025-09-13,,,1,,,faro 67,2025-07-01,1,,,1,,,,,2025-06-01,2,1,12,---,---,---,---,1.0,80.0,---,---,1,,,,,,---,---,---,---,---,---,---,---,---,---,---,---,---,---,---,---,---,---,1,,,1,,,1,,,,,Good luck,12.1546018,9.1662648,416.48,2.96,CT-RinC97PM20,Kyarama Disable Multipurpose Cooperative Society.,Jigawa,Ringim,,Production/Processing,Jigawa-WOFAN,0,0,0,0,6000,6000,0,0,80,6000,0,0,0,0,0,0,0,7b18fab1-1ada-4724-8791-e987faf40624,rin20,23/10/2025 18:04
c8aefdd8-078f-4899-ab7d-5aec0f31e54b,c8aefdd8-078f-4899-ab7d-5aec0f31e54b,2025-10-20,,,1,,,sifi faro,2025-05-09,1,,,1,,,,,2025-04-28,2,180,10,---,---,---,---,2.0,180.0,---,---,1,,,,,,---,---,---,---,---,---,---,---,---,---,---,---,---,---,---,---,---,---,1,,,1,,,1,,,,,good,11.6429866,8.4118419,557.44,2.81,CT-GarPUB7Y48,Unguwar kudu funkaso Amana (A),Kano,Garum_Mallam,Female,Production/Processing,Kano-WOFAN,0,0,0,0,13500,6750,0,0,180,13500,0,0,0,0,0,0,0,4818c2c7-27ac-4d13-9b05-c024167c9700,gmm51,23/10/2025 18:13
87ad5fa1-fd05-4040-a7ed-cfbb00e9a2b3,87ad5fa1-fd05-4040-a7ed-cfbb00e9a2b3,2025-10-15,,1,,,,premiums 98,2025-05-10,1,,,1,,,,,2025-05-30,2,130,10,---,---,2.0,130.0,---,---,---,---,1,,,,,,---,---,---,---,---,---,---,---,---,---,---,---,---,---,---,---,---,---,1,,,1,,,1,,,,,good good,11.6188981,8.3982153,519.42,2.15,CT-GarPUB7Y48,Unguwar kudu funkaso Amana (A),Kano,Garum_Mallam,Female,Production/Processing,Kano-WOFAN,0,0,13000,6500,0,0,0,0,130,13000,0,0,0,0,0,0,0,4818c2c7-27ac-4d13-9b05-c024167c9700,gmm51,23/10/2025 18:17
f14fff24-c6aa-4b24-b0b1-820127df2c25,f14fff24-c6aa-4b24-b0b1-820127df2c25,2025-09-13,,,1,,,Faro 67,2025-07-01,1,,,1,,,,,2025-06-01,2,86,12,---,---,---,---,2.0,85.0,---,---,1,,,,,,---,---,---,---,---,---,---,---,---,---,---,---,---,---,---,---,---,---,,,,1,,,1,,,,,"Alhamdulillah
masha allah.",12.15187,9.1626483,431.9,4.4,CT-RinVQFM938,Sankara mul-ti purpose cummunity,Jigawa,Ringim,Female,Production,Jigawa-WOFAN,0,0,0,0,6375,3188,0,0,85,6375,0,0,0,0,0,0,0,e0596af3-9429-4458-b84a-db874ef6c1aa,rin16,23/10/2025 18:19
98eb3be5-5873-4845-ad64-e367a8d14856,98eb3be5-5873-4845-ad64-e367a8d14856,2025-09-13,,,1,,,Faro 67,2025-07-01,1,,,1,,,,,2025-06-01,2,150,12,---,---,---,---,2.0,85.0,---,---,1,,,,,,---,---,---,---,---,---,---,---,---,---,---,---,---,---,---,---,---,---,1,,,1,,,1,,,,,they have a bumper harvest or other wise,12.1490481,9.1695943,409.45,1.22,CT-RinJ63QL21,GIDAN GARKE WOMEN DISABLE MULTIPURPOSE GROUP,Jigawa,Ringim,,Production,Jigawa-WOFAN,0,0,0,0,6375,3188,0,0,85,6375,0,0,0,0,0,0,0,8e27193d-35ac-4f92-9794-3f270f300da9,rin12,23/10/2025 18:41
fc87c372-da9c-47fd-8c18-4e28e4cbf661,fc87c372-da9c-47fd-8c18-4e28e4cbf661,2025-09-13,,,1,,,Faro 67,2025-07-01,1,,,1,,,,,2025-06-01,2,150,12,---,---,---,---,2.0,85.0,---,---,1,,,,,,---,---,---,---,---,---,---,---,---,---,---,---,---,---,---,---,---,---,1,,,1,,,1,,,,,they have a bumper harvest or other wise,12.1490318,9.1696212,408.07,1.83,CT-RinLDM0S59,KUNA DISABILITIES WOMEN COOPERATIVE SOCIETY,Jigawa,Ringim,,Production,Jigawa-WOFAN,0,0,0,0,6375,3188,0,0,85,6375,0,0,0,0,0,0,0,cf54a8b8-3f8b-47a6-9970-fd15c99fb1f3,rin12,23/10/2025 18:44
d3ce4528-6789-471c-8e84-c26991db29cb,d3ce4528-6789-471c-8e84-c26991db29cb,2025-09-13,,,1,,,faro 67,2025-06-01,1,,,1,,,,,2025-09-05,2,85,12,---,---,---,---,2.0,85.0,---,---,1,,,,,,---,---,---,---,---,---,---,---,---,---,---,---,---,---,---,---,---,---,1,,,1,,,1,,,,,store the bag in the normal temperature,12.3260178,9.4626202,346.66,1.52,CT-TauFL0WH44,Tsaya da kafarka disability multipurpose,Jigawa,Taura,,Production/Processing,Jigawa-WOFAN,0,0,0,0,6375,3188,0,0,85,6375,0,0,0,0,0,0,0,539e9b69-c4a6-4921-96b0-d76d391003b1,tau29,23/10/2025 18:47
529305b2-2877-4587-8b60-aa59e63c2b6b,529305b2-2877-4587-8b60-aa59e63c2b6b,2025-10-21,,,1,,,Faro 52,2025-10-21,1,,,1,,,,,2025-10-21,2,2,13,---,---,---,---,2.0,125.0,---,---,1,,,,,,---,---,---,---,---,---,---,---,---,---,---,---,---,---,---,---,---,---,,1,,1,,,1,,,,,cluster members and cluster leaders are very happy about the quality and quantity of the rice harvested,11.1590867,8.2300233,697.8,2.29,CT-IkaEWSIJ35,DARAM PWD CLUSTER TUDUN SODA,Kaduna,Ikara,,Production/Processing,Kaduna-WOFAN,0,0,0,0,9375,4688,0,0,125,9375,0,0,0,0,0,0,0,766bff59-9a98-47f2-af60-8a96f118d448,ika14,23/10/2025 18:51
e7b040ed-a4fd-4153-b372-13b558ec61b3,e7b040ed-a4fd-4153-b372-13b558ec61b3,2025-10-22,,1,,,,sammaz 50,2025-06-30,1,,,1,,,,,2025-10-17,2,2,14,---,---,2.0,135.0,---,---,---,---,1,,,,,,---,---,---,---,---,---,---,---,---,---,---,---,---,---,---,---,---,---,,1,,1,,,1,,,,,Alhamdulillah the cluster members express happiness about thier harvest result,11.159085,8.230045,700.0,2.5,CT-IkaSX5ES16,PAKI PWD CLUSTER,Kaduna,Ikara,,Production/Processing,Kaduna-WOFAN,0,0,13500,6750,0,0,0,0,135,13500,0,0,0,0,0,0,0,1a6c5115-4cb6-46ce-884f-bb33ec1eb9db,ika14,23/10/2025 18:51
a0f1f75c-e640-4e93-9b84-7089d0e0436a,a0f1f75c-e640-4e93-9b84-7089d0e0436a,2025-10-23,,,1,,,Rice,2025-10-23,1,,,1,,,,,2025-10-23,2,2,50,---,---,---,---,2.0,1.0,---,---,,,,1,,,---,---,130.0,---,1,,,,,,,,,,,,,,,1,,1,,,1,,,,,good,11.6694494,8.4141091,523.96,4.83,CT-KurODST444,Kura takalli cluster,Kano,Kura,Female,Production/Processing,Kano-WOFAN,0,0,0,0,75,38,0,0,1,75,0,0,9750,0,130,9750,0,8d14689e-9a9f-4b26-9a7c-80209eea19be,kur11,23/10/2025 19:03
6e39711b-b66c-4ea0-afeb-90785d136b5e,6e39711b-b66c-4ea0-afeb-90785d136b5e,2025-10-23,,1,,,,Maize,2025-10-23,1,,,1,,,,,2025-10-23,2,2,60,---,---,1.0,1.0,---,---,---,---,,,1,,,,---,80.0,---,---,1,,,,,,,,,,,,,,,1,,1,,,1,,,,,good,11.6696541,8.4139434,529.04,4.5,CT-KurODST444,Kura takalli cluster,Kano,Kura,Female,Production/Processing,Kano-WOFAN,0,0,100,100,0,0,0,0,1,100,0,8000,0,0,80,8000,0,8d14689e-9a9f-4b26-9a7c-80209eea19be,kur11,23/10/2025 19:05
0b043bc0-b0f0-4855-b80f-0f1d281c0876,0b043bc0-b0f0-4855-b80f-0f1d281c0876,2025-09-13,,,1,,,faro 67,2025-06-01,1,,,1,,,,,2025-09-16,2,85,12,---,---,---,---,2.0,85.0,---,---,1,,,,,,---,---,---,---,---,---,---,---,---,---,---,---,---,---,---,---,---,---,1,,,1,,,1,,,,,ok,12.3259487,9.4625374,387.73,1.43,CT-TauW11CY30,Anguwar yamma disability group,Jigawa,Taura,,Production/Processing,Jigawa-WOFAN,0,0,0,0,6375,3188,0,0,85,6375,0,0,0,0,0,0,0,7d0c5d90-b858-41df-a07b-ed5dc204428e,tau29,23/10/2025 19:24
221d1794-6511-4b0b-be69-98947b7d3b86,221d1794-6511-4b0b-be69-98947b7d3b86,2025-09-13,,,1,,,faro 67,2025-07-03,1,,,1,,,,,2025-09-01,2,85,12,---,---,---,---,2.0,85.0,---,---,1,,,,,,---,---,---,---,---,---,---,---,---,---,---,---,---,---,---,---,---,---,1,,,1,,,1,,,,,They have a bumper harvest or other wise,12.0909298,9.2004656,417.6,4.9,CT-RinN40C556,CHAICHAI DISABLE MULTIPURPOSE,Jigawa,Ringim,,Production,Jigawa-WOFAN,0,0,0,0,6375,3188,0,0,85,6375,0,0,0,0,0,0,0,1e78de0b-8acd-43f3-a08d-6a74da298eec,rin06,23/10/2025 20:55
c6360f83-639d-47f3-90bb-491672eb75e3,c6360f83-639d-47f3-90bb-491672eb75e3,2025-09-13,,,1,,,faro67,2025-07-01,1,,,1,,,,,2025-06-01,2,150,12,---,---,---,---,2.0,85.0,---,---,1,,,,,,---,---,---,---,---,---,---,---,---,---,---,---,---,---,---,---,---,---,1,,,1,,,1,,,,,they have a bumper harvest or other wise,12.1490611,9.1696033,435.36,1.15,CT-RinM85CG25,Ganjin gebi disabled cluster,Jigawa,Ringim,,Production/Processing,Jigawa-WOFAN,0,0,0,0,6375,3188,0,0,85,6375,0,0,0,0,0,0,0,3ef3bb8e-44d9-42a5-977d-6d6de540ba76,rin19,23/10/2025 21:06
aa379f31-6598-4735-9f46-61efcd9d53bc,aa379f31-6598-4735-9f46-61efcd9d53bc,2025-09-13,,,1,,,Faro 67,2025-07-01,1,,,1,,,,,2025-06-01,2,150,12,---,---,---,---,2.0,85.0,---,---,1,,,,,,---,---,---,---,---,---,---,---,---,---,---,---,---,---,---,---,---,---,1,,,1,,,1,,,,,they hqve a bumper hervest or otherwise,12.1498817,9.1691853,442.69,3.79,CT-RinN40C556,CHAICHAI DISABLE MULTIPURPOSE,Jigawa,Ringim,,Production,Jigawa-WOFAN,0,0,0,0,6375,3188,0,0,85,6375,0,0,0,0,0,0,0,1e78de0b-8acd-43f3-a08d-6a74da298eec,rin05,23/10/2025 21:14
d09b0b7c-8520-42cb-8ba2-1d05e9c94a7c,d09b0b7c-8520-42cb-8ba2-1d05e9c94a7c,2025-09-12,,,1,,,Faro 67,2025-07-02,1,,,1,,,,,2025-09-01,2,85,12,---,---,---,---,2.0,85.0,---,---,1,,,,,,---,---,---,---,---,---,---,---,---,---,---,---,---,---,---,---,---,---,1,,,1,,,1,,,,,They have a bumper harvest,12.0911039,9.200327,424.9,2.6,CT-RinD7OCM07,Dagasa Super Cluster Disability Association,Jigawa,Ringim,Female,Production/Processing,Jigawa-WOFAN,0,0,0,0,6375,3188,0,0,85,6375,0,0,0,0,0,0,0,a9901886-9fdf-4253-97b6-cedc9a0b1665,rin26,23/10/2025 21:30
a4b76545-561a-4055-b16f-adde2da0d978,a4b76545-561a-4055-b16f-adde2da0d978,2025-09-10,,,1,,,Faro 67,2025-07-02,1,,,1,,,,,2025-09-01,2,85,12,---,---,---,---,2.0,86.0,---,---,1,,,,,,---,---,---,---,---,---,---,---,---,---,---,---,---,---,---,---,---,---,1,,,1,,,1,,,,,They have a bumper harvest,12.0911233,9.2003083,425.2,2.6,CT-RinW3C8C41,Karwai Disable Multipurpose Association,Jigawa,Ringim,,Production/Processing,Jigawa-WOFAN,0,0,0,0,6450,3225,0,0,86,6450,0,0,0,0,0,0,0,38d7aed4-eb19-483b-9e41-82af97e7edc4,rin26,23/10/2025 21:30
e1ca4f68-e0ce-4ef2-aecd-dc5efeb2ce5d,e1ca4f68-e0ce-4ef2-aecd-dc5efeb2ce5d,2025-09-13,,,1,,,Faro 67,2025-07-01,1,,,1,,,,,2025-09-20,2,86,12,---,---,---,---,2.0,86.0,---,---,1,,,,,,---,---,---,---,---,---,---,---,---,---,---,---,---,---,---,---,---,---,1,,,1,,,1,,,,,They have a bumper harvest,12.0910917,9.20035,427.3,3.2,CT-RinJ8XGE06,Yafai female forum disabled Group,Jigawa,Ringim,,Production/Processing,Jigawa-WOFAN,0,0,0,0,6450,3225,0,0,86,6450,0,0,0,0,0,0,0,c21fbfe9-eed8-49b5-b5b8-3eea7afd28a6,rin26,23/10/2025 21:34
6d83c6b3-5512-4ba7-9adc-b39bc6adaa12,6d83c6b3-5512-4ba7-9adc-b39bc6adaa12,2025-10-23,,,1,,,Rice,2025-07-21,1,,,1,,,,,2025-10-23,2,2,60,---,---,---,---,1.0,1.0,---,---,,,,1,,,---,---,120.0,---,1,,,,,,,,,,,,,,,1,,1,,,1,,,,,good,11.6698384,8.4138793,536.63,4.84,CT-KurP7M1442,Lungun Mahauta Domawa Micro marketers,Kano,Kura,Both,Production/Processing,Kano-WOFAN,0,0,0,0,75,75,0,0,1,75,0,0,9000,0,120,9000,0,d87b97e5-8933-459c-8491-e9585ba81280,kur11,23/10/2025 21:54
b842aa5b-4fe4-4a85-8efd-5a3fbcc7e57e,b842aa5b-4fe4-4a85-8efd-5a3fbcc7e57e,2025-10-23,,1,,,,Maize,2025-05-22,1,,,1,,,,,2025-10-23,2,2,60,---,---,1.0,80.0,---,---,---,---,,,1,,,,---,80.0,---,---,1,,,,,,,,,,,,,,,1,,1,,,1,,,,,good,11.6694468,8.4141843,533.42,3.79,CT-KurP7M1442,Lungun Mahauta Domawa Micro marketers,Kano,Kura,Both,Production/Processing,Kano-WOFAN,0,0,8000,8000,0,0,0,0,80,8000,0,8000,0,0,80,8000,0,d87b97e5-8933-459c-8491-e9585ba81280,kur11,23/10/2025 21:56
38a24ca9-3e5a-4870-8b7e-637a8417448b,38a24ca9-3e5a-4870-8b7e-637a8417448b,2025-09-14,,,1,,,faro 67,2025-07-01,1,,,1,,,,,2025-06-01,2,2,11,---,---,---,---,2.0,140.0,---,---,1,,,,,,---,---,---,---,---,---,---,---,---,---,---,---,---,---,---,---,---,---,1,,,1,,,1,,,,,good job,12.0911462,9.2004639,459.13,3.22,CT-Rin5608P29,KUNA DISABILITIES MULTIPURPOSE SOCIETY,Jigawa,Ringim,Female,Production,Jigawa-WOFAN,0,0,0,0,10500,5250,0,0,140,10500,0,0,0,0,0,0,0,244aa309-ac4d-49dd-ada9-6c4609ef7a7b,rin27,23/10/2025 23:10
70efea20-a1a3-46d4-a708-b9ebdb7ad541,70efea20-a1a3-46d4-a708-b9ebdb7ad541,2025-09-12,,,1,,,faro 67,2025-07-01,1,,,1,,,,,2025-06-01,2,2,12,---,---,---,---,2.0,150.0,---,---,1,,,,,,---,---,---,---,---,---,---,---,---,---,---,---,---,---,---,---,---,---,1,,,1,,,1,,,,,ok,12.0911588,9.2002687,418.83,1.1,CT-Rin1UW5254,GIDAN GARKE COOPERATIVE PEOPLE WITH DISABILITIES,Jigawa,Ringim,Female,Production,Jigawa-WOFAN,0,0,0,0,11250,5625,0,0,150,11250,0,0,0,0,0,0,0,ed87f3db-abfa-485b-8b0f-873a4254792e,rin27,23/10/2025 23:10
f75830b4-0229-4eeb-9af1-49514117c83f,f75830b4-0229-4eeb-9af1-49514117c83f,2025-10-23,,1,,,,75,2025-10-23,1,,,1,,,,,2025-10-23,2,2,20,---,---,1.0,85.0,---,---,---,---,1,,,,,,---,---,---,---,---,---,---,---,---,---,---,---,---,---,---,---,---,---,1,,,1,,,1,,,,,Good,11.2723797,7.7845944,683.54,3.42,CT-IkaJVJL939,Masu Bata ta musamman gamu ga Allah cluster,Kaduna,Ikara,,Production,Kaduna-WOFAN,0,0,8500,8500,0,0,0,0,85,8500,0,0,0,0,0,0,0,a292e4d6-c1f6-470e-bc34-8242180e66fb,ika22,24/10/2025 07:09
db661800-d46b-405b-8508-a6722b828031,db661800-d46b-405b-8508-a6722b828031,2025-10-23,,1,1,,,75,2025-10-23,1,,,1,,,,,2025-10-23,2,160,20,---,---,1.0,85.0,1.0,75.0,---,---,1,,,,,,---,---,---,---,---,---,---,---,---,---,---,---,---,---,---,---,---,---,1,,,1,,,1,,,,,good,11.2723802,7.7845927,683.54,1.26,CT-Ika1O7O610,masu buƙata ta musamman Garin Auchan kofar gabas cluster,Kaduna,Ikara,,Production,Kaduna-WOFAN,0,0,8500,8500,5625,5625,0,0,160,14125,0,0,0,0,0,0,0,8469521d-262a-4ca2-8953-65222d1fb616,ika22,24/10/2025 07:09
11b997b7-79ec-4356-b8af-95f3839ecf9f,11b997b7-79ec-4356-b8af-95f3839ecf9f,2025-10-22,,1,,,,maize,2025-07-24,1,,,1,,,,,2025-07-24,1,21,12,---,---,1.0,2100.0,---,---,---,---,,,1,,,,---,1.0,---,---,,,,,,,,,,,,1,,,1,,,1,,,1,,,,,v.good,11.6821767,8.42253,521.16,0.8,CT-Kur2RUXN16,DAN HASSAN SUWAIKA CLUSTER,Kano,Kura,Female,Production/Processing,Kano-WOFAN,0,0,210000,210000,0,0,0,0,2100,210000,0,100,0,0,1,100,0,fdfabe68-2c0d-4cbb-94fa-6ee507892b7b,gmm55,24/10/2025 07:36
77d1a492-2860-43d4-bc71-71b3b01f3754,77d1a492-2860-43d4-bc71-71b3b01f3754,2025-10-24,,1,,,,maize,2025-06-27,1,,,1,,,,,2025-06-24,1,19,12,---,---,1.0,1900.0,---,---,---,---,,,1,,,,---,1.0,---,---,,,1,,,,,,,,,,,,1,,,1,,,1,,,,,v.good,11.6822579,8.4224924,517.43,3.3,CT-KurFLWYO52,DAN HASSANKAROFI B CLUSTER,Kano,Kura,Female,Production/Processing,Kano-WOFAN,0,0,190000,190000,0,0,0,0,1900,190000,0,100,0,0,1,100,0,94f9d84f-98f7-43ee-8498-3bc75ecc46a2,gmm55,24/10/2025 07:38
ba8e6f0e-d506-46f6-a03c-37b24045d4f4,ba8e6f0e-d506-46f6-a03c-37b24045d4f4,2025-10-24,,,1,,,Rice,2025-07-24,1,,,1,,,,,2025-10-24,1,50,12,---,---,---,---,1.0,3750.0,---,---,,,,1,,,---,---,1.0,---,1,,,,,,,,,,,,,,1,,,1,,,1,,,,,v.good,11.6822204,8.4225227,517.91,1.27,CT-KurFLWYO52,DAN HASSANKAROFI B CLUSTER,Kano,Kura,Female,Production/Processing,Kano-WOFAN,0,0,0,0,281250,281250,0,0,3750,281250,0,0,75,0,1,75,0,94f9d84f-98f7-43ee-8498-3bc75ecc46a2,gmm55,24/10/2025 07:40
416e5064-3f94-41a6-9479-8f0dfc4a9274,416e5064-3f94-41a6-9479-8f0dfc4a9274,2025-10-24,,,1,,,Rice,2025-07-24,1,,,1,,,,,2025-10-24,1,50,12,---,---,---,---,1.0,3750.0,---,---,,,,1,,,---,---,1.0,---,,,1,,,,,,,,,,,,1,,,1,,,1,,,,,v.good,11.6822458,8.4224937,519.48,1.6,CT-Kur2RUXN16,DAN HASSAN SUWAIKA CLUSTER,Kano,Kura,Female,Production/Processing,Kano-WOFAN,0,0,0,0,281250,281250,0,0,3750,281250,0,0,75,0,1,75,0,fdfabe68-2c0d-4cbb-94fa-6ee507892b7b,gmm55,24/10/2025 07:41
1545288b-c32a-49a8-becd-1378cfb54135,1545288b-c32a-49a8-becd-1378cfb54135,2025-10-21,,1,,,,samas,2025-06-15,1,,,1,,,,,2025-10-10,2,2,20,---,---,2.0,90.0,---,---,---,---,1,,,,,,---,---,---,---,---,---,---,---,---,---,---,---,---,---,---,---,---,---,1,,,1,,,1,,,,,good,11.1722425,8.2244764,682.0,4.36,CT-Ika499AJ17,Kungiya ta masu bukata saya saya,Kaduna,Ikara,,Production/Processing,Kaduna-WOFAN,0,0,9000,4500,0,0,0,0,90,9000,0,0,0,0,0,0,0,f4e7e551-a292-424b-a2c5-f83362276fb6,ika30,24/10/2025 08:45
4734b026-915f-4744-a6a2-23639fd88e04,4734b026-915f-4744-a6a2-23639fd88e04,2025-09-13,,,1,,,faro 67,2025-06-01,1,,,1,,,,,2025-09-18,2,85,12,---,---,---,---,2.0,85.0,---,---,1,,,,,,---,---,---,---,---,---,---,---,---,---,---,---,---,---,---,---,---,---,1,,,1,,,1,,,,,ok,12.3263077,9.4627703,410.59,3.76,CT-TauM4JHC51,Female disability association nomi,Jigawa,Taura,,Production/Processing,Jigawa-WOFAN,0,0,0,0,6375,3188,0,0,85,6375,0,0,0,0,0,0,0,ec58c2e2-bbd1-43fb-a600-eb1e4d2c96c3,tau29,24/10/2025 09:07
3ed282fc-dbea-4757-bae9-3deb38a75e5a,3ed282fc-dbea-4757-bae9-3deb38a75e5a,2025-09-13,,,1,,,faro 67,2025-07-01,1,,,1,,,,,2025-07-06,2,140,13,---,---,---,---,2.0,85.0,---,---,1,,,,,,---,---,---,---,---,---,---,---,---,---,---,---,---,---,---,---,---,---,1,,,1,,,1,,,,,they have a bumper havestol other wise,12.0911488,9.2002697,415.6,4.51,CT-RinN29LQ00,Yafai All Disability Female Association,Jigawa,Ringim,Female,Production/Processing,Jigawa-WOFAN,0,0,0,0,6375,3188,0,0,85,6375,0,0,0,0,0,0,0,6a086d22-dfea-4dd4-8ab6-dca03bfae896,rin24,24/10/2025 09:16
1281d54f-fc1a-46cd-942c-2891d1b9a892,1281d54f-fc1a-46cd-942c-2891d1b9a892,2025-09-13,,,1,,,faro 67,2025-07-01,1,,,1,,,,,2025-06-06,2,140,12,---,---,---,---,2.0,84.0,---,---,1,,,,,,---,---,---,---,---,---,---,---,---,---,---,---,---,---,---,---,---,---,1,,,1,,,1,,,,,ok,12.0911512,9.2003646,428.3,2.14,CT-RinXE5WY23,GUJABA PEOPLE WITH DISABILITIES GROUP,Jigawa,Ringim,,Production,Jigawa-WOFAN,0,0,0,0,6300,3150,0,0,84,6300,0,0,0,0,0,0,0,542d077f-4174-4f84-a290-5542e3b70a70,rin22,24/10/2025 09:33
2ec4a49f-fcfc-4be1-a019-a486c2495db8,2ec4a49f-fcfc-4be1-a019-a486c2495db8,2025-10-22,,1,,,,maize,2025-07-12,1,,,1,,,,,2025-10-23,2,60,100,---,---,2.0,100.0,---,---,---,---,,,1,,,,---,80.0,---,---,,,,,,,,,,,,,1,,,1,,1,,,1,,,,,Good,11.557445,8.3949264,525.07,0.55,CT-KirQZTWQ12,Adafa dawa kiru farmers cluster,Kano,Kiru,,Production/Processing,Kano-WOFAN,0,0,10000,5000,0,0,0,0,100,10000,0,8000,0,0,80,8000,0,d455b855-11e9-4626-b3f1-9f5ab86ea361,beb45,24/10/2025 10:03
46d549db-7170-49b6-a03d-5006ea3909c1,46d549db-7170-49b6-a03d-5006ea3909c1,2025-09-13,,,1,,,faro 67,2025-06-01,1,,,1,,,,,2025-09-18,2,85,12,---,---,---,---,2.0,85.0,---,---,1,,,,,,---,---,---,---,---,---,---,---,---,---,---,---,---,---,---,---,---,---,1,,,1,,,1,,,,,ok,12.3250465,9.4623382,412.62,1.18,CT-Tau2GH4F51,Sabangarin yaya disability multipurpose association 2,Jigawa,Taura,,Production/Processing,Jigawa-WOFAN,0,0,0,0,6375,3188,0,0,85,6375,0,0,0,0,0,0,0,a69c4fdb-dc47-41ad-9ed6-180b38eb6c1e,tau29,24/10/2025 10:05
09e5fbab-af28-451c-84e4-16e61461a809,09e5fbab-af28-451c-84e4-16e61461a809,2025-10-20,,,1,,,Rice,2025-07-24,1,,,1,,,,,2025-10-24,2,2,100,---,---,---,---,2.0,100.0,---,---,,,,1,,,---,---,60.0,---,,,,,,,,,,,,,1,,1,,,1,,,1,,,,,Good,11.5573896,8.3949928,515.41,0.5,CT-KirYB2LS40,Alheri Disable Women Cluster,Kano,Kiru,,Production,Kano-WOFAN,0,0,0,0,7500,3750,0,0,100,7500,0,0,4500,0,60,4500,0,21bfb2a6-8513-4312-aca0-a9e70636f139,beb45,24/10/2025 10:06
3e530285-05a2-4c4a-8dbf-18e8359ea25d,3e530285-05a2-4c4a-8dbf-18e8359ea25d,2025-10-07,,,1,,,FARO 54,2025-07-10,1,,,1,,,,,2025-10-23,2,1,14,---,---,---,---,1.0,60.0,---,---,1,,,,,,---,---,---,---,---,---,---,---,---,---,---,---,---,---,---,---,---,---,1,,,1,,,1,,,,,good,11.1714346,8.229628,694.0,4.77,CT-IkaLLDR037,PALA TUDU PWD CLUSTER,Kaduna,Ikara,,Production/Processing,Kaduna-WOFAN,0,0,0,0,4500,4500,0,0,60,4500,0,0,0,0,0,0,0,aea66ec3-0856-45b5-bc75-731c65a5bed5,ika21,24/10/2025 10:59
dd31dd45-6d0a-46a6-a119-29e9959d0af1,dd31dd45-6d0a-46a6-a119-29e9959d0af1,2025-10-03,,1,,,,SAMAZZ 50,2025-07-05,1,,,1,,,,,2025-10-18,2,2,14,---,---,2.0,135.0,---,---,---,---,1,,,,,,---,---,---,---,---,---,---,---,---,---,---,---,---,---,---,---,---,---,1,,,1,,,1,,,,,good,11.1714191,8.2295628,690.0,4.8,CT-Ika7PLEF19,PALA HAYIN TUDU PWDS,Kaduna,Ikara,,Production/Processing,Kaduna-WOFAN,0,0,13500,6750,0,0,0,0,135,13500,0,0,0,0,0,0,0,5fee7909-2781-4146-a5cf-0696ac00786c,ika21,24/10/2025 10:59
04df4092-6b73-430e-9436-740e5f1ac8dd,04df4092-6b73-430e-9436-740e5f1ac8dd,2025-10-23,,1,,,,maize,2025-06-14,1,,,1,,,,,2025-10-22,2,2,8,---,---,2.0,82.0,---,---,---,---,1,,,,,,---,---,---,---,---,---,---,---,---,---,---,---,---,---,---,---,---,---,1,,,1,,,1,,,,,Extremely good,11.5998827,8.3073224,482.1,4.7,CT-TudG7X9G03,ALHERI RICE TUDUN WADA,Kano,Tudun_Wada,Female,Production/Processing,Kano-WOFAN,0,0,8200,4100,0,0,0,0,82,8200,0,0,0,0,0,0,0,d9e1e251-df22-4a97-a85d-23c5526312fe,tun22,24/10/2025 11:04
0e0ecaf3-0bea-4189-9eae-1649bc3a13d8,0e0ecaf3-0bea-4189-9eae-1649bc3a13d8,2025-10-19,,1,,,,maize,2025-06-14,1,,,1,,,,,2025-10-18,2,2,5,---,---,2.0,162.0,---,---,---,---,1,,,,,,---,---,---,---,---,---,---,---,---,---,---,---,---,---,---,---,---,---,1,,,1,,,1,,,,,Excellent,11.5999012,8.3075052,571.9,5.0,CT-Tud0JO0533,Tsohon Gari Rice Perboiling And Milling Multi-purpose Cooperative Society Limited,Kano,Tudun_Wada,Female,Production/Processing,Kano-WOFAN,0,0,16200,8100,0,0,0,0,162,16200,0,0,0,0,0,0,0,e692cfdf-f4ef-4e75-9d70-4b147e469945,tun22,24/10/2025 11:05
31ac0641-28e1-4942-9a40-1e2f0bb3ed40,31ac0641-28e1-4942-9a40-1e2f0bb3ed40,2025-06-19,,1,,,,Maize,2025-06-17,1,,,1,,,,,2025-10-19,1,1,12,---,---,1.0,61.0,---,---,---,---,,,1,,,,---,1.0,---,---,,,,,,,,1,,,,,,,1,,,1,,,1,,,,,Good job,12.0611705,8.2744739,531.6,4.21,CT-RimYC9G823,YARO TASHIKA NEMA RIMIN GADO CLSUTER,Kano,Rimi_Gado,,Production,Kano-WOFAN,0,0,6100,6100,0,0,0,0,61,6100,0,100,0,0,1,100,0,68a82c8f-e69e-4969-8561-cf8d4c70fcc0,rig12,24/10/2025 12:32
55058d68-af9b-47f8-b5e5-48e65055339c,55058d68-af9b-47f8-b5e5-48e65055339c,2025-10-24,,,1,,,faro44,2025-06-24,,1,,1,,,,,2025-10-21,1,1,11,---,---,---,---,1.0,80.0,---,---,1,,,,,,---,---,---,---,---,---,---,---,---,---,---,---,---,---,---,---,---,---,,1,,1,,,1,,,,,anfani yayi kyau sosai,11.6667497,8.415676,517.5,9.48,CT-GarZUV4H47,Makwaro masu kananan sanaoi yan awara business and micro markatars,Kano,Garum_Mallam,Female,Production/Processing,Kano-WOFAN,0,0,0,0,6000,6000,0,0,80,6000,0,0,0,0,0,0,0,bef5f728-4a5b-4809-a30d-5ee8b071889a,gmm54,24/10/2025 12:59
95c729f5-5e87-4373-b77e-37fc09583b31,95c729f5-5e87-4373-b77e-37fc09583b31,2025-10-23,,,1,,,rice,2025-06-10,1,,,1,,,,,2025-10-23,2,2,1,---,---,---,---,2.0,65.0,---,---,1,,,,,,---,---,---,---,---,---,---,---,---,---,---,---,---,---,---,---,---,---,,1,,1,,,1,,,,,good,11.4855585,8.3536384,551.1,2.5,CT-KirUBKAA12,Kiru agro marketers,Kano,Kiru,Female,Production/Processing,Kano-WOFAN,0,0,0,0,4875,2438,0,0,65,4875,0,0,0,0,0,0,0,6920ada3-c941-4446-abcc-1fe56f856a7a,kir07,24/10/2025 13:02
2bf9f215-d258-4584-9501-29d7d654c05c,2bf9f215-d258-4584-9501-29d7d654c05c,2025-10-22,,,1,,,rice,2025-06-18,1,,,1,,,,,2025-10-19,2,2,0,---,---,---,---,2.0,67.0,---,---,1,,,,,,---,---,---,---,---,---,---,---,---,---,---,---,---,---,---,---,---,---,,1,,1,,,1,,,,,good,11.4855034,8.3534519,563.0,3.97,CT-KirK7PSG09,Kiru agro marketers,Kano,Kiru,Female,Production/Processing,Kano-WOFAN,0,0,0,0,5025,2513,0,0,67,5025,0,0,0,0,0,0,0,cbc632b0-cc05-4e0f-9f74-82f429b31893,kir07,24/10/2025 13:02
087a5b63-66d9-440a-9a09-294dbfae2b6e,087a5b63-66d9-440a-9a09-294dbfae2b6e,2025-10-23,,1,,,,maize,2025-06-22,1,,,1,,,,,2025-10-18,1,1,10,---,---,1.0,58.0,---,---,---,---,1,,,,,,---,---,---,---,---,---,---,---,---,---,---,---,---,---,---,---,---,---,1,,,1,,,1,,,,,Storing,11.76798,8.4652633,450.1,4.76,CT-Kur7K4Z001,KURA CIKIN GARI CLUSTER,Kano,Kura,Female,Production/Processing,Kano-WOFAN,0,0,5800,5800,0,0,0,0,58,5800,0,0,0,0,0,0,0,cde2b747-1e4c-4879-a80b-b73f183d8646,kur01,24/10/2025 13:39
32dccc9a-0912-403e-8674-4c5225d0d68d,32dccc9a-0912-403e-8674-4c5225d0d68d,2025-10-22,,,1,,,Rice,2025-06-23,1,1,,1,,,,,2025-10-10,1,1,10,---,---,---,---,1.0,78.0,---,---,1,,,,,,---,---,---,---,---,---,---,---,---,---,---,---,---,---,---,---,---,---,,1,,1,,,1,,,,,storage,11.7679367,8.4652183,493.2,4.72,CT-KurODST444,Kura takalli cluster,Kano,Kura,Female,Production/Processing,Kano-WOFAN,0,0,0,0,5850,5850,0,0,78,5850,0,0,0,0,0,0,0,8d14689e-9a9f-4b26-9a7c-80209eea19be,kur01,24/10/2025 13:39
209ea88a-c405-42a1-b7a6-1fc545d9af94,209ea88a-c405-42a1-b7a6-1fc545d9af94,2025-10-22,,1,,,,maize,2025-06-24,1,,,1,,,,,2025-10-18,1,1,11,---,---,1.0,59.0,---,---,---,---,1,,,,,,---,---,---,---,---,---,---,---,---,---,---,---,---,---,---,---,---,---,1,,,1,,,1,,,,,storage,11.7679283,8.4651417,493.1,4.45,CT-KurODST444,Kura takalli cluster,Kano,Kura,Female,Production/Processing,Kano-WOFAN,0,0,5900,5900,0,0,0,0,59,5900,0,0,0,0,0,0,0,8d14689e-9a9f-4b26-9a7c-80209eea19be,kur01,24/10/2025 13:39
33424ae8-5249-4a70-b976-0eba09542192,33424ae8-5249-4a70-b976-0eba09542192,2025-07-26,,1,,,,Maize,2025-06-20,1,,,1,,,,,2025-10-13,1,1,12,---,---,1.0,55.0,---,---,---,---,1,,,,,,---,---,---,---,---,---,---,---,---,---,---,---,---,---,---,---,---,---,1,,,1,,,1,,,,,Good yield,12.0610632,8.2743421,516.4,6.78,CT-RimULM5Z53,JANGUZA DIS ABLE AGRO MARKETING AND FERMING,Kano,Rimi_Gado,,Production,Kano-WOFAN,0,0,5500,5500,0,0,0,0,55,5500,0,0,0,0,0,0,0,5ea7d755-9ac2-4df7-92e8-2169e131074d,tof01,24/10/2025 13:39
d763586a-617f-408e-ba50-d431eba9e984,d763586a-617f-408e-ba50-d431eba9e984,2025-07-24,,1,,,,maize,2025-06-24,1,,,1,,,,,2025-10-20,1,1,12,---,---,1.0,70.0,---,---,---,---,1,,,,,,---,---,---,---,---,---,---,---,---,---,---,---,---,---,---,---,---,---,1,,,1,,,1,,,,,good,12.0610687,8.2744877,523.1,4.98,CT-RimI2N8O44,GULU DISABLE AGRO MARKETING AND FARMING,Kano,Rimi_Gado,,Production/Processing,Kano-WOFAN,0,0,7000,7000,0,0,0,0,70,7000,0,0,0,0,0,0,0,780da515-fc53-41b6-bdfb-b2755dd6e872,tof01,24/10/2025 13:39
ba5b7a68-7e63-4d3a-9abd-01702e95d117,ba5b7a68-7e63-4d3a-9abd-01702e95d117,2025-07-24,,,1,,,rice,2025-07-20,1,,,1,,,,,2025-10-21,1,1,12,---,---,---,---,1.0,80.0,---,---,,,,1,,,---,---,1.0,---,,,,,,,,1,,,,,1,,1,,,1,,,1,,,,,good yeild,12.0610866,8.2745341,531.69,4.92,CT-RimULM5Z53,JANGUZA DIS ABLE AGRO MARKETING AND FERMING,Kano,Rimi_Gado,,Production,Kano-WOFAN,0,0,0,0,6000,6000,0,0,80,6000,0,0,75,0,1,75,0,5ea7d755-9ac2-4df7-92e8-2169e131074d,tof01,24/10/2025 13:39
761f6c06-2a00-4b1e-b6c9-539ddbeafc11,761f6c06-2a00-4b1e-b6c9-539ddbeafc11,2025-07-24,,,1,,,rice,2025-07-22,1,,,1,,,,,2025-10-22,1,1,12,---,---,---,---,1.0,80.0,---,---,,,,1,,,---,---,1.0,---,,,,,,,,1,,,,,,,1,,,1,,,1,,,,,good yeild,12.0610829,8.2744548,539.79,4.44,CT-RimI2N8O44,GULU DISABLE AGRO MARKETING AND FARMING,Kano,Rimi_Gado,,Production/Processing,Kano-WOFAN,0,0,0,0,6000,6000,0,0,80,6000,0,0,75,0,1,75,0,780da515-fc53-41b6-bdfb-b2755dd6e872,tof01,24/10/2025 13:39
7683662a-cb56-4568-a534-75c0e25da6f6,7683662a-cb56-4568-a534-75c0e25da6f6,2025-10-23,,,1,,,Rice,2025-06-30,1,,,1,,,,,2025-10-24,1,1,95,---,---,---,---,1.0,45.0,---,---,1,,,,,,---,---,---,---,---,---,---,---,---,---,---,---,---,---,---,---,---,---,1,,,1,,,1,,,,,Farmers they did everything,11.6680122,8.2590991,545.6,4.94,CT-BebZ3Z6S03,Kamfar Bebeji Micro maketers CLUSTER,Kano,Bebeji,Female,Production,Kano-WOFAN,0,0,0,0,3375,3375,0,0,45,3375,0,0,0,0,0,0,0,9602b611-bb87-41d1-8725-8a8c9c698b35,kir06,24/10/2025 13:59
16041753-a4fa-46c8-b9a1-41ed976e9291,16041753-a4fa-46c8-b9a1-41ed976e9291,2025-10-23,,1,,,,Maize,2025-06-29,1,,,1,,,,,2025-10-24,1,1,89,---,---,1.0,60.0,---,---,---,---,1,,,,,,---,---,---,---,---,---,---,---,---,---,---,---,---,---,---,---,---,---,1,,,1,,,1,,,,,Well done,11.6680436,8.259185,545.6,4.96,CT-BebT31F613,Muskwani Bebeji micro maketers cluster,Kano,Bebeji,Female,Production/Processing,Kano-WOFAN,0,0,6000,6000,0,0,0,0,60,6000,0,0,0,0,0,0,0,146da095-c343-4814-90b2-3b928ab9c4ce,kir06,24/10/2025 13:59
ad638638-0e6e-47f1-9076-519c408e6aae,ad638638-0e6e-47f1-9076-519c408e6aae,2025-10-23,,,1,,,rice,2025-06-23,1,1,,1,,,,,2025-10-19,1,1,10,---,---,---,---,1.0,76.0,---,---,1,,,,,,---,---,---,---,---,---,---,---,---,---,---,---,---,---,---,---,---,---,,1,,1,,,1,,,,,storage,11.7678683,8.4652867,490.5,4.68,CT-Kur7K4Z001,KURA CIKIN GARI CLUSTER,Kano,Kura,Female,Production/Processing,Kano-WOFAN,0,0,0,0,5700,5700,0,0,76,5700,0,0,0,0,0,0,0,cde2b747-1e4c-4879-a80b-b73f183d8646,kur01,24/10/2025 14:04
3661d957-1037-4088-9154-eb0711465c4d,3661d957-1037-4088-9154-eb0711465c4d,2025-10-23,,1,,,,maize,2025-06-25,1,,,1,,,,,2025-10-21,1,1,10,---,---,1.0,58.0,---,---,---,---,1,,,,,,---,---,---,---,---,---,---,---,---,---,---,---,---,---,---,---,---,---,1,,,1,,,1,,,,,storing,11.7679367,8.4652417,486.2,4.83,CT-KurDLHH511,kura rimin rijiya cluster,Kano,Kura,Female,Production/Processing,Kano-WOFAN,0,0,5800,5800,0,0,0,0,58,5800,0,0,0,0,0,0,0,a93710f1-df44-4c9e-a1c2-03e644fc1a2b,kur01,24/10/2025 14:27
74cd98f8-911a-4b0a-a679-44327f5fc049,74cd98f8-911a-4b0a-a679-44327f5fc049,2025-09-13,,,1,,,faro 67,2025-07-01,1,,,1,,,,,2025-09-06,2,140,12,---,---,---,---,2.0,140.0,---,---,1,,,,,,---,---,---,---,---,---,---,---,---,---,---,---,---,---,---,---,---,---,1,,,1,,,1,,,,,They have a bumper harvest or otherwise,12.0911483,9.200315,394.5,4.78,CT-RinHQGPH22,MUTAIMAKI KANMU DISABLE GUJABA,Jigawa,Ringim,,Production/Processing,Jigawa-WOFAN,0,0,0,0,10500,5250,0,0,140,10500,0,0,0,0,0,0,0,9352161b-6831-4bc0-b7d3-1b6ace0e6413,rin25,24/10/2025 16:23
0df0d32f-9694-47b3-bd1c-884f033c3e81,0df0d32f-9694-47b3-bd1c-884f033c3e81,2025-09-22,,,1,,,faro 68,2025-05-20,1,,,1,,,,,2025-06-28,1,1,12,---,---,---,---,1.0,65.0,---,---,1,,,,,,---,---,---,---,---,---,---,---,---,---,---,---,---,---,---,---,---,---,1,,,1,,,1,,,,,gud,11.7920228,8.8375444,427.29,6.97,CT-KirPQ06Y05,Yako agoro maketers,Kano,Kiru,Female,Production/Processing,Kano-WOFAN,0,0,0,0,4875,4875,0,0,65,4875,0,0,0,0,0,0,0,ed79e50e-2bf1-4bd6-a057-7c4fd11af504,kir02,24/10/2025 16:34
e0f1ed73-0c41-4995-bbe9-764f15f17de3,e0f1ed73-0c41-4995-bbe9-764f15f17de3,2025-05-24,,1,,,,Faro 68,2025-06-23,1,,,1,,,,,2025-07-21,1,1,12,---,---,1.0,65.0,---,---,---,---,1,,,,,,---,---,---,---,---,---,---,---,---,---,---,---,---,---,---,---,---,---,1,,,1,,,1,,,,,yako,11.7919764,8.8377465,439.98,9.02,CT-KirSOCKK45,kiru Agor marketers cluster,Kano,Kiru,Female,Production/Processing,Kano-WOFAN,0,0,6500,6500,0,0,0,0,65,6500,0,0,0,0,0,0,0,f1dbafd6-6385-4189-9383-559edd5b28fb,kir02,24/10/2025 16:34
17209ad7-98de-4612-bafc-edfba8de7516,17209ad7-98de-4612-bafc-edfba8de7516,2025-05-21,,,1,,,Faro 68,2025-06-21,1,,,1,,,,,2025-08-22,1,1,12,---,---,---,---,1.0,65.0,---,---,1,,,,,,---,---,---,---,---,---,---,---,---,---,---,---,---,---,---,---,---,---,1,,,1,,,1,,,,,Ranka,11.7920168,8.83769,458.79,6.74,CT-BebUKYKL50,Rantan Agor marketers cluster,Kano,Bebeji,Male,Production/Processing,Kano-WOFAN,0,0,0,0,4875,4875,0,0,65,4875,0,0,0,0,0,0,0,9156ca6f-17b2-402f-86d8-18c929a1cf47,kir02,24/10/2025 16:34
9daf33cf-2427-4c76-bbe0-8812a603e88e,9daf33cf-2427-4c76-bbe0-8812a603e88e,2025-09-19,,,1,,,Faro 68,2025-06-07,1,,,1,,,,,2025-10-24,1,1,12,---,---,---,---,1.0,66.0,---,---,1,,,,,,---,---,---,---,---,---,---,---,---,---,---,---,---,---,---,---,---,---,1,,,1,,,1,,,,,Allahamdudullah,11.5464726,8.3867535,531.49,1.86,CT-BebE0N0N29,Gargai agro marketers cluster,Kano,Bebeji,Male,Production/Processing,Kano-WOFAN,0,0,0,0,4950,4950,0,0,66,4950,0,0,0,0,0,0,0,f662da83-5881-407e-bd59-4d966584a122,kir03,24/10/2025 16:35
66da9247-b55f-4fa2-8cac-2846b347a516,66da9247-b55f-4fa2-8cac-2846b347a516,2025-09-25,,,1,,,Faro 68,2025-06-15,1,,,1,,,,,2025-10-24,1,1,12,---,---,---,---,1.0,65.0,---,---,1,,,,,,---,---,---,---,---,---,---,---,---,---,---,---,---,---,---,---,---,---,1,,,1,,,1,,,,,Masha Allah,11.5464903,8.3868512,559.24,1.6,CT-Kir1JGCM48,Dangora Agro marketers cluster,Kano,Kiru,Female,Production/Processing,Kano-WOFAN,0,0,0,0,4875,4875,0,0,65,4875,0,0,0,0,0,0,0,7b0b1775-57a0-443f-8ba4-af3096d473e0,kir03,24/10/2025 16:35
5de5f178-5757-47d1-984b-edb482e0664d,5de5f178-5757-47d1-984b-edb482e0664d,2025-09-19,,,1,,,Faro 68,2025-05-18,1,,,1,,,,,2025-10-24,1,1,12,---,---,---,---,1.0,70.0,---,---,1,,,,,,---,---,---,---,---,---,---,---,---,---,---,---,---,---,---,---,---,---,1,,,1,,,1,,,,,Masha Allah,11.5465009,8.3867626,532.57,2.22,CT-KirX2BTS14,Yako unguwar mahauta agro marketers cluster,Kano,Kiru,Female,Production/Processing,Kano-WOFAN,0,0,0,0,5250,5250,0,0,70,5250,0,0,0,0,0,0,0,132a65e1-d72a-4b01-8a14-cd2604e18d75,kir03,24/10/2025 16:35
393922ee-4b74-4ae3-b7a6-61bf16794125,393922ee-4b74-4ae3-b7a6-61bf16794125,2025-09-15,,,1,,,Faro 68,2025-06-10,1,,,1,,,,,2025-10-24,1,1,12,---,---,---,---,1.0,65.0,---,---,1,,,,,,---,---,---,---,---,---,---,---,---,---,---,---,---,---,---,---,---,---,1,,,1,,,1,,,,,Masha Allah,11.5464649,8.3868858,551.14,4.38,CT-BebV4L2G19,Durmawa agro marketers cluster,Kano,Bebeji,Female,Production/Processing,Kano-WOFAN,0,0,0,0,4875,4875,0,0,65,4875,0,0,0,0,0,0,0,f7199000-49e4-4ccd-822e-09a8e9922252,kir03,24/10/2025 16:35
8a0092c7-7e52-4503-b8dd-af7c42a1bbaf,8a0092c7-7e52-4503-b8dd-af7c42a1bbaf,2025-09-17,,,1,,,Faro 68,2025-05-24,1,,,1,,,,,2025-10-24,1,1,12,---,---,---,---,1.0,65.0,---,---,1,,,,,,---,---,---,---,---,---,---,---,---,---,---,---,---,---,---,---,---,---,1,,,1,,,1,,,,,Allahamdudullah,11.5464618,8.3868857,550.64,4.37,CT-KirXH7DM39,Yako mutaimaki juna agro marketers cluster,Kano,Kiru,Female,Production/Processing,Kano-WOFAN,0,0,0,0,4875,4875,0,0,65,4875,0,0,0,0,0,0,0,5242d319-7661-4cd7-8e79-36fcd0a492e7,kir03,24/10/2025 16:35
f55fadc6-626f-46d9-9e16-d63ce8f8ab25,f55fadc6-626f-46d9-9e16-d63ce8f8ab25,2025-09-19,,,1,,,Faro 68,2025-05-19,1,,,1,,,,,2025-10-24,1,1,12,---,---,---,---,1.0,65.0,---,---,1,,,,,,---,---,---,---,---,---,---,---,---,---,---,---,---,---,---,---,---,---,1,,,1,,,1,,,,,Masha Allah,11.5464626,8.3868846,550.69,4.43,CT-Beb0FADS39,Tagidadu agro marketers cluster,Kano,Bebeji,Female,Production/Processing,Kano-WOFAN,0,0,0,0,4875,4875,0,0,65,4875,0,0,0,0,0,0,0,17571680-6c80-443b-a4f0-ac42dbe2b6ba,kir03,24/10/2025 16:35
0985a24e-9277-47f2-895b-edcea59a9991,0985a24e-9277-47f2-895b-edcea59a9991,2025-09-27,,,1,,,Faro 68,2025-06-20,1,,,1,,,,,2025-10-24,1,1,12,---,---,---,---,1.0,70.0,---,---,1,,,,,,---,---,---,---,---,---,---,---,---,---,---,---,---,---,---,---,---,---,1,,,1,,,1,,,,,Allahamdudullah,11.5464621,8.3868856,550.68,4.41,CT-BebAYVIQ34,Ranka agro marketers cluster,Kano,Bebeji,Female,Production/Processing,Kano-WOFAN,0,0,0,0,5250,5250,0,0,70,5250,0,0,0,0,0,0,0,58c30149-4c58-4431-9191-4c59f90dd5b4,kir03,24/10/2025 16:35
fedaa28c-d6a3-449c-b68a-2b0c56d9e42a,fedaa28c-d6a3-449c-b68a-2b0c56d9e42a,2025-09-30,,,1,,,Faro 68,2025-06-24,1,,,1,,,,,2025-10-24,1,1,12,---,---,---,---,1.0,60.0,---,---,1,,,,,,---,---,---,---,---,---,---,---,---,---,---,---,---,---,---,---,---,---,1,,,1,,,1,,,,,Masha Allah,11.5465373,8.3867556,530.52,2.35,CT-BebR9HER35,Gargai agro marketers cluster,Kano,Bebeji,Female,Production/Processing,Kano-WOFAN,0,0,0,0,4500,4500,0,0,60,4500,0,0,0,0,0,0,0,58dc78be-a909-47a0-a441-9a78097fb158,kir03,24/10/2025 16:35
1e654dee-7482-4b66-857f-0d4d46d3e36f,1e654dee-7482-4b66-857f-0d4d46d3e36f,2025-09-22,,,1,,,Faro 68,2025-05-22,1,,,1,,,,,2025-10-24,1,1,12,---,---,---,---,1.0,70.0,---,---,1,,,,,,---,---,---,---,---,---,---,---,---,---,---,---,---,---,---,---,---,---,1,,,1,,,1,,,,,Allahamdudullah,11.5464238,8.3868862,555.88,2.26,CT-BebWA93N58,Kofa agro marketers cluster,Kano,Bebeji,Female,Production/Processing,Kano-WOFAN,0,0,0,0,5250,5250,0,0,70,5250,0,0,0,0,0,0,0,d840c973-7a18-4959-9969-303eca380e89,kir03,24/10/2025 16:35
7f3540df-11e1-4705-8cb1-ce475389c865,7f3540df-11e1-4705-8cb1-ce475389c865,2025-10-24,,,1,,,rice,2025-07-02,1,,,1,,,,,2025-10-24,1,1,11,---,---,---,---,1.0,75.0,---,---,1,,,,,,---,---,---,---,---,---,---,---,---,---,---,---,---,---,---,---,---,---,,1,,1,,,1,,,,,very good 👍,11.6666884,8.4157125,522.26,7.84,CT-KurSE4BN13,Kura gidan Bagadaza Micro marketers,Kano,Kura,Both,Production/Processing,Kano-WOFAN,0,0,0,0,5625,5625,0,0,75,5625,0,0,0,0,0,0,0,1c3b3548-c88d-4cb6-9073-2c453988e5f0,kur12,24/10/2025 16:36
749b7714-d1e3-405c-8f62-9f89e3a362dc,749b7714-d1e3-405c-8f62-9f89e3a362dc,2025-10-24,,1,,,,maize,2025-04-20,1,,,1,,,,,2025-10-24,1,1,11,---,---,1.0,1000.0,---,---,---,---,1,,,,,,---,---,---,---,---,---,---,---,---,---,---,---,---,---,---,---,---,---,,1,,1,,,1,,,,,Very good,11.6666982,8.4157382,508.72,3.79,CT-KurSE4BN13,Kura gidan Bagadaza Micro marketers,Kano,Kura,Both,Production/Processing,Kano-WOFAN,0,0,100000,100000,0,0,0,0,1000,100000,0,0,0,0,0,0,0,1c3b3548-c88d-4cb6-9073-2c453988e5f0,kur12,24/10/2025 16:37
cde5bdc5-93b7-4609-891b-ba3cd856faee,cde5bdc5-93b7-4609-891b-ba3cd856faee,2025-10-24,,,1,,,rice,2025-07-01,1,,,1,,,,,2025-10-24,1,1,11,---,---,---,---,1.0,75.0,---,---,1,,,,,,---,---,---,---,---,---,---,---,---,---,---,---,---,---,---,---,---,---,,1,,1,,,1,,,,,good,11.6668324,8.41576,531.87,8.22,CT-KurDLHH511,kura rimin rijiya cluster,Kano,Kura,Female,Production/Processing,Kano-WOFAN,0,0,0,0,5625,5625,0,0,75,5625,0,0,0,0,0,0,0,a93710f1-df44-4c9e-a1c2-03e644fc1a2b,kur12,24/10/2025 16:37
223a840a-2d9e-4440-a553-d0959ccfbb85,223a840a-2d9e-4440-a553-d0959ccfbb85,2025-10-24,,1,,,,maize,2025-04-13,1,,,1,,,,,2025-10-24,1,1,11,---,---,1.0,1000.0,---,---,---,---,1,,,,,,---,---,---,---,---,---,---,---,---,---,---,---,---,---,---,---,---,---,,1,,1,,,1,,,,,excellent,11.666048,8.4150808,517.0,7.38,CT-KurDLHH511,kura rimin rijiya cluster,Kano,Kura,Female,Production/Processing,Kano-WOFAN,0,0,100000,100000,0,0,0,0,1000,100000,0,0,0,0,0,0,0,a93710f1-df44-4c9e-a1c2-03e644fc1a2b,kur12,24/10/2025 16:38
2be40c01-9c81-4acf-800a-d77dc02454f2,2be40c01-9c81-4acf-800a-d77dc02454f2,2025-10-22,,1,,,,Maize,2025-06-23,1,,,1,,,,,2025-10-22,1,1,12,---,---,1.0,45.0,---,---,---,---,1,,,,,,---,---,---,---,---,---,---,---,---,---,---,---,---,---,---,---,---,---,,1,,1,,,1,,,,,good luck,11.6591476,8.2599872,516.0,4.53,CT-Kir4B9OB57,YALWA AGRO MARKETERS CLUSTER.,Kano,Kiru,Female,Production,Kano-WOFAN,0,0,4500,4500,0,0,0,0,45,4500,0,0,0,0,0,0,0,72bcdd29-6551-42f1-90db-a5629a064bc1,kir14,24/10/2025 17:02
b7b4e2a8-1779-4c70-ba16-c9abc8fb69a5,b7b4e2a8-1779-4c70-ba16-c9abc8fb69a5,2025-10-20,,,1,,,rice,2025-06-23,1,,,1,,,,,2025-10-20,1,1,12,---,---,---,---,1.0,75.0,---,---,1,,,,,,---,---,---,---,---,---,---,---,---,---,---,---,---,---,---,---,---,---,,1,,1,,,1,,,,,"A yi amfani da sabbin buhuna masu tsafta.

A saka buhunan a kan katanga ko pallet domin su rabu da ƙasa.

Ajiye a wurin da iska ke shiga kuma babu danshi.",11.6591808,8.2599717,516.6,4.93,CT-Kir5NK1O01,KOGO AGRO MARKETERS CLUSTER.,Kano,Kiru,Female,Production,Kano-WOFAN,0,0,0,0,5625,5625,0,0,75,5625,0,0,0,0,0,0,0,22d478fc-361b-4759-96d7-1babc779ae50,kir14,24/10/2025 17:09
9f497c1b-4f15-4129-8bc5-3a5518356f99,9f497c1b-4f15-4129-8bc5-3a5518356f99,2025-10-23,,,1,,,rice,2025-06-23,1,,,1,,,,,2025-10-23,1,1,14,---,---,---,---,1.0,75.0,---,---,1,,,,,,---,---,---,---,---,---,---,---,---,---,---,---,---,---,---,---,---,---,1,,,1,,,1,,,,,"A yi amfani da sabbin buhuna masu tsafta.

A saka buhunan a kan katanga ko pallet domin su rabu da ƙasa.",11.6591931,8.2600225,516.5,4.24,CT-BebY8HNA28,GWARMAI AGRO MARKETERS CLUSTER.,Kano,Bebeji,Female,Production/Processing,Kano-WOFAN,0,0,0,0,5625,5625,0,0,75,5625,0,0,0,0,0,0,0,6d3185d2-f832-45e1-a517-0f14ece1e31c,kir14,24/10/2025 17:12
32a4b13b-858f-46a7-be07-f8292e96cf36,32a4b13b-858f-46a7-be07-f8292e96cf36,2025-09-15,,1,,,,maize samaz,2025-06-20,1,,,1,,,,,2025-10-24,1,1,12,---,---,1.0,65.0,---,---,---,---,1,,,,,,---,---,---,---,---,---,---,---,---,---,---,---,---,---,---,---,---,---,1,,,1,,,1,,,,,Masha allah,11.5443029,8.3809274,525.82,2.54,CT-BebSEMVT10,Gargai makera cluster,Kano,Bebeji,,Production/Processing,Kano-WOFAN,0,0,6500,6500,0,0,0,0,65,6500,0,0,0,0,0,0,0,8a289b61-d28f-4cc0-83cc-f3990bb3af7a,beb28,24/10/2025 17:15
4c52b3a0-63d3-460e-8dcb-fa144227274b,4c52b3a0-63d3-460e-8dcb-fa144227274b,2025-09-13,,1,,,,Faro67,2025-07-01,1,,,1,,,,,2025-06-01,2,85,12,---,---,2.0,85.0,---,---,---,---,,,1,,,,---,1.0,---,---,,,,,,,,,,,,,1,,1,,,1,,,1,,,,,good,11.6839823,9.3436953,464.5,4.8,CT-TauC7UGO24,All Disability Forum Majia Tasha,Jigawa,Taura,,Production/Processing,Jigawa-WOFAN,0,0,8500,4250,0,0,0,0,85,8500,0,100,0,0,1,100,0,624aea6b-df20-4181-a391-ea8680de0a5c,tau23,24/10/2025 17:56
012bb936-186e-4102-aa36-0a90f6be157f,012bb936-186e-4102-aa36-0a90f6be157f,2025-09-13,,,1,,,faro67,2025-06-01,1,,,1,,,,,2025-06-06,2,140,12,---,---,---,---,1.0,2.0,---,---,1,,,,,,---,---,---,---,---,---,---,---,---,---,---,---,---,---,---,---,---,---,1,,,1,,,1,,,,,they have a bumper havest or other wise,12.0908077,9.2007551,380.8,4.8,CT-Rin0X06711,Hattara Disability Group Dagasa,Jigawa,Ringim,Female,Production/Processing,Jigawa-WOFAN,0,0,0,0,150,150,0,0,2,150,0,0,0,0,0,0,0,a1c34c78-5983-4f8c-9ec1-efd6dc798b6e,rin24,24/10/2025 18:06
56afbff4-8e5c-4403-8108-8b51ba361fe5,56afbff4-8e5c-4403-8108-8b51ba361fe5,2025-10-23,,1,,,,maize,2025-06-07,1,,,1,,,,,2025-10-20,2,2,95,---,---,2.0,60.0,---,---,---,---,,,1,,,,---,10.0,---,---,,,,,,,,,,,,1,,,1,,,1,,,1,,,,,good,11.6644033,8.4120617,528.4,8.3,CT-Gar6NGTO14,Amana disabled cluster,Kano,Garum_Mallam,,Production,Kano-WOFAN,0,0,6000,3000,0,0,0,0,60,6000,0,1000,0,0,10,1000,0,bbe7f5b6-b465-4786-8b28-c78f683b563e,gmm50,24/10/2025 18:11
71d816fd-5db5-477c-9c9a-306d778864cd,71d816fd-5db5-477c-9c9a-306d778864cd,2025-09-16,,,1,,,rice,2025-06-14,1,,,1,,,,,2025-10-22,,2,75,---,---,---,---,2.0,50.0,---,---,,,,1,,,---,---,12.0,---,,,,,,,,,,,,,1,,,1,,1,,,1,,,,,good,11.6644617,8.4121033,532.6,6.85,CT-Gar40A3026,Fankurum yan awara markaters and sallers,Kano,Garum_Mallam,Female,Production/Processing,Kano-WOFAN,0,0,0,0,3750,1875,0,0,50,3750,0,0,900,0,12,900,0,05c6a7c9-1114-462b-a564-97c4dc52ebc6,gmm50,24/10/2025 18:11
f59f7e33-d594-417e-86dc-282055638813,f59f7e33-d594-417e-86dc-282055638813,2025-10-23,,,1,,,rice,2025-07-23,1,,,1,,,,,2025-10-13,2,2,10,---,---,---,---,2.0,160.0,---,---,,,,1,,,---,---,1.0,---,,,,,,,,,,1,,,,,,1,,1,,,1,,,,,good,11.8242597,8.4999369,452.6,5.0,CT-KurGEBRL18,Karfi wofan cluster micro maketers co operative society limited,Kano,Kura,Both,Production/Processing,Kano-WOFAN,0,0,0,0,12000,6000,0,0,160,12000,0,0,75,0,1,75,0,1e5aa9e3-ba80-46b2-9478-abb473e02410,kur09,24/10/2025 18:13
d18c61c7-4c67-41b0-872c-093f84f62330,d18c61c7-4c67-41b0-872c-093f84f62330,2025-10-24,,,1,,,rice,2025-07-24,1,,,1,,,,,2025-10-19,2,2,10,---,---,---,---,2.0,150.0,---,---,1,,,,,,---,---,---,---,---,---,---,---,---,---,---,---,---,---,---,---,---,---,,1,,1,,,1,,,,,good,11.8240695,8.4992723,311.0,8.19,CT-KurNCKUQ09,KURA ALKALAWA CLUSTER,Kano,Kura,Female,Production/Processing,Kano-WOFAN,0,0,0,0,11250,5625,0,0,150,11250,0,0,0,0,0,0,0,dd10c62f-ca5c-4ae2-90b3-c4b45ebf17e0,kur09,24/10/2025 18:14
d9adc6f0-355f-4c56-b4d4-4a97bde38aaf,d9adc6f0-355f-4c56-b4d4-4a97bde38aaf,2025-10-24,,,1,,,rice,2025-07-24,1,,,1,,,,,2025-10-15,2,2,9,---,---,---,---,2.0,140.0,---,---,1,,,,,,---,---,---,---,---,---,---,---,---,---,---,---,---,---,---,---,---,---,,1,,1,,,1,,,,,good,11.8239017,8.4996645,311.09,6.09,CT-KurGGHRU35,KURA ALKALAWA RAAYI CLUSTER,Kano,Kura,Female,Production/Processing,Kano-WOFAN,0,0,0,0,10500,5250,0,0,140,10500,0,0,0,0,0,0,0,e1a80278-0ddb-48a6-9d1e-7420f83fac6a,kur09,24/10/2025 18:14
cf7be850-5ee6-4e88-b4a8-690a6ca55cce,cf7be850-5ee6-4e88-b4a8-690a6ca55cce,2025-10-24,,,1,,,rice,2025-07-24,1,,,1,,,,,2025-10-17,2,2,8,---,---,---,---,2.0,160.0,---,---,1,,,,,,---,---,---,---,---,---,---,---,---,---,---,---,---,---,---,---,---,---,1,,,1,,,1,,,,,good,11.8237747,8.4995522,311.5,5.7,CT-KurFFXWD28,KURA BAKING KASUWA CLUSTER,Kano,Kura,Female,Production/Processing,Kano-WOFAN,0,0,0,0,12000,6000,0,0,160,12000,0,0,0,0,0,0,0,52c03fc2-4de7-4354-8b41-bfdf6cb461a0,kur09,24/10/2025 18:14
a4a93284-b057-4d96-a935-bedb7a5b4ec3,a4a93284-b057-4d96-a935-bedb7a5b4ec3,2025-10-24,,,1,,,rice,2025-07-24,1,,,1,,,,,2025-10-20,2,2,9,---,---,---,---,2.0,170.0,---,---,1,,,,,,---,---,---,---,---,---,---,---,---,---,---,---,---,---,---,---,---,---,,1,,1,,,1,,,,,good,11.823713,8.4994589,311.8,5.9,CT-Kur7K4Z001,KURA CIKIN GARI CLUSTER,Kano,Kura,Female,Production/Processing,Kano-WOFAN,0,0,0,0,12750,6375,0,0,170,12750,0,0,0,0,0,0,0,cde2b747-1e4c-4879-a80b-b73f183d8646,kur09,24/10/2025 18:14
f1212e9f-9e4c-4652-8ffe-000a7a3a0b45,f1212e9f-9e4c-4652-8ffe-000a7a3a0b45,2025-10-24,,1,,,,maize,2025-07-24,1,,,1,,,,,2025-10-06,2,2,10,---,---,2.0,100.0,---,---,---,---,1,,,,,,---,---,---,---,---,---,---,---,---,---,---,---,---,---,---,---,---,---,1,,,1,,,1,,,,,good,11.82371,8.499455,311.8,6.2,CT-KurGEBRL18,Karfi wofan cluster micro maketers co operative society limited,Kano,Kura,Both,Production/Processing,Kano-WOFAN,0,0,10000,5000,0,0,0,0,100,10000,0,0,0,0,0,0,0,1e5aa9e3-ba80-46b2-9478-abb473e02410,kur09,24/10/2025 18:14
97f8bbaa-8235-4a95-9576-dbb310aee680,97f8bbaa-8235-4a95-9576-dbb310aee680,2025-10-24,,1,,,,maize,2025-07-24,1,,,1,,,,,2025-10-09,2,2,10,---,---,2.0,100.0,---,---,---,---,1,,,,,,---,---,---,---,---,---,---,---,---,---,---,---,---,---,---,---,---,---,1,,,1,,,1,,,,,good,11.8236022,8.4975257,472.1,7.12,CT-KurNCKUQ09,KURA ALKALAWA CLUSTER,Kano,Kura,Female,Production/Processing,Kano-WOFAN,0,0,10000,5000,0,0,0,0,100,10000,0,0,0,0,0,0,0,dd10c62f-ca5c-4ae2-90b3-c4b45ebf17e0,kur09,24/10/2025 18:14
8380d18a-3422-40b3-8c77-d47bfe6df540,8380d18a-3422-40b3-8c77-d47bfe6df540,2025-10-24,,1,,,,maize,2025-07-24,1,,,1,,,,,2025-10-11,2,2,10,---,---,2.0,105.0,---,---,---,---,1,,,,,,---,---,---,---,---,---,---,---,---,---,---,---,---,---,---,---,---,---,1,,,1,,,1,,,,,good,11.8247489,8.4979286,472.1,8.32,CT-KurGGHRU35,KURA ALKALAWA RAAYI CLUSTER,Kano,Kura,Female,Production/Processing,Kano-WOFAN,0,0,10500,5250,0,0,0,0,105,10500,0,0,0,0,0,0,0,e1a80278-0ddb-48a6-9d1e-7420f83fac6a,kur09,24/10/2025 18:14
51ec8b38-3c89-4f21-aefb-224d249e1cdd,51ec8b38-3c89-4f21-aefb-224d249e1cdd,2025-10-24,,,1,,,rice,2025-06-13,1,,,1,,,,,2025-10-23,2,2,65,---,---,---,---,2.0,150.0,---,---,,,,1,,,---,---,12.0,---,,,1,,,,,,,,,,,,1,,,1,,,1,,,,,good,11.6653117,8.417175,521.7,9.4,CT-GarBJPG402,YAN TUDU DISABLE ASSOCIATION,Kano,Garum_Mallam,,Production/Processing,Kano-WOFAN,0,0,0,0,11250,5625,0,0,150,11250,0,0,900,0,12,900,0,3da7e590-427d-481d-9e6e-b5a9af4e7d9b,gmm50,24/10/2025 18:18
395f3231-45cc-41d5-881a-9ad0b06cb69a,395f3231-45cc-41d5-881a-9ad0b06cb69a,2025-10-24,,1,,,,maize,2025-07-24,1,,,1,,,,,2025-10-17,2,2,10,---,---,2.0,100.0,---,---,---,---,1,,,,,,---,---,---,---,---,---,---,---,---,---,---,---,---,---,---,---,---,---,1,,,1,,,1,,,,,good,11.8236065,8.4976019,472.1,8.15,CT-KurFFXWD28,KURA BAKING KASUWA CLUSTER,Kano,Kura,Female,Production/Processing,Kano-WOFAN,0,0,10000,5000,0,0,0,0,100,10000,0,0,0,0,0,0,0,52c03fc2-4de7-4354-8b41-bfdf6cb461a0,kur09,24/10/2025 18:23
d01c0d85-85eb-49a7-b487-dc45280e0efe,d01c0d85-85eb-49a7-b487-dc45280e0efe,2025-10-24,,1,,,,maize,2025-07-19,1,,,1,,,,,2025-10-12,2,2,10,---,---,2.0,10.0,---,---,---,---,1,,,,,,---,---,---,---,---,---,---,---,---,---,---,---,---,---,---,---,---,---,1,,,1,,,1,,,,,good,11.8235636,8.497539,472.1,6.35,CT-Kur7K4Z001,KURA CIKIN GARI CLUSTER,Kano,Kura,Female,Production/Processing,Kano-WOFAN,0,0,1000,500,0,0,0,0,10,1000,0,0,0,0,0,0,0,cde2b747-1e4c-4879-a80b-b73f183d8646,kur09,24/10/2025 18:24
00207791-1073-4d0d-a4e5-6d96860e8a6f,00207791-1073-4d0d-a4e5-6d96860e8a6f,2025-10-24,,1,,,,maize,2025-07-19,1,,,1,,,,,2025-10-17,2,2,10,---,---,2.0,100.0,---,---,---,---,1,,,,,,---,---,---,---,---,---,---,---,---,---,---,---,---,---,---,---,---,---,1,,,1,,,1,,,,,good,11.8235874,8.4975309,472.1,6.3,CT-KurSE4BN13,Kura gidan Bagadaza Micro marketers,Kano,Kura,Both,Production/Processing,Kano-WOFAN,0,0,10000,5000,0,0,0,0,100,10000,0,0,0,0,0,0,0,1c3b3548-c88d-4cb6-9073-2c453988e5f0,kur09,24/10/2025 18:25
1b6b0821-b99c-4ad0-b89b-df4bcfcf4ccc,1b6b0821-b99c-4ad0-b89b-df4bcfcf4ccc,2025-10-01,,,1,,,Rice faro68,2025-06-27,1,,,1,,,,,2025-10-01,1,1,12,---,---,---,---,1.0,65.0,---,---,1,,,,,,---,---,---,---,---,---,---,---,---,---,---,---,---,---,---,---,---,---,1,,,1,,,1,,,,,alhamdulillahi anyi noma lafiya tun daga har zuwa harvesting manona sai gdy,11.54429,8.3806567,527.79,4.86,CT-BebL7Q8S17,Gargai agro maketers cluster,Kano,Bebeji,Female,Production/Processing,Kano-WOFAN,0,0,0,0,4875,4875,0,0,65,4875,0,0,0,0,0,0,0,7512627b-d75d-4b7b-9cce-01e5d75d3153,beb26,24/10/2025 18:58
39ed052e-233a-40dd-a2c0-a7fc8ee1163d,39ed052e-233a-40dd-a2c0-a7fc8ee1163d,2025-10-08,,,1,,,Faro68,2025-06-28,1,,,1,,,,,2025-10-08,1,1,12,---,---,---,---,1.0,70.0,---,---,1,,,,,,---,---,---,---,---,---,---,---,---,---,---,---,---,---,---,---,---,---,1,,,1,,,1,,,,,alhamdulillahi,11.5442983,8.3807833,544.29,4.84,CT-BebJZKQY44,Kofa agro marketers cluster,Kano,Bebeji,Female,Production/Processing,Kano-WOFAN,0,0,0,0,5250,5250,0,0,70,5250,0,0,0,0,0,0,0,7b301673-a1af-4c49-992a-c7bf5bbfbaf5,beb26,24/10/2025 18:58
940fac69-d274-43dd-b7e3-10b6e641aeff,940fac69-d274-43dd-b7e3-10b6e641aeff,2025-09-30,,,1,,,Faro68,2025-06-27,1,,,1,,,,,2025-09-30,1,1,12,---,---,---,---,1.0,68.0,---,---,1,,,,,,---,---,---,---,---,---,---,---,---,---,---,---,---,---,---,---,---,---,1,,,1,,,1,,,,,masha WOFAN duniyar alkr,11.5443517,8.3807917,536.9,4.94,CT-BebU602U36,Durmawa agro maketers,Kano,Bebeji,Both,Production/Processing,Kano-WOFAN,0,0,0,0,5100,5100,0,0,68,5100,0,0,0,0,0,0,0,2e1ab65c-88ce-41b5-9efc-e6c53c593506,beb26,24/10/2025 18:58
029cdef5-81f6-4c42-b25d-63e712b7bc0c,029cdef5-81f6-4c42-b25d-63e712b7bc0c,2025-09-30,,,1,,,Faro68,2025-06-27,1,,,1,,,,,2025-09-30,1,1,12,---,---,---,---,1.0,65.0,---,---,1,,,,,,---,---,---,---,---,---,---,---,---,---,---,---,---,---,---,---,---,---,1,,,1,,,1,,,,,alhamdulillahi WOFAN gidan taimako,11.5443667,8.380735,538.1,4.98,CT-KirPQFNX59,Kyarana agro maketers association,Kano,Kiru,Both,Production/Processing,Kano-WOFAN,0,0,0,0,4875,4875,0,0,65,4875,0,0,0,0,0,0,0,9c894a8e-d997-42e3-9a37-8d52f6a0cae8,beb26,24/10/2025 18:58
f4beaf53-7d2c-4e1a-836d-dda64e96b91f,f4beaf53-7d2c-4e1a-836d-dda64e96b91f,2025-10-20,,,1,,,Faro 67,2025-06-24,1,,,1,,,,,2025-10-20,2,160,12,---,---,---,---,2.0,160.0,---,---,1,,,,,,---,---,---,---,---,---,---,---,---,---,---,---,---,---,---,---,---,---,1,,,1,,,1,,,,,Masha Allah,12.1366463,9.1602135,383.51,3.24,CT-Rin1WTGD04,GIDAN GARKE DISABILITIES COOPERATIVE SOCIETY,Jigawa,Ringim,,Production/Processing,Jigawa-WOFAN,0,0,0,0,12000,6000,0,0,160,12000,0,0,0,0,0,0,0,6939b609-6093-43bb-a718-c0c950373f6b,rin21,24/10/2025 19:10
dd78e436-f418-4d9b-96a5-d27609b90f7b,dd78e436-f418-4d9b-96a5-d27609b90f7b,2025-10-24,,,1,,,rice,2025-06-08,1,,,1,,,,,2025-10-19,2,2,75,---,---,---,---,2.0,150.0,---,---,,,,1,,,---,---,12.0,---,,,,,1,,,,,,,,,,1,,,1,,,1,,,,,good,11.5913483,8.3613383,520.7,9.94,CT-KurFLWYO52,DAN HASSANKAROFI B CLUSTER,Kano,Kura,Female,Production/Processing,Kano-WOFAN,0,0,0,0,11250,5625,0,0,150,11250,0,0,900,0,12,900,0,94f9d84f-98f7-43ee-8498-3bc75ecc46a2,gmm50,24/10/2025 19:19
d6c31ad0-e759-4ede-a4e2-2b99994823e4,d6c31ad0-e759-4ede-a4e2-2b99994823e4,2025-10-23,,1,,,,2,2025-10-23,1,,,1,,,,,2025-10-23,2,2,10,---,---,1.0,80.0,---,---,---,---,1,,,,,,---,---,---,---,---,---,---,---,---,---,---,---,---,---,---,---,---,---,1,,,1,,,1,,,,,tayi,11.6658408,8.4159381,510.82,1.14,CT-KurGGHRU35,KURA ALKALAWA RAAYI CLUSTER,Kano,Kura,Female,Production/Processing,Kano-WOFAN,0,0,8000,8000,0,0,0,0,80,8000,0,0,0,0,0,0,0,e1a80278-0ddb-48a6-9d1e-7420f83fac6a,kur07,24/10/2025 19:35
e63d4350-be78-438c-a88d-d3de5bbdc1a9,e63d4350-be78-438c-a88d-d3de5bbdc1a9,2025-10-23,,,1,,,faro44,2025-10-23,1,,,1,,,,,2025-10-23,2,2,1,---,---,---,---,1.0,60.0,---,---,1,,,,,,---,---,---,---,---,---,---,---,---,---,---,---,---,---,---,---,---,---,1,,,1,,,1,,,,,tayi,11.6657834,8.4159149,521.08,0.96,CT-KurGGHRU35,KURA ALKALAWA RAAYI CLUSTER,Kano,Kura,Female,Production/Processing,Kano-WOFAN,0,0,0,0,4500,4500,0,0,60,4500,0,0,0,0,0,0,0,e1a80278-0ddb-48a6-9d1e-7420f83fac6a,kur07,24/10/2025 19:35
bb71ad65-c074-4559-bc59-781b129d7717,bb71ad65-c074-4559-bc59-781b129d7717,2025-10-21,,,1,,,Faro,2025-06-10,1,,,1,,,,,2025-09-30,2,2,12,---,---,---,---,2.0,160.0,---,---,1,,,,,,---,---,---,---,---,---,---,---,---,---,---,---,---,---,---,---,---,---,,1,,1,,,1,,,,,satisfactory,10.2864717,9.804775,574.0,5.8,CT-BauHG7J354,Baram Gada PWD Woman Multipurpose Cooperative Society LTD,Bauchi,Bauchi,,Production/Processing,Bauchi-WOFAN,0,0,0,0,12000,6000,0,0,160,12000,0,0,0,0,0,0,0,c9edfc77-b3a0-4e79-afde-7cef93f05125,bau13,24/10/2025 19:54
8187b0d6-528e-42e8-8690-dbe3f6c6b444,8187b0d6-528e-42e8-8690-dbe3f6c6b444,2025-10-22,,,1,,,Faro,2025-06-12,1,,,1,,,,,2025-10-03,2,2,13,---,---,---,---,2.0,155.0,---,---,1,,,,,,---,---,---,---,---,---,---,---,---,---,---,---,---,---,---,---,---,---,1,1,,1,,,1,,,,,Satisfactory,10.2863133,9.8047283,604.0,7.5,CT-BauR44HW40,Bauchi Persons with Disability Cooperative Society Limited,Bauchi,Bauchi,,Production/Processing,Bauchi-WOFAN,0,0,0,0,11625,5813,0,0,155,11625,0,0,0,0,0,0,0,9add24be-c31f-4dec-83e2-8e7eea40bdef,bau13,24/10/2025 19:59
9ce4963f-6a24-41bf-9487-bad1783566c0,9ce4963f-6a24-41bf-9487-bad1783566c0,2025-10-21,,,1,,,Faro Rice,2025-06-20,1,,,1,,,,,2025-09-30,2,2,11,---,---,---,---,2.0,185.0,---,---,1,,,,,,---,---,---,---,---,---,---,---,---,---,---,---,---,---,---,---,---,---,1,1,,1,,,1,,,,,Satisfactory,10.2871433,9.8043017,565.5,9.0,CT-BauIN8VG58,Karofin Madaki Women with Special Needs Cooperative Society LTD,Bauchi,Bauchi,,Production/Processing,Bauchi-WOFAN,0,0,0,0,13875,6938,0,0,185,13875,0,0,0,0,0,0,0,2df5f932-2c76-4c59-8a9f-09f9cbd6e99f,bau13,24/10/2025 20:06
acd69a39-71c7-4edd-8336-aa273ea3a4e5,acd69a39-71c7-4edd-8336-aa273ea3a4e5,2025-10-23,,,1,,,Faro 68,2025-06-19,1,,,1,,,,,2025-10-20,2,2,13,---,---,---,---,2.0,78.0,---,---,1,,,,,,---,---,---,---,---,---,---,---,---,---,---,---,---,---,---,---,---,---,1,,,1,,,1,,,,,good,11.5478649,8.3874983,526.9,4.5,CT-BebSWN5O36,Gargai Dangude rice and beans processing and production cluster,Kano,Bebeji,,Production/Processing,Kano-WOFAN,0,0,0,0,5850,2925,0,0,78,5850,0,0,0,0,0,0,0,dd1ec8f8-897a-42b3-a900-2a1a209bde42,kir22,24/10/2025 20:10
b9d37ec9-58b3-43bc-8539-31b398a35993,b9d37ec9-58b3-43bc-8539-31b398a35993,2025-10-22,,,1,,,faro 68,2025-06-20,1,,,1,,,,,2025-10-21,2,2,14,---,---,---,---,2.0,75.0,---,---,1,,,,,,---,---,---,---,---,---,---,---,---,---,---,---,---,---,---,---,---,---,1,,,1,,,1,,,,,good,11.5477247,8.3873978,510.5,3.85,CT-BebYS5MK20,Lungu disabled farmers cluster,Kano,Bebeji,,Production,Kano-WOFAN,0,0,0,0,5625,2813,0,0,75,5625,0,0,0,0,0,0,0,d041c53f-d883-4232-b43d-bcb50073fb22,kir22,24/10/2025 20:10
37759eeb-39f5-4109-9986-182397c4068e,37759eeb-39f5-4109-9986-182397c4068e,2025-10-23,,,1,,,faro 68,2025-06-29,1,,,1,,,,,2025-10-22,2,2,13,---,---,---,---,2.0,79.0,---,---,1,,,,,,---,---,---,---,---,---,---,---,---,---,---,---,---,---,---,---,---,---,1,,,1,,,1,,,,,good,11.5477924,8.3874717,512.5,3.9,CT-BebXPMUG50,Women disabled farmers cluster gargai,Kano,Bebeji,,Production,Kano-WOFAN,0,0,0,0,5925,2963,0,0,79,5925,0,0,0,0,0,0,0,9d06341e-96e5-4d6f-9714-d86ed718cb65,kir22,24/10/2025 20:10
50f87898-5109-4042-83f8-e166fa75e875,50f87898-5109-4042-83f8-e166fa75e875,2025-10-21,,,1,,,Rice (Faro),2025-06-14,1,,,1,,,,,2025-10-05,2,2,13,---,---,---,---,2.0,157.0,---,---,1,,,,,,---,---,---,---,---,---,---,---,---,---,---,---,---,---,---,---,---,---,1,1,,1,,,1,,,,,Satisfactory,10.2860467,9.8041617,589.79,5.3,CT-BauNX5FP04,Yelwan Tudu Person with Disability Multipurpose Cooperative Society LTD,Bauchi,Bauchi,,Production/Processing,Bauchi-WOFAN,0,0,0,0,11775,5888,0,0,157,11775,0,0,0,0,0,0,0,d129829b-6256-4d32-8c1f-13a165c47de8,bau13,24/10/2025 20:10
9c2c58b0-a819-4092-b200-0242f48fc154,9c2c58b0-a819-4092-b200-0242f48fc154,2025-06-18,,1,,,,maize samaz,2025-06-19,1,,,1,,,,,2025-09-17,1,1,11,---,---,1.0,72.0,---,---,---,---,1,,,,,,---,---,---,---,---,---,---,---,---,---,---,---,---,---,---,---,---,---,,1,,1,,,1,,,,,Masha Allah,11.5469844,8.3827346,546.09,3.18,CT-BebO4YUM07,Kofa agro marketers,Kano,Bebeji,Female,Production/Processing,Kano-WOFAN,0,0,7200,7200,0,0,0,0,72,7200,0,0,0,0,0,0,0,1b90374b-a4a3-4f6a-bee4-71addeeeff40,beb34,24/10/2025 20:19
67d3a0dc-0ed1-4fac-af0b-b167f23f5dd4,67d3a0dc-0ed1-4fac-af0b-b167f23f5dd4,2025-09-20,,,1,,,Faro 68,2025-06-26,1,,,1,,,,,2025-10-24,1,1,12,---,---,---,---,1.0,65.0,---,---,1,,,,,,---,---,---,---,---,---,---,---,---,---,---,---,---,---,---,---,---,---,1,,,1,,,1,,,,,nice,11.5474788,8.381648,524.5,4.8,CT-KirPKBSG15,Kogo Youth farmers,Kano,Kiru,Male,Production/Processing,Kano-WOFAN,0,0,0,0,4875,4875,0,0,65,4875,0,0,0,0,0,0,0,23053384-1dc1-4523-b040-3a653d2137a0,kir05,24/10/2025 20:21
4f5f33df-cead-4e57-b4a3-098e5b927939,4f5f33df-cead-4e57-b4a3-098e5b927939,2025-06-15,,,1,,,faro 67,2025-06-11,1,,,1,,,,,2025-09-16,1,1,9,---,---,---,---,1.0,75.0,---,---,1,,,,,,---,---,---,---,---,---,---,---,---,---,---,---,---,---,---,---,---,---,,1,,1,,,1,,,,,Masha Allah,11.5470456,8.3825023,546.09,1.62,CT-KirPUZQS03,DANGORA AGRO MAKETERS CLUSTER.,Kano,Kiru,Female,Production/Processing,Kano-WOFAN,0,0,0,0,5625,5625,0,0,75,5625,0,0,0,0,0,0,0,346467f2-01c2-4d13-b677-e1757ead3703,beb34,24/10/2025 20:23
baec46ae-9f9b-49d0-9619-ee1d23645ead,baec46ae-9f9b-49d0-9619-ee1d23645ead,2025-07-24,,,1,,,1,2025-06-24,1,,,1,,,,,2025-10-22,1,1,4,---,---,---,---,2.0,75.0,---,---,,,1,,,,---,75.0,---,---,1,,,,,,,,,,,,,,1,,,1,,,1,,,,,good,11.6680082,8.2668994,1213.9,4.9,CT-BebHOTB840,Bebeji Yam vendor's agro marketing cluster,Kano,Bebeji,Both,Production/Processing,Kano-WOFAN,0,0,0,0,5625,2813,0,0,75,5625,0,7500,0,0,75,7500,0,9409c02a-77c2-4596-8ada-ba9aee21d27a,kir09,24/10/2025 20:23
31f0c360-c657-4b14-a108-0feafdcf44bd,31f0c360-c657-4b14-a108-0feafdcf44bd,2025-06-21,,1,,,,maize samaz,2025-06-18,1,,,1,,,,,2025-09-16,1,1,9,---,---,1.0,74.0,---,---,---,---,1,,,,,,---,---,---,---,---,---,---,---,---,---,---,---,---,---,---,---,---,---,1,,,1,,,1,,,,,Masha Allah,11.5472005,8.3826346,568.59,2.39,CT-BebMMA9904,Gwarmai sabon sara cluster,Kano,Bebeji,,Production/Processing,Kano-WOFAN,0,0,7400,7400,0,0,0,0,74,7400,0,0,0,0,0,0,0,2a7b884e-3c46-437d-9073-4528db8a1eef,beb34,24/10/2025 20:26
90797991-6b47-4441-b531-43d06322b933,90797991-6b47-4441-b531-43d06322b933,2025-06-20,,,1,,,faro 67,2025-06-21,1,,,1,,,,,2025-09-18,1,1,11,---,---,---,---,1.0,73.0,---,---,1,,,,,,---,---,---,---,---,---,---,---,---,---,---,---,---,---,---,---,---,---,,1,,1,,,1,,,,,Masha Allah,11.5471247,8.3826535,548.62,1.23,CT-BebPGD4J45,Durmawa Tashar Nalami cluster,Kano,Bebeji,,Production/Processing,Kano-WOFAN,0,0,0,0,5475,5475,0,0,73,5475,0,0,0,0,0,0,0,f00f8927-08fe-42a7-a2c4-e10e11597572,beb34,24/10/2025 20:33
dbc2a868-0108-4bcf-ae4e-c4fc2a5247dd,dbc2a868-0108-4bcf-ae4e-c4fc2a5247dd,2025-04-20,,,1,,,faro 67,2025-06-18,1,,,1,,,,,2025-09-17,1,1,11,---,---,---,---,1.0,75.0,---,---,1,,,,,,---,---,---,---,---,---,---,---,---,---,---,---,---,---,---,---,---,---,,1,,1,,,1,,,,,Masha Allah,11.5470963,8.3826838,551.56,3.59,CT-Beb066L900,Tashar Nalam durmawa cluster,Kano,Bebeji,,Production/Processing,Kano-WOFAN,0,0,0,0,5625,5625,0,0,75,5625,0,0,0,0,0,0,0,f48f456e-2317-4d49-823e-79dbf3f1b6c2,beb34,24/10/2025 20:39
8b6d6d88-3e1c-44a5-a4ab-3e7c6c3a9fbc,8b6d6d88-3e1c-44a5-a4ab-3e7c6c3a9fbc,2025-05-18,,1,,,,maize samaz,2025-05-14,1,,,1,,,,,2025-09-19,1,1,11,---,---,1.0,80.0,---,---,---,---,1,,,,,,---,---,---,---,---,---,---,---,---,---,---,---,---,---,---,---,---,---,,1,,1,,,1,,,,,Masha Allah,11.5470801,8.3826461,551.12,0.93,CT-Beb135IZ06,Bebeji alfijir ranka women cluster,Kano,Bebeji,,Production/Processing,Kano-WOFAN,0,0,8000,8000,0,0,0,0,80,8000,0,0,0,0,0,0,0,913eeaca-780d-41f4-bdb8-e91db826d5d1,beb34,24/10/2025 20:43
ae5d7c93-dce8-46a9-a37d-26a991bbf09b,ae5d7c93-dce8-46a9-a37d-26a991bbf09b,2025-06-19,,1,,,,maize samaz,2025-05-14,1,,,1,,,,,2025-09-18,1,1,9,---,---,1.0,85.0,---,---,---,---,1,,,,,,---,---,---,---,---,---,---,---,---,---,---,---,---,---,---,---,---,---,,1,,1,,,1,,,,,Masha Allah,11.5470829,8.3826205,549.49,0.86,CT-KirQZTWQ12,Adafa dawa kiru farmers cluster,Kano,Kiru,,Production/Processing,Kano-WOFAN,0,0,8500,8500,0,0,0,0,85,8500,0,0,0,0,0,0,0,d455b855-11e9-4626-b3f1-9f5ab86ea361,beb34,24/10/2025 20:46
ee4443bc-e46c-4197-8af0-97d04fd09a04,ee4443bc-e46c-4197-8af0-97d04fd09a04,2025-10-23,,,1,,,Faro 68,2025-06-22,1,,,1,,,,,2025-10-23,1,1,14,---,---,---,---,1.0,75.0,---,---,1,,,,,,---,---,---,---,---,---,---,---,---,---,---,---,---,---,---,---,---,---,1,,,1,,,1,,,,,Good,11.705181,8.1331725,548.6,4.75,CT-Kir6SI5847,Albarka cluster kiru,Kano,Kiru,Female,Production/Processing,Kano-WOFAN,0,0,0,0,5625,5625,0,0,75,5625,0,0,0,0,0,0,0,670ed755-c24b-431c-8526-7b5984c751a6,kir16,24/10/2025 21:01
d4a74c61-988f-4e5c-a873-6590afe9dd85,d4a74c61-988f-4e5c-a873-6590afe9dd85,2025-10-23,,,1,,,Faro 68,2025-06-18,1,,,1,,,,,2025-10-23,1,1,14,---,---,---,---,1.0,78.0,---,---,1,,,,,,---,---,---,---,---,---,---,---,---,---,---,---,---,---,---,---,---,---,1,,,1,,,1,,,,,Good grain,11.7051467,8.1332915,548.4,4.8,CT-KirCY9ZU05,Baawa cluster for marketters,Kano,Kiru,Female,Production/Processing,Kano-WOFAN,0,0,0,0,5850,5850,0,0,78,5850,0,0,0,0,0,0,0,ac4f581c-ed1d-46e4-94af-24f8dcacc732,kir16,24/10/2025 21:01
dfd92d12-7940-43d9-a504-d7ecabbcd422,dfd92d12-7940-43d9-a504-d7ecabbcd422,2025-10-23,,,1,,,Faro 68,2025-06-29,1,,,1,,,,,2025-10-23,1,1,12,---,---,---,---,1.0,80.0,---,---,1,,,,,,---,---,---,---,---,---,---,---,---,---,---,---,---,---,---,---,---,---,1,,,1,,,1,,,,,More grain,11.7052165,8.1332595,548.4,4.7,CT-KirZJU7L01,Bargoni marketters cluster,Kano,Kiru,Female,Production/Processing,Kano-WOFAN,0,0,0,0,6000,6000,0,0,80,6000,0,0,0,0,0,0,0,61158ebf-ce6a-424a-ad96-0fe27e6e93ca,kir16,24/10/2025 21:01
c2950877-92c8-4c2d-951e-4ac0742688a0,c2950877-92c8-4c2d-951e-4ac0742688a0,2025-10-22,,,1,,,rice,2025-10-16,1,,,1,,,,,2025-10-19,1,1,11,---,---,---,---,1.0,12.0,---,---,1,,,,,,---,---,---,---,---,---,---,---,---,---,---,---,---,---,---,---,---,---,,1,,1,,,1,,,,,good,12.0502917,8.4883733,636.09,7.05,CT-KurGEBRL18,Karfi wofan cluster micro maketers co operative society limited,Kano,Kura,Both,Production/Processing,Kano-WOFAN,0,0,0,0,900,900,0,0,12,900,0,0,0,0,0,0,0,1e5aa9e3-ba80-46b2-9478-abb473e02410,kur04,24/10/2025 21:59
f47ab254-0601-4279-b6b0-287e2fd50adc,f47ab254-0601-4279-b6b0-287e2fd50adc,2025-10-19,,1,,,,maize,2025-10-22,1,,,1,,,,,2025-10-20,1,1,12,---,---,1.0,12.0,---,---,---,---,1,,,,,,---,---,---,---,---,---,---,---,---,---,---,---,---,---,---,---,---,---,,1,,1,,,1,,,,,good,12.0502567,8.4885617,636.0,9.32,CT-KurGEBRL18,Karfi wofan cluster micro maketers co operative society limited,Kano,Kura,Both,Production/Processing,Kano-WOFAN,0,0,1200,1200,0,0,0,0,12,1200,0,0,0,0,0,0,0,1e5aa9e3-ba80-46b2-9478-abb473e02410,kur04,24/10/2025 21:59
a805f2dc-153c-499a-a4e5-b8d973ab9a4e,a805f2dc-153c-499a-a4e5-b8d973ab9a4e,2025-10-20,,,1,,,rice,2025-10-18,1,,,1,,,,,2025-10-21,1,1,12,---,---,---,---,2.0,5.0,---,---,1,,,,,,---,---,---,---,---,---,---,---,---,---,---,---,---,---,---,---,---,---,,1,,1,,,1,,,,,good,12.0503167,8.48808,480.6,9.3,CT-KurNCKUQ09,KURA ALKALAWA CLUSTER,Kano,Kura,Female,Production/Processing,Kano-WOFAN,0,0,0,0,375,188,0,0,5,375,0,0,0,0,0,0,0,dd10c62f-ca5c-4ae2-90b3-c4b45ebf17e0,kur04,24/10/2025 21:59
5fcf3e08-42f1-49a7-b2e6-7e6123586f50,5fcf3e08-42f1-49a7-b2e6-7e6123586f50,2025-10-18,,1,,,,maize,2025-10-17,1,,,1,,,,,2025-10-15,1,1,11,---,---,2.0,5.0,---,---,---,---,1,,,,,,---,---,---,---,---,---,---,---,---,---,---,---,---,---,---,---,---,---,,1,,1,,,1,,,,,good,12.0502667,8.4878967,480.7,7.6,CT-KurNCKUQ09,KURA ALKALAWA CLUSTER,Kano,Kura,Female,Production/Processing,Kano-WOFAN,0,0,500,250,0,0,0,0,5,500,0,0,0,0,0,0,0,dd10c62f-ca5c-4ae2-90b3-c4b45ebf17e0,kur04,24/10/2025 21:59
d956d249-bf59-418d-b405-6e932cd993e5,d956d249-bf59-418d-b405-6e932cd993e5,2025-10-20,,,1,,,rice,2025-10-20,1,,,1,,,,,2025-10-19,1,1,11,---,---,---,---,2.0,5.0,---,---,1,,,,,,---,---,---,---,---,---,---,---,---,---,---,---,---,---,---,---,---,---,,1,,1,,,1,,,,,good,12.05024,8.4879167,480.7,6.25,CT-KurGGHRU35,KURA ALKALAWA RAAYI CLUSTER,Kano,Kura,Female,Production/Processing,Kano-WOFAN,0,0,0,0,375,188,0,0,5,375,0,0,0,0,0,0,0,e1a80278-0ddb-48a6-9d1e-7420f83fac6a,kur04,24/10/2025 21:59
12cfea7a-e759-4beb-b368-4e455d99864c,12cfea7a-e759-4beb-b368-4e455d99864c,2025-10-21,,1,,,,maize,2025-10-20,1,,,1,,,,,2025-10-20,1,1,12,---,---,1.0,5.0,---,---,---,---,1,,,,,,---,---,---,---,---,---,---,---,---,---,---,---,---,---,---,---,---,---,,1,,1,,,1,,,,,good,12.0503433,8.488195,547.69,8.13,CT-KurGGHRU35,KURA ALKALAWA RAAYI CLUSTER,Kano,Kura,Female,Production/Processing,Kano-WOFAN,0,0,500,500,0,0,0,0,5,500,0,0,0,0,0,0,0,e1a80278-0ddb-48a6-9d1e-7420f83fac6a,kur04,24/10/2025 21:59
6f7c5565-5fe6-41d4-b5d1-0e7afd189e2a,6f7c5565-5fe6-41d4-b5d1-0e7afd189e2a,2025-10-20,,,1,,,rice,2025-10-21,1,,,1,,,,,2025-10-20,1,1,12,---,---,---,---,2.0,5.0,---,---,1,,,,,,---,---,---,---,---,---,---,---,---,---,---,---,---,---,---,---,---,---,,1,,1,,,1,,,,,good,12.0503483,8.4882,547.69,9.8,CT-KurFFXWD28,KURA BAKING KASUWA CLUSTER,Kano,Kura,Female,Production/Processing,Kano-WOFAN,0,0,0,0,375,188,0,0,5,375,0,0,0,0,0,0,0,52c03fc2-4de7-4354-8b41-bfdf6cb461a0,kur04,24/10/2025 21:59
c5b06266-5755-415e-9c12-28bbf750ca28,c5b06266-5755-415e-9c12-28bbf750ca28,2025-10-22,,1,,,,maize,2025-10-22,1,,,1,,,,,2025-10-21,1,1,12,---,---,1.0,2.0,---,---,---,---,1,,,,,,---,---,---,---,---,---,---,---,---,---,---,---,---,---,---,---,---,---,,1,,1,,,1,,,,,good,12.0502717,8.4882217,547.69,7.6,CT-KurFFXWD28,KURA BAKING KASUWA CLUSTER,Kano,Kura,Female,Production/Processing,Kano-WOFAN,0,0,200,200,0,0,0,0,2,200,0,0,0,0,0,0,0,52c03fc2-4de7-4354-8b41-bfdf6cb461a0,kur04,24/10/2025 21:59
1fe70aa5-eeaf-4bf6-9d71-7d88c9faa0ff,1fe70aa5-eeaf-4bf6-9d71-7d88c9faa0ff,2025-10-17,,,1,,,rice,2025-10-22,1,,,1,,,,,2025-10-21,1,1,12,---,---,---,---,1.0,2.0,---,---,1,,,,,,---,---,---,---,---,---,---,---,---,---,---,---,---,---,---,---,---,---,,1,,1,,,1,,,,,good,12.0502817,8.488165,547.59,6.75,CT-Kur7K4Z001,KURA CIKIN GARI CLUSTER,Kano,Kura,Female,Production/Processing,Kano-WOFAN,0,0,0,0,150,150,0,0,2,150,0,0,0,0,0,0,0,cde2b747-1e4c-4879-a80b-b73f183d8646,kur04,24/10/2025 21:59
96348a3e-6c54-456e-9fbf-09e3d05208da,96348a3e-6c54-456e-9fbf-09e3d05208da,2025-10-19,,1,,,,maize,2025-10-19,1,,,1,,,,,2025-10-20,1,1,12,---,---,1.0,5.0,---,---,---,---,1,,,,,,---,---,---,---,---,---,---,---,---,---,---,---,---,---,---,---,---,---,,1,,1,,,1,,,,,good,12.0502883,8.4881483,547.59,6.35,CT-Kur7K4Z001,KURA CIKIN GARI CLUSTER,Kano,Kura,Female,Production/Processing,Kano-WOFAN,0,0,500,500,0,0,0,0,5,500,0,0,0,0,0,0,0,cde2b747-1e4c-4879-a80b-b73f183d8646,kur04,24/10/2025 21:59
4aadd0e2-9d0b-443d-9cb6-435f54786912,4aadd0e2-9d0b-443d-9cb6-435f54786912,2025-10-20,,,1,,,rice,2025-10-20,1,,,1,,,,,2025-10-17,1,1,12,---,---,---,---,1.0,12.0,---,---,1,,,,,,---,---,---,---,---,---,---,---,---,---,---,---,---,---,---,---,---,---,,1,,1,,,1,,,,,good,12.0503117,8.4881317,547.59,6.05,CT-KurSE4BN13,Kura gidan Bagadaza Micro marketers,Kano,Kura,Both,Production/Processing,Kano-WOFAN,0,0,0,0,900,900,0,0,12,900,0,0,0,0,0,0,0,1c3b3548-c88d-4cb6-9073-2c453988e5f0,kur04,24/10/2025 21:59
db585c74-1bea-431a-ab00-67a7bcb03d3a,db585c74-1bea-431a-ab00-67a7bcb03d3a,2025-10-19,,1,,,,rice,2025-10-19,1,,,1,,,,,2025-10-20,1,1,12,---,---,1.0,5.0,---,---,---,---,1,,,,,,---,---,---,---,---,---,---,---,---,---,---,---,---,---,---,---,---,---,,1,,1,,,1,,,,,good,12.0502433,8.4881167,523.4,5.0,CT-KurSE4BN13,Kura gidan Bagadaza Micro marketers,Kano,Kura,Both,Production/Processing,Kano-WOFAN,0,0,500,500,0,0,0,0,5,500,0,0,0,0,0,0,0,1c3b3548-c88d-4cb6-9073-2c453988e5f0,kur04,24/10/2025 21:59
d8e9ef0f-ef8e-4bdf-9eec-7d71fbb11ecf,d8e9ef0f-ef8e-4bdf-9eec-7d71fbb11ecf,2025-10-21,,,1,,,rice,2025-10-21,1,,,1,,,,,2025-10-21,1,1,12,---,---,---,---,1.0,5.0,---,---,1,,,,,,---,---,---,---,---,---,---,---,---,---,---,---,---,---,---,---,---,---,,1,,1,,,1,,,,,good,12.0503733,8.48811,537.09,7.5,CT-KurUPTIX09,Kura kurunsmu clustei,Kano,Kura,Female,Production/Processing,Kano-WOFAN,0,0,0,0,375,375,0,0,5,375,0,0,0,0,0,0,0,c13e84d7-0800-416f-b530-04f8290ebf64,kur04,24/10/2025 21:59
4502b299-e880-4377-979e-356644fb5f3b,4502b299-e880-4377-979e-356644fb5f3b,2025-10-21,,1,,,,maize,2025-10-23,1,,,1,,,,,2025-10-23,2,2,12,---,---,1.0,5.0,---,---,---,---,1,,,,,,---,---,---,---,---,---,---,---,---,---,---,---,---,---,---,---,---,---,,1,,1,,,1,,,,,good,12.0503633,8.488135,537.09,7.05,CT-KurUPTIX09,Kura kurunsmu clustei,Kano,Kura,Female,Production/Processing,Kano-WOFAN,0,0,500,500,0,0,0,0,5,500,0,0,0,0,0,0,0,c13e84d7-0800-416f-b530-04f8290ebf64,kur04,24/10/2025 21:59
783a8454-915d-4c3a-b35d-fc991e2432ec,783a8454-915d-4c3a-b35d-fc991e2432ec,2025-10-22,,,1,,,rice,2025-10-22,1,,,1,,,,,2025-10-21,1,1,12,---,---,---,---,1.0,5.0,---,---,1,,,,,,---,---,---,---,---,---,---,---,---,---,---,---,---,---,---,---,---,---,,1,,1,,,1,,,,,good,12.0503633,8.48812,537.09,6.7,CT-KurFLZA309,Kura rimi kofar arewa  cluster,Kano,Kura,Female,Production/Processing,Kano-WOFAN,0,0,0,0,375,375,0,0,5,375,0,0,0,0,0,0,0,0d551d69-4c21-4333-9876-5727436e7248,kur04,24/10/2025 21:59
85f71774-ebb5-4331-8f6e-26dbb45b5817,85f71774-ebb5-4331-8f6e-26dbb45b5817,2025-10-22,,1,,,,maize,2025-10-22,1,,,1,,,,,2025-10-22,1,1,12,---,---,1.0,5.0,---,---,---,---,1,,,,,,---,---,---,---,---,---,---,---,---,---,---,---,---,---,---,---,---,---,,1,,1,,,1,,,,,good,12.0503383,8.4881267,537.0,6.75,CT-KurFLZA309,Kura rimi kofar arewa  cluster,Kano,Kura,Female,Production/Processing,Kano-WOFAN,0,0,500,500,0,0,0,0,5,500,0,0,0,0,0,0,0,0d551d69-4c21-4333-9876-5727436e7248,kur04,24/10/2025 21:59
8ad1e08c-22f7-42a6-9175-882c2f3aa6d1,8ad1e08c-22f7-42a6-9175-882c2f3aa6d1,2025-10-22,,,1,,,rice,2025-10-21,1,,,1,,,,,2025-10-19,1,1,12,---,---,---,---,1.0,5.0,---,---,1,,,,,,---,---,---,---,---,---,---,---,---,---,---,---,---,---,---,---,---,---,,1,,1,,,1,,,,,good,12.0503667,8.4881317,537.0,6.33,CT-KurDLHH511,kura rimin rijiya cluster,Kano,Kura,Female,Production/Processing,Kano-WOFAN,0,0,0,0,375,375,0,0,5,375,0,0,0,0,0,0,0,a93710f1-df44-4c9e-a1c2-03e644fc1a2b,kur04,24/10/2025 21:59
2114a124-32ee-4192-902f-1cd4b674d725,2114a124-32ee-4192-902f-1cd4b674d725,2025-10-21,,,1,,,saghum,2025-10-21,1,,,1,,,,,2025-10-21,1,1,12,---,---,---,---,1.0,5.0,---,---,1,,,,,,---,---,---,---,---,---,---,---,---,---,---,---,---,---,---,---,---,---,,1,,1,,,1,,,,,good,12.0503517,8.4881367,537.0,6.1,CT-KurDLHH511,kura rimin rijiya cluster,Kano,Kura,Female,Production/Processing,Kano-WOFAN,0,0,0,0,375,375,0,0,5,375,0,0,0,0,0,0,0,a93710f1-df44-4c9e-a1c2-03e644fc1a2b,kur04,24/10/2025 21:59
e3309ee1-072b-4803-b163-7bf586fd8739,e3309ee1-072b-4803-b163-7bf586fd8739,2025-10-21,,,1,,,millet,2025-10-22,1,,,1,,,,,2025-10-21,1,1,12,---,---,---,---,1.0,5.0,---,---,1,,,,,,---,---,---,---,---,---,---,---,---,---,---,---,---,---,---,---,---,---,,1,,1,,,1,,,,,good,12.0503533,8.48814,537.0,6.1,CT-KurODST444,Kura takalli cluster,Kano,Kura,Female,Production/Processing,Kano-WOFAN,0,0,0,0,375,375,0,0,5,375,0,0,0,0,0,0,0,8d14689e-9a9f-4b26-9a7c-80209eea19be,kur04,24/10/2025 21:59
c85023f5-ba9c-4351-b765-72a61aaa06e2,c85023f5-ba9c-4351-b765-72a61aaa06e2,2025-10-21,,1,,,,saghum,2025-10-22,1,,,1,,,,,2025-10-21,1,1,12,---,---,1.0,5.0,---,---,---,---,1,,,,,,---,---,---,---,---,---,---,---,---,---,---,---,---,---,---,---,---,---,,1,,1,,,1,,,,,good,12.0503433,8.488185,536.9,6.05,CT-KurODST444,Kura takalli cluster,Kano,Kura,Female,Production/Processing,Kano-WOFAN,0,0,500,500,0,0,0,0,5,500,0,0,0,0,0,0,0,8d14689e-9a9f-4b26-9a7c-80209eea19be,kur04,24/10/2025 21:59
e9d6564b-8cba-4380-b322-b422a1642532,e9d6564b-8cba-4380-b322-b422a1642532,2025-10-22,,,1,,,maize,2025-10-23,1,,,1,,,,,2025-10-22,1,1,12,---,---,---,---,1.0,5.0,---,---,1,,,,,,---,---,---,---,---,---,---,---,---,---,---,---,---,---,---,---,---,---,,1,,1,,,1,,,,,good,12.0503467,8.4881967,536.9,6.1,CT-KurP7M1442,Lungun Mahauta Domawa Micro marketers,Kano,Kura,Both,Production/Processing,Kano-WOFAN,0,0,0,0,375,375,0,0,5,375,0,0,0,0,0,0,0,d87b97e5-8933-459c-8491-e9585ba81280,kur04,24/10/2025 21:59
c679e7a5-032f-437b-a63e-0dda96f4b605,c679e7a5-032f-437b-a63e-0dda96f4b605,2025-10-22,,1,,,,rice,2025-10-23,1,,,1,,,,,2025-10-22,1,1,12,---,---,1.0,5.0,---,---,---,---,1,,,,,,---,---,---,---,---,---,---,---,---,---,---,---,---,---,---,---,---,---,,1,,1,,,1,,,,,good,12.0503583,8.4881833,536.9,5.95,CT-KurP7M1442,Lungun Mahauta Domawa Micro marketers,Kano,Kura,Both,Production/Processing,Kano-WOFAN,0,0,500,500,0,0,0,0,5,500,0,0,0,0,0,0,0,d87b97e5-8933-459c-8491-e9585ba81280,kur04,24/10/2025 21:59
15789ed2-e765-472a-bd62-d147e90fbaea,15789ed2-e765-472a-bd62-d147e90fbaea,2025-10-24,,1,,,,Maize,2025-07-24,1,,,1,,,,,2025-10-24,1,20,12,---,---,1.0,2000.0,---,---,---,---,,,1,,,,---,1.0,---,---,,1,,,,,,,,,,,,,1,,,1,,,1,,,,,V.good,11.6822777,8.4224862,519.38,1.26,CT-Kur1W92N34,Danhassan Sabon Fegi Cluster,Kano,Kura,Both,Production/Processing,Kano-WOFAN,0,0,200000,200000,0,0,0,0,2000,200000,0,100,0,0,1,100,0,f4749019-c4d3-4de6-8962-60bf6a43a0bc,gmm55,25/10/2025 05:12
8f02bc4c-e896-48a1-ab8a-f4be1688433f,8f02bc4c-e896-48a1-ab8a-f4be1688433f,2025-10-24,,,1,,,Rice,2025-07-24,1,,,1,,,,,2025-10-24,1,55,12,---,---,---,---,1.0,4125.0,---,---,,,,1,,,---,---,1.0,---,,,,,,,,,,,,1,,,1,,,1,,,1,,,,,Excellent,11.6822775,8.4224745,517.97,1.25,CT-Kur1W92N34,Danhassan Sabon Fegi Cluster,Kano,Kura,Both,Production/Processing,Kano-WOFAN,0,0,0,0,309375,309375,0,0,4125,309375,0,0,75,0,1,75,0,f4749019-c4d3-4de6-8962-60bf6a43a0bc,gmm55,25/10/2025 05:12
49147810-ce46-4494-ab46-50ea5fbe9b40,49147810-ce46-4494-ab46-50ea5fbe9b40,2025-10-24,,,1,,,faro 68,2025-05-27,1,,,1,,,,,2025-10-24,1,1,12,---,---,---,---,1.0,65.0,---,---,1,,,,,,---,---,---,---,---,---,---,---,---,---,---,---,---,---,---,---,---,---,1,,,1,,,1,,,,,good,11.48512,8.3544817,558.3,4.09,CT-BebNTD5E45,Durmawa agro marketers,Kano,Bebeji,Female,Production/Processing,Kano-WOFAN,0,0,0,0,4875,4875,0,0,65,4875,0,0,0,0,0,0,0,e49320fb-afa3-4fe0-bb9e-6a336925eef4,kir04,25/10/2025 07:14
eb456b3a-ed9d-44db-aca1-18f91aa60075,eb456b3a-ed9d-44db-aca1-18f91aa60075,2025-10-24,,,1,,,faro68,2025-05-20,1,,,1,,,,,2025-10-24,1,1,12,---,---,---,---,1.0,70.0,---,---,1,,,,,,---,---,---,---,---,---,---,---,---,---,---,---,---,---,---,---,---,---,1,,,1,,,1,,,,,good,11.485185,8.35439,577.9,2.85,CT-BebKHIXV38,rantan agro marketers,Kano,Bebeji,Female,Production/Processing,Kano-WOFAN,0,0,0,0,5250,5250,0,0,70,5250,0,0,0,0,0,0,0,d88a2e8e-9ba3-4e1c-ad2d-59c7339f219e,kir04,25/10/2025 07:14
bbfc9ad7-a128-45d1-a79f-a2017a300db7,bbfc9ad7-a128-45d1-a79f-a2017a300db7,2025-10-24,,,1,,,faro68,2025-06-29,1,,,1,,,,,2025-10-24,1,1,12,---,---,---,---,1.0,75.0,---,---,1,,,,,,---,---,---,---,---,---,---,---,---,---,---,---,---,---,---,---,---,---,1,,,1,,,1,,,,,good,11.4851033,8.3544483,575.2,2.6,CT-BebNE4FI38,Rantan agro marketers,Kano,Bebeji,Female,Production/Processing,Kano-WOFAN,0,0,0,0,5625,5625,0,0,75,5625,0,0,0,0,0,0,0,13e19a43-a795-4dc7-8f78-31d1b372e812,kir04,25/10/2025 07:14
280a4d23-2766-4b53-ae8e-b7610fcce299,280a4d23-2766-4b53-ae8e-b7610fcce299,2025-09-13,,,1,,,Faro 67,2025-07-01,1,,,1,,,,,2025-06-06,2,140,12,---,---,---,---,2.0,85.0,---,---,1,,,,,,---,---,---,---,---,---,---,---,---,---,---,---,---,---,---,---,---,---,1,,,1,,,1,,,,,they have a bumper harvest or other wise,12.0912058,9.20038,437.7,4.55,CT-RinPP4XJ09,Sankara Female Farmes Cluster,Jigawa,Ringim,,Production/Processing,Jigawa-WOFAN,0,0,0,0,6375,3188,0,0,85,6375,0,0,0,0,0,0,0,04124aa1-0f09-485e-b9bf-7ac443db20d8,jah32,25/10/2025 07:37
2e3c97a1-402b-4e19-8886-2cb2f39e82e0,2e3c97a1-402b-4e19-8886-2cb2f39e82e0,2025-09-13,,,1,,,Faro 67,2025-07-01,1,,,1,,,,,2025-06-06,2,140,12,---,---,---,---,2.0,85.0,---,---,1,,,,,,---,---,---,---,---,---,---,---,---,---,---,---,---,---,---,---,---,---,1,,,1,,,1,,,,,they have a bumper harvest or other wise,12.0911811,9.2003902,422.2,4.05,CT-Rin2IIQI48,Mata Manoma Group Cluster,Jigawa,Ringim,,Production/Processing,Jigawa-WOFAN,0,0,0,0,6375,3188,0,0,85,6375,0,0,0,0,0,0,0,e260fe07-2007-4482-b671-c20794f931ad,jah32,25/10/2025 07:37
2823ae88-36c3-4bee-9956-d2d370fa93ae,2823ae88-36c3-4bee-9956-d2d370fa93ae,2025-10-25,,,1,,,Rice,2025-07-24,1,,,1,,,,,2025-10-25,2,2,60,---,---,---,---,1.0,50.0,---,---,,,,1,,,---,---,120.0,---,1,,,,,,,,,,,,,,,1,,1,,,1,,,,,good,11.6695117,8.4140704,528.04,4.06,CT-KurFLZA309,Kura rimi kofar arewa  cluster,Kano,Kura,Female,Production/Processing,Kano-WOFAN,0,0,0,0,3750,3750,0,0,50,3750,0,0,9000,0,120,9000,0,0d551d69-4c21-4333-9876-5727436e7248,kur11,25/10/2025 07:57
36f15cd3-059d-4d81-b013-4da7dd9c72a8,36f15cd3-059d-4d81-b013-4da7dd9c72a8,2025-10-25,,1,,,,maize,2025-05-25,1,,,1,,,,,2025-10-25,2,2,60,---,---,2.0,50.0,---,---,---,---,,,1,,,,---,80.0,---,---,1,,,,,,,,,,,,,,,1,,1,,,1,,,,,good,11.6695117,8.4140738,527.41,4.54,CT-KurFLZA309,Kura rimi kofar arewa  cluster,Kano,Kura,Female,Production/Processing,Kano-WOFAN,0,0,5000,2500,0,0,0,0,50,5000,0,8000,0,0,80,8000,0,0d551d69-4c21-4333-9876-5727436e7248,kur11,25/10/2025 07:57
438356ec-b9d3-4e81-8bc1-ee7403a3fab7,438356ec-b9d3-4e81-8bc1-ee7403a3fab7,2025-10-25,,,1,,,faro68,2025-05-20,1,,,1,,,,,2025-10-25,1,1,12,---,---,---,---,1.0,70.0,---,---,1,,,,,,---,---,---,---,---,---,---,---,---,---,---,---,---,---,---,---,---,---,1,,,1,,,1,,,,,good,11.4851633,8.354445,515.0,2.6,CT-BebOHM5P51,Tiga agro marketer,Kano,Bebeji,Female,Production/Processing,Kano-WOFAN,0,0,0,0,5250,5250,0,0,70,5250,0,0,0,0,0,0,0,de5732ec-6fb5-46d3-8224-90929ca789c7,kir04,25/10/2025 07:58
f642d11f-127f-469b-8cea-06f94b74d2f1,f642d11f-127f-469b-8cea-06f94b74d2f1,2025-10-25,,,1,,,faro68,2025-06-01,1,,,1,,,,,2025-10-25,1,1,12,---,---,---,---,1.0,65.0,---,---,1,,,,,,---,---,---,---,---,---,---,---,---,---,---,---,---,---,---,---,---,---,1,,,1,,,1,,,,,good,11.4851967,8.354445,516.29,2.2,CT-BebW03EQ19,Gargai agro marketers,Kano,Bebeji,Female,Production/Processing,Kano-WOFAN,0,0,0,0,4875,4875,0,0,65,4875,0,0,0,0,0,0,0,5793788f-8ee9-4bf3-8812-a5be4c680506,kir04,25/10/2025 07:58
0b4e34ee-62a3-4671-aa67-74bae746d70e,0b4e34ee-62a3-4671-aa67-74bae746d70e,2025-10-25,,1,,,,samaz,2025-06-25,1,,,1,,,,,2025-10-25,1,1,14,---,---,1.0,75.0,---,---,---,---,1,,,,,,---,---,---,---,---,---,---,---,---,---,---,---,---,---,---,---,---,---,1,,,1,,,1,,,,,good,11.48515,8.354445,516.5,2.2,CT-Kir7SB8U04,Kiru agro marketers,Kano,Kiru,Female,Production/Processing,Kano-WOFAN,0,0,7500,7500,0,0,0,0,75,7500,0,0,0,0,0,0,0,7b137d30-6c6c-4b68-bff8-679b1ad9441b,kir04,25/10/2025 07:58
e2d2b23c-e246-419b-9f8f-879a54379b6d,e2d2b23c-e246-419b-9f8f-879a54379b6d,2025-10-10,,,1,,,68,2025-06-24,1,,,1,,,,,2025-10-25,1,1,12,---,---,---,---,1.0,65.0,---,---,1,,,,,,---,---,---,---,---,---,---,---,---,---,---,---,---,---,---,---,---,---,1,,,1,,,1,,,,,Amfanin gonarsu yayi kyau sosai,11.5503831,8.3845536,579.44,2.29,CT-KirPQFNX59,Kyarana agro maketers association,Kano,Kiru,Both,Production/Processing,Kano-WOFAN,0,0,0,0,4875,4875,0,0,65,4875,0,0,0,0,0,0,0,9c894a8e-d997-42e3-9a37-8d52f6a0cae8,beb29,25/10/2025 08:13
2789a1dd-dad1-407c-8775-e836f4d493f6,2789a1dd-dad1-407c-8775-e836f4d493f6,2025-10-04,,,1,,,68,2025-06-25,1,,,1,,,,,2025-10-25,1,1,12,---,---,---,---,1.0,70.0,---,---,1,,,,,,---,---,---,---,---,---,---,---,---,---,---,---,---,---,---,---,---,---,1,,,1,,,1,,,,,Amfanin gonarsu yayi kyau,11.5505126,8.3844961,512.01,1.81,CT-BebWEA0N23,Babu nakasasshe Kofa Farmers Cluster,Kano,Bebeji,,Production,Kano-WOFAN,0,0,0,0,5250,5250,0,0,70,5250,0,0,0,0,0,0,0,1ae9ea5d-d8ba-4307-83e8-f90f41acecac,beb29,25/10/2025 08:17
596b7a55-8593-4bb5-a71a-24b3d5465d0a,596b7a55-8593-4bb5-a71a-24b3d5465d0a,2025-10-24,,,1,,,faro68,2025-05-19,1,,,1,,,,,2025-10-24,1,1,12,---,---,---,---,1.0,65.0,---,---,1,,,,,,---,---,---,---,---,---,---,---,---,---,---,---,---,---,---,---,---,---,1,,,1,,,1,,,,,good,11.485439,8.3543948,579.4,4.95,CT-BebHOTB840,Bebeji Yam vendor's agro marketing cluster,Kano,Bebeji,Both,Production/Processing,Kano-WOFAN,0,0,0,0,4875,4875,0,0,65,4875,0,0,0,0,0,0,0,9409c02a-77c2-4596-8ada-ba9aee21d27a,kir21,25/10/2025 08:19
e2e9fafe-d0e2-41e1-bba7-7de90f8f1877,e2e9fafe-d0e2-41e1-bba7-7de90f8f1877,2025-09-28,,,1,,,Faro 68,2025-06-26,1,,,1,,,,,2025-10-25,1,1,12,---,---,---,---,1.0,65.0,---,---,1,,,,,,---,---,---,---,---,---,---,---,---,---,---,---,---,---,---,---,---,---,1,,,1,,,1,,,,,Good,11.550398,8.3845937,550.79,2.55,CT-BebMM9OK51,Zangere Women's Farmers Cluster,Kano,Bebeji,,Production,Kano-WOFAN,0,0,0,0,4875,4875,0,0,65,4875,0,0,0,0,0,0,0,9a9f3cd1-2b60-4cb2-b22c-c8b94e31ef42,beb29,25/10/2025 08:29
76300ae7-a8a2-407d-8fbf-067df2b9adbb,76300ae7-a8a2-407d-8fbf-067df2b9adbb,2025-10-06,,,1,,,Fari 68,2025-10-27,1,,,1,,,,,2025-10-25,1,1,12,---,---,---,---,1.0,70.0,---,---,1,,,,,,---,---,---,---,---,---,---,---,---,---,---,---,---,---,---,---,---,---,1,,,1,,,1,,,,,Good,11.5504588,8.3845949,536.79,2.58,CT-Beb6S42S53,Kofa Layout Farmers Cluster,Kano,Bebeji,,Production,Kano-WOFAN,0,0,0,0,5250,5250,0,0,70,5250,0,0,0,0,0,0,0,b9dfcb01-8962-435d-a4f3-6da6b93de174,beb29,25/10/2025 08:31
a072d792-aef8-4df0-9645-f6d98d65aa05,a072d792-aef8-4df0-9645-f6d98d65aa05,2025-10-05,,,1,,,Faro 68,2025-06-24,1,,,1,,,,,2025-10-25,1,1,12,---,---,---,---,1.0,65.0,---,---,1,,,,,,---,---,---,---,---,---,---,---,---,---,---,---,---,---,---,---,---,---,1,,,1,,,1,,,,,Good,11.550429,8.3845521,546.67,2.6,CT-BebJQUG753,Gargai Adalci Farmers cluster,Kano,Bebeji,,Production,Kano-WOFAN,0,0,0,0,4875,4875,0,0,65,4875,0,0,0,0,0,0,0,5e0d51cc-bd32-4814-b790-caeaffe2f0e9,beb29,25/10/2025 08:33
296b7be1-5af0-41e8-84ba-41c445103f3a,296b7be1-5af0-41e8-84ba-41c445103f3a,2025-10-05,,,1,,,Faro 68,2025-06-21,1,,,1,,,,,2025-10-25,1,1,12,---,---,---,---,1.0,65.0,---,---,1,,,,,,---,---,---,---,---,---,---,---,---,---,---,---,---,---,---,---,---,---,1,,,1,,,1,,,,,Good,11.5504603,8.3847186,548.4,2.63,CT-Beb1XG7G16,Gargai Kofar Gabas Farming And  Agro Marketed Cluster,Kano,Bebeji,,Production,Kano-WOFAN,0,0,0,0,4875,4875,0,0,65,4875,0,0,0,0,0,0,0,ad1b5206-942f-407b-8db6-f5c8d079343f,beb29,25/10/2025 08:36
6ae774e0-827e-4e74-95fb-89584ec806cc,6ae774e0-827e-4e74-95fb-89584ec806cc,2025-09-30,,,1,,,Faro 68,2025-06-25,1,,,1,,,,,2025-10-25,1,1,12,---,---,---,---,1.0,65.0,---,---,1,,,,,,---,---,---,---,---,---,---,---,---,---,---,---,---,---,---,---,---,---,1,,,1,,,1,,,,,Good,11.5505407,8.3846149,520.62,2.67,CT-BebTDX0K49,Gargai Agro Marketers Cluster B,Kano,Bebeji,Female,Production/Processing,Kano-WOFAN,0,0,0,0,4875,4875,0,0,65,4875,0,0,0,0,0,0,0,d7cf8af0-839c-48da-b56f-0676b82d5159,beb29,25/10/2025 08:39
fb24caa6-3cbc-414a-bb4c-54f8a15630f5,fb24caa6-3cbc-414a-bb4c-54f8a15630f5,2025-10-10,,,1,,,Faro 68,2025-06-27,1,,,1,,,,,2025-10-25,1,1,12,---,---,---,---,1.0,65.0,---,---,1,,,,,,---,---,---,---,---,---,---,---,---,---,---,---,---,---,---,---,---,---,1,,,1,,,1,,,,,Good,11.5504696,8.3850718,586.92,2.72,CT-BebEAR2W05,Gargai Agro Maketers Cluster A,Kano,Bebeji,Female,Production/Processing,Kano-WOFAN,0,0,0,0,4875,4875,0,0,65,4875,0,0,0,0,0,0,0,9aee4cac-b20c-4e5b-9478-367fdf0ddd98,beb29,25/10/2025 08:42
ea03af9b-57a2-4a15-94cc-a91a5983d039,ea03af9b-57a2-4a15-94cc-a91a5983d039,2025-09-13,,,1,,,rice,2025-09-13,1,,,1,,,,,2025-09-13,,140150,12,---,---,---,---,2.0,2.0,---,---,,,,1,,,---,---,2.0,---,1,,,,,,,,,,,,,,1,,,1,,,1,,,,,they have a bunper harvest or other wise,12.0912328,9.2002342,413.44,1.55,CT-RinNBJX720,Karwai Super Cluster Disability Association,Jigawa,Ringim,,Production/Processing,Jigawa-WOFAN,0,0,0,0,150,75,0,0,2,150,0,0,150,0,2,150,0,539105a0-ea85-41dd-8982-306b6c879055,rin28,25/10/2025 09:00
f10f1f91-3630-4813-b794-26fd48ebda9d,f10f1f91-3630-4813-b794-26fd48ebda9d,2025-09-13,,,1,,,faro 67,2025-07-01,1,,,1,,,,,2025-06-06,2,140150,12,---,---,---,---,2.0,85.0,---,---,1,,,,,,---,---,---,---,---,---,---,---,---,---,---,---,---,---,---,---,---,---,1,,,1,,,1,,,,,good advise,12.0912417,9.200241,413.4,2.36,CT-RinNBJX720,Karwai Super Cluster Disability Association,Jigawa,Ringim,,Production/Processing,Jigawa-WOFAN,0,0,0,0,6375,3188,0,0,85,6375,0,0,0,0,0,0,0,539105a0-ea85-41dd-8982-306b6c879055,rin28,25/10/2025 09:00
4e0b43b4-9842-4415-96f2-4942b9007dd4,4e0b43b4-9842-4415-96f2-4942b9007dd4,2025-09-13,,,1,,,faro67,2025-07-01,1,,,1,,,,,2025-06-06,2,140150,12,---,---,---,---,2.0,2.0,---,---,1,,,,,,---,---,---,---,---,---,---,---,---,---,---,---,---,---,---,---,---,---,1,,,1,,,1,,,,,good,12.091205,9.2003253,429.34,1.34,CT-RinJ8XGE06,Yafai female forum disabled Group,Jigawa,Ringim,,Production/Processing,Jigawa-WOFAN,0,0,0,0,150,75,0,0,2,150,0,0,0,0,0,0,0,c21fbfe9-eed8-49b5-b5b8-3eea7afd28a6,rin28,25/10/2025 09:00
fc739edc-8239-4eee-b173-c0e05ff53180,fc739edc-8239-4eee-b173-c0e05ff53180,2025-10-25,,1,,,,5,2025-10-25,1,,,1,,,,,2025-10-25,2,2,2,---,---,2.0,65.0,---,---,---,---,,,1,,,,---,65.0,---,---,1,,,,,,,,,,,,,,,1,,1,,,1,,,,,good,11.5702101,8.386122,626.2,2.8,CT-Beb5ZZQS19,Bebeji mini Traders Association Cluster,Kano,Bebeji,,Production,Kano-WOFAN,0,0,6500,3250,0,0,0,0,65,6500,0,6500,0,0,65,6500,0,8d3c5e28-a997-4365-819c-0004d5c87ef3,beb19,25/10/2025 09:15
145e989c-b1db-4ea7-928e-808632f07390,145e989c-b1db-4ea7-928e-808632f07390,2025-10-25,,1,,,,Good,2025-10-25,1,,,1,,,,,2025-10-25,5,5,65,---,---,2.0,65.0,---,---,---,---,,,1,,,,---,2.0,---,---,,,,,,,,1,,,,,,,,1,,,1,,1,,,,,good job,11.5703,8.386475,547.1,2.5,CT-BebUXCTJ31,Gwarmai Nasara Farmers And Disability Cluster.,Kano,Bebeji,,Production,Kano-WOFAN,0,0,6500,3250,0,0,0,0,65,6500,0,200,0,0,2,200,0,715b2ddc-d673-4578-9a4a-2196dc394e72,beb19,25/10/2025 09:15
e19b129e-b7dd-4c8b-86ff-c9534da9b23f,e19b129e-b7dd-4c8b-86ff-c9534da9b23f,2025-10-25,,,1,,,masha Allah,2025-10-25,1,,,1,,,,,2025-10-25,2,2,2,---,---,---,---,2.0,64.0,---,---,,,,1,,,---,---,2.0,---,,,,,,,,1,,,,,,,,1,,1,,,1,,,,,good job,11.5702103,8.3862932,544.1,3.8,CT-Kir4QMFQ13,Dangora cluster multipurpose cooperative,Kano,Kiru,Male,Production/Processing,Kano-WOFAN,0,0,0,0,4800,2400,0,0,64,4800,0,0,150,0,2,150,0,08161cdf-f571-48e8-98e0-f4163960a57c,beb19,25/10/2025 09:15
4445460d-e998-4dc4-9f53-ef799a6485a6,4445460d-e998-4dc4-9f53-ef799a6485a6,2025-10-25,,1,,,,Sadu,2025-10-25,,1,,1,,,,,2025-10-25,2,2,2,---,---,2.0,72.0,---,---,---,---,,,,1,,,---,---,2.0,---,,,,,,,,1,,,,,,,1,,,1,,,1,,,,,good job,11.5702067,8.3862383,530.9,2.5,CT-Beb2VD0L03,DANGORA BA NAKASASHSHE CLUSTER,Kano,Bebeji,,Production/Processing,Kano-WOFAN,0,0,7200,3600,0,0,0,0,72,7200,0,0,150,0,2,150,0,8ae94250-ac9a-4573-ba38-e934996b700f,beb19,25/10/2025 09:15
9278ad36-b62a-4487-89f7-a73b98008c2a,9278ad36-b62a-4487-89f7-a73b98008c2a,2025-10-25,,1,,,,happy,2025-10-25,1,,,1,,,,,2025-10-25,2,2,65,---,---,2.0,76.0,---,---,---,---,,,1,,,,---,2.0,---,---,,,1,,,,,,,,,,,,,1,,1,,,1,,,,,good job,11.5703017,8.3862783,539.8,3.4,CT-Beb2VD0L03,DANGORA BA NAKASASHSHE CLUSTER,Kano,Bebeji,,Production/Processing,Kano-WOFAN,0,0,7600,3800,0,0,0,0,76,7600,0,200,0,0,2,200,0,8ae94250-ac9a-4573-ba38-e934996b700f,beb19,25/10/2025 09:15
fc430726-be01-41e6-88af-eb979b97af47,fc430726-be01-41e6-88af-eb979b97af47,2025-10-24,,,1,,,Faro 68,2025-06-20,1,,,1,,,,,2025-10-22,1,1,12,---,---,---,---,1.0,68.0,---,---,1,,,,,,---,---,---,---,---,---,---,---,---,---,---,---,---,---,---,---,---,---,1,,,1,,,1,,,,,good,11.547575,8.3872983,531.1,1.8,CT-BebXBP3W00,Disable farmers kofa cluster,Kano,Bebeji,,Production,Kano-WOFAN,0,0,0,0,5100,5100,0,0,68,5100,0,0,0,0,0,0,0,6f499fd8-b436-4c72-abb5-db125b451bf0,kir22,25/10/2025 09:36
a260defc-5fc8-4e1c-b4a7-6892a9e0e795,a260defc-5fc8-4e1c-b4a7-6892a9e0e795,2025-10-22,,,1,,,rice,2025-06-01,1,,,1,,,,,2025-10-23,2,2,75,---,---,---,---,2.0,150.0,---,---,1,,,,,,---,---,---,---,---,---,---,---,---,---,---,---,---,---,---,---,---,---,1,,,1,,,1,,,,,good,11.648895,8.4454485,501.5,4.59,CT-GarSC7TP52,Bakin kasuwa Masu Fura da Nono Nagge diyem cooperative society Limited,Kano,Garum_Mallam,,Production/Processing,Kano-WOFAN,0,0,0,0,11250,5625,0,0,150,11250,0,0,0,0,0,0,0,8a9199cc-d2fd-44cd-830f-97d3bdbdaf90,bun17,25/10/2025 10:28
f9ed4d7b-40e2-4f89-803f-866a9b776794,f9ed4d7b-40e2-4f89-803f-866a9b776794,2025-10-25,,1,,,,maize,2025-06-10,1,,,1,,,,,2025-10-25,2,2,75,---,---,2.0,80.0,---,---,---,---,1,,,,,,---,---,---,---,---,---,---,---,---,---,---,---,---,---,---,---,---,---,1,,,1,,,1,,,,,good,11.6623783,8.453555,495.6,2.4,CT-GarSC7TP52,Bakin kasuwa Masu Fura da Nono Nagge diyem cooperative society Limited,Kano,Garum_Mallam,,Production/Processing,Kano-WOFAN,0,0,8000,4000,0,0,0,0,80,8000,0,0,0,0,0,0,0,8a9199cc-d2fd-44cd-830f-97d3bdbdaf90,bun17,25/10/2025 10:28
ac7cf721-b228-43f6-8ac8-5680d87d2074,ac7cf721-b228-43f6-8ac8-5680d87d2074,2025-10-25,,,1,,,rice,2025-06-11,1,,,1,,,,,2025-10-25,2,2,75,---,---,---,---,2.0,150.0,---,---,1,,,,,,---,---,---,---,---,---,---,---,---,---,---,---,---,---,---,---,---,---,1,,,1,,,1,,,,,good,11.6631078,8.4539165,494.3,1.9,CT-Gar5587N48,Dawakin kudu matan tasa Masu sana'a Cooperative Society Limited,Kano,Garum_Mallam,,Production/Processing,Kano-WOFAN,0,0,0,0,11250,5625,0,0,150,11250,0,0,0,0,0,0,0,6d16f8e1-c300-49a0-b21e-2a6820ab40b5,bun17,25/10/2025 10:28
cf84162a-c1dd-47a0-99a2-8075a3a188c7,cf84162a-c1dd-47a0-99a2-8075a3a188c7,2025-10-25,,1,,,,maize,2025-06-10,1,,,1,,,,,2025-10-25,2,2,75,---,---,2.0,80.0,---,---,---,---,1,,,,,,---,---,---,---,---,---,---,---,---,---,---,---,---,---,---,---,---,---,1,,,1,,,1,,,,,good,11.6633367,8.4536183,503.2,2.2,CT-Gar5587N48,Dawakin kudu matan tasa Masu sana'a Cooperative Society Limited,Kano,Garum_Mallam,,Production/Processing,Kano-WOFAN,0,0,8000,4000,0,0,0,0,80,8000,0,0,0,0,0,0,0,6d16f8e1-c300-49a0-b21e-2a6820ab40b5,bun17,25/10/2025 10:28
190807ad-0181-4b7f-b96c-3520a8ae6659,190807ad-0181-4b7f-b96c-3520a8ae6659,2025-10-15,,,1,,,Rice,2025-06-10,1,,,1,,,,,2025-10-13,8,8,12,---,---,---,---,2.0,555.0,---,---,,,,1,,,---,---,3.0,---,,,,,,,,1,,1,,,,,1,,,1,,,1,,,,,Good post harvest activities,11.0720535,9.5798186,506.5,9.01,CT-NinSAZH301,NINGI PEOPLE WITH DISABILITY WOFAN MULTI-PURPOSE COOPERATIVE CLUSTER,Bauchi,Ningi,,Production/Processing,Bauchi-WOFAN,0,0,0,0,41625,20813,0,0,555,41625,0,0,225,0,3,225,0,1f3e7b52-6db6-4e43-97c5-a4f08fec62a7,nin12,25/10/2025 11:33
d7b0d4ab-b94f-46c9-8ea9-c83c8c49856c,d7b0d4ab-b94f-46c9-8ea9-c83c8c49856c,2025-10-15,,1,,,,Maize,2025-06-15,1,,,1,,,,,2025-10-07,8,8,13,---,---,2.0,396.0,---,---,---,---,,,1,,,,---,2.0,---,---,,,,,,,,1,,,,1,,,1,,,1,,,1,,,,,Good post harvest,11.0729259,9.5791796,514.1,7.9,CT-NinBQEI749,JANGU KUNGIYAR MASU BUKATA WOFAN MULTI-PURPOSE COOPERATIVE CLUSTER,Bauchi,Ningi,,Production/Processing,Bauchi-WOFAN,0,0,39600,19800,0,0,0,0,396,39600,0,200,0,0,2,200,0,1e26ab74-623f-429f-8a24-964d62a2f9ea,nin12,25/10/2025 11:39
7da61672-baaa-4090-ad5f-3a5378fdb2a6,7da61672-baaa-4090-ad5f-3a5378fdb2a6,2025-10-25,,,1,,,faro68,2025-05-19,1,,,1,,,,,2025-10-25,1,1,12,---,---,---,---,1.0,70.0,---,---,1,,,,,,---,---,---,---,---,---,---,---,---,---,---,---,---,---,---,---,---,---,1,,,1,,,1,,,,,good,11.4848167,8.3544408,462.9,5.0,CT-KirMEPM925,Kofa suya milk agro marketing cluster,Kano,Kiru,Both,Production/Processing,Kano-WOFAN,0,0,0,0,5250,5250,0,0,70,5250,0,0,0,0,0,0,0,4f749cbf-4b1d-498c-9be9-41a9a618c981,kir21,25/10/2025 12:10
b9c38346-b9de-4226-a7cb-4559ec3c49f7,b9c38346-b9de-4226-a7cb-4559ec3c49f7,2025-10-25,,,1,,,faro68,2025-05-21,1,,,1,,,,,2025-10-25,1,1,14,---,---,---,---,1.0,70.0,---,---,1,,,,,,---,---,---,---,---,---,---,---,---,---,---,---,---,---,---,---,---,---,1,,,1,,,1,,,,,good,11.4852272,8.3544689,463.2,4.83,CT-KirND9CD04,Kofa women small scale agro marketers cluster,Kano,Kiru,Both,Production/Processing,Kano-WOFAN,0,0,0,0,5250,5250,0,0,70,5250,0,0,0,0,0,0,0,b83e5f37-5704-4689-b24b-215caf6dd995,kir21,25/10/2025 12:10
1b235064-b03d-41ac-9c89-5f17bc8a7ee1,1b235064-b03d-41ac-9c89-5f17bc8a7ee1,2025-10-25,,1,,,,samaz,2025-05-19,1,,,1,,,,,2025-10-25,1,1,10,---,---,1.0,70.0,---,---,---,---,1,,,,,,---,---,---,---,---,---,---,---,---,---,---,---,---,---,---,---,---,---,1,,,1,,,1,,,,,good,11.4851814,8.3545088,514.0,4.88,CT-BebBKQ9L53,bebeji gangare bakin kasuwa cluster agro marketers,Kano,Bebeji,Female,Production/Processing,Kano-WOFAN,0,0,7000,7000,0,0,0,0,70,7000,0,0,0,0,0,0,0,5833d9c0-51b6-4ef9-8421-31f71f1c5afa,kir21,25/10/2025 12:10
5d7e8431-756b-4dd8-9056-dabb7d99052c,5d7e8431-756b-4dd8-9056-dabb7d99052c,2025-10-25,,1,,,,samaz,2025-05-23,1,,,1,,,,,2025-10-25,1,1,12,---,---,1.0,70.0,---,---,---,---,1,,,,,,---,---,---,---,---,---,---,---,---,---,---,---,---,---,---,---,---,---,1,,,1,,,1,,,,,good,11.4854297,8.35438,514.29,4.84,CT-BebM0H4010,Durmawan bebeji agro marketers cluster,Kano,Bebeji,Female,Production/Processing,Kano-WOFAN,0,0,7000,7000,0,0,0,0,70,7000,0,0,0,0,0,0,0,c9156a74-f7ac-4afb-9b57-39f8f0f3a4d0,kir21,25/10/2025 12:10
48bd218c-cf74-4965-b277-4055ac3451e7,48bd218c-cf74-4965-b277-4055ac3451e7,2025-10-25,,1,,,,samaz,2025-05-24,1,,,1,,,,,2025-10-25,1,1,10,---,---,1.0,70.0,---,---,---,---,1,,,,,,---,---,---,---,---,---,---,---,---,---,---,---,---,---,---,---,---,---,1,,,1,,,1,,,,,good,11.4852301,8.3542765,514.4,4.9,CT-Kir2K6AQ46,yako cluster agro and marketers zamani and drinks,Kano,Kiru,Female,Production/Processing,Kano-WOFAN,0,0,7000,7000,0,0,0,0,70,7000,0,0,0,0,0,0,0,82c8aeb2-69e9-4302-9a25-c1b3d38afd0f,kir21,25/10/2025 12:10
66ea5510-2c6f-4aff-8f60-58914a53157b,66ea5510-2c6f-4aff-8f60-58914a53157b,2025-10-23,,,1,,,Rice,2025-07-09,1,,,1,,,,,2025-10-24,1,1,12,---,---,---,---,1.0,55.0,---,---,1,,,,,,---,---,---,---,---,---,---,---,---,---,---,---,---,---,---,---,---,---,1,,,1,,,1,,,,,Good,11.5496114,8.3859198,546.09,3.88,CT-KirYB2LS40,Alheri Disable Women Cluster,Kano,Kiru,,Production,Kano-WOFAN,0,0,0,0,4125,4125,0,0,55,4125,0,0,0,0,0,0,0,21bfb2a6-8513-4312-aca0-a9e70636f139,beb45,25/10/2025 12:17
e05fc51f-f907-4f2d-8032-76e23a989440,e05fc51f-f907-4f2d-8032-76e23a989440,2025-09-24,,1,,,,maize,2025-07-25,1,,,1,,,,,2025-08-24,1,1,12,---,---,1.0,45.0,---,---,---,---,1,,,,,,---,---,---,---,---,---,---,---,---,---,---,---,---,---,---,---,---,---,1,,,1,,,1,,,,,Good,11.5496117,8.3858977,546.09,3.59,CT-Beb35PRA52,Unguwar fadamar Sule Kofa.cluster,Kano,Bebeji,Female,Production,Kano-WOFAN,0,0,4500,4500,0,0,0,0,45,4500,0,0,0,0,0,0,0,d8571154-410e-4590-8620-a46f7534d614,beb45,25/10/2025 12:19
6c7e6327-2698-4e92-b409-63c388105995,6c7e6327-2698-4e92-b409-63c388105995,2025-10-25,,,1,,,rice,2025-06-25,1,,,1,,,,,2025-09-24,1,1,12,---,---,---,---,1.0,60.0,---,---,1,,,,,,---,---,---,---,---,---,---,---,---,---,---,---,---,---,---,---,---,---,1,,,1,,,1,,,,,Good,11.5479796,8.3831922,546.09,3.26,CT-KirB36EK06,Dangora agro marketers cluster,Kano,Kiru,Female,Production/Processing,Kano-WOFAN,0,0,0,0,4500,4500,0,0,60,4500,0,0,0,0,0,0,0,7c37c954-2c83-4b56-9a8c-911f29ccc321,beb45,25/10/2025 12:24
2c1d846d-e678-4959-9560-78670dc4ac18,2c1d846d-e678-4959-9560-78670dc4ac18,2025-10-22,,1,,,,maize,2025-06-25,1,,,1,,,,,2025-10-22,,1,10,---,---,1.0,50.0,---,---,---,---,1,,,,,,---,---,---,---,---,---,---,---,---,---,---,---,---,---,---,---,---,---,1,,,1,,,1,,,,,"Handle carefully and store in a cool, dry place to prevent spoilage.",11.6591347,8.2600622,524.1,4.92,CT-BebVDUL648,KOFA AGRO MARKETERS CLUSTER.,Kano,Bebeji,Female,Production/Processing,Kano-WOFAN,0,0,5000,5000,0,0,0,0,50,5000,0,0,0,0,0,0,0,db5603b3-e33e-49d9-a906-78374f78b4bb,kir14,25/10/2025 12:50
07abd044-226e-4241-8c2f-6150a09f5b54,07abd044-226e-4241-8c2f-6150a09f5b54,2025-10-19,,,1,,,Rice,2025-06-24,1,,,1,,,,,2025-10-19,1,1,12,---,---,---,---,1.0,75.0,---,---,1,,,,,,---,---,---,---,---,---,---,---,---,---,---,---,---,---,---,---,---,---,1,,,1,,,1,,,,,"Handle carefully and store in a cool, dry place to prevent spoilage.",11.6591058,8.260063,524.1,4.9,CT-Beb2425Q43,KOFA AGRO MARKETERS CLUSTER (B).,Kano,Bebeji,Female,Production/Processing,Kano-WOFAN,0,0,0,0,5625,5625,0,0,75,5625,0,0,0,0,0,0,0,cb9d0d9d-0d1a-4584-a589-146e35428862,kir14,25/10/2025 12:50
7d932b12-af05-4da8-b977-ef923b7023e2,7d932b12-af05-4da8-b977-ef923b7023e2,2025-10-01,,1,,,,maize,2025-06-20,1,,,1,,,,,2025-10-01,1,1,12,---,---,1.0,50.0,---,---,---,---,1,,,,,,---,---,---,---,---,---,---,---,---,---,---,---,---,---,---,---,---,---,1,,,1,,,1,,,,,"Handle carefully and store in a cool, dry place to prevent spoilage.",11.6591884,8.2600291,522.6,4.92,CT-BebFGO5Q40,GARGAI KATIRJE AGRO MARKETERS CLUSTER.,Kano,Bebeji,Female,Production,Kano-WOFAN,0,0,5000,5000,0,0,0,0,50,5000,0,0,0,0,0,0,0,c9be6479-641f-4734-92ff-3853705f8cf5,kir14,25/10/2025 12:50
b512f8c1-b4db-4c4d-95a4-85ae2e56669a,b512f8c1-b4db-4c4d-95a4-85ae2e56669a,2025-10-24,,,1,,,Faro,2025-06-11,1,,,1,,,,,2025-05-20,2,2,12,---,---,---,---,2.0,160.0,---,---,1,,,,,,---,---,---,---,---,---,---,---,---,---,---,---,---,---,---,---,---,---,,1,,1,,,1,,,,,Good,10.2864958,11.2296466,429.53,2.93,CT-YamPP9OD13,Association of People with Disabilities Liji Cluster.,Gombe,Yamaltu/Deba,,Production,Gombe-WOFAN,0,0,0,0,12000,6000,0,0,160,12000,0,0,0,0,0,0,0,77f1a477-380a-444d-bda1-9d1f9554aee7,bill04,25/10/2025 12:51
eb10f447-db61-46a0-929b-d9bc3c3a8f3c,eb10f447-db61-46a0-929b-d9bc3c3a8f3c,2025-10-25,,1,,,,maize,2025-06-25,1,,,1,,,,,2025-10-14,2,120,4,---,---,2.0,120.0,---,---,---,---,,,1,,,,---,1.0,---,---,,,,,,,,,,,,,1,,1,,,1,,,1,,,,,Gap training,9.7285278,11.1470126,459.1,4.91,CT-ShoW2ODR43,ATUNA DAMU COOPERATIVE LALAIPIDO,Gombe,Shongom,,Production/Processing,Gombe-WOFAN,0,0,12000,6000,0,0,0,0,120,12000,0,100,0,0,1,100,0,b89229c8-53b8-4f2a-ac99-18ac335a6fe7,sha04,25/10/2025 13:25
75fe8c8c-ad8e-4834-8d08-e92a57d7620a,75fe8c8c-ad8e-4834-8d08-e92a57d7620a,2025-09-21,,,1,,,Rice,2025-06-19,1,,,,1,,,,2025-10-23,2,2,2,---,---,---,---,2.0,2.0,---,---,,,,1,,,---,---,165.0,---,1,,,,,,,,,,,,,,,1,,1,1,,1,,,,,Good luck,12.1499331,9.1574171,422.3,2.88,CT-RinE7B4C19,RINGIM NORTH DISABILITY MULTIPURPOSE ASSOCIATION,Jigawa,Ringim,Both,Production,Jigawa-WOFAN,0,0,0,0,150,75,0,0,2,150,0,0,12375,0,165,12375,0,b3bf27fc-6f7f-4f86-b273-c63769abc981,rin11,25/10/2025 13:29
963352f3-d387-49ce-a766-120dcac7654e,963352f3-d387-49ce-a766-120dcac7654e,2025-10-22,,,1,,,Faro,2025-06-10,1,,,1,,,,,2025-09-25,2,2,13,---,---,---,---,2.0,160.0,---,---,1,,,,,,---,---,---,---,---,---,---,---,---,---,---,---,---,---,---,---,---,---,,1,,1,,,1,,,,,good,10.2790452,9.8063367,590.1,5.0,CT-BauVK3PH22,Nasarawa Jahun PWD Multipurpose Cooperative society limited,Bauchi,Bauchi,,Production/Processing,Bauchi-WOFAN,0,0,0,0,12000,6000,0,0,160,12000,0,0,0,0,0,0,0,3ba6360e-1846-4d98-a65e-e99d32c4d862,bau04,25/10/2025 13:50
5b36071c-13a5-4bb4-9c94-583c01787f30,5b36071c-13a5-4bb4-9c94-583c01787f30,2025-10-23,,,1,,,Faro,2025-06-08,1,,,1,,,,,2025-10-12,2,2,12,---,---,---,---,2.0,150.0,---,---,1,,,,,,---,---,---,---,---,---,---,---,---,---,---,---,---,---,---,---,---,---,,1,,1,,,1,,,,,successful,10.2790933,9.8064083,605.2,4.92,CT-Bau4SJVZ53,Nasarawa PWD women Multipurpose Cooperative Society limited,Bauchi,Bauchi,,Production/Processing,Bauchi-WOFAN,0,0,0,0,11250,5625,0,0,150,11250,0,0,0,0,0,0,0,b730394f-2d22-4ef5-a677-8a109cae5d12,bau04,25/10/2025 13:50
6e15c93f-44c3-4649-8c36-cdf207391af1,6e15c93f-44c3-4649-8c36-cdf207391af1,2025-10-24,,1,,,,maize,2025-07-25,1,,,1,,,,,2025-10-24,1,1,12,---,---,1.0,45.0,---,---,---,---,,,1,,,,---,45.0,---,---,,,,,,,,,,,,,1,,1,,,1,,,1,,,,,Good,11.547533,8.3827528,546.09,8.09,CT-BebUD94G28,Bebeji cluster association,Kano,Bebeji,Female,Production,Kano-WOFAN,0,0,4500,4500,0,0,0,0,45,4500,0,4500,0,0,45,4500,0,97fe10c2-5ea7-4c77-9205-903b0415d028,beb45,25/10/2025 14:09
7dff0c67-2f97-4bc3-a2c3-32539e32528b,7dff0c67-2f97-4bc3-a2c3-32539e32528b,2025-09-25,,,1,,,rice,2025-07-25,1,,,1,,,,,2025-08-25,1,1,12,---,---,---,---,1.0,60.0,---,---,,,,1,,,---,---,45.0,---,,,,,,,,,,,,,1,,1,,,1,,,1,,,,,Good,11.5476081,8.3825952,546.09,7.59,CT-BebG8AD210,Gargai agro marketers cluster,Kano,Bebeji,Female,Production/Processing,Kano-WOFAN,0,0,0,0,4500,4500,0,0,60,4500,0,0,3375,0,45,3375,0,1b8e1ab2-8664-4f4b-8b8a-39f586545e1d,beb45,25/10/2025 14:11
8a9c9086-e34e-493b-a905-c1d225ffd471,8a9c9086-e34e-493b-a905-c1d225ffd471,2025-10-25,,1,,,,50,2025-10-25,1,,,1,,,,,2025-10-25,1,1,13,---,---,1.0,55.0,---,---,---,---,,,1,,,,---,55.0,---,---,,,,1,,,,,,,,,,,1,,,1,,,1,,,,,everything good,11.2135107,8.1811113,684.8,3.94,CT-IkaP8E2P59,Auchan cluster bukata DA wadata,Kaduna,Ikara,,Production,Kaduna-WOFAN,0,0,5500,5500,0,0,0,0,55,5500,0,5500,0,0,55,5500,0,97bc85ac-83bf-4183-b0fd-7e234dc673d3,ika36,25/10/2025 14:42
845f8c43-0735-4f43-9ad0-6e693d0ae227,845f8c43-0735-4f43-9ad0-6e693d0ae227,2025-10-25,,,1,,,50,2025-10-25,1,,,1,,,,,2025-10-25,1,1,13,---,---,---,---,1.0,65.0,---,---,,,,1,,,---,---,65.0,---,,,,1,,,,,,,,,,,1,,,1,,,1,,,,,everything is good,11.2134024,8.1803729,702.67,1.73,CT-IkaP8E2P59,Auchan cluster bukata DA wadata,Kaduna,Ikara,,Production,Kaduna-WOFAN,0,0,0,0,4875,4875,0,0,65,4875,0,0,4875,0,65,4875,0,97bc85ac-83bf-4183-b0fd-7e234dc673d3,ika36,25/10/2025 14:42
5afde74a-a812-459c-83e8-847d94e72f39,5afde74a-a812-459c-83e8-847d94e72f39,2025-10-25,,1,,,,50,2025-10-25,1,,,1,,,,,2025-10-25,1,1,13,---,---,1.0,60.0,---,---,---,---,,,1,,,,---,60.0,---,---,,,,1,,,,,,,,,,,1,,,1,,,1,,,,,everything is good,11.2133966,8.1803849,702.75,0.9,CT-Ika5WS1041,Auchan cluster masu buƙata ta musamman kofar fada,Kaduna,Ikara,,Production,Kaduna-WOFAN,0,0,6000,6000,0,0,0,0,60,6000,0,6000,0,0,60,6000,0,0c645a2d-cc53-4092-9f47-aaf9afeb19f5,ika36,25/10/2025 14:42
7de25c97-c778-4d6b-81c9-1aa2be4e634a,7de25c97-c778-4d6b-81c9-1aa2be4e634a,2025-10-25,,,1,,,51,2025-10-25,1,,,1,,,,,2025-10-25,1,1,13,---,---,---,---,1.0,65.0,---,---,,,,1,,,---,---,65.0,---,,,,1,,,,,,,,,,,1,,,1,,,1,,,,,everything is good,11.2133936,8.180386,702.95,1.18,CT-Ika5WS1041,Auchan cluster masu buƙata ta musamman kofar fada,Kaduna,Ikara,,Production,Kaduna-WOFAN,0,0,0,0,4875,4875,0,0,65,4875,0,0,4875,0,65,4875,0,0c645a2d-cc53-4092-9f47-aaf9afeb19f5,ika36,25/10/2025 14:42
7f71d371-2e62-4d19-95e3-b98b31113b7e,7f71d371-2e62-4d19-95e3-b98b31113b7e,2025-10-25,,1,,,,maize,2025-06-20,1,,,1,,,,,2025-10-19,2,2,70,---,---,2.0,80.0,---,---,---,---,1,,,,,,---,---,---,---,---,---,---,---,---,---,---,---,---,---,---,---,---,---,1,,,1,,,1,,,,,good,11.6482201,8.4452301,493.9,5.0,CT-GarI9MZI45,Kofar Arewa Yan cin cin Association Limited,Kano,Garum_Mallam,,Production/Processing,Kano-WOFAN,0,0,8000,4000,0,0,0,0,80,8000,0,0,0,0,0,0,0,f8c63b8b-eb6f-4aab-b7e8-4cb41f7bb313,bun17,25/10/2025 15:11
744a1f0f-dee5-4f1e-bee4-bfa3324826a5,744a1f0f-dee5-4f1e-bee4-bfa3324826a5,2025-10-25,,,1,,,Rice,2025-06-20,1,,,1,,,,,2025-10-19,2,2,75,---,---,---,---,2.0,150.0,---,---,1,,,,,,---,---,---,---,---,---,---,---,---,---,---,---,---,---,---,---,---,---,1,,,1,,,1,,,,,good,11.6481305,8.4453172,504.6,2.29,CT-GarI9MZI45,Kofar Arewa Yan cin cin Association Limited,Kano,Garum_Mallam,,Production/Processing,Kano-WOFAN,0,0,0,0,11250,5625,0,0,150,11250,0,0,0,0,0,0,0,f8c63b8b-eb6f-4aab-b7e8-4cb41f7bb313,bun17,25/10/2025 15:15
635ffe5a-12b7-4184-b907-50a27249610c,635ffe5a-12b7-4184-b907-50a27249610c,2025-10-25,,,1,,,rice,2025-06-10,1,,,1,,,,,2025-10-25,2,2,5,---,---,---,---,2.0,145.0,---,---,1,,,,,,---,---,---,---,---,---,---,---,---,---,---,---,---,---,---,---,---,---,1,,,1,,,1,,,,,good,11.7789717,8.4266933,505.0,2.5,CT-Gar7PLZM13,"DOGARO DA KAI SHINE LAYE
MAKE YOUR OWN",Kano,Garum_Mallam,Male,Production,Kano-WOFAN,0,0,0,0,10875,5438,0,0,145,10875,0,0,0,0,0,0,0,393268b0-44bd-4783-9b68-ba541687fc0b,bun09,25/10/2025 15:17
c2b667be-6d4a-4dce-97e4-66d6d5ac8329,c2b667be-6d4a-4dce-97e4-66d6d5ac8329,2025-10-25,,1,,,,maize,2025-06-16,1,,,1,,,,,2025-10-25,2,2,5,---,---,2.0,80.0,---,---,---,---,1,,,,,,---,---,---,---,---,---,---,---,---,---,---,---,---,---,---,---,---,---,1,,,1,,,1,,,,,good,11.7789833,8.4267183,505.1,2.5,CT-GarUYROO25,Mudawa farmers cooperative C,Kano,Garum_Mallam,,Production/Processing,Kano-WOFAN,0,0,8000,4000,0,0,0,0,80,8000,0,0,0,0,0,0,0,5c12b17f-a23f-462c-9452-716adedaad58,bun09,25/10/2025 15:17
beb6731b-d47f-44e2-a99b-fef485815521,beb6731b-d47f-44e2-a99b-fef485815521,2025-10-25,,,1,,,rich,2025-06-13,1,,,1,,,,,2025-10-25,2,2,5,---,---,---,---,2.0,140.0,---,---,1,,,,,,---,---,---,---,---,---,---,---,---,---,---,---,---,---,---,---,---,---,1,,,1,,,1,,,,,good,11.7790217,8.4267567,504.7,2.2,CT-GarFFFEN33,Mudawa Yan Zazzabar Shinkafa Development Association Limited,Kano,Garum_Mallam,,Production/Processing,Kano-WOFAN,0,0,0,0,10500,5250,0,0,140,10500,0,0,0,0,0,0,0,df610ef9-3539-41fa-924c-b8cde3e55515,bun09,25/10/2025 15:17
0b1186ff-f6a3-4240-97ec-6b95ca204d36,0b1186ff-f6a3-4240-97ec-6b95ca204d36,2025-10-25,,,1,,,rice,2025-10-25,1,,,1,,,,,2025-06-10,2,2,5,---,---,---,---,2.0,140.0,---,---,1,,,,,,---,---,---,---,---,---,---,---,---,---,---,---,---,---,---,---,---,---,1,,,1,,,1,,,,,good,11.779045,8.4268583,505.0,2.5,CT-GarYCDLY58,Mudawa Amana Gurasa da Doya Da kwai Cooperative Society Limited,Kano,Garum_Mallam,,Production/Processing,Kano-WOFAN,0,0,0,0,10500,5250,0,0,140,10500,0,0,0,0,0,0,0,1a8f73fb-7268-4a58-82d3-f8c89828b9bf,bun09,25/10/2025 15:17
4f67c5c2-dd65-47db-809d-38a8d0d695b3,4f67c5c2-dd65-47db-809d-38a8d0d695b3,2025-10-25,,,1,,,rice,2025-06-16,1,,,1,,,,,2025-10-25,2,2,5,---,---,---,---,2.0,140.0,---,---,1,,,,,,---,---,---,---,---,---,---,---,---,---,---,---,---,---,---,---,---,---,1,,,1,,,1,,,,,good,11.77907,8.4269267,504.7,2.2,CT-Gar9F5ZE44,Mudawa kofar kudu Amana Dambu cooperative Society Limited,Kano,Garum_Mallam,,Production/Processing,Kano-WOFAN,0,0,0,0,10500,5250,0,0,140,10500,0,0,0,0,0,0,0,0f1aaa56-23e9-4d56-8ea5-ca812f171984,bun09,25/10/2025 15:17
b2cf97f2-54d4-4e5c-b9e6-452859e5dac4,b2cf97f2-54d4-4e5c-b9e6-452859e5dac4,2025-10-25,,,1,,,rice,2025-06-17,1,,,1,,,,,2025-10-25,2,2,5,---,---,---,---,2.0,140.0,---,---,1,,,,,,---,---,---,---,---,---,---,---,---,---,---,---,---,---,---,---,---,---,1,,,1,,,1,,,,,good,11.77909,8.4270117,503.6,2.1,CT-GarBQSFX10,BARNAWA CLUSTER A,Kano,Garum_Mallam,Female,Production/Processing,Kano-WOFAN,0,0,0,0,10500,5250,0,0,140,10500,0,0,0,0,0,0,0,e210dfc5-c75d-47f8-942a-fb0c61c2347d,bun09,25/10/2025 15:17
5ed2fad2-8b30-49a8-9cca-2c754cfcc473,5ed2fad2-8b30-49a8-9cca-2c754cfcc473,2025-10-25,,1,,,,maize,2025-06-16,1,,,1,,,,,2025-10-25,2,2,5,---,---,2.0,80.0,---,---,---,---,1,,,,,,---,---,---,---,---,---,---,---,---,---,---,---,---,---,---,---,---,---,1,,,1,,,1,,,,,good,11.7791217,8.4270883,503.3,2.29,CT-GarFQD9H33,INVESTMENT AND PRODUCTION FOOD 🥑🥝 AVAILABLE,Kano,Garum_Mallam,Female,Production/Processing,Kano-WOFAN,0,0,8000,4000,0,0,0,0,80,8000,0,0,0,0,0,0,0,7bc2b7f0-f9a1-4d5f-81a3-cd7d090d471b,bun09,25/10/2025 15:17
8b4f3dd1-7ea1-4fda-bb9e-2c2f56493b8b,8b4f3dd1-7ea1-4fda-bb9e-2c2f56493b8b,2025-10-25,,1,,,,2,2025-06-18,1,,,1,,,,,2025-10-25,2,2,5,---,---,2.0,80.0,---,---,---,---,1,,,,,,---,---,---,---,---,---,---,---,---,---,---,---,---,---,---,---,---,---,1,,,1,,,1,,,,,good,11.77912,8.42715,503.2,2.1,CT-GarBQSFX10,BARNAWA CLUSTER A,Kano,Garum_Mallam,Female,Production/Processing,Kano-WOFAN,0,0,8000,4000,0,0,0,0,80,8000,0,0,0,0,0,0,0,e210dfc5-c75d-47f8-942a-fb0c61c2347d,bun09,25/10/2025 15:18
9cec5f07-0e6b-4703-a00f-3a6f426f61dd,9cec5f07-0e6b-4703-a00f-3a6f426f61dd,2025-10-25,,1,,,,2,2025-06-11,1,,,1,,,,,2025-10-25,2,2,5,---,---,2.0,80.0,---,---,---,---,1,,,,,,---,---,---,---,---,---,---,---,---,---,---,---,---,---,---,---,---,---,1,,,1,,,1,,,,,good,11.7791533,8.42719,502.9,2.0,CT-GarFFFEN33,Mudawa Yan Zazzabar Shinkafa Development Association Limited,Kano,Garum_Mallam,,Production/Processing,Kano-WOFAN,0,0,8000,4000,0,0,0,0,80,8000,0,0,0,0,0,0,0,df610ef9-3539-41fa-924c-b8cde3e55515,bun09,25/10/2025 15:18
b70d9c35-8aec-4ab0-ae8d-28cc2f1f4824,b70d9c35-8aec-4ab0-ae8d-28cc2f1f4824,2025-10-25,,,1,,,rice,2025-06-16,1,,,1,,,,,2025-10-25,2,2,5,---,---,---,---,2.0,140.0,---,---,1,,,,,,---,---,---,---,---,---,---,---,---,---,---,---,---,---,---,---,---,---,1,,,1,,,1,,,,,good,11.7791283,8.4272017,502.3,2.2,CT-GarFQD9H33,INVESTMENT AND PRODUCTION FOOD 🥑🥝 AVAILABLE,Kano,Garum_Mallam,Female,Production/Processing,Kano-WOFAN,0,0,0,0,10500,5250,0,0,140,10500,0,0,0,0,0,0,0,7bc2b7f0-f9a1-4d5f-81a3-cd7d090d471b,bun09,25/10/2025 15:18
fdce8f4d-b2bf-45bc-9173-3bb8a1107838,fdce8f4d-b2bf-45bc-9173-3bb8a1107838,2025-10-25,,,1,,,rice,2025-06-17,1,,,1,,,,,2025-10-25,2,2,5,---,---,---,---,2.0,140.0,---,---,1,,,,,,---,---,---,---,---,---,---,---,---,---,---,---,---,---,---,---,---,---,1,,,1,,,1,,,,,good,11.77915,8.4272367,501.5,2.1,CT-GarUYROO25,Mudawa farmers cooperative C,Kano,Garum_Mallam,,Production/Processing,Kano-WOFAN,0,0,0,0,10500,5250,0,0,140,10500,0,0,0,0,0,0,0,5c12b17f-a23f-462c-9452-716adedaad58,bun09,25/10/2025 15:18
a4d0f21f-884e-48f2-887e-d55a688811c0,a4d0f21f-884e-48f2-887e-d55a688811c0,2025-10-22,,,1,,,faro,2025-06-09,1,,,1,,,,,2025-10-22,2,2,13,---,---,---,---,2.0,160.0,---,---,1,,,,,,---,---,---,---,---,---,---,---,---,---,---,---,---,---,---,---,---,---,1,,,1,,,1,,,,,marketing analysis,10.27776,10.3280067,405.2,1.8,CT-AlkON3H650,Alkaleri PWD Women multipurpose cooperative society limited,Bauchi,Alkaleri,Female,Production/Processing,Bauchi-WOFAN,0,0,0,0,12000,6000,0,0,160,12000,0,0,0,0,0,0,0,4c1debd9-bf8b-4526-a32d-45cf6fb8d8b2,alk02,25/10/2025 15:28
203f7ee6-4825-4447-8cbc-d65548b428b1,203f7ee6-4825-4447-8cbc-d65548b428b1,2025-10-22,,,1,,,faro,2025-06-09,1,,,1,,,,,2025-10-23,2,2,13,---,---,---,---,2.0,160.0,---,---,1,,,,,,---,---,---,---,---,---,---,---,---,---,---,---,---,---,---,---,---,---,1,,,1,,,1,,,,,good,10.2778317,10.32817,406.79,2.8,CT-Alk5FPXH10,PWD tashan badara women multipurpose cooperative society,Bauchi,Alkaleri,,Production/Processing,Bauchi-WOFAN,0,0,0,0,12000,6000,0,0,160,12000,0,0,0,0,0,0,0,b3f3191f-dc8b-4e5d-9c0f-170c60e43dc2,alk02,25/10/2025 15:32
539ea836-2a63-4503-bed6-5bb07939c311,539ea836-2a63-4503-bed6-5bb07939c311,2025-10-24,,1,,,,Samas 24,2025-07-23,1,,,1,,,,,2025-10-18,2,2,5,---,---,2.0,100.0,---,---,---,---,,,1,,,,---,1.0,---,---,,,,,,,,1,,,,,,,1,,,1,,,1,,,,,Good,11.6480594,8.4458345,519.2,9.52,CT-GarPIS0T46,gidan tuluna disable,Kano,Garum_Mallam,,Production,Kano-WOFAN,0,0,10000,5000,0,0,0,0,100,10000,0,100,0,0,1,100,0,6ff109c2-f7a3-4856-9fe8-c9b44356ee7c,bun18,25/10/2025 16:00
069fc8c1-bcea-4484-a66f-24d160bf72d9,069fc8c1-bcea-4484-a66f-24d160bf72d9,2025-07-23,,1,,,,2,2025-10-18,1,,,1,,,,,2025-10-18,2,2,5,---,---,2.0,100.0,---,---,---,---,,,1,,,,---,1.0,---,---,,,,,,,,,,,1,,,,1,,,1,,,1,,,,,good,11.6466622,8.4435367,516.7,4.72,CT-GarABFWP18,Garun Mallam Disable Cluster A,Kano,Garum_Mallam,,Production,Kano-WOFAN,0,0,10000,5000,0,0,0,0,100,10000,0,100,0,0,1,100,0,4410b621-2686-4075-8d4a-3b475da97622,bun18,25/10/2025 16:00
ae180b29-f97a-4f72-b01f-d0b886665fc6,ae180b29-f97a-4f72-b01f-d0b886665fc6,2025-07-23,,1,,,,2,2025-10-18,1,,,1,,,,,2025-10-18,2,2,5,---,---,2.0,100.0,---,---,---,---,,,1,,,,---,2.0,---,---,,,,,,,,,,,1,,,,1,,,1,,,1,,,,,good,11.6484983,8.4447167,513.5,3.9,CT-GarBXYGR19,Garun Mallam Disable Cluster B,Kano,Garum_Mallam,,Production,Kano-WOFAN,0,0,10000,5000,0,0,0,0,100,10000,0,200,0,0,2,200,0,10f80879-dd67-463b-ad69-f3a9316640b5,bun18,25/10/2025 16:01
57e9b45b-3cfa-419b-a8b8-c89ff95695c4,57e9b45b-3cfa-419b-a8b8-c89ff95695c4,2025-07-23,,1,,,,2,2025-10-18,1,,,1,,,,,2025-10-18,2,2,5,---,---,1.0,100.0,---,---,---,---,,,1,,,,---,1.0,---,---,,,,,,,,,,,1,,,,1,,,1,,,1,,,,,good,11.6488033,8.44471,512.4,4.0,CT-GarA9W5M14,Unguwar Kudu Kofar Arewa Amana Dambu Da Kulele Development Association Limited,Kano,Garum_Mallam,,Production/Processing,Kano-WOFAN,0,0,10000,10000,0,0,0,0,100,10000,0,100,0,0,1,100,0,41fdbb38-b4df-4031-a3e9-086484e4ae32,bun18,25/10/2025 16:01
c66a9aab-df48-4cd4-b520-d4a7e04af98a,c66a9aab-df48-4cd4-b520-d4a7e04af98a,2025-07-23,,,1,,,2,2025-07-18,1,,,1,,,,,2025-10-18,2,2,5,---,---,---,---,2.0,99.0,---,---,,,,1,,,---,---,2.0,---,,,,,,,,,,,1,,,,1,,,1,,,1,,,,,good,11.6487689,8.4447141,512.2,4.0,CT-GarPIS0T46,gidan tuluna disable,Kano,Garum_Mallam,,Production,Kano-WOFAN,0,0,0,0,7425,3713,0,0,99,7425,0,0,150,0,2,150,0,6ff109c2-f7a3-4856-9fe8-c9b44356ee7c,bun18,25/10/2025 16:01
b2aeedf1-a16f-49f7-89be-725261c0efef,b2aeedf1-a16f-49f7-89be-725261c0efef,2025-07-23,,,1,,,2,2025-10-18,1,,,1,,,,,2025-10-18,2,3,5,---,---,---,---,2.0,89.0,---,---,1,,,,,,---,---,---,---,---,---,---,---,---,---,---,---,---,---,---,---,---,---,1,,,1,,,1,,,,,good,11.6488859,8.4451881,510.9,4.59,CT-Gar9F5ZE44,Mudawa kofar kudu Amana Dambu cooperative Society Limited,Kano,Garum_Mallam,,Production/Processing,Kano-WOFAN,0,0,0,0,6675,3338,0,0,89,6675,0,0,0,0,0,0,0,0f1aaa56-23e9-4d56-8ea5-ca812f171984,bun18,25/10/2025 16:02
b2a9d2b2-8ae0-45cf-85ca-881264e76534,b2a9d2b2-8ae0-45cf-85ca-881264e76534,2025-07-23,,,1,,,3,2025-10-18,1,,,1,,,,,2025-10-23,2,2,5,---,---,---,---,1.0,100.0,---,---,,,,1,,,---,---,2.0,---,,,,,,,,,,,1,,,,1,,,1,,,1,,,,,good,11.6488966,8.4451944,505.0,4.04,CT-GarL49N710,Kofar yamma Yan kuli cooperative Society Limited,Kano,Garum_Mallam,,Production/Processing,Kano-WOFAN,0,0,0,0,7500,7500,0,0,100,7500,0,0,150,0,2,150,0,fd21563c-f488-4c35-b3fd-e29f9c6a7729,bun18,25/10/2025 16:02
a01ad294-c083-41a1-8ac4-adf89c2af0bc,a01ad294-c083-41a1-8ac4-adf89c2af0bc,2025-10-25,,,1,,,faro 68,2025-06-07,1,,,1,,,,,2025-10-25,1,1,12,---,---,---,---,1.0,65.0,---,---,1,,,,,,---,---,---,---,---,---,---,---,---,---,---,---,---,---,---,---,---,---,1,,,1,,,1,,,,,good,11.5481936,8.386091,536.24,3.23,CT-Kir6K5XC50,DANGORA WOFAN AGRO MICRO PRODUCE MARKETERS CLUSTER,Kano,Kiru,Female,Production,Kano-WOFAN,0,0,0,0,4875,4875,0,0,65,4875,0,0,0,0,0,0,0,2e1b2947-2693-4186-a680-3f89316eb46c,kir19,25/10/2025 16:14
147c0a82-2376-4a76-852d-d32f9399050b,147c0a82-2376-4a76-852d-d32f9399050b,2025-10-25,,,1,,,faro 68,2025-06-14,1,,,1,,,,,2025-10-25,1,1,12,---,---,---,---,1.0,65.0,---,---,1,,,,,,---,---,---,---,---,---,---,---,---,---,---,---,---,---,---,---,---,---,1,,,1,,,1,,,,,good,11.5479874,8.3862278,594.52,3.51,CT-BebAW2IW21,GARGAI WOFAN AGRO MICRO PRODUCE MARKETERS CLUSTER (A),Kano,Bebeji,Female,Production,Kano-WOFAN,0,0,0,0,4875,4875,0,0,65,4875,0,0,0,0,0,0,0,20655a2c-f3ea-4525-b1ec-fcb49dcaa559,kir19,25/10/2025 16:14
3f841ada-b5de-459c-b0f1-3d011aff4aa9,3f841ada-b5de-459c-b0f1-3d011aff4aa9,2025-10-25,,,1,,,faro 68,2025-06-17,1,,,1,,,,,2025-10-25,1,1,12,---,---,---,---,1.0,65.0,---,---,1,,,,,,---,---,---,---,---,---,---,---,---,---,---,---,---,---,---,---,---,---,1,,,1,,,1,,,,,good,11.5481887,8.3861856,555.01,3.65,CT-BebN3PV101,RANTAN WOFAN AGRO MICRO PRODUCE MARKETERS CLUSTER,Kano,Bebeji,Female,Production,Kano-WOFAN,0,0,0,0,4875,4875,0,0,65,4875,0,0,0,0,0,0,0,a24e2e9e-e694-475a-a309-8f604f6a660d,kir19,25/10/2025 16:14
e169ecfd-36a9-4fec-8431-445a6f5a6acb,e169ecfd-36a9-4fec-8431-445a6f5a6acb,2025-10-25,,,1,,,faro 68,2025-06-10,1,,,1,,,,,2025-10-25,1,1,12,---,---,---,---,1.0,65.0,---,---,1,,,,,,---,---,---,---,---,---,---,---,---,---,---,---,---,---,---,---,---,---,1,,,1,,,1,,,,,good,11.5482976,8.3861056,533.68,3.93,CT-BebS0ZVN37,GARGAI WOFAN AGRO MICRO PRODUCE MARKETERS CLUSTER (B),Kano,Bebeji,Both,Production,Kano-WOFAN,0,0,0,0,4875,4875,0,0,65,4875,0,0,0,0,0,0,0,98bd1ad9-d511-4688-947e-eddb609a3c04,kir19,25/10/2025 16:14
f6b3748a-9707-429b-9ea3-576ee7a0b3f2,f6b3748a-9707-429b-9ea3-576ee7a0b3f2,2025-10-25,,,1,,,faro 68,2025-06-07,1,,,1,,,,,2025-10-25,1,1,12,---,---,---,---,1.0,65.0,---,---,1,,,,,,---,---,---,---,---,---,---,---,---,---,---,---,---,---,---,---,---,---,1,,,1,,,1,,,,,good,11.5481571,8.3862375,565.83,4.22,CT-BebWO8TU05,GWARMAI WOFAN AGRO MICRO PRODUCE MARKETERS CLUSTER,Kano,Bebeji,Female,Production,Kano-WOFAN,0,0,0,0,4875,4875,0,0,65,4875,0,0,0,0,0,0,0,c8bdbb79-7626-4902-9185-97227b5b39e3,kir19,25/10/2025 16:14
be8f8cc4-6b29-49f0-be02-7f37e86cc569,be8f8cc4-6b29-49f0-be02-7f37e86cc569,2025-10-25,,,1,,,Rice 🌾🌾🌾,2025-10-25,1,,,1,,,,,2025-10-25,2,2,80,---,---,---,---,2.0,80.0,---,---,,,,1,,,---,---,25.0,---,,,,,1,,,,,,,,,,,,,1,,,1,,,,,good,11.6464825,8.4458688,514.03,5.32,CT-GarYQBBR59,Mudawa farmers cooperative D,Kano,Garum_Mallam,,Production/Processing,Kano-WOFAN,0,0,0,0,6000,3000,0,0,80,6000,0,0,1875,0,25,1875,0,6c92e315-121d-41a8-b674-5537ac4eb31e,bun16,25/10/2025 16:18
dfe73e66-a995-46d5-bcdb-46676c96eac5,dfe73e66-a995-46d5-bcdb-46676c96eac5,2025-10-25,,1,,,,maize 🌽,2025-10-25,1,,,1,,,,,2025-10-25,2,2,50,---,---,2.0,50.0,---,---,---,---,,,1,,,,---,20.0,---,---,1,,,,,,,,,,,,,,1,,,1,,,1,,,,,The Work is going Normally,11.6464775,8.4458653,521.94,4.28,CT-Gar7PLZM13,"DOGARO DA KAI SHINE LAYE
MAKE YOUR OWN",Kano,Garum_Mallam,Male,Production,Kano-WOFAN,0,0,5000,2500,0,0,0,0,50,5000,0,2000,0,0,20,2000,0,393268b0-44bd-4783-9b68-ba541687fc0b,bun16,25/10/2025 16:18
d93277aa-a48d-43cd-99aa-0c08ae9225ba,d93277aa-a48d-43cd-99aa-0c08ae9225ba,2025-10-25,,,1,,,Rice 🌾,2025-10-25,1,,,1,,,,,2025-10-25,2,2,86,---,---,---,---,2.0,80.0,---,---,1,,,,,,---,---,---,---,---,---,---,---,---,---,---,---,---,---,---,---,---,---,1,,,1,,,1,,,,,The Work is going well,11.6463989,8.4458319,525.95,0.71,CT-GarFQD9H33,INVESTMENT AND PRODUCTION FOOD 🥑🥝 AVAILABLE,Kano,Garum_Mallam,Female,Production/Processing,Kano-WOFAN,0,0,0,0,6000,3000,0,0,80,6000,0,0,0,0,0,0,0,7bc2b7f0-f9a1-4d5f-81a3-cd7d090d471b,bun16,25/10/2025 16:18
596eade1-77ac-4b62-ac84-abac98cf3ad9,596eade1-77ac-4b62-ac84-abac98cf3ad9,2025-10-25,,,1,,,Rice 🌾,2025-10-25,1,,,1,,,,,2025-10-25,2,2,80,---,---,---,---,2.0,80.0,---,---,1,,,,,,---,---,---,---,---,---,---,---,---,---,---,---,---,---,---,---,---,---,1,,,1,,,1,,,,,The Work is going well,11.6463976,8.4458235,524.78,0.76,CT-GarEP19O04,MASU oils and food Restaurants,Kano,Garum_Mallam,Female,Production/Processing,Kano-WOFAN,0,0,0,0,6000,3000,0,0,80,6000,0,0,0,0,0,0,0,09d86e70-1df5-4b38-a1b7-649d7e108bd2,bun16,25/10/2025 16:18
c998f2dd-c807-4aa4-a124-dc074752efaa,c998f2dd-c807-4aa4-a124-dc074752efaa,2025-10-25,,1,,,,Maze,2025-10-25,1,,,1,,,,,2025-10-25,2,2,80,---,---,2.0,75.0,---,---,---,---,1,,,,,,---,---,---,---,---,---,---,---,---,---,---,---,---,---,---,---,---,---,1,,,1,,,1,,,,,good work,11.6464016,8.4458259,522.38,0.74,CT-GarRWGGG56,Mudawa Yan Suya (soye soye),Kano,Garum_Mallam,,Production,Kano-WOFAN,0,0,7500,3750,0,0,0,0,75,7500,0,0,0,0,0,0,0,a5c2e0df-e2e2-4aba-9749-214c1c10d80b,bun16,25/10/2025 16:18
6a12c57b-70c1-4b4b-9a8e-3a833280cdac,6a12c57b-70c1-4b4b-9a8e-3a833280cdac,2025-10-25,,1,,,,maze 🌽,2025-10-25,1,,,1,,,,,2025-10-25,3,3,75,---,---,2.0,250.0,---,---,---,---,1,,,,,,---,---,---,---,---,---,---,---,---,---,---,---,---,---,---,---,---,---,1,,,1,,,1,,,,,The Work is going well,11.6464199,8.4458864,520.45,2.03,CT-Gar1CPRM58,MASU NA KAN SU /PROCESS AND PRODUCTION AVAILABLE,Kano,Garum_Mallam,Female,Production/Processing,Kano-WOFAN,0,0,25000,12500,0,0,0,0,250,25000,0,0,0,0,0,0,0,8b5cd543-e607-4118-8af3-1b2fc6732e7c,bun16,25/10/2025 16:18
c71fdbcf-a163-44d5-85e8-deee6018d8da,c71fdbcf-a163-44d5-85e8-deee6018d8da,2025-09-18,,1,,,,Maize samaz,2025-06-19,1,,,1,,,,,2025-10-25,1,1,12,---,---,1.0,45.0,---,---,---,---,1,,,,,,---,---,---,---,---,---,---,---,---,---,---,---,---,---,---,---,---,---,1,,,1,,,1,,,,,Masha allah allah yasa albarka,11.5444023,8.3808139,540.34,2.85,CT-KirZ7GDN09,Dangora kofar yamma cluster,Kano,Kiru,,Production/Processing,Kano-WOFAN,0,0,4500,4500,0,0,0,0,45,4500,0,0,0,0,0,0,0,a5b9a843-b64f-4be5-9f59-c437b5680e12,beb28,25/10/2025 16:27
1117b134-58fe-4881-814a-edc3d74c7be4,1117b134-58fe-4881-814a-edc3d74c7be4,2025-09-15,,1,,,,Maize samaz,2025-06-20,1,,,1,,,,,2025-10-25,1,1,12,---,---,1.0,45.0,---,---,---,---,1,,,,,,---,---,---,---,---,---,---,---,---,---,---,---,---,---,---,---,---,---,1,,,1,,,1,,,,,masha allah,11.5444119,8.3808091,545.83,2.85,CT-BebSEMVT10,Gargai makera cluster,Kano,Bebeji,,Production/Processing,Kano-WOFAN,0,0,4500,4500,0,0,0,0,45,4500,0,0,0,0,0,0,0,8a289b61-d28f-4cc0-83cc-f3990bb3af7a,beb28,25/10/2025 16:27
ddff3eb1-c5d0-4cce-a489-bb4eadd24aa8,ddff3eb1-c5d0-4cce-a489-bb4eadd24aa8,2025-09-18,,,1,,,faro 68,2025-06-18,1,,,1,,,,,2025-10-25,1,1,12,---,---,---,---,1.0,65.0,---,---,1,,,,,,---,---,---,---,---,---,---,---,---,---,---,---,---,---,---,---,---,---,1,,,1,,,1,,,,,Masha allah allah yasa albarka,11.5443052,8.3806252,582.29,2.85,CT-BebLC0WW27,Gargai cikin gari cluster,Kano,Bebeji,,Production/Processing,Kano-WOFAN,0,0,0,0,4875,4875,0,0,65,4875,0,0,0,0,0,0,0,0cd705fe-8d98-4a90-a58b-5b103c015b97,beb28,25/10/2025 16:27
b37b24d3-8d6d-4b56-bfac-85b6b48e4098,b37b24d3-8d6d-4b56-bfac-85b6b48e4098,2025-09-19,,1,,,,Maize  samaz,2025-06-14,1,,,1,,,,,2025-10-25,1,1,12,---,---,1.0,40.0,---,---,---,---,1,,,,,,---,---,---,---,---,---,---,---,---,---,---,---,---,---,---,---,---,---,1,,,1,,,1,,,,,Masha allah amfani yayi sosai,11.5443945,8.3806668,555.44,2.85,CT-BebCE85L04,Kofa larabawa cluster,Kano,Bebeji,,Production/Processing,Kano-WOFAN,0,0,4000,4000,0,0,0,0,40,4000,0,0,0,0,0,0,0,85f5c275-05ec-4b7c-b37a-fef57ba0b232,beb28,25/10/2025 16:27
1c070855-a616-4ace-8133-8df7a91d7bb5,1c070855-a616-4ace-8133-8df7a91d7bb5,2025-09-23,,,1,,,faro 68,2025-06-19,1,,,1,,,,,2025-10-25,1,1,12,---,---,---,---,1.0,60.0,---,---,1,,,,,,---,---,---,---,---,---,---,---,---,---,---,---,---,---,---,---,---,---,1,,,1,,,1,,,,,Masha allah amfani yayi kyau,11.5443859,8.380728,547.17,2.85,CT-BebKCYHA38,Rantan buna cluster,Kano,Bebeji,,Production/Processing,Kano-WOFAN,0,0,0,0,4500,4500,0,0,60,4500,0,0,0,0,0,0,0,e9e38a7a-ad1e-4175-af1e-2db4837fe2d1,beb28,25/10/2025 16:27
5026aae7-3bec-4b5d-bfb4-edf31d847255,5026aae7-3bec-4b5d-bfb4-edf31d847255,2025-10-25,,1,,,,maize,2025-10-25,1,,,1,,,,,2025-10-25,2,2,2,---,---,2.0,85.0,---,---,---,---,1,,,,,,---,---,---,---,---,---,---,---,---,---,---,---,---,---,---,---,---,---,1,,,1,,,1,,,,,good,11.6461005,8.4472737,517.15,1.21,CT-GarULB7W54,Mudawa Farmers cooperative A,Kano,Garum_Mallam,,Production/Processing,Kano-WOFAN,0,0,8500,4250,0,0,0,0,85,8500,0,0,0,0,0,0,0,02570ed2-ae56-42c0-a886-b4bd477bb948,bun21,25/10/2025 16:27
7616e50d-563e-4a4a-99cd-47aa7ddc752e,7616e50d-563e-4a4a-99cd-47aa7ddc752e,2025-10-25,,,1,,,Rice 🌾🌾,2025-10-25,1,,,1,,,,,2025-10-25,2,2,80,---,---,---,---,2.0,75.0,---,---,,,,1,,,---,---,12.0,---,,,,,1,,,,,,,,,,1,,,1,,,1,,,,,good,11.6461757,8.4472787,520.82,0.6,CT-Gar6X2OW19,Mudawa Farmers cooperative B,Kano,Garum_Mallam,,Production/Processing,Kano-WOFAN,0,0,0,0,5625,2813,0,0,75,5625,0,0,900,0,12,900,0,e8f8f91d-2fcb-4516-9bca-66fe5a4cc08c,bun21,25/10/2025 16:29
0b4577d2-a6e1-43ac-b19e-c65b5e3b94ba,0b4577d2-a6e1-43ac-b19e-c65b5e3b94ba,2025-10-25,,1,,,,maize,2025-10-25,1,,,1,,,,,2025-10-25,2,2,80,---,---,2.0,78.0,---,---,---,---,,,1,,,,---,11.0,---,---,1,,,,,,,,,,,,,,1,,,1,,,1,,,,,nice Work,11.6462336,8.4472454,499.12,0.58,CT-GarUYROO25,Mudawa farmers cooperative C,Kano,Garum_Mallam,,Production/Processing,Kano-WOFAN,0,0,7800,3900,0,0,0,0,78,7800,0,1100,0,0,11,1100,0,5c12b17f-a23f-462c-9452-716adedaad58,bun21,25/10/2025 16:30
d4e8d855-e57b-41ab-adfd-62cefdc2c459,d4e8d855-e57b-41ab-adfd-62cefdc2c459,2025-10-25,1,,,,,grauon,2025-10-25,1,,,1,,,,,2025-10-25,2,2,80,2.0,25.0,---,---,---,---,---,---,1,,,,,,---,---,---,---,---,---,---,---,---,---,---,---,---,---,---,---,---,---,1,,,1,,,1,,,,,good work,11.6461424,8.4472664,517.88,0.58,CT-GarYQBBR59,Mudawa farmers cooperative D,Kano,Garum_Mallam,,Production/Processing,Kano-WOFAN,1875,938,0,0,0,0,0,0,25,1875,0,0,0,0,0,0,0,6c92e315-121d-41a8-b674-5537ac4eb31e,bun21,25/10/2025 16:31
6635f0de-915e-4d91-8be3-d6b39fb7a063,6635f0de-915e-4d91-8be3-d6b39fb7a063,2025-09-21,,,1,,,faro 68,2025-06-21,1,,,1,,,,,2025-09-25,1,1,12,---,---,---,---,1.0,71.0,---,---,1,,,,,,---,---,---,---,---,---,---,---,---,---,---,---,---,---,---,---,---,---,,1,,1,,,1,,,,,masha Allah,11.4823761,8.3529705,548.1,4.72,CT-BebG8AD210,Gargai agro marketers cluster,Kano,Bebeji,Female,Production/Processing,Kano-WOFAN,0,0,0,0,5325,5325,0,0,71,5325,0,0,0,0,0,0,0,1b8e1ab2-8664-4f4b-8b8a-39f586545e1d,beb31,25/10/2025 16:50
669a68a3-737e-4e25-8581-f0c5ac78f1c7,669a68a3-737e-4e25-8581-f0c5ac78f1c7,2025-06-19,,1,,,,samaz,2025-07-16,1,,,1,,,,,2025-07-21,1,1,11,---,---,1.0,68.0,---,---,---,---,1,,,,,,---,---,---,---,---,---,---,---,---,---,---,---,---,---,---,---,---,---,,1,,1,,,1,,,,,masha Allah,11.4824003,8.3529981,528.6,4.76,CT-Beb520LU46,Gargai Unguwar Zaitawa Cluster....,Kano,Bebeji,Female,Production,Kano-WOFAN,0,0,6800,6800,0,0,0,0,68,6800,0,0,0,0,0,0,0,ac6fb197-264a-4166-8600-37cb130ea412,beb31,25/10/2025 16:50
14746a08-f5aa-431d-b3e2-2da3ec30724d,14746a08-f5aa-431d-b3e2-2da3ec30724d,2025-06-23,,,1,,,faro 68,2025-07-24,1,,,1,,,,,2025-06-24,1,1,9,---,---,---,---,1.0,71.0,---,---,1,,,,,,---,---,---,---,---,---,---,---,---,---,---,---,---,---,---,---,---,---,,1,,1,,,1,,,,,masha Allah,11.482387,8.3529015,528.0,4.74,CT-BebRSNBC58,RANTAN AGALAWA CLUSTER,Kano,Bebeji,,Production,Kano-WOFAN,0,0,0,0,5325,5325,0,0,71,5325,0,0,0,0,0,0,0,be53784a-ee18-4986-a0c8-1c6d77ef417e,beb31,25/10/2025 16:50
9af67804-17ea-4007-9c54-92a31293c01b,9af67804-17ea-4007-9c54-92a31293c01b,2025-07-22,,,1,,,faro 68,2025-07-20,1,,,1,,,,,2025-07-20,1,1,12,---,---,---,---,1.0,73.0,---,---,1,,,,,,---,---,---,---,---,---,---,---,---,---,---,---,---,---,---,---,---,---,,1,,1,,,1,,,,,masha Allah,11.4823313,8.3529481,528.6,4.59,CT-BebS7VIY22,Durmawa agro maketers cluster,Kano,Bebeji,Female,Production/Processing,Kano-WOFAN,0,0,0,0,5475,5475,0,0,73,5475,0,0,0,0,0,0,0,e8044cd4-dbe8-4b63-8e55-1d34696370ea,beb31,25/10/2025 16:50
8934d338-d91f-440e-800d-d25754a86e90,8934d338-d91f-440e-800d-d25754a86e90,2025-06-21,,1,,,,samaz,2025-06-23,1,,,1,,,,,2025-07-22,1,1,9,---,---,1.0,73.0,---,---,---,---,1,,,,,,---,---,---,---,---,---,---,---,---,---,---,---,---,---,---,---,---,---,,1,,1,,,1,,,,,masha Allah,11.4823508,8.3530334,528.79,4.78,CT-BebKHWE040,Durmawa Agro marketers Cluster,Kano,Bebeji,,Production,Kano-WOFAN,0,0,7300,7300,0,0,0,0,73,7300,0,0,0,0,0,0,0,85a9db20-612f-4d14-91f2-39849fbc5995,beb31,25/10/2025 16:50
be0c61f2-0de5-4c40-8637-81d0210c2ff3,be0c61f2-0de5-4c40-8637-81d0210c2ff3,2025-10-01,,,1,,,faro68,2025-06-10,1,,,1,,,,,2025-10-01,1,1,12,---,---,---,---,1.0,65.0,---,---,1,,,,,,---,---,---,---,---,---,---,---,---,---,---,---,---,---,---,---,---,---,1,,,1,,,1,,,,,Mungode sosai,11.5471471,8.3859018,593.36,1.12,CT-BebG034X51,Kofa agro maketars cluster,Kano,Bebeji,Female,Production/Processing,Kano-WOFAN,0,0,0,0,4875,4875,0,0,65,4875,0,0,0,0,0,0,0,1f8c91ef-35c6-45e7-8cb6-7d65ef50d699,beb24,25/10/2025 16:52
bfaa0381-1da2-49b2-a255-9ad4583916fd,bfaa0381-1da2-49b2-a255-9ad4583916fd,2025-09-15,,1,,,,maize,2025-06-06,1,,,1,,,,,2025-09-15,1,1,10,---,---,1.0,45.0,---,---,---,---,1,,,,,,---,---,---,---,---,---,---,---,---,---,---,---,---,---,---,---,---,---,1,,,1,,,1,,,,,Muna godiya ga hukumar wofan,11.5471924,8.385885,597.16,5.97,CT-Beb2UDZD00,Kwalliya ta biya kofa cluster,Kano,Bebeji,,Production,Kano-WOFAN,0,0,4500,4500,0,0,0,0,45,4500,0,0,0,0,0,0,0,0abaf8b6-7a0e-402b-b7c9-35fceca3d6e1,beb24,25/10/2025 16:53
3f4ac649-52cb-4d0e-ae48-0b895b60bf89,3f4ac649-52cb-4d0e-ae48-0b895b60bf89,2025-09-25,,,1,,,faro 68,2025-06-11,1,,,1,,,,,2025-09-25,1,1,12,---,---,---,---,1.0,75.0,---,---,1,,,,,,---,---,---,---,---,---,---,---,---,---,---,---,---,---,---,---,---,---,1,,,1,,,1,,,,,Akkah yasaka da akkairi,11.547205,8.3859009,596.56,1.34,CT-KirAXS8Y33,Kyarana nakasassu cluster,Kano,Kiru,,Production,Kano-WOFAN,0,0,0,0,5625,5625,0,0,75,5625,0,0,0,0,0,0,0,56e1ed78-1dd6-4926-9e55-837880cb0bcb,beb24,25/10/2025 16:53
b376a30e-b094-447b-aa4c-c9c10dce75f6,b376a30e-b094-447b-aa4c-c9c10dce75f6,2025-10-21,,,1,,,faro 68,2025-06-10,1,,,1,,,,,2025-10-21,1,1,12,---,---,---,---,1.0,70.0,---,---,1,,,,,,---,---,---,---,---,---,---,---,---,---,---,---,---,---,---,---,---,---,1,,,1,,,1,,,,,Muna godiya ga icon2 project,11.5471892,8.3858855,596.62,1.42,CT-KirPQFNX59,Kyarana agro maketers association,Kano,Kiru,Both,Production/Processing,Kano-WOFAN,0,0,0,0,5250,5250,0,0,70,5250,0,0,0,0,0,0,0,9c894a8e-d997-42e3-9a37-8d52f6a0cae8,beb24,25/10/2025 16:53
aad1104c-a832-4a0e-b379-d1fee32d1856,aad1104c-a832-4a0e-b379-d1fee32d1856,2025-09-20,,,1,,,Faro 68,2025-06-03,1,,,1,,,,,2025-09-20,1,1,12,---,---,---,---,1.0,65.0,---,---,1,,,,,,---,---,---,---,---,---,---,---,---,---,---,---,---,---,---,---,---,---,1,,,1,,,1,,,,,Muna godiya da icon2 peoject,11.5471524,8.3858619,595.45,1.65,CT-BebDZACR09,Sabon fegi cluster,Kano,Bebeji,,Production,Kano-WOFAN,0,0,0,0,4875,4875,0,0,65,4875,0,0,0,0,0,0,0,cf462702-401f-4032-be25-d12cdc7a76fb,beb24,25/10/2025 16:53
04f4bd36-00b3-4736-9200-fdd1c2147a6a,04f4bd36-00b3-4736-9200-fdd1c2147a6a,2025-10-19,,,1,,,rice,2025-07-18,1,,,1,,,,,2025-10-19,1,1,13,---,---,---,---,1.0,72.0,---,---,1,,,,,,---,---,---,---,---,---,---,---,---,---,---,---,---,---,---,---,---,---,,1,,,1,,1,,,,,keep doing good agronomic practices,11.1772427,8.2249257,701.0,4.3,CT-IkaF5I4J28,BABBAN DURUMI CLUSTER,Kaduna,Ikara,,Production/Processing,Kaduna-WOFAN,0,0,0,0,5400,5400,0,0,72,5400,0,0,0,0,0,0,0,6d0ec7aa-e15a-41d6-b14e-66a0c23ed8b2,ika20,25/10/2025 16:55
d49965ce-346e-4978-8a74-884389aad875,d49965ce-346e-4978-8a74-884389aad875,2025-10-22,,1,,,,samaz 50,2025-07-14,1,,,1,,,,,2025-10-13,1,1,13,---,---,1.0,76.0,---,---,---,---,1,,,,,,---,---,---,---,---,---,---,---,---,---,---,---,---,---,---,---,---,---,,1,,,1,,1,,,,,keep doing good agronomic practices,11.1772721,8.22492,693.0,3.9,CT-IkaF5I4J28,BABBAN DURUMI CLUSTER,Kaduna,Ikara,,Production/Processing,Kaduna-WOFAN,0,0,7600,7600,0,0,0,0,76,7600,0,0,0,0,0,0,0,6d0ec7aa-e15a-41d6-b14e-66a0c23ed8b2,ika20,25/10/2025 17:00
4005f17c-9675-45ed-b00f-9a7296181f95,4005f17c-9675-45ed-b00f-9a7296181f95,2025-10-20,,,1,,,Rice,2025-07-14,1,,,1,,,,,2025-10-10,1,1,6,---,---,---,---,1.0,60.0,---,---,,,,1,,,---,---,1.0,---,,,,,,,,,,,,,1,,1,,,1,,,1,,,,,okay,12.0475954,9.4226852,381.74,1.64,CT-JahYHDZZ59,Aujara cikin gari makafi,Jigawa,Jahun,Both,Production/Processing,Jigawa-WOFAN,0,0,0,0,4500,4500,0,0,60,4500,0,0,75,0,1,75,0,be52af3c-50ce-4e33-a2e5-d9637819ca77,jah14,25/10/2025 17:00
5587e57d-1be2-443c-83f8-7dd41d92755a,5587e57d-1be2-443c-83f8-7dd41d92755a,2025-10-22,,,1,,,faro 64,2025-10-20,1,,,1,,,,,2025-10-25,2,2,95,---,---,---,---,2.0,160.0,---,---,1,,,,,,---,---,---,---,---,---,---,---,---,---,---,---,---,---,---,---,---,---,,1,,1,,,1,,,,,good,12.0474314,9.4228631,400.73,2.56,CT-Jah240CR10,Aujara kungiyar makafi,Jigawa,Jahun,Both,Production/Processing,Jigawa-WOFAN,0,0,0,0,12000,6000,0,0,160,12000,0,0,0,0,0,0,0,770736ab-37da-4dd3-90c1-4c152f77e05a,jah14,25/10/2025 17:01
29453254-255b-458f-91e4-527f362fdda6,29453254-255b-458f-91e4-527f362fdda6,2025-10-25,,,1,,,faro64,2025-10-20,1,,,1,,,,,2025-10-25,2,160,95,---,---,---,---,2.0,160.0,---,---,1,,,,,,---,---,---,---,---,---,---,---,---,---,---,---,---,---,---,---,---,---,,1,,1,,,1,,,,,good,12.0474024,9.4226836,451.43,2.52,CT-JahYHDZZ59,Aujara cikin gari makafi,Jigawa,Jahun,Both,Production/Processing,Jigawa-WOFAN,0,0,0,0,12000,6000,0,0,160,12000,0,0,0,0,0,0,0,be52af3c-50ce-4e33-a2e5-d9637819ca77,jah14,25/10/2025 17:01
2559a4b4-9b3c-4a69-820e-50647ff76db9,2559a4b4-9b3c-4a69-820e-50647ff76db9,2025-10-23,,1,,,,Samma 15,2025-06-28,1,,,1,,,,,2025-10-25,1,35,22,---,---,1.0,35.0,---,---,---,---,,,1,,,,---,0.3,---,---,,,,,,,,,,,1,,,,,1,,1,,,1,,,,,Successful,11.1693837,8.2266039,724.7,4.5,CT-Ika4BDQ646,IKARA PWD CLUSTER,Kaduna,Ikara,,Production/Processing,Kaduna-WOFAN,0,0,3500,3500,0,0,0,0,35,3500,0,30,0,0,0.3,30,0,10b1ef69-b77a-47e4-83be-161810f523b5,ika24,25/10/2025 17:59
e7f45fbb-08ae-47f3-b2c3-174a07c47831,e7f45fbb-08ae-47f3-b2c3-174a07c47831,2025-10-25,,,1,,,Rice,2025-10-25,1,,,1,,,,,2025-10-25,2,110,12,---,---,---,---,2.0,110.0,---,---,1,,,,,,---,---,---,---,---,---,---,---,---,---,---,---,---,---,---,---,---,---,,1,,,1,,1,,,,,good,12.049088,9.4253134,409.74,4.91,CT-JahZ4ASU22,Aujara women's disabled,Jigawa,Jahun,Both,Production/Processing,Jigawa-WOFAN,0,0,0,0,8250,4125,0,0,110,8250,0,0,0,0,0,0,0,ec456d60-250c-4834-a2e8-43b048e7f803,jah69,25/10/2025 18:13
1e77ce60-d055-4fd8-a3b5-c308eda76f4e,1e77ce60-d055-4fd8-a3b5-c308eda76f4e,2025-10-23,,,1,,,Rice,2025-10-23,1,,,1,,,,,2025-10-22,2,2,12,---,---,---,---,2.0,110.0,---,---,,,,1,,,---,---,1.0,---,,,,,,,,,,1,,,,,,1,,,1,,1,,,,,ok,12.0490831,9.425313,407.95,3.69,CT-JahVQG4O16,Disable Women Association,Jigawa,Jahun,Both,Production/Processing,Jigawa-WOFAN,0,0,0,0,8250,4125,0,0,110,8250,0,0,75,0,1,75,0,c5153bc8-d0ce-4314-8887-3a17e1938089,jah69,25/10/2025 18:16
fbc548a8-6cd5-4fc8-aa62-81099b7012ac,fbc548a8-6cd5-4fc8-aa62-81099b7012ac,2025-10-25,,,1,,,Rice,2025-06-11,1,,,1,,,,,2025-10-25,2,2,75,---,---,---,---,2.0,150.0,---,---,1,,,,,,---,---,---,---,---,---,---,---,---,---,---,---,---,---,---,---,---,---,1,,,1,,,1,,,,,good work,11.6468716,8.4465768,519.7,3.63,CT-GarUX67D29,Isa wali emporworment,Kano,Garum_Mallam,,Production,Kano-WOFAN,0,0,0,0,11250,5625,0,0,150,11250,0,0,0,0,0,0,0,5b37c4ad-93ac-4f45-91eb-4d8634e16fc6,bun20,25/10/2025 18:17
5e71fef1-d539-4532-97dd-5bc907b8be1c,5e71fef1-d539-4532-97dd-5bc907b8be1c,2025-10-25,,1,,,,maize,2025-06-19,1,,,1,,,,,2025-10-25,2,150,75,---,---,2.0,150.0,---,---,---,---,1,,,,,,---,---,---,---,---,---,---,---,---,---,---,---,---,---,---,---,---,---,1,,,1,,,1,,,,,good work,11.6468653,8.4466722,527.24,3.63,CT-GarUYROO25,Mudawa farmers cooperative C,Kano,Garum_Mallam,,Production/Processing,Kano-WOFAN,0,0,15000,7500,0,0,0,0,150,15000,0,0,0,0,0,0,0,5c12b17f-a23f-462c-9452-716adedaad58,bun20,25/10/2025 18:17
2b563993-eb3b-48eb-ab14-18ad335f5812,2b563993-eb3b-48eb-ab14-18ad335f5812,2025-10-25,,1,,,,Maize,2025-06-25,1,,,1,,,,,2025-10-25,2,150,75,---,---,2.0,150.0,---,---,---,---,1,,,,,,---,---,---,---,---,---,---,---,---,---,---,---,---,---,---,---,---,---,1,,,1,,,1,,,,,good work,11.6469047,8.44675,498.68,3.63,CT-GarYQBBR59,Mudawa farmers cooperative D,Kano,Garum_Mallam,,Production/Processing,Kano-WOFAN,0,0,15000,7500,0,0,0,0,150,15000,0,0,0,0,0,0,0,6c92e315-121d-41a8-b674-5537ac4eb31e,bun20,25/10/2025 18:17
f45d8b43-cb66-4cfb-991a-631b766ac4ec,f45d8b43-cb66-4cfb-991a-631b766ac4ec,2025-10-20,,,1,,,faro 64,2025-07-14,1,,,1,,,,,2025-10-25,2,160,95,---,---,---,---,2.0,160.0,---,---,1,,,,,,---,---,---,---,---,---,---,---,---,---,---,---,---,---,---,---,---,---,,1,,1,,,1,,,,,good,12.0475971,9.4227916,401.78,3.9,CT-JahWHW5X54,Aujara special needs kurame,Jigawa,Jahun,Both,Production/Processing,Jigawa-WOFAN,0,0,0,0,12000,6000,0,0,160,12000,0,0,0,0,0,0,0,3248a566-2c8f-486a-b6c3-d40e953bc9ef,jah28,25/10/2025 18:23
a844787d-4dc3-4288-a62a-6c3abcb30d37,a844787d-4dc3-4288-a62a-6c3abcb30d37,2025-10-10,,,1,,,CP67,2025-06-25,1,,,1,,,,,2025-09-25,2,86,6,---,---,---,---,2.0,86.0,---,---,,,,1,,,---,---,1.0,---,,,,,,,,,,,1,,,,1,,,1,,,1,,,,,Good,12.0473384,9.4227163,422.2,2.1,CT-JahKA62924,KUNGIYAR KURAME MANOMA KUKAKWANCE,Jigawa,Jahun,Female,Production,Jigawa-WOFAN,0,0,0,0,6450,3225,0,0,86,6450,0,0,75,0,1,75,0,8a58f87f-aae6-4b67-b718-f5ab295a44a6,jah40,25/10/2025 19:39
43471d37-7ee0-4fbc-9227-639df2d71dd8,43471d37-7ee0-4fbc-9227-639df2d71dd8,2025-09-13,,,1,,,faro 67,2025-06-01,1,,,1,,,,,2025-09-20,2,85,12,---,---,---,---,2.0,85.0,---,---,1,,,,,,---,---,---,---,---,---,---,---,---,---,---,---,---,---,---,---,---,---,1,,,1,,,1,,,,,ok,12.3260066,9.4625038,417.73,1.1,CT-TauQWPOL12,Alkhairi disabled group kwalam,Jigawa,Taura,,Production/Processing,Jigawa-WOFAN,0,0,0,0,6375,3188,0,0,85,6375,0,0,0,0,0,0,0,39b39b96-45ce-4d7b-a858-5d0c694566c3,tau27,25/10/2025 19:42
5e440964-1ee8-4dee-90cd-c037240bd066,5e440964-1ee8-4dee-90cd-c037240bd066,2025-09-13,,,1,,,faro 67,2025-06-01,1,,,1,,,,,2025-09-25,2,85,12,---,---,---,---,2.0,85.0,---,---,1,,,,,,---,---,---,---,---,---,---,---,---,---,---,---,---,---,---,---,---,---,1,,,1,,,1,,,,,ok,12.3259566,9.4625153,400.58,1.48,CT-TauL76G912,Kwalam dump association,Jigawa,Taura,,Production/Processing,Jigawa-WOFAN,0,0,0,0,6375,3188,0,0,85,6375,0,0,0,0,0,0,0,7734cee8-63d2-42c4-95ce-a0208b524a30,tau27,25/10/2025 19:44
c00d9f4d-5309-48b0-972d-2b11c46dd085,c00d9f4d-5309-48b0-972d-2b11c46dd085,2025-07-18,,,1,,,2,2025-10-23,1,,,1,,,,,2025-10-23,2,2,5,---,---,---,---,1.0,100.0,---,---,,,,1,,,---,---,1.0,---,,,,,,,,,,,1,,,,1,,,1,,,1,,,,,good,11.6462533,8.4470267,527.1,4.9,CT-Gar09VZD26,kofar gabas mudawa dis able,Kano,Garum_Mallam,,Production,Kano-WOFAN,0,0,0,0,7500,7500,0,0,100,7500,0,0,75,0,1,75,0,af2c2785-29bd-436a-9214-f123b1ec4e99,bun18,25/10/2025 19:44
991e89a5-3e73-4d06-bd83-7a88e6bd5a1e,991e89a5-3e73-4d06-bd83-7a88e6bd5a1e,2025-07-14,,,1,,,Rice,2025-07-14,1,,,1,,,,,2025-10-10,1,1,6,---,---,---,---,1.0,60.0,---,---,,,,1,,,---,---,1.0,---,,,,,,,,,,,,,1,,1,,,1,,,1,,,,,ok,12.4458583,10.0454467,370.7,8.9,CT-JahSH9ZH38,AUJARA KURMAYE ASS,Jigawa,Jahun,Both,Production/Processing,Jigawa-WOFAN,0,0,0,0,4500,4500,0,0,60,4500,0,0,75,0,1,75,0,3c56195b-759c-41b4-83f1-7ddfdeab9b84,jah27,25/10/2025 19:45
f6092d1e-95d8-48bb-9f8b-387c4808327e,f6092d1e-95d8-48bb-9f8b-387c4808327e,2025-07-14,,,1,,,Rice,2025-07-14,1,,,1,,,,,2025-10-10,1,1,6,---,---,---,---,1.0,60.0,---,---,,,,1,,,---,---,1.0,---,,,,,,,,,,,,,1,,1,,,1,,,1,,,,,okay,12.445965,10.0454817,397.9,5.4,CT-Jah1V54V22,KUNGIYAR MAKAFI KANWA,Jigawa,Jahun,Both,Production/Processing,Jigawa-WOFAN,0,0,0,0,4500,4500,0,0,60,4500,0,0,75,0,1,75,0,cc0ab5dd-bc0f-42f9-bde2-f47bfa35b487,jah27,25/10/2025 19:45
0a2f63bd-b1ce-42ad-ad25-24b8db80fa6f,0a2f63bd-b1ce-42ad-ad25-24b8db80fa6f,2025-07-14,,,1,,,Rice,2025-07-14,1,,,1,,,,,2025-10-10,1,1,6,---,---,---,---,1.0,60.0,---,---,,,,1,,,---,---,1.0,---,,,,,,,,,,,,,1,,1,,,1,,,1,,,,,okay,12.445975,10.0454767,399.2,8.95,CT-JahEOC2K47,MAGAMA MAKAFI ASS,Jigawa,Jahun,Both,Production/Processing,Jigawa-WOFAN,0,0,0,0,4500,4500,0,0,60,4500,0,0,75,0,1,75,0,b8df5137-094a-45be-9ad9-07a347f0fc5e,jah27,25/10/2025 19:45
25198771-4327-4130-8ebb-ed8b6d663e69,25198771-4327-4130-8ebb-ed8b6d663e69,2025-09-13,,,1,,,faro 67,2025-06-01,1,,,1,,,,,2025-10-01,2,85,12,---,---,---,---,2.0,85.0,---,---,1,,,,,,---,---,---,---,---,---,---,---,---,---,---,---,---,---,---,---,---,---,1,,,1,,,1,,,,,ok,12.3258667,9.4624823,402.54,1.02,CT-TauGBBT653,Majia disabled association,Jigawa,Taura,,Production/Processing,Jigawa-WOFAN,0,0,0,0,6375,3188,0,0,85,6375,0,0,0,0,0,0,0,dfc94eb6-fe39-419e-b72c-fa0d72cbb4f6,tau27,25/10/2025 19:49
44d122c5-94db-4ecd-979a-1fa4e7762658,44d122c5-94db-4ecd-979a-1fa4e7762658,2025-10-21,,,1,,,Rice,2025-06-17,1,,,1,,,,,2025-10-22,1,1,12,---,---,---,---,1.0,75.0,---,---,,,,1,,,---,---,1.0,---,,,,,,,,,,,,1,,,1,,,1,,,1,,,,,Good handling,12.0610925,8.2744403,520.9,2.58,CT-RimYC9G823,YARO TASHIKA NEMA RIMIN GADO CLSUTER,Kano,Rimi_Gado,,Production,Kano-WOFAN,0,0,0,0,5625,5625,0,0,75,5625,0,0,75,0,1,75,0,68a82c8f-e69e-4969-8561-cf8d4c70fcc0,rig12,25/10/2025 20:11
a56860a4-6de6-4239-9b55-a392c7a17b9f,a56860a4-6de6-4239-9b55-a392c7a17b9f,2025-09-30,,,1,,,Faro68,2025-06-27,1,,,1,,,,,2025-09-30,1,1,12,---,---,---,---,1.0,65.0,---,---,1,,,,,,---,---,---,---,---,---,---,---,---,---,---,---,---,---,---,---,---,---,1,,,1,,,1,,,,,Alhamdulillahi sai godiya masu bukata ta musaman,11.5446033,8.380685,487.3,4.9,CT-Kir8TZL944,Kogo agro maketers cluster,Kano,Kiru,Female,Production/Processing,Kano-WOFAN,0,0,0,0,4875,4875,0,0,65,4875,0,0,0,0,0,0,0,acd801a2-9ace-4901-9c08-186d0f813865,beb26,25/10/2025 20:15
fccd91c6-a039-4a6a-8297-21e2998093e9,fccd91c6-a039-4a6a-8297-21e2998093e9,2025-10-25,,,1,,,faro,2025-06-01,1,,,1,,,,,2025-09-25,2,2,12,---,---,---,---,2.0,160.0,---,---,1,,,,,,---,---,---,---,---,---,---,---,---,---,---,---,---,---,---,---,---,---,,1,,1,,,1,,,,,ok,11.068745,9.5716017,464.9,4.0,CT-NinBQEI749,JANGU KUNGIYAR MASU BUKATA WOFAN MULTI-PURPOSE COOPERATIVE CLUSTER,Bauchi,Ningi,,Production/Processing,Bauchi-WOFAN,0,0,0,0,12000,6000,0,0,160,12000,0,0,0,0,0,0,0,1e26ab74-623f-429f-8a24-964d62a2f9ea,nin01,25/10/2025 20:21
6ba5cdaa-3d5a-4cea-8243-ca1de4851382,6ba5cdaa-3d5a-4cea-8243-ca1de4851382,2025-10-20,,,1,,,faro,2025-06-12,1,,,1,,,,,2025-09-30,2,2,12,---,---,---,---,2.0,159.0,---,---,1,,,,,,---,---,---,---,---,---,---,---,---,---,---,---,---,---,---,---,---,---,,1,,1,,,1,,,,,good,11.0688267,9.5717483,493.1,2.7,CT-NinSAZH301,NINGI PEOPLE WITH DISABILITY WOFAN MULTI-PURPOSE COOPERATIVE CLUSTER,Bauchi,Ningi,,Production/Processing,Bauchi-WOFAN,0,0,0,0,11925,5963,0,0,159,11925,0,0,0,0,0,0,0,1f3e7b52-6db6-4e43-97c5-a4f08fec62a7,nin01,25/10/2025 20:22
d62ebda6-9d51-47fd-b5fa-95dc2cc263c6,d62ebda6-9d51-47fd-b5fa-95dc2cc263c6,2025-09-25,,1,,,,Maize,2024-05-25,1,,,1,,,,,2025-10-19,2,160,14,---,---,2.0,160.0,---,---,---,---,,,1,,,,---,1.0,---,---,,,,,,,,,,1,,,,,,1,,1,,,1,,,,,good,12.0491938,9.4254127,416.22,1.23,CT-JahR8IMH00,Disable jahun local government,Jigawa,Jahun,Both,Production/Processing,Jigawa-WOFAN,0,0,16000,8000,0,0,0,0,160,16000,0,100,0,0,1,100,0,c702b1a1-86fb-4fc6-b13f-dfde2973daba,jah69,25/10/2025 21:22
99a18add-9f17-4d45-a2af-8a1f89e191e9,99a18add-9f17-4d45-a2af-8a1f89e191e9,2025-10-24,,1,,,,maize,2025-05-28,1,,,1,,,,,2025-10-20,2,160,14,---,---,2.0,16.0,---,---,---,---,1,,,,,,---,---,---,---,---,---,---,---,---,---,---,---,---,---,---,---,---,---,,1,,1,1,,,,,1,,good,12.0491249,9.425159,408.1,3.04,CT-JahOKMM823,Disable Cooperative Association,Jigawa,Jahun,Both,Production/Processing,Jigawa-WOFAN,0,0,1600,800,0,0,0,0,16,1600,0,0,0,0,0,0,0,52ef9088-f545-4800-a593-aa0401989386,jah69,25/10/2025 21:22
34410e9a-f960-4fcb-bc70-82dd729fd9d7,34410e9a-f960-4fcb-bc70-82dd729fd9d7,2025-10-01,,,1,,,faro 44,2025-06-30,1,,,1,,,,,2025-10-04,1,1,10,---,---,---,---,1.0,89.0,---,---,1,,,,,,---,---,---,---,---,---,---,---,---,---,---,---,---,---,---,---,---,---,,1,,,1,,1,,,,,there is a development consider the previous year,11.6805306,8.4340396,478.97,2.12,CT-Gar0THZ551,Garun Mallam disabled cluster B,Kano,Garum_Mallam,,Production,Kano-WOFAN,0,0,0,0,6675,6675,0,0,89,6675,0,0,0,0,0,0,0,54678557-c4ef-4681-9340-b4eb4a09f75f,gmm49,25/10/2025 21:28
4e3bd8ca-a1a0-4913-97ce-367576a5a77d,4e3bd8ca-a1a0-4913-97ce-367576a5a77d,2025-07-20,,,1,,,faro 68,2025-06-14,1,,,1,,,,,2025-09-21,1,1,11,---,---,---,---,1.0,75.0,---,---,1,,,,,,---,---,---,---,---,---,---,---,---,---,---,---,---,---,---,---,---,---,,1,,1,,,1,,,,,Masha Allah,11.5466025,8.382456,492.0,4.74,CT-BebAXTYK12,CHIRAMAWA KOFA CLUSTER,Kano,Bebeji,,Production/Processing,Kano-WOFAN,0,0,0,0,5625,5625,0,0,75,5625,0,0,0,0,0,0,0,11d5a869-8931-4990-a3c2-8f3268a18847,beb43,25/10/2025 21:33
858c61cd-4426-46ec-8457-a00cb26398c3,858c61cd-4426-46ec-8457-a00cb26398c3,2025-10-07,,,1,,,faro 44,2025-07-01,1,,,1,,,,,2025-05-25,1,1,10,---,---,---,---,1.0,1.0,---,---,1,,,,,,---,---,---,---,---,---,---,---,---,---,---,---,---,---,---,---,---,---,,1,,1,,,1,,,,,"i advice farmers to provide a storage, which well air ventilated.",11.6805103,8.4338115,557.6,2.45,CT-GarPW5KU47,FATA NAGARI DISABLE ASSOCIATION,Kano,Garum_Mallam,,Production/Processing,Kano-WOFAN,0,0,0,0,75,75,0,0,1,75,0,0,0,0,0,0,0,487357ec-11e3-44a8-842d-983341299919,gmm49,25/10/2025 21:48
d2364234-c49d-415d-b297-e7bb434ad58f,d2364234-c49d-415d-b297-e7bb434ad58f,2025-09-29,,1,,,,maize,2025-06-01,1,,,1,,,,,2025-07-25,1,1,9,---,---,1.0,1.0,---,---,---,---,1,,,,,,---,---,---,---,---,---,---,---,---,---,---,---,---,---,---,---,---,---,1,,,,1,,1,,,,,good,11.6806406,8.4339443,564.17,1.78,CT-GarPW5KU47,FATA NAGARI DISABLE ASSOCIATION,Kano,Garum_Mallam,,Production/Processing,Kano-WOFAN,0,0,100,100,0,0,0,0,1,100,0,0,0,0,0,0,0,487357ec-11e3-44a8-842d-983341299919,gmm49,25/10/2025 21:51
a5144d8b-28ed-4f1c-b178-3cb7516530ab,a5144d8b-28ed-4f1c-b178-3cb7516530ab,2025-09-25,,1,,,,maize,2025-06-25,1,,,1,,,,,2025-07-25,1,1,8,---,---,1.0,59.0,---,---,---,---,1,,,,,,---,---,---,---,---,---,---,---,---,---,---,---,---,---,---,---,---,---,1,,,1,,,1,,,,,make sure the maize is well dry less than 12% of moisture meter reading.,11.6806102,8.4341097,529.41,1.16,CT-GarFNPKB09,DOGARO DAKAI DISABLE ASSOCIATION,Kano,Garum_Mallam,,Production/Processing,Kano-WOFAN,0,0,5900,5900,0,0,0,0,59,5900,0,0,0,0,0,0,0,eaa3b7e4-0ac6-40ca-89c8-d6ae63ff8bc0,gmm49,25/10/2025 21:55
bb5eadad-a124-4a13-a1ec-63ddef8e21af,bb5eadad-a124-4a13-a1ec-63ddef8e21af,2025-10-23,,,1,,,faro44,2025-06-25,1,,,1,,,,,2025-06-12,1,1,9,---,---,---,---,1.0,89.0,---,---,1,,,,,,---,---,---,---,---,---,---,---,---,---,---,---,---,---,---,---,---,---,,1,,,1,,1,,,,,use moisture meter to measure the moisture content.,11.6806042,8.4341118,527.92,1.46,CT-GarFNPKB09,DOGARO DAKAI DISABLE ASSOCIATION,Kano,Garum_Mallam,,Production/Processing,Kano-WOFAN,0,0,0,0,6675,6675,0,0,89,6675,0,0,0,0,0,0,0,eaa3b7e4-0ac6-40ca-89c8-d6ae63ff8bc0,gmm49,25/10/2025 21:58
4818358d-3fb8-4984-be69-e95ee2425ef9,4818358d-3fb8-4984-be69-e95ee2425ef9,2025-07-23,,1,,,,2,2025-10-18,1,,,1,,,,,2025-10-18,2,2,5,---,---,2.0,89.0,---,---,---,---,,,1,,,,---,2.0,---,---,,,,,,,,,,,1,,,,1,,,1,,,1,,,,,good,11.6495383,8.4495067,433.5,5.0,CT-Gar7T1YJ42,Kofar Gabas Yan soye soye Multi-purpose Cooperative Society Limited,Kano,Garum_Mallam,,Production/Processing,Kano-WOFAN,0,0,8900,4450,0,0,0,0,89,8900,0,200,0,0,2,200,0,c9e77f64-8117-4d0c-b02b-4ba6a6c85bd1,bun18,25/10/2025 22:53
9e6f4dba-c723-43da-8318-4d99d289f6ae,9e6f4dba-c723-43da-8318-4d99d289f6ae,2025-09-13,,1,,,,Faro 67,2025-07-01,1,,,1,,,,,2025-06-01,2,85,12,---,---,2.0,85.0,---,---,---,---,1,,,,,,---,---,---,---,---,---,---,---,---,---,---,---,---,---,---,---,---,---,1,,,1,,,1,,,,,good,11.68409,9.343135,464.5,2.25,CT-TauC7UGO24,All Disability Forum Majia Tasha,Jigawa,Taura,,Production/Processing,Jigawa-WOFAN,0,0,8500,4250,0,0,0,0,85,8500,0,0,0,0,0,0,0,624aea6b-df20-4181-a391-ea8680de0a5c,tau23,25/10/2025 23:01
af6cb534-b59a-4469-8d07-bdf099bcb9b6,af6cb534-b59a-4469-8d07-bdf099bcb9b6,2025-09-13,,1,,,,Faro 67,2025-07-01,1,,,1,,,,,2025-06-01,2,85,12,---,---,2.0,85.0,---,---,---,---,1,,,,,,---,---,---,---,---,---,---,---,---,---,---,---,---,---,---,---,---,---,1,,,1,,,1,,,,,good,11.684055,9.3431583,464.5,2.5,CT-Tau0257S34,Ability in disability Majia,Jigawa,Taura,,Production/Processing,Jigawa-WOFAN,0,0,8500,4250,0,0,0,0,85,8500,0,0,0,0,0,0,0,638c51f5-8905-4773-8e36-1309c51cf233,tau23,25/10/2025 23:01
a1725d31-c3e6-4e55-a419-90c8b2826bc4,a1725d31-c3e6-4e55-a419-90c8b2826bc4,2025-09-13,,1,,,,Faro 67,2025-07-01,1,,,1,,,,,2025-06-01,2,85,12,---,---,2.0,85.0,---,---,---,---,1,,,,,,---,---,---,---,---,---,---,---,---,---,---,---,---,---,---,---,---,---,1,,,1,,,1,,,,,good,11.6840983,9.343155,464.5,5.0,CT-TauAAPSF41,Disability Multpupose Competitive Association,Jigawa,Taura,,Production/Processing,Jigawa-WOFAN,0,0,8500,4250,0,0,0,0,85,8500,0,0,0,0,0,0,0,168a7bf2-756e-444d-8f42-11dd8ebbcf4d,tau23,25/10/2025 23:01
2b86e44e-74bf-4ba6-befe-e67a32070772,2b86e44e-74bf-4ba6-befe-e67a32070772,2025-09-13,,,1,,,Faro 67,2025-07-01,1,,,1,,,,,2025-06-01,2,85,12,---,---,---,---,2.0,85.0,---,---,1,,,,,,---,---,---,---,---,---,---,---,---,---,---,---,---,---,---,---,---,---,1,,,1,,,1,,,,,good,11.68419,9.3430867,464.5,5.0,CT-TauI3AY025,Female Disability Association Nomi,Jigawa,Taura,,Production/Processing,Jigawa-WOFAN,0,0,0,0,6375,3188,0,0,85,6375,0,0,0,0,0,0,0,e1dcdfc7-e870-4610-8259-22b112e4ccdf,tau23,25/10/2025 23:01
3b0cba73-d782-4ee7-a437-41b41316f090,3b0cba73-d782-4ee7-a437-41b41316f090,2025-09-13,,1,1,,,Faro,2025-07-01,1,,,1,,,,,2025-06-01,2,85,12,---,---,2.0,85.0,2.0,85.0,---,---,1,,,,,,---,---,---,---,---,---,---,---,---,---,---,---,---,---,---,---,---,---,1,,,1,,,1,,,,,good,11.684075,9.3431017,464.5,2.54,CT-TauM4JHC51,Female disability association nomi,Jigawa,Taura,,Production/Processing,Jigawa-WOFAN,0,0,8500,4250,6375,3188,0,0,170,14875,0,0,0,0,0,0,0,ec58c2e2-bbd1-43fb-a600-eb1e4d2c96c3,tau23,25/10/2025 23:01
d9383f00-73c6-4b80-af87-0f08ce7be17e,d9383f00-73c6-4b80-af87-0f08ce7be17e,2025-09-13,,,1,,,Faro 67,2025-07-01,1,,,1,,,,,2025-06-01,2,85,12,---,---,---,---,2.0,85.0,---,---,1,,,,,,---,---,---,---,---,---,---,---,---,---,---,---,---,---,---,---,---,---,1,,,1,,,1,,,,,good,11.6841133,9.3431367,464.5,2.6,CT-TauWWD2O40,Khairat Agricultural Maket Group,Jigawa,Taura,,Production/Processing,Jigawa-WOFAN,0,0,0,0,6375,3188,0,0,85,6375,0,0,0,0,0,0,0,14e87777-b71d-4f75-b399-df0e83c8d193,tau23,25/10/2025 23:01
9e98fd9d-eec8-4056-abe1-9e91a61d01ae,9e98fd9d-eec8-4056-abe1-9e91a61d01ae,2025-09-13,,1,,,,Faro 67,2025-07-01,1,,,1,,,,,2025-06-01,2,86,12,---,---,2.0,86.0,---,---,---,---,,,1,,,,---,85.0,---,---,1,,,,,,,,,,,,,,1,,,1,,,1,,,,,good,11.68412,9.3430983,464.5,4.09,CT-TauNYBRH04,Maje sharing Disorder Cooperative Society,Jigawa,Taura,,Production/Processing,Jigawa-WOFAN,0,0,8600,4300,0,0,0,0,86,8600,0,8500,0,0,85,8500,0,7d70787f-23db-44bf-a839-5d1911a01844,tau23,25/10/2025 23:01
fd850126-5639-4512-9208-7b3fbc4912b5,fd850126-5639-4512-9208-7b3fbc4912b5,2025-09-13,,1,,,,Faro 67,2025-07-01,1,,,1,,,,,2025-06-01,2,85,12,---,---,2.0,85.0,---,---,---,---,1,,,,,,---,---,---,---,---,---,---,---,---,---,---,---,---,---,---,---,---,---,1,,,1,,,1,,,,,good,11.6840467,9.3430267,464.5,4.5,CT-TauO4PRS30,Malamawa Association people disable,Jigawa,Taura,,Production/Processing,Jigawa-WOFAN,0,0,8500,4250,0,0,0,0,85,8500,0,0,0,0,0,0,0,dd3471af-7b1f-44d5-8932-028a6554b5f3,tau23,25/10/2025 23:01
01e90213-5e60-442b-9942-9952d9b4c9e3,01e90213-5e60-442b-9942-9952d9b4c9e3,2025-10-22,,,1,,,faro 65,2025-06-20,1,,,1,,,,,2025-06-20,1,1,10,---,---,---,---,1.0,65.0,---,---,1,,,,,,---,---,---,---,---,---,---,---,---,---,---,---,---,---,---,---,---,---,1,,,1,,,1,,,,,good,11.4872576,8.3487709,568.59,3.4,CT-BebABA2S29,tiga agro marketers,Kano,Bebeji,Female,Production/Processing,Kano-WOFAN,0,0,0,0,4875,4875,0,0,65,4875,0,0,0,0,0,0,0,e68baa8e-40d3-4acb-bff0-922e0c0a3f2f,kir07,26/10/2025 05:14
77533b46-388b-4d94-8378-3aaf52f42332,77533b46-388b-4d94-8378-3aaf52f42332,2025-10-22,,1,,,,50,2025-06-28,1,,,1,,,,,2025-06-28,1,1,10,---,---,1.0,50.0,---,---,---,---,1,,,,,,---,---,---,---,---,---,---,---,---,---,---,---,---,---,---,---,---,---,1,,,1,,,1,,,,,good,11.4872958,8.348767,568.59,2.9,CT-BebT85E104,Yadi agro marketers,Kano,Bebeji,Female,Production/Processing,Kano-WOFAN,0,0,5000,5000,0,0,0,0,50,5000,0,0,0,0,0,0,0,f38da60d-faaa-4e4e-a5de-fdea72c7eda6,kir07,26/10/2025 05:14
5ff17058-2ed2-431a-b81e-0e2df5061887,5ff17058-2ed2-431a-b81e-0e2df5061887,2025-10-24,,1,,,,maize,2025-06-05,1,,,1,,,,,2025-10-24,2,2,75,---,---,2.0,80.0,---,---,---,---,1,,,,,,---,---,---,---,---,---,---,---,---,---,---,---,---,---,---,---,---,---,1,,,1,,,1,,,,,good,11.64634,8.4472083,509.7,4.3,CT-Gar7T1YJ42,Kofar Gabas Yan soye soye Multi-purpose Cooperative Society Limited,Kano,Garum_Mallam,,Production/Processing,Kano-WOFAN,0,0,8000,4000,0,0,0,0,80,8000,0,0,0,0,0,0,0,c9e77f64-8117-4d0c-b02b-4ba6a6c85bd1,bun17,26/10/2025 05:36
fc5ac70a-acd2-4532-b70b-91b7a6f503d5,fc5ac70a-acd2-4532-b70b-91b7a6f503d5,2025-10-24,,,1,,,rice,2025-06-06,1,,,1,,,,,2025-10-14,2,2,75,---,---,---,---,2.0,150.0,---,---,1,,,,,,---,---,---,---,---,---,---,---,---,---,---,---,---,---,---,---,---,---,1,,,1,,,1,,,,,good,11.646459,8.4472911,508.9,3.4,CT-Gar7T1YJ42,Kofar Gabas Yan soye soye Multi-purpose Cooperative Society Limited,Kano,Garum_Mallam,,Production/Processing,Kano-WOFAN,0,0,0,0,11250,5625,0,0,150,11250,0,0,0,0,0,0,0,c9e77f64-8117-4d0c-b02b-4ba6a6c85bd1,bun17,26/10/2025 05:36
3973d63b-7736-4889-8772-12e8b43e4881,3973d63b-7736-4889-8772-12e8b43e4881,2025-10-25,,1,,,,maize,2025-07-10,1,,,1,,,,,2025-10-10,2,2,75,---,---,2.0,80.0,---,---,---,---,1,,,,,,---,---,---,---,---,---,---,---,---,---,---,---,---,---,---,---,---,---,1,,,1,,,1,,,,,good,11.6480597,8.4452724,500.0,4.59,CT-GarNKR1Q33,Kofar Kudu Dogaro Da kai Development Association Limited,Kano,Garum_Mallam,,Production/Processing,Kano-WOFAN,0,0,8000,4000,0,0,0,0,80,8000,0,0,0,0,0,0,0,4e8b86b7-c693-4e18-8bfe-fd772eaf0294,bun17,26/10/2025 05:48
9b67caf6-313e-40b0-bb51-96e8fee38dd8,9b67caf6-313e-40b0-bb51-96e8fee38dd8,2025-10-20,,,1,,,rice,2025-10-25,1,,,1,,,,,2025-10-10,2,2,75,---,---,---,---,2.0,150.0,---,---,1,,,,,,---,---,---,---,---,---,---,---,---,---,---,---,---,---,---,---,---,---,1,,,1,,,1,,,,,good,11.6480652,8.4453178,500.4,4.59,CT-GarNKR1Q33,Kofar Kudu Dogaro Da kai Development Association Limited,Kano,Garum_Mallam,,Production/Processing,Kano-WOFAN,0,0,0,0,11250,5625,0,0,150,11250,0,0,0,0,0,0,0,4e8b86b7-c693-4e18-8bfe-fd772eaf0294,bun17,26/10/2025 05:48
b25f6a82-06d2-41f0-a563-8fcb6e9f9930,b25f6a82-06d2-41f0-a563-8fcb6e9f9930,2025-10-25,,1,,,,maize,2025-07-10,1,,,1,,,,,2025-10-10,2,2,75,---,---,2.0,80.0,---,---,---,---,1,,,,,,---,---,---,---,---,---,---,---,---,---,---,---,---,---,---,---,---,---,1,,,1,,,1,,,,,good,11.6481338,8.4452601,500.2,5.0,CT-GarDZDXU59,Kofar Kudu Fresh Restaurant food cooperative Society Limited,Kano,Garum_Mallam,,Production/Processing,Kano-WOFAN,0,0,8000,4000,0,0,0,0,80,8000,0,0,0,0,0,0,0,bb0ca54c-9a91-4feb-83f7-9fd6ff6b91fa,bun17,26/10/2025 05:48
1f30e418-34bf-4736-8219-14d1494f2a59,1f30e418-34bf-4736-8219-14d1494f2a59,2025-10-25,,,1,,,rice,2025-07-10,1,,,1,,,,,2025-10-10,2,2,75,---,---,---,---,2.0,150.0,---,---,1,,,,,,---,---,---,---,---,---,---,---,---,---,---,---,---,---,---,---,---,---,1,,,1,,,1,,,,,good,11.6481323,8.4452873,500.1,4.45,CT-GarDZDXU59,Kofar Kudu Fresh Restaurant food cooperative Society Limited,Kano,Garum_Mallam,,Production/Processing,Kano-WOFAN,0,0,0,0,11250,5625,0,0,150,11250,0,0,0,0,0,0,0,bb0ca54c-9a91-4feb-83f7-9fd6ff6b91fa,bun17,26/10/2025 05:49
405312ec-616e-4853-85f1-0d6363c31f5e,405312ec-616e-4853-85f1-0d6363c31f5e,2025-10-26,,1,,,,1,2025-06-20,1,,,1,,,,,2025-09-20,1,1,12,---,---,1.0,80.0,---,---,---,---,1,,,,,,---,---,---,---,---,---,---,---,---,---,---,---,---,---,---,---,---,---,1,,,1,,,1,,,,,good,11.6675528,8.261173,490.0,4.98,CT-KirAJBO114,"Dangora agro Marketers
Cluster",Kano,Kiru,Both,Production/Processing,Kano-WOFAN,0,0,8000,8000,0,0,0,0,80,8000,0,0,0,0,0,0,0,20d014f8-b40b-41e4-86c6-73b502e49a93,kir09,26/10/2025 06:15
659f03b3-f085-4682-ac7d-af6db73343dd,659f03b3-f085-4682-ac7d-af6db73343dd,2025-10-26,,,1,,,1,2025-07-20,1,,,1,,,,,2025-09-26,1,1,12,---,---,---,---,1.0,75.0,---,---,,,,1,,,---,---,1.0,---,1,,,,,,,,,,,,,,1,,,1,,,1,,,,,good,11.6675189,8.2611384,490.6,4.93,CT-Kir1JGCM48,Dangora Agro marketers cluster,Kano,Kiru,Female,Production/Processing,Kano-WOFAN,0,0,0,0,5625,5625,0,0,75,5625,0,0,75,0,1,75,0,7b0b1775-57a0-443f-8ba4-af3096d473e0,kir09,26/10/2025 06:15
208729a0-5f78-4b73-a0bf-35b265471333,208729a0-5f78-4b73-a0bf-35b265471333,2025-10-26,,,1,,,1,2025-07-20,1,,,1,,,,,2025-09-26,1,1,12,---,---,---,---,1.0,80.0,---,---,,,,1,,,---,---,1.0,---,1,,,,,,,,,,,,,,1,,,1,,,1,,,,,good,11.66752,8.2611417,492.2,4.9,CT-Kir6K5XC50,DANGORA WOFAN AGRO MICRO PRODUCE MARKETERS CLUSTER,Kano,Kiru,Female,Production,Kano-WOFAN,0,0,0,0,6000,6000,0,0,80,6000,0,0,75,0,1,75,0,2e1b2947-2693-4186-a680-3f89316eb46c,kir09,26/10/2025 06:19
2d1f009f-54cd-4310-829c-aec4ae56fed7,2d1f009f-54cd-4310-829c-aec4ae56fed7,2025-10-24,,1,1,,,rice,2025-06-16,1,,,1,,,,,2025-10-25,2,2,75,---,---,2.0,80.0,2.0,140.0,---,---,1,,,,,,---,---,---,---,---,---,---,---,---,---,---,---,---,---,---,---,---,---,1,,,1,,,1,,,,,excellent,11.6371425,8.4102722,527.79,3.38,CT-Gar4QOLD56,Barnawa cluster A,Kano,Garum_Mallam,Female,Production/Processing,Kano-WOFAN,0,0,8000,4000,10500,5250,0,0,220,18500,0,0,0,0,0,0,0,d785f21d-bb5e-4d96-9b05-3ed0d9cbbf1f,bun02,26/10/2025 06:44
121dfb3c-e87e-4e57-9e42-b1e08f39c5a6,121dfb3c-e87e-4e57-9e42-b1e08f39c5a6,2025-10-25,,1,1,,,"rice,maize",2025-06-16,1,,,1,,,,,2025-10-17,2,2,75,---,---,2.0,80.0,2.0,150.0,---,---,1,,,,,,---,---,---,---,---,---,---,---,---,---,---,---,---,---,---,---,---,---,1,,,1,,,1,,,,,excellent,11.641655,8.412005,519.7,3.6,CT-GarBGTJN42,fakurum manoma co,Kano,Garum_Mallam,,Production,Kano-WOFAN,0,0,8000,4000,11250,5625,0,0,230,19250,0,0,0,0,0,0,0,151fc582-def6-4836-ab74-2cf9311967a7,bun02,26/10/2025 06:44
cfd2660d-7075-4c7e-a236-597be2a905cd,cfd2660d-7075-4c7e-a236-597be2a905cd,2025-10-25,,1,1,,,"maize, rice",2025-06-17,1,,,1,,,,,2025-10-20,2,2,75,---,---,2.0,80.0,2.0,145.0,---,---,1,,,,,,---,---,---,---,---,---,---,---,---,---,---,---,---,---,---,---,---,---,1,,,1,,,1,,,,,excellent,11.6416367,8.4119717,519.29,3.0,CT-GarABFWP18,Garun Mallam Disable Cluster A,Kano,Garum_Mallam,,Production,Kano-WOFAN,0,0,8000,4000,10875,5438,0,0,225,18875,0,0,0,0,0,0,0,4410b621-2686-4075-8d4a-3b475da97622,bun02,26/10/2025 06:44
29384ac0-e649-4113-8406-3cfd68299929,29384ac0-e649-4113-8406-3cfd68299929,2025-10-25,,1,1,,,"rice,maize",2025-06-16,1,,,1,,,,,2025-10-17,2,2,75,---,---,2.0,80.0,2.0,145.0,---,---,1,,,,,,---,---,---,---,---,---,---,---,---,---,---,---,---,---,---,---,---,---,1,,,1,,,1,,,,,excellent,11.6416567,8.4120233,519.79,2.9,CT-GarBXYGR19,Garun Mallam Disable Cluster B,Kano,Garum_Mallam,,Production,Kano-WOFAN,0,0,8000,4000,10875,5438,0,0,225,18875,0,0,0,0,0,0,0,10f80879-dd67-463b-ad69-f3a9316640b5,bun02,26/10/2025 06:45
3196c9aa-a3f6-4d9c-aef0-1bc97be77a39,3196c9aa-a3f6-4d9c-aef0-1bc97be77a39,2025-10-26,,,1,,,rice,2025-06-17,1,,,1,,,,,2025-10-18,2,2,75,---,---,---,---,2.0,140.0,---,---,1,,,,,,---,---,---,---,---,---,---,---,---,---,---,---,---,---,---,---,---,---,1,,,1,,,1,,,,,excellent,11.6759133,8.4499599,499.8,2.29,CT-Gar4QOLD56,Barnawa cluster A,Kano,Garum_Mallam,Female,Production/Processing,Kano-WOFAN,0,0,0,0,10500,5250,0,0,140,10500,0,0,0,0,0,0,0,d785f21d-bb5e-4d96-9b05-3ed0d9cbbf1f,bun02,26/10/2025 06:45
fc68bf9d-c020-4a9f-babb-a0fe019f08ab,fc68bf9d-c020-4a9f-babb-a0fe019f08ab,2025-10-08,,,1,,,Faro 64,2025-06-25,1,,,1,,,,,2025-10-26,2,1,95,---,---,---,---,2.0,175.0,---,---,1,,,,,,---,---,---,---,---,---,---,---,---,---,---,---,---,---,---,---,---,---,,1,,1,,,1,,,,,Good Advice on the Any Wofan Activities,12.0831167,9.6246283,418.4,4.98,CT-JahCBRGR10,Kungiyar Masu Bukata ta Musamman Badin,Jigawa,Jahun,Female,Production/Processing,Jigawa-WOFAN,0,0,0,0,13125,6563,0,0,175,13125,0,0,0,0,0,0,0,9ec89dff-fd16-4110-bef8-a830cbd0baf5,jah05,26/10/2025 07:12
de3ea0da-d2f1-4f66-94e5-a31c2c5af4a4,de3ea0da-d2f1-4f66-94e5-a31c2c5af4a4,2025-10-01,,,1,,,faro 44,2025-05-25,1,,,1,,,,,2025-10-25,1,1,10,---,---,---,---,1.0,80.0,---,---,1,,,,,,---,---,---,---,---,---,---,---,---,---,---,---,---,---,---,---,---,---,,1,,1,,,1,,,,,good,11.6804773,8.4339582,527.48,1.05,CT-Gar4GKYF57,Garun Babba Disabled cluster B,Kano,Garum_Mallam,,Production,Kano-WOFAN,0,0,0,0,6000,6000,0,0,80,6000,0,0,0,0,0,0,0,1ec2467d-4b4f-4da3-9885-a48328b4db96,gmm49,26/10/2025 07:12
88058fdf-af5c-48e5-9d07-af1bd5ca8b39,88058fdf-af5c-48e5-9d07-af1bd5ca8b39,2025-10-26,,,1,,,Faro,2025-06-07,1,,,1,,,,,2025-10-16,2,2,12,---,---,---,---,2.0,160.0,---,---,1,,,,,,---,---,---,---,---,---,---,---,---,---,---,---,---,---,---,---,---,---,,1,,1,,,1,,,,,Successfully,9.8780411,9.6752757,556.29,5.0,CT-TafIFXC009,Bar_Bula PWD Women multipurpose cooperatives society,Bauchi,Tafawa_Balewa,,Production/Processing,Bauchi-WOFAN,0,0,0,0,12000,6000,0,0,160,12000,0,0,0,0,0,0,0,e0aa1d3e-0c20-4eff-9867-c7ab2405f2de,taf03,26/10/2025 07:31
067edee0-3a46-43fd-8f2b-6ee63399ffc9,067edee0-3a46-43fd-8f2b-6ee63399ffc9,2025-10-26,,1,,,,White maize,2025-06-03,1,,,1,,,,,2025-09-02,2,2,12,---,---,2.0,200.0,---,---,---,---,1,,,,,,---,---,---,---,---,---,---,---,---,---,---,---,---,---,---,---,---,---,1,,,1,,,1,,,,,Successfully,9.8780891,9.675361,612.4,4.94,CT-TafFPPYO09,Bununu Fada PWD Women multipurpose cooperatives society,Bauchi,Tafawa_Balewa,,Production/Processing,Bauchi-WOFAN,0,0,20000,10000,0,0,0,0,200,20000,0,0,0,0,0,0,0,85280fa0-b465-4a9f-b898-d52b80af6f15,taf03,26/10/2025 07:31
9375d227-4267-4f30-b4c2-90815ed05ae4,9375d227-4267-4f30-b4c2-90815ed05ae4,2025-10-26,,,1,,,Rice 🌾,2025-06-17,1,,,1,,,,,2025-10-26,2,2,75,---,---,---,---,2.0,75.0,---,---,,,,1,,,---,---,75.0,---,,,,,,,,,,,,,1,,1,,,1,,,1,,,,,good,11.6344833,8.4961817,505.5,2.2,CT-GarSC7TP52,Bakin kasuwa Masu Fura da Nono Nagge diyem cooperative society Limited,Kano,Garum_Mallam,,Production/Processing,Kano-WOFAN,0,0,0,0,5625,2813,0,0,75,5625,0,0,5625,0,75,5625,0,8a9199cc-d2fd-44cd-830f-97d3bdbdaf90,bun03,26/10/2025 08:11
b4ffa940-bfaa-4d51-b46e-6af09732bafd,b4ffa940-bfaa-4d51-b46e-6af09732bafd,2025-10-26,,,1,,,Rice,2025-06-19,1,,,1,,,,,2025-06-26,2,2,75,---,---,---,---,2.0,75.0,---,---,1,,,,,,---,---,---,---,---,---,---,---,---,---,---,---,---,---,---,---,---,---,1,,,1,,,1,,,,,good 👍,11.6338333,8.4965533,512.5,2.6,CT-Gar4QOLD56,Barnawa cluster A,Kano,Garum_Mallam,Female,Production/Processing,Kano-WOFAN,0,0,0,0,5625,2813,0,0,75,5625,0,0,0,0,0,0,0,d785f21d-bb5e-4d96-9b05-3ed0d9cbbf1f,bun03,26/10/2025 08:11
f9fe6e1e-6bec-4862-8273-e41225bae8f7,f9fe6e1e-6bec-4862-8273-e41225bae8f7,2025-10-26,,,1,,,Rice,2025-06-20,1,,,1,,,,,2025-09-26,2,2,75,---,---,---,---,2.0,75.0,---,---,1,,,,,,---,---,---,---,---,---,---,---,---,---,---,---,---,---,---,---,---,---,1,,,1,,,1,,,,,very good,11.63384,8.4965734,511.1,3.96,CT-GarBQSFX10,BARNAWA CLUSTER A,Kano,Garum_Mallam,Female,Production/Processing,Kano-WOFAN,0,0,0,0,5625,2813,0,0,75,5625,0,0,0,0,0,0,0,e210dfc5-c75d-47f8-942a-fb0c61c2347d,bun03,26/10/2025 08:11
499e0af3-64a1-41b8-8d3e-e0f800b795f4,499e0af3-64a1-41b8-8d3e-e0f800b795f4,2025-10-26,,,1,,,Rice,2025-06-26,1,,,1,,,,,2025-09-26,2,2,75,---,---,---,---,2.0,75.0,---,---,,,,1,,,---,---,45.0,---,,,,,,,,,,,,1,,,1,,,1,,,1,,,,,very nice,11.6338567,8.4966183,511.5,4.4,CT-Gar5587N48,Dawakin kudu matan tasa Masu sana'a Cooperative Society Limited,Kano,Garum_Mallam,,Production/Processing,Kano-WOFAN,0,0,0,0,5625,2813,0,0,75,5625,0,0,3375,0,45,3375,0,6d16f8e1-c300-49a0-b21e-2a6820ab40b5,bun03,26/10/2025 08:11
5d822733-aa00-4e5f-bf94-8044fe93c4fa,5d822733-aa00-4e5f-bf94-8044fe93c4fa,2025-07-26,,,1,,,Rice,2025-06-26,1,,,1,,,,,2025-06-26,2,2,75,---,---,---,---,2.0,75.0,---,---,1,,,,,,---,---,---,---,---,---,---,---,---,---,---,---,---,---,---,---,---,---,1,,,1,,,1,,,,,good,11.6333417,8.4965683,511.1,5.0,CT-Gar7PLZM13,"DOGARO DA KAI SHINE LAYE
MAKE YOUR OWN",Kano,Garum_Mallam,Male,Production,Kano-WOFAN,0,0,0,0,5625,2813,0,0,75,5625,0,0,0,0,0,0,0,393268b0-44bd-4783-9b68-ba541687fc0b,bun03,26/10/2025 08:11
96b82762-8b88-4dbe-8af7-04375faf6aa1,96b82762-8b88-4dbe-8af7-04375faf6aa1,2025-10-26,,,1,,,Rice,2025-06-26,1,,,1,,,,,2025-10-26,2,2,75,---,---,---,---,2.0,75.0,---,---,1,,,,,,---,---,---,---,---,---,---,---,---,---,---,---,---,---,---,---,---,---,1,,,1,,,1,,,,,very excellent,11.6339676,8.4964389,510.2,4.05,CT-GarBGTJN42,fakurum manoma co,Kano,Garum_Mallam,,Production,Kano-WOFAN,0,0,0,0,5625,2813,0,0,75,5625,0,0,0,0,0,0,0,151fc582-def6-4836-ab74-2cf9311967a7,bun03,26/10/2025 08:11
458e69e4-f56e-4158-a382-bc8e755adc49,458e69e4-f56e-4158-a382-bc8e755adc49,2025-08-26,,,1,,,Rice,2025-06-26,1,,,1,,,,,2025-10-26,2,2,75,---,---,---,---,2.0,75.0,---,---,1,,,,,,---,---,---,---,---,---,---,---,---,---,---,---,---,---,---,---,---,---,1,,,1,,,1,,,,,good,11.633935,8.4965083,510.3,3.1,CT-GarBGTJN42,fakurum manoma co,Kano,Garum_Mallam,,Production,Kano-WOFAN,0,0,0,0,5625,2813,0,0,75,5625,0,0,0,0,0,0,0,151fc582-def6-4836-ab74-2cf9311967a7,bun03,26/10/2025 08:11
6ae21e71-083f-4edf-9653-f4c9120b2ca7,6ae21e71-083f-4edf-9653-f4c9120b2ca7,2025-08-26,,,1,,,Rice,2025-06-26,1,,,1,,,,,2025-10-26,2,2,75,---,---,---,---,2.0,75.0,---,---,1,,,,,,---,---,---,---,---,---,---,---,---,---,---,---,---,---,---,---,---,---,1,,,1,,,1,,,,,good nice,11.6338933,8.4964833,510.2,4.4,CT-GarABFWP18,Garun Mallam Disable Cluster A,Kano,Garum_Mallam,,Production,Kano-WOFAN,0,0,0,0,5625,2813,0,0,75,5625,0,0,0,0,0,0,0,4410b621-2686-4075-8d4a-3b475da97622,bun03,26/10/2025 08:11
6da75852-4d1b-4484-8d23-55eb3fd893f8,6da75852-4d1b-4484-8d23-55eb3fd893f8,2025-10-26,,,1,,,2,2025-06-26,1,,,1,,,,,2025-10-26,2,2,75,---,---,---,---,2.0,75.0,---,---,,,,1,,,---,---,45.0,---,,,,,,,,,,,1,,,,1,,,1,,,1,,,,,good nice,11.63395,8.4964317,510.4,2.5,CT-GarBXYGR19,Garun Mallam Disable Cluster B,Kano,Garum_Mallam,,Production,Kano-WOFAN,0,0,0,0,5625,2813,0,0,75,5625,0,0,3375,0,45,3375,0,10f80879-dd67-463b-ad69-f3a9316640b5,bun03,26/10/2025 08:11
5b7c7a27-4eea-4885-9224-0eb61e907e59,5b7c7a27-4eea-4885-9224-0eb61e907e59,2025-08-26,,,1,,,Rice,2025-06-26,1,,,1,,,,,2025-10-26,2,2,75,---,---,---,---,2.0,45.0,---,---,1,,,,,,---,---,---,---,---,---,---,---,---,---,---,---,---,---,---,---,---,---,1,,,1,,,1,,,,,very nice,11.6339667,8.496485,510.8,2.9,CT-GarPIS0T46,gidan tuluna disable,Kano,Garum_Mallam,,Production,Kano-WOFAN,0,0,0,0,3375,1688,0,0,45,3375,0,0,0,0,0,0,0,6ff109c2-f7a3-4856-9fe8-c9b44356ee7c,bun03,26/10/2025 08:11
3f52c707-ff97-4264-9bfe-74a83cccc0da,3f52c707-ff97-4264-9bfe-74a83cccc0da,2025-10-26,,,1,,,Rice,2025-06-26,1,,,1,,,,,2025-10-26,2,2,75,---,---,---,---,2.0,75.0,---,---,1,,,,,,---,---,---,---,---,---,---,---,---,---,---,---,---,---,---,---,---,---,1,,,1,,,1,,,,,good,11.63396,8.4964567,509.2,2.4,CT-GarFQD9H33,INVESTMENT AND PRODUCTION FOOD 🥑🥝 AVAILABLE,Kano,Garum_Mallam,Female,Production/Processing,Kano-WOFAN,0,0,0,0,5625,2813,0,0,75,5625,0,0,0,0,0,0,0,7bc2b7f0-f9a1-4d5f-81a3-cd7d090d471b,bun03,26/10/2025 08:11
ee780045-513e-428e-af37-82a77aeae0c2,ee780045-513e-428e-af37-82a77aeae0c2,2025-10-26,,,1,,,Rice,2025-06-26,1,,,1,,,,,2025-10-26,2,2,75,---,---,---,---,1.5,75.0,---,---,1,,,,,,---,---,---,---,---,---,---,---,---,---,---,---,---,---,---,---,---,---,1,,,1,,,1,,,,,good,11.63393,8.4963683,509.3,4.7,CT-GarUX67D29,Isa wali emporworment,Kano,Garum_Mallam,,Production,Kano-WOFAN,0,0,0,0,5625,3750,0,0,75,5625,0,0,0,0,0,0,0,5b37c4ad-93ac-4f45-91eb-4d8634e16fc6,bun03,26/10/2025 08:11
46bac723-09d8-4792-8e77-a6a5437af5fa,46bac723-09d8-4792-8e77-a6a5437af5fa,2025-09-26,,,1,,,Rice,2025-06-29,1,,,1,,,,,2025-10-26,2,2,75,---,---,---,---,1.5,75.0,---,---,1,,,,,,---,---,---,---,---,---,---,---,---,---,---,---,---,---,---,---,---,---,1,,,1,,,1,,,,,good,11.6340617,8.4964833,509.4,2.2,CT-Gar2FBHU45,Kadawa mini marketers cluster,Kano,Garum_Mallam,Both,Production/Processing,Kano-WOFAN,0,0,0,0,5625,3750,0,0,75,5625,0,0,0,0,0,0,0,19979353-e92d-4169-b5a8-c3f143a53db4,bun03,26/10/2025 08:11
2511f051-051b-485b-a76c-527ccfe45feb,2511f051-051b-485b-a76c-527ccfe45feb,2025-10-26,,1,,,,maize 🌽,2025-06-26,1,,,1,,,,,2025-10-26,2,2,75,---,---,2.0,75.0,---,---,---,---,1,,,,,,---,---,---,---,---,---,---,---,---,---,---,---,---,---,---,---,---,---,1,,,1,,,1,,,,,good,11.6340483,8.496525,509.7,4.09,CT-GarI9MZI45,Kofar Arewa Yan cin cin Association Limited,Kano,Garum_Mallam,,Production/Processing,Kano-WOFAN,0,0,7500,3750,0,0,0,0,75,7500,0,0,0,0,0,0,0,f8c63b8b-eb6f-4aab-b7e8-4cb41f7bb313,bun03,26/10/2025 08:12
ea02c704-ca52-4a07-a014-8e51c6b12e77,ea02c704-ca52-4a07-a014-8e51c6b12e77,2025-09-25,,,1,,,maize 🌽,2025-06-26,1,,,1,,,,,2025-10-26,2,2,75,---,---,---,---,2.0,75.0,---,---,1,,,,,,---,---,---,---,---,---,---,---,---,---,---,---,---,---,---,---,---,---,1,,,1,,,1,,,,,good 👍,11.634145,8.49643,508.8,3.55,CT-Gar09VZD26,kofar gabas mudawa dis able,Kano,Garum_Mallam,,Production,Kano-WOFAN,0,0,0,0,5625,2813,0,0,75,5625,0,0,0,0,0,0,0,af2c2785-29bd-436a-9214-f123b1ec4e99,bun03,26/10/2025 08:12
e72a0d2b-c208-4611-bbc4-57c7ed82bc36,e72a0d2b-c208-4611-bbc4-57c7ed82bc36,2025-10-26,,,1,,,Rice,2025-06-26,1,,,1,,,,,2025-10-26,2,2,2,---,---,---,---,2.0,75.0,---,---,1,,,,,,---,---,---,---,---,---,---,---,---,---,---,---,---,---,---,---,---,---,1,,,1,,,1,,,,,very good,11.6341367,8.4963967,508.6,3.9,CT-Gar7T1YJ42,Kofar Gabas Yan soye soye Multi-purpose Cooperative Society Limited,Kano,Garum_Mallam,,Production/Processing,Kano-WOFAN,0,0,0,0,5625,2813,0,0,75,5625,0,0,0,0,0,0,0,c9e77f64-8117-4d0c-b02b-4ba6a6c85bd1,bun03,26/10/2025 08:12
6fb74aaa-cfba-4062-a2c2-b55e8f791e66,6fb74aaa-cfba-4062-a2c2-b55e8f791e66,2025-10-26,,,1,,,rice,2025-06-26,1,,,1,,,,,2025-11-25,2,2,75,---,---,---,---,2.0,75.0,---,---,1,,,,,,---,---,---,---,---,---,---,---,---,---,---,---,---,---,---,---,---,---,1,,,1,,,1,,,,,very nice,11.6341117,8.4964567,508.2,2.7,CT-GarNKR1Q33,Kofar Kudu Dogaro Da kai Development Association Limited,Kano,Garum_Mallam,,Production/Processing,Kano-WOFAN,0,0,0,0,5625,2813,0,0,75,5625,0,0,0,0,0,0,0,4e8b86b7-c693-4e18-8bfe-fd772eaf0294,bun03,26/10/2025 08:12
d4aafa3f-b288-43c9-a5ba-ac6c361fc127,d4aafa3f-b288-43c9-a5ba-ac6c361fc127,2025-10-26,,,1,,,Rice,2025-06-26,1,,,1,,,,,2025-10-26,2,2,75,---,---,---,---,2.0,75.0,---,---,1,,,,,,---,---,---,---,---,---,---,---,---,---,---,---,---,---,---,---,---,---,1,,,1,,,1,,,,,very good,11.6343283,8.4962683,508.1,2.7,CT-GarDZDXU59,Kofar Kudu Fresh Restaurant food cooperative Society Limited,Kano,Garum_Mallam,,Production/Processing,Kano-WOFAN,0,0,0,0,5625,2813,0,0,75,5625,0,0,0,0,0,0,0,bb0ca54c-9a91-4feb-83f7-9fd6ff6b91fa,bun03,26/10/2025 08:12
c0d83356-748e-4d5e-9d1e-ec7715c0e794,c0d83356-748e-4d5e-9d1e-ec7715c0e794,2025-10-26,,,1,,,faro44,2025-07-15,1,,,1,,,,,2025-10-26,2,2,5,---,---,---,---,2.0,140.0,---,---,1,,,,,,---,---,---,---,---,---,---,---,---,---,---,---,---,---,---,---,---,---,,1,,1,,,1,,,,,Goodluck,11.646705,8.443595,495.8,2.29,CT-GarQ4MH207,ALHERI FOODS ASSOCIATION,Kano,Garum_Mallam,,Production/Processing,Kano-WOFAN,0,0,0,0,10500,5250,0,0,140,10500,0,0,0,0,0,0,0,bf982f39-81fa-4c84-b8a7-547ba517c79d,gmm14,26/10/2025 08:16
ec6b1114-36bc-45e1-9209-287c58800618,ec6b1114-36bc-45e1-9209-287c58800618,2025-10-18,,,1,,,faro44,2025-07-23,1,,,1,,,,,2025-10-26,2,2,5,---,---,---,---,2.0,145.0,---,---,1,,,,,,---,---,---,---,---,---,---,---,---,---,---,---,---,---,---,---,---,---,,1,,,1,,1,,,,,best of luck,11.6468217,8.4435017,496.7,2.29,CT-GarMDQFV51,BARNAWA WOMEN PROCESSORS alAND MARKETING,Kano,Garum_Mallam,,Production/Processing,Kano-WOFAN,0,0,0,0,10875,5438,0,0,145,10875,0,0,0,0,0,0,0,0c749fc7-25c8-434b-a86e-809dd5dfc3dd,gmm14,26/10/2025 08:19
21f5c1cb-4b5c-4172-bbef-67e4f1dc92c7,21f5c1cb-4b5c-4172-bbef-67e4f1dc92c7,2025-10-25,,,1,,,Faro 64,2025-06-24,1,,,1,,,,,2025-10-25,2,2,14,---,---,---,---,2.0,195.0,---,---,1,,,,,,---,---,---,---,---,---,---,---,---,---,---,---,---,---,---,---,---,---,,1,,1,,,1,,,,,Good harvesting with yield,12.1621197,9.3531653,404.22,0.47,CT-JahO751I04,Gunka PWD WOFAN Cooperative Society,Jigawa,Jahun,Both,Production/Processing,Jigawa-WOFAN,0,0,0,0,14625,7313,0,0,195,14625,0,0,0,0,0,0,0,c5555435-77e1-4d77-bbea-911a2747c12e,jah75,26/10/2025 08:19
17669993-5857-41c3-90ad-24cc62d3b708,17669993-5857-41c3-90ad-24cc62d3b708,2025-10-25,,,1,,,Faro44,2025-07-26,1,,,1,,,,,2025-10-25,2,2,5,---,---,---,---,2.0,170.0,---,---,1,,,,,,---,---,---,---,---,---,---,---,---,---,---,---,---,---,---,---,---,---,1,,,1,,,1,,,,,good,11.6467133,8.443555,495.8,2.1,CT-GarP4IP515,DAKASOYE FUNKASO AMANA,Kano,Garum_Mallam,Female,Production/Processing,Kano-WOFAN,0,0,0,0,12750,6375,0,0,170,12750,0,0,0,0,0,0,0,e8dd3018-0347-425c-ac80-63ac5e16787c,gmm14,26/10/2025 08:22
b0758ec5-635b-4ddb-8b78-75c6b684d2c4,b0758ec5-635b-4ddb-8b78-75c6b684d2c4,2025-10-23,,1,,,,maize,2025-07-14,1,,,1,,,,,2025-10-21,2,120,95,---,---,2.0,120.0,---,---,---,---,1,,,,,,---,---,---,---,---,---,---,---,---,---,---,---,---,---,---,---,---,---,,1,,1,,,1,,,,,good,12.0473046,9.4228861,447.89,2.06,CT-JahNHNOE28,Aujara bakin asibiti makafi,Jigawa,Jahun,Both,Production/Processing,Jigawa-WOFAN,0,0,12000,6000,0,0,0,0,120,12000,0,0,0,0,0,0,0,b3266170-0118-44ec-82aa-664567a725c3,jah14,26/10/2025 08:23
b922bee4-ffe5-412c-918d-af4ab4b9f92b,b922bee4-ffe5-412c-918d-af4ab4b9f92b,2025-10-24,,1,1,,,maize and Rice,2025-07-14,1,,,1,,,,,2025-10-24,4,240,95,---,---,2.0,120.0,2.0,120.0,---,---,1,,,,,,---,---,---,---,---,---,---,---,---,---,---,---,---,---,---,---,---,---,,1,,1,,,1,,,,,good,12.0473089,9.4228845,447.53,4.58,CT-JahNHNOE28,Aujara bakin asibiti makafi,Jigawa,Jahun,Both,Production/Processing,Jigawa-WOFAN,0,0,12000,6000,9000,4500,0,0,240,21000,0,0,0,0,0,0,0,b3266170-0118-44ec-82aa-664567a725c3,jah14,26/10/2025 08:23
d6df5d8d-bef4-482f-96a0-ee746c042077,d6df5d8d-bef4-482f-96a0-ee746c042077,2025-10-22,,1,,,,maize,2025-07-14,1,,,1,,,,,2025-10-24,2,120,95,---,---,2.0,120.0,---,---,---,---,1,,,,,,---,---,---,---,---,---,---,---,---,---,---,---,---,---,---,---,---,---,,1,,1,,,1,,,,,good,12.0473076,9.4228904,447.68,2.21,CT-JahYHDZZ59,Aujara cikin gari makafi,Jigawa,Jahun,Both,Production/Processing,Jigawa-WOFAN,0,0,12000,6000,0,0,0,0,120,12000,0,0,0,0,0,0,0,be52af3c-50ce-4e33-a2e5-d9637819ca77,jah14,26/10/2025 08:23
a55c0d2d-f73b-407e-99d8-8bc0166efa37,a55c0d2d-f73b-407e-99d8-8bc0166efa37,2025-10-26,,1,1,,,maize and Rice,2025-07-15,1,,,1,,,,,2025-10-26,4,240,95,---,---,2.0,120.0,2.0,120.0,---,---,1,,,,,,---,---,---,---,---,---,---,---,---,---,---,---,---,---,---,---,---,---,,1,,1,,,1,,,,,good,12.0473172,9.4228888,447.03,4.28,CT-JahYHDZZ59,Aujara cikin gari makafi,Jigawa,Jahun,Both,Production/Processing,Jigawa-WOFAN,0,0,12000,6000,9000,4500,0,0,240,21000,0,0,0,0,0,0,0,be52af3c-50ce-4e33-a2e5-d9637819ca77,jah14,26/10/2025 08:23
59ec9596-bf41-49d5-9a4f-715a352a1b2a,59ec9596-bf41-49d5-9a4f-715a352a1b2a,2025-10-25,,,1,,,faro,2025-06-01,1,,,1,,,,,2025-09-27,2,2,12,---,---,---,---,2.0,160.0,---,---,1,,,,,,---,---,---,---,---,---,---,---,---,---,---,---,---,---,---,---,---,---,,1,,1,,,1,,,,,good,10.2761383,9.8084117,615.29,1.8,CT-Bau8I29306,Qilbatul Huda ophans And less privileged women Multipurpose cooperative Society limited,Bauchi,Bauchi,,Production/Processing,Bauchi-WOFAN,0,0,0,0,12000,6000,0,0,160,12000,0,0,0,0,0,0,0,586b093b-80fc-4f8b-9787-aadb0490aa46,bau14,26/10/2025 08:24
bbe9a69f-64df-4b9e-ab9c-32495d6d59e2,bbe9a69f-64df-4b9e-ab9c-32495d6d59e2,2025-10-25,,,1,,,Faro,2025-06-01,1,,,1,,,,,2025-09-27,2,2,12,---,---,---,---,2.0,160.0,---,---,1,,,,,,---,---,---,---,---,---,---,---,---,---,---,---,---,---,---,---,---,---,1,,,1,,,1,,,,,good,10.276065,9.80846,615.0,3.2,CT-BauSYXC810,Special Education Center Women With Disabilities Multipurpose Cooperative Society limited,Bauchi,Bauchi,,Production/Processing,Bauchi-WOFAN,0,0,0,0,12000,6000,0,0,160,12000,0,0,0,0,0,0,0,45e034d4-cf82-404c-ac87-a12f1f7a9fe2,bau14,26/10/2025 08:24
fd3d1432-2a81-40f1-a5a7-839b8de1e5c2,fd3d1432-2a81-40f1-a5a7-839b8de1e5c2,2025-10-26,,,1,,,faro 64,2025-07-14,1,,,1,,,,,2025-10-26,2,120,6,---,---,---,---,2.0,120.0,---,---,1,,,,,,---,---,---,---,---,---,---,---,---,---,---,---,---,---,---,---,---,---,,1,,1,,,1,,,,,good,12.047554,9.422773,392.66,2.85,CT-Jah240CR10,Aujara kungiyar makafi,Jigawa,Jahun,Both,Production/Processing,Jigawa-WOFAN,0,0,0,0,9000,4500,0,0,120,9000,0,0,0,0,0,0,0,770736ab-37da-4dd3-90c1-4c152f77e05a,jah14,26/10/2025 08:24
b01118d4-509b-4638-9b2e-a9624df98b16,b01118d4-509b-4638-9b2e-a9624df98b16,2025-10-26,,1,,,,maize,2025-07-15,1,,,1,,,,,2025-10-26,2,120,95,---,---,2.0,120.0,---,---,---,---,1,,,,,,---,---,---,---,---,---,---,---,---,---,---,---,---,---,---,---,---,---,,1,,1,,,1,,,,,good,12.0475452,9.4227723,392.55,2.2,CT-Jah240CR10,Aujara kungiyar makafi,Jigawa,Jahun,Both,Production/Processing,Jigawa-WOFAN,0,0,12000,6000,0,0,0,0,120,12000,0,0,0,0,0,0,0,770736ab-37da-4dd3-90c1-4c152f77e05a,jah14,26/10/2025 08:24
f595c518-2411-44ee-9cc2-4746c5eefda2,f595c518-2411-44ee-9cc2-4746c5eefda2,2025-10-26,,1,1,,,faro 64 maize,2025-07-14,1,,,1,,,,,2025-10-26,4,240,95,---,---,2.0,120.0,2.0,120.0,---,---,1,,,,,,---,---,---,---,---,---,---,---,---,---,---,---,---,---,---,---,---,---,,1,,1,,,1,,,,,good,12.0475431,9.4227779,392.96,4.44,CT-Jah240CR10,Aujara kungiyar makafi,Jigawa,Jahun,Both,Production/Processing,Jigawa-WOFAN,0,0,12000,6000,9000,4500,0,0,240,21000,0,0,0,0,0,0,0,770736ab-37da-4dd3-90c1-4c152f77e05a,jah14,26/10/2025 08:24
705f5280-e029-498c-89f4-9252edd2d6a6,705f5280-e029-498c-89f4-9252edd2d6a6,2025-10-26,,1,1,,,faro 64 and maize,2025-07-14,1,,,1,,,,,2025-10-26,4,240,95,---,---,2.0,120.0,2.0,120.0,---,---,1,,,,,,---,---,---,---,---,---,---,---,---,---,---,---,---,---,---,---,---,---,,1,,1,,,1,,,,,good,12.0475433,9.422778,393.21,4.68,CT-Jah240CR10,Aujara kungiyar makafi,Jigawa,Jahun,Both,Production/Processing,Jigawa-WOFAN,0,0,12000,6000,9000,4500,0,0,240,21000,0,0,0,0,0,0,0,770736ab-37da-4dd3-90c1-4c152f77e05a,jah14,26/10/2025 08:24
c3ea6c12-1ae1-48ab-a282-02b1ee2fa663,c3ea6c12-1ae1-48ab-a282-02b1ee2fa663,2025-10-25,,1,,,,faro 64,2025-07-14,1,,,1,,,,,2025-10-26,2,120,95,---,---,2.0,120.0,---,---,---,---,1,,,,,,---,---,---,---,---,---,---,---,---,---,---,---,---,---,---,---,---,---,,1,,1,,,1,,,,,good,12.0475647,9.4227292,387.97,2.45,CT-JahPCX6L28,Asibiti Kungiyar Masu Bukata tamusamman,Jigawa,Jahun,Both,Production/Processing,Jigawa-WOFAN,0,0,12000,6000,0,0,0,0,120,12000,0,0,0,0,0,0,0,6e474a50-0881-4f95-9bdb-abacf493de60,jah14,26/10/2025 08:24
8a5f643c-ec17-4961-8830-9dc2800b9927,8a5f643c-ec17-4961-8830-9dc2800b9927,2025-10-26,,1,,,,maize,2025-07-14,1,,,1,,,,,2025-10-26,2,120,95,---,---,2.0,120.0,---,---,---,---,1,,,,,,---,---,---,---,---,---,---,---,---,---,---,---,---,---,---,---,---,---,,1,,1,,,1,,,,,good,12.0475633,9.4227278,388.71,3.08,CT-JahPCX6L28,Asibiti Kungiyar Masu Bukata tamusamman,Jigawa,Jahun,Both,Production/Processing,Jigawa-WOFAN,0,0,12000,6000,0,0,0,0,120,12000,0,0,0,0,0,0,0,6e474a50-0881-4f95-9bdb-abacf493de60,jah14,26/10/2025 08:24
eaeddf1b-87c3-45f3-b4d5-2773bfc6bd33,eaeddf1b-87c3-45f3-b4d5-2773bfc6bd33,2025-10-26,,1,1,,,maize and Rice,2025-07-14,1,,,1,,,,,2025-10-26,4,240,95,---,---,2.0,120.0,2.0,120.0,---,---,1,,,,,,---,---,---,---,---,---,---,---,---,---,---,---,---,---,---,---,---,---,,1,,1,,,1,,,,,good,12.0475595,9.4227311,389.21,3.07,CT-JahPCX6L28,Asibiti Kungiyar Masu Bukata tamusamman,Jigawa,Jahun,Both,Production/Processing,Jigawa-WOFAN,0,0,12000,6000,9000,4500,0,0,240,21000,0,0,0,0,0,0,0,6e474a50-0881-4f95-9bdb-abacf493de60,jah14,26/10/2025 08:24
d775fb30-2f42-4a1b-bbf6-492c0eccad78,d775fb30-2f42-4a1b-bbf6-492c0eccad78,2025-10-26,,1,1,,,Rice and maize,2025-07-14,1,,,1,,,,,2025-10-26,4,240,95,---,---,2.0,120.0,2.0,120.0,---,---,1,,,,,,---,---,---,---,---,---,---,---,---,---,---,---,---,---,---,---,---,---,,1,,1,,,1,,,,,good,12.0475604,9.4227315,389.93,3.29,CT-JahPCX6L28,Asibiti Kungiyar Masu Bukata tamusamman,Jigawa,Jahun,Both,Production/Processing,Jigawa-WOFAN,0,0,12000,6000,9000,4500,0,0,240,21000,0,0,0,0,0,0,0,6e474a50-0881-4f95-9bdb-abacf493de60,jah14,26/10/2025 08:24
2ae66efa-4894-440f-957b-43b9cf55b2ee,2ae66efa-4894-440f-957b-43b9cf55b2ee,2025-10-26,,,1,,,faro 64,2025-06-17,1,,,1,,,,,2025-10-26,2,2,14,---,---,---,---,2.0,198.0,---,---,1,,,,,,---,---,---,---,---,---,---,---,---,---,---,---,---,---,---,---,---,---,,1,,1,,,1,,,,,"Good use of modern way Agricultural practice, as well as good use EW'S Advise",12.1621095,9.3531763,402.65,0.55,CT-Jah8VCSL44,Disable Organization Hayin Tara Gabas,Jigawa,Jahun,Both,Production/Processing,Jigawa-WOFAN,0,0,0,0,14850,7425,0,0,198,14850,0,0,0,0,0,0,0,fd5d3fa8-6f07-4077-91a2-39028cde8dd8,jah75,26/10/2025 08:24
315d8497-7561-44fa-86f9-3629f35445f9,315d8497-7561-44fa-86f9-3629f35445f9,2025-10-26,,,1,,,faro44,2025-07-08,1,,,1,,,,,2025-10-24,2,2,0,---,---,---,---,2.0,175.0,---,---,1,,,,,,---,---,---,---,---,---,---,---,---,---,---,---,---,---,---,---,---,---,1,,,1,,,1,,,,,good,11.6467582,8.4436699,492.3,3.9,CT-GarZUV4H47,Makwaro masu kananan sanaoi yan awara business and micro markatars,Kano,Garum_Mallam,Female,Production/Processing,Kano-WOFAN,0,0,0,0,13125,6563,0,0,175,13125,0,0,0,0,0,0,0,bef5f728-4a5b-4809-a30d-5ee8b071889a,gmm14,26/10/2025 08:30
0dddad9c-a238-4645-87ce-fcd49816dd1a,0dddad9c-a238-4645-87ce-fcd49816dd1a,2025-10-26,,,1,,,faro44,2025-06-26,1,,,1,,,,,2025-10-22,2,2,1,---,---,---,---,2.0,180.0,---,---,1,,,,,,---,---,---,---,---,---,---,---,---,---,---,---,---,---,---,---,---,---,1,,,1,,,1,,,,,good,11.6467583,8.4436067,492.4,3.5,CT-GarIZEAH38,DUMAJI FUNKASO AMANA B,Kano,Garum_Mallam,Female,Production/Processing,Kano-WOFAN,0,0,0,0,13500,6750,0,0,180,13500,0,0,0,0,0,0,0,8d78e61a-94b7-470e-82d8-7ecfc8d9aa6c,gmm14,26/10/2025 08:31
f1c1cfdc-eafd-40a8-a08a-576e5f7d29bb,f1c1cfdc-eafd-40a8-a08a-576e5f7d29bb,2025-10-26,,,1,,,faro44,2025-07-08,1,,,1,,,,,2025-10-21,2,2,1,---,---,---,---,2.0,185.0,---,---,1,,,,,,---,---,---,---,---,---,---,---,---,---,---,---,---,---,---,---,---,---,1,,,1,,,1,,,,,good,11.6467217,8.4435167,492.9,2.9,CT-Gar40A3026,Fankurum yan awara markaters and sallers,Kano,Garum_Mallam,Female,Production/Processing,Kano-WOFAN,0,0,0,0,13875,6938,0,0,185,13875,0,0,0,0,0,0,0,05c6a7c9-1114-462b-a564-97c4dc52ebc6,gmm14,26/10/2025 08:40
85c0df99-b6cb-490c-915c-b98c4fb39f6b,85c0df99-b6cb-490c-915c-b98c4fb39f6b,2025-10-26,,,1,,,faro44,2025-06-28,1,,,1,,,,,2025-10-18,2,2,2,---,---,---,---,2.0,169.0,---,---,1,,,,,,---,---,---,---,---,---,---,---,---,---,---,---,---,---,---,---,---,---,1,,,1,,,1,,,,,good,11.6467633,8.44355,493.8,4.59,CT-GarSX12S38,Garum mallam kungiyar yan kosai,Kano,Garum_Mallam,Female,Production/Processing,Kano-WOFAN,0,0,0,0,12675,6338,0,0,169,12675,0,0,0,0,0,0,0,020ddaf3-d587-4ab5-baf1-9ee82e171cf2,gmm14,26/10/2025 08:42
6065cc09-fb0c-4624-bff7-7cd8dbf7abc9,6065cc09-fb0c-4624-bff7-7cd8dbf7abc9,2025-10-26,,,1,,,faro,2025-06-09,1,,,1,,,,,2025-05-26,2,2,12,---,---,---,---,2.0,160.0,---,---,1,,,,,,---,---,---,---,---,---,---,---,---,---,---,---,---,---,---,---,---,---,,1,,1,,,1,,,,,Good,10.3112024,11.1616004,466.2,4.76,CT-GomU4UWD43,Cripple Gombe LGA Multi-purpose Cooperative Society Limited,Gombe,Gombe,,Production,Gombe-WOFAN,0,0,0,0,12000,6000,0,0,160,12000,0,0,0,0,0,0,0,f6bd329b-c801-45f8-8fa4-92b85482c59f,gom25,26/10/2025 09:18
0d94ac5a-a4ec-481b-9878-20355588cfc1,0d94ac5a-a4ec-481b-9878-20355588cfc1,2025-10-24,,,1,,,Faro64,2025-10-26,1,,,1,,,,,2025-10-25,2,2,95,---,---,---,---,2.0,160.0,---,---,,,,1,,,---,---,2.0,---,,,,,,,,,,,,,1,,1,,,1,,,1,,,,,good,12.4457382,10.0457269,390.0,6.3,CT-JahSH9ZH38,AUJARA KURMAYE ASS,Jigawa,Jahun,Both,Production/Processing,Jigawa-WOFAN,0,0,0,0,12000,6000,0,0,160,12000,0,0,150,0,2,150,0,3c56195b-759c-41b4-83f1-7ddfdeab9b84,jah27,26/10/2025 09:21
1430c5d5-dd53-4a35-958f-75a8f7fa7398,1430c5d5-dd53-4a35-958f-75a8f7fa7398,2025-10-25,,,1,,,Faro64,2025-06-20,1,,,1,,,,,2025-10-26,2,2,95,---,---,---,---,2.0,160.0,---,---,1,,,,,,---,---,---,---,---,---,---,---,---,---,---,---,---,---,---,---,---,---,,1,,1,,,1,,,,,good,12.4458567,10.0453333,384.5,5.39,CT-JahEOC2K47,MAGAMA MAKAFI ASS,Jigawa,Jahun,Both,Production/Processing,Jigawa-WOFAN,0,0,0,0,12000,6000,0,0,160,12000,0,0,0,0,0,0,0,b8df5137-094a-45be-9ad9-07a347f0fc5e,jah27,26/10/2025 09:21
8e029f9a-dda6-4628-a2f4-d18ee7936a50,8e029f9a-dda6-4628-a2f4-d18ee7936a50,2025-10-25,,,1,,,Faro64,2025-06-20,1,,,1,,,,,2025-10-25,2,2,95,---,---,---,---,2.0,160.0,---,---,1,,,,,,---,---,---,---,---,---,---,---,---,---,---,---,---,---,---,---,---,---,,1,,1,,,1,,,,,good,12.4459984,10.0453199,394.9,9.69,CT-Jah1V54V22,KUNGIYAR MAKAFI KANWA,Jigawa,Jahun,Both,Production/Processing,Jigawa-WOFAN,0,0,0,0,12000,6000,0,0,160,12000,0,0,0,0,0,0,0,cc0ab5dd-bc0f-42f9-bde2-f47bfa35b487,jah27,26/10/2025 09:21
137bc367-3594-4c40-b588-6df00917ca15,137bc367-3594-4c40-b588-6df00917ca15,2025-10-26,,,1,,,faro,2025-06-09,1,,,1,,,,,2025-05-24,2,2,12,---,---,---,---,2.0,160.0,---,---,1,,,,,,---,---,---,---,---,---,---,---,---,---,---,---,---,---,---,---,---,---,,1,,1,,,1,,,,,Good,10.3111231,11.1616973,465.7,4.78,CT-GomHFN9S42,cripple youth association Gombe state,Gombe,Gombe,,Production,Gombe-WOFAN,0,0,0,0,12000,6000,0,0,160,12000,0,0,0,0,0,0,0,5e2999f1-4103-4a84-ac55-40e9646f86ed,gom25,26/10/2025 09:22
17954ace-f686-4a38-b245-813e94079142,17954ace-f686-4a38-b245-813e94079142,2025-10-26,,,1,,,faro,2025-06-07,1,,,1,,,,,2025-05-26,2,2,12,---,---,---,---,2.0,160.0,---,---,1,,,,,,---,---,---,---,---,---,---,---,---,---,---,---,---,---,---,---,---,---,,1,,1,,,1,,,,,Good,10.3112102,11.1616198,465.6,4.58,CT-Gom06NL835,NIGERIA QUINTESSENTIAL BUSINESS WOMEN BEANS COOPERATIVE SOCIETY LIMITED (GURAGU),Gombe,Gombe,,Production,Gombe-WOFAN,0,0,0,0,12000,6000,0,0,160,12000,0,0,0,0,0,0,0,8da24e85-2415-4bb2-8524-5f4946f2e02f,gom25,26/10/2025 09:27
4eae9022-e162-4086-a5e5-f3feadb0c130,4eae9022-e162-4086-a5e5-f3feadb0c130,2025-10-26,,1,,,,faro,2025-05-09,1,,,1,,,,,2025-05-23,2,2,12,---,---,2.0,160.0,---,---,---,---,1,,,,,,---,---,---,---,---,---,---,---,---,---,---,---,---,---,---,---,---,---,,1,,1,,,1,,,,,Good,10.3112073,11.1616672,465.5,4.58,CT-GomSGS9W56,The blind multi-purpose cooperative society limited,Gombe,Gombe,,Production,Gombe-WOFAN,0,0,16000,8000,0,0,0,0,160,16000,0,0,0,0,0,0,0,1dc4b224-acf4-47dc-b812-29df7fcca4c4,gom25,26/10/2025 09:30
3c0108dd-acd3-4267-99ed-2d65975b30f5,3c0108dd-acd3-4267-99ed-2d65975b30f5,2025-10-26,,1,,,,faro,2025-05-23,1,,,1,,,,,2025-05-25,2,2,12,---,---,2.0,160.0,---,---,---,---,1,,,,,,---,---,---,---,---,---,---,---,---,---,---,---,---,---,---,---,---,---,,1,,1,,,1,,,,,good,10.311205,11.16166,465.5,4.8,CT-GomGR4NO09,youth with disability multi-purpose cooperative society limited,Gombe,Gombe,,Production,Gombe-WOFAN,0,0,16000,8000,0,0,0,0,160,16000,0,0,0,0,0,0,0,2291a298-ea2b-4485-a0aa-a4c96a29c0f4,gom25,26/10/2025 09:31
0e3052d5-bc6f-4ca1-b84a-1ad3f9894d9e,0e3052d5-bc6f-4ca1-b84a-1ad3f9894d9e,2025-10-26,,1,,,,faro,2025-05-21,1,,,1,,,,,2025-05-22,2,2,12,---,---,2.0,160.0,---,---,---,---,1,,,,,,---,---,---,---,---,---,---,---,---,---,---,---,---,---,---,---,---,---,,1,,1,,,1,,,,,good,10.3111689,11.1616298,465.7,4.8,CT-GomGR4NO09,youth with disability multi-purpose cooperative society limited,Gombe,Gombe,,Production,Gombe-WOFAN,0,0,16000,8000,0,0,0,0,160,16000,0,0,0,0,0,0,0,2291a298-ea2b-4485-a0aa-a4c96a29c0f4,gom25,26/10/2025 09:33
cb8326dd-6925-4cce-89fd-ef2cb00c6798,cb8326dd-6925-4cce-89fd-ef2cb00c6798,2025-09-23,,,1,,,faro 68,2025-05-20,1,,,1,,,,,2025-10-26,1,1,12,---,---,---,---,1.0,65.0,---,---,,,,1,,,---,---,5.0,---,,1,,,,,,,,,,,,,,1,,1,,,1,,,,,Masha Allah,11.5487567,8.3847583,546.8,4.84,CT-BebOWV7N24,Rantan micro marketers cluster,Kano,Bebeji,Female,Production/Processing,Kano-WOFAN,0,0,0,0,4875,4875,0,0,65,4875,0,0,375,0,5,375,0,4e236add-3775-45c9-bec7-dcb92d01c88c,kir20,26/10/2025 09:33
678ed57c-992a-4acd-9de0-597e1065bc4f,678ed57c-992a-4acd-9de0-597e1065bc4f,2025-09-22,,,1,,,faro 68,2025-05-21,1,,,1,,,,,2025-10-26,1,1,12,---,---,---,---,1.0,60.0,---,---,,,,1,,,---,---,5.0,---,,1,,,,,,,,,,,,,,1,,1,,,1,,,,,da kyau,11.5488033,8.3847583,546.7,4.93,CT-BebGZ6AB16,Kofa micro marketers cluster,Kano,Bebeji,Female,Production/Processing,Kano-WOFAN,0,0,0,0,4500,4500,0,0,60,4500,0,0,375,0,5,375,0,d3cbb4fb-b83b-4086-a023-a8c0a5956a58,kir20,26/10/2025 09:34
7f0428e3-adab-4bf4-9753-77a5e9032412,7f0428e3-adab-4bf4-9753-77a5e9032412,2025-09-22,,,1,,,faro 68,2025-05-23,1,,,1,,,,,2025-10-26,1,1,12,---,---,---,---,1.0,62.0,---,---,1,,,,,,---,---,---,---,---,---,---,---,---,---,---,---,---,---,---,---,---,---,,1,,1,,,1,,,,,na basu shawara,11.5487783,8.3847883,546.5,4.98,CT-KirQJJEW48,Kiru micro markets cluster,Kano,Kiru,Both,Production/Processing,Kano-WOFAN,0,0,0,0,4650,4650,0,0,62,4650,0,0,0,0,0,0,0,6782c0cf-4840-4ac4-a980-0aa4068d6115,kir20,26/10/2025 09:34
cbc94000-3acf-4a5c-ab3a-3af94feca011,cbc94000-3acf-4a5c-ab3a-3af94feca011,2025-09-25,,,1,,,faro 68,2025-05-21,1,,,1,,,,,2025-10-26,1,1,12,---,---,---,---,1.0,65.0,---,---,1,,,,,,---,---,---,---,---,---,---,---,---,---,---,---,---,---,---,---,---,---,,1,,1,,,1,,,,,na basu shawara,11.5488233,8.3848617,546.4,4.98,CT-BebTCRMU09,Gwarmai micro markets cluster 2,Kano,Bebeji,Both,Production/Processing,Kano-WOFAN,0,0,0,0,4875,4875,0,0,65,4875,0,0,0,0,0,0,0,9d9466c0-ed9f-4ff3-a13a-e7d37cbae172,kir20,26/10/2025 09:34
e30c56c5-1511-490a-bf7e-d91f311a38c2,e30c56c5-1511-490a-bf7e-d91f311a38c2,2025-10-26,,,1,,,rice,2025-06-26,1,,,1,,,,,2025-08-26,2,2,75,---,---,---,---,2.0,75.0,---,---,1,,,,,,---,---,---,---,---,---,---,---,---,---,---,---,---,---,---,---,---,---,1,,,1,,,1,,,,,good,11.6343867,8.4961917,489.0,2.7,CT-GarL49N710,Kofar yamma Yan kuli cooperative Society Limited,Kano,Garum_Mallam,,Production/Processing,Kano-WOFAN,0,0,0,0,5625,2813,0,0,75,5625,0,0,0,0,0,0,0,fd21563c-f488-4c35-b3fd-e29f9c6a7729,bun03,26/10/2025 10:02
9bcfde9d-9b40-4b7f-9de6-23e45e5293e0,9bcfde9d-9b40-4b7f-9de6-23e45e5293e0,2025-10-26,,,1,,,rice,2025-06-26,1,,,1,,,,,2025-10-26,2,2,75,---,---,---,---,2.0,75.0,---,---,1,,,,,,---,---,---,---,---,---,---,---,---,---,---,---,---,---,---,---,---,---,1,,,1,,,1,,,,,good,11.63458,8.4962833,500.9,4.2,CT-Gar1CPRM58,MASU NA KAN SU /PROCESS AND PRODUCTION AVAILABLE,Kano,Garum_Mallam,Female,Production/Processing,Kano-WOFAN,0,0,0,0,5625,2813,0,0,75,5625,0,0,0,0,0,0,0,8b5cd543-e607-4118-8af3-1b2fc6732e7c,bun03,26/10/2025 10:02
15dcbabe-41a1-49d7-872c-c224cc3d69ce,15dcbabe-41a1-49d7-872c-c224cc3d69ce,2025-10-26,,,1,,,Faro 64,2025-06-20,1,,,1,,,,,2025-10-25,2,2,95,---,---,---,---,2.0,160.0,---,---,1,,,,,,---,---,---,---,---,---,---,---,---,---,---,---,---,---,---,---,---,---,,1,,1,,,1,,,,,Masha Allah,12.0512404,9.4306726,377.9,4.92,CT-JahUTRV901,JARKUKA DAN GEWAYE PEOPLES WITH DISABILITY GROUP,Jigawa,Jahun,Both,Production/Processing,Jigawa-WOFAN,0,0,0,0,12000,6000,0,0,160,12000,0,0,0,0,0,0,0,4cca1c56-d0d3-4950-ae45-f1ff746f1d73,jah43,26/10/2025 10:12
d541efae-112b-48cc-9694-ab71a4c0a9de,d541efae-112b-48cc-9694-ab71a4c0a9de,2025-10-26,,,1,,,Faro 64,2025-06-20,1,,,1,,,,,2025-10-25,2,2,95,---,---,---,---,2.0,160.0,---,---,1,,,,,,---,---,---,---,---,---,---,---,---,---,---,---,---,---,---,---,---,---,,1,,1,,,1,,,,,masha Allah,12.0512405,9.4306668,374.5,4.88,CT-JahOHQ9P36,JARKUKA DANGEWAYE PEOPLE WITH DISABILITY GROUP,Jigawa,Jahun,Both,Production/Processing,Jigawa-WOFAN,0,0,0,0,12000,6000,0,0,160,12000,0,0,0,0,0,0,0,3bcff570-d6ff-4421-a3a5-c99a5c3a8d33,jah43,26/10/2025 10:16
d62e7e3c-22ba-4be8-ace5-9dbd52adf58a,d62e7e3c-22ba-4be8-ace5-9dbd52adf58a,2025-10-26,,1,,,,maize 🌽,2025-06-26,1,,,1,,,,,2025-09-26,2,2,75,---,---,2.0,75.0,---,---,---,---,1,,,,,,---,---,---,---,---,---,---,---,---,---,---,---,---,---,---,---,---,---,1,,,1,,,1,,,,,good,11.6345484,8.4962777,513.6,2.1,CT-GarEP19O04,MASU oils and food Restaurants,Kano,Garum_Mallam,Female,Production/Processing,Kano-WOFAN,0,0,7500,3750,0,0,0,0,75,7500,0,0,0,0,0,0,0,09d86e70-1df5-4b38-a1b7-649d7e108bd2,bun03,26/10/2025 10:20
0231b237-4f37-405e-85ca-9a45092b905a,0231b237-4f37-405e-85ca-9a45092b905a,2025-10-26,,,1,,,Faro 64,2025-06-20,1,,,1,,,,,2025-10-25,2,2,95,---,---,---,---,2.0,160.0,---,---,1,,,,,,---,---,---,---,---,---,---,---,---,---,---,---,---,---,---,---,---,---,,1,,1,,,1,,,,,masha Allah,12.051255,9.4306724,376.4,4.24,CT-JahHKUDR59,KANWA MALES AND FEMALES PHISICAL WITH DISABILITY GROUP,Jigawa,Jahun,Both,Production/Processing,Jigawa-WOFAN,0,0,0,0,12000,6000,0,0,160,12000,0,0,0,0,0,0,0,e8ee5647-b77d-43fd-bbfc-03a3abe44626,jah43,26/10/2025 10:21
43baa9f1-08cd-4bc7-aa60-88c5e73b8a3c,43baa9f1-08cd-4bc7-aa60-88c5e73b8a3c,2025-10-26,,,1,,,rice,2025-06-26,1,,,1,,,,,2025-10-26,2,2,75,---,---,---,---,2.0,75.0,---,---,1,,,,,,---,---,---,---,---,---,---,---,---,---,---,---,---,---,---,---,---,---,1,,,1,,,1,,,,,good,11.634485,8.4961867,512.9,3.6,CT-GarBGTJN42,fakurum manoma co,Kano,Garum_Mallam,,Production,Kano-WOFAN,0,0,0,0,5625,2813,0,0,75,5625,0,0,0,0,0,0,0,151fc582-def6-4836-ab74-2cf9311967a7,bun03,26/10/2025 10:35
b06d1ac2-440e-4da5-bd01-770b95c3e1fe,b06d1ac2-440e-4da5-bd01-770b95c3e1fe,2025-07-21,,,1,,,Fako,2025-05-17,1,,,1,,,,,2025-10-23,2,9,4,---,---,---,---,2.0,75.0,---,---,,,,1,,,---,---,5.0,---,,,,,,,1,,,,,,,,1,,,1,,,1,,,,,Muna godiya ga Hjy mama ubangiji Allah ya Kara daukaka darajar WOFAN 💪✊,11.5624984,8.3185318,527.74,3.8,CT-Beb3VNXQ00,GWARMAI BA'A MUGUN BAFADE CLUSTER,Kano,Bebeji,,Production/Processing,Kano-WOFAN,0,0,0,0,5625,2813,0,0,75,5625,0,0,375,0,5,375,0,8949c32b-0a9c-4829-8eec-5229f5c32ce7,beb25,26/10/2025 10:40
9e4d562d-bd06-47a4-bfd5-494e59f23f73,9e4d562d-bd06-47a4-bfd5-494e59f23f73,2025-07-24,,1,,,,Jikin gari,2025-05-23,1,,,1,,,,,2025-10-23,2,9,5,---,---,2.0,100.0,---,---,---,---,,,1,,,,---,3.0,---,---,,,,,,,1,,,,,,,,1,,,1,,,1,,,,,Muna godiya ga Hjy mamanmu maganin kukanmu 🥰,11.560209,8.3148403,656.86,1.33,CT-Beb2VD0L03,DANGORA BA NAKASASHSHE CLUSTER,Kano,Bebeji,,Production/Processing,Kano-WOFAN,0,0,10000,5000,0,0,0,0,100,10000,0,300,0,0,3,300,0,8ae94250-ac9a-4573-ba38-e934996b700f,beb25,26/10/2025 10:40
09f0fcac-3158-42dd-97f6-aac7abdae8ef,09f0fcac-3158-42dd-97f6-aac7abdae8ef,2025-08-24,,1,,,,Jejin gabas,2025-05-24,1,,,1,,,,,2025-10-24,2,9,5,---,---,2.0,100.0,---,---,---,---,,,1,,,,---,2.0,---,---,,,,,,,1,,,,,,,,1,,,1,,,1,,,,,Muna godiya ga Hjy Dr Salamatu garba WOFAN 💪✊,11.5593669,8.314827,694.55,2.17,CT-BebC4ZEJ17,KOFAR NAHAYI ALKAIRI YAFI MUGUNTA CLUSTER,Kano,Bebeji,,Production/Processing,Kano-WOFAN,0,0,10000,5000,0,0,0,0,100,10000,0,200,0,0,2,200,0,7c6982b4-808f-431e-9037-4658b4380fde,beb25,26/10/2025 10:40
09cb66b9-e603-439c-b6f1-e725b0653417,09cb66b9-e603-439c-b6f1-e725b0653417,2025-08-19,,1,,,,Albasu,2025-05-26,1,,,1,,,,,2025-10-11,2,9,8,---,---,2.0,100.0,---,---,---,---,,,1,,,,---,4.0,---,---,,,,,,,1,,,,,,,,1,,,1,,,1,,,,,Muna godiya ga Hjy mamanmu maganin kukanmu 🥰,11.5570676,8.3123036,548.89,2.41,CT-BebRB37I50,BEBEJI ALKAIRI YAFI MUGUNTA CLUSTER,Kano,Bebeji,,Production/Processing,Kano-WOFAN,0,0,10000,5000,0,0,0,0,100,10000,0,400,0,0,4,400,0,ee1691b2-b0c6-4ca2-956a-bf7e221411fa,beb25,26/10/2025 10:40
13c5fd4c-3b2f-4dd6-8a3c-9c07bbaa6c28,13c5fd4c-3b2f-4dd6-8a3c-9c07bbaa6c28,2025-10-23,,,1,,,Barugu,2025-07-24,1,,,1,,,,,2025-10-23,2,9,6,---,---,---,---,2.0,75.0,---,---,,,,1,,,---,---,6.0,---,,,,,,,1,,,,,,,,1,,,1,,,1,,,,,Muna godiya ga Hjy Dr Salamatu garba WOFAN 💪✊,11.5549133,8.3094627,587.8,1.34,CT-Kir0DMUN27,KYARANA IKON ALLAH WOMEN FARMERS CLUSTER,Kano,Kiru,,Production/Processing,Kano-WOFAN,0,0,0,0,5625,2813,0,0,75,5625,0,0,450,0,6,450,0,a31ae66d-ce71-4fb3-b29d-30acb41c1926,beb25,26/10/2025 10:40
ea647e31-dd12-4c70-ac92-8cf415a20bbc,ea647e31-dd12-4c70-ac92-8cf415a20bbc,2025-07-18,,,1,,,Zango,2025-05-23,1,,,1,,,,,2025-10-24,2,9,5,---,---,---,---,2.0,75.0,---,---,,,,1,,,---,---,4.0,---,,,,,,,1,,,,,,,,1,,,1,,,1,,,,,Muna godiya ga Hjy Dr Salamatu garba WOFAN ALKAIRI CE ✊💪,11.5535362,8.307143,861.91,1.33,CT-BebM0GQL39,DURMAWA TSAYA DA KAFARKA WOMEN FARMERS CLUSTER,Kano,Bebeji,,Production/Processing,Kano-WOFAN,0,0,0,0,5625,2813,0,0,75,5625,0,0,300,0,4,300,0,f1214104-4e9b-43ca-bfc9-f61713df263d,beb25,26/10/2025 10:40
f43becf0-ba09-4306-ae98-f218c5e0d92a,f43becf0-ba09-4306-ae98-f218c5e0d92a,2025-07-25,,,1,,,Fako,2025-05-21,1,,,1,,,,,2025-10-23,2,2,4,---,---,---,---,2.0,75.0,---,---,,,,1,,,---,---,5.0,---,,,,,,,1,,,1,,,,,1,,,1,,,1,,,,,Muna godiya ga Hjy mama ubangiji yaci gaba da riko da hannayenki 🤲,11.5518765,8.3057378,575.51,1.65,CT-BebRX36R17,KOFA AMINCHI WOMEN FARMERS CLUSTER,Kano,Bebeji,,Production/Processing,Kano-WOFAN,0,0,0,0,5625,2813,0,0,75,5625,0,0,375,0,5,375,0,4db5e685-9032-42f7-9e2d-bb67cb7ca473,beb25,26/10/2025 10:40
55b6bb97-2d34-4af7-bd90-14fe8d15a9cb,55b6bb97-2d34-4af7-bd90-14fe8d15a9cb,2025-07-24,,,1,,,Fako,2025-05-15,1,,,1,,,,,2025-09-15,2,2,5,---,---,---,---,2.0,75.0,---,---,,,,1,,,---,---,3.0,---,1,,,,,,,,,,,,,,1,,,1,,,1,,,,,Muna godiya ga Hjy mama ubangiji Allah ya Kara daukaka darajar WOFAN a fadin Duniya baki daya 🤲💯🥰,11.551873,8.3057365,575.43,2.65,CT-BebY3CYE03,GARGAI ADALCHI WOMEN FARMERS CLUSTER,Kano,Bebeji,,Production/Processing,Kano-WOFAN,0,0,0,0,5625,2813,0,0,75,5625,0,0,225,0,3,225,0,9e438d22-4b6a-43e1-b201-1d4cb270e240,beb25,26/10/2025 10:40
650883ce-07d9-4336-b1f0-bfc1962be715,650883ce-07d9-4336-b1f0-bfc1962be715,2025-09-26,,1,,,,maize,2025-06-26,1,,,1,,,,,2025-06-20,1,1,8,---,---,1.0,59.0,---,---,---,---,1,,,,,,---,---,---,---,---,---,---,---,---,---,---,---,---,---,---,---,---,---,1,,,1,,,1,,,,,Don't keeps bags direct contact with floor inorder to prevent moisture penetration.,11.6804828,8.433962,538.56,1.48,CT-Gar98X0O39,kadawa Amana disabled cluster,Kano,Garum_Mallam,,Production,Kano-WOFAN,0,0,5900,5900,0,0,0,0,59,5900,0,0,0,0,0,0,0,eb84dc2c-3204-4f48-a48e-7ee9a218587e,gmm49,26/10/2025 11:06
1f4ba2c3-11bc-4c0c-ba91-a8393c283aa1,1f4ba2c3-11bc-4c0c-ba91-a8393c283aa1,2025-06-19,,,1,,,faro 64,2025-06-21,1,,,1,,,,,2025-10-26,2,2,95,---,---,---,---,2.0,160.0,---,---,1,,,,,,---,---,---,---,---,---,---,---,---,---,---,---,---,---,---,---,---,---,,1,,1,,,1,,,,,ok,12.0469435,9.4215752,396.33,3.9,CT-JahPHGEZ07,masu karancin gani kadirawa,Jigawa,Jahun,Female,Production,Jigawa-WOFAN,0,0,0,0,12000,6000,0,0,160,12000,0,0,0,0,0,0,0,f31d5abb-0572-4759-b238-daa4345fc3d6,jah52,26/10/2025 11:14
246ea490-693c-484b-ba45-228a83dd0adf,246ea490-693c-484b-ba45-228a83dd0adf,2025-06-17,,,1,,,faro 64,2025-06-22,1,,,1,,,,,2025-10-26,2,2,95,---,---,---,---,2.0,160.0,---,---,1,,,,,,---,---,---,---,---,---,---,---,---,---,---,---,---,---,---,---,---,---,,1,,1,,,1,,,,,ok,12.0476358,9.4214497,452.54,4.48,CT-JahQH32803,kuraman kanwa cikin gari,Jigawa,Jahun,Female,Production,Jigawa-WOFAN,0,0,0,0,12000,6000,0,0,160,12000,0,0,0,0,0,0,0,60b4c27b-c516-4918-900c-60c3b5ef4826,jah52,26/10/2025 11:14
d235d9ae-474b-4814-a621-0d159f843295,d235d9ae-474b-4814-a621-0d159f843295,2025-06-16,,,1,,,faro 64,2025-06-22,1,,,1,,,,,2025-10-26,2,2,95,---,---,---,---,2.0,160.0,---,---,1,,,,,,---,---,---,---,---,---,---,---,---,---,---,---,---,---,---,---,---,---,,1,,1,,,1,,,,,ok,12.0468063,9.4213958,408.06,1.77,CT-JahZ3MO114,Aujara Masu bukata Ta Musamman Gidan Uba Gurgu,Jigawa,Jahun,Both,Production,Jigawa-WOFAN,0,0,0,0,12000,6000,0,0,160,12000,0,0,0,0,0,0,0,d3306b7f-2788-4626-bcfe-bc8563975400,jah52,26/10/2025 11:14
d50fd552-3b0a-4812-a700-8cfa4e720a7a,d50fd552-3b0a-4812-a700-8cfa4e720a7a,2025-06-15,,,1,,,faro 64,2025-06-21,1,,,1,,,,,2025-10-26,2,2,95,---,---,---,---,2.0,160.0,---,---,1,,,,,,---,---,---,---,---,---,---,---,---,---,---,---,---,---,---,---,---,---,,1,,1,,,1,,,,,ok,12.0467915,9.4213655,373.48,1.58,CT-JahT5XO525,Kadirawa women's disabled,Jigawa,Jahun,Both,Production/Processing,Jigawa-WOFAN,0,0,0,0,12000,6000,0,0,160,12000,0,0,0,0,0,0,0,16e1df8d-70f3-4a37-afbe-dfc50e5e0f1f,jah52,26/10/2025 11:17
6984e5c4-ef5b-4750-86c3-9b97473bb2ba,6984e5c4-ef5b-4750-86c3-9b97473bb2ba,2025-06-24,,,1,,,faro 68,2025-06-22,1,,,1,,,,,2025-09-17,1,1,11,---,---,---,---,1.0,74.0,---,---,1,,,,,,---,---,---,---,---,---,---,---,---,---,---,---,---,---,---,---,---,---,,1,,1,,,1,,,,,Masha allah,11.5473119,8.3827745,546.09,4.46,CT-BebGT7YA03,Garmai Yanalewa associati (A),Kano,Bebeji,,Production/Processing,Kano-WOFAN,0,0,0,0,5550,5550,0,0,74,5550,0,0,0,0,0,0,0,05d949e3-a91a-4e0a-9a06-b3d79f651543,beb36,26/10/2025 11:19
fc082ac6-5b86-4fcd-a124-92faa3203927,fc082ac6-5b86-4fcd-a124-92faa3203927,2025-06-22,,1,,,,maize samaz,2025-06-23,1,,,1,,,,,2025-09-20,1,1,12,---,---,1.0,86.0,---,---,---,---,1,,,,,,---,---,---,---,---,---,---,---,---,---,---,---,---,---,---,---,---,---,1,,,1,,,1,,,,,Masha Allah,11.5473128,8.3828289,546.09,4.27,CT-BebSY9X844,Garmai Yan Alewa Associaticn,Kano,Bebeji,,Production,Kano-WOFAN,0,0,8600,8600,0,0,0,0,86,8600,0,0,0,0,0,0,0,2e51f4fa-4931-498f-8951-9252d8a1c3a0,beb36,26/10/2025 11:22
39b0ebf3-d165-499e-844a-f9b27c41c8c5,39b0ebf3-d165-499e-844a-f9b27c41c8c5,2025-07-22,,1,,,,2,2025-10-26,,1,,1,,,,,2025-10-26,140,2,140,---,---,2.0,140.0,---,---,---,---,1,,,,,,---,---,---,---,---,---,---,---,---,---,---,---,---,---,---,---,---,---,,1,,1,,,1,,,,,good,11.1715188,8.2332862,532.19,2.33,CT-IkaIPMO306,Woman with special needs multipurpose cooperative society limited,Kaduna,Ikara,,Production,Kaduna-WOFAN,0,0,14000,7000,0,0,0,0,140,14000,0,0,0,0,0,0,0,8cc0109e-4902-43ab-b61f-e6d670fe5cc5,ika25,26/10/2025 12:18
39f85187-ea2d-44c5-b98c-d792adc5df8c,39f85187-ea2d-44c5-b98c-d792adc5df8c,2025-10-26,,,1,,,2,2025-10-26,1,,,1,,,,,2025-10-26,2,2,140,---,---,---,---,2.0,140.0,---,---,,,,1,,,---,---,140.0,---,,,,,,,,,,,,,1,,,1,,1,,,1,,,,,good,11.17231,8.2337451,675.8,1.31,CT-IkaIPMO306,Woman with special needs multipurpose cooperative society limited,Kaduna,Ikara,,Production,Kaduna-WOFAN,0,0,0,0,10500,5250,0,0,140,10500,0,0,10500,0,140,10500,0,8cc0109e-4902-43ab-b61f-e6d670fe5cc5,ika25,26/10/2025 12:19
4d801155-49ed-4185-b77c-685e9413db50,4d801155-49ed-4185-b77c-685e9413db50,2025-08-23,,,1,,,cp faro,2025-06-28,1,,,1,,,,,2025-10-04,1,1,3,---,---,---,---,1.0,80.0,---,---,1,,,,,,---,---,---,---,---,---,---,---,---,---,---,---,---,---,---,---,---,---,,1,,,1,,1,,,,,good,12.0830338,9.62463,388.8,4.47,CT-JahR8IMH00,Disable jahun local government,Jigawa,Jahun,Both,Production/Processing,Jigawa-WOFAN,0,0,0,0,6000,6000,0,0,80,6000,0,0,0,0,0,0,0,c702b1a1-86fb-4fc6-b13f-dfde2973daba,jah22,26/10/2025 12:50
3ef81e31-31a9-42a4-8f1b-0c0f318f14aa,3ef81e31-31a9-42a4-8f1b-0c0f318f14aa,2025-10-22,,,1,,,rice,2025-06-15,1,,,1,,,,,2025-10-26,2,2,75,---,---,---,---,2.0,150.0,---,---,1,,,,,,---,---,---,---,---,---,---,---,---,---,---,---,---,---,---,---,---,---,1,,,1,,,1,,,,,good,11.6887291,8.3769631,524.13,1.39,CT-GarBGTJN42,fakurum manoma co,Kano,Garum_Mallam,,Production,Kano-WOFAN,0,0,0,0,11250,5625,0,0,150,11250,0,0,0,0,0,0,0,151fc582-def6-4836-ab74-2cf9311967a7,bun14,26/10/2025 13:09
f235080d-2bdd-44f5-9138-ba82e42dcd08,f235080d-2bdd-44f5-9138-ba82e42dcd08,2025-10-22,,,1,,,rice,2025-06-15,1,,,1,,,,,2025-10-23,2,2,75,---,---,---,---,2.0,150.0,---,---,1,,,,,,---,---,---,---,---,---,---,---,---,---,---,---,---,---,---,---,---,---,,1,,1,,,1,,,,,excellent,11.6893998,8.3770219,532.28,8.61,CT-GarZIACR56,yalwan kwari disable farmer multipurpose,Kano,Garum_Mallam,,Production,Kano-WOFAN,0,0,0,0,11250,5625,0,0,150,11250,0,0,0,0,0,0,0,ee9b3e93-45c1-4fa8-9d93-8b0b6b153d88,bun14,26/10/2025 13:09
06005373-069b-44fe-b934-3f7c4661669e,06005373-069b-44fe-b934-3f7c4661669e,2025-10-22,,,1,,,rice,2025-06-19,1,,,1,,,,,2025-10-22,2,2,75,---,---,---,---,2.0,150.0,---,---,1,,,,,,---,---,---,---,---,---,---,---,---,---,---,---,---,---,---,---,---,---,,1,,1,,,1,,,,,good,11.6888486,8.3769702,522.01,8.07,CT-Gar7PLZM13,"DOGARO DA KAI SHINE LAYE
MAKE YOUR OWN",Kano,Garum_Mallam,Male,Production,Kano-WOFAN,0,0,0,0,11250,5625,0,0,150,11250,0,0,0,0,0,0,0,393268b0-44bd-4783-9b68-ba541687fc0b,bun14,26/10/2025 13:09
3946e8b1-eebf-4210-9283-ee96d59a017c,3946e8b1-eebf-4210-9283-ee96d59a017c,2025-10-23,,,1,,,rice,2025-06-24,1,,,1,,,,,2025-10-23,2,2,75,---,---,---,---,2.0,150.0,---,---,1,,,,,,---,---,---,---,---,---,---,---,---,---,---,---,---,---,---,---,---,---,,1,,1,,,1,,,,,good,11.6888984,8.3770697,534.81,7.56,CT-GarDZDXU59,Kofar Kudu Fresh Restaurant food cooperative Society Limited,Kano,Garum_Mallam,,Production/Processing,Kano-WOFAN,0,0,0,0,11250,5625,0,0,150,11250,0,0,0,0,0,0,0,bb0ca54c-9a91-4feb-83f7-9fd6ff6b91fa,bun14,26/10/2025 13:09
422fe75e-399a-47b8-a0e8-4bb8454c42d0,422fe75e-399a-47b8-a0e8-4bb8454c42d0,2025-06-18,,,1,,,rice,2025-06-18,1,,,1,,,,,2025-10-24,2,2,75,---,---,---,---,2.0,75.0,---,---,1,,,,,,---,---,---,---,---,---,---,---,---,---,---,---,---,---,---,---,---,---,,1,,1,,,1,,,,,good,11.6886872,8.3769507,511.5,7.08,CT-GarSC7TP52,Bakin kasuwa Masu Fura da Nono Nagge diyem cooperative society Limited,Kano,Garum_Mallam,,Production/Processing,Kano-WOFAN,0,0,0,0,5625,2813,0,0,75,5625,0,0,0,0,0,0,0,8a9199cc-d2fd-44cd-830f-97d3bdbdaf90,bun14,26/10/2025 13:09
5fd57f6e-379d-4325-a2b1-228a9375cab0,5fd57f6e-379d-4325-a2b1-228a9375cab0,2025-10-24,,,1,,,rice,2025-06-19,1,,,1,,,,,2025-10-24,2,2,75,---,---,---,---,2.0,75.0,---,---,1,,,,,,---,---,---,---,---,---,---,---,---,---,---,---,---,---,---,---,---,---,,1,,1,,,1,,,,,good,11.6894379,8.3770511,521.49,6.74,CT-Gar4QOLD56,Barnawa cluster A,Kano,Garum_Mallam,Female,Production/Processing,Kano-WOFAN,0,0,0,0,5625,2813,0,0,75,5625,0,0,0,0,0,0,0,d785f21d-bb5e-4d96-9b05-3ed0d9cbbf1f,bun14,26/10/2025 13:09
4526baba-8b12-4d1f-b4c3-66f564fd678f,4526baba-8b12-4d1f-b4c3-66f564fd678f,2025-10-24,,,1,,,rice,2025-06-20,1,,,1,,,,,2025-10-24,2,2,75,---,---,---,---,2.0,150.0,---,---,1,,,,,,---,---,---,---,---,---,---,---,---,---,---,---,---,---,---,---,---,---,,1,,1,,,1,,,,,good,11.6886856,8.3769106,524.31,6.27,CT-GarBQSFX10,BARNAWA CLUSTER A,Kano,Garum_Mallam,Female,Production/Processing,Kano-WOFAN,0,0,0,0,11250,5625,0,0,150,11250,0,0,0,0,0,0,0,e210dfc5-c75d-47f8-942a-fb0c61c2347d,bun14,26/10/2025 13:09
18874529-a8fd-4a50-9977-350762f943dc,18874529-a8fd-4a50-9977-350762f943dc,2025-10-25,,,1,,,rice,2025-06-15,1,,,1,,,,,2025-10-25,2,2,75,---,---,---,---,2.0,150.0,---,---,1,,,,,,---,---,---,---,---,---,---,---,---,---,---,---,---,---,---,---,---,---,,1,,1,,,1,,,,,good,11.6890747,8.3767795,468.63,5.71,CT-GarJMSLL26,fanwa sabon gari women disable,Kano,Garum_Mallam,,Production,Kano-WOFAN,0,0,0,0,11250,5625,0,0,150,11250,0,0,0,0,0,0,0,43373b55-cba7-4a7d-8203-936d3877e261,bun14,26/10/2025 13:09
5f5400c5-e962-42b5-9047-0c4718bd4e35,5f5400c5-e962-42b5-9047-0c4718bd4e35,2025-10-24,,1,,,,maize,2025-06-20,1,,,1,,,,,2025-10-20,2,2,100,---,---,2.0,100.0,---,---,---,---,1,,,,,,---,---,---,---,---,---,---,---,---,---,---,---,---,---,---,---,---,---,,1,,1,,,1,,,,,good,11.6892307,8.3769384,519.19,5.08,CT-GarJMSLL26,fanwa sabon gari women disable,Kano,Garum_Mallam,,Production,Kano-WOFAN,0,0,10000,5000,0,0,0,0,100,10000,0,0,0,0,0,0,0,43373b55-cba7-4a7d-8203-936d3877e261,bun14,26/10/2025 13:09
b9c73555-6c7f-4c6d-b808-2e0163cf8cfc,b9c73555-6c7f-4c6d-b808-2e0163cf8cfc,2025-10-25,,1,,,,maize,2025-06-20,1,,,1,,,,,2025-10-25,2,2,100,---,---,2.0,120.0,---,---,---,---,1,,,,,,---,---,---,---,---,---,---,---,---,---,---,---,---,---,---,---,---,---,,1,,1,,,1,,,,,good,11.6896583,8.376959,558.48,4.67,CT-GarABFWP18,Garun Mallam Disable Cluster A,Kano,Garum_Mallam,,Production,Kano-WOFAN,0,0,12000,6000,0,0,0,0,120,12000,0,0,0,0,0,0,0,4410b621-2686-4075-8d4a-3b475da97622,bun14,26/10/2025 13:09
6ea0c509-e6bc-4bf7-b4ed-1bbe8b8791e8,6ea0c509-e6bc-4bf7-b4ed-1bbe8b8791e8,2025-06-20,1,,,,,Faro 64,2025-10-24,1,,,1,,,,,2025-10-26,2,2,95,2.0,160.0,---,---,---,---,---,---,1,,,,,,---,---,---,---,---,---,---,---,---,---,---,---,---,---,---,---,---,---,1,,,1,,,1,,,,,ok,12.0474533,9.4259774,402.6,2.02,CT-JahZ4ASU22,Aujara women's disabled,Jigawa,Jahun,Both,Production/Processing,Jigawa-WOFAN,12000,6000,0,0,0,0,0,0,160,12000,0,0,0,0,0,0,0,ec456d60-250c-4834-a2e8-43b048e7f803,rin02,26/10/2025 13:10
1bb7ddcc-214f-488b-a0a7-1ba602735a8c,1bb7ddcc-214f-488b-a0a7-1ba602735a8c,2025-06-11,,1,,,,Faro 67,2025-09-26,1,,,1,,,,,2025-10-25,2,2,94,---,---,2.0,163.0,---,---,---,---,1,,,,,,---,---,---,---,---,---,---,---,---,---,---,---,---,---,---,---,---,---,1,,,1,,,1,,,,,ok,12.0474095,9.426091,428.06,1.58,CT-JahRHRXB49,kungiyar makafi da kurame,Jigawa,Jahun,Both,Production/Processing,Jigawa-WOFAN,0,0,16300,8150,0,0,0,0,163,16300,0,0,0,0,0,0,0,b289403c-d8b2-4942-b5f5-0d2ab0b79aa3,rin02,26/10/2025 13:11
10db98a1-d3a0-44e3-bd98-86298398cd15,10db98a1-d3a0-44e3-bd98-86298398cd15,2025-06-21,,,1,,,167,2025-10-18,1,,,1,,,,,2025-10-24,2,2,98,---,---,---,---,2.0,162.0,---,---,,,,1,,,---,---,162.0,---,,,,,1,,,,,,,,,,1,,,1,,,1,,,,,ok,12.047547,9.4259649,376.48,1.44,CT-JahT5XO525,Kadirawa women's disabled,Jigawa,Jahun,Both,Production/Processing,Jigawa-WOFAN,0,0,0,0,12150,6075,0,0,162,12150,0,0,12150,0,162,12150,0,16e1df8d-70f3-4a37-afbe-dfc50e5e0f1f,rin02,26/10/2025 13:11
781d93ab-0256-42fe-bb47-60a663588e50,781d93ab-0256-42fe-bb47-60a663588e50,2025-10-25,,,1,,,Faro,2025-06-10,1,,,1,,,,,2025-09-25,2,2,12,---,---,---,---,2.0,160.0,---,---,1,,,,,,---,---,---,---,---,---,---,---,---,---,---,---,---,---,---,---,---,---,,1,,1,,,1,,,,,successful,10.278947,9.8065441,598.4,2.04,CT-GanTADPF33,BADAROMO PWD MULTIPURPOSE COOPERATIVE SOCIETY LIMITED,Bauchi,Ganjuwa,,Production/Processing,Bauchi-WOFAN,0,0,0,0,12000,6000,0,0,160,12000,0,0,0,0,0,0,0,9fa3ab06-e6f0-4e1c-9e1d-4d39eecac1e2,gan06,26/10/2025 13:14
ffb56c54-f139-4512-87f5-05f0014fdf14,ffb56c54-f139-4512-87f5-05f0014fdf14,2025-10-21,,,1,,,rice,2025-06-19,1,,,1,,,,,2025-10-20,2,2,75,---,---,---,---,2.0,150.0,---,---,1,,,,,,---,---,---,---,---,---,---,---,---,---,---,---,---,---,---,---,---,---,,1,,1,,,1,,,,,good,11.6889231,8.3770088,530.82,0.74,CT-GarQ4MH207,ALHERI FOODS ASSOCIATION,Kano,Garum_Mallam,,Production/Processing,Kano-WOFAN,0,0,0,0,11250,5625,0,0,150,11250,0,0,0,0,0,0,0,bf982f39-81fa-4c84-b8a7-547ba517c79d,gmm19,26/10/2025 13:17
f6012e6c-8e7c-43c4-91e7-254363cdea34,f6012e6c-8e7c-43c4-91e7-254363cdea34,2025-10-22,,,1,,,rice,2025-06-20,1,,,1,,,,,2025-10-22,2,2,75,---,---,---,---,2.0,150.0,---,---,1,,,,,,---,---,---,---,---,---,---,---,---,---,---,---,---,---,---,---,---,---,,1,,1,,,1,,,,,good,11.6888969,8.3769821,535.69,0.72,CT-Gar6NGTO14,Amana disabled cluster,Kano,Garum_Mallam,,Production,Kano-WOFAN,0,0,0,0,11250,5625,0,0,150,11250,0,0,0,0,0,0,0,bbe7f5b6-b465-4786-8b28-c78f683b563e,gmm19,26/10/2025 13:18
32221192-2d5c-491e-b4e4-89aa215fd6aa,32221192-2d5c-491e-b4e4-89aa215fd6aa,2025-10-23,,1,,,,maize,2025-06-20,1,,,1,,,,,2025-10-21,2,2,100,---,---,2.0,120.0,---,---,---,---,1,,,,,,---,---,---,---,---,---,---,---,---,---,---,---,---,---,---,---,---,---,,1,,1,,,1,,,,,good,11.6888892,8.3769643,531.38,0.75,CT-GarMDQFV51,BARNAWA WOMEN PROCESSORS alAND MARKETING,Kano,Garum_Mallam,,Production/Processing,Kano-WOFAN,0,0,12000,6000,0,0,0,0,120,12000,0,0,0,0,0,0,0,0c749fc7-25c8-434b-a86e-809dd5dfc3dd,gmm19,26/10/2025 13:20
89cc2368-0a78-4832-896c-be53813a7a89,89cc2368-0a78-4832-896c-be53813a7a89,2025-10-23,,,1,,,rice,2025-06-19,1,,,1,,,,,2025-10-24,2,2,75,---,---,---,---,2.0,150.0,---,---,1,,,,,,---,---,---,---,---,---,---,---,---,---,---,---,---,---,---,---,---,---,,1,,1,,,1,,,,,good,11.6888824,8.3769931,531.39,1.0,CT-GarMDQFV51,BARNAWA WOMEN PROCESSORS alAND MARKETING,Kano,Garum_Mallam,,Production/Processing,Kano-WOFAN,0,0,0,0,11250,5625,0,0,150,11250,0,0,0,0,0,0,0,0c749fc7-25c8-434b-a86e-809dd5dfc3dd,gmm19,26/10/2025 13:22
cc1e680a-0081-458a-8891-02f3e9ae0dfb,cc1e680a-0081-458a-8891-02f3e9ae0dfb,2025-10-25,,,1,,,rice,2025-06-20,1,,,1,,,,,2025-10-22,2,2,75,---,---,---,---,2.0,75.0,---,---,1,,,,,,---,---,---,---,---,---,---,---,---,---,---,---,---,---,---,---,---,---,,1,,1,,,1,,,,,good,11.6888828,8.376962,532.25,0.85,CT-GarP4IP515,DAKASOYE FUNKASO AMANA,Kano,Garum_Mallam,Female,Production/Processing,Kano-WOFAN,0,0,0,0,5625,2813,0,0,75,5625,0,0,0,0,0,0,0,e8dd3018-0347-425c-ac80-63ac5e16787c,gmm19,26/10/2025 13:24
b6c96bb4-45ea-49d6-94f5-e99238ceb04d,b6c96bb4-45ea-49d6-94f5-e99238ceb04d,2025-10-24,,,1,,,rice,2025-06-20,1,,,1,,,,,2025-10-24,2,2,75,---,---,---,---,2.0,150.0,---,---,1,,,,,,---,---,---,---,---,---,---,---,---,---,---,---,---,---,---,---,---,---,,1,,1,,,1,,,,,good,11.6889318,8.3769617,533.19,1.06,CT-KurTTE2P05,DAN HASSAN GIDAN SARKI CLUSTER,Kano,Kura,Female,Production/Processing,Kano-WOFAN,0,0,0,0,11250,5625,0,0,150,11250,0,0,0,0,0,0,0,2ce9d231-84df-4c9f-88f8-f4c102e278bc,gmm19,26/10/2025 13:25
e5da39b3-43a5-41e3-bdf6-3cb3abc37ece,e5da39b3-43a5-41e3-bdf6-3cb3abc37ece,2025-10-25,,,1,,,rice,2025-06-22,1,,,1,,,,,2025-10-24,2,2,75,---,---,---,---,2.0,150.0,---,---,1,,,,,,---,---,---,---,---,---,---,---,---,---,---,---,---,---,---,---,---,---,,1,,1,,,1,,,,,good,11.6888656,8.376964,529.96,0.82,CT-Kur5ZSIE03,DAN HASSAN KAROFI A CLUSTER,Kano,Kura,Female,Production/Processing,Kano-WOFAN,0,0,0,0,11250,5625,0,0,150,11250,0,0,0,0,0,0,0,93404323-613d-4486-9fa2-4238fc9b4806,gmm19,26/10/2025 13:28
592cb142-f2c6-4db9-b0c6-4a38706310c8,592cb142-f2c6-4db9-b0c6-4a38706310c8,2025-10-25,,,1,,,rice,2025-06-19,1,,,1,,,,,2025-10-23,2,2,75,---,---,---,---,2.0,150.0,---,---,1,,,,,,---,---,---,---,---,---,---,---,---,---,---,---,---,---,---,---,---,---,,1,,1,,,1,,,,,good,11.6888638,8.3769717,529.57,0.99,CT-Kur5ZSIE03,DAN HASSAN KAROFI A CLUSTER,Kano,Kura,Female,Production/Processing,Kano-WOFAN,0,0,0,0,11250,5625,0,0,150,11250,0,0,0,0,0,0,0,93404323-613d-4486-9fa2-4238fc9b4806,gmm19,26/10/2025 13:30
42c39c91-7b7e-4189-a409-00c47006e3e5,42c39c91-7b7e-4189-a409-00c47006e3e5,2025-10-25,,1,,,,maize,2025-06-21,1,,,1,,,,,2025-10-24,2,2,75,---,---,2.0,100.0,---,---,---,---,1,,,,,,---,---,---,---,---,---,---,---,---,---,---,---,---,---,---,---,---,---,,1,,1,,,1,,,,,good,11.6888625,8.3769663,530.52,1.31,CT-KurN870C41,DAN HASSAN SINTILI CLUSTER,Kano,Kura,Female,Production/Processing,Kano-WOFAN,0,0,10000,5000,0,0,0,0,100,10000,0,0,0,0,0,0,0,8300a47d-010c-4c6e-8d42-5d3969f44cb1,gmm19,26/10/2025 13:31
d44be246-220e-4322-b192-51816921fdc1,d44be246-220e-4322-b192-51816921fdc1,2025-10-25,,,1,,,rice,2025-06-21,1,,,1,,,,,2025-10-21,2,2,75,---,---,---,---,2.0,75.0,---,---,1,,,,,,---,---,---,---,---,---,---,---,---,---,---,---,---,---,---,---,---,---,,1,,1,,,1,,,,,good,11.6889053,8.3769716,531.25,0.6,CT-Kur2RUXN16,DAN HASSAN SUWAIKA CLUSTER,Kano,Kura,Female,Production/Processing,Kano-WOFAN,0,0,0,0,5625,2813,0,0,75,5625,0,0,0,0,0,0,0,fdfabe68-2c0d-4cbb-94fa-6ee507892b7b,gmm19,26/10/2025 13:33
c0b4d435-43a6-4449-a085-59a14b98f81b,c0b4d435-43a6-4449-a085-59a14b98f81b,2025-10-24,,,1,,,rice,2025-10-23,1,,,1,,,,,2025-10-24,2,2,75,---,---,---,---,2.0,150.0,---,---,1,,,,,,---,---,---,---,---,---,---,---,---,---,---,---,---,---,---,---,---,---,,1,,,1,,1,,,,,good,11.6888972,8.3769789,531.74,0.74,CT-KurFLWYO52,DAN HASSANKAROFI B CLUSTER,Kano,Kura,Female,Production/Processing,Kano-WOFAN,0,0,0,0,11250,5625,0,0,150,11250,0,0,0,0,0,0,0,94f9d84f-98f7-43ee-8498-3bc75ecc46a2,gmm19,26/10/2025 13:35
705be1c9-0d17-48fd-9f4c-7e857db75821,705be1c9-0d17-48fd-9f4c-7e857db75821,2025-10-21,,1,,,,Maize,2025-06-24,1,,,1,,,,,2025-10-24,2,2,5,---,---,2.0,65.0,---,---,---,---,,,1,,,,---,2.0,---,---,1,,,,,,,,,,,,,,,1,,1,,,1,,,,,good,11.569896,8.3866538,493.6,4.58,CT-TudUDW9F06,Jeli cluster 1,Kano,Tudun_Wada,Both,Production/Processing,Kano-WOFAN,0,0,6500,3250,0,0,0,0,65,6500,0,200,0,0,2,200,0,58a4af42-5255-4785-9171-5b644cae1632,tun27,26/10/2025 14:08
32e46624-fc2e-4ab5-8c17-900ba0e9eae1,32e46624-fc2e-4ab5-8c17-900ba0e9eae1,2025-10-20,,1,,,,samaz,2025-07-17,1,,,1,,,,,2025-10-15,1,1,10,---,---,1.0,63.0,---,---,---,---,1,,,,,,---,---,---,---,---,---,---,---,---,---,---,---,---,---,---,---,---,---,1,,,1,,,1,,,,,good,11.6633978,8.2607476,554.45,2.5,CT-Beb0UBTT35,Gargai Cluster Marketing,Kano,Bebeji,Both,Production,Kano-WOFAN,0,0,6300,6300,0,0,0,0,63,6300,0,0,0,0,0,0,0,7173f498-2ca7-4d26-983e-b7dd5de0a739,kir01,26/10/2025 14:10
c1c892ae-4200-4dcf-b811-e165ee3c7a87,c1c892ae-4200-4dcf-b811-e165ee3c7a87,2025-10-22,,1,,,,samaz,2025-06-18,1,,,1,,,,,2025-10-05,1,1,10,---,---,1.0,62.0,---,---,---,---,1,,,,,,---,---,---,---,---,---,---,---,---,---,---,---,---,---,---,---,---,---,1,,,1,,,1,,,,,good,11.6633974,8.2607507,554.57,2.74,CT-BebE0N0N29,Gargai agro marketers cluster,Kano,Bebeji,Male,Production/Processing,Kano-WOFAN,0,0,6200,6200,0,0,0,0,62,6200,0,0,0,0,0,0,0,f662da83-5881-407e-bd59-4d966584a122,kir01,26/10/2025 14:10
5714788b-00ec-4357-8e46-7cf17b789cf0,5714788b-00ec-4357-8e46-7cf17b789cf0,2025-10-20,,,1,,,faro 68,2025-07-12,1,,,1,,,,,2025-10-17,1,1,12,---,---,---,---,1.0,65.0,---,---,1,,,,,,---,---,---,---,---,---,---,---,---,---,---,---,---,---,---,---,---,---,1,,,1,,,1,,,,,good,11.6633988,8.2607465,554.69,2.56,CT-Beb2CVO449,Gargai Fadama Agro marketers Cluster.,Kano,Bebeji,Female,Production/Processing,Kano-WOFAN,0,0,0,0,4875,4875,0,0,65,4875,0,0,0,0,0,0,0,f41d8dac-8757-425f-95a9-a99b129d3148,kir01,26/10/2025 14:10
1a91f29a-afd9-467d-bbde-8cdb13f28473,1a91f29a-afd9-467d-bbde-8cdb13f28473,2025-10-18,,,1,,,faro 68,2025-07-11,1,,,1,,,,,2025-10-18,1,1,12,---,---,---,---,1.0,65.0,---,---,1,,,,,,---,---,---,---,---,---,---,---,---,---,---,---,---,---,---,---,---,---,1,,,1,,,1,,,,,good,11.6633956,8.2607453,554.17,4.85,CT-Kir2K6AQ46,yako cluster agro and marketers zamani and drinks,Kano,Kiru,Female,Production/Processing,Kano-WOFAN,0,0,0,0,4875,4875,0,0,65,4875,0,0,0,0,0,0,0,82c8aeb2-69e9-4302-9a25-c1b3d38afd0f,kir01,26/10/2025 14:10
ac237454-ac29-483b-9c51-c62981a63c28,ac237454-ac29-483b-9c51-c62981a63c28,2025-10-23,,,1,,,Faro 64,2025-06-19,1,,,1,,,,,2025-10-23,2,2,95,---,---,---,---,2.0,2.0,---,---,,,,1,,,---,---,15.0,---,,,,,,,,,,,,1,,,,1,,1,,,1,,,,,Done,12.0468293,9.4216635,407.92,2.43,CT-JahJHLJC02,Kungiyar Hadin gwiwa ta masu kananan sana'o'i Nasarawa da gasanya.,Jigawa,Jahun,Both,Production/Processing,Jigawa-WOFAN,0,0,0,0,150,75,0,0,2,150,0,0,1125,0,15,1125,0,1754a59f-c27b-4ca2-9b36-33226d59c846,jah01,26/10/2025 14:58
d0566426-c8fd-428b-aea5-3d7bc5033613,d0566426-c8fd-428b-aea5-3d7bc5033613,2025-10-24,,,1,,,Faro 64,2025-06-19,1,,,1,,,,,2025-10-24,2,2,95,---,---,---,---,2.0,2.0,---,---,1,,,,,,---,---,---,---,---,---,---,---,---,---,---,---,---,---,---,---,---,---,,1,,1,,,1,,,,,Done,12.0468615,9.4216308,407.68,1.79,CT-JahFASZ616,Gamayyar kungiyar masu bukata ta musamman ta arewa tsamiya,Jigawa,Jahun,Both,Production,Jigawa-WOFAN,0,0,0,0,150,75,0,0,2,150,0,0,0,0,0,0,0,fba96bbf-b9f4-4d67-ade4-d6fbb049bef4,jah01,26/10/2025 15:01
b5d4c2ce-fc28-4879-a2af-e7307afd124d,b5d4c2ce-fc28-4879-a2af-e7307afd124d,2025-10-25,,,1,,,1,2025-06-19,1,,,1,,,,,2025-10-24,2,2,95,---,---,---,---,2.0,160.0,---,---,1,,,,,,---,---,---,---,---,---,---,---,---,---,---,---,---,---,---,---,---,---,,1,,1,,,1,,,,,good farm keep it up,12.0497617,9.42691,385.1,3.9,CT-JahF9Z9L03,kungiyar masu bukata ta musamman garin kanwa da kewayenta,Jigawa,Jahun,Female,Production/Processing,Jigawa-WOFAN,0,0,0,0,12000,6000,0,0,160,12000,0,0,0,0,0,0,0,522382eb-79e2-4542-8402-8b5804a9fcdf,jah42,26/10/2025 15:09
351b6313-4885-485b-92e4-81a5224001b5,351b6313-4885-485b-92e4-81a5224001b5,2025-10-23,,,1,,,Faro 67,2026-05-15,1,,,1,,,,,2025-10-20,2,2,12,---,---,---,---,2.0,159.0,---,---,,,,1,,,---,---,1.0,---,,,,,,,,,,,1,,,,1,,,1,,,1,,,,,Storage,10.2825183,9.8029217,620.7,3.9,CT-BauEBKMM06,Women With Disability Integrity Development ilInitiative Multipurpose Cooperative Society,Bauchi,Bauchi,,Production/Processing,Bauchi-WOFAN,0,0,0,0,11925,5963,0,0,159,11925,0,0,75,0,1,75,0,169e95b6-dbd3-415b-8f0e-fcd02f253f01,bau15,26/10/2025 15:22
fe8dfe38-f367-401c-b428-a14bc6d0d18d,fe8dfe38-f367-401c-b428-a14bc6d0d18d,2025-10-23,,,1,,,Faro 67,2025-10-24,1,,,1,,,,,2025-10-22,2,2,12,---,---,---,---,2.0,158.0,---,---,,,,1,,,---,---,2.0,---,,,,,,,,1,,,,,,,1,,,1,,,1,,,,,Storage,10.2825483,9.8029683,628.5,2.4,CT-BauOHXT616,Network of Women With Disabilities Multipurpose Cooperative Society limited,Bauchi,Bauchi,,Production/Processing,Bauchi-WOFAN,0,0,0,0,11850,5925,0,0,158,11850,0,0,150,0,2,150,0,6bdb2f4c-cd13-47e8-b4ab-7fee44dedf60,bau15,26/10/2025 15:22
c0beec30-6025-4851-b905-ef4cfc6fc0ad,c0beec30-6025-4851-b905-ef4cfc6fc0ad,2025-10-26,,,1,,,Faro 67,2025-06-10,1,,,1,,,,,2025-09-28,2,2,13,---,---,---,---,2.0,160.0,---,---,1,,,,,,---,---,---,---,---,---,---,---,---,---,---,---,---,---,---,---,---,---,,1,,1,,,1,,,,,Good,10.2817273,9.8007079,625.89,4.98,CT-BauTEB2J45,I PWD BIRSHI FULANI WOMEN RICE PROCESSORS MULTI-PURPOSE COOPERATIVE SOCIETY LIMITED,Bauchi,Bauchi,,Production/Processing,Bauchi-WOFAN,0,0,0,0,12000,6000,0,0,160,12000,0,0,0,0,0,0,0,2257b429-a78d-41b9-8772-bd7ddc2abeda,bau05,26/10/2025 15:25
72b5c16e-53ab-4255-b172-69ab03342370,72b5c16e-53ab-4255-b172-69ab03342370,2025-10-26,,,1,,,Faro 67,2025-09-28,1,,,1,,,,,2025-06-27,2,2,13,---,---,---,---,2.0,160.0,---,---,1,,,,,,---,---,---,---,---,---,---,---,---,---,---,---,---,---,---,---,---,---,,1,,1,,,1,,,,,Good luck,10.2817349,9.8007059,625.89,4.2,CT-BauTKYH822,II BIRSHI FULANI PEOPLE AFFECTED WITH LEPROSY MULTIPURPOSE COOPERATIVE SOCIETY LIMITED,Bauchi,Bauchi,,Production/Processing,Bauchi-WOFAN,0,0,0,0,12000,6000,0,0,160,12000,0,0,0,0,0,0,0,1e3a6bbc-7262-442a-bbcb-6026936455d8,bau05,26/10/2025 15:25
8dd91f70-df5b-45ca-827a-8a8deabcc392,8dd91f70-df5b-45ca-827a-8a8deabcc392,2025-10-26,,,1,,,Faro 67,2025-09-26,1,,,1,,,,,2025-06-27,2,2,13,---,---,---,---,2.0,160.0,---,---,1,,,,,,---,---,---,---,---,---,---,---,---,---,---,---,---,---,---,---,---,---,,1,,1,,,1,,,,,Good job,10.281716,9.8006867,625.89,3.76,CT-BauY290S29,PEOPLE WITH DISABILITY UNGUWA GAS COOPERATIVE SOCIETY LIMITED,Bauchi,Bauchi,,Production/Processing,Bauchi-WOFAN,0,0,0,0,12000,6000,0,0,160,12000,0,0,0,0,0,0,0,9fcfc6a0-1264-4298-88f0-609f9416e0c9,bau05,26/10/2025 15:25
af8484c7-cc9c-4ec5-8da0-7f6497caa8c6,af8484c7-cc9c-4ec5-8da0-7f6497caa8c6,2025-10-26,,,1,,,Faro 67,2025-09-27,1,,,1,,,,,2025-06-28,2,2,13,---,---,---,---,2.0,160.0,---,---,1,,,,,,---,---,---,---,---,---,---,---,---,---,---,---,---,---,---,---,---,---,,1,,1,,,1,,,,,Good job,10.281718,9.8007092,625.89,3.32,CT-BauMGHGA23,"PWD B,S,A,D,P NEW EXTENSION COOPERATIVE SOCIETY LIMITED",Bauchi,Bauchi,,Production/Processing,Bauchi-WOFAN,0,0,0,0,12000,6000,0,0,160,12000,0,0,0,0,0,0,0,56a41a78-4f4c-49ca-9160-489004f437cf,bau05,26/10/2025 15:25
ce445375-b13c-4acf-972e-c2af564ec5f0,ce445375-b13c-4acf-972e-c2af564ec5f0,2025-09-13,,,1,,,faro 67,2025-06-01,1,,,1,,,,,2025-09-25,2,85,12,---,---,---,---,2.0,85.0,---,---,1,,,,,,---,---,---,---,---,---,---,---,---,---,---,---,---,---,---,---,---,---,1,,,1,,,1,,,,,ik,12.3263049,9.4628738,391.33,1.55,CT-TauK1BNG09,Dump association kwalam,Jigawa,Taura,,Production/Processing,Jigawa-WOFAN,0,0,0,0,6375,3188,0,0,85,6375,0,0,0,0,0,0,0,5a547602-f45d-49ab-967c-f705004232b4,tau28,26/10/2025 15:26
b563e60c-c66c-446a-a5cb-5602aa8cc755,b563e60c-c66c-446a-a5cb-5602aa8cc755,2025-09-13,,,1,,,faro 67,2025-06-01,1,,,1,,,,,2025-09-25,2,85,12,---,---,---,---,2.0,85.0,---,---,1,,,,,,---,---,---,---,---,---,---,---,---,---,---,---,---,---,---,---,---,---,1,,,1,,,1,,,,,ok,12.3259764,9.4624904,401.15,1.47,CT-TauUX8O541,Malamawar taura disable,Jigawa,Taura,,Production/Processing,Jigawa-WOFAN,0,0,0,0,6375,3188,0,0,85,6375,0,0,0,0,0,0,0,6ea77d44-9804-4357-a05a-c6d57ac79368,tau28,26/10/2025 15:27
f6e106ee-692f-4dd1-b623-4b96f0bf7c19,f6e106ee-692f-4dd1-b623-4b96f0bf7c19,2025-09-13,,,1,,,faro 67,2025-06-01,1,,,1,,,,,2025-09-20,2,85,12,---,---,---,---,2.0,85.0,---,---,1,,,,,,---,---,---,---,---,---,---,---,---,---,---,---,---,---,---,---,---,---,1,,,1,,,1,,,,,ok,12.3259787,9.4624935,402.02,1.28,CT-TauO580M49,Tashi intaimakeka disability taura,Jigawa,Taura,,Production/Processing,Jigawa-WOFAN,0,0,0,0,6375,3188,0,0,85,6375,0,0,0,0,0,0,0,54a10b8e-cdd1-449a-961b-89fec375a790,tau28,26/10/2025 15:29
ed047ecc-8349-4ed6-a794-38d5090e1e3a,ed047ecc-8349-4ed6-a794-38d5090e1e3a,2025-10-21,,,1,,,faro,2025-06-08,1,,,1,,,,,2025-09-21,2,2,12,---,---,---,---,2.0,160.0,---,---,1,,,,,,---,---,---,---,---,---,---,---,---,---,---,---,---,---,---,---,---,---,,1,,1,,,1,,,,,successful,10.276935,9.807045,626.7,3.1,CT-GanBZGHM20,DABEN KASUWA PWD MULTIPURPOSE COOPERATIVE SOCIETY,Bauchi,Ganjuwa,,Production/Processing,Bauchi-WOFAN,0,0,0,0,12000,6000,0,0,160,12000,0,0,0,0,0,0,0,20fda386-bec1-4f04-b1b6-6d8595688f93,gan06,26/10/2025 15:35
b51d4575-d751-4bdc-a52d-511c01bd4587,b51d4575-d751-4bdc-a52d-511c01bd4587,2025-10-26,,1,1,,,maize and Rice,2025-07-14,1,,,1,,,,,2025-10-26,2,120,95,---,---,1.0,120.0,1.0,120.0,---,---,1,,,,,,---,---,---,---,---,---,---,---,---,---,---,---,---,---,---,---,---,---,,1,,1,,,1,,,,,good,12.0474656,9.4228585,418.5,0.95,CT-Jah1RSB309,Aujara Cluster gsk,Jigawa,Jahun,Female,Production,Jigawa-WOFAN,0,0,12000,12000,9000,9000,0,0,240,21000,0,0,0,0,0,0,0,03bb8ca6-2100-4d68-8d77-aa760f87ad32,jah55,26/10/2025 15:41
43a704fd-f99e-4cb9-85e1-9446fc23e298,43a704fd-f99e-4cb9-85e1-9446fc23e298,2025-06-23,,1,,,,Maize,2025-06-26,1,,,1,,,,,2025-10-19,1,1,12,---,---,1.0,70.0,---,---,---,---,1,,,,,,---,---,---,---,---,---,---,---,---,---,---,---,---,---,---,---,---,---,1,,,1,,,1,,,,,good,12.0609772,8.2744613,519.28,4.9,CT-RimYC9G823,YARO TASHIKA NEMA RIMIN GADO CLSUTER,Kano,Rimi_Gado,,Production,Kano-WOFAN,0,0,7000,7000,0,0,0,0,70,7000,0,0,0,0,0,0,0,68a82c8f-e69e-4969-8561-cf8d4c70fcc0,rig14,26/10/2025 15:58
3f19fb5e-85f0-422d-b0b2-271db702f410,3f19fb5e-85f0-422d-b0b2-271db702f410,2025-06-16,,,1,,,Rice,2025-06-28,1,,,1,,,,,2025-10-17,1,1,13,---,---,---,---,1.0,85.0,---,---,,,,1,,,---,---,1.0,---,,,,,,,,1,,,,,,,1,,,1,,,1,,,,,Good,12.0610038,8.2744371,520.58,4.9,CT-RimYC9G823,YARO TASHIKA NEMA RIMIN GADO CLSUTER,Kano,Rimi_Gado,,Production,Kano-WOFAN,0,0,0,0,6375,6375,0,0,85,6375,0,0,75,0,1,75,0,68a82c8f-e69e-4969-8561-cf8d4c70fcc0,rig14,26/10/2025 15:58
d1fe8a4b-f976-4231-99b7-aa89daf4ea2f,d1fe8a4b-f976-4231-99b7-aa89daf4ea2f,2025-10-26,,,1,,,faro67,2025-06-20,1,,,1,,,,,2025-10-25,2,3,95,---,---,---,---,1.0,165.0,---,---,1,,,,,,---,---,---,---,---,---,---,---,---,---,---,---,---,---,---,---,---,---,,1,,1,,,1,,,,,very good,12.0476767,9.4276367,411.6,6.3,CT-Jah3LU8K35,Yalwa masu saida Awara,Jigawa,Jahun,Female,Production,Jigawa-WOFAN,0,0,0,0,12375,12375,0,0,165,12375,0,0,0,0,0,0,0,50a1e23d-a387-49fa-9d3b-7038c4bceaf8,jah67,26/10/2025 16:31
1846262a-c68a-47c7-a0d4-00bce67a0216,1846262a-c68a-47c7-a0d4-00bce67a0216,2025-10-26,,,1,,,faro64,2025-06-20,1,,,1,,,,,2025-10-26,2,3,95,---,---,---,---,1.0,165.0,---,---,1,,,,,,---,---,---,---,---,---,---,---,---,---,---,---,---,---,---,---,---,---,,1,,1,,,1,,,,,continue with work,12.0476433,9.427615,410.8,5.25,CT-JahWKU3M38,Aujarawa masu saida gyada,Jigawa,Jahun,Female,Production,Jigawa-WOFAN,0,0,0,0,12375,12375,0,0,165,12375,0,0,0,0,0,0,0,1b9802b2-aad6-4c36-8503-b15787b33a1f,jah67,26/10/2025 16:32
b183dcbb-dfa0-44df-bea1-66bf2fa95466,b183dcbb-dfa0-44df-bea1-66bf2fa95466,2025-10-22,,,1,,,faro,2025-06-08,1,,,1,,,,,2025-09-20,2,2,12,---,---,---,---,2.0,1600.0,---,---,,,,1,,,---,---,2.0,---,,1,,,,,,,,,,,,,,1,,1,,,1,,,,,ok,10.8880019,9.8250485,576.7,1.7,CT-GanTADPF33,BADAROMO PWD MULTIPURPOSE COOPERATIVE SOCIETY LIMITED,Bauchi,Ganjuwa,,Production/Processing,Bauchi-WOFAN,0,0,0,0,120000,60000,0,0,1600,120000,0,0,150,0,2,150,0,9fa3ab06-e6f0-4e1c-9e1d-4d39eecac1e2,gan11,26/10/2025 16:32
44766bc1-2d3a-479b-9e4f-60631070dd70,44766bc1-2d3a-479b-9e4f-60631070dd70,2025-10-26,,,1,,,Rice,2025-06-20,1,,,1,,,,,2025-10-26,2,3,95,---,---,---,---,1.0,165.0,---,---,1,,,,,,---,---,---,---,---,---,---,---,---,---,---,---,---,---,---,---,---,---,,1,,1,,,1,,,,,continue with work,12.0477283,9.4276583,409.9,5.12,CT-JahNO51K02,Yadda masu gyada,Jigawa,Jahun,Both,Production/Processing,Jigawa-WOFAN,0,0,0,0,12375,12375,0,0,165,12375,0,0,0,0,0,0,0,5e0055bd-9b1c-4863-9875-7ccf712cc2f1,jah67,26/10/2025 16:32
a58ac05e-34e5-48f9-b716-77369417c14e,a58ac05e-34e5-48f9-b716-77369417c14e,2025-10-25,,,1,,,Faro 67,2025-06-08,1,,,1,,,,,2025-09-25,2,2,12,---,---,---,---,2.0,160.0,---,---,1,,,,,,---,---,---,---,---,---,---,---,---,---,---,---,---,---,---,---,---,---,,1,,1,,,1,,,,,Good,10.2797843,9.8332176,631.1,4.2,CT-BauSKR2J46,Karofi women living with disability multipurpose cluster,Bauchi,Bauchi,,Production,Bauchi-WOFAN,0,0,0,0,12000,6000,0,0,160,12000,0,0,0,0,0,0,0,0d59e6c0-7dc8-45b8-895f-8017312e3d41,bau11,26/10/2025 16:33
04084a16-fa6e-4c60-b7bd-39f3bcaa9f79,04084a16-fa6e-4c60-b7bd-39f3bcaa9f79,2025-10-22,,,1,,,faro,2025-06-08,1,,,1,,,,,2025-10-21,2,2,13,---,---,---,---,2.0,160.0,---,---,,,,1,,,---,---,160.0,---,,1,,,,,,,,,,,,,,1,,1,,,1,,,,,good,10.888011,9.8250453,575.6,1.7,CT-Gan1FMC521,Qungiyar gajiyayyu unguwar ari miya,Bauchi,Ganjuwa,,Production/Processing,Bauchi-WOFAN,0,0,0,0,12000,6000,0,0,160,12000,0,0,12000,0,160,12000,0,9d83f232-4759-459d-b099-c8bfa193c49b,gan11,26/10/2025 16:34
edb6170d-2fe1-43f8-95bb-26747eeb4cb1,edb6170d-2fe1-43f8-95bb-26747eeb4cb1,2025-10-21,,,1,,,faro,2025-05-09,1,,,1,,,,,2025-09-22,2,2,13,---,---,---,---,2.0,12000.0,---,---,,,,1,,,---,---,2.0,---,,1,,,,,,,,,,,,,,1,,1,,,1,,,,,good,10.8880181,9.8250511,574.9,1.7,CT-GanZENEE16,GRA Disable Youth Cooperative Society Limited,Bauchi,Ganjuwa,,Production/Processing,Bauchi-WOFAN,0,0,0,0,900000,450000,0,0,12000,900000,0,0,150,0,2,150,0,2c26dc81-e6c1-4153-b82e-b55ff2a61b61,gan11,26/10/2025 16:34
7b9e2af2-7b17-432a-8102-28af15d7966e,7b9e2af2-7b17-432a-8102-28af15d7966e,2025-10-26,,,1,,,Faro 67,2025-06-07,1,,,1,,,,,2025-09-23,2,2,12,---,---,---,---,2.0,160.0,---,---,1,,,,,,---,---,---,---,---,---,---,---,---,---,---,---,---,---,---,---,---,---,,1,,1,,,1,,,,,Good,10.2797889,9.8331448,631.2,4.7,CT-BauL1HKB37,Wofan Malam Goje PWD women multipurpose cluster,Bauchi,Bauchi,,Production/Processing,Bauchi-WOFAN,0,0,0,0,12000,6000,0,0,160,12000,0,0,0,0,0,0,0,e3c55e1d-0e01-463d-b3f7-0c86531a6d0e,bau11,26/10/2025 16:35
adbb5aa0-e0bd-453a-a512-6cbeb9d5f197,adbb5aa0-e0bd-453a-a512-6cbeb9d5f197,2025-10-25,,,1,,,faro,2025-06-09,1,,,1,,,,,2025-09-24,2,2,13,---,---,---,---,2.0,160.0,---,---,,,,1,,,---,---,2.0,---,,1,,,,,,,,,,,,,,1,,1,,,1,,,,,good,10.888017,9.8250659,573.79,1.7,CT-Gan1FMC521,Qungiyar gajiyayyu unguwar ari miya,Bauchi,Ganjuwa,,Production/Processing,Bauchi-WOFAN,0,0,0,0,12000,6000,0,0,160,12000,0,0,150,0,2,150,0,9d83f232-4759-459d-b099-c8bfa193c49b,gan11,26/10/2025 16:41
57710119-ef86-4f4c-a9ee-aae3f70a4afb,57710119-ef86-4f4c-a9ee-aae3f70a4afb,2025-10-10,,,1,,,faro 68,2025-05-26,1,,,1,,,,,2025-10-26,1,1,12,---,---,---,---,1.0,70.0,---,---,1,,,,,,---,---,---,---,---,---,---,---,---,---,---,---,---,---,---,---,---,---,1,,,1,,,1,,,,,take care,11.5474278,8.3862644,684.3,9.43,CT-BebR1VY627,Gargai dugaru dakai cluster,Kano,Bebeji,,Production,Kano-WOFAN,0,0,0,0,5250,5250,0,0,70,5250,0,0,0,0,0,0,0,4a24a502-f269-4f66-bf57-688b4455993b,kir10,26/10/2025 16:50
aee554dd-f709-47e5-a3fd-13197dd7febe,aee554dd-f709-47e5-a3fd-13197dd7febe,2025-06-06,,,1,,,faro 64,2025-06-19,1,,,1,,,,,2025-10-22,2,2,95,---,---,---,---,2.0,160.0,---,---,1,,,,,,---,---,---,---,---,---,---,---,---,---,---,---,---,---,---,---,---,---,,1,,1,,,1,,,,,ok,12.0468929,9.4215186,397.14,1.27,CT-JahZ4ASU22,Aujara women's disabled,Jigawa,Jahun,Both,Production/Processing,Jigawa-WOFAN,0,0,0,0,12000,6000,0,0,160,12000,0,0,0,0,0,0,0,ec456d60-250c-4834-a2e8-43b048e7f803,jah52,26/10/2025 16:52
74d3adb2-eb84-4166-9989-9843e553cfa8,74d3adb2-eb84-4166-9989-9843e553cfa8,2025-09-13,,,1,,,faro 67,2025-06-01,1,,,1,,,,,2025-09-21,2,85,12,---,---,---,---,2.0,85.0,---,---,1,,,,,,---,---,---,---,---,---,---,---,---,---,---,---,---,---,---,---,---,---,1,,,1,,,1,,,,,ok,12.3251944,9.4623913,401.34,1.82,CT-TauCZRG514,Disability multipurpose cooperative society,Jigawa,Taura,,Production/Processing,Jigawa-WOFAN,0,0,0,0,6375,3188,0,0,85,6375,0,0,0,0,0,0,0,d0cd0d8e-1f7a-4c87-a1ff-284677e4a1b2,tau19,26/10/2025 16:53
0e55f44f-2be2-4c07-a9bf-0c8a23600169,0e55f44f-2be2-4c07-a9bf-0c8a23600169,2025-10-10,,,1,,,faro 68,2025-05-24,1,,,1,,,,,2025-10-26,1,1,12,---,---,---,---,1.0,70.0,---,---,1,,,,,,---,---,---,---,---,---,---,---,---,---,---,---,---,---,---,---,---,---,1,,,1,,,1,,,,,take care,11.5473974,8.3825912,555.2,7.4,CT-BebR9HER35,Gargai agro marketers cluster,Kano,Bebeji,Female,Production/Processing,Kano-WOFAN,0,0,0,0,5250,5250,0,0,70,5250,0,0,0,0,0,0,0,58dc78be-a909-47a0-a441-9a78097fb158,kir10,26/10/2025 17:12
73f08989-d237-4f4c-9f22-414460f4611b,73f08989-d237-4f4c-9f22-414460f4611b,2025-10-26,,,1,,,faro64,2025-06-20,1,,,1,,,,,2025-10-26,2,3,95,---,---,---,---,1.0,165.0,---,---,1,,,,,,---,---,---,---,---,---,---,---,---,---,---,---,---,---,---,---,---,---,,1,,1,,,1,,,,,continue with work,12.0477117,9.4277367,411.3,4.8,CT-Jah3LU8K35,Yalwa masu saida Awara,Jigawa,Jahun,Female,Production,Jigawa-WOFAN,0,0,0,0,12375,12375,0,0,165,12375,0,0,0,0,0,0,0,50a1e23d-a387-49fa-9d3b-7038c4bceaf8,jah72,26/10/2025 17:32
fc36a27a-b55a-4013-90e4-112c49d95516,fc36a27a-b55a-4013-90e4-112c49d95516,2025-05-26,,,1,,,Faro 68,2025-06-24,1,,,1,,,,,2025-10-26,1,1,12,---,---,---,---,1.0,65.0,---,---,1,,,,,,---,---,---,---,---,---,---,---,---,---,---,---,---,---,---,---,---,---,1,,,1,,,1,,,,,nice,11.5474235,8.3818583,521.79,3.66,CT-Beb5Q0XK03,Kofar Agro Marketer Cluster,Kano,Bebeji,Both,Production/Processing,Kano-WOFAN,0,0,0,0,4875,4875,0,0,65,4875,0,0,0,0,0,0,0,ab8e7571-7bd6-41dc-8f7b-89f8d5900c21,kir05,26/10/2025 17:35
43bcf731-e29c-43e8-9719-a3c51fbad7b0,43bcf731-e29c-43e8-9719-a3c51fbad7b0,2025-05-26,,,1,,,faro 68,2025-06-24,1,,,1,,,,,2025-10-26,1,1,12,---,---,---,---,1.0,65.0,---,---,1,,,,,,---,---,---,---,---,---,---,---,---,---,---,---,---,---,---,---,---,---,1,,,1,,,1,,,,,nice,11.5474681,8.3817036,522.4,4.98,CT-BebGZ6AB16,Kofa micro marketers cluster,Kano,Bebeji,Female,Production/Processing,Kano-WOFAN,0,0,0,0,4875,4875,0,0,65,4875,0,0,0,0,0,0,0,d3cbb4fb-b83b-4086-a023-a8c0a5956a58,kir05,26/10/2025 17:42
ee5fe8cc-0659-42ca-a8ed-ce92426030d2,ee5fe8cc-0659-42ca-a8ed-ce92426030d2,2025-10-10,,,1,,,faro 68,2025-05-26,1,,,1,,,,,2025-10-26,1,1,12,---,---,---,---,1.0,65.0,---,---,1,,,,,,---,---,---,---,---,---,---,---,---,---,---,---,---,---,---,---,---,---,1,,,1,,,1,,,,,good,11.5474146,8.3826671,591.5,8.0,CT-Beb2CVO449,Gargai Fadama Agro marketers Cluster.,Kano,Bebeji,Female,Production/Processing,Kano-WOFAN,0,0,0,0,4875,4875,0,0,65,4875,0,0,0,0,0,0,0,f41d8dac-8757-425f-95a9-a99b129d3148,kir10,26/10/2025 17:51
72257414-b014-4cd2-9437-7b7b876ee1bf,72257414-b014-4cd2-9437-7b7b876ee1bf,2025-10-11,,,1,,,faro 68,2025-05-26,1,,,1,,,,,2025-10-26,1,1,12,---,---,---,---,1.0,75.0,---,---,1,,,,,,---,---,---,---,---,---,---,---,---,---,---,---,---,---,---,---,---,---,1,,,1,,,1,,,,,take care,11.547285,8.3826917,589.0,5.0,CT-BebFT8UR26,Gargai Agro marketers Cluster,Kano,Bebeji,Both,Production/Processing,Kano-WOFAN,0,0,0,0,5625,5625,0,0,75,5625,0,0,0,0,0,0,0,80ae8161-eb75-45aa-803f-3f315cad555d,kir10,26/10/2025 17:51
cab3a582-9540-41a1-a80d-19664c01bc32,cab3a582-9540-41a1-a80d-19664c01bc32,2025-10-17,,1,,,,Maize,2025-06-17,1,,,1,,,,,2025-10-03,1,1,13,---,---,1.0,70.0,---,---,---,---,1,,,,,,---,---,---,---,---,---,---,---,---,---,---,---,---,---,---,---,---,---,1,,,1,,,1,,,,,All are right,12.0529863,8.2709678,156.51,2.52,CT-RimYC9G823,YARO TASHIKA NEMA RIMIN GADO CLSUTER,Kano,Rimi_Gado,,Production,Kano-WOFAN,0,0,7000,7000,0,0,0,0,70,7000,0,0,0,0,0,0,0,68a82c8f-e69e-4969-8561-cf8d4c70fcc0,rig16,26/10/2025 17:57
420caba8-8cd0-4298-8102-0861fefd07fa,420caba8-8cd0-4298-8102-0861fefd07fa,2025-10-13,,,1,,,faro 68,2025-05-26,1,,,1,,,,,2025-10-26,1,1,12,---,---,---,---,1.0,65.0,---,---,1,,,,,,---,---,---,---,---,---,---,---,---,---,---,---,---,---,---,---,---,---,1,,,1,,,1,,,,,good,11.5473632,8.3827151,546.09,2.7,CT-KirXH7DM39,Yako mutaimaki juna agro marketers cluster,Kano,Kiru,Female,Production/Processing,Kano-WOFAN,0,0,0,0,4875,4875,0,0,65,4875,0,0,0,0,0,0,0,5242d319-7661-4cd7-8e79-36fcd0a492e7,kir10,26/10/2025 17:59
63ffa403-6611-4d6e-91c6-6d4eef585b13,63ffa403-6611-4d6e-91c6-6d4eef585b13,2025-10-13,,,1,,,faro 68,2025-05-26,1,,,1,,,,,2025-10-26,,1,13,---,---,---,---,1.0,70.0,---,---,1,,,,,,---,---,---,---,---,---,---,---,---,---,---,---,---,---,---,---,---,---,1,,,1,,,1,,,,,good,11.547375,8.3826667,546.09,4.59,CT-BebE0N0N29,Gargai agro marketers cluster,Kano,Bebeji,Male,Production/Processing,Kano-WOFAN,0,0,0,0,5250,5250,0,0,70,5250,0,0,0,0,0,0,0,f662da83-5881-407e-bd59-4d966584a122,kir10,26/10/2025 18:07
1e1eb6cb-1548-47ac-b37c-2f61d5e7e228,1e1eb6cb-1548-47ac-b37c-2f61d5e7e228,2025-09-26,,,1,,,rice,2025-07-26,1,,,1,,,,,2025-09-26,1,1,12,---,---,---,---,1.0,80.0,---,---,,,,1,,,---,---,1.0,---,1,,,,,,,,,,,,,,1,,,1,,,1,,,,,good,11.6695076,8.267051,458.2,4.82,CT-BebXBP3W00,Disable farmers kofa cluster,Kano,Bebeji,,Production,Kano-WOFAN,0,0,0,0,6000,6000,0,0,80,6000,0,0,75,0,1,75,0,6f499fd8-b436-4c72-abb5-db125b451bf0,kir09,26/10/2025 18:07
f53271db-4060-4b1a-8966-91aa774d1363,f53271db-4060-4b1a-8966-91aa774d1363,2025-09-13,,,1,,,faro 67,2025-06-01,1,,,1,,,,,2025-09-23,2,85,12,---,---,---,---,2.0,85.0,---,---,1,,,,,,---,---,---,---,---,---,---,---,---,---,---,---,---,---,---,---,---,---,1,,,1,,,1,,,,,ok,12.3259093,9.4623252,404.81,1.01,CT-Tau2Z6QQ21,Taura disabled group,Jigawa,Taura,,Production/Processing,Jigawa-WOFAN,0,0,0,0,6375,3188,0,0,85,6375,0,0,0,0,0,0,0,938a8094-19df-4bbc-9e02-15a4a210bb88,tau19,26/10/2025 18:10
5c4ed6eb-fb99-4add-b3f2-adb756947a8b,5c4ed6eb-fb99-4add-b3f2-adb756947a8b,2025-09-13,,,1,,,faro 67,2025-06-01,1,,,1,,,,,2025-09-27,2,85,12,---,---,---,---,2.0,85.0,---,---,1,,,,,,---,---,---,---,---,---,---,---,---,---,---,---,---,---,---,---,---,---,1,,,1,,,1,,,,,ok,12.3258595,9.4622919,397.71,0.95,CT-TauDGYKC55,Kwalam dump association,Jigawa,Taura,,Production/Processing,Jigawa-WOFAN,0,0,0,0,6375,3188,0,0,85,6375,0,0,0,0,0,0,0,6f78de7a-7bc2-43d2-a07f-5b08dfd23334,tau19,26/10/2025 18:11
220c04dc-c6a7-4f29-ac1a-dc573fcaf008,220c04dc-c6a7-4f29-ac1a-dc573fcaf008,2025-09-13,,,1,,,faro 67,2025-06-01,1,,,1,,,,,2025-09-26,2,85,12,---,---,---,---,2.0,85.0,---,---,1,,,,,,---,---,---,---,---,---,---,---,---,---,---,---,---,---,---,---,---,---,1,,,1,,,1,,,,,ok,12.325873,9.4622909,400.89,1.24,CT-Tau1FDPN51,Alkairi disability kwalam 2,Jigawa,Taura,,Production/Processing,Jigawa-WOFAN,0,0,0,0,6375,3188,0,0,85,6375,0,0,0,0,0,0,0,d0b7ae1f-2971-47ff-ab09-c186f778eed7,tau19,26/10/2025 18:12
30c9f9e1-b420-458b-a721-13d5bf8a7cd1,30c9f9e1-b420-458b-a721-13d5bf8a7cd1,2025-10-25,,,1,,,Rice,2025-07-21,1,,,1,,,,,2025-09-20,1,1,12,---,---,---,---,1.0,78.0,---,---,,,,1,,,---,---,1.0,---,1,,,,,,,,,,,,,,1,,,1,,,1,,,,,good,11.6695906,8.2672197,460.2,5.0,CT-BebNTD5E45,Durmawa agro marketers,Kano,Bebeji,Female,Production/Processing,Kano-WOFAN,0,0,0,0,5850,5850,0,0,78,5850,0,0,75,0,1,75,0,e49320fb-afa3-4fe0-bb9e-6a336925eef4,kir09,26/10/2025 18:30
c485a8a6-62d6-4837-a0b2-9f31e82fa8e9,c485a8a6-62d6-4837-a0b2-9f31e82fa8e9,2025-05-28,,,1,,,faro 68,2025-06-24,1,,,1,,,,,2025-10-26,1,1,11,---,---,---,---,1.0,65.0,---,---,1,,,,,,---,---,---,---,---,---,---,---,---,---,---,---,---,---,---,---,---,---,1,,,1,,,1,,,,,nice,11.547405,8.3817269,544.0,5.0,CT-Kir5NK1O01,KOGO AGRO MARKETERS CLUSTER.,Kano,Kiru,Female,Production,Kano-WOFAN,0,0,0,0,4875,4875,0,0,65,4875,0,0,0,0,0,0,0,22d478fc-361b-4759-96d7-1babc779ae50,kir05,26/10/2025 18:56
cec7b497-db11-477a-a878-e466cad38be3,cec7b497-db11-477a-a878-e466cad38be3,2025-10-26,,,1,,,rice,2025-07-25,1,,,1,,,,,2025-10-26,2,2,10,---,---,---,---,2.0,160.0,---,---,,,,1,,,---,---,1.0,---,1,,,,,,,,,,,,,,,1,,1,,,1,,,,,ok,12.0498669,9.4277234,422.7,3.85,CT-JahNIOC845,KUNGIYAR MATA MANOMAN SHINKAFA MASU BUKATA TA MUSAMMAN TA KANWA,Jigawa,Jahun,Female,Production,Jigawa-WOFAN,0,0,0,0,12000,6000,0,0,160,12000,0,0,75,0,1,75,0,52deda82-abab-4e3e-b093-2045a509284e,jah84,26/10/2025 19:22
16cf4620-cdf5-47f2-bbbf-e2f1c91cf8a2,16cf4620-cdf5-47f2-bbbf-e2f1c91cf8a2,2025-10-26,,,1,,,FARO64,2025-07-07,1,,,1,,,,,2025-10-26,2,2,90,---,---,---,---,2.0,160.0,---,---,1,,,,,,---,---,---,---,---,---,---,---,---,---,---,---,---,---,---,---,---,---,,1,,1,,,1,,,,,ok,12.0498187,9.4276035,422.4,3.7,CT-JahX6VHI25,KUNUNGIYAR HADAKA NAKASASSU KANWA GIDANKWARI,Jigawa,Jahun,Both,Production/Processing,Jigawa-WOFAN,0,0,0,0,12000,6000,0,0,160,12000,0,0,0,0,0,0,0,4d1c0ffd-bf41-4577-af9c-7cfe90b0f288,jah84,26/10/2025 19:22
d8be4172-8718-4c45-a2a8-2b476e65bfc2,d8be4172-8718-4c45-a2a8-2b476e65bfc2,2025-10-23,,,1,,,rice,2025-06-05,1,,,1,,,,,2025-10-24,2,2,75,---,---,---,---,2.0,150.0,---,---,1,,,,,,---,---,---,---,---,---,---,---,---,---,---,---,---,---,---,---,---,---,1,,,1,,,1,,,,,good,11.7227845,8.4229299,507.0,7.8,CT-Gar6NGTO14,Amana disabled cluster,Kano,Garum_Mallam,,Production,Kano-WOFAN,0,0,0,0,11250,5625,0,0,150,11250,0,0,0,0,0,0,0,bbe7f5b6-b465-4786-8b28-c78f683b563e,gmm50,26/10/2025 19:26
0b8a36e2-de58-465b-bd92-b6353b40f358,0b8a36e2-de58-465b-bd92-b6353b40f358,2025-10-26,,1,,,,maize,2025-06-02,1,,,1,,,,,2025-10-07,2,2,75,---,---,2.0,75.0,---,---,---,---,1,,,,,,---,---,---,---,---,---,---,---,---,---,---,---,---,---,---,---,---,---,1,,,1,,,1,,,,,good,11.7632067,8.42212,499.5,8.3,CT-GarBJPG402,YAN TUDU DISABLE ASSOCIATION,Kano,Garum_Mallam,,Production/Processing,Kano-WOFAN,0,0,7500,3750,0,0,0,0,75,7500,0,0,0,0,0,0,0,3da7e590-427d-481d-9e6e-b5a9af4e7d9b,gmm50,26/10/2025 19:26
211031f7-11ea-45d8-88b7-999a6bd66209,211031f7-11ea-45d8-88b7-999a6bd66209,2025-10-26,,,1,,,FARO64,2025-07-11,1,,,1,,,,,2025-10-26,2,2,90,---,---,---,---,2.0,160.0,---,---,1,,,,,,---,---,---,---,---,---,---,---,---,---,---,---,---,---,---,---,---,---,,1,,1,,,1,,,,,ok,12.0498492,9.4277504,407.0,2.6,CT-JahKA36Z27,PEOPLE WITH DISABILITY KANWA GIDAN TUDU,Jigawa,Jahun,Both,Production/Processing,Jigawa-WOFAN,0,0,0,0,12000,6000,0,0,160,12000,0,0,0,0,0,0,0,22d4bce8-7e48-4c6f-afd9-d5292876435f,jah84,26/10/2025 19:31
1410dda2-9d35-42c8-bf85-f87a0ea5e09d,1410dda2-9d35-42c8-bf85-f87a0ea5e09d,2025-10-25,,1,,,,Maize,2025-06-18,1,,,1,,,,,2025-10-25,2,65,13,---,---,2.0,65.0,---,---,---,---,1,,,,,,---,---,---,---,---,---,---,---,---,---,---,---,---,---,---,---,---,---,,1,,1,,,1,,,,,Good,11.1025236,8.3115201,680.68,2.02,CT-IkaWGLTS45,Asakale People with disability,Kaduna,Ikara,,Production,Kaduna-WOFAN,0,0,6500,3250,0,0,0,0,65,6500,0,0,0,0,0,0,0,a14d39f9-ad2c-4264-8f94-251665113b7f,ika27,26/10/2025 19:31
b12077dc-df34-40cf-9bdc-72ee7abe6603,b12077dc-df34-40cf-9bdc-72ee7abe6603,2025-10-24,,1,,,,Maize,2025-06-20,1,,,1,,,,,2025-10-24,2,100,13,---,---,2.0,65.0,---,---,---,---,1,,,,,,---,---,---,---,---,---,---,---,---,---,---,---,---,---,---,---,---,---,,1,,1,,,1,,,,,Good,11.1025191,8.3115333,679.53,4.73,CT-IkaSRNIO32,Hambawa masubuka ta musamman clusta,Kaduna,Ikara,,Production,Kaduna-WOFAN,0,0,6500,3250,0,0,0,0,65,6500,0,0,0,0,0,0,0,2f11bbe1-8843-45df-9b02-0df6be2d14b7,ika27,26/10/2025 19:31
29a26772-5b3a-4e92-8b02-b7cf1e5cac9d,29a26772-5b3a-4e92-8b02-b7cf1e5cac9d,2025-10-25,,1,,,,Maize,2025-06-14,1,,,1,,,,,2025-10-24,2,65,13,---,---,2.0,65.0,---,---,---,---,1,,,,,,---,---,---,---,---,---,---,---,---,---,---,---,---,---,---,---,---,---,,1,,1,,,1,,,,,Good,11.102119,8.3120557,682.02,2.45,CT-IkaSRNIO32,Hambawa masubuka ta musamman clusta,Kaduna,Ikara,,Production,Kaduna-WOFAN,0,0,6500,3250,0,0,0,0,65,6500,0,0,0,0,0,0,0,2f11bbe1-8843-45df-9b02-0df6be2d14b7,ika27,26/10/2025 19:31
3fc6f122-3d67-4fa1-bddc-5557ae181f65,3fc6f122-3d67-4fa1-bddc-5557ae181f65,2025-10-25,,,1,,,Rice,2025-07-25,1,,,1,,,,,2025-10-25,2,2,6,---,---,---,---,2.0,160.0,---,---,,,,1,,,---,---,1.0,---,,,,,,,,,,,,,1,,1,,,1,,,1,,,,,good,12.0477138,9.4225646,362.1,4.9,CT-JahCN8K256,Taraya Disable Association,Jigawa,Jahun,Both,Production/Processing,Jigawa-WOFAN,0,0,0,0,12000,6000,0,0,160,12000,0,0,75,0,1,75,0,15a17019-2830-486b-a0c2-eb66b56676d2,jah49,26/10/2025 20:03
e94f07af-2e5d-4a3e-80ef-53534f58af93,e94f07af-2e5d-4a3e-80ef-53534f58af93,2025-10-25,,,1,,,rice,2025-07-26,1,,,1,,,,,2025-10-26,2,2,6,---,---,---,---,2.0,155.0,---,---,,,,1,,,---,---,1.0,---,,,,,,,,,,,,,1,,1,,,1,,,1,,,,,good,12.0477067,9.422565,362.1,4.3,CT-JahK2TOU03,Taraya Women Disable Multi-purpose cooperative Society.,Jigawa,Jahun,Female,Production/Processing,Jigawa-WOFAN,0,0,0,0,11625,5813,0,0,155,11625,0,0,75,0,1,75,0,ebbfe2d1-841b-4134-81be-cc4b55ea1528,jah49,26/10/2025 20:05
c09e9cb9-4d8b-4609-8051-43f58512fbd5,c09e9cb9-4d8b-4609-8051-43f58512fbd5,2025-10-25,,,1,,,Faro67,2025-06-07,1,,,1,,,,,2025-10-20,2,2,12,---,---,---,---,2.0,160.0,---,---,1,,,,,,---,---,---,---,---,---,---,---,---,---,---,---,---,---,---,---,---,---,,1,,1,,,1,,,,,Successful work,10.2831963,9.800595,635.5,4.98,CT-TorVQ9KT36,ANGUWAN KEDA NABORDO PWD WOMEN WOFAN MULTIPOPUSE COOPERATIVE SOCIETY LIMITED,Bauchi,Toro,,Production/Processing,Bauchi-WOFAN,0,0,0,0,12000,6000,0,0,160,12000,0,0,0,0,0,0,0,e0f43233-a317-4564-937c-e74d6b9175d3,tor02,26/10/2025 20:20
f04de57e-d138-4685-9b3e-a045f2898b64,f04de57e-d138-4685-9b3e-a045f2898b64,2025-10-24,,,1,,,Faro67,2025-06-02,1,,,1,,,,,2025-10-20,2,2,13,---,---,---,---,2.0,160.0,---,---,1,,,,,,---,---,---,---,---,---,---,---,---,---,---,---,---,---,---,---,---,---,,1,,1,,,1,,,,,Successful work,10.2832338,9.8006466,622.46,4.95,CT-Tor8VFUJ23,TAKANDAN GIWA PWD WOMEN WOFAN MULTIPURPOSE COOPERATIVE SOCIETY,Bauchi,Toro,,Production/Processing,Bauchi-WOFAN,0,0,0,0,12000,6000,0,0,160,12000,0,0,0,0,0,0,0,4522fe91-0944-4fcd-a115-d4046267b566,tor02,26/10/2025 20:20
f96a3bfa-6fe0-4afe-836c-ed0ee512915e,f96a3bfa-6fe0-4afe-836c-ed0ee512915e,2025-10-26,,,1,,,faro64,2025-06-20,1,,,1,,,,,2025-10-26,2,3,95,---,---,---,---,1.0,165.0,---,---,1,,,,,,---,---,---,---,---,---,---,---,---,---,---,---,---,---,---,---,---,---,,1,,1,,,1,,,,,continue with work,12.0476767,9.4276633,410.6,5.86,CT-JahWKU3M38,Aujarawa masu saida gyada,Jigawa,Jahun,Female,Production,Jigawa-WOFAN,0,0,0,0,12375,12375,0,0,165,12375,0,0,0,0,0,0,0,1b9802b2-aad6-4c36-8503-b15787b33a1f,jah72,26/10/2025 20:40
791ea7db-89ef-4b37-9e28-59e0bbb7ecda,791ea7db-89ef-4b37-9e28-59e0bbb7ecda,2025-10-26,,,1,,,faro64,2025-06-20,1,,,1,,,,,2025-10-26,2,3,95,---,---,---,---,1.0,165.0,---,---,1,,,,,,---,---,---,---,---,---,---,---,---,---,---,---,---,---,---,---,---,---,,1,,1,,,1,,,,,continue with work,12.0477067,9.427645,417.3,4.8,CT-JahD332A15,Kungiyar kurame na gaskiwa,Jigawa,Jahun,,Production,Jigawa-WOFAN,0,0,0,0,12375,12375,0,0,165,12375,0,0,0,0,0,0,0,d2750d44-0804-4872-83d4-13903c941a0b,jah72,26/10/2025 20:40
c5727c94-69e7-4a19-96dc-c9caf902c2db,c5727c94-69e7-4a19-96dc-c9caf902c2db,2025-10-26,,,1,,,faro64,2025-06-20,1,,,1,,,,,2025-10-26,2,3,95,---,---,---,---,1.0,165.0,---,---,1,,,,,,---,---,---,---,---,---,---,---,---,---,---,---,---,---,---,---,---,---,,1,,1,,,1,,,,,continue with work,12.0476383,9.4276967,428.4,4.3,CT-JahCBRGR10,Kungiyar Masu Bukata ta Musamman Badin,Jigawa,Jahun,Female,Production/Processing,Jigawa-WOFAN,0,0,0,0,12375,12375,0,0,165,12375,0,0,0,0,0,0,0,9ec89dff-fd16-4110-bef8-a830cbd0baf5,jah72,26/10/2025 20:41
aaa6f67a-b8cc-4bdc-864f-7b320ca086c5,aaa6f67a-b8cc-4bdc-864f-7b320ca086c5,2025-10-26,,,1,,,faro64,2025-06-20,1,,,1,,,,,2025-10-26,2,3,95,---,---,---,---,1.0,165.0,---,---,1,,,,,,---,---,---,---,---,---,---,---,---,---,---,---,---,---,---,---,---,---,,1,,1,,,1,,,,,continue with work,12.0476333,9.4276233,427.7,6.2,CT-Jah5H5B658,Kungiyar kurame Atiman,Jigawa,Jahun,,Production,Jigawa-WOFAN,0,0,0,0,12375,12375,0,0,165,12375,0,0,0,0,0,0,0,3fa68f49-3197-4166-b15d-3caaf3966ecc,jah72,26/10/2025 20:41
7b090b7b-16c0-429d-9288-55132f0cc5ac,7b090b7b-16c0-429d-9288-55132f0cc5ac,2025-06-19,,,1,,,64,2025-10-21,1,,,1,,,,,2025-10-24,3,3,98,---,---,---,---,2.0,164.0,---,---,1,,,,,,---,---,---,---,---,---,---,---,---,---,---,---,---,---,---,---,---,---,1,,,1,,,1,,,,,ok,12.0473967,9.4259994,432.04,2.56,CT-Jah4EIO145,Aujara women's farmer disabled,Jigawa,Jahun,Both,Production/Processing,Jigawa-WOFAN,0,0,0,0,12300,6150,0,0,164,12300,0,0,0,0,0,0,0,84debd4b-ec41-4b6e-95ab-98ee02c58985,jah20,26/10/2025 20:58
ea82a5d4-21ea-4d7a-86c5-8063ea9fa600,ea82a5d4-21ea-4d7a-86c5-8063ea9fa600,2025-06-20,,1,,,,Faro 64,2025-10-17,1,,,1,,,,,2025-10-24,2,2,95,---,---,2.0,2.0,---,---,---,---,1,,,,,,---,---,---,---,---,---,---,---,---,---,---,---,---,---,---,---,---,---,1,,,1,,,1,,,,,ok,12.047075,9.4261183,1355.0,2.63,CT-Jah640KA27,Kanwa women disabled,Jigawa,Jahun,Both,Production/Processing,Jigawa-WOFAN,0,0,200,100,0,0,0,0,2,200,0,0,0,0,0,0,0,e46902eb-b98c-4630-9694-3971725695d7,jah20,26/10/2025 20:58
fb9353f1-6795-4aab-91dd-46fc8e99b024,fb9353f1-6795-4aab-91dd-46fc8e99b024,2025-06-22,,,1,,,Faro 65,2025-10-26,1,,,1,,,,,2025-10-19,3,3,93,---,---,---,---,2.0,2.0,---,---,1,,,,,,---,---,---,---,---,---,---,---,---,---,---,---,---,---,---,---,---,---,1,,,1,,,1,,,,,ok,12.0474901,9.4259386,424.33,1.89,CT-JahFY2UN36,Aujara women's disble,Jigawa,Jahun,Both,Production/Processing,Jigawa-WOFAN,0,0,0,0,150,75,0,0,2,150,0,0,0,0,0,0,0,9c0fd3ac-9311-445f-9522-efae244b1b66,jah20,26/10/2025 20:58
9821349c-7642-478c-a4c3-2ffdc273f9aa,9821349c-7642-478c-a4c3-2ffdc273f9aa,2025-10-26,,1,,,,maize,2023-06-26,1,,,1,,,,,2024-10-16,2,2,14,---,---,2.0,160.0,---,---,---,---,1,,,,,,---,---,---,---,---,---,---,---,---,---,---,---,---,---,---,---,---,---,,1,,1,,,1,,,,,ok,12.0495825,9.4254482,420.4,3.8,CT-Jah0MC1I40,KUNGIYAAR MA KAFI DA  KURMAI TARAYA,Jigawa,Jahun,Female,Production/Processing,Jigawa-WOFAN,0,0,16000,8000,0,0,0,0,160,16000,0,0,0,0,0,0,0,f55d50c6-af0b-469c-bdaf-2a30b6e595c4,jah68,26/10/2025 21:13
af9e27ab-efea-46a9-ba45-a0341290d2f1,af9e27ab-efea-46a9-ba45-a0341290d2f1,2025-05-26,,1,,,,maize,2025-07-22,1,,,1,,,,,2025-10-21,2,2,160,---,---,2.0,160.0,---,---,---,---,1,,,,,,---,---,---,---,---,---,---,---,---,---,---,---,---,---,---,---,---,---,1,,,1,,,1,,,,,good,12.0489342,9.4249942,420.0,4.4,CT-Jah5OVPF38,Gangawa Disable Cluster,Jigawa,Jahun,Both,Production/Processing,Jigawa-WOFAN,0,0,16000,8000,0,0,0,0,160,16000,0,0,0,0,0,0,0,55e1a6ee-f7bc-4411-a86e-1fcb671e491c,jah68,26/10/2025 21:13
f3a3b5f1-1b63-4430-928a-19d544a60f6d,f3a3b5f1-1b63-4430-928a-19d544a60f6d,2025-10-25,,1,,,,Maize,2025-10-25,1,,,1,,,,,2025-10-25,1,1,12,---,---,1.0,50.0,---,---,---,---,,,1,,,,---,4.0,---,---,,,,,,,,,,,1,,,,,1,,1,,,1,,,,,Gona nice,11.5480131,8.382763,541.4,4.93,CT-Beb6S1NZ27,DAGWAGWA UNITY CLUSTER,Kano,Bebeji,,Production/Processing,Kano-WOFAN,0,0,5000,5000,0,0,0,0,50,5000,0,400,0,0,4,400,0,762e952c-171c-41a2-9451-c0e7dea6de37,beb43,26/10/2025 21:22
b8cff09e-2cd9-4430-a47a-45d4cda5f1b9,b8cff09e-2cd9-4430-a47a-45d4cda5f1b9,2025-10-23,,,1,,,Rice,2025-06-01,1,,,1,,,,,2025-10-23,1,1,12,---,---,---,---,1.0,60.0,---,---,,,,1,,,---,---,3.0,---,,,,,,,,,,,1,,,,,1,,1,,,1,,,,,Masha Allah,11.5479756,8.3828421,546.09,3.93,CT-Beb6PYDK10,KOFA KUKAR KWANDO CLUSTER,Kano,Bebeji,,Production/Processing,Kano-WOFAN,0,0,0,0,4500,4500,0,0,60,4500,0,0,225,0,3,225,0,2874c4c5-b66d-46bc-8ef9-32153d05167b,beb43,26/10/2025 21:22
3745230f-651a-416b-8673-ca1a08cc7745,3745230f-651a-416b-8673-ca1a08cc7745,2025-10-26,,1,1,,,rice maize,2025-06-16,1,,,1,,,,,2025-10-16,2,2,74,---,---,2.0,80.0,2.0,150.0,---,---,1,,,,,,---,---,---,---,---,---,---,---,---,---,---,---,---,---,---,---,---,---,1,,,1,,,1,,,,,excellent,11.6348767,8.4058317,512.2,4.7,CT-Gar2MOQU14,Yalwa Disable co'operarive,Kano,Garum_Mallam,,Production,Kano-WOFAN,0,0,8000,4000,11250,5625,0,0,230,19250,0,0,0,0,0,0,0,8e4c0551-d923-459c-84b9-f06916e4386b,bun02,26/10/2025 21:36
6cc1fd82-b699-4330-815e-dae056aceb01,6cc1fd82-b699-4330-815e-dae056aceb01,2025-10-26,,1,1,,,rice,2025-06-17,1,,,1,,,,,2025-10-12,2,2,75,---,---,2.0,75.0,2.0,145.0,---,---,1,,,,,,---,---,---,---,---,---,---,---,---,---,---,---,---,---,---,---,---,---,1,,,1,,,1,,,,,good,11.63473,8.406,521.7,5.0,CT-GarZIACR56,yalwan kwari disable farmer multipurpose,Kano,Garum_Mallam,,Production,Kano-WOFAN,0,0,7500,3750,10875,5438,0,0,220,18375,0,0,0,0,0,0,0,ee9b3e93-45c1-4fa8-9d93-8b0b6b153d88,bun02,26/10/2025 21:36
45d29a6e-f1f9-4e0d-aa19-732bd94ef442,45d29a6e-f1f9-4e0d-aa19-732bd94ef442,2025-10-20,,,1,,,1,2025-06-19,1,,,1,,,,,2025-07-24,2,2,96,---,---,---,---,2.0,160.0,---,---,1,,,,,,---,---,---,---,---,---,---,---,---,---,---,---,---,---,---,---,---,---,,1,,1,,,1,,,,,good,12.0487062,9.42429,372.46,3.71,CT-Jah5KMMD15,Women Disable Association Kanwa,Jigawa,Jahun,Female,Production/Processing,Jigawa-WOFAN,0,0,0,0,12000,6000,0,0,160,12000,0,0,0,0,0,0,0,7b8de60d-e1cf-4f87-831b-c15183646fbd,jah54,26/10/2025 21:52
57fdc3a8-1fd4-4cd8-a685-7df2364db411,57fdc3a8-1fd4-4cd8-a685-7df2364db411,2025-10-22,,,1,,,1,2025-06-23,1,,,1,,,,,2025-09-21,2,2,95,---,---,---,---,2.0,160.0,---,---,1,,,,,,---,---,---,---,---,---,---,---,---,---,---,---,---,---,---,---,---,---,,1,,1,,,1,,,,,good,12.0484664,9.4246599,526.01,4.16,CT-JahGW1G106,Kanwa women Farmers Association,Jigawa,Jahun,Female,Production/Processing,Jigawa-WOFAN,0,0,0,0,12000,6000,0,0,160,12000,0,0,0,0,0,0,0,90879923-3957-47ce-bbfa-5074704c3c73,jah54,26/10/2025 22:11
dcbeaf61-2572-4110-818a-53fc2794eaa2,dcbeaf61-2572-4110-818a-53fc2794eaa2,2025-10-26,,1,,,,mazae,2025-10-27,,1,,1,,,,,2025-10-27,20,20,20,---,---,2.0,20.0,---,---,---,---,,,1,,,,---,20.0,---,---,,,,,,,,,,,,,1,,,1,,1,,,1,,,,,w,11.4608255,8.2015138,638.77,1.51,CT-Kir3CIW929,Kwanar Dangora micro produce Markiters,Kano,Kiru,Female,Production/Processing,Kano-WOFAN,0,0,2000,1000,0,0,0,0,20,2000,0,2000,0,0,20,2000,0,b2ace266-a940-4b99-9c29-c33c77d83059,kir18,27/10/2025 04:31
e9bbacde-dc8c-4d89-8fcc-5b877e014c68,e9bbacde-dc8c-4d89-8fcc-5b877e014c68,2025-10-27,,1,,,,yes,2025-10-27,1,,,1,,,,,2025-10-27,20,20,2,---,---,2.0,20.0,---,---,---,---,,,1,,,,---,20.0,---,---,,,,,,,,,,,,,1,,,1,,1,,,1,,,,,very first,11.4610654,8.2017845,655.07,1.18,CT-Kir3CIW929,Kwanar Dangora micro produce Markiters,Kano,Kiru,Female,Production/Processing,Kano-WOFAN,0,0,2000,1000,0,0,0,0,20,2000,0,2000,0,0,20,2000,0,b2ace266-a940-4b99-9c29-c33c77d83059,kir18,27/10/2025 04:33
bb06b8aa-f7df-4cae-8591-78a45e035872,bb06b8aa-f7df-4cae-8591-78a45e035872,2025-10-27,,1,,,,sammez 61,2025-06-28,1,,,1,,,,,2025-10-21,2,2,1,---,---,2.0,85.0,---,---,---,---,1,,,,,,---,---,---,---,---,---,---,---,---,---,---,---,---,---,---,---,---,---,1,,,1,,,1,,,,,good,11.6485267,8.44553,517.1,2.29,CT-Gar4QOLD56,Barnawa cluster A,Kano,Garum_Mallam,Female,Production/Processing,Kano-WOFAN,0,0,8500,4250,0,0,0,0,85,8500,0,0,0,0,0,0,0,d785f21d-bb5e-4d96-9b05-3ed0d9cbbf1f,bun11,27/10/2025 06:47
9828a0c7-2d08-4736-8c0f-475b0d55f072,9828a0c7-2d08-4736-8c0f-475b0d55f072,2025-10-24,,1,,,,Sammez 61,2025-07-05,1,,,1,,,,,2025-10-21,2,2,1,---,---,2.0,89.0,---,---,---,---,1,,,,,,---,---,---,---,---,---,---,---,---,---,---,---,---,---,---,---,---,---,1,,,1,,,1,,,,,good job,11.6484317,8.4454933,515.5,3.4,CT-GarBQSFX10,BARNAWA CLUSTER A,Kano,Garum_Mallam,Female,Production/Processing,Kano-WOFAN,0,0,8900,4450,0,0,0,0,89,8900,0,0,0,0,0,0,0,e210dfc5-c75d-47f8-942a-fb0c61c2347d,bun11,27/10/2025 06:50
f0d24fb3-7178-484d-a7f8-ee9a6839e79d,f0d24fb3-7178-484d-a7f8-ee9a6839e79d,2025-09-29,,1,,,,Faro68,2025-06-22,1,,,1,,,,,2025-10-29,1,1,11,---,---,1.0,45.0,---,---,---,---,,,1,,,,---,45.0,---,---,,,,,,,,,,,,,1,,1,,,1,,,1,,,,,Aikinsu yayi kyau Sosai,11.4558364,8.206423,643.21,3.72,CT-BebB757M53,Bebeji Albarka Maize Producers Commercial Agricultural Cluster.,Kano,Bebeji,Male,Production/Processing,Kano-WOFAN,0,0,4500,4500,0,0,0,0,45,4500,0,4500,0,0,45,4500,0,6871f800-2156-4165-b962-b7a7a69568ba,kir15,27/10/2025 06:51
e29661e8-748f-4c41-8f0b-f1078fa213cb,e29661e8-748f-4c41-8f0b-f1078fa213cb,2025-10-26,,,1,,,faro44,2025-06-25,1,,,1,,,,,2025-10-25,2,2,2,---,---,---,---,2.0,175.0,---,---,1,,,,,,---,---,---,---,---,---,---,---,---,---,---,---,---,---,---,---,---,---,1,,,1,,,1,,,,,good,11.6467483,8.4434933,495.4,2.8,CT-GarFTGG641,Garun malam kungiyar Yan awara,Kano,Garum_Mallam,Female,Production/Processing,Kano-WOFAN,0,0,0,0,13125,6563,0,0,175,13125,0,0,0,0,0,0,0,15e2e593-2aec-422e-9c6b-93c07f4e214e,gmm14,27/10/2025 06:51
77c15c88-4647-4195-aef1-0523594b59e5,77c15c88-4647-4195-aef1-0523594b59e5,2025-10-26,,,1,,,faro44,2025-06-25,1,,,1,,,,,2025-10-20,2,2,2,---,---,---,---,2.0,178.0,---,---,1,,,,,,---,---,---,---,---,---,---,---,---,---,---,---,---,---,---,---,---,---,,1,,1,,,1,,,,,good,11.646745,8.44351,494.8,2.6,CT-Gar6NGTO14,Amana disabled cluster,Kano,Garum_Mallam,,Production,Kano-WOFAN,0,0,0,0,13350,6675,0,0,178,13350,0,0,0,0,0,0,0,bbe7f5b6-b465-4786-8b28-c78f683b563e,gmm14,27/10/2025 06:51
2e5ccc44-d3c8-41c7-b003-ebdd83cb642d,2e5ccc44-d3c8-41c7-b003-ebdd83cb642d,2025-10-25,,,1,,,faro44,2025-06-25,1,,,1,,,,,2025-10-18,2,2,2,---,---,---,---,2.0,185.0,---,---,1,,,,,,---,---,---,---,---,---,---,---,---,---,---,---,---,---,---,---,---,---,1,,,1,,,1,,,,,good,11.64675,8.4435317,495.1,4.09,CT-GarFNPKB09,DOGARO DAKAI DISABLE ASSOCIATION,Kano,Garum_Mallam,,Production/Processing,Kano-WOFAN,0,0,0,0,13875,6938,0,0,185,13875,0,0,0,0,0,0,0,eaa3b7e4-0ac6-40ca-89c8-d6ae63ff8bc0,gmm14,27/10/2025 06:51
d55829ec-b8fa-435b-a7ff-960e94ff4119,d55829ec-b8fa-435b-a7ff-960e94ff4119,2025-10-26,,,1,,,faro44,2025-06-26,1,,,1,,,,,2025-10-21,2,2,0,---,---,---,---,2.0,175.0,---,---,1,,,,,,---,---,---,---,---,---,---,---,---,---,---,---,---,---,---,---,---,---,1,,,1,,,1,,,,,good,11.64677,8.4435567,495.0,4.7,CT-GarPW5KU47,FATA NAGARI DISABLE ASSOCIATION,Kano,Garum_Mallam,,Production/Processing,Kano-WOFAN,0,0,0,0,13125,6563,0,0,175,13125,0,0,0,0,0,0,0,487357ec-11e3-44a8-842d-983341299919,gmm14,27/10/2025 06:51
991ceaeb-8864-44db-aea0-541e3bdcfbbc,991ceaeb-8864-44db-aea0-541e3bdcfbbc,2025-10-25,,,1,,,faro44,2025-06-26,1,,,1,,,,,2025-10-22,2,2,1,---,---,---,---,2.0,180.0,---,---,1,,,,,,---,---,---,---,---,---,---,---,---,---,---,---,---,---,---,---,---,---,1,,,1,,,1,,,,,good,11.6467467,8.44352,494.7,2.9,CT-Gar2DN7833,Garun Babba disabled cluster A,Kano,Garum_Mallam,,Production,Kano-WOFAN,0,0,0,0,13500,6750,0,0,180,13500,0,0,0,0,0,0,0,a776f90a-6525-4a81-9326-b1e18e740ad1,gmm14,27/10/2025 06:51
11b2b64c-cccd-43a3-800a-b7266d6165e5,11b2b64c-cccd-43a3-800a-b7266d6165e5,2025-10-26,,,1,,,faro44,2025-06-23,1,,,1,,,,,2025-10-18,2,2,2,---,---,---,---,2.0,182.0,---,---,1,,,,,,---,---,---,---,---,---,---,---,---,---,---,---,---,---,---,---,---,---,1,,,1,,,1,,,,,good,11.6467317,8.4435217,494.7,4.7,CT-Gar4GKYF57,Garun Babba Disabled cluster B,Kano,Garum_Mallam,,Production,Kano-WOFAN,0,0,0,0,13650,6825,0,0,182,13650,0,0,0,0,0,0,0,1ec2467d-4b4f-4da3-9885-a48328b4db96,gmm14,27/10/2025 06:51
b76fd05c-20af-49c5-bab7-cbb13b16177f,b76fd05c-20af-49c5-bab7-cbb13b16177f,2025-10-26,,,1,,,faro44,2025-06-24,1,,,1,,,,,2025-10-22,2,2,1,---,---,---,---,2.0,181.0,---,---,1,,,,,,---,---,---,---,---,---,---,---,---,---,---,---,---,---,---,---,---,---,1,,,1,,,1,,,,,good,11.6467433,8.44352,494.4,2.5,CT-Gar40CIC18,Garun Mallam disabled cluster A,Kano,Garum_Mallam,,Production,Kano-WOFAN,0,0,0,0,13575,6788,0,0,181,13575,0,0,0,0,0,0,0,c61f66c7-7d3c-4d81-be19-d918aac27abf,gmm14,27/10/2025 06:51
885cba64-21c3-47bd-a803-efca3f43794c,885cba64-21c3-47bd-a803-efca3f43794c,2025-10-24,,,1,,,faro44,2025-06-23,1,,,1,,,,,2025-10-24,2,2,1,---,---,---,---,2.0,179.0,---,---,1,,,,,,---,---,---,---,---,---,---,---,---,---,---,---,---,---,---,---,---,---,1,,,1,,,1,,,,,good,11.6467383,8.4434983,493.8,2.6,CT-Gar0THZ551,Garun Mallam disabled cluster B,Kano,Garum_Mallam,,Production,Kano-WOFAN,0,0,0,0,13425,6713,0,0,179,13425,0,0,0,0,0,0,0,54678557-c4ef-4681-9340-b4eb4a09f75f,gmm14,27/10/2025 06:51
2796f9c9-3ffa-47f7-9db3-6f3d2e4c1d47,2796f9c9-3ffa-47f7-9db3-6f3d2e4c1d47,2025-10-26,,,1,,,faro44,2025-06-27,1,,,1,,,,,2025-10-22,2,2,2,---,---,---,---,2.0,181.0,---,---,1,,,,,,---,---,---,---,---,---,---,---,---,---,---,---,---,---,---,---,---,---,1,,,1,,,1,,,,,good,11.6467567,8.4435533,494.2,4.4,CT-Gar98X0O39,kadawa Amana disabled cluster,Kano,Garum_Mallam,,Production,Kano-WOFAN,0,0,0,0,13575,6788,0,0,181,13575,0,0,0,0,0,0,0,eb84dc2c-3204-4f48-a48e-7ee9a218587e,gmm14,27/10/2025 06:51
37e2925e-a1bb-4d05-8827-58d5f267a1de,37e2925e-a1bb-4d05-8827-58d5f267a1de,2025-10-26,,,1,,,faro44,2025-06-28,1,,,1,,,,,2025-10-22,2,2,2,---,---,---,---,2.0,189.0,---,---,1,,,,,,---,---,---,---,---,---,---,---,---,---,---,---,---,---,---,---,---,---,1,,,1,,,1,,,,,Nice,11.6467833,8.4435167,493.8,2.2,CT-GarX2FKZ54,KAFIN ALLAH DISABLE ASSOCIATION,Kano,Garum_Mallam,,Production/Processing,Kano-WOFAN,0,0,0,0,14175,7088,0,0,189,14175,0,0,0,0,0,0,0,8e3f8275-03db-4750-94bb-12c167cccb53,gmm14,27/10/2025 06:51
91676d99-462a-455c-95bd-7162c33d537b,91676d99-462a-455c-95bd-7162c33d537b,2025-10-25,,,1,,,faro44,2025-06-29,1,,,1,,,,,2025-10-21,2,2,1,---,---,---,---,2.0,175.0,---,---,1,,,,,,---,---,---,---,---,---,---,---,---,---,---,---,---,---,---,---,---,---,,1,,,1,,1,,,,,good,11.6468067,8.443605,493.2,3.4,CT-GarIBBUX41,SABON GARI WOMAN BUSINESS,Kano,Garum_Mallam,Female,Production/Processing,Kano-WOFAN,0,0,0,0,13125,6563,0,0,175,13125,0,0,0,0,0,0,0,798e8159-6132-45e5-bd01-796639998dda,gmm14,27/10/2025 06:52
5570e4cc-e600-41d6-9347-1167fd38997b,5570e4cc-e600-41d6-9347-1167fd38997b,2025-10-25,,,1,,,faro44,2025-06-30,1,,,1,,,,,2025-10-21,2,2,2,---,---,---,---,2.0,185.0,---,---,1,,,,,,---,---,---,---,---,---,---,---,---,---,---,---,---,---,---,---,---,---,1,,,1,,,1,,,,,good,11.64672,8.4435533,510.2,2.2,CT-GarF8E5N54,UNGUWAR KUDU FADAMA FARMERS(ADD),Kano,Garum_Mallam,Female,Production/Processing,Kano-WOFAN,0,0,0,0,13875,6938,0,0,185,13875,0,0,0,0,0,0,0,c734854d-0061-40b7-aab2-89eea84bd513,gmm14,27/10/2025 06:52
6ba4f20d-f0c2-4b21-bf62-975eac116c39,6ba4f20d-f0c2-4b21-bf62-975eac116c39,2025-10-25,,,1,,,faro44,2025-06-25,1,,,1,,,,,2025-10-21,2,2,1,---,---,---,---,2.0,185.0,---,---,1,,,,,,---,---,---,---,---,---,---,---,---,---,---,---,---,---,---,---,---,---,1,,,1,,,1,,,,,good,11.646725,8.4436067,509.5,3.7,CT-GarPUB7Y48,Unguwar kudu funkaso Amana (A),Kano,Garum_Mallam,Female,Production/Processing,Kano-WOFAN,0,0,0,0,13875,6938,0,0,185,13875,0,0,0,0,0,0,0,4818c2c7-27ac-4d13-9b05-c024167c9700,gmm14,27/10/2025 06:52
a4450dc3-f21d-4818-8e74-94b1d6dc22e8,a4450dc3-f21d-4818-8e74-94b1d6dc22e8,2025-10-25,,,1,,,faro 44,2025-06-26,1,,,1,,,,,2025-10-20,2,2,2,---,---,---,---,2.0,172.0,---,---,1,,,,,,---,---,---,---,---,---,---,---,---,---,---,---,---,---,---,---,---,---,1,,,1,,,1,,,,,good,11.6467333,8.4435233,508.7,3.4,CT-GarBJPG402,YAN TUDU DISABLE ASSOCIATION,Kano,Garum_Mallam,,Production/Processing,Kano-WOFAN,0,0,0,0,12900,6450,0,0,172,12900,0,0,0,0,0,0,0,3da7e590-427d-481d-9e6e-b5a9af4e7d9b,gmm14,27/10/2025 06:52
4c2f7350-5e03-4722-b151-4328a4bef86d,4c2f7350-5e03-4722-b151-4328a4bef86d,2025-10-25,,,1,,,faro44,2025-06-25,1,,,1,,,,,2025-10-18,2,2,2,---,---,---,---,2.0,182.0,---,---,1,,,,,,---,---,---,---,---,---,---,---,---,---,---,---,---,---,---,---,---,---,1,,,1,,,1,,,,,good,11.646735,8.44356,508.5,3.0,CT-GarWXPYW40,Yanaba disabled cluster,Kano,Garum_Mallam,,Production,Kano-WOFAN,0,0,0,0,13650,6825,0,0,182,13650,0,0,0,0,0,0,0,bf62949c-c054-4b26-9a20-b962e3e9769b,gmm14,27/10/2025 06:52
164c3d70-39ff-4763-bd0b-4255a07eea97,164c3d70-39ff-4763-bd0b-4255a07eea97,2025-09-29,,,1,,,Faro68,2025-06-14,1,,,1,,,,,2025-09-29,1,1,12,---,---,---,---,1.0,75.0,---,---,,,,1,,,---,---,70.0,---,,,,,,,,,,,,,1,,1,,,1,,,1,,,,,Very good,11.4560259,8.206391,635.18,3.8,CT-Beb4RONH56,Hayin Gwarmai Kofa Sorghum Farmers Agro Marketers Cluster.,Kano,Bebeji,Female,Production/Processing,Kano-WOFAN,0,0,0,0,5625,5625,0,0,75,5625,0,0,5250,0,70,5250,0,3841ce2b-4a3f-4bff-ae69-39e3477ee93b,kir15,27/10/2025 06:56
79d0b74b-9586-48d2-9f9b-a39a73c60987,79d0b74b-9586-48d2-9f9b-a39a73c60987,2025-09-28,,,1,,,Faro68,2025-06-14,1,,,1,,,,,2025-09-28,1,1,11,---,---,---,---,1.0,65.0,---,---,,,,1,,,---,---,65.0,---,,,,,,,,,,,,,1,,1,,,1,,,1,,,,,Good,11.4569427,8.2040239,621.63,4.94,CT-BebBKQ9L53,bebeji gangare bakin kasuwa cluster agro marketers,Kano,Bebeji,Female,Production/Processing,Kano-WOFAN,0,0,0,0,4875,4875,0,0,65,4875,0,0,4875,0,65,4875,0,5833d9c0-51b6-4ef9-8421-31f71f1c5afa,kir15,27/10/2025 07:10
dc37c612-fe26-40b1-a442-cf843c4307a9,dc37c612-fe26-40b1-a442-cf843c4307a9,2025-10-21,,,1,,,Faro68,2025-06-13,1,,,1,,,,,2025-10-21,1,1,11,---,---,---,---,1.0,68.0,---,---,,,,1,,,---,---,68.0,---,,,,,,,,,,,,,1,,1,,,1,,,1,,,,,Very Good,11.457012,8.204044,650.01,2.03,CT-BebNTD5E45,Durmawa agro marketers,Kano,Bebeji,Female,Production/Processing,Kano-WOFAN,0,0,0,0,5100,5100,0,0,68,5100,0,0,5100,0,68,5100,0,e49320fb-afa3-4fe0-bb9e-6a336925eef4,kir15,27/10/2025 07:13
5650e71e-6ea0-48e5-9a69-4a3b356664d8,5650e71e-6ea0-48e5-9a69-4a3b356664d8,2025-10-27,,1,,,,Nana maize,2025-06-28,1,,,1,,,,,2025-10-09,2,2,12,---,---,2.0,140.0,---,---,---,---,1,,,,,,---,---,---,---,---,---,---,---,---,---,---,---,---,---,---,---,---,---,1,,,1,,,1,,,,,Successful,10.0275869,11.1965921,459.85,0.5,CT-Akk445UU32,Kumo PWDs WOFAN Cluster,Gombe,Akko,,Production/Processing,Gombe-WOFAN,0,0,14000,7000,0,0,0,0,140,14000,0,0,0,0,0,0,0,d95836d8-72fc-4ead-ac55-d43cd6177db0,akk05,27/10/2025 07:28
ccf7ca00-e05c-4c92-9e5e-6aa605885f75,ccf7ca00-e05c-4c92-9e5e-6aa605885f75,2025-10-26,,1,,,,maize,2025-06-10,1,,,1,,,,,2025-10-10,2,2,100,---,---,2.0,80.0,---,---,---,---,1,,,,,,---,---,---,---,---,---,---,---,---,---,---,---,---,---,---,---,---,---,1,,,1,,,1,,,,,good,11.6623417,8.45333,498.9,2.0,CT-GarL49N710,Kofar yamma Yan kuli cooperative Society Limited,Kano,Garum_Mallam,,Production/Processing,Kano-WOFAN,0,0,8000,4000,0,0,0,0,80,8000,0,0,0,0,0,0,0,fd21563c-f488-4c35-b3fd-e29f9c6a7729,bun17,27/10/2025 07:55
d7cdf4fa-c276-4032-9488-83df1c1b744e,d7cdf4fa-c276-4032-9488-83df1c1b744e,2025-10-26,,,1,,,rice,2025-06-10,1,,,1,,,,,2025-10-10,2,2,75,---,---,---,---,2.0,150.0,---,---,1,,,,,,---,---,---,---,---,---,---,---,---,---,---,---,---,---,---,---,---,---,1,,,1,,,1,,,,,good,11.6623917,8.4533717,497.7,2.1,CT-GarL49N710,Kofar yamma Yan kuli cooperative Society Limited,Kano,Garum_Mallam,,Production/Processing,Kano-WOFAN,0,0,0,0,11250,5625,0,0,150,11250,0,0,0,0,0,0,0,fd21563c-f488-4c35-b3fd-e29f9c6a7729,bun17,27/10/2025 07:55
d0bd4693-9e7d-4673-858f-b96481b2a802,d0bd4693-9e7d-4673-858f-b96481b2a802,2025-10-26,,1,,,,maize,2025-06-10,1,,,1,,,,,2025-10-10,2,2,80,---,---,2.0,80.0,---,---,---,---,1,,,,,,---,---,---,---,---,---,---,---,---,---,---,---,---,---,---,---,---,---,1,,,1,,,1,,,,,good,11.6623717,8.4533683,497.9,1.9,CT-GarNOE0Q23,Mudawa Alheri Yan Kuli da mai Development Association Limited,Kano,Garum_Mallam,,Production/Processing,Kano-WOFAN,0,0,8000,4000,0,0,0,0,80,8000,0,0,0,0,0,0,0,65e749f2-b433-4380-9984-26ad8df54362,bun17,27/10/2025 07:55
330a920e-c8a3-476a-83f6-61a6b58e0576,330a920e-c8a3-476a-83f6-61a6b58e0576,2025-10-26,,,1,,,rice,2025-06-10,1,,,1,,,,,2025-10-26,2,2,80,---,---,---,---,2.0,80.0,---,---,1,,,,,,---,---,---,---,---,---,---,---,---,---,---,---,---,---,---,---,---,---,1,,,1,,,1,,,,,good,11.66236,8.4532433,498.4,2.7,CT-GarNOE0Q23,Mudawa Alheri Yan Kuli da mai Development Association Limited,Kano,Garum_Mallam,,Production/Processing,Kano-WOFAN,0,0,0,0,6000,3000,0,0,80,6000,0,0,0,0,0,0,0,65e749f2-b433-4380-9984-26ad8df54362,bun17,27/10/2025 07:55
433f077c-efb4-4d52-a82e-e3ec896923e1,433f077c-efb4-4d52-a82e-e3ec896923e1,2025-10-27,,1,,,,maize,2025-06-10,1,,,1,,,,,2025-10-10,2,2,80,---,---,2.0,80.0,---,---,---,---,1,,,,,,---,---,---,---,---,---,---,---,---,---,---,---,---,---,---,---,---,---,1,,,1,,,1,,,,,good,11.6497674,8.4497011,489.4,4.55,CT-GarQXM1M38,Mudawa Dogaro Dakai Women Development Association Limited,Kano,Garum_Mallam,,Production/Processing,Kano-WOFAN,0,0,8000,4000,0,0,0,0,80,8000,0,0,0,0,0,0,0,4e5a52c3-edee-4ee7-816a-a2a807b51b3e,bun17,27/10/2025 08:15
45c427a8-933e-4934-ae58-c539124106b2,45c427a8-933e-4934-ae58-c539124106b2,2025-10-27,,,1,,,Rice,2025-06-10,1,,,1,,,,,2025-10-10,2,2,75,---,---,---,---,2.0,150.0,---,---,1,,,,,,---,---,---,---,---,---,---,---,---,---,---,---,---,---,---,---,---,---,1,,,1,,,1,,,,,good,11.649834,8.4496689,489.3,4.8,CT-GarQXM1M38,Mudawa Dogaro Dakai Women Development Association Limited,Kano,Garum_Mallam,,Production/Processing,Kano-WOFAN,0,0,0,0,11250,5625,0,0,150,11250,0,0,0,0,0,0,0,4e5a52c3-edee-4ee7-816a-a2a807b51b3e,bun17,27/10/2025 08:15
adf30758-62bc-4981-9f3b-28e0f84a6eff,adf30758-62bc-4981-9f3b-28e0f84a6eff,2025-10-27,,1,,,,maize,2025-06-10,1,,,1,,,,,2025-10-10,2,2,100,---,---,2.0,80.0,---,---,---,---,1,,,,,,---,---,---,---,---,---,---,---,---,---,---,---,---,---,---,---,---,---,1,,,1,,,1,,,,,good,11.6498384,8.4496885,489.7,4.95,CT-Gar9F5ZE44,Mudawa kofar kudu Amana Dambu cooperative Society Limited,Kano,Garum_Mallam,,Production/Processing,Kano-WOFAN,0,0,8000,4000,0,0,0,0,80,8000,0,0,0,0,0,0,0,0f1aaa56-23e9-4d56-8ea5-ca812f171984,bun17,27/10/2025 08:15
d6f24405-a309-4dac-8eef-2a7761e542b3,d6f24405-a309-4dac-8eef-2a7761e542b3,2025-10-27,,,1,,,rice,2025-06-10,1,,,1,,,,,2025-10-10,2,2,75,---,---,---,---,2.0,150.0,---,---,1,,,,,,---,---,---,---,---,---,---,---,---,---,---,---,---,---,---,---,---,---,1,,,1,,,1,,,,,good,11.6496086,8.449705,489.9,5.0,CT-Gar9F5ZE44,Mudawa kofar kudu Amana Dambu cooperative Society Limited,Kano,Garum_Mallam,,Production/Processing,Kano-WOFAN,0,0,0,0,11250,5625,0,0,150,11250,0,0,0,0,0,0,0,0f1aaa56-23e9-4d56-8ea5-ca812f171984,bun17,27/10/2025 08:15
a26c4826-3107-4ce2-b91f-ce570d2cde72,a26c4826-3107-4ce2-b91f-ce570d2cde72,2025-10-27,,1,,,,maize,2025-06-10,1,,,1,,,,,2025-10-10,2,2,80,---,---,2.0,80.0,---,---,---,---,1,,,,,,---,---,---,---,---,---,---,---,---,---,---,---,---,---,---,---,---,---,1,,,1,,,1,,,,,good,11.651095,8.44852,506.1,3.2,CT-GarJ8XRO35,Mudawa Masu Kiwon Kaji Da Awaki Development Association Limited,Kano,Garum_Mallam,,Production/Processing,Kano-WOFAN,0,0,8000,4000,0,0,0,0,80,8000,0,0,0,0,0,0,0,d61c77dd-848c-4f87-9127-c50517222cad,bun17,27/10/2025 08:18
1355aaac-2964-4b17-bb73-76e1bc862a07,1355aaac-2964-4b17-bb73-76e1bc862a07,2025-10-27,,,1,,,rice,2025-06-10,1,,,1,,,,,2025-10-10,2,2,75,---,---,---,---,2.0,150.0,---,---,1,,,,,,---,---,---,---,---,---,---,---,---,---,---,---,---,---,---,---,---,---,1,,,1,,,1,,,,,good,11.6510383,8.4485417,506.2,2.4,CT-GarJ8XRO35,Mudawa Masu Kiwon Kaji Da Awaki Development Association Limited,Kano,Garum_Mallam,,Production/Processing,Kano-WOFAN,0,0,0,0,11250,5625,0,0,150,11250,0,0,0,0,0,0,0,d61c77dd-848c-4f87-9127-c50517222cad,bun17,27/10/2025 08:18
873bca94-e4ce-43c5-ad9e-8d5b63025f62,873bca94-e4ce-43c5-ad9e-8d5b63025f62,2025-10-27,,1,,,,maize,2025-06-10,1,,,1,,,,,2025-10-10,2,2,80,---,---,2.0,80.0,---,---,---,---,1,,,,,,---,---,---,---,---,---,---,---,---,---,---,---,---,---,---,---,---,---,1,,,1,,,1,,,,,good,11.65104,8.4485317,506.2,3.4,CT-GarQK9QY35,Mudawa Yan soye soye Development Association Limited,Kano,Garum_Mallam,,Production/Processing,Kano-WOFAN,0,0,8000,4000,0,0,0,0,80,8000,0,0,0,0,0,0,0,53a405fb-d462-4bfd-b595-c01660465d2f,bun17,27/10/2025 08:18
deb5962c-345b-4669-9b25-2aad2ed594ca,deb5962c-345b-4669-9b25-2aad2ed594ca,2025-10-27,,,1,,,Rice,2025-06-10,1,,,1,,,,,2025-10-10,2,2,75,---,---,---,---,2.0,150.0,---,---,1,,,,,,---,---,---,---,---,---,---,---,---,---,---,---,---,---,---,---,---,---,1,,,1,,,1,,,,,good,11.6510483,8.44852,506.4,3.7,CT-GarQK9QY35,Mudawa Yan soye soye Development Association Limited,Kano,Garum_Mallam,,Production/Processing,Kano-WOFAN,0,0,0,0,11250,5625,0,0,150,11250,0,0,0,0,0,0,0,53a405fb-d462-4bfd-b595-c01660465d2f,bun17,27/10/2025 08:18
c2afd5de-d401-4b0c-adbc-4125e36233ba,c2afd5de-d401-4b0c-adbc-4125e36233ba,2025-10-10,,1,,,,Maize,2025-07-23,1,,,1,,,,,2025-10-16,2,2,10,---,---,2.0,70.0,---,---,---,---,1,,,,,,---,---,---,---,---,---,---,---,---,---,---,---,---,---,---,---,---,---,,1,,1,,,1,,,,,Normal,12.0542164,8.2729894,1357.25,2.74,CT-RimYC9G823,YARO TASHIKA NEMA RIMIN GADO CLSUTER,Kano,Rimi_Gado,,Production,Kano-WOFAN,0,0,7000,3500,0,0,0,0,70,7000,0,0,0,0,0,0,0,68a82c8f-e69e-4969-8561-cf8d4c70fcc0,rig05,27/10/2025 08:30
8c00958a-74e7-4c43-9230-40a2be79dc22,8c00958a-74e7-4c43-9230-40a2be79dc22,2025-10-19,,,1,,,Rice,2025-07-25,1,,,1,,,,,2025-10-17,1,36,5,---,---,---,---,1.0,36.0,---,---,,,,1,,,---,---,1.0,---,,,,,,,,,,,,,1,,1,,,1,,,1,,,,,Good,12.0542197,8.2747085,526.09,2.38,CT-RimYC9G823,YARO TASHIKA NEMA RIMIN GADO CLSUTER,Kano,Rimi_Gado,,Production,Kano-WOFAN,0,0,0,0,2700,2700,0,0,36,2700,0,0,75,0,1,75,0,68a82c8f-e69e-4969-8561-cf8d4c70fcc0,rig05,27/10/2025 08:31
bbe1b0a4-759f-4041-8b3f-14e16ddfc842,bbe1b0a4-759f-4041-8b3f-14e16ddfc842,2025-10-27,,,1,,,faro64,2025-07-14,1,,,1,,,,,2025-10-27,2,120,95,---,---,---,---,2.0,120.0,---,---,1,,,,,,---,---,---,---,---,---,---,---,---,---,---,---,---,---,---,---,---,---,,1,,1,,,1,,,,,good,12.0482999,9.4232671,422.15,3.03,CT-JahPCX6L28,Asibiti Kungiyar Masu Bukata tamusamman,Jigawa,Jahun,Both,Production/Processing,Jigawa-WOFAN,0,0,0,0,9000,4500,0,0,120,9000,0,0,0,0,0,0,0,6e474a50-0881-4f95-9bdb-abacf493de60,jah14,27/10/2025 08:37
b121750d-b6f3-47e9-8637-8f37d7908d82,b121750d-b6f3-47e9-8637-8f37d7908d82,2025-10-27,,,1,,,Faro 64,2025-07-14,1,,,1,,,,,2025-10-27,2,120,95,---,---,---,---,2.0,120.0,---,---,1,,,,,,---,---,---,---,---,---,---,---,---,---,---,---,---,---,---,---,---,---,,1,,1,,,1,,,,,good,12.0483316,9.423113,436.35,3.04,CT-JahPCX6L28,Asibiti Kungiyar Masu Bukata tamusamman,Jigawa,Jahun,Both,Production/Processing,Jigawa-WOFAN,0,0,0,0,9000,4500,0,0,120,9000,0,0,0,0,0,0,0,6e474a50-0881-4f95-9bdb-abacf493de60,jah14,27/10/2025 08:39
de1ba522-85b3-4418-959f-4a9bbb3d5c9a,de1ba522-85b3-4418-959f-4a9bbb3d5c9a,2025-10-27,,,1,,,faro,2025-07-14,1,,,1,,,,,2025-10-27,2,120,6,---,---,---,---,2.0,120.0,---,---,1,,,,,,---,---,---,---,---,---,---,---,---,---,---,---,---,---,---,---,---,---,,1,,1,,,1,,,,,good,12.0480553,9.4234097,359.52,3.05,CT-JahPCX6L28,Asibiti Kungiyar Masu Bukata tamusamman,Jigawa,Jahun,Both,Production/Processing,Jigawa-WOFAN,0,0,0,0,9000,4500,0,0,120,9000,0,0,0,0,0,0,0,6e474a50-0881-4f95-9bdb-abacf493de60,jah14,27/10/2025 08:40
7de17891-d40f-4c1e-947c-fe1e24c7a810,7de17891-d40f-4c1e-947c-fe1e24c7a810,2025-10-27,,,1,,,faro64,2025-07-14,1,,,1,,,,,2025-10-27,1,60,6,---,---,---,---,1.0,60.0,---,---,,,,1,,,---,---,60.0,---,,,,,,,,,,,,,1,,,1,,1,,,1,,,,,good,12.0483001,9.4228236,440.04,3.06,CT-JahPCX6L28,Asibiti Kungiyar Masu Bukata tamusamman,Jigawa,Jahun,Both,Production/Processing,Jigawa-WOFAN,0,0,0,0,4500,4500,0,0,60,4500,0,0,4500,0,60,4500,0,6e474a50-0881-4f95-9bdb-abacf493de60,jah14,27/10/2025 08:42
07fe970d-22e0-4449-955d-41aeaeb2197a,07fe970d-22e0-4449-955d-41aeaeb2197a,2025-10-27,,,1,,,faro 64,2025-07-14,1,,,1,,,,,2025-10-27,1,60,6,---,---,---,---,1.0,60.0,---,---,1,,,,,,---,---,---,---,---,---,---,---,---,---,---,---,---,---,---,---,---,---,,1,,1,,,1,,,,,good,12.0483128,9.4230191,442.0,3.07,CT-JahPCX6L28,Asibiti Kungiyar Masu Bukata tamusamman,Jigawa,Jahun,Both,Production/Processing,Jigawa-WOFAN,0,0,0,0,4500,4500,0,0,60,4500,0,0,0,0,0,0,0,6e474a50-0881-4f95-9bdb-abacf493de60,jah14,27/10/2025 08:43
5203ceab-2a2f-477f-92fe-88e0d544e739,5203ceab-2a2f-477f-92fe-88e0d544e739,2025-10-27,,1,,,,maize,2025-07-15,1,,,1,,,,,2025-10-27,1,60,95,---,---,1.0,60.0,---,---,---,---,1,,,,,,---,---,---,---,---,---,---,---,---,---,---,---,---,---,---,---,---,---,,1,,1,,,1,,,,,good,12.0483244,9.423405,402.4,3.09,CT-JahPCX6L28,Asibiti Kungiyar Masu Bukata tamusamman,Jigawa,Jahun,Both,Production/Processing,Jigawa-WOFAN,0,0,6000,6000,0,0,0,0,60,6000,0,0,0,0,0,0,0,6e474a50-0881-4f95-9bdb-abacf493de60,jah14,27/10/2025 08:45
ad733687-ec58-4f87-b848-eaa27ee25b18,ad733687-ec58-4f87-b848-eaa27ee25b18,2025-10-27,,1,,,,maize,2025-07-14,1,,,1,,,,,2025-10-27,1,60,6,---,---,1.0,60.0,---,---,---,---,1,,,,,,---,---,---,---,---,---,---,---,---,---,---,---,---,---,---,---,---,---,,1,,1,,,1,,,,,good,12.0486668,9.422608,529.07,3.09,CT-JahPCX6L28,Asibiti Kungiyar Masu Bukata tamusamman,Jigawa,Jahun,Both,Production/Processing,Jigawa-WOFAN,0,0,6000,6000,0,0,0,0,60,6000,0,0,0,0,0,0,0,6e474a50-0881-4f95-9bdb-abacf493de60,jah14,27/10/2025 08:46
57169180-898f-4eca-8f3d-f1d37d79599f,57169180-898f-4eca-8f3d-f1d37d79599f,2025-10-27,,1,1,,,maize and Rice,2025-07-14,1,,,1,,,,,2025-10-27,2,120,6,---,---,1.0,60.0,1.0,58.0,---,---,1,,,,,,---,---,---,---,---,---,---,---,---,---,---,---,---,---,---,---,---,---,,1,,1,,,1,,,,,good,12.0482244,9.4232655,401.11,3.1,CT-JahPCX6L28,Asibiti Kungiyar Masu Bukata tamusamman,Jigawa,Jahun,Both,Production/Processing,Jigawa-WOFAN,0,0,6000,6000,4350,4350,0,0,118,10350,0,0,0,0,0,0,0,6e474a50-0881-4f95-9bdb-abacf493de60,jah14,27/10/2025 08:48
215fbc7c-f8b0-4553-87e9-ae7f37b3fc53,215fbc7c-f8b0-4553-87e9-ae7f37b3fc53,2025-10-27,,1,,,,maize,2025-07-15,1,,,1,,,,,2025-10-27,1,60,6,---,---,1.0,60.0,---,---,---,---,1,,,,,,---,---,---,---,---,---,---,---,---,---,---,---,---,---,---,---,---,---,1,,,1,,,1,,,,,good,12.0482497,9.4233124,394.82,3.1,CT-JahYHDZZ59,Aujara cikin gari makafi,Jigawa,Jahun,Both,Production/Processing,Jigawa-WOFAN,0,0,6000,6000,0,0,0,0,60,6000,0,0,0,0,0,0,0,be52af3c-50ce-4e33-a2e5-d9637819ca77,jah14,27/10/2025 08:49
254cd5fe-8b3c-449f-9a9e-1f274b8cf89c,254cd5fe-8b3c-449f-9a9e-1f274b8cf89c,2025-10-27,,,1,,,Rice,2025-07-14,1,,,1,,,,,2025-10-10,1,60,6,---,---,---,---,1.0,60.0,---,---,1,,,,,,---,---,---,---,---,---,---,---,---,---,---,---,---,---,---,---,---,---,,1,,1,,,1,,,,,good,12.0482185,9.4232753,397.71,3.11,CT-JahNHNOE28,Aujara bakin asibiti makafi,Jigawa,Jahun,Both,Production/Processing,Jigawa-WOFAN,0,0,0,0,4500,4500,0,0,60,4500,0,0,0,0,0,0,0,b3266170-0118-44ec-82aa-664567a725c3,jah14,27/10/2025 08:51
0f959e21-9b6e-4dbe-9d89-5642b757c0aa,0f959e21-9b6e-4dbe-9d89-5642b757c0aa,2025-10-27,,1,1,,,faro and maize,2025-07-14,1,,,1,,,,,2025-10-15,2,120,95,---,---,1.0,60.0,1.0,60.0,---,---,1,,,,,,---,---,---,---,---,---,---,---,---,---,---,---,---,---,---,---,---,---,,1,,1,,,1,,,,,good,12.048133,9.4232998,395.55,5.17,CT-JahYHDZZ59,Aujara cikin gari makafi,Jigawa,Jahun,Both,Production/Processing,Jigawa-WOFAN,0,0,6000,6000,4500,4500,0,0,120,10500,0,0,0,0,0,0,0,be52af3c-50ce-4e33-a2e5-d9637819ca77,jah14,27/10/2025 09:05
1c364e67-a80e-4214-9503-bdeb75d3f3df,1c364e67-a80e-4214-9503-bdeb75d3f3df,2025-10-27,,1,1,,,faro and maize,2025-07-14,1,,,1,,,,,2025-10-27,2,120,95,---,---,1.0,60.0,1.0,60.0,---,---,1,,,,,,---,---,---,---,---,---,---,---,---,---,---,---,---,---,---,---,---,---,,1,,1,,,1,,,,,good,12.0483765,9.4225508,538.82,4.91,CT-JahYHDZZ59,Aujara cikin gari makafi,Jigawa,Jahun,Both,Production/Processing,Jigawa-WOFAN,0,0,6000,6000,4500,4500,0,0,120,10500,0,0,0,0,0,0,0,be52af3c-50ce-4e33-a2e5-d9637819ca77,jah14,27/10/2025 09:05
a858fee0-8261-4271-9f30-d1ab17cd8d35,a858fee0-8261-4271-9f30-d1ab17cd8d35,2025-10-27,,1,1,,,faro and maize,2025-07-15,1,,,1,,,,,2025-10-27,2,120,95,---,---,1.0,60.0,1.0,60.0,---,---,1,,,,,,---,---,---,---,---,---,---,---,---,---,---,---,---,---,---,---,---,---,,1,,1,,,1,,,,,good,12.0483819,9.4225634,538.83,4.2,CT-JahWHW5X54,Aujara special needs kurame,Jigawa,Jahun,Both,Production/Processing,Jigawa-WOFAN,0,0,6000,6000,4500,4500,0,0,120,10500,0,0,0,0,0,0,0,3248a566-2c8f-486a-b6c3-d40e953bc9ef,jah14,27/10/2025 09:05
87c61b1d-478e-4e6e-9631-ea91960237c8,87c61b1d-478e-4e6e-9631-ea91960237c8,2025-10-27,,1,1,,,faro,2025-07-14,1,,,1,,,,,2025-10-27,2,120,95,---,---,1.0,60.0,1.0,60.0,---,---,1,,,,,,---,---,---,---,---,---,---,---,---,---,---,---,---,---,---,---,---,---,,1,,1,,,1,,,,,good,12.0483728,9.4225753,538.44,4.04,CT-JahNO51K02,Yadda masu gyada,Jigawa,Jahun,Both,Production/Processing,Jigawa-WOFAN,0,0,6000,6000,4500,4500,0,0,120,10500,0,0,0,0,0,0,0,5e0055bd-9b1c-4863-9875-7ccf712cc2f1,jah14,27/10/2025 09:05
88e0ae37-f90e-40f5-8971-33612bad693a,88e0ae37-f90e-40f5-8971-33612bad693a,2025-10-27,,1,1,,,faro and maize,2025-07-15,1,,,1,,,,,2025-10-27,2,120,95,---,---,1.0,60.0,1.0,60.0,---,---,1,,,,,,---,---,---,---,---,---,---,---,---,---,---,---,---,---,---,---,---,---,,1,,1,,,1,,,,,good,12.0483546,9.4225972,536.65,3.86,CT-JahGRJWV31,Asayaya Kungiyar Masu Bukata Tamusamman,Jigawa,Jahun,Both,Production/Processing,Jigawa-WOFAN,0,0,6000,6000,4500,4500,0,0,120,10500,0,0,0,0,0,0,0,21e162ac-4f59-42e5-880b-0df8a02f7b20,jah14,27/10/2025 09:05
850564d5-45f1-4d9f-95d5-dcddb5bf89da,850564d5-45f1-4d9f-95d5-dcddb5bf89da,2025-06-23,,1,,,,maize,2025-06-27,1,,,1,,,,,2025-10-19,1,1,12,---,---,1.0,65.0,---,---,---,---,1,,,,,,---,---,---,---,---,---,---,---,---,---,---,---,---,---,---,---,---,---,1,,,1,,,1,,,,,good,12.0610606,8.2746045,517.5,4.7,CT-RimYC9G823,YARO TASHIKA NEMA RIMIN GADO CLSUTER,Kano,Rimi_Gado,,Production,Kano-WOFAN,0,0,6500,6500,0,0,0,0,65,6500,0,0,0,0,0,0,0,68a82c8f-e69e-4969-8561-cf8d4c70fcc0,rig02,27/10/2025 09:18
526d0221-5c82-4318-ad25-df6ec57ace2d,526d0221-5c82-4318-ad25-df6ec57ace2d,2025-06-27,,,1,,,rice,2025-07-27,1,,,1,,,,,2025-10-21,1,1,12,---,---,---,---,1.0,85.0,---,---,1,,,,,,---,---,---,---,---,---,---,---,---,---,---,---,---,---,---,---,---,---,1,,,1,,,1,,,,,good,12.0610891,8.2745279,523.92,4.9,CT-RimYC9G823,YARO TASHIKA NEMA RIMIN GADO CLSUTER,Kano,Rimi_Gado,,Production,Kano-WOFAN,0,0,0,0,6375,6375,0,0,85,6375,0,0,0,0,0,0,0,68a82c8f-e69e-4969-8561-cf8d4c70fcc0,rig02,27/10/2025 09:18
ad036098-17bb-406a-bdc3-448e3d207223,ad036098-17bb-406a-bdc3-448e3d207223,2025-10-18,,,1,,,1,2025-06-13,1,,,1,,,,,2025-10-15,2,2,95,---,---,---,---,2.0,160.0,---,---,1,,,,,,---,---,---,---,---,---,---,---,---,---,---,---,---,---,---,---,---,---,,1,,1,,,1,,,,,good,12.0462935,9.4208402,403.2,4.87,CT-JahF2NO242,Kara bar mi a baya makafi,Jigawa,Jahun,Both,Production/Processing,Jigawa-WOFAN,0,0,0,0,12000,6000,0,0,160,12000,0,0,0,0,0,0,0,e7d94ad2-da1b-4db9-a6f7-f2a510ef8bd9,jah45,27/10/2025 09:32
4d4c0d85-b72d-4ea7-b56f-6edde9892e57,4d4c0d85-b72d-4ea7-b56f-6edde9892e57,2025-10-09,,,1,,,1,2025-06-05,1,,,1,,,,,2025-10-12,2,2,95,---,---,---,---,2.0,160.0,---,---,1,,,,,,---,---,---,---,---,---,---,---,---,---,---,---,---,---,---,---,---,---,,1,,1,,,1,,,,,good,12.0463031,9.4208242,414.9,4.27,CT-JahSMD4O40,Guraun Aujara Noma Alheri,Jigawa,Jahun,Both,Production/Processing,Jigawa-WOFAN,0,0,0,0,12000,6000,0,0,160,12000,0,0,0,0,0,0,0,1b43a183-fb3f-482a-887a-b3afb2cd937c,jah45,27/10/2025 09:32
353b4ee1-09fa-4e66-ab1d-15217f4963a4,353b4ee1-09fa-4e66-ab1d-15217f4963a4,2025-10-15,,,1,,,1,2025-06-12,1,,,1,,,,,2025-10-15,2,2,95,---,---,---,---,2.0,162.0,---,---,1,,,,,,---,---,---,---,---,---,---,---,---,---,---,---,---,---,---,---,---,---,,1,,1,,,1,,,,,good,12.0462594,9.4209056,411.4,4.47,CT-Jah9LDGL19,Kurame da makafin Aujara,Jigawa,Jahun,Both,Production/Processing,Jigawa-WOFAN,0,0,0,0,12150,6075,0,0,162,12150,0,0,0,0,0,0,0,77aa6bfc-5d86-48bc-9cb6-e6dcd20c6014,jah45,27/10/2025 09:32
ad1fa285-2286-4f0e-a700-4804e4099cc1,ad1fa285-2286-4f0e-a700-4804e4099cc1,2025-10-06,,,1,,,1,2025-06-13,1,,,1,,,,,2025-10-12,2,2,95,---,---,---,---,2.0,160.0,---,---,1,,,,,,---,---,---,---,---,---,---,---,---,---,---,---,---,---,---,---,---,---,,1,,1,,,1,,,,,good,12.0463001,9.4207709,406.0,4.49,CT-Jah2AN0H24,Kurame Mu Koma Noma,Jigawa,Jahun,Both,Production/Processing,Jigawa-WOFAN,0,0,0,0,12000,6000,0,0,160,12000,0,0,0,0,0,0,0,1962ef8c-ac20-44ac-8d37-daba7e223568,jah45,27/10/2025 09:32
aa3bb4a4-676a-4e16-b0e1-050dc70d013e,aa3bb4a4-676a-4e16-b0e1-050dc70d013e,2025-09-27,,1,,,,maize,2025-06-26,1,,,1,,,,,2025-09-26,2,2,3,---,---,2.0,2.0,---,---,---,---,1,,,,,,---,---,---,---,---,---,---,---,---,---,---,---,---,---,---,---,---,---,1,,,1,,,1,,,,,work hard,12.0477628,9.425742,409.1,9.81,CT-Jah1RSB309,Aujara Cluster gsk,Jigawa,Jahun,Female,Production,Jigawa-WOFAN,0,0,200,100,0,0,0,0,2,200,0,0,0,0,0,0,0,03bb8ca6-2100-4d68-8d77-aa760f87ad32,jah71,27/10/2025 09:39
8620194b-c0f5-48d8-9c1b-924bea7ca966,8620194b-c0f5-48d8-9c1b-924bea7ca966,2025-09-24,,1,,,,2,2025-06-26,1,,,1,,,,,2025-09-28,2,2,3,---,---,2.0,2.0,---,---,---,---,1,,,,,,---,---,---,---,---,---,---,---,---,---,---,---,---,---,---,---,---,---,1,,,1,,,1,,,,,work hard,12.0477852,9.4257719,409.1,9.9,CT-JahS580J36,Aujara gsk 1,Jigawa,Jahun,Female,Production,Jigawa-WOFAN,0,0,200,100,0,0,0,0,2,200,0,0,0,0,0,0,0,d2a02fe0-5cfc-40a1-8a35-a853330dee5b,jah71,27/10/2025 09:40
36630e77-5a98-4c87-b578-03dd97824685,36630e77-5a98-4c87-b578-03dd97824685,2025-08-24,,1,,,,2,2025-07-27,1,,,1,,,,,2025-07-27,2,2,2,---,---,2.0,2.0,---,---,---,---,1,,,,,,---,---,---,---,---,---,---,---,---,---,---,---,---,---,---,---,---,---,1,,,1,,,1,,,,,work hard,12.0478657,9.42585,409.1,8.4,CT-JahQHBX015,Aujara gsk 2,Jigawa,Jahun,Female,Production,Jigawa-WOFAN,0,0,200,100,0,0,0,0,2,200,0,0,0,0,0,0,0,8e9eec96-2be9-4d36-9655-4a93ac8644f8,jah71,27/10/2025 09:44
b520b49c-7185-4ce0-977d-68edcf80fb08,b520b49c-7185-4ce0-977d-68edcf80fb08,2025-08-27,,1,,,,2,2025-07-24,1,,,1,,,,,2025-10-27,2,2,2,---,---,2.0,2.0,---,---,---,---,1,,,,,,---,---,---,---,---,---,---,---,---,---,---,---,---,---,---,---,---,---,1,,,1,,,1,,,,,work hard,12.0477374,9.4256672,409.0,8.85,CT-JahQHBX015,Aujara gsk 2,Jigawa,Jahun,Female,Production,Jigawa-WOFAN,0,0,200,100,0,0,0,0,2,200,0,0,0,0,0,0,0,8e9eec96-2be9-4d36-9655-4a93ac8644f8,jah71,27/10/2025 09:46
a370f6af-9ee3-4968-bb2b-43cb721cad80,a370f6af-9ee3-4968-bb2b-43cb721cad80,2025-09-21,,1,,,,2,2025-07-23,1,,,1,,,,,2025-09-27,2,2,2,---,---,2.0,2.0,---,---,---,---,1,,,,,,---,---,---,---,---,---,---,---,---,---,---,---,---,---,---,---,---,---,1,,,1,,,1,,,,,work hard,12.0477936,9.4256861,409.0,8.73,CT-JahJ8QU857,Aujara gsk 3,Jigawa,Jahun,Female,Production,Jigawa-WOFAN,0,0,200,100,0,0,0,0,2,200,0,0,0,0,0,0,0,92d0a0e3-a74a-4478-b859-a0ca7fc37477,jah71,27/10/2025 09:47
9bcd7830-a0dc-489b-9a7c-16a38c03e688,9bcd7830-a0dc-489b-9a7c-16a38c03e688,2025-10-23,,1,,,,2,2025-06-27,1,,,1,,,,,2025-09-27,2,2,2,---,---,2.0,2.0,---,---,---,---,1,,,,,,---,---,---,---,---,---,---,---,---,---,---,---,---,---,---,---,---,---,1,,,1,,,1,,,,,work hard,12.0477983,9.4257167,409.0,5.4,CT-JahN6PKC52,GSK DISABLES PEOPLE'S GASKAWAN KANWA II,Jigawa,Jahun,Both,Production/Processing,Jigawa-WOFAN,0,0,200,100,0,0,0,0,2,200,0,0,0,0,0,0,0,df475913-f300-4f03-80b4-6b62b4c4f30f,jah71,27/10/2025 09:48
6d765fd3-da5d-4d87-aafc-fcf72f33ef5d,6d765fd3-da5d-4d87-aafc-fcf72f33ef5d,2025-06-22,,1,,,,maize,2025-06-22,1,,,1,,,,,2025-10-23,1,1,12,---,---,1.0,65.0,---,---,---,---,1,,,,,,---,---,---,---,---,---,---,---,---,---,---,---,---,---,---,---,---,---,1,,,1,,,1,,,,,good,12.0610517,8.2745117,505.6,4.86,CT-Rim8PO4C59,RIMIN GADO DISABLE AGRO MARKETING ADN FARMING,Kano,Rimi_Gado,,Production/Processing,Kano-WOFAN,0,0,6500,6500,0,0,0,0,65,6500,0,0,0,0,0,0,0,ec002763-c9f0-45e8-aa18-2aaf2ba4188f,tof01,27/10/2025 10:13
f854ff70-f2a2-4e5d-ac00-cb11fc736e18,f854ff70-f2a2-4e5d-ac00-cb11fc736e18,2025-06-27,,,1,,,rice,2025-07-27,1,,,1,,,,,2025-10-23,,1,12,---,---,---,---,1.0,85.0,---,---,1,,,,,,---,---,---,---,---,---,---,---,---,---,---,---,---,---,---,---,---,---,1,,,1,,,1,,,,,good,12.0610767,8.274505,505.6,5.4,CT-Rim8PO4C59,RIMIN GADO DISABLE AGRO MARKETING ADN FARMING,Kano,Rimi_Gado,,Production/Processing,Kano-WOFAN,0,0,0,0,6375,6375,0,0,85,6375,0,0,0,0,0,0,0,ec002763-c9f0-45e8-aa18-2aaf2ba4188f,tof01,27/10/2025 10:13
c6701d01-9cc0-469f-82a9-882acf44abcb,c6701d01-9cc0-469f-82a9-882acf44abcb,2025-10-24,,1,,,,Maize,2025-10-24,1,,,1,,,,,2025-10-24,2,120,11,---,---,2.0,120.0,---,---,---,---,1,,,,,,---,---,---,---,---,---,---,---,---,---,---,---,---,---,---,---,---,---,1,,,1,,,1,,,,,Good Yeild,11.6028908,8.3125232,553.6,3.58,CT-BebI9PL951,Pure Graundnut Oil Rural to Urban Multipurpose Cooperative Society Limited,Kano,Bebeji,Female,Production/Processing,Kano-WOFAN,0,0,12000,6000,0,0,0,0,120,12000,0,0,0,0,0,0,0,db4f6d4d-e28c-4977-830c-1aebcc59e034,tun21,27/10/2025 10:19
f7976c6a-9101-412f-8cbc-f22e7eb24734,f7976c6a-9101-412f-8cbc-f22e7eb24734,2025-10-25,,,1,,,Rice,2025-06-24,1,,,1,,,,,2025-10-25,2,200,12,---,---,---,---,2.0,200.0,---,---,1,,,,,,---,---,---,---,---,---,---,---,---,---,---,---,---,---,---,---,---,---,1,,,1,,,1,,,,,Excellent,11.6028718,8.3125709,553.5,4.58,CT-TudLECAY44,Youth Casava Sellers Multipurpose Cooperative Society Limited,Kano,Tudun_Wada,Female,Production/Processing,Kano-WOFAN,0,0,0,0,15000,7500,0,0,200,15000,0,0,0,0,0,0,0,0a0aca39-f953-4e2b-b474-22acbe50f7da,tun21,27/10/2025 10:23
0c74ee3d-c3c3-4a9d-8939-afc29ab0110f,0c74ee3d-c3c3-4a9d-8939-afc29ab0110f,2025-10-27,,1,,,,maize,2025-06-10,1,,,1,,,,,2025-10-10,2,2,78,---,---,2.0,80.0,---,---,---,---,1,,,,,,---,---,---,---,---,---,---,---,---,---,---,---,---,---,---,---,---,---,1,,,1,,,1,,,,,good,11.6488333,8.4452035,499.0,3.1,CT-GarFFFEN33,Mudawa Yan Zazzabar Shinkafa Development Association Limited,Kano,Garum_Mallam,,Production/Processing,Kano-WOFAN,0,0,8000,4000,0,0,0,0,80,8000,0,0,0,0,0,0,0,df610ef9-3539-41fa-924c-b8cde3e55515,bun17,27/10/2025 10:29
8b3af4d7-eee8-4164-ae43-04a0f981eb9d,8b3af4d7-eee8-4164-ae43-04a0f981eb9d,2025-10-27,,,1,,,rice,2025-06-10,1,,,1,,,,,2025-10-10,2,2,75,---,---,---,---,2.0,150.0,---,---,1,,,,,,---,---,---,---,---,---,---,---,---,---,---,---,---,---,---,---,---,---,1,,,1,,,1,,,,,good,11.6488367,8.4452,501.9,2.4,CT-GarFFFEN33,Mudawa Yan Zazzabar Shinkafa Development Association Limited,Kano,Garum_Mallam,,Production/Processing,Kano-WOFAN,0,0,0,0,11250,5625,0,0,150,11250,0,0,0,0,0,0,0,df610ef9-3539-41fa-924c-b8cde3e55515,bun17,27/10/2025 10:29
8695cf93-b967-4567-bbac-9046eaffebe4,8695cf93-b967-4567-bbac-9046eaffebe4,2025-10-27,,1,,,,maize,2025-06-10,1,,,1,,,,,2025-10-10,2,2,70,---,---,2.0,80.0,---,---,---,---,1,,,,,,---,---,---,---,---,---,---,---,---,---,---,---,---,---,---,---,---,---,1,,,1,,,1,,,,,good,11.6488216,8.4452674,501.9,2.9,CT-GarA9W5M14,Unguwar Kudu Kofar Arewa Amana Dambu Da Kulele Development Association Limited,Kano,Garum_Mallam,,Production/Processing,Kano-WOFAN,0,0,8000,4000,0,0,0,0,80,8000,0,0,0,0,0,0,0,41fdbb38-b4df-4031-a3e9-086484e4ae32,bun17,27/10/2025 10:30
24507861-ed74-48a9-a0a0-130fab006db4,24507861-ed74-48a9-a0a0-130fab006db4,2025-10-27,,,1,,,faro44,2025-06-17,1,,,1,,,,,2025-10-19,1,1,11,---,---,---,---,1.0,80.0,---,---,1,,,,,,---,---,---,---,---,---,---,---,---,---,---,---,---,---,---,---,---,---,1,,,1,,,1,,,,,good,11.666675,8.4157268,515.8,6.9,CT-Kur1W92N34,Danhassan Sabon Fegi Cluster,Kano,Kura,Both,Production/Processing,Kano-WOFAN,0,0,0,0,6000,6000,0,0,80,6000,0,0,0,0,0,0,0,f4749019-c4d3-4de6-8962-60bf6a43a0bc,gmm54,27/10/2025 10:33
4e789067-893c-4d1a-a989-0b0f00258afa,4e789067-893c-4d1a-a989-0b0f00258afa,2025-10-27,,1,,,,oba98,2025-05-21,1,,,1,,,,,2025-09-20,1,1,10,---,---,1.0,55.0,---,---,---,---,1,,,,,,---,---,---,---,---,---,---,---,---,---,---,---,---,---,---,---,---,---,1,,,1,,,1,,,,,good,11.6666799,8.415731,515.8,6.76,CT-Kur1W92N34,Danhassan Sabon Fegi Cluster,Kano,Kura,Both,Production/Processing,Kano-WOFAN,0,0,5500,5500,0,0,0,0,55,5500,0,0,0,0,0,0,0,f4749019-c4d3-4de6-8962-60bf6a43a0bc,gmm54,27/10/2025 10:33
11b6c35f-54bf-4e4f-8727-09146fe97893,11b6c35f-54bf-4e4f-8727-09146fe97893,2025-10-27,,,1,,,rice,2025-06-10,1,,,1,,,,,2025-10-10,2,2,75,---,---,---,---,2.0,150.0,---,---,1,,,,,,---,---,---,---,---,---,---,---,---,---,---,---,---,---,---,---,---,---,1,,,1,,,1,,,,,good,11.6490447,8.4462353,500.9,3.0,CT-GarA9W5M14,Unguwar Kudu Kofar Arewa Amana Dambu Da Kulele Development Association Limited,Kano,Garum_Mallam,,Production/Processing,Kano-WOFAN,0,0,0,0,11250,5625,0,0,150,11250,0,0,0,0,0,0,0,41fdbb38-b4df-4031-a3e9-086484e4ae32,bun17,27/10/2025 10:35
491af7e7-8fa9-484c-9178-6bc2b2ae6085,491af7e7-8fa9-484c-9178-6bc2b2ae6085,2025-10-27,,1,,,,faro64,2025-07-14,1,,,1,,,,,2025-10-27,1,60,6,---,---,1.0,60.0,---,---,---,---,1,,,,,,---,---,---,---,---,---,---,---,---,---,---,---,---,---,---,---,---,---,,1,,1,,,1,,,,,good,12.0482391,9.4231985,428.29,4.37,CT-JahZ3MO114,Aujara Masu bukata Ta Musamman Gidan Uba Gurgu,Jigawa,Jahun,Both,Production,Jigawa-WOFAN,0,0,6000,6000,0,0,0,0,60,6000,0,0,0,0,0,0,0,d3306b7f-2788-4626-bcfe-bc8563975400,jah14,27/10/2025 10:48
cd59dcff-ffd5-4377-827b-38342aa72e2d,cd59dcff-ffd5-4377-827b-38342aa72e2d,2025-10-27,,1,,,,faro 60,2025-07-14,1,,,1,,,,,2025-10-27,1,60,6,---,---,1.0,60.0,---,---,---,---,1,,,,,,---,---,---,---,---,---,---,---,---,---,---,---,---,---,---,---,---,---,1,,,1,,,1,,,,,good,12.0484961,9.4232261,457.3,1.28,CT-JahS580J36,Aujara gsk 1,Jigawa,Jahun,Female,Production,Jigawa-WOFAN,0,0,6000,6000,0,0,0,0,60,6000,0,0,0,0,0,0,0,d2a02fe0-5cfc-40a1-8a35-a853330dee5b,jah14,27/10/2025 10:50
52b64cba-190a-4df3-b1e2-7d1db7eb1f82,52b64cba-190a-4df3-b1e2-7d1db7eb1f82,2025-10-27,,1,,,,maize,2025-07-14,1,,,1,,,,,2025-10-27,1,60,6,---,---,1.0,60.0,---,---,---,---,1,,,,,,---,---,---,---,---,---,---,---,---,---,---,---,---,---,---,---,---,---,,1,,1,,,1,,,,,good,12.0484965,9.4232277,456.83,4.11,CT-JahS580J36,Aujara gsk 1,Jigawa,Jahun,Female,Production,Jigawa-WOFAN,0,0,6000,6000,0,0,0,0,60,6000,0,0,0,0,0,0,0,d2a02fe0-5cfc-40a1-8a35-a853330dee5b,jah14,27/10/2025 10:52
38e689ef-3f17-4832-be9c-7b2bfcb2b4ea,38e689ef-3f17-4832-be9c-7b2bfcb2b4ea,2025-10-27,,1,1,,,faro and maize,2025-07-15,1,,,1,,,,,2025-10-27,2,120,95,---,---,1.0,60.0,1.0,60.0,---,---,1,,,,,,---,---,---,---,---,---,---,---,---,---,---,---,---,---,---,---,---,---,,1,,1,,,1,,,,,good,12.0485066,9.4232458,455.77,1.68,CT-JahS580J36,Aujara gsk 1,Jigawa,Jahun,Female,Production,Jigawa-WOFAN,0,0,6000,6000,4500,4500,0,0,120,10500,0,0,0,0,0,0,0,d2a02fe0-5cfc-40a1-8a35-a853330dee5b,jah14,27/10/2025 10:54
c0036d1b-5925-43bb-9e01-9cc14cc2afaa,c0036d1b-5925-43bb-9e01-9cc14cc2afaa,2025-10-27,,1,1,,,maize and faro64,2025-07-14,1,,,1,,,,,2025-10-27,2,120,95,---,---,1.0,60.0,1.0,60.0,---,---,1,,,,,,---,---,---,---,---,---,---,---,---,---,---,---,---,---,---,---,---,---,,1,,1,,,1,,,,,good,12.0484938,9.4232295,457.5,3.92,CT-JahS580J36,Aujara gsk 1,Jigawa,Jahun,Female,Production,Jigawa-WOFAN,0,0,6000,6000,4500,4500,0,0,120,10500,0,0,0,0,0,0,0,d2a02fe0-5cfc-40a1-8a35-a853330dee5b,jah14,27/10/2025 10:56
75beb2b7-2609-4f59-9826-b7319d49cf20,75beb2b7-2609-4f59-9826-b7319d49cf20,2025-10-27,,1,,,,maize,2025-07-14,1,,,1,,,,,2025-10-10,1,60,6,---,---,1.0,60.0,---,---,---,---,1,,,,,,---,---,---,---,---,---,---,---,---,---,---,---,---,---,---,---,---,---,,1,,1,,,1,,,,,good,12.0485164,9.4232625,453.49,1.23,CT-JahQHBX015,Aujara gsk 2,Jigawa,Jahun,Female,Production,Jigawa-WOFAN,0,0,6000,6000,0,0,0,0,60,6000,0,0,0,0,0,0,0,8e9eec96-2be9-4d36-9655-4a93ac8644f8,jah14,27/10/2025 11:00
e94f56e4-98c6-4654-99cc-6b343ed74c84,e94f56e4-98c6-4654-99cc-6b343ed74c84,2025-10-27,,,1,,,faro68,2025-05-27,1,,,1,,,,,2025-10-27,1,1,12,---,---,---,---,1.0,85.0,---,---,1,,,,,,---,---,---,---,---,---,---,---,---,---,---,---,---,---,---,---,---,---,1,,,1,,,1,,,,,good,11.485177,8.3543939,585.9,4.59,CT-BebOHM5P51,Tiga agro marketer,Kano,Bebeji,Female,Production/Processing,Kano-WOFAN,0,0,0,0,6375,6375,0,0,85,6375,0,0,0,0,0,0,0,de5732ec-6fb5-46d3-8224-90929ca789c7,kir04,27/10/2025 11:29
80ab81f9-1fd0-4178-998c-628f8007b0fe,80ab81f9-1fd0-4178-998c-628f8007b0fe,2025-10-27,,,1,,,faro 68,2025-05-31,1,,,1,,,,,2025-10-27,1,1,12,---,---,---,---,1.0,90.0,---,---,1,,,,,,---,---,---,---,---,---,---,---,---,---,---,---,---,---,---,---,---,---,1,,,1,,,1,,,,,good,11.485165,8.354435,578.2,3.3,CT-BebW03EQ19,Gargai agro marketers,Kano,Bebeji,Female,Production/Processing,Kano-WOFAN,0,0,0,0,6750,6750,0,0,90,6750,0,0,0,0,0,0,0,5793788f-8ee9-4bf3-8812-a5be4c680506,kir04,27/10/2025 11:49
d187c57c-bc9d-437b-92a7-7e7b75c4bcbd,d187c57c-bc9d-437b-92a7-7e7b75c4bcbd,2025-10-27,,,1,,,faro68,2025-06-05,1,,,1,,,,,2025-10-27,1,1,12,---,---,---,---,1.0,85.0,---,---,1,,,,,,---,---,---,---,---,---,---,---,---,---,---,---,---,---,---,---,---,---,1,,,1,,,1,,,,,good,11.4851767,8.3544383,578.2,3.9,CT-BebNTD5E45,Durmawa agro marketers,Kano,Bebeji,Female,Production/Processing,Kano-WOFAN,0,0,0,0,6375,6375,0,0,85,6375,0,0,0,0,0,0,0,e49320fb-afa3-4fe0-bb9e-6a336925eef4,kir04,27/10/2025 11:49
9e8d5a9f-8844-4340-9b6c-b653c6f7cc35,9e8d5a9f-8844-4340-9b6c-b653c6f7cc35,2025-10-27,,,1,,,faro68,2025-05-29,1,,,1,,,,,2025-10-27,1,1,13,---,---,---,---,1.0,80.0,---,---,1,,,,,,---,---,---,---,---,---,---,---,---,---,---,---,---,---,---,---,---,---,1,,,1,,,1,,,,,good,11.485185,8.3544133,578.2,3.1,CT-BebKHIXV38,rantan agro marketers,Kano,Bebeji,Female,Production/Processing,Kano-WOFAN,0,0,0,0,6000,6000,0,0,80,6000,0,0,0,0,0,0,0,d88a2e8e-9ba3-4e1c-ad2d-59c7339f219e,kir04,27/10/2025 11:49
b1e9c3b5-88a1-4ead-95e3-d3b2fdd663da,b1e9c3b5-88a1-4ead-95e3-d3b2fdd663da,2025-10-27,,,1,,,faro68,2025-06-19,1,,,1,,,,,2025-10-27,1,1,12,---,---,---,---,1.0,85.0,---,---,1,,,,,,---,---,---,---,---,---,---,---,---,---,---,---,---,---,---,---,---,---,1,,,1,,,1,,,,,good,11.4851501,8.3543834,578.5,3.5,CT-BebNE4FI38,Rantan agro marketers,Kano,Bebeji,Female,Production/Processing,Kano-WOFAN,0,0,0,0,6375,6375,0,0,85,6375,0,0,0,0,0,0,0,13e19a43-a795-4dc7-8f78-31d1b372e812,kir04,27/10/2025 11:49
6e879039-f491-49f7-9181-45a04648348e,6e879039-f491-49f7-9181-45a04648348e,2025-10-27,,1,,,,samaz,2025-05-30,1,,,1,,,,,2025-10-27,1,1,14,---,---,1.0,70.0,---,---,---,---,1,,,,,,---,---,---,---,---,---,---,---,---,---,---,---,---,---,---,---,---,---,1,,,1,,,1,,,,,good,11.4851567,8.3544032,578.6,4.09,CT-Kir7SB8U04,Kiru agro marketers,Kano,Kiru,Female,Production/Processing,Kano-WOFAN,0,0,7000,7000,0,0,0,0,70,7000,0,0,0,0,0,0,0,7b137d30-6c6c-4b68-bff8-679b1ad9441b,kir04,27/10/2025 11:49
366b405f-2c9a-4167-bdf5-0c7c2b385889,366b405f-2c9a-4167-bdf5-0c7c2b385889,2025-10-27,,1,,,,samaz,2025-05-30,1,,,1,,,,,2025-10-27,1,1,14,---,---,1.0,70.0,---,---,---,---,1,,,,,,---,---,---,---,---,---,---,---,---,---,---,---,---,---,---,---,---,---,1,,,1,,,1,,,,,good,11.4851949,8.3543651,578.8,3.3,CT-BebM0H4010,Durmawan bebeji agro marketers cluster,Kano,Bebeji,Female,Production/Processing,Kano-WOFAN,0,0,7000,7000,0,0,0,0,70,7000,0,0,0,0,0,0,0,c9156a74-f7ac-4afb-9b57-39f8f0f3a4d0,kir04,27/10/2025 11:49
4fae1549-2f34-4333-865e-686ae45fdd4c,4fae1549-2f34-4333-865e-686ae45fdd4c,2025-09-13,,,1,,,faro 67,2025-06-01,1,,,1,,,,,2025-09-23,2,85,12,---,---,---,---,2.0,85.0,---,---,1,,,,,,---,---,---,---,---,---,---,---,---,---,---,---,---,---,---,---,---,---,1,,,1,,,1,,,,,ik,12.3407184,9.4862282,402.24,4.66,CT-TauX3BBL52,Dump association kwalam,Jigawa,Taura,,Production/Processing,Jigawa-WOFAN,0,0,0,0,6375,3188,0,0,85,6375,0,0,0,0,0,0,0,9e2339fa-2212-4b77-b98d-5411831697ff,tau22,27/10/2025 12:09
8dda2b9e-c495-457e-ae3c-c0e5b4211bbf,8dda2b9e-c495-457e-ae3c-c0e5b4211bbf,2025-09-13,,,1,,,faro 67,2025-06-01,1,,,1,,,,,2025-09-25,2,85,12,---,---,---,---,2.0,85.0,---,---,1,,,,,,---,---,---,---,---,---,---,---,---,---,---,---,---,---,---,---,---,---,1,,,1,,,1,,,,,ok,12.3406988,9.4862647,402.14,1.11,CT-TauNFS6S42,Anguwar yamma disabled gujungu,Jigawa,Taura,,Production/Processing,Jigawa-WOFAN,0,0,0,0,6375,3188,0,0,85,6375,0,0,0,0,0,0,0,44d6e934-ddae-42b0-8270-ac809ecd2cda,tau22,27/10/2025 12:09
c8136870-8a4d-4ae9-b04b-9afa3096b032,c8136870-8a4d-4ae9-b04b-9afa3096b032,2025-09-13,,,1,,,faro 67,2025-06-01,1,,,1,,,,,2025-09-25,2,85,12,---,---,---,---,2.0,85.0,---,---,1,,,,,,---,---,---,---,---,---,---,---,---,---,---,---,---,---,---,---,---,---,1,,,1,,,1,,,,,ok,12.3407107,9.4862781,402.26,1.87,CT-Tau7NA9I41,Gujungu female disabled forum,Jigawa,Taura,,Production/Processing,Jigawa-WOFAN,0,0,0,0,6375,3188,0,0,85,6375,0,0,0,0,0,0,0,af637c34-5d9d-454f-8319-7946c057280c,tau22,27/10/2025 12:10
025af402-5076-49b6-967e-04291b354259,025af402-5076-49b6-967e-04291b354259,2025-10-27,,1,,,,faro 67,2025-07-18,1,,,1,,,,,2025-10-20,1,1,12,---,---,1.0,60.0,---,---,---,---,1,,,,,,---,---,---,---,---,---,---,---,---,---,---,---,---,---,---,---,---,---,,1,,1,,,1,,,,,good job,11.5697951,8.3854699,522.5,6.1,CT-BebPSA7925,Anadariya women youth cooperative,Kano,Bebeji,Female,Production/Processing,Kano-WOFAN,0,0,6000,6000,0,0,0,0,60,6000,0,0,0,0,0,0,0,08e37d82-6666-4209-b42c-5d3a2927f689,tun30,27/10/2025 12:12
c7596863-d8c0-40f3-8996-457c3d50fca7,c7596863-d8c0-40f3-8996-457c3d50fca7,2025-09-27,,1,,,,maize,2025-07-27,1,,,1,,,,,2025-10-27,,2,85,---,---,1.9,100.0,---,---,---,---,1,,,,,,---,---,---,---,---,---,---,---,---,---,---,---,---,---,---,---,---,---,,1,,1,,,1,,,,,good,11.916785,8.5470682,479.5,4.7,CT-TudG7X9G03,ALHERI RICE TUDUN WADA,Kano,Tudun_Wada,Female,Production/Processing,Kano-WOFAN,0,0,10000,5263,0,0,0,0,100,10000,0,0,0,0,0,0,0,d9e1e251-df22-4a97-a85d-23c5526312fe,tun29,27/10/2025 12:41
c576715f-dd01-4fa5-a6d5-eef249b7e635,c576715f-dd01-4fa5-a6d5-eef249b7e635,2025-10-26,,,1,,,2,2025-06-16,1,,,1,,,,,2025-10-26,2,2,72,---,---,---,---,2.0,160.0,---,---,1,,,,,,---,---,---,---,---,---,---,---,---,---,---,---,---,---,---,---,---,---,1,,,1,,,1,,,,,excellent,11.6759617,8.449835,510.7,2.9,CT-GarNRLR920,Mudawa women Disable,Kano,Garum_Mallam,,Production,Kano-WOFAN,0,0,0,0,12000,6000,0,0,160,12000,0,0,0,0,0,0,0,ee5721d8-48c3-44c1-94dd-03aa04f7f18d,bun02,27/10/2025 12:44
de2978d4-b9c5-49be-a26f-27afea53dbea,de2978d4-b9c5-49be-a26f-27afea53dbea,2025-05-26,,1,1,,,Maize,2025-06-01,1,,,1,,,,,2025-10-15,1,1,12,---,---,1.0,70.0,1.0,70.0,---,---,,,1,,,,---,2.0,---,---,,,,,,,,1,,,,,,,1,,,1,,,1,,,,,good,12.0522258,8.273224,558.49,4.9,CT-RimYC9G823,YARO TASHIKA NEMA RIMIN GADO CLSUTER,Kano,Rimi_Gado,,Production,Kano-WOFAN,0,0,7000,7000,5250,5250,0,0,140,12250,0,200,0,0,2,200,0,68a82c8f-e69e-4969-8561-cf8d4c70fcc0,rig15,27/10/2025 13:13
d47d913e-59c3-4264-9117-ce336cc630b4,d47d913e-59c3-4264-9117-ce336cc630b4,2025-05-27,,,1,,,Rice,2025-06-23,1,,,1,,,,,2025-10-15,1,1,13,---,---,---,---,1.0,84.0,---,---,,,,1,,,---,---,1.0,---,,,,,,,,1,,,,,,,1,,,1,,,1,,,,,good,12.0522101,8.2731993,561.14,4.9,CT-RimYC9G823,YARO TASHIKA NEMA RIMIN GADO CLSUTER,Kano,Rimi_Gado,,Production,Kano-WOFAN,0,0,0,0,6300,6300,0,0,84,6300,0,0,75,0,1,75,0,68a82c8f-e69e-4969-8561-cf8d4c70fcc0,rig15,27/10/2025 13:13
4e5e8c7e-766c-4522-b56d-d5463680542e,4e5e8c7e-766c-4522-b56d-d5463680542e,2025-06-10,,,1,,,faro,2025-06-10,1,,,1,,,1,,2025-10-20,2,2,12,---,---,---,---,2.0,165.0,---,---,1,,,,,,---,---,---,---,---,---,---,---,---,---,---,---,---,---,---,---,---,---,1,1,,1,,,1,,,,,use well ventilated room for storage,10.2782417,9.80273,637.7,3.5,CT-GanAGOA347,Kofar Biri Cluster,Bauchi,Ganjuwa,,Production/Processing,Bauchi-WOFAN,0,0,0,0,12375,6188,0,0,165,12375,0,0,0,0,0,0,0,d53cec44-9e7a-438c-84ce-29c38a8cbe20,gan09,27/10/2025 13:31
009fc3a6-85b4-460b-a53b-acadbb599484,009fc3a6-85b4-460b-a53b-acadbb599484,2025-06-08,,1,,,,maize,2025-06-08,1,,,1,,,,,2025-10-19,2,2,13,---,---,2.0,166.0,---,---,---,---,1,,,,,,---,---,---,---,---,---,---,---,---,---,---,---,---,---,---,---,---,---,1,1,,1,,,1,,,,,use well ventilated room for storage,10.2782983,9.8028266,638.2,4.2,CT-Gan66JZK08,Unguwan Badau Cluster,Bauchi,Ganjuwa,,Production/Processing,Bauchi-WOFAN,0,0,16600,8300,0,0,0,0,166,16600,0,0,0,0,0,0,0,d571c7d8-c929-470b-a9a4-5c28a7dec673,gan09,27/10/2025 13:33
36711bec-1a90-4654-8ba8-c3983a10f5f1,36711bec-1a90-4654-8ba8-c3983a10f5f1,2025-10-27,,1,,,,samaz,2025-06-21,1,,,1,,,,,2025-09-15,1,1,12,---,---,1.0,70.0,---,---,---,---,1,,,,,,---,---,---,---,---,---,---,---,---,---,---,---,---,---,---,---,---,---,,1,,1,,,1,,,,,masha Allah,11.4824601,8.3529846,528.5,4.82,CT-Beb34QU921,Durmawa agro marketres cluster,Kano,Bebeji,Female,Production/Processing,Kano-WOFAN,0,0,7000,7000,0,0,0,0,70,7000,0,0,0,0,0,0,0,4fdb49ea-d8cd-46af-8084-1513bda7a37e,beb31,27/10/2025 13:40
4456a308-5e29-4dcf-8522-68a855ef6f19,4456a308-5e29-4dcf-8522-68a855ef6f19,2025-10-25,,,1,,,Samaz 61,2025-06-18,1,,,1,,,,,2025-10-25,1,1,12,---,---,---,---,1.0,50.0,---,---,1,,,,,,---,---,---,---,---,---,---,---,---,---,---,---,---,---,---,---,---,---,,1,,1,,,1,,,,,Good,11.569556,8.3856515,507.8,4.68,CT-TudCYYJ703,KUNGIYAR YAN KULI DA MAI YAR MARAYA,Kano,Tudun_Wada,Female,Production/Processing,Kano-WOFAN,0,0,0,0,3750,3750,0,0,50,3750,0,0,0,0,0,0,0,bd261df5-f3b8-442d-9cdf-cea7396bea1c,tun26,27/10/2025 13:40
354860d9-2d2a-452d-ad08-63babb0dc242,354860d9-2d2a-452d-ad08-63babb0dc242,2025-10-26,,,1,,,samaz 61,2025-06-18,1,,,1,,,,,2025-10-26,1,1,13,---,---,---,---,1.0,60.0,---,---,1,,,,,,---,---,---,---,---,---,---,---,---,---,---,---,---,---,---,---,---,---,1,,,1,,,1,,,,,Good,11.5695941,8.3856719,508.0,4.92,CT-Tud7X1EA22,Sodo Rice Processors And Marketers Milti-purpose Coooerative Society Limited,Kano,Tudun_Wada,Female,Production/Processing,Kano-WOFAN,0,0,0,0,4500,4500,0,0,60,4500,0,0,0,0,0,0,0,5e59f068-1ea8-4e05-ad58-a888974f4106,tun26,27/10/2025 13:40
4493088e-8c9d-4960-a768-7aa1e3d7d677,4493088e-8c9d-4960-a768-7aa1e3d7d677,2025-10-27,,,1,,,Faro65,2025-06-19,1,,,1,,,,,2025-10-27,1,1,13,---,---,---,---,1.0,80.0,---,---,,,,1,,,---,---,20.0,---,,,,,,,,1,,,,,,,,1,,1,,,1,,,,,Excellent,11.5696282,8.3857304,499.5,4.78,CT-Tud0JO0533,Tsohon Gari Rice Perboiling And Milling Multi-purpose Cooperative Society Limited,Kano,Tudun_Wada,Female,Production/Processing,Kano-WOFAN,0,0,0,0,6000,6000,0,0,80,6000,0,0,1500,0,20,1500,0,e692cfdf-f4ef-4e75-9d70-4b147e469945,tun26,27/10/2025 13:40
0beb8c4c-3281-48ec-863c-ad9551c88c89,0beb8c4c-3281-48ec-863c-ad9551c88c89,2025-10-26,,1,,,,Samaz61,2025-06-17,1,,,1,,,,,2025-10-26,1,1,12,---,---,1.0,60.0,---,---,---,---,1,,,,,,---,---,---,---,---,---,---,---,---,---,---,---,---,---,---,---,---,---,,1,,1,,,1,,,,,Good,11.569624,8.3856935,499.6,4.76,CT-TudXAUUF35,Community association farmers,Kano,Tudun_Wada,Female,Production/Processing,Kano-WOFAN,0,0,6000,6000,0,0,0,0,60,6000,0,0,0,0,0,0,0,18187e7b-ef45-4bbb-b852-39f89ccc5ae7,tun26,27/10/2025 13:40
d688884a-87b5-44dd-acb7-2efb0f49258e,d688884a-87b5-44dd-acb7-2efb0f49258e,2025-10-27,,1,,,,samaz61,2025-06-15,1,,,1,,,,,2025-10-27,1,1,13,---,---,1.0,70.0,---,---,---,---,1,,,,,,---,---,---,---,---,---,---,---,---,---,---,---,---,---,---,---,---,---,,1,,1,,,1,,,,,Excellent,11.5696343,8.3857454,500.3,4.36,CT-TudUDW9F06,Jeli cluster 1,Kano,Tudun_Wada,Both,Production/Processing,Kano-WOFAN,0,0,7000,7000,0,0,0,0,70,7000,0,0,0,0,0,0,0,58a4af42-5255-4785-9171-5b644cae1632,tun26,27/10/2025 13:40
1145d5eb-8edb-4066-951c-ee3643ff6945,1145d5eb-8edb-4066-951c-ee3643ff6945,2025-10-23,,,1,,,Rice,2025-06-22,1,,,1,,,,,2025-10-23,1,1,12,---,---,---,---,1.0,120.0,---,---,,,,1,,,---,---,20.0,---,,,,,,,,,,,,1,,,,1,,1,,,1,,,,,Nice job,11.5696346,8.3857103,520.5,1.9,CT-TudG7X9G03,ALHERI RICE TUDUN WADA,Kano,Tudun_Wada,Female,Production/Processing,Kano-WOFAN,0,0,0,0,9000,9000,0,0,120,9000,0,0,1500,0,20,1500,0,d9e1e251-df22-4a97-a85d-23c5526312fe,tun32,27/10/2025 13:42
8caed6e4-24f1-4667-b03d-5f59db5353ce,8caed6e4-24f1-4667-b03d-5f59db5353ce,2025-10-25,,,1,,,Rice,2025-06-23,1,,,1,,,,,2025-10-24,1,1,12,---,---,---,---,1.0,100.0,---,---,1,,,,,,---,---,---,---,---,---,---,---,---,---,---,---,---,---,---,---,---,---,,1,,1,,,1,,,,,Good job,11.5696583,8.38561,522.3,3.7,CT-TudD8OEW58,TUDUN WADA DANKADAI RICE PROCESSORS,Kano,Tudun_Wada,Female,Production/Processing,Kano-WOFAN,0,0,0,0,7500,7500,0,0,100,7500,0,0,0,0,0,0,0,6ce31b57-44f3-4597-9a09-9e3cfa1c6275,tun32,27/10/2025 13:44
53582fbe-4d81-47cb-bee3-e1d92240eb51,53582fbe-4d81-47cb-bee3-e1d92240eb51,2025-10-25,,,1,,,Rice,2025-06-22,1,,,1,,,,,2025-10-25,1,1,12,---,---,---,---,1.0,110.0,---,---,1,,,,,,---,---,---,---,---,---,---,---,---,---,---,---,---,---,---,---,---,---,,1,,1,,,1,,,,,Good job,11.5696317,8.3857217,529.0,3.0,CT-TudKTN7D11,TUDUN WADA HIMMA RICE PROCESSORS,Kano,Tudun_Wada,Female,Production/Processing,Kano-WOFAN,0,0,0,0,8250,8250,0,0,110,8250,0,0,0,0,0,0,0,751771fa-3154-4318-8bbf-085369f48288,tun32,27/10/2025 13:46
c56d9684-248f-40a2-95a9-091ee20b72fd,c56d9684-248f-40a2-95a9-091ee20b72fd,2025-10-26,,1,,,,Samaz61,2025-06-24,1,,,1,,,,,2025-10-26,1,1,12,---,---,1.0,80.0,---,---,---,---,1,,,,,,---,---,---,---,---,---,---,---,---,---,---,---,---,---,---,---,---,---,,1,,1,,,1,,,,,Good job,11.569615,8.3857433,529.2,3.4,CT-TudQ5OOH57,TUDUN WADA NAGARTA RICE,Kano,Tudun_Wada,Female,Production/Processing,Kano-WOFAN,0,0,8000,8000,0,0,0,0,80,8000,0,0,0,0,0,0,0,0f925ca5-86e2-4c3a-8a18-66f8758aed4e,tun32,27/10/2025 13:49
0cbe16c7-5037-418f-9b6a-5d58b032255b,0cbe16c7-5037-418f-9b6a-5d58b032255b,2025-10-26,,,1,,,Paro67,2025-06-23,1,,,1,,,,,2025-10-26,1,1,9,---,---,---,---,1.0,90.0,---,---,1,,,,,,---,---,---,---,---,---,---,---,---,---,---,---,---,---,---,---,---,---,,1,,1,,,1,,,,,Good job,11.5696134,8.3857366,533.7,4.8,CT-Tud0JO0533,Tsohon Gari Rice Perboiling And Milling Multi-purpose Cooperative Society Limited,Kano,Tudun_Wada,Female,Production/Processing,Kano-WOFAN,0,0,0,0,6750,6750,0,0,90,6750,0,0,0,0,0,0,0,e692cfdf-f4ef-4e75-9d70-4b147e469945,tun32,27/10/2025 13:51
6450598a-734a-4614-91b5-7f774148d84c,6450598a-734a-4614-91b5-7f774148d84c,2025-10-26,,,1,,,faro 67,2025-06-26,1,,,1,,,,,2025-10-21,1,1,9,---,---,---,---,1.0,112.0,---,---,,,,1,,,---,---,8.0,---,,,,,,,1,,,,,,,,,1,,1,,,1,,,,,Excellent,11.5696679,8.385736,494.8,3.05,CT-BebAGW5C12,Dakatsalle wofan cluster A,Kano,Bebeji,Both,Production/Processing,Kano-WOFAN,0,0,0,0,8400,8400,0,0,112,8400,0,0,600,0,8,600,0,646f66b2-68f8-4b57-9e05-a9a3ebc69561,tun24,27/10/2025 13:53
6c5a2ad3-ad75-4679-9951-37a2184a6894,6c5a2ad3-ad75-4679-9951-37a2184a6894,2025-10-01,,,1,,,rice,2025-06-19,1,,,1,,,,,2025-10-21,1,1,10,---,---,---,---,1.0,118.0,---,---,,,,1,,,---,---,2.0,---,,,,,,,,1,,,,,,,,1,,1,,,1,,,,,good job,11.5696089,8.3856971,497.4,4.9,CT-TudQA98805,Fatima's association farmers,Kano,Tudun_Wada,Both,Production/Processing,Kano-WOFAN,0,0,0,0,8850,8850,0,0,118,8850,0,0,150,0,2,150,0,81b8e705-f344-4497-9589-d11e4b5d79de,tun24,27/10/2025 13:53
f70dbead-9309-469a-a0e9-247298cdac64,f70dbead-9309-469a-a0e9-247298cdac64,2025-10-01,,,1,,,faro 67,2025-06-19,1,,,1,,,,,2025-10-24,1,1,11,---,---,---,---,1.0,119.0,---,---,,,,1,,,---,---,1.0,---,,,,,,1,,,,,,,,,,1,,,1,,1,,,,,good job,11.5696948,8.3858038,501.7,2.64,CT-BebKN7BW46,Rahama youth cooperative,Kano,Bebeji,Female,Production/Processing,Kano-WOFAN,0,0,0,0,8925,8925,0,0,119,8925,0,0,75,0,1,75,0,3aa2c733-0c47-4835-a59e-72c01c737516,tun24,27/10/2025 13:53
463d4f2c-c3a2-4895-9194-e4f9f37b910d,463d4f2c-c3a2-4895-9194-e4f9f37b910d,2025-10-18,,,1,,,Faro 67,2025-06-24,1,,,1,,,,,2025-10-23,1,1,12,---,---,---,---,1.0,118.0,---,---,,,,1,,,---,---,2.0,---,,,,,,,,1,,,,,,,1,,,,1,,1,,,,,good job,11.5696545,8.3857395,502.7,4.45,CT-BebZM4RX19,sabon gari woman produce markiting,Kano,Bebeji,Female,Production/Processing,Kano-WOFAN,0,0,0,0,8850,8850,0,0,118,8850,0,0,150,0,2,150,0,0f39c3bc-f64f-4ac0-98af-d83d216659c3,tun24,27/10/2025 13:53
4f851200-c126-4510-b8d3-5b21327fd4c6,4f851200-c126-4510-b8d3-5b21327fd4c6,2025-10-26,,,1,,,Paro67,2025-06-22,1,,,1,,,,,2025-10-26,1,1,10,---,---,---,---,1.0,90.0,---,---,1,,,,,,---,---,---,---,---,---,---,---,---,---,---,---,---,---,---,---,---,---,,1,,1,,,1,,,,,Good job,11.5696325,8.3857342,531.6,1.9,CT-TudNLR2N42,Yaryasa Zumunta and agro allied community multipurpose cooperative society limited,Kano,Tudun_Wada,Both,Production/Processing,Kano-WOFAN,0,0,0,0,6750,6750,0,0,90,6750,0,0,0,0,0,0,0,aacddb05-6cd0-475c-9ef7-482a6d7b7cc0,tun32,27/10/2025 13:54
7a9831a8-0b22-41ea-8a84-8022a9565589,7a9831a8-0b22-41ea-8a84-8022a9565589,2025-10-27,,1,,,,maize,2025-06-26,1,,,1,,,,,2025-10-25,,1,12,---,---,1.0,50.0,---,---,---,---,1,,,,,,---,---,---,---,---,---,---,---,---,---,---,---,---,---,---,---,---,---,,,,,,,,,,,,good,11.9167989,8.5470401,479.3,4.8,CT-BebPSA7925,Anadariya women youth cooperative,Kano,Bebeji,Female,Production/Processing,Kano-WOFAN,0,0,5000,5000,0,0,0,0,50,5000,0,0,0,0,0,0,0,08e37d82-6666-4209-b42c-5d3a2927f689,tun29,27/10/2025 13:56
6e609762-6f6a-4fc8-b138-54791e17267f,6e609762-6f6a-4fc8-b138-54791e17267f,2025-10-26,,,1,,,Paro61,2025-06-22,1,,,1,,,,,2025-10-26,1,1,10,---,---,---,---,1.0,110.0,---,---,1,,,,,,---,---,---,---,---,---,---,---,---,---,---,---,---,---,---,---,---,---,,1,,1,,,1,,,,,Good job,11.5695801,8.3857282,534.4,3.3,CT-TudLECAY44,Youth Casava Sellers Multipurpose Cooperative Society Limited,Kano,Tudun_Wada,Female,Production/Processing,Kano-WOFAN,0,0,0,0,8250,8250,0,0,110,8250,0,0,0,0,0,0,0,0a0aca39-f953-4e2b-b474-22acbe50f7da,tun32,27/10/2025 13:56
a0dbdf4a-f87b-4392-9eff-a8902b780263,a0dbdf4a-f87b-4392-9eff-a8902b780263,2025-10-25,,,1,,,Paro61,2025-06-21,1,,,1,,,,,2025-10-25,1,1,12,---,---,---,---,1.0,12.0,---,---,1,,,,,,---,---,---,---,---,---,---,---,---,---,---,---,---,---,---,---,---,---,,1,,1,,,1,,,,,Good job,11.5696115,8.3857367,538.8,1.6,CT-Tud59M9Z05,FASKAR MAAJI (C) CLUSTER,Kano,Tudun_Wada,Both,Production/Processing,Kano-WOFAN,0,0,0,0,900,900,0,0,12,900,0,0,0,0,0,0,0,2818290b-acbb-42af-8524-25adf1ebd021,tun32,27/10/2025 13:58
cc3f2888-a87f-48e3-b197-8cf41af41a96,cc3f2888-a87f-48e3-b197-8cf41af41a96,2025-09-20,,,1,,,faro 68,2025-06-06,1,,,1,,,,,2025-09-20,1,1,12,---,---,---,---,1.0,90.0,---,---,1,,,,,,---,---,---,---,---,---,---,---,---,---,---,---,---,---,---,---,---,---,1,,,1,,,1,,,,,Muna godiya ga master card,11.9625163,8.5017534,556.84,1.24,CT-BebDZACR09,Sabon fegi cluster,Kano,Bebeji,,Production,Kano-WOFAN,0,0,0,0,6750,6750,0,0,90,6750,0,0,0,0,0,0,0,cf462702-401f-4032-be25-d12cdc7a76fb,beb24,27/10/2025 14:00
593ee777-f652-462c-8271-071ca554907e,593ee777-f652-462c-8271-071ca554907e,2025-09-21,,,1,,,faro 68,2025-07-10,1,,,1,,,,,2025-09-21,1,1,12,---,---,---,---,1.0,90.0,---,---,1,,,,,,---,---,---,---,---,---,---,---,---,---,---,---,---,---,---,---,---,---,1,,,1,,,1,,,,,Muna godiya ga hukumar wofan,11.9625142,8.5017554,556.91,4.88,CT-KirPQFNX59,Kyarana agro maketers association,Kano,Kiru,Both,Production/Processing,Kano-WOFAN,0,0,0,0,6750,6750,0,0,90,6750,0,0,0,0,0,0,0,9c894a8e-d997-42e3-9a37-8d52f6a0cae8,beb24,27/10/2025 14:00
7d8152e3-d535-493b-9ab7-f37180f93a43,7d8152e3-d535-493b-9ab7-f37180f93a43,2025-09-29,,,1,,,faro 68,2025-06-11,1,,,1,,,,,2025-09-25,1,1,12,---,---,---,---,1.0,85.0,---,---,1,,,,,,---,---,---,---,---,---,---,---,---,---,---,---,---,---,---,---,---,---,1,,,1,,,1,,,,,Allah yasakawa maman wofan da alkairi da masterd card foundation,11.9625218,8.5017798,555.49,1.93,CT-KirAXS8Y33,Kyarana nakasassu cluster,Kano,Kiru,,Production,Kano-WOFAN,0,0,0,0,6375,6375,0,0,85,6375,0,0,0,0,0,0,0,56e1ed78-1dd6-4926-9e55-837880cb0bcb,beb24,27/10/2025 14:00
7ca9f952-0020-4973-8b00-113d77d574c0,7ca9f952-0020-4973-8b00-113d77d574c0,2025-09-15,,1,,,,maize,2025-06-05,1,,,1,,,,,2025-09-15,1,1,10,---,---,1.0,75.0,---,---,---,---,1,,,,,,---,---,---,---,---,---,---,---,---,---,---,---,---,---,---,---,---,---,1,,,1,,,1,,,,,Muna godiya ga humumar wofan,11.9625218,8.5017776,555.32,2.47,CT-Beb2UDZD00,Kwalliya ta biya kofa cluster,Kano,Bebeji,,Production,Kano-WOFAN,0,0,7500,7500,0,0,0,0,75,7500,0,0,0,0,0,0,0,0abaf8b6-7a0e-402b-b7c9-35fceca3d6e1,beb24,27/10/2025 14:00
f29ef33d-27e6-4125-821c-5dc37da22e42,f29ef33d-27e6-4125-821c-5dc37da22e42,2025-10-01,,,1,,,faro 68,2025-06-10,1,,,1,,,,,2025-10-01,1,1,12,---,---,---,---,1.0,90.0,---,---,1,,,,,,---,---,---,---,---,---,---,---,---,---,---,---,---,---,---,---,---,---,1,,,1,,,1,,,,,Good,11.962405,8.5017126,507.75,2.64,CT-BebG034X51,Kofa agro maketars cluster,Kano,Bebeji,Female,Production/Processing,Kano-WOFAN,0,0,0,0,6750,6750,0,0,90,6750,0,0,0,0,0,0,0,1f8c91ef-35c6-45e7-8cb6-7d65ef50d699,beb24,27/10/2025 14:00
387cc5d7-4dcc-41ad-8bbc-ae088d01c8a1,387cc5d7-4dcc-41ad-8bbc-ae088d01c8a1,2025-10-27,,,1,,,Paro61,2025-06-22,1,,,1,,,,,2025-10-27,1,1,12,---,---,---,---,1.0,120.0,---,---,1,,,,,,---,---,---,---,---,---,---,---,---,---,---,---,---,---,---,---,---,---,,1,,,1,,1,,,,,Good job,11.5695835,8.3857276,550.5,2.6,CT-TudP1T1I38,FASKAR MAAJI Cluster,Kano,Tudun_Wada,Female,Production/Processing,Kano-WOFAN,0,0,0,0,9000,9000,0,0,120,9000,0,0,0,0,0,0,0,fe8aa212-a854-4314-9788-112c21baff64,tun32,27/10/2025 14:00
149d903d-10d5-4ddf-8dad-3ad1a0f549b3,149d903d-10d5-4ddf-8dad-3ad1a0f549b3,2025-10-27,,1,,,,Samaz67,2025-06-22,1,,,1,,,,,2025-10-27,1,1,13,---,---,1.0,80.0,---,---,---,---,1,,,,,,---,---,---,---,---,---,---,---,---,---,---,---,---,---,---,---,---,---,,1,,1,,,1,,,,,Good job,11.5695785,8.3857732,553.2,4.59,CT-Tud7X1EA22,Sodo Rice Processors And Marketers Milti-purpose Coooerative Society Limited,Kano,Tudun_Wada,Female,Production/Processing,Kano-WOFAN,0,0,8000,8000,0,0,0,0,80,8000,0,0,0,0,0,0,0,5e59f068-1ea8-4e05-ad58-a888974f4106,tun32,27/10/2025 14:02
4e366896-1589-409f-8a7e-656900643b33,4e366896-1589-409f-8a7e-656900643b33,2025-10-24,,1,,,,Samaz16,2025-06-27,1,,,1,,,,,2025-10-25,,1,12,---,---,1.0,50.0,---,---,---,---,1,,,,,,---,---,---,---,---,---,---,---,---,---,---,---,---,---,---,---,---,---,,1,,,,,,,,,,good,11.9168229,8.5470454,479.3,3.9,CT-TudBX75840,Marmara cluster 1,Kano,Tudun_Wada,Both,Production/Processing,Kano-WOFAN,0,0,5000,5000,0,0,0,0,50,5000,0,0,0,0,0,0,0,ee700388-4ba0-40fd-8dc9-189300e85758,tun29,27/10/2025 14:03
f2ee34e8-b277-45e5-9a75-364c91c02c7b,f2ee34e8-b277-45e5-9a75-364c91c02c7b,2025-10-25,,1,,,,Samaz16,2025-06-27,1,,,1,,,,,2025-10-27,,1,12,---,---,1.0,50.0,---,---,---,---,1,,,,,,---,---,---,---,---,---,---,---,---,---,---,---,---,---,---,---,---,---,,,,,,,,,,,,good,11.9168733,8.5470301,479.3,3.2,CT-Tud1GGAS10,Yaryasa cluster 1,Kano,Tudun_Wada,Both,Production/Processing,Kano-WOFAN,0,0,5000,5000,0,0,0,0,50,5000,0,0,0,0,0,0,0,43c1a2a7-b085-4802-83bc-ec35af5fa9da,tun29,27/10/2025 14:06
a0476ec1-bb50-43a0-959d-78e42b8316b8,a0476ec1-bb50-43a0-959d-78e42b8316b8,2025-10-27,,1,,,,oba,2025-05-24,1,,,1,,,,,2025-10-02,2,2,10,---,---,2.0,150.0,---,---,---,---,1,,,,,,---,---,---,---,---,---,---,---,---,---,---,---,---,---,---,---,---,---,1,,,1,,,1,,,,,good,11.6667983,8.4156922,521.6,9.01,CT-GarQ4MH207,ALHERI FOODS ASSOCIATION,Kano,Garum_Mallam,,Production/Processing,Kano-WOFAN,0,0,15000,7500,0,0,0,0,150,15000,0,0,0,0,0,0,0,bf982f39-81fa-4c84-b8a7-547ba517c79d,gmm54,27/10/2025 14:35
5ec36aed-ae35-49f0-a10b-3d6510d12909,5ec36aed-ae35-49f0-a10b-3d6510d12909,2025-10-27,,,1,,,faro44,2025-06-27,1,,,1,,,,,2025-10-08,2,2,10,---,---,---,---,2.0,170.0,---,---,1,,,,,,---,---,---,---,---,---,---,---,---,---,---,---,---,---,---,---,---,---,1,,,1,,,1,,,,,good,11.6667445,8.4157504,521.6,6.13,CT-GarQ4MH207,ALHERI FOODS ASSOCIATION,Kano,Garum_Mallam,,Production/Processing,Kano-WOFAN,0,0,0,0,12750,6375,0,0,170,12750,0,0,0,0,0,0,0,bf982f39-81fa-4c84-b8a7-547ba517c79d,gmm54,27/10/2025 14:35
3669602c-f3b0-4a82-b3d5-6fb946d68c10,3669602c-f3b0-4a82-b3d5-6fb946d68c10,2025-10-27,,1,,,,oba98,2025-06-04,1,,,1,,,,,2025-10-12,2,2,11,---,---,2.0,150.0,---,---,---,---,1,,,,,,---,---,---,---,---,---,---,---,---,---,---,---,---,---,---,---,---,---,1,,,1,,,1,,,,,good,11.6667622,8.4157021,521.6,7.59,CT-Gar6NGTO14,Amana disabled cluster,Kano,Garum_Mallam,,Production,Kano-WOFAN,0,0,15000,7500,0,0,0,0,150,15000,0,0,0,0,0,0,0,bbe7f5b6-b465-4786-8b28-c78f683b563e,gmm54,27/10/2025 14:37
f150168e-81fc-44e0-88db-4b7178f1bb9a,f150168e-81fc-44e0-88db-4b7178f1bb9a,2025-10-27,,,1,,,faro44,2025-06-29,1,,,1,,,,,2025-10-15,2,2,10,---,---,---,---,2.0,170.0,---,---,1,,,,,,---,---,---,---,---,---,---,---,---,---,---,---,---,---,---,---,---,---,1,,,1,,,1,,,,,good,11.6669283,8.415935,521.6,8.81,CT-Gar6NGTO14,Amana disabled cluster,Kano,Garum_Mallam,,Production,Kano-WOFAN,0,0,0,0,12750,6375,0,0,170,12750,0,0,0,0,0,0,0,bbe7f5b6-b465-4786-8b28-c78f683b563e,gmm54,27/10/2025 14:37
28cf5e30-14cd-47f6-acd0-1ce4aeb3c35c,28cf5e30-14cd-47f6-acd0-1ce4aeb3c35c,2025-10-27,,1,,,,oba98,2025-06-27,1,,,1,,,,,2025-10-27,2,2,11,---,---,2.0,150.0,---,---,---,---,1,,,,,,---,---,---,---,---,---,---,---,---,---,---,---,---,---,---,---,---,---,1,,,1,,,1,,,,,good,11.666925,8.4158183,521.6,9.9,CT-GarFNPKB09,DOGARO DAKAI DISABLE ASSOCIATION,Kano,Garum_Mallam,,Production/Processing,Kano-WOFAN,0,0,15000,7500,0,0,0,0,150,15000,0,0,0,0,0,0,0,eaa3b7e4-0ac6-40ca-89c8-d6ae63ff8bc0,gmm54,27/10/2025 14:37
4402ef73-f886-42e2-a838-d46d803457a8,4402ef73-f886-42e2-a838-d46d803457a8,2025-10-27,,,1,,,faro44,2025-06-21,1,,,1,,,,,2025-07-27,2,2,11,---,---,---,---,2.0,170.0,---,---,1,,,,,,---,---,---,---,---,---,---,---,---,---,---,---,---,---,---,---,---,---,1,,,1,,,1,,,,,good,11.6670933,8.4156483,515.8,7.38,CT-GarFNPKB09,DOGARO DAKAI DISABLE ASSOCIATION,Kano,Garum_Mallam,,Production/Processing,Kano-WOFAN,0,0,0,0,12750,6375,0,0,170,12750,0,0,0,0,0,0,0,eaa3b7e4-0ac6-40ca-89c8-d6ae63ff8bc0,gmm54,27/10/2025 14:37
7b11d60b-519c-43f4-bc70-33a8956bf5e8,7b11d60b-519c-43f4-bc70-33a8956bf5e8,2025-10-27,,1,,,,oba98,2025-06-27,1,,,1,,,,,2025-06-27,2,2,11,---,---,2.0,150.0,---,---,---,---,1,,,,,,---,---,---,---,---,---,---,---,---,---,---,---,---,---,---,---,---,---,1,,,1,,,1,,,,,good,11.66681,8.4158783,515.9,7.3,CT-GarIZEAH38,DUMAJI FUNKASO AMANA B,Kano,Garum_Mallam,Female,Production/Processing,Kano-WOFAN,0,0,15000,7500,0,0,0,0,150,15000,0,0,0,0,0,0,0,8d78e61a-94b7-470e-82d8-7ecfc8d9aa6c,gmm54,27/10/2025 14:37
dda4f904-9303-4c97-acb9-5a6452852a23,dda4f904-9303-4c97-acb9-5a6452852a23,2025-10-27,,,1,,,faro44,2025-06-27,1,,,1,,,,,2025-10-22,2,2,11,---,---,---,---,2.0,200.0,---,---,1,,,,,,---,---,---,---,---,---,---,---,---,---,---,---,---,---,---,---,---,---,1,,,1,,,1,,,,,good,11.6666783,8.4158017,515.6,4.96,CT-GarIZEAH38,DUMAJI FUNKASO AMANA B,Kano,Garum_Mallam,Female,Production/Processing,Kano-WOFAN,0,0,0,0,15000,7500,0,0,200,15000,0,0,0,0,0,0,0,8d78e61a-94b7-470e-82d8-7ecfc8d9aa6c,gmm54,27/10/2025 14:37
74275a3a-2cdd-4b83-9785-a5d309b929f5,74275a3a-2cdd-4b83-9785-a5d309b929f5,2025-10-27,,1,,,,Sammaz 50,2025-06-24,1,,,1,,,,,2025-09-24,1,1,20,---,---,1.0,70.0,---,---,---,---,1,,,,,,---,---,---,---,---,---,---,---,---,---,---,---,---,---,---,---,---,---,1,,,1,,,1,,,,,good,11.184465,8.227385,706.2,4.5,CT-IkaE1KKN12,MATA MASU BUKATA KWARI CLUSTER,Kaduna,Ikara,,Production/Processing,Kaduna-WOFAN,0,0,7000,7000,0,0,0,0,70,7000,0,0,0,0,0,0,0,2da877da-5b34-451e-8cb4-52c03083d7cc,ika16,27/10/2025 14:39
d8f81221-e0f6-45a1-a8c3-61896e29fc07,d8f81221-e0f6-45a1-a8c3-61896e29fc07,2025-10-27,,,1,,,Faro 67,2025-06-25,1,,,1,,,,,2025-09-29,1,1,20,---,---,---,---,1.0,75.0,---,---,1,,,,,,---,---,---,---,---,---,---,---,---,---,---,---,---,---,---,---,---,---,1,,,1,,,1,,,,,good,11.1845133,8.22746,719.0,2.0,CT-IkaXQFS556,HAYI MASU BUTAKA KWARI CLUSTER,Kaduna,Ikara,,Production/Processing,Kaduna-WOFAN,0,0,0,0,5625,5625,0,0,75,5625,0,0,0,0,0,0,0,e5575444-835f-45b1-8ae9-68a0f6d718e2,ika16,27/10/2025 14:39
3d8ccfed-3f0d-4bcd-b93e-b4ed55109d39,3d8ccfed-3f0d-4bcd-b93e-b4ed55109d39,2025-10-23,,1,,,,maize,2025-06-18,1,,,1,,,,,2025-10-22,2,2,14,---,---,2.0,141.0,---,---,---,---,1,,,,,,---,---,---,---,---,---,---,---,---,---,---,---,---,---,---,---,---,---,1,,,1,,,1,,,,,Extremely good,11.9654821,8.5528044,487.4,4.13,CT-TudG7X9G03,ALHERI RICE TUDUN WADA,Kano,Tudun_Wada,Female,Production/Processing,Kano-WOFAN,0,0,14100,7050,0,0,0,0,141,14100,0,0,0,0,0,0,0,d9e1e251-df22-4a97-a85d-23c5526312fe,tun22,27/10/2025 15:22
dd3aa09c-7317-4ee3-a953-9e125dc95222,dd3aa09c-7317-4ee3-a953-9e125dc95222,2025-10-24,,1,,,,maize,2025-06-20,1,,,1,,,,,2025-10-07,2,2,13,---,---,2.0,137.0,---,---,---,---,1,,,,,,---,---,---,---,---,---,---,---,---,---,---,---,---,---,---,---,---,---,1,,,1,,,1,,,,,Excellent,11.965495,8.5527717,487.9,2.6,CT-Tud0JO0533,Tsohon Gari Rice Perboiling And Milling Multi-purpose Cooperative Society Limited,Kano,Tudun_Wada,Female,Production/Processing,Kano-WOFAN,0,0,13700,6850,0,0,0,0,137,13700,0,0,0,0,0,0,0,e692cfdf-f4ef-4e75-9d70-4b147e469945,tun22,27/10/2025 15:23
bfaa7115-489f-4069-83ab-c7e4694644a8,bfaa7115-489f-4069-83ab-c7e4694644a8,2025-10-22,,,1,,,faro,2025-06-19,1,,,1,,,,,2025-10-22,1,90,10,---,---,---,---,1.0,90.0,---,---,1,,,,,,---,---,---,---,---,---,---,---,---,---,---,---,---,---,---,---,---,---,,1,,1,,,1,,,,,Very good harvesting,11.5691617,8.38594,530.4,3.35,CT-TudEOXD838,damaga cikin gari wofan cluster,Kano,Tudun_Wada,Both,Production/Processing,Kano-WOFAN,0,0,0,0,6750,6750,0,0,90,6750,0,0,0,0,0,0,0,eb8b1b41-b077-4bbd-85cc-a246de715438,tun02,27/10/2025 15:29
698ee78c-0f2a-49fa-9352-b3e0ab885445,698ee78c-0f2a-49fa-9352-b3e0ab885445,2025-10-23,,1,,,,samaz16,2025-06-17,1,,,1,,,,,2025-10-23,1,70,12,---,---,1.0,70.0,---,---,---,---,1,,,,,,---,---,---,---,---,---,---,---,---,---,---,---,---,---,---,---,---,---,,1,,1,,,1,,,,,very good harvesting,11.5691667,8.385995,545.5,4.4,CT-BebAGW5C12,Dakatsalle wofan cluster A,Kano,Bebeji,Both,Production/Processing,Kano-WOFAN,0,0,7000,7000,0,0,0,0,70,7000,0,0,0,0,0,0,0,646f66b2-68f8-4b57-9e05-a9a3ebc69561,tun02,27/10/2025 15:33
cf61d347-4209-49d3-9c6e-13990b9b584f,cf61d347-4209-49d3-9c6e-13990b9b584f,2025-10-26,,,1,,,faro,2025-10-26,1,,,1,,,,,2025-10-26,1,80,11,---,---,---,---,1.0,80.0,---,---,1,,,,,,---,---,---,---,---,---,---,---,---,---,---,---,---,---,---,---,---,---,,1,,1,,,1,,,,,very good harvesting,11.5691133,8.38599,545.2,4.59,CT-TudAPM3D40,SUMANA A CLUSTER 1,Kano,Tudun_Wada,Both,Production/Processing,Kano-WOFAN,0,0,0,0,6000,6000,0,0,80,6000,0,0,0,0,0,0,0,60fa3b80-8f24-416e-af73-09126199566b,tun02,27/10/2025 15:38
c3725a1b-3a3b-4119-a766-d74ac18cd02b,c3725a1b-3a3b-4119-a766-d74ac18cd02b,2024-07-17,,,1,,,faro,2025-07-19,1,,,1,,,,,2025-07-08,1,1,10,---,---,---,---,1.0,9.0,---,---,,,1,,,,---,9.0,---,---,1,,,,,,,,,,,,,,1,,,1,,,1,,,,,good,11.5705267,8.3886217,528.0,6.15,CT-BebPSA7925,Anadariya women youth cooperative,Kano,Bebeji,Female,Production/Processing,Kano-WOFAN,0,0,0,0,675,675,0,0,9,675,0,900,0,0,9,900,0,08e37d82-6666-4209-b42c-5d3a2927f689,tun11,27/10/2025 15:47
ba4e3616-9835-4622-be93-9dad75fb5d5b,ba4e3616-9835-4622-be93-9dad75fb5d5b,2025-10-25,,1,,,,Samaz61,2025-06-15,1,,,1,,,,,2025-10-25,1,1,12,---,---,1.0,50.0,---,---,---,---,1,,,,,,---,---,---,---,---,---,---,---,---,---,---,---,---,---,---,---,---,---,,1,,1,,,1,,,,,Good,11.5692595,8.3858129,518.7,4.0,CT-BebPGD4J45,Durmawa Tashar Nalami cluster,Kano,Bebeji,,Production/Processing,Kano-WOFAN,0,0,5000,5000,0,0,0,0,50,5000,0,0,0,0,0,0,0,f00f8927-08fe-42a7-a2c4-e10e11597572,beb12,27/10/2025 16:04
b1639601-aac6-41b6-a4af-2d7bd2d483bc,b1639601-aac6-41b6-a4af-2d7bd2d483bc,2025-10-25,,1,,,,Samaz61,2025-06-15,1,,,1,,,,,2025-10-25,1,1,12,---,---,1.0,50.0,---,---,---,---,1,,,,,,---,---,---,---,---,---,---,---,---,---,---,---,---,---,---,---,---,---,,1,,1,,,1,,,,,Good,11.5690541,8.386047,517.1,4.26,CT-Beb5ZZQS19,Bebeji mini Traders Association Cluster,Kano,Bebeji,,Production,Kano-WOFAN,0,0,5000,5000,0,0,0,0,50,5000,0,0,0,0,0,0,0,8d3c5e28-a997-4365-819c-0004d5c87ef3,beb12,27/10/2025 16:07
8e579765-0d1f-465b-8ea0-7ef485f90d55,8e579765-0d1f-465b-8ea0-7ef485f90d55,2025-10-26,,1,,,,Samaz61,2025-06-16,1,,,1,,,,,2025-10-25,1,1,12,---,---,1.0,50.0,---,---,---,---,1,,,,,,---,---,---,---,---,---,---,---,---,---,---,---,---,---,---,---,---,---,,1,,1,,,1,,,,,Good,11.5693203,8.3858183,516.7,3.7,CT-BebUR1HL09,Bebeji Albarka Disable micro traders,Kano,Bebeji,,Production,Kano-WOFAN,0,0,5000,5000,0,0,0,0,50,5000,0,0,0,0,0,0,0,4fd00e8e-fd58-49ee-adc3-3bf8235bada9,beb12,27/10/2025 16:12
4eb261d9-1c2e-4ee0-a974-a1f76f67a6d4,4eb261d9-1c2e-4ee0-a974-a1f76f67a6d4,2025-10-25,,1,,,,Samaz61,2025-06-15,1,,,1,,,,,2025-10-25,1,1,12,---,---,1.0,50.0,---,---,---,---,1,,,,,,---,---,---,---,---,---,---,---,---,---,---,---,---,---,---,---,---,---,,1,,1,,,1,,,,,Excellent,11.5693285,8.38585,516.29,4.84,CT-Beb99BNV32,Dakatsalle Kulin Malamai  Cluster,Kano,Bebeji,Female,Production/Processing,Kano-WOFAN,0,0,5000,5000,0,0,0,0,50,5000,0,0,0,0,0,0,0,b439d38b-ab89-4969-8a02-574bc8254f6e,beb12,27/10/2025 16:15
00a5af78-c1f2-4c4f-afff-9962637592fc,00a5af78-c1f2-4c4f-afff-9962637592fc,2025-10-13,,,1,,,faro 68,2025-05-27,1,,,1,,,,,2025-10-27,1,1,12,---,---,---,---,1.0,65.0,---,---,1,,,,,,---,---,---,---,---,---,---,---,---,---,---,---,---,---,---,---,---,---,1,,,1,,,1,,,,,good,11.5481683,8.386,541.1,5.4,CT-BebB757M53,Bebeji Albarka Maize Producers Commercial Agricultural Cluster.,Kano,Bebeji,Male,Production/Processing,Kano-WOFAN,0,0,0,0,4875,4875,0,0,65,4875,0,0,0,0,0,0,0,6871f800-2156-4165-b962-b7a7a69568ba,kir10,27/10/2025 16:16
17f82dfa-36cd-4726-823c-6eebb928df43,17f82dfa-36cd-4726-823c-6eebb928df43,2025-10-24,,,1,,,Faro67,2025-06-20,1,,,1,,,,,2025-10-24,1,1,10,---,---,---,---,1.0,90.0,---,---,1,,,,,,---,---,---,---,---,---,---,---,---,---,---,---,---,---,---,---,---,---,,1,,1,,,1,,,,,Excellent,11.5692447,8.3858777,516.1,2.5,CT-Beb1OHIN48,Bebeji women micro Traders,Kano,Bebeji,,Production,Kano-WOFAN,0,0,0,0,6750,6750,0,0,90,6750,0,0,0,0,0,0,0,ddd8fc63-2df0-4a1d-a62c-3467e5001103,beb12,27/10/2025 16:18
d6793d97-37d9-48f3-bb2a-f82903aad910,d6793d97-37d9-48f3-bb2a-f82903aad910,2025-10-27,,1,,,,maize,2025-07-16,1,,,1,,,,,2025-06-27,1,50,11,---,---,1.0,5000.0,---,---,---,---,,,1,,,,---,1.0,---,---,,,1,,,,,,,,,,,,1,,,1,,,1,,,,,good,11.6849865,8.4226682,510.04,1.18,CT-GarIZEAH38,DUMAJI FUNKASO AMANA B,Kano,Garum_Mallam,Female,Production/Processing,Kano-WOFAN,0,0,500000,500000,0,0,0,0,5000,500000,0,100,0,0,1,100,0,8d78e61a-94b7-470e-82d8-7ecfc8d9aa6c,gmm55,27/10/2025 16:24
18d4a654-d3b7-41fc-8107-1f34b7e8d398,18d4a654-d3b7-41fc-8107-1f34b7e8d398,2025-10-27,,1,1,,,faro maize,2025-10-14,1,,,1,,,,,2025-10-27,2,120,95,---,---,1.0,60.0,1.0,60.0,---,---,1,,,,,,---,---,---,---,---,---,---,---,---,---,---,---,---,---,---,---,---,---,,1,,1,,,1,,,,,good,12.047523,9.4227589,416.34,2.66,CT-JahQ09WS09,Damutawa masu karago,Jigawa,Jahun,Both,Production/Processing,Jigawa-WOFAN,0,0,6000,6000,4500,4500,0,0,120,10500,0,0,0,0,0,0,0,c7a33925-a3e3-4b97-968c-84a35211bb5d,jah46,27/10/2025 16:44
1ebac1d2-310b-45ce-a646-428704552f4b,1ebac1d2-310b-45ce-a646-428704552f4b,2025-10-25,,1,,,,Samaz61,2025-06-15,1,,,1,,,,,2025-10-25,1,1,12,---,---,1.0,50.0,---,---,---,---,1,,,,,,---,---,---,---,---,---,---,---,---,---,---,---,---,---,---,---,---,---,,1,,1,,,1,,,,,Good,11.5688987,8.3849924,534.07,1.5,CT-BebHSXRF47,Bebeji Sintili  Disable micro Traders Cluster,Kano,Bebeji,,Production,Kano-WOFAN,0,0,5000,5000,0,0,0,0,50,5000,0,0,0,0,0,0,0,22a77077-4e88-47da-8eb4-ebb963366c07,beb15,27/10/2025 16:51
64a94be4-c60e-46d5-8cd3-72b2b005d5c8,64a94be4-c60e-46d5-8cd3-72b2b005d5c8,2025-10-25,,,1,,,rice,2025-10-25,1,,,1,,,,,2025-10-25,2,2,75,---,---,---,---,2.0,150.0,---,---,1,,,,,,---,---,---,---,---,---,---,---,---,---,---,---,---,---,---,---,---,---,1,,,1,,,1,,,,,good,12.0196275,8.6429767,483.1,2.7,CT-GarZJJOK56,Yamawa Farmers Cluster,Kano,Garum_Mallam,,Production/Processing,Kano-WOFAN,0,0,0,0,11250,5625,0,0,150,11250,0,0,0,0,0,0,0,c714df85-179a-4298-be7e-4289280db3b5,bun05,27/10/2025 16:52
984cc2b5-8742-4e25-954c-9bbebeb2f66f,984cc2b5-8742-4e25-954c-9bbebeb2f66f,2025-10-25,,,1,,,rice,2025-10-25,1,,,1,,,,,2025-10-25,2,2,75,---,---,---,---,2.0,150.0,---,---,1,,,,,,---,---,---,---,---,---,---,---,---,---,---,---,---,---,---,---,---,---,1,,,1,,,1,,,,,good,12.0252283,8.6713667,489.9,4.5,CT-Gar2FBHU45,Kadawa mini marketers cluster,Kano,Garum_Mallam,Both,Production/Processing,Kano-WOFAN,0,0,0,0,11250,5625,0,0,150,11250,0,0,0,0,0,0,0,19979353-e92d-4169-b5a8-c3f143a53db4,bun05,27/10/2025 16:52
8ce17b61-c967-4ee8-b1af-81b940eff7af,8ce17b61-c967-4ee8-b1af-81b940eff7af,2025-10-25,,1,,,,Samaz61,2025-06-15,1,,,1,,,,,2025-10-25,1,1,12,---,---,1.0,50.0,---,---,---,---,1,,,,,,---,---,---,---,---,---,---,---,---,---,---,---,---,---,---,---,---,---,,1,,1,,,1,,,,,Good,11.5689044,8.3852869,562.82,1.21,CT-BebT6O2X48,Bebeji Alasawa Disable micro Traders Cluster,Kano,Bebeji,,Production,Kano-WOFAN,0,0,5000,5000,0,0,0,0,50,5000,0,0,0,0,0,0,0,3894f6d3-d904-4a94-bfd4-3dacfff30523,beb15,27/10/2025 16:53
4c3badd4-792f-40d3-aaae-fb2a7fae1ffb,4c3badd4-792f-40d3-aaae-fb2a7fae1ffb,2025-10-27,,1,,,,maize,2025-07-14,1,,,1,,,,,2025-10-10,2,160,95,---,---,2.0,120.0,---,---,---,---,1,,,,,,---,---,---,---,---,---,---,---,---,---,---,---,---,---,---,---,---,---,,1,,1,,,1,,,,,good,12.048506,9.4232663,452.85,3.77,CT-JahQHBX015,Aujara gsk 2,Jigawa,Jahun,Female,Production,Jigawa-WOFAN,0,0,12000,6000,0,0,0,0,120,12000,0,0,0,0,0,0,0,8e9eec96-2be9-4d36-9655-4a93ac8644f8,jah14,27/10/2025 16:54
12ffe3c5-fcd9-48e2-8976-46aafd04143a,12ffe3c5-fcd9-48e2-8976-46aafd04143a,2025-10-25,,1,,,,Samaz61,2025-06-15,1,,,1,,,,,2025-10-25,1,1,12,---,---,1.0,50.0,---,---,---,---,1,,,,,,---,---,---,---,---,---,---,---,---,---,---,---,---,---,---,---,---,---,,1,,1,,,1,,,,,Good,11.5688994,8.3852667,563.05,1.35,CT-BebSY9X844,Garmai Yan Alewa Associaticn,Kano,Bebeji,,Production,Kano-WOFAN,0,0,5000,5000,0,0,0,0,50,5000,0,0,0,0,0,0,0,2e51f4fa-4931-498f-8951-9252d8a1c3a0,beb15,27/10/2025 16:54
a8512b33-9718-49b9-8e48-d3243e178c58,a8512b33-9718-49b9-8e48-d3243e178c58,2025-10-25,,1,,,,Samaz61,2025-06-15,1,,,1,,,,,2025-10-25,1,1,12,---,---,1.0,50.0,---,---,---,---,1,,,,,,---,---,---,---,---,---,---,---,---,---,---,---,---,---,---,---,---,---,,1,,1,,,1,,,,,Good,11.5688811,8.3852674,562.42,1.38,CT-Beb5ZYAM31,Yan alewa cluster women farmers,Kano,Bebeji,,Production/Processing,Kano-WOFAN,0,0,5000,5000,0,0,0,0,50,5000,0,0,0,0,0,0,0,52bbc525-797e-41b9-b660-e9fb43f19d1f,beb15,27/10/2025 16:57
88d88b61-73e9-4113-9555-070042864834,88d88b61-73e9-4113-9555-070042864834,2025-10-27,,,1,,,1,2025-06-18,1,,,1,,,,,2025-10-27,1,1,12,---,---,---,---,1.0,80.0,---,---,1,,,,,,---,---,---,---,---,---,---,---,---,---,---,---,---,---,---,---,---,---,1,,,1,,,1,,,,,Good job,11.5687433,8.3851267,499.9,3.2,CT-TudBVO9Z25,Yaryasa cikin gari cluster,Kano,Tudun_Wada,Both,Production/Processing,Kano-WOFAN,0,0,0,0,6000,6000,0,0,80,6000,0,0,0,0,0,0,0,a1898f61-9721-43c3-9280-96d703fde0e0,tun09,27/10/2025 16:58
3f1c66a5-e91d-4d57-91e6-4dbc7c6b76b8,3f1c66a5-e91d-4d57-91e6-4dbc7c6b76b8,2025-10-25,,1,,,,Samaz61,2025-06-15,1,,,1,,,,,2025-10-25,1,1,12,---,---,1.0,50.0,---,---,---,---,1,,,,,,---,---,---,---,---,---,---,---,---,---,---,---,---,---,---,---,---,---,,1,,1,,,1,,,,,Excellent,11.5688817,8.385259,561.24,0.91,CT-BebIYSAP28,Kofa bakin dutse cluster,Kano,Bebeji,,Production,Kano-WOFAN,0,0,5000,5000,0,0,0,0,50,5000,0,0,0,0,0,0,0,a8209dad-e8f8-4ddf-b4bc-2de25bf65796,beb15,27/10/2025 16:59
b29c31e6-677a-457a-beda-f0ff64000003,b29c31e6-677a-457a-beda-f0ff64000003,2025-10-25,,,1,,,Rice 🌾🌾🌾,2025-10-25,1,,,1,,,,,2025-10-22,2,2,2,---,---,---,---,2.0,80.0,---,---,,,,1,,,---,---,2.0,---,,,,,1,,,,,,,,,,1,,,1,,,1,,,,,The Work is going well,11.6510371,8.4490712,501.72,2.44,CT-GarIBBUX41,SABON GARI WOMAN BUSINESS,Kano,Garum_Mallam,Female,Production/Processing,Kano-WOFAN,0,0,0,0,6000,3000,0,0,80,6000,0,0,150,0,2,150,0,798e8159-6132-45e5-bd01-796639998dda,gmm18,27/10/2025 17:05
586663ff-919f-4722-88ff-3a259a072e0b,586663ff-919f-4722-88ff-3a259a072e0b,2025-10-24,,,1,,,Rice 🌾🌾🌾,2025-10-25,1,,,1,,,,,2025-10-26,2,2,2,---,---,---,---,2.0,85.0,---,---,,,,1,,,---,---,2.0,---,,,,1,,,,,,,,,,,1,,,1,,,1,,,,,good Night,11.650971,8.44879,511.79,2.69,CT-GarF8E5N54,UNGUWAR KUDU FADAMA FARMERS(ADD),Kano,Garum_Mallam,Female,Production/Processing,Kano-WOFAN,0,0,0,0,6375,3188,0,0,85,6375,0,0,150,0,2,150,0,c734854d-0061-40b7-aab2-89eea84bd513,gmm18,27/10/2025 17:06
bfa87d24-1ee6-44ae-b45f-4d151bd2915d,bfa87d24-1ee6-44ae-b45f-4d151bd2915d,2025-10-26,,1,,,,maize,2025-07-02,1,,,1,,,,,2025-10-15,1,100,97,---,---,1.0,100.0,---,---,---,---,1,,,,,,---,---,---,---,---,---,---,---,---,---,---,---,---,---,---,---,---,---,1,,,1,,,1,,,,,good,12.0521218,8.2732347,536.0,7.08,CT-RimYC9G823,YARO TASHIKA NEMA RIMIN GADO CLSUTER,Kano,Rimi_Gado,,Production,Kano-WOFAN,0,0,10000,10000,0,0,0,0,100,10000,0,0,0,0,0,0,0,68a82c8f-e69e-4969-8561-cf8d4c70fcc0,rig11,27/10/2025 17:06
21d674d8-734a-4d19-8e16-19afc677887a,21d674d8-734a-4d19-8e16-19afc677887a,2025-10-27,,,1,,,Rice 🌾🌾🌾🌾 o,2025-10-27,1,,,1,,,,,2025-10-27,2,2,2,---,---,---,---,2.0,75.0,---,---,,,,1,,,---,---,720.0,---,,,1,,,,,,,,,,,,1,,,1,,,1,,,,,gg,11.6494189,8.4470053,508.05,0.76,CT-GarIZEAH38,DUMAJI FUNKASO AMANA B,Kano,Garum_Mallam,Female,Production/Processing,Kano-WOFAN,0,0,0,0,5625,2813,0,0,75,5625,0,0,54000,0,720,54000,0,8d78e61a-94b7-470e-82d8-7ecfc8d9aa6c,gmm18,27/10/2025 17:06
ffd411a7-f2f6-44fb-95c4-ab6de1a11014,ffd411a7-f2f6-44fb-95c4-ab6de1a11014,2025-10-27,,,1,,,faro64,2025-10-27,1,,,1,,,,,2025-10-27,2,2,95,---,---,---,---,2.0,160.0,---,---,1,,,,,,---,---,---,---,---,---,---,---,---,---,---,---,---,---,---,---,---,---,,1,,1,,,1,,,,,good,12.1264818,9.5145848,408.1,7.8,CT-Jah7IROU37,KUNGIYAR MUSU BUKATA TA MUSAMMA MATAN TARAYA,Jigawa,Jahun,Female,Production/Processing,Jigawa-WOFAN,0,0,0,0,12000,6000,0,0,160,12000,0,0,0,0,0,0,0,832db3b9-7c23-492d-9370-8d21dbcaa9c4,jah64,27/10/2025 17:07
e9106a6f-7ee0-4849-8a61-75a5d3262178,e9106a6f-7ee0-4849-8a61-75a5d3262178,2025-10-27,,,1,,,faro64,2025-10-27,1,,,1,,,,,2025-10-27,2,2,95,---,---,---,---,2.0,160.0,---,---,1,,,,,,---,---,---,---,---,---,---,---,---,---,---,---,---,---,---,---,---,---,,1,,1,,,1,,,,,good,12.1266717,9.5141367,408.1,8.0,CT-Jah0MC1I40,KUNGIYAAR MA KAFI DA  KURMAI TARAYA,Jigawa,Jahun,Female,Production/Processing,Jigawa-WOFAN,0,0,0,0,12000,6000,0,0,160,12000,0,0,0,0,0,0,0,f55d50c6-af0b-469c-bdaf-2a30b6e595c4,jah64,27/10/2025 17:08
459d851c-ab49-4010-944e-315e1186c6b6,459d851c-ab49-4010-944e-315e1186c6b6,2025-09-08,,,1,,,2,2025-06-19,1,,,1,,,,,2025-10-03,2,2,9,---,---,---,---,2.0,160.0,---,---,1,,,,,,---,---,---,---,---,---,---,---,---,---,---,---,---,---,---,---,---,---,,1,,,1,,1,,,,,good,11.6347909,8.4025295,600.72,2.75,CT-GarSX12S38,Garum mallam kungiyar yan kosai,Kano,Garum_Mallam,Female,Production/Processing,Kano-WOFAN,0,0,0,0,12000,6000,0,0,160,12000,0,0,0,0,0,0,0,020ddaf3-d587-4ab5-baf1-9ee82e171cf2,gmm61,27/10/2025 17:08
4bb8fdba-39cb-4302-bfcd-fc241061479a,4bb8fdba-39cb-4302-bfcd-fc241061479a,2025-10-27,,,1,,,Faro 64,2025-06-27,1,,,1,,,,,2025-09-27,2,2,95,---,---,---,---,2.0,160.0,---,---,1,,,,,,---,---,---,---,---,---,---,---,---,---,---,---,---,---,---,---,---,---,,1,,1,,,1,,,,,ok,12.1268248,9.5135952,413.37,4.86,CT-JahXW90306,Kungiyar masu bukata tamu samman Taraya Tasha,Jigawa,Jahun,Both,Production/Processing,Jigawa-WOFAN,0,0,0,0,12000,6000,0,0,160,12000,0,0,0,0,0,0,0,6967ad71-bc32-41ac-9c4a-feb5d2f42b47,jah65,27/10/2025 17:09
7efab4a8-f074-490f-8de8-fce59553ae67,7efab4a8-f074-490f-8de8-fce59553ae67,2025-10-27,,,1,,,Faro 64,2025-06-27,1,,,1,,,,,2025-09-27,2,2,95,---,---,---,---,2.0,160.0,---,---,1,,,,,,---,---,---,---,---,---,---,---,---,---,---,---,---,---,---,---,---,---,,1,,1,,,1,,,,,ok,12.126816,9.513585,394.43,4.44,CT-Jah5XMEG36,Kungiyar masu bukatamusamman taraya,Jigawa,Jahun,Female,Production/Processing,Jigawa-WOFAN,0,0,0,0,12000,6000,0,0,160,12000,0,0,0,0,0,0,0,402e3a42-9c66-4e68-8967-62616392414d,jah65,27/10/2025 17:11
3dd7b807-cfdd-461f-9789-7f1b6180639a,3dd7b807-cfdd-461f-9789-7f1b6180639a,2025-09-08,,,1,,,2,2025-06-11,1,,,1,,,,,2025-10-13,2,2,10,---,---,---,---,2.0,160.0,---,---,1,,,,,,---,---,---,---,---,---,---,---,---,---,---,---,---,---,---,---,---,---,,1,,,1,,1,,,,,good,11.6329693,8.4013802,372.89,2.95,CT-Gar2DN7833,Garun Babba disabled cluster A,Kano,Garum_Mallam,,Production,Kano-WOFAN,0,0,0,0,12000,6000,0,0,160,12000,0,0,0,0,0,0,0,a776f90a-6525-4a81-9326-b1e18e740ad1,gmm61,27/10/2025 17:11
e2daa78a-bd22-49de-b22c-0471be954397,e2daa78a-bd22-49de-b22c-0471be954397,2025-09-19,,,1,,,2,2025-06-11,1,,,1,,,,,2025-10-15,2,2,11,---,---,---,---,2.0,160.0,---,---,1,,,,,,---,---,---,---,---,---,---,---,---,---,---,---,---,---,---,---,---,---,,1,,,1,,1,,,,,good,11.6338284,8.4018335,429.53,3.1,CT-Gar4GKYF57,Garun Babba Disabled cluster B,Kano,Garum_Mallam,,Production,Kano-WOFAN,0,0,0,0,12000,6000,0,0,160,12000,0,0,0,0,0,0,0,1ec2467d-4b4f-4da3-9885-a48328b4db96,gmm61,27/10/2025 17:13
24764784-99fc-42e7-a137-b4e2801f5ec9,24764784-99fc-42e7-a137-b4e2801f5ec9,2025-06-19,,,1,,,2,2025-06-15,1,,,1,,,,,2025-10-09,2,2,10,---,---,---,---,2.0,160.0,---,---,1,,,,,,---,---,---,---,---,---,---,---,---,---,---,---,---,---,---,---,---,---,,1,,1,1,,1,,,,,good,11.6343646,8.4020912,526.71,3.29,CT-GarFTGG641,Garun malam kungiyar Yan awara,Kano,Garum_Mallam,Female,Production/Processing,Kano-WOFAN,0,0,0,0,12000,6000,0,0,160,12000,0,0,0,0,0,0,0,15e2e593-2aec-422e-9c6b-93c07f4e214e,gmm61,27/10/2025 17:13
128afe6d-57f0-4237-888f-da56905ae45b,128afe6d-57f0-4237-888f-da56905ae45b,2025-06-14,,,1,,,2,2025-05-22,1,,,1,,,,,2025-10-17,2,2,9,---,---,---,---,2.0,160.0,---,---,1,,,,,,---,---,---,---,---,---,---,---,---,---,---,---,---,---,---,---,---,---,,1,,,1,,1,,,,,good,11.6344242,8.402285,543.99,3.58,CT-Gar40CIC18,Garun Mallam disabled cluster A,Kano,Garum_Mallam,,Production,Kano-WOFAN,0,0,0,0,12000,6000,0,0,160,12000,0,0,0,0,0,0,0,c61f66c7-7d3c-4d81-be19-d918aac27abf,gmm61,27/10/2025 17:13
0798d9de-2539-4b15-826e-277eaf24398c,0798d9de-2539-4b15-826e-277eaf24398c,2025-09-06,,1,,,,2,2025-05-09,,1,,1,,,,,2025-10-17,2,2,9,---,---,2.0,160.0,---,---,---,---,1,,,,,,---,---,---,---,---,---,---,---,---,---,---,---,---,---,---,---,---,---,1,,,,1,,1,,,,,good,11.6341011,8.4019584,484.47,3.79,CT-Gar0THZ551,Garun Mallam disabled cluster B,Kano,Garum_Mallam,,Production,Kano-WOFAN,0,0,16000,8000,0,0,0,0,160,16000,0,0,0,0,0,0,0,54678557-c4ef-4681-9340-b4eb4a09f75f,gmm61,27/10/2025 17:13
48f3737e-136a-494c-95e2-293ab46b2a36,48f3737e-136a-494c-95e2-293ab46b2a36,2025-10-27,,,1,,,Faro 64,2025-06-27,1,,,1,,,,,2025-09-27,2,2,95,---,---,---,---,2.0,160.0,---,---,1,,,,,,---,---,---,---,---,---,---,---,---,---,---,---,---,---,---,---,---,---,,1,,1,,,1,,,,,ok,12.1268273,9.5136312,403.16,3.98,CT-JahMUH1J18,Kungiyar Masu Bukata Tamu samman Taraya Harbo,Jigawa,Jahun,Female,Production/Processing,Jigawa-WOFAN,0,0,0,0,12000,6000,0,0,160,12000,0,0,0,0,0,0,0,916dee79-42c3-415b-8343-ba6bbf4fc7dd,jah65,27/10/2025 17:14
013eae0a-c54d-4dd5-ab73-41153e559cb3,013eae0a-c54d-4dd5-ab73-41153e559cb3,2025-10-25,,,1,,,Rice,2025-06-10,1,,,1,,,,,2025-10-17,1,1,12,---,---,---,---,1.0,80.0,---,---,1,,,,,,---,---,---,---,---,---,---,---,---,---,---,---,---,---,---,---,---,---,,1,,1,,,1,,,,,Good,11.60176,8.4316441,490.79,3.65,CT-Gar1SI0T21,Sabuwar Nasarawa cluster,Kano,Garum_Mallam,Female,Production/Processing,Kano-WOFAN,0,0,0,0,6000,6000,0,0,80,6000,0,0,0,0,0,0,0,9ebe69c9-24d7-4ed5-8787-ea4ef3e6f594,bun06,27/10/2025 17:15
1e3bcb19-4c94-46b1-adaa-ebd55e8e7940,1e3bcb19-4c94-46b1-adaa-ebd55e8e7940,2025-09-19,,1,,,,2,2025-07-18,1,,,1,,,,,2025-10-20,2,2,9,---,---,2.0,160.0,---,---,---,---,1,,,,,,---,---,---,---,---,---,---,---,---,---,---,---,---,---,---,---,---,---,,1,,,1,,1,,,,,excellent,11.6331561,8.403893,571.42,0.65,CT-Kur2RUXN16,DAN HASSAN SUWAIKA CLUSTER,Kano,Kura,Female,Production/Processing,Kano-WOFAN,0,0,16000,8000,0,0,0,0,160,16000,0,0,0,0,0,0,0,fdfabe68-2c0d-4cbb-94fa-6ee507892b7b,gmm66,27/10/2025 17:24
913099e4-9dde-4f1d-9299-71785e9fcd3a,913099e4-9dde-4f1d-9299-71785e9fcd3a,2025-09-21,,1,,,,2,2025-07-23,,1,,1,,,,,2025-10-21,2,2,10,---,---,2.0,170.0,---,---,---,---,1,,,,,,---,---,---,---,---,---,---,---,---,---,---,---,---,---,---,---,---,---,1,,,1,1,,1,,,,,excellent,11.6332058,8.4040888,569.66,0.62,CT-KurFLWYO52,DAN HASSANKAROFI B CLUSTER,Kano,Kura,Female,Production/Processing,Kano-WOFAN,0,0,17000,8500,0,0,0,0,170,17000,0,0,0,0,0,0,0,94f9d84f-98f7-43ee-8498-3bc75ecc46a2,gmm66,27/10/2025 17:26
d459a1b8-8d46-47ed-9ec5-2b1b98555e20,d459a1b8-8d46-47ed-9ec5-2b1b98555e20,2025-09-22,,1,,,,2,2025-07-23,,1,,1,,,,,2025-10-27,2,2,10,---,---,2.0,160.0,---,---,---,---,1,,,,,,---,---,---,---,---,---,---,---,---,---,---,---,---,---,---,---,---,---,1,,,1,,,1,,,,,excellent,11.6331461,8.4038269,533.57,0.68,CT-GarPUB7Y48,Unguwar kudu funkaso Amana (A),Kano,Garum_Mallam,Female,Production/Processing,Kano-WOFAN,0,0,16000,8000,0,0,0,0,160,16000,0,0,0,0,0,0,0,4818c2c7-27ac-4d13-9b05-c024167c9700,gmm66,27/10/2025 17:28
49454c63-e034-4df1-a4fc-3861cec1ca82,49454c63-e034-4df1-a4fc-3861cec1ca82,2025-10-23,,,1,,,faro 67,2025-06-15,1,,,1,,,,,2025-10-09,2,121,11,---,---,---,---,2.0,120.0,---,---,1,,,,,,---,---,---,---,---,---,---,---,---,---,---,---,---,---,---,---,---,---,1,,,1,,,1,,,,,noma yayi kyau,11.6042083,8.305435,503.5,4.91,CT-BebI9PL951,Pure Graundnut Oil Rural to Urban Multipurpose Cooperative Society Limited,Kano,Bebeji,Female,Production/Processing,Kano-WOFAN,0,0,0,0,9000,4500,0,0,120,9000,0,0,0,0,0,0,0,db4f6d4d-e28c-4977-830c-1aebcc59e034,tun31,27/10/2025 17:28
fa72d0a3-d87d-4dc4-be36-b8d8cd51f630,fa72d0a3-d87d-4dc4-be36-b8d8cd51f630,2025-10-26,,1,,,,Maize,2025-06-14,1,,,1,,,,,2025-10-10,1,1,12,---,---,1.0,80.0,---,---,---,---,1,,,,,,---,---,---,---,---,---,---,---,---,---,---,---,---,---,---,---,---,---,,1,,1,,,1,,,,,Very good,11.6017711,8.4316675,507.43,2.35,CT-Gar1SI0T21,Sabuwar Nasarawa cluster,Kano,Garum_Mallam,Female,Production/Processing,Kano-WOFAN,0,0,8000,8000,0,0,0,0,80,8000,0,0,0,0,0,0,0,9ebe69c9-24d7-4ed5-8787-ea4ef3e6f594,bun06,27/10/2025 17:30
da848d83-c5a5-4bef-9ffa-5fd0285cc769,da848d83-c5a5-4bef-9ffa-5fd0285cc769,2025-09-24,,1,,,,2,2025-07-21,,1,,1,,,,,2025-10-20,2,2,9,---,---,2.0,170.0,---,---,---,---,1,,,,,,---,---,---,---,---,---,---,---,---,---,---,---,---,---,---,---,---,---,,1,,,1,,1,,,,,good,11.6329987,8.4038537,496.2,1.86,CT-GarIBBUX41,SABON GARI WOMAN BUSINESS,Kano,Garum_Mallam,Female,Production/Processing,Kano-WOFAN,0,0,17000,8500,0,0,0,0,170,17000,0,0,0,0,0,0,0,798e8159-6132-45e5-bd01-796639998dda,gmm66,27/10/2025 17:32
99f3c0a0-62ac-46db-9cd6-2088c1bce4c3,99f3c0a0-62ac-46db-9cd6-2088c1bce4c3,2025-10-25,,,1,,,Rice,2025-07-10,1,,,1,,,,,2025-10-25,2,2,95,---,---,---,---,2.0,160.0,---,---,1,,,,,,---,---,---,---,---,---,---,---,---,---,---,---,---,---,---,---,---,---,,1,,1,,,1,,,,,okay,12.1267566,9.5143025,387.0,5.0,CT-JahGRJWV31,Asayaya Kungiyar Masu Bukata Tamusamman,Jigawa,Jahun,Both,Production/Processing,Jigawa-WOFAN,0,0,0,0,12000,6000,0,0,160,12000,0,0,0,0,0,0,0,21e162ac-4f59-42e5-880b-0df8a02f7b20,jah61,27/10/2025 17:33
ef9ae9c6-6dc0-46d1-a1e6-ed2666614a09,ef9ae9c6-6dc0-46d1-a1e6-ed2666614a09,2025-09-24,,,1,,,2,2025-07-21,1,,,1,,,,,2025-10-23,2,2,9,---,---,---,---,2.0,150.0,---,---,1,,,,,,---,---,---,---,---,---,---,---,---,---,---,---,---,---,---,---,---,---,,1,,1,,,1,,,,,good,11.6330022,8.403955,569.91,2.04,CT-KurLWOV634,DUMAJI GIDAN MAI UNGUWA CLUSTER,Kano,Kura,Female,Production/Processing,Kano-WOFAN,0,0,0,0,11250,5625,0,0,150,11250,0,0,0,0,0,0,0,b938f109-4825-4538-8208-3e92a5205fe1,gmm66,27/10/2025 17:34
7e934a78-3086-428e-bd59-056c245791a6,7e934a78-3086-428e-bd59-056c245791a6,2025-10-25,,,1,,,Rice,2025-06-12,1,,,1,,,,,2025-10-18,1,1,12,---,---,---,---,1.0,80.0,---,---,1,,,,,,---,---,---,---,---,---,---,---,---,---,---,---,---,---,---,---,---,---,,1,,1,,,1,,,,,good,11.6018905,8.4316626,574.57,1.71,CT-GarBGTJN42,fakurum manoma co,Kano,Garum_Mallam,,Production,Kano-WOFAN,0,0,0,0,6000,6000,0,0,80,6000,0,0,0,0,0,0,0,151fc582-def6-4836-ab74-2cf9311967a7,bun06,27/10/2025 17:34
5fa6ddb5-5018-42d0-8a9b-c530f9ed84ec,5fa6ddb5-5018-42d0-8a9b-c530f9ed84ec,2025-06-16,,1,,,,Maize,2025-07-01,1,,,1,,,,,2025-10-14,1,1,13,---,---,1.0,100.0,---,---,---,---,1,,,,,,---,---,---,---,---,---,---,---,---,---,---,---,---,---,---,---,---,---,1,,,1,,,1,,,,,Aiki yayi kyau kwarai da gaske,12.052102,8.2732212,526.04,4.9,CT-RimYC9G823,YARO TASHIKA NEMA RIMIN GADO CLSUTER,Kano,Rimi_Gado,,Production,Kano-WOFAN,0,0,10000,10000,0,0,0,0,100,10000,0,0,0,0,0,0,0,68a82c8f-e69e-4969-8561-cf8d4c70fcc0,rig04,27/10/2025 17:35
55f19a34-dc21-4db1-a849-9b5638bb7bbd,55f19a34-dc21-4db1-a849-9b5638bb7bbd,2025-07-22,,,1,,,2,2025-07-20,1,,,1,,,,,2025-10-22,2,2,9,---,---,---,---,2.0,170.0,---,---,1,,,,,,---,---,---,---,---,---,---,---,---,---,---,---,---,---,---,---,---,---,,1,,,,,1,,,,,excellent farmers,11.6329795,8.4038934,532.21,1.06,CT-GarIZEAH38,DUMAJI FUNKASO AMANA B,Kano,Garum_Mallam,Female,Production/Processing,Kano-WOFAN,0,0,0,0,12750,6375,0,0,170,12750,0,0,0,0,0,0,0,8d78e61a-94b7-470e-82d8-7ecfc8d9aa6c,gmm66,27/10/2025 17:37
d1114f57-e754-4182-856b-3f7f203bbdd3,d1114f57-e754-4182-856b-3f7f203bbdd3,2025-10-24,,1,,,,maize,2025-06-14,1,,,1,,,,,2025-10-20,1,1,12,---,---,1.0,65.0,---,---,---,---,1,,,,,,---,---,---,---,---,---,---,---,---,---,---,---,---,---,---,---,---,---,,1,,1,,,1,,,,,good,11.6016554,8.4314242,484.49,1.9,CT-GarBGTJN42,fakurum manoma co,Kano,Garum_Mallam,,Production,Kano-WOFAN,0,0,6500,6500,0,0,0,0,65,6500,0,0,0,0,0,0,0,151fc582-def6-4836-ab74-2cf9311967a7,bun06,27/10/2025 17:37
95d671fe-ed98-4333-b7ab-fbfc84c1beae,95d671fe-ed98-4333-b7ab-fbfc84c1beae,2025-09-22,,1,,,,2,2025-07-20,1,,,1,,,,,2025-10-22,2,2,9,---,---,2.0,170.0,---,---,---,---,1,,,,,,---,---,---,---,---,---,---,---,---,---,---,---,---,---,---,---,---,---,1,,,,1,,1,,,,,good,11.6329718,8.4038682,590.24,1.56,CT-GarZUV4H47,Makwaro masu kananan sanaoi yan awara business and micro markatars,Kano,Garum_Mallam,Female,Production/Processing,Kano-WOFAN,0,0,17000,8500,0,0,0,0,170,17000,0,0,0,0,0,0,0,bef5f728-4a5b-4809-a30d-5ee8b071889a,gmm32,27/10/2025 17:39
66610de3-c48d-45fd-b9fa-94e5c74b082b,66610de3-c48d-45fd-b9fa-94e5c74b082b,2025-09-21,,1,,,,2,2025-07-27,,1,,1,,,,,2025-10-20,2,2,9,---,---,2.0,170.0,---,---,---,---,1,,,,,,---,---,---,---,---,---,---,---,---,---,---,---,---,---,---,---,---,---,,1,,,1,,1,,,,,good,11.6329978,8.4038514,518.57,8.72,CT-GarFNPKB09,DOGARO DAKAI DISABLE ASSOCIATION,Kano,Garum_Mallam,,Production/Processing,Kano-WOFAN,0,0,17000,8500,0,0,0,0,170,17000,0,0,0,0,0,0,0,eaa3b7e4-0ac6-40ca-89c8-d6ae63ff8bc0,gmm32,27/10/2025 17:41
3f43eedc-dd37-4dd0-bc5a-55ac0e77a406,3f43eedc-dd37-4dd0-bc5a-55ac0e77a406,2025-09-25,,1,,,,2,2025-07-23,,1,,1,,,,,2025-10-20,2,2,9,---,---,2.0,170.0,---,---,---,---,1,,,,,,---,---,---,---,---,---,---,---,---,---,---,---,---,---,---,---,---,---,,1,,1,,,1,,,,,good,11.6330085,8.4037463,490.15,1.03,CT-Gar4GKYF57,Garun Babba Disabled cluster B,Kano,Garum_Mallam,,Production,Kano-WOFAN,0,0,17000,8500,0,0,0,0,170,17000,0,0,0,0,0,0,0,1ec2467d-4b4f-4da3-9885-a48328b4db96,gmm32,27/10/2025 17:43
8969ed0c-bbc9-44f0-ba38-b9afdae28f0d,8969ed0c-bbc9-44f0-ba38-b9afdae28f0d,2025-06-21,,,1,,,Rice,2025-07-09,1,,,1,,,,,2025-10-17,1,1,12,---,---,---,---,1.0,95.0,---,---,1,,,,,,---,---,---,---,---,---,---,---,---,---,---,---,---,---,---,---,---,---,1,,,1,,,1,,,,,Madalla,12.0520789,8.2733672,533.04,4.9,CT-RimYC9G823,YARO TASHIKA NEMA RIMIN GADO CLSUTER,Kano,Rimi_Gado,,Production,Kano-WOFAN,0,0,0,0,7125,7125,0,0,95,7125,0,0,0,0,0,0,0,68a82c8f-e69e-4969-8561-cf8d4c70fcc0,rig04,27/10/2025 17:44
2cbfd677-573b-42b8-8861-7c4532dfd341,2cbfd677-573b-42b8-8861-7c4532dfd341,2025-09-16,,1,,,,2,2025-07-21,1,,,1,,,,,2025-10-22,2,2,9,---,---,2.0,160.0,---,---,---,---,1,,,,,,---,---,---,---,---,---,---,---,---,---,---,---,---,---,---,---,---,---,1,,,1,,,1,,,,,good,11.6330276,8.4037997,519.26,8.81,CT-GarSX12S38,Garum mallam kungiyar yan kosai,Kano,Garum_Mallam,Female,Production/Processing,Kano-WOFAN,0,0,16000,8000,0,0,0,0,160,16000,0,0,0,0,0,0,0,020ddaf3-d587-4ab5-baf1-9ee82e171cf2,gmm32,27/10/2025 17:45
01ff1bbc-0a6f-4e2f-b559-ecbf164cca37,01ff1bbc-0a6f-4e2f-b559-ecbf164cca37,2025-09-25,,1,,,,2,2025-07-23,,1,,1,,,,,2025-10-19,2,2,9,---,---,2.0,160.0,---,---,---,---,1,,,,,,---,---,---,---,---,---,---,---,---,---,---,---,---,---,---,---,---,---,1,,,,1,,1,,,,,excellent,11.6330014,8.4037712,522.72,7.79,CT-GarBJPG402,YAN TUDU DISABLE ASSOCIATION,Kano,Garum_Mallam,,Production/Processing,Kano-WOFAN,0,0,16000,8000,0,0,0,0,160,16000,0,0,0,0,0,0,0,3da7e590-427d-481d-9e6e-b5a9af4e7d9b,gmm32,27/10/2025 17:47
26bb5b78-0c2c-45e0-9032-f6abeecf5263,26bb5b78-0c2c-45e0-9032-f6abeecf5263,2025-09-23,,1,,,,2,2025-07-22,,1,,1,,,,,2025-10-20,2,2,9,---,---,2.0,170.0,---,---,---,---,1,,,,,,---,---,---,---,---,---,---,---,---,---,---,---,---,---,---,---,---,---,1,,,1,,,1,,,,,excellent,11.6330206,8.4037389,512.56,1.39,CT-GarF8E5N54,UNGUWAR KUDU FADAMA FARMERS(ADD),Kano,Garum_Mallam,Female,Production/Processing,Kano-WOFAN,0,0,17000,8500,0,0,0,0,170,17000,0,0,0,0,0,0,0,c734854d-0061-40b7-aab2-89eea84bd513,gmm32,27/10/2025 17:49
45ac3b91-2dbe-4462-95ec-e224ce546cf6,45ac3b91-2dbe-4462-95ec-e224ce546cf6,2025-09-13,,,1,,,faro 67,2025-06-01,1,,,1,,,,,2025-09-25,2,85,12,---,---,---,---,2.0,85.0,---,---,1,,,,,,---,---,---,---,---,---,---,---,---,---,---,---,---,---,---,---,---,---,1,,,1,,,1,,,,,ok,12.3259528,9.4624962,434.43,1.8,CT-Tau2GH4F51,Sabangarin yaya disability multipurpose association 2,Jigawa,Taura,,Production/Processing,Jigawa-WOFAN,0,0,0,0,6375,3188,0,0,85,6375,0,0,0,0,0,0,0,a69c4fdb-dc47-41ad-9ed6-180b38eb6c1e,tau24,27/10/2025 17:51
446ff9bf-4e5e-47f3-b6ed-d7be206a0560,446ff9bf-4e5e-47f3-b6ed-d7be206a0560,2025-09-13,,,1,,,faro 67,2025-06-01,1,,,1,,,,,2025-09-25,2,85,12,---,---,---,---,2.0,85.0,---,---,1,,,,,,---,---,---,---,---,---,---,---,---,---,---,---,---,---,---,---,---,---,1,,,1,,,1,,,,,ok,12.308994,9.4615417,407.42,1.42,CT-TauBSWW725,Tashi intaimakeka disabled association,Jigawa,Taura,,Production/Processing,Jigawa-WOFAN,0,0,0,0,6375,3188,0,0,85,6375,0,0,0,0,0,0,0,b9527607-6273-4368-bbcb-2a343d84cc29,tau24,27/10/2025 17:52
b1c7fbae-a351-4fa6-882a-a819d7a23fa1,b1c7fbae-a351-4fa6-882a-a819d7a23fa1,2025-10-25,,,1,,,faro67,2025-06-15,1,,,1,,,,,2025-10-25,1,1,10,---,---,---,---,1.0,90.0,---,---,1,,,,,,---,---,---,---,---,---,---,---,---,---,---,---,---,---,---,---,---,---,,1,,1,,,1,,,,,good,11.5688782,8.3850887,504.5,4.88,CT-BebF7O1429,Dakatsalle cikin gari woman produce markiting,Kano,Bebeji,Female,Production/Processing,Kano-WOFAN,0,0,0,0,6750,6750,0,0,90,6750,0,0,0,0,0,0,0,951a44a9-5a85-4587-9ddb-f34365a7d7c2,tun28,27/10/2025 18:08
de3064e1-9f03-48e2-a27f-9290a1214dd2,de3064e1-9f03-48e2-a27f-9290a1214dd2,2025-10-26,,,1,,,faro 68,2025-05-14,1,,,1,,,,,2025-10-20,2,2,12,---,---,---,---,2.0,90.0,---,---,1,,,,,,---,---,---,---,---,---,---,---,---,---,---,---,---,---,---,---,---,---,1,,,1,,,1,,,,,good,11.548315,8.3879101,539.7,3.7,CT-BebYS5MK20,Lungu disabled farmers cluster,Kano,Bebeji,,Production,Kano-WOFAN,0,0,0,0,6750,3375,0,0,90,6750,0,0,0,0,0,0,0,d041c53f-d883-4232-b43d-bcb50073fb22,kir22,27/10/2025 18:08
8970f9f1-3227-465f-aa1b-1292e404e066,8970f9f1-3227-465f-aa1b-1292e404e066,2025-10-25,,,1,,,faro 68,2025-05-13,1,,,1,,,,,2025-10-19,2,2,13,---,---,---,---,2.0,89.0,---,---,1,,,,,,---,---,---,---,---,---,---,---,---,---,---,---,---,---,---,---,---,---,1,,,1,,,1,,,,,good,11.5481249,8.3879104,540.3,3.6,CT-BebSWN5O36,Gargai Dangude rice and beans processing and production cluster,Kano,Bebeji,,Production/Processing,Kano-WOFAN,0,0,0,0,6675,3338,0,0,89,6675,0,0,0,0,0,0,0,dd1ec8f8-897a-42b3-a900-2a1a209bde42,kir22,27/10/2025 18:08
9b7500a7-f577-450e-b141-f45cd006ac79,9b7500a7-f577-450e-b141-f45cd006ac79,2025-10-24,,,1,,,faro 68,2025-05-10,1,,,1,,,,,2025-10-22,2,2,12,---,---,---,---,2.0,91.0,---,---,1,,,,,,---,---,---,---,---,---,---,---,---,---,---,---,---,---,---,---,---,---,1,,,1,,,1,,,,,good,11.548145,8.3879733,541.3,3.7,CT-BebXBP3W00,Disable farmers kofa cluster,Kano,Bebeji,,Production,Kano-WOFAN,0,0,0,0,6825,3413,0,0,91,6825,0,0,0,0,0,0,0,6f499fd8-b436-4c72-abb5-db125b451bf0,kir22,27/10/2025 18:08
14d87df7-6dbe-409c-ae1c-8c33f42789b8,14d87df7-6dbe-409c-ae1c-8c33f42789b8,2025-10-21,,,1,,,faro 68,2025-05-14,1,,,1,,,,,2025-10-24,2,2,13,---,---,---,---,2.0,92.0,---,---,1,,,,,,---,---,---,---,---,---,---,---,---,---,---,---,---,---,---,---,---,---,1,,,1,,,1,,,,,good,11.5480767,8.3879133,544.1,3.0,CT-BebXPMUG50,Women disabled farmers cluster gargai,Kano,Bebeji,,Production,Kano-WOFAN,0,0,0,0,6900,3450,0,0,92,6900,0,0,0,0,0,0,0,9d06341e-96e5-4d6f-9714-d86ed718cb65,kir22,27/10/2025 18:08
e7e92908-5ded-4107-8969-36c5aed2e666,e7e92908-5ded-4107-8969-36c5aed2e666,2025-10-25,,,1,,,faro67,2025-06-20,1,,,1,,,,,2025-10-25,1,1,10,---,---,---,---,1.0,90.0,---,---,1,,,,,,---,---,---,---,---,---,---,---,---,---,---,---,---,---,---,---,---,---,,1,,1,,,1,,,,,good,11.5689,8.385015,525.2,3.7,CT-BebIN8BP10,dakatsalle makarantar boko woman produce markiting,Kano,Bebeji,Female,Production/Processing,Kano-WOFAN,0,0,0,0,6750,6750,0,0,90,6750,0,0,0,0,0,0,0,d1f56fb1-8102-4bdf-88a6-ca2d9e88353e,tun28,27/10/2025 18:10
36684abb-3d06-4d6a-8dc8-6ef7357c423a,36684abb-3d06-4d6a-8dc8-6ef7357c423a,2025-10-25,,,1,,,faro67,2025-06-20,1,,,1,,,,,2025-10-25,1,1,10,---,---,---,---,1.0,90.0,---,---,1,,,,,,---,---,---,---,---,---,---,---,---,---,---,---,---,---,---,---,---,---,,1,,1,,,1,,,,,good,11.568985,8.3849033,527.1,4.59,CT-BebZM4RX19,sabon gari woman produce markiting,Kano,Bebeji,Female,Production/Processing,Kano-WOFAN,0,0,0,0,6750,6750,0,0,90,6750,0,0,0,0,0,0,0,0f39c3bc-f64f-4ac0-98af-d83d216659c3,tun28,27/10/2025 18:11
3c0f1b52-2dff-4070-b62f-cf4e718f6777,3c0f1b52-2dff-4070-b62f-cf4e718f6777,2025-10-24,,,1,,,Faro Rice67,2025-06-17,1,,,1,,,,,2025-10-24,1,1,10,---,---,---,---,1.0,91.0,---,---,1,,,,,,---,---,---,---,---,---,---,---,---,---,---,---,---,---,---,---,---,---,1,,,1,,,1,,,,,the farm is good,11.3230422,8.3961716,548.1,4.4,CT-TudJF5G002,Shuwaki gareji cluster,Kano,Tudun_Wada,Both,Production/Processing,Kano-WOFAN,0,0,0,0,6825,6825,0,0,91,6825,0,0,0,0,0,0,0,6ef53dc8-d9b1-40c8-a21c-6ceec937b831,tun18,27/10/2025 18:11
b901dbaf-fd75-4587-925b-7806eb1c0177,b901dbaf-fd75-4587-925b-7806eb1c0177,2025-10-25,,,1,,,Sammez Maize,2025-06-18,1,,,1,,,,,2025-10-26,1,1,12,---,---,---,---,1.0,72.0,---,---,1,,,,,,---,---,---,---,---,---,---,---,---,---,---,---,---,---,---,---,---,---,1,,,1,,,1,,,,,farm is good,11.3230331,8.396156,548.1,4.74,CT-Tud0LFPX26,Gaskiya dacigareta famers,Kano,Tudun_Wada,Female,Production/Processing,Kano-WOFAN,0,0,0,0,5400,5400,0,0,72,5400,0,0,0,0,0,0,0,3fa93b82-cc3b-4eae-aa89-6e2b3a03e15b,tun18,27/10/2025 18:11
abc9a6d2-49a1-41dc-a750-650bd7dcb91c,abc9a6d2-49a1-41dc-a750-650bd7dcb91c,2025-07-24,,1,,,,faro67,2025-06-20,1,,,1,,,,,2025-07-25,1,1,12,---,---,1.0,70.0,---,---,---,---,1,,,,,,---,---,---,---,---,---,---,---,---,---,---,---,---,---,---,---,---,---,,1,,1,,,1,,,,,good,11.2466,8.3992802,611.9,4.65,CT-TudG7X9G03,ALHERI RICE TUDUN WADA,Kano,Tudun_Wada,Female,Production/Processing,Kano-WOFAN,0,0,7000,7000,0,0,0,0,70,7000,0,0,0,0,0,0,0,d9e1e251-df22-4a97-a85d-23c5526312fe,tun33,27/10/2025 18:12
41b1eeaa-34f0-4b77-9c83-dbae49cb69f1,41b1eeaa-34f0-4b77-9c83-dbae49cb69f1,2025-07-25,,1,,,,Samaz61,2025-06-20,1,,,1,,,,,2025-07-25,1,1,11,---,---,1.0,1.0,---,---,---,---,1,,,,,,---,---,---,---,---,---,---,---,---,---,---,---,---,---,---,---,---,---,,1,,1,,,1,,,,,good,11.2465653,8.3992718,614.2,4.8,CT-BebPSA7925,Anadariya women youth cooperative,Kano,Bebeji,Female,Production/Processing,Kano-WOFAN,0,0,100,100,0,0,0,0,1,100,0,0,0,0,0,0,0,08e37d82-6666-4209-b42c-5d3a2927f689,tun33,27/10/2025 18:12
4192e259-800e-4f4f-b17f-b72377d1e7be,4192e259-800e-4f4f-b17f-b72377d1e7be,2025-07-24,,,1,,,Faro67,2025-06-20,1,,,1,,,,,2025-07-25,1,1,13,---,---,---,---,1.0,95.0,---,---,1,,,,,,---,---,---,---,---,---,---,---,---,---,---,---,---,---,---,---,---,---,,1,,1,,,1,,,,,good,11.24654,8.39927,614.2,5.09,CT-TudARZZU57,NASARA SHARA CLUSTER,Kano,Tudun_Wada,Female,Production/Processing,Kano-WOFAN,0,0,0,0,7125,7125,0,0,95,7125,0,0,0,0,0,0,0,7c4844fa-2cda-442c-8acf-33beb4993f61,tun33,27/10/2025 18:12
53a38672-094a-4ed2-86eb-e5917f4b16b6,53a38672-094a-4ed2-86eb-e5917f4b16b6,2025-06-24,,,1,,,Faro67,2025-06-20,1,,,1,,,,,2025-07-25,1,1,12,---,---,---,---,1.0,90.0,---,---,1,,,,,,---,---,---,---,---,---,---,---,---,---,---,---,---,---,---,---,---,---,,1,,1,,,1,,,,,good,11.246505,8.3992467,614.1,5.2,CT-TudP1T1I38,FASKAR MAAJI Cluster,Kano,Tudun_Wada,Female,Production/Processing,Kano-WOFAN,0,0,0,0,6750,6750,0,0,90,6750,0,0,0,0,0,0,0,fe8aa212-a854-4314-9788-112c21baff64,tun33,27/10/2025 18:12
342e8bb4-4434-4c6c-ac2b-67dd812566d7,342e8bb4-4434-4c6c-ac2b-67dd812566d7,2025-07-25,,1,,,,samaz61,2025-06-15,1,,,1,,,,,2025-07-25,1,1,12,---,---,1.0,75.0,---,---,---,---,1,,,,,,---,---,---,---,---,---,---,---,---,---,---,---,---,---,---,---,---,---,,1,,1,,,1,,,,,good,11.2465476,8.3992985,614.1,5.09,CT-TudCYYJ703,KUNGIYAR YAN KULI DA MAI YAR MARAYA,Kano,Tudun_Wada,Female,Production/Processing,Kano-WOFAN,0,0,7500,7500,0,0,0,0,75,7500,0,0,0,0,0,0,0,bd261df5-f3b8-442d-9cdf-cea7396bea1c,tun33,27/10/2025 18:12
2c7d5396-6e7f-46e6-8215-3dbc80e7ca62,2c7d5396-6e7f-46e6-8215-3dbc80e7ca62,2025-10-03,,1,,,,maize,2025-06-13,1,,,1,,,,,2025-10-03,1,1,12,---,---,1.0,83.0,---,---,---,---,,,1,,,,---,7.0,---,---,,,,,,,,,,,1,,,,1,,,1,,,1,,,,,take care opon your crop before you go to storage.,12.0539925,8.2707832,542.73,4.57,CT-RimYC9G823,YARO TASHIKA NEMA RIMIN GADO CLSUTER,Kano,Rimi_Gado,,Production,Kano-WOFAN,0,0,8300,8300,0,0,0,0,83,8300,0,700,0,0,7,700,0,68a82c8f-e69e-4969-8561-cf8d4c70fcc0,rig16,27/10/2025 18:18
ff19f9a8-f831-491c-a167-ed420a3e71b0,ff19f9a8-f831-491c-a167-ed420a3e71b0,2025-09-23,,,1,,,rice,2025-10-22,1,,,1,,,,,2025-06-23,2,150,75,---,---,---,---,2.0,150.0,---,---,,,,1,,,---,---,2.0,---,,,,,1,,,,,,,,,,1,,,1,,,1,,,,,good work,11.6898533,8.746785,474.6,4.09,CT-Gar1SI0T21,Sabuwar Nasarawa cluster,Kano,Garum_Mallam,Female,Production/Processing,Kano-WOFAN,0,0,0,0,11250,5625,0,0,150,11250,0,0,150,0,2,150,0,9ebe69c9-24d7-4ed5-8787-ea4ef3e6f594,bun04,27/10/2025 18:23
c2566d02-7ea5-4555-bc8b-8e7e90e4acd8,c2566d02-7ea5-4555-bc8b-8e7e90e4acd8,2025-09-26,,1,,,,rice,2025-07-23,1,,,1,,,,,2025-06-23,2,150,85,---,---,2.0,150.0,---,---,---,---,,,,1,,,---,---,1.0,---,,,,,1,,,,,,,,,,1,,,1,,,1,,,,,good work,11.689945,8.74693,498.7,4.75,CT-GarABFWP18,Garun Mallam Disable Cluster A,Kano,Garum_Mallam,,Production,Kano-WOFAN,0,0,15000,7500,0,0,0,0,150,15000,0,0,75,0,1,75,0,4410b621-2686-4075-8d4a-3b475da97622,bun04,27/10/2025 18:23
3b4eb4ee-74f5-421a-9e43-065179ac9eeb,3b4eb4ee-74f5-421a-9e43-065179ac9eeb,2025-06-26,,1,,,,maize,2025-06-17,1,,,1,,,,,2025-10-23,2,85,85,---,---,2.0,120.0,---,---,---,---,,,1,,,,---,2.0,---,---,,,,,1,,,,,,,,,,1,,,1,,,1,,,,,good work,11.6897633,8.7469919,497.4,4.4,CT-Gar2FBHU45,Kadawa mini marketers cluster,Kano,Garum_Mallam,Both,Production/Processing,Kano-WOFAN,0,0,12000,6000,0,0,0,0,120,12000,0,200,0,0,2,200,0,19979353-e92d-4169-b5a8-c3f143a53db4,bun04,27/10/2025 18:23
3d275ae1-bbf3-41bf-b703-3c3acba5a4b1,3d275ae1-bbf3-41bf-b703-3c3acba5a4b1,2025-06-20,,,1,,,rice,2025-10-25,1,,,1,,,,,2025-10-22,2,45,85,---,---,---,---,2.0,150.0,---,---,,,,1,,,---,---,1.0,---,,,,,1,,,,,,,,,,1,1,,1,,,1,,,,,goodwork,11.689895,8.7468883,498.1,4.59,CT-Gar4QOLD56,Barnawa cluster A,Kano,Garum_Mallam,Female,Production/Processing,Kano-WOFAN,0,0,0,0,11250,5625,0,0,150,11250,0,0,75,0,1,75,0,d785f21d-bb5e-4d96-9b05-3ed0d9cbbf1f,bun04,27/10/2025 18:23
75eda2ef-c928-4ac9-8c70-01eee4146f2e,75eda2ef-c928-4ac9-8c70-01eee4146f2e,2025-09-24,,,1,,,Rice,2025-09-22,1,,,1,,,,,2025-06-24,150,2,85,---,---,---,---,2.0,150.0,---,---,,,,1,,,---,---,1.0,---,,,,,1,,,,,,,,,,1,,,1,,,1,,,,,goodwork,11.6897813,8.7468341,428.9,1.8,CT-GarBQSFX10,BARNAWA CLUSTER A,Kano,Garum_Mallam,Female,Production/Processing,Kano-WOFAN,0,0,0,0,11250,5625,0,0,150,11250,0,0,75,0,1,75,0,e210dfc5-c75d-47f8-942a-fb0c61c2347d,bun04,27/10/2025 18:23
a16bd4d9-2b35-468f-8f6a-5d28fc641e0c,a16bd4d9-2b35-468f-8f6a-5d28fc641e0c,2025-10-21,,1,,,,sammez 63,2025-07-19,1,,,1,,,,,2025-10-18,2,158,12,---,---,2.0,156.0,---,---,---,---,1,,,,,,---,---,---,---,---,---,---,---,---,---,---,---,---,---,---,---,---,---,1,,,1,,,1,,,,,good farming,11.6041576,8.3055274,539.29,4.25,CT-TudLECAY44,Youth Casava Sellers Multipurpose Cooperative Society Limited,Kano,Tudun_Wada,Female,Production/Processing,Kano-WOFAN,0,0,15600,7800,0,0,0,0,156,15600,0,0,0,0,0,0,0,0a0aca39-f953-4e2b-b474-22acbe50f7da,tun31,27/10/2025 19:24
d5b84575-d8a8-4328-8d4e-887e12215039,d5b84575-d8a8-4328-8d4e-887e12215039,2025-10-22,,,1,,,faro44,2025-07-24,1,,,1,,,,,2025-10-21,2,192,10,---,---,---,---,2.0,192.0,---,---,1,,,,,,---,---,---,---,---,---,---,---,---,---,---,---,---,---,---,---,---,---,1,,,1,,,1,,,,,good farming,11.6041096,8.3055245,539.0,5.0,CT-Tud5VA2F31,Kofar Fada Cluster,Kano,Tudun_Wada,Female,Production/Processing,Kano-WOFAN,0,0,0,0,14400,7200,0,0,192,14400,0,0,0,0,0,0,0,a317baf2-bb62-4ab9-8338-af3e2e27b361,tun31,27/10/2025 19:24
e715f953-c05b-4f31-a6c2-8b1f82d11a0b,e715f953-c05b-4f31-a6c2-8b1f82d11a0b,2025-10-20,,,1,,,rice,2025-06-25,1,,,1,,,,,2025-10-25,1,1,11,---,---,---,---,1.0,30.0,---,---,1,,,,,,---,---,---,---,---,---,---,---,---,---,---,---,---,---,---,---,---,---,,1,,1,,,1,,,,,Excellent,11.5689319,8.3854034,512.4,4.66,CT-Beb5ZYAM31,Yan alewa cluster women farmers,Kano,Bebeji,,Production/Processing,Kano-WOFAN,0,0,0,0,2250,2250,0,0,30,2250,0,0,0,0,0,0,0,52bbc525-797e-41b9-b660-e9fb43f19d1f,beb02,27/10/2025 19:33
725596e6-64d3-410a-b22c-6952db8c7428,725596e6-64d3-410a-b22c-6952db8c7428,2025-10-19,,,1,,,faro,2025-07-14,1,,,1,,,,,2025-10-19,1,1,11,---,---,---,---,1.0,32.0,---,---,1,,,,,,---,---,---,---,---,---,---,---,---,---,---,---,---,---,---,---,---,---,1,1,,1,,,1,,,,,excellent,11.56688,8.38442,487.5,4.91,CT-BebJZKQY44,Kofa agro marketers cluster,Kano,Bebeji,Female,Production/Processing,Kano-WOFAN,0,0,0,0,2400,2400,0,0,32,2400,0,0,0,0,0,0,0,7b301673-a1af-4c49-992a-c7bf5bbfbaf5,beb02,27/10/2025 19:33
1b9a3a53-4454-4a49-ab5f-ac2715fe59a4,1b9a3a53-4454-4a49-ab5f-ac2715fe59a4,2025-10-23,,,1,,,faro,2025-07-13,1,,,1,,,,,2025-10-24,1,1,11,---,---,---,---,1.0,35.0,---,---,1,,,,,,---,---,---,---,---,---,---,---,---,---,---,---,---,---,---,---,---,---,1,1,,1,,,1,,,,,excellent,11.5669183,8.3843317,489.0,5.0,CT-Beb9C8UP04,Kogo Fatan Alkairi Cluster,Kano,Bebeji,,Production,Kano-WOFAN,0,0,0,0,2625,2625,0,0,35,2625,0,0,0,0,0,0,0,444e4b70-7e7b-4520-b436-40f766c23ee3,beb02,27/10/2025 19:33
28932bea-1d23-4ee1-ad1d-52b3e098781e,28932bea-1d23-4ee1-ad1d-52b3e098781e,2025-10-24,,,1,,,faro,2025-07-19,1,,,1,,,,,2025-10-17,1,1,9,---,---,---,---,1.0,32.0,---,---,1,,,,,,---,---,---,---,---,---,---,---,---,---,---,---,---,---,---,---,---,---,1,1,,1,,,1,,,,,excellent,11.56701,8.3842583,489.0,5.0,CT-BebAXTYK12,CHIRAMAWA KOFA CLUSTER,Kano,Bebeji,,Production/Processing,Kano-WOFAN,0,0,0,0,2400,2400,0,0,32,2400,0,0,0,0,0,0,0,11d5a869-8931-4990-a3c2-8f3268a18847,beb02,27/10/2025 19:33
c7fa1e90-c3bf-4a6e-9eed-569795237423,c7fa1e90-c3bf-4a6e-9eed-569795237423,2025-10-26,,,1,,,faro,2025-07-27,1,,,1,,,,,2025-10-25,1,1,9,---,---,---,---,1.0,30.0,---,---,1,,,,,,---,---,---,---,---,---,---,---,---,---,---,---,---,---,---,---,---,---,1,,,1,,,1,,,,,excellent,11.56691,8.3843967,489.1,4.9,CT-Beb6S1NZ27,DAGWAGWA UNITY CLUSTER,Kano,Bebeji,,Production/Processing,Kano-WOFAN,0,0,0,0,2250,2250,0,0,30,2250,0,0,0,0,0,0,0,762e952c-171c-41a2-9451-c0e7dea6de37,beb02,27/10/2025 19:33
0c1c2d5c-d35e-402f-84a2-4fd7052233c1,0c1c2d5c-d35e-402f-84a2-4fd7052233c1,2025-10-26,,1,,,,samaz62,2025-10-26,1,,,1,,,,,2025-10-26,1,70,11,---,---,1.0,70.0,---,---,---,---,1,,,,,,---,---,---,---,---,---,---,---,---,---,---,---,---,---,---,---,---,---,,1,,1,,,1,,,,,very good harvest,11.5690683,8.385915,512.8,4.3,CT-Beb2JB9R09,Kofa zaman lafiya Women farmers cluster,Kano,Bebeji,,Production/Processing,Kano-WOFAN,0,0,7000,7000,0,0,0,0,70,7000,0,0,0,0,0,0,0,7c404517-21cf-4f8a-922d-a285376cfa4f,beb05,27/10/2025 19:37
e71a88e9-8554-4b8d-a576-34efd2189836,e71a88e9-8554-4b8d-a576-34efd2189836,2025-10-24,,,1,,,1,2025-06-06,1,,,1,,,,,2025-10-10,1,1,12,---,---,---,---,1.0,85.0,---,---,,,,1,,,---,---,5.0,---,1,,,,,,,,,,,,,,,1,,1,,,1,,,,,Masha Allah,11.5479047,8.3826758,526.2,4.33,CT-Beb1EAMK15,GWARMAI SAWABA CLUSTER,Kano,Bebeji,,Production/Processing,Kano-WOFAN,0,0,0,0,6375,6375,0,0,85,6375,0,0,375,0,5,375,0,7490f730-c558-41bd-959b-9cb12bf87662,beb43,27/10/2025 20:31
5a8b497e-b8a9-41d6-bbe9-fb0bfcfb7f74,5a8b497e-b8a9-41d6-bbe9-fb0bfcfb7f74,2025-10-22,,,1,,,faro,2025-07-02,1,,,1,,,,,2025-09-27,1,1,9,---,---,---,---,1.0,30.0,---,---,1,,,,,,---,---,---,---,---,---,---,---,---,---,---,---,---,---,---,---,---,---,,1,,1,,,1,,,,,excellent,11.5671817,8.3842617,482.7,4.96,CT-TudKTN7D11,TUDUN WADA HIMMA RICE PROCESSORS,Kano,Tudun_Wada,Female,Production/Processing,Kano-WOFAN,0,0,0,0,2250,2250,0,0,30,2250,0,0,0,0,0,0,0,751771fa-3154-4318-8bbf-085369f48288,tun25,27/10/2025 20:32
42da33f1-0007-4bd4-acc8-8746f327439e,42da33f1-0007-4bd4-acc8-8746f327439e,2025-10-10,,1,,,,1,2025-06-06,1,,,1,,,,,2025-10-10,1,1,12,---,---,1.0,70.0,---,---,---,---,,,1,,,,---,2.0,---,---,,,,,,,,,,,1,,,,,1,,1,,,1,,,,,Masara tayikyau,11.547928,8.3827066,546.09,4.88,CT-KirJEU6T54,DANGORA HORNER'S CLUSTER,Kano,Kiru,,Production/Processing,Kano-WOFAN,0,0,7000,7000,0,0,0,0,70,7000,0,200,0,0,2,200,0,ec1ab9ba-58e2-4343-9452-482fcbc7982d,beb43,27/10/2025 20:36
155f32a8-6077-4c7a-a3a1-e450a2480d7a,155f32a8-6077-4c7a-a3a1-e450a2480d7a,2025-10-27,,1,,,,maize,2025-06-10,1,,,1,,,,,2025-10-10,2,2,75,---,---,2.0,100.0,---,---,---,---,1,,,,,,---,---,---,---,---,---,---,---,---,---,---,---,---,---,---,---,---,---,1,,,1,,,1,,,,,good,11.6480094,8.4453865,510.2,2.0,CT-GarJMSLL26,fanwa sabon gari women disable,Kano,Garum_Mallam,,Production,Kano-WOFAN,0,0,10000,5000,0,0,0,0,100,10000,0,0,0,0,0,0,0,43373b55-cba7-4a7d-8203-936d3877e261,bun17,27/10/2025 20:59
ecadb365-53ca-4f48-947f-ca379f2451eb,ecadb365-53ca-4f48-947f-ca379f2451eb,2025-10-27,,,1,,,rice,2025-06-10,1,,,1,,,,,2025-10-10,2,2,75,---,---,---,---,2.0,150.0,---,---,1,,,,,,---,---,---,---,---,---,---,---,---,---,---,---,---,---,---,---,---,---,1,,,1,,,1,,,,,good,11.6480226,8.4454135,510.4,2.29,CT-GarJMSLL26,fanwa sabon gari women disable,Kano,Garum_Mallam,,Production,Kano-WOFAN,0,0,0,0,11250,5625,0,0,150,11250,0,0,0,0,0,0,0,43373b55-cba7-4a7d-8203-936d3877e261,bun17,27/10/2025 20:59
bb290c4d-749e-4815-a936-25e305f667ca,bb290c4d-749e-4815-a936-25e305f667ca,2025-10-27,,1,,,,maize,2025-06-10,1,,,1,,,,,2025-10-10,2,2,80,---,---,2.0,100.0,---,---,---,---,1,,,,,,---,---,---,---,---,---,---,---,---,---,---,---,---,---,---,---,---,---,1,,,1,,,1,,,,,good,11.6480833,8.4454117,510.7,4.4,CT-GarPIS0T46,gidan tuluna disable,Kano,Garum_Mallam,,Production,Kano-WOFAN,0,0,10000,5000,0,0,0,0,100,10000,0,0,0,0,0,0,0,6ff109c2-f7a3-4856-9fe8-c9b44356ee7c,bun17,27/10/2025 20:59
aa949547-615f-4184-acae-7d552420efc3,aa949547-615f-4184-acae-7d552420efc3,2025-10-27,,,1,,,rice,2025-06-10,1,,,1,,,,,2025-10-10,2,2,80,---,---,---,---,2.0,150.0,---,---,1,,,,,,---,---,---,---,---,---,---,---,---,---,---,---,---,---,---,---,---,---,1,,,1,,,1,,,,,good,11.6480417,8.4454683,510.8,4.0,CT-GarPIS0T46,gidan tuluna disable,Kano,Garum_Mallam,,Production,Kano-WOFAN,0,0,0,0,11250,5625,0,0,150,11250,0,0,0,0,0,0,0,6ff109c2-f7a3-4856-9fe8-c9b44356ee7c,bun17,27/10/2025 20:59
288aa04f-5547-415e-8b39-c370eb856649,288aa04f-5547-415e-8b39-c370eb856649,2025-10-27,,1,,,,maize,2025-06-10,1,,,1,,,,,2025-10-10,2,2,80,---,---,2.0,100.0,---,---,---,---,1,,,,,,---,---,---,---,---,---,---,---,---,---,---,---,---,---,---,---,---,---,1,,,1,,,1,,,,,good,11.6480831,8.4454689,510.6,2.15,CT-Gar09VZD26,kofar gabas mudawa dis able,Kano,Garum_Mallam,,Production,Kano-WOFAN,0,0,10000,5000,0,0,0,0,100,10000,0,0,0,0,0,0,0,af2c2785-29bd-436a-9214-f123b1ec4e99,bun17,27/10/2025 20:59
9cd3ddb6-1ddf-4b93-82b3-efbccff4c95a,9cd3ddb6-1ddf-4b93-82b3-efbccff4c95a,2025-10-27,,,1,,,rice,2025-06-10,1,,,1,,,,,2025-10-10,2,2,75,---,---,---,---,2.0,150.0,---,---,1,,,,,,---,---,---,---,---,---,---,---,---,---,---,---,---,---,---,---,---,---,1,,,1,,,1,,,,,good,11.6480251,8.4455018,510.2,3.8,CT-Gar09VZD26,kofar gabas mudawa dis able,Kano,Garum_Mallam,,Production,Kano-WOFAN,0,0,0,0,11250,5625,0,0,150,11250,0,0,0,0,0,0,0,af2c2785-29bd-436a-9214-f123b1ec4e99,bun17,27/10/2025 21:00
fb035a2d-5a64-48b6-adb1-4f3cea62427b,fb035a2d-5a64-48b6-adb1-4f3cea62427b,2025-09-21,,,1,,,1,2025-06-20,1,,,1,,,,,2025-09-21,1,1,12,---,---,---,---,1.0,75.0,---,---,1,,,,,,---,---,---,---,---,---,---,---,---,---,---,---,---,---,---,---,---,---,1,,,1,,,1,,,,,good,11.5475264,8.3854407,552.27,0.8,CT-BebFT8UR26,Gargai Agro marketers Cluster,Kano,Bebeji,Both,Production/Processing,Kano-WOFAN,0,0,0,0,5625,5625,0,0,75,5625,0,0,0,0,0,0,0,80ae8161-eb75-45aa-803f-3f315cad555d,kir13,27/10/2025 21:06
782bf735-d88d-46d3-810c-28d30ea78adb,782bf735-d88d-46d3-810c-28d30ea78adb,2025-10-23,,1,,,,Maize,2025-06-18,1,,,1,,,,,2025-10-28,2,2,12,---,---,2.0,50.0,---,---,---,---,1,,,,,,---,---,---,---,---,---,---,---,---,---,---,---,---,---,---,---,---,---,,1,,1,,,1,,,,,good job,11.569832,8.3855131,513.3,4.31,CT-TudEMJ9V16,ADARIYA KOFAR GIDAN SARKI,Kano,Tudun_Wada,,Production/Processing,Kano-WOFAN,0,0,5000,2500,0,0,0,0,50,5000,0,0,0,0,0,0,0,d73a163b-54ac-4169-9d78-17a7f73fdd1b,beb04,27/10/2025 21:07
51faf3b8-feb7-48b1-85de-d85e6262e16c,51faf3b8-feb7-48b1-85de-d85e6262e16c,2025-10-25,,1,,,,2,2025-06-20,1,,,1,,,,,2025-10-25,12,2,12,---,---,2.0,70.0,---,---,---,---,1,,,,,,---,---,---,---,---,---,---,---,---,---,---,---,---,---,---,---,---,---,,1,,1,,,1,,,,,good job,11.5697133,8.38552,527.7,4.8,CT-BebNK3UW48,Bebeji micro markers nagarta cluster.,Kano,Bebeji,,Production,Kano-WOFAN,0,0,7000,3500,0,0,0,0,70,7000,0,0,0,0,0,0,0,b2a31a37-3774-4e4d-9d40-860ceda6b010,beb04,27/10/2025 21:07
5994e277-7208-4a0b-b3a4-9dc9a45810ef,5994e277-7208-4a0b-b3a4-9dc9a45810ef,2025-10-24,,1,,,,Maize 63,2025-06-17,1,,,1,,,,,2025-10-24,2,2,12,---,---,2.0,50.0,---,---,---,---,1,,,,,,---,---,---,---,---,---,---,---,---,---,---,---,---,---,---,---,---,---,,1,,1,,,1,,,,,good job,11.5698516,8.3854068,519.8,2.6,CT-Tud88XGZ57,YARYASA WOMEN'S A ASSOCIATIVE,Kano,Tudun_Wada,,Production/Processing,Kano-WOFAN,0,0,5000,2500,0,0,0,0,50,5000,0,0,0,0,0,0,0,c91d8518-3e8e-4b64-a81e-e1184ab763dc,beb04,27/10/2025 21:07
bcfc0a32-f6c2-42eb-bb0f-db99226377da,bcfc0a32-f6c2-42eb-bb0f-db99226377da,2025-10-23,,1,,,,Maize 36,2025-06-15,1,,,1,,,,,2025-10-21,2,2,12,---,---,2.0,100.0,---,---,---,---,1,,,,,,---,---,---,---,---,---,---,---,---,---,---,---,---,---,---,---,---,---,,1,,1,,,1,,,,,good job,11.5699517,8.38545,520.6,4.91,CT-Tud4RJZ305,YARYASA YAN POWDER MULTIPURPOSE SOCIETY CLUSTER,Kano,Tudun_Wada,,Production/Processing,Kano-WOFAN,0,0,10000,5000,0,0,0,0,100,10000,0,0,0,0,0,0,0,8ddc5472-bdb8-4427-89bc-c1909d408903,beb04,27/10/2025 21:07
b3310a9c-63e7-4f9f-ae40-aceec00eff39,b3310a9c-63e7-4f9f-ae40-aceec00eff39,2025-10-27,,1,,,,maize,2025-06-10,1,,,1,,,,,2025-10-10,2,2,80,---,---,2.0,100.0,---,---,---,---,1,,,,,,---,---,---,---,---,---,---,---,---,---,---,---,---,---,---,---,---,---,1,,,,,,1,,,,,good,11.6481817,8.4457733,520.6,4.4,CT-GarZIACR56,yalwan kwari disable farmer multipurpose,Kano,Garum_Mallam,,Production,Kano-WOFAN,0,0,10000,5000,0,0,0,0,100,10000,0,0,0,0,0,0,0,ee9b3e93-45c1-4fa8-9d93-8b0b6b153d88,bun17,27/10/2025 21:10
86aca924-bf28-4b69-9f2a-ab723cf693f2,86aca924-bf28-4b69-9f2a-ab723cf693f2,2025-10-18,,,1,,,Faro 64,2025-06-20,1,,,1,,,,,2025-10-25,2,3,95,---,---,---,---,2.0,160.0,---,---,1,,,,,,---,---,---,---,---,---,---,---,---,---,---,---,---,---,---,---,---,---,,1,,1,,,1,,,,,Ok,12.0492403,9.4253478,408.1,4.23,CT-JahI48AR19,Kofar Hakima Aujara Disable Multiple purposes cooperative society,Jigawa,Jahun,Both,Production/Processing,Jigawa-WOFAN,0,0,0,0,12000,6000,0,0,160,12000,0,0,0,0,0,0,0,e7eac335-d222-44dc-aaa4-dea10a3b9568,jah47,27/10/2025 21:16
f413724e-1571-49ea-bf52-672d0675ad68,f413724e-1571-49ea-bf52-672d0675ad68,2025-10-22,,1,,,,Maize 36,2025-06-18,1,,,1,,,,,2025-10-20,2,2,12,---,---,2.0,100.0,---,---,---,---,1,,,,,,---,---,---,---,---,---,---,---,---,---,---,---,---,---,---,---,---,---,,1,,1,,,1,,,,,good job,11.569725,8.3854583,528.7,3.7,CT-TudQA98805,Fatima's association farmers,Kano,Tudun_Wada,Both,Production/Processing,Kano-WOFAN,0,0,10000,5000,0,0,0,0,100,10000,0,0,0,0,0,0,0,81b8e705-f344-4497-9589-d11e4b5d79de,tun01,27/10/2025 21:16
502244a0-cc23-48e9-b118-333cc2f925c7,502244a0-cc23-48e9-b118-333cc2f925c7,2025-10-27,,1,,,,Faro 64,2025-06-20,1,,,1,,,,,2025-10-25,2,3,95,---,---,2.0,160.0,---,---,---,---,1,,,,,,---,---,---,---,---,---,---,---,---,---,---,---,---,---,---,---,---,---,,1,,1,,,1,,,,,Good,12.0491567,9.4253783,408.1,4.46,CT-JahDWR9X35,Aujara Disable Farmers Cooperative Society,Jigawa,Jahun,Both,Production,Jigawa-WOFAN,0,0,16000,8000,0,0,0,0,160,16000,0,0,0,0,0,0,0,9d4cf63e-1ec5-4eff-b1a9-419957413afe,jah47,27/10/2025 21:18
4f927af5-308f-48a3-9740-1208f5acfb98,4f927af5-308f-48a3-9740-1208f5acfb98,2025-09-23,,1,,,,Maize63,2025-06-20,1,,,1,,,,,2025-10-20,2,2,12,---,---,2.0,70.0,---,---,---,---,1,,,,,,---,---,---,---,---,---,---,---,---,---,---,---,---,---,---,---,---,---,,1,,1,,,1,,,,,good job,11.569806,8.385463,518.9,2.2,CT-Tud0LFPX26,Gaskiya dacigareta famers,Kano,Tudun_Wada,Female,Production/Processing,Kano-WOFAN,0,0,7000,3500,0,0,0,0,70,7000,0,0,0,0,0,0,0,3fa93b82-cc3b-4eae-aa89-6e2b3a03e15b,tun01,27/10/2025 21:18
e0c4229a-d658-4828-bb38-32315a8833d4,e0c4229a-d658-4828-bb38-32315a8833d4,2025-10-26,,,1,,,Faro 64,2025-06-20,1,,,1,,,,,2025-10-22,2,3,95,---,---,---,---,2.0,160.0,---,---,1,,,,,,---,---,---,---,---,---,---,---,---,---,---,---,---,---,---,---,---,---,,1,,1,,,1,,,,,Good,12.0492077,9.425306,408.1,3.45,CT-Jah98HKE02,Kungiyar Masu Bukata Ta Musamman Dake Garin Aujara D,Jigawa,Jahun,Female,Production/Processing,Jigawa-WOFAN,0,0,0,0,12000,6000,0,0,160,12000,0,0,0,0,0,0,0,653a47bc-4286-4e11-a40f-7443adfcee36,jah47,27/10/2025 21:20
4e6d5f1d-608f-4757-9660-f2dbc50e60d7,4e6d5f1d-608f-4757-9660-f2dbc50e60d7,2025-07-08,,1,,,,maize,2025-07-24,1,,,1,,,,,2025-10-06,1,1,50,---,---,1.0,9.0,---,---,---,---,,,1,,,,---,8.0,---,---,1,,,,,,,,,,,,,,1,,,1,,,1,,,,,good,11.5704023,8.3864393,525.4,9.22,CT-TudQA98805,Fatima's association farmers,Kano,Tudun_Wada,Both,Production/Processing,Kano-WOFAN,0,0,900,900,0,0,0,0,9,900,0,800,0,0,8,800,0,81b8e705-f344-4497-9589-d11e4b5d79de,tun11,27/10/2025 21:21
92273bd9-9587-4f2b-bdac-c360dea9ad9c,92273bd9-9587-4f2b-bdac-c360dea9ad9c,2025-10-23,,1,,,,Faro 64,2025-06-20,1,,,1,,,,,2025-10-22,2,3,95,---,---,2.0,160.0,---,---,---,---,1,,,,,,---,---,---,---,---,---,---,---,---,---,---,---,---,---,---,---,---,---,,1,,1,,,1,,,,,Good,12.0491328,9.425357,408.1,4.09,CT-Jah98HKE02,Kungiyar Masu Bukata Ta Musamman Dake Garin Aujara D,Jigawa,Jahun,Female,Production/Processing,Jigawa-WOFAN,0,0,16000,8000,0,0,0,0,160,16000,0,0,0,0,0,0,0,653a47bc-4286-4e11-a40f-7443adfcee36,jah47,27/10/2025 21:23
63a948f3-7da4-48fa-9011-06faca212124,63a948f3-7da4-48fa-9011-06faca212124,2025-10-19,,,1,,,Faro 64,2025-06-20,1,,,1,,,,,2025-10-20,2,3,95,---,---,---,---,2.0,160.0,---,---,1,,,,,,---,---,---,---,---,---,---,---,---,---,---,---,---,---,---,---,---,---,,1,,1,,,1,,,,,Good,12.0492209,9.4253598,408.1,4.88,CT-JahGU3OF44,Aujara Disable Farmers Cooperative Society C.,Jigawa,Jahun,Both,Production,Jigawa-WOFAN,0,0,0,0,12000,6000,0,0,160,12000,0,0,0,0,0,0,0,869b5cbb-d937-4329-93e0-071e0235ee2a,jah47,27/10/2025 21:24
42518506-d508-4af6-acd9-3d9f948ef23c,42518506-d508-4af6-acd9-3d9f948ef23c,2025-10-21,,1,,,,Faro 64,2025-06-21,1,,,1,,,,,2025-10-21,2,3,95,---,---,2.0,160.0,---,---,---,---,1,,,,,,---,---,---,---,---,---,---,---,---,---,---,---,---,---,---,---,---,---,,1,,1,,,1,,,,,Good,12.0491659,9.4253381,408.1,3.0,CT-JahGU3OF44,Aujara Disable Farmers Cooperative Society C.,Jigawa,Jahun,Both,Production,Jigawa-WOFAN,0,0,16000,8000,0,0,0,0,160,16000,0,0,0,0,0,0,0,869b5cbb-d937-4329-93e0-071e0235ee2a,jah47,27/10/2025 21:25
8454a029-e0d4-4526-b484-867b4146c2f4,8454a029-e0d4-4526-b484-867b4146c2f4,2025-07-20,,,1,,,Faro,2025-06-20,1,,,1,,,,,2025-09-20,2,2,12,---,---,---,---,2.0,120.0,---,---,1,,,,,,---,---,---,---,---,---,---,---,---,---,---,---,---,---,---,---,---,---,,1,,1,,,1,,,,,Work done successful.,11.1818383,9.752365,439.9,5.0,CT-WarK6QE305,FADA PWD WARJI CLUSTER,Bauchi,Warji,,Production,Bauchi-WOFAN,0,0,0,0,9000,4500,0,0,120,9000,0,0,0,0,0,0,0,91d13a16-b17a-420e-a5c7-13aaade2acff,war03,27/10/2025 21:26
b0e0a9a5-ea9e-460a-9bbf-98495a180faa,b0e0a9a5-ea9e-460a-9bbf-98495a180faa,2025-09-21,,,1,,,Faro,2025-06-17,1,,,1,,,,,2025-09-19,2,2,12,---,---,---,---,2.0,120.0,---,---,1,,,,,,---,---,---,---,---,---,---,---,---,---,---,---,---,---,---,---,---,---,,1,,1,,,1,,,,,Bumper hervest,11.181812,9.7523476,453.4,4.86,CT-WarK6QE305,FADA PWD WARJI CLUSTER,Bauchi,Warji,,Production,Bauchi-WOFAN,0,0,0,0,9000,4500,0,0,120,9000,0,0,0,0,0,0,0,91d13a16-b17a-420e-a5c7-13aaade2acff,war03,27/10/2025 21:26
aff312f3-2dd1-4014-99c4-bd510e31376a,aff312f3-2dd1-4014-99c4-bd510e31376a,2025-10-20,1,,,,,Faro 64,2025-06-27,1,,,1,,,,,2025-10-20,2,3,95,2.0,160.0,---,---,---,---,---,---,1,,,,,,---,---,---,---,---,---,---,---,---,---,---,---,---,---,---,---,---,---,,1,,1,,,1,,,,,Good,12.0490055,9.4253478,408.1,3.46,CT-JahI48AR19,Kofar Hakima Aujara Disable Multiple purposes cooperative society,Jigawa,Jahun,Both,Production/Processing,Jigawa-WOFAN,12000,6000,0,0,0,0,0,0,160,12000,0,0,0,0,0,0,0,e7eac335-d222-44dc-aaa4-dea10a3b9568,jah47,27/10/2025 21:28
e0cebd5d-d03a-4b91-a0e8-0ae051117ba6,e0cebd5d-d03a-4b91-a0e8-0ae051117ba6,2025-10-22,,1,,,,Faro 64,2025-06-20,1,,,1,,,,,2025-10-25,2,3,95,---,---,2.0,160.0,---,---,---,---,1,,,,,,---,---,---,---,---,---,---,---,---,---,---,---,---,---,---,---,---,---,,1,,1,,,1,,,,,Good,12.0491467,9.4253551,408.1,3.83,CT-JahI48AR19,Kofar Hakima Aujara Disable Multiple purposes cooperative society,Jigawa,Jahun,Both,Production/Processing,Jigawa-WOFAN,0,0,16000,8000,0,0,0,0,160,16000,0,0,0,0,0,0,0,e7eac335-d222-44dc-aaa4-dea10a3b9568,jah47,27/10/2025 21:30
1d134bab-29ee-4c30-ab59-98e97da7352d,1d134bab-29ee-4c30-ab59-98e97da7352d,2025-09-20,,,1,,,1,2025-06-24,1,,,1,,,,,2025-09-20,1,1,12,---,---,---,---,1.0,75.0,---,---,1,,,,,,---,---,---,---,---,---,---,---,---,---,---,---,---,---,---,---,---,---,1,,,1,,,1,,,,,good,11.5474025,8.385345,577.97,2.61,CT-KirAJBO114,"Dangora agro Marketers
Cluster",Kano,Kiru,Both,Production/Processing,Kano-WOFAN,0,0,0,0,5625,5625,0,0,75,5625,0,0,0,0,0,0,0,20d014f8-b40b-41e4-86c6-73b502e49a93,kir13,27/10/2025 21:32
78460439-18b0-4183-a95f-053cccc352d1,78460439-18b0-4183-a95f-053cccc352d1,2025-10-21,,,1,,,Faro 64,2025-06-21,1,,,1,,,,,2025-10-24,2,3,95,---,---,---,---,2.0,160.0,---,---,1,,,,,,---,---,---,---,---,---,---,---,---,---,---,---,---,---,---,---,---,---,,1,,1,,,1,,,,,Good,12.0489981,9.4253826,408.1,4.55,CT-Jah0G0QP38,Kungiyar Masu Bukata Ta Musamman Dake Garin Aujara Kofar Arewa,Jigawa,Jahun,Both,Production/Processing,Jigawa-WOFAN,0,0,0,0,12000,6000,0,0,160,12000,0,0,0,0,0,0,0,2c8367fe-3f5e-4bc6-aebf-d5776dbc66dc,jah47,27/10/2025 21:32
7e89cadc-d58f-411b-8256-a642aa37f996,7e89cadc-d58f-411b-8256-a642aa37f996,2025-09-17,,1,,,,1,2025-06-16,1,,,1,,,,,2025-09-17,1,12,70,---,---,1.0,70.0,---,---,---,---,1,,,,,,---,---,---,---,---,---,---,---,---,---,---,---,---,---,---,---,---,---,1,,,1,,,1,,,,,good,11.547625,8.3855733,560.65,1.31,CT-BebZJ44T17,Kofa Closter Marketing,Kano,Bebeji,Both,Production/Processing,Kano-WOFAN,0,0,7000,7000,0,0,0,0,70,7000,0,0,0,0,0,0,0,000ef01c-f161-405d-a495-92c95978eee7,kir13,27/10/2025 21:41
7f8dbbcc-b89f-4d51-9094-31156017aa37,7f8dbbcc-b89f-4d51-9094-31156017aa37,2025-10-20,,,1,,,faro 64,2025-06-21,1,,,1,,,,,2025-09-27,2,2,95,---,---,---,---,2.0,150.0,---,---,1,,,,,,---,---,---,---,---,---,---,---,---,---,---,---,---,---,---,---,---,---,,1,,1,,,1,,,,,ok,12.1299199,9.5131583,390.6,2.8,CT-JahL86XY04,Taraya Kungiyar Mata Masu Bukata ta Musamman,Jigawa,Jahun,Both,Production/Processing,Jigawa-WOFAN,0,0,0,0,11250,5625,0,0,150,11250,0,0,0,0,0,0,0,e29f92ee-8b92-47bc-86ef-2bf42e990cab,jah63,27/10/2025 21:54
a5f0e6bf-7d43-48c1-a267-b296d827bf23,a5f0e6bf-7d43-48c1-a267-b296d827bf23,2025-10-20,,,1,,,faro 64,2025-06-29,1,,,1,,,,,2025-09-27,2,2,95,---,---,---,---,2.0,160.0,---,---,1,,,,,,---,---,---,---,---,---,---,---,---,---,---,---,---,---,---,---,---,---,,1,,1,,,1,,,,,ok,12.1298117,9.5131267,393.2,2.0,CT-Jah1522X08,Taraya Kungiyar Masu Bukata Tamusamman,Jigawa,Jahun,Both,Production/Processing,Jigawa-WOFAN,0,0,0,0,12000,6000,0,0,160,12000,0,0,0,0,0,0,0,efb782f9-9548-4b55-a00d-d3f1f71fb95f,jah63,27/10/2025 21:54
5d86b849-15d3-4d37-bb1f-311175c55285,5d86b849-15d3-4d37-bb1f-311175c55285,2025-10-20,,,1,,,faro 64,2025-06-27,1,,,1,,,,,2025-09-27,2,2,95,---,---,---,---,2.0,160.0,---,---,1,,,,,,---,---,---,---,---,---,---,---,---,---,---,---,---,---,---,---,---,---,,1,,1,,,1,,,,,ok,12.1299132,9.5131117,393.7,2.1,CT-JahCN8K256,Taraya Disable Association,Jigawa,Jahun,Both,Production/Processing,Jigawa-WOFAN,0,0,0,0,12000,6000,0,0,160,12000,0,0,0,0,0,0,0,15a17019-2830-486b-a0c2-eb66b56676d2,jah63,27/10/2025 21:54
7fa29950-8bd2-4e5d-afdf-d01b085b9625,7fa29950-8bd2-4e5d-afdf-d01b085b9625,2025-10-20,,,1,,,faro 64,2025-06-27,1,,,1,,,,,2025-09-27,2,2,95,---,---,---,---,2.0,160.0,---,---,1,,,,,,---,---,---,---,---,---,---,---,---,---,---,---,---,---,---,---,---,---,,1,,1,,,1,,,,,ok,12.12984,9.5131183,396.8,2.1,CT-JahTXNYC00,MATA MASU BUKATA TAMUSAMMAN,Jigawa,Jahun,Both,Production/Processing,Jigawa-WOFAN,0,0,0,0,12000,6000,0,0,160,12000,0,0,0,0,0,0,0,6a55433b-0f66-4c86-a8b2-b92fbf394f6b,jah63,27/10/2025 21:54
0a80ae5d-6b7e-422d-a327-b2de799e91b9,0a80ae5d-6b7e-422d-a327-b2de799e91b9,2025-10-20,,,1,,,faro 64,2025-06-27,1,,,1,,,,,2025-09-27,2,2,95,---,---,---,---,2.0,160.0,---,---,1,,,,,,---,---,---,---,---,---,---,---,---,---,---,---,---,---,---,---,---,---,,1,,1,,,1,,,,,ok,12.129865,9.5131133,396.8,2.2,CT-JahTDHQ054,KUNGIYAR MATA MASU BUKATA TAMUSAMMAN,Jigawa,Jahun,Both,Production/Processing,Jigawa-WOFAN,0,0,0,0,12000,6000,0,0,160,12000,0,0,0,0,0,0,0,9b375e67-f1fb-42c0-bc30-e71f3e90e381,jah63,27/10/2025 21:54
bacf07a0-3631-494b-860d-33868cc33b9f,bacf07a0-3631-494b-860d-33868cc33b9f,2025-10-20,,,1,,,faro 64,2025-06-25,1,,,1,,,,,2025-09-27,2,2,95,---,---,---,---,2.0,160.0,---,---,1,,,,,,---,---,---,---,---,---,---,---,---,---,---,---,---,---,---,---,---,---,,1,,1,,,1,,,,,ok,12.1298667,9.513095,397.0,3.1,CT-Jah99NSX45,Kungiyar Mata Masu Bukata ta Musamman,Jigawa,Jahun,Both,Production/Processing,Jigawa-WOFAN,0,0,0,0,12000,6000,0,0,160,12000,0,0,0,0,0,0,0,39bb3588-c707-4887-ba77-71bba5fd73e1,jah63,27/10/2025 21:54
898dac1e-ebba-4662-a1d4-fe1d5d755865,898dac1e-ebba-4662-a1d4-fe1d5d755865,2025-10-21,,,1,,,faro 64,2025-06-27,1,,,1,,,,,2025-09-27,2,2,95,---,---,---,---,2.0,160.0,---,---,1,,,,,,---,---,---,---,---,---,---,---,---,---,---,---,---,---,---,---,---,---,,1,,1,,,1,,,,,ok,12.1299116,9.5131282,397.9,2.0,CT-JahBOU3Y22,Kungiyar Masu Bukata tamusamman,Jigawa,Jahun,Both,Production/Processing,Jigawa-WOFAN,0,0,0,0,12000,6000,0,0,160,12000,0,0,0,0,0,0,0,169d80b1-d15f-424c-b9db-09def0b55b79,jah63,27/10/2025 21:54
3bd938c2-da5d-4a4a-ad86-6403277acec1,3bd938c2-da5d-4a4a-ad86-6403277acec1,2025-10-21,,,1,,,faro 64,2025-06-27,1,,,1,,,,,2025-09-27,2,2,95,---,---,---,---,2.0,160.0,---,---,1,,,,,,---,---,---,---,---,---,---,---,---,---,---,---,---,---,---,---,---,---,,1,,1,,,1,,,,,ok,12.12989,9.5131083,397.6,3.8,CT-JahJO57056,KUNGIYAR MASU BUKATA TAMUSAMMAN,Jigawa,Jahun,Both,Production/Processing,Jigawa-WOFAN,0,0,0,0,12000,6000,0,0,160,12000,0,0,0,0,0,0,0,19d55cac-f549-4d63-9f98-cfe1a465e175,jah63,27/10/2025 21:54
a8291fb7-016a-47ac-9182-54317fcadc56,a8291fb7-016a-47ac-9182-54317fcadc56,2025-10-21,,,1,,,faro 64,2025-06-27,1,,,1,,,,,2025-09-27,2,2,95,---,---,---,---,2.0,160.0,---,---,1,,,,,,---,---,---,---,---,---,---,---,---,---,---,---,---,---,---,---,---,---,,1,,1,,,1,,,,,ok,12.12989,9.5130983,398.2,3.9,CT-JahVQG4O16,Disable Women Association,Jigawa,Jahun,Both,Production/Processing,Jigawa-WOFAN,0,0,0,0,12000,6000,0,0,160,12000,0,0,0,0,0,0,0,c5153bc8-d0ce-4314-8887-3a17e1938089,jah63,27/10/2025 21:54
75771e0f-e76c-4ed6-b2a7-f49356be43cb,75771e0f-e76c-4ed6-b2a7-f49356be43cb,2025-10-21,,,1,,,faro 64,2025-06-27,1,,,1,,,,,2025-09-27,2,2,95,---,---,---,---,2.0,160.0,---,---,1,,,,,,---,---,---,---,---,---,---,---,---,---,---,---,---,---,---,---,---,---,,1,,1,,,1,,,,,ok,12.1298717,9.513095,400.5,2.4,CT-Jah0HS1137,Disable Rice Farmers association,Jigawa,Jahun,Both,Production/Processing,Jigawa-WOFAN,0,0,0,0,12000,6000,0,0,160,12000,0,0,0,0,0,0,0,d69a5441-2f8b-4c67-9f46-7206f740d6b7,jah63,27/10/2025 21:54
83428628-68fb-4c45-a464-942a69cd49d4,83428628-68fb-4c45-a464-942a69cd49d4,2025-10-22,,,1,,,faro 64,2025-06-27,1,,,1,,,,,2025-09-27,2,2,95,---,---,---,---,2.0,160.0,---,---,1,,,,,,---,---,---,---,---,---,---,---,---,---,---,---,---,---,---,---,---,---,,1,,1,,,1,,,,,ok,12.1298568,9.5131316,400.6,2.5,CT-JahPCX6L28,Asibiti Kungiyar Masu Bukata tamusamman,Jigawa,Jahun,Both,Production/Processing,Jigawa-WOFAN,0,0,0,0,12000,6000,0,0,160,12000,0,0,0,0,0,0,0,6e474a50-0881-4f95-9bdb-abacf493de60,jah63,27/10/2025 21:54
7181c666-52d6-4157-8cbd-7a5eb5d2c705,7181c666-52d6-4157-8cbd-7a5eb5d2c705,2025-10-20,,,1,,,faro 64,2025-06-27,1,,,1,,,,,2025-09-27,2,2,95,---,---,---,---,2.0,160.0,---,---,1,,,,,,---,---,---,---,---,---,---,---,---,---,---,---,---,---,---,---,---,---,,1,,1,,,1,,,,,ok,12.1298617,9.5131333,402.0,2.4,CT-JahGRJWV31,Asayaya Kungiyar Masu Bukata Tamusamman,Jigawa,Jahun,Both,Production/Processing,Jigawa-WOFAN,0,0,0,0,12000,6000,0,0,160,12000,0,0,0,0,0,0,0,21e162ac-4f59-42e5-880b-0df8a02f7b20,jah63,27/10/2025 21:54
4a47a1d8-d662-45c6-a124-37d1e59e16da,4a47a1d8-d662-45c6-a124-37d1e59e16da,2025-10-22,,,1,,,faro 64,2025-06-27,1,,,1,,,,,2025-10-22,2,2,95,---,---,---,---,2.0,160.0,---,---,1,,,,,,---,---,---,---,---,---,---,---,---,---,---,---,---,---,---,---,---,---,,1,,1,,,1,,,,,ok,12.12991,9.5133783,414.9,2.0,CT-JahFWCOM42,Kungiyar masu bukata tamusamman,Jigawa,Jahun,Both,Production/Processing,Jigawa-WOFAN,0,0,0,0,12000,6000,0,0,160,12000,0,0,0,0,0,0,0,edc214cd-25d4-43dc-a209-0d3f1dfd4cd3,jah63,27/10/2025 21:54
144f9955-a5a4-4644-880b-bd59ac429c84,144f9955-a5a4-4644-880b-bd59ac429c84,2025-10-20,,,1,,,faro 64,2025-06-27,1,,,1,,,,,2025-09-24,2,2,95,---,---,---,---,2.0,160.0,---,---,1,,,,,,---,---,---,---,---,---,---,---,---,---,---,---,---,---,---,---,---,---,,1,,1,,,1,,,,,ok,12.1299383,9.5133601,416.1,1.9,CT-Jah9PA9I46,Kungiyar Masu Bukata tamusamman,Jigawa,Jahun,Both,Production/Processing,Jigawa-WOFAN,0,0,0,0,12000,6000,0,0,160,12000,0,0,0,0,0,0,0,8a88091a-c337-4e59-810a-5a21b1b70505,jah63,27/10/2025 21:54
2eb5ecbc-754a-40dc-81cd-c125d018ea8c,2eb5ecbc-754a-40dc-81cd-c125d018ea8c,2025-10-20,,,1,,,faro 64,2025-06-27,1,,,1,,,,,2025-10-24,2,2,95,---,---,---,---,2.0,160.0,---,---,1,,,,,,---,---,---,---,---,---,---,---,---,---,---,---,---,---,---,---,---,---,,1,,1,,,1,,,,,ok,12.129955,9.51337,415.6,4.09,CT-JahYZMM439,Kungiyar Masu Bukata ta Musamman,Jigawa,Jahun,Both,Production/Processing,Jigawa-WOFAN,0,0,0,0,12000,6000,0,0,160,12000,0,0,0,0,0,0,0,53636ef6-09c3-4325-95cd-8ba5e02f39a5,jah63,27/10/2025 21:54
ac79d18b-2872-462b-9278-c12355c2f700,ac79d18b-2872-462b-9278-c12355c2f700,2025-10-21,,,1,,,faro 64,2025-06-27,1,,,1,,,,,2025-10-23,2,2,96,---,---,---,---,2.0,160.0,---,---,1,,,,,,---,---,---,---,---,---,---,---,---,---,---,---,---,---,---,---,---,---,,1,,1,,,1,,,,,ok,12.12991,9.5133267,413.7,2.4,CT-JahOKMM823,Disable Cooperative Association,Jigawa,Jahun,Both,Production/Processing,Jigawa-WOFAN,0,0,0,0,12000,6000,0,0,160,12000,0,0,0,0,0,0,0,52ef9088-f545-4800-a593-aa0401989386,jah63,27/10/2025 21:54
86b47931-07e1-4f34-92ac-c1a9634a8280,86b47931-07e1-4f34-92ac-c1a9634a8280,2025-10-20,,,1,,,faro 64,2025-06-27,1,,,1,,,,,2025-10-21,2,2,96,---,---,---,---,2.0,160.0,---,---,1,,,,,,---,---,---,---,---,---,---,---,---,---,---,---,---,---,---,---,---,---,,1,,1,,,1,,,,,ok,12.129945,9.5133783,414.2,1.9,CT-JahMUH1J18,Kungiyar Masu Bukata Tamu samman Taraya Harbo,Jigawa,Jahun,Female,Production/Processing,Jigawa-WOFAN,0,0,0,0,12000,6000,0,0,160,12000,0,0,0,0,0,0,0,916dee79-42c3-415b-8343-ba6bbf4fc7dd,jah63,27/10/2025 21:54
257ba041-6a6b-4410-ac86-58e00c9e306e,257ba041-6a6b-4410-ac86-58e00c9e306e,2025-10-21,,,1,,,faro 64,2025-06-27,1,,,1,,,,,2025-10-22,2,2,95,---,---,---,---,2.0,160.0,---,---,1,,,,,,---,---,---,---,---,---,---,---,---,---,---,---,---,---,---,---,---,---,,1,,1,,,1,,,,,Okey,12.1300067,9.5133017,413.1,2.9,CT-JahZLDS011,Kungiyar Mata Masu Bukata ta Musamman Harbo/Taraya.,Jigawa,Jahun,Female,Production/Processing,Jigawa-WOFAN,0,0,0,0,12000,6000,0,0,160,12000,0,0,0,0,0,0,0,d146629a-eae3-4d66-9463-0eac0f43140b,jah63,27/10/2025 21:54
ad16d592-33ca-4d88-8647-eb8369198e22,ad16d592-33ca-4d88-8647-eb8369198e22,2025-10-20,,,1,,,faro 64,2025-10-19,1,,,1,,,,,2025-09-27,2,2,95,---,---,---,---,2.0,160.0,---,---,1,,,,,,---,---,---,---,---,---,---,---,---,---,---,---,---,---,---,---,---,---,,1,,1,,,1,,,,,ok,12.1299517,9.5133517,410.3,1.8,CT-Jah5XMEG36,Kungiyar masu bukatamusamman taraya,Jigawa,Jahun,Female,Production/Processing,Jigawa-WOFAN,0,0,0,0,12000,6000,0,0,160,12000,0,0,0,0,0,0,0,402e3a42-9c66-4e68-8967-62616392414d,jah63,27/10/2025 21:54
63ce237d-4ccf-49d9-aa81-aeb077c8f746,63ce237d-4ccf-49d9-aa81-aeb077c8f746,2025-09-19,,1,,,,1,2025-06-15,1,,,1,,,,,2025-09-19,1,1,10,---,---,1.0,70.0,---,---,---,---,1,,,,,,---,---,---,---,---,---,---,---,---,---,---,---,---,---,---,---,---,---,1,,,1,,,1,,,,,good,11.5476845,8.3855694,579.48,1.9,CT-Beb0UBTT35,Gargai Cluster Marketing,Kano,Bebeji,Both,Production,Kano-WOFAN,0,0,7000,7000,0,0,0,0,70,7000,0,0,0,0,0,0,0,7173f498-2ca7-4d26-983e-b7dd5de0a739,kir13,27/10/2025 21:56
30ed8220-d369-436c-8e2a-d62a17e684f3,30ed8220-d369-436c-8e2a-d62a17e684f3,2025-06-11,,1,1,,,Rice And maize,2025-06-30,1,,,1,,,,,2025-10-15,1,1,13,---,---,1.0,100.0,1.0,75.0,---,---,1,,,,,,---,---,---,---,---,---,---,---,---,---,---,---,---,---,---,---,---,---,1,,,1,,,1,,,,,Good,12.0600715,8.2754166,368.9,5.0,CT-RimOHB7959,DINDERE DISABLE  AND FARMING,Kano,Rimi_Gado,,Production/Processing,Kano-WOFAN,0,0,10000,10000,5625,5625,0,0,175,15625,0,0,0,0,0,0,0,38284da4-cc0d-412c-8827-47a2f396c72f,tof72,27/10/2025 22:10
d4fca7f4-1e09-4103-ac69-cbdb7abe54df,d4fca7f4-1e09-4103-ac69-cbdb7abe54df,2025-10-22,,,1,,,faro 64,2025-06-27,1,,,1,,,,,2025-09-27,2,2,95,---,---,---,---,2.0,160.0,---,---,1,,,,,,---,---,---,---,---,---,---,---,---,---,---,---,---,---,---,---,---,---,,1,,1,,,1,,,,,ok,12.129925,9.51337,402.9,2.1,CT-JahXW90306,Kungiyar masu bukata tamu samman Taraya Tasha,Jigawa,Jahun,Both,Production/Processing,Jigawa-WOFAN,0,0,0,0,12000,6000,0,0,160,12000,0,0,0,0,0,0,0,6967ad71-bc32-41ac-9c4a-feb5d2f42b47,jah63,27/10/2025 22:13
55025bb7-aba3-4894-9d98-7e40f2820155,55025bb7-aba3-4894-9d98-7e40f2820155,2025-10-22,,,1,,,Faro 67,2025-06-15,1,,,1,,,,,2025-10-24,2,2,11,---,---,---,---,2.0,160.0,---,---,1,,,,,,---,---,---,---,---,---,---,---,---,---,---,---,---,---,---,---,---,---,,1,,1,,,1,,,,,Weldon,11.5691155,8.3858096,473.24,1.52,CT-TudG7X9G03,ALHERI RICE TUDUN WADA,Kano,Tudun_Wada,Female,Production/Processing,Kano-WOFAN,0,0,0,0,12000,6000,0,0,160,12000,0,0,0,0,0,0,0,d9e1e251-df22-4a97-a85d-23c5526312fe,tun15,27/10/2025 22:37
deb092df-72bc-4490-ab83-a03d935ac69b,deb092df-72bc-4490-ab83-a03d935ac69b,2025-10-23,,1,,,,Sammez 62,2025-06-17,1,,,1,,,,,2025-10-24,2,2,12,---,---,2.0,120.0,---,---,---,---,1,,,,,,---,---,---,---,---,---,---,---,---,---,---,---,---,---,---,---,---,---,,1,,1,,,1,,,,,Weldon,11.5691411,8.3862278,491.38,2.47,CT-Tud59M9Z05,FASKAR MAAJI (C) CLUSTER,Kano,Tudun_Wada,Both,Production/Processing,Kano-WOFAN,0,0,12000,6000,0,0,0,0,120,12000,0,0,0,0,0,0,0,2818290b-acbb-42af-8524-25adf1ebd021,tun15,27/10/2025 22:39
1b0a1e8b-ca29-45f3-9ece-4bf34e3d68e6,1b0a1e8b-ca29-45f3-9ece-4bf34e3d68e6,2025-10-25,,1,,,,Sammez 63,2025-06-14,1,,,1,,,,,2025-10-25,2,2,11,---,---,2.0,130.0,---,---,---,---,1,,,,,,---,---,---,---,---,---,---,---,---,---,---,---,---,---,---,---,---,---,,1,,1,,,1,,,,,good job,11.5691401,8.3861952,490.12,1.72,CT-TudP1T1I38,FASKAR MAAJI Cluster,Kano,Tudun_Wada,Female,Production/Processing,Kano-WOFAN,0,0,13000,6500,0,0,0,0,130,13000,0,0,0,0,0,0,0,fe8aa212-a854-4314-9788-112c21baff64,tun15,27/10/2025 22:43
5fd53814-95f1-491f-9d41-7009818d7007,5fd53814-95f1-491f-9d41-7009818d7007,2025-10-25,,1,,,,Sammez 62,2025-07-15,1,,,1,,,,,2025-10-24,2,2,11,---,---,2.0,120.0,---,---,---,---,1,,,,,,---,---,---,---,---,---,---,---,---,---,---,---,---,---,---,---,---,---,,1,,1,,,1,,,,,good job,11.5691559,8.3859042,540.43,1.33,CT-Tud5VA2F31,Kofar Fada Cluster,Kano,Tudun_Wada,Female,Production/Processing,Kano-WOFAN,0,0,12000,6000,0,0,0,0,120,12000,0,0,0,0,0,0,0,a317baf2-bb62-4ab9-8338-af3e2e27b361,tun15,27/10/2025 22:59
022ad072-e87b-45e4-8327-c4c4c19183c8,022ad072-e87b-45e4-8327-c4c4c19183c8,2025-10-22,,,1,,,Faro 44,2025-06-15,1,,,1,,,,,2025-10-22,2,2,12,---,---,---,---,2.0,160.0,---,---,1,,,,,,---,---,---,---,---,---,---,---,---,---,---,---,---,---,---,---,---,---,,1,,1,,,1,,,,,Weldon,11.5691556,8.3859045,540.85,2.96,CT-Tud5VA2F31,Kofar Fada Cluster,Kano,Tudun_Wada,Female,Production/Processing,Kano-WOFAN,0,0,0,0,12000,6000,0,0,160,12000,0,0,0,0,0,0,0,a317baf2-bb62-4ab9-8338-af3e2e27b361,tun15,27/10/2025 23:01
5a13fdeb-04a1-4942-b177-8e918f946df6,5a13fdeb-04a1-4942-b177-8e918f946df6,2025-10-24,,1,,,,Faro 67,2025-06-15,1,,,1,,,,,2025-10-23,2,2,10,---,---,2.0,140.0,---,---,---,---,1,,,,,,---,---,---,---,---,---,---,---,---,---,---,---,---,---,---,---,---,---,,1,,1,,,1,,,,,Weldon,11.5691155,8.3859016,558.01,8.82,CT-TudEWVMR12,Nataala cluster 2,Kano,Tudun_Wada,Both,Production/Processing,Kano-WOFAN,0,0,14000,7000,0,0,0,0,140,14000,0,0,0,0,0,0,0,8baef8f7-71ba-4d74-b263-97030e898b63,tun15,27/10/2025 23:18
91c123f8-2fa5-40fc-a4f9-08f4f5571350,91c123f8-2fa5-40fc-a4f9-08f4f5571350,2025-10-23,,,1,,,Faro 67,2025-06-16,1,,,1,,,,,2025-10-25,2,2,11,---,---,---,---,2.0,150.0,---,---,1,,,,,,---,---,---,---,---,---,---,---,---,---,---,---,---,---,---,---,---,---,,1,,1,,,1,,,,,"Weldon 
good job",11.569158,8.3859062,548.81,8.91,CT-TudARZZU57,NASARA SHARA CLUSTER,Kano,Tudun_Wada,Female,Production/Processing,Kano-WOFAN,0,0,0,0,11250,5625,0,0,150,11250,0,0,0,0,0,0,0,7c4844fa-2cda-442c-8acf-33beb4993f61,tun15,27/10/2025 23:20
40a62077-147e-44a7-b594-04c588a9765a,40a62077-147e-44a7-b594-04c588a9765a,2025-10-23,,,1,,,Faro 44,2025-06-17,1,,,1,,,,,2025-10-22,2,2,11,---,---,---,---,2.0,150.0,---,---,1,,,,,,---,---,---,---,---,---,---,---,---,---,---,---,---,---,---,---,---,---,,1,,1,,,1,,,,,Weldon,11.5692261,8.3859437,492.56,8.35,CT-TudQ5OOH57,TUDUN WADA NAGARTA RICE,Kano,Tudun_Wada,Female,Production/Processing,Kano-WOFAN,0,0,0,0,11250,5625,0,0,150,11250,0,0,0,0,0,0,0,0f925ca5-86e2-4c3a-8a18-66f8758aed4e,tun15,27/10/2025 23:22
a6538c61-3ecc-4d66-9fb4-4c438bd9e2d5,a6538c61-3ecc-4d66-9fb4-4c438bd9e2d5,2025-10-25,,1,,,,Maize 63,2025-06-17,1,,,1,,,,,2025-10-25,2,2,12,---,---,2.0,100.0,---,---,---,---,1,,,,,,---,---,---,---,---,---,---,---,---,---,---,---,---,---,---,---,---,---,,1,,1,,,1,,,,,good job,11.5697017,8.385405,525.7,3.3,CT-TudEOXD838,damaga cikin gari wofan cluster,Kano,Tudun_Wada,Both,Production/Processing,Kano-WOFAN,0,0,10000,5000,0,0,0,0,100,10000,0,0,0,0,0,0,0,eb8b1b41-b077-4bbd-85cc-a246de715438,tun14,27/10/2025 23:38
b6e25bc6-4ebb-4d36-a8f1-b81c721a1388,b6e25bc6-4ebb-4d36-a8f1-b81c721a1388,2025-10-24,,1,,,,Maize 63,2025-06-18,1,,,1,,,,,2025-10-20,2,2,12,---,---,2.0,100.0,---,---,---,---,1,,,,,,---,---,---,---,---,---,---,---,---,---,---,---,---,---,---,---,---,---,,1,,1,,,1,,,,,good job,11.569755,8.385445,527.3,3.1,CT-BebIN8BP10,dakatsalle makarantar boko woman produce markiting,Kano,Bebeji,Female,Production/Processing,Kano-WOFAN,0,0,10000,5000,0,0,0,0,100,10000,0,0,0,0,0,0,0,d1f56fb1-8102-4bdf-88a6-ca2d9e88353e,tun14,27/10/2025 23:38
3f784f17-679e-47a7-8df3-403abfe3c56b,3f784f17-679e-47a7-8df3-403abfe3c56b,2025-10-22,,1,,,,Maize 63,2025-06-16,1,,,1,,,,,2025-10-20,2,2,12,---,---,2.0,100.0,---,---,---,---,1,,,,,,---,---,---,---,---,---,---,---,---,---,---,---,---,---,---,---,---,---,,1,,1,,,1,,,,,good job,11.5696992,8.3854404,526.2,1.9,CT-BebF7O1429,Dakatsalle cikin gari woman produce markiting,Kano,Bebeji,Female,Production/Processing,Kano-WOFAN,0,0,10000,5000,0,0,0,0,100,10000,0,0,0,0,0,0,0,951a44a9-5a85-4587-9ddb-f34365a7d7c2,tun14,27/10/2025 23:38
6ba70d25-9af1-4a72-8eb7-b271ec2ea408,6ba70d25-9af1-4a72-8eb7-b271ec2ea408,2025-10-20,,1,,,,Maize 63,2025-06-16,1,,,1,,,,,2025-10-20,2,2,12,---,---,2.0,100.0,---,---,---,---,1,,,,,,---,---,---,---,---,---,---,---,---,---,---,---,---,---,---,---,---,---,,1,,1,,,1,,,,,good job,11.569765,8.3854783,530.7,3.8,CT-BebPSA7925,Anadariya women youth cooperative,Kano,Bebeji,Female,Production/Processing,Kano-WOFAN,0,0,10000,5000,0,0,0,0,100,10000,0,0,0,0,0,0,0,08e37d82-6666-4209-b42c-5d3a2927f689,tun14,27/10/2025 23:38
95617f2f-8212-4e7a-a91b-9366431113ff,95617f2f-8212-4e7a-a91b-9366431113ff,2025-06-15,,1,1,,,Rice and maze,2025-06-28,1,,,1,,,,,2025-10-18,1,1,17,---,---,1.0,100.0,1.0,75.0,---,---,1,,,,,,---,---,---,---,---,---,---,---,---,---,---,---,---,---,---,---,---,---,1,,,1,,,1,,,,,Good,12.0621232,8.2744916,494.5,3.5,CT-RimI2N8O44,GULU DISABLE AGRO MARKETING AND FARMING,Kano,Rimi_Gado,,Production/Processing,Kano-WOFAN,0,0,10000,10000,5625,5625,0,0,175,15625,0,0,0,0,0,0,0,780da515-fc53-41b6-bdfb-b2755dd6e872,tof72,27/10/2025 23:59
d0a2855b-77ba-4c4d-a81e-68873239714c,d0a2855b-77ba-4c4d-a81e-68873239714c,2025-06-25,,1,1,,,maze and rice,2025-06-30,1,,,1,,,,,2025-10-20,1,1,7,---,---,1.0,100.0,1.0,75.0,---,---,1,,,,,,---,---,---,---,---,---,---,---,---,---,---,---,---,---,---,---,---,---,1,,,1,,,1,,,,,Good work,12.0620268,8.2744466,531.6,3.9,CT-RimULM5Z53,JANGUZA DIS ABLE AGRO MARKETING AND FERMING,Kano,Rimi_Gado,,Production,Kano-WOFAN,0,0,10000,10000,5625,5625,0,0,175,15625,0,0,0,0,0,0,0,5ea7d755-9ac2-4df7-92e8-2169e131074d,tof72,27/10/2025 23:59
b26b81cb-8fda-4ce9-a8cf-5099b714da22,b26b81cb-8fda-4ce9-a8cf-5099b714da22,2025-10-25,,,1,,,faro,2025-07-18,1,,,1,,,,,2025-10-26,1,1,9,---,---,---,---,1.0,30.0,---,---,1,,,,,,---,---,---,---,---,---,---,---,---,---,---,---,---,---,---,---,---,---,1,1,,1,,,1,,,,,excellent,11.5672669,8.3861346,604.82,1.83,CT-Tud0JO0533,Tsohon Gari Rice Perboiling And Milling Multi-purpose Cooperative Society Limited,Kano,Tudun_Wada,Female,Production/Processing,Kano-WOFAN,0,0,0,0,2250,2250,0,0,30,2250,0,0,0,0,0,0,0,e692cfdf-f4ef-4e75-9d70-4b147e469945,tun19,28/10/2025 04:39
2d0a4169-c496-4d0e-86f7-5b4d9cb73fa7,2d0a4169-c496-4d0e-86f7-5b4d9cb73fa7,2025-10-23,,,1,,,Rice,2025-07-10,1,,,1,,,,,2025-10-24,1,1,9,---,---,---,---,1.0,35.0,---,---,1,,,,,,---,---,---,---,---,---,---,---,---,---,---,---,---,---,---,---,---,---,,1,,1,,,1,,,,,excellent,11.5676228,8.3874725,566.68,1.83,CT-TudI7ZGW23,Tsohon gari cluster,Kano,Tudun_Wada,Both,Production/Processing,Kano-WOFAN,0,0,0,0,2625,2625,0,0,35,2625,0,0,0,0,0,0,0,22253320-7167-4bfc-b630-f398db18a37d,tun19,28/10/2025 04:39
4058b5a1-499d-40ee-a6f9-cb0717c83084,4058b5a1-499d-40ee-a6f9-cb0717c83084,2025-10-25,,,1,,,rice,2025-07-17,1,,,1,,,,,2025-10-26,1,1,9,---,---,---,---,1.0,32.0,---,---,1,,,,,,---,---,---,---,---,---,---,---,---,---,---,---,---,---,---,---,---,---,,1,,1,,,1,,,,,excellent,11.5671784,8.3878042,526.64,0.68,CT-Tud7X1EA22,Sodo Rice Processors And Marketers Milti-purpose Coooerative Society Limited,Kano,Tudun_Wada,Female,Production/Processing,Kano-WOFAN,0,0,0,0,2400,2400,0,0,32,2400,0,0,0,0,0,0,0,5e59f068-1ea8-4e05-ad58-a888974f4106,tun19,28/10/2025 04:39
80e8aa75-98aa-40aa-ba36-b306e66e9fae,80e8aa75-98aa-40aa-ba36-b306e66e9fae,2025-10-23,,,1,,,rice,2025-07-15,1,,,1,,,,,2025-10-25,1,1,9,---,---,---,---,1.0,32.0,---,---,1,,,,,,---,---,---,---,---,---,---,---,---,---,---,---,---,---,---,---,---,---,1,1,,1,,,1,,,,,excellent,11.5672679,8.3877575,519.45,0.98,CT-TudBX75840,Marmara cluster 1,Kano,Tudun_Wada,Both,Production/Processing,Kano-WOFAN,0,0,0,0,2400,2400,0,0,32,2400,0,0,0,0,0,0,0,ee700388-4ba0-40fd-8dc9-189300e85758,tun19,28/10/2025 04:40
b131044c-5c69-4910-b03d-86005e0deec6,b131044c-5c69-4910-b03d-86005e0deec6,2025-10-24,,,1,,,rice,2025-07-13,1,,,1,,,,,2025-10-25,1,1,9,---,---,---,---,1.0,32.0,---,---,1,,,,,,---,---,---,---,---,---,---,---,---,---,---,---,---,---,---,---,---,---,1,1,,1,,,1,,,,,excellent,11.5671862,8.3877451,528.19,0.95,CT-TudKFB4602,KOLI DA MAI CLUSTER,Kano,Tudun_Wada,Female,Production/Processing,Kano-WOFAN,0,0,0,0,2400,2400,0,0,32,2400,0,0,0,0,0,0,0,960f2f64-de1b-4927-8911-dd43ec9c00da,tun19,28/10/2025 04:41
6556d521-e07e-4a75-95b5-ba80222ce0ce,6556d521-e07e-4a75-95b5-ba80222ce0ce,2025-06-20,,1,1,,,maize and rice,2025-07-27,1,,,1,,,,,2025-09-17,1,1,17,---,---,1.0,100.0,1.0,75.0,---,---,1,,,,,,---,---,---,---,---,---,---,---,---,---,---,---,---,---,---,---,---,---,1,,,1,,,1,,,,,Good work,12.0621318,8.2745634,506.8,3.7,CT-Rim049NP09,RIMIN DAWAKI DISABLE AGRO MARKETING AND FERMING,Kano,Rimi_Gado,,Production/Processing,Kano-WOFAN,0,0,10000,10000,5625,5625,0,0,175,15625,0,0,0,0,0,0,0,b438ee01-0d22-49b4-98ea-9744428aab74,tof72,28/10/2025 05:27
8b894a72-ed8e-45dd-a899-1a502ce35af1,8b894a72-ed8e-45dd-a899-1a502ce35af1,2025-06-27,,1,1,,,maize and rice,2025-06-29,1,,,1,,,,,2025-10-08,1,1,17,---,---,1.0,100.0,1.0,75.0,---,---,1,,,,,,---,---,---,---,---,---,---,---,---,---,---,---,---,---,---,---,---,---,1,,,1,,,1,,,,,Good work,12.062125,8.2745212,506.8,4.4,CT-Rim8PO4C59,RIMIN GADO DISABLE AGRO MARKETING ADN FARMING,Kano,Rimi_Gado,,Production/Processing,Kano-WOFAN,0,0,10000,10000,5625,5625,0,0,175,15625,0,0,0,0,0,0,0,ec002763-c9f0-45e8-aa18-2aaf2ba4188f,tof72,28/10/2025 05:27
ae0903d3-7db4-4ed2-80e4-d7fa70683571,ae0903d3-7db4-4ed2-80e4-d7fa70683571,2025-10-28,,,1,,,faro 68,2025-06-20,1,,,1,,,,,2025-09-20,1,1,12,---,---,---,---,1.0,90.0,---,---,1,,,,,,---,---,---,---,---,---,---,---,---,---,---,---,---,---,---,---,---,---,,1,,1,,,1,,,,,masha Allah,11.4824493,8.3529798,535.7,4.68,CT-Beb7H5E554,Durmawa muwarwasa cluster,Kano,Bebeji,,Production/Processing,Kano-WOFAN,0,0,0,0,6750,6750,0,0,90,6750,0,0,0,0,0,0,0,483b393d-9917-43ae-92f6-110fa5791072,beb31,28/10/2025 06:27
9f7e1978-8f0f-4da0-9493-128c2cafff1e,9f7e1978-8f0f-4da0-9493-128c2cafff1e,2025-06-20,,,1,,,Faro 64,2025-10-19,1,,,1,,,,,2025-10-26,2,2,95,---,---,---,---,2.0,160.0,---,---,,,,1,,,---,---,10.0,---,,1,,,,,,,,,,,,,,1,,1,,,1,,,,,Good,12.0511559,9.4270556,410.04,3.51,CT-JahWFKEN18,Atuman masu noman dawa,Jigawa,Jahun,Both,Production/Processing,Jigawa-WOFAN,0,0,0,0,12000,6000,0,0,160,12000,0,0,750,0,10,750,0,828ce22d-4f7a-4ea2-8d15-bf59fba4a1a1,jah56,28/10/2025 06:33
e588b8ad-3310-4336-8eec-3887946d041e,e588b8ad-3310-4336-8eec-3887946d041e,2025-06-20,,1,,,,Faro 64,2025-09-27,1,,,1,,,,,2025-10-26,2,2,100,---,---,2.0,180.0,---,---,---,---,,,1,,,,---,5.0,---,---,,,,,1,,,,,,,,,,1,,,1,,,1,,,,,Good,12.0511003,9.426573,422.78,3.21,CT-JahNO51K02,Yadda masu gyada,Jigawa,Jahun,Both,Production/Processing,Jigawa-WOFAN,0,0,18000,9000,0,0,0,0,180,18000,0,500,0,0,5,500,0,5e0055bd-9b1c-4863-9875-7ccf712cc2f1,jah56,28/10/2025 06:33
21d49b53-fef9-4fb3-ab5c-4d09aed91321,21d49b53-fef9-4fb3-ab5c-4d09aed91321,2025-06-20,,,1,,,Faro 64,2025-09-20,1,,,1,,,,,2025-10-26,2,2,95,---,---,---,---,2.0,160.0,---,---,,,,1,,,---,---,10.0,---,,,,,1,,,,,,,,,,,1,,1,,,1,,,,,Good,12.05092,9.4269071,485.11,2.12,CT-Jah3LU8K35,Yalwa masu saida Awara,Jigawa,Jahun,Female,Production,Jigawa-WOFAN,0,0,0,0,12000,6000,0,0,160,12000,0,0,750,0,10,750,0,50a1e23d-a387-49fa-9d3b-7038c4bceaf8,jah56,28/10/2025 06:33
71f8132e-a0a6-4493-bd06-fc8fce898e41,71f8132e-a0a6-4493-bd06-fc8fce898e41,2025-09-10,,,1,,,Faro 67,2025-06-10,1,,,1,,,,,2025-09-20,2,85,12,---,---,---,---,2.0,85.0,---,---,1,,,,,,---,---,---,---,---,---,---,---,---,---,---,---,---,---,---,---,---,---,1,,,1,,,1,,,,,They have a bumper harvest or other wise,12.0893567,9.19808,356.1,3.9,CT-Rin8AU2K16,People with Disabilities Association,Jigawa,Ringim,Both,Production/Processing,Jigawa-WOFAN,0,0,0,0,6375,3188,0,0,85,6375,0,0,0,0,0,0,0,2f132288-a69a-4c83-9d22-726f5661ebf8,rin26,28/10/2025 07:01
0e827467-b628-4c94-8353-5215a5650a2c,0e827467-b628-4c94-8353-5215a5650a2c,2025-07-07,,1,,,,maize,2025-07-12,1,,,1,,,,,2025-10-03,1,1,50,---,---,1.0,9.0,---,---,---,---,,,1,,,,---,2.0,---,---,1,,,,,,,,,,,,,,1,,,1,,,1,,,,,good,11.5699704,8.3861891,443.2,4.76,CT-TudUDW9F06,Jeli cluster 1,Kano,Tudun_Wada,Both,Production/Processing,Kano-WOFAN,0,0,900,900,0,0,0,0,9,900,0,200,0,0,2,200,0,58a4af42-5255-4785-9171-5b644cae1632,tun11,28/10/2025 07:27
ca175387-0dd5-4dc0-bc19-cb819b7e9e37,ca175387-0dd5-4dc0-bc19-cb819b7e9e37,2025-10-24,,1,,,,maize,2025-10-20,1,,,1,,,,,2025-10-11,2,2,75,---,---,2.0,130.0,---,---,---,---,1,,,,,,---,---,---,---,---,---,---,---,---,---,---,---,---,---,---,---,---,---,1,,,1,,,1,,,,,good,11.647855,8.445095,438.4,4.76,CT-Gar4GKYF57,Garun Babba Disabled cluster B,Kano,Garum_Mallam,,Production,Kano-WOFAN,0,0,13000,6500,0,0,0,0,130,13000,0,0,0,0,0,0,0,1ec2467d-4b4f-4da3-9885-a48328b4db96,gmm20,28/10/2025 07:38
5439cb76-ef09-4018-8a97-fef88d8bcce6,5439cb76-ef09-4018-8a97-fef88d8bcce6,2025-10-20,,,1,,,rice,2025-06-20,1,,,1,,,,,2025-10-07,2,2,75,---,---,---,---,2.0,150.0,---,---,1,,,,,,---,---,---,---,---,---,---,---,---,---,---,---,---,---,---,---,---,---,1,,,1,,,1,,,,,good,11.6478583,8.44511,438.4,4.2,CT-GarFNPKB09,DOGARO DAKAI DISABLE ASSOCIATION,Kano,Garum_Mallam,,Production/Processing,Kano-WOFAN,0,0,0,0,11250,5625,0,0,150,11250,0,0,0,0,0,0,0,eaa3b7e4-0ac6-40ca-89c8-d6ae63ff8bc0,gmm20,28/10/2025 07:38
5c8a8eb5-d137-4ced-a531-589d4ff31867,5c8a8eb5-d137-4ced-a531-589d4ff31867,2025-10-21,,,1,,,rice,2025-06-21,1,,,1,,,,,2025-10-08,2,2,75,---,---,---,---,2.0,150.0,---,---,1,,,,,,---,---,---,---,---,---,---,---,---,---,---,---,---,---,---,---,---,---,1,,,1,,,1,,,,,good,11.6478667,8.4451267,438.3,4.2,CT-Gar4GKYF57,Garun Babba Disabled cluster B,Kano,Garum_Mallam,,Production,Kano-WOFAN,0,0,0,0,11250,5625,0,0,150,11250,0,0,0,0,0,0,0,1ec2467d-4b4f-4da3-9885-a48328b4db96,gmm20,28/10/2025 07:38
84e0f96d-29c9-4914-b83e-9a421dcd0bb2,84e0f96d-29c9-4914-b83e-9a421dcd0bb2,2025-10-22,,1,,,,rice,2025-06-20,1,,,1,,,,,2025-10-09,2,2,75,---,---,2.0,150.0,---,---,---,---,1,,,,,,---,---,---,---,---,---,---,---,---,---,---,---,---,---,---,---,---,---,1,,,1,,,1,,,,,good,11.64792,8.4451217,438.4,4.2,CT-GarMDQFV51,BARNAWA WOMEN PROCESSORS alAND MARKETING,Kano,Garum_Mallam,,Production/Processing,Kano-WOFAN,0,0,15000,7500,0,0,0,0,150,15000,0,0,0,0,0,0,0,0c749fc7-25c8-434b-a86e-809dd5dfc3dd,gmm20,28/10/2025 07:38
8c662587-791f-4e38-935a-8e7e92c07b9f,8c662587-791f-4e38-935a-8e7e92c07b9f,2025-10-23,,,1,,,rice,2025-06-20,1,,,1,,,,,2025-10-09,2,2,75,---,---,---,---,2.0,150.0,---,---,1,,,,,,---,---,---,---,---,---,---,---,---,---,---,---,---,---,---,---,---,---,1,,,1,,,1,,,,,good,11.6481163,8.4453376,438.4,3.96,CT-GarP4IP515,DAKASOYE FUNKASO AMANA,Kano,Garum_Mallam,Female,Production/Processing,Kano-WOFAN,0,0,0,0,11250,5625,0,0,150,11250,0,0,0,0,0,0,0,e8dd3018-0347-425c-ac80-63ac5e16787c,gmm20,28/10/2025 07:38
e8303287-acd3-49f3-8c79-ddecb5d08dca,e8303287-acd3-49f3-8c79-ddecb5d08dca,2025-10-24,,,1,,,rice,2025-06-20,1,,,1,,,,,2025-10-08,2,2,75,---,---,---,---,2.0,150.0,---,---,1,,,,,,---,---,---,---,---,---,---,---,---,---,---,---,---,---,---,---,---,---,1,,,1,,,1,,,,,good,11.6478477,8.4455827,456.9,4.51,CT-GarQ4MH207,ALHERI FOODS ASSOCIATION,Kano,Garum_Mallam,,Production/Processing,Kano-WOFAN,0,0,0,0,11250,5625,0,0,150,11250,0,0,0,0,0,0,0,bf982f39-81fa-4c84-b8a7-547ba517c79d,gmm20,28/10/2025 07:38
935f8248-8751-468c-b464-8a1f7898646d,935f8248-8751-468c-b464-8a1f7898646d,2025-10-20,,1,,,,maize,2025-06-20,1,,,1,,,,,2025-10-10,2,2,75,---,---,2.0,130.0,---,---,---,---,1,,,,,,---,---,---,---,---,---,---,---,---,---,---,---,---,---,---,---,---,---,1,,,1,,,1,,,,,good,11.6476907,8.4456634,456.9,4.8,CT-GarFNPKB09,DOGARO DAKAI DISABLE ASSOCIATION,Kano,Garum_Mallam,,Production/Processing,Kano-WOFAN,0,0,13000,6500,0,0,0,0,130,13000,0,0,0,0,0,0,0,eaa3b7e4-0ac6-40ca-89c8-d6ae63ff8bc0,gmm20,28/10/2025 07:38
8517953a-86f3-45d9-a700-664166d7c293,8517953a-86f3-45d9-a700-664166d7c293,2025-10-19,,1,,,,maize,2025-06-20,1,,,1,,,,,2025-10-08,2,2,75,---,---,2.0,140.0,---,---,---,---,1,,,,,,---,---,---,---,---,---,---,---,---,---,---,---,---,---,---,---,---,---,1,,,1,,,1,,,,,good,11.6476281,8.4456538,456.9,4.9,CT-GarQ4MH207,ALHERI FOODS ASSOCIATION,Kano,Garum_Mallam,,Production/Processing,Kano-WOFAN,0,0,14000,7000,0,0,0,0,140,14000,0,0,0,0,0,0,0,bf982f39-81fa-4c84-b8a7-547ba517c79d,gmm20,28/10/2025 07:38
f5f4a29b-2a79-4fbd-9131-9e8b607d4187,f5f4a29b-2a79-4fbd-9131-9e8b607d4187,2025-10-23,,1,,,,maize,2025-06-20,1,,,1,,,,,2025-10-10,2,2,75,---,---,2.0,140.0,---,---,---,---,1,,,,,,---,---,---,---,---,---,---,---,---,---,---,---,---,---,---,---,---,---,1,,,1,,,1,,,,,good,11.6476017,8.4456317,457.0,4.8,CT-GarP4IP515,DAKASOYE FUNKASO AMANA,Kano,Garum_Mallam,Female,Production/Processing,Kano-WOFAN,0,0,14000,7000,0,0,0,0,140,14000,0,0,0,0,0,0,0,e8dd3018-0347-425c-ac80-63ac5e16787c,gmm20,28/10/2025 07:38
b297d508-751a-4067-8758-978923aae078,b297d508-751a-4067-8758-978923aae078,2025-10-22,,1,,,,maize,2025-10-20,1,,,1,,,,,2025-10-11,2,2,75,---,---,2.0,130.0,---,---,---,---,1,,,,,,---,---,---,---,---,---,---,---,---,---,---,---,---,---,---,---,---,---,1,,,1,,,1,,,,,good,11.647608,8.4455986,457.0,4.7,CT-GarMDQFV51,BARNAWA WOMEN PROCESSORS alAND MARKETING,Kano,Garum_Mallam,,Production/Processing,Kano-WOFAN,0,0,13000,6500,0,0,0,0,130,13000,0,0,0,0,0,0,0,0c749fc7-25c8-434b-a86e-809dd5dfc3dd,gmm20,28/10/2025 07:38
70ffa716-5ddd-4e7f-979b-437d4d011488,70ffa716-5ddd-4e7f-979b-437d4d011488,2025-09-20,,1,,,,maize,2025-06-18,1,,,1,,,,,2025-10-27,1,1,12,---,---,1.0,70.0,---,---,---,---,,,1,,,,---,1.0,---,---,,,,,,,,,,,,1,,,1,,,1,,,1,,,,,masha allah,11.5445348,8.3806334,559.59,1.2,CT-Kir4QMFQ13,Dangora cluster multipurpose cooperative,Kano,Kiru,Male,Production/Processing,Kano-WOFAN,0,0,7000,7000,0,0,0,0,70,7000,0,100,0,0,1,100,0,08161cdf-f571-48e8-98e0-f4163960a57c,beb35,28/10/2025 08:05
876920b6-7b48-4f90-beb4-97ffeee3d343,876920b6-7b48-4f90-beb4-97ffeee3d343,2025-09-20,,,1,,,rice,2025-06-20,1,,,1,,,,,2025-10-27,1,1,12,---,---,---,---,1.0,90.0,---,---,1,,,,,,---,---,---,---,---,---,---,---,---,---,---,---,---,---,---,---,---,---,1,,,1,,,1,,,,,masha allh allh yakwao kasuwa mai albarka,11.5446668,8.3806112,561.59,1.48,CT-KirQRQEF29,Yalwa cluster cooperative society limited,Kano,Kiru,Male,Production,Kano-WOFAN,0,0,0,0,6750,6750,0,0,90,6750,0,0,0,0,0,0,0,daadf68e-a536-43e7-9814-8c76661598d0,beb35,28/10/2025 08:05
86245a2a-7c5f-4f16-8cf2-2e23831a12f5,86245a2a-7c5f-4f16-8cf2-2e23831a12f5,2025-09-20,,,1,,,faro 68,2025-06-20,1,,,1,,,,,2025-10-27,1,1,12,---,---,---,---,1.0,85.0,---,---,1,,,,,,---,---,---,---,---,---,---,---,---,---,---,---,---,---,---,---,---,---,1,,,1,,,1,,,,,allah yakawo kasuwa mai albarka,11.5444128,8.3806959,544.76,1.29,CT-BebUD94G28,Bebeji cluster association,Kano,Bebeji,Female,Production,Kano-WOFAN,0,0,0,0,6375,6375,0,0,85,6375,0,0,0,0,0,0,0,97fe10c2-5ea7-4c77-9205-903b0415d028,beb35,28/10/2025 08:07
c81fa7e0-9001-425d-8fbf-49184cc91fc7,c81fa7e0-9001-425d-8fbf-49184cc91fc7,2025-06-28,,,1,,,rice,2025-06-26,1,,,1,,,,,2025-10-28,1,1,9,---,---,---,---,1.0,32.0,---,---,1,,,,,,---,---,---,---,---,---,---,---,---,---,---,---,---,---,---,---,---,---,1,,,1,,,1,,,,,excellent,11.5699851,8.3855134,517.4,4.76,CT-Tud5VA2F31,Kofar Fada Cluster,Kano,Tudun_Wada,Female,Production/Processing,Kano-WOFAN,0,0,0,0,2400,2400,0,0,32,2400,0,0,0,0,0,0,0,a317baf2-bb62-4ab9-8338-af3e2e27b361,tun07,28/10/2025 08:34
d0d86771-59a8-445a-9c0e-6e2940b311f2,d0d86771-59a8-445a-9c0e-6e2940b311f2,2025-10-26,,,1,,,47,2025-06-25,1,,,1,,,,,2025-06-26,1,1,9,---,---,---,---,1.0,30.0,---,---,1,,,,,,---,---,---,---,---,---,---,---,---,---,---,---,---,---,---,---,---,---,,1,,1,,,1,,,,,excellent,11.5700017,8.38554,517.2,4.96,CT-Tud5VA2F31,Kofar Fada Cluster,Kano,Tudun_Wada,Female,Production/Processing,Kano-WOFAN,0,0,0,0,2250,2250,0,0,30,2250,0,0,0,0,0,0,0,a317baf2-bb62-4ab9-8338-af3e2e27b361,tun07,28/10/2025 08:34
f657c674-5315-4639-af6c-fd0782b0d3a4,f657c674-5315-4639-af6c-fd0782b0d3a4,2025-10-24,,,1,,,47,2025-06-25,1,,,1,,,,,2025-10-24,1,1,9,---,---,---,---,1.0,32.0,---,---,1,,,,,,---,---,---,---,---,---,---,---,---,---,---,---,---,---,---,---,---,---,1,,,1,,,1,,,,,excellent,11.5700033,8.385585,516.9,4.86,CT-TudI6VXM21,Sumana cluster 2,Kano,Tudun_Wada,Both,Production/Processing,Kano-WOFAN,0,0,0,0,2400,2400,0,0,32,2400,0,0,0,0,0,0,0,d3006c84-0484-4228-92af-f84e3943a25a,tun07,28/10/2025 08:34
83fbc760-45f7-4f3e-abee-fb5f798c0135,83fbc760-45f7-4f3e-abee-fb5f798c0135,2025-10-22,,,1,,,faro44,2025-07-04,1,,,1,,,,,2025-10-20,2,2,10,---,---,---,---,2.0,195.0,---,---,1,,,,,,---,---,---,---,---,---,---,---,---,---,---,---,---,---,---,---,---,---,1,,,1,,,1,,,,,good farming,11.6042783,8.3077717,541.7,4.66,CT-TudCYYJ703,KUNGIYAR YAN KULI DA MAI YAR MARAYA,Kano,Tudun_Wada,Female,Production/Processing,Kano-WOFAN,0,0,0,0,14625,7313,0,0,195,14625,0,0,0,0,0,0,0,bd261df5-f3b8-442d-9cdf-cea7396bea1c,tun31,28/10/2025 08:35
1fcef315-13c2-40ff-9ab5-e22b1e77bc8a,1fcef315-13c2-40ff-9ab5-e22b1e77bc8a,2025-10-25,,1,,,,sammez63,2025-07-07,1,,,1,,,,,2025-10-07,2,2,11,---,---,2.0,158.0,---,---,---,---,1,,,,,,---,---,---,---,---,---,---,---,---,---,---,---,---,---,---,---,---,---,1,,,1,,,1,,,,,good farming,11.6042933,8.3077183,541.5,4.68,CT-TudBVO9Z25,Yaryasa cikin gari cluster,Kano,Tudun_Wada,Both,Production/Processing,Kano-WOFAN,0,0,15800,7900,0,0,0,0,158,15800,0,0,0,0,0,0,0,a1898f61-9721-43c3-9280-96d703fde0e0,tun31,28/10/2025 08:35
d23e2d53-3963-4294-b214-207f0ca9431d,d23e2d53-3963-4294-b214-207f0ca9431d,2025-10-27,,1,,,,Maize,2025-07-10,1,,,1,,,,,2025-10-11,1,60,11,---,---,1.0,100.0,---,---,---,---,,,1,,,,---,0.1,---,---,,,,,,,,,,1,,,,,1,,,1,,,1,,,,,Very good job,12.0591767,8.2729983,422.4,3.9,CT-RimYC9G823,YARO TASHIKA NEMA RIMIN GADO CLSUTER,Kano,Rimi_Gado,,Production,Kano-WOFAN,0,0,10000,10000,0,0,0,0,100,10000,0,10,0,0,0.1,10,0,68a82c8f-e69e-4969-8561-cf8d4c70fcc0,rig17,28/10/2025 08:38
be489857-1c2e-4b4a-8514-7332046076c5,be489857-1c2e-4b4a-8514-7332046076c5,2025-05-22,,,1,,,faro 68,2025-05-26,1,,,1,,,,,2025-05-26,1,1,12,---,---,---,---,1.0,85.0,---,---,1,,,,,,---,---,---,---,---,---,---,---,---,---,---,---,---,---,---,---,---,---,1,,,1,,,1,,,,,gud,11.7923439,8.8377782,516.8,3.79,CT-KirPQ06Y05,Yako agoro maketers,Kano,Kiru,Female,Production/Processing,Kano-WOFAN,0,0,0,0,6375,6375,0,0,85,6375,0,0,0,0,0,0,0,ed79e50e-2bf1-4bd6-a057-7c4fd11af504,kir02,28/10/2025 09:15
32497598-d04d-4c44-ba99-479ecb3d874f,32497598-d04d-4c44-ba99-479ecb3d874f,2025-10-28,,,1,,,Faro,2025-06-07,1,,,1,,,,,2025-05-22,2,2,12,---,---,---,---,2.0,12000.0,---,---,1,,,,,,---,---,---,---,---,---,---,---,---,---,---,---,---,---,---,---,---,---,,1,,1,,,1,,,,,"Everything is good, successfully",9.9357318,11.4451514,329.07,2.48,CT-KalSWS5Q12,Awak Pwd Clusters,Gombe,Kaltungo,,Production,Gombe-WOFAN,0,0,0,0,900000,450000,0,0,12000,900000,0,0,0,0,0,0,0,b21b3d26-bdee-4783-b8d2-969aba5d0e93,kal14,28/10/2025 09:23
1c2e1051-3f11-4c4a-8ac7-46b760235e20,1c2e1051-3f11-4c4a-8ac7-46b760235e20,2025-05-25,,,1,,,1,2025-07-28,1,,,1,,,,,2025-05-28,1,1,12,---,---,---,---,1.0,85.0,---,---,1,,,,,,---,---,---,---,---,---,---,---,---,---,---,---,---,---,---,---,---,---,1,,,1,,,1,,,,,gud,11.7921799,8.8377766,451.43,9.46,CT-KirSOCKK45,kiru Agor marketers cluster,Kano,Kiru,Female,Production/Processing,Kano-WOFAN,0,0,0,0,6375,6375,0,0,85,6375,0,0,0,0,0,0,0,f1dbafd6-6385-4189-9383-559edd5b28fb,kir02,28/10/2025 09:34
eeebab3f-a24d-46d7-934c-51f57e8212b6,eeebab3f-a24d-46d7-934c-51f57e8212b6,2025-09-30,,1,,,,Maize,2025-06-08,1,,,1,,,,,2025-09-30,2,2,12,---,---,2.0,140.0,---,---,---,---,1,,,,,,---,---,---,---,---,---,---,---,---,---,---,---,---,---,---,---,---,---,1,,,1,,,1,,,,,Very Good,10.2950582,10.9440369,704.85,0.94,CT-AkkL18IJ55,Kautal Hore Be Wallide Bula Association,Gombe,Akko,,Production,Gombe-WOFAN,0,0,14000,7000,0,0,0,0,140,14000,0,0,0,0,0,0,0,02ef1109-e464-4aa2-a924-260b28b701c1,akk01,28/10/2025 09:36
7f2b69ea-47a9-4df1-b1ec-c1d87672279f,7f2b69ea-47a9-4df1-b1ec-c1d87672279f,2025-05-20,,,1,,,faro 65,2025-05-28,1,,,1,,,,,2025-05-28,1,1,1,---,---,---,---,1.0,90.0,---,---,1,,,,,,---,---,---,---,---,---,---,---,---,---,---,---,---,---,---,---,---,---,1,,,1,,,1,,,,,gud,11.7921357,8.8376664,453.24,9.11,CT-BebUKYKL50,Rantan Agor marketers cluster,Kano,Bebeji,Male,Production/Processing,Kano-WOFAN,0,0,0,0,6750,6750,0,0,90,6750,0,0,0,0,0,0,0,9156ca6f-17b2-402f-86d8-18c929a1cf47,kir02,28/10/2025 09:36
33afa851-34bb-48a5-b17e-41f028ecde92,33afa851-34bb-48a5-b17e-41f028ecde92,2025-09-28,,1,,,,sammaz,2025-06-10,1,,,1,,,,,2025-09-28,2,2,12,---,---,2.0,170.0,---,---,---,---,1,,,,,,---,---,---,---,---,---,---,---,---,---,---,---,---,---,---,---,---,---,1,,,1,,,1,,,,,good,10.0463571,9.5971289,599.17,4.91,CT-DasTZU4152,bagel multipose cooperative society,Bauchi,Dass,,Production/Processing,Bauchi-WOFAN,0,0,17000,8500,0,0,0,0,170,17000,0,0,0,0,0,0,0,ff8679d3-6293-4e6a-90dd-4c331bffef6f,das09,28/10/2025 09:57
dbb10fbc-f564-4eec-9eac-b7a62dc17dc0,dbb10fbc-f564-4eec-9eac-b7a62dc17dc0,2025-10-08,,1,,,,sammaz,2025-06-07,1,,,1,,,,,2025-10-11,2,2,12,---,---,2.0,180.0,---,---,---,---,1,,,,,,---,---,---,---,---,---,---,---,---,---,---,---,---,---,---,---,---,---,1,,,1,,,1,,,,,good,10.0463413,9.5971082,600.89,1.46,CT-DasYXV7342,Bajar MUltipose cooperative society,Bauchi,Dass,,Production/Processing,Bauchi-WOFAN,0,0,18000,9000,0,0,0,0,180,18000,0,0,0,0,0,0,0,132c8d86-f398-4ec6-9c50-85dbdba35ea9,das09,28/10/2025 09:57
ac5f164f-5fa1-462f-8663-d6bd36c59f01,ac5f164f-5fa1-462f-8663-d6bd36c59f01,2025-07-12,,1,,,,masara,2025-07-10,1,,,1,,,,,2025-10-08,1,1,80,---,---,1.0,9.0,---,---,---,---,,,1,,,,---,2.0,---,---,1,,1,,,,,,,,,,,,1,,,1,,,,,,,,good,11.5699623,8.3864198,637.9,7.97,CT-Tud5VA2F31,Kofar Fada Cluster,Kano,Tudun_Wada,Female,Production/Processing,Kano-WOFAN,0,0,900,900,0,0,0,0,9,900,0,200,0,0,2,200,0,a317baf2-bb62-4ab9-8338-af3e2e27b361,tun11,28/10/2025 10:19
11fe433f-4471-45d7-8e10-93e971ab18b8,11fe433f-4471-45d7-8e10-93e971ab18b8,2025-07-11,,,1,,,paro,2025-07-13,1,,,1,,,,,2025-11-04,1,1,100,---,---,---,---,1.0,11.0,---,---,,,,1,,,---,---,3.0,---,,1,1,,,,,,,,,,,,1,,,1,,,1,,,,,good,11.5701694,8.3863728,636.2,5.4,CT-Tud5VA2F31,Kofar Fada Cluster,Kano,Tudun_Wada,Female,Production/Processing,Kano-WOFAN,0,0,0,0,825,825,0,0,11,825,0,0,225,0,3,225,0,a317baf2-bb62-4ab9-8338-af3e2e27b361,tun11,28/10/2025 10:19
972b799a-fd46-4c26-b02a-9140fb809878,972b799a-fd46-4c26-b02a-9140fb809878,2025-07-12,,1,,,,masara,2025-07-14,1,,,1,,,,,2025-11-08,1,1,100,---,---,1.0,8.0,---,---,---,---,,,1,,,,---,4.0,---,---,,,1,,,,,,,,,,,,1,,,1,,,1,,,,,good,11.5700124,8.3863357,636.1,4.93,CT-BebKN7BW46,Rahama youth cooperative,Kano,Bebeji,Female,Production/Processing,Kano-WOFAN,0,0,800,800,0,0,0,0,8,800,0,400,0,0,4,400,0,3aa2c733-0c47-4835-a59e-72c01c737516,tun11,28/10/2025 10:19
002e8f20-2afa-4500-a9b1-d5211967a07c,002e8f20-2afa-4500-a9b1-d5211967a07c,2025-09-25,,1,,,,Sammaz,2025-06-09,1,,,1,,,,,2025-09-25,2,2,13,---,---,2.0,170.0,---,---,---,---,1,,,,,,---,---,---,---,---,---,---,---,---,---,---,---,---,---,---,---,---,---,1,,,1,,,1,,,,,the cluster have a bumber harvest.,10.0463783,9.5972267,620.2,3.2,CT-DasHN1J059,Bagel pwd women farmers cooperative,Bauchi,Dass,,Production/Processing,Bauchi-WOFAN,0,0,17000,8500,0,0,0,0,170,17000,0,0,0,0,0,0,0,0eb74974-0967-451d-964e-6688a363dc10,das07,28/10/2025 10:42
c6da9372-091f-4e8f-8018-5dd5d85036f6,c6da9372-091f-4e8f-8018-5dd5d85036f6,2025-09-23,,1,,,,Sammaz,2025-06-08,1,,,1,,,,,2025-09-23,2,2,12,---,---,2.0,170.0,---,---,---,---,1,,,,,,---,---,---,---,---,---,---,---,---,---,---,---,---,---,---,---,---,---,1,,,1,,,1,,,,,Good Harvest and High yield is obtain,10.0463533,9.5972283,620.2,4.8,CT-DasYIZA841,Das pwd women farmers,Bauchi,Dass,,Production/Processing,Bauchi-WOFAN,0,0,17000,8500,0,0,0,0,170,17000,0,0,0,0,0,0,0,da6ad4b3-6db7-42d3-b938-86402026fd0b,das07,28/10/2025 10:42
2cc8a6da-53da-4b7f-a3a0-9c98ae829e84,2cc8a6da-53da-4b7f-a3a0-9c98ae829e84,2025-07-11,,,1,,,faro,2025-07-15,1,,,1,,,,,2025-10-04,1,1,50,---,---,---,---,1.0,9.0,---,---,,,,1,,,---,---,9.0,---,,1,1,,,,,,,,,,,,1,,,1,,,1,,,,,good,11.5701917,8.3863548,636.1,8.9,CT-KirCXF5C03,Kungiyar Guragu Dangora Cluster,Kano,Kiru,,Production,Kano-WOFAN,0,0,0,0,675,675,0,0,9,675,0,0,675,0,9,675,0,c954d666-0660-438a-b344-a146d8d2222a,beb21,28/10/2025 10:55
d9aa981f-ec40-49db-82e9-11c540ad5747,d9aa981f-ec40-49db-82e9-11c540ad5747,2025-07-10,,,1,,,faro,2025-07-12,1,,,1,,,,,2025-11-05,1,1,50,---,---,---,---,1.0,9.0,---,---,,,,1,,,---,---,4.0,---,,1,1,,,,,,,,,,,,1,,,1,,,1,,,,,good,11.5700217,8.3861467,528.9,4.4,CT-Kir5QM5701,Dangora Agro marketers Cluster,Kano,Kiru,,Production,Kano-WOFAN,0,0,0,0,675,675,0,0,9,675,0,0,300,0,4,300,0,4f56581f-c3d8-485f-b8a5-eeb1cc1f2f90,beb21,28/10/2025 10:55
9fd082f1-2fe2-48c0-a3e6-3661455e58f9,9fd082f1-2fe2-48c0-a3e6-3661455e58f9,2025-07-10,,,1,,,faro,2025-07-13,1,,,1,,,,,2025-11-05,1,1,50,---,---,---,---,1.0,10.0,---,---,,,,1,,,---,---,1.0,---,,1,1,,,,,,,,,,,,1,,,1,,,1,,,,,good,11.5700283,8.386125,529.0,4.2,CT-Beb9C8UP04,Kogo Fatan Alkairi Cluster,Kano,Bebeji,,Production,Kano-WOFAN,0,0,0,0,750,750,0,0,10,750,0,0,75,0,1,75,0,444e4b70-7e7b-4520-b436-40f766c23ee3,beb21,28/10/2025 10:55
0b6df0e6-0ce3-4e01-9140-c8ae0211a0b3,0b6df0e6-0ce3-4e01-9140-c8ae0211a0b3,2025-10-20,,,1,,,Rice,2025-10-20,1,,,1,,,,,2025-06-21,2,2,6,---,---,---,---,2.0,160.0,---,---,,,,1,,,---,---,0.3,---,,,,,,,,,,,,,1,,1,,,1,,,1,,,,,good,12.0471518,9.4225793,423.33,3.89,CT-JahEG2KV04,Dongulumin Sabo Disabled Women WOFAN multipurpose Cooperative,Jigawa,Jahun,Both,Production/Processing,Jigawa-WOFAN,0,0,0,0,12000,6000,0,0,160,12000,0,0,22.5,0,0.3,22.5,0,f40343f2-018f-4c2b-b81f-8c076f7dda59,jah44,28/10/2025 11:20
8675be35-bc1b-4ed6-85de-11cb8ab8a03f,8675be35-bc1b-4ed6-85de-11cb8ab8a03f,2025-10-16,,,1,,,Rice,2025-06-18,1,,,1,,,,,2025-10-19,2,2,5,---,---,---,---,2.0,155.0,---,---,,,,1,,,---,---,0.5,---,,,,,,,,,,,,,1,,1,,,1,,,1,,,,,good,12.0473258,9.4226966,378.28,3.87,CT-JahHG5GE46,Makkadari women disqble multipurpose Cooperative,Jigawa,Jahun,Both,Production/Processing,Jigawa-WOFAN,0,0,0,0,11625,5813,0,0,155,11625,0,0,37.5,0,0.5,37.5,0,17928328-2b8f-4bd5-8e7a-aa1417c27e7b,jah44,28/10/2025 11:20
a513af98-573c-4547-8c51-d2b58acc02bb,a513af98-573c-4547-8c51-d2b58acc02bb,2025-10-18,,,1,,,Rice,2025-06-13,1,,,1,,,,,2025-10-14,2,2,6,---,---,---,---,2.0,155.0,---,---,,,,1,,,---,---,0.5,---,,,,,,,,,,,,,1,,1,,,1,,,1,,,,,good,12.0473701,9.4229491,389.43,3.86,CT-JahKZ58126,Miyati Allah women Disable multipurpose Cooperative,Jigawa,Jahun,Both,Production/Processing,Jigawa-WOFAN,0,0,0,0,11625,5813,0,0,155,11625,0,0,37.5,0,0.5,37.5,0,39a0ec00-f11f-4585-9a09-1b0d9dbec518,jah44,28/10/2025 11:20
b8c0251a-72a5-4887-94cb-eb73b4293565,b8c0251a-72a5-4887-94cb-eb73b4293565,2025-10-22,,,1,,,Faro,2025-06-07,1,,,1,,,,,2025-09-20,2,2,13,---,---,---,---,2.0,160.0,---,---,1,,,,,,---,---,---,---,---,---,---,---,---,---,---,---,---,---,---,---,---,---,1,,,1,,,1,,,,,Good,10.2905,9.800655,621.5,4.59,CT-BauFPMYP27,Mararraba liman katagun women with disabilities multipurpose cooperative society limited,Bauchi,Bauchi,,Production,Bauchi-WOFAN,0,0,0,0,12000,6000,0,0,160,12000,0,0,0,0,0,0,0,bb422cf5-4f62-45e1-97d6-7dabea02b1a4,bau17,28/10/2025 12:23
f34dee6e-7205-4a01-b773-70fd7fb638cd,f34dee6e-7205-4a01-b773-70fd7fb638cd,2025-09-28,,1,,,,maize,2025-06-07,1,,,1,,,,,2025-10-28,2,140,12,---,---,2.0,140.0,---,---,---,---,1,,,,,,---,---,---,---,---,---,---,---,---,---,---,---,---,---,---,---,---,---,1,,,1,,,1,,,,,good,9.7577675,9.5515932,690.46,3.13,CT-TafL3JL645,Puji women with disability  multipurpose cooperative,Bauchi,Tafawa_Balewa,,Production,Bauchi-WOFAN,0,0,14000,7000,0,0,0,0,140,14000,0,0,0,0,0,0,0,ce5c0d69-000d-4234-a46b-55cff90cb812,taf02,28/10/2025 12:27
dc16c129-855e-4c31-9c22-9de5e93f234e,dc16c129-855e-4c31-9c22-9de5e93f234e,2025-09-13,,,1,,,faro 67,2025-06-01,1,,,1,,,,,2025-09-25,2,85,12,---,---,---,---,2.0,85.0,---,---,1,,,,,,---,---,---,---,---,---,---,---,---,---,---,---,---,---,---,---,---,---,1,,,1,,,1,,,,,ok,12.3362801,9.4866829,386.87,1.01,CT-TauS58GO46,Yau da gobe sai allah disability group,Jigawa,Taura,,Production/Processing,Jigawa-WOFAN,0,0,0,0,6375,3188,0,0,85,6375,0,0,0,0,0,0,0,c4641c7e-2687-45cb-9f2b-f08a35fafb85,tau24,28/10/2025 12:28
574bbc4a-3146-4129-a53e-9b751fdb9886,574bbc4a-3146-4129-a53e-9b751fdb9886,2025-09-13,,,1,,,faro 67,2025-06-01,1,,,1,,,,,2025-09-27,2,85,12,---,---,---,---,2.0,85.0,---,---,1,,,,,,---,---,---,---,---,---,---,---,---,---,---,---,---,---,---,---,---,---,1,,,1,,,1,,,,,ok,12.3377579,9.4813864,401.35,0.79,CT-TauU59EZ33,Tashi intaimakeka disability association B,Jigawa,Taura,,Production/Processing,Jigawa-WOFAN,0,0,0,0,6375,3188,0,0,85,6375,0,0,0,0,0,0,0,3ced8cb7-1a7a-4567-ba37-ed21b2e0edec,tau24,28/10/2025 12:28
dce107d6-8629-4ed7-a350-0806d90ecf49,dce107d6-8629-4ed7-a350-0806d90ecf49,2025-09-28,,1,,,,maize,2025-06-09,1,,,1,,,,,2025-10-16,2,140,12,---,---,2.0,140.0,---,---,---,---,1,,,,,,---,---,---,---,---,---,---,---,---,---,---,---,---,---,---,---,---,---,1,,,1,,,1,,,,,good,9.7577583,9.55159,689.92,1.61,CT-TafFOHE221,Tafawa balewa women With Disability multipurpose cooperative society limited,Bauchi,Tafawa_Balewa,,Production,Bauchi-WOFAN,0,0,14000,7000,0,0,0,0,140,14000,0,0,0,0,0,0,0,8a29ec45-5c70-442a-a43e-063165d76594,taf02,28/10/2025 12:30
a6105c5d-22c3-46b1-b32e-b44722616ea3,a6105c5d-22c3-46b1-b32e-b44722616ea3,2025-10-24,,,1,,,Rice faro 67,2025-06-25,1,,,1,,,,,2025-10-24,2,2,12,---,---,---,---,2.0,95.0,---,---,1,,,,,,---,---,---,---,---,---,---,---,---,---,---,---,---,---,---,---,---,---,1,,,1,,,1,,,,,I advised the farmers to store the poduct in a suitable place to avoid damages,11.5695144,8.3854469,510.8,1.13,CT-BebPSA7925,Anadariya women youth cooperative,Kano,Bebeji,Female,Production/Processing,Kano-WOFAN,0,0,0,0,7125,3563,0,0,95,7125,0,0,0,0,0,0,0,08e37d82-6666-4209-b42c-5d3a2927f689,tun23,28/10/2025 13:27
8255da10-501b-4a98-8ad1-9fba2a27d854,8255da10-501b-4a98-8ad1-9fba2a27d854,2025-10-24,,1,,,,SAMMEZ 63,2025-06-29,1,,,1,,,,,2025-10-24,2,2,12,---,---,2.0,75.0,---,---,---,---,1,,,,,,---,---,---,---,---,---,---,---,---,---,---,---,---,---,---,---,---,---,1,,,1,,,1,,,,,I advised the farmers to store the poduct in a suitable place to avoid damages,11.5695476,8.3855461,531.7,1.27,CT-BebCM9CY58,Nasara farmers B,Kano,Bebeji,Female,Production/Processing,Kano-WOFAN,0,0,7500,3750,0,0,0,0,75,7500,0,0,0,0,0,0,0,77940d00-4c2d-4037-ba4b-38765bac443e,tun23,28/10/2025 13:29
8b94011f-43d1-47c6-8240-9ced17912025,8b94011f-43d1-47c6-8240-9ced17912025,2025-10-24,,,1,,,RICE FARO 67,2025-06-28,1,,,1,,,,,2025-10-24,2,2,12,---,---,---,---,2.0,97.0,---,---,1,,,,,,---,---,---,---,---,---,---,---,---,---,---,---,---,---,---,---,---,---,1,,,1,,,1,,,,,I advised the farmers to store the poduct in a suitable place to avoid damages,11.5695461,8.385545,531.46,1.34,CT-BebKN7BW46,Rahama youth cooperative,Kano,Bebeji,Female,Production/Processing,Kano-WOFAN,0,0,0,0,7275,3638,0,0,97,7275,0,0,0,0,0,0,0,3aa2c733-0c47-4835-a59e-72c01c737516,tun23,28/10/2025 13:31
db7cf082-e5df-461b-9b5d-697e9469dc6a,db7cf082-e5df-461b-9b5d-697e9469dc6a,2025-10-24,,,1,,,FARO 44,2025-06-25,1,,,1,,,,,2025-10-25,2,2,12,---,---,---,---,2.0,98.0,---,---,1,,,,,,---,---,---,---,---,---,---,---,---,---,---,---,---,---,---,---,---,---,1,,,1,,,1,,,,,I advised the farmers to store the poduct in a suitable place to avoid damages,11.5695461,8.3855454,531.33,2.83,CT-BebFPX9039,small medium Association,Kano,Bebeji,Female,Production/Processing,Kano-WOFAN,0,0,0,0,7350,3675,0,0,98,7350,0,0,0,0,0,0,0,2a14d136-8e11-4442-89fd-c71d1f7abe81,tun23,28/10/2025 13:33
284c6024-cfc9-420c-8676-c1c98f6b29d8,284c6024-cfc9-420c-8676-c1c98f6b29d8,2025-10-24,,1,,,,Sammez 61,2025-06-28,1,,,1,,,,,2025-10-21,2,2,1,---,---,2.0,89.0,---,---,---,---,1,,,,,,---,---,---,---,---,---,---,---,---,---,---,---,---,---,---,---,---,---,,1,,1,,,1,,,,,good,11.6505442,8.4463092,508.14,0.95,CT-GarRWGGG56,Mudawa Yan Suya (soye soye),Kano,Garum_Mallam,,Production,Kano-WOFAN,0,0,8900,4450,0,0,0,0,89,8900,0,0,0,0,0,0,0,a5c2e0df-e2e2-4aba-9749-214c1c10d80b,bun12,28/10/2025 14:57
69c571ad-9ceb-42c4-9ba5-4e1a0695a037,69c571ad-9ceb-42c4-9ba5-4e1a0695a037,2025-10-24,,,1,,,faro44,2025-07-06,1,,,1,,,,,2025-10-23,2,2,1,---,---,---,---,2.0,175.0,---,---,1,,,,,,---,---,---,---,---,---,---,---,---,---,---,---,---,---,---,---,---,---,,1,,1,,,1,,,,,Good luck,11.6505067,8.4463164,499.35,4.08,CT-Gar6X2OW19,Mudawa Farmers cooperative B,Kano,Garum_Mallam,,Production/Processing,Kano-WOFAN,0,0,0,0,13125,6563,0,0,175,13125,0,0,0,0,0,0,0,e8f8f91d-2fcb-4516-9bca-66fe5a4cc08c,bun12,28/10/2025 14:57
7afb9f15-7aac-4d50-bb54-7a481c398d0f,7afb9f15-7aac-4d50-bb54-7a481c398d0f,2025-10-24,,,1,,,faro44,2025-07-03,1,,,1,,,,,2025-10-22,2,2,1,---,---,---,---,2.0,175.0,---,---,1,,,,,,---,---,---,---,---,---,---,---,---,---,---,---,---,---,---,---,---,---,,1,,1,,,1,,,,,Good luck,11.6504745,8.4463124,500.7,0.51,CT-Gar6X2OW19,Mudawa Farmers cooperative B,Kano,Garum_Mallam,,Production/Processing,Kano-WOFAN,0,0,0,0,13125,6563,0,0,175,13125,0,0,0,0,0,0,0,e8f8f91d-2fcb-4516-9bca-66fe5a4cc08c,bun12,28/10/2025 14:57
a6197c15-5eb6-4699-828b-41844e351ada,a6197c15-5eb6-4699-828b-41844e351ada,2025-10-18,,,1,,,Rice,2025-07-18,1,,,1,,,,,2025-10-18,1,1,0,---,---,---,---,1.0,119.0,---,---,,,,1,,,---,---,1.0,---,,,,,,,,,,,,,1,,1,,,1,,,1,,,,,Good,12.056865,8.2773573,463.58,4.87,CT-RimYC9G823,YARO TASHIKA NEMA RIMIN GADO CLSUTER,Kano,Rimi_Gado,,Production,Kano-WOFAN,0,0,0,0,8925,8925,0,0,119,8925,0,0,75,0,1,75,0,68a82c8f-e69e-4969-8561-cf8d4c70fcc0,rig05,28/10/2025 15:32
82dbd623-83ae-41d8-87d5-364299c57446,82dbd623-83ae-41d8-87d5-364299c57446,2025-06-08,,,1,,,Rice,2025-06-09,1,,,1,,,,,2025-06-09,2,2,75,---,---,---,---,2.0,75.0,---,---,,,,1,,,---,---,45.0,---,,,,,,,,,,,,1,,,1,,,1,,,1,,,,,very good,11.6346433,8.4918117,511.7,2.2,CT-GarQXM1M38,Mudawa Dogaro Dakai Women Development Association Limited,Kano,Garum_Mallam,,Production/Processing,Kano-WOFAN,0,0,0,0,5625,2813,0,0,75,5625,0,0,3375,0,45,3375,0,4e5a52c3-edee-4ee7-816a-a2a807b51b3e,bun03,28/10/2025 15:38
8a77ca2d-100e-4a6d-90b9-9c1d42127fcc,8a77ca2d-100e-4a6d-90b9-9c1d42127fcc,2025-06-20,,,1,,,rice,2025-06-23,1,,,1,,,,,2025-06-09,2,2,75,---,---,---,---,2.0,75.0,---,---,,,,1,,,---,---,45.0,---,,,,,,,,,,,,1,,,1,,,1,,,1,,,,,very nice,11.6344567,8.4919433,511.6,3.4,CT-GarUX67D29,Isa wali emporworment,Kano,Garum_Mallam,,Production,Kano-WOFAN,0,0,0,0,5625,2813,0,0,75,5625,0,0,3375,0,45,3375,0,5b37c4ad-93ac-4f45-91eb-4d8634e16fc6,bun03,28/10/2025 15:40
e603d2b6-3e67-48e9-a1a8-2d753e067b6c,e603d2b6-3e67-48e9-a1a8-2d753e067b6c,2025-06-12,,,1,,,Rice,2025-06-16,1,,,1,,,,,2025-06-10,2,2,75,---,---,---,---,2.0,75.0,---,---,,,,1,,,---,---,45.0,---,,,,,,,,1,,,,,,,1,,,1,,,1,,,,,good,11.6345733,8.4918817,512.7,2.6,CT-GarUX67D29,Isa wali emporworment,Kano,Garum_Mallam,,Production,Kano-WOFAN,0,0,0,0,5625,2813,0,0,75,5625,0,0,3375,0,45,3375,0,5b37c4ad-93ac-4f45-91eb-4d8634e16fc6,bun03,28/10/2025 15:43
bb2796c1-5ced-48aa-ae73-267a86936091,bb2796c1-5ced-48aa-ae73-267a86936091,2025-10-26,,1,,,,Maize,2025-06-09,1,,,1,,,,,2025-10-24,1,1,14,---,---,1.0,80.0,---,---,---,---,,,1,,,,---,5.0,---,---,,,,,,,,,,,,1,,,1,,,1,,,1,,,,,good work,12.0527809,8.2734689,542.69,3.41,CT-RimULM5Z53,JANGUZA DIS ABLE AGRO MARKETING AND FERMING,Kano,Rimi_Gado,,Production,Kano-WOFAN,0,0,8000,8000,0,0,0,0,80,8000,0,500,0,0,5,500,0,5ea7d755-9ac2-4df7-92e8-2169e131074d,tof71,28/10/2025 16:02
33a975b7-f64d-4586-8360-c30193a481e9,33a975b7-f64d-4586-8360-c30193a481e9,2025-06-19,,,1,,,rice,2025-06-28,1,,,1,,,,,2025-06-28,2,2,75,---,---,---,---,2.0,45.0,---,---,,,,1,,,---,---,10.0,---,,,,,,,,,,,1,,,,1,,,1,,,1,,,,,good,11.6352117,8.494055,510.1,1.7,CT-GarUX67D29,Isa wali emporworment,Kano,Garum_Mallam,,Production,Kano-WOFAN,0,0,0,0,3375,1688,0,0,45,3375,0,0,750,0,10,750,0,5b37c4ad-93ac-4f45-91eb-4d8634e16fc6,bun03,28/10/2025 16:03
0a9c6e2b-f65b-4d56-b7b8-5490eb2530a8,0a9c6e2b-f65b-4d56-b7b8-5490eb2530a8,2025-06-16,,,1,,,maize,2025-06-28,1,,,1,,,,,2025-06-28,2,2,75,---,---,---,---,2.0,45.0,---,---,,,1,,,,---,8.0,---,---,,,,,,,,,,1,,,,,1,,,1,,,1,,,,,good,11.6351267,8.49403,511.8,2.6,CT-Gar2FBHU45,Kadawa mini marketers cluster,Kano,Garum_Mallam,Both,Production/Processing,Kano-WOFAN,0,0,0,0,3375,1688,0,0,45,3375,0,800,0,0,8,800,0,19979353-e92d-4169-b5a8-c3f143a53db4,bun03,28/10/2025 16:03
602bbc4a-d450-4b51-9b68-1a66dd0d635f,602bbc4a-d450-4b51-9b68-1a66dd0d635f,2025-06-28,,,1,,,🌽 maize,2025-06-24,1,,,1,,,,,2025-06-16,2,2,75,---,---,---,---,2.0,45.0,---,---,,,1,,,,---,10.0,---,---,,,,,,,,,,,,1,,,1,,,1,,,1,,,,,good,11.6350883,8.4939783,512.0,4.65,CT-Gar09VZD26,kofar gabas mudawa dis able,Kano,Garum_Mallam,,Production,Kano-WOFAN,0,0,0,0,3375,1688,0,0,45,3375,0,1000,0,0,10,1000,0,af2c2785-29bd-436a-9214-f123b1ec4e99,bun03,28/10/2025 16:03
f1a87da0-7075-4bae-aba8-514fe1ee075a,f1a87da0-7075-4bae-aba8-514fe1ee075a,2025-10-22,,1,,,,Maize,2025-07-26,1,,,1,,,,,2025-07-26,2,2,0,---,---,2.0,133.0,---,---,---,---,,,1,,,,---,2.0,---,---,,,,,,,,,,,,,1,,1,,,1,,,1,,,,,Good,12.0569691,8.2769114,576.23,3.82,CT-RimYC9G823,YARO TASHIKA NEMA RIMIN GADO CLSUTER,Kano,Rimi_Gado,,Production,Kano-WOFAN,0,0,13300,6650,0,0,0,0,133,13300,0,200,0,0,2,200,0,68a82c8f-e69e-4969-8561-cf8d4c70fcc0,rig05,28/10/2025 16:03
9a0684a0-1bcd-4343-98c5-0c2fdd86981f,9a0684a0-1bcd-4343-98c5-0c2fdd86981f,2025-10-16,,1,,,,Maize,2025-06-15,1,,,1,,,,,2025-10-23,2,2,10,---,---,2.0,60.0,---,---,---,---,1,,,,,,---,---,---,---,---,---,---,---,---,---,---,---,---,---,---,---,---,---,,1,,1,,,1,,,,,Very good,11.6679452,8.4149689,533.95,2.4,CT-Kur1W92N34,Danhassan Sabon Fegi Cluster,Kano,Kura,Both,Production/Processing,Kano-WOFAN,0,0,6000,3000,0,0,0,0,60,6000,0,0,0,0,0,0,0,f4749019-c4d3-4de6-8962-60bf6a43a0bc,gmm48,28/10/2025 16:14
381a62d8-b839-4fb7-8dae-f6502a8fd718,381a62d8-b839-4fb7-8dae-f6502a8fd718,2025-10-14,,,1,,,Rice,2025-06-05,1,,,1,,,,,2025-10-28,2,2,11,---,---,---,---,2.0,90.0,---,---,1,,,,,,---,---,---,---,---,---,---,---,---,---,---,---,---,---,---,---,---,---,,1,,1,,,1,,,,,Excellent,11.6678984,8.4147649,576.9,1.71,CT-Kur1W92N34,Danhassan Sabon Fegi Cluster,Kano,Kura,Both,Production/Processing,Kano-WOFAN,0,0,0,0,6750,3375,0,0,90,6750,0,0,0,0,0,0,0,f4749019-c4d3-4de6-8962-60bf6a43a0bc,gmm48,28/10/2025 16:14
f6dc0d15-3712-4a42-9b5a-e4c845aff8d9,f6dc0d15-3712-4a42-9b5a-e4c845aff8d9,2025-10-27,,1,,,,maize,2025-06-03,1,,,1,,,,,2025-10-24,,2,11,---,---,2.0,65.0,---,---,---,---,1,,,,,,---,---,---,---,---,---,---,---,---,---,---,---,---,---,---,---,---,---,,1,,1,,,1,,,,,Excellent,11.6678292,8.4149036,752.31,1.37,CT-KurN870C41,DAN HASSAN SINTILI CLUSTER,Kano,Kura,Female,Production/Processing,Kano-WOFAN,0,0,6500,3250,0,0,0,0,65,6500,0,0,0,0,0,0,0,8300a47d-010c-4c6e-8d42-5d3969f44cb1,gmm48,28/10/2025 16:14
d406a5cc-6466-46b4-adc5-b73744563537,d406a5cc-6466-46b4-adc5-b73744563537,2025-10-26,,,1,,,rice,2025-06-05,1,,,1,,,,,2025-10-25,2,2,10,---,---,---,---,2.0,100.0,---,---,1,,,,,,---,---,---,---,---,---,---,---,---,---,---,---,---,---,---,---,---,---,,1,,1,,,1,,,,,Good,11.6678232,8.4149047,751.91,2.24,CT-KurN870C41,DAN HASSAN SINTILI CLUSTER,Kano,Kura,Female,Production/Processing,Kano-WOFAN,0,0,0,0,7500,3750,0,0,100,7500,0,0,0,0,0,0,0,8300a47d-010c-4c6e-8d42-5d3969f44cb1,gmm48,28/10/2025 16:14
e3ef3478-179d-4731-a3a0-3ea59b2a251d,e3ef3478-179d-4731-a3a0-3ea59b2a251d,2025-09-13,,1,,,,zee maize,2025-06-01,1,,,1,,,,,2025-09-25,2,85,12,---,---,2.0,85.0,---,---,---,---,1,,,,,,---,---,---,---,---,---,---,---,---,---,---,---,---,---,---,---,---,---,1,,,1,,,1,,,,,ok,12.327,9.4641254,408.67,0.8,CT-TauFI6H600,Disability i disability,Jigawa,Taura,,Production/Processing,Jigawa-WOFAN,0,0,8500,4250,0,0,0,0,85,8500,0,0,0,0,0,0,0,297e7613-ab23-4011-ac4f-96559bf4c6b1,tau24,28/10/2025 16:45
284f9b4c-4b53-4e4e-9bf3-93972172e6d0,284f9b4c-4b53-4e4e-9bf3-93972172e6d0,2025-09-25,,1,,,,zss maize,2025-06-02,1,,,1,,,,,2025-09-25,2,85,12,---,---,2.0,85.0,---,---,---,---,1,,,,,,---,---,---,---,---,---,---,---,---,---,---,---,---,---,---,---,---,---,1,,,1,,,1,,,,,ok,12.3270232,9.464144,406.05,0.74,CT-TauBLIZQ38,Sabangari gabas disability,Jigawa,Taura,,Production/Processing,Jigawa-WOFAN,0,0,8500,4250,0,0,0,0,85,8500,0,0,0,0,0,0,0,df17ffed-87cb-4669-ad3d-4cf7e5c8e974,tau24,28/10/2025 16:45
7738c6a0-deed-44f6-b1dd-945c7e1a9a05,7738c6a0-deed-44f6-b1dd-945c7e1a9a05,2025-10-23,,,1,,,faro67,2025-06-28,1,,,1,,,,,2025-10-23,1,1,10,---,---,---,---,1.0,100.0,---,---,1,,,,,,---,---,---,---,---,---,---,---,---,---,---,---,---,---,---,---,---,---,1,,,1,,,1,,,,,excellent,11.6626225,8.2609768,538.4,4.78,CT-TudI6VXM21,Sumana cluster 2,Kano,Tudun_Wada,Both,Production/Processing,Kano-WOFAN,0,0,0,0,7500,7500,0,0,100,7500,0,0,0,0,0,0,0,d3006c84-0484-4228-92af-f84e3943a25a,tun04,28/10/2025 16:48
e4e335e4-7bdc-476e-908a-6acc09648ba2,e4e335e4-7bdc-476e-908a-6acc09648ba2,2025-10-27,,1,,,,maize sammez 61,2025-06-10,1,,,1,,,,,2025-08-26,1,1,12,---,---,1.0,70.0,---,---,---,---,1,,,,,,---,---,---,---,---,---,---,---,---,---,---,---,---,---,---,---,---,---,,1,,1,,,1,,,,,Excellent,11.55873,8.5820817,541.29,4.9,CT-BebZM4RX19,sabon gari woman produce markiting,Kano,Bebeji,Female,Production/Processing,Kano-WOFAN,0,0,7000,7000,0,0,0,0,70,7000,0,0,0,0,0,0,0,0f39c3bc-f64f-4ac0-98af-d83d216659c3,tun05,28/10/2025 16:48
1b78630f-cb64-4323-9348-aecff8a8927c,1b78630f-cb64-4323-9348-aecff8a8927c,2025-10-22,,,1,,,faro67,2025-06-17,1,,,1,,,,,2025-10-22,1,1,10,---,---,---,---,1.0,120.0,---,---,1,,,,,,---,---,---,---,---,---,---,---,---,---,---,---,---,---,---,---,---,---,1,,,1,,,1,,,,,excellent,11.6626225,8.2609476,538.1,4.62,CT-TudLECAY44,Youth Casava Sellers Multipurpose Cooperative Society Limited,Kano,Tudun_Wada,Female,Production/Processing,Kano-WOFAN,0,0,0,0,9000,9000,0,0,120,9000,0,0,0,0,0,0,0,0a0aca39-f953-4e2b-b474-22acbe50f7da,tun04,28/10/2025 16:50
48014c33-93b2-4c73-8076-e07afc3c8222,48014c33-93b2-4c73-8076-e07afc3c8222,2025-10-25,,,1,,,1,2025-10-25,1,,,1,,,,,2025-10-25,1,1,10,---,---,---,---,1.0,110.0,---,---,1,,,,,,---,---,---,---,---,---,---,---,---,---,---,---,---,---,---,---,---,---,1,,,1,,,1,,,,,good job,11.6626201,8.2609401,538.2,4.4,CT-TudNLR2N42,Yaryasa Zumunta and agro allied community multipurpose cooperative society limited,Kano,Tudun_Wada,Both,Production/Processing,Kano-WOFAN,0,0,0,0,8250,8250,0,0,110,8250,0,0,0,0,0,0,0,aacddb05-6cd0-475c-9ef7-482a6d7b7cc0,tun04,28/10/2025 16:51
42a07f87-d4ea-41ae-9e31-24863a3eb321,42a07f87-d4ea-41ae-9e31-24863a3eb321,2025-10-24,,,1,,,faro67,2025-06-16,1,,,1,,,,,2025-10-24,1,1,10,---,---,---,---,1.0,110.0,---,---,1,,,,,,---,---,---,---,---,---,---,---,---,---,---,---,---,---,---,---,---,---,1,,,1,,,1,,,,,excellent,11.6626352,8.2609402,538.1,4.8,CT-TudKTN7D11,TUDUN WADA HIMMA RICE PROCESSORS,Kano,Tudun_Wada,Female,Production/Processing,Kano-WOFAN,0,0,0,0,8250,8250,0,0,110,8250,0,0,0,0,0,0,0,751771fa-3154-4318-8bbf-085369f48288,tun04,28/10/2025 16:53
009fe83d-fb49-4248-8397-9c9cefa8767d,009fe83d-fb49-4248-8397-9c9cefa8767d,2025-10-24,,,1,,,faro67,2025-06-18,1,,,1,,,,,2025-10-26,1,1,10,---,---,---,---,1.0,110.0,---,---,1,,,,,,---,---,---,---,---,---,---,---,---,---,---,---,---,---,---,---,---,---,1,,,1,,,1,,,,,excellent,11.66264,8.260945,538.1,5.0,CT-TudD8OEW58,TUDUN WADA DANKADAI RICE PROCESSORS,Kano,Tudun_Wada,Female,Production/Processing,Kano-WOFAN,0,0,0,0,8250,8250,0,0,110,8250,0,0,0,0,0,0,0,6ce31b57-44f3-4597-9a09-9e3cfa1c6275,tun04,28/10/2025 16:54
ebf67b4f-8e8a-4e5c-a498-2cfd5bb44ee5,ebf67b4f-8e8a-4e5c-a498-2cfd5bb44ee5,2025-06-22,,1,,,,maize,2025-06-25,1,,,1,,,,,2025-10-10,2,2,3,---,---,2.0,95.0,---,---,---,---,1,,,,,,---,---,---,---,---,---,---,---,---,---,---,---,---,---,---,---,---,---,1,,,1,,,1,,,,,good,11.774551,8.4318544,505.6,1.7,CT-Gar4QOLD56,Barnawa cluster A,Kano,Garum_Mallam,Female,Production/Processing,Kano-WOFAN,0,0,9500,4750,0,0,0,0,95,9500,0,0,0,0,0,0,0,d785f21d-bb5e-4d96-9b05-3ed0d9cbbf1f,bun07,28/10/2025 17:51
5a8beb31-2617-4676-a0c8-0b12cdb84c02,5a8beb31-2617-4676-a0c8-0b12cdb84c02,2025-06-20,,,1,,,rice,2025-07-01,1,,,1,,,,,2025-10-10,2,2,2,---,---,---,---,2.0,185.0,---,---,1,,,,,,---,---,---,---,---,---,---,---,---,---,---,---,---,---,---,---,---,---,1,,,1,,,1,,,,,good,11.774541,8.4319127,504.38,0.74,CT-Gar5587N48,Dawakin kudu matan tasa Masu sana'a Cooperative Society Limited,Kano,Garum_Mallam,,Production/Processing,Kano-WOFAN,0,0,0,0,13875,6938,0,0,185,13875,0,0,0,0,0,0,0,6d16f8e1-c300-49a0-b21e-2a6820ab40b5,bun07,28/10/2025 17:51
f02bf9ec-1dab-4bc5-9cc4-fb6138f084d1,f02bf9ec-1dab-4bc5-9cc4-fb6138f084d1,2025-06-21,,1,,,,maize,2025-07-02,1,,,1,,,,,2025-10-11,2,2,4,---,---,2.0,105.0,---,---,---,---,1,,,,,,---,---,---,---,---,---,---,---,---,---,---,---,---,---,---,---,---,---,1,,,1,,,1,,,,,good,11.7744635,8.4319253,503.49,1.04,CT-Gar5587N48,Dawakin kudu matan tasa Masu sana'a Cooperative Society Limited,Kano,Garum_Mallam,,Production/Processing,Kano-WOFAN,0,0,10500,5250,0,0,0,0,105,10500,0,0,0,0,0,0,0,6d16f8e1-c300-49a0-b21e-2a6820ab40b5,bun07,28/10/2025 17:51
e6b1fb99-939f-45ee-ab88-64b33aca2277,e6b1fb99-939f-45ee-ab88-64b33aca2277,2025-06-20,,1,,,,maize,2025-06-25,1,,,1,,,,,2025-10-18,2,2,2,---,---,2.0,95.0,---,---,---,---,1,,,,,,---,---,---,---,---,---,---,---,---,---,---,---,---,---,---,---,---,---,1,,,1,,,1,,,,,good,11.7744869,8.4319303,500.78,0.91,CT-GarABFWP18,Garun Mallam Disable Cluster A,Kano,Garum_Mallam,,Production,Kano-WOFAN,0,0,9500,4750,0,0,0,0,95,9500,0,0,0,0,0,0,0,4410b621-2686-4075-8d4a-3b475da97622,bun07,28/10/2025 17:51
82c2b7d6-712f-4345-ad0c-65a42ee62d62,82c2b7d6-712f-4345-ad0c-65a42ee62d62,2025-06-23,,,1,,,rice,2025-07-03,1,,,1,,,,,2025-10-20,2,2,1,---,---,---,---,2.0,195.0,---,---,1,,,,,,---,---,---,---,---,---,---,---,---,---,---,---,---,---,---,---,---,---,1,,,1,,,1,,,,,good,11.7744902,8.4319347,500.43,1.3,CT-GarABFWP18,Garun Mallam Disable Cluster A,Kano,Garum_Mallam,,Production,Kano-WOFAN,0,0,0,0,14625,7313,0,0,195,14625,0,0,0,0,0,0,0,4410b621-2686-4075-8d4a-3b475da97622,bun07,28/10/2025 17:51
0389e5e5-f179-4717-80aa-3780f6f9aede,0389e5e5-f179-4717-80aa-3780f6f9aede,2025-06-20,,1,,,,maize,2025-06-25,1,,,1,,,,,2025-10-10,2,2,2,---,---,2.0,100.0,---,---,---,---,1,,,,,,---,---,---,---,---,---,---,---,---,---,---,---,---,---,---,---,---,---,1,,,1,,,1,,,,,good,11.7744833,8.4319265,501.35,1.28,CT-GarBXYGR19,Garun Mallam Disable Cluster B,Kano,Garum_Mallam,,Production,Kano-WOFAN,0,0,10000,5000,0,0,0,0,100,10000,0,0,0,0,0,0,0,10f80879-dd67-463b-ad69-f3a9316640b5,bun07,28/10/2025 17:51
d43ff9a9-6f1d-4865-8c13-cb76f6d451ae,d43ff9a9-6f1d-4865-8c13-cb76f6d451ae,2025-06-23,,,1,,,rice,2025-07-01,1,,,1,,,,,2025-10-15,2,2,3,---,---,---,---,2.0,120.0,---,---,1,,,,,,---,---,---,---,---,---,---,---,---,---,---,---,---,---,---,---,---,---,1,,,1,,,1,,,,,good,11.7745428,8.4318344,506.83,0.83,CT-GarBXYGR19,Garun Mallam Disable Cluster B,Kano,Garum_Mallam,,Production,Kano-WOFAN,0,0,0,0,9000,4500,0,0,120,9000,0,0,0,0,0,0,0,10f80879-dd67-463b-ad69-f3a9316640b5,bun07,28/10/2025 17:51
784b7581-f3ee-465c-98f6-f3229a486d6c,784b7581-f3ee-465c-98f6-f3229a486d6c,2025-06-20,,,1,,,rice,2025-06-26,1,,,1,,,,,2025-10-10,2,2,2,---,---,---,---,2.0,180.0,---,---,1,,,,,,---,---,---,---,---,---,---,---,---,---,---,---,---,---,---,---,---,---,1,,,1,,,1,,,,,good,11.7745178,8.4318518,505.54,0.84,CT-Gar4QOLD56,Barnawa cluster A,Kano,Garum_Mallam,Female,Production/Processing,Kano-WOFAN,0,0,0,0,13500,6750,0,0,180,13500,0,0,0,0,0,0,0,d785f21d-bb5e-4d96-9b05-3ed0d9cbbf1f,bun07,28/10/2025 17:51
127302f7-1364-419c-93c8-cd866ffd3b81,127302f7-1364-419c-93c8-cd866ffd3b81,2025-10-25,,,1,,,Faro 64,2025-06-22,1,,,1,,,,,2025-10-25,2,2,95,---,---,---,---,2.0,162.0,---,---,1,,,,,,---,---,---,---,---,---,---,---,---,---,---,---,---,---,---,---,---,---,,1,,1,,,1,,,,,okay,12.1269403,9.5141614,384.9,4.74,CT-JahZLDS011,Kungiyar Mata Masu Bukata ta Musamman Harbo/Taraya.,Jigawa,Jahun,Female,Production/Processing,Jigawa-WOFAN,0,0,0,0,12150,6075,0,0,162,12150,0,0,0,0,0,0,0,d146629a-eae3-4d66-9463-0eac0f43140b,jah61,28/10/2025 18:02
43f44cef-30e9-4dfa-ba19-ff19afcad52e,43f44cef-30e9-4dfa-ba19-ff19afcad52e,2025-10-25,,,1,,,Faro 64,2025-06-20,1,,,1,,,,,2025-10-25,2,2,95,---,---,---,---,2.0,160.0,---,---,1,,,,,,---,---,---,---,---,---,---,---,---,---,---,---,---,---,---,---,---,---,,1,,1,,,1,,,,,okay,12.1269587,9.5141718,386.2,4.54,CT-JahK2TOU03,Taraya Women Disable Multi-purpose cooperative Society.,Jigawa,Jahun,Female,Production/Processing,Jigawa-WOFAN,0,0,0,0,12000,6000,0,0,160,12000,0,0,0,0,0,0,0,ebbfe2d1-841b-4134-81be-cc4b55ea1528,jah61,28/10/2025 18:02
fae51cea-f6b4-486f-a27c-6eef42e026e9,fae51cea-f6b4-486f-a27c-6eef42e026e9,2025-10-26,,,1,,,Faro 64,2025-06-27,1,,,1,,,,,2025-10-26,2,2,95,---,---,---,---,2.0,160.0,---,---,1,,,,,,---,---,---,---,---,---,---,---,---,---,---,---,---,---,---,---,---,---,,1,,1,,,1,,,,,okay,12.1295135,9.5135553,367.2,4.75,CT-JahGRJWV31,Asayaya Kungiyar Masu Bukata Tamusamman,Jigawa,Jahun,Both,Production/Processing,Jigawa-WOFAN,0,0,0,0,12000,6000,0,0,160,12000,0,0,0,0,0,0,0,21e162ac-4f59-42e5-880b-0df8a02f7b20,jah61,28/10/2025 18:02
e7386144-4e7f-4b95-ab4d-d0c7b3017f6e,e7386144-4e7f-4b95-ab4d-d0c7b3017f6e,2025-10-28,,1,,,,Samaz61,2025-06-15,1,,,1,,,,,2025-10-28,1,1,10,---,---,1.0,50.0,---,---,---,---,1,,,,,,---,---,---,---,---,---,---,---,---,---,---,---,---,---,---,---,---,---,,1,,1,,,1,,,,,Good,11.56959,8.3858083,522.4,2.5,CT-BebQIMRO14,Wak Babban Layi Mini Produce Marketers Cluster,Kano,Bebeji,Female,Production/Processing,Kano-WOFAN,0,0,5000,5000,0,0,0,0,50,5000,0,0,0,0,0,0,0,198b4dd6-074b-4117-bde9-cdb16d747465,beb16,28/10/2025 19:00
b193352f-c615-4688-b9f8-4cb021c04e36,b193352f-c615-4688-b9f8-4cb021c04e36,2025-10-28,,1,,,,Samaz61,2025-06-15,1,,,1,,,,,2025-10-28,1,1,10,---,---,1.0,50.0,---,---,---,---,1,,,,,,---,---,---,---,---,---,---,---,---,---,---,---,---,---,---,---,---,---,,1,,1,,,1,,,,,Good,11.5696565,8.3857759,523.79,4.2,CT-Beb4YMA317,Wak Ganzamawa Women Cluster,Kano,Bebeji,Both,Production/Processing,Kano-WOFAN,0,0,5000,5000,0,0,0,0,50,5000,0,0,0,0,0,0,0,51ebac00-83dd-4950-b693-dc22006dc338,beb16,28/10/2025 19:00
3bba6a55-6ec2-460e-a5a1-c8c7b510959e,3bba6a55-6ec2-460e-a5a1-c8c7b510959e,2025-10-28,,1,,,,Samaz61,2025-06-15,1,,,1,,,,,2025-10-28,1,1,10,---,---,1.0,50.0,---,---,---,---,1,,,,,,---,---,---,---,---,---,---,---,---,---,---,---,---,---,---,---,---,---,,1,,1,,,1,,,,,Good,11.5696967,8.3858783,512.3,4.3,CT-Beb17M4A25,Rantan sabuwar unguwa cluster,Kano,Bebeji,,Production/Processing,Kano-WOFAN,0,0,5000,5000,0,0,0,0,50,5000,0,0,0,0,0,0,0,12a8463b-a337-408e-bf14-56841a048808,beb16,28/10/2025 19:00
9cf64220-afbe-43c4-b880-3dd1191c5612,9cf64220-afbe-43c4-b880-3dd1191c5612,2025-09-24,,1,,,,SAMMAZ,2025-06-09,1,,,1,,,,,2025-09-25,2,2,13,---,---,2.0,130.0,---,---,---,---,1,,,,,,---,---,---,---,---,---,---,---,---,---,---,---,---,---,---,---,---,---,1,,,1,,,1,,,,,successful,10.3147532,9.8207781,645.29,0.97,CT-BauNGCSK13,PWD people affected by leprosy farmers Multipurpose Cooperative Society limited,Bauchi,Bauchi,,Production/Processing,Bauchi-WOFAN,0,0,13000,6500,0,0,0,0,130,13000,0,0,0,0,0,0,0,ca1b1d37-3267-4ed8-b8c0-c8b6acb375ef,bau06,28/10/2025 19:02
9b5bc70c-8d6f-4d60-9891-30a2f56a2d06,9b5bc70c-8d6f-4d60-9891-30a2f56a2d06,2025-09-24,,,1,,,Faro,2025-06-04,1,,,1,,,,,2025-09-23,2,2,13,---,---,---,---,2.0,160.0,---,---,1,,,,,,---,---,---,---,---,---,---,---,---,---,---,---,---,---,---,---,---,---,1,,,1,,,1,,,,,successful,10.3147601,9.8207912,596.46,3.4,CT-BauRBJW357,PWD woman grandnut processing cooperative society limited yelwan kusu,Bauchi,Bauchi,,Production/Processing,Bauchi-WOFAN,0,0,0,0,12000,6000,0,0,160,12000,0,0,0,0,0,0,0,a5b6eeb5-25e1-4a1d-b3ab-1ae9772153c8,bau06,28/10/2025 19:05
e447ef73-5cba-4e3a-aa5b-366b720aad19,e447ef73-5cba-4e3a-aa5b-366b720aad19,2025-10-28,,,1,,,rice,2024-06-10,1,,,1,,,,,2025-10-28,2,2,5,---,---,---,---,2.0,160.0,---,---,1,,,,,,---,---,---,---,---,---,---,---,---,---,---,---,---,---,---,---,---,---,1,,,1,,,1,,,,,goodidear,11.64835,8.4477217,509.3,4.3,CT-Gar2MOQU14,Yalwa Disable co'operarive,Kano,Garum_Mallam,,Production,Kano-WOFAN,0,0,0,0,12000,6000,0,0,160,12000,0,0,0,0,0,0,0,8e4c0551-d923-459c-84b9-f06916e4386b,bun09,28/10/2025 19:11
6127c7a7-3455-4aa1-8288-fd52182d3130,6127c7a7-3455-4aa1-8288-fd52182d3130,2025-10-27,,,1,,,faro67,2025-06-18,1,,,1,,,,,2025-10-24,1,1,10,---,---,---,---,1.0,90.0,---,---,1,,,,,,---,---,---,---,---,---,---,---,---,---,---,---,---,---,---,---,---,---,,1,,1,,,1,,,,,masha allah,11.3358621,8.3074675,556.4,2.29,CT-TudNLR2N42,Yaryasa Zumunta and agro allied community multipurpose cooperative society limited,Kano,Tudun_Wada,Both,Production/Processing,Kano-WOFAN,0,0,0,0,6750,6750,0,0,90,6750,0,0,0,0,0,0,0,aacddb05-6cd0-475c-9ef7-482a6d7b7cc0,tun13,28/10/2025 19:46
0368f8d6-909b-4350-88cf-a6af99a498ad,0368f8d6-909b-4350-88cf-a6af99a498ad,2025-10-27,,,1,,,rice,2025-06-10,1,,,1,,,,,2025-10-10,2,2,75,---,---,---,---,2.0,150.0,---,---,1,,,,,,---,---,---,---,---,---,---,---,---,---,---,---,---,---,---,---,---,---,1,,,1,,,1,,,,,good,11.6481883,8.4485433,488.1,2.7,CT-GarZIACR56,yalwan kwari disable farmer multipurpose,Kano,Garum_Mallam,,Production,Kano-WOFAN,0,0,0,0,11250,5625,0,0,150,11250,0,0,0,0,0,0,0,ee9b3e93-45c1-4fa8-9d93-8b0b6b153d88,bun17,28/10/2025 20:04
8ebd3cd4-829b-403b-af78-853e3afcd600,8ebd3cd4-829b-403b-af78-853e3afcd600,2025-10-27,,,1,,,faro67,2025-06-22,1,,,1,,,,,2025-10-25,1,1,11,---,---,---,---,1.0,100.0,---,---,1,,,,,,---,---,---,---,---,---,---,---,---,---,---,---,---,---,---,---,---,---,,1,,1,,,1,,,,,masha allah,11.335835,8.3074567,555.2,3.6,CT-Tud1GGAS10,Yaryasa cluster 1,Kano,Tudun_Wada,Both,Production/Processing,Kano-WOFAN,0,0,0,0,7500,7500,0,0,100,7500,0,0,0,0,0,0,0,43c1a2a7-b085-4802-83bc-ec35af5fa9da,tun13,28/10/2025 20:28
876d50fb-e633-4ffd-a15c-dc61b90a61a9,876d50fb-e633-4ffd-a15c-dc61b90a61a9,2025-10-26,,,1,,,faro67,2025-06-09,1,,,1,,,,,2025-10-24,1,1,10,---,---,---,---,1.0,95.0,---,---,1,,,,,,---,---,---,---,---,---,---,---,---,---,---,---,---,---,---,---,---,---,,1,,1,,,1,,,,,masha allah,11.3358497,8.3074594,567.0,2.7,CT-TudBVO9Z25,Yaryasa cikin gari cluster,Kano,Tudun_Wada,Both,Production/Processing,Kano-WOFAN,0,0,0,0,7125,7125,0,0,95,7125,0,0,0,0,0,0,0,a1898f61-9721-43c3-9280-96d703fde0e0,tun13,28/10/2025 20:38
b4d72c91-168f-4e44-b27f-956226f33e9c,b4d72c91-168f-4e44-b27f-956226f33e9c,2025-10-27,,,1,,,faro67,2025-06-20,1,,,1,,,,,2025-10-23,1,1,11,---,---,---,---,1.0,100.0,---,---,1,,,,,,---,---,---,---,---,---,---,---,---,---,---,---,---,---,---,---,---,---,,1,,1,,,1,,,,,good,11.3358804,8.3073675,565.8,2.9,CT-BebFPX9039,small medium Association,Kano,Bebeji,Female,Production/Processing,Kano-WOFAN,0,0,0,0,7500,7500,0,0,100,7500,0,0,0,0,0,0,0,2a14d136-8e11-4442-89fd-c71d1f7abe81,tun13,28/10/2025 20:38
91fd179f-be32-49bc-9c96-eb5a1b05acf6,91fd179f-be32-49bc-9c96-eb5a1b05acf6,2025-10-26,,,1,,,faro67,2025-06-13,1,,,1,,,,,2025-10-24,1,1,10,---,---,---,---,1.0,96.0,---,---,1,,,,,,---,---,---,---,---,---,---,---,---,---,---,---,---,---,---,---,---,---,,1,,1,,,1,,,,,masha allah,11.3358783,8.3074133,566.7,2.1,CT-BebKN7BW46,Rahama youth cooperative,Kano,Bebeji,Female,Production/Processing,Kano-WOFAN,0,0,0,0,7200,7200,0,0,96,7200,0,0,0,0,0,0,0,3aa2c733-0c47-4835-a59e-72c01c737516,tun13,28/10/2025 20:38
ab9b65fc-0f51-4a46-b18f-82e72e25ab3d,ab9b65fc-0f51-4a46-b18f-82e72e25ab3d,2025-10-25,,,1,,,faro67,2025-06-23,1,,,1,,,,,2025-10-22,1,1,12,---,---,---,---,1.0,105.0,---,---,1,,,,,,---,---,---,---,---,---,---,---,---,---,---,---,---,---,---,---,---,---,,1,,1,,,1,,,,,masha allah,11.3358883,8.3074233,567.3,3.3,CT-TudRJFQ532,Kofar Fada Cluster,Kano,Tudun_Wada,Both,Production/Processing,Kano-WOFAN,0,0,0,0,7875,7875,0,0,105,7875,0,0,0,0,0,0,0,875631dd-ef80-48e3-8cd3-0d2fc880d3f8,tun13,28/10/2025 20:38
cb9d99c3-62f7-48d6-afda-bf4410b659c3,cb9d99c3-62f7-48d6-afda-bf4410b659c3,2025-09-28,,,1,,,faro 68,2025-06-28,1,,,1,,,,,2025-09-28,1,1,12,---,---,---,---,1.0,90.0,---,---,,,,1,,,---,---,2.0,---,1,,,,,,,,,,,,,,1,,,1,,,1,,,,,good,11.705095,8.1335367,551.0,4.2,CT-Kir6SI5847,Albarka cluster kiru,Kano,Kiru,Female,Production/Processing,Kano-WOFAN,0,0,0,0,6750,6750,0,0,90,6750,0,0,150,0,2,150,0,670ed755-c24b-431c-8526-7b5984c751a6,kir16,28/10/2025 20:59
94499225-a0ae-4304-b6f2-d1149308da34,94499225-a0ae-4304-b6f2-d1149308da34,2025-09-28,,,1,,,faro 68,2025-06-28,1,,,1,,,,,2025-09-28,1,1,12,---,---,---,---,1.0,90.0,---,---,,,,1,,,---,---,1.0,---,,,,1,,,,,,,,,,,1,,,1,,,1,,,,,good,11.7051217,8.1333333,551.4,3.1,CT-KirCY9ZU05,Baawa cluster for marketters,Kano,Kiru,Female,Production/Processing,Kano-WOFAN,0,0,0,0,6750,6750,0,0,90,6750,0,0,75,0,1,75,0,ac4f581c-ed1d-46e4-94af-24f8dcacc732,kir16,28/10/2025 20:59
49425eb5-e6cb-4795-a0b9-2c03dc1dcc16,49425eb5-e6cb-4795-a0b9-2c03dc1dcc16,2025-09-28,,,1,,,faro 68,2025-06-28,1,,,1,,,,,2025-09-28,1,1,12,---,---,---,---,1.0,90.0,---,---,,,,1,,,---,---,1.0,---,1,,,,,,,,,,,,,,1,,,1,,,1,,,,,good,11.70514,8.1333083,552.2,2.29,CT-KirZJU7L01,Bargoni marketters cluster,Kano,Kiru,Female,Production/Processing,Kano-WOFAN,0,0,0,0,6750,6750,0,0,90,6750,0,0,75,0,1,75,0,61158ebf-ce6a-424a-ad96-0fe27e6e93ca,kir16,28/10/2025 20:59
ccb581ff-5241-47a8-8394-de061350b473,ccb581ff-5241-47a8-8394-de061350b473,2025-10-28,,1,,,,Sammez 62,2025-06-15,1,,,1,,,,,2025-10-23,2,2,11,---,---,2.0,140.0,---,---,---,---,1,,,,,,---,---,---,---,---,---,---,---,---,---,---,---,---,---,---,---,---,---,,1,,1,,,1,,,,,weld,11.56911,8.3858703,505.81,2.37,CT-TudNLR2N42,Yaryasa Zumunta and agro allied community multipurpose cooperative society limited,Kano,Tudun_Wada,Both,Production/Processing,Kano-WOFAN,0,0,14000,7000,0,0,0,0,140,14000,0,0,0,0,0,0,0,aacddb05-6cd0-475c-9ef7-482a6d7b7cc0,tun17,28/10/2025 21:57
811a0354-31a2-4b66-bf91-52d36505a366,811a0354-31a2-4b66-bf91-52d36505a366,2025-10-28,,,1,,,Faro 44,2025-10-20,1,,,1,,,,,2025-06-15,2,2,12,---,---,---,---,2.0,160.0,---,---,1,,,,,,---,---,---,---,---,---,---,---,---,---,---,---,---,---,---,---,---,---,,1,,1,,,1,,,,,Weldon,11.5690928,8.3860305,505.97,1.62,CT-Tud1GGAS10,Yaryasa cluster 1,Kano,Tudun_Wada,Both,Production/Processing,Kano-WOFAN,0,0,0,0,12000,6000,0,0,160,12000,0,0,0,0,0,0,0,43c1a2a7-b085-4802-83bc-ec35af5fa9da,tun17,28/10/2025 21:59
5acadb86-8d87-4dba-9174-bf8793df3a5c,5acadb86-8d87-4dba-9174-bf8793df3a5c,2025-10-25,,,1,,,Faro 67,2025-06-15,1,,,1,,,,,2025-10-25,1,1,13,---,---,---,---,1.0,40.0,---,---,1,,,,,,---,---,---,---,---,---,---,---,---,---,---,---,---,---,---,---,---,---,,1,,1,,,1,,,,,good,11.4817984,8.3550319,546.5,1.9,CT-BebPYDPN13,Disable Cluster A,Kano,Bebeji,,Production/Processing,Kano-WOFAN,0,0,0,0,3000,3000,0,0,40,3000,0,0,0,0,0,0,0,28bc711b-3ac2-4c66-8ad7-f39dcaab889a,tun08,28/10/2025 22:08
ec5e79fe-d837-4a66-af22-f915e3b003ea,ec5e79fe-d837-4a66-af22-f915e3b003ea,2025-10-24,,1,,,,Samaz61,2025-06-16,1,,,1,,,,,2025-10-25,1,1,12,---,---,1.0,50.0,---,---,---,---,1,,,,,,---,---,---,---,---,---,---,---,---,---,---,---,---,---,---,---,---,---,,1,,1,,,1,,,,,good,11.4817583,8.3549834,548.3,5.6,CT-BebQMV5928,Disable Cluster B,Kano,Bebeji,,Production/Processing,Kano-WOFAN,0,0,5000,5000,0,0,0,0,50,5000,0,0,0,0,0,0,0,118e9d57-9ede-4dad-aa01-ed8b6f86df05,tun08,28/10/2025 22:08
29c9528c-522a-4332-8d23-70a087ab6375,29c9528c-522a-4332-8d23-70a087ab6375,2025-07-17,,1,,,,Maize,2025-07-18,1,,,1,,,,,2025-10-15,1,1,2,---,---,2.0,65.0,---,---,---,---,,,1,,,,---,10.0,---,---,1,,,,,,,,,,,,,,1,,,1,,,1,,,,,good,11.9303722,8.5728462,478.7,4.93,CT-Tud1Q4AO23,Karefa cluster 1,Kano,Tudun_Wada,Both,Production/Processing,Kano-WOFAN,0,0,6500,3250,0,0,0,0,65,6500,0,1000,0,0,10,1000,0,4d6840b8-54bc-4c85-851f-5936d02e72d7,tun27,29/10/2025 04:45
00368fc2-4d16-4ac9-94b7-1bc797fed343,00368fc2-4d16-4ac9-94b7-1bc797fed343,2025-09-28,,1,,,,maize,2025-06-28,1,,,1,,,,,2025-10-12,1,1,1,---,---,2.0,76.0,---,---,---,---,,,1,,,,---,14.0,---,---,1,,,,,,,,,,,,,,1,,,1,,,1,,,,,good,11.9491175,8.5811935,471.8,4.96,CT-Tud1Q4AO23,Karefa cluster 1,Kano,Tudun_Wada,Both,Production/Processing,Kano-WOFAN,0,0,7600,3800,0,0,0,0,76,7600,0,1400,0,0,14,1400,0,4d6840b8-54bc-4c85-851f-5936d02e72d7,tun27,29/10/2025 04:45
452feb36-49b1-43c2-90de-024345594deb,452feb36-49b1-43c2-90de-024345594deb,2025-07-08,,1,,,,Maize,2025-07-23,1,,,1,,,,,2025-10-15,1,1,9,---,---,1.0,65.0,---,---,---,---,,,1,,,,---,20.0,---,---,1,,,,,,,,,,,,,,1,,,1,,,1,,,,,good,11.5700067,8.38671,537.6,4.95,CT-TudBX75840,Marmara cluster 1,Kano,Tudun_Wada,Both,Production/Processing,Kano-WOFAN,0,0,6500,6500,0,0,0,0,65,6500,0,2000,0,0,20,2000,0,ee700388-4ba0-40fd-8dc9-189300e85758,tun27,29/10/2025 04:45
747594ee-f6e6-4122-89e0-d77a7df983ef,747594ee-f6e6-4122-89e0-d77a7df983ef,2025-07-08,,1,,,,maize,2025-07-23,1,,,1,,,,,2025-10-10,1,1,60,---,---,2.0,70.0,---,---,---,---,,,1,,,,---,10.0,---,---,1,,,,,,,,,,,,,,1,,,1,,,1,,,,,good,11.5700033,8.386705,537.6,5.0,CT-TudAPM3D40,SUMANA A CLUSTER 1,Kano,Tudun_Wada,Both,Production/Processing,Kano-WOFAN,0,0,7000,3500,0,0,0,0,70,7000,0,1000,0,0,10,1000,0,60fa3b80-8f24-416e-af73-09126199566b,tun27,29/10/2025 04:45
35f9d1f7-8016-4832-a2e8-b8b14f16a65d,35f9d1f7-8016-4832-a2e8-b8b14f16a65d,2025-07-09,,1,,,,maize,2025-07-07,1,,,1,,,,,2025-10-13,1,1,60,---,---,1.0,70.0,---,---,---,---,,,1,,,,---,10.0,---,---,1,,,,,,,,,,,,,,1,,,1,,,1,,,,,good,11.5700783,8.3867367,539.2,4.86,CT-TudI6VXM21,Sumana cluster 2,Kano,Tudun_Wada,Both,Production/Processing,Kano-WOFAN,0,0,7000,7000,0,0,0,0,70,7000,0,1000,0,0,10,1000,0,d3006c84-0484-4228-92af-f84e3943a25a,tun27,29/10/2025 04:45
bfabe6aa-4776-4e29-af97-ac05d0349d9e,bfabe6aa-4776-4e29-af97-ac05d0349d9e,2025-10-25,,,1,,,Faro,2025-06-04,1,,,1,,,,,2025-09-27,2,2,13,---,---,---,---,2.0,160.0,---,---,1,,,,,,---,---,---,---,---,---,---,---,---,---,---,---,---,---,---,---,---,---,,1,,1,,,1,,,,,good,10.2760284,9.8085202,633.7,4.8,CT-BauDCZTD03,LUSHI KUNGIYAN MATA MASU BUKATA TAMUSAMMAN WOMEN FARM COOPERATIVE SOCIETY LIMITED,Bauchi,Bauchi,,Production/Processing,Bauchi-WOFAN,0,0,0,0,12000,6000,0,0,160,12000,0,0,0,0,0,0,0,286f8963-1b5c-4bd1-a13b-4d84fd993a27,bau03,29/10/2025 07:35
1b5c8824-4a19-42b2-8620-8e7b12579ca3,1b5c8824-4a19-42b2-8620-8e7b12579ca3,2025-10-25,,,1,,,Faro,2025-06-01,1,,,1,,,,,2025-09-27,2,2,13,---,---,---,---,2.0,160.0,---,---,1,,,,,,---,---,---,---,---,---,---,---,---,---,---,---,---,---,---,---,---,---,,1,,1,,,1,,,,,good,10.2761245,9.8083965,632.7,4.0,CT-BauB2B8D37,AGUWAN MAKAFI MATA MASU BUKATA TA MUSAMMAN WOMEN FARMS COOPERATIVE SOCIETY LIMITED,Bauchi,Bauchi,,Production/Processing,Bauchi-WOFAN,0,0,0,0,12000,6000,0,0,160,12000,0,0,0,0,0,0,0,c7e30093-fbf4-4bc9-bf5e-52e8578fe88f,bau03,29/10/2025 07:35
36ce10dc-0e4a-4c8d-b4c1-cef5b4a382b5,36ce10dc-0e4a-4c8d-b4c1-cef5b4a382b5,2025-10-06,,,1,,,Rice,2025-07-09,1,,,1,,,,,2025-10-18,2,2,9,---,---,---,---,2.0,100.0,---,---,1,,,,,,---,---,---,---,---,---,---,---,---,---,---,---,---,---,---,---,---,---,,1,,1,,,1,,,,,Excellent,11.71177,8.4237083,526.6,4.0,CT-GarFNPKB09,DOGARO DAKAI DISABLE ASSOCIATION,Kano,Garum_Mallam,,Production/Processing,Kano-WOFAN,0,0,0,0,7500,3750,0,0,100,7500,0,0,0,0,0,0,0,eaa3b7e4-0ac6-40ca-89c8-d6ae63ff8bc0,gmm70,29/10/2025 07:48
17f35f07-f638-47f7-bfc4-fd3e06df544f,17f35f07-f638-47f7-bfc4-fd3e06df544f,2025-10-19,,1,,,,Maize,2025-07-18,1,,,1,,,,,2025-10-17,2,2,7,---,---,2.0,70.0,---,---,---,---,1,,,,,,---,---,---,---,---,---,---,---,---,---,---,---,---,---,---,---,---,---,,1,,1,,,1,,,,,Excellent,11.7117817,8.423735,492.0,3.85,CT-GarFNPKB09,DOGARO DAKAI DISABLE ASSOCIATION,Kano,Garum_Mallam,,Production/Processing,Kano-WOFAN,0,0,7000,3500,0,0,0,0,70,7000,0,0,0,0,0,0,0,eaa3b7e4-0ac6-40ca-89c8-d6ae63ff8bc0,gmm70,29/10/2025 07:48
827788b8-b140-4bbc-a2b2-be230eb41666,827788b8-b140-4bbc-a2b2-be230eb41666,2025-10-24,,,1,,,faro 64,2025-10-26,1,,,1,,,,,2025-10-26,2,2,95,---,---,---,---,2.0,160.0,---,---,1,,,,,,---,---,---,---,---,---,---,---,---,---,---,---,---,---,---,---,---,---,1,,,1,,,1,,,,,good,12.0482692,9.4250905,403.05,3.56,CT-JahXB8B204,Mata nagarin aujara,Jigawa,Jahun,Both,Production/Processing,Jigawa-WOFAN,0,0,0,0,12000,6000,0,0,160,12000,0,0,0,0,0,0,0,546a552b-0cfb-4e57-9f9c-fe3b02f5aaee,jah51,29/10/2025 08:12
e1413819-0e4c-4d50-95b8-63a196ca08df,e1413819-0e4c-4d50-95b8-63a196ca08df,2025-10-23,,,1,,,1,2025-06-16,1,,,1,,,,,2025-10-23,2,2,95,---,---,---,---,2.0,160.0,---,---,1,,,,,,---,---,---,---,---,---,---,---,---,---,---,---,---,---,---,---,---,---,,1,,1,,,1,,,,,good,12.0478904,9.4249451,471.25,3.55,CT-JahEZ6PT20,kurmaye na cikin garin aujara,Jigawa,Jahun,Both,Production/Processing,Jigawa-WOFAN,0,0,0,0,12000,6000,0,0,160,12000,0,0,0,0,0,0,0,2b4e8b29-3e24-48be-9f22-411a4b49a134,jah51,29/10/2025 08:12
ac72f9ab-28a9-46fc-bd7b-95a5f749445a,ac72f9ab-28a9-46fc-bd7b-95a5f749445a,2025-10-20,,1,,,,Maize,2025-06-22,1,,,1,,,,,2025-10-20,2,2,95,---,---,2.0,160.0,---,---,---,---,1,,,,,,---,---,---,---,---,---,---,---,---,---,---,---,---,---,---,---,---,---,,1,,1,,,1,,,,,good,12.0492713,9.4228317,400.3,2.6,CT-JahNDRL217,Ruwa uku fadama farmers,Jigawa,Jahun,,Production/Processing,Jigawa-WOFAN,0,0,16000,8000,0,0,0,0,160,16000,0,0,0,0,0,0,0,4a88f81e-020d-498b-86eb-79009d17114d,jah26,29/10/2025 08:28
e3a98a4d-253c-490c-9019-9921b7dd69f7,e3a98a4d-253c-490c-9019-9921b7dd69f7,2025-09-27,,1,,,,Sam max,2025-06-23,1,,,1,,,,,2025-09-28,2,2,12,---,---,2.0,1450.0,---,---,---,---,1,,,,,,---,---,---,---,---,---,---,---,---,---,---,---,---,---,---,---,---,---,1,,,1,,,1,,,,,Successful work done,11.0914524,9.5751036,502.2,4.2,CT-NinSAZH301,NINGI PEOPLE WITH DISABILITY WOFAN MULTI-PURPOSE COOPERATIVE CLUSTER,Bauchi,Ningi,,Production/Processing,Bauchi-WOFAN,0,0,145000,72500,0,0,0,0,1450,145000,0,0,0,0,0,0,0,1f3e7b52-6db6-4e43-97c5-a4f08fec62a7,nin12,29/10/2025 09:10
cdf5a35a-645b-4f90-92f5-73532e624c1f,cdf5a35a-645b-4f90-92f5-73532e624c1f,2025-10-24,,,1,,,Faro,2025-06-09,1,,,1,,,,,2025-09-30,2,2,12,---,---,---,---,2.0,160.0,---,---,1,,,,,,---,---,---,---,---,---,---,---,---,---,---,---,---,---,---,---,---,---,1,,,1,,,1,,,,,Successful Done,11.0919533,9.5762617,502.5,4.59,CT-NinBQEI749,JANGU KUNGIYAR MASU BUKATA WOFAN MULTI-PURPOSE COOPERATIVE CLUSTER,Bauchi,Ningi,,Production/Processing,Bauchi-WOFAN,0,0,0,0,12000,6000,0,0,160,12000,0,0,0,0,0,0,0,1e26ab74-623f-429f-8a24-964d62a2f9ea,nin12,29/10/2025 09:10
4358f058-08e3-4d07-a1c1-21e80f1e2442,4358f058-08e3-4d07-a1c1-21e80f1e2442,2025-10-28,,,1,,,faroa 4,2025-07-10,1,,,1,,,,,2025-10-24,2,2,8,---,---,---,---,2.0,170.0,---,---,1,,,,,,---,---,---,---,---,---,---,---,---,---,---,---,---,---,---,---,---,---,,1,,,1,,1,,,,,good luck,11.6508521,8.4461266,501.01,4.72,CT-GarYQBBR59,Mudawa farmers cooperative D,Kano,Garum_Mallam,,Production/Processing,Kano-WOFAN,0,0,0,0,12750,6375,0,0,170,12750,0,0,0,0,0,0,0,6c92e315-121d-41a8-b674-5537ac4eb31e,bun12,29/10/2025 09:11
8add43d1-a43a-4535-8841-a113e2ccfb8b,8add43d1-a43a-4535-8841-a113e2ccfb8b,2025-09-25,,,1,,,Rice,2025-06-28,1,,,1,,,,,2025-09-25,1,1,14,---,---,---,---,1.0,80.0,---,---,1,,,,,,---,---,---,---,---,---,---,---,---,---,---,---,---,---,---,---,---,---,,,,1,,,1,,,,,Good,11.5456946,8.3871405,504.89,1.33,CT-BebXLU5049,Nasara Farmers Agro Marketing Cluster,Kano,Bebeji,Female,Production/Processing,Kano-WOFAN,0,0,0,0,6000,6000,0,0,80,6000,0,0,0,0,0,0,0,0a6c1730-3fcc-41c8-85ec-1d61f14454bf,kir08,29/10/2025 09:27
dd4bf791-0f89-4009-849f-9b594e99f171,dd4bf791-0f89-4009-849f-9b594e99f171,2025-09-25,,,1,,,Rice,2025-05-28,1,,,1,,,,,2025-09-25,1,1,14,---,---,---,---,1.0,78.0,---,---,1,,,,,,---,---,---,---,---,---,---,---,---,---,---,---,---,---,---,---,---,---,,,,1,,,1,,,,,Thanks,11.5455595,8.3874064,578.13,2.27,CT-BebZR3NV50,Kofa Dogaro Da Kai Agro Marketers Cluster,Kano,Bebeji,Female,Production/Processing,Kano-WOFAN,0,0,0,0,5850,5850,0,0,78,5850,0,0,0,0,0,0,0,d0f968a9-f0dd-436a-8d0d-733047293934,kir08,29/10/2025 09:27
fcbb01d0-aa2a-4e9b-a2e3-0b8dd66d10cc,fcbb01d0-aa2a-4e9b-a2e3-0b8dd66d10cc,2025-09-25,,,1,,,Rice,2025-05-25,1,,,1,,,,,2025-09-25,1,1,14,---,---,---,---,1.0,74.0,---,---,1,,,,,,---,---,---,---,---,---,---,---,---,---,---,---,---,---,---,---,---,---,,,,1,,,1,,,,,Thanks,11.5456314,8.3872063,542.81,2.05,CT-Beb35RSH50,Hayin Kurmi Kofa Cikin Gari Cluster.,Kano,Bebeji,Male,Production/Processing,Kano-WOFAN,0,0,0,0,5550,5550,0,0,74,5550,0,0,0,0,0,0,0,20975149-1618-445f-aa2b-0f3716836761,kir08,29/10/2025 09:27
8655a95a-492c-49e3-bf54-812a342b0bf9,8655a95a-492c-49e3-bf54-812a342b0bf9,2025-09-25,,,1,,,Rice,2025-05-25,1,,,1,,,,,2025-09-25,,1,14,---,---,---,---,1.0,78.0,---,---,1,,,,,,---,---,---,---,---,---,---,---,---,---,---,---,---,---,---,---,---,---,1,,,1,,,1,,,,,Thanks,11.545482,8.387337,526.03,1.68,CT-Beb2CVO449,Gargai Fadama Agro marketers Cluster.,Kano,Bebeji,Female,Production/Processing,Kano-WOFAN,0,0,0,0,5850,5850,0,0,78,5850,0,0,0,0,0,0,0,f41d8dac-8757-425f-95a9-a99b129d3148,kir08,29/10/2025 09:27
a56e0344-9251-4910-bdc8-e94737e65c33,a56e0344-9251-4910-bdc8-e94737e65c33,2025-09-26,,,1,,,Rice,2025-05-25,1,,,1,,,,,2025-09-25,1,1,14,---,---,---,---,1.0,80.0,---,---,1,,,,,,---,---,---,---,---,---,---,---,---,---,---,---,---,---,---,---,---,---,1,,,1,,,1,,,,,Good,11.5455651,8.3872428,492.09,1.69,CT-Beb4RONH56,Hayin Gwarmai Kofa Sorghum Farmers Agro Marketers Cluster.,Kano,Bebeji,Female,Production/Processing,Kano-WOFAN,0,0,0,0,6000,6000,0,0,80,6000,0,0,0,0,0,0,0,3841ce2b-4a3f-4bff-ae69-39e3477ee93b,kir08,29/10/2025 09:27
acbaa1ff-b9aa-41a7-a620-1b745ef56109,acbaa1ff-b9aa-41a7-a620-1b745ef56109,2025-10-25,,1,,,,samaz61,2025-06-20,1,,,1,,,,,2025-10-24,1,1,12,---,---,1.0,70.0,---,---,---,---,1,,,,,,---,---,---,---,---,---,---,---,---,---,---,---,---,---,---,---,---,---,,1,,1,,,1,,,,,very good,11.9445696,8.5747805,483.7,8.13,CT-BebAGW5C12,Dakatsalle wofan cluster A,Kano,Bebeji,Both,Production/Processing,Kano-WOFAN,0,0,7000,7000,0,0,0,0,70,7000,0,0,0,0,0,0,0,646f66b2-68f8-4b57-9e05-a9a3ebc69561,tun12,29/10/2025 09:28
608a9015-b001-46af-bb3e-ad68d00cea0c,608a9015-b001-46af-bb3e-ad68d00cea0c,2025-10-24,,1,,,,samz61,2025-06-17,1,,,1,,,,,2025-06-17,1,1,12,---,---,1.0,80.0,---,---,---,---,1,,,,,,---,---,---,---,---,---,---,---,---,---,---,---,---,---,---,---,---,---,,1,,1,,,1,,,,,Very good,11.9445617,8.5747733,483.7,6.3,CT-BebIN8BP10,dakatsalle makarantar boko woman produce markiting,Kano,Bebeji,Female,Production/Processing,Kano-WOFAN,0,0,8000,8000,0,0,0,0,80,8000,0,0,0,0,0,0,0,d1f56fb1-8102-4bdf-88a6-ca2d9e88353e,tun12,29/10/2025 09:28
861fdb4a-863e-43bc-b860-e638584012c2,861fdb4a-863e-43bc-b860-e638584012c2,2025-10-24,,1,,,,samza61,2025-06-20,1,,,1,,,,,2025-10-25,1,1,12,---,---,1.0,85.0,---,---,---,---,1,,,,,,---,---,---,---,---,---,---,---,---,---,---,---,---,---,---,---,---,---,,1,,1,,,1,,,,,good,11.9446982,8.5746699,483.0,7.6,CT-BebIN8BP10,dakatsalle makarantar boko woman produce markiting,Kano,Bebeji,Female,Production/Processing,Kano-WOFAN,0,0,8500,8500,0,0,0,0,85,8500,0,0,0,0,0,0,0,d1f56fb1-8102-4bdf-88a6-ca2d9e88353e,tun12,29/10/2025 09:28
8c0f8601-3689-4e5f-b54c-058f82d18898,8c0f8601-3689-4e5f-b54c-058f82d18898,2025-10-20,,1,,,,maize63,2025-06-15,1,,,1,,,,,2025-10-29,2,2,12,---,---,2.0,100.0,---,---,---,---,1,,,,,,---,---,---,---,---,---,---,---,---,---,---,---,---,---,---,---,---,---,,1,,1,,,1,,,,,good job,11.5698268,8.3866951,516.4,2.9,CT-TudPXJC944,Yaryasa cikin gari cluster,Kano,Tudun_Wada,,Production/Processing,Kano-WOFAN,0,0,10000,5000,0,0,0,0,100,10000,0,0,0,0,0,0,0,49ee941a-38c1-4301-9ab9-cffff52ab143,beb19,29/10/2025 09:36
f54a2a80-0ca7-46eb-bf48-a60a268ee406,f54a2a80-0ca7-46eb-bf48-a60a268ee406,2025-10-29,,,1,,,faro 44,2025-06-16,1,,,1,,,,,2025-10-29,2,2,12,---,---,---,---,2.0,70.0,---,---,1,,,,,,---,---,---,---,---,---,---,---,---,---,---,---,---,---,---,---,---,---,,1,,1,,,1,,,,,very good,11.5699029,8.3866832,513.7,3.0,CT-BebU602U36,Durmawa agro maketers,Kano,Bebeji,Both,Production/Processing,Kano-WOFAN,0,0,0,0,5250,2625,0,0,70,5250,0,0,0,0,0,0,0,2e1ab65c-88ce-41b5-9efc-e6c53c593506,beb19,29/10/2025 09:36
f824b50a-901e-4c50-a694-29a8cc742250,f824b50a-901e-4c50-a694-29a8cc742250,2025-10-26,,1,,,,maize63,2025-06-14,1,,,1,,,,,2025-10-25,2,2,12,---,---,2.0,100.0,---,---,---,---,1,,,,,,---,---,---,---,---,---,---,---,---,---,---,---,---,---,---,---,---,---,,1,,1,,,1,,,,,good job,11.5698867,8.3866084,513.3,3.7,CT-TudINOAK18,RAHAMA RAWUN CLUSTER,Kano,Tudun_Wada,,Production,Kano-WOFAN,0,0,10000,5000,0,0,0,0,100,10000,0,0,0,0,0,0,0,e86844af-5825-4b5b-bc62-ad13db5e07cc,beb19,29/10/2025 09:36
250bd9e1-0ccf-491b-b726-38f8190d5eb0,250bd9e1-0ccf-491b-b726-38f8190d5eb0,2025-10-29,,1,,,,maize,2025-07-14,1,,,1,,,,,2025-10-29,1,60,96,---,---,1.0,60.0,---,---,---,---,1,,,,,,---,---,---,---,---,---,---,---,---,---,---,---,---,---,---,---,---,---,,1,,1,,,1,,,,,good,12.047515,9.4228427,395.76,4.03,CT-JahHG5GE46,Makkadari women disqble multipurpose Cooperative,Jigawa,Jahun,Both,Production/Processing,Jigawa-WOFAN,0,0,6000,6000,0,0,0,0,60,6000,0,0,0,0,0,0,0,17928328-2b8f-4bd5-8e7a-aa1417c27e7b,jah81,29/10/2025 10:00
0b6fcbaa-90a1-41c3-b032-cc864745665f,0b6fcbaa-90a1-41c3-b032-cc864745665f,2025-10-29,,,1,,,faro64,2025-07-14,1,,,1,,,,,2025-10-29,1,60,6,---,---,---,---,1.0,60.0,---,---,1,,,,,,---,---,---,---,---,---,---,---,---,---,---,---,---,---,---,---,---,---,,1,,1,,,1,,,,,happy,12.0475064,9.4228343,395.36,2.87,CT-JahHG5GE46,Makkadari women disqble multipurpose Cooperative,Jigawa,Jahun,Both,Production/Processing,Jigawa-WOFAN,0,0,0,0,4500,4500,0,0,60,4500,0,0,0,0,0,0,0,17928328-2b8f-4bd5-8e7a-aa1417c27e7b,jah81,29/10/2025 10:00
5eb948fb-a474-4fdb-8619-b9bb7cdff992,5eb948fb-a474-4fdb-8619-b9bb7cdff992,2025-10-29,,1,1,,,faro and maize,2025-07-14,1,,,1,,,,,2025-10-29,2,120,95,---,---,1.0,60.0,1.0,60.0,---,---,1,,,,,,---,---,---,---,---,---,---,---,---,---,---,---,---,---,---,---,---,---,,1,,1,,,1,,,,,good,12.0475067,9.4228374,396.08,1.35,CT-JahHG5GE46,Makkadari women disqble multipurpose Cooperative,Jigawa,Jahun,Both,Production/Processing,Jigawa-WOFAN,0,0,6000,6000,4500,4500,0,0,120,10500,0,0,0,0,0,0,0,17928328-2b8f-4bd5-8e7a-aa1417c27e7b,jah81,29/10/2025 10:00
99a1acf8-20e9-4a7a-92f9-13e99a6a7f5b,99a1acf8-20e9-4a7a-92f9-13e99a6a7f5b,2025-06-23,,1,1,,,"Rice, Maize",2025-07-11,1,,,1,,,,,2025-10-15,1,1,13,---,---,1.0,100.0,1.0,75.0,---,---,,,1,1,,,---,1.0,1.0,---,,,,,,,,1,,,,,,,1,,,1,,,1,,,,,good,12.0520375,8.2731858,540.43,4.9,CT-RimYC9G823,YARO TASHIKA NEMA RIMIN GADO CLSUTER,Kano,Rimi_Gado,,Production,Kano-WOFAN,0,0,10000,10000,5625,5625,0,0,175,15625,0,100,75,0,2,175,0,68a82c8f-e69e-4969-8561-cf8d4c70fcc0,rig08,29/10/2025 11:28
aa240394-d009-481b-8d38-4e52d5f1a451,aa240394-d009-481b-8d38-4e52d5f1a451,2025-10-28,,,1,,,Faro 64,2025-06-30,1,,,1,,,,,2025-10-24,2,2,70,---,---,---,---,2.0,210.0,---,---,1,,,,,,---,---,---,---,---,---,---,---,---,---,---,---,---,---,---,---,---,---,,1,,1,,,1,,,,,good,11.6531431,8.4166195,377.79,1.23,CT-JahKZTBX18,Atuman disabled women rice  farmers association,Jigawa,Jahun,Female,Production,Jigawa-WOFAN,0,0,0,0,15750,7875,0,0,210,15750,0,0,0,0,0,0,0,6e76c7ba-8bf4-46d2-94aa-23fd08258868,jah07,29/10/2025 11:42
a033eedf-64b4-4a27-8363-dd87c8ebc11b,a033eedf-64b4-4a27-8363-dd87c8ebc11b,2025-10-29,,,1,,,faro 68,2025-06-21,1,,,1,,,,,2025-10-29,12,1,1,---,---,---,---,1.0,90.0,---,---,1,,,,,,---,---,---,---,---,---,---,---,---,---,---,---,---,---,---,---,---,---,,1,,1,,,1,,,,,masha Allah,11.4823717,8.3528891,549.2,4.03,CT-Beb42RB731,Gargai Kofar Kudu Masu Saye & Sayarwa Cluster.,Kano,Bebeji,,Production,Kano-WOFAN,0,0,0,0,6750,6750,0,0,90,6750,0,0,0,0,0,0,0,86bddd8a-4ebe-41bf-87fa-faa23c9afe31,beb31,29/10/2025 12:02
91c41fc3-baed-4a36-a882-23811076bb63,91c41fc3-baed-4a36-a882-23811076bb63,2025-10-25,,,1,,,Faro 54,2025-07-04,1,,,1,,,,,2025-10-25,1,1,80,---,---,---,---,1.0,70.0,---,---,1,,,,,,---,---,---,---,---,---,---,---,---,---,---,---,---,---,---,---,---,---,1,,,1,,,1,,,,,good harvest and save it in a good place,11.173254,8.2201909,701.39,5.0,CT-IkaTZHMY53,Sabon gari sayasaya women with dis ability cooperative,Kaduna,Ikara,,Production/Processing,Kaduna-WOFAN,0,0,0,0,5250,5250,0,0,70,5250,0,0,0,0,0,0,0,fede63ca-8b6a-427f-a96a-a25cae5a648b,ika31,29/10/2025 12:38
4a102331-0d18-46f2-830d-fe4dea83ca9d,4a102331-0d18-46f2-830d-fe4dea83ca9d,2025-10-20,,1,,,,smaz 50,2025-07-05,1,,,1,,,,,2025-10-20,1,1,100,---,---,1.0,60.0,---,---,---,---,1,,,,,,---,---,---,---,---,---,---,---,---,---,---,---,---,---,---,---,---,---,1,,,1,,,1,,,,,advised to save it in a good place,11.1732441,8.2200052,749.6,4.98,CT-IkaTZHMY53,Sabon gari sayasaya women with dis ability cooperative,Kaduna,Ikara,,Production/Processing,Kaduna-WOFAN,0,0,6000,6000,0,0,0,0,60,6000,0,0,0,0,0,0,0,fede63ca-8b6a-427f-a96a-a25cae5a648b,ika31,29/10/2025 12:41
f2cb7842-99b7-4d5e-9db2-e2ec71b20107,f2cb7842-99b7-4d5e-9db2-e2ec71b20107,2025-09-19,,,1,,,Faro 68,2025-06-09,1,,,1,,,,,2025-10-29,1,1,14,---,---,---,---,1.0,90.0,---,---,1,,,,,,---,---,---,---,---,---,---,---,---,---,---,---,---,---,---,---,---,---,1,,,1,,,1,,,,,Masha Allah Allah ya maimaitamana mama kuma Allah ya qara lpy da Nisan kwana masu albarka Allah yasa Aljannahce makoma 🤲🤲 agreki🙏🙏,11.5472474,8.387838,1011.62,1.68,CT-KirX2BTS14,Yako unguwar mahauta agro marketers cluster,Kano,Kiru,Female,Production/Processing,Kano-WOFAN,0,0,0,0,6750,6750,0,0,90,6750,0,0,0,0,0,0,0,132a65e1-d72a-4b01-8a14-cd2604e18d75,kir03,29/10/2025 13:22
e0a5c663-bb97-45fc-8871-407e90cbebef,e0a5c663-bb97-45fc-8871-407e90cbebef,2025-09-19,,,1,,,Faro 68,2025-06-12,1,,,1,,,,,2025-10-29,1,1,14,---,---,---,---,1.0,90.0,---,---,1,,,,,,---,---,---,---,---,---,---,---,---,---,---,---,---,---,---,---,---,---,1,,,1,,,1,,,,,Masha Allah,11.5465175,8.3868378,565.98,2.81,CT-BebE0N0N29,Gargai agro marketers cluster,Kano,Bebeji,Male,Production/Processing,Kano-WOFAN,0,0,0,0,6750,6750,0,0,90,6750,0,0,0,0,0,0,0,f662da83-5881-407e-bd59-4d966584a122,kir03,29/10/2025 13:22
b1c4e317-af73-44d9-9e0e-d30c02d30fbf,b1c4e317-af73-44d9-9e0e-d30c02d30fbf,2025-09-19,,,1,,,Faro 68,2025-06-09,1,,,1,,,,,2025-10-29,1,1,14,---,---,---,---,1.0,90.0,---,---,1,,,,,,---,---,---,---,---,---,---,---,---,---,---,---,---,---,---,---,---,---,1,,,1,,,1,,,,,Masha Allah,11.546459,8.3869129,550.24,2.33,CT-Beb0FADS39,Tagidadu agro marketers cluster,Kano,Bebeji,Female,Production/Processing,Kano-WOFAN,0,0,0,0,6750,6750,0,0,90,6750,0,0,0,0,0,0,0,17571680-6c80-443b-a4f0-ac42dbe2b6ba,kir03,29/10/2025 13:22
dc303852-0b8f-44c3-84a1-4135b5ae324c,dc303852-0b8f-44c3-84a1-4135b5ae324c,2025-09-27,,,1,,,Faro 68,2025-06-11,1,,,1,,,,,2025-10-28,1,1,14,---,---,---,---,1.0,90.0,---,---,1,,,,,,---,---,---,---,---,---,---,---,---,---,---,---,---,---,---,---,---,---,1,,,1,,,1,,,,,Masha Allah,11.5464569,8.3869725,562.42,0.93,CT-BebAYVIQ34,Ranka agro marketers cluster,Kano,Bebeji,Female,Production/Processing,Kano-WOFAN,0,0,0,0,6750,6750,0,0,90,6750,0,0,0,0,0,0,0,58c30149-4c58-4431-9191-4c59f90dd5b4,kir03,29/10/2025 13:22
d7c8c7df-e67a-469a-b195-1dab617069c7,d7c8c7df-e67a-469a-b195-1dab617069c7,2025-09-25,,,1,,,Faro 68,2025-06-11,1,,,1,,,,,2025-10-28,1,1,12,---,---,---,---,1.0,90.0,---,---,1,,,,,,---,---,---,---,---,---,---,---,---,---,---,---,---,---,---,---,---,---,1,,,1,,,1,,,,,Masha Allah,11.5464731,8.3869367,561.23,1.51,CT-Kir1JGCM48,Dangora Agro marketers cluster,Kano,Kiru,Female,Production/Processing,Kano-WOFAN,0,0,0,0,6750,6750,0,0,90,6750,0,0,0,0,0,0,0,7b0b1775-57a0-443f-8ba4-af3096d473e0,kir03,29/10/2025 13:22
cf10d859-139b-47e8-9c01-b882df4fbb48,cf10d859-139b-47e8-9c01-b882df4fbb48,2025-09-17,,,1,,,Faro 68,2025-06-15,1,,,1,,,,,2025-10-28,1,1,12,---,---,---,---,1.0,90.0,---,---,1,,,,,,---,---,---,---,---,---,---,---,---,---,---,---,---,---,---,---,---,---,1,,,1,,,1,,,,,Masha Allah,11.5464778,8.3869243,560.63,1.69,CT-KirXH7DM39,Yako mutaimaki juna agro marketers cluster,Kano,Kiru,Female,Production/Processing,Kano-WOFAN,0,0,0,0,6750,6750,0,0,90,6750,0,0,0,0,0,0,0,5242d319-7661-4cd7-8e79-36fcd0a492e7,kir03,29/10/2025 13:23
561b5879-9663-4c86-bec5-d13377ede398,561b5879-9663-4c86-bec5-d13377ede398,2025-09-30,,,1,,,Faro 68,2025-06-17,1,,,1,,,,,2025-10-28,1,1,12,---,---,---,---,1.0,90.0,---,---,1,,,,,,---,---,---,---,---,---,---,---,---,---,---,---,---,---,---,---,---,---,1,,,1,,,1,,,,,Masha Allah,11.546469,8.3869034,556.63,0.72,CT-BebR9HER35,Gargai agro marketers cluster,Kano,Bebeji,Female,Production/Processing,Kano-WOFAN,0,0,0,0,6750,6750,0,0,90,6750,0,0,0,0,0,0,0,58dc78be-a909-47a0-a441-9a78097fb158,kir03,29/10/2025 13:23
cf60935a-f28e-4f58-879d-15f526aff5d4,cf60935a-f28e-4f58-879d-15f526aff5d4,2025-09-15,,,1,,,Faro 68,2025-06-18,1,,,1,,,,,2025-10-28,1,1,12,---,---,---,---,1.0,90.0,---,---,1,,,,,,---,---,---,---,---,---,---,---,---,---,---,---,---,---,---,---,---,---,1,,,1,,,1,,,,,Masha Allah,11.5464591,8.3869008,556.08,1.1,CT-BebV4L2G19,Durmawa agro marketers cluster,Kano,Bebeji,Female,Production/Processing,Kano-WOFAN,0,0,0,0,6750,6750,0,0,90,6750,0,0,0,0,0,0,0,f7199000-49e4-4ccd-822e-09a8e9922252,kir03,29/10/2025 13:23
1aff75e2-459c-4aed-8964-00d0c65eeb8c,1aff75e2-459c-4aed-8964-00d0c65eeb8c,2025-09-22,,,1,,,Faro 68,2025-05-30,1,,,1,,,,,2025-10-28,1,1,12,---,---,---,---,1.0,90.0,---,---,1,,,,,,---,---,---,---,---,---,---,---,---,---,---,---,---,---,---,---,---,---,1,,,1,,,1,,,,,allahamdudullah,11.5464466,8.3869004,555.38,1.01,CT-BebWA93N58,Kofa agro marketers cluster,Kano,Bebeji,Female,Production/Processing,Kano-WOFAN,0,0,0,0,6750,6750,0,0,90,6750,0,0,0,0,0,0,0,d840c973-7a18-4959-9969-303eca380e89,kir03,29/10/2025 13:23
4cda0393-17bb-485b-ae7e-308d9d2592ba,4cda0393-17bb-485b-ae7e-308d9d2592ba,2025-10-25,,,1,,,good,2025-10-29,1,,,1,,,,,2025-10-27,2,2,80,---,---,---,---,2.0,850.0,---,---,,,,1,,,---,---,850.0,---,,,,,,,1,,,,,,,,1,,,1,,,1,,,,,gg,11.6467213,8.4458255,527.58,1.76,CT-GarFQD9H33,INVESTMENT AND PRODUCTION FOOD 🥑🥝 AVAILABLE,Kano,Garum_Mallam,Female,Production/Processing,Kano-WOFAN,0,0,0,0,63750,31875,0,0,850,63750,0,0,63750,0,850,63750,0,7bc2b7f0-f9a1-4d5f-81a3-cd7d090d471b,bun16,29/10/2025 13:48
97ed24ac-e66d-4f7e-bd37-12d623ad3eed,97ed24ac-e66d-4f7e-bd37-12d623ad3eed,2025-10-29,,,,1,,canned,2025-10-29,1,,,1,,,,,2025-10-29,2,2,85,---,---,---,---,---,---,2.0,850.0,,,,,1,,---,---,---,58.0,,,,,1,,,,,,,,,,1,,,1,,,1,,1,,,good,11.6459981,8.4458674,586.08,1.58,CT-Gar2MOQU14,Yalwa Disable co'operarive,Kano,Garum_Mallam,,Production,Kano-WOFAN,0,0,0,0,0,0,85000,42500,850,85000,0,0,0,5800,58,5800,0,8e4c0551-d923-459c-84b9-f06916e4386b,bun16,29/10/2025 13:49
d51200f8-f808-4438-bf2e-8ab4c7dae176,d51200f8-f808-4438-bf2e-8ab4c7dae176,2025-10-10,,,1,,,rice,2025-10-20,1,,,1,,,,,2025-10-29,1,70,11,---,---,---,---,1.0,70.0,---,---,1,,,,,,---,---,---,---,---,---,---,---,---,---,---,---,---,---,---,---,---,---,,1,,1,,,1,,,,,good farm,11.5690683,8.3859167,533.4,3.6,CT-Beb87GUI39,Kuki culster cooperative society limited,Kano,Bebeji,,Production/Processing,Kano-WOFAN,0,0,0,0,5250,5250,0,0,70,5250,0,0,0,0,0,0,0,b0c7520d-ba68-4e4a-9df5-bb2b45c57157,beb05,29/10/2025 14:03
3ad0fb7c-f220-4f02-8d37-c5298ce4092e,3ad0fb7c-f220-4f02-8d37-c5298ce4092e,2025-10-28,,,1,,,faro,2025-10-28,1,,,1,,,,,2025-10-28,1,70,11,---,---,---,---,1.0,70.0,---,---,1,,,,,,---,---,---,---,---,---,---,---,---,---,---,---,---,---,---,---,---,---,,1,,1,,,1,,,,,very good harvest,11.5690983,8.3858883,533.1,3.7,CT-TudQND9417,KUKI BAKIN KASUWA,Kano,Tudun_Wada,,Production,Kano-WOFAN,0,0,0,0,5250,5250,0,0,70,5250,0,0,0,0,0,0,0,4c46d34b-33d0-4053-922a-287959151d49,beb05,29/10/2025 14:03
a7f229b2-873c-44b1-a78a-509f18c690ce,a7f229b2-873c-44b1-a78a-509f18c690ce,2025-10-25,,1,,,,Maize,2025-06-07,1,,,1,,,,,2025-10-05,1,90,10,---,---,1.0,90.0,---,---,---,---,1,,,,,,---,---,---,---,---,---,---,---,---,---,---,---,---,---,---,---,---,---,1,,,1,,,1,,,,,Good Training,12.0556733,8.2740883,502.7,4.94,CT-RimYC9G823,YARO TASHIKA NEMA RIMIN GADO CLSUTER,Kano,Rimi_Gado,,Production,Kano-WOFAN,0,0,9000,9000,0,0,0,0,90,9000,0,0,0,0,0,0,0,68a82c8f-e69e-4969-8561-cf8d4c70fcc0,rig09,29/10/2025 14:40
77fc9c04-6075-4c91-8837-3ba209371daa,77fc9c04-6075-4c91-8837-3ba209371daa,2025-10-28,,1,,,,maize,2025-06-25,1,,,1,,,,,2025-10-13,1,1,10,---,---,1.0,60.0,---,---,---,---,1,,,,,,---,---,---,---,---,---,---,---,---,---,---,---,---,---,---,---,---,---,1,1,,1,1,,1,,,,,Storage,11.7679983,8.46527,457.5,5.0,CT-KurUPTIX09,Kura kurunsmu clustei,Kano,Kura,Female,Production/Processing,Kano-WOFAN,0,0,6000,6000,0,0,0,0,60,6000,0,0,0,0,0,0,0,c13e84d7-0800-416f-b530-04f8290ebf64,kur01,29/10/2025 14:57
36df0a7b-d63a-4fac-96c1-72cb9ea6d55b,36df0a7b-d63a-4fac-96c1-72cb9ea6d55b,2025-10-08,,,1,,,cp faro 67,2025-06-28,1,,,1,,,,,2025-10-07,2,160,3,---,---,---,---,2.0,165.0,---,---,1,,,,,,---,---,---,---,---,---,---,---,---,---,---,---,---,---,---,---,---,---,,1,,,1,,1,,,,,Good,12.0464352,9.4193695,400.3,3.1,CT-JahKA36Z27,PEOPLE WITH DISABILITY KANWA GIDAN TUDU,Jigawa,Jahun,Both,Production/Processing,Jigawa-WOFAN,0,0,0,0,12375,6188,0,0,165,12375,0,0,0,0,0,0,0,22d4bce8-7e48-4c6f-afd9-d5292876435f,jah40,29/10/2025 14:59
05e27c59-835d-4b1b-8ca6-81188c05488e,05e27c59-835d-4b1b-8ca6-81188c05488e,2025-09-13,,,1,,,Faro 67,2025-07-01,1,,,1,,,,,2025-06-01,2,85,12,---,---,---,---,2.0,85.0,---,---,1,,,,,,---,---,---,---,---,---,---,---,---,---,---,---,---,---,---,---,---,---,1,,,1,,,1,,,,,Komai yayi yadda yakamata good,12.1515389,9.1655469,375.9,4.95,CT-RinRGE7T57,People with disability tsungur,Jigawa,Ringim,,Production/Processing,Jigawa-WOFAN,0,0,0,0,6375,3188,0,0,85,6375,0,0,0,0,0,0,0,b0f1b9c4-aeed-449b-b329-6abfb17dfb06,jah34,29/10/2025 15:53
d5a14a53-507c-49e0-a0fb-bcf30cecd610,d5a14a53-507c-49e0-a0fb-bcf30cecd610,2025-10-09,,,1,,,Rice,2025-06-21,1,,,1,,,,,2025-10-19,1,1,7,---,---,---,---,1.0,60.0,---,---,,,,1,,,---,---,0.5,---,,,,,,,,,,,,,1,,1,,,1,,,1,,,,,good,11.822715,8.902575,445.1,2.7,CT-JahK166J27,Damutawa Disabled Group WOFAN multipurpose Cooperative,Jigawa,Jahun,Both,Production/Processing,Jigawa-WOFAN,0,0,0,0,4500,4500,0,0,60,4500,0,0,37.5,0,0.5,37.5,0,69e0126a-9545-4b82-b7a6-e0b1f27bff67,jah66,29/10/2025 15:56
d6589d27-437f-422b-9812-2bb38261d8ce,d6589d27-437f-422b-9812-2bb38261d8ce,2025-10-21,,1,,,,Maize,2025-06-06,1,,,1,,,,,2025-10-28,1,1,7,---,---,1.0,20.0,---,---,---,---,,,1,,,,---,0.5,---,---,,,,,,,,,,,,,1,,1,,,1,,,1,,,,,good,11.833545,8.91317,445.1,4.95,CT-JahK166J27,Damutawa Disabled Group WOFAN multipurpose Cooperative,Jigawa,Jahun,Both,Production/Processing,Jigawa-WOFAN,0,0,2000,2000,0,0,0,0,20,2000,0,50,0,0,0.5,50,0,69e0126a-9545-4b82-b7a6-e0b1f27bff67,jah66,29/10/2025 15:56
f7f5568f-80b5-4599-ae30-985d6eb019b0,f7f5568f-80b5-4599-ae30-985d6eb019b0,2025-10-09,,,1,,,Rice,2025-06-19,1,,,1,,,,,2025-10-13,1,1,6,---,---,---,---,1.0,65.0,---,---,,,,1,,,---,---,0.5,---,,,,,,,,,,,,,1,,1,,,1,,,1,,,,,good,11.8335567,8.91322,445.1,3.95,CT-Jah9KATP16,Zangon Danlawan Tukuyawa Disabled Multi-purpose Cooperative Society,Jigawa,Jahun,Both,Production/Processing,Jigawa-WOFAN,0,0,0,0,4875,4875,0,0,65,4875,0,0,37.5,0,0.5,37.5,0,0c027f04-74a8-4c0a-9ddf-10179a32b238,jah66,29/10/2025 15:56
b6791173-b32c-401f-a138-f20af281021e,b6791173-b32c-401f-a138-f20af281021e,2025-10-17,,1,,,,Maize,2025-06-14,1,,,1,,,,,2025-10-20,1,1,6,---,---,1.0,20.0,---,---,---,---,,,1,,,,---,0.5,---,---,,,,,,,1,,,1,,,1,,1,,,1,,,1,,,,,good,11.8335167,8.9131867,445.1,2.4,CT-Jah9KATP16,Zangon Danlawan Tukuyawa Disabled Multi-purpose Cooperative Society,Jigawa,Jahun,Both,Production/Processing,Jigawa-WOFAN,0,0,2000,2000,0,0,0,0,20,2000,0,50,0,0,0.5,50,0,0c027f04-74a8-4c0a-9ddf-10179a32b238,jah66,29/10/2025 15:56
7ec8b504-88e1-4001-97c3-1d49c31c469c,7ec8b504-88e1-4001-97c3-1d49c31c469c,2025-10-19,,,1,,,Rice,2025-06-13,1,,,1,,,,,2025-10-11,1,1,7,---,---,---,---,1.0,65.0,---,---,,,,1,,,---,---,0.5,---,1,,,,,,,,,,,,1,,1,,,1,,,1,,,,,good,11.83677,8.918935,445.1,4.5,CT-JahT3O8645,isari kale & Buraburi Disabled WOFAN Cooperative society,Jigawa,Jahun,Both,Production/Processing,Jigawa-WOFAN,0,0,0,0,4875,4875,0,0,65,4875,0,0,37.5,0,0.5,37.5,0,2a4da298-bfa1-4d6b-a6ff-60aec15bcb79,jah66,29/10/2025 15:56
55f95b07-6e83-4e19-b031-0af243a81a9a,55f95b07-6e83-4e19-b031-0af243a81a9a,2025-10-10,,1,,,,Maize,2025-06-30,1,,,1,,,,,2025-10-12,1,1,7,---,---,1.0,21.0,---,---,---,---,,,1,,,,---,0.2,---,---,,,,,,,,,,,,,1,,1,,,1,,,1,,,,,good,11.8435483,8.9363383,445.1,3.1,CT-JahT3O8645,isari kale & Buraburi Disabled WOFAN Cooperative society,Jigawa,Jahun,Both,Production/Processing,Jigawa-WOFAN,0,0,2100,2100,0,0,0,0,21,2100,0,20,0,0,0.2,20,0,2a4da298-bfa1-4d6b-a6ff-60aec15bcb79,jah66,29/10/2025 15:56
ad972741-f33e-4aaf-bdc9-c3de5f013947,ad972741-f33e-4aaf-bdc9-c3de5f013947,2025-10-12,,,1,,,Rice,2025-06-25,1,,,1,,,,,2025-10-12,1,1,6,---,---,---,---,1.0,61.0,---,---,,,,1,,,---,---,0.5,---,1,,,,,,1,,,,,,,,1,,,1,,,1,,,,,good,11.8549567,8.9670083,489.6,4.59,CT-JahEG2KV04,Dongulumin Sabo Disabled Women WOFAN multipurpose Cooperative,Jigawa,Jahun,Both,Production/Processing,Jigawa-WOFAN,0,0,0,0,4575,4575,0,0,61,4575,0,0,37.5,0,0.5,37.5,0,f40343f2-018f-4c2b-b81f-8c076f7dda59,jah66,29/10/2025 15:56
35a12f3a-ba6f-46fb-bd51-4e3c2a337022,35a12f3a-ba6f-46fb-bd51-4e3c2a337022,2025-10-23,,1,,,,Maize,2025-06-23,1,,,1,,,,,2025-10-21,1,1,6,---,---,1.0,20.0,---,---,---,---,,,1,,,,---,0.5,---,---,,,,,,,1,,,,,,1,,1,,,1,,,1,,,,,good,11.8597267,8.9757417,483.4,3.1,CT-JahEG2KV04,Dongulumin Sabo Disabled Women WOFAN multipurpose Cooperative,Jigawa,Jahun,Both,Production/Processing,Jigawa-WOFAN,0,0,2000,2000,0,0,0,0,20,2000,0,50,0,0,0.5,50,0,f40343f2-018f-4c2b-b81f-8c076f7dda59,jah66,29/10/2025 15:56
874eacf4-ba4d-4033-a1ce-9cd81093e3ae,874eacf4-ba4d-4033-a1ce-9cd81093e3ae,2025-10-11,,,1,,,Rice,2025-06-21,1,,,1,,,,,2025-10-21,1,1,6,---,---,---,---,1.0,55.0,---,---,,,,1,,,---,---,0.5,---,,,,,,,,,,,,,1,,1,,,1,,,1,,,,,good,11.8661483,8.9867533,501.1,3.9,CT-JahBUQ6O44,Danbarama Disabled Group Cooperative Multipurpose,Jigawa,Jahun,Both,Production/Processing,Jigawa-WOFAN,0,0,0,0,4125,4125,0,0,55,4125,0,0,37.5,0,0.5,37.5,0,423767d6-c3cc-458d-bc1e-661d9b8f17ef,jah66,29/10/2025 15:56
4cdf3d07-23cc-4cc3-ab4f-f6a5e933719a,4cdf3d07-23cc-4cc3-ab4f-f6a5e933719a,2025-10-10,,1,,,,maize,2025-07-22,1,,,1,,,,,2025-10-15,1,1,1,---,---,1.0,25.0,---,---,---,---,,,1,,,,---,0.5,---,---,,,,,,,,,,,,,1,,1,,,1,,,1,,,,,good,11.8742,9.0035717,513.69,5.0,CT-JahBUQ6O44,Danbarama Disabled Group Cooperative Multipurpose,Jigawa,Jahun,Both,Production/Processing,Jigawa-WOFAN,0,0,2500,2500,0,0,0,0,25,2500,0,50,0,0,0.5,50,0,423767d6-c3cc-458d-bc1e-661d9b8f17ef,jah66,29/10/2025 15:56
c843dcea-58a8-406b-a2ca-ad4c4df179bc,c843dcea-58a8-406b-a2ca-ad4c4df179bc,2025-10-24,,1,,,,maize,2025-06-21,1,,,1,,,,,2025-10-13,2,2,75,---,---,2.0,140.0,---,---,---,---,1,,,,,,---,---,---,---,---,---,---,---,---,---,---,---,---,---,---,---,---,---,1,,,1,,,1,,,,,good,11.6353654,8.4039417,507.4,4.92,CT-GarZUV4H47,Makwaro masu kananan sanaoi yan awara business and micro markatars,Kano,Garum_Mallam,Female,Production/Processing,Kano-WOFAN,0,0,14000,7000,0,0,0,0,140,14000,0,0,0,0,0,0,0,bef5f728-4a5b-4809-a30d-5ee8b071889a,gmm20,29/10/2025 16:01
8c9cb6d6-b710-4703-8386-b719ddd1f14f,8c9cb6d6-b710-4703-8386-b719ddd1f14f,2025-10-20,,,1,,,rice,2025-06-20,1,,,1,,,,,2025-10-12,2,2,75,---,---,---,---,2.0,160.0,---,---,1,,,,,,---,---,---,---,---,---,---,---,---,---,---,---,---,---,---,---,---,---,1,,,1,,,1,,,,,good,11.6353576,8.4039764,507.3,4.97,CT-GarZUV4H47,Makwaro masu kananan sanaoi yan awara business and micro markatars,Kano,Garum_Mallam,Female,Production/Processing,Kano-WOFAN,0,0,0,0,12000,6000,0,0,160,12000,0,0,0,0,0,0,0,bef5f728-4a5b-4809-a30d-5ee8b071889a,gmm20,29/10/2025 16:01
942deb16-1d56-4860-99f0-c7b05d57592b,942deb16-1d56-4860-99f0-c7b05d57592b,2025-10-25,,,1,,,rice,2025-06-21,1,,,1,,,,,2025-10-10,2,2,75,---,---,---,---,2.0,160.0,---,---,1,,,,,,---,---,---,---,---,---,---,---,---,---,---,---,---,---,---,---,---,---,1,,,1,,,1,,,,,good,11.6353524,8.4038658,494.5,5.0,CT-KurLWOV634,DUMAJI GIDAN MAI UNGUWA CLUSTER,Kano,Kura,Female,Production/Processing,Kano-WOFAN,0,0,0,0,12000,6000,0,0,160,12000,0,0,0,0,0,0,0,b938f109-4825-4538-8208-3e92a5205fe1,gmm20,29/10/2025 16:04
b232fb2a-93de-44a7-85f4-e6dc9bc0c6f1,b232fb2a-93de-44a7-85f4-e6dc9bc0c6f1,2025-10-25,,1,,,,maize,2025-06-20,1,,,1,,,,,2025-10-07,2,2,75,---,---,2.0,140.0,---,---,---,---,1,,,,,,---,---,---,---,---,---,---,---,---,---,---,---,---,---,---,---,---,---,1,,,1,,,1,,,,,good,11.635355,8.4038583,494.6,4.59,CT-KurLWOV634,DUMAJI GIDAN MAI UNGUWA CLUSTER,Kano,Kura,Female,Production/Processing,Kano-WOFAN,0,0,14000,7000,0,0,0,0,140,14000,0,0,0,0,0,0,0,b938f109-4825-4538-8208-3e92a5205fe1,gmm20,29/10/2025 16:04
371938ef-d540-4e8f-a117-50ff8c67389f,371938ef-d540-4e8f-a117-50ff8c67389f,2025-10-26,,,1,,,rice,2025-07-07,1,,,1,,,,,2025-10-08,2,2,2,---,---,---,---,2.0,120.0,---,---,1,,,,,,---,---,---,---,---,---,---,---,---,---,---,---,---,---,---,---,---,---,1,,,1,,,1,,,,,good,11.7792758,8.4247109,496.1,2.13,CT-Gar7PLZM13,"DOGARO DA KAI SHINE LAYE
MAKE YOUR OWN",Kano,Garum_Mallam,Male,Production,Kano-WOFAN,0,0,0,0,9000,4500,0,0,120,9000,0,0,0,0,0,0,0,393268b0-44bd-4783-9b68-ba541687fc0b,bun07,29/10/2025 16:04
59025dc0-7b73-4750-b7aa-741afa9e7181,59025dc0-7b73-4750-b7aa-741afa9e7181,2025-06-30,,1,,,,maize,2025-06-30,1,,,1,,,,,2025-10-29,2,2,2,---,---,2.0,110.0,---,---,---,---,1,,,,,,---,---,---,---,---,---,---,---,---,---,---,---,---,---,---,---,---,---,1,,,1,,,1,,,,,good,11.779313,8.4247129,496.1,1.24,CT-Gar7PLZM13,"DOGARO DA KAI SHINE LAYE
MAKE YOUR OWN",Kano,Garum_Mallam,Male,Production,Kano-WOFAN,0,0,11000,5500,0,0,0,0,110,11000,0,0,0,0,0,0,0,393268b0-44bd-4783-9b68-ba541687fc0b,bun07,29/10/2025 16:04
66e38c04-7563-4aee-95ac-cb299ebcd5ad,66e38c04-7563-4aee-95ac-cb299ebcd5ad,2025-10-26,,,1,,,rice,2025-06-29,1,,,1,,,,,2025-10-10,2,2,2,---,---,---,---,2.0,150.0,---,---,1,,,,,,---,---,---,---,---,---,---,---,---,---,---,---,---,---,---,---,---,---,1,,,1,,,1,,,,,good,11.7793126,8.4247117,496.1,4.11,CT-Gar9F5ZE44,Mudawa kofar kudu Amana Dambu cooperative Society Limited,Kano,Garum_Mallam,,Production/Processing,Kano-WOFAN,0,0,0,0,11250,5625,0,0,150,11250,0,0,0,0,0,0,0,0f1aaa56-23e9-4d56-8ea5-ca812f171984,bun07,29/10/2025 16:06
fa04872b-499c-4d1c-8146-6df46687f145,fa04872b-499c-4d1c-8146-6df46687f145,2025-10-28,,1,,,,maize,2025-06-05,1,,,1,,,,,2025-10-10,2,2,2,---,---,2.0,85.0,---,---,---,---,1,,,,,,---,---,---,---,---,---,---,---,---,---,---,---,---,---,---,---,---,---,1,,,1,,,1,,,,,good,11.7793111,8.4247124,496.1,1.68,CT-Gar9F5ZE44,Mudawa kofar kudu Amana Dambu cooperative Society Limited,Kano,Garum_Mallam,,Production/Processing,Kano-WOFAN,0,0,8500,4250,0,0,0,0,85,8500,0,0,0,0,0,0,0,0f1aaa56-23e9-4d56-8ea5-ca812f171984,bun07,29/10/2025 16:06
e771a8db-1b51-4bfc-8d2b-772eb86c9385,e771a8db-1b51-4bfc-8d2b-772eb86c9385,2025-10-29,,,1,,,rice,2025-06-28,1,,,1,,,,,2025-10-08,2,2,3,---,---,---,---,2.0,180.0,---,---,1,,,,,,---,---,---,---,---,---,---,---,---,---,---,---,---,---,---,---,---,---,1,,,1,,,1,,,,,good,11.7793163,8.4247095,496.1,0.96,CT-GarSC7TP52,Bakin kasuwa Masu Fura da Nono Nagge diyem cooperative society Limited,Kano,Garum_Mallam,,Production/Processing,Kano-WOFAN,0,0,0,0,13500,6750,0,0,180,13500,0,0,0,0,0,0,0,8a9199cc-d2fd-44cd-830f-97d3bdbdaf90,bun07,29/10/2025 16:06
77f47c37-df43-41c0-8573-472f880c3b2a,77f47c37-df43-41c0-8573-472f880c3b2a,2025-10-29,,1,,,,maize,2025-06-26,1,,,1,,,,,2025-10-10,2,2,2,---,---,2.0,105.0,---,---,---,---,1,,,,,,---,---,---,---,---,---,---,---,---,---,---,---,---,---,---,---,---,---,1,,,1,,,1,,,,,a very good harvesting,11.7793091,8.4247058,496.1,1.03,CT-GarSC7TP52,Bakin kasuwa Masu Fura da Nono Nagge diyem cooperative society Limited,Kano,Garum_Mallam,,Production/Processing,Kano-WOFAN,0,0,10500,5250,0,0,0,0,105,10500,0,0,0,0,0,0,0,8a9199cc-d2fd-44cd-830f-97d3bdbdaf90,bun07,29/10/2025 16:06
72305156-2e6c-4d0e-8ab6-6c1a9814bb65,72305156-2e6c-4d0e-8ab6-6c1a9814bb65,2025-10-28,,,1,,,rice,2025-06-28,1,,,1,,,,,2025-10-01,2,2,2,---,---,---,---,2.0,150.0,---,---,1,,,,,,---,---,---,---,---,---,---,---,---,---,---,---,---,---,---,---,---,---,1,,,1,,,1,,,,,good,11.7802114,8.4243747,496.1,3.64,CT-GarDZDXU59,Kofar Kudu Fresh Restaurant food cooperative Society Limited,Kano,Garum_Mallam,,Production/Processing,Kano-WOFAN,0,0,0,0,11250,5625,0,0,150,11250,0,0,0,0,0,0,0,bb0ca54c-9a91-4feb-83f7-9fd6ff6b91fa,bun07,29/10/2025 16:06
66bcfef3-261f-48be-b4ca-91447ed498ec,66bcfef3-261f-48be-b4ca-91447ed498ec,2025-10-16,,,1,,,cp faro 67,2025-07-27,1,,,1,,,,,2025-10-07,2,2,3,---,---,---,---,2.0,164.0,---,---,1,,,,,,---,---,---,---,---,---,---,---,---,---,---,---,---,---,---,---,---,---,,1,,,1,,1,,,,,ok,12.0494084,9.4257538,425.4,3.2,CT-Jah5KMMD15,Women Disable Association Kanwa,Jigawa,Jahun,Female,Production/Processing,Jigawa-WOFAN,0,0,0,0,12300,6150,0,0,164,12300,0,0,0,0,0,0,0,7b8de60d-e1cf-4f87-831b-c15183646fbd,jah40,29/10/2025 16:06
86a161cb-2327-49b1-a68e-ba095503529c,86a161cb-2327-49b1-a68e-ba095503529c,2025-10-29,,1,,,,maize,2025-06-25,1,,,1,,,,,2025-10-21,2,2,2,---,---,2.0,110.0,---,---,---,---,1,,,,,,---,---,---,---,---,---,---,---,---,---,---,---,---,---,---,---,---,---,1,,,1,,,1,,,,,good,11.7798174,8.4245365,496.1,1.47,CT-GarDZDXU59,Kofar Kudu Fresh Restaurant food cooperative Society Limited,Kano,Garum_Mallam,,Production/Processing,Kano-WOFAN,0,0,11000,5500,0,0,0,0,110,11000,0,0,0,0,0,0,0,bb0ca54c-9a91-4feb-83f7-9fd6ff6b91fa,bun07,29/10/2025 16:09
9e5d58dc-e4e3-4af8-9d6c-b83686e179ba,9e5d58dc-e4e3-4af8-9d6c-b83686e179ba,2025-10-27,,1,,,,maize,2025-06-25,1,,,1,,,,,2025-10-10,2,2,2,---,---,2.0,105.0,---,---,---,---,1,,,,,,---,---,---,---,---,---,---,---,---,---,---,---,---,---,---,---,---,---,1,,,1,,,1,,,,,good,11.77954,8.424666,496.1,1.32,CT-GarABFWP18,Garun Mallam Disable Cluster A,Kano,Garum_Mallam,,Production,Kano-WOFAN,0,0,10500,5250,0,0,0,0,105,10500,0,0,0,0,0,0,0,4410b621-2686-4075-8d4a-3b475da97622,bun07,29/10/2025 16:09
74829249-3e13-45e0-9f70-1f411bbf9e1f,74829249-3e13-45e0-9f70-1f411bbf9e1f,2025-10-29,,,1,,,rice,2025-06-27,1,,,1,,,,,2025-10-12,2,2,2,---,---,---,---,2.0,160.0,---,---,1,,,,,,---,---,---,---,---,---,---,---,---,---,---,---,---,---,---,---,---,---,1,,,1,,,1,,,,,good,11.7792416,8.4246829,496.1,1.52,CT-GarABFWP18,Garun Mallam Disable Cluster A,Kano,Garum_Mallam,,Production,Kano-WOFAN,0,0,0,0,12000,6000,0,0,160,12000,0,0,0,0,0,0,0,4410b621-2686-4075-8d4a-3b475da97622,bun07,29/10/2025 16:09
db69aa36-03a4-44bb-93c0-02ef0d4ded59,db69aa36-03a4-44bb-93c0-02ef0d4ded59,2025-10-25,,1,,,,maize,2025-06-27,1,,,1,,,,,2025-10-09,2,2,1,---,---,2.0,95.0,---,---,---,---,1,,,,,,---,---,---,---,---,---,---,---,---,---,---,---,---,---,---,---,---,---,1,,,1,,,1,,,,,good,11.7793032,8.4247437,526.2,1.24,CT-GarBXYGR19,Garun Mallam Disable Cluster B,Kano,Garum_Mallam,,Production,Kano-WOFAN,0,0,9500,4750,0,0,0,0,95,9500,0,0,0,0,0,0,0,10f80879-dd67-463b-ad69-f3a9316640b5,bun07,29/10/2025 16:09
51474e3d-32b2-4019-b33b-4b2a344fc7d8,51474e3d-32b2-4019-b33b-4b2a344fc7d8,2025-10-27,,,1,,,rice,2025-07-01,1,,,1,,,,,2025-10-09,2,2,2,---,---,---,---,2.0,170.0,---,---,1,,,,,,---,---,---,---,---,---,---,---,---,---,---,---,---,---,---,---,---,---,1,,,,1,,1,,,,,good,11.7792662,8.4247425,526.77,1.24,CT-GarBXYGR19,Garun Mallam Disable Cluster B,Kano,Garum_Mallam,,Production,Kano-WOFAN,0,0,0,0,12750,6375,0,0,170,12750,0,0,0,0,0,0,0,10f80879-dd67-463b-ad69-f3a9316640b5,bun07,29/10/2025 16:09
8c95fe53-9124-4545-a74a-b19253d5fd10,8c95fe53-9124-4545-a74a-b19253d5fd10,2025-10-29,,,1,,,rice,2025-07-01,1,,,1,,,,,2025-10-29,2,2,2,---,---,---,---,2.0,175.0,---,---,1,,,,,,---,---,---,---,---,---,---,---,---,---,---,---,---,---,---,---,---,---,1,,,1,,,1,,,,,good,11.7792665,8.4247125,501.84,3.94,CT-Gar5587N48,Dawakin kudu matan tasa Masu sana'a Cooperative Society Limited,Kano,Garum_Mallam,,Production/Processing,Kano-WOFAN,0,0,0,0,13125,6563,0,0,175,13125,0,0,0,0,0,0,0,6d16f8e1-c300-49a0-b21e-2a6820ab40b5,bun07,29/10/2025 16:18
586d8c22-4389-4873-9e94-8ae893d8eb5b,586d8c22-4389-4873-9e94-8ae893d8eb5b,2025-10-29,,1,,,,Sam....,2025-06-15,1,,,1,,,,,2025-10-03,2,2,12,---,---,2.0,130.0,---,---,---,---,,,1,,,,---,0.5,---,---,1,,,,,,,,,,,,,,1,,,1,,,1,,,,,Good,10.0279466,11.2051427,464.48,0.6,CT-AkkIN17I04,Kembu PWD WOFAN Cluster,Gombe,Akko,,Production/Processing,Gombe-WOFAN,0,0,13000,6500,0,0,0,0,130,13000,0,50,0,0,0.5,50,0,f7dde969-7b5e-4d13-98be-eab7f517e560,akk04,29/10/2025 16:19
bd19348e-446e-4ee4-a0d4-c638eecfbe4a,bd19348e-446e-4ee4-a0d4-c638eecfbe4a,2025-10-25,,1,,,,maize,2025-06-23,1,,,1,,,,,2025-10-09,2,2,2,---,---,2.0,100.0,---,---,---,---,1,,,,,,---,---,---,---,---,---,---,---,---,---,---,---,---,---,---,---,---,---,1,,,1,,,1,,,,,good,11.7792937,8.424696,496.1,1.02,CT-Gar4QOLD56,Barnawa cluster A,Kano,Garum_Mallam,Female,Production/Processing,Kano-WOFAN,0,0,10000,5000,0,0,0,0,100,10000,0,0,0,0,0,0,0,d785f21d-bb5e-4d96-9b05-3ed0d9cbbf1f,bun07,29/10/2025 16:19
e2cef067-30a1-4a53-9902-2b5c58924c42,e2cef067-30a1-4a53-9902-2b5c58924c42,2025-10-28,,1,,,,maize,2025-06-28,,1,,1,,,,,2025-10-24,2,2,1,---,---,2.0,99.0,---,---,---,---,1,,,,,,---,---,---,---,---,---,---,---,---,---,---,---,---,---,---,---,---,---,1,,,1,,,1,,,,,good,11.7793004,8.4247317,503.63,0.87,CT-Gar5587N48,Dawakin kudu matan tasa Masu sana'a Cooperative Society Limited,Kano,Garum_Mallam,,Production/Processing,Kano-WOFAN,0,0,9900,4950,0,0,0,0,99,9900,0,0,0,0,0,0,0,6d16f8e1-c300-49a0-b21e-2a6820ab40b5,bun07,29/10/2025 16:21
df80a2c6-e6e3-4a51-ba0f-68c03ca6aa9d,df80a2c6-e6e3-4a51-ba0f-68c03ca6aa9d,2025-10-28,,,1,,,rice,2025-06-29,1,,,1,,,,,2025-10-29,2,2,1,---,---,---,---,2.0,180.0,---,---,1,,,,,,---,---,---,---,---,---,---,---,---,---,---,---,---,---,---,---,---,---,1,,,1,,,1,,,,,good,11.779304,8.424675,504.19,4.71,CT-Gar4QOLD56,Barnawa cluster A,Kano,Garum_Mallam,Female,Production/Processing,Kano-WOFAN,0,0,0,0,13500,6750,0,0,180,13500,0,0,0,0,0,0,0,d785f21d-bb5e-4d96-9b05-3ed0d9cbbf1f,bun07,29/10/2025 16:21
674f5817-b88f-4b74-9ce2-6f817c52a72b,674f5817-b88f-4b74-9ce2-6f817c52a72b,2025-10-25,,1,,,,Samaz,2025-06-20,1,,,1,,,,,2025-05-10,2,2,12,---,---,2.0,140.0,---,---,---,---,1,,,,,,---,---,---,---,---,---,---,---,---,---,---,---,---,---,---,---,---,---,,1,,1,,,1,,,,,Good,10.2784699,11.2294697,417.64,0.95,CT-Akk3MVS145,people with disability akko cluster.,Gombe,Akko,,Production/Processing,Gombe-WOFAN,0,0,14000,7000,0,0,0,0,140,14000,0,0,0,0,0,0,0,9a3b69ae-39a0-4e95-a65c-3bd225f946f4,bill02,29/10/2025 16:29
46a3cb99-64e3-4e0f-abe8-2ddd200372bd,46a3cb99-64e3-4e0f-abe8-2ddd200372bd,2025-10-01,,1,,,,maize,2025-05-20,1,,,1,,,,,2025-06-20,85,150,150,---,---,1.0,1.0,---,---,---,---,,,1,,,,---,85.0,---,---,1,,,,,,,,,,,,,,1,,,1,,,1,,,,,good,11.6567409,8.2595363,541.29,4.86,CT-RimYC9G823,YARO TASHIKA NEMA RIMIN GADO CLSUTER,Kano,Rimi_Gado,,Production,Kano-WOFAN,0,0,100,100,0,0,0,0,1,100,0,8500,0,0,85,8500,0,68a82c8f-e69e-4969-8561-cf8d4c70fcc0,rig03,29/10/2025 16:49
5443f9d6-7b67-46e0-87e8-3fd84737fbf8,5443f9d6-7b67-46e0-87e8-3fd84737fbf8,2025-10-29,,,,1,,gegum,2025-10-29,1,,,1,,,,,2025-10-29,2,2,75,---,---,---,---,---,---,2.0,85.0,,,,,1,,---,---,---,75.0,1,,,,,,,,,,,,,,1,,,1,,,1,,,,,The Work is going good 👍👍👍👍,11.6459892,8.4437625,513.3,0.54,CT-GarZIACR56,yalwan kwari disable farmer multipurpose,Kano,Garum_Mallam,,Production,Kano-WOFAN,0,0,0,0,0,0,8500,4250,85,8500,0,0,0,7500,75,7500,0,ee9b3e93-45c1-4fa8-9d93-8b0b6b153d88,bun16,29/10/2025 17:18
43122a69-e105-4599-b4b3-6cab55ecb65b,43122a69-e105-4599-b4b3-6cab55ecb65b,2025-06-13,,,1,,,rice,2025-05-29,1,,,1,,,,,2025-06-29,2,2,75,---,---,---,---,2.0,85.0,---,---,,,,1,,,---,---,5.0,---,,,,,,,,,,,1,,,,1,,,1,,,1,,,,,good,11.6352833,8.49417,515.3,4.8,CT-GarJ8XRO35,Mudawa Masu Kiwon Kaji Da Awaki Development Association Limited,Kano,Garum_Mallam,,Production/Processing,Kano-WOFAN,0,0,0,0,6375,3188,0,0,85,6375,0,0,375,0,5,375,0,d61c77dd-848c-4f87-9127-c50517222cad,bun03,29/10/2025 17:29
83992cf9-177d-4141-bb14-9e69a901a3bb,83992cf9-177d-4141-bb14-9e69a901a3bb,2025-10-22,,,1,,,Rice,2025-08-23,1,,,1,,,,,2025-06-16,2,2,13,---,---,---,---,2.0,170.0,---,---,1,,,,,,---,---,---,---,---,---,---,---,---,---,---,---,---,---,---,---,---,---,,1,,1,,,1,,,,,Good harvest,12.0911802,9.2003403,425.3,3.2,CT-RinJIIYD13,Dagasa Women Cooperative Society Ltd.,Jigawa,Ringim,,Production,Jigawa-WOFAN,0,0,0,0,12750,6375,0,0,170,12750,0,0,0,0,0,0,0,392a6769-490e-4606-a24d-cd1f649852b5,jah25,29/10/2025 17:44
63df408c-e6ef-4a60-996c-aae4145407c1,63df408c-e6ef-4a60-996c-aae4145407c1,2025-10-28,,1,,,,Maize,2025-06-12,1,,,1,,,,,2025-10-28,1,1,12,---,---,1.0,80.0,---,---,---,---,,,1,,,,---,5.0,---,---,,,,,,,,,,,,1,,,1,,,1,,,1,,,,,take care opon your crop before you go to storage.,12.0539837,8.2710901,527.89,0.79,CT-RimYC9G823,YARO TASHIKA NEMA RIMIN GADO CLSUTER,Kano,Rimi_Gado,,Production,Kano-WOFAN,0,0,8000,8000,0,0,0,0,80,8000,0,500,0,0,5,500,0,68a82c8f-e69e-4969-8561-cf8d4c70fcc0,rig06,29/10/2025 17:53
bc4d0b10-8a39-4e16-bbb3-f7ab96f2fa4f,bc4d0b10-8a39-4e16-bbb3-f7ab96f2fa4f,2025-10-22,,1,,,,maize,2025-06-23,1,,,1,,,,,2025-10-22,1,1,12,---,---,1.0,75.0,---,---,---,---,1,,,,,,---,---,---,---,---,---,---,---,---,---,---,---,---,---,---,---,---,---,1,,,1,,,1,,,,,"Maize is best stored in dry, pest-free, and well-aerated facilities such as silos, granaries, or airtight containers to protect it from insects, mold, and moisture.",11.6591994,8.2600744,537.29,2.78,CT-Kir4B9OB57,YALWA AGRO MARKETERS CLUSTER.,Kano,Kiru,Female,Production,Kano-WOFAN,0,0,7500,7500,0,0,0,0,75,7500,0,0,0,0,0,0,0,72bcdd29-6551-42f1-90db-a5629a064bc1,kir14,29/10/2025 18:11
9f3a641a-3717-4b51-98dd-8097f0d5d519,9f3a641a-3717-4b51-98dd-8097f0d5d519,2025-10-20,,,1,,,Rice,2025-10-23,1,,,1,,,,,2025-10-20,1,1,12,---,---,---,---,1.0,95.0,---,---,1,,,,,,---,---,---,---,---,---,---,---,---,---,---,---,---,---,---,---,---,---,,1,,1,,,1,,,,,"Rice is stored in a cool, dry, and well-ventilated environment—often placed on wooden pallets or raised platforms to avoid moisture from the floor and maintain quality.",11.6591933,8.260075,537.29,4.0,CT-Kir5NK1O01,KOGO AGRO MARKETERS CLUSTER.,Kano,Kiru,Female,Production,Kano-WOFAN,0,0,0,0,7125,7125,0,0,95,7125,0,0,0,0,0,0,0,22d478fc-361b-4759-96d7-1babc779ae50,kir14,29/10/2025 18:13
cac853c3-3451-45be-b93b-77a85e6c2e3c,cac853c3-3451-45be-b93b-77a85e6c2e3c,2025-06-20,,,1,,,Faro 64,2025-06-20,1,,,1,,,,,2025-10-25,2,2,95,---,---,---,---,2.0,120.0,---,---,1,,,,,,---,---,---,---,---,---,---,---,---,---,---,---,---,---,---,---,---,---,,1,,1,,,1,,,,,Good,12.0477834,9.4227496,419.69,3.9,CT-JahO7IC249,Aujara Aminci Cluster,Jigawa,Jahun,Both,Production/Processing,Jigawa-WOFAN,0,0,0,0,9000,4500,0,0,120,9000,0,0,0,0,0,0,0,c1777eec-aa18-4e9d-851d-ac97b0c668d7,jah12,29/10/2025 18:15
593fc297-36e4-4d89-8152-32c6033f292f,593fc297-36e4-4d89-8152-32c6033f292f,2025-10-23,,,1,,,rice,2025-06-23,1,,,1,,,,,2025-10-23,1,1,14,---,---,---,---,1.0,95.0,---,---,1,,,,,,---,---,---,---,---,---,---,---,---,---,---,---,---,---,---,---,---,---,,1,,1,,,1,,,,,"Rice is stored in a cool, dry, and well-ventilated environment—often placed on wooden pallets or raised platforms to avoid moisture from the floor and maintain quality.",11.659161,8.2600513,536.9,4.47,CT-BebY8HNA28,GWARMAI AGRO MARKETERS CLUSTER.,Kano,Bebeji,Female,Production/Processing,Kano-WOFAN,0,0,0,0,7125,7125,0,0,95,7125,0,0,0,0,0,0,0,6d3185d2-f832-45e1-a517-0f14ece1e31c,kir14,29/10/2025 18:15
2b0b03d9-9563-482d-86cf-70154f98c81d,2b0b03d9-9563-482d-86cf-70154f98c81d,2025-10-22,,1,,,,maize,2025-06-25,1,,,1,,,,,2025-10-22,1,1,10,---,---,1.0,70.0,---,---,---,---,1,,,,,,---,---,---,---,---,---,---,---,---,---,---,---,---,---,---,---,---,---,1,,,1,,,1,,,,,"Maize is best stored in dry, pest-free, and well-aerated facilities such as silos, granaries, or airtight containers to protect it from insects, mold, and moisture.",11.6591683,8.2600583,536.9,4.0,CT-BebVDUL648,KOFA AGRO MARKETERS CLUSTER.,Kano,Bebeji,Female,Production/Processing,Kano-WOFAN,0,0,7000,7000,0,0,0,0,70,7000,0,0,0,0,0,0,0,db5603b3-e33e-49d9-a906-78374f78b4bb,kir14,29/10/2025 18:17
201bf72c-6172-429d-9cd7-7575f9344a43,201bf72c-6172-429d-9cd7-7575f9344a43,2025-10-19,,,1,,,Rice,2025-06-24,1,,,1,,,,,2025-10-19,1,1,12,---,---,---,---,1.0,100.0,---,---,1,,,,,,---,---,---,---,---,---,---,---,---,---,---,---,---,---,---,---,---,---,,1,,1,,,1,,,,,"Rice is stored in a cool, dry, and well-ventilated environment—often placed on wooden pallets or raised platforms to avoid moisture from the floor and maintain quality.",11.6591667,8.26006,536.79,4.7,CT-Beb2425Q43,KOFA AGRO MARKETERS CLUSTER (B).,Kano,Bebeji,Female,Production/Processing,Kano-WOFAN,0,0,0,0,7500,7500,0,0,100,7500,0,0,0,0,0,0,0,cb9d0d9d-0d1a-4584-a589-146e35428862,kir14,29/10/2025 18:19
7392a3f3-b628-44ff-9125-e9b73eb7af3e,7392a3f3-b628-44ff-9125-e9b73eb7af3e,2025-10-01,,1,,,,maize,2025-06-20,1,,,1,,,,,2025-10-01,1,1,12,---,---,1.0,80.0,---,---,---,---,1,,,,,,---,---,---,---,---,---,---,---,---,---,---,---,---,---,---,---,---,---,1,,,1,,,1,,,,,"Maize is best stored in dry, pest-free, and well-aerated facilities such as silos, granaries, or airtight containers to protect it from insects, mold, and moisture.",11.6591767,8.2601034,536.79,4.86,CT-BebFGO5Q40,GARGAI KATIRJE AGRO MARKETERS CLUSTER.,Kano,Bebeji,Female,Production,Kano-WOFAN,0,0,8000,8000,0,0,0,0,80,8000,0,0,0,0,0,0,0,c9be6479-641f-4734-92ff-3853705f8cf5,kir14,29/10/2025 18:21
005abc2b-9cab-44ea-9cac-1f7c7838f519,005abc2b-9cab-44ea-9cac-1f7c7838f519,2025-10-26,,,1,,,Faro 64,2025-06-19,1,,,1,,,,,2025-10-10,2,2,95,---,---,---,---,2.0,185.0,---,---,1,,,,,,---,---,---,---,---,---,---,---,---,---,---,---,---,---,---,---,---,---,,1,,1,,,1,,,,,Good,12.2416337,9.9099858,388.06,3.46,CT-JahM43CW22,"Guriji, Ramanu, Koran Malam Women Group Farmers with Disabilities",Jigawa,Jahun,Female,Production,Jigawa-WOFAN,0,0,0,0,13875,6938,0,0,185,13875,0,0,0,0,0,0,0,118c2558-78af-4bac-84e0-814569632e1d,jah39,29/10/2025 19:24
eae03f2a-6989-4c2e-9a79-ccfceefa232e,eae03f2a-6989-4c2e-9a79-ccfceefa232e,2025-10-29,,,1,,,Faro 68,2025-06-29,1,,,1,,,,,2025-10-29,1,1,12,---,---,---,---,1.0,90.0,---,---,,,,1,,,---,---,1.0,---,1,,,,,,,,,,,,,,1,,,1,,,1,,,,,good,11.705122,8.1332457,562.7,3.7,CT-KirSOCKK45,kiru Agor marketers cluster,Kano,Kiru,Female,Production/Processing,Kano-WOFAN,0,0,0,0,6750,6750,0,0,90,6750,0,0,75,0,1,75,0,f1dbafd6-6385-4189-9383-559edd5b28fb,kir16,29/10/2025 19:37
711d3609-65d0-4b89-a2e1-8f1ec983ae14,711d3609-65d0-4b89-a2e1-8f1ec983ae14,2025-10-29,,,1,,,faro 68,2025-06-29,1,,,1,,,,,2025-10-29,1,1,12,---,---,---,---,1.0,85.0,---,---,,,,1,,,---,---,1.0,---,1,,,,,,,,,,,,,,1,,,1,,,1,,,,,good,11.7051333,8.1332433,562.3,3.0,CT-Kir7SB8U04,Kiru agro marketers,Kano,Kiru,Female,Production/Processing,Kano-WOFAN,0,0,0,0,6375,6375,0,0,85,6375,0,0,75,0,1,75,0,7b137d30-6c6c-4b68-bff8-679b1ad9441b,kir16,29/10/2025 19:37
bc871091-06fa-4b8c-af3e-505f98350631,bc871091-06fa-4b8c-af3e-505f98350631,2025-10-29,,,1,,,Faro 68,2025-06-29,1,,,1,,,,,2025-10-29,1,1,12,---,---,---,---,1.0,90.0,---,---,,,,1,,,---,---,1.0,---,1,,,,,,,,,,,,,,1,,,1,,,1,,,,,good,11.7050834,8.1332217,561.7,2.6,CT-KirUBKAA12,Kiru agro marketers,Kano,Kiru,Female,Production/Processing,Kano-WOFAN,0,0,0,0,6750,6750,0,0,90,6750,0,0,75,0,1,75,0,6920ada3-c941-4446-abcc-1fe56f856a7a,kir16,29/10/2025 19:37
6f92b0bb-7b2b-4c48-bdf7-9dfb45805d60,6f92b0bb-7b2b-4c48-bdf7-9dfb45805d60,2025-10-29,,,1,,,Faro 68,2025-05-29,1,,,1,,,,,2025-10-29,1,1,12,---,---,---,---,1.0,90.0,---,---,,,,1,,,---,---,1.0,---,,,,1,,,,,,,,,,,,1,,,1,,1,,,,,Good,11.7051366,8.13322,562.1,3.2,CT-KirK7PSG09,Kiru agro marketers,Kano,Kiru,Female,Production/Processing,Kano-WOFAN,0,0,0,0,6750,6750,0,0,90,6750,0,0,75,0,1,75,0,cbc632b0-cc05-4e0f-9f74-82f429b31893,kir16,29/10/2025 19:37
2e99fa81-ecdc-4b4d-b902-2b7e29e64df3,2e99fa81-ecdc-4b4d-b902-2b7e29e64df3,2025-10-29,,,1,,,Faro 68,2025-06-29,1,,,1,,,,,2025-10-29,1,1,12,---,---,---,---,1.0,90.0,---,---,,,,1,,,---,---,1.0,---,,,,,,,1,,,,,,,,1,,,1,,,1,,,,,good,11.7051233,8.1332517,563.4,2.8,CT-KirQJJEW48,Kiru micro markets cluster,Kano,Kiru,Both,Production/Processing,Kano-WOFAN,0,0,0,0,6750,6750,0,0,90,6750,0,0,75,0,1,75,0,6782c0cf-4840-4ac4-a980-0aa4068d6115,kir16,29/10/2025 19:37
5732a6e3-12ad-40a7-8817-118a14c84044,5732a6e3-12ad-40a7-8817-118a14c84044,2025-10-22,,1,,,,Maize,2025-06-21,1,,,1,,,,,2025-10-13,2,2,95,---,---,2.0,149.0,---,---,---,---,,,1,,,,---,2.0,---,---,,,,,,,,,,,,,1,,1,,,1,,,1,,,,,Good,12.2344148,9.9119174,391.78,1.94,CT-JahM43CW22,"Guriji, Ramanu, Koran Malam Women Group Farmers with Disabilities",Jigawa,Jahun,Female,Production,Jigawa-WOFAN,0,0,14900,7450,0,0,0,0,149,14900,0,200,0,0,2,200,0,118c2558-78af-4bac-84e0-814569632e1d,jah39,29/10/2025 20:08
2ad2e308-8dda-4e43-be5a-9a865bfb7914,2ad2e308-8dda-4e43-be5a-9a865bfb7914,2025-10-29,,1,,,,Mez,2025-07-20,1,,,1,,,,,2025-10-29,2,2,95,---,---,2.0,120.0,---,---,---,---,,,1,,,,---,2.0,---,---,,,,,,,,,,,,,1,,1,,,1,,,1,,,,,good,12.0470137,9.4232669,402.2,1.86,CT-JahWHW5X54,Aujara special needs kurame,Jigawa,Jahun,Both,Production/Processing,Jigawa-WOFAN,0,0,12000,6000,0,0,0,0,120,12000,0,200,0,0,2,200,0,3248a566-2c8f-486a-b6c3-d40e953bc9ef,jah14,29/10/2025 20:18
015ffb1e-af16-40b7-9f64-a4f4c83efb65,015ffb1e-af16-40b7-9f64-a4f4c83efb65,2025-10-27,,,1,,,Rice,2025-07-14,1,,,1,,,,,2025-10-29,2,2,6,---,---,---,---,2.0,155.0,---,---,,,,1,,,---,---,2.0,---,,,,,,,,,,,,,1,,1,,,1,,,1,,,,,good,12.0472642,9.4228968,412.71,1.99,CT-JahNHNOE28,Aujara bakin asibiti makafi,Jigawa,Jahun,Both,Production/Processing,Jigawa-WOFAN,0,0,0,0,11625,5813,0,0,155,11625,0,0,150,0,2,150,0,b3266170-0118-44ec-82aa-664567a725c3,jah14,29/10/2025 20:18
ae17bc64-a02d-4864-a81d-4866e64f9a5b,ae17bc64-a02d-4864-a81d-4866e64f9a5b,2025-10-27,,,1,,,Rice,2025-07-19,1,,,1,,,,,2025-10-29,2,2,2,---,---,---,---,2.0,160.0,---,---,,,,1,,,---,---,2.0,---,,,,,,,,,,,,,1,,1,,,1,,,1,,,,,good,12.0473495,9.4229042,463.24,1.27,CT-JahNHNOE28,Aujara bakin asibiti makafi,Jigawa,Jahun,Both,Production/Processing,Jigawa-WOFAN,0,0,0,0,12000,6000,0,0,160,12000,0,0,150,0,2,150,0,b3266170-0118-44ec-82aa-664567a725c3,jah14,29/10/2025 20:19
93e99ae6-d4b1-4402-9f6e-d98e95c62811,93e99ae6-d4b1-4402-9f6e-d98e95c62811,2025-10-28,,1,,,,Maize,2025-07-24,1,,,1,,,,,2025-07-22,2,2,2,---,---,2.0,120.0,---,---,---,---,,,,1,,,---,---,5.0,---,,,,,,,,,,,,,1,,1,,,1,,,1,,,,,good,12.0473607,9.4229239,462.29,2.4,CT-JahNHNOE28,Aujara bakin asibiti makafi,Jigawa,Jahun,Both,Production/Processing,Jigawa-WOFAN,0,0,12000,6000,0,0,0,0,120,12000,0,0,375,0,5,375,0,b3266170-0118-44ec-82aa-664567a725c3,jah14,29/10/2025 20:21
177198c6-6b6d-4584-9eb6-53a9b617a615,177198c6-6b6d-4584-9eb6-53a9b617a615,2025-10-29,,,1,,,Rice,2025-10-28,1,,,1,,,,,2025-07-26,2,2,5,---,---,---,---,2.0,155.0,---,---,,,,1,,,---,---,2.0,---,,,,,,,,,,,,,1,,1,,,1,,,1,,,,,good,12.0474012,9.422973,460.04,3.28,CT-JahQ2YNS25,Kungiyar makafi gabas auja,Jigawa,Jahun,Both,Production/Processing,Jigawa-WOFAN,0,0,0,0,11625,5813,0,0,155,11625,0,0,150,0,2,150,0,ffdec7b2-f7b3-4620-890d-b89c319b2fd0,jah14,29/10/2025 20:24
a1ca93bc-01c0-4219-a7c5-e6f1dbf39a8f,a1ca93bc-01c0-4219-a7c5-e6f1dbf39a8f,2025-10-29,,,1,,,faro64,2025-07-14,1,,,1,,,,,2025-10-29,2,120,6,---,---,---,---,2.0,120.0,---,---,1,,,,,,---,---,---,---,---,---,---,---,---,---,---,---,---,---,---,---,---,---,,1,,1,,,1,,,,,good,12.0473419,9.4229129,462.55,3.82,CT-JahQ2YNS25,Kungiyar makafi gabas auja,Jigawa,Jahun,Both,Production/Processing,Jigawa-WOFAN,0,0,0,0,9000,4500,0,0,120,9000,0,0,0,0,0,0,0,ffdec7b2-f7b3-4620-890d-b89c319b2fd0,jah14,29/10/2025 20:25
cdeec299-283a-4a88-9e58-1c28a9a54e0a,cdeec299-283a-4a88-9e58-1c28a9a54e0a,2025-10-29,,1,1,,,faro and maize,2025-07-14,1,,,1,,,,,2025-10-29,2,120,95,---,---,1.0,60.0,1.0,60.0,---,---,1,,,,,,---,---,---,---,---,---,---,---,---,---,---,---,---,---,---,---,---,---,,1,,1,,,1,,,,,good,12.0473418,9.4229283,461.96,3.54,CT-JahQ2YNS25,Kungiyar makafi gabas auja,Jigawa,Jahun,Both,Production/Processing,Jigawa-WOFAN,0,0,6000,6000,4500,4500,0,0,120,10500,0,0,0,0,0,0,0,ffdec7b2-f7b3-4620-890d-b89c319b2fd0,jah14,29/10/2025 20:26
268d5f28-6550-4638-ae7d-af86ce81bc0d,268d5f28-6550-4638-ae7d-af86ce81bc0d,2025-05-27,,1,,,,maize samaz,2025-06-26,1,,,1,,,,,2025-09-25,1,1,12,---,---,1.0,90.0,---,---,---,---,1,,,,,,---,---,---,---,---,---,---,---,---,---,---,---,---,---,---,---,---,---,,1,,1,,,1,,,,,Masha Allah,11.5471451,8.3826736,546.09,1.14,CT-BebZMQEX53,Kofa Agro marketers Cluster,Kano,Bebeji,,Production,Kano-WOFAN,0,0,9000,9000,0,0,0,0,90,9000,0,0,0,0,0,0,0,f1f0f58b-1cc4-43d9-a08c-c958ac79d8c6,beb34,29/10/2025 20:40
12214d5d-1d37-4258-bdf7-5943216de55a,12214d5d-1d37-4258-bdf7-5943216de55a,2025-08-24,,,1,,,faro 68,2025-06-25,1,,,1,,,,,2025-09-24,1,1,11,---,---,---,---,1.0,95.0,---,---,1,,,,,,---,---,---,---,---,---,---,---,---,---,---,---,---,---,---,---,---,---,,1,,1,,,1,,,,,Masha Allah,11.5471732,8.3826569,561.92,1.26,CT-KirZ7GDN09,Dangora kofar yamma cluster,Kano,Kiru,,Production/Processing,Kano-WOFAN,0,0,0,0,7125,7125,0,0,95,7125,0,0,0,0,0,0,0,a5b9a843-b64f-4be5-9f59-c437b5680e12,beb34,29/10/2025 20:43
df99ca7b-fd31-4b2a-8b1d-231759e37bb1,df99ca7b-fd31-4b2a-8b1d-231759e37bb1,2025-10-20,,,1,,,Faro64,2025-10-26,1,,,1,,,,,2025-06-27,2,2,95,---,---,---,---,2.0,175.0,---,---,1,,,,,,---,---,---,---,---,---,---,---,---,---,---,---,---,---,---,---,---,---,,1,,1,,,1,,,,,ok,12.0476359,9.4259548,407.34,1.52,CT-Jah7OYY237,Gangawa ba bu rago,Jigawa,Jahun,,Production/Processing,Jigawa-WOFAN,0,0,0,0,13125,6563,0,0,175,13125,0,0,0,0,0,0,0,ef90a0b2-cf68-4236-9781-f243c915f48e,jah60,29/10/2025 20:49
4076a547-7455-4222-90d4-814740ff23bc,4076a547-7455-4222-90d4-814740ff23bc,2025-10-23,,,1,,,Faro 68,2025-06-30,1,,,1,,,,,2025-10-23,1,1,14,---,---,---,---,1.0,68.0,---,---,1,,,,,,---,---,---,---,---,---,---,---,---,---,---,---,---,---,---,---,---,---,1,,,1,,,1,,,,,Good,11.6681033,8.259035,546.9,4.86,CT-BebZ3Z6S03,Kamfar Bebeji Micro maketers CLUSTER,Kano,Bebeji,Female,Production,Kano-WOFAN,0,0,0,0,5100,5100,0,0,68,5100,0,0,0,0,0,0,0,9602b611-bb87-41d1-8725-8a8c9c698b35,kir06,29/10/2025 20:53
c70402aa-f452-4a54-a6eb-c66bd1425647,c70402aa-f452-4a54-a6eb-c66bd1425647,2025-10-23,,1,,,,Samaz,2025-10-23,1,,,1,,,,,2025-10-23,1,1,12,---,---,1.0,90.0,---,---,---,---,1,,,,,,---,---,---,---,---,---,---,---,---,---,---,---,---,---,---,---,---,---,1,,,1,,,1,,,,,Excellent,11.6680017,8.259155,546.8,4.82,CT-BebT31F613,Muskwani Bebeji micro maketers cluster,Kano,Bebeji,Female,Production/Processing,Kano-WOFAN,0,0,9000,9000,0,0,0,0,90,9000,0,0,0,0,0,0,0,146da095-c343-4814-90b2-3b928ab9c4ce,kir06,29/10/2025 20:53
1c98c1dd-3826-49b3-92fa-7b5a63c699b4,1c98c1dd-3826-49b3-92fa-7b5a63c699b4,2025-10-29,,,1,,,Rice,2025-06-29,1,,,1,,,,,2025-09-29,1,1,12,---,---,---,---,1.0,90.0,---,---,1,,,,,,---,---,---,---,---,---,---,---,---,---,---,---,---,---,---,---,---,---,1,,,1,,,1,,,,,Good,11.5470431,8.3826726,546.09,2.94,CT-KirQZTWQ12,Adafa dawa kiru farmers cluster,Kano,Kiru,,Production/Processing,Kano-WOFAN,0,0,0,0,6750,6750,0,0,90,6750,0,0,0,0,0,0,0,d455b855-11e9-4626-b3f1-9f5ab86ea361,beb45,29/10/2025 21:07
e7a4ff9a-3b45-4e0e-8062-62a4e90b80e7,e7a4ff9a-3b45-4e0e-8062-62a4e90b80e7,2025-10-27,,1,,,,Maize,2025-06-29,1,,,1,,,,,2025-08-29,1,1,12,---,---,1.0,80.0,---,---,---,---,,,1,,,,---,80.0,---,---,,,,,,,,,,,,,1,,1,,,1,,,1,,,,,Good,11.5475752,8.3829782,546.09,2.67,CT-KirYB2LS40,Alheri Disable Women Cluster,Kano,Kiru,,Production,Kano-WOFAN,0,0,8000,8000,0,0,0,0,80,8000,0,8000,0,0,80,8000,0,21bfb2a6-8513-4312-aca0-a9e70636f139,beb45,29/10/2025 21:07
3bc01f54-e937-449f-b68c-56369efba172,3bc01f54-e937-449f-b68c-56369efba172,2025-09-29,,,1,,,maize,2025-10-29,1,,,1,,,,,2025-09-29,1,1,12,---,---,---,---,1.0,1.0,---,---,1,,,,,,---,---,---,---,---,---,---,---,---,---,---,---,---,---,---,---,---,---,1,,,1,,,1,,,,,good,11.5470847,8.3825443,550.89,1.97,CT-BebWEA0N23,Babu nakasasshe Kofa Farmers Cluster,Kano,Bebeji,,Production,Kano-WOFAN,0,0,0,0,75,75,0,0,1,75,0,0,0,0,0,0,0,1ae9ea5d-d8ba-4307-83e8-f90f41acecac,beb45,29/10/2025 21:07
a1ddec06-430e-466a-883d-f90ee4b04363,a1ddec06-430e-466a-883d-f90ee4b04363,2025-09-15,,,1,,,Faro 67,2025-07-01,1,,,1,,,,,2025-09-15,2,86,12,---,---,---,---,2.0,85.0,---,---,1,,,,,,---,---,---,---,---,---,---,---,---,---,---,---,---,---,---,---,---,---,1,,,1,,,1,,,,,Successful,12.2864649,9.4715627,352.2,8.02,CT-TauEBJXP55,Haske Multipurpose Association of people with Disabilities,Jigawa,Taura,,Production/Processing,Jigawa-WOFAN,0,0,0,0,6375,3188,0,0,85,6375,0,0,0,0,0,0,0,2154807a-3fb2-4351-9379-08b308df0e3c,tau20,29/10/2025 21:20
558e7a1a-eeac-4deb-bcff-65335838cf0e,558e7a1a-eeac-4deb-bcff-65335838cf0e,2025-10-11,,,1,,,Faro 67,2025-07-15,1,,,1,,,,,2025-10-11,2,86,12,---,---,---,---,2.0,85.0,---,---,1,,,,,,---,---,---,---,---,---,---,---,---,---,---,---,---,---,---,---,---,---,1,,,1,,,1,,,,,successful,12.2866752,9.4727236,391.1,8.55,CT-TauXZP5X48,Amincin Association of people having Disable,Jigawa,Taura,,Production/Processing,Jigawa-WOFAN,0,0,0,0,6375,3188,0,0,85,6375,0,0,0,0,0,0,0,cacf14fe-f63a-4a3f-b3e4-6a3cb3f475d7,tau20,29/10/2025 21:21
d3b840e9-fa36-46a3-837a-3076e004b337,d3b840e9-fa36-46a3-837a-3076e004b337,2025-09-27,,,1,,,rice faro 67,2025-06-10,1,,,1,,,,,2025-10-27,1,1,10,---,---,---,---,1.0,94.0,---,---,1,,,,,,---,---,---,---,---,---,---,---,---,---,---,---,---,---,---,---,---,---,,1,,1,,,1,,,,,very good harvest,11.55873,8.58225,528.4,4.86,CT-TudNLR2N42,Yaryasa Zumunta and agro allied community multipurpose cooperative society limited,Kano,Tudun_Wada,Both,Production/Processing,Kano-WOFAN,0,0,0,0,7050,7050,0,0,94,7050,0,0,0,0,0,0,0,aacddb05-6cd0-475c-9ef7-482a6d7b7cc0,tun05,30/10/2025 01:46
e2c3518b-e503-4f1b-97b5-f343627a87a4,e2c3518b-e503-4f1b-97b5-f343627a87a4,2025-06-29,,,1,,,maize,2025-06-19,1,,,1,,,,,2025-06-24,2,2,75,---,---,---,---,2.0,86.0,---,---,,,1,,,,---,5.0,---,---,,,,,,,,,,,,1,,,1,,,1,,,1,,,,,good,11.6429334,8.4927402,516.5,4.95,CT-GarJMSLL26,fanwa sabon gari women disable,Kano,Garum_Mallam,,Production,Kano-WOFAN,0,0,0,0,6450,3225,0,0,86,6450,0,500,0,0,5,500,0,43373b55-cba7-4a7d-8203-936d3877e261,bun03,30/10/2025 08:38
4a8e2cd8-3f58-4313-9e45-5572991b7172,4a8e2cd8-3f58-4313-9e45-5572991b7172,2025-06-29,,,1,,,Rice,2025-06-29,1,,,1,,,,,2025-06-12,2,2,75,---,---,---,---,2.0,89.0,---,---,,,,1,,,---,---,5.0,---,,,,,,,,,,,,1,,,1,,,1,,,1,,,,,good,11.6483117,8.48873,515.6,3.3,CT-GarUX67D29,Isa wali emporworment,Kano,Garum_Mallam,,Production,Kano-WOFAN,0,0,0,0,6675,3338,0,0,89,6675,0,0,375,0,5,375,0,5b37c4ad-93ac-4f45-91eb-4d8634e16fc6,bun03,30/10/2025 08:38
f486819d-8ee4-4abb-a4e7-7923a1171eab,f486819d-8ee4-4abb-a4e7-7923a1171eab,2025-07-19,,,1,,,Rice 🌾,2025-07-19,1,,,1,,,,,2025-07-29,2,2,75,---,---,---,---,2.0,85.0,---,---,,,,1,,,---,---,8.0,---,,,,,,,,,,,1,,,,1,,,1,,,1,,,,,good,11.6572783,8.48994,503.7,2.8,CT-GarUX67D29,Isa wali emporworment,Kano,Garum_Mallam,,Production,Kano-WOFAN,0,0,0,0,6375,3188,0,0,85,6375,0,0,600,0,8,600,0,5b37c4ad-93ac-4f45-91eb-4d8634e16fc6,bun03,30/10/2025 08:38
1ad82d85-362d-4cc3-8581-7b1d9eaf5908,1ad82d85-362d-4cc3-8581-7b1d9eaf5908,2025-07-24,,,1,,,Rice,2025-07-25,1,,,1,,,,,2025-06-24,2,2,75,---,---,---,---,2.0,89.0,---,---,,,,1,,,---,---,5.0,---,,,,,,,,,,,,1,,,1,,,1,,,1,,,,,good,11.66107,8.4880567,503.7,2.2,CT-GarUX67D29,Isa wali emporworment,Kano,Garum_Mallam,,Production,Kano-WOFAN,0,0,0,0,6675,3338,0,0,89,6675,0,0,375,0,5,375,0,5b37c4ad-93ac-4f45-91eb-4d8634e16fc6,bun03,30/10/2025 08:38
f1044c5f-c24c-45a8-9721-4be638df6732,f1044c5f-c24c-45a8-9721-4be638df6732,2025-06-29,,,1,,,Rice 🌾,2025-07-23,1,,,1,,,,,2025-07-29,2,2,75,---,---,---,---,2.0,89.0,---,---,,,,1,,,---,---,5.0,---,,,,,,,,,,,,,1,,1,,,1,,,1,,,,,good,11.6631433,8.4923167,501.2,2.8,CT-GarUX67D29,Isa wali emporworment,Kano,Garum_Mallam,,Production,Kano-WOFAN,0,0,0,0,6675,3338,0,0,89,6675,0,0,375,0,5,375,0,5b37c4ad-93ac-4f45-91eb-4d8634e16fc6,bun03,30/10/2025 08:38
3dce8b61-212c-410f-a487-1db41a92dae4,3dce8b61-212c-410f-a487-1db41a92dae4,2025-07-26,,,1,,,Rice,2025-06-29,1,,,1,,,,,2025-10-28,2,2,75,---,---,---,---,2.0,89.0,---,---,,,,1,,,---,---,10.0,---,,,,,,,,,1,,,,,,1,,,1,,,1,,,,,good,11.6630568,8.4922917,501.3,4.7,CT-GarUX67D29,Isa wali emporworment,Kano,Garum_Mallam,,Production,Kano-WOFAN,0,0,0,0,6675,3338,0,0,89,6675,0,0,750,0,10,750,0,5b37c4ad-93ac-4f45-91eb-4d8634e16fc6,bun03,30/10/2025 08:38
473dbc84-20cc-4a6a-b7c8-e37522d5defe,473dbc84-20cc-4a6a-b7c8-e37522d5defe,2025-06-29,,,1,,,Rice 🌾,2025-06-18,1,,,1,,,,,2025-10-29,2,2,75,---,---,---,---,2.0,90.0,---,---,,,,1,,,---,---,10.0,---,,,,,,,,,,1,,,,,1,,,1,,,1,,,,,good,11.6630017,8.49234,501.3,4.59,CT-GarNKR1Q33,Kofar Kudu Dogaro Da kai Development Association Limited,Kano,Garum_Mallam,,Production/Processing,Kano-WOFAN,0,0,0,0,6750,3375,0,0,90,6750,0,0,750,0,10,750,0,4e8b86b7-c693-4e18-8bfe-fd772eaf0294,bun03,30/10/2025 08:39
83446661-5955-43db-81cc-57d4bb53dee3,83446661-5955-43db-81cc-57d4bb53dee3,2025-06-29,,,1,,,Rice 🌾,2025-06-08,1,,,1,,,,,2025-10-29,2,2,75,---,---,---,---,2.0,79.0,---,---,,,,1,,,---,---,6.0,---,,,,,,,,,,,,1,,,1,,,1,,,1,,,,,good,11.662975,8.492335,501.3,5.0,CT-Gar1CPRM58,MASU NA KAN SU /PROCESS AND PRODUCTION AVAILABLE,Kano,Garum_Mallam,Female,Production/Processing,Kano-WOFAN,0,0,0,0,5925,2963,0,0,79,5925,0,0,450,0,6,450,0,8b5cd543-e607-4118-8af3-1b2fc6732e7c,bun03,30/10/2025 08:39
5a00a79a-21bb-4a0b-8301-5951258bf3c2,5a00a79a-21bb-4a0b-8301-5951258bf3c2,2025-06-29,,,1,,,Rice 🌾,2025-06-08,1,,,1,,,,,2025-10-28,2,2,75,---,---,---,---,2.0,89.0,---,---,,,,1,,,---,---,6.0,---,,,,,,,,,,,1,,,,1,,,1,,,1,,,,,good,11.6345033,8.49625,529.7,4.8,CT-GarI9MZI45,Kofar Arewa Yan cin cin Association Limited,Kano,Garum_Mallam,,Production/Processing,Kano-WOFAN,0,0,0,0,6675,3338,0,0,89,6675,0,0,450,0,6,450,0,f8c63b8b-eb6f-4aab-b7e8-4cb41f7bb313,bun03,30/10/2025 08:40
5a816317-1ead-40db-a3c2-db08cf3dd184,5a816317-1ead-40db-a3c2-db08cf3dd184,2025-10-22,,,1,,,Faro,2025-06-07,1,,,1,,,,,2025-09-20,2,2,13,---,---,---,---,2.0,160.0,---,---,1,,,,,,---,---,---,---,---,---,---,---,---,---,---,---,---,---,---,---,---,---,1,,,1,,,1,,,,,Good,10.2908633,9.79489,624.2,1.9,CT-BauFBHDX01,Liman katagun Women with disabilities multipurpose cooperative society limited,Bauchi,Bauchi,,Production,Bauchi-WOFAN,0,0,0,0,12000,6000,0,0,160,12000,0,0,0,0,0,0,0,f250a5f2-6852-43e7-b8f1-227f6d6c0563,bau17,30/10/2025 08:58
a52159fe-9967-4ff4-9d92-acfc19c214dc,a52159fe-9967-4ff4-9d92-acfc19c214dc,2025-06-30,,,1,,,Rice,2025-06-30,1,,,1,,,,,2025-08-30,2,2,75,---,---,---,---,2.0,89.0,---,---,,,,1,,,---,---,5.0,---,,,,,,,,,,,,1,,,1,,,1,,,1,,,,,good,11.6345033,8.4962883,509.3,4.65,CT-GarJMSLL26,fanwa sabon gari women disable,Kano,Garum_Mallam,,Production,Kano-WOFAN,0,0,0,0,6675,3338,0,0,89,6675,0,0,375,0,5,375,0,43373b55-cba7-4a7d-8203-936d3877e261,bun03,30/10/2025 09:05
fc5b8b08-4676-4320-9285-56544eedd95c,fc5b8b08-4676-4320-9285-56544eedd95c,2025-06-30,,,1,,,Rice,2025-06-20,1,,,1,,,,,2025-06-30,2,2,75,---,---,---,---,2.0,89.0,---,---,,,,1,,,---,---,7.0,---,,,,,,,,,,,,1,,,1,,,1,,,1,,,,,good,11.634585,8.496235,500.6,4.2,CT-GarYQBBR59,Mudawa farmers cooperative D,Kano,Garum_Mallam,,Production/Processing,Kano-WOFAN,0,0,0,0,6675,3338,0,0,89,6675,0,0,525,0,7,525,0,6c92e315-121d-41a8-b674-5537ac4eb31e,bun03,30/10/2025 09:05
8c5d0ab2-3004-4c01-91e5-5b45a763f194,8c5d0ab2-3004-4c01-91e5-5b45a763f194,2025-10-30,,1,,,,Samaz,2025-06-10,1,,,1,,,,,2025-04-27,2,2,12,---,---,2.0,140.0,---,---,---,---,1,,,,,,---,---,---,---,---,---,---,---,---,---,---,---,---,---,---,---,---,---,1,,,1,,,1,,,,,Monitoring,9.7662667,11.2265167,545.1,5.0,CT-Sho8KEON33,Kalki Shongom Disable Cluster,Gombe,Shongom,,Production,Gombe-WOFAN,0,0,14000,7000,0,0,0,0,140,14000,0,0,0,0,0,0,0,3c88bf6a-8396-4d9a-86d0-d2dda35715d4,sha01,30/10/2025 10:45
d4190567-ae66-4318-af2c-962c7bcfd8de,d4190567-ae66-4318-af2c-962c7bcfd8de,2025-10-28,,1,,,,semze,2025-06-09,1,,,1,,,,,2025-10-28,2,2,12,---,---,2.0,140.0,---,---,---,---,1,,,,,,---,---,---,---,---,---,---,---,---,---,---,---,---,---,---,---,---,---,1,,,1,,,1,,,,,good,9.8960132,11.2183767,482.7,4.6,CT-BilX278615,Muhada kai women group kolkos,Gombe,Billiri,,Production,Gombe-WOFAN,0,0,14000,7000,0,0,0,0,140,14000,0,0,0,0,0,0,0,db4cfac5-bdce-401a-a94d-3c28c8a202c5,bill09,30/10/2025 11:56
940102a6-e767-4728-be2e-47f50da546ae,940102a6-e767-4728-be2e-47f50da546ae,2025-10-28,,1,1,,,Faro 64,2025-07-25,1,,,1,,,,,2025-10-23,2,2,95,---,---,2.0,180.0,2.0,152.0,---,---,1,,,,,,---,---,---,---,---,---,---,---,---,---,---,---,---,---,---,---,---,---,,1,,1,,,1,,,,,excellent,11.9616311,8.5943467,455.85,2.57,CT-JahR8IMH00,Disable jahun local government,Jigawa,Jahun,Both,Production/Processing,Jigawa-WOFAN,0,0,18000,9000,11400,5700,0,0,332,29400,0,0,0,0,0,0,0,c702b1a1-86fb-4fc6-b13f-dfde2973daba,jah07,30/10/2025 12:27
f7c29a80-54ba-42fa-a79d-21545b07440c,f7c29a80-54ba-42fa-a79d-21545b07440c,2025-10-27,,,1,,,Faro 64,2025-07-10,1,,,1,,,,,2025-10-18,2,2,92,---,---,---,---,2.0,215.0,---,---,1,,,,,,---,---,---,---,---,---,---,---,---,---,---,---,---,---,---,---,---,---,,1,,1,,,1,,,,,good,11.9618248,8.5947317,468.27,2.18,CT-JahZ3MO114,Aujara Masu bukata Ta Musamman Gidan Uba Gurgu,Jigawa,Jahun,Both,Production,Jigawa-WOFAN,0,0,0,0,16125,8063,0,0,215,16125,0,0,0,0,0,0,0,d3306b7f-2788-4626-bcfe-bc8563975400,jah07,30/10/2025 12:27
ca5bf300-4b40-41fa-8385-b6f7e0495661,ca5bf300-4b40-41fa-8385-b6f7e0495661,2025-10-29,,,1,,,faro 64,2025-06-29,1,,,1,,,,,2025-09-30,2,2,93,---,---,---,---,2.0,200.0,---,---,1,,,,,,---,---,---,---,---,---,---,---,---,---,---,---,---,---,---,---,---,---,1,,,1,,,1,,,,,good,11.9618003,8.5946356,466.88,2.46,CT-JahVQG4O16,Disable Women Association,Jigawa,Jahun,Both,Production/Processing,Jigawa-WOFAN,0,0,0,0,15000,7500,0,0,200,15000,0,0,0,0,0,0,0,c5153bc8-d0ce-4314-8887-3a17e1938089,jah07,30/10/2025 12:27
82bf6ddb-ed0f-4c5d-b998-1c1abcbcff24,82bf6ddb-ed0f-4c5d-b998-1c1abcbcff24,2025-10-29,,1,1,,,Faro 64,2025-07-14,1,,,1,,,,,2025-10-23,2,2,96,---,---,2.0,2.0,2.0,235.0,---,---,1,,,,,,---,---,---,---,---,---,---,---,---,---,---,---,---,---,---,---,---,---,,1,,1,,,1,,,,,good,11.6850502,9.3314635,463.8,2.4,CT-JahR8IMH00,Disable jahun local government,Jigawa,Jahun,Both,Production/Processing,Jigawa-WOFAN,0,0,200,100,17625,8813,0,0,237,17825,0,0,0,0,0,0,0,c702b1a1-86fb-4fc6-b13f-dfde2973daba,jah07,30/10/2025 12:27
cdbe6088-4a6c-49a3-b19c-2f2f4136b239,cdbe6088-4a6c-49a3-b19c-2f2f4136b239,2025-10-25,,,1,,,Faro,2025-08-25,1,,,1,,,,,2025-10-17,2,2,12,---,---,---,---,2.0,160.0,---,---,,,,1,,,---,---,160.0,---,,1,,,,,,,,,,,,,,1,,,1,,1,,,,,Good,9.8794567,9.5393131,630.31,2.4,CT-Das4PLAT38,Baraza Buzuri Multipurpose Women Famers Cooperative Society LTD PWD,Bauchi,Dass,,Production/Processing,Bauchi-WOFAN,0,0,0,0,12000,6000,0,0,160,12000,0,0,12000,0,160,12000,0,e0e43808-51ea-48b1-b682-f484f2c23b0d,das01,30/10/2025 14:10
7864b09f-8863-4774-9a0a-87a1de31dae4,7864b09f-8863-4774-9a0a-87a1de31dae4,2025-10-24,,,1,,,rice,2025-06-20,1,,,1,,,,,2025-10-07,2,2,75,---,---,---,---,2.0,160.0,---,---,1,,,,,,---,---,---,---,---,---,---,---,---,---,---,---,---,---,---,---,---,---,1,,,1,,,1,,,,,good,11.6355519,8.4041428,579.9,4.96,CT-Gar40A3026,Fankurum yan awara markaters and sallers,Kano,Garum_Mallam,Female,Production/Processing,Kano-WOFAN,0,0,0,0,12000,6000,0,0,160,12000,0,0,0,0,0,0,0,05c6a7c9-1114-462b-a564-97c4dc52ebc6,gmm20,30/10/2025 14:57
28675284-0e65-4f9a-b5c5-e93202841236,28675284-0e65-4f9a-b5c5-e93202841236,2025-10-25,,1,,,,maize,2025-06-20,1,,,1,,,,,2025-10-08,2,2,75,---,---,2.0,140.0,---,---,---,---,1,,,,,,---,---,---,---,---,---,---,---,---,---,---,---,---,---,---,---,---,---,1,,,1,,,1,,,,,good,11.6354663,8.4040382,508.5,5.0,CT-Gar40A3026,Fankurum yan awara markaters and sallers,Kano,Garum_Mallam,Female,Production/Processing,Kano-WOFAN,0,0,14000,7000,0,0,0,0,140,14000,0,0,0,0,0,0,0,05c6a7c9-1114-462b-a564-97c4dc52ebc6,gmm20,30/10/2025 14:58
2fb522ac-c182-4510-8f17-f04d7fa4173d,2fb522ac-c182-4510-8f17-f04d7fa4173d,2025-10-26,,,1,,,rice,2025-06-20,1,,,1,,,,,2025-10-07,2,2,75,---,---,---,---,2.0,160.0,---,---,1,,,,,,---,---,---,---,---,---,---,---,---,---,---,---,---,---,---,---,---,---,1,,,1,,,1,,,,,good,11.6351922,8.4038066,521.2,5.0,CT-Gar0THZ551,Garun Mallam disabled cluster B,Kano,Garum_Mallam,,Production,Kano-WOFAN,0,0,0,0,12000,6000,0,0,160,12000,0,0,0,0,0,0,0,54678557-c4ef-4681-9340-b4eb4a09f75f,gmm20,30/10/2025 14:58
2fd12aad-adad-4d21-9f5a-d3de8a86fe64,2fd12aad-adad-4d21-9f5a-d3de8a86fe64,2025-10-21,,1,,,,maize,2025-06-20,1,,,1,,,,,2025-10-07,2,2,75,---,---,2.0,140.0,---,---,---,---,1,,,,,,---,---,---,---,---,---,---,---,---,---,---,---,---,---,---,---,---,---,1,,,1,,,1,,,,,good,11.6352018,8.40386,518.0,4.59,CT-Gar0THZ551,Garun Mallam disabled cluster B,Kano,Garum_Mallam,,Production,Kano-WOFAN,0,0,14000,7000,0,0,0,0,140,14000,0,0,0,0,0,0,0,54678557-c4ef-4681-9340-b4eb4a09f75f,gmm20,30/10/2025 14:59
6c2e295a-d338-4b29-9ec0-9079e987117e,6c2e295a-d338-4b29-9ec0-9079e987117e,2025-10-25,,,1,,,rice,2025-06-20,1,,,1,,,,,2025-10-07,2,2,75,---,---,---,---,2.0,160.0,---,---,1,,,,,,---,---,---,---,---,---,---,---,---,---,---,---,---,---,---,---,---,---,1,,,1,,,1,,,,,good,11.6352418,8.4038367,517.2,4.59,CT-GarIBBUX41,SABON GARI WOMAN BUSINESS,Kano,Garum_Mallam,Female,Production/Processing,Kano-WOFAN,0,0,0,0,12000,6000,0,0,160,12000,0,0,0,0,0,0,0,798e8159-6132-45e5-bd01-796639998dda,gmm20,30/10/2025 14:59
eb258604-baa8-46a3-a0a3-b7c0a535ba99,eb258604-baa8-46a3-a0a3-b7c0a535ba99,2025-10-25,,1,,,,maize,2025-06-20,1,,,1,,,,,2025-10-07,2,2,75,---,---,2.0,140.0,---,---,---,---,1,,,,,,---,---,---,---,---,---,---,---,---,---,---,---,---,---,---,---,---,---,1,,,1,,,1,,,,,good,11.6352184,8.40385,517.0,4.5,CT-GarIBBUX41,SABON GARI WOMAN BUSINESS,Kano,Garum_Mallam,Female,Production/Processing,Kano-WOFAN,0,0,14000,7000,0,0,0,0,140,14000,0,0,0,0,0,0,0,798e8159-6132-45e5-bd01-796639998dda,gmm20,30/10/2025 15:00
505c6559-5147-4d54-9742-3cf83ceef75c,505c6559-5147-4d54-9742-3cf83ceef75c,2025-10-25,,,1,,,rice,2025-06-20,1,,,1,,,,,2025-10-07,2,2,75,---,---,---,---,2.0,160.0,---,---,1,,,,,,---,---,---,---,---,---,---,---,---,---,---,---,---,---,---,---,---,---,1,,,1,,,1,,,,,good,11.6352101,8.40386,516.79,4.7,CT-Gar6NGTO14,Amana disabled cluster,Kano,Garum_Mallam,,Production,Kano-WOFAN,0,0,0,0,12000,6000,0,0,160,12000,0,0,0,0,0,0,0,bbe7f5b6-b465-4786-8b28-c78f683b563e,gmm20,30/10/2025 15:00
98444acc-9454-4a5a-9b37-cd08047fe31f,98444acc-9454-4a5a-9b37-cd08047fe31f,2025-10-27,,1,,,,maize,2025-07-16,1,,,1,,,,,2025-10-29,2,120,95,---,---,2.0,120.0,---,---,---,---,1,,,,,,---,---,---,---,---,---,---,---,---,---,---,---,---,---,---,---,---,---,1,,,,1,,1,,,,,good,12.0473488,9.4229039,463.22,6.48,CT-JahQ2YNS25,Kungiyar makafi gabas auja,Jigawa,Jahun,Both,Production/Processing,Jigawa-WOFAN,0,0,12000,6000,0,0,0,0,120,12000,0,0,0,0,0,0,0,ffdec7b2-f7b3-4620-890d-b89c319b2fd0,jah14,30/10/2025 15:12
788f5053-c547-442f-8d00-3cdb2f42358a,788f5053-c547-442f-8d00-3cdb2f42358a,2025-10-28,,,1,,,faro 64,2025-07-14,1,,,1,,,,,2025-10-28,2,120,6,---,---,---,---,2.0,120.0,---,---,1,,,,,,---,---,---,---,---,---,---,---,---,---,---,---,---,---,---,---,---,---,,1,,1,,,1,,,,,good,12.0473432,9.4228978,462.71,5.27,CT-JahQ2YNS25,Kungiyar makafi gabas auja,Jigawa,Jahun,Both,Production/Processing,Jigawa-WOFAN,0,0,0,0,9000,4500,0,0,120,9000,0,0,0,0,0,0,0,ffdec7b2-f7b3-4620-890d-b89c319b2fd0,jah14,30/10/2025 15:16
3bb4d1c1-c908-42b1-988b-eb146cd00ed2,3bb4d1c1-c908-42b1-988b-eb146cd00ed2,2025-10-30,,1,1,,,faro64 and maize,2025-07-14,1,,,1,,,,,2025-10-30,2,120,95,---,---,1.0,60.0,1.0,60.0,---,---,1,,,,,,---,---,---,---,---,---,---,---,---,---,---,---,---,---,---,---,---,---,,1,,1,,,1,,,,,good,12.0473429,9.4228972,462.78,4.93,CT-JahQ2YNS25,Kungiyar makafi gabas auja,Jigawa,Jahun,Both,Production/Processing,Jigawa-WOFAN,0,0,6000,6000,4500,4500,0,0,120,10500,0,0,0,0,0,0,0,ffdec7b2-f7b3-4620-890d-b89c319b2fd0,jah14,30/10/2025 15:17
f2bd342f-f3bc-4f4f-868a-fd98dfdc8437,f2bd342f-f3bc-4f4f-868a-fd98dfdc8437,2025-10-30,,1,1,,,maize and faro,2025-07-15,1,,,1,,,,,2025-10-30,2,120,95,---,---,1.0,60.0,1.0,60.0,---,---,1,,,,,,---,---,---,---,---,---,---,---,---,---,---,---,---,---,---,---,---,---,1,1,,1,,,1,,,,,good,12.0473424,9.4228982,462.75,4.69,CT-JahQ2YNS25,Kungiyar makafi gabas auja,Jigawa,Jahun,Both,Production/Processing,Jigawa-WOFAN,0,0,6000,6000,4500,4500,0,0,120,10500,0,0,0,0,0,0,0,ffdec7b2-f7b3-4620-890d-b89c319b2fd0,jah14,30/10/2025 15:18
713ea118-1bdc-4f0e-a608-016ffeb981c4,713ea118-1bdc-4f0e-a608-016ffeb981c4,2025-10-30,,,1,,,faro,2025-07-14,1,,,1,,,,,2025-10-30,2,120,95,---,---,---,---,2.0,120.0,---,---,1,,,,,,---,---,---,---,---,---,---,---,---,---,---,---,---,---,---,---,---,---,,1,,1,,,1,,,,,good,12.0473384,9.4229071,461.24,4.45,CT-JahQ2YNS25,Kungiyar makafi gabas auja,Jigawa,Jahun,Both,Production/Processing,Jigawa-WOFAN,0,0,0,0,9000,4500,0,0,120,9000,0,0,0,0,0,0,0,ffdec7b2-f7b3-4620-890d-b89c319b2fd0,jah14,30/10/2025 15:19
f583161e-2393-4672-bc49-a9a96b38caea,f583161e-2393-4672-bc49-a9a96b38caea,2025-10-30,,1,1,,,faro and maize,2025-07-16,1,,,1,,,,,2025-10-30,2,120,96,---,---,1.0,60.0,1.0,60.0,---,---,1,,,,,,---,---,---,---,---,---,---,---,---,---,---,---,---,---,---,---,---,---,,1,,1,,,1,,,,,good,12.0473372,9.4228824,462.8,4.24,CT-JahQ2YNS25,Kungiyar makafi gabas auja,Jigawa,Jahun,Both,Production/Processing,Jigawa-WOFAN,0,0,6000,6000,4500,4500,0,0,120,10500,0,0,0,0,0,0,0,ffdec7b2-f7b3-4620-890d-b89c319b2fd0,jah14,30/10/2025 15:21
a793e321-ab38-427b-898b-5383e27f8b88,a793e321-ab38-427b-898b-5383e27f8b88,2025-10-30,,1,,,,maize,2025-07-15,1,,,1,,,,,2025-10-30,1,60,95,---,---,1.0,60.0,---,---,---,---,1,,,,,,---,---,---,---,---,---,---,---,---,---,---,---,---,---,---,---,---,---,,1,,1,,,1,,,,,good,12.0473313,9.4228791,462.2,3.96,CT-JahYHDZZ59,Aujara cikin gari makafi,Jigawa,Jahun,Both,Production/Processing,Jigawa-WOFAN,0,0,6000,6000,0,0,0,0,60,6000,0,0,0,0,0,0,0,be52af3c-50ce-4e33-a2e5-d9637819ca77,jah14,30/10/2025 15:23
cc92d4ea-727f-450f-b444-67da2a196f98,cc92d4ea-727f-450f-b444-67da2a196f98,2025-10-20,,1,,,,samaz,2025-07-27,1,,,1,,,,,2025-10-19,1,1,9,---,---,1.0,80.0,---,---,---,---,1,,,,,,---,---,---,---,---,---,---,---,---,---,---,---,---,---,---,---,---,---,1,,,1,,,1,,,,,excellent,11.5699472,8.3866973,538.5,4.78,CT-TudUDW9F06,Jeli cluster 1,Kano,Tudun_Wada,Both,Production/Processing,Kano-WOFAN,0,0,8000,8000,0,0,0,0,80,8000,0,0,0,0,0,0,0,58a4af42-5255-4785-9171-5b644cae1632,tun27,30/10/2025 15:23
cccb232e-7223-494e-bbc1-81b3069793dc,cccb232e-7223-494e-bbc1-81b3069793dc,2025-10-26,,,1,,,rice,2025-06-20,1,,,1,,,,,2025-10-08,2,2,75,---,---,---,---,2.0,160.0,---,---,1,,,,,,---,---,---,---,---,---,---,---,---,---,---,---,---,---,---,---,---,---,1,,,1,,,1,,,,,good,11.6352167,8.40378,523.2,4.7,CT-KurTTE2P05,DAN HASSAN GIDAN SARKI CLUSTER,Kano,Kura,Female,Production/Processing,Kano-WOFAN,0,0,0,0,12000,6000,0,0,160,12000,0,0,0,0,0,0,0,2ce9d231-84df-4c9f-88f8-f4c102e278bc,gmm20,30/10/2025 15:24
8f2d6138-7e12-41e3-ae29-84d95e0d36c9,8f2d6138-7e12-41e3-ae29-84d95e0d36c9,2025-10-30,,,1,,,faro64,2025-07-15,1,,,1,,,,,2025-10-30,1,60,6,---,---,---,---,1.0,60.0,---,---,1,,,,,,---,---,---,---,---,---,---,---,---,---,---,---,---,---,---,---,---,---,,1,,1,,,1,,,,,good,12.0473239,9.4228563,463.02,3.79,CT-JahYHDZZ59,Aujara cikin gari makafi,Jigawa,Jahun,Both,Production/Processing,Jigawa-WOFAN,0,0,0,0,4500,4500,0,0,60,4500,0,0,0,0,0,0,0,be52af3c-50ce-4e33-a2e5-d9637819ca77,jah14,30/10/2025 15:24
a42d28fc-8536-474f-8a20-95df05e163fe,a42d28fc-8536-474f-8a20-95df05e163fe,2025-10-21,,1,,,,samz,2025-07-18,1,,,1,,,,,2025-10-20,1,1,9,---,---,1.0,80.0,---,---,---,---,1,,,,,,---,---,---,---,---,---,---,---,---,---,---,---,---,---,---,---,---,---,1,,,1,,,1,,,,,excellent,11.5699349,8.3866936,538.6,4.93,CT-Tud1Q4AO23,Karefa cluster 1,Kano,Tudun_Wada,Both,Production/Processing,Kano-WOFAN,0,0,8000,8000,0,0,0,0,80,8000,0,0,0,0,0,0,0,4d6840b8-54bc-4c85-851f-5936d02e72d7,tun27,30/10/2025 15:25
d53959c5-b5b6-4b5d-8ebd-f0715601a0b8,d53959c5-b5b6-4b5d-8ebd-f0715601a0b8,2025-10-30,,1,1,,,maize and faro,2025-07-15,1,,,1,,,,,2025-10-30,2,120,95,---,---,1.0,60.0,1.0,60.0,---,---,1,,,,,,---,---,---,---,---,---,---,---,---,---,---,---,---,---,---,---,---,---,,1,,1,,,1,,,,,good,12.0473204,9.4228488,462.84,3.65,CT-JahYHDZZ59,Aujara cikin gari makafi,Jigawa,Jahun,Both,Production/Processing,Jigawa-WOFAN,0,0,6000,6000,4500,4500,0,0,120,10500,0,0,0,0,0,0,0,be52af3c-50ce-4e33-a2e5-d9637819ca77,jah14,30/10/2025 15:25
5c96e2a7-5c50-483a-965f-f3bbdb24e14b,5c96e2a7-5c50-483a-965f-f3bbdb24e14b,2025-10-30,,1,1,,,faro and maize,2025-07-15,1,,,1,,,,,2025-10-30,2,120,95,---,---,1.0,60.0,1.0,60.0,---,---,1,,,,,,---,---,---,---,---,---,---,---,---,---,---,---,---,---,---,---,---,---,,1,,1,,,1,,,,,good,12.0473163,9.4228386,463.27,3.53,CT-JahYHDZZ59,Aujara cikin gari makafi,Jigawa,Jahun,Both,Production/Processing,Jigawa-WOFAN,0,0,6000,6000,4500,4500,0,0,120,10500,0,0,0,0,0,0,0,be52af3c-50ce-4e33-a2e5-d9637819ca77,jah14,30/10/2025 15:26
146a5ff8-3b8d-4ad3-ac3f-c9ed8531275c,146a5ff8-3b8d-4ad3-ac3f-c9ed8531275c,2025-10-30,,1,1,,,faro and maize,2025-07-14,1,,,1,,,,,2025-10-30,2,120,95,---,---,1.0,60.0,1.0,60.0,---,---,1,,,,,,---,---,---,---,---,---,---,---,---,---,---,---,---,---,---,---,---,---,,1,,1,,,1,,,,,good,12.0473142,9.4228477,461.63,3.43,CT-JahYHDZZ59,Aujara cikin gari makafi,Jigawa,Jahun,Both,Production/Processing,Jigawa-WOFAN,0,0,6000,6000,4500,4500,0,0,120,10500,0,0,0,0,0,0,0,be52af3c-50ce-4e33-a2e5-d9637819ca77,jah14,30/10/2025 15:27
400a87b9-1180-46b8-a193-d5671906f5d1,400a87b9-1180-46b8-a193-d5671906f5d1,2025-06-30,,,1,,,Faro,2025-06-07,1,,,1,,,,,2025-10-11,2,2,12,---,---,---,---,2.0,1600.0,---,---,,,,1,,,---,---,12.0,---,,1,,,,,,,,,,,,,,1,,,1,,1,,,,,Good,9.9609384,9.4400886,646.82,2.68,CT-Das7DLA536,Buzuri Woman Farmers Cooperative Society Limited,Bauchi,Dass,,Production,Bauchi-WOFAN,0,0,0,0,120000,60000,0,0,1600,120000,0,0,900,0,12,900,0,dbbfb33a-2040-4431-b429-8696dad39d4b,das01,30/10/2025 15:32
a8a7bc85-00ad-4950-8291-e5ab053f0157,a8a7bc85-00ad-4950-8291-e5ab053f0157,2025-10-30,,1,,,,maize,2025-07-16,1,,,1,,,,,2025-10-30,1,60,95,---,---,1.0,60.0,---,---,---,---,1,,,,,,---,---,---,---,---,---,---,---,---,---,---,---,---,---,---,---,---,---,,1,,1,,,1,,,,,good,12.0473064,9.4228467,459.94,2.95,CT-JahNHNOE28,Aujara bakin asibiti makafi,Jigawa,Jahun,Both,Production/Processing,Jigawa-WOFAN,0,0,6000,6000,0,0,0,0,60,6000,0,0,0,0,0,0,0,b3266170-0118-44ec-82aa-664567a725c3,jah14,30/10/2025 15:33
f7f66465-12cb-4ca0-b9d6-a5d0cc88dd5b,f7f66465-12cb-4ca0-b9d6-a5d0cc88dd5b,2025-10-30,,,1,,,Rice,2025-07-15,1,,,1,,,,,2025-10-30,1,60,6,---,---,---,---,1.0,60.0,---,---,1,,,,,,---,---,---,---,---,---,---,---,---,---,---,---,---,---,---,---,---,---,,1,,1,,,1,,,,,good,12.0472988,9.4228386,458.15,2.89,CT-JahNHNOE28,Aujara bakin asibiti makafi,Jigawa,Jahun,Both,Production/Processing,Jigawa-WOFAN,0,0,0,0,4500,4500,0,0,60,4500,0,0,0,0,0,0,0,b3266170-0118-44ec-82aa-664567a725c3,jah14,30/10/2025 15:34
c83eb40f-2cd8-4841-9a8c-bfc190d1b3d6,c83eb40f-2cd8-4841-9a8c-bfc190d1b3d6,2025-06-19,,,1,,,Faro,2025-06-14,1,,,1,,,,,2025-07-30,2,2,12,---,---,---,---,2.0,2.0,---,---,,,,1,,,---,---,2.0,---,,1,,,,,,,,,,,,,,1,,,1,,1,,,,,Good,9.9605723,9.4398282,671.34,0.94,CT-Das7DLA536,Buzuri Woman Farmers Cooperative Society Limited,Bauchi,Dass,,Production,Bauchi-WOFAN,0,0,0,0,150,75,0,0,2,150,0,0,150,0,2,150,0,dbbfb33a-2040-4431-b429-8696dad39d4b,das01,30/10/2025 15:34
ccf61289-19de-49b4-acdf-4e87651a8a7f,ccf61289-19de-49b4-acdf-4e87651a8a7f,2025-10-30,,1,1,,,rice and maize,2025-07-15,1,,,1,,,,,2025-10-30,2,120,95,---,---,1.0,60.0,1.0,60.0,---,---,1,,,,,,---,---,---,---,---,---,---,---,---,---,---,---,---,---,---,---,---,---,,1,,1,,,1,,,,,good,12.0472956,9.4228297,458.71,2.83,CT-JahNHNOE28,Aujara bakin asibiti makafi,Jigawa,Jahun,Both,Production/Processing,Jigawa-WOFAN,0,0,6000,6000,4500,4500,0,0,120,10500,0,0,0,0,0,0,0,b3266170-0118-44ec-82aa-664567a725c3,jah14,30/10/2025 15:35
5fa8d4d3-73b4-4c36-9b18-ba110ff29014,5fa8d4d3-73b4-4c36-9b18-ba110ff29014,2025-10-30,,1,1,,,maize and rice,2025-07-16,1,,,1,,,,,2025-10-30,2,120,95,---,---,1.0,60.0,1.0,58.0,---,---,1,,,,,,---,---,---,---,---,---,---,---,---,---,---,---,---,---,---,---,---,---,,1,,1,,,1,,,,,good,12.0472887,9.4228238,457.48,2.78,CT-JahNHNOE28,Aujara bakin asibiti makafi,Jigawa,Jahun,Both,Production/Processing,Jigawa-WOFAN,0,0,6000,6000,4350,4350,0,0,118,10350,0,0,0,0,0,0,0,b3266170-0118-44ec-82aa-664567a725c3,jah14,30/10/2025 15:36
93e3849b-586f-4ed3-82ce-f2da66d5b49e,93e3849b-586f-4ed3-82ce-f2da66d5b49e,2025-10-30,,1,,,,maize,2025-07-16,1,,,1,,,,,2025-10-30,1,60,95,---,---,1.0,60.0,---,---,---,---,1,,,,,,---,---,---,---,---,---,---,---,---,---,---,---,---,---,---,---,---,---,,1,,1,,,1,,,,,good,12.0472809,9.4228152,456.17,2.72,CT-JahWHW5X54,Aujara special needs kurame,Jigawa,Jahun,Both,Production/Processing,Jigawa-WOFAN,0,0,6000,6000,0,0,0,0,60,6000,0,0,0,0,0,0,0,3248a566-2c8f-486a-b6c3-d40e953bc9ef,jah14,30/10/2025 15:37
c9d4ba65-a50a-4759-baf3-2127fff36d5d,c9d4ba65-a50a-4759-baf3-2127fff36d5d,2025-10-30,,,1,,,rice faro,2025-07-14,1,,,1,,,,,2025-10-30,2,120,6,---,---,---,---,2.0,120.0,---,---,1,,,,,,---,---,---,---,---,---,---,---,---,---,---,---,---,---,---,---,---,---,,1,,1,,,1,,,,,good,12.0472793,9.4228083,456.6,2.67,CT-JahWHW5X54,Aujara special needs kurame,Jigawa,Jahun,Both,Production/Processing,Jigawa-WOFAN,0,0,0,0,9000,4500,0,0,120,9000,0,0,0,0,0,0,0,3248a566-2c8f-486a-b6c3-d40e953bc9ef,jah14,30/10/2025 15:39
1fadaf4d-68ae-4deb-be34-abe4938301ad,1fadaf4d-68ae-4deb-be34-abe4938301ad,2025-10-30,,1,1,,,faro and maize,2025-07-14,1,,,1,,,,,2025-10-30,3,180,95,---,---,1.0,60.0,1.0,120.0,---,---,1,,,,,,---,---,---,---,---,---,---,---,---,---,---,---,---,---,---,---,---,---,,1,,1,,,1,,,,,good,12.0472799,9.4228065,456.66,2.59,CT-JahWHW5X54,Aujara special needs kurame,Jigawa,Jahun,Both,Production/Processing,Jigawa-WOFAN,0,0,6000,6000,9000,9000,0,0,180,15000,0,0,0,0,0,0,0,3248a566-2c8f-486a-b6c3-d40e953bc9ef,jah14,30/10/2025 15:40
a98b1393-3715-4284-9f9b-17e3ff38978b,a98b1393-3715-4284-9f9b-17e3ff38978b,2025-10-30,,1,1,,,faro and maize,2025-07-14,1,,,1,,,,,2025-10-30,2,120,95,---,---,1.0,60.0,1.0,60.0,---,---,1,,,,,,---,---,---,---,---,---,---,---,---,---,---,---,---,---,---,---,---,---,,1,,1,,,1,,,,,good,12.0472779,9.4228017,456.42,2.52,CT-JahWHW5X54,Aujara special needs kurame,Jigawa,Jahun,Both,Production/Processing,Jigawa-WOFAN,0,0,6000,6000,4500,4500,0,0,120,10500,0,0,0,0,0,0,0,3248a566-2c8f-486a-b6c3-d40e953bc9ef,jah14,30/10/2025 15:42
1fbefd3f-fef0-4ce8-a926-798f5c208296,1fbefd3f-fef0-4ce8-a926-798f5c208296,2025-10-28,,,1,,,rice,2025-06-20,1,,,1,,,,,2025-10-08,2,2,75,---,---,---,---,2.0,160.0,---,---,1,,,,,,---,---,---,---,---,---,---,---,---,---,---,---,---,---,---,---,---,---,1,,,1,,,1,,,,,good,11.6351767,8.4037683,540.7,4.7,CT-Kur5ZSIE03,DAN HASSAN KAROFI A CLUSTER,Kano,Kura,Female,Production/Processing,Kano-WOFAN,0,0,0,0,12000,6000,0,0,160,12000,0,0,0,0,0,0,0,93404323-613d-4486-9fa2-4238fc9b4806,gmm20,30/10/2025 16:12
76bf21af-b573-4ac1-82e4-1e0282c83ed6,76bf21af-b573-4ac1-82e4-1e0282c83ed6,2025-10-26,,,1,,,rice,2025-06-20,1,,,1,,,,,2025-10-09,2,2,75,---,---,---,---,2.0,160.0,---,---,1,,,,,,---,---,---,---,---,---,---,---,---,---,---,---,---,---,---,---,---,---,1,,,1,,,1,,,,,good,11.6352151,8.4038683,540.2,4.9,CT-KurN870C41,DAN HASSAN SINTILI CLUSTER,Kano,Kura,Female,Production/Processing,Kano-WOFAN,0,0,0,0,12000,6000,0,0,160,12000,0,0,0,0,0,0,0,8300a47d-010c-4c6e-8d42-5d3969f44cb1,gmm20,30/10/2025 16:13
4167954c-e7f1-431e-b6d7-3e6b379bd24f,4167954c-e7f1-431e-b6d7-3e6b379bd24f,2025-10-26,,,1,,,rice,2025-06-20,1,,,1,,,,,2025-10-10,2,2,75,---,---,---,---,2.0,160.0,---,---,1,,,,,,---,---,---,---,---,---,---,---,---,---,---,---,---,---,---,---,---,---,1,,,1,,,1,,,,,good,11.6351736,8.4041235,397.5,4.72,CT-Kur2RUXN16,DAN HASSAN SUWAIKA CLUSTER,Kano,Kura,Female,Production/Processing,Kano-WOFAN,0,0,0,0,12000,6000,0,0,160,12000,0,0,0,0,0,0,0,fdfabe68-2c0d-4cbb-94fa-6ee507892b7b,gmm20,30/10/2025 16:44
33e124f5-4205-4c12-a319-3c38cdfc9587,33e124f5-4205-4c12-a319-3c38cdfc9587,2025-10-24,,1,,,,Maize 63,2025-06-16,1,,,1,,,,,2025-10-30,2,2,12,---,---,2.0,100.0,---,---,---,---,1,,,,,,---,---,---,---,---,---,---,---,---,---,---,---,---,---,---,---,---,---,,1,,1,,,1,,,,,good job,11.5696368,8.3854309,517.2,2.9,CT-BebF7O1429,Dakatsalle cikin gari woman produce markiting,Kano,Bebeji,Female,Production/Processing,Kano-WOFAN,0,0,10000,5000,0,0,0,0,100,10000,0,0,0,0,0,0,0,951a44a9-5a85-4587-9ddb-f34365a7d7c2,tun20,30/10/2025 17:18
cfce4ba5-b70a-43a3-bd50-8c8d261b2b81,cfce4ba5-b70a-43a3-bd50-8c8d261b2b81,2025-10-22,,1,,,,maize 63,2025-06-13,1,,,1,,,,,2025-10-27,2,2,12,---,---,2.0,100.0,---,---,---,---,1,,,,,,---,---,---,---,---,---,---,---,---,---,---,---,---,---,---,---,---,---,,1,,1,,,1,,,,,very good 👍,11.5697826,8.3854771,517.9,4.17,CT-BebIN8BP10,dakatsalle makarantar boko woman produce markiting,Kano,Bebeji,Female,Production/Processing,Kano-WOFAN,0,0,10000,5000,0,0,0,0,100,10000,0,0,0,0,0,0,0,d1f56fb1-8102-4bdf-88a6-ca2d9e88353e,tun20,30/10/2025 17:19
cd970488-ea03-442a-8c63-7cde4b536683,cd970488-ea03-442a-8c63-7cde4b536683,2025-10-25,,,1,,,rice,2025-06-21,1,,,1,,,,,2025-10-10,2,2,75,---,---,---,---,2.0,160.0,---,---,1,,,,,,---,---,---,---,---,---,---,---,---,---,---,---,---,---,---,---,---,---,1,,,1,,,1,,,,,good,11.6353117,8.4040067,501.2,4.59,CT-KurFLWYO52,DAN HASSANKAROFI B CLUSTER,Kano,Kura,Female,Production/Processing,Kano-WOFAN,0,0,0,0,12000,6000,0,0,160,12000,0,0,0,0,0,0,0,94f9d84f-98f7-43ee-8498-3bc75ecc46a2,gmm20,30/10/2025 17:29
7778c092-2136-4227-8925-bed95241ff89,7778c092-2136-4227-8925-bed95241ff89,2025-09-22,,,1,,,Faro 67,2025-06-08,1,,,1,,,,,2025-07-30,2,86,12,---,---,---,---,1.0,2.0,---,---,1,,,,,,---,---,---,---,---,---,---,---,---,---,---,---,---,---,---,---,---,---,1,,,1,,,1,,,,,They have a bumper harvest or other wise,12.152844,9.1476395,371.58,1.32,CT-RinT410K42,Dagarawa Women Disable Cooperative Society,Jigawa,Ringim,,Production,Jigawa-WOFAN,0,0,0,0,150,150,0,0,2,150,0,0,0,0,0,0,0,515000a7-5f7a-4e42-806a-f12f5edc1b3f,jah35,30/10/2025 17:50
1ab865c9-f6f3-4f8a-8935-89ca2fb176a6,1ab865c9-f6f3-4f8a-8935-89ca2fb176a6,2025-10-26,,,1,,,rice,2025-06-21,1,,,1,,,,,2025-10-09,2,2,75,---,---,---,---,2.0,160.0,---,---,1,,,,,,---,---,---,---,---,---,---,---,---,---,---,---,---,---,---,---,---,---,1,,,1,,,1,,,,,good,11.6353664,8.4040075,512.5,4.76,CT-Kur1W92N34,Danhassan Sabon Fegi Cluster,Kano,Kura,Both,Production/Processing,Kano-WOFAN,0,0,0,0,12000,6000,0,0,160,12000,0,0,0,0,0,0,0,f4749019-c4d3-4de6-8962-60bf6a43a0bc,gmm20,30/10/2025 18:39
a9af09df-df6c-4bd0-97df-1afd245c1c01,a9af09df-df6c-4bd0-97df-1afd245c1c01,2025-10-22,,,1,,,fard,2025-01-07,1,,,1,,,,,2025-09-20,2,2,13,---,---,---,---,2.0,160.0,---,---,1,,,,,,---,---,---,---,---,---,---,---,---,---,---,---,---,---,---,---,---,---,1,,,1,,,1,,,,,Good,10.2753077,9.8091472,603.6,2.6,CT-DasYIZA841,Das pwd women farmers,Bauchi,Dass,,Production/Processing,Bauchi-WOFAN,0,0,0,0,12000,6000,0,0,160,12000,0,0,0,0,0,0,0,da6ad4b3-6db7-42d3-b938-86402026fd0b,das10,30/10/2025 18:48
f4d9fa2a-010c-447e-9e98-4bd8d92ea9f5,f4d9fa2a-010c-447e-9e98-4bd8d92ea9f5,2025-10-22,,,1,,,fard,2025-01-07,1,,,1,,,,,2025-09-20,2,2,13,---,---,---,---,2.0,170.0,---,---,1,,,,,,---,---,---,---,---,---,---,---,---,---,---,---,---,---,---,---,---,---,1,,,1,,,1,,,,,Good,10.2754063,9.8082464,611.9,3.8,CT-DasYIZA841,Das pwd women farmers,Bauchi,Dass,,Production/Processing,Bauchi-WOFAN,0,0,0,0,12750,6375,0,0,170,12750,0,0,0,0,0,0,0,da6ad4b3-6db7-42d3-b938-86402026fd0b,das10,30/10/2025 18:48
f86fadf3-95d5-4ffb-9d0f-1a8716fe9c73,f86fadf3-95d5-4ffb-9d0f-1a8716fe9c73,2025-10-22,,,1,,,fard,2025-02-07,1,,,1,,,,,2025-09-20,2,2,13,---,---,---,---,2.0,160.0,---,---,1,,,,,,---,---,---,---,---,---,---,---,---,---,---,---,---,---,---,---,---,---,1,,,1,,,1,,,,,Good,10.2746331,9.80881,612.7,4.9,CT-DasYIZA841,Das pwd women farmers,Bauchi,Dass,,Production/Processing,Bauchi-WOFAN,0,0,0,0,12000,6000,0,0,160,12000,0,0,0,0,0,0,0,da6ad4b3-6db7-42d3-b938-86402026fd0b,das10,30/10/2025 18:48
b21e69a2-d9b2-4533-8e44-f456b21f9ca3,b21e69a2-d9b2-4533-8e44-f456b21f9ca3,2025-10-22,,,1,,,fard,2025-01-07,1,,,1,,,,,2027-09-20,2,2,13,---,---,---,---,2.0,160.0,---,---,1,,,,,,---,---,---,---,---,---,---,---,---,---,---,---,---,---,---,---,---,---,1,,,1,,,1,,,,,Good,10.2731586,9.8082018,612.1,3.0,CT-Das7M0U116,Hausa Fulani Multi-purpose Women Cooperative Society LTD PWD,Bauchi,Dass,,Production/Processing,Bauchi-WOFAN,0,0,0,0,12000,6000,0,0,160,12000,0,0,0,0,0,0,0,fb80d509-9b50-4d5d-ad09-e683637a98a4,das10,30/10/2025 18:48
9178d6d2-21be-44eb-9aeb-466cb722540c,9178d6d2-21be-44eb-9aeb-466cb722540c,2025-10-22,,,1,,,fard,2025-06-07,1,,,1,,,,,2025-05-20,2,2,13,---,---,---,---,2.0,160.0,---,---,1,,,,,,---,---,---,---,---,---,---,---,---,---,---,---,---,---,---,---,---,---,1,,,1,,,1,,,,,Successful,10.2714898,9.8098922,612.6,4.3,CT-DasC7T3557,Mata masu bukata ta musamman group cooperative society limited,Bauchi,Dass,,Production/Processing,Bauchi-WOFAN,0,0,0,0,12000,6000,0,0,160,12000,0,0,0,0,0,0,0,9f2bf746-0757-4419-b8fa-71614ccaadfb,das10,30/10/2025 18:49
618b0ad7-c362-40e4-ad4d-c12a46eca5d1,618b0ad7-c362-40e4-ad4d-c12a46eca5d1,2025-06-25,,1,,,,1,2025-08-24,1,,,1,,,,,2025-09-28,2,2,95,---,---,2.0,2.0,---,---,---,---,1,,,,,,---,---,---,---,---,---,---,---,---,---,---,---,---,---,---,---,---,---,,1,,1,,,1,,,,,good,12.049719,9.4239225,434.56,0.9,CT-Jah5KMMD15,Women Disable Association Kanwa,Jigawa,Jahun,Female,Production/Processing,Jigawa-WOFAN,0,0,200,100,0,0,0,0,2,200,0,0,0,0,0,0,0,7b8de60d-e1cf-4f87-831b-c15183646fbd,jah54,30/10/2025 20:44
ecd34bad-2e06-44cd-b925-7df52e7b1061,ecd34bad-2e06-44cd-b925-7df52e7b1061,2025-07-23,,1,,,,1,2025-08-28,1,,,1,,,,,2025-09-28,2,120,96,---,---,2.0,120.0,---,---,---,---,1,,,,,,---,---,---,---,---,---,---,---,---,---,---,---,---,---,---,---,---,---,,1,,1,,,1,,,,,good,12.0497203,9.4239868,405.18,1.34,CT-Jah5KMMD15,Women Disable Association Kanwa,Jigawa,Jahun,Female,Production/Processing,Jigawa-WOFAN,0,0,12000,6000,0,0,0,0,120,12000,0,0,0,0,0,0,0,7b8de60d-e1cf-4f87-831b-c15183646fbd,jah54,30/10/2025 20:44
209e5cc2-6a47-426d-8235-27937731f1d9,209e5cc2-6a47-426d-8235-27937731f1d9,2025-07-28,,1,,,,2,2024-05-26,1,,,1,,,,,2025-09-27,2,2,95,---,---,2.0,120.0,---,---,---,---,1,,,,,,---,---,---,---,---,---,---,---,---,---,---,---,---,---,---,---,---,---,,1,,1,,,1,,,,,good,12.04977,9.4238953,398.91,0.98,CT-Jah5KMMD15,Women Disable Association Kanwa,Jigawa,Jahun,Female,Production/Processing,Jigawa-WOFAN,0,0,12000,6000,0,0,0,0,120,12000,0,0,0,0,0,0,0,7b8de60d-e1cf-4f87-831b-c15183646fbd,jah54,30/10/2025 20:44
41e0e914-2cc3-4180-a01e-83f331a1f1d9,41e0e914-2cc3-4180-a01e-83f331a1f1d9,2025-07-25,,1,,,,2,2025-06-26,1,,,1,,,,,2025-09-29,2,2,96,---,---,2.0,120.0,---,---,---,---,1,,,,,,---,---,---,---,---,---,---,---,---,---,---,---,---,---,---,---,---,---,,1,,1,,,1,,,,,good,12.0497278,9.4239067,398.42,0.98,CT-Jah5KMMD15,Women Disable Association Kanwa,Jigawa,Jahun,Female,Production/Processing,Jigawa-WOFAN,0,0,12000,6000,0,0,0,0,120,12000,0,0,0,0,0,0,0,7b8de60d-e1cf-4f87-831b-c15183646fbd,jah54,30/10/2025 20:44
a91029a8-a719-4931-8702-6be5a2add057,a91029a8-a719-4931-8702-6be5a2add057,2025-07-24,,1,,,,2,2025-06-24,1,,,1,,,,,2025-09-25,2,2,94,---,---,2.0,120.0,---,---,---,---,1,,,,,,---,---,---,---,---,---,---,---,---,---,---,---,---,---,---,---,---,---,,1,,,1,,1,,,,,good,12.0497894,9.4238189,405.28,1.03,CT-Jah5KMMD15,Women Disable Association Kanwa,Jigawa,Jahun,Female,Production/Processing,Jigawa-WOFAN,0,0,12000,6000,0,0,0,0,120,12000,0,0,0,0,0,0,0,7b8de60d-e1cf-4f87-831b-c15183646fbd,jah54,30/10/2025 20:44
c25e5a28-4cd1-4560-bf3a-03ecf25cb643,c25e5a28-4cd1-4560-bf3a-03ecf25cb643,2025-07-26,,1,,,,2,2025-07-27,1,,,1,,,,,2021-06-25,2,2,96,---,---,2.0,120.0,---,---,---,---,1,,,,,,---,---,---,---,---,---,---,---,---,---,---,---,---,---,---,---,---,---,1,,,,1,,1,,,,,good,12.0497413,9.4238031,408.54,1.66,CT-Jah640KA27,Kanwa women disabled,Jigawa,Jahun,Both,Production/Processing,Jigawa-WOFAN,0,0,12000,6000,0,0,0,0,120,12000,0,0,0,0,0,0,0,e46902eb-b98c-4630-9694-3971725695d7,jah54,30/10/2025 20:44
7e2e8097-e2a3-476a-9f45-7a7b7c8f4041,7e2e8097-e2a3-476a-9f45-7a7b7c8f4041,2025-07-25,,1,,,,2,2025-09-25,1,,,1,,,,,2024-09-28,2,2,96,---,---,2.0,120.0,---,---,---,---,1,,,,,,---,---,---,---,---,---,---,---,---,---,---,---,---,---,---,---,---,---,,1,,1,,,1,,,,,good,12.0497452,9.4238086,407.41,1.15,CT-JahGW1G106,Kanwa women Farmers Association,Jigawa,Jahun,Female,Production/Processing,Jigawa-WOFAN,0,0,12000,6000,0,0,0,0,120,12000,0,0,0,0,0,0,0,90879923-3957-47ce-bbfa-5074704c3c73,jah54,30/10/2025 20:44
3e339490-0972-434f-ac91-1241ee45814e,3e339490-0972-434f-ac91-1241ee45814e,2025-07-25,,1,,,,2,2025-08-28,1,,,1,,,,,2025-09-30,2,2,96,---,---,2.0,120.0,---,---,---,---,1,,,,,,---,---,---,---,---,---,---,---,---,---,---,---,---,---,---,---,---,---,1,,,1,,,1,,,,,good,12.0497483,9.4238135,407.96,2.18,CT-JahGW1G106,Kanwa women Farmers Association,Jigawa,Jahun,Female,Production/Processing,Jigawa-WOFAN,0,0,12000,6000,0,0,0,0,120,12000,0,0,0,0,0,0,0,90879923-3957-47ce-bbfa-5074704c3c73,jah54,30/10/2025 20:44
406cc751-4d5b-422b-961d-0847693c4ef4,406cc751-4d5b-422b-961d-0847693c4ef4,2025-07-25,,1,,,,2,2025-08-30,1,,,1,,,,,2025-10-20,2,2,95,---,---,2.0,120.0,---,---,---,---,1,,,,,,---,---,---,---,---,---,---,---,---,---,---,---,---,---,---,---,---,---,1,,,1,,,1,,,,,good,12.049753,9.4238091,408.83,1.46,CT-JahGW1G106,Kanwa women Farmers Association,Jigawa,Jahun,Female,Production/Processing,Jigawa-WOFAN,0,0,12000,6000,0,0,0,0,120,12000,0,0,0,0,0,0,0,90879923-3957-47ce-bbfa-5074704c3c73,jah54,30/10/2025 20:44
faf0efdc-8d46-4be9-99ba-09e2f1152a15,faf0efdc-8d46-4be9-99ba-09e2f1152a15,2025-06-28,,1,,,,2,2025-08-24,1,,,1,,,,,2025-06-25,2,2,96,---,---,2.0,120.0,---,---,---,---,1,,,,,,---,---,---,---,---,---,---,---,---,---,---,---,---,---,---,---,---,---,1,,,1,,,1,,,,,good,12.0497368,9.4238463,415.75,2.5,CT-JahGW1G106,Kanwa women Farmers Association,Jigawa,Jahun,Female,Production/Processing,Jigawa-WOFAN,0,0,12000,6000,0,0,0,0,120,12000,0,0,0,0,0,0,0,90879923-3957-47ce-bbfa-5074704c3c73,jah54,30/10/2025 20:44
a21f28a8-4984-4954-9aac-9dd24771066b,a21f28a8-4984-4954-9aac-9dd24771066b,2025-09-20,,,1,,,Faro 68,2025-06-16,1,,,1,,,,,2025-10-28,1,1,12,---,---,---,---,1.0,90.0,---,---,1,,,,,,---,---,---,---,---,---,---,---,---,---,---,---,---,---,---,---,---,---,1,,,1,,,1,,,,,Masha Allah,11.5464731,8.3868756,549.64,1.35,CT-BebSY9X844,Garmai Yan Alewa Associaticn,Kano,Bebeji,,Production,Kano-WOFAN,0,0,0,0,6750,6750,0,0,90,6750,0,0,0,0,0,0,0,2e51f4fa-4931-498f-8951-9252d8a1c3a0,beb36,30/10/2025 20:49
cf0fa523-2276-48d1-b3a6-f958625135ac,cf0fa523-2276-48d1-b3a6-f958625135ac,2025-09-25,,,1,,,Faro 68,2025-06-15,1,,,1,,,,,2025-10-28,1,1,12,---,---,---,---,1.0,90.0,---,---,1,,,,,,---,---,---,---,---,---,---,---,---,---,---,---,---,---,---,---,---,---,1,,,1,,,1,,,,,Masha Allah,11.5464731,8.3868756,549.64,1.35,CT-Beb9C8UP04,Kogo Fatan Alkairi Cluster,Kano,Bebeji,,Production,Kano-WOFAN,0,0,0,0,6750,6750,0,0,90,6750,0,0,0,0,0,0,0,444e4b70-7e7b-4520-b436-40f766c23ee3,beb36,30/10/2025 20:49
242b5798-edb0-4b5c-ade4-06c6a6876ddf,242b5798-edb0-4b5c-ade4-06c6a6876ddf,2025-10-26,,,1,,,rice,2025-06-30,1,,,1,,,,,2025-10-09,2,2,75,---,---,---,---,2.0,160.0,---,---,1,,,,,,---,---,---,---,---,---,---,---,---,---,---,---,---,---,---,---,---,---,1,,,1,,,1,,,,,good,11.6354617,8.4040383,508.2,4.86,CT-GarIZEAH38,DUMAJI FUNKASO AMANA B,Kano,Garum_Mallam,Female,Production/Processing,Kano-WOFAN,0,0,0,0,12000,6000,0,0,160,12000,0,0,0,0,0,0,0,8d78e61a-94b7-470e-82d8-7ecfc8d9aa6c,gmm20,30/10/2025 20:49
abe01b55-4493-4672-a57b-efc4c01441ce,abe01b55-4493-4672-a57b-efc4c01441ce,2025-06-25,,1,,,,2,2025-08-30,1,,,1,,,,,2025-07-25,2,2,96,---,---,2.0,100.0,---,---,---,---,1,,,,,,---,---,---,---,---,---,---,---,---,---,---,---,---,---,---,---,---,---,1,,,1,,,1,,,,,good,12.0498615,9.4237747,393.06,1.45,CT-JahGW1G106,Kanwa women Farmers Association,Jigawa,Jahun,Female,Production/Processing,Jigawa-WOFAN,0,0,10000,5000,0,0,0,0,100,10000,0,0,0,0,0,0,0,90879923-3957-47ce-bbfa-5074704c3c73,jah54,30/10/2025 20:55
35dfa4b7-57ba-4a2f-94d0-bafc676afd01,35dfa4b7-57ba-4a2f-94d0-bafc676afd01,2025-06-24,1,1,,,,2,2025-08-24,1,,,1,,,,,2025-09-18,2,2,96,2.0,100.0,2.0,100.0,---,---,---,---,1,,,,,,---,---,---,---,---,---,---,---,---,---,---,---,---,---,---,---,---,---,1,,,1,,,1,,,,,good,12.0499151,9.4237681,396.48,1.55,CT-JahGW1G106,Kanwa women Farmers Association,Jigawa,Jahun,Female,Production/Processing,Jigawa-WOFAN,7500,3750,10000,5000,0,0,0,0,200,17500,0,0,0,0,0,0,0,90879923-3957-47ce-bbfa-5074704c3c73,jah54,30/10/2025 20:55
b0c6df5b-4b1e-4187-a22d-f679dff51468,b0c6df5b-4b1e-4187-a22d-f679dff51468,2025-06-24,,1,,,,2,2025-07-25,1,,,1,,,,,2025-08-28,2,2,96,---,---,2.0,100.0,---,---,---,---,1,,,,,,---,---,---,---,---,---,---,---,---,---,---,---,---,---,---,---,---,---,1,,,1,,,1,,,,,good,12.0497471,9.4238378,417.54,1.75,CT-Jah640KA27,Kanwa women disabled,Jigawa,Jahun,Both,Production/Processing,Jigawa-WOFAN,0,0,10000,5000,0,0,0,0,100,10000,0,0,0,0,0,0,0,e46902eb-b98c-4630-9694-3971725695d7,jah54,30/10/2025 20:55
73f65529-9335-469f-b9d2-d2ef42733b73,73f65529-9335-469f-b9d2-d2ef42733b73,2025-07-30,,1,,,,2,2025-08-20,1,,,1,,,,,2025-09-24,2,2,96,---,---,2.0,100.0,---,---,---,---,1,,,,,,---,---,---,---,---,---,---,---,---,---,---,---,---,---,---,---,---,---,1,,,1,,,1,,,,,good,12.0497212,9.4238449,394.98,1.26,CT-Jah1V54V22,KUNGIYAR MAKAFI KANWA,Jigawa,Jahun,Both,Production/Processing,Jigawa-WOFAN,0,0,10000,5000,0,0,0,0,100,10000,0,0,0,0,0,0,0,cc0ab5dd-bc0f-42f9-bde2-f47bfa35b487,jah54,30/10/2025 20:55
2467e8f1-a0a1-40c6-9370-5fae15a0b0be,2467e8f1-a0a1-40c6-9370-5fae15a0b0be,2025-07-20,,1,,,,2,2025-09-25,1,,,1,,,,,2025-09-28,2,2,96,---,---,2.0,100.0,---,---,---,---,1,,,,,,---,---,---,---,---,---,---,---,---,---,---,---,---,---,---,---,---,---,1,,,1,,,1,,,,,good,12.049805,9.4239392,415.53,2.94,CT-JahGW1G106,Kanwa women Farmers Association,Jigawa,Jahun,Female,Production/Processing,Jigawa-WOFAN,0,0,10000,5000,0,0,0,0,100,10000,0,0,0,0,0,0,0,90879923-3957-47ce-bbfa-5074704c3c73,jah54,30/10/2025 20:58
0900e77f-0f33-47c0-a67c-38d8db045448,0900e77f-0f33-47c0-a67c-38d8db045448,2025-07-25,,1,,,,2,2025-08-30,1,,,1,,,,,2025-09-25,2,2,96,---,---,2.0,100.0,---,---,---,---,1,,,,,,---,---,---,---,---,---,---,---,---,---,---,---,---,---,---,---,---,---,1,,,1,,,1,,,,,good,12.0497858,9.4238637,391.16,9.24,CT-JahGW1G106,Kanwa women Farmers Association,Jigawa,Jahun,Female,Production/Processing,Jigawa-WOFAN,0,0,10000,5000,0,0,0,0,100,10000,0,0,0,0,0,0,0,90879923-3957-47ce-bbfa-5074704c3c73,jah54,30/10/2025 20:58
43cc974e-fea4-4efe-a378-832489a679a4,43cc974e-fea4-4efe-a378-832489a679a4,2025-08-25,,1,,,,120,2025-08-24,1,,,1,,,,,2025-09-26,2,2,96,---,---,2.0,120.0,---,---,---,---,1,,,,,,---,---,---,---,---,---,---,---,---,---,---,---,---,---,---,---,---,---,1,,,1,,,1,,,,,good,12.0497884,9.4239198,414.22,3.29,CT-Jah1V54V22,KUNGIYAR MAKAFI KANWA,Jigawa,Jahun,Both,Production/Processing,Jigawa-WOFAN,0,0,12000,6000,0,0,0,0,120,12000,0,0,0,0,0,0,0,cc0ab5dd-bc0f-42f9-bde2-f47bfa35b487,jah54,30/10/2025 20:58
aac3eb2d-1d9d-41cf-924a-8adcc070e07d,aac3eb2d-1d9d-41cf-924a-8adcc070e07d,2024-07-30,,1,,,,120,2025-09-26,1,,,1,,,,,2025-09-27,2,2,95,---,---,2.0,100.0,---,---,---,---,1,,,,,,---,---,---,---,---,---,---,---,---,---,---,---,---,---,---,---,---,---,1,,,1,,,1,,,,,good,12.0497329,9.4238957,401.18,2.79,CT-JahGW1G106,Kanwa women Farmers Association,Jigawa,Jahun,Female,Production/Processing,Jigawa-WOFAN,0,0,10000,5000,0,0,0,0,100,10000,0,0,0,0,0,0,0,90879923-3957-47ce-bbfa-5074704c3c73,jah54,30/10/2025 20:58
37edea1d-7421-440e-8e80-06c1f45b5c6a,37edea1d-7421-440e-8e80-06c1f45b5c6a,2024-09-30,,1,,,,2,2025-10-26,1,,,1,,,,,2024-08-30,2,2,95,---,---,2.0,100.0,---,---,---,---,1,,,,,,---,---,---,---,---,---,---,---,---,---,---,---,---,---,---,---,---,---,1,,,1,,,1,,,,,good,12.0498303,9.4238804,404.74,2.71,CT-Jah640KA27,Kanwa women disabled,Jigawa,Jahun,Both,Production/Processing,Jigawa-WOFAN,0,0,10000,5000,0,0,0,0,100,10000,0,0,0,0,0,0,0,e46902eb-b98c-4630-9694-3971725695d7,jah54,30/10/2025 20:58
67e7511b-4b53-4fb3-ad06-b5104ef46203,67e7511b-4b53-4fb3-ad06-b5104ef46203,2025-04-26,,1,,,,120,2025-07-23,1,,,1,,,,,2025-10-26,2,2,94,---,---,2.0,100.0,---,---,---,---,1,,,,,,---,---,---,---,---,---,---,---,---,---,---,---,---,---,---,---,---,---,1,,,1,,,1,,,,,good,12.049788,9.4238575,393.59,1.34,CT-JahGW1G106,Kanwa women Farmers Association,Jigawa,Jahun,Female,Production/Processing,Jigawa-WOFAN,0,0,10000,5000,0,0,0,0,100,10000,0,0,0,0,0,0,0,90879923-3957-47ce-bbfa-5074704c3c73,jah54,30/10/2025 20:58
bf8592f9-3a5d-4784-8c0e-c1d7a21b6525,bf8592f9-3a5d-4784-8c0e-c1d7a21b6525,2025-07-30,,,1,,,Faro,2025-06-13,1,,,1,,,,,2025-07-30,2,2,12,---,---,---,---,2.0,1600.0,---,---,,,,1,,,---,---,2.0,---,,1,,,,,,,,,,,,,,1,,,1,,1,,,,,Good,9.960587,9.4397961,669.7,1.2,CT-Das4PLAT38,Baraza Buzuri Multipurpose Women Famers Cooperative Society LTD PWD,Bauchi,Dass,,Production/Processing,Bauchi-WOFAN,0,0,0,0,120000,60000,0,0,1600,120000,0,0,150,0,2,150,0,e0e43808-51ea-48b1-b682-f484f2c23b0d,das01,30/10/2025 21:11
b50b5bd3-8c48-44dd-aa83-6ba52726a2e9,b50b5bd3-8c48-44dd-aa83-6ba52726a2e9,2025-07-18,,,1,,,Faro,2025-06-13,1,,,1,,,,,2025-10-26,2,2,12,---,---,---,---,2.0,16000.0,---,---,,,,1,,,---,---,2.0,---,,1,,,,,,,,,,,,,,1,,,1,,1,,,,,Good,9.960587,9.4397961,669.7,1.27,CT-Das4PLAT38,Baraza Buzuri Multipurpose Women Famers Cooperative Society LTD PWD,Bauchi,Dass,,Production/Processing,Bauchi-WOFAN,0,0,0,0,1200000,600000,0,0,16000,1200000,0,0,150,0,2,150,0,e0e43808-51ea-48b1-b682-f484f2c23b0d,das01,30/10/2025 21:11
208ef291-f71b-4a96-b053-8d11cc7e3248,208ef291-f71b-4a96-b053-8d11cc7e3248,2025-07-21,,,1,,,Faro,2025-06-14,1,,,1,,,,,2025-07-30,2,2,12,---,---,---,---,2.0,16000.0,---,---,,,,1,,,---,---,2.0,---,,1,,,,,,,,,,,,,,1,,,1,,1,,,,,Good,9.9606076,9.4398468,673.59,4.24,CT-Das4PLAT38,Baraza Buzuri Multipurpose Women Famers Cooperative Society LTD PWD,Bauchi,Dass,,Production/Processing,Bauchi-WOFAN,0,0,0,0,1200000,600000,0,0,16000,1200000,0,0,150,0,2,150,0,e0e43808-51ea-48b1-b682-f484f2c23b0d,das01,30/10/2025 21:11
2e7dee74-3311-4250-a6a3-96af8960be51,2e7dee74-3311-4250-a6a3-96af8960be51,2025-06-19,,,1,,,Faro,2025-06-22,1,,,1,,,,,2026-07-15,2,2,12,---,---,---,---,2.0,16000.0,---,---,,,,1,,,---,---,2.0,---,,1,,,,,,,,,,,,,,1,,,1,,1,,,,,Good,9.9606145,9.4398238,669.97,4.9,CT-DasY7U2T36,Tsohon Fada Baraza Women Multipurpose Cooperative Society LTD (PWD),Bauchi,Dass,,Production/Processing,Bauchi-WOFAN,0,0,0,0,1200000,600000,0,0,16000,1200000,0,0,150,0,2,150,0,8b6fee57-a8c2-4cd5-838e-fc1a12fe47c6,das01,30/10/2025 21:11
b5fee45d-21e3-4104-ad15-7f7056a2fc61,b5fee45d-21e3-4104-ad15-7f7056a2fc61,2025-07-23,,,1,,,2,2025-10-18,1,,,1,,,,,2025-10-18,2,2,5,---,---,---,---,2.0,100.0,---,---,,,,1,,,---,---,3.0,---,,,,,,,,,,,1,,,,1,,,1,,,1,,,,,good,11.6480992,8.4455266,512.3,4.95,CT-GarJMSLL26,fanwa sabon gari women disable,Kano,Garum_Mallam,,Production,Kano-WOFAN,0,0,0,0,7500,3750,0,0,100,7500,0,0,225,0,3,225,0,43373b55-cba7-4a7d-8203-936d3877e261,bun18,30/10/2025 21:45
8dbbfe30-cf44-4db9-baf0-f32695f1d56b,8dbbfe30-cf44-4db9-baf0-f32695f1d56b,2025-10-26,,,1,,,rice,2025-06-30,1,,,1,,,,,2025-10-10,2,2,75,---,---,---,---,2.0,160.0,---,---,1,,,,,,---,---,---,---,---,---,---,---,---,---,---,---,---,---,---,---,---,---,1,,,1,,,1,,,,,good,11.63543,8.4040883,517.29,5.0,CT-GarPW5KU47,FATA NAGARI DISABLE ASSOCIATION,Kano,Garum_Mallam,,Production/Processing,Kano-WOFAN,0,0,0,0,12000,6000,0,0,160,12000,0,0,0,0,0,0,0,487357ec-11e3-44a8-842d-983341299919,gmm20,30/10/2025 22:05
d3aab16c-4576-4fe4-9e64-ea625481201d,d3aab16c-4576-4fe4-9e64-ea625481201d,2025-10-26,,,1,,,rice,2025-06-30,1,,,1,,,,,2025-10-11,2,2,75,---,---,---,---,2.0,160.0,---,---,1,,,,,,---,---,---,---,---,---,---,---,---,---,---,---,---,---,---,---,---,---,1,,,1,,,1,,,,,good,11.6353933,8.404035,510.1,4.3,CT-GarSX12S38,Garum mallam kungiyar yan kosai,Kano,Garum_Mallam,Female,Production/Processing,Kano-WOFAN,0,0,0,0,12000,6000,0,0,160,12000,0,0,0,0,0,0,0,020ddaf3-d587-4ab5-baf1-9ee82e171cf2,gmm20,30/10/2025 22:54
6e2d7455-a97a-49aa-aef7-b252b413a864,6e2d7455-a97a-49aa-aef7-b252b413a864,2025-06-28,,,1,,,rice,2025-04-28,1,,,1,,,,,2025-04-28,2,2,100,---,---,---,---,2.0,1.0,---,---,1,,,,,,---,---,---,---,---,---,---,---,---,---,---,---,---,---,---,---,---,---,,1,,1,,,1,,,,,ok,12.1447433,9.36699,333.3,4.8,CT-Jah0Y7B858,Gunka women center,Jigawa,Jahun,Both,Production/Processing,Jigawa-WOFAN,0,0,0,0,75,38,0,0,1,75,0,0,0,0,0,0,0,5fce72ab-8ea3-45bb-8b6d-aae9422bad4f,jah78,31/10/2025 05:51
6c899832-471a-4fde-957e-787e6e52c107,6c899832-471a-4fde-957e-787e6e52c107,2025-10-29,,,1,,,rice,2025-06-24,1,1,,1,,,,,2025-10-15,1,1,10,---,---,---,---,1.0,90.0,---,---,1,,,,,,---,---,---,---,---,---,---,---,---,---,---,---,---,---,---,---,---,---,,1,,1,,,1,,,,,Storage,11.7679096,8.4651839,469.5,4.84,CT-KurODST444,Kura takalli cluster,Kano,Kura,Female,Production/Processing,Kano-WOFAN,0,0,0,0,6750,6750,0,0,90,6750,0,0,0,0,0,0,0,8d14689e-9a9f-4b26-9a7c-80209eea19be,kur01,31/10/2025 06:11
4b7518e8-4b4a-4168-90a4-61f07529005e,4b7518e8-4b4a-4168-90a4-61f07529005e,2025-10-28,,1,,,,maize,2025-06-20,1,,,1,,,,,2025-10-15,1,1,10,---,---,1.0,68.0,---,---,---,---,1,,,,,,---,---,---,---,---,---,---,---,---,---,---,---,---,---,---,---,---,---,1,,,1,,,1,,,,,Storage,11.7678822,8.4651996,469.4,4.84,CT-KurODST444,Kura takalli cluster,Kano,Kura,Female,Production/Processing,Kano-WOFAN,0,0,6800,6800,0,0,0,0,68,6800,0,0,0,0,0,0,0,8d14689e-9a9f-4b26-9a7c-80209eea19be,kur01,31/10/2025 06:11
05e6acbd-2132-456d-91f6-bfae2e8917a3,05e6acbd-2132-456d-91f6-bfae2e8917a3,2025-10-28,,1,,,,maize,2025-06-26,1,,,1,,,,,2025-10-18,1,1,10,---,---,1.0,70.0,---,---,---,---,1,,,,,,---,---,---,---,---,---,---,---,---,---,---,---,---,---,---,---,---,---,,1,,1,,,1,,,,,Storage,11.7678865,8.4652148,469.3,4.98,CT-KurUPTIX09,Kura kurunsmu clustei,Kano,Kura,Female,Production/Processing,Kano-WOFAN,0,0,7000,7000,0,0,0,0,70,7000,0,0,0,0,0,0,0,c13e84d7-0800-416f-b530-04f8290ebf64,kur01,31/10/2025 06:11
e71f4b9b-b27f-4c77-82c8-3ed549c47db3,e71f4b9b-b27f-4c77-82c8-3ed549c47db3,2025-10-27,,,1,,,Maize,2025-06-24,1,1,,1,,,,,2025-10-23,1,1,10,---,---,---,---,1.0,95.0,---,---,1,,,,,,---,---,---,---,---,---,---,---,---,---,---,---,---,---,---,---,---,---,,1,,1,,,1,,,,,Storage,11.7678527,8.4652674,469.3,4.95,CT-KurDLHH511,kura rimin rijiya cluster,Kano,Kura,Female,Production/Processing,Kano-WOFAN,0,0,0,0,7125,7125,0,0,95,7125,0,0,0,0,0,0,0,a93710f1-df44-4c9e-a1c2-03e644fc1a2b,kur01,31/10/2025 06:11
055b4e3f-0dfb-4e8c-8ef1-7b38d60c4245,055b4e3f-0dfb-4e8c-8ef1-7b38d60c4245,2025-10-29,,1,,,,maize,2025-06-24,1,,,1,,,,,2025-10-26,1,1,10,---,---,1.0,69.0,---,---,---,---,1,,,,,,---,---,---,---,---,---,---,---,---,---,---,---,---,---,---,---,---,---,,1,,1,,,1,,,,,Storage,11.7678306,8.4652635,469.2,5.0,CT-KurDLHH511,kura rimin rijiya cluster,Kano,Kura,Female,Production/Processing,Kano-WOFAN,0,0,6900,6900,0,0,0,0,69,6900,0,0,0,0,0,0,0,a93710f1-df44-4c9e-a1c2-03e644fc1a2b,kur01,31/10/2025 06:11
36e8544e-f1d5-4cac-ad01-9bf6fb6c587e,36e8544e-f1d5-4cac-ad01-9bf6fb6c587e,2025-10-28,,,1,,,maize,2025-06-21,1,,,1,,,,,2025-10-26,1,1,11,---,---,---,---,1.0,69.0,---,---,1,,,,,,---,---,---,---,---,---,---,---,---,---,---,---,---,---,---,---,---,---,,1,,1,,,1,,,,,Storage,11.7678268,8.465233,468.9,4.63,CT-Kur7K4Z001,KURA CIKIN GARI CLUSTER,Kano,Kura,Female,Production/Processing,Kano-WOFAN,0,0,0,0,5175,5175,0,0,69,5175,0,0,0,0,0,0,0,cde2b747-1e4c-4879-a80b-b73f183d8646,kur01,31/10/2025 06:11
d16f8c0f-38cd-4f0c-b9e6-430dad8ba80a,d16f8c0f-38cd-4f0c-b9e6-430dad8ba80a,2025-10-25,,,1,,,rice,2025-06-24,1,1,,1,,,,,2025-10-27,1,1,10,---,---,---,---,1.0,96.0,---,---,1,,,,,,---,---,---,---,---,---,---,---,---,---,---,---,---,---,---,---,---,---,,1,,1,,,1,,,,,Storage,11.7678797,8.4652143,470.2,3.86,CT-Kur7K4Z001,KURA CIKIN GARI CLUSTER,Kano,Kura,Female,Production/Processing,Kano-WOFAN,0,0,0,0,7200,7200,0,0,96,7200,0,0,0,0,0,0,0,cde2b747-1e4c-4879-a80b-b73f183d8646,kur01,31/10/2025 06:13
8911cb8c-f55f-47fb-9e18-85f80b0145ea,8911cb8c-f55f-47fb-9e18-85f80b0145ea,2025-10-31,,,1,,,rice,2025-06-20,1,1,,1,,,,,2025-10-25,1,1,10,---,---,---,---,1.0,93.0,---,---,1,,,,,,---,---,---,---,---,---,---,---,---,---,---,---,---,---,---,---,---,---,,1,,1,,,1,,,,,Storage,11.7678833,8.4652133,470.1,2.4,CT-KurUPTIX09,Kura kurunsmu clustei,Kano,Kura,Female,Production/Processing,Kano-WOFAN,0,0,0,0,6975,6975,0,0,93,6975,0,0,0,0,0,0,0,c13e84d7-0800-416f-b530-04f8290ebf64,kur01,31/10/2025 06:15
f71b5462-148b-4fd7-b1af-952b4a252263,f71b5462-148b-4fd7-b1af-952b4a252263,2025-10-30,,,1,,,rice,2025-06-26,1,1,,1,,,,,2025-10-28,1,1,10,---,---,---,---,1.0,90.0,---,---,1,,,,,,---,---,---,---,---,---,---,---,---,---,---,---,---,---,---,---,---,---,,1,,1,,,1,,,,,Storage,11.76788,8.4652167,470.1,2.7,CT-KurP7M1442,Lungun Mahauta Domawa Micro marketers,Kano,Kura,Both,Production/Processing,Kano-WOFAN,0,0,0,0,6750,6750,0,0,90,6750,0,0,0,0,0,0,0,d87b97e5-8933-459c-8491-e9585ba81280,kur01,31/10/2025 06:16
e23d6086-3358-43e8-aedb-172d45775b9c,e23d6086-3358-43e8-aedb-172d45775b9c,2025-10-30,,1,,,,Maize,2025-06-23,1,,,1,,,,,2025-10-27,1,1,10,---,---,1.0,70.0,---,---,---,---,1,,,,,,---,---,---,---,---,---,---,---,---,---,---,---,---,---,---,---,---,---,,1,,1,,,1,,,,,Storage,11.7679067,8.4652083,470.1,4.81,CT-KurP7M1442,Lungun Mahauta Domawa Micro marketers,Kano,Kura,Both,Production/Processing,Kano-WOFAN,0,0,7000,7000,0,0,0,0,70,7000,0,0,0,0,0,0,0,d87b97e5-8933-459c-8491-e9585ba81280,kur01,31/10/2025 06:17
42ba95a6-d418-4667-a9bd-13ced22aac5a,42ba95a6-d418-4667-a9bd-13ced22aac5a,2025-10-27,,,1,,,rice,2025-06-30,1,,,1,,,,,2025-10-11,2,2,75,---,---,---,---,2.0,160.0,---,---,1,,,,,,---,---,---,---,---,---,---,---,---,---,---,---,---,---,---,---,---,---,1,,,1,,,1,,,,,good,11.635375,8.403945,387.2,4.8,CT-Gar2DN7833,Garun Babba disabled cluster A,Kano,Garum_Mallam,,Production,Kano-WOFAN,0,0,0,0,12000,6000,0,0,160,12000,0,0,0,0,0,0,0,a776f90a-6525-4a81-9326-b1e18e740ad1,gmm20,31/10/2025 06:20
4dd45f4f-a712-4893-8660-ca9fb0737361,4dd45f4f-a712-4893-8660-ca9fb0737361,2025-10-24,,,1,,,rice,2025-06-30,1,,,1,,,,,2025-10-12,2,2,75,---,---,---,---,2.0,160.0,---,---,1,,,,,,---,---,---,---,---,---,---,---,---,---,---,---,---,---,---,---,---,---,1,,,1,,,1,,,,,good,11.635415,8.40392,387.1,4.4,CT-GarFTGG641,Garun malam kungiyar Yan awara,Kano,Garum_Mallam,Female,Production/Processing,Kano-WOFAN,0,0,0,0,12000,6000,0,0,160,12000,0,0,0,0,0,0,0,15e2e593-2aec-422e-9c6b-93c07f4e214e,gmm20,31/10/2025 06:53
8d21261c-85eb-4292-9869-d76b6732df11,8d21261c-85eb-4292-9869-d76b6732df11,2025-09-24,,,1,,,Faro,2025-06-05,1,,,1,,,,,2025-09-29,2,2,12,---,---,---,---,2.0,165.0,---,---,1,,,,,,---,---,---,---,---,---,---,---,---,---,---,---,---,---,---,---,---,---,1,,,1,,,1,,,,,Successful,10.2772683,9.8005533,632.4,4.42,CT-BauZ03QY28,Dungal women cluster with disability multipurpose limited,Bauchi,Bauchi,,Production,Bauchi-WOFAN,0,0,0,0,12375,6188,0,0,165,12375,0,0,0,0,0,0,0,a01d0940-df1b-437d-84d4-cac2974bdad7,bau10,31/10/2025 07:03
d22769a6-62d7-4f42-aac6-495c18e30478,d22769a6-62d7-4f42-aac6-495c18e30478,2025-09-22,,,1,,,Faro,2025-06-08,1,,,1,,,,,2025-09-28,2,2,12,---,---,---,---,2.0,168.0,---,---,1,,,,,,---,---,---,---,---,---,---,---,---,---,---,---,---,---,---,---,---,---,1,,,1,,,1,,,,,Successful,10.2772717,9.80059,640.4,4.66,CT-BauSKR2J46,Karofi women living with disability multipurpose cluster,Bauchi,Bauchi,,Production,Bauchi-WOFAN,0,0,0,0,12600,6300,0,0,168,12600,0,0,0,0,0,0,0,0d59e6c0-7dc8-45b8-895f-8017312e3d41,bau10,31/10/2025 07:03
7b01d3b9-99b0-41a3-87c4-75f1286a10ff,7b01d3b9-99b0-41a3-87c4-75f1286a10ff,2025-10-27,,,1,,,rice,2025-06-24,1,1,,1,,,,,2025-10-28,1,1,10,---,---,---,---,1.0,95.0,---,---,1,,,,,,---,---,---,---,---,---,---,---,---,---,---,---,---,---,---,---,---,---,,1,,1,,,1,,,,,Storage,11.7679283,8.4651783,469.7,4.18,CT-KurDLHH511,kura rimin rijiya cluster,Kano,Kura,Female,Production/Processing,Kano-WOFAN,0,0,0,0,7125,7125,0,0,95,7125,0,0,0,0,0,0,0,a93710f1-df44-4c9e-a1c2-03e644fc1a2b,kur01,31/10/2025 07:24
7d846b03-9689-44e9-90f6-861c9e449489,7d846b03-9689-44e9-90f6-861c9e449489,2025-07-25,,,1,,,Faro,2025-08-26,1,,,1,,,,,2025-10-24,1,1,95,---,---,---,---,1.0,80.0,---,---,1,,,,,,---,---,---,---,---,---,---,---,---,---,---,---,---,---,---,---,---,---,,1,,1,,,1,,,,,ok,12.0464725,9.4246483,366.4,4.94,CT-JahF7DF917,Kungiyar Nakasassu Manoma na gundumar Zangon Aujara,Jigawa,Jahun,,Production,Jigawa-WOFAN,0,0,0,0,6000,6000,0,0,80,6000,0,0,0,0,0,0,0,7fdaf35d-c7ad-42db-8065-40aa3747bf51,jah59,31/10/2025 07:43
f770ff66-dcfe-48e0-83ae-2533ebc8a199,f770ff66-dcfe-48e0-83ae-2533ebc8a199,2025-10-26,,,1,,,rice,2025-06-30,1,,,1,,,,,2025-10-12,2,2,75,---,---,---,---,2.0,160.0,---,---,1,,,,,,---,---,---,---,---,---,---,---,---,---,---,---,---,---,---,---,---,---,1,,,1,,,1,,,,,good,11.6352483,8.40406,661.4,4.8,CT-Gar40CIC18,Garun Mallam disabled cluster A,Kano,Garum_Mallam,,Production,Kano-WOFAN,0,0,0,0,12000,6000,0,0,160,12000,0,0,0,0,0,0,0,c61f66c7-7d3c-4d81-be19-d918aac27abf,gmm20,31/10/2025 08:00
28878565-e6ba-4ab2-9ca6-d8ac0edcc686,28878565-e6ba-4ab2-9ca6-d8ac0edcc686,2025-10-16,,,1,,,Rice,2025-07-20,1,,,1,,,,,2025-10-19,2,2,9,---,---,---,---,2.0,100.0,---,---,1,,,,,,---,---,---,---,---,---,---,---,---,---,---,---,---,---,---,---,---,---,,1,,1,,,1,,,,,Excellent,11.7117765,8.4236583,500.1,3.7,CT-Gar4GKYF57,Garun Babba Disabled cluster B,Kano,Garum_Mallam,,Production,Kano-WOFAN,0,0,0,0,7500,3750,0,0,100,7500,0,0,0,0,0,0,0,1ec2467d-4b4f-4da3-9885-a48328b4db96,gmm70,31/10/2025 08:09
8409df93-f37d-4363-bd53-d68596a3929f,8409df93-f37d-4363-bd53-d68596a3929f,2025-10-18,,1,,,,Maize,2025-07-20,1,,,1,,,,,2025-10-19,2,2,8,---,---,2.0,70.0,---,---,---,---,1,,,,,,---,---,---,---,---,---,---,---,---,---,---,---,---,---,---,---,---,---,,1,,1,,,1,,,,,Excellent,11.7117759,8.4236963,500.0,3.8,CT-Gar4GKYF57,Garun Babba Disabled cluster B,Kano,Garum_Mallam,,Production,Kano-WOFAN,0,0,7000,3500,0,0,0,0,70,7000,0,0,0,0,0,0,0,1ec2467d-4b4f-4da3-9885-a48328b4db96,gmm70,31/10/2025 08:10
088120e9-b105-4e9f-96e9-bfe84ed9867e,088120e9-b105-4e9f-96e9-bfe84ed9867e,2025-10-27,,,1,,,rice,2025-06-30,1,,,1,,,,,2025-10-13,2,2,75,---,---,---,---,2.0,160.0,---,---,1,,,,,,---,---,---,---,---,---,---,---,---,---,---,---,---,---,---,---,---,---,1,,,1,,,1,,,,,good,11.63538,8.40402,520.79,4.9,CT-Gar98X0O39,kadawa Amana disabled cluster,Kano,Garum_Mallam,,Production,Kano-WOFAN,0,0,0,0,12000,6000,0,0,160,12000,0,0,0,0,0,0,0,eb84dc2c-3204-4f48-a48e-7ee9a218587e,gmm20,31/10/2025 08:41
5398a327-46ee-45f9-bad4-ee587b35a974,5398a327-46ee-45f9-bad4-ee587b35a974,2025-10-28,,1,,,,maize,2025-06-24,1,,,1,,,,,2025-10-26,1,1,10,---,---,1.0,68.0,---,---,---,---,1,,,,,,---,---,---,---,---,---,---,---,---,---,---,---,---,---,---,---,---,---,,1,,1,,,1,,,,,Storage,11.7679283,8.4652367,471.9,4.48,CT-KurGGHRU35,KURA ALKALAWA RAAYI CLUSTER,Kano,Kura,Female,Production/Processing,Kano-WOFAN,0,0,6800,6800,0,0,0,0,68,6800,0,0,0,0,0,0,0,e1a80278-0ddb-48a6-9d1e-7420f83fac6a,kur01,31/10/2025 08:45
b5046abd-a05a-4568-a28a-44c8789f9724,b5046abd-a05a-4568-a28a-44c8789f9724,2025-10-28,,,1,,,rice,2025-06-20,1,1,,1,,,,,2025-10-21,1,1,10,---,---,---,---,1.0,90.0,---,---,1,,,,,,---,---,---,---,---,---,---,---,---,---,---,---,---,---,---,---,---,---,,1,,1,,,1,,,,,Storage,11.7680717,8.4653433,468.7,4.75,CT-KurGGHRU35,KURA ALKALAWA RAAYI CLUSTER,Kano,Kura,Female,Production/Processing,Kano-WOFAN,0,0,0,0,6750,6750,0,0,90,6750,0,0,0,0,0,0,0,e1a80278-0ddb-48a6-9d1e-7420f83fac6a,kur01,31/10/2025 09:07
2c284827-e705-4a9c-9ed3-c70c8a2f9343,2c284827-e705-4a9c-9ed3-c70c8a2f9343,2025-10-15,,,1,,,Rice,2025-07-21,1,,,1,,,,,2025-10-19,2,2,9,---,---,---,---,2.0,100.0,---,---,1,,,,,,---,---,---,---,---,---,---,---,---,---,---,---,---,---,---,---,---,---,,1,,1,,,1,,,,,Excellent,11.7117852,8.4236976,502.4,2.85,CT-Gar98X0O39,kadawa Amana disabled cluster,Kano,Garum_Mallam,,Production,Kano-WOFAN,0,0,0,0,7500,3750,0,0,100,7500,0,0,0,0,0,0,0,eb84dc2c-3204-4f48-a48e-7ee9a218587e,gmm70,31/10/2025 09:12
edce94a0-08c0-42b6-bb9a-3ad48d723fdc,edce94a0-08c0-42b6-bb9a-3ad48d723fdc,2025-10-18,,1,,,,Maize,2025-07-17,1,,,1,,,,,2025-10-19,2,2,8,---,---,2.0,70.0,---,---,---,---,1,,,,,,---,---,---,---,---,---,---,---,---,---,---,---,---,---,---,---,---,---,,1,,1,,,1,,,,,Excellent,11.7117919,8.4237298,506.8,3.0,CT-Gar98X0O39,kadawa Amana disabled cluster,Kano,Garum_Mallam,,Production,Kano-WOFAN,0,0,7000,3500,0,0,0,0,70,7000,0,0,0,0,0,0,0,eb84dc2c-3204-4f48-a48e-7ee9a218587e,gmm70,31/10/2025 09:12
afea4f44-de13-48fe-957f-6e6d5d20972e,afea4f44-de13-48fe-957f-6e6d5d20972e,2025-10-29,,1,1,,,faro and maize,2025-07-14,1,,,1,,,,,2025-10-30,2,120,95,---,---,1.0,60.0,1.0,60.0,---,---,1,,,,,,---,---,---,---,---,---,---,---,---,---,---,---,---,---,---,---,---,---,,1,,1,,,1,,,,,good,12.0474797,9.4228713,426.91,2.73,CT-JahWHW5X54,Aujara special needs kurame,Jigawa,Jahun,Both,Production/Processing,Jigawa-WOFAN,0,0,6000,6000,4500,4500,0,0,120,10500,0,0,0,0,0,0,0,3248a566-2c8f-486a-b6c3-d40e953bc9ef,jah14,31/10/2025 10:01
9df98674-9d27-4a0a-8855-d0bb4140d000,9df98674-9d27-4a0a-8855-d0bb4140d000,2025-10-28,,,1,,,2,2025-10-26,1,,,1,,,,,2025-10-24,2,2,100,---,---,---,---,1.0,2.0,---,---,,,,1,,,---,---,2.0,---,1,,,,,,,,,,,,,,,1,,1,,,1,,,,,ok,12.1447361,9.366904,414.0,4.09,CT-Jah0Y7B858,Gunka women center,Jigawa,Jahun,Both,Production/Processing,Jigawa-WOFAN,0,0,0,0,150,150,0,0,2,150,0,0,150,0,2,150,0,5fce72ab-8ea3-45bb-8b6d-aae9422bad4f,jah78,31/10/2025 10:08
08ff4c02-6268-45d0-b9fe-d213dc708557,08ff4c02-6268-45d0-b9fe-d213dc708557,2025-10-28,,,1,,,2,2025-10-25,1,,,1,,,,,2025-10-25,2,2,2,---,---,---,---,2.0,1.0,---,---,,,,1,,,---,---,2.0,---,1,,,,,,,,,,,,,,1,1,,1,,,1,,,,,ok,12.144824,9.367011,406.2,4.9,CT-JahHQ96241,Gunka women center,Jigawa,Jahun,Both,Production/Processing,Jigawa-WOFAN,0,0,0,0,75,38,0,0,1,75,0,0,150,0,2,150,0,b0bd5614-9c53-462a-9ad3-9d8675527a07,jah78,31/10/2025 10:08
3bad8c46-fe4b-441f-8cad-3bb36a8dfaf2,3bad8c46-fe4b-441f-8cad-3bb36a8dfaf2,2025-10-30,,1,,,,maize,2025-07-16,1,,,1,,,,,2025-10-29,1,60,95,---,---,1.0,60.0,---,---,---,---,1,,,,,,---,---,---,---,---,---,---,---,---,---,---,---,---,---,---,---,---,---,,1,,1,,,1,,,,,good,12.0473357,9.4227877,468.84,2.67,CT-JahWHW5X54,Aujara special needs kurame,Jigawa,Jahun,Both,Production/Processing,Jigawa-WOFAN,0,0,6000,6000,0,0,0,0,60,6000,0,0,0,0,0,0,0,3248a566-2c8f-486a-b6c3-d40e953bc9ef,jah14,31/10/2025 10:11
1ded3bab-b10a-4fc4-a932-d04e70de478e,1ded3bab-b10a-4fc4-a932-d04e70de478e,2025-10-15,,,1,,,Faro 67,2025-07-10,1,,,1,,,,,2025-09-15,2,86,12,---,---,---,---,2.0,85.0,---,---,1,,,,,,---,---,---,---,---,---,---,---,---,---,---,---,---,---,---,---,---,---,1,,,1,,,1,,,,,successful,12.2865433,9.4715833,363.7,9.06,CT-TauG2A8356,Malamawa Disable Group,Jigawa,Taura,,Production/Processing,Jigawa-WOFAN,0,0,0,0,6375,3188,0,0,85,6375,0,0,0,0,0,0,0,2f14f001-b06f-45e4-b996-e02fda95f99b,tau20,31/10/2025 10:11
7b9a3c2f-5cdd-468b-ae3d-3c430678fc88,7b9a3c2f-5cdd-468b-ae3d-3c430678fc88,2025-10-20,,,1,,,Faro 67,2025-07-01,1,,,1,,,,,2025-09-15,2,85,12,---,---,---,---,2.0,86.0,---,---,1,,,,,,---,---,---,---,---,---,---,---,---,---,---,---,---,---,---,---,---,---,1,,,1,,,1,,,,,successful,12.2865282,9.4719034,362.8,4.2,CT-Tau0G29K03,Asasanta Disable Group,Jigawa,Taura,,Production/Processing,Jigawa-WOFAN,0,0,0,0,6450,3225,0,0,86,6450,0,0,0,0,0,0,0,93a78f58-0d39-4a75-bf36-e02d316eaf29,tau20,31/10/2025 10:11
34de2c0b-547d-45ea-a6f4-1891d366a94e,34de2c0b-547d-45ea-a6f4-1891d366a94e,2025-10-30,,,1,,,Rice faro,2025-07-14,1,,,1,,,,,2025-10-30,2,120,6,---,---,---,---,2.0,120.0,---,---,1,,,,,,---,---,---,---,---,---,---,---,---,---,---,---,---,---,---,---,---,---,,1,,1,,,1,,,,,good,12.0476479,9.4227512,425.54,1.75,CT-JahWHW5X54,Aujara special needs kurame,Jigawa,Jahun,Both,Production/Processing,Jigawa-WOFAN,0,0,0,0,9000,4500,0,0,120,9000,0,0,0,0,0,0,0,3248a566-2c8f-486a-b6c3-d40e953bc9ef,jah14,31/10/2025 10:12
0148ade6-a787-4a32-b62a-b376b24bfd52,0148ade6-a787-4a32-b62a-b376b24bfd52,2025-10-17,,,1,,,Faro 67,2025-07-01,1,,,1,,,,,2025-09-15,2,86,12,---,---,---,---,2.0,86.0,---,---,1,,,,,,---,---,---,---,---,---,---,---,---,---,---,---,---,---,---,---,---,---,1,,,1,,,1,,,,,successful,12.2869015,9.4726506,290.39,6.06,CT-Tau30SFC49,Nemi Nakanka Association of Disable,Jigawa,Taura,,Production/Processing,Jigawa-WOFAN,0,0,0,0,6450,3225,0,0,86,6450,0,0,0,0,0,0,0,d6132285-c7dc-4bfa-a271-c1ed1c7847b3,tau20,31/10/2025 10:12
129d0af4-0375-4b09-abd0-84f8b364f205,129d0af4-0375-4b09-abd0-84f8b364f205,2025-10-20,,,1,,,Faro 67,2025-07-01,1,,,1,,,,,2025-09-15,2,85,12,---,---,---,---,2.0,86.0,---,---,1,,,,,,---,---,---,---,---,---,---,---,---,---,---,---,---,---,---,---,---,---,1,,,1,,,1,,,,,successful,12.2868757,9.4731784,385.7,4.75,CT-TauN2RK631,Dogaro Association of people having Disabilities,Jigawa,Taura,,Production/Processing,Jigawa-WOFAN,0,0,0,0,6450,3225,0,0,86,6450,0,0,0,0,0,0,0,3133d6b5-23df-4a18-9a57-cbbe5729ce39,tau20,31/10/2025 10:13
6a53189a-1fd5-4ef8-a15f-9e48ad2f3661,6a53189a-1fd5-4ef8-a15f-9e48ad2f3661,2025-10-23,,,1,,,Faro 67,2025-07-01,1,,,1,,,,,2025-09-15,2,86,12,---,---,---,---,2.0,82.0,---,---,1,,,,,,---,---,---,---,---,---,---,---,---,---,---,---,---,---,---,---,---,---,1,,,1,,,1,,,,,successful,12.2862859,9.4733503,392.9,5.65,CT-Tau4O8R636,Sassauci Group of Disable Women,Jigawa,Taura,,Production/Processing,Jigawa-WOFAN,0,0,0,0,6150,3075,0,0,82,6150,0,0,0,0,0,0,0,98b15393-3ff2-462e-8bdf-ae9f95690e5e,tau20,31/10/2025 10:13
5d7b4992-a2c3-4af3-bfc8-13d6ba0fa39a,5d7b4992-a2c3-4af3-bfc8-13d6ba0fa39a,2025-10-22,,,1,,,Fard,2025-06-07,1,,,1,,,,,2025-09-20,2,2,13,---,---,---,---,2.0,160.0,---,---,1,,,,,,---,---,---,---,---,---,---,---,---,---,---,---,---,---,---,---,---,---,1,,,1,,,1,,,,,Successful,10.2713583,9.8100217,593.79,4.7,CT-DasKFZ1I17,Unguwan Wakili B Women Farmers Cooperative Society LTD,Bauchi,Dass,,Production/Processing,Bauchi-WOFAN,0,0,0,0,12000,6000,0,0,160,12000,0,0,0,0,0,0,0,801f91c4-57e3-472a-9039-73ba7809d015,das10,31/10/2025 12:48
d891accc-a43c-46ce-9a9e-fae11eeb3180,d891accc-a43c-46ce-9a9e-fae11eeb3180,2025-10-29,,,1,,,rice,2025-06-27,1,1,,1,,,,,2025-10-26,1,1,10,---,---,---,---,1.0,90.0,---,---,1,,,,,,---,---,---,---,---,---,---,---,---,---,---,---,---,---,---,---,---,---,,1,,1,,,1,,,,,Storage,11.7679828,8.4653251,487.7,5.0,CT-KurFFXWD28,KURA BAKING KASUWA CLUSTER,Kano,Kura,Female,Production/Processing,Kano-WOFAN,0,0,0,0,6750,6750,0,0,90,6750,0,0,0,0,0,0,0,52c03fc2-4de7-4354-8b41-bfdf6cb461a0,kur01,31/10/2025 13:40
c2611aa3-437b-42c3-8d1b-e4178d155795,c2611aa3-437b-42c3-8d1b-e4178d155795,2025-10-29,,1,,,,maize,2025-06-22,1,,,1,,,,,2025-10-27,1,1,11,---,---,1.0,68.0,---,---,---,---,1,,,,,,---,---,---,---,---,---,---,---,---,---,---,---,---,---,---,---,---,---,,1,,1,,,1,,,,,storage,11.7679467,8.4653383,487.0,4.7,CT-KurFFXWD28,KURA BAKING KASUWA CLUSTER,Kano,Kura,Female,Production/Processing,Kano-WOFAN,0,0,6800,6800,0,0,0,0,68,6800,0,0,0,0,0,0,0,52c03fc2-4de7-4354-8b41-bfdf6cb461a0,kur01,31/10/2025 14:01
679528a3-36b9-4762-b592-31b9715e0792,679528a3-36b9-4762-b592-31b9715e0792,2025-10-27,,,1,,,rice,2025-06-30,1,,,1,,,,,2025-10-09,2,2,75,---,---,---,---,2.0,160.0,---,---,1,,,,,,---,---,---,---,---,---,---,---,---,---,---,---,---,---,---,---,---,---,1,,,1,,,1,,,,,good,11.6354417,8.404085,497.0,4.94,CT-GarX2FKZ54,KAFIN ALLAH DISABLE ASSOCIATION,Kano,Garum_Mallam,,Production/Processing,Kano-WOFAN,0,0,0,0,12000,6000,0,0,160,12000,0,0,0,0,0,0,0,8e3f8275-03db-4750-94bb-12c167cccb53,gmm20,31/10/2025 18:22
be6373da-eee6-4187-8b99-297ae4e34ccb,be6373da-eee6-4187-8b99-297ae4e34ccb,2025-10-22,,,1,,,rice,2025-07-26,1,,,1,,,,,2025-10-29,,2,75,---,---,---,---,1.0,65.0,---,---,1,,,,,,---,---,---,---,---,---,---,---,---,---,---,---,---,---,---,---,---,---,1,,,1,,,1,,,,,Good luck,11.6980856,8.4106174,307.7,7.38,CT-GarQ4MH207,ALHERI FOODS ASSOCIATION,Kano,Garum_Mallam,,Production/Processing,Kano-WOFAN,0,0,0,0,4875,4875,0,0,65,4875,0,0,0,0,0,0,0,bf982f39-81fa-4c84-b8a7-547ba517c79d,gmm52,31/10/2025 23:00
fbfe94de-30d0-499d-927d-604221ee2b88,fbfe94de-30d0-499d-927d-604221ee2b88,2025-10-26,,,1,,,rice,2025-07-30,1,,,1,,,,,2025-09-30,,1,10,---,---,---,---,2.0,67.0,---,---,1,,,,,,---,---,---,---,---,---,---,---,---,---,---,---,---,---,---,---,---,---,1,,,1,,,1,,,,,good,11.698886,8.4112648,464.57,7.69,CT-Gar6NGTO14,Amana disabled cluster,Kano,Garum_Mallam,,Production,Kano-WOFAN,0,0,0,0,5025,2513,0,0,67,5025,0,0,0,0,0,0,0,bbe7f5b6-b465-4786-8b28-c78f683b563e,gmm52,31/10/2025 23:00
6fbed25c-c731-4e51-b6e9-0a62adcb703e,6fbed25c-c731-4e51-b6e9-0a62adcb703e,2025-09-30,,,1,,,riice,2025-07-29,1,,,,,,1,,2025-09-29,,2,75,---,---,---,---,2.0,68.0,---,---,1,,,,,,---,---,---,---,---,---,---,---,---,---,---,---,---,---,---,---,---,---,1,,,1,,,1,,,,,Weldone,11.6987408,8.4112024,511.88,1.34,CT-GarMDQFV51,BARNAWA WOMEN PROCESSORS alAND MARKETING,Kano,Garum_Mallam,,Production/Processing,Kano-WOFAN,0,0,0,0,5100,2550,0,0,68,5100,0,0,0,0,0,0,0,0c749fc7-25c8-434b-a86e-809dd5dfc3dd,gmm52,31/10/2025 23:00
aa81d20c-8547-4f10-acd5-74e879f1b5ed,aa81d20c-8547-4f10-acd5-74e879f1b5ed,2025-09-28,,,1,,,rice,2025-07-28,1,,,1,,,,,2025-10-26,1,50,10,---,---,---,---,1.0,52.0,---,---,1,,,,,,---,---,---,---,---,---,---,---,---,---,---,---,---,---,---,---,---,---,1,,,1,,,1,,,,,Nice job,11.6989454,8.4112116,536.22,1.34,CT-GarP4IP515,DAKASOYE FUNKASO AMANA,Kano,Garum_Mallam,Female,Production/Processing,Kano-WOFAN,0,0,0,0,3900,3900,0,0,52,3900,0,0,0,0,0,0,0,e8dd3018-0347-425c-ac80-63ac5e16787c,gmm52,31/10/2025 23:00
4fca6328-f181-439a-ba54-f5a74e85f745,4fca6328-f181-439a-ba54-f5a74e85f745,2025-09-30,,,1,,,rice,2025-07-30,1,,,1,,,,,2025-10-31,,1,11,---,---,---,---,1.0,53.0,---,---,1,,,,,,---,---,---,---,---,---,---,---,---,---,---,---,---,---,---,---,---,---,1,,,1,,,1,,,,,Wish best,11.6988035,8.4111782,490.58,1.32,CT-GarP4IP515,DAKASOYE FUNKASO AMANA,Kano,Garum_Mallam,Female,Production/Processing,Kano-WOFAN,0,0,0,0,3975,3975,0,0,53,3975,0,0,0,0,0,0,0,e8dd3018-0347-425c-ac80-63ac5e16787c,gmm52,31/10/2025 23:00
3d12954f-ef1f-4a61-ae6c-24cfa52aa190,3d12954f-ef1f-4a61-ae6c-24cfa52aa190,2025-10-27,,,1,,,rice,2025-07-31,1,,,1,,,,,2025-10-29,2,73,10,---,---,---,---,2.0,68.0,---,---,1,,,,,,---,---,---,---,---,---,---,---,---,---,---,---,---,---,---,---,---,---,1,,,1,,,1,,,,,Good job,11.6991336,8.411334,538.45,4.91,CT-KurTTE2P05,DAN HASSAN GIDAN SARKI CLUSTER,Kano,Kura,Female,Production/Processing,Kano-WOFAN,0,0,0,0,5100,2550,0,0,68,5100,0,0,0,0,0,0,0,2ce9d231-84df-4c9f-88f8-f4c102e278bc,gmm52,31/10/2025 23:00
571ff03c-ac77-4e40-b661-a84700fcbbe2,571ff03c-ac77-4e40-b661-a84700fcbbe2,2025-09-27,,,1,,,rice,2025-09-01,1,,,1,,,,,2025-10-22,2,2,11,---,---,---,---,2.0,63.0,---,---,1,,,,,,---,---,---,---,---,---,---,---,---,---,---,---,---,---,---,---,---,---,1,,,1,,,1,,,,,Wish best,11.6986439,8.4113086,524.06,1.27,CT-KurTTE2P05,DAN HASSAN GIDAN SARKI CLUSTER,Kano,Kura,Female,Production/Processing,Kano-WOFAN,0,0,0,0,4725,2363,0,0,63,4725,0,0,0,0,0,0,0,2ce9d231-84df-4c9f-88f8-f4c102e278bc,gmm52,31/10/2025 23:00
fdebf8fb-581b-4409-baab-1b436f2bc531,fdebf8fb-581b-4409-baab-1b436f2bc531,2025-10-22,,,1,,,maize,2025-07-18,1,,,1,,,,,2025-10-21,1,2,13,---,---,---,---,2.0,45.0,---,---,1,,,,,,---,---,---,---,---,---,---,---,---,---,---,---,---,---,---,---,---,---,1,,,1,,,1,,,,,good job,11.6988086,8.4113106,501.97,1.25,CT-Kur5ZSIE03,DAN HASSAN KAROFI A CLUSTER,Kano,Kura,Female,Production/Processing,Kano-WOFAN,0,0,0,0,3375,1688,0,0,45,3375,0,0,0,0,0,0,0,93404323-613d-4486-9fa2-4238fc9b4806,gmm52,31/10/2025 23:00
daf37575-b24d-4295-9385-345235ed4aca,daf37575-b24d-4295-9385-345235ed4aca,2025-10-26,,,1,,,rice,2025-08-07,1,,,1,,,,,2025-10-28,2,2,10,---,---,---,---,2.0,67.0,---,---,1,,,,,,---,---,---,---,---,---,---,---,---,---,---,---,---,---,---,---,---,---,1,,,1,,,1,,,,,Good luck,11.6988952,8.4113285,511.13,1.67,CT-KurN870C41,DAN HASSAN SINTILI CLUSTER,Kano,Kura,Female,Production/Processing,Kano-WOFAN,0,0,0,0,5025,2513,0,0,67,5025,0,0,0,0,0,0,0,8300a47d-010c-4c6e-8d42-5d3969f44cb1,gmm52,31/10/2025 23:00
79330a55-da0c-4211-b3f5-29a902043eee,79330a55-da0c-4211-b3f5-29a902043eee,2025-10-26,,,1,,,crop,2025-07-30,1,,,1,,,,,2025-10-29,2,1,12,---,---,---,---,2.0,59.0,---,---,1,,,,,,---,---,---,---,---,---,---,---,---,---,---,---,---,---,---,---,---,---,1,,,1,,,1,,,,,good luck,11.6989318,8.4113839,566.01,1.23,CT-KurN870C41,DAN HASSAN SINTILI CLUSTER,Kano,Kura,Female,Production/Processing,Kano-WOFAN,0,0,0,0,4425,2213,0,0,59,4425,0,0,0,0,0,0,0,8300a47d-010c-4c6e-8d42-5d3969f44cb1,gmm52,31/10/2025 23:00
8543b39f-c30c-4917-8d34-17554ec1d3ad,8543b39f-c30c-4917-8d34-17554ec1d3ad,2025-10-26,,,1,,,rice,2025-08-02,1,,,1,,,,,2025-10-28,2,2,11,---,---,---,---,2.0,67.0,---,---,1,,,,,,---,---,---,---,---,---,---,---,---,---,---,---,---,---,---,---,---,---,1,,,1,,,1,,,,,Weldone,11.6986825,8.4115792,565.52,1.21,CT-Kur2RUXN16,DAN HASSAN SUWAIKA CLUSTER,Kano,Kura,Female,Production/Processing,Kano-WOFAN,0,0,0,0,5025,2513,0,0,67,5025,0,0,0,0,0,0,0,fdfabe68-2c0d-4cbb-94fa-6ee507892b7b,gmm52,31/10/2025 23:00
ff812e07-496c-4377-81cd-2755f40f1a65,ff812e07-496c-4377-81cd-2755f40f1a65,2025-10-26,,,1,,,rice,2025-07-04,1,,,1,,,,,2025-10-26,2,2,11,---,---,---,---,2.0,64.0,---,---,,,,1,,,---,---,64.0,---,1,,,,,,,,,,,,,,1,,,1,,,1,,,,,Good luck,11.6987419,8.4108809,407.91,1.58,CT-KurFLWYO52,DAN HASSANKAROFI B CLUSTER,Kano,Kura,Female,Production/Processing,Kano-WOFAN,0,0,0,0,4800,2400,0,0,64,4800,0,0,4800,0,64,4800,0,94f9d84f-98f7-43ee-8498-3bc75ecc46a2,gmm52,31/10/2025 23:00
aebdbe0b-af3a-4629-b19d-766f97eff887,aebdbe0b-af3a-4629-b19d-766f97eff887,2025-09-23,,,1,,,fam64,2025-09-25,,1,,1,,,,,2025-10-22,95,2,9,---,---,---,---,2.0,160.0,---,---,,,,1,,,---,---,2.0,---,1,,,,,,,,,,,,,,1,,,1,,,1,,,,,ok,12.0467973,9.4254368,331.07,1.31,CT-JahKQZSG28,GIDAN DATTI PEOPLE WITH DISABILITY,Jigawa,Jahun,,Production,Jigawa-WOFAN,0,0,0,0,12000,6000,0,0,160,12000,0,0,150,0,2,150,0,6b755e0d-6ed1-44bf-bb09-ebc405d3adb5,jah29,01/11/2025 20:28
3edce810-484f-4cd6-a5c9-ed569e7d6ee5,3edce810-484f-4cd6-a5c9-ed569e7d6ee5,2025-09-22,,,1,,,Fam64,2025-10-26,1,,,1,,,,,2025-10-23,2,2,2,---,---,---,---,2.0,160.0,---,---,,,,1,,,---,---,2.0,---,1,,,,,,,,,,,,,,1,,,1,,,1,,,,,ok,12.0464097,9.4254781,349.4,1.38,CT-Jah0BMPM11,Aujara masu bukata ta musamman garin Aujara,Jigawa,Jahun,,Production,Jigawa-WOFAN,0,0,0,0,12000,6000,0,0,160,12000,0,0,150,0,2,150,0,36c422fd-76c3-4cf2-bc7c-d06e5874ef52,jah29,01/11/2025 20:32
b02d84ef-7d0e-4635-9c46-06d24a9fd36e,b02d84ef-7d0e-4635-9c46-06d24a9fd36e,2025-10-02,,,1,,,Faro,2025-06-06,1,,,1,,,,,2025-10-02,2,2,13,---,---,---,---,2.0,160.0,---,---,1,,,,,,---,---,---,---,---,---,---,---,---,---,---,---,---,---,---,---,---,---,1,,,1,,,1,,,,,Good,9.9597229,9.4404286,664.21,3.9,CT-DasKFZ1I17,Unguwan Wakili B Women Farmers Cooperative Society LTD,Bauchi,Dass,,Production/Processing,Bauchi-WOFAN,0,0,0,0,12000,6000,0,0,160,12000,0,0,0,0,0,0,0,801f91c4-57e3-472a-9039-73ba7809d015,das01,02/11/2025 05:47
4a2f9a81-a4c9-4ef5-83d8-aabdb347c72f,4a2f9a81-a4c9-4ef5-83d8-aabdb347c72f,2025-10-29,,,1,,,rice,2025-06-13,1,1,,1,,,,,2025-10-25,1,1,10,---,---,---,---,1.0,90.0,---,---,1,,,,,,---,---,---,---,---,---,---,---,---,---,---,---,---,---,---,---,---,---,,1,,1,,,1,,,,,Storage,11.7678038,8.4652882,476.1,4.01,CT-KurGEBRL18,Karfi wofan cluster micro maketers co operative society limited,Kano,Kura,Both,Production/Processing,Kano-WOFAN,0,0,0,0,6750,6750,0,0,90,6750,0,0,0,0,0,0,0,1e5aa9e3-ba80-46b2-9478-abb473e02410,kur03,03/11/2025 07:03
1cbb3f62-68ee-4d7d-8260-7d41e08ead4a,1cbb3f62-68ee-4d7d-8260-7d41e08ead4a,2025-10-26,,1,,,,maize,2025-06-20,1,,,1,,,,,2025-10-22,1,1,10,---,---,1.0,68.0,---,---,---,---,1,,,,,,---,---,---,---,---,---,---,---,---,---,---,---,---,---,---,---,---,---,,1,,1,,,1,,,,,Storage,11.7678953,8.4652419,474.5,5.0,CT-KurGEBRL18,Karfi wofan cluster micro maketers co operative society limited,Kano,Kura,Both,Production/Processing,Kano-WOFAN,0,0,6800,6800,0,0,0,0,68,6800,0,0,0,0,0,0,0,1e5aa9e3-ba80-46b2-9478-abb473e02410,kur03,03/11/2025 07:27
a2c31079-5f2a-4e76-bcb4-74fe7e6de291,a2c31079-5f2a-4e76-bcb4-74fe7e6de291,2025-09-23,,,1,,,rice,2025-06-25,1,1,,1,,,,,2025-10-25,1,1,10,---,---,---,---,1.0,95.0,---,---,1,,,,,,---,---,---,---,---,---,---,---,---,---,---,---,---,---,---,---,---,---,,1,,1,,,1,,,,,Storage,11.7679183,8.4652547,473.9,4.92,CT-KurGGHRU35,KURA ALKALAWA RAAYI CLUSTER,Kano,Kura,Female,Production/Processing,Kano-WOFAN,0,0,0,0,7125,7125,0,0,95,7125,0,0,0,0,0,0,0,e1a80278-0ddb-48a6-9d1e-7420f83fac6a,kur03,03/11/2025 10:19
d2093fe2-fc16-475d-bfc3-d4488860b08f,d2093fe2-fc16-475d-bfc3-d4488860b08f,2025-10-29,,1,,,,maize,2025-06-25,1,,,1,,,,,2025-10-24,1,1,10,---,---,1.0,68.0,---,---,---,---,1,,,,,,---,---,---,---,---,---,---,---,---,---,---,---,---,---,---,---,---,---,,1,,1,,,1,,,,,Storage,11.7679904,8.4652286,474.2,4.88,CT-KurGGHRU35,KURA ALKALAWA RAAYI CLUSTER,Kano,Kura,Female,Production/Processing,Kano-WOFAN,0,0,6800,6800,0,0,0,0,68,6800,0,0,0,0,0,0,0,e1a80278-0ddb-48a6-9d1e-7420f83fac6a,kur03,03/11/2025 10:40
1a0afcf4-f1d5-48ac-a61d-2f636beb2ab3,1a0afcf4-f1d5-48ac-a61d-2f636beb2ab3,2025-10-31,,1,,,,maize,2025-06-25,1,,,1,,,,,2025-10-26,1,1,11,---,---,1.0,65.0,---,---,---,---,1,,,,,,---,---,---,---,---,---,---,---,---,---,---,---,---,---,---,---,---,---,,1,,1,,,1,,,,,Storage,11.7678862,8.465193,462.3,4.91,CT-Kur7K4Z001,KURA CIKIN GARI CLUSTER,Kano,Kura,Female,Production/Processing,Kano-WOFAN,0,0,6500,6500,0,0,0,0,65,6500,0,0,0,0,0,0,0,cde2b747-1e4c-4879-a80b-b73f183d8646,kur03,03/11/2025 11:38
5631115c-4fc1-4643-84df-749856facaa8,5631115c-4fc1-4643-84df-749856facaa8,2025-10-31,,,1,,,rice,2025-06-20,1,1,,1,,,,,2025-10-23,1,1,10,---,---,---,---,1.0,94.0,---,---,1,,,,,,---,---,---,---,---,---,---,---,---,---,---,---,---,---,---,---,---,---,,1,,1,,,1,,,,,Storage,11.7678157,8.4651951,462.2,4.95,CT-Kur7K4Z001,KURA CIKIN GARI CLUSTER,Kano,Kura,Female,Production/Processing,Kano-WOFAN,0,0,0,0,7050,7050,0,0,94,7050,0,0,0,0,0,0,0,cde2b747-1e4c-4879-a80b-b73f183d8646,kur03,03/11/2025 11:40
ee930cd7-4650-49df-a5cc-f159cc52d63d,ee930cd7-4650-49df-a5cc-f159cc52d63d,2025-06-02,,,1,,,67,2025-09-02,1,,,1,,,,,2025-08-01,2,85,12,---,---,---,---,2.0,150.0,---,---,1,,,,,,---,---,---,---,---,---,---,---,---,---,---,---,---,---,---,---,---,---,1,,,1,,,1,,,,,ok,12.0912119,9.2002809,405.58,2.76,CT-RinM85CG25,Ganjin gebi disabled cluster,Jigawa,Ringim,,Production/Processing,Jigawa-WOFAN,0,0,0,0,11250,5625,0,0,150,11250,0,0,0,0,0,0,0,3ef3bb8e-44d9-42a5-977d-6d6de540ba76,rin27,03/11/2025 14:07
5676f1a9-aada-454b-a477-84dcfd915e66,5676f1a9-aada-454b-a477-84dcfd915e66,2025-10-01,,,1,,,Faro 67,2025-06-17,1,,,1,,,,,2025-09-15,2,86,11,---,---,---,---,2.0,86.0,---,---,1,,,,,,---,---,---,---,---,---,---,---,---,---,---,---,---,---,---,---,---,---,1,,,1,,,1,,,,,successful,12.2865456,9.471578,378.8,7.35,CT-Tau8TL6H01,Haske Association of people with Disabilities,Jigawa,Taura,,Production/Processing,Jigawa-WOFAN,0,0,0,0,6450,3225,0,0,86,6450,0,0,0,0,0,0,0,8d74cdd9-ce19-4c4b-b3d1-7b6ae8f2d82e,tau20,06/11/2025 09:21
633019ee-f4bb-4f7f-a78a-d3bd95e1ae27,633019ee-f4bb-4f7f-a78a-d3bd95e1ae27,2025-10-04,,,1,,,Faro 67,2025-06-17,1,,,1,,,,,2025-09-13,2,86,11,---,---,---,---,2.0,85.0,---,---,1,,,,,,---,---,---,---,---,---,---,---,---,---,---,---,---,---,---,---,---,---,1,,,1,,,1,,,,,successful,12.2866986,9.4717073,320.39,9.13,CT-TauY22JN49,Daukaka Association of People with Disabilities,Jigawa,Taura,,Production/Processing,Jigawa-WOFAN,0,0,0,0,6375,3188,0,0,85,6375,0,0,0,0,0,0,0,0c58f2eb-64d9-4b35-b976-07e0d53bf76c,tau20,06/11/2025 09:22
d8f9c72d-69ba-4598-8e24-a6faea44f8fd,d8f9c72d-69ba-4598-8e24-a6faea44f8fd,2025-10-05,,,1,,,Faro,2025-06-05,1,,,1,,,,,2025-10-16,2,2,13,---,---,---,---,2.0,160.0,---,---,1,,,,,,---,---,---,---,---,---,---,---,---,---,---,---,---,---,---,---,---,---,1,,,1,,,1,,,,,Good,9.9620204,9.4392877,660.29,4.92,CT-DasKFZ1I17,Unguwan Wakili B Women Farmers Cooperative Society LTD,Bauchi,Dass,,Production/Processing,Bauchi-WOFAN,0,0,0,0,12000,6000,0,0,160,12000,0,0,0,0,0,0,0,801f91c4-57e3-472a-9039-73ba7809d015,das01,06/11/2025 18:25
2cfaec13-9eea-4765-8167-66845e677ff6,2cfaec13-9eea-4765-8167-66845e677ff6,2025-11-10,,1,,,,maize,2025-07-05,1,,,1,,,,,2025-11-08,1,1,28,---,---,1.0,90.0,---,---,---,---,1,,,,,,---,---,---,---,---,---,---,---,---,---,---,---,---,---,---,---,---,---,,1,,1,,,1,,,,,good,10.2254676,12.9197887,589.36,1.09,CT-HonKMYOA58,physical Challenged Development Association hong,Adamawa,Hong,Both,Production/Processing,Adamawa-Farm Innovation,0,0,9000,9000,0,0,0,0,90,9000,0,0,0,0,0,0,0,ed75fd6b-c562-4f06-94cf-34c2eab956a0,hon07,10/11/2025 16:15
4238384a-5b2e-46a8-9428-a70531b7d4fc,4238384a-5b2e-46a8-9428-a70531b7d4fc,2025-11-10,,,1,,,Faro 44,2025-07-14,1,,,1,,,,,2025-11-10,1,1,5,---,---,---,---,1.0,32.0,---,---,1,,,,,,---,---,---,---,---,---,---,---,---,---,---,---,---,---,---,---,---,---,1,,,1,,,1,,,,,successful,6.840355,8.303565,105.9,3.3,CT-OjuH2XF916,Organisation of persons with disabilities (OPD) Obusa chapter,Benue,Oju,,Production,Benue-PVNL,0,0,0,0,2400,2400,0,0,32,2400,0,0,0,0,0,0,0,edae1c5d-8e43-4079-a4d6-6b4b9aead654,oju14,11/11/2025 11:38
d87db9a9-35da-4da6-8860-9717100f5ab0,d87db9a9-35da-4da6-8860-9717100f5ab0,2025-11-08,,,1,,,Faro,2025-07-05,1,,,1,,,,,2025-11-08,1,1,13,---,---,---,---,1.0,3.0,---,---,1,,,,,,---,---,---,---,---,---,---,---,---,---,---,---,---,---,---,---,---,---,1,,,1,,,1,,,,,none,9.2506181,12.4417878,130.4,6.2,CT-Yol3ZVE833,PWD Cluster A,Adamawa,Yola_North,Both,Production/Processing,Adamawa-Farm Innovation,0,0,0,0,225,225,0,0,3,225,0,0,0,0,0,0,0,57d1f81a-2050-416c-b860-dc11514f2550,gir08,11/11/2025 19:48
4c11f0eb-334e-4289-96ea-b3008befd2d7,4c11f0eb-334e-4289-96ea-b3008befd2d7,2025-11-08,,1,,,,maize,2025-07-12,1,,,1,,,,,2025-11-09,1.0,1.0,28.0,---,---,1.0,10.0,---,---,---,---,1,,,,,,---,---,---,---,---,---,---,---,---,---,---,---,---,---,---,---,---,---,1,,,1,,,1,,,,,storage,10.2260052,12.9194462,558.68,3.15,CT-GomAV78Q37,PWD Cluster A,Adamawa,Gombi,Both,Production/Processing,Adamawa-Farm Innovation,0,0,1000,1000,0,0,0,0,10,1000,0,0,0,0,0,0,0,1f591573-2e71-4c06-a174-26d2fa69e3e8,hon15,12/11/2025 11:05
2ac2ba6f-f9b1-4686-a17a-34ce2f0ab971,2ac2ba6f-f9b1-4686-a17a-34ce2f0ab971,2025-06-06,,1,,,,Samas,2025-06-06,1,,,1,,,,,2025-10-31,1,1,13,---,---,1.0,10.0,---,---,---,---,,,1,,,,---,5.0,---,---,,,1,,,,,,,,,,,,1,,,1,,,1,,,,,good,9.2326529,12.441533,187.39,3.9,CT-GirJYP1T00,PWD Cluster B,Adamawa,Girei,Both,Production/Processing,Adamawa-Farm Innovation,0,0,1000,1000,0,0,0,0,10,1000,0,500,0,0,5,500,0,3b8e8b92-0745-440d-85f9-1f7ecb34b8d9,gir03,12/11/2025 11:42
30fc0e61-d688-4b72-89b1-cfaf0aa6e084,30fc0e61-d688-4b72-89b1-cfaf0aa6e084,2025-10-23,,1,,,,maize,2025-07-14,1,,,1,,,,,2025-10-26,2,120,6,---,---,2.0,120.0,---,---,---,---,1,,,,,,---,---,---,---,---,---,---,---,---,---,---,---,---,---,---,---,---,---,,1,,1,,,1,,,,,Good,12.0474315,9.422818,398.9,3.7,CT-JahSH9ZH38,AUJARA KURMAYE ASS,Jigawa,Jahun,Both,Production/Processing,Jigawa-WOFAN,0,0,12000,6000,0,0,0,0,120,12000,0,0,0,0,0,0,0,3c56195b-759c-41b4-83f1-7ddfdeab9b84,jah50,20/11/2025 13:38
132cf2ad-bf92-4702-a3a6-381a2ec6f45f,132cf2ad-bf92-4702-a3a6-381a2ec6f45f,2025-09-13,,,1,,,FARO 67,2025-07-01,1,,,1,,,,,2025-06-01,2,86,12,---,---,---,---,1.0,85.0,---,---,1,,,,,,---,---,---,---,---,---,---,---,---,---,---,---,---,---,---,---,---,---,1,,,1,,,1,,,,,They have a bumper havest,12.1476816,9.1676825,406.98,3.42,CT-RinN40C556,CHAICHAI DISABLE MULTIPURPOSE,Jigawa,Ringim,,Production,Jigawa-WOFAN,0,0,0,0,6375,6375,0,0,85,6375,0,0,0,0,0,0,0,1e78de0b-8acd-43f3-a08d-6a74da298eec,rin23,20/11/2025 13:59
01a491ef-417b-4946-99ba-d8c581d878d9,01a491ef-417b-4946-99ba-d8c581d878d9,2025-09-13,,,1,,,faro 67,2025-07-01,1,,,1,,,,,2025-06-01,2,86,12,---,---,---,---,1.0,86.0,---,---,1,,,,,,---,---,---,---,---,---,---,---,---,---,---,---,---,---,---,---,---,---,1,,,1,,,1,,,,,they have a bumfer havest,12.1473283,9.1696992,-152.66,4.34,CT-Rin5608P29,KUNA DISABILITIES MULTIPURPOSE SOCIETY,Jigawa,Ringim,Female,Production,Jigawa-WOFAN,0,0,0,0,6450,6450,0,0,86,6450,0,0,0,0,0,0,0,244aa309-ac4d-49dd-ada9-6c4609ef7a7b,rin23,20/11/2025 13:59
ce05ad39-45c5-4db7-9336-3dd2d7f426d7,ce05ad39-45c5-4db7-9336-3dd2d7f426d7,2025-10-16,,,1,,,Rice,2025-06-11,1,,,1,,,,,2025-10-19,2.0,2.0,10.0,---,---,---,---,2.0,180.0,---,---,1,,,,,,---,---,---,---,---,---,---,---,---,---,---,---,---,---,---,---,---,---,1,,,1,,,1,,,,,Goodluck,12.1474408,9.1586243,414.6,2.04,CT-Rin1HR9C46,AMALGAMATION OF PEOPLE WITH DISABILITIES MALAMAWA,Jigawa,Ringim,Female,Production/Processing,Jigawa-WOFAN,0,0,0,0,13500,6750,0,0,180,13500,0,0,0,0,0,0,0,d6c68b4d-1242-4b91-b244-5c5fb5186b75,rin15,20/11/2025 15:25
