formid,Training_or_Title,EW_ID,received_on
b0ca4e49-fb3b-4986-843c-702705c9a758,Comm._Partner_Registration,Aba305,24/03/2025 11:28
a52e5842-5a4b-4050-bf64-76a2e53aed3f,Comm._Partner_Registration,Aba301,24/03/2025 11:29
eb6d3e37-f21f-42dc-ba96-9380d73357ed,Comm._Partner_Registration,Aba300,18/05/2025 09:12
fd15d3f5-4554-4a92-aadf-840bdc974b04,"Group_formation,_and_dynamics_for_financial_inclusion",Aba300,18/05/2025 09:14
0b5fe1fa-b51b-4a4b-a496-8d265ca3801d,ICT_solutions_for_agriculture,Aba300,18/05/2025 09:14
9e4f7e90-41de-4ef1-a909-f35b5443ce9f,GAP_&_crop_management,Aba300,18/05/2025 09:15
7e802d3a-c8de-4044-9da5-8ee318ef20b0,Comm._Partner_Registration,Aba301,18/05/2025 09:19
dad3ff67-9b2e-4d12-a0f3-814cd8abc3fc,"Group_formation,_and_dynamics_for_financial_inclusion",Aba301,18/05/2025 09:20
baf128b6-eeca-4dbf-b3ef-44d21fbfbfdf,ICT_solutions_for_agriculture,Aba301,18/05/2025 09:21
18ccc657-8b8c-4105-8836-aaf808d7738c,GAP_&_crop_management,Aba301,18/05/2025 09:22
2224ddae-5e03-4eee-a2a0-c943a344aa66,Comm._Partner_Registration,Aba302,18/05/2025 09:22
4e5e50a5-deab-45af-a49f-22aca2cd0dde,"Group_formation,_and_dynamics_for_financial_inclusion",Aba302,18/05/2025 09:23
19d007b1-83f0-4f99-9bc2-0a7b736336b9,ICT_solutions_for_agriculture,Aba302,18/05/2025 09:23
2921dec7-f84b-4ccc-97f3-231ef81d75e5,GAP_&_crop_management,Aba302,18/05/2025 09:24
b524c77a-7a3c-4e10-9f0e-dcf9f521154e,Comm._Partner_Registration,Aba303,18/05/2025 09:24
e7809f2b-b1a4-4c63-af31-fca26911d2eb,"Group_formation,_and_dynamics_for_financial_inclusion",Aba303,18/05/2025 09:25
e5e1e7fd-db59-42f9-8c25-9154be358731,ICT_solutions_for_agriculture,Aba303,18/05/2025 09:25
e5a48e87-49a0-465a-a79b-195d0d97fe55,GAP_&_crop_management,Aba303,18/05/2025 09:25
63c165b2-e6af-4131-a58d-e819fde3d900,Comm._Partner_Registration,Aba304,18/05/2025 09:26
f2acaa65-8eea-4d0a-a067-0273e0e24724,"Group_formation,_and_dynamics_for_financial_inclusion",Aba304,18/05/2025 09:27
5b3090e7-22b2-4274-9c0e-f32c7c93ef24,ICT_solutions_for_agriculture,Aba304,18/05/2025 09:27
040cd68d-f996-47dd-8891-5ab0d5a70034,GAP_&_crop_management,Aba304,18/05/2025 09:27
7cd036f0-d869-459e-bc23-3504c49aa958,Comm._Partner_Registration,Aba305,18/05/2025 09:28
dec250eb-3ed0-4a98-a391-6a02e6dfe0e9,"Group_formation,_and_dynamics_for_financial_inclusion",Aba305,18/05/2025 09:28
d35d17bf-d534-4497-ae21-c3c223a4027a,ICT_solutions_for_agriculture,Aba305,18/05/2025 09:29
5486e7a2-b572-4b08-847e-85502c904f57,GAP_&_crop_management,Aba305,18/05/2025 09:29
9d1f296e-51c1-48ca-ba48-5831436fdb04,Comm._Partner_Registration,Aba306,18/05/2025 09:30
eb95bdcc-f33a-4bbb-b708-b97969f02879,"Group_formation,_and_dynamics_for_financial_inclusion",Aba306,18/05/2025 09:31
69f178f7-213e-4f0d-a5b1-3498293dd580,ICT_solutions_for_agriculture,Aba306,18/05/2025 09:31
5bcb4d5e-e4f5-40f3-bb63-03a0f465908c,GAP_&_crop_management,Aba306,18/05/2025 09:32
2b7d9712-5a28-4cae-8123-6b05a967a50b,Comm._Partner_Registration,Aba307,18/05/2025 09:32
57177250-413a-4a8d-a42e-d9ff8edd6f32,"Group_formation,_and_dynamics_for_financial_inclusion",Aba307,18/05/2025 09:33
b9e65476-7532-458e-999e-2fe191fac76a,ICT_solutions_for_agriculture,Aba307,18/05/2025 09:33
c39be628-f146-49be-a67a-ab1122c7b17b,GAP_&_crop_management,Aba307,18/05/2025 09:34
6ccf2194-6d72-43d4-8500-f87d24a4c37e,Comm._Partner_Registration,Aba308,18/05/2025 09:35
76ef26b3-cee6-4fb3-861f-779e9c1fd8fe,"Group_formation,_and_dynamics_for_financial_inclusion",Aba308,18/05/2025 09:35
169cfa03-814c-4bce-a173-c6f317dc9420,ICT_solutions_for_agriculture,Aba308,18/05/2025 09:36
036dc08b-195d-40ca-b7f4-9e148d1f0a3a,GAP_&_crop_management,Aba308,18/05/2025 09:36
d5668528-15cf-4ba2-96dd-026b37f0d440,Comm._Partner_Registration,Aba309,18/05/2025 09:37
90aa4d17-b380-4564-8b83-2181fe63df45,"Group_formation,_and_dynamics_for_financial_inclusion",Aba309,18/05/2025 09:37
96083d42-3a93-4995-a7ef-2687cb469c8e,ICT_solutions_for_agriculture,Aba309,18/05/2025 09:38
d825658e-db6f-4146-a2e3-99e1f9d99a6c,GAP_&_crop_management,Aba309,18/05/2025 09:39
7c072412-93a7-4334-b7d8-84bdb9b78188,Comm._Partner_Registration,Aba310,18/05/2025 09:39
6eaa7701-bcbb-490f-bdb5-4bc36f5ba706,"Group_formation,_and_dynamics_for_financial_inclusion",Aba310,18/05/2025 09:40
9b8fd836-f033-4e8d-b7c9-c5129f359b32,ICT_solutions_for_agriculture,Aba310,18/05/2025 09:40
522b375b-5801-499d-8ed5-0b775d080fef,GAP_&_crop_management,Aba310,18/05/2025 09:40
36f4fe77-5f90-4d8b-9830-9a3a9e514b6c,Comm._Partner_Registration,Aba311,18/05/2025 09:41
336cc9b1-3750-4c21-ba76-efea2a2190bf,"Group_formation,_and_dynamics_for_financial_inclusion",Aba311,18/05/2025 09:42
6c8e281c-18c6-43c5-ad29-e475f9826eca,ICT_solutions_for_agriculture,Aba311,18/05/2025 09:42
903c06b3-ef57-4757-8c6f-7b4c64b71a7d,GAP_&_crop_management,Aba311,18/05/2025 09:43
e10c8fcd-fe1a-4e16-ae67-364b36024df4,Comm._Partner_Registration,Aba312,18/05/2025 09:44
090b43e4-34ba-4a8b-8b13-3be484054cd4,"Group_formation,_and_dynamics_for_financial_inclusion",Aba312,18/05/2025 09:45
6578a075-2a58-4ca1-ab55-55502bf6f465,ICT_solutions_for_agriculture,Aba312,18/05/2025 09:46
ae7696de-70ff-46a9-88e7-bc5847d955fe,GAP_&_crop_management,Aba312,18/05/2025 09:46
69446bb0-2315-4b72-9024-71b580ddc021,"Group_formation,_and_dynamics_for_financial_inclusion",Aba312,18/05/2025 09:47
9c28341a-d39e-46e8-ad0f-deef4879cd0c,Comm._Partner_Registration,Aba313,18/05/2025 09:47
78f46773-7030-4b09-a888-488fd6e3e621,"Group_formation,_and_dynamics_for_financial_inclusion",Aba313,18/05/2025 09:48
4d4d859e-27ab-4208-bc78-d68d5e2075df,ICT_solutions_for_agriculture,Aba313,18/05/2025 09:48
927fdf28-9eae-4f68-8aee-f13d4d69f0ca,GAP_&_crop_management,Aba313,18/05/2025 09:49
3b6a74a6-ffc3-45f3-9be1-0430b754706c,Comm._Partner_Registration,Aba314,18/05/2025 09:49
1eb9b17d-a174-497f-b33c-b4c8370b751a,"Group_formation,_and_dynamics_for_financial_inclusion",Aba314,18/05/2025 09:50
cefaac4b-04a4-4147-bd06-05bce3ada9e3,ICT_solutions_for_agriculture,Aba314,18/05/2025 09:50
a1ab81c4-50d1-40ed-8fc1-599ddf5fbcc9,GAP_&_crop_management,Aba314,18/05/2025 09:50
872a98d9-5509-4dc4-8de5-5bc79f4d0181,Comm._Partner_Registration,Kuj300,18/05/2025 09:51
b73aecaf-220c-4218-b13f-2fd6cfffd773,"Group_formation,_and_dynamics_for_financial_inclusion",Kuj300,18/05/2025 09:52
d94f1801-713a-4f23-8730-2e614bd743e3,ICT_solutions_for_agriculture,Kuj300,18/05/2025 09:52
54299036-5d72-48f5-bda3-2dd15bff06eb,GAP_&_crop_management,Kuj300,18/05/2025 09:53
92b3bc03-c210-4583-b5d7-5e0c2f366a58,Comm._Partner_Registration,Kuj301,18/05/2025 09:53
1e55ea8b-803a-40d5-961a-7154c7145341,"Group_formation,_and_dynamics_for_financial_inclusion",Kuj301,18/05/2025 09:53
96c4a36d-9095-49b4-a439-b38c12cc36e2,ICT_solutions_for_agriculture,Kuj301,18/05/2025 09:54
bce4a768-8213-45a3-b29f-3bedb37756c6,GAP_&_crop_management,Kuj301,18/05/2025 09:54
1f0cbd31-06db-4e99-8fa2-8982035b4621,Comm._Partner_Registration,Kuj302,18/05/2025 09:55
2fc9e438-d59a-46a1-9e08-093949d76d1d,"Group_formation,_and_dynamics_for_financial_inclusion",Kuj302,18/05/2025 09:56
11805db4-e9b1-4b41-963d-bb146055c66a,ICT_solutions_for_agriculture,Kuj302,18/05/2025 09:56
868a2eb7-29c9-4bce-a1e0-1e9495838279,GAP_&_crop_management,Kuj302,18/05/2025 09:57
d5f50283-dcc7-49b3-814c-cfe784117def,Comm._Partner_Registration,Kuj303,18/05/2025 09:57
f55042cd-42e7-4e12-b629-d89f98d6cc8c,"Group_formation,_and_dynamics_for_financial_inclusion",Kuj303,18/05/2025 09:59
c9c706d2-610f-4422-99de-5db2c9770992,ICT_solutions_for_agriculture,Kuj303,18/05/2025 09:59
cb768488-7e2c-483f-a361-29fd98fb76fc,GAP_&_crop_management,Kuj303,18/05/2025 10:00
656ea6de-d41b-4405-a361-e03c0b61e833,Comm._Partner_Registration,Kuj304,18/05/2025 10:01
ebf40fa4-20d7-468c-af00-63da15726cec,"Group_formation,_and_dynamics_for_financial_inclusion",Kuj304,18/05/2025 10:01
18a1ba67-a55d-435a-9b26-3d270acdd7d0,ICT_solutions_for_agriculture,Kuj304,18/05/2025 10:01
de6d2eef-af1a-4ac4-8e03-0fc3c48aed34,GAP_&_crop_management,Kuj304,18/05/2025 10:02
42707660-7fa1-44e0-b26e-0af711185279,Comm._Partner_Registration,Kwa300,18/05/2025 10:03
38ac60d8-50be-4e57-bb1c-022a4800104d,"Group_formation,_and_dynamics_for_financial_inclusion",Kwa300,18/05/2025 10:03
09549b07-b30e-4f19-a465-7517c38141fb,ICT_solutions_for_agriculture,Kwa300,18/05/2025 10:04
ca49ee9d-051f-40e7-b942-53c651925a96,GAP_&_crop_management,Kwa300,18/05/2025 10:04
f928846b-4e7f-4506-ab2c-68c17a13a782,Comm._Partner_Registration,Kwa301,18/05/2025 10:04
74adb479-2760-4f71-a4b8-749f6e106261,"Group_formation,_and_dynamics_for_financial_inclusion",Kwa301,18/05/2025 10:05
c2ff0fee-0a83-467f-b4b8-e118984f40a1,ICT_solutions_for_agriculture,Kwa301,18/05/2025 10:05
d1cf4646-78e7-46c9-a40e-87e3c7d09660,GAP_&_crop_management,Kwa301,18/05/2025 10:05
1ba0331b-c7f7-41b3-aca4-04e424dba1e2,Comm._Partner_Registration,Kwa302,18/05/2025 10:06
e459e3e6-7cb8-4193-819b-070bed120466,"Group_formation,_and_dynamics_for_financial_inclusion",Kwa302,18/05/2025 10:06
56c32334-3337-4ef7-a1a2-beec27e101ef,ICT_solutions_for_agriculture,Kwa302,18/05/2025 10:07
34ce2501-a1c0-4328-ba7d-82beeef49386,GAP_&_crop_management,Kwa302,18/05/2025 10:08
9e7fdeff-5049-4df0-b0c2-4ee3afc21c07,Comm._Partner_Registration,Kwa303,18/05/2025 10:08
ad02d251-f42f-4c50-854d-55ddf17c5ee8,"Group_formation,_and_dynamics_for_financial_inclusion",Kwa303,18/05/2025 10:09
f6725cc5-c505-4dda-8fcb-5b0eb1f7ca55,ICT_solutions_for_agriculture,Kwa303,18/05/2025 10:09
b692551e-9264-4a27-8da6-d75791ab83f9,GAP_&_crop_management,Kwa303,18/05/2025 10:10
12cec2a2-f146-4268-8e86-baa17672969b,Comm._Partner_Registration,Kwa304,18/05/2025 10:10
879795f6-4ff5-4cee-b2c5-9cb3de631750,"Group_formation,_and_dynamics_for_financial_inclusion",Kwa304,18/05/2025 10:11
666371e2-b8d6-435b-885a-62d6cca28622,ICT_solutions_for_agriculture,Kwa304,18/05/2025 10:11
8c5936d2-1b88-4a34-884e-8ba1e6d427f8,GAP_&_crop_management,Kwa304,18/05/2025 10:12
6ff5d58b-068e-4f45-928a-9636bbebb1f7,Comm._Partner_Registration,Kwa305,18/05/2025 10:12
8e572dae-0728-4eb5-b84b-1985ff8b27b3,"Group_formation,_and_dynamics_for_financial_inclusion",Kwa305,18/05/2025 10:13
2f54ffd4-d8d0-408d-b626-199fa1b4d0e2,ICT_solutions_for_agriculture,Kwa305,18/05/2025 10:13
b0651401-5b78-4d45-991c-7e666ca4fc2f,GAP_&_crop_management,Kwa305,18/05/2025 10:14
bf0557b1-40a2-47c7-9817-47000ff6a0e6,Comm._Partner_Registration,Kwa306,18/05/2025 10:14
717a531d-3a42-423a-b336-b7a49f1bcee4,"Group_formation,_and_dynamics_for_financial_inclusion",Kwa306,18/05/2025 10:15
e99f9ce2-c6a2-4e1f-9c6e-bcd962309330,ICT_solutions_for_agriculture,Kwa306,18/05/2025 10:15
b749ea2d-9f79-44d3-8c31-9e890a5fe778,GAP_&_crop_management,Kwa306,18/05/2025 10:15
7282a8dc-59f4-4236-a9aa-d1f39e18094c,Comm._Partner_Registration,Akk300,18/05/2025 16:29
9bfc0c17-7ee1-43ca-b239-2ea5e9139ea5,GAP_&_crop_management,Akk300,18/05/2025 16:29
21c6e969-92a5-47f9-bd95-982ecbc42f40,ICT_solutions_for_agriculture,Akk300,18/05/2025 16:29
b6b580fb-4fd9-44a6-adeb-27ac527d5015,"Group_formation,_and_dynamics_for_financial_inclusion",Akk300,18/05/2025 16:29
28768a0b-8891-4203-83f6-b88d34a3860d,Comm._Partner_Registration,Akk301,18/05/2025 16:29
74afc870-b650-4137-b786-4376e58bfd9d,GAP_&_crop_management,Akk301,18/05/2025 16:29
e7b51539-e4d4-40fe-85ee-573b1996b52c,ICT_solutions_for_agriculture,Akk301,18/05/2025 16:29
5619e1c0-0cfd-480a-a4c3-2bfe46faec98,"Group_formation,_and_dynamics_for_financial_inclusion",Akk301,18/05/2025 16:29
8e0c7a29-70f8-46c5-9945-1e8bf4cae6b2,Comm._Partner_Registration,Akk302,18/05/2025 16:29
f4a0fbf2-f858-45e5-8644-417314d8de1a,GAP_&_crop_management,Akk302,18/05/2025 16:29
9b08fd05-87a0-4e03-9e02-7e78ce2137cd,ICT_solutions_for_agriculture,Akk302,18/05/2025 16:29
16fa9868-f0bf-4fd5-8cea-1c13f6c22fa7,"Group_formation,_and_dynamics_for_financial_inclusion",Akk302,18/05/2025 16:29
d53b8735-a1a2-445c-8d80-65e7f97bcbe3,Comm._Partner_Registration,Akk303,18/05/2025 16:29
30bcec28-6713-402b-ab55-86b7ee10e744,GAP_&_crop_management,Akk303,18/05/2025 16:29
87f67010-8f6a-41af-ae5f-285553564479,ICT_solutions_for_agriculture,Akk303,18/05/2025 16:29
8912512d-5a82-41b0-bc2f-c1c9e347664b,"Group_formation,_and_dynamics_for_financial_inclusion",Akk303,18/05/2025 16:29
0201faa9-8020-4cd3-b10f-892b957c50a7,Comm._Partner_Registration,Akk304,18/05/2025 16:29
d079845d-909f-4fb8-9c7d-e452106ba49e,GAP_&_crop_management,Akk304,18/05/2025 16:29
1ef7f529-f7e7-4aa4-b8ca-dfda81246ec0,ICT_solutions_for_agriculture,Akk304,18/05/2025 16:29
d543e54a-3336-4095-96fa-931827ff6902,"Group_formation,_and_dynamics_for_financial_inclusion",Akk304,18/05/2025 16:29
8192e708-be6d-4deb-8c59-45d80497dad9,Comm._Partner_Registration,Akk305,18/05/2025 16:29
36fd2f35-525f-4fae-855d-0cf9726d7f22,GAP_&_crop_management,Akk305,18/05/2025 16:29
d87b4c11-3644-4676-a8a5-1ba9a7fd0137,ICT_solutions_for_agriculture,Akk305,18/05/2025 16:29
102344f4-9a0e-4004-957e-f25fc1da75b4,"Group_formation,_and_dynamics_for_financial_inclusion",Akk305,18/05/2025 16:29
d977a420-4c31-4940-868a-5abc7d6b67df,Comm._Partner_Registration,Akk306,18/05/2025 16:29
7b39c3ce-26ec-4e71-8f22-15480cd8908d,GAP_&_crop_management,Akk306,18/05/2025 16:29
c870170a-0e82-4e89-9052-14ff7d2ea8ea,ICT_solutions_for_agriculture,Akk306,18/05/2025 16:29
0c441d1c-94db-4918-9b61-afdcccf45cfb,"Group_formation,_and_dynamics_for_financial_inclusion",Akk306,18/05/2025 16:29
503c8b52-cf98-4548-be8c-509491d006c4,Comm._Partner_Registration,Akk307,18/05/2025 16:29
47edbd2a-4e38-4db3-98d3-a671d3946088,GAP_&_crop_management,Akk307,18/05/2025 16:29
9a1d5e57-f106-479c-8688-fdd8dcb14dc7,ICT_solutions_for_agriculture,Akk307,18/05/2025 16:29
48abfa9a-6d5e-4906-af29-e887f16c8ed3,"Group_formation,_and_dynamics_for_financial_inclusion",Akk307,18/05/2025 16:29
9ba5f96a-4db4-49ed-891a-c56e87c8a57e,Comm._Partner_Registration,Bal300,18/05/2025 16:29
1f6fd5ee-d451-4a3e-b30c-3be2fbc512b9,GAP_&_crop_management,Bal300,18/05/2025 16:29
8bca6d74-bf8e-4ff9-9f67-b6c0ef7bf482,ICT_solutions_for_agriculture,Bal300,18/05/2025 16:29
b61210ea-986e-47bf-8f9e-adc89ee33877,"Group_formation,_and_dynamics_for_financial_inclusion",Bal300,18/05/2025 16:29
983e89e0-374b-4342-9087-d7b9dbd91c57,Comm._Partner_Registration,Bil300,18/05/2025 16:29
aa23565a-c6d1-4f9a-a59d-58029a2ecd4b,GAP_&_crop_management,Bil300,18/05/2025 16:29
ca74b65f-693f-43b6-856a-89e9d207a75f,ICT_solutions_for_agriculture,Bil300,18/05/2025 16:29
b5f41d23-81f1-4642-9b26-fcde44b06577,"Group_formation,_and_dynamics_for_financial_inclusion",Bil300,18/05/2025 16:29
ebce2bd7-8632-4670-8c28-195f320311fc,Comm._Partner_Registration,Bil301,18/05/2025 16:29
fd5bb6a2-7bd5-4ad4-85eb-e6eca6aac8f3,GAP_&_crop_management,Bil301,18/05/2025 16:29
0410594a-de2b-4986-a012-e346bb1678e9,ICT_solutions_for_agriculture,Bil301,18/05/2025 16:29
73a76b17-3177-453a-88a1-4611c8a17e44,"Group_formation,_and_dynamics_for_financial_inclusion",Bil301,18/05/2025 16:29
e18e4514-7565-4601-ae38-442e2c189257,Comm._Partner_Registration,Kal300,18/05/2025 16:29
7b3a1b08-5acb-4d73-93a1-f806b3265a8c,GAP_&_crop_management,Kal300,18/05/2025 16:29
9f8f6efd-5e38-4204-864f-982cf9f38ee8,ICT_solutions_for_agriculture,Kal300,18/05/2025 16:29
cbef0fa3-1e69-49dd-b721-20b6d60b8a25,"Group_formation,_and_dynamics_for_financial_inclusion",Kal300,18/05/2025 16:29
62b19687-54aa-4443-8b22-b1b3972e7e97,Comm._Partner_Registration,Kal301,18/05/2025 16:29
2354c88b-0f59-463d-850a-8263eacebf3d,GAP_&_crop_management,Kal301,18/05/2025 16:29
cf9b47ef-8733-4126-aa14-92b85f5226f8,ICT_solutions_for_agriculture,Kal301,18/05/2025 16:29
16e6a1b1-d170-44ee-8315-bb0a3c4d7d1d,"Group_formation,_and_dynamics_for_financial_inclusion",Kal301,18/05/2025 16:29
f8d1cad0-1b24-4ba4-97ba-165c1607e1d4,Comm._Partner_Registration,Kal302,18/05/2025 16:30
8c87b8a0-d1a9-4f23-bbca-03029b9e6003,GAP_&_crop_management,Kal302,18/05/2025 16:30
ef7cdccc-3f76-4a3c-842b-031bdf873619,ICT_solutions_for_agriculture,Kal302,18/05/2025 16:30
d6aedd79-ac07-4843-94be-d041cf76dfe5,"Group_formation,_and_dynamics_for_financial_inclusion",Kal302,18/05/2025 16:30
33a3834b-5fdf-4ebe-8038-07bd07191bc0,Comm._Partner_Registration,Kal303,18/05/2025 16:30
ba721e68-5fdc-4494-98e5-a79f9e78de81,GAP_&_crop_management,Kal303,18/05/2025 16:30
60974ec3-4f45-4d9f-9d41-7fbd2dee2e6b,ICT_solutions_for_agriculture,Kal303,18/05/2025 16:30
af99be26-ba00-40af-8b94-82c33ed010fa,"Group_formation,_and_dynamics_for_financial_inclusion",Kal303,18/05/2025 16:30
74b07d02-cb52-4f09-aef2-542ca17e2fca,Comm._Partner_Registration,Kal304,18/05/2025 16:30
76f72bbc-e953-4b54-a273-0cc2bd336f9e,GAP_&_crop_management,Kal304,18/05/2025 16:30
563c09a4-5ef9-452d-adfa-a3439f4ff2ab,ICT_solutions_for_agriculture,Kal304,18/05/2025 16:30
3dd9fdc9-71bb-4d19-a1ed-5e1c1eb8fcee,"Group_formation,_and_dynamics_for_financial_inclusion",Kal304,18/05/2025 16:30
995e37ff-f76a-49d4-88a5-e840999ba3e3,Comm._Partner_Registration,Kal305,18/05/2025 16:30
05ed4a27-67a4-4d69-809d-8baf7a81d142,GAP_&_crop_management,Kal305,18/05/2025 16:30
1b68afc2-3691-4e4b-8057-9a8b6c1a6fe8,Comm._Partner_Registration,Kal306,18/05/2025 16:30
5fb86466-2f9a-434a-831d-c6aaaf7214f4,GAP_&_crop_management,Kal306,18/05/2025 16:30
23d44da7-7d89-4d11-8a7b-82bf815b935b,ICT_solutions_for_agriculture,Kal306,18/05/2025 16:30
ac6b576e-52a6-46cf-9574-647268796699,"Group_formation,_and_dynamics_for_financial_inclusion",Kal306,18/05/2025 16:30
841c9417-ab43-45c9-ac3f-50901173b63a,Comm._Partner_Registration,Sho300,18/05/2025 16:31
6612fad4-c9ac-4a81-bd0f-fd611c1a13dd,GAP_&_crop_management,Sho300,18/05/2025 16:31
bae5e7d5-d9cf-46f4-92a9-4198b007f9c2,ICT_solutions_for_agriculture,Sho300,18/05/2025 16:32
553ffd3f-7814-4973-843d-d83872155164,"Group_formation,_and_dynamics_for_financial_inclusion",Sho300,18/05/2025 16:32
b82c7cd8-20af-4a79-9f38-00ec51e7e069,Comm._Partner_Registration,Sho301,18/05/2025 16:33
c9d91f35-84c3-4a53-b013-5bf727d41090,GAP_&_crop_management,Sho301,18/05/2025 16:33
c79e664a-75ca-49dc-9276-f84b7656f2ca,ICT_solutions_for_agriculture,Sho301,18/05/2025 16:34
91c41c0d-5548-495d-aaef-2e802d9a864b,"Group_formation,_and_dynamics_for_financial_inclusion",Sho301,18/05/2025 16:34
21b04363-16dc-46f7-8aaa-8ce7184c1623,Comm._Partner_Registration,Sho302,18/05/2025 16:35
598e5bc0-37bb-47de-a37d-bc86b118323e,GAP_&_crop_management,Sho302,18/05/2025 16:35
7ae32be2-d2e2-406c-80e9-19197c5b997d,ICT_solutions_for_agriculture,Sho302,18/05/2025 16:36
e423fe18-8a8b-4ca9-827a-dd83fa88a7bc,"Group_formation,_and_dynamics_for_financial_inclusion",Sho302,18/05/2025 16:36
db721307-ccf9-4bb8-ac00-7f5fde0d5fab,GAP_&_crop_management,Deb300,18/05/2025 16:37
0fef9791-efee-44ad-a964-f0bb4d3f8d93,ICT_solutions_for_agriculture,Deb300,18/05/2025 16:38
d43fa41e-5243-4633-a405-66d99f4981f4,"Group_formation,_and_dynamics_for_financial_inclusion",Deb300,18/05/2025 16:38
20ac1921-f82f-4938-98f0-dc8f39eaaf12,Comm._Partner_Registration,Deb301,18/05/2025 16:39
14a5a113-3213-4fdd-8946-ebcbcdfcb5a5,GAP_&_crop_management,Deb301,18/05/2025 16:39
5e400f04-2bc8-4aed-ade3-934abb0138f5,ICT_solutions_for_agriculture,Deb301,18/05/2025 16:40
2bdb4209-048f-46fa-bc3a-97084b7f8afe,"Group_formation,_and_dynamics_for_financial_inclusion",Deb301,18/05/2025 16:41
5a788c23-ba77-49a8-9f3a-2a727a5c859d,Comm._Partner_Registration,Deb302,18/05/2025 16:41
fae96903-6ef1-4ac7-ba93-6bde05f9a7c8,GAP_&_crop_management,Deb302,18/05/2025 16:41
04bc72e7-f240-41b2-acd0-e933bad7eb16,ICT_solutions_for_agriculture,Deb302,18/05/2025 16:42
ada3a913-7af9-4f01-b9d6-39ea59f65f72,"Group_formation,_and_dynamics_for_financial_inclusion",Deb302,18/05/2025 16:42
c9e4848c-5fde-4686-a6af-4e0a125a3293,Comm._Partner_Registration,Deb303,18/05/2025 16:43
3c6f4116-fbea-4d0a-8df4-88db703c8c24,GAP_&_crop_management,Deb303,18/05/2025 16:43
ec58d243-e4d0-43fa-a3e2-9726d165791b,ICT_solutions_for_agriculture,Deb303,18/05/2025 16:43
71c7dbf5-eedb-4de3-8923-3707571ca840,"Group_formation,_and_dynamics_for_financial_inclusion",Deb303,18/05/2025 16:44
fdafda1f-561e-441c-ab47-d47de486a328,Comm._Partner_Registration,Deb304,18/05/2025 16:44
dd5e33ff-bf7e-4162-82a0-b77cc765653c,GAP_&_crop_management,Deb304,18/05/2025 16:45
f40e1801-ded0-4ba1-9ae5-e11f1b9120da,ICT_solutions_for_agriculture,Deb304,18/05/2025 16:45
7f7de505-9a47-4076-88c5-5a2b06b64340,"Group_formation,_and_dynamics_for_financial_inclusion",Deb304,18/05/2025 16:46
df16bcd5-6331-4c06-9bfe-7a088055b906,Comm._Partner_Registration,Deb305,18/05/2025 16:47
5179bf1d-60e1-4bc1-bfd1-4b0c95f4be56,GAP_&_crop_management,Deb305,18/05/2025 16:47
8bd04748-8415-4565-bcb8-82870b4717ff,ICT_solutions_for_agriculture,Deb305,18/05/2025 16:48
8137c573-ce36-41e5-93ea-2b5e6873578b,"Group_formation,_and_dynamics_for_financial_inclusion",Deb305,18/05/2025 16:48
bf678bad-b307-4828-8802-270f1cdeab68,Comm._Partner_Registration,Deb306,18/05/2025 16:49
74ff18ff-101d-4037-b97e-ac47b25e37e2,GAP_&_crop_management,Deb306,18/05/2025 16:49
38a44808-96ac-4b7f-9686-308f256f13fb,ICT_solutions_for_agriculture,Deb306,18/05/2025 16:49
4ef5e7cf-a8e1-477a-812b-9cbd789e4cf6,"Group_formation,_and_dynamics_for_financial_inclusion",Deb306,18/05/2025 16:49
68b292a9-ad9e-4f63-a3bd-44d7e1e49cde,Comm._Partner_Registration,Deb307,18/05/2025 16:50
22807c5c-0b17-41ff-b333-bf9eae49d643,GAP_&_crop_management,Deb307,18/05/2025 16:50
81d42e32-1f84-40a9-b3eb-63cb7344be32,ICT_solutions_for_agriculture,Deb307,18/05/2025 16:51
47c702d4-d39f-4e1f-85c0-a6d28d786b96,"Group_formation,_and_dynamics_for_financial_inclusion",Deb307,18/05/2025 16:51
76122529-b23b-42e5-b16b-8a7674aa7df3,Comm._Partner_Registration,Deb308,18/05/2025 16:51
0dc7eb01-2017-43c7-814d-6c8b80fbd037,GAP_&_crop_management,Deb308,18/05/2025 16:52
cb05b958-3acf-40e5-a59f-34c3a721e484,ICT_solutions_for_agriculture,Deb308,18/05/2025 16:52
95abb995-ed73-424a-8183-096f20710b12,"Group_formation,_and_dynamics_for_financial_inclusion",Deb308,18/05/2025 16:53
f4122549-630e-4d7e-89fe-2a11b49dcd99,Comm._Partner_Registration,Deb309,18/05/2025 16:53
8cf22d06-1718-4f15-9e2f-352dd0c90172,GAP_&_crop_management,Deb309,18/05/2025 16:54
2a5a9207-30d2-4e86-a046-783af804e32c,ICT_solutions_for_agriculture,Deb309,18/05/2025 16:54
05a445d2-7904-4163-8a34-2fe4f22cbc57,"Group_formation,_and_dynamics_for_financial_inclusion",Deb309,18/05/2025 16:54
b11f3e87-c1dc-40c9-9912-bac4bd174baf,Comm._Partner_Registration,Deb310,18/05/2025 17:05
71adfb9c-103c-47bb-b0cd-159d3abfe3a5,GAP_&_crop_management,Deb310,18/05/2025 17:05
dad8a244-fd1d-4adc-9407-9fed93bcabc0,ICT_solutions_for_agriculture,Deb310,18/05/2025 17:05
cc5fcd67-7f22-4546-bc38-c79444da29ab,"Group_formation,_and_dynamics_for_financial_inclusion",Deb310,18/05/2025 17:05
71abc567-b407-45d3-ad79-34953b52876a,Comm._Partner_Registration,Deb311,18/05/2025 17:05
335edd1e-b4e2-4c34-902b-30ad26df86fa,GAP_&_crop_management,Deb311,18/05/2025 17:05
d45aed4c-7b21-471d-a8af-4ea5a2c4209d,ICT_solutions_for_agriculture,Deb311,18/05/2025 17:05
44b690cb-e6fc-45be-8b7a-ad375596d54a,"Group_formation,_and_dynamics_for_financial_inclusion",Deb311,18/05/2025 17:05
2f7bd2c2-50cf-47b0-8755-321904f46882,Comm._Partner_Registration,Tau300,18/05/2025 20:14
14e56040-6470-47b7-a854-73b96211dc7b,GAP_&_crop_management,Tau300,18/05/2025 20:14
9dff82d2-1c3f-4dbd-ac3e-ee4b4be0eda0,ICT_solutions_for_agriculture,Tau300,18/05/2025 20:14
328dfe52-3d4b-4ce6-b2d2-350874bd3bdf,"Group_formation,_and_dynamics_for_financial_inclusion",Tau300,18/05/2025 20:14
9a8152e9-aab5-43dd-900f-5fdabfcb117a,Comm._Partner_Registration,Tau301,18/05/2025 20:14
3616db6a-9685-4679-84a1-a7b5774e99d7,GAP_&_crop_management,Tau301,18/05/2025 20:15
66214a6c-d60b-45e1-aac8-9e7321e1ccf4,ICT_solutions_for_agriculture,Tau301,18/05/2025 20:15
fba5933d-a46a-4874-b75b-479915ba6622,"Group_formation,_and_dynamics_for_financial_inclusion",Tau301,18/05/2025 20:15
adf961ba-14f8-461e-a9b6-124d779b4bbc,Comm._Partner_Registration,Alk300,18/05/2025 20:15
8de4d60a-8a7a-45a9-a471-2a93652eb2e2,GAP_&_crop_management,Alk300,18/05/2025 20:15
47a122cf-46ad-44f9-95f6-ff7af4884e88,ICT_solutions_for_agriculture,Alk300,18/05/2025 20:15
a5c28c51-d55e-4470-8f19-404f4e746d7a,"Group_formation,_and_dynamics_for_financial_inclusion",Alk300,18/05/2025 20:15
28a34dc9-dcdb-40c9-b120-70809f28f16b,Comm._Partner_Registration,Alk301,18/05/2025 20:15
134391d4-b5e3-4fc5-88eb-f6a4760aa6e4,GAP_&_crop_management,Alk301,18/05/2025 20:15
70c9855a-6f48-414c-a4e1-11ae1b825011,ICT_solutions_for_agriculture,Alk301,18/05/2025 20:15
466dd8b1-8638-4b9c-b362-1a9567015bf2,"Group_formation,_and_dynamics_for_financial_inclusion",Alk301,18/05/2025 20:15
b9687561-ebee-4f30-93a5-e7e6e94bdeda,Comm._Partner_Registration,Bau305,18/05/2025 20:15
9716c2bd-9de1-4f8f-b361-910abdd8ca97,GAP_&_crop_management,Bau305,18/05/2025 20:15
f1984abb-ea2c-4bd8-b159-f836081e357b,ICT_solutions_for_agriculture,Bau305,18/05/2025 20:15
161db3ec-b2d4-408b-8195-b5beda9079b3,"Group_formation,_and_dynamics_for_financial_inclusion",Bau305,18/05/2025 20:15
6f331cb9-9bda-4e77-82f5-623153822ccb,Comm._Partner_Registration,Bau306,18/05/2025 20:15
8a84834a-d928-4509-8935-1d60487c3884,GAP_&_crop_management,Bau306,18/05/2025 20:15
4e45829f-9809-4ac1-8a84-55bd310bccf5,ICT_solutions_for_agriculture,Bau306,18/05/2025 20:15
c149155e-0e00-4328-91a4-bbb287f22f1c,"Group_formation,_and_dynamics_for_financial_inclusion",Bau306,18/05/2025 20:15
1eaec284-ba7f-43bc-962e-33f9362471d8,Comm._Partner_Registration,Das311,18/05/2025 20:15
7c2b98f0-75a9-4e2d-8c77-e90c133fc146,GAP_&_crop_management,Das311,18/05/2025 20:15
5a55153c-d1bf-4d40-bbab-bce7cfaec9ae,ICT_solutions_for_agriculture,Das311,18/05/2025 20:15
5f1450ed-ffa9-4391-81db-1af7c7c86639,"Group_formation,_and_dynamics_for_financial_inclusion",Das311,18/05/2025 20:15
0bd6ade8-a951-4f4c-ad32-d416436f378d,Comm._Partner_Registration,Alk305,18/05/2025 20:15
2e856126-9065-4462-8e1a-a03a6bea8b25,GAP_&_crop_management,Alk305,18/05/2025 20:15
e78abd89-c3d5-42fb-b5b6-0d6a678125fc,ICT_solutions_for_agriculture,Alk305,18/05/2025 20:15
bb41f906-58c6-4658-9207-7c2525159f10,"Group_formation,_and_dynamics_for_financial_inclusion",Alk305,18/05/2025 20:15
ffbfc8bd-3deb-4c14-8a11-fbe5e31ba8e3,Comm._Partner_Registration,Alk306,18/05/2025 20:15
cce28450-be54-40c6-84e2-03fe6ad04bed,GAP_&_crop_management,Alk306,18/05/2025 20:15
c5d31204-0a72-44fa-88a8-dad322306d1b,ICT_solutions_for_agriculture,Alk306,18/05/2025 20:15
09a70f67-fb46-419e-bd68-dab5b23bf9a2,"Group_formation,_and_dynamics_for_financial_inclusion",Alk306,18/05/2025 20:15
5b53958a-f868-4da2-b25c-3d2f14758a77,Comm._Partner_Registration,Alk307,18/05/2025 20:15
4fd17968-9df9-43f6-88a0-99d20c57bb3d,GAP_&_crop_management,Alk307,18/05/2025 20:15
01f76f92-012c-46a8-a035-206011577870,ICT_solutions_for_agriculture,Alk307,18/05/2025 20:15
dd849a36-c324-4410-a75f-e5f9ab0726da,"Group_formation,_and_dynamics_for_financial_inclusion",Alk307,18/05/2025 20:15
66c4cc7a-85a4-4b97-bdb1-8090581a702a,Comm._Partner_Registration,Alk308,18/05/2025 20:15
a99eaba3-07c2-4488-abb6-8c82dc43de09,GAP_&_crop_management,Alk308,18/05/2025 20:15
6e237605-0342-45e6-8840-d2746ee250d3,ICT_solutions_for_agriculture,Alk308,18/05/2025 20:15
ec3481f1-d307-450d-8f42-718ad563751a,"Group_formation,_and_dynamics_for_financial_inclusion",Alk308,18/05/2025 20:15
08664bc8-1144-45b9-b1a9-91bdd655fe1a,Comm._Partner_Registration,Alk309,18/05/2025 20:15
96c8fdd6-53cc-4e89-9644-02e1dfa43f43,GAP_&_crop_management,Alk309,18/05/2025 20:15
63c2db26-2a67-46ba-af03-f22a20298fad,ICT_solutions_for_agriculture,Alk309,18/05/2025 20:15
4d8d6767-e4b0-41a3-b6fb-4d0044018668,"Group_formation,_and_dynamics_for_financial_inclusion",Alk309,18/05/2025 20:15
3205bcdc-d412-4521-a800-c107c52e89c3,Comm._Partner_Registration,Alk310,18/05/2025 20:15
a9d2236b-2c25-41fc-be6d-7350e5191b21,GAP_&_crop_management,Alk310,18/05/2025 20:15
93eb53c1-aa3b-48a3-83d4-fbff129a3d90,ICT_solutions_for_agriculture,Alk310,18/05/2025 20:15
dee11c39-264d-41bc-b6fc-05b75aff6246,"Group_formation,_and_dynamics_for_financial_inclusion",Alk310,18/05/2025 20:15
38fd9af3-bd96-45fc-b527-86e7d5db2920,Comm._Partner_Registration,Alk311,18/05/2025 20:15
31b61dbe-d4e6-4053-a5c0-834733b3bcf8,GAP_&_crop_management,Alk311,18/05/2025 20:15
6593f227-a999-493a-a93e-96975d6edbeb,ICT_solutions_for_agriculture,Alk311,18/05/2025 20:15
b264a9d1-18a1-48c2-903d-212a524515ad,"Group_formation,_and_dynamics_for_financial_inclusion",Alk311,18/05/2025 20:15
9b20d045-738b-4735-aca6-90daa64209f5,Comm._Partner_Registration,Alk312,18/05/2025 20:15
d07c8475-99f8-4b3c-86b7-4a51d97e0cb9,GAP_&_crop_management,Alk312,18/05/2025 20:15
b70e134a-864e-4553-ae0c-c8d73e083675,ICT_solutions_for_agriculture,Alk312,18/05/2025 20:15
d8bd6442-e969-48d7-995d-96b09c797e82,"Group_formation,_and_dynamics_for_financial_inclusion",Alk312,18/05/2025 20:15
cb60fd3e-e1e3-4c43-a14b-f48c81cff259,Comm._Partner_Registration,Gan300,18/05/2025 20:15
5d146b9c-849c-4517-81ef-91e999d968bd,GAP_&_crop_management,Gan301,18/05/2025 20:15
b2a7067e-a965-4b23-ae74-2679d4d09f17,ICT_solutions_for_agriculture,Gan301,18/05/2025 20:15
89385c7e-1977-4953-9f41-9c9a15ff4695,"Group_formation,_and_dynamics_for_financial_inclusion",Gan301,18/05/2025 20:15
ba14e2e3-4503-4d52-ac63-96844e6497d0,Comm._Partner_Registration,Gan302,18/05/2025 20:15
ca7cd507-2d17-48ba-8fac-691a0e0fe5a3,GAP_&_crop_management,Gan302,18/05/2025 20:15
3bee8107-2805-4819-9914-77a95a97defa,ICT_solutions_for_agriculture,Gan302,18/05/2025 20:15
f4306b98-06fc-46d5-98dd-6a1f57a4805d,"Group_formation,_and_dynamics_for_financial_inclusion",Gan302,18/05/2025 20:15
8495967a-74ee-4667-a02b-09bceae1baf5,Comm._Partner_Registration,Nin300,18/05/2025 20:15
cb2b1dfe-6316-4323-9dfb-52d842df48cf,GAP_&_crop_management,Nin300,18/05/2025 20:15
48845785-4580-41a4-b5f9-de6741b9f91e,ICT_solutions_for_agriculture,Nin300,18/05/2025 20:15
9e31cbc7-27db-425e-a09b-3c57175826cf,"Group_formation,_and_dynamics_for_financial_inclusion",Nin300,18/05/2025 20:15
39e9f158-e6ca-457a-8cad-615b1afd76bf,Comm._Partner_Registration,Nin301,18/05/2025 20:15
5a18ae61-4857-462c-be19-c65fe537c37e,GAP_&_crop_management,Nin301,18/05/2025 20:16
a50aa0cd-8150-4285-93af-a01979405955,ICT_solutions_for_agriculture,Nin301,18/05/2025 20:16
97f7ddfd-499b-4fac-8996-e28316556051,"Group_formation,_and_dynamics_for_financial_inclusion",Nin301,18/05/2025 20:16
c8623b48-450b-489f-a980-97e73d979989,Comm._Partner_Registration,Nin302,18/05/2025 20:16
dfd344d4-2f8c-47c0-ac28-28a4fef5a172,GAP_&_crop_management,Nin302,18/05/2025 20:16
f572a0de-d24a-4382-9748-6512bd49571b,ICT_solutions_for_agriculture,Nin302,18/05/2025 20:16
98178691-7b9d-41fd-bdbe-86cdd144e1d6,"Group_formation,_and_dynamics_for_financial_inclusion",Nin302,18/05/2025 20:16
f596ec57-679f-45f2-8f5e-d05f01e41231,Comm._Partner_Registration,Taf300,18/05/2025 20:16
db4a914f-f818-45c3-91e0-2dcad199791d,GAP_&_crop_management,Taf300,18/05/2025 20:16
7936941a-525b-4ee0-af86-2b69baff2d99,ICT_solutions_for_agriculture,Taf300,18/05/2025 20:16
8eeee43a-de3b-469d-85b8-ded2f2957a90,"Group_formation,_and_dynamics_for_financial_inclusion",Taf300,18/05/2025 20:16
6514f61e-34fa-41bc-b75e-387a39f97488,Comm._Partner_Registration,Taf301,18/05/2025 20:16
4365ea06-8c80-4f59-ad49-2bf236f1baa9,GAP_&_crop_management,Taf301,18/05/2025 20:16
92c00010-4a8e-4cf8-aba4-ab262ef8b143,ICT_solutions_for_agriculture,Taf301,18/05/2025 20:16
0bb279e6-955b-4417-acc1-a5b51a485d42,"Group_formation,_and_dynamics_for_financial_inclusion",Taf301,18/05/2025 20:16
aea4b9fd-2a08-45a9-8f14-fe0c56160750,Comm._Partner_Registration,Taf302,18/05/2025 20:16
8ce687de-2630-41e5-b01f-998f84942b84,GAP_&_crop_management,Taf302,18/05/2025 20:16
3089cc13-5511-424f-9a96-0c32407bfd42,ICT_solutions_for_agriculture,Taf302,18/05/2025 20:16
00931aa2-b420-4346-a95a-1cf3d817647c,"Group_formation,_and_dynamics_for_financial_inclusion",Taf302,18/05/2025 20:16
059246f7-0da2-4be2-9796-16a26cbfae19,Comm._Partner_Registration,Taf303,18/05/2025 20:16
84241d44-34fb-4051-9d16-3c2269a03b55,GAP_&_crop_management,Taf303,18/05/2025 20:16
78a4e5f7-0fe9-4b3c-8c55-b0e21f7b648a,ICT_solutions_for_agriculture,Taf303,18/05/2025 20:16
dadbba52-d613-4897-9818-bda0c2989b7c,"Group_formation,_and_dynamics_for_financial_inclusion",Taf303,18/05/2025 20:16
4dfe9231-0f67-43c9-987b-2e0836600aa1,Comm._Partner_Registration,Taf304,18/05/2025 20:16
9ddf5b08-81a7-4d3c-bebd-9152b7d3e754,GAP_&_crop_management,Taf304,18/05/2025 20:16
55883980-4404-4f21-ab58-a34734910552,ICT_solutions_for_agriculture,Taf304,18/05/2025 20:16
84f0b6c3-8222-47bb-a62c-5cfee07d289c,"Group_formation,_and_dynamics_for_financial_inclusion",Taf304,18/05/2025 20:16
39c29a09-d451-4835-a2c9-94efb1938b04,Comm._Partner_Registration,Taf305,18/05/2025 20:16
31f0fc33-87a3-455d-bd38-569043b2d47c,GAP_&_crop_management,Taf305,18/05/2025 20:16
3634c7cb-9ba2-44da-80b4-90cdda95a13e,ICT_solutions_for_agriculture,Taf305,18/05/2025 20:16
221207f9-2194-43e7-a944-29e86a9fd219,"Group_formation,_and_dynamics_for_financial_inclusion",Taf305,18/05/2025 20:17
12d2f215-6dec-4002-a323-dcc1903497d3,Comm._Partner_Registration,Taf306,18/05/2025 20:17
3d4045ca-c05c-47f1-adcc-13aaef7ead78,GAP_&_crop_management,Taf306,18/05/2025 20:17
9e136673-a817-46f6-bfe4-3b15120485be,ICT_solutions_for_agriculture,Taf306,18/05/2025 20:18
cfc2dc6f-2351-4f93-9bfc-e59fe8633e9b,"Group_formation,_and_dynamics_for_financial_inclusion",Taf306,18/05/2025 20:18
70738547-20e2-467c-863c-397f08ee2249,Comm._Partner_Registration,Taf307,18/05/2025 20:19
a03c40d8-071d-4afa-a3ac-ae5ebc8a09d0,GAP_&_crop_management,Taf307,18/05/2025 20:19
e8381f61-053c-4f31-90b7-f466c68cd03a,ICT_solutions_for_agriculture,Taf307,18/05/2025 20:19
4493247c-6850-400e-b72e-feeecac467a6,"Group_formation,_and_dynamics_for_financial_inclusion",Taf307,18/05/2025 20:19
515f627e-c481-4f92-b141-b1160e46f344,Comm._Partner_Registration,Tor300,18/05/2025 20:20
ecda1822-9a2c-48c6-a417-f6218bb0e66d,GAP_&_crop_management,Tor300,18/05/2025 20:20
a0180940-6640-4bd2-b46e-b6d94e643b7a,ICT_solutions_for_agriculture,Tor300,18/05/2025 20:20
2f9555fe-591d-4f52-b426-f5b4d4f4a79f,"Group_formation,_and_dynamics_for_financial_inclusion",Tor300,18/05/2025 20:21
38210af3-4f85-4e92-8aa6-e7fa19da75f9,Comm._Partner_Registration,Tor301,18/05/2025 20:21
c4917d44-1353-4ca0-aab8-8cb0d56458dd,GAP_&_crop_management,Tor301,18/05/2025 20:21
70b56b2c-ded2-4603-b5bf-ec809050e9da,ICT_solutions_for_agriculture,Tor301,18/05/2025 20:21
3d780292-737c-42e2-9429-db7116628c0c,"Group_formation,_and_dynamics_for_financial_inclusion",Tor301,18/05/2025 20:22
d96dce59-51c5-436d-94b8-d7d49254c90c,Comm._Partner_Registration,Tor302,18/05/2025 20:22
bc73acc1-eb2a-44a0-9c77-e1bd95e01cc4,GAP_&_crop_management,Tor302,18/05/2025 20:23
30a6112b-6ca3-48d1-934c-301b7780fba9,ICT_solutions_for_agriculture,Tor302,18/05/2025 20:23
93a48a99-8b6b-4bde-bc4d-25f2fb2ec16a,"Group_formation,_and_dynamics_for_financial_inclusion",Tor302,18/05/2025 20:24
ec58357a-d29a-4d7c-999a-96b57ceaad49,Comm._Partner_Registration,Tor303,18/05/2025 20:25
d196234f-710a-4d59-8c74-491c21028a76,GAP_&_crop_management,Tor303,18/05/2025 20:25
f86f00f4-b0c5-41d7-a88d-fc162598d525,ICT_solutions_for_agriculture,Tor303,18/05/2025 20:25
0813c9ab-f59f-4d0c-bac2-a252f2550c99,"Group_formation,_and_dynamics_for_financial_inclusion",Tor303,18/05/2025 20:26
a6f93245-2215-46b0-bfa2-7f09148cdfb8,Comm._Partner_Registration,War300,18/05/2025 20:26
cf3c117b-6077-41bf-8524-29a5dd0c47d7,GAP_&_crop_management,War300,18/05/2025 20:26
ff384285-280f-4a5d-a5ca-ecfce668e006,ICT_solutions_for_agriculture,War300,18/05/2025 20:27
82a9b8d7-5ada-4cb3-a678-640ff608cb4b,"Group_formation,_and_dynamics_for_financial_inclusion",War300,18/05/2025 20:27
6b90e159-116b-4cfb-a8a5-c3972a8eb894,Comm._Partner_Registration,Jah300,19/05/2025 19:22
dd8bace1-75bb-415c-b813-08738c890760,"Group_formation,_and_dynamics_for_financial_inclusion",Jah300,19/05/2025 19:23
c4edcf0c-b9ec-4e3c-b2e5-42acbb4a4bd7,ICT_solutions_for_agriculture,Jah300,19/05/2025 19:23
d7c074ca-ec61-4ffa-a0e5-f1b7e3d63e5b,GAP_&_crop_management,Jah300,19/05/2025 19:24
2d5a11d8-f630-4da5-86de-7cc5e380220e,Comm._Partner_Registration,Jah301,19/05/2025 19:24
e4d20389-215c-433d-9ce6-c58778c3aa21,"Group_formation,_and_dynamics_for_financial_inclusion",Jah301,19/05/2025 20:59
444d3f27-cf9b-47af-83b2-9cdf9f6d3f24,ICT_solutions_for_agriculture,Jah301,19/05/2025 20:59
e87e809e-964b-457e-b037-e7b98f4b91f9,GAP_&_crop_management,Jah301,19/05/2025 20:59
a2e2f4a7-f1c1-40ac-bcff-039737cafb42,Comm._Partner_Registration,Jah302,19/05/2025 20:59
53ecd812-147d-4daf-92ba-1ffd5e0446b4,"Group_formation,_and_dynamics_for_financial_inclusion",Jah302,19/05/2025 20:59
1e869f66-4e95-49c9-9568-79472f137156,ICT_solutions_for_agriculture,Jah302,19/05/2025 20:59
fde1cb5e-6a18-4f7a-ac9d-863bc3b4275a,GAP_&_crop_management,Jah302,19/05/2025 20:59
ffcfc07e-7d40-404c-8bae-38ef733307ae,Comm._Partner_Registration,Jah303,19/05/2025 20:59
659e4b9f-7228-488b-8352-8f2188bdfa8a,"Group_formation,_and_dynamics_for_financial_inclusion",Jah303,19/05/2025 20:59
42e6d7cc-c8ab-42a7-9bd9-dd43bc68d948,ICT_solutions_for_agriculture,Jah303,19/05/2025 20:59
2629c849-44bb-4a4a-b2e3-745fce657ef4,GAP_&_crop_management,Jah303,19/05/2025 20:59
584b5500-53c5-4e47-b5ae-f158dd55a46c,Comm._Partner_Registration,Jah304,19/05/2025 20:59
383b6bf9-09c3-4759-8507-1ca215207b18,"Group_formation,_and_dynamics_for_financial_inclusion",Jah304,19/05/2025 20:59
119299b4-e5e0-426a-90e3-500d593418aa,ICT_solutions_for_agriculture,Jah304,19/05/2025 20:59
df1fcfd9-4de7-4e22-8260-e7417c0e8f04,GAP_&_crop_management,Jah304,19/05/2025 20:59
e9c822f4-0d8a-45be-acd6-fb42a6dc10c6,Comm._Partner_Registration,Jah305,19/05/2025 20:59
e5f2c6be-1603-4176-b915-418407a6891a,"Group_formation,_and_dynamics_for_financial_inclusion",Jah305,19/05/2025 20:59
def0dd24-bffa-4313-83c7-7a47884ee6cd,ICT_solutions_for_agriculture,Jah305,19/05/2025 20:59
1c015c51-d639-4bdc-8e31-0f114240a42f,GAP_&_crop_management,Jah305,19/05/2025 20:59
b0ff1d39-8841-4408-a912-7d9ed6cb653f,Comm._Partner_Registration,Jah306,19/05/2025 20:59
51baba13-01ef-4a10-b6e1-c175d1eb24a0,"Group_formation,_and_dynamics_for_financial_inclusion",Jah306,19/05/2025 20:59
2f8c0274-c53b-4ff8-90be-8582314a90bc,ICT_solutions_for_agriculture,Jah306,19/05/2025 20:59
957c4622-80ff-4cb8-ba7e-f41bbfff418a,GAP_&_crop_management,Jah306,19/05/2025 20:59
f967eb7b-c5e7-46bc-82f3-e14a12e85cad,Comm._Partner_Registration,Jah307,19/05/2025 20:59
4a362873-1d77-432a-8f3b-61e3b1c5c06a,"Group_formation,_and_dynamics_for_financial_inclusion",Jah307,19/05/2025 20:59
df01ec9b-9acc-48ed-b2c1-6869dfb94176,ICT_solutions_for_agriculture,Jah307,19/05/2025 20:59
cb61f8df-f184-42ec-828b-5d437a20624b,GAP_&_crop_management,Jah307,19/05/2025 21:00
06a548c7-61b8-485c-a3c6-c902abda97fb,Comm._Partner_Registration,Jah308,19/05/2025 21:00
d2e387a9-8d79-47b8-9492-6086a50cbb8f,"Group_formation,_and_dynamics_for_financial_inclusion",Jah308,19/05/2025 21:00
0737ce1f-1d4f-458e-ae28-8abbdd287945,ICT_solutions_for_agriculture,Jah308,19/05/2025 21:00
b1da5088-fb48-44dc-ad6f-f7714e15af4c,GAP_&_crop_management,Jah308,19/05/2025 21:00
1a1b2fed-83d4-453c-96f2-1bc2227204bd,Comm._Partner_Registration,Jah309,19/05/2025 21:00
e81d9138-c580-4308-bebf-ee8ba6af199c,"Group_formation,_and_dynamics_for_financial_inclusion",Jah309,19/05/2025 21:00
b9779101-b11b-4178-b781-a5c6bf684b1f,ICT_solutions_for_agriculture,Jah309,19/05/2025 21:00
4af645a5-1672-4959-9835-e87ee13a18aa,GAP_&_crop_management,Jah309,19/05/2025 21:00
f39f75e1-3a21-4deb-b037-267fd006c043,Comm._Partner_Registration,Jah310,19/05/2025 21:00
d996bcc8-09ce-4f78-9814-2c978ac4a00c,"Group_formation,_and_dynamics_for_financial_inclusion",Jah310,19/05/2025 21:00
0e18d9d6-c20a-45fd-8e89-e033649ac505,ICT_solutions_for_agriculture,Jah310,19/05/2025 21:00
b6858ea0-469b-49a2-97f8-b5ec882952a2,GAP_&_crop_management,Jah310,19/05/2025 21:00
4fbb0c4e-d6b9-40c6-9cb7-5cca072ba43a,Comm._Partner_Registration,Jah311,19/05/2025 21:00
89ccb5af-1b22-46b8-a5f2-2ca763b1a0bc,"Group_formation,_and_dynamics_for_financial_inclusion",Jah311,19/05/2025 21:00
b12795ea-086f-45aa-bb88-7a87f5f39c0d,ICT_solutions_for_agriculture,Jah311,19/05/2025 21:00
715e0d03-b0cd-44a0-ad9d-9440505dd8d8,GAP_&_crop_management,Jah311,19/05/2025 21:00
69811bf7-913e-499b-b09b-5eb5871eff70,Comm._Partner_Registration,Jah312,19/05/2025 21:00
2c5c0f49-53ea-4fb1-bc87-758b1f6a0bca,"Group_formation,_and_dynamics_for_financial_inclusion",Jah312,19/05/2025 21:00
bd22fb7f-48ac-46c9-98e7-dc200700dbc8,ICT_solutions_for_agriculture,Jah312,19/05/2025 21:00
714ab9d3-7516-451f-844f-1c48922cd432,GAP_&_crop_management,Jah312,19/05/2025 21:00
b28cfdad-c000-4414-a48a-324f4bfbe3c7,Comm._Partner_Registration,Jah313,19/05/2025 21:00
24322f9a-fcf8-4f94-ba42-c7b3d102b1fa,"Group_formation,_and_dynamics_for_financial_inclusion",Jah313,19/05/2025 21:00
bf55d305-7bc1-439c-bd1f-12bf5f3767d3,ICT_solutions_for_agriculture,Jah313,19/05/2025 21:00
4f5f7f5a-1048-4647-b106-beeeae7882f3,GAP_&_crop_management,Jah313,19/05/2025 21:00
b10daa11-ec53-4e4c-a60c-a8b42cd3bce2,Comm._Partner_Registration,Jah314,19/05/2025 21:00
0a6ea973-a868-4b44-8d0a-4a84a278c6de,"Group_formation,_and_dynamics_for_financial_inclusion",Jah314,19/05/2025 21:00
4ee643ad-16d7-4987-bb9c-f47d6f321b8f,ICT_solutions_for_agriculture,Jah314,19/05/2025 21:00
e240a732-cde1-4d16-bd7d-7e089b64aa8a,GAP_&_crop_management,Jah314,19/05/2025 21:00
5b5357bd-7c1d-4b63-8693-0279091afe0a,Comm._Partner_Registration,Jah315,19/05/2025 21:00
11759acc-5280-4cc7-b094-2e7d32e238f3,"Group_formation,_and_dynamics_for_financial_inclusion",Jah315,19/05/2025 21:00
2940b015-e078-4f2a-b615-3fd03d099f3d,ICT_solutions_for_agriculture,Jah315,19/05/2025 21:00
2b65e825-7a8c-45f5-b875-0f6ce59dbc37,GAP_&_crop_management,Jah315,19/05/2025 21:00
3a6bfe08-f364-4620-9f08-49ce2e841f77,Comm._Partner_Registration,Jah316,19/05/2025 21:00
4b506c64-a6c6-4561-beb1-09d6a3d69ccb,"Group_formation,_and_dynamics_for_financial_inclusion",Jah316,19/05/2025 21:00
ac62565e-d68b-45e3-9abf-32b527c4d84d,ICT_solutions_for_agriculture,Jah316,19/05/2025 21:00
e4a5a7d9-8466-4768-b145-adb775e77666,GAP_&_crop_management,Jah316,19/05/2025 21:00
a4699ed7-8493-44b6-98a0-b23c1319eb0e,Comm._Partner_Registration,Jah317,19/05/2025 21:00
50a7e02c-4c1f-4b3a-979d-2e251b4aa020,"Group_formation,_and_dynamics_for_financial_inclusion",Jah317,19/05/2025 21:00
9a9215a3-f16d-4977-acc2-6d188484c270,ICT_solutions_for_agriculture,Jah317,19/05/2025 21:00
5905986a-3ba5-47ba-81eb-a37e87c38fe0,GAP_&_crop_management,Jah317,19/05/2025 21:00
f05ff7e5-45e8-4bf1-84a3-2babddd999ae,Comm._Partner_Registration,Jah318,19/05/2025 21:00
3e704259-91e4-4bdc-9853-ec6a82f04412,"Group_formation,_and_dynamics_for_financial_inclusion",Jah318,19/05/2025 21:00
68e1cd94-6707-4f9b-ae1c-84ead8545363,ICT_solutions_for_agriculture,Jah318,19/05/2025 21:00
5a38d136-d907-422c-b8b1-e520baa32e90,GAP_&_crop_management,Jah318,19/05/2025 21:00
a7e6735b-9925-496d-a736-b81c6d36b513,Comm._Partner_Registration,Jah319,19/05/2025 21:00
79d3767c-83d6-4ff4-a733-bff573f087a6,"Group_formation,_and_dynamics_for_financial_inclusion",Jah319,19/05/2025 21:00
97636fcf-2d6e-4d35-a406-4831e8ebb8cc,ICT_solutions_for_agriculture,Jah319,19/05/2025 21:00
49505511-6f76-4eaa-a49a-16285700b7c8,GAP_&_crop_management,Jah319,19/05/2025 21:00
a3712c6f-867b-41ca-bc77-d49fd1c16972,Comm._Partner_Registration,Jah320,19/05/2025 21:00
095e9e08-0b84-4ef7-99d1-dfdff625307b,"Group_formation,_and_dynamics_for_financial_inclusion",Jah320,19/05/2025 21:00
9900c893-c0e5-45a1-8b56-b3de80e1667e,ICT_solutions_for_agriculture,Jah320,19/05/2025 21:00
b507aab4-bb12-4392-be14-e0825bcb1402,GAP_&_crop_management,Jah320,19/05/2025 21:00
1cb00387-7a14-4dc9-9353-1bf19ecfcc98,Comm._Partner_Registration,Jah321,19/05/2025 21:00
ea2471e6-6c8d-467a-a2b5-ca89b1ee9b43,"Group_formation,_and_dynamics_for_financial_inclusion",Jah321,19/05/2025 21:00
996e67d8-0103-4dd5-8a89-2ce95d58d630,ICT_solutions_for_agriculture,Jah321,19/05/2025 21:00
4fe3b288-ab9a-4661-a1a8-a5e1c785d1ef,GAP_&_crop_management,Jah321,19/05/2025 21:00
715d9cf1-9d78-484b-b75e-7fc972761046,Comm._Partner_Registration,Jah322,19/05/2025 21:01
d443df2f-1b50-4dd7-a4c5-5955cade1f2d,"Group_formation,_and_dynamics_for_financial_inclusion",Jah322,19/05/2025 21:01
f8c8fa4e-926a-4a23-bc90-70e3fcbccb43,ICT_solutions_for_agriculture,Jah322,19/05/2025 21:01
ecb93df7-e732-4050-8909-ce768536ff26,GAP_&_crop_management,Jah322,19/05/2025 21:01
98f62ffc-ed1f-4a82-8bc7-6ef947226fa9,Comm._Partner_Registration,Jah323,19/05/2025 21:01
c46766c6-e109-4f69-af06-a7880aa31427,"Group_formation,_and_dynamics_for_financial_inclusion",Jah323,19/05/2025 21:01
51253c3c-d0a8-4e95-8d65-5700ed4fd9e1,ICT_solutions_for_agriculture,Jah323,19/05/2025 21:01
f77c16d1-0503-4a52-bdb6-592bc5be6840,GAP_&_crop_management,Jah323,19/05/2025 21:01
d4dcba62-4a7b-4923-a470-e07334c7ff58,Comm._Partner_Registration,Jah324,19/05/2025 21:01
e1161fe2-227c-4a3c-81ee-8d674efc7b29,"Group_formation,_and_dynamics_for_financial_inclusion",Jah324,19/05/2025 21:01
a7130bb4-888a-4265-b8de-18821168dd00,ICT_solutions_for_agriculture,Jah324,19/05/2025 21:01
3d0610e8-eab8-4c6f-b65e-4093de71c21e,GAP_&_crop_management,Jah324,19/05/2025 21:01
c788901f-4da6-4973-8cef-31a59a0882d9,Comm._Partner_Registration,Jah325,19/05/2025 21:01
83d9e664-2bf9-4a8b-99ef-ec50276da17d,"Group_formation,_and_dynamics_for_financial_inclusion",Jah325,19/05/2025 21:01
d9c61f2d-9c71-4129-aace-94aacc72e3a4,ICT_solutions_for_agriculture,Jah325,19/05/2025 21:01
baeba50e-5143-4992-9f9d-0af626f9124d,GAP_&_crop_management,Jah325,19/05/2025 21:01
aa357b81-1ec4-421b-888c-f649b488051f,Comm._Partner_Registration,Jah326,19/05/2025 21:01
72211a4c-e58d-4412-b85a-375d30875d4d,"Group_formation,_and_dynamics_for_financial_inclusion",Jah326,19/05/2025 21:01
9d3e41b7-06bc-4eb0-9448-d10a48dcccfb,ICT_solutions_for_agriculture,Jah326,19/05/2025 21:01
fb146c04-166d-4090-8889-34326b71ba7a,GAP_&_crop_management,Jah326,19/05/2025 21:01
b83e6618-c030-4144-8092-fbfba0f1d9d7,Comm._Partner_Registration,Jah327,19/05/2025 21:01
79db1bc4-1cd5-4ff2-b5fe-f751b59f9f97,"Group_formation,_and_dynamics_for_financial_inclusion",Jah327,19/05/2025 21:01
3e570de7-4db7-4548-a6a8-a9f52ee820d5,ICT_solutions_for_agriculture,Jah327,19/05/2025 21:01
6f210304-60c6-4f47-9dae-1cee49a93365,GAP_&_crop_management,Jah327,19/05/2025 21:01
0ca5248c-e7ad-4acc-a65f-2b718ae64737,Comm._Partner_Registration,Jah328,19/05/2025 21:01
1aa2d3c0-3652-4877-b7d4-a395da97b9f0,"Group_formation,_and_dynamics_for_financial_inclusion",Jah328,19/05/2025 21:01
77ab4629-5bc7-4d52-a0ea-e145b96b9d7d,ICT_solutions_for_agriculture,Jah328,19/05/2025 21:01
e52df562-7ac9-4d72-a157-12b5a2fa2b25,GAP_&_crop_management,Jah328,19/05/2025 21:01
d10b7cb0-a967-4838-92ad-252c03cceb97,Comm._Partner_Registration,Jah329,19/05/2025 21:01
22b5f85c-d9cc-4e8f-94cf-9d5e29c120c0,"Group_formation,_and_dynamics_for_financial_inclusion",Jah329,19/05/2025 21:01
7d66f0e1-7e54-45de-85b5-a51f1f56cd38,ICT_solutions_for_agriculture,Jah329,19/05/2025 21:01
344d75c8-09e1-41fa-be6f-37204cadfd48,GAP_&_crop_management,Jah329,19/05/2025 21:01
fab59faf-bf68-4fb7-bddc-cef880ede291,Comm._Partner_Registration,Jah330,19/05/2025 21:01
f7e7ae57-415a-488d-801f-659ba6498e42,"Group_formation,_and_dynamics_for_financial_inclusion",Jah330,19/05/2025 21:01
05f19156-7927-4552-b782-b4cd28dd99eb,ICT_solutions_for_agriculture,Jah330,19/05/2025 21:01
45d6a8d4-361c-4981-8d0a-9536f420b0a2,GAP_&_crop_management,Jah330,19/05/2025 21:01
982d5d29-13a2-40f7-bf45-d8ae5bb3a4fb,Comm._Partner_Registration,Jah331,19/05/2025 21:01
a893c953-ea15-4881-9be7-5368d691fcd0,"Group_formation,_and_dynamics_for_financial_inclusion",Jah331,19/05/2025 21:01
21a6f483-bea8-410f-adfa-fcc61b6bdeea,ICT_solutions_for_agriculture,Jah331,19/05/2025 21:01
15905948-cefb-4ef3-a1a1-7ab4575e2f92,GAP_&_crop_management,Jah331,19/05/2025 21:01
358f43c0-bf21-4fc1-a315-85111c51881b,Comm._Partner_Registration,Jah332,19/05/2025 21:01
2e2c1922-4be0-46d7-8f9c-93b6d93af074,"Group_formation,_and_dynamics_for_financial_inclusion",Jah332,19/05/2025 21:01
64837b1d-a782-49d3-8816-a8413fb67e76,ICT_solutions_for_agriculture,Jah332,19/05/2025 21:01
8358a386-79ef-40cb-9a29-a7ce33d50771,GAP_&_crop_management,Jah332,19/05/2025 21:01
432a4cb1-40e8-4f65-897b-d0a4c8bd813b,Comm._Partner_Registration,Jah333,19/05/2025 21:01
271e4e87-3427-4c0d-88d3-6d5f82ea2b4e,"Group_formation,_and_dynamics_for_financial_inclusion",Jah333,19/05/2025 21:01
f7e0ecc2-d691-4813-84bf-00549fcc5692,ICT_solutions_for_agriculture,Jah333,19/05/2025 21:01
54a671b0-6a66-4cfa-adc7-d0efce225bd9,GAP_&_crop_management,Jah333,19/05/2025 21:01
eb147335-1f97-40fc-b673-de270228460c,Comm._Partner_Registration,Jah334,19/05/2025 21:01
049d0579-25f9-4098-89e6-7735a4bd1be9,"Group_formation,_and_dynamics_for_financial_inclusion",Jah334,19/05/2025 21:01
96ac388f-6338-4a91-a0b5-a851933c32bd,ICT_solutions_for_agriculture,Jah334,19/05/2025 21:01
4b918ee3-3bcd-4b2c-b78d-3568572b1bd6,GAP_&_crop_management,Jah334,19/05/2025 21:01
4f2f7679-b08b-423c-b3b0-19b2f9e85c5a,Comm._Partner_Registration,Jah335,19/05/2025 21:01
cdd9f836-a3af-4105-9e0f-142b03a4dd2b,"Group_formation,_and_dynamics_for_financial_inclusion",Jah335,19/05/2025 21:02
ec53078f-9ca0-4896-ad5d-304bdf4e5c23,ICT_solutions_for_agriculture,Jah335,19/05/2025 21:02
3ec85a87-43b2-4075-80d8-5458a8a5bdae,GAP_&_crop_management,Jah335,19/05/2025 21:02
c66ddba4-b40c-44a1-ab04-e89b5f09d9f9,Comm._Partner_Registration,Jah336,19/05/2025 21:02
a7c9df79-006a-4ecc-a018-867b4c29b2cb,"Group_formation,_and_dynamics_for_financial_inclusion",Jah336,19/05/2025 21:02
8afe24be-11cd-47b1-9239-73d8d37f7b78,ICT_solutions_for_agriculture,Jah336,19/05/2025 21:02
db86d235-e550-46a7-bf11-2b85c2da5bd3,GAP_&_crop_management,Jah336,19/05/2025 21:02
61a74a3f-14f7-4dc3-8557-38a7c3c06001,Comm._Partner_Registration,Jah337,19/05/2025 21:02
ecf8570b-8621-4aa0-8fa7-97e465db9ac8,"Group_formation,_and_dynamics_for_financial_inclusion",Jah337,19/05/2025 21:02
89db3f42-2054-48ff-807e-03761170a987,ICT_solutions_for_agriculture,Jah337,19/05/2025 21:02
9aeffbe3-a795-4a79-8870-0123c288b82b,GAP_&_crop_management,Jah337,19/05/2025 21:02
5e0a2075-fe96-4df9-aff9-fa8d57fa2085,Comm._Partner_Registration,Jah338,19/05/2025 21:02
342b2779-3d9c-4bbb-83d4-b7875d96b6e8,"Group_formation,_and_dynamics_for_financial_inclusion",Jah338,19/05/2025 21:02
8a7e0cd8-201b-417e-9582-24edff12a331,ICT_solutions_for_agriculture,Jah338,19/05/2025 21:02
a67cf26e-2247-4673-9c62-29ec0971a110,GAP_&_crop_management,Jah338,19/05/2025 21:02
1889d9a6-cd41-4f11-b1ee-509cf3c54135,Comm._Partner_Registration,Jah339,19/05/2025 21:02
f2a4a546-b0a4-49f6-a7e2-7c2b3ee71f87,"Group_formation,_and_dynamics_for_financial_inclusion",Jah339,19/05/2025 21:02
4110d504-e062-4111-b467-6ff737e3726c,ICT_solutions_for_agriculture,Jah339,19/05/2025 21:02
d1d76ef5-7368-4201-990e-e51478cd6e51,Comm._Partner_Registration,Jah340,19/05/2025 21:02
7c77b933-0d7f-4dcb-9de8-0775d99454d7,"Group_formation,_and_dynamics_for_financial_inclusion",Jah340,19/05/2025 21:02
79719255-cfe7-4bb6-b68e-02b4c1050bbd,ICT_solutions_for_agriculture,Jah340,19/05/2025 21:02
3b87119d-efcb-4a10-aaa4-141e0e618b7d,GAP_&_crop_management,Jah340,19/05/2025 21:02
3ff01b24-3c19-48e8-b55b-16f10988db5a,Comm._Partner_Registration,Jah341,19/05/2025 21:02
90638373-702a-4654-a2b3-dc85c9ba80de,"Group_formation,_and_dynamics_for_financial_inclusion",Jah341,19/05/2025 21:02
e2ff49d3-04e4-4d27-aae8-b368aa71c7d3,ICT_solutions_for_agriculture,Jah341,19/05/2025 21:02
416adce1-5380-47ed-86ba-c2379f308eba,Comm._Partner_Registration,Jah342,19/05/2025 21:02
dc7c2cb9-6a06-493a-a6e6-200c995c8fa8,"Group_formation,_and_dynamics_for_financial_inclusion",Jah342,19/05/2025 21:02
d669f8e8-1b63-415b-843a-09705b080e6b,ICT_solutions_for_agriculture,Jah342,19/05/2025 21:02
60fac306-e4e0-4aa0-958f-7523a48f1269,Comm._Partner_Registration,Jah343,19/05/2025 21:02
ddca381b-feab-48bf-8cc8-90f173883420,"Group_formation,_and_dynamics_for_financial_inclusion",Jah343,19/05/2025 21:02
63455339-dafc-4cc9-98c3-93a32adae5c8,ICT_solutions_for_agriculture,Jah343,19/05/2025 21:02
3b0294ed-eca6-4f2e-9f66-6c15bf535a34,GAP_&_crop_management,Jah343,19/05/2025 21:02
05e3352a-3db7-438e-8ebf-7f4b2bdc81d5,Comm._Partner_Registration,Jah344,19/05/2025 21:02
7c42d376-8d3a-4f26-aa2a-318c348c7ec6,"Group_formation,_and_dynamics_for_financial_inclusion",Jah344,19/05/2025 21:02
8c141f85-336e-49df-8ebb-3b5586088d3f,ICT_solutions_for_agriculture,Jah344,19/05/2025 21:02
ac12f699-c1ea-409e-8191-9de27544655d,GAP_&_crop_management,Jah344,19/05/2025 21:02
74c508ce-d425-4965-bef1-a8ca6361c898,Comm._Partner_Registration,Jah345,19/05/2025 21:02
cbb771aa-394f-4ccd-ba59-40ada3ae6167,"Group_formation,_and_dynamics_for_financial_inclusion",Jah345,19/05/2025 21:02
e5f10b20-6e2d-4dda-963a-df2e6e362b11,ICT_solutions_for_agriculture,Jah345,19/05/2025 21:02
b7bfee71-0b76-49fa-a99d-6c0a98831c3a,Comm._Partner_Registration,Jah346,19/05/2025 21:02
4f96ff53-9e3c-411d-a4ff-5a3140c9893b,"Group_formation,_and_dynamics_for_financial_inclusion",Jah346,19/05/2025 21:02
507816ea-4c9b-4cb6-9e7a-7f516442b84e,ICT_solutions_for_agriculture,Jah346,19/05/2025 21:02
f76e4329-c96d-483f-9c04-56c7f46418e4,GAP_&_crop_management,Jah346,19/05/2025 21:02
11c164a9-f228-4ea7-8173-3135bfe5e29c,Comm._Partner_Registration,Jah347,19/05/2025 21:02
cdac7b89-d9d0-449e-9b66-50f48800bdba,"Group_formation,_and_dynamics_for_financial_inclusion",Jah347,19/05/2025 21:02
828537f9-565f-4785-9909-19e8083eb621,ICT_solutions_for_agriculture,Jah347,19/05/2025 21:02
9a2b9e8c-a79a-483f-a112-431d106b257e,GAP_&_crop_management,Jah347,19/05/2025 21:02
cdd11aa7-710a-47af-a23a-4638e531e9a0,Comm._Partner_Registration,Rin300,19/05/2025 21:02
2af2519d-a7eb-4c3a-9ab0-67b6498c086a,"Group_formation,_and_dynamics_for_financial_inclusion",Rin300,19/05/2025 21:02
c5ece659-6dcb-4552-86db-66b8847719ab,ICT_solutions_for_agriculture,Rin300,19/05/2025 21:02
2084a9b8-eb5c-4cae-8724-5af8e4e59555,GAP_&_crop_management,Rin300,19/05/2025 21:02
bc545954-34b6-4e6c-91af-7c5ec0ea1d8d,Comm._Partner_Registration,Rin301,19/05/2025 21:02
3b3390d2-6597-48f0-9825-ab6a7baabf66,"Group_formation,_and_dynamics_for_financial_inclusion",Rin301,19/05/2025 21:02
7985f690-2b7c-4605-a82c-f320b95c71b7,ICT_solutions_for_agriculture,Rin301,19/05/2025 21:03
90abb91d-03f5-4538-b559-c4afd70a51eb,GAP_&_crop_management,Rin301,19/05/2025 21:03
831992f5-04d5-4ea4-9c2e-b6d0622dd532,Comm._Partner_Registration,Rin302,19/05/2025 21:03
55aab107-e85f-4c0a-9a43-a7984f7b794f,"Group_formation,_and_dynamics_for_financial_inclusion",Rin302,19/05/2025 21:03
eab8cb8a-c485-40e5-bce5-37b57ae83a71,ICT_solutions_for_agriculture,Rin302,19/05/2025 21:03
456b2335-8d52-4c9e-9c51-135a70603145,GAP_&_crop_management,Rin302,19/05/2025 21:03
426f338f-d01b-4fb6-8ae5-ca83e939cc3a,Comm._Partner_Registration,Rin303,19/05/2025 21:03
ef57f745-b91c-41ad-9d37-1682bb2034a3,"Group_formation,_and_dynamics_for_financial_inclusion",Rin303,19/05/2025 21:03
2733a1ec-ad29-42d8-a4a2-9e5143b1d2fc,ICT_solutions_for_agriculture,Rin303,19/05/2025 21:03
3e8466a6-1bd3-48ce-b75d-fce98f33061b,GAP_&_crop_management,Rin303,19/05/2025 21:03
38b44f34-5d36-43b2-b504-1b31322973c9,Comm._Partner_Registration,Rin304,19/05/2025 21:05
071bd3c9-3242-4d1c-9884-0a545187ab63,"Group_formation,_and_dynamics_for_financial_inclusion",Rin304,19/05/2025 21:05
4126e037-cc45-471b-bea0-4bfd69f57b5f,ICT_solutions_for_agriculture,Rin304,19/05/2025 21:05
f165802c-1604-496f-8403-1577b63a647a,GAP_&_crop_management,Rin304,19/05/2025 21:05
5b0a575b-5f25-4470-879d-7c1dc5b1d4d9,Comm._Partner_Registration,Rin305,19/05/2025 21:05
8d88639d-febb-4d25-b85f-e641c5dbfc9d,"Group_formation,_and_dynamics_for_financial_inclusion",Rin305,19/05/2025 21:05
1b884eb9-1da4-4962-8c53-264fb5664e7f,ICT_solutions_for_agriculture,Rin305,19/05/2025 21:05
cd570d29-c7d4-4b0e-9c4b-bfdc4d32d2d5,GAP_&_crop_management,Rin305,19/05/2025 21:05
a61e1b7e-42e1-4dd2-ae5e-21a6032b8da0,Comm._Partner_Registration,Rin306,19/05/2025 21:05
e88a4c97-7f49-441c-812f-e6050080aece,"Group_formation,_and_dynamics_for_financial_inclusion",Rin306,19/05/2025 21:05
7eb04f6a-b83e-4d9a-a944-e6e7dc08944a,ICT_solutions_for_agriculture,Rin306,19/05/2025 21:05
1c8d3a86-c650-4989-bb08-9085aa64c7cb,GAP_&_crop_management,Rin306,19/05/2025 21:05
d898ef60-9e38-4185-aab6-97f9d4ddc65b,Comm._Partner_Registration,Rin307,19/05/2025 21:05
0c9e7d39-0104-47f8-a003-35b76eaa52c7,"Group_formation,_and_dynamics_for_financial_inclusion",Rin307,19/05/2025 21:05
4f97f71d-4eb0-4492-8e0b-9e6e412bc5fe,ICT_solutions_for_agriculture,Rin307,19/05/2025 21:05
bbb5942d-2b3c-47aa-93d2-35ee1931fa29,GAP_&_crop_management,Rin307,19/05/2025 21:05
7489c44d-0f84-423f-b02d-87d680f2d3ce,Comm._Partner_Registration,Rin308,19/05/2025 21:05
697a2780-6d05-441d-aff5-262ca624fa53,"Group_formation,_and_dynamics_for_financial_inclusion",Rin308,19/05/2025 21:05
32d67819-3558-4162-888d-46429354b429,ICT_solutions_for_agriculture,Rin308,19/05/2025 21:05
f05c786f-4e93-40af-85cb-b84123a938c0,GAP_&_crop_management,Rin308,19/05/2025 21:05
6511f876-adbd-4c31-b49a-0abd938eaff8,Comm._Partner_Registration,Rin309,19/05/2025 21:05
874e3858-0700-4c7c-864c-8af553efdd23,"Group_formation,_and_dynamics_for_financial_inclusion",Rin309,19/05/2025 21:05
809cccf3-5484-4b9f-9453-f8ce7dd8cbc6,ICT_solutions_for_agriculture,Rin309,19/05/2025 21:05
3afe537c-f98f-4ef9-be09-96722eb34775,GAP_&_crop_management,Rin309,19/05/2025 21:05
d2d6b839-aa81-47db-8c42-6fd47a7027e5,Comm._Partner_Registration,Rin310,19/05/2025 21:05
fd35ec55-4d55-4a38-a5ad-5a2b0c525efb,"Group_formation,_and_dynamics_for_financial_inclusion",Rin310,19/05/2025 21:05
f02e7cec-7dd9-4770-b06e-267591a07ea1,ICT_solutions_for_agriculture,Rin310,19/05/2025 21:05
d3aebd40-27f9-4879-bf54-5752e7adb6cc,GAP_&_crop_management,Rin310,19/05/2025 21:05
54daeb2b-3eac-47c6-a0b3-698d72244d2b,Comm._Partner_Registration,Rin311,19/05/2025 21:05
dd33cf84-b402-411f-8dc3-65e6f4c74681,"Group_formation,_and_dynamics_for_financial_inclusion",Rin311,19/05/2025 21:05
f094854a-ebf9-4859-95ba-e4512fc1e236,ICT_solutions_for_agriculture,Rin311,19/05/2025 21:05
a0bcf471-255f-46e3-9b1c-796550e5dc4f,GAP_&_crop_management,Rin311,19/05/2025 21:05
9b6e843d-8eda-46f7-ad10-d7624d0544c5,Comm._Partner_Registration,Beb300,20/05/2025 06:05
3cd91cfc-14ae-4dcd-abd1-114998f2ef0e,"Group_formation,_and_dynamics_for_financial_inclusion",Beb300,20/05/2025 06:05
3fd4072a-72e0-4e97-8db5-8eebd29ae87c,ICT_solutions_for_agriculture,Beb300,20/05/2025 06:05
e9e38da6-7f04-4b5b-b948-39752762427e,GAP_&_crop_management,Beb300,20/05/2025 06:05
a277e202-c64c-4ae3-9a37-e6f31548bae3,Comm._Partner_Registration,Beb301,20/05/2025 06:05
9c8d27a8-e218-4612-a36b-efb5af7af973,"Group_formation,_and_dynamics_for_financial_inclusion",Beb301,20/05/2025 06:05
80cbd40b-a947-408b-85bf-31457fe1ec08,ICT_solutions_for_agriculture,Beb301,20/05/2025 06:05
fea74cc6-5147-4826-bea2-8207ad5fd523,GAP_&_crop_management,Beb301,20/05/2025 06:05
d0475b45-19f0-4580-a4a9-cfb988beda27,Comm._Partner_Registration,Beb302,20/05/2025 06:05
49ae74a8-b523-47b6-a343-55afd6c12149,"Group_formation,_and_dynamics_for_financial_inclusion",Beb302,20/05/2025 06:05
cc45a4f4-cf10-4c5e-a1b5-c5e2f95f4172,ICT_solutions_for_agriculture,Beb302,20/05/2025 06:05
864aa45f-76f2-46a7-a90e-ac896084ee80,Comm._Partner_Registration,Beb303,20/05/2025 06:05
c38810d9-6218-4603-b4c2-3cd13f064ed2,"Group_formation,_and_dynamics_for_financial_inclusion",Beb303,20/05/2025 06:05
f7237750-de41-4c6b-a6d5-32a054474551,ICT_solutions_for_agriculture,Beb303,20/05/2025 06:05
403d9c4a-0314-44a1-8bab-1e34c77468ee,GAP_&_crop_management,Beb303,20/05/2025 06:06
83d952f2-ba4b-4c79-858a-3b6a85e96148,Comm._Partner_Registration,Beb304,20/05/2025 06:06
2740ac1c-d0d1-4bc6-991f-0e5146452948,"Group_formation,_and_dynamics_for_financial_inclusion",Beb304,20/05/2025 06:06
ac24d552-43c5-4490-9e46-ef5aa6f7759c,ICT_solutions_for_agriculture,Beb304,20/05/2025 06:06
a465aeb9-86dc-4769-92c2-b6904b725fc0,GAP_&_crop_management,Beb304,20/05/2025 06:06
ceb9376f-0da3-4b47-819b-933d34c94c4d,Comm._Partner_Registration,Beb305,20/05/2025 06:06
9fb648b0-3203-4721-a344-f8a0047c3c34,"Group_formation,_and_dynamics_for_financial_inclusion",Beb305,20/05/2025 06:06
09c214f1-ebc8-4b40-9c25-31b8bd6d63cf,ICT_solutions_for_agriculture,Beb305,20/05/2025 06:06
36572ee4-afd7-41da-b50e-1f4c5289ca9c,GAP_&_crop_management,Beb305,20/05/2025 06:06
38e04402-5e20-47f9-99da-b7bcc9522405,Comm._Partner_Registration,Beb306,20/05/2025 06:06
15f1607d-b985-402d-a8aa-98b60d54003d,"Group_formation,_and_dynamics_for_financial_inclusion",Beb306,20/05/2025 06:06
fe5854db-3f8f-4d25-b0aa-a5346ec2329f,GAP_&_crop_management,Beb306,20/05/2025 06:06
5bc91343-447e-47af-800b-1b1246bdb385,Comm._Partner_Registration,Beb308,20/05/2025 06:06
3057e628-39e8-46eb-a21b-f67fa5dd7a74,"Group_formation,_and_dynamics_for_financial_inclusion",Beb308,20/05/2025 06:06
f0d15d40-87f2-43b3-9f31-34000ef2f867,ICT_solutions_for_agriculture,Beb308,20/05/2025 06:06
6ee73e6f-449f-4203-b990-ba0732aab71e,GAP_&_crop_management,Beb308,20/05/2025 06:06
3b961f1a-333a-4ea1-b63c-d4218416b146,Comm._Partner_Registration,Beb309,20/05/2025 06:06
e90b51f1-724a-4eb9-bd10-aa36c414f77e,"Group_formation,_and_dynamics_for_financial_inclusion",Beb309,20/05/2025 06:06
c9f16abb-310d-426c-8e8f-d72bf59695ef,ICT_solutions_for_agriculture,Beb309,20/05/2025 06:06
3eb67874-573b-4e05-afd1-45bc1964cb7a,GAP_&_crop_management,Beb309,20/05/2025 06:06
8348d87e-3251-4aa4-9d5c-496f09b28f6a,Comm._Partner_Registration,Beb310,20/05/2025 06:06
f422611a-c28d-42e9-aee3-21620f1dcd72,"Group_formation,_and_dynamics_for_financial_inclusion",Beb310,20/05/2025 06:06
308d8cae-c6b7-431a-9b69-7f34d5a9f22c,ICT_solutions_for_agriculture,Beb310,20/05/2025 06:06
0883d7b0-153c-45ad-af96-29e917c067d1,GAP_&_crop_management,Beb310,20/05/2025 06:06
1f75fd78-6232-41aa-a25e-652c3070ef94,Comm._Partner_Registration,Beb311,20/05/2025 06:06
60ba8fbf-0304-44ea-a88e-5a584c122379,"Group_formation,_and_dynamics_for_financial_inclusion",Beb311,20/05/2025 06:06
bf69068f-8a1b-4d60-8782-b0e7560595a1,ICT_solutions_for_agriculture,Beb311,20/05/2025 06:06
ea5fe78f-4238-4e64-bfe0-fd50cd0ea8ab,Comm._Partner_Registration,Beb312,20/05/2025 06:06
d1c6d886-c803-43ef-9858-d3c22eb7ff75,"Group_formation,_and_dynamics_for_financial_inclusion",Beb312,20/05/2025 06:06
2362b927-bdcf-4f12-a09b-9a9754653da4,ICT_solutions_for_agriculture,Beb312,20/05/2025 06:06
7c5ffabe-26cd-4b8e-9130-43f3d38fbec5,GAP_&_crop_management,Beb312,20/05/2025 06:06
d7650454-e016-485d-af9b-05ab9555fee0,Comm._Partner_Registration,Beb13,20/05/2025 06:06
8a7988cf-60cc-4c49-9eef-5252c7d67475,"Group_formation,_and_dynamics_for_financial_inclusion",Beb13,20/05/2025 06:06
d9b34fb5-3bd6-4486-98d9-d2e50d6c71f2,ICT_solutions_for_agriculture,Beb13,20/05/2025 06:06
a90b1abd-217c-44b5-8f2a-93d28a544876,GAP_&_crop_management,Beb13,20/05/2025 06:06
de74da64-1fde-4a83-b0c9-b22f242f0ef6,Comm._Partner_Registration,Beb314,20/05/2025 06:06
58221430-22ed-4269-a524-c8716ad45d64,"Group_formation,_and_dynamics_for_financial_inclusion",Beb314,20/05/2025 06:06
b4bbc33d-23b6-4775-bf2d-73654c2a635c,ICT_solutions_for_agriculture,Beb314,20/05/2025 06:06
dda53fd0-2131-4f61-b79b-d1397069c3ca,GAP_&_crop_management,Beb314,20/05/2025 06:06
ef102090-65c4-46ca-887f-0d3417af4228,Comm._Partner_Registration,Beb315,20/05/2025 06:06
5580e214-58c0-4575-9b94-1fdea2e9dd88,"Group_formation,_and_dynamics_for_financial_inclusion",Beb315,20/05/2025 06:06
9e404ffa-8f08-4f4d-8190-306bede86edb,ICT_solutions_for_agriculture,Beb315,20/05/2025 06:06
d1fbfe8c-b1fc-412b-a3db-c63ce8c6e6b1,GAP_&_crop_management,Beb315,20/05/2025 06:06
53935675-40d3-439b-a052-05c9116f84c7,Comm._Partner_Registration,Beb316,20/05/2025 06:06
76b2717f-fa62-4e44-8e5e-0e837fb788c9,"Group_formation,_and_dynamics_for_financial_inclusion",Beb316,20/05/2025 06:06
5a91550a-51da-41a2-8c63-91a160b60624,ICT_solutions_for_agriculture,Beb316,20/05/2025 06:06
b2c45e3e-abb1-4b5d-97a8-5ec9437215df,GAP_&_crop_management,Beb316,20/05/2025 06:06
4d6d9ef5-4147-4049-8b23-a2c52ec33d59,Comm._Partner_Registration,Beb317,20/05/2025 06:06
d52f0cde-208a-462a-a075-2dfd26a2da45,"Group_formation,_and_dynamics_for_financial_inclusion",Beb317,20/05/2025 06:06
cfcd943c-3535-4a01-ae86-81baf3b1db64,ICT_solutions_for_agriculture,Beb317,20/05/2025 06:06
8c065c47-ab23-42d9-95a4-336432ab6fd4,GAP_&_crop_management,Beb317,20/05/2025 06:06
a5158b46-a83b-41d4-b1bf-7c8436bea15d,Comm._Partner_Registration,Beb318,20/05/2025 06:06
26bf494b-1f70-4c9a-a890-3cdd4951b5fd,"Group_formation,_and_dynamics_for_financial_inclusion",Beb318,20/05/2025 06:06
1b69fafc-c734-4906-9c50-437be32373e7,ICT_solutions_for_agriculture,Beb318,20/05/2025 06:06
bcd511bb-5ef7-4b41-a971-aaf7b309d8ab,GAP_&_crop_management,Beb318,20/05/2025 06:06
dcde054f-71a6-44b9-adb1-9fc2d27b85e7,Comm._Partner_Registration,Beb319,20/05/2025 06:06
ce39d2b5-9058-4ea6-a7b6-e389af07e92d,"Group_formation,_and_dynamics_for_financial_inclusion",Beb319,20/05/2025 06:06
c27364e6-adac-486b-871b-40fd56043053,ICT_solutions_for_agriculture,Beb319,20/05/2025 06:06
a4f33626-7a56-4059-9b87-a0a1a041de2d,GAP_&_crop_management,Beb319,20/05/2025 06:06
da4242e8-527e-41e3-9ed0-c0721ea6347c,Comm._Partner_Registration,Beb320,20/05/2025 06:06
f86f934f-5e86-4a7a-9b96-bf33f2a26a6b,"Group_formation,_and_dynamics_for_financial_inclusion",Beb320,20/05/2025 06:06
6712537b-d069-495a-bdb1-d744427a0199,ICT_solutions_for_agriculture,Beb320,20/05/2025 06:07
85702a5f-46c9-416c-a22a-e3cc1c14b2a2,GAP_&_crop_management,Beb320,20/05/2025 06:07
52b62125-4fee-4400-9961-a2f73a5a1121,Comm._Partner_Registration,Beb321,20/05/2025 06:07
e76356c7-b052-4d4d-a75c-4f486b4b4ec9,"Group_formation,_and_dynamics_for_financial_inclusion",Beb321,20/05/2025 06:07
5cb31979-af6d-4304-b3e3-4fda466db04b,ICT_solutions_for_agriculture,Beb321,20/05/2025 06:07
f64e2cc5-bf12-4850-bc66-8f9ff1be3b5d,GAP_&_crop_management,Beb321,20/05/2025 06:07
5755b584-892e-4c17-a195-0d8e5cd4952d,Comm._Partner_Registration,Beb322,20/05/2025 06:07
cf7ee40f-5b8e-46e8-a806-efb427949a27,"Group_formation,_and_dynamics_for_financial_inclusion",Beb322,20/05/2025 06:07
386e33ca-9bbb-48f9-aa51-f2b2b2b50e45,ICT_solutions_for_agriculture,Beb322,20/05/2025 06:07
3f9c4f33-bcfb-4160-bbed-ba6d681a2496,GAP_&_crop_management,Beb322,20/05/2025 06:07
fc17768f-89b2-48a1-83e5-9f99bc1b5254,Comm._Partner_Registration,Beb323,20/05/2025 06:07
fdeaa67e-7b50-4b0d-8519-02547202b7f5,"Group_formation,_and_dynamics_for_financial_inclusion",Beb323,20/05/2025 06:07
aa122da5-f4c3-40a2-b000-b941c5b27757,ICT_solutions_for_agriculture,Beb323,20/05/2025 06:07
1eacc468-7819-4470-81fb-3cdf8cb80b0e,GAP_&_crop_management,Beb323,20/05/2025 06:07
efe34e1a-48eb-4ace-9932-bad4b883ed34,Comm._Partner_Registration,Beb324,20/05/2025 06:07
5162d2bb-e5c0-4b82-b032-9dcb28592375,"Group_formation,_and_dynamics_for_financial_inclusion",Beb324,20/05/2025 06:07
1dda1a04-73e4-4e10-8f49-33d583cf1a8a,ICT_solutions_for_agriculture,Beb324,20/05/2025 06:07
082212df-dda6-489b-a27b-262bf16e1004,GAP_&_crop_management,Beb324,20/05/2025 06:07
d3ab8ccc-c118-4d31-ac54-a1ac9b6ea398,Comm._Partner_Registration,Beb325,20/05/2025 06:07
6f768dcb-e637-455a-82d8-a5b2692a94c7,"Group_formation,_and_dynamics_for_financial_inclusion",Beb325,20/05/2025 06:07
5a45998c-aac3-48f7-9168-8fea4a06f284,ICT_solutions_for_agriculture,Beb325,20/05/2025 06:07
8353d4d1-ece2-4071-ad50-0a4a94a3c64c,GAP_&_crop_management,Beb325,20/05/2025 06:07
8e574503-804c-4d19-b546-d9d80a56610d,Comm._Partner_Registration,Beb326,20/05/2025 06:07
36655cce-0192-4da0-bcad-cbd5d950ad01,"Group_formation,_and_dynamics_for_financial_inclusion",Beb326,20/05/2025 06:07
b59e6ad3-2a77-4633-9103-211b719541e4,ICT_solutions_for_agriculture,Beb326,20/05/2025 06:07
48edecbc-88be-43d4-b8ca-f2420c5e5726,GAP_&_crop_management,Beb326,20/05/2025 06:07
3be7384b-3679-40d1-98e6-314360920c4c,Comm._Partner_Registration,Beb327,20/05/2025 06:07
0eb9bd58-fcb1-4777-a03e-aaac245da8d7,"Group_formation,_and_dynamics_for_financial_inclusion",Beb327,20/05/2025 06:07
1c7ed11c-f7be-427c-999e-9a6fd6bed5ca,ICT_solutions_for_agriculture,Beb327,20/05/2025 06:07
77541959-3655-4d5a-9018-287bbd345962,GAP_&_crop_management,Beb327,20/05/2025 06:07
e5d7e827-50a0-452c-9ce1-064e74967a94,Comm._Partner_Registration,Beb328,20/05/2025 06:07
c8f26365-e234-4452-8f2b-8dff89dabe0b,"Group_formation,_and_dynamics_for_financial_inclusion",Beb328,20/05/2025 06:07
519256c2-144c-4066-bf89-b10f99ca2d6f,ICT_solutions_for_agriculture,Beb328,20/05/2025 06:07
b80fd1f9-b92e-4006-bf90-0d84c885bf2d,GAP_&_crop_management,Beb328,20/05/2025 06:07
890137ca-661c-422c-b47c-f7e5f8b0b5ef,Comm._Partner_Registration,Beb329,20/05/2025 06:07
f0dcf9ac-b6d3-49c4-9363-612860715fea,"Group_formation,_and_dynamics_for_financial_inclusion",Beb329,20/05/2025 06:07
3348c88a-4f02-4dd9-8f20-7ab2b0cc2571,ICT_solutions_for_agriculture,Beb329,20/05/2025 06:07
353b44b6-5a87-4b45-8c13-4a40f337e405,GAP_&_crop_management,Beb329,20/05/2025 06:07
5c3d1980-27d0-4c60-a39c-365ccea6e11c,Comm._Partner_Registration,Beb330,20/05/2025 06:07
90dd0aae-546f-4641-a8af-875bf94bb75d,"Group_formation,_and_dynamics_for_financial_inclusion",Beb330,20/05/2025 06:07
e9843474-2fa4-4513-8cbf-5df916ed0fe4,ICT_solutions_for_agriculture,Beb330,20/05/2025 06:07
7e24b1e5-f2dd-4676-bd42-69fc7395b718,GAP_&_crop_management,Beb330,20/05/2025 06:07
3bf7b937-e5e9-4300-86fa-a35e961d775f,Comm._Partner_Registration,Beb331,20/05/2025 06:07
03479c61-2e2a-4cd7-bbc6-d2ff1f421196,"Group_formation,_and_dynamics_for_financial_inclusion",Beb331,20/05/2025 06:07
80e924ee-48bf-4fad-93ce-6b59fd9c8551,ICT_solutions_for_agriculture,Beb331,20/05/2025 06:07
f12ff352-7d3f-4bc6-a9ef-b5fe9cd3330d,Comm._Partner_Registration,Beb332,20/05/2025 06:07
bbb93974-ed49-4651-9ff1-48b3c6771060,"Group_formation,_and_dynamics_for_financial_inclusion",Beb332,20/05/2025 06:07
132c2447-f4d1-498f-bf2b-f1683aba56da,ICT_solutions_for_agriculture,Beb332,20/05/2025 06:07
c1817d93-421b-4109-87ac-07be9fa281cf,Comm._Partner_Registration,Beb333,20/05/2025 06:07
4503b9ca-c8e1-458d-bdf7-10620c019647,"Group_formation,_and_dynamics_for_financial_inclusion",Beb333,20/05/2025 06:07
8e8ce776-83f7-4ad4-90bd-f56c85babc13,ICT_solutions_for_agriculture,Beb333,20/05/2025 06:07
fb8c1870-4c6c-4116-a77e-a2d07c92676d,Comm._Partner_Registration,Beb334,20/05/2025 06:07
8053ab85-fcb0-4ef2-9409-f961ed88ce95,ICT_solutions_for_agriculture,Beb334,20/05/2025 06:07
8f5e3dba-a114-49ed-b7ce-c80f8e50f5f1,GAP_&_crop_management,Beb334,20/05/2025 06:07
d086c332-be33-45b2-b6e9-6e2d637a2bd3,Comm._Partner_Registration,Gar300,20/05/2025 06:07
deb6fba0-8c49-4588-8266-211df15f99a3,"Group_formation,_and_dynamics_for_financial_inclusion",Gar300,20/05/2025 06:07
f158aa8f-aabd-4c15-8c2a-5b17cd79b4a2,ICT_solutions_for_agriculture,Gar300,20/05/2025 06:07
02deb2ff-2017-49f0-b276-2468f809b1b1,GAP_&_crop_management,Gar300,20/05/2025 06:07
d00d216b-82b4-4163-a565-5ae02c821aaf,Comm._Partner_Registration,Gar302,20/05/2025 06:07
275af3a5-b66f-43d3-a84e-80a2dca8f388,"Group_formation,_and_dynamics_for_financial_inclusion",Gar302,20/05/2025 06:07
77cfbd19-2856-40fd-9622-86c961be6bc1,ICT_solutions_for_agriculture,Gar302,20/05/2025 06:07
a69cdddb-68e3-43ac-a7cc-8675a3ccea47,GAP_&_crop_management,Gar302,20/05/2025 06:07
fd57e798-7688-4cfa-8d66-96440f78a155,Comm._Partner_Registration,Gar303,20/05/2025 06:07
bcc9c58c-f955-4434-a98e-926f346edd50,"Group_formation,_and_dynamics_for_financial_inclusion",Gar303,20/05/2025 06:08
1a32cc86-0b77-420f-88a3-bdc93c7a8560,ICT_solutions_for_agriculture,Gar303,20/05/2025 06:08
4cd33429-b3dc-4874-bd2b-3299db0de52a,GAP_&_crop_management,Gar303,20/05/2025 06:08
1d10b0da-dc05-40b3-8e3c-9966f65bd42a,Comm._Partner_Registration,Gar304,20/05/2025 06:08
c98f6e9d-5d52-491d-afea-c5815b0189c4,"Group_formation,_and_dynamics_for_financial_inclusion",Gar304,20/05/2025 06:08
043e195b-cc5b-4afd-b35c-5beaec43099d,ICT_solutions_for_agriculture,Gar304,20/05/2025 06:08
689600af-3e47-4e23-b354-3b6639627515,GAP_&_crop_management,Gar304,20/05/2025 06:08
a7eac061-5d58-4734-a6a7-9c03def26451,Comm._Partner_Registration,Gar305,20/05/2025 06:08
aa0adba7-659c-4760-a175-c5a1fc584d07,"Group_formation,_and_dynamics_for_financial_inclusion",Gar305,20/05/2025 06:08
9cb9143e-7d3f-42eb-bb22-2980e9405231,ICT_solutions_for_agriculture,Gar305,20/05/2025 06:08
5ebcb4e2-e954-4251-b86d-11785e6ae172,GAP_&_crop_management,Gar305,20/05/2025 06:08
9ae35525-bd9a-4fbd-b594-2623a234e75d,Comm._Partner_Registration,Kir300,20/05/2025 06:08
b06971e3-0ba7-4662-bff3-e5fabf86f341,"Group_formation,_and_dynamics_for_financial_inclusion",Kir300,20/05/2025 06:08
18b0925a-9b24-4d81-a292-6de58e5fd25b,ICT_solutions_for_agriculture,Kir300,20/05/2025 06:08
1a8d27af-83f0-459e-8cfb-17ea03797fdd,GAP_&_crop_management,Kir300,20/05/2025 06:08
427a1fba-6f5d-47b2-8a0f-c25a820d6a42,Comm._Partner_Registration,Kir301,20/05/2025 06:08
5a16d925-2933-4aeb-aca0-aea5d76e9162,"Group_formation,_and_dynamics_for_financial_inclusion",Kir301,20/05/2025 06:08
f597fc18-55b2-4fdf-a9d3-a2a93a9e0709,ICT_solutions_for_agriculture,Kir301,20/05/2025 06:08
fe89b4a2-fb36-4eb6-9327-2db3107ffae1,GAP_&_crop_management,Kir301,20/05/2025 06:08
f63f0a52-24ee-4b7a-961b-52f1485e1f45,Comm._Partner_Registration,Kir302,20/05/2025 06:08
5c044f79-6fe3-40dc-aec1-87f0b2bbaa6e,"Group_formation,_and_dynamics_for_financial_inclusion",Kir302,20/05/2025 06:08
b29ef712-cfd8-4c20-a700-af05ff7eb0c1,ICT_solutions_for_agriculture,Kir302,20/05/2025 06:08
c4d66397-26eb-494a-872c-c1b5f316007d,GAP_&_crop_management,Kir302,20/05/2025 06:08
8c7b0d60-5458-4d29-a87c-2dac01e4083b,Comm._Partner_Registration,Kir303,20/05/2025 06:08
29100370-2b09-4e11-a4c8-65dd1eda7db3,"Group_formation,_and_dynamics_for_financial_inclusion",Kir303,20/05/2025 06:08
b3974057-de70-4ac1-81ac-a4f2da330ac7,ICT_solutions_for_agriculture,Kir303,20/05/2025 06:08
2377fd52-e296-41c7-bf0c-2bed730604e6,GAP_&_crop_management,Kir303,20/05/2025 06:08
923ac1b0-2780-4b18-bec5-0f10ebaebee1,Comm._Partner_Registration,Kir304,20/05/2025 06:08
c33daea3-4ed4-4635-81dd-65581eeb397c,"Group_formation,_and_dynamics_for_financial_inclusion",Kir304,20/05/2025 06:08
17c94329-1a53-4009-9440-d8407188fdc7,ICT_solutions_for_agriculture,Kir304,20/05/2025 06:08
caf0ef88-1931-4439-acc2-770d3072f142,GAP_&_crop_management,Kir304,20/05/2025 06:08
23d38627-447e-4fdb-8ff4-b47fe560cd28,Comm._Partner_Registration,Kir305,20/05/2025 06:08
7674e3bf-7ea1-4939-8692-d5f7be8519a6,"Group_formation,_and_dynamics_for_financial_inclusion",Kir305,20/05/2025 06:08
e3633d09-e90c-4d7f-84d3-44c4bec3b416,ICT_solutions_for_agriculture,Kir305,20/05/2025 06:08
a3c40485-5b01-4a03-8b23-2d518017760d,GAP_&_crop_management,Kir305,20/05/2025 06:08
ea07749c-92bd-41a0-a8d3-403928eab751,Comm._Partner_Registration,Kir306,20/05/2025 06:08
fe56750a-c702-4cd3-85d9-88f2f4b746b8,"Group_formation,_and_dynamics_for_financial_inclusion",Kir306,20/05/2025 06:08
ab299f6c-d12b-4f9c-8f4c-852165103ac1,ICT_solutions_for_agriculture,Kir306,20/05/2025 06:08
b2701a30-8b92-4f0c-9c37-5082799185c4,GAP_&_crop_management,Kir306,20/05/2025 06:08
e07c9e10-8d9f-46c8-a638-a61e03f6a1be,Comm._Partner_Registration,Kir307,20/05/2025 06:08
43ea53c7-653d-4f9a-9220-2b73750d4dba,"Group_formation,_and_dynamics_for_financial_inclusion",Kir307,20/05/2025 06:08
f9d9fa0a-23b2-4cc6-9294-fae11cad00dc,ICT_solutions_for_agriculture,Kir307,20/05/2025 06:08
4a0bea78-3ab6-4601-a805-84951a558bf3,GAP_&_crop_management,Kir307,20/05/2025 06:08
2d6e6bd3-ebff-46fc-8020-55fe7c7f4f0d,Comm._Partner_Registration,Kir308,20/05/2025 06:08
66f23dec-954b-40ee-bf86-4a7e9af70648,"Group_formation,_and_dynamics_for_financial_inclusion",Kir308,20/05/2025 06:08
585105cd-d095-45a1-b88e-e3f09bca5bfd,ICT_solutions_for_agriculture,Kir308,20/05/2025 06:08
27dec368-ee48-45ef-9404-d6bf15a5dca3,GAP_&_crop_management,Kir308,20/05/2025 06:08
57faf491-4021-4964-b186-af1b528e3076,Comm._Partner_Registration,Kir309,20/05/2025 06:08
9f33ab7a-a2fd-443b-8e8e-c3d30d569f8d,"Group_formation,_and_dynamics_for_financial_inclusion",Kir309,20/05/2025 06:08
741ebfe7-2733-488e-8f5d-ba8c22655b24,ICT_solutions_for_agriculture,Kir309,20/05/2025 06:08
b3de1768-bf08-419e-a8f4-d1f1936037af,GAP_&_crop_management,Kir309,20/05/2025 06:08
1fafd478-eda8-40e2-ad44-8a4e04def0e9,Comm._Partner_Registration,Kur300,20/05/2025 06:08
d68d3a22-1039-4cb8-b02d-32ec2a9c71e8,"Group_formation,_and_dynamics_for_financial_inclusion",Kur300,20/05/2025 06:08
09d6f6fa-f966-4c95-87df-d9addaaad853,ICT_solutions_for_agriculture,Kur300,20/05/2025 06:08
4a524e43-3611-4bf9-9018-cb0196b02db8,GAP_&_crop_management,Kur300,20/05/2025 06:08
cd021ea2-3c7e-4603-a102-28538956b343,Comm._Partner_Registration,Kur301,20/05/2025 06:08
3ca3865d-9dc9-40e5-9fe1-83ceb08bd4ae,"Group_formation,_and_dynamics_for_financial_inclusion",Kur301,20/05/2025 06:08
2537ebe3-65da-4935-b20c-699c79e73546,ICT_solutions_for_agriculture,Kur301,20/05/2025 06:08
a1ab1c12-4342-473f-9f22-06447d29adda,GAP_&_crop_management,Kur301,20/05/2025 06:08
e2efcbed-6014-430f-b978-3a0023ccf1a3,Comm._Partner_Registration,Kur302,20/05/2025 06:08
f08aa03b-540a-4802-86ed-2348e3e2eee1,"Group_formation,_and_dynamics_for_financial_inclusion",Kur302,20/05/2025 06:08
a5912f46-7cd7-4867-a8d4-9769f5373165,ICT_solutions_for_agriculture,Kur302,20/05/2025 06:08
798a7ff6-2933-477c-b302-c0a10dccc247,GAP_&_crop_management,Kur302,20/05/2025 06:08
18821a27-a847-4101-aff6-4e17f03233ca,Comm._Partner_Registration,Kur303,20/05/2025 06:08
0b862f8e-c7c4-4abd-aa50-eff01c04f39f,"Group_formation,_and_dynamics_for_financial_inclusion",Kur303,20/05/2025 06:09
5815e4dd-6445-4503-8dcd-ba616d39ec2f,ICT_solutions_for_agriculture,Kur303,20/05/2025 06:09
28125c35-a1b5-4adc-bd36-4a2d87db6240,GAP_&_crop_management,Kur303,20/05/2025 06:09
0ede8028-46b9-4be2-8514-017b198a2492,Comm._Partner_Registration,Kur304,20/05/2025 06:09
d987c2b9-f4c1-45c3-be62-d5df07e42eb3,"Group_formation,_and_dynamics_for_financial_inclusion",Kur304,20/05/2025 06:09
5ef1d1e3-b77f-4528-94e0-2724d88443b7,ICT_solutions_for_agriculture,Kur304,20/05/2025 06:09
1ecb6c33-d179-4d1e-8b72-c33ccf8c239c,GAP_&_crop_management,Kur304,20/05/2025 06:09
d21608c9-adbc-4613-b89a-02473b4fda74,Comm._Partner_Registration,Kur305,20/05/2025 06:09
51c27854-fbba-4791-b4e0-2ef0267a2143,"Group_formation,_and_dynamics_for_financial_inclusion",Kur305,20/05/2025 06:09
0e6b5f0d-e46b-4ec7-8b35-6860fc37ce8f,ICT_solutions_for_agriculture,Kur305,20/05/2025 06:09
3e970498-6be7-4e2f-a9b5-13a063a5840f,GAP_&_crop_management,Kur305,20/05/2025 06:09
c83e7930-ba2a-4839-b389-ce3cab5f28e6,Comm._Partner_Registration,Kur306,20/05/2025 06:09
f37ac77b-41c9-4293-9fe0-7b1a90ba45ed,"Group_formation,_and_dynamics_for_financial_inclusion",Kur306,20/05/2025 06:09
29c417ba-66f9-44f0-8017-b9df7638edf6,ICT_solutions_for_agriculture,Kur306,20/05/2025 06:09
f1ca6c0d-e94d-4181-bb97-4d99fe6acfa7,GAP_&_crop_management,Kur306,20/05/2025 06:09
726e695a-5784-41a0-9ff4-3d503b39c8b5,Comm._Partner_Registration,Kur307,20/05/2025 06:09
e80d2065-d44a-4d83-b9dc-46ec9d62a111,"Group_formation,_and_dynamics_for_financial_inclusion",Kur307,20/05/2025 06:09
3a240e9b-d350-4b80-88c2-9d7d75d3045b,ICT_solutions_for_agriculture,Kur307,20/05/2025 06:09
1eb2adc4-311e-4362-bf2f-7ac2a5298c5e,GAP_&_crop_management,Kur307,20/05/2025 06:09
837a8a8a-f4aa-410c-9e14-7c2c9f5614cb,Comm._Partner_Registration,Kur308,20/05/2025 06:09
95e1012b-fcad-4722-b0ff-6b8b4a83b2a5,"Group_formation,_and_dynamics_for_financial_inclusion",Kur308,20/05/2025 06:09
7b4a775f-2995-452d-beed-e9112a747171,ICT_solutions_for_agriculture,Kur308,20/05/2025 06:09
6c77782f-1575-4eba-908e-8f6de065e86d,GAP_&_crop_management,Kur308,20/05/2025 06:09
5aedabec-4cc3-492a-8c6a-bee03a40512e,Comm._Partner_Registration,Kur309,20/05/2025 06:09
d3d46b62-dcab-4fd3-8e06-bfeba71ec841,"Group_formation,_and_dynamics_for_financial_inclusion",Kur309,20/05/2025 06:09
70779be7-db17-41e2-bf22-3a2a0be9cc1d,ICT_solutions_for_agriculture,Kur309,20/05/2025 06:09
0ca80a66-8fb0-4a1b-b54e-c0affc5cb101,GAP_&_crop_management,Kur309,20/05/2025 06:09
6f6962bb-c514-4bf9-a054-1a9a1f4350e6,Comm._Partner_Registration,Kur310,20/05/2025 06:09
152f09e2-7554-4051-8502-6183abab6205,"Group_formation,_and_dynamics_for_financial_inclusion",Kur310,20/05/2025 06:09
a0509715-73ac-490f-92e2-de04b046a462,ICT_solutions_for_agriculture,Kur310,20/05/2025 06:09
c83562e4-6ed8-4360-855f-be65ba724550,GAP_&_crop_management,Kur310,20/05/2025 06:09
7dec990f-12d9-4e5b-b8eb-f6678c94d35a,Comm._Partner_Registration,Kur311,20/05/2025 06:09
c9fc131d-b052-4743-8352-d6fd885b9b82,"Group_formation,_and_dynamics_for_financial_inclusion",Kur311,20/05/2025 06:09
ac711748-b9f2-4c20-a173-efe52d9a521f,ICT_solutions_for_agriculture,Kur311,20/05/2025 06:09
0fd8df42-bf27-42b1-95df-151fa619e183,GAP_&_crop_management,Kur311,20/05/2025 06:09
8a20d0ca-2178-4bd0-8ec0-a460a718de8e,Comm._Partner_Registration,Kur312,20/05/2025 06:09
8cc7e677-79c3-4c73-b441-ad543207c1ef,"Group_formation,_and_dynamics_for_financial_inclusion",Kur312,20/05/2025 06:09
51412515-25d2-49a7-a17c-d3e27bc47171,ICT_solutions_for_agriculture,Kur312,20/05/2025 06:09
d3257c9c-c153-4017-8941-8abc7547ed59,GAP_&_crop_management,Kur312,20/05/2025 06:09
fd18cedb-a0a5-455c-9e7b-87523216486f,Comm._Partner_Registration,Kur313,20/05/2025 06:09
6bc5f679-5d24-4b39-8e9f-ab188cdaa9f9,"Group_formation,_and_dynamics_for_financial_inclusion",Kur313,20/05/2025 06:09
43a5545b-fe95-44fa-a68a-758d6e95933a,ICT_solutions_for_agriculture,Kur313,20/05/2025 06:09
8c62ea34-c911-4a19-8e1c-196e6ef286d8,GAP_&_crop_management,Kur313,20/05/2025 06:09
9abeee8f-750b-4a9f-9aa9-48c083725766,Comm._Partner_Registration,Kur314,20/05/2025 06:09
2de5dfeb-5ec2-435b-bad1-1ce49d8fde47,"Group_formation,_and_dynamics_for_financial_inclusion",Kur314,20/05/2025 06:09
a97224ad-0825-4fc1-938d-ae50199054a9,ICT_solutions_for_agriculture,Kur314,20/05/2025 06:09
6517a262-9d98-4218-9511-e73ff2667b11,GAP_&_crop_management,Kur314,20/05/2025 06:09
fff4bdc3-7e11-4286-abb8-22be70bd27c0,Comm._Partner_Registration,Kur315,20/05/2025 06:09
cc5ea26e-85b6-4f44-9389-994edc87b4e7,"Group_formation,_and_dynamics_for_financial_inclusion",Kur315,20/05/2025 06:09
1f6eaa99-eb71-4769-b6a8-0c88c2e6f9df,ICT_solutions_for_agriculture,Kur315,20/05/2025 06:09
f71a07f7-7982-4c9c-a65a-11b463823c7a,GAP_&_crop_management,Kur315,20/05/2025 06:09
ee976b79-9ff6-4733-99e0-d514d57927f1,Comm._Partner_Registration,Kur316,20/05/2025 06:09
4aea2a6e-9b2c-4229-b732-f1e62d5c784f,"Group_formation,_and_dynamics_for_financial_inclusion",Kur316,20/05/2025 06:09
16db8596-f6a9-4c6a-9b0d-5268cba12fa4,ICT_solutions_for_agriculture,Kur316,20/05/2025 06:09
d52f3ecb-1d6e-42f6-bb73-945aa79154cb,GAP_&_crop_management,Kur316,20/05/2025 06:09
163a9ee0-92e6-4bf7-9f0a-4db8adc40a78,Comm._Partner_Registration,Kur317,20/05/2025 06:09
ef7a7ba1-80dc-45c6-8054-23e117994c04,"Group_formation,_and_dynamics_for_financial_inclusion",Kur317,20/05/2025 06:09
4cc30dac-7617-433b-8a57-d90f70ae0163,Processing_and_Packaging,Kur317,20/05/2025 06:09
744e7f3a-b8e7-4414-a3c8-69c3879e6ae0,ICT_solutions_for_agriculture,Kur317,20/05/2025 06:09
96eec3ab-5422-443d-87da-50269be551b6,GAP_&_crop_management,Kur317,20/05/2025 06:09
320a4869-cbea-49a1-9b3b-1623eb7d29f3,Comm._Partner_Registration,Kur318,20/05/2025 06:09
8bf7444f-4280-4ddb-9eaa-5ccf27e10918,"Group_formation,_and_dynamics_for_financial_inclusion",Kur318,20/05/2025 06:09
b7940b96-5fbc-448c-8a9b-7935b5b9ebb3,ICT_solutions_for_agriculture,Kur318,20/05/2025 06:09
c18598fb-0dbd-4de9-8f8f-d80e64f71471,GAP_&_crop_management,Kur318,20/05/2025 06:10
14fe6ed0-0126-49de-a94c-b3f4b51b1a4a,Comm._Partner_Registration,Kur319,20/05/2025 06:10
ae76085a-4017-4ab8-9e08-fd30f6f57c1c,"Group_formation,_and_dynamics_for_financial_inclusion",Kur319,20/05/2025 06:10
4aaff039-e31a-41a6-a6fd-e37509bbb2e5,ICT_solutions_for_agriculture,Kur319,20/05/2025 06:10
8708f9d5-d90c-4543-87b7-020b13dabe69,GAP_&_crop_management,Kur319,20/05/2025 06:10
f5bcef2c-10a6-47d7-aa01-e800696246af,Comm._Partner_Registration,Kur320,20/05/2025 06:10
43910807-4c49-406b-830f-536bc9ea5bfb,"Group_formation,_and_dynamics_for_financial_inclusion",Kur320,20/05/2025 06:10
23184b33-cd29-41d9-b22c-b4fe476e2769,ICT_solutions_for_agriculture,Kur320,20/05/2025 06:10
1f64a21b-031a-4af3-9447-00a06f06de17,GAP_&_crop_management,Kur320,20/05/2025 06:10
2d46518e-6ea3-4222-b8bc-d47bccff419b,Comm._Partner_Registration,Kur321,20/05/2025 06:10
4071bbb3-3b94-4eae-9aaa-8d689f4b3e35,"Group_formation,_and_dynamics_for_financial_inclusion",Kur321,20/05/2025 06:10
fc810660-9229-4b16-88c3-b8ef4d5688a3,ICT_solutions_for_agriculture,Kur321,20/05/2025 06:10
2acf449a-bb55-4cd1-b9bd-9a819e240f62,GAP_&_crop_management,Kur321,20/05/2025 06:10
49dbe1dc-d3a0-47c5-b572-d325f7abb354,Comm._Partner_Registration,Kur322,20/05/2025 06:10
286b6d4a-a2ca-4846-a738-fe5f2e576ebd,"Group_formation,_and_dynamics_for_financial_inclusion",Kur322,20/05/2025 06:10
3ff38797-ca34-4a83-8bff-cf08735253db,ICT_solutions_for_agriculture,Kur322,20/05/2025 06:10
2f3375e2-a444-4371-9132-e83b11c2a9c0,GAP_&_crop_management,Kur322,20/05/2025 06:10
8b2f93a5-20eb-40a7-b55d-55c5884e17b2,Comm._Partner_Registration,Kur323,20/05/2025 06:10
d1c02242-194c-4880-aa0a-8cf588ec4410,"Group_formation,_and_dynamics_for_financial_inclusion",Kur323,20/05/2025 06:10
1ce8b6c7-ce9b-4081-b82c-bea90fc8cbdb,ICT_solutions_for_agriculture,Kur323,20/05/2025 06:10
8ddd7a6b-1996-4657-807c-e53620678e3e,GAP_&_crop_management,Kur323,20/05/2025 06:10
0828c2b2-bb56-424b-a0e6-56764ef62bed,Comm._Partner_Registration,Kur324,20/05/2025 06:10
ce0c4761-859e-4cd2-86d9-f3ad0123f2b3,"Group_formation,_and_dynamics_for_financial_inclusion",Kur324,20/05/2025 06:10
4641b627-37f4-4487-8303-8fc2db9476fc,ICT_solutions_for_agriculture,Kur324,20/05/2025 06:10
c6a718a1-d9da-4b2d-abdb-e488e92b363c,GAP_&_crop_management,Kur324,20/05/2025 06:10
ddc640af-11f8-4e62-b4c6-8b270bcdc978,Comm._Partner_Registration,Kur325,20/05/2025 06:10
673d7000-ad34-449f-b962-78d890d5ac88,"Group_formation,_and_dynamics_for_financial_inclusion",Kur325,20/05/2025 06:10
249c0f23-55ab-471f-aa2f-86aba66ea2b6,ICT_solutions_for_agriculture,Kur325,20/05/2025 06:10
3cc008bc-5e0c-40ef-a71f-24bc392870d1,GAP_&_crop_management,Kur325,20/05/2025 06:10
97968586-d3be-4a50-a839-1b9fc848073c,Comm._Partner_Registration,Kur26,20/05/2025 06:10
46092be5-96e3-40f6-b16f-c1b03ccc801f,"Group_formation,_and_dynamics_for_financial_inclusion",Kur26,20/05/2025 06:10
92207555-aaf1-49b7-8af0-7ca6080cabf4,ICT_solutions_for_agriculture,Kur26,20/05/2025 06:10
85145822-04d3-4cca-b9e0-55e384c2b679,GAP_&_crop_management,Kur26,20/05/2025 06:10
6d012771-dee5-4964-a00f-de8f71795d10,Comm._Partner_Registration,Kur327,20/05/2025 06:10
d29c2f38-b3d6-48d8-9806-4677e7314cdb,"Group_formation,_and_dynamics_for_financial_inclusion",Kur327,20/05/2025 06:10
9152224f-c8a8-46f4-be20-653612e46f13,ICT_solutions_for_agriculture,Kur327,20/05/2025 06:10
2b2a40fd-9b92-4ec1-a71f-fa06fae2e535,GAP_&_crop_management,Kur327,20/05/2025 06:10
7398d1d9-04ed-423d-823a-6aa796a17766,Comm._Partner_Registration,Kur328,20/05/2025 06:10
4e77873b-3c30-4293-97ac-e44d7506c3f4,"Group_formation,_and_dynamics_for_financial_inclusion",Kur328,20/05/2025 06:10
4ba63ec0-0b19-4b6a-b875-a39393c010b7,ICT_solutions_for_agriculture,Kur328,20/05/2025 06:10
48590c52-be41-44cc-83e0-bd4e642aec96,GAP_&_crop_management,Kur328,20/05/2025 06:10
c635831e-0393-4109-b9a0-d0d4a6e1969d,Comm._Partner_Registration,Kur329,20/05/2025 06:10
89d4e561-61a8-4a93-aca9-45682c168c7c,"Group_formation,_and_dynamics_for_financial_inclusion",Kur329,20/05/2025 06:10
10596cd0-468f-4f58-995f-f97d2df29f18,ICT_solutions_for_agriculture,Kur329,20/05/2025 06:10
a622656e-1805-43aa-9519-5c54a2328ef8,GAP_&_crop_management,Kur329,20/05/2025 06:10
4f93f5ae-9323-44b8-b615-8a1e8faf9a5c,Comm._Partner_Registration,Kur330,20/05/2025 06:10
47a1d084-9935-4cbf-8680-a965df0963fa,"Group_formation,_and_dynamics_for_financial_inclusion",Kur330,20/05/2025 06:10
73629e35-e9b0-465b-8c36-93832de671f9,ICT_solutions_for_agriculture,Kur330,20/05/2025 06:10
5fb7eaad-1403-495e-8284-8e79a3c6ce0d,GAP_&_crop_management,Kur330,20/05/2025 06:10
ec956429-4a74-45c9-9ea7-0cb777226cfe,Comm._Partner_Registration,Kur331,20/05/2025 06:10
9f74b5e1-4d8c-4a8d-a89b-3897850e4879,"Group_formation,_and_dynamics_for_financial_inclusion",Kur331,20/05/2025 06:10
5d7132d0-b1ee-416e-8e15-ca57457fdaa8,ICT_solutions_for_agriculture,Kur331,20/05/2025 06:10
ed5c6411-c7f8-4488-9f6d-ddef580e02b3,GAP_&_crop_management,Kur331,20/05/2025 06:10
3b5d38b3-07ef-44eb-a198-af6319497664,Comm._Partner_Registration,Rim300,20/05/2025 06:10
4d1e6cf3-a5f1-4ca8-b510-3e446a212833,"Group_formation,_and_dynamics_for_financial_inclusion",Rim300,20/05/2025 06:10
fec97dae-6f60-4269-bb7d-59732c585f72,ICT_solutions_for_agriculture,Rim300,20/05/2025 06:10
4aafaeeb-97c2-463d-a222-61d69a23a5b2,GAP_&_crop_management,Rim300,20/05/2025 06:10
c18d8b97-6d00-48ea-afec-a9b837aee732,Comm._Partner_Registration,Rim301,20/05/2025 06:10
af42eb2d-888a-46df-b349-56847f08bf85,"Group_formation,_and_dynamics_for_financial_inclusion",Rim301,20/05/2025 06:10
248f26ba-48f5-463e-a183-5eef5f2926de,ICT_solutions_for_agriculture,Rim301,20/05/2025 06:10
7ca71ead-1d13-4196-a272-3b6c41424e58,GAP_&_crop_management,Rim301,20/05/2025 06:10
6e46abc7-814e-4c67-a992-74b74bb9fa89,Comm._Partner_Registration,Rim302,20/05/2025 06:11
e1f703ef-89d3-45e2-9f04-dc310c10c857,"Group_formation,_and_dynamics_for_financial_inclusion",Rim302,20/05/2025 06:11
d1d03d0c-e03b-41e4-bd16-22450bf57c8f,ICT_solutions_for_agriculture,Rim302,20/05/2025 06:11
59981812-733e-41d0-896f-18d908c4b343,GAP_&_crop_management,Rim302,20/05/2025 06:11
34626a79-4edc-450e-a685-c42377fdeb3f,Comm._Partner_Registration,Rim303,20/05/2025 06:11
1ec8d133-c202-4910-9c68-d4fd5f0290f2,"Group_formation,_and_dynamics_for_financial_inclusion",Rim303,20/05/2025 06:11
7981fe53-32cd-41e4-9bbd-8024d59e6eb4,ICT_solutions_for_agriculture,Rim303,20/05/2025 06:11
2a30c2de-dda5-4040-bbb4-b8bdb368927f,GAP_&_crop_management,Rim303,20/05/2025 06:11
753d3078-2ed2-4987-bd62-e1839b9734ee,Comm._Partner_Registration,Rim304,20/05/2025 06:11
85483554-9221-49fe-961b-64be4246b5f4,"Group_formation,_and_dynamics_for_financial_inclusion",Rim304,20/05/2025 06:11
41c09235-af48-4a5b-8a26-51f55f6427f2,ICT_solutions_for_agriculture,Rim304,20/05/2025 06:11
42e1ab2b-6d67-4eaf-a603-d11a7c8074b8,GAP_&_crop_management,Rim304,20/05/2025 06:11
a4ca1fc2-a51f-4635-9537-6df94b8ed505,Comm._Partner_Registration,Rim305,20/05/2025 06:11
197f1845-f4ee-4e57-9a80-74bb9d9f5b57,"Group_formation,_and_dynamics_for_financial_inclusion",Rim305,20/05/2025 06:11
cab6e74d-c8b8-4fa2-8bfe-8f3ec833015b,ICT_solutions_for_agriculture,Rim305,20/05/2025 06:11
e81fc06e-15a8-4fe3-bf05-6460fa9a84c9,GAP_&_crop_management,Rim305,20/05/2025 06:11
8523fe10-ea42-4798-92f4-3edc9697b3a8,Comm._Partner_Registration,Rim306,20/05/2025 06:11
9c9b5879-08da-4e86-b025-fcbf36b9a0cf,"Group_formation,_and_dynamics_for_financial_inclusion",Rim306,20/05/2025 06:11
8c2c8c90-9ddf-4f6c-a056-be20625e752c,ICT_solutions_for_agriculture,Rim306,20/05/2025 06:11
e41b61b8-3034-4c91-974e-1b0ac1116d71,GAP_&_crop_management,Rim306,20/05/2025 06:11
6f18cd7d-3622-42c2-9a6d-675bd0e930c8,Comm._Partner_Registration,Rim307,20/05/2025 06:11
b76c3202-8916-4917-b160-d382a6e59816,"Group_formation,_and_dynamics_for_financial_inclusion",Rim307,20/05/2025 06:11
6a5f44a8-aa02-4f8b-9569-789ff06aa3d8,ICT_solutions_for_agriculture,Rim307,20/05/2025 06:11
8253cc8e-5c0c-4635-b164-7e07140634eb,GAP_&_crop_management,Rim307,20/05/2025 06:11
af64ed73-da85-41c0-851d-d3c6cb0c98cc,Comm._Partner_Registration,Rim308,20/05/2025 06:11
86fecd5a-c356-4717-950d-13439130d158,"Group_formation,_and_dynamics_for_financial_inclusion",Rim308,20/05/2025 06:11
e0d236e1-ebb2-44ee-866a-8993b43e1e06,ICT_solutions_for_agriculture,Rim308,20/05/2025 06:11
a6b492b7-936c-4907-8cc8-ed7f11ada8bf,GAP_&_crop_management,Rim308,20/05/2025 06:11
0049a644-43d3-495c-9fb4-ae9b4c33d179,Comm._Partner_Registration,Rim309,20/05/2025 06:11
985a69ad-7767-40a6-8b57-b26f3ab4f2c6,"Group_formation,_and_dynamics_for_financial_inclusion",Rim309,20/05/2025 06:11
4b65f8f5-9365-4932-bd71-049cf323697f,GAP_&_crop_management,Rim309,20/05/2025 06:11
ae2c8901-a4f6-402c-985e-9e1e275a4f7f,ICT_solutions_for_agriculture,Rim309,20/05/2025 06:11
fcf7c919-f5f0-4d96-83e9-b5d7085875e4,GAP_&_crop_management,Rim309,20/05/2025 06:11
73c8ff4d-47b7-4395-89af-0ad82e84127b,"Group_formation,_and_dynamics_for_financial_inclusion",Rim309,20/05/2025 06:11
57763f0a-dbef-4dd5-8436-a0d790a7d6b3,Comm._Partner_Registration,Rim310,20/05/2025 06:11
119b5cb6-6e3a-4572-ad5a-beb45787a351,"Group_formation,_and_dynamics_for_financial_inclusion",Rim310,20/05/2025 06:11
8e312596-b667-434d-bf24-3874548677cc,ICT_solutions_for_agriculture,Rim310,20/05/2025 06:11
7c568bcc-e01c-4f97-9dbc-383db6e9cc33,GAP_&_crop_management,Rim310,20/05/2025 06:11
7251e7fc-a322-4fb3-b759-9587729f1990,Comm._Partner_Registration,Tun300,20/05/2025 06:11
d61c9a48-c858-46d9-b3d4-86e108b72271,"Group_formation,_and_dynamics_for_financial_inclusion",Tun300,20/05/2025 06:11
0f43c67c-524d-4281-97c9-828eed74ffec,ICT_solutions_for_agriculture,Tun300,20/05/2025 06:11
88c553c0-430d-4655-8c44-b0ff16db8e74,GAP_&_crop_management,Tun300,20/05/2025 06:11
d2308fa6-f1b1-4e1e-a2b8-c51c8128c6c3,Comm._Partner_Registration,Tun301,20/05/2025 06:11
608216ee-a408-4ec5-a774-77102a12d381,"Group_formation,_and_dynamics_for_financial_inclusion",Tun301,20/05/2025 06:11
c96f55a1-42f6-475d-a3d3-76bded937263,ICT_solutions_for_agriculture,Tun301,20/05/2025 06:11
e9d39cca-b3d1-4a2f-8d92-e26b9811c862,GAP_&_crop_management,Tun301,20/05/2025 06:11
3b583ebb-c3d0-4137-911b-c98ded1aca6a,Comm._Partner_Registration,Tun302,20/05/2025 06:11
41758cff-9ede-4eab-ad60-2e6b47b94785,"Group_formation,_and_dynamics_for_financial_inclusion",Tun302,20/05/2025 06:11
0358ba5e-8d3c-4dd1-8578-707ef6b827e1,ICT_solutions_for_agriculture,Tun302,20/05/2025 06:11
5bbaaf76-0712-43de-a5f1-071e1e711a22,GAP_&_crop_management,Tun302,20/05/2025 06:11
74da0c0d-9098-49c0-b959-5d865edc6db9,Comm._Partner_Registration,Tun303,20/05/2025 06:11
f0a400c2-d5ea-49c9-ae33-9636bc10bbe0,"Group_formation,_and_dynamics_for_financial_inclusion",Tun303,20/05/2025 06:11
7a069747-e01f-437b-acd6-a8247c921177,ICT_solutions_for_agriculture,Tun303,20/05/2025 06:11
297a3400-df14-4dfc-9e1a-25bb60c0fde3,GAP_&_crop_management,Tun303,20/05/2025 06:11
5707e691-2a8c-467a-8d52-d613dd408e43,Comm._Partner_Registration,Tun304,20/05/2025 06:11
a4d223fb-82c5-4f71-8269-ca070f208435,"Group_formation,_and_dynamics_for_financial_inclusion",Tun304,20/05/2025 06:11
b8e6a9fc-3dac-44d1-9da2-bed8d5c18834,ICT_solutions_for_agriculture,Tun304,20/05/2025 06:11
ec04754e-469d-4b0b-baa8-a16049ac958a,GAP_&_crop_management,Tun304,20/05/2025 06:11
4307fa46-9eea-4a39-8569-57303c692350,Comm._Partner_Registration,Tun305,20/05/2025 06:11
e2c275bf-2af4-45e0-a56e-dc3e52daf28d,"Group_formation,_and_dynamics_for_financial_inclusion",Tun305,20/05/2025 06:11
fe9dddd8-78fb-432f-8e78-303c437110a3,ICT_solutions_for_agriculture,Tun305,20/05/2025 06:11
99dc0d02-e374-42f2-8982-250322b2b9ee,GAP_&_crop_management,Tun305,20/05/2025 06:11
c4b2e752-3570-4959-a5cb-dd6d3f7a4e7a,Comm._Partner_Registration,Tun306,20/05/2025 06:11
e10295db-1401-49d6-83b5-7e217d935168,"Group_formation,_and_dynamics_for_financial_inclusion",Tun306,20/05/2025 06:11
0f6d9b6e-8278-41c8-921f-6a72e2bd8592,ICT_solutions_for_agriculture,Tun306,20/05/2025 06:12
23aed461-1e42-4206-8835-5e4a7c6b2831,GAP_&_crop_management,Tun306,20/05/2025 06:12
ae773048-c7ce-4bf5-ac52-c2e1f85f237f,Comm._Partner_Registration,Tun307,20/05/2025 06:12
19529976-81b3-424c-9d7a-f6036b54bce3,"Group_formation,_and_dynamics_for_financial_inclusion",Tun307,20/05/2025 06:12
b70c9175-da97-4b7a-be3b-0399bc0dc7a8,ICT_solutions_for_agriculture,Tun307,20/05/2025 06:12
51fe7b14-b125-4177-ad5b-92d4d9d90370,GAP_&_crop_management,Tun307,20/05/2025 06:12
f464ee7b-eae1-41f5-980f-f48af88c7d26,Comm._Partner_Registration,Tun308,20/05/2025 06:12
2614951a-fcd4-4445-9418-a34279403158,"Group_formation,_and_dynamics_for_financial_inclusion",Tun308,20/05/2025 06:12
41f65400-94ac-491c-8379-ca734cb384c7,ICT_solutions_for_agriculture,Tun308,20/05/2025 06:12
64ec44d6-b340-4f6f-aeb3-b0dff953fb34,GAP_&_crop_management,Tun308,20/05/2025 06:12
1311129e-025d-4e48-83b0-2ff3ef6f73fe,Comm._Partner_Registration,Tun309,20/05/2025 06:12
d058940c-a106-4f05-9290-cfdf998a0da8,"Group_formation,_and_dynamics_for_financial_inclusion",Tun309,20/05/2025 06:12
e502c959-7484-4670-808a-322b6c4c59a6,ICT_solutions_for_agriculture,Tun309,20/05/2025 06:12
e9987818-7e1d-4334-ab1e-53245073f656,GAP_&_crop_management,Tun309,20/05/2025 06:12
89e039ea-ed1d-4ff2-84fd-ec641ad4d4b2,Comm._Partner_Registration,Tun310,20/05/2025 06:12
00a3d4aa-d42e-4b76-9e69-39cef9cff233,"Group_formation,_and_dynamics_for_financial_inclusion",Tun310,20/05/2025 06:12
6da79f19-5ad3-43e4-a8f2-a55662c8d2cd,ICT_solutions_for_agriculture,Tun310,20/05/2025 06:12
12011b7f-4d8f-4eb7-b8cb-1afbd50a9a50,GAP_&_crop_management,Tun310,20/05/2025 06:12
7be6016c-c44e-4559-b24c-29201c79602a,Comm._Partner_Registration,Tun311,20/05/2025 06:12
356237a3-cdac-4cb6-b2c2-15c6985bb511,"Group_formation,_and_dynamics_for_financial_inclusion",Tun311,20/05/2025 06:12
0ccc5058-c060-4598-a93e-5b52abe42389,ICT_solutions_for_agriculture,Tun311,20/05/2025 06:12
01ff48cd-3f28-402f-8bb6-29a5df390055,GAP_&_crop_management,Tun311,20/05/2025 06:12
f7ffcdc8-e17f-4408-8b6b-f51e5c343509,Comm._Partner_Registration,Tun312,20/05/2025 06:12
dd3881af-bfbf-4182-836c-fab4ad23b284,"Group_formation,_and_dynamics_for_financial_inclusion",Tun312,20/05/2025 06:12
d0ef65f7-3197-4262-8ca2-06718a2f3278,ICT_solutions_for_agriculture,Tun312,20/05/2025 06:12
91d139cd-75d6-414b-b79d-8aedf11b643b,GAP_&_crop_management,Tun312,20/05/2025 06:12
859f5d65-2259-4a3f-af4c-e81d45a50f83,Comm._Partner_Registration,Tun313,20/05/2025 06:12
56985fec-097c-4f83-bc9e-9140cd2a264b,"Group_formation,_and_dynamics_for_financial_inclusion",Tun313,20/05/2025 06:12
e3218edc-7167-4bf3-ab71-f6b386278c81,ICT_solutions_for_agriculture,Tun313,20/05/2025 06:12
be1dd1d8-7400-4b44-863d-48a54e6355ef,GAP_&_crop_management,Tun313,20/05/2025 06:12
cc41bb5a-5d87-42c1-9623-7fd7fee3a82a,Comm._Partner_Registration,Tun314,20/05/2025 06:12
86f3327b-f87f-40e9-aba5-704ed31c884a,"Group_formation,_and_dynamics_for_financial_inclusion",Tun314,20/05/2025 06:12
3e3a4371-abda-4a5f-8805-9bc1bd100dba,ICT_solutions_for_agriculture,Tun314,20/05/2025 06:12
c84b4269-2e9d-444c-b8b9-7a092065bfe3,GAP_&_crop_management,Tun314,20/05/2025 06:12
8cb16531-87fc-4a4c-9670-4808ef9e3df0,Comm._Partner_Registration,Tun315,20/05/2025 06:12
5ce0ffaa-bb71-4ba0-b604-ec09a0d3a38e,"Group_formation,_and_dynamics_for_financial_inclusion",Tun315,20/05/2025 06:12
d5b396eb-91a2-49be-9b31-1fa8339d2da9,ICT_solutions_for_agriculture,Tun315,20/05/2025 06:12
653baa9f-ba0d-45a3-8b42-6b8c85759a7b,GAP_&_crop_management,Tun315,20/05/2025 06:12
d0b50867-0194-46cf-bec5-ec8031104877,Comm._Partner_Registration,Tun316,20/05/2025 06:12
e301d4c3-074d-4d8f-b903-19374a7f2fae,"Group_formation,_and_dynamics_for_financial_inclusion",Tun316,20/05/2025 06:12
9f0c9c56-135e-4565-8152-b2c44e8d1154,ICT_solutions_for_agriculture,Tun316,20/05/2025 06:12
8a6457b7-3b34-471f-a9e6-6df562b0ee4e,GAP_&_crop_management,Tun316,20/05/2025 06:12
17b79399-8a75-4738-a28c-760ec93a52e4,Comm._Partner_Registration,Tun317,20/05/2025 06:12
d89a37cb-2266-40b0-a17d-def948811714,"Group_formation,_and_dynamics_for_financial_inclusion",Tun317,20/05/2025 06:12
1b4a4bd6-f3a2-4e1e-a791-165b566bca3c,ICT_solutions_for_agriculture,Tun317,20/05/2025 06:12
56017ccc-7422-4fc7-bd2e-076fb0f6ecf1,GAP_&_crop_management,Tun317,20/05/2025 06:12
7bf5fdae-0b1a-4603-b24b-2dd4a7eceec0,Comm._Partner_Registration,Tun318,20/05/2025 06:12
24e3fd84-02bd-4c06-a756-2063b2e86e45,"Group_formation,_and_dynamics_for_financial_inclusion",Tun318,20/05/2025 06:12
afce500b-3cb0-4331-b667-61a336583f2f,ICT_solutions_for_agriculture,Tun318,20/05/2025 06:12
55386d3b-4290-4fbd-a2e1-9d9dbb8c90c3,GAP_&_crop_management,Tun318,20/05/2025 06:12
b9241d42-64a4-411a-a7d1-cb635a76da89,Comm._Partner_Registration,Ika300,20/05/2025 14:31
5d09032d-2d4f-4c7c-aab6-a60376839dee,"Group_formation,_and_dynamics_for_financial_inclusion",Ika300,20/05/2025 14:31
a0ad53a9-fcff-456d-bad7-c1ba15997ed5,ICT_solutions_for_agriculture,Ika300,20/05/2025 14:31
77bdfe2d-5186-4c6b-b580-37906c209319,GAP_&_crop_management,Ika300,20/05/2025 14:31
6ab6e00d-c690-4256-b388-8a00c83f2ff6,Comm._Partner_Registration,Ika301,20/05/2025 14:31
0509b1c9-c88b-4602-8ba7-524172681848,"Group_formation,_and_dynamics_for_financial_inclusion",Ika301,20/05/2025 14:31
0c5e934b-5a8d-4a61-8b08-5ceb415d24af,ICT_solutions_for_agriculture,Ika301,20/05/2025 14:31
a636ffb1-d0cb-43fa-b42a-e6cb5c16d292,GAP_&_crop_management,Ika301,20/05/2025 14:32
b474adf5-ff87-4926-9858-b596ea7503eb,Comm._Partner_Registration,Ika302,20/05/2025 14:32
46fc6eee-02bf-452b-b6f2-3e37e4b7d33d,"Group_formation,_and_dynamics_for_financial_inclusion",Ika302,20/05/2025 14:32
db2a4ea1-3593-45e9-8f14-2db36f1f4573,ICT_solutions_for_agriculture,Ika302,20/05/2025 14:32
676ff7b3-3471-468a-94ec-873c612152c4,GAP_&_crop_management,Ika302,20/05/2025 14:32
98e8ef94-da3c-43d2-b6f1-97352c359e28,Comm._Partner_Registration,Ika303,20/05/2025 14:32
1b463bba-2dab-486c-8e4a-2cef95ebf329,"Group_formation,_and_dynamics_for_financial_inclusion",Ika303,20/05/2025 14:32
769b449d-0dee-4e4f-9637-68658b39401e,ICT_solutions_for_agriculture,Ika303,20/05/2025 14:32
3eb245ae-1a9d-4fd0-bed0-c22ae48027b1,GAP_&_crop_management,Ika303,20/05/2025 14:32
2b9fd855-bf5c-44aa-a483-0b9b6655889c,Comm._Partner_Registration,Ika304,20/05/2025 14:32
59d929b3-6af8-4cb8-b472-3121d9e47115,"Group_formation,_and_dynamics_for_financial_inclusion",Ika304,20/05/2025 14:32
48ee5b8c-bb09-4792-a568-7ba19d5dfebf,ICT_solutions_for_agriculture,Ika304,20/05/2025 14:32
20ec5708-73aa-49a8-a032-28308e1ae45c,GAP_&_crop_management,Ika304,20/05/2025 14:32
7be908c5-88b4-4ab9-b049-8481819a4a11,Comm._Partner_Registration,Ika305,20/05/2025 14:32
11408c25-0cee-4b67-9ea5-bc7256a5ebbf,"Group_formation,_and_dynamics_for_financial_inclusion",Ika305,20/05/2025 14:32
fd6094e6-478e-4e0e-9a62-e77470717ff3,ICT_solutions_for_agriculture,Ika305,20/05/2025 14:32
bc1fb81c-64fb-4025-8b20-93ab5c41191b,GAP_&_crop_management,Ika305,20/05/2025 14:32
716028a3-181d-4ab0-83e9-df0c7050813c,Comm._Partner_Registration,Ika306,20/05/2025 14:32
49da3fbb-f571-4d12-8ffa-08b2e7dc0d82,"Group_formation,_and_dynamics_for_financial_inclusion",Ika306,20/05/2025 14:32
b3f7c904-bc6b-48be-922d-91ccc929441a,ICT_solutions_for_agriculture,Ika306,20/05/2025 14:32
680e12db-f08b-409a-beb5-6647ae7a2c51,Comm._Partner_Registration,Ika307,20/05/2025 14:32
23a71018-9fa1-46d1-a28d-0337843b2ee7,"Group_formation,_and_dynamics_for_financial_inclusion",Ika307,20/05/2025 14:32
32370e0f-c648-4c59-9718-4b9d98ecf346,ICT_solutions_for_agriculture,Ika307,20/05/2025 14:32
e0fe3659-4987-4ab8-b95b-4335f16ff45d,GAP_&_crop_management,Ika307,20/05/2025 14:32
d4b535c9-3c0b-45bd-b973-bcb6658f0c30,Comm._Partner_Registration,Ika308,20/05/2025 14:32
76fb910f-f552-4712-9c00-fc0fe908627d,"Group_formation,_and_dynamics_for_financial_inclusion",Ika308,20/05/2025 14:32
a284edc0-e43f-4e61-bc7a-b98bf23d07a6,ICT_solutions_for_agriculture,Ika308,20/05/2025 14:32
25d1c6dc-ba9c-409d-b958-5e83f564ee3b,GAP_&_crop_management,Ika308,20/05/2025 14:32
de1d2e97-fbd9-4dc5-8537-4bc412bb4fb8,Comm._Partner_Registration,Ika309,20/05/2025 14:32
26b32454-5bfa-4ce7-9fb7-d9d1b6a4cdcb,"Group_formation,_and_dynamics_for_financial_inclusion",Ika309,20/05/2025 14:32
a43acaa5-787b-4169-923f-4a749796d4be,ICT_solutions_for_agriculture,Ika309,20/05/2025 14:32
4970e3ec-889b-45c7-a17b-f7ae16fc02a6,GAP_&_crop_management,Ika309,20/05/2025 14:32
65d2f479-afdf-45ac-a78d-0d6f1ff3d0f2,Comm._Partner_Registration,Ika310,20/05/2025 14:32
ca5324f7-4e71-4314-9fcc-fc48c31fdc66,"Group_formation,_and_dynamics_for_financial_inclusion",Ika310,20/05/2025 14:32
2c2d986b-452b-4565-b7e6-5e46e2d5674d,ICT_solutions_for_agriculture,Ika310,20/05/2025 14:32
6c59bbea-71b8-4555-a62c-31d7f53a3c60,Comm._Partner_Registration,Ika311,20/05/2025 14:32
b3f883bc-d9b6-4654-9445-9a7f5f0c68b1,"Group_formation,_and_dynamics_for_financial_inclusion",Ika311,20/05/2025 14:32
f2a5c404-1793-4aa9-a3f7-1a3b1b0b72c9,ICT_solutions_for_agriculture,Ika311,20/05/2025 14:32
3871bdf8-0ee2-432f-b0a2-b9cad2c6a83f,GAP_&_crop_management,Ika311,20/05/2025 14:32
f3393ac3-977c-421c-ae75-1bf218dcf74b,Comm._Partner_Registration,Ika312,20/05/2025 14:32
cfb1a571-8033-489f-b93f-f76d9bbaa231,"Group_formation,_and_dynamics_for_financial_inclusion",Ika312,20/05/2025 14:32
f65dbeaa-8be4-4d26-9c21-225b2e2c327b,ICT_solutions_for_agriculture,Ika312,20/05/2025 14:32
13151dba-8a14-4d95-8d0e-722f2be251ec,GAP_&_crop_management,Ika312,20/05/2025 14:32
0790f53f-50ae-4336-b53d-4e68af6d308f,Comm._Partner_Registration,Ika313,20/05/2025 14:32
e46a37a3-c436-4629-9176-ba711c2c06a9,"Group_formation,_and_dynamics_for_financial_inclusion",Ika313,20/05/2025 14:32
65f9222f-d8a9-4006-af0c-561944a7fa26,ICT_solutions_for_agriculture,Ika313,20/05/2025 14:32
421c9afe-dfe5-43ff-b175-1fbc3e47874e,GAP_&_crop_management,Ika313,20/05/2025 14:32
046aaa29-4593-4752-be9f-03f5040b2092,Comm._Partner_Registration,Ika314,20/05/2025 14:32
1f440b00-caf8-4af4-ac74-c2f3473cda15,"Group_formation,_and_dynamics_for_financial_inclusion",Ika314,20/05/2025 14:32
b0f11311-ba0d-465e-a295-8d7d594a8278,ICT_solutions_for_agriculture,Ika314,20/05/2025 14:32
99070ed8-b151-41f0-93cf-86cc1cf3b2b8,GAP_&_crop_management,Ika314,20/05/2025 14:32
4a721a74-6fce-46e9-904e-ca90edacd8a0,Comm._Partner_Registration,Ika315,20/05/2025 14:33
1d45c5bc-4cfe-4e1c-9255-416f6cc93208,"Group_formation,_and_dynamics_for_financial_inclusion",Ika315,20/05/2025 14:33
5af2e4ce-f4b7-404c-838f-999cda1115f0,ICT_solutions_for_agriculture,Ika315,20/05/2025 14:33
dda756d9-becc-4046-915c-6fd6ece6bcaf,GAP_&_crop_management,Ika315,20/05/2025 14:33
35c37a6f-3cc1-4455-b939-1ad8fb55323b,Comm._Partner_Registration,Ika316,20/05/2025 14:33
b368a705-3f6a-48f3-ac00-fe3ff6eaedcb,"Group_formation,_and_dynamics_for_financial_inclusion",Ika316,20/05/2025 14:33
35aef5f1-7592-49ae-b5f1-2ecfbc802aad,ICT_solutions_for_agriculture,Ika316,20/05/2025 14:33
e20be692-4c61-44e1-be87-d79b7ff2d381,GAP_&_crop_management,Ika316,20/05/2025 14:33
62b5b505-a12e-4e30-927b-bb96e6757a16,Comm._Partner_Registration,Ika317,20/05/2025 14:33
fd2da549-896f-4a30-9c2f-d04228eb535f,"Group_formation,_and_dynamics_for_financial_inclusion",Ika317,20/05/2025 14:33
911f317c-92cd-49ec-8d13-713cd8f9f019,ICT_solutions_for_agriculture,Ika317,20/05/2025 14:33
a0578e01-8cc8-49dc-93ed-39896a49bdcd,GAP_&_crop_management,Ika317,20/05/2025 14:33
3ea111f4-609b-49ab-b293-32fedc0005a8,Comm._Partner_Registration,Ika318,20/05/2025 14:33
f065cd32-3af0-4e49-a9dd-1cc9ea474528,"Group_formation,_and_dynamics_for_financial_inclusion",Ika318,20/05/2025 14:33
86f1e662-5658-4e08-b275-3d46e9f5c35b,ICT_solutions_for_agriculture,Ika318,20/05/2025 14:33
5fe5b6e4-8695-4641-a985-6ac9ab032267,GAP_&_crop_management,Ika318,20/05/2025 14:33
3b81ca3b-c23b-4d8c-903d-b9af2ea105c4,Comm._Partner_Registration,Ika319,20/05/2025 14:33
e22d764c-9948-4084-8d25-72b40a00cb3c,"Group_formation,_and_dynamics_for_financial_inclusion",Ika319,20/05/2025 14:33
98a71064-083e-4b94-8e38-3517d330f8e1,ICT_solutions_for_agriculture,Ika319,20/05/2025 14:33
c3ab1627-7152-4246-af2b-8f8fdc918757,GAP_&_crop_management,Ika319,20/05/2025 14:33
6021b6f6-b89d-4ad8-b02a-64aa0b88f7b1,Comm._Partner_Registration,Ika320,20/05/2025 14:33
5e01ecdb-4757-4dfd-bfb7-462d534b6469,"Group_formation,_and_dynamics_for_financial_inclusion",Ika320,20/05/2025 14:33
d05b3bf6-c747-4ce2-aa9c-b3faaeb7a9b7,ICT_solutions_for_agriculture,Ika320,20/05/2025 14:33
1f234622-ccb7-4fa0-a48c-739b19aa281c,GAP_&_crop_management,Ika320,20/05/2025 14:33
045c33f8-4e70-42cd-8da2-3f64a3cb670f,Comm._Partner_Registration,Ika321,20/05/2025 14:33
dc82488e-6144-41a4-be34-7841de80ee05,"Group_formation,_and_dynamics_for_financial_inclusion",Ika321,20/05/2025 14:33
53b76fab-c3b2-4f75-8f26-af2d824ede43,ICT_solutions_for_agriculture,Ika321,20/05/2025 14:33
eb95d2ba-26f6-44cf-9b48-cd701bb7eded,GAP_&_crop_management,Ika321,20/05/2025 14:33
80a08698-060a-463c-a212-bffadeb3eaba,Comm._Partner_Registration,Ika322,20/05/2025 14:33
2952aa1a-e5fc-4868-993e-e091e6336862,"Group_formation,_and_dynamics_for_financial_inclusion",Ika322,20/05/2025 14:33
17f1884e-0c0e-4694-ab97-4fb850fc1602,ICT_solutions_for_agriculture,Ika322,20/05/2025 14:33
90811b8e-24fc-4948-bc66-d6b0efc39469,GAP_&_crop_management,Ika322,20/05/2025 14:33
22a189de-c216-4166-b74b-c6a8dc8e237e,Comm._Partner_Registration,Ika323,20/05/2025 14:33
f87e2e34-37f3-440c-a404-fb9832d4ed86,"Group_formation,_and_dynamics_for_financial_inclusion",Ika323,20/05/2025 14:33
fc9f3f45-c50c-46a7-9272-3ffb02d7f095,ICT_solutions_for_agriculture,Ika323,20/05/2025 14:33
44e44813-8fac-4c5a-822c-5896b2a7c6a5,GAP_&_crop_management,Ika323,20/05/2025 14:33
52fb6883-2372-4d8a-ac11-d83e6a3f6804,Comm._Partner_Registration,Son300,20/05/2025 14:33
3de125f1-0fc5-4d6b-a6db-91b032d4e1ef,"Group_formation,_and_dynamics_for_financial_inclusion",Son300,20/05/2025 14:33
9e1043a8-536b-4254-9ef3-35b9c4441f90,ICT_solutions_for_agriculture,Son300,20/05/2025 14:33
fc34bdb9-f762-4f40-a8cf-c56c77f55487,GAP_&_crop_management,Son300,20/05/2025 14:33
97024d4c-9955-4b93-aff3-dc0dcdcacbba,Comm._Partner_Registration,Son301,20/05/2025 14:33
6a8f59c0-c577-4758-addc-16e45846c132,"Group_formation,_and_dynamics_for_financial_inclusion",Son301,20/05/2025 14:33
7008f2ba-3a42-498c-8825-9b00aa156e69,ICT_solutions_for_agriculture,Son301,20/05/2025 14:33
524742ec-d5b8-4a72-9093-aabe270048cc,GAP_&_crop_management,Son301,20/05/2025 14:33
ae4a96ee-43c9-43ae-b55e-835ca0b5a161,Comm._Partner_Registration,Son302,20/05/2025 14:33
b998ca61-3b17-41d4-9f07-6ce0ffcff013,"Group_formation,_and_dynamics_for_financial_inclusion",Son302,20/05/2025 14:33
ce18fc92-5251-4ee3-af1d-fb8530e97f76,ICT_solutions_for_agriculture,Son302,20/05/2025 14:33
09501735-9fb8-489a-9022-a898a61c0a33,GAP_&_crop_management,Son302,20/05/2025 14:33
c4fc1ef9-ce7f-4ec3-b994-24d23b33a9a4,Comm._Partner_Registration,Son303,20/05/2025 14:33
60198293-4bc1-4962-9529-959b39fa6f35,"Group_formation,_and_dynamics_for_financial_inclusion",Son303,20/05/2025 14:33
f0d4be06-bad7-4380-9465-a7583b5be816,ICT_solutions_for_agriculture,Son303,20/05/2025 14:33
62f235cf-d7f4-4b26-8a36-48af8df3366a,GAP_&_crop_management,Son303,20/05/2025 14:33
3ee838ab-dd22-42cd-ac8a-3eb7163a9aa7,Comm._Partner_Registration,Son304,20/05/2025 14:33
09ef708b-62d1-46c0-89ae-db29ac4d92e8,"Group_formation,_and_dynamics_for_financial_inclusion",Son304,20/05/2025 14:33
fa02d0cd-9ef3-448c-b7bd-8de9cd2ebbd6,ICT_solutions_for_agriculture,Son304,20/05/2025 14:34
d1e4d26b-49c8-49d2-b980-7d1d51f765bd,GAP_&_crop_management,Son304,20/05/2025 14:34
3e27b073-b30b-4a7e-b969-9d75f9b0d539,Comm._Partner_Registration,Son305,20/05/2025 14:34
b00cfd08-1fae-49a5-b951-5767c405d794,"Group_formation,_and_dynamics_for_financial_inclusion",Son305,20/05/2025 14:34
5e3db341-6eb9-48bb-818e-0acd32d26c64,ICT_solutions_for_agriculture,Son305,20/05/2025 14:34
759b5945-98ab-42e7-a165-a2198b0d75be,GAP_&_crop_management,Son305,20/05/2025 14:34
9bb8417d-0340-4e50-82f8-276dcd0af3d8,Comm._Partner_Registration,Son306,20/05/2025 14:34
f89cb51b-1e6e-459a-a0b4-125271a5fb00,"Group_formation,_and_dynamics_for_financial_inclusion",Son306,20/05/2025 14:34
baf68ac7-57af-443c-8a7f-19ad329198c0,ICT_solutions_for_agriculture,Son306,20/05/2025 14:34
0a94e772-bfaa-4617-9efd-9bd843063b5a,GAP_&_crop_management,Son306,20/05/2025 14:34
7dcd4453-dea9-4111-808e-e28192b6aaf5,Comm._Partner_Registration,Son307,20/05/2025 14:34
d48ff7d3-e2e4-4345-be49-9feab8db02b5,"Group_formation,_and_dynamics_for_financial_inclusion",Son307,20/05/2025 14:34
6ffd2537-6cc4-4577-b054-d7c86f1860ac,ICT_solutions_for_agriculture,Son307,20/05/2025 14:34
e8c23748-0309-4eb0-9f09-c6e2358d8138,GAP_&_crop_management,Son307,20/05/2025 14:34
e718b2b6-35c1-4fb1-8d42-25a025319fe0,Comm._Partner_Registration,Son308,20/05/2025 14:34
5db18e8c-0da0-4073-a0b9-fc776af27d9b,"Group_formation,_and_dynamics_for_financial_inclusion",Son308,20/05/2025 14:34
a64599b5-36e5-47a4-82cc-7c81ae16c44a,ICT_solutions_for_agriculture,Son308,20/05/2025 14:34
4129e79f-8a7b-459f-8837-6ff0371e9075,GAP_&_crop_management,Son308,20/05/2025 14:34
c466e293-754a-4fff-a03d-2d6024633bc0,Comm._Partner_Registration,Son309,20/05/2025 14:34
3bb68e44-01a8-4aa5-99b2-ccce73890c9b,"Group_formation,_and_dynamics_for_financial_inclusion",Son309,20/05/2025 14:34
926e4015-db2b-4828-b2b9-46f7aa2a6ec6,ICT_solutions_for_agriculture,Son309,20/05/2025 14:34
cd09b61e-28f3-4597-9e9e-bf8a701723a4,GAP_&_crop_management,Son309,20/05/2025 14:34
6eb787a1-d885-40c3-bef6-6e1b7b01f40b,Comm._Partner_Registration,Son310,20/05/2025 14:34
28f82de5-3633-4da8-ae76-6564a9d30342,"Group_formation,_and_dynamics_for_financial_inclusion",Son310,20/05/2025 14:34
3ebe8d01-dadc-4df6-ad21-b7e0a2df4968,ICT_solutions_for_agriculture,Son310,20/05/2025 14:34
0c99cfb6-22a1-49db-8c96-76bb07831b08,GAP_&_crop_management,Son310,20/05/2025 14:34
8ff5ca4b-1994-4490-b8ed-79377bc2cf65,Comm._Partner_Registration,Son311,20/05/2025 14:34
f9c2b80c-0051-4620-934a-640b7ab38ecd,"Group_formation,_and_dynamics_for_financial_inclusion",Son311,20/05/2025 14:34
5ce824fc-c86e-4d10-940a-b549f07a5f1b,ICT_solutions_for_agriculture,Son311,20/05/2025 14:34
309402d5-89c7-47a0-9614-3706cba5eb28,GAP_&_crop_management,Son311,20/05/2025 14:34
fbc7f891-3425-4735-a648-0c792ce2d1b4,Comm._Partner_Registration,Son312,20/05/2025 14:34
ecaf903d-2cb5-43db-9f5f-a9a653af99ef,"Group_formation,_and_dynamics_for_financial_inclusion",Son312,20/05/2025 14:34
e1f28c40-d72f-4f88-9b59-f13cd6d1dea1,ICT_solutions_for_agriculture,Son312,20/05/2025 14:34
753b347a-6bdf-40f9-871b-0cbbeb0fce82,Comm._Partner_Registration,Son313,20/05/2025 14:34
5ff0340e-eb53-4724-aa6d-fa3f735cf891,"Group_formation,_and_dynamics_for_financial_inclusion",Son313,20/05/2025 14:34
77f40fa7-4809-46e5-9ed9-e0fee84794e1,ICT_solutions_for_agriculture,Son313,20/05/2025 14:34
ffdcfcd1-8a31-4454-819e-e222d0c2f730,GAP_&_crop_management,Son313,20/05/2025 14:34
237c5cc4-8af5-4c4d-9aae-080471959696,Comm._Partner_Registration,Son314,20/05/2025 14:34
847d4b0f-fc11-45ea-ae0b-10bd76a1bd57,"Group_formation,_and_dynamics_for_financial_inclusion",Son314,20/05/2025 14:34
7fb98eb7-8983-46d7-b1ff-ef66629e81fc,ICT_solutions_for_agriculture,Son314,20/05/2025 14:34
3fe49c9b-ebaa-4267-ba72-3a23712ebdc8,GAP_&_crop_management,Son314,20/05/2025 14:34
d6da92b1-e632-4a8c-b44d-77b076acc2af,Comm._Partner_Registration,Son315,20/05/2025 14:34
8ea9aa29-066f-4ba7-9646-affeefad5111,"Group_formation,_and_dynamics_for_financial_inclusion",Son315,20/05/2025 14:34
6593b5e1-f5c9-4049-a031-a5d5f18ba68b,ICT_solutions_for_agriculture,Son315,20/05/2025 14:34
a70847d3-f2fb-4e0c-825b-436e9788da28,Comm._Partner_Registration,Son315,20/05/2025 14:34
5c2cd5ad-d730-4890-9099-95a9c95ab83a,Comm._Partner_Registration,Son316,20/05/2025 14:34
1b4aaf88-4345-4a44-99c4-0f2bb43c9f68,"Group_formation,_and_dynamics_for_financial_inclusion",Son316,20/05/2025 14:34
0f523924-108a-498a-b162-d8c25ed000e2,ICT_solutions_for_agriculture,Son316,20/05/2025 14:34
ededd4da-4567-4e38-a0cf-4ead3f7e7a3c,GAP_&_crop_management,Son316,20/05/2025 14:34
62130977-2f84-4f64-8d43-93ed534d9821,Comm._Partner_Registration,Mub300,20/05/2025 14:34
0dcf3e7a-9cb7-418b-b6d2-c97919074710,"Group_formation,_and_dynamics_for_financial_inclusion",Mub300,20/05/2025 14:34
354a8306-3d7c-418b-aff0-deab61cb8869,ICT_solutions_for_agriculture,Mub300,20/05/2025 14:34
fb4ab824-1b9e-44f5-9183-d4230bd146df,GAP_&_crop_management,Mub300,20/05/2025 14:34
046829a6-5a84-4f65-aa75-ad93305e858f,Comm._Partner_Registration,Mub301,20/05/2025 14:34
5809df57-8a53-4f9d-b2b2-45e699aae874,"Group_formation,_and_dynamics_for_financial_inclusion",Mub301,20/05/2025 14:34
094cce0f-5055-49fa-847c-0db34941bdf3,ICT_solutions_for_agriculture,Mub301,20/05/2025 14:34
d2a55433-c768-42b6-a4fb-bd64069b62a4,GAP_&_crop_management,Mub301,20/05/2025 14:34
093b1d79-db4b-43f0-8101-dde996fec8a3,Comm._Partner_Registration,Mub302,20/05/2025 14:34
d0fc8909-ecd6-46ab-8c74-b1f1f410d163,"Group_formation,_and_dynamics_for_financial_inclusion",Mub302,20/05/2025 14:34
2b67e34d-ff22-4668-8e46-8d96248d10ab,ICT_solutions_for_agriculture,Mub302,20/05/2025 14:34
2b1d4702-221c-4d15-b388-90fd35ad2f07,GAP_&_crop_management,Mub302,20/05/2025 14:34
492be673-e4d9-449b-b4e9-37a37b254eb7,Comm._Partner_Registration,Mub303,20/05/2025 14:35
6e58a44b-31dd-45e9-b73d-0ed9e73d9806,"Group_formation,_and_dynamics_for_financial_inclusion",Mub303,20/05/2025 14:35
1fc82c09-016c-4da4-9837-6b25b0419ff0,ICT_solutions_for_agriculture,Mub303,20/05/2025 14:35
f25e1167-b97a-4cc2-8b64-affe31398a40,GAP_&_crop_management,Mub303,20/05/2025 14:35
885a20f1-27ca-4afa-a456-08ca217b8fbe,Comm._Partner_Registration,Mub304,20/05/2025 14:35
b5aa2054-5bab-481c-a840-639b922e2f8f,"Group_formation,_and_dynamics_for_financial_inclusion",Mub304,20/05/2025 14:35
1f7174de-19d0-4fa5-b316-5ceed37f1083,ICT_solutions_for_agriculture,Mub304,20/05/2025 14:35
89697258-f39f-4dd8-ba70-7f27db9b5fa4,GAP_&_crop_management,Mub304,20/05/2025 14:35
d0f76663-5ae3-4cac-9308-faac7212a2f7,Comm._Partner_Registration,Mub305,20/05/2025 14:35
e5620251-49e1-4663-99aa-a8f22e90aa86,"Group_formation,_and_dynamics_for_financial_inclusion",Mub305,20/05/2025 14:35
ca78b10b-a2d4-4259-bec5-ab8b47e31284,ICT_solutions_for_agriculture,Mub305,20/05/2025 14:35
ccb0ffcb-12ff-4cc9-9b7e-37f90d15380a,GAP_&_crop_management,Mub305,20/05/2025 14:35
ddd13d63-be6c-45d2-9062-9e341ffb6118,Comm._Partner_Registration,Mub306,20/05/2025 14:35
63c9efc3-9fe3-4314-9475-082b1e75becb,"Group_formation,_and_dynamics_for_financial_inclusion",Mub306,20/05/2025 14:35
342ac129-1632-439b-9531-a4285fdc0a0e,ICT_solutions_for_agriculture,Mub306,20/05/2025 14:35
e976df13-598b-454d-8b9e-8691085f1183,GAP_&_crop_management,Mub306,20/05/2025 14:35
82397ac3-f9b0-4029-a4b8-78a3e0192235,Comm._Partner_Registration,Mub307,20/05/2025 14:35
66226179-e8e5-4313-a9ea-5e2e0988a32f,"Group_formation,_and_dynamics_for_financial_inclusion",Mub307,20/05/2025 14:35
afab1406-b262-4e4c-af87-8656b0b455e3,ICT_solutions_for_agriculture,Mub307,20/05/2025 14:35
6c6c64de-3daa-4294-8b3d-66392d35d80f,GAP_&_crop_management,Mub307,20/05/2025 14:35
89274ecc-64bc-48cd-8af0-4c10b64db5dc,Comm._Partner_Registration,Mub308,20/05/2025 14:35
26a44ea8-0517-460e-a4ba-46ae21eaa54f,"Group_formation,_and_dynamics_for_financial_inclusion",Mub308,20/05/2025 14:35
c2bc224e-8887-47ee-afff-a832bb744d4d,ICT_solutions_for_agriculture,Mub308,20/05/2025 14:35
b49842c3-7ac8-4abb-8622-e16e40380cf0,GAP_&_crop_management,Mub308,20/05/2025 14:35
5670a9fb-c9a1-4c5b-a3d8-c4c642ce0468,Comm._Partner_Registration,Mub309,20/05/2025 14:35
2de99480-1018-4445-a5ea-35b8915ccabf,"Group_formation,_and_dynamics_for_financial_inclusion",Mub309,20/05/2025 14:35
900147f3-ea6f-478c-a293-cd3942f94897,ICT_solutions_for_agriculture,Mub309,20/05/2025 14:35
30a41841-725b-43c0-bafc-6a40e4021688,GAP_&_crop_management,Mub309,20/05/2025 14:35
1c48df21-31a7-430f-8152-cf363b9003ea,Comm._Partner_Registration,Mub310,20/05/2025 14:35
fdd3b7c7-0261-479f-934f-bb15a335572b,"Group_formation,_and_dynamics_for_financial_inclusion",Mub310,20/05/2025 14:35
adb4591f-8083-4544-98ef-f5f7ee17deae,ICT_solutions_for_agriculture,Mub310,20/05/2025 14:35
503f563a-257c-40ac-b5c5-e4b043fb750f,GAP_&_crop_management,Mub310,20/05/2025 14:35
73136f0d-58b3-404e-b2fe-5db243bb2d64,Comm._Partner_Registration,Mub311,20/05/2025 14:35
ab25932b-5c19-443a-b584-bf82bbad9d42,"Group_formation,_and_dynamics_for_financial_inclusion",Mub311,20/05/2025 14:35
8e75d1e8-7fd5-4362-95ad-ffb706df5341,ICT_solutions_for_agriculture,Mub311,20/05/2025 14:35
fedb2238-682e-40ee-aca6-81a80fc92d91,GAP_&_crop_management,Mub311,20/05/2025 14:35
de7cbab2-dc84-417c-bd0d-0fb51e0022ea,Comm._Partner_Registration,Mub312,20/05/2025 14:35
086f204c-23d6-4fe2-a862-9bf1d6c2a657,"Group_formation,_and_dynamics_for_financial_inclusion",Mub312,20/05/2025 14:35
b006737f-f8a7-4b13-a07b-adee99480639,ICT_solutions_for_agriculture,Mub312,20/05/2025 14:35
f47b1a3e-a23f-4670-aa9a-81ae0001a33d,GAP_&_crop_management,Mub312,20/05/2025 14:35
a434ed24-f5db-4f6f-b48e-259330aaa540,Comm._Partner_Registration,Mub313,20/05/2025 14:35
e1c72ffd-3b6f-4646-83c1-15a08b827943,"Group_formation,_and_dynamics_for_financial_inclusion",Mub313,20/05/2025 14:35
ecc0f871-fcc2-4305-88f0-872e84cdab4c,ICT_solutions_for_agriculture,Mub313,20/05/2025 14:35
9187e087-f0df-48e1-8f43-64bf0f988aba,GAP_&_crop_management,Mub313,20/05/2025 14:35
2ae12c16-dc16-4f80-b4e5-552b501362c2,Comm._Partner_Registration,Mub314,20/05/2025 14:35
73a75ab4-d899-4059-93b7-5f2915a8b312,"Group_formation,_and_dynamics_for_financial_inclusion",Mub314,20/05/2025 14:35
b6f629c5-fd1b-4199-b388-c4007564706e,ICT_solutions_for_agriculture,Mub314,20/05/2025 14:35
7249b8ec-f2bb-4cae-a675-ad7c96a87189,GAP_&_crop_management,Mub314,20/05/2025 14:35
b3dacae8-742e-4318-acd9-19817d90b6a6,Comm._Partner_Registration,Mub315,20/05/2025 14:35
e3c27496-e42e-429e-8dae-302d96f49232,"Group_formation,_and_dynamics_for_financial_inclusion",Mub315,20/05/2025 14:35
7a1a9dac-9d29-4ddf-9beb-d3bad332ba5e,ICT_solutions_for_agriculture,Mub315,20/05/2025 14:35
d3003805-061a-4e1f-8f39-210081023c23,GAP_&_crop_management,Mub315,20/05/2025 14:35
2e2f2ad4-3e69-42ff-af67-31b01731965b,Comm._Partner_Registration,Mub316,20/05/2025 14:35
ccd215bc-6114-4754-942d-76f7cc6dd0b0,"Group_formation,_and_dynamics_for_financial_inclusion",Mub316,20/05/2025 14:35
ba04fe4d-455c-4370-808a-b9c549b63c48,ICT_solutions_for_agriculture,Mub316,20/05/2025 14:35
0dec342a-0ba6-4435-b845-1ce5716b0483,GAP_&_crop_management,Mub316,20/05/2025 14:35
46268551-ea38-4ea4-b801-0eeeff5b0ed5,Comm._Partner_Registration,Laf300,20/05/2025 14:35
cb68d6df-cbbd-4f1c-892b-10fc6591dff1,"Group_formation,_and_dynamics_for_financial_inclusion",Laf300,20/05/2025 14:35
3db0b24f-5366-42cd-8272-844c049c48c3,ICT_solutions_for_agriculture,Laf300,20/05/2025 14:35
c4d184ee-91f2-446d-813e-ad9c17793d27,GAP_&_crop_management,Laf300,20/05/2025 14:35
15817f68-133b-466f-97eb-8aee9ca38721,Comm._Partner_Registration,Laf301,20/05/2025 14:36
fd5b670e-d2d4-4066-b5f8-e38f06307999,"Group_formation,_and_dynamics_for_financial_inclusion",Laf301,20/05/2025 14:36
ddc3bb50-4a3a-4c6e-8f3e-15fbb9432441,ICT_solutions_for_agriculture,Laf301,20/05/2025 14:36
5109d1e0-f2e6-4d95-996a-dc9a24c1c897,GAP_&_crop_management,Laf301,20/05/2025 14:36
0c4f2f16-9fb6-4e8a-98da-7bdfd2f4b30d,Comm._Partner_Registration,Laf302,20/05/2025 14:36
0ac135ba-4a2c-4005-93a7-c49eaadb4831,"Group_formation,_and_dynamics_for_financial_inclusion",Laf302,20/05/2025 14:36
361d1dfe-14b5-44e1-9d63-2ae43e021ce6,ICT_solutions_for_agriculture,Laf302,20/05/2025 14:36
d43a8e83-3111-4d38-afda-b889cf141711,GAP_&_crop_management,Laf302,20/05/2025 14:36
ecd97076-9c57-45a4-a6f1-940186bff3b2,Comm._Partner_Registration,Laf303,20/05/2025 14:36
54f94a4b-01af-488f-b81d-18c590d52cc9,"Group_formation,_and_dynamics_for_financial_inclusion",Laf303,20/05/2025 14:36
b0212d4c-8f8d-42a3-9a49-9e7a52173148,ICT_solutions_for_agriculture,Laf303,20/05/2025 14:36
00a89f78-4de7-4c0a-8a24-6b8d5f9f119f,GAP_&_crop_management,Laf303,20/05/2025 14:36
b39b9f56-ee06-4099-9999-e51d302319d6,Comm._Partner_Registration,Laf304,20/05/2025 14:36
4ee08465-4eca-40bd-bfe6-3e2329d9ece5,"Group_formation,_and_dynamics_for_financial_inclusion",Laf304,20/05/2025 14:36
2d6c483b-c7a4-400b-a7ce-0b197ee54c64,ICT_solutions_for_agriculture,Laf304,20/05/2025 14:36
9e550b1d-8650-45df-8f4b-483582da88c6,GAP_&_crop_management,Laf304,20/05/2025 14:36
ecfa0029-caed-4ae1-9595-3c541b51953f,Comm._Partner_Registration,Laf305,20/05/2025 14:36
edc214d2-8bc6-4ac0-acab-3ff1aadf5e58,"Group_formation,_and_dynamics_for_financial_inclusion",Laf305,20/05/2025 14:36
29b6cf7b-0054-402d-9baa-0ae64a269ec4,ICT_solutions_for_agriculture,Laf305,20/05/2025 14:36
eafb8858-ab7e-473a-bfe0-1419ed581bd0,GAP_&_crop_management,Laf305,20/05/2025 14:36
db5da22a-225c-40bd-8237-656d834533d9,Comm._Partner_Registration,Laf306,20/05/2025 14:36
bae1997a-8277-474a-a93a-38e4fae25cd9,"Group_formation,_and_dynamics_for_financial_inclusion",Laf306,20/05/2025 14:36
5470827e-37d3-484c-b36b-2633befd838a,ICT_solutions_for_agriculture,Laf306,20/05/2025 14:36
dfc02950-9341-412c-ae5d-22bc50febeb8,GAP_&_crop_management,Laf306,20/05/2025 14:36
7c051f05-81ef-434e-ad4c-8e77acb16199,Comm._Partner_Registration,Laf307,20/05/2025 14:36
e139c0a5-6e3a-4379-8217-d6728c2b7a9a,"Group_formation,_and_dynamics_for_financial_inclusion",Laf307,20/05/2025 14:36
7e19262f-a0a9-46b1-8dbc-408bcedbd136,ICT_solutions_for_agriculture,Laf307,20/05/2025 14:36
382dabfa-9c55-4e98-988b-64650ef6d63b,GAP_&_crop_management,Laf307,20/05/2025 14:36
3ab472cc-8cfa-4889-a1cb-68d4d5537a58,Comm._Partner_Registration,Laf308,20/05/2025 14:36
599c9116-5b0c-4248-9c62-d05d33418d3d,"Group_formation,_and_dynamics_for_financial_inclusion",Laf308,20/05/2025 14:36
cec82fe1-e753-4bf5-98b5-b665a55bdb05,ICT_solutions_for_agriculture,Laf308,20/05/2025 14:36
fac6c9ea-7691-4d0c-a124-78b431ccd522,GAP_&_crop_management,Laf308,20/05/2025 14:36
216f4e4f-a7bd-4246-8ca7-4ca4c41d3989,Comm._Partner_Registration,Akw300,20/05/2025 14:36
2db146b6-ad34-4600-8ff3-d48b3c4cc29f,"Group_formation,_and_dynamics_for_financial_inclusion",Akw300,20/05/2025 14:36
dcc3f486-057c-47ab-8d45-f8466c369204,ICT_solutions_for_agriculture,Akw300,20/05/2025 14:36
dc5bb071-b85a-4e0e-9caa-938a7152da27,GAP_&_crop_management,Akw300,20/05/2025 14:36
4e377ddb-7776-48c7-9f45-faa6b050e1f1,Comm._Partner_Registration,Akw301,20/05/2025 14:36
3b1c25a6-d6bc-47d6-beda-87695c9e6c33,"Group_formation,_and_dynamics_for_financial_inclusion",Akw301,20/05/2025 14:36
e8d1acda-80f5-498a-96e4-401524db4f83,ICT_solutions_for_agriculture,Akw301,20/05/2025 14:36
6ce97cc1-e3ee-4cf1-a6d5-6a7c47396548,GAP_&_crop_management,Akw301,20/05/2025 14:36
d4f80068-7ab4-4de8-8bee-5d20105ecd0a,Comm._Partner_Registration,Akw302,20/05/2025 14:36
fc2d265f-5926-4f75-a677-fcd9ec8e3928,"Group_formation,_and_dynamics_for_financial_inclusion",Akw302,20/05/2025 14:36
22aa48bc-6162-4609-ac41-a26fe8b5da32,ICT_solutions_for_agriculture,Akw302,20/05/2025 14:36
e144447c-60d4-471b-bed8-30cf50a4ef3f,GAP_&_crop_management,Akw302,20/05/2025 14:37
41810e95-0303-4712-b32a-d50fc8fcc5cf,Comm._Partner_Registration,Akw303,20/05/2025 14:37
b6c8d396-1613-4422-b811-af4748433e9f,"Group_formation,_and_dynamics_for_financial_inclusion",Akw303,20/05/2025 14:37
7c4219c8-f96a-48d1-85ae-e4e4285cbaad,ICT_solutions_for_agriculture,Akw303,20/05/2025 14:37
36da8e27-f85f-4a9a-9b05-0901e94df4bf,GAP_&_crop_management,Akw303,20/05/2025 14:37
9c8e91e9-e90e-4cc2-a7ad-6a8c5500ac1f,Comm._Partner_Registration,Akw304,20/05/2025 14:37
6b7597d8-dce0-41fe-b695-772d3c58af2a,"Group_formation,_and_dynamics_for_financial_inclusion",Akw304,20/05/2025 14:37
b5552486-6fe3-4170-b582-5c559892efb5,ICT_solutions_for_agriculture,Akw304,20/05/2025 14:37
1a7ae6b6-0bda-4716-85e5-07397f836437,GAP_&_crop_management,Akw304,20/05/2025 14:37
9585a1e6-7c55-4b7e-aa98-32398be645ac,Comm._Partner_Registration,Akw305,20/05/2025 14:37
a11189d5-7c45-4f31-82d7-4c7cedd1fb2c,"Group_formation,_and_dynamics_for_financial_inclusion",Akw305,20/05/2025 14:37
1bd51fed-70ac-47e9-85cb-65b36866ca2a,ICT_solutions_for_agriculture,Akw305,20/05/2025 14:37
0e14e282-c239-4fb2-b578-46347f7fb94d,GAP_&_crop_management,Akw305,20/05/2025 14:37
d314f979-0db0-470c-8681-8cd18223a3e5,Comm._Partner_Registration,Akw306,20/05/2025 14:37
c5bd46e5-012a-4c76-bdf3-e9aa73b89429,"Group_formation,_and_dynamics_for_financial_inclusion",Akw306,20/05/2025 14:37
7494ede0-b819-47d7-82c2-f5fcf9b522ed,ICT_solutions_for_agriculture,Akw306,20/05/2025 14:37
64e09039-ff27-4a5c-8f48-cd1e4e8838ae,GAP_&_crop_management,Akw306,20/05/2025 14:37
01b2d2e0-670b-4814-b582-bc8467f3546d,Comm._Partner_Registration,Akw307,20/05/2025 14:37
be56e86c-6516-4f79-9a1d-6ff15a02b267,"Group_formation,_and_dynamics_for_financial_inclusion",Akw307,20/05/2025 14:37
76a4adde-7dea-489a-9efb-91fa4f0d340e,ICT_solutions_for_agriculture,Akw307,20/05/2025 14:37
9289c619-066d-4fea-8ac8-b9c651af20d8,GAP_&_crop_management,Akw307,20/05/2025 14:37
83e6c69e-016f-4de1-a087-969a21bf628b,Comm._Partner_Registration,Nas300,20/05/2025 14:37
9ce6cd3e-1db2-4c66-b5ae-abb6bc4a1c1a,"Group_formation,_and_dynamics_for_financial_inclusion",Nas300,20/05/2025 14:37
2e4687d7-0ec7-4069-b1d8-ac90d6b9d8a1,ICT_solutions_for_agriculture,Nas300,20/05/2025 14:37
6e4bba15-df1f-4ddc-a832-9ea3c9bcb301,GAP_&_crop_management,Nas300,20/05/2025 14:37
e265bd03-6bf7-4ab7-8210-94676fffd2ab,Comm._Partner_Registration,Nas301,20/05/2025 14:37
076948bd-6b8b-4411-b40f-8a3971fd4625,"Group_formation,_and_dynamics_for_financial_inclusion",Nas301,20/05/2025 14:37
a3164d57-9d81-4859-a399-b9483142f5a8,ICT_solutions_for_agriculture,Nas301,20/05/2025 14:37
a8e45e3f-2633-4ee7-bfb7-bcf8bf6e6eba,GAP_&_crop_management,Nas301,20/05/2025 14:37
1a3fb490-0705-4592-b14f-26a258eca231,Comm._Partner_Registration,Nas302,20/05/2025 14:38
b46464a5-af9c-4c4e-9a88-15d63d7cef44,"Group_formation,_and_dynamics_for_financial_inclusion",Nas302,20/05/2025 14:38
7b4655d9-3ccd-4868-a3bc-ebee007f0d68,ICT_solutions_for_agriculture,Nas302,20/05/2025 14:38
84ba37f4-fc43-46ec-adad-42e89bbe44b7,GAP_&_crop_management,Nas302,20/05/2025 14:38
b54553b2-0e56-4e36-9e76-faf4b456fe37,Comm._Partner_Registration,Nas303,20/05/2025 14:38
9daf76aa-8ff8-45b9-9674-987f82430db6,"Group_formation,_and_dynamics_for_financial_inclusion",Nas303,20/05/2025 14:38
0e712189-dbfe-4da3-989d-ed71cae16b0e,ICT_solutions_for_agriculture,Nas303,20/05/2025 14:38
d0408d5f-3a42-4a43-aa13-6b3ff9864714,Comm._Partner_Registration,Nas304,20/05/2025 14:38
49945711-5f02-4500-9445-4afc1c76a1e4,"Group_formation,_and_dynamics_for_financial_inclusion",Nas304,20/05/2025 14:38
35499869-3515-458f-8165-fb72bf183c79,ICT_solutions_for_agriculture,Nas304,20/05/2025 14:38
17e28eb3-c57a-4902-8450-581df3e264fb,GAP_&_crop_management,Nas304,20/05/2025 14:38
de40830e-bfc1-46b5-8e61-a418dfc48894,Comm._Partner_Registration,Nas305,20/05/2025 14:38
31f3c5fa-3be0-4f24-8096-8ccb8e9bd680,"Group_formation,_and_dynamics_for_financial_inclusion",Nas305,20/05/2025 14:38
5b4adcba-b0ab-44b1-84b2-788dc7ea5a57,ICT_solutions_for_agriculture,Nas305,20/05/2025 14:38
5e7b828e-5b82-4705-9b5a-d8a0ba12d064,GAP_&_crop_management,Nas305,20/05/2025 14:38
e941582c-e7f3-4eae-9218-1280e83629b5,Comm._Partner_Registration,Nas306,20/05/2025 14:38
abe4ee66-5343-402b-89ee-1080e2f8a9e9,"Group_formation,_and_dynamics_for_financial_inclusion",Nas306,20/05/2025 14:38
95c56147-3de6-4055-b722-f34876ed9678,ICT_solutions_for_agriculture,Nas306,20/05/2025 14:38
9b3348d2-fe3e-456e-997e-cf6cb9997657,GAP_&_crop_management,Nas306,20/05/2025 14:38
bd6ee264-a6e6-4e6b-b273-62f3ffa51c6f,Comm._Partner_Registration,Nas307,20/05/2025 14:38
2b772a08-90cc-4137-95c2-6e56200f82a8,"Group_formation,_and_dynamics_for_financial_inclusion",Nas307,20/05/2025 14:38
5aeea036-6ae0-46ca-a568-d397243547b0,ICT_solutions_for_agriculture,Nas307,20/05/2025 14:38
abc4af6c-2163-4d2f-ab14-c1f9346c4378,GAP_&_crop_management,Nas307,20/05/2025 14:38
8b95f165-c71a-493d-a907-4a85809b1cd1,Comm._Partner_Registration,Dom300,20/05/2025 14:38
22f51a87-6d86-45e3-800a-186409ed1ea7,"Group_formation,_and_dynamics_for_financial_inclusion",Dom300,20/05/2025 14:38
67e292e1-6b2e-4735-86a3-e34146d82d8c,ICT_solutions_for_agriculture,Dom300,20/05/2025 14:38
482da2b3-06a3-4b48-a4a8-d813d8bdd5b7,Comm._Partner_Registration,Dom300,20/05/2025 14:38
5be5f0a8-0649-4722-8f0b-87eae66c5ba4,GAP_&_crop_management,Dom300,20/05/2025 14:38
f09aa47d-9a67-41b1-a894-90630618b91b,Comm._Partner_Registration,Dom301,20/05/2025 14:38
9ceef32b-b2d0-4137-bb12-363dd13dc515,"Group_formation,_and_dynamics_for_financial_inclusion",Dom301,20/05/2025 14:38
9b929a01-ac67-41c2-8c82-47497a85ec7f,ICT_solutions_for_agriculture,Dom301,20/05/2025 14:38
f31f6ffb-01cb-4b24-9438-40d3bc061668,GAP_&_crop_management,Dom301,20/05/2025 14:38
49386505-ae4e-4eb6-a98c-fe6f7738cf74,Comm._Partner_Registration,Dom302,20/05/2025 14:38
4a5e9df6-dae4-4f6f-85f8-c27792d20012,"Group_formation,_and_dynamics_for_financial_inclusion",Dom302,20/05/2025 14:38
9f82ecfa-2500-4caa-81ee-cf040bd24006,ICT_solutions_for_agriculture,Dom302,20/05/2025 14:38
a37e360e-482d-4081-bfcf-eb820a4b1047,GAP_&_crop_management,Dom302,20/05/2025 14:38
204f4016-b380-4a71-9c53-d6c136b086df,Comm._Partner_Registration,Dom303,20/05/2025 14:38
b9808ee3-df3d-44e1-bd9d-cad435be92bb,"Group_formation,_and_dynamics_for_financial_inclusion",Dom303,20/05/2025 14:38
216b3832-1aa3-426e-8fb7-7f2dc35ae222,ICT_solutions_for_agriculture,Dom303,20/05/2025 14:38
161290a2-410f-4e15-8812-62c7c1abe835,GAP_&_crop_management,Dom303,20/05/2025 14:38
58e2def0-85ce-4e59-a43b-05c6132c185d,Comm._Partner_Registration,Dom304,20/05/2025 14:38
83798e3d-233b-47ee-997d-1651b6990f44,"Group_formation,_and_dynamics_for_financial_inclusion",Dom304,20/05/2025 14:38
700d9b61-7728-4d6d-bcaf-1d5688efb846,Comm._Partner_Registration,Dom304,20/05/2025 14:38
467e68b3-400a-4f88-883d-0eec36e0e330,ICT_solutions_for_agriculture,Dom304,20/05/2025 14:38
4a46360b-aa86-498b-8142-7a3ddfcab380,GAP_&_crop_management,Dom304,20/05/2025 14:38
7ce7922a-8837-406d-af3c-c706b169db5d,Comm._Partner_Registration,Dom305,20/05/2025 14:38
5fb3e46a-4039-4f63-a01f-068508c2423b,"Group_formation,_and_dynamics_for_financial_inclusion",Dom305,20/05/2025 14:38
5d599b3a-ecbd-4e12-b2fe-8f9754053490,ICT_solutions_for_agriculture,Dom305,20/05/2025 14:38
4a4d7b1e-c465-4d40-b5d8-d8655cdd6856,GAP_&_crop_management,Dom305,20/05/2025 14:38
ea15f94f-94d2-4709-a243-d0aaa7234272,Comm._Partner_Registration,Dom306,20/05/2025 14:38
aefdccdd-dec1-4ccd-aa98-e97a615468e1,"Group_formation,_and_dynamics_for_financial_inclusion",Dom306,20/05/2025 14:38
3f791819-ec91-4dbc-b17f-e4036da1e4af,ICT_solutions_for_agriculture,Dom306,20/05/2025 14:38
96ba1778-72dc-4a27-ad05-49d84d0674bc,GAP_&_crop_management,Dom306,20/05/2025 14:38
e9072c13-e870-4ceb-93ec-7c294d169062,Comm._Partner_Registration,Dom307,20/05/2025 14:38
b79dc115-4251-476b-b0cc-808ed7899f10,"Group_formation,_and_dynamics_for_financial_inclusion",Dom307,20/05/2025 14:38
c37416fb-1c2b-4924-8aa8-126b51cc8883,ICT_solutions_for_agriculture,Dom307,20/05/2025 14:38
459327aa-f7d3-4a96-83e9-84de005283ca,GAP_&_crop_management,Dom307,20/05/2025 14:38
50073916-553e-454f-8a27-7d91e661d8dc,Comm._Partner_Registration,Mak300,20/05/2025 14:38
b327aa2d-932c-4d8f-b25f-2787c840a6f5,"Group_formation,_and_dynamics_for_financial_inclusion",Mak300,20/05/2025 14:38
fb6cda11-e5ef-431d-9887-b939a60d0dcd,ICT_solutions_for_agriculture,Mak300,20/05/2025 14:38
dec08845-097e-430d-bc64-9edcb1eaa600,GAP_&_crop_management,Mak300,20/05/2025 14:39
4a5db3df-ac6f-4aa0-98b4-04998585aad7,Comm._Partner_Registration,Mak301,20/05/2025 14:39
b5fd5674-6c60-4996-ab86-f9cded1e4d2d,"Group_formation,_and_dynamics_for_financial_inclusion",Mak301,20/05/2025 14:39
795d8b38-c94a-4cb4-81c0-10771a8019b7,ICT_solutions_for_agriculture,Mak301,20/05/2025 14:39
1ef26109-d63b-446e-8d33-a9e9c6a5b239,GAP_&_crop_management,Mak301,20/05/2025 14:39
980288ad-41ac-4ba3-8b57-8dd0ae921e2b,Comm._Partner_Registration,Mak302,20/05/2025 14:39
c26f86e4-b960-4fce-80cf-8ba0fa711eae,"Group_formation,_and_dynamics_for_financial_inclusion",Mak302,20/05/2025 14:39
9b1dcd69-b7cc-45bf-b369-deb2b3d621aa,ICT_solutions_for_agriculture,Mak302,20/05/2025 14:39
16b022c9-e956-41e0-b324-d56263260c32,GAP_&_crop_management,Mak302,20/05/2025 14:39
b971cc4c-86f4-40a1-9d19-444fb790d325,Comm._Partner_Registration,Mak303,20/05/2025 14:39
33f9c1dd-5ed3-49dc-bd7c-1800248cc634,"Group_formation,_and_dynamics_for_financial_inclusion",Mak303,20/05/2025 14:39
b40ee9a9-7903-48fc-b8bd-c2476f89632e,ICT_solutions_for_agriculture,Mak303,20/05/2025 14:39
d35e0381-b1c4-44cc-85e7-24681d8f9cec,GAP_&_crop_management,Mak303,20/05/2025 14:39
c0ff8ebe-0c07-4a19-853d-a3bcdd9b9556,Comm._Partner_Registration,Mak304,20/05/2025 14:39
ae333537-2a58-4c4d-a5e9-0d8faf3d09b9,"Group_formation,_and_dynamics_for_financial_inclusion",Mak304,20/05/2025 14:39
d4dbc33c-d6c6-42f9-b20d-f15463f4b174,ICT_solutions_for_agriculture,Mak304,20/05/2025 14:39
dd816cbe-fbb3-4738-95fa-ddadd9f0f86b,GAP_&_crop_management,Mak304,20/05/2025 14:39
e9fdae11-532b-4f75-941a-56e6551fbbbf,Comm._Partner_Registration,Mak305,20/05/2025 14:39
88081217-72f8-4d99-9e7b-21fd7bfb941a,"Group_formation,_and_dynamics_for_financial_inclusion",Mak305,20/05/2025 14:39
0a7047a3-358d-40a4-ae03-41856521da62,ICT_solutions_for_agriculture,Mak305,20/05/2025 14:39
38f3dbd2-12a0-4a8f-a9a9-c68761da5a5a,GAP_&_crop_management,Mak305,20/05/2025 14:39
d1024ac9-32fc-42d9-b41b-7e39ea16da15,Comm._Partner_Registration,Gee300,20/05/2025 14:39
333dd5f2-751d-4cab-b8e6-6bfb5d1c0985,"Group_formation,_and_dynamics_for_financial_inclusion",Gee300,20/05/2025 14:39
a5ed0215-b7ce-4388-aa41-4d503369a590,ICT_solutions_for_agriculture,Gee300,20/05/2025 14:39
e5243528-fb4e-458b-ac0c-d4fbf49861bc,GAP_&_crop_management,Gee300,20/05/2025 14:39
8b6f9896-08b9-48d3-912c-198f85c5479a,Comm._Partner_Registration,Gee301,20/05/2025 14:39
3f63f562-209b-4731-8c96-34aeb3678df0,"Group_formation,_and_dynamics_for_financial_inclusion",Gee301,20/05/2025 14:39
0a0a69d6-cf77-4b23-a728-a7bac28af7fd,ICT_solutions_for_agriculture,Gee301,20/05/2025 14:39
e69a1bcb-b1b6-4e0f-9139-8aaf6a18bf0e,GAP_&_crop_management,Gee301,20/05/2025 14:39
56b0a9a7-0fc1-4db8-bd2e-21c4e58beddf,Comm._Partner_Registration,Gee303,20/05/2025 14:39
7c1d7127-a029-4713-980b-5f204c6f3c64,"Group_formation,_and_dynamics_for_financial_inclusion",Gee303,20/05/2025 14:39
0ea6ec62-2361-46b6-84f7-7a170e260d76,ICT_solutions_for_agriculture,Gee303,20/05/2025 14:39
184d6630-d4c6-4292-8c16-73b7834f5ce7,GAP_&_crop_management,Gee303,20/05/2025 14:39
8e43d97c-3226-491f-9272-0971c3cdc8f9,Comm._Partner_Registration,Gee304,20/05/2025 14:39
442dbe20-0fa0-4f5e-9f0d-64d11e9ded79,"Group_formation,_and_dynamics_for_financial_inclusion",Gee304,20/05/2025 14:39
f5960549-9ded-47ea-937d-a8d4be24cdb0,ICT_solutions_for_agriculture,Gee304,20/05/2025 14:39
2ad902de-f08f-4b9b-bcaf-b5392f7a682d,GAP_&_crop_management,Gee304,20/05/2025 14:39
210b527b-faa3-4306-a79c-f8ac448c5e72,Comm._Partner_Registration,Gee305,20/05/2025 14:39
7784aeb9-1c9e-435a-89b4-346cb1a17699,"Group_formation,_and_dynamics_for_financial_inclusion",Gee305,20/05/2025 14:39
79ccee4a-ac49-4ca2-8417-7fc409925206,ICT_solutions_for_agriculture,Gee305,20/05/2025 14:39
fd7c6564-60ef-4a2b-869b-1fa97d0015af,GAP_&_crop_management,Gee305,20/05/2025 14:39
b822f8c3-7059-44e2-a430-5565aaf19598,Comm._Partner_Registration,Gee306,20/05/2025 16:58
8293eec7-ec43-47b4-92b5-572261693929,"Group_formation,_and_dynamics_for_financial_inclusion",Gee306,20/05/2025 16:58
f7351c26-9b07-40a5-b3f4-dd5e1b96408c,ICT_solutions_for_agriculture,Gee306,20/05/2025 16:58
45510f95-51f0-4b48-a02c-9a4dfffb4b33,GAP_&_crop_management,Gee306,20/05/2025 16:58
c3484ad8-e127-4910-9a82-bbe287aa11cd,Comm._Partner_Registration,Gee307,20/05/2025 16:58
b0fa897b-0ee1-411f-8732-448635890927,"Group_formation,_and_dynamics_for_financial_inclusion",Gee307,20/05/2025 16:58
6d74c669-aa1b-4b36-8081-8736d185a064,ICT_solutions_for_agriculture,Gee307,20/05/2025 16:58
f4a9841d-921f-42e4-961a-c56159141427,Comm._Partner_Registration,Gee308,20/05/2025 16:58
995bccfc-625b-427b-af1a-d9f73237d6a2,"Group_formation,_and_dynamics_for_financial_inclusion",Gee308,20/05/2025 16:58
905a10f8-ed61-450c-8ba6-03ab14a6a165,ICT_solutions_for_agriculture,Gee308,20/05/2025 16:58
4a1281cb-50fd-43b1-abd5-6c8201b7c271,GAP_&_crop_management,Gee308,20/05/2025 16:58
10c1b4a5-b433-48cb-9a87-ed5accb60090,GAP_&_crop_management,Gee307,20/05/2025 16:58
8722194f-3e42-4215-b1a7-a695a788cf91,Comm._Partner_Registration,Gee309,20/05/2025 16:58
15d7e91a-6fb8-478f-803f-e7c19b6a6b1f,"Group_formation,_and_dynamics_for_financial_inclusion",Gee309,20/05/2025 16:58
ec096337-9150-4672-89c1-5cae6c21e37d,ICT_solutions_for_agriculture,Gee309,20/05/2025 16:58
c9b75108-1d06-4d8f-82e3-8bb9454ef254,GAP_&_crop_management,Gee309,20/05/2025 16:58
43bc6376-9df9-4338-bdcb-99c2d0a7110e,Comm._Partner_Registration,Gee310,20/05/2025 16:58
65373393-4ef2-43ca-9281-ebe07b34137b,"Group_formation,_and_dynamics_for_financial_inclusion",Gee310,20/05/2025 16:58
013b66a0-3c4c-40c5-a219-7275b0b83423,ICT_solutions_for_agriculture,Gee310,20/05/2025 16:58
ecad0ee5-5cb1-48d3-a199-8390e7037f60,GAP_&_crop_management,Gee310,20/05/2025 16:58
6e2c2c0b-8c0c-4077-aab9-8224caa0927b,Comm._Partner_Registration,Gee311,20/05/2025 16:58
b9f816d0-103a-4fd7-99d4-abc90b6a2910,"Group_formation,_and_dynamics_for_financial_inclusion",Gee311,20/05/2025 16:58
9b828a2d-d633-4052-bc55-46fb57213d36,ICT_solutions_for_agriculture,Gee311,20/05/2025 16:58
6f3c54a0-581c-4210-beb4-b816396982f2,GAP_&_crop_management,Gee311,20/05/2025 16:58
84f8221f-1d86-41f6-9de5-d41480a2a946,Comm._Partner_Registration,Gee312,20/05/2025 16:58
8547d277-a2ad-4ad0-a425-f792686ad0ba,"Group_formation,_and_dynamics_for_financial_inclusion",Gee312,20/05/2025 16:58
32907238-7d91-45c9-8e7c-f1800875083d,ICT_solutions_for_agriculture,Gee312,20/05/2025 16:58
9c4ad9a0-d5f3-4c9c-8fb3-40a7580dc146,GAP_&_crop_management,Gee312,20/05/2025 16:58
1fa2388d-57ab-4892-962b-4b94a2b61e82,Comm._Partner_Registration,Gee313,20/05/2025 16:58
dcb747e4-fddf-4110-9d25-228f8781ca28,"Group_formation,_and_dynamics_for_financial_inclusion",Gee313,20/05/2025 16:58
3f7df3fd-84bf-411c-a054-f1a93d4bbf7a,ICT_solutions_for_agriculture,Gee313,20/05/2025 16:58
3a29ce60-2d44-451a-b4ff-3729b13a43c4,GAP_&_crop_management,Gee313,20/05/2025 16:58
aa699711-841d-4bcb-8b10-c9e518e85657,Comm._Partner_Registration,Gee314,20/05/2025 16:58
2235c66a-2ee8-4bda-bb87-536d191a186e,"Group_formation,_and_dynamics_for_financial_inclusion",Gee314,20/05/2025 16:58
864c00c4-eada-4576-93a5-65879f6f3609,ICT_solutions_for_agriculture,Gee314,20/05/2025 16:58
6c6b646a-a6e9-4bc6-ae05-d391702a0f9c,GAP_&_crop_management,Gee314,20/05/2025 16:59
38b1c64a-c5fc-4786-b4c5-d6c3c044d61b,Comm._Partner_Registration,Gee315,20/05/2025 16:59
0993bf7f-f2fd-4080-a267-3fb9ebddad1b,"Group_formation,_and_dynamics_for_financial_inclusion",Gee315,20/05/2025 16:59
3505a6ef-5844-4f31-8b1f-5f7741f66300,ICT_solutions_for_agriculture,Gee315,20/05/2025 16:59
a1dea19f-936e-45e1-a0e8-9ad7c880bbfc,GAP_&_crop_management,Gee315,20/05/2025 16:59
d312ddef-b509-4caa-83a7-658fe3b86ff5,Comm._Partner_Registration,Gee316,20/05/2025 16:59
c9684b5c-731d-4bd5-a035-f7c05968239f,"Group_formation,_and_dynamics_for_financial_inclusion",Gee316,20/05/2025 16:59
839e1714-c17e-47cc-8a2a-4fced5f268d2,ICT_solutions_for_agriculture,Gee316,20/05/2025 16:59
2db71897-4c10-4983-adf6-54bc58227376,GAP_&_crop_management,Gee316,20/05/2025 16:59
083a27b2-d39e-4abb-a8aa-a38c065b706b,Comm._Partner_Registration,Gee317,20/05/2025 16:59
2c7d1f29-c638-4013-8539-4e3a23b6c645,"Group_formation,_and_dynamics_for_financial_inclusion",Gee317,20/05/2025 16:59
2504188a-16b5-4e39-aa9d-6308d94fb80f,ICT_solutions_for_agriculture,Gee317,20/05/2025 16:59
1b5a5445-f72b-426c-a96e-7a49e12a7121,GAP_&_crop_management,Gee317,20/05/2025 16:59
a165449d-998c-4dbe-9723-d6eebb9b0475,Comm._Partner_Registration,Gee318,20/05/2025 16:59
2378221b-6d96-43ec-a0a0-b7525bc2244f,"Group_formation,_and_dynamics_for_financial_inclusion",Gee318,20/05/2025 16:59
c1d2bb0e-e837-477b-a7e4-edb1679ddb02,ICT_solutions_for_agriculture,Gee318,20/05/2025 16:59
2fa39837-4aa3-477a-b8df-1b36bfe5306d,GAP_&_crop_management,Gee318,20/05/2025 16:59
3c6f428d-db60-420a-b3ea-26825a295179,Comm._Partner_Registration,Tar301,20/05/2025 16:59
d0a64c6f-87f9-48ad-b7e4-2de5dac541ae,"Group_formation,_and_dynamics_for_financial_inclusion",Tar301,20/05/2025 16:59
06b7f60d-33cc-4256-9aa5-c544b00006b4,ICT_solutions_for_agriculture,Tar301,20/05/2025 16:59
ef917d05-2a8a-4298-82e6-20f4d5c6925d,GAP_&_crop_management,Tar301,20/05/2025 16:59
89fb0c14-a828-410b-a32a-ec49c9d81e99,Comm._Partner_Registration,Tar302,20/05/2025 16:59
7c9143bf-a032-428b-8d7c-8c9c8e65df9a,"Group_formation,_and_dynamics_for_financial_inclusion",Tar302,20/05/2025 16:59
ce2ac555-7c5b-4379-bd9d-12bbcc50b0c2,ICT_solutions_for_agriculture,Tar302,20/05/2025 16:59
65234696-8e5c-4cfd-b91c-faf35c568379,GAP_&_crop_management,Tar302,20/05/2025 16:59
87c03b7a-b720-44fe-8123-90ec3ec187e2,Comm._Partner_Registration,Tar303,20/05/2025 16:59
f436d5b5-54c9-434a-90de-55fcb514ddd0,"Group_formation,_and_dynamics_for_financial_inclusion",Tar303,20/05/2025 16:59
ce3af781-4ecc-4796-a385-dc8cfe5b7763,ICT_solutions_for_agriculture,Tar303,20/05/2025 16:59
8df04fde-2c3a-4640-a141-9a17c3223d85,GAP_&_crop_management,Tar303,20/05/2025 16:59
a6e828c8-b90b-403f-ba18-f04fc0cf9df1,Comm._Partner_Registration,Tar304,20/05/2025 16:59
2fd5fab1-4fd9-4992-b677-f039a6750d6d,"Group_formation,_and_dynamics_for_financial_inclusion",Tar304,20/05/2025 16:59
efa69941-fcb9-46dc-8a87-2eb645a32b0a,ICT_solutions_for_agriculture,Tar304,20/05/2025 16:59
3c858416-25a4-482d-8959-393a5bc13261,GAP_&_crop_management,Tar304,20/05/2025 16:59
4622bbcd-fafe-470b-92ef-1efab16625eb,Comm._Partner_Registration,Tar305,20/05/2025 16:59
78c98808-a74f-4f7a-9ab9-c29aeccf9b13,"Group_formation,_and_dynamics_for_financial_inclusion",Tar305,20/05/2025 16:59
6a09b63c-706b-4472-b7fc-75296d73663e,ICT_solutions_for_agriculture,Tar305,20/05/2025 16:59
be3e4a05-a55a-4767-bbcc-51c109044ee1,GAP_&_crop_management,Tar305,20/05/2025 16:59
a66758c9-a766-47c0-b552-d349a7a29d0d,Comm._Partner_Registration,Tar306,20/05/2025 16:59
28aaf11a-ea70-47a0-8100-64b61cb35b30,"Group_formation,_and_dynamics_for_financial_inclusion",Tar306,20/05/2025 16:59
4581048d-912f-4719-96b0-b96fd583de4c,ICT_solutions_for_agriculture,Tar306,20/05/2025 16:59
2714675e-4fe3-4d20-b548-32bd0ab62f0a,GAP_&_crop_management,Tar306,20/05/2025 16:59
b21efa01-d93b-421f-8188-727bda07e2f9,Comm._Partner_Registration,Tar307,20/05/2025 16:59
0b4a0d07-4120-4ed4-9915-8599c6fe7875,"Group_formation,_and_dynamics_for_financial_inclusion",Tar307,20/05/2025 16:59
1be27afa-a352-4752-a1c2-a816b7fab7d2,ICT_solutions_for_agriculture,Tar307,20/05/2025 16:59
6d1bbd35-9481-4315-b67a-75656fb1e926,GAP_&_crop_management,Tar307,20/05/2025 16:59
790e38e0-6fec-4c8b-9d48-0505982541c2,Comm._Partner_Registration,Tar308,20/05/2025 16:59
ae5b2a00-5142-49cd-bcc4-e79b81ba88db,"Group_formation,_and_dynamics_for_financial_inclusion",Tar308,20/05/2025 16:59
990c4427-f629-472f-ac1c-4d703f43569f,ICT_solutions_for_agriculture,Tar308,20/05/2025 16:59
f525b641-1a4d-41ba-9078-07c1c5a64a0a,GAP_&_crop_management,Tar308,20/05/2025 16:59
48091b90-1109-4056-ade2-37bf872f6a53,Comm._Partner_Registration,Tar309,20/05/2025 16:59
eab9b9ff-8ada-4a87-ba78-429d1cc8a25a,"Group_formation,_and_dynamics_for_financial_inclusion",Tar309,20/05/2025 16:59
5ddbc3d2-94a2-4e7b-9460-cb81aff4d3fe,ICT_solutions_for_agriculture,Tar309,20/05/2025 16:59
398c4e9f-5207-4c99-a956-ae8df6e9fbf9,GAP_&_crop_management,Tar309,20/05/2025 16:59
2a4ee1ba-cf03-4f89-a830-45166daaf275,Comm._Partner_Registration,Chk300,20/05/2025 16:59
cdc1541f-02f2-4729-bb68-19f7df5fdce1,"Group_formation,_and_dynamics_for_financial_inclusion",Chk300,20/05/2025 16:59
212ba392-f3eb-4670-9887-0011fbe33bfb,ICT_solutions_for_agriculture,Chk300,20/05/2025 16:59
ef2f06ce-5c5e-4bd1-b522-0fa663c3f41b,GAP_&_crop_management,Chk300,20/05/2025 16:59
b240c245-fec2-43ab-a06a-460fac69cc2b,Comm._Partner_Registration,Chk301,20/05/2025 16:59
70273d4f-d97a-4f24-ad69-2fd947b1bde7,"Group_formation,_and_dynamics_for_financial_inclusion",Chk301,20/05/2025 16:59
61197cde-7ff0-45ab-9c55-3111786cf5e5,ICT_solutions_for_agriculture,Chk301,20/05/2025 16:59
abb1991f-ce8a-47ab-880e-4ab4c8e196a3,GAP_&_crop_management,Chk301,20/05/2025 16:59
4b040c00-a803-467a-ba6e-90357a2b2aac,Comm._Partner_Registration,Chk302,20/05/2025 17:00
9cb5fedf-c071-4257-8b70-eefad9595fbc,"Group_formation,_and_dynamics_for_financial_inclusion",Chk302,20/05/2025 17:00
26a86e5f-f99a-48fd-a325-ab19e915b2fe,ICT_solutions_for_agriculture,Chk302,20/05/2025 17:00
aafefdb9-9144-43c0-959d-a8b78276ffdb,GAP_&_crop_management,Chk302,20/05/2025 17:00
8c36903b-13fe-4cb8-8d9b-6daedc7488c6,Comm._Partner_Registration,Chk303,20/05/2025 17:00
35375d88-bad2-4b8a-9841-b18258f7e470,"Group_formation,_and_dynamics_for_financial_inclusion",Chk303,20/05/2025 17:00
4d67c2ea-4eb7-4ee1-96e8-60a5aca22b00,ICT_solutions_for_agriculture,Chk303,20/05/2025 17:00
8cfb0a74-820c-4b6e-8f91-d648089e6ca2,GAP_&_crop_management,Chk303,20/05/2025 17:00
66dd4aa2-f878-4b8d-b738-dd26cb535fc6,Comm._Partner_Registration,Chk304,20/05/2025 17:00
4958424f-8571-46b4-8861-af5948a22821,"Group_formation,_and_dynamics_for_financial_inclusion",Chk304,20/05/2025 17:00
08a25825-6dc8-4277-8cba-0805be824de6,ICT_solutions_for_agriculture,Chk304,20/05/2025 17:00
0a2fab2a-8398-4d60-9840-3d4fd7a8686f,GAP_&_crop_management,Chk304,20/05/2025 17:00
37732592-efd1-4b95-a3fa-1a70c8b50a0a,Comm._Partner_Registration,Chk305,20/05/2025 17:00
daa44272-8edf-4a83-83d7-b8a20d693c02,"Group_formation,_and_dynamics_for_financial_inclusion",Chk305,20/05/2025 17:00
05aa7510-26e0-44c0-b4c4-79b16870855c,ICT_solutions_for_agriculture,Chk305,20/05/2025 17:00
6d82da1f-8f9d-460b-9247-f45180a583a7,GAP_&_crop_management,Chk305,20/05/2025 17:00
4eb16f5d-07f6-4272-8306-b77f010e101c,Comm._Partner_Registration,Chk306,20/05/2025 17:00
f590af53-e80e-42fc-9d8d-b4c94e314d99,"Group_formation,_and_dynamics_for_financial_inclusion",Chk306,20/05/2025 17:00
5245559e-e976-4cad-b2b8-47be8674516c,ICT_solutions_for_agriculture,Chk306,20/05/2025 17:00
1a6c554a-e58a-4a00-88d4-990a6cc731b2,GAP_&_crop_management,Chk306,20/05/2025 17:00
a3144a74-af98-416a-bf88-46f75633e010,Comm._Partner_Registration,Chk307,20/05/2025 17:00
ef9f1da3-3d16-46a8-a1ea-aec6a66691f4,"Group_formation,_and_dynamics_for_financial_inclusion",Chk307,20/05/2025 17:00
b648c59a-5381-42d3-8746-7ff05d589e3f,ICT_solutions_for_agriculture,Chk307,20/05/2025 17:00
7dbbe1eb-48c1-412f-a8ad-530ead2e3bbb,GAP_&_crop_management,Chk307,20/05/2025 17:00
e8d9980e-739b-45f8-a52b-c34bddbe1ceb,Comm._Partner_Registration,Chk308,20/05/2025 17:00
ee169dc3-3ef1-40a2-9ded-49a857995952,"Group_formation,_and_dynamics_for_financial_inclusion",Chk308,20/05/2025 17:00
cfd5f918-edde-4724-bba9-2e24ac548924,ICT_solutions_for_agriculture,Chk308,20/05/2025 17:00
f694f435-c5e2-40f3-b020-9c9ee5debb8e,GAP_&_crop_management,Chk308,20/05/2025 17:00
14591fac-f4c8-4eea-a627-a63cc7e0e00b,Comm._Partner_Registration,Chk309,20/05/2025 17:00
2524760f-42ef-4888-9f9b-a3c80f04729c,"Group_formation,_and_dynamics_for_financial_inclusion",Chk309,20/05/2025 17:00
768c6210-8492-4f6c-af95-cc9cb924c778,ICT_solutions_for_agriculture,Chk309,20/05/2025 17:00
816da99c-f773-4ba9-be7c-7b33f185d7b8,GAP_&_crop_management,Chk309,20/05/2025 17:00
70bb5798-8bc8-4a9a-beb3-c9064806ed58,Comm._Partner_Registration,Chk310,20/05/2025 17:00
637975c0-4870-40e9-af91-5d1f93f58407,"Group_formation,_and_dynamics_for_financial_inclusion",Chk310,20/05/2025 17:00
b06fc39b-55b6-4db0-bfa5-1f588aeccf6a,ICT_solutions_for_agriculture,Chk310,20/05/2025 17:00
e4ed1aa0-a24a-4e3a-b88c-b70e694bde41,GAP_&_crop_management,Chk310,20/05/2025 17:00
7aa6ef35-1f2f-41d6-bed6-476a0fc2b67f,Comm._Partner_Registration,Chk311,20/05/2025 17:00
c4179308-6f11-43fc-b8e6-da0f9c428640,"Group_formation,_and_dynamics_for_financial_inclusion",Chk311,20/05/2025 17:00
294c308b-7a5d-492f-bbe3-de7f552c7c3c,ICT_solutions_for_agriculture,Chk311,20/05/2025 17:00
3351dced-549a-4a33-8937-e05f1e6238be,GAP_&_crop_management,Chk311,20/05/2025 17:00
5acd8170-a718-4dbf-aee1-d106d306a96d,Comm._Partner_Registration,Chk312,20/05/2025 17:00
0c195492-2d47-4622-9f49-6cbf3953eab0,"Group_formation,_and_dynamics_for_financial_inclusion",Chk312,20/05/2025 17:00
2b46e7c8-d37c-41b8-a7e1-6d7e45ca2de1,ICT_solutions_for_agriculture,Chk312,20/05/2025 17:00
32b457b3-5228-4a6a-aaa7-0497be5d953a,GAP_&_crop_management,Chk312,20/05/2025 17:00
880e0171-c71b-43ae-8b10-29f73813a04e,Comm._Partner_Registration,Chk313,20/05/2025 17:00
6a9c8273-22f3-4959-b2af-6319c671fc8f,"Group_formation,_and_dynamics_for_financial_inclusion",Chk313,20/05/2025 17:00
f7aae307-83fb-4fa6-a926-efe95c363ccb,ICT_solutions_for_agriculture,Chk313,20/05/2025 17:00
3d4bc255-80f7-4e60-bf3f-49efd5c30055,GAP_&_crop_management,Chk313,20/05/2025 17:00
9a60e430-b719-47f6-9a94-146dfa4d4da4,Comm._Partner_Registration,Kag300,20/05/2025 17:00
1b1071ec-9038-49f0-aef3-f7469a00ad93,"Group_formation,_and_dynamics_for_financial_inclusion",Kag300,20/05/2025 17:00
7eba8667-ca4e-4c06-b50a-d5bf7342cf48,ICT_solutions_for_agriculture,Kag300,20/05/2025 17:00
290bc565-084b-446f-a858-562bab1a3ce8,GAP_&_crop_management,Kag300,20/05/2025 17:00
4b6abcde-7059-4a4f-82e7-28a54ac01b3f,Comm._Partner_Registration,Kag301,20/05/2025 17:00
0e99e506-44e0-460d-af58-dcc0473d391e,"Group_formation,_and_dynamics_for_financial_inclusion",Kag301,20/05/2025 17:00
b2edc860-c67d-47a9-a9ff-50516e31d47b,ICT_solutions_for_agriculture,Kag301,20/05/2025 17:00
04565998-265f-45c0-af10-52fde84a1bf1,GAP_&_crop_management,Kag301,20/05/2025 17:00
754c16c9-243b-489e-9f1f-c239961c9fcd,Comm._Partner_Registration,Kag302,20/05/2025 17:00
d19ee022-7d26-43de-b249-69c5950ce023,"Group_formation,_and_dynamics_for_financial_inclusion",Kag302,20/05/2025 17:00
d4ecb9e2-5936-41ab-a9d4-99b71770637c,ICT_solutions_for_agriculture,Kag302,20/05/2025 17:00
45b8c122-e78d-4a93-8637-6ea9560097b5,GAP_&_crop_management,Kag302,20/05/2025 17:00
d3904ff4-79f4-4c97-b1c0-13c5114087f5,Comm._Partner_Registration,Kag303,20/05/2025 17:00
7abf9868-7dd7-4d74-9003-9f81c86821da,"Group_formation,_and_dynamics_for_financial_inclusion",Kag303,20/05/2025 17:01
788aeb96-d605-4444-8f78-f75676c83ad1,ICT_solutions_for_agriculture,Kag303,20/05/2025 17:01
534f0d80-f8e6-4794-93ba-5b350f7753e9,GAP_&_crop_management,Kag303,20/05/2025 17:01
b2541f1b-852a-4353-86f2-bc4af0a57ae4,Comm._Partner_Registration,Kag304,20/05/2025 17:01
d5bbe34d-6254-4e06-9655-a620c42b1644,"Group_formation,_and_dynamics_for_financial_inclusion",Kag304,20/05/2025 17:01
f0c69dd6-7f33-4c06-a99f-4f6b8a45fec9,ICT_solutions_for_agriculture,Kag304,20/05/2025 17:01
af318a45-eafd-4a87-975e-87e049e358cc,GAP_&_crop_management,Kag304,20/05/2025 17:01
c42924fe-8a8b-47fd-a08f-a29dd6d43d70,Comm._Partner_Registration,Kag305,20/05/2025 17:01
e5540660-1fce-4071-835d-80dbb3cb2143,"Group_formation,_and_dynamics_for_financial_inclusion",Kag305,20/05/2025 17:01
cc851300-30c6-4281-984c-a5985343ec13,ICT_solutions_for_agriculture,Kag305,20/05/2025 17:01
b3daa2c3-bea9-4045-843e-cf15c1def4fe,GAP_&_crop_management,Kag305,20/05/2025 17:01
33f4bdfa-c634-4cad-aa42-14755ebaa881,Comm._Partner_Registration,Kag306,20/05/2025 17:01
3dcfd573-ddf8-4ec8-8800-d0eb2a4d5b2e,"Group_formation,_and_dynamics_for_financial_inclusion",Kag306,20/05/2025 17:05
30993d95-7d20-40d1-9a7f-328be6beac82,ICT_solutions_for_agriculture,Kag306,20/05/2025 17:05
34e43ae6-83a8-497c-9b03-0babec5e2a3f,GAP_&_crop_management,Kag306,20/05/2025 17:05
b15385ce-cb8f-4091-bcb0-32e2ca4eaabf,Comm._Partner_Registration,Kag307,20/05/2025 17:05
3cb7a297-bb43-4e37-9c6e-892fe5af9a81,"Group_formation,_and_dynamics_for_financial_inclusion",Kag307,20/05/2025 17:05
564dea2b-56c6-4675-a889-3b118ca8516f,ICT_solutions_for_agriculture,Kag307,20/05/2025 17:05
c88bd48d-50a7-4429-85a9-053e50e5f4c1,GAP_&_crop_management,Kag307,20/05/2025 17:05
1469beb0-3315-4507-adac-ad99794a3a90,Comm._Partner_Registration,Kag308,20/05/2025 17:05
20c452f2-8b90-4b3f-8ad7-5dfead2b7bfd,"Group_formation,_and_dynamics_for_financial_inclusion",Kag308,20/05/2025 17:05
8a133f59-a45b-4907-865e-cb1add01322d,ICT_solutions_for_agriculture,Kag308,20/05/2025 17:05
3fe7aa63-c12a-4a02-ab28-080aeddecd96,GAP_&_crop_management,Kag308,20/05/2025 17:05
de7a9d13-c8cb-4d44-8494-c1ec499faf93,Comm._Partner_Registration,Kag309,20/05/2025 17:05
8f473ab3-5c8b-4982-b6ba-86d8fad07293,"Group_formation,_and_dynamics_for_financial_inclusion",Kag309,20/05/2025 17:05
6e6f8708-072c-4f9a-af48-a4befd47186c,ICT_solutions_for_agriculture,Kag309,20/05/2025 17:05
dfc3ecaa-03b7-489e-8129-679781d2bf75,GAP_&_crop_management,Kag309,20/05/2025 17:05
f217c4fa-288d-40c7-9f96-c4c7983f7894,Comm._Partner_Registration,Kag310,20/05/2025 17:05
bf4e503c-1878-4874-ae02-14ef5c5a6a63,"Group_formation,_and_dynamics_for_financial_inclusion",Kag310,20/05/2025 17:05
d8799909-da58-4034-80fa-3131703faf95,ICT_solutions_for_agriculture,Kag310,20/05/2025 17:05
a73aca00-895f-41c1-ab79-3176aaa063c5,GAP_&_crop_management,Kag310,20/05/2025 17:05
7ab90df5-c685-4683-a479-ac8cea9490af,Comm._Partner_Registration,Jab300,20/05/2025 17:05
b26d4636-38e6-4ddd-9acf-704d8340ff55,"Group_formation,_and_dynamics_for_financial_inclusion",Jab300,20/05/2025 17:05
7fe8dbec-bb5c-4f79-b194-d9c708fe5f25,ICT_solutions_for_agriculture,Jab300,20/05/2025 17:05
36fe9de4-e680-4dc7-aa50-1626ecf2adad,GAP_&_crop_management,Jab300,20/05/2025 17:05
ca6f7127-ec6a-4af9-8f76-6f97e2116060,Comm._Partner_Registration,Jab301,20/05/2025 17:05
81f96989-7699-4f64-9643-7fa7ed19f9ca,"Group_formation,_and_dynamics_for_financial_inclusion",Jab301,20/05/2025 17:05
5357a665-044c-4642-a830-6cc3f54bda4d,ICT_solutions_for_agriculture,Jab301,20/05/2025 17:05
4b09dc3a-b985-4540-bdde-edad2e6ccb86,GAP_&_crop_management,Jab301,20/05/2025 17:05
cefd486c-3455-47d5-8e10-488963a2b88f,Comm._Partner_Registration,Jab302,20/05/2025 17:05
6ce70656-3d74-427e-ae6a-33baab490b17,"Group_formation,_and_dynamics_for_financial_inclusion",Jab302,20/05/2025 17:05
9a66d595-8e25-40b3-834b-a8d1661e7f6c,ICT_solutions_for_agriculture,Jab302,20/05/2025 17:05
cb2196d1-b458-4b24-b7cc-ad0adffb1d5f,GAP_&_crop_management,Jab302,20/05/2025 17:05
4ce6c34e-e5a2-48b0-a643-9a57ca702f53,Comm._Partner_Registration,Jab303,20/05/2025 17:05
e91e96f5-da0f-4303-b4d9-b4818c096435,"Group_formation,_and_dynamics_for_financial_inclusion",Jab303,20/05/2025 17:05
e84b9146-0c08-4c83-8897-6f04d1039fe8,ICT_solutions_for_agriculture,Jab303,20/05/2025 17:05
1d89d8f3-c2c5-4d07-8d41-8149dc654ed0,GAP_&_crop_management,Jab303,20/05/2025 17:05
954628c7-18b3-41b3-96e6-cbfef4569ae7,Comm._Partner_Registration,Jab304,20/05/2025 17:05
8355bd29-f9be-4e55-b3a1-4fc99530b5b4,"Group_formation,_and_dynamics_for_financial_inclusion",Jab304,20/05/2025 17:05
e6710a93-aeed-4503-af3e-ea63b9af9009,ICT_solutions_for_agriculture,Jab304,20/05/2025 17:05
ef91d374-9941-48f7-a133-31fea7f568c4,GAP_&_crop_management,Jab304,20/05/2025 17:05
4c467ae7-217a-4cb1-9056-7a9ca8983c15,Comm._Partner_Registration,Jab305,20/05/2025 17:05
69ed1777-be9a-429a-a430-30d8a4fd6a8e,"Group_formation,_and_dynamics_for_financial_inclusion",Jab305,20/05/2025 17:05
17a8ab26-7438-41dd-ac39-6e0c76346df0,ICT_solutions_for_agriculture,Jab305,20/05/2025 17:05
5a506a2d-3a99-4157-8ed7-6d1fbb716f18,GAP_&_crop_management,Jab305,20/05/2025 17:05
fa3b487e-c313-4f02-b434-a629b5044fb7,Comm._Partner_Registration,Jab306,20/05/2025 17:05
8444a243-23e6-452e-8990-aedff584025c,"Group_formation,_and_dynamics_for_financial_inclusion",Jab306,20/05/2025 17:05
e46d7a83-55ba-4f8f-a379-af38f7f13599,ICT_solutions_for_agriculture,Jab306,20/05/2025 17:05
c155d5e4-e446-46df-a036-cc395b3b5c7d,GAP_&_crop_management,Jab306,20/05/2025 17:05
d97f0c65-58f3-443a-896a-3926e286efb9,Comm._Partner_Registration,Kau300,20/05/2025 17:05
f69dfe29-32fd-40b6-a1ae-bcd5c5cd2802,"Group_formation,_and_dynamics_for_financial_inclusion",Kau300,20/05/2025 17:05
477a5f74-1dc2-425d-9519-d1529d5dd120,ICT_solutions_for_agriculture,Kau300,20/05/2025 17:05
fc247007-69eb-41cf-aaf3-3ed4979b1ff5,GAP_&_crop_management,Kau300,20/05/2025 17:05
d98fb5a1-541f-46f5-9295-7062a982ccab,Comm._Partner_Registration,Kau301,20/05/2025 17:05
0e6db7eb-dd80-43f6-81ca-a9dcd817d7a4,"Group_formation,_and_dynamics_for_financial_inclusion",Kau301,20/05/2025 17:05
74a1df54-6c6c-4c22-96a3-368d966eac9b,ICT_solutions_for_agriculture,Kau301,20/05/2025 17:06
ca9f63d9-9369-4b1a-a2a3-1d1ebdad414a,GAP_&_crop_management,Kau301,20/05/2025 17:06
34e001cf-a050-49b0-a0ac-7ae035b5ccac,Comm._Partner_Registration,Kau302,20/05/2025 17:06
d4dd2c43-1de5-409d-8cfe-9fb253ff3220,"Group_formation,_and_dynamics_for_financial_inclusion",Kau302,20/05/2025 17:06
5cd538db-5e48-40b3-96f5-3e507014d409,ICT_solutions_for_agriculture,Kau302,20/05/2025 17:06
c4947aad-a923-4b1d-8a23-a68447d4d042,GAP_&_crop_management,Kau302,20/05/2025 17:06
fe6881e6-d26f-48d5-a54c-4c47e757eaa0,Comm._Partner_Registration,Kau303,20/05/2025 17:06
64bdaf71-2f8e-4cc1-aa79-efc8e0829408,"Group_formation,_and_dynamics_for_financial_inclusion",Kau303,20/05/2025 17:06
63c7525d-1ecb-4353-9651-8470278dddb8,ICT_solutions_for_agriculture,Kau303,20/05/2025 17:06
35b7df9f-9d6b-4cb7-a0e5-ced957429f4d,GAP_&_crop_management,Kau303,20/05/2025 17:06
f43813df-0d86-4e3c-90ae-db1e01019bde,Comm._Partner_Registration,Kau304,20/05/2025 17:06
fc86f400-bb22-4632-96fb-1861c6277a4c,"Group_formation,_and_dynamics_for_financial_inclusion",Kau304,20/05/2025 17:06
05871acf-e131-4565-932a-6114b97606c8,ICT_solutions_for_agriculture,Kau304,20/05/2025 17:06
0a7c9a15-6c7d-4d20-9031-7212d0da9160,GAP_&_crop_management,Kau304,20/05/2025 17:06
b6caf687-19c0-42b3-afe6-3e62ee77ee8f,Comm._Partner_Registration,Kau305,20/05/2025 17:06
47e09ca5-44bd-4d7e-962c-55ab0332c6d8,"Group_formation,_and_dynamics_for_financial_inclusion",Kau305,20/05/2025 17:06
55cdde92-0ba7-4ee6-9e83-ca4cfabd329f,ICT_solutions_for_agriculture,Kau305,20/05/2025 17:06
bfcc0f48-c274-4e57-8d02-c4a81f143789,GAP_&_crop_management,Kau305,20/05/2025 17:06
1396cdcd-4097-4edb-b271-6d3054c933aa,Comm._Partner_Registration,Kau306,20/05/2025 17:06
4649c045-60fd-46be-9d78-3658de978ffc,"Group_formation,_and_dynamics_for_financial_inclusion",Kau306,20/05/2025 17:06
de4c4ceb-3aef-4980-b61c-039f6b27e0a6,ICT_solutions_for_agriculture,Kau306,20/05/2025 17:06
72754038-647e-4496-b36a-be112a158701,GAP_&_crop_management,Kau306,20/05/2025 17:06
a7c224fe-b633-4a6e-9ac5-420572dcba11,Comm._Partner_Registration,Kau307,20/05/2025 17:06
a9b4abda-2fe6-49f4-94ea-10eaac66d475,"Group_formation,_and_dynamics_for_financial_inclusion",Kau307,20/05/2025 17:06
92403af5-9d80-4ce4-90e9-553cebf878cb,ICT_solutions_for_agriculture,Kau307,20/05/2025 17:06
f0534ac5-c42d-45c0-a387-23604d33f212,GAP_&_crop_management,Kau307,20/05/2025 17:06
e7eddaec-1048-404c-814d-904aa6301500,Comm._Partner_Registration,Kau308,20/05/2025 17:06
88d35dd6-0bef-4941-a94e-9f273aa0379a,"Group_formation,_and_dynamics_for_financial_inclusion",Kau308,20/05/2025 17:06
65035382-427d-41b1-ae50-eea9ff88aa61,ICT_solutions_for_agriculture,Kau308,20/05/2025 17:06
059b1826-12a1-43d9-b1ef-8c4826cad09d,GAP_&_crop_management,Kau308,20/05/2025 17:06
6e71a113-4f58-45bc-bfb8-19d19f6d820a,Comm._Partner_Registration,Kau309,20/05/2025 17:06
fcfc078d-98a9-4d19-bc95-a629a9cb12f5,"Group_formation,_and_dynamics_for_financial_inclusion",Kau309,20/05/2025 17:06
82fbce32-7f6a-428d-922f-6a7f1e23e6ca,ICT_solutions_for_agriculture,Kau309,20/05/2025 17:06
4d39275e-abd8-4970-83b4-9f863a2d2008,GAP_&_crop_management,Kau309,20/05/2025 17:06
e214cf71-d4ba-46cd-904b-a0e5dbbb584f,Comm._Partner_Registration,Kau310,20/05/2025 17:06
fc0047ed-b871-4cec-8b83-502da5d431a8,"Group_formation,_and_dynamics_for_financial_inclusion",Kau310,20/05/2025 17:06
ba47abdb-4fe7-45a1-81be-ffafd432da25,ICT_solutions_for_agriculture,Kau310,20/05/2025 17:06
e7ac5841-8804-4c73-b80d-02923548a792,GAP_&_crop_management,Kau310,20/05/2025 17:06
d37533fb-052d-48a9-ad70-ef8271d944cf,Comm._Partner_Registration,Zan309,20/05/2025 17:06
950baa52-a44b-48a1-bad3-f58d37d7c244,"Group_formation,_and_dynamics_for_financial_inclusion",Zan309,20/05/2025 17:06
4371130d-bb09-422e-8170-0f8b880106db,ICT_solutions_for_agriculture,Zan309,20/05/2025 17:06
ee2ec4b1-1f36-4c58-bbfb-57bc378b6c67,GAP_&_crop_management,Zan309,20/05/2025 17:06
8b153339-8b10-4625-bf20-fa0901454db1,Comm._Partner_Registration,Zan308,20/05/2025 17:06
2cfd9c38-dca3-42b4-8127-4588c8a51dd9,"Group_formation,_and_dynamics_for_financial_inclusion",Zan308,20/05/2025 17:06
c2d27c6d-8aa5-42b6-9321-c3cb435de563,ICT_solutions_for_agriculture,Zan308,20/05/2025 17:06
d6ec2800-84de-48b1-9781-073228bf4ee3,GAP_&_crop_management,Zan308,20/05/2025 17:06
41781cb1-1181-4a2c-9f02-809872255945,Comm._Partner_Registration,Zan307,20/05/2025 17:06
a4377c8f-7882-457a-a0a1-722f2d1e4980,"Group_formation,_and_dynamics_for_financial_inclusion",Zan307,20/05/2025 17:06
0ea96931-3dd9-45e9-a723-6366531aa544,ICT_solutions_for_agriculture,Zan307,20/05/2025 17:06
85675647-1522-42b8-8625-b03ad3568c72,GAP_&_crop_management,Zan307,20/05/2025 17:06
57f2534d-118b-4175-815d-c996d4a74ca0,Comm._Partner_Registration,Zan306,20/05/2025 17:06
58cbbc55-8723-4e83-8867-3dfa4a70a30f,"Group_formation,_and_dynamics_for_financial_inclusion",Zan306,20/05/2025 17:06
8e8a5027-0ed3-4c2c-a317-caf95403c876,ICT_solutions_for_agriculture,Zan306,20/05/2025 17:06
bf1519c1-57a7-4485-9c41-dcd8a49d17ca,GAP_&_crop_management,Zan306,20/05/2025 17:06
e62bc062-390e-41c2-9eec-80df715fde74,Comm._Partner_Registration,Zan305,20/05/2025 17:06
dd4a6898-abd0-4155-93ac-d9a2d2c3c9b7,"Group_formation,_and_dynamics_for_financial_inclusion",Zan305,20/05/2025 17:06
531b93e7-e3fa-465d-9f63-c07b9069d936,ICT_solutions_for_agriculture,Zan305,20/05/2025 17:06
da812e17-6c51-4d04-8ed0-287328543fd1,GAP_&_crop_management,Zan305,20/05/2025 17:06
07c58574-4050-4127-9ebf-2a32539bee4e,Comm._Partner_Registration,Zan304,20/05/2025 17:06
2a7a0c02-770c-446f-8bb0-d0c726c1a376,"Group_formation,_and_dynamics_for_financial_inclusion",Zan304,20/05/2025 17:06
bfadbf66-0a5d-4fa1-9a84-494969668c1d,ICT_solutions_for_agriculture,Zan304,20/05/2025 17:06
72dfae45-1d44-435f-acfe-fb1150c1a816,GAP_&_crop_management,Zan304,20/05/2025 17:07
f053c5ce-0b70-4d97-a2e5-9bfb1bb59c6a,Comm._Partner_Registration,Zan303,20/05/2025 17:07
baa5a4f0-ad51-412e-8638-81000985a41c,"Group_formation,_and_dynamics_for_financial_inclusion",Zan303,20/05/2025 17:07
943e5f0e-f2ea-4513-9d2a-ffba0e191d6c,ICT_solutions_for_agriculture,Zan303,20/05/2025 17:07
c2b92168-a712-4cbf-98c3-b8361701a648,GAP_&_crop_management,Zan303,20/05/2025 17:07
d578c7e6-04de-48cf-b043-8a29d47f4083,Comm._Partner_Registration,Zan302,20/05/2025 17:07
35236338-34ce-4cc7-b77d-b27da773e3da,"Group_formation,_and_dynamics_for_financial_inclusion",Zan302,20/05/2025 17:07
175257d3-9395-41b4-b3ac-e03ba6061356,ICT_solutions_for_agriculture,Zan302,20/05/2025 17:07
e5ba10a2-a927-44ff-824b-8fd7ca3cac88,GAP_&_crop_management,Zan302,20/05/2025 17:07
dd2d680c-da55-4768-9276-7bb19f7e233e,Comm._Partner_Registration,Zan301,20/05/2025 17:07
c7ac4778-848c-475b-92e8-100141671c78,"Group_formation,_and_dynamics_for_financial_inclusion",Zan301,20/05/2025 17:07
5f61e7e5-cfb7-4947-a978-a6eede0a00af,ICT_solutions_for_agriculture,Zan301,20/05/2025 17:07
bb81513a-cfde-469d-9e9a-3bc961268085,GAP_&_crop_management,Zan301,20/05/2025 17:07
6b9dd136-7894-4e57-a6e8-eddc39117660,Comm._Partner_Registration,Chk315,20/05/2025 17:07
d15416da-d083-4357-850b-287fef6b7c6d,"Group_formation,_and_dynamics_for_financial_inclusion",Chk315,20/05/2025 17:07
b27045ec-c2ac-4cf4-a50d-f014a168b07c,ICT_solutions_for_agriculture,Chk315,20/05/2025 17:07
dcda383e-6cfa-43a7-999f-3512c534104c,GAP_&_crop_management,Chk315,20/05/2025 17:07
47b631c7-3530-4add-9b73-0d3831c0d89e,Comm._Partner_Registration,Zan300,20/05/2025 17:07
c89ce277-7108-488d-88f7-2eadef6e60d8,"Group_formation,_and_dynamics_for_financial_inclusion",Zan300,20/05/2025 17:07
514d9aad-bea0-4234-8c90-cd956ea6a2fa,ICT_solutions_for_agriculture,Zan300,20/05/2025 17:07
58d2450c-5aad-4f67-ab5b-1240f559ba3c,GAP_&_crop_management,Zan300,20/05/2025 17:07
efe8689b-4950-4f0c-b50c-ff21d50bf124,Comm._Partner_Registration,Kau311,23/05/2025 04:35
2c07729c-a3b0-4437-93bd-69c9a9c104d7,"Group_formation,_and_dynamics_for_financial_inclusion",Kau311,23/05/2025 04:35
b964add3-cb82-4bd9-9f74-09d07f403487,ICT_solutions_for_agriculture,Kau311,23/05/2025 04:35
3b4ad407-c376-4d79-b56f-0743477d104d,GAP_&_crop_management,Kau311,23/05/2025 04:35
d947e23f-d834-41e1-ab00-215e84b53b91,Comm._Partner_Registration,Kau312,23/05/2025 04:35
78cd914b-bf9c-4240-a1c5-dbc9a65b9b56,"Group_formation,_and_dynamics_for_financial_inclusion",Kau312,23/05/2025 04:35
59e88f95-d730-42ba-b835-5d3f09f5829e,ICT_solutions_for_agriculture,Kau312,23/05/2025 04:35
364b9379-6a12-4d2d-9fee-4fe896aab5b7,GAP_&_crop_management,Kau312,23/05/2025 04:35
1b894c64-6931-456c-b07f-032d0a3e2bfc,Comm._Partner_Registration,Kau313,23/05/2025 04:35
a0062ca1-615e-43fc-8994-4b59294de19d,"Group_formation,_and_dynamics_for_financial_inclusion",Kau313,23/05/2025 04:35
cffaa972-9fc2-4017-9483-d60e8ed170df,ICT_solutions_for_agriculture,Kau313,23/05/2025 04:35
c1a5cfd6-25d0-45c4-a2d1-4d3bdff3d8af,GAP_&_crop_management,Kau313,23/05/2025 04:35
7ce78d9b-6e20-4396-96ea-d07bce1fc52a,Comm._Partner_Registration,Kau314,23/05/2025 04:35
a818971e-a660-4a53-a717-5c65503572c1,"Group_formation,_and_dynamics_for_financial_inclusion",Kau314,23/05/2025 04:35
f4c0109d-e699-43d6-a42b-e4004b6ee449,ICT_solutions_for_agriculture,Kau314,23/05/2025 04:35
eb224aec-c04b-4ac8-874b-5bdb2c7de858,GAP_&_crop_management,Kau314,23/05/2025 04:35
bca37b68-44e9-4484-bd1f-685cbc4d05a6,Comm._Partner_Registration,Kau315,23/05/2025 04:35
da292bca-fe38-41b8-ac18-432586e6a2ba,"Group_formation,_and_dynamics_for_financial_inclusion",Kau315,23/05/2025 04:35
bd717f54-400c-431c-82ad-54587cbfadac,ICT_solutions_for_agriculture,Kau315,23/05/2025 04:35
bc2844d9-27de-4837-98d0-699f15cb54a2,GAP_&_crop_management,Kau315,23/05/2025 04:35
c029417c-4291-4739-94c9-fbdd3f778449,Comm._Partner_Registration,Kau316,23/05/2025 04:35
c3eb05c1-e944-4b28-87b7-fbb7462fbe6a,"Group_formation,_and_dynamics_for_financial_inclusion",Kau316,23/05/2025 04:35
ce860ef3-c8e1-482c-b344-90751e74de4c,ICT_solutions_for_agriculture,Kau316,23/05/2025 04:35
305309a1-e082-4e96-be3c-2f61079d7817,GAP_&_crop_management,Kau316,23/05/2025 04:35
88b1a9ec-19f0-4020-8fde-f094e59a66fe,Comm._Partner_Registration,Kac300,23/05/2025 04:35
d705b0c4-7b4a-47a3-b937-e3954cf1dc69,"Group_formation,_and_dynamics_for_financial_inclusion",Kac300,23/05/2025 04:35
4a91b23b-dd7c-4a97-a4e9-bbedf081859b,ICT_solutions_for_agriculture,Kac300,23/05/2025 04:35
54fae8a7-ea08-4ca0-85e2-27b83973c259,GAP_&_crop_management,Kac300,23/05/2025 04:35
4c753189-343e-4a66-a048-1a2a5384b2f7,Comm._Partner_Registration,Kac301,23/05/2025 04:35
15b99e28-b4cd-4a1a-8740-b5e70b005bd3,"Group_formation,_and_dynamics_for_financial_inclusion",Kac301,23/05/2025 04:35
75e7bd55-ab35-4eca-b048-732704e31a36,ICT_solutions_for_agriculture,Kac301,23/05/2025 04:35
ff507d33-f292-40fb-b0ce-73d8d86ed3f4,GAP_&_crop_management,Kac301,23/05/2025 04:35
3a3c7587-39b7-4884-84cf-4fc23848fed8,Comm._Partner_Registration,Kac302,23/05/2025 04:35
8b0a4939-f571-426d-88df-84c359b03b0d,"Group_formation,_and_dynamics_for_financial_inclusion",Kac302,23/05/2025 04:35
29aa4c18-1cac-469f-abce-c09250e1b874,ICT_solutions_for_agriculture,Kac302,23/05/2025 04:35
489cb21f-adaa-46e3-8faf-3e930134daca,GAP_&_crop_management,Kac302,23/05/2025 04:35
d4904b90-7573-4e00-aefc-364bfa8da8c0,Comm._Partner_Registration,Kac303,23/05/2025 04:35
3fa66dd2-9ba1-4ff4-b11c-af442021b215,"Group_formation,_and_dynamics_for_financial_inclusion",Kac303,23/05/2025 04:35
262d0c51-fd61-4baa-9c40-5d7699c93255,ICT_solutions_for_agriculture,Kac303,23/05/2025 04:35
0bad1d42-271a-4d37-9bfe-ea9a256ee20a,GAP_&_crop_management,Kac303,23/05/2025 04:36
c0345c3a-ae32-480e-8cca-ff6b4a18eb95,Comm._Partner_Registration,Kac304,23/05/2025 04:36
c389362b-6de1-442c-8c68-eaf4a2ca6d7f,"Group_formation,_and_dynamics_for_financial_inclusion",Kac304,23/05/2025 04:36
315c5ff0-c2f1-4e9b-b86a-d4e616f66918,ICT_solutions_for_agriculture,Kac304,23/05/2025 04:36
d20fccc5-9847-40d7-9bde-82a1a1f79ca5,GAP_&_crop_management,Kac304,23/05/2025 04:36
f31bc23f-6e67-4a05-b9c0-4c00654bbffd,Comm._Partner_Registration,Kac305,23/05/2025 04:36
38a2dd3d-056e-48dd-8213-4a19d16863fb,"Group_formation,_and_dynamics_for_financial_inclusion",Kac305,23/05/2025 04:36
58a6806b-c670-4f13-ba8e-30d507616275,ICT_solutions_for_agriculture,Kac305,23/05/2025 04:36
ef7d3d1c-e412-47c0-a707-d7524b2565c0,GAP_&_crop_management,Kac305,23/05/2025 04:36
7c98ada1-2486-42c6-9400-2accf2c9d081,Comm._Partner_Registration,Kac306,23/05/2025 04:36
5f7fa060-e4be-4d91-8918-043781c219c6,"Group_formation,_and_dynamics_for_financial_inclusion",Kac306,23/05/2025 04:36
af4f6a96-e82f-4a84-bef9-81463950ac67,ICT_solutions_for_agriculture,Kac306,23/05/2025 04:36
3196461a-e9ac-481b-a94a-30769fd357d8,GAP_&_crop_management,Kac306,23/05/2025 04:36
8a05a911-59fe-4971-8086-340eebd2f0a1,Comm._Partner_Registration,Kac307,23/05/2025 04:36
5b9ecba0-8d8e-49b5-8012-f2ad212d7118,"Group_formation,_and_dynamics_for_financial_inclusion",Kac307,23/05/2025 04:36
5439318b-9404-42a1-a6e3-34e01c4a1377,ICT_solutions_for_agriculture,Kac307,23/05/2025 04:36
9b029641-12b5-4ac7-9e89-b8b62efc1381,GAP_&_crop_management,Kac307,23/05/2025 04:36
0c366129-914f-4e65-b6f1-73dba66390a4,Comm._Partner_Registration,Kac308,23/05/2025 04:36
bac432e4-af1d-4c18-806c-b6347f6e0fb1,"Group_formation,_and_dynamics_for_financial_inclusion",Kac308,23/05/2025 04:36
627de7e7-b27c-4d01-a836-97aa30febd27,ICT_solutions_for_agriculture,Kac308,23/05/2025 04:36
db878df6-9440-4a4f-ad2a-8d7df51335f8,GAP_&_crop_management,Kac308,23/05/2025 04:36
0c2d132b-de08-4490-acad-ca04990c0da8,Comm._Partner_Registration,Kac309,23/05/2025 04:36
dc4c6725-2888-42a5-a5b1-67763c10c63a,"Group_formation,_and_dynamics_for_financial_inclusion",Kac309,23/05/2025 04:36
6f7d3499-77ca-4034-9c42-7fea3cccafdf,ICT_solutions_for_agriculture,Kac309,23/05/2025 04:36
ae54b0c3-f722-47d2-b7e9-f4df05e7c340,GAP_&_crop_management,Kac309,23/05/2025 04:36
a4c6ec49-c248-4d36-be40-0b8987b6376a,Comm._Partner_Registration,Jam300,23/05/2025 04:36
b92b747b-4327-42b9-b792-e93dfc844798,"Group_formation,_and_dynamics_for_financial_inclusion",Jam300,23/05/2025 04:36
32133162-d0ed-4139-93fe-02bee28d88bc,ICT_solutions_for_agriculture,Jam300,23/05/2025 04:36
728d4e1c-313f-42ab-9587-0917af73a2f3,Comm._Partner_Registration,Chk314,23/05/2025 04:36
59d241da-1756-44f7-937d-7c6468cafa5c,"Group_formation,_and_dynamics_for_financial_inclusion",Chk314,23/05/2025 04:36
ba6b9aa4-272c-4de8-9488-135f058a8180,ICT_solutions_for_agriculture,Chk314,23/05/2025 04:36
21acddc5-6eed-4c88-9c46-f2cc883c9761,GAP_&_crop_management,Chk314,23/05/2025 04:36
0c443827-1e68-4362-8496-6738518a5b74,Comm._Partner_Registration,Jam301,23/05/2025 04:36
3ea57694-1d93-4842-b744-edcdb3c519f7,"Group_formation,_and_dynamics_for_financial_inclusion",Jam301,23/05/2025 04:36
deccfa76-4777-4088-ae1e-070473e890d1,ICT_solutions_for_agriculture,Jam301,23/05/2025 04:36
3583d777-78b3-4741-a33d-fada35a69ac8,GAP_&_crop_management,Jam301,23/05/2025 04:36
aacf856b-6538-40d8-ace8-ed0484fe3ba6,Comm._Partner_Registration,Jam308,23/05/2025 04:36
572a72d1-4fc3-404a-a10e-4b3541fa692a,"Group_formation,_and_dynamics_for_financial_inclusion",Jam308,23/05/2025 04:36
1f0b1744-f832-4b65-9035-d45b3de4acd9,ICT_solutions_for_agriculture,Jam308,23/05/2025 04:36
0a3add70-0047-4fff-83a7-57d152364ea5,GAP_&_crop_management,Jam308,23/05/2025 04:36
