formid,Cooperative_Unique_ID,form/Input_totals/Total_Maize_Seed,form/Input_totals/Total_Rice_Seed,form/Input_totals/Total_Groundnut_Seed,form/Input_totals/Total_Sorghum_Seed,form/Input_totals/Totak_NPK,form/Input_totals/Total_UREA,form/Input_totals/Total_Select_2_4-D_herbicide,form/Input_totals/Total_Glyphosate_ForceUP,form/Input_totals/Total_Glyphosate_Slasher,form/Input_totals/Total_Butachlor,form/Input_totals/Total_AgriForce,form/Input_totals/Total_LaraForce,form/Input_totals/Total_SAAF,form/Input_totals/Total_GuardForce,form/Input_totals/Total_Atrazine,form/Input_totals/Total_VInash,form/Input_totals/Total_Lambda,form/Input_totals/Total_Aflasafe,form/Input_totals/Total_Glyspring,form/Input_totals/Total_Rice_pro,form/Input_totals/Total_Cotrazine,form/Input_totals/Total_Vanguish,form/Input_totals/Total_Striker,form/Input_totals/Total_Buster,form/Input_totals/Total_Hallakat,form/Input_totals/Total_ButaForce,form/Input_totals/Total_Select_Gold,form/Input_totals/Total_Gobara,form/Input_totals/Total_GreenForce,received_on,Which farming season will these inputs be used in
9df42334-6482-4805-8bc4-311e198bc5b1,C-Akk7BOPI54,50,,,,0,0,0,0,0,0,0,0,0,0,0,0,0,0,0,0,0,0,0,0,0,0,0,0,---,18/05/2025 07:12,Wet_Season
99b3d1b4-3eaa-474c-9b4a-5df62d14a275,C-Akk8PNH841,50,,,,5,5,0,0,1,0,0,1,0,1,0,0,0,0,1,0,0,0,0,0,0,0,0,0,---,18/05/2025 07:12,Wet_Season
50f8a341-13c5-409b-84c9-1b12816495e8,C-AkkRO81T56,50,,,,5,5,0,1,0,0,0,1,0,1,0,0,0,0,1,0,0,0,0,0,0,0,0,0,---,18/05/2025 07:12,Dry_Season
fca7ce5b-fa76-4975-a38a-9d55a5a4a040,C-AkkQ8MOM18,50,,,,5,5,0,1,0,0,0,1,0,1,0,0,0,0,1,0,0,0,0,0,0,0,0,0,---,18/05/2025 07:22,Wet_Season
3c1c6005-afe1-4887-acb6-db9b901e4c2f,C-AkkKZPD131,50,,,,5,5,0,1,1,0,0,0,0,1,0,0,0,0,1,0,0,0,0,0,0,0,0,0,---,18/05/2025 07:33,Wet_Season
0140e439-ee96-4f1d-a95b-0a2d4fad50be,C-AkkYAGU935,50,,,,5,5,0,1,1,0,0,1,0,1,0,0,0,0,1,0,0,0,0,0,0,0,0,0,---,18/05/2025 08:29,Wet_Season
bce750a3-022b-4527-aa95-cdb35a0f8b22,C-Akk6KBS314,50,,,,5,5,0,1,1,0,0,0,0,1,0,0,0,0,1,0,0,0,0,0,0,0,0,0,---,18/05/2025 08:29,Wet_Season
6f88139b-7e68-4208-95a0-bb35fe7e9829,C-Akk6PEA732,50,,,,5,5,0,1,1,0,0,1,0,0,0,0,0,0,0,0,0,0,0,0,0,0,0,0,---,18/05/2025 08:29,Wet_Season
e18f7ea4-0787-4018-9a55-e1f453f96846,C-Akk363G939,50,,,,5,5,0,1,1,0,0,1,0,1,0,0,0,0,0,0,0,0,0,0,0,0,0,0,---,18/05/2025 08:36,Wet_Season
c99000d7-0767-43e3-9a9d-e40c8c45b7de,C-Akk4TD0O48,50,,,,5,5,0,1,1,0,0,1,0,0,0,0,0,0,0,0,0,0,0,0,0,0,0,0,---,18/05/2025 09:43,Wet_Season
447e646e-534c-4ac3-934b-b926da2d8f4e,C-Akk6VIGL39,50,,,,5,5,0,1,1,0,0,1,0,0,0,0,0,0,0,0,0,0,0,0,0,0,0,0,---,18/05/2025 09:43,Wet_Season
d1981e1b-1fe2-4688-a97d-3c297e2bab05,C-AkkDIREO50,50,,,,5,5,0,1,1,0,0,0,0,0,0,0,0,0,0,0,0,0,0,0,0,0,0,0,---,18/05/2025 09:43,Wet_Season
c12aa970-d8da-49c4-99f6-c784250748e8,C-AkkTD88805,50,,,,5,5,0,1,1,0,0,0,0,1,0,0,0,0,1,0,0,0,0,0,0,0,0,0,---,18/05/2025 09:43,Wet_Season
1cb74393-1a6c-413c-810b-7afebf8e9178,C-AkkX7MKX12,50,,,,5,5,0,1,1,0,0,1,0,0,0,0,0,0,1,0,0,0,0,0,0,0,0,0,---,18/05/2025 09:43,Dry_Season
5d19564d-a9f0-4702-ba35-ba4ee451eaed,C-AkkXJ51A18,50,,,,5,5,0,1,1,0,0,0,0,1,0,0,0,0,1,0,0,0,0,0,0,0,0,0,---,18/05/2025 09:43,Wet_Season
3f66be69-820e-47fe-9b83-47818ed8bf99,C-AkkZT08135,50,,,,5,5,0,1,1,0,0,0,0,1,0,0,0,0,1,0,0,0,0,0,0,0,0,0,---,18/05/2025 09:43,Wet_Season
49b1eda5-5ab8-42c6-a053-327d651d1860,C-Akk1J4VW56,50,,,,5,5,0,1,1,0,0,0,0,1,0,0,0,0,0,0,0,0,0,0,0,0,0,0,---,18/05/2025 11:24,Wet_Season
7242922f-af15-4986-8915-168102976f85,C-Akk85GQC18,50,,,,5,5,0,1,1,0,0,0,0,1,0,0,0,0,1,0,0,0,0,0,0,0,0,0,---,18/05/2025 11:27,Wet_Season
f70c9581-a535-42ba-892f-3ee44d96cb09,C-AkkGPCCZ36,50,,,,5,5,0,1,1,0,0,0,0,1,0,0,0,0,1,0,0,0,0,0,0,0,0,0,---,18/05/2025 11:32,Wet_Season
2c2d89d4-1717-43a6-b983-c0ddced1d243,C-Akk3G4U731,50,,,,5,5,0,1,1,0,0,1,0,1,0,0,0,0,0,0,0,0,0,0,0,0,0,0,---,18/05/2025 11:39,Dry_Season
0fbf3af9-37d3-4c22-8973-c9ca7630db9d,C-GweEAFP612,,50,,,4,3,0,0,0,0,0,0,0,0,0,0,0,0,0,0,0,0,0,2,0.5,0,2500,2,---,18/05/2025 16:29,Wet_Season
993f06fa-d6ec-44ac-8325-88204ff0fd0d,C-Mar1X2HB00,,50,,,4,3,0,0,0,0,0,0,0,0,0,0,0,0,0,0,0,0,0,2,0.5,0,125,2,---,18/05/2025 16:29,Wet_Season
5005a22f-fa72-4cea-8747-f1e7854ad4df,C-MarKP0UO16,,50,,,4,3,0,0,0,0,0,0,0,0,0,0,0,0,0,0,0,0,0,2,0.5,0,125,2,---,18/05/2025 16:38,Wet_Season
1a6dcd3a-89bb-434f-a207-3c073e77fbcf,C-MarA2WQ158,,50,,,4,3,0,0,0,0,0,0,0,0,0,0,0,0,0,0,0,0,0,2,0.5,0,125,2,---,18/05/2025 16:48,Wet_Season
04251e75-e636-4783-b6cd-5366005f3226,C-Mar1MEME22,,50,,,4,3,0,0,0,0,0,0,0,0,0,0,0,0,0,0,0,0,0,2,0.5,0,125,2,---,18/05/2025 16:54,Wet_Season
990ca45b-ad3c-4d29-9138-a3b81a3ac4d4,C-MarHVLRG51,,50,,,4,3,0,0,0,0,0,0,0,0,0,0,0,0,0,0,0,0,0,2,0.5,0,125,2,---,18/05/2025 17:00,Wet_Season
d5b4ab34-5872-4fc1-b9a7-a14817edd2f4,C-MarKNPX630,,50,,,4,3,0,0,0,0,0,0,0,0,0,0,0,0,0,0,0,0,0,2,0.5,0,125,2,---,18/05/2025 17:07,Wet_Season
9bf25217-36b7-4008-b261-3a3f9b305a67,C-MarIUNW250,,50,,,4,3,0,0,0,0,0,0,0,0,0,0,0,0,0,0,0,0,0,2,0.5,0,2500,2,---,18/05/2025 17:16,Wet_Season
41e61b41-a98b-465d-af46-e18f9f3eb6e1,C-MarV2IND24,,50,,,4,3,0,0,0,0,0,0,0,0,0,0,0,0,0,0,0,0,0,2,0.5,0,125,2,---,18/05/2025 17:37,Wet_Season
849decdc-7fec-4e74-b019-00ba2f60b51e,C-MarIC9MZ26,,50,,,4,3,0,0,0,0,0,0,0,0,0,0,0,0,0,0,0,0,0,2,0.5,0,2500,2,---,18/05/2025 17:55,Wet_Season
e51d5585-302e-4ef0-a6d5-ec042f034bdd,C-Mar5BEYQ20,,50,,,4,3,0,0,0,0,0,0,0,0,0,0,0,0,0,0,0,0,0,2,0.5,0,125,2,---,18/05/2025 17:57,Wet_Season
993dea9c-0000-419d-992b-91fde4bb05c0,C-Mar6OR9510,,50,,,4,3,0,0,0,0,0,0,0,0,0,0,0,0,0,0,0,0,0,2,0.5,0,125,2,---,18/05/2025 17:57,Wet_Season
77073817-2c62-4081-8386-6de50d464ae9,C-Mar7AWEF03,,50,,,4,3,0,0,0,0,0,0,0,0,0,0,0,0,0,0,0,0,0,2,0.5,0,125,2,---,18/05/2025 17:57,Wet_Season
65d7fd36-a2f9-4ebf-be35-2e4afcd94d7d,C-MarAIS7221,,50,,,4,3,0,0,0,0,0,0,0,0,0,0,0,0,0,0,0,0,0,2,0.5,0,125,2,---,18/05/2025 17:58,Wet_Season
ce36cfb5-e530-49ee-ad2f-a5c8d571744b,C-MarAPASM33,,50,,,4,3,0,0,0,0,0,0,0,0,0,0,0,0,0,0,0,0,0,2,0.5,0,125,2,---,18/05/2025 17:58,Wet_Season
33cb586d-f5d1-4321-9521-4fb3ba5c301b,C-MarDSA7108,,50,,,4,3,0,0,0,0,0,0,0,0,0,0,0,0,0,0,0,0,0,2,0.5,0,125,2,---,18/05/2025 17:58,Wet_Season
3e429626-34df-41d6-be94-0f53e3a64196,C-MarGGN5V58,,50,,,4,3,0,0,0,0,0,0,0,0,0,0,0,0,0,0,0,0,0,2,0.5,0,125,2,---,18/05/2025 17:58,Wet_Season
10de18c2-d64d-4d9b-9df3-c0e28aff0a15,C-MarW4HIU10,,50,,,4,3,0,0,0,0,0,0,0,0,0,0,0,0,0,0,0,0,0,2,0.5,0,125,2,---,18/05/2025 17:58,Wet_Season
beac21fa-1fe0-4fc2-bd6a-fe3c59861ab7,C-MarWF06Z13,,50,,,4,3,0,0,0,0,0,0,0,0,0,0,0,0,0,0,0,0,0,2,0.5,0,125,2,---,18/05/2025 17:58,Wet_Season
9e1559fd-0e84-4d02-a600-8a0877e512c2,C-MarWFV9819,,50,,,4,3,0,0,0,0,0,0,0,0,0,0,0,0,0,0,0,0,0,2,0.5,0,125,2,---,18/05/2025 17:58,Wet_Season
a58bf010-bd5d-420d-bf30-813ce1dd442c,C-MarXI59A31,,50,,,4,3,0,0,0,0,0,0,0,0,0,0,0,0,0,0,0,0,0,2,0.5,0,125,2,---,18/05/2025 17:58,Wet_Season
98991593-d4a7-4655-91f1-496b84f34beb,C-MarP060636,,50,,,4,3,0,0,0,0,0,0,0,0,0,0,0,0,0,0,0,0,0,2,0.5,0,125,2,---,18/05/2025 18:18,Wet_Season
acc0cc14-ada6-40a0-acb1-41dd67e7814c,C-MarG7SGU47,,50,,,4,3,0,0,0,0,0,0,0,0,0,0,0,0,0,0,0,0,0,2,0.5,0,125,2,---,18/05/2025 18:25,Wet_Season
3b9abb38-169d-4334-9de1-eb530da6a821,C-Mar4CBRR19,,50,,,4,3,0,0,0,0,0,0,0,0,0,0,0,0,0,0,0,0,0,2,0.5,0,125,2,---,18/05/2025 18:33,Wet_Season
df3a2506-89e4-4568-b686-3de75bb245fc,C-MarOHT2944,,50,,,4,3,0,0,0,0,0,0,0,0,0,0,0,0,0,0,0,0,0,2,0.5,0,125,2,---,18/05/2025 18:33,Wet_Season
d835f976-4b6d-4832-8f7e-78b857dfc101,C-MarOHZQE43,,50,,,4,3,0,0,0,0,0,0,0,0,0,0,0,0,0,0,0,0,0,2,0.5,0,125,2,---,18/05/2025 18:33,Wet_Season
d8a3334c-9fab-4f94-bee3-87d86c1a0a4e,C-MarELMKE29,,50,,,4,3,0,0,0,0,0,0,0,0,0,0,0,0,0,0,0,0,0,2,0.5,0,125,2,---,18/05/2025 18:37,Wet_Season
160912f4-a374-43aa-bc7e-6d3e174d7bcc,C-MarPQ38150,,50,,,4,3,0,0,0,0,0,0,0,0,0,0,0,0,0,0,0,0,0,2,0.5,0,125,2,---,18/05/2025 18:55,Wet_Season
c48932ee-a7ce-48c0-8311-4fa8b7534d2f,C-MarTMTN314,,50,,,4,3,0,0,0,0,0,0,0,0,0,0,0,0,0,0,0,0,0,2,0.5,0,125,2,---,18/05/2025 18:56,Wet_Season
21243b70-2d01-4c23-8086-65f96867cef7,C-GweC98YF12,,50,,,4,3,0,0,0,0,0,0,0,0,0,0,0,0,0,0,0,0,0,2,0.5,0,2500,2,---,18/05/2025 19:00,Wet_Season
144897ae-b42a-4327-bd0f-add6da82a689,C-MarC87T819,,50,,,4,3,0,0,0,0,0,0,0,0,0,0,0,0,0,0,0,0,0,2,0.5,0,2500,2,---,18/05/2025 19:17,Wet_Season
95a3e00c-fdae-48ed-b384-7336046eb09a,C-MarAHRB119,,50,,,4,3,0,0,0,0,0,0,0,0,0,0,0,0,0,0,0,0,0,2,0.5,0,2500,2,---,18/05/2025 19:19,Wet_Season
595a5efd-d22f-4fe8-81a2-cec4a3de2656,C-MarY9VED26,,50,,,4,3,0,0,0,0,0,0,0,0,0,0,0,0,0,0,0,0,0,2,0.5,0,2500,2,---,18/05/2025 19:20,Wet_Season
116ba8e9-4382-4514-a6e5-8a369af4d443,C-MarBVLPV20,,50,,,4,3,0,0,0,0,0,0,0,0,0,0,0,0,0,0,0,0,0,2,0.5,0,2500,2,---,18/05/2025 19:47,Wet_Season
f8e51588-9545-4083-971d-46264fd0e1e4,C-MarSAG6E38,,50,,,4,3,0,0,0,0,0,0,0,0,0,0,0,0,0,0,0,0,0,2,0.5,0,2500,2,---,18/05/2025 19:47,Wet_Season
d12315f2-b6e6-41ab-b48b-8c4bdb8cfb3b,C-MarLAAP814,,50,,,4,3,0,0,0,0,0,0,0,0,0,0,0,0,0,0,0,0,0,2,0.5,0,2500,2,---,18/05/2025 19:47,Wet_Season
e6fc53e6-c349-48a1-a601-5a8b83807c24,C-MarZJFL032,,50,,,4,3,0,0,0,0,0,0,0,0,0,0,0,0,0,0,0,0,0,2,0.5,0,2500,2,---,18/05/2025 19:47,Wet_Season
80aca1b3-795d-466e-bac4-237f93639f49,C-Gwe8RC1735,,50,,,4,3,0,0,0,0,0,0,0,0,0,0,0,0,0,0,0,0,0,2,0.5,0,2500,2,---,18/05/2025 21:05,Wet_Season
db6f7dd7-3e3e-400d-a75b-e794fc5a21a0,C-GweLVQ9E08,,50,,,4,3,0,0,0,0,0,0,0,0,0,0,0,0,0,0,0,0,0,2,0.5,0,2500,2,---,18/05/2025 21:05,Wet_Season
da10dc29-b0d7-42b6-a821-8cfb1df05fb1,C-Mar3Y9VY29,,50,,,4,3,0,0,0,0,0,0,0,0,0,0,0,0,0,0,0,0,0,2,0.5,0,125,2,---,18/05/2025 21:59,Wet_Season
4d5fe083-e3e0-4e28-8bea-0c60289b9c47,C-Mar5E15926,,50,,,4,3,0,0,0,0,0,0,0,0,0,0,0,0,0,0,0,0,0,2,0.5,0,125,2,---,18/05/2025 22:03,Wet_Season
53fbac7b-ff88-4922-a649-dabdbfcc6631,C-Mar9DF5J56,,50,,,4,3,0,0,0,0,0,0,0,0,0,0,0,0,0,0,0,0,0,2,0.5,0,125,2,---,18/05/2025 22:08,Wet_Season
f3d0c502-2200-4201-a350-74db706aee1a,C-Mar13NT413,,50,,,4,3,0,0,0,0,0,0,0,0,0,0,0,0,0,0,0,0,0,2,0.5,0,125,2,---,18/05/2025 22:10,Wet_Season
d1538feb-4d7c-4aca-b8a2-deac698f6718,C-MarCWNZF07,,50,,,4,3,0,0,0,0,0,0,0,0,0,0,0,0,0,0,0,0,0,2,0.5,0,2500,2,---,18/05/2025 22:14,Wet_Season
da4e7e70-dee7-435c-aad0-dfa44875725c,C-MarEUCXR57,,50,,,4,3,0,0,0,0,0,0,0,0,0,0,0,0,0,0,0,0,0,2,0.5,0,125,2,---,18/05/2025 22:14,Wet_Season
e43687e8-fa22-49e4-bf98-9de9227fdecd,C-MarMCY8M36,,50,,,4,3,0,0,0,0,0,0,0,0,0,0,0,0,0,0,0,0,0,2,0.5,0,125,2,---,18/05/2025 22:15,Wet_Season
9d34c160-32e4-4645-9b3e-a83f154ff63c,C-MarFGWSF12,,50,,,4,3,0,0,0,0,0,0,0,0,0,0,0,0,0,0,0,0,0,2,0.5,0,125,2,---,18/05/2025 22:56,Wet_Season
f09aa7ce-5010-4931-ae9b-4eaf59cb21e1,C-MarIYNWX47,,50,,,4,3,0,0,0,0,0,0,0,0,0,0,0,0,0,0,0,0,0,2,0.5,0,125,2,---,18/05/2025 22:56,Wet_Season
50e0030d-3187-4d53-842a-dd2586572a69,C-MarNSHWV36,,50,,,4,3,0,0,0,0,0,0,0,0,0,0,0,0,0,0,0,0,0,2,0.5,0,125,2,---,18/05/2025 22:56,Wet_Season
d2dccc1f-05f5-4ec5-b4e3-fde9058d320b,C-MarWPYJJ33,,50,,,4,3,0,0,0,0,0,0,0,0,0,0,0,0,0,0,0,0,0,2,0.5,0,125,2,---,18/05/2025 22:56,Wet_Season
47982320-e8ee-4aae-bece-759885375631,C-MarXPNOB13,,50,,,4,3,0,0,0,0,0,0,0,0,0,0,0,0,0,0,0,0,0,2,0.5,0,125,2,---,18/05/2025 22:57,Wet_Season
221a9a83-b200-438a-b810-e706975b9e9f,C-MarXPQ2Z59,,50,,,4,3,0,0,0,0,0,0,0,0,0,0,0,0,0,0,0,0,0,2,0.5,0,125,2,---,18/05/2025 22:57,Wet_Season
a4fe03f8-d086-47f1-99bc-001693dd63ee,C-Tud64Q1V36,50,,,,5,5,0,1,1,0,0,0,0,1,0,0,0,0,1,0,0,0,0,0,0,0,0,0,---,19/05/2025 04:16,Wet_Season
86c60c80-2b06-4ba2-b408-36975f503d70,C-TudEG0Z501,50,,,,5,5,0,1,1,0,0,0,0,1,0,0,0,0,1,0,0,0,0,0,0,0,0,0,---,19/05/2025 04:20,Wet_Season
f0b78684-1720-4f4c-8a17-9077fd9b50da,C-Tud6X8WT06,50,,,,5,5,0,1,1,0,0,1,0,0,0,0,0,0,1,0,0,0,0,0,0,0,0,0,---,19/05/2025 04:22,Wet_Season
def89a23-e99f-4226-915c-bdc4580cb509,C-Mar4DNRJ20,,50,,,4,3,0,0,0,0,0,0,0,0,0,0,0,0,0,0,0,0,0,2,0.5,0,125,2,---,19/05/2025 07:36,Wet_Season
dba352dc-8c0d-4a4b-80e0-c20c42691ffa,C-MarQ0QE843,,50,,,4,3,0,0,0,0,0,0,0,0,0,0,0,0,0,0,0,0,0,2,0.5,0,125,2,---,19/05/2025 08:52,Wet_Season
397e38f6-d553-4d3e-8dd3-76d9bb2069ab,C-Mar1YUMC36,,50,,,4,3,0,0,0,0,0,0,0,0,0,0,0,0,0,0,0,0,0,2,0.5,0,125,2,---,19/05/2025 08:52,Wet_Season
3a1118c8-b8fd-447d-b4f2-b5d9458dfea0,C-MarXOCYU11,,50,,,4,3,0,0,0,0,0,0,0,0,0,0,0,0,0,0,0,0,0,2,0.5,0,125,2,---,19/05/2025 08:52,Wet_Season
330db155-9e95-4072-8b20-bb9d45fabc27,C-MarB97I211,,50,,,4,3,0,0,0,0,0,0,0,0,0,0,0,0,0,0,0,0,0,2,0.5,0,125,2,---,19/05/2025 08:52,Wet_Season
c263ae2b-284e-483d-aff0-bee8de0f479f,C-MarOJ6NZ33,,50,,,4,3,0,0,0,0,0,0,0,0,0,0,0,0,0,0,0,0,0,2,0.5,0,125,2,---,19/05/2025 08:52,Wet_Season
31651810-498f-4803-802d-7b36eb21bc07,C-MarGY2FB00,,50,,,4,3,0,0,0,0,0,0,0,0,0,0,0,0,0,0,0,0,0,2,0.5,0,125,2,---,19/05/2025 08:52,Wet_Season
482798e0-bc1f-44e5-9f7f-9792c400c4b7,C-MarHDXOL40,,50,,,4,3,0,0,0,0,0,0,0,0,0,0,0,0,0,0,0,0,0,2,0.5,0,125,2,---,19/05/2025 08:52,Wet_Season
cf431275-866f-466d-b94a-97b59820ee0a,C-MarVZCWX17,,50,,,4,3,0,0,0,0,0,0,0,0,0,0,0,0,0,0,0,0,0,2,0.5,0,125,2,---,19/05/2025 09:38,Wet_Season
769a0a7b-4fbc-4667-af2f-032c06d30a4e,C-TudW0FYC18,50,,,,5,5,0,1,1,0,0,0,0,1,0,0,0,0,1,0,0,0,0,0,0,0,0,0,---,19/05/2025 09:48,Wet_Season
c6e0f478-da27-481e-9997-1cce21c18605,C-Bal8GYMF21,50,,,,5,5,0,1,1,0,0,0,0,1,0,0,0,0,1,0,0,0,0,0,0,0,0,0,---,19/05/2025 09:52,Wet_Season
3ba4cc94-1a6c-4209-b556-67090b9a39e8,C-BalB7VL855,50,,,,5,5,0,1,1,0,0,0,0,1,0,0,0,0,1,0,0,0,0,0,0,0,0,0,---,19/05/2025 10:29,Wet_Season
361b4d98-ee8e-48cd-9ec0-db7ef05472f5,C-BalC13I138,50,,,,5,5,0,1,1,0,0,0,0,1,0,0,0,0,1,0,0,0,0,0,0,0,0,0,---,19/05/2025 10:30,Wet_Season
fa9e3092-9644-4cde-92c0-de39ea1df741,C-BalDS0Q500,50,,,,5,5,0,1,1,0,0,0,0,1,0,0,0,0,1,0,0,0,0,0,0,0,0,0,---,19/05/2025 10:30,Wet_Season
4689c07b-05ca-4aab-af73-b4000545b1b5,C-BalHECAC27,50,,,,5,1,0,1,1,0,0,0,0,1,0,0,0,0,1,0,0,0,0,0,0,0,0,0,---,19/05/2025 10:30,Wet_Season
f2466722-7032-4c56-9ec8-1722a4788977,C-BalT53CB33,50,,,,5,5,0,1,1,0,0,0,0,1,0,0,0,0,1,0,0,0,0,0,0,0,0,0,---,19/05/2025 10:30,Wet_Season
d2743f69-a5d0-4874-9251-a7d2d020a027,C-BalYUIJX46,50,,,,5,5,0,1,1,0,0,0,0,1,0,0,0,0,1,0,0,0,0,0,0,0,0,0,---,19/05/2025 10:30,Wet_Season
bfd1d113-d048-4998-b779-b09d5e847707,C-BalZW0A433,50,,,,5,5,0,1,1,0,0,0,0,1,0,0,0,0,1,0,0,0,0,0,0,0,0,0,---,19/05/2025 10:30,Wet_Season
fd37b576-8627-4b99-853d-c6666aef0b58,C-Bil4LD1Q03,50,,,,5,5,0,1,1,0,0,0,0,1,0,0,0,0,1,0,0,0,0,0,0,0,0,0,---,19/05/2025 10:38,Wet_Season
382fc3f3-bb54-4a61-bb03-574a6c6c92ab,C-BilI45WT22,50,,,,5,5,0,1,1,0,0,0,0,1,0,0,0,0,1,0,0,0,0,0,0,0,0,0,---,19/05/2025 11:24,Wet_Season
61ecfd32-ab53-4bce-849c-bb51fd7d00f9,C-BilT10NU17,50,,,,5,5,0,1,1,0,0,0,0,1,0,0,0,0,1,0,0,0,0,0,0,0,0,0,---,19/05/2025 11:24,Wet_Season
77d41813-0071-4d7c-85d4-432f0b130df4,C-BilUY8OK02,50,,,,5,5,0,1,1,0,0,0,0,1,0,0,0,0,1,0,0,0,0,0,0,0,0,0,---,19/05/2025 11:24,Wet_Season
d8b4ae4f-efd9-4c68-a3c4-f0e6c03ac06f,C-BilZ73OB14,50,,,,5,5,0,1,1,0,0,0,0,1,0,0,0,0,1,0,0,0,0,0,0,0,0,0,---,19/05/2025 11:24,Wet_Season
82d5eed9-bc2c-42f8-9bf8-dad90cea1af3,C-Yam0VXHG00,50,,,,5,5,0,1,1,0,0,0,0,1,0,0,0,0,1,0,0,0,0,0,0,0,0,0,---,19/05/2025 11:30,Wet_Season
fba49d37-0c7e-4205-ad8b-0e370a3ca8b7,C-YamCER3734,50,,,,5,5,0,1,1,0,0,0,0,1,0,0,0,0,1,0,0,0,0,0,0,0,0,0,---,19/05/2025 12:02,Wet_Season
de1ae7c5-4354-4182-b3ef-aacad1a3f05c,C-YamE1RKO30,50,,,,5,5,0,1,1,0,0,0,0,1,0,0,0,0,1,0,0,0,0,0,0,0,0,0,---,19/05/2025 12:02,Wet_Season
b200a7e4-9aa3-4056-8ba6-30e3a5a53a92,C-YamNC39711,50,,,,5,5,0,1,1,0,0,0,0,1,0,0,0,0,1,0,0,0,0,0,0,0,0,0,---,19/05/2025 12:02,Wet_Season
c17a68e9-8b0a-4ab7-bc3a-03f2caa147f1,C-YamCFXMW22,50,,,,5,5,0,1,1,0,0,0,0,1,0,0,0,0,1,0,0,0,0,0,0,0,0,0,---,19/05/2025 12:02,Wet_Season
3150348a-7683-4cfe-a5a8-98b5a1918c09,C-YamGLGE744,50,,,,5,5,0,1,1,0,0,0,0,1,0,0,0,0,1,0,0,0,0,0,0,0,0,0,---,19/05/2025 12:02,Wet_Season
bf24b7d5-aafc-462c-86bb-f454c811b88e,C-YamJXKN713,50,,,,5,5,0,1,1,0,0,1,0,0,0,0,0,0,1,0,0,0,0,0,0,0,0,0,---,19/05/2025 12:02,Wet_Season
04614132-46fc-41d5-81fe-8ac6b5fa865d,C-IkaPF9VJ10,,100,,,8,4,0,2,0,0,2,2,0,0,0,0,0,0,0,0,1.5,0,0,0,0,2,0,0,---,19/05/2025 15:30,Wet_Season
f694725e-12b9-4e54-bc44-f23a18b47824,C-IkaT69E229,100,,,,6,6,0,2,0,0,0,2,0,2,0,0,0,0,0,0,1.5,0,0,0,0,0,0,0,---,19/05/2025 15:32,Wet_Season
7071d170-8e39-404b-b0e2-b455fa96c493,C-IkaYDAOP03,,100,,,8,4,0,2,0,0,2,2,0,0,0,0,0,0,0,0,1.5,0,0,0,0,2,0,0,---,19/05/2025 15:35,Wet_Season
0a76c0bd-13c6-4a02-b268-8d16f89d2114,C-MarH9R7930,,50,,,4,3,0,0,0,0,0,0,0,0,0,0,0,0,0,0,0,0,0,2,0.5,0,125,2,---,19/05/2025 16:08,Wet_Season
c6ef9228-81a8-4f41-99e8-5b00e7c83766,C-Yam0C47E53,50,,,,3,3,0,1,1,0,0,1,0,0,0,0,0,0,1,0,0,0,0,0,0,0,0,0,---,19/05/2025 16:17,Wet_Season
0b3b726b-2609-4543-8849-183203328ac7,C-Yam91CAU32,50,,,,3,3,0,1,1,0,0,1,0,0,0,0,0,0,1,0,0,0,0,0,0,0,0,0,---,19/05/2025 16:17,Wet_Season
332258a1-2d49-4a32-84da-30a9fc065fc1,C-YamDQLPY19,50,,,,3,3,0,1,1,0,0,1,0,0,0,0,0,0,1,0,0,0,0,0,0,0,0,0,---,19/05/2025 16:17,Wet_Season
79d446ed-eaa6-4236-959b-78c390291333,C-YamH67AA06,50,,,,3,3,0,1,1,0,0,1,0,0,0,0,0,0,1,0,0,0,0,0,0,0,0,0,---,19/05/2025 16:17,Wet_Season
cf6a5d55-a968-4d7e-ba9a-038f8d8b2b80,C-YamNLJ9K39,50,,,,3,3,0,1,1,0,0,1,0,0,0,0,0,0,1,0,0,0,0,0,0,0,0,0,---,19/05/2025 16:17,Wet_Season
016e7955-fb60-46a1-a292-9420b1299254,C-YamSYGMM52,100,,,,6,6,0,2,2,0,0,2,0,0,0,0,0,0,2,0,0,0,0,0,0,0,0,0,---,19/05/2025 16:17,Wet_Season
ba5be7f4-0349-46fa-8ce9-a934132d6881,C-Yam5VNN107,50,,,,6,3,0,2,2,0,0,2,0,0,0,0,0,0,2,0,0,0,0,0,0,0,0,0,---,19/05/2025 16:17,Wet_Season
eab61cd1-1970-4710-96fd-8db066d3f16e,C-YamU186O51,50,,,,6,2,0,2,2,0,0,2,0,0,0,0,0,0,2,0,0,0,0,0,0,0,0,0,---,19/05/2025 16:17,Wet_Season
cb0a0194-45b8-4ace-a0d1-423505627a66,C-YamX0J4W09,50,,,,6,2,0,2,2,0,0,2,0,0,0,0,0,0,2,0,0,0,0,0,0,0,0,0,---,19/05/2025 16:17,Wet_Season
71409986-bd3a-451f-8adb-f9641bc290e1,C-YamLM0X341,50,,,,6,2,0,2,2,0,0,2,0,0,0,0,0,0,2,0,0,0,0,0,0,0,0,0,---,19/05/2025 16:17,Wet_Season
2849fc40-9502-4a5c-8f0d-231d20ad0f6c,C-YamOFNNT05,50,,,,6,2,0,2,2,0,0,2,0,0,0,0,0,0,2,0,0,0,0,0,0,0,0,0,---,19/05/2025 16:17,Wet_Season
19489dcd-7394-4ec4-aa71-0b5478537d53,C-YamX090X30,100,,,,6,6,0,2,2,0,0,2,0,0,0,0,0,0,2,0,0,0,0,0,0,0,0,0,---,19/05/2025 16:17,Wet_Season
c1e6cab2-433e-4eb6-bd83-ceabefd61656,C-YamFR9IK18,100,,,,6,6,0,2,2,0,0,2,0,0,0,0,0,0,2,0,0,0,0,0,0,0,0,0,---,19/05/2025 16:17,Wet_Season
b3b6450e-ae9b-4820-b7fb-b57f7d18785a,C-Yam08TAG35,100,,,,6,6,0,2,2,0,0,2,0,0,0,0,0,0,2,0,0,0,0,0,0,0,0,0,---,19/05/2025 16:17,Wet_Season
21ab0044-8241-4619-9383-9e4b73ff69a9,C-Yam3PZHL50,100,,,,6,6,0,2,1.5,0,0,2,0,2,0,0,0,0,0,0,0,0,0,0,0,0,0,0,---,19/05/2025 16:17,Wet_Season
35da4486-6a0d-4298-ae20-922cabfd0109,C-Yam4H9PE17,100,,,,6,6,0,4,1.5,0,0,2,0,2,0,0,0,0,0,0,0,0,0,0,0,0,0,0,---,19/05/2025 16:20,Wet_Season
480b082f-132b-4d9c-932b-9064436f39bc,C-Akk7CLPZ48,,,,,8,4,0,2,0,0,0,2,0,2,0,0,0,0,0,0,0,0,0,0,0,0,0,0,---,19/05/2025 16:24,Wet_Season
6429ebb3-8586-4229-92a2-b49b8ffdfe31,C-AkkAFH4G41,100,,,,6,6,0,2,0,0,0,2,1500,2,0,0,0,0,0,0,0,0,0,0,0,0,0,0,---,19/05/2025 16:38,Wet_Season
a3936559-5d92-4d22-8abb-9974818d100b,C-AkkMLTCB42,100,,,,6,6,0,2,0,0,0,2,1500,2,0,0,0,0,0,0,0,0,0,0,0,0,0,0,---,19/05/2025 16:45,Wet_Season
56ea8358-7a0e-4181-9d7f-67c40a7e27e5,C-AkkOR87704,100,,,,6,6,0,2,0,0,0,2,1500,2,0,0,0,0,0,0,0,0,0,0,0,0,0,0,---,19/05/2025 16:48,Wet_Season
12a13230-9eb5-4e69-8c0b-d09b942e1145,C-AkkPHF7K01,100,,,,6,6,0,2,0,0,0,2,1500,2,0,0,0,0,0,0,0,0,0,0,0,0,0,0,---,19/05/2025 16:50,Wet_Season
fbadc143-37e1-4acf-b50e-87727b243d62,C-AkkR6GC824,100,,,,6,6,0,2,0,0,0,2,1500,2,0,0,0,0,0,0,0,0,0,0,0,0,0,0,---,19/05/2025 16:52,Wet_Season
454d4742-fde3-4b19-a679-97404837c94a,C-YamHIQB528,100,,,,6,6,0,2,1.5,0,0,2,0,2,0,0,0,0,0,0,0,0,0,0,0,0,0,0,---,19/05/2025 17:29,Wet_Season
d6c8b56d-48bd-46c4-95d9-12aace12fabe,C-YamYQDYD00,100,,,,6,6,0,2,1.5,0,0,2,0,2,0,0,0,0,0,0,0,0,0,0,0,0,0,0,---,19/05/2025 17:29,Wet_Season
eba2d012-125d-4e73-9a81-a38ff71c7d66,C-Yam2P4QP00,,100,,,8,4,0,2,0,0,2,2,0,0,0,0,0,0,0,0,0,0,0,0,0,2,0,0,---,19/05/2025 17:34,Wet_Season
3148e23a-6ab4-436a-8445-82341e44a67d,C-Yam0LTYX08,100,,,,6,6,0,2,1.5,0,0,2,0,2,0,0,0,0,0,0,0,0,0,0,0,0,0,0,---,19/05/2025 17:48,Wet_Season
6e35f9dd-0bf7-4407-8c14-ab0b816b3b4d,C-Yam5MGHN17,,100,,,8,4,0,2,0,0,2,2,0,0,0,0,0,0,0,0,0,0,0,0,0,2,0,0,---,19/05/2025 17:53,Wet_Season
bc7c4a85-e5b7-449e-93dc-f69ce124a07c,C-Yam7FW3M15,,100,,,8,4,0,1.5,0,0,2,2,0,0,0,0,0,0,0,0,0,0,0,0,0,2,0,0,---,19/05/2025 17:56,Wet_Season
947af9fc-8de7-4e91-9040-0f238304056f,C-Yam7QWKX10,100,,,,6,6,0,2,1.5,0,0,2,0,1.5,0,0,0,0,0,0,0,0,0,0,0,0,0,0,---,19/05/2025 18:00,Wet_Season
1cbd12d2-414b-4511-8976-c512d6e02235,C-YamBZFOL35,,100,,,8,4,0,2,0,0,2,2,0,0,0,0,0,0,0,0,0,0,0,0,0,2,0,0,---,19/05/2025 18:05,Wet_Season
3dc5e363-c654-42af-a3b6-19f6c080c781,C-YamH0X0T51,,100,,,8,4,0,2,0,0,2,2,0,0,0,0,0,0,0,0,0,0,0,0,0,0,0,0,---,19/05/2025 18:55,Wet_Season
2be60ca8-95f4-4200-ab27-5093f600af6f,C-YamOPEU818,100,,,,6,6,0,2,1.5,0,0,2,0,2,0,0,0,0,0,0,0,0,0,0,0,0,0,0,---,19/05/2025 18:55,Wet_Season
c22fb02d-a03c-48e7-a89c-6721c03b8566,C-YamU41MM37,,100,,,8,4,0,2,0,0,2,2,0,0,0,0,0,0,0,0,0,0,0,0,0,2,0,0,---,19/05/2025 18:55,Wet_Season
72263529-45f2-4304-960a-ad15f36368cc,C-YamXG3AK47,100,,,,6,6,0,1.5,1.5,0,0,2,0,2,0,0,0,0,0,0,0,0,0,0,0,0,0,0,---,19/05/2025 18:55,Wet_Season
a14bba6b-e5e9-49a0-8d57-c368734b0e2e,C-KalAMF9Y54,,100,,,8,4,0,1.5,0,0,0,2,0,0,0,0,0,0,0,0,0,0,0,0,0,2,0,0,---,19/05/2025 19:12,Wet_Season
e71c9d73-d366-468e-adea-0180149b936d,C-KalVQ2TN25,100,,,,6,6,0,1.5,2,0,0,2,0,2,0,0,0,0,0,0,0,0,0,0,0,0,0,0,---,19/05/2025 19:12,Wet_Season
1e00e6be-bf9b-44ce-842d-590ad4a5ed23,C-Kal4RD4311,,100,,,8,4,0,2,0,0,0,2,0,0,0,0,0,0,0,0,0,0,0,0,0,2,0,0,---,19/05/2025 19:14,Wet_Season
6ae026ba-0569-43ee-90a0-c45e33b5d6e7,C-Kal9RQ0L47,100,,,,6,6,0,1.5,4,0,0,2,0,2,0,0,0,0,0,0,0,0,0,0,0,0,0,0,---,19/05/2025 19:18,Wet_Season
ce423567-d6d7-467b-b711-58564db07692,C-KalP2TCL40,,100,,,8,4,0,2,0,0,2,2,0,0,0,0,0,0,0,0,0,0,0,0,0,2,0,0,---,19/05/2025 19:20,Wet_Season
b05080aa-739c-409d-bf54-3dd7e08d18b1,C-KalRKV7216,100,,,,6,6,0,1.5,0,0,0,2,0,2,0,0,0,0,0,0,0,0,0,0,0,0,0,0,---,19/05/2025 19:28,Wet_Season
d1e81c1e-0971-498c-bac3-9e807d3a65e2,C-KalTT8J125,,100,,,8,4,0,1.5,0,0,2,0,0,0,0,0,0,0,0,0,0,0,0,0,0,2,0,0,---,19/05/2025 19:28,Wet_Season
7cc2fb79-4eb8-45b1-af73-90522051a0cf,C-Aba3V6HF37,50,50,,,7,0,0,0,0,0,0,2,0,1,0,0,0,0,0,0,0,0,0,0,0,0,0,0,---,19/05/2025 19:42,Wet_Season
76502b68-e149-4cf9-83b7-18cab4076603,C-KalDSXXK41,100,,,,6,6,0,1.5,2,0,0,2,0,2,0,0,0,0,0,0,0,0,0,0,0,0,0,0,---,19/05/2025 19:51,Wet_Season
a8b7858d-65c2-419b-b528-4e56cfa9884b,C-KalI0G4R14,,100,,,8,4,0,2,0,0,2,2,0,0,0,0,0,0,0,0,0,0,0,0,0,2,0,0,---,19/05/2025 19:51,Wet_Season
8a5986c5-7e77-4e9a-832b-560fcccdd212,C-KalP3RCX15,100,,,,6,6,0,1.5,2,0,0,2,0,2,0,0,0,0,0,0,0,0,0,0,0,0,0,0,---,19/05/2025 19:51,Wet_Season
576d79c1-2c7f-43c2-90e9-406ef40245ac,C-Aba52ZFW52,50,50,,,7,5,0,2,0,0,1,2,0,1,0,0,0,0,0,0,0,0,0,0,0,1,0,0,---,19/05/2025 19:54,Wet_Season
73c539b7-e002-4ffd-89c3-59104f9a3ac2,C-Aba5VF8V12,50,50,,,7,5,0,2,0,0,1,2,0,1,0,0,0,0,0,0,0,0,0,0,0,1,0,0,---,19/05/2025 19:59,Wet_Season
f3fc5d75-f8f9-49ed-836f-143a3bd73144,C-Kal56VE926,,100,,,8,4,0,1.5,0,0,2,0,0,0,0,0,0,0,0,0,0,0,0,0,0,2,0,0,---,19/05/2025 20:07,Wet_Season
62bc2d36-3c22-4f0f-b038-a6da0c1fec3f,C-KalPB02523,100,,,,12,12,0,3,2,0,0,4,0,2,0,0,0,0,0,0,0,0,0,0,0,0,0,0,---,19/05/2025 20:07,Wet_Season
547134ea-5d62-4b14-9069-05e422dccef0,C-KalYQNIM33,,100,,,8,4,0,1.5,0,0,2,2,0,0,0,0,0,0,0,0,0,0,0,0,0,2,0,0,---,19/05/2025 20:07,Wet_Season
2e00bdfa-ebf0-4eeb-9092-fd0fe9965859,C-AbaDKQLJ45,50,50,,,7,5,0,2,0,0,1,2,0,1,0,0,0,0,0,0,0,0,0,0,0,1,0,0,---,19/05/2025 20:10,Wet_Season
c02e8222-a273-4d08-9e19-3c8c48eddb35,C-AbaFCN1717,50,50,,,7,5,0,2,0,0,1,2,0,1,0,0,0,0,0,0,0,0,0,0,0,1,0,0,---,19/05/2025 20:10,Wet_Season
9bae7c57-abf5-44c2-95f7-c05a6c270420,C-AbaKTUUE23,50,50,,,7,4,0,2,1,0,1,2,0,1,0,0,0,0,0,0,0,0,0,0,0,1,0,0,---,19/05/2025 20:16,Wet_Season
8c933074-7440-492f-8af6-ab2f666b8a82,C-AbaM4AF044,50,50,,,7,5,0,2,1,0,1,2,0,1,0,0,0,0,0,0,0,0,0,0,0,1,0,0,---,19/05/2025 20:28,Wet_Season
f1f1c15c-240d-4a53-832b-a2fe455b9db0,C-AbaNHAM736,50,50,,,7,5,0,2,1,0,1,2,0,1,0,0,0,0,0,0,0,0,0,0,0,1,0,0,---,19/05/2025 20:31,Wet_Season
d49a0795-457f-4f6b-8b40-c76beec8603a,C-AbaR20WM12,50,50,,,7,5,0,2,0,0,1,2,0,1,0,0,0,0,0,0,0,0,0,0,0,1,0,0,---,19/05/2025 20:35,Wet_Season
da28c187-bdd5-45a3-a5a9-0433d7344809,C-AbaR81KW38,50,50,,,7,5,0,2,1,0,1,2,0,1,0,0,0,0,0,0,0,0,0,0,0,1,0,0,---,19/05/2025 20:38,Wet_Season
ce30c52d-5970-45e6-9b86-2d45e8a26a16,C-MarEI4W052,,50,,,4,3,0,0,0,0,0,0,0,0,0,0,0,0,0,0,0,0,0,2,0.5,0,125,2,---,19/05/2025 20:41,Wet_Season
f548a8ab-22dd-4fde-8e16-9d6e5f359142,C-Aba1KKLL42,50,50,,,7,5,0,2,1,0,1,2,0,1,0,0,0,0,0,0,0,0,0,0,0,1,0,0,---,19/05/2025 20:42,Wet_Season
56f8b41c-fc06-466c-94ac-3da4fc7a16c3,C-Aba2HN2624,50,50,,,7,5,0,2,1,0,1,2,0,1,0,0,0,0,0,0,0,0,0,0,0,1,0,0,---,19/05/2025 20:47,Wet_Season
1450f276-3e93-4e73-8e6c-9cd8571bdc48,C-Kal63ZHX15,100,,,,6,6,0,1.5,2,0,0,2,0,2,0,0,0,0,0,0,0,0,0,0,0,0,0,0,---,19/05/2025 20:47,Wet_Season
b6c65b07-5a06-47de-8fdc-0e23c07d42b9,C-Kal941L907,,100,,,8,2,0,1.5,0,0,2,2,0,0,0,0,0,0,0,0,0,0,0,0,0,2,0,0,---,19/05/2025 20:47,Wet_Season
604af472-7284-45d1-9c05-d7b8cfb9d5a4,C-KalMFOB519,100,,,,6,6,0,1.5,2,0,0,2,0,2,0,0,0,0,0,0,0,0,0,0,0,0,0,0,---,19/05/2025 20:47,Wet_Season
84aeb36b-156d-45f5-ab7c-0e143f4aece6,C-Aba4LU0T26,50,50,,,7,5,0,2,0,0,1,2,0,1,0,0,0,0,0,0,0,0,0,0,0,1,0,0,---,19/05/2025 20:51,Wet_Season
5e3a2770-6a2e-4070-9c60-0338b2587136,C-Aba930CI43,50,50,,,7,5,0,2,0,0,1,2,0,1,0,0,0,0,0,0,0,0,0,0,0,1,0,0,---,19/05/2025 20:54,Wet_Season
62f24fa3-c9ab-4331-9b32-03826b2ba54e,C-Kal29DBT20,,100,,,8,4,0,2,0,0,2,2,0,0,0,0,0,0,0,0,0,0,0,0,0,2,0,0,---,19/05/2025 20:57,Wet_Season
05bea7f8-0e4b-4fc3-8175-c05c465c5328,C-KalEY7C131,100,,,,6,6,0,2,1.5,0,0,2,0,2,0,0,0,0,0,0,0,0,0,0,0,0,0,0,---,19/05/2025 20:57,Wet_Season
2b63785a-d471-4df9-ab58-b7992ac6cf76,C-KalKFQ5S45,,100,,,8,4,0,2,0,0,2,2,0,0,0,0,0,0,0,0,0,0,0,0,0,2,0,0,---,19/05/2025 21:00,Wet_Season
86629626-26ba-403c-9e43-2a2fabda8878,C-Aba963HO47,60,50,,,7,5,0,2,0,0,1,2,0,1,0,0,0,0,0,0,0,0,0,0,0,1,0,0,---,19/05/2025 21:00,Wet_Season
28c3b082-38a7-47ac-973f-67e16f17fd80,C-AbaBIYLS48,50,50,,,7,5,0,2,1,0,1,2,0,0,0,0,0,0,0,0,0,0,0,0,0,0,0,0,---,19/05/2025 21:04,Wet_Season
5ab85835-429a-41ea-8528-9ee3b25ec8c5,C-AbaLGPS313,50,50,,,7,5,0,2,0,0,1,2,0,1,0,0,0,0,0,0,0,0,0,0,0,1,0,0,---,19/05/2025 21:08,Wet_Season
30f252bd-1ba4-4b86-b1fe-7e5f57af9310,C-AbaML9MH52,50,50,,,7,5,0,2,0,0,1,2,0,1,0,0,0,0,0,0,0,0,0,0,0,1,0,0,---,19/05/2025 21:11,Wet_Season
7ff68500-9bb4-4352-a53e-571b4a1badf6,C-AbaMYTWL12,50,50,,,7,5,0,2,0,0,1,2,0,1,0,0,0,0,0,0,0,0,0,0,0,1,0,0,---,19/05/2025 21:14,Wet_Season
85c2ff9d-4b55-418a-bd90-e6491df77b2c,C-AbaQ61CL03,50,50,,,7,5,0,2,0,0,1,2,0,1,0,0,0,0,0,0,0,0,0,0,0,1,0,0,---,19/05/2025 21:18,Wet_Season
ee4f1807-a184-4d21-a411-1649a5321fde,C-AbaWG5M856,50,50,,,7,5,0,2,0,0,1,2,0,1,0,0,0,0,0,0,0,0,0,0,0,0,0,0,0,20/05/2025 02:23,Wet_Season
3fa7e28b-b731-4ca0-999e-c8fded8554cd,C-AbaXX8K254,50,50,,,7,5,0,2,0,0,1,2,0,1,0,0,0,0,0,0,0,0,0,0,0,1,0,0,0,20/05/2025 02:23,Wet_Season
abd75739-23e1-4abb-9377-4be4f429836b,C-AbaZIVHV48,50,50,,,7,5,0,2,0,0,1,2,0,1,0,0,0,0,0,0,0,0,0,0,0,1,0,0,0,20/05/2025 02:23,Wet_Season
28c4e186-d91b-4619-866b-f7752a6981cf,C-Aba0PIVA57,50,50,,,7,5,0,2,0,0,0,2,0,1,0,0,0,0,0,0,0,0,0,0,0,1,0,0,0,20/05/2025 02:23,Wet_Season
dc0e1836-c763-4709-8569-239aadc9af6e,C-Aba1TSZZ51,50,50,,,7,5,0,2,0,0,1,2,0,1,0,0,0,0,0,0,0,0,0,0,0,1,0,0,0,20/05/2025 02:23,Wet_Season
d31e5bae-48dd-4883-8acb-6ff5fee2f555,C-Aba36V4L33,50,50,,,7,5,0,2,0,0,1,2,0,1,0,0,0,0,0,0,0,0,0,0,0,1,0,0,0,20/05/2025 02:23,Wet_Season
40af71e0-5cb2-4443-825f-4fde85aa2c48,C-Aba3QMR745,50,50,,,7,5,0,2,0,0,1,2,0,1,0,0,0,0,0,0,0,0,0,0,0,1,0,0,0,20/05/2025 02:23,Wet_Season
51231177-d144-4ff6-836d-9e313d9505b3,C-Aba7965N16,50,50,,,7,5,0,2,1,0,1,2,0,1,0,0,0,0,0,0,0,0,0,0,0,1,0,0,0,20/05/2025 02:23,Wet_Season
24294ea1-7993-48ef-84f1-a4da8299dbd8,C-Aba7Q3AA04,50,50,,,7,5,0,2,0,0,1,2,0,1,0,0,0,0,0,0,0,0,0,0,0,1,0,0,0,20/05/2025 02:23,Wet_Season
2c6d12e6-dd5e-4cc2-8665-a2531d402071,C-Aba9JMLK39,50,50,,,7,5,0,2,0,0,1,2,0,1,0,0,0,0,0,0,0,0,0,0,0,1,0,0,0,20/05/2025 02:23,Wet_Season
b6c7cbbe-7ba9-44f2-bf05-5efbfce300c1,C-AbaB2H5C25,50,50,,,7,5,0,2,0,0,1,2,0,1,0,0,0,0,0,0,0,0,0,0,0,1,0,0,0,20/05/2025 02:23,Wet_Season
8d231233-c5c8-4063-8d96-8ff1e78f426d,C-AbaG0OFA15,50,50,,,0,0,0,2,0,0,1,2,0,1,0,0,0,0,0,0,0,0,0,0,0,1,0,0,0,20/05/2025 02:23,Wet_Season
d0338fe8-0708-4cbe-94be-dbaa00e653d0,C-AbaO9B4234,50,50,,,7,5,0,2,0,0,1,2,0,1,0,0,0,0,0,0,0,0,0,0,0,1,0,0,0,20/05/2025 02:23,Wet_Season
7014a7dc-c304-47ae-93c3-6ea5f7410c1f,C-AbaRM9LZ47,50,50,,,7,5,0,2,0,0,1,2,0,1,0,0,0,0,0,0,0,0,0,0,0,0,0,0,0,20/05/2025 02:23,Wet_Season
510b9d4c-37e1-4fa9-bd12-425c485e2ee4,C-AbaV6MNQ42,50,50,,,7,5,0,2,0,0,1,2,0,1,0,0,0,0,0,0,0,0,0,0,0,1,0,0,0,20/05/2025 02:23,Wet_Season
11d4e1ad-c1f5-4ab2-90ec-c364ffdab6d7,C-AbaVG8ZN49,50,50,,,7,5,0,2,0,0,1,2,0,1,0,0,0,0,0,0,0,0,0,0,0,1,0,0,0,20/05/2025 02:23,Wet_Season
76590ff3-df0d-4ac4-8738-e22df3300975,C-AbaY9KQT19,50,50,,,7,5,0,2,0,0,1,2,0,1,0,0,0,0,0,0,0,0,0,0,0,1,0,0,0,20/05/2025 02:23,Wet_Season
868db8de-a867-4c94-bf05-c7fe687477e5,C-Aba3NSY302,50,50,,,7,5,0,2,0,0,1,2,0,1,0,0,0,0,0,0,0,0,0,0,0,1,0,0,0,20/05/2025 02:49,Wet_Season
8def9cfb-5a87-49fb-8d84-8eed834c90a6,C-Aba4R2MB33,50,50,,,7,5,0,2,0,0,1,2,0,1,0,0,0,0,0,0,0,0,0,0,0,1,0,0,0,20/05/2025 02:52,Wet_Season
822acdef-c347-4009-b78e-b4c4ee2098ad,C-AbaBMTBL32,50,50,,,7,5,0,2,0,0,1,2,0,1,0,0,0,0,0,0,0,0,0,0,0,1,0,0,0,20/05/2025 02:58,Wet_Season
cd8d8e62-72af-4d59-be40-c624bb255c96,C-AbaCWDBH20,50,50,,,7,5,0,2,0,0,1,2,0,1,0,0,0,0,0,0,0,0,0,0,0,1,0,0,0,20/05/2025 04:41,Wet_Season
d67b57fb-1960-4c66-a319-04c9fa43f12d,C-JahXAJP107,100,,,,6,6,0,2,2,0,0,2,0,2,0,0,0,0,0,0,0,0,0,0,0,0,0,0,---,20/05/2025 05:38,Wet_Season
bb8b2b4b-a049-4127-82ed-0e2a50bd9a87,C-JahXLQJM52,100,,,,6,6,0,2,0,0,0,2,0,2,0,0,0,0,0,0,0,0,0,0,0,0,0,0,1.5,20/05/2025 11:05,Wet_Season
9f1ca21f-fc94-4702-9fff-a58978415932,C-JahXOVUK29,100,,,,6,6,0,2,0,0,0,2,0,0,0,0,0,0,0,0,0,0,0,0,0,0,0,0,1.5,20/05/2025 11:09,Wet_Season
6f34d26c-b068-48d0-b1d0-7468200e5473,C-JahXU5KX08,100,,,,6,6,0,2,0,0,0,2,0,0,0,0,0,0,0,0,0,0,0,0,0,0,0,0,1.5,20/05/2025 11:11,Wet_Season
71a9b201-7751-4730-92a3-69188215b735,C-GomSCJMW45,100,,,,6,6,0,2,0,0,0,2,1500,2,0,0,0,0,0,0,0,0,0,0,0,0,0,0,---,20/05/2025 11:11,Wet_Season
3003f130-5fe0-449f-8e83-5d736409e427,C-Jah4BJ9T34,100,,,,6,6,0,2,0,0,0,2,0,0,0,0,0,0,0,0,0,0,0,0,0,0,0,0,1.5,20/05/2025 11:15,Wet_Season
fe50dfd4-fb57-47e5-b398-5d87a945dc00,C-Jah6K79048,100,,,,6,6,0,2,0,0,0,2,0,0,0,0,0,0,0,0,0,0,0,0,0,0,0,0,1.5,20/05/2025 11:18,Wet_Season
f6dd01fa-43e5-43da-b795-0c5354b6bc16,C-Jah846YJ58,100,,,,6,6,0,2,0,0,0,2,0,0,0,0,0,0,0,0,0,0,0,0,0,0,0,0,1.5,20/05/2025 11:20,Wet_Season
b15595ca-8633-495f-8b60-6e2b0b955e11,C-Jah9LHQ234,100,,,,6,6,0,2,0,0,0,2,0,0,0,0,0,0,0,0,0,0,0,0,0,0,0,0,1.5,20/05/2025 11:28,Wet_Season
a03a24c7-ff8f-4d8b-9fac-fcda9790c251,C-JahA8OP447,100,,,,6,6,0,2,0,0,0,2,0,0,0,0,0,0,0,0,0,0,0,0,0,0,0,0,1.5,20/05/2025 11:50,Wet_Season
7a3bebaa-c3e5-46f8-a996-9a8ecdd94637,C-JahF6THV14,100,,,,6,6,0,2,0,0,0,2,0,0,0,0,0,0,0,0,0,0,0,0,0,0,0,0,1.5,20/05/2025 11:52,Wet_Season
e4022949-1b84-4a34-a3b3-237d2c57da14,C-JahFMWZZ21,100,,,,6,6,0,2,0,0,0,2,0,0,0,0,0,0,0,0,0,0,0,0,0,0,0,0,1.5,20/05/2025 11:57,Wet_Season
d0f42acb-f49e-437f-bfe5-8bf0ca89bf07,C-JahG1U8U14,100,,,,6,6,0,2,0,0,0,2,0,0,0,0,0,0,0,0,0,0,0,0,0,0,0,0,1.5,20/05/2025 12:00,Wet_Season
a4c6665d-b9dc-435d-a083-86cbaef2980d,C-Gwa0PZ9451,50,50,,,7,5,0,5,0,0,1,2,0,2,0,0,0,0,0,0,0,0,0,0,0,1,0,0,0,20/05/2025 12:34,Wet_Season
e642ae3e-19c4-49fb-a67d-6dacbf623051,C-AbaZ96Q818,50,50,,,7,5,0,2,0,0,0,2,0,1,0,0,0,0,0,0,0,0,0,0,0,1,0,0,0,20/05/2025 12:39,Wet_Season
68644366-2df5-4f0d-8d82-673692037496,C-JahGCOHC02,100,,,,6,6,0,2,0,0,0,0,0,0,0,0,0,0,0,0,0,0,0,0,0,0,0,0,1.5,20/05/2025 12:44,Wet_Season
26409f39-3ef4-4c1e-9ee9-2e7c6fc2c331,C-Gwa7JOXC38,50,50,,,7,5,0,2,0,0,1,2,0,1,0,0,0,0,0,0,0,0,0,0,0,1,0,0,0,20/05/2025 13:40,Wet_Season
8eaefb4a-6a84-46fa-a620-d8ecf1920e8e,C-Gwa9YM8K41,50,50,,,7,5,0,2,0,0,1,2,0,0,0,0,0,0,0,0,0,0,0,0,0,1,0,0,0,20/05/2025 13:40,Wet_Season
8b92e16d-380d-49d5-8e5b-159270792f9d,C-GwaAAV1926,50,50,,,7,5,0,2,0,0,1,0,0,1,0,0,0,0,0,0,0,0,0,0,0,1,0,0,0,20/05/2025 13:40,Wet_Season
4d303895-09a2-4948-a4d3-e1e721487725,C-GwaC6K4746,50,50,,,7,5,0,2,0,0,1,2,0,1,0,0,0,0,0,0,0,0,0,0,0,1,0,0,0,20/05/2025 13:40,Wet_Season
5932f48e-00d2-46da-afb0-82f7a9878489,C-GwaEHV6W17,50,50,,,7,5,0,2,0,0,1,2,0,1,0,0,0,0,0,0,0,0,0,0,0,1,0,0,0,20/05/2025 13:40,Wet_Season
d7de89bb-d257-4902-b24a-0381148dca2e,C-GwaEN0LC23,50,50,,,7,5,0,2,0,0,1,2,0,1,0,0,0,0,0,0,0,0,0,0,0,1,0,0,0,20/05/2025 13:40,Wet_Season
45e8b52f-1b11-4300-ad4a-3ca473ea7226,C-GwaENHLO31,50,50,,,7,5,0,2,0,0,1,2,0,1,0,0,0,0,0,0,0,0,0,0,0,1,0,0,0,20/05/2025 13:40,Wet_Season
8c01ae25-d939-431e-99f5-8a1222a3c16b,C-GwaH0Q3450,50,50,,,7,5,0,2,0,0,1,2,0,1,0,0,0,0,0,0,0,0,0,0,0,1,0,0,2,20/05/2025 13:44,Wet_Season
71f7cc4d-9854-4a36-83a0-96b585bf7824,C-GwaIE0J843,50,50,,,7,5,0,2,0,0,1,2,0,1,0,0,0,0,0,0,0,0,0,0,0,1,0,0,2,20/05/2025 13:48,Wet_Season
f4b6ba45-8398-4820-8f9f-787b0a4e8807,C-GwaNV6B052,50,50,,,7,5,0,2,0,0,1,2,0,1,0,0,0,0,0,0,0,0,0,0,0,1,0,0,2,20/05/2025 13:51,Wet_Season
1e0ad1a3-fc13-4126-b126-3ad65b2e00e7,C-IkaK2ZVJ06,,100,,,8,4,0,2,0,0,2,2,0,0,0,0,0,0,0,0,0,0,0,0,0,2,0,0,1500,20/05/2025 13:55,Wet_Season
632a0cfc-ba8e-4c77-9121-e9cc833d1105,C-GwaNYYFS48,50,50,,,7,5,0,2,0,0,1,2,0,1,0,0,0,0,0,0,0,0,0,0,0,1,0,0,2,20/05/2025 13:55,Wet_Season
f4302ef6-3b20-471a-b80d-f12ba34d5c12,C-IkaNWQWA14,100,,,,6,6,0,2,0,0,0,2,0,2,0,0,0,0,0,0,0,0,0,0,0,0,0,0,1500,20/05/2025 13:57,Wet_Season
c20bae8b-cf5b-483c-a29e-0e474801758a,C-IkaPGFKI15,,100,,,8,4,0,2,0,0,2,2,0,0,0,0,0,0,0,0,0,0,0,0,0,2,0,0,1500,20/05/2025 13:58,Wet_Season
bed37575-4d93-4265-9b91-12d7f8384e5b,C-GwaOD4TB58,50,50,,,7,5,0,2,0,0,1,2,0,1,0,0,0,0,0,0,0,0,0,0,0,1,0,0,2,20/05/2025 13:59,Wet_Season
4863c522-46a1-47fc-80eb-778369e9452b,C-IkaQ5XNI07,,100,,,8,4,0,2,0,0,2,2,0,0,0,0,0,0,0,0,0,0,0,0,0,2,0,0,1500,20/05/2025 14:00,Wet_Season
11cb790f-3020-4bcd-8dd1-49687c3aa43f,C-IkaQIT8630,100,,,,6,6,0,2,0,0,0,2,0,2,0,0,0,0,0,0,0,0,0,0,0,0,0,0,1500,20/05/2025 14:02,Wet_Season
4df36729-e3cb-4216-8042-431136a1919d,C-GwaRV3SM26,50,50,,,7,5,0,2,0,0,1,2,0,1,0,0,0,0,0,0,0,0,0,0,0,1,0,0,2,20/05/2025 14:03,Wet_Season
072be879-18c1-44dc-8c29-8b95b224f054,C-IkaYHDV522,,100,,,8,4,0,2,0,0,2,2,0,0,0,0,0,0,0,0,0,0,0,0,0,2,0,0,1500,20/05/2025 14:05,Wet_Season
7554734a-bf45-4c32-b478-ce056d642953,C-GwaZDJ5019,50,50,,,7,5,0,2,0,0,1,2,0,1,0,0,0,0,0,0,0,0,0,0,0,1,0,0,2,20/05/2025 14:06,Wet_Season
c3385de3-8d8c-47f4-aee1-7aed69533716,C-IkaZESS151,100,,,,6,6,0,2,0,0,0,2,0,2,0,0,0,0,0,0,0,0,0,0,0,0,0,0,1500,20/05/2025 14:06,Wet_Season
d491d69c-ef9f-4759-95ac-bab62fc75a2e,C-Gwa1N54P52,50,50,,,7,5,0,2,0,0,1,2,0,1,0,0,0,0,0,0,0,0,0,0,0,1,0,0,2,20/05/2025 14:09,Wet_Season
887be8c3-e292-484b-9b17-fbb83a0240cc,C-JahJ9LF849,100,,,,6,6,0,2,0,0,0,2,0,0,0,0,0,0,0,0,0,0,0,0,0,0,0,0,1.5,20/05/2025 14:10,Wet_Season
cbf44bd5-eb5d-4476-854a-6a29c98d5faa,C-Ika3DWGA18,,100,,,8,4,0,2,0,0,2,2,0,0,0,0,0,0,0,0,0,0,0,0,0,2,0,0,1500,20/05/2025 14:11,Wet_Season
2a4bb4c3-e03d-439e-b586-4e13f5cff7d7,C-Tar5PFYE05,,50,,,4,3,0,0,0,0,0,0,0,0,0,0,0,0,0,0,0,0,0,2,0.5,0,125,2,0,20/05/2025 14:11,Wet_Season
88ddfa35-9920-4b19-ad4d-fadb9b755d84,C-JahJNT8E05,100,,,,6,6,0,2,0,0,0,2,0,0,0,0,0,0,0,0,0,0,0,0,0,0,0,0,1.5,20/05/2025 14:12,Wet_Season
a7f5b79c-fe26-4b16-87a5-26fc38447fd0,C-Gwa294J602,50,50,,,7,5,0,2,0,0,1,2,0,1,0,0,0,0,0,0,0,0,0,0,0,1,0,0,2,20/05/2025 14:12,Wet_Season
e9b634ef-b8ea-430b-a2d9-6a87008ac125,C-Ika6868X13,,100,,,8,4,0,2,0,0,2,2,0,0,0,0,0,0,0,0,0,0,0,0,0,2,0,0,1500,20/05/2025 14:13,Wet_Season
5b0ae16f-9289-44ce-9a6c-815a74ebc5fd,C-JahKR71U25,100,,,,6,6,0,2,0,0,0,2,0,0,0,0,0,0,0,0,0,0,0,0,0,0,0,0,1.5,20/05/2025 14:14,Wet_Season
d4480ddb-684a-44d9-99ea-f94a59d4a4f7,C-Ika7TPEN11,100,,,,6,6,0,2,0,0,0,2,0,2,0,0,0,0,0,0,0,0,0,0,0,0,0,0,1500,20/05/2025 14:14,Wet_Season
8adb4594-6f31-4a6e-afe3-9e3094ff2c89,C-Gwa4P7X959,50,50,,,7,5,0,2,0,0,1,2,0,1,0,0,0,0,0,0,0,0,0,0,0,1,0,0,2,20/05/2025 14:15,Wet_Season
6b185117-b20b-474c-842f-3e7895634ca5,C-Ika9USZI46,,100,,,8,4,0,2,0,0,2,2,0,0,0,0,0,0,0,0,0,0,0,0,0,2,0,0,1500,20/05/2025 14:16,Wet_Season
f4b12e1b-ac66-496a-912d-4f87d5418ed3,C-Tar7G1QQ27,,50,,,4,3,0,0,0,0,0,0,0,0,0,0,0,0,0,0,0,0,0,2,0.5,0,125,2,0,20/05/2025 14:17,Wet_Season
e0033f4e-64af-42a3-8dea-c5a0d626d710,C-IkaAMFBR48,100,,,,6,6,0,2,0,0,0,2,0,2,0,0,0,0,0,0,0,0,0,0,0,0,0,0,1500,20/05/2025 14:17,Wet_Season
4d65d559-84e8-4e40-a5c5-f649831fdd81,C-IkaCBPJJ26,100,,,,6,6,0,2,0,0,0,2,0,2,0,0,0,0,0,0,0,0,0,0,0,0,0,0,1500,20/05/2025 14:19,Wet_Season
a04c4381-12c6-4578-bd29-f0fa3e411338,C-Gwa5PL9018,50,50,,,7,5,0,2,0,0,1,2,0,1,0,0,0,0,0,0,0,0,0,0,0,1,0,0,2,20/05/2025 14:22,Wet_Season
68159e50-7700-4cda-b501-e98c63e1ad5a,C-Gwa87QO038,50,50,,,7,5,0,2,0,0,1,2,0,1,0,0,0,0,0,0,0,0,0,0,0,1,0,0,2,20/05/2025 14:25,Wet_Season
846aab8d-cc76-41c8-9ef9-86c2e80a47d7,C-TarS8YO338,,50,,,4,3,0,0,0,0,0,0,0,0,0,0,0,0,0,0,0,0,0,2,0.5,0,125,2,0,20/05/2025 14:26,Wet_Season
c456e706-7901-4d0e-93da-eef5fc7f8c74,C-Tar7WWLK20,,50,,,4,3,0,0,0,0,0,0,0,0,0,0,0,0,0,0,0,0,0,2,0.5,0,125,2,0,20/05/2025 14:28,Wet_Season
efaeb6d4-14d2-4c71-89f3-4d2d8355fb2b,C-GwaDYQRP37,50,50,,,7,5,0,2,0,0,1,2,0,1,0,0,0,0,0,0,0,0,0,0,0,1,0,0,2,20/05/2025 14:28,Wet_Season
53f57e68-9b79-47dd-baa9-ed65e32023cc,C-TarAOHJL17,,50,,,4,3,0,0,0,0,0,0,0,0,0,0,0,0,0,0,0,0,0,2,0.5,0,125,2,0,20/05/2025 14:49,Wet_Season
15619d25-681c-47e3-ab4f-294b5afc3966,C-TarCJUV857,,50,,,4,3,0,0,0,0,0,0,0,0,0,0,0,0,0,0,0,0,0,2,0.5,0,125,2,0,20/05/2025 14:58,Wet_Season
ef2bd461-f9b2-4b23-aa64-8866a96cab69,C-TarD0WLU08,,50,,,4,3,0,0,0,0,0,0,0,0,0,0,0,0,0,0,0,0,0,2,0.5,0,125,2,0,20/05/2025 15:04,Wet_Season
2a4f4b42-1bf5-4348-95b1-304459a44bff,C-IkaH63Y506,,100,,,8,4,0,2,0,0,2,2,0,0,0,0,0,0,0,0,0,0,0,0,0,2,0,0,1500,20/05/2025 15:53,Wet_Season
98229a86-0c38-4e58-9825-b88243f7d337,C-IkaM7N6C44,,100,,,8,4,0,2,0,0,2,2,0,0,0,0,0,0,0,0,0,0,0,0,0,2,0,0,1500,20/05/2025 15:53,Wet_Season
a28ae3ca-4fa4-445a-9982-f99f1d32edd3,C-IkaMALLQ10,,100,,,8,4,0,2,0,0,2,2,0,0,0,0,0,0,0,0,0,0,0,0,0,2,0,0,1500,20/05/2025 15:53,Wet_Season
0088b166-d890-4038-875d-fa0aa054c355,C-IkaOMDUH34,100,,,,6,6,0,2,0,0,0,2,0,2,0,0,0,0,0,0,0,0,0,0,0,0,0,0,1500,20/05/2025 15:53,Wet_Season
c6b03412-3684-492e-a18c-f41a2bbfd036,C-IkaRGDHJ23,,100,,,8,4,0,2,0,0,2,2,0,0,0,0,0,0,0,0,0,0,0,0,0,2,0,0,1500,20/05/2025 15:54,Wet_Season
84e576ab-7275-4778-9bc6-e0271a997c03,C-IkaS51C743,100,,,,6,6,0,2,0,0,0,2,0,2,0,0,0,0,0,0,0,0,0,0,0,0,0,0,1500,20/05/2025 15:54,Wet_Season
6f1ad613-b559-4f6f-a5c2-fa623514c75d,C-IkaXJF5D15,,100,,,8,4,0,2,0,0,2,2,0,0,0,0,0,0,0,0,0,0,0,0,0,2,0,0,1500,20/05/2025 15:54,Wet_Season
eed4cfbb-9a0c-46f8-a0ae-a46760f7e8f6,C-Ika0GYM742,,100,,,8,4,0,2,0,0,2,2,0,0,0,0,0,0,0,0,0,0,0,0,0,2,0,0,1500,20/05/2025 15:54,Wet_Season
bc247498-a3e7-4681-99f0-8a3313d5587b,C-Ika6U8BU50,100,,,,6,6,0,2,0,0,0,2,0,2,0,0,0,0,0,0,0,0,0,0,0,0,0,0,1500,20/05/2025 15:54,Wet_Season
baec5ada-3fce-4a1a-9a87-1c61dd020f0d,C-IkaD8SCU10,,100,,,8,4,0,2,0,0,2,2,0,0,0,0,0,0,0,0,0,0,0,0,0,2,0,0,1500,20/05/2025 15:54,Wet_Season
4c5fe30d-e02a-4c8c-88f8-e33506bc513e,C-IkaEYGY338,100,,,,6,6,0,2,0,0,0,2,0,2,0,0,0,0,0,0,0,0,0,0,0,0,0,0,1500,20/05/2025 15:54,Wet_Season
e74552fd-d911-4f53-b018-0bdbe9e7e514,C-IkaFTO8R10,,100,,,8,4,0,2,0,0,2,2,0,0,0,0,0,0,0,0,0,0,0,0,0,2,0,0,1500,20/05/2025 15:54,Wet_Season
1fbfc3da-a65e-44b8-92e2-ead89e709004,C-IkaIFTSN27,100,,,,6,6,0,2,0,0,0,2,0,2,0,0,0,0,0,0,0,0,0,0,0,0,0,0,1500,20/05/2025 15:54,Wet_Season
3309197f-7be1-44b6-8861-37c3dfcc8f66,C-IkaNDJD206,,100,,,8,4,0,2,0,0,2,2,0,0,0,0,0,0,0,0,0,0,0,0,0,2,0,0,1500,20/05/2025 15:54,Wet_Season
a4118769-81f5-4f52-8624-b94eac0277bc,C-IkaQBDIN51,,100,,,8,4,0,2,0,0,2,2,0,0,0,0,0,0,0,0,0,0,0,0,0,2,0,0,1500,20/05/2025 15:54,Wet_Season
24594ca3-5649-4fa6-8b92-92362a5aa114,C-IkaS18IL06,100,,,,6,6,0,2,0,0,0,2,0,2,0,0,0,0,0,0,0,0,0,0,0,0,0,0,1500,20/05/2025 15:54,Wet_Season
20ceb67f-eedc-48cc-a7d0-03ed435a4a46,C-IkaYE5BC13,100,,,,6,6,0,2,0,0,0,2,0,2,0,0,0,0,0,0,0,0,0,0,0,0,0,0,1500,20/05/2025 15:54,Wet_Season
2a694fbd-1da9-479f-a5fb-ce680a22fb9e,C-IkaZ7H1U58,100,,,,6,6,0,2,0,0,0,2,0,2,0,0,0,0,0,0,0,0,0,0,0,0,0,0,1500,20/05/2025 15:54,Wet_Season
be596f41-1723-4578-9cf7-b4d64cdc3870,C-Ika0HYQA48,,100,,,8,4,0,2,0,0,2,2,0,0,0,0,0,0,0,0,0,0,0,0,0,2,0,0,1500,20/05/2025 15:54,Wet_Season
94831273-3e42-4096-88cb-32219d1937e7,C-Ika0MR7O14,100,,,,6,6,0,2,0,0,0,2,0,2,0,0,0,0,0,0,0,0,0,0,0,0,0,0,1500,20/05/2025 15:54,Wet_Season
c462c944-167e-46b3-aebc-889a66d27aeb,C-Ika7XYGN04,,100,,,8,4,0,2,0,0,2,2,0,0,0,0,0,0,0,0,0,0,0,0,0,2,0,0,1500,20/05/2025 15:54,Wet_Season
327f6794-4772-46e8-8baa-0bcd6ba0f920,C-IkaCSPCR25,100,,,,6,6,0,2,2,0,0,2,0,2,0,0,0,0,0,0,0,0,0,0,0,0,0,0,2,20/05/2025 15:54,Wet_Season
ebb7c61f-a763-437e-aa57-c29d27b3f9a8,C-IkaDFV1B00,100,,,,6,6,0,2,2,0,0,2,0,2,0,0,0,0,0,0,0,0,0,0,0,0,0,0,1500,20/05/2025 15:54,Wet_Season
03fae04c-62b9-4d1d-b0f8-cbf269d40f05,C-JahKS4B535,100,,,,6,6,0,2,0,0,0,2,0,0,0,0,0,0,0,0,0,0,0,0,0,0,0,0,1.5,20/05/2025 16:14,Wet_Season
69c49dda-8a70-4e8d-8701-0929fa81ac73,C-JahLOYWB30,100,,,,6,6,0,2,0,0,0,2,0,0,0,0,0,0,0,0,0,0,0,0,0,0,0,0,1.5,20/05/2025 16:14,Wet_Season
efd9f7f5-b55c-407c-b5a8-0a7cfa736ff5,C-JahM2EJ957,100,,,,6,6,0,2,0,0,0,2,0,0,0,0,0,0,0,0,0,0,0,0,0,0,0,0,1.5,20/05/2025 16:14,Wet_Season
0e851a14-5536-46b1-9bae-0807b15ab61c,C-JahMX6EV16,100,,,,6,6,0,2,0,0,0,2,0,0,0,0,0,0,0,0,0,0,0,0,0,0,0,0,1.5,20/05/2025 16:14,Wet_Season
cff185e9-e483-4573-85aa-c25c07b91e03,C-JahNCID050,100,,,,6,6,0,2,0,0,0,2,0,0,0,0,0,0,0,0,0,0,0,0,0,0,0,0,1.5,20/05/2025 16:14,Wet_Season
4a65115e-e103-4669-92aa-b116f3885ef5,C-JahO9YS731,100,,,,6,6,0,2,0,0,0,2,0,0,0,0,0,0,0,0,0,0,0,0,0,0,0,0,1.5,20/05/2025 16:14,Wet_Season
c6753c91-0068-4f5c-bed0-70dd78bf8cda,C-JahPFEMO13,100,,,,6,6,0,2,0,0,0,2,0,0,0,0,0,0,0,0,0,0,0,0,0,0,0,0,1.5,20/05/2025 16:14,Wet_Season
c5841dba-9803-4883-bac6-856a5c5bce36,C-JahPLIW645,100,,,,6,6,0,2,0,0,0,2,0,0,0,0,0,0,0,0,0,0,0,0,0,0,0,0,1.5,20/05/2025 16:14,Wet_Season
6bd2c0ca-6685-4722-af59-7d72d799bb00,C-JahQ2C3P33,100,,,,6,6,0,2,0,0,0,2,0,0,0,0,0,0,0,0,0,0,0,0,0,0,0,0,1.5,20/05/2025 16:14,Wet_Season
53a7a1ab-b938-42a6-944f-f0f65fb59687,C-JahR2LRI52,100,,,,6,6,0,2,0,0,0,2,0,0,0,0,0,0,0,0,0,0,0,0,0,0,0,0,1.5,20/05/2025 16:14,Wet_Season
c181c741-8a4b-4955-beef-5e8d23f64c69,C-JahRJ0BU33,100,,,,6,6,0,2,0,0,0,2,0,0,0,0,0,0,0,0,0,0,0,0,0,0,0,0,1.5,20/05/2025 16:14,Wet_Season
c87c11b4-7c3f-4b26-adf6-b7e1dcb44932,C-JahSRLO406,100,,,,6,6,0,2,0,0,0,2,0,0,0,0,0,0,0,0,0,0,0,0,0,0,0,0,1.5,20/05/2025 16:14,Wet_Season
272cf9fe-f2dd-4051-ba6f-0f16ef936b59,C-JahTDOD201,100,,,,6,6,0,2,0,0,0,2,0,0,0,0,0,0,0,0,0,0,0,0,0,0,0,0,1.5,20/05/2025 16:14,Wet_Season
3a9190c8-1a63-454b-910a-0f46d20494ed,C-JahTYIYA41,100,,,,6,6,0,2,0,0,0,2,0,0,0,0,0,0,0,0,0,0,0,0,0,0,0,0,1.5,20/05/2025 16:14,Wet_Season
83a3010d-65de-41c8-a185-1ff5023bfcbf,C-JahU0PDU20,100,,,,6,6,0,2,0,0,0,2,0,0,0,0,0,0,0,0,0,0,0,0,0,0,0,0,1.5,20/05/2025 16:14,Wet_Season
61a2fbc1-b2b6-454c-a1fe-40ee47ab18de,C-JahU5QIU19,100,,,,6,6,0,2,0,0,0,2,0,0,0,0,0,0,0,0,0,0,0,0,0,0,0,0,1.5,20/05/2025 16:14,Wet_Season
a916bd62-ee03-4875-8c1e-eeefcdf628a7,C-JahV5G8Q20,100,,,,6,6,0,2,0,0,0,2,0,0,0,0,0,0,0,0,0,0,0,0,0,0,0,0,1.5,20/05/2025 16:16,Wet_Season
13a19d9e-5866-4929-ac5d-20c3c8d10392,C-JahWD8AK19,100,,,,6,6,0,2,0,0,0,2,0,0,0,0,0,0,0,0,0,0,0,0,0,0,0,0,1.5,20/05/2025 16:19,Wet_Season
be7a0374-b498-41e2-ad0c-da2b351c088e,C-JahY5NXX55,100,,,,6,6,0,2,0,0,0,2,0,0,0,0,0,0,0,0,0,0,0,0,0,0,0,0,1.5,20/05/2025 16:21,Wet_Season
b60a5820-e785-4859-b636-b0895c99091b,C-IkaHXK5I29,,100,,,8,4,0,2,0,0,2,2,0,0,0,0,0,0,0,0,0,0,0,0,0,2,0,0,1500,20/05/2025 16:40,Wet_Season
bc2771be-f206-46ca-ba4e-89fade1db224,C-IkaHYTBF30,100,,,,6,6,0,2,2,0,0,2,0,2,0,0,0,0,0,0,0,0,0,0,0,0,0,0,1500,20/05/2025 16:40,Wet_Season
57d0fc0d-41ef-4343-aeb6-e0f54a38fa4b,C-IkaMR0G300,,100,,,8,4,0,2,0,0,2,2,0,0,0,0,0,0,0,0,0,0,0,0,0,2,0,0,2,20/05/2025 16:40,Wet_Season
bdccf206-ec79-4a4e-a427-9bb50289d7de,C-IkaNUJCO22,100,,,,6,6,0,2,0,0,0,2,0,2,0,0,0,0,0,0,0,0,0,0,0,0,0,0,1500,20/05/2025 16:40,Wet_Season
91bf38ee-6f21-49b6-9e9d-2bcf59bdbfb4,C-IkaOFG3T05,,100,,,8,4,0,2,0,0,2,2,0,0,0,0,0,0,0,0,0,0,0,0,0,2,0,0,1500,20/05/2025 16:40,Wet_Season
cafafb63-95a7-4be5-9852-9df5e38e5bc7,C-IkaPOVEN42,,100,,,8,4,0,2,0,0,2,2,0,0,0,0,0,0,0,0,0,0,0,0,0,2,0,0,1500,20/05/2025 16:40,Wet_Season
f918b74f-9988-40c9-87e0-fe378885eaab,C-IkaT88A238,100,,,,6,6,0,2,0,0,0,2,0,2,0,0,0,0,0,0,0,0,0,0,0,0,0,0,1500,20/05/2025 16:40,Wet_Season
ba467c46-dbfb-4036-9849-536548027050,C-IkaTGLSC25,,100,,,8,4,0,2,0,0,2,2,0,0,0,0,0,0,0,0,0,0,0,0,0,2,0,0,1500,20/05/2025 16:40,Wet_Season
86a7844b-fb7c-46be-b49a-889d85c8db9b,C-IkaUUZ8T28,100,,,,6,6,0,2,0,0,0,2,0,2,0,0,0,0,0,0,0,0,0,0,0,0,0,0,1500,20/05/2025 16:40,Wet_Season
a109b8a7-05bc-4399-9d86-12d407cd813b,C-IkaXC2DA23,,100,,,8,4,0,2,0,0,2,2,0,0,0,0,0,0,0,0,0,0,0,0,0,2,0,0,1500,20/05/2025 16:41,Wet_Season
204ba323-8503-48ce-81a2-47dc34da00a9,C-IkaZ8LA931,100,,,,6,6,0,2,0,0,0,2,0,2,0,0,0,0,0,0,0,0,0,0,0,0,0,0,1500,20/05/2025 16:41,Wet_Season
72c963a1-74f9-4bc8-b51c-c0163627db6d,C-IkaJWX4T55,,100,,,8,4,0,1.5,0,0,2,2,0,0,0,0,0,0,0,0,0,0,0,0,0,2,0,0,0,20/05/2025 17:14,Wet_Season
4e255eeb-2a7a-446b-9f36-d17a48f24e7a,C-IkaAB4KO32,100,,,,6,6,0,1.5,0,0,0,2,0,2,0,0,0,0,0,0,0,0,0,0,0,0,0,0,0,20/05/2025 17:14,Wet_Season
0c449185-6e27-4afc-ae38-c19eeb8d0a90,C-Ika41JHR56,,100,,,8,4,0,1.5,0,0,2,2,0,0,0,0,0,0,0,0,0,0,0,0,0,2,0,0,0,20/05/2025 17:14,Wet_Season
ad66da96-13ab-438e-af3c-d502d75c495f,C-IkaPZSV638,,100,,,8,4,0,1.5,0,0,2,2,0,0,0,0,0,0,0,0,0,0,0,0,0,2,0,0,0,20/05/2025 17:14,Wet_Season
35519aef-1229-4544-bdf8-2b215b073257,C-IkaBCQ6S41,100,,,,6,6,0,2,0,0,0,2,0,2,0,0,0,0,0,0,0,0,0,0,0,0,0,0,0,20/05/2025 17:14,Wet_Season
59fd1ac7-d69d-476d-93be-8be2f8aeecee,C-IkaQOLCI07,,100,,,8,4,0,0,0,0,2,2,0,0,0,0,0,0,0,0,0,0,0,0,0,2,0,0,0,20/05/2025 17:14,Wet_Season
6338002c-17d9-4329-aae4-bb25a3c1ff22,C-IkaJ17NK42,,100,,,8,4,0,1.5,0,0,2,2,0,0,0,0,0,0,0,0,0,0,0,0,0,2,0,0,0,20/05/2025 17:14,Wet_Season
0558fbbc-4c94-4d04-a30d-9806c91d4965,C-IkaE0UO432,100,,,,6,6,0,1.5,0,0,0,2,0,2,0,0,0,0,0,0,0,0,0,0,0,0,0,0,0,20/05/2025 17:14,Wet_Season
57fbd2bb-7e35-48a0-b4bb-68bcd7e758f1,C-IkaUPJDU24,100,,,,6,6,0,1.5,0,0,0,2,0,2,0,0,0,0,0,0,0,0,0,0,0,0,0,0,0,20/05/2025 17:14,Wet_Season
b2501888-55bf-4db3-a3ea-8197f7b66307,C-IkaSQR9U45,,100,,,8,4,0,1.5,0,0,2,2,0,0,0,0,0,0,0,0,0,0,0,0,0,2,0,0,0,20/05/2025 17:14,Wet_Season
93e539c4-8bd0-4f68-a991-852d3d324eb9,C-IkaNZS8801,,100,,,8,4,0,1.5,0,0,2,2,0,0,0,0,0,0,0,0,0,0,0,0,0,2,0,0,0,20/05/2025 17:14,Wet_Season
e3c7b6b5-a6cc-4014-acfd-1ad0de2a17e3,C-IkaN8ZJG02,100,,,,6,6,0,1.5,0,0,0,2,0,2,0,0,0,0,0,0,0,0,0,0,0,0,0,0,0,20/05/2025 17:14,Wet_Season
9517b1f6-1c2f-4507-8622-39e8ed240d22,C-Ika4OQJP47,100,,,,6,6,0,1.5,0,0,0,2,0,2,0,0,0,0,0,0,0,0,0,0,0,0,0,0,0,20/05/2025 17:14,Wet_Season
fd8e60c6-8907-4a79-bb70-990a463857af,C-Ika21YJY37,,100,,,8,4,0,1.5,0,0,2,2,0,0,0,0,0,0,0,0,0,0,0,0,0,2,0,0,0,20/05/2025 17:14,Wet_Season
273a58cc-38e5-4ef4-a63a-95263fba5eb4,C-IkaJGQNJ15,100,,,,6,6,0,1.5,0,0,0,2,0,2,0,0,0,0,0,0,0,0,0,0,0,0,0,0,0,20/05/2025 17:14,Wet_Season
5b097568-f4ed-4ba4-a445-8ee3aecc1b1a,C-IkaCBLOE10,100,,,,6,6,0,1.5,0,0,0,2,0,2,0,0,0,0,0,0,0,0,0,0,0,0,0,0,0,20/05/2025 17:14,Wet_Season
fdd93efb-2950-4ba3-9ee5-4428a9996dd8,C-IkaKEMVU05,100,,,,6,6,0,1.5,0,0,0,2,0,2,0,0,0,0,0,0,0,0,0,0,0,0,0,0,0,20/05/2025 17:14,Wet_Season
a1f93098-8c54-419e-a7a5-6101febb98ec,C-Ika52AYP49,,100,,,8,4,0,1.5,0,0,2,2,0,0,0,0,0,0,0,0,0,0,0,0,0,2,0,0,0,20/05/2025 17:14,Wet_Season
a014e92f-eed1-4161-b3c2-d04ca0209da4,C-IkaCX7DL05,100,,,,6,6,0,1.5,0,0,0,2,0,2,0,0,0,0,0,0,0,0,0,0,0,0,0,0,0,20/05/2025 17:14,Wet_Season
adbddc7f-e2af-42a8-864d-bb0e9671bc2a,C-Ika3HWSZ14,,100,,,8,4,0,1.5,0,0,2,2,0,0,0,0,0,0,0,0,0,0,0,0,0,2,0,0,0,20/05/2025 17:14,Wet_Season
48342062-5df5-42f5-a7e3-12643c50f961,C-IkaP92OT07,100,,,,6,6,0,1.5,0,0,0,2,0,2,0,0,0,0,0,0,0,0,0,0,0,0,0,0,0,20/05/2025 17:14,Wet_Season
80fd9ef3-2f75-4e4d-9069-4ecdb2dcce19,C-IkaPJ95611,,100,,,8,4,0,1.5,0,0,0,2,0,0,0,0,0,0,0,0,0,0,0,0,0,2,0,0,0,20/05/2025 17:14,Wet_Season
0b1f72ec-90ec-48ec-bb1f-e7e769334bb6,C-IkaKZUOS05,100,,,,6,6,0,1.5,0,0,0,2,0,2,0,0,0,0,0,0,0,0,0,0,0,0,0,0,0,20/05/2025 17:14,Wet_Season
a9369649-5a77-4bde-9f33-1e1ee2a526dd,C-IkaZT33X30,,100,,,8,4,0,1.5,0,0,0,2,0,0,0,0,0,0,0,0,0,0,0,0,0,2,0,0,0,20/05/2025 17:15,Wet_Season
b09cadda-4632-4644-aca5-fb2df54f3b96,C-IkaXHE4635,100,,,,6,6,0,1.5,0,0,0,2,0,2,0,0,0,0,0,0,0,0,0,0,0,0,0,0,0,20/05/2025 17:15,Wet_Season
60c94f7e-fa8d-490e-9982-ffce9009dd07,C-IkaXU5IX23,100,,,,6,6,0,1.5,0,0,0,2,0,2,0,0,0,0,0,0,0,0,0,0,0,0,0,0,0,20/05/2025 17:15,Wet_Season
c85b23d4-d07b-4c2a-9090-313ba2eab90f,C-Ika1MFM647,100,,,,6,6,0,1.5,0,0,0,2,0,2,0,0,0,0,0,0,0,0,0,0,0,0,0,0,0,20/05/2025 17:15,Wet_Season
4fe7fa5d-8907-40e9-bfd9-4b3e2e0330c3,C-IkaZF3UR41,,100,,,8,4,0,1.5,0,0,2,2,0,0,0,0,0,0,0,0,0,0,0,0,0,2,0,0,0,20/05/2025 17:15,Wet_Season
947654cb-2d69-4fcd-9005-8415eb139a9b,C-IkaZMEXU37,,100,,,8,4,0,1.5,0,0,2,2,0,0,0,0,0,0,0,0,0,0,0,0,0,2,0,0,0,20/05/2025 17:15,Wet_Season
eac4ba7d-e7b1-4370-878b-0d24e282d892,C-Ika4T73Y19,100,,,,6,6,0,1.5,0,0,0,2,0,2,0,0,0,0,0,0,0,0,0,0,0,0,0,0,0,20/05/2025 17:15,Wet_Season
6155b33b-0efa-4a1d-af60-7ff0ef67e5b5,C-IkaVTMVC20,100,,,,6,6,0,1.5,0,0,0,2,0,2,0,0,0,0,0,0,0,0,0,0,0,0,0,0,0,20/05/2025 17:15,Wet_Season
abf51c0e-f276-4b52-b1cb-2b90a00be9d9,C-IkaXMNCF51,100,,,,6,6,0,1.5,0,0,0,2,0,2,0,0,0,0,0,0,0,0,0,0,0,0,0,0,0,20/05/2025 17:15,Wet_Season
c14d8083-3a05-4cd2-adf8-8430c8411e52,C-Ika0LG3D59,,100,,,8,4,0,1.5,0,0,2,2,0,0,0,0,0,0,0,0,0,0,0,0,0,2,0,0,0,20/05/2025 17:15,Wet_Season
71053c3b-121b-4847-acaf-786bb2547cc1,C-IkaFPNRN24,,100,,,8,4,0,1.5,0,0,2,2,0,0,0,0,0,0,0,0,0,0,0,0,0,2,0,0,0,20/05/2025 17:15,Wet_Season
3915d5b8-771a-459d-b9fc-49be28769efc,C-Ika7MKZQ17,100,,,,6,6,0,1.5,0,0,0,2,0,2,0,0,0,0,0,0,0,0,0,0,0,0,0,0,0,20/05/2025 17:15,Wet_Season
efa71509-4347-425e-a47c-2980b8c7e43c,C-Ika4HTOK02,,100,,,8,4,0,1.5,0,0,2,2,0,0,0,0,0,0,0,0,0,0,0,0,0,2,0,0,0,20/05/2025 17:15,Wet_Season
f922d0ea-9a7c-4b3b-bbd5-86140171d1ba,C-IkaX0S1D15,,100,,,8,4,0,1.5,0,0,2,2,0,0,0,0,0,0,0,0,0,0,0,0,0,2,0,0,0,20/05/2025 17:15,Wet_Season
3ed13796-ee30-4e91-b3b1-1e38ccb0e135,C-IkaVRR0C43,100,,,,6,6,0,1.5,0,0,0,2,0,2,0,0,0,0,0,0,0,0,0,0,0,0,0,0,0,20/05/2025 17:15,Wet_Season
d701a2a0-aaea-4c66-bffe-10d4f62c90e2,C-IkaOCPNY04,100,,,,6,6,0,1.5,0,0,0,2,0,2,0,0,0,0,0,0,0,0,0,0,0,0,0,0,0,20/05/2025 17:15,Wet_Season
9de583e2-f05a-4be4-b7b7-79d4ce5e31d8,C-IkaRV5X340,100,,,,6,6,0,1.5,0,0,0,2,0,2,0,0,0,0,0,0,0,0,0,0,0,0,0,0,0,20/05/2025 17:15,Wet_Season
9c1c481b-6f61-4b01-a95a-f0aeb2459f34,C-Ika3DETJ01,100,,,,6,6,0,1.5,0,0,0,2,0,2,0,0,0,0,0,0,0,0,0,0,0,0,0,0,0,20/05/2025 17:15,Wet_Season
cacd7c8d-f05d-462e-9efc-ec73f96cb67b,C-Ika9M4IH36,,100,,,8,4,0,1.5,0,0,2,2,0,0,0,0,0,0,0,0,0,0,0,0,0,2,0,0,0,20/05/2025 17:15,Wet_Season
7c154c66-8a19-4431-8b95-9a4c49b420e6,C-IkaP01ZP06,,100,,,8,4,0,1.5,0,0,2,2,0,0,0,0,0,0,0,0,0,0,0,0,0,2,0,0,0,20/05/2025 17:15,Wet_Season
da5680e1-0edd-42b0-bc8c-d965b81afa0c,C-IkaNU06T08,100,,,,6,6,0,1.5,0,0,0,2,0,2,0,0,0,0,0,0,0,0,0,0,0,0,0,0,0,20/05/2025 17:15,Wet_Season
63d13e7b-ef66-46c2-bc88-57b4ad3cb09f,C-Ika491YD11,100,,,,6,6,0,1.5,0,0,0,2,0,2,0,0,0,0,0,0,0,0,0,0,0,0,0,0,0,20/05/2025 17:15,Wet_Season
11329d55-92c7-4221-a092-4d3b9b21c9d6,C-IkaI9PDJ50,100,,,,6,6,0,1.5,0,0,0,2,0,2,0,0,0,0,0,0,0,0,0,0,0,0,0,0,0,20/05/2025 17:15,Wet_Season
1c63ad89-891d-400c-8755-a7e9d0cb15e0,C-IkaLZH9N24,100,,,,6,6,0,1.5,0,0,0,2,0,2,0,0,0,0,0,0,0,0,0,0,0,0,0,0,0,20/05/2025 17:15,Wet_Season
aed30baa-79a1-40b7-bc43-858a170dd801,C-IkaT6RVW47,,100,,,8,4,0,1.5,0,0,2,2,0,0,0,0,0,0,0,0,0,0,0,0,0,2,0,0,0,20/05/2025 17:15,Wet_Season
34f8a693-7db3-46f0-ba2d-ecac5ae9889a,C-IkaJTSQS22,,100,,,8,4,0,1.5,0,0,2,2,0,0,0,0,0,0,0,0,0,0,0,0,0,2,0,0,0,20/05/2025 17:15,Wet_Season
e4873c04-2caf-4d33-ba02-2a3843698ae3,C-Ika445DV27,,100,,,8,4,0,1.5,0,0,2,2,0,0,0,0,0,0,0,0,0,0,0,0,0,2,0,0,0,20/05/2025 17:15,Wet_Season
0e3bb1a0-8d69-4fc0-81f4-50220036d8a5,C-IkaS5UMC41,100,,,,6,6,0,1.5,0,0,0,2,0,2,0,0,0,0,0,0,0,0,0,0,0,0,0,0,0,20/05/2025 17:16,Wet_Season
77fa4df4-7bad-45e3-a008-8f6e375c211f,C-IkaOFWL314,100,,,,6,6,0,1.5,0,0,0,2,0,2,0,0,0,0,0,0,0,0,0,0,0,0,0,0,0,20/05/2025 17:16,Wet_Season
4b084da9-85ea-4939-8fe7-4f0237330f3f,C-IkaOPV4D09,100,,,,6,6,0,1.5,0,0,0,2,0,2,0,0,0,0,0,0,0,0,0,0,0,0,0,0,0,20/05/2025 17:16,Wet_Season
34d5bdaa-08b5-4f44-b10e-32894c2d2aa3,C-IkaQ8PFK57,,100,,,8,4,0,1.5,0,0,2,2,0,0,0,0,0,0,0,0,0,0,0,0,0,2,0,0,0,20/05/2025 17:16,Wet_Season
99e0633e-f113-44dd-b4f0-a95f0b958214,C-IkaXJPMH42,100,,,,6,6,0,1.5,0,0,0,2,0,2,0,0,0,0,0,0,0,0,0,0,0,0,0,0,0,20/05/2025 17:16,Wet_Season
082d7c22-5aa0-4428-bf19-132e98e18dbc,C-IkaJXR9F39,100,,,,6,6,0,1.5,0,0,0,2,0,2,0,0,0,0,0,0,0,0,0,0,0,0,0,0,0,20/05/2025 17:16,Wet_Season
6a2c6425-ff66-46d9-a2fe-b921d2031335,C-IkaRSB3Y48,,100,,,8,4,0,1.5,0,0,2,2,0,0,0,0,0,0,0,0,0,0,0,0,0,2,0,0,0,20/05/2025 17:16,Wet_Season
9f7d8e1e-47f4-45a5-8da0-a1a752baff56,C-IkaM5A6G17,100,,,,6,6,0,1.5,0,0,0,2,0,2,0,0,0,0,0,0,0,0,0,0,0,0,0,0,0,20/05/2025 17:16,Wet_Season
a472bed5-9ed0-46d3-b7a8-9499e47527ef,C-IkaA0APP44,100,,,,6,6,0,1.5,0,0,0,2,0,2,0,0,0,0,0,0,0,0,0,0,0,0,0,0,0,20/05/2025 17:16,Wet_Season
837da205-b814-4e36-8050-4d22bbdc4dd2,C-IkaZ2ZMQ31,100,,,,6,6,0,1.5,0,0,0,2,0,2,0,0,0,0,0,0,0,0,0,0,0,0,0,0,0,20/05/2025 17:16,Wet_Season
9ac93b1f-24fb-4a1a-8bc4-e867469c181b,C-IkaDU8F738,100,,,,6,6,0,1.5,0,0,0,2,0,2,0,0,0,0,0,0,0,0,0,0,0,0,0,0,0,20/05/2025 17:16,Wet_Season
3f8a8ac7-73af-44b4-bab5-f431aef6342f,C-IkaWVGE448,,100,,,8,4,0,1.5,0,0,2,2,0,0,0,0,0,0,0,0,0,0,0,0,0,2,0,0,0,20/05/2025 17:16,Wet_Season
38efdf24-67c9-40f5-9f42-037a041c84b9,C-IkaHGJMI53,100,,,,6,6,0,1.5,0,0,0,2,0,2,0,0,0,0,0,0,0,0,0,0,0,0,0,0,0,20/05/2025 17:16,Wet_Season
9d78f9a4-2f93-4b01-9666-2cb434799581,C-IkaLBBIE43,,100,,,8,4,0,1.5,0,0,2,2,0,0,0,0,0,0,0,0,0,0,0,0,0,2,0,0,0,20/05/2025 17:16,Wet_Season
fcc2ac7d-7e25-43c6-a1c9-c640c1fd0fac,C-IkaKLO4W11,100,,,,6,6,0,1.5,0,0,0,2,0,2,0,0,0,0,0,0,0,0,0,0,0,0,0,0,0,20/05/2025 17:16,Wet_Season
5eadbade-8d09-4e61-8672-4d6e0369107f,C-IkaO0J4Q25,,100,,,8,4,0,1.5,0,0,2,2,0,0,0,0,0,0,0,0,0,0,0,0,0,2,0,0,0,20/05/2025 17:16,Wet_Season
08d7f913-59c8-4391-8e92-2e66d56a7fb2,C-IkaWMYF619,100,,,,6,6,0,1.5,0,0,0,2,0,2,0,0,0,0,0,0,0,0,0,0,0,0,0,0,0,20/05/2025 17:16,Wet_Season
55efcef5-95ae-41ed-a794-7525a1feaaa3,C-IkaAS0YA18,100,,,,6,6,0,1.5,0,0,0,2,0,2,0,0,0,0,0,0,0,0,0,0,0,0,0,0,0,20/05/2025 17:16,Wet_Season
ccc2d420-c094-43cd-9554-b040d384b789,C-Ika5CKC748,,100,,,8,4,0,1.5,0,0,2,2,0,0,0,0,0,0,0,0,0,0,0,0,0,2,0,0,0,20/05/2025 17:16,Wet_Season
9067c463-7a9f-4189-b135-02eb8b4c1194,C-IkaAUITH56,,100,,,8,4,0,1.5,0,0,2,2,0,0,0,0,0,0,0,0,0,0,0,0,0,2,0,0,0,20/05/2025 17:16,Wet_Season
72c42ecb-eaa8-4a36-8233-0631d8850114,C-IkaMN3AA11,100,,,,6,6,0,1.5,0,0,0,2,0,2,0,0,0,0,0,0,0,0,0,0,0,0,0,0,0,20/05/2025 17:16,Wet_Season
242019a8-90d5-49f2-8d10-d436feab6a25,C-IkaWFOND10,,100,,,8,4,0,1.5,0,0,2,2,0,0,0,0,0,0,0,0,0,0,0,0,0,2,0,0,0,20/05/2025 17:16,Wet_Season
077eaba5-9c87-4830-850c-cbcf303b7bda,C-IkaYA5CT19,100,,,,6,6,0,1.5,0,0,0,2,0,2,0,0,0,0,0,0,0,0,0,0,0,0,0,0,0,20/05/2025 17:16,Wet_Season
d76daf1c-975e-4bab-82c6-4b02c69610bb,C-IkaBXXRF04,,100,,,8,4,0,1.5,0,0,2,2,0,0,0,0,0,0,0,0,0,0,0,0,0,2,0,0,0,20/05/2025 17:17,Wet_Season
c045f345-3b32-4e1a-823f-6aa83e0c923e,C-AkaCI4C837,60,,,,0,0,0,0,0,0,0,0,0,1.5,2,0,0,0,0,0,0,0,0,0,0,0,0,0,0,20/05/2025 17:18,Wet_Season
d4f8002e-65a2-4b50-8d6f-639b88b9f64d,C-Ika0VU6129,,100,,,8,4,0,2,0,0,2,2,0,0,0,0,0,0,0,0,0,0,0,0,0,2,0,0,1500,20/05/2025 17:18,Wet_Season
e6414d22-65c2-4832-a4c4-ab001f35830e,C-Ika26K3H03,100,,,,6,6,0,2,0,0,0,2,0,2,0,0,0,0,0,0,0,0,0,0,0,0,0,0,1500,20/05/2025 17:18,Wet_Season
13e8c91b-7b86-4c62-b560-f0ab0994a369,C-Ika4PTMO41,,100,,,8,4,0,2,0,0,2,2,0,0,0,0,0,0,0,0,0,0,0,0,0,2,0,0,1500,20/05/2025 17:18,Wet_Season
6ed89a5b-7164-4a5c-b275-4acd34dc7dbc,C-Ika92V5V45,,100,,,8,4,0,2,0,0,2,2,0,0,0,0,0,0,0,0,0,0,0,0,0,2,0,0,1500,20/05/2025 17:18,Wet_Season
e69eb857-ae8d-4fe8-9d6c-07862faaf5a7,C-IkaAD04V29,,100,,,8,4,0,2,0,0,2,2,0,0,0,0,0,0,0,0,0,0,0,0,0,2,0,0,1500,20/05/2025 17:18,Wet_Season
3007d89d-a55d-4a43-b10d-7ac785a87f35,C-IkaBQIYZ35,100,,,,6,6,0,2,0,0,0,2,0,2,0,0,0,0,0,0,0,0,0,0,0,0,0,0,1500,20/05/2025 17:18,Wet_Season
21da79fc-47fa-46d2-8ce7-061fa0749d16,C-IkaBY77X48,,100,,,8,4,0,2,0,0,2,2,0,0,0,0,0,0,0,0,0,0,0,0,0,2,0,0,1500,20/05/2025 17:18,Wet_Season
e5379bb6-4337-4fcc-9ffa-979810d1bb73,C-IkaETU0N00,100,,,,6,6,0,2,0,0,0,2,0,2,0,0,0,0,0,0,0,0,0,0,0,0,0,0,1500,20/05/2025 17:18,Wet_Season
86425d9e-0ca7-46a5-9d84-01a761852d04,C-IkaHOH6A13,100,,,,6,6,0,2,0,0,0,2,0,2,0,0,0,0,0,0,0,0,0,0,0,0,0,0,1500,20/05/2025 17:19,Wet_Season
b611ed3a-cf41-4cf7-9e41-dc66690eda83,C-IkaPR5VS31,,100,,,8,4,0,2,0,0,2,2,0,0,0,0,0,0,0,0,0,0,0,0,0,2,0,0,1500,20/05/2025 17:19,Wet_Season
e9ce82e4-2ca7-4e2f-bc73-489331c9a243,C-IkaSU8OB22,100,,,,6,6,0,2,0,0,0,2,0,2,0,0,0,0,0,0,0,0,0,0,0,0,0,0,1500,20/05/2025 17:19,Wet_Season
f20decb1-4975-4cf2-8bf4-ba89dbfcad2c,C-IkaV1M2J18,,100,,,8,4,0,2,0,0,2,2,0,0,0,0,0,0,0,0,0,0,0,0,0,2,0,0,1500,20/05/2025 17:19,Wet_Season
260d8b91-8312-4fbd-8422-ebe68718481f,C-IkaW59N635,100,,,,6,6,0,2,0,0,0,2,0,2,0,0,0,0,0,0,0,0,0,0,0,0,0,0,1500,20/05/2025 17:19,Wet_Season
7aeb7fae-04cc-4460-99b4-06aa42e4b2f7,C-IkaXQ85E44,,100,,,8,4,0,2,0,0,2,2,0,0,0,0,0,0,0,0,0,0,0,0,0,2,0,0,1500,20/05/2025 17:19,Wet_Season
d5751581-8d03-448c-bfec-0ee6ab725882,C-IkaCCV7Y38,100,,,,6,6,0,1.5,0,0,0,2,0,2,0,0,0,0,0,0,0,0,0,0,0,0,0,0,0,20/05/2025 17:19,Wet_Season
895ef0b7-d812-4cae-bdb9-0e128eab4ad7,C-Ika6CTEU05,,100,,,8,4,0,2,0,0,2,2,0,0,0,0,0,0,0,0,0,0,0,0,0,2,0,0,1500,20/05/2025 17:27,Wet_Season
8f4e5b97-b72c-42ad-a897-b72df4229e0e,C-IkaHO13029,,100,,,8,4,0,2,0,0,2,2,0,0,0,0,0,0,0,0,0,0,0,0,0,2,0,0,1500,20/05/2025 17:32,Wet_Season
32b72c41-4b8c-4a75-8a53-8a5ed5e2a60d,C-IkaHXAC351,100,,,,6,6,0,2,0,0,0,2,0,2,0,0,0,0,0,0,0,0,0,0,0,0,0,0,1500,20/05/2025 17:34,Wet_Season
a2a2cff5-abc0-42f6-a0ab-8849a922beda,C-IkaMFP8X59,100,,,,6,6,0,2,0,0,0,2,0,2,0,0,0,0,0,0,0,0,0,0,0,0,0,0,1500,20/05/2025 17:37,Wet_Season
11921db6-1b0f-44e2-883b-49774693a08d,C-IkaHLOVI12,,100,,,8,4,0,2,0,0,2,2,0,0,0,0,0,0,0,0,0,0,0,0,0,2,0,0,1500,20/05/2025 17:46,Wet_Season
b2c4cb82-cb0f-4419-8295-b165948a0ad5,C-IkaIBDZB53,100,,,,6,6,0,2,0,0,0,2,0,2,0,0,0,0,0,0,0,0,0,0,0,0,0,0,1500,20/05/2025 17:48,Wet_Season
88debad0-f66b-408c-a272-82cd2868c0bd,C-Tar2LCU511,,50,,,4,3,0,0,0,0,0,0,0,0,0,0,0,0,0,0,0,0,0,2,0.5,0,125,2,0,20/05/2025 17:49,Wet_Season
f003e2b8-6cc4-48b4-a694-baa40976f372,C-Ika2R7C257,,100,,,8,4,0,2,0,0,2,2,0,0,0,0,0,0,0,0,0,0,0,0,0,2,0,0,1500,20/05/2025 17:51,Wet_Season
ec4ae532-f200-460a-bea7-57449a711cd6,C-Ika5WT3L14,100,,,,6,6,0,2,0,0,0,2,0,2,0,0,0,0,0,0,0,0,0,0,0,0,0,0,1500,20/05/2025 17:54,Wet_Season
4f99b80f-3fee-411f-aa8f-b301f44d0c05,C-IkaBP84O29,100,,,,6,6,0,2,0,0,0,2,0,2,0,0,0,0,0,0,0,0,0,0,0,0,0,0,1500,20/05/2025 17:57,Wet_Season
8f166caa-1404-4f14-a2f7-7c966afe86a5,C-IkaCFZES16,,100,,,8,4,0,2,0,0,2,2,0,0,0,0,0,0,0,0,0,0,0,0,0,2,0,0,1500,20/05/2025 18:00,Wet_Season
048bb106-3f3d-4abf-a60a-666d0d442491,C-IkaF303D06,100,,,,6,6,0,2,0,0,0,2,0,2,0,0,0,0,0,0,0,0,0,0,0,0,0,0,1500,20/05/2025 18:02,Wet_Season
15d73ee2-3109-4d7b-aee9-75d6d4f0a885,C-IkaI8E7L50,100,,,,6,6,0,2,0,0,0,2,0,2,0,0,0,0,0,0,0,0,0,0,0,0,0,0,1500,20/05/2025 18:04,Wet_Season
1a66c1db-cf13-4a18-a156-0351d73bf6c4,C-IkaJS77E40,,100,,,8,4,0,2,0,0,2,2,0,0,0,0,0,0,0,0,0,0,0,0,0,2,0,0,1500,20/05/2025 18:06,Wet_Season
8735b44b-401d-46c2-8390-1d73ce5832e0,C-IkaFVZ6H26,100,,,,6,6,0,2,0,0,0,2,0,2,0,0,0,0,0,0,0,0,0,0,0,0,0,0,1500,20/05/2025 18:26,Wet_Season
ae0656d4-3989-4327-a432-efab12e2319b,C-IkaN2YPA43,,100,,,8,4,0,2,0,0,2,2,0,0,0,0,0,0,0,0,0,0,0,0,0,2,0,0,1500,20/05/2025 18:29,Wet_Season
3231a585-6d50-4c61-b135-1d0b97a25a2f,C-Jah189F734,100,,,,6,6,0,2,0,0,0,2,0,0,0,0,0,0,0,0,0,0,0,0,0,0,0,0,1.5,20/05/2025 18:30,Wet_Season
ba424d7b-385c-4d1d-8e15-1c9bc4131f4d,C-Ika2LFFY24,100,,,,6,6,0,2,0,0,0,2,0,2,0,0,0,0,0,0,0,0,0,0,0,0,0,0,1500,20/05/2025 18:44,Wet_Season
6ddfad76-7385-4a6a-baa5-4b6586a319c1,C-Ika984IL07,,100,,,8,4,0,2,0,0,2,2,0,0,0,0,0,0,0,0,0,0,0,0,0,2,0,0,1500,20/05/2025 18:45,Wet_Season
38cbc0bd-8382-43b8-8cb3-3c88da30526e,C-IkaCOS2045,100,,,,6,6,0,2,0,0,0,2,0,2,0,0,0,0,0,0,0,0,0,0,0,0,0,0,1500,20/05/2025 18:47,Wet_Season
0ecf4f9d-e3dc-47e1-9ee7-753fdd8361ee,C-IkaH69DY32,,100,,,8,4,0,2,0,0,2,2,0,0,0,0,0,0,0,0,0,0,0,0,0,2,0,0,1500,20/05/2025 18:49,Wet_Season
f2a3c4da-b8c0-4145-848c-9116234bb4de,C-IkaFDQCN06,100,,,,6,6,0,1.5,0,0,0,2,0,2,0,0,0,0,0,0,0,0,0,0,0,0,0,0,2,20/05/2025 19:01,Wet_Season
fdd63085-acab-46f4-9fcd-195eb1836914,C-IkaKC2WX06,100,,,,6,6,0,1.5,0,0,0,2,0,2,0,0,0,0,0,0,0,0,0,0,0,0,0,0,2,20/05/2025 19:01,Wet_Season
e0922d98-e42a-4b0d-85c8-e931d6d7884f,C-IkaOQ5K242,100,,,,6,6,0,1.5,0,0,0,2,0,2,0,0,0,0,0,0,0,0,0,0,0,0,0,0,1.5,20/05/2025 19:01,Wet_Season
21b8da02-8515-4f3e-8d47-0e74404d74a7,C-Beb3XESR27,100,,,,6,6,0,2,0,0,0,2,0,2,0,0,0,0,0,0,0,0,0,0,0,0,0,0,1500,20/05/2025 19:07,Wet_Season
84e656e2-4b86-49f2-b3dd-93770f79344b,C-IkaV15ZY42,100,,,,6,6,0,2,0,0,0,2,0,2,0,0,0,0,0,0,0,0,0,0,0,0,0,0,1.5,20/05/2025 19:08,Wet_Season
556591bf-e7f3-4a13-a35d-72238c80da66,C-Beb6YT1D00,,100,,,8,4,0,2,0,0,2,2,0,0,0,0,0,0,0,0,0,0,0,0,0,2,0,0,1500,20/05/2025 19:09,Wet_Season
76a35035-1c38-4ff8-a46f-833fc9e49016,C-Beb85PUW06,100,,,,6,6,0,2,0,0,0,2,0,2,0,0,0,0,0,0,0,0,0,0,0,0,0,0,1500,20/05/2025 19:10,Wet_Season
df25ba3f-ed4c-4588-98f9-25752ac3aa25,C-Beb8YIAV04,,100,,,8,4,0,2,0,0,2,2,0,0,0,0,0,0,0,0,0,0,0,0,0,2,0,0,1500,20/05/2025 19:12,Wet_Season
1942c7f4-cd99-4a75-abd0-04f1ab23cce6,C-IkaQF6GK53,,100,,,8,4,0,2,0,0,2,2,0,0,0,0,0,0,0,0,0,0,0,0,0,2,0,0,1.5,20/05/2025 19:12,Wet_Season
3c6b4e94-fcc5-4514-ba29-e856c4f0ce4b,C-BebCAHHC30,,100,,,8,4,0,2,0,0,2,2,0,0,0,0,0,0,0,0,0,0,0,0,0,2,0,0,1500,20/05/2025 19:14,Wet_Season
5116e9ed-ec90-4251-8651-993679da0191,C-BebD60I138,100,,,,6,6,0,2,0,0,0,2,0,2,0,0,0,0,0,0,0,0,0,0,0,0,0,0,1500,20/05/2025 19:15,Wet_Season
642b6612-26a9-4e02-b0b9-f3e368ee81ba,C-BebXOLDC24,,100,,,8,4,0,2,0,0,2,2,0,0,0,0,0,0,0,0,0,0,0,0,0,2,0,0,1500,20/05/2025 19:17,Wet_Season
bfb4a10f-cd2a-433c-b2f6-efc9ea5bedd9,C-Tar82NKE58,,50,,,4,3,0,0,0,0,0,0,0,0,0,0,0,0,0,0,0,0,0,2,0.5,0,125,2,0,20/05/2025 19:20,Wet_Season
dfe1456e-9f3e-4133-bb25-8856ad8b44bb,C-TarIK5EC34,,50,,,4,3,0,0,0,0,0,0,0,0,0,0,0,0,0,0,0,0,0,2,0.5,0,125,2,0,20/05/2025 19:20,Wet_Season
8a72bef3-5f66-43fc-abe8-3cd6c92ceead,C-TarCTMZW43,,50,,,4,3,0,0,0,0,0,0,0,0,0,0,0,0,0,0,0,0,0,2,0.5,0,125,2,0,20/05/2025 19:20,Wet_Season
caafc84c-5b5c-47be-8bf2-4f4afba95d25,C-TarQAJR955,,50,,,4,3,0,0,0,0,0,0,0,0,0,0,0,0,0,0,0,0,0,2,2,0,125,2,0,20/05/2025 19:20,Wet_Season
065154fd-1d82-4e24-bfad-20eb6b30a6fb,C-TarBQWL811,,50,,,4,3,0,0,0,0,0,0,0,0,0,0,0,0,0,0,0,0,0,2,0.5,0,125,2,0,20/05/2025 19:21,Wet_Season
4c47902d-2537-4970-920d-e76d21cf784f,C-Tar88TZQ50,,50,,,4,3,0,0,0,0,0,0,0,0,0,0,0,0,0,0,0,0,0,2,0.5,0,125,2,0,20/05/2025 19:21,Wet_Season
dcf14cd5-9f19-445e-b85e-b474e3ce8f22,C-Tar75U7D47,,50,,,4,3,0,0,0,0,0,0,0,0,0,0,0,0,0,0,0,0,0,2,0.5,0,125,2,0,20/05/2025 19:37,Wet_Season
70605268-582c-4572-b2f9-2f70b0e8493d,C-Beb1WUIN18,100,,,,6,6,0,2,0,0,0,2,0,2,0,0,0,0,0,0,0,0,0,0,0,0,0,0,1500,20/05/2025 19:37,Wet_Season
633b661e-cc7a-41cd-a34d-eacc30c4a3ab,C-BebAHACZ02,,100,,,8,4,0,2,0,0,2,2,0,0,0,0,0,0,0,0,0,0,0,0,0,2,0,0,1500,20/05/2025 19:39,Wet_Season
80eec1de-625e-4aae-92a6-74ee7fbc3bae,C-TarYFGYY59,,50,,,4,3,0,0,0,0,0,0,0,0,0,0,0,0,0,0,0,0,0,2,0.5,0,125,2,0,20/05/2025 19:42,Wet_Season
5e2bbf17-ebeb-4370-aac1-daeaaa05a3a3,C-BebCCJGU48,100,,,,6,6,0,2,2,0,0,2,0,2,0,0,0,0,0,0,0,0,0,0,0,0,0,0,1500,20/05/2025 19:43,Wet_Season
7be5421a-84a0-4b6d-91ec-41df695bd88f,C-BebE96SK20,100,,,,6,6,0,2,0,0,0,2,0,2,0,0,0,0,0,0,0,0,0,0,0,0,0,0,1500,20/05/2025 19:43,Wet_Season
abf00f7f-91fa-413c-9c67-0f26655e52f2,C-BebHFKVC14,,100,,,8,4,0,2,0,0,2,2,0,0,0,0,0,0,0,0,0,0,0,0,0,2,0,0,1500,20/05/2025 19:45,Wet_Season
61df8a91-5019-4693-936a-a60bb36cba3c,C-Tar8PUB432,,50,,,4,3,0,0,0,0,0,0,0,0,0,0,0,0,0,0,0,0,0,2,0.5,0,125,2,0,20/05/2025 19:46,Wet_Season
ef45050a-87dd-435c-895e-7fea74ba18f0,C-BebIG7TN51,100,,,,6,6,0,2,0,0,0,2,0,2,0,0,0,0,0,0,0,0,0,0,0,0,0,0,1500,20/05/2025 19:46,Wet_Season
1fdabb31-9040-450f-94a3-15ab236551d3,C-BebOXUY320,,100,,,8,4,0,2,0,0,2,2,0,0,0,0,0,0,0,0,0,0,0,0,0,2,0,0,1500,20/05/2025 19:48,Wet_Season
fde86281-15ee-4eff-8095-efd077f1f102,C-TarA8TDL38,,50,,,4,3,0,0,0,0,0,0,0,0,0,0,0,0,0,0,0,0,0,2,0.5,0,125,2,0,20/05/2025 19:50,Wet_Season
77fbe6c0-97fd-4e4e-ad8a-4dffa9e91bb9,C-BebP667T19,100,,,,6,6,0,2,0,0,0,2,0,2,0,0,0,0,0,0,0,0,0,0,0,0,0,0,1500,20/05/2025 19:50,Wet_Season
5b71fd2d-447b-4a15-b80f-90f844d51e77,C-BebX2DOB18,,100,,,8,4,0,2,0,0,2,2,0,0,0,0,0,0,0,0,0,0,0,0,0,2,0,0,1500,20/05/2025 19:52,Wet_Season
bec99035-27c7-4444-818a-2c5f7405f752,C-BebXDAAZ06,100,,,,6,6,0,2,0,0,0,2,0,2,0,0,0,0,0,0,0,0,0,0,0,0,0,0,1500,20/05/2025 19:53,Wet_Season
71bedded-d812-44a7-974f-4c7d3c45e8e5,C-TarQ70BU11,,50,,,4,3,0,0,0,0,0,0,0,0,0,0,0,0,0,0,0,0,0,2,0.5,0,125,2,0,20/05/2025 19:53,Wet_Season
ba003adf-b916-4107-ac23-34fc060bea15,C-BebYKH5054,,100,,,8,4,0,2,0,0,2,2,0,0,0,0,0,0,0,0,0,0,0,0,0,2,0,0,1500,20/05/2025 19:55,Wet_Season
b600d4ff-f7c1-4988-93bb-36e98e907092,C-KirG63WB38,,100,,,8,4,0,2,0,0,2,2,0,0,0,0,0,0,0,0,0,0,0,0,0,2,0,0,1500,20/05/2025 19:57,Wet_Season
2c00a84d-0a04-4ab6-ae00-008c531f09fc,C-TarPLYHM19,,50,,,4,3,0,0,0,0,0,0,0,0,0,0,0,0,0,0,0,0,0,2,0.5,0,125,2,0,20/05/2025 19:57,Wet_Season
cd290943-bdfb-4c91-a6f2-e97c14a74195,C-KirNUKDG25,100,,,,6,6,0,2,0,0,0,2,0,2,0,0,0,0,0,0,0,0,0,0,0,0,0,0,1500,20/05/2025 19:58,Wet_Season
92f4b89d-94bf-40c4-ba80-c325404620cf,C-KirYA5YZ44,,100,,,8,4,0,2,0,0,2,2,0,0,0,0,0,0,0,0,0,0,0,0,0,2,0,0,1500,20/05/2025 20:00,Wet_Season
720cab7a-5dda-4530-a043-d037d4b12647,C-TarGY99430,,50,,,4,3,0,0,0,0,0,0,0,0,0,0,0,0,0,0,0,0,0,2,0.5,0,125,2,0,20/05/2025 20:20,Wet_Season
b399513f-2b7a-4acb-8094-3ee43099c86c,C-TarEL81201,,50,,,4,3,0,0,0,0,0,0,0,0,0,0,0,0,0,0,0,0,0,2,0.5,0,125,2,0,20/05/2025 20:20,Wet_Season
4b16bee7-867e-444c-a511-12dbe8899eed,C-TarYAJR109,,50,,,4,3,0,0,0,0,0,0,0,0,0,0,0,0,0,0,0,0,0,2,0.5,0,125,2,0,20/05/2025 20:21,Wet_Season
0ea15c01-7461-41c4-bc6c-a7d0846d2297,C-TarI109H09,,50,,,4,3,0,0,0,0,0,0,0,0,0,0,0,0,0,0,0,0,0,2,0.5,0,125,2,0,20/05/2025 20:21,Wet_Season
dd8ac544-aafd-400d-a613-46f12c501cac,C-TarR5MSA59,,50,,,4,3,0,0,0,0,0,0,0,0,0,0,0,0,0,0,0,0,0,2,0.5,0,125,2,0,20/05/2025 20:21,Wet_Season
10e6a6cf-3f50-4956-9357-84d579d5a5be,C-TarO0RTK23,,50,,,4,3,0,0,0,0,0,0,0,0,0,0,0,0,0,0,0,0,0,2,0.5,0,125,2,0,20/05/2025 20:22,Wet_Season
c58c5bce-577c-4cca-9a5b-814f4bf6b919,C-Tar8PGNI13,,50,,,4,3,0,0,0,0,0,0,0,0,0,0,0,0,0,0,0,0,0,2,0.5,0,125,2,0,20/05/2025 20:22,Wet_Season
f1556c50-5b4e-42a3-b8b7-e3c9e68c9b47,C-TarHLWBR28,,50,,,4,3,0,0,0,0,0,0,0,0,0,0,0,0,0,0,0,0,0,2,0.5,0,125,2,0,20/05/2025 20:22,Wet_Season
32089340-6232-4093-8a9d-c3e06ad5601d,C-TarBSPYA39,,50,,,4,3,0,0,0,0,0,0,0,0,0,0,0,0,0,0,0,0,0,2,0.5,0,125,2,0,20/05/2025 20:22,Wet_Season
2482fd47-3108-4e02-bea7-c68e3cc30c5b,C-TarVXRFR46,,50,,,4,3,0,0,0,0,0,0,0,0,0,0,0,0,0,0,0,0,0,2,0.5,0,125,2,0,20/05/2025 20:22,Wet_Season
a440863f-9690-4325-bac6-7feb795116b2,C-Tar8S46616,,50,,,4,3,0,0,0,0,0,0,0,0,0,0,0,0,0,0,0,0,0,2,0.5,0,125,2,0,20/05/2025 20:22,Wet_Season
b6807233-ca9a-46a1-bbfd-3d922cbd1100,C-TarE5R9N46,,50,,,4,3,0,0,0,0,0,0,0,0,0,0,0,0,0,0,0,0,0,2,0.5,0,125,2,0,20/05/2025 20:29,Wet_Season
03e38420-c344-4203-a34a-a6e92130e950,C-TarQVKYC09,,50,,,4,3,0,0,0,0,0,0,0,0,0,0,0,0,0,0,0,0,0,2,0.5,0,125,2,0,20/05/2025 20:32,Wet_Season
78959da9-ac59-41ff-a6dc-a5868a55fd9e,C-TarXW9NE16,,50,,,4,3,0,0,0,0,0,0,0,0,0,0,0,0,0,0,0,0,0,2,0.5,0,125,2,0,20/05/2025 20:37,Wet_Season
0b4547bf-ee13-48b4-892a-46bf1f1bafe2,C-TarER7Z618,,50,,,4,3,0,0,0,0,0,0,0,0,0,0,0,0,0,0,0,0,0,2,0.5,0,125,2,0,20/05/2025 20:41,Wet_Season
d1fb80ad-0ec6-49f3-9cc6-4907c788b7cd,C-GwaEB8O416,50,50,,,7,5,0,2,0,0,1,2,0,1,0,0,0,0,0,0,0,0,0,0,0,1,0,0,2,20/05/2025 20:48,Wet_Season
4e502b87-54fb-4fff-b97c-cdf39f48198e,C-GwaEXUL508,50,50,,,7,5,0,2,0,0,1,2,0,1,0,0,0,0,0,0,0,0,0,0,0,1,0,0,2,20/05/2025 20:48,Wet_Season
587fb5b2-3e9e-4a92-8cef-1d2f1bee8a98,C-GwaJ6VLL05,50,50,,,7,5,0,2,0,0,1,2,0,1,0,0,0,0,0,0,0,0,0,0,0,1,0,0,2,20/05/2025 20:48,Wet_Season
180bd11b-5ab3-40b2-8ac2-bb645bdb834c,C-GwaLJE8Q01,50,50,,,7,5,0,2,0,0,1,2,0,1,0,0,0,0,0,0,0,0,0,0,0,1,0,0,2,20/05/2025 20:48,Wet_Season
9ea26932-9b15-414a-8854-53e680061975,C-GwaMM4WD47,50,50,,,7,5,0,2,0,0,1,2,0,1,0,0,0,0,0,0,0,0,0,0,0,1,0,0,2,20/05/2025 20:48,Wet_Season
9ce3aff5-d283-4386-9cb5-3391236afc2f,C-GwaMV97J39,50,50,,,7,5,0,2,0,0,1,2,0,1,0,0,0,0,0,0,0,0,0,0,0,1,0,0,2,20/05/2025 20:48,Wet_Season
5a8a125c-c301-474f-862e-86b785814fdf,C-GwaPW8MH19,50,50,,,7,5,0,2,0,0,1,2,0,1,0,0,0,0,0,0,0,0,0,0,0,1,0,0,2,20/05/2025 20:48,Wet_Season
367442fa-beed-4c90-b792-d27556144f1d,C-GwaQ2WAY13,50,50,,,7,5,0,2,0,0,1,2,0,1,0,0,0,0,0,0,0,0,0,0,0,1,0,0,2,20/05/2025 20:48,Wet_Season
c6f4bbbb-bb91-4a2d-92a5-bdb5d34b018c,C-GwaQWQ1K15,50,50,,,7,5,0,2,0,0,1,2,0,1,0,0,0,0,0,0,0,0,0,0,0,1,0,0,2,20/05/2025 20:48,Wet_Season
67f9d66a-efc5-44ab-a3a3-8fc61d194241,C-GwaTM0CI36,50,50,,,7,5,0,2,0,0,1,2,0,1,0,0,0,0,0,0,0,0,0,0,0,1,0,0,2,20/05/2025 20:48,Wet_Season
d1c44a13-6e0b-4751-9fa3-ed13f16c45ac,C-GwaXFWYT34,50,50,,,7,5,0,2,0,0,1,2,0,1,0,0,0,0,0,0,0,0,0,0,0,1,0,0,2,20/05/2025 20:48,Wet_Season
02685a4b-a750-4cab-8aac-32af5291b68a,C-Gwa3CWM157,50,50,,,7,5,0,2,0,0,1,2,0,1,0,0,0,0,0,0,0,0,0,0,0,1,0,0,2,20/05/2025 20:48,Wet_Season
01f1ae01-e095-4121-959b-a4b44e457a90,C-Gwa49TUX30,50,50,,,7,5,0,2,0,0,1,2,0,1,0,0,0,0,0,0,0,0,0,0,0,1,0,0,2,20/05/2025 20:48,Wet_Season
f4817970-4b66-481f-b29d-a704edb75b07,C-Gwa4RIPI46,50,50,,,7,5,0,2,0,0,1,2,0,1,0,0,0,0,0,0,0,0,0,0,0,1,0,0,2,20/05/2025 20:48,Wet_Season
9bf81bb2-a833-4012-a307-bbf62768cb8e,C-Gwa95ENK22,50,50,,,7,5,0,2,0,0,0,0,0,0,0,0,0,0,0,0,0,0,0,0,0,0,0,0,0,20/05/2025 20:48,Dry_Season
2914535a-2ca0-4ac3-99fe-4729a12058d1,C-GwaBFG8W44,50,50,,,7,5,0,2,0,0,1,2,0,1,0,0,0,0,0,0,0,0,0,0,0,1,0,0,2,20/05/2025 20:48,Wet_Season
3f40fd07-4d3b-4bcb-9288-25d901714867,C-GwaBON7V15,50,50,,,7,5,0,2,0,0,1,2,0,1,0,0,0,0,0,0,0,0,0,0,0,1,0,0,2,20/05/2025 20:48,Wet_Season
651bb6ee-e089-45d3-bbcf-9f8c804ca043,C-GwaC20KI29,50,50,,,7,5,0,2,0,0,1,2,0,1,0,0,0,0,0,0,0,0,0,0,0,1,0,0,2,20/05/2025 20:48,Wet_Season
ea077448-3744-4098-9fa4-95c0f0f29330,C-GwaECV5X05,50,50,,,7,5,0,2,0,0,1,2,0,1,0,0,0,0,0,0,0,0,0,0,0,1,0,0,2,20/05/2025 20:48,Wet_Season
9f8762d4-dc03-447b-9b9a-674079ffda09,C-GwaF4XT635,50,50,,,7,5,0,2,1,0,1,2,0,1,0,0,0,0,0,0,0,0,0,0,0,1,0,0,2,20/05/2025 20:48,Wet_Season
cbcd6173-cf95-4ff8-a391-a7fcc309b4ba,C-GwaG5SBS00,50,50,,,7,5,0,2,1,0,1,2,0,1,0,0,0,0,0,0,0,0,0,0,0,1,0,0,2,20/05/2025 20:48,Wet_Season
dc1a489b-8470-4769-87e9-c1756e84b1d6,C-GwaH3ZSO36,50,50,,,7,5,0,2,1,0,1,2,0,1,0,0,0,0,0,0,0,0,0,0,0,1,0,0,2,20/05/2025 20:48,Wet_Season
ea5258a8-7ef5-4233-91a2-bc3a95849d32,C-GwaH724X08,50,50,,,7,5,0,2,1,0,1,2,0,1,0,0,0,0,0,0,0,0,0,0,0,1,0,0,2,20/05/2025 20:48,Wet_Season
67a66b08-c823-49db-8686-84a803c2bfa4,C-GwaIG97L48,50,50,,,7,5,0,2,1,0,1,2,0,1,0,0,0,0,0,0,0,0,0,0,0,1,0,0,2,20/05/2025 20:48,Wet_Season
4a0ceaee-a447-4ec3-b156-06404a933d77,C-GwaNTMBY37,50,50,,,7,5,0,2,1,0,1,2,0,1,0,0,0,0,0,0,0,0,0,0,0,1,0,0,2,20/05/2025 20:48,Wet_Season
caefa4a6-2676-48ea-aea4-09e23e025a45,C-GwaPYK7823,50,50,,,7,5,0,2,1,0,1,2,0,1,0,0,0,0,0,0,0,0,0,0,0,1,0,0,2,20/05/2025 20:48,Wet_Season
20a64acc-a2c2-4f96-98df-ec0798f7fc37,C-GwaS7CCQ22,50,50,,,7,5,0,2,1,0,1,2,0,1,0,0,0,0,0,0,0,0,0,0,0,1,0,0,2,20/05/2025 20:49,Wet_Season
aafe7528-e056-42e2-85d2-864e3b5047d2,C-GwaSNDTJ51,50,50,,,7,5,0,2,1,0,1,2,0,1,0,0,0,0,0,0,0,0,0,0,0,1,0,0,2,20/05/2025 20:49,Wet_Season
03e38534-527f-4dbd-8811-062718c2cebe,C-GwaTT97D11,50,50,,,7,5,0,2,1,0,1,2,0,1,0,0,0,0,0,0,0,0,0,0,0,1,0,0,2,20/05/2025 20:49,Wet_Season
aa45f1e2-5dc9-46b9-bb7d-dcac6c9c9e59,C-GwaVUNUS51,50,50,,,7,5,0,2,1,0,1,2,0,1,0,0,0,0,0,0,0,0,0,0,0,1,0,0,2,20/05/2025 20:49,Wet_Season
943eb2fa-eaaf-4ed2-835d-17cad4cb25dd,C-GwaZ8TIS08,50,50,,,7,5,0,2,1,0,1,2,0,1,0,0,0,0,0,0,0,0,0,0,0,1,0,0,2,20/05/2025 20:49,Wet_Season
70429fab-b3f0-4d6f-8eba-88cac5b00f0e,C-Gwa40TX411,50,50,,,7,5,0,2,1,0,1,2,0,1,0,0,0,0,0,0,0,0,0,0,0,1,0,0,2,20/05/2025 20:49,Wet_Season
4b46e013-8400-4fd1-9eb7-3adaa8d3a81c,C-Gwa4HD2T41,50,50,,,7,5,0,2,1,0,1,2,0,1,0,0,0,0,0,0,0,0,0,0,0,1,0,0,2,20/05/2025 20:49,Wet_Season
7d1ba128-097c-479e-ad3b-1c42654348b4,C-Gwa509KV23,50,50,,,7,5,0,2,1,0,1,2,0,1,0,0,0,0,0,0,0,0,0,0,0,1,0,0,2,20/05/2025 20:49,Wet_Season
13e5c4e0-c8b3-4252-a02e-7184291d0c86,C-Gwa93BBB50,50,50,,,7,5,0,2,1,0,1,2,0,1,0,0,0,0,0,0,0,0,0,0,0,1,0,0,2,20/05/2025 20:49,Wet_Season
3a2f4301-8b1d-43ba-b8b6-bbe29b64349e,C-GwaAUCAE43,50,50,,,7,5,0,2,1,0,1,2,0,1,0,0,0,0,0,0,0,0,0,0,0,1,0,0,2,20/05/2025 20:49,Wet_Season
e468088d-e18c-476a-ab3e-d569eea77c73,C-GwaB49VS04,50,50,,,7,5,0,2,1,0,1,2,0,1,0,0,0,0,0,0,0,0,0,0,0,1,0,0,2,20/05/2025 20:49,Wet_Season
dc066d6c-3c4f-46fa-bce6-d76861f26485,C-GwaBKKHC10,50,50,,,7,5,0,2,1,0,1,2,0,1,0,0,0,0,0,0,0,0,0,0,0,1,0,0,2,20/05/2025 20:49,Wet_Season
0daf6001-1223-40ca-bbf1-85f3d50514a2,C-GwaBQZMC41,50,50,,,7,5,0,2,1,0,1,2,0,1,0,0,0,0,0,0,0,0,0,0,0,1,0,0,2,20/05/2025 20:49,Wet_Season
fa87e09e-901a-4eac-a998-e614fd97534a,C-GwaD29ID01,50,50,,,7,5,0,2,1,0,1,2,0,1,0,0,0,0,0,0,0,0,0,0,0,1,0,0,2,20/05/2025 20:52,Wet_Season
c8b82baa-811d-4356-8700-a963d2339937,C-Beb1YHR412,100,,,,6,6,0,2,0,0,0,2,0,2,0,0,0,0,0,0,0,0,0,0,0,0,0,0,1500,20/05/2025 20:57,Wet_Season
c4436bcd-ac7c-42b8-933e-b9b5a032cbfb,C-GwaF6OM450,50,50,,,7,5,0,2,1,0,1,2,0,1,0,0,0,0,0,0,0,0,0,0,0,1,0,0,2,20/05/2025 20:57,Wet_Season
4668690d-e5d2-4d85-8ddc-ce9e2401ffb8,C-Beb9J46C59,,100,,,8,4,0,2,0,0,2,2,0,0,0,0,0,0,0,0,0,0,0,0,0,2,0,0,1500,20/05/2025 21:02,Wet_Season
90c9d4f2-7c8a-4ac1-b145-d636c7649fc7,C-BebC8LS359,,100,,,8,4,0,2,0,0,2,2,0,0,0,0,0,0,0,0,0,0,0,0,0,2,0,0,1500,20/05/2025 21:02,Wet_Season
b1830e88-8e64-4ca4-8782-ae0e4431e0ae,C-BebCTZ8607,100,,,,6,6,0,2,0,0,0,2,0,2,0,0,0,0,0,0,0,0,0,0,0,0,0,0,1500,20/05/2025 21:02,Wet_Season
95420f0a-8bfb-4322-aa2c-34cc592e449a,C-BebE1C5244,100,,,,6,6,0,2,0,0,0,2,0,2,0,0,0,0,0,0,0,0,0,0,0,0,0,0,1500,20/05/2025 21:06,Wet_Season
6e076beb-c39b-463b-b05e-7fc11f2f5529,C-BebFQ1RZ26,,100,,,8,4,0,2,0,0,2,2,0,0,0,0,0,0,0,0,0,0,0,0,0,2,0,0,1500,20/05/2025 21:06,Wet_Season
0b9e942d-fa17-47d4-8baf-5b477276d10d,C-BebJ2PY941,100,,,,6,6,0,2,0,0,0,2,0,2,0,0,0,0,0,0,0,0,0,0,0,0,0,0,1500,20/05/2025 21:06,Wet_Season
c430c409-8e24-4598-be88-0112984db4e0,C-BebJWY1M20,,100,,,8,4,0,2,0,0,2,2,0,0,0,0,0,0,0,0,0,0,0,0,0,2,0,0,1500,20/05/2025 21:08,Wet_Season
c1f7c5db-fa1a-435f-8266-0101ae75f449,C-BebL1TSW45,100,,,,6,6,0,2,0,0,0,2,0,2,0,0,0,0,0,0,0,0,0,0,0,0,0,0,1500,20/05/2025 21:09,Wet_Season
c7252b2d-8ae8-42a4-b07f-c4ffc52e5b4f,C-BebU8CQV41,,100,,,8,4,0,2,0,0,2,2,0,0,0,0,0,0,0,0,0,0,0,0,0,2,0,0,1500,20/05/2025 21:11,Wet_Season
71c6fca6-037b-4dc2-a54c-c11ba4b6392c,C-BebWE4C126,100,,,,6,6,0,2,0,0,0,2,0,2,0,0,0,0,0,0,0,0,0,0,0,0,0,0,1500,20/05/2025 21:13,Wet_Season
0e8a1241-1552-4da0-a89e-8505f406f95b,C-BebWYHS635,,100,,,8,4,0,2,0,0,2,2,0,0,0,0,0,0,0,0,0,0,0,0,0,2,0,0,1500,20/05/2025 21:15,Wet_Season
f37b160b-0876-4f23-9acd-1261193896ac,C-Bil1OC9A58,,100,,,8,4,0,2,0,0,2,2,0,0,0,0,0,0,0,0,0,0,0,0,0,2,0,0,1500,20/05/2025 21:59,Wet_Season
7e2de773-7d65-4995-bb63-5d09ecccc2fc,C-Bil6DZ5B50,100,,,,6,6,0,2,0,0,0,2,0,2,0,0,0,0,0,0,0,0,0,0,0,0,0,0,1500,20/05/2025 22:01,Wet_Season
71917efa-6116-44ab-848f-d1b0ab8ef342,C-BilAEYIZ09,,100,,,8,4,0,2,0,0,2,2,0,0,0,0,0,0,0,0,0,0,0,0,0,2,0,0,1500,20/05/2025 22:03,Wet_Season
2467543d-a019-4b7f-b91e-a11c48ea9a07,C-BilAJESW32,100,,,,6,6,0,2,0,0,0,2,0,2,0,0,0,0,0,0,0,0,0,0,0,0,0,0,1500,20/05/2025 22:05,Wet_Season
3d83ab76-bfcd-479f-9ceb-24030950edb0,C-BilD8LN936,,100,,,8,4,0,2,0,0,2,2,0,0,0,0,0,0,0,0,0,0,0,0,0,2,0,0,1500,20/05/2025 22:07,Wet_Season
5c21b51a-f051-41d0-8870-e6e250c5c8c1,C-BilEESN929,100,,,,6,6,0,2,0,0,0,2,0,2,0,0,0,0,0,0,0,0,0,0,0,0,0,0,1500,20/05/2025 22:09,Wet_Season
ec1898cf-be0a-4b21-9ef1-485daf5ca5ee,C-Jah2DT0J17,50,,,,6,3,0,0,2,0,0,2,0,2,0,0,0,0,0,0,0,0,0,0,0,0,0,0,1.5,20/05/2025 22:09,Wet_Season
f38b2e26-5b21-4759-b6b1-5135c7e5c67b,C-Jah3NFQL07,,50,,,8,4,0,0,0,0,0,2,0,0,0,0,0,0,0,0,0,0,0,0,0,2,0,0,1.5,20/05/2025 22:09,Wet_Season
3aa4aa3a-ad85-40c0-a4d1-162583ae4511,C-Jah5LEDJ31,50,,,,6,6,0,0,2,0,0,2,0,2,0,0,0,0,0,0,0,0,0,0,0,0,0,0,1.5,20/05/2025 22:09,Wet_Season
8eab85c9-a0dd-4552-8a1b-b8edc6cf0ccf,C-JahDW11M00,,50,,,8,4,0,0,0,0,0,2,0,0,0,0,0,0,0,0,0,0,0,0,0,0,0,0,1.5,20/05/2025 22:09,Wet_Season
abeb12e4-7145-489e-b325-3c81c429b513,C-JahHGGGN30,50,,,,6,4,0,2,0,0,0,0,0,2,0,0,0,0,0,0,0,0,0,0,0,0,0,0,1.5,20/05/2025 22:09,Wet_Season
aa004067-f805-4b64-bbff-065998220228,C-BilIABB151,100,,,,6,6,0,2,0,0,0,2,0,2,0,0,0,0,0,0,0,0,0,0,0,0,0,0,1500,20/05/2025 22:10,Wet_Season
bb19108e-0deb-44e4-824f-68a19fe7dd56,C-BilJAYES27,,100,,,8,4,0,2,0,0,2,2,0,0,0,0,0,0,0,0,0,0,0,0,0,2,0,0,1500,20/05/2025 22:11,Wet_Season
363407b9-c70b-49ed-bf9a-bd092a26e76e,C-BilMABK509,100,,,,6,6,0,2,0,0,0,2,0,2,0,0,0,0,0,0,0,0,0,0,0,0,0,0,1500,20/05/2025 22:13,Wet_Season
db80b75b-b87f-4e6c-9f0a-b81aaa7cba03,C-JahNC1A210,,50,,,8,4,0,0,0,0,2,2,0,0,0,0,0,0,0,0,0,0,0,0,0,0,0,0,1.5,20/05/2025 22:14,Wet_Season
0f1cd586-8801-4962-a9e5-3fe0e0140474,C-BilUBISG40,,100,,,8,4,0,2,0,0,2,2,0,0,0,0,0,0,0,0,0,0,0,0,0,2,0,0,1500,20/05/2025 22:14,Wet_Season
14947f38-5fdf-4358-9f24-55684d401b3c,C-BilW13PJ28,100,,,,6,6,0,2,0,0,0,2,0,2,0,0,0,0,0,0,0,0,0,0,0,0,0,0,1500,20/05/2025 22:15,Wet_Season
c59fe673-0400-47d8-b81a-7bfa4e9f69f7,C-BilW7V0658,,100,,,8,4,0,2,0,0,2,2,0,0,0,0,0,0,0,0,0,0,0,0,0,2,0,0,1500,20/05/2025 22:18,Wet_Season
cbbed284-7b09-46bd-b05c-c35d5b42a9b5,C-BilYVULI33,,100,,,8,4,0,2,0,0,2,2,0,0,0,0,0,0,0,0,0,0,0,0,0,2,0,0,1500,20/05/2025 22:18,Wet_Season
bb4d4541-11f8-4593-996c-f91ae3711f2a,C-BilZAW4529,100,,,,6,6,0,2,0,0,0,2,0,2,0,0,0,0,0,0,0,0,0,0,0,0,0,0,1500,20/05/2025 22:19,Wet_Season
e1260772-ddfe-4e2d-84f6-71ac4a6406a1,C-JahGK2KC53,50,,,,6,4,0,2,0,0,0,2,0,2,0,0,0,0,0,0,0,0,0,0,0,0,0,0,3,20/05/2025 22:31,Wet_Season
46e87110-3fef-457b-befa-a5113173f7d5,C-Jah54KTC46,50,,,,6,4,0,0,2,0,0,2,0,2,0,0,0,0,0,0,0,0,0,0,0,0,0,0,3,20/05/2025 22:39,Wet_Season
a3165ede-70f4-47aa-96f1-c940833584cd,C-Jah2ATKI44,100,,,,6,6,0,2,0,0,0,2,0,0,0,0,0,0,0,0,0,0,0,0,0,0,0,0,1.5,21/05/2025 04:52,Wet_Season
4e215540-b27d-4973-a492-3e7a76b1e8cc,C-Jah31VX306,100,,,,6,6,0,2,0,0,0,2,0,0,0,0,0,0,0,0,0,0,0,0,0,0,0,0,1.5,21/05/2025 04:52,Wet_Season
8fb9adb9-f429-47ee-b41d-b2cba7f497bc,C-Jah4NVAD37,100,,,,6,6,0,2,0,0,0,2,0,0,0,0,0,0,0,0,0,0,0,0,0,0,0,0,1.5,21/05/2025 04:52,Wet_Season
bd93ba7d-ea7c-4602-8813-f51f24edfc32,C-Jah906ZT40,100,,,,6,6,0,2,0,0,0,2,0,0,0,0,0,0,0,0,0,0,0,0,0,0,0,0,1.5,21/05/2025 04:52,Wet_Season
6c26b3ff-2ce5-4a4f-972f-2957b595d6c7,C-Jah90L1I18,100,,,,6,6,0,2,0,0,0,2,0,0,0,0,0,0,0,0,0,0,0,0,0,0,0,0,1.5,21/05/2025 04:52,Wet_Season
78690b6f-c62a-44ab-a657-08d1cf450f76,C-JahBHZ6315,100,,,,6,6,0,2,0,0,0,2,0,0,0,0,0,0,0,0,0,0,0,0,0,0,0,0,1.5,21/05/2025 04:52,Wet_Season
2645aec2-56c0-4220-b606-35fa04f44d85,C-JahBOFI920,100,,,,6,6,0,2,0,0,0,2,0,0,0,0,0,0,0,0,0,0,0,0,0,0,0,0,1.5,21/05/2025 04:52,Wet_Season
292a5111-5720-4df9-b69f-1b97c379e436,C-JahHR8R756,100,,,,6,6,0,2,0,0,0,2,0,0,0,0,0,0,0,0,0,0,0,0,0,0,0,0,1.5,21/05/2025 04:52,Wet_Season
d0ec7537-136d-4e2a-b850-bfc812bd0421,C-JahIOGCU50,100,,,,6,6,0,2,0,0,0,2,0,0,0,0,0,0,0,0,0,0,0,0,0,0,0,0,1.5,21/05/2025 04:52,Wet_Season
3cb9aaa7-21f6-44e4-bc55-67569fcebc22,C-JahJ3LJV14,100,,,,6,6,0,2,0,0,0,2,0,0,0,0,0,0,0,0,0,0,0,0,0,0,0,0,1.5,21/05/2025 04:52,Wet_Season
85ab4521-ae48-458e-a7b7-6b1e31908313,C-JahJOW7052,100,,,,6,6,0,2,0,0,0,2,0,0,0,0,0,0,0,0,0,0,0,0,0,0,0,0,1.5,21/05/2025 04:52,Wet_Season
44bd1227-4a6b-4852-b8ef-60044a5c64af,C-JahL0HNW51,100,,,,6,6,0,2,0,0,0,2,0,0,0,0,0,0,0,0,0,0,0,0,0,0,0,0,1.5,21/05/2025 04:52,Wet_Season
8415d5d7-260a-4d48-964d-f54d797045a2,C-JahMP6VQ42,100,,,,6,6,0,2,0,0,0,2,0,0,0,0,0,0,0,0,0,0,0,0,0,0,0,0,1.5,21/05/2025 04:52,Wet_Season
ecd2784c-8d68-451e-8bf8-7737165f0e57,C-JahNFKMK37,100,,,,6,6,0,2,0,0,0,2,0,0,0,0,0,0,0,0,0,0,0,0,0,0,0,0,1.5,21/05/2025 04:52,Wet_Season
c9606056-f3ea-4f9d-81a0-ae9d79569412,C-JahOHLQI42,100,,,,6,6,0,2,0,0,0,2,0,0,0,0,0,0,0,0,0,0,0,0,0,0,0,0,1.5,21/05/2025 04:53,Wet_Season
e851874b-f866-4dd3-8cb9-c8774a4f7395,C-JahOSRMB33,100,,,,6,6,0,2,0,0,0,2,0,0,0,0,0,0,0,0,0,0,0,0,0,0,0,0,1.5,21/05/2025 04:53,Wet_Season
597ff3ec-973d-4f89-8eea-df407ba7d87e,C-JahPEOL512,100,,,,6,6,0,2,0,0,0,2,0,0,0,0,0,0,0,0,0,0,0,0,0,0,0,0,1.5,21/05/2025 04:53,Wet_Season
352e4753-2357-441f-a0de-050295e64004,C-JahRB9BE10,100,,,,6,6,0,2,0,0,0,2,0,0,0,0,0,0,0,0,0,0,0,0,0,0,0,0,1.5,21/05/2025 04:53,Wet_Season
ab957a73-4a0c-4593-8822-4232eaf29588,C-JahRTVEW47,100,,,,6,6,0,2,0,0,0,2,0,0,0,0,0,0,0,0,0,0,0,0,0,0,0,0,1.5,21/05/2025 04:53,Wet_Season
a210e851-11d4-453d-8a25-a3528b7d96f0,C-JahTMTIF17,100,,,,6,6,0,2,0,0,0,2,0,0,0,0,0,0,0,0,0,0,0,0,0,0,0,0,1.5,21/05/2025 04:53,Wet_Season
8d94755e-3111-422f-a805-58e550be7991,C-JahU1WWC40,100,,,,6,6,0,2,0,0,0,2,0,0,0,0,0,0,0,0,0,0,0,0,0,0,0,0,1.5,21/05/2025 04:53,Wet_Season
4f7a4a81-53ae-4254-9b09-ee8f08ef744b,C-JahVSLG212,100,,,,6,6,0,2,0,0,0,2,0,0,0,0,0,0,0,0,0,0,0,0,0,0,0,0,1.5,21/05/2025 04:53,Wet_Season
44efcbbb-76e2-4722-8156-7e4d1d5e316d,C-JahWDIOE29,100,,,,6,6,0,2,0,0,0,2,0,0,0,0,0,0,0,0,0,0,0,0,0,0,0,0,1.5,21/05/2025 04:53,Wet_Season
4fbc91af-9e31-4194-add4-6672068f9dac,C-JahZDBSF09,100,,,,6,6,0,2,0,0,0,2,0,0,0,0,0,0,0,0,0,0,0,0,0,0,0,0,1.5,21/05/2025 04:53,Wet_Season
38157e86-d069-4175-acb0-f98f58644332,C-Jah41YYH57,100,,,,6,6,0,2,0,0,0,2,0,0,0,0,0,0,0,0,0,0,0,0,0,0,0,0,1.5,21/05/2025 04:53,Wet_Season
5329792a-9645-4f7f-b0c0-26fa1a0b0e49,C-Jah5KQ5R32,100,,,,6,6,0,2,0,0,0,2,0,0,0,0,0,0,0,0,0,0,0,0,0,0,0,0,1.5,21/05/2025 04:53,Wet_Season
9fd97b39-dbea-4478-a62c-91e5fa793b3c,C-Jah6MVMN33,100,,,,6,6,0,2,0,0,0,2,0,0,0,0,0,0,0,0,0,0,0,0,0,0,0,0,1.5,21/05/2025 04:53,Wet_Season
3fb00cf5-cd49-413d-8da3-d3755afca217,C-Jah98SGR40,100,,,,6,6,0,2,0,0,0,2,0,0,0,0,0,0,0,0,0,0,0,0,0,0,0,0,1.5,21/05/2025 04:53,Wet_Season
0943352a-8d15-4292-b80f-04243eebac46,C-JahAB6BK24,100,,,,6,6,0,2,0,0,0,2,0,0,0,0,0,0,0,0,0,0,0,0,0,0,0,0,1.5,21/05/2025 04:53,Wet_Season
8241bc46-7297-4f84-b8ae-636f5d15c37a,C-JahDDCW423,100,,,,6,6,0,2,0,0,0,2,0,0,0,0,0,0,0,0,0,0,0,0,0,0,0,0,1.5,21/05/2025 04:53,Wet_Season
f5af2b39-f106-4ef7-8d32-05c8743ecef3,C-JahE2GPO38,100,,,,6,6,0,2,0,0,0,2,0,0,0,0,0,0,0,0,0,0,0,0,0,0,0,0,1.5,21/05/2025 04:53,Wet_Season
943f67c5-324f-4385-b1a5-cb1b3785a344,C-JahFXV3M59,100,,,,6,6,0,2,0,0,0,2,0,0,0,0,0,0,0,0,0,0,0,0,0,0,0,0,1.5,21/05/2025 04:53,Wet_Season
a0fa9421-433c-4d1c-8831-9711a8971c1a,C-JahK5O6236,100,,,,6,6,0,2,0,0,0,2,0,0,0,0,0,0,0,0,0,0,0,0,0,0,0,0,1.5,21/05/2025 04:53,Wet_Season
16cf2ec5-54b4-41ae-bd81-d83421da6225,C-JahMNJMQ20,100,,,,6,6,0,2,0,0,0,2,0,0,0,0,0,0,0,0,0,0,0,0,0,0,0,0,1.5,21/05/2025 04:53,Wet_Season
ed25ff60-013b-4837-a690-91e795764ab4,C-JahOZNL451,100,,,,6,6,0,2,0,0,0,2,0,0,0,0,0,0,0,0,0,0,0,0,0,0,0,0,1.5,21/05/2025 04:53,Wet_Season
ffa00765-9b95-40d8-bb55-e8ca92140fec,C-JahR31QZ09,100,,,,6,6,0,2,0,0,0,2,0,0,0,0,0,0,0,0,0,0,0,0,0,0,0,0,1.5,21/05/2025 04:53,Wet_Season
ed3d8de1-15e2-43c1-955b-8569f93f724e,C-JahTG05F12,100,,,,6,6,0,2,0,0,0,2,0,0,0,0,0,0,0,0,0,0,0,0,0,0,0,0,1.5,21/05/2025 04:53,Wet_Season
e34a3486-5f53-404d-9a0c-859a4f592c41,C-JahUPIYF28,100,,,,6,6,0,2,0,0,0,2,0,0,0,0,0,0,0,0,0,0,0,0,0,0,0,0,1.5,21/05/2025 04:53,Wet_Season
ff9ec64d-5f7f-453f-9e0d-c9634a19f86b,C-JahW8D7H14,100,,,,6,6,0,2,0,0,0,2,0,0,0,0,0,0,0,0,0,0,0,0,0,0,0,0,1.5,21/05/2025 04:53,Wet_Season
2fd6aacc-7ffd-43b4-84f3-ccb0c5b51404,C-JahZJXXR19,100,,,,6,6,0,2,0,0,0,2,0,0,0,0,0,0,0,0,0,0,0,0,0,0,0,0,1.5,21/05/2025 04:53,Wet_Season
33802886-f99e-4028-95d8-ec528538b27a,C-Jah203XK29,100,,,,6,6,0,2,0,0,0,2,0,0,0,0,0,0,0,0,0,0,0,0,0,0,0,0,1.5,21/05/2025 04:53,Wet_Season
8b27a1f0-708b-43eb-892d-519de46e3fc6,C-Jah9PK4J40,100,,,,6,6,0,2,0,0,0,2,0,0,0,0,0,0,0,0,0,0,0,0,0,0,0,0,1.5,21/05/2025 04:53,Wet_Season
75521557-e6d8-420e-89b4-db37a7175c1c,C-JahI0ZME59,100,,,,6,6,0,2,0,0,0,2,0,0,0,0,0,0,0,0,0,0,0,0,0,0,0,0,1.5,21/05/2025 04:53,Wet_Season
b40d3604-9a5e-43f6-92ac-763b992d0202,C-JahWF8RI34,100,,,,6,6,0,2,0,0,0,2,0,0,0,0,0,0,0,0,0,0,0,0,0,0,0,0,1.5,21/05/2025 04:53,Wet_Season
ac4dd87a-f86e-465c-874c-9511c065b13d,C-JahYAIFJ55,100,,,,6,6,0,2,0,0,0,2,0,0,0,0,0,0,0,0,0,0,0,0,0,0,0,0,1.5,21/05/2025 04:53,Wet_Season
68c2bb35-2f61-48a6-84fe-f7d860e1a19a,C-Jah062PS59,100,,,,6,6,0,2,0,0,0,2,0,0,0,0,0,0,0,0,0,0,0,0,0,0,0,0,1.5,21/05/2025 04:53,Wet_Season
15ef1dba-1521-4393-a0da-da2867b0521d,C-Jah0BF9H04,100,,,,6,6,0,2,0,0,0,2,0,0,0,0,0,0,0,0,0,0,0,0,0,0,0,0,1.5,21/05/2025 04:53,Wet_Season
97b1b1f1-3d1b-4111-b1eb-984110bd24a0,C-Jah2Y2SW34,100,,,,6,6,0,2,0,0,0,2,0,0,0,0,0,0,0,0,0,0,0,0,0,0,0,0,1.5,21/05/2025 04:53,Wet_Season
f992ade1-3cf3-441d-b4a9-65cee52ae9eb,C-Jah32J6N56,100,,,,6,6,0,2,0,0,0,2,0,0,0,0,0,0,0,0,0,0,0,0,0,0,0,0,1.5,21/05/2025 04:53,Wet_Season
abff08b1-11e2-4739-b33b-7f71ba82e2f0,C-Jah4AW9Z52,100,,,,6,6,0,2,0,0,0,2,0,0,0,0,0,0,0,0,0,0,0,0,0,0,0,0,1.5,21/05/2025 04:53,Wet_Season
a9539aa6-d6ba-4813-b343-a190529494e7,C-Jah86L3227,100,,,,6,6,0,2,0,0,0,2,0,0,0,0,0,0,0,0,0,0,0,0,0,0,0,0,1.5,21/05/2025 04:53,Wet_Season
cae95a1a-2763-44b5-8da3-a21a1299e9bb,C-JahAQ5FY11,100,,,,6,6,0,2,0,0,0,2,0,0,0,0,0,0,0,0,0,0,0,0,0,0,0,0,1.5,21/05/2025 04:53,Wet_Season
f6770980-4062-4db6-9b67-7268dfabaa78,C-JahC41DH12,100,,,,6,6,0,2,0,0,0,2,0,0,0,0,0,0,0,0,0,0,0,0,0,0,0,0,1.5,21/05/2025 04:53,Wet_Season
ed75547d-1076-4beb-8508-470b8b7a9b43,C-TarX8YLU42,,50,,,4,3,0,0,0,0,0,0,0,0,0,0,0,0,0,0,0,0,0,2,0.5,0,125,2,0,21/05/2025 05:27,Wet_Season
a8cbe434-ad97-431f-ac8c-f10af10a0459,C-TarD7HLJ41,,50,,,4,3,0,0,0,0,0,0,0,0,0,0,0,0,0,0,0,0,0,2,0.5,0,125,2,0,21/05/2025 05:32,Wet_Season
5302aa9a-f03e-469a-bf01-f44178d01d7a,C-Tar8VBSB36,,50,,,4,3,0,0,0,0,0,0,0,0,0,0,0,0,0,0,0,0,0,2,0.5,0,125,2,0,21/05/2025 05:35,Wet_Season
d1e8be21-1bf8-4730-b3de-a6044ee1c2fc,C-IkaRQPMV47,100,,,,6,6,0,2,0,0,0,2,0,2,0,0,0,0,0,0,0,0,0,0,0,0,0,0,1.5,21/05/2025 05:35,Wet_Season
bae9204f-7116-4e0a-9073-c7498d54632d,C-IkaOVJC910,,100,,,8,4,0,2,0,0,2,2,0,0,0,0,0,0,0,0,0,0,0,0,0,2,0,0,1.5,21/05/2025 05:35,Wet_Season
6df23e42-0d9c-4dea-a0da-c60507befd59,C-TarRIWP808,,50,,,4,3,0,0,0,0,0,0,0,0,0,0,0,0,0,0,0,0,0,2,0.5,0,125,2,0,21/05/2025 05:38,Wet_Season
af6d7070-02a6-4b89-b009-560f9ca9d2a4,C-Ika8WWDA07,100,,,,6,6,0,2,0,0,0,2,0,2,0,0,0,0,0,0,0,0,0,0,0,0,0,0,1.5,21/05/2025 05:38,Wet_Season
db943c72-a39d-4cca-b2ed-9382b5edcf42,C-IkaK3C0548,100,,,,6,6,0,2,0,0,0,0,0,2,0,0,0,0,0,0,0,0,0,0,0,0,0,0,1.5,21/05/2025 05:41,Wet_Season
d092c886-43b3-41b3-a3a6-e9784cb72ca5,C-TarZMX2733,,50,,,4,3,0,0,0,0,0,0,0,0,0,0,0,0,0,0,0,0,0,2,0.5,0,125,2,0,21/05/2025 05:41,Wet_Season
52f5066b-cff8-4f0e-9edd-50a3e3ce8bbe,C-TarDYO1X28,,50,,,4,3,0,0,0,0,0,0,0,0,0,0,0,0,0,0,0,0,0,2,0.5,0,125,2,0,21/05/2025 05:44,Wet_Season
d481bbbb-9695-4e7b-8c9e-e771e86390e5,C-GwaKH3VH41,50,50,,,7,5,0,2,1,0,1,2,0,1,0,0,0,0,0,0,0,0,0,0,0,1,0,0,2,21/05/2025 05:59,Wet_Season
9d417623-1868-477d-a332-ff1f7ea7d759,C-TarH6RP714,,50,,,4,3,0,0,0,0,0,0,0,0,0,0,0,0,0,0,0,0,0,2,0.5,0,125,2,0,21/05/2025 06:01,Wet_Season
f1b58dfc-0507-4380-b479-6a33a4aff1c2,C-TarDUDPY52,,50,,,4,3,0,0,0,0,0,0,0,0,0,0,0,0,0,0,0,0,0,2,0.5,0,125,2,0,21/05/2025 06:01,Wet_Season
be31110c-4dba-4920-8e29-e9ce2af041bf,C-TarGPDJS13,,50,,,4,3,0,0,0,0,0,0,0,0,0,0,0,0,0,0,0,0,0,2,0.5,0,125,2,0,21/05/2025 06:01,Wet_Season
e09a7dc7-18ce-420d-be0f-aede3e4e67ad,C-Tar4HXKY56,,50,,,4,3,0,0,0,0,0,0,0,0,0,0,0,0,0,0,0,0,0,2,0.5,0,125,2,0,21/05/2025 06:01,Wet_Season
5f9543ad-0787-4d9c-a468-fe14b7bf162b,C-TarTH23310,,50,,,4,3,0,0,0,0,0,0,0,0,0,0,0,0,0,0,0,0,0,2,0.5,0,125,2,0,21/05/2025 06:01,Wet_Season
f40860bc-cb44-4302-992e-a0451ea94321,C-TarJW3DZ23,,50,,,4,3,0,0,0,0,0,0,0,0,0,0,0,0,0,0,0,0,0,2,0.5,0,125,2,0,21/05/2025 06:01,Wet_Season
108f26b6-7e86-45aa-be6e-cd8f3d7e87c1,C-TarURLJW44,,50,,,4,3,0,0,0,0,0,0,0,0,0,0,0,0,0,0,0,0,0,2,0.5,0,125,2,0,21/05/2025 06:01,Wet_Season
ff96c1cf-13f1-4cb7-bd8b-5c64abd2e92e,C-TarOE3DE43,,50,,,4,3,0,0,0,0,0,0,0,0,0,0,0,0,0,0,0,0,0,2,0.5,0,125,2,0,21/05/2025 06:01,Wet_Season
15bc09a3-9935-4dcc-9112-1bbeee5f90db,C-TarTKW1Y33,,50,,,4,3,0,0,0,0,0,0,0,0,0,0,0,0,0,0,0,0,0,2,0.5,0,125,2,0,21/05/2025 06:01,Wet_Season
d63850f9-6c53-4cfa-8b41-1dc2eb76d742,C-TarIOTHA57,,50,,,4,3,0,0,0,0,0,0,0,0,0,0,0,0,0,0,0,0,0,2,0.5,0,125,2,0,21/05/2025 06:01,Wet_Season
41efa9ce-0374-40de-b7fb-c38adca2e235,C-Tar4M1QC06,,50,,,4,3,0,0,0,0,0,0,0,0,0,0,0,0,0,0,0,0,0,2,0.5,0,125,2,0,21/05/2025 06:01,Wet_Season
a71d89fe-1c42-4267-bb67-5b52a6754ec3,C-TarPR8YP39,,50,,,4,3,0,0,0,0,0,0,0,0,0,0,0,0,0,0,0,0,0,2,0.5,0,125,2,0,21/05/2025 06:01,Wet_Season
482160ff-f43a-498b-aada-859f1621b457,C-Tar368S416,,50,,,4,3,0,0,0,0,0,0,0,0,0,0,0,0,0,0,0,0,0,2,0.5,0,125,2,0,21/05/2025 06:01,Wet_Season
6b11c3eb-e06b-40a3-a91b-8570d9cf9ddd,C-TarUYT3G06,,50,,,4,3,0,0,0,0,0,0,0,0,0,0,0,0,0,0,0,0,0,2,0.5,0,125,2,0,21/05/2025 06:01,Wet_Season
2ffde8ab-3c22-425a-89f2-14e03e3fe898,C-TarFQQ0F00,,50,,,4,3,0,0,0,0,0,0,0,0,0,0,0,0,0,0,0,0,0,2,0.5,0,125,2,0,21/05/2025 06:02,Wet_Season
06a51ddc-5868-4701-bbb3-792b9c563741,C-Ika4AS6C39,100,,,,6,6,0,2,0,0,0,0,0,2,0,0,0,0,0,0,0,0,0,0,0,0,0,0,1.5,21/05/2025 06:06,Wet_Season
30b9a4a2-add2-4792-9479-20cdc2495e37,C-IkaVQL7243,100,,,,6,6,0,2,0,0,0,0,0,2,0,0,0,0,0,0,0,0,0,0,0,0,0,0,1.5,21/05/2025 06:09,Wet_Season
75edeaac-935a-4e7d-9e0d-4d4eb8275a87,C-Ika6IWAL52,100,,,,6,6,0,2,0,0,0,0,0,2,0,0,0,0,0,0,0,0,0,0,0,0,0,0,1.5,21/05/2025 06:18,Wet_Season
7fc54ef4-1b6e-4136-8274-62c80e919a56,C-JahDBB2C57,100,,,,6,6,0,2,0,0,0,2,0,0,0,0,0,0,0,0,0,0,0,0,0,0,0,0,1.5,21/05/2025 06:20,Wet_Season
b825333d-e5c8-4226-a536-5d621fb651ac,C-IkaT2WQ228,100,,,,6,6,0,2,0,0,0,0,0,2,0,0,0,0,0,0,0,0,0,0,0,0,0,0,1.5,21/05/2025 06:20,Wet_Season
cf8fe513-fec3-44fe-83c4-f5d6b31614e9,C-JahG7PF416,100,,,,6,6,0,2,0,0,0,2,0,0,0,0,0,0,0,0,0,0,0,0,0,0,0,0,1.5,21/05/2025 06:24,Wet_Season
d4381e16-c9ac-4cf0-9b31-a3d40641e382,C-Ika9CJ3S48,100,,,,6,6,0,2,0,0,0,0,0,2,0,0,0,0,0,0,0,0,0,0,0,0,0,0,1.5,21/05/2025 06:24,Wet_Season
dfab9a40-4021-4913-93c3-de4bbaf6cf04,C-JahJJ93P20,100,,,,6,6,0,2,0,0,0,2,0,0,0,0,0,0,0,0,0,0,0,0,0,0,0,0,1.5,21/05/2025 06:57,Wet_Season
f7a01edd-a958-4770-95f5-42a566255f88,C-JahJY9BC58,100,,,,6,6,0,2,0,0,0,2,0,0,0,0,0,0,0,0,0,0,0,0,0,0,0,0,1.5,21/05/2025 06:57,Wet_Season
638e9508-38d7-4587-9810-1230b053919c,C-JahN42LJ57,100,,,,6,6,0,2,0,0,0,2,0,0,0,0,0,0,0,0,0,0,0,0,0,0,0,0,1.5,21/05/2025 06:57,Wet_Season
d2c59151-d8a2-45ef-bf60-3d0c2490fae0,C-JahQ35EG00,100,,,,6,6,0,2,0,0,0,2,0,0,0,0,0,0,0,0,0,0,0,0,0,0,0,0,1.5,21/05/2025 06:57,Wet_Season
38d0b544-2af1-4c5e-93e8-095f8c52e955,C-JahS0B4H01,100,,,,6,6,0,2,0,0,0,2,0,0,0,0,0,0,0,0,0,0,0,0,0,0,0,0,1.5,21/05/2025 06:57,Wet_Season
35fdad28-d175-428e-bf19-680c1b2e2730,C-JahULIXB56,100,,,,6,6,0,2,0,0,0,2,0,0,0,0,0,0,0,0,0,0,0,0,0,0,0,0,1.5,21/05/2025 06:57,Wet_Season
427ef3bd-c57d-48e3-912b-558a56a1d8a2,C-JahWQDBF52,100,,,,6,6,0,2,0,0,0,2,0,0,0,0,0,0,0,0,0,0,0,0,0,0,0,0,1.5,21/05/2025 06:57,Wet_Season
7f18feb3-990c-4ca5-bde3-5b983d6fb5a7,C-JahZ2UHR08,100,,,,6,6,0,2,0,0,0,2,0,0,0,0,0,0,0,0,0,0,0,0,0,0,0,0,1.5,21/05/2025 06:57,Wet_Season
ee9f1870-7c79-4b31-a3b4-3428acf1f8b8,C-TarHSYQ912,,50,,,4,3,0,0,0,0,0,0,0,0,0,0,0,0,0,0,0,0,0,2,0.5,0,125,2,0,21/05/2025 07:06,Wet_Season
e3af86ca-2626-4b9a-97fc-2ee51001b25d,C-Tar0UTFM39,,50,,,4,3,0,0,0,0,0,0,0,0,0,0,0,0,0,0,0,0,0,2,0.5,0,125,2,0,21/05/2025 07:06,Wet_Season
52a9c364-558f-40bb-a9ad-202db69fd6aa,C-Tar8QJQM28,,50,,,4,3,0,0,0,0,0,0,0,0,0,0,0,0,0,0,0,0,0,2,0.5,0,125,2,0,21/05/2025 07:06,Wet_Season
09646a6d-f19b-4545-9b43-18d724088a63,C-Tar5KJ2C55,,50,,,4,3,0,0,0,0,0,0,0,0,0,0,0,0,0,0,0,0,0,2,0.5,0,125,2,0,21/05/2025 07:06,Wet_Season
98a52d7a-de63-4c4e-ba49-ed7321e62144,C-TarC7UM048,,50,,,4,3,0,0,0,0,0,0,0,0,0,0,0,0,0,0,0,0,0,2,0.5,0,125,2,0,21/05/2025 07:06,Wet_Season
34aa223f-c726-40f4-9645-057d2fc07d16,C-TarT3K8Y19,,50,,,4,3,0,0,0,0,0,0,0,0,0,0,0,0,0,0,0,0,0,2,0.5,0,125,2,0,21/05/2025 07:06,Wet_Season
9353abb2-abc6-4553-997f-07e1060082fb,C-TarLT9WK29,,50,,,4,3,0,0,0,0,0,0,0,0,0,0,0,0,0,0,0,0,0,2,0.5,0,125,2,0,21/05/2025 07:06,Wet_Season
a6707905-5226-4e5e-8ff0-9a3e1a5b5530,C-TarTIA8E39,,50,,,4,3,0,0,0,0,0,0,0,0,0,0,0,0,0,0,0,0,0,2,0.5,0,125,2,0,21/05/2025 07:06,Wet_Season
8cf427d0-1002-4adb-bcb1-15c38ccd4dd5,C-TarDLS5651,,50,,,4,3,0,0,0,0,0,0,0,0,0,0,0,0,0,0,0,0,0,2,0.5,0,125,2,0,21/05/2025 07:06,Wet_Season
077a047d-7622-429d-ada6-00d8511426bb,C-TarIDEB923,,50,,,4,3,0,0,0,0,0,0,0,0,0,0,0,0,0,0,0,0,0,2,0.5,0,125,2,0,21/05/2025 08:02,Wet_Season
5f8ae701-5b29-4402-a19c-b6d82c992534,C-TarNZNLH18,,50,,,4,3,0,0,0,0,0,0,0,0,0,0,0,0,0,0,0,0,0,2,0.5,0,125,2,0,21/05/2025 08:06,Wet_Season
fa73a597-ba82-439a-8276-0443b125eeba,C-TarLV3M955,,50,,,4,3,0,0,0,0,0,0,0,0,0,0,0,0,0,0,0,0,0,2,0.5,0,125,2,0,21/05/2025 08:10,Wet_Season
c2e934ea-2316-440f-acfc-b18b65530f85,C-TarS7IVP01,,50,,,4,3,0,0,0,0,0,0,0,0,0,0,0,0,0,0,0,0,0,2,0.5,0,125,2,0,21/05/2025 08:14,Wet_Season
f1532d63-7674-4896-a6dd-fd92842cca44,C-TarVPYZV05,,50,,,4,3,0,0,0,0,0,0,0,0,0,0,0,0,0,0,0,0,0,2,0.5,0,125,2,0,21/05/2025 08:19,Wet_Season
24f750a0-91c5-4cc7-bf96-a07eb8159ca2,C-TarX4RRD10,,50,,,4,3,0,0,0,0,0,0,0,0,0,0,0,0,0,0,0,0,0,2,0.5,0,125,2,0,21/05/2025 08:23,Wet_Season
1fbc12d7-c99d-4c25-8393-98fcad0b2f55,C-IkaNAN9P57,100,,,,6,6,0,2,0,0,0,0,0,2,0,0,0,0,0,0,0,0,0,0,0,0,0,0,1.5,21/05/2025 10:22,Wet_Season
3bd36b25-a07f-49dd-87b7-c94729b27642,C-Ika4EBOP16,100,,,,6,6,0,2,0,0,0,0,0,2,0,0,0,0,0,0,0,0,0,0,0,0,0,0,1.5,21/05/2025 10:22,Wet_Season
752aab6c-8a53-4c0f-a6b4-49034547de8d,C-IkaJQTWU11,100,,,,6,6,0,2,0,0,0,0,0,2,0,0,0,0,0,0,0,0,0,0,0,0,0,0,1.5,21/05/2025 10:22,Wet_Season
733c0f0e-59ff-44a5-a99c-a20b35c9d395,C-Ika7Z8JQ52,100,,,,6,6,0,2,0,0,0,0,0,2,0,0,0,0,0,0,0,0,0,0,0,0,0,0,1.5,21/05/2025 10:22,Wet_Season
2ddff6ae-b15c-421a-a28a-11da3bb39d31,C-Ika8KZ0P52,100,,,,6,6,0,2,0,0,0,0,0,2,0,0,0,0,0,0,0,0,0,0,0,0,0,0,1.5,21/05/2025 10:32,Wet_Season
93e37d0f-6319-4a56-8dac-ddbf971a8a78,C-Ika5KVLX14,100,,,,6,6,0,2,0,0,0,0,0,2,0,0,0,0,0,0,0,0,0,0,0,0,0,0,1.5,21/05/2025 10:42,Wet_Season
dcc6c1e5-4a79-4e78-837b-25a59b154305,C-IkaHA61239,100,,,,6,6,0,2,0,0,0,0,0,2,0,0,0,0,0,0,0,0,0,0,0,0,0,0,1.5,21/05/2025 10:42,Wet_Season
706d7a1f-c579-4ab2-b627-c101162b5e58,C-IkaIYOIZ27,100,,,,6,6,0,2,0,0,0,0,0,2,0,0,0,0,0,0,0,0,0,0,0,0,0,0,1.5,21/05/2025 10:42,Wet_Season
a126deb9-e9d9-4086-9514-04e474e23417,C-Ika6LQBD09,100,,,,6,6,0,2,0,0,0,0,0,2,0,0,0,0,0,0,0,0,0,0,0,0,0,0,1.5,21/05/2025 10:42,Wet_Season
b1a375f4-bfbf-4eef-abd3-47294b57ef87,C-Sho3PVND43,100,,,,6,6,0,2,2,0,0,2,0,2,0,0,0,0,0,0,0,0,0,0,0,0,0,0,---,21/05/2025 10:44,Wet_Season
cb11b189-45dc-4f63-a9af-5747f6f4e06e,C-ShoBSKW649,100,,,,6,6,0,2,0,0,0,0,0,2,0,0,0,0,0,0,0,0,0,0,0,0,0,0,1.5,21/05/2025 10:46,Wet_Season
e65a6614-534d-4508-897b-56c89dc8013c,C-ShoGG7AY37,100,,,,6,6,0,2,0,0,0,0,0,2,0,0,0,0,0,0,0,0,0,0,0,0,0,0,1.5,21/05/2025 10:49,Wet_Season
3700cbc1-8e19-4570-ac2a-73f2fa86806c,C-Jah1K8O051,100,,,,6,6,0,2,0,0,0,2,0,0,0,0,0,0,0,0,0,0,0,0,0,0,0,0,1.5,21/05/2025 10:56,Wet_Season
25849b1b-c5ed-4c9e-b838-89addf5102cb,C-JahDP28Z08,100,,,,6,6,0,2,0,0,0,2,0,0,0,0,0,0,0,0,0,0,0,0,0,0,0,0,1.5,21/05/2025 10:57,Wet_Season
c8570a22-8347-40dc-a2f0-9a7f86929db9,C-JahM7XIW56,100,,,,6,6,0,2,0,0,0,2,0,0,0,0,0,0,0,0,0,0,0,0,0,0,0,0,1.5,21/05/2025 10:59,Wet_Season
fd1e0c78-66ba-4dc3-a52f-5b3f131406ae,C-JahXDXIJ54,100,,,,6,6,0,2,0,0,0,2,0,0,0,0,0,0,0,0,0,0,0,0,0,0,0,0,1.5,21/05/2025 11:01,Wet_Season
993713a1-87c6-4b61-80d5-a82d8ef22ccd,C-JahXNZJW45,100,,,,6,6,0,2,0,0,0,2,0,0,0,0,0,0,0,0,0,0,0,0,0,0,0,0,1.5,21/05/2025 11:03,Wet_Season
f4bdc402-9fff-493d-8029-e71b4ae542b6,C-ShoKXJD255,100,,,,6,6,0,2,0,0,0,0,0,2,0,0,0,0,0,0,0,0,0,0,0,0,0,0,1.5,21/05/2025 11:05,Wet_Season
db0b3be1-66f0-46fd-bcb4-2578ad276fe5,C-ShoP05UF19,100,,,,6,6,0,2,0,0,0,0,0,2,0,0,0,0,0,0,0,0,0,0,0,0,0,0,1.5,21/05/2025 11:05,Wet_Season
9e60dec8-cd1b-43c7-99f6-c2a1e0fdc6c6,C-Sho4YUAI05,100,,,,6,6,0,2,0,0,0,0,0,2,0,0,0,0,0,0,0,0,0,0,0,0,0,0,1.5,21/05/2025 11:05,Wet_Season
e91366e7-4581-4abb-a426-c298c70b494a,C-ShoOJID815,100,,,,6,6,0,2,0,0,0,0,0,2,0,0,0,0,0,0,0,0,0,0,0,0,0,0,1.5,21/05/2025 11:05,Wet_Season
45e9b9e9-7785-4331-ba83-83341aa7e3d9,C-ShoWPEZM39,100,,,,6,6,0,2,0,0,0,0,0,2,0,0,0,0,0,0,0,0,0,0,0,0,0,0,1.5,21/05/2025 11:05,Wet_Season
46aabee0-f318-4945-9ab5-c009a2be7986,C-ShoYS1FM52,100,,,,6,6,0,2,0,0,0,0,0,2,0,0,0,0,0,0,0,0,0,0,0,0,0,0,1.5,21/05/2025 11:05,Wet_Season
394a6ff4-9120-430a-a99e-e6b9805075a5,C-JahZ4H5N39,100,,,,6,6,0,2,0,0,0,2,0,0,0,0,0,0,0,0,0,0,0,0,0,0,0,0,1.5,21/05/2025 11:06,Wet_Season
20fcde14-8481-48a0-a3d7-aceec94afe0e,C-Beb65NZ233,100,,,,6,6,0,2,0,0,0,2,0,2,0,0,0,0,0,0,0,0,0,0,0,0,0,0,1500,21/05/2025 11:59,Wet_Season
a91396e7-f416-4bd5-88e7-24e45c1ef447,C-Beb6MV6W03,,100,,,8,4,0,2,0,0,2,2,0,0,0,0,0,0,0,0,0,0,0,0,0,2,0,0,1500,21/05/2025 12:01,Wet_Season
75876cae-4bf9-4238-9c24-8f8f070553b0,C-Beb6SZWM48,100,,,,6,6,0,2,0,0,0,2,0,2,0,0,0,0,0,0,0,0,0,0,0,0,0,0,1500,21/05/2025 12:03,Wet_Season
288c911d-1ccc-4a93-a529-c5f09d47bbcd,C-Beb7T6MZ34,,100,,,8,4,0,2,0,0,2,2,0,0,0,0,0,0,0,0,0,0,0,0,0,2,0,0,1500,21/05/2025 12:04,Wet_Season
65dbf698-ac34-4694-b1ee-a4491b34c3b9,C-Beb83SXX58,100,,,,6,6,0,2,0,0,0,2,0,2,0,0,0,0,0,0,0,0,0,0,0,0,0,0,1500,21/05/2025 12:06,Wet_Season
349e0b85-86cf-4287-8ce2-ddf07c38d8de,C-Beb9H6IA45,,100,,,8,4,0,2,0,0,2,2,0,0,0,0,0,0,0,0,0,0,0,0,0,2,0,0,1500,21/05/2025 12:08,Wet_Season
4186c766-8946-48fd-a088-bff9d42182ca,C-BebBNVU007,,100,,,8,4,0,2,0,0,2,2,0,0,0,0,0,0,0,0,0,0,0,0,0,2,0,0,1500,21/05/2025 12:09,Wet_Season
0332399c-add0-4e9c-b69f-d70762514867,C-BebDJJ2R22,100,,,,6,6,0,2,0,0,0,2,0,2,0,0,0,0,0,0,0,0,0,0,0,0,0,0,1500,21/05/2025 12:10,Wet_Season
0ccb23e6-a594-4863-a2a7-5d9176b30505,C-BebGHWVH38,,100,,,8,4,0,2,0,0,2,2,0,0,0,0,0,0,0,0,0,0,0,0,0,2,0,0,1500,21/05/2025 12:12,Wet_Season
643f7274-bd1f-410f-bf81-3dc99a68557c,C-KagPCNYV35,,50,,,0,0,0,0,0,0,0,0,0,0,0,0,0,0,0,0,0,0,0,0,0,0,0,0,0,21/05/2025 12:18,Wet_Season
3a12a501-df61-479c-9e97-561fd4538c8f,C-Jah07GX949,100,,,,6,6,0,2,0,0,0,2,0,0,0,0,0,0,0,0,0,0,0,0,0,0,0,0,1.5,21/05/2025 12:28,Wet_Season
44d01986-95b3-4e6e-bef0-1926998c6106,C-Kag2E88T27,15,,,,4,3,0,0,0,0,0,0,0,0,1,0,0,2,0,0,0,0,1,0,0,0,0,1,0,21/05/2025 12:30,Wet_Season
a5808f8c-d1b3-4c7a-83d5-bcebd628bed6,C-Jah4BLW248,100,,,,6,6,0,2,0,0,0,2,0,0,0,0,0,0,0,0,0,0,0,0,0,0,0,0,1.5,21/05/2025 12:31,Wet_Season
9c7e7ffc-9513-463b-8c91-dd8f822d8bc3,C-Jah593WJ36,100,,,,6,6,0,2,0,0,0,2,0,0,0,0,0,0,0,0,0,0,0,0,0,0,0,0,1.5,21/05/2025 12:40,Wet_Season
5007a0a8-00e0-4a2e-8cd3-776764698239,C-Jah9ABMD10,100,,,,6,6,0,2,0,0,0,2,0,0,0,0,0,0,0,0,0,0,0,0,0,0,0,0,1.5,21/05/2025 12:45,Wet_Season
16ef7146-2b9f-40ca-b475-8bfe7ff4672a,C-Jah9EW1V12,100,,,,6,6,0,2,0,0,0,2,0,0,0,0,0,0,0,0,0,0,0,0,0,0,0,0,1.5,21/05/2025 12:47,Wet_Season
a5dd6487-2d8c-4394-9b90-34c740853aa2,C-Beb0IPH606,,100,,,8,4,0,2,0,0,2,2,0,0,0,0,0,0,0,0,0,0,0,0,0,2,0,0,1500,21/05/2025 12:59,Wet_Season
62c43aa4-cc88-4d12-bb3c-eeffa8c3ed5b,C-Beb1I7AM54,100,,,,6,6,0,2,0,0,0,2,0,2,0,0,0,0,0,0,0,0,0,0,0,0,0,0,1500,21/05/2025 12:59,Wet_Season
ae08729e-85e2-4a6f-90c5-f9423fc5b9ec,C-Beb2LEXT56,100,,,,6,6,0,2,0,0,0,2,0,2,0,0,0,0,0,0,0,0,0,0,0,0,0,0,1500,21/05/2025 12:59,Wet_Season
a27eac3e-67ba-4a71-81f7-f67204b469bb,C-Beb425HI08,,100,,,8,4,0,2,0,0,2,2,0,0,0,0,0,0,0,0,0,0,0,0,0,2,0,0,1500,21/05/2025 12:59,Wet_Season
9f4a8c88-1395-4c82-b671-2f6629de79a2,C-Beb50HFT46,100,,,,6,6,0,2,0,0,0,2,0,2,0,0,0,0,0,0,0,0,0,0,0,0,0,0,1500,21/05/2025 12:59,Wet_Season
60df2f49-bffa-4a50-be29-4dbd1d0b403c,C-Beb7QT7C38,,100,,,8,4,0,2,0,0,2,2,0,0,0,0,0,0,0,0,0,0,0,0,0,2,0,0,1500,21/05/2025 12:59,Wet_Season
32d44f4b-cd35-4467-9c7e-6cd1e7f6a0ef,C-BebC852E40,,100,,,8,4,0,2,0,0,2,2,0,0,0,0,0,0,0,0,0,0,0,0,0,2,0,0,1500,21/05/2025 12:59,Wet_Season
cb9da321-feb4-4859-9584-be62262dbfae,C-BebC9NFU11,100,,,,6,6,0,2,0,0,0,2,0,2,0,0,0,0,0,0,0,0,0,0,0,0,0,0,1500,21/05/2025 12:59,Wet_Season
f4b478ab-eaa1-4fd6-8019-b24eb5d66ee4,C-BebCTRIW30,,100,,,8,4,0,2,0,0,2,2,0,0,0,0,0,0,0,0,0,0,0,0,0,2,0,0,1500,21/05/2025 12:59,Wet_Season
bfb384ea-475e-4232-9cf2-8a708c446534,C-BebD0VUO08,100,,,,6,6,0,2,0,0,0,2,0,2,0,0,0,0,0,0,0,0,0,0,0,0,0,0,1500,21/05/2025 12:59,Wet_Season
da825280-a71f-4508-8246-d7e2bfc3f2c5,C-BebF53QH30,,100,,,8,4,0,2,0,0,2,2,0,0,0,0,0,0,0,0,0,0,0,0,0,2,0,0,1500,21/05/2025 12:59,Wet_Season
4b0738a7-9031-4b46-9fd4-80325b2595c4,C-BebHZZTT03,,100,,,8,4,0,2,0,0,2,2,0,0,0,0,0,0,0,0,0,0,0,0,0,2,0,0,1500,21/05/2025 12:59,Wet_Season
15b72431-dbad-4a98-a75f-c51a2b7aac8a,C-BebIS99Q21,,100,,,8,4,0,2,0,0,2,2,0,0,0,0,0,0,0,0,0,0,0,0,0,2,0,0,1500,21/05/2025 12:59,Wet_Season
a0226ec9-1c77-4f25-b752-afe89e11f549,C-BebPLA1P15,100,,,,6,6,0,2,0,0,0,2,0,2,0,0,0,0,0,0,0,0,0,0,0,0,0,0,1500,21/05/2025 12:59,Wet_Season
88959ebd-29f0-44d2-821e-fbeeed1a6b4d,C-BebTX4FO52,,100,,,8,4,0,2,0,0,2,2,0,0,0,0,0,0,0,0,0,0,0,0,0,2,0,0,1500,21/05/2025 12:59,Wet_Season
dc1522bc-eda0-4116-acd9-c35088a61215,C-BebU8YU648,,100,,,8,4,0,2,0,0,2,2,0,0,0,0,0,0,0,0,0,0,0,0,0,2,0,0,1500,21/05/2025 13:00,Wet_Season
728bc0ac-cc47-482a-98ff-bbf425399c92,C-Beb558JT10,100,,,,6,6,0,2,0,0,0,2,0,2,0,0,0,0,0,0,0,0,0,0,0,0,0,0,1500,21/05/2025 13:33,Wet_Season
aeac7908-0743-417e-901b-76865c293add,C-Beb90MSP54,,100,,,8,4,0,2,0,0,2,0,0,0,0,0,0,0,0,0,0,0,0,0,0,2,0,0,1500,21/05/2025 13:34,Wet_Season
4fa2154b-0b23-4eff-8e8c-282e6d6e0a0c,C-Beb9N4ZT48,,100,,,8,4,0,2,0,0,2,2,0,0,0,0,0,0,0,0,0,0,0,0,0,2,0,0,1500,21/05/2025 13:36,Wet_Season
5a0d8497-452c-4da0-a093-116a6d9f5ef5,C-BebFSK4H48,100,,,,6,6,0,2,0,0,0,2,0,2,0,0,0,0,0,0,0,0,0,0,0,0,0,0,1500,21/05/2025 13:37,Wet_Season
13b9602b-4d80-4466-bc8f-3d774c81e692,C-BebIV80D13,,100,,,8,4,0,2,0,0,2,2,0,0,0,0,0,0,0,0,0,0,0,0,0,2,0,0,1500,21/05/2025 13:38,Wet_Season
dbc6eac2-d3eb-4be9-b313-7602ce6192bc,C-BebIXYFU25,,100,,,8,4,0,2,0,0,2,2,0,0,0,0,0,0,0,0,0,0,0,0,0,2,0,0,1500,21/05/2025 13:41,Wet_Season
6b712bcd-aa0d-497a-aaec-bac002c65458,C-BebJSELA06,100,,,,6,6,0,2,0,0,0,2,0,2,0,0,0,0,0,0,0,0,0,0,0,0,0,0,1500,21/05/2025 13:42,Wet_Season
d20ad084-6fd3-4e47-8c13-548ab4c36e43,C-BebJTJV013,100,,,,6,6,0,2,0,0,0,2,0,2,0,0,0,0,0,0,0,0,0,0,0,0,0,0,1500,21/05/2025 13:43,Wet_Season
37271a39-6c95-40db-b24f-9e2b6c45139c,C-BebNX7ZG05,,100,,,8,4,0,2,0,0,2,2,0,0,0,0,0,0,0,0,0,0,0,0,0,2,0,0,1500,21/05/2025 13:44,Wet_Season
bc004dbb-c451-40ba-b872-5e9e143b3d27,C-BebOEUHW02,,100,,,8,4,0,2,0,0,2,2,0,0,0,0,0,0,0,0,0,0,0,0,0,2,0,0,1500,21/05/2025 13:45,Wet_Season
bafb606f-8df7-4e69-8a86-20e08ba355ac,C-BebSJY4J46,100,,,,6,6,0,2,0,0,0,2,0,2,0,0,0,0,0,0,0,0,0,0,0,0,0,0,1500,21/05/2025 13:47,Wet_Season
0a04a66e-a6c9-4c06-a581-4ec31cfb7f91,C-BebTVZ8829,,100,,,8,4,0,2,0,0,2,2,0,0,0,0,0,0,0,0,0,0,0,0,0,2,0,0,1500,21/05/2025 13:48,Wet_Season
5eeaa294-1730-4687-becf-68dfd717f292,C-BebU1UXK11,,100,,,8,4,0,2,0,0,2,2,0,0,0,0,0,0,0,0,0,0,0,0,0,2,0,0,1500,21/05/2025 13:50,Wet_Season
636cbc21-c5ab-4734-9f21-d225917ab4e5,C-BebXA6CH08,100,,,,6,6,0,2,0,0,0,2,0,2,0,0,0,0,0,0,0,0,0,0,0,0,0,0,1500,21/05/2025 13:51,Wet_Season
53e20521-4b51-4526-95d4-6b6abd809853,C-BebZKZ5N49,100,,,,6,6,0,2,0,0,0,2,0,2,0,0,0,0,0,0,0,0,0,0,0,0,0,0,1500,21/05/2025 13:53,Wet_Season
28d3ead9-0bb5-4b0f-9e87-7b4e917b1d96,C-Beb260WN17,,100,,,8,4,0,2,0,0,2,2,0,0,0,0,0,0,0,0,0,0,0,0,0,2,0,0,1500,21/05/2025 13:54,Wet_Season
7ad60299-7315-489a-9bd6-5ac10632c223,C-Beb8BBK307,,100,,,8,4,0,2,0,0,2,2,0,0,0,0,0,0,0,0,0,0,0,0,0,2,0,0,1500,21/05/2025 13:56,Wet_Season
b80af4a2-4957-47be-a872-01bf4b2c2b9c,C-Beb8L4PN32,100,,,,6,6,0,2,0,0,0,2,0,2,0,0,0,0,0,0,0,0,0,0,0,0,0,0,1500,21/05/2025 13:57,Wet_Season
7dd044e2-f52d-4f4a-95cc-3a5a6c3f5061,C-Beb910G801,,100,,,8,4,0,2,0,0,2,2,0,0,0,0,0,0,0,0,0,0,0,0,0,2,0,0,1500,21/05/2025 13:59,Wet_Season
d9a86c09-4a12-43d7-96ec-2ce33fdc8ece,C-KagE5VE232,,50,,,0,0,0,0,0,0,0,0,0,0,0,0,0,0,0,0,0,0,0,0,0,0,0,0,0,21/05/2025 14:09,Wet_Season
bdfad82b-5e0d-4a51-bf60-9a54f2875307,C-JahKJHWX50,100,,,,6,6,0,2,0,0,0,2,0,0,0,0,0,0,0,0,0,0,0,0,0,0,0,0,1.5,21/05/2025 14:12,Wet_Season
48e75ed3-ba28-44cd-a330-d908a4b0a230,C-JahM2YZH36,100,,,,6,6,0,2,0,0,0,2,0,0,0,0,0,0,0,0,0,0,0,0,0,0,0,0,1.5,21/05/2025 14:12,Wet_Season
aba18fac-4cac-4203-b9d6-acb9cf19e64d,C-JahTOM8W58,100,,,,6,6,0,2,0,0,0,2,0,0,0,0,0,0,0,0,0,0,0,0,0,0,0,0,1.5,21/05/2025 14:12,Wet_Season
d7b696cc-79bb-4064-98a6-a6f7419893f6,C-JahUTDPX37,100,,,,6,6,0,2,0,0,0,2,0,0,0,0,0,0,0,0,0,0,0,0,0,0,0,0,1.5,21/05/2025 14:12,Wet_Season
ea0d5081-cf79-4721-a67e-3325f0e69be6,C-KagF7NO643,20,,,,4,3,0,0,0,0,0,0,0,0,2,0,0,5,0,0,0,0,2,0,2,0,0,2,0,21/05/2025 14:14,Wet_Season
0bf4a975-8c62-4b50-8ea7-9c49e74de50c,C-JahW8FG306,100,,,,6,6,0,2,0,0,0,2,0,0,0,0,0,0,0,0,0,0,0,0,0,0,0,0,1.5,21/05/2025 14:15,Wet_Season
898ba39e-d23e-4ef2-ab14-b3cf03c66b15,C-BebBUYTN03,,100,,,8,4,0,2,0,0,2,2,0,0,0,0,0,0,0,0,0,0,0,0,0,2,0,0,1500,21/05/2025 14:17,Wet_Season
75161f72-b235-42f8-82a7-7634a69a8b49,C-BebDSTHS23,100,,,,6,6,0,2,0,0,0,2,0,2,0,0,0,0,0,0,0,0,0,0,0,0,0,0,1500,21/05/2025 14:17,Wet_Season
728b45bf-d249-486a-b9d5-cf9e28ccbedd,C-BebE96A819,,100,,,8,4,0,2,0,0,2,2,0,0,0,0,0,0,0,0,0,0,0,0,0,2,0,0,1500,21/05/2025 14:17,Wet_Season
afe19ee4-45ec-4b16-85aa-f8b5b5cf8883,C-BebHD7CE34,,100,,,8,4,0,2,0,0,2,2,0,0,0,0,0,0,0,0,0,0,0,0,0,2,0,0,1500,21/05/2025 14:17,Wet_Season
28804a00-0a91-4fdb-9cf6-0e2024160be2,C-BebJX18538,100,,,,6,6,0,2,0,0,0,2,0,2,0,0,0,0,0,0,0,0,0,0,0,0,0,0,1500,21/05/2025 14:17,Wet_Season
835ff889-7ad0-4008-a32b-52711d7c30b7,C-BebO0T2E24,,100,,,8,4,0,2,0,0,2,2,0,0,0,0,0,0,0,0,0,0,0,0,0,2,0,0,1500,21/05/2025 14:17,Wet_Season
aa52a338-1ad7-4198-ac79-73e7c9694e12,C-BebO67XW47,100,,,,6,6,0,2,0,0,0,2,0,2,0,0,0,0,0,0,0,0,0,0,0,0,0,0,1500,21/05/2025 14:17,Wet_Season
049f81ac-d612-4282-9942-f3ea4be280d0,C-BebT9H5554,,100,,,8,4,0,2,0,0,2,2,0,0,0,0,0,0,0,0,0,0,0,0,0,2,0,0,1500,21/05/2025 14:17,Wet_Season
33aa6ff8-3787-4e35-a674-6d855599c296,C-Kag9WA2E07,20,,,,4,3,0,0,0,0,0,0,0,0,2,0,0,5,0,0,0,0,2,0,2,0,0,2,0,21/05/2025 14:18,Wet_Season
13e02859-de61-412e-ac4a-cea0e31ab429,C-BebTBL4033,,100,,,8,4,0,2,0,0,2,2,0,0,0,0,0,0,0,0,0,0,0,0,0,2,0,0,1500,21/05/2025 14:18,Wet_Season
c2a07e1a-5eec-43d3-9a4d-8ed837d29e1f,C-BebTFPSE50,,100,,,8,4,0,2,0,0,2,2,0,0,0,0,0,0,0,0,0,0,0,0,0,2,0,0,1500,21/05/2025 14:20,Wet_Season
5773b430-4a6c-4676-88ed-cde9111d376d,C-BebUMXF042,100,,,,6,6,0,2,0,0,0,2,0,2,0,0,0,0,0,0,0,0,0,0,0,0,0,0,1500,21/05/2025 14:21,Wet_Season
45ea4e0f-9bb5-4a19-a36b-59a6d6e143d5,C-BebH7M3357,100,,,,6,6,0,2,0,0,0,2,0,2,0,0,0,0,0,0,0,0,0,0,0,0,0,0,1500,21/05/2025 14:21,Wet_Season
1430f3f2-cffa-461a-aec3-ef17b7c01717,C-BebKC7UP29,,100,,,8,4,0,2,0,0,2,2,0,0,0,0,0,0,0,0,0,0,0,0,0,2,0,0,1500,21/05/2025 14:22,Wet_Season
5f5b1f4b-e4e4-4c06-9cbe-7596ff56d39b,C-BebMQ43558,100,,,,6,6,0,2,0,0,0,2,0,2,0,0,0,0,0,0,0,0,0,0,0,0,0,0,1500,21/05/2025 14:22,Wet_Season
88070862-a648-4cf9-9107-dd2da1a3afe5,C-BebP74DD39,100,,,,6,6,0,2,0,0,0,2,0,2,0,0,0,0,0,0,0,0,0,0,0,0,0,0,1500,21/05/2025 14:22,Wet_Season
a3b43577-d136-4f96-ad7e-ed23e2dd0820,C-BebVLB2B43,,100,,,8,4,0,2,0,0,2,2,0,0,0,0,0,0,0,0,0,0,0,0,0,2,0,0,1500,21/05/2025 14:22,Wet_Season
b1867239-0bd1-47f8-861d-56f6d17e212a,C-BebVS43650,,100,,,8,4,0,2,0,0,2,2,0,0,0,0,0,0,0,0,0,0,0,0,0,2,0,0,1500,21/05/2025 14:22,Wet_Season
0af14dc7-0c9f-40f7-8cc0-abd20287dbaf,C-KagNM50751,20,,,,4,3,0,0,0,0,0,0,0,0,2,0,0,5,0,0,0,0,2,0,2,0,0,2,0,21/05/2025 14:23,Wet_Season
94d01ba0-5d36-4074-bcd6-6788b2441c63,C-BebFF4R756,,100,,,8,4,0,2,0,0,2,2,0,0,0,0,0,0,0,0,0,0,0,0,0,2,0,0,1500,21/05/2025 14:24,Wet_Season
384db844-65b4-4318-9076-947a2fa921cd,C-KagYI6TX26,20,,,,4,3,0,0,0,0,0,0,0,0,2,0,0,5,0,0,0,0,2,0,2,0,0,2,0,21/05/2025 14:27,Wet_Season
4eead7ef-d26b-47e6-b03d-ca397e61fe67,C-BebFHMEQ39,100,,,,6,6,0,2,0,0,0,2,0,2,0,0,0,0,0,0,0,0,0,0,0,0,0,0,1500,21/05/2025 14:37,Wet_Season
7da01ac1-6c15-4379-9152-77f2090f50f5,C-BebRC18T17,,100,,,8,4,0,2,0,0,2,2,0,0,0,0,0,0,0,0,0,0,0,0,0,2,0,0,1500,21/05/2025 14:37,Wet_Season
c64d630e-e7ef-489a-b600-a956c305ddcd,C-BebSOCS718,100,,,,6,6,0,2,0,0,0,2,0,2,0,0,0,0,0,0,0,0,0,0,0,0,0,0,1500,21/05/2025 14:37,Wet_Season
b7fd2fb9-f159-4882-ba0a-60a5b78454db,C-BebWGY8Q14,,100,,,8,4,0,2,0,0,2,2,0,0,0,0,0,0,0,0,0,0,0,0,0,2,0,0,1500,21/05/2025 14:37,Wet_Season
5bc31bb4-7b69-4e47-a986-e38cd3ded2f4,C-Kir1BSDU19,,100,,,8,4,0,2,0,0,2,2,0,0,0,0,0,0,0,0,0,0,0,0,0,2,0,0,1500,21/05/2025 14:37,Wet_Season
754b5c5e-8331-4c81-b135-13ad1eb0de9e,C-Kir1NZVG12,100,,,,6,6,0,2,0,0,0,2,0,2,0,0,0,0,0,0,0,0,0,0,0,0,0,0,1500,21/05/2025 14:37,Wet_Season
ea0b1f8d-5397-48a0-85ca-8d3455e167d4,C-Kir2YWBG48,,100,,,8,4,0,2,0,0,2,2,0,0,0,0,0,0,0,0,0,0,0,0,0,2,0,0,1500,21/05/2025 14:37,Wet_Season
2baa6b12-7bee-4a06-9ecb-38e3d4b74cf4,C-KirATUS008,100,,,,6,6,0,2,0,0,0,2,0,2,0,0,0,0,0,0,0,0,0,0,0,0,0,0,1500,21/05/2025 14:37,Wet_Season
021ffb4f-6cab-4cdd-8aae-0097fdb9314a,C-KirG6Z9E51,,100,,,8,4,0,2,0,0,2,2,0,0,0,0,0,0,0,0,0,0,0,0,0,2,0,0,1500,21/05/2025 14:37,Wet_Season
384bef64-6046-496b-a921-b89c6e4844d8,C-KirIT7PK29,100,,,,6,6,0,2,0,0,0,2,0,2,0,0,0,0,0,0,0,0,0,0,0,0,0,0,1500,21/05/2025 14:38,Wet_Season
04ffe4a6-5c3d-45c9-9ab4-5068255f7165,C-KirNKYQC06,100,,,,6,6,0,2,0,0,0,2,0,2,0,0,0,0,0,0,0,0,0,0,0,0,0,0,1500,21/05/2025 14:40,Wet_Season
86ae6eaa-5e68-4726-9692-493e5d20ec08,C-KirV2PGU38,,100,,,8,4,0,2,0,0,2,2,0,0,0,0,0,0,0,0,0,0,0,0,0,2,0,0,1500,21/05/2025 14:41,Wet_Season
4c95ce66-f155-4979-917c-f0677b1e0712,C-KirY9KGM31,,100,,,8,4,0,2,0,0,2,2,0,0,0,0,0,0,0,0,0,0,0,0,0,2,0,0,1500,21/05/2025 14:42,Wet_Season
e0741b0d-6bf5-4cd5-8cd3-957b9f70e3c5,C-Beb467AP56,100,,,,6,6,0,2,0,0,0,2,0,2,0,0,0,0,0,0,0,0,0,0,0,0,0,0,1500,21/05/2025 14:44,Wet_Season
a0732f83-331b-4058-ab90-a41cde0b2444,C-Beb5348R41,,100,,,8,4,0,2,0,0,2,2,0,0,0,0,0,0,0,0,0,0,0,0,0,2,0,0,1500,21/05/2025 14:53,Wet_Season
28c23c1f-04b2-451c-82cf-aadc10c6286a,C-Beb7KOCP10,,100,,,8,4,0,2,0,0,2,2,0,0,0,0,0,0,0,0,0,0,0,0,0,2,0,0,1500,21/05/2025 14:53,Wet_Season
0a1b0087-aee1-4c44-8826-cb0f34759c77,C-Beb7KZA337,100,,,,6,6,0,2,0,0,0,2,0,2,0,0,0,0,0,0,0,0,0,0,0,0,0,0,1500,21/05/2025 14:53,Wet_Season
ebe16dd2-ed58-4987-837c-cee67ec55500,C-BebA8YRR15,,100,,,8,4,0,2,0,0,2,2,0,0,0,0,0,0,0,0,0,0,0,0,0,2,0,0,1500,21/05/2025 14:53,Wet_Season
5282943b-45f3-41b3-a58c-ab35b448c72d,C-BebCKMD404,100,,,,6,6,0,2,0,0,0,2,0,2,0,0,0,0,0,0,0,0,0,0,0,0,0,0,1500,21/05/2025 14:53,Wet_Season
364e7e8c-c98f-4063-81c7-946fe5c323d8,C-BebHKVN204,,100,,,8,4,0,2,0,0,2,2,0,0,0,0,0,0,0,0,0,0,0,0,0,0,0,0,1500,21/05/2025 14:53,Wet_Season
1d941795-1c67-4eca-9d35-04c399b206b9,C-BebJP9XZ28,,100,,,8,4,0,2,0,0,2,2,0,0,0,0,0,0,0,0,0,0,0,0,0,2,0,0,1500,21/05/2025 14:56,Wet_Season
c55eb62f-a94a-4847-b442-a01ef23a5b4f,C-BebL6N4H07,100,,,,6,6,0,2,0,0,0,2,0,2,0,0,0,0,0,0,0,0,0,0,0,0,0,0,1500,21/05/2025 14:58,Wet_Season
f2dc98ac-aba1-40d5-997c-6863013fedc5,C-BebV92NV14,100,,,,6,6,0,2,0,0,0,2,0,2,0,0,0,0,0,0,0,0,0,0,0,0,0,0,1500,21/05/2025 14:59,Wet_Season
c74c7bc9-e01f-4339-bd3d-39bc3a54f5ee,C-BebXYNRJ13,100,,,,6,6,0,2,0,0,0,2,0,2,0,0,0,0,0,0,0,0,0,0,0,0,0,0,1500,21/05/2025 15:01,Wet_Season
86e901a3-600f-408d-9aac-833e0b00f522,C-Jah043PO40,100,,,,6,6,0,2,0,0,0,2,0,0,0,0,0,0,0,0,0,0,0,0,0,0,0,0,1.5,21/05/2025 15:02,Wet_Season
40d76978-b258-4e55-b34d-c384da73a866,C-Jah49WMW01,100,,,,6,6,0,2,0,0,0,2,0,0,0,0,0,0,0,0,0,0,0,0,0,0,0,0,1.5,21/05/2025 15:02,Wet_Season
b20ad15f-d953-4b07-b5a7-4e93399752d5,C-JahA3O6L48,100,,,,6,6,0,2,0,0,0,2,0,0,0,0,0,0,0,0,0,0,0,0,0,0,0,0,1.5,21/05/2025 15:03,Wet_Season
16e51a80-1d47-4e55-bba0-4639e4b5e0cf,C-JahD8ITL21,100,,,,6,6,0,2,0,0,0,2,0,0,0,0,0,0,0,0,0,0,0,0,0,0,0,0,1.5,21/05/2025 15:03,Wet_Season
574e770a-ba35-49a8-b993-26d81410e0b8,C-JahDL2N100,100,,,,6,6,0,2,0,0,0,2,0,0,0,0,0,0,0,0,0,0,0,0,0,0,0,0,1.5,21/05/2025 15:03,Wet_Season
51d1cdd2-bdac-4712-95cb-d6015d06e551,C-JahL1NU317,100,,,,6,6,0,2,0,0,0,2,0,0,0,0,0,0,0,0,0,0,0,0,0,0,0,0,1.5,21/05/2025 15:03,Wet_Season
5fd56792-4acb-4316-8e54-f4c0ce6785f8,C-JahMHVAE17,100,,,,6,6,0,2,0,0,0,2,0,0,0,0,0,0,0,0,0,0,0,0,0,0,0,0,1.5,21/05/2025 15:03,Wet_Season
a4dd47fb-8f47-4d21-ac8f-f301da1f0591,C-JahQOES808,100,,,,6,6,0,2,0,0,0,2,0,0,0,0,0,0,0,0,0,0,0,0,0,0,0,0,1.5,21/05/2025 15:05,Wet_Season
a688fd70-9ecd-4044-b124-ce3fb9113145,C-Beb0D3A352,,100,,,8,4,0,2,0,0,2,2,0,0,0,0,0,0,0,0,0,0,0,0,0,2,0,0,1500,21/05/2025 15:25,Wet_Season
10d8119c-38d6-47dc-99ab-09f25669ed77,C-Beb2W94Q39,100,,,,6,6,0,2,0,0,0,2,0,2,0,0,0,0,0,0,0,0,0,0,0,0,0,0,1500,21/05/2025 15:25,Wet_Season
2e45a5ad-5bbe-43a4-a500-55ce61469f67,C-Beb39PRU04,100,,,,6,6,0,2,0,0,0,2,0,2,0,0,0,0,0,0,0,0,0,0,0,0,0,0,1500,21/05/2025 15:25,Wet_Season
a837471d-d2b9-43cb-b797-08cfda5ff13c,C-Beb6WHUG50,,100,,,8,4,0,2,0,0,2,2,0,0,0,0,0,0,0,0,0,0,0,0,0,2,0,0,1500,21/05/2025 15:25,Wet_Season
62230d35-3c12-4b76-a104-8d8c7644b42a,C-Beb7KW4903,100,,,,6,6,0,2,0,0,0,2,0,2,0,0,0,0,0,0,0,0,0,0,0,0,0,0,1500,21/05/2025 15:25,Wet_Season
a9534e5c-9a04-4127-8262-5a2f80d56e98,C-BebA181537,,100,,,8,4,0,2,0,0,2,2,0,0,0,0,0,0,0,0,0,0,0,0,0,2,0,0,1500,21/05/2025 15:25,Wet_Season
109e4843-7cd7-40fb-b9bd-d2660fc84df4,C-BebGZHOK19,,100,,,8,4,0,2,0,0,2,2,0,0,0,0,0,0,0,0,0,0,0,0,0,2,0,0,1500,21/05/2025 15:25,Wet_Season
02237a49-258b-41d7-a9a0-b1487ce157be,C-BebH42VZ20,100,,,,6,6,0,2,0,0,0,2,0,2,0,0,0,0,0,0,0,0,0,0,0,0,0,0,1500,21/05/2025 15:25,Wet_Season
bfe4fec0-79e3-4cce-9b50-8da483501a06,C-BebI24IY48,100,,,,6,6,0,2,0,0,0,2,0,2,0,0,0,0,0,0,0,0,0,0,0,0,0,0,1500,21/05/2025 15:25,Wet_Season
7b78f1ec-f828-4f4b-a801-865a5237a3e5,C-BebK1AYG27,,100,,,8,4,0,2,0,0,2,2,0,0,0,0,0,0,0,0,0,0,0,0,0,2,0,0,1500,21/05/2025 15:25,Wet_Season
bd95f583-e9f5-4667-8033-00c67c65bf62,C-BebPJ23P37,100,,,,6,6,0,2,0,0,0,2,0,2,0,0,0,0,0,0,0,0,0,0,0,0,0,0,1500,21/05/2025 15:25,Wet_Season
f355345b-8127-4726-b0b0-7000c5ae93b3,C-BebS7L3L26,100,,,,6,6,0,2,0,0,0,2,0,2,0,0,0,0,0,0,0,0,0,0,0,0,0,0,1500,21/05/2025 15:25,Wet_Season
4f23900e-bb86-438f-965b-05903e0b64d0,C-JahQYQ0X38,100,,,,6,6,0,2,0,0,0,2,0,0,0,0,0,0,0,0,0,0,0,0,0,0,0,0,1.5,21/05/2025 15:26,Wet_Season
8bb63516-8e5f-4520-9cec-6db0fb97586d,C-BebTDBG307,,100,,,8,4,0,2,0,0,2,2,0,0,0,0,0,0,0,0,0,0,0,0,0,2,0,0,1500,21/05/2025 15:26,Wet_Season
2fdc5d5e-b5d1-40cc-83f7-8134d6e4e542,C-BebUJ14638,100,,,,6,6,0,2,0,0,0,2,0,2,0,0,0,0,0,0,0,0,0,0,0,0,0,0,1500,21/05/2025 15:27,Wet_Season
fb0305d3-1add-40cc-9e9b-bed5a082d429,C-JahTE1QN47,100,,,,6,6,0,2,0,0,0,2,0,0,0,0,0,0,0,0,0,0,0,0,0,0,0,0,1.5,21/05/2025 15:28,Wet_Season
cda35de5-1fe2-4aa0-99b6-f95d83ee5a69,C-BebY465O56,,100,,,8,4,0,2,0,0,2,2,0,0,0,0,0,0,0,0,0,0,0,0,0,2,0,0,1500,21/05/2025 15:29,Wet_Season
f9e401c9-3436-42b5-8c51-999524da0c72,C-JahUB3SE00,100,,,,6,6,0,2,0,0,0,2,0,0,0,0,0,0,0,0,0,0,0,0,0,0,0,0,1.5,21/05/2025 15:30,Wet_Season
6e1684f6-a7fb-4dc9-b3ce-83c780876016,C-JahUKDR253,100,,,,6,6,0,2,0,0,0,2,0,0,0,0,0,0,0,0,0,0,0,0,0,0,0,0,1.5,21/05/2025 15:33,Wet_Season
52614bc9-14a3-4020-96c4-6f2cf7a1f77d,C-Beb16L5W38,,100,,,8,4,0,2,0,0,2,2,0,0,0,0,0,0,0,0,0,0,0,0,0,2,0,0,1500,21/05/2025 15:56,Wet_Season
9c8f6f85-5708-4289-acc4-07784485d4c5,C-Beb2WB7F02,100,,,,6,6,0,2,0,0,0,2,0,2,0,0,0,0,0,0,0,0,0,0,0,0,0,0,1500,21/05/2025 15:56,Wet_Season
a8734ff9-e8b3-4282-864a-aa7047ed1be8,C-Beb39K1N16,,100,,,8,4,0,2,0,0,2,2,0,0,0,0,0,0,0,0,0,0,0,0,0,2,0,0,1500,21/05/2025 15:56,Wet_Season
48fca640-2670-4518-894f-ccd231eb252a,C-Beb5FFCJ10,,100,,,8,4,0,2,0,0,2,2,0,0,0,0,0,0,0,0,0,0,0,0,0,2,0,0,1500,21/05/2025 15:56,Wet_Season
9a0af708-1a3c-46e9-a952-7915d7b02370,C-Beb67MTX35,100,,,,6,6,0,2,0,0,0,2,0,2,0,0,0,0,0,0,0,0,0,0,0,0,0,0,1500,21/05/2025 15:56,Wet_Season
7f32cd3a-d452-4ca7-867b-2866b0b47367,C-Beb8CWND21,,100,,,8,4,0,2,0,0,2,2,0,0,0,0,0,0,0,0,0,0,0,0,0,2,0,0,1500,21/05/2025 15:56,Wet_Season
68ac007e-d8da-46cc-aeff-746eb58869c4,C-BebH254T41,100,,,,6,6,0,2,0,0,0,2,0,2,0,0,0,0,0,0,0,0,0,0,0,0,0,0,1500,21/05/2025 15:58,Wet_Season
ea59497f-bedb-41ee-9e87-e80d304f067c,C-BebIB2XN06,,100,,,8,4,0,2,0,0,0,2,0,0,0,0,0,0,0,0,0,0,0,0,0,2,0,0,1500,21/05/2025 15:58,Wet_Season
39db023a-8e7e-4e28-a03b-c3315741bb02,C-BebL3F7B05,,100,,,8,4,0,2,0,0,2,2,0,0,0,0,0,0,0,0,0,0,0,0,0,2,0,0,1500,21/05/2025 15:58,Wet_Season
142502f2-a03e-4b8c-b371-98d36147e137,C-BebPFDRI44,100,,,,6,6,0,2,0,0,0,2,0,2,0,0,0,0,0,0,0,0,0,0,0,0,0,0,1500,21/05/2025 15:58,Wet_Season
a776d2f2-f911-412b-a32c-4297bc9dee75,C-BebV2NQN47,,100,,,8,4,0,2,0,0,2,2,0,0,0,0,0,0,0,0,0,0,0,0,0,2,0,0,1500,21/05/2025 15:58,Wet_Season
e45fdaaa-5b15-4da9-8a1d-779d98a20e67,C-Kir2QAEJ11,100,,,,6,6,0,2,0,0,0,2,0,2,0,0,0,0,0,0,0,0,0,0,0,0,0,0,1500,21/05/2025 15:58,Wet_Season
828d3a58-46e7-4044-846b-582b472eed84,C-Beb2G9O907,,100,,,8,4,0,2,0,0,2,2,0,0,0,0,0,0,0,0,0,0,0,0,0,2,0,0,1500,21/05/2025 16:01,Wet_Season
59fddaae-9e67-4c1c-bf49-5b9daa8b9f82,C-Beb3TWJY32,100,,,,6,6,0,2,0,0,0,2,0,2,0,0,0,0,0,0,0,0,0,0,0,0,0,0,1500,21/05/2025 16:02,Wet_Season
41780a7d-839a-48d5-8a7a-89ce6e189a78,C-Beb5EEGS34,,100,,,8,4,0,2,0,0,2,2,0,0,0,0,0,0,0,0,0,0,0,0,0,2,0,0,1500,21/05/2025 16:22,Wet_Season
588e0adc-f6e2-4885-9cf6-b4b2d6bfb7d3,C-Beb70CWI48,,100,,,8,4,0,2,0,0,2,2,0,0,0,0,0,0,0,0,0,0,0,0,0,2,0,0,1500,21/05/2025 16:22,Wet_Season
d06d22c6-1012-4e7c-855f-adf9398c2d1c,C-Beb8XHSP24,100,,,,6,6,0,2,0,0,0,2,0,2,0,0,0,0,0,0,0,0,0,0,0,0,0,0,1500,21/05/2025 16:22,Wet_Season
51a2417d-21ac-4e83-890f-42adf4aea9f6,C-BebBAYYH08,,100,,,8,4,0,2,0,0,2,2,0,0,0,0,0,0,0,0,0,0,0,0,0,2,0,0,1500,21/05/2025 16:22,Wet_Season
8a8ae2f6-3490-4756-ae40-bb3bd193bb03,C-BebD9Z1I40,100,,,,6,6,0,2,0,0,0,2,0,2,0,0,0,0,0,0,0,0,0,0,0,0,0,0,1500,21/05/2025 16:22,Wet_Season
05275787-56d5-44c4-b018-a2908fe29df1,C-BebDE7UZ58,,100,,,8,4,0,2,0,0,2,2,0,0,0,0,0,0,0,0,0,0,0,0,0,2,0,0,1500,21/05/2025 16:22,Wet_Season
67d3ad6a-3c7c-41d1-91fb-9e0fabf63cad,C-BebHNDAR43,100,,,,6,6,0,2,0,0,0,2,0,2,0,0,0,0,0,0,0,0,0,0,0,0,0,0,1500,21/05/2025 16:22,Wet_Season
58a636c0-0b76-47ad-89b9-5e2047f15c6d,C-BebQHUCV54,100,,,,6,6,0,2,0,0,0,2,0,2,0,0,0,0,0,0,0,0,0,0,0,0,0,0,1500,21/05/2025 16:22,Wet_Season
d75ec9f4-3d5a-4872-be34-e5f7d88d3e41,C-BebRQ1BH56,,100,,,8,4,0,2,0,0,2,2,0,0,0,0,0,0,0,0,0,0,0,0,0,2,0,0,1500,21/05/2025 16:22,Wet_Season
34badd70-549a-44ba-a9c2-de9e2bfa64e2,C-BebVR4LO34,,100,,,8,4,0,2,0,0,2,2,0,0,0,0,0,0,0,0,0,0,0,0,0,2,0,0,1500,21/05/2025 16:22,Wet_Season
ce349816-a6f1-4163-a142-3438b4bbd095,C-BebVZ37Y38,,100,,,8,4,0,2,0,0,2,2,0,0,0,0,0,0,0,0,0,0,0,0,0,2,0,0,1500,21/05/2025 16:22,Wet_Season
fc8416b3-6cc4-4af4-b8d1-3eb58f905434,C-BebX5WN014,100,,,,6,6,0,2,0,0,0,2,0,2,0,0,0,0,0,0,0,0,0,0,0,0,0,0,1500,21/05/2025 16:22,Wet_Season
1684a558-067e-4af4-868b-f3e46576576c,C-Beb9PY6P39,100,,,,6,6,0,2,0,0,0,2,0,2,0,0,0,0,0,0,0,0,0,0,0,0,0,0,1500,21/05/2025 16:25,Wet_Season
6325793d-d031-4407-910e-f47dba4ba866,C-GwaKM1SZ50,50,50,,,7,5,0,2,1,0,1,2,0,1,0,0,0,0,0,0,0,0,0,0,0,1,0,0,2,21/05/2025 16:27,Wet_Season
94a3447e-48d4-4c46-be4c-749d0ec7d78d,C-GwaMR9JP46,50,50,,,7,5,0,2,1,0,1,2,0,1,0,0,0,0,0,0,0,0,0,0,0,1,0,0,2,21/05/2025 16:27,Wet_Season
e167d0d5-3f7b-45dd-9007-fa3f14b4d78b,C-GwaQFOQO48,50,50,,,7,5,0,2,1,0,1,2,0,1,0,0,0,0,0,0,0,0,0,0,0,1,0,0,2,21/05/2025 16:27,Wet_Season
997de988-acbe-4b8b-a72d-9d382b67e298,C-GwaQLV4E14,50,50,,,7,5,0,2,1,0,1,2,0,1,0,0,0,0,0,0,0,0,0,0,0,1,0,0,2,21/05/2025 16:27,Wet_Season
c0995457-88ad-445e-a797-a900d03622e1,C-GwaQW8P554,50,50,,,7,5,0,2,1,0,1,2,0,1,0,0,0,0,0,0,0,0,0,0,0,1,0,0,2,21/05/2025 16:27,Wet_Season
45829c30-b32f-4ab2-9439-302e873bae8b,C-GwaRET2Q11,50,50,,,7,5,0,2,1,0,1,2,0,1,0,0,0,0,0,0,0,0,0,0,0,1,0,0,2,21/05/2025 16:27,Wet_Season
4ead9f11-1dc0-4ba2-963a-8aa9e57bf01c,C-GwaS3N2R17,50,50,,,7,5,0,2,1,0,1,2,0,1,0,0,0,0,0,0,0,0,0,0,0,1,0,0,2,21/05/2025 16:27,Wet_Season
3dfc720e-6c5a-4c04-9018-15f0b8cf2b40,C-GwaWTAD448,50,50,,,7,5,0,2,1,0,1,2,0,1,0,0,0,0,0,0,0,0,0,0,0,1,0,0,2,21/05/2025 16:27,Wet_Season
301285fd-f287-43ef-9561-24a402eed2b9,C-BebB63VC44,100,,,,6,6,0,2,0,0,0,2,0,2,0,0,0,0,0,0,0,0,0,0,0,0,0,0,1500,21/05/2025 16:51,Wet_Season
bc289fab-37be-4fb4-a79d-cf1db1ab0db7,C-BebD03GP56,,100,,,8,4,0,2,0,0,2,2,0,0,0,0,0,0,0,0,0,0,0,0,0,2,0,0,1500,21/05/2025 16:51,Wet_Season
fab87498-30ff-45d1-ba4b-5af9bb50e9e5,C-BebDA37H01,100,,,,6,6,0,2,0,0,0,2,0,2,0,0,0,0,0,0,0,0,0,0,0,0,0,0,1500,21/05/2025 16:51,Wet_Season
18ebfeeb-bb75-43d6-9728-1bd8f09e2e67,C-BebED0R320,,100,,,8,4,0,2,0,0,2,2,0,0,0,0,0,0,0,0,0,0,0,0,0,2,0,0,1500,21/05/2025 16:51,Wet_Season
dd46fc7e-554e-4d30-bdd8-6402ab2d7ebf,C-BebH1IRU33,,100,,,8,4,0,2,0,0,2,2,0,0,0,0,0,0,0,0,0,0,0,0,0,2,0,0,1500,21/05/2025 16:51,Wet_Season
d699dfbd-2948-4a70-bc43-5e4b5bce0055,C-BebKI63314,,100,,,8,4,0,2,0,0,2,2,0,0,0,0,0,0,0,0,0,0,0,0,0,2,0,0,1500,21/05/2025 16:51,Wet_Season
58aca2c9-29a3-4862-b657-5145bf1d9062,C-BebKOOPT30,100,,,,6,6,0,2,0,0,0,2,0,2,0,0,0,0,0,0,0,0,0,0,0,0,0,0,1500,21/05/2025 16:51,Wet_Season
9c047a5b-8590-4062-b3bd-058c2d4124da,C-BebLFAI718,,100,,,8,4,0,2,0,0,2,2,0,0,0,0,0,0,0,0,0,0,0,0,0,2,0,0,1500,21/05/2025 16:51,Wet_Season
f490ebe8-aea0-4e30-b6dc-eface445fc29,C-BebLILFW09,100,,,,6,6,0,2,0,0,0,2,0,2,0,0,0,0,0,0,0,0,0,0,0,0,0,0,1500,21/05/2025 16:51,Wet_Season
6b5172cf-b520-4afe-a91a-c42752e07823,C-BebOUBLU07,100,,,,6,6,0,2,0,0,0,2,0,2,0,0,0,0,0,0,0,0,0,0,0,0,0,0,1500,21/05/2025 16:51,Wet_Season
595dfd85-8700-4750-9617-253a7f3f6175,C-BebRB3JN18,,100,,,8,4,0,2,0,0,2,2,0,0,0,0,0,0,0,0,0,0,0,0,0,2,0,0,1500,21/05/2025 16:51,Wet_Season
7166ec0f-7523-4d20-9d2a-c628831c658f,C-BebUEB2W31,100,,,,6,6,0,2,0,0,0,2,0,2,0,0,0,0,0,0,0,0,0,0,0,0,0,0,1500,21/05/2025 16:51,Wet_Season
261b9458-cd80-4cd9-a11a-f8d67171d43c,C-Beb6B5N922,,100,,,8,4,0,2,0,0,2,2,0,0,0,0,0,0,0,0,0,0,0,0,0,2,0,0,1500,21/05/2025 16:56,Wet_Season
08e81622-b216-44e6-90d9-4d48fb19c0c0,C-BebBDKDR53,,100,,,8,4,0,2,0,0,2,2,0,0,0,0,0,0,0,0,0,0,0,0,0,2,0,0,1500,21/05/2025 16:58,Wet_Season
69bf1e90-f8cf-498e-8bfe-89762f260d81,C-BebE7WMK34,,100,,,8,4,0,2,0,0,2,2,0,0,0,0,0,0,0,0,0,0,0,0,0,2,0,0,1500,21/05/2025 16:59,Wet_Season
e7503e55-315c-443f-b57c-dbcdf26503ab,C-BebEEYV554,,100,,,8,4,0,2,0,0,2,2,0,0,0,0,0,0,0,0,0,0,0,0,0,2,0,0,1500,21/05/2025 17:01,Wet_Season
b2499f67-9920-4089-8963-acbbdf373bd1,C-BebEHT5U35,,100,,,8,4,0,2,0,0,2,2,0,0,0,0,0,0,0,0,0,0,0,0,0,2,0,0,1500,21/05/2025 17:04,Wet_Season
bea24314-7c71-45e5-bbdd-a5783197df43,C-BebEM96Y33,100,,,,6,6,0,2,0,0,0,2,0,2,0,0,0,0,0,0,0,0,0,0,0,0,0,0,1500,21/05/2025 17:05,Wet_Season
5372f3be-bed5-491b-b21f-b4f321acfa3e,C-Kag0NTO503,20,,,,4,3,0,0,0,0,0,0,0,0,2,0,0,3,0,0,0,0,2,0,2,0,0,2,0,21/05/2025 17:07,Wet_Season
f562a49f-b608-465a-9ce5-f7cba411019b,C-BebS1O0N55,,100,,,8,4,0,2,0,0,2,2,0,0,0,0,0,0,0,0,0,0,0,0,0,2,0,0,1500,21/05/2025 17:08,Wet_Season
d9c6389b-10e7-4790-8a45-6f6d700ac561,C-Kag2PT7O19,20,,,,4,3,0,0,0,0,0,0,0,0,2,0,0,3,0,0,0,0,2,0,2,0,0,2,0,21/05/2025 17:12,Wet_Season
7ed348d5-5a31-4dbf-a0e7-536dc8a92972,C-Gwa2OL9O13,50,50,,,7,5,0,2,1,0,1,2,0,1,0,0,0,0,0,0,0,0,0,0,0,1,0,0,2,21/05/2025 17:14,Wet_Season
14fa0f56-c565-493f-a484-a349b2a1643e,C-KagTPPPD18,20,,,,4,3,0,0,0,0,0,0,0,0,2,0,0,3,0,0,0,0,2,0,2,0,0,2,0,21/05/2025 17:19,Wet_Season
d60ccefd-e490-4f47-9392-45392eccb7bc,C-BebT33EM57,100,,,,6,6,0,2,0,0,0,2,0,2,0,0,0,0,0,0,0,0,0,0,0,0,0,0,1500,21/05/2025 17:25,Wet_Season
e9b96c5b-478e-4b1d-bac3-f8c301474ad4,C-BebTGCQQ27,100,,,,6,6,0,2,0,0,0,2,0,2,0,0,0,0,0,0,0,0,0,0,0,0,0,0,1500,21/05/2025 17:25,Wet_Season
3d0c7a92-3e9e-4358-bdc1-e7736eb07710,C-BebTGM9L38,,100,,,8,4,0,2,0,0,2,2,0,0,0,0,0,0,0,0,0,0,0,0,0,2,0,0,1500,21/05/2025 17:25,Wet_Season
be6340b9-5074-4ec9-8ebc-e968135a23b8,C-BebU8UJZ53,100,,,,6,6,0,2,0,0,0,2,0,2,0,0,0,0,0,0,0,0,0,0,0,0,0,0,1500,21/05/2025 17:25,Wet_Season
ff7324b8-a2a1-4c01-882b-a8940e8169f8,C-BebVY0GZ07,,100,,,8,4,0,2,0,0,2,2,0,0,0,0,0,0,0,0,0,0,0,0,0,2,0,0,1500,21/05/2025 17:25,Wet_Season
caee5426-2bd8-4a8f-9bbb-82248f7adab5,C-BebY4DOS32,100,,,,6,6,0,2,0,0,0,2,0,2,0,0,0,0,0,0,0,0,0,0,0,0,0,0,1500,21/05/2025 17:25,Wet_Season
2f27f36c-e4bc-470a-8579-27d8f4fb2070,C-Beb4TOR028,,100,,,8,4,0,2,0,0,2,2,0,0,0,0,0,0,0,0,0,0,0,0,0,2,0,0,1500,21/05/2025 18:24,Wet_Season
03851590-50cc-4add-a07f-703cc5d3212a,C-Beb4VFW117,100,,,,6,6,0,2,0,0,0,2,0,2,0,0,0,0,0,0,0,0,0,0,0,0,0,0,1500,21/05/2025 18:24,Wet_Season
1b9f4a3b-e89c-427b-b798-7f0320d5e590,C-BebCQLEU25,,100,,,8,4,0,2,0,0,2,2,0,0,0,0,0,0,0,0,0,0,0,0,0,2,0,0,1500,21/05/2025 18:24,Wet_Season
cc18cf98-34d0-492e-8ccb-107063505b10,C-BebJVQOO19,100,,,,6,6,0,2,0,0,0,2,0,2,0,0,0,0,0,0,0,0,0,0,0,0,0,0,1500,21/05/2025 18:24,Wet_Season
e965e51d-b932-454e-9b62-9601a9900857,C-BebK6UES34,,100,,,8,4,0,2,0,0,2,2,0,0,0,0,0,0,0,0,0,0,0,0,0,2,0,0,1500,21/05/2025 18:24,Wet_Season
b372e181-1f18-4c0a-8a05-34e12c1bf15a,C-BebMVOQ058,100,,,,6,6,0,2,0,0,0,2,0,2,0,0,0,0,0,0,0,0,0,0,0,0,0,0,1500,21/05/2025 18:24,Wet_Season
506c11bd-e12b-4212-b4a6-a8f59a45fb2d,C-BebPSBP609,,100,,,8,4,0,2,0,0,2,2,0,0,0,0,0,0,0,0,0,0,0,0,0,2,0,0,1500,21/05/2025 18:24,Wet_Season
7eb4c904-87e5-4e9c-a706-edf6197dc57f,C-BebQW7D748,100,,,,6,6,0,2,0,0,0,2,0,2,0,0,0,0,0,0,0,0,0,0,0,0,0,0,1500,21/05/2025 18:24,Wet_Season
8dc6d67d-22aa-4b1c-ab34-73002ea75cda,C-BebRWUQ701,,100,,,8,4,0,2,0,0,2,2,0,0,0,0,0,0,0,0,0,0,0,0,0,2,0,0,1500,21/05/2025 18:24,Wet_Season
888b5303-0055-4f19-977e-d6be1dd86e34,C-BebS9C4S28,100,,,,6,6,0,2,0,0,0,2,0,2,0,0,0,0,0,0,0,0,0,0,0,0,0,0,1500,21/05/2025 18:24,Wet_Season
110e5a82-4699-4076-9030-5dfac190f4fc,C-BebSBVX020,,100,,,8,4,0,2,0,0,2,2,0,0,0,0,0,0,0,0,0,0,0,0,0,2,0,0,1500,21/05/2025 18:24,Wet_Season
e91c662c-034a-431c-afc0-5fe16e391c9c,C-BebSTEKV18,100,,,,6,6,0,2,0,0,0,2,0,2,0,0,0,0,0,0,0,0,0,0,0,0,0,0,1500,21/05/2025 18:24,Wet_Season
69843993-fe48-42d7-937a-a65226b79e65,C-BebT15WE57,,100,,,8,4,0,2,0,0,2,2,0,0,0,0,0,0,0,0,0,0,0,0,0,2,0,0,1500,21/05/2025 18:24,Wet_Season
22082411-c343-4ffe-b8f0-4476bcf68740,C-BebXRVVY03,,100,,,8,4,0,2,0,0,2,2,0,0,0,0,0,0,0,0,0,0,0,0,0,2,0,0,1500,21/05/2025 18:24,Wet_Season
619a336b-e3ce-44df-aeac-6479db6790c6,C-BebZXD2225,100,,,,6,6,0,2,0,0,0,2,0,2,0,0,0,0,0,0,0,0,0,0,0,0,0,0,1500,21/05/2025 18:24,Wet_Season
9512c388-ecbd-450e-b73b-53d2380c201a,C-Gwa5LFHA01,50,50,,,7,5,0,2,1,0,0,2,0,1,0,0,0,0,0,0,0,0,0,0,0,1,0,0,2,21/05/2025 19:01,Wet_Season
3b8f847b-1563-4f71-9130-60afa7f0d312,C-Gwa68B6Z52,50,50,,,7,5,0,2,1,0,1,2,0,1,0,0,0,0,0,0,0,0,0,0,0,1,0,0,2,21/05/2025 19:01,Wet_Season
70dc8f66-cac7-4308-a6a3-531836ddf9e9,C-Gwa7HBJ652,50,50,,,7,5,0,2,1,0,1,2,0,1,0,0,0,0,0,0,0,0,0,0,0,1,0,0,2,21/05/2025 19:01,Wet_Season
28e30da9-5932-48bd-bd98-314dbf2909d4,C-GwaBLLA454,50,50,,,7,5,0,2,1,0,1,2,0,0,0,0,0,0,0,0,0,0,0,0,0,1,0,0,2,21/05/2025 19:01,Wet_Season
d36e7cd2-f187-45fb-9ff7-8baa0572c2b6,C-GwaBNZ6532,50,50,,,7,5,0,2,1,0,1,2,0,1,0,0,0,0,0,0,0,0,0,0,0,1,0,0,2,21/05/2025 19:01,Wet_Season
aa8f0d43-939d-467e-b1c2-cecb8e380f18,C-GwaBXT2G28,50,50,,,7,5,0,2,1,0,1,2,0,1,0,0,0,0,0,0,0,0,0,0,0,1,0,0,2,21/05/2025 19:01,Wet_Season
c5cb3e46-9916-4e5c-bddb-40e081f2a45e,C-GwaETQ5M23,50,50,,,7,5,0,2,1,0,1,2,0,1,0,0,0,0,0,0,0,0,0,0,0,1,0,0,2,21/05/2025 19:01,Wet_Season
c3ca31cf-9e22-4a02-ab9e-b1d210d38d22,C-GwaHXH7Q55,50,50,,,7,5,0,2,1,0,1,2,0,1,0,0,0,0,0,0,0,0,0,0,0,1,0,0,2,21/05/2025 19:01,Wet_Season
da8fc819-8b45-4577-96f4-baa782ea2ac1,C-GwaHZ19940,50,50,,,7,5,0,2,1,0,1,2,0,1,0,0,0,0,0,0,0,0,0,0,0,1,0,0,2,21/05/2025 19:04,Wet_Season
67004de6-3a15-4580-ae2f-3469a94fe2bc,C-Beb016J022,100,,,,6,6,0,2,0,0,0,2,0,2,0,0,0,0,0,0,0,0,0,0,0,0,0,0,1500,21/05/2025 19:09,Wet_Season
f7969660-0871-44a6-a720-a551d9b25ad0,C-BebAB8V649,,100,,,8,4,0,2,0,0,2,2,0,0,0,0,0,0,0,0,0,0,0,0,0,2,0,0,1500,21/05/2025 19:09,Wet_Season
e9664208-551e-4b6e-a341-2742a6eddf4f,C-BebAR5T604,100,,,,6,6,0,2,0,0,0,2,0,2,0,0,0,0,0,0,0,0,0,0,0,0,0,0,1500,21/05/2025 19:10,Wet_Season
3fa08b2a-0139-4f44-aef3-0cf52837cdfb,C-BebARX8T50,,100,,,8,4,0,2,0,0,2,2,0,0,0,0,0,0,0,0,0,0,0,0,0,2,0,0,1500,21/05/2025 19:10,Wet_Season
578b577b-87e6-42d7-aa42-3084d9bd3c01,C-BebCV82909,100,,,,6,6,0,2,0,0,0,2,0,2,0,0,0,0,0,0,0,0,0,0,0,0,0,0,1500,21/05/2025 19:10,Wet_Season
03d334bf-4208-4f66-8043-78e3d37aa9a5,C-BebDJLID22,,100,,,8,4,0,2,0,0,2,2,0,0,0,0,0,0,0,0,0,0,0,0,0,2,0,0,1500,21/05/2025 19:10,Wet_Season
51de22e5-a9ed-442c-8773-344ca2203714,C-BebETSRI51,,100,,,8,4,0,2,0,0,2,2,0,0,0,0,0,0,0,0,0,0,0,0,0,2,0,0,1500,21/05/2025 19:10,Wet_Season
a39eefa0-cc28-431a-8618-32b7e78cb682,C-BebF0LSL54,,100,,,8,4,0,2,0,0,2,2,0,0,0,0,0,0,0,0,0,0,0,0,0,2,0,0,1500,21/05/2025 19:10,Wet_Season
fba37f6b-1535-4b5e-8a10-ab3667209cac,C-BebGGTO443,,100,,,8,4,0,2,0,0,2,2,0,0,0,0,0,0,0,0,0,0,0,0,0,2,0,0,1500,21/05/2025 19:10,Wet_Season
e0f8a79b-0b01-4172-bf2c-032d16b59ffc,C-BebHHB7538,,100,,,8,4,0,2,0,0,2,2,0,0,0,0,0,0,0,0,0,0,0,0,0,2,0,0,1500,21/05/2025 19:10,Wet_Season
b6938447-1278-4cd7-bdf2-94c5996e2663,C-BebLX7NB05,100,,,,6,6,0,2,0,0,0,2,0,2,0,0,0,0,0,0,0,0,0,0,0,0,0,0,1500,21/05/2025 19:10,Wet_Season
1027d6a3-9645-4bd8-8bcd-fcd374e1f634,C-BebXATBE47,,100,,,8,4,0,2,0,0,2,2,0,0,0,0,0,0,0,0,0,0,0,0,0,2,0,0,1500,21/05/2025 19:10,Wet_Season
9d68ad56-ce99-4234-a4bc-d3be773f9bea,C-Beb1HCWW38,100,,,,6,6,0,2,0,0,0,2,0,2,0,0,0,0,0,0,0,0,0,0,0,0,0,0,1500,21/05/2025 19:14,Wet_Season
03066eea-0935-4ff1-b93a-a2d3a476f1d8,C-Beb21HQH53,,100,,,8,4,0,2,0,0,2,2,0,0,0,0,0,0,0,0,0,0,0,0,0,2,0,0,100,21/05/2025 19:55,Wet_Season
6eb0fb1d-60c3-4551-946d-194e8094ce4e,C-Beb4R5Y603,100,,,,6,6,0,2,0,0,0,2,0,2,0,0,0,0,0,0,0,0,0,0,0,0,0,0,1500,21/05/2025 19:55,Wet_Season
04182069-d80e-46fd-9e2d-3ac59f1f91f0,C-Beb58LFA34,,100,,,8,4,0,2,0,0,2,2,0,0,0,0,0,0,0,0,0,0,0,0,0,2,0,0,1500,21/05/2025 19:55,Wet_Season
d9eaaec4-c728-42a9-bd82-d20e0e3acfbd,C-Beb5L10X07,,100,,,8,4,0,2,0,0,2,2,0,0,0,0,0,0,0,0,0,0,0,0,0,2,0,0,1500,21/05/2025 19:55,Wet_Season
b8528720-3345-4c17-8e14-c4852ee1dfde,C-Beb5ZZOG54,100,,,,6,6,0,2,0,0,0,2,0,2,0,0,0,0,0,0,0,0,0,0,0,0,0,0,1500,21/05/2025 19:55,Wet_Season
4d13e44c-471b-4d29-993c-2eb7a0683784,C-Beb6G4EU21,,100,,,8,4,0,2,0,0,2,2,0,0,0,0,0,0,0,0,0,0,0,0,0,2,0,0,1500,21/05/2025 19:55,Wet_Season
d7aaffce-ac0c-49e6-b146-77d6f7e309da,C-Beb7MZ1V49,100,,,,6,6,0,2,0,0,0,2,0,2,0,0,0,0,0,0,0,0,0,0,0,0,0,0,1500,21/05/2025 19:55,Wet_Season
4d0f35cf-637d-4f74-85d9-6440925042c0,C-BebB92J522,,100,,,8,4,0,2,0,0,2,2,0,0,0,0,0,0,0,0,0,0,0,0,0,2,0,0,1500,21/05/2025 19:55,Wet_Season
a839dc0e-5309-44a5-b08d-a26e2cedda3d,C-BebD5VNG34,100,,,,6,6,0,2,0,0,0,2,0,2,0,0,0,0,0,0,0,0,0,0,0,0,0,0,1500,21/05/2025 19:55,Wet_Season
479b6f44-11c1-486d-a2c4-7f33c1ee7290,C-BebEIPWQ23,,100,,,8,4,0,2,0,0,2,2,0,0,0,0,0,0,0,0,0,0,0,0,0,2,0,0,1500,21/05/2025 19:55,Wet_Season
8f4a6ee7-6daa-4409-9370-12620eb9576f,C-BebFJ93118,100,,,,6,6,0,2,0,0,0,2,0,2,0,0,0,0,0,0,0,0,0,0,0,0,0,0,1500,21/05/2025 19:56,Wet_Season
7f08213d-24a5-4293-a20f-0816b4cec762,C-BebIAXMZ48,100,,,,6,6,0,2,0,0,0,2,0,2,0,0,0,0,0,0,0,0,0,0,0,0,0,0,1500,21/05/2025 19:56,Wet_Season
dbbd3cd6-ea38-4d4e-9f49-8444a4b04d7d,C-BebICYTG14,,100,,,8,4,0,2,0,0,2,2,0,0,0,0,0,0,0,0,0,0,0,0,0,2,0,0,1500,21/05/2025 19:56,Wet_Season
03dc0b97-a7b4-4a57-8ea5-07983e22b937,C-BebIIQR712,100,,,,6,6,0,2,0,0,0,2,0,2,0,0,0,0,0,0,0,0,0,0,0,0,0,0,1500,21/05/2025 19:56,Wet_Season
a1f7df2a-d0a7-4260-942d-7de641026e96,C-BebIYKBW15,,100,,,8,4,0,2,0,0,2,2,0,0,0,0,0,0,0,0,0,0,0,0,0,2,0,0,1500,21/05/2025 19:56,Wet_Season
5abf5dc3-16f9-40a1-8534-b225d9a99595,C-BebJ39QQ31,100,,,,6,6,0,2,0,0,0,2,0,2,0,0,0,0,0,0,0,0,0,0,0,0,0,0,1500,21/05/2025 19:56,Wet_Season
ba4e1c5d-f1a9-48e5-897b-2b9bdadc6b87,C-BebOGI5R33,100,,,,6,6,0,2,0,0,0,2,0,2,0,0,0,0,0,0,0,0,0,0,0,0,0,0,1500,21/05/2025 19:56,Wet_Season
351496ab-c11a-404d-a601-ef2e6d39194d,C-BebPNWE923,,100,,,8,4,0,2,0,0,2,2,0,0,0,0,0,0,0,0,0,0,0,0,0,2,0,0,1500,21/05/2025 19:56,Wet_Season
0005c3b9-37c1-4bf0-9859-8a97cf21e25d,C-BebQCUFE43,,100,,,8,4,0,2,0,0,2,2,0,0,0,0,0,0,0,0,0,0,0,0,0,2,0,0,1500,21/05/2025 19:56,Wet_Season
94890e8d-bf22-482d-9f20-02f25fb7203a,C-BebQN75X08,100,,,,6,6,0,2,0,0,0,2,0,2,0,0,0,0,0,0,0,0,0,0,0,0,0,0,1500,21/05/2025 19:56,Wet_Season
de80fe6a-0c9d-4c8a-b8b3-437c1bcfeee9,C-BebQS0RV53,,100,,,8,4,0,2,0,0,2,2,0,0,0,0,0,0,0,0,0,0,0,0,0,2,0,0,1500,21/05/2025 19:56,Wet_Season
7fa7c222-505f-43dc-aae1-25cee2ff81da,C-BebUZP9Z32,100,,,,6,6,0,2,0,0,0,2,0,2,0,0,0,0,0,0,0,0,0,0,0,0,0,0,1500,21/05/2025 19:57,Wet_Season
2f33ebec-439c-4988-ad45-d70ceab73d68,C-BebV0M2L05,,100,,,8,4,0,2,0,0,2,2,0,0,0,0,0,0,0,0,0,0,0,0,0,2,0,0,1500,21/05/2025 19:57,Wet_Season
cfe630bd-19de-4a96-b1e2-740877d1a6d5,C-BebV8AU105,100,,,,6,6,0,2,0,0,0,2,0,2,0,0,0,0,0,0,0,0,0,0,0,0,0,0,1500,21/05/2025 19:57,Wet_Season
1425b395-9e9b-402d-9531-ab83b42fe090,C-BebWJWIV30,100,,,,6,6,0,2,0,0,0,2,0,2,0,0,0,0,0,0,0,0,0,0,0,0,0,0,1500,21/05/2025 19:57,Wet_Season
bf30d404-9889-46a3-8bf1-2c5fb2e95fa4,C-BebWU29153,,100,,,8,4,0,2,0,0,2,2,0,0,0,0,0,0,0,0,0,0,0,0,0,2,0,0,1500,21/05/2025 19:57,Wet_Season
3cecc5b6-c753-48cc-a164-f302b741a8de,C-BebX0EU718,100,,,,6,6,0,2,0,0,0,2,0,2,0,0,0,0,0,0,0,0,0,0,0,0,0,0,1500,21/05/2025 19:57,Wet_Season
4b09bc2b-f19f-4857-98ef-b21ea90f93d6,C-BebYPJNX39,100,,,,6,6,0,2,0,0,0,2,0,2,0,0,0,0,0,0,0,0,0,0,0,0,0,0,1500,21/05/2025 19:57,Wet_Season
1db25d9b-7ae9-44d0-830b-12cd857907a3,C-BebZXUS815,,100,,,8,4,0,2,0,0,2,2,0,0,0,0,0,0,0,0,0,0,0,0,0,2,0,0,1500,21/05/2025 19:58,Wet_Season
5a9f9afa-305a-4278-8b1e-e38eb6e14dc9,C-Bau607M806,100,,,,6,6,0,2,0,0,0,0,0,2,0,0,0,0,0,0,0,0,0,0,0,0,0,0,1.5,21/05/2025 20:10,Wet_Season
33a8af6f-1165-4b9b-96ea-aec4031e6090,C-Bau83JCI47,100,,,,6,6,0,2,0,0,0,0,0,2,0,0,0,0,0,0,0,0,0,0,0,0,0,0,2,21/05/2025 20:10,Wet_Season
bd16dc4d-9c64-49de-b2e9-ab3058cec380,C-BauB1ED632,100,,,,6,6,0,2,0,0,0,0,0,2,0,0,0,0,0,0,0,0,0,0,0,0,0,0,1.5,21/05/2025 20:10,Wet_Season
bc07b6f3-8ec2-4c2d-ae3f-9b27deec6289,C-BauQO5GJ03,100,,,,6,6,0,4,0,0,0,0,0,2,0,0,0,0,0,0,0,0,0,0,0,0,0,0,1.5,21/05/2025 20:10,Wet_Season
389308e4-c965-4fb7-bdb4-c09a05ed5b50,C-BauRR5ZM14,100,,,,6,6,0,4,0,0,0,0,0,2,0,0,0,0,0,0,0,0,0,0,0,0,0,0,1.5,21/05/2025 20:10,Wet_Season
43dce949-1cd8-4a4c-95cc-445e96596a4d,C-BauTKZ5454,100,,,,6,6,0,2,0,0,0,0,0,2,0,0,0,0,0,0,0,0,0,0,0,0,0,0,2,21/05/2025 20:10,Wet_Season
0ceaa160-0241-45a0-9e3c-f3b05823f3b2,C-BauUQ4AC01,100,,,,6,6,0,2,0,0,0,0,0,2,0,0,0,0,0,0,0,0,0,0,0,0,0,0,1.5,21/05/2025 20:10,Wet_Season
dfaf7b05-a7de-4e2d-8a59-e92ca25e2732,C-BauVWU6S37,100,,,,6,6,0,2,0,0,0,0,0,2,0,0,0,0,0,0,0,0,0,0,0,0,0,0,1.5,21/05/2025 20:10,Wet_Season
8a44cb2e-7954-4169-ae3a-31f1cf6eae72,C-Bau4PIE229,100,,,,6,6,0,2,0,0,0,0,0,2,0,0,0,0,0,0,0,0,0,0,0,0,0,0,1.5,21/05/2025 20:10,Wet_Season
1d6defde-973a-45d8-8a97-75e7ba319545,C-BauWVQWJ15,100,,,,6,6,0,2,0,0,0,0,0,2,0,0,0,0,0,0,0,0,0,0,0,0,0,0,1.5,21/05/2025 20:10,Wet_Season
2a7bf984-4d40-4513-8ab3-da9220d65d64,C-Bau0BZNV17,100,,,,6,6,0,2,0,0,0,0,0,2,0,0,0,0,0,0,0,0,0,0,0,0,0,0,1.5,21/05/2025 20:10,Wet_Season
9cc8796e-340f-4e65-a66c-442fa57f0055,C-Bau9K3Y938,100,,,,6,6,0,2,0,0,0,0,0,2,0,0,0,0,0,0,0,0,0,0,0,0,0,0,1.5,21/05/2025 20:10,Wet_Season
299f2b65-2a77-4d2f-b1b8-c92cd6331c82,C-BauHAHX754,100,,,,6,6,0,2,0,0,0,0,0,2,0,0,0,0,0,0,0,0,0,0,0,0,0,0,1.5,21/05/2025 20:10,Wet_Season
48f07afe-f8d3-455b-af10-147826faf1cc,C-BauID8S736,100,,,,6,6,0,2,0,0,0,0,0,2,0,0,0,0,0,0,0,0,0,0,0,0,0,0,1.5,21/05/2025 20:10,Wet_Season
3caa6410-837d-4a35-918e-ad4a355d7d47,C-BauRFD6K35,100,,,,6,6,0,2,0,0,0,0,0,2,0,0,0,0,0,0,0,0,0,0,0,0,0,0,1.5,21/05/2025 20:10,Wet_Season
1daf6351-574c-4088-9067-a7694e63ebc5,C-BauUGYKW33,100,,,,6,6,0,2,0,0,0,0,0,2,0,0,0,0,0,0,0,0,0,0,0,0,0,0,1.5,21/05/2025 20:10,Wet_Season
15641d87-9c9c-492e-bb67-6fa2e88c41c8,C-BauGYC7V57,100,,,,6,6,0,2,0,0,0,0,0,2,0,0,0,0,0,0,0,0,0,0,0,0,0,0,1.5,21/05/2025 20:10,Wet_Season
40121cee-1042-43a3-81ba-bf7cab036bc6,C-Bau31R2027,100,,,,6,6,0,2,0,0,0,0,0,2,0,0,0,0,0,0,0,0,0,0,0,0,0,0,1.5,21/05/2025 20:10,Wet_Season
da010e6d-1d11-41f1-886c-878f15642c69,C-Bau7DL1N10,100,,,,6,6,0,2,0,0,0,0,0,2,0,0,0,0,0,0,0,0,0,0,0,0,0,0,1.5,21/05/2025 20:10,Wet_Season
6beee730-b500-4ac4-8b48-6f576ed56f10,C-Bau9AMEW56,100,,,,6,6,0,2,0,0,0,0,0,2,0,0,0,0,0,0,0,0,0,0,0,0,0,0,1.5,21/05/2025 20:10,Wet_Season
2719088f-c9f9-4c8c-8f4a-815cc4437e9f,C-BauE895V58,100,,,,6,6,0,2,0,0,0,0,0,2,0,0,0,0,0,0,0,0,0,0,0,0,0,0,1.5,21/05/2025 20:10,Wet_Season
c37960c8-57de-4fb7-9a70-1e5f045b44e1,C-BauFGCSL37,100,,,,6,6,0,2,0,0,0,0,0,2,0,0,0,0,0,0,0,0,0,0,0,0,0,0,1.5,21/05/2025 20:10,Wet_Season
23f201c8-445a-451b-8d33-733ebe86a5cc,C-BauHNCR038,100,,,,6,2,0,2,0,0,0,0,0,2,0,0,0,0,0,0,0,0,0,0,0,0,0,0,1.5,21/05/2025 20:10,Wet_Season
c0c74243-c01f-45b7-811f-5fd5de88f996,C-JahCCUWM46,,50,,,8,6,0,2,0,0,2,2,0,0,0,0,0,0,0,0,0,0,0,0,0,2,0,0,3,21/05/2025 20:14,Wet_Season
46a28d89-4c7a-4e25-91d4-6c9fcf54243f,C-KagCPMWW45,,50,,,4,3,0,0,0,0,0,0,0,0,0,0,0,0,0,0,0,0,0,2,2,0,125,2,0,21/05/2025 20:15,Wet_Season
203ebd93-72c8-48a7-bbbd-bd9221ef04f2,C-JahJ4VHF38,50,,,,6,4,0,0,2,0,0,2,0,2,0,0,0,0,0,0,0,0,0,0,0,0,0,0,3,21/05/2025 20:27,Wet_Season
21c4b0e9-9ea3-4d1d-ba74-d888ecb532ce,C-Kag0D8P535,20,,,,4,3,0,0,0,0,0,0,0,0,2,0,0,5,0,0,0,0,2,0,2,0,0,2,0,21/05/2025 20:33,Wet_Season
c798060d-68e9-4ca6-a3fa-c88af9093404,C-BauRH3BF18,100,,,,6,6,0,2,0,0,0,0,0,2,0,0,0,0,0,0,0,0,0,0,0,0,0,0,1.5,21/05/2025 20:36,Wet_Season
da143591-95b9-4dbb-905b-5f064fd79075,C-BauSJO3N50,100,,,,6,6,0,2,0,0,0,0,0,2,0,0,0,0,0,0,0,0,0,0,0,0,0,0,1.5,21/05/2025 20:36,Wet_Season
79c962c6-3b34-4c48-a70a-1aa7330904f9,C-BauTKO4820,100,,,,6,6,0,2,0,0,0,0,0,2,0,0,0,0,0,0,0,0,0,0,0,0,0,0,1.5,21/05/2025 20:36,Wet_Season
50481287-a0c5-4c6b-9395-24ba222e3692,C-BauWMONS21,100,,,,6,6,0,2,0,0,0,0,0,2,0,0,0,0,0,0,0,0,0,0,0,0,0,0,1.5,21/05/2025 20:36,Wet_Season
ef914101-01ac-4eff-8ba4-ef2c81421bcc,C-JahSVGFY09,50,,,,6,4,0,0,2,0,0,2,0,2,0,0,0,0,0,0,0,0,0,0,0,0,0,0,3,21/05/2025 20:44,Wet_Season
0af84021-9afb-4905-a802-745f692ba95b,C-Jah1306830,50,,,,6,4,0,0,2,0,0,2,0,2,0,0,0,0,0,0,0,0,0,0,0,0,0,0,3,21/05/2025 21:02,Wet_Season
da8877df-32c2-46f6-838e-41b98a316ab2,C-Jah6BLHQ25,50,,,,6,4,0,0,2,0,0,2,0,2,0,0,0,0,0,0,0,0,0,0,0,0,0,0,3,21/05/2025 21:03,Wet_Season
3e3f8f44-12ed-45e3-817b-9e391abf279a,C-Jah7PE2X29,,50,,,8,4,0,2,0,0,2,2,0,0,0,0,0,0,0,0,0,0,0,0,0,2,0,0,3,21/05/2025 21:07,Wet_Season
f7873719-ed5b-4b58-9dd3-8e1b11032416,C-Beb0DQZE27,100,,,,6,6,0,2,0,0,0,2,0,2,0,0,0,0,0,0,0,0,0,0,0,0,0,0,1500,21/05/2025 21:10,Wet_Season
a7ba0fcd-caac-4aab-b36e-1053a674cf62,C-Beb225KG19,,100,,,8,4,0,2,0,0,2,2,0,0,0,0,0,0,0,0,0,0,0,0,0,2,0,0,1500,21/05/2025 21:11,Wet_Season
3ed01a2d-a8e6-4e95-8cdb-a49981e780e0,C-Beb3D6ON06,100,,,,6,6,0,2,0,0,0,2,0,2,0,0,0,0,0,0,0,0,0,0,0,0,0,0,1500,21/05/2025 21:11,Wet_Season
d884286f-fba1-4802-8825-3bb288202f66,C-Beb8RBQ649,,100,,,8,4,0,2,0,0,2,2,0,0,0,0,0,0,0,0,0,0,0,0,0,2,0,0,1500,21/05/2025 21:11,Wet_Season
7c505a25-5587-4784-a3be-fd1660fbc628,C-BebAS3RH36,100,,,,6,6,0,2,0,0,0,2,0,2,0,0,0,0,0,0,0,0,0,0,0,0,0,0,1500,21/05/2025 21:11,Wet_Season
c975fcb0-8a47-4f02-ac44-b427bfe2f6d5,C-BebFIHBG06,,100,,,8,4,0,2,0,0,2,2,0,0,0,0,0,0,0,0,0,0,0,0,0,2,0,0,1500,21/05/2025 21:12,Wet_Season
ec54cedb-deac-4d59-8b47-20d3c17e7fea,C-BebGB4IJ25,100,,,,6,6,0,2,0,0,0,2,0,2,0,0,0,0,0,0,0,0,0,0,0,0,0,0,1500,21/05/2025 21:12,Wet_Season
44e9497d-e097-468a-a18b-c0bb754db7c0,C-BebHC94R10,,100,,,8,4,0,2,0,0,2,2,0,0,0,0,0,0,0,0,0,0,0,0,0,2,0,0,1500,21/05/2025 21:12,Wet_Season
ea9b32bc-26c5-4652-875d-13ee3046f478,C-BebJ6I9U57,100,,,,6,6,0,2,0,0,0,2,0,2,0,0,0,0,0,0,0,0,0,0,0,0,0,0,1500,21/05/2025 21:12,Wet_Season
a1019e2d-d231-44a3-860d-bc7313a4ba32,C-BebJZ6B329,,100,,,8,4,0,2,0,0,2,2,0,0,0,0,0,0,0,0,0,0,0,0,0,2,0,0,1500,21/05/2025 21:12,Wet_Season
ab24883f-8a0b-4451-9698-bd1736693034,C-BebK9C7U38,100,,,,6,6,0,2,0,0,0,2,0,2,0,0,0,0,0,0,0,0,0,0,0,0,0,0,1500,21/05/2025 21:12,Wet_Season
3124eb6b-983c-439a-b038-0e63362238aa,C-BebMGYJJ52,,100,,,8,4,0,2,0,0,2,2,0,0,0,0,0,0,0,0,0,0,0,0,0,2,0,0,1500,21/05/2025 21:12,Wet_Season
8a8ecf2e-d518-4c9f-a971-f9670b9fbdab,C-BebNQ2MY41,,100,,,8,4,0,2,0,0,2,2,0,0,0,0,0,0,0,0,0,0,0,0,0,2,0,0,1500,21/05/2025 21:12,Wet_Season
31559b8b-c92a-403b-9d98-5aa7713aaaca,C-BebS6Q1705,100,,,,6,6,0,2,0,0,0,2,0,2,0,0,0,0,0,0,0,0,0,0,0,0,0,0,1500,21/05/2025 21:12,Wet_Season
a50bb95e-2f28-4ef0-a0d1-4a1def07a586,C-BebVYWQI07,,100,,,8,4,0,2,0,0,2,2,0,0,0,0,0,0,0,0,0,0,0,0,0,2,0,0,1500,21/05/2025 21:12,Wet_Season
c27cca9a-b49f-4e1f-8390-edadd4133956,C-Beb8PE1Z40,100,,,,6,6,0,2,0,0,0,2,0,2,0,0,0,0,0,0,0,0,0,0,0,0,0,0,1500,21/05/2025 21:16,Wet_Season
bb832916-116a-4ca9-ab45-1b77f545c29a,C-BebEELQV43,,100,,,8,4,0,2,0,0,2,2,0,0,0,0,0,0,0,0,0,0,0,0,0,2,0,0,1500,21/05/2025 21:18,Wet_Season
defb173b-e829-4de9-82f0-1783aba0c3cc,C-BebGGR0746,100,,,,6,6,0,2,0,0,0,2,0,2,0,0,0,0,0,0,0,0,0,0,0,0,0,0,1500,21/05/2025 21:20,Wet_Season
443fcd59-8973-4164-83f7-420d8fbfe765,C-BebIMC0J47,,100,,,8,4,0,2,0,0,2,2,0,0,0,0,0,0,0,0,0,0,0,0,0,2,0,0,1500,21/05/2025 21:22,Wet_Season
9c9fb2a1-494d-4552-b136-516987fa302e,C-BebJGIPE03,100,,,,6,6,0,2,0,0,0,2,0,2,0,0,0,0,0,0,0,0,0,0,0,0,0,0,1500,21/05/2025 21:23,Wet_Season
cbce55d6-d9fd-4d0f-b957-4e38876153f5,C-BebJNPND52,,100,,,8,4,0,2,0,0,2,2,0,0,0,0,0,0,0,0,0,0,0,0,0,2,0,0,1500,21/05/2025 21:25,Wet_Season
d2ed57a5-6257-4691-a968-a91b03566c4c,C-BebKXYY656,100,,,,6,6,0,2,0,0,0,2,0,2,0,0,0,0,0,0,0,0,0,0,0,0,0,0,1500,21/05/2025 21:27,Wet_Season
d229c4ae-5381-4577-ba04-d5df544088eb,C-BebNVSIN27,,100,,,8,4,0,2,0,0,2,2,0,0,0,0,0,0,0,0,0,0,0,0,0,2,0,0,1500,21/05/2025 21:30,Wet_Season
f67e0124-4544-45da-abcb-dc66fc38b704,C-BebOZCB100,100,,,,6,6,0,2,0,0,0,2,0,2,0,0,0,0,0,0,0,0,0,0,0,0,0,0,1500,21/05/2025 21:33,Wet_Season
62a1d5a4-4220-46e3-ba14-e8c1a0a5d2e3,C-BebRMV5132,,100,,,8,4,0,2,0,0,2,2,0,0,0,0,0,0,0,0,0,0,0,0,0,2,0,0,1500,21/05/2025 21:35,Wet_Season
3992833b-0c59-4154-868d-62ff1f138905,C-BebTH6CY30,100,,,,6,6,0,2,0,0,0,2,0,2,0,0,0,0,0,0,0,0,0,0,0,0,0,0,1500,21/05/2025 21:37,Wet_Season
5bf8eac6-155b-4f2d-99d6-636ace60c37b,C-BebTI11N13,,100,,,8,4,0,2,0,0,2,2,0,0,0,0,0,0,0,0,0,0,0,0,0,2,0,0,1500,21/05/2025 21:39,Wet_Season
7dbe27b1-6e45-4443-963f-ee501341942e,C-Tar1A7Z819,,50,,,4,3,0,0,0,0,0,0,0,0,0,0,0,0,0,0,0,0,0,2,0.5,0,125,2,0,21/05/2025 21:40,Wet_Season
8489e1cb-4294-44d2-924e-80fab35fecf7,C-Jab9QBQ933,,50,,,4,3,0,0,0,0,0,0,0,0,0,0,0,0,0,0,0,0,0,2,2,0,5,2,0,21/05/2025 21:41,Wet_Season
f34408c8-45ec-4258-bd70-b376fabd645d,C-JabQQENO11,,50,,,4,3,0,0,0,0,0,0,0,0,0,0,0,0,0,0,0,0,0,2,2,0,5,2,0,21/05/2025 21:41,Wet_Season
6d03ff16-90f7-4a0a-8222-4104530994cc,C-Jab9H1WP39,,50,,,4,3,0,0,0,0,0,0,0,0,0,0,0,0,0,0,0,0,0,2,2,0,5,2,0,21/05/2025 21:41,Wet_Season
297e90e6-8616-4f7a-9293-06a431720ec8,C-JabSA96T01,,50,,,4,3,0,0,0,0,0,0,0,0,0,0,0,0,0,0,0,0,0,2,2,0,5,2,0,21/05/2025 21:41,Wet_Season
eada629c-0c21-46cb-9682-008209859ccf,C-JabSWZG455,,50,,,4,3,0,0,0,0,0,0,0,0,0,0,0,0,0,0,0,0,0,2,2,0,5,2,0,21/05/2025 21:41,Wet_Season
7ac509a1-b135-4f28-9628-86bae5938467,C-JabCEJQ129,,50,,,4,3,0,0,0,0,0,0,0,0,0,0,0,0,0,0,0,0,0,2,2,0,5,2,0,21/05/2025 21:41,Wet_Season
19751143-bb74-4ac5-9285-193c0b42779b,C-Jab576JQ12,,50,,,4,3,0,0,0,0,0,0,0,0,0,0,0,0,0,0,0,0,0,2,2,0,5,2,0,21/05/2025 21:41,Wet_Season
254d10f9-a876-4353-8438-341519a82c8f,C-JabS0DTY18,20,,,,4,3,0,0,0,0,0,0,0,0,2,0,0,3,0,0,0,0,2,0,2,0,0,2,0,21/05/2025 21:41,Wet_Season
f4403df6-6788-4666-8e10-2e979b1f1d35,C-Jab5TEHK30,20,,,,4,3,0,0,0,0,0,0,0,0,2,0,0,3,0,0,0,0,2,0,2,0,0,2,0,21/05/2025 21:41,Wet_Season
1ae6d87e-4fd4-4432-a87d-43c78f8f341c,C-Jab097JW22,20,,,,4,3,0,0,0,0,0,0,0,0,2,0,0,3,0,0,0,0,2,0,2,0,0,2,0,21/05/2025 21:41,Wet_Season
02130fe4-3196-4aaa-8b1d-614e6052585e,C-JabX5XJ901,20,,,,4,3,0,0,0,0,0,0,0,0,2,0,0,3,0,0,0,0,2,0,2,0,0,2,0,21/05/2025 21:41,Wet_Season
17367d18-b8b2-4dca-ab58-280918167435,C-JabUMD4602,20,,,,4,3,0,0,0,0,0,0,0,0,2,0,0,3,0,0,0,0,2,0,2,0,0,2,0,21/05/2025 21:41,Wet_Season
d7b4f05e-4707-48de-a4f1-36a0c946f511,C-BebXV9NI24,100,,,,6,6,0,2,0,0,0,2,0,2,0,0,0,0,0,0,0,0,0,0,0,0,0,0,1500,21/05/2025 21:41,Wet_Season
72ac54f3-7fbf-4353-97ee-5ece4c77d45e,C-BebYOJQB05,100,,,,6,6,0,2,0,0,0,2,0,2,0,0,0,0,0,0,0,0,0,0,0,0,0,0,1500,21/05/2025 21:43,Wet_Season
c8b5e49c-511a-4afe-bac6-62657b598f58,C-BebZ09U016,,100,,,8,4,0,2,0,0,2,2,0,0,0,0,0,0,0,0,0,0,0,0,0,2,0,0,1500,21/05/2025 21:45,Wet_Season
26131bce-a48b-40de-b168-00c653348dda,C-TarQHQMB29,,50,,,4,3,0,0,0,0,0,0,0,0,0,0,0,0,0,0,0,0,0,2,0.5,0,125,2,0,21/05/2025 21:49,Wet_Season
ff5dfde7-8a4d-4a21-b80e-c949cee9f20f,C-TarV41MX20,,50,,,4,3,0,0,0,0,0,0,0,0,0,0,0,0,0,0,0,0,0,2,0.5,0,125,2,0,21/05/2025 21:56,Wet_Season
b7c80df5-52ff-4328-b2f2-1469617c230e,C-Beb0P7EV00,100,,,,6,6,0,2,0,0,0,2,0,2,0,0,0,0,0,0,0,0,0,0,0,0,0,0,1500,21/05/2025 21:57,Wet_Season
4fb27865-65bc-4b2b-9772-a5eda3df60c3,C-Beb1691H53,100,,,,6,6,0,2,0,0,0,2,0,2,0,0,0,0,0,0,0,0,0,0,0,0,0,0,1500,21/05/2025 21:59,Wet_Season
d0a9c517-d3e8-4d88-837b-c42530c27130,C-Gan1ONFS33,100,,,,6,6,0,2,0,0,0,0,0,2,0,0,0,0,0,0,0,0,0,0,0,0,0,0,1.5,21/05/2025 22:00,Wet_Season
ba874f21-b4b7-4b2d-aca6-eb29456439d6,C-Gan89PWW59,100,,,,6,6,0,2,0,0,0,0,0,2,0,0,0,0,0,0,0,0,0,0,0,0,0,0,1.5,21/05/2025 22:00,Wet_Season
ba10ca86-e9a4-4c91-9298-1072da65ec6e,C-Gan9H3AS09,100,,,,6,6,0,2,0,0,0,0,0,2,0,0,0,0,0,0,0,0,0,0,0,0,0,0,1.5,21/05/2025 22:00,Wet_Season
9a0a05d4-309a-4d82-94f4-cf2f1077ccbc,C-GanCULQF11,100,,,,6,6,0,2,0,0,0,0,0,2,0,0,0,0,0,0,0,0,0,0,0,0,0,0,1.5,21/05/2025 22:00,Wet_Season
e4198903-9159-4c8b-9940-1e82f325bf62,C-Beb1EWLB52,,100,,,8,4,0,2,0,0,2,2,0,0,0,0,0,0,0,0,0,0,0,0,0,2,0,0,1500,21/05/2025 22:02,Wet_Season
3c11c824-5aae-450f-ae1d-7273f2569100,C-GanEP2AV01,100,,,,6,6,0,2,0,0,0,0,0,2,0,0,0,0,0,0,0,0,0,0,0,0,0,0,1.5,21/05/2025 22:03,Wet_Season
7eb6b904-eb36-4308-a53d-45d7506335dd,C-Beb682AJ16,100,,,,6,6,0,2,0,0,0,2,0,2,0,0,0,0,0,0,0,0,0,0,0,0,0,0,1500,21/05/2025 22:04,Wet_Season
33d94276-645c-4f1c-be1d-9ad0718636c6,C-GanK5FY425,100,,,,6,6,0,2,0,0,0,0,0,0.5,0,0,0,0,0,0,0,0,0,0,0,0,0,0,1.5,21/05/2025 22:05,Wet_Season
f21bf257-0a5e-4dcd-a347-cd54b9f01a64,C-Beb7PC9U38,,100,,,8,4,0,2,0,0,2,2,0,0,0,0,0,0,0,0,0,0,0,0,0,2,0,0,1500,21/05/2025 22:06,Wet_Season
7c3ea77c-f265-4fb7-939e-3759acd4d39b,C-TarPNCO357,,50,,,4,3,0,0,0,0,0,0,0,0,0,0,0,0,0,0,0,0,0,2,0.5,0,125,2,0,21/05/2025 22:07,Wet_Season
b1fdb4d2-7487-4286-8932-8e5da28fb39d,C-Beb8G7AV31,100,,,,6,6,0,2,0,0,0,2,0,2,0,0,0,0,0,0,0,0,0,0,0,0,0,0,1500,21/05/2025 22:08,Wet_Season
197ab903-47ae-4cde-8338-ac04f7d00fa9,C-BebA54SZ27,,100,,,8,4,0,2,0,0,2,2,0,0,0,0,0,0,0,0,0,0,0,0,0,2,0,0,1500,21/05/2025 22:10,Wet_Season
084046d8-30e9-4e5a-8390-72f19c94a22e,C-JahC8AF743,100,,,,6,6,0,2,0,0,0,2,0,2,0,0,0,0,0,0,0,0,0,0,0,0,0,0,1.5,21/05/2025 22:11,Wet_Season
e9af1f61-8149-481c-b853-4d95a8214d43,C-JahWPTTE38,,100,,,8,4,0,2,0,0,2,2,0,0,0,0,0,0,0,0,0,0,0,0,0,2,0,0,1.5,21/05/2025 22:11,Wet_Season
fa556c6d-095c-45a1-aa20-7eb992a4dc62,C-Jah3X6N538,100,,,,6,6,0,2,0,0,0,2,0,2,0,0,0,0,0,0,0,0,0,0,0,0,0,0,1.5,21/05/2025 22:11,Wet_Season
c0e4587c-91ff-4e39-b59c-c6c4d5898ce9,C-Jah485ZT27,,100,,,8,4,0,2,0,0,2,2,0,0,0,0,0,0,0,0,0,0,0,0,0,2,0,0,1.5,21/05/2025 22:11,Wet_Season
24e6b3ce-8ed0-4c31-9c21-f94c3a5ebb54,C-JahN5M3Y00,100,,,,6,6,0,2,0,0,0,2,0,2,0,0,0,0,0,0,0,0,0,0,0,0,0,0,1.5,21/05/2025 22:11,Wet_Season
aaf1003d-61ed-435d-9354-4e6c8cf38fb2,C-JahUFABI58,,100,,,8,4,0,2,0,0,2,2,0,0,0,0,0,0,0,0,0,0,0,0,0,2,0,0,1.5,21/05/2025 22:11,Wet_Season
5b6421d8-e06f-4359-ad1f-d59ca0ee996c,C-JahX9EB238,100,,,,6,6,0,2,0,0,0,2,0,2,0,0,0,0,0,0,0,0,0,0,0,0,0,0,1.5,21/05/2025 22:11,Wet_Season
c7601e8c-60d0-469d-9542-f472b0a7a62e,C-JahU4R1V53,,100,,,8,4,0,2,0,0,2,2,0,0,0,0,0,0,0,0,0,0,0,0,0,2,0,0,1.5,21/05/2025 22:11,Wet_Season
425e8e18-ee88-40d9-b835-95ab3f5df556,C-JahUB43V08,,100,,,8,4,0,2,0,0,2,2,0,0,0,0,0,0,0,0,0,0,0,0,0,2,0,0,1.5,21/05/2025 22:11,Wet_Season
d9938c72-eded-4ee9-959c-cd974e8671b7,C-JahCSKJB23,100,,,,6,6,0,2,0,0,0,2,0,2,0,0,0,0,0,0,0,0,0,0,0,0,0,0,1.5,21/05/2025 22:11,Wet_Season
76fd2bf3-d200-49a3-9e2d-30391de98c07,C-JahHOP0R30,,100,,,8,4,0,2,0,0,2,2,0,0,0,0,0,0,0,0,0,0,0,0,0,2,0,0,1.5,21/05/2025 22:11,Wet_Season
940cfc83-31b9-4a84-8898-fd01286f8a53,C-JahTI5BI37,,100,,,8,4,0,2,0,0,2,2,0,0,0,0,0,0,0,0,0,0,0,0,0,2,0,0,1.5,21/05/2025 22:11,Wet_Season
580094ee-b2f1-4b2e-b108-9066774bd40b,C-JahA7IL932,100,,,,6,6,0,2,0,0,0,2,0,2,0,0,0,0,0,0,0,0,0,0,0,0,0,0,1.5,21/05/2025 22:11,Wet_Season
8f52a66c-be6c-430f-bd36-da72a065c005,C-JahCORIX21,100,,,,6,6,0,2,0,0,0,2,0,2,0,0,0,0,0,0,0,0,0,0,0,0,0,0,1.5,21/05/2025 22:12,Wet_Season
df8f013a-48fc-4225-8b87-c90f73cd2941,C-Jah1E60150,100,,,,6,6,0,2,0,0,0,2,0,2,0,0,0,0,0,0,0,0,0,0,0,0,0,0,1.5,21/05/2025 22:12,Wet_Season
03030e85-4cc0-40ae-9f75-bbc705cd361c,C-Jah543PA17,100,,,,6,6,0,2,0,0,0,2,0,2,0,0,0,0,0,0,0,0,0,0,0,0,0,0,1.5,21/05/2025 22:12,Wet_Season
415b99d9-0c10-497e-ad4c-5de347d845ad,C-JahRWP5C14,,100,,,8,4,0,2,0,0,2,2,0,0,0,0,0,0,0,0,0,0,0,0,0,2,0,0,1.5,21/05/2025 22:12,Wet_Season
8f2bf4dd-e491-402a-a3f0-a846905bd19a,C-Jah3XJCS35,,100,,,8,4,0,2,0,0,2,2,0,0,0,0,0,0,0,0,0,0,0,0,0,2,0,0,1.5,21/05/2025 22:12,Wet_Season
47fb6aee-3b63-480c-829e-0add029b2edd,C-JahHI5AC44,100,,,,6,6,0,2,0,0,0,2,0,2,0,0,0,0,0,0,0,0,0,0,0,0,0,0,1.5,21/05/2025 22:12,Wet_Season
fd6c3369-1c65-476a-b337-1b8d3276509f,C-JahGD9Y939,100,,,,6,6,0,2,0,0,0,2,0,2,0,0,0,0,0,0,0,0,0,0,0,0,0,0,1.5,21/05/2025 22:12,Wet_Season
4d4a95e5-6fb0-4feb-8c64-0f690911f6da,C-JahP7SVS01,,100,,,8,4,0,2,0,0,2,2,0,0,0,0,0,0,0,0,0,0,0,0,0,2,0,0,1.5,21/05/2025 22:12,Wet_Season
dc50937a-24dd-4ade-b75e-5fd258c14375,C-JahAFEV518,,100,,,8,4,0,2,0,0,0,2,0,0,0,0,0,0,0,0,0,0,0,0,0,2,0,0,1.5,21/05/2025 22:12,Wet_Season
fe794ed0-b74b-400f-80b7-6db1318257a7,C-JahHSQM826,100,,,,6,6,0,2,0,0,0,2,0,2,0,0,0,0,0,0,0,0,0,0,0,0,0,0,1.5,21/05/2025 22:12,Wet_Season
ab655073-7603-4442-9f84-14b69dc29ea2,C-JahVXZ5633,100,,,,6,6,0,2,0,0,0,2,0,2,0,0,0,0,0,0,0,0,0,0,0,0,0,0,1.5,21/05/2025 22:12,Wet_Season
dc6d0ab8-3483-44bd-bc29-59f147df0f36,C-JahY63NM44,100,,,,6,6,0,2,0,0,0,2,0,2,0,0,0,0,0,0,0,0,0,0,0,0,0,0,1.5,21/05/2025 22:12,Wet_Season
a502f878-8286-4b7f-8787-bca164780d43,C-JahKXRX002,100,,,,6,6,0,2,0,0,0,2,0,2,0,0,0,0,0,0,0,0,0,0,0,0,0,0,1.5,21/05/2025 22:12,Wet_Season
8bcbddee-e1b0-4605-b6f4-67635bc669e4,C-Jah65JW804,,100,,,8,4,0,2,0,0,2,2,0,0,0,0,0,0,0,0,0,0,0,0,0,2,0,0,1.5,21/05/2025 22:12,Wet_Season
d3755704-60d9-4898-9e44-2f3e6b8d9cc2,C-JahRKIZQ36,100,,,,6,6,0,2,0,0,0,2,0,2,0,0,0,0,0,0,0,0,0,0,0,0,0,0,1.5,21/05/2025 22:12,Wet_Season
cd9ed2eb-060e-4866-81c0-7770885b1acc,C-JahZYOCP45,,100,,,8,4,0,2,0,0,2,2,0,0,0,0,0,0,0,0,0,0,0,0,0,2,0,0,1.5,21/05/2025 22:12,Wet_Season
37077160-fd39-4e91-9a5e-47d74621843b,C-JahXICDC01,,100,,,8,4,0,2,0,0,2,2,0,0,0,0,0,0,0,0,0,0,0,0,0,2,0,0,1.5,21/05/2025 22:12,Wet_Season
6452255c-3a54-44a7-969c-3a0c9acecba4,C-JahLNZN616,100,,,,6,6,0,2,0,0,0,2,0,2,0,0,0,0,0,0,0,0,0,0,0,0,0,0,1.5,21/05/2025 22:12,Wet_Season
9428aec0-afa5-4421-bf71-fb1ecc430adb,C-Jah49KDZ52,,100,,,8,4,0,2,0,0,2,2,0,0,0,0,0,0,0,0,0,0,0,0,0,2,0,0,1.5,21/05/2025 22:12,Wet_Season
bf5dd04c-3103-458b-b0d8-07f263af18e6,C-Jah9ZAVW03,,100,,,8,4,0,2,0,0,2,2,0,0,0,0,0,0,0,0,0,0,0,0,0,2,0,0,1.5,21/05/2025 22:12,Wet_Season
8aef5233-9ee9-411f-abdc-2cedf4df58a0,C-JahVDW3O42,100,,,,6,6,0,2,0,0,0,2,0,2,0,0,0,0,0,0,0,0,0,0,0,0,0,0,1.5,21/05/2025 22:12,Wet_Season
2cd82b29-fd9c-4c7f-9e31-ba42eb2c697a,C-JahWSP8O47,100,,,,6,6,0,2,0,0,0,2,0,2,0,0,0,0,0,0,0,0,0,0,0,0,0,0,1.5,21/05/2025 22:12,Wet_Season
9b060d11-1fbb-4b3c-9d59-f1dca09e670f,C-JahT99F014,100,,,,6,6,0,2,0,0,0,2,0,2,0,0,0,0,0,0,0,0,0,0,0,0,0,0,1.5,21/05/2025 22:12,Wet_Season
c0782541-9419-40ce-ad9e-182ade2834bf,C-JahYS7O719,,100,,,8,4,0,2,0,0,2,0,0,0,0,0,0,0,0,0,0,0,0,0,0,2,0,0,1.5,21/05/2025 22:12,Wet_Season
7cb24e9e-0d56-4c9f-a52b-e50ee781bdca,C-Jah5W3IJ27,100,,,,6,6,0,2,0,0,0,2,0,2,0,0,0,0,0,0,0,0,0,0,0,0,0,0,1.5,21/05/2025 22:12,Wet_Season
7658ea04-195e-4639-a526-30038964b1bf,C-JahR6IO715,,100,,,8,4,0,2,0,0,2,2,0,0,0,0,0,0,0,0,0,0,0,0,0,2,0,0,1.5,21/05/2025 22:12,Wet_Season
6f2c5306-72ec-434e-a391-f6b9e48dff6c,C-Jah9RMVF13,,100,,,8,4,0,2,0,0,2,2,0,0,0,0,0,0,0,0,0,0,0,0,0,2,0,0,1.5,21/05/2025 22:12,Wet_Season
d0fe7532-d85f-4927-be8f-d4c0676b6d68,C-JahPPOJX14,100,,,,6,6,0,2,0,0,0,2,0,2,0,0,0,0,0,0,0,0,0,0,0,0,0,0,1.5,21/05/2025 22:12,Wet_Season
047edaa4-646a-4865-b167-226fd0c1b395,C-JahOLY7Z38,,100,,,8,4,0,2,0,0,2,2,0,0,0,0,0,0,0,0,0,0,0,0,0,2,0,0,1.5,21/05/2025 22:12,Wet_Season
a6b4b08a-9719-4529-93e8-f28963d7841f,C-JahXDUIL31,,100,,,8,4,0,2,0,0,2,2,0,0,0,0,0,0,0,0,0,0,0,0,0,2,0,0,1.5,21/05/2025 22:12,Wet_Season
85676304-0e7b-4a27-af84-d9909445c54d,C-Jah8PHK316,100,,,,6,6,0,2,0,0,0,2,0,2,0,0,0,0,0,0,0,0,0,0,0,0,0,0,1.5,21/05/2025 22:12,Wet_Season
0f6ad008-73cd-41bf-9321-67eed79ecb59,C-Jah8HMPT40,100,,,,6,6,0,2,0,0,0,2,0,2,0,0,0,0,0,0,0,0,0,0,0,0,0,0,1.5,21/05/2025 22:12,Wet_Season
ae3b3602-3077-45f9-bbf4-2ed8cdf66d8b,C-JahTSW6401,,100,,,8,4,0,2,0,0,2,2,0,0,0,0,0,0,0,0,0,0,0,0,0,2,0,0,1.5,21/05/2025 22:12,Wet_Season
163b1829-6cd1-4af8-b075-5f3fc89722eb,C-JahV8ZHN35,,100,,,8,4,0,0,0,0,2,2,0,0,0,0,0,0,0,0,0,0,0,0,0,2,0,0,1.5,21/05/2025 22:12,Wet_Season
9fef4c2b-af92-4214-9a6e-9af27b044af3,C-JahRSYW912,100,,,,6,6,0,2,0,0,0,2,0,2,0,0,0,0,0,0,0,0,0,0,0,0,0,0,1.5,21/05/2025 22:12,Wet_Season
17ddf69e-408d-43b2-aebf-e05866715092,C-JahK38H347,100,,,,6,6,0,2,0,0,0,2,0,2,0,0,0,0,0,0,0,0,0,0,0,0,0,0,1.5,21/05/2025 22:12,Wet_Season
cc6e329c-e30e-4878-b6d7-1174402eb09e,C-JahRTN7U09,100,,,,6,6,0,2,0,0,0,2,0,2,0,0,0,0,0,0,0,0,0,0,0,0,0,0,1.5,21/05/2025 22:13,Wet_Season
e51757d4-f750-4e97-916c-e04da2de1464,C-JahG2A5U08,,100,,,8,4,0,2,0,0,2,2,0,0,0,0,0,0,0,0,0,0,0,0,0,2,0,0,1.5,21/05/2025 22:13,Wet_Season
3b2e2c94-de5c-4642-b872-d056b8f313af,C-JahUO1LD21,100,,,,6,6,0,2,0,0,0,2,0,2,0,0,0,0,0,0,0,0,0,0,0,0,0,0,1.5,21/05/2025 22:13,Wet_Season
98b13704-bbff-4661-953f-a6906a313c12,C-JahKK1NV23,,100,,,8,4,0,2,0,0,2,2,0,0,0,0,0,0,0,0,0,0,0,0,0,2,0,0,1.5,21/05/2025 22:13,Wet_Season
05c2f0d0-b991-47f5-9a7a-2de72601289d,C-JahDE0BX14,100,,,,6,6,0,2,0,0,0,2,0,2,0,0,0,0,0,0,0,0,0,0,0,0,0,0,1.5,21/05/2025 22:13,Wet_Season
d1b033d5-48d4-4e57-b9ab-b6596583bddb,C-JahGR2NN46,,100,,,8,4,0,2,0,0,2,2,0,0,0,0,0,0,0,0,0,0,0,0,0,2,0,0,1.5,21/05/2025 22:13,Wet_Season
59455b0b-cfef-4220-a088-744ddc5f4f11,C-Jah5SEX047,100,,,,6,6,0,2,0,0,0,2,0,0,0,0,0,0,0,0,0,0,0,0,0,0,0,0,1.5,21/05/2025 22:13,Wet_Season
f6df35fa-2d25-44aa-b6d5-aa8b0c7c1128,C-JahFGDXM27,,100,,,8,4,0,2,0,0,2,2,0,0,0,0,0,0,0,0,0,0,0,0,0,2,0,0,1.5,21/05/2025 22:13,Wet_Season
306bf650-7ee0-49b3-ab92-4ea38877e061,C-Jah2WAI130,100,,,,6,6,0,2,0,0,0,2,0,2,0,0,0,0,0,0,0,0,0,0,0,0,0,0,1.5,21/05/2025 22:13,Wet_Season
2392ff5a-55b2-4e9e-acc8-ff532f004aac,C-Jah3S51Z14,100,,,,6,6,0,2,0,0,0,0,0,2,0,0,0,0,0,0,0,0,0,0,0,0,0,0,1.5,21/05/2025 22:13,Wet_Season
a07cc56b-fd76-430f-8e68-08cbaa2815f2,C-JahCYKWA42,,100,,,8,4,0,2,0,0,2,2,0,0,0,0,0,0,0,0,0,0,0,0,0,2,0,0,1.5,21/05/2025 22:13,Wet_Season
37fe4afa-f2fa-4f6c-96aa-41b5b148803e,C-JahEG29321,100,,,,6,6,0,2,0,0,0,2,0,2,0,0,0,0,0,0,0,0,0,0,0,0,0,0,1.5,21/05/2025 22:13,Wet_Season
9a6e8174-6a16-446f-95d0-a009a5b3c915,C-JahJQ00604,,100,,,8,4,0,2,0,0,2,2,0,0,0,0,0,0,0,0,0,0,0,0,0,2,0,0,1.5,21/05/2025 22:13,Wet_Season
0189fd58-af67-48b7-b634-7ea4f3bf7944,C-JahJJ67245,100,,,,6,6,0,2,0,0,0,2,0,2,0,0,0,0,0,0,0,0,0,0,0,0,0,0,1.5,21/05/2025 22:13,Wet_Season
728ccc72-5d13-4f7b-bec8-99fb546cf1b3,C-JahVKAUL07,100,,,,6,6,0,2,0,0,0,2,0,2,0,0,0,0,0,0,0,0,0,0,0,0,0,0,1.5,21/05/2025 22:13,Wet_Season
5e3ca01e-c755-488f-9af4-f7b109cfb9ee,C-JahEDI5752,,100,,,8,4,0,2,0,0,2,2,0,0,0,0,0,0,0,0,0,0,0,0,0,2,0,0,1.5,21/05/2025 22:13,Wet_Season
5a02cd61-12ae-4095-84f4-88b2dee6004c,C-Jah4ZMXG38,100,,,,6,6,0,2,0,0,0,2,0,2,0,0,0,0,0,0,0,0,0,0,0,0,0,0,1.5,21/05/2025 22:13,Wet_Season
93a83401-57a4-48a7-a350-27717e919e2e,C-JahJTPPH21,,100,,,8,4,0,2,0,0,2,2,0,0,0,0,0,0,0,0,0,0,0,0,0,2,0,0,1.5,21/05/2025 22:13,Wet_Season
65e3c0b0-30ba-42df-b00c-b8cb7051f5b2,C-JahSFSVI07,100,,,,6,6,0,2,0,0,0,2,0,2,0,0,0,0,0,0,0,0,0,0,0,0,0,0,1.5,21/05/2025 22:13,Wet_Season
9a4a73a1-3fea-4c2b-aad9-a98ea758455e,C-JahVY4ZT46,100,,,,6,6,0,2,0,0,0,2,0,2,0,0,0,0,0,0,0,0,0,0,0,0,0,0,1.5,21/05/2025 22:13,Wet_Season
ffb2be48-e3a9-44c3-b86d-11347f963caa,C-JahU8RHZ47,,100,,,8,4,0,2,0,0,2,2,0,0,0,0,0,0,0,0,0,0,0,0,0,2,0,0,1.5,21/05/2025 22:13,Wet_Season
1689a2b3-8d2f-4e09-b17a-785cc4e1bf55,C-JahZ5GQ527,100,,,,6,6,0,2,0,0,0,2,0,2,0,0,0,0,0,0,0,0,0,0,0,0,0,0,1.5,21/05/2025 22:13,Wet_Season
7c231df7-ec78-441c-8d31-ed028e95b0b4,C-Jah02N5123,100,,,,6,6,0,2,0,0,0,2,0,2,0,0,0,0,0,0,0,0,0,0,0,0,0,0,1.5,21/05/2025 22:13,Wet_Season
3a337abf-6c17-4616-9286-7a7787f5fab4,C-JahA1PJN27,,100,,,8,4,0,2,0,0,2,2,0,0,0,0,0,0,0,0,0,0,0,0,0,2,0,0,1.5,21/05/2025 22:13,Wet_Season
a865f2b4-3bb2-4578-bd2e-5a60797f7d0b,C-JahYGAFM27,,,,,6,6,0,2,0,0,0,2,0,2,0,0,0,0,0,0,0,0,0,0,0,0,0,0,1.5,21/05/2025 22:13,Wet_Season
23983575-2e4b-4c24-91cd-8fbc8084cba3,C-JahLTLWG40,100,,,,6,6,0,2,0,0,0,2,0,2,0,0,0,0,0,0,0,0,0,0,0,0,0,0,1.5,21/05/2025 22:13,Wet_Season
a61ae301-e408-48cc-be71-f03eb9786c06,C-JahLQI8X45,,100,,,8,4,0,2,0,0,2,2,0,0,0,0,0,0,0,0,0,0,0,0,0,2,0,0,1.5,21/05/2025 22:13,Wet_Season
99251472-a0af-418f-b59d-784f4986df04,C-JahI6B8O48,100,,,,6,6,0,2,0,0,0,2,0,2,0,0,0,0,0,0,0,0,0,0,0,0,0,0,1.5,21/05/2025 22:13,Wet_Season
0ecd95ca-71bf-4748-8568-28ffebb18f93,C-JahGA3IG27,,100,,,8,4,0,2,0,0,2,2,0,0,0,0,0,0,0,0,0,0,0,0,0,2,0,0,1.5,21/05/2025 22:13,Wet_Season
9e1c7d7b-2f87-432a-8a23-1940daae8ed6,C-Jah2BWT828,,100,,,8,4,0,0,0,0,2,2,0,0,0,0,0,0,0,0,0,0,0,0,0,2,0,0,1.5,21/05/2025 22:13,Wet_Season
73d8cae4-6d2e-43d1-ad38-71026c915583,C-JahSNNQG21,100,,,,6,6,0,2,0,0,0,2,0,2,0,0,0,0,0,0,0,0,0,0,0,0,0,0,1.5,21/05/2025 22:13,Wet_Season
d81b8af2-a7c5-4faa-931a-e4bae07f4164,C-JahJINDD14,100,,,,6,6,0,2,0,0,0,2,0,2,0,0,0,0,0,0,0,0,0,0,0,0,0,0,1.5,21/05/2025 22:13,Wet_Season
b6fd4a91-7ed1-46d2-b214-735495f185cb,C-JahC4DOZ27,,100,,,8,4,0,2,0,0,2,2,0,0,0,0,0,0,0,0,0,0,0,0,0,2,0,0,1.5,21/05/2025 22:13,Wet_Season
157198f7-389d-493a-841c-8bdb7b53af6e,C-BebGZCXJ40,,100,,,8,4,0,2,0,0,2,2,0,0,0,0,0,0,0,0,0,0,0,0,0,2,0,0,1500,21/05/2025 22:13,Wet_Season
3f821157-2c9d-4acf-9420-6fe500f75b2e,C-JahVG0CR20,100,,,,6,6,0,2,0,0,0,2,0,2,0,0,0,0,0,0,0,0,0,0,0,0,0,0,1.5,21/05/2025 22:14,Wet_Season
cf2f8776-7a0e-4c51-906c-29b07d1ee780,C-BebH96QZ54,100,,,,6,6,0,2,0,0,0,2,0,2,0,0,0,0,0,0,0,0,0,0,0,0,0,0,1500,21/05/2025 22:14,Wet_Season
94a2e684-13d8-4392-aa5d-5b9811cd0464,C-JahMJQUV06,100,,,,6,6,0,2,0,0,0,2,0,2,0,0,0,0,0,0,0,0,0,0,0,0,0,0,1.5,21/05/2025 22:14,Wet_Season
7d727aa5-46eb-48e6-9b6b-77fb5b3d05e4,C-JahWAQ2H57,,100,,,8,4,0,2,0,0,2,2,0,0,0,0,0,0,0,0,0,0,0,0,0,2,0,0,1.5,21/05/2025 22:14,Wet_Season
b55a23e9-c3f8-4680-a8c5-70efc58d5240,C-BebJQTSZ08,,100,,,8,4,0,2,0,0,2,2,0,0,0,0,0,0,0,0,0,0,0,0,0,2,0,0,1500,21/05/2025 22:16,Wet_Season
328b222e-78a9-4785-b4d4-4f26e3bcb5f2,C-BebMIU4R00,100,,,,6,6,0,2,0,0,0,2,0,2,0,0,0,0,0,0,0,0,0,0,0,0,0,0,1500,21/05/2025 22:18,Wet_Season
3ea3ecf9-007c-4821-9636-f6dcd09abed6,C-BebN2AFK16,,100,,,8,4,0,2,0,0,2,2,0,0,0,0,0,0,0,0,0,0,0,0,0,2,0,0,1500,21/05/2025 22:19,Wet_Season
11f1782e-a5b8-4166-b0c3-cb04e7894467,C-BebNQQ0W20,100,,,,6,6,0,2,0,0,0,2,0,2,0,0,0,0,0,0,0,0,0,0,0,0,0,0,1500,21/05/2025 22:21,Wet_Season
1820a650-4d35-454e-9354-b47ec38b6df1,C-BebZBKA621,,100,,,8,4,0,2,0,0,2,2,0,0,0,0,0,0,0,0,0,0,0,0,0,2,0,0,1500,21/05/2025 22:23,Wet_Season
dc9bcb0a-9c37-4e9a-9bb5-835a07b6f3f5,C-Tar3ZEL329,,50,,,4,3,0,0,0,0,0,0,0,0,0,0,0,0,0,0,0,0,0,2,0.5,0,125,2,0,21/05/2025 22:23,Wet_Season
67f6c9b8-fc75-4c68-8dd7-0acab28e3c5e,C-RinEFX7600,100,,,,6,6,0,2,0,0,0,2,0,2,0,0,0,0,0,0,0,0,0,0,0,0,0,0,1.5,21/05/2025 22:23,Wet_Season
f866d6e1-352f-4df9-a7b7-c9ee6ac2865b,C-RinBIAIY43,,100,,,8,4,0,2,0,0,2,2,0,0,0,0,0,0,0,0,0,0,0,0,0,2,0,0,1.5,21/05/2025 22:23,Wet_Season
6ac7d4cd-a780-42e8-9cda-e0ba6171a6f9,C-Rin1QXWI51,100,,,,6,6,0,2,0,0,0,2,0,2,0,0,0,0,0,0,0,0,0,0,0,0,0,0,1.5,21/05/2025 22:23,Wet_Season
5245ef5a-e026-4d71-99ad-231ad36e62ee,C-RinU2CPM59,,100,,,8,4,0,2,0,0,2,2,0,0,0,0,0,0,0,0,0,0,0,0,0,2,0,0,1.5,21/05/2025 22:23,Wet_Season
81186e43-59ca-43af-9717-ac639c558518,C-RinR5MF026,100,,,,6,6,0,2,0,0,0,2,0,2,0,0,0,0,0,0,0,0,0,0,0,0,0,0,1.5,21/05/2025 22:24,Wet_Season
33bb72f4-81f7-4fb8-b45b-b5b4d7482357,C-Rin5H9FD25,100,,,,6,6,0,2,0,0,0,2,0,2,0,0,0,0,0,0,0,0,0,0,0,0,0,0,1.5,21/05/2025 22:24,Wet_Season
35fc56ae-881d-468b-b2a0-15e0d50986ac,C-RinDISWF07,100,,,,6,6,0,2,0,0,0,2,0,2,0,0,0,0,0,0,0,0,0,0,0,0,0,0,1.5,21/05/2025 22:24,Wet_Season
ba9a565f-fa11-4345-9035-8cf95ca268e3,C-RinLEQNE21,100,,,,6,6,0,2,0,0,0,2,0,2,0,0,0,0,0,0,0,0,0,0,0,0,0,0,1.5,21/05/2025 22:24,Wet_Season
cb057ed3-f1ff-49e1-b8c1-c20c9941c511,C-RinKLSQP10,,100,,,8,4,0,2,0,0,2,2,0,0,0,0,0,0,0,0,0,0,0,0,0,2,0,0,1.5,21/05/2025 22:24,Wet_Season
fa8a8f92-1eec-487b-9f69-3ab412ed0602,C-RinFSHZR10,100,,,,6,6,0,2,0,0,0,2,0,2,0,0,0,0,0,0,0,0,0,0,0,0,0,0,1.5,21/05/2025 22:24,Wet_Season
3e889f4c-0908-44c5-98be-bc5eb432f40e,C-RinQR91A38,,100,,,8,4,0,2,0,0,2,2,0,0,0,0,0,0,0,0,0,0,0,0,0,2,0,0,1.5,21/05/2025 22:24,Wet_Season
7b76c6bb-c67e-4d74-ab86-5ff7b1ba82d2,C-RinHI1YP42,,100,,,8,4,0,2,0,0,2,2,0,0,0,0,0,0,0,0,0,0,0,0,0,2,0,0,1.5,21/05/2025 22:24,Wet_Season
f9061e44-4c72-44bc-8a5b-5cbf7c4767c4,C-RinL7OYN21,100,,,,6,6,0,2,0,0,0,2,0,2,0,0,0,0,0,0,0,0,0,0,0,0,0,0,1.5,21/05/2025 22:24,Wet_Season
c473f6e4-6a04-4f3d-aac8-4d219e838690,C-TauYNZ5631,100,,,,6,6,0,2,0,0,0,2,0,2,0,0,0,0,0,0,0,0,0,0,0,0,0,0,1.5,21/05/2025 22:25,Wet_Season
264f466c-38ab-4ece-9633-bf391dd81b53,C-TauUHCXX38,,100,,,8,4,0,0,0,0,2,2,0,0,0,0,0,0,0,0,0,0,0,0,0,2,0,0,1.5,21/05/2025 22:25,Wet_Season
ea9ac918-2873-4d89-b2c1-41154c803474,C-TauVNHKG03,100,,,,6,6,0,0,0,0,0,2,0,2,0,0,0,0,0,0,0,0,0,0,0,0,0,0,1.5,21/05/2025 22:25,Wet_Season
c71715cb-9e68-4151-b55e-1437dfb21947,C-TauVY6UY20,,100,,,8,4,0,2,0,0,2,2,0,0,0,0,0,0,0,0,0,0,0,0,0,2,0,0,1.5,21/05/2025 22:25,Wet_Season
e48575bc-0c21-41dd-8c14-14d35c9fb589,C-TauV32XQ28,,100,,,8,4,0,2,0,0,2,2,0,0,0,0,0,0,0,0,0,0,0,0,0,2,0,0,1.5,21/05/2025 22:25,Wet_Season
bb6889e8-c35e-4f5c-8558-5d50e3d5abc0,C-TauOR77T41,100,,,,6,6,0,0,0,0,0,2,0,2,0,0,0,0,0,0,0,0,0,0,0,0,0,0,1.5,21/05/2025 22:25,Wet_Season
c5ccc540-a140-48f5-93fd-a1754f93ad06,C-GweFNP0M14,,,,,4,3,0,0,0,0,0,0,0,0,0,0,0,0,0,0,0,0,0,2,0.5,0,125,0,0,21/05/2025 22:27,Wet_Season
0f861de9-b5bf-4e28-bee9-5a955d7dc9a9,C-TarPTYO240,,50,,,4,3,0,0,0,0,0,0,0,0,0,0,0,0,0,0,0,0,0,2,0.5,0,125,2,0,21/05/2025 22:31,Wet_Season
2bced8a7-b31e-4260-8bd3-2bfd7f35b225,C-TarWMTLV31,,50,,,4,3,0,0,0,0,0,0,0,0,0,0,0,0,0,0,0,0,0,2,0.5,0,125,2,0,21/05/2025 22:34,Wet_Season
0f0f7373-2adb-49b5-baf4-da5310be90e3,C-Beb0UGSD03,100,,,,6,6,0,2,0,0,0,2,0,2,0,0,0,0,0,0,0,0,0,0,0,0,0,0,1500,21/05/2025 22:51,Wet_Season
93811e2f-3b53-4ad4-a469-8b7bc04540f0,C-Beb4HTAV35,,100,,,8,4,0,2,0,0,2,2,0,0,0,0,0,0,0,0,0,0,0,0,0,2,0,0,1500,21/05/2025 22:51,Wet_Season
1b7eb965-bd4d-4f34-9655-62580a94124c,C-Beb6OFRT42,100,,,,6,6,0,2,0,0,0,2,0,2,0,0,0,0,0,0,0,0,0,0,0,0,0,0,1500,21/05/2025 22:51,Wet_Season
7736a7bc-8f75-477a-8844-485cd28553d1,C-BebL3A4236,,100,,,8,4,0,2,0,0,2,2,0,0,0,0,0,0,0,0,0,0,0,0,0,2,0,0,1500,21/05/2025 22:51,Wet_Season
001021cb-4d40-4f06-8d8f-b64d9dd3f500,C-BebLAYA950,,100,,,8,4,0,2,0,0,2,2,0,0,0,0,0,0,0,0,0,0,0,0,0,2,0,0,1500,21/05/2025 22:51,Wet_Season
99484ca5-8f39-49f8-9d76-1c25fa45952a,C-BebMGRPW17,100,,,,6,6,0,2,0,0,0,2,0,2,0,0,0,0,0,0,0,0,0,0,0,0,0,0,1500,21/05/2025 22:51,Wet_Season
54b946b5-d604-4f43-889e-fa91ff88dcc5,C-BebPV7XO59,,100,,,8,4,0,2,0,0,2,2,0,0,0,0,0,0,0,0,0,0,0,0,0,2,0,0,1500,21/05/2025 22:51,Wet_Season
314fb359-17c3-408d-9619-a8c0fa46c4ed,C-BebX09PH49,100,,,,6,6,0,2,0,0,0,2,0,2,0,0,0,0,0,0,0,0,0,0,0,0,0,0,1500,21/05/2025 22:51,Wet_Season
dd59b9e4-e43a-4909-ab0c-1eb89c3b78b9,C-BebYGZ9645,100,,,,6,6,0,2,0,0,0,2,0,2,0,0,0,0,0,0,0,0,0,0,0,0,0,0,1500,21/05/2025 22:51,Wet_Season
1f26a57a-46c0-44d2-9b8f-834a8a07bb39,C-Kir5HKIM03,,100,,,8,4,0,2,0,0,2,2,0,0,0,0,0,0,0,0,0,0,0,0,0,2,0,0,1500,21/05/2025 22:51,Wet_Season
4796fb90-9e86-4a5d-8eb4-7157f670ed66,C-KirFCPJE07,100,,,,6,6,0,2,0,0,0,2,0,2,0,0,0,0,0,0,0,0,0,0,0,0,0,0,1500,21/05/2025 22:51,Wet_Season
9093b4b0-3a2f-4d24-91e6-38ce5597c178,C-KirYLRP702,100,,,,6,6,0,2,0,0,0,2,0,2,0,0,0,0,0,0,0,0,0,0,0,0,0,0,1500,21/05/2025 22:52,Wet_Season
da5d2a33-32ec-4971-8ea9-8e35f865447a,C-GwaIZ1PW37,50,50,,,7,5,0,2,1,0,1,2,0,1,0,0,0,0,0,0,0,0,0,0,0,1,0,0,2,21/05/2025 22:57,Wet_Season
51580fb3-e891-433c-8e57-996848e05576,C-Beb14VEL49,100,,,,6,6,0,2,0,0,0,2,0,2,0,0,0,0,0,0,0,0,0,0,0,0,0,0,1500,21/05/2025 22:57,Wet_Season
55962267-3b8b-4c14-9c7d-a9cc875d9de8,C-GwaLHU5F18,50,50,,,7,5,0,2,1,0,1,2,0,1,0,0,0,0,0,0,0,0,0,0,0,1,0,0,2,21/05/2025 22:57,Wet_Season
15a7417f-b222-40f5-84e3-0cfaf8fdb69d,C-GwaMUM2W10,50,50,,,7,5,0,2,1,0,1,2,0,1,0,0,0,0,0,0,0,0,0,0,0,1,0,0,2,21/05/2025 22:57,Wet_Season
3ad84a32-073a-4675-a7fd-d0a9cf4274ca,C-GwaP63V626,50,50,,,7,5,0,2,1,0,1,2,0,1,0,0,0,0,0,0,0,0,0,0,0,1,0,0,2,21/05/2025 22:57,Wet_Season
c282562d-ee33-4cf4-a931-13bff632b8a2,C-GwaZHLLU07,50,50,,,7,5,0,2,1,0,1,2,0,1,0,0,0,0,0,0,0,0,0,0,0,1,0,0,2,21/05/2025 22:57,Wet_Season
3380fa02-49bc-4fd1-9563-d98d5d654109,C-Gwa0KZ3M38,50,50,,,7,5,0,2,1,0,1,2,0,1,0,0,0,0,0,0,0,0,0,0,0,1,0,0,2,21/05/2025 22:57,Wet_Season
90b605b9-2bbf-4c1a-9181-cded331ec45d,C-Gwa3GLSM13,50,50,,,7,5,0,2,1,0,1,2,0,1,0,0,0,0,0,0,0,0,0,0,0,1,0,0,2,21/05/2025 22:57,Wet_Season
8d481a28-6866-4119-819b-9d4b59647e64,C-Gwa73ZN002,50,50,,,7,5,0,2,1,0,1,2,0,1,0,0,0,0,0,0,0,0,0,0,0,1,0,0,2,21/05/2025 22:57,Wet_Season
0c9297e2-5794-4085-a2ac-de8fdd25ebe6,C-GwaAQ3ZR54,50,50,,,7,5,0,2,1,0,1,2,0,1,0,0,0,0,0,0,0,0,0,0,0,1,0,0,2,21/05/2025 23:02,Wet_Season
af826c6c-4a0c-4dfe-aff6-fa806024d52b,C-Gwe6YXA412,,50,,,4,3,0,0,0,0,0,0,0,0,0,0,0,0,0,0,0,0,0,2,0,0,125,2,0,21/05/2025 23:45,Wet_Season
5db6e1d2-a955-4094-a6e0-58c70297dc0b,C-GweMTQHJ14,,50,,,4,3,0,0,0,0,0,0,0,0,0,0,0,0,0,0,0,0,0,2,0.5,0,125,2,0,21/05/2025 23:45,Wet_Season
2311f1d7-e3d9-44ec-800d-af83dc18f43d,C-Gwe1MP6W48,,50,,,4,3,0,0,0,0,0,0,0,0,0,0,0,0,0,0,0,0,0,2,0.5,0,125,2,0,21/05/2025 23:45,Wet_Season
5ff054fa-fa1e-40a7-b3df-70f6b5a393f8,C-GweSD3IG50,,50,,,4,3,0,0,0,0,0,0,0,0,0,0,0,0,0,0,0,0,0,2,0.5,0,125,2,0,21/05/2025 23:45,Wet_Season
9e04a86d-78e9-4a2d-a039-71b56e8b88a1,C-GweO9M2834,,50,,,4,3,0,0,0,0,0,0,0,0,0,0,0,0,0,0,0,0,0,2,0.5,0,125,2,0,21/05/2025 23:45,Wet_Season
ad1435de-ea07-4da8-85fb-2e622285d7f4,C-GweEOOQF57,,50,,,4,3,0,0,0,0,0,0,0,0,0,0,0,0,0,0,0,0,0,2,0.5,0,125,2,0,21/05/2025 23:45,Wet_Season
aa8d8786-bf86-402c-bd19-e1ee614d10e9,C-Gwe0SKOH35,,50,,,4,3,0,0,0,0,0,0,0,0,0,0,0,0,0,0,0,0,0,2,0.5,0,125,2,0,21/05/2025 23:45,Wet_Season
55d26773-27a1-452c-8d8b-6a97255377ce,C-Gwe5CDT342,,50,,,4,3,0,0,0,0,0,0,0,0,0,0,0,0,0,0,0,0,0,2,0.5,0,125,2,0,21/05/2025 23:45,Wet_Season
aabdb53c-8d91-40d2-b66f-6a2ad565089d,C-GweLDTLU54,,50,,,4,3,0,0,0,0,0,0,0,0,0,0,0,0,0,0,0,0,0,2,0.5,0,125,2,0,21/05/2025 23:45,Wet_Season
1e8d9ba7-85f8-4867-be4e-1f9a857e879f,C-GweO66I811,,50,,,4,3,0,0,0,0,0,0,0,0,0,0,0,0,0,0,0,0,0,2,0.5,0,125,2,0,21/05/2025 23:45,Wet_Season
183f7364-63f8-4c4a-bf26-66bc71066e6e,C-GweBYI0O31,,50,,,4,3,0,0,0,0,0,0,0,0,0,0,0,0,0,0,0,0,0,2,0.5,0,125,2,0,21/05/2025 23:54,Dry_Season
ff89673e-d1e6-4c66-91fe-553d6d07094e,C-Gwe9WQB432,,50,,,4,3,0,0,0,0,0,0,0,0,0,0,0,0,0,0,0,0,0,2,0.5,0,125,2,0,22/05/2025 00:06,Dry_Season
e7c7045d-05c3-4ddf-891c-cea612ac6496,C-Gwe6NVGR29,,50,,,4,3,0,0,0,0,0,0,0,0,0,0,0,0,0,0,0,0,0,2,0.5,0,125,2,0,22/05/2025 00:24,Wet_Season
b618cb07-b873-4b95-aa0b-0f05009ecd8a,C-GweIXVOC58,,50,,,4,3,0,0,0,0,0,0,0,0,0,0,0,0,0,0,0,0,0,2,0.5,0,125,2,0,22/05/2025 00:35,Wet_Season
cd36d965-e096-41eb-8b16-59e23ab35ed9,C-GweU9SU959,,50,,,4,3,0,0,0,0,0,0,0,0,0,0,0,0,0,0,0,0,0,2,0.5,0,125,2,0,22/05/2025 00:40,Wet_Season
a4abd798-9b3b-4c54-a804-d92417ba3a47,C-GweMIM9120,,50,,,4,3,0,0,0,0,0,0,0,0,0,0,0,0,0,0,0,0,0,2,0.5,0,125,2,0,22/05/2025 00:55,Wet_Season
7cf273f4-7acc-4b74-b5b0-dcdb0bd600b0,C-GweJ8PPC26,,50,,,4,3,0,0,0,0,0,0,0,0,0,0,0,0,0,0,0,0,0,2,0.5,0,125,2,0,22/05/2025 01:03,Wet_Season
0145cb5b-6125-4acc-9dfa-03311f119387,C-GweFLO1N31,,50,,,4,3,0,0,0,0,0,0,0,0,0,0,0,0,0,0,0,0,0,2,0.5,0,125,2,0,22/05/2025 01:19,Wet_Season
3ad90f5f-0f32-4998-986f-62ef4cea0e3c,C-GweS1O5734,,50,,,4,3,0,0,0,0,0,0,0,0,0,0,0,0,0,0,0,0,0,2,0.5,0,125,2,0,22/05/2025 01:25,Wet_Season
8ac59d1e-fc30-4e9b-83f4-fc4ad4fcc7d6,C-GweN0B0Z37,,50,,,4,3,0,0,0,0,0,0,0,0,0,0,0,0,0,0,0,0,0,2,0.5,0,125,2,0,22/05/2025 01:37,Wet_Season
3cdd4feb-a8f3-47ad-a41d-c9d746ea348f,C-GweNYCJT45,,50,,,4,3,0,0,0,0,0,0,0,0,0,0,0,0,0,0,0,0,0,2,0.5,0,125,0.5,0,22/05/2025 01:44,Wet_Season
8380a49f-4ddb-4c8b-9213-bf8e69b954c6,C-Jah7R4RK49,50,,,,6,4,0,0,2,0,0,2,0,2,0,0,0,0,0,0,0,0,0,0,0,0,0,0,3,22/05/2025 03:59,Wet_Season
0fa9c3f8-275e-4bf4-a130-5eb835743a9a,C-TarZQ8IL56,,50,,,4,3,0,0,0,0,0,0,0,0,0,0,0,0,0,0,0,0,0,2,0.5,0,125,2,0,22/05/2025 04:01,Wet_Season
6cc01cf7-99fd-4611-b450-eb59ebdd605f,C-Jah7RMXW43,,50,,,8,4,0,2,0,0,2,2,0,0,0,0,0,0,0,0,0,0,0,0,0,2,0,0,3,22/05/2025 04:02,Wet_Season
2a717543-6ca9-48aa-a13a-385d0470d596,C-TarRKMRM52,,50,,,4,3,0,0,0,0,0,0,0,0,0,0,0,0,0,0,0,0,0,2,0.5,0,125,2,0,22/05/2025 04:07,Wet_Season
30a7895f-d68a-44fa-a49f-62aa55c0f3f5,C-TarK4LUK48,,50,,,4,3,0,0,0,0,0,0,0,0,0,0,0,0,0,0,0,0,0,2,0.5,0,125,2,0,22/05/2025 04:11,Wet_Season
f6eb79a4-0be0-478a-9679-994c29526b40,C-TarMO62434,,50,,,4,3,0,0,0,0,0,0,0,0,0,0,0,0,0,0,0,0,0,2,0.5,0,125,2,0,22/05/2025 04:19,Wet_Season
7a581aa3-c04b-4dce-a072-15136451cb48,C-JahL1I6S57,,50,,,8,4,0,2,0,0,2,2,0,0,0,0,0,0,0,0,0,0,0,0,0,2,0,0,3,22/05/2025 04:22,Wet_Season
c912d4d2-8e98-48bd-bf03-c8d18eb6a593,C-Beb2MFNM44,100,,,,6,6,0,2,0,0,0,2,0,2,0,0,0,0,0,0,0,0,0,0,0,0,0,0,1500,22/05/2025 04:25,Wet_Season
8ddda264-b41f-4554-961e-c27a6ee905e1,C-TarJSFHR31,,50,,,4,3,0,0,0,0,0,0,0,0,0,0,0,0,0,0,0,0,0,2,0.5,0,125,2,0,22/05/2025 04:25,Wet_Season
c4cf6fe3-0dd2-49d8-845e-3c65cd82352b,C-JahODTTK39,,50,,,8,4,0,0,0,0,2,2,0,0,0,0,0,0,0,0,0,0,0,0,0,2,0,0,3,22/05/2025 04:26,Wet_Season
b0cbf0d8-0096-4cf3-b49c-58c3ae33537d,C-Beb6XCUU36,,100,,,8,4,0,2,0,0,2,2,0,0,0,0,0,0,0,0,0,0,0,0,0,2,0,0,1500,22/05/2025 04:27,Wet_Season
511a4f15-21ba-4cba-972c-b98a34d43cd0,C-BebCFCJX36,100,,,,6,6,0,2,0,0,0,2,0,2,0,0,0,0,0,0,0,0,0,0,0,0,0,0,1500,22/05/2025 04:28,Wet_Season
7fb47df1-430d-4f92-abb8-8c9f0ce8c662,C-JahXHLCM49,,50,,,8,4,0,2,0,0,2,2,0,0,0,0,0,0,0,0,0,0,0,0,0,2,0,0,3,22/05/2025 04:30,Wet_Season
2b1cdfd6-0fe1-4996-a02a-e1842cd07473,C-BebHX2FB02,,100,,,8,4,0,2,0,0,2,2,0,0,0,0,0,0,0,0,0,0,0,0,0,2,0,0,1500,22/05/2025 04:30,Wet_Season
73163ba5-d93f-4bc6-af40-1871137b36a6,C-BebNQ9YL07,100,,,,6,6,0,2,0,0,0,2,0,2,0,0,0,0,0,0,0,0,0,0,0,0,0,0,1500,22/05/2025 04:31,Wet_Season
f4fa5882-cb8e-4ede-9be6-187edf96cbfc,C-BebPX0YS40,,100,,,8,4,0,2,0,0,2,2,0,0,0,0,0,0,0,0,0,0,0,0,0,2,0,0,1500,22/05/2025 04:32,Wet_Season
b31d8712-cbab-4165-bd69-bc1c610a3ccc,C-Beb2AALQ14,,100,,,8,4,0,2,0,0,2,2,0,0,0,0,0,0,0,0,0,0,0,0,0,2,0,0,1500,22/05/2025 04:36,Wet_Season
65ea26fd-d7e1-48ce-a084-e5400f7b63c4,C-Beb2HI2T20,100,,,,6,6,0,2,0,0,0,2,0,2,0,0,0,0,0,0,0,0,0,0,0,0,0,0,1500,22/05/2025 04:37,Wet_Season
20d775ee-11a3-4689-86db-532c373476b3,C-Beb7MJ5156,,100,,,8,4,0,2,0,0,2,2,0,0,0,0,0,0,0,0,0,0,0,0,0,2,0,0,1500,22/05/2025 04:39,Wet_Season
0f68e0fd-003a-40b0-ab16-202c25dcb5fb,C-BebA3RBE46,100,,,,6,6,0,2,0,0,0,2,0,2,0,0,0,0,0,0,0,0,0,0,0,0,0,0,1500,22/05/2025 04:40,Wet_Season
f09049ac-ce34-4f93-b8b2-895a89bbf8b1,C-BebAGUA319,,100,,,8,4,0,2,0,0,2,2,0,0,0,0,0,0,0,0,0,0,0,0,0,2,0,0,1500,22/05/2025 04:42,Wet_Season
2ea3b886-bef6-4905-915a-e3f1ca1b3bca,C-BebI1X8V33,100,,,,6,6,0,2,0,0,0,2,0,2,0,0,0,0,0,0,0,0,0,0,0,0,0,0,1500,22/05/2025 04:43,Wet_Season
89cc0034-1be2-479b-8eeb-7775a072c898,C-BebJ705V49,,100,,,8,4,0,2,0,0,2,2,0,0,0,0,0,0,0,0,0,0,0,0,0,2,0,0,1500,22/05/2025 04:44,Wet_Season
d39a3e1d-fa92-415f-9a42-aaf3210cd53a,C-BebKHP2A35,,100,,,8,4,0,2,0,0,2,2,0,0,0,0,0,0,0,0,0,0,0,0,0,2,0,0,1500,22/05/2025 04:46,Wet_Season
0d8bdf38-8232-4dba-86fb-3d4da9a6b933,C-BebQ3EX054,100,,,,6,6,0,2,0,0,0,2,0,2,0,0,0,0,0,0,0,0,0,0,0,0,0,0,1500,22/05/2025 04:47,Wet_Season
ba1025e7-d48a-4a11-ab1c-aef1be60192d,C-JahDVV2X54,,50,,,8,4,0,0,0,0,2,2,0,0,0,0,0,0,0,0,0,0,0,0,0,2,0,0,3,22/05/2025 04:49,Wet_Season
55d67c71-b195-4caa-b7a4-3c2129b17638,C-BebU6ZI842,,100,,,8,4,0,2,0,0,2,2,0,0,0,0,0,0,0,0,0,0,0,0,0,2,0,0,1500,22/05/2025 04:49,Wet_Season
994fa97f-28f8-4606-8fc3-9585b69c7566,C-BebXY27F01,,100,,,8,4,0,2,0,0,2,2,0,0,0,0,0,0,0,0,0,0,0,0,0,2,0,0,1500,22/05/2025 04:50,Wet_Season
8b2923cc-e282-4f26-b044-a7737632d4b8,C-Gwe9BV4F14,,50,,,4,3,0,0,0,0,0,0,0,0,0,0,0,0,0,0,0,0,0,2,0.5,0,125,2,0,22/05/2025 04:51,Wet_Season
6e69ab52-0dc2-4fcf-9229-65a0abfb8bd3,C-BebYNR7247,100,,,,6,6,0,2,0,0,0,2,0,2,0,0,0,0,0,0,0,0,0,0,0,0,0,0,1500,22/05/2025 04:52,Wet_Season
96fece5d-056a-4112-a4b1-48e22d61dc94,C-JahPJD8O57,,50,,,8,4,0,0,0,0,2,2,0,0,0,0,0,0,0,0,0,0,0,0,0,2,0,0,3,22/05/2025 04:53,Wet_Season
e192589c-a69f-4b5f-a9a9-14971d94c68d,C-Beb1J3WL35,100,,,,6,6,0,2,0,0,0,2,0,2,0,0,0,0,0,0,0,0,0,0,0,0,0,0,1500,22/05/2025 04:56,Wet_Season
01e3fe0b-471c-496c-82c8-c289029d4214,C-Beb7P1MJ04,,100,,,8,4,0,2,0,0,2,2,0,0,0,0,0,0,0,0,0,0,0,0,0,2,0,0,1500,22/05/2025 04:57,Wet_Season
d6cfbf9e-7284-4920-828a-9958cfa463f1,C-BebFGRYZ39,100,,,,6,6,0,2,0,0,0,2,0,2,0,0,0,0,0,0,0,0,0,0,0,0,0,0,1500,22/05/2025 04:58,Wet_Season
ea8af0b1-74d0-4ad2-b9e3-437600d47040,C-BebHO6QD41,100,,,,6,6,0,2,0,0,0,2,0,2,0,0,0,0,0,0,0,0,0,0,0,0,0,0,1500,22/05/2025 04:59,Wet_Season
9fd6a6ef-5f84-4c52-80c3-9362eb0641e6,C-BebI2UD922,,100,,,8,4,0,2,0,0,2,2,0,0,0,0,0,0,0,0,0,0,0,0,0,2,0,0,1500,22/05/2025 05:01,Wet_Season
76255e26-5304-4478-a6dc-b95a15c4a781,C-BebJFR9I55,100,,,,6,6,0,2,0,0,0,2,0,2,0,0,0,0,0,0,0,0,0,0,0,0,0,0,1500,22/05/2025 05:02,Wet_Season
4522d252-240b-4aed-9056-87ea222ac55a,C-BebLQTQU02,,100,,,8,4,0,2,0,0,2,2,0,0,0,0,0,0,0,0,0,0,0,0,0,2,0,0,1500,22/05/2025 05:03,Wet_Season
f9075078-f7dc-4ee5-ad0b-c3723d84fabf,C-BebWCEIP30,,100,,,8,4,0,2,0,0,2,2,0,0,0,0,0,0,0,0,0,0,0,0,0,2,0,0,1500,22/05/2025 05:05,Wet_Season
8fc2a97d-25e5-4865-a189-b9d3775a7d51,C-BebXVMLU45,100,,,,6,6,0,2,0,0,0,2,0,2,0,0,0,0,0,0,0,0,0,0,0,0,0,0,1500,22/05/2025 05:06,Wet_Season
d066e04f-2fd5-4e12-89eb-54a9f6878107,C-Beb1XKLS52,100,,,,6,6,0,2,0,0,0,2,0,2,0,0,0,0,0,0,0,0,0,0,0,0,0,0,1500,22/05/2025 06:03,Wet_Season
662b185a-bf27-4329-ac00-b5f33fd6a71a,C-Gwe9UZUT35,,50,,,4,3,0,0,0,0,0,0,0,0,0,0,0,0,0,0,0,0,0,2,0.5,0,125,2,0,22/05/2025 06:16,Wet_Season
b0d98ba9-0cbd-4495-a403-137470c6747f,C-Tar7OQW812,,50,,,4,3,0,0,0,0,0,0,0,0,0,0,0,0,0,0,0,0,0,2,0.5,0,125,2,0,22/05/2025 06:29,Wet_Season
10ecf7e4-b6c1-44ce-b68b-8f6f2b5f9576,C-TarM7KXW49,,50,,,4,3,0,0,0,0,0,0,0,0,0,0,0,0,0,0,0,0,0,2,0.5,0,125,2,0,22/05/2025 06:35,Wet_Season
2283f545-5cce-4cfa-b325-b960130d37b9,C-Kag0YRNQ06,,50,,,4,3,0,0,0,0,0,0,0,0,0,0,0,0,0,0,0,0,0,2,2,0,125,2,0,22/05/2025 06:39,Wet_Season
64cbc05a-1e1d-4afb-bb32-fcec71812b1a,C-Tar0H3UW24,,50,,,4,3,0,0,0,0,0,0,0,0,0,0,0,0,0,0,0,0,0,2,0.5,0,125,2,0,22/05/2025 06:39,Wet_Season
5a5e0686-4d6e-4aa1-934f-2caa0c6631e8,C-Tar34TS109,,50,,,4,3,0,0,0,0,0,0,0,0,0,0,0,0,0,0,0,0,0,2,0.5,0,125,2,0,22/05/2025 06:56,Wet_Season
671f1ccf-472b-45a5-80d2-d4b1adbc87b8,C-TarY2OHJ28,,50,,,4,3,0,0,0,0,0,0,0,0,0,0,0,0,0,0,0,0,0,2,0.5,0,125,2,0,22/05/2025 06:59,Wet_Season
0ab56a9a-43fb-4819-9e54-471afbbf6ccf,C-TarXGS1Y49,,50,,,4,3,0,0,0,0,0,0,0,0,0,0,0,0,0,0,0,0,0,2,0.5,0,125,2,0,22/05/2025 07:02,Wet_Season
2a7c2133-8054-41d2-b6ac-b37937389bf9,C-TarCH4Z600,,50,,,4,3,0,0,0,0,0,0,0,0,0,0,0,0,0,0,0,0,0,2,0.5,0,125,2,0,22/05/2025 07:06,Wet_Season
5c33aea9-13b2-441b-b4bb-ca5bad4b22bd,C-Tar9EHZV51,,50,,,4,3,0,0,0,0,0,0,0,0,0,0,0,0,0,0,0,0,0,2,0.5,0,125,2,0,22/05/2025 07:09,Wet_Season
6170f93e-de4e-48ae-b509-8440a54f188f,C-Kac2IL7W14,,50,,,4,3,0,0,0,0,0,0,0,0,0,0,0,0,0,0,0,0,0,2,2,0,5,2,0,22/05/2025 07:10,Wet_Season
a9b1e394-770d-49bc-a40f-daeeb15cae24,C-TarGZ4MN02,,50,,,4,3,0,0,0,0,0,0,0,0,0,0,0,0,0,0,0,0,0,2,0.5,0,125,2,0,22/05/2025 07:13,Wet_Season
cd5f8e0c-f841-4e70-8695-5e087cd40177,C-TarZHQNP49,,50,,,4,3,0,0,0,0,0,0,0,0,0,0,0,0,0,0,0,0,0,2,0.5,0,125,2,0,22/05/2025 07:18,Wet_Season
1ca30063-76ed-4c3a-b690-723129b36627,C-Kag7BGHP12,20,,,,4,3,0,0,0,0,0,0,0,0,2,0,0,3,0,0,0,0,2,0,2,0,0,2,0,22/05/2025 07:23,Wet_Season
0c4a159b-f35b-4168-bda1-6f475ecd2984,C-Gwe99YY130,,50,,,4,3,0,0,0,0,0,0,0,0,0,0,0,0,0,0,0,0,0,2,0.5,0,125,2,0,22/05/2025 07:37,Wet_Season
17afcfe6-72cb-4a30-9fa8-ad37c2621599,C-GweFCC3740,,50,,,4,3,0,0,0,0,0,0,0,0,0,0,0,0,0,0,0,0,0,2,0.5,0,125,2,0,22/05/2025 07:37,Wet_Season
3c87a0b2-b128-4e88-a8dc-bd816a09ae44,C-GweKQU4X40,,50,,,4,3,0,0,0,0,0,0,0,0,0,0,0,0,0,0,0,0,0,2,0.5,0,125,2,0,22/05/2025 07:37,Wet_Season
a9865953-9f23-4b5a-a8b3-5fcef591835f,C-GweOB6KH30,,50,,,4,3,0,0,0,0,0,0,0,0,0,0,0,0,0,0,0,0,0,2,0.5,0,125,2,0,22/05/2025 07:37,Wet_Season
3e1aa11d-6b5c-43f0-9d62-1ae9cd67c60b,C-GweOLFL011,,50,,,4,3,0,0,0,0,0,0,0,0,0,0,0,0,0,0,0,0,0,2,0.5,0,125,2,0,22/05/2025 07:37,Wet_Season
48eaa750-0412-4a21-8082-ebfc28c62c43,C-GweHKZCZ09,,50,,,4,3,0,0,0,0,0,0,0,0,0,0,0,0,0,0,0,0,0,2,0.5,0,125,2,0,22/05/2025 07:37,Wet_Season
2e429faa-6464-453c-bc74-ea972730720a,C-GwePA5E728,,50,,,4,3,0,0,0,0,0,0,0,0,0,0,0,0,0,0,0,0,0,2,0.5,0,125,2,0,22/05/2025 07:37,Wet_Season
50bd0946-6d4d-4ebd-8281-d97b264cd077,C-GweY6FRR01,,50,,,4,3,0,0,0,0,0,0,0,0,0,0,0,0,0,0,0,0,0,2,0.5,0,125,2,0,22/05/2025 07:37,Wet_Season
2fbf1f5d-3132-4862-856a-b7694d534edb,C-GweSVICL08,,50,,,4,3,0,0,0,0,0,0,0,0,0,0,0,0,0,0,0,0,0,2,0.5,0,125,2,0,22/05/2025 07:37,Wet_Season
6be1335d-3eaa-405d-92cb-107d24df5440,C-KagEMRXW48,20,,,,4,3,0,0,0,0,0,0,0,0,2,0,0,3,0,0,0,0,2,0,2,0,0,2,0,22/05/2025 07:40,Wet_Season
42d238ef-949e-496d-ae2f-bcb9314de409,C-GweA10LD23,,50,,,4,3,0,0,0,0,0,0,0,0,0,0,0,0,0,0,0,0,0,2,0.5,0,125,2,0,22/05/2025 07:41,Wet_Season
35670bdc-87df-4250-a75e-83f37a87fdd9,C-GweLCIX048,,50,,,4,3,0,0,0,0,0,0,0,0,0,0,0,0,0,0,0,0,0,2,0.5,0,125,2,0,22/05/2025 07:41,Wet_Season
0923f2e4-5921-4547-a933-7c42f667b855,C-GweA45U710,,50,,,4,3,0,0,0,0,0,0,0,0,0,0,0,0,0,0,0,0,0,2,0.5,0,125,2,0,22/05/2025 07:41,Wet_Season
3b2981f8-8b19-4c5e-82ce-b410f20cbf98,C-GweIW34G37,,50,,,4,3,0,0,0,0,0,0,0,0,0,0,0,0,0,0,0,0,0,2,0.5,0,125,2,0,22/05/2025 07:41,Wet_Season
05302396-3694-4b13-81c8-58b6ee799fed,C-GweGM59755,,50,,,4,3,0,0,0,0,0,0,0,0,0,0,0,0,0,0,0,0,0,2,0.5,0,125,2,0,22/05/2025 07:41,Wet_Season
46fd5779-f61f-4ce8-9a9d-d9d1725d538b,C-GweMFTWO01,,50,,,4,3,0,0,0,0,0,0,0,0,0,0,0,0,0,0,0,0,0,2,0.5,0,125,2,0,22/05/2025 07:41,Wet_Season
a4319a2e-0c3a-4397-b192-7f478a82fdb6,C-GweLWCIF43,,50,,,4,3,0,0,0,0,0,0,0,0,0,0,0,0,0,0,0,0,0,2,0.5,0,125,2,0,22/05/2025 07:47,Wet_Season
48550410-949a-41e9-8f23-5257bc289b4d,C-GweOB2YM53,,50,,,4,3,0,0,0,0,0,0,0,0,0,0,0,0,0,0,0,0,0,2,0.5,0,125,2,0,22/05/2025 07:52,Wet_Season
645065ff-12ef-455a-baad-db459681b551,C-KagEF89U14,20,,,,3,2,0,0,0,0,0,0,0,0,2,0,0,3,0,0,0,0,2,0,2,0,0,2,0,22/05/2025 07:52,Wet_Season
6a3dd0d9-175e-4bc1-bb42-6afae0dbeeb2,C-KagJIP8Z25,20,,,,4,3,0,0,0,0,0,0,0,0,2,0,0,3,0,0,0,0,2,0,2,0,0,2,0,22/05/2025 07:57,Wet_Season
15fb2040-7e7c-47ea-b01d-feea93f8d148,C-KagT3FXP36,20,,,,4,3,0,0,0,0,0,0,0,0,2,0,0,3,0,0,0,0,2,0,2,0,0,2,0,22/05/2025 08:00,Wet_Season
9bc1584b-dd18-4d42-a334-f0f3bf6e0c5d,C-KagUM80P56,20,,,,4,3,0,0,0,0,0,0,0,0,2,0,0,3,0,0,0,0,2,0,2,0,0,2,0,22/05/2025 08:08,Wet_Season
8d056cf8-5ebb-4189-8afa-1c30ae9327b8,C-Tar1TNPK55,,50,,,4,3,0,0,0,0,0,0,0,0,0,0,0,0,0,0,0,0,0,2,0.5,0,125,2,0,22/05/2025 08:10,Wet_Season
e15c0b21-10a0-4d38-a06e-5597827dd121,C-TarITLI946,,50,,,4,3,0,0,0,0,0,0,0,0,0,0,0,0,0,0,0,0,0,2,0.5,0,125,2,0,22/05/2025 08:13,Wet_Season
e173e5ca-dab2-42f0-b54d-ef2190d1e7c2,C-TarTBJ3K10,,50,,,4,3,0,0,0,0,0,0,0,0,0,0,0,0,0,0,0,0,0,2,0.5,0,125,2,0,22/05/2025 08:16,Wet_Season
3fa25a58-d19e-4640-ac82-d1b13b55a482,C-Kag2EED737,20,,,,4,3,0,0,0,0,0,0,0,0,2,0,0,3,0,0,0,0,2,0,2,0,0,2,0,22/05/2025 08:18,Wet_Season
0ed1691e-3858-4164-b378-b97899b95f50,C-TarU9NZR30,,50,,,4,3,0,0,0,0,0,0,0,0,0,0,0,0,0,0,0,0,0,2,0.5,0,125,2,0,22/05/2025 08:19,Wet_Season
e158f4b7-e3a9-431c-8eb9-810ebaef2ceb,C-TarWI4KT01,,50,,,4,3,0,0,0,0,0,0,0,0,0,0,0,0,0,0,0,0,0,2,0.5,0,125,2,0,22/05/2025 08:24,Wet_Season
1231de91-8e54-49ac-b505-662052c21aa0,C-Tar5FFEL40,,50,,,4,3,0,0,0,0,0,0,0,0,0,0,0,0,0,0,0,0,0,2,0.5,0,125,2,0,22/05/2025 08:25,Wet_Season
01c0dca9-df9d-4825-b7b8-107fabfd6348,C-TarP9LGD19,,50,,,4,3,0,0,0,0,0,0,0,0,0,0,0,0,0,0,0,0,0,2,0.5,0,125,2,0,22/05/2025 08:29,Wet_Season
d11ff41e-b6ce-4257-b90c-b905a0b2682a,C-TarN72XI46,,50,,,4,3,0,0,0,0,0,0,0,0,0,0,0,0,0,0,0,0,0,2,0.5,0,125,2,0,22/05/2025 08:34,Wet_Season
e802e20f-a873-45b9-9280-d3783056a2ab,C-Tar64QD719,,50,,,4,3,0,0,0,0,0,0,0,0,0,0,0,0,0,0,0,0,0,2,0.5,0,125,2,0,22/05/2025 08:37,Wet_Season
a88d20d3-259a-41a5-9178-12bee3c7fdb8,C-KagTJ87T02,20,,,,4,3,0,0,0,0,0,0,0,0,2,0,0,3,0,0,0,0,2,0,2,0,0,2,0,22/05/2025 08:47,Wet_Season
dbbbd826-40c9-4c5c-86ed-01077a83007d,C-GweA6VYJ12,,50,,,4,3,0,0,0,0,0,0,0,0,0,0,0,0,0,0,0,0,0,2,0.5,0,125,2,0,22/05/2025 09:10,Wet_Season
51bb48e5-3ff9-4c1a-b4b5-3f1597f57f71,C-GweL0Z6W47,,50,,,4,3,0,0,0,0,0,0,0,0,0,0,0,0,0,0,0,0,0,2,0.5,0,125,2,0,22/05/2025 09:15,Wet_Season
0beb2f51-6a06-4aa5-b641-508bbd0fadcf,C-GanK8L2Q56,100,,,,6,6,0,2,0,0,0,0,0,2,0,0,0,0,0,0,0,0,0,0,0,0,0,0,1.5,22/05/2025 09:17,Wet_Season
e6b7561e-58d4-4cc6-bafa-ec590babbb6d,C-GanNTBN946,100,,,,6,6,0,2,0,0,0,0,0,1.5,0,0,0,0,0,0,0,0,0,0,0,0,0,0,1.5,22/05/2025 09:17,Wet_Season
c3e16e89-3957-47c4-beac-7eeb35d380e6,C-GanORGZQ41,100,,,,6,6,0,2,0,0,0,0,0,2,0,0,0,0,0,0,0,0,0,0,0,0,0,0,1.5,22/05/2025 09:17,Wet_Season
f9b74b64-4f67-424d-85b0-e95d5b1ba9a8,C-GanSTCTD55,100,,,,6,6,0,2,0,0,0,0,0,2,0,0,0,0,0,0,0,0,0,0,0,0,0,0,1.5,22/05/2025 09:17,Wet_Season
491b6ea9-944f-40f5-b5ab-905eb39737eb,C-Jah6GZMM09,100,,,,6,6,0,2,0,0,0,2,0,0,0,0,0,0,0,0,0,0,0,0,0,0,0,0,1.5,22/05/2025 09:22,Wet_Season
e0820cdd-e93f-4e0c-b1f7-a52acdc2439d,C-Jah8TTSU05,100,,,,6,6,0,2,0,0,0,2,0,0,0,0,0,0,0,0,0,0,0,0,0,0,0,0,1.5,22/05/2025 09:22,Wet_Season
f1e738ac-216d-4747-bef3-2872286b0a7d,C-JahA0Y0145,100,,,,6,6,0,2,0,0,0,2,0,0,0,0,0,0,0,0,0,0,0,0,0,0,0,0,1.5,22/05/2025 09:22,Wet_Season
d7d8f21c-0054-4bd9-a081-17a31b86754f,C-JahA29BB21,100,,,,6,6,0,2,0,0,0,2,0,0,0,0,0,0,0,0,0,0,0,0,0,0,0,0,1.5,22/05/2025 09:22,Wet_Season
1e563f0f-78f3-4da7-8006-f7097957a012,C-JahCTC9T15,60,,,,6,2,0,2,0,0,0,2,0,0,0,0,0,0,0,0,0,0,0,0,0,0,0,0,1.5,22/05/2025 09:22,Wet_Season
7a6b6683-d528-4771-a988-84d3af1095b2,C-JahDO7Q351,100,,,,6,6,0,2,0,0,0,2,0,0,0,0,0,0,0,0,0,0,0,0,0,0,0,0,1.5,22/05/2025 09:22,Wet_Season
1a0aa59e-1264-46c0-a741-ca96d23ef5b0,C-JahHB48736,100,,,,6,6,0,2,0,0,0,2,0,0,0,0,0,0,0,0,0,0,0,0,0,0,0,0,1.5,22/05/2025 09:22,Wet_Season
49fb15d6-babd-4511-98ce-7d8601d2c22f,C-JahIYZED04,100,,,,6,6,0,2,0,0,0,2,0,0,0,0,0,0,0,0,0,0,0,0,0,0,0,0,1.5,22/05/2025 09:22,Wet_Season
2bb8bc31-e53f-448c-a417-cd06114b79fd,C-JahKMTHJ43,100,,,,6,6,0,2,0,0,0,2,0,0,0,0,0,0,0,0,0,0,0,0,0,0,0,0,1.5,22/05/2025 09:22,Wet_Season
63d1a29f-9a3a-4654-b7d0-63c1c2b51932,C-JahLIB2U19,100,,,,6,6,0,2,0,0,0,2,0,0,0,0,0,0,0,0,0,0,0,0,0,0,0,0,1.5,22/05/2025 09:22,Wet_Season
0ae0cb4c-b87b-426e-89a1-2c84f774f52e,C-JahQQAO311,100,,,,6,6,0,2,0,0,0,2,0,0,0,0,0,0,0,0,0,0,0,0,0,0,0,0,1.5,22/05/2025 09:23,Wet_Season
43eb5c3a-b20e-4569-a386-d1ddfc1d85e6,C-Kac9EUYZ35,20,,,,4,3,0,0,0,0,0,0,0,0,2,0,0,3,0,0,0,0,2,0,2,0,0,2,0,22/05/2025 09:27,Wet_Season
d033e061-5d25-44ae-a5f5-d076ab72927d,C-KacG5TSR48,20,,,,4,3,0,0,0,0,0,0,0,0,2,0,0,3,0,0,0,0,2,0,2,0,0,2,0,22/05/2025 09:27,Wet_Season
b3f81247-b251-4fb1-9fe4-cbaf5a126699,C-KacJS82F26,20,,,,4,3,0,0,0,0,0,0,0,0,2,0,0,3,0,0,0,0,2,0,2,0,0,2,0,22/05/2025 09:27,Wet_Season
46b86bfc-7b13-4581-b954-1625b05bdcd8,C-KacG2QT740,20,,,,4,3,0,0,0,0,0,0,0,0,2,0,0,3,0,0,0,0,2,0,2,0,0,2,0,22/05/2025 09:27,Wet_Season
0b77137e-6b95-4de7-9d80-defebdf9a8fc,C-Kac1A1K322,20,,,,4,3,0,0,0,0,0,0,0,0,2,0,0,3,0,0,0,0,2,0,2,0,0,2,0,22/05/2025 09:27,Wet_Season
193bb65d-f0a3-45ad-883f-beeb48352e16,C-KacHBG0C55,20,,,,4,3,0,0,0,0,0,0,0,0,2,0,0,3,0,0,0,0,2,0,2,0,0,2,0,22/05/2025 09:27,Wet_Season
a008f2e3-39c8-4efd-8334-c2e9b916f950,C-GweOV31F43,,50,,,4,3,0,0,0,0,0,0,0,0,0,0,0,0,0,0,0,0,0,2,0.5,0,2500,2,0,22/05/2025 09:32,Wet_Season
9de63544-2b90-4dce-855e-ccedc216d2b5,C-GanXOR0X59,100,,,,6,6,0,2,0,0,0,0,0,2,0,0,0,0,0,0,0,0,0,0,0,0,0,0,1.5,22/05/2025 09:38,Wet_Season
445ac120-3435-4e84-b048-1e1073f1c53f,C-JahSS5TD03,100,,,,6,6,0,2,0,0,0,2,0,0,0,0,0,0,0,0,0,0,0,0,0,0,0,0,1.5,22/05/2025 09:41,Wet_Season
f8ba1ae9-b755-43db-a042-aa300d360afc,C-JahUGAHR10,100,,,,6,6,0,2,0,0,0,2,0,0,0,0,0,0,0,0,0,0,0,0,0,0,0,0,1.5,22/05/2025 09:44,Wet_Season
ca3c759a-2db3-4625-93d7-340625c15478,C-JahVUTB412,100,,,,6,6,0,2,0,0,0,2,0,0,0,0,0,0,0,0,0,0,0,0,0,0,0,0,1.5,22/05/2025 09:46,Wet_Season
dd36428e-d161-4771-a2ab-98a52256d6e1,C-Kac0701Q09,,50,,,4,3,0,0,0,0,0,0,0,0,0,0,0,0,0,0,0,0,0,2,2,0,5,2,0,22/05/2025 09:51,Wet_Season
f5769df8-ccaa-4272-9b96-3de8c617d934,C-KacW08DL49,,50,,,4,3,0,0,0,0,0,0,0,0,0,0,0,0,0,0,0,0,0,2,2,0,1.5,2,0,22/05/2025 09:55,Wet_Season
e39290be-45f3-4ca8-ac84-4f481f6a71f8,C-KacZ3JRV15,,50,,,4,3,0,0,0,0,0,0,0,0,0,0,0,0,0,0,0,0,0,2,2,0,1.5,2,0,22/05/2025 09:59,Wet_Season
83205f83-bcf3-420b-969c-32e7d093322d,C-Gwe7RJX457,,50,,,4,3,0,0,0,0,0,0,0,0,0,0,0,0,0,0,0,0,0,2,0.5,0,2500,2,0,22/05/2025 10:04,Wet_Season
f95e6123-fc87-4381-927d-8cb9c9d7b9e1,C-KacCK9B858,20,,,,4,3,0,0,0,0,0,0,0,0,2,0,0,5,0,0,0,0,2,0,2,0,0,2,0,22/05/2025 10:04,Wet_Season
47b20e01-f206-48d0-a7f5-0a83237b677e,C-Gwe1LNYP28,,50,,,4,3,0,0,0,0,0,0,0,0,0,0,0,0,0,0,0,0,0,2,0.5,0,2500,2,0,22/05/2025 10:04,Wet_Season
09b9c7ca-6f7b-462d-a06d-5e69bd194bf1,C-GweZRIS545,,50,,,4,3,0,0,0,0,0,0,0,0,0,0,0,0,0,0,0,0,0,2,0.5,0,2500,2,0,22/05/2025 10:04,Wet_Season
16e172b5-5785-453d-9e2c-7ec2a1430afc,C-KacMNGLO38,,50,,,4,3,0,0,0,0,0,0,0,0,0,0,0,0,0,0,0,0,0,2,2,0,5,2,0,22/05/2025 10:09,Wet_Season
d49c84f3-9768-4261-a070-6c7456652ca9,C-KacPBW9D10,20,,,,4,3,0,0,0,0,0,0,0,0,2,0,0,5,0,0,0,0,2,0,2,0,0,2,0,22/05/2025 10:11,Wet_Season
91fd9d8b-0d7a-4a99-bfdd-707f05ce9fda,C-Kac25PSI54,,50,,,4,3,0,0,0,0,0,0,0,0,0,0,0,0,0,0,0,0,0,2,2,0,5,2,0,22/05/2025 10:12,Wet_Season
ef43ed0f-ce8d-480f-8722-0b7fa8d9830d,C-KacUN1OL11,,50,,,4,3,0,0,0,0,0,0,0,0,0,0,0,0,0,0,0,0,0,2,2,0,5,2,0,22/05/2025 10:16,Wet_Season
775d58b4-229d-4264-876c-a8b643211526,C-Kac9I88725,,50,,,4,3,0,0,0,0,0,0,0,0,0,0,0,0,0,0,0,0,0,2,2,0,5,2,0,22/05/2025 10:20,Wet_Season
f42bb9cb-58db-4ea7-acb3-0e6a6e7830b6,C-Jah1TYTD03,100,,,,6,6,0,2,0,0,0,2,0,0,0,0,0,0,0,0,0,0,0,0,0,0,0,0,1.5,22/05/2025 10:23,Wet_Season
8ebc65df-5564-4764-b879-95906cc27ac1,C-Kac8ZL3B34,20,,,,4,3,0,0,0,0,0,0,0,0,2,0,0,5,0,0,0,0,2,0,2,0,0,2,0,22/05/2025 10:25,Wet_Season
5db07c2f-905a-4fcc-8bc2-d9773afde3c0,C-Kac4UFWU34,20,,,,4,3,0,0,0,0,0,0,0,0,2,0,0,5,0,0,0,0,2,0,2,0,0,2,0,22/05/2025 10:25,Wet_Season
6916d0aa-b64e-4b61-ba2d-a0fff157edec,C-Jah3KYC437,100,,,,6,6,0,2,0,0,0,2,0,0,0,0,0,0,0,0,0,0,0,0,0,0,0,0,1.5,22/05/2025 10:25,Wet_Season
370c60f5-e165-4edb-a00a-1484ee7647a2,C-Jah3W8LO53,100,,,,6,6,0,2,0,0,0,2,0,0,0,0,0,0,0,0,0,0,0,0,0,0,0,0,1.5,22/05/2025 10:27,Wet_Season
fdb2abf3-7a23-4d35-80f6-ef05132f077a,C-KacSSX7R51,20,,,,4,3,0,0,0,0,0,0,0,0,2,0,0,3,0,0,0,0,2,0,2,0,0,2,0,22/05/2025 10:27,Wet_Season
53301104-e31e-4fe7-b119-a6f484780fa7,C-Jah6GBB034,100,,,,6,6,0,2,0,0,0,2,0,0,0,0,0,0,0,0,0,0,0,0,0,0,0,0,1.5,22/05/2025 10:29,Wet_Season
3aa979b4-3849-40c7-97dd-d7ec451c8c6d,C-Kac0WBLG09,20,,,,4,3,0,0,0,0,0,0,0,0,2,0,0,5,0,0,0,0,2,0,2,0,0,2,0,22/05/2025 10:30,Wet_Season
5f7b3902-580f-4b6d-b3c0-d77304911168,C-KacGLRST06,,50,,,4,3,0,0,0,0,0,0,0,0,0,0,0,0,0,0,0,0,0,0,2,0,5,2,0,22/05/2025 10:30,Wet_Season
2d7452af-d364-491d-a466-151580b3e774,C-KacEI1J134,,50,,,4,3,0,0,0,0,0,0,0,0,0,0,0,0,0,0,0,0,0,2,2,0,5,2,0,22/05/2025 10:33,Wet_Season
24083161-19f2-467e-a4f0-3e0586a3ee13,C-KacSTYOU16,,50,,,4,3,0,0,0,0,0,0,0,0,0,0,0,0,0,0,0,0,0,2,2,0,5,2,0,22/05/2025 10:35,Wet_Season
d12ff298-9e08-4073-91e9-8807fdc70b9f,C-JahB0T3V12,100,,,,6,6,0,2,0,0,0,2,0,0,0,0,0,0,0,0,0,0,0,0,0,0,0,0,1.5,22/05/2025 10:36,Wet_Season
8011baac-e931-4a76-b50d-256aa557c9d2,C-JahBBRWM49,100,,,,6,6,0,2,0,0,0,2,0,0,0,0,0,0,0,0,0,0,0,0,0,0,0,0,1.5,22/05/2025 10:38,Wet_Season
9d95b739-98ea-471a-8bdc-40e69aff9491,C-Kac1MHLE10,,50,,,4,3,0,0,0,0,0,0,0,0,0,0,0,0,0,0,0,0,0,2,2,0,5,2,0,22/05/2025 10:38,Wet_Season
38ce4f34-005f-47ea-b9c1-6ca10f725530,C-JahE287I17,100,,,,6,6,0,2,0,0,0,2,0,0,0,0,0,0,0,0,0,0,0,0,0,0,0,0,1.5,22/05/2025 10:40,Wet_Season
1674d582-9dac-42f9-809c-e528b37c8bc7,C-KacOT2TR07,20,,,,4,3,0,0,0,0,0,0,0,0,2,0,0,5,0,0,0,0,2,0,2,0,0,2,0,22/05/2025 10:41,Wet_Season
2a008617-9203-4caa-bae1-9ab8f7b19e8f,C-KacQQH2H22,20,,,,4,3,0,0,0,0,0,0,0,0,2,0,0,5,0,0,0,0,2,0,2,0,0,2,0,22/05/2025 10:41,Wet_Season
4bf0a5b6-eed3-480a-8e5d-1004040f8a99,C-KacYDRBX18,,50,,,4,3,0,0,0,0,0,0,0,0,0,0,0,0,0,0,0,0,0,2,2,0,5,2,0,22/05/2025 10:42,Wet_Season
c64a4199-1ba8-4a67-aea0-a9666f65d37d,C-KacR4MOT36,20,,,,4,3,0,0,0,0,0,0,0,0,2,0,0,5,0,0,0,0,2,0,2,0,0,2,0,22/05/2025 10:44,Wet_Season
2ca2798f-ca3e-4259-9cc0-5dac065240b9,C-KacH3PPC58,20,,,,4,3,0,0,0,0,0,0,0,0,2,0,0,5,0,0,0,0,2,0,2,0,0,2,0,22/05/2025 10:50,Wet_Season
88223db1-401c-4256-ad08-441874d9cb8d,C-KacJS69614,,50,,,4,3,0,0,0,0,0,0,0,0,0,0,0,0,0,0,0,0,0,2,2,0,5,2,0,22/05/2025 10:50,Wet_Season
f2e7caee-c22c-4148-9cf6-2611336d5428,C-KacH3QOT22,,50,,,4,3,0,0,0,0,0,0,0,0,0,0,0,0,0,0,0,0,0,2,2,0,5,2,0,22/05/2025 10:50,Wet_Season
daba0c29-84f2-4a9b-a980-f022d003f1a6,C-KacMD04A44,20,,,,4,3,0,0,0,0,0,0,0,0,2,0,0,5,0,0,0,0,2,0,2,0,0,2,0,22/05/2025 10:50,Wet_Season
2ed440d1-717a-4120-a7a4-88589122fde6,C-KacX777425,20,,,,4,3,0,0,0,0,0,0,0,0,2,0,0,5,0,0,0,0,2,0,2,0,0,2,0,22/05/2025 10:50,Wet_Season
daa0008d-e4c9-4b26-a3f5-7104c2ee9a50,C-KacPI93856,,50,,,4,3,0,0,0,0,0,0,0,0,0,0,0,0,0,0,0,0,0,2,2,0,5,2,0,22/05/2025 10:50,Wet_Season
e46073c6-9052-4e2f-9fcf-8b3db9147548,C-KacVK95233,20,,,,4,3,0,0,0,0,0,0,0,0,2,0,0,5,0,0,0,0,2,0,2,0,0,2,0,22/05/2025 10:50,Wet_Season
e8803886-a231-4f4f-84df-3fd4103738d3,C-KacWVJ1105,,50,,,4,3,0,0,0,0,0,0,0,0,0,0,0,0,0,0,0,0,0,2,2,0,5,2,0,22/05/2025 10:50,Wet_Season
eb59c9e6-09d5-479d-9701-037790742ae1,C-KacAANMG05,20,,,,4,3,0,0,0,0,0,0,0,0,2,0,0,5,0,0,0,0,2,0,2,0,0,2,0,22/05/2025 10:50,Wet_Season
229dd494-5c3a-4a75-b5a0-e28988d9a468,C-KacAIML038,20,,,,4,3,0,0,0,0,0,0,0,0,2,0,0,5,0,0,0,0,2,0,2,0,0,2,0,22/05/2025 10:50,Wet_Season
d9203473-b592-4584-b03f-d9c6765e5e7a,C-JahGQC9F34,100,,,,6,6,0,2,0,0,0,2,0,0,0,0,0,0,0,0,0,0,0,0,0,0,0,0,1.5,22/05/2025 10:50,Wet_Season
d0387079-6b65-4829-9509-6fa7cbfcade6,C-JahHCJ2423,100,,,,6,6,0,2,0,0,0,2,0,0,0,0,0,0,0,0,0,0,0,0,0,0,0,0,1.5,22/05/2025 10:52,Wet_Season
85a84979-b6e7-4053-9cda-0cd0d52e2a0e,C-JahIW77V58,100,,,,6,6,0,2,0,0,0,2,0,0,0,0,0,0,0,0,0,0,0,0,0,0,0,0,1.5,22/05/2025 10:56,Wet_Season
8a39e9af-c725-4277-b940-839ee02be86b,C-JahTXL8T55,100,,,,6,6,0,2,0,0,0,2,0,0,0,0,0,0,0,0,0,0,0,0,0,0,0,0,1.5,22/05/2025 10:58,Wet_Season
f6fbcebf-b32c-4a94-9b83-4f954f299dcb,C-Kal3DRWX43,100,,,,6,6,0,2,0,0,0,2,0,0,0,0,0,0,0,0,0,0,0,0,0,0,0,0,1.5,22/05/2025 11:02,Wet_Season
25736d4e-ee5c-4744-a9a1-21e0979103c8,C-Kal3S2V528,100,,,,6,6,0,2,0,0,0,2,0,0,0,0,0,0,0,0,0,0,0,0,0,0,0,0,1.5,22/05/2025 11:05,Wet_Season
8e337f39-3e46-4c07-84bc-a02d53b854bb,C-Kal475AV54,100,,,,6,6,0,2,0,0,0,2,0,0,0,0,0,0,0,0,0,0,0,0,0,0,0,0,1.5,22/05/2025 11:10,Wet_Season
22a343d4-18d5-437e-96ce-54373ca1de74,C-KalCUYEC22,100,,,,6,6,0,2,0,0,0,2,0,0,0,0,0,0,0,0,0,0,0,0,0,0,0,0,1.5,22/05/2025 11:18,Wet_Season
f794c0ff-348d-4faf-a144-8deef752b6ee,C-Gwe61BJ156,,50,,,4,3,0,0,0,0,0,0,0,0,0,0,0,0,0,0,0,0,0,2,0.5,0,2500,2,0,22/05/2025 11:19,Wet_Season
391c201a-b4c5-4c2b-864b-f532222fdddc,C-KalG3XNS25,100,,,,6,6,0,2,0,0,0,2,0,0,0,0,0,0,0,0,0,0,0,0,0,0,0,0,1.5,22/05/2025 11:20,Wet_Season
cc41c16f-c811-4760-8849-3152cc65a6ac,C-KalG61M841,100,,,,6,6,0,2,0,0,0,2,0,0,0,0,0,0,0,0,0,0,0,0,0,0,0,0,1.5,22/05/2025 11:26,Wet_Season
6c7fb527-9eff-4732-b3da-7ebd3fc787d1,C-KalKCSEC25,100,,,,6,6,0,2,0,0,0,2,0,0,0,0,0,0,0,0,0,0,0,0,0,0,0,0,1.5,22/05/2025 11:28,Wet_Season
e5b8ba18-aa3a-48c6-83b5-a2c20487a0a9,C-KalLFRPV41,100,,,,6,6,0,2,0,0,0,2,0,0,0,0,0,0,0,0,0,0,0,0,0,0,0,0,1.5,22/05/2025 11:30,Wet_Season
9c6f393d-dd43-4ddf-b9c3-a38e5eab0b29,C-KalN85X703,100,,,,6,6,0,2,0,0,0,2,0,0,0,0,0,0,0,0,0,0,0,0,0,0,0,0,1.5,22/05/2025 11:32,Wet_Season
d28a589d-ef62-47cc-b0e4-94b495fb9b3f,C-KalOXA6O26,100,,,,6,6,0,2,0,0,0,2,0,0,0,0,0,0,0,0,0,0,0,0,0,0,0,0,1.5,22/05/2025 11:35,Wet_Season
7af0c9c8-4203-4ac7-9143-1b1aad7ef847,C-KalTKLUM36,100,,,,6,6,0,2,0,0,0,2,0,0,0,0,0,0,0,0,0,0,0,0,0,0,0,0,1.5,22/05/2025 11:36,Wet_Season
7cf7c219-007c-4525-8ffd-1b68f27251d2,C-Beb4MWWK52,100,,,,6,6,0,2,0,0,0,2,0,2,0,0,0,0,0,0,0,0,0,0,0,0,0,0,1500,22/05/2025 11:37,Wet_Season
cf47a142-f966-4013-8161-1a49c7ab28f7,C-Beb4NQP154,,100,,,8,4,0,2,0,0,2,2,0,0,0,0,0,0,0,0,0,0,0,0,0,2,0,0,1500,22/05/2025 11:37,Wet_Season
78ed30c4-80a8-4ab1-895f-a2233ded5dec,C-Beb57QDU54,100,,,,6,6,0,2,0,0,0,2,0,2,0,0,0,0,0,0,0,0,0,0,0,0,0,0,1500,22/05/2025 11:37,Wet_Season
e838c155-cc69-483a-8e51-c2d3595dd49a,C-KalYPQO022,100,,,,6,6,0,2,0,0,0,2,0,0,0,0,0,0,0,0,0,0,0,0,0,0,0,0,1.5,22/05/2025 11:38,Wet_Season
e071db1e-31fb-4ece-8291-52570c95649b,C-Kal15I6J14,100,,,,6,6,0,2,0,0,0,2,0,0,0,0,0,0,0,0,0,0,0,0,0,0,0,0,1.5,22/05/2025 11:42,Wet_Season
93d89d54-7f70-485e-bcbb-f8ef8e076fde,C-Kal1A9PV03,100,,,,6,6,0,2,0,0,0,2,0,0,0,0,0,0,0,0,0,0,0,0,0,0,0,0,1.5,22/05/2025 11:44,Wet_Season
5944b400-9b5a-48e1-aefb-778de563edfa,C-TarDR4GB25,,50,,,4,3,0,2,0,0,0,0,0,0,0,0,0,0,0,0,0,0,0,2,0.5,0,125,2,0,22/05/2025 11:44,Wet_Season
6e433e67-e9c7-4f88-abee-2c0dab3fbb67,C-Kal1IPTM30,100,,,,6,6,0,2,0,0,0,2,0,0,0,0,0,0,0,0,0,0,0,0,0,0,0,0,1.5,22/05/2025 11:46,Wet_Season
cf1d6ca4-631d-4e5d-b9bb-2f8a2125923d,C-KacO3YJR15,20,,,,4,3,0,0,0,0,0,0,0,0,2,0,0,3,0,0,0,0,2,0,2,0,0,2,0,22/05/2025 11:50,Wet_Season
3d5f9fca-69de-424a-9f0a-c9da8e6e6a2c,C-Beb5K3P743,,100,,,8,4,0,2,0,0,2,2,0,0,0,0,0,0,0,0,0,0,0,0,0,2,0,0,1500,22/05/2025 12:01,Wet_Season
3596f651-f0fe-45f6-bd00-49d6b88869ec,C-Beb720E258,,100,,,8,4,0,2,0,0,2,2,0,0,0,0,0,0,0,0,0,0,0,0,0,2,0,0,1500,22/05/2025 12:01,Wet_Season
8bf4d4c9-8f3b-465e-852d-15dec526252a,C-Beb9GJK756,100,,,,6,6,0,2,0,0,0,2,0,2,0,0,0,0,0,0,0,0,0,0,0,0,0,0,1500,22/05/2025 12:01,Wet_Season
6083520e-bbad-45e3-9cfa-b2bbf9833cde,C-BebDTAHG21,,100,,,8,4,0,2,0,0,2,2,0,0,0,0,0,0,0,0,0,0,0,0,0,2,0,0,1500,22/05/2025 12:01,Wet_Season
db8f2d3e-fa7a-4de1-ba07-41140e664e36,C-BebEDL2D55,,100,,,8,4,0,2,0,0,0,2,0,0,0,0,0,0,0,0,0,0,0,0,0,2,0,0,1500,22/05/2025 12:01,Wet_Season
d02b39f6-da5d-4cd8-b77b-9f9cac4b7ccc,C-BebESPGF25,100,,,,6,6,0,2,0,0,0,2,0,2,0,0,0,0,0,0,0,0,0,0,0,0,0,0,1500,22/05/2025 12:01,Wet_Season
1878c2db-6da8-46be-866b-b388e97422d0,C-BebH7CBU51,,100,,,8,4,0,2,0,0,2,2,0,0,0,0,0,0,0,0,0,0,0,0,0,2,0,0,1500,22/05/2025 12:01,Wet_Season
8f248c1b-0e12-43d8-b9c4-b5cfc577a552,C-BebH7SU729,,100,,,8,4,0,2,0,0,2,2,0,0,0,0,0,0,0,0,0,0,0,0,0,2,0,0,1500,22/05/2025 12:01,Wet_Season
949ca39c-6a8b-4f80-8d99-9b15117784a5,C-BebL7YIK23,100,,,,6,6,0,2,0,0,0,2,0,2,0,0,0,0,0,0,0,0,0,0,0,0,0,0,1500,22/05/2025 12:01,Wet_Season
be9109ad-d6c1-46fe-b4a9-f17357803e62,C-BebNNN0P10,,100,,,8,4,0,2,0,0,2,2,0,0,0,0,0,0,0,0,0,0,0,0,0,2,0,0,1500,22/05/2025 12:01,Wet_Season
a3443085-ec02-4530-b39d-c4861aeeb4c6,C-BebOK4D108,,100,,,8,4,0,2,0,0,2,2,0,0,0,0,0,0,0,0,0,0,0,0,0,2,0,0,1500,22/05/2025 12:01,Wet_Season
1cbaaa8b-27e4-4c21-acd3-0301662b89f6,C-BebRHQL906,100,,,,6,6,0,2,0,0,0,2,0,2,0,0,0,0,0,0,0,0,0,0,0,0,0,0,1500,22/05/2025 12:01,Wet_Season
dcaa7337-c3ff-4ca4-8feb-eb51f9bbb4b8,C-BebTD7L735,100,,,,6,6,0,2,0,0,0,2,0,2,0,0,0,0,0,0,0,0,0,0,0,0,0,0,1500,22/05/2025 12:02,Wet_Season
4d593469-ec43-4d4d-9256-52701a508acf,C-BebUM7HS33,,100,,,8,4,0,2,0,0,2,2,0,0,0,0,0,0,0,0,0,0,0,0,0,2,0,0,1500,22/05/2025 12:02,Wet_Season
e910b5be-d13e-485f-8acc-68b637637e30,C-BebVQL0U45,,100,,,8,4,0,2,0,0,2,2,0,0,0,0,0,0,0,0,0,0,0,0,0,2,0,0,1500,22/05/2025 12:02,Wet_Season
776a685c-9b10-48a0-9608-9f8f8499cca8,C-BebZS1RG00,100,,,,6,6,0,2,0,0,0,2,0,2,0,0,0,0,0,0,0,0,0,0,0,0,0,0,1500,22/05/2025 12:02,Wet_Season
d2db95d5-3764-4beb-a576-a2c69e9e9fee,C-Beb3G11419,100,,,,6,6,0,2,0,0,0,2,0,2,0,0,0,0,0,0,0,0,0,0,0,0,0,0,1500,22/05/2025 12:05,Wet_Season
6d744b7e-6188-4147-9414-5792ca06b34f,C-Gwe9QCQA16,,50,,,4,3,0,0,0,0,0,0,0,0,0,0,0,0,0,0,0,0,0,2,0.5,0,125,2,0,22/05/2025 12:14,Wet_Season
d7f4fcfa-12c6-473d-b285-1dcd3d589a06,C-GweTSZVN25,,50,,,4,3,0,0,0,0,0,0,0,0,0,0,0,0,0,0,0,0,0,2,0.5,0,125,2,0,22/05/2025 12:23,Wet_Season
42c3bc62-7c1f-452f-9075-991e0b8dd20e,C-KacIQUS108,20,,,,4,3,0,0,0,0,0,0,0,0,2,0,0,5,0,0,0,0,2,0,5,0,0,2,0,22/05/2025 12:27,Wet_Season
b7bbdd9c-0855-474f-bce8-c26df19f7424,C-KacSVDQB23,20,,,,4,3,0,0,0,0,0,0,0,0,2,0,0,5,0,0,0,0,2,0,2,0,0,2,0,22/05/2025 12:27,Wet_Season
8a9226a2-a0f3-4aa5-95d2-71a684d01bf1,C-KacS8SH530,20,,,,4,3,0,0,0,0,0,0,0,0,2,0,0,5,0,0,0,0,2,0,2,0,0,2,0,22/05/2025 12:27,Wet_Season
67673701-5a6e-435e-a996-b7bf922f3559,C-KacQY3XE54,20,,,,4,3,0,0,0,0,0,0,0,0,2,0,0,5,0,0,0,0,2,0,2,0,0,2,0,22/05/2025 12:27,Wet_Season
84a57398-9f67-4fe4-8fa9-f8847571bbdf,C-KacJZCRK28,20,,,,4,3,0,0,0,0,0,0,0,0,2,0,0,5,0,0,0,0,2,0,2,0,0,2,0,22/05/2025 12:27,Wet_Season
ec07530e-3f56-4462-aaee-6b5e0584e910,C-KacKRL1U42,20,,,,4,3,0,0,0,0,0,0,0,0,2,0,0,5,0,0,0,0,2,0,2,0,0,2,0,22/05/2025 12:27,Wet_Season
12d271f9-787b-4c86-a98f-a2c9505a695f,C-KacS3HIY52,20,,,,4,3,0,0,0,0,0,0,0,0,2,0,0,5,0,0,0,0,2,0,2,0,0,2,0,22/05/2025 12:27,Wet_Season
4ae9f16e-72f9-46a6-a10e-daecee7a4891,C-KacFNWHM01,20,,,,4,3,0,0,0,0,0,0,0,0,2,0,0,5,0,0,0,0,2,0,2,0,0,2,0,22/05/2025 12:27,Wet_Season
1d868253-d8a1-48a3-be3c-c1cdfc527df4,C-Kac68M9R40,20,,,,4,3,0,0,0,0,0,0,0,0,2,0,0,5,0,0,0,0,2,0,2,0,0,2,0,22/05/2025 12:27,Wet_Season
0e68ad53-e1a1-45fd-bdd3-fccb2cfa0815,C-KacHEQI522,20,,,,4,3,0,0,0,0,0,0,0,0,2,0,0,5,0,0,0,0,2,0,2,0,0,2,0,22/05/2025 12:27,Wet_Season
27184ce9-3abc-4394-b85f-b97611b679d8,C-KacI42AP41,20,,,,4,3,0,0,0,0,0,0,0,0,2,0,0,5,0,0,0,0,2,0,2,0,0,2,0,22/05/2025 12:27,Wet_Season
4b44471f-07eb-49f4-a89d-50f21abec0fa,C-Beb3UMZE12,,100,,,8,4,0,2,0,0,2,2,0,0,0,0,0,0,0,0,0,0,0,0,0,2,0,0,1500,22/05/2025 12:27,Wet_Season
a64382be-d678-4755-918c-62c333dfb419,C-Beb50GZX37,,100,,,8,4,0,2,0,0,2,2,0,0,0,0,0,0,0,0,0,0,0,0,0,2,0,0,1500,22/05/2025 12:27,Wet_Season
32ec5292-e7d1-4d3e-93cc-44e8c0e139fb,C-Beb6PNZF45,100,,,,6,6,0,2,0,0,0,2,0,2,0,0,0,0,0,0,0,0,0,0,0,0,0,0,1500,22/05/2025 12:27,Wet_Season
e25a2f6f-12eb-4597-b714-1d00ec8f562a,C-Beb7ORQ904,,100,,,8,4,0,2,0,0,2,2,0,0,0,0,0,0,0,0,0,0,0,0,0,2,0,0,1500,22/05/2025 12:27,Wet_Season
ddd308f1-954c-46ed-910e-bc8feec97b20,C-Beb95FRY07,100,,,,6,6,0,2,0,0,0,2,0,2,0,0,0,0,0,0,0,0,0,0,0,0,0,0,1500,22/05/2025 12:27,Wet_Season
d1519b3b-48c0-49d5-8622-a3e8c7d9cd0b,C-BebA5DQS11,100,,,,6,6,0,2,0,0,0,2,0,2,0,0,0,0,0,0,0,0,0,0,0,0,0,0,1500,22/05/2025 12:27,Wet_Season
8e028715-e12d-465c-a7ba-5b25f3050d92,C-BebBHVZO44,,100,,,8,4,0,2,0,0,2,2,0,0,0,0,0,0,0,0,0,0,0,0,0,2,0,0,1500,22/05/2025 12:27,Wet_Season
3d7eba91-15dd-423b-92a4-f2cc84d6bf60,C-BebF35I303,,100,,,8,4,0,2,0,0,2,2,0,0,0,0,0,0,0,0,0,0,0,0,0,2,0,0,1500,22/05/2025 12:27,Wet_Season
849dfd91-9043-4d28-8d0f-897f5e7d8b49,C-BebJ7K1I05,,100,,,8,4,0,2,0,0,2,2,0,0,0,0,0,0,0,0,0,0,0,0,0,2,0,0,1500,22/05/2025 12:27,Wet_Season
b3d6c66d-976b-4cdd-9f28-4e1e6bb62825,C-BebLK32806,,100,,,8,4,0,2,0,0,2,2,0,0,0,0,0,0,0,0,0,0,0,0,0,2,0,0,1500,22/05/2025 12:27,Wet_Season
85295c8c-1108-4f0f-abb6-d8db6e7da400,C-BebRDQ9W34,100,,,,6,6,0,2,0,0,0,2,0,2,0,0,0,0,0,0,0,0,0,0,0,0,0,0,1500,22/05/2025 12:27,Wet_Season
a3d05004-7e0e-4105-a006-5a3719980811,C-BebT5XIX57,,100,,,8,4,0,2,0,0,2,2,0,0,0,0,0,0,0,0,0,0,0,0,0,2,0,0,1500,22/05/2025 12:27,Wet_Season
b582017d-e8d7-49c9-bf53-92ef806df5ea,C-BebTAJQF56,100,,,,6,6,0,2,0,0,0,2,0,2,0,0,0,0,0,0,0,0,0,0,0,0,0,0,1500,22/05/2025 12:27,Wet_Season
d7469878-7b31-4988-96c6-b7e62b681332,C-KacRNYTS51,20,,,,4,3,0,0,0,0,0,0,0,0,2,0,0,5,0,0,0,0,2,0,2,0,---,---,---,22/05/2025 12:29,Wet_Season
6600269b-9fa8-48d9-9e1a-23990e5a6f29,C-KacY7BB809,20,,,,4,3,0,0,0,0,0,0,0,0,2,0,0,5,0,0,0,0,2,0,2,0,---,---,---,22/05/2025 12:29,Wet_Season
6fe2958a-7001-4dd3-ab11-5538842c06b7,C-Beb23SBN12,100,,,,6,6,0,2,0,0,0,2,0,2,0,0,0,0,0,0,0,0,0,0,0,0,0,0,1500,22/05/2025 12:31,Wet_Season
d30379f6-f912-4dc9-ad95-b92c873de91d,C-GweOBRAZ12,,50,,,4,3,0,0,0,0,0,0,0,0,0,0,0,0,0,0,0,0,0,2,0.5,0,125,2,0,22/05/2025 12:33,Wet_Season
09b37953-b53f-42ec-96d8-0bb076c13062,C-Kag574RH24,20,,,,4,3,0,0,0,0,0,0,0,0,2,0,0,3,0,0,0,0,2,0,2,0,0,2,0,22/05/2025 12:34,Wet_Season
8c562bf3-e780-4ddc-a163-3c39d0ca089b,C-Kag5PVOB02,20,,,,4,3,0,0,0,0,0,0,0,0,2,0,0,3,0,0,0,0,2,0,2,0,0,2,0,22/05/2025 12:34,Wet_Season
930045ef-321c-4225-899b-6eb0b794ce14,C-Kag6W46345,20,,,,4,3,0,0,0,0,0,0,0,0,2,0,0,3,0,0,0,0,2,0,2,0,0,2,0,22/05/2025 12:34,Wet_Season
f6e1efc0-833d-4221-b5d1-ad9134aa6311,C-Kag90GL119,20,,,,4,3,0,0,0,0,0,0,0,0,2,0,0,3,0,0,0,0,2,0,2,0,0,2,0,22/05/2025 12:34,Wet_Season
b509b203-708e-4bf9-97ff-d83249381472,C-KagD4X1O22,20,,,,4,3,0,0,0,0,0,0,0,0,2,0,0,3,0,0,0,0,2,0,2,0,0,2,0,22/05/2025 12:34,Wet_Season
5071da60-3ce3-45fd-9c5a-bff4320e4062,C-KagWEHYE15,20,,,,4,3,0,0,0,0,0,0,0,0,2,0,0,3,0,0,0,0,2,0,2,0,0,2,0,22/05/2025 12:34,Wet_Season
7f807707-ede2-430d-ab46-9c660bec1d42,C-KagNAF7A48,20,,,,4,3,0,0,0,0,0,0,0,0,2,0,0,3,0,0,0,0,2,0,2,0,0,2,0,22/05/2025 12:34,Wet_Season
ffe78dfa-f375-4843-b8dc-2ae770154cd1,C-KagPHSQ851,20,,,,4,3,0,0,0,0,0,0,0,0,2,0,0,3,0,0,0,0,2,0,2,0,0,2,0,22/05/2025 12:34,Wet_Season
3b471c2a-7445-4299-9fa3-5b5bea84180b,C-KagQATVW52,20,,,,4,3,0,0,0,0,0,0,0,0,2,0,0,3,0,0,0,0,2,0,2,0,0,2,0,22/05/2025 12:34,Wet_Season
a93a6056-d35a-447f-af50-851525e0ab90,C-KagDI7VV11,20,,,,4,3,0,0,0,0,0,0,0,0,2,0,0,3,0,0,0,0,2,0,2,0,0,2,0,22/05/2025 12:34,Wet_Season
3ca9495d-3658-4522-b987-f43645e3c515,C-KagHVXMS34,20,,,,4,3,0,0,0,0,0,0,0,0,2,0,0,3,0,0,0,0,2,0,2,0,0,2,0,22/05/2025 12:34,Wet_Season
2bc20a98-1ed5-4f65-ab18-e89b7bed80c2,C-Gwe5GWQ039,,50,,,4,3,0,0,0,0,0,0,0,0,0,0,0,0,0,0,0,0,0,2,0.5,0,125,2,0,22/05/2025 12:41,Wet_Season
9272a7a3-fff8-4a3e-809c-9a14324fe7fc,C-Kac1O8IT53,,50,,,4,3,0,0,0,0,0,0,0,0,0,0,0,0,0,0,0,0,0,2,2,0,5,2,0,22/05/2025 12:49,Wet_Season
25c8142d-d37a-4681-a969-42741f1ca803,C-Gwe11E9K14,,50,,,4,3,0,0,0,0,0,0,0,0,0,0,0,0,0,0,0,0,0,2,0.5,0,125,2,0,22/05/2025 12:51,Wet_Season
cd58fe76-25c4-4bde-a834-d2245f7ece2f,C-Beb2KDS507,,100,,,8,4,0,2,0,0,2,2,0,0,0,0,0,0,0,0,0,0,0,0,0,2,0,0,1500,22/05/2025 12:52,Wet_Season
d0f1562c-6bcf-47af-b762-c65491fd71f3,C-Beb47FPV49,100,,,,6,6,0,2,0,0,0,2,0,2,0,0,0,0,0,0,0,0,0,0,0,0,0,0,1500,22/05/2025 12:52,Wet_Season
4c315176-6ea7-4f3a-8450-7eb6b646e1be,C-Beb51ZCX29,,100,,,8,4,0,2,0,0,2,2,0,0,0,0,0,0,0,0,0,0,0,0,0,2,0,0,1500,22/05/2025 12:52,Wet_Season
372c4a7c-21e1-4d99-a547-816a7e821f2e,C-Beb5CK3P05,100,,,,6,6,0,2,0,0,0,2,0,2,0,0,0,0,0,0,0,0,0,0,0,0,0,0,1500,22/05/2025 12:52,Wet_Season
aae7b266-d1bc-48d6-b4c3-b53ef307bd18,C-Beb75YFQ17,,100,,,8,4,0,2,0,0,2,2,0,0,0,0,0,0,0,0,0,0,0,0,0,2,0,0,1500,22/05/2025 12:52,Wet_Season
982ba4d2-3062-49b5-860c-053746653eab,C-Beb9GWKC20,,100,,,8,4,0,2,0,0,2,2,0,0,0,0,0,0,0,0,0,0,0,0,0,2,0,0,1500,22/05/2025 12:52,Wet_Season
5300a7cc-431b-461a-b49b-5bdd138db6d3,C-BebCVVD102,100,,,,6,6,0,2,0,0,0,2,0,2,0,0,0,0,0,0,0,0,0,0,0,0,0,0,1500,22/05/2025 12:52,Wet_Season
4dc47f90-8ccf-4550-a2bb-0863ba566cac,C-BebGY9PB06,,100,,,8,4,0,2,0,0,2,2,0,0,0,0,0,0,0,0,0,0,0,0,0,2,0,0,1500,22/05/2025 12:52,Wet_Season
24178a0f-0330-4c26-a2df-bf63be58ad5f,C-BebJ07I302,,100,,,8,4,0,2,0,0,2,2,0,0,0,0,0,0,0,0,0,0,0,0,0,2,0,0,1500,22/05/2025 12:52,Wet_Season
44a2ee1f-4db6-4bf9-8a64-dd79798d752d,C-BebMIE9A36,100,,,,6,6,0,2,0,0,0,2,0,2,0,0,0,0,0,0,0,0,0,0,0,0,0,0,1500,22/05/2025 12:52,Wet_Season
d342fb14-e188-41d1-a7b3-a51de590ba9a,C-BebOQ1UA19,,100,,,8,4,0,2,0,0,2,2,0,0,0,0,0,0,0,0,0,0,0,0,0,2,0,0,1500,22/05/2025 12:52,Wet_Season
f5cf7ac3-68cd-4768-9794-8e764fe01b8f,C-BebS3V1W09,100,,,,6,6,0,2,0,0,0,2,0,2,0,0,0,0,0,0,0,0,0,0,0,0,0,0,1500,22/05/2025 12:52,Wet_Season
b136e3b6-b3dc-4a43-8694-e9eae38aa147,C-BebT67JL37,,100,,,8,4,0,2,0,0,2,2,0,0,0,0,0,0,0,0,0,0,0,0,0,2,0,0,1500,22/05/2025 12:52,Wet_Season
d3c9281c-a2df-421c-8708-e81c47d7b959,C-BebVIYQ144,100,,,,6,6,0,2,0,0,0,2,0,2,0,0,0,0,0,0,0,0,0,0,0,0,0,0,1500,22/05/2025 12:53,Wet_Season
e0b44a0c-9d87-4971-bea5-6a8990fe2390,C-Beb28TAE22,,100,,,8,4,0,2,0,0,2,2,0,0,0,0,0,0,0,0,0,0,0,0,0,2,0,0,1500,22/05/2025 12:54,Wet_Season
e529ee61-5244-4da0-b362-3fef29f88346,C-Beb5Y4N546,,100,,,8,4,0,2,0,0,2,2,0,0,0,0,0,0,0,0,0,0,0,0,0,2,0,0,1500,22/05/2025 12:55,Wet_Season
9b8b7d37-0d1e-41f4-bd0f-fa55ead459f7,C-BebCKO3N02,100,,,,6,6,0,2,0,0,0,2,0,2,0,0,0,0,0,0,0,0,0,0,0,0,0,0,1500,22/05/2025 12:57,Wet_Season
e29e07a5-8eec-471a-8356-29d103dd98ed,C-BebCZA6950,100,,,,6,6,0,2,0,0,0,2,0,2,0,0,0,0,0,0,0,0,0,0,0,0,0,0,1500,22/05/2025 12:58,Wet_Season
9852c797-85bc-4038-a193-a0786fb4ccde,C-BebFCR0R48,100,,,,6,6,0,2,0,0,0,2,0,2,0,0,0,0,0,0,0,0,0,0,0,0,0,0,1500,22/05/2025 12:59,Wet_Season
e32e09c2-8144-4d7f-bde7-37f16716fd3a,C-MarB8IPI33,,50,,,4,3,0,0,0,0,0,0,0,0,0,0,0,0,0,0,0,0,0,2,0.5,0,2500,2,0,22/05/2025 13:01,Wet_Season
be44c89d-b4fe-460b-8128-a08964158aba,C-BebFF7WX44,,100,,,8,4,0,2,0,0,2,2,0,0,0,0,0,0,0,0,0,0,0,0,0,2,0,0,1500,22/05/2025 13:01,Wet_Season
57e29964-8f6d-420b-83bf-ac965ad8b462,C-BebHW9KC20,,100,,,8,4,0,2,0,0,2,2,0,0,0,0,0,0,0,0,0,0,0,0,0,2,0,0,1500,22/05/2025 13:02,Wet_Season
22240703-f0dd-485d-a18b-c672bd7ae22f,C-BebIEGRB10,100,,,,6,6,0,2,0,0,0,2,0,2,0,0,0,0,0,0,0,0,0,0,0,0,0,0,1500,22/05/2025 13:03,Wet_Season
68f96876-2373-482a-9a9f-29e59da9fcf6,C-BebIMW8034,,100,,,8,4,0,2,0,0,2,2,0,0,0,0,0,0,0,0,0,0,0,0,0,2,0,0,1500,22/05/2025 13:07,Wet_Season
8b2e60bb-05ba-46de-a1e8-8b1cd454754f,C-GweZPUNH35,,50,,,4,3,0,0,0,0,0,0,0,0,0,0,0,0,0,0,0,0,0,2,0.5,0,125,2,0,22/05/2025 13:09,Wet_Season
6ad65441-a7fc-4274-b209-46e9a01b4cc6,C-BebNFKLP52,,100,,,8,4,0,2,0,0,2,2,0,0,0,0,0,0,0,0,0,0,0,0,0,2,0,0,1500,22/05/2025 13:11,Wet_Season
320d18bd-a481-4041-b512-3069423d3e3e,C-BebPXC6719,100,,,,6,6,0,2,0,0,0,2,0,2,0,0,0,0,0,0,0,0,0,0,0,0,0,0,1500,22/05/2025 13:12,Wet_Season
b3218dcc-79ec-4d95-8fdc-a2cc3853029d,C-BebQW9SV54,,100,,,8,4,0,2,0,0,2,2,0,0,0,0,0,0,0,0,0,0,0,0,0,2,0,0,1500,22/05/2025 13:14,Wet_Season
a43688bb-54aa-442e-8856-434451f6a067,C-BebVVKJ537,100,,,,6,6,0,2,0,0,0,2,0,2,0,0,0,0,0,0,0,0,0,0,0,0,0,0,1500,22/05/2025 13:17,Wet_Season
ea17eb9e-1f31-49be-81a2-eba1d20e0c46,C-KacBFJNK24,,50,,,4,3,0,0,0,0,0,0,0,0,0,0,0,0,0,0,0,0,0,2,2,0,5,2,0,22/05/2025 13:17,Wet_Season
0be2d788-15ca-4d1b-8fa5-92a35f56f1fe,C-KirFFBAU57,100,,,,6,6,0,2,0,0,0,2,0,2,0,0,0,0,0,0,0,0,0,0,0,0,0,0,1500,22/05/2025 13:18,Wet_Season
50d6744d-bcf8-475c-8a30-adfd064ef88a,C-Gwe80PH734,,50,,,4,3,0,0,0,0,0,0,0,0,0,0,0,0,0,0,0,0,0,2,0.5,0,125,2,0,22/05/2025 13:18,Wet_Season
c3a1aea4-006e-4a60-a484-3e0fb65dcb1f,C-KirRQ49J35,100,,,,6,6,0,2,0,0,0,2,0,2,0,0,0,0,0,0,0,0,0,0,0,0,0,0,1500,22/05/2025 13:20,Wet_Season
f36cd70e-a4c7-4f77-9026-1807bd44ed97,C-Gwe8QR8I37,,50,,,4,3,0,0,0,0,0,0,0,0,0,0,0,0,0,0,0,0,0,2,0.5,0,125,2,0,22/05/2025 13:26,Wet_Season
66f1dacc-0e65-43d6-b1c4-c2b515313126,C-Gwe2DHKK12,,50,,,4,3,0,0,0,0,0,0,0,0,0,0,0,0,0,0,0,0,0,2,0.5,0,125,2,0,22/05/2025 13:32,Wet_Season
9becfde1-7c6e-4a02-b057-a8dffe1ab7bc,C-GweQAPL630,,50,,,4,3,0,0,0,0,0,0,0,0,0,0,0,0,0,0,0,0,0,2,0.5,0,125,2,0,22/05/2025 13:37,Wet_Season
47edac74-eb79-4c0a-8498-4d280f825e0e,C-Gwe1AD1B46,,50,,,4,3,0,0,0,0,0,0,0,0,0,0,0,0,0,0,0,0,0,2,0.5,0,125,2,0,22/05/2025 13:41,Wet_Season
ca89d3ff-6950-40e2-9ba1-639e3e1d5e72,C-GweQ9JX515,,50,,,4,3,0,0,0,0,0,0,0,0,0,0,0,0,0,0,0,0,0,2,0.5,0,125,2,0,22/05/2025 13:41,Wet_Season
f0c8c7c7-346a-4c48-8ebc-8e8085ecd96e,C-Gwe8O67V10,,50,,,4,3,0,0,0,0,0,0,0,0,0,0,0,0,0,0,0,0,0,2,0.5,0,125,2,0,22/05/2025 13:41,Wet_Season
dc2b79d2-bfdd-4578-9dc2-b48fa2c90ba2,C-GweK2E3308,,50,,,4,3,0,0,0,0,0,0,0,0,0,0,0,0,0,0,0,0,0,2,0.5,0,125,2,0,22/05/2025 13:41,Wet_Season
3c6d83e0-348b-42ad-8bb1-d895014c58b2,C-GweM6Z3755,,50,,,4,3,0,0,0,0,0,0,0,0,0,0,0,0,0,0,0,0,0,2,0.5,0,125,2,0,22/05/2025 13:41,Wet_Season
a5c63bb3-16c4-4c7e-b9af-26b1db2a4428,C-GweNGRHE43,,50,,,4,3,0,0,0,0,0,0,0,0,0,0,0,0,0,0,0,0,0,2,0.5,0,125,2,0,22/05/2025 13:41,Wet_Season
708281cb-7e10-4861-b3a9-41a363b02e75,C-GweQYERM03,,50,,,4,3,0,0,0,0,0,0,0,0,0,0,0,0,0,0,0,0,0,2,0.5,0,125,2,0,22/05/2025 13:41,Wet_Season
0f897719-7f24-49df-9284-a7ae98630c7d,C-GweNF0KC37,,50,,,4,3,0,0,0,0,0,0,0,0,0,0,0,0,0,0,0,0,0,2,0.5,0,125,2,0,22/05/2025 13:41,Wet_Season
3c472a3e-1e93-48bc-aac0-6559b5e174f7,C-GweUG4EL36,,50,,,4,3,0,0,0,0,0,0,0,0,0,0,0,0,0,0,0,0,0,2,0.5,0,125,2,0,22/05/2025 13:41,Wet_Season
ce52cf5f-8b8b-4754-963a-760b25be9401,C-Gwe0ZZ8K24,,50,,,4,3,0,0,0,0,0,0,0,0,0,0,0,0,0,0,0,0,0,2,0.5,0,125,2,0,22/05/2025 13:41,Wet_Season
0bfa6860-b693-4114-af26-dfbf422fc716,C-GweKET0B24,,50,,,4,3,0,0,0,0,0,0,0,0,0,0,0,0,0,0,0,0,0,2,0.5,0,125,2,0,22/05/2025 13:41,Wet_Season
d4da9960-795b-47dc-be80-1f59e089b8a7,C-GweVAESV06,,50,,,4,3,0,0,0,0,0,0,0,0,0,0,0,0,0,0,0,0,0,2,0.5,0,125,2,0,22/05/2025 13:41,Wet_Season
48e9e7bb-a1a9-46ae-913c-f7cd45c3d0c6,C-Beb2NXF015,100,,,,6,6,0,2,0,0,0,2,0,2,0,0,0,0,0,0,0,0,0,0,0,0,0,0,1500,22/05/2025 13:43,Wet_Season
99dca7c2-5f12-4ea8-bde5-f6ef386cd158,C-Beb8TXH749,,100,,,8,4,0,2,0,0,2,2,0,0,0,0,0,0,0,0,0,0,0,0,0,2,0,0,1500,22/05/2025 13:45,Wet_Season
d8ef5250-d140-4cb6-b3f7-27a73ba9ef91,C-KacAPOQJ00,20,,,,4,3,0,0,0,0,0,0,0,0,2,0,0,5,0,0,0,0,2,0,2,0,0,2,0,22/05/2025 13:46,Wet_Season
093b77e3-6e4b-431e-bb36-b4994f10b1c2,C-Kac49BVA50,20,,,,4,3,0,0,0,0,0,0,0,0,2,0,0,5,0,0,0,0,2,0,2,0,0,2,0,22/05/2025 13:46,Wet_Season
4ed8554a-afcc-4c12-b62a-b8986e7e944c,C-KacSG2WT56,20,,,,4,3,0,0,0,0,0,0,0,0,2,0,0,5,0,0,0,0,2,0,2,0,0,2,0,22/05/2025 13:46,Wet_Season
b04ba444-1723-4bd9-847d-6147e0a40c13,C-KacBBROF13,20,,,,4,3,0,0,0,0,0,0,0,0,2,0,0,5,0,0,0,0,2,0,2,0,0,2,0,22/05/2025 13:46,Wet_Season
08bdd93b-3963-4592-b691-73e26e7d2b9f,C-KacB5YQL16,20,,,,4,3,0,0,0,0,0,0,0,0,2,0,0,5,0,0,0,0,2,0,2,0,0,2,0,22/05/2025 13:46,Wet_Season
4f2e3cff-37ac-454e-a91c-cff37441a640,C-Kac8KQXH00,20,,,,4,3,0,0,0,0,0,0,0,0,2,0,0,5,0,0,0,0,2,0,2,0,0,2,0,22/05/2025 13:46,Wet_Season
bbaab49b-ecdc-4f69-a6a5-abb15832f597,C-KacN4T6J33,20,,,,4,3,0,0,0,0,0,0,0,0,2,0,0,5,0,0,0,0,2,0,2,0,0,2,0,22/05/2025 13:46,Wet_Season
906d172d-e6cf-4074-a57a-3bee783a4693,C-KacKP7H050,20,,,,4,3,0,0,0,0,0,0,0,0,2,0,0,5,0,0,0,0,2,0,2,0,0,2,0,22/05/2025 13:46,Wet_Season
144d03e8-481e-497f-bcd7-71f0999a175e,C-Kac4Q6XQ07,,50,,,4,3,0,0,0,0,0,0,0,0,0,0,0,0,0,0,0,0,0,2,2,0,5,2,0,22/05/2025 13:46,Wet_Season
dba545cc-2855-46aa-91a0-d7450676a3de,C-KacWVMC124,,50,,,4,3,0,0,0,0,0,0,0,0,0,0,0,0,0,0,0,0,0,2,2,0,5,2,0,22/05/2025 13:46,Wet_Season
b30ec9f9-ef75-44af-9dc4-86f9ef5f4a68,C-KacBWU9825,20,,,,4,3,0,0,0,0,0,0,0,0,2,0,0,5,0,0,0,0,2,0,2,0,0,2,0,22/05/2025 13:46,Wet_Season
e10a0ca0-750f-4b74-aea2-a541362e6323,C-KacVTOGV49,20,,,,4,3,0,0,0,0,0,0,0,0,2,0,0,5,0,0,0,0,2,0,2,0,0,2,0,22/05/2025 13:46,Wet_Season
cb1372af-af09-4ea1-9ba4-dc7641b480c0,C-Beb9J4RH36,100,,,,6,6,0,2,0,0,0,2,0,2,0,0,0,0,0,0,0,0,0,0,0,0,0,0,1500,22/05/2025 13:47,Wet_Season
1ff31a3f-e3b2-41e9-8d1c-71319298e5d5,C-Gwe4DB3546,,50,,,4,3,0,0,0,0,0,0,0,0,0,0,0,0,0,0,0,0,0,2,0.5,0,125,2,0,22/05/2025 13:52,Wet_Season
f796c4a3-0431-44e9-b2f5-819a52579456,C-KacJT0FB41,,50,,,4,3,0,0,0,0,0,0,0,0,0,0,0,0,0,0,0,0,0,2,2,0,5,2,0,22/05/2025 13:56,Wet_Season
b64389ad-21c9-4856-8484-94c6a19e8c10,C-Kac7776J13,,50,,,4,3,0,0,0,0,0,0,0,0,0,0,0,0,0,0,0,0,0,2,2,0,5,2,0,22/05/2025 13:56,Wet_Season
a5fad4e6-28e4-4286-a238-2af22fbcd09a,C-BebCTTH502,,100,,,8,4,0,2,0,0,2,2,0,0,0,0,0,0,0,0,0,0,0,0,0,2,0,0,1500,22/05/2025 13:58,Wet_Season
0f63d91a-7c96-47ef-9e02-75d913a84ea2,C-BebI73SR18,,100,,,8,4,0,2,0,0,2,2,0,0,0,0,0,0,0,0,0,0,0,0,0,2,0,0,1500,22/05/2025 13:58,Wet_Season
352c9bb4-b959-4a92-8bc4-e51ce635c2a8,C-BebOQRU057,,100,,,8,4,0,2,0,0,2,2,0,0,0,0,0,0,0,0,0,0,0,0,0,2,0,0,1500,22/05/2025 13:58,Wet_Season
0e52e443-ec5a-4940-8698-28b9ad9307f4,C-BebS313839,,100,,,8,4,0,2,0,0,2,2,0,0,0,0,0,0,0,0,0,0,0,0,0,2,0,0,1500,22/05/2025 13:58,Wet_Season
3fc2ff53-c287-4c0d-8831-482bf43b131a,C-BebSHBG727,100,,,,6,6,0,2,0,0,0,2,0,2,0,0,0,0,0,0,0,0,0,0,0,0,0,0,1500,22/05/2025 13:58,Wet_Season
e53e7153-11d6-441e-b570-4572e9500f7a,C-BebYGQ8I11,,100,,,8,4,0,2,0,0,2,2,0,0,0,0,0,0,0,0,0,0,0,0,0,2,0,0,1500,22/05/2025 13:58,Wet_Season
a7774df8-3f0e-4810-b88d-c81ca75f0288,C-BebYPAKI19,,100,,,8,4,0,2,0,0,2,2,0,0,0,0,0,0,0,0,0,0,0,0,0,2,0,0,1500,22/05/2025 13:58,Wet_Season
a1c46984-9085-4c63-bb7d-9f8db6dd551f,C-TarOX4O110,,50,,,4,3,0,0,0,0,0,0,0,0,0,0,0,0,0,0,0,0,0,2,0.5,0,125,2,0,22/05/2025 13:59,Wet_Season
5c07a2ed-b0d9-4cf8-9184-7e1bfe36ff46,C-Kir80UJV57,100,,,,6,6,0,2,0,0,0,2,0,2,0,0,0,0,0,0,0,0,0,0,0,0,0,0,1500,22/05/2025 14:00,Wet_Season
d7969791-2432-426d-bf8f-1e4a9e7f3db1,C-GweYX3IO11,,50,,,4,3,0,0,0,0,0,0,0,0,0,0,0,0,0,0,0,0,0,2,0.5,0,125,2,0,22/05/2025 14:00,Wet_Season
01b897e9-9fdf-4d23-94e4-50f8a103d8df,C-Beb3QZ6O17,100,,,,6,6,0,2,0,0,0,2,0,2,0,0,0,0,0,0,0,0,0,0,0,0,0,0,1500,22/05/2025 14:05,Wet_Season
f14726f3-d7df-4311-a2ab-75ee5f260a08,C-Beb89GO045,,100,,,8,4,0,4,0,0,2,2,0,0,0,0,0,0,0,0,0,0,0,0,0,2,0,0,1500,22/05/2025 14:08,Wet_Season
873fd14a-297a-43e3-b251-90a772b45d1b,C-Beb8ZN7C08,100,,,,6,6,0,2,0,0,0,2,0,2,0,0,0,0,0,0,0,0,0,0,0,0,0,0,1500,22/05/2025 14:09,Wet_Season
28ce9606-024d-4ee8-a62d-78d53e519c13,C-BebEXAJU02,,100,,,8,4,0,2,0,0,2,2,0,0,0,0,0,0,0,0,0,0,0,0,0,2,0,0,1500,22/05/2025 14:11,Wet_Season
5437a4a6-0cad-4e24-98c2-89df9c64c830,C-BebF20CJ09,100,,,,6,6,0,2,0,0,0,2,0,2,0,0,0,0,0,0,0,0,0,0,0,0,0,0,1500,22/05/2025 14:14,Wet_Season
df22d583-d92f-4f1c-b79b-7893ce1b3ded,C-BebH5Z2X48,,100,,,8,4,0,2,0,0,2,2,0,0,0,0,0,0,0,0,0,0,0,0,0,2,0,0,1500,22/05/2025 14:15,Wet_Season
a4dd7e7e-ce80-4fca-b6ee-1fb2ccd8d19b,C-BebHFTUD23,100,,,,6,6,0,2,0,0,0,2,0,2,0,0,0,0,0,0,0,0,0,0,0,0,0,0,1500,22/05/2025 14:17,Wet_Season
e32179d3-a585-41e4-812f-61856233c1a0,C-BebHKGFA58,,100,,,8,4,0,2,0,0,2,2,0,0,0,0,0,0,0,0,0,0,0,0,0,2,0,0,1500,22/05/2025 14:19,Wet_Season
6cd123d2-a5e0-46c0-ab28-d58e8c067f98,C-BebSE2M246,100,,,,6,6,0,2,0,0,0,2,0,2,0,0,0,0,0,0,0,0,0,0,0,0,0,0,1500,22/05/2025 14:21,Wet_Season
3ad14738-7e82-490f-954d-fef075fdb53d,C-BebUCVFS48,,100,,,8,4,0,2,0,0,2,2,0,0,0,0,0,0,0,0,0,0,0,0,0,2,0,0,1500,22/05/2025 14:23,Wet_Season
23e30c52-f3de-48bc-b289-e6db62eac79f,C-BebXGIW639,100,,,,6,6,0,2,0,0,0,2,0,2,0,0,0,0,0,0,0,0,0,0,0,0,0,0,1500,22/05/2025 14:25,Wet_Season
7f505672-9823-4852-b4b7-7720ea591f1b,C-BebZ8XQW09,,100,,,8,4,0,2,0,0,2,2,0,0,0,0,0,0,0,0,0,0,0,0,0,2,0,0,1500,22/05/2025 14:26,Wet_Season
9bad7493-8449-4f30-a3bc-02d643b36c27,C-Beb0P9UH02,,100,,,8,4,0,2,0,0,2,2,0,0,0,0,0,0,0,0,0,0,0,0,0,2,0,0,1500,22/05/2025 14:56,Wet_Season
0ad588fa-4b2e-42f3-822c-787bf941d5de,C-Beb5J4X429,100,,,,6,6,0,2,0,0,0,2,0,2,0,0,0,0,0,0,0,0,0,0,0,0,0,0,1500,22/05/2025 14:56,Wet_Season
e7076fc2-eed7-46ed-8385-ae65e9aef4b8,C-BebBS1H636,,100,,,8,4,0,2,0,0,2,2,0,0,0,0,0,0,0,0,0,0,0,0,0,2,0,0,1500,22/05/2025 14:56,Wet_Season
b4894d33-ea70-42f4-aebc-edc887e3778c,C-BebFPI3U11,100,,,,6,6,0,2,0,0,0,2,0,2,0,0,0,0,0,0,0,0,0,0,0,0,0,0,1500,22/05/2025 14:56,Wet_Season
13a9239e-6990-4d0c-a7e1-2d384f8585c0,C-BebH5V5523,,100,,,8,4,0,2,0,0,2,2,0,0,0,0,0,0,0,0,0,0,0,0,0,2,0,0,1500,22/05/2025 14:56,Wet_Season
3bb66bb0-70e6-49d8-8d37-e0954c7f80fc,C-BebH9B8M42,100,,,,6,6,0,2,0,0,0,2,0,2,0,0,0,0,0,0,0,0,0,0,0,0,0,0,1500,22/05/2025 14:56,Wet_Season
268378bf-18a3-4840-ae91-938bc504076e,C-BebH9SNI30,,100,,,8,4,0,2,0,0,2,2,0,0,0,0,0,0,0,0,0,0,0,0,0,2,0,0,1500,22/05/2025 14:56,Wet_Season
a6935161-66e2-453e-9eb7-70e6455a40ff,C-BebL5WUA44,100,,,,6,6,0,2,0,0,0,2,0,2,0,0,0,0,0,0,0,0,0,0,0,0,0,0,1500,22/05/2025 14:56,Wet_Season
008883b7-3aab-43c8-a2e6-6cce6b2e7d2c,C-BebLWVO600,,100,,,8,4,0,2,0,0,2,2,0,0,0,0,0,0,0,0,0,0,0,0,0,2,0,0,1500,22/05/2025 14:56,Wet_Season
4829964b-84be-49a3-9ae1-0215bb6e59a5,C-BebMJIWZ19,100,,,,6,6,0,2,0,0,0,2,0,2,0,0,0,0,0,0,0,0,0,0,0,0,0,0,1500,22/05/2025 14:58,Wet_Season
cec4b896-e319-4cfb-9e87-f283fa1a078a,C-BebNMGK410,100,,,,6,6,0,2,0,0,0,2,0,2,0,0,0,0,0,0,0,0,0,0,0,0,0,0,1500,22/05/2025 14:59,Wet_Season
57e2d3eb-248f-4c2f-9e7d-2c7459a52bc8,C-BebP0FWZ39,,100,,,8,4,0,2,0,0,2,2,0,0,0,0,0,0,0,0,0,0,0,0,0,2,0,0,1500,22/05/2025 15:01,Wet_Season
462dfb49-eb36-45d4-b8da-dca6acf3116a,C-KacOKA2W03,20,,,,4,3,0,0,0,0,0,0,0,0,0,0,0,5,0,0,0,0,2,0,2,0,0,2,0,22/05/2025 15:20,Wet_Season
210a319e-b7b3-4eb0-8eae-0a701c4f7d39,C-Kac9GRR526,20,,,,4,3,0,0,0,0,0,0,0,0,0,0,0,5,0,0,0,0,2,0,2,0,0,2,0,22/05/2025 15:20,Wet_Season
bd339c1c-ad62-4263-90e6-b4ecaa257b19,C-KacADOM748,20,,,,4,3,0,0,0,0,0,0,0,0,0,0,0,5,0,0,0,0,2,0,2,0,0,2,0,22/05/2025 15:20,Wet_Season
7cb62443-0ead-4c71-8577-738684bd234d,C-KacBVR8R48,20,,,,4,3,0,0,0,0,0,0,0,0,0,0,0,5,0,0,0,0,2,0,2,0,0,2,0,22/05/2025 15:20,Wet_Season
7f257e4d-47b0-428b-a74a-c87623a6c1cf,C-Kac4DR0720,20,,,,4,3,0,0,0,0,0,0,0,0,0,0,0,5,0,0,0,0,2,0,2,0,0,2,0,22/05/2025 15:20,Wet_Season
85979f2c-9018-4685-85d1-c0ef5eff253a,C-KacPDOCY22,20,,,,4,3,0,0,0,0,0,0,0,0,0,0,0,5,0,0,0,0,2,0,2,0,0,2,0,22/05/2025 15:20,Wet_Season
fb7b57c8-e045-4279-9bcc-7d12f8a5a16b,C-Kac1PYMT30,20,,,,4,3,0,0,0,0,0,0,0,0,0,0,0,5,0,0,0,0,2,0,2,0,0,2,0,22/05/2025 15:20,Wet_Season
087cfbb7-4dfc-4630-833a-ed054c5e0c69,C-KacCKYI425,20,,,,4,3,0,0,0,0,0,0,0,0,0,0,0,5,0,0,0,0,2,0,2,0,0,2,0,22/05/2025 15:20,Wet_Season
ae32a4cb-d2fb-4762-9cd4-374d2930df4d,C-KacT3NVY53,20,,,,4,3,0,0,0,0,0,0,0,0,0,0,0,5,0,0,0,0,2,0,2,0,0,2,0,22/05/2025 15:20,Wet_Season
b4fb8744-8b9f-4261-9287-73b2ae2fa9b3,C-KacU2LA634,20,,,,4,3,0,0,0,0,0,0,0,0,0,0,0,5,0,0,0,0,2,0,2,0,0,2,0,22/05/2025 15:20,Wet_Season
be3e30d8-5d44-43fb-a7ca-342c2a4b01d2,C-Beb01Q9H46,,100,,,8,4,0,2,0,0,2,2,0,0,0,0,0,0,0,0,0,0,0,0,0,2,0,0,1500,22/05/2025 15:31,Wet_Season
81440df8-53a5-48d3-999c-4cbd3aeb0391,C-Beb137M940,100,,,,6,6,0,2,0,0,0,2,0,2,0,0,0,0,0,0,0,0,0,0,0,0,0,0,1500,22/05/2025 15:31,Wet_Season
e6bac82b-4f64-45bb-9df8-ef284a9a2ad6,C-Beb2FAHX25,100,,,,6,6,0,2,0,0,0,2,0,2,0,0,0,0,0,0,0,0,0,0,0,0,0,0,1500,22/05/2025 15:31,Wet_Season
df2c44b8-2f13-471d-a7c1-96a86ac4b344,C-Beb67D0815,,100,,,8,4,0,2,0,0,2,2,0,0,0,0,0,0,0,0,0,0,0,0,0,2,0,0,1500,22/05/2025 15:31,Wet_Season
63484e51-fd2f-4046-ba65-b35448ffec8b,C-Beb8D2AB04,,100,,,8,4,0,2,0,0,2,2,0,0,0,0,0,0,0,0,0,0,0,0,0,2,0,0,1500,22/05/2025 15:31,Wet_Season
cd5ffb65-82be-43cf-b96c-fed71b3637bf,C-BebCREO009,,100,,,8,4,0,2,0,0,2,2,0,0,0,0,0,0,0,0,0,0,0,0,0,2,0,0,1500,22/05/2025 15:31,Wet_Season
46c86c9f-703a-488d-91a7-960b9db4d475,C-BebI1DKW51,100,,,,6,6,0,2,0,0,0,2,0,2,0,0,0,0,0,0,0,0,0,0,0,0,0,0,1500,22/05/2025 15:31,Wet_Season
be3abc15-2e92-40d5-abac-53979c3bdc6e,C-BebJMNL528,,100,,,8,4,0,2,0,0,2,2,0,0,0,0,0,0,0,0,0,0,0,0,0,2,0,0,1500,22/05/2025 15:31,Wet_Season
0b7fef3d-5cf1-4075-8806-2a6bd860295b,C-BebNTJFZ25,,100,,,8,4,0,2,0,0,2,2,0,0,0,0,0,0,0,0,0,0,0,0,0,2,0,0,1500,22/05/2025 15:31,Wet_Season
1d0a3d51-0c9c-40cf-8b44-28618453c2a7,C-BebR7UKJ16,,100,,,8,4,0,2,0,0,2,2,0,0,0,0,0,0,0,0,0,0,0,0,0,2,0,0,1500,22/05/2025 15:31,Wet_Season
75f53d04-79b2-46de-bbc3-b0a55e04bd06,C-BebRJIBY51,100,,,,6,6,0,2,0,0,0,2,0,2,0,0,0,0,0,0,0,0,0,0,0,0,0,0,1500,22/05/2025 15:31,Wet_Season
c9432644-cf5a-4dce-b6ac-8bde2ee0b8fa,C-BebRMG9V06,,100,,,8,4,0,2,0,0,2,2,0,0,0,0,0,0,0,0,0,0,0,0,0,2,0,0,1500,22/05/2025 15:32,Wet_Season
4b9c7503-0375-4f67-b64a-2bf2753f1b6f,C-BebUA5EX24,100,,,,6,6,0,2,0,0,0,2,0,2,0,0,0,0,0,0,0,0,0,0,0,0,0,0,1500,22/05/2025 15:34,Wet_Season
77bf2ef4-93f2-4632-b046-152ebe0839f1,C-BebVGNLH48,100,,,,6,6,0,2,0,0,0,2,0,2,0,0,0,0,0,0,0,0,0,0,0,0,0,0,1500,22/05/2025 15:37,Wet_Season
ced60aab-44d7-4cca-a3fe-773b1f0c7d9a,C-BebW4B2B31,,100,,,8,4,0,2,0,0,2,2,0,0,0,0,0,0,0,0,0,0,0,0,0,2,0,0,1500,22/05/2025 15:37,Wet_Season
b0c7659c-e4d8-4789-a666-de3f3a81b378,C-Beb5GT5Q00,,100,,,8,4,0,2,0,0,2,2,0,0,0,0,0,0,0,0,0,0,0,0,0,2,0,0,1500,22/05/2025 15:41,Wet_Season
d8adb487-b3cf-43df-8deb-cd6ee7ae556d,C-BebAKLRJ37,100,,,,6,6,0,2,0,0,0,2,0,2,0,0,0,0,0,0,0,0,0,0,0,0,0,0,1500,22/05/2025 15:42,Wet_Season
8705a22a-5c39-4f7e-9b8c-4a9c9bdf5499,C-BebG98RP00,,100,,,8,4,0,2,0,0,2,2,0,0,0,0,0,0,0,0,0,0,0,0,0,2,0,0,1500,22/05/2025 15:44,Wet_Season
318ffb1c-dd51-4d8e-b690-806b254697bc,C-BebOKTRJ49,100,,,,6,6,0,2,0,0,0,2,0,2,0,0,0,0,0,0,0,0,0,0,0,0,0,0,1500,22/05/2025 15:45,Wet_Season
ccbe8a7b-1535-45f7-9d8e-4c0793cd348d,C-BebS73VS35,100,,,,6,6,0,2,0,0,0,2,0,2,0,0,0,0,0,0,0,0,0,0,0,0,0,0,1500,22/05/2025 16:00,Wet_Season
5dc86f82-6915-443e-8803-2d0eb75a7ff2,C-BebTYEKG24,,100,,,8,4,0,2,0,0,2,2,0,0,0,0,0,0,0,0,0,0,0,0,0,2,0,0,1500,22/05/2025 16:00,Wet_Season
c8098df2-5f28-4404-b486-ee25200372b7,C-Kir0OJDQ05,,100,,,8,4,0,2,0,0,2,2,0,0,0,0,0,0,0,0,0,0,0,0,0,2,0,0,1500,22/05/2025 16:00,Wet_Season
b803a7a3-a993-4af5-8096-fbb750045f6c,C-Kir2Z1QE38,,100,,,8,4,0,2,0,0,2,2,0,0,0,0,0,0,0,0,0,0,0,0,0,2,0,0,1500,22/05/2025 16:00,Wet_Season
a5062664-6a8a-48dd-b392-9920c4d5b67c,C-Kir7TPIY25,100,,,,6,6,0,2,0,0,0,2,0,2,0,0,0,0,0,0,0,0,0,0,0,0,0,0,1500,22/05/2025 16:00,Wet_Season
fd0d3812-ca5c-4f1b-933b-261baf86fe3b,C-Kir8QDGM14,100,,,,6,6,0,2,0,0,0,2,0,2,0,0,0,0,0,0,0,0,0,0,0,0,0,0,1500,22/05/2025 16:00,Wet_Season
19be1937-7ee3-4d19-9956-acd64aa9849e,C-Kir9G06Q58,100,,,,6,6,0,2,0,0,0,2,0,2,0,0,0,0,0,0,0,0,0,0,0,0,0,0,1500,22/05/2025 16:00,Wet_Season
5d3221f4-cdce-4779-aa40-4c08132bfc0a,C-KirDA6NG32,,100,,,8,4,0,2,0,0,2,2,0,0,0,0,0,0,0,0,0,0,0,0,0,2,0,0,1500,22/05/2025 16:01,Wet_Season
b77151f8-38c8-426b-adc0-8a85168538a8,C-KirHCALZ59,,100,,,8,4,0,2,0,0,2,2,0,0,0,0,0,0,0,0,0,0,0,0,0,2,0,0,1500,22/05/2025 16:01,Wet_Season
bad9fd98-32c5-4fe4-ad89-9c9cf1455ff4,C-KirHTTT201,,100,,,8,4,0,2,0,0,2,2,0,0,0,0,0,0,0,0,0,0,0,0,0,2,0,0,1500,22/05/2025 16:01,Wet_Season
c3fdd6e5-406b-4383-8bea-5c5c7a816bb1,C-KirPC1S253,100,,,,6,6,0,2,0,0,0,2,0,2,0,0,0,0,0,0,0,0,0,0,0,0,0,0,1500,22/05/2025 16:03,Wet_Season
fb9ad673-36ec-45bf-b76b-17b404e36ac4,C-Beb2YSV220,,100,,,8,4,0,2,0,0,2,2,0,0,0,0,0,0,0,0,0,0,0,0,0,2,0,0,1500,22/05/2025 16:07,Wet_Season
c7cd5c0e-77cf-48c7-b06a-4286102ff8e0,C-GweGQAYI36,,50,,,4,3,0,0,0,0,0,0,0,0,0,0,0,0,0,0,0,0,0,2,0.5,0,125,2,0,22/05/2025 16:09,Wet_Season
04a87403-d902-4671-9e76-23157c7e49f7,C-Beb577J441,100,,,,6,6,0,2,0,0,0,2,0,2,0,0,0,0,0,0,0,0,0,0,0,0,0,0,1500,22/05/2025 16:09,Wet_Season
1140a7da-df39-4f3a-90e1-c360040d7a43,C-GweY2E1T46,,50,,,4,3,0,0,0,0,0,0,0,0,0,0,0,0,0,0,0,0,0,2,0.5,0,125,2,0,22/05/2025 16:09,Wet_Season
a4cb1edf-f3cd-4937-b9dd-1c22a2e0e0e1,C-GweZ3TJQ49,,50,,,4,3,0,0,0,0,0,0,0,0,0,0,0,0,0,0,0,0,0,2,0.5,0,125,2,0,22/05/2025 16:09,Wet_Season
7c6ba7a3-115d-4bfc-89f6-0a07a0e4b396,C-Gwe82WO509,,50,,,4,3,0,0,0,0,0,0,0,0,0,0,0,0,0,0,0,0,0,2,0.5,0,125,2,0,22/05/2025 16:09,Wet_Season
b6323387-9a01-40f0-8803-23b02343722f,C-GweUENI219,,50,,,4,3,0,0,0,0,0,0,0,0,0,0,0,0,0,0,0,0,0,2,0.5,0,125,2,0,22/05/2025 16:09,Wet_Season
70a42f8f-8068-42f3-8184-6bb944c66ba6,C-Gwe4V3Y911,,,,,4,3,0,0,0,0,0,0,0,0,0,0,0,0,0,0,0,0,0,2,0.5,0,125,2,0,22/05/2025 16:09,Wet_Season
44e2c356-7c20-4cac-abf3-fb1894fb90f4,C-GweB93YN01,,50,,,4,3,0,0,0,0,0,0,0,0,0,0,0,0,0,0,0,0,0,2,0.5,0,125,2,0,22/05/2025 16:09,Wet_Season
846186ca-55fe-4c88-a825-beb211255b5c,C-GweAP17405,,,,,4,3,0,0,0,0,0,0,0,0,0,0,0,0,0,0,0,0,0,2,0.5,0,125,0.5,0,22/05/2025 16:09,Wet_Season
2c5fb99a-da59-46a5-b492-6eaa72bf063d,C-GweE0C4M05,,50,,,4,3,0,0,0,0,0,0,0,0,0,0,0,0,0,0,0,0,0,2,0.5,0,125,2,0,22/05/2025 16:09,Wet_Season
79806fd5-50d3-43df-8903-21d3351cf72d,C-GweVRRDN28,,50,,,4,3,0,0,0,0,0,0,0,0,0,0,0,0,0,0,0,0,0,2,0.5,0,125,2,0,22/05/2025 16:09,Wet_Season
286058e2-7486-4e8f-bf2c-65d416b29703,C-GweM6ESK31,,,,,4,3,0,0,0,0,0,0,0,0,0,0,0,0,0,0,0,0,0,2,0.5,0,125,2,0,22/05/2025 16:09,Wet_Season
89be99ec-04e1-415b-b5a8-875998169b73,C-Gwe2NF1I07,,,,,4,3,0,0,0,0,0,0,0,0,0,0,0,0,0,0,0,0,0,2,0.5,0,125,2,0,22/05/2025 16:10,Wet_Season
c4bced36-9479-4256-9bbd-4a25bb97f2d4,C-Beb65QYQ10,,100,,,8,4,0,2,0,0,2,2,0,0,0,0,0,0,0,0,0,0,0,0,0,2,0,0,1500,22/05/2025 16:10,Wet_Season
a482b991-3ecd-4a06-8926-154e232f6ea8,C-Beb6GATS03,100,,,,6,6,0,2,0,0,0,2,0,2,0,0,0,0,0,0,0,0,0,0,0,0,0,0,1500,22/05/2025 16:12,Wet_Season
b215d83e-69c5-4ad1-aafb-4df8c443228c,C-Kal3OMEX16,100,,,,6,6,0,2,0,0,0,2,0,0,0,0,0,0,0,0,0,0,0,0,0,0,0,0,1.5,22/05/2025 16:23,Wet_Season
42650258-91ed-4460-b891-ca8caaf8bc79,C-Kal6GKV331,100,,,,6,6,0,2,0,0,0,2,0,0,0,0,0,0,0,0,0,0,0,0,0,0,0,0,1.5,22/05/2025 16:23,Wet_Season
7bf38a5d-6980-4539-a0c3-d0cf857fb015,C-KalDQ2VY28,100,,,,6,6,0,2,0,0,0,2,0,0,0,0,0,0,0,0,0,0,0,0,0,0,0,0,1.5,22/05/2025 16:23,Wet_Season
651b5ee5-5c8c-4a32-b328-0e4475b84bac,C-KalEQY2J03,100,,,,6,6,0,2,0,0,0,2,0,0,0,0,0,0,0,0,0,0,0,0,0,0,0,0,1.5,22/05/2025 16:23,Wet_Season
906e4848-4f9d-4550-b861-14a60efd759c,C-KalGWHVB58,100,,,,6,6,0,2,0,0,0,2,0,0,0,0,0,0,0,0,0,0,0,0,0,0,0,0,1.5,22/05/2025 16:23,Wet_Season
8bf92dc6-9882-4c05-b5ba-59ceb0000ade,C-KalKF0BA19,100,,,,6,6,0,2,0,0,0,2,0,0,0,0,0,0,0,0,0,0,0,0,0,0,0,0,1.5,22/05/2025 16:23,Wet_Season
20b29564-812b-4b04-bc89-da48bbd5b382,C-KalKFNUG11,100,,,,6,6,0,2,0,0,0,2,0,0,0,0,0,0,0,0,0,0,0,0,0,0,0,0,1.5,22/05/2025 16:23,Wet_Season
74eec156-99ea-4662-a7fd-e34b225d840e,C-KalO6DBX19,100,,,,6,6,0,2,0,0,0,2,0,0,0,0,0,0,0,0,0,0,0,0,0,0,0,0,1.5,22/05/2025 16:23,Wet_Season
df3a00c1-8ea0-43ab-b5d9-786d01b36cde,C-KalQTUTJ37,100,,,,6,6,0,2,0,0,0,2,0,0,0,0,0,0,0,0,0,0,0,0,0,0,0,0,1.5,22/05/2025 16:24,Wet_Season
718d5546-2a2e-432a-bb77-c1b079901f54,C-KalSVZ1844,100,,,,6,6,0,2,0,0,0,2,0,0,0,0,0,0,0,0,0,0,0,0,0,0,0,0,1.5,22/05/2025 16:24,Wet_Season
2fc63c36-89aa-47dc-b31a-0290a40fcefe,C-KalUVKWI18,100,,,,6,6,0,2,0,0,0,2,0,0,0,0,0,0,0,0,0,0,0,0,0,0,0,0,1.5,22/05/2025 16:24,Wet_Season
89330060-796d-4b8c-9b06-83f5b8dfe137,C-Beb77YWS14,,100,,,8,4,0,2,0,0,2,2,0,0,0,0,0,0,0,0,0,0,0,0,0,2,0,0,1500,22/05/2025 16:28,Wet_Season
b3fd29c2-8291-42ee-bf02-8fb41c8d67d3,C-BebFQJSK41,,100,,,8,4,0,2,0,0,2,2,0,0,0,0,0,0,0,0,0,0,0,0,0,2,0,0,1500,22/05/2025 16:28,Wet_Season
6a27f4c7-5ccb-4249-8e05-43de32542cf0,C-BebK7VHB32,,100,,,8,4,0,2,0,0,2,2,0,0,0,0,0,0,0,0,0,0,0,0,0,2,0,0,1500,22/05/2025 16:28,Wet_Season
676fa553-9e03-44fc-b39f-4ad69d79544f,C-BebMG9XY06,,100,,,8,4,0,2,0,0,2,2,0,0,0,0,0,0,0,0,0,0,0,0,0,2,0,0,1500,22/05/2025 16:28,Wet_Season
6c19acb1-8e14-4912-a8e3-e35871be097b,C-BebO6RD315,100,,,,6,6,0,2,0,0,0,2,0,2,0,0,0,0,0,0,0,0,0,0,0,0,0,0,1500,22/05/2025 16:28,Wet_Season
5252810c-4e75-4837-9583-3359d4ec575a,C-BebOJKR748,,100,,,8,4,0,2,0,0,2,2,0,0,0,0,0,0,0,0,0,0,0,0,0,2,0,0,1500,22/05/2025 16:28,Wet_Season
636ce043-e841-4e6e-bfb0-6f2baaf836b0,C-BebPBCPX59,,100,,,8,4,0,2,0,0,2,2,0,0,0,0,0,0,0,0,0,0,0,0,0,2,0,0,1500,22/05/2025 16:28,Wet_Season
0fa2eb7a-d9c9-4d35-a43b-fafc2f4b31a6,C-BebPRFIS17,100,,,,6,6,0,2,0,0,0,2,0,2,0,0,0,0,0,0,0,0,0,0,0,0,0,0,1500,22/05/2025 16:28,Wet_Season
a4261119-a8a0-483b-8d2c-133d2a347223,C-Kal4XCH402,100,,,,6,6,0,2,0,0,0,2,0,0,0,0,0,0,0,0,0,0,0,0,0,0,0,0,1.5,22/05/2025 16:30,Wet_Season
eb5dc765-a9b0-445f-9f60-cadd52280733,C-BebR6K6339,,100,,,8,4,0,2,0,0,2,2,0,0,0,0,0,0,0,0,0,0,0,0,0,2,0,0,1500,22/05/2025 16:31,Wet_Season
35dc2899-71fe-4662-ade1-3fbfca922eaf,C-BebRTO0F28,100,,,,6,6,0,2,0,0,0,2,0,2,0,0,0,0,0,0,0,0,0,0,0,0,0,0,1500,22/05/2025 16:32,Wet_Season
5d854258-114a-4b50-b504-bac54357c67b,C-Kal534ZY39,100,,,,6,6,0,2,0,0,0,2,0,0,0,0,0,0,0,0,0,0,0,0,0,0,0,0,1.5,22/05/2025 16:33,Wet_Season
0d821254-f4b9-40cb-8449-22901c21e2bb,C-BebT08BA21,100,,,,6,6,0,2,0,0,0,2,0,2,0,0,0,0,0,0,0,0,0,0,0,0,0,0,1500,22/05/2025 16:34,Wet_Season
cdfcde5e-a4d8-48ac-8cac-33c4e4f4f8db,C-BebTMY1T02,,100,,,8,4,0,2,0,0,2,2,0,0,0,0,0,0,0,0,0,0,0,0,0,2,0,0,1500,22/05/2025 16:35,Wet_Season
2742604f-398f-41ee-aa19-db200e1d65e3,C-BebWGJB951,,100,,,8,4,0,2,0,0,2,2,0,0,0,0,0,0,0,0,0,0,0,0,0,2,0,0,1500,22/05/2025 16:37,Wet_Season
3f458c7e-9949-42de-893c-8383968e4989,C-BebX63O954,,100,,,8,4,0,2,0,0,2,2,0,0,0,0,0,0,0,0,0,0,0,0,0,2,0,0,1500,22/05/2025 16:39,Wet_Season
6d16206c-b41d-4f8e-a0cd-fb8801a0edee,C-BebXA6X223,,100,,,8,4,0,2,0,0,2,2,0,0,0,0,0,0,0,0,0,0,0,0,0,2,0,0,1500,22/05/2025 16:40,Wet_Season
6bda8033-2d55-40ad-8d39-e074f443adb3,C-BebXEV3O31,100,,,,6,6,0,2,0,0,0,2,0,2,0,0,0,0,0,0,0,0,0,0,0,0,0,0,1500,22/05/2025 16:42,Wet_Season
92d47bfa-23fe-45b9-bdbf-525382a406bb,C-BebXUZCO38,100,,,,6,6,0,2,0,0,0,2,0,2,0,0,0,0,0,0,0,0,0,0,0,0,0,0,1500,22/05/2025 16:44,Wet_Season
3964d265-2d20-41db-bdfe-302a9e76078c,C-Beb4FUGL37,,100,,,8,4,0,2,0,0,2,2,0,0,0,0,0,0,0,0,0,0,0,0,0,2,0,0,1500,22/05/2025 16:46,Wet_Season
cd449191-a407-4686-80dc-d4b76e041ba4,C-BebHA7I406,100,,,,6,6,0,2,0,0,0,2,0,2,0,0,0,0,0,0,0,0,0,0,0,0,0,0,1500,22/05/2025 16:48,Wet_Season
a5900067-6449-4d62-972d-a6b0b8c61954,C-BebMXI0L32,,100,,,8,4,0,2,0,0,2,2,0,0,0,0,0,0,0,0,0,0,0,0,0,2,0,0,1500,22/05/2025 16:50,Wet_Season
7deca104-793c-4239-ab89-33c250591542,C-Dom2YAOY39,,50,,,4,3,0,0,0,0,0,0,0,0,0,0,0,0,0,0,0,0,0,2,2,0,2,2,0,22/05/2025 16:51,Wet_Season
f825c3d3-d3de-4409-9d9f-30a6f5e9cb40,C-BebQZYAU20,100,,,,6,6,0,2,0,0,0,2,0,2,0,0,0,0,0,0,0,0,0,0,0,0,0,0,1500,22/05/2025 16:51,Wet_Season
8cfad1d7-4121-49bb-a0ef-3575a39ce5e5,C-BebS56ZF43,100,,,,6,6,0,2,0,0,0,2,0,2,0,0,0,0,0,0,0,0,0,0,0,0,0,0,1500,22/05/2025 16:52,Wet_Season
9c695f71-70f6-442d-88ff-3a7c9f416711,C-BebSMF2S36,,100,,,8,4,0,2,0,0,2,2,0,0,0,0,0,0,0,0,0,0,0,0,0,2,0,0,1500,22/05/2025 16:53,Wet_Season
d83b9384-fc4e-4aa8-94e0-ed5746cbda0a,C-BebUFNNW18,,100,,,8,4,0,2,0,0,2,2,0,0,0,0,0,0,0,0,0,0,0,0,0,2,0,0,1500,22/05/2025 16:55,Wet_Season
ca987082-c0da-4fd4-b056-e2a43956828c,C-BebV0RTZ16,100,,,,6,6,0,2,0,0,0,2,0,2,0,0,0,0,0,0,0,0,0,0,0,0,0,0,1500,22/05/2025 16:56,Wet_Season
cba6ad0c-3a8c-491e-9c84-4804bc676bf9,C-BebWIWE630,,100,,,8,4,0,2,0,0,2,2,0,0,0,0,0,0,0,0,0,0,0,0,0,2,0,0,1500,22/05/2025 16:58,Wet_Season
84b2520e-985e-41f3-bb63-5beaf34c5b80,C-Bil6IAQN17,,100,,,8,4,0,2,0,0,2,2,0,0,0,0,0,0,0,0,0,0,0,0,0,2,0,0,1500,22/05/2025 17:24,Wet_Season
45d5efb8-1330-4650-870d-adc9d3126301,C-Bil7NQIJ38,100,,,,6,6,0,2,0,0,0,2,0,2,0,0,0,0,0,0,0,0,0,0,0,0,0,0,1500,22/05/2025 17:24,Wet_Season
04ed5589-1632-4fd9-994d-4ac9b063ac13,C-BilBYIQH46,100,,,,6,6,0,2,0,0,0,2,0,2,0,0,0,0,0,0,0,0,0,0,0,0,0,0,1500,22/05/2025 17:24,Wet_Season
f3e9aab5-221b-4f20-9d2f-88b52bf3a003,C-BilGNDM012,100,,,,6,6,0,2,0,0,0,2,0,2,0,0,0,0,0,0,0,0,0,0,0,0,0,0,1500,22/05/2025 17:24,Wet_Season
5803a574-874f-4933-8809-f6fe59e08791,C-BilIBI9W52,,100,,,8,4,0,2,0,0,2,2,0,0,0,0,0,0,0,0,0,0,0,0,0,2,0,0,1500,22/05/2025 17:24,Wet_Season
513a86df-3dd7-4b78-bf45-207c06c253d4,C-BilNZVMB58,,100,,,8,4,0,2,0,0,2,2,0,0,0,0,0,0,0,0,0,0,0,0,0,2,0,0,1500,22/05/2025 17:24,Wet_Season
861e93bb-ff58-4888-a1c8-be04c5548593,C-BilO5QG138,,100,,,8,4,0,2,0,0,2,2,0,0,0,0,0,0,0,0,0,0,0,0,0,2,0,0,1500,22/05/2025 17:24,Wet_Season
61218776-7a06-4657-98a5-8b834ade3a0f,C-BilOO36756,,100,,,8,4,0,2,0,0,2,2,0,0,0,0,0,0,0,0,0,0,0,0,0,2,0,0,1500,22/05/2025 17:24,Wet_Season
fd1e7dee-7e38-46b4-b1f9-d9426a1aa229,C-BilRPYV215,100,,,,6,6,0,2,0,0,0,2,0,2,0,0,0,0,0,0,0,0,0,0,0,0,0,0,1500,22/05/2025 17:25,Wet_Season
dff68f33-6027-4fbb-8b47-0a184e708fe9,C-BilTIP8G57,100,,,,6,6,0,2,0,0,0,2,0,2,0,0,0,0,0,0,0,0,0,0,0,0,0,0,1500,22/05/2025 17:25,Wet_Season
17782227-9f39-4495-98db-8f63078e5933,C-BilWXA8S22,,100,,,8,4,0,2,0,0,2,2,0,0,0,0,0,0,0,0,0,0,0,0,0,2,0,0,1500,22/05/2025 17:25,Wet_Season
b25c189b-a8b1-4519-8163-a6298fa2d8cb,C-BilWXQZV09,,100,,,8,4,0,2,0,0,2,2,0,0,0,0,0,0,0,0,0,0,0,0,0,2,0,0,1500,22/05/2025 17:25,Wet_Season
03afd3d0-b32c-4bd8-960c-47a9a3e4fd2b,C-BilX2SPR19,,100,,,8,4,0,2,0,0,2,2,0,0,0,0,0,0,0,0,0,0,0,0,0,2,0,0,1500,22/05/2025 17:25,Wet_Season
6ca5bc98-6ac0-415a-8a7a-80715068e891,C-BilZF51659,,100,,,8,4,0,2,0,0,2,2,0,0,0,0,0,0,0,0,0,0,0,0,0,2,0,0,1500,22/05/2025 17:27,Wet_Season
a1866ab8-10cf-4f89-bae0-1a309ac851d2,C-Jah2ZAKL57,100,,,,6,6,0,2,0,0,0,2,0,2,0,0,0,0,0,0,0,0,0,0,0,0,0,0,1.5,22/05/2025 17:31,Wet_Season
ef89fe8f-81f8-441a-9e2e-da9795b2f6e0,C-JahCV8LD34,,100,,,8,4,0,2,0,0,2,2,0,0,0,0,0,0,0,0,0,0,0,0,0,2,0,0,1.5,22/05/2025 17:31,Wet_Season
8a0fcae5-470e-4432-89e8-d4db252786c1,C-JahXMJYX28,,100,,,8,4,0,2,0,0,2,2,0,0,0,0,0,0,0,0,0,0,0,0,0,2,0,0,1.5,22/05/2025 17:31,Wet_Season
d6de11ff-c3b3-4b87-a36e-b0de705be5a2,C-JahKYNE611,100,,,,6,6,0,2,0,0,0,2,0,2,0,0,0,0,0,0,0,0,0,0,0,0,0,0,1.5,22/05/2025 17:31,Wet_Season
72008325-2eb1-4c15-87c9-77ba50001f24,C-Jah7962O00,100,,,,6,6,0,2,0,0,0,2,0,2,0,0,0,0,0,0,0,0,0,0,0,0,0,0,1.5,22/05/2025 17:31,Wet_Season
d8a180b8-ec41-43db-99db-6d00ac5ce41d,C-JahORA5P07,100,,,,6,6,0,2,0,0,0,2,0,2,0,0,0,0,0,0,0,0,0,0,0,0,0,0,1.5,22/05/2025 17:31,Wet_Season
a4a359f9-4999-4477-866c-e9605f24e485,C-JahPP5JS59,,100,,,8,4,0,2,0,0,2,2,0,0,0,0,0,0,0,0,0,0,0,0,0,2,0,0,1.5,22/05/2025 17:31,Wet_Season
737f128d-e53d-4acc-937f-99b7a75cc876,C-JahV5YHE23,,100,,,8,4,0,2,0,0,2,2,0,0,0,0,0,0,0,0,0,0,0,0,0,2,0,0,1.5,22/05/2025 17:31,Wet_Season
9ce3de56-8384-4687-8a36-056b0e7b1be0,C-Jah114WJ35,100,,,,6,6,0,2,0,0,0,2,0,2,0,0,0,0,0,0,0,0,0,0,0,0,0,0,1.5,22/05/2025 17:31,Wet_Season
5c07472c-672a-4a96-844d-2258e707e14b,C-JahFHX0B36,,100,,,8,4,0,2,0,0,2,2,0,0,0,0,0,0,0,0,0,0,0,0,0,2,0,0,1.5,22/05/2025 17:31,Wet_Season
84546c28-d863-4d7d-8e0e-11ab2f4eb7c7,C-JahLP40S11,100,,,,6,6,0,2,0,0,0,2,0,2,0,0,0,0,0,0,0,0,0,0,0,0,0,0,1.5,22/05/2025 17:31,Wet_Season
bf24d7c7-ce59-4645-a43e-1c5dcb3b37f1,C-JahY8IGP54,100,,,,6,6,0,2,0,0,0,2,0,2,0,0,0,0,0,0,0,0,0,0,0,0,0,0,1.5,22/05/2025 17:31,Wet_Season
795c0730-85a2-4674-b1ad-86dd1f5db059,C-JahE8BK213,,100,,,8,4,0,2,0,0,2,2,0,0,0,0,0,0,0,0,0,0,0,0,0,2,0,0,1.5,22/05/2025 17:32,Wet_Season
8ff4ab1b-4598-4212-ad83-1b72ad88ea00,C-JahCSY2F55,100,,,,6,6,0,2,0,0,0,2,0,2,0,0,0,0,0,0,0,0,0,0,0,0,0,0,1.5,22/05/2025 17:32,Wet_Season
0581778d-3bea-4041-9260-5f5b42993f50,C-JahB26MC22,100,,,,6,6,0,2,0,0,0,2,0,2,0,0,0,0,0,0,0,0,0,0,0,0,0,0,1.5,22/05/2025 17:32,Wet_Season
206fd471-ba29-484f-bdc3-b71fa1f75c1f,C-Jah1DNRX44,,100,,,8,4,0,2,0,0,2,2,0,0,0,0,0,0,0,0,0,0,0,0,0,2,0,0,1.5,22/05/2025 17:32,Wet_Season
7086692a-d545-4fab-a832-f8b0d2ba68bd,C-JahZPP8J51,,100,,,8,4,0,2,0,0,2,2,0,0,0,0,0,0,0,0,0,0,0,0,0,2,0,0,1.5,22/05/2025 17:32,Wet_Season
d0d4410f-7e4c-4ba1-a33e-c4c6c7928d3d,C-JahKJYBT07,100,,,,6,6,0,2,0,0,0,2,0,2,0,0,0,0,0,0,0,0,0,0,0,0,0,0,1.5,22/05/2025 17:32,Wet_Season
1d3474b6-29bd-4308-9f1b-e5940f9b40a7,C-JahQW03852,,100,,,8,4,0,2,0,0,2,2,0,0,0,0,0,0,0,0,0,0,0,0,0,2,0,0,1.5,22/05/2025 17:32,Wet_Season
6eeff9a7-688c-4f08-8c09-8be715c394af,C-Jah3098907,,100,,,8,4,0,2,0,0,2,2,0,0,0,0,0,0,0,0,0,0,0,0,0,2,0,0,1.5,22/05/2025 17:32,Wet_Season
2616acff-4cda-49d9-ba13-223d0411b329,C-JahRY7ND24,100,,,,6,6,0,2,0,0,0,2,0,2,0,0,0,0,0,0,0,0,0,0,0,0,0,0,1.5,22/05/2025 17:32,Wet_Season
3ce59807-0c54-454b-990b-112613460419,C-JahRK4EY25,100,,,,6,6,0,2,0,0,0,2,0,2,0,0,0,0,0,0,0,0,0,0,0,0,0,0,1.5,22/05/2025 17:32,Wet_Season
53d7ea88-6991-4eaa-9b4c-e524a5b13958,C-Jah1HTRM30,,100,,,8,4,0,2,0,0,2,2,0,0,0,0,0,0,0,0,0,0,0,0,0,2,0,0,1.5,22/05/2025 17:32,Wet_Season
99906464-9953-42c2-bd01-66c86e934c74,C-JahZZEWI57,,100,,,8,4,0,2,0,0,2,2,0,0,0,0,0,0,0,0,0,0,0,0,0,2,0,0,1.5,22/05/2025 17:32,Wet_Season
69af5ad6-6f09-4366-9cab-50bbcf5ea36f,C-JahM1CBI57,100,,,,6,6,0,2,0,0,0,2,0,2,0,0,0,0,0,0,0,0,0,0,0,0,0,0,1.5,22/05/2025 17:32,Wet_Season
b3818645-6419-4474-8839-9e84c5dde557,C-JahITFDM23,100,,,,6,6,0,2,0,0,0,2,0,2,0,0,0,0,0,0,0,0,0,0,0,0,0,0,1.5,22/05/2025 17:32,Wet_Season
d661373a-e0a4-4487-bf52-739f23c519e4,C-Jah4Q07D54,,100,,,8,4,0,2,0,0,2,2,0,0,0,0,0,0,0,0,0,0,0,0,0,2,0,0,1.5,22/05/2025 17:32,Wet_Season
9a141814-1eaa-4cac-9f08-726cb872c3e7,C-Jah4RZU631,100,,,,6,6,0,2,0,0,0,2,0,2,0,0,0,0,0,0,0,0,0,0,0,0,0,0,1.5,22/05/2025 17:32,Wet_Season
3d1ce4eb-eb1f-493c-8388-668d876381c2,C-Jah82ZNU09,100,,,,6,6,0,2,0,0,0,2,0,2,0,0,0,0,0,0,0,0,0,0,0,0,0,0,1.5,22/05/2025 17:32,Wet_Season
1086a55c-d709-4db9-83fb-3d47458e7150,C-JahLOYBA58,,100,,,8,6,0,2,0,0,2,2,0,0,0,0,0,0,0,0,0,0,0,0,0,2,0,0,1.5,22/05/2025 17:32,Wet_Season
44c407b2-765c-4480-9fec-27da53130ab3,C-JahN905S03,,100,,,8,4,0,2,0,0,2,2,0,0,0,0,0,0,0,0,0,0,0,0,0,2,0,0,1.5,22/05/2025 17:32,Wet_Season
b3dcff07-d0ef-460e-b1aa-1cad995220aa,C-JahUKMF508,,100,,,8,4,0,2,0,0,2,2,0,0,0,0,0,0,0,0,0,0,0,0,0,2,0,0,1.5,22/05/2025 17:32,Wet_Season
10f6d9e3-756c-45b1-b102-1bc3ef8ba1bb,C-JahRS9LT04,100,,,,6,6,0,2,0,0,0,2,0,2,0,0,0,0,0,0,0,0,0,0,0,0,0,0,1.5,22/05/2025 17:32,Wet_Season
b4cae7ea-9641-4d95-b0bb-fc2cc72c5028,C-JahUH54U31,,100,,,8,4,0,2,0,0,2,2,0,0,0,0,0,0,0,0,0,0,0,0,0,2,0,0,1.5,22/05/2025 17:32,Wet_Season
1cb6b697-0e4e-4c01-95d0-7522d2f5bb74,C-Jah1TJVJ01,100,,,,6,6,0,2,0,0,0,2,0,2,0,0,0,0,0,0,0,0,0,0,0,0,0,0,1.5,22/05/2025 17:32,Wet_Season
f4db195b-7503-46ad-aa9c-8360baefe760,C-JahNBU2827,100,,,,6,6,0,2,0,0,0,2,0,2,0,0,0,0,0,0,0,0,0,0,0,0,0,0,1.5,22/05/2025 17:32,Wet_Season
39d23f76-49f7-4fbc-aa08-ed60816a5b39,C-Jah2B0V635,100,,,,6,6,0,2,0,0,0,2,0,2,0,0,0,0,0,0,0,0,0,0,0,0,0,0,1.5,22/05/2025 17:32,Wet_Season
1a11d9ef-c767-4b1c-918a-b6f9e8dc8221,C-Jah4R6YQ31,,100,,,8,4,0,2,0,0,2,2,0,0,0,0,0,0,0,0,0,0,0,0,0,2,0,0,1.5,22/05/2025 17:32,Wet_Season
64ab5d2b-381b-4e57-9b72-a7cd6587199a,C-JahGQS1P28,,100,,,8,4,0,2,0,0,2,2,0,0,0,0,0,0,0,0,0,0,0,0,0,2,0,0,1.5,22/05/2025 17:32,Wet_Season
3404427c-ec96-4836-be79-cb8d16293b63,C-JahKWTOR23,,100,,,8,4,0,2,0,0,2,2,0,0,0,0,0,0,0,0,0,0,0,0,0,2,0,0,1.5,22/05/2025 17:32,Wet_Season
b4477099-1460-4ea6-a239-acfb9d3bc5e6,C-JahGLU0U36,100,,,,6,6,0,2,0,0,0,2,0,2,0,0,0,0,0,0,0,0,0,0,0,0,0,0,1.5,22/05/2025 17:32,Wet_Season
82956c77-1e1a-483d-83fb-52550995de34,C-Jah7MBZT35,,100,,,8,4,0,2,0,0,2,2,0,0,0,0,0,0,0,0,0,0,0,0,0,2,0,0,1.5,22/05/2025 17:32,Wet_Season
9e37cefe-dfd4-47e5-be67-f5a347b1fd58,C-Jah6Q03646,100,,,,6,6,0,2,0,0,0,2,0,2,0,0,0,0,0,0,0,0,0,0,0,0,0,0,1.5,22/05/2025 17:32,Wet_Season
16c6070d-5029-437f-9440-3a2143e0eff0,C-Jah5P66T15,100,,,,6,6,0,2,0,0,0,2,0,2,0,0,0,0,0,0,0,0,0,0,0,0,0,0,1.5,22/05/2025 17:32,Wet_Season
51b076e0-9b45-46ad-a6d3-f3939fe58f53,C-JahDIDON57,,100,,,8,4,0,2,0,0,0,2,0,0,0,0,0,0,0,0,0,0,0,0,0,0,0,0,1.5,22/05/2025 17:32,Wet_Season
2f12e767-a8af-42d7-ba38-87fbd1f4f090,C-JahKHOQA53,,100,,,8,4,0,2,0,0,2,2,0,0,0,0,0,0,0,0,0,0,0,0,0,2,0,0,1.5,22/05/2025 17:32,Wet_Season
159e2670-b9a6-436a-9736-2ebc53d2141a,C-JahYXBJZ18,,100,,,8,4,0,2,0,0,2,2,0,0,0,0,0,0,0,0,0,0,0,0,0,2,0,0,1.5,22/05/2025 17:32,Wet_Season
ff56a2a7-6f47-4112-add8-3409debdeb08,C-JahXYXWR47,100,,,,6,6,0,2,0,0,0,2,0,2,0,0,0,0,0,0,0,0,0,0,0,0,0,0,1.5,22/05/2025 17:32,Wet_Season
e42f8f10-c750-4f11-ba47-d25c6d518204,C-JahG3JQS14,100,,,,6,6,0,2,0,0,0,2,0,2,0,0,0,0,0,0,0,0,0,0,0,0,0,0,1.5,22/05/2025 17:33,Wet_Season
04669acb-f475-41e2-969d-a9ba3aa94910,C-JahZMRB529,,100,,,8,4,0,2,0,0,2,2,0,0,0,0,0,0,0,0,0,0,0,0,0,2,0,0,1.5,22/05/2025 17:33,Wet_Season
f2aeb5de-2be2-475c-989f-2461786e49c4,C-JahENKPC52,,100,,,8,4,0,2,0,0,2,2,0,0,0,0,0,0,0,0,0,0,0,0,0,2,0,0,1.5,22/05/2025 17:33,Wet_Season
858f1cae-78a0-4e90-8810-635685806f56,C-JahFIA6S53,100,,,,6,6,0,2,0,0,0,2,0,2,0,0,0,0,0,0,0,0,0,0,0,0,0,0,1.5,22/05/2025 17:33,Wet_Season
8f8ca34c-ac78-4797-a5c9-a966a273cc52,C-JahKCHNX25,,100,,,8,4,0,2,0,0,2,2,0,0,0,0,0,0,0,0,0,0,0,0,0,2,0,0,1.5,22/05/2025 17:33,Wet_Season
7b2e4dd0-92dd-439c-a737-470787001242,C-Jah2RU3D52,,100,,,8,4,0,2,0,0,2,2,0,0,0,0,0,0,0,0,0,0,0,0,0,2,0,0,1.5,22/05/2025 17:33,Wet_Season
9d013e3c-a1c3-4cb7-9c99-fd421acb947f,C-JahJ34QA56,100,,,,6,6,0,2,0,0,0,2,0,2,0,0,0,0,0,0,0,0,0,0,0,0,0,0,1.5,22/05/2025 17:33,Wet_Season
30b041f4-4420-43b0-b63b-983960a301fa,C-Jah8AKG334,100,,,,6,6,0,2,0,0,0,2,0,2,0,0,0,0,0,0,0,0,0,0,0,0,0,0,1.5,22/05/2025 17:33,Wet_Season
0c7e9e06-55aa-4372-885f-1c4928afbf67,C-Jah3X2CE39,,100,,,8,4,0,2,0,0,2,2,0,0,0,0,0,0,0,0,0,0,0,0,0,2,0,0,1.5,22/05/2025 17:33,Wet_Season
ff85c76d-f49a-49a5-ba5c-cca4e367f36a,C-Jah1MEDV59,100,,,,6,6,0,2,0,0,0,2,0,2,0,0,0,0,0,0,0,0,0,0,0,0,0,0,1.5,22/05/2025 17:33,Wet_Season
6156d6f2-8070-400a-9a2b-29cdbb02f8f5,C-Jah7O9OE17,100,,,,6,6,0,2,0,0,0,2,0,2,0,0,0,0,0,0,0,0,0,0,0,0,0,0,1.5,22/05/2025 17:33,Wet_Season
32005a63-a434-4a4f-b2f3-9f972bf6c6d8,C-Jah1TFML45,,100,,,8,4,0,2,0,0,2,2,0,0,0,0,0,0,0,0,0,0,0,0,0,2,0,0,1.5,22/05/2025 17:33,Wet_Season
c561c1ca-8f1c-4305-9909-02d3330762b9,C-JahQW7EV43,,100,,,8,4,0,2,0,0,2,2,0,0,0,0,0,0,0,0,0,0,0,0,0,2,0,0,1.5,22/05/2025 17:33,Wet_Season
292b62eb-41b9-4f7e-ae04-f6a82e6ae090,C-Jah8PKJO12,100,,,,6,6,0,2,0,0,0,2,0,2,0,0,0,0,0,0,0,0,0,0,0,0,0,0,1.5,22/05/2025 17:33,Wet_Season
f7dccbc1-9d89-4739-91a3-9438a0213b93,C-JahQWABQ29,100,,,,6,6,0,2,0,0,0,2,0,0,0,0,0,0,0,0,0,0,0,0,0,0,0,0,1.5,22/05/2025 17:33,Wet_Season
73eab1d2-3365-4739-bd08-8cdc725b4dfb,C-Jah39X5W50,,100,,,8,4,0,2,0,0,2,2,0,0,0,0,0,0,0,0,0,0,0,0,0,2,0,0,1.5,22/05/2025 17:33,Wet_Season
b536fdca-a387-4e11-95b8-faed6da13ab1,C-JahBBS1I18,100,,,,6,6,0,2,0,0,0,2,0,2,0,0,0,0,0,0,0,0,0,0,0,0,0,0,1.5,22/05/2025 17:33,Wet_Season
e9e485ca-1767-422b-8c9c-c83814dfc2a1,C-JahET4IL36,100,,,,6,6,0,2,0,0,0,2,0,2,0,0,0,0,0,0,0,0,0,0,0,0,0,0,1.5,22/05/2025 17:33,Wet_Season
882eb334-ad7a-4f51-bbbc-87eeadc58177,C-JahJZZM421,100,,,,6,6,0,2,0,0,0,2,0,2,0,0,0,0,0,0,0,0,0,0,0,0,0,0,1.5,22/05/2025 17:33,Wet_Season
b02c1e83-6a4e-453d-bd43-7705e5d248b8,C-JahBK7A333,,100,,,8,4,0,2,0,0,2,2,0,0,0,0,0,0,0,0,0,0,0,0,0,2,0,0,1.5,22/05/2025 17:33,Wet_Season
5367243e-18a5-4a18-a1b5-e6b2ee757c45,C-Laf3PJSW14,,50,,,4,3,0,0,0,0,0,0,0,0,0,0,0,0,0,0,0,0,0,2,2,0,2,2,0,22/05/2025 18:03,Wet_Season
f897ef73-6cc6-4285-8f78-d23f69e0f4e1,C-Bau2R13V36,100,,,,6,6,0,2,0,0,0,2,0,2,0,0,0,0,0,0,0,0,0,0,0,0,0,0,1500,22/05/2025 18:09,Wet_Season
691b4971-3edf-487d-bb1e-2e01e660a0dc,C-Bau79OHM40,,100,,,8,4,0,2,0,0,2,2,0,0,0,0,0,0,0,0,0,0,0,0,0,2,0,0,1500,22/05/2025 18:09,Wet_Season
bacd24d4-a826-4f8b-b547-9a565959e7d1,C-BauN0BHO45,100,,,,6,6,0,2,0,0,0,2,0,2,0,0,0,0,0,0,0,0,0,0,0,0,0,0,1500,22/05/2025 18:09,Wet_Season
6f77226c-0dbb-444a-ac12-9400ce98485f,C-BauX96GJ08,,100,,,8,4,0,2,0,0,2,2,0,0,0,0,0,0,0,0,0,0,0,0,0,2,0,0,1500,22/05/2025 18:09,Wet_Season
4347b192-7370-4183-9101-189c4268be5e,C-BauZVTUY24,,100,,,8,4,0,2,0,0,2,2,0,0,0,0,0,0,0,0,0,0,0,0,0,2,0,0,1500,22/05/2025 18:09,Wet_Season
fa9fba1d-cc78-442b-9679-e44799a53628,C-Das1UWUE53,100,,,,6,6,0,2,0,0,0,2,0,2,0,0,0,0,0,0,0,0,0,0,0,0,0,0,1500,22/05/2025 18:09,Wet_Season
b3a3b6fc-a0d5-4336-84f1-db728237f410,C-Das6HTR014,,100,,,8,4,0,2,0,0,2,2,0,0,0,0,0,0,0,0,0,0,0,0,0,2,0,0,1500,22/05/2025 18:09,Wet_Season
4e441136-2023-4b73-9708-7b6b23fca950,C-Das6Y4U956,100,,,,6,6,0,2,0,0,0,2,0,2,0,0,0,0,0,0,0,0,0,0,0,0,0,0,1500,22/05/2025 18:09,Wet_Season
a09f96ea-0e58-4c86-a9d0-76ac1ff952b0,C-DasIVK5Q42,,100,,,8,4,0,2,0,0,2,2,0,0,0,0,0,0,0,0,0,0,0,0,0,2,0,0,1500,22/05/2025 18:09,Wet_Season
6b01f730-ad2f-4c1e-9591-71f60eb1664d,C-DasJPQY328,100,,,,6,6,0,2,0,0,0,2,0,2,0,0,0,0,0,0,0,0,0,0,0,0,0,0,1500,22/05/2025 18:09,Wet_Season
f40c14a8-042c-461a-925d-115f0fd97479,C-DasKUJOI59,100,,,,6,6,0,2,0,0,0,2,0,2,0,0,0,0,0,0,0,0,0,0,0,0,0,0,1500,22/05/2025 18:09,Wet_Season
9df462e3-601b-42a8-bbed-89a61ab0c25b,C-DasTDIRY33,,100,,,8,4,0,2,0,0,2,2,0,0,0,0,0,0,0,0,0,0,0,0,0,2,0,0,1500,22/05/2025 18:09,Wet_Season
ef05e133-8be0-496e-a382-934d717decc1,C-DasVLNYH25,,100,,,8,4,0,2,0,0,2,2,0,0,0,0,0,0,0,0,0,0,0,0,0,2,0,0,1500,22/05/2025 18:09,Wet_Season
c457cbc9-d170-45a8-b54e-73f5ac31213f,C-Das4TGSS34,100,,,,6,6,0,2,0,0,0,2,0,2,0,0,0,0,0,0,0,0,0,0,0,0,0,0,1500,22/05/2025 18:12,Wet_Season
15d16ba6-bc1a-4c62-bc3d-5150def39b67,C-Das6UQNS20,,100,,,8,4,0,2,0,0,2,2,0,0,0,0,0,0,0,0,0,0,0,0,0,2,0,0,1500,22/05/2025 18:13,Wet_Season
83e8b1ff-876b-4815-b77f-a996fb77475c,C-Das7NDH413,100,,,,6,6,0,2,0,0,0,2,0,2,0,0,0,0,0,0,0,0,0,0,0,0,0,0,1500,22/05/2025 18:15,Wet_Season
965c5b55-1750-4acf-bbc9-f6eaf6f13395,C-DasCYE1847,100,,,,6,6,0,2,0,0,0,2,0,2,0,0,0,0,0,0,0,0,0,0,0,0,0,0,1500,22/05/2025 18:16,Wet_Season
8c02598d-d9cb-4c9c-9f29-d012f02b1946,C-DasE464R36,100,,,,6,6,0,2,0,0,0,2,0,2,0,0,0,0,0,0,0,0,0,0,0,0,0,0,1500,22/05/2025 18:19,Wet_Season
fc3af774-f548-49ff-beb7-5808321996ca,C-DasGGNC807,,100,,,8,4,0,2,0,0,2,2,0,0,0,0,0,0,0,0,0,0,0,0,0,2,0,0,1500,22/05/2025 18:23,Wet_Season
33e3f880-74f1-499a-9039-8e13ef4bdf8f,C-DasGVT4P37,100,,,,6,6,0,2,0,0,0,2,0,2,0,0,0,0,0,0,0,0,0,0,0,0,0,0,1500,22/05/2025 18:23,Wet_Season
e0c5c57a-307e-4fe1-8ec0-64d230c17ef2,C-DasJ23FW21,,100,,,8,4,0,2,0,0,2,2,0,0,0,0,0,0,0,0,0,0,0,0,0,2,0,0,1500,22/05/2025 18:23,Wet_Season
547d7127-95d6-46d1-a7f8-28985d90467f,C-DasLUVPU06,,100,,,8,4,0,2,0,0,2,2,0,0,0,0,0,0,0,0,0,0,0,0,0,2,0,0,1500,22/05/2025 18:25,Wet_Season
ad1bffa1-19ec-4a9c-8c36-97b8eeca9dcb,C-DasOW4KE48,100,,,,6,6,0,2,0,0,0,2,0,2,0,0,0,0,0,0,0,0,0,0,0,0,0,0,1500,22/05/2025 18:26,Wet_Season
dc8e2beb-1289-41f2-ab52-509e1cffc4d8,C-GwaARH3P14,50,50,,,7,5,0,2,1,0,1,2,0,1,0,0,0,0,0,0,0,0,0,0,0,1,0,0,2,22/05/2025 18:27,Wet_Season
019a4fd4-3b3f-4249-82a8-1fc5eccb84d6,C-GwaFKSV612,50,50,,,7,5,0,2,1,0,1,2,0,1,0,0,0,0,0,0,0,0,0,0,0,1,0,0,2,22/05/2025 18:27,Wet_Season
a25b4ac7-e08f-4e3a-873d-310d6ee65cbd,C-GwaJ437L27,50,50,,,7,5,0,2,1,0,1,2,0,1,0,0,0,0,0,0,0,0,0,0,0,1,0,0,2,22/05/2025 18:27,Wet_Season
92942b81-e7b5-4bcf-b56c-a43cc1d68528,C-GwaJU0AR54,50,50,,,7,5,0,2,1,0,1,2,0,1,0,0,0,0,0,0,0,0,0,0,0,1,0,0,2,22/05/2025 18:27,Wet_Season
4a7404c2-6fb0-4f01-8698-aef82e439404,C-GwaK9TCC34,50,50,,,7,5,0,2,1,0,1,2,0,1,0,0,0,0,0,0,0,0,0,0,0,1,0,0,2,22/05/2025 18:27,Wet_Season
638ddf94-bbfc-4d20-8132-0fcd1619e3a2,C-GwaLB7D352,50,50,,,7,5,0,2,1,0,1,2,0,1,0,0,0,0,0,0,0,0,0,0,0,1,0,0,2,22/05/2025 18:27,Wet_Season
037a90be-07a6-4745-895e-203d530e2a63,C-GwaLFRSW57,50,50,,,7,5,0,2,1,0,1,2,0,1,0,0,0,0,0,0,0,0,0,0,0,1,0,0,2,22/05/2025 18:27,Wet_Season
6930cbaa-c2fe-4fe9-92cd-e7002e86aeca,C-GwaNBPR756,50,50,,,7,5,0,2,1,0,1,2,0,1,0,0,0,0,0,0,0,0,0,0,0,1,0,0,2,22/05/2025 18:27,Wet_Season
d40f853e-9ff8-45e2-a312-719d0e2ae991,C-GwaNCBUN33,50,50,,,7,5,0,2,1,0,1,2,0,1,0,0,0,0,0,0,0,0,0,0,0,1,0,0,2,22/05/2025 18:27,Wet_Season
33d66f82-72c6-4515-9965-6cb1d2a153cd,C-GwaT2CJ655,50,50,,,7,5,0,2,1,0,1,2,0,1,0,0,0,0,0,0,0,0,0,0,0,1,0,0,2,22/05/2025 18:27,Wet_Season
1f175bd4-f1d7-4306-86a5-c128d895b3be,C-GwaZ6TIY57,50,50,,,7,5,0,2,1,0,1,2,0,1,0,0,0,0,0,0,0,0,0,0,0,1,0,0,2,22/05/2025 18:27,Wet_Season
1c76479b-46e9-4caf-bd3b-5f95751daa7d,C-Gwa0M9X934,50,50,,,7,5,0,2,1,0,1,2,0,1,0,0,0,0,0,0,0,0,0,0,0,1,0,0,2,22/05/2025 18:27,Wet_Season
2b4845ee-5050-438a-bdac-80320bafee92,C-GwaC3EQU08,50,50,,,7,5,0,2,1,0,1,2,0,1,0,0,0,0,0,0,0,0,0,0,0,1,0,0,2,22/05/2025 18:27,Wet_Season
c0d65c89-e71a-4c30-86cc-52d5c29c9b46,C-GwaFUJN628,50,50,,,7,5,0,2,1,0,1,2,0,1,0,0,0,0,0,0,0,0,0,0,0,1,0,0,2,22/05/2025 18:27,Wet_Season
15e56a0e-1391-48c7-85cf-849c0d586e79,C-DasPUNM720,,100,,,8,4,0,2,0,0,2,2,0,0,0,0,0,0,0,0,0,0,0,0,0,2,0,0,1500,22/05/2025 18:28,Wet_Season
c5fdc01f-ba61-498f-9e41-e744af05e52e,C-DasR0MU050,100,,,,6,6,0,2,0,0,0,2,0,2,0,0,0,0,0,0,0,0,0,0,0,0,0,0,1500,22/05/2025 18:30,Wet_Season
6810f3f8-23fd-4be4-842a-232aa8b50a1c,C-DasRKW6K23,100,,,,6,6,0,2,0,0,0,2,0,2,0,0,0,0,0,0,0,0,0,0,0,0,0,0,1500,22/05/2025 18:31,Wet_Season
b963fed6-8288-4498-8502-41602bcfd2fd,C-DasSD5QZ32,100,,,,6,6,0,2,0,0,0,2,0,2,0,0,0,0,0,0,0,0,0,0,0,0,0,0,1500,22/05/2025 18:33,Wet_Season
37f7ec12-c913-4c01-b01b-609ecc1834ad,C-Yam2C3U159,100,,,,6,6,0,2,0,0,0,2,0,2,0,0,0,0,0,0,0,0,0,0,0,0,0,0,1500,22/05/2025 18:36,Wet_Season
2d8067b7-a1ce-4e13-86f3-e16004c21ed8,C-Yam3XFFP25,,100,,,8,4,0,2,0,0,2,2,0,0,0,0,0,0,0,0,0,0,0,0,0,2,0,0,1500,22/05/2025 18:36,Wet_Season
d291d830-aea1-49ff-92c3-63fd30d6c9bf,C-Yam6T73V02,,100,,,8,4,0,2,0,0,2,2,0,0,0,0,0,0,0,0,0,0,0,0,0,2,0,0,1500,22/05/2025 18:38,Wet_Season
6864b03f-3246-46eb-8dad-ace4bdba8b5b,C-Yam7K02349,,100,,,8,4,0,2,0,0,2,2,0,0,0,0,0,0,0,0,0,0,0,0,0,2,0,0,1500,22/05/2025 18:39,Wet_Season
acfa0535-1971-4a7a-82be-9b6f7f729436,C-YamA7CSC14,100,,,,6,6,0,2,0,0,0,2,0,2,0,0,0,0,0,0,0,0,0,0,0,0,0,0,1500,22/05/2025 18:41,Wet_Season
0c9564ee-c55c-44b0-aeda-972962493326,C-YamDFVWM08,,100,,,8,4,0,2,0,0,2,2,0,0,0,0,0,0,0,0,0,0,0,0,0,2,0,0,1500,22/05/2025 18:43,Wet_Season
0de21198-1534-4845-9d73-22d6e65e5eff,C-YamEWU5L55,,100,,,8,4,0,2,0,0,2,2,0,0,0,0,0,0,0,0,0,0,0,0,0,2,0,0,1500,22/05/2025 18:44,Wet_Season
a5f4760f-575f-4f11-9652-b955ac68e433,C-Akk2EGJZ54,100,,,,6,6,0,2,0,0,0,2,0,2,0,0,0,0,0,0,0,0,0,0,0,0,0,0,1.5,22/05/2025 18:45,Wet_Season
e5ff5e2e-aa0c-4fa6-9a51-7fdd46375238,C-YamHT4PQ12,,100,,,8,4,0,2,0,0,2,2,0,0,0,0,0,0,0,0,0,0,0,0,0,2,0,0,1500,22/05/2025 18:46,Wet_Season
9814a06b-ae29-477c-a611-031abdcc7b73,C-YamLAV5X29,100,,,,6,6,0,2,0,0,0,2,0,2,0,0,0,0,0,0,0,0,0,0,0,0,0,0,1500,22/05/2025 18:48,Wet_Season
2711b2bb-c412-41e7-8862-3d19c4b2cc0a,C-Akk3NS0P01,100,,,,6,6,0,2,0,0,0,2,0,2,0,0,0,0,0,0,0,0,0,0,0,0,0,0,1.5,22/05/2025 18:49,Wet_Season
5644d4ed-8eb5-4e4e-8149-c29a09fb11da,C-YamN3HUC18,,100,,,8,4,0,2,0,0,2,2,0,0,0,0,0,0,0,0,0,0,0,0,0,2,0,0,1500,22/05/2025 18:50,Wet_Season
3e0698c7-2073-42a5-8aff-9807ff514ede,C-Yam2Y7FE49,,100,,,8,4,0,2,0,0,2,2,0,0,0,0,0,0,0,0,0,0,0,0,0,2,0,0,1500,22/05/2025 18:52,Wet_Season
4bfbabe3-a07e-4480-b024-7dfb7b50b8b1,C-Akk4PMDB03,100,,,,6,6,0,2,0,0,0,2,0,2,0,0,0,0,0,0,0,0,0,0,0,0,0,0,1500,22/05/2025 18:54,Wet_Season
f200da5f-19f9-4cf3-bc2d-b853e00e9139,C-Yam49MAF06,100,,,,6,6,0,2,0,0,0,2,0,2,0,0,0,0,0,0,0,0,0,0,0,0,0,0,1500,22/05/2025 18:54,Wet_Season
fe15447e-05b6-4129-afca-fc6f8ebb72ae,C-Yam68DI044,100,,,,6,6,0,2,0,0,0,2,0,2,0,0,0,0,0,0,0,0,0,0,0,0,0,0,1500,22/05/2025 18:56,Wet_Season
cc244627-5ae8-408b-b642-feb3d99127a8,C-Akk5DAY512,100,,,,6,6,0,2,0,0,0,2,0,2,0,0,0,0,0,0,0,0,0,0,0,0,0,0,1500,22/05/2025 19:01,Wet_Season
8068f310-b35f-4d72-b345-2a572164de29,C-KacUQHL424,20,,,,4,3,0,0,0,0,0,0,0,0,2,0,0,5,0,0,0,0,2,0,2,0,0,2,0,22/05/2025 19:15,Wet_Season
df637ac6-5d6a-4fce-91ee-a653da9ce826,C-KalA5LAW33,100,,,,6,6,0,2,0,0,0,2,0,0,0,0,0,0,0,0,0,0,0,0,0,0,0,0,1.5,22/05/2025 19:22,Wet_Season
a00cb01d-e4c3-40cd-bf87-5db8bb8c6b98,C-KalEA2MP30,100,,,,6,6,0,2,0,0,0,2,0,0,0,0,0,0,0,0,0,0,0,0,0,0,0,0,1.5,22/05/2025 19:22,Wet_Season
b6e5f9bd-1c27-4a96-ae5a-cdee43a1bb89,C-KalGE26205,100,,,,6,6,0,2,0,0,0,2,0,0,0,0,0,0,0,0,0,0,0,0,0,0,0,0,1.5,22/05/2025 19:22,Wet_Season
b4af39c4-2aad-4370-89f4-9eaf4b7cea7d,C-KalI7YOC15,100,,,,6,6,0,2,0,0,0,2,0,0,0,0,0,0,0,0,0,0,0,0,0,0,0,0,1.5,22/05/2025 19:22,Wet_Season
ecd84b6c-c816-41d5-9944-0a502359cedd,C-KalINVW154,100,,,,6,6,0,2,0,0,0,2,0,0,0,0,0,0,0,0,0,0,0,0,0,0,0,0,1.5,22/05/2025 19:22,Wet_Season
b41211ac-57d6-433c-a021-eda46356b25d,C-KalRA8NS54,100,,,,6,6,0,2,0,0,0,2,0,0,0,0,0,0,0,0,0,0,0,0,0,0,0,0,1.5,22/05/2025 19:22,Wet_Season
92eb18b8-f59e-4fda-b361-fb1d29ca175b,C-KalW91NU27,100,,,,6,6,0,2,0,0,0,2,0,0,0,0,0,0,0,0,0,0,0,0,0,0,0,0,1.5,22/05/2025 19:22,Wet_Season
55aa65a5-927b-42ba-9701-9131780f800f,C-KalY8BDQ09,100,,,,6,6,0,2,0,0,0,2,0,0,0,0,0,0,0,0,0,0,0,0,0,0,0,0,1.5,22/05/2025 19:22,Wet_Season
964ef2e8-ac74-4233-8c5d-4559dc9a2157,C-YamBXNXI36,,100,,,8,4,0,2,0,0,2,2,0,0,0,0,0,0,0,0,0,0,0,0,0,2,0,0,1500,22/05/2025 19:23,Wet_Season
9d345fed-9647-488d-b51a-440a648a013e,C-YamCG5SO30,100,,,,6,6,0,2,0,0,0,2,0,2,0,0,0,0,0,0,0,0,0,0,0,0,0,0,1500,22/05/2025 19:23,Wet_Season
e7ca8795-8fd6-4010-b725-0b71c76546a1,C-YamCH0B302,,100,,,8,4,0,4,0,0,2,2,0,0,0,0,0,0,0,0,0,0,0,0,0,2,0,0,1500,22/05/2025 19:23,Wet_Season
692b2f61-ed26-413d-88bc-2af1a810f9a1,C-YamH03TU21,100,,,,6,6,0,2,0,0,0,2,0,2,0,0,0,0,0,0,0,0,0,0,0,0,0,0,1500,22/05/2025 19:23,Wet_Season
d923b168-2478-41e1-bf89-f49ba315348c,C-YamIH2SU24,,100,,,8,4,0,2,0,0,2,2,0,0,0,0,0,0,0,0,0,0,0,0,0,2,0,0,1500,22/05/2025 19:23,Wet_Season
891b71aa-a20b-44cb-a6cb-9d3d54b1f8b6,C-YamL999J35,100,,,,6,6,0,2,0,0,0,2,0,2,0,0,0,0,0,0,0,0,0,0,0,0,0,0,1500,22/05/2025 19:23,Wet_Season
47ab341f-9eaa-43b1-937e-8c3f1cd51e89,C-YamLGKIZ13,,100,,,8,4,0,2,0,0,2,2,0,0,0,0,0,0,0,0,0,0,0,0,0,2,0,0,1500,22/05/2025 19:23,Wet_Season
5fb132c7-fc8c-4116-9db4-fc744b45539f,C-YamMNAKN58,100,,,,6,6,0,2,0,0,0,2,0,2,0,0,0,0,0,0,0,0,0,0,0,0,0,0,1500,22/05/2025 19:23,Wet_Season
30470917-a6d1-4aab-a73d-b8425145b71f,C-YamMWQJE00,,100,,,8,4,0,2,0,0,2,2,0,0,0,0,0,0,0,0,0,0,0,0,0,2,0,0,1500,22/05/2025 19:23,Wet_Season
3da49367-5ee8-4fc7-b26e-6b26a1d0092e,C-YamOQNEW35,100,,,,6,6,0,2,0,0,0,2,0,2,0,0,0,0,0,0,0,0,0,0,0,0,0,0,1500,22/05/2025 19:23,Wet_Season
c972ba64-7966-46d0-b66d-8a70de60c880,C-YamT0SIG54,,100,,,8,4,0,2,0,0,2,2,0,0,0,0,0,0,0,0,0,0,0,0,0,2,0,0,1500,22/05/2025 19:23,Wet_Season
44d18a82-ad15-4f47-b9d5-8c0057ac7a85,C-YamV4AA735,100,,,,6,6,0,2,0,0,0,2,0,2,0,0,0,0,0,0,0,0,0,0,0,0,0,0,2,22/05/2025 19:23,Wet_Season
cc6c62e3-2407-44ce-8e69-8ab6ca247982,C-YamW6LHR31,,100,,,8,4,0,2,0,0,2,2,0,0,0,0,0,0,0,0,0,0,0,0,0,2,0,0,1500,22/05/2025 19:23,Wet_Season
8d95cfdf-d109-41fc-b1cb-fe6578bfef69,C-KacQH30O48,,50,,,4,3,0,0,0,0,0,0,0,0,0,0,0,0,0,0,0,0,0,2,2,0,5,2,0,22/05/2025 19:24,Wet_Season
6e18ec42-df07-449b-9728-ca412b97a859,C-Yam0PYNX37,,100,,,8,4,0,2,0,0,2,2,0,0,0,0,0,0,0,0,0,0,0,0,0,2,0,0,1500,22/05/2025 19:26,Wet_Season
27e0fa0b-8408-4747-a0fd-4e26212a29b4,C-KalKRINF11,100,,,,6,6,0,2,0,0,0,2,0,0,0,0,0,0,0,0,0,0,0,0,0,0,0,0,1.5,22/05/2025 19:27,Wet_Season
446529bc-005a-4488-8565-cf1358f08b41,C-Yam89W5306,,100,,,8,4,0,2,0,0,2,2,0,0,0,0,0,0,0,0,0,0,0,0,0,2,0,0,1500,22/05/2025 19:28,Wet_Season
191da48b-bd74-4e24-8e03-9fd5b6452bf8,C-KacHEK4R47,,50,,,4,3,0,0,0,0,0,0,0,0,0,0,0,0,0,0,0,0,0,2,2,0,5,2,0,22/05/2025 19:28,Wet_Season
f64507f9-13bb-4e31-a96d-3cddb6f97cf9,C-YamJEJJI33,100,,,,6,6,0,2,0,0,0,2,0,2,0,0,0,0,0,0,0,0,0,0,0,0,0,0,1500,22/05/2025 19:29,Wet_Season
81ecf480-9c94-48e1-95ec-f2ed60789792,C-YamO4AIT57,,100,,,8,4,0,2,0,0,2,2,0,0,0,0,0,0,0,0,0,0,0,0,0,2,0,0,1500,22/05/2025 19:32,Wet_Season
5976cc44-3c28-4b90-9c4c-ae00c2b3bb4e,C-Yam2EEAE24,,100,,,8,4,0,2,0,0,2,2,0,0,0,0,0,0,0,0,0,0,0,0,0,2,0,0,1500,22/05/2025 19:36,Wet_Season
308ddc71-f7b4-4a9c-9d94-8e828b0672b4,C-KalNJBDM27,100,,,,6,6,0,2,0,0,0,2,0,0,0,0,0,0,0,0,0,0,0,0,0,0,0,0,1.5,22/05/2025 19:37,Wet_Season
7cc23d32-fa43-4321-a86e-f1f6fd199ca4,C-Yam9KUGR31,100,,,,6,6,0,2,0,0,0,2,0,2,0,0,0,0,0,0,0,0,0,0,0,0,0,0,1500,22/05/2025 19:37,Wet_Season
2355236a-7bef-4939-8122-89bb8c50e458,C-YamCQ15727,100,,,,6,6,0,2,0,0,0,2,0,2,0,0,0,0,0,0,0,0,0,0,0,0,0,0,1500,22/05/2025 19:39,Wet_Season
a89408a8-c4c8-421f-8a9d-5c9a66715328,C-YamFSWM508,100,,,,6,6,0,2,0,0,0,2,0,2,0,0,0,0,0,0,0,0,0,0,0,0,0,0,1500,22/05/2025 19:41,Wet_Season
d3a032cc-5240-4527-b028-a8853e918c05,C-YamJ2ZHW48,,100,,,8,4,0,2,0,0,2,2,0,0,0,0,0,0,0,0,0,0,0,0,0,2,0,0,1500,22/05/2025 19:43,Wet_Season
a8921be5-0936-4652-b1d9-80dfc4d7c3a1,C-YamMOSX509,100,,,,6,6,0,2,0,0,0,2,0,2,0,0,0,0,0,0,0,0,0,0,0,0,0,0,1500,22/05/2025 19:47,Wet_Season
58c6d47b-90ae-47e2-8e4d-b308928aa745,C-YamPH71C14,,100,,,8,4,0,2,0,0,2,2,0,0,0,0,0,0,0,0,0,0,0,0,0,2,0,0,1500,22/05/2025 19:47,Wet_Season
415d9843-656b-4574-a601-35a1b20c9085,C-Kal5AIWW55,100,,,,6,6,0,2,0,0,0,2,0,0,0,0,0,0,0,0,0,0,0,0,0,0,0,0,1.5,22/05/2025 19:48,Wet_Season
e2e0f0ba-9624-4f7d-a3ae-45f9f716f88c,C-YamV006F22,100,,,,6,6,0,2,0,0,0,2,0,2,0,0,0,0,0,0,0,0,0,0,0,0,0,0,1500,22/05/2025 19:49,Wet_Season
93ca80c4-4522-4ac2-9d35-b5b0eb6e9dc1,C-KalCZT8629,100,,,,6,6,0,2,0,0,0,2,0,0,0,0,0,0,0,0,0,0,0,0,0,0,0,0,1.5,22/05/2025 19:50,Wet_Season
cfdb1d89-1d7d-4792-8286-e569a2660bcf,C-Dom0R7EA25,20,,,,4,3,0,0,0,0,0,0,0,0,2,0,0,0,0,0,0,0,2,0,2,0,0,2,0,22/05/2025 19:51,Wet_Season
2c991522-9d3d-4a90-869b-e9ae452fe7e5,C-Dom2ZW7J25,20,,,,4,3,0,0,0,0,0,0,0,0,2,0,0,0,0,0,0,0,2,0,250,0,0,2,0,22/05/2025 19:51,Wet_Season
cce0ba7e-ee66-45ce-9d3e-55006aa492d9,C-Dom6NEIY05,20,,,,4,3,0,0,0,0,0,0,0,0,2,0,0,0,0,0,0,0,2,0,250,0,0,2,0,22/05/2025 19:51,Wet_Season
9c785514-7c43-4449-b984-6eaf66e6ab87,C-Dom8LKKY49,20,,,,4,3,0,0,0,0,0,0,0,0,2,0,0,0,0,0,0,0,2,0,250,0,0,2,0,22/05/2025 19:51,Wet_Season
0955622e-b1d7-4b03-b0f3-b2018eeb436d,C-DomDRE6U52,20,,,,4,3,0,0,0,0,0,0,0,0,2,0,0,0,0,0,0,0,2,0,250,0,0,2,0,22/05/2025 19:51,Wet_Season
51f3b23f-6181-41d9-8520-06aa1ad40308,C-DomEVTLO07,20,,,,4,3,0,0,0,0,0,0,0,0,2,0,0,0,0,0,0,0,2,0,250,0,0,2,0,22/05/2025 19:51,Wet_Season
a73cce2f-e990-4174-9041-f14b54be2f50,C-DomILSX522,20,,,,4,3,0,0,0,0,0,0,0,0,2,0,0,0,0,0,0,0,2,0,250,0,0,2,0,22/05/2025 19:51,Wet_Season
76f89f58-ed84-4ba1-81b0-2a9bb402a7fd,C-DomJI9CK07,20,,,,4,3,0,0,0,0,0,0,0,0,2,0,0,0,0,0,0,0,2,0,250,0,0,2,0,22/05/2025 19:51,Wet_Season
74198963-81a7-4870-bc54-94d2f561726c,C-DomJPBUJ29,20,,,,4,3,0,0,0,0,0,0,0,0,2,0,0,0,0,0,0,0,2,0,250,0,0,2,0,22/05/2025 19:51,Wet_Season
a809f366-c3f4-4546-86a7-854568062d6e,C-DomQ1KSA16,20,,,,4,3,0,0,0,0,0,0,0,0,2,0,0,0,0,0,0,0,2,0,250,0,0,2,0,22/05/2025 19:51,Wet_Season
19b2d5b5-eb15-4d1a-b2bc-6006a20922a5,C-DomY0M0N13,20,,,,4,3,0,0,0,0,0,0,0,0,2,0,0,0,0,0,0,0,2,0,250,0,0,2,0,22/05/2025 19:51,Wet_Season
ace1a9d7-b754-4aa2-89b8-425528ea3a08,C-DomZSP3E53,20,,,,4,3,0,0,0,0,0,0,0,0,2,0,0,0,0,0,0,0,2,0,250,0,0,2,0,22/05/2025 19:51,Wet_Season
998240b5-27d5-4632-bae6-945858b47fbe,C-KalKISKN37,100,,,,6,6,0,2,0,0,0,2,0,0,0,0,0,0,0,0,0,0,0,0,0,0,0,0,1.5,22/05/2025 19:53,Wet_Season
c8ccd25f-a28d-4946-b7de-26c859054110,C-KalRS78C00,100,,,,6,6,0,2,0,0,0,2,0,0,0,0,0,0,0,0,0,0,0,0,0,0,0,0,1.5,22/05/2025 19:55,Wet_Season
516ebc16-ce2c-445b-9a55-51cb878fda6d,C-KalTS8JM17,100,,,,6,6,0,2,0,0,0,2,0,0,0,0,0,0,0,0,0,0,0,0,0,0,0,0,1.5,22/05/2025 19:56,Wet_Season
48f472af-11c8-4aa6-98ec-2e87c1c5ed0d,C-KalWBA7K32,100,,,,6,6,0,2,0,0,0,2,0,0,0,0,0,0,0,0,0,0,0,0,0,0,0,0,1.5,22/05/2025 19:59,Wet_Season
0b92fc8e-2605-403e-99a6-40104083af5c,C-Akk0HG8Y17,100,,,,6,6,0,2,0,0,0,2,0,2,0,0,0,0,0,0,0,0,0,0,0,0,0,0,1500,22/05/2025 20:00,Wet_Season
ffd07d51-1547-4dce-81d5-69484bef9eac,C-KalXILWO16,100,,,,6,6,0,2,0,0,0,2,0,0,0,0,0,0,0,0,0,0,0,0,0,0,0,0,1.5,22/05/2025 20:13,Wet_Season
8b043a67-4322-4e10-9998-9fb1e31d0dde,C-AkaRU3BF51,20,,,,4,3,0,0,0,0,0,0,0,0,2,0,0,0,0,0,0,0,2,0,250,0,0,2,0,22/05/2025 20:22,Wet_Season
7f6232db-e5a3-4604-8fd2-bd067124d451,C-Gan2E63N03,,100,,,8,4,0,2,0,0,2,2,0,0,0,0,0,0,0,0,0,0,0,0,0,2,0,0,1500,22/05/2025 20:39,Wet_Season
d949e569-a8f3-49e2-ba74-6acc1c87bd76,C-Gan4WOE531,100,,,,6,6,0,2,0,0,0,2,0,2,0,0,0,0,0,0,0,0,0,0,0,0,0,0,1500,22/05/2025 20:40,Wet_Season
89e38689-b62d-49ff-9f0f-c0e873813f2f,C-Gan5INOB36,,100,,,8,4,0,2,0,0,2,2,0,0,0,0,0,0,0,0,0,0,0,0,0,2,0,0,1500,22/05/2025 20:42,Wet_Season
bd717a20-fcea-4eb0-b6b3-f63deaa0c41f,C-Gan769D933,100,,,,6,6,0,2,0,0,0,2,0,2,0,0,0,0,0,0,0,0,0,0,0,0,0,0,1500,22/05/2025 20:44,Wet_Season
848530af-b1c6-4bad-a42a-08897fbe2e19,C-GwaIZFGG40,50,50,,,7,5,0,2,1,0,1,2,0,1,0,0,0,0,0,0,0,0,0,0,0,1,0,0,2,22/05/2025 20:45,Wet_Season
43fa6926-941c-4b85-9b49-55a58402f532,C-GwaLNBC540,50,50,,,7,5,0,2,1,0,1,2,0,1,0,0,0,0,0,0,0,0,0,0,0,1,0,0,2,22/05/2025 20:45,Wet_Season
1f2801b4-1b31-4c58-be4a-92e07ba5ce32,C-GwaM12FF44,50,50,,,7,5,0,2,1,0,1,2,0,1,0,0,0,0,0,0,0,0,0,0,0,1,0,0,2,22/05/2025 20:45,Wet_Season
eebdeda8-e11f-4a39-8f77-b7a659dba3fd,C-GwaMNZCW40,50,50,,,7,5,0,2,1,0,1,2,0,1,0,0,0,0,0,0,0,0,0,0,0,1,0,0,2,22/05/2025 20:46,Wet_Season
8eaed290-4c56-4de0-b297-777f4feabaf2,C-GwaP21DQ39,50,50,,,7,5,0,2,1,0,1,2,0,1,0,0,0,0,0,0,0,0,0,0,0,1,0,0,2,22/05/2025 20:46,Wet_Season
e90284b3-6d39-4b0d-bdaa-15096c8dc06b,C-GwaP51X543,50,50,,,7,5,0,2,1,0,1,2,0,1,0,0,0,0,0,0,0,0,0,0,0,1,0,0,2,22/05/2025 20:46,Wet_Season
eae4825b-3b25-4075-b99d-69fa2e21a890,C-GwaSBFG034,50,50,,,7,5,0,2,1,0,1,2,0,1,0,0,0,0,0,0,0,0,0,0,0,1,0,0,2,22/05/2025 20:46,Wet_Season
dda9f206-d02f-40d2-ab85-f3eff2b34fa8,C-GwaY10O542,50,50,,,7,5,0,2,1,0,1,2,0,1,0,0,0,0,0,0,0,0,0,0,0,1,0,0,2,22/05/2025 20:46,Wet_Season
488b19b8-2863-4761-874e-1ba78f582724,C-GanD8RMI34,,100,,,8,4,0,2,0,0,2,2,0,0,0,0,0,0,0,0,0,0,0,0,0,2,0,0,1500,22/05/2025 20:46,Wet_Season
d435d4a1-65ba-4882-b248-2d86c9ca3347,C-GanDSC3Q35,,100,,,8,4,0,2,0,0,2,2,0,0,0,0,0,0,0,0,0,0,0,0,0,2,0,0,1500,22/05/2025 20:48,Wet_Season
0b2cbe03-247a-4509-a901-5bf9379a95b6,C-GanKU6O343,100,,,,6,6,0,2,0,0,0,2,0,2,0,0,0,0,0,0,0,0,0,0,0,0,0,0,1500,22/05/2025 20:50,Wet_Season
7e101541-318a-42eb-85e3-5c11249d550a,C-GanLVKKJ07,,100,,,8,4,0,2,0,0,2,2,0,0,0,0,0,0,0,0,0,0,0,0,0,2,0,0,1500,22/05/2025 20:52,Wet_Season
74683992-9e01-44c2-98c6-3a0f9286feeb,C-GanMOVAD36,,100,,,8,4,0,2,0,0,2,2,0,0,0,0,0,0,0,0,0,0,0,0,0,2,0,0,1500,22/05/2025 20:54,Wet_Season
7956e2ff-1810-4834-a253-c51f6346d6d1,C-GanNH6HY50,100,,,,6,6,0,2,0,0,0,2,0,2,0,0,0,0,0,0,0,0,0,0,0,0,0,0,1500,22/05/2025 20:56,Wet_Season
e59772ca-6aa5-4663-a058-298c22c6e30f,C-GanSK08K46,,100,,,8,4,0,2,0,0,2,2,0,0,0,0,0,0,0,0,0,0,0,0,0,2,0,0,1500,22/05/2025 20:58,Wet_Season
76c596a9-45ec-48ff-bc4d-e539ef00aee4,C-GanWOKT902,100,,,,6,6,0,2,0,0,0,2,0,2,0,0,0,0,0,0,0,0,0,0,0,0,0,0,1500,22/05/2025 21:00,Wet_Season
7644d93e-f96c-409d-9ea9-9facb65aebac,C-GanXBYUB42,,100,,,8,4,0,2,0,0,2,2,0,0,0,0,0,0,0,0,0,0,0,0,0,2,0,0,1500,22/05/2025 21:01,Wet_Season
1f8bafb0-2867-4c69-92dd-cb6767551e3b,C-GanZY7EK18,100,,,,6,6,0,2,0,0,0,2,0,2,0,0,0,0,0,0,0,0,0,0,0,0,0,0,1500,22/05/2025 21:04,Wet_Season
21db9b35-70ba-42aa-92fb-8c5bda8e5804,C-KacRJ6L349,,50,,,4,3,0,0,0,0,0,0,0,0,0,0,0,0,0,0,0,0,0,2,2,0,5,2,0,22/05/2025 21:22,Wet_Season
c12e28b9-941b-40d9-b1fb-21ad28e256b4,C-KacWQV2W07,,50,,,4,3,0,0,0,0,0,0,0,0,0,0,0,0,0,0,0,0,0,2,2,0,5,2,0,22/05/2025 21:22,Wet_Season
889bb70e-e741-44d0-82fe-de2f8f6a8261,C-KacM5FU054,,50,,,4,3,0,0,0,0,0,0,0,0,0,0,0,0,0,0,0,0,0,2,2,0,5,2,0,22/05/2025 21:22,Wet_Season
07961c2d-4453-4dd6-aa84-4b549afb26f5,C-Kac3L02R44,,50,,,4,3,0,0,0,0,0,0,0,0,0,0,0,0,0,0,0,0,0,2,2,0,5,2,0,22/05/2025 21:22,Wet_Season
a50fffe0-c8bc-41d4-9b78-adf9965bdf93,C-Kac1HX2W59,,50,,,4,3,0,0,0,0,0,0,0,0,0,0,0,0,0,0,0,0,0,2,2,0,5,2,0,22/05/2025 21:22,Wet_Season
775a5cd4-b57b-4782-a55a-82b1bebebab2,C-KacA1W4G18,,50,,,4,3,0,0,0,0,0,0,0,0,0,0,0,0,0,0,0,0,0,2,2,0,5,2,0,22/05/2025 21:22,Wet_Season
126c2343-0b79-48e6-ad34-60ad655e3806,C-KacUZ89H19,,50,,,4,3,0,0,0,0,0,0,0,0,0,0,0,0,0,0,0,0,0,2,2,0,5,2,0,22/05/2025 21:22,Wet_Season
dabc38bf-9d4d-4932-96d4-da57aa3ea7a0,C-KacZZFC516,,50,,,4,3,0,0,0,0,0,0,0,0,0,0,0,0,0,0,0,0,0,2,2,0,5,2,0,22/05/2025 21:22,Wet_Season
f8d45af6-6204-49e5-801f-a638ad1956e6,C-KacP0G0L29,20,,,,4,3,0,0,0,0,0,0,0,0,2,0,0,5,0,0,0,0,2,0,2,0,0,2,0,22/05/2025 21:22,Wet_Season
835bac11-f7ea-46bd-9107-3822dad1b625,C-Kac2FWA332,,50,,,4,3,0,0,0,0,0,0,0,0,0,0,0,0,0,0,0,0,0,2,2,0,5,2,0,22/05/2025 21:29,Wet_Season
fc49e1ac-c0c3-41d9-9345-90297eebd8da,C-Kac1851924,,50,,,4,3,0,0,0,0,0,0,0,0,0,0,0,0,0,0,0,0,0,2,2,0,5,2,0,22/05/2025 22:25,Wet_Season
43a741d1-b0b8-453b-82e6-510f44c66484,C-KacD808041,,50,,,4,3,0,0,0,0,0,0,0,0,0,0,0,0,0,0,0,0,0,2,2,0,5,2,0,22/05/2025 22:25,Wet_Season
80f65420-ef5d-4e3c-90a1-2ce95b08311f,C-KacM4CZL53,,,,,4,3,0,0,0,0,0,0,0,0,0,0,0,0,0,0,0,0,2,0,2,0,0,2,0,22/05/2025 22:25,Wet_Season
351b7669-41b9-415a-a41d-fc5972343229,C-Kac45ANI15,20,,,,4,3,0,0,0,0,0,0,0,0,2,0,0,5,0,0,0,0,2,0,2,0,0,2,0,22/05/2025 22:25,Wet_Season
9c17b2ff-0c5d-4db6-8013-463eeca9da8a,C-KacSG0T638,,50,,,4,3,0,0,0,0,0,0,0,0,0,0,0,0,0,0,0,0,0,2,2,0,5,2,0,22/05/2025 22:25,Wet_Season
778b7705-7fcc-400b-9f5c-ffd30de047db,C-Kac7Q7A320,,50,,,4,3,0,0,0,0,0,0,0,0,0,0,0,0,0,0,0,0,0,2,2,0,5,2,0,22/05/2025 22:26,Wet_Season
e317b877-4a58-4216-ad80-4241f2f90c52,C-Kac1P94437,,50,,,4,3,0,0,0,0,0,0,0,0,0,0,0,0,0,0,0,0,0,2,2,0,5,2,0,22/05/2025 22:26,Wet_Season
693a589f-6f69-457f-84ea-486e3886feb0,C-KacFE9BP56,,50,,,4,3,0,0,0,0,0,0,0,0,0,0,0,0,0,0,0,0,0,2,2,0,5,2,0,22/05/2025 22:26,Wet_Season
83ffc296-1d93-481e-bf15-0d86a1e00707,C-Kac2MUN648,20,,,,4,3,0,0,0,0,0,0,0,0,2,0,0,5,0,0,0,0,2,0,2,0,0,2,0,22/05/2025 22:26,Wet_Season
1ccdcfa9-f8b0-4ea5-b39a-b98c41258b44,C-KacKHU7F03,20,,,,4,3,0,0,0,0,0,0,0,0,2,0,0,5,0,0,0,0,2,0,2,0,0,2,0,22/05/2025 22:26,Wet_Season
ff26d39c-da1a-421e-9881-7d75676f3596,C-GwaYP7HS58,50,50,,,7,5,0,2,1,0,1,2,0,1,0,0,0,0,0,0,0,0,0,0,0,1,0,0,2,22/05/2025 23:29,Wet_Season
495cfb4b-3c4f-4413-9f8e-56f71066f62e,C-GwaZEO7J57,50,50,,,7,5,0,2,1,0,1,2,0,1,0,0,0,0,0,0,0,0,0,0,0,1,0,0,2,22/05/2025 23:29,Wet_Season
0c5c32d0-82ce-41a7-b479-407cb224ef45,C-GwaZQLBO45,50,50,,,7,5,0,2,1,0,1,2,0,1,0,0,0,0,0,0,0,0,0,0,0,1,0,0,2,22/05/2025 23:29,Wet_Season
efc46d36-e3a5-4188-9213-808fac2e73e2,C-Gwa1020T44,50,50,,,7,5,0,2,1,0,1,2,0,1,0,0,0,0,0,0,0,0,0,0,0,1,0,0,2,22/05/2025 23:29,Wet_Season
0ca8520e-cf14-43cf-850d-38f68a5db67f,C-Gwa3JTBR05,50,50,,,7,5,0,2,1,0,1,2,0,1,0,0,0,0,0,0,0,0,0,0,0,1,0,0,2,22/05/2025 23:29,Wet_Season
e958f800-cc2f-4ddf-8f7a-e5b1a8e99eef,C-Gwa8M9QN54,50,50,,,7,5,0,2,1,0,1,2,0,1,0,0,0,0,0,0,0,0,0,0,0,1,0,0,2,22/05/2025 23:29,Wet_Season
2319570e-875d-48cf-9c03-b11c7355d11d,C-GwaDM26S13,50,50,,,7,5,0,2,1,0,1,2,0,1,0,0,0,0,0,0,0,0,0,0,0,1,0,0,2,22/05/2025 23:29,Wet_Season
cbb5376a-d196-46e6-aaea-1ad6a7bed623,C-GwaH9O5R01,50,50,,,7,5,0,2,1,0,1,2,0,1,0,0,0,0,0,0,0,0,0,0,0,1,0,0,2,22/05/2025 23:29,Wet_Season
b84eded3-e193-47bf-80dc-602588ccf9d4,C-GwaI65MA43,50,50,,,7,5,0,2,1,0,1,2,0,1,0,0,0,0,0,0,0,0,0,0,0,1,0,0,2,22/05/2025 23:29,Wet_Season
45057098-3803-42ab-b98c-c9f7aed63cd3,C-GwaICAUP14,50,50,,,7,5,0,2,1,0,1,2,0,1,0,0,0,0,0,0,0,0,0,0,0,1,0,0,2,22/05/2025 23:29,Wet_Season
55261af1-5e91-4871-9ad0-54fd1ef77d45,C-GwaRRK5N07,50,50,,,7,5,0,2,1,0,1,2,0,1,0,0,0,0,0,0,0,0,0,0,0,1,0,0,2,22/05/2025 23:29,Wet_Season
692aaad5-ae66-4067-b171-0b0d4713c815,C-GwaUK1HR58,50,50,,,7,5,0,2,1,0,1,2,0,1,0,0,0,0,0,0,0,0,0,0,0,1,0,0,2,22/05/2025 23:29,Wet_Season
bb6057f8-339f-41af-b033-275f0d76e782,C-GwaUOSKI57,50,50,,,7,5,0,2,1,0,1,2,0,1,0,0,0,0,0,0,0,0,0,0,0,1,0,0,2,22/05/2025 23:29,Wet_Season
0d4cb071-601e-4e01-950d-0561669d1bdf,C-GwaW2KNN10,50,50,,,7,5,0,2,1,0,1,2,0,1,0,0,0,0,0,0,0,0,0,0,0,1,0,0,2,22/05/2025 23:29,Wet_Season
355b2d7c-a6a6-4c7b-94ab-a24116c839d8,C-KagC0R5Z42,,50,,,4,3,0,0,0,0,0,0,0,0,0,0,0,0,0,0,0,0,0,2,2,0,125,2,0,23/05/2025 05:18,Wet_Season
258c2b10-0f85-44a8-9e74-721b37c976a7,C-KagNOXC201,20,,,,4,3,0,0,0,0,0,0,0,0,2,0,0,5,0,0,0,0,2,0,2,0,0,2,0,23/05/2025 05:19,Wet_Season
13935fcd-6223-4170-9037-438c4e072d02,C-Kag32K4748,20,,,,4,3,0,0,0,0,0,0,0,0,2,0,0,5,0,0,0,0,2,0,2,0,0,2,0,23/05/2025 05:20,Wet_Season
6cf65128-1adb-4dde-9f7f-f872c2ed2e8b,C-Kag8FCBU56,,50,,,4,3,0,0,0,0,0,0,0,0,0,0,0,0,0,0,0,0,0,2,2,0,125,2,0,23/05/2025 05:20,Wet_Season
5acf1a94-1b61-4de3-b6f3-fb64251b3031,C-Kag395IJ56,20,,,,4,3,0,0,0,0,0,0,0,0,2,0,0,3,0,0,0,0,2,0,2,0,0,2,0,23/05/2025 05:21,Wet_Season
53a358c8-565a-4a80-9b37-e05889172170,C-KagIKVWR18,,50,,,4,3,0,0,0,0,0,0,0,0,0,0,0,0,0,0,0,0,0,2,2,0,125,2,0,23/05/2025 05:21,Wet_Season
77af42fb-68e5-44d3-876f-f7b546261a5c,C-KagU0NVM29,20,,,,4,3,0,0,0,0,0,0,0,0,2,0,0,5,0,0,0,0,2,0,2,0,0,2,0,23/05/2025 05:23,Wet_Season
eec974a1-ee84-4e3f-a2bd-12f52271862f,C-Dom56ZEB01,20,,,,4,3,0,0,0,0,0,0,0,0,2,0,0,5,0,0,0,0,2,0,250,0,0,2,0,23/05/2025 05:46,Wet_Season
a3a2e03f-8d31-42a3-a740-eb73c789b10b,C-KagH79I538,20,,,,4,3,0,0,0,0,0,0,0,0,0,0,0,5,0,0,0,0,2,0,2,0,0,2,0,23/05/2025 05:51,Wet_Season
36f53167-630c-46e3-8760-cdd0bfc6696d,C-KagPEAN536,20,,,,4,3,0,0,0,0,0,0,0,0,0,0,0,5,0,0,0,0,2,0,2,0,0,2,0,23/05/2025 05:55,Wet_Season
76c5c3d1-41f0-4129-b258-73ca29b5a3b2,C-DomEH3PF00,20,,,,4,3,0,0,0,0,0,0,0,0,2,0,0,5,0,0,0,0,2,0,250,0,0,2,0,23/05/2025 06:16,Wet_Season
8cb6f62e-0374-4c3f-aa92-5d2091ca8916,C-DomCYL1H39,,50,,,4,3,0,0,0,0,0,0,0,0,0,0,0,0,0,0,0,0,0,2,2,0,2,2,0,23/05/2025 06:22,Wet_Season
a93cdc60-89c0-44d5-b455-e001e3ed6062,C-Kal1DFI006,100,,,,6,6,0,2,0,0,0,2,0,0,0,0,0,0,0,0,0,0,0,0,0,0,0,0,1.5,23/05/2025 06:25,Wet_Season
b3741f03-8d30-42a8-a27d-ee6e61cceadc,C-Dom1UUQ355,20,,,,4,3,0,0,0,0,0,0,0,0,2,0,0,0,0,0,0,0,2,0,2,0,0,2,0,23/05/2025 06:36,Wet_Season
469bff1c-ec5d-4440-9121-4ad5a820f0f4,C-DomHORGL59,,50,,,4,3,0,0,0,0,0,0,0,0,0,0,0,0,0,0,0,0,0,2,250,0,2,2,0,23/05/2025 06:38,Wet_Season
f82b9584-3ca6-4389-b17e-2b4caabdf98a,C-KalBEONQ02,100,,,,6,6,0,2,0,0,0,2,0,0,0,0,0,0,0,0,0,0,0,0,0,0,0,0,1.5,23/05/2025 06:40,Wet_Season
1098ba9e-7193-47f2-b1e5-50a8e7836a0f,C-Dom500Q834,20,,,,4,3,0,0,0,0,0,0,0,0,2,0,0,0,0,0,0,0,2,0,2,0,0,2,0,23/05/2025 06:42,Wet_Season
600a562a-17aa-4a5f-8c27-55c9c19d0d76,C-GwaX2KS443,50,50,,,7,5,0,2,1,0,1,2,0,1,0,0,0,0,0,0,0,0,0,0,0,1,0,0,2,23/05/2025 06:44,Wet_Season
20642735-c1c5-4be6-b5c5-0b9d8eb6bf4c,C-Gwa2Q10O33,50,50,,,7,5,0,2,1,0,1,2,0,1,0,0,0,0,0,0,0,0,0,0,0,1,0,0,2,23/05/2025 06:44,Wet_Season
c679575c-2162-409b-8c88-ecd456dd2943,C-Gwa32EYD23,50,50,,,7,5,0,2,1,0,1,2,0,1,0,0,0,0,0,0,0,0,0,0,0,1,0,0,2,23/05/2025 06:44,Wet_Season
86c61b65-8fea-4315-bd31-be85d0bb3412,C-Gwa64W3Z43,50,50,,,7,5,0,2,1,0,1,2,0,1,0,0,0,0,0,0,0,0,0,0,0,1,0,0,2,23/05/2025 06:44,Wet_Season
02754850-10ae-4c95-926c-75dc82e58499,C-Gwa7HRLD03,50,50,,,7,5,0,2,1,0,1,2,0,1,0,0,0,0,0,0,0,0,0,0,0,1,0,0,2,23/05/2025 06:44,Wet_Season
6ac03506-56f3-445a-ba31-830552b3098d,C-GwaBX1ZY56,50,50,,,7,5,0,2,1,0,1,2,0,1,0,0,0,0,0,0,0,0,0,0,0,1,0,0,2,23/05/2025 06:44,Wet_Season
9456c323-571b-4a13-8136-64402f17579c,C-GwaER5BU14,50,50,,,7,5,0,2,1,0,1,2,0,1,0,0,0,0,0,0,0,0,0,0,0,1,0,0,2,23/05/2025 06:44,Wet_Season
dec6eccc-494a-4255-85da-50aacc78e004,C-GwaFMK3K28,50,50,,,7,5,0,2,1,0,1,2,0,1,0,0,0,0,0,0,0,0,0,0,0,1,0,0,2,23/05/2025 06:44,Wet_Season
9e022a16-0f53-484e-9281-15a86c08607c,C-GwaIWGZD27,50,50,,,7,5,0,2,1,0,1,2,0,1,0,0,0,0,0,0,0,0,0,0,0,1,0,0,2,23/05/2025 06:44,Wet_Season
608935a3-a59e-477a-8576-12d083b58369,C-GwaKW7RH39,50,50,,,7,5,0,2,1,0,1,2,0,1,0,0,0,0,0,0,0,0,0,0,0,1,0,0,2,23/05/2025 06:44,Wet_Season
9422f4b1-65bb-49bc-8e3e-57d7db09895e,C-GwaMRJQT13,50,50,,,7,5,0,2,1,0,1,2,0,1,0,0,0,0,0,0,0,0,0,0,0,1,0,0,2,23/05/2025 06:44,Wet_Season
5e11a41f-f2cd-4373-9dbe-adf4e7175971,C-GwaOTNBW37,50,50,,,7,5,0,2,1,0,1,2,0,1,0,0,0,0,0,0,0,0,0,0,0,1,0,0,2,23/05/2025 06:44,Wet_Season
f52613c2-1792-4ce3-9a75-5fd7baa52879,C-GwaPLQFD31,50,50,,,7,5,0,2,1,0,1,2,0,1,0,0,0,0,0,0,0,0,0,0,0,1,0,0,2,23/05/2025 06:44,Wet_Season
3ad23c5f-f270-4ae2-9823-532817796cd2,C-GwaQK9CG01,50,50,,,7,5,0,2,1,0,1,2,0,1,0,0,0,0,0,0,0,0,0,0,0,1,0,0,2,23/05/2025 06:44,Wet_Season
e47c480c-6729-46a3-9a07-ec7ba5cb86a9,C-GwaT8GD947,50,50,,,7,5,0,2,1,0,1,2,0,1,0,0,0,0,0,0,0,0,0,0,0,1,0,0,2,23/05/2025 06:44,Wet_Season
d132be49-f8e9-4e31-bac9-d8eab0c51369,C-GwaV139M16,50,50,,,7,5,0,2,1,0,1,2,0,1,0,0,0,0,0,0,0,0,0,0,0,1,0,0,2,23/05/2025 06:45,Wet_Season
ac563bdd-41dc-4568-86f6-dead39e3a4f6,C-GwaZ58YH21,50,50,,,7,5,0,2,1,0,1,2,0,1,0,0,0,0,0,0,0,0,0,0,0,1,0,0,2,23/05/2025 06:45,Wet_Season
6e82d60e-6426-4a78-abf1-6c376e00f0b3,C-Gwa2V2S054,50,50,,,7,5,0,2,1,0,1,2,0,1,0,0,0,0,0,0,0,0,0,0,0,1,0,0,2,23/05/2025 06:45,Wet_Season
061d1725-aabc-4657-a585-27ef31e52e21,C-Gwa4SBRK11,50,50,,,7,5,0,2,1,0,1,2,0,1,0,0,0,0,0,0,0,0,0,0,0,1,0,0,2,23/05/2025 06:45,Wet_Season
95e28733-e2d7-4d21-a983-7776b0971adc,C-GwaB8TU806,50,50,,,7,5,0,2,1,0,1,2,0,1,0,0,0,0,0,0,0,0,0,0,0,1,0,0,2,23/05/2025 06:45,Wet_Season
66224b78-053d-4f11-8c22-d415cd61be82,C-GwaF623H32,50,50,,,7,5,0,2,1,0,1,2,0,1,0,0,0,0,0,0,0,0,0,0,0,1,0,0,2,23/05/2025 06:45,Wet_Season
9aecf766-199e-4d9c-9ba2-c96fb10bc93a,C-GwaMM0AT17,50,50,,,7,5,0,2,1,0,1,2,0,1,0,0,0,0,0,0,0,0,0,0,0,1,0,0,2,23/05/2025 06:45,Wet_Season
38a2fb44-79ec-4bb5-a008-e01d318b0c4d,C-GwaQJ6YW39,50,50,,,7,5,0,2,1,0,1,2,0,1,0,0,0,0,0,0,0,0,0,0,0,1,0,0,2,23/05/2025 06:45,Wet_Season
8d84c43b-6b33-4cdf-b181-ce21260beb2c,C-GwaVRJ1242,50,50,,,7,5,0,2,1,0,1,2,0,1,0,0,0,0,0,0,0,0,0,0,0,1,0,0,2,23/05/2025 06:45,Wet_Season
1cbe4eba-1397-422c-9cbe-09e04447c022,C-GwaXMGE121,50,50,,,7,5,0,2,1,0,1,2,0,1,0,0,0,0,0,0,0,0,0,0,0,1,0,0,2,23/05/2025 06:45,Wet_Season
951c7f31-79c5-4ca1-b7bd-f5f498f552e0,C-GwaY4KYL01,50,50,,,7,4,0,2,1,0,1,2,0,1,0,0,0,0,0,0,0,0,0,0,0,1,0,0,2,23/05/2025 06:45,Wet_Season
c09a8593-2203-4e40-af25-a8ad300f6064,C-KalPOOQF18,100,,,,6,6,0,2,0,0,0,2,0,0,0,0,0,0,0,0,0,0,0,0,0,0,0,0,1.5,23/05/2025 06:47,Wet_Season
25185a84-8363-40c0-b64e-590735e117a5,C-KalRSTIQ19,100,,,,6,6,0,2,0,0,0,2,0,0,0,0,0,0,0,0,0,0,0,0,0,0,0,0,1.5,23/05/2025 06:49,Wet_Season
efc40129-3619-4ff8-bdea-f256e7c077a2,C-DomIMD7217,20,,,,4,3,0,0,0,0,0,0,0,0,2,0,0,5,0,0,0,0,2,0,5,0,0,2,0,23/05/2025 06:49,Wet_Season
3447ce3b-7153-4b34-b05c-d9b6a4fd5224,C-Dom07L3Y19,20,,,,4,3,0,0,0,0,0,0,0,0,2,0,0,5,0,0,0,0,2,0,5,0,0,2,0,23/05/2025 06:49,Wet_Season
8d5b7bf0-29fb-479e-a900-a659f835e2e6,C-DomR6UT819,20,,,,4,3,0,0,0,0,0,0,0,0,2,0,0,5,0,0,0,0,2,0,2,0,0,2,0,23/05/2025 06:49,Wet_Season
106ea1d2-ee43-4854-b162-e3b0de284881,C-DomOKMNU42,20,,,,4,3,0,0,0,0,0,0,0,0,2,0,0,5,0,0,0,0,2,0,5,0,0,2,0,23/05/2025 06:49,Wet_Season
2c26f4c0-012a-408b-b173-89d2e7d1dab3,C-DomMPUEQ06,,50,,,4,3,0,0,0,0,0,0,0,0,0,0,0,0,0,0,0,0,0,2,2,0,125000,2,0,23/05/2025 06:50,Wet_Season
6e34a462-df30-4250-9fd9-2ff3dff7b271,C-DomO6O6P00,,50,,,4,3,0,0,0,0,0,0,0,0,0,0,0,0,0,0,0,0,0,2,5,0,125000,2,0,23/05/2025 06:50,Wet_Season
84c3f745-feef-4daf-a626-77afc85e916c,C-DomA0OS545,20,,,,4,3,0,0,0,0,0,0,0,0,2,0,0,5,0,0,0,0,2,0,5,0,0,2,0,23/05/2025 06:50,Wet_Season
e0f9e81e-e1d4-46bb-a3ad-3b6f80a06237,C-Dom0V7GR02,20,,,,4,3,0,0,0,0,0,0,0,0,2,0,0,5,0,0,0,0,2,0,2,0,0,2,0,23/05/2025 06:50,Wet_Season
e1c5e70b-fcbe-48cd-9fd5-6db06237564d,C-DomXIBTG08,20,,,,4,3,0,0,0,0,0,0,0,0,2,0,0,5,0,0,0,0,2,0,2,0,0,2,0,23/05/2025 06:50,Wet_Season
13d0fe80-357c-4b67-ade6-8928283f8a5f,C-DomQ882O18,20,,,,4,3,0,0,0,0,0,0,0,0,2,0,0,0,0,0,0,0,2,0,2,0,0,2,0,23/05/2025 06:50,Wet_Season
b3e8fdc3-465a-4c9f-8158-c013ae515f0d,C-DomNTD0L03,20,,,,4,3,0,0,0,0,0,0,0,0,2,0,0,5,0,0,0,0,2,0,2,0,0,2,0,23/05/2025 06:50,Wet_Season
4ea6782f-cc16-4641-aa1e-291b34df9383,C-DomMAG8G26,20,,,,4,3,0,0,0,0,0,0,0,0,2,0,0,5,0,0,0,0,0,0,2,0,0,2,0,23/05/2025 06:50,Wet_Season
6983875e-1138-4dc2-a924-19c583bdb24b,C-Gwa95VQ335,50,50,,,7,5,0,2,1,0,1,2,0,1,0,0,0,0,0,0,0,0,0,0,0,1,0,0,2,23/05/2025 06:50,Wet_Season
f029c6b6-5ffc-4cc6-92aa-bc544dd25cc2,C-KalS8HAE11,100,,,,6,6,0,2,0,0,0,2,0,0,0,0,0,0,0,0,0,0,0,0,0,0,0,0,1.5,23/05/2025 06:51,Wet_Season
3010d3c1-674a-41ee-bf35-a54dc1103a32,C-DomJYPD926,20,,,,4,3,0,0,0,0,0,0,0,0,2,0,0,5,0,0,0,0,2,0,250,0,0,2,0,23/05/2025 06:53,Wet_Season
a8ad210d-e09a-416c-88c9-88d4cac1cffb,C-KalUNS6B38,100,,,,6,6,0,2,0,0,0,2,0,0,0,0,0,0,0,0,0,0,0,0,0,0,0,0,1.5,23/05/2025 06:53,Wet_Season
34037517-7a82-49b5-88ff-c1b106028480,C-KalVA23G19,100,,,,6,6,0,2,0,0,0,2,0,0,0,0,0,0,0,0,0,0,0,0,0,0,0,0,1.5,23/05/2025 06:56,Wet_Season
17c7cd1b-a2f0-43dc-9640-053289346fba,C-AkaVI5HF43,20,,,,4,3,0,0,0,0,0,0,0,0,2,0,0,0,0,0,0,0,2,0,2,0,0,2,0,23/05/2025 06:58,Wet_Season
5fd85c4f-5141-4e3f-9fea-6caee49329fa,C-AkaYYN1B08,20,,,,4,3,0,0,0,0,0,0,0,0,2,0,0,0,0,0,0,0,2,0,2,0,0,2,0,23/05/2025 06:58,Wet_Season
ab98e3b3-952f-4639-91a0-05707512dba3,C-AkaGVSCG39,20,,,,4,3,0,0,0,0,0,0,0,0,2,0,0,0,0,0,0,0,2,0,2,0,0,2,0,23/05/2025 06:58,Wet_Season
9c01cb1e-d295-49ff-8eaa-e6f5bc0244cd,C-AkaAIWZ055,20,,,,4,3,0,0,0,0,0,0,0,0,2,0,0,0,0,0,0,0,2,0,2,0,0,2,0,23/05/2025 06:58,Wet_Season
5cf08b39-ba19-472a-97b3-166aeb353742,C-Aka54E9C07,20,,,,4,3,0,0,0,0,0,0,0,0,2,0,0,0,0,0,0,0,2,0,2,0,0,2,0,23/05/2025 06:58,Wet_Season
cf52a982-0f76-4448-bde2-9ff3e94b441f,C-AkaGFDQJ35,20,,,,4,3,0,0,0,0,0,0,0,0,2,0,0,0,0,0,0,0,2,0,2,0,0,2,0,23/05/2025 06:58,Wet_Season
4dc6420a-55c4-4f46-941d-7f1d17106eca,C-AkaBIQWX41,20,,,,4,3,0,0,0,0,0,0,0,0,2,0,0,0,0,0,0,0,2,0,2,0,0,2,0,23/05/2025 06:58,Wet_Season
35070513-5ca5-4f74-ba97-b3264ec8d3d5,C-AkaIXCGQ28,20,,,,4,3,0,0,0,0,0,0,0,0,2,0,0,0,0,0,0,0,2,0,2,0,0,2,0,23/05/2025 06:58,Wet_Season
fd0b3665-728f-4259-af12-40ff99977c9d,C-AkaO426H58,20,,,,4,3,0,0,0,0,0,0,0,0,2,0,0,0,0,0,0,0,2,0,2,0,0,2,0,23/05/2025 06:58,Wet_Season
51f24ba3-7200-4820-81fe-cc4975cbd962,C-AkaUA42X27,20,,,,4,3,0,0,0,0,0,0,0,0,2,0,0,0,0,0,0,0,2,0,2,0,0,2,0,23/05/2025 06:58,Wet_Season
5b4545d1-1bfe-4144-9ba8-bb09d3b73643,C-AkaMD6LU04,20,,,,4,3,0,0,0,0,0,0,0,0,2,0,0,0,0,0,0,0,2,0,2,0,0,2,0,23/05/2025 06:58,Wet_Season
658e11e6-2f84-4c12-bb79-331407105407,C-Yam3Y9CO19,100,,,,6,6,0,2,0,0,0,2,0,2,0,0,0,0,0,0,0,0,0,0,0,0,0,0,1500,23/05/2025 06:58,Wet_Season
549569f0-39ee-4c74-802e-e7859eefffeb,C-AkaFGCS501,20,,,,4,3,0,0,0,0,0,0,0,0,2,0,0,0,0,0,0,0,2,0,2,0,0,2,0,23/05/2025 06:58,Wet_Season
61616415-3601-4fa9-882c-c8a30be8e1ff,C-Yam5VA5E26,,100,,,8,4,0,2,0,0,2,2,0,0,0,0,0,0,0,0,0,0,0,0,0,2,0,0,1500,23/05/2025 06:58,Wet_Season
af4d46d2-be28-49be-96bd-fcad65e962d3,C-Yam6DBBK35,100,,,,6,6,0,2,0,0,0,2,0,2,0,0,0,0,0,0,0,0,0,0,0,0,0,0,1500,23/05/2025 06:58,Wet_Season
670c815b-8211-4a2b-aefd-221a2e002b6d,C-Yam7V4UC37,,100,,,8,4,0,2,0,0,2,2,0,0,0,0,0,0,0,0,0,0,0,0,0,2,0,0,1500,23/05/2025 06:58,Wet_Season
b2e327e5-4241-4fb1-a305-253bccb72b01,C-Yam9X7XQ54,100,,,,6,6,0,2,0,0,0,2,0,2,0,0,0,0,0,0,0,0,0,0,0,0,0,0,1500,23/05/2025 06:58,Wet_Season
ed7eea80-997b-4987-b1bf-ab3ef5f5f0c1,C-YamIOY4812,,100,,,8,4,0,2,0,0,2,2,0,0,0,0,0,0,0,0,0,0,0,0,0,2,0,0,1500,23/05/2025 06:59,Wet_Season
0bebe9b2-fd0a-49ea-9d40-2f8b7081f546,C-YamU3QF139,100,,,,6,6,0,2,0,0,0,2,0,2,0,0,0,0,0,0,0,0,0,0,0,0,0,0,1500,23/05/2025 06:59,Wet_Season
21af4e22-2ad5-496c-8c2e-795060c46ce7,C-YamL7WVQ03,,100,,,8,4,0,2,0,0,2,2,0,0,0,0,0,0,0,0,0,0,0,0,0,2,0,0,1500,23/05/2025 06:59,Wet_Season
6e00d242-68c3-4edd-8da5-9563a12bfbdb,C-Yam1LFP503,100,,,,6,6,0,2,0,0,0,2,0,2,0,0,0,0,0,0,0,0,0,0,0,0,0,0,1500,23/05/2025 07:02,Wet_Season
b94729df-c921-4b79-9815-bf7eb1890cb8,C-Yam2B49Z02,,100,,,8,4,0,2,0,0,2,2,0,0,0,0,0,0,0,0,0,0,0,0,0,2,0,0,1500,23/05/2025 07:04,Wet_Season
dcbe3677-1955-4d47-9ec8-95b192aec46b,C-Yam5AQ2L06,100,,,,6,6,0,2,0,0,0,2,0,2,0,0,0,0,0,0,0,0,0,0,0,0,0,0,1500,23/05/2025 07:05,Wet_Season
9ecae67c-ccd4-459a-a200-bd8759cfc3d6,C-Dom6OZJW50,20,,,,4,3,0,0,0,0,0,0,0,0,2,0,0,0,0,0,0,0,2,0,2,0,0,2,0,23/05/2025 07:06,Wet_Season
3af20d78-744e-4a81-8dd7-27cc717e5d9d,C-Yam76XL131,,100,,,8,4,0,2,0,0,2,2,0,0,0,0,0,0,0,0,0,0,0,0,0,2,0,0,1500,23/05/2025 07:09,Wet_Season
5ff80b57-3ac7-444b-a1d5-0afc6b5efe3a,C-Yam869T454,100,,,,6,6,0,2,0,0,0,2,0,2,0,0,0,0,0,0,0,0,0,0,0,0,0,0,1500,23/05/2025 07:10,Wet_Season
afe35b84-4474-440e-9ee3-8f96eb7777ca,C-YamEZJIB16,,100,,,8,4,0,2,0,0,2,2,0,0,0,0,0,0,0,0,0,0,0,0,0,2,0,0,1500,23/05/2025 07:13,Wet_Season
ee3ecc5b-5183-45ad-9b2d-812418b6d530,C-YamF1AD953,100,,,,6,6,0,2,0,0,0,2,0,2,0,0,0,0,0,0,0,0,0,0,0,0,0,0,1500,23/05/2025 07:16,Wet_Season
6759ad22-23ba-4364-a88b-264106cb5d1f,C-YamGDBMJ15,,100,,,8,4,0,2,0,0,2,2,0,0,0,0,0,0,0,0,0,0,0,0,0,2,0,0,1500,23/05/2025 07:18,Wet_Season
19a3b739-dbc7-451d-a51b-b6eff218506d,C-YamGW34Z24,100,,,,6,6,0,2,0,0,0,2,0,2,0,0,0,0,0,0,0,0,0,0,0,0,0,0,1500,23/05/2025 07:19,Wet_Season
87faddd5-a34f-4d3b-91cf-18b39854662e,C-YamIM6HN06,,100,,,8,4,0,2,0,0,2,2,0,0,0,0,0,0,0,0,0,0,0,0,0,2,0,0,1500,23/05/2025 07:21,Wet_Season
413e5a6c-2b48-4f32-a1a5-96aac9263c05,C-YamITC9D43,,100,,,8,4,0,2,0,0,2,2,0,0,0,0,0,0,0,0,0,0,0,0,0,2,0,0,1500,23/05/2025 07:23,Wet_Season
665e5d6c-c6dc-4927-9666-6a3025ab553e,C-YamM3G5R54,100,,,,6,6,0,2,0,0,0,2,0,2,0,0,0,0,0,0,0,0,0,0,0,0,0,0,1500,23/05/2025 07:25,Wet_Season
3b698414-5d2d-495b-bdee-d40ca589c71e,C-YamNYQU510,,100,,,8,4,0,2,0,0,2,2,0,0,0,0,0,0,0,0,0,0,0,0,0,2,0,0,1500,23/05/2025 07:26,Wet_Season
a54fcc8d-7bf4-402e-89f0-97fdb803fe5b,C-YamP8EH100,100,,,,6,6,0,2,0,0,0,2,0,2,0,0,0,0,0,0,0,0,0,0,0,0,0,0,1500,23/05/2025 07:28,Wet_Season
ee59d933-b35e-4ffb-bf2f-96475a1793b4,C-YamRAHLC32,,100,,,8,4,0,2,0,0,2,2,0,0,0,0,0,0,0,0,0,0,0,0,0,2,0,0,1500,23/05/2025 07:29,Wet_Season
d2f83fe4-8da8-483f-a5c9-fedf1626e160,C-YamSJW6O49,100,,,,6,6,0,2,0,0,0,2,0,2,0,0,0,0,0,0,0,0,0,0,0,0,0,0,1500,23/05/2025 07:31,Wet_Season
5269cedd-daad-46a2-b5ae-eb7f75218cd6,C-GweRH6VY48,,50,,,4,3,0,0,0,0,0,0,0,0,0,0,0,0,0,0,0,0,0,2,0.5,0,125,2,0,23/05/2025 07:34,Wet_Season
b55a05a1-5461-48c2-8248-1d71ca0e48c5,C-GweSU18Z20,,50,,,4,3,0,0,0,0,0,0,0,0,0,0,0,0,0,0,0,0,0,2,0.5,0,125,2,0,23/05/2025 07:34,Wet_Season
1698736f-d0aa-4d86-9fc2-ae85e714935a,C-GweTNV8912,,50,,,4,3,0,0,0,0,0,0,0,0,0,0,0,0,0,0,0,0,0,2,0.5,0,125,2,0,23/05/2025 07:34,Wet_Season
1da3b256-882a-4a79-b851-e93af9cca3fd,C-GweHVGAL11,,50,,,4,3,0,0,0,0,0,0,0,0,0,0,0,0,0,0,0,0,0,2,0.5,0,125,2,0,23/05/2025 07:34,Wet_Season
d07ec68b-b323-4eef-8ab2-6a8015356721,C-GweLUYEF56,,50,,,4,3,0,0,0,0,0,0,0,0,0,0,0,0,0,0,0,0,0,2,0.5,0,125,2,0,23/05/2025 07:34,Wet_Season
2229b6d4-fa77-46e3-8665-30e3ae0d426e,C-Yam7L9C644,,100,,,8,4,0,2,0,0,2,2,0,0,0,0,0,0,0,0,0,0,0,0,0,2,0,0,1500,23/05/2025 07:35,Wet_Season
33ad6c84-1393-47cf-9ef0-670d9cfb4bde,C-YamHVBWB43,100,,,,6,6,0,2,0,0,0,2,0,2,0,0,0,0,0,0,0,0,0,0,0,0,0,0,1500,23/05/2025 07:36,Wet_Season
72383d91-54ea-4811-ae76-85aed76cf286,C-YamJUTCI10,,100,,,8,4,0,4,0,0,2,2,0,0,0,0,0,0,0,0,0,0,0,0,0,2,0,0,1500,23/05/2025 07:38,Wet_Season
b03330d0-2700-4685-b5ae-63bb7bae498d,C-YamKG0W812,100,,,,6,6,0,2,0,0,0,2,0,2,0,0,0,0,0,0,0,0,0,0,0,0,0,0,1500,23/05/2025 07:40,Wet_Season
025b12b2-c5eb-4fba-a122-eaaa37744c0e,C-YamN4QG413,,100,,,8,4,0,2,0,0,2,2,0,0,0,0,0,0,0,0,0,0,0,0,0,2,0,0,1500,23/05/2025 07:42,Wet_Season
9231098e-0f63-42db-b895-5d03bb027263,C-YamS0BY121,100,,,,6,6,0,2,0,0,0,2,0,2,0,0,0,0,0,0,0,0,0,0,0,0,0,0,1500,23/05/2025 07:44,Wet_Season
fd1df4d4-ddab-4b8d-a5a1-dbf959125358,C-Yam2JTZA06,100,,,,6,6,0,2,0,0,0,2,0,2,0,0,0,0,0,0,0,0,0,0,0,0,0,0,1500,23/05/2025 07:47,Wet_Season
14a376f1-9b43-4891-b6c3-0511872115db,C-Yam69A1727,,100,,,8,4,0,2,0,0,2,2,0,0,0,0,0,0,0,0,0,0,0,0,0,2,0,0,1500,23/05/2025 07:49,Wet_Season
0c6c884f-1d95-476f-a3f1-741ec8d99e89,C-YamFF8YS07,100,,,,6,6,0,2,0,0,0,2,0,2,0,0,0,0,0,0,0,0,0,0,0,0,0,0,1500,23/05/2025 07:50,Wet_Season
73649c14-4eda-4fe8-aebe-0e1c85989492,C-YamIOT1443,,100,,,8,4,0,2,0,0,2,2,0,0,0,0,0,0,0,0,0,0,0,0,0,2,0,0,1500,23/05/2025 07:52,Wet_Season
cf9b0ded-c182-430f-998b-9ed9946403b4,C-YamJBZPL50,100,,,,6,6,0,2,0,0,0,2,0,2,0,0,0,0,0,0,0,0,0,0,0,0,0,0,1500,23/05/2025 07:53,Wet_Season
d9ba5a32-d49a-40e1-8997-bf50f6d95d61,C-YamQEU7C13,,100,,,8,4,0,2,0,0,2,2,0,0,0,0,0,0,0,0,0,0,0,0,0,2,0,0,1500,23/05/2025 07:55,Wet_Season
017509eb-0f69-4cb2-8e2e-c6a8357abccc,C-Laf0EY5B49,,,,,4,3,0,0,0,0,0,0,0,0,0,0,0,0,0,0,0,0,0,2,250,0,125,2,0,23/05/2025 07:55,Wet_Season
258ec94b-0a8f-4468-b630-12c1171f8e27,C-GwaA08XY23,50,50,,,7,5,0,2,1,0,1,2,0,1,0,0,0,0,0,0,0,0,0,0,0,1,0,0,2,23/05/2025 07:56,Wet_Season
587cadcf-25ee-443f-81cd-6ef37a1e7b14,C-YamTYK6122,100,,,,6,6,0,2,0,0,0,2,0,2,0,0,0,0,0,0,0,0,0,0,0,0,0,0,1500,23/05/2025 07:57,Wet_Season
45701b76-b114-4acf-ad6b-5709af6150b1,C-YamUKSLC44,,100,,,8,4,0,2,0,0,2,2,0,0,0,0,0,0,0,0,0,0,0,0,0,2,0,0,1500,23/05/2025 07:59,Wet_Season
815bb3fe-0f6f-476d-86d9-ed1838efe460,C-GwaCOT3V48,50,50,,,7,5,0,2,1,0,1,2,0,1,0,0,0,0,0,0,0,0,0,0,0,1,0,0,2,23/05/2025 07:59,Wet_Season
086c4052-a0b2-454e-93d8-75e8aa6ed156,C-LafGGYXM01,50,,,,4,3,0,0,0,0,0,0,0,0,2,0,0,0,0,0,0,0,2,0,2,0,0,2,0,23/05/2025 08:03,Wet_Season
f3aa1959-006c-497f-bc39-21caa5e84e62,C-Laf4HV5X49,,50,,,4,3,0,0,0,0,0,0,0,0,0,0,0,0,0,0,0,0,0,2,2,0,125,2,0,23/05/2025 08:10,Wet_Season
26421150-a898-438f-9f34-417f27817f52,C-LafQUW5T53,50,,,,4,3,0,0,0,0,0,0,0,0,2,0,0,0,0,0,0,0,2,0,2,0,0,2,0,23/05/2025 08:15,Wet_Season
1921812a-b8d4-4ffe-9a6b-33f2500191c9,C-KagT2XEH12,,50,,,4,3,0,0,0,0,0,0,0,0,0,0,0,0,0,0,0,0,0,2,2,0,5,2,0,23/05/2025 08:19,Wet_Season
af265af4-42fd-40a3-8ac6-6666681d089f,C-Gwe1MBT751,,50,,,4,3,0,0,0,0,0,0,0,0,0,0,0,0,0,0,0,0,0,2,0.5,0,125,2,0,23/05/2025 08:20,Wet_Season
45f11491-743f-4a5d-aee1-cb6ecde01fb4,C-LafBX9NW28,,50,,,4,3,0,0,0,0,0,0,0,0,0,0,0,0,0,0,0,0,0,2,2,0,125,2,0,23/05/2025 08:21,Wet_Season
6dbdd212-2627-4fc7-9a11-b5aecb52815c,C-DomCYL1H39,,50,,,4,3,0,0,0,0,0,0,0,0,0,0,0,0,0,0,0,0,0,2,2,0,2,2,0,23/05/2025 08:21,Wet_Season
d8591632-c04c-475a-975a-7a316ba5bd25,C-DomGXXX153,20,,,,4,3,0,0,0,0,0,0,0,0,2,0,0,0,0,0,0,0,2,0,2,0,0,2,0,23/05/2025 08:21,Wet_Season
2986c581-8b49-4e14-945f-ef65dba0f6b7,C-DomL45W125,20,,,,4,3,0,0,0,0,0,0,0,0,2,0,0,0,0,0,0,0,2,0,2,0,0,2,0,23/05/2025 08:21,Wet_Season
5eb571c8-a031-4058-886c-4993ad5a4e9e,C-DomQLAM328,,50,,,4,3,0,0,0,0,0,0,0,0,0,0,0,0,0,0,0,0,0,2,2,0,2,2,0,23/05/2025 08:21,Wet_Season
393c6410-c203-4300-bb5a-24795246a8fe,C-DomWTJSQ12,20,,,,4,3,0,0,0,0,0,0,0,0,2,0,0,0,0,0,0,0,0,2,2,0,0,2,0,23/05/2025 08:21,Wet_Season
ae777677-c94c-427e-a093-dd70c1d2e755,C-DomWVQ2558,20,,,,4,3,0,0,0,0,0,0,0,0,2,0,0,0,0,0,0,0,2,0,2,0,0,2,0,23/05/2025 08:21,Wet_Season
68b638e2-931a-4e94-8a1b-1c405d436a6d,C-DomU7ZQC07,20,,,,4,3,0,0,0,0,0,0,0,0,2,0,0,0,0,0,0,0,2,0,2,0,0,2,0,23/05/2025 08:21,Wet_Season
7bedcb72-5d9b-43b4-902a-2e09b815d7c4,C-DomWWHZF23,,50,,,4,3,0,0,0,0,0,0,0,0,0,0,0,0,0,0,0,0,0,2,2,0,2,2,0,23/05/2025 08:21,Wet_Season
43c30511-c744-45d6-9f2f-10eb263d3c24,C-LafVXLC834,,50,,,4,3,0,0,0,0,0,0,0,0,0,0,0,0,0,0,0,0,0,2,2,0,125,2,0,23/05/2025 08:24,Wet_Season
41d70bcb-1fec-483d-8aae-36a2504f8ba9,C-Gwe0EM5I20,,50,,,4,3,0,0,0,0,0,0,0,0,0,0,0,0,0,0,0,0,0,2,0.5,0,125,2,0,23/05/2025 08:26,Wet_Season
8c18aadf-f284-4223-b81c-612de3224531,C-Gwe9RO4P49,,50,,,4,3,0,0,0,0,0,0,0,0,0,0,0,0,0,0,0,0,0,2,0.5,0,125,2,0,23/05/2025 08:30,Wet_Season
fe83e6a6-05b3-4c64-b99c-5342056fe160,C-LafH9LXW00,,50,,,4,3,0,0,0,0,0,0,0,0,0,0,0,0,0,0,0,0,0,2,2,0,125,2,0,23/05/2025 08:33,Wet_Season
a163ad8b-834b-48f6-ae4e-a5c84eb187c8,C-GweBBWWE12,,50,,,4,3,0,0,0,0,0,0,0,0,0,0,0,0,0,0,0,0,0,2,0.5,0,125,2,0,23/05/2025 08:35,Wet_Season
ebfd8e21-8624-4ab4-b080-91540c00a6c8,C-Laf2NKAX43,,50,,,4,3,0,0,0,0,0,0,0,0,0,0,0,0,0,0,0,0,0,2,2,0,125,2,0,23/05/2025 08:35,Wet_Season
6bd325c4-bd5d-4689-a598-3c4405d59537,C-Laf5ZP8W53,,50,,,4,3,0,0,0,0,0,0,0,0,0,0,0,0,0,0,0,0,0,2,2,0,125,2,0,23/05/2025 08:38,Wet_Season
477298ab-42b3-4de7-a891-3b1cc8e7248c,C-GweBLEHN38,,50,,,4,3,0,0,0,0,0,0,0,0,0,0,0,0,0,0,0,0,0,2,0.5,0,125,2,0,23/05/2025 08:38,Wet_Season
9f8d3cff-e7aa-416e-8e59-3f23baf4d2ab,C-GwaEAF2J42,50,50,,,7,5,0,2,1,0,1,2,0,1,0,0,0,0,0,0,0,0,0,0,0,1,0,0,2,23/05/2025 08:39,Wet_Season
30afcba6-07df-463e-9c82-78dc4c2901ac,C-GwaJCM6V04,50,50,,,7,5,0,2,1,0,1,2,0,1,0,0,0,0,0,0,0,0,0,0,0,1,0,0,2,23/05/2025 08:39,Wet_Season
6fa4eabd-b705-4b4f-b1a4-8443276d1b30,C-GwaMMJL611,50,50,,,7,5,0,2,1,0,1,2,0,1,0,0,0,0,0,0,0,0,0,0,0,1,0,0,2,23/05/2025 08:39,Wet_Season
1af89473-acd5-40f9-b35a-177b3f8a97d9,C-GwaMY2BW18,50,50,,,7,5,0,2,1,0,1,2,0,1,0,0,0,0,0,0,0,0,0,0,0,1,0,0,2,23/05/2025 08:39,Wet_Season
f3117e66-a43f-425e-b08e-9b2664859a79,C-GwaQGC2834,50,50,,,7,5,0,2,1,0,1,2,0,1,0,0,0,0,0,0,0,0,0,0,0,1,0,0,2,23/05/2025 08:39,Wet_Season
9e248800-4151-4e85-a21d-d358d8367ee2,C-GwaQU14E33,50,50,,,7,5,0,2,1,0,1,2,0,1,0,0,0,0,0,0,0,0,0,0,0,1,0,0,2,23/05/2025 08:40,Wet_Season
43eb8f43-1e09-4c77-9eb8-8177aa9cb442,C-GwaSCFFN22,50,50,,,7,5,0,2,1,0,1,2,0,1,0,0,0,0,0,0,0,0,0,0,0,1,0,0,2,23/05/2025 08:40,Wet_Season
0ac7af69-5407-4ee8-93d6-de46da2f1faa,C-GwaWSLFV10,50,50,,,7,5,0,2,1,0,1,2,0,1,0,0,0,0,0,0,0,0,0,0,0,1,0,0,2,23/05/2025 08:40,Wet_Season
e08a1ef8-29f8-4982-a6b8-1f047e8abb1c,C-GwaY540O08,50,50,,,7,5,0,2,1,0,1,2,0,1,0,0,0,0,0,0,0,0,0,0,0,1,0,0,2,23/05/2025 08:40,Wet_Season
5bd4b8f7-0f4f-4f19-b88a-ed707c1323bb,C-DomKD40E23,20,,,,4,3,0,0,0,0,0,0,0,0,2,0,0,5,0,0,0,0,2,0,250,0,0,2,0,23/05/2025 08:41,Wet_Season
56ad151f-fa92-4969-a12f-374782223be7,C-LafG03XH15,,50,,,4,3,0,0,0,0,0,0,0,0,0,0,0,0,0,0,0,0,0,2,2,0,125,2,0,23/05/2025 08:41,Wet_Season
e0d79929-ccd2-4aa7-850e-6c36c7681fc2,C-GweGV44E10,,50,,,4,3,0,0,0,0,0,0,0,0,0,0,0,0,0,0,0,0,0,2,0.5,0,125,2,0,23/05/2025 08:42,Wet_Season
bdd7cb82-5d7c-4e82-a7eb-9c412d2f4aa2,C-LafNDIVE14,,50,,,4,3,0,0,0,0,0,0,0,0,0,0,0,0,0,0,0,0,0,2,2,0,125,2,0,23/05/2025 08:45,Wet_Season
ac951522-18c1-4e23-a5e1-b184fe180c38,C-GweS8GIA43,,50,,,4,3,0,0,0,0,0,0,0,0,0,0,0,0,0,0,0,0,0,2,0.5,0,125,2,0,23/05/2025 08:47,Wet_Season
da802c9a-418b-4a33-ba08-68de44fb3e16,C-DomKZN3Q19,20,,,,4,3,0,0,0,0,0,0,0,0,2,0,0,5,0,0,0,0,2,0,250,0,0,2,0,23/05/2025 08:52,Wet_Season
e240b491-667d-4586-a144-3bfe7f961bda,C-GweP678A53,,50,,,4,3,0,0,0,0,0,0,0,0,0,0,0,0,0,0,0,0,0,2,0.5,0,125,2,0,23/05/2025 09:01,Wet_Season
643dc9dc-beeb-4a4b-81b7-e87f780d0ff8,C-GweUERR606,,50,,,4,3,0,0,0,0,0,0,0,0,0,0,0,0,0,0,0,0,0,2,0.5,0,125,2,0,23/05/2025 09:01,Wet_Season
bad65e3e-4b8f-4234-ba70-41ba521b1aba,C-GweIXWEC55,,50,,,4,3,0,0,0,0,0,0,0,0,0,0,0,0,0,0,0,0,0,2,0.5,0,125,2,0,23/05/2025 09:01,Wet_Season
a5460b1a-3cee-4a65-9236-f606c7a44890,C-Laf9BNHE17,,,,,0,0,0,0,0,0,0,0,0,0,0,0,0,0,0,0,0,0,0,2,2,0,125,2,0,23/05/2025 09:02,Wet_Season
b408c793-e404-43e8-88ff-7ef8b947f47d,C-LafBPQNE38,,50,,,4,3,0,0,0,0,0,0,0,0,0,0,0,0,0,0,0,0,0,2,2,0,125,2,0,23/05/2025 09:02,Wet_Season
98de62f0-51ce-402b-97d2-f54ae0a6ac18,C-Gwe023UP18,,50,,,4,3,0,0,0,0,0,0,0,0,0,0,0,0,0,0,0,0,0,2,0.5,0,125,2,0,23/05/2025 09:04,Wet_Season
467c9809-dbae-4e6f-9c19-3a0bdf2d31bc,C-Gwe9A6KM47,,50,,,4,3,0,0,0,0,0,0,0,0,0,0,0,0,0,0,0,0,0,2,0.5,0,125,2,0,23/05/2025 09:04,Wet_Season
bb7bed8c-c432-4477-a8c6-a55d04cda631,C-GweX4RJS32,,50,,,4,3,0,0,0,0,0,0,0,0,0,0,0,0,0,0,0,0,0,2,0.5,0,125,2,0,23/05/2025 09:05,Wet_Season
c710fea3-331c-4113-9558-f52ea889420f,C-DomR5B7552,20,,,,4,3,0,0,0,0,0,0,0,0,2,0,0,5,0,0,0,0,2,0,250,0,0,2,0,23/05/2025 09:09,Wet_Season
95e60888-1bac-499f-98db-22d21077d084,C-GweJE1YR19,,50,,,4,3,0,0,0,0,0,0,0,0,0,0,0,0,0,0,0,0,0,2,0.5,0,125,2,0,23/05/2025 09:11,Wet_Season
ac920aff-ab96-49d9-acbf-92fc6bac8213,C-YamV35US49,100,,,,6,6,0,2,0,0,0,2,0,2,0,0,0,0,0,0,0,0,0,0,0,0,0,0,1500,23/05/2025 09:16,Wet_Season
24c85e45-ae59-4eb8-9082-96420a7bf716,C-Gwe2ONZ158,,50,,,4,3,0,0,0,0,0,0,0,0,0,0,0,0,0,0,0,0,0,2,0.5,0,125,2,0,23/05/2025 09:19,Wet_Season
a1a36ceb-b0b5-4503-a7a3-10cb378735a4,C-GweLAT3D19,,50,,,4,3,0,0,0,0,0,0,0,0,0,0,0,0,0,0,0,0,0,2,0.5,0,125,2,0,23/05/2025 09:19,Wet_Season
bcacd2dc-e700-4d06-a492-3d4ff9a4d162,C-Gwe91Z6U46,,50,,,4,3,0,0,0,0,0,0,0,0,0,0,0,0,0,0,0,0,0,2,0.5,0,125,2,0,23/05/2025 09:19,Wet_Season
5675cc89-c78e-4f65-a9a5-2bd6e12e8f79,C-GweJC18523,,50,,,4,3,0,0,0,0,0,0,0,0,0,0,0,0,0,0,0,0,0,2,0.5,0,125,2,0,23/05/2025 09:19,Wet_Season
41b93da0-a916-49f2-b720-06c365b41d1b,C-Gwe5QMAW33,,50,,,4,3,0,0,0,0,0,0,0,0,0,0,0,0,0,0,0,0,0,2,0.5,0,125,2,0,23/05/2025 09:19,Wet_Season
1331a6e8-a3f5-427b-acec-25a86f781be4,C-GweSCCPW52,,50,,,4,3,0,0,0,0,0,0,0,0,0,0,0,0,0,0,0,0,0,2,0.5,0,125,2,0,23/05/2025 09:19,Wet_Season
4fbab63b-9784-455e-93c0-e369dfb1442b,C-GweV72YM10,,50,,,4,3,0,0,0,0,0,0,0,0,0,0,0,0,0,0,0,0,0,2,0.5,0,125,2,0,23/05/2025 09:19,Wet_Season
fa6c773a-d999-46a6-8dc4-9bafa713088e,C-GweMVYSN51,,50,,,4,3,0,0,0,0,0,0,0,0,0,0,0,0,0,0,0,0,0,2,0.5,0,125,2,0,23/05/2025 09:19,Wet_Season
75e0f82a-854f-49b4-9414-06891c1b2e18,C-GweEZ95X33,,50,,,4,3,0,0,0,0,0,0,0,0,0,0,0,0,0,0,0,0,0,2,0.5,0,125,2,0,23/05/2025 09:19,Wet_Season
01a7adff-3266-47aa-8b77-de3c783b1538,C-Gwe9NAUC27,,50,,,4,3,0,0,0,0,0,0,0,0,0,0,0,0,0,0,0,0,0,2,0.5,0,125,2,0,23/05/2025 09:19,Wet_Season
d2580fc5-9673-4b38-aebb-fcb1861abd61,C-GweEF8U542,,50,,,4,3,0,0,0,0,0,0,0,0,0,0,0,0,0,0,0,0,0,2,0.5,0,125,2,0,23/05/2025 09:19,Wet_Season
e1d6d7f9-b3a8-4984-a69a-7dccf4340d0a,C-Gwe7TQ0809,,50,,,4,3,0,0,0,0,0,0,0,0,0,0,0,0,0,0,0,0,0,2,0.5,0,125,2,0,23/05/2025 09:19,Wet_Season
0000f74e-ceae-42e7-9787-a9f7049d03fa,C-DomUFRCL38,20,,,,4,3,0,0,0,0,0,0,0,0,2,0,0,5,0,0,0,0,2,0,250,0,0,2,0,23/05/2025 09:20,Wet_Season
bc404a00-53f8-4c6a-8418-c36062ed26aa,C-YamZO9E720,,100,,,8,4,0,2,0,0,2,2,0,0,0,0,0,0,0,0,0,0,0,0,0,2,0,0,1500,23/05/2025 09:20,Wet_Season
a22a33fe-c022-41cb-b405-e8015e36bec4,C-Kal30IVQ40,100,,,,6,6,0,2,0,0,0,2,0,0,0,0,0,0,0,0,0,0,0,0,0,0,0,0,1.5,23/05/2025 09:28,Wet_Season
27ffe2e7-5d48-45c7-be65-dc6b8fb1976c,C-Kal50IOS26,100,,,,6,6,0,2,0,0,0,2,0,0,0,0,0,0,0,0,0,0,0,0,0,0,0,0,1.5,23/05/2025 09:32,Wet_Season
941634a1-549c-4cac-a3f1-9d95aac9a40e,C-Kal8E23U32,100,,,,6,6,0,2,0,0,0,2,0,0,0,0,0,0,0,0,0,0,0,0,0,0,0,0,1.5,23/05/2025 09:35,Wet_Season
3fe9bc4f-0b87-4ad1-8301-a88b877c7ff7,C-JahWK6BY36,,50,,,8,4,0,0,0,0,2,2,0,0,0,0,0,0,0,0,0,0,0,0,0,2,0,0,3,23/05/2025 09:36,Wet_Season
3a1e8063-3530-41e1-b195-76b8afc46730,C-JahXCV3N36,,50,,,8,4,0,0,0,0,0,2,0,0,0,0,0,0,0,0,0,0,0,0,0,2,0,0,3,23/05/2025 09:36,Wet_Season
62467b89-de25-44a1-92ce-f898fb42ee5c,C-JahZ0UWX31,,50,,,8,4,0,0,0,0,2,2,0,0,0,0,0,0,0,0,0,0,0,0,0,2,0,0,3,23/05/2025 09:36,Wet_Season
fe14feee-447e-4c00-beff-c080f16e7d94,C-Dom78Q7N51,,50,,,4,3,0,0,0,0,0,0,0,0,0,0,0,0,0,0,0,0,0,2,0.5,0,1.5,2,0,23/05/2025 09:38,Wet_Season
1702d8ff-cc9d-4886-8a3d-d760127e5036,C-DomWKRHL12,,50,,,4,3,0,0,0,0,0,0,0,0,0,0,0,0,0,0,0,0,0,2,250,0,2,2,0,23/05/2025 09:43,Wet_Season
2f57bc71-0d4f-4305-9a89-ec99e900b037,C-JahGKI8516,50,,,,6,2,0,0,2,0,0,2,0,2,0,0,0,0,0,0,0,0,0,0,0,0,0,0,3,23/05/2025 09:45,Wet_Season
6f6316e7-658f-469b-9538-3634d4d9397a,C-Yam4H9E908,100,,,,6,6,0,2,0,0,0,2,0,2,0,0,0,0,0,0,0,0,0,0,0,0,0,0,1500,23/05/2025 09:47,Wet_Season
3fab7715-10be-4f79-9ee3-13ef88be1785,C-Yam7BL7K17,,100,,,8,4,0,2,0,0,2,2,0,0,0,0,0,0,0,0,0,0,0,0,0,2,0,0,1500,23/05/2025 09:47,Wet_Season
2877c4b6-ddcb-4eab-a21a-9b286020e343,C-Yam8FU9S57,,100,,,8,4,0,2,0,0,2,2,0,0,0,0,0,0,0,0,0,0,0,0,0,2,0,0,1500,23/05/2025 09:47,Wet_Season
f6f4e516-efbb-4cba-a330-7590ae92dbcb,C-YamBZ61R05,100,,,,6,6,0,2,0,0,0,2,0,2,0,0,0,0,0,0,0,0,0,0,0,0,0,0,1500,23/05/2025 09:47,Wet_Season
03c8be45-7b1c-42b4-91a0-2da38bb12f52,C-YamOZVO603,,100,,,8,4,0,2,0,0,2,2,0,0,0,0,0,0,0,0,0,0,0,0,0,2,0,0,1500,23/05/2025 09:47,Wet_Season
45707e5a-e7ee-475f-8eac-9de9f1e2556e,C-YamRD4WE58,100,,,,6,6,0,2,0,0,0,2,0,2,0,0,0,0,0,0,0,0,0,0,0,0,0,0,1500,23/05/2025 09:47,Wet_Season
82a953e5-2d86-4c08-a7f9-6a4b17a18ffd,C-YamSS9EQ53,,100,,,8,4,0,2,0,0,2,2,0,0,0,0,0,0,0,0,0,0,0,0,0,2,0,0,1500,23/05/2025 09:47,Wet_Season
01cf21af-eb07-4421-9ead-e0e431bd79a1,C-YamWU9JM58,100,,,,6,6,0,2,0,0,0,2,0,2,0,0,0,0,0,0,0,0,0,0,0,0,0,0,1500,23/05/2025 09:47,Wet_Season
4985c41a-df98-4e41-a30c-ff3e8e32e317,C-YamYOXOC59,,100,,,8,4,0,2,0,0,2,2,0,0,0,0,0,0,0,0,0,0,0,0,0,2,0,0,1500,23/05/2025 09:47,Wet_Season
85a45130-ea69-4d4f-af35-f625b744aa68,C-YamZ4HL225,100,,,,6,6,0,2,0,0,0,2,0,2,0,0,0,0,0,0,0,0,0,0,0,0,0,0,1500,23/05/2025 09:47,Wet_Season
740e6f5c-5e4b-475d-a7d7-9b857cba7431,C-YamZPS9C02,100,,,,6,6,0,2,0,0,0,2,0,2,0,0,0,0,0,0,0,0,0,0,0,0,0,0,1500,23/05/2025 09:47,Wet_Season
2a732f00-88c4-486a-983f-d7fd59420f48,C-JahGOVHP58,,50,,,8,4,0,2,0,0,2,2,0,0,0,0,0,0,0,0,0,0,0,0,0,2,0,0,3,23/05/2025 09:48,Wet_Season
f7bae71d-0a81-4ad3-8f49-51d5b36d0323,C-JahQTRCZ01,,50,,,8,4,0,2,0,0,2,2,0,0,0,0,0,0,0,0,0,0,0,0,0,2,0,0,3,23/05/2025 09:54,Wet_Season
a182ee8c-7b9c-4057-9782-3615efc588e3,C-JahVVKLJ15,,50,,,8,4,0,0,0,0,2,2,0,0,0,0,0,0,0,0,0,0,0,0,0,2,0,0,3,23/05/2025 10:03,Wet_Season
207c8db1-1a21-4273-aa43-202c5d505ed0,C-DomYX1FG44,20,,,,4,3,0,0,0,0,0,0,0,0,2,0,0,5,0,0,0,0,2,0,250,0,0,2,0,23/05/2025 10:11,Wet_Season
d0e23868-8fb5-4bef-b153-b1aae9d4dfae,C-JahZKYIA40,,50,,,14,6,0,0,2,0,2,4,0,2,0,0,0,0,0,0,0,0,0,0,0,2,0,0,6,23/05/2025 10:12,Wet_Season
35dcf596-73c4-4879-806b-9a920955bc5c,C-Yam154QV56,100,,,,6,6,0,2,0,0,0,2,0,2,0,0,0,0,0,0,0,0,0,0,0,0,0,0,1500,23/05/2025 10:15,Wet_Season
55d3b4ae-1fe5-4500-8d2b-37a074965b4d,C-Yam36LSR25,,100,,,8,4,0,2,0,0,2,2,0,0,0,0,0,0,0,0,0,0,0,0,0,2,0,0,1500,23/05/2025 10:15,Wet_Season
2435310c-0188-48bf-8c6e-3b1fa5857abe,C-Yam75JWA10,100,,,,6,6,0,2,0,0,0,2,0,2,0,0,0,0,0,0,0,0,0,0,0,0,0,0,1500,23/05/2025 10:15,Wet_Season
256c19b1-7c0e-404a-9458-50589e9f5c01,C-YamC3IFG35,,100,,,8,4,0,2,0,0,2,2,0,0,0,0,0,0,0,0,0,0,0,0,0,2,0,0,1500,23/05/2025 10:15,Wet_Season
b4eda242-7c70-4f8f-b7c5-a4747e9aab23,C-YamKTU1K41,100,,,,6,6,0,2,0,0,0,2,0,2,0,0,0,0,0,0,0,0,0,0,0,0,0,0,1500,23/05/2025 10:15,Wet_Season
ef77caf9-6331-4027-b78f-c3de259bbacc,C-YamLD8IH12,,100,,,8,4,0,2,0,0,2,2,0,0,0,0,0,0,0,0,0,0,0,0,0,2,0,0,1500,23/05/2025 10:15,Wet_Season
e73df21a-0e79-44a7-9323-291479d954c2,C-YamM6I8138,,100,,,8,4,0,2,0,0,2,2,0,0,0,0,0,0,0,0,0,0,0,0,0,2,0,0,1500,23/05/2025 10:15,Wet_Season
db1e87a3-7a9a-4b48-97a4-76c80ba2b66d,C-YamO8M7951,100,,,,6,6,0,2,0,0,0,2,0,2,0,0,0,0,0,0,0,0,0,0,0,0,0,0,1500,23/05/2025 10:15,Wet_Season
77b18b93-8d82-461e-bfa3-6f2298f90778,C-YamOF0BZ23,,100,,,8,4,0,2,0,0,2,2,0,0,0,0,0,0,0,0,0,0,0,0,0,2,0,0,1500,23/05/2025 10:15,Wet_Season
b117c8d0-a0ad-4592-8e04-d8dbfd9640af,C-YamOQZYK43,100,,,,6,6,0,2,0,0,0,2,0,2,0,0,0,0,0,0,0,0,0,0,0,0,0,0,1500,23/05/2025 10:15,Wet_Season
e5022b8e-a821-44ee-a897-46c1a552c8f7,C-YamQHFRB08,,100,,,8,4,0,2,0,0,0,2,0,0,0,0,0,0,0,0,0,0,0,0,0,2,0,0,1500,23/05/2025 10:15,Wet_Season
a60d9609-e7e8-4bb9-b604-c6db160277c2,C-YamRQ1WQ51,100,,,,6,6,0,2,0,0,0,2,0,2,0,0,0,0,0,0,0,0,0,0,0,0,0,0,1500,23/05/2025 10:15,Wet_Season
09bc9aa1-3d24-4e97-a8e4-e43911a27a6d,C-YamTH7OJ11,100,,,,6,6,0,2,0,0,0,2,0,2,0,0,0,0,0,0,0,0,0,0,0,0,0,0,1500,23/05/2025 10:15,Wet_Season
5ed4e163-c4ff-4237-8367-07fc374e6a84,C-YamVRBR755,,100,,,8,4,0,2,0,0,2,2,0,0,0,0,0,0,0,0,0,0,0,0,0,2,0,0,1500,23/05/2025 10:15,Wet_Season
90a8babf-f6bf-4075-966a-36cdf8d2c46b,C-YamZJOYC29,100,,,,6,6,0,2,0,0,0,2,0,2,0,0,0,0,0,0,0,0,0,0,0,0,0,0,1500,23/05/2025 10:15,Wet_Season
601ab90a-390d-472d-82d4-5b8a90a4e73b,C-JahCTP5348,,50,,,8,4,0,0,0,0,2,2,0,0,0,0,0,0,0,0,0,0,0,0,0,2,0,0,3,23/05/2025 10:17,Wet_Season
85836676-255d-4bb6-9a67-b0eea1305da7,C-DomWR0A540,,50,,,4,3,0,0,0,0,0,0,0,0,0,0,0,0,0,0,0,0,0,2,250,0,2,2,0,23/05/2025 10:20,Wet_Season
06e099bf-808d-47e3-9142-b173f0f1b48a,C-AkaSE8Y257,20,,,,4,3,0,0,0,0,0,0,0,0,2,0,0,0,0,0,0,0,2,0,2,0,0,2,0,23/05/2025 10:21,Wet_Season
074be14c-4db9-4db8-8f03-917ecaf9d9a1,C-AkaBLYYN22,20,,,,4,3,0,0,0,0,0,0,0,0,2,0,0,0,0,0,0,0,2,0,2,0,0,2,0,23/05/2025 10:21,Wet_Season
59f2bd2e-0f88-4756-aa47-4561c7fdd652,C-Aka08CMQ19,20,,,,4,3,0,0,0,0,0,0,0,0,2,0,0,0,0,0,0,0,2,0,2,0,0,2,0,23/05/2025 10:21,Wet_Season
55162bc6-75ae-4ec5-b2ed-3e404bed62ea,C-AkaO20BX38,20,,,,4,3,0,0,0,0,0,0,0,0,2,0,0,0,0,0,0,0,2,0,0,0,0,2,0,23/05/2025 10:21,Wet_Season
58e60de0-20e7-44a5-a705-795f55eb4f22,C-AkaOMYP747,20,,,,4,3,0,0,0,0,0,0,0,0,2,0,0,0,0,0,0,0,2,0,2,0,0,2,0,23/05/2025 10:21,Wet_Season
1fea7dd7-4577-4318-b26c-0c02b30d5f0f,C-AkaVHU9654,20,,,,4,3,0,0,0,0,0,0,0,0,2,0,0,0,0,0,0,0,2,0,2,0,0,2,0,23/05/2025 10:21,Wet_Season
2b67b5fd-586f-461a-a0b7-7d791231bef6,C-Aka8EFQX05,20,,,,4,3,0,0,0,0,0,0,0,0,2,0,0,0,0,0,0,0,2,0,2,0,0,2,0,23/05/2025 10:21,Wet_Season
1c020241-48c1-4e5b-9d0a-39672b9d0676,C-AkaPI3Y314,20,,,,4,3,0,0,0,0,0,0,0,0,2,0,0,0,0,0,0,0,2,0,2,0,0,2,0,23/05/2025 10:21,Wet_Season
2f5136d1-13ab-452b-b182-8ae88a61f63f,C-AkaTTCZ128,20,,,,4,3,0,0,0,0,0,0,0,0,2,0,0,0,0,0,0,0,2,0,2,0,0,2,0,23/05/2025 10:21,Wet_Season
4a2dc6de-7932-4650-b442-9dacd6b1adb6,C-AkaYY52040,20,,,,4,3,0,0,0,0,0,0,0,0,2,0,0,0,0,0,0,0,2,0,2,0,0,2,0,23/05/2025 10:21,Wet_Season
f43a17b3-2f0b-4bf2-97e9-710ed1d97f6f,C-AkaMHW4K06,20,,,,4,3,0,0,0,0,0,0,0,0,2,0,0,0,0,0,0,0,2,0,2,0,0,2,0,23/05/2025 10:21,Wet_Season
c36a3739-edf6-48e8-b15a-4b26fae8c845,C-AkaCNW3107,20,,,,4,3,0,0,0,0,0,0,0,0,2,0,0,0,0,0,0,0,2,0,2,0,0,2,0,23/05/2025 10:21,Wet_Season
2001fa2b-b2a0-4b25-8ae2-ff067d6217c2,C-Yam0PY3X37,100,,,,6,6,0,2,0,0,0,2,0,2,0,0,0,0,0,0,0,0,0,0,0,0,0,0,1500,23/05/2025 10:45,Wet_Season
ef64363e-2ef4-449a-9df1-3a46e4ca3a6b,C-Yam15Z6M50,100,,,,6,6,0,2,0,0,0,2,0,2,0,0,0,0,0,0,0,0,0,0,0,0,0,0,1500,23/05/2025 10:45,Wet_Season
392ad428-26fd-4baa-a57e-233b42b2562c,C-Yam6B0LU11,,100,,,8,4,0,2,0,0,2,2,0,0,0,0,0,0,0,0,0,0,0,0,0,2,0,0,1500,23/05/2025 10:45,Wet_Season
7fce4fb9-2c85-4925-bf71-6a351687a130,C-Yam9434B28,,100,,,8,4,0,2,0,0,2,2,0,0,0,0,0,0,0,0,0,0,0,0,0,2,0,0,1500,23/05/2025 10:45,Wet_Season
440d4601-d13c-4d0a-be8b-c5db079f0908,C-YamLDOXG07,100,,,,6,6,0,2,0,0,0,2,0,2,0,0,0,0,0,0,0,0,0,0,0,0,0,0,1500,23/05/2025 10:45,Wet_Season
fb3e214d-a7a3-4f65-ad18-80522d5b9fe8,C-YamTEMK226,,100,,,8,4,0,2,0,0,2,2,0,0,0,0,0,0,0,0,0,0,0,0,0,2,0,0,1500,23/05/2025 10:45,Wet_Season
9c74139d-32a5-4042-bd0c-4361dc544dcc,C-YamTP8S542,100,,,,6,6,0,2,0,0,0,2,0,2,0,0,0,0,0,0,0,0,0,0,0,0,0,0,1500,23/05/2025 10:45,Wet_Season
d679f174-c81b-42ba-8cd8-917f567d7676,C-YamY2MV755,,100,,,8,4,0,2,0,0,2,2,0,0,0,0,0,0,0,0,0,0,0,0,0,2,0,0,1500,23/05/2025 10:45,Wet_Season
5109e5b4-7f0d-49dc-a620-2e0c9516c444,C-YamYGWAA32,,100,,,8,4,0,2,0,0,2,2,0,0,0,0,0,0,0,0,0,0,0,0,0,2,0,0,1500,23/05/2025 10:45,Wet_Season
1882f3b5-108a-4af3-93c7-91a7b7b8b529,C-AkkJG58A47,100,,,,6,6,0,2,0,0,0,2,0,0,0,0,0,0,0,0,0,0,0,0,0,0,0,0,1500,23/05/2025 10:52,Wet_Season
15a64588-2474-49ce-bae0-81162262ccae,C-GweVV7MR06,,50,,,4,3,0,0,0,0,0,0,0,0,0,0,0,0,0,0,0,0,0,2,0.5,0,125,2,0,23/05/2025 11:06,Wet_Season
161dcf4f-44fb-4d86-9478-8f31cfc15da9,C-Gwe3MHX545,,50,,,4,3,0,0,0,0,0,0,0,0,0,0,0,0,0,0,0,0,0,2,0.5,0,125,2,0,23/05/2025 11:06,Wet_Season
349cc31e-1867-4919-a7ae-a0e6d595f6c3,C-GweURG9A52,,50,,,4,3,0,0,0,0,0,0,0,0,0,0,0,0,0,0,0,0,0,2,0.5,0,125,2,0,23/05/2025 11:06,Wet_Season
e237bdf4-0c7f-4aa2-a190-6bda8d8c60d7,C-GweUTYDF11,,50,,,4,3,0,0,0,0,0,0,0,0,0,0,0,0,0,0,0,0,0,2,0.5,0,125,2,0,23/05/2025 11:06,Wet_Season
6f463df7-fe7b-47ba-869d-a57393203ec3,C-GweB6BS430,,50,,,4,3,0,0,0,0,0,0,0,0,0,0,0,0,0,0,0,0,0,2,0.5,0,125,2,0,23/05/2025 11:06,Wet_Season
e81e3e20-563b-4471-8c32-3a5c609f8138,C-Gwe4WH9L21,,50,,,4,3,0,0,0,0,0,0,0,0,0,0,0,0,0,0,0,0,0,2,0.5,0,125,2,0,23/05/2025 11:06,Wet_Season
dee05607-e36b-4eee-bf6a-e8ebc309c5bf,C-GweWNNI705,,50,,,4,3,0,0,0,0,0,0,0,0,0,0,0,0,0,0,0,0,0,2,0.5,0,125,2,0,23/05/2025 11:06,Wet_Season
00921894-4e15-4896-be21-1f2f03f1b25c,C-GweBSRH009,,50,,,4,3,0,0,0,0,0,0,0,0,0,0,0,0,0,0,0,0,0,2,0.5,0,125,2,0,23/05/2025 11:07,Wet_Season
10fa5720-e840-41d5-b163-b140cd8ca859,C-GweS2TXV43,,50,,,4,3,0,0,0,0,0,0,0,0,0,0,0,0,0,0,0,0,0,2,0.5,0,125,2,0,23/05/2025 11:07,Wet_Season
a45434dc-d415-46dc-8b66-a5edd7299dd9,C-GweVR8S423,,50,,,4,3,0,0,0,0,0,0,0,0,0,0,0,0,0,0,0,0,0,2,0.5,0,125,2,0,23/05/2025 11:07,Wet_Season
59585c47-3301-4633-bd17-0e1cc93a775d,C-Gwe31TKG40,,50,,,4,3,0,0,0,0,0,0,0,0,0,0,0,0,0,0,0,0,0,2,0.5,0,125,2,0,23/05/2025 11:07,Wet_Season
7a682e36-4d79-473b-8ab2-7015e87b65d6,C-GweYTI0317,,50,,,4,3,0,0,0,0,0,0,0,0,0,0,0,0,0,0,0,0,0,2,0.5,0,125,2,0,23/05/2025 11:07,Wet_Season
6db97754-84fc-4b59-8589-7f8835ac397d,C-Yam48A7L32,100,,,,6,6,0,2,0,0,0,2,0,2,0,0,0,0,0,0,0,0,0,0,0,0,0,0,1500,23/05/2025 11:14,Wet_Season
afabb646-9e15-4bd3-8d40-cd1d36b2ad20,C-Yam68KUR48,,100,,,8,4,0,2,0,0,2,2,0,0,0,0,0,0,0,0,0,0,0,0,0,2,0,0,1500,23/05/2025 11:14,Wet_Season
3b1b0db7-7d4e-46aa-9517-96e09dc5edad,C-Yam8NTUW37,100,,,,6,6,0,2,0,0,0,2,0,2,0,0,0,0,0,0,0,0,0,0,0,0,0,0,1500,23/05/2025 11:14,Wet_Season
b1090478-be82-489d-bc34-27931d618662,C-YamAN9RY01,100,,,,6,6,0,2,0,0,0,2,0,2,0,0,0,0,0,0,0,0,0,0,0,0,0,0,1500,23/05/2025 11:14,Wet_Season
6eb9452a-d6ef-45c5-b054-ddd9eee0422f,C-YamCDGVW18,,100,,,8,4,0,2,0,0,2,2,0,0,0,0,0,0,0,0,0,0,0,0,0,2,0,0,1500,23/05/2025 11:14,Wet_Season
32135b12-e49e-4c5c-b207-53e80a689952,C-YamGHGE414,100,,,,6,6,0,2,0,0,0,2,0,2,0,0,0,0,0,0,0,0,0,0,0,0,0,0,1500,23/05/2025 11:14,Wet_Season
42b2ea52-9a40-4cf6-a0de-8eb70e3e66c0,C-YamJKHBL53,100,,,,6,6,0,2,0,0,0,2,0,2,0,0,0,0,0,0,0,0,0,0,0,0,0,0,1500,23/05/2025 11:14,Wet_Season
55ca1008-de07-4379-a675-0128531489ad,C-YamOZLDW03,,100,,,8,4,0,2,0,0,2,2,0,0,0,0,0,0,0,0,0,0,0,0,0,2,0,0,1500,23/05/2025 11:14,Wet_Season
5ff4813a-e520-4510-b72e-f8d76c5cf9df,C-YamTIKCE48,100,,,,6,6,0,2,0,0,0,2,0,2,0,0,0,0,0,0,0,0,0,0,0,0,0,0,1500,23/05/2025 11:14,Wet_Season
f8c76878-4291-4105-8823-0dc10c13b6ac,C-YamXY5VA13,,100,,,8,4,0,2,0,0,2,2,0,0,0,0,0,0,0,0,0,0,0,0,0,2,0,0,1500,23/05/2025 11:14,Wet_Season
29b51bcd-05f9-4e7d-8ae6-151c406c1667,C-JahX7PU414,,100,,,8,6,0,2,0,0,0,2,0,0,0,0,0,0,0,0,0,0,0,0,0,2,0,0,1500,23/05/2025 11:22,Wet_Season
70d69024-bcbb-4faa-a391-d2b177083414,C-Gan0L6J208,,100,,,8,4,0,2,0,0,2,2,0,0,0,0,0,0,0,0,0,0,0,0,0,2,0,0,1500,23/05/2025 11:32,Wet_Season
ea42d80e-e644-4f94-8370-1dbd3890bec9,C-Gan2X2UJ46,,100,,,8,4,0,2,0,0,2,2,0,0,0,0,0,0,0,0,0,0,0,0,0,2,0,0,1500,23/05/2025 11:32,Wet_Season
2fd64a7b-f703-45e0-add5-9f0f158f820f,C-Gan69O0D22,100,,,,6,6,0,2,0,0,0,2,0,2,0,0,0,0,0,0,0,0,0,0,0,0,0,0,1500,23/05/2025 11:32,Wet_Season
45c6ddfc-37e5-47a8-b221-eb0da870eca9,C-Gan7ENFE59,,100,,,8,4,0,2,0,0,2,2,0,0,0,0,0,0,0,0,0,0,0,0,0,2,0,0,1500,23/05/2025 11:32,Wet_Season
0328e5f3-8d33-4450-a3ac-e9cb656d4c0c,C-Gan883YU05,100,,,,6,6,0,2,0,0,0,2,0,2,0,0,0,0,0,0,0,0,0,0,0,0,0,0,1500,23/05/2025 11:32,Wet_Season
f2c17a7d-c6b1-44b0-a067-9f77a44cd9f5,C-GanJL3UA09,,100,,,8,4,0,2,0,0,2,2,0,0,0,0,0,0,0,0,0,0,0,0,0,2,0,0,1500,23/05/2025 11:32,Wet_Season
4a633ab6-64b8-4197-8375-8b7bcbcdac1f,C-GanP1SR306,100,,,,6,6,0,2,0,0,0,2,0,2,0,0,0,0,0,0,0,0,0,0,0,0,0,0,1500,23/05/2025 11:32,Wet_Season
bd62c236-9422-415a-bdb7-063ec705748d,C-GanQ1O7D43,,100,,,8,4,0,2,0,0,2,2,0,0,0,0,0,0,0,0,0,0,0,0,0,2,0,0,1500,23/05/2025 11:32,Wet_Season
5bcf32ff-55bb-445f-92b8-79359a7fa8a1,C-DomGWDKT43,20,,,,4,3,0,0,0,0,0,0,0,0,2,0,0,1.5,0,0,0,0,2,0,0.5,0,0,2,0,23/05/2025 11:33,Wet_Season
97954adc-e4fe-4187-a6f7-70c08ca9d8e9,C-DomO9HX636,20,,,,4,3,0,0,0,0,0,0,0,0,2,0,0,0.5,0,0,0,0,2,0,0.5,0,0,2,0,23/05/2025 11:33,Wet_Season
bdfa3256-5ddd-4953-8e9f-cf0e4add3ac1,C-DomEDML558,20,,,,4,3,0,0,0,0,0,0,0,0,2,0,0,0.5,0,0,0,0,2,0,0.5,0,0,2,0,23/05/2025 11:33,Wet_Season
4d529846-0810-4b44-b682-9ac3bf94e691,C-DomG6WFU29,,50,,,4,3,0,0,0,0,0,0,0,0,0,0,0,0,0,0,0,0,0,2,0.5,0,1.5,2,0,23/05/2025 11:33,Wet_Season
58de5e2f-5490-4ab5-8107-dc7a89c9b73f,C-Dom1I8E130,,50,,,4,3,0,0,0,0,0,0,0,0,0,0,0,0,0,0,0,0,0,2,0.5,0,1.5,2,0,23/05/2025 11:34,Wet_Season
d9d14196-8f96-426a-84fe-0d0ce5e10de0,C-DomB52I902,20,,,,4,3,0,0,0,0,0,0,0,0,2,0,0,0.5,0,0,0,0,2,0,0.5,0,0,2,0,23/05/2025 11:34,Wet_Season
332b8bd0-ea99-4f8e-937e-d23130011972,C-Jah472DW29,,100,,,8,6,0,2,0,0,2,2,0,0,0,0,0,0,0,0,0,0,0,0,0,2,0,0,1500,23/05/2025 11:34,Wet_Season
5b5c8d1a-fd7b-4e02-b93b-295a283d8f2b,C-DomGXFTS43,20,,,,4,3,0,0,0,0,0,0,0,0,2,0,0,1.5,0,0,0,0,2,0,0.5,0,0,2,0,23/05/2025 11:34,Wet_Season
386f4568-5265-4016-9a3a-6b69e8c11800,C-Dom2TEI447,20,,,,4,3,0,0,0,0,0,0,0,0,2,0,0,1.5,0,0,0,0,2,0,0.5,0,0,2,0,23/05/2025 11:34,Wet_Season
5cc6fee8-15e7-4461-9d0d-0af56167ec1e,C-DomDHBBN31,20,,,,4,3,0,0,0,0,0,0,0,0,2,0,0,1.5,0,0,0,0,2,0,0.5,0,0,2,0,23/05/2025 11:35,Wet_Season
3873b940-c71a-4823-82ba-ef6ac4cd3703,C-Dom3U2PL34,,50,,,4,3,0,0,0,0,0,0,0,0,0,0,0,0,0,0,0,0,0,2,0.5,0,1.5,2,0,23/05/2025 11:39,Wet_Season
24e290b0-45d8-45b5-827c-091a16f22136,C-Jah4QCGG30,100,,,,6,4,0,0,2,0,0,2,0,2,0,0,0,0,0,0,0,0,0,0,0,0,0,0,1500,23/05/2025 11:41,Wet_Season
0739bf8a-b5de-4323-8e12-1825c0099169,C-Jah5DQNT20,,100,,,8,6,0,0,0,0,2,2,0,0,0,0,0,0,0,0,0,0,0,0,0,2,0,0,1500,23/05/2025 11:44,Wet_Season
114cbe96-2d60-4fd4-ac42-f8c26cd70426,C-DomZQEHS01,,,,,4,3,0,0,0,0,0,0,0,0,0,0,0,0,0,0,0,0,2,0,0.5,0,0,2,0,23/05/2025 11:45,Wet_Season
c6265734-38f1-4469-8c94-894a9b7b2cd8,C-Jah6BX9512,,100,,,8,6,0,0,0,0,2,2,0,0,0,0,0,0,0,0,0,0,0,0,0,2,0,0,1500,23/05/2025 11:47,Wet_Season
0b6967b7-f411-466f-b2b8-743e005950a1,C-KalBZVS511,100,,,,6,6,0,2,0,0,0,2,0,0,0,0,0,0,0,0,0,0,0,0,0,0,0,0,1500,23/05/2025 11:50,Wet_Season
fa7c3b74-6264-4e5f-ab1b-b982f2cc06a0,C-KalC39PF15,,100,,,8,4,0,2,0,0,2,2,0,0,0,0,0,0,0,0,0,0,0,0,0,2,0,0,1500,23/05/2025 11:50,Wet_Season
ffa9c30c-fcb2-4e8c-b278-21f0bccd75cc,C-KalCSK6I54,,100,,,8,4,0,2,0,0,2,2,0,0,0,0,0,0,0,0,0,0,0,0,0,2,0,0,1500,23/05/2025 11:50,Wet_Season
32fd9ace-97c2-40a7-8612-01de7e6b7513,C-KalD8NAG55,,100,,,8,4,0,2,0,0,2,2,0,0,0,0,0,0,0,0,0,0,0,0,0,2,0,0,1500,23/05/2025 11:50,Wet_Season
6f8f7a3e-64ab-4875-bd1c-3c1c7579cae9,C-KalJZD5A46,,100,,,8,4,0,2,0,0,2,2,0,0,0,0,0,0,0,0,0,0,0,0,0,2,0,0,1500,23/05/2025 11:50,Wet_Season
94c0619e-2af0-4fcc-8f74-0714be6f72b9,C-KalK8SEJ43,,100,,,8,4,0,2,0,0,2,2,0,0,0,0,0,0,0,0,0,0,0,0,0,2,0,0,1500,23/05/2025 11:50,Wet_Season
5ce17ac6-a418-42be-935f-45702f94cbb7,C-KalMI7BN03,,100,,,8,4,0,2,0,0,2,2,0,0,0,0,0,0,0,0,0,0,0,0,0,2,0,0,1500,23/05/2025 11:50,Wet_Season
4cebc38e-5443-4723-933d-d68980148a54,C-Jah6DACR29,,100,,,8,6,0,2,0,0,2,2,0,0,0,0,0,0,0,0,0,0,0,0,0,2,0,0,1500,23/05/2025 11:50,Wet_Season
c501a241-930c-4062-9567-ef82dbfe802a,C-KalS4OEE17,,100,,,8,4,0,2,0,0,2,2,0,0,0,0,0,0,0,0,0,0,0,0,0,2,0,0,1500,23/05/2025 11:52,Wet_Season
bbd585a3-21a1-4295-8961-1528eed7dd1c,C-KalWHOC837,,100,,,8,4,0,2,0,0,2,2,0,0,0,0,0,0,0,0,0,0,0,0,0,2,0,0,1500,23/05/2025 11:54,Wet_Season
0455c073-258a-4e3f-be5d-c76ef31fd4b1,C-Gan03NKD03,100,,,,6,6,0,2,0,0,0,2,0,2,0,0,0,0,0,0,0,0,0,0,0,0,0,0,1500,23/05/2025 12:37,Wet_Season
5ee2d989-aa75-45bb-892e-be4d75183319,C-Gan1B64530,,100,,,8,4,0,2,0,0,2,2,0,0,0,0,0,0,0,0,0,0,0,0,0,2,0,0,1500,23/05/2025 12:37,Wet_Season
d5cb91fc-98f4-487f-bda2-9637553d6335,C-Gan1EED253,,100,,,8,4,0,2,0,0,2,2,0,0,0,0,0,0,0,0,0,0,0,0,0,2,0,0,1500,23/05/2025 12:37,Wet_Season
943dca71-5521-4875-a38c-d849371d0bf0,C-Gan2IT0H14,100,,,,6,6,0,2,0,0,0,2,0,2,0,0,0,0,0,0,0,0,0,0,0,0,0,0,1500,23/05/2025 12:37,Wet_Season
ed868443-8067-43c3-9024-7ecb6db106b3,C-Gan4BPJS29,,100,,,8,4,0,2,0,0,2,2,0,0,0,0,0,0,0,0,0,0,0,0,0,2,0,0,1500,23/05/2025 12:38,Wet_Season
bdc9cdbd-f6f4-4ab2-9698-ed7d7986485e,C-Gan6XD2F59,100,,,,6,6,0,2,0,0,0,2,0,2,0,0,0,0,0,0,0,0,0,0,0,0,0,0,1500,23/05/2025 12:38,Wet_Season
07280495-10ae-4e93-a6b1-e0c77bcfabea,C-Gan9C9VC57,100,,,,6,6,0,2,0,0,0,2,0,2,0,0,0,0,0,0,0,0,0,0,0,0,0,0,1500,23/05/2025 12:38,Wet_Season
dbd0c6c6-a58a-4be3-9be4-08bf56a74766,C-GanARUDS31,,100,,,8,4,0,2,0,0,2,2,0,0,0,0,0,0,0,0,0,0,0,0,0,2,0,0,1500,23/05/2025 12:38,Wet_Season
4bc43451-1038-49c5-8883-cc9df3b728ef,C-GanGD89624,,100,,,8,4,0,2,0,0,2,2,0,0,0,0,0,0,0,0,0,0,0,0,0,2,0,0,1500,23/05/2025 12:38,Wet_Season
95728d36-2e34-462d-9593-ada14da6f9cc,C-GanGG1EJ03,100,,,,6,6,0,2,0,0,0,2,0,2,0,0,0,0,0,0,0,0,0,0,0,0,0,0,1500,23/05/2025 12:38,Wet_Season
f99b532b-6c9b-4909-b6cd-2fd2e0d8df20,C-GanHX46030,100,,,,6,6,0,2,0,0,0,2,0,2,0,0,0,0,0,0,0,0,0,0,0,0,0,0,1500,23/05/2025 12:38,Wet_Season
b9a3acc8-9d3d-4e30-82cc-3d1013a9b477,C-GanJ3A6N27,,100,,,8,4,0,2,0,0,2,2,0,0,0,0,0,0,0,0,0,0,0,0,0,2,0,0,1500,23/05/2025 12:38,Wet_Season
422b5b0f-12bd-42bf-a008-de75da394650,C-GanK78OE15,,100,,,8,4,0,2,0,0,2,2,0,0,0,0,0,0,0,0,0,0,0,0,0,2,0,0,1500,23/05/2025 12:39,Wet_Season
61174be0-bf19-44fb-96db-8c3ca7bf028a,C-GanKP9ZW42,100,,,,6,6,0,2,0,0,0,2,0,2,0,0,0,0,0,0,0,0,0,0,0,0,0,0,1500,23/05/2025 12:39,Wet_Season
02b01369-ccd0-4b8b-a268-2cc9814a6875,C-GanLH18917,100,,,,6,2,0,2,0,0,0,2,0,2,0,0,0,0,0,0,0,0,0,0,0,0,0,0,1500,23/05/2025 12:39,Wet_Season
3178dff1-ced1-475d-ab04-36655c7b1ac1,C-GanN2DYG32,,100,,,8,4,0,2,0,0,2,2,0,0,0,0,0,0,0,0,0,0,0,0,0,2,0,0,1500,23/05/2025 12:39,Wet_Season
e9e917d5-9384-404a-af05-e6e1b29a64e1,C-GanNR0UT22,100,,,,6,6,0,2,0,0,0,2,0,2,0,0,0,0,0,0,0,0,0,0,0,0,0,0,1500,23/05/2025 12:39,Wet_Season
e000ef6e-7e94-4a0f-a669-3e4968dfcacc,C-GanNT33338,,100,,,8,4,0,2,0,0,2,2,0,0,0,0,0,0,0,0,0,0,0,0,0,2,0,0,1500,23/05/2025 12:39,Wet_Season
04d0395e-b540-40c5-b5e8-2db63e04835f,C-GanPULH631,100,,,,6,6,0,2,0,0,0,2,0,2,0,0,0,0,0,0,0,0,0,0,0,0,0,0,1500,23/05/2025 12:39,Wet_Season
6779ffd9-c818-46b6-a51f-1201f9024dd6,C-GanQSREH23,,100,,,8,4,0,2,0,0,2,2,0,0,0,0,0,0,0,0,0,0,0,0,0,2,0,0,1500,23/05/2025 12:39,Wet_Season
7c5548ff-204c-4638-a64e-41e78d85b932,C-Gar6X4ZB00,,100,,,8,4,0,2,0,0,2,2,0,0,0,0,0,0,0,0,0,0,0,0,0,2,0,0,1500,23/05/2025 12:46,Wet_Season
e47fcbe4-95ed-48f3-a503-dbf5d6e4bc12,C-GarE24S825,100,,,,6,6,0,2,0,0,0,2,0,2,0,0,0,0,0,0,0,0,0,0,0,0,0,0,1500,23/05/2025 12:49,Wet_Season
c2fb01a4-53d6-47f4-b878-95e8731aab4e,C-GarEGZDJ22,,100,,,8,4,0,2,0,0,2,2,0,0,0,0,0,0,0,0,0,0,0,0,0,2,0,0,1500,23/05/2025 12:52,Wet_Season
5a79de7e-2f3a-4554-8ef6-5796545be732,C-GarLAQ2M27,100,,,,6,6,0,2,0,0,0,2,0,2,0,0,0,0,0,0,0,0,0,0,0,0,0,0,1500,23/05/2025 12:55,Wet_Season
09ac8c25-7580-4088-a0a7-74e3071062c2,C-GarNZRAT33,,100,,,8,4,0,2,0,0,2,2,0,0,0,0,0,0,0,0,0,0,0,0,0,2,0,0,1500,23/05/2025 12:57,Wet_Season
584b5501-a57a-4912-bcc7-b88690daa12c,C-GarO5S4N39,100,,,,6,6,0,2,0,0,0,2,0,2,0,0,0,0,0,0,0,0,0,0,0,0,0,0,1500,23/05/2025 12:59,Wet_Season
7ea2bff9-09d9-4202-8b00-168a8883b0d3,C-GarQ2D9N13,100,,,,6,6,0,2,0,0,0,2,0,2,0,0,0,0,0,0,0,0,0,0,0,0,0,0,1500,23/05/2025 13:01,Wet_Season
eac3dfba-1c8a-43d8-a067-e81de0d0589d,C-GarSVDDM28,,100,,,8,4,0,2,0,0,2,2,0,0,0,0,0,0,0,0,0,0,0,0,0,2,0,0,1500,23/05/2025 13:03,Wet_Season
3fc94149-efcd-4477-8f88-c3403977913a,C-GarYFLJ911,100,,,,6,6,0,2,0,0,0,2,0,2,0,0,0,0,0,0,0,0,0,0,0,0,0,0,1500,23/05/2025 13:06,Wet_Season
e1246423-de1d-4739-a414-96587e8893b1,C-Nin8P1CC25,100,,,,6,6,0,2,0,0,0,0,0,2,0,0,0,0,0,0,0,0,0,0,0,0,0,0,1.5,23/05/2025 13:10,Wet_Season
9dccbca2-5ca5-4e87-89e5-cda0e205b68a,C-NinYLF2F20,100,,,,6,6,0,2,0,0,0,0,0,2,0,0,0,0,0,0,0,0,0,0,0,0,0,0,1.5,23/05/2025 13:10,Wet_Season
94745000-22ce-4648-a921-637d207337a6,C-Nin68NXT13,100,,,,6,6,0,2,0,0,0,0,0,0,0,0,0,0,0,0,0,0,0,0,0,0,0,0,1.5,23/05/2025 13:11,Wet_Season
b998ec8e-9c57-4026-895e-8fe671d178b4,C-NinB1BWH40,100,,,,6,6,0,2,0,0,0,0,0,2,0,0,0,0,0,0,0,0,0,0,0,0,0,0,1.5,23/05/2025 13:11,Wet_Season
e1aab218-5250-4d0f-a4a2-faf0d47725f7,C-NinGCQAO14,100,,,,6,6,0,2,0,0,0,0,0,2,0,0,0,0,0,0,0,0,0,0,0,0,0,0,1.5,23/05/2025 13:11,Wet_Season
ae39b481-b45d-4425-a218-afc7266a240e,C-NinGSPLH45,100,,,,6,6,0,0,0,0,0,0,0,2,0,0,0,0,0,0,0,0,0,0,0,0,0,0,1.5,23/05/2025 13:11,Wet_Season
2ab966a7-f97f-4d47-a4e8-56ece06c7b57,C-NinQLAX722,100,,,,6,6,0,2,0,0,0,0,0,2,0,0,0,0,0,0,0,0,0,0,0,0,0,0,1500,23/05/2025 13:11,Wet_Season
46230891-5a8d-466e-bc31-2cbfcdec0c93,C-Gar3WC0Y46,,100,,,8,4,0,2,0,0,2,2,0,0,0,0,0,0,0,0,0,0,0,0,0,2,0,0,1500,23/05/2025 13:21,Wet_Season
3c0955c7-a44f-4370-8afa-a6a2326ad12f,C-GarDVD5H23,,100,,,8,4,0,2,0,0,2,2,0,0,0,0,0,0,0,0,0,0,0,0,0,2,0,0,1500,23/05/2025 13:21,Wet_Season
ff53e014-82e8-464c-85c2-2462ac2ac6fd,C-GarDZ7ZY46,,100,,,8,4,0,2,0,0,2,2,0,0,0,0,0,0,0,0,0,0,0,0,0,2,0,0,1500,23/05/2025 13:21,Wet_Season
01b5f691-9f46-4cd7-bde9-49e5bd1bc591,C-GarEUJU848,100,,,,6,6,0,2,0,0,0,2,0,2,0,0,0,0,0,0,0,0,0,0,0,0,0,0,1500,23/05/2025 13:21,Wet_Season
5508e88b-8aa0-45d3-857b-9235b595c3cf,C-GarGRE4F27,,100,,,8,4,0,2,0,0,2,2,0,0,0,0,0,0,0,0,0,0,0,0,0,2,0,0,1500,23/05/2025 13:21,Wet_Season
d962c7ed-f219-4617-a810-9071645997ae,C-GarJAJAJ58,100,,,,6,6,0,2,0,0,0,2,0,2,0,0,0,0,0,0,0,0,0,0,0,0,0,0,1500,23/05/2025 13:21,Wet_Season
883a4360-8ec1-4fb5-97b5-d92a878503d8,C-GarNW9CU18,,100,,,8,4,0,2,0,0,2,2,0,0,0,0,0,0,0,0,0,0,0,0,0,2,0,0,1500,23/05/2025 13:21,Wet_Season
b8005e9d-e718-47b6-99d6-d4a5b5fd8fb8,C-Gar5RTK841,,100,,,8,4,0,2,0,0,2,2,0,0,0,0,0,0,0,0,0,0,0,0,0,2,0,0,1500,23/05/2025 13:25,Wet_Season
a2158e75-20e6-447c-a201-d4971b3800f3,C-GarFIVL609,,100,,,8,4,0,2,0,0,2,2,0,0,0,0,0,0,0,0,0,0,0,0,0,2,0,0,1500,23/05/2025 13:27,Wet_Season
088b58c8-01f7-4ae4-9b55-36537382ad72,C-GarG2TFR39,100,,,,6,6,0,2,0,0,0,2,0,2,0,0,0,0,0,0,0,0,0,0,0,0,0,0,1500,23/05/2025 13:28,Wet_Season
a2bb84a7-7619-4a9d-99d0-2f07d48407c3,C-GarIN6VN27,,100,,,8,4,0,2,0,0,2,2,0,0,0,0,0,0,0,0,0,0,0,0,0,2,0,0,1500,23/05/2025 13:30,Wet_Season
231ecc6f-415d-4ef1-ae37-3e4a5e680d65,C-DomH2I6Q21,20,,,,4,3,0,0,0,0,0,0,0,0,2,0,0,0,0,0,0,0,2,0,2,0,0,2,0,23/05/2025 13:31,Wet_Season
ef3002b1-9dd0-4ade-bbeb-76f58bead9c7,C-GarKGWND27,100,,,,6,6,0,2,0,0,0,2,0,2,0,0,0,0,0,0,0,0,0,0,0,0,0,0,1500,23/05/2025 13:32,Wet_Season
3c632b45-c0bd-49c8-8f82-db0e1b612357,C-GarNC5WR15,,100,,,8,4,0,2,0,0,2,2,0,0,0,0,0,0,0,0,0,0,0,0,0,2,0,0,1500,23/05/2025 13:34,Wet_Season
48cdd708-62a7-41b0-a0a7-31f98a159f68,C-NinT1WAY08,100,,,,6,6,0,2,0,0,0,0,0,2,0,0,0,0,0,0,0,0,0,0,0,0,0,0,1500,23/05/2025 13:34,Wet_Season
3234ddfd-1e79-4202-971c-d768cd037a39,C-NinUC8Q545,100,,,,6,6,0,2,0,0,0,0,0,2,0,0,0,0,0,0,0,0,0,0,0,0,0,0,1500,23/05/2025 13:34,Wet_Season
b91400f7-ac8a-4d6c-a9c0-e33aaf91d705,C-NinRGXEW49,100,,,,6,6,0,2,0,0,0,0,0,2,0,0,0,0,0,0,0,0,0,0,0,0,0,0,1500,23/05/2025 13:34,Wet_Season
278928ff-fef9-4e7a-accc-4c48a0d67a16,C-GarR6BXQ36,100,,,,6,6,0,2,0,0,0,2,0,2,0,0,0,0,0,0,0,0,0,0,0,0,0,0,1500,23/05/2025 13:35,Wet_Season
ff1aaa68-df7a-4031-b2fa-5b165e560dc7,C-GarV71LD18,,100,,,8,4,0,2,0,0,2,2,0,0,0,0,0,0,0,0,0,0,0,0,0,2,0,0,1500,23/05/2025 13:37,Wet_Season
77700b28-9bdc-442e-a08e-52fc0d20c182,C-DomZSFXV27,,50,,,4,3,0,0,0,0,0,0,0,0,0,0,0,0,0,0,0,0,0,2,2,0,2,2,0,23/05/2025 13:39,Wet_Season
93dd0b95-74d9-4898-bd26-86e1eb6138d1,C-GarVITFJ16,100,,,,6,6,0,2,0,0,0,2,0,2,0,0,0,0,0,0,0,0,0,0,0,0,0,0,1500,23/05/2025 13:40,Wet_Season
3440c2ac-5735-47cb-8c3b-71f6efc9d5b4,C-Kau28DQY54,20,,,,4,3,0,0,0,0,0,0,0,0,2,0,0,3,0,0,0,0,2,0,2,0,0,2,0,23/05/2025 13:40,Wet_Season
35397bfb-d810-4730-8fc1-343229239889,C-KauKWDN603,20,,,,4,3,0,0,0,0,0,0,0,0,2,0,0,3,0,0,0,0,2,0,2,0,0,2,0,23/05/2025 13:41,Wet_Season
44935e34-d84e-4285-b74e-4868f6e34ef6,C-GarW2OZE15,,100,,,8,4,0,2,0,0,2,2,0,0,0,0,0,0,0,0,0,0,0,0,0,2,0,0,1500,23/05/2025 13:43,Wet_Season
4e345122-512a-4f5e-9328-649271949d10,C-DomK29LA57,20,,,,4,3,0,0,0,0,0,0,0,0,2,0,0,0,0,0,0,0,2,0,2,0,0,2,0,23/05/2025 13:46,Wet_Season
f52e6aa3-32c2-4a48-896e-61f613fc1887,C-Gar0BQB037,,100,,,8,4,0,2,0,0,2,2,0,0,0,0,0,0,0,0,0,0,0,0,0,2,0,0,1500,23/05/2025 13:48,Wet_Season
b78b0bfd-52cf-4fb9-a586-5134b8e5b07c,C-GarEAP6H12,100,,,,6,6,0,2,0,0,0,2,0,2,0,0,0,0,0,0,0,0,0,0,0,0,0,0,1500,23/05/2025 13:48,Wet_Season
953aca44-0b55-4a8d-bf6f-6d6a3e3edb8e,C-GarRE21926,,100,,,8,4,0,2,0,0,2,2,0,0,0,0,0,0,0,0,0,0,0,0,0,2,0,0,1500,23/05/2025 13:49,Wet_Season
50ad4c04-0e97-447d-8ccc-7740bccc1421,C-AkaV5LO455,20,,,,4,3,0,0,0,0,0,0,0,0,2,0,0,0,0,0,0,0,2,0,2,0,0,2,0,23/05/2025 13:51,Wet_Season
7fd127b0-cfa5-400c-afb7-3782284c39b1,C-GarTBTYY25,100,,,,6,6,0,2,0,0,0,2,0,2,0,0,0,0,0,0,0,0,0,0,0,0,0,0,1500,23/05/2025 13:51,Wet_Season
c25680bc-dbb6-449d-888b-722667c93fba,C-GarVQRTR00,,100,,,8,4,0,2,0,0,2,2,0,0,0,0,0,0,0,0,0,0,0,0,0,2,0,0,1500,23/05/2025 13:53,Wet_Season
6ecc7b5e-a217-4fa1-ae33-5039532f765b,C-Dom292MX32,,50,,,4,3,0,0,0,0,0,0,0,0,0,0,0,0,0,0,0,0,0,2,2,0,2,2,0,23/05/2025 13:54,Wet_Season
521e2d1b-b1a6-4c02-bcae-bf9524f0ef37,C-GarXU4S739,100,,,,6,6,0,2,0,0,0,2,0,2,0,0,0,0,0,0,0,0,0,0,0,0,0,0,1500,23/05/2025 13:54,Wet_Season
2eca7a0e-ba90-43e2-ba30-7be04ab041da,C-GarZOXYW03,,100,,,8,4,0,2,0,0,2,2,0,0,0,0,0,0,0,0,0,0,0,0,0,2,0,0,1500,23/05/2025 13:56,Wet_Season
f4d731e7-429a-4e4e-816c-6bcdd2b4ab2e,C-Aka9AACN21,20,,,,4,3,0,0,0,0,0,0,0,0,2,0,0,0,0,0,0,0,2,0,2,0,0,2,0,23/05/2025 13:58,Wet_Season
1fda637e-9e72-4530-83fa-73361abc3eba,C-Jah6TNRY15,100,,,,6,4,0,0,2,0,0,2,0,2,0,0,0,0,0,0,0,0,0,0,0,0,0,0,1500,23/05/2025 14:00,Wet_Season
9889f65e-41c3-4bb7-9720-f2cdbc5c5866,C-DomJEYCQ01,20,,,,4,3,0,0,0,0,0,0,0,0,2,0,0,0,0,0,0,0,2,0,2,0,0,2,0,23/05/2025 14:00,Wet_Season
ade9578c-ed17-4ee4-b387-7dc6054ee43f,C-Aka51W3S44,20,,,,4,3,0,0,0,0,0,0,0,0,2,0,0,0,0,0,0,0,2,0,2,0,0,2,0,23/05/2025 14:01,Wet_Season
4a71080a-c74b-4ec0-b70c-ab68c7ea7d31,C-Jah741FN15,,100,,,8,6,0,2,0,0,2,2,0,0,0,0,0,0,0,0,0,0,0,0,0,2,0,0,1500,23/05/2025 14:03,Wet_Season
5b93476e-c43a-453c-bf08-e96c94ed7c88,C-Gar22LDT19,,100,,,8,4,0,2,0,0,2,2,0,0,0,0,0,0,0,0,0,0,0,0,0,2,0,0,1500,23/05/2025 14:04,Wet_Season
74619a6f-3af4-4475-b3fe-d011457db295,C-Jah7CHMW37,100,,,,6,4,0,0,2,0,0,2,0,2,0,0,0,0,0,0,0,0,0,0,0,0,0,0,1500,23/05/2025 14:06,Wet_Season
1d825e4a-7cad-45ae-94bb-c0f8ba74d1be,C-Aka1JU7V29,20,,,,4,3,0,0,0,0,0,0,0,0,2,0,0,0,0,0,0,0,2,0,2,0,0,2,0,23/05/2025 14:06,Wet_Season
47309391-1dff-45e8-b88d-e0413f1081aa,C-Gar6ZN0N55,,100,,,8,4,0,2,0,0,2,2,0,0,0,0,0,0,0,0,0,0,0,0,0,2,0,0,1500,23/05/2025 14:07,Wet_Season
64cd5463-4062-42d8-80af-572fe09e04a7,C-Jah7X5SG05,,100,,,8,6,0,2,0,0,2,2,0,0,0,0,0,0,0,0,0,0,0,0,0,2,0,0,15000,23/05/2025 14:08,Wet_Season
1acf15d8-9a47-43a9-93e6-b1bcb147531d,C-GarDFEAM58,100,,,,6,6,0,2,0,0,0,2,0,2,0,0,0,0,0,0,0,0,0,0,0,0,0,0,1500,23/05/2025 14:08,Wet_Season
1cfb0da6-f65f-4ad6-a411-da0c30148e7a,C-GarG6SOU11,,100,,,8,4,0,2,0,0,2,2,0,0,0,0,0,0,0,0,0,0,0,0,0,2,0,0,1500,23/05/2025 14:10,Wet_Season
d040dc47-e886-41f4-92eb-191e8a235bb2,C-DomTF8XP26,20,,,,4,3,0,0,0,0,0,0,0,0,2,0,0,0,0,0,0,0,2,0,2,0,0,2,0,23/05/2025 14:11,Wet_Season
bf490c43-6578-4d3b-9ce3-d2c24efab703,C-GarHQZ3550,100,,,,6,6,0,2,0,0,0,2,0,2,0,0,0,0,0,0,0,0,0,0,0,0,0,0,1500,23/05/2025 14:12,Wet_Season
38c26663-50ac-4d99-b050-9e94cf5c8c90,C-Gwe55DA840,,50,,,4,3,0,0,0,0,0,0,0,0,0,0,0,0,0,0,0,0,0,2,0.5,0,125,2,0,23/05/2025 14:12,Wet_Season
f4a86821-6fdb-4b8f-9b73-27629a2710f0,C-GweXGLQI28,,50,,,4,3,0,0,0,0,0,0,0,0,0,0,0,0,0,0,0,0,0,2,0.5,0,125,2,0,23/05/2025 14:12,Wet_Season
73124eb9-2568-466b-a14a-63baceebb034,C-Aka4E6SJ32,20,,,,4,3,0,0,0,0,0,0,0,0,2,0,0,0,0,0,0,0,2,0,2,0,0,2,0,23/05/2025 14:12,Wet_Season
41456f1b-52ba-4fd6-9f99-926d88249228,C-Gwe8222E12,,50,,,4,3,0,0,0,0,0,0,0,0,0,0,0,0,0,0,0,0,0,2,0.5,0,125,2,0,23/05/2025 14:12,Wet_Season
9d0eb1ea-3035-45b1-9b20-c8952088271d,C-Gwe6YSI456,,50,,,4,3,0,0,0,0,0,0,0,0,0,0,0,0,0,0,0,0,0,2,0.5,0,125,2,0,23/05/2025 14:12,Wet_Season
217d7bda-6471-48a4-9b8e-d7bf9c6dcd4b,C-GweWOGFT25,,50,,,4,3,0,0,0,0,0,0,0,0,0,0,0,0,0,0,0,0,0,2,0.5,0,125,2,0,23/05/2025 14:12,Wet_Season
e25a3d5e-e9c9-4cfa-bd47-b28803d83f52,C-GweO6KQS06,,50,,,4,3,0,0,0,0,0,0,0,0,0,0,0,0,0,0,0,0,0,2,0.5,0,125,2,0,23/05/2025 14:12,Wet_Season
46659ae6-ed49-47a9-af59-39e7ed0eb141,C-GarL2IKV09,,100,,,8,4,0,2,0,0,2,2,0,0,0,0,0,0,0,0,0,0,0,0,0,2,0,0,1500,23/05/2025 14:13,Wet_Season
dccbb068-4561-4b31-8e75-985bc1fa9a1a,C-Jah8TS3D33,,100,,,8,6,0,2,0,0,2,2,0,0,0,0,0,0,0,0,0,0,0,0,0,2,0,0,1500,23/05/2025 14:14,Wet_Season
0052b886-1e75-483e-bb39-cc71b54b166b,C-GarS6MNJ15,,100,,,8,4,0,2,0,0,2,2,0,0,0,0,0,0,0,0,0,0,0,0,0,2,0,0,1500,23/05/2025 14:15,Wet_Season
2d560fb0-afd3-47ea-9b10-9d90f58c2af8,C-AkaHH6UD21,20,,,,4,3,0,0,0,0,0,0,0,0,2,0,0,0,0,0,0,0,2,0,2,0,0,2,0,23/05/2025 14:17,Wet_Season
4054915e-b228-4aaa-9cf8-f52311c4c36b,C-GarTU6UU10,100,,,,6,6,0,2,0,0,0,2,0,2,0,0,0,0,0,0,0,0,0,0,0,0,0,0,1500,23/05/2025 14:17,Wet_Season
d22cfbed-595a-4158-997a-ac1c2c2f2e66,C-GarV9YDF29,,100,,,8,4,0,2,0,0,2,2,0,0,0,0,0,0,0,0,0,0,0,0,0,2,0,0,1500,23/05/2025 14:19,Wet_Season
20aa36b9-41ee-441e-915a-415907d51e19,C-JahAXFOI06,,100,,,8,6,0,2,0,0,2,2,0,0,0,0,0,0,0,0,0,0,0,0,0,2,0,0,1500,23/05/2025 14:19,Wet_Season
04214f01-5430-48a0-8b31-d45d50d5ffa6,C-DomVEFE742,,50,,,4,3,0,0,0,0,0,0,0,0,0,0,0,0,0,0,0,0,0,2,2,0,2,2,0,23/05/2025 14:20,Wet_Season
2d23b26f-2261-42b7-864f-289005a1c28b,C-Kau72OG825,20,,,,4,3,0,0,0,0,0,0,0,0,2,0,0,3,0,0,0,0,2,0,2,0,0,2,0,23/05/2025 14:20,Wet_Season
660f0099-bdef-48ba-af91-c789c56991a6,C-GarW7P8D01,100,,,,6,6,0,2,0,0,0,2,0,2,0,0,0,0,0,0,0,0,0,0,0,0,0,0,1500,23/05/2025 14:21,Wet_Season
de009b85-8bef-484d-8a02-de94c630b069,C-Aka0CVKN54,20,,,,4,3,0,0,0,0,0,0,0,0,2,0,0,0,0,0,0,0,2,0,2,0,0,2,0,23/05/2025 14:22,Wet_Season
93145473-da98-4469-bcf8-89b632151b47,C-GarZDVTQ51,100,,,,6,6,0,2,0,0,0,2,0,2,0,0,0,0,0,0,0,0,0,0,0,0,0,0,1500,23/05/2025 14:23,Wet_Season
848ba73a-3ac0-4451-a814-78094957e003,C-DomIU2DG16,20,,,,4,3,0,0,0,0,0,0,0,0,2,0,0,0,0,0,0,0,2,0,2,0,0,2,0,23/05/2025 14:26,Wet_Season
3e2565ab-891e-40b5-8d20-9dc7e2941422,C-AkaO91GW05,20,,,,4,3,0,0,0,0,0,0,0,0,2,0,0,0,0,0,0,0,2,0,2,0,0,2,0,23/05/2025 14:27,Wet_Season
dacf9717-e7aa-49d2-a391-b76a6ecfddbe,C-JahEYEHF10,,100,,,8,6,0,2,0,0,2,2,0,0,0,0,0,0,0,0,0,0,0,0,0,2,0,0,1500,23/05/2025 14:31,Wet_Season
8973e9da-6ba3-4066-bdf9-b9c0405e5db4,C-AkaCIBGA18,20,,,,4,3,0,0,0,0,0,0,0,0,2,0,0,0,0,0,0,0,2,0,2,0,0,2,0,23/05/2025 14:32,Wet_Season
ee4a1823-d56b-4c21-b26d-e62865b0c3c2,C-KauEW00H44,20,,,,5,3,0,0,0,0,0,0,0,0,2,0,0,5,0,0,0,0,2,0,2,0,0,2,0,23/05/2025 14:34,Wet_Season
fefdfc67-8dde-4515-95bd-d7dc10abe9ff,C-DomT76DI39,20,,,,4,3,0,0,0,0,0,0,0,0,2,0,0,0,0,0,0,0,2,0,2,0,0,2,0,23/05/2025 14:36,Wet_Season
913499b9-2c5b-4876-ab1d-db9db90cea45,C-JahHOSMR35,,100,,,8,6,0,2,0,0,2,2,0,0,0,0,0,0,0,0,0,0,0,0,0,2,0,0,1500,23/05/2025 14:36,Wet_Season
dc89112c-bf95-4ffe-9a60-98ef3d5d59ef,C-AkaTUMP450,20,,,,4,3,0,0,0,0,0,0,0,0,2,0,0,0,0,0,0,0,2,0,250,0,0,2,0,23/05/2025 14:38,Wet_Season
5b3963d3-0c0a-428d-bbc5-019afaea9a20,C-AkaQP1K131,20,,,,4,3,0,0,0,0,0,0,0,0,2,0,0,0,0,0,0,0,2,0,250,0,0,2,0,23/05/2025 14:38,Wet_Season
ec4a35d1-057d-4d2d-ae44-7648afe58a74,C-AkaS1K2D23,20,,,,4,3,0,0,0,0,0,0,0,0,2,0,0,0,0,0,0,0,2,0,250,0,0,2,0,23/05/2025 14:38,Wet_Season
ecea1541-1bbc-44de-98c4-a374d89dc07c,C-AkaTJAW144,20,,,,4,3,0,0,0,0,0,0,0,0,2,0,0,0,0,0,0,0,2,0,250,0,0,2,0,23/05/2025 14:38,Wet_Season
f6584d0d-6cff-41b0-b4ab-1959a33e9a66,C-Aka5IR0018,20,,,,4,3,0,0,0,0,0,0,0,0,2,0,0,0,0,0,0,0,2,0,250,0,0,2,0,23/05/2025 14:38,Wet_Season
72eed65a-f862-4d38-9c46-6fffe3e1c6be,C-Aka4H2S840,20,,,,4,3,0,0,0,0,0,0,0,0,2,0,0,0,0,0,0,0,2,0,250,0,0,2,0,23/05/2025 14:38,Wet_Season
b9e53c50-4dcb-4191-bc0d-9fd3caf5e8ff,C-AkaN7OJI52,20,,,,4,3,0,0,0,0,0,0,0,0,2,0,0,0,0,0,0,0,2,0,250,0,0,2,0,23/05/2025 14:38,Wet_Season
d6ad3c23-4553-4ca0-9bc7-d0ce6648b19a,C-Aka0BLL337,20,,,,4,3,0,0,0,0,0,0,0,0,2,0,0,0,0,0,0,0,2,0,250,0,0,2,0,23/05/2025 14:38,Wet_Season
d22054bf-c871-40fb-b9e2-6ec222c3183b,C-AkaA6TOV23,20,,,,4,3,0,0,0,0,0,0,0,0,2,0,0,0,0,0,0,0,2,0,2,0,0,2,0,23/05/2025 14:39,Wet_Season
c006875d-e234-4aa4-8e0a-334503b040ae,C-DomLDKKR25,,50,,,4,3,0,0,0,0,0,0,0,0,0,0,0,0,0,0,0,0,0,2,2,0,2,2,0,23/05/2025 14:41,Wet_Season
86e0c233-6aa5-4e8d-b21a-1b915cf63236,C-AkaNVEB442,20,,,,4,3,0,0,0,0,0,0,0,0,2,0,0,0,0,0,0,0,2,0,2,0,0,2,0,23/05/2025 14:42,Wet_Season
d8d3f536-a3a6-491b-aab9-a36ce604e0e3,C-JahIRTKG20,,100,,,8,6,0,0,0,0,2,2,0,0,0,0,0,0,0,0,0,0,0,0,0,2,0,0,2,23/05/2025 14:43,Wet_Season
1f870c1d-0cd4-474a-acd1-7e5387f3e87a,C-DomCN4ON52,20,,,,4,3,0,0,0,0,0,0,0,0,2,0,0,0,0,0,0,0,2,0,2,0,0,2,0,23/05/2025 14:45,Wet_Season
8226fb14-27c5-44c1-ba07-9cb2cce9e7e9,C-KauABMHB38,20,,,,4,3,0,0,0,0,0,0,0,0,2,0,0,2,0,0,0,0,2,0,250,0,0,2,0,23/05/2025 14:45,Wet_Season
42eebd16-9fba-45ee-b0bb-33046e362c5b,C-Kau6PFSR59,20,,,,4,3,0,0,0,0,0,0,0,0,2,0,0,5,0,0,0,0,2,0,2,0,0,2,0,23/05/2025 14:47,Wet_Season
638d4f14-945e-445a-b81a-90b953dee07e,C-JahJKGVB07,,,,,6,4,0,0,2,0,0,2,0,2,0,0,0,0,0,0,0,0,0,0,0,0,0,0,1500,23/05/2025 14:51,Wet_Season
d0c38033-542c-420f-9277-b22e73605ee3,C-Gwa2UTWV28,100,,,,6,6,0,2,0,0,0,2,0,2,0,0,0,0,0,0,0,0,0,0,0,0,0,0,1500,23/05/2025 14:54,Wet_Season
63884791-0746-4deb-8c0a-a59b52c5ad3a,C-Gwa3RVG130,,100,,,8,4,0,2,0,0,2,2,0,0,0,0,0,0,0,0,0,0,0,0,0,2,0,0,1500,23/05/2025 14:54,Wet_Season
2dad48fc-1f33-4c8b-b1ce-390daa128b8b,C-JahKSJNU20,,100,,,8,6,0,2,0,0,2,2,0,0,0,0,0,0,0,0,0,0,0,0,0,2,0,0,1500,23/05/2025 14:54,Wet_Season
d5e0287c-6bd7-492e-acbd-035f5b6f8305,C-Gwa41J0732,,100,,,8,4,0,2,0,0,2,2,0,0,0,0,0,0,0,0,0,0,0,0,0,2,0,0,1500,23/05/2025 14:54,Wet_Season
68d1dcb4-2aa7-46a5-a472-a9a8faece6f6,C-Gwa64M0751,100,,,,6,6,0,2,0,0,0,2,0,2,0,0,0,0,0,0,0,0,0,0,0,0,0,0,1500,23/05/2025 14:54,Wet_Season
bafbeac7-a9ec-4835-91e7-df45d3279cd0,C-GwaDO94K05,,100,,,8,4,0,2,0,0,2,2,0,0,0,0,0,0,0,0,0,0,0,0,0,2,0,0,1500,23/05/2025 14:54,Wet_Season
f01c9e20-435c-4297-bcb1-19eaf60684c9,C-GwaFM0MU35,,100,,,8,4,0,2,0,0,2,2,0,0,0,0,0,0,0,0,0,0,0,0,0,2,0,0,1500,23/05/2025 14:54,Wet_Season
2936efb6-8104-4829-b063-7c9d4148a318,C-GwaHBGES23,,100,,,8,4,0,2,0,0,2,2,0,0,0,0,0,0,0,0,0,0,0,0,0,2,0,0,1500,23/05/2025 14:54,Wet_Season
43452845-b287-47bd-990f-2f1a1c0c5747,C-GwaL5MXT56,100,,,,6,6,0,2,0,0,0,2,0,2,0,0,0,0,0,0,0,0,0,0,0,0,0,0,1500,23/05/2025 14:54,Wet_Season
4c13853a-ee2e-4648-ba11-a9244a9f43f5,C-GwaMZQKH04,100,,,,6,6,0,2,0,0,0,2,0,2,0,0,0,0,0,0,0,0,0,0,0,0,0,0,1500,23/05/2025 14:54,Wet_Season
2058317c-38f1-4d37-9784-17f07871fcb0,C-GwaRR1UX52,,100,,,8,4,0,2,0,0,2,2,0,0,0,0,0,0,0,0,0,0,0,0,0,2,0,0,1500,23/05/2025 14:54,Wet_Season
41391e47-3014-4c50-94c4-c02add0671de,C-GwaRUAYH39,,100,,,8,4,0,2,0,0,2,2,0,0,0,0,0,0,0,0,0,0,0,0,0,2,0,0,1500,23/05/2025 14:56,Wet_Season
8caf766c-6ce4-4f34-81d2-0e9c9dfdda02,C-GwaTCHNH39,,100,,,8,4,0,2,0,0,2,2,0,0,0,0,0,0,0,0,0,0,0,0,0,2,0,0,1500,23/05/2025 14:58,Wet_Season
c25fa8a2-4164-4758-85ed-c19684ff3005,C-GwaTXBT228,100,,,,6,6,0,2,0,0,0,2,0,2,0,0,0,0,0,0,0,0,0,0,0,0,0,0,1500,23/05/2025 14:59,Wet_Season
11c6bd74-f4ee-4ed4-b95b-5f91d2a002d1,C-GwaUTZ3M03,100,,,,6,6,0,2,0,0,0,2,0,2,0,0,0,0,0,0,0,0,0,0,0,0,0,0,1500,23/05/2025 15:01,Wet_Season
77f0f4c9-dc66-41eb-aa15-c62540b73b63,C-GwaVH8OX12,,100,,,8,4,0,2,0,0,2,2,0,0,0,0,0,0,0,0,0,0,0,0,0,2,0,0,1500,23/05/2025 15:02,Wet_Season
eb92176e-2c84-45d1-b34f-78488bf7cdbc,C-Nas13EC403,50,,,,4,3,0,0,0,0,0,0,0,0,0,0,0,5,0,0,0,0,0,1,250,0,0,2,0,23/05/2025 15:03,Wet_Season
c8405f56-76e4-4a15-a468-2933e071d276,C-Nas186U837,20,,,,4,3,0,0,0,0,0,0,0,0,0,0,0,5,0,0,0,0,0,2,250,0,0,2,0,23/05/2025 15:03,Wet_Season
b1318c08-de71-4ac2-8dd2-40e12e062505,C-Nas6KYP526,20,,,,4,3,0,0,0,0,0,0,0,0,0,0,0,5,0,0,0,0,0,2,5,0,0,2,0,23/05/2025 15:03,Wet_Season
24377048-a234-4077-9762-c0c82a2181de,C-NasCY01F32,20,,,,4,0,0,0,0,0,0,0,0,0,2,0,0,5,0,0,0,0,2,2,2,0,0,2,0,23/05/2025 15:03,Wet_Season
b7d44506-6d62-47e1-bc8f-4c8c7f91c3e2,C-NasZX8JT00,20,,,,4,3,0,0,0,0,0,0,0,0,2,0,0,5,0,0,0,0,2,2,250,0,0,2,0,23/05/2025 15:03,Wet_Season
54f36ac8-44e4-4f2c-abae-fbd18546ebf6,C-NasXMIHI18,20,,,,4,3,0,0,0,0,0,0,0,0,2,0,0,2,0,0,0,0,2,2,250,0,0,2,0,23/05/2025 15:03,Wet_Season
743c4233-4791-460e-8c72-fb0debfba8a9,C-NasOVMU257,20,,,,4,3,0,0,0,0,0,0,0,0,2,0,0,2,0,0,0,0,2,2,2,0,0,2,0,23/05/2025 15:03,Wet_Season
27da7f4d-2796-4982-a456-788b3cd86689,C-NasTPRPZ29,20,,,,4,3,0,0,0,0,0,0,0,0,2,0,0,2,0,0,0,0,2,2,2,0,0,2,0,23/05/2025 15:03,Wet_Season
c4bf920b-c9d3-4a39-b615-8fc758df54cf,C-NasYS76640,20,,,,4,3,0,0,0,0,0,0,0,0,2,0,0,2,0,0,0,0,2,2,250,0,0,2,0,23/05/2025 15:03,Wet_Season
3c1c3749-2cf9-4927-8a98-43a8f86c83b3,C-NasW232503,20,,,,4,3,0,0,0,0,0,0,0,0,2,0,0,2,0,0,0,0,2,2,2,0,0,2,0,23/05/2025 15:03,Wet_Season
a8528d85-ceab-4669-9b44-7e3ca0bd4a2f,C-NasPEKEV55,20,,,,4,3,0,0,0,0,0,0,0,0,2,0,0,2,0,0,0,0,2,2,250,0,0,2,0,23/05/2025 15:03,Wet_Season
39ffffca-f7e2-4d86-a855-43aa0009ed85,C-NasOMELO50,20,,,,4,3,0,0,0,0,0,0,0,0,2,0,0,2,0,0,0,0,2,2,2,0,0,2,0,23/05/2025 15:03,Wet_Season
5f895e4a-8259-49b4-acea-ea08b7f2b723,C-Nas73HJI50,20,,,,4,3,0,0,0,0,0,0,0,0,2,0,0,5,0,0,0,0,2,1,2,0,0,2,0,23/05/2025 15:06,Wet_Season
3ed37e9c-13e0-4e92-9b0c-0f7febcd63ae,C-KauSMWGG49,20,,,,4,3,0,0,0,0,0,0,0,0,2,0,0,5,0,0,0,0,2,0,2,0,0,2,0,23/05/2025 15:07,Wet_Season
2925178a-49b0-4318-86ad-9124b4939b6c,C-Gwe9AW9O50,,50,,,4,3,0,0,0,0,0,0,0,0,0,0,0,0,0,0,0,0,0,2,0.5,0,125,2,0,23/05/2025 15:10,Wet_Season
d0f47664-5cb3-43a2-82f7-96855b41bd54,C-GweN6RWN27,,50,,,4,3,0,0,0,0,0,0,0,0,0,0,0,0,0,0,0,0,0,2,0.5,0,125,2,0,23/05/2025 15:10,Wet_Season
d0b13793-b06d-4d96-89ee-5ec837746a26,C-GweB7NW412,,50,,,4,3,0,0,0,0,0,0,0,0,0,0,0,0,0,0,0,0,0,2,0.5,0,125,2,0,23/05/2025 15:10,Wet_Season
8796e1d0-d86c-4f41-8f9a-92370a491827,C-Kau5NV7Q54,20,,,,4,3,0,0,0,0,0,0,0,0,2,0,0,5,0,0,0,0,2,0,250,0,0,2,0,23/05/2025 15:10,Wet_Season
23277709-0efc-4508-b71b-072d1fe3ddf4,C-AkaAM9RM04,20,,,,4,3,0,0,0,0,0,0,0,0,2,0,0,5,0,0,0,0,2,0,2,0,0,2,0,23/05/2025 15:14,Wet_Season
4dd784e8-f09f-44b4-baca-42deaf8639cd,C-Aka8AE1Y31,20,,,,4,3,0,0,0,0,0,0,0,0,2,0,0,5,0,0,0,0,2,0,2,0,0,2,0,23/05/2025 15:14,Wet_Season
ec6ea071-b180-479b-9975-0cd9a319fa1b,C-AkaGIDIU48,20,,,,4,3,0,0,0,0,0,0,0,0,2,0,0,5,0,0,0,0,2,0,2,0,0,2,0,23/05/2025 15:14,Wet_Season
3f8f7952-8b43-4905-a937-bc39033bbc84,C-AkaMQ43A51,20,,,,4,3,0,0,0,0,0,0,0,0,2,0,0,5,0,0,0,0,2,0,2,0,0,2,0,23/05/2025 15:14,Wet_Season
c7235b3b-90ae-4b4f-a4ab-b93c09547f89,C-AkaUN1G057,20,,,,4,3,0,0,0,0,0,0,0,0,2,0,0,5,0,0,0,0,2,0,2,0,0,2,0,23/05/2025 15:14,Wet_Season
ec48efdd-e808-4dc7-866a-e50060f8ac3f,C-AkaMIGUF05,20,,,,4,3,0,0,0,0,0,0,0,0,2,0,0,5,0,0,0,0,2,0,2,0,0,2,0,23/05/2025 15:14,Wet_Season
5f70c408-171b-4333-a55b-0dc06773507b,C-AkaQLYEZ09,20,,,,4,3,0,0,0,0,0,0,0,0,2,0,0,5,0,0,0,0,2,0,2,0,0,2,0,23/05/2025 15:14,Wet_Season
b106af79-3e56-48f7-ab7d-df45cb8151e0,C-AkaEDIRH06,20,,,,4,3,0,0,0,0,0,0,0,0,2,0,0,5,0,0,0,0,2,0,2,0,0,2,0,23/05/2025 15:14,Wet_Season
2c0f6c61-f77f-4176-b02f-1bb839c48386,C-AkaUXXV524,20,,,,4,3,0,0,0,0,0,0,0,0,2,0,0,5,0,0,0,0,2,0,2,0,0,2,0,23/05/2025 15:14,Wet_Season
60129180-2c34-44c5-89d4-c4a9856c7891,C-AkaJNNNI37,20,,,,4,3,0,0,0,0,0,0,0,0,2,0,0,5,0,0,0,0,2,0,2,0,0,2,0,23/05/2025 15:14,Wet_Season
dacf9ac6-ece9-42a5-923a-ade649e53877,C-AkaK6O0R04,20,,,,4,3,0,0,0,0,0,0,0,0,2,0,0,5,0,0,0,0,2,0,2,0,0,2,0,23/05/2025 15:14,Wet_Season
75390776-1ba8-4ba8-9ab3-6cf624214d04,C-AkaZR5LW04,20,,,,4,3,0,0,0,0,0,0,0,0,2,0,0,5,0,0,0,0,2,0,2,0,0,2,0,23/05/2025 15:14,Wet_Season
9bf0c6e1-320b-45bf-b939-2618e5cb054f,C-KauVX6M540,20,,,,4,3,0,0,0,0,0,0,0,0,2,0,0,5,0,0,0,0,2,0,2,0,0,2,0,23/05/2025 15:15,Wet_Season
2808c7a1-77ea-4719-85cf-62d53b5d33a9,C-Nas145FS17,20,,,,4,3,0,0,0,0,0,0,0,0,2,0,0,5,0,0,0,0,2,0,250,0,0,2,0,23/05/2025 15:18,Wet_Season
a66c942e-4ef2-4007-b24b-463a701a4dce,C-AkaF8AWV59,20,,,,4,3,0,0,0,0,0,0,0,0,2,0,0,0,0,0,0,0,2,0,250,0,0,2,0,23/05/2025 15:20,Wet_Season
d9fbcdbb-5085-443d-bd84-a3e16d74be98,C-KauJTBKV44,20,,,,4,3,0,0,0,0,0,0,0,0,2,0,0,5,0,0,0,0,2,0,2,0,0,2,0,23/05/2025 15:21,Wet_Season
b64aaa90-16b3-43c5-9934-5f5e50dc0555,C-Laf51JFB31,,50,,,4,3,0,0,0,0,0,0,0,0,0,0,0,0,0,0,0,0,0,2,250,0,2,2,0,23/05/2025 15:23,Wet_Season
0671dbdf-97f2-4caf-9503-3fa28f81449e,C-Laf5GGV432,,50,,,4,3,0,0,0,0,0,0,0,0,0,0,0,0,0,0,0,0,0,2,2,0,2,2,0,23/05/2025 15:23,Wet_Season
b04b2be4-cbcd-42da-b6ad-392db25a2fa1,C-Laf6GK6I46,,50,,,4,3,0,0,0,0,0,0,0,0,0,0,0,0,0,0,0,0,0,2,250,0,2,2,0,23/05/2025 15:23,Wet_Season
8dfb27be-2381-428d-a2f1-74deaf2a463b,C-Laf2QVSP12,,50,,,4,3,0,0,0,0,0,0,0,0,0,0,0,0,0,0,0,0,0,2,250,0,2,2,0,23/05/2025 15:23,Wet_Season
604c02c5-987d-4430-92e8-c8203fc8153c,C-LafZDEAX17,20,,,,4,3,0,0,0,0,0,0,0,0,2,0,0,0,0,0,0,0,2,0,250,0,0,2,0,23/05/2025 15:23,Wet_Season
95a45f0c-a54a-4878-898a-06b33146e632,C-Laf6YN2Q10,,50,,,4,3,0,0,0,0,0,0,0,0,0,0,0,0,0,0,0,0,0,2,250,0,2,2,0,23/05/2025 15:23,Wet_Season
3d0cb3fb-f949-4f59-84e5-1186531d97cb,C-LafG5XCQ09,,50,,,4,3,0,0,0,0,0,0,0,0,0,0,0,0,0,0,0,0,0,2,250,0,2,2,0,23/05/2025 15:24,Wet_Season
0538b359-276b-4a89-b8a0-c2d6d659718f,C-LafLY5LH04,20,,,,4,3,0,0,0,0,0,0,0,0,2,0,0,0,0,0,0,0,2,0,250,0,0,2,0,23/05/2025 15:24,Wet_Season
e24488fb-f215-4770-928b-93dbcf28b4a8,C-LafQPOMR27,,50,,,4,3,0,0,0,0,0,0,0,0,0,0,0,0,0,0,0,0,0,2,250,0,2,2,0,23/05/2025 15:24,Wet_Season
156140fa-90b6-49c7-935f-41bdd2b5cfe8,C-LafMPSXA58,,50,,,4,3,0,0,0,0,0,0,0,0,0,0,0,0,0,0,0,0,0,2,250,0,1.5,2,0,23/05/2025 15:24,Wet_Season
06fcac6a-c6b9-4b4e-b23c-f31ad81048c5,C-LafYC58243,,50,,,4,3,0,0,0,0,0,0,0,0,0,0,0,0,0,0,0,0,0,2,250,0,1.5,2,0,23/05/2025 15:24,Wet_Season
a28cc81b-0cd3-447b-ab22-9e86e9f7d91d,C-LafS04CF44,,50,,,4,3,0,0,0,0,0,0,0,0,0,0,0,0,0,0,0,0,0,2,250,0,1.5,2,0,23/05/2025 15:24,Wet_Season
cdf8f543-9b3f-4832-b068-df9f42d70f0f,C-Nas4KDIP22,20,,,,4,3,0,2,0,0,0,0,0,0,2,0,0,5,0,0,0,0,2,2,2,0,0,2,0,23/05/2025 15:30,Wet_Season
7c56dcef-91a4-42d2-aa4b-0dcf669d7c9e,C-NasP3P8K06,20,,,,4,3,0,0,0,0,0,0,0,0,2,0,0,5,0,0,0,0,5,0,250,0,0,2,0,23/05/2025 15:31,Wet_Season
2491c02e-c61d-490b-83e5-342b295d5a97,C-KauD6XIZ09,20,,,,4,3,0,0,0,0,0,0,0,0,2,0,0,5,0,0,0,0,2,0,2,0,0,2,0,23/05/2025 15:32,Wet_Season
c60f5f13-3dc1-4124-a825-e88d7b195e04,C-NasRL82009,20,,,,4,3,0,2,0,0,0,0,0,0,2,0,0,5,0,0,0,0,2,2,2,0,0,2,0,23/05/2025 15:34,Wet_Season
f1f38d61-b3c8-4050-97f8-0d5a3cb10d84,C-Aka1C4F509,20,,,,4,3,0,0,0,0,0,0,0,0,2,0,0,0,0,0,0,0,0,0,250,0,0,2,0,23/05/2025 15:39,Wet_Season
99c28c66-3c3d-4707-90be-41b50bf99e49,C-KauB0U7B04,20,,,,4,3,0,0,0,0,0,0,0,0,2,0,0,5,0,0,0,0,2,0,2,0,0,2,0,23/05/2025 15:43,Wet_Season
decc55e8-a126-4b97-9475-50f9f4764138,C-AkaSEE5O33,20,,,,4,3,0,0,0,0,0,0,0,0,2,0,0,0,0,0,0,0,2,0,250,0,0,2,0,23/05/2025 15:47,Wet_Season
ac812158-b26c-4ea4-9fb0-2d6f21220f25,C-Kau3HV5H20,20,,,,4,3,0,0,0,0,0,0,0,0,2,0,0,5,0,0,0,0,2,0,2,0,0,2,0,23/05/2025 15:50,Wet_Season
fa561556-3bce-4213-9c56-92294a04f338,C-Kau4721Y50,20,,,,4,3,0,0,0,0,0,0,0,0,2,0,0,5,0,0,0,0,2,0,2,0,0,2,0,23/05/2025 15:57,Wet_Season
5cdf4335-6126-4529-9337-11e10a6db823,C-Kau5BJDY16,20,,,,4,3,0,0,0,0,0,0,0,0,2,0,0,5,0,0,0,0,2,0,2,0,0,2,0,23/05/2025 16:07,Wet_Season
4aa1e74b-b333-47ea-8085-2eb492ebf99c,C-Ika1VEV317,100,,,,6,6,0,2,0,0,0,2,0,2,0,0,0,0,0,0,0,0,0,0,0,0,0,0,1500,23/05/2025 16:14,Wet_Season
1e8c309b-7d8e-4459-b525-1a6b3438ac84,C-GweFDPQQ24,,50,,,4,3,0,0,0,0,0,0,0,0,0,0,0,0,0,0,0,0,0,2,0.5,0,125,2,0,23/05/2025 16:39,Wet_Season
85059dca-b489-4de6-84ff-3699b24aa04c,C-IkaPSI0347,,100,,,8,4,0,2,0,0,2,2,0,0,0,0,0,0,0,0,0,0,0,0,0,2,0,0,1500,23/05/2025 16:53,Wet_Season
e8764cbe-3374-41c1-b948-91052a73f6ac,C-IkaUNC9F37,100,,,,6,6,0,2,0,0,0,2,0,2,0,0,0,0,0,0,0,0,0,0,0,0,0,0,1500,23/05/2025 16:53,Wet_Season
fcef9a35-ac37-48f2-ad5e-7da97de207e5,C-IkaWK0XD07,,100,,,8,4,0,2,0,0,2,2,0,0,0,0,0,0,0,0,0,0,0,0,0,2,0,0,1500,23/05/2025 16:53,Wet_Season
fc3e9325-97ed-4cba-8cfa-d5178faaf549,C-IkaZ9HGU38,,100,,,8,4,0,2,0,0,2,2,0,0,0,0,0,0,0,0,0,0,0,0,0,2,0,0,1500,23/05/2025 16:53,Wet_Season
b93ee760-d412-4034-8437-059673610d32,C-KauOAVA343,,50,,,4,3,0,0,0,0,0,0,0,0,0,0,0,0,0,0,0,0,0,2,2,0,125,2,0,23/05/2025 16:58,Wet_Season
20d41811-b478-4187-9057-e73374e848b0,C-Ika5EQ3238,100,,,,6,6,0,2,0,0,0,2,0,2,0,0,0,0,0,0,0,0,0,0,0,0,0,0,1500,23/05/2025 17:02,Wet_Season
990e219e-234b-40e6-826d-9aa94e8660b2,C-IkaAATKH15,,100,,,8,4,0,2,0,0,2,2,0,0,0,0,0,0,0,0,0,0,0,0,0,2,0,0,1500,23/05/2025 17:03,Wet_Season
25b71d9b-5d26-41a0-adf4-94be3912ee65,C-IkaB43V651,100,,,,6,6,0,2,0,0,0,2,0,2,0,0,0,0,0,0,0,0,0,0,0,0,0,0,1500,23/05/2025 17:04,Wet_Season
9999688b-9b2c-4481-86f7-4ebaebdb9235,C-IkaMN43H33,,100,,,8,4,0,2,0,0,2,2,0,0,0,0,0,0,0,0,0,0,0,0,0,2,0,0,1500,23/05/2025 17:06,Wet_Season
c4b848eb-2913-4fe7-ac1d-9b12d14d9a97,C-IkaQEBUL40,100,,,,6,6,0,2,0,0,0,2,0,2,0,0,0,0,0,0,0,0,0,0,0,0,0,0,1500,23/05/2025 17:07,Wet_Season
9455514f-69b3-4c62-bbfb-75ec0c39d42b,C-IkaTWNYX35,,100,,,8,4,0,2,0,0,2,2,0,0,0,0,0,0,0,0,0,0,0,0,0,2,0,0,1500,23/05/2025 17:08,Wet_Season
ebdd39ec-c7a3-4750-8a33-9fba75dee056,C-IkaURBPD06,,100,,,8,4,0,2,0,0,2,2,0,0,0,0,0,0,0,0,0,0,0,0,0,2,0,0,1500,23/05/2025 17:09,Wet_Season
bfaa4963-2b47-44bb-b417-41c251e71dfe,C-IkaVH0FB55,100,,,,6,6,0,2,0,0,0,2,0,2,0,0,0,0,0,0,0,0,0,0,0,0,0,0,1500,23/05/2025 17:11,Wet_Season
8f730998-1898-4d39-9072-788c127b1308,C-IkaW1Y9215,,100,,,8,4,0,2,0,0,2,2,0,0,0,0,0,0,0,0,0,0,0,0,0,2,0,0,1500,23/05/2025 17:12,Wet_Season
15683509-36da-49b0-97bd-9c0c2ccdda61,C-IkaMV0R448,100,,,,6,6,0,2,0,0,0,2,0,2,0,0,0,0,0,0,0,0,0,0,0,0,0,0,1500,23/05/2025 17:29,Wet_Season
c963a044-c631-4900-b071-8f95d5c0a56f,C-IkaNGGD717,,100,,,8,4,0,2,0,0,2,2,0,0,0,0,0,0,0,0,0,0,0,0,0,2,0,0,1500,23/05/2025 17:42,Wet_Season
43808e68-7a76-45ff-b103-97fe02098a3b,C-KagSXZHD00,20,,,,4,3,0,0,0,0,0,0,0,0,2,0,0,5,0,0,0,0,2,0,2,0,0,2,0,23/05/2025 17:42,Wet_Season
8c7e3ae9-4312-41db-950f-efc0b427978a,C-KagNLLTX45,20,,,,4,3,0,0,0,0,0,0,0,0,2,0,0,5,0,0,0,0,2,0,2,0,0,2,0,23/05/2025 17:42,Wet_Season
508680fb-6ed7-45f5-8f67-9ba072080d04,C-IkaORDPG17,,100,,,8,4,0,2,0,0,2,2,0,0,0,0,0,0,0,0,0,0,0,0,0,2,0,0,1500,23/05/2025 17:44,Wet_Season
ba6eea01-c2c2-49d9-9152-5493103d5db0,C-IkaVM1ER56,100,,,,6,6,0,2,0,0,0,2,0,2,0,0,0,0,0,0,0,0,0,0,0,0,0,0,1500,23/05/2025 17:45,Wet_Season
764844ac-9cca-4e24-ab10-e0f9eef4fc7c,C-Ika1VZB942,,100,,,8,4,0,2,0,0,2,2,0,0,0,0,0,0,0,0,0,0,0,0,0,2,0,0,1500,23/05/2025 17:48,Wet_Season
c1b261e1-1553-41ec-8738-fba857aebc86,C-Ika5B50O10,,100,,,8,4,0,2,0,0,2,2,0,0,0,0,0,0,0,0,0,0,0,0,0,2,0,0,1500,23/05/2025 17:50,Wet_Season
62412789-fc90-46b4-a54a-d359fd824215,C-IkaJ5XKC03,100,,,,6,6,0,2,0,0,0,2,0,2,0,0,0,0,0,0,0,0,0,0,0,0,0,0,1500,23/05/2025 17:51,Wet_Season
67156698-667b-4518-aac7-068f451613c7,C-IkaOQOU812,,100,,,8,4,0,2,0,0,2,2,0,0,0,0,0,0,0,0,0,0,0,0,0,2,0,0,1500,23/05/2025 17:52,Wet_Season
1843474e-6373-47a5-adb9-3c41b83e0b93,C-IkaTTR3H20,100,,,,6,6,0,2,0,0,0,2,0,2,0,0,0,0,0,0,0,0,0,0,0,0,0,0,1500,23/05/2025 17:54,Wet_Season
94eee370-d239-44a8-827e-65ae22ace34c,C-IkaYLNTO25,100,,,,6,6,0,2,0,0,0,2,0,2,0,0,0,0,0,0,0,0,0,0,0,0,0,0,1500,23/05/2025 17:55,Wet_Season
d1b625ab-85b2-449f-ba06-2d7ce140d29d,C-Ika1TLJT18,,100,,,8,4,0,2,0,0,2,2,0,0,0,0,0,0,0,0,0,0,0,0,0,2,0,0,1500,23/05/2025 17:58,Wet_Season
2bf39305-7ba7-4702-8f9b-85f050fa6adc,C-Ika253OC12,100,,,,6,6,0,2,0,0,0,2,0,2,0,0,0,0,0,0,0,0,0,0,0,0,0,0,1500,23/05/2025 17:59,Wet_Season
fbc5a3c2-d686-4482-9274-c327d8324d21,C-IkaMC7HJ54,,100,,,8,4,0,2,0,0,2,2,0,0,0,0,0,0,0,0,0,0,0,0,0,2,0,0,1500,23/05/2025 18:01,Wet_Season
854f51a7-071f-4f55-99be-26af9c621b0c,C-IkaV59FX19,100,,,,6,6,0,2,0,0,0,2,0,2,0,0,0,0,0,0,0,0,0,0,0,0,0,0,1500,23/05/2025 18:02,Wet_Season
53fdf7fb-628b-4952-af2e-e1f0522772f0,C-IkaNU8P442,,100,,,8,4,0,2,0,0,2,2,0,0,0,0,0,0,0,0,0,0,0,0,0,2,0,0,1500,23/05/2025 18:05,Wet_Season
4138f2f6-9643-4d74-80ce-113806847c56,C-Ika1FE3Q57,100,,,,6,6,0,2,0,0,0,2,0,2,0,0,0,0,0,0,0,0,0,0,0,0,0,0,1500,23/05/2025 18:09,Wet_Season
e481deef-6bf5-45f4-adab-b1677a83f7e9,C-Ika25ACT47,100,,,,6,6,0,2,0,0,0,2,0,2,0,0,0,0,0,0,0,0,0,0,0,0,0,0,1500,23/05/2025 18:10,Wet_Season
cf755371-8466-4800-bc6c-d23a9b00e13c,C-Ika3KFPD41,,100,,,8,4,0,2,0,0,2,2,0,0,0,0,0,0,0,0,0,0,0,0,0,2,0,0,1500,23/05/2025 18:13,Wet_Season
573eb3e6-d2fe-42fe-b823-a8e50451dd70,C-Ika57X2X20,,100,,,8,4,0,2,0,0,2,2,0,0,0,0,0,0,0,0,0,0,0,0,0,2,0,0,1500,23/05/2025 18:14,Wet_Season
33fca73a-008e-484a-a97a-0f2b06496ce3,C-Ika8B1H051,100,,,,6,6,0,2,0,0,0,2,0,2,0,0,0,0,0,0,0,0,0,0,0,0,0,0,1500,23/05/2025 18:16,Wet_Season
a811d71d-4fc9-4b4f-adff-ef09c26fdd3f,C-Ika9MQSF38,,100,,,8,4,0,2,0,0,2,2,0,0,0,0,0,0,0,0,0,0,0,0,0,2,0,0,1500,23/05/2025 18:17,Wet_Season
079753bf-4596-4012-b6eb-268879ebd0ac,C-IkaCHVFW59,100,,,,6,6,0,2,0,0,0,2,0,2,0,0,0,0,0,0,0,0,0,0,0,0,0,0,1500,23/05/2025 18:19,Wet_Season
d687cca2-54b6-4d5f-9e35-4a3b510e2ad7,C-IkaGNKC556,100,,,,6,6,0,2,0,0,0,2,0,2,0,0,0,0,0,0,0,0,0,0,0,0,0,0,1500,23/05/2025 18:20,Wet_Season
1988ff42-5607-4f17-968c-8e088425ae73,C-IkaIVISM29,,100,,,8,4,0,2,0,0,2,2,0,0,0,0,0,0,0,0,0,0,0,0,0,2,0,0,1500,23/05/2025 18:22,Wet_Season
ce85732c-6767-44be-8ff6-b89c9cff68a0,C-IkaKSK6I19,100,,,,6,6,0,2,0,0,0,2,0,2,0,0,0,0,0,0,0,0,0,0,0,0,0,0,1500,23/05/2025 18:23,Wet_Season
ec5a51ca-aa68-4f17-8550-777b9044598e,C-IkaPF1AV37,,100,,,8,4,0,2,0,0,2,2,0,0,0,0,0,0,0,0,0,0,0,0,0,2,0,0,1500,23/05/2025 18:24,Wet_Season
ee84774a-276f-4f41-b215-f1fd79521fa0,C-IkaRC1V856,,100,,,8,4,0,2,0,0,2,2,0,0,0,0,0,0,0,0,0,0,0,0,0,2,0,0,1500,23/05/2025 18:26,Wet_Season
fb781d38-20b8-4719-87c9-cae7eefa2eb3,C-IkaRX1Z823,100,,,,6,6,0,2,0,0,0,2,0,2,0,0,0,0,0,0,0,0,0,0,0,0,0,0,1500,23/05/2025 18:27,Wet_Season
9a475157-0200-4b1c-b336-ce237d35ec42,C-IkaU5Z0I01,,100,,,8,4,0,2,0,0,2,2,0,0,0,0,0,0,0,0,0,0,0,0,0,2,0,0,1500,23/05/2025 18:29,Wet_Season
fdd1d0b8-1297-4cf6-8551-682e72534515,C-IkaX662T18,100,,,,6,6,0,2,0,0,0,2,0,2,0,0,0,0,0,0,0,0,0,0,0,0,0,0,1500,23/05/2025 18:30,Wet_Season
1068233c-5957-41e2-901b-5686d4747644,C-IkaB2H8242,,100,,,8,4,0,2,0,0,2,2,0,0,0,0,0,0,0,0,0,0,0,0,0,2,0,0,1500,23/05/2025 18:36,Wet_Season
81e27f1e-486f-417f-9c5d-7faecfceb2ae,C-IkaDFDOY08,,100,,,8,4,0,2,0,0,2,2,0,0,0,0,0,0,0,0,0,0,0,0,0,2,0,0,1500,23/05/2025 18:38,Wet_Season
9b12478c-80ff-4044-b8c3-81bf49d32040,C-IkaG9VL012,100,,,,6,6,0,2,0,0,0,2,0,2,0,0,0,0,0,0,0,0,0,0,0,0,0,0,1500,23/05/2025 18:39,Wet_Season
04979a9a-bd11-441c-b777-55c071bb799d,C-IkaJX9YP45,100,,,,6,6,0,2,0,0,0,2,0,2,0,0,0,0,0,0,0,0,0,0,0,0,0,0,1500,23/05/2025 18:41,Wet_Season
ed31cd24-865b-4428-88f2-ac72a602848b,C-IkaMNJG142,,100,,,8,4,0,2,0,0,2,2,0,0,0,0,0,0,0,0,0,0,0,0,0,2,0,0,1500,23/05/2025 18:42,Wet_Season
425464ac-1e5d-445e-94f0-65bbe570aa78,C-IkaO1UN559,100,,,,6,6,0,2,0,0,0,2,0,2,0,0,0,0,0,0,0,0,0,0,0,0,0,0,1500,23/05/2025 18:44,Wet_Season
a84a4911-08cf-44f2-af0c-26a06f0c76ee,C-AkaQJEIJ57,20,,,,4,3,0,0,0,0,0,0,0,0,0,0,0,2,0,0,0,0,2,0,0,0,0,2,0,23/05/2025 18:44,Wet_Season
7b7b4b43-9aec-4d4f-b726-0e08ab8817ca,C-Aka2HIHE22,20,,,,4,3,0,0,0,0,0,0,0,0,2,0,0,0,0,0,0,0,2,0,2,0,0,2,0,23/05/2025 18:44,Wet_Season
88dbfdaa-7a41-4874-8789-84d53af6c696,C-Aka5M4B950,20,,,,4,3,0,0,0,0,0,0,0,0,2,0,0,0,0,0,0,0,2,0,2,0,0,2,0,23/05/2025 18:44,Wet_Season
d783456d-d6a8-4bc5-827b-72b9a2a3397c,C-Aka7JAW350,20,,,,4,3,0,0,0,0,0,0,0,0,2,0,0,0,0,0,0,0,2,0,2,0,0,2,0,23/05/2025 18:45,Wet_Season
dac00bf3-9f46-4f90-91d5-9b40c78d44cd,C-Aka9WB0Z37,20,,,,4,3,0,0,0,0,0,0,0,0,2,0,0,0,0,0,0,0,2,0,2,0,0,2,0,23/05/2025 18:45,Wet_Season
222a584e-5de3-4453-98c6-85c789ecdc69,C-Aka9YNL513,20,,,,4,3,0,0,0,0,0,0,0,0,2,0,0,0,0,0,0,0,2,0,2,0,0,2,0,23/05/2025 18:45,Wet_Season
beabf090-2651-43f2-b9bb-f2b742b9d84a,C-AkaBI0S211,20,,,,4,3,0,0,0,0,0,0,0,0,2,0,0,0,0,0,0,0,2,0,2,0,0,2,0,23/05/2025 18:45,Wet_Season
7b46f9ce-e7b4-4a62-80a3-73d17ead9727,C-AkaRD9FK35,20,,,,4,3,0,0,0,0,0,0,0,0,2,0,0,0,0,0,0,0,2,0,2,0,0,2,0,23/05/2025 18:45,Wet_Season
0e202e13-36f8-4399-a17b-fc3ecfa58fdf,C-AkaXUUOM38,20,,,,4,3,0,0,0,0,0,0,0,0,2,0,0,0,0,0,0,0,2,0,2,0,0,2,0,23/05/2025 18:45,Wet_Season
0da617ae-dcb0-42e1-bc85-38cf02d0c4f3,C-AkaYSPEJ37,20,,,,4,3,0,0,0,0,0,0,0,0,2,0,0,0,0,0,0,0,2,0,2,0,0,2,0,23/05/2025 18:45,Wet_Season
e140985f-8c03-4fbe-ad8b-8ede12000e6d,C-AkaXRQBE03,20,,,,4,3,0,0,0,0,0,0,0,0,2,0,0,0,0,0,0,0,2,0,2,0,0,2,0,23/05/2025 18:45,Wet_Season
c8f220ba-74cf-4ad5-92f8-8639ad9c7da8,C-IkaOEMZF27,,100,,,8,4,0,2,0,0,2,2,0,0,0,0,0,0,0,0,0,0,0,0,0,2,0,0,1500,23/05/2025 18:45,Wet_Season
97f1edea-c0a1-41f0-8ede-a223cc75d2dc,C-IkaQDFVW39,,100,,,8,4,0,2,0,0,2,2,0,0,0,0,0,0,0,0,0,0,0,0,0,2,0,0,1500,23/05/2025 18:46,Wet_Season
a34ff2fa-e7f1-4768-9b96-ae154d760470,C-IkaZFK7349,100,,,,6,6,0,2,0,0,0,2,0,2,0,0,0,0,0,0,0,0,0,0,0,0,0,0,1500,23/05/2025 18:48,Wet_Season
9fe69fa5-e217-4e7d-95ee-7d52e4fe9ee2,C-IkaHV6EW53,,100,,,8,4,0,2,0,0,2,2,0,0,0,0,0,0,0,0,0,0,0,0,0,2,0,0,1500,23/05/2025 18:53,Wet_Season
bb08826b-410d-406a-953a-fc68bd3ad76d,C-IkaK6EM538,100,,,,6,6,0,2,0,0,0,2,0,2,0,0,0,0,0,0,0,0,0,0,0,0,0,0,1500,23/05/2025 18:54,Wet_Season
0842bc81-9798-4190-bcab-42f97567a5eb,C-IkaMTLYL25,100,,,,6,6,0,2,0,0,0,2,0,2,0,0,0,0,0,0,0,0,0,0,0,0,0,0,1500,23/05/2025 18:56,Wet_Season
b5f341e5-c5e5-45be-aa8a-9404222509fd,C-IkaP7BQ506,,100,,,8,4,0,2,0,0,2,2,0,0,0,0,0,0,0,0,0,0,0,0,0,2,0,0,1500,23/05/2025 18:58,Wet_Season
68b1158f-0aa9-433f-b0a3-ef657371772f,C-IkaQVFZR21,100,,,,6,6,0,2,0,0,0,2,0,2,0,0,0,0,0,0,0,0,0,0,0,0,0,0,1500,23/05/2025 18:59,Wet_Season
8a9a97f7-4f6d-4d5a-bba9-a0b9ceab71b7,C-IkaS7LOB02,,100,,,8,4,0,2,0,0,2,2,0,0,0,0,0,0,0,0,0,0,0,0,0,2,0,0,1500,23/05/2025 19:01,Wet_Season
b187160a-35bc-4101-953e-fcba21f63c2f,C-IkaADSZH38,,100,,,8,4,0,2,0,0,2,2,0,0,0,0,0,0,0,0,0,0,0,0,0,2,0,0,1500,23/05/2025 19:03,Wet_Season
5c468e27-83a9-4097-8d8b-07ab8aeac670,C-IkaFWS1947,100,,,,6,6,0,2,0,0,0,2,0,2,0,0,0,0,0,0,0,0,0,0,0,0,0,0,1500,23/05/2025 19:04,Wet_Season
3c6e2ca2-7d09-451c-9cb7-4d3f161449cc,C-IkaI8OK750,100,,,,6,6,0,2,0,0,0,2,0,2,0,0,0,0,0,0,0,0,0,0,0,0,0,0,1500,23/05/2025 19:06,Wet_Season
249d3c81-ecd9-415c-87df-ae6b792e00c2,C-IkaN3PGH43,,100,,,8,4,0,2,0,0,2,2,0,0,0,0,0,0,0,0,0,0,0,0,0,2,0,0,1500,23/05/2025 19:07,Wet_Season
1b2d9ea4-60ee-4be8-b2b7-c9ead1d9130d,C-IkaO683856,100,,,,6,6,0,2,0,0,0,2,0,2,0,0,0,0,0,0,0,0,0,0,0,0,0,0,1500,23/05/2025 19:08,Wet_Season
35a67c9b-f4e9-4015-aebe-3465543a4c42,C-IkaX2FXX53,,100,,,8,4,0,2,0,0,2,2,0,0,0,0,0,0,0,0,0,0,0,0,0,2,0,0,1500,23/05/2025 19:10,Wet_Season
5458f548-dc06-4c37-9252-6fb65a06bf30,C-IkaXMBI833,100,,,,6,6,0,2,0,0,0,2,0,2,0,0,0,0,0,0,0,0,0,0,0,0,0,0,1500,23/05/2025 19:12,Wet_Season
c9860029-57ca-4bed-bd71-85a9757b1311,C-IkaDG4QY16,,100,,,8,4,0,2,0,0,2,2,0,0,0,0,0,0,0,0,0,0,0,0,0,2,0,0,1500,23/05/2025 19:16,Wet_Season
4b8659fc-623d-4145-a3c8-18c34eeb0249,C-Ika6J6P540,100,,,,6,6,0,2,0,0,0,2,0,2,0,0,0,0,0,0,0,0,0,0,0,0,0,0,1500,23/05/2025 19:32,Wet_Season
24e1156d-9e20-460b-8933-e52c9b3e977d,C-Ika749OC05,,100,,,8,4,0,2,0,0,2,2,0,0,0,0,0,0,0,0,0,0,0,0,0,2,0,0,1500,23/05/2025 19:33,Wet_Season
f70fb6cf-f3d6-4dc4-bd57-280cedb1e4d7,C-Ika9M91P40,,100,,,8,4,0,2,0,0,2,2,0,0,0,0,0,0,0,0,0,0,0,0,0,2,0,0,1500,23/05/2025 19:35,Wet_Season
189f8fbe-aefc-4b5f-9bac-3e7bae08968c,C-ZanVO2SS55,,50,,,4,3,0,0,0,0,0,0,0,0,0,0,0,0,0,0,0,0,0,2,2,0,0.5,2,0,23/05/2025 19:36,Wet_Season
b7e3bde5-d8c3-4d81-9d90-0732cf01599b,C-ZanDP4EQ30,,50,,,4,3,0,0,0,0,0,0,0,0,0,0,0,0,0,0,0,0,0,2,2,0,0.5,2,0,23/05/2025 19:36,Wet_Season
cef5f17d-d805-4bed-a857-c8d23de7310c,C-IkaADDN639,100,,,,6,6,0,2,0,0,0,2,0,2,0,0,0,0,0,0,0,0,0,0,0,0,0,0,1500,23/05/2025 19:36,Wet_Season
49fd480c-a69c-4538-81b2-2353eefe43e7,C-IkaDK8P115,100,,,,6,6,0,2,0,0,0,2,0,2,0,0,0,0,0,0,0,0,0,0,0,0,0,0,1500,23/05/2025 19:37,Wet_Season
eac60a96-5110-4a6a-bccb-2bcfc29dcc32,C-IkaGY4C153,100,,,,6,6,0,2,0,0,0,2,0,2,0,0,0,0,0,0,0,0,0,0,0,0,0,0,1500,23/05/2025 19:39,Wet_Season
51c30d26-1a4a-46c0-9cde-4146036299b0,C-IkaH2G1D28,,100,,,8,4,0,2,0,0,2,2,0,0,0,0,0,0,0,0,0,0,0,0,0,2,0,0,1500,23/05/2025 19:40,Wet_Season
1d384611-7d20-47cb-92a1-1ac34819da61,C-ZanXB43E52,,50,,,4,3,0,0,0,0,0,0,0,0,0,0,0,0,0,0,0,0,0,2,2,0,0.5,2,0,23/05/2025 19:41,Wet_Season
36869f11-b6a6-4dcf-9796-7bb3ed960689,C-IkaISR7F51,,100,,,8,4,0,2,0,0,2,2,0,0,0,0,0,0,0,0,0,0,0,0,0,2,0,0,1500,23/05/2025 19:42,Wet_Season
3bf272ed-970f-4539-a30d-4b0a266620db,C-IkaKLPK327,,100,,,8,4,0,2,0,0,2,2,0,0,0,0,0,0,0,0,0,0,0,0,0,2,0,0,1500,23/05/2025 19:43,Wet_Season
f5a92587-659f-45a8-adb2-6b7e1409de26,C-IkaN3J1S47,100,,,,6,6,0,2,0,0,0,2,0,2,0,0,0,0,0,0,0,0,0,0,0,0,0,0,1500,23/05/2025 19:44,Wet_Season
8919baf9-9a34-4950-8d0b-6c36b9d6756f,C-IkaNLANN27,,100,,,8,4,0,2,0,0,2,2,0,0,0,0,0,0,0,0,0,0,0,0,0,2,0,0,1500,23/05/2025 19:46,Wet_Season
db27797e-76c0-4528-a854-432c119bdcf6,C-Zan2SMGM09,20,,,,4,3,0,0,0,0,0,0,0,0,2,0,0,5,0,0,0,0,2,0,2,0,0,2,0,23/05/2025 19:47,Wet_Season
6cae359a-0894-44bb-8486-508300adf55a,C-IkaP34MB41,100,,,,6,6,0,2,0,0,0,2,0,2,0,0,0,0,0,0,0,0,0,0,0,0,0,0,1500,23/05/2025 19:47,Wet_Season
ce1b53aa-3208-49d7-802a-507a6271f273,C-Tud3GABO10,100,,,,6,6,0,2,0,0,0,2,0,2,0,0,0,0,0,0,0,0,0,0,0,0,0,0,1.5,23/05/2025 19:49,Wet_Season
32fc8c7d-0d25-4232-a531-9c5c4bf42fe2,C-Tud7EFVE22,,100,,,8,4,0,2,0,0,2,2,0,0,0,0,0,0,0,0,0,0,0,0,0,2,0,0,1.5,23/05/2025 19:49,Wet_Season
b3d50ce5-4b12-45ed-9bf2-4b8b439748f7,C-TudW0HIY20,,100,,,8,4,0,2,0,0,2,2,0,0,0,0,0,0,0,0,0,0,0,0,0,2,0,0,1500,23/05/2025 19:49,Wet_Season
9b4c5eb1-4ebd-4c3a-ac51-88ea94e8d692,C-TudFARC027,100,,,,6,6,0,2,0,0,0,2,0,2,0,0,0,0,0,0,0,0,0,0,0,0,0,0,1500,23/05/2025 19:49,Wet_Season
6bed4c24-81cd-4b5f-8d3c-4223ce0cf34f,C-TudA6YIY32,,100,,,8,4,0,2,0,0,2,2,0,0,0,0,0,0,0,0,0,0,0,0,0,2,0,0,1500,23/05/2025 19:49,Wet_Season
fe70c02a-81e5-4ef9-b3a5-5d2dd7bdb070,C-TudCTRKF15,100,,,,6,6,0,2,0,0,0,2,0,2,0,0,0,0,0,0,0,0,0,0,0,0,0,0,1500,23/05/2025 19:49,Wet_Season
e660d8cf-bd94-498c-8ec4-9e7442ff001a,C-TudD0SPQ03,100,,,,6,6,0,2,0,0,0,2,0,2,0,0,0,0,0,0,0,0,0,0,0,0,0,0,1500,23/05/2025 19:49,Wet_Season
84ca23fe-698a-44fb-8f28-a8a6e8f60638,C-IkaPNAEM54,,100,,,8,4,0,2,0,0,2,2,0,0,0,0,0,0,0,0,0,0,0,0,0,2,0,0,1500,23/05/2025 19:49,Wet_Season
2eaeec07-db0a-4b9d-8a10-52d0ab2b6d88,C-TudDC34O55,,100,,,8,4,0,2,0,0,2,2,0,0,0,0,0,0,0,0,0,0,0,0,0,2,0,0,1500,23/05/2025 19:49,Wet_Season
5f9f616f-3f62-48df-9a79-7d4e99919038,C-TudKEE6R17,100,,,,6,6,0,2,0,0,0,2,0,2,0,0,0,0,0,0,0,0,0,0,0,0,0,0,1500,23/05/2025 19:49,Wet_Season
0ea12ee5-4592-4990-a491-76001003a064,C-TudKO48D54,,100,,,8,4,0,2,0,0,2,2,0,0,0,0,0,0,0,0,0,0,0,0,0,2,0,0,1500,23/05/2025 19:49,Wet_Season
c606eb3d-c199-4f94-8b3f-b38555841a72,C-TudP8ISU18,,100,,,8,4,0,2,0,0,2,2,0,0,0,0,0,0,0,0,0,0,0,0,0,2,0,0,1500,23/05/2025 19:49,Wet_Season
9dfed047-011f-4b87-ae81-f960269a7de5,C-TudRHM8I12,100,,,,6,6,0,2,0,0,0,2,0,2,0,0,0,0,0,0,0,0,0,0,0,0,0,0,1500,23/05/2025 19:49,Wet_Season
8a3114e3-2310-42b5-bb2b-9b03ea60d41a,C-Tud3VVGC21,100,,,,6,6,0,2,0,0,0,2,0,2,0,0,0,0,0,0,0,0,0,0,0,0,0,0,1500,23/05/2025 19:49,Wet_Season
c0e415b7-5add-41cf-aa87-aab285cd7cb6,C-TudIO8LJ04,,100,,,8,4,0,2,0,0,2,2,0,0,0,0,0,0,0,0,0,0,0,0,0,2,0,0,1500,23/05/2025 19:49,Wet_Season
143c7e64-375c-4b78-acd6-6f1fa117e1b1,C-TudKZK2007,,,,,8,4,0,2,0,0,0,2,0,0,0,0,0,0,0,0,0,0,0,0,0,0,0,0,1500,23/05/2025 19:49,Wet_Season
cc7eaebe-27af-4caa-8d5a-16310f8a2c90,C-TudQJX8T20,100,,,,6,6,0,2,0,0,0,2,0,2,0,0,0,0,0,0,0,0,0,0,0,0,0,0,1500,23/05/2025 19:49,Wet_Season
306a3c81-bbf2-40ca-ba25-e2f14b5c5d1a,C-TudSN5XQ41,,100,,,8,4,0,2,0,0,2,2,0,0,0,0,0,0,0,0,0,0,0,0,0,2,0,0,1500,23/05/2025 19:49,Wet_Season
5d74f6bb-3bc0-4dcd-8141-c62ffe3a6c4e,C-TudWSVUC53,100,,,,6,6,0,2,0,0,0,2,0,2,0,0,0,0,0,0,0,0,0,0,0,0,0,0,1500,23/05/2025 19:49,Wet_Season
f3cbfc2b-81b7-43eb-a67b-1c66b6fcc6c0,C-Tud5C64L43,,100,,,8,4,0,2,0,0,2,2,0,0,0,0,0,0,0,0,0,0,0,0,0,2,0,0,1500,23/05/2025 19:50,Wet_Season
7b3c5065-8baa-46eb-b6a6-58f1f0e7ae9d,C-TudI51WQ31,100,,,,6,6,0,2,0,0,0,2,0,2,0,0,0,0,0,0,0,0,0,0,0,0,0,0,1500,23/05/2025 19:50,Wet_Season
6634fffd-052f-4d2f-9132-9fb753022ecd,C-TudLR77652,,100,,,8,4,0,2,0,0,2,2,0,0,0,0,0,0,0,0,0,0,0,0,0,2,0,0,1500,23/05/2025 19:50,Wet_Season
d7010c32-6de1-48b1-9082-c9c0083455e4,C-TudLUWRP15,100,,,,6,6,0,2,0,0,0,2,0,2,0,0,0,0,0,0,0,0,0,0,0,0,0,0,1500,23/05/2025 19:50,Wet_Season
07b0fb0f-a5c9-4ad7-a621-f9e78982e0a4,C-TudMKT2V24,,100,,,8,4,0,2,0,0,2,2,0,0,0,0,0,0,0,0,0,0,0,0,0,2,0,0,1500,23/05/2025 19:50,Wet_Season
a85f6960-2636-462a-8ab9-12c5ab1273f7,C-TudSUXYA40,100,,,,6,6,0,2,0,0,0,2,0,2,0,0,0,0,0,0,0,0,0,0,0,0,0,0,1500,23/05/2025 19:50,Wet_Season
74708e4c-d810-40a0-84e6-01e73c806168,C-TudAJ29Q40,,100,,,8,4,0,2,0,0,2,2,0,0,0,0,0,0,0,0,0,0,0,0,0,2,0,0,1500,23/05/2025 19:50,Wet_Season
7207750e-eec6-422e-b8eb-8b11e58903c2,C-TudFPPUJ16,100,,,,6,6,0,2,0,0,0,2,0,2,0,0,0,0,0,0,0,0,0,0,0,0,0,0,1500,23/05/2025 19:50,Wet_Season
44e26973-45fc-4f4d-91ef-f55b5b9098d2,C-TudUKXY130,100,,,,6,6,0,2,0,0,0,2,0,2,0,0,0,0,0,0,0,0,0,0,0,0,0,0,1500,23/05/2025 19:50,Wet_Season
7ad9cb76-58bd-42c2-93cc-034e81ea3fa0,C-Tud3PZ3521,,100,,,8,4,0,2,0,0,2,2,0,0,0,0,0,0,0,0,0,0,0,0,0,2,0,0,1500,23/05/2025 19:50,Wet_Season
cc11ac83-842a-44cc-9735-dd3a17c3d2e7,C-Tud9CUJP27,,100,,,8,4,0,2,0,0,2,2,0,0,0,0,0,0,0,0,0,0,0,0,0,2,0,0,1500,23/05/2025 19:50,Wet_Season
53b5c009-41fb-4043-bcdf-7cca1792eb71,C-TudVGT0049,100,,,,6,6,0,2,0,0,0,2,0,2,0,0,0,0,0,0,0,0,0,0,0,0,0,0,1500,23/05/2025 19:50,Wet_Season
90a797b3-82ff-49a3-b6e2-40f7f91b7bb3,C-Tud1CAU405,100,,,,6,6,0,2,0,0,0,2,0,2,0,0,0,0,0,0,0,0,0,0,0,0,0,0,1500,23/05/2025 19:50,Wet_Season
f20a3ed5-c06d-44dd-8510-12a985afc395,C-TudPH2SP32,,100,,,8,4,0,2,0,0,2,2,0,0,0,0,0,0,0,0,0,0,0,0,0,2,0,0,1500,23/05/2025 19:50,Wet_Season
4677a6fa-85c2-43fe-b129-f95958019247,C-TudQ9G2233,,100,,,8,4,0,2,0,0,2,2,0,0,0,0,0,0,0,0,0,0,0,0,0,2,0,0,1500,23/05/2025 19:50,Wet_Season
3093c9db-2818-4b05-b9b3-1e58370a2e2f,C-TudYWWTU35,100,,,,6,6,0,2,0,0,0,2,0,2,0,0,0,0,0,0,0,0,0,0,0,0,0,0,1500,23/05/2025 19:50,Wet_Season
2201718c-45ae-46d0-9ccd-382c417b7ef2,C-Tud5GSPC44,100,,,,6,6,0,2,0,0,0,2,0,2,0,0,0,0,0,0,0,0,0,0,0,0,0,0,1500,23/05/2025 19:50,Wet_Season
bdd8d939-8996-41f6-8c0f-ff41e5d04bf7,C-Tud8H08731,,100,,,8,4,0,2,0,0,2,2,0,0,0,0,0,0,0,0,0,0,0,0,0,2,0,0,1500,23/05/2025 19:50,Wet_Season
da53e391-b938-4046-a6b4-cbd827a816ed,C-Tud8L4KK00,100,,,,6,6,0,2,0,0,0,2,0,2,0,0,0,0,0,0,0,0,0,0,0,0,0,0,1500,23/05/2025 19:50,Wet_Season
eb2cb948-3c55-4c16-8705-79e097d3140c,C-TudT89GT01,100,,,,6,6,0,2,0,0,0,0,0,0,0,0,0,0,0,0,0,0,0,0,0,0,0,0,1500,23/05/2025 19:50,Wet_Season
82aa1423-fbcc-4e80-9b44-23c7bdb62b6c,C-TudPV7R800,,100,,,8,4,0,2,0,0,2,2,0,0,0,0,0,0,0,0,0,0,0,0,0,2,0,0,1500,23/05/2025 19:50,Wet_Season
c885a2a6-44a1-4fcd-9a9e-e153c990801f,C-TudO6WLW46,100,,,,6,6,0,2,0,0,0,2,0,2,0,0,0,0,0,0,0,0,0,0,0,0,0,0,1500,23/05/2025 19:50,Wet_Season
287d9a20-ae0a-48f7-b134-b033e2ca8158,C-TudLXUHL23,100,,,,6,6,0,2,0,0,0,2,0,2,0,0,0,0,0,0,0,0,0,0,0,0,0,0,1500,23/05/2025 19:50,Wet_Season
ea173b2b-6b25-4afa-8814-bd560b1cf28d,C-TudJ3LQ515,,100,,,8,4,0,2,0,0,2,2,0,0,0,0,0,0,0,0,0,0,0,0,0,2,0,0,1500,23/05/2025 19:50,Wet_Season
07adf0ba-6fc9-4df2-b7aa-fe565b0a3880,C-TudHJ9IN43,,100,,,8,4,0,2,0,0,2,2,0,0,0,0,0,0,0,0,0,0,0,0,0,2,0,0,1500,23/05/2025 19:50,Wet_Season
b6f2d48c-9ed9-4f79-9a38-bdbaee9b44fa,C-Tud0X9IQ35,100,,,,6,6,0,2,0,0,0,2,0,2,0,0,0,0,0,0,0,0,0,0,0,0,0,0,1500,23/05/2025 19:50,Wet_Season
33928a99-e161-4d32-83c8-26d77e1e3073,C-Tud06V7T31,100,,,,6,6,0,2,0,0,0,2,0,2,0,0,0,0,0,0,0,0,0,0,0,0,0,0,1500,23/05/2025 19:50,Wet_Season
1421dc24-4d0d-40b2-95c0-55431befb68c,C-TudAHZJA19,100,,,,6,6,0,2,0,0,0,2,0,2,0,0,0,0,0,0,0,0,0,0,0,0,0,0,1500,23/05/2025 19:50,Wet_Season
c9f92b00-cf33-4daa-b615-e3b089162c1a,C-ZanRXK2N36,20,,,,4,3,0,0,0,0,0,0,0,0,2,0,0,5,0,0,0,0,2,0,2,0,0,2,0,23/05/2025 19:50,Wet_Season
9304e6ab-2434-4bac-9e77-4838b3117e7f,C-IkaS73L505,100,,,,6,6,0,2,0,0,0,2,0,2,0,0,0,0,0,0,0,0,0,0,0,0,0,0,1500,23/05/2025 19:51,Wet_Season
3895ec1e-2eaf-4550-a359-73f2706a641f,C-IkaTDJCV53,,100,,,8,4,0,2,0,0,2,2,0,0,0,0,0,0,0,0,0,0,0,0,0,2,0,0,1500,23/05/2025 19:52,Wet_Season
4f74a0cb-59f4-427d-9c38-3d927cb4702e,C-IkaX98JV20,100,,,,6,6,0,2,0,0,0,2,0,2,0,0,0,0,0,0,0,0,0,0,0,0,0,0,1500,23/05/2025 19:53,Wet_Season
c7426894-d94c-4aaf-9d55-0a0b171f99ce,C-Gwe0Q99219,,50,,,4,4,0,0,0,0,0,0,0,0,0,0,0,0,0,0,0,0,0,2,0.5,0,125,2,0,23/05/2025 19:54,Wet_Season
767a303b-afac-475f-9568-9153d9256071,C-GweAKQND51,,50,,,4,3,0,0,0,0,0,0,0,0,0,0,0,0,0,0,0,0,0,2,0.5,0,125,2,0,23/05/2025 19:54,Wet_Season
c67afbf0-bf9f-4ab1-b5c0-a9f3c563c5b7,C-GweAYJBK34,,50,,,4,3,0,0,0,0,0,0,0,0,0,0,0,0,0,0,0,0,0,2,0.5,0,125,2,0,23/05/2025 19:54,Wet_Season
75145213-3d01-4278-aa79-7fe2a3266ffb,C-GweJRSP356,,50,,,4,3,0,0,0,0,0,0,0,0,0,0,0,0,0,0,0,0,0,2,0.5,0,125,2,0,23/05/2025 19:54,Wet_Season
9125c1e0-6507-4fb2-a921-93fe2533af40,C-GweKLQQD25,,50,,,4,3,0,0,0,0,0,0,0,0,0,0,0,0,0,0,0,0,0,2,0.5,0,125,2,0,23/05/2025 19:54,Wet_Season
ca517218-bd58-4d69-9148-e99b91e8c330,C-GweR6U5147,,50,,,4,3,0,0,0,0,0,0,0,0,0,0,0,0,0,0,0,0,0,2,0.5,0,125,2,0,23/05/2025 19:54,Wet_Season
f33a75c4-d80c-4be5-91ba-72915f12e79d,C-GweRBT2228,,50,,,4,3,0,0,0,0,0,0,0,0,0,0,0,0,0,0,0,0,0,2,0.5,1,125,2,0,23/05/2025 19:54,Wet_Season
5696fb55-b764-4502-ad77-8cac901ba66d,C-GweUAHJJ06,,50,,,4,3,0,0,0,0,0,0,0,0,0,0,0,0,0,0,0,0,0,2,0.5,0,125,2,0,23/05/2025 19:54,Wet_Season
8dbd367c-6384-4673-a49b-5a4bd85ee9c4,C-GweV5WK529,,50,,,4,3,0,0,0,0,0,0,0,0,0,0,0,0,0,0,0,0,0,2,0.5,0,125,2,0,23/05/2025 19:54,Wet_Season
0a7eecf4-1f02-46a6-b0b1-ae44293283a0,C-GweWNZG210,,50,,,4,3,0,0,0,0,0,0,0,0,0,0,0,0,0,0,0,0,0,2,0.5,0,125,2,0,23/05/2025 19:54,Wet_Season
a5522943-2d54-4a4e-8d7a-bc97c9ed236c,C-GweWT87G05,,50,,,4,3,0,0,0,0,0,0,0,0,0,0,0,0,0,0,0,0,0,2,0.5,0,125,2,0,23/05/2025 19:54,Wet_Season
423a56bc-f64c-43a9-84c0-dd9d78dee6d1,C-GweZH41913,,50,,,4,3,0,0,0,0,0,0,0,0,0,0,0,0,0,0,0,0,0,2,0.5,0,125,2,0,23/05/2025 19:54,Wet_Season
48bbb51e-da2c-4b41-a8cd-40f20c425791,C-Zan3JE7T09,,50,,,4,3,0,0,0,0,0,0,0,0,0,0,0,0,0,0,0,0,0,2,2,0,0.5,2,0,23/05/2025 19:55,Wet_Season
211b69a3-35d9-4ec7-9497-5bda77e8ec78,C-IkaZB0PW49,,100,,,8,4,0,2,0,0,2,2,0,0,0,0,0,0,0,0,0,0,0,0,0,2,0,0,1500,23/05/2025 19:55,Wet_Season
dfee6050-ee43-4afe-a2b7-35531cf55f77,C-IkaDRJAT13,,100,,,8,4,0,2,0,0,2,2,0,0,0,0,0,0,0,0,0,0,0,0,0,2,0,0,1500,23/05/2025 19:57,Wet_Season
2c67036b-7a80-4f4e-8cda-4907580a821d,C-KagAYOQJ17,,50,,,4,3,0,0,0,0,0,0,0,0,0,0,0,0,0,0,0,0,0,2,2,0,125,2,0,23/05/2025 19:57,Wet_Season
6d9c72bd-117e-4f64-9208-c75f6926c36b,C-IkaR5ZML27,,100,,,8,4,0,2,0,0,2,2,0,0,0,0,0,0,0,0,0,0,0,0,0,2,0,0,1500,23/05/2025 19:59,Wet_Season
9f98096f-feb6-4df7-bee0-c8f801d2ed89,C-ZanTAC8742,20,,,,4,3,0,0,0,0,0,0,0,0,2,0,0,5,0,0,0,0,2,0,2,0,0,2,0,23/05/2025 19:59,Wet_Season
c2badbfc-0610-42d3-abcc-dcb0dd8b2916,C-IkaUB77H16,100,,,,6,6,0,2,0,0,0,2,0,2,0,0,0,0,0,0,0,0,0,0,0,0,0,0,1500,23/05/2025 20:00,Wet_Season
37ad9c88-bdd8-420b-8cc1-1fbc34960b6c,C-IkaW817225,100,,,,6,6,0,2,0,0,0,2,0,2,0,0,0,0,0,0,0,0,0,0,0,0,0,0,1500,23/05/2025 20:02,Wet_Season
f96f3cca-a1db-4019-9273-eeec5848b7a4,C-ZanLB0XF32,,50,,,4,3,0,0,0,0,0,0,0,0,0,0,0,0,0,0,0,0,0,2,2,0,2,2,0,23/05/2025 20:03,Wet_Season
3777b500-ed6d-43a5-8bd2-c23be9238a84,C-ZanDJDVK37,,50,,,4,3,0,0,0,0,0,0,0,0,0,0,0,0,0,0,0,0,0,2,2,0,5,2,0,23/05/2025 20:05,Wet_Season
bb58df90-950c-4674-8ecf-4c1d99151904,C-ZanR392A53,20,,,,4,3,0,0,0,0,0,0,0,0,2,0,0,5,0,0,0,0,2,0,2,0,0,2,0,23/05/2025 20:06,Wet_Season
3c0d8eee-f8fe-4680-8d9d-bbab4ceebd9e,C-Zan3MRLU45,,50,,,4,3,0,0,0,0,0,0,0,0,0,0,0,0,0,0,0,0,0,2,2,0,2,2,0,23/05/2025 20:09,Wet_Season
580b0908-78c7-44b5-803a-a43ea39cf349,C-Zan79P3P39,20,,,,4,3,0,0,0,0,0,0,0,0,2,0,0,5,0,0,0,0,2,0,2,0,0,2,0,23/05/2025 20:13,Wet_Season
b48d927d-1463-4cf3-a9e0-98f6feeb1b6b,C-ZanE9BJ148,20,,,,4,3,0,0,0,0,0,0,0,0,2,0,0,5,0,0,0,0,0,0,2,0,0,2,0,23/05/2025 20:14,Wet_Season
ec97b6f5-19c1-4044-a404-72f7641fb071,C-Ika9SJFQ57,,100,,,8,4,0,2,0,0,2,2,0,0,0,0,0,0,0,0,0,0,0,0,0,2,0,0,1500,23/05/2025 20:15,Wet_Season
5ef8d1e1-2000-4284-92d6-7a97dc8c6c21,C-IkaF6R2K58,100,,,,6,6,0,2,0,0,0,2,0,2,0,0,0,0,0,0,0,0,0,0,0,0,0,0,1500,23/05/2025 20:17,Wet_Season
ef0ce0ff-96be-4c6e-96fc-5b5206d7e67f,C-ZanSN48N44,,50,,,4,3,0,0,0,0,0,0,0,0,0,0,0,0,0,0,0,0,0,2,2,0,2,2,0,23/05/2025 20:17,Wet_Season
7ec7487a-ce12-4732-8025-f6456cd884e4,C-IkaTIT1Q44,,100,,,8,4,0,2,0,0,2,2,0,0,0,0,0,0,0,0,0,0,0,0,0,2,0,0,1500,23/05/2025 20:18,Wet_Season
291fa147-1343-4fa3-95b8-6d05b4698c85,C-IkaTYY8L00,,100,,,8,4,0,2,0,0,2,2,0,0,0,0,0,0,0,0,0,0,0,0,0,2,0,0,1500,23/05/2025 20:20,Wet_Season
cce3a0a3-a12f-47ed-bf1e-d5d55735c13e,C-IkaZ8I5P49,100,,,,6,6,0,2,0,0,0,2,0,2,0,0,0,0,0,0,0,0,0,0,0,0,0,0,1500,23/05/2025 20:21,Wet_Season
1637e448-9616-4b0a-af98-61a2285b6b0d,C-Ika17Y7U40,100,,,,6,6,0,2,0,0,0,2,0,2,0,0,0,0,0,0,0,0,0,0,0,0,0,0,1500,23/05/2025 20:24,Wet_Season
0fb790b0-6985-4ff7-b35f-544178009aee,C-Ika4FIMF08,,100,,,8,4,0,2,0,0,2,2,0,0,0,0,0,0,0,0,0,0,0,0,0,2,0,0,1500,23/05/2025 20:25,Wet_Season
32223222-6d15-4e15-970d-e3860757eba8,C-ZanR9WBI43,20,,,,4,3,0,0,0,0,0,0,0,0,2,0,0,5,0,0,0,0,0,0,2,0,0,2,0,23/05/2025 20:25,Wet_Season
48a32f6c-153c-48bb-a83c-2054cf3166bc,C-Ika7092259,,100,,,8,4,0,2,0,0,2,2,0,0,0,0,0,0,0,0,0,0,0,0,0,2,0,0,1500,23/05/2025 20:27,Wet_Season
fdd04a30-1e4c-4f25-8ffc-61c37b1f3fb5,C-Ika73VG016,,100,,,8,4,0,2,0,0,2,2,0,0,0,0,0,0,0,0,0,0,0,0,0,2,0,0,1500,23/05/2025 20:28,Wet_Season
b4455e19-4ef7-4a52-b119-f4da194cd63d,C-IkaFSFW032,,100,,,8,4,0,2,0,0,2,2,0,0,0,0,0,0,0,0,0,0,0,0,0,2,0,0,1500,23/05/2025 20:29,Wet_Season
a5c95d6a-df5b-43c7-9e89-98073c89448b,C-IkaJFDE527,,100,,,8,4,0,2,0,0,2,2,0,0,0,0,0,0,0,0,0,0,0,0,0,2,0,0,1500,23/05/2025 20:31,Wet_Season
b16cfe1f-30d3-4551-9b03-45b06b1fe3a2,C-Zan78D4L12,,50,,,4,3,0,0,0,0,0,0,0,0,0,0,0,0,0,0,0,0,0,5,2,0,5,2,0,23/05/2025 20:32,Wet_Season
8d0f2ba1-2870-42a3-addb-edc1a77f92d3,C-IkaOPC0E16,,100,,,8,4,0,2,0,0,2,2,0,0,0,0,0,0,0,0,0,0,0,0,0,2,0,0,1500,23/05/2025 20:32,Wet_Season
e6133402-41d6-4b0d-992f-726a68ae7115,C-IkaPSQ3L13,100,,,,6,6,0,2,0,0,0,2,0,2,0,0,0,0,0,0,0,0,0,0,0,0,0,0,1500,23/05/2025 20:34,Wet_Season
ae01ba45-1670-406f-a7aa-8dd4add08db5,C-IkaS1YSE15,100,,,,6,6,0,2,0,0,0,2,0,2,0,0,0,0,0,0,0,0,0,0,0,0,0,0,1500,23/05/2025 20:35,Wet_Season
c61fdfff-9624-477a-8e30-a6ebf801165e,C-IkaTB7J412,,100,,,8,4,0,2,0,0,2,2,0,0,0,0,0,0,0,0,0,0,0,0,0,2,0,0,1500,23/05/2025 20:36,Wet_Season
953f18c7-8c23-4722-8035-9700977589ae,C-ZanTOAR643,20,,,,4,3,0,0,0,0,0,0,0,0,2,0,0,5,0,0,0,0,0,0,2,0,0,2,0,23/05/2025 20:40,Wet_Season
33c2e293-2530-4b1c-95fc-9615563a5c2e,C-ZanTG7DV48,20,,,,4,3,0,0,0,0,0,0,0,0,2,0,0,5,0,0,0,0,0,0,2,0,0,2,0,23/05/2025 20:45,Wet_Season
3b80c973-5fb3-4339-a404-9512fc775f56,C-Zan8KJQI50,20,,,,4,3,0,0,0,0,0,0,0,0,2,0,0,5,0,0,0,0,0,0,2,0,0,2,0,23/05/2025 20:52,Wet_Season
c74d9c20-a893-46df-9772-78ef0a935f1f,C-ZanFTLFV00,,50,,,4,3,0,0,0,0,0,0,0,0,0,0,0,0,0,0,0,0,0,5,2,0,5,2,0,23/05/2025 20:59,Wet_Season
9f34fb9a-6cae-4eb2-ab03-07493865bb9e,C-NasLFF4221,20,,,,4,3,0,0,0,0,0,0,0,0,2,0,0,0,0,0,0,0,2,0,2,0,0,2,0,23/05/2025 21:11,Wet_Season
1e3ce507-8e78-4091-aaed-a6a9f0608a65,C-Jem9BCNO32,20,,,,4,3,0,0,0,0,0,0,0,0,2,0,0,5,0,0,0,0,2,0,250,0,0,2,0,23/05/2025 22:14,Wet_Season
d92cdd6e-5a0e-4ce2-908c-a05119e2ba5f,C-JemBN0JB04,20,,,,4,3,0,0,0,0,0,0,0,0,2,0,0,5,0,0,0,0,2,0,250,0,0,2,0,23/05/2025 22:22,Wet_Season
6e4cb832-d39b-409b-a82c-b7025411c649,C-JemFKJCT55,20,,,,4,3,0,0,0,0,0,0,0,0,2,0,0,5,0,0,0,0,2,0,250,0,0,2,0,23/05/2025 22:28,Wet_Season
d6caf5e9-4f0a-488d-9ece-33bb8804af3b,C-JemH3RBY02,20,,,,4,3,0,0,0,0,0,0,0,0,2,0,0,5,0,0,0,0,2,0,250,0,0,2,0,23/05/2025 22:35,Wet_Season
1d34e7d8-001a-497c-a0fe-50258f00b1e7,C-JemLP46Q06,20,,,,4,3,0,0,0,0,0,0,0,0,2,0,0,5,0,0,0,0,2,0,250,0,0,2,0,23/05/2025 22:46,Wet_Season
cfcc5193-f286-4eca-9f25-a5c86bf80916,C-JemLXUM834,20,,,,4,3,0,0,0,0,0,0,0,0,2,0,0,5,0,0,0,0,2,0,250,0,0,2,0,23/05/2025 22:54,Wet_Season
ae257cb4-059b-4936-b970-4a3ab8226e10,C-JemVD2BQ00,20,,,,4,3,0,0,0,0,0,0,0,0,2,0,0,5,0,0,0,0,2,0,250,0,0,2,0,23/05/2025 23:00,Wet_Season
605c8bfc-8175-4a88-9f46-90b895e76404,C-JemVRW0I00,20,,,,4,3,0,0,0,0,0,0,0,0,2,0,0,5,0,0,0,0,2,0,250,0,0,2,0,23/05/2025 23:06,Wet_Season
eb1290d4-f6ad-48ba-8ae7-e428d8df9da4,C-JemZJ9A831,20,,,,4,3,0,0,0,0,0,0,0,0,2,0,0,5,0,0,0,0,2,0,250,0,0,2,0,23/05/2025 23:11,Wet_Season
7807fb1e-a1a6-4bcb-abd7-5d85ce58ec54,C-JemH0TKH10,20,,,,4,3,0,0,0,0,0,0,0,0,2,0,0,5,0,0,0,0,2,0,250,0,0,2,0,23/05/2025 23:18,Wet_Season
ac9f2a1d-ed58-40c2-b41a-ab2801ffbbba,C-Gwe5Z68H39,,50,,,4,3,0,0,0,0,0,0,0,0,0,0,0,0,0,0,0,0,0,2,0.5,0,125,2,0,24/05/2025 03:07,Wet_Season
3b339e9d-2882-4cd0-8e27-f83d96a25299,C-GweB25VR35,,50,,,4,3,0,0,0,0,0,0,0,0,0,0,0,0,0,0,0,0,0,2,0.5,0,125,2,0,24/05/2025 04:49,Wet_Season
9ec3f3fe-ea95-4361-9bc3-9c0e79a50206,C-GweEYWO314,,50,,,4,3,0,0,0,0,0,0,0,0,0,0,0,0,0,0,0,0,0,2,0.5,0,125,2,0,24/05/2025 04:56,Wet_Season
d12ab433-8fa4-4a87-896d-e6f00bc5b7bb,C-GweC3VAE34,,50,,,4,3,0,0,0,0,0,0,0,0,0,0,0,0,0,0,0,0,0,2,0.5,0,125,2,0,24/05/2025 05:01,Wet_Season
ac994cc2-6d0b-4fcf-8cfc-0f6b07bdfef2,C-Gwe1CJ0N17,,50,,,4,3,0,0,0,0,0,0,0,0,0,0,0,0,0,0,0,0,0,2,0.5,0,125,2,0,24/05/2025 05:07,Wet_Season
825016d9-ba35-4f76-9661-b260a7d4c0fc,C-GweZ420A28,,50,,,4,3,0,0,0,0,0,0,0,0,0,0,0,0,0,0,0,0,0,2,0.5,0,125,2,0,24/05/2025 05:19,Wet_Season
5e657e09-89b9-4c11-814c-8237205874ab,C-KauG47TM07,20,,,,4,3,0,0,0,0,0,0,0,0,2,0,0,5,0,0,0,0,2,0,250,0,0,2,0,24/05/2025 05:36,Wet_Season
aced9d66-b009-4eb8-82cb-14f0e947cd1e,C-Gwe1DLJH33,,,,,4,3,0,0,0,0,0,0,0,0,0,0,0,0,0,0,0,0,0,2,0.5,0,125,2,0,24/05/2025 05:40,Wet_Season
d553b641-7114-46a6-b576-4cdfb617637c,C-GweHY1XN34,,50,,,4,3,0,0,0,0,0,0,0,0,0,0,0,0,0,0,0,0,0,2,0.5,0,125,2,0,24/05/2025 05:48,Wet_Season
4e2e29f5-1958-4cbc-bf9d-0a3057c2621e,C-KauO2HG541,20,,,,4,3,0,0,0,0,0,0,0,0,2,0,0,5,0,0,0,0,2,0,250,0,0,2,0,24/05/2025 05:48,Wet_Season
9cf04ea4-a7ba-419f-9ed8-a5764ec69d09,C-GweX8QJP26,,50,,,4,3,0,0,0,0,0,0,0,0,0,0,0,0,0,0,0,0,0,2,0.5,0,125,2,0,24/05/2025 05:53,Wet_Season
298be680-c8ce-4171-b526-8f4380657bdf,C-KauI4IAM20,20,,,,4,3,0,0,0,0,0,0,0,0,2,0,0,5,0,0,0,0,2,0,250,0,0,2,0,24/05/2025 05:56,Wet_Season
520e4f04-d0c4-4963-bf17-e2c98e089c0d,C-GweZ3G8348,,50,,,4,3,0,0,0,0,0,0,0,0,0,0,0,0,0,0,0,0,0,2,0.5,0,125,2,0,24/05/2025 06:01,Wet_Season
a11f940f-0c5e-4e3f-858b-9da85f993309,C-KauZ00IS38,,50,,,4,3,0,0,0,0,0,0,0,0,0,0,0,0,0,0,0,0,0,2,2,0,5,2,0,24/05/2025 06:04,Wet_Season
dd572832-cf66-4be2-8b76-0e1f78424af6,C-GweDO2RC42,,50,,,4,3,0,0,0,0,0,0,0,0,0,0,0,0,0,0,0,0,0,2,0.5,0,125,2,0,24/05/2025 06:08,Wet_Season
d17ca678-fdad-43b3-8c79-1f4c057722a6,C-KauWAAPH11,,50,,,4,3,0,0,0,0,0,0,0,0,0,0,0,0,0,0,0,0,0,2,2,0,5,2,0,24/05/2025 06:08,Wet_Season
b49c73b3-d9a8-458c-93da-0fc634a492c4,C-KagC46BA44,20,,,,4,3,0,0,0,0,0,0,0,0,2,0,0,5,0,0,0,0,2,0,2,0,0,2,0,24/05/2025 06:49,Wet_Season
850f2989-286a-4b1a-b47e-407d69257390,C-KagB2NG928,20,,,,4,3,0,0,0,0,0,0,0,0,2,0,0,5,0,0,0,0,2,0,2,0,0,2,0,24/05/2025 06:56,Wet_Season
1c943fd8-9c27-4dbe-bd22-0b223ead09e2,C-KagJSAP016,20,,,,4,3,0,0,0,0,0,0,0,0,2,0,0,5,0,0,0,0,2,0,2,0,0,2,0,24/05/2025 07:00,Wet_Season
cb06627b-9b55-44db-9fb4-273a01d2a353,C-Kag27E2W55,20,,,,4,3,0,0,0,0,0,0,0,0,2,0,0,5,0,0,0,0,2,0,2,0,0,2,0,24/05/2025 07:05,Wet_Season
e68ae813-211a-482c-96ae-76d937d11a5b,C-Kag2APHJ29,20,,,,4,3,0,0,0,0,0,0,0,0,2,0,0,5,0,0,0,0,2,0,2,0,0,2,0,24/05/2025 07:12,Wet_Season
e8feb149-2278-4dce-8ac9-3b1c26c831b0,C-Kag8LNID08,20,,,,4,3,0,0,0,0,0,0,0,0,2,0,0,5,0,0,0,0,2,0,2,0,0,2,0,24/05/2025 07:16,Wet_Season
e49c5082-1aa6-467f-b35f-eeaf17eb592e,C-Kag5YYUI48,20,,,,4,3,0,0,0,0,0,0,0,0,2,0,0,5,0,0,0,0,2,0,2,0,0,2,0,24/05/2025 07:21,Wet_Season
59135dc7-c09e-4d77-8ab4-a0c1d932870e,C-ZanS33VI30,50,,,,4,3,0,0,0,0,0,0,0,0,2,0,0,5,0,0,0,0,2,0,2,0,0,2,0,24/05/2025 07:58,Wet_Season
4ce29e9b-02a5-4c50-b7ea-ccd2d965cd4b,C-ZanJGSWH31,,50,,,4,3,0,0,0,0,0,0,0,0,0,0,0,0,0,0,0,0,0,2,2,0,2,2,0,24/05/2025 08:19,Wet_Season
8ea6f517-6971-4023-b8fb-111ee1c89073,C-Zan0YSG304,20,,,,4,3,0,0,0,0,0,0,0,0,2,0,0,5,0,0,0,0,2,0,2,0,0,2,0,24/05/2025 08:25,Wet_Season
8f6eb829-5d61-4a4b-8ff2-f011f7202a82,C-JemQH0XK48,20,,,,4,3,0,0,0,0,0,0,0,0,2,0,0,5,0,0,0,0,2,0,2,0,0,2,0,24/05/2025 08:26,Wet_Season
cccf0801-282b-48bb-be41-fa3d36385969,C-NasWJ2M812,20,,,,4,3,0,0,0,0,0,0,0,0,2,0,0,0,0,0,0,0,2,0,0.5,0,0,2,0,24/05/2025 08:27,Wet_Season
b6f48258-5377-4927-8771-50f543f19d37,C-Nas2BG9L41,20,,,,4,3,0,0,0,0,0,0,0,0,2,0,0,0,0,0,0,0,2,0,0.5,0,0,2,0,24/05/2025 08:27,Wet_Season
7ebaad4e-60b9-400f-a3e3-2be53bbad2e1,C-Nas2XST525,20,,,,4,3,0,0,0,0,0,0,0,0,2,0,0,0,0,0,0,0,2,0,0.5,0,0,2,0,24/05/2025 08:27,Wet_Season
59e2da65-1657-48e8-a720-77c8d75de3af,C-Nas3T51Y01,20,,,,4,3,0,0,0,0,0,0,0,0,2,0,0,0,0,0,0,0,2,0,0.5,0,0,2,0,24/05/2025 08:27,Wet_Season
5c5e772e-fbf7-4f25-aa0a-e95b88d08883,C-Nas3ZS9X57,20,,,,4,3,0,0,0,0,0,0,0,0,2,0,0,0,0,0,0,0,2,0,0.5,0,0,2,0,24/05/2025 08:27,Wet_Season
98c80ba4-3da3-4c7a-a391-64893a33a059,C-NasIVRMB26,20,,,,4,3,0,0,0,0,0,0,0,0,2,0,0,0,0,0,0,0,2,0,0.5,0,0,2,0,24/05/2025 08:27,Wet_Season
0f866f38-2515-47f5-b61b-0bf98726ff0b,C-NasJKNWC12,20,,,,4,3,0,0,0,0,0,0,0,0,2,0,0,0,0,0,0,0,2,0,0.5,0,0,2,0,24/05/2025 08:27,Wet_Season
9844356b-aa7c-46dd-8e26-a80d4a5bb8e5,C-NasMOB8T29,20,,,,4,3,0,0,0,0,0,0,0,0,2,0,0,0,0,0,0,0,2,0,0.5,0,0,2,0,24/05/2025 08:27,Wet_Season
ef88a3a7-7090-446a-a1d1-14d17e81b20c,C-NasNFD1O35,20,,,,4,3,0,0,0,0,0,0,0,0,2,0,0,0,0,0,0,0,2,0,0.5,0,0,2,0,24/05/2025 08:27,Wet_Season
c617124b-3235-4900-9f8c-057b89907d94,C-NasQ3LRT19,20,,,,4,3,0,0,0,0,0,0,0,0,2,0,0,0,0,0,0,0,2,0,0.5,0,0,2,0,24/05/2025 08:27,Wet_Season
5c94d920-7527-4dcc-9f18-ffdd906dea80,C-NasYMWPL32,20,,,,4,3,0,0,0,0,0,0,0,0,2,0,0,0,0,0,0,0,2,0,0.5,0,0,2,0,24/05/2025 08:27,Wet_Season
2badb60f-b406-4ff4-96a9-8d8f92e0713f,C-NasZ2SLX16,20,,,,4,3,0,0,0,0,0,0,0,0,2,0,0,0,0,0,0,0,2,0,0.5,0,0,2,0,24/05/2025 08:27,Wet_Season
378144c9-9105-42b5-82e2-f1c96e05936e,C-ZanJBIRJ00,20,,,,4,3,0,0,0,0,0,0,0,0,2,0,0,5,0,0,0,0,2,0,2,0,0,2,0,24/05/2025 08:31,Wet_Season
f2de346b-1dc6-4bfa-8d17-653650ccebe6,C-JemWMHU038,20,,,,4,3,0,0,0,0,0,0,0,0,2,0,0,5,0,0,0,0,2,0,2,0,0,2,0,24/05/2025 08:32,Wet_Season
85f597ab-a910-4acf-a7d5-22dcfd15fae6,C-ZanA0R8D57,20,,,,4,3,0,0,0,0,0,0,0,0,2,0,0,5,0,0,0,0,2,0,2,0,0,2,0,24/05/2025 08:35,Wet_Season
7e9ce83d-4cb7-4658-bf0c-72098a396384,C-Kau1TOE547,,50,,,4,3,0,0,0,0,0,0,0,0,0,0,0,0,0,0,0,0,0,2,2,0,5,0,0,24/05/2025 08:38,Wet_Season
7e40e737-aaab-467b-b006-2ed3942352de,C-ZanQK6LD37,20,,,,4,3,0,0,0,0,0,0,0,0,2,0,0,5,0,0,0,0,2,0,2,0,0,2,0,24/05/2025 08:43,Wet_Season
fedd8939-f308-4352-b83f-7e0b18a87db1,C-ZanPCH6V46,20,,,,4,3,0,0,0,0,0,0,0,0,2,0,0,5,0,0,0,0,2,0,2,0,0,2,0,24/05/2025 08:48,Wet_Season
e171964e-05fd-421f-b1ee-d9644d88cd12,C-ZanP7SU016,,50,,,4,3,0,0,0,0,0,0,0,0,0,0,0,0,0,0,0,0,0,2,2,0,5,2,0,24/05/2025 08:54,Wet_Season
56a4248f-2771-47a2-8880-faaea4c0eb8f,C-Zan6G91J36,20,,,,4,3,0,0,0,0,0,0,0,0,2,0,0,5,0,0,0,0,2,2,2,0,0,2,0,24/05/2025 08:58,Wet_Season
e06cb072-fc27-4e39-8924-b35353d58fa2,C-AkaZMKVN25,20,,,,4,3,0,0,0,0,0,0,0,0,2,0,0,5,0,0,0,0,2,0,2,0,0,2,0,24/05/2025 09:00,Wet_Season
b5977ace-877f-4deb-8031-38f499d33f35,C-ZanIVTN021,20,,,,4,3,0,0,0,0,0,0,0,0,2,0,0,5,0,0,0,0,2,0,2,0,0,2,0,24/05/2025 09:05,Wet_Season
e1ceb161-166b-441b-9434-9c592aea7bd1,C-ZanJDDL641,20,,,,4,3,0,0,0,0,0,0,0,0,2,0,0,5,0,0,0,0,2,0,2,0,0,2,0,24/05/2025 09:10,Wet_Season
77a03c1f-23c2-4834-b5bc-3c7624544b67,C-AkaU3SV225,20,,,,4,3,0,0,0,0,0,0,0,0,2,0,0,5,0,0,0,0,2,0,2,0,0,2,0,24/05/2025 09:11,Wet_Season
2e245281-6145-4147-aaa9-719fecc4a441,C-Jem43AK705,,50,,,4,3,0,0,0,0,0,0,0,0,0,0,0,0,0,0,0,0,0,2,2,0,5,2,0,24/05/2025 09:12,Wet_Season
aa89aa93-c2c1-41ab-a965-f4e9b263867e,C-Jem6CHIO12,20,,,,4,3,0,0,0,0,0,0,0,0,2,0,0,3,0,0,0,0,2,0,2,0,0,0,0,24/05/2025 09:19,Wet_Season
f3b733b3-c79c-41ce-afcf-f2d8a686821b,C-AkaJM7C645,20,,,,4,3,0,0,0,0,0,0,0,0,2,0,0,5,0,0,0,0,2,0,2,0,0,2,0,24/05/2025 09:19,Wet_Season
313828d7-d110-46c1-94f3-ce0e7a24656e,C-KacUQEPE09,20,,,,4,3,0,0,0,0,0,0,0,0,2,0,0,5,0,0,0,0,2,0,2,0,0,2,0,24/05/2025 09:21,Wet_Season
8bba5693-aaa9-4b6b-af63-4664dda20e88,C-NasIAVAB37,20,,,,4,3,0,0,0,0,0,0,0,0,2,0,0,5,0,0,0,0,2,0,2,0,0,2,0,24/05/2025 09:22,Wet_Season
65d1f010-b4f0-46b2-adff-1a3ebca5001f,C-Nas9HA8637,20,,,,4,3,0,0,0,0,0,0,0,0,2,0,0,5,0,0,0,0,2,0,2,0,0,2,0,24/05/2025 09:22,Wet_Season
92e421e3-3c06-47fc-adf6-8a56f44591bc,C-NasHUYDE09,20,,,,4,3,0,0,0,0,0,0,0,0,2,0,0,5,0,0,0,0,2,0,2,0,0,2,0,24/05/2025 09:22,Wet_Season
65776f8b-a2a4-44c6-b193-94046c70ac20,C-NasHOKTC56,20,,,,4,3,0,0,0,0,0,0,0,0,2,0,0,5,0,0,0,0,2,0,2,0,0,2,0,24/05/2025 09:22,Wet_Season
327688bf-2c18-4a38-b503-80767cabe5ca,C-Nas9JW3121,20,,,,4,3,0,0,0,0,0,0,0,0,2,0,0,5,0,0,0,0,2,0,2,0,0,2,0,24/05/2025 09:22,Wet_Season
4311320d-43f8-47fd-8874-a9aadbab8153,C-NasLDPH109,20,,,,4,3,0,0,0,0,0,0,0,0,2,0,0,5,0,0,0,0,2,0,2,0,0,2,0,24/05/2025 09:22,Wet_Season
60d899c2-2419-497c-8940-b205eda417d5,C-NasAAW8312,20,,,,4,3,0,0,0,0,0,0,0,0,2,0,0,5,0,0,0,0,2,0,2,0,0,2,0,24/05/2025 09:22,Wet_Season
e761c4ef-dc38-45a9-a786-07ea8b6bd4b3,C-Nas5T8Z500,20,,,,4,3,0,0,0,0,0,0,0,0,2,0,0,5,0,0,0,0,2,0,2,0,0,2,0,24/05/2025 09:22,Wet_Season
721c51a0-872d-41ce-b43e-74a5865f5e08,C-NasNU7M605,20,,,,4,3,0,0,0,0,0,0,0,0,2,0,0,5,0,0,0,0,2,0,2,0,0,2,0,24/05/2025 09:22,Wet_Season
bf99ea9a-f7cf-486d-802b-539a0907b815,C-NasHP7LB15,20,,,,4,3,0,0,0,0,0,0,0,0,2,0,0,5,0,0,0,0,2,0,2,0,0,2,0,24/05/2025 09:22,Wet_Season
2ebd821a-e9d7-46f7-8746-e8ad3d9fdd6e,C-JemC4AZ332,,50,,,4,3,0,0,0,0,0,0,0,0,0,0,0,0,0,0,0,0,0,2,2,0,5,2,0,24/05/2025 09:24,Wet_Season
afd73f27-b0a1-4f73-a018-4b1a624c60da,C-Aka8KI5A37,20,,,,4,3,0,0,0,0,0,0,0,0,2,0,0,5,0,0,0,0,2,0,2,0,0,2,0,24/05/2025 09:26,Wet_Season
6203e0f4-31b2-43a1-9456-89de1bc92fae,C-JemDKJAZ51,20,,,,4,3,0,0,0,0,0,0,0,0,2,0,0,3,0,0,0,0,2,0,2,0,0,2,0,24/05/2025 09:33,Wet_Season
850f85dc-9342-4aab-8946-c17ce5ae5bcf,C-AkaV4SUE36,20,,,,4,3,0,0,0,0,0,0,0,0,2,0,0,5,0,0,0,0,2,0,2,0,0,2,0,24/05/2025 09:35,Wet_Season
830d3d48-347d-4e6a-b32a-d424f3f1abce,C-JemL9R4K56,20,,,,4,3,0,0,0,0,0,0,0,0,2,0,0,3,0,0,0,0,2,0,2,0,0,2,0,24/05/2025 09:38,Wet_Season
3d6f7db9-4f8d-4523-a6c3-d3adcbdfe271,C-JemY8SJZ47,20,,,,4,3,0,0,0,0,0,0,0,0,2,0,0,5,0,0,0,0,2,0,2,0,0,2,0,24/05/2025 09:39,Wet_Season
542d7933-1504-4139-8a8d-4ce310b8d8e9,C-Jem4T93M25,20,,,,4,3,0,0,0,0,0,0,0,0,2,0,0,5,0,0,0,0,2,0,2,0,0,2,0,24/05/2025 09:39,Wet_Season
e8a49067-6f56-42eb-bd9a-12595b5bca19,C-JemEAICA21,20,,,,4,3,0,0,0,0,0,0,0,0,2,0,0,5,0,0,0,0,2,0,2,0,0,2,0,24/05/2025 09:39,Wet_Season
6a4091da-4ed5-447e-b48f-4a9223890b4e,C-Jem6YOIV17,20,,,,4,3,0,0,0,0,0,0,0,0,2,0,0,5,0,0,0,0,2,0,2,0,0,2,0,24/05/2025 09:39,Wet_Season
fa8f364f-4a28-401c-8b65-5b6115728f4d,C-JemX57US29,20,,,,4,3,0,0,0,0,0,0,0,0,2,0,0,5,0,0,0,0,2,0,2,0,0,2,0,24/05/2025 09:39,Wet_Season
196717c2-fe00-4a53-9a4a-2695730e88fd,C-JemFUCUQ46,20,,,,4,3,0,0,0,0,0,0,0,0,2,0,0,5,0,0,0,0,2,0,2,0,0,2,0,24/05/2025 09:39,Wet_Season
65b0d61a-ae62-430e-8a53-281dc7ff9df1,C-JemL9KUP31,20,,,,4,3,0,0,0,0,0,0,0,0,2,0,0,5,0,0,0,0,2,0,2,0,0,2,0,24/05/2025 09:39,Wet_Season
35b6a1df-04ea-4aeb-921b-ad3a853a6d28,C-JemYW0I709,20,,,,4,3,0,0,0,0,0,0,0,0,2,0,0,5,0,0,0,0,2,0,2,0,0,2,0,24/05/2025 09:39,Wet_Season
4f4a73e3-ba8c-42dc-826c-01e7d876179e,C-JemB4LMO29,20,,,,4,3,0,0,0,0,0,0,0,0,2,0,0,3,0,0,0,0,2,0,2,0,0,2,0,24/05/2025 09:39,Wet_Season
0e501bd1-1919-4c60-9e44-ae880d4c1bb9,C-JemAOPIC35,20,,,,4,3,0,0,0,0,0,0,0,0,2,0,0,3,0,0,0,0,2,0,2,0,0,2,0,24/05/2025 09:39,Wet_Season
112bfbc5-29a7-4c9c-9871-759e0653ae0e,C-JemJXL3P43,,50,,,4,3,0,0,0,0,0,0,0,0,0,0,0,0,0,0,0,0,0,2,2,0,5,2,0,24/05/2025 09:39,Wet_Season
926bdcc4-65a2-43c1-97b5-141f6fee22bb,C-JemJNFK021,20,,,,4,3,0,0,0,0,0,0,0,0,2,0,0,3,0,0,0,0,2,0,2,0,0,2,0,24/05/2025 09:39,Wet_Season
90bde0fc-6005-4721-8003-4435d735249f,C-JemX9YR134,20,,,,4,3,0,0,0,0,0,0,0,0,2,0,0,3,0,0,0,0,2,0,2,0,0,2,0,24/05/2025 09:39,Wet_Season
4a096c6f-cf89-4d63-a5f8-bd7d6471204b,C-Nas6YBVG38,50,,,,4,3,0,0,0,0,0,0,0,0,2,0,0,5,0,0,0,0,2,0,2,0,0,2,0,24/05/2025 09:40,Wet_Season
9a2cba0b-48bd-4ed4-aa2e-eee0e6090f63,C-JemOVXL556,20,,,,4,3,0,0,0,0,0,0,0,0,2,0,0,3,0,0,0,0,2,0,2,0,0,2,0,24/05/2025 09:42,Wet_Season
29929937-1f40-4fcb-bec5-b37310334489,C-Aka6BEL202,20,,,,4,3,0,0,0,0,0,0,0,0,2,0,0,5,0,0,0,0,2,0,2,0,0,2,0,24/05/2025 09:43,Wet_Season
381f35c5-56af-40c3-9343-05cdf6d6fe26,C-Kau0UWS224,20,,,,4,3,0,0,0,0,0,0,0,0,2,0,0,5,0,0,0,0,2,0,2,0,0,2,0,24/05/2025 09:43,Wet_Season
24c2b965-303f-4def-9269-ac514e0577c5,C-JemV0QA314,20,,,,4,3,0,0,0,0,0,0,0,0,2,0,0,5,0,0,0,0,2,0,2,0,0,2,0,24/05/2025 09:47,Wet_Season
eee6bb61-22fb-497d-a2fc-01a5fcfb6c01,C-JemUMKO055,20,,,,4,3,0,0,0,0,0,0,0,0,2,0,0,3,0,0,0,0,2,0,2,0,0,2,0,24/05/2025 09:47,Wet_Season
209cd129-8f1f-43f4-a2ee-5dae2078b87c,C-AkaBTZD945,20,,,,4,3,0,0,0,0,0,0,0,0,2,0,0,5,0,0,0,0,2,0,2,0,0,2,0,24/05/2025 09:49,Wet_Season
b3d42999-e454-482b-9ed8-9f57a60ef809,C-JemMPIBN07,20,,,,4,3,0,0,0,0,0,0,0,0,2,0,0,3,0,0,0,0,2,0,2,0,0,2,0,24/05/2025 09:50,Wet_Season
39b96062-4244-4b65-aa02-d27d4a16ffc8,C-JahS08V618,,100,,,8,6,0,2,0,0,2,2,0,0,0,0,0,0,0,0,0,0,0,0,0,2,0,0,1500,24/05/2025 09:54,Wet_Season
c7cc6fcf-5090-4836-a8ff-0fc7287fe306,C-JemSIWHN19,,50,,,4,3,0,0,0,0,0,0,0,0,0,0,0,0,0,0,0,0,0,2,2,0,5,2,0,24/05/2025 09:54,Wet_Season
d41401da-2312-48ec-92b9-bb1a534d1b52,C-Kau6MIRS41,20,,,,4,3,0,0,0,0,0,0,0,0,2,0,0,5,0,0,0,0,2,0,2,0,0,2,0,24/05/2025 09:55,Wet_Season
3434244c-2b12-469c-949e-2e65acff3a1d,C-AkaQ9KFM54,20,,,,4,3,0,0,0,0,0,0,0,0,2,0,0,5,0,0,0,0,2,0,2,0,0,2,0,24/05/2025 09:56,Wet_Season
699cd621-b99d-47d7-961e-62ed80db69d8,C-JahSOITE51,,100,,,8,6,0,2,0,0,2,2,0,0,0,0,0,0,0,0,0,0,0,0,0,2,0,0,1500,24/05/2025 09:56,Wet_Season
2f57ef82-a064-4da9-a437-3d372c9a6983,C-JemP185255,,50,,,4,3,0,0,0,0,0,0,0,0,0,0,0,0,0,0,0,0,0,2,2,0,5,2,0,24/05/2025 09:58,Wet_Season
862cd4b9-2e5d-4265-8103-9b807229a6ff,C-JahSWMKH49,,100,,,8,6,0,2,0,0,2,2,0,0,0,0,0,0,0,0,0,0,0,0,0,2,0,0,1500,24/05/2025 09:59,Wet_Season
5a2ed7e3-86b2-49eb-abbf-6f6a16a4e3b9,C-JemZLXCM07,,50,,,4,3,0,0,0,0,0,0,0,0,0,0,0,0,0,0,0,0,0,2,2,0,5,2,0,24/05/2025 10:01,Wet_Season
08e7a876-00f0-4ddc-9d57-1c8f37cdced9,C-JahUAFGR43,,100,,,8,6,0,2,0,0,2,2,0,0,0,0,0,0,0,0,0,0,0,0,0,2,0,0,1500,24/05/2025 10:01,Wet_Season
eb1a272f-a5ae-4564-816c-f3d90d62461e,C-Kau620RJ17,,50,,,4,3,0,0,0,0,0,0,0,0,0,0,0,0,0,0,0,0,0,2,2,0,5,0,0,24/05/2025 10:02,Wet_Season
b6adf355-f9da-4d85-b4c2-6ff8ad8afb1e,C-Aka0I5TC15,20,,,,4,3,0,0,0,0,0,0,0,0,2,0,0,5,0,0,0,0,2,0,2,0,0,2,0,24/05/2025 10:02,Wet_Season
ec2b7891-3f8f-406b-b08d-238c77a11d58,C-JahUDS7E23,,100,,,8,6,0,2,0,0,2,2,0,0,0,0,0,0,0,0,0,0,0,0,0,2,0,0,1500,24/05/2025 10:05,Wet_Season
b373ad40-50e6-4d06-bd8e-abade7c690c7,C-JahUEQ5I16,,100,,,8,6,0,2,0,0,2,2,0,0,0,0,0,0,0,0,0,0,0,0,0,2,0,0,1500,24/05/2025 10:07,Wet_Season
e8a3e709-e90f-43de-8323-fc0332ce8974,C-AkaN7HP233,20,,,,4,3,0,0,0,0,0,0,0,0,2,0,0,5,0,0,0,0,2,0,2,0,0,2,0,24/05/2025 10:07,Wet_Season
2d11af6c-6521-4562-b82f-2547f44e0230,C-JahUZV0Z35,,100,,,8,6,0,2,0,0,2,2,0,0,0,0,0,0,0,0,0,0,0,0,0,2,0,0,1500,24/05/2025 10:10,Wet_Season
e750d733-3d98-4bdb-84a4-87f01468cb3b,C-NasYYWYN14,20,,,,4,3,0,0,0,0,0,0,0,0,2,0,0,5,0,0,0,0,2,0,2,0,0,2,0,24/05/2025 10:12,Wet_Season
19a6762f-a75e-4726-bc10-752694e44446,C-NasDMWRG18,20,,,,4,3,0,0,0,0,0,0,0,0,2,0,0,5,0,0,0,0,2,0,2,0,0,2,0,24/05/2025 10:12,Wet_Season
8887a42e-76ed-4fe2-97ac-ac5e85f99893,C-Nas8WEDW38,20,,,,4,3,0,0,0,0,0,0,0,0,2,0,0,5,0,0,0,0,2,0,2,0,0,2,0,24/05/2025 10:12,Wet_Season
1f7494f1-0718-42f6-a7a2-cde9efe88054,C-NasDXE7Z34,20,,,,4,3,0,0,0,0,0,0,0,0,2,0,0,5,0,0,0,0,2,0,2,0,0,2,0,24/05/2025 10:12,Wet_Season
88265f77-e240-48ec-889c-69eabcebd2c0,C-NasUJMAO27,20,,,,4,3,0,0,0,0,0,0,0,0,2,0,0,5,0,0,0,0,2,0,2,0,0,2,0,24/05/2025 10:12,Wet_Season
fb9d4da8-78f6-4546-a368-67ae83c7a184,C-NasMID8243,20,,,,4,3,0,0,0,0,0,0,0,0,2,0,0,5,0,0,0,0,2,0,2,0,0,2,0,24/05/2025 10:12,Wet_Season
89b04eab-605f-42a4-be3f-44405d7bee73,C-Nas91JK029,20,,,,4,3,0,0,0,0,0,0,0,0,2,0,0,5,0,0,0,0,2,0,2,0,0,2,0,24/05/2025 10:12,Wet_Season
4d03314d-ec29-452a-8b5f-d8c698479f64,C-Nas9RL5O26,20,,,,4,3,0,0,0,0,0,0,0,0,2,0,0,5,0,0,0,0,2,0,2,0,0,2,0,24/05/2025 10:12,Wet_Season
6df33b4c-a5b1-4207-8c0a-49f773734f31,C-NasAVPBD20,20,,,,4,3,0,0,0,0,0,0,0,0,2,0,0,5,0,0,0,0,2,0,2,0,0,2,0,24/05/2025 10:12,Wet_Season
1cc5b3b7-04bc-4ef5-b3cb-7948cdeedb6c,C-Nas8TITW17,20,,,,4,3,0,0,0,0,0,0,0,0,2,0,0,5,0,0,0,0,2,0,2,0,0,2,0,24/05/2025 10:12,Wet_Season
a5d4a3ea-063d-4483-b70f-3ebe0b8a2964,C-NasV2JBW06,20,,,,4,3,0,0,0,0,0,0,0,0,2,0,0,5,0,0,0,0,2,0,2,0,0,2,0,24/05/2025 10:12,Wet_Season
9d2e6145-ea90-42bb-9871-16b18421400e,C-JahUZXYN40,,100,,,8,6,0,2,0,0,2,2,0,0,0,0,0,0,0,0,0,0,0,0,0,2,0,0,1500,24/05/2025 10:13,Wet_Season
def563b3-ac08-4632-82f1-5284728069fc,C-AkaL5O0355,20,,,,4,3,0,0,0,0,0,0,0,0,2,0,0,5,0,0,0,0,2,0,2,0,0,2,0,24/05/2025 10:15,Wet_Season
adb916e0-d397-4172-8dc1-fdaccecb6b0e,C-JahV4BLQ46,,100,,,8,6,0,2,0,0,2,2,0,0,0,0,0,0,0,0,0,0,0,0,0,2,0,0,1500,24/05/2025 10:16,Wet_Season
5a121555-3008-4a2e-a2ed-32b9a5d59af9,C-Kac6FRHD44,20,,,,4,3,0,0,0,0,0,0,0,0,2,0,0,5,0,0,0,0,2,0,2,0,0,2,0,24/05/2025 10:16,Wet_Season
2bce4290-81c2-4259-a072-825d72a52c72,C-KacG2D2H06,20,,,,4,3,0,0,0,0,0,0,0,0,2,0,0,5,0,0,0,0,2,0,2,0,0,2,0,24/05/2025 10:16,Wet_Season
3377a00f-bbd3-432c-bce3-7877af17733e,C-KauBZ2IY12,,50,,,4,3,0,0,0,0,0,0,0,0,0,0,0,0,0,0,0,0,2,0,2,0,0,2,0,24/05/2025 10:18,Wet_Season
0e0e771c-1d30-431d-996d-0657b7688187,C-KauIAKIR35,,50,,,4,3,0,0,0,0,0,0,0,0,0,0,0,0,0,0,0,0,0,2,2,0,5,0,0,24/05/2025 10:18,Wet_Season
76e79215-abfc-4656-b63b-733921278be4,C-JahVKCYS55,,100,,,8,6,0,2,0,0,2,2,0,0,0,0,0,0,0,0,0,0,0,0,0,2,0,0,1500,24/05/2025 10:18,Wet_Season
de7b1f2b-5868-4fd7-95f4-5ef226861c9a,C-JemZC4SH47,20,,,,4,3,0,0,0,0,0,0,0,0,2,0,0,3,0,0,0,0,2,0,2,0,0,2,0,24/05/2025 10:18,Wet_Season
c8fafba1-41e1-4f7c-b31c-fc7587418334,C-JemAM1CM00,,50,,,4,3,0,0,0,0,0,0,0,0,0,0,0,0,0,0,0,0,0,2,2,0,5,2,0,24/05/2025 10:18,Wet_Season
a1979ac3-eadb-4662-baca-2fe979ff831e,C-JemDBUHT11,20,,,,4,3,0,0,0,0,0,0,0,0,2,0,0,3,0,0,0,0,2,0,2,0,0,2,0,24/05/2025 10:18,Wet_Season
8f78ccfb-b01a-4f6f-a502-83f2acd7da89,C-JemH2KKB39,,50,,,4,3,0,0,0,0,0,0,0,0,0,0,0,0,0,0,0,0,0,2,2,0,5,2,0,24/05/2025 10:18,Wet_Season
a9a5060e-e172-448e-a611-7f44d80e072e,C-JemH30V348,,50,,,4,3,0,0,0,0,0,0,0,0,0,0,0,0,0,0,0,0,0,2,2,0,5,2,0,24/05/2025 10:19,Wet_Season
31d248f6-3fb1-4871-89b9-3945707fcfaf,C-JemKEES758,,50,,,4,3,0,0,0,0,0,0,0,0,0,0,0,0,0,0,0,0,0,2,2,0,5,2,0,24/05/2025 10:19,Wet_Season
a64043cb-a520-427f-af12-e304ff64a415,C-KacDXV4449,20,,,,4,3,0,0,0,0,0,0,0,0,2,0,0,5,0,0,0,0,2,0,2,0,0,2,0,24/05/2025 10:20,Wet_Season
aa09fc80-14ad-4ccd-95d5-83f8bc54cdf1,C-KacVTW7351,20,,,,4,3,0,0,0,0,0,0,0,0,2,0,0,5,0,0,0,0,2,0,2,0,0,2,0,24/05/2025 10:23,Wet_Season
10a0a832-0f75-4435-977c-f6a444f246b8,C-KauFVV7603,20,,,,4,3,0,0,0,0,0,0,0,0,2,0,0,5,0,0,0,0,2,0,2,0,0,2,0,24/05/2025 10:25,Wet_Season
78dba845-16e9-4b12-8e07-82437d539fca,C-AkaU271N40,20,,,,4,3,0,0,0,0,0,0,0,0,2,0,0,5,0,0,0,0,2,0,2,0,0,2,0,24/05/2025 10:25,Wet_Season
119ebe09-ef28-44ba-8220-88e54a4b02dc,C-KacOP1V535,20,,,,4,3,0,0,0,0,0,0,0,0,2,0,0,5,0,0,0,0,2,0,2,0,0,2,0,24/05/2025 10:28,Wet_Season
6518cb23-b76e-45fb-a1ef-5e53028f4cea,C-Kac21VWB30,20,,,,4,3,0,0,0,0,0,0,0,0,2,0,0,5,0,0,0,0,2,0,2,0,0,2,0,24/05/2025 10:31,Wet_Season
b793fd08-20ce-4ba4-91ab-f7c831a91c62,C-Kac3AU6H57,20,,,,4,3,0,0,0,0,0,0,0,0,2,0,0,5,0,0,0,0,2,0,2,0,0,2,0,24/05/2025 10:35,Wet_Season
134ed4d9-dfb5-4aa3-a76d-f470dd55e254,C-KauMI0WD08,,50,,,4,3,0,0,0,0,0,0,0,0,0,0,0,0,0,0,0,0,0,2,2,0,5,0,0,24/05/2025 10:36,Wet_Season
4e2cce54-aa41-4561-b827-1fadfb6f51d8,C-KacGFXMV32,20,,,,4,3,0,0,0,0,0,0,0,0,2,0,0,5,0,0,0,0,2,0,2,0,0,2,0,24/05/2025 10:37,Wet_Season
2b8ff8bd-51b3-472d-884b-3460f8858e69,C-JemVRREC07,20,,,,4,3,0,0,0,0,0,0,0,0,2,0,0,3,0,0,0,0,2,0,2,0,0,2,0,24/05/2025 10:37,Wet_Season
47357985-3b52-42ce-8a58-20302038782c,C-NasG6O5922,20,,,,4,3,0,0,0,0,0,0,0,0,2,0,0,5,0,0,0,0,2,0,2,0,0,2,0,24/05/2025 10:38,Wet_Season
fa4fe4bd-6515-4a1a-b142-4dbed0077753,C-NasMPQHR24,20,,,,4,3,0,0,0,0,0,0,0,0,2,0,0,5,0,0,0,0,2,0,2,0,0,2,0,24/05/2025 10:38,Wet_Season
23996a82-93af-44b4-bd02-75e50051d1dd,C-NasZ4QZM36,20,,,,4,3,0,0,0,0,0,0,0,0,2,0,0,5,0,0,0,0,2,0,2,0,0,2,0,24/05/2025 10:38,Wet_Season
c80bfe45-7f32-487b-a62c-9c3d22ea7210,C-Nas6JUWU18,20,,,,4,3,0,0,0,0,0,0,0,0,2,0,0,2,0,0,0,0,2,0,2,0,0,2,0,24/05/2025 10:38,Wet_Season
0a077676-1ae9-413c-a3a6-ad336c2ee2ae,C-NasTFEB621,20,,,,4,3,0,0,0,0,0,0,0,0,2,0,0,5,0,0,0,0,2,0,2,0,0,2,0,24/05/2025 10:38,Wet_Season
6521b92f-a609-4427-9d0d-908f39106540,C-NasW63SH32,20,,,,4,3,0,0,0,0,0,0,0,0,2,0,0,5,0,0,0,0,2,0,2,0,0,2,0,24/05/2025 10:38,Wet_Season
f53c48b0-6945-413a-8c33-a7c0b07af169,C-NasQMIR350,20,,,,4,3,0,0,0,0,0,0,0,0,2,0,0,5,0,0,0,0,2,0,2,0,0,2,0,24/05/2025 10:38,Wet_Season
37f71ec0-3c9d-49f3-a80d-44636ae08ac6,C-NasWDJF835,20,,,,4,3,0,0,0,0,0,0,0,0,2,0,0,5,0,0,0,0,2,0,2,0,0,2,0,24/05/2025 10:38,Wet_Season
974c8899-5a01-43a4-9cdd-0b6f15baed93,C-NasITT7928,20,,,,4,3,0,0,0,0,0,0,0,0,2,0,0,5,0,0,0,0,2,0,2,0,0,2,0,24/05/2025 10:38,Wet_Season
1d871272-482b-4359-ac37-3381c4fdac73,C-NasTL80X31,20,,,,4,4,0,0,0,0,0,0,0,0,2,0,0,2,0,0,0,0,2,0,2,0,0,2,0,24/05/2025 10:38,Wet_Season
9627fa15-dfb9-4a52-908b-9a439841982d,C-NasOPQUC59,20,,,,4,3,0,0,0,0,0,0,0,0,2,0,0,5,0,0,0,0,2,0,2,0,0,2,0,24/05/2025 10:38,Wet_Season
4df44227-be25-436f-b0e9-e388be45de1a,C-KauRREV749,20,,,,4,3,0,0,0,0,0,0,0,0,2,0,0,5,0,0,0,0,2,0,2,0,0,2,0,24/05/2025 10:42,Wet_Season
4dd69de8-10d9-44bf-bd26-ac5270d268d2,C-Kac9QFTB23,20,,,,4,3,0,0,0,0,0,0,0,0,2,0,0,5,0,0,0,0,2,0,2,0,0,2,0,24/05/2025 10:46,Wet_Season
5724a6c6-aae4-4ac3-be98-9dd7fd40f4a4,C-JahJ4FC653,,100,,,8,6,0,0,0,0,2,2,0,0,0,0,0,0,0,0,0,0,0,0,0,2,0,0,1500,24/05/2025 10:47,Wet_Season
0b982d48-ec58-4253-9827-2ec70387e471,C-JahJV6DR50,,100,,,8,6,0,0,0,0,2,2,0,0,0,0,0,0,0,0,0,0,0,0,0,2,0,0,1500,24/05/2025 10:50,Wet_Season
be04ed36-b0a9-445a-a154-c47f8142dcf3,C-KacCSFFR45,,50,,,4,3,0,0,0,0,0,0,0,0,0,0,0,0,0,0,0,0,0,2,2,0,5,2,0,24/05/2025 10:51,Wet_Season
c660257e-1e6c-428c-a25d-7fcf95ef1307,C-JahKI8U946,,100,,,8,6,0,0,0,0,2,2,0,0,0,0,0,0,0,0,0,0,0,0,0,2,0,0,1500,24/05/2025 10:52,Wet_Season
eab8b572-ffa0-400d-8a73-c46e4ed1b0b6,C-KacA4MX724,,50,,,4,3,0,0,0,0,0,0,0,0,0,0,0,0,0,0,0,0,0,2,2,0,5,2,0,24/05/2025 10:54,Wet_Season
64e8f8d2-5f0b-4014-9801-a052b96d8f64,C-JahLRE9S05,,100,,,8,6,0,2,0,0,2,2,0,0,0,0,0,0,0,0,0,0,0,0,0,2,0,0,1500,24/05/2025 10:55,Wet_Season
cdf329d7-8d31-4b26-9fde-1e4626b64ad5,C-JahO1LGJ44,,100,,,8,6,0,2,0,0,2,2,0,0,0,0,0,0,0,0,0,0,0,0,0,2,0,0,1500,24/05/2025 10:58,Wet_Season
978b6f2d-5dd9-48a7-8376-3d1d622b5c8b,C-JahOVLAU55,,100,,,8,6,0,0,0,0,2,2,0,0,0,0,0,0,0,0,0,0,0,0,0,2,0,0,1500,24/05/2025 11:00,Wet_Season
10bf9055-9461-4105-92b8-8cae6213868c,C-JahPZ02510,,,,,8,6,0,2,0,0,2,2,0,0,0,0,0,0,0,0,0,0,0,0,0,2,0,0,1500,24/05/2025 11:03,Wet_Season
b28cb417-1ddf-4fd6-8636-da2e23a22673,C-JahSX3W111,,100,,,8,6,0,2,0,0,2,2,0,0,0,0,0,0,0,0,0,0,0,0,0,2,0,0,1500,24/05/2025 11:07,Wet_Season
e4b66b8a-46f1-4fe4-bf8c-6ab852d8b61c,C-JahT8P3V08,,100,,,8,6,0,2,0,0,2,2,0,0,0,0,0,0,0,0,0,0,0,0,0,2,0,0,1500,24/05/2025 11:10,Wet_Season
10cf0b7c-bcd3-4962-8aa9-ab896e916500,C-JahW6ZBW46,,100,,,8,6,0,2,0,0,2,2,0,0,0,0,0,0,0,0,0,0,0,0,0,2,0,0,1500,24/05/2025 11:13,Wet_Season
0a15303f-ae88-44b1-826f-2c5092567bbb,C-Kau6ERX800,20,,,,4,3,0,0,0,0,0,0,0,0,2,0,0,5,0,0,0,0,2,0,2,0,0,0,0,24/05/2025 11:23,Wet_Season
672b2ba6-f37d-48df-8a39-a757d08c95fd,C-KauZN8XF47,20,,,,4,3,0,0,0,0,0,0,0,0,2,0,0,5,0,0,0,0,2,0,2,0,0,2,0,24/05/2025 11:29,Wet_Season
985a4b76-d934-48e1-a316-0f8cb0ff74bd,C-JemT8VAG04,20,,,,4,3,0,0,0,0,0,0,0,0,2,0,0,3,0,0,0,0,2,0,2,0,0,2,0,24/05/2025 11:30,Wet_Season
4cec60d6-0754-49e2-819b-5c35dc70babc,C-Jem4G56759,20,,,,4,3,0,0,0,0,0,0,0,0,2,0,0,3,0,0,0,0,2,0,2,0,0,2,0,24/05/2025 11:35,Wet_Season
95812ae2-8829-48e4-b0a4-6559f0681ac8,C-KagE7HJM58,,50,,,4,3,0,0,0,0,0,0,0,0,0,0,0,0,0,0,0,0,0,2,2,0,125,2,0,24/05/2025 11:49,Wet_Season
a303cd1d-f942-4512-98d6-8fda1ff970e8,C-JahWA54P49,,100,,,8,6,0,0,0,0,2,2,0,0,0,0,0,0,0,0,0,0,0,0,0,2,0,0,1500,24/05/2025 11:55,Wet_Season
59d85391-5e44-418a-b631-fb034d9f98bf,C-Jah0HGL203,,100,,,8,6,0,0,0,0,2,2,0,0,0,0,0,0,0,0,0,0,0,0,0,2,0,0,1500,24/05/2025 11:57,Wet_Season
415e9dee-5f74-42c0-a15d-3b8e3f3ead55,C-Jah1ID0106,,100,,,8,6,0,0,0,0,2,2,0,0,0,0,0,0,0,0,0,0,0,0,0,2,0,0,1500,24/05/2025 11:59,Wet_Season
f6dd07a3-3753-4510-9710-01363f7ab93e,C-Jah2K3LV10,,100,,,8,6,0,0,0,0,2,2,0,0,0,0,0,0,0,0,0,0,0,0,0,2,0,0,1500,24/05/2025 12:01,Wet_Season
282e7647-c982-4f68-a87b-bdb00868b118,C-Jah4DMRJ51,,100,,,8,6,0,0,0,0,2,2,0,0,0,0,0,0,0,0,0,0,0,0,0,2,0,0,1500,24/05/2025 12:04,Wet_Season
934db566-7fcc-4547-b9a4-288b5dd941f2,C-Jah556Q502,,100,,,8,6,0,0,0,0,2,2,0,0,0,0,0,0,0,0,0,0,0,0,0,2,0,0,1500,24/05/2025 12:06,Wet_Season
be13f835-9bff-48ba-a5ea-8455cd8e673c,C-Jah68P6422,,100,,,8,6,0,0,0,0,2,2,0,0,0,0,0,0,0,0,0,0,0,0,0,2,0,0,1500,24/05/2025 12:08,Wet_Season
b29c1549-8b1f-4dc9-a5b4-0c4b01f44310,C-Jah8ZAQU47,,100,,,8,6,0,0,0,0,2,2,0,0,0,0,0,0,0,0,0,0,0,0,0,2,0,0,1500,24/05/2025 12:11,Wet_Season
0ad9bf76-fcc6-4f27-9d34-92dfce99097e,C-TafUH1BL00,100,,,,6,6,0,2,0,0,0,0,0,2,0,0,0,0,0,0,0,0,0,0,0,0,0,0,1500,24/05/2025 12:11,Wet_Season
edf55319-17f8-4ee4-8d1c-fac1b621a3bf,C-TafAGUHE53,100,,,,6,6,0,2,0,0,0,0,0,2,0,0,0,0,0,0,0,0,0,0,0,0,0,0,1500,24/05/2025 12:11,Wet_Season
5bc5b321-8227-4c9a-a076-e8f4f5b6eec5,C-TafF243303,100,,,,6,6,0,2,0,0,0,0,0,2,0,0,0,0,0,0,0,0,0,0,0,0,0,0,1500,24/05/2025 12:11,Wet_Season
e2a1398e-32b2-4e4a-80ac-edaddf676006,C-Taf5568X41,100,,,,6,6,0,2,0,0,0,0,0,2,0,0,0,0,0,0,0,0,0,0,0,0,0,0,1500,24/05/2025 12:11,Wet_Season
aab82ce2-aa56-44d5-9aa4-09cbdff65da8,C-TafB7S5Q23,100,,,,6,6,0,2,0,0,0,0,0,2,0,0,0,0,0,0,0,0,0,0,0,0,0,0,1500,24/05/2025 12:11,Wet_Season
18e934a4-b6a6-47ad-bca9-af98148cd80f,C-TafBTSS516,100,,,,6,6,0,2,0,0,0,0,0,2,0,0,0,0,0,0,0,0,0,0,0,0,0,0,1500,24/05/2025 12:11,Wet_Season
4696a7d3-e36e-41bc-b6b8-3a75d4b01023,C-TafCYL6746,100,,,,6,6,0,2,0,0,0,0,0,2,0,0,0,0,0,0,0,0,0,0,0,0,0,0,1500,24/05/2025 12:11,Wet_Season
51b80b6e-5ee2-429c-a0a4-23df257456ba,C-TafDY5JQ49,100,,,,6,6,0,2,0,0,0,0,0,2,0,0,0,0,0,0,0,0,0,0,0,0,0,0,1500,24/05/2025 12:11,Wet_Season
ef69fdbe-d375-41cd-af28-a57312cb35b6,C-TafGCHNE09,100,,,,6,6,0,2,0,0,0,0,0,2,0,0,0,0,0,0,0,0,0,0,0,0,0,0,1500,24/05/2025 12:11,Wet_Season
70434c65-bc39-4eec-a8aa-f0a5794d2acf,C-TafJTN7H57,100,,,,6,6,0,2,0,0,0,0,0,2,0,0,0,0,0,0,0,0,0,0,0,0,0,0,1500,24/05/2025 12:11,Wet_Season
6a7d774e-a1ae-4926-bdda-cfad22d208bb,C-TafKO5UZ07,100,,,,6,6,0,2,0,0,0,0,0,2,0,0,0,0,0,0,0,0,0,0,0,0,0,0,1500,24/05/2025 12:11,Wet_Season
c6967f43-da40-4406-86dc-dad0a2d3a2ec,C-TafL9OOQ28,,100,,,8,4,0,2,0,0,2,2,0,0,0,0,0,0,0,0,0,0,0,0,0,2,0,0,1500,24/05/2025 12:11,Wet_Season
395e9f10-3364-4a0d-8cc4-f80482e711d0,C-JahBSHO540,,100,,,8,6,0,0,0,0,2,2,0,0,0,0,0,0,0,0,0,0,0,0,0,2,0,0,1500,24/05/2025 12:13,Wet_Season
df6c6260-1c74-424d-b64a-c8bb877ab4ad,C-JahEEJ7Z23,,100,,,8,6,0,0,0,0,2,2,0,0,0,0,0,0,0,0,0,0,0,0,0,2,0,0,1500,24/05/2025 12:15,Wet_Season
6326fd25-9bbb-40a9-b2a6-a3f10cab2a10,C-JahENK9T44,,100,,,8,6,0,0,0,0,2,2,0,0,0,0,0,0,0,0,0,0,0,0,0,2,0,0,1500,24/05/2025 12:57,Wet_Season
6923bbad-48df-4c08-837d-034e59edd570,C-JahES4WE04,,100,,,8,6,0,0,0,0,2,2,0,0,0,0,0,0,0,0,0,0,0,0,0,2,0,0,1500,24/05/2025 12:59,Wet_Season
eef77f42-7ae5-4120-8277-17d1df1bd160,C-JahIOYPH44,,100,,,8,6,0,0,0,0,2,2,0,0,0,0,0,0,0,0,0,0,0,0,0,2,0,0,1500,24/05/2025 13:01,Wet_Season
a988fe46-e3b5-4286-a929-f4321b6127c7,C-JahKAHE120,,100,,,8,6,0,0,0,0,2,2,0,0,0,0,0,0,0,0,0,0,0,0,0,2,0,0,1500,24/05/2025 13:04,Wet_Season
887e8900-75f2-4c3f-a717-72b326067221,C-JahKGZV050,,100,,,8,6,0,0,0,0,2,2,0,0,0,0,0,0,0,0,0,0,0,0,0,2,0,0,1500,24/05/2025 13:07,Wet_Season
b02da0f8-734d-4074-82d0-f35df934c2d2,C-JahP1XB014,,100,,,8,6,0,0,0,0,2,2,0,0,0,0,0,0,0,0,0,0,0,0,0,2,0,0,1500,24/05/2025 13:09,Wet_Season
15d529d0-ae48-44b9-8174-5e1594faa06d,C-JahR1AER10,,100,,,8,6,0,0,0,0,2,2,0,0,0,0,0,0,0,0,0,0,0,0,0,2,0,0,1500,24/05/2025 13:11,Wet_Season
883fdd4e-7625-4b4c-ac28-9a7b4c3de3eb,C-JahR96TX24,,100,,,8,6,0,0,0,0,2,2,0,0,0,0,0,0,0,0,0,0,0,0,0,2,0,0,1500,24/05/2025 13:13,Wet_Season
7abbbfc0-3326-4d1d-9fd0-aa12554cea44,C-JahS2TW744,,100,,,8,6,0,0,0,0,2,2,0,0,0,0,0,0,0,0,0,0,0,0,0,2,0,0,1500,24/05/2025 13:15,Wet_Season
433ee535-31ce-4c34-aa77-688bdb9a551d,C-JahXBN0Z51,,100,,,8,6,0,0,0,0,2,2,0,0,0,0,0,0,0,0,0,0,0,0,0,2,0,0,1500,24/05/2025 13:17,Wet_Season
3dd288cb-cd67-4d7d-ac8f-4de0d121724c,C-Jah33K4R27,,100,,,8,6,0,0,0,0,2,2,0,0,0,0,0,0,0,0,0,0,0,0,0,2,0,0,1500,24/05/2025 13:19,Wet_Season
b3fec574-5923-4fb2-800c-aae217463a54,C-Jah7694248,,100,,,8,6,0,0,0,0,2,2,0,0,0,0,0,0,0,0,0,0,0,0,0,2,0,0,1500,24/05/2025 13:21,Wet_Season
b328e32c-29ca-46c8-9571-0aa5911ddcf3,C-Jah7SF3O28,,100,,,8,6,0,0,0,0,2,2,0,0,0,0,0,0,0,0,0,0,0,0,0,2,0,0,1500,24/05/2025 13:24,Wet_Season
4d7b4359-f081-4345-b67d-bf7173d56578,C-Jah88OHB46,,100,,,8,6,0,0,0,0,2,2,0,0,0,0,0,0,0,0,0,0,0,0,0,2,0,0,1500,24/05/2025 13:26,Wet_Season
cf2a85f1-ae72-4e94-be69-21f8131336ca,C-Jah8CDS840,,100,,,8,6,0,0,0,0,2,2,0,0,0,0,0,0,0,0,0,0,0,0,0,2,0,0,1500,24/05/2025 13:28,Wet_Season
d865318b-e133-4e59-8d67-b1a7ab37f9ba,C-Jah9BXK330,,100,,,8,6,0,0,0,0,2,2,0,0,0,0,0,0,0,0,0,0,0,0,0,2,0,0,1500,24/05/2025 13:30,Wet_Season
cc89b229-fa38-4474-a9ea-03f3d63bc0ff,C-JahCPKLV43,,100,,,8,6,0,0,0,0,2,2,0,0,0,0,0,0,0,0,0,0,0,0,0,2,0,0,1500,24/05/2025 13:32,Wet_Season
1e4a7bbd-2d88-48d1-b542-5c8fa07f4880,C-JahDG3CS08,,100,,,8,6,0,0,0,0,2,2,0,0,0,0,0,0,0,0,0,0,0,0,0,2,0,0,1500,24/05/2025 13:34,Wet_Season
298facc2-476b-4890-ae7c-06b56ffb4f8a,C-JahGD5XV34,,100,,,8,6,0,0,0,0,2,2,0,0,0,0,0,0,0,0,0,0,0,0,0,2,0,0,1500,24/05/2025 13:36,Wet_Season
702d0fb2-a696-4c0c-96ff-6a5437637656,C-JahIM77839,,100,,,8,6,0,0,0,0,2,2,0,0,0,0,0,0,0,0,0,0,0,0,0,2,0,0,1500,24/05/2025 13:38,Wet_Season
55520e4c-fa4e-41d1-8736-2faee8323f26,C-JahK9VJM02,,100,,,8,6,0,0,0,0,2,2,0,0,0,0,0,0,0,0,0,0,0,0,0,2,0,0,1500,24/05/2025 14:01,Wet_Season
d5e691bb-d783-4566-8bff-7269f4dbf383,C-JahNAGEI56,,100,,,8,6,0,0,0,0,2,2,0,0,0,0,0,0,0,0,0,0,0,0,0,2,0,0,1500,24/05/2025 14:02,Wet_Season
aca58419-8a5e-49a5-9438-67600af17295,C-JahNSH9413,,100,,,8,6,0,0,0,0,2,2,0,0,0,0,0,0,0,0,0,0,0,0,0,2,0,0,1500,24/05/2025 14:05,Wet_Season
b494d355-9ab9-496a-b24b-ada757400724,C-JahPRH1L09,,100,,,8,6,0,0,0,0,2,2,0,0,0,0,0,0,0,0,0,0,0,0,0,2,0,0,1500,24/05/2025 14:07,Wet_Season
cd47bbd4-7a75-4aa5-86b9-c1800b6a59c4,C-JahRT5ID28,,100,,,8,6,0,0,0,0,2,2,0,0,0,0,0,0,0,0,0,0,0,0,0,2,0,0,1500,24/05/2025 14:09,Wet_Season
a8b44378-16ad-42bd-aa57-0334c45babac,C-LafS41Q917,,50,,,4,3,0,0,0,0,0,0,0,0,0,0,0,0,0,0,0,0,0,2,0.5,0,125,2,0,24/05/2025 14:09,Wet_Season
25c0aeb0-7f50-4876-b402-2d520150b35f,C-LafUBOHF57,,50,,,4,3,0,0,0,0,0,0,0,0,0,0,0,0,0,0,0,0,0,2,0.5,0,125,2,0,24/05/2025 14:09,Wet_Season
dedc697d-b723-4ded-a925-d8d149bc2dce,C-LafKHHKG56,,50,,,4,3,0,0,0,0,0,0,0,0,0,0,0,0,0,0,0,0,0,2,0.5,0,125,2,0,24/05/2025 14:09,Wet_Season
b43d3179-30a8-4364-ae84-c7adf1c2e398,C-LafEMXGD13,,50,,,4,3,0,0,0,0,0,0,0,0,0,0,0,0,0,0,0,0,0,2,0.5,0,125,2,0,24/05/2025 14:09,Wet_Season
dcce5267-f320-4b07-af7d-96f3599fab82,C-LafT6J3S20,,50,,,4,3,0,0,0,0,0,0,0,0,0,0,0,0,0,0,0,0,0,2,0.5,0,125,2,0,24/05/2025 14:09,Wet_Season
f7a55901-da3f-4a37-90b7-b25e4757a845,C-LafC2YV236,,50,,,4,3,0,0,0,0,0,0,0,0,0,0,0,0,0,0,0,0,0,2,0.5,0,125,2,0,24/05/2025 14:09,Wet_Season
6d1d8045-7256-4c96-9e34-f85186c472ff,C-Laf0N0L025,,50,,,4,3,0,0,0,0,0,0,0,0,0,0,0,0,0,0,0,0,0,2,0.5,0,125,2,0,24/05/2025 14:09,Wet_Season
3e8fb321-8d04-4779-bc25-eb46d2704b6b,C-Laf3001E47,20,,,,4,3,0,0,0,0,0,0,0,0,2,0,0,5,0,0,0,0,2,0,0.5,0,0,2,0,24/05/2025 14:09,Wet_Season
2ba7e9f1-43c4-4f96-bbee-680a69e0ff80,C-LafP11H356,20,,,,4,3,0,0,0,0,0,0,0,0,2,0,0,5,0,0,0,0,2,0,0.5,0,0,2,0,24/05/2025 14:09,Wet_Season
a67a5024-564a-43e6-8abf-b9ea3c61d9ca,C-LafDMT7L10,20,,,,4,3,0,0,0,0,0,0,0,0,2,0,0,5,0,0,0,0,2,0,0.5,0,0,2,0,24/05/2025 14:09,Wet_Season
01e29288-58ec-4e17-a291-42c6de021fec,C-LafSQKGK12,20,,,,4,3,0,0,0,0,0,0,0,0,2,0,0,5,0,0,0,0,2,0,0.5,0,0,2,0,24/05/2025 14:09,Wet_Season
3c5011b0-b665-4bea-ae4e-e6255f787146,C-Laf769OK53,20,,,,4,3,0,0,0,0,0,0,0,0,2,0,0,5,0,0,0,0,2,0,0.5,0,0,2,0,24/05/2025 14:09,Wet_Season
9be692f3-622e-48a4-af3b-3d0212395b4c,C-JahULZEF08,,100,,,8,6,0,0,0,0,2,2,0,0,0,0,0,0,0,0,0,0,0,0,0,2,0,0,1500,24/05/2025 14:11,Wet_Season
735d35fb-03b0-4cba-85fb-27d152caa72d,C-Jah296Y716,,100,,,8,6,0,0,0,0,2,2,0,0,0,0,0,0,0,0,0,0,0,0,0,2,0,0,1500,24/05/2025 14:13,Wet_Season
a2f4c16d-2483-4de4-a648-9c1196c3b8db,C-Jah318CI10,,100,,,8,6,0,0,0,0,2,2,0,0,0,0,0,0,0,0,0,0,0,0,0,2,0,0,1500,24/05/2025 14:15,Wet_Season
a9a404df-f67d-4753-af9a-3312d2ea3043,C-Jah36R3L33,,100,,,8,6,0,0,0,0,2,2,0,0,0,0,0,0,0,0,0,0,0,0,0,2,0,0,1500,24/05/2025 14:17,Wet_Season
895ec5c2-a626-408f-ad13-948c6a9f9792,C-Nas8TIAY22,20,,,,4,3,0,0,0,0,0,0,0,0,2,0,0,5,0,0,0,0,2,0,0.5,0,0,2,0,24/05/2025 14:19,Wet_Season
5ae08e8a-c1e1-4da8-9634-3e26ec125e63,C-NasMULVV55,20,,,,4,3,0,0,0,0,0,0,0,0,2,0,0,5,0,0,0,0,2,0,0.5,0,0,2,0,24/05/2025 14:19,Wet_Season
1e2c6d4a-0355-45b9-850d-d0c221f8067e,C-NasLQRV240,20,,,,4,3,0,0,0,0,0,0,0,0,2,0,0,5,0,0,0,0,2,0,0.5,0,0,2,0,24/05/2025 14:19,Wet_Season
53e7c320-ae61-46b8-a07c-d47c73e9c290,C-NasTAWNK17,20,,,,4,3,0,0,0,0,0,0,0,0,2,0,0,5,0,0,0,0,2,0,0.5,0,0,2,0,24/05/2025 14:19,Wet_Season
ccc033f7-a1a8-4c71-98ec-bf4d2f25935a,C-Jah3UCAB30,,100,,,8,6,0,0,0,0,2,2,0,0,0,0,0,0,0,0,0,0,0,0,0,2,0,0,1500,24/05/2025 14:19,Wet_Season
af4105f3-9432-4a4c-a255-fbc74792dc11,C-NasAHYD637,20,,,,4,3,0,0,0,0,0,0,0,0,2,0,0,5,0,0,0,0,2,0,0.5,0,0,2,0,24/05/2025 14:19,Wet_Season
51578914-88b4-4503-85a6-441e53e344f0,C-Nas1S8NS02,20,,,,4,3,0,0,0,0,0,0,0,0,2,0,0,5,0,0,0,0,2,0,0.5,0,0,2,0,24/05/2025 14:19,Wet_Season
d8dba491-23d1-4040-88c0-f33600ad5c00,C-Nas2ZYHZ46,20,,,,4,3,0,0,0,0,0,0,0,0,2,0,0,5,0,0,0,0,2,0,0.5,0,0,2,0,24/05/2025 14:20,Wet_Season
d7a9ca39-c245-43fd-a132-1a48d0a94496,C-Nas2NX6626,20,,,,4,3,0,0,0,0,0,0,0,0,2,0,0,5,0,0,0,0,2,0,0.5,0,0,2,0,24/05/2025 14:20,Wet_Season
e78bea99-affa-4f6e-986c-8dafeff72d36,C-NasBGGNJ16,20,,,,4,3,0,0,0,0,0,0,0,0,2,0,0,5,0,0,0,0,2,0,0.5,0,0,2,0,24/05/2025 14:20,Wet_Season
e67ad11f-888e-4da8-b878-25a8fd2019ca,C-NasIDR5B06,20,,,,4,3,0,0,0,0,0,0,0,0,2,0,0,5,0,0,0,0,2,0,0.5,0,0,2,0,24/05/2025 14:20,Wet_Season
2bb08620-3859-4a6e-b332-1ae2f7026cbf,C-NasWYV7M00,20,,,,4,3,0,0,0,0,0,0,0,0,2,0,0,5,0,0,0,0,2,0,0.5,0,0,2,0,24/05/2025 14:20,Wet_Season
46a063e2-f997-4046-a000-b1e99cfb644c,C-NasZOCOD23,20,,,,4,3,0,0,0,0,0,0,0,0,2,0,0,5,0,0,0,0,2,0,0.5,0,0,2,0,24/05/2025 14:20,Wet_Season
db5ca362-d2c8-40f8-978f-a335e4de4135,C-JahC2VC901,,100,,,8,6,0,0,0,0,2,2,0,0,0,0,0,0,0,0,0,0,0,0,0,2,0,0,1500,24/05/2025 14:22,Wet_Season
adae99ee-4d47-441d-a8f4-b56631168e24,C-JahE4ZUH31,,100,,,8,6,0,0,0,0,2,2,0,0,0,0,0,0,0,0,0,0,0,0,0,2,0,0,1500,24/05/2025 14:24,Wet_Season
14cc4de8-d999-4e3d-b0df-466bce2bfb88,C-JahLAQ1M42,,100,,,8,6,0,0,0,0,2,2,0,0,0,0,0,0,0,0,0,0,0,0,0,2,0,0,1500,24/05/2025 14:26,Wet_Season
8a794124-6f7a-416c-b786-49a05313ac65,C-JahPC9J315,,100,,,8,6,0,0,0,0,2,2,0,0,0,0,0,0,0,0,0,0,0,0,0,2,0,0,1500,24/05/2025 14:28,Wet_Season
2d3de758-d267-4a74-8f22-74bac81017fa,C-JahQLCGE57,,100,,,8,6,0,0,0,0,2,2,0,0,0,0,0,0,0,0,0,0,0,0,0,2,0,0,1500,24/05/2025 14:31,Wet_Season
63b6683d-8ad7-4ac0-bafa-5093f9bf0a8f,C-JahQXMIC10,,100,,,8,6,0,0,0,0,2,2,0,0,0,0,0,0,0,0,0,0,0,0,0,2,0,0,1500,24/05/2025 14:34,Wet_Season
9849dc80-14cd-49e7-ba79-3ed0151d59ec,C-JahR8P5357,,100,,,8,6,0,0,0,0,2,2,0,0,0,0,0,0,0,0,0,0,0,0,0,2,0,0,1500,24/05/2025 14:36,Wet_Season
c6b25839-2a8c-48fd-98fe-1abb0db1cfad,C-JahRQH9V48,,100,,,8,6,0,0,0,0,2,2,0,0,0,0,0,0,0,0,0,0,0,0,0,2,0,0,1500,24/05/2025 14:39,Wet_Season
1c0dac09-69c3-4592-af81-965bd9b915dd,C-JahSYY0O23,,100,,,8,6,0,0,0,0,2,2,0,0,0,0,0,0,0,0,0,0,0,0,0,2,0,0,1500,24/05/2025 14:41,Wet_Season
3d8d836f-3493-4905-9d7a-d4a3def5f5d5,C-JahUZFKS08,,100,,,8,6,0,0,0,0,2,2,0,0,0,0,0,0,0,0,0,0,0,0,0,2,0,0,1500,24/05/2025 14:44,Wet_Season
539bd2cd-6049-44c6-9a29-8ac2c4ea57ff,C-MarQ7BYQ37,,50,,,4,3,0,0,0,0,0,0,0,0,0,0,0,0,0,0,0,0,0,2,0.5,0,2500,2,0,24/05/2025 15:00,Wet_Season
8f7fb78a-1d1e-4040-acd8-83cfb97476e1,C-JemSRGPB50,20,,,,4,3,0,0,0,0,0,0,0,0,2,0,0,3,0,0,0,0,2,0,2,0,0,2,0,24/05/2025 15:28,Wet_Season
c5302e18-2f92-4666-bde5-fbe7c160d58d,C-Jem8S44124,20,,,,4,3,0,0,0,0,0,0,0,0,3,0,0,3,0,0,0,0,2,0,2,0,0,2,0,24/05/2025 15:33,Wet_Season
6b258d8e-4ceb-48b8-8491-a85a5bb90cc8,C-JemE0NJM48,20,,,,4,3,0,0,0,0,0,0,0,0,2,0,0,3,0,0,0,0,2,0,2,0,0,2,0,24/05/2025 15:39,Wet_Season
8ace3555-3996-4f4b-8294-71f71c96ca27,C-JemME3AV06,20,,,,4,3,0,0,0,0,0,0,0,0,2,0,0,3,0,0,0,0,2,0,2,0,0,2,0,24/05/2025 15:45,Wet_Season
d3d0d556-0676-4a20-9215-e54ab0a10698,C-JemE365033,20,,,,4,3,0,0,0,0,0,0,0,0,2,0,0,3,0,0,0,0,2,0,2,0,0,2,0,24/05/2025 15:51,Wet_Season
ce1a5fe9-68a0-469d-aa4f-c038b51c39e9,C-Jem6A9JB09,20,,,,4,3,0,0,0,0,0,0,0,0,2,0,0,3,0,0,0,0,2,0,2,0,0,2,0,24/05/2025 15:54,Wet_Season
fd27834a-92ae-4fd6-ac6f-2eae569aebee,C-JemFKIM916,,50,,,4,3,0,0,0,0,0,0,0,0,0,0,0,0,0,0,0,0,0,2,2,0,5,2,0,24/05/2025 16:03,Wet_Season
0b3cdf41-fb20-4b4e-96ff-ffc4982161a4,C-JemTNVKR42,,50,,,4,3,0,0,0,0,0,0,0,0,0,0,0,0,0,0,0,0,0,2,2,0,5,2,0,24/05/2025 16:10,Wet_Season
5846eb09-2513-41b0-b6a9-6b38e64e65a6,C-JemWOCCE56,20,,,,4,3,0,0,0,0,0,0,0,0,2,0,0,5,0,0,0,0,2,0,250,0,0,2,0,24/05/2025 16:12,Wet_Season
664345ae-7e55-4049-921b-d5fecb283ea5,C-JemQ25KR05,20,,,,4,3,0,0,0,0,0,0,0,0,2,0,0,5,0,0,0,0,2,0,250,0,0,2,0,24/05/2025 16:12,Wet_Season
19c37f89-79be-4a3d-a1a6-6a9490e01da3,C-Jem92LHI44,20,,,,4,3,0,0,0,0,0,0,0,0,2,0,0,5,0,0,0,0,2,0,250,0,0,2,0,24/05/2025 16:12,Wet_Season
8c1d42a4-69e5-4669-a78a-a0969c45ee15,C-JemB8D7D26,20,,,,4,3,0,0,0,0,0,0,0,0,2,0,0,5,0,0,0,0,2,0,250,0,0,2,0,24/05/2025 16:12,Wet_Season
c970f43c-04ca-4f86-b425-daddf5ae7594,C-Jem6OSKC25,20,,,,4,3,0,0,0,0,0,0,0,0,2,0,0,5,0,0,0,0,2,0,250,0,0,2,0,24/05/2025 16:12,Wet_Season
c389c741-5886-4338-ba34-00fd6e861563,C-Jem0Q8VS46,20,,,,4,3,0,0,0,0,0,0,0,0,2,0,0,5,0,0,0,0,2,0,250,0,0,2,0,24/05/2025 16:12,Wet_Season
e3195bf5-49b5-4aab-8794-25d368da2e74,C-Jem4ZNL404,20,,,,4,3,0,0,0,0,0,0,0,0,2,0,0,5,0,0,0,0,2,0,250,0,0,2,0,24/05/2025 16:12,Wet_Season
39497bf3-2b88-4548-848d-4751c010509e,C-JemDXIHP56,20,,,,4,3,0,0,0,0,0,0,0,0,2,0,0,5,0,0,0,0,2,0,250,0,0,2,0,24/05/2025 16:12,Wet_Season
c423717a-3032-4cd2-95ac-c444c1a61234,C-JemXDOJ536,20,,,,4,3,0,0,0,0,0,0,0,0,2,0,0,5,0,0,0,0,2,0,250,0,0,2,0,24/05/2025 16:12,Wet_Season
e2dee0d2-793d-40aa-b739-0741e15c057d,C-JemIB50F11,,50,,,4,3,0,0,0,0,0,0,0,0,0,0,0,0,0,0,0,0,0,2,2,0,5,2,0,24/05/2025 16:13,Wet_Season
0b8efcd6-f6df-44ff-ad10-57d45a88e63b,C-ZanE2MMS43,50,,,,4,3,0,0,0,0,0,0,0,0,2,0,0,3,0,0,0,0,0,0,2,0,0,2,0,24/05/2025 16:40,Wet_Season
51933a9f-c368-455a-a096-01e680a2c086,C-Zan3I1HF45,,1,,,4,3,0,0,0,0,0,0,0,0,0,0,0,0,0,0,0,0,0,2,2,0,5,2,0,24/05/2025 16:40,Wet_Season
57f2e1b7-6c13-4f2a-b54d-2dfa7a00f372,C-ZanKHRDF48,,,,,4,3,0,0,0,0,0,0,0,0,2,0,0,3,0,0,0,0,0,0,2,0,0,2,0,24/05/2025 16:40,Wet_Season
e0358807-4ed2-41b1-ae1c-51a6becc6f6f,C-Zan4O4DT51,20,,,,4,3,0,0,0,0,0,0,0,0,2,0,0,5,0,0,0,0,0,0,2,0,0,2,0,24/05/2025 16:40,Wet_Season
7db26a38-a697-42f3-975a-6ee03a855799,C-ZanWNUYE10,20,,,,4,3,0,0,0,0,0,0,0,0,2,0,0,5,0,0,0,0,0,0,2,0,0,2,0,24/05/2025 16:40,Wet_Season
b1d6a32e-d570-4ed5-887d-aeabf70112bb,C-Zan10O7N16,,50,,,4,3,0,0,0,0,0,0,0,0,0,0,0,0,0,0,0,0,0,2,2,0,5,2,0,24/05/2025 16:42,Wet_Season
e42178f8-92d9-4e42-9e7e-a885327e5a60,C-ZanQNVUW01,20,,,,4,3,0,0,0,0,0,0,0,0,2,0,0,5,0,0,0,0,0,0,2,0,0,2,0,24/05/2025 16:42,Wet_Season
1ac56eb4-2762-4940-b9e8-2bd6d4e3dd13,C-Zan9IDFB26,20,,,,4,3,0,0,0,0,0,0,0,0,2,0,0,5,0,0,0,0,0,0,2,0,0,2,0,24/05/2025 16:42,Wet_Season
0e0d4cb0-7ac6-42cf-981e-340554814b41,C-ZanFXO0246,20,,,,4,3,0,0,0,0,0,0,0,0,2,0,0,5,0,0,0,0,0,0,2,0,0,2,0,24/05/2025 16:42,Wet_Season
dbb1612e-ade1-4cea-aa26-5e9a50333ed1,C-ZanEQ57423,20,,,,4,3,0,0,0,0,0,0,0,0,2,0,0,5,0,0,0,0,0,0,2,0,0,2,0,24/05/2025 16:42,Wet_Season
0281cf7c-6caf-4f29-bf97-ae8d85b939f1,C-ZanZ77L220,20,,,,4,3,0,0,0,0,0,0,0,0,2,0,0,5,0,0,0,0,0,0,2,0,0,2,0,24/05/2025 16:42,Wet_Season
62a89594-8b30-4588-8d89-34e7d2bd02ef,C-ZanWJQS136,20,,,,4,3,0,0,0,0,0,0,0,0,2,0,0,5,0,0,0,0,2,0,2,0,0,2,0,24/05/2025 17:26,Wet_Season
d6975a99-2bde-4dcd-9496-51f18310bdfa,C-AkaYFDBN32,20,,,,4,3,0,0,0,0,0,0,0,0,2,0,0,0,0,0,0,0,2,0,2,0,0,2,0,24/05/2025 17:36,Wet_Season
60a2c45f-26be-4bd8-b858-6d00d475a74d,C-AkaPZR8X10,50,,,,4,3,0,0,0,0,0,0,0,0,2,0,0,0,0,0,0,0,2,0,2,0,0,2,0,24/05/2025 17:36,Wet_Season
d2ace0c8-5b4d-4f27-8b07-7ba110a50905,C-Aka8MI3R10,50,,,,4,3,0,0,0,0,0,0,0,0,2,0,0,0,0,0,0,0,2,0,2,0,0,2,0,24/05/2025 17:36,Wet_Season
30385b0c-ba89-4a76-92d1-13b9fb7951d1,C-AkaE2QG706,50,,,,4,3,0,0,0,0,0,0,0,0,2,0,0,0,0,0,0,0,2,0,2,0,0,2,0,24/05/2025 17:36,Wet_Season
21393d50-edb9-4309-814d-de635750f1c4,C-Aka0XJN212,50,,,,4,3,0,0,0,0,0,0,0,0,2,0,0,0,0,0,0,0,2,0,2,0,0,2,0,24/05/2025 17:36,Wet_Season
582c9812-49fc-4297-a853-82b5126d2f4e,C-AkaN595E55,50,,,,4,3,0,0,0,0,0,0,0,0,2,0,0,0,0,0,0,0,2,0,2,0,0,2,0,24/05/2025 17:36,Wet_Season
5cc784a0-f87f-4ae1-bcc2-021cd3344203,C-AkaWJLND20,50,,,,4,3,0,0,0,0,0,0,0,0,2,0,0,0,0,0,0,0,2,0,2,0,0,2,0,24/05/2025 17:36,Wet_Season
618e5095-2bea-414e-acbe-be4c38ac98ea,C-Aka607ZO20,50,,,,4,3,0,0,0,0,0,0,0,0,2,0,0,0,0,0,0,0,2,0,2,0,0,2,0,24/05/2025 17:36,Wet_Season
15566e13-db9e-4528-b7e9-e88daa5756dc,C-Aka2927B28,50,,,,4,3,0,0,0,0,0,0,0,0,2,0,0,0,0,0,0,0,2,0,2,0,0,2,0,24/05/2025 17:36,Wet_Season
3d4fa9e3-5df3-4ade-abcd-e1d6b67e6545,C-AkaU6U7J18,50,,,,4,3,0,0,0,0,0,0,0,0,2,0,0,0,0,0,0,0,2,0,2,0,0,2,0,24/05/2025 17:36,Wet_Season
30d1ff0f-8885-49ca-a3a4-fd51a4d98d8a,C-Aka40LAI13,50,,,,4,3,0,0,0,0,0,0,0,0,2,0,0,0,0,0,0,0,2,0,2,0,0,2,0,24/05/2025 17:36,Wet_Season
45fdf48c-9350-4fe0-97be-a7ae214351ff,C-ZanXP2JF46,20,,,,4,3,0,0,0,0,0,0,0,0,2,0,0,5,0,0,0,0,2,0,2,0,0,2,0,24/05/2025 17:39,Wet_Season
090be4f3-d533-4adb-b635-8c6526c7c4c6,C-ZanMBUBS05,20,,,,4,3,0,0,0,0,0,0,0,0,2,0,0,5,0,0,0,0,2,0,2,0,0,2,0,24/05/2025 17:47,Wet_Season
2ae6526c-d5a7-4c03-b452-04aa3d78a55b,C-ZanF589D56,20,,,,4,3,0,0,0,0,0,0,0,0,2,0,0,5,0,0,0,0,2,0,2,0,0,2,0,24/05/2025 17:55,Wet_Season
bfc57123-2eec-43a4-a123-de22d9c12177,C-ZanZ6JMC08,,50,,,4,3,0,0,0,0,0,0,0,0,0,0,0,0,0,0,0,0,0,2,2,0,2,2,0,24/05/2025 18:10,Wet_Season
f733a74a-02a9-44d4-b265-816c9545ba45,C-Jem09WGF33,20,,,,4,3,0,0,0,0,0,0,0,0,2,0,0,5,0,0,0,0,2,0,2,0,0,2,0,24/05/2025 18:13,Wet_Season
a2a5cee3-747e-4271-94f2-6b3f9435b0ff,C-Jem1LM3929,20,,,,4,3,0,0,0,0,0,0,0,0,2,0,0,5,0,0,0,0,2,0,2,0,0,2,0,24/05/2025 18:13,Wet_Season
d352f9e8-5597-4ee5-9035-885feb7c63e1,C-Jem2YXYE50,20,,,,4,3,0,0,0,0,0,0,0,0,2,0,0,5,0,0,0,0,2,0,2,0,0,2,0,24/05/2025 18:13,Wet_Season
926bae6c-4ff5-48fd-8afa-60709c76aa3e,C-Jem9S0OA40,20,,,,4,3,0,0,0,0,0,0,0,0,2,0,0,5,0,0,0,0,2,0,2,0,0,2,0,24/05/2025 18:13,Wet_Season
f0fa2292-4b4d-4337-9fd2-922327ff6ab1,C-JemB6G5A23,20,,,,4,3,0,0,0,0,0,0,0,0,2,0,0,5,0,0,0,0,2,0,2,0,0,2,0,24/05/2025 18:13,Wet_Season
42cbb025-7037-4fdb-abe2-afc4383f00a8,C-JemELLFR17,20,,,,4,3,0,0,0,0,0,0,0,0,2,0,0,5,0,0,0,0,2,0,2,0,0,2,0,24/05/2025 18:13,Wet_Season
7855c09a-6cc5-4772-8840-b78b7aa234c8,C-JemMVB7H24,20,,,,4,3,0,0,0,0,0,0,0,0,2,0,0,5,0,0,0,0,2,0,2,0,0,2,0,24/05/2025 18:13,Wet_Season
d329ed51-70fd-444e-843b-4f1706fa1d4d,C-JemSOW5T28,20,,,,4,3,0,0,0,0,0,0,0,0,2,0,0,5,0,0,0,0,2,0,2,0,0,2,0,24/05/2025 18:13,Wet_Season
ea540786-136c-42ca-ad74-a1b75ebc039d,C-JemOFH6339,20,,,,4,3,0,0,0,0,0,0,0,0,2,0,0,5,0,0,0,0,2,0,2,0,0,2,0,24/05/2025 18:13,Wet_Season
d065000b-e030-4eb4-872a-9b1c46451a62,C-JemVEVB116,20,,,,4,3,0,0,0,0,0,0,0,0,2,0,0,5,0,0,0,0,2,0,2,0,0,2,0,24/05/2025 18:13,Wet_Season
2e23ed0f-9b5d-452d-be3a-79ce43f8245a,C-JemP458K52,20,,,,4,3,0,0,0,0,0,0,0,0,2,0,0,5,0,0,0,0,2,0,2,0,0,2,0,24/05/2025 18:13,Wet_Season
38526d87-0370-4c48-9b2b-2f90e6462461,C-JemXBYQQ58,20,,,,4,3,0,0,0,0,0,0,0,0,2,0,0,5,0,0,0,0,2,0,2,0,0,2,0,24/05/2025 18:13,Wet_Season
4505c4a9-43ad-43ba-b8e6-a26b820ae59d,C-Zan0F0G714,20,,,,4,3,0,0,0,0,0,0,0,0,2,0,0,5,0,0,0,0,0,0,2,0,0,2,0,24/05/2025 18:17,Wet_Season
88d8d9bf-6bc0-4bc9-bbde-41f8449db2d1,C-ZanWY6IS14,20,,,,4,3,0,0,0,0,0,0,0,0,2,0,0,0,0,0,0,0,2,0,2,0,0,2,0,24/05/2025 18:22,Wet_Season
fb5cf1b3-3e2e-493c-9747-36abcba929c3,C-Zan9OBVX35,20,,,,4,3,0,0,0,0,0,0,0,0,2,0,0,5,0,0,0,0,2,0,2,0,0,2,0,24/05/2025 18:32,Wet_Season
293549fa-1d96-4c88-b5b1-8ab52dd844ea,C-ZanVPRB134,20,,,,4,3,0,0,0,0,0,0,0,0,2,0,0,5,0,0,0,0,2,0,2,0,0,2,0,24/05/2025 18:39,Wet_Season
911e04ca-01a4-42d0-88ca-c922a870ff9d,C-TafN9HRT39,,100,,,8,6,0,2,0,0,2,2,0,0,0,0,0,0,0,0,0,0,0,0,0,2,0,0,1500,24/05/2025 18:41,Wet_Season
f228ec66-4a0e-4b02-95e9-cd39f353cd25,C-TafQOJHX07,,100,,,8,6,0,2,0,0,2,0,0,0,0,0,0,0,0,0,0,0,0,0,0,2,0,0,1500,24/05/2025 18:41,Wet_Season
9aaf6fdf-4f7d-45f5-914a-9aeee2ed6da4,C-TafTW22125,,100,,,8,6,0,2,0,0,2,2,0,0,0,0,0,0,0,0,0,0,0,0,0,2,0,0,1500,24/05/2025 18:41,Wet_Season
6b78369e-06b2-45ad-af15-9ac484edda15,C-TafSTGOI34,,100,,,8,6,0,2,0,0,2,2,0,0,0,0,0,0,0,0,0,0,0,0,0,2,0,0,1500,24/05/2025 18:41,Wet_Season
3a766c33-6b95-4e54-bd92-5c7173865032,C-TafGU46P34,,100,,,8,6,0,2,0,0,2,2,0,0,0,0,0,0,0,0,0,0,0,0,0,2,0,0,1500,24/05/2025 18:41,Wet_Season
52c3d0e5-de67-4f8f-8d88-8c2683345eb6,C-TafI8PDT43,,100,,,8,6,0,2,0,0,2,2,0,0,0,0,0,0,0,0,0,0,0,0,0,2,0,0,1500,24/05/2025 18:41,Wet_Season
b6aba9a9-3810-44e4-aac9-141fc2316990,C-TafM9ZPY21,,100,,,8,6,0,2,0,0,2,2,0,0,0,0,0,0,0,0,0,0,0,0,0,2,0,0,1500,24/05/2025 18:41,Wet_Season
8cc82720-e380-4e3d-9d7b-435d04827f30,C-TafOTS4745,,100,,,8,6,0,2,0,0,2,2,0,0,0,0,0,0,0,0,0,0,0,0,0,2,0,0,1500,24/05/2025 18:41,Wet_Season
f0ac2d40-5222-4220-a263-550d105098f5,C-TafQID2X26,,100,,,8,6,0,2,0,0,2,2,0,0,0,0,0,0,0,0,0,0,0,0,0,2,0,0,1500,24/05/2025 18:42,Wet_Season
c73eedee-587a-446b-9cb6-82c9c3386ccb,C-TafWKSE052,,100,,,8,6,0,2,0,0,2,2,0,0,0,0,0,0,0,0,0,0,0,0,0,2,0,0,1500,24/05/2025 18:42,Wet_Season
b05b3ab7-c4d4-4815-814c-2cc8ab60f243,C-TafDA2HJ35,,100,,,8,6,0,2,0,0,2,2,0,0,0,0,0,0,0,0,0,0,0,0,0,2,0,0,1500,24/05/2025 18:42,Wet_Season
eba2fad2-1d65-4f62-a966-abbb887d3a12,C-Zan30Q7I54,,50,,,4,3,0,0,0,0,0,0,0,0,0,0,0,0,0,0,0,0,0,2,2,0,2,0,0,24/05/2025 18:46,Wet_Season
8561a62c-58e2-41e3-a306-f1fca4879d6c,C-ZanTXRST57,,50,,,4,3,0,0,0,0,0,0,0,0,0,0,0,0,0,0,0,0,0,2,2,0,2,2,0,24/05/2025 18:53,Wet_Season
50ee0b31-ccee-4698-872d-c172b8a9a0f2,C-DomCQXZO06,20,,,,4,3,0,0,0,0,0,0,0,0,2,0,0,0,0,0,0,0,2,0,2,0,0,2,0,24/05/2025 19:00,Wet_Season
5fd31b6f-b244-4ec0-b0b6-84166b18bcef,C-DomP2VB917,20,,,,4,3,0,0,0,0,0,0,0,0,2,0,0,0,0,0,0,0,2,0,2,0,0,2,0,24/05/2025 19:06,Wet_Season
f38dd870-7474-4e9a-95d4-bb614dde3c59,C-DomCUI0839,,50,,,4,3,0,0,0,0,0,0,0,0,0,0,0,0,0,0,0,0,0,2,2,0,1,2,0,24/05/2025 19:16,Wet_Season
93112aa8-dad6-4cac-8b6d-db8fba150bc0,C-DomWUAIH01,20,,,,4,3,0,0,0,0,0,0,0,0,2,0,0,0,0,0,0,0,2,0,2,0,0,2,0,24/05/2025 19:20,Wet_Season
e3464de9-8b78-4600-a357-f69a92fd5a71,C-ZanHFGEQ47,,50,,,4,3,0,0,0,0,0,0,0,0,0,0,0,0,0,0,0,0,0,2,2,0,2,2,0,24/05/2025 19:26,Wet_Season
1794da35-43b0-4cee-b233-65710be6a355,C-DomPSDGH42,,50,,,4,3,0,0,0,0,0,0,0,0,0,0,0,0,0,0,0,0,0,2,2,0,1,2,0,24/05/2025 19:27,Wet_Season
190a03aa-ff37-4c2b-97d5-70fa80aefec6,C-DomLXMLH26,,50,,,4,3,0,0,0,0,0,0,0,0,0,0,0,0,0,0,0,0,0,2,2,0,1,2,0,24/05/2025 19:32,Wet_Season
fd0bc1d7-1e7c-4c43-a81f-d5bdbc853298,C-LafE4YT506,,50,,,4,3,0,0,0,0,0,0,0,0,0,0,0,0,0,0,0,0,0,2,2,0,125,2,0,24/05/2025 19:36,Wet_Season
dab644d0-29db-40da-bc72-40cddde3e3b6,C-Dom5BMI946,20,,,,4,3,0,0,0,0,0,0,0,0,2,0,0,0,0,0,0,0,2,0,2,0,0,2,0,24/05/2025 19:40,Wet_Season
258f29c6-dd16-4963-a663-af61b388d0ef,C-ZanFD1PE53,20,,,,4,3,0,0,0,0,0,0,0,0,2,0,0,5,0,0,0,0,0,0,2,0,0,2,0,24/05/2025 19:40,Wet_Season
548eede2-8585-4660-8ee2-edef183e43ca,C-Jem7979J50,20,,,,4,3,0,0,0,0,0,0,0,0,2,0,0,5,0,0,0,0,2,0,2,0,0,2,0,24/05/2025 19:41,Wet_Season
9e5d7112-33d5-4d67-937b-e17b4bc06895,C-Dom0NRKF04,,50,,,4,3,0,0,0,0,0,0,0,0,0,0,0,0,0,0,0,0,0,2,2,0,1,2,0,24/05/2025 19:45,Wet_Season
297ffc3a-0484-42b0-8a5a-b4ea520b3bbd,C-DomLZD6938,,50,,,4,3,0,0,0,0,0,0,0,0,0,0,0,0,0,0,0,0,0,2,2,0,1,2,0,24/05/2025 19:50,Wet_Season
14004d9b-e66a-4d34-928f-78b2f9b767d0,C-JahW6MZ318,,100,,,8,6,0,0,0,0,2,2,0,0,0,0,0,0,0,0,0,0,0,0,0,2,0,0,1500,24/05/2025 19:52,Wet_Season
9c1955f6-25c8-4040-9706-dc208d660857,C-ZanOB9OB12,20,,,,4,3,0,0,0,0,0,0,0,0,2,0,0,5,0,0,0,0,0,0,2,0,0,5,0,24/05/2025 19:53,Wet_Season
c7343f35-8406-4bb3-b415-b037a15afa54,C-Dom4YQN039,20,,,,4,3,0,0,0,0,0,0,0,0,2,0,0,0,0,0,0,0,2,0,2,0,0,2,0,24/05/2025 19:54,Wet_Season
159011df-27a7-4c05-9c67-9a39515c2aeb,C-JahXB30Q32,,100,,,8,6,0,0,0,0,2,2,0,0,0,0,0,0,0,0,0,0,0,0,0,2,0,0,1500,24/05/2025 19:55,Wet_Season
bb43d160-fae4-4fd0-9737-a3debb214115,C-Jah516PW49,,100,,,8,6,0,0,0,0,2,2,0,0,0,0,0,0,0,0,0,0,0,0,0,2,0,0,1500,24/05/2025 19:57,Wet_Season
1a5309e1-2c1c-4646-b7b5-970ffda73618,C-DomL7ZWU50,,50,,,4,3,0,0,0,0,0,0,0,0,0,0,0,0,0,0,0,0,0,2,2,0,1,2,0,24/05/2025 19:57,Wet_Season
8b65fff1-6569-4853-a490-221105ab1f5a,C-Zan0FORX07,20,,,,4,3,0,0,0,0,0,0,0,0,2,0,0,5,0,0,0,0,0,0,2,0,0,2,0,24/05/2025 19:59,Wet_Season
38425d64-7428-4e53-96d8-c1c8c71afc66,C-Jah7DDVY21,,100,,,8,6,0,0,0,0,2,2,0,0,0,0,0,0,0,0,0,0,0,0,0,2,0,0,1500,24/05/2025 20:00,Wet_Season
f052f2af-061c-4a90-833e-2c6bb9243eea,C-DomQNWTV35,20,,,,4,3,0,0,0,0,0,0,0,0,2,0,0,0,0,0,0,0,2,0,2,0,0,2,0,24/05/2025 20:01,Wet_Season
b11fac9b-7e7c-4068-8129-64f4c2767529,C-Jah9GA9Z36,,100,,,8,6,0,0,0,0,2,2,0,0,0,0,0,0,0,0,0,0,0,0,0,2,0,0,1500,24/05/2025 20:03,Wet_Season
799dba6e-b127-44e1-be45-fbc6f093f3ee,C-Jah77MC049,,50,,,4,2,0,1,0,0,1,1,0,0,0,0,0,0,0,0,0,0,0,0,0,1,0,0,0,24/05/2025 20:07,Wet_Season
0a0337a0-3351-421c-a0f0-a63d58b965fc,C-JahETQZ606,,50,,,4,2,0,1,0,0,1,1,0,0,0,0,0,0,0,0,0,0,0,0,0,1,0,0,0,24/05/2025 20:07,Wet_Season
c256bd86-0511-4365-96e3-4625f17d8d77,C-JahF46JW50,,100,,,8,6,0,0,0,0,2,2,0,0,0,0,0,0,0,0,0,0,0,0,0,2,0,0,1500,24/05/2025 20:07,Wet_Season
8de0db2b-eb5a-470d-8b7a-e6fdadc00058,C-Zan67VTK10,20,,,,4,3,0,0,0,0,0,0,0,0,2,0,0,5,0,0,0,0,0,0,2,0,0,2,0,24/05/2025 20:08,Wet_Season
eb6e280e-60b8-4d2e-986e-b316a3ae808d,C-JahOPSLJ43,,100,,,8,6,0,0,0,0,2,2,0,0,0,0,0,0,0,0,0,0,0,0,0,2,0,0,1500,24/05/2025 20:10,Wet_Season
778acee2-cca3-440e-8925-b3f9aefa8c3c,C-JahR83Q755,,100,,,8,6,0,0,0,0,2,2,0,0,0,0,0,0,0,0,0,0,0,0,0,2,0,0,1500,24/05/2025 20:13,Wet_Season
024890d0-bfaa-44de-9353-8d0fc2a63058,C-JahO38LY16,,50,,,4,2,0,1,0,0,1,1,0,0,0,0,0,0,0,0,0,0,0,0,0,1,0,0,0,24/05/2025 20:15,Wet_Season
23beb470-4035-472c-a8ec-320a94d6e71f,C-JahTB9TQ10,,100,,,8,6,0,0,0,0,2,2,0,0,0,0,0,0,0,0,0,0,0,0,0,2,0,0,1500,24/05/2025 20:16,Wet_Season
05b0c99b-c342-47b8-971d-626a95872c20,C-ZanWLUFH08,20,,,,4,3,0,0,0,0,0,0,0,0,2,0,0,5,0,0,0,0,2,0,250,0,0,2,0,24/05/2025 20:17,Wet_Season
e934fa79-b452-435f-ab7a-d0a3a10df971,C-JahTDDWG48,,100,,,8,6,0,0,0,0,2,2,0,0,0,0,0,0,0,0,0,0,0,0,0,2,0,0,1500,24/05/2025 20:19,Wet_Season
49d2dbd6-2611-46c2-8d61-9257f13ede74,C-JahSG5SP10,,50,,,4,2,0,1,0,0,1,1,0,0,0,0,0,0,0,0,0,0,0,0,0,1,0,0,0,24/05/2025 20:20,Wet_Season
0b5d2641-306c-4799-be81-04bb7fffdc86,C-ZanMLK9614,20,,,,4,3,0,0,0,0,0,0,0,0,2,0,0,5,0,0,0,0,2,0,250,0,0,2,0,24/05/2025 20:20,Wet_Season
2c9db8e6-3c79-44c8-8ff8-8ffa3d296491,C-Zan27MP855,20,,,,4,3,0,0,0,0,0,0,0,0,2,0,0,5,0,0,0,0,2,0,250,0,0,2,0,24/05/2025 20:24,Wet_Season
93ebd8a1-ba3d-4abb-ac2a-b9652eec5606,C-ZanW2NCX30,,50,,,4,3,0,0,0,0,0,0,0,0,0,0,0,0,0,0,0,0,0,2,2,0,5,2,0,24/05/2025 20:28,Wet_Season
e0886183-8279-4e13-be9a-8bce6bf51b72,C-Zan0CDYE24,,50,,,4,3,0,0,0,0,0,0,0,0,0,0,0,0,0,0,0,0,0,2,2,0,5,2,0,24/05/2025 20:33,Wet_Season
0eb1f3c0-70d5-4671-9f46-57f352315fa1,C-Zan2DH2U58,20,,,,4,3,0,0,0,0,0,0,0,0,2,0,0,5,0,0,0,0,2,0,250,0,0,2,0,24/05/2025 20:36,Wet_Season
7dba6a02-6db0-4b64-b743-67d47a2fc0e5,C-ZanNJJHX05,20,,,,4,3,0,0,0,0,0,0,0,0,2,0,0,5,0,0,0,0,2,0,2,0,0,2,0,24/05/2025 20:39,Wet_Season
0fc7321c-3659-49e1-a989-c333815ebb81,C-Zan9E0Q508,20,,,,4,3,0,0,0,0,0,0,0,0,2,0,0,5,0,0,0,0,2,0,2,0,0,2,0,24/05/2025 20:42,Wet_Season
914bdabb-f1f6-4138-9928-0d47fbe25ced,C-JahZP11L15,,50,,,4,2,0,1,0,0,1,1,0,0,0,0,0,0,0,0,0,0,0,0,0,1,0,0,0,24/05/2025 20:42,Wet_Season
88398d61-8448-40a0-a451-f4b76bce6ffb,C-Jah0BQDS57,,50,,,4,2,0,1,0,0,1,1,0,0,0,0,0,0,0,0,0,0,0,0,0,1,0,0,0,24/05/2025 20:45,Wet_Season
22dc79ec-3482-458d-8e76-71ecb99fffe8,C-ZanPB92I01,20,,,,4,3,0,0,0,0,0,0,0,0,2,0,0,5,0,0,0,0,2,0,2,0,0,2,0,24/05/2025 20:46,Wet_Season
be574769-d23d-4173-a85b-1e1e716a5f0d,C-Zan1ZP4C29,20,,,,4,3,0,0,0,0,0,0,0,0,2,0,0,5,0,0,0,0,2,0,2,0,0,2,0,24/05/2025 20:49,Wet_Season
6d1389da-31f3-48b0-8fe2-d20bf1c668d7,C-Jah37OHT09,,50,,,4,2,0,1,0,0,1,1,0,0,0,0,0,0,0,0,0,0,0,0,0,1,0,0,0,24/05/2025 20:49,Wet_Season
ac2d8371-4982-4806-8b42-52c72fc15501,C-Jah694M541,,50,,,4,2,0,1,0,0,1,1,0,0,0,0,0,0,0,0,0,0,0,0,0,1,0,0,0,24/05/2025 20:52,Wet_Season
391b0c1a-308d-4589-80cf-e0ae442e41c7,C-JemH7D0639,,50,,,4,3,0,0,0,0,0,0,0,0,0,0,0,0,0,0,0,0,0,2,2,0,5,2,0,24/05/2025 20:53,Wet_Season
14c251fa-0315-4dd3-9677-69a4d2efdffe,C-Jah6BTCI58,,50,,,4,2,0,1,0,0,1,1,0,0,0,0,0,0,0,0,0,0,0,0,0,1,0,0,0,24/05/2025 20:55,Wet_Season
fe70d52c-bb2f-497b-830f-011bd16a5efe,C-JemXAVOI21,,50,,,4,3,0,0,0,0,0,0,0,0,0,0,0,0,0,0,0,0,0,2,2,0,5,2,0,24/05/2025 20:58,Wet_Season
c3e3ce6f-6f5d-4727-9099-92b4ba64bfd2,C-Jah6L5VM53,,,,,4,2,0,1,0,0,1,1,0,0,0,0,0,0,0,0,0,0,0,0,0,1,0,0,0,24/05/2025 20:58,Wet_Season
27ab7c40-c608-4bcb-a9bc-902766c24a4f,C-Zan9NJJD32,20,,,,4,3,0,0,0,0,0,0,0,0,2,0,0,5,0,0,0,0,2,0,2,0,0,2,0,24/05/2025 21:04,Wet_Season
3fb32e97-976d-42f5-9038-a8fb94a9d89a,C-ZanC0M1C00,20,,,,4,3,0,0,0,0,0,0,0,0,2,0,0,5,0,0,0,0,2,0,2,0,0,2,0,24/05/2025 21:14,Wet_Season
86e06c05-94ee-4cb2-b540-0e8c6f10488e,C-JemA4I4848,20,,,,4,3,0,0,0,0,0,0,0,0,2,0,0,5,0,0,0,0,2,0,2,0,0,2,0,25/05/2025 02:35,Wet_Season
a7eccc98-b525-4542-885a-9ba9cea3dd88,C-JemECLUL24,20,,,,4,3,0,0,0,0,0,0,0,0,2,0,0,5,0,0,0,0,2,0,2,0,0,2,0,25/05/2025 02:42,Wet_Season
71048a0a-64a7-4c52-8cc8-a83c8350605e,C-JemZDBRM32,20,,,,4,3,0,0,0,0,0,0,0,0,2,0,0,5,0,0,0,0,2,0,2,0,0,2,0,25/05/2025 02:51,Wet_Season
e13ecc77-18ca-4118-a690-42548d741e8d,C-JemODUUS30,20,,,,4,3,0,0,0,0,0,0,0,0,2,0,0,5,0,0,0,0,2,0,2,0,0,2,0,25/05/2025 02:58,Wet_Season
7b33fbe7-4610-4c8c-a4b5-2fc6a15fd08f,C-JemM403V53,20,,,,4,3,0,0,0,0,0,0,0,0,2,0,0,5,0,0,0,0,2,0,2,0,0,2,0,25/05/2025 03:05,Wet_Season
cea364cf-8acd-4de2-8995-bf766ca059a3,C-Jem98CPP09,20,,,,4,3,0,0,0,0,0,0,0,0,2,0,0,5,0,0,0,0,2,0,2,0,0,2,0,25/05/2025 03:18,Wet_Season
b6f02936-294b-4912-b452-fc7058351012,C-JemAJY5E56,20,,,,4,3,0,0,0,0,0,0,0,0,2,0,0,5,0,0,0,0,2,0,2,0,0,2,0,25/05/2025 03:27,Wet_Season
80bb144f-e8f1-4466-a77d-108ebee73276,C-JemZ7VFU58,,50,,,4,3,0,0,0,0,0,0,0,0,0,0,0,0,0,0,0,0,0,2,2,0,2,2,0,25/05/2025 03:42,Wet_Season
5c7fbf39-518d-463c-949c-22ea75c539b5,C-JemM8DZ241,,50,,,4,3,0,0,0,0,0,0,0,0,0,0,0,0,0,0,0,0,0,2,2,0,2,2,0,25/05/2025 03:51,Wet_Season
f2b99fe0-eb02-4320-9948-46f86f7dbdf8,C-JemRIR2N38,,50,,,4,3,0,0,0,0,0,0,0,0,0,0,0,0,0,0,0,0,0,2,2,0,2,2,0,25/05/2025 03:56,Wet_Season
307499af-52b0-4975-9386-7e81e461c3de,C-JemVR0ET56,20,,,,4,3,0,0,0,0,0,0,0,0,2,0,0,5,0,0,0,0,2,0,2,0,0,2,0,25/05/2025 04:25,Wet_Season
e5399b6d-5e48-4ad6-8e78-abd4aa418c33,C-AkkLG4BJ02,,100,,,8,6,0,2,0,0,2,2,0,0,0,0,0,0,0,0,0,0,0,0,0,0,0,0,1500,25/05/2025 04:57,Wet_Season
4b0f3fbb-6b0e-4337-b0ac-10f939bbc7c5,C-AkkN96YI17,,100,,,8,6,0,2,0,0,2,2,0,0,0,0,0,0,0,0,0,0,0,0,0,0,0,0,1500,25/05/2025 05:00,Wet_Season
0be8faa5-bc8e-4152-a95b-e2454f583d0d,C-Jah7WXYJ39,,50,,,4,2,0,1,0,0,1,1,0,0,0,0,0,0,0,0,0,0,0,0,0,1,0,0,0,25/05/2025 05:02,Wet_Season
46e6c96f-904d-4388-b6c2-63e654f096ba,C-JahANB4651,,50,,,4,2,0,1,0,0,1,1,0,0,0,0,0,0,0,0,0,0,0,0,0,1,0,0,0,25/05/2025 05:02,Wet_Season
c471db15-dedd-41eb-ba53-9c11d737f49a,C-AkkNPFIE08,,100,,,8,6,0,2,0,0,2,2,0,0,0,0,0,0,0,0,0,0,0,0,0,0,0,0,1500,25/05/2025 05:03,Wet_Season
f32f69cf-756a-4c64-87a9-30acef1acf80,C-JahCPJ7W11,,50,,,4,2,0,1,0,0,1,1,0,0,0,0,0,0,0,0,0,0,0,0,0,1,0,0,0,25/05/2025 05:07,Wet_Season
f4d9e648-140c-4f2e-9dc6-28ee260b90f6,C-JahFU3UF17,,50,,,4,2,0,1,0,0,1,1,0,0,0,0,0,0,0,0,0,0,0,0,0,1,0,0,0,25/05/2025 05:11,Wet_Season
dc371fac-e49b-40f8-bd44-b4726e61e8bd,C-JahT48SE17,,50,,,4,2,0,1,0,0,1,1,0,0,0,0,0,0,0,0,0,0,0,0,0,1,0,0,0,25/05/2025 05:18,Wet_Season
1c0bdd0a-1fcb-4e6d-ab01-61cf2a2e88bb,C-JahWR1UJ55,,50,,,4,2,0,1,0,0,1,1,0,0,0,0,0,0,0,0,0,0,0,0,0,1,0,0,0,25/05/2025 05:21,Wet_Season
47a2ac93-ef06-4893-b18d-adffd049ad4b,C-JahYM08L50,,50,,,4,2,0,1,0,0,1,1,0,0,0,0,0,0,0,0,0,0,0,0,0,1,0,0,0,25/05/2025 05:24,Wet_Season
eb7f2e8f-115e-42f1-885d-3714dcfcf41d,C-JahZ5PLH24,,50,,,4,2,0,1,0,0,1,1,0,0,0,0,0,0,0,0,0,0,0,0,0,1,0,0,0,25/05/2025 05:30,Wet_Season
ab3b8500-35a9-4af2-8120-dfb6a961d1f5,C-Jah62N4744,,50,,,4,2,0,1,0,0,1,1,0,0,0,0,0,0,0,0,0,0,0,0,0,1,0,0,0,25/05/2025 05:51,Wet_Season
d2b3cd2e-291d-4eb4-b3c1-5c2b3e9ccf49,C-Jah8FT5433,,50,,,4,2,0,1,0,0,1,1,0,0,0,0,0,0,0,0,0,0,0,0,0,1,0,0,0,25/05/2025 06:20,Wet_Season
c4f56947-edcc-478b-afd8-ae90e0c26588,C-JahDZJ7F44,,50,,,4,2,0,1,0,0,1,1,0,0,0,0,0,0,0,0,0,0,0,0,0,1,0,0,0,25/05/2025 06:24,Wet_Season
84aca6d0-56d9-4501-bf4c-248e925090f6,C-JahQ3FWN54,,50,,,4,2,0,1,0,0,1,1,0,0,0,0,0,0,0,0,0,0,0,0,0,1,0,0,0,25/05/2025 06:29,Wet_Season
5d825bcc-1e8d-4198-8db5-b44268fe8e71,C-JahRQBM934,,50,,,4,2,0,1,0,0,1,1,0,0,0,0,0,0,0,0,0,0,0,0,0,1,0,0,0,25/05/2025 06:35,Wet_Season
2e46bc64-46f4-4ee5-9e5e-6c7848f727e5,C-JahRQBM934,,50,,,4,2,0,1,0,0,1,1,0,0,0,0,0,0,0,0,0,0,0,0,0,1,0,0,0,25/05/2025 06:39,Wet_Season
b8de6b4e-8719-4123-a8b6-84ad00016b2c,C-JahVBDNQ37,,50,,,4,2,0,1,0,0,1,1,0,0,0,0,0,0,0,0,0,0,0,0,0,1,0,0,0,25/05/2025 06:44,Wet_Season
d452e45f-82b4-4bed-85aa-7ed09e78216b,C-KauTXM6C08,20,,,,4,3,0,0,0,0,0,0,0,0,2,0,0,5,0,0,0,0,2,0,2,0,0,2,0,25/05/2025 06:51,Wet_Season
f7f39540-b91c-44ef-9561-0bba0f4e1e67,C-KauNP0BL25,20,,,,4,3,0,0,0,0,0,0,0,0,2,0,0,5,0,0,0,0,2,0,2,0,0,2,0,25/05/2025 06:51,Wet_Season
cc1febcc-8946-42cb-9bdf-337e8b31cd97,C-KauB8FEA37,,50,,,4,3,0,0,0,0,0,0,0,0,0,0,0,0,0,0,0,0,0,2,2,0,2,2,0,25/05/2025 06:51,Wet_Season
29c291ba-5261-4827-b311-28c9d9a16fe6,C-KauTL4WE17,,50,,,4,3,0,0,0,0,0,0,0,0,0,0,0,0,0,0,0,0,0,2,2,0,2,2,0,25/05/2025 06:51,Wet_Season
b0c0641a-bcc0-4706-b2f6-6fc9f87f1e94,C-KauQ9N1308,,50,,,4,3,0,0,0,0,0,0,0,0,0,0,0,0,0,0,0,0,0,2,2,0,2,2,0,25/05/2025 06:51,Wet_Season
9e415756-80cf-4b4e-bd81-adf7a2de26cb,C-KauZAXCJ39,,50,,,4,3,0,0,0,0,0,0,0,0,0,0,0,0,0,0,0,0,0,2,2,0,2,2,0,25/05/2025 06:51,Wet_Season
e4937c7c-8097-479a-85f6-955a8abff194,C-KauREZRH46,,50,,,4,3,0,0,0,0,0,0,0,0,0,0,0,0,0,0,0,0,0,1.5,2,0,2,2,0,25/05/2025 06:51,Wet_Season
31ce3527-1d35-4284-ad58-0422ba589fe1,C-Kau27IYF11,,50,,,4,3,0,0,0,0,0,0,0,0,0,0,0,0,0,0,0,0,0,2,2,0,2,2,0,25/05/2025 06:51,Wet_Season
2ab33f04-0de5-435d-a6ac-3802f8fa1269,C-Kau27C7K50,,50,,,4,3,0,0,0,0,0,0,0,0,0,0,0,0,0,0,0,0,0,2,2,0,2,2,0,25/05/2025 06:51,Wet_Season
8002634f-d517-452a-812a-6fc234bacfdd,C-Kau6I6NR26,20,,,,4,3,0,0,0,0,0,0,0,0,0,0,0,5,0,0,0,0,2,2,2,0,0,2,0,25/05/2025 06:51,Wet_Season
cff69079-ddd8-4904-8e15-2e53d79d933a,C-KauF09W712,,50,,,4,3,0,0,0,0,0,0,0,0,0,0,0,0,0,0,0,0,0,2,2,0,1.5,2,0,25/05/2025 06:52,Wet_Season
c7feab12-7e9f-48cc-bb5c-e88f4b305364,C-Kau01CYE56,,50,,,4,3,0,0,0,0,0,0,0,0,0,0,0,0,0,0,0,0,0,2,2,0,2,2,0,25/05/2025 06:52,Wet_Season
537cc34c-72c5-4aa6-ae7e-91db4e3c0c43,C-Jah3BVTU36,,50,,,4,2,0,1,0,0,1,1,0,0,0,0,0,0,0,0,0,0,0,0,0,1,0,0,0,25/05/2025 06:55,Wet_Season
8e3ce14d-eb47-4bca-a378-71807f7c15fe,C-Zan9SX4A53,20,,,,4,3,0,0,0,0,0,0,0,0,2,0,0,3,0,0,0,0,2,0,2,0,0,2,0,25/05/2025 07:49,Wet_Season
a2428bbb-3890-4ebe-a41d-d6766f2fa027,C-ZanS0U9020,,50,,,4,3,0,0,0,0,0,0,0,0,0,0,0,0,0,0,0,0,0,2,2,0,5,2,0,25/05/2025 07:53,Wet_Season
cbe4e18e-b73c-4e20-ab19-541a0f887173,C-ZanVC28C41,20,,,,4,3,0,0,0,0,0,0,0,0,2,0,0,3,0,0,0,0,2,0,2,0,0,2,0,25/05/2025 07:57,Wet_Season
3f5f94b2-e8c8-430a-ac56-02b6f6743edc,C-ZanP8ASF15,,50,,,4,4,0,0,0,0,0,0,0,0,0,0,0,0,0,0,0,0,0,2,2,0,5,2,0,25/05/2025 08:02,Wet_Season
b6afa3b6-1ccf-493a-8528-2c3a36f5f35b,C-ZanV2JU012,,50,,,4,3,0,0,0,0,0,0,0,0,0,0,0,0,0,0,0,0,0,2,2,0,5,2,0,25/05/2025 08:05,Wet_Season
cefccfef-df56-41f4-8172-27ad13c9d65c,C-ZanE2JGN51,,50,,,4,3,0,0,0,0,0,0,0,0,0,0,0,0,0,0,0,0,0,2,2,0,5,2,0,25/05/2025 08:10,Wet_Season
b19d8aa5-278c-4814-9e68-221e5700f95d,C-ZanGZW2708,,50,,,4,3,0,0,0,0,0,0,0,0,0,0,0,0,0,0,0,0,0,2,2,0,5,2,0,25/05/2025 08:13,Wet_Season
f48fa5ef-0b29-4ed0-ab50-4c69389b9647,C-ZanJ42BF20,20,,,,4,3,0,0,0,0,0,0,0,0,2,0,0,3,0,0,0,0,2,0,3,0,0,2,0,25/05/2025 08:23,Wet_Season
cc50143b-f8c3-40bd-94c4-390617e90bb1,C-Zan4HI2D13,20,,,,4,3,0,0,0,0,0,0,0,0,2,0,0,3,0,0,0,0,2,0,2,0,0,2,0,25/05/2025 08:26,Wet_Season
9e18f63b-8937-41a7-af48-ea8cb35d34c8,C-ZanBNUYV57,20,,,,4,3,0,0,0,0,0,0,0,0,2,0,0,2,0,0,0,0,3,0,2,0,0,2,0,25/05/2025 08:30,Wet_Season
ce730b2d-19b1-409b-bde2-0ebdd95f1e90,C-ZanXEBJ859,,50,,,4,3,0,0,0,0,0,0,0,0,0,0,0,0,0,0,0,0,0,2,2,0,5,2,0,25/05/2025 08:36,Wet_Season
a3d5d68b-da28-49b3-90f2-879a6a86689b,C-Kuj98GZ533,,100,,,8,4,0,2,0,0,2,2,0,0,0,0,0,0,0,0,0,0,0,0,0,2,0,0,1500,25/05/2025 08:46,Wet_Season
596ad454-ac8f-4740-99ed-55864622ff1b,C-KujBXGHN27,,100,,,8,4,0,2,0,0,2,2,0,0,0,0,0,0,0,0,0,0,0,0,0,2,0,0,1500,25/05/2025 08:46,Wet_Season
c910b711-6a25-41c6-bf83-ff7cb97142c4,C-KujEZ8DF23,,100,,,8,4,0,2,0,0,2,2,0,0,0,0,0,0,0,0,0,0,0,0,0,2,0,0,1500,25/05/2025 08:46,Wet_Season
7cca413a-7f6f-4fbe-a5d8-dc631dd449eb,C-KujFU21655,,100,,,8,4,0,2,0,0,2,2,0,0,0,0,0,0,0,0,0,0,0,0,0,2,0,0,1500,25/05/2025 08:46,Wet_Season
927b2adb-c5c2-4910-9806-623a2ee81843,C-KujRI5V345,,100,,,8,4,0,2,0,0,2,2,0,0,0,0,0,0,0,0,0,0,0,0,0,2,0,0,1500,25/05/2025 08:46,Wet_Season
ac970685-4bfd-4bd8-a9d9-44c164965418,C-KujUEPW112,,100,,,8,4,0,2,0,0,2,2,0,0,0,0,0,0,0,0,0,0,0,0,0,2,0,0,1500,25/05/2025 08:46,Wet_Season
b6cd4cc4-2be7-4755-83a1-9732f479c12c,C-KujYRB7402,,100,,,8,4,0,2,0,0,2,2,0,0,0,0,0,0,0,0,0,0,0,0,0,2,0,0,1500,25/05/2025 08:46,Wet_Season
214f7c20-eeb6-4032-96ef-364fd1d30140,C-KujXJ5C539,,100,,,8,4,0,2,0,0,2,2,0,0,0,0,0,0,0,0,0,0,0,0,0,2,0,0,1500,25/05/2025 08:46,Wet_Season
46d16ca4-26f4-48af-a102-1afde1638884,C-KujX0GGK23,,100,,,8,4,0,2,0,0,2,2,0,0,0,0,0,0,0,0,0,0,0,0,0,2,0,0,1500,25/05/2025 08:46,Wet_Season
aef862fe-6b46-463b-9a66-3000cd519eb4,C-ZanKMBIS51,20,,,,4,3,0,0,0,0,0,0,0,0,2,0,0,2,0,0,0,0,3,0,2,0,0,2,0,25/05/2025 08:47,Wet_Season
e458cf20-c6cd-42f4-9bb9-490e15974efc,C-Jah1OPWF17,,100,,,8,6,0,0,0,0,2,2,0,0,0,0,0,0,0,0,0,0,0,0,0,2,0,0,1500,25/05/2025 09:06,Wet_Season
36efd651-a098-4f3c-a3f9-cacdfc83fcb7,C-AkkQ49BQ51,,100,,,8,6,0,2,0,0,2,2,0,0,0,0,0,0,0,0,0,0,0,0,0,0,0,0,1500,25/05/2025 09:37,Wet_Season
5f95b672-11bd-47a3-85ed-42c9f0f717b5,C-AkkW6B0H34,,100,,,8,6,0,2,0,0,2,2,0,0,0,0,0,0,0,0,0,0,0,0,0,0,0,0,1500,25/05/2025 09:47,Wet_Season
b606f76d-e839-4da8-b2c7-7513a16adc8f,C-Laf9I1UJ47,,50,,,4,3,0,0,0,0,0,0,0,0,0,0,0,0,0,0,0,0,0,2,2,0,125,2,0,25/05/2025 10:00,Wet_Season
cbc9a460-e0d3-45c0-9d1c-519204c0c806,C-LafLCVTA41,,50,,,4,3,0,0,0,0,0,0,0,0,0,0,0,0,0,0,0,0,0,2,2,0,125,2,0,25/05/2025 10:00,Wet_Season
26614778-aa93-4343-bc67-3fbbe7d0253d,C-LafPFD5M26,,50,,,4,3,0,0,0,0,0,0,0,0,0,0,0,0,0,0,0,0,0,2,2,0,125,2,0,25/05/2025 10:00,Wet_Season
7d1349b3-a754-4d34-b605-974c7f9570fd,C-LafYQ3H241,,,,,4,3,0,0,0,0,0,0,0,0,0,0,0,0,0,0,0,0,2,0,5,0,0,2,0,25/05/2025 10:00,Wet_Season
56203fc3-eee1-46e5-b488-abbe5a69733e,C-LafGGA9N10,20,,,,4,3,0,0,0,0,0,0,0,0,2,0,0,5,0,0,0,0,2,0,2,0,0,2,0,25/05/2025 10:00,Wet_Season
049b8e04-4872-47e6-88c2-0d8074dafc59,C-KagED9FH23,20,,,,4,3,0,0,0,0,0,0,0,0,2,0,0,2,0,0,0,0,0,0,2,0,0,0,0,25/05/2025 10:22,Wet_Season
d2ab43ce-4150-400b-ab38-a24a5eb63e6d,C-KagVU8K955,20,,,,4,3,0,0,0,0,0,0,0,0,2,0,0,2,0,0,0,0,0,0,2,0,0,2,0,25/05/2025 10:24,Wet_Season
72b072c7-6577-4b60-a6ec-69cb12d7fcfb,C-Kag92T8S12,20,,,,4,3,0,0,0,0,0,0,0,0,2,0,0,0,0,0,0,0,0,0,2,0,0,2,0,25/05/2025 10:28,Wet_Season
9e2fca08-0408-454a-9c01-cd3a3de6a689,C-Tor1V8HC58,,100,,,8,6,0,2,0,0,2,0,0,0,0,0,0,0,0,0,0,0,0,0,0,2,0,0,1500,25/05/2025 10:33,Wet_Season
b444d030-483d-4723-86fe-026af3971cb5,C-LafXIO5L33,,50,,,4,3,0,0,0,0,0,0,0,0,0,0,0,0,0,0,0,0,0,2,2,0,5,2,0,25/05/2025 10:34,Wet_Season
b30736f3-be50-493b-ba2d-238008928ec0,C-KagDUC2T45,20,,,,4,3,0,0,0,0,0,0,0,0,2,0,0,2,0,0,0,0,0,0,2,0,0,2,0,25/05/2025 10:36,Wet_Season
9251fac7-8d06-4e00-a7e9-d0a25417c913,C-Tor2F4VS16,,100,,,8,6,0,2,0,0,2,0,0,0,0,0,0,0,0,0,0,0,0,0,0,2,0,0,1500,25/05/2025 10:38,Wet_Season
c91c357e-10ed-40a1-bfc0-b51ff1460047,C-Laf5092M00,,50,,,4,3,0,0,0,0,0,0,0,0,0,0,0,0,0,0,0,0,0,2,2,0,5,2,0,25/05/2025 10:38,Wet_Season
c41fe0ae-fbfb-41e1-b911-a6ec8c7f75ed,C-LafMBD5I50,25,,,,4,3,0,0,0,0,0,0,0,0,2,0,0,0,0,0,0,0,2,0,2,0,0,2,0,25/05/2025 10:45,Wet_Season
abd18643-5c71-4ef2-917b-c6d6d6612059,C-Laf2MSGL10,25,,,,4,3,0,0,0,0,0,0,0,0,2,0,0,0,0,0,0,0,2,0,2,0,0,2,0,25/05/2025 10:50,Wet_Season
61c717e4-6d63-4cad-aeef-f95c2e737faa,C-LafKWFM056,25,,,,4,3,0,0,0,0,0,0,0,0,2,0,0,0,0,0,0,0,2,0,2,0,0,2,0,25/05/2025 10:53,Wet_Season
56b84f27-0608-400b-98dc-3fcc30463ebe,C-KagDZNFC18,,50,,,4,3,0,0,0,0,0,0,0,0,0,0,0,0,0,0,0,0,0,2,2,0,2,2,0,25/05/2025 10:55,Wet_Season
f1b1da24-ff01-4e9e-9e22-6bbeed40a93d,C-KurVACQN14,,100,,,8,4,0,2,0,0,2,2,0,0,0,0,0,0,0,0,0,0,0,0,0,2,0,0,1500,25/05/2025 10:55,Wet_Season
f0e0fdaf-bdee-4bde-bb42-6b6371ba4ff8,C-KurYA9XP34,,100,,,8,4,0,2,0,0,2,2,0,0,0,0,0,0,0,0,0,0,0,0,0,2,0,0,1500,25/05/2025 10:55,Wet_Season
c65aeaa9-22f2-4c50-ba4c-33d6eef2d926,C-KurBRSY701,,100,,,8,4,0,2,0,0,2,2,0,0,0,0,0,0,0,0,0,0,0,0,0,2,0,0,1500,25/05/2025 10:55,Wet_Season
5e9a831a-7f91-486c-aeb1-f8ea12468be6,C-Kur6J13217,,100,,,8,4,0,2,0,0,2,2,0,0,0,0,0,0,0,0,0,0,0,0,0,2,0,0,1500,25/05/2025 10:55,Wet_Season
4876acbe-c3ef-450d-b545-6e862fb4e9b2,C-KurEAHSW51,,100,,,8,4,0,2,0,0,2,2,0,0,0,0,0,0,0,0,0,0,0,0,0,2,0,0,1500,25/05/2025 10:55,Wet_Season
1a671ae6-83d0-4e04-ad0d-3e5c25e4d471,C-KurJ3F7J10,,100,,,8,4,0,2,0,0,2,2,0,0,0,0,0,0,0,0,0,0,0,0,0,2,0,0,1500,25/05/2025 10:55,Wet_Season
676623ea-c3ad-421e-94c1-66b8291bb10d,C-KurUJBJR01,,100,,,8,4,0,2,0,0,2,2,0,0,0,0,0,0,0,0,0,0,0,0,0,2,0,0,1500,25/05/2025 10:55,Wet_Season
1661fe5e-92d1-4196-aa36-240e4ebc4e91,C-KurUYZOT00,,100,,,8,4,0,2,0,0,2,2,0,0,0,0,0,0,0,0,0,0,0,0,0,2,0,0,1500,25/05/2025 10:55,Wet_Season
6c348551-3096-4bb5-9216-14e9c59fd41d,C-Kur1HS1154,,100,,,8,4,0,2,0,0,2,2,0,0,0,0,0,0,0,0,0,0,0,0,0,2,0,0,1500,25/05/2025 10:55,Wet_Season
4b19e479-7484-4ec5-9d65-5ea407477baa,C-Kur4GE9J27,,100,,,8,4,0,2,0,0,2,2,0,0,0,0,0,0,0,0,0,0,0,0,0,2,0,0,1500,25/05/2025 10:55,Wet_Season
c3850a42-5f76-4904-b14f-bcbbeb49d172,C-KurQDTD056,,100,,,8,4,0,2,0,0,2,2,0,0,0,0,0,0,0,0,0,0,0,0,0,2,0,0,1500,25/05/2025 10:55,Wet_Season
ca80c02c-cb88-4477-8317-571530ac5d63,C-KurA8OZW29,,100,,,8,4,0,2,0,0,2,2,0,0,0,0,0,0,0,0,0,0,0,0,0,2,0,0,1500,25/05/2025 10:55,Wet_Season
0be6f169-d5bd-4dad-92d9-e0cf936bb394,C-KurRFE6Q47,,100,,,8,4,0,2,0,0,2,2,0,0,0,0,0,0,0,0,0,0,0,0,0,2,0,0,1500,25/05/2025 10:55,Wet_Season
bf4ac9b8-0204-40be-aca1-eee48ea174e3,C-KurWTCYL45,,100,,,8,4,0,2,0,0,2,2,0,0,0,0,0,0,0,0,0,0,0,0,0,2,0,0,1500,25/05/2025 10:55,Wet_Season
f2d1488a-3ac3-487d-b957-bc64201f02c2,C-KurL01TP00,,100,,,8,4,0,2,0,0,2,2,0,0,0,0,0,0,0,0,0,0,0,0,0,2,0,0,1500,25/05/2025 10:55,Wet_Season
9f0dcae2-1c96-468e-bfb0-97b0c33fe132,C-KurU6TSD17,,100,,,8,4,0,2,0,0,2,2,0,0,0,0,0,0,0,0,0,0,0,0,0,2,0,0,1500,25/05/2025 10:55,Wet_Season
bebaf277-7151-4c8d-9709-57312c0b03bc,C-Kur0ZLPS51,,100,,,8,4,0,2,0,0,2,2,0,0,0,0,0,0,0,0,0,0,0,0,0,2,0,0,1500,25/05/2025 10:56,Wet_Season
53b6154d-485a-4a9a-a0c8-16a890ce9e13,C-KurBAKVI23,,100,,,8,4,0,2,0,0,2,2,0,0,0,0,0,0,0,0,0,0,0,0,0,2,0,0,1500,25/05/2025 10:56,Wet_Season
bdbf402d-20c1-4142-b325-25c943dd39d1,C-KurRW4TQ51,,100,,,8,4,0,2,0,0,2,2,0,0,0,0,0,0,0,0,0,0,0,0,0,2,0,0,1500,25/05/2025 10:56,Wet_Season
dc781a8d-45a1-42d3-8cfc-0275b0348601,C-Kur0J7RU00,,100,,,8,4,0,2,0,0,2,2,0,0,0,0,0,0,0,0,0,0,0,0,0,2,0,0,1500,25/05/2025 10:56,Wet_Season
e9e80b10-094c-4f05-bc2b-87a71de634de,C-Kur8LO1H43,,100,,,8,4,0,2,0,0,2,2,0,0,0,0,0,0,0,0,0,0,0,0,0,2,0,0,1500,25/05/2025 10:56,Wet_Season
3c6aec27-ce93-4f83-ad82-480fb1fd216d,C-KurLMZ1114,,100,,,8,4,0,2,0,0,2,2,0,0,0,0,0,0,0,0,0,0,0,0,0,2,0,0,1500,25/05/2025 10:56,Wet_Season
eecafa2d-fe99-41e5-889c-ea14d69ad794,C-KurNRDMG41,,100,,,8,4,0,2,0,0,2,2,0,0,0,0,0,0,0,0,0,0,0,0,0,2,0,0,1500,25/05/2025 10:56,Wet_Season
9ee8d2e4-5a90-4fbb-a375-9bee8763c706,C-KurRJ4D448,,100,,,8,4,0,2,0,0,2,2,0,0,0,0,0,0,0,0,0,0,0,0,0,2,0,0,1500,25/05/2025 10:56,Wet_Season
b0b9f4f9-8f85-49b3-857f-d2cab84af3f4,C-KurT0Y2408,,100,,,8,4,0,2,0,0,2,2,0,0,0,0,0,0,0,0,0,0,0,0,0,2,0,0,1500,25/05/2025 10:56,Wet_Season
87e4a2fa-c294-4782-b1cc-d241590b8838,C-KurW72Z327,,100,,,8,4,0,2,0,0,2,2,0,0,0,0,0,0,0,0,0,0,0,0,0,2,0,0,1500,25/05/2025 10:56,Wet_Season
8b576e7b-4296-4a74-8434-1674a3f6c12b,C-KurZG0I447,,100,,,8,4,0,2,0,0,2,2,0,0,0,0,0,0,0,0,0,0,0,0,0,2,0,0,1500,25/05/2025 10:56,Wet_Season
b4e6d4c7-f6bc-4011-a6d8-0048108a7945,C-Kur5158039,,100,,,8,4,0,2,0,0,2,2,0,0,0,0,0,0,0,0,0,0,0,0,0,2,0,0,1500,25/05/2025 10:56,Wet_Season
1b4b9f6b-f55f-4e96-8acf-83533a8398b5,C-KurRM0AI55,,100,,,8,4,0,2,0,0,2,2,0,0,0,0,0,0,0,0,0,0,0,0,0,2,0,0,1500,25/05/2025 10:56,Wet_Season
818cb55c-677b-4b00-8b2e-d9637877b58f,C-Kur2L0H801,,100,,,8,4,0,2,0,0,2,2,0,0,0,0,0,0,0,0,0,0,0,0,0,2,0,0,1500,25/05/2025 10:56,Wet_Season
2f797f1d-fffd-4543-9725-8e735aa7fd2c,C-KurFBP3U14,,100,,,8,4,0,2,0,0,2,2,0,0,0,0,0,0,0,0,0,0,0,0,0,2,0,0,1500,25/05/2025 10:56,Wet_Season
1fac299d-1eea-44d4-99a1-93f21bc572ef,C-KurL3DXF00,,100,,,8,4,0,2,0,0,2,2,0,0,0,0,0,0,0,0,0,0,0,0,0,2,0,0,1500,25/05/2025 10:56,Wet_Season
5569af66-a274-435f-a689-e578cc09f894,C-KurU1TX410,,100,,,8,4,0,2,0,0,2,2,0,0,0,0,0,0,0,0,0,0,0,0,0,2,0,0,1500,25/05/2025 10:56,Wet_Season
8f32a9b6-896f-4a0f-aea1-7e309af994ef,C-KurZ0V0924,,100,,,8,4,0,2,0,0,2,2,0,0,0,0,0,0,0,0,0,0,0,0,0,2,0,0,1500,25/05/2025 10:56,Wet_Season
441cbcb8-8e8a-4421-82d2-adb491be9ea6,C-KurZL93Z34,,100,,,8,4,0,2,0,0,2,2,0,0,0,0,0,0,0,0,0,0,0,0,0,2,0,0,1500,25/05/2025 10:56,Wet_Season
537b99fc-d2db-43c4-8696-3e3cd7030dcc,C-Kur0EHT844,,100,,,8,4,0,2,0,0,2,2,0,0,0,0,0,0,0,0,0,0,0,0,0,2,0,0,1500,25/05/2025 10:56,Wet_Season
3b16ad60-ec3b-4da1-8526-b94d90d107df,C-Kur1692720,,100,,,8,4,0,2,0,0,2,2,0,0,0,0,0,0,0,0,0,0,0,0,0,2,0,0,1500,25/05/2025 10:56,Wet_Season
3f54d2b1-f4ce-4aac-b7ae-5a0269fd0917,C-KurLREP102,,100,,,8,4,0,2,0,0,2,2,0,0,0,0,0,0,0,0,0,0,0,0,0,2,0,0,1500,25/05/2025 10:56,Wet_Season
1ce51651-19d4-4d60-865e-bff238f318e2,C-KurS6PXR37,,100,,,8,4,0,2,0,0,2,2,0,0,0,0,0,0,0,0,0,0,0,0,0,2,0,0,1500,25/05/2025 10:56,Wet_Season
4984c933-993b-4030-bdba-560437948a6d,C-KurV1NSA53,,100,,,8,4,0,2,0,0,2,2,0,0,0,0,0,0,0,0,0,0,0,0,0,2,0,0,1500,25/05/2025 10:56,Wet_Season
3f7c86a1-0825-4992-8df9-8f6d1a31f165,C-KurVOSGE26,100,,,,6,6,0,2,0,0,0,2,0,2,0,0,0,0,0,0,0,0,0,0,0,0,0,0,1500,25/05/2025 10:56,Wet_Season
25d76c11-d51f-45d0-97b1-d8528ee377cc,C-KurVYMFR29,,100,,,8,4,0,2,0,0,2,2,0,0,0,0,0,0,0,0,0,0,0,0,0,2,0,0,1500,25/05/2025 10:56,Wet_Season
44651cc8-7056-4e3f-839f-e01dcedf81e8,C-Kur83PVR07,,100,,,8,4,0,2,0,0,2,2,0,0,0,0,0,0,0,0,0,0,0,0,0,2,0,0,1500,25/05/2025 10:56,Wet_Season
3577492d-152b-42e4-b80e-cac04c21aba5,C-Kur8W17U20,,100,,,8,4,0,2,0,0,2,2,0,0,0,0,0,0,0,0,0,0,0,0,0,2,0,0,1500,25/05/2025 10:56,Wet_Season
1b55d9d0-976a-4b45-869b-4d04cd50626b,C-KurARK0U26,,100,,,8,4,0,2,0,0,2,2,0,0,0,0,0,0,0,0,0,0,0,0,0,2,0,0,1500,25/05/2025 10:56,Wet_Season
6c1ce815-06bc-47f5-94a0-d241c5771d0a,C-KurHLLQO23,,100,,,8,4,0,2,0,0,2,2,0,0,0,0,0,0,0,0,0,0,0,0,0,2,0,0,1500,25/05/2025 10:56,Wet_Season
f054a260-a167-406e-b3db-c5b65a29cfd4,C-KurQGCNQ05,,100,,,8,4,0,2,0,0,2,2,0,0,0,0,0,0,0,0,0,0,0,0,0,2,0,0,1500,25/05/2025 10:56,Wet_Season
08020df8-7b20-4b84-9d36-6eac3b3b279b,C-KurQHJKM46,,100,,,8,4,0,2,0,0,2,2,0,0,0,0,0,0,0,0,0,0,0,0,0,2,0,0,1500,25/05/2025 10:56,Wet_Season
9df745a9-3679-4110-8854-4d6c3763a34e,C-KurZYPIB02,100,,,,6,6,0,2,0,0,0,2,0,2,0,0,0,0,0,0,0,0,0,0,0,0,0,0,1500,25/05/2025 10:56,Wet_Season
ffc544e7-a30f-4665-b622-9df1c454e637,C-Laf2WITW41,,50,,,4,3,0,0,0,0,0,0,0,0,0,0,0,0,0,0,0,0,0,2,2,0,125,2,0,25/05/2025 10:57,Wet_Season
293c3b13-0e1b-403e-8748-04f1f81a759c,C-Kur3W8B558,,100,,,8,4,0,2,0,0,2,2,0,0,0,0,0,0,0,0,0,0,0,0,0,2,0,0,1500,25/05/2025 10:57,Wet_Season
d9a8e79c-1b32-415c-8e01-96a900559623,C-Kur9G3XS50,100,,,,6,6,0,2,0,0,0,2,0,2,0,0,0,0,0,0,0,0,0,0,0,0,0,0,1500,25/05/2025 10:57,Wet_Season
71749a9d-4527-489c-b31f-472701939383,C-KurH2NC604,,100,,,8,4,0,2,0,0,2,2,0,0,0,0,0,0,0,0,0,0,0,0,0,2,0,0,1500,25/05/2025 10:57,Wet_Season
7d5faf2c-3f63-4ec5-a793-fedf219d960c,C-KurII2MQ48,,100,,,8,4,0,2,0,0,2,2,0,0,0,0,0,0,0,0,0,0,0,0,0,2,0,0,1500,25/05/2025 10:57,Wet_Season
ea098bc5-0c9a-4a2a-9275-bd965ae5e3a9,C-KurJ702D01,,100,,,8,4,0,2,0,0,2,2,0,0,0,0,0,0,0,0,0,0,0,0,0,2,0,0,1500,25/05/2025 10:57,Wet_Season
0d0d109a-d623-4ea5-8b42-f630e501e976,C-KurPMZC759,,100,,,8,4,0,2,0,0,2,2,0,0,0,0,0,0,0,0,0,0,0,0,0,2,0,0,1500,25/05/2025 10:57,Wet_Season
8b3f3627-06e6-48c5-a8d0-5c587e3551c5,C-LafVDUP612,,50,,,4,3,0,0,0,0,0,0,0,0,0,0,0,0,0,0,0,0,0,2,2,0,5,2,0,25/05/2025 10:58,Wet_Season
aa6e9b20-b651-4bf6-961f-bd9a09472151,C-KagFJAUU05,20,,,,4,3,0,0,0,0,0,0,0,0,2,0,0,2,0,0,0,0,0,0,2,0,0,2,0,25/05/2025 10:58,Wet_Season
d5eaf698-6609-43c9-8e6d-d2c2fb2a12ea,C-RimBDB7S58,100,,,,6,6,0,2,0,0,0,2,0,2,0,0,0,0,0,0,0,0,0,0,0,0,0,0,1500,25/05/2025 10:58,Wet_Season
046c7729-dfaa-4cfc-a3a3-8752a3d6ee6e,C-RimXJVDN06,,100,,,8,4,0,2,0,0,2,2,0,0,0,0,0,0,0,0,0,0,0,0,0,2,0,0,1500,25/05/2025 10:59,Wet_Season
188ebbd0-76d2-42f5-831f-dcad6d32cfee,C-Rim0FOJL42,100,,,,6,6,0,2,0,0,0,2,0,2,0,0,0,0,0,0,0,0,0,0,0,0,0,0,1500,25/05/2025 10:59,Wet_Season
8c97a0c0-8e24-414c-ab20-a7a8092aa440,C-Rim4RPTT43,,100,,,8,4,0,2,0,0,2,2,0,0,0,0,0,0,0,0,0,0,0,0,0,2,0,0,1500,25/05/2025 10:59,Wet_Season
3ea3ce2d-70d9-4ac8-a60f-4865303246da,C-Rim56QL326,100,,,,6,6,0,2,0,0,0,2,0,2,0,0,0,0,0,0,0,0,0,0,0,0,0,0,1500,25/05/2025 10:59,Wet_Season
111fcf33-52bc-40b9-b6d8-8247e8828835,C-RimBVYDW10,,100,,,8,4,0,2,0,0,2,2,0,0,0,0,0,0,0,0,0,0,0,0,0,2,0,0,1500,25/05/2025 10:59,Wet_Season
02f64596-6706-42d8-bed0-46e9cd1d307e,C-RimS4W5343,,100,,,8,4,0,2,0,0,2,2,0,0,0,0,0,0,0,0,0,0,0,0,0,2,0,0,1500,25/05/2025 10:59,Wet_Season
d5f9eeb5-cde5-4c42-84f0-125267032798,C-RimTE4HV38,100,,,,6,6,0,2,0,0,0,2,0,2,0,0,0,0,0,0,0,0,0,0,0,0,0,0,1500,25/05/2025 10:59,Wet_Season
18b419fb-652c-436a-a545-a153b8fd67cb,C-RimULH8717,,100,,,8,4,0,2,0,0,2,2,0,0,0,0,0,0,0,0,0,0,0,0,0,2,0,0,1500,25/05/2025 10:59,Wet_Season
1c7537f3-cba7-40b6-a953-b4d239c0cebf,C-Rim8P5ZU44,,100,,,8,4,0,2,0,0,2,2,0,0,0,0,0,0,0,0,0,0,0,0,0,2,0,0,1500,25/05/2025 10:59,Wet_Season
ef22a934-100f-4427-b754-03890043bb69,C-RimEVDMO38,100,,,,6,6,0,2,0,0,0,2,0,2,0,0,0,0,0,0,0,0,0,0,0,0,0,0,1500,25/05/2025 10:59,Wet_Season
f573a13c-a06b-4952-8597-abe2d5416be6,C-Rim3GGAV37,,100,,,8,4,0,2,0,0,2,2,0,0,0,0,0,0,0,0,0,0,0,0,0,2,0,0,1500,25/05/2025 10:59,Wet_Season
9a4b722f-5f37-41e2-97ff-d66b36f36082,C-RimMA03J27,100,,,,6,6,0,2,0,0,0,2,0,2,0,0,0,0,0,0,0,0,0,0,0,0,0,0,1500,25/05/2025 10:59,Wet_Season
463880f3-2611-4fd0-9efb-ba02d11998e8,C-RimNCAA559,,100,,,8,4,0,2,0,0,2,2,0,0,0,0,0,0,0,0,0,0,0,0,0,2,0,0,1500,25/05/2025 10:59,Wet_Season
d8a6bbb0-ba05-45fe-9c5d-3d2c8e6b6da4,C-RimQ28UW33,,100,,,8,4,0,2,0,0,2,2,0,0,0,0,0,0,0,0,0,0,0,0,0,2,0,0,1500,25/05/2025 10:59,Wet_Season
e0ec6177-0577-4d95-870e-6571329bd2e0,C-RimY2DPC00,100,,,,6,6,0,2,0,0,0,2,0,2,0,0,0,0,0,0,0,0,0,0,0,0,0,0,1500,25/05/2025 10:59,Wet_Season
13ccc058-01aa-472b-860a-6180fb210e39,C-Rim5XF2040,,100,,,8,4,0,2,0,0,2,2,0,0,0,0,0,0,0,0,0,0,0,0,0,2,0,0,1500,25/05/2025 10:59,Wet_Season
b557beb1-43c2-4cb5-aa78-0ada5f15f5f2,C-Rim6VS2U05,,100,,,8,4,0,2,0,0,2,2,0,0,0,0,0,0,0,0,0,0,0,0,0,2,0,0,1500,25/05/2025 10:59,Wet_Season
33dd8332-3a14-4243-b154-a28924d1d42c,C-RimJ839V30,,100,,,8,4,0,2,0,0,2,2,0,0,0,0,0,0,0,0,0,0,0,0,0,2,0,0,1500,25/05/2025 10:59,Wet_Season
d0e0e6ec-5e48-42b7-a802-6e5b4cbe4231,C-RimKCTLE02,100,,,,6,6,0,2,0,0,0,2,0,2,0,0,0,0,0,0,0,0,0,0,0,0,0,0,1500,25/05/2025 10:59,Wet_Season
2ca63a21-3245-424a-9d3e-4d01b10d225a,C-RimOY3ZJ35,100,,,,6,6,0,2,0,0,0,2,0,2,0,0,0,0,0,0,0,0,0,0,0,0,0,0,1500,25/05/2025 10:59,Wet_Season
2a342647-d244-406b-9e2e-72d6ed38e16c,C-Rim0CRA545,,100,,,8,4,0,2,0,0,2,2,0,0,0,0,0,0,0,0,0,0,0,0,0,2,0,0,1500,25/05/2025 10:59,Wet_Season
8456b2ad-f65f-4328-8f2e-838dd99f4a4a,C-Rim12CE207,,100,,,8,4,0,2,0,0,2,2,0,0,0,0,0,0,0,0,0,0,0,0,0,2,0,0,1500,25/05/2025 10:59,Wet_Season
f2c979d6-2d60-44f2-bd9b-593ccd0eca85,C-RimA1YX002,100,,,,6,6,0,2,0,0,0,2,0,2,0,0,0,0,0,0,0,0,0,0,0,0,0,0,1500,25/05/2025 10:59,Wet_Season
0239a39d-c3cc-46b1-92b8-56b8fabde47e,C-RimFSVCO49,,100,,,8,4,0,2,0,0,2,2,0,0,0,0,0,0,0,0,0,0,0,0,0,2,0,0,1500,25/05/2025 10:59,Wet_Season
8e63d3cb-82ad-4249-83ac-2ba4a0812f77,C-RimV4MOU30,100,,,,6,6,0,2,0,0,0,2,0,2,0,0,0,0,0,0,0,0,0,0,0,0,0,0,1500,25/05/2025 10:59,Wet_Season
3d79ee53-da0f-42f7-b9d4-bab2fbb1bc27,C-Rim269SC00,100,,,,6,6,0,2,0,0,0,2,0,2,0,0,0,0,0,0,0,0,0,0,0,0,0,0,1500,25/05/2025 10:59,Wet_Season
464ebc7f-54d6-4a07-9217-f71f8c049ffd,C-RimCD88S41,,100,,,8,4,0,2,0,0,2,2,0,0,0,0,0,0,0,0,0,0,0,0,0,2,0,0,1500,25/05/2025 10:59,Wet_Season
19dc771c-0b9f-4250-94d7-5b7f77d23c7c,C-RimIKIGB21,,100,,,8,4,0,2,0,0,2,2,0,0,0,0,0,0,0,0,0,0,0,0,0,2,0,0,1500,25/05/2025 10:59,Wet_Season
1ac7aed9-8a68-4316-a799-5843e5bde723,C-RimJX1OH35,,100,,,8,4,0,2,0,0,2,2,0,0,0,0,0,0,0,0,0,0,0,0,0,2,0,0,1500,25/05/2025 10:59,Wet_Season
0b583b88-ac52-4eb1-9282-8c5bc55481fe,C-RimS4ZWN16,,100,,,8,4,0,2,0,0,2,2,0,0,0,0,0,0,0,0,0,0,0,0,0,2,0,0,1500,25/05/2025 10:59,Wet_Season
f83a2d81-1514-4e94-bc9f-9e84e2fb193c,C-RimUXE5Q12,100,,,,6,6,0,2,0,0,0,2,0,2,0,0,0,0,0,0,0,0,0,0,0,0,0,0,1500,25/05/2025 10:59,Wet_Season
8de25841-d6e9-423b-8b30-a3e8f6fa049b,C-RimZX73R16,,100,,,8,4,0,2,0,0,2,2,0,0,0,0,0,0,0,0,0,0,0,0,0,2,0,0,1500,25/05/2025 10:59,Wet_Season
7b61a296-b13a-46e6-93dd-09fc575b6755,C-Rim9S3NO33,100,,,,6,6,0,2,0,0,0,2,0,2,0,0,0,0,0,0,0,0,0,0,0,0,0,0,1500,25/05/2025 10:59,Wet_Season
f105c4d3-f8e0-4c20-870e-8672ae77da17,C-Rim9ZFVH19,,100,,,8,4,0,2,0,0,2,2,0,0,0,0,0,0,0,0,0,0,0,0,0,2,0,0,1500,25/05/2025 10:59,Wet_Season
9daccd13-c76e-4a4c-a31c-81fe4e3aaa39,C-RimCKNW311,100,,,,6,6,0,2,0,0,0,2,0,2,0,0,0,0,0,0,0,0,0,0,0,0,0,0,1500,25/05/2025 10:59,Wet_Season
316c0c15-03fd-4a60-b952-9c444b089e74,C-RimFZNSD32,,100,,,8,4,0,2,0,0,2,2,0,0,0,0,0,0,0,0,0,0,0,0,0,2,0,0,1500,25/05/2025 10:59,Wet_Season
b3a2f8c6-4c66-478a-bdf9-5cd1abd43535,C-RimIMZJC12,,100,,,8,4,0,2,0,0,2,2,0,0,0,0,0,0,0,0,0,0,0,0,0,2,0,0,1500,25/05/2025 10:59,Wet_Season
aed22c9a-bce6-4815-b650-9e1b8a7c6f95,C-RimY0U9W51,,100,,,8,4,0,2,0,0,2,2,0,0,0,0,0,0,0,0,0,0,0,0,0,2,0,0,1500,25/05/2025 10:59,Wet_Season
f5bf7c23-c003-4090-bebe-02edb42e004b,C-RimZSDBR53,,100,,,8,4,0,2,0,0,2,2,0,0,0,0,0,0,0,0,0,0,0,0,0,2,0,0,1500,25/05/2025 10:59,Wet_Season
40b73368-46b0-48eb-bdc0-5f4dd98dc456,C-RimP9TN457,100,,,,6,6,0,2,0,0,0,2,0,2,0,0,0,0,0,0,0,0,0,0,0,0,0,0,1500,25/05/2025 10:59,Wet_Season
11c0064d-447b-4ff0-8d2f-028bd54b3154,C-RimPP66427,,100,,,8,4,0,2,0,0,2,2,0,0,0,0,0,0,0,0,0,0,0,0,0,2,0,0,1500,25/05/2025 11:00,Wet_Season
6b3f4898-f032-4d6c-94f6-0eba68851032,C-RimQ8LXX39,,100,,,8,4,0,2,0,0,2,2,0,0,0,0,0,0,0,0,0,0,0,0,0,2,0,0,1500,25/05/2025 11:00,Wet_Season
8e1d3d28-ba1f-4fee-9425-7ecd312edf63,C-RimVU4SE51,100,,,,6,6,0,2,0,0,0,2,0,2,0,0,0,0,0,0,0,0,0,0,0,0,0,0,1500,25/05/2025 11:00,Wet_Season
baeff74e-49a7-45fd-90f6-878771b312f2,C-RimZJ8BN34,,100,,,8,4,0,2,0,0,2,2,0,0,0,0,0,0,0,0,0,0,0,0,0,2,0,0,1500,25/05/2025 11:00,Wet_Season
de86d9e8-03e7-4942-ac94-13c48072efa0,C-Tud07TRS21,100,,,,6,6,0,2,0,0,0,2,0,2,0,0,0,0,0,0,0,0,0,0,0,0,0,0,1500,25/05/2025 11:00,Wet_Season
05226776-f1fe-4345-acdb-0532dd1d5ee2,C-Tud3JI2J16,,100,,,8,4,0,2,0,0,2,2,0,0,0,0,0,0,0,0,0,0,0,0,0,2,0,0,1500,25/05/2025 11:00,Wet_Season
7b3b0d6e-7c59-46f0-bdc6-c0fdd94a6aa6,C-Tud5BILT58,100,,,,6,6,0,2,0,0,0,2,0,2,0,0,0,0,0,0,0,0,0,0,0,0,0,0,1500,25/05/2025 11:00,Wet_Season
4a0dc753-225b-4877-b9f0-4fad464b8405,C-Taf0WDKO19,,20,,,8,2,0,0,0,0,2,0,0,0,0,0,0,0,0,0,0,0,0,0,0,2,0,0,2,25/05/2025 11:00,Wet_Season
ed073334-87c2-4192-b69b-789771e23632,C-Tud9RM9B34,,100,,,8,4,0,2,0,0,2,2,0,0,0,0,0,0,0,0,0,0,0,0,0,2,0,0,1500,25/05/2025 11:00,Wet_Season
14014000-11ca-4f05-b328-c48a6f346d83,C-TudAITR313,100,,,,6,6,0,2,0,0,0,2,0,2,0,0,0,0,0,0,0,0,0,0,0,0,0,0,1500,25/05/2025 11:00,Wet_Season
58b071df-e326-411e-93be-42e3bb61040c,C-TudBZLYY54,,100,,,8,4,0,2,0,0,2,2,0,0,0,0,0,0,0,0,0,0,0,0,0,2,0,0,1500,25/05/2025 11:00,Wet_Season
8a63f673-813f-41cb-8eba-d6591e9a5f92,C-TudF2JUN21,,100,,,8,4,0,2,0,0,2,2,0,0,0,0,0,0,0,0,0,0,0,0,0,2,0,0,1500,25/05/2025 11:00,Wet_Season
849c87d4-19dc-455e-a321-9dd96552d343,C-TudF7ZBC50,100,,,,6,6,0,2,0,0,0,2,0,2,0,0,0,0,0,0,0,0,0,0,0,0,0,0,1500,25/05/2025 11:00,Wet_Season
746db679-cc26-481a-ae8b-db6604aeb600,C-TudLFVBU59,,100,,,8,6,0,2,0,0,2,2,0,0,0,0,0,0,0,0,0,0,0,0,0,2,0,0,1500,25/05/2025 11:00,Wet_Season
72c55a6b-484e-4e62-94c8-23bed8a9db90,C-TudM0UKY16,,100,,,8,4,0,2,0,0,2,2,0,0,0,0,0,0,0,0,0,0,0,0,0,2,0,0,1500,25/05/2025 11:00,Wet_Season
030b3331-5234-4c12-8851-2f330ed72a02,C-TudM526015,100,,,,6,6,0,2,0,0,0,2,0,2,0,0,0,0,0,0,0,0,0,0,0,0,0,0,1500,25/05/2025 11:00,Wet_Season
0df27721-8902-46c9-8a50-c2548b9cc5f2,C-TudPZVNH41,100,,,,6,6,0,2,0,0,0,2,0,2,0,0,0,0,0,0,0,0,0,0,0,0,0,0,1500,25/05/2025 11:00,Wet_Season
d728ca61-8390-434b-8ee3-c07f3ba5250a,C-TudXDJZO47,,100,,,8,6,0,2,0,0,2,2,0,0,0,0,0,0,0,0,0,0,0,0,0,2,0,0,1500,25/05/2025 11:01,Wet_Season
004d036a-fb45-4b57-8679-7c21ccf48e0d,C-LafXD7II25,,50,,,4,3,0,0,0,0,0,0,0,0,0,0,0,0,0,0,0,0,0,2,2,0,125,2,0,25/05/2025 11:01,Wet_Season
5fa2d001-0649-485e-b734-9c8c90f7980b,C-LafW1A7229,,50,,,4,3,0,0,0,0,0,0,0,0,0,0,0,0,0,0,0,0,0,2,2,0,5,2,0,25/05/2025 11:02,Wet_Season
7bf5f659-aa1e-4085-aab8-5706d99c58f0,C-KagL3QGT08,20,,,,4,3,0,0,0,0,0,0,0,0,2,0,0,2,0,0,0,0,2,0,2,0,0,2,0,25/05/2025 11:03,Wet_Season
5da62540-fc77-42f3-b0b7-a04f5fd16b2b,C-Taf22COA48,,100,,,8,6,0,0,0,0,2,0,0,0,0,0,0,0,0,0,0,0,0,0,0,2,0,0,2,25/05/2025 11:03,Wet_Season
4f4a04a6-edd6-404d-a8c2-79defec21a10,C-LafAOP6V13,20,,,,4,3,0,0,0,0,0,0,0,0,2,0,0,5,0,0,0,0,2,0,125,0,0,2,0,25/05/2025 11:05,Wet_Season
17e4f0dd-3e56-46c3-ba16-b9b96847cb66,C-KagDUHF541,20,,,,4,3,0,0,0,0,0,0,0,0,2,0,0,0,0,0,0,0,2,0,2,0,0,2,0,25/05/2025 11:07,Wet_Season
5fec4ce9-21af-4a89-9fde-365fec27671a,C-LafNDXE139,,50,,,4,3,0,0,0,0,0,0,0,0,0,0,0,0,0,0,0,0,0,2,0.5,0,125,2,0,25/05/2025 11:08,Wet_Season
e655fca9-cea7-4c7e-b30f-70bb6bca5967,C-LafNUYLE12,20,,,,4,3,0,0,0,0,0,0,0,0,2,0,0,5,0,0,0,0,2,0,125,0,0,2,0,25/05/2025 11:09,Wet_Season
cb5df24d-d7ae-4d43-81ec-fa181499f7f4,C-LafMQEXP37,20,,,,4,3,0,0,0,0,0,0,0,0,2,0,0,5,0,0,0,0,2,0,125,0,0,2,0,25/05/2025 11:10,Wet_Season
100a2911-bd6e-4a93-b24d-109ef3a9ce95,C-LafRIUUN45,,50,,,4,3,0,0,0,0,0,0,0,0,0,0,0,0,0,0,0,0,0,2,0.5,0,125,2,0,25/05/2025 11:11,Wet_Season
3c0796a3-0c7c-439a-972a-29beb5c82c5c,C-LafNZVH131,20,,,,4,3,0,0,0,0,0,0,0,0,2,0,0,5,0,0,0,0,2,0,125,0,0,2,0,25/05/2025 11:12,Wet_Season
88a57fb5-f40f-425d-8b72-9c09f398079f,C-LafK7Y9T34,,50,,,4,3,0,0,0,0,0,0,0,0,0,0,0,0,0,0,0,0,0,2,0.5,0,125,2,0,25/05/2025 11:14,Wet_Season
56b2a295-5042-4f6d-9f72-7b06738b8ffb,C-Laf608M845,,50,,,4,3,0,0,0,0,0,0,0,0,0,0,0,0,0,0,0,0,0,2,0.5,0,125,2,0,25/05/2025 11:17,Wet_Season
7fa5e626-542c-4984-895a-56e6a3dd9900,C-KagM3DTI17,20,,,,4,3,0,0,0,0,0,0,0,0,2,0,0,2,0,0,0,0,2,0,2,0,0,2,0,25/05/2025 11:17,Wet_Season
260c8f7d-3908-4bd9-a0b7-e4f7ee91fcc7,C-Laf78RAY09,,50,,,4,3,0,0,0,0,0,0,0,0,0,0,0,0,0,0,0,0,0,2,0.5,0,125,2,0,25/05/2025 11:18,Wet_Season
abd8f439-37eb-4868-ac65-26ddcb3b6ba9,C-LafKRT2G37,,50,,,4,3,0,0,0,0,0,0,0,0,0,0,0,0,0,0,0,0,0,2,0.5,0,125,2,0,25/05/2025 11:19,Wet_Season
2075de59-8247-4e2d-8d68-7ddce4020685,C-LafS3ZY305,,50,,,4,3,0,0,0,0,0,0,0,0,0,0,0,0,0,0,0,0,0,2,2,0,125,2,0,25/05/2025 11:24,Wet_Season
37323952-a18f-42bf-b8ea-3b50c908041a,C-LafLYT8L41,,50,,,4,3,0,0,0,0,0,0,0,0,0,0,0,0,0,0,0,0,0,2,0.5,0,125,2,0,25/05/2025 11:25,Wet_Season
393a5db5-8e6c-4538-a93f-6f3523a3743b,C-LafDA5RB24,,50,,,4,3,0,0,0,0,0,0,0,0,0,0,0,0,0,0,0,0,0,2,0.5,0,125,2,0,25/05/2025 11:26,Wet_Season
aeb9a962-525f-4586-831f-31d7d6d3f034,C-Laf72UFR18,,50,,,4,3,0,0,0,0,0,0,0,0,0,0,0,0,0,0,0,0,0,2,0.5,0,125,2,0,25/05/2025 11:27,Wet_Season
5bb23820-fd03-4a75-a7e1-6a811577c62e,C-Taf53Z0R49,,100,,,8,6,0,0,0,0,2,0,0,0,0,0,0,0,0,0,0,0,0,0,0,2,0,0,2,25/05/2025 11:35,Wet_Season
e8799efc-6d1e-49a5-97d3-d322ec5f164a,C-Taf55NP838,,100,,,8,6,0,0,0,0,2,0,0,0,0,0,0,0,0,0,0,0,0,0,0,2,0,0,2,25/05/2025 11:35,Wet_Season
cfece3b1-d58c-4da1-b3bf-e5082852058c,C-Taf5R49R03,,100,,,8,6,0,0,0,0,2,0,0,0,0,0,0,0,0,0,0,0,0,0,0,2,0,0,2,25/05/2025 11:35,Wet_Season
10339a53-dbfb-43e5-9e2f-dbc06498e9d0,C-TafBLKDR55,,100,,,8,6,0,0,0,0,2,0,0,0,0,0,0,0,0,0,0,0,0,0,0,2,0,0,2,25/05/2025 11:35,Wet_Season
5f7754d7-6b3c-4c20-a0fc-4cc546f1303d,C-TafDYTU947,,,,,8,6,0,0,0,0,2,0,0,0,0,0,0,0,0,0,0,0,0,0,0,2,0,0,2,25/05/2025 11:35,Wet_Season
e7ccf277-e180-4b60-8e19-26ccdae61728,C-TafGAYLD47,,100,,,8,6,0,0,0,0,2,0,0,0,0,0,0,0,0,0,0,0,0,0,0,2,0,0,2,25/05/2025 11:35,Wet_Season
36d9de54-96cd-4992-863b-27a48ef72690,C-TafI84D808,,100,,,8,6,0,0,0,0,0,0,0,0,0,0,0,0,0,0,0,0,0,0,0,2,0,0,2,25/05/2025 11:35,Wet_Season
9a348e97-0e1e-42ea-b102-787cb50c766e,C-TafJL10917,,100,,,8,6,0,0,0,0,2,0,0,0,0,0,0,0,0,0,0,0,0,0,0,2,0,0,2,25/05/2025 11:35,Wet_Season
379d69c4-1b34-43b4-85e7-e5b192116e53,C-TafKX9OW01,,100,,,8,6,0,0,0,0,0,0,0,0,0,0,0,0,0,0,0,0,0,0,0,2,0,0,2,25/05/2025 11:35,Wet_Season
c1682696-e86b-4e94-a263-0cf4f485e356,C-TafL3RF610,,100,,,8,6,0,0,0,0,0,0,0,0,0,0,0,0,0,0,0,0,0,0,0,2,0,0,2,25/05/2025 11:35,Wet_Season
d1394bbd-16bc-41ed-8294-60a88b2990ab,C-TafL5VDU34,,100,,,8,6,0,0,0,0,2,0,0,0,0,0,0,0,0,0,0,0,0,0,0,2,0,0,2,25/05/2025 11:35,Wet_Season
22505d5c-9b45-4e15-abf4-94aee43def4b,C-TafLIZCM49,,100,,,8,6,0,0,0,0,2,0,0,0,0,0,0,0,0,0,0,0,0,0,0,2,0,0,2,25/05/2025 11:36,Wet_Season
39aca134-70eb-464a-8506-a061f74da222,C-TafLIZCM49,,100,,,8,6,0,0,0,0,0,0,0,0,0,0,0,0,0,0,0,0,0,0,0,2,0,2,2,25/05/2025 11:36,Wet_Season
b6031086-e17f-44a7-b822-e84413ae2b85,C-TafW8CWB18,,100,,,8,6,0,0,0,0,0,0,0,0,0,0,0,0,0,0,0,0,0,0,0,2,0,0,2,25/05/2025 11:36,Wet_Season
99aa0e8e-8d7c-4e31-b2fc-62a068674459,C-TafWT3Q021,,100,,,8,6,0,0,0,0,0,0,0,0,0,0,0,0,0,0,0,0,0,0,0,2,0,0,2,25/05/2025 11:36,Wet_Season
f82dbb6c-1453-47ed-8c1a-f0cb635c003f,C-Taf1DJR249,,100,,,8,6,0,0,0,0,2,0,0,0,0,0,0,0,0,0,0,0,0,0,0,2,0,0,2,25/05/2025 11:38,Wet_Season
c2ce420b-4de9-49d4-9224-4067e878c313,C-DomNAC7713,20,,,,4,3,0,0,0,0,0,0,0,0,2,0,0,0,0,0,0,0,2,0,0.5,0,0,2,0,25/05/2025 11:40,Wet_Season
d7c401a2-ea45-45d9-9778-3da67914c3cc,C-Dom60MRN46,50,,,,4,3,0,0,0,0,0,0,0,0,2,0,0,0,0,0,0,0,2,0,0.5,0,0,2,0,25/05/2025 11:47,Wet_Season
85978263-7ac3-41cc-bc5e-6ccc9f4996f6,C-Akk2V14659,,100,,,8,6,0,2,0,0,2,2,0,0,0,0,0,0,0,0,0,0,0,0,0,0,0,0,1500,25/05/2025 11:51,Wet_Season
59813c99-9971-4b4c-a957-edbcc412aef5,C-LafOXOAT14,25,,,,4,3,0,0,0,0,0,0,0,0,2,0,0,0,0,0,0,0,2,0,2,0,0,2,0,25/05/2025 11:52,Wet_Season
8739331f-08a0-4206-b8c2-ab282fb6479b,C-DomQ7NXG58,,50,,,4,3,0,0,0,0,0,0,0,0,0,0,0,0,0,0,0,0,0,2,0.5,0,2,2,0,25/05/2025 11:53,Wet_Season
886c5f67-8670-43ab-a214-2f71a0000018,C-Akk491OG52,,100,,,8,6,0,2,0,0,2,2,0,0,0,0,0,0,0,0,0,0,0,0,0,0,0,0,1500,25/05/2025 11:54,Wet_Season
cfdfd0e3-d242-4657-9231-c29030744879,C-Akk4HCOX26,,100,,,8,6,0,2,0,0,2,2,0,0,0,0,0,0,0,0,0,0,0,0,0,0,0,0,1500,25/05/2025 11:57,Wet_Season
99f77a9d-e2f8-4f67-a8cd-f96388004aac,C-DomCNRYH43,20,,,,4,3,0,0,0,0,0,0,0,0,2,0,0,0,0,0,0,0,2,0,2,0,0,2,0,25/05/2025 11:58,Wet_Season
40d14489-cc9c-41d9-9cfc-836c1cf5128a,C-LafO9OGU08,20,,,,4,3,0,0,0,0,0,0,0,0,2,0,0,5,0,0,0,0,2,0,2,0,0,2,0,25/05/2025 11:59,Wet_Season
5f1b6423-72f7-4c94-a18f-0c7a0761827b,C-DomH24EY45,,50,,,4,3,0,0,0,0,0,0,0,0,0,0,0,0,0,0,0,0,0,2,0.5,0,2,2,0,25/05/2025 12:02,Wet_Season
1fa896bc-bb8b-49aa-91b4-e15c2907106e,C-DomPIMWP09,20,,,,4,3,0,0,0,0,0,0,0,0,2,0,0,0,0,0,0,0,2,0,0.5,0,0,2,0,25/05/2025 12:06,Wet_Season
4ff8a59a-3c9d-440d-bb66-b79e3d333d1f,C-DomAAMOV58,20,,,,4,3,0,0,0,0,0,0,0,0,2,0,0,0,0,0,0,0,2,0,0.5,0,0,2,0,25/05/2025 12:11,Wet_Season
38d738b6-e3ad-481b-bad7-4b59a17ddbec,C-DomQZIVB50,20,,,,4,3,0,0,0,0,0,0,0,0,2,0,0,0,0,0,0,0,2,0,0.5,0,0,2,0,25/05/2025 12:15,Wet_Season
0968a3b9-f2a6-4f8d-8dde-bccae9536962,C-Laf22WBT36,50,,,,4,3,0,0,0,0,0,0,0,0,2,0,0,0,0,0,0,0,2,0,2,0,0,2,0,25/05/2025 12:18,Wet_Season
f177566d-460d-4add-be9c-e85556590974,C-Laf82Q7Z23,,50,,,4,3,0,0,0,0,0,0,0,0,0,0,0,0,0,0,0,0,0,2,2,0,5,2,0,25/05/2025 12:18,Wet_Season
dfb4426f-a494-4bf6-aa8c-2891b9612a80,C-DomIOB3F53,,50,,,4,3,0,0,0,0,0,0,0,0,0,0,0,0,0,0,0,0,0,2,0.5,0,2,2,0,25/05/2025 12:18,Wet_Season
e21d3e86-f0ad-456d-be4c-092d60648e6e,C-LafMMF7040,,50,,,4,3,0,0,0,0,0,0,0,0,0,0,0,0,0,0,0,0,0,2,2,0,5,2,0,25/05/2025 12:18,Wet_Season
57b33f37-e3fb-4692-8bc8-ad65e3214ba4,C-Laf0U6JV25,,50,,,0,0,0,0,0,0,0,0,0,0,0,0,0,0,0,0,0,0,0,2,2,0,5,2,0,25/05/2025 12:19,Wet_Season
5c16bd41-aa95-4c2b-9e7b-bcd49d63f8d3,C-Laf0TYOY20,,50,,,4,3,0,0,0,0,0,0,0,0,0,0,0,0,0,0,0,0,0,2,2,0,5,2,0,25/05/2025 12:19,Wet_Season
c025493b-d4f5-416e-996d-3e4629fc9cb5,C-LafO9MHG34,,50,,,4,3,0,0,0,0,0,0,0,0,0,0,0,0,0,0,0,0,0,2,2,0,5,2,0,25/05/2025 12:19,Wet_Season
14cc267e-88c2-4d8d-a04f-3a3e6f85c5b4,C-LafMADNF16,,50,,,4,3,0,0,0,0,0,0,0,0,0,0,0,0,0,0,0,0,0,2,2,0,5,2,0,25/05/2025 12:19,Wet_Season
b5e5c9cb-ec91-48de-bd5a-c3c1b6c6af07,C-Laf6XC6K05,50,,,,4,3,0,0,0,0,0,0,0,0,2,0,0,0,0,0,0,0,2,0,2,0,0,2,0,25/05/2025 12:19,Wet_Season
f954b3c4-0ea4-41a0-ace4-e8624b9b1cd3,C-LafZ08UM59,,50,,,4,3,0,0,0,0,0,0,0,0,0,0,0,0,0,0,0,0,0,2,2,0,5,2,0,25/05/2025 12:19,Wet_Season
5a0d32c1-2e30-45ce-aa47-092fc95a3dd5,C-LafYWL1O22,,50,,,4,3,0,0,0,0,0,0,0,0,0,0,0,0,0,0,0,0,0,2,2,0,5,2,0,25/05/2025 12:19,Wet_Season
9b058e9b-d539-4bfc-94b3-9313e50afeea,C-LafES4GK07,,50,,,4,3,0,0,0,0,0,0,0,0,0,0,0,0,0,0,0,0,0,2,2,0,5,2,0,25/05/2025 12:19,Wet_Season
609cc9e1-5537-4f76-b2fc-97b8da4a0437,C-DomTYEKS33,,50,,,4,3,0,0,0,0,0,0,0,0,0,0,0,0,0,0,0,0,0,2,0.5,0,2,2,0,25/05/2025 12:28,Wet_Season
3f063248-f510-479c-940e-8762850d806b,C-Dom7SK8U50,50,,,,4,3,0,0,0,0,0,0,0,0,2,0,0,0,0,0,0,0,2,0,0.5,0,0,2,0,25/05/2025 12:31,Wet_Season
af8a13fd-ac16-45c9-a4e3-cdab9cbfcc16,C-Nas3VPAV36,50,,,,4,3,0,0,0,0,0,0,0,0,2,0,0,5,0,0,0,0,2,0,2,0,0,2,0,25/05/2025 12:35,Wet_Season
19ebc73c-b86c-4c04-a569-144b52cd1f3c,C-Nas3BLFQ16,20,,,,4,3,0,0,0,0,0,0,0,0,2,0,0,5,0,0,0,0,2,0,0.5,0,0,2,0,25/05/2025 12:35,Wet_Season
07c83cb6-e99f-4afd-a116-c1d9f19bf4a5,C-NasB8OJD35,20,,,,4,3,0,0,0,0,0,0,0,0,2,0,0,5,0,0,0,0,2,0,0.5,0,0,2,0,25/05/2025 12:35,Wet_Season
b43decf0-1797-463d-826f-caa09c1c5882,C-Nas2MNFL31,20,,,,4,3,0,0,0,0,0,0,0,0,2,0,0,5,0,0,0,0,2,0,0.5,0,0,2,0,25/05/2025 12:35,Wet_Season
01fc2f8d-2ca5-410b-94c8-73d0749a3b55,C-NasN3MPT15,20,,,,4,3,0,0,0,0,0,0,0,0,2,0,0,5,0,0,0,0,2,0,0.5,0,0,2,0,25/05/2025 12:35,Wet_Season
5b0e6b1f-ed17-4fe0-8e7c-60fa75cbc8de,C-NasF30VB13,20,,,,4,3,0,0,0,0,0,0,0,0,2,0,0,5,0,0,0,0,2,0,0.5,0,0,2,0,25/05/2025 12:35,Wet_Season
4c7c3acd-6873-4d6e-ba10-75f1387cf486,C-NasHHG7E57,20,,,,4,3,0,0,0,0,0,0,0,0,2,0,0,5,0,0,0,0,2,0,0.5,0,0,2,0,25/05/2025 12:35,Wet_Season
bab5f979-c85b-4c87-a8a5-4bab84739527,C-NasR0B4W40,20,,,,4,3,0,0,0,0,0,0,0,0,2,0,0,5,0,0,0,0,2,0,0.5,0,0,2,0,25/05/2025 12:35,Wet_Season
8e88fbdc-9476-494e-82de-9d052f358f18,C-NasSI49Q58,20,,,,4,3,0,0,0,0,0,0,0,0,2,0,0,5,0,0,0,0,2,0,0.5,0,0,2,0,25/05/2025 12:36,Wet_Season
2dc4aa9c-a0f5-4b77-830c-af3e5b471206,C-NasYTSAH54,20,,,,4,3,0,0,0,0,0,0,0,0,2,0,0,5,0,0,0,0,2,0,0.5,0,0,2,0,25/05/2025 12:36,Wet_Season
75c415a9-8635-4396-af77-6f3605ffc802,C-NasV5LFO35,20,,,,4,3,0,0,0,0,0,0,0,0,2,0,0,5,0,0,0,0,2,0,0.5,0,0,2,0,25/05/2025 12:36,Wet_Season
86d0a154-a396-4e6c-8a9d-610eac42f1f7,C-LafZO4ZW41,20,,,,4,3,0,0,0,0,0,0,0,0,2,0,0,5,0,0,0,0,2,0,2,0,0,2,0,25/05/2025 12:37,Wet_Season
9c974903-ddcf-4118-8ec8-96551223975c,C-LafN737354,20,,,,4,2,0,0,0,0,0,0,0,0,2,0,0,5,0,0,0,0,2,0,2,0,0,2,0,25/05/2025 12:37,Wet_Season
28bf5cec-ff3e-4d4f-97ba-3a9d4ff7e623,C-DomXWEWR00,20,,,,4,3,0,0,0,0,0,0,0,0,2,0,0,0,0,0,0,0,2,0,0.5,0,0,2,0,25/05/2025 12:37,Wet_Season
2d53d66d-bb5c-4bed-8f82-3982ea74cc22,C-LafYSBOU15,,50,,,4,3,0,0,0,0,0,0,0,0,0,0,0,0,0,0,0,0,0,2,2,0,5,2,0,25/05/2025 12:47,Wet_Season
1fdfb6c9-eadd-4187-aef6-cf65b9218bb3,C-LafKG8HL29,50,,,,4,3,0,0,0,0,0,0,0,0,2,0,0,5,0,0,0,0,2,0,2,0,0,2,0,25/05/2025 12:51,Wet_Season
9047fe2c-e75b-4266-8adf-823387195c11,C-NasRSLCY57,20,,,,4,3,0,2,0,0,0,0,0,0,2,0,0,5,0,0,0,0,2,2,2,0,0,2,0,25/05/2025 12:59,Wet_Season
bc1188a0-b1e9-4231-a8ca-5b28279fabbf,C-NasXO57716,20,,,,4,3,0,2,0,0,0,0,0,0,2,0,0,5,0,0,0,0,2,2,2,0,0,2,0,25/05/2025 12:59,Wet_Season
9b27d17f-c1e9-4ff5-b92d-62086f74c72e,C-NasUE61W49,20,,,,4,3,0,2,0,0,0,0,0,0,2,0,0,5,0,0,0,0,2,0,2,0,0,2,0,25/05/2025 12:59,Wet_Season
e779b0c5-c77d-4465-84eb-8a5861e60989,C-NasC9WIH23,20,,,,4,3,0,2,0,0,0,0,0,0,2,0,0,5,0,0,0,0,2,2,2,0,0,2,0,25/05/2025 13:00,Wet_Season
3ee01fc5-878c-4cd6-ad54-017c66f5f1f1,C-NasPGY3719,20,,,,4,3,0,2,0,0,0,0,0,0,2,0,0,5,0,0,0,0,2,2,2,0,0,2,0,25/05/2025 13:00,Wet_Season
b89de79f-cf7f-4212-ad23-7b7d94e97f32,C-NasL3ONU58,20,,,,4,3,0,2,0,0,0,0,0,0,2,0,0,5,0,0,0,0,2,2,2,0,0,2,0,25/05/2025 13:00,Wet_Season
505dc471-2b2b-4bb3-a534-2a91a9e207a6,C-NasWSCPP53,20,,,,4,3,0,2,0,0,0,0,0,0,2,0,0,5,0,0,0,0,2,2,2,0,0,2,0,25/05/2025 13:00,Wet_Season
ef9dac71-10a6-42d9-95c1-994e17043d1d,C-NasAHFWQ05,20,,,,4,3,0,2,0,0,0,0,0,0,2,0,0,5,0,0,0,0,2,2,2,0,0,2,0,25/05/2025 13:00,Wet_Season
9eaab9d0-496b-4d69-ad0a-c112a1d6a3d0,C-NasD1DTM24,20,,,,4,3,0,2,0,0,0,0,0,0,2,0,0,5,0,0,0,0,2,2,2,0,0,2,0,25/05/2025 13:00,Wet_Season
3139ee1d-6b0b-4c21-8eee-109c4529d93a,C-Kag9ZWAS47,20,,,,4,3,0,0,0,0,0,0,0,0,2,0,0,3,0,0,0,0,2,0,2,0,0,2,0,25/05/2025 13:26,Wet_Season
b44b3353-89cb-49f7-a80e-f843c77c7d93,C-KagUSSLV22,20,,,,4,3,0,0,0,0,0,0,0,0,2,0,0,3,0,0,0,0,2,0,2,0,0,2,0,25/05/2025 13:26,Wet_Season
134e82b8-1e29-4d46-ba1b-49f164d2a36b,C-Kag19B4S49,,50,,,4,3,0,0,0,0,0,0,0,0,0,0,0,0,0,0,0,0,0,2,2,0,5,2,0,25/05/2025 13:26,Wet_Season
deeca9dd-d043-4c2b-88bf-9f4b2af6df30,C-KagF5WQ020,20,,,,4,3,0,0,0,0,0,0,0,0,2,0,0,3,0,0,0,0,2,0,2,0,0,2,0,25/05/2025 13:26,Wet_Season
b1ffe6cb-1f1e-4e44-99aa-c9423512fca5,C-Kag1T6XY04,20,,,,4,3,0,0,0,0,0,0,0,0,2,0,0,3,0,0,0,0,2,0,2,0,0,2,0,25/05/2025 13:26,Wet_Season
c81b13f5-1f9b-41b8-b640-6a4679a0dae2,C-KagVX8SB49,20,,,,4,3,0,0,0,0,0,0,0,0,2,0,0,3,0,0,0,0,2,0,2,0,0,2,0,25/05/2025 13:26,Wet_Season
c3df98bd-b2df-4510-96c7-6103d783ea42,C-Jab2AC0O56,,50,,,0,0,0,0,0,0,0,0,0,0,0,0,0,0,0,0,0,0,0,0,0,0,0,0,0,25/05/2025 13:36,Wet_Season
41b0659b-3fc0-46b0-a4c9-e5915ed05e6a,C-Jem6TR1K52,20,,,,4,3,0,0,0,0,0,0,0,0,2,0,0,5,0,0,0,0,2,0,2,0,0,2,0,25/05/2025 13:48,Wet_Season
7ae4d8d2-13e7-40b3-b7d4-2f674068202b,C-JemI2K4V13,20,,,,4,3,0,0,0,0,0,0,0,0,2,0,0,5,0,0,0,0,2,0,2,0,0,2,0,25/05/2025 14:00,Wet_Season
5843b0b3-ba55-4c93-82f9-3ad4d4516caa,C-Beb1G6YF49,,100,,,8,6,0,2,0,0,2,2,0,0,0,0,0,0,0,0,0,0,0,0,0,2,0,0,1500,25/05/2025 14:01,Wet_Season
ef1f308e-d2d8-44fe-a227-cc958125d0ff,C-Beb6V8ZE05,,100,,,8,6,0,2,0,0,2,2,0,0,0,0,0,0,0,0,0,0,0,0,0,2,0,0,1500,25/05/2025 14:02,Wet_Season
c65ad360-6a2c-473d-911c-b2794b1742b8,C-Beb7BVPK39,,100,,,8,6,0,2,0,0,2,2,0,0,0,0,0,0,0,0,0,0,0,0,0,2,0,0,1500,25/05/2025 14:04,Wet_Season
0af428fb-2b43-40a1-8c13-373a4fa5776a,C-Beb7Z8GW41,,100,,,8,6,0,2,0,0,2,2,0,0,0,0,0,0,0,0,0,0,0,0,0,2,0,0,1500,25/05/2025 14:05,Wet_Season
8609e1d0-144a-4a4b-8d0c-eca0f94b7fd2,C-JemWDPAD09,20,,,,4,3,0,0,0,0,0,0,0,0,2,0,0,5,0,0,0,0,2,0,2,0,0,2,0,25/05/2025 14:05,Wet_Season
b017c201-19e4-499c-bf5c-9614687a1790,C-BebBA86J01,,100,,,8,6,0,2,0,0,2,2,0,0,0,0,0,0,0,0,0,0,0,0,0,2,0,0,1500,25/05/2025 14:06,Wet_Season
fc93c786-c686-4c2b-b59c-0ec99fda6892,C-BebCBRZ730,,100,,,8,6,0,2,0,0,2,2,0,0,0,0,0,0,0,0,0,0,0,0,0,2,0,0,1500,25/05/2025 14:08,Wet_Season
a235c7a2-d9a2-4b2d-838b-712323b8b846,C-Jem5M7O153,20,,,,4,3,0,0,0,0,0,0,0,0,2,0,0,5,0,0,0,0,2,0,2,0,0,2,0,25/05/2025 14:09,Wet_Season
51ef3140-e8e9-46e9-b095-d81a1053eba9,C-BebG0HW459,,100,,,8,6,0,2,0,0,2,2,0,0,0,0,0,0,0,0,0,0,0,0,0,2,0,0,1500,25/05/2025 14:11,Wet_Season
2a8bae6a-aff2-470e-8054-90a59875a7a1,C-JemN4YG713,,50,,,4,3,0,0,0,0,0,0,0,0,0,0,0,0,0,0,0,0,0,2,2,0,5,2,0,25/05/2025 14:18,Wet_Season
d4190483-335e-489a-b77d-0126fe185c38,C-BebUVT5Z12,,100,,,8,6,0,2,0,0,2,2,0,0,0,0,0,0,0,0,0,0,0,0,0,2,0,0,1500,25/05/2025 14:18,Wet_Season
237ad34b-6800-4e09-81c2-2b4068a59352,C-BebVKUBM59,,100,,,8,6,0,2,0,0,2,2,0,0,0,0,0,0,0,0,0,0,0,0,0,2,0,0,1500,25/05/2025 14:18,Wet_Season
36e7a392-18fa-40e6-972a-7e716737a0be,C-JemVLZFY55,20,,,,4,3,0,0,0,0,0,0,0,0,2,0,0,5,0,0,0,0,2,0,2,0,0,2,0,25/05/2025 14:26,Wet_Season
7ad68ff4-3587-45b7-8a87-e9c024352f49,C-BebYB17S51,,100,,,8,6,0,2,0,0,2,2,0,0,0,0,0,0,0,0,0,0,0,0,0,2,0,0,1500,25/05/2025 14:28,Wet_Season
ff184dc5-fa51-48f4-8ac0-9b60b2d0b8e6,C-BebZVJU043,,100,,,8,6,0,2,0,0,2,2,0,0,0,0,0,0,0,0,0,0,0,0,0,2,0,0,1500,25/05/2025 14:32,Wet_Season
34c4081b-4e21-418b-a150-f8f1d495cb38,C-JemH6WKX35,,50,,,4,3,0,0,0,0,0,0,0,0,0,0,0,0,0,0,0,0,0,2,2,0,5,2,0,25/05/2025 14:33,Wet_Season
4ea32430-3354-4d79-9a46-672df1191003,C-Kir8149052,,100,,,8,6,0,2,0,0,2,2,0,0,0,0,0,0,0,0,0,0,0,0,0,2,0,0,1500,25/05/2025 14:35,Wet_Season
52e4d8ee-eb77-4e49-bca2-db6039bb68ec,C-KirM9QCS41,,100,,,8,6,0,2,0,0,2,2,0,0,0,0,0,0,0,0,0,0,0,0,0,2,0,0,1500,25/05/2025 14:35,Wet_Season
ee909c64-487e-4a2f-9cde-5978f69f03f7,C-KirZJ0LP16,,100,,,8,6,0,2,0,0,2,2,0,0,0,0,0,0,0,0,0,0,0,0,0,2,0,0,1500,25/05/2025 14:35,Wet_Season
2fba7dcb-256e-4be3-958a-96f69b4f24de,C-AkaMTQT008,20,,,,4,3,0,0,0,0,0,0,0,0,2,0,0,0,0,0,0,0,2,0,2,0,0,2,0,25/05/2025 14:38,Wet_Season
fa37a9c6-f1ac-4db8-b1d0-d452e2de26b0,C-Jem5CZG255,20,,,,4,3,0,0,0,0,0,0,0,0,2,0,0,5,0,0,0,0,2,0,2,0,0,2,0,25/05/2025 14:40,Wet_Season
4e47bc3c-f245-46aa-92e3-6b0390fc8b33,C-Kir0S50Y40,,100,,,8,6,0,2,0,0,2,2,0,0,0,0,0,0,0,0,0,0,0,0,0,2,0,0,1500,25/05/2025 15:09,Wet_Season
0804705f-bbc7-425a-96ec-d7281d772556,C-Kir3HCRL52,,100,,,8,6,0,2,0,0,2,2,0,0,0,0,0,0,0,0,0,0,0,0,0,2,0,0,1500,25/05/2025 15:09,Wet_Season
3a9df780-19d8-4215-9dce-661f4eb25597,C-Kir527UO23,,100,,,8,6,0,2,0,0,2,2,0,0,0,0,0,0,0,0,0,0,0,0,0,2,0,0,1500,25/05/2025 15:10,Wet_Season
cee7dfda-ff15-4873-adf2-25490be287da,C-AkaS40H137,20,,,,4,3,0,0,0,0,0,0,0,0,2,0,0,0,0,0,0,0,2,0,2,0,0,2,0,25/05/2025 15:13,Wet_Season
3d463ad3-48ee-4c5c-8c8f-0e76bf4b1f79,C-Aka6FX8E21,20,,,,4,3,0,0,0,0,0,0,0,0,2,0,0,0,0,0,0,0,2,0,2,0,0,2,0,25/05/2025 15:13,Wet_Season
8c7fdae6-5198-40ec-bb31-3bf8aee2fcfc,C-Aka2MGZ346,20,,,,4,3,0,0,0,0,0,0,0,0,2,0,0,0,0,0,0,0,2,0,2,0,0,2,0,25/05/2025 15:13,Wet_Season
5fe27115-b17d-432d-9a9e-cb2975d8d094,C-Aka3RJXA04,20,,,,4,3,0,0,0,0,0,0,0,0,2,0,0,0,0,0,0,0,2,0,2,0,0,2,0,25/05/2025 15:13,Wet_Season
7972205a-ee9e-49cf-915e-3b130d0228e4,C-Aka67BBK04,20,,,,4,3,0,0,0,0,0,0,0,0,2,0,0,0,0,0,0,0,2,0,2,0,0,2,0,25/05/2025 15:13,Wet_Season
5ae98b7d-3c7e-4808-bbcd-623e46279684,C-KirC5FRV57,,100,,,8,6,0,2,0,0,2,2,0,0,0,0,0,0,0,0,0,0,0,0,0,2,0,0,1500,25/05/2025 15:13,Wet_Season
9d51b2d6-751d-416a-93bf-8a2a9f02a5aa,C-Aka4784H53,20,,,,4,3,0,0,0,0,0,0,0,0,2,0,0,0,0,0,0,0,2,0,2,0,0,2,0,25/05/2025 15:13,Wet_Season
79149fc3-0779-450e-8cfa-36786da4b31e,C-AkaGUHN327,20,,,,4,3,0,0,0,0,0,0,0,0,2,0,0,0,0,0,0,0,2,0,2,0,0,2,0,25/05/2025 15:13,Wet_Season
b5797b69-2792-4930-9b48-f4d6a74ac95a,C-AkaP2TY716,20,,,,4,3,0,0,0,0,0,0,0,0,2,0,0,0,0,0,0,0,2,0,2,0,0,2,0,25/05/2025 15:13,Wet_Season
8c6a9aea-a3db-4242-bae9-09473b640ce6,C-AkaDV2CU05,20,,,,4,3,0,0,0,0,0,0,0,0,2,0,0,0,0,0,0,0,2,0,2,0,0,2,0,25/05/2025 15:13,Wet_Season
e7d5dd10-1bf4-4edf-bd84-3daed89e7b82,C-KirHIHQ529,,100,,,8,6,0,2,0,0,2,2,0,0,0,0,0,0,0,0,0,0,0,0,0,2,0,0,1500,25/05/2025 15:15,Wet_Season
968b733f-49a3-42b3-9a79-de99600d0e71,C-Aka702G720,20,,,,4,3,0,0,0,0,0,0,0,0,2,0,0,0,0,0,0,0,2,0,2,0,0,2,0,25/05/2025 15:24,Wet_Season
21a2d1d4-de57-4e51-ba42-7904df394cbf,C-KirIKWCN40,,100,,,8,6,0,2,0,0,2,2,0,0,0,0,0,0,0,0,0,0,0,0,0,2,0,0,1500,25/05/2025 15:28,Wet_Season
d449198f-0798-43cf-8cf0-06be48f87a09,C-KirO9J9T50,,100,,,8,6,0,2,0,0,2,2,0,0,0,0,0,0,0,0,0,0,0,0,0,2,0,0,1500,25/05/2025 15:29,Wet_Season
cdade1c8-105e-408f-9324-fafe3329bfa3,C-KirTK4XQ17,,100,,,8,6,0,2,0,0,2,2,0,0,0,0,0,0,0,0,0,0,0,0,0,2,0,0,1500,25/05/2025 15:33,Wet_Season
06065f0d-813b-4469-8518-69efb9880481,C-KirWDKVC40,,100,,,8,6,0,2,0,0,2,2,0,0,0,0,0,0,0,0,0,0,0,0,0,2,0,0,1500,25/05/2025 15:33,Wet_Season
e5d91789-bdf3-4aba-971c-be88e149f89e,C-KirZF96131,,100,,,8,6,0,2,0,0,2,2,0,0,0,0,0,0,0,0,0,0,0,0,0,2,0,0,1500,25/05/2025 15:34,Wet_Season
6a4a12b5-9ac2-43da-a8e7-8892b8ffcbca,C-Beb15GD744,,100,,,8,6,0,2,0,0,2,2,0,0,0,0,0,0,0,0,0,0,0,0,0,2,0,0,1500,25/05/2025 15:58,Wet_Season
23d29a3b-6603-4aa3-a287-6feb322fdece,C-BebJCYXA17,,100,,,8,6,0,2,0,0,2,2,0,0,0,0,0,0,0,0,0,0,0,0,0,2,0,0,1500,25/05/2025 15:59,Wet_Season
8a5d2f48-e045-48fb-bfd1-691b6a195efe,C-BebMUZZJ35,,100,,,8,6,0,2,0,0,2,2,0,0,0,0,0,0,0,0,0,0,0,0,0,2,0,0,1500,25/05/2025 16:03,Wet_Season
60536575-f0a6-40d5-8356-3723247466ea,C-BebNZJ6M49,,100,,,8,6,0,2,0,0,2,2,0,0,0,0,0,0,0,0,0,0,0,0,0,2,0,0,1500,25/05/2025 16:05,Wet_Season
5568dc97-4962-4bc9-b945-e4003261c8f8,C-Kag7TJ4713,20,,,,4,3,0,0,0,0,0,0,0,0,2,0,0,3,0,0,0,0,2,0,2,0,0,2,0,25/05/2025 16:05,Wet_Season
cda09a5b-5cea-4f24-812b-9c5c1317dba3,C-KagIV3PE06,,50,,,4,3,0,0,0,0,0,0,0,0,0,0,0,0,0,0,0,0,0,2,2,0,5,2,0,25/05/2025 16:05,Wet_Season
e7f33cbc-f90b-4ad1-88d6-2f029255cff3,C-KagJIJ6P24,20,,,,4,3,0,0,0,0,0,0,0,0,2,0,0,3,0,0,0,0,2,0,2,0,0,2,0,25/05/2025 16:05,Wet_Season
f6a070b1-2b6f-4fcb-bf66-322c6a96fd42,C-KagZPWEX35,20,,,,4,3,0,0,0,0,0,0,0,0,2,0,0,3,0,0,0,0,2,0,2,0,0,2,0,25/05/2025 16:05,Wet_Season
e95dd05f-ca91-4f6a-aedb-6098114a4b94,C-KagRUQ4826,20,,,,4,3,0,0,0,0,0,0,0,0,2,0,0,3,0,0,0,0,2,0,2,0,0,2,0,25/05/2025 16:05,Wet_Season
9634fb75-7b4e-4126-a06a-0dd14740cb54,C-KagTGBYU00,20,,,,4,3,0,0,0,0,0,0,0,0,2,0,0,3,0,0,0,0,2,0,2,0,0,2,0,25/05/2025 16:05,Wet_Season
5fd88dfb-5bc4-47f6-844c-4f7adfe57e81,C-JabPUQFM21,,50,,,4,3,0,0,0,0,0,0,0,0,0,0,0,0,0,0,0,0,0,2,1,0,5,2,0,25/05/2025 16:05,Wet_Season
d02b5fe5-6cc5-4371-8e1d-48a15287a788,C-JabRXN7Q40,,50,,,4,3,0,0,0,0,0,0,0,0,0,0,0,0,0,0,0,0,0,2,1,0,5,2,0,25/05/2025 16:05,Wet_Season
7532892d-94b4-4045-86b3-e5d4612bb0ab,C-BebUNFVK34,,100,,,8,6,0,2,0,0,2,2,0,0,0,0,0,0,0,0,0,0,0,0,0,2,0,0,1500,25/05/2025 16:09,Wet_Season
0555a207-339a-43c9-9169-78379bcc3e9e,C-BebV5K8B12,,100,,,8,6,0,2,0,0,2,2,0,0,0,0,0,0,0,0,0,0,0,0,0,2,0,0,1500,25/05/2025 16:09,Wet_Season
9a80144f-2bdc-48b7-836d-987a49d18570,C-Kir2IBDQ55,,100,,,8,6,0,2,0,0,2,2,0,0,0,0,0,0,0,0,0,0,0,0,0,2,0,0,1500,25/05/2025 16:10,Wet_Season
ba46af74-a975-4ba3-a35e-175103296902,C-Kir2ZMM821,,100,,,8,6,0,2,0,0,2,2,0,0,0,0,0,0,0,0,0,0,0,0,0,2,0,0,1500,25/05/2025 16:12,Wet_Season
1ca71082-6569-46be-b734-313a7a4163a7,C-Kir41YME34,,100,,,8,6,0,2,0,0,2,2,0,0,0,0,0,0,0,0,0,0,0,0,0,2,0,0,1500,25/05/2025 16:14,Wet_Season
66cf4cb2-cf02-4b4f-abf8-f74df7aae3f6,C-Kir5LJ3Z37,,100,,,8,6,0,2,0,0,2,2,0,0,0,0,0,0,0,0,0,0,0,0,0,2,0,0,1500,25/05/2025 16:16,Wet_Season
f96b8c8c-58db-426e-a0a2-5fa5e2ea945e,C-Kir81EEA20,,100,,,8,6,0,2,0,0,2,2,0,0,0,0,0,0,0,0,0,0,0,0,0,2,0,0,1500,25/05/2025 16:18,Wet_Season
5e8321ff-0947-42ed-90bd-198b39c44ccf,C-Kir9WL2A17,,100,,,8,6,0,2,0,0,2,2,0,0,0,0,0,0,0,0,0,0,0,0,0,2,0,0,1500,25/05/2025 16:19,Wet_Season
72763bfe-8fc0-4c20-8116-b3ddf68266bd,C-KirCNI7R40,,100,,,8,6,0,2,0,0,2,2,0,0,0,0,0,0,0,0,0,0,0,0,0,2,0,0,1500,25/05/2025 16:21,Wet_Season
fb77a685-6574-47c6-a42f-69566594f561,C-KirJBA2D35,,100,,,8,6,0,2,0,0,2,2,0,0,0,0,0,0,0,0,0,0,0,0,0,2,0,0,1500,25/05/2025 16:23,Wet_Season
00be8f7f-17d3-460c-a9aa-5a0f8c5a418e,C-KirKDBMP28,,100,,,8,6,0,2,0,0,2,2,0,0,0,0,0,0,0,0,0,0,0,0,0,2,0,0,1500,25/05/2025 16:24,Wet_Season
bdd5de90-9c92-47d1-9d32-42168db67d15,C-Kir40GGK56,,100,,,8,6,0,2,0,0,2,2,0,0,0,0,0,0,0,0,0,0,0,0,0,2,0,0,1500,25/05/2025 16:49,Wet_Season
43c58896-13e7-4160-a867-e574ef21bb75,C-Kir5UDD401,,100,,,8,6,0,2,0,0,2,2,0,0,0,0,0,0,0,0,0,0,0,0,0,2,0,0,1500,25/05/2025 16:51,Wet_Season
9f09b0ff-67a2-40bf-a5a7-5be1b527344a,C-Kir8YDYI32,,100,,,8,6,0,2,0,0,2,2,0,0,0,0,0,0,0,0,0,0,0,0,0,2,0,0,1500,25/05/2025 16:53,Wet_Season
22dcd727-50c9-4fd6-aa20-ce0badf844df,C-KirFM9FH17,,100,,,8,6,0,2,0,0,2,2,0,0,0,0,0,0,0,0,0,0,0,0,0,2,0,0,1500,25/05/2025 16:55,Wet_Season
ab2d0546-b5e8-461d-ab29-064fd2c3d2f0,C-KirGQWL258,,100,,,8,6,0,2,0,0,2,2,0,0,0,0,0,0,0,0,0,0,0,0,0,2,0,0,2,25/05/2025 16:57,Wet_Season
7eceee45-357f-4eab-ac2d-5cc3dceff27d,C-KirGW9DR03,,100,,,8,6,0,2,0,0,2,2,0,0,0,0,0,0,0,0,0,0,0,0,0,2,0,0,2,25/05/2025 16:59,Wet_Season
fc44870e-7935-4c05-ba76-f13f690e08f2,C-KirHT4CI07,,100,,,8,6,0,2,0,0,2,2,0,0,0,0,0,0,0,0,0,0,0,0,0,2,0,0,1500,25/05/2025 17:01,Wet_Season
ddfc3e4b-8d63-4e4b-85df-37c9fe0888e1,C-KirIID8R47,,100,,,8,6,0,2,0,0,2,2,0,0,0,0,0,0,0,0,0,0,0,0,0,2,0,0,1500,25/05/2025 17:03,Wet_Season
948ce4c7-a4b3-4e1b-86f3-65a0a5239221,C-KirJBTQ814,,100,,,8,6,0,2,0,0,2,2,0,0,0,0,0,0,0,0,0,0,0,0,0,2,0,0,1500,25/05/2025 17:05,Wet_Season
e5a212fc-db7c-4377-a760-d2d76e2a6845,C-KirQ859437,,100,,,8,6,0,2,0,0,2,2,0,0,0,0,0,0,0,0,0,0,0,0,0,2,0,0,1500,25/05/2025 17:09,Wet_Season
0ce7feb9-d133-4579-b17a-a2ef946cb54c,C-KirR7KSZ25,,100,,,8,6,0,2,0,0,2,2,0,0,0,0,0,0,0,0,0,0,0,0,0,2,0,0,1500,25/05/2025 17:10,Wet_Season
4f09c4e1-baf4-4c42-8066-c3c242c02f05,C-KirSYJXS27,,100,,,8,6,0,2,0,0,2,2,0,0,0,0,0,0,0,0,0,0,0,0,0,2,0,0,1500,25/05/2025 17:12,Wet_Season
e59430ad-2cdb-4d6e-a396-bde8fe7e4f94,C-KirT1COE56,,100,,,8,6,0,2,0,0,2,2,0,0,0,0,0,0,0,0,0,0,0,0,0,2,0,0,1500,25/05/2025 17:14,Wet_Season
6c9d3ba7-e3ac-4a50-84ac-e1ad217beb50,C-KirX2UEX51,,100,,,8,6,0,2,0,0,2,2,0,0,0,0,0,0,0,0,0,0,0,0,0,2,0,0,1500,25/05/2025 17:16,Wet_Season
c5e6ca2b-1e6d-4544-9c99-3f2ef5f3dd60,C-Kir022D250,,100,,,8,6,0,2,0,0,2,2,0,0,0,0,0,0,0,0,0,0,0,0,0,2,0,0,1500,25/05/2025 17:18,Wet_Season
995405b9-5d09-4742-be63-9cbb1f491903,C-Kir368XS59,,100,,,8,6,0,2,0,0,2,2,0,0,0,0,0,0,0,0,0,0,0,0,0,2,0,0,1500,25/05/2025 17:19,Wet_Season
534ed276-31c7-4c1b-874e-fe0607bc2f59,C-Kir022D250,,100,,,8,6,0,2,0,0,2,2,0,0,0,0,0,0,0,0,0,0,0,0,0,2,0,0,1500,25/05/2025 17:32,Wet_Season
fd415d25-3c97-4d8f-b865-72ecab524470,C-Kir368XS59,,100,,,8,6,0,2,0,0,2,2,0,0,0,0,0,0,0,0,0,0,0,0,0,2,0,0,1500,25/05/2025 17:34,Wet_Season
92ed524b-9fb4-4275-b81e-72f2c53a09b5,C-Kir8JF9K45,,100,,,8,6,0,2,0,0,2,2,0,0,0,0,0,0,0,0,0,0,0,0,0,2,0,0,1500,25/05/2025 17:36,Wet_Season
07b9211b-86eb-40be-a017-74d7bab682b9,C-Taf1MI7920,,100,,,8,6,0,0,0,0,2,0,0,0,0,0,0,0,0,0,0,0,0,0,0,2,0,0,2,25/05/2025 17:39,Wet_Season
551fdce0-5eac-41b7-a519-e9b94ed299e3,C-Taf42QWJ00,,100,,,8,6,0,0,0,0,2,0,0,0,0,0,0,0,0,0,0,0,0,0,0,2,0,0,2,25/05/2025 17:39,Wet_Season
3fd69832-cb90-4953-a00e-f55aeab46419,C-Taf7UV7Z08,,100,,,8,6,0,0,0,0,2,0,0,0,0,0,0,0,0,0,0,0,0,0,0,2,0,0,2,25/05/2025 17:39,Wet_Season
349873df-f342-484c-9385-99fbb67c9543,C-Taf9KTM052,,100,,,8,2,0,0,0,0,2,0,0,0,0,0,0,0,0,0,0,0,0,0,0,2,0,0,2,25/05/2025 17:39,Wet_Season
940800c7-1fd2-4f0c-a9ed-28f8c2cea004,C-TafC2SPW14,,100,,,8,6,0,0,0,0,2,0,0,0,0,0,0,0,0,0,0,0,0,0,0,2,0,0,2,25/05/2025 17:39,Wet_Season
053476aa-ee65-4ecf-8080-26764407dfa9,C-TafESYV045,,100,,,8,4,0,0,0,0,2,0,0,0,0,0,0,0,0,0,0,0,0,0,0,2,0,0,2,25/05/2025 17:39,Wet_Season
73426744-06b0-421c-b3d2-087fe4387c5f,C-TafG8STX21,,100,,,8,6,0,2,0,0,2,0,0,0,0,0,0,0,0,0,0,0,0,0,0,2,0,0,2,25/05/2025 17:40,Wet_Season
307d23e7-afc4-4a9d-b669-9ea19f596741,C-TafL1SZM23,,100,,,8,6,0,0,0,0,2,0,0,0,0,0,0,0,0,0,0,0,0,0,0,2,0,0,2,25/05/2025 17:40,Wet_Season
fffaebfe-09b1-4336-b05e-6b892812dade,C-TafLQVG454,,100,,,8,6,0,0,0,0,2,0,0,0,0,0,0,0,0,0,0,0,0,0,0,2,0,0,2,25/05/2025 17:40,Wet_Season
aa6568f3-58fd-426a-afa0-7b91aa15a827,C-TafLTICC32,,100,,,8,6,0,0,0,0,2,0,0,0,0,0,0,0,0,0,0,0,0,0,0,2,2,0,0,25/05/2025 17:40,Wet_Season
d3dc3cee-280d-4c41-ac1b-f891a9b0d76d,C-TafNZZW404,,100,,,8,6,0,4,0,0,2,0,0,0,0,0,0,0,0,0,0,0,0,0,0,2,0,0,2,25/05/2025 17:40,Wet_Season
087a46bb-72b6-46b3-812d-cd38c7bbc918,C-TafTOWNY33,,100,,,8,6,0,0,0,0,2,0,0,0,0,0,0,0,0,0,0,0,0,0,0,2,0,0,2,25/05/2025 17:40,Wet_Season
fb11d3b5-bc5d-405f-9efa-7f562a47f902,C-TafTQZMM23,,100,,,8,6,0,0,0,0,2,0,0,0,0,0,0,0,0,0,0,0,0,0,0,2,0,0,2,25/05/2025 17:40,Wet_Season
6de5fbba-8f04-4358-8bce-7452f974821a,C-TafULMUS41,,100,,,8,6,0,0,0,0,2,0,0,0,0,0,0,0,0,0,0,0,0,0,0,2,0,0,2,25/05/2025 17:40,Wet_Season
d1524c1b-2cb2-402a-8ac0-a6c2acbe4349,C-TafVJWIX03,,100,,,8,6,0,0,0,0,2,0,0,0,0,0,0,0,0,0,0,0,0,0,0,2,0,0,2,25/05/2025 17:40,Wet_Season
1c187022-5454-4cc5-8e3a-13f526107003,C-TafXL0PG07,,100,,,8,0,0,6,0,0,2,0,0,0,0,0,0,0,0,0,0,0,0,0,0,2,0,0,2,25/05/2025 17:40,Wet_Season
02a4c270-d299-4307-9755-b98a9c17c67e,C-TafZYDZ543,,100,,,8,6,0,0,0,0,2,0,0,0,0,0,0,0,0,0,0,0,0,0,0,2,0,0,2,25/05/2025 17:40,Wet_Season
ff9c8b9a-e41d-49fd-ada0-f3dd8720e0fd,C-KirGRJO252,,100,,,8,6,0,2,0,0,2,2,0,0,0,0,0,0,0,0,0,0,0,0,0,2,0,0,1500,25/05/2025 17:41,Wet_Season
07b3a038-b8ce-439f-8b4e-41c8a85cdb18,C-KirJBECM08,,100,,,8,6,0,2,0,0,2,2,0,0,0,0,0,0,0,0,0,0,0,0,0,2,0,0,1500,25/05/2025 17:43,Wet_Season
08e28e62-e54a-4c88-9376-c4ef412e747f,C-Taf150NU48,,100,,,8,6,0,2,0,0,2,0,0,0,0,0,0,0,0,0,0,0,0,0,0,2,0,0,2,25/05/2025 17:44,Wet_Season
7a9b9447-8ffb-40be-8a37-2cb9d50e8180,C-KirME7ZS32,,100,,,8,6,0,2,0,0,2,2,0,0,0,0,0,0,0,0,0,0,0,0,0,2,0,0,1500,25/05/2025 17:45,Wet_Season
2b4c2bca-68f0-461c-951a-95d737cf524d,C-KirMZG7115,,100,,,8,6,0,2,0,0,2,2,0,0,0,0,0,0,0,0,0,0,0,0,0,2,0,0,1500,25/05/2025 17:46,Wet_Season
7d328a62-1576-48e9-97d3-dc09f1ffe0e2,C-Taf3HS2L32,,100,,,8,6,0,0,0,0,2,0,0,0,0,0,0,0,0,0,0,0,0,0,0,2,0,0,2,25/05/2025 17:47,Wet_Season
8447a82d-5219-4962-b426-18f4340c231a,C-KirP66P948,,100,,,8,6,0,2,0,0,2,2,0,0,0,0,0,0,0,0,0,0,0,0,0,2,0,0,1500,25/05/2025 17:48,Wet_Season
79192d71-d673-48ec-9a12-fcfafc0b0c2e,C-KirW33YU35,,100,,,8,6,0,2,0,0,2,2,0,0,0,0,0,0,0,0,0,0,0,0,0,2,0,0,1500,25/05/2025 17:49,Wet_Season
c3db1e47-538f-4c8d-aca7-b1c0ea863022,C-Taf3UG9210,,100,,,8,6,0,0,0,0,2,0,0,0,0,0,0,0,0,0,0,0,0,0,0,2,0,0,2,25/05/2025 17:50,Wet_Season
d9e71ae9-5046-46a2-8c48-7f9d92615dfc,C-KirYX94Z16,,100,,,8,6,0,2,0,0,2,2,0,0,0,0,0,0,0,0,0,0,0,0,0,2,0,0,1500,25/05/2025 17:50,Wet_Season
90204ffe-8b65-42bc-a54a-1e5ca8b3c185,C-Taf7VGIB15,,100,,,8,6,0,0,0,0,2,0,0,0,0,0,0,0,0,0,0,0,0,0,0,2,0,0,2,25/05/2025 17:52,Wet_Season
25c9f568-8f3d-40e2-856b-f08d13dd9f08,C-Taf9KMVD58,,100,,,8,6,0,2,0,0,2,0,0,0,0,0,0,0,0,0,0,0,0,0,0,2,0,0,2,25/05/2025 17:54,Wet_Season
95ef53c4-0e8b-474d-93a0-c1b3b1e6e216,C-TafBTIZL24,,100,,,8,6,0,0,0,0,2,0,0,0,0,0,0,0,0,0,0,0,0,0,0,2,0,0,2,25/05/2025 17:56,Wet_Season
96d21456-ab5f-4429-afd1-2759b06eae4a,C-TafBV7SS09,,100,,,8,6,0,2,0,0,2,0,0,0,0,0,0,0,0,0,0,0,0,0,0,2,2,0,2,25/05/2025 17:57,Wet_Season
850d97e2-9af5-40ee-a844-b7a2abc4d5c1,C-TafI8MS339,,100,,,8,6,0,0,0,0,2,0,0,0,0,0,0,0,0,0,0,0,0,0,0,2,0,0,2,25/05/2025 17:59,Wet_Season
f8059f43-4a52-4a72-ac13-214f90921748,C-TafJ2P4W43,,100,,,8,6,0,0,0,0,2,0,0,0,0,0,0,0,0,0,0,0,0,0,0,2,0,0,2,25/05/2025 18:02,Wet_Season
38b9b00c-63db-4b62-a73b-343aba439e41,C-TafM1OUF19,,100,,,8,6,0,0,0,0,2,0,0,0,0,0,0,0,0,0,0,0,0,0,0,2,0,0,2,25/05/2025 18:04,Wet_Season
01c0a91d-6f55-4eed-a805-13e28b97ea1e,C-TafOUQMW04,,100,,,8,6,0,0,0,0,2,0,0,0,0,0,0,0,0,0,0,0,0,0,0,0,0,0,2,25/05/2025 18:08,Wet_Season
d8f3adeb-4564-4972-844c-947fc2e1d27c,C-TafQA7VL51,,100,,,8,6,0,0,0,0,0,0,0,0,0,0,0,0,0,0,0,0,0,0,0,2,0,0,2,25/05/2025 18:10,Wet_Season
67676cf7-9f90-40f1-a375-644ac372dec6,C-TafRJUUG37,,100,,,8,6,0,0,0,0,2,0,0,0,0,0,0,0,0,0,0,0,0,0,0,2,0,0,2,25/05/2025 18:11,Wet_Season
2d4fabbe-e0c5-4ff3-b28b-f7a83a953bc2,C-TafUK94101,,100,,,8,6,0,0,0,0,2,0,0,0,0,0,0,0,0,0,0,0,0,0,0,2,0,0,2,25/05/2025 18:21,Wet_Season
53499f91-fa70-4b19-9bf6-1d231dbe6103,C-ZanYKU1U38,20,,,,4,3,0,0,0,0,0,0,0,0,2,0,0,5,0,0,0,0,2,0,2,0,0,2,0,25/05/2025 18:26,Wet_Season
7e79e88d-59f1-457c-a470-444a44bd30e9,C-ZanNCJ0K03,,50,,,4,3,0,0,0,0,0,0,0,0,0,0,0,0,0,0,0,0,0,2,2,0,5,2,0,25/05/2025 18:30,Wet_Season
7148bd0a-025d-499f-803b-9113bd2378ac,C-ZanJ47A417,,50,,,4,3,0,0,0,0,0,0,0,0,0,0,0,0,0,0,0,0,0,2,2,0,5,2,0,25/05/2025 18:30,Wet_Season
b9393094-6f1e-415e-847f-898452ce1bce,C-ZanYWJEW24,,50,,,4,3,0,0,0,0,0,0,0,0,0,0,0,0,0,0,0,0,0,2,2,0,5,2,0,25/05/2025 18:30,Wet_Season
1052adf5-276e-4818-99f2-cb044e493649,C-ZanVEMGX58,,50,,,4,3,0,0,0,0,0,0,0,0,0,0,0,0,0,0,0,0,0,2,2,0,5,2,0,25/05/2025 18:31,Wet_Season
a5d50521-c4da-4018-8d4e-228ed693ff99,C-ZanBAGOD07,,50,,,4,3,0,0,0,0,0,0,0,0,0,0,0,0,0,0,0,0,0,2,2,0,5,2,0,25/05/2025 18:32,Wet_Season
5dcb7b8d-9e4b-48a1-9834-11516f323d4d,C-ZanO47QU21,,50,,,4,3,0,0,0,0,0,0,0,0,0,0,0,0,0,0,0,0,0,2,2,0,5,2,0,25/05/2025 18:32,Wet_Season
5330c098-7df2-42bd-a2ea-e90879c078e8,C-ZanKJRMH59,,50,,,4,3,0,0,0,0,0,0,0,0,0,0,0,0,0,0,0,0,0,2,2,0,5,2,0,25/05/2025 18:32,Wet_Season
77820e15-64c9-4d27-a653-5d62885e3efa,C-ZanG8WZS20,20,,,,4,3,0,0,0,0,0,0,0,0,2,0,0,5,0,0,0,0,2,0,2,0,0,2,0,25/05/2025 18:33,Wet_Season
af4760fd-5eae-400f-8773-994bf002b17f,C-ZanUTK4W34,20,,,,4,3,0,0,0,0,0,0,0,0,2,0,0,5,0,0,0,0,2,0,2,0,0,2,0,25/05/2025 18:34,Wet_Season
9eca81be-3f34-4eed-91c8-3b236cae5acd,C-ZanOWV2Q25,20,,,,4,3,0,0,0,0,0,0,0,0,2,0,0,5,0,0,0,0,2,0,2,0,0,2,0,25/05/2025 18:34,Wet_Season
6d547568-119d-4fdc-b77c-8710a22cc5c8,C-Zan9EPKN08,20,,,,4,3,0,0,0,0,0,0,0,0,2,0,0,5,0,0,0,0,2,0,2,0,0,2,0,25/05/2025 18:34,Wet_Season
06b36227-dbe0-4233-97e3-03ef77ea4321,C-Taf1MR7239,,37.5,,,8,6,0,0,0,0,2,0,0,0,0,0,0,0,0,0,0,0,0,0,0,2,0,0,2,25/05/2025 18:40,Wet_Season
e174e7ea-7834-4225-8054-dc1653c1691b,C-Taf1O2VW51,,100,,,8,6,0,0,0,0,2,0,0,0,0,0,0,0,0,0,0,0,0,0,0,2,0,0,2,25/05/2025 18:40,Wet_Season
7da3cc18-1d62-4e99-9b46-e1e02b5ed3c0,C-Taf406SD36,,100,,,8,6,0,0,0,0,2,0,0,0,0,0,0,0,0,0,0,0,0,0,0,2,0,0,2,25/05/2025 18:40,Wet_Season
48ddcbe0-2c90-4b56-bfeb-b86bc28cfe13,C-Taf43ANY16,,100,,,8,6,0,0,0,0,2,0,0,0,0,0,0,0,0,0,0,0,0,0,0,2,0,0,2,25/05/2025 18:40,Wet_Season
29728fe5-91f3-4db1-9528-7c5b801b7bef,C-TafR0JVV51,,100,,,8,6,0,0,0,0,0,2,0,0,0,0,0,0,0,0,0,0,0,0,0,2,0,0,2,25/05/2025 18:40,Wet_Season
dd8b765e-0e91-447a-b99f-e9ab73864322,C-TafY047512,,100,,,8,6,0,0,0,0,2,0,0,0,0,0,0,0,0,0,0,0,0,0,0,2,0,0,2,25/05/2025 18:40,Wet_Season
9f56e397-b2c6-4a51-9175-eac8b3a8644a,C-Taf54X2Y26,,100,,,8,6,0,0,0,0,2,0,0,0,0,0,0,0,0,0,0,0,0,0,0,2,0,0,2,25/05/2025 18:46,Wet_Season
f3406da4-b2bb-4417-9d01-19f54a00d3e4,C-Taf5ZZ7T07,,100,,,8,6,0,0,0,0,0,2,0,0,0,0,0,0,0,0,0,0,0,0,0,2,0,0,2,25/05/2025 18:48,Wet_Season
d06d73e7-0e32-488b-b0e1-5dc2629cf82a,C-Taf8U83Q35,,100,,,8,6,0,0,0,0,2,0,0,0,0,0,0,0,0,0,0,0,0,0,0,2,0,0,2,25/05/2025 18:55,Wet_Season
07ee2376-5eb9-48c5-b1a5-a62acadc6d9f,C-TafAJRK600,,100,,,8,0,0,0,0,0,6,0,0,0,0,0,0,0,0,0,0,0,0,0,0,2,0,0,2,25/05/2025 18:55,Wet_Season
3cd12a7c-1fd7-445f-a6b9-bd6ff02dda26,C-TafBSLSI28,,100,,,8,6,0,2,0,0,2,0,0,0,0,0,0,0,0,0,0,0,0,0,0,2,0,0,1500,25/05/2025 19:05,Wet_Season
52f65cfc-a040-4c3a-9f26-174f5b7586df,C-TafC7JOO35,,100,,,8,6,0,0,0,0,2,2,0,0,0,0,0,0,0,0,0,0,0,0,0,2,0,2,1500,25/05/2025 19:05,Wet_Season
08808ebd-f2c2-4dd0-bf4d-b5e262c1e9b1,C-TafF65QP58,,100,,,8,2,0,2,0,0,2,0,0,0,0,0,0,0,0,0,0,0,0,0,0,2,1500,0,1500,25/05/2025 19:05,Wet_Season
52468795-0a3a-46fb-b590-20c6c27aa715,C-Beb1QU1R32,,100,,,8,6,0,2,0,0,2,2,0,0,0,0,0,0,0,0,0,0,0,0,0,2,0,0,1500,25/05/2025 19:24,Wet_Season
f7f8774b-4ea7-4155-a3e2-9037f013142d,C-Beb5UNA155,,100,,,8,6,0,2,0,0,2,2,0,0,0,0,0,0,0,0,0,0,0,0,0,2,0,0,1500,25/05/2025 19:26,Wet_Season
1c0af332-22a7-4e89-b8cd-a3bb9f728db5,C-Beb9J3FV05,,100,,,8,6,0,2,0,0,2,2,0,0,0,0,0,0,0,0,0,0,0,0,0,2,0,0,1500,25/05/2025 19:26,Wet_Season
dae3163a-4ba2-4218-9b66-e981f596749e,C-BebCUVW754,,100,,,8,6,0,2,0,0,2,2,0,0,0,0,0,0,0,0,0,0,0,0,0,2,0,0,1500,25/05/2025 19:28,Wet_Season
5e02bf00-e088-4a33-8612-fbc9b678ee4c,C-BebE6YWJ16,,100,,,8,6,0,2,0,0,2,2,0,0,0,0,0,0,0,0,0,0,0,0,0,2,0,0,1500,25/05/2025 19:29,Wet_Season
196b59e3-3c47-4755-936d-b19ab293f0e4,C-BebESCJA04,,100,,,8,6,0,2,0,0,2,2,0,0,0,0,0,0,0,0,0,0,0,0,0,2,0,0,1500,25/05/2025 19:30,Wet_Season
e3023033-9e9c-40e2-8477-437500c8f9c3,C-BebPQ0GH34,,100,,,8,6,0,2,0,0,2,2,0,0,0,0,0,0,0,0,0,0,0,0,0,2,0,0,1500,25/05/2025 19:31,Wet_Season
115a65c0-dfb3-49a6-9ff0-0451d6250bd2,C-BebRPY2N38,,100,,,8,4,0,2,0,0,2,2,0,0,0,0,0,0,0,0,0,0,0,0,0,2,0,0,1500,25/05/2025 19:33,Wet_Season
06d7bee9-0b7c-4efe-b899-aacb0e82e302,C-BebW90Z557,,100,,,8,6,0,2,0,0,2,2,0,0,0,0,0,0,0,0,0,0,0,0,0,2,0,0,1500,25/05/2025 19:34,Wet_Season
2085027b-fbfd-4e80-8f5f-e7f4f95fbd70,C-BebYYDD529,,100,,,8,6,0,2,0,0,2,2,0,0,0,0,0,0,0,0,0,0,0,0,0,2,0,0,1500,25/05/2025 19:35,Wet_Season
df0ef8c6-e9de-4204-9113-1de6eb5bb906,C-KirAF0P001,,100,,,8,6,0,2,0,0,2,2,0,0,0,0,0,0,0,0,0,0,0,0,0,2,0,0,1500,25/05/2025 19:37,Wet_Season
8161c937-4be9-4b2b-ba1e-77f293c7ab90,C-TafKQZJ913,,100,,,8,6,0,2,0,0,2,0,0,0,0,0,0,0,0,0,0,0,0,0,0,2,0,0,1500,25/05/2025 19:45,Wet_Season
5adfd924-af37-452b-82b7-d984b2bd66f9,C-TafKUCRW12,,100,,,8,6,0,0,0,0,2,0,0,0,0,0,0,0,0,0,0,0,0,0,0,2,0,0,1500,25/05/2025 19:45,Wet_Season
923fcd1d-1a71-4e0c-992e-d0491d415807,C-TafMQ2G604,,100,,,8,6,0,2,0,0,2,0,0,0,0,0,0,0,0,0,0,0,0,0,0,2,0,0,1500,25/05/2025 19:45,Wet_Season
6cbcd41f-d44e-463b-995d-f7b2bdc2d6c8,C-TafOU52B37,,100,,,8,6,0,2,0,0,2,0,0,0,0,0,0,0,0,0,0,0,0,0,0,2,0,0,1500,25/05/2025 19:45,Wet_Season
f50fed97-ff93-451b-a5b1-1c0f8da39861,C-TafSQUS854,,100,,,8,6,0,2,0,0,0,0,0,0,0,0,0,0,0,0,0,0,0,0,0,2,0,0,1500,25/05/2025 19:45,Wet_Season
5aa6b505-69df-486b-9e12-dfd2568b51db,C-TafSW83J24,,100,,,8,2,0,2,0,0,2,2,0,0,0,0,0,0,0,0,0,0,0,0,0,2,0,0,1500,25/05/2025 19:45,Wet_Season
8cd434c3-9b1a-428a-8a5b-b0c028c403b9,C-Beb1AQ8E13,,100,,,8,6,0,2,0,0,2,2,0,0,0,0,0,0,0,0,0,0,0,0,0,2,0,0,1500,25/05/2025 19:50,Wet_Season
28b11f1b-ce2f-427a-a675-12582a3b8ddd,C-Beb2GWXW36,,100,,,8,6,0,2,0,0,2,2,0,0,0,0,0,0,0,0,0,0,0,0,0,2,0,0,1500,25/05/2025 19:52,Wet_Season
0124c9bb-ad4c-4129-b5d6-90706d2ae4d6,C-Beb31B6D48,,100,,,8,6,0,2,0,0,2,2,0,0,0,0,0,0,0,0,0,0,0,0,0,2,0,0,1500,25/05/2025 19:56,Wet_Season
c149af93-a1a4-4045-ae49-c1184da9e7fe,C-Beb3CHU555,,100,,,8,6,0,2,0,0,2,2,0,0,0,0,0,0,0,0,0,0,0,0,0,2,0,0,1500,25/05/2025 20:00,Wet_Season
96be8a2e-acd2-4a73-9ef4-a8cd7063b035,C-Beb8YJBR14,,100,,,8,6,0,2,0,0,2,2,0,0,0,0,0,0,0,0,0,0,0,0,0,2,0,0,1500,25/05/2025 20:02,Wet_Season
03a3b8c1-7ed5-401d-825f-462c92ea6e1d,C-BebELFZF36,,100,,,8,6,0,2,0,0,2,2,0,0,0,0,0,0,0,0,0,0,0,0,0,2,0,0,1500,25/05/2025 20:02,Wet_Season
c827ad3a-7cfb-46cb-884a-a2cd8d90983f,C-BebQMPYI20,,100,,,8,6,0,2,0,0,2,2,0,0,0,0,0,0,0,0,0,0,0,0,0,2,0,0,1500,25/05/2025 20:02,Wet_Season
9b2254c1-dabd-4fca-b049-697b246bd0bb,C-Kir0RG1L27,,100,,,8,6,0,2,0,0,2,2,0,0,0,0,0,0,0,0,0,0,0,0,0,2,0,0,1500,25/05/2025 20:03,Wet_Season
39d930a5-e65c-4f89-b517-1724b1aeb5ba,C-Kir2A6FO09,,100,,,8,6,0,2,0,0,2,2,0,0,0,0,0,0,0,0,0,0,0,0,0,2,0,0,1500,25/05/2025 20:03,Wet_Season
4ce28862-55c4-4486-8f07-a8050c63ee5b,C-Kir693RO11,,100,,,8,6,0,2,0,0,2,2,0,0,0,0,0,0,0,0,0,0,0,0,0,2,0,0,1500,25/05/2025 20:04,Wet_Season
5c2f3b1c-d042-4c70-b0be-2cd81df16c7c,C-KirML5HA58,,100,,,8,6,0,2,0,0,2,2,0,0,0,0,0,0,0,0,0,0,0,0,0,2,0,0,1500,25/05/2025 20:06,Wet_Season
173f5979-f957-426a-a8a8-3a85da11e95d,C-KirMN8MK24,,100,,,8,6,0,2,0,0,2,2,0,0,0,0,0,0,0,0,0,0,0,0,0,2,0,0,1500,25/05/2025 20:07,Wet_Season
2bcddc48-89cf-4164-91ab-1d54e3f3a684,C-KirUJNLS33,,100,,,8,6,0,2,0,0,2,2,0,0,0,0,0,0,0,0,0,0,0,0,0,2,0,0,1500,25/05/2025 20:08,Wet_Season
e463157f-2509-451e-b74f-b2d2526d2a33,C-KirWYDK526,,100,,,8,6,0,2,0,0,2,2,0,0,0,0,0,0,0,0,0,0,0,0,0,2,0,0,1500,25/05/2025 20:10,Wet_Season
5bd4caf2-a2c6-414b-8bbc-d8b58615d3bf,C-LafLMXK720,,50,,,4,3,0,0,0,0,0,0,0,0,0,0,0,0,0,0,0,0,0,2,2,0,5,2,0,25/05/2025 20:10,Wet_Season
2eefd3ba-e0f4-4be4-908a-bae6ebdc3c87,C-Laf7S62F00,,50,,,4,3,0,0,0,0,0,0,0,0,0,0,0,0,0,0,0,0,0,2,2,0,5,2,0,25/05/2025 20:14,Wet_Season
1ca0dde8-cfc0-4145-8921-201344ad6a34,C-Taf3ES1232,,100,,,8,6,0,2,0,0,2,0,0,0,0,0,0,0,0,0,0,0,0,0,0,2,0,0,1500,25/05/2025 20:16,Wet_Season
7214be9f-6c43-47f7-8a22-440c395d8eed,C-Taf9O0HG47,,100,,,8,2,0,2,0,0,2,0,0,0,0,0,0,0,0,0,0,0,0,0,0,2,0,0,1500,25/05/2025 20:16,Wet_Season
aa0834e1-4d73-4961-b7c6-4957c36b2eb0,C-TafA5LRO14,,100,,,8,6,0,0,0,0,2,0,0,0,0,0,0,0,0,0,0,0,0,0,0,2,0,0,1500,25/05/2025 20:16,Wet_Season
6c9c888c-89c3-46f3-b035-6c11bbc0bc84,C-TafIM9HH09,,100,,,8,6,0,0,0,0,2,0,0,0,0,0,0,0,0,0,0,0,0,0,0,2,0,0,1500,25/05/2025 20:16,Wet_Season
8d469a90-5ec6-4949-808d-facee43612af,C-TafSNVT443,,100,,,8,6,0,2,0,0,2,0,0,0,0,0,0,0,0,0,0,0,0,0,0,2,0,0,1500,25/05/2025 20:16,Wet_Season
9e7fa365-94f0-4271-ac67-63e1b7accd74,C-TafTGXRL26,,100,,,6,6,0,2,0,0,0,0,0,0,0,0,0,0,0,0,0,0,0,0,0,2,0,0,1500,25/05/2025 20:16,Wet_Season
b415ad16-f25d-4abd-ac27-8649a500ac31,C-Taf1I61J16,,100,,,8,6,0,2,0,0,2,0,0,0,0,0,0,0,0,0,0,0,0,0,0,2,0,0,1500,25/05/2025 20:50,Wet_Season
b4f55f79-a168-4e5e-89a0-2fbe5058f4c1,C-Taf3ZDBY09,,100,,,8,6,0,2,0,0,0,0,0,0,0,0,0,0,0,0,0,0,0,0,0,2,0,0,1500,25/05/2025 20:50,Wet_Season
f00d6947-76af-4053-aece-ce1408f5c31f,C-Beb0A2RB34,,100,,,8,6,0,2,0,0,2,2,0,0,0,0,0,0,0,0,0,0,0,0,0,2,0,0,1500,25/05/2025 21:13,Wet_Season
2d00bc37-b708-4124-bf53-e80643d31612,C-Beb1B4CY49,,100,,,8,6,0,2,0,0,2,2,0,0,0,0,0,0,0,0,0,0,0,0,0,2,0,0,1500,25/05/2025 21:15,Wet_Season
a51a0a51-47cb-4edc-9c8c-1483ebc61fb0,C-Beb1VVRE17,,100,,,8,6,0,2,0,0,2,2,0,0,0,0,0,0,0,0,0,0,0,0,0,2,0,0,1500,25/05/2025 21:16,Wet_Season
3517df69-b3e3-4632-8c27-ec48ed8664ef,C-Beb3XEEL04,,100,,,8,6,0,2,0,0,2,2,0,0,0,0,0,0,0,0,0,0,0,0,0,2,0,0,1500,25/05/2025 21:17,Wet_Season
4acb8920-e1ff-4cd6-ab75-7a058a4af4ac,C-Beb4RHBF20,,100,,,8,6,0,2,0,0,2,2,0,0,0,0,0,0,0,0,0,0,0,0,0,2,0,0,1500,25/05/2025 21:18,Wet_Season
a46c702b-13d3-494c-ba89-9c32e444c05b,C-Beb8BDUF20,,100,,,8,6,0,2,0,0,2,2,0,0,0,0,0,0,0,0,0,0,0,0,0,2,0,0,1500,25/05/2025 21:21,Wet_Season
9ebdb6fb-555a-4d3e-89b5-ec7c90d6cd64,C-BebB3ARU03,,100,,,8,6,0,2,0,0,2,2,0,0,0,0,0,0,0,0,0,0,0,0,0,2,0,0,1500,25/05/2025 21:22,Wet_Season
c7074013-c507-4713-8790-87c053fc9986,C-BebCULZ507,,100,,,8,6,0,2,0,0,2,2,0,0,0,0,0,0,0,0,0,0,0,0,0,2,0,0,1500,25/05/2025 21:24,Wet_Season
2930bb29-c204-4911-b1c9-ba1425730de7,C-BebDHV4739,,100,,,8,6,0,2,0,0,2,2,0,0,0,0,0,0,0,0,0,0,0,0,0,2,0,0,1500,25/05/2025 21:25,Wet_Season
3e4bbbc2-3d5a-4d3d-9584-10bcedd41c52,C-BebDIPKH01,,100,,,8,6,0,2,0,0,2,2,0,0,0,0,0,0,0,0,0,0,0,0,0,2,0,0,1500,25/05/2025 21:27,Wet_Season
415e7a14-3015-4597-b9d8-22d7dba2cdfc,C-BebVY6M252,,100,,,8,6,0,2,0,0,2,2,0,0,0,0,0,0,0,0,0,0,0,0,0,2,0,0,1500,25/05/2025 21:29,Wet_Season
36fb6f8b-af66-43bf-9d68-26b8f6308747,C-Kir3ID4844,,100,,,8,6,0,2,0,0,2,2,0,0,0,0,0,0,0,0,0,0,0,0,0,2,0,0,1500,25/05/2025 21:30,Wet_Season
f172d708-69bf-4ade-9d14-f5208aa3b755,C-Kir9KRHB35,,100,,,8,6,0,2,0,0,2,2,0,0,0,0,0,0,0,0,0,0,0,0,0,2,0,0,1500,25/05/2025 21:31,Wet_Season
d4ba1388-2178-4eb3-991a-2b1c5054558a,C-KirC0A6U04,,100,,,8,6,0,2,0,0,2,2,0,0,0,0,0,0,0,0,0,0,0,0,0,2,0,0,1500,25/05/2025 21:32,Wet_Season
7948ed6f-b89c-4f46-826e-f61c6835a08b,C-KirMWZYB58,,100,,,8,6,0,2,0,0,2,2,0,0,0,0,0,0,0,0,0,0,0,0,0,2,0,0,1500,25/05/2025 21:34,Wet_Season
b81c856d-1abb-4c37-ace2-5934a621eb8c,C-Taf4LHKX19,,100,,,8,2,0,2,0,0,2,0,0,0,0,0,0,0,0,0,0,0,0,0,0,2,0,0,1500,26/05/2025 03:59,Wet_Season
f9ff3663-d605-4791-a67c-d86dbb38c1dd,C-Taf5Y4ZG31,,100,,,8,2,0,2,0,0,2,0,0,0,0,0,0,0,0,0,0,0,0,0,0,2,0,0,1500,26/05/2025 03:59,Wet_Season
eeed94d3-0999-4979-b68f-3200610f1a87,C-TafIIFNO07,,100,,,8,6,0,2,0,0,2,0,0,0,0,0,0,0,0,0,0,0,0,0,0,2,0,0,1500,26/05/2025 04:26,Wet_Season
f51c2c16-7690-4354-9157-bea9f5f1888b,C-TafJRSXR29,,100,,,8,6,0,2,0,0,2,0,0,0,0,0,0,0,0,0,0,0,0,0,0,2,0,0,1500,26/05/2025 04:26,Wet_Season
64d08915-03d9-42d8-a8be-52de3ef40b7b,C-TafK5GCU14,,100,,,8,6,0,2,0,0,2,0,0,0,0,0,0,0,0,0,0,0,0,0,0,2,0,0,1500,26/05/2025 04:26,Wet_Season
5d1ced9b-18a9-424b-8a0e-79e62079e8f5,C-TafLC7WB04,,100,,,8,6,0,2,0,0,2,0,0,0,0,0,0,0,0,0,0,0,0,0,0,2,0,0,1500,26/05/2025 04:27,Wet_Season
0be7a21f-e94a-416d-932a-8cb998a39684,C-TafNJEQ257,,100,,,8,6,0,2,0,0,2,0,0,0,0,0,0,0,0,0,0,0,0,0,0,2,0,0,1500,26/05/2025 04:30,Wet_Season
d3b07242-5cbf-42bc-9308-f376b1c5daf2,C-TafP3KBP53,,100,,,8,6,0,2,0,0,2,0,0,0,0,0,0,0,0,0,0,0,0,0,0,2,0,0,1500,26/05/2025 04:39,Wet_Season
3b40b953-aa2a-4177-ab79-234658a8bbc7,C-TafWB17R07,,100,,,8,6,0,2,0,0,2,0,0,0,0,0,0,0,0,0,0,0,0,0,0,2,0,0,1500,26/05/2025 04:39,Wet_Season
a9592d3c-1cdb-4b36-be37-e94c6713488b,C-TafWGU7U05,,100,,,8,6,0,2,0,0,2,0,0,0,0,0,0,0,0,0,0,0,0,0,0,2,0,0,1500,26/05/2025 04:39,Wet_Season
6400e29e-0ba4-4893-b997-ff2e650c8a41,C-TafZNZJE49,,100,,,8,6,0,2,0,0,2,0,0,0,0,0,0,0,0,0,0,0,0,0,0,2,0,0,1500,26/05/2025 04:39,Wet_Season
b4bb5a39-1828-4daf-b1b9-5ef435614f65,C-Tor75F1I38,,100,,,8,6,0,2,0,0,2,0,0,0,0,0,0,0,0,0,0,0,0,0,0,2,0,0,1500,26/05/2025 04:43,Wet_Season
b24786bf-1ffc-4100-8291-25e6a60e8afb,C-Tor8VFHX43,,100,,,8,6,0,2,0,0,2,0,0,0,0,0,0,0,0,0,0,0,0,0,0,2,0,0,1500,26/05/2025 04:43,Wet_Season
2b30d1b8-ad3f-4ee9-bcb0-59a0cc37df95,C-TorDL2WN51,,100,,,8,6,0,2,0,0,2,0,0,0,0,0,0,0,0,0,0,0,0,0,0,2,0,0,1500,26/05/2025 04:43,Wet_Season
81ae8b73-8dfa-44ea-aba7-d240433fcefd,C-TorJ054P47,,100,,,8,6,0,2,0,0,2,0,0,0,0,0,0,0,0,0,0,0,0,0,0,2,0,0,1500,26/05/2025 04:43,Wet_Season
f4f2c838-7ee9-4ae4-85b3-79e19f396cf6,C-TorM9LH200,,100,,,8,6,0,2,0,0,2,0,0,0,0,0,0,0,0,0,0,0,0,0,0,2,0,0,1500,26/05/2025 04:43,Wet_Season
b07083d9-62e6-4208-a9af-2e2c47f07f88,C-TorQVV0C56,,100,,,8,6,0,2,0,0,2,2,0,0,0,0,0,0,0,0,0,0,0,0,0,2,0,0,1500,26/05/2025 04:43,Wet_Season
39672d4b-c44f-4f4f-ad5e-5d9be607d6a0,C-TorSCW4P03,,100,,,8,6,0,2,0,0,2,2,0,0,0,0,0,0,0,0,0,0,0,0,0,2,0,0,1500,26/05/2025 04:43,Wet_Season
66dd02b0-0bfe-42d9-a73b-8b19aed83985,C-Tor0F36C11,,100,,,8,6,0,2,0,0,2,2,0,0,0,0,0,0,0,0,0,0,0,0,0,2,0,0,1500,26/05/2025 04:43,Wet_Season
47985992-b3c9-412a-b884-a6b43b204cd8,C-Tor32X3O23,,100,,,8,6,0,2,0,0,2,2,0,0,0,0,0,0,0,0,0,0,0,0,0,2,0,0,1500,26/05/2025 04:43,Wet_Season
653ed685-3723-478b-a31c-05a2a1042aed,C-Taf6UAMV40,,100,,,8,6,0,2,0,0,2,0,0,0,0,0,0,0,0,0,0,0,0,0,0,2,0,0,1500,26/05/2025 04:54,Wet_Season
1fc83029-d1fd-46a3-a79c-291e71407f59,C-Taf9UMCW56,,100,,,8,6,0,2,0,0,2,0,0,0,0,0,0,0,0,0,0,0,0,0,0,2,0,0,1500,26/05/2025 04:54,Wet_Season
92400aab-d9fe-436b-8fbf-d5d79a65133d,C-TafD9VOB41,,100,,,8,6,0,2,0,0,2,0,0,0,0,0,0,0,0,0,0,0,0,0,0,2,0,0,1500,26/05/2025 04:54,Wet_Season
b5c63986-1c2e-4911-b687-cdf147ac02ab,C-TafJGKQS15,,100,,,8,6,0,2,0,0,2,0,0,0,0,0,0,0,0,0,0,0,0,0,0,2,0,0,1500,26/05/2025 04:54,Wet_Season
7837764b-0de4-4259-896b-4b527752c757,C-TafKN5S625,,,,,6,6,0,2,0,0,0,0,0,2,0,0,0,0,0,0,0,0,0,0,0,0,0,0,2,26/05/2025 04:54,Wet_Season
f9d8e69c-75a3-4218-b679-1cd182df08dd,C-TafO2M5101,,100,,,8,6,0,2,0,0,0,0,0,0,0,0,0,0,0,0,0,0,0,0,0,2,0,0,1500,26/05/2025 04:54,Wet_Season
ed252645-c95c-4c34-8de0-d2a8d9e7f30a,C-TafP2RQ336,,100,,,8,6,0,2,0,0,2,0,0,0,0,0,0,0,0,0,0,0,0,0,0,2,0,0,1500,26/05/2025 04:54,Wet_Season
d56a9bae-83b1-4f8a-83f7-587a286a6247,C-TafUIGXY21,,100,,,8,6,0,2,0,0,2,0,0,0,0,0,0,0,0,0,0,0,0,0,0,2,0,0,1500,26/05/2025 04:54,Wet_Season
1048b4dd-5971-4384-9f22-e4234d63ecb3,C-TafWSKQ321,,100,,,8,6,0,2,0,0,2,0,0,0,0,0,0,0,0,0,0,0,0,0,0,2,0,0,1500,26/05/2025 04:54,Wet_Season
656e2d78-d08c-4439-b409-1c99ac680bfe,C-Gwe1X0P443,,50,,,4,3,0,0,0,0,0,0,0,0,0,0,0,0,0,0,0,0,0,2,0.5,0,125,2,0,26/05/2025 07:19,Wet_Season
c2d8b306-4ea5-4871-969f-1566529ef683,C-GweRRJOQ35,,50,,,4,3,0,0,0,0,0,0,0,0,0,0,0,0,0,0,0,0,0,2,0.5,0,125,2,0,26/05/2025 07:28,Wet_Season
a92e04b9-1c2a-44ef-87cc-0b37cdf10252,C-Gwe4Q21539,,50,,,4,3,0,0,0,0,0,0,0,0,0,0,0,0,0,0,0,0,0,2,0.5,0,125,2,0,26/05/2025 07:35,Wet_Season
1363f7a2-8f2e-40a1-847e-e034a495310b,C-GweVG52L44,,50,,,4,3,0,0,0,0,0,0,0,0,0,0,0,0,0,0,0,0,0,2,0.5,0,125,2,0,26/05/2025 07:43,Wet_Season
36701f34-6d57-41ae-8e00-824ba17153e6,C-GweBKVVK09,,50,,,4,3,0,0,0,0,0,0,0,0,0,0,0,0,0,0,0,0,0,2,0.5,0,125,2,0,26/05/2025 07:48,Wet_Season
9f7b07a0-e5d8-4dc6-815c-588fb5d173b6,C-GweZ2B3V50,,50,,,4,3,0,0,0,0,0,0,0,0,0,0,0,0,0,0,0,0,0,2,0.5,0,125,2,0,26/05/2025 07:57,Wet_Season
c3196d8e-1001-4411-aed5-37987fba4820,C-GweUF18W03,,50,,,4,3,0,0,0,0,0,0,0,0,0,0,0,0,0,0,0,0,0,2,0.5,0,125,2,0,26/05/2025 08:01,Wet_Season
ba136b75-d6ce-45d7-bb66-c80bac88a4bd,C-GweE4MMZ33,,50,,,4,3,0,0,0,0,0,0,0,0,0,0,0,0,0,0,0,0,0,2,0.5,0,125,2,0,26/05/2025 08:09,Wet_Season
c02de83c-c26b-47e2-9389-02b4a285c9a4,C-GweRB0EC18,,50,,,4,3,0,0,0,0,0,0,0,0,0,0,0,0,0,0,0,0,0,2,0.5,0,125,2,0,26/05/2025 08:14,Wet_Season
78507d75-b62c-4b9a-a67e-8fe5eed25953,C-GweWL96019,,50,,,4,3,0,0,0,0,0,0,0,0,0,0,0,0,0,0,0,0,0,2,0.5,0,125,2,0,26/05/2025 08:18,Wet_Season
089a9f61-fcc0-4754-9f50-1a7e065de2c9,C-DomCBX5419,20,,,,4,3,0,0,0,0,0,0,0,0,2,0,0,5,0,0,0,0,2,0,2,0,0,2,0,26/05/2025 08:37,Wet_Season
15339ff3-87b8-42b7-993b-a5c9dc9f9404,C-KagV048412,20,,,,4,3,0,0,0,0,0,0,0,0,2,0,0,5,0,0,0,0,0,0,2,0,0,2,0,26/05/2025 08:41,Wet_Season
e7089de1-eb9f-48e6-907b-6c1a383e71a3,C-Gwe2714F20,,50,,,4,3,0,0,0,0,0,0,0,0,0,0,0,0,0,0,0,0,0,2,0.5,2,125,2,0,26/05/2025 08:53,Wet_Season
5aebd2e4-eb8a-46c4-9bfe-82062b342448,C-Gwe7LAKX44,,50,,,4,3,0,0,0,0,0,0,0,0,0,0,0,0,0,0,0,0,0,2,0.5,0,125,2,0,26/05/2025 09:03,Wet_Season
0984b674-b0b4-4fe2-990d-84177dfc5a96,C-GweP1XF532,,50,,,4,3,0,0,0,0,0,0,0,0,0,0,0,0,0,0,0,0,0,2,0.5,0,125,2,0,26/05/2025 09:10,Wet_Season
14f40476-519b-443a-837b-390736d3a1ef,C-GweT4E6E46,,50,,,4,3,0,0,0,0,0,0,0,0,0,0,0,0,0,0,0,0,0,2,0.5,0,125,2,0,26/05/2025 09:19,Wet_Season
05869c15-7cc7-401c-a231-beb8fef553d9,C-GweOOFY455,,50,,,4,3,0,0,0,0,0,0,0,0,0,0,0,0,0,0,0,0,0,2,0.5,0,125,2,0,26/05/2025 09:27,Wet_Season
ac42363a-c7b4-499c-9b03-109167cb5162,C-Jab3V55J46,20,,,,4,3,0,0,0,0,0,0,0,0,2,0,0,5,0,0,0,0,2,0,0,0,0,2,0,26/05/2025 09:30,Wet_Season
63835fff-505c-4aaa-ae86-e1b8f76d4326,C-Jab5YJ1O22,,50,,,4,3,0,0,0,0,0,0,0,0,0,0,0,0,0,0,0,0,0,2,1,0,5,2,0,26/05/2025 09:30,Wet_Season
c776b0ba-823a-4161-b6ae-bc988c37d94e,C-Jab3PZVP54,50,,,,4,3,0,0,0,0,0,0,0,0,2,0,0,5,0,0,0,0,2,0,0,0,0,2,0,26/05/2025 09:30,Wet_Season
bc4fb053-b059-492c-99a8-411873a9f21c,C-JabNO9FU19,,50,,,4,3,0,0,0,0,0,0,0,0,0,0,0,0,0,0,0,0,0,2,1,0,5,2,0,26/05/2025 09:30,Wet_Season
071750e0-7946-450e-8ce8-84ebdf772f69,C-JabBC03D26,20,,,,4,3,0,0,0,0,0,0,0,0,2,0,0,5,0,0,0,0,2,0,0,0,0,2,0,26/05/2025 09:30,Wet_Season
aef66444-9db5-44a2-8eec-784f626cb136,C-JabWMMQD40,20,,,,4,3,0,0,0,0,0,0,0,0,2,0,0,5,0,0,0,0,2,0,0,0,0,2,0,26/05/2025 09:30,Wet_Season
5c644bf3-c041-494e-ad2e-b57540e1559b,C-JabQCRER04,20,,,,4,3,0,0,0,0,0,0,0,0,2,0,0,5,0,0,0,0,2,0,0,0,0,2,0,26/05/2025 09:30,Wet_Season
360f5ab1-daa7-477c-a4c0-c88857be7bcc,C-Gwe1T45402,,50,,,4,3,0,0,0,0,0,0,0,0,0,0,0,0,0,0,0,0,0,2,0.5,0,125,2,0,26/05/2025 09:38,Wet_Season
dfac2c23-5c6c-4846-bbcf-4b61ac2b0add,C-GweZ9CGG40,,50,,,4,3,0,0,0,0,0,0,0,0,0,0,0,0,0,0,0,0,0,2,0.5,0,125,2,0,26/05/2025 09:46,Wet_Season
fcfec72e-a3fe-41d2-83c5-f4e494f55afb,C-GweLZTWZ42,,50,,,4,3,0,0,0,0,0,0,0,0,0,0,0,0,0,0,0,0,0,2,0.5,0,125,2,0,26/05/2025 09:54,Wet_Season
64a45ff8-01ad-4601-8c64-5db09fae3c7c,C-GwePSS6Q20,,50,,,4,3,0,0,0,0,0,0,0,0,0,0,0,0,0,0,0,0,0,2,0.5,0,125,2,0,26/05/2025 10:16,Wet_Season
05d6ff57-1148-483a-a1a4-39dae1034b7b,C-GweMBAEX04,,50,,,4,3,0,0,0,0,0,0,0,0,0,0,0,0,0,0,0,0,0,2,0.5,0,125,2,0,26/05/2025 10:16,Wet_Season
826a0ffd-1e29-4e49-a6ff-9a8480c0776e,C-LafLSXQM58,,50,,,0,0,0,0,0,0,0,0,0,0,0,0,0,0,0,0,0,0,0,0,0,0,0,0,0,26/05/2025 10:20,Wet_Season
e9b93bb8-3ddf-45e0-b3de-9a82d128edc4,C-Laf51F5B27,20,,,,4,3,0,0,0,0,0,0,0,0,2,0,0,0,0,0,0,0,2,0,2,0,0,1,0,26/05/2025 10:21,Wet_Season
a4fdff98-a4aa-44d4-ab16-52cb49dcc821,C-LafA9AED35,,,,,4,3,0,0,0,0,0,0,0,0,2,0,0,0,0,0,0,0,2,0,2,0,0,1,0,26/05/2025 10:21,Wet_Season
fd561694-6c2c-4acd-94d2-4250bc80f98d,C-LafAN7PL26,,50,,,4,3,0,0,0,0,0,0,0,0,0,0,0,0,0,0,0,0,0,2,2,0,2,0,0,26/05/2025 10:21,Wet_Season
4b78fbdb-ce3a-48de-b0f6-349742d939c0,C-LafKF6ZM01,,50,,,4,3,0,0,0,0,0,0,0,0,0,0,0,0,0,0,0,0,0,2,2,0,2,2,0,26/05/2025 10:21,Wet_Season
c04fd64f-d357-4a46-b055-642fde8f0366,C-LafKF6ZM01,,50,,,4,3,0,0,0,0,0,0,0,0,0,0,0,0,0,0,0,0,0,2,2,0,2,2,0,26/05/2025 10:21,Wet_Season
56fbb9b3-df18-4745-b6df-939c9b65c45d,C-Laf9VC4806,,50,,,4,3,0,0,0,0,0,0,0,0,0,0,0,0,0,0,0,0,0,2,2,0,2,2,0,26/05/2025 10:21,Wet_Season
04414c4b-98e4-4457-90c1-4d17d507b8cb,C-LafIWLE255,,50,,,4,3,0,0,0,0,0,0,0,0,0,0,0,0,0,0,0,0,0,2,2,0,2,2,0,26/05/2025 10:21,Wet_Season
e87a3d5b-2f36-4b9e-9afa-cb7d3e1a31c6,C-Laf8ETXN03,,50,,,4,3,0,0,0,0,0,0,0,0,0,0,0,0,0,0,0,0,0,2,2,0,2,2,0,26/05/2025 10:21,Wet_Season
b9b4a37d-90fc-4033-b86b-54f40e7a7f7a,C-Laf4JJXE07,,50,,,4,3,0,0,0,0,0,0,0,0,0,0,0,0,0,0,0,0,0,2,2,0,0,2,2,26/05/2025 10:21,Wet_Season
1773c2d3-e666-4af2-940f-75d2cfe2107c,C-KagTTD4G40,20,,,,4,3,0,0,0,0,0,0,0,0,2,0,0,5,0,0,0,0,0,0,2,0,0,2,0,26/05/2025 10:22,Wet_Season
eb823755-89fd-4a1a-b625-c6f2abc2b570,C-KagIBUTO01,20,,,,4,3,0,0,0,0,0,0,0,0,2,0,0,5,0,0,0,0,0,0,2,0,0,2,0,26/05/2025 10:22,Wet_Season
7f2ccc47-f59c-4d96-a5b4-09874de825cf,C-LafKF6ZM01,,50,,,4,3,0,0,0,0,0,0,0,0,0,0,0,0,0,0,0,0,0,2,2,0,2,2,0,26/05/2025 10:33,Wet_Season
3449f33d-8424-4b3d-8896-a18c040fff2e,C-Zan6KTSU06,,50,,,4,3,0,0,0,0,0,0,0,0,0,0,0,0,0,0,0,0,0,2,2,0,5,2,0,26/05/2025 10:37,Wet_Season
8a32a293-b8f3-4e7f-89ad-715ab565368f,C-ZanBIENL11,,50,,,4,3,0,0,0,0,0,0,0,0,0,0,0,0,0,0,0,0,0,2,2,0,5,2,0,26/05/2025 10:37,Wet_Season
3a8cbc2d-06c6-4766-ae40-fc51535f305f,C-ZanEIHVY54,,50,,,4,3,0,0,0,0,0,0,0,0,0,0,0,0,0,0,0,0,0,2,2,0,5,2,0,26/05/2025 10:37,Wet_Season
98900b53-3c03-4e74-8f1c-57fe511804d2,C-ZanJZP7K07,20,,,,4,3,0,0,0,0,0,0,0,0,2,0,0,5,0,0,0,0,2,0,2,0,0,2,0,26/05/2025 10:37,Wet_Season
bfae003e-41bc-486c-9cba-4c39693545e0,C-Zan399ZP36,20,,,,4,3,0,0,0,0,0,0,0,0,2,0,0,5,0,0,0,0,2,0,2,0,0,2,0,26/05/2025 10:37,Wet_Season
1798c6f1-ff33-4564-9b21-21278f8bb85a,C-Zan9MSK651,,50,,,4,3,0,0,0,0,0,0,0,0,0,0,0,0,0,0,0,0,0,2,2,0,5,2,0,26/05/2025 10:37,Wet_Season
dcf358df-a888-4260-a4ad-b4b0c30586bc,C-ZanXPBYX30,,50,,,4,3,0,0,0,0,0,0,0,0,0,0,0,0,0,0,0,0,0,2,2,0,5,2,0,26/05/2025 10:37,Wet_Season
f55149b5-c48b-4876-8c59-57f49beee955,C-ZanO1U9F38,20,,,,4,3,0,0,0,0,0,0,0,0,2,0,0,5,0,0,0,0,2,0,2,0,0,2,0,26/05/2025 10:37,Wet_Season
fc8e7bb6-619b-437c-b832-b2e911153108,C-ZanDQNIA23,,50,,,4,3,0,0,0,0,0,0,0,0,0,0,0,0,0,0,0,0,0,2,2,0,5,2,0,26/05/2025 10:37,Wet_Season
9148e3b3-94a0-4b98-921e-2b827ca3a431,C-ZanWY6L617,20,,,,4,3,0,0,0,0,0,0,0,0,2,0,0,5,0,0,0,0,2,0,2,0,0,2,0,26/05/2025 10:37,Wet_Season
edd2974a-93a4-4c6f-925c-e1a79a185f9e,C-JabZEZZ456,,50,,,4,3,0,0,0,0,0,0,0,0,0,0,0,0,0,0,0,0,0,2,2,0,5,2,0,26/05/2025 10:39,Wet_Season
e38bdc4f-e85f-4281-850e-b4901dd1d5b8,C-Jab972VP28,,50,,,4,3,0,0,0,0,0,0,0,0,0,0,0,0,0,0,0,0,0,2,2,0,5,2,0,26/05/2025 10:39,Wet_Season
d7687987-3513-41ed-9e92-f6053b17635b,C-Jab4TOLD33,,50,,,4,3,0,0,0,0,0,0,0,0,0,0,0,0,0,0,0,0,0,2,2,0,5,2,0,26/05/2025 10:39,Wet_Season
552a5772-29b9-49dd-b227-5e3e90dee4e9,C-GweIZ7M809,,50,,,4,3,0,0,0,0,0,0,0,0,0,0,0,0,0,0,0,0,0,2,0.5,0,125,2,0,26/05/2025 10:54,Wet_Season
f6544ef2-5c59-40a7-9ac9-2c8e808ef22b,C-Laf5GEIM34,,50,,,0,0,0,0,0,0,0,0,0,0,0,0,0,0,0,0,0,0,0,0,0,0,0,0,0,26/05/2025 11:00,Wet_Season
0fb023dc-349e-40d8-a983-57e067d216b0,C-GweGIK5335,,50,,,4,3,0,0,0,0,0,0,0,0,0,0,0,0,0,0,0,0,0,2,0.5,0,125,2,0,26/05/2025 11:01,Wet_Season
ccb62991-3055-4659-9d0e-6b37ba4e8a2d,C-GweVIFTA35,,50,,,4,2,0,0,0,0,0,0,0,0,0,0,0,0,0,0,0,0,0,2,0.5,0,125,2,0,26/05/2025 11:09,Wet_Season
74cc4c7e-d601-4738-8e3c-dfe080bf0c5f,C-GweE2DCH40,,50,,,4,3,0,0,0,0,0,0,0,0,0,0,0,0,0,0,0,0,0,2,0.5,0,125,2,0,26/05/2025 11:14,Wet_Season
ac480cc0-9706-41a5-8bf5-be1b6f21ae72,C-GweSUXB154,,50,,,4,3,0,0,0,0,0,0,0,0,0,0,0,0,0,0,0,0,0,2,0.5,0,125,2,0,26/05/2025 11:19,Wet_Season
dd9d7f7d-95af-4f26-af00-821108476657,C-GweJGN3918,,50,,,4,3,0,0,0,0,0,0,0,0,0,0,0,0,0,0,0,0,0,2,0.5,0,125,2,0,26/05/2025 11:22,Wet_Season
f5a7d276-9788-48f6-9173-bbe78539d8f5,C-Gwe4BARS06,,50,,,4,3,0,0,0,0,0,0,0,0,0,0,0,0,0,0,0,0,0,2,0.5,0,125,2,0,26/05/2025 11:28,Wet_Season
9b258c20-fec1-4054-b6d7-4c7018b6f037,C-GweK4LI449,,50,,,4,3,0,0,0,0,0,0,0,0,0,0,0,0,0,0,0,0,0,2,0.5,0,125,2,0,26/05/2025 11:31,Wet_Season
aa551d91-82e5-4f42-a9e9-7c04f561c0d1,C-Gwe26SZD38,,50,,,4,3,0,0,0,0,0,0,0,0,0,0,0,0,0,0,0,0,0,2,0.5,0,125,2,0,26/05/2025 11:36,Wet_Season
0b93abe1-bdaf-494c-b887-27ee72a24075,C-GweWTDNR14,,50,,,4,3,0,0,0,0,0,0,0,0,0,0,0,0,0,0,0,0,0,2,0.5,0,125,2,0,26/05/2025 11:39,Wet_Season
a93c29da-2b65-46f4-a44b-89381789cc0f,C-GweEA95836,,50,,,4,3,0,0,0,0,0,0,0,0,0,0,0,0,0,0,0,0,0,2,0.5,0,125,2,0,26/05/2025 11:42,Wet_Season
809305cc-43e6-49fa-985d-044efd964779,C-GweZPWMM42,,50,,,4,3,0,0,0,0,0,0,0,0,0,0,0,0,0,0,0,0,0,2,0.5,0,150,2,0,26/05/2025 11:43,Wet_Season
4aec33c3-6a72-41f7-8847-16e119535278,C-Gwe9WFR838,,50,,,4,3,0,0,0,0,0,0,0,0,0,0,0,0,0,0,0,0,0,2,0.5,0,125,2,0,26/05/2025 11:45,Wet_Season
eea2c665-a8e5-4cb5-8242-814fbd76ec13,C-Beb0A2RB34,,100,,,8,6,0,2,0,0,2,2,0,0,0,0,0,0,0,0,0,0,0,0,0,2,0,0,1500,26/05/2025 14:38,Wet_Season
a010fb06-c0e3-4426-9120-46938a4f2036,C-Beb1B4CY49,,100,,,8,6,0,2,0,0,2,2,0,0,0,0,0,0,0,0,0,0,0,0,0,2,0,0,1500,26/05/2025 14:38,Wet_Season
9b3bbf40-574f-4949-8cb7-27fc67527966,C-Beb1VVRE17,,100,,,8,6,0,2,0,0,2,2,0,0,0,0,0,0,0,0,0,0,0,0,0,2,0,0,1500,26/05/2025 14:38,Wet_Season
240e7c72-0950-4efd-b4d6-00f3e8de364f,C-Beb3XEEL04,,100,,,8,6,0,2,0,0,2,2,0,0,0,0,0,0,0,0,0,0,0,0,0,2,0,0,1500,26/05/2025 14:38,Wet_Season
48e6105b-32e3-4330-86b2-5ef33a16f000,C-Beb4RHBF20,,100,,,8,6,0,2,0,0,2,2,0,0,0,0,0,0,0,0,0,0,0,0,0,2,0,0,1500,26/05/2025 14:38,Wet_Season
81d1f1fe-33fb-4893-9b95-18a2b9e5b950,C-Beb39GUP28,,100,,,8,6,0,2,0,0,2,2,0,0,0,0,0,0,0,0,0,0,0,0,0,2,0,0,1500,26/05/2025 14:40,Wet_Season
249c4d04-6b7f-4113-9928-50f8ca93a4e4,C-Beb7RIGN42,,100,,,8,6,0,2,0,0,2,2,0,0,0,0,0,0,0,0,0,0,0,0,0,2,0,0,1500,26/05/2025 14:42,Wet_Season
b333f63d-bc6c-4103-9c41-dc761fc43f38,C-BebABZ8T23,,100,,,8,6,0,2,0,0,2,2,0,0,0,0,0,0,0,0,0,0,0,0,0,2,0,0,1500,26/05/2025 14:43,Wet_Season
93893730-b5c4-4145-a2b5-840755f70f35,C-BebAEBFG49,,100,,,8,6,0,2,0,0,2,2,0,0,0,0,0,0,0,0,0,0,0,0,0,2,0,0,1500,26/05/2025 14:44,Wet_Season
f112c5b0-af73-4337-8770-8bbd94250237,C-BebD04XU51,,100,,,8,6,0,2,0,0,2,2,0,0,0,0,0,0,0,0,0,0,0,0,0,2,0,0,1500,26/05/2025 14:45,Wet_Season
42783a61-a9c0-4366-ab6a-6bfeebb38fbf,C-Jah3JLCN57,,100,,,8,6,0,2,0,0,2,0,0,0,0,0,0,0,0,0,0,0,0,0,0,2,0,0,2,26/05/2025 14:46,Wet_Season
0749b7d0-3df6-4aa0-b749-009188a99f7d,C-Jah4TO8Q14,,100,,,8,6,0,2,0,0,2,2,0,0,0,0,0,0,0,0,0,0,0,0,0,2,0,0,1500,26/05/2025 14:46,Wet_Season
89863868-06d4-4ae8-a678-7206d4067c3d,C-Jah84N3435,,100,,,8,6,0,2,0,0,2,0,0,0,0,0,0,0,0,0,0,0,0,0,0,2,0,0,1500,26/05/2025 14:46,Wet_Season
87d47871-1c1a-4405-ae90-64fcb8a8eea5,C-Jah9POGO44,,100,,,8,6,0,2,0,0,2,0,0,0,0,0,0,0,0,0,0,0,0,0,0,2,0,0,100,26/05/2025 14:46,Wet_Season
b8980694-a2d5-4e12-b5e0-c4c9db0585a3,C-Jah9RFV717,,100,,,8,6,0,2,0,0,2,0,0,0,0,0,0,0,0,0,0,0,0,0,0,2,0,0,0,26/05/2025 14:46,Wet_Season
1c4d7cdc-da25-43b6-befc-c9330651ef97,C-JahAA20J12,,100,,,8,6,0,2,0,0,2,0,0,0,0,0,0,0,0,0,0,0,0,0,0,2,0,0,1500,26/05/2025 14:46,Wet_Season
f43406a2-48bd-497e-bffb-9b2ddb2a0774,C-JahAENIM56,,100,,,8,6,0,2,0,0,2,0,0,0,0,0,0,0,0,0,0,0,0,0,0,2,0,0,1500,26/05/2025 14:46,Wet_Season
1472d602-e6d8-455a-88cb-83bf4087994f,C-JahBAE7K51,,100,,,8,6,0,2,0,0,2,0,0,0,0,0,0,0,0,0,0,0,0,0,0,2,0,0,2,26/05/2025 14:46,Wet_Season
9e15206a-be75-4ef5-9e4b-4adafbdf02ac,C-JahFST4H41,,100,,,8,6,0,2,0,0,2,0,0,0,0,0,0,0,0,0,0,0,0,0,0,2,0,0,1500,26/05/2025 14:47,Wet_Season
9dadfb25-ac42-4a2c-a586-97d2fa0d0846,C-JahHYN4L28,,100,,,8,6,0,2,0,0,2,0,0,0,0,0,0,0,0,0,0,0,0,0,0,2,0,0,1500,26/05/2025 14:47,Wet_Season
59222446-d7f7-4e26-95d7-906aaf2a9893,C-JahJ5RT649,,100,,,8,6,0,2,0,0,2,0,0,0,0,0,0,0,0,0,0,0,0,0,0,2,0,0,1500,26/05/2025 14:47,Wet_Season
cf5f8ddc-31cb-4936-8ab4-79de428d0814,C-JahKRQUR18,,100,,,8,6,0,2,0,0,2,0,0,0,0,0,0,0,0,0,0,0,0,0,0,2,0,0,1500,26/05/2025 14:47,Wet_Season
2d42c5fe-3d74-4840-9b47-49a4464c2bd2,C-JahMGCZV13,,100,,,8,6,0,2,0,0,2,0,0,0,0,0,0,0,0,0,0,0,0,0,0,2,0,0,1500,26/05/2025 14:47,Wet_Season
861873a2-3de3-4c48-98d4-76bc1cd78cd9,C-JahNKG2400,,100,,,8,6,0,2,0,0,2,0,0,0,0,0,0,0,0,0,0,0,0,0,0,2,0,0,1500,26/05/2025 14:47,Wet_Season
421118ab-68fe-4f2e-be20-d1f6f3c616b6,C-JahQCFWV48,,,,,8,6,0,0,0,0,2,0,0,0,0,0,0,0,0,0,0,0,0,0,0,2,0,0,1500,26/05/2025 14:47,Wet_Season
8245880d-a2ca-4493-b2b1-6c9c1bc2e52e,C-BebN2XDM49,,100,,,8,6,0,2,0,0,2,2,0,0,0,0,0,0,0,0,0,0,0,0,0,2,0,0,1500,26/05/2025 14:47,Wet_Season
ac1332d3-21e8-4754-b43d-edefd5e4488b,C-JahQSU7226,,100,,,8,6,0,2,0,0,2,0,0,0,0,0,0,0,0,0,0,0,0,0,0,2,0,0,1500,26/05/2025 14:47,Wet_Season
e92d70e4-9fac-440a-b5c6-db79efe9be34,C-JahSEZPT24,,100,,,8,2,0,2,0,0,2,0,0,0,0,0,0,0,0,0,0,0,0,0,0,2,0,0,1500,26/05/2025 14:47,Wet_Season
8da71f50-e745-45ac-9f60-ff4a187ca470,C-JahT68CM40,,100,,,8,2,0,2,0,0,2,0,0,0,0,0,0,0,0,0,0,0,0,0,0,2,0,0,1500,26/05/2025 14:47,Wet_Season
13db3b0a-8fc0-40f6-9f20-b7dc920c6a86,C-JahUJHTY12,,100,,,8,6,0,2,0,0,2,0,0,0,0,0,0,0,0,0,0,0,0,0,0,2,0,0,1500,26/05/2025 14:47,Wet_Season
8c56dc11-8c88-41c5-8b02-f014fb3f669b,C-JahVBFSP56,,100,,,8,6,0,2,0,0,2,0,0,0,0,0,0,0,0,0,0,0,0,0,0,2,0,0,1500,26/05/2025 14:47,Wet_Season
b2b43cef-825e-4b37-8b11-068a8bb3fd2f,C-JahVG3S939,,100,,,8,6,0,2,0,0,0,0,0,0,0,0,0,0,0,0,0,0,0,0,0,2,0,0,2,26/05/2025 14:47,Wet_Season
bd189f3f-8acf-48ee-853e-925d4aeb99f6,C-JahVNH7N21,,,,,8,6,0,2,0,0,2,0,0,0,0,0,0,0,0,0,0,0,0,0,0,2,0,0,1500,26/05/2025 14:47,Wet_Season
914ac844-2693-4055-9aea-59f8cdd1c73a,C-JahXECST16,,100,,,8,6,0,2,0,0,2,0,0,0,0,0,0,0,0,0,0,0,0,0,0,2,0,0,1500,26/05/2025 14:47,Wet_Season
9231307c-9e0a-4e3d-8e7e-04e2b58ca1a0,C-JahZPRLC03,,100,,,8,2,0,2,0,0,2,0,0,0,0,0,0,0,0,0,0,0,0,0,0,2,0,0,1500,26/05/2025 14:47,Wet_Season
55511ead-9477-495d-be7f-2d07707d8c72,C-BebUZ3DA20,,100,,,8,6,0,2,0,0,2,2,0,0,0,0,0,0,0,0,0,0,0,0,0,2,0,0,1500,26/05/2025 14:48,Wet_Season
7dc736c5-a17a-44b5-b340-8bcc9dadaf58,C-Kir3XNXW15,,100,,,8,6,0,2,0,0,2,2,0,0,0,0,0,0,0,0,0,0,0,0,0,2,0,0,1500,26/05/2025 14:50,Wet_Season
4682b789-acca-419e-928d-7bfb8939b009,C-Kir9LTAF45,,100,,,8,6,0,2,0,0,2,2,0,0,0,0,0,0,0,0,0,0,0,0,0,2,0,0,1500,26/05/2025 14:51,Wet_Season
a6b23467-d838-4635-b1df-76c4160e5313,C-KirE9M6832,,100,,,8,6,0,2,0,0,2,2,0,0,0,0,0,0,0,0,0,0,0,0,0,2,0,0,1500,26/05/2025 14:52,Wet_Season
9509a007-e7c4-4f7c-81fa-c24bce3aef6c,C-KirEYP7G36,,100,,,8,6,0,2,0,0,2,2,0,0,0,0,0,0,0,0,0,0,0,0,0,2,0,0,1500,26/05/2025 14:53,Wet_Season
6598d2c9-6163-4aa7-b6ab-f691f811ab62,C-KirFUWFM42,,100,,,8,6,0,2,0,0,2,2,0,0,0,0,0,0,0,0,0,0,0,0,0,2,0,0,1500,26/05/2025 14:55,Wet_Season
e275079f-e5f3-4b5a-81ee-3c74c9fecee5,C-KirU063A14,,100,,,8,6,0,2,0,0,2,2,0,0,0,0,0,0,0,0,0,0,0,0,0,2,0,0,1500,26/05/2025 14:56,Wet_Season
69217edd-d457-4abe-88de-4d6afb8592f0,C-KirYSFLA52,,100,,,8,6,0,2,0,0,2,2,0,0,0,0,0,0,0,0,0,0,0,0,0,2,0,0,1500,26/05/2025 14:57,Wet_Season
8fcac733-b8a8-4b00-a606-752e4cb9faa4,C-KirZ1XBB38,,100,,,8,6,0,2,0,0,2,2,0,0,0,0,0,0,0,0,0,0,0,0,0,2,0,0,1500,26/05/2025 14:59,Wet_Season
0fd369f9-537c-4acf-81c7-6ef783f25612,C-Kir49L2452,,100,,,8,6,0,2,0,0,2,2,0,0,0,0,0,0,0,0,0,0,0,0,0,2,0,0,1500,26/05/2025 15:01,Wet_Season
01e41ee8-1542-401f-968f-7b9889b8507d,C-Kir96YYS34,,100,,,8,6,0,2,0,0,2,2,0,0,0,0,0,0,0,0,0,0,0,0,0,2,0,0,1500,26/05/2025 15:03,Wet_Season
b70bb921-a412-48c6-930d-bb2cc7f7fcae,C-KirBFKK951,,100,,,8,6,0,2,0,0,2,2,0,0,0,0,0,0,0,0,0,0,0,0,0,2,0,0,1500,26/05/2025 15:06,Wet_Season
1c87d776-b727-4a33-83e0-afe2c761dcc6,C-KirEVO7138,,100,,,8,6,0,2,0,0,2,2,0,0,0,0,0,0,0,0,0,0,0,0,0,2,0,0,1500,26/05/2025 15:06,Wet_Season
2b65c465-07f8-461f-bf08-c8bddc519d49,C-KirEZRWU35,,100,,,8,6,0,2,0,0,2,2,0,0,0,0,0,0,0,0,0,0,0,0,0,2,0,0,1500,26/05/2025 15:07,Wet_Season
2a26db2e-fd51-4716-96c4-0ebcabc794a4,C-KirGADJM29,,100,,,8,6,0,2,0,0,2,2,0,0,0,0,0,0,0,0,0,0,0,0,0,2,0,0,1500,26/05/2025 15:08,Wet_Season
d5ea49b2-23ca-486c-9a61-dcd3dd33f53f,C-KirMVOZW29,,100,,,8,6,0,2,0,0,0,2,0,0,0,0,0,0,0,0,0,0,0,0,0,2,0,0,1500,26/05/2025 15:10,Wet_Season
f9431467-645d-432e-82c7-bcaca78ace73,C-KirOD8KS34,,100,,,8,6,0,2,0,0,2,2,0,0,0,0,0,0,0,0,0,0,0,0,0,2,0,0,1500,26/05/2025 15:11,Wet_Season
fd0a3dba-08fc-4f85-bca6-a213936b8a63,C-KirTRWJ435,,100,,,8,6,0,2,0,0,2,2,0,0,0,0,0,0,0,0,0,0,0,0,0,2,0,0,1500,26/05/2025 15:12,Wet_Season
3876c1e6-f164-4101-aa9c-88dd388f97a2,C-KirURI4V42,,100,,,8,6,0,2,0,0,2,2,0,0,0,0,0,0,0,0,0,0,0,0,0,2,0,0,1500,26/05/2025 15:14,Wet_Season
314703a1-5cb5-49b1-9418-15a6cb9fbd16,C-KirVBEV344,,100,,,8,6,0,2,0,0,2,2,0,0,0,0,0,0,0,0,0,0,0,0,0,2,0,0,1500,26/05/2025 15:15,Wet_Season
bf495704-a98f-469b-a0e5-c845b6b2b7aa,C-Kuj355KP30,,100,,,8,6,0,2,0,0,2,2,0,0,0,0,0,0,0,0,0,0,0,0,0,2,0,0,1500,26/05/2025 15:19,Wet_Season
6747ae40-8168-4380-b102-696f3d7d01c3,C-Kuj45P6440,,100,,,8,6,0,2,0,0,2,2,0,0,0,0,0,0,0,0,0,0,0,0,0,2,0,0,1500,26/05/2025 15:21,Wet_Season
a8bb83e3-3ca1-47b1-ae14-d87831f43ad2,C-Kuj5C1IA19,,100,,,8,6,0,2,0,0,2,2,0,0,0,0,0,0,0,0,0,0,0,0,0,2,0,0,1500,26/05/2025 15:30,Wet_Season
3d6bfbd1-8065-4a66-bd0b-ade20c602b75,C-Kuj67R1638,,100,,,8,6,0,2,0,0,2,2,0,0,0,0,0,0,0,0,0,0,0,0,0,2,0,0,1500,26/05/2025 15:32,Wet_Season
bd5deade-b443-4c0b-ba00-3f7cf8c3f5de,C-Kuj933JV40,,100,,,8,6,0,2,0,0,2,2,0,0,0,0,0,0,0,0,0,0,0,0,0,2,0,0,1500,26/05/2025 15:34,Wet_Season
97bde78e-6d53-4875-98de-a3cddba9a858,C-KujAHCW332,,100,,,8,6,0,2,0,0,2,2,0,0,0,0,0,0,0,0,0,0,0,0,0,2,0,0,1500,26/05/2025 15:36,Wet_Season
79d8726b-e2b4-4fe2-8320-a8499ea3a815,C-KujAXA1949,,100,,,8,6,0,2,0,0,2,2,0,0,0,0,0,0,0,0,0,0,0,0,0,2,0,0,1500,26/05/2025 15:38,Wet_Season
37267329-7125-4f4c-bba9-c199b4c929bb,C-KujBB4YV26,,100,,,8,6,0,2,0,0,2,2,0,0,0,0,0,0,0,0,0,0,0,0,0,2,0,0,1500,26/05/2025 15:40,Wet_Season
df9139d1-848b-41c3-9f9b-89733ae770a7,C-KujCYRGV43,,100,,,8,6,0,2,0,0,2,2,0,0,0,0,0,0,0,0,0,0,0,0,0,2,0,0,1500,26/05/2025 15:41,Wet_Season
7785dbac-5e23-4502-a2dd-b078bc4b683b,C-KujDWTZG17,,100,,,8,6,0,2,0,0,2,2,0,0,0,0,0,0,0,0,0,0,0,0,0,2,0,0,1500,26/05/2025 15:43,Wet_Season
df0bc9b8-b14d-47ed-9f4a-370e1362370e,C-KujK4ZXQ10,,100,,,8,6,0,2,0,0,2,2,0,0,0,0,0,0,0,0,0,0,0,0,0,2,0,0,1500,26/05/2025 15:45,Wet_Season
d5776d32-8d4d-4d69-b63f-dfe7ebb85472,C-KujLKA0550,,100,,,8,6,0,2,0,0,2,2,0,0,0,0,0,0,0,0,0,0,0,0,0,2,0,0,1500,26/05/2025 15:47,Wet_Season
5385b6ef-615f-4a17-8019-a16c5436c6c1,C-KujLSJBH03,,100,,,8,6,0,2,0,0,2,2,0,0,0,0,0,0,0,0,0,0,0,0,0,2,0,0,1500,26/05/2025 15:49,Wet_Season
4bf55729-f48e-4952-a720-29c73f70c81c,C-KujO6TAH48,,100,,,8,6,0,2,0,0,2,2,0,0,0,0,0,0,0,0,0,0,0,0,0,2,0,0,1500,26/05/2025 15:51,Wet_Season
09297d7f-b33a-4237-868e-8bc123cf870e,C-KujUB6QT16,,100,,,8,6,0,2,0,0,2,2,0,0,0,0,0,0,0,0,0,0,0,0,0,2,0,0,1500,26/05/2025 15:54,Wet_Season
c949b06b-d945-4d52-89d5-17607d090dc3,C-KujYBVNI04,,100,,,8,6,0,2,0,0,2,2,0,0,0,0,0,0,0,0,0,0,0,0,0,2,0,0,1500,26/05/2025 15:56,Wet_Season
43192827-40a7-4de7-8cb7-d10f4f17c842,C-KujZ4GRQ50,,100,,,8,6,0,2,0,0,2,2,0,0,0,0,0,0,0,0,0,0,0,0,0,2,0,0,1500,26/05/2025 15:57,Wet_Season
6b956cfb-e7a7-41c2-a8ab-d6cad95c4b89,C-Kur2T9OV35,,100,,,8,6,0,2,0,0,2,2,0,0,0,0,0,0,0,0,0,0,0,0,0,2,0,0,1500,26/05/2025 16:01,Wet_Season
5302cf6e-c0d7-4d15-aac0-ddef8e2f940d,C-Kur388N700,,100,,,8,6,0,2,0,0,2,2,0,0,0,0,0,0,0,0,0,0,0,0,0,2,0,0,1500,26/05/2025 16:02,Wet_Season
ad0928a0-e22a-441b-bf7f-fb56a7572d6d,C-Kur87ZR146,,100,,,8,6,0,2,0,0,2,2,0,0,0,0,0,0,0,0,0,0,0,0,0,2,0,0,1500,26/05/2025 16:05,Wet_Season
ea62eeee-2887-4179-b9a2-1609a4ee2542,C-KurJBR0I07,,100,,,8,6,0,2,0,0,2,2,0,0,0,0,0,0,0,0,0,0,0,0,0,2,0,0,1500,26/05/2025 16:07,Wet_Season
80cf4c8a-2139-470c-a24e-719c7dfb4333,C-KurL55O427,,100,,,8,6,0,2,0,0,2,2,0,0,0,0,0,0,0,0,0,0,0,0,0,2,0,0,1500,26/05/2025 16:09,Wet_Season
f0cdfa4e-a6d3-43b1-8a68-3c701959f3ea,C-KurMNS7841,,100,,,8,6,0,2,0,0,2,2,0,0,0,0,0,0,0,0,0,0,0,0,0,2,0,0,1500,26/05/2025 16:11,Wet_Season
4749d494-c56d-4ae0-b8d9-55188f6fe348,C-KurRJS5H37,,100,,,8,6,0,2,0,0,2,2,0,0,0,0,0,0,0,0,0,0,0,0,0,2,0,0,1500,26/05/2025 16:12,Wet_Season
ad9c310a-7b38-4216-86b3-3e9bc2333f36,C-KurRP1SI58,,100,,,8,6,0,2,0,0,2,2,0,0,0,0,0,0,0,0,0,0,0,0,0,2,0,0,1500,26/05/2025 16:15,Wet_Season
fc328bed-e8bf-4f09-ac32-83b2e11e251e,C-KurXO0DU17,,100,,,8,6,0,2,0,0,2,2,0,0,0,0,0,0,0,0,0,0,0,0,0,2,0,0,1500,26/05/2025 16:16,Wet_Season
dff2c1e4-5076-45e6-a00d-2a68c8b2f7f1,C-Kur10H6E25,,100,,,8,6,0,2,0,0,2,2,0,0,0,0,0,0,0,0,0,0,0,0,0,2,0,0,1500,26/05/2025 16:18,Wet_Season
05655863-e84c-40b2-82a9-7d67af870922,C-Kur6UUI536,,100,,,8,6,0,2,0,0,2,2,0,0,0,0,0,0,0,0,0,0,0,0,0,2,0,0,1500,26/05/2025 16:20,Wet_Season
39e4a79e-c1a4-4383-b714-cf9ba2110619,C-Kur6UUI536,,100,,,8,6,0,2,0,0,2,2,0,0,0,0,0,0,0,0,0,0,0,0,0,2,0,0,1500,26/05/2025 16:26,Wet_Season
11a5fe07-4556-4496-8167-a9f8da235f0c,C-Kur10H6E25,,100,,,8,6,0,2,0,0,2,2,0,0,0,0,0,0,0,0,0,0,0,0,0,2,0,0,1500,26/05/2025 16:28,Wet_Season
101be64a-33e3-43b6-9401-1ab2f9a61a76,C-Kur7TF6259,,100,,,8,6,0,2,0,0,2,2,0,0,0,0,0,0,0,0,0,0,0,0,0,2,0,0,1500,26/05/2025 16:30,Wet_Season
ab792570-6467-46ef-95af-08111db3805a,C-Kur8VTDZ04,,100,,,8,6,0,2,0,0,2,2,0,0,0,0,0,0,0,0,0,0,0,0,0,2,0,0,1500,26/05/2025 16:32,Wet_Season
343d3a89-5131-4e5a-bec5-2bf08a631540,C-Kur9D7H003,,100,,,8,6,0,2,0,0,2,2,0,0,0,0,0,0,0,0,0,0,0,0,0,2,0,0,1500,26/05/2025 16:33,Wet_Season
e67c588a-09e8-4a62-a4ca-daf9d14f81d6,C-KurBGFVQ18,,100,,,8,6,0,2,0,0,2,2,0,0,0,0,0,0,0,0,0,0,0,0,0,2,0,0,1500,26/05/2025 16:36,Wet_Season
423d8d94-0d0b-44fe-9661-7eb2a2c7940e,C-KurDJ1T138,,100,,,8,6,0,2,0,0,2,2,0,0,0,0,0,0,0,0,0,0,0,0,0,2,0,0,1500,26/05/2025 16:38,Wet_Season
eed846d0-795d-4c74-81d7-d528a8437ad8,C-KurDM8LT09,,100,,,8,6,0,2,0,0,2,2,0,0,0,0,0,0,0,0,0,0,0,0,0,2,0,0,1500,26/05/2025 16:40,Wet_Season
2ce6b0cd-2b42-4c96-bd3e-84c7432d660b,C-KurE414M38,,100,,,8,6,0,2,0,0,2,2,0,0,0,0,0,0,0,0,0,0,0,0,0,2,0,0,1500,26/05/2025 16:42,Wet_Season
3a3b65e8-ec16-46d7-b43c-1c722fcc2f3b,C-KurFR0Q912,,100,,,8,6,0,2,0,0,2,2,0,0,0,0,0,0,0,0,0,0,0,0,0,2,0,0,1500,26/05/2025 16:44,Wet_Season
ae9218de-f884-4937-b994-f58a88c4a5b6,C-KurJY0UI11,,100,,,8,6,0,2,0,0,2,2,0,0,0,0,0,0,0,0,0,0,0,0,0,2,0,0,1500,26/05/2025 16:46,Wet_Season
529be0ed-260c-4040-b8ef-6c5b7bab2e51,C-KagQUXLM58,,50,,,4,3,0,0,0,0,0,0,0,0,0,0,0,0,0,0,0,0,0,2,2,0,625,2,0,26/05/2025 16:46,Wet_Season
79d49653-e3ec-4080-adaf-5b741efc7da0,C-KagKIV9239,,50,,,4,3,0,0,0,0,0,0,0,0,0,0,0,0,0,0,0,0,0,2,2,0,625,2,0,26/05/2025 16:46,Wet_Season
b32f4eee-032a-4c85-b573-900022c87858,C-Kag5L3T521,,50,,,4,3,0,0,0,0,0,0,0,0,0,0,0,0,0,0,0,0,0,2,2,0,625,2,0,26/05/2025 16:46,Wet_Season
e697d5af-e422-4bdf-9dc4-05fb2cd5e498,C-KagR3BLE04,20,,,,4,3,0,0,0,0,0,0,0,0,2,0,0,5,0,0,0,0,0,0,2,0,0,2,0,26/05/2025 16:47,Wet_Season
0530425f-5afc-41a8-a732-0077dca8bbe0,C-KagM3KGU42,20,,,,4,3,0,0,0,0,0,0,0,0,2,0,0,5,0,0,0,0,0,0,2,0,0,2,0,26/05/2025 16:47,Wet_Season
29b081ae-10e5-4f9d-ab4f-c308c9bc8b19,C-KagV3B5S08,20,,,,4,3,0,0,0,0,0,0,0,0,2,0,0,5,0,0,0,0,0,0,2,0,0,2,0,26/05/2025 16:47,Wet_Season
a1ad0774-e128-49a2-b4e3-e653e0525561,C-Kag9WEI114,20,,,,4,3,0,0,0,0,0,0,0,0,2,0,0,5,0,0,0,0,0,0,2,0,0,2,0,26/05/2025 16:47,Wet_Season
4851e8a9-3a88-420d-80e9-06cc99fe2e83,C-KagVS0XO53,20,,,,4,3,0,0,0,0,0,0,0,0,2,0,0,5,0,0,0,0,0,0,2,0,0,2,0,26/05/2025 16:47,Wet_Season
94233afb-d54e-4ff2-90fc-3185de4e261a,C-KagZPCJI24,20,,,,4,3,0,0,0,0,0,0,0,0,2,0,0,5,0,0,0,0,0,0,2,0,0,2,0,26/05/2025 16:47,Wet_Season
1f173450-e33e-4437-8f5d-588c8d550ceb,C-KurQ9TI702,,100,,,8,6,0,2,0,0,2,2,0,0,0,0,0,0,0,0,0,0,0,0,0,2,0,0,1500,26/05/2025 16:49,Wet_Season
3855b2c7-4ea0-4441-be41-a26e917a5e21,C-AkkMOC9239,,100,,,8,6,0,2,0,0,2,2,0,0,0,0,0,0,0,0,0,0,0,0,0,2,0,0,1500,26/05/2025 16:51,Wet_Season
3068d137-1891-44e4-8e0f-7de7da71b5e5,C-AkkNFF8637,,100,,,8,6,0,2,0,0,2,2,0,0,0,0,0,0,0,0,0,0,0,0,0,2,0,0,1500,26/05/2025 16:51,Wet_Season
a56fd48f-a5da-4d22-85aa-f6a3ab551961,C-KurY4UVD48,,100,,,8,6,0,2,0,0,2,2,0,0,0,0,0,0,0,0,0,0,0,0,0,2,0,0,1500,26/05/2025 16:51,Wet_Season
b6c456af-f365-4dac-8fdb-143f9e2b1e2d,C-AkkQSMQ206,,100,,,8,6,0,2,0,2,0,2,0,0,0,0,0,0,0,0,0,0,0,0,0,2,0,0,1500,26/05/2025 16:54,Wet_Season
7575fe37-69c3-4a1e-9ee6-e41741a2d021,C-Kur3M3OX50,,100,,,8,6,0,2,0,0,2,2,0,0,0,0,0,0,0,0,0,0,0,0,0,2,0,0,1500,26/05/2025 16:54,Wet_Season
125ab852-1443-4fca-9dac-000ecbcac7a4,C-Kur49PUQ23,,100,,,8,6,0,2,0,0,2,2,0,0,0,0,0,0,0,0,0,0,0,0,0,2,0,0,1500,26/05/2025 16:56,Wet_Season
29a678d0-807f-455d-a70c-ecff727b7d45,C-Kur4XKDV02,,100,,,8,6,0,2,0,0,2,2,0,0,0,0,0,0,0,0,0,0,0,0,0,2,0,0,1500,26/05/2025 16:58,Wet_Season
44d1612d-d086-43d1-a712-214849b0aa65,C-Kur6HDXU48,,100,,,8,6,0,2,0,0,2,2,0,0,0,0,0,0,0,0,0,0,0,0,0,2,0,0,1500,26/05/2025 17:01,Wet_Season
28415f93-310e-4aa6-bb15-cbd7f0cede88,C-KurI14KL06,,100,,,8,6,0,2,0,0,2,2,0,0,0,0,0,0,0,0,0,0,0,0,0,2,0,0,1500,26/05/2025 17:03,Wet_Season
8f0c3210-f73d-4b73-a347-0c3dc97719c2,C-KurI19RH34,,100,,,8,6,0,2,0,0,2,2,0,0,0,0,0,0,0,0,0,0,0,0,0,2,0,0,1500,26/05/2025 17:05,Wet_Season
d15db45d-85fe-4447-9200-63904d3386ec,C-KurIS7Z619,,100,,,8,6,0,2,0,0,2,2,0,0,0,0,0,0,0,0,0,0,0,0,0,2,0,0,1500,26/05/2025 17:06,Wet_Season
729c2267-170a-444c-aad4-187caea96e1c,C-KurQAWL216,,100,,,8,6,0,2,0,0,2,2,0,0,0,0,0,0,0,0,0,0,0,0,0,2,0,0,1500,26/05/2025 17:09,Wet_Season
5d8cf292-597f-46ae-9c84-f9a832335d70,C-KurQDPWC37,,100,,,8,6,0,2,0,0,2,2,0,0,0,0,0,0,0,0,0,0,0,0,0,2,0,0,1500,26/05/2025 17:10,Wet_Season
7d2da43a-782e-4ce8-989c-0baf4f8bc68e,C-Kur06T4734,,100,,,8,6,0,2,0,0,2,2,0,0,0,0,0,0,0,0,0,0,0,0,0,2,0,0,1500,26/05/2025 17:18,Wet_Season
5a69f6ba-469f-46ba-9336-056c4f2850c8,C-Kur2TCBN50,,100,,,8,6,0,2,0,0,2,2,0,0,0,0,0,0,0,0,0,0,0,0,0,2,0,0,1500,26/05/2025 17:20,Wet_Season
3f620d83-936e-4b7b-8394-b52230e2a6ab,C-Kur4ECHZ12,,100,,,8,6,0,2,0,0,2,2,0,0,0,0,0,0,0,0,0,0,0,0,0,2,0,0,1500,26/05/2025 17:22,Wet_Season
0caf8b92-e7e1-46ee-889a-dcbf5bfb2bb5,C-Kur5XHTH30,,100,,,8,6,0,2,0,0,2,2,0,0,0,0,0,0,0,0,0,0,0,0,0,2,0,0,1500,26/05/2025 17:24,Wet_Season
70493cdc-28b8-4aa5-9d46-0607a1b5c7f3,C-Kur8RC6805,,100,,,8,6,0,2,0,0,2,2,0,0,0,0,0,0,0,0,0,0,0,0,0,2,0,0,1500,26/05/2025 17:26,Wet_Season
b9ce07f8-8b68-4cd6-aa06-e26471de110a,C-KurBCREK38,,100,,,8,6,0,2,0,0,2,2,0,0,0,0,0,0,0,0,0,0,0,0,0,2,0,0,1500,26/05/2025 17:28,Wet_Season
854235f7-12ae-4365-bde2-021162ae6300,C-KurIF7EJ01,,100,,,8,6,0,2,0,0,2,2,0,0,0,0,0,0,0,0,0,0,0,0,0,2,0,0,1500,26/05/2025 17:30,Wet_Season
b55e3a5d-3328-41d5-b7ec-4d51016431fd,C-KurPGATS54,,100,,,8,6,0,2,0,0,2,2,0,0,0,0,0,0,0,0,0,0,0,0,0,2,0,0,1500,26/05/2025 17:31,Wet_Season
7474bba3-6c03-4198-bab8-ff7766ed345d,C-KurUB4JY59,,100,,,8,6,0,2,0,0,2,2,0,0,0,0,0,0,0,0,0,0,0,0,0,2,0,0,1500,26/05/2025 17:32,Wet_Season
05bee60c-64b8-4178-b9f0-b10069ef1a0d,C-KurXRO6J08,,100,,,8,6,0,2,0,0,2,2,0,0,0,0,0,0,0,0,0,0,0,0,0,2,0,0,1500,26/05/2025 17:34,Wet_Season
97fe0d7b-d1c1-4a8a-9c71-5ca52aa8e44d,C-Kur2BN4832,,100,,,8,6,0,2,0,0,2,2,0,0,0,0,0,0,0,0,0,0,0,0,0,2,0,0,1500,26/05/2025 17:37,Wet_Season
e69071f6-a5b9-4cfa-9a72-94c6a35c3e3e,C-KurHSEO055,,100,,,8,6,0,2,0,0,2,2,0,0,0,0,0,0,0,0,0,0,0,0,0,2,0,0,1500,26/05/2025 17:38,Wet_Season
4c8faaff-f7b9-4468-84c9-8fc472059231,C-KurMSXMO07,,100,,,8,6,0,2,0,0,2,2,0,0,0,0,0,0,0,0,0,0,0,0,0,2,0,0,1500,26/05/2025 17:40,Wet_Season
5123852b-4a89-4bfa-bf98-fc88ac69a4a5,C-KurN7CGH12,,100,,,8,6,0,2,0,0,2,2,0,0,0,0,0,0,0,0,0,0,0,0,0,2,0,0,1500,26/05/2025 17:41,Wet_Season
af9ca0b3-73fc-413d-b51c-252c0c65deec,C-KurNP5O936,,100,,,8,6,0,2,0,0,2,2,0,0,0,0,0,0,0,0,0,0,0,0,0,2,0,0,1500,26/05/2025 17:43,Wet_Season
bebd0026-ba05-4ac2-9149-f891ccfd5237,C-KurNUJDY27,,100,,,8,6,0,2,0,0,2,2,0,0,0,0,0,0,0,0,0,0,0,0,0,2,0,0,1500,26/05/2025 17:44,Wet_Season
3a2a09fd-d548-4329-ae90-37e3efdac7aa,C-KurNVL6Q13,,100,,,8,6,0,2,0,0,2,2,0,0,0,0,0,0,0,0,0,0,0,0,0,2,0,0,1500,26/05/2025 17:45,Wet_Season
a2408ee9-900e-4ea5-8270-c629f1f444b5,C-KurQ9WVA21,,100,,,8,6,0,2,0,0,2,2,0,0,0,0,0,0,0,0,0,0,0,0,0,2,0,0,1500,26/05/2025 17:46,Wet_Season
5eb3b163-ca2b-4cf1-af01-2734623e213b,C-KurWUR6A05,,100,,,8,6,0,2,0,0,2,2,0,0,0,0,0,0,0,0,0,0,0,0,0,2,0,0,1500,26/05/2025 17:48,Wet_Season
ac4695af-6124-4990-a7fb-cad2f83bcb13,C-KurYRLU951,,100,,,8,6,0,2,0,0,2,2,0,0,0,0,0,0,0,0,0,0,0,0,0,2,0,0,1500,26/05/2025 17:49,Wet_Season
5568cb48-1bec-4c8d-b2c3-41d0086a1ffb,C-Kur37KF630,,100,,,8,6,0,2,0,0,2,2,0,0,0,0,0,0,0,0,0,0,0,0,0,2,0,0,1500,26/05/2025 17:51,Wet_Season
5f7696aa-881d-43bd-89ed-2dd4935f6c0d,C-Kur3VMWC35,,100,,,8,6,0,2,0,0,2,2,0,0,0,0,0,0,0,0,0,0,0,0,0,2,0,0,1500,26/05/2025 17:52,Wet_Season
7c85e424-a6cd-46a6-9faf-668443a716bc,C-KurAHCZ746,,100,,,8,6,0,2,0,0,2,2,0,0,0,0,0,0,0,0,0,0,0,0,0,2,0,0,1500,26/05/2025 17:53,Wet_Season
49013223-d4ff-4da4-b4e3-2b0ce34a7e61,C-KurAYVH959,,100,,,8,6,0,2,0,0,2,2,0,0,0,0,0,0,0,0,0,0,0,0,0,2,0,0,1500,26/05/2025 17:55,Wet_Season
414e3cb2-bfd5-46da-87ed-7f51ffbc7675,C-KurBF24M53,,100,,,8,6,0,2,0,0,2,2,0,0,0,0,0,0,0,0,0,0,0,0,0,2,0,0,1500,26/05/2025 17:56,Wet_Season
21598532-6115-4926-896a-28f626365f67,C-KurEBIHO16,,100,,,8,6,0,2,0,0,2,2,0,0,0,0,0,0,0,0,0,0,0,0,0,2,0,0,1500,26/05/2025 17:57,Wet_Season
6575f584-2138-41a8-9e83-03a660d73a0c,C-KurI4MXB35,,100,,,8,6,0,2,0,0,2,2,0,0,0,0,0,0,0,0,0,0,0,0,0,2,0,0,1500,26/05/2025 17:59,Wet_Season
d68db8f8-97d7-42ce-8a5c-e9b71630f3e5,C-KurJ3IGA29,,100,,,8,6,0,2,0,0,2,2,0,0,0,0,0,0,0,0,0,0,0,0,0,2,0,0,1500,26/05/2025 18:01,Wet_Season
cc6cab2b-c3a4-42da-b541-3f8bddaf4656,C-KurOR5AW02,,100,,,8,6,0,2,0,0,2,2,0,0,0,0,0,0,0,0,0,0,0,0,0,2,0,0,1500,26/05/2025 18:02,Wet_Season
da655051-fc29-40a2-a5d1-35880dc48b77,C-KurUMB1O36,,100,,,8,6,0,2,0,0,2,2,0,0,0,0,0,0,0,0,0,0,0,0,0,2,0,0,1500,26/05/2025 18:09,Wet_Season
ce4be47e-387e-4b69-89ab-4497fe77d904,C-KurVUK5525,,100,,,8,6,0,2,0,0,2,2,0,0,0,0,0,0,0,0,0,0,0,0,0,2,0,0,1500,26/05/2025 18:09,Wet_Season
d6045f13-d3a0-4aca-9a29-da21d8efbde6,C-KurW97IV43,,100,,,8,6,0,2,0,0,2,2,0,0,0,0,0,0,0,0,0,0,0,0,0,2,0,0,1500,26/05/2025 18:10,Wet_Season
7959e025-d56a-4330-b71f-9212d9c739db,C-KurX2Z3E53,,100,,,8,6,0,2,0,0,2,2,0,0,0,0,0,0,0,0,0,0,0,0,0,2,0,0,1500,26/05/2025 18:10,Wet_Season
28088107-f4ca-4047-8c0d-02e13c0d2842,C-Kur05KGT47,,100,,,8,6,0,2,0,0,2,2,0,0,0,0,0,0,0,0,0,0,0,0,0,2,0,0,1500,26/05/2025 18:14,Wet_Season
f21817d8-02e6-4325-9375-01f2d2375e99,C-Kur0DJZN33,,100,,,8,6,0,2,0,0,2,2,0,0,0,0,0,0,0,0,0,0,0,0,0,2,0,0,1500,26/05/2025 18:16,Wet_Season
76cc04e1-7126-4a4c-b77c-dc062bda8930,C-Kur3SGJZ50,,100,,,8,6,0,2,0,0,2,2,0,0,0,0,0,0,0,0,0,0,0,0,0,2,0,0,1500,26/05/2025 18:18,Wet_Season
5df694f4-eace-44d7-bc55-c66f906024bb,C-Kur7B3V207,,100,,,8,6,0,2,0,0,2,2,0,0,0,0,0,0,0,0,0,0,0,0,0,2,0,0,1500,26/05/2025 18:20,Wet_Season
c7090ea1-e31e-4204-8723-398dea4493cb,C-KurJ21EE31,,100,,,8,6,0,2,0,0,2,2,0,0,0,0,0,0,0,0,0,0,0,0,0,2,0,0,1500,26/05/2025 18:21,Wet_Season
a625f7d8-f96d-4129-bf34-4b3a6b3eec3d,C-KurQLHME45,,100,,,8,6,0,2,0,0,2,2,0,0,0,0,0,0,0,0,0,0,0,0,0,2,0,0,1500,26/05/2025 18:23,Wet_Season
09f6d6e4-f147-4995-9ab7-df2ad362a84e,C-KurTHUNI34,,100,,,8,6,0,2,0,0,2,2,0,0,0,0,0,0,0,0,0,0,0,0,0,2,0,0,1500,26/05/2025 18:25,Wet_Season
712d297f-1787-44e4-93f6-04af46c27c8a,C-KurUBBRS56,,100,,,8,6,0,2,0,0,2,2,0,0,0,0,0,0,0,0,0,0,0,0,0,2,0,0,1500,26/05/2025 18:27,Wet_Season
b7731cb8-bd9e-4536-b1ae-eb85bde658af,C-AkkT1WLT44,,100,,,8,6,0,4,0,0,4,4,0,0,0,0,0,0,0,0,0,0,0,0,0,4,0,0,1500,26/05/2025 18:28,Wet_Season
420d4844-0da2-45e5-8884-7773e327ed06,C-Kur2Q4SE22,,100,,,8,6,0,2,0,0,2,2,0,0,0,0,0,0,0,0,0,0,0,0,0,2,0,0,1500,26/05/2025 18:29,Wet_Season
3edc1219-a146-4fab-ac74-ea470e6b676f,C-Kur5I8I038,,100,,,8,6,0,2,0,0,2,2,0,0,0,0,0,0,0,0,0,0,0,0,0,2,0,0,1500,26/05/2025 18:31,Wet_Season
b63a9a61-2b59-4f9e-88ac-d5f8ea1f479a,C-KurA28K027,,100,,,8,6,0,2,0,0,2,2,0,0,0,0,0,0,0,0,0,0,0,0,0,2,0,0,1500,26/05/2025 18:33,Wet_Season
da6480d9-f46e-46b3-af3b-61aa1cc608f8,C-KurE739M15,,100,,,8,6,0,2,0,0,2,2,0,0,0,0,0,0,0,0,0,0,0,0,0,2,0,0,1500,26/05/2025 18:34,Wet_Season
78f5b564-43d3-47b2-9068-09cfa412d427,C-KurKPPUQ32,,100,,,8,6,0,2,0,0,2,2,0,0,0,0,0,0,0,0,0,0,0,0,0,2,0,0,1500,26/05/2025 18:35,Wet_Season
edddc3cc-4ce0-450e-831b-29d6eb08574d,C-KurT4HID38,,100,,,8,6,0,2,0,0,2,2,0,0,0,0,0,0,0,0,0,0,0,0,0,2,0,0,1500,26/05/2025 18:37,Wet_Season
a097fa3c-3636-4129-ab87-286ff0ca0ea7,C-KurU1KPM04,,100,,,8,6,0,2,0,0,2,2,0,0,0,0,0,0,0,0,0,0,0,0,0,2,0,0,1500,26/05/2025 18:43,Wet_Season
0952c121-2087-4545-862d-9465a219ee30,C-KurW7OOL38,,100,,,8,6,0,2,0,0,2,2,0,0,0,0,0,0,0,0,0,0,0,0,0,2,0,0,1500,26/05/2025 18:45,Wet_Season
d5341dfd-bf60-495e-b1e6-fc2566729315,C-KurX8YXA40,,100,,,8,6,0,2,0,0,2,2,0,0,0,0,0,0,0,0,0,0,0,0,0,2,0,0,1500,26/05/2025 18:46,Wet_Season
af7cbe2a-2979-4c50-ad07-e56df1109248,C-Kur3K8XA52,,100,,,8,6,0,2,0,0,2,2,0,0,0,0,0,0,0,0,0,0,0,0,0,2,0,0,1500,26/05/2025 18:48,Wet_Season
97b172b8-5f7b-4db9-ab34-e49ca89c1001,C-Kur4LQOI39,,100,,,8,6,0,2,0,0,2,2,0,0,0,0,0,0,0,0,0,0,0,0,0,2,0,0,1500,26/05/2025 18:50,Wet_Season
641bc4ed-6178-43fd-92e9-ed8f96d3a4a6,C-Kur6DT6C32,,100,,,8,6,0,2,0,0,2,2,0,0,0,0,0,0,0,0,0,0,0,0,0,2,0,0,1500,26/05/2025 18:52,Wet_Season
70992e2b-3c4b-490b-a03b-e581f15ec5a4,C-Kur872JB27,,100,,,8,6,0,2,0,0,2,2,0,0,0,0,0,0,0,0,0,0,0,0,0,2,0,0,1500,26/05/2025 18:53,Wet_Season
1a10e0cc-e3d3-4111-8185-eb54d1aaa056,C-KurDIOXK37,,100,,,8,6,0,2,0,0,2,2,0,0,0,0,0,0,0,0,0,0,0,0,0,2,0,0,1500,26/05/2025 18:56,Wet_Season
3fc888c2-fa83-4385-91c3-57972ef9cdc0,C-KurE5Z1U53,,100,,,8,6,0,2,0,0,2,2,0,0,0,0,0,0,0,0,0,0,0,0,0,2,0,0,1500,26/05/2025 18:59,Wet_Season
c1b7c105-57c1-4fb6-b007-dda598d4cb57,C-KurF4WKG14,,100,,,8,6,0,2,0,0,2,2,0,0,0,0,0,0,0,0,0,0,0,0,0,2,0,0,1500,26/05/2025 19:01,Wet_Season
ce8d0b84-bc57-4753-89ac-a112f76d08b5,C-Tor4CEEX01,,100,,,8,6,0,4,0,0,4,4,0,0,0,0,0,0,0,0,0,0,0,0,0,4,0,0,3000,26/05/2025 19:03,Wet_Season
7e6e933c-7e26-4832-9f31-91cd37dedff4,C-TorQBXKB45,,100,,,8,6,0,4,0,0,4,4,0,0,0,0,0,0,0,0,0,0,0,0,0,4,0,0,1500,26/05/2025 19:03,Wet_Season
bb90fb88-6f38-41aa-aa83-bcdab5e25fe2,C-TorQGIT037,,100,,,8,6,0,4,0,0,4,4,0,0,0,0,0,0,0,0,0,0,0,0,0,4,0,0,3000,26/05/2025 19:03,Wet_Season
472e8c43-8dcc-4c3d-a8b0-037de9b8a6ce,C-TorTZX7W55,,100,,,8,6,0,4,0,0,4,4,0,0,0,0,0,0,0,0,0,0,0,0,0,4,0,0,3000,26/05/2025 19:03,Wet_Season
8e52a74f-8548-4ffd-995c-a2d479bf70f3,C-TorY7XLX12,,100,,,8,6,0,4,0,0,4,4,0,0,0,0,0,0,0,0,0,0,0,0,0,4,0,0,3000,26/05/2025 19:03,Wet_Season
b1e74d83-2f37-4b11-a24b-438ea5f1ab19,C-KurHORIS42,,100,,,8,6,0,2,0,0,2,2,0,0,0,0,0,0,0,0,0,0,0,0,0,2,0,0,1500,26/05/2025 19:24,Wet_Season
dbfe54d2-e58f-4e5c-b88f-bf518363e0bf,C-KurJFD8940,,100,,,8,6,0,2,0,0,2,2,0,0,0,0,0,0,0,0,0,0,0,0,0,2,0,0,1500,26/05/2025 19:27,Wet_Season
9da3042b-c18e-4de0-8623-740d755499bc,C-KurMCOQ105,,100,,,8,6,0,2,0,0,2,2,0,0,0,0,0,0,0,0,0,0,0,0,0,2,0,0,1500,26/05/2025 19:29,Wet_Season
c0b896d4-1b26-43ae-abe7-3a5f68987e9d,C-KurMNKYI50,,100,,,8,6,0,2,0,0,2,2,0,0,0,0,0,0,0,0,0,0,0,0,0,2,0,0,1500,26/05/2025 19:30,Wet_Season
4098fd8b-8756-4844-90c9-85ee7b289c73,C-KurW6EQD46,,100,,,8,6,0,2,0,0,2,2,0,0,0,0,0,0,0,0,0,0,0,0,0,2,0,0,1500,26/05/2025 19:32,Wet_Season
81329b97-e2b0-4f36-80a6-42418f0426c6,C-KurXALIG00,,100,,,8,6,0,2,0,0,2,2,0,0,0,0,0,0,0,0,0,0,0,0,0,2,0,0,1500,26/05/2025 19:34,Wet_Season
8bc8fc2b-6b46-4f80-860e-e5ee4a6fb55d,C-KurXHDBQ20,,100,,,8,6,0,2,0,0,2,2,0,0,0,0,0,0,0,0,0,0,0,0,0,2,0,0,1500,26/05/2025 19:36,Wet_Season
0ed9d182-b03b-48a8-b55e-ddc706c6b3ed,C-Kur36QW250,,100,,,8,6,0,2,0,0,2,2,0,0,0,0,0,0,0,0,0,0,0,0,0,2,0,0,1500,26/05/2025 19:40,Wet_Season
84ab1bfc-20ae-4f4e-b0d5-31709b053f4e,C-Kur4M7RL44,,100,,,8,6,0,2,0,0,2,2,0,0,0,0,0,0,0,0,0,0,0,0,0,2,0,0,1500,26/05/2025 19:42,Wet_Season
69ec9e29-0996-4057-8ce6-7c0cd6f6da63,C-Kur99E5V36,,100,,,8,6,0,2,0,0,2,2,0,0,0,0,0,0,0,0,0,0,0,0,0,2,0,0,1500,26/05/2025 19:44,Wet_Season
33c79a7c-756d-4e18-a8b8-baea949aeff4,C-KurDMHJO54,,100,,,8,6,0,2,0,0,2,2,0,0,0,0,0,0,0,0,0,0,0,0,0,2,0,0,1500,26/05/2025 19:45,Wet_Season
83df54da-6575-4d76-a33b-90728ba7c998,C-KurEDZKL12,,100,,,8,6,0,2,0,0,2,2,0,0,0,0,0,0,0,0,0,0,0,0,0,2,0,0,1500,26/05/2025 19:47,Wet_Season
f33ceb38-89c1-4bf0-bc41-11a290455dc5,C-KurL74WO26,,100,,,8,6,0,2,0,0,2,2,0,0,0,0,0,0,0,0,0,0,0,0,0,2,0,0,1500,26/05/2025 19:49,Wet_Season
ef98a777-5fc4-4f1b-8544-7742378c97f4,C-KurL7LH406,,100,,,8,6,0,2,0,0,2,2,0,0,0,0,0,0,0,0,0,0,0,0,0,2,0,0,1500,26/05/2025 19:50,Wet_Season
50b6d093-ad28-4e9c-bf6c-b45344d55b1c,C-War57DQ619,,100,,,8,6,0,4,0,0,4,4,0,0,0,0,0,0,0,0,0,0,0,0,0,4,0,0,3000,26/05/2025 19:51,Wet_Season
90a1dbdc-15c6-42c0-be3f-5744fd8a269a,C-War7IOA204,,100,,,8,6,0,4,0,0,4,4,0,0,0,0,0,0,0,0,0,0,0,0,0,4,0,0,3000,26/05/2025 19:51,Wet_Season
66d6a793-cbcc-4aca-b405-c39d28df670e,C-War8N1E204,,100,,,8,6,0,4,0,0,4,4,0,0,0,0,0,0,0,0,0,0,0,0,0,4,0,0,3000,26/05/2025 19:51,Wet_Season
df97aefe-8dd0-44b5-a7f9-1b0ad895be56,C-War9KKOY32,,100,,,8,6,0,4,0,0,4,4,0,0,0,0,0,0,0,0,0,0,0,0,0,4,0,0,3000,26/05/2025 19:51,Wet_Season
1874679e-c8e1-45ef-ad01-edb18371727d,C-WarEPAU100,,100,,,8,6,0,4,0,0,4,4,0,0,0,0,0,0,0,0,0,0,0,0,0,4,0,0,3000,26/05/2025 19:51,Wet_Season
66d28eb2-0cdd-49c3-a377-3ddd4fed0797,C-WarHD8KN40,,100,,,8,6,0,4,0,0,4,4,0,0,0,0,0,0,0,0,0,0,0,0,0,4,0,0,3000,26/05/2025 19:51,Wet_Season
cd20b306-a80d-4c9c-8d5f-d13c556a8650,C-WarIN2F645,,100,,,8,6,0,4,0,0,4,4,0,0,0,0,0,0,0,0,0,0,0,0,0,4,0,0,3000,26/05/2025 19:51,Wet_Season
1393ddbf-8eec-4a48-b2eb-6f1666469806,C-WarJVU1A11,,100,,,8,6,0,4,0,0,4,4,0,0,0,0,0,0,0,0,0,0,0,0,0,4,0,0,3000,26/05/2025 19:51,Wet_Season
6c02a927-f3c4-4b11-8811-36e46ce65ec8,C-WarMNLDE54,,100,,,8,6,0,4,0,0,4,4,0,0,0,0,0,0,0,0,0,0,0,0,0,4,0,0,3000,26/05/2025 19:51,Wet_Season
a1bfb45b-4969-48bd-9c0d-089560b62c8d,C-WarO1L4A44,,100,,,8,6,0,4,0,0,4,4,0,0,0,0,0,0,0,0,0,0,0,0,0,4,0,0,3000,26/05/2025 19:51,Wet_Season
2436bde5-f896-4f79-b8a6-d227cf9c7aa3,C-WarOK7QD12,,100,,,8,6,0,4,0,0,4,2,0,0,0,0,0,0,0,0,0,0,0,0,0,2,0,0,3000,26/05/2025 19:51,Wet_Season
37fccab2-70a5-40b1-93f1-e7562220bc85,C-WarRK9LJ11,,100,,,8,6,0,4,0,0,4,4,0,0,0,0,0,0,0,0,0,0,0,0,0,4,0,0,3000,26/05/2025 19:51,Wet_Season
204ab212-5d69-4f6f-9ce0-f731a0592d43,C-War4K4YE04,,100,,,8,6,0,4,0,0,4,4,0,0,0,0,0,0,0,0,0,0,0,0,0,4,0,0,3000,26/05/2025 19:51,Wet_Season
21dad1d0-2bbb-412b-8e1f-8f9949e00f25,C-KurMH34L38,,100,,,8,6,0,2,0,0,2,2,0,0,0,0,0,0,0,0,0,0,0,0,0,2,0,0,1500,26/05/2025 19:52,Wet_Season
a3ba7caa-7877-4d40-acb9-9eec933a38bb,C-KurQG1WZ04,,100,,,8,6,0,2,0,0,2,2,0,0,0,0,0,0,0,0,0,0,0,0,0,2,0,0,1500,26/05/2025 19:54,Wet_Season
c6705cfd-d093-4ece-a529-6b35e1426644,C-AkkU19AA02,,100,,,8,6,0,4,0,0,4,4,0,0,0,0,0,0,0,0,0,0,0,0,0,4,0,0,1500,26/05/2025 19:54,Wet_Season
38e7b8a7-8e11-4c72-b523-31b4347bbaab,C-Kur23JQG11,,100,,,8,6,0,2,0,0,2,2,0,0,0,0,0,0,0,0,0,0,0,0,0,2,0,0,1500,26/05/2025 19:55,Wet_Season
59ffd310-beb0-4d83-84c0-60c55401d222,C-Kur3MCSK34,,100,,,8,6,0,2,0,0,2,2,0,0,0,0,0,0,0,0,0,0,0,0,0,2,0,0,1500,26/05/2025 19:57,Wet_Season
0925b1df-c7ad-4a3c-818f-d738a59c1d19,C-Kur49OIB02,,100,,,8,6,0,2,0,0,2,2,0,0,0,0,0,0,0,0,0,0,0,0,0,2,0,0,1500,26/05/2025 19:58,Wet_Season
1575f546-a050-47b9-b3c3-043eac780b3e,C-Kur4POHI18,,100,,,8,6,0,2,0,0,2,2,0,0,0,0,0,0,0,0,0,0,0,0,0,2,0,0,1500,26/05/2025 20:00,Wet_Season
d1febac7-160d-4f7c-b70c-04c491c545ce,C-AkkWU6L154,,100,,,8,6,0,4,0,0,4,4,0,0,0,0,0,0,0,0,0,0,0,0,0,4,0,0,1500,26/05/2025 20:00,Wet_Season
5a0dee95-b18d-4198-aeb1-e654039497da,C-Kur63A0856,,100,,,8,6,0,2,0,0,2,2,0,0,0,0,0,0,0,0,0,0,0,0,0,2,0,0,1500,26/05/2025 20:01,Wet_Season
f44bb099-8282-4953-99c9-6117e6bc94f8,C-Kur7R6QD46,,100,,,8,6,0,2,0,0,2,2,0,0,0,0,0,0,0,0,0,0,0,0,0,2,0,0,1500,26/05/2025 20:03,Wet_Season
2aa98a36-69ab-4e6b-8ea3-60a6493bdb9f,C-KurCEBNK18,,100,,,8,6,0,2,0,0,2,2,0,0,0,0,0,0,0,0,0,0,0,0,0,2,0,0,1500,26/05/2025 20:05,Wet_Season
e99247f5-7401-43db-a035-de8d5b4eb0eb,C-KurH1OUV41,,100,,,8,6,0,2,0,0,2,2,0,0,0,0,0,0,0,0,0,0,0,0,0,2,0,0,1500,26/05/2025 20:06,Wet_Season
294f84aa-4864-4815-910e-9202f050558d,C-KurKUS6Z31,,100,,,8,6,0,2,0,0,2,2,0,0,0,0,0,0,0,0,0,0,0,0,0,2,0,0,1500,26/05/2025 20:08,Wet_Season
adc3b915-a9b7-41ad-9773-24bb1e91019a,C-KurSN5A740,,100,,,8,6,0,2,0,0,2,2,0,0,0,0,0,0,0,0,0,0,0,0,0,2,0,0,1500,26/05/2025 20:09,Wet_Season
c13cc977-bb41-44fd-8032-6e1944f26ebd,C-KurTECDX29,,100,,,8,6,0,2,0,0,2,2,0,0,0,0,0,0,0,0,0,0,0,0,0,2,0,0,1500,26/05/2025 20:11,Wet_Season
accaabf9-747c-4c41-935a-f90ec6f8d88f,C-KurTMBFJ17,,100,,,8,6,0,2,0,0,2,2,0,0,0,0,0,0,0,0,0,0,0,0,0,2,0,0,1500,26/05/2025 20:13,Wet_Season
df598018-d751-4aee-83e2-1d3519e52a6d,C-KurU3H5206,,100,,,8,6,0,2,0,0,2,2,0,0,0,0,0,0,0,0,0,0,0,0,0,2,0,0,1500,26/05/2025 20:14,Wet_Season
35fd8480-eab4-4c2f-9dfa-3c8f624da301,C-Kur04Z5119,,100,,,8,6,0,2,0,0,2,2,0,0,0,0,0,0,0,0,0,0,0,0,0,2,0,0,1500,26/05/2025 20:17,Wet_Season
d0020615-7b45-4f79-b1a0-e24dec648ddb,C-Kur3LICD17,,100,,,8,6,0,2,0,0,2,2,0,0,0,0,0,0,0,0,0,0,0,0,0,2,0,0,1500,26/05/2025 20:19,Wet_Season
075f39a3-89ed-4c9a-9bcf-8655778cf5b6,C-KurAA1V215,,100,,,8,6,0,2,0,0,2,2,0,0,0,0,0,0,0,0,0,0,0,0,0,2,0,0,1500,26/05/2025 20:21,Wet_Season
b957b6e9-4538-4181-89bd-2ecdf4f7d05b,C-KurC4RZL35,,100,,,8,6,0,2,0,0,2,2,0,0,0,0,0,0,0,0,0,0,0,0,0,2,0,0,1500,26/05/2025 20:23,Wet_Season
5f5ae4cb-9154-48e8-9ea4-5ce5030a1c83,C-KurJ5BS939,,100,,,8,6,0,2,0,0,2,2,0,0,0,0,0,0,0,0,0,0,0,0,0,2,0,0,1500,26/05/2025 20:26,Wet_Season
2922b027-2c6d-4aa0-a50a-92189ba5fa97,C-KurNC5G335,,100,,,8,6,0,2,0,0,2,2,0,0,0,0,0,0,0,0,0,0,0,0,0,2,0,0,1500,26/05/2025 20:26,Wet_Season
a361e117-c5d6-4926-867b-27fdd9cca313,C-KurUPQYG22,,100,,,8,6,0,2,0,0,2,2,0,0,0,0,0,0,0,0,0,0,0,0,0,2,0,0,1500,26/05/2025 20:28,Wet_Season
784d8851-55e5-4f7f-b78c-cf5eca38e223,C-KurZB9RW58,,100,,,8,6,0,2,0,0,2,2,0,0,0,0,0,0,0,0,0,0,0,0,0,2,0,0,1500,26/05/2025 20:29,Wet_Season
71dd9671-f7d9-4cda-97bf-f48b4acc197c,C-Kur0U79Z31,,100,,,8,6,0,2,0,0,2,2,0,0,0,0,0,0,0,0,0,0,0,0,0,2,0,0,1500,26/05/2025 20:32,Wet_Season
e0da5976-8b69-4795-8990-2b67adaa5d7a,C-Kur1CDOK57,,100,,,8,6,0,2,0,0,2,2,0,0,0,0,0,0,0,0,0,0,0,0,0,2,0,0,1500,26/05/2025 20:34,Wet_Season
962a5765-9bc0-45dd-a859-667a9434857c,C-Kur5PG6Z33,,100,,,8,6,0,2,0,0,2,2,0,0,0,0,0,0,0,0,0,0,0,0,0,2,0,0,1500,26/05/2025 20:35,Wet_Season
03d55d5a-3be3-4b39-832d-c98cbdb3ead8,C-Kur6OYOM15,,100,,,8,6,0,2,0,0,2,2,0,0,0,0,0,0,0,0,0,0,0,0,0,2,0,0,1500,26/05/2025 20:37,Wet_Season
5e677cac-2932-4ebe-9805-6f845ae9b2e3,C-KurILNQG15,,100,,,8,6,0,2,0,0,2,2,0,0,0,0,0,0,0,0,0,0,0,0,0,2,0,0,1500,26/05/2025 20:38,Wet_Season
b24313a7-6eb4-42ce-bc14-b9cc162ebc3d,C-KurJP46Y19,,100,,,8,6,0,2,0,0,2,2,0,0,0,0,0,0,0,0,0,0,0,0,0,2,0,0,1500,26/05/2025 20:40,Wet_Season
088db6db-edee-4139-8f5d-9630bb9ff308,C-KurMWBR705,,100,,,8,6,0,2,0,0,2,2,0,0,0,0,0,0,0,0,0,0,0,0,0,2,0,0,1500,26/05/2025 20:43,Wet_Season
7c7a8cdd-d475-4d22-b1d1-6964148b6f81,C-KurVX06J39,,100,,,8,6,0,2,0,0,2,2,0,0,0,0,0,0,0,0,0,0,0,0,0,2,0,0,1500,26/05/2025 20:45,Wet_Season
4e6bf9c2-cb33-4ee0-afce-e2340e95da7a,C-KurXUHEI31,,100,,,8,6,0,2,0,0,2,2,0,0,0,0,0,0,0,0,0,0,0,0,0,2,0,0,1500,26/05/2025 20:49,Wet_Season
dde043bf-a7cc-4c14-a1ef-147cc1d5b4af,C-KurY1B0234,,100,,,8,6,0,2,0,0,2,2,0,0,0,0,0,0,0,0,0,0,0,0,0,2,0,0,1500,26/05/2025 20:49,Wet_Season
a75fe6c6-8e2f-4dd1-a0ab-014f8d2c8c4c,C-JahUQFSG00,,50,,,4,2,0,1,0,0,1,1,0,0,0,0,0,0,0,0,0,0,0,0,0,1,0,0,0,26/05/2025 21:21,Wet_Season
e906a0d9-b6b3-43f4-9b9b-e5dc5a1ccee8,C-ChiU1TT737,,50,,,3,4,0,0,0,0,0,0,0,0,0,0,0,0,0,0,0,0,2,2,2,0,0,2,0,26/05/2025 21:25,Wet_Season
4ab7fbf8-0eaf-496b-b352-5862f8f50728,C-Jah0INS551,,50,,,0,0,0,0,0,0,0,0,0,0,0,0,0,0,0,0,0,0,0,0,0,0,0,0,0,26/05/2025 21:30,Wet_Season
88ca22aa-394d-4fcc-a91a-df8f644b06ce,C-Jah2TWPA57,,50,,,0,0,0,0,0,0,0,0,0,0,0,0,0,0,0,0,0,0,0,0,0,0,0,0,0,26/05/2025 21:30,Wet_Season
40b8bf7f-3dbf-4ef8-8a77-cdfe78f28eb9,C-ChiWHCHQ48,20,,,,4,3,0,0,0,0,0,0,0,0,0,0,0,3,0,0,0,0,2,0,0.5,0,0,2,0,26/05/2025 21:32,Wet_Season
370f1dec-2cce-4e24-8c19-97659fa28e4d,C-Jah47GY409,,50,,,0,0,0,0,0,0,0,0,0,0,0,0,0,0,0,0,0,0,0,0,0,0,0,0,0,26/05/2025 21:32,Wet_Season
1ba03216-29ae-4767-a0cd-2eba07fed322,C-Kur020A813,,100,,,8,6,0,2,0,0,2,2,0,0,0,0,0,0,0,0,0,0,0,0,0,2,0,0,1500,26/05/2025 21:35,Wet_Season
35dce311-8d14-43fd-911c-c1601fd46443,C-Kur0E9WW39,,100,,,8,6,0,2,0,0,2,2,0,0,0,0,0,0,0,0,0,0,0,0,0,2,0,0,1500,26/05/2025 21:35,Wet_Season
ae392081-b27b-4e20-9f9d-ac21d5567dc8,C-Kur36U5O38,,100,,,8,6,0,2,0,0,2,2,0,0,0,0,0,0,0,0,0,0,0,0,0,2,0,0,1500,26/05/2025 21:35,Wet_Season
5899b811-94e2-49c4-875f-6ff79e9cc16c,C-Kur6AZ4601,,100,,,8,6,0,2,0,0,2,2,0,0,0,0,0,0,0,0,0,0,0,0,0,2,0,0,1500,26/05/2025 21:35,Wet_Season
98f11964-0929-4b58-b8b1-66dcd13ff985,C-ChiZEPUY55,,50,,,3,4,0,0,0,0,0,0,0,0,0,0,0,0,0,0,0,0,0,2,0.5,0,0,2,0,26/05/2025 21:38,Wet_Season
5c72d082-3f28-40a9-95d4-75675025ad60,C-Kur7TU8Y55,,100,,,8,6,0,2,0,0,2,2,0,0,0,0,0,0,0,0,0,0,0,0,0,2,0,0,1500,26/05/2025 21:39,Wet_Season
931376cd-b2f1-44d8-a524-a10316163389,C-KurD6I3M02,,100,,,8,6,0,2,0,0,2,2,0,0,0,0,0,0,0,0,0,0,0,0,0,2,0,0,1500,26/05/2025 21:39,Wet_Season
15355fe9-aa32-4e9b-b52c-9ad21ba61aab,C-KurHRV0U14,,100,,,8,6,0,2,0,0,2,2,0,0,0,0,0,0,0,0,0,0,0,0,0,2,0,0,1500,26/05/2025 21:40,Wet_Season
498bc4f3-910c-40d1-bf8a-832158dc7f6e,C-KurKXNTN40,,100,,,8,6,0,2,0,0,2,2,0,0,0,0,0,0,0,0,0,0,0,0,0,2,0,0,1500,26/05/2025 21:42,Wet_Season
0b284e55-93ce-4e21-ac53-f838b9d280ec,C-KurMBLEO18,,100,,,8,6,0,2,0,0,2,2,0,0,0,0,0,0,0,0,0,0,0,0,0,2,0,0,1500,26/05/2025 21:44,Wet_Season
d2396165-6e36-4b43-bc41-770b3b6e326c,C-KurMNUSP52,,100,,,8,6,0,2,0,0,2,2,0,0,0,0,0,0,0,0,0,0,0,0,0,2,0,0,1500,26/05/2025 21:45,Wet_Season
54444890-eaa8-4e23-9756-ba4f37cb89b4,C-KurP778620,,100,,,8,6,0,2,0,0,2,2,0,0,0,0,0,0,0,0,0,0,0,0,0,2,0,0,1500,26/05/2025 21:47,Wet_Season
6ab6efe1-5b04-4274-a956-6709d1a7ed6a,C-ChiLDBJ943,,50,,,3,4,0,0,0,0,0,0,0,0,0,0,0,0,0,0,0,0,0,2,0.5,0,0,2,0,26/05/2025 21:49,Wet_Season
eff762dc-50a7-42f0-9ccd-a17413cfcf31,C-KurYPIGH04,,100,,,8,6,0,2,0,0,2,2,0,0,0,0,0,0,0,0,0,0,0,0,0,2,0,0,1500,26/05/2025 21:49,Wet_Season
9f84e12f-a682-424a-bade-2546932d4103,C-KurZ76GC12,,100,,,8,6,0,2,0,0,2,2,0,0,0,0,0,0,0,0,0,0,0,0,0,2,0,0,1500,26/05/2025 21:50,Wet_Season
997efcbc-da4a-445b-b22d-c2dfcc63e46e,C-Kur0511W32,,100,,,8,6,0,2,0,0,2,2,0,0,0,0,0,0,0,0,0,0,0,0,0,2,0,0,1500,26/05/2025 21:53,Wet_Season
85875ec0-5f92-47d0-9997-f90266bbddf0,C-Chi3CQDJ48,20,,,,4,3,0,0,0,0,0,0,0,0,0,0,0,3,0,0,0,0,2,0,0.5,0,0,2,0,26/05/2025 21:54,Wet_Season
5e921b0c-d31f-4157-9500-b258aa2789c7,C-Kur1P0TV20,,100,,,8,6,0,2,0,0,2,2,0,0,0,0,0,0,0,0,0,0,0,0,0,2,0,0,1500,26/05/2025 21:55,Wet_Season
b620da20-a34a-4c02-8963-e1016d411073,C-Kur2139000,,100,,,8,6,0,2,0,0,2,2,0,0,0,0,0,0,0,0,0,0,0,0,0,2,0,0,1500,26/05/2025 21:56,Wet_Season
7b235a5b-38ce-45f6-ae52-5e249594bf59,C-Kur2IXSI20,,100,,,8,6,0,2,0,0,2,2,0,0,0,0,0,0,0,0,0,0,0,0,0,2,0,0,1500,26/05/2025 21:58,Wet_Season
518d5c4d-aac7-49df-8206-7493b5a7e3ad,C-Kur2YQS217,,100,,,8,6,0,2,0,0,2,2,0,0,0,0,0,0,0,0,0,0,0,0,0,2,0,0,1500,26/05/2025 22:01,Wet_Season
9324f127-645e-43e8-82e5-7b38106d0c6e,C-Chi4N2F515,,50,,,3,4,0,0,0,0,0,0,0,0,0,0,0,0,0,0,0,0,0,2,0.5,0,0,2,0,26/05/2025 22:01,Wet_Season
4d25bf2f-e724-460a-90d5-f415fa926296,C-Kur5DFAD18,,100,,,8,6,0,2,0,0,2,2,0,0,0,0,0,0,0,0,0,0,0,0,0,2,0,0,1500,26/05/2025 22:05,Wet_Season
8ed139ff-16ca-4b85-b8d6-889dad43cbca,C-Kur7J7Z741,,100,,,8,6,0,2,0,0,2,2,0,0,0,0,0,0,0,0,0,0,0,0,0,2,0,0,1500,26/05/2025 22:06,Wet_Season
b5288c60-29ac-42f6-b4c4-47d24614bd9b,C-Chi99ON647,20,,,,4,3,0,0,0,0,0,0,0,0,0,0,0,0.5,0,0,0,0,2,0,0.5,0,0,2,0,26/05/2025 22:08,Wet_Season
dc565c08-fa7d-417b-9855-f4c38a23f0bf,C-ChiKM92937,20,,,,4,3,0,0,0,0,0,0,0,0,0,0,0,0.5,0,0,0,0,2,0,0.5,0,0,2,0,26/05/2025 22:14,Wet_Season
857f9c4f-4ba0-4eb4-acce-11e95209fb18,C-Jah9UJ6N55,,100,,,8,6,0,4,0,0,4,0,0,0,0,0,0,0,0,0,0,0,0,0,0,4,0,0,3000,26/05/2025 22:15,Wet_Season
79af8d89-8fa9-4c39-94c7-acf4759533c6,C-JahDB2YL21,,100,,,8,6,0,4,0,0,4,0,0,0,0,0,0,0,0,0,0,0,0,0,0,4,0,0,3000,26/05/2025 22:15,Wet_Season
60f25c1d-1ce7-4f5a-932c-d036bc112973,C-JahKLSQM35,,100,,,8,6,0,4,0,0,4,0,0,0,0,0,0,0,0,0,0,0,0,0,0,4,0,0,3000,26/05/2025 22:15,Wet_Season
885cacab-b1ce-45b8-bab1-7c89530a9601,C-JahRKF5S31,,100,,,8,6,0,4,0,0,4,0,0,0,0,0,0,0,0,0,0,0,0,0,0,4,0,0,3000,26/05/2025 22:15,Wet_Season
42968fcc-b50f-43db-9eb0-6caef134e0af,C-JahVT8DS03,,100,,,8,6,0,4,0,0,4,0,0,0,0,0,0,0,0,0,0,0,0,0,0,4,0,0,3000,26/05/2025 22:15,Wet_Season
984fc191-a4e8-46e4-a5ac-41c72c83820b,C-ChiLQF4554,20,,,,4,3,0,0,0,0,0,0,0,0,0,0,0,0.5,0,0,0,0,2,0,0.5,0,0,2,0,26/05/2025 22:18,Wet_Season
bf91d0a5-4dc6-4663-a87b-88334b65bb0b,C-Jah5MZVN29,,100,,,8,6,0,4,0,0,4,0,0,0,0,0,0,0,0,0,0,0,0,0,0,4,0,0,3000,26/05/2025 22:19,Wet_Season
3d0118bd-d29e-4442-8f40-3277801844d4,C-ChiLPZQC44,20,,,,4,3,0,0,0,0,0,0,0,0,0,0,0,0.5,0,0,0,0,2,0,0.5,0,0,2,0,26/05/2025 22:22,Wet_Season
7077b866-7ea7-4285-8936-ca3f221abd05,C-Jah79VCO19,,100,,,12,9,0,0,0,0,4,0,0,0,4,0,0,0,0,0,0,0,0,0,0,10,0,0,4,26/05/2025 22:23,Wet_Season
c36fea2c-d09b-4373-b1c5-13870158b934,C-JahSQL0R57,,100,,,8,6,0,4,0,0,4,0,0,0,0,0,0,0,0,0,0,0,0,0,0,1.5,0,0,300,26/05/2025 22:33,Wet_Season
0e933a09-167c-4924-bb6c-40ab85758e6f,C-ChiZUH8159,20,,,,4,3,0,0,0,0,0,0,0,0,2,0,0,5,0,0,0,0,2,0,2,0,0,2,0,26/05/2025 22:33,Wet_Season
8fb06bd2-e3b5-4aef-8456-0c51f2bdaed1,C-ChiBV3B313,20,,,,4,3,0,0,0,0,0,0,0,0,2,0,0,5,0,0,0,0,2,0,2,0,0,2,0,26/05/2025 22:33,Wet_Season
24603a9a-0ff4-4d62-94f7-9290cbb7b3be,C-ChiHKAWO29,20,,,,4,3,0,0,0,0,0,0,0,0,2,0,0,5,0,0,0,0,2,0,2,0,0,2,0,26/05/2025 22:33,Wet_Season
0c6230d9-c49c-476a-a541-5d0fbc7f86f6,C-ChiQ84OT30,20,,,,4,3,0,0,0,0,0,0,0,0,2,0,0,5,0,0,0,0,2,0,2,0,0,2,0,26/05/2025 22:33,Wet_Season
2bb0fdea-4975-41e9-839a-5889ef915f75,C-Chi95MDO59,,50,,,4,3,0,0,0,0,0,0,0,0,0,0,0,0,0,0,0,0,0,2,2,0,1.5,2,0,26/05/2025 22:34,Wet_Season
e61e9f94-2ea8-4513-9719-2819cfe78556,C-Kur7WIAG33,,100,,,8,6,0,2,0,0,2,2,0,0,0,0,0,0,0,0,0,0,0,0,0,2,0,0,1500,27/05/2025 06:45,Wet_Season
73489080-6c76-475e-b789-74b1150055f2,C-Kur9BWKL31,,100,,,8,6,0,2,0,0,2,2,0,0,0,0,0,0,0,0,0,0,0,0,0,2,0,0,1500,27/05/2025 06:46,Wet_Season
a5b6fd95-a63b-4097-8f65-015e014b925a,C-KurFTJG206,,100,,,8,6,0,2,0,0,2,2,0,0,0,0,0,0,0,0,0,0,0,0,0,2,0,0,1500,27/05/2025 06:48,Wet_Season
3b068021-739f-41fc-895b-e1c637578ac4,C-KurGIQIY59,,100,,,8,6,0,2,0,0,2,2,0,0,0,0,0,0,0,0,0,0,0,0,0,2,0,0,1500,27/05/2025 06:49,Wet_Season
f8cdf643-d207-4252-bad1-7cd106da9bbf,C-KurLBGJY27,,100,,,8,6,0,2,0,0,2,2,0,0,0,0,0,0,0,0,0,0,0,0,0,2,0,0,1500,27/05/2025 06:51,Wet_Season
b0514f5c-b9bf-4893-a71e-9256305ed209,C-KurUP0HF46,,100,,,8,6,0,2,0,0,2,2,0,0,0,0,0,0,0,0,0,0,0,0,0,2,0,0,1500,27/05/2025 06:53,Wet_Season
68bc9b8c-5d96-49f8-b9ab-15d6162a8b4b,C-KurVMQXG18,,100,,,8,6,0,2,0,0,2,2,0,0,0,0,0,0,0,0,0,0,0,0,0,2,0,0,1500,27/05/2025 06:53,Wet_Season
4ece9c88-f424-4eb0-846f-302c041093c7,C-KurWI3E212,,100,,,8,6,0,2,0,0,2,2,0,0,0,0,0,0,0,0,0,0,0,0,0,2,0,0,1500,27/05/2025 06:55,Wet_Season
a9b0ca7b-ce9d-42ce-b09e-a1646bc3407b,C-Kur3OFZV34,,100,,,8,6,0,2,0,0,2,2,0,0,0,0,0,0,0,0,0,0,0,0,0,2,0,0,1500,27/05/2025 06:57,Wet_Season
cbb112e5-c90c-46d8-825b-166bd6bf0f20,C-Kur7895O18,,100,,,8,6,0,2,0,0,2,2,0,0,0,0,0,0,0,0,0,0,0,0,0,2,0,0,1500,27/05/2025 06:58,Wet_Season
1233c61d-8e80-4c64-92ff-70a0ac13d4c7,C-KurBICZJ47,,100,,,8,6,0,2,0,0,2,2,0,0,0,0,0,0,0,0,0,0,0,0,0,2,0,0,1500,27/05/2025 07:00,Wet_Season
3b2f9aab-348a-4b06-8f9d-9aa9bb8845c4,C-KurCZOVJ26,,100,,,8,6,0,2,0,0,2,2,0,0,0,0,0,0,0,0,0,0,0,0,0,2,0,0,1500,27/05/2025 07:01,Wet_Season
4f4d70eb-6306-4cb2-8862-fc7f0130b2b6,C-KurHIIMM14,,100,,,8,6,0,2,0,0,2,2,0,0,0,0,0,0,0,0,0,0,0,0,0,2,0,0,1500,27/05/2025 07:02,Wet_Season
d3eb18fd-8776-4fb9-b4e9-fa9d7d11395f,C-KurJVMUC11,,100,,,8,6,0,2,0,0,2,2,0,0,0,0,0,0,0,0,0,0,0,0,0,2,0,0,1500,27/05/2025 07:04,Wet_Season
0da64c2c-0e8e-462d-94f2-91e2d468c373,C-KurLHYI526,,100,,,8,6,0,2,0,0,2,2,0,0,0,0,0,0,0,0,0,0,0,0,0,2,0,0,1500,27/05/2025 07:05,Wet_Season
57bebbfd-2770-477b-8e70-24c968065dba,C-KurLVV2813,,100,,,8,6,0,2,0,0,2,2,0,0,0,0,0,0,0,0,0,0,0,0,0,2,0,0,1500,27/05/2025 07:06,Wet_Season
490e5a99-f613-4ed1-be9a-41417d7f810d,C-KurOHZOF45,,100,,,8,6,0,2,0,0,2,2,0,0,0,0,0,0,0,0,0,0,0,0,0,2,0,0,1500,27/05/2025 07:08,Wet_Season
26385862-c897-4ad5-be08-165410ee097c,C-KurS1CTX02,,100,,,8,6,0,2,0,0,2,2,0,0,0,0,0,0,0,0,0,0,0,0,0,2,0,0,1500,27/05/2025 07:09,Wet_Season
fbf531be-69c2-4b89-8639-525059c564b4,C-KurWV8ZN35,,100,,,8,6,0,2,0,0,2,2,0,0,0,0,0,0,0,0,0,0,0,0,0,2,0,0,1500,27/05/2025 07:12,Wet_Season
1fe79d8c-d589-4df1-87e1-95d3823ed3da,C-JahTLM2H15,,100,,,8,6,0,4,0,0,2,0,0,0,0,0,0,0,0,0,0,0,0,0,0,2,0,0,3000,27/05/2025 07:13,Wet_Season
07b2a313-197a-467a-87d2-7cdaafd58ce4,C-Kur0MY5H55,,100,,,8,6,0,2,0,0,2,2,0,0,0,0,0,0,0,0,0,0,0,0,0,2,0,0,1500,27/05/2025 07:15,Wet_Season
c3bc50f2-28fa-465a-b45c-975e15ee59b5,C-JahW8E9S52,,100,,,8,4,0,4,0,0,4,0,0,0,0,0,0,0,0,0,0,0,0,0,0,4,0,0,3000,27/05/2025 07:15,Wet_Season
24f1f2a8-6f75-40c5-9763-d851912579d7,C-Kur21I7209,,100,,,8,6,0,2,0,0,2,2,0,0,0,0,0,0,0,0,0,0,0,0,0,2,0,0,1500,27/05/2025 07:16,Wet_Season
d02eea7d-bae6-4ce4-9f92-b8e5b4ab706e,C-Kur31Z6419,,100,,,8,6,0,2,0,0,2,2,0,0,0,0,0,0,0,0,0,0,0,0,0,2,0,0,1500,27/05/2025 07:18,Wet_Season
0332c004-1cfe-47d2-9582-fa41b7cf3c5b,C-Jah3304953,,100,,,8,6,0,4,0,0,4,0,0,0,0,0,0,0,0,0,0,0,0,0,0,4,0,0,1500,27/05/2025 07:18,Wet_Season
b5692fd4-22a5-4f4e-8ca3-d3bb86378ae4,C-Kur83OL501,,100,,,8,6,0,2,0,0,2,2,0,0,0,0,0,0,0,0,0,0,0,0,0,2,0,0,1500,27/05/2025 07:19,Wet_Season
90737e98-a43a-42df-87cb-002c80466a25,C-KurATGAB18,,100,,,8,6,0,2,0,0,2,2,0,0,0,0,0,0,0,0,0,0,0,0,0,2,0,0,1500,27/05/2025 07:20,Wet_Season
b269be1d-d426-42e0-9156-870c39939679,C-KurBFTMU26,,100,,,8,6,0,2,0,0,2,2,0,0,0,0,0,0,0,0,0,0,0,0,0,2,0,0,1500,27/05/2025 07:22,Wet_Season
6a944505-e11c-4bb8-b3f9-34a7fd0a0bb4,C-KurDC0F631,,100,,,8,6,0,2,0,0,2,2,0,0,0,0,0,0,0,0,0,0,0,0,0,2,0,0,1500,27/05/2025 07:23,Wet_Season
2e730a91-e76e-4a4e-8fdf-cdcf69bd42c5,C-KurFX37P22,,100,,,8,6,0,2,0,0,2,2,0,0,0,0,0,0,0,0,0,0,0,0,0,2,0,0,1500,27/05/2025 07:24,Wet_Season
36562bd3-3a8e-4ea1-ba59-267e0b156fd0,C-KurFXMN144,,100,,,8,6,0,2,0,0,2,2,0,0,0,0,0,0,0,0,0,0,0,0,0,2,0,0,1500,27/05/2025 07:26,Wet_Season
10fb0e01-3e53-44ca-8bee-23620a927d08,C-KurGPH9S30,,100,,,8,6,0,2,0,0,2,2,0,0,0,0,0,0,0,0,0,0,0,0,0,2,0,0,1500,27/05/2025 07:27,Wet_Season
57d0615f-8233-4be7-9a07-0ed349e3861f,C-KurKPKZQ36,,100,,,8,6,0,2,0,0,2,2,0,0,0,0,0,0,0,0,0,0,0,0,0,2,0,0,1500,27/05/2025 07:29,Wet_Season
ea03de78-3327-4432-9598-43630098d6fb,C-KurL2VI309,,100,,,8,6,0,2,0,0,2,2,0,0,0,0,0,0,0,0,0,0,0,0,0,2,0,0,1500,27/05/2025 07:31,Wet_Season
89b3dec2-07b9-4223-9ccc-05e00fa6779d,C-KurX9Q4C01,,100,,,8,6,0,2,0,0,2,2,0,0,0,0,0,0,0,0,0,0,0,0,0,2,0,0,1500,27/05/2025 07:32,Wet_Season
bb95305b-15d4-44ee-aa87-3554f585132a,C-Kur3BKQU03,,100,,,8,6,0,2,0,0,2,2,0,0,0,0,0,0,0,0,0,0,0,0,0,2,0,0,1500,27/05/2025 07:34,Wet_Season
703a7424-dc75-462b-912b-58992f1192e2,C-Kur5K0RH11,,100,,,8,6,0,2,0,0,2,2,0,0,0,0,0,0,0,0,0,0,0,0,0,2,0,0,1500,27/05/2025 07:40,Wet_Season
6968b959-8508-45e8-9a03-b53a6b5cd2af,C-Kur6NRF635,,100,,,8,6,0,2,0,0,2,2,0,0,0,0,0,0,0,0,0,0,0,0,0,2,0,0,1500,27/05/2025 07:48,Wet_Season
96f7819f-ec57-425d-a9c1-4216b57ca5be,C-KurANZD058,,100,,,8,6,0,2,0,0,2,2,0,0,0,0,0,0,0,0,0,0,0,0,0,2,0,0,1500,27/05/2025 07:50,Wet_Season
61c5e5b2-3aee-48af-b304-a6ae18d2621c,C-KurF4GGF41,,100,,,8,6,0,2,0,0,2,2,0,0,0,0,0,0,0,0,0,0,0,0,0,2,0,0,1500,27/05/2025 07:51,Wet_Season
dd913808-f620-4c57-9b7d-abf99806f912,C-KurSUHAY44,,100,,,8,6,0,2,0,0,2,2,0,0,0,0,0,0,0,0,0,0,0,0,0,2,0,0,1500,27/05/2025 07:52,Wet_Season
4e9e7f24-17bb-43a8-903a-a52943735250,C-KurUVVQN24,,100,,,8,6,0,2,0,0,2,2,0,0,0,0,0,0,0,0,0,0,0,0,0,2,0,0,1500,27/05/2025 07:54,Wet_Season
5f142ca9-bd67-4543-9ecf-2a528544dcfb,C-KurWLAIL55,,100,,,8,6,0,2,0,0,2,2,0,0,0,0,0,0,0,0,0,0,0,0,0,2,0,0,1500,27/05/2025 07:55,Wet_Season
6a9fdb88-5549-4f7c-8c15-d7cf468bbf1b,C-KurWWJL101,,100,,,8,6,0,2,0,0,2,2,0,0,0,0,0,0,0,0,0,0,0,0,0,2,0,0,1500,27/05/2025 07:57,Wet_Season
400c7171-c759-48f2-b557-f50e557b9675,C-Kur3QB6J24,,100,,,8,6,0,2,0,0,2,2,0,0,0,0,0,0,0,0,0,0,0,0,0,2,0,0,1500,27/05/2025 07:59,Wet_Season
9785dee9-e1cb-4f99-b35a-e1e06e05a899,C-Kur42U6F02,,100,,,8,6,0,2,0,0,2,2,0,0,0,0,0,0,0,0,0,0,0,0,0,2,0,0,1500,27/05/2025 08:01,Wet_Season
fdcd5124-8906-4b12-a979-e21d2b710829,C-KurAD6ZW49,,100,,,8,6,0,2,0,0,2,2,0,0,0,0,0,0,0,0,0,0,0,0,0,2,0,0,1500,27/05/2025 08:02,Wet_Season
162495c3-ac21-404b-bdfa-4f0ebb7d6ca4,C-KurB3FQD29,,100,,,8,6,0,2,0,0,2,2,0,0,0,0,0,0,0,0,0,0,0,0,0,2,0,0,1500,27/05/2025 08:03,Wet_Season
26660437-9e2e-402b-8263-e17ce906f666,C-KurCQFEA16,,100,,,8,6,0,2,0,0,2,2,0,0,0,0,0,0,0,0,0,0,0,0,0,2,0,0,1500,27/05/2025 08:05,Wet_Season
85a63c44-8124-4a27-a49a-62280a00a6a9,C-KurT03RY13,,100,,,8,6,0,2,0,0,2,2,0,0,0,0,0,0,0,0,0,0,0,0,0,2,0,0,1500,27/05/2025 08:06,Wet_Season
37aa6a1b-7df7-4cbd-94fa-dcd8ed123ba7,C-Kur1SCD339,,100,,,8,6,0,2,0,0,2,2,0,0,0,0,0,0,0,0,0,0,0,0,0,2,0,0,1500,27/05/2025 08:12,Wet_Season
fe3dea34-84d1-4dfd-8b54-779226e04d11,C-Kur1Z3GI31,,100,,,8,6,0,2,0,0,2,2,0,0,0,0,0,0,0,0,0,0,0,0,0,2,0,0,1500,27/05/2025 08:13,Wet_Season
21389dc2-c985-4d00-9f3d-230e985781c3,C-Kur6KYRV33,,100,,,8,6,0,2,0,0,2,2,0,0,0,0,0,0,0,0,0,0,0,0,0,2,0,0,1500,27/05/2025 08:14,Wet_Season
d46b2616-323f-48ad-b62e-9772400f5b9c,C-KurB7E6A02,,100,,,8,6,0,2,0,0,2,2,0,0,0,0,0,0,0,0,0,0,0,0,0,2,0,0,1500,27/05/2025 08:16,Wet_Season
27314e1e-5e24-4a22-9243-fa7547098798,C-KurISY8M34,,100,,,8,4,0,2,0,0,2,2,0,0,0,0,0,0,0,0,0,0,0,0,0,2,0,0,1500,27/05/2025 08:37,Wet_Season
28b5dc84-37f2-4bea-a239-f18c078deacb,C-KurWAO3O28,,100,,,8,4,0,2,0,0,2,2,0,0,0,0,0,0,0,0,0,0,0,0,0,2,0,0,1500,27/05/2025 08:37,Wet_Season
ce4b883d-3935-407e-b815-3ecf8bb584bc,C-Kur1ZBKL58,,100,,,8,4,0,2,0,0,2,2,0,0,0,0,0,0,0,0,0,0,0,0,0,2,0,0,1500,27/05/2025 08:37,Wet_Season
8412e37c-8898-4575-8a1b-508123a98fed,C-Kur0U8HK21,,100,,,8,4,0,2,0,0,2,2,0,0,0,0,0,0,0,0,0,0,0,0,0,2,0,0,1500,27/05/2025 08:37,Wet_Season
82d262d7-0094-4433-a05e-46485d323ff1,C-Kur19EME39,,100,,,8,4,0,2,0,0,2,2,0,0,0,0,0,0,0,0,0,0,0,0,0,2,0,0,1500,27/05/2025 08:38,Wet_Season
510a01ea-7d00-4b95-8230-35b841877f3b,C-Kur79PM014,,100,,,8,4,0,2,0,0,2,2,0,0,0,0,0,0,0,0,0,0,0,0,0,2,0,0,1500,27/05/2025 08:38,Wet_Season
a1def19f-8ea5-44fa-9afc-025cafae06b7,C-KurA8QUX28,100,,,,6,6,0,2,0,0,0,2,0,2,0,0,0,0,0,0,0,0,0,0,0,0,0,0,1500,27/05/2025 08:38,Wet_Season
a341a497-bfd6-48f7-b56c-262851e49ed3,C-KurB6B1L14,,100,,,8,4,0,2,0,0,2,2,0,0,0,0,0,0,0,0,0,0,0,0,0,2,0,0,1500,27/05/2025 08:38,Wet_Season
09cf18e3-45fb-4b18-a9d9-13535da85aa0,C-KurGFMOS40,,100,,,8,4,0,2,0,0,2,2,0,0,0,0,0,0,0,0,0,0,0,0,0,2,0,0,1500,27/05/2025 08:38,Wet_Season
d1dc6637-e292-4f44-9f23-45976a7d1a40,C-KurHKA0Z34,,100,,,8,4,0,2,0,0,2,2,0,0,0,0,0,0,0,0,0,0,0,0,0,2,0,0,1500,27/05/2025 08:38,Wet_Season
a4185a2b-13c1-4c5e-a2c7-0be43c2870d0,C-KurHXRCL58,,100,,,8,4,0,2,0,0,2,2,0,0,0,0,0,0,0,0,0,0,0,0,0,2,0,0,1500,27/05/2025 08:38,Wet_Season
98d1da36-34e7-4206-9509-d6db319d283e,C-KurWHRDO23,,100,,,8,4,0,2,0,0,2,2,0,0,0,0,0,0,0,0,0,0,0,0,0,2,0,0,1500,27/05/2025 08:38,Wet_Season
fed2da06-d570-4bf2-8127-978378e0d280,C-Kur6ERNK13,,100,,,8,4,0,2,0,0,2,2,0,0,0,0,0,0,0,0,0,0,0,0,0,2,0,0,1500,27/05/2025 08:38,Wet_Season
7ff11a80-9dae-46ae-b60a-b664cf11381e,C-Kur6ETMN47,,100,,,8,4,0,2,0,0,2,2,0,0,0,0,0,0,0,0,0,0,0,0,0,2,0,0,1500,27/05/2025 08:38,Wet_Season
2811e095-a9bb-47f3-ab38-6b7cb3a19917,C-KurKRZ3J50,,100,,,8,4,0,2,0,0,2,2,0,0,0,0,0,0,0,0,0,0,0,0,0,2,0,0,1500,27/05/2025 08:38,Wet_Season
e3ea4231-c959-47c7-959d-59298eb20f0a,C-KurYMHKL30,100,,,,6,6,0,2,0,0,0,2,0,2,0,0,0,0,0,0,0,0,0,0,0,0,0,0,150,27/05/2025 08:38,Wet_Season
27488842-4d8f-416b-8c6e-33854548b211,C-KurM9GFJ43,,100,,,8,4,0,2,0,0,2,2,0,0,0,0,0,0,0,0,0,0,0,0,0,2,0,0,1500,27/05/2025 08:38,Wet_Season
1ae024c4-e929-4078-9e6d-56e352e7a5c9,C-KurQPOUK46,100,,,,6,6,0,2,0,0,0,2,0,2,0,0,0,0,0,0,0,0,0,0,0,0,0,0,1500,27/05/2025 08:38,Wet_Season
5ac4089e-800c-4ff6-8e12-3f8489076133,C-KurHJ2QJ20,,100,,,8,4,0,2,0,0,2,2,0,0,0,0,0,0,0,0,0,0,0,0,0,2,0,0,1500,27/05/2025 08:38,Wet_Season
8c0eb001-01da-4f45-8b42-6bc88f6e5ff9,C-KurDC0UG33,,100,,,8,4,0,2,0,0,2,2,0,0,0,0,0,0,0,0,0,0,0,0,0,2,0,0,1500,27/05/2025 08:38,Wet_Season
3f0a3770-ebce-486f-ae26-5dbfa210106f,C-KurJYBGB49,,100,,,8,4,0,2,0,0,2,2,0,0,0,0,0,0,0,0,0,0,0,0,0,2,0,0,1500,27/05/2025 08:38,Wet_Season
a7267d7f-944e-4a42-95fb-e6c5f32a59b0,C-KurRYVL940,,100,,,8,4,0,2,0,0,2,2,0,0,0,0,0,0,0,0,0,0,0,0,0,2,0,0,1500,27/05/2025 08:38,Wet_Season
691f5da6-74ab-4968-9139-600683ecce50,C-KurTB2QW04,,100,,,8,4,0,2,0,0,2,2,0,0,0,0,0,0,0,0,0,0,0,0,0,2,0,0,1500,27/05/2025 08:38,Wet_Season
778858f6-233d-46f0-ad3e-5548ca193825,C-Kur1KQ1K10,100,,,,6,6,0,2,0,0,0,2,0,2,0,0,0,0,0,0,0,0,0,0,0,0,0,0,1500,27/05/2025 08:38,Wet_Season
8bb78e7e-08ed-4fce-adfa-6da2cf454fb7,C-KurW1T8B08,,100,,,8,4,0,2,0,0,2,2,0,0,0,0,0,0,0,0,0,0,0,0,0,2,0,0,1500,27/05/2025 08:38,Wet_Season
39e18004-42fb-4715-8362-2a8d3049dd6f,C-Kur94LPE48,,100,,,8,4,0,2,0,0,2,2,0,0,0,0,0,0,0,0,0,0,0,0,0,2,0,0,1500,27/05/2025 08:38,Wet_Season
68b590fc-e276-463f-a9bb-048ea853dca5,C-KurBJT4O19,,100,,,8,4,0,2,0,0,2,2,0,0,0,0,0,0,0,0,0,0,0,0,0,2,0,0,1500,27/05/2025 08:38,Wet_Season
c405dd5c-6648-4f45-a996-c2cda94da5fc,C-KurNPB5T22,,100,,,8,4,0,2,0,0,2,2,0,0,0,0,0,0,0,0,0,0,0,0,0,2,0,0,1500,27/05/2025 08:38,Wet_Season
bffeda8d-160f-4578-a450-622050fdddb8,C-KurV8GJD32,,100,,,8,4,0,2,0,0,2,2,0,0,0,0,0,0,0,0,0,0,0,0,0,2,0,0,1500,27/05/2025 08:38,Wet_Season
cd401306-ffb2-47aa-be21-487478db9d95,C-KurXDPFA25,,100,,,8,4,0,2,0,0,2,2,0,0,0,0,0,0,0,0,0,0,0,0,0,2,0,0,1500,27/05/2025 08:38,Wet_Season
17521a3a-f0fb-490d-9e81-5cabb6ce183f,C-Kur62K1M18,,100,,,8,4,0,2,0,0,2,2,0,0,0,0,0,0,0,0,0,0,0,0,0,2,0,0,1500,27/05/2025 08:38,Wet_Season
68e7f28a-d45e-436b-a6eb-3dcb72cf1f27,C-Kur8OJTO25,100,,,,6,6,0,2,0,0,0,2,0,2,0,0,0,0,0,0,0,0,0,0,0,0,0,0,1500,27/05/2025 08:38,Wet_Season
eee62c91-6a9f-47dd-8089-cf830540178d,C-KurD4GKQ40,,100,,,8,4,0,2,0,0,2,2,0,0,0,0,0,0,0,0,0,0,0,0,0,2,0,0,1500,27/05/2025 08:38,Wet_Season
05fdc53e-738b-49a7-b991-6a109e517746,C-KurHDZ2E05,,100,,,8,4,0,2,0,0,2,2,0,0,0,0,0,0,0,0,0,0,0,0,0,2,0,0,1500,27/05/2025 08:38,Wet_Season
b9c8b461-6503-4c78-b34d-a003768cb350,C-KurJTBI700,,100,,,8,4,0,2,0,0,2,2,0,0,0,0,0,0,0,0,0,0,0,0,0,2,0,0,1500,27/05/2025 08:38,Wet_Season
1bc250bc-ae15-4f67-86df-ba3e7f2134e0,C-KurYZHQH10,,100,,,8,4,0,2,0,0,2,2,0,0,0,0,0,0,0,0,0,0,0,0,0,2,0,0,1500,27/05/2025 08:38,Wet_Season
dd57f942-792a-40b7-8705-ab4ada0cd133,C-Kur7J7UQ08,,100,,,8,4,0,2,0,0,2,2,0,0,0,0,0,0,0,0,0,0,0,0,0,2,0,0,1500,27/05/2025 08:38,Wet_Season
0a72be4d-1dfa-41bb-9691-54939fc2a82a,C-KurZJICZ57,,100,,,8,4,0,2,0,0,2,2,0,0,0,0,0,0,0,0,0,0,0,0,0,2,0,0,1500,27/05/2025 08:38,Wet_Season
1799df65-5aa9-47ea-9b8f-85f93d66bd62,C-Kur2UEDZ37,,100,,,8,4,0,2,0,0,2,2,0,0,0,0,0,0,0,0,0,0,0,0,0,2,0,0,1500,27/05/2025 08:38,Wet_Season
fa83e9db-c6dd-425b-912d-e802f3da2a5e,C-Kur5K34Y13,,100,,,8,4,0,2,0,0,2,2,0,0,0,0,0,0,0,0,0,0,0,0,0,2,0,0,1500,27/05/2025 08:38,Wet_Season
830e043b-8dc7-4644-8b67-6158d594b618,C-Kur5XGG405,,100,,,8,4,0,2,0,0,2,2,0,0,0,0,0,0,0,0,0,0,0,0,0,2,0,0,1500,27/05/2025 08:38,Wet_Season
6a2bd3c3-b6b7-483b-85d6-09f253561dee,C-KurA9S1D56,,100,,,8,4,0,2,0,0,2,2,0,0,0,0,0,0,0,0,0,0,0,0,0,2,0,0,1500,27/05/2025 08:38,Wet_Season
f7996e45-076a-41fc-ab7e-f7346485760f,C-KurPHH9S32,,100,,,8,4,0,2,0,0,2,2,0,0,0,0,0,0,0,0,0,0,0,0,0,2,0,0,1500,27/05/2025 08:39,Wet_Season
748be767-0e5b-4d03-b57e-3e400c0d7955,C-KurYRVDR00,,100,,,8,4,0,2,0,0,2,2,0,0,0,0,0,0,0,0,0,0,0,0,0,2,0,0,1500,27/05/2025 08:39,Wet_Season
f7810617-2d51-4015-808a-0c6cf0c87c53,C-Kur3M14G41,,100,,,8,4,0,2,0,0,2,2,0,0,0,0,0,0,0,0,0,0,0,0,0,2,0,0,1500,27/05/2025 08:39,Wet_Season
9fa6cad3-eb5a-408f-a5d3-fab01fc26fbb,C-KurFBO1435,,100,,,8,4,0,2,0,0,0,2,0,0,0,0,0,0,0,0,0,0,0,0,0,2,0,0,1500,27/05/2025 08:39,Wet_Season
f62c3d48-4c5e-42da-8aac-01e734c795d2,C-KurBFFUG31,,100,,,8,6,0,2,0,0,2,2,0,0,0,0,0,0,0,0,0,0,0,0,0,2,0,0,1500,27/05/2025 08:48,Wet_Season
42f9636e-26ae-4a34-bc87-5efe9015de35,C-KurIE7FT37,,100,,,8,6,0,2,0,0,2,2,0,0,0,0,0,0,0,0,0,0,0,0,0,2,0,0,1500,27/05/2025 08:48,Wet_Season
5d71fcb9-0ec0-43b8-91e1-cc71e7d88933,C-KurIXQAQ55,,100,,,8,6,0,2,0,0,2,2,0,0,0,0,0,0,0,0,0,0,0,0,0,2,0,0,1500,27/05/2025 08:50,Wet_Season
69bc9ca2-5d77-40f5-81c2-ebfd9815bd9b,C-KurK0TK837,,100,,,8,6,0,2,0,0,2,2,0,0,0,0,0,0,0,0,0,0,0,0,0,2,0,0,1500,27/05/2025 08:54,Wet_Season
fa2ba1ff-189e-4b85-91be-b76e2fda7ae9,C-KurQIT9L22,,100,,,8,6,0,2,0,0,2,2,0,0,0,0,0,0,0,0,0,0,0,0,0,2,0,0,1500,27/05/2025 09:10,Wet_Season
45b0d54f-2fc1-41ff-8936-45bc35f20751,C-KurS6FSM52,,100,,,8,6,0,2,0,0,2,2,0,0,0,0,0,0,0,0,0,0,0,0,0,2,0,0,1500,27/05/2025 09:12,Wet_Season
611bb334-20d1-479c-ba05-508931e7cf33,C-KurSD4QQ50,,100,,,8,6,0,2,0,0,2,2,0,0,0,0,0,0,0,0,0,0,0,0,0,2,0,0,1500,27/05/2025 09:13,Wet_Season
267fbadc-4ef5-4bbd-862c-74d1e810919e,C-KurU0V0A53,,100,,,8,6,0,2,0,0,2,2,0,0,0,0,0,0,0,0,0,0,0,0,0,2,0,0,1500,27/05/2025 09:14,Wet_Season
bab121bc-8e00-4224-aade-f3a29dcc05ee,C-KurXT0I907,,100,,,8,6,0,2,0,0,2,2,0,0,0,0,0,0,0,0,0,0,0,0,0,2,0,0,1500,27/05/2025 09:15,Wet_Season
12d79295-f9c0-45ce-803d-cd3e1dc7cb36,C-Kur1QB7Z36,,100,,,8,6,0,2,0,0,2,2,0,0,0,0,0,0,0,0,0,0,0,0,0,2,0,0,1500,27/05/2025 09:18,Wet_Season
1119a1d5-8226-4df9-a17b-73451765082a,C-Kur2366643,,100,,,8,6,0,2,0,0,2,2,0,0,0,0,0,0,0,0,0,0,0,0,0,2,0,0,1500,27/05/2025 09:19,Wet_Season
6ef31657-8f2f-47cd-bb35-5bc03de6f698,C-Kur2ZLJD38,,100,,,8,6,0,2,0,0,2,2,0,0,0,0,0,0,0,0,0,0,0,0,0,2,0,0,1500,27/05/2025 09:21,Wet_Season
acf9e0bd-d16c-4f8f-b74d-3e65a96e40ec,C-Kur50UDT37,,100,,,8,6,0,2,0,0,2,2,0,0,0,0,0,0,0,0,0,0,0,0,0,2,0,0,1500,27/05/2025 09:22,Wet_Season
65e9d623-36cb-40a6-a69a-f393fd6e967f,C-Kur91OEX42,,100,,,8,6,0,2,0,0,2,2,0,0,0,0,0,0,0,0,0,0,0,0,0,2,0,0,1500,27/05/2025 09:26,Wet_Season
450d714b-1269-4282-b0cf-0d055a35b7cf,C-KurA18X557,,100,,,8,6,0,2,0,0,2,2,0,0,0,0,0,0,0,0,0,0,0,0,0,2,0,0,1500,27/05/2025 09:32,Wet_Season
a4fb79e8-5cc8-42cc-89cc-83f0e4333765,C-KurDYVP753,,100,,,8,6,0,2,0,0,2,2,0,0,0,0,0,0,0,0,0,0,0,0,0,2,0,0,1500,27/05/2025 09:32,Wet_Season
2110339e-ff5a-45a6-a5d9-52e53982efbf,C-KurISYR256,,100,,,8,6,0,2,0,0,2,2,0,0,0,0,0,0,0,0,0,0,0,0,0,2,0,0,1500,27/05/2025 09:32,Wet_Season
7921ce3f-3f40-495f-b212-db57dd6dff03,C-KurMKZGZ23,,100,,,8,6,0,2,0,0,2,2,0,0,0,0,0,0,0,0,0,0,0,0,0,2,0,0,1500,27/05/2025 09:32,Wet_Season
f875f3b2-026d-4805-b843-a0d3d8ee5776,C-KurQWMOP14,,100,,,8,6,0,2,0,0,2,2,0,0,0,0,0,0,0,0,0,0,0,0,0,2,0,0,1500,27/05/2025 09:32,Wet_Season
22d7bfa0-0913-47d0-a05f-fff5e63f4b71,C-KurRYSC517,,100,,,8,6,0,2,0,0,2,2,0,0,0,0,0,0,0,0,0,0,0,0,0,2,0,0,1500,27/05/2025 09:32,Wet_Season
1174ea7c-8cfb-4c28-8ac0-37c9b3e09c48,C-KurXQK7447,,100,,,8,6,0,2,0,0,2,2,0,0,0,0,0,0,0,0,0,0,0,0,0,2,0,0,1500,27/05/2025 09:34,Wet_Season
d6abd415-8e73-47f7-9c91-0796dbc5b7a7,C-Kur2G8YU25,,100,,,8,6,0,2,0,0,2,2,0,0,0,0,0,0,0,0,0,0,0,0,0,2,0,0,1500,27/05/2025 09:39,Wet_Season
36bb298c-3e5a-4ab0-9659-0c706b1dc77a,C-Kur2UPD038,,100,,,8,6,0,2,0,0,2,2,0,0,0,0,0,0,0,0,0,0,0,0,0,2,0,0,1500,27/05/2025 09:40,Wet_Season
1311ada0-0109-4e1a-afcf-0b9a4977f4c1,C-Kur3T0W245,,100,,,8,6,0,2,0,0,2,2,0,0,0,0,0,0,0,0,0,0,0,0,0,2,0,0,1500,27/05/2025 09:41,Wet_Season
8396f13b-060c-4008-afbe-1c7705d2be28,C-Kur69DUL55,,100,,,8,6,0,2,0,0,2,2,0,0,0,0,0,0,0,0,0,0,0,0,0,2,0,0,1500,27/05/2025 09:43,Wet_Season
a16bbdd5-2a9a-4213-97d8-4ba80d2a533f,C-KurD2L9L43,,100,,,8,6,0,2,0,0,2,2,0,0,0,0,0,0,0,0,0,0,0,0,0,2,0,0,1500,27/05/2025 09:44,Wet_Season
2268b6ba-e8de-4f39-bb14-b03825ad57f3,C-KurRTNZ942,,100,,,8,6,0,2,0,0,2,2,0,0,0,0,0,0,0,0,0,0,0,0,0,2,0,0,1500,27/05/2025 09:45,Wet_Season
27ee88eb-37a0-4472-93bb-defadc984e89,C-KurUS1BC50,,100,,,8,6,0,2,0,0,2,2,0,0,0,0,0,0,0,0,0,0,0,0,0,2,0,0,1500,27/05/2025 09:46,Wet_Season
5cde1ce3-2254-452a-a066-48a9b1c3950c,C-Kur1L1VM30,,100,,,8,6,0,2,0,0,2,2,0,0,0,0,0,0,0,0,0,0,0,0,0,2,0,0,1500,27/05/2025 09:52,Wet_Season
b6d02a88-8525-429a-8c58-1ea21329d987,C-Kur396DO07,,100,,,8,6,0,2,0,0,2,2,0,0,0,0,0,0,0,0,0,0,0,0,0,2,0,0,1500,27/05/2025 09:55,Wet_Season
71cb13db-0887-4e0e-8b28-13d93e33a9b8,C-Kur3OBBC03,,100,,,8,6,0,2,0,0,2,2,0,0,0,0,0,0,0,0,0,0,0,0,0,2,0,0,1500,27/05/2025 09:56,Wet_Season
e4cb8706-8a16-4525-811a-dfdd828834a5,C-Kur448ME05,,100,,,8,6,0,2,0,0,2,2,0,0,0,0,0,0,0,0,0,0,0,0,0,2,0,0,1500,27/05/2025 09:57,Wet_Season
f21aa0eb-c0c3-485b-a070-2463814ca40b,C-Kur50Q7Z44,,100,,,8,6,0,2,0,0,2,2,0,0,0,0,0,0,0,0,0,0,0,0,0,2,0,0,1500,27/05/2025 10:00,Wet_Season
c1e5011a-3876-4a47-88ca-2277251efc35,C-Kur71A0W15,,100,,,8,6,0,2,0,0,2,2,0,0,0,0,0,0,0,0,0,0,0,0,0,2,0,0,1500,27/05/2025 10:01,Wet_Season
026c14ad-65c6-4b95-a9dd-0c310ba287ea,C-KurFIF8127,,100,,,8,6,0,2,0,0,2,2,0,0,0,0,0,0,0,0,0,0,0,0,0,2,0,0,1500,27/05/2025 10:06,Wet_Season
4fa111ed-2033-400b-9ceb-5071092f994b,C-KurFPXJQ19,,100,,,8,6,0,2,0,0,2,2,0,0,0,0,0,0,0,0,0,0,0,0,0,2,0,0,1500,27/05/2025 10:06,Wet_Season
0bb4feb1-42b5-4ac7-8eba-8529aa98080f,C-KurOGI8024,,100,,,8,6,0,2,0,0,2,2,0,0,0,0,0,0,0,0,0,0,0,0,0,2,0,0,1500,27/05/2025 10:07,Wet_Season
4b7dd4e0-f045-4ef2-9670-05fe933a04bf,C-KurUPZTL33,,100,,,8,6,0,2,0,0,2,2,0,0,0,0,0,0,0,0,0,0,0,0,0,2,0,0,1500,27/05/2025 10:09,Wet_Season
0a0e490a-432d-41c1-b28b-0cd83ea75684,C-KurVSP9012,,100,,,8,6,0,2,0,0,2,2,0,0,0,0,0,0,0,0,0,0,0,0,0,2,0,0,1500,27/05/2025 10:12,Wet_Season
fe9ca34f-535e-44f4-b118-80347d4e2005,C-KurWO7CS53,,100,,,8,6,0,2,0,0,2,2,0,0,0,0,0,0,0,0,0,0,0,0,0,2,0,0,1500,27/05/2025 10:14,Wet_Season
eebe1dad-1478-4865-bbd5-255a3c283ab6,C-KurZEFUW11,,100,,,8,6,0,2,0,0,2,2,0,0,0,0,0,0,0,0,0,0,0,0,0,2,0,0,1500,27/05/2025 10:15,Wet_Season
60120263-657b-4df6-9ce4-ad25857b8959,C-Kur1ZTOT42,,100,,,8,6,0,2,0,0,2,2,0,0,0,0,0,0,0,0,0,0,0,0,0,2,0,0,1500,27/05/2025 10:18,Wet_Season
35f78f66-2275-4584-aa99-372d52e372f8,C-Kur81B3L18,,100,,,8,6,0,2,0,0,2,2,0,0,0,0,0,0,0,0,0,0,0,0,0,2,0,0,1500,27/05/2025 10:20,Wet_Season
2f100b0d-14ef-4880-8ce7-c44b0e78000b,C-KurB9Z9U58,,100,,,8,6,0,2,0,0,2,2,0,0,0,0,0,0,0,0,0,0,0,0,0,2,0,0,1500,27/05/2025 10:22,Wet_Season
1516f586-cbee-4227-8843-e97910ac34b7,C-KurHTRVZ42,,100,,,8,6,0,2,0,0,2,2,0,0,0,0,0,0,0,0,0,0,0,0,0,2,0,0,1500,27/05/2025 10:23,Wet_Season
1e5bc7af-c877-46c9-abda-3f631b4251d4,C-KurKLOCI48,,100,,,8,6,0,2,0,0,2,2,0,0,0,0,0,0,0,0,0,0,0,0,0,2,0,0,1500,27/05/2025 10:25,Wet_Season
e0d60651-886c-4f6b-b206-1da824f8013a,C-KurQRIHH26,,100,,,8,6,0,2,0,0,2,2,0,0,0,0,0,0,0,0,0,0,0,0,0,2,0,0,1500,27/05/2025 10:26,Wet_Season
1a240ff4-b9e9-4977-b5f1-3658cf5eb4d3,C-KurSNYL440,,100,,,8,6,0,2,0,0,2,2,0,0,0,0,0,0,0,0,0,0,0,0,0,2,0,0,1500,27/05/2025 10:28,Wet_Season
ce0f19ee-6880-486d-8b85-b39c9276f44b,C-KurU5Z8415,,100,,,8,6,0,2,0,0,2,2,0,0,0,0,0,0,0,0,0,0,0,0,0,2,0,0,1500,27/05/2025 10:30,Wet_Season
6dc11d62-1a3d-4842-b3b3-da67bc8bb541,C-KurYVXWW36,,100,,,8,6,0,2,0,0,2,2,0,0,0,0,0,0,0,0,0,0,0,0,0,2,0,0,1500,27/05/2025 10:32,Wet_Season
d443aec1-30b0-48c5-a573-9d8ccae4e0bf,C-Kur9DPQD52,,100,,,8,6,0,2,0,0,2,2,0,0,0,0,0,0,0,0,0,0,0,0,0,2,0,0,1500,27/05/2025 10:34,Wet_Season
2365a041-e49f-4f18-b865-0f45b5d42577,C-KurC73YN36,,100,,,8,6,0,2,0,0,2,2,0,0,0,0,0,0,0,0,0,0,0,0,0,2,0,0,1500,27/05/2025 11:01,Dry_Season
92efcba6-1432-4225-8e62-32011f921833,C-KurCV3MQ41,,100,,,8,6,0,2,0,0,2,2,0,0,0,0,0,0,0,0,0,0,0,0,0,2,0,0,1500,27/05/2025 11:02,Dry_Season
ffc304dd-8b9e-44a5-9c48-c7f4f9ec74c6,C-KurH7DN234,,100,,,8,6,0,2,0,0,2,2,0,0,0,0,0,0,0,0,0,0,0,0,0,2,0,0,1500,27/05/2025 11:03,Dry_Season
03ea4cc1-30f0-4165-9b2c-fe2993450f34,C-KurHOKDI16,,100,,,8,6,0,2,0,0,2,2,0,0,0,0,0,0,0,0,0,0,0,0,0,2,0,0,1500,27/05/2025 11:05,Dry_Season
b3d8024b-eb72-42ad-9690-e5a2fbfc6aed,C-KurMA58Q30,,100,,,8,6,0,2,0,0,2,2,0,0,0,0,0,0,0,0,0,0,0,0,0,2,0,0,1500,27/05/2025 11:06,Dry_Season
5bce300b-41f8-4103-8e2d-2c0bc1ebc275,C-KurR5SVQ25,,100,,,8,6,0,2,0,0,2,2,0,0,0,0,0,0,0,0,0,0,0,0,0,2,0,0,1500,27/05/2025 11:08,Dry_Season
88c910db-25fa-4fd9-b0d1-a971f4a061cd,C-KurRP3Q640,,100,,,8,6,0,2,0,0,2,2,0,0,0,0,0,0,0,0,0,0,0,0,0,2,0,0,1500,27/05/2025 11:09,Dry_Season
f1fa60c5-1f81-4d8f-8d80-c08cf705f10d,C-Kur52OQP36,,100,,,8,6,0,2,0,0,2,2,0,0,0,0,0,0,0,0,0,0,0,0,0,2,0,0,1500,27/05/2025 11:35,Wet_Season
36cd0195-d621-4ad6-ab2d-9f909383fe6d,C-Kur70LGC12,,100,,,8,6,0,2,0,0,2,2,0,0,0,0,0,0,0,0,0,0,0,0,0,2,0,0,1500,27/05/2025 11:36,Wet_Season
177272c2-1549-4d80-b437-c59d62ca9b5a,C-Kur8EZQK43,,100,,,8,6,0,2,0,0,2,2,0,0,0,0,0,0,0,0,0,0,0,0,0,2,0,0,1500,27/05/2025 11:39,Dry_Season
84d1fc9f-5602-4cb2-975e-a402d544e70b,C-Kur90LXF08,,100,,,8,6,0,2,0,0,2,2,0,0,0,0,0,0,0,0,0,0,0,0,0,2,0,0,1500,27/05/2025 11:42,Dry_Season
9b73ff1c-db97-4ee0-ac61-501cab668d30,C-KurAH8RD13,,100,,,8,6,0,2,0,0,2,2,0,0,0,0,0,0,0,0,0,0,0,0,0,2,0,0,1500,27/05/2025 11:44,Dry_Season
eb2e123a-dbd3-48a2-8f23-b3ebb88fe1f3,C-KurB9LEV01,,100,,,8,6,0,2,0,0,2,2,0,0,0,0,0,0,0,0,0,0,0,0,0,2,0,0,1500,27/05/2025 11:48,Wet_Season
637fb744-bea7-429e-9246-655657dadb1b,C-KurGV8X652,,100,,,8,6,0,2,0,0,2,2,0,0,0,0,0,0,0,0,0,0,0,0,0,2,0,0,1500,27/05/2025 11:50,Dry_Season
1caa6c59-fe35-4496-912d-81a87b665b47,C-KurIPOMK24,,100,,,8,6,0,2,0,0,2,2,0,0,0,0,0,0,0,0,0,0,0,0,0,2,0,0,1500,27/05/2025 11:51,Dry_Season
c267e7c1-927e-4eb4-8223-35fc45d71c82,C-KurOQ8QL19,,100,,,8,6,0,2,0,0,2,2,0,0,0,0,0,0,0,0,0,0,0,0,0,2,0,0,1500,27/05/2025 11:52,Dry_Season
31d28550-78df-4131-9470-32f8563278f9,C-KurRUSV637,,100,,,8,6,0,2,0,0,2,2,0,0,0,0,0,0,0,0,0,0,0,0,0,2,0,0,1500,27/05/2025 11:53,Dry_Season
f2393caa-7c8e-4681-a946-647fcad0e0b5,C-KurWHDBY44,,100,,,8,6,0,2,0,0,2,2,0,0,0,0,0,0,0,0,0,0,0,0,0,2,0,0,1500,27/05/2025 11:54,Dry_Season
a3aa9b4e-d420-4487-990d-a6171505f671,C-KurXTL3444,,100,,,8,6,0,2,0,0,2,2,0,0,0,0,0,0,0,0,0,0,0,0,0,2,0,0,1500,27/05/2025 11:56,Dry_Season
1ffcbd25-e05e-4cdd-9d67-34158a8c6f85,C-KurZY6CN31,,100,,,8,6,0,2,0,0,2,2,0,0,0,0,0,0,0,0,0,0,0,0,0,2,0,0,1500,27/05/2025 11:58,Wet_Season
b4571ad4-968e-47e6-8136-07db08701571,C-Kur2RT9N24,,100,,,8,6,0,2,0,0,2,2,0,0,0,0,0,0,0,0,0,0,0,0,0,2,0,0,1500,27/05/2025 12:10,Dry_Season
919097c8-730e-426a-88e8-8666b5c4e4aa,C-Kur5QS4139,,100,,,8,6,0,2,0,0,2,2,0,0,0,0,0,0,0,0,0,0,0,0,0,2,0,0,1500,27/05/2025 12:11,Dry_Season
96c6008b-7894-4dbe-8b46-7e0c8174cc68,C-Kur97DE244,,100,,,8,6,0,2,0,0,2,2,0,0,0,0,0,0,0,0,0,0,0,0,0,2,0,0,1500,27/05/2025 12:12,Dry_Season
41efa0e1-bd0b-4db0-b615-db003e0a3077,C-KurG765E46,,100,,,8,6,0,2,0,0,2,2,0,0,0,0,0,0,0,0,0,0,0,0,0,2,0,0,1500,27/05/2025 12:14,Dry_Season
820deebe-bb87-4333-b2a3-777416500370,C-KurJBMIO24,,100,,,8,6,0,2,0,0,2,2,0,0,0,0,0,0,0,0,0,0,0,0,0,2,0,0,1500,27/05/2025 12:15,Dry_Season
85301360-44fb-483e-aae4-5208cc4eea21,C-KurJC31M55,,100,,,8,6,0,2,0,0,2,2,0,0,0,0,0,0,0,0,0,0,0,0,0,2,0,0,1500,27/05/2025 12:16,Dry_Season
25e1cdc4-f5e1-4fc7-a382-1b218ec9ee7d,C-KurKEMJL52,,100,,,8,6,0,2,0,0,2,2,0,0,0,0,0,0,0,0,0,0,0,0,0,2,0,0,1500,27/05/2025 12:18,Dry_Season
fad314c5-d0ba-4388-abd6-e36b47d83afc,C-KurN7I6Y15,,100,,,8,6,0,2,0,0,2,2,0,0,0,0,0,0,0,0,0,0,0,0,0,2,0,0,1500,27/05/2025 12:19,Dry_Season
9ccd3554-be51-43dc-8f7c-2117e817e5ad,C-KurNQ4TI58,,100,,,8,6,0,2,0,0,2,2,0,0,0,0,0,0,0,0,0,0,0,0,0,2,0,0,1500,27/05/2025 12:22,Dry_Season
b189d397-1a4a-48b3-966f-51790b9c2dc7,C-KurPR2SE24,,100,,,8,6,0,2,0,0,2,2,0,0,0,0,0,0,0,0,0,0,0,0,0,2,0,0,1500,27/05/2025 12:24,Dry_Season
99634bd1-9684-41cc-9a82-3d03146b9f70,C-KurQ6W7E15,,100,,,8,6,0,2,0,0,2,2,0,0,0,0,0,0,0,0,0,0,0,0,0,2,0,0,1500,27/05/2025 12:25,Dry_Season
66a976bb-43e1-41c3-95ee-69f2e0914a54,C-KurVW1QE14,,100,,,8,6,0,2,0,0,2,2,0,0,0,0,0,0,0,0,0,0,0,0,0,2,0,0,1500,27/05/2025 12:26,Dry_Season
83e14664-cbd3-417e-adc5-fba206e8cbb5,C-KurXLMPX44,,100,,,8,6,0,2,0,0,2,2,0,0,0,0,0,0,0,0,0,0,0,0,0,2,0,0,1500,27/05/2025 12:27,Dry_Season
a7cb0239-cfc4-4c98-aa4d-f1001d9a44f2,C-KurZ77KS19,,100,,,8,6,0,2,0,0,2,2,0,0,0,0,0,0,0,0,0,0,0,0,0,2,0,0,1500,27/05/2025 12:29,Dry_Season
8bac95e3-e446-4f2b-a460-29f50c80465e,C-Kur1CY1P12,,100,,,8,6,0,2,0,0,2,2,0,0,0,0,0,0,0,0,0,0,0,0,0,2,0,0,1500,27/05/2025 12:31,Dry_Season
6a57e1ea-0cf6-417e-aee3-fb9f71a33a6c,C-Kur2VSQG15,,100,,,8,6,0,2,0,0,2,2,0,0,0,0,0,0,0,0,0,0,0,0,0,2,0,0,1500,27/05/2025 12:32,Dry_Season
38c8ab04-381e-4b32-b86f-0bc107fc95d8,C-Kur41LO834,,100,,,8,6,0,2,0,0,2,2,0,0,0,0,0,0,0,0,0,0,0,0,0,2,0,0,1500,27/05/2025 12:33,Dry_Season
0e3239fd-83c5-46d7-a1ee-35c5138c044a,C-Kur5PI9N48,,100,,,8,6,0,2,0,0,2,2,0,0,0,0,0,0,0,0,0,0,0,0,0,2,0,0,1500,27/05/2025 12:35,Dry_Season
fc283dbb-127d-4884-b9a8-e47ae1f2485d,C-Chi0DG2656,20,,,,4,3,0,0,0,0,0,0,0,0,0,0,0,5,0,0,0,0,0,0,0,0,0,0,0,27/05/2025 12:35,Wet_Season
37ff6fbb-c8be-49e2-b56c-b27fbe0c6dc2,C-Kur6TBP403,,100,,,8,6,0,2,0,0,2,2,0,0,0,0,0,0,0,0,0,0,0,0,0,2,0,0,1500,27/05/2025 12:36,Dry_Season
6bd6e49d-4303-43f0-aee1-66d8c8b6179f,C-Kur8Y08729,,100,,,8,6,0,2,0,0,2,2,0,0,0,0,0,0,0,0,0,0,0,0,0,2,0,0,1500,27/05/2025 12:37,Dry_Season
5d575c1a-91dd-4187-9ab1-890c4a787b3a,C-KurD0XWT12,,100,,,8,6,0,2,0,0,2,2,0,0,0,0,0,0,0,0,0,0,0,0,0,2,0,0,1500,27/05/2025 12:38,Dry_Season
ecfb97b4-4ca8-46bb-978f-ce2f1b84a7bb,C-KurFCAOT39,,100,,,8,6,0,2,0,0,2,2,0,0,0,0,0,0,0,0,0,0,0,0,0,2,0,0,1500,27/05/2025 12:40,Dry_Season
70ec2968-60ab-496d-aa18-e9c9d61db41c,C-KurGT08638,,100,,,8,6,0,2,0,0,2,2,0,0,0,0,0,0,0,0,0,0,0,0,0,2,0,0,1500,27/05/2025 12:41,Dry_Season
c904d2ce-62cb-43e2-899c-0186f4d2b353,C-KurKQ2J040,,100,,,8,6,0,2,0,0,2,2,0,0,0,0,0,0,0,0,0,0,0,0,0,2,0,0,1500,27/05/2025 12:43,Dry_Season
2f640c15-eba9-4b61-a7aa-cf844b1c6a7a,C-KurKZAOX24,,100,,,8,6,0,2,0,0,2,2,0,0,0,0,0,0,0,0,0,0,0,0,0,2,0,0,1500,27/05/2025 12:45,Dry_Season
9ed84254-6780-4eff-b22b-b0288ce68b56,C-KurTI1VU51,,100,,,8,6,0,2,0,0,2,2,0,0,0,0,0,0,0,0,0,0,0,0,0,2,0,0,1500,27/05/2025 12:46,Dry_Season
3f55d221-fc6e-4fdb-b23d-8f0d8b166382,C-KurVLAXP19,,100,,,8,6,0,2,0,0,2,2,0,0,0,0,0,0,0,0,0,0,0,0,0,2,0,0,1500,27/05/2025 12:47,Dry_Season
be0a58ac-1d51-4f28-a493-d0ee9d5ca965,C-KurVPFC936,,100,,,8,6,0,2,0,0,2,2,0,0,0,0,0,0,0,0,0,0,0,0,0,2,0,0,1500,27/05/2025 12:49,Dry_Season
fec77a26-abbd-4f0a-bd0e-76125fd1021f,C-ChiLOGBF19,20,,,,4,3,0,0,0,0,0,0,0,0,2,0,0,5,0,0,0,0,2,0,2,0,0,2,0,27/05/2025 12:49,Wet_Season
affa3d76-43fb-4897-8206-6687804b16d2,C-MubB5X4S21,20,,,,4,3,1,0,0,0,0,0,0,0,2,0,0,6,0,0,0,0,0,0,0,0,0,0,0,27/05/2025 13:08,Wet_Season
d85540d1-abd8-4f02-a751-eec9db47392a,C-MubKX4PJ26,20,,,,4,3,1,0,2,0,0,0,0,0,2,0,0,6,0,0,0,0,0,0,0,0,0,0,0,27/05/2025 13:21,Wet_Season
21d263cb-4410-49d0-aeb2-3fb8cf105978,C-Chi0EQXX52,,50,,,0,0,0,0,0,0,0,0,0,0,0,0,0,0,0,0,0,0,0,0,0,0,0,0,0,27/05/2025 13:36,Wet_Season
600c1b76-0f5e-41d1-ada0-97d4578ff201,C-Chi2O7EP17,20,,,,4,3,0,0,0,0,0,0,0,0,2,0,0,5,0,0,0,0,2,0,2,0,0,2,0,27/05/2025 14:50,Wet_Season
06ded336-22a2-4665-87e8-f58043769ade,C-ChiE09QA49,20,,,,4,3,0,0,0,0,0,0,0,0,2,0,0,5,0,0,0,0,2,0,2,0,0,2,0,27/05/2025 14:50,Wet_Season
14c5be75-58a4-4f5e-abcc-e9be0c2398fe,C-Chi813SU54,20,,,,4,3,0,0,0,0,0,0,0,0,2,0,0,5,0,0,0,0,2,0,5,0,0,2,0,27/05/2025 14:50,Wet_Season
ea5ecfc8-c1e7-4bfe-93a8-1fa5004b2622,C-ChiDKBRG20,20,,,,4,3,0,0,0,0,0,0,0,0,2,0,0,5,0,0,0,0,2,0,2,0,0,2,0,27/05/2025 14:51,Wet_Season
2dbc8317-1c74-42cd-9130-eadaccafe610,C-ChiZJJG653,20,,,,4,3,0,0,0,0,0,0,0,0,2,0,0,5,0,0,0,0,2,0,2,0,0,2,0,27/05/2025 14:51,Wet_Season
0bf26079-7f28-4df1-8cc9-7d84629dadbf,C-ChiMF8QO53,20,,,,4,3,0,0,0,0,0,0,0,0,2,0,0,5,0,0,0,0,2,0,2,0,0,2,0,27/05/2025 14:51,Wet_Season
1f361adf-e90e-4524-bde2-772a74f14f9c,C-ChiG4BSA46,20,,,,4,3,0,0,0,0,0,0,0,0,2,0,0,5,0,0,0,0,2,0,2,0,0,2,0,27/05/2025 14:51,Wet_Season
447da393-ee38-4061-aae2-cfbd6f6629b8,C-Chi64ZSF26,20,,,,4,3,0,0,0,0,0,0,0,0,2,0,0,5,0,0,0,0,2,0,2,0,0,2,0,27/05/2025 14:51,Wet_Season
52baba43-604b-47b1-918e-d9d86b9ceb01,C-Chi3E6GL08,20,,,,4,3,0,0,0,0,0,0,0,0,2,0,0,5,0,0,0,0,2,0,2,0,0,2,0,27/05/2025 14:51,Wet_Season
b09596ad-d25e-42cc-a5b6-a32fb0dd4900,C-ChiNYRVD11,,50,,,4,3,0,0,0,0,0,0,0,0,0,0,0,0,0,0,0,0,0,2,2,0,2,2,0,27/05/2025 14:51,Wet_Season
0dc8a63d-e2f7-4ff7-81a8-63d00226c744,C-Jah8LNXN02,,50,,,4,2,0,1,0,0,1,1,0,0,0,0,0,0,0,0,0,0,0,0,0,1,0,0,0,27/05/2025 15:11,Dry_Season
d9a57508-d97f-409a-997b-b90612490295,C-Jah9A21539,,50,,,4,2,0,1,0,0,1,1,0,0,0,0,0,0,0,0,0,0,0,0,0,1,0,0,0,27/05/2025 15:11,Dry_Season
b24aed11-5d76-46ef-8b8a-42167f15c312,C-JahBECZT14,,50,,,4,2,0,1,0,0,1,1,0,0,0,0,0,0,0,0,0,0,0,0,0,1,0,0,0,27/05/2025 15:11,Dry_Season
cde29464-c52d-4232-b2c4-ce598f8b5814,C-JahBNVMV43,,50,,,4,2,0,1,0,0,1,1,0,0,0,0,0,0,0,0,0,0,0,0,0,1,0,0,0,27/05/2025 15:11,Dry_Season
1fd6b5e7-e8ba-4d84-a630-60e33174ab16,C-JahBRJCO49,,50,,,4,2,0,1,0,0,1,1,0,0,0,0,0,0,0,0,0,0,0,0,0,1,0,0,0,27/05/2025 15:11,Dry_Season
b0b08a03-84c7-4d85-8ef9-8654af3536f4,C-JahGE8G756,,50,,,4,2,0,1,0,0,1,1,0,0,0,0,0,0,0,0,0,0,0,0,0,1,0,0,0,27/05/2025 15:11,Dry_Season
3a2cac50-2629-441e-9e70-33c8c42d37bd,C-JahI1M3M36,,50,,,4,2,0,1,0,0,1,1,0,0,0,0,0,0,0,0,0,0,0,0,0,1,0,0,0,27/05/2025 15:11,Dry_Season
bcc85a22-f17a-4520-b578-aeb1562e149d,C-JahJ8Q1550,,50,,,4,2,0,1,0,0,1,1,0,0,0,0,0,0,0,0,0,0,0,0,0,1,0,0,0,27/05/2025 15:11,Dry_Season
f2c8585e-9aed-4bed-a969-95e7dff6ff7b,C-JahL1T7709,,50,,,4,2,0,1,0,0,1,1,0,0,0,0,0,0,0,0,0,0,0,0,0,1,0,0,0,27/05/2025 15:11,Dry_Season
6a0f7063-e6d1-4e38-9462-c3ba8af516ec,C-JahLDSGC31,,50,,,4,2,0,1,0,0,1,1,0,0,0,0,0,0,0,0,0,0,0,0,0,1,0,0,0,27/05/2025 15:11,Dry_Season
0bfeb884-5c3c-4da0-82f2-bb3cdd703d77,C-JahM3OO433,,50,,,4,2,0,1,0,0,1,1,0,0,0,0,0,0,0,0,0,0,0,0,0,1,0,0,0,27/05/2025 15:11,Dry_Season
659fd5e4-c7eb-4f36-9829-0c469ccd48e6,C-JahMHEWF59,,50,,,4,2,0,1,0,0,1,1,0,0,0,0,0,0,0,0,0,0,0,0,0,1,0,0,0,27/05/2025 15:11,Dry_Season
b7955698-6cd6-4f6c-85dc-166da306d5af,C-JahNNPYS00,,50,,,4,2,0,1,0,0,1,1,0,0,0,0,0,0,0,0,0,0,0,0,0,1,0,0,0,27/05/2025 15:11,Dry_Season
fc610b3e-6780-444d-acf8-a2f69719633a,C-JahNWS5K00,,50,,,4,2,0,1,0,0,1,1,0,0,0,0,0,0,0,0,0,0,0,0,0,1,0,0,0,27/05/2025 15:11,Dry_Season
07221cac-af82-4c40-b303-c123f7483fa8,C-JahO6ZJZ57,,50,,,4,2,0,1,0,0,1,1,0,0,0,0,0,0,0,0,0,0,0,0,0,1,0,0,0,27/05/2025 15:11,Dry_Season
cbd5b6bc-934c-4991-81c9-d210db70ff3a,C-JahPJRH909,,50,,,4,2,0,1,0,0,1,1,0,0,0,0,0,0,0,0,0,0,0,0,0,1,0,0,0,27/05/2025 15:11,Dry_Season
ef3b6f35-8567-4766-bd8c-bf203ed8ac14,C-JahPPZSR26,,50,,,4,2,0,1,0,0,1,1,0,0,0,0,0,0,0,0,0,0,0,0,0,1,0,0,0,27/05/2025 15:11,Dry_Season
56a01ec2-0676-4a29-84b8-5e77781effd2,C-JahRF9P020,,50,,,4,2,0,1,0,0,1,1,0,0,0,0,0,0,0,0,0,0,0,0,0,1,0,0,0,27/05/2025 15:11,Dry_Season
7c8cda3b-2a58-40cf-b236-5714033ad2cb,C-JahRQFWY13,,50,,,4,2,0,1,0,0,1,1,0,0,0,0,0,0,0,0,0,0,0,0,0,1,0,0,0,27/05/2025 15:11,Dry_Season
29dc9b95-07d8-476b-8595-9602c2c941a8,C-JahUZV0Z35,,,,,0,0,0,0,0,0,0,0,0,0,0,0,0,0,0,0,0,0,0,0,0,1,0,0,0,27/05/2025 15:11,Dry_Season
a01bb263-6619-4113-bb76-bf38c9bb7e47,C-JahUZXYN40,,,,,0,0,0,0,0,0,0,0,0,0,0,0,0,0,0,0,0,0,0,0,0,1,0,0,0,27/05/2025 15:11,Dry_Season
86804c6b-39c6-41ac-bb83-c60aef1e9996,C-JahV4BLQ46,,,,,0,0,0,0,0,0,0,0,0,0,0,0,0,0,0,0,0,0,0,0,0,1,0,0,0,27/05/2025 15:11,Dry_Season
324b744f-ff93-4924-8971-80bf4304b307,C-JahVKCYS55,,50,,,4,2,0,0,0,0,1,1,0,0,0,0,0,0,0,0,0,0,0,0,0,1,0,0,0,27/05/2025 15:11,Dry_Season
582f6efb-1916-4be1-b304-bbd6db2a5f52,C-JahWUGDH24,,50,,,4,2,0,1,0,0,1,1,0,0,0,0,0,0,0,0,0,0,0,0,0,1,0,0,0,27/05/2025 15:11,Dry_Season
34e43577-b5e9-4697-bbc5-e66da1f71f1e,C-JahWVJGF58,,50,,,4,2,0,1,0,0,1,1,0,0,0,0,0,0,0,0,0,0,0,0,0,1,0,0,0,27/05/2025 15:11,Dry_Season
04ebdc7a-2dbd-4214-a55b-7264ddb6c025,C-JahY59GS04,,50,,,4,2,0,1,0,0,1,1,0,0,0,0,0,0,0,0,0,0,0,0,0,1,0,0,0,27/05/2025 15:11,Dry_Season
736de2f8-60c6-40ae-8e56-39d0202ea993,C-JahZ0APR46,,50,,,4,2,0,1,0,0,1,1,0,0,0,0,0,0,0,0,0,0,0,0,0,1,0,0,0,27/05/2025 15:11,Dry_Season
78244ba9-68af-4a47-b5d2-7b59aaa20d0b,C-Jah69QSX58,,50,,,4,2,0,1,0,0,1,1,0,0,0,0,0,0,0,0,0,0,0,0,0,1,0,0,0,27/05/2025 15:11,Dry_Season
8a8cedeb-69b1-4603-a2b5-f549c8c15cf3,C-Jah744QP23,,50,,,4,2,0,1,0,0,1,1,0,0,0,0,0,0,0,0,0,0,0,0,0,1,0,0,0,27/05/2025 15:11,Dry_Season
b9e4b843-c1b1-4fcf-9e84-62b8e8141e70,C-Jah7K09N06,,50,,,4,2,0,1,0,0,1,1,0,0,0,0,0,0,0,0,0,0,0,0,0,1,0,0,0,27/05/2025 15:12,Dry_Season
30983abb-eb79-4829-b8f5-860fb5ecfa3c,C-JahCVBLU39,,50,,,4,2,0,1,0,0,1,1,0,0,0,0,0,0,0,0,0,0,0,0,0,1,0,0,0,27/05/2025 15:12,Dry_Season
80027612-c688-4f83-83d3-7324e634a993,C-JahEJRH103,,50,,,4,2,0,1,0,0,1,1,0,0,0,0,0,0,0,0,0,0,0,0,0,1,0,0,0,27/05/2025 15:12,Dry_Season
fff10307-1244-4adc-98a2-4b7624032316,C-JahIGCUJ19,,50,,,4,2,0,1,0,0,1,1,0,0,0,0,0,0,0,0,0,0,0,0,0,1,0,0,0,27/05/2025 15:12,Dry_Season
0eff2294-830c-4854-b325-c70686b27e9b,C-JahPZ02510,,50,,,4,2,0,1,0,0,1,1,0,0,0,0,0,0,0,0,0,0,0,0,0,1,0,0,0,27/05/2025 15:12,Dry_Season
ba8c58c7-d7d8-40cf-b356-93998bf84ea8,C-Jah30P5U22,,50,,,4,2,0,1,0,0,1,1,0,0,0,0,0,0,0,0,0,0,0,0,0,1,0,0,0,27/05/2025 15:12,Dry_Season
9f75fef4-b832-4596-8cf3-b04b6a7da731,C-Jah3VVPT50,,50,,,4,2,0,1,0,0,1,1,0,0,0,0,0,0,0,0,0,0,0,0,0,1,0,0,0,27/05/2025 15:12,Dry_Season
9396c932-c515-4cf1-9ed5-77b6083e0bae,C-Jah5ZBSJ33,,50,,,4,2,0,1,0,0,1,1,0,0,0,0,0,0,0,0,0,0,0,0,0,1,0,0,0,27/05/2025 15:12,Dry_Season
804ea073-d97d-4e4a-9883-573e7ef2fc70,C-JahGK3F231,,50,,,4,2,0,1,0,0,1,1,0,0,0,0,0,0,0,0,0,0,0,0,0,1,0,0,0,27/05/2025 15:12,Dry_Season
a44e18bb-e253-4218-a57e-dd8ff30e1ab3,C-JahKDH0Z27,,50,,,4,2,0,1,0,0,1,1,0,0,0,0,0,0,0,0,0,0,0,0,0,1,0,0,0,27/05/2025 15:12,Dry_Season
cc4b55f9-fdb5-4f8a-87b5-455264b19896,C-JahLZ1QV44,,50,,,4,2,0,1,0,0,1,1,0,0,0,0,0,0,0,0,0,0,0,0,0,1,0,0,0,27/05/2025 15:12,Dry_Season
d0a526f0-a190-44d0-b5dc-e6dcb8a0a309,C-JahSGNSQ07,,50,,,4,2,0,1,0,0,1,1,0,0,0,0,0,0,0,0,0,0,0,0,0,1,0,0,0,27/05/2025 15:12,Dry_Season
c377a500-000c-48a1-8358-e321d5a11c7c,C-JahVDWW949,,50,,,4,2,0,1,0,0,1,1,0,0,0,0,0,0,0,0,0,0,0,0,0,1,0,0,0,27/05/2025 15:12,Dry_Season
1a81072f-bdc4-4211-9737-8b2826377f2b,C-JahZPL5226,,50,,,4,2,0,1,0,0,1,1,0,0,0,0,0,0,0,0,0,0,0,0,0,1,0,0,0,27/05/2025 15:12,Dry_Season
9618dd1f-6150-4b12-9576-6ce842f95108,C-Jah1I93H28,,50,,,4,2,0,1,0,0,1,1,0,0,0,0,0,0,0,0,0,0,0,0,0,1,0,0,0,27/05/2025 15:12,Dry_Season
01ff4189-bc63-493e-823f-eaab2318bfff,C-Jah2265O55,,50,,,4,2,0,1,0,0,1,1,0,0,0,0,0,0,0,0,0,0,0,0,0,1,0,0,0,27/05/2025 15:12,Dry_Season
ce1e6836-4ed9-4f79-a98a-6f8bc5ce3da5,C-Jah5LGYA39,,50,,,4,2,0,1,0,0,1,1,0,0,0,0,0,0,0,0,0,0,0,0,0,1,0,0,0,27/05/2025 15:15,Dry_Season
6a00a461-3965-4735-937b-4d63bc8be7f0,C-Jah5ZY1029,,50,,,0,0,0,0,0,0,0,0,0,0,0,0,0,0,0,0,0,0,0,0,0,0,0,0,0,27/05/2025 15:25,Dry_Season
f90b5108-9edd-4019-909e-75a28a33ce44,C-Jah62JEL57,,50,,,4,2,0,1,0,0,1,1,0,0,0,0,0,0,0,0,0,0,0,0,0,1,0,0,0,27/05/2025 15:43,Dry_Season
61d845d6-aa88-4a0c-a148-30cfd18de3cb,C-Jah9E96K08,,50,,,4,2,0,1,0,0,1,1,0,0,0,0,0,0,0,0,0,0,0,0,0,1,0,0,0,27/05/2025 15:43,Dry_Season
5099564e-0d43-4020-910e-be439732ac0d,C-Jah9UJ6N55,,50,,,4,2,0,1,0,0,1,1,0,0,0,0,0,0,0,0,0,0,0,0,0,1,0,0,0,27/05/2025 15:43,Dry_Season
f4d25191-6e3e-4f03-97d4-131e03e40441,C-JahDB2YL21,,50,,,4,2,0,1,0,0,1,1,0,0,0,0,0,0,0,0,0,0,0,0,0,1,0,0,0,27/05/2025 15:43,Dry_Season
29f4d2bf-e7b1-468e-9870-94cc1caad4b1,C-JahKLSQM35,,50,,,4,2,0,1,0,0,1,1,0,0,0,0,0,0,0,0,0,0,0,0,0,1,0,0,0,27/05/2025 15:43,Dry_Season
3baf48ce-cc8e-483e-b087-b7a759f1c3b2,C-JahRKF5S31,,50,,,4,2,0,1,0,0,1,1,0,0,0,0,0,0,0,0,0,0,0,0,0,1,0,0,0,27/05/2025 15:43,Dry_Season
48fd4771-4d41-4b3b-bcae-79e82de4f805,C-KagOB56Q44,50,,,,0,0,0,0,0,0,0,0,0,0,0,0,0,0,0,0,0,0,0,0,0,0,0,0,0,27/05/2025 16:03,Wet_Season
68bb08eb-6867-482d-94bf-bd4c5cf85a7c,C-JahBAJGH53,,100,,,8,6,0,4,0,0,4,0,0,0,0,0,0,0,0,0,0,0,0,0,0,4,0,0,3000,27/05/2025 16:19,Dry_Season
59eb670b-31a6-457f-96d9-9da75007ef97,C-JahC4DWA38,,,,,8,6,0,4,0,0,0,0,0,4,0,0,0,0,0,0,0,0,0,0,0,0,0,0,4,27/05/2025 16:19,Dry_Season
5e290d72-80b3-4cf3-bb9c-dcd358c8152f,C-JahJLGCS45,,100,,,8,6,0,4,0,0,4,0,0,0,0,0,0,0,0,0,0,0,0,0,0,4,0,0,3000,27/05/2025 16:20,Dry_Season
c7ba47fa-f82b-486e-8764-95dbff7c4fa2,C-JahTBO7926,,100,,,8,6,0,4,0,0,4,0,0,0,0,0,0,0,0,0,0,0,0,0,0,4,0,0,3000,27/05/2025 16:20,Dry_Season
91d48cdb-562b-4bae-af84-e0fbcd2c80e3,C-JahUJXMB28,,100,,,8,6,0,4,0,0,4,0,0,0,0,0,0,0,0,0,0,0,0,0,0,4,0,0,3000,27/05/2025 16:20,Dry_Season
ade37d40-819e-4f2b-8931-5ee6d9056410,C-ChiYJ61N22,,50,,,4,3,0,0,0,0,0,0,0,0,0,0,0,0,0,0,0,0,0,2,2,0,0,2,0,27/05/2025 16:20,Wet_Season
340622ba-f52e-48da-b78f-a525d1e28233,C-JahVN0JO10,,100,,,8,6,0,4,0,0,4,0,0,0,0,0,0,0,0,0,0,0,0,0,0,4,0,0,3000,27/05/2025 16:20,Dry_Season
5d5a1e29-e73b-4e01-a283-1a05fcaaa54b,C-JahW8VBT16,,100,,,8,6,0,4,0,0,4,0,0,0,0,0,0,0,0,0,0,0,0,0,0,4,0,0,3000,27/05/2025 16:20,Dry_Season
0ae35b65-d49a-4d94-bd86-f014636a49bd,C-JahX7CR723,,100,,,8,6,0,4,0,0,4,0,0,0,0,0,0,0,0,0,0,0,0,0,0,4,0,0,3000,27/05/2025 16:20,Dry_Season
32b0d80c-62fe-4243-8632-284a6e0a2314,C-JahYDOV152,,100,,,8,6,0,4,0,0,4,0,0,0,0,0,0,0,0,0,0,0,0,0,0,4,0,0,3000,27/05/2025 16:20,Dry_Season
d6a38987-3a61-4253-acdf-a7d37f5864a5,C-Jah2FFOZ54,,100,,,8,6,0,4,0,0,4,0,0,0,0,0,0,0,0,0,0,0,0,0,0,4,0,0,3000,27/05/2025 16:20,Dry_Season
12436e75-72db-49e2-bc90-9767e83548f9,C-JahIELQW19,,100,,,8,6,0,4,0,0,4,0,0,0,0,0,0,0,0,0,0,0,0,0,0,4,0,0,3000,27/05/2025 16:20,Dry_Season
fc70c1d6-9dcb-41c5-8917-a823432184ea,C-JahJMC1W48,,100,,,8,6,0,4,0,0,4,0,0,0,0,0,0,0,0,0,0,0,0,0,0,4,0,0,3000,27/05/2025 16:20,Dry_Season
6dffcc58-7b50-4d7d-8e7d-50c48ea7ec59,C-JahK5MMM56,,100,,,8,6,0,4,0,0,4,0,0,0,0,0,0,0,0,0,0,0,0,0,0,4,0,0,3000,27/05/2025 16:20,Dry_Season
d3befacd-5451-4be5-8141-aa8e0dcae2b3,C-JahLKEA744,,100,,,8,6,0,4,0,0,4,0,0,0,0,0,0,0,0,0,0,0,0,0,0,4,0,0,3000,27/05/2025 16:20,Dry_Season
4d95e2a4-690c-4545-b7fc-111a6aa1d8b6,C-JahM1TBK11,,100,,,8,6,0,4,0,0,4,0,0,0,0,0,0,0,0,0,0,0,0,0,0,4,0,0,3000,27/05/2025 16:20,Dry_Season
0d7b9b9e-b127-48e0-988c-c5d13476fbfa,C-JahPR8VF08,,100,,,8,6,0,4,0,0,0,0,0,0,0,0,0,0,0,0,0,0,0,0,0,4,0,0,3000,27/05/2025 16:20,Dry_Season
2027699b-dfb5-43b7-8e6b-232b60edfcde,C-JahQ2UYK01,,100,,,0,0,0,0,0,0,0,0,0,0,0,0,0,0,0,0,0,0,0,0,0,0,0,0,0,27/05/2025 16:20,Dry_Season
c5c357a8-d1a3-40ae-afa9-30cd92c96ea7,C-Jah0FKES17,,100,,,8,6,0,4,0,0,4,0,0,0,0,0,0,0,0,0,0,0,0,0,0,4,0,0,3000,27/05/2025 16:20,Dry_Season
b2db3010-a1cf-4513-97c7-d410af858324,C-Jah1IUYR08,,100,,,8,6,0,4,0,0,4,0,0,0,0,0,0,0,0,0,0,0,0,0,0,4,0,0,3000,27/05/2025 16:20,Dry_Season
2e1bfd00-7de7-4437-94ef-40dc9696bd31,C-Jah1YO0E33,,100,,,8,6,0,4,0,0,4,0,0,0,0,0,0,0,0,0,0,0,0,0,0,4,0,0,3000,27/05/2025 16:20,Both
877f910b-0370-45db-bed2-0be5d52d6cd1,C-Jah4KZF956,,100,,,8,6,0,4,0,0,4,0,0,0,0,0,0,0,0,0,0,0,0,0,0,4,0,0,3000,27/05/2025 16:20,Dry_Season
bdd783f1-58d0-49ac-973a-5e66f7a83ed3,C-Jah4L0FA39,,100,,,8,6,0,4,0,0,4,0,0,0,0,0,0,0,0,0,0,0,0,0,0,4,0,0,3000,27/05/2025 16:20,Dry_Season
34a97185-e3e5-47f3-a573-59bfc600465b,C-JahANRO727,,100,,,8,6,0,4,0,0,4,0,0,0,0,0,0,0,0,0,0,0,0,0,0,4,0,0,3000,27/05/2025 16:20,Dry_Season
7a73f25d-8362-4821-acec-8752df907b9b,C-JahDQZUE25,,100,,,8,6,0,4,0,0,4,0,0,0,0,0,0,0,0,0,0,0,0,0,0,4,0,0,3000,27/05/2025 16:20,Dry_Season
006a813c-abe5-42bd-b775-f0a2e473f6fd,C-JahDYTRP19,,4,,,4,6,0,4,0,0,4,0,0,0,0,0,0,0,0,0,0,0,0,0,0,4,0,0,3000,27/05/2025 16:20,Dry_Season
aa2e5d85-7e7e-4cff-ab8b-293f04200f82,C-JahE5V1U47,,100,,,8,6,0,4,0,0,4,0,0,0,0,0,0,0,0,0,0,0,0,0,0,4,0,0,3000,27/05/2025 16:20,Dry_Season
9f663eea-11d5-4933-827c-6ac39bb4a91e,C-JahFGH8P22,,100,,,8,6,0,4,0,0,4,0,0,0,0,0,0,0,0,0,0,0,0,0,0,4,0,0,3000,27/05/2025 16:20,Dry_Season
40ae2710-a1f9-484d-9423-5f147c48446d,C-JahGBWN633,,100,,,8,6,0,4,0,0,4,0,0,0,0,0,0,0,0,0,0,0,0,0,0,4,0,0,3000,27/05/2025 16:20,Dry_Season
828f009d-d69c-4f3b-b5ce-772040eabf05,C-JahGKSHL42,,100,,,8,6,0,4,0,0,4,0,0,0,0,0,0,0,0,0,0,0,0,0,0,4,0,0,3000,27/05/2025 16:20,Dry_Season
9d8b6ed1-9247-43ca-ac7d-0907783ebbe8,C-JahI48D043,,100,,,8,6,0,4,0,0,4,0,0,0,0,0,0,0,0,0,0,0,0,0,0,4,0,0,3000,27/05/2025 16:20,Dry_Season
0066b9d1-6234-46ce-9807-2efd822b911c,C-JahNYFMY46,,100,,,8,6,0,4,0,0,4,0,0,0,0,0,0,0,0,0,0,0,0,0,0,4,0,0,3000,27/05/2025 16:20,Dry_Season
41b14845-3366-40d8-a4bb-bec102e4c720,C-JahSEPG946,,100,,,8,6,0,4,0,0,4,0,0,0,0,0,0,0,0,0,0,0,0,0,0,4,0,0,3000,27/05/2025 16:20,Dry_Season
80e45b93-bd52-4a34-817a-a9804328e6c9,C-JahVTI8J06,,100,,,8,6,0,4,0,0,1,0,1500,0,0,0,0,0,0,0,0,0,0,0,0,4,0,0,3000,27/05/2025 16:20,Dry_Season
20e53df9-61f8-4f16-a34a-d2a0a3b2ff86,C-Jah3HYN128,,100,,,0,0,0,0,0,0,0,0,0,0,0,0,0,0,0,0,0,0,0,0,0,0,0,0,0,27/05/2025 16:20,Dry_Season
c194c1f5-b4b0-4ce3-98b6-55cdbd165f4e,C-JahAVCMQ48,,100,,,8,6,0,4,0,0,4,0,0,0,0,0,0,0,0,0,0,0,0,0,0,4,0,0,3000,27/05/2025 16:20,Dry_Season
6198876e-b99c-4ba6-9213-94a7132967d1,C-JahPBXQV09,,100,,,8,6,0,4,0,0,4,0,0,0,0,0,0,0,0,0,0,0,0,0,0,4,0,0,3000,27/05/2025 16:20,Dry_Season
18908174-282d-4ce7-a6a6-8330a654e190,C-JahU8PIS26,,100,,,8,6,0,4,0,0,4,0,0,0,0,0,0,0,0,0,0,0,0,0,0,4,0,0,3000,27/05/2025 16:20,Dry_Season
faa65eb6-b0c0-49dc-a6d5-2863fe08b718,C-JahWQC6527,,100,,,8,6,0,4,0,0,4,0,0,0,0,0,0,0,0,0,0,0,0,0,0,4,0,0,3000,27/05/2025 16:20,Dry_Season
71b968e0-35c5-4023-bf49-413ba02d9334,C-Jah4QF3129,,100,,,8,6,0,4,0,0,4,0,0,0,0,0,0,0,0,0,0,0,0,0,0,4,0,0,3000,27/05/2025 16:21,Dry_Season
17edb912-667d-47e0-a544-1dc46966bbdc,C-Jah5KAC935,,100,,,8,6,0,4,0,0,4,0,0,0,0,0,0,0,0,0,0,0,0,0,0,4,0,0,3000,27/05/2025 16:21,Dry_Season
f650c337-721e-4aa0-89a0-c143f35c0557,C-Jah5V4VN57,,100,,,8,6,0,4,0,0,4,0,0,0,0,0,0,0,0,0,0,0,0,0,0,4,0,0,3000,27/05/2025 16:21,Dry_Season
87bef222-ab24-484b-990e-bc476c7f8ceb,C-Jah82CUF52,,100,,,8,6,0,4,0,0,4,0,0,0,0,0,0,0,0,0,0,0,0,0,0,4,0,0,3000,27/05/2025 16:21,Dry_Season
74ec62be-d9dd-43b1-a81a-34ccc71b6a93,C-JahBUUSP27,,100,,,8,6,0,0,0,0,4,0,0,0,0,0,0,0,0,0,0,0,0,0,0,4,0,0,3000,27/05/2025 16:21,Dry_Season
bbeea041-0cf2-4cad-bd46-25092499f838,C-JahC64N944,,100,,,8,6,0,4,0,0,4,0,0,0,0,0,0,0,0,0,0,0,0,0,0,4,0,0,3000,27/05/2025 16:21,Dry_Season
66805229-430d-47d3-a855-b62a8e58b7d5,C-JahG0R1C14,,100,,,8,6,0,4,0,0,4,0,0,0,0,0,0,0,0,0,0,0,0,0,0,4,0,0,3000,27/05/2025 16:21,Dry_Season
94c6da08-b4c1-4515-b1fe-c0e34d512a6a,C-JahNKF1T23,,100,,,8,6,0,4,0,0,4,0,0,0,0,0,0,0,0,0,0,0,0,0,0,4,0,0,3000,27/05/2025 16:21,Dry_Season
debcda16-8b40-4f8d-bb49-a77dc236c0a7,C-JahPJ6F238,,100,,,8,6,0,4,0,0,4,0,0,0,0,0,0,0,0,0,0,0,0,0,0,4,0,0,3000,27/05/2025 16:21,Dry_Season
52e334db-d642-4731-8298-776535136b48,C-Jah87ICL18,,100,,,8,6,0,4,0,0,4,0,0,0,0,0,0,0,0,0,0,0,0,0,0,4,0,0,3000,27/05/2025 16:21,Dry_Season
a12ffa84-9a4e-4509-8ba1-0aa15f835bb6,C-Jah3B5RZ56,,100,,,8,6,0,0,0,0,4,0,0,0,0,0,0,0,0,0,0,0,0,0,0,4,0,0,3000,27/05/2025 16:21,Dry_Season
1f54ed1a-d083-43d5-a9d9-1423e602559f,C-Jah3FXIP29,,100,,,8,6,0,4,0,0,4,0,0,0,0,0,0,0,0,0,0,0,0,0,0,4,0,0,3000,27/05/2025 16:21,Dry_Season
e8440338-a3e8-4cfa-aab4-775d24ca26df,C-JahDBSBZ20,,100,,,8,6,0,4,0,0,4,0,0,0,0,0,0,0,0,0,0,0,0,0,0,4,0,0,3000,27/05/2025 16:21,Dry_Season
26a91072-58a5-47a1-9e37-adee56e19436,C-JahGYSPB04,,100,,,8,6,0,0,0,0,4,0,0,0,0,0,0,0,0,0,0,0,0,0,0,4,0,0,3000,27/05/2025 16:21,Dry_Season
bae8a8d7-250f-4801-8b6f-c1c507dec476,C-JahH5B1405,,100,,,8,6,0,4,0,0,4,0,0,0,0,0,0,0,0,0,0,0,0,0,0,4,0,0,3000,27/05/2025 16:21,Dry_Season
2d501ce5-11b6-48c2-bb74-d51b3709666a,C-JahLU2DJ47,,100,,,8,6,0,4,0,0,4,0,0,0,0,0,0,0,0,0,0,0,0,0,0,4,0,0,3000,27/05/2025 16:21,Dry_Season
8c894d95-7103-449f-a6e4-3dd30a66d9aa,C-Jah40IUD09,,100,,,8,6,0,4,0,0,4,0,0,0,0,0,0,0,0,0,0,0,0,0,0,4,0,0,3000,27/05/2025 16:21,Dry_Season
70d351a6-bba2-4921-84f8-6f737e9689e2,C-Jah41M2822,,,,,8,6,0,4,0,0,4,0,0,0,0,0,0,0,0,0,0,0,0,0,0,4,0,0,3000,27/05/2025 16:21,Dry_Season
9602b697-6d99-4995-b9aa-6b3537b46ceb,C-Jah4CBR840,,100,,,8,6,0,4,0,0,4,0,0,0,0,0,0,0,0,0,0,0,0,0,0,4,0,0,3000,27/05/2025 16:21,Dry_Season
7c40c40e-ec81-4b2f-98fe-bc0063ba7fae,C-Jah4MXU543,,100,,,8,6,0,4,0,0,4,0,0,0,0,0,0,0,0,0,0,0,0,0,0,4,0,0,3000,27/05/2025 16:21,Dry_Season
94395839-b5c3-4301-ac18-84dbae3f18d8,C-Jah5QGFD23,,100,,,8,6,0,4,0,0,4,0,0,0,0,0,0,0,0,0,0,0,0,0,0,5,0,0,3000,27/05/2025 16:21,Dry_Season
2fc369d5-e3ed-48b3-ba4d-3e6026810e8c,C-JahCUZFC37,,100,,,8,6,0,4,0,0,4,0,0,0,0,0,0,0,0,0,0,0,0,0,0,4,0,0,3000,27/05/2025 16:21,Dry_Season
46593d6c-61dd-4bb0-bee1-b51e20dafe9e,C-JahE6LSB37,,100,,,8,6,0,4,0,0,4,0,0,0,0,0,0,0,0,0,0,0,0,0,0,4,0,0,3000,27/05/2025 16:21,Dry_Season
6f5cb901-5fae-4018-bf4f-d06847c1c6e2,C-JahFUGV811,,100,,,8,6,0,4,0,0,4,0,0,0,0,0,0,0,0,0,0,0,0,0,0,4,0,0,3000,27/05/2025 16:21,Dry_Season
7a43f192-dd01-4d9b-b99b-72ca5767fd32,C-JahKG6QG17,,100,,,8,6,0,4,0,0,4,0,0,0,0,0,0,0,0,0,0,0,0,0,0,4,0,0,3000,27/05/2025 16:21,Dry_Season
d6c4e212-e2d2-4c5f-9fe6-e98add3b7303,C-JahOLMIK51,,100,,,8,6,0,4,0,0,4,0,0,0,0,0,0,0,0,0,0,0,0,0,0,4,0,0,3000,27/05/2025 16:21,Dry_Season
dff34482-8da8-4077-b802-ccca11448ac9,C-JahRL36125,,100,,,8,6,0,4,0,0,4,0,0,0,0,0,0,0,0,0,0,0,0,0,0,4,0,0,3000,27/05/2025 16:21,Dry_Season
6cb3ec4a-93e9-4e16-8d45-4284979eb569,C-JahRNZMO26,,100,,,8,6,0,4,0,0,4,0,0,0,0,0,0,0,0,0,0,0,0,0,0,4,0,0,3000,27/05/2025 16:21,Dry_Season
ee526b54-1aec-4ba1-9e84-b4ac04967811,C-JahRR3T516,,100,,,8,6,0,4,0,0,4,0,0,0,0,0,0,0,0,0,0,0,0,0,0,4,0,0,3000,27/05/2025 16:21,Dry_Season
bff24901-61b9-4fd6-a7e4-de1acf5ce5f5,C-Jah5YKZ829,,100,,,8,6,0,4,0,0,4,0,0,0,0,0,0,0,0,0,0,0,0,0,0,4,0,0,3000,27/05/2025 16:21,Dry_Season
00cca5ef-1789-4f03-ac42-72fca30a345c,C-Jah4IXTJ01,,100,,,8,6,0,4,0,0,4,0,0,0,0,0,0,0,0,0,0,0,0,0,0,4,0,0,3000,27/05/2025 16:21,Dry_Season
2fe1e745-79eb-4b8f-a2dd-8febc39ccc83,C-Jah5Y47240,,100,,,8,6,0,4,0,0,4,0,0,0,0,0,0,0,0,0,0,0,0,0,0,0,0,0,3000,27/05/2025 16:21,Dry_Season
0d7e2f05-1d1f-4936-a54c-e5a62d3b1ea7,C-Jah713IN11,,100,,,8,6,0,4,0,0,4,0,0,0,0,0,0,0,0,0,0,0,0,0,0,4,0,0,3000,27/05/2025 16:21,Dry_Season
349e80e2-c8a4-4825-804f-112e470786c9,C-Jah8M7W029,,100,,,8,6,0,4,0,0,4,0,0,0,0,0,0,0,0,0,0,0,0,0,0,4,0,0,3000,27/05/2025 16:21,Dry_Season
3449d96c-69de-430f-aa80-9a1477e021de,C-JahGNB7432,,100,,,8,6,0,4,0,0,4,0,0,0,0,0,0,0,0,0,0,0,0,0,0,4,0,0,3000,27/05/2025 16:21,Dry_Season
91dc3dbf-814f-4c98-96b1-be7709c8d3e2,C-JahKLSYH03,,100,,,8,6,0,4,0,0,4,0,0,0,0,0,0,0,0,0,0,0,0,0,0,4,0,0,3000,27/05/2025 16:21,Wet_Season
336f9f24-979e-4aa1-a162-b911d39ae85b,C-JahVDCAX24,,100,,,8,6,0,4,0,0,4,0,0,0,0,0,0,0,0,0,0,0,0,0,0,4,0,0,3000,27/05/2025 16:22,Dry_Season
105a7039-fc8c-4f4f-b586-01934091c825,C-JahW644E28,,100,,,8,6,0,4,0,0,4,0,0,0,0,0,0,0,0,0,0,0,0,0,0,4,0,0,3000,27/05/2025 16:22,Dry_Season
e6395274-65aa-4dce-9b37-1e4bdfdaffe6,C-JahWPXLB25,,100,,,8,6,0,4,0,0,4,0,0,0,0,0,0,0,0,0,0,0,0,0,0,4,0,0,3000,27/05/2025 16:22,Dry_Season
744209ea-258f-4b3e-bd3e-2ce9974e84a4,C-Jah2M76X03,,100,,,8,6,0,4,0,0,4,0,0,0,0,0,0,0,0,0,0,0,0,0,0,4,0,0,3000,27/05/2025 16:22,Dry_Season
15a654a4-2edf-4f62-a5cb-5de58b55e91f,C-Jah104GR17,,100,,,8,6,0,4,0,0,4,0,0,0,0,0,0,0,0,0,0,0,0,0,0,4,3000,0,0,27/05/2025 16:22,Dry_Season
dcdb200c-47de-47d1-ba91-4034799a8f70,C-Jah6K7JO28,,100,,,8,6,0,4,0,0,4,0,0,0,0,0,0,0,0,0,0,0,0,0,0,4,0,0,3000,27/05/2025 16:22,Dry_Season
0cde4f7e-29bd-4202-a95b-65dd4f747d6a,C-ChiZYENH16,20,,,,4,3,0,0,0,0,0,0,0,0,2,0,0,5,0,0,0,0,2,0,2,0,0,2,0,27/05/2025 17:20,Wet_Season
c3c11ddd-2ffe-4531-bf53-006df14055c5,C-Chi6KX2346,20,,,,4,3,0,0,0,0,0,0,0,0,2,0,0,5,0,0,0,0,2,0,2,0,0,2,0,27/05/2025 17:20,Wet_Season
af079008-85d9-4977-afe8-f43685d870ad,C-ChiWYJZP43,20,,,,4,3,0,0,0,0,0,0,0,0,2,0,0,5,0,0,0,0,2,0,2,0,0,2,0,27/05/2025 17:20,Wet_Season
5f981a30-de08-4640-bed0-7d55ced7af02,C-ChiFYF2605,,50,,,4,3,0,0,0,0,0,0,0,0,0,0,0,0,0,0,0,0,0,2,2,0,5,2,0,27/05/2025 17:20,Wet_Season
6872e5cb-6ea3-4b88-b179-ed3b7feddd33,C-Chi61V5K23,20,,,,4,3,0,0,0,0,0,0,0,0,2,0,0,5,0,0,0,0,2,0,2,0,0,2,0,27/05/2025 17:20,Wet_Season
6ee4c04e-e92a-45ac-93e1-86f9b5f4f449,C-ChiRGYET03,20,,,,4,3,0,0,0,0,0,0,0,0,2,0,0,5,0,0,0,0,2,0,2,0,0,2,0,27/05/2025 17:20,Wet_Season
a7e95c5a-347d-445f-b2ea-9b5984a383c2,C-ChiJAMWA48,20,,,,4,3,0,0,0,0,0,0,0,0,2,0,0,5,0,0,0,0,2,0,2,0,0,2,0,27/05/2025 17:20,Wet_Season
d4c335c1-9bd1-4970-9ea8-c4ee3d6d7ef4,C-ChiF5KWU24,20,,,,4,3,0,0,0,0,0,0,0,0,2,0,0,5,0,0,0,0,2,0,2,0,0,2,0,27/05/2025 17:20,Wet_Season
5d2ee3d3-3d05-4f99-83c9-f7aaa0fd242b,C-ChiRY6UH30,20,,,,4,3,0,0,0,0,0,0,0,0,2,0,0,5,0,0,0,0,2,0,2,0,0,2,0,27/05/2025 17:20,Wet_Season
5fa89ecd-f634-4d33-ba84-6677efaab684,C-ChiC9UZH48,,50,,,4,3,0,0,0,0,0,0,0,0,0,0,0,0,0,0,0,0,0,2,2,0,5,2,0,27/05/2025 17:20,Wet_Season
6c15aea4-9772-42f2-a410-08f6ecce772e,C-Jab1LH5K53,,50,,,4,3,0,0,0,0,0,0,0,0,0,0,0,0,0,0,0,0,1,0,250,0,0,1,0,27/05/2025 17:32,Wet_Season
630d1b2c-f0a0-46a4-a177-d1d84ccdbdae,C-JabUOI1C01,,50,,,4,3,0,0,0,0,0,0,0,0,0,0,0,0,0,0,0,0,1,0,250,0,0,1,0,27/05/2025 17:32,Wet_Season
82b80c06-09b4-48b5-9422-366872f31ce1,C-Jab6QWF157,,50,,,4,3,0,0,0,0,0,0,0,0,0,0,0,0,0,0,0,0,0,2,250,0,1,2,0,27/05/2025 17:32,Wet_Season
55e283dd-7475-4a1a-930d-2736c97df619,C-Mub1VKJ105,20,,,,4,3,1,0,2,0,0,0,0,0,2,0,0,10,0,0,0,0,0,0,250,0,0,0,0,27/05/2025 17:46,Wet_Season
3ab5f040-2e71-44c1-86e7-ae306aee89e2,C-MubUZE0S39,20,,,,4,3,1,0,2,0,0,0,0,0,2,0,0,10,0,0,0,0,0,0,250,0,0,0,0,27/05/2025 17:52,Wet_Season
b1fe557d-d8a7-44a5-be8a-c12ddf9a3ced,C-MubK0BJ128,50,,,,4,3,1,0,2,0,0,0,0,0,2,0,0,10,0,0,0,0,0,0,250,0,0,0,0,27/05/2025 17:52,Wet_Season
baee45b9-12dd-43f1-879d-874aa74bce14,C-GweP4WDT25,,50,,,4,3,0,0,0,0,0,0,0,0,0,0,0,0,0,0,0,0,0,2,0.5,0,125,2,0,27/05/2025 17:52,Wet_Season
f1b72ff1-bbe5-4eba-80f5-dd54bf8c0aee,C-GweST4XR54,,50,,,4,3,0,0,0,0,0,0,0,0,0,0,0,0,0,0,0,0,0,2,0.5,0,125,2,0,27/05/2025 17:52,Wet_Season
3da7d791-61e9-4fd0-b4f6-478372d84b52,C-GweWFMCH04,,50,,,4,3,0,0,0,0,0,0,0,0,0,0,0,0,0,0,0,0,0,2,0.5,0,125,2,0,27/05/2025 17:52,Wet_Season
ba49b0ec-6a58-4187-bdc5-5d0afe5e5f7e,C-Gwe9JJ9345,,50,,,4,3,0,0,0,0,0,0,0,0,0,0,0,0,0,0,0,0,0,2,0.5,0,125,2,0,27/05/2025 17:53,Wet_Season
21936edf-38b0-4c9d-b56a-3304e3d0680d,C-MubOZAPB18,20,,,,4,3,1,0,2,0,0,0,0,0,2,0,0,10,0,0,0,0,0,0,250,0,0,0,0,27/05/2025 17:57,Wet_Season
be280fdb-c78b-44cd-9cdd-62aab14f34cb,C-MubJK44K04,20,,,,4,3,0,0,2,0,0,0,0,0,2,0,0,10,0,0,0,0,0,0,250,0,0,0,0,27/05/2025 17:57,Wet_Season
e02ee836-2e34-47dd-8749-1ef4924f0853,C-MubL50WB28,20,,,,4,3,0,0,2,0,0,0,0,0,2,0,0,10,0,0,0,0,0,0,250,0,0,0,0,27/05/2025 18:01,Wet_Season
d123c780-ca4c-460c-863b-39934b20566d,C-MubMNDQ754,20,,,,4,3,1,0,2,0,0,0,0,0,2,0,0,10,0,0,0,0,0,0,250,0,0,0,0,27/05/2025 18:01,Wet_Season
dc1c2d3e-131a-4ba8-bcf2-78e7eb8cb111,C-Mub247DK11,,50,,,4,3,0,0,0,0,0,0,0,0,0,0,0,0,0,0,0,0,0,0,250,0,0,0,0,27/05/2025 18:05,Wet_Season
92d1dc81-c4ea-4661-a9f3-fe0c3b42906d,C-Mub0PXD328,20,,,,4,3,1,0,2,0,0,0,0,0,2,0,0,10,0,0,0,0,0,0,250,0,0,0,0,27/05/2025 18:09,Wet_Season
132ac649-a37f-4001-a529-d476e3837781,C-Mub0PCJI58,20,,,,4,3,2,0,2,0,0,0,0,0,2,0,0,10,0,0,0,0,0,0,250,0,0,0,0,27/05/2025 18:16,Wet_Season
d8da022c-aad7-4ea1-8fdb-9a5db0031d65,C-MubYYICY09,20,,,,4,3,1,0,2,0,0,0,0,0,2,0,0,10,0,0,0,0,0,0,250,0,0,0,0,27/05/2025 18:18,Wet_Season
fd183c51-e4f7-4d56-a770-c3e316d372f6,C-MubPCGKL49,20,,,,4,3,1,0,2,0,0,0,0,0,2,0,0,10,0,0,0,0,0,0,250,0,0,0,0,27/05/2025 18:18,Wet_Season
1ec78ce7-e57a-4694-8ed8-2ef32c834915,C-MubQ6UEZ21,20,,,,4,3,1,0,2,0,0,0,0,0,2,0,0,10,0,0,0,0,0,0,250,0,0,0,0,27/05/2025 18:21,Wet_Season
72090e1c-fb8f-4842-bb0d-bfe45bcf7734,C-Mub5N5TC14,20,,,,4,3,1,0,0,0,0,0,0,0,2,0,0,10,0,0,0,0,0,0,250,0,0,0,0,27/05/2025 18:24,Wet_Season
905ad687-0af9-4708-809d-cba20473e482,C-Mub5FO6546,20,,,,4,3,1,0,2,0,0,0,0,0,2,0,0,10,0,0,0,0,0,0,250,0,0,0,0,27/05/2025 18:25,Wet_Season
671b5d27-d5ad-4cff-aab0-0f3eab23a2ef,C-MubDLH7K49,20,,,,4,3,1,0,2,0,0,0,0,0,2,0,0,10,0,0,0,0,0,0,250,0,0,0,0,27/05/2025 18:29,Wet_Season
18f82886-987d-452d-8e4d-29b16d387aee,C-Mub4CMUZ31,20,,,,4,3,1,0,2,0,0,0,0,0,2,0,0,10,0,0,0,0,0,0,250,0,0,0,0,27/05/2025 18:37,Wet_Season
61e389b4-57ac-430d-885c-112591c7facb,C-MubJPDDT49,20,,,,4,3,1,0,2,0,0,0,0,0,2,0,0,10,0,0,0,0,0,0,250,0,0,0,0,27/05/2025 18:40,Wet_Season
e415c92a-e705-4469-9185-098986679e28,C-JabPBOV154,,50,,,4,3,0,0,0,0,0,0,0,0,0,0,0,0,0,0,0,0,0,2,250,0,1,0,0,27/05/2025 18:52,Wet_Season
0b2373b4-73b3-4c8c-889f-28ea46b6f7d6,C-Jab9S80757,,50,,,4,3,0,0,0,0,0,0,0,0,0,0,0,0,0,0,0,0,0,2,250,0,1,2,0,27/05/2025 18:53,Wet_Season
e0636b78-37b7-4951-a7c6-4d4fc986ba14,C-Jab2YY3243,,50,,,4,3,0,0,0,0,0,0,0,0,0,0,0,0,0,0,0,0,0,2,250,0,1,2,0,27/05/2025 18:53,Wet_Season
e33e96eb-b982-47a4-9e60-2d717c6b7df4,C-JabNDMF036,,50,,,4,3,0,0,0,0,0,0,0,0,0,0,0,0,0,0,0,0,0,2,250,0,1,2,0,27/05/2025 18:53,Wet_Season
34af79cf-2a53-42f2-88ce-d9445abd56be,C-Jab8IVWA03,,50,,,4,3,0,0,0,0,0,0,0,0,0,0,0,0,0,0,0,0,0,2,250,0,1,2,0,27/05/2025 18:54,Wet_Season
5df0e60c-20c1-40a5-8170-b797371160e2,C-JabVQYEV19,20,,,,4,3,0,0,0,0,0,0,0,0,2,0,0,5,0,0,0,0,2,0,250,0,0,2,0,27/05/2025 18:54,Wet_Season
32e600bd-6fb3-476e-a0f5-cac42e96bbdf,C-JabM1GHR53,20,,,,4,3,0,0,0,0,0,0,0,0,2,0,0,5,0,0,0,0,2,0,250,0,0,2,0,27/05/2025 18:54,Wet_Season
4807e796-3499-4b7e-baff-9d6824c9026b,C-JabB270G48,,50,,,4,3,0,0,0,0,0,0,0,0,0,0,0,0,0,0,0,0,0,2,250,0,1,2,0,27/05/2025 18:54,Wet_Season
6b40b2b3-4f7a-43fa-8177-f4c453314467,C-JabDHDKE39,,50,,,4,3,0,0,0,0,0,0,0,0,0,0,0,0,0,0,0,0,0,2,250,0,1,2,0,27/05/2025 18:55,Wet_Season
875ac766-711b-4d94-94c2-b9594b925787,C-MubJBPWL47,20,,,,4,3,1,0,2,0,0,0,0,0,2,0,0,10,0,0,0,0,0,0,250,0,0,0,0,27/05/2025 18:57,Wet_Season
40b77639-a719-4020-a842-19b1c17616a5,C-MubXV30I44,20,,,,4,3,1,0,2,0,0,0,0,0,2,0,0,10,0,0,0,0,0,0,250,0,0,0,0,27/05/2025 18:58,Wet_Season
8c75b44d-b453-444d-ba4c-20ec86d9291f,C-MubMWI3Q45,20,,,,4,3,1,0,2,0,0,0,0,0,2,0,0,10,0,0,0,0,0,0,250,0,0,0,0,27/05/2025 18:58,Wet_Season
3c753394-b4b6-4363-973f-928f48ffd95a,C-MubMS4TU24,20,,,,4,3,1,0,2,0,0,0,0,0,2,0,0,10,0,0,0,0,0,0,250,0,0,0,0,27/05/2025 18:58,Wet_Season
2d47e940-0796-48c0-896c-443389a5cc0e,C-Mub8FHNO13,20,,,,4,3,1,0,2,0,0,0,0,0,2,0,0,10,0,0,0,0,0,0,250,0,0,0,0,27/05/2025 18:58,Wet_Season
bd44ea46-b7ed-494c-8f08-9383a00e8267,C-MubO0KYO16,20,,,,4,3,0,0,2,0,0,0,0,0,2,0,0,10,0,0,0,0,0,0,250,0,0,0,0,27/05/2025 19:09,Wet_Season
35d41b98-b0d6-4b27-b4d1-6d2783558dbb,C-MubGRS4T20,20,,,,4,3,0,0,2,0,0,0,0,0,2,0,0,10,0,0,0,0,0,0,250,0,0,0,0,27/05/2025 19:09,Wet_Season
f0eae0e4-7e6f-4702-9334-e797a5b594be,C-MubEP6YG45,20,,,,4,3,0,0,2,0,0,0,0,0,2,0,0,10,0,0,0,0,0,0,250,0,0,0,0,27/05/2025 19:09,Wet_Season
5ae745ae-7096-4099-a585-218bfc842745,C-MubUVZW319,20,,,,4,3,0,0,2,0,0,0,0,0,2,0,0,10,0,0,0,0,0,0,250,0,0,0,0,27/05/2025 19:09,Wet_Season
9d0ff071-6a44-4aa1-aca8-9e5d04265f62,C-Mub1TEKN09,20,,,,4,3,0,0,2,0,0,0,0,0,2,0,0,10,0,0,0,0,0,0,250,0,0,0,0,27/05/2025 19:09,Wet_Season
846a4b7b-5785-4758-ae73-c81187762dbf,C-Mub3NB1242,20,,,,4,3,0,0,2,0,0,0,0,0,2,0,0,10,0,0,0,0,0,0,250,0,0,0,0,27/05/2025 19:09,Wet_Season
1b67549c-a571-485a-8501-49e18a9436d4,C-Gar0D8QZ30,,100,,,8,4,0,4,0,0,4,4,0,0,0,0,0,0,0,0,0,0,0,0,0,4,0,0,3000,27/05/2025 20:16,Dry_Season
f53c859c-d875-4de1-bde4-8c2ce103ba12,C-Gar4XCQZ25,100,,,,6,6,0,4,0,0,0,4,0,4,0,0,0,0,0,0,0,0,0,0,0,0,0,0,3000,27/05/2025 20:16,Dry_Season
32d4fee9-fbb0-452f-8d40-c12b39e0f367,C-GarEATF426,,100,,,8,4,0,4,0,0,4,4,0,0,0,0,0,0,0,0,0,0,0,0,0,4,0,0,3000,27/05/2025 20:16,Dry_Season
f2ee05c6-bda4-4edf-8977-c1b04bca2669,C-GarGD31S05,,100,,,8,4,0,4,0,0,4,4,0,0,0,0,0,0,0,0,0,0,0,0,0,4,0,0,3000,27/05/2025 20:16,Dry_Season
4170efd0-28a1-418f-b457-12bab1535467,C-GarGZL9A04,,100,,,8,4,0,4,0,0,4,4,0,0,0,0,0,0,0,0,0,0,0,0,0,4,0,0,3000,27/05/2025 20:16,Dry_Season
05ad813d-ddf2-4d4c-a0da-c564eec113b3,C-GarLIYVG03,,100,,,8,4,0,4,0,0,4,4,0,0,0,0,0,0,0,0,0,0,0,0,0,4,0,0,3000,27/05/2025 20:16,Dry_Season
71612939-4d98-44a2-8599-ebe957a6bb3e,C-Gar7VQ6448,100,,,,6,6,0,4,0,0,0,4,0,4,0,0,0,0,0,0,0,0,0,0,0,0,0,0,3000,27/05/2025 20:16,Dry_Season
00d43714-ca5a-4873-a6d9-8d25ef6b5ecd,C-GarSV5ZX18,100,,,,6,6,0,4,0,0,0,4,0,4,0,0,0,0,0,0,0,0,0,0,0,0,0,0,3000,27/05/2025 20:17,Dry_Season
d87174ab-3263-43c7-9231-06418e04b800,C-GarTYT7J44,100,,,,6,6,0,4,0,0,0,4,0,4,0,0,0,0,0,0,0,0,0,0,0,0,0,0,3000,27/05/2025 20:17,Dry_Season
54bca03a-afb1-4a3c-8a4b-bb3a61e5ddd4,C-GarU32JE46,,100,,,8,4,0,4,0,0,4,4,0,0,0,0,0,0,0,0,0,0,0,0,0,4,0,0,3000,27/05/2025 20:17,Dry_Season
93e409ab-ddfc-4205-863e-548e76b15c43,C-GarDY82G29,100,,,,6,6,0,4,0,0,0,4,0,4,0,0,0,0,0,0,0,0,0,0,0,0,0,0,3000,27/05/2025 20:17,Dry_Season
a29f2c8c-7212-430d-b571-3ff5643ccca6,C-GarMYWEX38,,100,,,8,4,0,4,0,0,4,4,0,0,0,0,0,0,0,0,0,0,0,0,0,4,0,0,3000,27/05/2025 20:17,Dry_Season
85ca355f-d9ad-49c0-b4d5-7a34d8dbd7c4,C-Gar3SM8626,100,,,,6,6,0,4,0,0,0,4,0,4,0,0,0,0,0,0,0,0,0,0,0,0,0,0,3000,27/05/2025 20:17,Dry_Season
64e28dbc-a096-4906-a51a-157e57fd6872,C-Gar4QN8I24,,100,,,8,4,0,4,0,0,4,4,0,0,0,0,0,0,0,0,0,0,0,0,0,4,0,0,3000,27/05/2025 20:17,Dry_Season
2c9b8278-4d71-48d8-b8cc-8982e2955f61,C-GarLR4C608,100,,,,6,6,0,4,0,0,0,4,0,4,0,0,0,0,0,0,0,0,0,0,0,0,0,0,3000,27/05/2025 20:17,Dry_Season
83c3cc71-4280-4e86-8c8a-78256beb0594,C-GarMGKB810,100,,,,6,6,0,4,0,0,0,4,0,4,0,0,0,0,0,0,0,0,0,0,0,0,0,0,3000,27/05/2025 20:18,Dry_Season
82c657a7-51f3-4d3b-bb0a-a6733992b7c1,C-GarMOE9C51,,100,,,8,4,0,4,0,0,4,4,0,0,0,0,0,0,0,0,0,0,0,0,0,4,0,0,3000,27/05/2025 20:18,Dry_Season
da0e9161-b23d-4ab9-8eeb-621f8d974079,C-GarX750M25,,100,,,8,4,0,4,0,0,4,4,0,0,0,0,0,0,0,0,0,0,0,0,0,4,0,0,3000,27/05/2025 20:18,Dry_Season
ebdc9f55-a9b8-4928-bdda-d3f0540c2186,C-GarYLJES30,100,,,,6,6,0,4,0,0,0,4,0,4,0,0,0,0,0,0,0,0,0,0,0,0,0,0,3000,27/05/2025 20:18,Dry_Season
a74156c5-2124-44a8-8a13-79d541505bd9,C-Beb63WUN22,,100,,,8,4,0,2,0,0,2,2,0,0,0,0,0,0,0,0,0,0,0,0,0,2,0,0,1500,27/05/2025 20:19,Wet_Season
2780ab7d-409e-4b15-ae93-345493fd4ddb,C-Beb7DCCR03,,100,,,8,4,0,4,0,0,4,4,0,0,0,0,0,0,0,0,0,0,0,0,0,4,0,0,3000,27/05/2025 20:19,Dry_Season
34f1867a-3d42-42ec-8afd-c35bbd2da30b,C-BebFMPHR22,100,,,,6,6,0,4,0,0,0,4,0,0,0,0,0,0,0,0,0,0,0,0,0,0,0,0,3000,27/05/2025 20:19,Dry_Season
8b228f8e-5b29-46bc-a160-94eef4bdfa9a,C-Beb4PGTJ11,100,,,,6,6,0,4,0,0,0,4,0,4,0,0,0,0,0,0,0,0,0,0,0,0,0,0,3000,27/05/2025 20:19,Dry_Season
6ab4c52b-0212-4b3a-bcbd-5a82a1b011b0,C-BebEPL2127,,100,,,8,4,0,4,0,0,4,4,0,0,0,0,0,0,0,0,0,0,0,0,0,4,0,0,3000,27/05/2025 20:20,Dry_Season
0f295184-3ecd-4b0b-a5ed-f675c5db1bf8,C-BebYLV1058,100,,,,6,6,0,4,0,0,0,4,0,4,0,0,0,0,0,0,0,0,0,0,0,0,0,0,3000,27/05/2025 20:20,Dry_Season
83c9a7ac-0859-4325-a64b-ffed59ec241e,C-BebCWGRU29,,100,,,8,4,0,4,0,0,4,4,0,0,0,0,0,0,0,0,0,0,0,0,0,4,0,0,3000,27/05/2025 20:20,Dry_Season
e8441e77-c527-4724-9ee2-c7026eb9f1a0,C-BebKJ7ED18,,100,,,8,4,0,4,0,0,4,4,0,0,0,0,0,0,0,0,0,0,0,0,0,4,0,0,3000,27/05/2025 20:20,Dry_Season
a78f8074-2a14-4cd2-9bf1-51cc0897ef15,C-BebDT2CR57,,100,,,8,4,0,4,0,0,4,4,0,0,0,0,0,0,0,0,0,0,0,0,0,4,0,0,3000,27/05/2025 20:20,Dry_Season
653f810b-87a0-42ad-a4d6-e488e12861be,C-BebEC7H139,100,,,,6,6,0,4,0,0,0,4,0,4,0,0,0,0,0,0,0,0,0,0,0,0,0,0,3000,27/05/2025 20:20,Dry_Season
9dcc694f-37c9-4856-a48a-62c3b11a5db6,C-BebU8CL438,,100,,,8,4,0,4,0,0,4,4,0,0,0,0,0,0,0,0,0,0,0,0,0,4,0,0,3000,27/05/2025 20:20,Dry_Season
26619388-1247-4147-9a35-88ab7b909738,C-BebWT6RZ40,100,,,,6,6,0,4,0,0,0,4,0,4,0,0,0,0,0,0,0,0,0,0,0,0,0,0,3000,27/05/2025 20:20,Dry_Season
f2e992ec-e1c2-412e-985d-1c1f3ad8c075,C-Beb522YM10,,100,,,8,4,0,4,0,0,4,4,0,0,0,0,0,0,0,0,0,0,0,0,0,4,0,0,3000,27/05/2025 20:20,Dry_Season
33902fa6-be00-46f1-9d83-f9166ea79bf1,C-Beb54AMC34,,,,,8,4,0,4,0,0,0,4,0,0,0,0,0,0,0,0,0,0,0,0,0,0,0,0,3000,27/05/2025 20:20,Dry_Season
87a63343-15bf-4065-b8d9-07af0b94b949,C-BebKPXXK09,100,,,,6,6,0,4,0,0,0,4,0,4,0,0,0,0,0,0,0,0,0,0,0,0,0,0,3000,27/05/2025 20:21,Dry_Season
0510ce56-0230-4dc2-af5c-ffb73e39c18f,C-BebY6OWM57,,100,,,8,4,0,4,0,0,4,4,0,0,0,0,0,0,0,0,0,0,0,0,0,4,0,0,3000,27/05/2025 20:21,Dry_Season
54632659-70c0-4387-8b8c-447adef2d4a6,C-BebFAGTS17,,100,,,8,4,0,4,0,0,4,4,0,0,0,0,0,0,0,0,0,0,0,0,0,4,0,0,3000,27/05/2025 20:21,Dry_Season
2a4b37c1-3e3b-4558-8a7f-f4a1052d667b,C-Beb0ZB8Y49,100,,,,6,6,0,4,0,0,0,4,0,4,0,0,0,0,0,0,0,0,0,0,0,0,0,0,3000,27/05/2025 20:21,Dry_Season
c71f2702-1b7d-40ac-9bee-33af6d029d72,C-Beb65ODB31,100,,,,6,6,0,4,0,0,0,4,0,4,0,0,0,0,0,0,0,0,0,0,0,0,0,0,3000,27/05/2025 20:21,Dry_Season
934da861-9e6e-4711-b29f-1bc144b27a96,C-BebHG77820,100,,,,6,6,0,4,0,0,0,4,0,4,0,0,0,0,0,0,0,0,0,0,0,0,0,0,3000,27/05/2025 20:21,Dry_Season
88817371-1437-443e-811c-1c1f4e25346e,C-BebIFCD850,100,,,,6,6,0,4,0,0,0,4,0,4,0,0,0,0,0,0,0,0,0,0,0,0,0,0,3000,27/05/2025 20:21,Dry_Season
f00baf4e-43cb-4987-a9a6-3f141988ed9c,C-BebLIXG848,,100,,,8,4,0,4,0,0,4,4,0,0,0,0,0,0,0,0,0,0,0,0,0,4,0,0,3000,27/05/2025 20:21,Dry_Season
26b49700-421c-44c5-9c73-62c0700c52b0,C-BebPW9VP34,,100,,,8,4,0,4,0,0,4,4,0,0,0,0,0,0,0,0,0,0,0,0,0,4,0,0,3000,27/05/2025 20:21,Dry_Season
04c8cfeb-989e-4983-93bc-e581204c2023,C-BebZ3QQB19,,100,,,8,4,0,4,0,0,4,4,0,0,0,0,0,0,0,0,0,0,0,0,0,4,0,0,100,27/05/2025 20:21,Dry_Season
4054945f-4feb-45a4-b273-7445112de831,C-BebZ96XN21,100,,,,6,6,0,4,0,0,0,4,0,4,0,0,0,0,0,0,0,0,0,0,0,0,0,0,3000,27/05/2025 20:21,Dry_Season
49bd1f63-7b30-4fe3-8d96-7e097bde7df2,C-Beb1GSX014,100,,,,6,6,0,4,0,0,0,4,0,4,0,0,0,0,0,0,0,0,0,0,0,0,0,0,3000,27/05/2025 20:22,Dry_Season
aecc54bf-f942-42a2-8219-32360c7047b7,C-BebSS29K43,,100,,,8,4,0,4,0,0,4,4,0,0,0,0,0,0,0,0,0,0,0,0,0,4,0,0,3000,27/05/2025 20:22,Dry_Season
0d96817a-0c5a-471b-9a4c-49d574d85f6f,C-Beb2FEKQ03,,100,,,8,4,0,4,0,0,4,4,0,0,0,0,0,0,0,0,0,0,0,0,0,4,0,0,3000,27/05/2025 20:22,Dry_Season
a2dc3e6c-b8ce-40eb-90fc-16080865c0bb,C-BebDETFF23,100,,,,6,6,0,4,0,0,0,4,0,4,0,0,0,0,0,0,0,0,0,0,0,0,0,0,3000,27/05/2025 20:22,Dry_Season
909b504f-e017-4ed2-a8ff-80da4a1f24fe,C-BebRF1HG03,,100,,,8,4,0,4,0,0,4,4,0,0,0,0,0,0,0,0,0,0,0,0,0,4,0,0,3000,27/05/2025 20:22,Dry_Season
d7532030-1413-4713-9130-f31d8f5347a1,C-BebSDAKT26,100,,,,6,6,0,4,0,0,0,4,0,4,0,0,0,0,0,0,0,0,0,0,0,0,0,0,3000,27/05/2025 20:22,Dry_Season
d34a3ffe-6767-4fb1-b9d5-e708f97b9d51,C-BebT7VZY42,100,,,,6,6,0,4,0,0,0,4,0,4,0,0,0,0,0,0,0,0,0,0,0,0,0,0,3000,27/05/2025 20:22,Dry_Season
78acb392-af14-49be-a2e0-dc83cca7585e,C-BebTMC2709,,100,,,8,4,0,4,0,0,4,4,0,0,0,0,0,0,0,0,0,0,0,0,0,4,0,0,3000,27/05/2025 20:22,Dry_Season
32fc2d32-30fc-48b5-b0ee-739a4d32505d,C-Beb3240H26,100,,,,6,6,0,4,0,0,0,4,0,4,0,0,0,0,0,0,0,0,0,0,0,0,0,0,3000,27/05/2025 20:22,Dry_Season
90fe49f6-9d6e-4df6-a528-abd7d77446b5,C-BebP22T857,,100,,,8,4,0,4,0,0,4,4,0,0,0,0,0,0,0,0,0,0,0,0,0,4,0,0,3000,27/05/2025 20:22,Dry_Season
ee194e9b-891b-4703-9588-79dc9f8bfdf6,C-BebQJ2Q205,,100,,,8,4,0,4,0,0,4,4,0,0,0,0,0,0,0,0,0,0,0,0,0,4,0,0,3000,27/05/2025 20:23,Dry_Season
c2ae99d0-2a13-486e-a354-e5b0db26d9fd,C-Beb3TF2025,,100,,,8,4,0,4,0,0,4,4,0,0,0,0,0,0,0,0,0,0,0,0,0,4,0,0,3000,27/05/2025 20:23,Dry_Season
6ceece29-7acc-4154-a6f9-e146fbce7362,C-BebF5CXQ13,,100,,,8,4,0,4,0,0,4,4,0,0,0,0,0,0,0,0,0,0,0,0,0,4,0,0,3000,27/05/2025 20:23,Dry_Season
73077c63-1a43-4fd5-967f-a655082334eb,C-BebWR3R850,100,,,,6,6,0,4,0,0,0,4,0,4,0,0,0,0,0,0,0,0,0,0,0,0,0,0,3000,27/05/2025 20:23,Dry_Season
c93697d3-0174-4678-810d-c743417b79d3,C-BebZESWG30,,100,,,8,4,0,4,0,0,4,4,0,0,0,0,0,0,0,0,0,0,0,0,0,4,0,0,3000,27/05/2025 20:23,Dry_Season
7dfb1b9f-9e91-4461-a9f1-f5f38d75d07b,C-BebLX32D55,100,,,,6,6,0,4,0,0,0,4,0,4,0,0,0,0,0,0,0,0,0,0,0,0,0,0,3000,27/05/2025 20:23,Dry_Season
39b37692-aaa5-425c-8471-dec4f38b4d23,C-BebYQ6GB55,,100,,,8,4,0,4,0,0,4,4,0,0,0,0,0,0,0,0,0,0,0,0,0,4,0,0,3000,27/05/2025 20:23,Dry_Season
db90ae06-195a-4394-a802-7d10a336cfcd,C-MubDTIU313,20,,,,4,3,0,0,2,0,0,0,0,0,0,0,0,0,0,0,0,0,0,0,250,0,0,0,0,27/05/2025 21:04,Wet_Season
e78a7b84-a841-4831-9d9e-33ffa0314bd0,C-MubZ9BVJ39,20,,,,4,3,2,0,2,0,0,0,0,0,0,0,0,2,0,0,0,0,0,0,250,0,0,0,0,27/05/2025 21:05,Wet_Season
09121076-bedd-4556-a3c5-167a4833b818,C-MubUMA3D51,20,,,,4,3,0,0,2,0,0,0,0,0,0,0,0,2,0,0,0,0,0,0,250,0,0,0,0,27/05/2025 21:05,Wet_Season
1be4992a-bd16-4a75-890a-05c3ebeca2ee,C-Mub3CXBO12,20,,,,4,3,1,0,2,0,0,0,0,0,2,0,0,10,0,0,0,0,0,0,250,0,0,0,0,27/05/2025 21:05,Wet_Season
c0975675-48fa-44fd-9b81-f7db6ab30af9,C-MubBELTC35,20,,,,4,3,2,0,2,0,0,0,0,0,2,0,0,10,0,0,0,0,0,0,250,0,0,0,0,27/05/2025 21:05,Wet_Season
91d8e14b-fd65-49b4-9639-9d1170c51147,C-MubC9DTG21,20,,,,4,3,2,0,2,0,0,0,0,0,2,0,0,10,0,0,0,0,0,0,250,0,0,0,0,27/05/2025 21:05,Wet_Season
1e2ee754-0c92-480f-aa14-17b48c441a90,C-MubYD1LY09,20,,,,4,3,2,0,2,0,0,0,0,0,2,0,0,10,0,0,0,0,0,0,250,0,0,0,0,27/05/2025 21:05,Wet_Season
477552bc-1da0-4522-b61a-68149fa0ef5d,C-MubDHX9751,20,,,,4,3,2,0,2,0,0,0,0,0,2,0,0,10,0,0,0,0,0,0,250,0,0,0,0,27/05/2025 21:05,Wet_Season
6c75bbcb-ee98-4c29-898e-2f11d7171824,C-MubQP3QZ30,20,,,,4,3,2,0,2,0,0,0,0,0,2,0,0,10,0,0,0,0,0,0,250,0,0,0,0,27/05/2025 21:05,Wet_Season
fda08096-6bd4-4454-b58f-1a62f25e14b9,C-MubXF7S555,20,,,,4,3,2,0,2,0,0,0,0,0,2,0,0,10,0,0,0,0,0,0,250,0,0,0,0,27/05/2025 21:05,Wet_Season
03227025-e1fd-48a3-bd4e-09b73871204b,C-MubVOSRR34,20,,,,4,3,2,0,2,0,0,0,0,0,2,0,0,10,0,0,0,0,0,0,250,0,0,0,0,27/05/2025 21:08,Wet_Season
faeb00de-1c80-43f8-9308-c59ae4bbe4fa,C-MubBXT4G21,20,,,,4,3,1,0,2,0,0,0,0,0,2,0,0,10,0,0,0,0,0,0,250,0,0,0,0,27/05/2025 21:41,Wet_Season
1f21ca25-57bd-4c79-bfb7-20fb7aa36bf8,C-MubQHWS144,20,,,,4,3,1,0,2,0,0,0,0,0,2,0,0,10,0,0,0,0,0,0,250,0,0,0,0,27/05/2025 22:05,Wet_Season
53799437-d560-4f43-aec1-6fdcbe6dc7ff,C-MubY11VT07,20,,,,4,3,1,0,2,0,0,0,0,0,2,0,0,10,0,0,0,0,0,0,250,0,0,0,0,27/05/2025 22:08,Wet_Season
2df35236-f4be-49d1-b42e-857024d32a4d,C-MubJW11Q23,,50,,,4,3,0,0,0,0,0,0,0,0,0,0,0,0,0,0,0,0,0,0,250,0,0,0,0,27/05/2025 22:14,Wet_Season
52e1104a-442f-4878-94dd-7b2f3050a302,C-Chi07ZC719,,50,,,4,3,0,0,0,0,0,0,0,0,0,0,0,0,0,0,0,0,0,2,2,0,5,2,0,27/05/2025 22:15,Wet_Season
3e928e5a-2c87-4f24-bce2-6704f8d404f8,C-Chi2FHOZ49,20,,,,4,3,0,0,0,0,0,0,0,0,2,0,0,5,0,0,0,0,2,0,2,0,0,2,0,27/05/2025 22:16,Wet_Season
0174ad28-30b7-4697-a8b4-59e2dbe34e26,C-Chi549ZA59,20,,,,4,3,0,0,0,0,0,0,0,0,2,0,0,5,0,0,0,0,2,0,2,0,0,2,0,27/05/2025 22:16,Wet_Season
4818f47d-a351-49a4-957e-f3a00d92c919,C-Chi7OU3428,,50,,,4,3,0,0,0,0,0,0,0,0,0,0,0,0,0,0,0,0,0,2,2,0,5,2,0,27/05/2025 22:16,Wet_Season
84b6b15a-a63d-4cf7-9347-e2d8d3a5f489,C-ChiEF9PY43,20,,,,4,3,0,0,0,0,0,0,0,0,2,0,0,5,0,0,0,0,2,0,2,0,0,2,0,27/05/2025 22:17,Wet_Season
c80ffa9c-8e0e-4fc4-a8e9-c2a996e32922,C-ChiL4U1A18,20,,,,4,3,0,0,0,0,0,0,0,0,2,0,0,5,0,0,0,0,2,0,2,0,0,2,0,27/05/2025 22:17,Wet_Season
00e68fd4-f70f-4786-967d-bd1ab1e82d03,C-ChiLQ70G21,20,,,,4,3,0,0,0,0,0,0,0,0,2,0,0,5,0,0,0,0,2,0,2,0,0,2,0,27/05/2025 22:17,Wet_Season
1e91f409-d18a-45d8-893e-9daec9f9610f,C-ChiPLO8L11,20,,,,4,3,0,0,0,0,0,0,0,0,2,0,0,5,0,0,0,0,2,0,2,0,0,2,0,27/05/2025 22:17,Wet_Season
801b2a96-03bd-47b2-991d-57920c9d623f,C-MubEE5WG38,20,,,,4,3,0,0,2,0,0,0,0,0,2,0,0,10,0,0,0,0,0,0,250,0,0,0,0,27/05/2025 22:18,Wet_Season
fab84908-f3f7-4548-aed9-406199aac530,C-ChiQEBUC32,20,,,,4,3,0,0,0,0,0,0,0,0,2,0,0,5,0,0,0,0,2,0,2,0,0,2,0,27/05/2025 22:18,Wet_Season
fe086e78-9ab7-4e6a-83ad-b3c5c4bd961f,C-ChiXD0WO23,20,,,,4,3,0,0,0,0,0,0,0,0,2,0,0,5,0,0,0,0,2,0,2,0,0,2,0,27/05/2025 22:18,Wet_Season
0addef38-939d-4e16-9b62-1c9a0e667950,C-MubZ2QZO47,20,,,,4,3,1,0,2,0,0,0,0,0,2,0,0,10,0,0,0,0,0,0,250,0,0,0,0,27/05/2025 22:21,Wet_Season
086ed165-3eb1-4885-8a0f-7f9157bc06d9,C-Mub2QZGF13,20,,,,4,3,1,0,2,0,0,0,0,0,2,0,0,10,0,0,0,0,0,0,250,0,0,0,0,27/05/2025 22:21,Wet_Season
797dc025-b41e-4bfd-9945-2ccc8db0163e,C-MubHXDKA11,20,,,,4,3,1,0,2,0,0,0,0,0,2,0,0,10,0,0,0,0,0,0,250,0,0,0,0,27/05/2025 22:21,Wet_Season
592493b1-fc19-4ddd-beb3-11df6bcb9995,C-MubZJML808,20,,,,4,3,1,0,2,0,0,0,0,0,2,0,0,0,0,0,0,0,0,0,250,0,0,0,0,27/05/2025 22:21,Wet_Season
13aba88e-53fa-41a6-b0f0-530c0720e487,C-Mub6ODDX05,20,,,,4,3,1,0,2,0,0,0,0,0,2,0,0,10,0,0,0,0,0,0,250,0,0,0,0,27/05/2025 22:21,Wet_Season
110655f9-55d0-4e0f-917f-61b371855fd3,C-Mub6V4Q703,20,,,,4,3,1,0,2,0,0,0,0,0,2,0,0,0,0,0,0,0,0,0,250,0,0,0,0,27/05/2025 22:22,Wet_Season
385d8565-5aff-49a3-9124-17599de24d0e,C-MubVR9V739,20,,,,4,3,1,0,2,0,0,0,0,0,2,0,0,0,0,0,0,0,0,0,250,0,0,0,0,27/05/2025 22:22,Wet_Season
9bab02e8-f58c-4eb4-8e41-44f41c9536c1,C-Mub2YRM847,20,,,,4,3,1,0,2,0,0,0,0,0,2,0,0,0,0,0,0,0,0,0,250,0,0,0,0,27/05/2025 22:22,Wet_Season
82bbc7b3-1f76-4770-a797-9d5ec0b5b056,C-MubNW75H34,20,,,,4,3,1,0,2,0,0,0,0,0,2,0,0,0,0,0,0,0,0,0,250,0,0,0,0,27/05/2025 22:22,Wet_Season
b8d98f93-6e16-40f5-9a4b-7e7453f1a264,C-Mub0UEPW39,20,,,,0,3,1,0,2,0,0,0,0,0,2,0,0,0,0,0,0,0,0,0,250,0,0,0,0,27/05/2025 22:22,Wet_Season
147c079d-8c90-4ef7-b43e-63f886ae24f3,C-MubS34HY43,,50,,,4,3,0,0,0,0,0,0,0,0,0,0,0,0,0,0,0,0,0,0,10,0,0,0,0,27/05/2025 22:23,Wet_Season
c3365881-3c08-4613-b33b-460938e95662,C-MubKBECD32,,50,,,4,3,0,0,0,0,0,0,0,0,0,0,0,0,0,0,0,0,0,0,250,0,0,0,0,27/05/2025 22:26,Wet_Season
6d5fc5c8-a3c8-4304-942a-1ad673518b7f,C-MubJLZO426,20,,,,4,3,0,0,2,0,0,0,0,0,2,0,0,10,0,0,0,0,0,0,250,0,0,0,0,27/05/2025 22:30,Wet_Season
a13b5566-0b21-4a42-9ac9-6c2d3c174427,C-Mub5R2EI50,,50,,,4,3,0,0,0,0,0,0,0,0,0,0,0,0,0,0,0,0,0,0,250,0,0,0,0,27/05/2025 22:36,Wet_Season
3c8cfcaf-bd3d-4e34-8b24-c9621fdbdf29,C-MubEHYFO12,20,,,,4,3,0,0,2,0,0,0,0,0,2,0,0,10,0,0,0,0,0,0,250,0,0,0,0,27/05/2025 22:40,Wet_Season
6f509165-388b-4e03-aff5-c2c2cf040830,C-Mub6422R58,,50,,,4,3,0,0,0,0,0,0,0,0,0,0,0,0,0,0,0,0,0,0,10,0,0,0,0,27/05/2025 22:44,Wet_Season
c2f9f96d-26e5-4d54-b2e7-776cfb81d6b7,C-Mub4RYW853,50,,,,4,3,0,0,2,0,0,0,0,0,2,0,0,10,0,0,0,0,0,0,250,0,0,0,0,27/05/2025 23:36,Wet_Season
0e3eb7ee-9599-4035-8ee9-f11c91df65ce,C-Mub5DECD36,50,,,,4,3,0,0,2,0,0,0,0,0,2,0,0,10,0,0,0,0,0,0,250,0,0,0,0,27/05/2025 23:36,Wet_Season
26c18ea8-d070-40df-816b-d0fc901e7481,C-MubB2F0E50,50,,,,4,3,0,0,2,0,0,0,0,0,2,0,0,10,0,0,0,0,0,0,250,0,0,0,0,27/05/2025 23:36,Wet_Season
05b13ad0-209a-45c3-93f6-f61c24262328,C-Mub6O8WS29,50,,,,4,3,0,0,2,0,0,0,0,0,2,0,0,10,0,0,0,0,0,0,250,0,0,0,0,27/05/2025 23:36,Wet_Season
dfc1a397-9155-4304-8f4d-9a3e1ece2fdf,C-MubJUMQA58,50,,,,4,3,0,0,2,0,0,0,0,0,2,0,0,10,0,0,0,0,0,0,250,0,0,0,0,27/05/2025 23:36,Wet_Season
29d77354-b421-4e07-be97-02f0a08d505a,C-MubTUFR519,50,,,,4,3,0,0,2,0,0,0,0,0,2,0,0,10,0,0,0,0,0,0,250,0,0,0,0,27/05/2025 23:36,Wet_Season
a13246d2-f447-46ee-9a52-77205ec852a5,C-MubH8O5E07,50,,,,4,3,0,0,2,0,0,0,0,0,2,0,0,10,0,0,0,0,0,0,250,0,0,0,0,27/05/2025 23:36,Wet_Season
0566bf99-93fb-4c39-b654-8d344f842bb8,C-MubPP3XZ08,50,,,,4,3,0,0,2,0,0,0,0,0,2,0,0,10,0,0,0,0,0,0,250,0,0,0,0,27/05/2025 23:36,Wet_Season
0ef55aba-cb38-49f2-b955-70bd8ae04e7e,C-MubZC78411,50,,,,4,3,0,0,2,0,0,0,0,0,2,0,0,10,0,0,0,0,0,0,250,0,0,0,0,27/05/2025 23:36,Wet_Season
3caa41f5-9bc9-4990-9d9f-3782cbf317e6,C-MubW4SCS30,50,,,,4,3,0,0,2,0,0,0,0,0,2,0,0,10,0,0,0,0,0,0,250,0,0,0,0,27/05/2025 23:36,Wet_Season
f1322aef-73d9-43b1-9ed5-782a02218bac,C-MubW3Z6W13,50,,,,4,3,0,0,2,0,0,0,0,0,2,0,0,10,0,0,0,0,0,0,250,0,0,0,0,27/05/2025 23:36,Wet_Season
556a207a-6142-4870-90b0-cccc552d4834,C-Mub246UO25,20,,,,4,3,1,0,2,0,0,0,0,0,2,0,0,10,0,0,0,0,0,0,250,0,0,0,0,28/05/2025 04:46,Wet_Season
5227245e-6eb3-4824-a178-26b7e1770069,C-MubA2DQQ59,20,,,,4,3,1,0,2,0,0,0,0,0,2,0,0,10,0,0,0,0,0,0,250,0,0,0,0,28/05/2025 04:46,Wet_Season
d3bcdbf8-21a0-4162-a8db-c0f36ad9e9e3,C-MubBY74E12,20,,,,4,3,0,0,2,0,0,0,0,0,2,0,0,10,0,0,0,0,0,0,250,0,0,0,0,28/05/2025 04:47,Wet_Season
c9294cf8-ad9c-40d7-8789-03b6cff56414,C-MubMYWOZ55,20,,,,4,3,1,0,1,0,0,0,0,0,2,0,0,10,0,0,0,0,0,0,250,0,0,0,0,28/05/2025 04:47,Wet_Season
e588e437-409f-4221-aa5e-9b35bc4dbc0a,C-MubV9UF306,20,,,,4,3,1,0,2,0,0,0,0,0,2,0,0,10,0,0,0,0,0,0,250,0,0,0,0,28/05/2025 04:47,Wet_Season
15e8dc98-2690-49dd-a230-e127106f9528,C-MubZM2HU07,20,,,,4,3,1,0,2,0,0,0,0,0,2,0,0,10,0,0,0,0,0,0,250,0,0,0,0,28/05/2025 04:47,Wet_Season
98a0703d-b2ac-43bf-9195-af41af2da503,C-MubX8R2341,20,,,,4,3,1,0,2,0,0,0,0,0,2,0,0,10,0,0,0,0,0,0,250,0,0,0,0,28/05/2025 04:47,Wet_Season
7d7190c2-b78e-4c48-8b9b-3d2a5c05cc5a,C-Mub52T1L26,30,,,,4,3,1,0,2,0,0,0,0,0,2,0,0,10,0,0,0,0,0,0,250,0,0,0,0,28/05/2025 05:06,Wet_Season
511ab98f-0810-4af6-8c9b-7d1371c1601a,C-Mub4U5O509,20,,,,4,3,1,0,2,0,0,0,0,0,2,0,0,10,0,0,0,0,0,0,250,0,0,0,0,28/05/2025 05:06,Wet_Season
031215b3-8146-4f9e-9daa-0e7248e91903,C-MubP6JAH30,20,,,,4,3,1,0,2,0,0,0,0,0,2,0,0,10,0,0,0,0,0,0,250,0,0,0,0,28/05/2025 05:06,Wet_Season
41529ff3-2030-44ee-80fa-3b1f9f706d5c,C-MubR5HAG11,20,,,,4,3,1,0,2,0,0,0,0,0,2,0,0,10,0,0,0,0,0,0,250,0,0,0,0,28/05/2025 05:06,Wet_Season
9bd95577-dd59-4625-a355-4181b4e65e77,C-ChiG6WYD10,20,,,,4,3,0,0,0,0,0,2,0,0,2,0,0,5,0,0,0,0,2,0,2,0,0,2,0,28/05/2025 05:07,Wet_Season
87080a4e-4db0-47d8-bf32-108091252355,C-ChiF73MA55,,50,,,4,3,0,0,0,0,0,0,0,0,0,0,0,0,0,0,0,0,0,2,2,0,1.5,2,0,28/05/2025 05:07,Wet_Season
093c05c4-bfc8-43ff-8a7c-fbb96626960c,C-MubAO4X055,20,,,,4,3,1,0,2,0,0,0,0,0,2,0,0,10,0,0,0,0,0,0,250,0,0,0,0,28/05/2025 05:07,Wet_Season
13718bc9-cec5-4296-aeb0-4614567d1fd8,C-ChiKLP1A11,,50,,,4,3,0,0,0,0,0,0,0,0,0,0,0,0,0,0,0,0,0,2,2,0,1.5,2,0,28/05/2025 05:08,Wet_Season
cff2c6fa-0ab9-47f1-90dc-598ea9fa15db,C-ChiZ7VUP31,,50,,,4,3,0,0,0,0,0,0,0,0,0,0,0,0,0,0,0,0,0,2,2,0,1.5,2,0,28/05/2025 05:08,Wet_Season
4aa168c6-4e4b-4b27-a920-592dc6cf8e21,C-Chi90PUH18,,50,,,4,3,0,0,0,0,0,0,0,0,0,0,0,0,0,0,0,0,0,2,2,0,1.5,2,0,28/05/2025 05:08,Wet_Season
31fa4bb6-0b99-4fb3-b15a-db7dbc34d995,C-Chi5GJYE19,,50,,,4,3,0,0,0,0,0,0,0,0,0,0,0,0,0,0,0,0,0,2,2,0,1.5,2,0,28/05/2025 05:08,Wet_Season
8fbc20c4-8fa7-41b9-ba82-bf03eef017b0,C-MubA99IH32,20,,,,4,3,1,0,2,0,0,0,0,0,2,0,0,10,0,0,0,0,0,0,250,0,0,0,0,28/05/2025 05:14,Wet_Season
c952276f-0056-4ed9-915c-4ddeeef41b05,C-MubBX3PN37,20,,,,4,3,1,0,2,0,0,0,0,0,2,0,0,10,0,0,0,0,0,0,250,0,0,0,0,28/05/2025 05:21,Wet_Season
1d2bc415-27d3-42e0-9c21-6f0c325303c6,C-MubXGBIX16,20,,,,4,3,1,0,2,0,0,0,0,0,2,0,0,10,0,0,0,0,0,0,250,0,0,0,0,28/05/2025 05:29,Wet_Season
ec81e2d9-55e5-46ae-ab84-ee68b7d97944,C-ChiKPCV739,,50,,,4,3,0,0,0,0,0,0,0,0,0,0,0,0,0,0,0,0,0,2,2,0,5,2,0,28/05/2025 05:36,Wet_Season
b06706f1-c97d-4637-9f99-b75757612542,C-ChiBIWAM48,,50,,,4,3,0,0,0,0,0,0,0,0,0,0,0,0,0,0,0,0,0,2,2,0,5,2,0,28/05/2025 05:40,Wet_Season
4d5650be-8f64-4fb5-ae21-3e264a719237,C-Chi2GQH416,,50,,,4,3,0,0,0,0,0,0,0,0,0,0,0,0,0,0,0,0,0,2,2,0,5,2,0,28/05/2025 05:45,Wet_Season
8c09b664-8544-4bd4-bd62-507bd2cb41e9,C-MubSUC1J53,20,,,,4,3,1,0,2,0,0,0,0,0,2,0,0,10,0,0,0,0,0,0,250,0,0,0,0,28/05/2025 05:45,Wet_Season
3dbbdf81-e245-42ab-b90f-ecd3f291c848,C-Mub5R1SY30,20,,,,4,3,0,0,2,0,0,0,0,0,2,0,0,10,0,0,0,0,0,0,250,0,0,0,0,28/05/2025 05:57,Wet_Season
87d7f603-83f9-44b2-a7fe-a3853e15237d,C-Mub6A8BE19,20,,,,4,3,0,0,2,0,0,0,0,0,2,0,0,10,0,0,0,0,0,0,250,0,0,0,0,28/05/2025 05:57,Wet_Season
3c9d4f14-42a9-4423-81df-17ddb443c965,C-Mub8LPF800,20,,,,4,3,0,0,2,0,0,0,0,0,2,0,0,10,0,0,0,0,0,0,250,0,0,0,0,28/05/2025 05:57,Wet_Season
633ba963-5090-4187-91e2-042a44f2b6fa,C-ChiX7S0I59,,50,,,4,3,0,0,0,0,0,0,0,0,0,0,0,0,0,0,0,0,0,2,2,0,5,2,0,28/05/2025 05:57,Wet_Season
68a5f17a-8130-4518-9132-af27478414c3,C-Mub9YK2M53,20,,,,4,3,0,0,2,0,0,0,0,0,2,0,0,10,0,0,0,0,0,0,250,0,0,0,0,28/05/2025 05:57,Wet_Season
6714621b-30f4-4055-9b10-9b2416b8edb5,C-MubEI6VM17,20,,,,4,3,0,0,2,0,0,0,0,0,2,0,0,10,0,0,0,0,0,0,250,0,0,0,0,28/05/2025 05:57,Wet_Season
178ee887-7b02-419d-b96e-371559dc3843,C-MubEQI7K16,20,,,,4,3,0,0,2,0,0,0,0,0,2,0,0,10,0,0,0,0,0,0,250,0,0,0,0,28/05/2025 05:57,Wet_Season
8f7d9d7c-076f-4b7d-a4a5-9286dbb16fec,C-MubNYQJS39,20,,,,4,3,0,0,2,0,0,0,0,0,2,0,0,10,0,0,0,0,0,0,250,0,0,0,0,28/05/2025 05:57,Wet_Season
e7229149-d2ed-4f2a-8d13-9e94840eb050,C-MubM6SPE12,20,,,,4,3,0,0,2,0,0,0,0,0,2,0,0,10,0,0,0,0,0,0,250,0,0,0,0,28/05/2025 05:57,Wet_Season
6c8e47e2-a006-4d10-858d-b39bb59b1011,C-MubEYV9054,20,,,,4,3,0,0,2,0,0,0,0,0,2,0,0,10,0,0,0,0,0,0,250,0,0,0,0,28/05/2025 05:57,Wet_Season
aee70292-4a7f-43cf-8593-44c74601c9ff,C-MubY0DMK16,20,,,,4,3,0,0,2,0,0,0,0,0,2,0,0,10,0,0,0,0,0,0,250,0,0,0,0,28/05/2025 05:57,Wet_Season
a4826d62-1310-4bb4-b1ba-65e84e0df5a6,C-MubYLNEF58,20,,,,4,3,0,0,2,0,0,0,0,0,2,0,0,10,0,0,0,0,0,0,250,0,0,0,0,28/05/2025 05:57,Wet_Season
2db475bd-a13e-4c70-b06e-5815cd2191a6,C-Chi8JBOQ49,,50,,,4,3,0,0,0,0,0,0,0,0,0,0,0,0,0,0,0,0,0,2,2,0,5,2,0,28/05/2025 06:00,Wet_Season
9ae28a38-a4ec-49b7-8474-f7b0b14cd20c,C-MubCSKV735,20,,,,4,3,0,0,2,0,0,0,0,0,2,0,0,10,0,0,0,0,0,0,250,0,0,0,0,28/05/2025 06:05,Wet_Season
39b9ed0b-3ea4-4491-a046-658db499c3b4,C-Chi7GMPF19,,50,,,4,3,0,0,0,0,0,0,0,0,0,0,0,0,0,0,0,0,0,2,2,0,5,2,0,28/05/2025 06:05,Wet_Season
b0f08a2b-1949-47da-9342-a99981b1da2d,C-Zan0T9GW17,20,,,,4,3,0,0,0,0,0,0,0,0,2,0,0,5,0,0,0,0,2,0,250,0,0,2,0,28/05/2025 06:06,Wet_Season
be513425-c171-419e-9eaf-8ebeb1dfdca0,C-MubCCFH520,20,,,,4,3,0,0,2,0,0,0,0,0,2,0,0,10,0,0,0,0,0,0,250,0,0,0,0,28/05/2025 06:18,Wet_Season
42530bb2-82e2-418b-b4ea-7a625d1cafb0,C-MubUN2DM40,20,,,,4,3,0,0,2,0,0,0,0,0,2,0,0,10,0,0,0,0,0,0,250,0,0,0,0,28/05/2025 06:18,Wet_Season
f8ca1bd8-63e1-4f38-bd68-405e7d1e271c,C-ZanPN0SX27,20,,,,4,3,0,0,0,0,0,0,0,0,2,0,0,5,0,0,0,0,2,0,250,0,0,2,0,28/05/2025 06:20,Wet_Season
1a9b0061-3792-42f5-b353-5cb2da2c1f40,C-Zan8UWVJ30,20,,,,4,3,0,0,0,0,0,0,0,0,2,0,0,5,0,0,0,0,2,0,250,0,0,2,0,28/05/2025 06:24,Wet_Season
4a3b6d25-f977-440b-b489-73b38b5766b0,C-MubZ1FT334,20,,,,4,3,0,0,2,0,0,0,0,0,2,0,0,10,0,0,0,0,0,0,250,0,0,0,0,28/05/2025 06:26,Wet_Season
14553541-fc15-4522-97eb-9a3ad7090ff3,C-Zan1KRF100,20,,,,4,3,0,0,0,0,0,0,0,0,2,0,0,5,0,0,0,0,2,0,250,0,0,2,0,28/05/2025 06:28,Wet_Season
bce0ee62-409c-435c-a1eb-9a409677378e,C-MubEEM2F29,20,,,,4,3,0,0,2,0,0,0,0,0,2,0,0,10,0,0,0,0,0,0,250,0,0,0,0,28/05/2025 06:29,Wet_Season
a99906fc-f6db-4ad6-964a-872e9ae5e34e,C-Zan0DJH032,20,,,,4,3,0,0,0,0,0,0,0,0,2,0,0,5,0,0,0,0,2,0,250,0,0,2,0,28/05/2025 06:33,Wet_Season
436167a4-8e01-4cc6-a075-751212505f22,C-MubRPL2G22,20,,,,4,3,0,0,2,0,0,0,0,0,2,0,0,10,0,0,0,0,0,0,250,0,0,0,0,28/05/2025 06:33,Wet_Season
2e0bd584-bbda-4fe0-81fa-a44db120250f,C-ZanOLR9500,20,,,,4,3,0,0,0,0,0,0,0,0,2,0,0,5,0,0,0,0,2,0,250,0,0,2,0,28/05/2025 06:36,Wet_Season
0361b13e-7695-4636-8bc1-db20b3d0d6f6,C-Mub8G53Y17,20,,,,4,3,0,0,2,0,0,0,0,0,2,0,0,10,0,0,0,0,0,0,250,0,0,0,0,28/05/2025 06:36,Wet_Season
6cf88bd9-36ed-4b41-b87e-759f677bde18,C-GweXR1R434,,50,,,4,3,0,0,0,0,0,0,0,0,0,0,0,0,0,0,0,0,0,2,0.5,0,125,2,0,28/05/2025 06:40,Wet_Season
700fc49f-a8a8-430a-80b7-e36de23b5544,C-ZanRS5Z950,20,,,,4,3,0,0,0,0,0,0,0,0,2,0,0,5,0,0,0,0,2,0,250,0,0,2,0,28/05/2025 06:40,Wet_Season
9ddfc8ed-97f3-4e34-9994-bc11ef068ccd,C-ZanXKM7P11,20,,,,4,3,0,0,0,0,0,0,0,0,2,0,0,5,0,0,0,0,2,0,250,0,0,2,0,28/05/2025 06:43,Wet_Season
74badacf-fef7-4919-bcc8-59821161a85f,C-GweLZ74T01,,50,,,4,3,0,0,0,0,0,0,0,0,0,0,0,0,0,0,0,0,0,0,0.5,0,125,2,0,28/05/2025 06:46,Wet_Season
3240eab6-fd87-4018-868e-8c00f1454fbd,C-Chi7PS7641,20,,,,4,3,0,0,0,0,0,0,0,0,2,0,0,5,0,0,0,0,2,0,2,0,0,2,0,28/05/2025 06:47,Wet_Season
3e77c60b-36b0-477d-b97f-2949e1ffdc78,C-GweHZYEB03,,50,,,4,3,0,0,0,0,0,0,0,0,0,0,0,0,0,0,0,0,0,2,0.5,0,125,2,0,28/05/2025 06:50,Wet_Season
f553e245-644f-4de7-9f41-620f952b6f70,C-MubTUC7K26,20,,,,4,3,1,0,2,0,0,0,0,0,2,0,0,10,0,0,0,0,0,0,250,0,0,0,0,28/05/2025 06:50,Wet_Season
918d1351-e390-4699-a6be-dde20fa731fe,C-ChiL1JSR50,20,,,,4,3,0,0,0,0,0,0,0,0,2,0,0,5,0,0,0,0,2,0,2,0,0,2,0,28/05/2025 06:53,Wet_Season
20d2ed38-d6a4-4410-bea1-f6521e33823b,C-MubOE6C158,20,,,,4,3,1,0,2,0,0,0,0,0,2,0,0,10,0,0,0,0,0,0,250,0,0,0,0,28/05/2025 06:53,Wet_Season
1e9bfeaa-0a23-4fad-b3c2-e4a28dff457f,C-GweE617D12,,50,,,4,3,0,0,0,0,0,0,0,0,0,0,0,0,0,0,0,0,0,2,0.5,0,125,2,0,28/05/2025 06:56,Wet_Season
674a588c-5e4d-4ed1-86a8-511ac6098d17,C-Zan1W76O34,20,,,,4,3,0,0,0,0,0,0,0,0,2,0,0,5,0,0,0,0,2,0,250,0,0,2,0,28/05/2025 06:58,Wet_Season
d705ea6e-ea80-45ed-808a-8e6c9110e85f,C-GweJTB2Z08,,50,,,4,3,0,0,0,0,0,0,0,0,0,0,0,0,0,0,0,0,0,2,0.5,0,125,2,0,28/05/2025 06:59,Wet_Season
12ff075b-dac9-4fb8-a9fe-b73f3e5e65dc,C-GweQ1OC251,,50,,,4,3,0,0,0,0,0,0,0,0,0,0,0,0,0,0,0,0,0,2,0.5,0,125,2,0,28/05/2025 07:02,Wet_Season
cb78bd05-87c9-497d-899b-892c9ca4f14c,C-ZanGQE5G31,20,,,,4,3,0,0,0,0,0,0,0,0,2,0,0,5,0,0,0,0,2,0,250,0,0,2,0,28/05/2025 07:03,Wet_Season
ff49f473-d0e6-4ed4-882e-1cb64ebd4c57,C-GweQRIRQ36,,50,,,4,3,0,0,0,0,0,0,0,0,0,0,0,0,0,0,0,0,0,2,0.5,0,125,2,0,28/05/2025 07:06,Wet_Season
28797ddf-9503-427e-9665-3d2c36b7ecd8,C-Mub3ZJL550,,50,,,4,3,0,0,0,0,0,0,0,0,0,0,0,0,0,0,0,0,0,0,250,0,0,0,0,28/05/2025 07:08,Wet_Season
c0fc492e-ddb9-4d6b-a9b8-ccc8c33e6771,C-MubN35N621,20,,,,4,3,1,0,2,0,0,0,0,0,2,0,0,10,0,0,0,0,0,0,250,0,0,0,0,28/05/2025 07:08,Wet_Season
00668060-c184-4cbb-b653-538c34024ff5,C-MubHKCBV25,20,,,,4,3,1,0,2,0,0,0,0,0,2,0,0,10,0,0,0,0,0,0,250,0,0,0,0,28/05/2025 07:08,Wet_Season
884bcb8a-c3b1-4633-9bf8-332c888037ad,C-Mub3LV0P29,20,,,,4,3,1,0,2,0,0,0,0,0,2,0,0,10,0,0,0,0,0,0,250,0,0,0,0,28/05/2025 07:08,Wet_Season
3b74ef2f-9991-408e-8004-420eedb70a06,C-GweTTH5L06,,50,,,4,3,0,0,0,0,0,0,0,0,0,0,0,0,0,0,0,0,0,2,0.5,0,125,2,0,28/05/2025 07:10,Wet_Season
0393377c-1857-4b6e-bf15-faca692044b9,C-Gwe810U015,,50,,,4,3,0,0,0,0,0,0,0,0,0,0,0,0,0,0,0,0,0,2,0.5,0,125,2,0,28/05/2025 07:15,Wet_Season
2a31f466-5505-421c-ac26-89fd13e12dad,C-Gwe51D7L55,,50,,,4,3,0,0,0,0,0,0,0,0,0,0,0,0,0,0,0,0,0,2,0.5,0,125,2,0,28/05/2025 07:18,Wet_Season
eea2055f-0cf7-45ae-be0b-bdd1d734ff4f,C-Gwe1075S55,,50,,,4,3,0,0,0,0,0,0,0,0,0,0,0,0,0,0,0,0,0,2,0.5,0,125,2,0,28/05/2025 07:21,Wet_Season
40783284-d676-4fe4-9187-c136cfd3228c,C-GweQL8P650,,50,,,4,3,0,0,0,0,0,0,0,0,0,0,0,0,0,0,0,0,0,2,0.5,0,125,2,0,28/05/2025 07:24,Wet_Season
155ce710-0a97-474a-9359-11506131065a,C-Kau6AAKR02,20,,,,4,3,0,0,0,0,0,0,0,0,2,0,0,3,0,0,0,0,2,0,2,0,0,2,0,28/05/2025 07:50,Wet_Season
11e5ada0-d5e6-474f-bd3b-04ff5bc94c44,C-KauJDFWM06,20,,,,4,2,0,0,0,0,0,0,0,0,2,0,0,3,0,0,0,0,2,0,250,0,0,2,0,28/05/2025 07:50,Wet_Season
5153da10-cdf4-403d-bcd1-b2e50fa4e4cd,C-KauWE1QL56,20,,,,4,3,0,0,0,0,0,0,0,0,2,0,0,3,0,0,0,0,2,0,250,0,0,2,0,28/05/2025 07:50,Wet_Season
6f5dd3bc-0c15-4e04-ad96-b579b685119a,C-KauVOXP524,20,,,,4,3,0,0,0,0,0,0,0,0,2,0,0,3,0,0,0,0,2,0,250,0,0,2,0,28/05/2025 07:50,Wet_Season
585b29f8-e3e7-4cbd-8980-0845fd32980e,C-Kau9YH9Z17,20,,,,4,3,0,0,0,0,0,0,0,0,2,0,0,3,0,0,0,0,2,0,250,0,0,2,0,28/05/2025 07:51,Wet_Season
04882616-ef9b-40ba-ac60-22e43c52fc1d,C-KauRGGMR10,20,,,,4,3,0,0,0,0,0,0,0,0,2,0,0,3,0,0,0,0,2,0,250,0,0,2,0,28/05/2025 07:51,Wet_Season
be50a1a5-feb7-49d0-9e53-7365da46567e,C-KauAT4B322,,50,,,4,3,0,0,0,0,0,0,0,0,0,0,0,0,0,0,0,0,0,2,2,0,5,2,0,28/05/2025 07:51,Wet_Season
df9e8bab-ba5b-44d2-96e4-765fbf9cc2b1,C-KauMF1XU44,,50,,,4,3,0,0,0,0,0,0,0,0,0,0,0,0,0,0,0,0,0,2,2,0,5,2,0,28/05/2025 07:51,Wet_Season
0d12f548-9b4f-4190-bf15-953a36d1251f,C-KauQWQWH23,20,,,,4,3,0,0,0,0,0,0,0,0,2,0,0,3,0,0,0,0,2,0,250,0,0,2,0,28/05/2025 07:51,Wet_Season
118aee81-daf6-4da8-bb49-e1f7da5dceda,C-KauEUTE356,,50,,,4,3,0,0,0,0,0,0,0,0,0,0,0,0,0,0,0,0,0,2,2,0,5,2,0,28/05/2025 07:51,Wet_Season
2df9e35e-c990-4b86-8a4d-332a7decfa8d,C-Kau2FN7636,20,,,,4,3,0,0,0,0,0,0,0,0,2,0,0,3,0,0,0,0,2,0,250,0,0,2,0,28/05/2025 07:51,Wet_Season
96b88f6c-568b-490f-81eb-6125ff07dd08,C-Jab005Z728,,50,,,4,3,0,0,0,0,0,0,0,0,0,0,0,0,0,0,0,0,0,2,250,0,1,2,0,28/05/2025 10:09,Wet_Season
f5b9ba03-1e5a-4f00-b279-57b27b5f135d,C-Jah6N19H47,,100,,,8,6,0,4,0,0,4,0,0,0,0,0,0,0,0,0,0,0,0,0,0,4,0,0,3000,28/05/2025 10:12,Dry_Season
036eddfc-6729-40ca-8ddc-b7de3770856e,C-JahRF9G807,,100,,,8,6,0,4,0,0,4,0,0,0,0,0,0,0,0,0,0,0,0,0,0,4,0,0,3000,28/05/2025 10:13,Dry_Season
b098e3cc-b706-4feb-b815-9e31c9611eed,C-JahUJ48D27,,100,,,8,6,0,4,0,0,4,0,0,0,0,0,0,0,0,0,0,0,0,0,0,4,0,0,3000,28/05/2025 10:13,Dry_Season
cb327229-a940-4f33-b3ae-49fd421e1bb0,C-JahXQ24Q34,,100,,,8,6,0,4,0,0,4,0,0,0,0,0,0,0,0,0,0,0,0,0,0,4,0,0,3000,28/05/2025 10:13,Dry_Season
7b5af57f-2854-42f0-8ed2-449e6a4b299c,C-JahY7YD140,,100,,,8,6,0,4,0,0,4,0,0,0,0,0,0,0,0,0,0,0,0,0,0,4,0,0,3000,28/05/2025 10:13,Dry_Season
bb5d56aa-7ae2-4fde-be5b-a4ab6706d288,C-Jah0256Z59,,100,,,8,6,0,4,0,0,4,0,0,0,0,0,0,0,0,0,0,0,0,0,0,4,0,0,3000,28/05/2025 10:13,Dry_Season
4856b531-ed85-452e-b2af-1018b0de38f5,C-Jah0M6P853,,100,,,8,6,0,4,0,0,4,0,0,0,0,0,0,0,0,0,0,0,0,0,0,4,0,0,3000,28/05/2025 10:13,Dry_Season
cabc4b55-c065-4d90-8edc-9fd0f8c9e9a2,C-Jah3FMV650,,100,,,8,6,0,4,0,0,4,0,0,0,0,0,0,0,0,0,0,0,0,0,0,4,0,0,3000,28/05/2025 10:14,Dry_Season
f28f7db3-8788-4a3a-b18c-82e53bba0c52,C-Jah5B4TE53,,100,,,8,6,0,4,0,0,4,0,0,0,0,0,0,0,0,0,0,0,0,0,0,4,0,0,3000,28/05/2025 10:14,Dry_Season
9d7f3348-d110-475c-b7ab-01d86dc7f736,C-Jah5ZBX006,,100,,,8,6,0,4,0,0,4,0,0,0,0,0,0,0,0,0,0,0,0,0,0,4,0,0,3000,28/05/2025 10:14,Dry_Season
1f4a5383-3d45-41d9-9c34-1bd6db128bfb,C-Jah6RYVO49,,100,,,8,6,0,4,0,0,4,0,0,0,0,0,0,0,0,0,0,0,0,0,0,4,0,0,3000,28/05/2025 10:14,Dry_Season
031a8487-207e-4b34-8faf-d06842d7b712,C-Jah78EVO27,,100,,,8,6,0,4,0,0,4,0,0,0,0,0,0,0,0,0,0,0,0,0,0,4,0,0,3000,28/05/2025 10:14,Dry_Season
39da266e-4c07-48d8-9889-840398e43896,C-Jah8V8R305,,100,,,8,6,0,4,0,0,4,0,0,0,0,0,0,0,0,0,0,0,0,0,0,4,0,0,3000,28/05/2025 10:14,Dry_Season
bb3e66b2-0761-42d4-8bca-cb244bb4f081,C-Jah9YK3B05,,100,,,8,6,0,4,0,0,4,0,0,0,0,0,0,0,0,0,0,0,0,0,0,4,0,0,3000,28/05/2025 10:14,Dry_Season
af82beb5-db57-4555-8bb2-5059dc836884,C-JahB8MNG44,,100,,,8,4,0,4,0,0,4,0,0,0,0,0,0,0,0,0,0,0,0,0,0,4,0,0,3000,28/05/2025 10:14,Dry_Season
d221b759-bb8b-4dff-bcec-be8947f944fc,C-JahJVOGH00,,100,,,8,6,0,4,0,0,4,0,0,0,0,0,0,0,0,0,0,0,0,0,0,4,0,0,3000,28/05/2025 10:14,Dry_Season
cea54c3c-9f70-48c4-8717-1624c4a438ce,C-JahKVI6K20,,100,,,8,6,0,4,0,0,4,0,0,0,0,0,0,0,0,0,0,0,0,0,0,4,0,0,3000,28/05/2025 10:14,Dry_Season
828e9c70-0450-44fe-baf9-a00216314e11,C-JahMA6V840,,100,,,8,6,0,4,0,0,4,0,0,0,0,0,0,0,0,0,0,0,0,0,0,4,0,0,3000,28/05/2025 10:14,Dry_Season
3e719512-629a-4570-9b3f-ce79656ed221,C-JahMK58Y52,,100,,,8,6,0,4,0,0,4,0,0,0,0,0,0,0,0,0,0,0,0,0,0,4,0,0,3000,28/05/2025 10:15,Dry_Season
3ba3e84a-1790-41ef-9e7b-2106a2236db9,C-JahOGMB029,,100,,,8,6,0,4,0,0,4,0,0,0,0,0,0,0,0,0,0,0,0,0,0,4,0,0,3000,28/05/2025 10:15,Dry_Season
056f2f28-7323-4d79-9110-bcfc76631900,C-JahORV1G39,,100,,,8,6,0,4,0,0,4,0,0,0,0,0,0,0,0,0,0,0,0,0,0,4,0,0,3000,28/05/2025 10:15,Dry_Season
59dad5b6-8f16-460b-99a5-1ccbac37e0ba,C-JahQ396204,,100,,,8,6,0,4,0,0,4,0,0,0,0,0,0,0,0,0,0,0,0,0,0,4,0,0,3000,28/05/2025 10:15,Dry_Season
730c35af-36e5-4dbb-8d22-44cb0699fd18,C-JahR0OPT21,,100,,,8,6,0,4,0,0,4,0,0,0,0,0,0,0,0,0,0,0,0,0,0,4,0,0,3000,28/05/2025 10:15,Dry_Season
6e7b5d57-29af-4cde-ac46-eff4659e399a,C-JahRM0US04,,100,,,8,6,0,4,0,0,4,0,0,0,0,0,0,0,0,0,0,0,0,0,0,4,0,0,3000,28/05/2025 10:15,Dry_Season
575a730d-4498-4c83-bfab-542ec25b86dd,C-JahSLVK301,,100,,,8,6,0,4,0,0,4,0,0,0,0,0,0,0,0,0,0,0,0,0,0,4,0,0,3000,28/05/2025 10:15,Dry_Season
362f551b-9b87-47be-99d9-758f60fffe52,C-JahSM39K02,,100,,,8,6,0,4,0,0,4,0,0,0,0,0,0,0,0,0,0,0,0,0,0,4,0,0,3000,28/05/2025 10:15,Dry_Season
930839bc-86cf-476b-b679-79668c5925a0,C-JahV5L8Y07,,100,,,8,6,0,4,0,0,4,0,0,0,0,0,0,0,0,0,0,0,0,0,0,4,0,0,3000,28/05/2025 10:15,Dry_Season
1703865a-7724-4aa2-88ac-40a1a07ad717,C-JahWAUL114,,100,,,8,6,0,4,0,0,4,0,0,0,0,0,0,0,0,0,0,0,0,0,0,4,0,0,3000,28/05/2025 10:15,Dry_Season
3a914d55-96fc-48d9-bbeb-1baf4088156a,C-JahY21H348,,100,,,8,6,0,4,0,0,4,0,0,0,0,0,0,0,0,0,0,0,0,0,0,4,0,0,3000,28/05/2025 10:15,Dry_Season
f808346d-49f3-492a-bbf0-9aa6168fdc1f,C-JahZLLQK36,,100,,,8,6,0,4,0,0,4,0,0,0,0,0,0,0,0,0,0,0,0,0,0,4,0,0,3000,28/05/2025 10:15,Dry_Season
f3df4cb9-9b2b-436c-aa07-01b5ab7dd021,C-JahZU8DN51,,100,,,8,6,0,4,0,0,4,0,0,0,0,0,0,0,0,0,0,0,0,0,0,4,0,0,3000,28/05/2025 10:15,Dry_Season
bef8b0a1-9207-42a5-b5f5-5c1181b2c83d,C-Jah0LUOX14,,100,,,8,6,0,4,0,0,4,0,0,0,0,0,0,0,0,0,0,0,0,0,0,4,0,0,3000,28/05/2025 10:15,Dry_Season
c4b381e8-c4c7-4f92-b0ed-2fe227d7b15f,C-Jah3CGWV28,,100,,,8,6,0,4,0,0,4,0,0,0,0,0,0,0,0,0,0,0,0,0,0,4,0,0,3000,28/05/2025 10:15,Dry_Season
d14b8478-a6af-48be-bf14-24377cd6a725,C-Jah6KTBG44,,100,,,8,6,0,4,0,0,4,0,0,0,0,0,0,0,0,0,0,0,0,0,0,4,0,0,3000,28/05/2025 10:15,Dry_Season
261169c4-b72a-412b-ba62-674e914c910d,C-Jah6T1J418,,100,,,8,6,0,4,0,0,4,0,0,0,0,0,0,0,0,0,0,0,0,0,0,4,0,0,3000,28/05/2025 10:15,Dry_Season
ee3acc35-c9b9-4ea7-9dd5-23e83e338488,C-Jah8H05S08,,100,,,8,6,0,4,0,0,4,0,0,0,0,0,0,0,0,0,0,0,0,0,0,4,0,0,3000,28/05/2025 10:15,Dry_Season
eaf5e8c5-17c5-4f79-ac27-bb57a1c51f20,C-Jah8Z9QU27,,100,,,8,6,0,4,0,0,4,0,0,0,0,0,0,0,0,0,0,0,0,0,0,4,0,0,3000,28/05/2025 10:15,Dry_Season
cc05021b-0fbd-409e-8722-bc0ca2b3d53d,C-JahB855Q33,,100,,,8,6,0,4,0,0,4,0,0,0,0,0,0,0,0,0,0,0,0,0,0,4,0,0,3000,28/05/2025 10:15,Dry_Season
48c981de-3681-4c36-8a4b-c5de286364f4,C-JahDNQNO30,,100,,,8,6,0,0,0,0,4,0,0,0,0,0,0,0,0,0,0,0,0,0,0,4,0,0,3000,28/05/2025 10:15,Dry_Season
5bbe237b-e76d-465c-8241-4bd5a2721775,C-JahE34BX32,,100,,,8,6,0,4,0,0,4,0,0,0,0,0,0,0,0,0,0,0,0,0,0,4,0,0,3000,28/05/2025 10:15,Dry_Season
1aed91ce-2eb5-4b05-921b-1374e21f6592,C-JahFGM4Y22,,100,,,8,6,0,4,0,0,4,0,0,0,0,0,0,0,0,0,0,0,0,0,0,4,0,0,3000,28/05/2025 10:15,Dry_Season
3a4716cc-c6c6-48d8-8a9c-6e17461745d0,C-JahHLSJB06,,100,,,8,6,0,4,0,0,4,0,0,0,0,0,0,0,0,0,0,0,0,0,0,4,0,0,3000,28/05/2025 10:15,Dry_Season
0c88d0e6-9744-4131-a975-fd56f1ce1c32,C-JahICC9647,,100,,,8,6,0,4,0,0,4,0,0,0,0,0,0,0,0,0,0,0,0,0,0,4,0,0,3000,28/05/2025 10:15,Dry_Season
ad74a289-5007-493b-b406-03d7c905c743,C-JahKXP6718,,100,,,8,6,0,4,0,0,4,0,0,0,0,0,0,0,0,0,0,0,0,0,0,4,0,0,3000,28/05/2025 10:15,Dry_Season
a5eae775-1c2e-400f-b03b-91f1ccaab035,C-JahL5L7131,,100,,,8,0,0,4,0,0,4,0,0,0,0,0,0,0,0,0,0,0,0,0,0,4,0,0,3000,28/05/2025 10:15,Dry_Season
7b8803b2-56af-4694-8046-148277854bcf,C-JahLAPUG50,,100,,,4,6,0,4,0,0,4,0,0,0,0,0,0,0,0,0,0,0,0,0,0,4,0,0,3000,28/05/2025 10:15,Dry_Season
7435f990-729b-4ff6-94c9-a2e0f4fd3fae,C-JahLWJD806,,100,,,8,6,0,4,0,0,4,0,0,0,0,0,0,0,0,0,0,0,0,0,0,4,0,0,3000,28/05/2025 10:15,Dry_Season
9b065419-e689-4479-ab1e-99efb57cce5e,C-JahLXUD007,,100,,,8,6,0,4,0,0,4,0,0,0,0,0,0,0,0,0,0,0,0,0,0,4,0,0,3000,28/05/2025 10:15,Dry_Season
93f83678-4dac-487c-87ac-fc9b15c3ec16,C-JahMJ8V046,,100,,,8,6,0,4,0,0,4,0,0,0,0,0,0,0,0,0,0,0,0,0,0,4,0,0,3000,28/05/2025 10:15,Dry_Season
e34b5aee-4050-41e8-94b5-812b47891e25,C-JahNS74J55,,100,,,8,6,0,4,0,0,6,0,0,0,0,0,0,0,0,0,0,0,0,0,0,6,0,0,3000,28/05/2025 10:15,Dry_Season
4435950e-3561-40bf-a4b5-27ea375426a8,C-JahRAJS359,,100,,,8,6,0,4,0,0,4,0,0,0,0,0,0,0,0,0,0,0,0,0,0,1,0,0,3000,28/05/2025 10:15,Dry_Season
7455b4e3-ff15-4155-b1bd-e211c08c78ea,C-JahRXKGJ03,,100,,,8,6,0,4,0,0,4,0,0,0,0,0,0,0,0,0,0,0,0,0,0,4,0,0,3000,28/05/2025 10:15,Dry_Season
634cfcd8-fc79-4661-99f7-348c003a9826,C-JahT4ZNZ02,,100,,,8,6,0,4,0,0,4,0,0,0,0,0,0,0,0,0,0,0,0,0,0,4,0,0,3000,28/05/2025 10:15,Dry_Season
e8d0ba34-f2d5-437f-a880-db0961737f2d,C-JahUA5S533,,100,,,8,6,0,4,0,0,4,0,0,0,0,0,0,0,0,0,0,0,0,0,0,4,0,0,3000,28/05/2025 10:15,Dry_Season
270d6d21-3ae1-4613-82dc-ac80a381caef,C-JahW6SBK20,,100,,,8,6,0,4,0,0,4,0,0,0,0,0,0,0,0,0,0,0,0,0,0,4,0,0,3000,28/05/2025 10:15,Dry_Season
3debcd27-d08c-4ec1-9adb-338ae7ec84ad,C-Jah0N21618,,100,,,8,6,0,4,0,0,4,0,0,0,0,0,0,0,0,0,0,0,0,0,0,4,0,0,3000,28/05/2025 10:16,Dry_Season
bd80ab57-6f66-41e1-ad0b-84e57c01a4b4,C-Jah1UNAS34,,100,,,8,6,0,4,0,0,4,0,0,0,0,0,0,0,0,0,0,0,0,0,0,4,0,0,3000,28/05/2025 10:16,Dry_Season
aaafc247-7246-4bc4-8de4-48259cf8631e,C-Jah3613J01,,100,,,8,6,0,4,0,0,4,0,0,0,0,0,0,0,0,0,0,0,0,0,0,4,0,0,3000,28/05/2025 10:16,Dry_Season
e3637ff0-2771-4612-b0dc-040ae0c2de2a,C-Jah5PSLZ28,,100,,,8,6,0,4,0,0,4,0,0,0,0,0,0,0,0,0,0,0,0,0,0,4,0,0,3000,28/05/2025 10:16,Dry_Season
998cb689-9f9f-4862-8db3-a4e8a63a047d,C-Jah6LBVV33,,100,,,8,6,0,4,0,0,4,0,0,0,0,0,0,0,0,0,0,0,0,0,0,4,0,0,3000,28/05/2025 10:16,Dry_Season
b4bbcf09-0316-4b07-8a3a-655fc2134c42,C-Jah7U8OH14,,100,,,8,6,0,4,0,0,4,0,0,0,0,0,0,0,0,0,0,0,0,0,0,4,0,0,3000,28/05/2025 10:16,Dry_Season
5ab84fee-3397-4639-9d15-6bef831ddd51,C-Jah89RNJ44,,100,,,8,6,0,4,0,0,4,0,0,0,0,0,0,0,0,0,0,0,0,0,0,4,0,0,3000,28/05/2025 10:16,Dry_Season
aedba2af-62dc-4018-93b2-6172a2125293,C-Jah8EKLE21,,100,,,8,6,0,4,0,0,4,0,0,0,0,0,0,0,0,0,0,0,0,0,0,4,0,0,3000,28/05/2025 10:16,Dry_Season
ad16718c-ecb7-4739-9a7f-82ca0026cb83,C-Jah9W3R651,,100,,,8,6,0,4,0,0,4,0,0,0,0,0,0,0,0,0,0,0,0,0,0,4,0,0,3000,28/05/2025 10:16,Dry_Season
78e728e4-3058-4666-a7cb-dfd34051a5ea,C-JabCKF0236,20,,,,4,3,0,0,0,0,0,0,0,0,2,0,0,5,0,0,0,0,2,0,250,0,0,2,0,28/05/2025 10:30,Wet_Season
7aa04a73-daf4-4224-8edf-d5158861066a,C-JabFDTVM43,,50,,,4,3,0,0,0,0,0,0,0,0,0,0,0,0,0,0,0,0,0,2,0,0,1,2,0,28/05/2025 10:30,Wet_Season
da0ee733-f64c-4d8f-9678-86b0c6db9023,C-JabR4WVD28,20,,,,4,3,0,0,0,0,0,0,0,0,2,0,0,5,0,0,0,0,2,0,250,0,0,2,0,28/05/2025 10:30,Wet_Season
865313ac-0125-4e01-a9db-27ba07880807,C-JabGYK3G08,,50,,,4,3,0,0,0,0,0,0,0,0,0,0,0,0,0,0,0,0,0,2,2,0,125,2,0,28/05/2025 11:52,Wet_Season
d6cd7da9-bf8b-4bd0-88fa-04dfaaa9c0a9,C-JabJ9LPE58,,50,,,4,3,0,0,0,0,0,0,0,0,0,0,0,0,0,0,0,0,0,2,2,0,125,2,0,28/05/2025 11:52,Wet_Season
199b9b80-4fec-4b13-93e6-52f76c425e7a,C-Jab8ZUPH45,,50,,,4,3,0,0,0,0,0,0,0,0,0,0,0,0,0,0,0,0,0,2,2,0,125,2,0,28/05/2025 11:52,Wet_Season
ebbc0307-487c-4025-ac57-b34f99c320b2,C-Jab2BHH814,,50,,,4,3,0,0,0,0,0,0,0,0,0,0,0,0,0,0,0,0,0,2,2,0,125,2,0,28/05/2025 11:52,Wet_Season
8650d0b9-cc56-4363-96ab-a13ad5396d87,C-JabEWUM922,,50,,,4,3,0,0,0,0,0,0,0,0,0,0,0,0,0,0,0,0,0,2,2,0,125,2,0,28/05/2025 11:52,Wet_Season
e8db940f-a15c-42c2-9794-d58d07b99f18,C-JabKX8AD07,,50,,,4,3,0,0,0,0,0,0,0,0,0,0,0,0,0,0,0,0,0,2,2,0,125,2,0,28/05/2025 11:52,Wet_Season
564edd77-6ace-4d8f-ae8f-229257bc5da8,C-Jab1BSW314,,50,,,4,3,0,0,0,0,0,0,0,0,0,0,0,0,0,0,0,0,0,2,2,0,125,2,0,28/05/2025 11:52,Wet_Season
69d96585-a24f-4994-a7b2-e019067188c6,C-JabHC1NJ25,,50,,,4,3,0,0,0,0,0,0,0,0,0,0,0,0,0,0,0,0,0,2,2,0,125,2,0,28/05/2025 11:52,Wet_Season
4605f5d7-6e6f-46f3-bb79-1c3c8c2299ce,C-JabBH6IL08,,50,,,4,3,0,0,0,0,0,0,0,0,0,0,0,0,0,0,0,0,0,2,2,0,125,2,0,28/05/2025 11:52,Wet_Season
236526e5-9a3f-4263-86c6-ca346cbb8472,C-JabSRDE315,,50,,,4,3,0,0,0,0,0,0,0,0,0,0,0,0,0,0,0,0,0,2,2,0,125,2,0,28/05/2025 11:52,Wet_Season
e68fba2c-5cf5-49e0-a19d-84811bea492b,C-Jab64QH003,,50,,,4,3,0,0,0,0,0,0,0,0,0,0,0,0,0,0,0,0,0,2,2,0,125,2,0,28/05/2025 11:52,Wet_Season
620c63b4-f79d-454e-9ac4-2cf184f96261,C-JabK6VNI21,20,,,,4,3,0,0,0,0,0,0,0,0,2,0,0,5,0,0,0,0,2,0,2,0,0,2,0,28/05/2025 11:52,Wet_Season
84ec305c-d8c0-4e4e-b4b8-a5e99b35f4df,C-ChiRFT1R10,20,,,,4,3,0,0,0,0,0,0,0,0,2,0,0,5,0,0,0,0,2,0,2,0,0,2,0,28/05/2025 13:52,Wet_Season
1256815c-4884-47a7-b346-aa6c1053d792,C-ChiGGAFF58,,50,,,4,3,0,0,0,0,0,0,0,0,0,0,0,0,0,0,0,0,0,2,2,0,5,2,0,28/05/2025 13:52,Wet_Season
c62389d2-6bab-4af8-88fb-d9bb1ca4160d,C-Chi7LROI45,20,,,,4,3,0,0,0,0,0,0,0,0,2,0,0,5,0,0,0,0,2,0,2,0,0,2,0,28/05/2025 13:52,Wet_Season
b5dbd293-d916-4120-a6dc-4348051644ec,C-ChiYQVBG39,20,,,,4,3,0,0,0,0,0,0,0,0,2,0,0,5,0,0,0,0,2,0,2,0,0,2,0,28/05/2025 13:52,Wet_Season
8fbcee1e-edd3-4852-95fc-5f19252c8211,C-ChiM3J5632,20,,,,4,3,0,0,0,0,0,0,0,0,2,0,0,5,0,0,0,0,2,0,2,0,0,2,0,28/05/2025 13:52,Wet_Season
095ee5a1-bbdc-46d1-bbd0-341ede0f5088,C-ChiQ3JCN23,20,,,,4,3,0,0,0,0,0,0,0,0,2,0,0,5,0,0,0,0,2,0,2,0,0,2,0,28/05/2025 13:52,Wet_Season
1f44bd26-de73-4a8d-921f-b4eed0f1d1ed,C-Chi7ZXZK16,20,,,,4,3,0,0,0,0,0,0,0,0,2,0,0,5,0,0,0,0,2,0,2,0,0,2,0,28/05/2025 13:52,Wet_Season
713410ab-2240-4453-b569-77d24d523e1a,C-ChiDD53000,20,,,,4,3,0,0,0,0,0,0,0,0,2,0,0,5,0,0,0,0,2,0,2,0,0,2,0,28/05/2025 13:52,Wet_Season
84eeeb83-66f5-4157-a1fe-6429a2566967,C-ChiHI96152,20,,,,4,3,0,0,0,0,0,0,0,0,2,0,0,5,0,0,0,0,2,0,2,0,0,2,0,28/05/2025 13:52,Wet_Season
adc99be5-aa6e-496d-9727-98aab19cf552,C-ChiHF33B03,20,,,,4,3,0,0,0,0,0,0,0,0,2,0,0,5,0,0,0,0,2,0,2,0,0,2,0,28/05/2025 13:52,Wet_Season
d10234c9-9efe-49fa-a4c2-91a804679be3,C-ChiZWDRD10,20,,,,4,3,0,0,0,0,0,0,0,0,2,0,0,5,0,0,0,0,2,0,2,0,0,2,0,28/05/2025 13:52,Wet_Season
3dbdda43-2cd9-4d5b-a95a-c0aac3a40ac7,C-ChiDBBDW34,,50,,,4,3,0,0,0,0,0,0,0,0,0,0,0,0,0,0,0,0,0,2,2,0,5,2,0,28/05/2025 14:46,Wet_Season
928a14c4-2965-4be5-a650-7d745f80564e,C-ChiD7RD308,20,,,,4,3,0,0,0,0,0,0,0,0,2,0,0,5,0,0,0,0,2,0,2,0,0,2,0,28/05/2025 15:32,Wet_Season
8e386c58-5152-4cb7-8246-e7c682ada466,C-ChiDEOBR12,20,,,,4,3,0,0,0,0,0,0,0,0,2,0,0,5,0,0,0,0,2,0,2,0,0,2,0,28/05/2025 15:32,Wet_Season
de356375-0292-499c-9f84-1bea3372d80d,C-Chi5YEW611,20,,,,4,3,0,0,0,0,0,0,0,0,2,0,0,5,0,0,0,0,2,0,2,0,0,2,0,28/05/2025 15:32,Wet_Season
69bd22e7-362e-41ee-972a-aefffbc83a27,C-Chi4Z1LS08,,50,,,4,3,0,0,0,0,0,0,0,0,0,0,0,0,0,0,0,0,0,2,2,0,2,2,0,28/05/2025 15:32,Wet_Season
14cc0438-8b0c-43a3-8aae-0e54a4683ae1,C-ChiOE6X515,20,,,,4,3,0,0,0,0,0,0,0,0,2,0,0,5,0,0,0,0,2,0,2,0,0,2,0,28/05/2025 15:32,Wet_Season
902e59bb-1e58-40a6-9d8a-dfadf46513f0,C-ChiF4GQO31,20,,,,4,3,0,0,0,0,0,0,0,0,2,0,0,5,0,0,0,0,2,0,2,0,0,2,0,28/05/2025 15:32,Wet_Season
2dbe943f-8550-43bb-baaa-d931d6602b8d,C-ChiIJRKL55,20,,,,4,3,0,0,0,0,0,0,0,0,2,0,0,5,0,0,0,0,2,0,2,0,0,2,0,28/05/2025 15:32,Wet_Season
0b64d9fa-e555-4406-9dcf-5d7ec327cffc,C-ChiUOOH928,20,,,,4,3,0,0,0,0,0,0,0,0,2,0,0,5,0,0,0,0,2,0,2,0,0,2,0,28/05/2025 15:32,Wet_Season
185334a1-4225-4eed-8adc-635525bee29b,C-ChiXBFEO44,20,,,,4,3,0,0,0,0,0,0,0,0,2,0,0,5,0,0,0,0,2,0,2,0,0,2,0,28/05/2025 15:32,Wet_Season
0f685347-b52b-4ef6-a103-b9306b0d756e,C-JahA9S9214,,100,,,8,6,0,4,0,0,4,0,0,0,0,0,0,0,0,0,0,0,0,0,0,4,0,0,3000,28/05/2025 16:22,Dry_Season
d0eaea25-d791-464b-b984-21081807724c,C-JahBUN4C17,,100,,,8,6,0,4,0,0,4,0,0,0,0,0,0,0,0,0,0,0,0,0,0,4,0,0,3000,28/05/2025 16:22,Dry_Season
fbb9f00f-2484-469e-a6e4-f9c6dd6b2117,C-JahDNIEB18,,100,,,6,6,0,4,0,0,4,0,0,0,0,0,0,0,0,0,0,0,0,0,0,4,0,0,3000,28/05/2025 16:22,Dry_Season
9ad309c6-1f27-402a-bcc7-054dfb77bc86,C-JahDWJXY24,,100,,,8,6,0,4,0,0,4,0,0,0,0,0,0,0,0,0,0,0,0,0,0,4,0,0,3000,28/05/2025 16:22,Dry_Season
d2ee0ffc-e23a-4e5a-8693-3b8ac013a590,C-JahEFRXD22,,100,,,8,6,0,4,0,0,4,0,0,0,0,0,0,0,0,0,0,0,0,0,0,4,0,0,3000,28/05/2025 16:22,Dry_Season
8ea97ee0-7d09-4b8f-84a8-e83fdce972c8,C-JahGZ6L625,,100,,,8,6,0,4,0,0,4,0,0,0,0,0,0,0,0,0,0,0,0,0,0,4,0,0,3000,28/05/2025 16:22,Dry_Season
70e81ddc-0c6d-4cf1-8cd2-00214ef4d26e,C-JahHDPGA21,,100,,,8,6,0,4,0,0,4,0,0,0,0,0,0,0,0,0,0,0,0,0,0,4,0,0,3000,28/05/2025 16:22,Dry_Season
ad6767b5-1757-43a7-9e29-c60aa45a00ce,C-JahHE0A046,,100,,,8,6,0,4,0,0,4,0,0,0,0,0,0,0,0,0,0,0,0,0,0,4,0,0,3000,28/05/2025 16:22,Dry_Season
be8c2809-b331-465e-b957-e669957fde53,C-JahHPB5G49,,100,,,8,6,0,4,0,0,4,0,0,0,0,0,0,0,0,0,0,0,0,0,0,4,0,0,3000,28/05/2025 16:22,Dry_Season
bcf80384-00d5-4059-a589-33603465eef0,C-JahL2ASL48,,100,,,8,6,0,4,0,0,6,0,0,0,0,0,0,0,0,0,0,0,0,0,0,6,0,0,3000,28/05/2025 16:22,Dry_Season
08052d4e-510f-4ef0-a7e0-aee89601d05f,C-JahMA8AM33,,100,,,8,6,0,4,0,0,4,0,0,0,0,0,0,0,0,0,0,0,0,0,0,4,0,0,3000,28/05/2025 16:22,Dry_Season
87cedcb9-a10f-43e1-b990-b0fc98fad775,C-JahODHK440,,100,,,8,6,0,4,0,0,4,0,0,0,0,0,0,0,0,0,0,0,0,0,0,4,0,0,3000,28/05/2025 16:22,Dry_Season
fe30b262-da61-450a-bd64-2b5a251a12d4,C-JahSWJBS29,,100,,,8,6,0,4,0,0,4,0,0,0,0,0,0,0,0,0,0,0,0,0,0,4,0,0,3000,28/05/2025 16:22,Dry_Season
6944f3ae-bb0c-4139-b3ab-affed0c66afc,C-JahX6GHE37,,100,,,8,6,0,4,0,0,4,0,0,0,0,0,0,0,0,0,0,0,0,0,0,4,0,0,3000,28/05/2025 16:22,Dry_Season
304858b8-0e13-4128-90d1-0246664d6471,C-JahXP2BC43,,100,,,8,6,0,4,0,0,4,0,0,0,0,0,0,0,0,0,0,0,0,0,0,4,0,0,3000,28/05/2025 16:22,Dry_Season
0da5a659-d7d0-4e91-a585-e8087a3e70d6,C-JahZPGVD38,,100,,,8,6,0,4,0,0,4,0,0,0,0,0,0,0,0,0,0,0,0,0,0,4,0,0,3000,28/05/2025 16:23,Dry_Season
61ba8451-2268-48cb-bb46-d386a27ce20a,C-Jah2DPQL58,,100,,,8,6,0,4,0,0,6,0,0,0,0,0,0,0,0,0,0,0,0,0,0,6,0,0,3000,28/05/2025 16:23,Dry_Season
da916bc9-ee0d-4788-886e-6189dedb99ce,C-Jah2ZXQB22,,100,,,8,6,0,4,0,0,4,0,0,0,0,0,0,0,0,0,0,0,0,0,0,4,0,0,3000,28/05/2025 16:23,Dry_Season
62df95a2-8c2b-4a0e-92df-f51714b4107e,C-Jah6YBX814,,100,,,8,6,0,4,0,0,4,0,0,0,0,0,0,0,0,0,0,0,0,0,0,4,0,0,3000,28/05/2025 16:23,Dry_Season
6fbe01aa-e023-4eea-901e-2401f8238f37,C-Jah7V4F944,,100,,,8,6,0,4,0,0,4,0,0,0,0,0,0,0,0,0,0,0,0,0,0,4,0,0,3000,28/05/2025 16:23,Dry_Season
9167c6ac-c998-49a7-b133-25a1809a4a64,C-JahBOYU746,,100,,,8,6,0,4,0,0,4,0,0,0,0,0,0,0,0,0,0,0,0,0,0,4,0,0,3000,28/05/2025 16:23,Dry_Season
c86b2cb3-f5bd-4f8d-bdad-3bde3329a1fb,C-JahC6JMZ38,,100,,,8,6,0,4,0,0,6,0,0,0,0,0,0,0,0,0,0,0,0,0,0,4,0,0,3000,28/05/2025 16:23,Dry_Season
a8ca6876-d05d-429b-91d4-0b59a73c8fb0,C-JahCY1FJ20,,100,,,8,6,0,4,0,0,4,0,0,0,0,0,0,0,0,0,0,0,0,0,0,4,0,0,3000,28/05/2025 16:23,Dry_Season
a2e8a139-5b35-4113-b283-e2d086d6bbde,C-JahEXEJN42,,100,,,8,6,0,4,0,0,4,0,0,0,0,0,0,0,0,0,0,0,0,0,0,4,0,0,3000,28/05/2025 16:23,Dry_Season
42998611-c2c7-4234-bf2b-6d06d05e28e2,C-JahG1CDC13,,100,,,8,6,0,4,0,0,4,0,0,0,0,0,0,0,0,0,0,0,0,0,0,4,0,0,3000,28/05/2025 16:23,Dry_Season
9fba7107-bc0f-4905-957d-6ccc3de68ab4,C-JahGGYMC59,,100,,,8,6,0,4,0,0,4,0,0,0,0,0,0,0,0,0,0,0,0,0,0,4,0,0,3000,28/05/2025 16:23,Dry_Season
031d2d17-b863-40f2-af77-cd35ebf5b7a8,C-JahGPYZ656,,100,,,8,6,0,4,0,0,4,0,0,0,0,0,0,0,0,0,0,0,0,0,0,4,0,0,3000,28/05/2025 16:23,Dry_Season
fe9d1731-d5b0-4ce0-a272-9ea0b0b7867a,C-JahIWYA303,,100,,,8,6,0,4,0,0,4,0,0,0,0,0,0,0,0,0,0,0,0,0,0,4,0,0,3000,28/05/2025 16:23,Dry_Season
a460d325-cb44-4128-a8e2-5fd10959d362,C-JahJ35PU42,,100,,,8,6,0,4,0,0,4,0,0,0,0,0,0,0,0,0,0,0,0,0,0,4,0,0,3000,28/05/2025 16:23,Dry_Season
63b0d95a-1c55-4f88-9ddd-6952fdc0f55d,C-JahJCR0Q06,,100,,,8,6,0,4,0,0,4,0,0,0,0,0,0,0,0,0,0,0,0,0,0,4,0,0,3000,28/05/2025 16:23,Dry_Season
b79b6537-9f88-4a9a-ba6f-43872f67a1d3,C-JahT9QQH08,,100,,,8,6,0,4,0,0,4,0,0,0,0,0,0,0,0,0,0,0,0,0,0,4,0,0,3000,28/05/2025 16:23,Dry_Season
598c73ea-6778-4dab-9356-5d16b098efcf,C-JahV3CG044,,100,,,8,6,0,4,0,0,6,0,0,0,0,0,0,0,0,0,0,0,0,0,0,6,0,0,3000,28/05/2025 16:23,Dry_Season
b89454fd-34f5-4050-ba6e-55a208f414ef,C-JahVD2OQ48,,100,,,8,6,0,4,0,0,4,0,0,0,0,0,0,0,0,0,0,0,0,0,0,4,0,0,3000,28/05/2025 16:23,Dry_Season
52788551-601a-4aea-bbae-de6ca94edc10,C-JahX26ZB14,,100,,,8,6,0,4,0,0,4,0,0,0,0,0,0,0,0,0,0,0,0,0,0,4,0,0,3000,28/05/2025 16:23,Dry_Season
113422ee-8884-43dd-b543-70fcf5aa40b6,C-JahY7SFL49,,100,,,8,6,0,4,0,0,4,0,0,0,0,0,0,0,0,0,0,0,0,0,0,4,4,0,0,28/05/2025 16:23,Dry_Season
6f3fadcb-e83a-4983-bb8d-8e023bcf5ff6,C-JahZS4Q953,,100,,,8,6,0,4,0,0,4,0,0,0,0,0,0,0,0,0,0,0,0,0,0,4,0,0,3000,28/05/2025 16:23,Dry_Season
20c46eaa-273e-4b87-b387-ca10edb0692e,C-Jah55KGK43,,100,,,8,6,0,4,0,0,4,0,0,0,0,0,0,0,0,0,0,0,0,0,0,4,0,0,3000,28/05/2025 16:23,Dry_Season
64288b39-7e32-4e75-bb83-8017d23cbb51,C-Jah6O7O522,,100,,,8,6,0,4,0,0,4,0,0,0,0,0,0,0,0,0,0,0,0,0,0,4,0,0,3000,28/05/2025 16:23,Dry_Season
20366f8a-745c-456a-8628-9fc114f1e3ef,C-JahAP6ND02,,100,,,8,6,0,4,0,0,4,0,0,0,0,0,0,0,0,0,0,0,0,0,0,4,0,0,3000,28/05/2025 16:23,Dry_Season
a4b45ded-78c1-4bc3-ac60-fff64c784d06,C-JahBDQQG05,,100,,,8,6,0,4,0,0,4,0,0,0,0,0,0,0,0,0,0,0,0,0,0,4,0,0,30000,28/05/2025 16:23,Dry_Season
7eb69143-5a58-4088-8171-2598bf437e39,C-JahCJS9I21,,100,,,8,6,0,4,0,0,4,0,0,0,0,0,0,0,0,0,0,0,0,0,0,4,0,0,3000,28/05/2025 16:23,Dry_Season
b6f94613-7869-4aa8-a7e7-e75f77d9bbbd,C-JahDRISR46,,100,,,8,6,0,4,0,0,4,0,0,0,0,0,0,0,0,0,0,0,0,0,0,4,0,0,3000,28/05/2025 16:23,Dry_Season
eddc1c71-3260-409b-9c52-4b05a679b280,C-JahGHV9741,,100,,,8,6,0,4,0,0,4,0,0,0,0,0,0,0,0,0,0,0,0,0,0,4,0,0,3000,28/05/2025 16:23,Dry_Season
0707aba2-d014-41e6-8fe3-c37d5d2cfd42,C-JahLDT4Y53,,100,,,8,6,0,4,0,0,4,0,0,0,0,0,0,0,0,0,0,0,0,0,0,4,0,0,3000,28/05/2025 16:23,Dry_Season
7a5c090a-5ccd-4a41-bf39-ebc48115dd47,C-JahMOY7G05,,100,,,8,6,0,4,0,0,4,0,0,0,0,0,0,0,0,0,0,0,0,0,0,4,0,0,3000,28/05/2025 16:23,Dry_Season
2f08862e-26f5-4f63-9779-de8b7ed89cd2,C-JahNHYPI38,,100,,,8,6,0,4,0,0,4,0,0,0,0,0,0,0,0,0,0,0,0,0,0,4,0,0,3000,28/05/2025 16:23,Dry_Season
4aa1390d-0099-41e8-b77b-cfc1e1d16933,C-JahOVPL135,,100,,,8,6,0,4,0,0,4,0,0,0,0,0,0,0,0,0,0,0,0,0,0,4,0,0,3000,28/05/2025 16:23,Dry_Season
c57b87c9-63e0-4b2f-817c-882f781996db,C-JahSE0T450,,100,,,8,6,0,4,0,0,4,0,0,0,0,0,0,0,0,0,0,0,0,0,0,0,0,0,3000,28/05/2025 16:23,Dry_Season
82795f9c-a785-40e9-8d39-0f394be0b3ec,C-JahSERS623,,100,,,8,6,0,4,0,0,4,0,0,0,0,0,0,0,0,0,0,0,0,0,0,4,0,0,3000,28/05/2025 16:23,Dry_Season
1cc0695c-a57b-421a-b940-81eccbbd1232,C-JahT72UF11,,100,,,8,6,0,0,0,0,4,0,0,0,0,0,0,0,0,0,0,0,0,0,0,4,0,0,3000,28/05/2025 16:23,Dry_Season
102acd21-824b-42a5-8bb8-339d8f6d47ac,C-JahUM13W37,,100,,,8,6,0,4,0,0,4,0,0,0,0,0,0,0,0,0,0,0,0,0,0,4,0,0,3000,28/05/2025 16:23,Dry_Season
ec62df43-9257-47ef-b1f4-1c743aeebb5a,C-JahVHPO519,,100,,,8,6,0,4,0,0,4,0,0,0,0,0,0,0,0,0,0,0,0,0,0,4,0,0,3000,28/05/2025 16:23,Dry_Season
6f643447-2f40-448f-9b52-8dde018a7efc,C-JahZ5KXY28,,100,,,8,6,0,4,0,0,4,0,0,0,0,0,0,0,0,0,0,0,0,0,0,4,0,0,3000,28/05/2025 16:23,Dry_Season
0a7f66e8-072f-49be-bdb5-be04cdb66b4a,C-JahZIJOT07,,100,,,8,6,0,4,0,0,4,0,0,0,0,0,0,0,0,0,0,0,0,0,0,4,0,0,3000,28/05/2025 16:23,Dry_Season
c5208c95-24fb-4a8f-af29-7c99ad67e4b3,C-Jah15HR655,,100,,,8,6,0,4,0,0,4,0,0,0,0,0,0,0,0,0,0,0,0,0,0,4,0,0,3000,28/05/2025 16:24,Dry_Season
f28228de-df16-4b99-8d27-f40d82dce0b4,C-Jah168H122,,100,,,8,6,0,4,0,0,4,0,0,0,0,0,0,0,0,0,0,0,0,0,0,4,0,0,3000,28/05/2025 16:24,Dry_Season
e10b5dbe-f7da-48f0-a87a-38d09396fed2,C-Jah2ESJV13,,100,,,8,6,0,4,0,0,4,0,0,0,0,0,0,0,0,0,0,0,0,0,0,4,0,0,0,28/05/2025 16:24,Dry_Season
332ff0be-1ec9-43f3-8e25-9c204f9d71aa,C-Jah2ZYXG29,,100,,,8,6,0,4,0,0,6,0,0,0,0,0,0,0,0,0,0,0,0,0,0,4,0,0,3000,28/05/2025 16:24,Dry_Season
abff54ab-3112-4102-9e04-8cab7acf2f74,C-Jah3MPBQ14,,100,,,8,6,0,4,0,0,4,0,0,0,0,0,0,0,0,0,0,0,0,0,0,4,0,0,3000,28/05/2025 16:24,Dry_Season
b981671f-a2a8-4cf2-8985-ef198e1a2ff2,C-Jah48JFW48,,100,,,8,6,0,4,0,0,4,0,0,0,0,0,0,0,0,0,0,0,0,0,0,4,0,0,3000,28/05/2025 16:24,Dry_Season
e9cc92f4-c973-47eb-995d-9e797e6fd06c,C-Jah4DFT314,,100,,,8,6,0,4,0,0,4,0,0,0,0,0,0,0,0,0,0,0,0,0,0,4,0,0,3000,28/05/2025 16:24,Dry_Season
fe06f645-f740-43fc-88e4-d72303b2cc1e,C-Jah7E79T22,,100,,,8,6,0,4,0,0,4,0,0,0,0,0,0,0,0,0,0,0,0,0,0,4,0,0,3000,28/05/2025 16:24,Dry_Season
683176e7-c399-44a2-b689-0ccb60dc2311,C-JahBOWTB45,,100,,,8,6,0,2,0,0,4,0,0,0,0,0,0,0,0,0,0,0,0,0,0,4,0,0,3000,28/05/2025 16:24,Dry_Season
0d26d14c-edf4-47a8-8194-9dfd92ed8c04,C-JahBXTM249,,100,,,8,6,0,4,0,0,4,0,0,0,0,0,0,0,0,0,0,0,0,0,0,4,0,0,3000,28/05/2025 16:24,Dry_Season
f2ed520b-612e-4138-8b55-0391f6a2baca,C-JahDCHQ751,,100,,,8,6,0,4,0,0,4,0,0,0,0,0,0,0,0,0,0,0,0,0,0,4,0,0,3000,28/05/2025 16:24,Dry_Season
b8c8aba2-061b-4b2e-8686-5be41aeff695,C-JahGERCM19,,100,,,8,6,0,4,0,0,4,0,0,0,0,0,0,0,0,0,0,0,0,0,0,4,0,0,3000,28/05/2025 16:24,Dry_Season
12fd72ac-78a9-41e3-8142-02e1caadea04,C-JahK6C5K14,,100,,,8,6,0,4,0,0,4,0,0,0,0,0,0,0,0,0,0,0,0,0,0,4,0,0,3000,28/05/2025 16:24,Dry_Season
054cc4ed-a40e-4ba2-a0f3-1cbc3756e470,C-JahL5ARF42,,100,,,8,6,0,4,0,0,4,0,0,0,0,0,0,0,0,0,0,0,0,0,0,4,0,0,3000,28/05/2025 16:24,Dry_Season
7b3a53e2-c72c-41bb-ae17-7989fd61dc61,C-JahM6RZE49,,100,,,8,6,0,4,0,0,4,0,0,0,0,0,0,0,0,0,0,0,0,0,0,4,0,0,3000,28/05/2025 16:24,Dry_Season
d91a0b5a-6423-4554-b0ff-c8c5e973770f,C-JahMK8H526,,100,,,8,6,0,4,0,0,4,0,0,0,0,0,0,0,0,0,0,0,0,0,0,4,0,0,3000,28/05/2025 16:24,Both
59d13c2a-f8d9-4422-84bc-b083cda42582,C-JahML0VS08,,100,,,8,6,0,4,0,0,6,0,0,0,0,0,0,0,0,0,0,0,0,0,0,4,0,0,3000,28/05/2025 16:24,Dry_Season
a1fa9c25-d423-4872-9fed-442a0854ba6a,C-JahRBF4V44,,100,,,8,6,0,4,0,0,4,0,0,0,0,0,0,0,0,0,0,0,0,0,0,4,0,0,3000,28/05/2025 16:24,Dry_Season
cbb7f2c7-548e-4ba5-b1e3-048d318c8d44,C-JahS2CRA47,,100,,,8,6,0,4,0,0,4,0,0,0,0,0,0,0,0,0,0,0,0,0,0,4,0,0,3000,28/05/2025 16:24,Dry_Season
ddab09df-0ca0-45b0-85d7-9e2738f590dc,C-JahSGITA15,,100,,,8,6,0,4,0,0,4,0,0,0,0,0,0,0,0,0,0,0,0,0,0,4,0,0,3000,28/05/2025 16:24,Dry_Season
65a35e12-d9dc-44c4-a071-8bd96cf69aa4,C-JahSRNWT16,,100,,,8,6,0,4,0,0,4,0,0,0,0,0,0,0,0,0,0,0,0,0,0,4,0,0,3000,28/05/2025 16:24,Dry_Season
f2bca1f9-449c-405e-adcd-939eec96f0f3,C-JahUK1FC01,,100,,,8,6,0,4,0,0,4,0,0,0,0,0,0,0,0,0,0,0,0,0,0,4,0,0,3000,28/05/2025 16:24,Dry_Season
4a0d996e-62e9-4ea7-84ec-b59487262670,C-JahXWLQ346,,100,,,8,6,0,4,0,0,4,0,0,0,0,0,0,0,0,0,0,0,0,0,0,4,0,0,3000,28/05/2025 16:24,Dry_Season
5df7169d-1a5d-476f-9171-07b63f43237b,C-JahXYHGW18,,100,,,8,6,0,4,0,0,4,0,0,0,0,0,0,0,0,0,0,0,0,0,0,4,0,0,3000,28/05/2025 16:24,Dry_Season
3b74d005-70e6-4c45-b54a-2503e2592c7b,C-JahZG75S29,,100,,,8,6,0,4,0,0,4,0,0,0,0,0,0,0,0,0,0,0,0,0,0,4,0,0,3000,28/05/2025 16:24,Dry_Season
f9f4b609-3cb5-4a97-8e46-07acadc78836,C-Jah6N8V947,,100,,,8,6,0,4,0,0,4,0,0,0,0,0,0,0,0,0,0,0,0,0,0,4,0,0,3000,28/05/2025 16:24,Dry_Season
a443dc18-ed53-4aa5-a92b-7c9867fec8f1,C-Jah82FMN56,,100,,,8,6,0,4,0,0,4,0,0,0,0,0,0,0,0,0,0,0,0,0,0,4,0,0,3000,28/05/2025 16:24,Dry_Season
19a7f170-4314-4280-bb51-5dfe4d793127,C-JahG5JXS21,,100,,,8,6,0,4,0,0,4,0,0,0,0,0,0,0,0,0,0,0,0,0,0,4,0,0,3000,28/05/2025 16:24,Dry_Season
ec0a4d6c-83b5-49df-b922-0a97d625df28,C-Jah0R79H07,,100,,,8,6,0,4,0,0,4,0,0,0,0,0,0,0,0,0,0,0,0,0,0,4,0,0,3000,28/05/2025 16:24,Dry_Season
1062544a-a907-45fa-90d6-930d399b18dd,C-Jah52XDL20,,100,,,8,6,0,4,0,0,4,0,0,0,0,0,0,0,0,0,0,0,0,0,0,4,0,0,3000,28/05/2025 16:24,Dry_Season
0d6425cb-04d5-4775-b69a-a2979e3a66e1,C-Jah5JBPY45,,100,,,8,6,0,4,0,0,4,0,0,0,0,0,0,0,0,0,0,0,0,0,0,4,0,0,3000,28/05/2025 16:24,Dry_Season
3990689f-723e-4903-94d7-3180a6974b6e,C-Jah5UUZG58,,100,,,8,6,0,4,0,0,4,0,0,0,0,0,0,0,0,0,0,0,0,0,0,4,0,0,3000,28/05/2025 16:24,Dry_Season
e89b63a1-a4fc-4d94-988f-87276ae4913b,C-JahBCZRM33,,100,,,8,6,0,4,0,0,6,0,0,0,0,0,0,0,0,0,0,0,0,0,0,4,0,0,3000,28/05/2025 16:24,Dry_Season
ca6a66ac-c8d9-4387-8cc6-f530a1cef8ba,C-JahHJ2Y412,,100,,,8,6,0,4,0,0,4,0,0,0,0,0,0,0,0,0,0,0,0,0,0,4,0,0,3000,28/05/2025 16:24,Dry_Season
ca42717c-6a8c-4c6b-a3fa-4f0a3c2c2207,C-JahKGNMG01,,100,,,8,6,0,4,0,0,4,0,0,0,0,0,0,0,0,0,0,0,0,0,0,4,0,0,3000,28/05/2025 16:24,Dry_Season
c3b303e5-9cbc-42dc-b073-06df6e2a5795,C-JahL2RHN36,,100,,,8,6,0,4,0,0,4,0,0,0,0,0,0,0,0,0,0,0,0,0,0,4,0,0,3000,28/05/2025 16:24,Dry_Season
d2e7cc8b-b745-457e-bc92-575d0024e16f,C-JahLPT5J45,,100,,,8,6,0,4,0,0,4,0,0,0,0,0,0,0,0,0,0,0,0,0,0,4,0,0,3000,28/05/2025 16:24,Dry_Season
5acfbca9-1430-4453-a1a4-c3b6274c5d4b,C-JahMIGG519,,100,,,8,6,0,4,0,0,4,0,0,0,0,0,0,0,0,0,0,0,0,0,0,4,0,0,4,28/05/2025 16:24,Dry_Season
ad25d526-4507-4b7e-9cf8-ac12ece8b362,C-JahML9RR10,,100,,,8,6,0,4,0,0,4,0,0,0,0,0,0,0,0,0,0,0,0,0,0,4,0,0,3000,28/05/2025 16:25,Dry_Season
94e4f129-7145-464d-9ffc-c1aa079eea90,C-JahQX6F237,,100,,,8,6,0,4,0,0,4,0,0,0,0,0,0,0,0,0,0,0,0,0,0,4,0,0,3000,28/05/2025 16:25,Dry_Season
3475fb48-adde-48bd-9297-a38d1643c677,C-JahTFWFW30,,100,,,8,6,0,4,0,0,4,0,0,0,0,0,0,0,0,0,0,0,0,0,0,4,0,0,3000,28/05/2025 16:25,Dry_Season
160d67b0-2a66-4520-8c42-15cd1c964c30,C-JahUDVZW59,,100,,,8,6,0,4,0,0,4,0,0,0,0,0,0,0,0,0,0,0,0,0,0,4,0,0,3000,28/05/2025 16:25,Dry_Season
2b6da192-592d-4be7-9345-2ac6bd3303ab,C-JahUWQ2W28,,100,,,8,6,0,4,0,0,4,0,0,0,0,0,0,0,0,0,0,0,0,0,0,4,0,0,3000,28/05/2025 16:25,Dry_Season
766cd217-c68d-420f-96cb-7603d159a932,C-JahVL21H49,,100,,,8,6,0,4,0,0,4,0,0,0,0,0,0,0,0,0,0,0,0,0,0,4,0,0,3000,28/05/2025 16:25,Dry_Season
0f775ed2-6cc9-4121-a59f-e307258235d9,C-MubAG31626,20,,,,0,0,0,0,0,0,0,0,0,0,0,0,0,0,0,0,0,0,0,0,0,0,0,0,0,28/05/2025 16:49,Wet_Season
dbae85e1-37e8-457a-87d5-6bbba2993b81,C-Mub7ZSJW53,20,,,,4,3,0,0,2,0,0,0,0,0,2,0,0,10,0,0,0,0,0,0,250,0,0,0,0,28/05/2025 16:49,Wet_Season
da5ce105-eb1e-47cb-ba7f-2c8a580ec1d8,C-MubPHVEF51,20,,,,4,3,0,0,2,0,0,0,0,0,2,0,0,10,0,0,0,0,0,0,250,0,0,0,0,28/05/2025 16:49,Wet_Season
8eb9b776-8c1e-417a-b6de-e9924aaecd6a,C-Mub25ZA657,20,,,,4,3,0,0,2,0,0,0,0,0,2,0,0,10,0,0,0,0,0,0,250,0,0,0,0,28/05/2025 16:49,Wet_Season
66295bd1-f171-4898-a098-f217075902d1,C-MubS4APH42,20,,,,4,3,0,0,2,0,0,0,0,0,2,0,0,10,0,0,0,0,0,0,250,0,0,0,0,28/05/2025 16:49,Wet_Season
260123a0-9ec6-40f6-85a2-00dc9a2aa28f,C-MubT3LI228,20,,,,4,3,0,0,2,0,0,0,0,0,2,0,0,10,0,0,0,0,0,0,250,0,0,0,0,28/05/2025 16:49,Wet_Season
bc2ff0e7-1239-482d-9644-3d09486b555d,C-MubKEZI738,20,,,,4,3,0,0,2,0,0,0,0,0,2,0,0,10,0,0,0,0,0,0,250,0,0,0,0,28/05/2025 16:49,Wet_Season
992b7175-2bfc-4dfb-b1d0-6f6cba254750,C-MubWKCYR15,20,,,,4,3,0,0,2,0,0,0,0,0,2,0,0,10,0,0,0,0,0,0,250,0,0,0,0,28/05/2025 16:49,Wet_Season
3c4d2300-2480-4aa9-ac4b-976d88edd95c,C-Mub19AIE18,20,,,,4,3,2,0,2,0,0,0,0,0,2,0,0,10,0,0,0,0,0,0,250,0,0,0,0,28/05/2025 16:50,Wet_Season
e0c52a37-10af-4596-be7e-1ebecd1cec08,C-MubJCMN813,20,,,,4,3,2,0,2,0,0,0,0,0,2,0,0,10,0,0,0,0,0,0,250,0,0,0,0,28/05/2025 16:50,Wet_Season
4355de89-23d5-4d4a-803e-797114c0af21,C-MubYG0UL16,20,,,,4,3,2,0,2,0,0,0,0,0,2,0,0,10,0,0,0,0,0,0,250,0,0,0,0,28/05/2025 16:50,Wet_Season
3ae73480-a1fd-4851-a017-e5e4d84fc95a,C-KagNCNRG58,20,,,,4,3,0,0,0,0,0,0,0,0,2,0,0,3,0,0,0,0,2,0,2,0,0,2,0,29/05/2025 01:49,Wet_Season
546675f2-892f-404a-a26f-b77953504276,C-KagE72MT26,20,,,,4,3,0,0,0,0,0,0,0,0,2,0,0,3,0,0,0,0,2,0,2,0,0,2,0,29/05/2025 01:49,Wet_Season
6fef46a7-826d-487a-bcdb-1b0861952168,C-KagERU3J26,20,,,,4,3,0,0,0,0,0,0,0,0,2,0,0,3,0,0,0,0,2,0,2,0,0,2,0,29/05/2025 01:49,Wet_Season
9b592f9c-27a3-4f6c-b66a-558a9bc86b10,C-KagS9LZ028,,50,,,4,3,0,0,0,0,0,0,0,0,0,0,0,0,0,0,0,0,0,2,2,0,5,2,0,29/05/2025 01:49,Wet_Season
7e01e413-bcad-40dd-b772-b9deab5ef237,C-KagIQ5HI38,20,,,,4,3,0,0,0,0,0,0,0,0,2,0,0,3,0,0,0,0,2,0,2,0,0,2,0,29/05/2025 01:49,Wet_Season
b1a0fe36-caaf-40d8-9cc1-b23fb0149f3c,C-KagD4T5F05,20,,,,4,3,0,0,0,0,0,0,0,0,2,0,0,3,0,0,0,0,2,0,2,0,0,2,0,29/05/2025 01:49,Wet_Season
60cab095-1a00-4b0f-ae8e-4ac1c9907b13,C-KagLML6O10,,50,,,4,3,0,0,0,0,0,0,0,0,0,0,0,0,0,0,0,0,0,2,2,0,5,2,0,29/05/2025 01:49,Wet_Season
bbd67c17-320f-4bf7-986c-862adbbe30bf,C-KagLY5Y822,20,,,,4,3,0,0,0,0,0,0,0,0,2,0,0,3,0,0,0,0,2,0,2,0,0,2,0,29/05/2025 01:49,Wet_Season
4db90e86-5f16-41c2-bfe9-9ee9b99940b3,C-KagJE8XG52,20,,,,4,3,0,0,0,0,0,0,0,0,2,0,0,3,0,0,0,0,2,0,2,0,0,2,0,29/05/2025 01:49,Wet_Season
76739471-f0b8-4d8c-810d-4c827a6df0d6,C-Kag7095D38,20,,,,4,3,0,0,0,0,0,0,0,0,2,0,0,3,0,0,0,0,2,0,2,0,0,2,0,29/05/2025 01:49,Wet_Season
79d5ccf1-08ac-49c9-9231-7c3fae79e27e,C-KagD1TON58,,50,,,4,3,0,0,0,0,0,0,0,0,0,0,0,0,0,0,0,0,0,2,2,0,5,2,0,29/05/2025 01:49,Wet_Season
9a812de4-cdaa-4bc8-8e17-87cf765fe168,C-MubV10V554,,,,,4,3,0,0,2,0,0,0,0,0,2,0,0,10,0,0,0,0,0,0,250,0,0,0,0,29/05/2025 05:15,Wet_Season
3178153f-f3db-4261-8c33-c4b4562fea59,C-MubCDGN315,20,,,,4,3,1,0,2,0,0,0,0,0,2,0,0,10,0,0,0,0,0,0,250,0,0,0,0,29/05/2025 05:21,Wet_Season
b33bc341-8079-4dee-a3a1-744c5bb05d58,C-MubRUJN339,20,,,,4,3,1,0,2,0,0,0,0,0,2,0,0,10,0,0,0,0,0,0,250,0,0,0,0,29/05/2025 05:28,Wet_Season
41456009-ed63-4316-8931-7d212735cd35,C-Mub2E59F37,20,,,,4,3,1,0,2,0,0,0,0,0,2,0,0,10,0,0,0,0,0,0,250,0,0,0,0,29/05/2025 05:35,Wet_Season
c5cf3c7d-d09b-4297-9574-7da782c5b7f5,C-MubPFCHF48,20,,,,4,3,1,0,2,0,0,0,0,0,2,0,0,10,0,0,0,0,0,0,250,0,0,0,0,29/05/2025 05:40,Wet_Season
4a341c70-97e8-4aed-ae51-1ee0d8dd5d90,C-MubGZH7R51,20,,,,4,3,1,0,2,0,0,0,0,0,2,0,0,10,0,0,0,0,0,0,250,0,0,0,0,29/05/2025 05:44,Wet_Season
e8e99278-1c0d-4703-b1d1-a4d7445c282d,C-MubYOZNM15,20,,,,4,3,1,0,0,0,0,0,0,0,2,0,0,10,0,0,0,0,0,0,250,0,0,0,0,29/05/2025 05:47,Wet_Season
28986af1-c397-4989-af56-1f111b682839,C-MubV1ZT312,20,,,,4,3,1,0,1.5,0,0,0,0,0,2,0,0,10,0,0,0,0,0,0,250,0,0,0,0,29/05/2025 05:51,Wet_Season
80c2e5e7-7ff2-482e-990e-1e62a9b36857,C-Mub5JRHW17,20,,,,4,3,1,0,2,0,0,0,0,0,1,0,0,10,0,0,0,0,0,0,250,0,0,0,0,29/05/2025 05:55,Wet_Season
c7bb9761-8c13-48e0-8040-217948a55ce3,C-Mub6FQUD28,20,,,,4,3,1,0,2,0,0,0,0,0,2,0,0,10,0,0,0,0,0,0,250,0,0,0,0,29/05/2025 06:00,Wet_Season
f98c49a9-a963-46db-8bf0-c896fe23fbc3,C-MubB4M3P32,20,,,,4,3,1,0,2,0,0,0,0,0,2,0,0,10,0,0,0,0,0,0,250,0,0,0,0,29/05/2025 06:03,Wet_Season
d214f13c-2903-4198-8173-ea154d175253,C-ChiOW5NO17,20,,,,4,3,0,0,0,0,0,0,0,0,2,0,0,5,0,0,0,0,0,0,2,0,0,2,0,29/05/2025 06:19,Wet_Season
4ea478d4-4636-4f31-a2e0-898fa7723849,C-ChiI29FF41,20,,,,4,3,0,0,0,0,0,0,0,0,2,0,0,5,0,0,0,0,2,0,2,0,0,2,0,29/05/2025 06:19,Wet_Season
f1a3bab5-1d52-4e3b-8007-72698ff9d271,C-Chi492VZ03,20,,,,4,3,0,0,0,0,0,0,0,0,2,0,0,5,0,0,0,0,2,0,2,0,0,2,0,29/05/2025 06:19,Wet_Season
780f7c8f-391e-453a-a05c-94bb4094f1a8,C-ChiRGUCW59,20,,,,4,3,0,0,0,0,0,0,0,0,2,0,0,5,0,0,0,0,2,0,2,0,0,2,0,29/05/2025 06:19,Wet_Season
a89cf2ea-0b0a-4f73-984c-d729f1fa4319,C-Chi3G82U18,20,,,,4,3,0,0,0,0,0,0,0,0,2,0,0,5,0,0,0,0,2,0,2,0,0,2,0,29/05/2025 06:19,Wet_Season
9921004f-7e0b-45eb-9eff-69627dd1987d,C-ChiS0F4B21,20,,,,4,3,0,0,0,0,0,0,0,0,2,0,0,5,0,0,0,0,2,0,2,0,0,2,0,29/05/2025 06:19,Wet_Season
671855ae-6d95-4205-b935-3b7bfbfef619,C-ChiNMYDS22,,50,,,3,4,0,0,0,0,0,0,0,0,0,0,0,0,0,0,0,0,0,2,2,0,5,0,0,29/05/2025 06:19,Wet_Season
202c7efb-fcc3-45e0-ba70-bf77adb7b1e9,C-Chi198TK47,20,,,,4,3,0,0,0,0,0,0,0,0,2,0,0,5,0,0,0,0,2,0,2,0,0,2,0,29/05/2025 06:19,Wet_Season
a37d8fc8-e1ad-4e3c-92d5-163975452993,C-ChiI5UWF52,20,,,,4,3,0,0,0,0,0,0,0,0,2,0,0,5,0,0,0,0,2,0,2,0,0,2,0,29/05/2025 06:19,Wet_Season
e361a323-dd0d-4674-a396-8fe22de952bf,C-Chi2I0NH39,20,,,,4,3,0,0,0,0,0,0,0,0,2,0,0,5,0,0,0,0,2,0,2,0,0,2,0,29/05/2025 06:19,Wet_Season
dd27efe7-2a24-43c0-9fd6-2c45ee85d352,C-MubTEY0741,20,,,,4,3,1,0,2,0,0,0,0,0,2,0,0,10,0,0,0,0,0,0,250,0,0,0,0,29/05/2025 06:27,Wet_Season
d0208a8d-f2b9-4331-9a11-8c4ce65cc508,C-GwePYKQX49,,50,,,4,3,0,0,0,0,0,0,0,0,0,0,0,0,0,0,0,0,0,2,0.5,0,125,2,0,29/05/2025 08:58,Wet_Season
3ba543cb-a4a3-42b1-a483-9eae86ee0498,C-ChiGHF1500,,50,,,4,3,0,0,0,0,0,0,0,0,0,0,0,0,0,0,0,0,0,2,2,0,5,2,0,29/05/2025 10:13,Wet_Season
889c38e4-f861-49e9-ac10-d4c38b69c83c,C-Mar6K1GD57,,50,,,4,3,0,0,0,0,0,0,0,0,0,0,0,0,0,0,0,0,0,2,0.5,0,2500,2,0,29/05/2025 13:25,Wet_Season
2f0dc906-168d-4dfa-b49c-a10e6ed4893e,C-Mar8NHYG59,,50,,,4,4,0,0,0,0,0,0,0,0,0,0,0,0,0,0,0,0,0,2,0.5,0,2500,2,0,29/05/2025 13:25,Wet_Season
49668f35-9bd8-419f-8529-f743aadd7958,C-MarIR15456,,50,,,4,3,0,0,0,0,0,0,0,0,0,0,0,0,0,0,0,0,0,2,0.5,0,2500,2,0,29/05/2025 13:25,Wet_Season
c77c4971-fa81-4c94-9e4b-03986b1a1b9a,C-JahAQY7P07,,50,,,4,2,0,1,0,0,1,1,0,0,0,0,0,0,0,0,0,0,0,0,0,1,0,0,0,29/05/2025 13:25,Dry_Season
3eff49c9-5d90-4686-a3a7-61393c9abd02,C-JahBAJGH53,,50,,,4,2,0,1,0,0,1,1,0,0,0,0,0,0,0,0,0,0,0,0,0,1,0,0,0,29/05/2025 13:26,Dry_Season
af965e1c-3c7b-46f7-988b-818c319373c3,C-JahC4DWA38,,50,,,4,2,0,1,0,0,1,1,0,0,0,0,0,0,0,0,0,0,0,0,0,1,0,0,0,29/05/2025 13:26,Dry_Season
53eb8646-9263-4b7c-b60e-835119b75535,C-JahJLGCS45,,50,,,4,2,0,1,0,0,1,1,0,0,0,0,0,0,0,0,0,0,0,0,0,1,0,0,0,29/05/2025 13:26,Dry_Season
8d0d8944-f4a5-479a-b1c6-d75a73319c34,C-JahTBO7926,,50,,,4,2,0,1,0,0,1,1,0,0,0,0,0,0,0,0,0,0,0,0,0,1,0,0,0,29/05/2025 13:26,Dry_Season
b8b74ece-b99b-4c57-954d-dcd2a255275b,C-JahUJXMB28,,50,,,4,2,0,1,0,0,1,1,0,0,0,0,0,0,0,0,0,0,0,0,0,1,0,0,0,29/05/2025 13:26,Dry_Season
4b4bc1f3-b35d-4d2c-b6c3-213a96c0ba6c,C-JahVN0JO10,,50,,,4,2,0,1,0,0,1,1,0,0,0,0,0,0,0,0,0,0,0,0,0,1,0,0,0,29/05/2025 13:26,Dry_Season
5058f47a-4e47-489e-8d26-64dbcd1a0999,C-JahW8VBT16,,50,,,4,2,0,1,0,0,1,1,0,0,0,0,0,0,0,0,0,0,0,0,0,1,0,0,0,29/05/2025 13:26,Dry_Season
b77a346e-1983-44e9-9dc9-669445c3e378,C-JahX7CR723,,50,,,4,2,0,1,0,0,1,1,0,0,0,0,0,0,0,0,0,0,0,0,0,1,0,0,0,29/05/2025 13:26,Dry_Season
4c222142-a53d-44a2-85d6-cd6e0eb20acd,C-JahYDOV152,,50,,,0,0,0,0,0,0,0,0,0,0,0,0,0,0,0,0,0,0,0,0,0,0,0,0,0,29/05/2025 13:26,Dry_Season
02d662aa-5fe1-4b53-9200-649b730c8fdb,C-Jah2FFOZ54,,,,,4,2,0,1,0,0,1,1,0,0,0,0,0,0,0,0,0,0,0,0,0,1,0,0,0,29/05/2025 13:26,Dry_Season
4dba176c-7332-4ed0-baa9-1692cd71969b,C-JahH5Y6Y06,,50,,,4,2,0,1,0,0,1,1,0,0,0,0,0,0,0,0,0,0,0,0,0,1,0,0,0,29/05/2025 13:26,Dry_Season
d92cf3e3-9237-4b42-ac2a-26fe51edec7f,C-Chi3CFY515,,50,,,4,3,0,0,0,0,0,0,0,0,0,0,0,0,0,0,0,0,0,2,2,0,5,2,0,29/05/2025 20:51,Wet_Season
60ab59bf-7b4a-46ad-af74-50de16d3c540,C-ChiKCN1U07,20,,,,4,3,0,0,0,0,0,0,0,0,2,0,0,5,0,0,0,0,2,0,2,0,0,2,0,29/05/2025 20:51,Wet_Season
b67921b8-4339-4d26-857a-0348c512a296,C-ChiJOU4Q38,20,,,,4,3,0,0,0,0,0,0,0,0,2,0,0,5,0,0,0,0,2,0,2,0,0,2,0,29/05/2025 20:51,Wet_Season
92b13761-0a87-46aa-85bc-3309664906b0,C-Chi1NJ3538,20,,,,4,3,0,0,0,0,0,0,0,0,2,0,0,5,0,0,0,0,2,0,2,0,0,2,0,29/05/2025 20:51,Wet_Season
15ac380c-530e-4162-a2b9-3c2e110a57b6,C-Chi38YAP36,20,,,,4,3,0,0,0,0,0,0,0,0,2,0,0,5,0,0,0,0,2,0,2,0,0,2,0,29/05/2025 20:51,Wet_Season
3fb82cdc-969f-4aab-9b13-eeff7e6bfe3d,C-ChiCA3P925,20,,,,4,3,0,0,0,0,0,0,0,0,2,0,0,5,0,0,0,0,2,0,2,0,0,2,0,29/05/2025 20:51,Wet_Season
06371679-1432-4b90-952a-9d426f296500,C-ChiXABGP18,,50,,,4,3,0,0,0,0,0,0,0,0,0,0,0,0,0,0,0,0,0,2,2,0,5,2,0,29/05/2025 20:51,Wet_Season
1350fdc4-df4a-4f99-be08-8d212a745b70,C-Chi3UG1046,,50,,,3,4,0,0,0,0,0,0,0,0,0,0,0,0,0,0,0,0,0,2,2,0,5,2,0,29/05/2025 20:51,Wet_Season
46ca8689-4551-4631-879c-f3af384c0d7c,C-ChiQCFCV53,20,,,,4,3,0,0,0,0,0,0,0,0,2,0,0,5,0,0,0,0,2,0,2,0,0,2,0,29/05/2025 20:51,Wet_Season
70c48838-cef4-4149-884d-e17070c27aa0,C-ChiKJKS025,20,,,,4,3,0,0,0,0,0,0,0,0,2,0,0,5,0,0,0,0,2,0,2,0,0,2,0,29/05/2025 20:51,Wet_Season
0d7e2566-5884-4b7b-a094-95cf88e792ff,C-Chi0A56K15,20,,,,4,3,0,0,0,0,0,0,0,0,2,0,0,5,0,0,0,0,2,0,2,0,0,2,0,29/05/2025 20:51,Wet_Season
9c14197a-d1df-4cc8-9574-d54023d7e229,C-Chi8LON739,20,,,,4,3,0,0,0,0,0,0,0,0,2,0,0,5,0,0,0,0,2,0,2,0,0,2,0,29/05/2025 20:51,Wet_Season
b81b5131-a497-41b7-8c6d-e8a71eb96a9e,C-MubNTH9A30,20,,,,4,3,1,0,2,0,0,0,0,0,2,0,0,10,0,0,0,0,0,0,250,0,0,0,0,30/05/2025 05:14,Wet_Season
8711d2fc-fd36-4714-bc46-afb372899733,C-MubCFD0032,20,,,,4,3,1,0,2,0,0,0,0,0,2,0,0,10,0,0,0,0,0,0,250,0,0,0,0,30/05/2025 05:20,Wet_Season
91811fb2-efd2-4c8b-8c9e-9225f548444a,C-MubF81GE53,20,,,,4,3,1,0,2,0,0,0,0,0,2,0,0,10,0,0,0,0,0,0,250,0,0,0,0,30/05/2025 05:23,Wet_Season
cc70f118-dc3f-4120-bbdc-1cbb09ddf758,C-MubD4VW438,20,,,,4,3,1,0,2,0,0,0,0,0,2,0,0,10,0,0,0,0,0,0,250,0,0,0,0,30/05/2025 05:28,Wet_Season
71fab004-7dc9-4244-aed5-1773af6da497,C-Mub0LY6N56,20,,,,4,3,1,0,2,0,0,0,0,0,2,0,0,10,0,0,0,0,0,0,250,0,0,0,0,30/05/2025 05:35,Wet_Season
40e99f09-220c-40c7-9c9d-4fde16976331,C-Mub8AW6B19,20,,,,4,3,1,0,2,0,0,0,0,0,2,0,0,10,0,0,0,0,0,0,250,0,0,0,0,30/05/2025 05:38,Wet_Season
3a20dea2-2efd-4174-bc1b-6e8df0b9929f,C-MubRI7WR39,20,,,,4,3,1,0,2,0,0,0,0,0,2,0,0,10,0,0,0,0,0,0,250,0,0,0,0,30/05/2025 05:44,Wet_Season
dd846057-3450-43d9-b868-c9fc773cd8b1,C-MubSQDY037,20,,,,4,3,1,0,2,0,0,0,0,0,2,0,0,10,0,0,0,0,0,0,250,0,0,0,0,30/05/2025 05:46,Wet_Season
d4d033dd-8d60-44e7-970b-65226e21dd67,C-MubB41EM56,20,,,,4,3,1,0,2,0,0,0,0,0,2,0,0,10,0,0,0,0,0,0,250,0,0,0,0,30/05/2025 05:55,Wet_Season
6f75c697-1990-4a97-889e-af974e0ff585,C-Mub8V19V36,20,,,,4,3,1,0,2,0,0,0,0,0,2,0,0,10,0,0,0,0,0,0,250,0,0,0,0,30/05/2025 06:02,Wet_Season
60c14b8b-166a-43f3-8537-4b0fc0ed3bb6,C-MubI6L9E30,20,,,,4,3,1,0,2,0,0,0,0,0,2,0,0,10,0,0,0,0,0,0,250,0,0,0,0,30/05/2025 06:06,Wet_Season
61b488a7-4b7e-4511-995b-9914867bb341,C-MubCTMGJ23,20,,,,4,3,1,0,2,0,0,0,0,0,2,0,0,10,0,0,0,0,0,0,250,0,0,0,0,30/05/2025 06:09,Wet_Season
a53c37f8-3c50-47c7-9a9b-665b79a07ae2,C-TarK8R0R18,,50,,,4,3,0,0,0,0,0,0,0,0,0,0,0,0,0,0,0,0,0,2,0.5,0,125,2,0,30/05/2025 06:22,Wet_Season
3f6348bd-5fd7-4f0d-b304-1164e3a70cbd,C-MubRQGAO19,20,,,,4,3,1,0,2,0,0,0,0,0,2,0,0,10,0,0,0,0,0,0,250,0,0,0,0,30/05/2025 06:50,Wet_Season
ccdf252a-bf62-42a3-aa72-1de1816846e6,C-MubWM7XY12,20,,,,4,3,1,0,2,0,0,0,0,0,2,0,0,10,0,0,0,0,0,0,250,0,0,0,0,30/05/2025 06:50,Wet_Season
41c1eacb-b357-4f22-97e0-44580aacdda9,C-MubZWZY104,20,,,,4,3,1,0,2,0,0,0,0,0,2,0,0,0,0,0,0,0,0,0,10,0,0,0,0,30/05/2025 06:50,Wet_Season
ac88d94a-634c-4a4b-b424-7f1ac4750594,C-MubEZZU953,20,,,,4,3,1,0,2,0,0,0,0,0,2,0,0,10,0,0,0,0,0,0,250,0,0,0,0,30/05/2025 07:26,Wet_Season
0c9873c7-9280-452b-8200-fc0ecb2b8a61,C-MubXLG3M12,20,,,,4,3,1,0,2,0,0,0,0,0,2,0,0,10,0,0,0,0,0,0,250,0,0,0,0,30/05/2025 07:26,Wet_Season
40c91bfa-dce5-4f78-ab24-9de5f708438b,C-MubTB8KH04,20,,,,4,3,1,0,2,0,0,0,0,0,2,0,0,10,0,0,0,0,0,0,250,0,0,0,0,30/05/2025 07:26,Wet_Season
e2d72ddc-f082-4a5c-ab5f-b7c96550e84b,C-Mub02L1B28,20,,,,4,3,1,0,2,0,0,0,0,0,2,0,0,10,0,0,0,0,0,0,250,0,0,0,0,30/05/2025 07:37,Wet_Season
037a5a02-b27e-485b-9b58-0a9f1b99f4fd,C-Mub1KE7X29,20,,,,4,3,1,0,2,0,0,0,0,0,2,0,0,10,0,0,0,0,0,0,250,0,0,0,0,30/05/2025 07:37,Wet_Season
10849247-d774-407b-b12e-1c910661beb8,C-MubJTF4T28,20,,,,4,3,1,0,2,0,0,0,0,0,2,0,0,10,0,0,0,0,0,0,250,0,0,0,0,30/05/2025 07:37,Wet_Season
c8cf9acb-c98a-41bd-a3a6-b3d30bf1d7c1,C-MubY2AKE35,20,,,,4,3,1,0,2,0,0,0,0,0,2,0,0,10,0,0,0,0,0,0,250,0,0,0,0,30/05/2025 07:38,Wet_Season
dd25e2ab-d473-4c14-8039-e7e16994a3a8,C-MubJSHBZ33,20,,,,4,3,0,0,2,0,0,0,0,0,2,0,0,10,0,0,0,0,0,0,250,0,0,0,0,30/05/2025 07:38,Wet_Season
203189d0-8d50-4c55-a118-79902f731391,C-Mub85WDH54,20,,,,4,3,0,0,2,0,0,0,0,0,2,0,0,10,0,0,0,0,0,0,0,0,0,0,0,30/05/2025 07:38,Wet_Season
25b30057-ec59-4dc3-b74f-85ee54288318,C-Mub9Z9OW50,20,,,,4,3,0,0,2,0,0,0,0,0,2,0,0,10,0,0,0,0,0,0,0,0,0,0,0,30/05/2025 07:38,Wet_Season
725d3b2c-923a-4ce9-acbc-962d7d0ac397,C-Mub6TT0Z13,20,,,,4,3,0,0,2,0,0,0,0,0,2,0,0,10,0,0,0,0,0,0,250,0,0,0,0,30/05/2025 07:38,Wet_Season
2ed27172-6923-4a8a-87c3-8b1550b2641d,C-MubNA68X46,20,,,,4,3,0,0,2,0,0,0,0,0,2,0,0,10,0,0,0,0,0,0,250,0,0,0,0,30/05/2025 07:38,Wet_Season
a1a57b94-fcc2-40a1-8651-bf712f05d734,C-Mub5Z6YS04,,50,,,4,3,0,0,0,0,0,0,0,0,0,0,0,0,0,0,0,0,0,0,250,0,0,0,0,30/05/2025 07:38,Wet_Season
10c109af-b435-4035-a068-3cae96bfb452,C-MubX099B05,,50,,,4,3,0,0,0,0,0,0,0,0,0,0,0,0,0,0,0,0,0,0,250,0,0,0,0,30/05/2025 07:38,Wet_Season
7d961d23-a905-4b45-b917-9b727e38d972,C-Mub6WT6X20,,50,,,4,3,0,0,0,0,0,0,0,0,0,0,0,0,0,0,0,0,0,0,250,0,0,0,0,30/05/2025 07:38,Wet_Season
97d165b1-3208-48a0-b600-d4603cf14a28,C-Chi55Z7X41,20,,,,4,3,0,0,0,0,0,0,0,0,2,0,0,5,0,0,0,0,2,0,2,0,0,2,0,30/05/2025 13:44,Wet_Season
fd75aa5a-f35d-4203-b151-3872b2977d30,C-Chi7OEBZ07,20,,,,4,3,0,0,0,0,0,0,0,0,2,0,0,5,0,0,0,0,2,0,2,0,0,2,0,30/05/2025 13:44,Wet_Season
6f795ef9-5e7b-4607-becc-18d2513eb090,C-Chi180BY17,20,,,,4,3,0,0,0,0,0,0,0,0,2,0,0,5,0,0,0,0,2,0,2,0,0,2,0,30/05/2025 13:44,Wet_Season
e95b916c-3d18-474e-a129-124a250af267,C-ChiV93L052,20,,,,4,3,0,0,0,0,0,0,0,0,2,0,0,5,0,0,0,0,2,0,2,0,0,2,0,30/05/2025 13:44,Wet_Season
b2115ba5-df19-4e19-99d5-a63ff6409346,C-ChiWMYH942,20,,,,4,3,0,0,0,0,0,0,0,0,2,0,0,5,0,0,0,0,2,0,2,0,0,2,0,30/05/2025 13:44,Wet_Season
3e0c7964-2cda-4271-ac6d-aa662e10530a,C-ChiROJQT50,,50,,,4,3,0,0,0,0,0,0,0,0,0,0,0,0,0,0,0,0,0,2,2,0,2,2,0,30/05/2025 13:44,Wet_Season
05fd72d2-4ff1-4aee-89ad-6ba6b0989fba,C-ChiD0YEZ32,20,,,,4,3,0,0,0,0,0,0,0,0,2,0,0,5,0,0,0,0,2,0,2,0,0,2,0,30/05/2025 13:44,Wet_Season
b2385b32-7eb4-4779-a2b1-ed42cc457025,C-Chi11TG537,20,,,,4,3,0,0,0,0,0,0,0,0,2,0,0,5,0,0,0,0,2,0,2,0,0,2,0,30/05/2025 13:44,Wet_Season
08da3d42-40aa-4019-b087-3b379f04aa7b,C-ChiPT03Q30,20,,,,4,3,0,0,0,0,0,0,0,0,2,0,0,5,0,0,0,0,2,0,2,0,0,2,0,30/05/2025 13:44,Wet_Season
04c45a74-665b-4e3f-8f76-398f74631d42,C-ChiLQ71P55,20,,,,4,3,0,0,0,0,0,0,0,0,2,0,0,5,0,0,0,0,2,0,2,0,0,2,0,30/05/2025 13:44,Wet_Season
8a933ce0-e5bf-4fdc-8cb1-d7fb698d1085,C-Chi2R5KP12,20,,,,4,3,0,0,0,0,0,0,0,0,2,0,0,5,0,0,0,0,2,0,2,0,0,2,0,30/05/2025 13:44,Wet_Season
b7c012b9-49fb-4778-a7a2-30522fad1063,C-MarF9VE053,,50,,,4,3,0,0,0,0,0,0,0,0,0,0,0,0,0,0,0,0,0,2,0.5,0,125,2,0,30/05/2025 14:18,Wet_Season
99909776-18ef-453a-8788-b318495fb1a0,C-MarKQEZJ29,,50,,,4,3,0,0,0,0,0,0,0,0,0,0,0,0,0,0,0,0,0,2,0.5,0,125,2,---,30/05/2025 16:02,Wet_Season
b8352a9f-bced-4c76-a155-e6d4191992cb,C-Mar00FI844,,50,,,4,3,0,0,0,0,0,0,0,0,0,0,0,0,0,0,0,0,0,0,0.5,0,125,2,---,30/05/2025 16:10,Wet_Season
9dfd8c20-7e2e-431a-9b8d-a3187b8b4419,C-MarQS10607,,50,,,4,3,0,0,0,0,0,0,0,0,0,0,0,0,0,0,0,0,0,2,0.5,0,125,2,---,30/05/2025 16:15,Wet_Season
68409fdf-0fa7-46c6-bf2c-56845c32c925,C-Mar8H38723,,,,,4,3,0,0,0,0,0,0,0,0,0,0,0,0,0,0,0,0,0,2,0.5,0,125,2,---,30/05/2025 16:18,Wet_Season
9a595236-af0d-46a1-b513-28b6fa6b24e2,C-Kau0PO4717,20,,,,3,4,0,0,0,0,0,0,0,0,2,0,0,5,0,0,0,0,2,0,250,0,0,2,0,30/05/2025 18:49,Wet_Season
2a3ca4e6-705f-42b8-8f19-50c2c29fa4cd,C-TarWK7BW04,,50,,,4,3,0,0,0,0,0,0,0,0,0,0,0,0,0,0,0,0,0,2,0.5,0,125,2,0,30/05/2025 19:31,Wet_Season
f07d2968-574f-4f53-b083-273e70d2a158,C-Kau68KVV21,20,,,,4,3,0,0,0,0,0,0,0,0,2,0,0,5,0,0,0,0,2,0,2,0,0,2,0,30/05/2025 19:57,Wet_Season
ea27d769-2aa3-4081-8dd1-e366f3aba864,C-Kau7DW2203,20,,,,3,4,0,0,0,0,0,0,0,0,2,0,0,5,0,0,0,0,2,0,2,0,0,2,0,30/05/2025 19:57,Wet_Season
6fe2dcf1-ed9f-4a12-a608-2d6defeddf39,C-KauD043O56,20,,,,4,3,0,0,0,0,0,0,0,0,2,0,0,5,0,0,0,0,2,0,2,0,0,2,0,30/05/2025 19:57,Wet_Season
6c69b6d3-4d1e-457b-8bf2-17293f2eedb6,C-KauOOM8305,20,,,,3,4,0,0,0,0,0,0,0,0,2,0,0,5,0,0,0,0,2,0,2,0,0,2,0,30/05/2025 19:57,Wet_Season
aba48e96-93c8-45ad-b0b5-af41798bfaf5,C-Kau4UT9A53,20,,,,3,4,0,0,0,0,0,0,0,0,2,0,0,5,0,0,0,0,2,0,2,0,0,2,0,30/05/2025 19:57,Wet_Season
cb06281c-b200-4737-8882-7a39d02f2fa8,C-KauELXQD39,20,,,,3,4,0,0,0,0,0,0,0,0,2,0,0,2,0,0,0,0,2,0,2,0,0,2,0,30/05/2025 19:57,Wet_Season
7d0244e0-385b-403a-bcb1-ef76c7d5f806,C-KauB8WKQ39,20,,,,3,4,0,0,0,0,0,0,0,0,2,0,0,5,0,0,0,0,2,0,2,0,0,2,0,30/05/2025 19:57,Wet_Season
1f0e6682-da52-439f-bb1c-53aa7a5fb6b1,C-KauI1U3A49,20,,,,3,4,0,0,0,0,0,0,0,0,2,0,0,5,0,0,0,0,2,0,2,0,0,2,0,30/05/2025 19:57,Wet_Season
62df4dce-cb6a-4686-b366-4f1041cc2a55,C-KauG5QA950,,50,,,3,4,0,0,0,0,0,0,0,0,0,0,0,0,0,0,0,0,0,2,2,0,2,2,0,30/05/2025 21:17,Wet_Season
a965333d-327a-447c-8dee-bedbf0fa6659,C-KauCQ7NE57,20,,,,3,4,0,0,0,0,0,0,0,0,2,0,0,5,0,0,0,0,2,0,2,0,0,2,0,30/05/2025 21:18,Wet_Season
97c4da91-eeee-4e15-9393-e88501d3e05d,C-Kau31WEX14,20,,,,3,4,0,0,0,0,0,0,0,0,2,0,0,5,0,0,0,0,2,0,5,0,0,2,0,30/05/2025 21:18,Wet_Season
6c965cce-02de-4b87-b9a0-e52b384f94e6,C-KauJFROY48,,50,,,3,4,0,0,0,0,0,0,0,0,0,0,0,0,0,0,0,0,0,2,2,0,2,2,0,30/05/2025 21:18,Wet_Season
f67c4589-1b87-4cdd-aa5f-e341072c6714,C-Kau9TACU02,20,,,,3,4,0,0,0,0,0,0,0,0,2,0,0,5,0,0,0,0,2,0,2,0,0,2,0,30/05/2025 21:18,Wet_Season
1b40bd61-c265-4b12-bb13-8823f97b094d,C-KauBFDRF10,,50,,,3,4,0,0,0,0,0,0,0,0,0,0,0,0,0,0,0,0,0,2,2,0,2,2,0,30/05/2025 21:18,Wet_Season
b5ef1735-35b8-40f1-bcda-f143baf993ab,C-KauVJJYK09,20,,,,3,4,0,0,0,0,0,0,0,0,2,0,0,5,0,0,0,0,2,0,2,0,0,2,0,30/05/2025 21:18,Wet_Season
43a3fb9f-95cc-4cfe-8f1a-ecff17e3b485,C-KauM3CFP39,20,,,,3,4,0,0,0,0,0,0,0,0,2,0,0,5,0,0,0,0,2,0,2,0,0,2,0,30/05/2025 21:18,Wet_Season
0a3c1505-2513-4d37-ba80-d3f6b809a737,C-Chi5224J58,20,,,,4,3,0,0,0,0,0,0,0,0,2,0,0,5,0,0,0,0,2,0,2,0,0,2,0,30/05/2025 22:47,Wet_Season
4432b670-73d0-4e76-bc8e-e35a2775dcba,C-Chi933SC44,20,,,,4,3,0,0,0,0,0,0,0,0,2,0,0,5,0,0,0,0,2,0,2,0,0,2,0,30/05/2025 22:51,Wet_Season
289aaeb1-0948-462f-a978-f2bbee9f953c,C-JahQ2UYK01,,50,,,4,2,0,1,0,0,1,1,0,0,0,0,0,0,0,0,0,0,0,0,0,1,0,0,0,31/05/2025 10:35,Dry_Season
af97ea43-07fe-4c9e-91bd-dd72d0e72b06,C-JahDYTRP19,,50,,,4,2,0,1,0,0,1,1,0,0,0,0,0,0,0,0,0,0,0,0,0,1,0,0,0,31/05/2025 10:40,Dry_Season
5d596631-c226-4178-8a29-2f7f84cda8e9,C-Jah3HYN128,,50,,,4,2,0,1,0,0,1,1,0,0,0,0,0,0,0,0,0,0,0,0,0,1,0,0,0,31/05/2025 10:44,Dry_Season
7d35951f-54e5-4d58-957f-ec86a50a8587,C-JahQCFWV48,,50,,,4,2,0,1,0,0,1,1,0,0,0,0,0,0,0,0,0,0,0,0,0,1,0,0,0,31/05/2025 10:50,Dry_Season
7137e617-c9ee-40f8-8d8c-7b8a575f481e,C-JahVNH7N21,,50,,,4,2,0,1,0,0,1,1,0,0,0,0,0,0,0,0,0,0,0,0,0,1,0,0,0,31/05/2025 10:55,Dry_Season
8967cbe1-21c0-4e1e-9000-c6fdc6c1d7b9,C-Jah2MMBJ34,,50,,,4,2,0,1,0,0,1,1,0,0,0,0,0,0,0,0,0,0,0,0,0,1,0,0,0,31/05/2025 10:59,Dry_Season
22fd6660-06fd-4f98-b1f1-37f2889f028b,C-Jah41M2822,,50,,,4,2,0,1,0,0,1,1,0,0,0,0,0,0,0,0,0,0,0,0,0,1,0,0,0,01/06/2025 06:18,Dry_Season
47450f7e-c54f-4a2d-ba85-170e482c62e7,C-JahIXUA949,,50,,,4,2,0,1,0,0,1,1,0,0,0,0,0,0,0,0,0,0,0,0,0,1,0,0,0,01/06/2025 06:25,Dry_Season
18f6974a-18e0-4a8c-a4b0-e1734c40d299,C-JahCVIGF27,,50,,,4,2,0,1,0,0,1,1,0,0,0,0,0,0,0,0,0,0,0,0,0,1,0,0,0,01/06/2025 06:42,Dry_Season
49801506-947a-4728-9b58-e67602dc964c,C-Jah222RI36,,50,,,4,2,0,1,0,0,1,1,0,0,0,0,0,0,0,0,0,0,0,0,0,1,0,0,0,01/06/2025 07:07,Dry_Season
1b505746-031b-4372-9be3-c7c51e9d400f,C-Jah7UWWB21,,50,,,4,2,0,1,0,0,1,1,0,0,0,0,0,0,0,0,0,0,0,0,0,1,0,0,0,01/06/2025 07:17,Dry_Season
5721f75d-ba05-4cd9-8d03-f70b38da5de0,C-Chi4SRG919,20,,,,0,0,0,0,0,0,0,0,0,0,0,0,0,0,0,0,0,0,0,0,0,0,0,0,0,01/06/2025 12:10,Wet_Season
c2c4e0c3-f333-4f91-af9a-63d5a0c0edaf,C-ChiB5K8W04,20,,,,0,0,0,0,0,0,0,0,0,0,0,0,0,0,0,0,0,0,0,0,0,0,0,0,0,01/06/2025 12:10,Wet_Season
e3e00f03-200e-409d-9f1b-bcd9a38766d3,C-Chi9Q58R32,20,,,,0,0,0,0,0,0,0,0,0,0,0,0,0,0,0,0,0,0,0,0,0,0,0,0,0,01/06/2025 12:10,Wet_Season
e04d53c5-01da-4b3b-a266-e54d804748c0,C-ChiDGQTT08,,50,,,0,0,0,0,0,0,0,0,0,0,0,0,0,0,0,0,0,0,0,0,0,0,0,0,0,01/06/2025 12:10,Wet_Season
1d3f1627-045d-4226-842f-aba39c381f41,C-ChiL7CJ658,50,,,,0,0,0,0,0,0,0,0,0,0,0,0,0,0,0,0,0,0,0,0,0,0,0,0,0,01/06/2025 12:10,Wet_Season
32a3de92-c17a-49ad-afcc-b776873b8540,C-ChiUW31Y18,20,,,,4,3,0,0,0,0,0,0,0,0,2,0,0,5,0,0,0,0,2,0,2,0,0,2,0,01/06/2025 12:10,Wet_Season
a948695c-4770-4d41-ad0d-26198fda89e5,C-ChiXOX9S02,20,,,,0,0,0,0,0,0,0,0,0,0,0,0,0,0,0,0,0,0,0,0,0,0,0,0,0,01/06/2025 12:10,Wet_Season
0cd0ff0e-49c9-4887-8970-c8e36889e14c,C-ChiE4Z2V04,20,,,,4,3,0,0,0,0,0,0,0,0,2,0,0,5,0,0,0,0,2,0,2,0,0,2,0,01/06/2025 12:10,Wet_Season
0b0c9660-5227-4ef3-89c5-668b93d6a7d1,C-ChiOWW8154,20,,,,0,0,0,0,0,0,0,0,0,0,0,0,0,0,0,0,0,0,0,0,0,0,0,0,0,01/06/2025 12:10,Wet_Season
cacf0503-57b2-4408-8b61-9893b58e7e7c,C-Kau3SNP532,,50,,,4,3,0,0,0,0,0,0,0,0,0,0,0,0,0,0,0,0,0,2,2,0,0,2,0,01/06/2025 13:55,Wet_Season
b07d44b0-332f-49d5-a27f-277d3e9195cb,C-KauN9NMK07,,50,,,4,3,0,0,0,0,0,0,0,0,0,0,0,0,0,0,0,0,0,2,0,0,0,2,0,01/06/2025 13:56,Wet_Season
3669edf3-dcca-4b0a-bbbd-83db403e71f9,C-KauTKQP708,,50,,,4,3,0,0,0,0,0,0,0,0,0,0,0,0,0,0,0,0,0,2,0,0,0,2,0,01/06/2025 14:04,Wet_Season
c0a3d23e-e17c-4188-b65d-49f3adc71093,C-Kau8MEIN46,20,,,,4,3,0,0,0,0,0,0,0,0,2,0,0,5,0,0,0,0,2,0,0,0,0,2,0,01/06/2025 14:23,Wet_Season
4ea6d7c8-fb89-4c72-9a04-318bc7f07352,C-KauEBQEL13,,50,,,4,3,0,0,0,0,0,0,0,0,0,0,0,0,0,0,0,0,0,2,0,0,0,2,0,01/06/2025 14:28,Wet_Season
bcb336c8-b3be-4b62-b42a-8053199edfef,C-KauZOBC357,,50,,,4,3,0,0,0,0,0,0,0,0,0,0,0,0,0,0,0,0,0,2,0,0,0,2,0,01/06/2025 14:38,Wet_Season
46f05050-0d17-442d-9775-e2e01aa118cd,C-KauMWCRS50,,50,,,4,3,0,0,0,0,0,0,0,0,0,0,0,0,0,0,0,0,0,2,0,0,0,2,0,01/06/2025 15:00,Wet_Season
3146d32f-6307-46a6-bcc4-489fcfcfe986,C-KauY2E4O01,20,,,,3,4,0,0,0,0,0,0,0,0,2,0,0,15,0,0,0,0,2,0,250,0,0,2,0,01/06/2025 16:37,Wet_Season
9d51586f-faff-4cad-b5c6-6994ea7bca85,C-Kau6PD2Y32,20,,,,3,4,0,0,0,0,0,0,0,0,2,0,0,15,0,0,0,0,2,0,250,0,0,2,0,01/06/2025 16:38,Wet_Season
5985c21d-15f2-4492-8ca2-0fb75289ef40,C-KauKR2KO54,20,,,,3,4,0,0,0,0,0,0,0,0,2,0,0,15,0,0,0,0,2,0,250,0,0,2,0,01/06/2025 16:40,Wet_Season
daae0459-0f03-442d-a1c8-769a8e335d30,C-KauSI60J38,20,,,,3,4,0,0,0,0,0,0,0,0,2,0,0,15,0,0,0,0,2,0,250,0,0,2,0,01/06/2025 16:40,Wet_Season
629a766b-bcf0-4bdc-a1b9-df079eebd263,C-KauT37TY53,20,,,,3,4,0,0,0,0,0,0,0,0,2,0,0,15,0,0,0,0,2,0,250,0,0,2,0,01/06/2025 16:40,Wet_Season
a34c866a-4ce7-4b51-9c33-5a7cf4c7f7b3,C-KauHN41U54,,50,,,4,3,0,0,0,0,0,0,0,0,0,0,0,0,0,0,0,0,0,2,250,0,2,0,0,01/06/2025 16:40,Wet_Season
de63ac69-ac35-4d1e-8702-5030183ba987,C-KauZKQ3Z33,20,,,,3,4,0,0,0,0,0,0,0,0,2,0,0,15,0,0,0,0,2,0,250,0,0,2,0,01/06/2025 16:40,Wet_Season
8a78ae1b-eff9-46dc-aa43-6dec2961f3f6,C-KauEP5AE31,20,,,,3,4,0,0,0,0,0,0,0,0,2,0,0,15,0,0,0,0,2,0,250,0,0,2,0,01/06/2025 16:40,Wet_Season
2e2b7b9d-d778-4573-8493-6d6443c7df8b,C-Kau37FP659,20,,,,3,4,0,0,0,0,0,0,0,0,2,0,0,15,0,0,0,0,2,0,250,0,0,2,0,01/06/2025 16:43,Wet_Season
1d0b1053-3517-445d-97cc-1aa0a3c5de8e,C-KauHL7CM46,,50,,,3,4,0,0,0,0,0,0,0,0,0,0,0,0,0,0,0,0,0,2,2,0,2,2,0,01/06/2025 16:44,Wet_Season
1a11b02f-6a80-44c6-baef-a6a20384f791,C-KauL16VS52,,50,,,3,4,0,0,0,0,0,0,0,0,0,0,0,0,0,0,0,0,0,2,2,0,2,2,0,01/06/2025 16:44,Wet_Season
f11336da-b533-49d2-a81d-72a21c05726f,C-KauE1KGR28,20,,,,3,4,0,0,0,0,0,0,0,0,2,0,0,5,0,0,0,0,2,0,2,0,0,2,0,01/06/2025 16:44,Wet_Season
4a230877-152f-4525-b8ac-cb285805d6ab,C-KauRVNEB24,20,,,,3,4,0,0,0,0,0,0,0,0,2,0,0,15,0,0,0,0,2,0,250,0,0,2,0,01/06/2025 16:47,Wet_Season
ba6c02ee-242c-4360-a32e-b1d1768a04c1,C-KauX437Z36,,50,,,4,4,0,0,0,0,0,0,0,0,0,0,0,0,0,0,0,0,2,0,250,0,2,2,0,01/06/2025 16:47,Wet_Season
d4577fa5-a88d-408d-8f04-ed8ec4ea3488,C-KauQJ6EE28,20,,,,4,3,0,0,0,0,0,0,0,0,2,0,0,5,0,0,0,0,2,0,2,0,0,2,0,01/06/2025 16:58,Wet_Season
fd3bcffe-2201-4f64-b085-b793cba8cda5,C-KauA5UK612,20,,,,4,3,0,0,0,0,0,0,0,0,2,0,0,5,0,0,0,0,2,0,2,0,0,2,0,01/06/2025 16:58,Wet_Season
e57b167a-f3c0-4398-a264-bd25da701f68,C-Kau4JPB330,20,,,,4,3,0,0,0,0,0,0,0,0,2,0,0,5,0,0,0,0,2,0,2,0,0,2,0,01/06/2025 16:58,Wet_Season
c6db1a17-df82-4d9d-bb53-a4c9897a5f84,C-Mub0808R45,20,,,,4,3,0,0,2,0,0,0,0,0,2,0,0,10,0,0,0,0,0,0,250,0,0,0,0,01/06/2025 19:59,Wet_Season
a672fdb4-978c-41ab-a01f-57b6b9e9b9a0,C-Mub2MHK111,20,,,,4,3,0,0,0,0,0,0,0,0,2,0,0,10,0,0,0,0,0,0,250,0,0,0,0,01/06/2025 20:15,Wet_Season
91611828-680a-42bc-9bb3-3fdb71c9edab,C-Mub4SIFR43,20,,,,4,3,0,0,0,0,0,0,0,0,2,0,0,10,0,0,0,0,0,0,250,0,0,0,0,01/06/2025 20:21,Wet_Season
4c264c02-6f19-4387-87b5-9ad8219d14d4,C-Chi3O5ZA02,20,,,,4,3,0,0,0,0,0,0,0,0,2,0,0,5,0,0,0,0,2,0,2,0,0,2,0,01/06/2025 20:24,Wet_Season
7b312a96-ba3e-45bf-be2d-49a0929c28ad,C-Mub86NPI16,,50,,,4,3,0,0,0,0,0,0,0,0,0,0,0,0,0,0,0,0,0,0,250,0,1,0,0,01/06/2025 20:27,Wet_Season
7be7a4da-e8b1-4151-b8d5-25c0c85794d7,C-MubC8J9T34,20,,,,4,3,0,0,0,0,0,0,0,0,2,0,0,10,0,0,0,0,0,0,250,0,0,0,0,01/06/2025 20:34,Wet_Season
f62e4600-5dea-49b6-9240-ceea6600bea1,C-MubD7ZGV06,20,,,,4,3,0,0,0,0,0,0,0,0,2,0,0,10,0,0,0,0,0,0,250,0,0,0,0,01/06/2025 20:40,Wet_Season
a0dfc5c4-308f-4fca-b39d-f708b4bdf283,C-MubGMQP933,20,,,,4,3,0,0,0,0,0,0,0,0,2,0,0,10,0,0,0,0,0,0,250,0,0,0,0,01/06/2025 20:45,Wet_Season
412babe6-4197-4be3-ac53-843cc701784e,C-MubMYFFE44,20,,,,4,3,0,0,0,0,0,0,0,0,2,0,0,10,0,0,0,0,0,0,250,0,0,0,0,01/06/2025 20:50,Wet_Season
1f1e69af-3202-4bf8-905d-81ff3a42d7f8,C-MubTXKLQ44,20,,,,4,3,0,0,0,0,0,0,0,0,2,0,0,10,0,0,0,0,0,0,250,0,0,0,0,01/06/2025 20:57,Wet_Season
ce2deeab-6672-4987-966c-36cb77788e93,C-MubZE0FZ10,20,,,,4,3,0,0,0,0,0,0,0,0,2,0,0,10,0,0,0,0,0,0,250,0,0,0,0,01/06/2025 21:02,Wet_Season
385d2055-bc0b-4332-b834-cdf22d6fb3f0,C-MubNDG5Q55,20,,,,4,3,0,0,0,0,0,0,0,0,2,0,0,10,0,0,0,0,0,0,250,0,0,0,0,01/06/2025 21:09,Wet_Season
72060348-e03e-4385-afd7-b037b175f1d1,C-MubTPWJD11,20,,,,4,3,0,0,0,0,0,0,0,0,2,0,0,10,0,0,0,0,0,0,250,0,0,0,0,01/06/2025 21:12,Wet_Season
bd1e6b7d-4226-4cea-a050-d4352ef42f7a,C-ChiBYFSS07,20,,,,4,3,0,0,0,0,0,0,0,0,2,0,0,5,0,0,0,0,2,0,2,0,0,2,0,01/06/2025 23:11,Wet_Season
6aaf5528-3058-4226-8122-140f9bcb567e,C-Chi51JVH47,,50,,,3,4,0,0,0,0,0,0,0,0,0,0,0,0,0,0,0,0,0,2,2,0,5,2,0,01/06/2025 23:17,Wet_Season
b97ddac1-3485-454d-a44d-753fb23f6433,C-ChiSE6E342,20,,,,4,3,0,0,0,0,0,0,0,0,2,0,0,5,0,0,0,0,2,0,2,0,0,2,0,01/06/2025 23:23,Wet_Season
15ea7593-ff98-41b2-b967-67c1d125df84,C-ChiEOZAM26,20,,,,4,3,0,0,0,0,0,0,0,0,2,0,0,5,0,0,0,0,2,0,2,0,0,2,0,01/06/2025 23:27,Wet_Season
76642847-c669-477a-b923-d4e57018d89d,C-Chi71ITV49,20,,,,4,3,0,0,0,0,0,0,0,0,2,0,0,2,0,0,0,0,2,0,2,0,0,2,0,01/06/2025 23:31,Wet_Season
12d24ce1-5a01-47b1-aaf1-da7dadecb7d9,C-ChiWC3Q718,20,,,,4,3,0,0,0,0,0,0,0,0,2,0,0,5,0,0,0,0,2,0,2,0,0,2,0,01/06/2025 23:36,Wet_Season
9dc7e68a-ecc8-407b-98a0-eba2761e4ef5,C-ChiIFPD242,20,,,,4,3,0,0,0,0,0,0,0,0,2,0,0,5,0,0,0,0,2,0,2,0,0,2,0,01/06/2025 23:40,Wet_Season
ad9aefcd-5555-4618-bd89-aa2253d2f054,C-Chi647HW16,20,,,,4,3,0,0,0,0,0,0,0,0,2,0,0,5,0,0,0,0,2,0,2,0,0,2,0,01/06/2025 23:44,Wet_Season
0a699e69-e088-45b5-8a85-67ebd352dd85,C-ChiH08J209,20,,,,4,3,0,0,0,0,0,0,0,0,2,0,0,5,0,0,0,0,2,0,2,0,0,2,0,01/06/2025 23:46,Wet_Season
e0823daf-ae46-4a6d-b424-a200addcde29,C-AkkBIMSL53,,100,,,8,4,0,2,0,0,2,2,0,0,0,0,0,0,0,0,0,0,0,0,0,2,0,0,1500,02/06/2025 08:17,Wet_Season
0040ea10-2898-44b4-b7ba-2fc15f2e1081,C-AkkBPFGT14,,100,,,8,4,0,2,0,0,2,2,0,0,0,0,0,0,0,0,0,0,0,0,0,2,0,0,1500,02/06/2025 08:19,Wet_Season
267c4245-748d-42a0-b717-b96a6ebc4d92,C-ChiPH1XF24,20,,,,4,3,0,0,0,0,0,0,0,0,2,0,0,5,0,0,0,0,2,0,2,0,0,2,0,02/06/2025 09:25,Wet_Season
02c45d43-0194-46fa-b2c2-a8ca1d6f6458,C-ChiVM02X22,20,,,,4,3,0,0,0,0,0,0,0,0,2,0,0,5,0,0,0,0,2,0,2,0,0,2,0,02/06/2025 09:25,Wet_Season
00c14aed-14d5-4259-b126-a14ba03a6b44,C-Chi44P6I51,20,,,,4,3,0,0,0,0,0,0,0,0,2,0,0,5,0,0,0,0,2,0,2,0,0,2,0,02/06/2025 09:25,Wet_Season
e89eab21-5e7c-42e4-ae2f-dcf6efb2ab1a,C-AkkF0MXV54,,100,,,8,4,0,2,0,0,2,2,0,0,0,0,0,0,0,0,0,0,0,0,0,2,0,0,1500,02/06/2025 10:41,Wet_Season
d46fa6b0-a124-4692-ab46-e5df97921baa,C-AkkF51OV15,,100,,,8,4,0,2,0,0,2,2,0,0,0,0,0,0,0,0,0,0,0,0,0,2,0,0,1500,02/06/2025 10:41,Wet_Season
19b036d0-09e2-4525-8ec2-e0ebcd0bdefb,C-AkkH3WHQ36,,100,,,8,4,0,2,0,0,2,2,0,0,0,0,0,0,0,0,0,0,0,0,0,2,0,0,1500,02/06/2025 10:41,Wet_Season
a582c499-c09a-4fa3-8333-3c6314a75243,C-AkkMKAJN18,,100,,,8,4,0,2,0,0,2,2,0,0,0,0,0,0,0,0,0,0,0,0,0,2,0,0,1500,02/06/2025 10:41,Wet_Season
f087095a-b860-49d1-8e45-d02b1ac49dcf,C-AkkRRAHU11,,100,,,8,4,0,2,0,0,2,2,0,0,0,0,0,0,0,0,0,0,0,0,0,2,0,0,1500,02/06/2025 10:41,Wet_Season
1f8b5e8b-be58-4e10-a81f-4d4a5f9c15a0,C-AkkSZ13622,,100,,,8,4,0,2,0,0,2,2,0,0,0,0,0,0,0,0,0,0,0,0,0,2,0,0,1500,02/06/2025 10:41,Wet_Season
5db2a62d-2311-418c-a2a1-e8cbb00ede98,C-Akk01YXY42,,100,,,8,4,0,2,0,0,2,2,0,0,0,0,0,0,0,0,0,0,0,0,0,2,0,0,1500,02/06/2025 11:15,Wet_Season
ea1665db-370c-4b25-a9cb-9a6f9b3e09f4,C-Akk28KG500,,100,,,8,4,0,2,0,0,2,2,0,0,0,0,0,0,0,0,0,0,0,0,0,2,0,0,1500,02/06/2025 11:15,Wet_Season
36d9172d-1470-4615-84b8-f9fe4f6b13d0,C-Akk6UT1545,,100,,,8,4,0,2,0,0,2,2,0,0,0,0,0,0,0,0,0,0,0,0,0,2,0,0,1500,02/06/2025 11:15,Wet_Season
5507dfe8-19e9-4c3e-9dc9-0c01b722de55,C-Akk8UEGB19,,100,,,8,4,0,2,0,0,2,2,0,0,0,0,0,0,0,0,0,0,0,0,0,2,0,0,1500,02/06/2025 11:15,Wet_Season
b6167856-da60-4347-b6ac-158c4a63f1ac,C-AkkC8HZT12,,100,,,8,4,0,2,0,0,2,2,0,0,0,0,0,0,0,0,0,0,0,0,0,2,0,0,1500,02/06/2025 11:15,Wet_Season
0147bcdb-aca3-46a9-b74d-05172b90de6d,C-AkkDM9GK57,,100,,,8,4,0,2,0,0,2,2,0,0,0,0,0,0,0,0,0,0,0,0,0,2,0,0,1500,02/06/2025 11:15,Wet_Season
73419be9-bad4-459b-bb71-9bd610a9af24,C-AkkEDMR207,,100,,,8,4,0,2,0,0,2,2,0,0,0,0,0,0,0,0,0,0,0,0,0,2,0,0,1500,02/06/2025 11:15,Wet_Season
817cb7a7-c144-473c-9f35-718d1f841677,C-AkkFOG5617,,100,,,8,4,0,2,0,0,2,2,0,0,0,0,0,0,0,0,0,0,0,0,0,2,0,0,1500,02/06/2025 11:15,Wet_Season
ee187f09-6c82-479d-bc9b-682daf70e4f7,C-AkkKZ7KP26,,100,,,8,4,0,2,0,0,2,2,0,0,0,0,0,0,0,0,0,0,0,0,0,2,0,0,1500,02/06/2025 11:15,Wet_Season
e5c57414-e786-4d1e-a69d-1864a0dd234b,C-AkkMM80D16,,100,,,8,4,0,2,0,0,2,2,0,0,0,0,0,0,0,0,0,0,0,0,0,2,0,0,1500,02/06/2025 11:15,Wet_Season
2385543b-4e5a-4369-80c3-a4cdd1d487bd,C-AkkVVPP110,,100,,,8,4,0,2,0,0,2,2,0,0,0,0,0,0,0,0,0,0,0,0,0,2,0,0,1500,02/06/2025 11:15,Wet_Season
f362fc01-72e7-4287-9906-8b7c16dddd45,C-AkkYNNUG29,,100,,,8,4,0,2,0,0,2,2,0,0,0,0,0,0,0,0,0,0,0,0,0,2,0,0,1500,02/06/2025 11:15,Wet_Season
1e73b81a-a2ae-48a7-8a25-2f62dd0e966a,C-Alk0619839,,100,,,8,4,0,2,0,0,2,2,0,0,0,0,0,0,0,0,0,0,0,0,0,2,0,0,1500,02/06/2025 12:09,Wet_Season
375a84b3-9b1f-47de-bd05-7751c83aa599,C-Alk3YMD021,,100,,,8,4,0,2,0,0,2,2,0,0,0,0,0,0,0,0,0,0,0,0,0,2,0,0,1500,02/06/2025 12:09,Wet_Season
30d676aa-db90-47d5-9f1a-40db7e89c957,C-Alk5619S06,,100,,,8,4,0,2,0,0,2,2,0,0,0,0,0,0,0,0,0,0,0,0,0,2,0,0,1500,02/06/2025 12:09,Wet_Season
a3aec10b-da24-43e5-9622-63342bc1cfb1,C-Alk5M4H920,,100,,,8,4,0,2,0,0,2,2,0,0,0,0,0,0,0,0,0,0,0,0,0,2,0,0,1500,02/06/2025 12:09,Wet_Season
f461b982-3e49-458b-8c5d-0e2abf65101f,C-AlkA70NH36,,100,,,8,4,0,2,0,0,2,2,0,0,0,0,0,0,0,0,0,0,0,0,0,2,0,0,1500,02/06/2025 12:09,Wet_Season
07936a07-a118-4041-9bd8-17da25948b0c,C-AlkAUFHZ41,,100,,,8,4,0,2,0,0,2,2,0,0,0,0,0,0,0,0,0,0,0,0,0,2,0,0,1500,02/06/2025 12:09,Wet_Season
b1bdd222-ca52-49ef-a6ce-f144390b7c4a,C-AlkBSFMA10,,100,,,8,4,0,2,0,0,2,2,0,0,0,0,0,0,0,0,0,0,0,0,0,2,0,0,1500,02/06/2025 12:09,Wet_Season
8a6eacad-2126-48a1-9435-13702b4ca46e,C-AlkG5IA132,,100,,,8,4,0,2,0,0,2,2,0,0,0,0,0,0,0,0,0,0,0,0,0,2,0,0,1500,02/06/2025 12:09,Wet_Season
4a85673b-03d0-4299-9720-73cccefe2df6,C-AlkH331K09,,100,,,8,4,0,2,0,0,2,2,0,0,0,0,0,0,0,0,0,0,0,0,0,2,0,0,1500,02/06/2025 12:09,Wet_Season
406979ba-941b-4ca4-a13a-5faf9f2f3c74,C-AlkH5D8X02,,100,,,8,4,0,2,0,0,2,2,0,0,0,0,0,0,0,0,0,0,0,0,0,2,0,0,1500,02/06/2025 12:09,Wet_Season
50bebe67-742f-40b6-a1a1-47beb0029253,C-AlkPSNLZ32,,100,,,8,4,0,2,0,0,2,2,0,0,0,0,0,0,0,0,0,0,0,0,0,2,0,0,1500,02/06/2025 12:09,Wet_Season
279d160f-53b2-407b-bbc2-09bbb3bec3f6,C-AlkQ0KH004,,100,,,8,4,0,2,0,0,2,2,0,0,0,0,0,0,0,0,0,0,0,0,0,2,0,0,1500,02/06/2025 12:09,Wet_Season
ed09966b-3c59-44b0-abb1-99fa97dad9f3,C-AlkTBVW510,,100,,,8,4,0,2,0,0,2,2,0,0,0,0,0,0,0,0,0,0,0,0,0,2,0,0,1500,02/06/2025 12:09,Wet_Season
f61fdfa2-6a0f-4451-b985-52085e9f4c87,C-AlkVMH0223,,100,,,8,4,0,2,0,0,2,2,0,0,0,0,0,0,0,0,0,0,0,0,0,2,0,0,1500,02/06/2025 12:09,Wet_Season
7b00d848-2710-4aab-b7f0-ff389ca154b2,C-AlkX10XN31,,100,,,8,4,0,2,0,0,2,2,0,0,0,0,0,0,0,0,0,0,0,0,0,2,0,0,1500,02/06/2025 12:10,Wet_Season
b218ce3a-90f7-40cc-a22e-c1ac26abfbe5,C-AlkZ5BS248,,100,,,8,4,0,2,0,0,2,2,0,0,0,0,0,0,0,0,0,0,0,0,0,2,0,0,1500,02/06/2025 12:10,Wet_Season
0133599e-c1c0-4b3e-8bcb-259aa50ef00b,C-AlkZMN6E07,,100,,,8,4,0,2,0,0,2,2,0,0,0,0,0,0,0,0,0,0,0,0,0,2,0,0,1500,02/06/2025 12:10,Wet_Season
09b5e68a-11cd-4944-9ab3-93f416b0a33b,C-AlkZPRPM49,,100,,,8,4,0,2,0,0,2,2,0,0,0,0,0,0,0,0,0,0,0,0,0,2,0,0,1500,02/06/2025 12:10,Wet_Season
723a36ed-0a51-416a-af9a-bf0a2104d3e0,C-KagQIVCT27,20,,,,4,3,0,0,0,0,0,0,0,0,2,0,0,2,0,0,0,0,2,0,2,0,0,2,0,02/06/2025 12:59,Wet_Season
1cbd40cd-5e79-4724-9b4d-a32c788bd8b8,C-KagTMX5U21,20,,,,4,3,0,0,0,0,0,0,0,0,2,0,0,5,0,0,0,0,2,0,2,0,0,0,0,02/06/2025 12:59,Wet_Season
b843e30c-20d8-440d-9a1e-45d5fd1c57db,C-KagBS32D02,,50,,,4,3,0,0,0,0,0,0,0,0,0,0,0,0,0,0,0,0,0,2,2,0,2,2,0,02/06/2025 12:59,Wet_Season
987a26e1-dfee-4e74-adfd-0bb809ba2933,C-AlkZPRPM49,,100,,,8,4,0,2,0,0,2,2,0,0,0,0,0,0,0,0,0,0,0,0,0,2,0,0,1500,02/06/2025 16:04,Wet_Season
e23c24bb-e89a-4119-8fa8-9b1b34220e78,C-Alk0RDVN54,,100,,,8,4,0,2,0,0,2,2,0,0,0,0,0,0,0,0,0,0,0,0,0,2,0,0,1500,02/06/2025 16:04,Wet_Season
3fe4b63f-8575-444f-9427-d42c22d03513,C-Alk2DXQO49,,100,,,8,4,0,2,0,0,2,2,0,0,0,0,0,0,0,0,0,0,0,0,0,2,0,0,1500,02/06/2025 16:20,Wet_Season
cc647b6d-39c9-4514-ab04-afdedf6e1213,C-AlkBR02T06,,100,,,8,4,0,2,0,0,2,2,0,0,0,0,0,0,0,0,0,0,0,0,0,2,0,0,1500,02/06/2025 16:20,Wet_Season
1a22a978-a798-4b34-93db-0cf29f4be2ec,C-AlkBW1KY43,,100,,,8,4,0,2,0,0,2,2,0,0,0,0,0,0,0,0,0,0,0,0,0,2,0,0,1500,02/06/2025 16:20,Wet_Season
e7f02c33-019f-4f31-b029-3f664392fcc2,C-AlkCF7QN14,,100,,,8,4,0,2,0,0,2,2,0,0,0,0,0,0,0,0,0,0,0,0,0,2,0,0,1500,02/06/2025 16:31,Wet_Season
0657039a-a016-46e7-ba11-65d46f0fdd32,C-AlkCIUNO00,,100,,,8,4,0,2,0,0,2,2,0,0,0,0,0,0,0,0,0,0,0,0,0,2,0,0,1500,02/06/2025 16:31,Wet_Season
f32d68fb-dbca-44d6-b03a-37425b8da921,C-AlkD3DE227,,100,,,8,4,0,2,0,0,2,2,0,0,0,0,0,0,0,0,0,0,0,0,0,2,0,0,1500,02/06/2025 16:43,Wet_Season
f729be9a-f03b-4162-b429-91918d0516f2,C-AlkG6LXC06,,100,,,8,4,0,2,0,0,2,2,0,0,0,0,0,0,0,0,0,0,0,0,0,2,0,0,1500,02/06/2025 16:53,Wet_Season
dfb330b8-240c-4156-b32c-acbcea0328cf,C-AlkIZFCQ46,,100,,,8,4,0,2,0,0,2,2,0,0,0,0,0,0,0,0,0,0,0,0,0,2,0,0,1500,02/06/2025 16:57,Wet_Season
ba46eb5b-f1c7-44e8-8480-c92bb6dc862a,C-AlkK760515,,100,,,8,4,0,2,0,0,2,2,0,0,0,0,0,0,0,0,0,0,0,0,0,2,0,0,1500,02/06/2025 17:04,Wet_Season
720a5eee-0d56-4937-b687-12b4b67a0f10,C-AlkM9K1000,,100,,,8,4,0,2,0,0,2,2,0,0,0,0,0,0,0,0,0,0,0,0,0,2,0,0,1500,02/06/2025 17:08,Wet_Season
d3b579a3-3436-4ceb-a420-92ef59968610,C-AlkPV0J301,,100,,,8,4,0,2,0,0,2,2,0,0,0,0,0,0,0,0,0,0,0,0,0,2,0,0,1500,02/06/2025 17:12,Wet_Season
8aad8c79-bde7-4d9d-8175-05ddb18375d5,C-AlkTBPEV17,,100,,,8,4,0,2,0,0,2,2,0,0,0,0,0,0,0,0,0,0,0,0,0,2,0,0,1500,02/06/2025 17:15,Wet_Season
d4a7e2fb-409a-4309-be7e-00fa489258f2,C-AlkW8WMF28,,100,,,8,4,0,2,0,0,2,2,0,0,0,0,0,0,0,0,0,0,0,0,0,2,0,0,1500,02/06/2025 17:28,Wet_Season
c625549d-2f27-46f5-a267-097444ea1e2d,C-AlkWQ6E654,,100,,,8,4,0,2,0,0,2,2,0,0,0,0,0,0,0,0,0,0,0,0,0,2,0,0,1500,02/06/2025 17:49,Wet_Season
4b084ed3-9154-4e1d-a9df-53de3664c96a,C-AlkWQ6E654,,100,,,8,4,0,2,0,0,2,2,0,0,0,0,0,0,0,0,0,0,0,0,0,2,0,0,1500,02/06/2025 17:49,Wet_Season
ebd50769-e24a-488e-8ef8-accc60731552,C-BauAIJWI18,,100,,,8,4,0,2,0,0,2,2,0,0,0,0,0,0,0,0,0,0,0,0,0,2,0,0,1500,02/06/2025 19:17,Wet_Season
5f9b045e-d731-4f7c-b9ae-06f61f4d989a,C-BauEENQL43,,100,,,8,4,0,2,0,0,2,2,0,0,0,0,0,0,0,0,0,0,0,0,0,2,0,0,1500,02/06/2025 19:17,Wet_Season
8e0e9651-dbe1-49ae-b9c8-b106262e7efb,C-BauJL2LW39,,100,,,8,4,0,2,0,0,2,2,0,0,0,0,0,0,0,0,0,0,0,0,0,2,0,0,1500,02/06/2025 19:17,Wet_Season
a253da9d-0ad4-49f5-acc5-6b02666dc229,C-BauKBCV738,,100,,,8,4,0,2,0,0,2,2,0,0,0,0,0,0,0,0,0,0,0,0,0,2,0,0,1500,02/06/2025 19:17,Wet_Season
55b49c5e-36d2-435b-97e2-0d2599d9e4bb,C-BauPXOL023,,100,,,8,4,0,2,0,0,2,2,0,0,0,0,0,0,0,0,0,0,0,0,0,2,0,0,1500,02/06/2025 19:17,Wet_Season
a1c9736d-76ff-43b2-8371-f1be924489cf,C-BauQ9DOC01,,100,,,8,4,0,2,0,0,2,2,0,0,0,0,0,0,0,0,0,0,0,0,0,2,0,0,1500,02/06/2025 19:17,Wet_Season
0b130f22-8163-4289-9f6d-2a2dbc5e6988,C-BauRTOQE32,,100,,,8,4,0,2,0,0,2,2,0,0,0,0,0,0,0,0,0,0,0,0,0,2,0,0,1500,02/06/2025 19:17,Wet_Season
6a00a980-4820-4b6d-8f56-76a9ff38f704,C-BauTAY7D11,,100,,,8,4,0,2,0,0,2,2,0,0,0,0,0,0,0,0,0,0,0,0,0,2,0,0,1500,02/06/2025 19:17,Wet_Season
febe7228-d9b9-4d86-99f5-794f71849fd2,C-BauUW52C43,,100,,,8,4,0,2,0,0,2,2,0,0,0,0,0,0,0,0,0,0,0,0,0,2,0,0,1500,02/06/2025 19:17,Wet_Season
c57e3a5f-aa08-4da5-aea5-ff0342175664,C-BauY6VIS59,,100,,,8,4,0,2,0,0,2,2,0,0,0,0,0,0,0,0,0,0,0,0,0,2,0,0,1500,02/06/2025 19:17,Wet_Season
39c8e279-94f7-4692-82f4-bad2ba6dde78,C-BauYD9EV09,,100,,,8,4,0,2,0,0,2,2,0,0,0,0,0,0,0,0,0,0,0,0,0,2,0,0,1500,02/06/2025 19:17,Wet_Season
d156f876-1491-46fd-a7fe-7ef9e431528e,C-BauYVC6X11,,100,,,8,4,0,2,0,0,2,2,0,0,0,0,0,0,0,0,0,0,0,0,0,2,0,0,1500,02/06/2025 19:17,Wet_Season
28459777-4c25-418c-aac6-0be3b4f01694,C-BauZOHW024,,100,,,8,4,0,2,0,0,2,2,0,0,0,0,0,0,0,0,0,0,0,0,0,2,0,0,1500,02/06/2025 19:17,Wet_Season
92de0e4b-df9e-4a0b-9005-4d57044f80ab,C-Bau07NP644,,100,,,8,4,0,2,0,0,2,2,0,0,0,0,0,0,0,0,0,0,0,0,0,2,0,0,1500,02/06/2025 19:42,Wet_Season
17817519-9799-481c-96ec-02da50a8523b,C-Bau2V0BS53,,100,,,8,4,0,2,0,0,2,2,0,0,0,0,0,0,0,0,0,0,0,0,0,2,0,0,1500,02/06/2025 19:42,Wet_Season
a4d33af5-e574-4be5-86f6-9efd273876ee,C-BauBR77R03,,100,,,8,4,0,2,0,0,2,2,0,0,0,0,0,0,0,0,0,0,0,0,0,2,0,0,1500,02/06/2025 19:42,Wet_Season
d73fd5aa-a65f-4db2-8548-64f7cc83e495,C-BauDS85E41,,100,,,8,4,0,2,0,0,2,2,0,0,0,0,0,0,0,0,0,0,0,0,0,2,0,0,1500,02/06/2025 19:42,Wet_Season
a17bf59c-800b-417e-96ee-43878ed4126b,C-BauDWU8J29,,100,,,8,4,0,2,0,0,2,2,0,0,0,0,0,0,0,0,0,0,0,0,0,2,0,0,1500,02/06/2025 19:42,Wet_Season
784330d5-04cd-4f9d-9572-4fedca67e9ff,C-BauDXT6K01,,100,,,8,4,0,2,0,0,2,2,0,0,0,0,0,0,0,0,0,0,0,0,0,2,0,0,1500,02/06/2025 19:42,Wet_Season
b7ccdfc6-e95f-419d-a40e-d5cf42d10323,C-Kau4FEJ831,20,,,,3,4,0,0,0,0,0,0,0,0,2,0,0,5,0,0,0,0,2,0,250,0,0,2,0,02/06/2025 19:53,Wet_Season
a71ff7d9-dae0-4a00-9c52-e8348296ce87,C-KauGJJFR10,20,,,,3,4,0,0,0,0,0,0,0,0,2,0,0,5,0,0,0,0,2,0,250,0,0,2,0,02/06/2025 20:14,Wet_Season
6502c920-1178-4f19-948f-d0b3f9f03cf5,C-Bau0CNTU44,,100,,,8,4,0,2,0,0,2,2,0,0,0,0,0,0,0,0,0,0,0,0,0,2,0,0,1500,02/06/2025 20:24,Wet_Season
cef0c467-d615-4ea3-be04-39d810a9f7cc,C-Bau13N6708,,100,,,8,4,0,2,0,0,2,2,0,0,0,0,0,0,0,0,0,0,0,0,0,2,0,0,1500,02/06/2025 20:24,Wet_Season
b853c42d-6ea4-4dd4-a4a6-09d6a5fbfa15,C-Bau7N2HB52,,100,,,8,4,0,2,0,0,2,2,0,0,0,0,0,0,0,0,0,0,0,0,0,2,0,0,1500,02/06/2025 20:24,Wet_Season
2d94efdf-0211-4df3-b3dc-27296ff0533a,C-Bau993RS32,,100,,,8,4,0,2,0,0,2,2,0,0,0,0,0,0,0,0,0,0,0,0,0,2,0,0,1500,02/06/2025 20:25,Wet_Season
f3c7c6dd-45ca-454b-832f-73f813219b29,C-BauA8S8S08,,100,,,8,4,0,2,0,0,2,2,0,0,0,0,0,0,0,0,0,0,0,0,0,2,0,0,1500,02/06/2025 20:25,Wet_Season
3f5adab7-f026-4b17-bbce-1bdd9e719a2b,C-BauDDZ2F15,,100,,,8,4,0,2,0,0,2,2,0,0,0,0,0,0,0,0,0,0,0,0,0,2,0,0,1500,02/06/2025 20:25,Wet_Season
4450559e-88e2-4892-a21d-f6c87e0a0bc0,C-BauISZOK44,,100,,,8,4,0,2,0,0,2,2,0,0,0,0,0,0,0,0,0,0,0,0,0,2,0,0,1500,02/06/2025 20:25,Wet_Season
dc3f1646-d242-4cf1-86c7-318a2164a7b2,C-BauM8IQE24,,100,,,8,4,0,2,0,0,2,2,0,0,0,0,0,0,0,0,0,0,0,0,0,2,0,0,1500,02/06/2025 20:25,Wet_Season
9de19fdf-5157-4b57-a14b-83973a427fdc,C-BauMZV1Q49,,100,,,8,4,0,2,0,0,2,2,0,0,0,0,0,0,0,0,0,0,0,0,0,2,0,0,1500,02/06/2025 20:25,Wet_Season
29aac6cd-bdad-4c5f-bbff-f54762305998,C-BauNBA2Y13,,100,,,8,4,0,2,0,0,2,2,0,0,0,0,0,0,0,0,0,0,0,0,0,2,0,0,1500,02/06/2025 20:25,Wet_Season
f227647b-2fbc-4c88-a750-c8255d3d3aec,C-BauPWFJQ36,,100,,,8,4,0,2,0,0,2,2,0,0,0,0,0,0,0,0,0,0,0,0,0,2,0,0,1500,02/06/2025 20:25,Wet_Season
f55f0e17-ffe2-4c20-9376-87fd2d793274,C-BauS21RI58,,100,,,8,4,0,2,0,0,2,2,0,0,0,0,0,0,0,0,0,0,0,0,0,2,0,0,1500,02/06/2025 20:25,Wet_Season
be2a936c-d20b-43ec-abb2-83eda12aa0af,C-BauUFXF817,,100,,,8,4,0,2,0,0,2,2,0,0,0,0,0,0,0,0,0,0,0,0,0,2,0,0,1500,02/06/2025 20:25,Wet_Season
7266a5d0-b64b-4144-a832-2ed06e573efe,C-BauZ3KTV36,,100,,,8,4,0,2,0,0,2,2,0,0,0,0,0,0,0,0,0,0,0,0,0,2,0,0,1500,02/06/2025 20:25,Wet_Season
fe0bd01d-1bdf-4660-9e45-1be6ece88833,C-BauZ7CAQ09,,100,,,8,4,0,2,0,0,2,2,0,0,0,0,0,0,0,0,0,0,0,0,0,2,0,0,1500,02/06/2025 20:25,Wet_Season
0c46e717-ae1b-4aca-8da0-28e57706becf,C-KauV6RH830,20,,,,3,4,0,0,0,0,0,0,0,0,2,0,0,5,0,0,0,0,2,0,250,0,0,2,0,02/06/2025 20:35,Wet_Season
65b85800-e8a9-4fc3-84f2-a3162963dbd3,C-KauDVAIR55,20,,,,3,4,0,0,0,0,0,0,0,0,2,0,0,5,0,0,0,0,2,0,250,0,0,2,0,02/06/2025 20:35,Wet_Season
3871b467-14f5-4c5e-82b1-8da43c005738,C-Kau0SR3803,20,,,,3,4,0,0,0,0,0,0,0,0,2,0,0,5,0,0,0,0,2,0,250,0,0,2,0,02/06/2025 20:35,Wet_Season
66628a6f-8e0c-4c61-96c2-1bcab4e611bc,C-KauOOIHN40,20,,,,3,4,0,0,0,0,0,0,0,0,2,0,0,5,0,0,0,0,2,0,250,0,0,2,0,02/06/2025 20:36,Wet_Season
795f3ad3-ebe8-4ae6-8e82-9dca661ecebc,C-Son511NT08,20,,,,4,3,1,0,2,0,0,0,0,0,2,0,0,6,0,0,0,0,0,0,0,0,0,0,0,02/06/2025 20:37,Wet_Season
1a98a7e9-c5a5-473a-a161-25c882f3959d,C-SonDK2Y431,,50,,,4,3,0,0,0,0,0,0,0,0,0,0,0,0,0,0,0,0,0,0,250,0,0,0,0,02/06/2025 20:47,Wet_Season
f3641147-bf4b-4aa1-a4f9-28bc5d5d0c61,C-SonYT7PR05,20,,,,4,3,1,0,2,0,0,0,0,0,2,0,0,6,0,0,0,0,0,0,0,0,0,0,0,02/06/2025 20:52,Wet_Season
93e28e76-9287-4b01-8df8-8db8974c824b,C-KauGP8E543,20,,,,3,4,0,0,0,0,0,0,0,0,2,0,0,5,0,0,0,0,2,0,250,0,0,2,0,02/06/2025 20:53,Wet_Season
94a54d05-fb6c-4c35-ae38-448d9e2c64de,C-KauUQIHZ46,20,,,,3,4,0,0,0,0,0,0,0,0,2,0,0,5,0,0,0,0,2,0,250,0,0,2,0,02/06/2025 20:53,Wet_Season
e8b44dbe-c50c-436a-a359-58075694b0f8,C-SonNZANZ53,20,,,,4,3,1,0,2,0,0,0,0,0,2,0,0,10,0,0,0,0,0,0,250,0,0,0,0,02/06/2025 20:58,Wet_Season
96c425b9-44e9-4aee-9145-00fcfb2a5049,C-SonUBK1955,20,,,,4,3,1,0,2,0,0,0,0,0,2,0,0,10,0,0,0,0,0,0,250,0,0,0,0,02/06/2025 21:03,Wet_Season
a8c64052-485d-4118-bdb8-615af11eeb7c,C-KauIFG8K40,20,,,,3,4,0,0,0,0,0,0,0,0,2,0,0,5,0,0,0,0,2,0,250,0,0,2,0,02/06/2025 21:13,Wet_Season
4f7479de-e10d-41de-927d-feab78756a9f,C-KauCIRSZ40,20,,,,3,4,0,0,0,0,0,0,0,0,2,0,0,5,0,0,0,0,2,0,250,0,0,2,0,02/06/2025 21:13,Wet_Season
2f4e7ca0-388d-488b-8781-c2c667658b1b,C-KauOILW536,20,,,,3,4,0,0,0,0,0,0,0,0,2,0,0,5,0,0,0,0,2,0,250,0,0,2,0,02/06/2025 21:13,Wet_Season
8029bec7-bf0b-480d-9e7d-da2109ef1ed1,C-KauX5EJO42,20,,,,3,4,0,0,0,0,0,0,0,0,2,0,0,5,0,0,0,0,2,0,250,0,0,2,0,02/06/2025 21:19,Wet_Season
ea570a39-94bf-4f57-ad00-f277a58c5a31,C-SonMODIZ20,,50,,,4,3,0,0,0,0,0,0,0,0,0,0,0,0,0,0,0,0,0,0,0,0,0,0,0,02/06/2025 21:20,Wet_Season
9a0745a5-c923-4630-a0e6-1ab52103cc61,C-Son491A902,20,,,,4,3,1,0,2,0,0,0,0,0,2,0,0,6,0,0,0,0,0,0,0,0,0,0,0,02/06/2025 21:28,Wet_Season
eb578c5c-6c51-4ae9-a8b4-6dc0f892b14f,C-SonYU79019,,50,,,4,3,0,0,0,0,0,0,0,0,0,0,0,0,0,0,0,0,0,0,0,0,0,0,0,02/06/2025 21:33,Wet_Season
8b63f800-7e98-4c91-8301-f137bf2fd97e,C-SonK9GO044,20,,,,4,3,1,0,2,0,0,0,0,0,2,0,0,6,0,0,0,0,0,0,0,0,0,0,0,02/06/2025 21:40,Wet_Season
be354c25-1df8-4d08-849e-8cbd104c231b,C-Son8VBGG35,20,,,,4,3,0,0,2,0,0,0,0,0,2,0,0,10,0,0,0,0,0,0,250,0,0,0,0,02/06/2025 21:43,Wet_Season
0a9205b2-37e0-45a0-9c43-16207392c18e,C-SonZS9PB07,20,,,,4,3,1,0,2,0,0,0,0,0,2,0,0,6,0,0,0,0,0,0,0,0,0,0,0,02/06/2025 21:47,Wet_Season
5aa14fa1-e080-4098-bb17-9dd79523c218,C-SonQQZKP06,20,,,,4,3,1,0,2,0,0,0,0,0,2,0,0,6,0,0,0,0,0,0,0,0,0,0,0,02/06/2025 21:53,Wet_Season
1e57cd7b-f1cb-43fe-bf15-f6a4219c28b9,C-SonFI6OA58,20,,,,4,3,1,0,2,0,0,0,0,0,2,0,0,6,0,0,0,0,0,0,0,0,0,0,0,02/06/2025 21:58,Wet_Season
b3bfc5a7-6315-4b0a-8cf0-ef99a906ab1c,C-Son32HNC24,20,,,,4,3,1,0,2,0,0,0,0,0,2,0,0,6,0,0,0,0,0,0,0,0,0,0,0,02/06/2025 22:03,Wet_Season
24d24bdf-f37f-4551-b4b0-6f2bdbd1f8b9,C-Son0AE0I09,20,,,,4,3,0,0,2,0,0,0,0,0,2,0,0,10,0,0,0,0,0,0,250,0,0,0,0,02/06/2025 22:46,Wet_Season
f7a73de1-76e7-47bd-8185-8cbf83afa156,C-SonFSTOG01,20,,,,4,3,0,0,2,0,0,0,0,0,2,0,0,10,0,0,0,0,0,0,250,0,0,0,0,02/06/2025 22:46,Wet_Season
769eb250-e682-430c-b4db-22ba1ae54d62,C-SonB3GWS20,,50,,,4,3,0,0,0,0,0,0,0,0,0,0,0,0,0,0,0,0,0,0,250,0,0,0,0,02/06/2025 22:46,Wet_Season
fbfaa2ec-cb94-4c78-b35d-02e39797119e,C-SonJRC4552,50,,,,4,3,2,0,0,0,0,0,0,0,2,0,0,10,0,0,0,0,0,0,250,0,0,0,0,02/06/2025 22:46,Wet_Season
ae86e752-a2ef-4589-ac30-5305093cb31d,C-SonQ9TAP27,20,,,,4,3,0,0,2,0,0,0,0,0,2,0,0,10,0,0,0,0,0,0,250,0,0,0,0,02/06/2025 22:46,Wet_Season
1759f7e2-eb01-4942-8071-deed9651fcc7,C-Son5VD5X54,20,,,,4,3,1,0,2,0,0,0,0,0,2,0,0,10,0,0,0,0,0,0,250,0,0,0,0,02/06/2025 22:46,Wet_Season
2a9e2473-f881-4930-a87e-84203917de69,C-Son93QI353,20,,,,4,3,1,0,2,0,0,0,0,0,2,0,0,10,0,0,0,0,0,0,250,0,0,0,0,02/06/2025 22:46,Wet_Season
d73d0a65-d1e9-4ac9-ae92-201498e13d07,C-SonEOJ0R53,20,,,,4,3,1,0,2,0,0,0,0,0,2,0,0,10,0,0,0,0,0,0,250,0,0,0,0,02/06/2025 22:46,Wet_Season
7df000df-f6ec-424e-9040-78cc3e54e5cd,C-SonASGOF01,20,,,,4,3,1,0,2,0,0,0,0,0,2,0,0,10,0,0,0,0,0,0,250,0,0,0,0,02/06/2025 22:46,Wet_Season
ce294fef-1795-409f-b7c6-a012c49b0679,C-SonZGUVN50,20,,,,4,3,1,0,2,0,0,0,0,0,2,0,0,10,0,0,0,0,0,0,250,0,0,0,0,02/06/2025 22:46,Wet_Season
4c03085b-2e3b-4e83-9ab4-f17b3c0c89b5,C-Son8VBGG35,20,,,,4,2,1,0,2,0,0,0,0,0,2,0,0,10,0,0,0,0,0,0,250,0,0,0,0,02/06/2025 22:52,Wet_Season
83277734-f079-4751-9d67-8fd38230763c,C-Mub2Z7JF05,50,,,,4,3,1,0,0,0,0,0,0,0,2,0,0,10,0,0,0,0,0,0,250,0,0,0,0,03/06/2025 05:12,Wet_Season
bb1724e7-b5cc-49ce-accb-3b959e64b709,C-Mub4RYW853,50,,,,4,3,1,0,2,0,0,0,0,0,2,0,0,10,0,0,0,0,0,0,250,0,0,0,0,03/06/2025 05:17,Wet_Season
7a3ad4cc-57c8-499e-add4-a769e6ada947,C-MubW3Z6W13,50,,,,4,3,1,0,2,0,0,0,0,0,2,0,0,10,0,0,0,0,0,0,250,0,0,0,0,03/06/2025 05:21,Wet_Season
0c4c97c2-78df-4847-8bde-d15688428e1a,C-Mub5DECD36,50,,,,4,3,1,0,2,0,0,0,0,0,2,0,0,10,0,0,0,0,0,0,250,0,0,0,0,03/06/2025 05:23,Wet_Season
ab822035-9fc2-4106-a57a-12fde56979ca,C-MubZC78411,50,,,,4,3,1,0,2,0,0,0,0,0,2,0,0,10,0,0,0,0,0,0,250,0,0,0,0,03/06/2025 05:27,Wet_Season
1fe7a340-26c4-423d-9543-6f0d94c778f4,C-Mub6O8WS29,50,,,,4,3,1,0,2,0,0,0,0,0,2,0,0,10,0,0,0,0,0,0,250,0,0,0,0,03/06/2025 05:29,Wet_Season
33a1e735-0a06-4595-9553-030734e23fbc,C-MubJUMQA58,50,,,,4,3,1,0,2,0,0,0,0,0,2,0,0,10,0,0,0,0,0,0,250,0,0,0,0,03/06/2025 05:34,Wet_Season
dca7d6be-1424-406c-aacb-897357777692,C-MubH8O5E07,50,,,,4,3,1,0,2,0,0,0,0,0,2,0,0,10,0,0,0,0,0,0,250,0,0,0,0,03/06/2025 05:37,Wet_Season
9a2046d8-2b13-4314-ab73-de3495f85a3e,C-MubTUFR519,50,,,,4,3,1,0,2,0,0,0,0,0,2,0,0,10,0,0,0,0,0,0,250,0,0,0,0,03/06/2025 05:44,Wet_Season
aaf22022-bee9-48bd-95f9-2a370950755e,C-MubB2F0E50,50,,,,4,3,1,0,2,0,0,0,0,0,2,0,0,10,0,0,0,0,0,0,250,0,0,0,0,03/06/2025 05:47,Wet_Season
f9bce9db-145c-40a6-8384-f06b4158515a,C-MubPP3XZ08,50,,,,4,3,1,0,2,0,0,0,0,0,2,0,0,10,0,0,0,0,0,0,250,0,0,0,0,03/06/2025 05:50,Wet_Season
38273c36-d478-40da-80a3-05eab1dc6b0d,C-MubW4SCS30,50,,,,4,3,1,0,2,0,0,0,0,0,2,0,0,10,0,0,0,0,0,0,250,0,0,0,0,03/06/2025 05:55,Wet_Season
8665d44a-8414-4df0-8fd2-66994e3b36e0,C-SonJL9T525,20,,,,4,3,1,0,0,0,0,0,0,0,2,0,0,0,0,0,0,0,0,0,250,0,0,0,0,03/06/2025 06:27,Wet_Season
a2d4ee00-764d-4a4a-a51f-6f5ce4373c5f,C-SonNJ6MZ29,20,,,,4,3,1,0,2,0,0,0,0,0,2,0,0,10,0,0,0,0,0,0,250,0,0,0,0,03/06/2025 06:27,Wet_Season
ec4f4300-a199-47fb-b252-10946ad56465,C-SonX61E151,20,,,,4,3,1,0,2,0,0,0,0,0,2,0,0,10,0,0,0,0,0,0,250,0,0,0,0,03/06/2025 06:27,Wet_Season
2c8f63bf-2600-45eb-8afe-e4ce99e042de,C-Son4U6BD20,20,,,,4,3,1,0,2,0,0,0,0,0,2,0,0,10,0,0,0,0,0,0,250,0,0,0,0,03/06/2025 06:28,Wet_Season
615c5bc3-79d6-4b95-99fa-22d7c96a8261,C-SonQEIEC15,20,,,,4,3,1,0,2,0,0,0,0,0,2,0,0,10,0,0,0,0,0,0,250,0,0,0,0,03/06/2025 06:28,Wet_Season
e35629cb-e736-4520-a634-5d8dcbeef2cd,C-SonK2OU807,20,,,,4,3,1,0,2,0,0,0,0,0,2,0,0,10,0,0,0,0,0,0,250,0,0,0,0,03/06/2025 06:28,Wet_Season
ecd8a5d0-f3cd-478a-9006-f46f660e9297,C-Son4AHKX30,20,,,,4,3,1,0,2,0,0,0,0,0,2,0,0,10,0,0,0,0,0,0,250,0,0,0,0,03/06/2025 06:28,Wet_Season
8b992034-fb16-4d02-a756-e87124a38e93,C-SonBAEZM35,20,,,,4,3,1,0,2,0,0,0,0,0,2,0,0,10,0,0,0,0,0,0,250,0,0,0,0,03/06/2025 06:28,Wet_Season
c89c549f-7aee-4f18-8637-b4b1059863d3,C-Bau1VLL440,,100,,,8,4,0,2,0,0,2,2,0,0,0,0,0,0,0,0,0,0,0,0,0,2,0,0,1500,03/06/2025 09:11,Wet_Season
9358d88c-0adc-4f17-850b-ecb0b80314df,C-Bau3810S30,,100,,,8,4,0,2,0,0,2,2,0,0,0,0,0,0,0,0,0,0,0,0,0,2,0,0,1500,03/06/2025 09:16,Wet_Season
2b0ca0a3-022f-4e63-b069-078352d2306a,C-BauB8P2L26,,100,,,8,4,0,2,0,0,2,2,0,0,0,0,0,0,0,0,0,0,0,0,0,2,0,0,1500,03/06/2025 09:18,Wet_Season
344c8841-088d-4c76-a1a1-00d5ce596543,C-BauDLFEW46,100,,,,6,6,0,2,0,0,0,2,0,2,0,0,0,0,0,0,0,0,0,0,0,0,0,0,1500,03/06/2025 09:28,Wet_Season
a0e6c413-2c4a-43d4-88a3-c19134660a08,C-BauIFYLP28,100,,,,6,6,0,2,0,0,0,2,0,2,0,0,0,0,0,0,0,0,0,0,0,0,0,0,1500,03/06/2025 09:30,Wet_Season
b1693cd6-7a2e-4715-8697-4914572a69fd,C-BauIINVG20,100,,,,6,6,0,2,0,0,0,2,0,2,0,0,0,0,0,0,0,0,0,0,0,0,0,0,1500,03/06/2025 09:32,Wet_Season
b958ff61-7c1c-42b9-9923-60288aabaf81,C-ChiBO2PI59,20,,,,0,0,0,0,0,0,0,0,0,0,0,0,0,0,0,0,0,0,0,0,0,0,0,0,0,03/06/2025 09:37,Dry_Season
b3b8f5fd-2871-4b62-ab02-9e56416cc7c2,C-JabAEWN028,,50,,,4,3,0,0,0,0,0,0,0,0,0,0,0,0,0,0,0,0,0,0,250,2,2,2,0,03/06/2025 09:45,Wet_Season
46f23bfb-bc32-41c6-8fa9-2182635991d3,C-JabJAPLP08,,50,,,4,3,0,0,0,0,0,0,0,0,0,0,0,0,0,0,0,0,0,0,250,2,2,2,0,03/06/2025 11:18,Wet_Season
c8ff5a20-94a9-4b30-9325-25d1a28c124d,C-JabH51GV19,,50,,,4,3,0,0,0,0,0,0,0,0,0,0,0,0,0,0,0,0,0,0,250,2,2,2,0,03/06/2025 11:18,Wet_Season
f7b418da-2f09-431a-8530-e216a42a416a,C-JabFVQTU20,,50,,,4,3,0,0,0,0,0,0,0,0,0,0,0,0,0,0,0,0,0,0,250,2,2,2,0,03/06/2025 11:18,Wet_Season
5ff34707-fd53-4f54-8727-c9358a7c2f13,C-JabYTK2818,,50,,,4,3,0,0,0,0,0,0,0,0,0,0,0,0,0,0,0,0,0,0,250,2,2,2,0,03/06/2025 11:18,Wet_Season
b2cb25e2-f656-4e25-94f7-a267fea7d261,C-JabW6QSC15,,50,,,4,3,0,0,0,0,0,0,0,0,0,0,0,0,0,0,0,0,0,0,250,2,2,2,0,03/06/2025 11:18,Wet_Season
885479cf-8a96-4c07-b5db-af39cb498a48,C-Jab4DD3V41,,50,,,4,3,0,0,0,0,0,0,0,0,0,0,0,0,0,0,0,0,0,0,250,2,2,2,0,03/06/2025 11:18,Wet_Season
8ef3aebc-7ef3-4b88-880d-8403e228d3c3,C-Jab2VJL248,,50,,,4,3,0,0,0,0,0,0,0,0,0,0,0,0,0,0,0,0,0,0,250,2,2,2,0,03/06/2025 11:18,Wet_Season
b8521c07-40cb-43c2-963f-e4492644c836,C-Jab0RLMI36,,50,,,4,3,0,0,0,0,0,0,0,0,0,0,0,0,0,0,0,0,0,0,250,2,2,2,0,03/06/2025 11:18,Wet_Season
f4bf4587-b441-45e6-811e-f3cab282a723,C-JabAVAMZ48,,50,,,4,3,0,0,0,0,0,0,0,0,0,0,0,0,0,0,0,0,0,0,250,2,2,2,0,03/06/2025 11:18,Wet_Season
edd83287-7792-4525-9e62-72f20460b077,C-JabIGFBM10,,50,,,4,3,0,0,0,0,0,0,0,0,0,0,0,0,0,0,0,0,0,0,250,2,2,2,0,03/06/2025 11:18,Wet_Season
50d02258-b655-472a-bf5a-8ae5ff0202f8,C-JabA3A0U41,,50,,,4,3,0,0,0,0,0,0,0,0,0,0,0,0,0,0,0,0,0,0,250,2,2,2,0,03/06/2025 11:18,Wet_Season
546e03e7-586f-42df-b1ef-d855929ff164,C-Son2BO3E04,20,,,,4,3,1,0,2,0,0,0,0,0,2,0,0,10,0,0,0,0,0,0,0,0,0,0,0,03/06/2025 12:36,Wet_Season
531f991c-a708-4c29-91ab-bba56f6d78be,C-Son9R8HF49,20,,,,4,3,1,2,2,0,0,0,0,0,2,0,0,10,0,0,0,0,0,0,0,0,0,0,0,03/06/2025 12:45,Wet_Season
355b93ee-cc78-406a-9d8e-0a3bc9157809,C-SonAD5LZ34,,50,,,4,3,0,0,0,0,0,0,0,0,0,0,0,0,0,0,0,0,0,0,250,0,0,0,0,03/06/2025 13:03,Wet_Season
e78cd999-95ad-4307-bb2d-21c07abe5114,C-SonCXQ2H19,20,,,,4,3,1,0,2,0,0,0,0,0,2,0,0,10,0,0,0,0,0,0,250,0,0,0,0,03/06/2025 13:09,Wet_Season
211a29c6-629e-4958-80b9-92c824cb1d9e,C-Son7P14Q58,20,,,,4,3,1,0,2,0,0,0,0,0,2,0,0,10,0,0,0,0,0,0,250,0,0,0,0,03/06/2025 13:14,Wet_Season
62b71609-55d5-46f8-b0ef-2fa7b0a6d0d7,C-SonN9ACF28,,50,,,4,3,0,0,0,0,0,0,0,0,0,0,0,0,0,0,0,0,0,0,250,0,0,0,0,03/06/2025 13:18,Wet_Season
fbd38214-02ec-450f-8c81-54ee2427b7a9,C-SonNYE0M40,20,,,,4,3,1,0,2,0,0,0,0,0,2,0,0,10,0,0,0,0,0,0,250,0,0,0,0,03/06/2025 13:25,Wet_Season
182c444f-cd4a-4439-80a1-e5c95c18140e,C-KauSYQCU59,20,,,,4,3,0,0,0,0,0,0,0,0,2,0,0,2,0,0,0,0,2,0,2,0,0,2,0,03/06/2025 13:50,Wet_Season
4dd6ceca-7c00-4d45-9379-5395f40d71d4,C-KauNGMJ732,,,,,4,3,0,0,0,0,0,0,0,0,0,0,0,0,0,0,0,0,0,2,2,0,125,2,0,03/06/2025 13:50,Wet_Season
2beac33d-6f56-42a9-8a99-c0a582d9ac2d,C-Kau1YREK53,20,,,,4,3,0,0,0,0,0,0,0,0,2,0,0,5,0,0,0,0,2,0,250,0,0,2,0,03/06/2025 13:50,Wet_Season
0503fe57-1a83-47ec-8c97-677943d8285f,C-Kau749OA12,20,,,,4,3,0,0,0,0,0,0,0,0,2,0,0,5,0,0,0,0,2,0,250,0,0,2,0,03/06/2025 13:50,Wet_Season
733114f0-6fda-4e92-bb0f-f7128e08c158,C-KauI2MTX33,,50,,,4,3,0,0,0,0,0,0,0,0,0,0,0,0,0,0,0,0,0,2,250,0,25,2,0,03/06/2025 13:50,Wet_Season
dea8b42d-a7b5-4b37-ba19-3910969fd239,C-Kau0CXOZ15,,50,,,4,3,0,0,0,0,0,0,0,0,0,0,0,0,0,0,0,0,0,2,250,0,25,2,0,03/06/2025 13:50,Wet_Season
a7d3d099-d70c-4c84-959b-82ba949b606c,C-Kau1L6WB04,20,,,,3,4,0,0,0,0,0,0,0,0,2,0,0,5,0,0,0,0,2,0,250,0,0,2,0,03/06/2025 13:50,Wet_Season
e7f1a381-e58d-4063-b436-6a89252412fa,C-KauHX2XV50,20,,,,4,4,0,0,0,0,0,0,0,0,2,0,0,5,0,0,0,0,2,0,250,0,0,2,0,03/06/2025 13:50,Wet_Season
2c6133c0-1500-4ab0-bf10-3c15ebfe8d51,C-KauC66N258,20,,,,3,4,0,0,0,0,0,0,0,0,2,0,0,5,0,0,0,0,2,0,250,0,0,2,0,03/06/2025 13:50,Wet_Season
7a065936-749d-46fd-99f8-dae24bd9ac90,C-KauULPQ138,20,,,,3,4,0,0,0,0,0,0,0,0,2,0,0,5,0,0,0,0,2,0,250,0,0,2,0,03/06/2025 13:50,Wet_Season
d05e5b26-ff72-4b4d-8c90-e3192a9a0fd1,C-KauW4N5O06,,50,,,4,3,0,0,0,0,0,0,0,0,0,0,0,0,0,0,0,0,0,2,250,0,25,2,0,03/06/2025 13:50,Wet_Season
d2a75965-b5f6-4a0e-ba64-cc8922e8f435,C-KauBDYYW44,,50,,,4,3,0,0,0,0,0,0,0,0,0,0,0,0,0,0,0,0,0,2,250,0,25,2,0,03/06/2025 13:50,Wet_Season
194f4904-9b81-4658-bd7d-6b89e1302885,C-SonA3JMY14,20,,,,4,3,1,0,2,0,0,0,0,0,2,0,0,10,0,0,0,0,0,0,250,0,0,0,0,03/06/2025 13:59,Wet_Season
c86e022d-9646-4473-8666-cd145533a8cd,C-SonIW2GZ10,20,,,,4,3,1,0,2,0,0,0,0,0,2,0,0,10,0,0,0,0,0,0,250,0,0,0,0,03/06/2025 14:04,Wet_Season
d3e5d7f5-6445-4ee0-9b60-9b9a0269ed6a,C-MubIM0FE06,20,,,,4,3,0,0,2,0,0,0,0,0,2,0,0,10,0,0,0,0,0,0,250,0,0,0,0,03/06/2025 14:48,Dry_Season
105b8556-e24d-4218-9b07-3ad9e39246c4,C-Mub93BVV49,20,,,,4,3,0,0,2,0,0,0,0,0,2,0,0,10,0,0,0,0,0,0,250,0,0,0,0,03/06/2025 14:49,Wet_Season
7f081c80-20cc-4435-91c8-46e328cf1d8c,C-MubD5CX847,20,,,,4,3,0,0,2,0,0,0,0,0,2,0,0,10,0,0,0,0,0,0,250,0,0,0,0,03/06/2025 14:52,Dry_Season
e2e7de12-25d8-432e-99fe-4a584c39eda7,C-Mub7W2O341,20,,,,4,3,0,0,2,0,0,0,0,0,2,0,0,10,0,0,0,0,0,0,250,0,0,0,0,03/06/2025 14:52,Wet_Season
23f47f05-29b9-4d63-8c3b-2853bb2f4788,C-MubMLFMJ01,20,,,,4,3,0,0,2,0,0,0,0,0,2,0,0,10,0,0,0,0,0,0,250,0,0,0,0,03/06/2025 14:52,Wet_Season
e728fe47-6de4-4baa-9a24-c7667e64dccf,C-MubJGXBY51,20,,,,4,3,0,0,2,0,0,0,0,0,2,0,0,10,0,0,0,0,0,0,250,0,0,0,0,03/06/2025 14:52,Wet_Season
8952a361-0d48-450a-86d2-71aa8bbb75c9,C-Mub3K9G515,20,,,,4,3,0,0,2,0,0,0,0,0,2,0,0,10,0,0,0,0,0,0,250,0,0,0,0,03/06/2025 14:53,Wet_Season
590cbd2a-5d92-42ea-a29b-6d6a4329f602,C-MubGZH7R51,20,,,,4,3,0,0,2,0,0,0,0,0,2,0,0,10,0,0,0,0,0,0,250,0,0,0,0,03/06/2025 14:53,Wet_Season
97b30e85-27be-41a3-8135-45c8d8fe1dc4,C-MubQ75ME19,20,,,,4,3,0,0,2,0,0,0,0,0,2,0,0,10,0,0,0,0,0,0,250,0,0,0,0,03/06/2025 14:54,Wet_Season
6f6c4aad-e47c-442e-bf46-e5303350235b,C-MubJ5OC924,20,,,,4,3,0,0,2,0,0,0,0,0,2,0,0,10,0,0,0,0,0,0,250,0,0,0,0,03/06/2025 14:56,Wet_Season
2a94faad-0263-474a-bd0b-d95ece6974cd,C-MubX38US41,20,,,,4,3,0,0,2,0,0,0,0,0,2,0,0,10,0,0,0,0,0,0,10,0,0,0,0,03/06/2025 14:56,Wet_Season
92a1195d-7bdc-4459-a08b-818a27bd3b69,C-Son121UH09,20,,,,0,0,0,0,0,0,0,0,0,0,0,0,0,0,0,0,0,0,0,0,0,0,0,0,0,03/06/2025 15:29,Wet_Season
7ce42d44-ef1d-438d-9e82-416c66a68b57,C-Son121UH09,20,,,,0,0,0,0,0,0,0,0,0,0,0,0,0,0,0,0,0,0,0,0,0,0,0,0,0,03/06/2025 15:29,Wet_Season
e61439fe-7f90-40ac-a396-091e0e9199b0,C-SonS603H33,20,,,,4,3,0,0,0,0,0,0,0,0,0,0,0,10,0,0,0,0,0,0,0,0,0,0,0,03/06/2025 15:29,Wet_Season
7f7f6328-5a7d-4f62-9713-41e5168e9c92,C-Son72B7Q38,20,,,,4,3,1,0,2,0,0,0,0,0,2,0,0,10,0,0,0,0,0,0,250,0,0,0,0,03/06/2025 15:29,Wet_Season
53033ade-54c9-41e6-a04a-1a4c74f3276a,C-SonGW59F14,20,,,,4,3,0,0,0,0,0,0,0,0,2,0,0,10,0,0,0,0,0,0,0,0,0,0,0,03/06/2025 15:29,Wet_Season
12e3ee30-07ef-45dd-a504-45c3e4f42758,C-SonP1ML336,20,,,,4,3,1,0,0,0,0,0,0,0,2,0,0,10,0,0,0,0,0,0,0,0,0,0,0,03/06/2025 15:29,Wet_Season
60403799-33c0-47f8-8883-3b6d930cfe5d,C-SonUKXHT18,20,,,,4,3,1,0,1,0,0,0,0,0,2,0,0,10,0,0,0,0,0,0,0,0,0,0,0,03/06/2025 15:30,Wet_Season
523a68a1-e57e-4f79-b279-d494445e2ba8,C-SonWWIWT45,20,,,,4,3,1,0,1,0,0,0,0,0,2,0,0,10,0,0,0,0,0,0,0,0,0,0,0,03/06/2025 15:30,Wet_Season
4119aa1e-5acf-494a-a023-472e9d915d92,C-SonLQV1122,20,,,,4,3,1,0,1,0,0,0,0,0,2,0,0,10,0,0,0,0,0,0,0,0,0,0,0,03/06/2025 15:30,Wet_Season
20689cc9-9957-445d-a0b5-533b78e486d2,C-Son9SWIW29,20,,,,4,3,1,0,1,0,0,0,0,0,2,0,0,10,0,0,0,0,0,0,0,0,0,0,0,03/06/2025 15:30,Wet_Season
8f3f2c02-4374-4dab-8e46-5e42823306fa,C-SonSC76216,20,,,,4,3,1,0,1,0,0,0,0,0,2,0,0,10,0,0,0,0,0,0,0,0,0,0,0,03/06/2025 15:30,Wet_Season
765eb5ff-b177-4897-8fe0-2b2a94c9e38f,C-SonFP1DQ29,,50,,,8,6,2,0,1,0,0,0,0,0,0,0,0,0,0,0,0,0,0,0,0,0,0,0,0,03/06/2025 15:30,Wet_Season
76f52186-beb2-43ea-b2c0-01952c084d46,C-Son0AE0I09,,,,,4,3,1,0,2,0,0,0,0,0,2,0,0,10,0,0,0,0,0,0,0,0,0,0,0,03/06/2025 15:59,Wet_Season
040b680e-3eb3-4960-9676-ae9a9c7f8e59,C-ZanKWPR142,,50,,,4,3,0,0,0,0,0,0,0,0,0,0,0,0,0,0,0,0,0,2,2,0,1.5,2,0,03/06/2025 17:19,Wet_Season
08eb6f5a-72f9-4d5f-aa1b-2fc2858991ac,C-ZanOWD4Q22,20,,,,4,3,0,0,0,0,0,0,0,0,2,0,0,2,0,0,0,0,2,0,2,0,0,2,0,03/06/2025 17:24,Wet_Season
76e4192a-634d-42bc-89a6-8604fc38d90a,C-SonOMRUM50,20,,,,4,3,1,0,2,0,0,0,0,0,2,0,0,10,0,0,0,0,0,0,250,0,0,0,0,03/06/2025 17:26,Wet_Season
01c2506a-adf1-4ba7-9d16-f9980c6278d8,C-SonW2N7513,20,,,,4,3,1,0,2,0,0,0,0,0,2,0,0,10,0,0,0,0,0,0,250,0,0,0,0,03/06/2025 17:26,Wet_Season
d1a42d8c-f6f1-4626-85d4-334682b52221,C-SonTVJXZ19,,50,,,4,3,0,0,0,0,0,0,0,0,0,0,0,0,0,0,0,0,0,0,250,0,0,0,0,03/06/2025 17:26,Wet_Season
a9585ae7-bbd5-4e1d-89aa-bc9b412e64bd,C-SonZ0LBU09,20,,,,4,3,1,0,2,0,0,0,0,0,2,0,0,10,0,0,0,0,0,0,250,0,0,0,0,03/06/2025 17:26,Wet_Season
4cdbe23b-094b-435f-be72-801a511b2fdf,C-SonXFOF839,20,,,,4,3,1,0,2,0,0,0,0,0,2,0,0,10,0,0,0,0,0,0,250,0,0,0,0,03/06/2025 17:26,Wet_Season
4c460b79-822f-44ee-bcf7-e78f8adcd05a,C-SonH96O543,20,,,,4,3,1,0,2,0,0,0,0,0,2,0,0,10,0,0,0,0,0,0,250,0,0,0,0,03/06/2025 17:26,Wet_Season
b7575c89-ba14-4dac-9e8c-b35f04880749,C-SonRT29942,20,,,,4,3,1,0,2,0,0,0,0,0,2,0,0,10,0,0,0,0,0,0,250,0,0,0,0,03/06/2025 17:26,Wet_Season
c468c3e9-5664-43a0-b01b-6dfc8ae6a20b,C-SonYDZUZ54,20,,,,4,3,1,0,2,0,0,0,0,0,2,0,0,10,0,0,0,0,0,0,250,0,0,0,0,03/06/2025 17:26,Wet_Season
1a963c5c-c371-4080-b0c5-c4974b4f9128,C-Son6MIR354,,50,,,4,3,0,0,0,0,0,0,0,0,0,0,0,0,0,0,0,0,0,0,250,0,0,0,0,03/06/2025 17:26,Wet_Season
0810a7fd-cecc-4dd8-b186-f6c76a8dbbdc,C-SonR93OQ52,,50,,,4,3,0,0,0,0,0,0,0,0,0,0,0,0,0,0,0,0,0,0,250,0,0,0,0,03/06/2025 17:26,Wet_Season
923ad6a3-c2cf-455a-9843-b27a19e04429,C-SonSBGLW34,,50,,,4,3,0,0,0,0,0,0,0,0,0,0,0,0,0,0,0,0,0,0,250,0,0,0,0,03/06/2025 17:26,Wet_Season
b6fe9d2f-2b20-431e-aa67-5fa4b00052e1,C-ZanR7VNF28,,50,,,4,3,0,0,0,0,0,0,0,0,0,0,0,0,0,0,0,0,0,2,2,0,5,2,0,03/06/2025 17:28,Wet_Season
7f8c023d-ac21-4ba7-a34a-ca4415892184,C-Zan5DUTV05,20,,,,4,3,0,0,0,0,0,0,0,0,2,0,0,3,0,0,0,0,2,0,2,0,0,2,0,03/06/2025 17:34,Wet_Season
24d39c00-089d-43cd-99f7-2b8f57941c9d,C-BauM8N7G07,,100,,,8,4,0,2,0,0,2,2,0,0,0,0,0,0,0,0,0,0,0,0,0,2,0,0,1500,03/06/2025 18:26,Wet_Season
33507dc1-d5f7-422d-b843-72f0cf1acde0,C-BauQ1EQ619,,100,,,8,4,0,2,0,0,2,2,0,0,0,0,0,0,0,0,0,0,0,0,0,2,0,0,1500,03/06/2025 18:26,Wet_Season
203a2650-3b72-4bc5-9ea8-c0199ec174f5,C-BauQWEBQ59,,100,,,8,4,0,2,0,0,2,2,0,0,0,0,0,0,0,0,0,0,0,0,0,2,0,0,1500,03/06/2025 18:26,Wet_Season
916d5cc0-98e8-4801-9b8c-b41422d371b3,C-BauR0UPU05,,100,,,8,4,0,2,0,0,2,2,0,0,0,0,0,0,0,0,0,0,0,0,0,2,0,0,1500,03/06/2025 18:26,Wet_Season
2f90ee0d-5d6b-48a6-af08-74dfce7c36db,C-BauTMNHH40,,100,,,8,4,0,2,0,0,2,2,0,0,0,0,0,0,0,0,0,0,0,0,0,2,0,0,1500,03/06/2025 18:27,Wet_Season
6729203d-ffd5-4345-925f-57847886eda9,C-BauU1NR913,,100,,,8,4,0,2,0,0,2,2,0,0,0,0,0,0,0,0,0,0,0,0,0,2,0,0,1500,03/06/2025 18:27,Wet_Season
2cd7214b-9723-4201-bee6-59b8522a9b7c,C-BauUPIN343,,100,,,8,4,0,2,0,0,2,2,0,0,0,0,0,0,0,0,0,0,0,0,0,2,0,0,1500,03/06/2025 18:27,Wet_Season
c353dcf9-d068-4cb5-90fa-6759d97d4ed1,C-BauVUGM506,,100,,,8,4,0,2,0,0,2,2,0,0,0,0,0,0,0,0,0,0,0,0,0,2,0,0,1500,03/06/2025 18:27,Wet_Season
b9b1ec8c-d033-4119-9e56-98cf68970c66,C-BauVZ0X237,,100,,,8,4,0,2,0,0,2,2,0,0,0,0,0,0,0,0,0,0,0,0,0,2,0,0,1500,03/06/2025 18:27,Wet_Season
47c159c0-7984-4df6-814e-d539fbf702f3,C-BauWQ33955,,100,,,8,4,0,2,0,0,2,2,0,0,0,0,0,0,0,0,0,0,0,0,0,2,0,0,1500,03/06/2025 18:27,Wet_Season
a2e5c97d-d144-4f7a-903b-e92e3dcd0242,C-BauX80E843,,100,,,8,4,0,2,0,0,2,2,0,0,0,0,0,0,0,0,0,0,0,0,0,2,0,0,1500,03/06/2025 18:27,Wet_Season
c2e72146-71f0-4ba0-b4d5-d69f8beb4606,C-Zan4JK3F40,20,,,,4,3,0,0,0,0,0,0,0,0,2,0,0,3,0,0,0,0,2,0,2,0,0,2,0,03/06/2025 18:28,Wet_Season
3c96a168-6edd-4c30-9306-76e8bd14d035,C-Zan63IGH28,20,,,,4,3,0,0,0,0,0,0,0,0,2,0,0,3,0,0,0,0,2,0,2,0,0,2,0,03/06/2025 18:32,Wet_Season
aaad7ec4-51dc-4fed-95ca-ab6ddda05f5f,C-ZanFIL1D27,20,,,,4,3,0,0,0,0,0,0,0,0,2,0,0,2,0,0,0,0,2,0,2,0,0,2,0,03/06/2025 18:35,Wet_Season
4ed38fb5-66f8-4d80-bad1-42aa7d048b3c,C-ZanZSW1348,,50,,,4,3,0,0,0,0,0,0,0,0,0,0,0,0,0,0,0,0,0,2,2,0,5,2,0,03/06/2025 18:39,Wet_Season
99965519-ce88-4a38-aefe-79ac124dfe5f,C-Bau0BRHT08,,100,,,8,4,0,2,0,0,2,2,0,0,0,0,0,0,0,0,0,0,0,0,0,2,0,0,1500,03/06/2025 18:41,Wet_Season
55c3b100-bd64-4a6a-b601-4734159beb70,C-Bau2IDKY19,,100,,,8,4,0,2,0,0,2,2,0,0,0,0,0,0,0,0,0,0,0,0,0,2,0,0,1500,03/06/2025 18:41,Wet_Season
9d1d4162-4e74-4585-8afd-5666e5cc3367,C-Bau58MOK57,,100,,,8,4,0,2,0,0,2,2,0,0,0,0,0,0,0,0,0,0,0,0,0,2,0,0,1500,03/06/2025 18:41,Wet_Season
e0481ec5-1420-4877-be79-4782a8e65209,C-Bau646C639,,100,,,8,4,0,2,0,0,2,2,0,0,0,0,0,0,0,0,0,0,0,0,0,2,0,0,1500,03/06/2025 18:41,Wet_Season
14c85a2e-4153-474d-a7d8-69369abb9fc8,C-Bau9IXBS09,,100,,,8,4,0,2,0,0,2,2,0,0,0,0,0,0,0,0,0,0,0,0,0,2,0,0,1500,03/06/2025 18:41,Wet_Season
231620fd-582e-4138-8dce-08a1ce8d77e4,C-BauIPJ6Q32,,100,,,8,4,0,2,0,0,2,2,0,0,0,0,0,0,0,0,0,0,0,0,0,2,0,0,1500,03/06/2025 18:41,Wet_Season
30f522e1-3f8e-4b4a-984d-5729c9f5d272,C-ZanT3R7X44,20,,,,4,3,0,0,0,0,0,0,0,0,2,0,0,2,0,0,0,0,2,0,2,0,0,2,0,03/06/2025 18:42,Wet_Season
2b645a71-d7b3-49b2-a838-fbd278b15ba6,C-ZanO3AOQ52,,50,,,4,3,0,0,0,0,0,0,0,0,0,0,0,0,0,0,0,0,0,2,2,0,5,2,0,03/06/2025 18:45,Wet_Season
75a4277a-3bf0-43a0-b70c-25fd4b9e952d,C-ZanPJZ8D58,,50,,,4,3,0,0,0,0,0,0,0,0,0,0,0,0,0,0,0,0,0,2,2,0,5,2,0,03/06/2025 18:48,Wet_Season
2ee57a55-9158-4c11-aaaf-18ca0e476635,C-ZanEZSKB32,20,,,,4,3,0,0,0,0,0,0,0,0,2,0,0,2,0,0,0,0,2,0,2,0,0,2,0,03/06/2025 18:51,Wet_Season
6b435be1-012f-4d87-9bfa-760edacf1267,C-SonEO20F40,20,,,,4,3,1,2,2,0,0,0,0,0,2,0,0,10,0,0,0,0,0,0,0,0,0,0,0,03/06/2025 19:32,Wet_Season
f3ce5a47-5dd9-48a7-8582-c6bb011439f1,C-SonV42ZE43,20,,,,4,3,1,0,2,0,0,0,0,0,2,0,0,10,0,0,0,0,0,0,250,0,0,0,0,03/06/2025 19:32,Wet_Season
0176c8e7-644a-49a4-807d-016fdef42295,C-SonLY2H802,20,,,,4,3,1,0,2,0,0,0,0,0,2,0,0,10,0,0,0,0,0,0,250,0,0,0,0,03/06/2025 19:32,Wet_Season
d8b8bf46-52b4-4278-8fbc-6f42cc86a80d,C-SonGBYU956,20,,,,4,3,1,0,2,0,0,0,0,0,2,0,0,0,0,0,0,0,0,0,250,0,0,0,0,03/06/2025 19:32,Wet_Season
7859235e-2b7d-4767-969d-8d046efbe848,C-Son6Y8GR05,20,,,,4,3,1,0,2,0,0,0,0,0,2,0,0,10,0,0,0,0,0,0,250,0,0,0,0,03/06/2025 19:32,Wet_Season
694da786-1d2f-4baa-8572-a872764609e6,C-SonB08ED02,20,,,,4,3,1,0,2,0,0,0,0,0,2,0,0,10,0,0,0,0,0,0,250,0,0,0,0,03/06/2025 19:32,Wet_Season
91ad8040-f84b-4d53-b96c-756c4584eb41,C-SonMCDLN38,20,,,,4,3,1,0,2,0,0,0,0,0,2,0,0,10,0,0,0,0,0,0,250,0,0,0,0,03/06/2025 19:32,Wet_Season
818220a1-e899-4744-8829-5f543ca862e7,C-SonZQA5V23,,50,,,4,3,0,0,0,0,0,0,0,0,0,0,0,0,0,0,0,0,0,0,250,0,0,0,0,03/06/2025 19:32,Wet_Season
0a1c0399-e336-4639-b078-934ce629c2eb,C-SonYS5SU31,,50,,,4,3,0,0,0,0,0,0,0,0,0,0,0,0,0,0,0,0,0,0,250,0,0,0,0,03/06/2025 19:32,Wet_Season
cf987cb4-5a5e-4cf7-b1e7-a6dc7991c7cd,C-Son1EP0759,20,,,,4,3,0,0,2,0,0,0,0,0,2,0,0,10,0,0,0,0,0,0,0,0,0,0,0,03/06/2025 19:43,Wet_Season
fe7d6699-8db1-45f6-b8b7-b9ec3ac4a3b4,C-Son2W2KW12,20,,,,4,3,0,0,2,0,0,0,0,0,2,0,0,10,0,0,0,0,0,0,0,0,0,0,0,03/06/2025 19:44,Wet_Season
b05be0dc-a792-4ba2-87d1-490e39570db3,C-Son56V9R38,20,,,,4,3,1,2,2,0,0,0,0,0,2,0,0,10,0,0,0,0,0,0,0,0,0,0,0,03/06/2025 19:44,Wet_Season
b1508bf1-357f-4a2f-9b1d-debe181abf84,C-Son9LYBX36,20,,,,4,3,1,0,2,0,0,0,0,0,2,0,0,10,0,0,0,0,0,0,250,0,0,0,0,03/06/2025 19:44,Wet_Season
5a60ad8b-0aa3-4f0c-be1f-2aa55dee6ad6,C-SonBD7AY22,20,,,,4,3,0,0,2,0,0,0,0,0,2,0,0,0,0,0,0,0,0,0,250,0,0,0,0,03/06/2025 19:44,Wet_Season
a79df386-409a-433e-9e13-a955ecc9da2a,C-SonD9NQJ13,20,,,,4,3,1,0,2,0,0,0,0,0,2,0,0,10,0,0,0,0,0,0,250,0,0,0,0,03/06/2025 19:44,Wet_Season
552493ca-d7f3-48e2-87f4-ca959806c508,C-SonDB7LM18,20,,,,4,3,2,0,0,0,0,0,0,0,2,0,0,10,0,0,0,0,0,0,250,0,0,0,0,03/06/2025 19:44,Wet_Season
30c82b2e-9c6a-428d-8542-1cf98afc1627,C-SonEL9XF00,20,,,,4,3,1,0,2,0,0,0,0,0,2,0,0,10,0,0,0,0,0,0,250,0,0,0,0,03/06/2025 19:50,Wet_Season
c2dc9e2c-98a9-4d86-b93d-c9f1e6196166,C-SonSDLEL15,20,,,,4,3,1,0,0,0,0,0,0,0,2,0,0,10,0,0,0,0,0,0,250,0,0,0,0,03/06/2025 19:59,Wet_Season
639d9ba8-75f8-48a6-be90-6fe750a975ff,C-SonTDTCG06,20,,,,4,3,1,0,0,0,0,0,0,0,2,0,0,10,0,0,0,0,0,0,250,0,0,0,0,03/06/2025 20:05,Wet_Season
aaf65ccc-e872-41ac-bf2d-b54b6184868d,C-SonBMG6P48,,50,,,4,3,0,0,0,0,0,0,0,0,0,0,0,0,0,0,0,0,0,0,0,0,0,0,0,03/06/2025 20:08,Wet_Season
c59e739d-3134-4fac-b919-a25aa0a117d3,C-SonB21BZ35,20,,,,4,3,1,0,2,0,0,0,0,0,2,0,0,10,0,0,0,0,0,0,250,0,0,0,0,03/06/2025 20:49,Wet_Season
594e4a83-749a-4d14-877c-64c171ea7af6,C-SonO76C506,,50,,,4,3,0,0,0,0,0,0,0,0,0,0,0,0,0,0,0,0,0,0,1,0,0,0,0,03/06/2025 20:53,Wet_Season
26d24c42-9b8a-4575-a347-41e634ff5ac0,C-SonQSX0358,20,,,,4,3,1,0,2,0,0,0,0,0,2,0,0,5,0,0,0,0,0,0,0,0,0,0,0,03/06/2025 21:02,Wet_Season
87bb3550-f36a-4d65-97a7-138b34bf63fa,C-Son5NTE240,20,,,,4,3,1,2,2,0,0,0,0,0,2,0,0,0,0,0,0,0,0,0,250,0,0,0,0,03/06/2025 21:05,Wet_Season
2cb6fd28-4037-4237-8065-2dd45b715c8e,C-SonZYEY551,,50,,,4,3,0,0,0,0,0,0,0,0,0,0,0,0,0,0,0,0,0,0,1,0,0,0,0,03/06/2025 21:07,Wet_Season
6c5c1f06-190b-4099-9d09-eba84cd95a8a,C-SonCFSJQ38,,50,,,4,3,0,0,0,0,0,0,0,0,0,0,0,0,0,0,0,0,0,0,1,0,0,0,0,03/06/2025 21:11,Wet_Season
e6287226-3940-4b10-8913-65b42a60d272,C-SonCLH6G20,,50,,,4,3,0,0,0,0,0,0,0,0,0,0,0,0,0,0,0,0,0,0,250,0,0,0,0,03/06/2025 21:16,Wet_Season
115b9abd-49ab-4fdb-b31c-89a9baa65086,C-SonI03HL32,20,,,,4,3,1,0,0,0,0,0,0,0,2,0,0,5,0,0,0,0,0,0,1,0,0,0,0,03/06/2025 21:17,Wet_Season
dfc367a5-c043-4644-b769-b7199178efe4,C-SonKSX8L36,20,,,,4,3,1,0,2,0,0,0,0,0,2,0,0,10,0,0,0,0,0,0,250,0,0,0,0,03/06/2025 21:26,Wet_Season
9507e792-41b5-43bc-b0e5-5a83aa5e1842,C-Son6FQKJ23,20,,,,4,3,1,0,2,0,0,0,0,0,2,0,0,10,0,0,0,0,0,0,250,0,0,0,0,03/06/2025 21:36,Wet_Season
11a3e1f7-add2-44ee-93cb-cd9ab563da44,C-SonY3EUR05,20,,,,4,3,1,0,2,0,0,0,0,0,2,0,0,10,0,0,0,0,0,0,250,0,0,0,0,03/06/2025 21:37,Wet_Season
0d08a47b-76f5-44d7-867f-7249f02b608a,C-SonYFR6622,20,,,,4,3,1,0,2,0,0,0,0,0,0,0,0,10,0,0,0,0,0,0,250,0,0,0,0,03/06/2025 21:37,Wet_Season
0468c1d9-9970-4aef-834b-fad803c45103,C-SonJMWMB39,,50,,,4,3,0,0,0,0,0,0,0,0,0,0,0,0,0,0,0,0,0,0,250,0,0,0,0,03/06/2025 21:38,Wet_Season
fd8ff655-0214-4d33-8554-0ddbecfa1a27,C-SonT3WUT15,,50,,,4,3,0,0,0,0,0,0,0,0,0,0,0,0,0,0,0,0,0,0,250,0,0,0,0,03/06/2025 21:38,Wet_Season
4179d6e2-2b0d-48ea-b7e4-d663b0f0e1d4,C-Son7KS3U52,,50,,,4,3,0,0,0,0,0,0,0,0,0,0,0,0,0,0,0,0,0,0,250,0,0,0,0,03/06/2025 21:38,Wet_Season
8b3db74f-7f83-4a85-a50b-023afe1eec8d,C-SonU4MGU40,,50,,,4,3,0,0,0,0,0,0,0,0,0,0,0,0,0,0,0,0,0,0,250,0,0,0,0,03/06/2025 21:38,Wet_Season
062c23c4-121b-4278-acff-2c486e73a483,C-Son54YBU03,,50,,,4,3,0,0,0,0,0,0,0,0,0,0,0,0,0,0,0,0,0,0,250,0,0,0,0,03/06/2025 21:38,Wet_Season
85af75db-9808-4e7c-8834-6c4f573706cc,C-Son1FY3N55,20,,,,4,3,1,0,2,0,0,0,0,0,2,0,0,10,0,0,0,0,0,0,250,0,0,0,0,03/06/2025 21:38,Wet_Season
056a51be-397d-4aa5-8c52-e2b7e5b2db75,C-SonVAB4E01,,50,,,4,3,0,0,0,0,0,0,0,0,0,0,0,0,0,0,0,0,0,0,250,0,0,0,0,03/06/2025 21:38,Wet_Season
52764d16-1402-470a-ba40-c6e9004910fb,C-SonGNISQ26,,50,,,4,3,0,0,0,0,0,0,0,0,0,0,0,0,0,0,0,0,0,0,250,0,0,0,0,03/06/2025 21:46,Wet_Season
85d23575-721a-486a-9e07-0b025a2b81d2,C-SonIVJZR43,20,,,,4,3,1,0,2,0,0,0,0,0,2,0,0,10,0,0,0,0,0,0,250,0,0,0,0,03/06/2025 21:53,Wet_Season
a9093e94-6f24-4f29-a717-7a1d624ec10a,C-SonQF0MQ09,20,,,,4,3,1,0,2,0,0,0,0,0,2,0,0,10,0,0,0,0,0,0,250,0,0,0,0,03/06/2025 21:58,Wet_Season
c1f4bb90-f002-4417-bfda-7c5eb2f45ca1,C-Son21FQA47,,50,,,0,0,0,0,0,0,0,0,0,0,0,0,0,0,0,0,0,0,0,0,0,0,0,0,0,03/06/2025 22:16,Wet_Season
6b54595f-50d7-4f55-b3ff-09407cabf521,C-Son6BNXS57,20,,,,4,3,1,0,0,0,0,0,0,0,0,0,0,10,0,0,0,0,0,0,0,0,0,0,0,03/06/2025 22:17,Wet_Season
accd0fbc-a3e9-4194-93c4-962c6c483358,C-SonB7XCY38,20,,,,4,3,1,0,0,0,0,0,0,0,0,0,0,10,0,0,0,0,0,0,0,0,0,0,0,03/06/2025 22:17,Wet_Season
b0e73af0-cf00-4d4f-a3e4-3a87434c50ae,C-SonGBYU956,20,,,,4,3,1,0,0,0,0,0,0,0,0,0,0,0,0,0,0,0,0,0,0,0,0,0,0,03/06/2025 22:17,Wet_Season
b8a17a65-a6af-4213-b1e6-2c075b076ded,C-SonGNTFH24,20,,,,4,3,1,0,0,0,0,0,0,0,0,0,0,0,0,0,0,0,0,0,0,0,0,0,0,03/06/2025 22:17,Wet_Season
93c1402c-6e1b-4fe1-8509-5f24d97e1bc3,C-SonGPJOX39,20,,,,4,3,1,0,2,0,0,0,0,0,0,0,0,10,0,0,0,0,0,0,0,0,0,0,0,03/06/2025 22:17,Wet_Season
c3e275aa-4f4e-4564-a2b7-d82b0683c12b,C-SonJWTQC17,20,,,,4,3,0,0,2,0,0,0,0,0,0,0,0,10,0,0,0,0,0,0,0,0,0,0,0,03/06/2025 22:17,Wet_Season
90706620-08f5-47e0-8381-191399cde6a9,C-SonNHZXM53,20,,,,4,3,1,0,2,0,0,0,0,0,0,0,0,10,0,0,0,0,0,0,0,0,0,0,0,03/06/2025 22:17,Wet_Season
07904aaa-01da-4b6f-8b17-48b0d63bef6d,C-SonTCQUX45,20,,,,4,3,1,0,2,0,0,0,0,0,0,0,0,10,0,0,0,0,0,0,0,0,0,0,0,03/06/2025 22:17,Wet_Season
4dce7dad-9cf3-48e4-83f2-a17a9c664a5d,C-SonSK9G637,20,,,,4,3,1,0,0,0,0,0,0,0,0,0,0,10,0,0,0,0,0,0,0,0,0,0,0,03/06/2025 22:17,Wet_Season
5f3039e3-9192-4ac7-be7d-12789a9518e3,C-SonZPCJJ56,20,,,,4,3,1,0,2,0,0,0,0,0,0,0,0,10,0,0,0,0,0,0,0,0,0,0,0,03/06/2025 22:17,Wet_Season
d68011db-41bb-4db9-a04b-9642b63fae59,C-Kau04FRC05,20,,,,4,3,0,0,0,0,0,0,0,0,2,0,0,5,0,0,0,0,2,0,250,0,0,2,0,03/06/2025 22:32,Wet_Season
0a7c39a1-13fe-4b12-9cba-8276cb7d289e,C-Kau1YRNN05,20,,,,4,3,0,0,0,0,0,0,0,0,2,0,0,5,0,0,0,0,0,0,250,0,0,2,0,03/06/2025 22:32,Wet_Season
5ea6a666-4f59-4ff0-a596-0d78984a8bfc,C-KauF9Q4R17,20,,,,4,3,0,0,0,0,0,0,0,0,2,0,0,5,0,0,0,0,2,0,250,0,0,2,0,03/06/2025 22:32,Wet_Season
e84d4af8-311e-4eb5-b6d2-ba9c80ec7034,C-KauE1Y5426,20,,,,4,3,0,0,0,0,0,0,0,0,2,0,0,5,0,0,0,0,2,0,250,0,0,2,0,03/06/2025 22:32,Wet_Season
743551c1-75a3-4a5e-93cc-81f157c7597d,C-KauV8SUA42,20,,,,4,3,0,0,0,0,0,0,0,0,2,0,0,5,0,0,0,0,2,0,250,0,0,2,0,03/06/2025 22:32,Wet_Season
ee5ab380-93da-4164-b220-dd411fd9ea3c,C-KauEL0T032,20,,,,4,3,0,0,0,0,0,0,0,0,2,0,0,5,0,0,0,0,2,0,250,0,0,2,0,03/06/2025 22:32,Wet_Season
79f94d3f-d262-4df7-a179-2b25c88455bf,C-SonFEJSA11,20,,,,4,3,1,0,2,0,0,0,0,0,2,0,0,10,0,0,0,0,0,0,250,0,0,0,0,03/06/2025 22:49,Wet_Season
af9d94dc-8e0f-4274-a26e-7dc9e73ac1b9,C-SonR9L9830,20,,,,4,3,1,0,2,0,0,0,0,0,2,0,0,10,0,0,0,0,0,0,250,0,0,0,0,03/06/2025 22:49,Wet_Season
64d8cbae-4690-4f53-a845-6770daa41520,C-SonG2B1M14,,50,,,4,3,0,2,0,0,0,0,0,0,0,0,0,0,0,0,0,0,0,0,250,0,0,0,0,03/06/2025 22:49,Wet_Season
c557a5ce-398b-436a-a1ae-ad9d9ec8bf14,C-Son7WSKT20,20,,,,4,3,1,0,2,0,0,0,0,0,2,0,0,6,0,0,0,0,0,0,1,0,0,0,0,04/06/2025 06:18,Wet_Season
1718bd4a-2819-4dad-a9c0-ba31a5c06048,C-SonA8RD715,,50,,,4,3,0,0,0,0,0,0,0,0,0,0,0,0,0,0,0,0,0,0,1,0,0,0,0,04/06/2025 06:25,Wet_Season
3f17545b-bd8a-4c67-962a-5355658ab3c4,C-SonNHNV840,20,,,,4,3,1,0,2,0,0,0,0,0,2,0,0,6,0,0,0,0,0,0,1,0,0,0,0,04/06/2025 06:31,Wet_Season
0af68d43-bcc8-4d73-b9af-4c7911de6861,C-SonYX5EG33,20,,,,4,3,1,0,2,0,0,0,0,0,2,0,0,6,0,0,0,0,0,0,1,0,0,0,0,04/06/2025 06:35,Wet_Season
d1067a03-9617-4a16-b89e-0d9011089cca,C-Son3RQ1L17,20,,,,4,3,1,0,2,0,0,0,0,0,2,0,0,6,0,0,0,0,0,0,1,0,0,0,0,04/06/2025 06:38,Wet_Season
85cb053f-7fbe-4f0a-96cc-85e752713d1c,C-SonZWNJY52,20,,,,4,3,1,0,2,0,0,0,0,0,2,0,0,6,0,0,0,0,0,0,1,0,0,0,0,04/06/2025 06:43,Wet_Season
4c1fd209-3d72-466c-ad8c-b2d5265d2ba3,C-SonBI2FY54,20,,,,4,3,1,0,2,0,0,0,0,0,2,0,0,6,0,0,0,0,0,0,1,0,0,0,0,04/06/2025 06:46,Wet_Season
e6e3b5b7-b328-42c3-99c0-d3fb2899a38d,C-SonZWNJY52,20,,,,4,3,1,0,2,0,0,0,0,0,2,0,0,6,0,0,0,0,0,0,1,0,0,0,0,04/06/2025 06:52,Wet_Season
a7b14ab3-5600-42ae-a6b4-09b5207528dc,C-BauNKVY312,,100,,,8,4,0,2,0,0,2,2,0,0,0,0,0,0,0,0,0,0,0,0,0,2,0,0,1500,04/06/2025 08:30,Wet_Season
1ac8b988-6afc-4b11-a3be-b4fbac09b206,C-BauTUOEM42,,100,,,8,4,0,2,0,0,2,2,0,0,0,0,0,0,0,0,0,0,0,0,0,2,0,0,1500,04/06/2025 08:30,Wet_Season
e42036cc-c3d6-494a-848b-a795d595754b,C-BauTY1GB19,,100,,,8,4,0,2,0,0,2,2,0,0,0,0,0,0,0,0,0,0,0,0,0,2,0,0,1500,04/06/2025 08:30,Wet_Season
4e967442-3186-4027-bff0-9855a58314ba,C-BauXTQRO56,,100,,,8,4,0,2,0,0,2,2,0,0,0,0,0,0,0,0,0,0,0,0,0,2,0,0,1500,04/06/2025 08:30,Wet_Season
4e578a01-1f82-46e9-98a3-89532e0ecc14,C-BauZU3CV57,,100,,,8,4,0,2,0,0,2,2,0,0,0,0,0,0,0,0,0,0,0,0,0,2,0,0,1500,04/06/2025 08:30,Wet_Season
e4de411c-8daa-48e9-a324-aa2129012667,C-BauZXUD950,,100,,,8,4,0,2,0,0,2,2,0,0,0,0,0,0,0,0,0,0,0,0,0,2,0,0,1500,04/06/2025 08:30,Wet_Season
caba4e2b-e834-4560-a87a-490db4986293,C-BauZYAQU07,,100,,,8,4,0,2,0,0,2,2,0,0,0,0,0,0,0,0,0,0,0,0,0,2,0,0,1500,04/06/2025 08:30,Wet_Season
51640882-d814-4fad-a779-fbda0725e18b,C-SonINDMN47,20,,,,4,3,1,0,2,0,0,0,0,0,2,0,0,10,0,0,0,0,0,0,250,0,0,0,0,04/06/2025 09:09,Wet_Season
274503c6-0d03-4314-9d8a-8d6f4b88e39f,C-SonPKTVB09,20,,,,4,3,1,0,2,0,0,0,0,0,2,0,0,10,0,0,0,0,0,0,250,0,0,0,0,04/06/2025 09:09,Wet_Season
c29fbe71-b307-43c0-a7f9-7608b09e0be3,C-Son5H7E202,20,,,,4,3,1,0,2,0,0,0,0,0,2,0,0,10,0,0,0,0,0,0,250,0,0,0,0,04/06/2025 09:09,Wet_Season
efb1dc40-2a98-432c-b4f9-1f491906fb3e,C-SonGGGHK43,20,,,,4,3,1,0,2,0,0,0,0,0,2,0,0,10,0,0,0,0,0,0,250,0,0,0,0,04/06/2025 09:09,Wet_Season
56ec33ce-e696-465f-804b-02284df4688b,C-SonVG5PM05,20,,,,4,3,1,0,2,0,0,0,0,0,2,0,0,10,0,0,0,0,0,0,250,0,0,0,0,04/06/2025 09:09,Wet_Season
f89fd7e9-bc88-48d5-9a45-902a4503d326,C-Son2Y1L321,20,,,,4,3,1,0,2,0,0,0,0,0,2,0,0,10,0,0,0,0,0,0,250,0,0,0,0,04/06/2025 09:09,Wet_Season
81abb389-8ecb-4be2-9685-ac7168679bb5,C-SonNMFD348,20,,,,4,3,1,0,2,0,0,0,0,0,2,0,0,10,0,0,0,0,0,0,250,0,0,0,0,04/06/2025 09:09,Wet_Season
2f52138a-f548-4b07-94a1-8ce8eb607777,C-SonNZCFY19,20,,,,4,3,1,0,2,0,0,0,0,0,2,0,0,10,0,0,0,0,0,0,250,0,0,0,0,04/06/2025 09:09,Wet_Season
49625f24-20a0-44a6-83aa-d8b5cc2fada9,C-SonQHIH012,,50,,,4,3,0,0,0,0,0,0,0,0,0,0,0,0,0,0,0,0,0,0,250,0,2,0,0,04/06/2025 09:09,Wet_Season
bac813cb-a862-40e6-88ba-479580653eff,C-SonRQ5JG17,,50,,,4,3,0,0,0,0,0,0,0,0,0,0,0,0,0,0,0,0,0,0,250,0,2,0,0,04/06/2025 09:10,Wet_Season
969a97e3-37be-4dba-a465-157796aa3a13,C-SonSPCBH41,20,,,,4,3,1,0,2,0,0,0,0,0,2,0,0,10,0,0,0,0,0,0,250,0,0,0,0,04/06/2025 09:10,Wet_Season
5acaafcf-14c5-4c1a-9c0c-d8011d6c701e,C-Son9SBA657,20,,,,4,3,1,0,2,0,0,0,0,0,2,0,0,10,0,0,0,0,0,0,250,0,0,0,0,04/06/2025 09:10,Wet_Season
31fdaa85-3e72-4383-8a71-9a830ed9d350,C-SonCQFAN07,20,,,,4,3,1,0,2,0,0,0,0,0,2,0,0,6,0,0,0,0,0,0,1,0,0,0,0,04/06/2025 10:41,Wet_Season
162fbfb5-bb44-4277-b093-a9d4394030f6,C-SonGQP8V21,20,,,,4,3,1,0,2,0,0,0,0,0,2,0,0,6,0,0,0,0,0,0,1,0,0,0,0,04/06/2025 10:41,Wet_Season
7d2e654d-25a8-4838-b370-88c579476ff8,C-SonOAJCZ44,20,,,,4,3,1,0,2,0,0,0,0,0,2,0,0,6,0,0,0,0,0,0,1,0,0,0,0,04/06/2025 10:41,Wet_Season
cb8d743e-8bb3-4935-97f4-86e935ba6829,C-SonV7E3Q52,20,,,,4,3,1,0,2,0,0,0,0,0,2,0,0,6,0,0,0,0,0,0,1,0,0,0,0,04/06/2025 10:41,Wet_Season
ed27009d-47aa-4053-8a4c-e0cc143304f4,C-SonVD0E646,20,,,,4,3,1,0,2,0,0,0,0,0,2,0,0,6,0,0,0,0,0,0,1,0,0,0,0,04/06/2025 10:41,Wet_Season
989cc501-9bf7-4351-8d5c-2e79af949282,C-SonAI5MZ15,20,,,,4,3,1,0,2,0,0,0,0,0,2,0,0,6,0,0,0,0,0,0,1,0,0,0,0,04/06/2025 10:41,Wet_Season
c18a42e4-d004-4cde-9829-cb0cedb9f771,C-SonNP36O30,20,,,,4,3,1,0,2,0,0,0,0,0,2,0,0,6,0,0,0,0,0,0,1,0,0,0,0,04/06/2025 10:41,Wet_Season
8158cf35-18a5-4c0b-9db7-fa225b9d0ad0,C-Son87FGK15,20,,,,4,3,1,0,2,0,0,0,0,0,2,0,0,6,0,0,0,0,0,0,1,0,0,0,0,04/06/2025 10:41,Wet_Season
36cd6711-6cee-4de8-8e05-7ec6ac42c648,C-Son87SMN28,20,,,,4,3,1,0,2,0,0,0,0,0,2,0,0,6,0,0,0,0,0,0,1,0,0,0,0,04/06/2025 10:43,Wet_Season
a0f82704-b558-4fc1-8dee-abe6a5c8df1c,C-SonEQX8M23,20,,,,4,3,1,0,2,0,0,0,0,0,2,0,0,6,0,0,0,0,0,0,1,0,0,0,0,04/06/2025 10:44,Wet_Season
e779eec5-16a8-4d20-baad-ab901e41ef9b,C-Gwe93LQ227,,50,,,4,3,0,0,0,0,0,0,0,0,0,0,0,0,0,0,0,0,0,2,0.5,0,125,2,0,04/06/2025 10:45,Wet_Season
f30e3d20-28e7-4e2b-af7b-716ab9b1b44f,C-Mar716DD02,,50,,,4,3,0,0,0,0,0,0,0,0,0,0,0,0,0,0,0,0,0,2,0.5,0,125,2,0,04/06/2025 10:50,Wet_Season
634c44e0-cea0-4122-a310-bee71af3a876,C-SonUYTEB07,20,,,,4,3,1,0,2,0,0,0,0,0,2,0,0,10,0,0,0,0,0,0,250,0,0,0,0,04/06/2025 10:53,Wet_Season
edf1ba17-b054-4f46-9088-552b4bcabd3d,C-SonV208620,,50,,,4,3,0,0,0,0,0,0,0,0,0,0,0,0,0,0,0,0,0,0,250,0,0,0,0,04/06/2025 10:53,Wet_Season
562fb8d5-4f39-438d-9866-7ca40f3e7f86,C-MarFTUA412,,50,,,4,3,0,0,0,0,0,0,0,0,0,0,0,0,0,0,0,0,0,2,0.5,0,2500,2,0,04/06/2025 12:00,Wet_Season
a67a7efa-fa85-412c-826a-66167a4bdf43,C-MubK0O0W07,20,,,,4,3,2,0,2,0,0,0,0,0,2,0,0,2,0,0,0,0,0,0,10,0,0,0,0,04/06/2025 16:57,Wet_Season
421c4d13-cc9b-40dc-a3a2-c8693946f041,C-MarB98ZJ56,,50,,,4,3,0,0,0,0,0,0,0,0,0,0,0,0,0,0,0,0,0,2,0.5,0,125,2,0,04/06/2025 18:36,Wet_Season
0f450880-3cd0-4893-8024-91a50a42493f,C-Mar8ZYS309,,50,,,4,3,0,0,0,0,0,0,0,0,0,0,0,0,0,0,0,0,0,2,0.5,0,125,2,0,04/06/2025 18:45,Wet_Season
d580bea8-acc1-4dd1-a5b5-980e3632cdef,C-Son9AFAU23,20,,,,4,3,1,0,2,0,0,0,0,0,2,0,0,6,0,0,0,0,0,0,1,0,0,0,0,04/06/2025 18:46,Wet_Season
6aa7a99e-a082-4ff9-85cc-652d44665c3c,C-MarAS15R03,,50,,,4,3,0,0,0,0,0,0,0,0,0,0,0,0,0,0,0,0,0,2,0.5,0,125,2,0,04/06/2025 18:49,Wet_Season
4a81a958-0bff-4c76-9f3b-0a7a9b467c76,C-Son6RZA123,20,,,,4,3,1,0,2,0,0,0,0,0,2,0,0,6,0,0,0,0,0,0,1,0,0,0,0,04/06/2025 18:50,Wet_Season
f4914659-bb5e-414d-8bc0-1e5937540ebd,C-SonPWTRX16,20,,,,4,3,1,0,2,0,0,0,0,0,2,0,0,6,0,0,0,0,0,0,1,0,0,0,0,04/06/2025 18:55,Wet_Season
e177aacd-9cb8-4fa4-8cd0-3e7c12e4f742,C-SonZT2QE30,20,,,,4,3,1,0,2,0,0,0,0,0,2,0,0,10,0,0,0,0,0,0,250,0,0,0,0,04/06/2025 19:25,Wet_Season
08a8861d-da92-40ad-ac7b-7248b3bb737b,C-Son8CG5S07,,50,,,4,3,0,0,0,0,0,0,0,0,0,0,0,0,0,0,0,0,0,0,250,0,0,0,0,04/06/2025 19:26,Wet_Season
7b2dc053-9efa-4e9c-8f85-36fc08228224,C-Son7WSKT20,,50,,,4,3,0,0,0,0,0,0,0,0,0,0,0,0,0,0,0,0,0,0,250,0,0,0,0,04/06/2025 19:26,Wet_Season
6a7812fb-fe37-4290-937d-2d6106d85272,C-Son5673C48,20,,,,4,3,1,0,2,0,0,0,0,0,2,0,0,10,0,0,0,0,0,0,250,0,0,0,0,04/06/2025 19:26,Wet_Season
e184d963-5142-44e5-96cd-2489f72e5b86,C-SonWH9ZE02,20,,,,4,3,1,0,2,0,0,0,0,0,2,0,0,10,0,0,0,0,0,0,250,0,0,0,0,04/06/2025 19:26,Wet_Season
16f1ee0f-97d6-47f5-ac42-546111d58642,C-SonP4YST53,20,,,,4,3,1,0,2,0,0,0,0,0,2,0,0,10,0,0,0,0,0,0,250,0,0,0,0,04/06/2025 19:26,Wet_Season
c3096f51-0b3d-4b5b-9ec8-fbe3a567c077,C-Son2R8AF30,20,,,,4,3,1,0,2,0,0,0,0,0,2,0,0,10,0,0,0,0,0,0,250,0,0,0,0,04/06/2025 19:26,Wet_Season
a7ac4a12-6064-40bb-8a17-5acce0ba2fe1,C-Son5YHOR12,20,,,,4,3,1,0,2,0,0,0,0,0,2,0,0,10,0,0,0,0,0,0,250,0,0,0,0,04/06/2025 19:26,Wet_Season
866a32cc-90c9-4a88-8500-b3983f1f1c00,C-SonXIU2N23,20,,,,4,3,1,0,2,0,0,0,0,0,2,0,0,10,0,0,0,0,0,0,250,0,0,0,0,04/06/2025 19:26,Wet_Season
4c5f91aa-0703-451e-a133-3ade488be2ca,C-Son01FGW40,20,,,,4,3,1,0,2,0,0,0,0,0,2,0,0,6,0,0,0,0,0,0,1,0,0,0,0,04/06/2025 19:33,Wet_Season
90eeb2ef-de9e-4fcc-a9e3-bafacd65ff6f,C-Son3IDIR23,,50,,,4,3,0,0,0,0,0,0,0,0,0,0,0,0,0,0,0,0,0,0,1,0,0,0,0,04/06/2025 19:33,Wet_Season
cfe6b4a0-2088-459d-8d69-bef0903478e4,C-Son7LB4R35,20,,,,4,3,1,0,2,0,0,0,0,0,2,0,0,10,0,0,0,0,0,0,250,0,0,0,0,04/06/2025 20:12,Wet_Season
7314cc60-3f8d-434a-a657-8d6b14fa2337,C-SonPWHRI56,20,,,,4,3,1,0,2,0,0,0,0,0,2,0,0,10,0,0,0,0,0,0,250,0,0,0,0,04/06/2025 20:12,Wet_Season
45795996-efd8-4eff-b6b2-e8bbc54da2c2,C-SonTHZOS37,20,,,,4,3,1,0,2,0,0,0,0,0,2,0,0,10,0,0,0,0,0,0,250,0,0,0,0,04/06/2025 20:12,Wet_Season
7610347e-5d73-49d2-a710-e57967cfa56d,C-SonJNHZY09,20,,,,4,3,1,0,2,0,0,0,0,0,2,0,0,10,0,0,0,0,0,0,250,0,0,0,0,04/06/2025 20:12,Wet_Season
1ba5eec9-8624-4695-9a26-a9b5fb88b32a,C-SonI78J845,20,,,,4,3,1,0,2,0,0,0,0,0,2,0,0,10,0,0,0,0,0,0,250,0,0,0,0,04/06/2025 20:12,Wet_Season
f90abd13-f0be-414d-9687-5d792fc08c22,C-SonVN1N800,20,,,,4,3,1,0,2,0,0,0,0,0,2,0,0,10,0,0,0,0,0,0,250,0,0,0,0,04/06/2025 20:12,Wet_Season
28a5700e-d61c-4ed3-9a56-7b6b44da775d,C-SonOW7MK14,20,,,,4,3,1,0,2,0,0,0,0,0,2,0,0,10,0,0,0,0,0,0,250,0,0,0,0,04/06/2025 20:13,Wet_Season
3dbae83a-55cb-4160-b48f-1a27c8564f5b,C-Son4NUOE53,20,,,,4,3,1,0,2,0,0,0,0,0,2,0,0,10,0,0,0,0,0,0,250,0,0,0,0,04/06/2025 20:13,Wet_Season
c94e21a3-5631-4048-94d4-fec347a7ef16,C-SonTPAID22,20,,,,4,3,1,0,2,0,0,0,0,0,2,0,0,10,0,0,0,0,0,0,250,0,0,0,0,04/06/2025 20:13,Wet_Season
dbde2c15-4f0d-4669-8d89-88c8b4411c86,C-SonJ4TB719,20,,,,4,3,1,0,2,0,0,0,0,0,2,0,0,10,0,0,0,0,0,0,250,0,0,0,0,04/06/2025 20:13,Wet_Season
edce8a17-6cfc-44e3-bf97-b1daf14a83d0,C-SonJ3UOZ52,20,,,,4,3,1,0,2,0,0,0,0,0,2,0,0,10,0,0,0,0,0,0,250,0,0,0,0,04/06/2025 20:13,Wet_Season
e20719e5-a9fa-4525-9996-59b8b864815b,C-SonJYMMU44,20,,,,4,3,1,0,2,0,0,0,0,0,2,0,0,10,0,0,0,0,0,0,250,0,0,0,0,04/06/2025 20:13,Wet_Season
d469302a-254d-4875-8f5c-5e6be0d5c73b,C-Bau2645539,,100,,,8,4,0,2,0,0,2,2,0,0,0,0,0,0,0,0,0,0,0,0,0,2,0,0,1500,05/06/2025 06:33,Wet_Season
df4c354d-b3ca-45a9-a6bb-f26d9e043377,C-Bau70AAH34,,100,,,8,4,0,2,0,0,2,2,0,0,0,0,0,0,0,0,0,0,0,0,0,2,0,0,1500,05/06/2025 06:33,Wet_Season
44a13f4b-a009-45bc-82fd-8515f0351386,C-Bau9B98710,,100,,,8,4,0,2,0,0,2,2,0,0,0,0,0,0,0,0,0,0,0,0,0,2,0,0,1500,05/06/2025 06:33,Wet_Season
a0049b06-8fe6-4f80-be8b-b9c77fa43db4,C-Bau9PNWT32,,100,,,8,4,0,2,0,0,2,2,0,0,0,0,0,0,0,0,0,0,0,0,0,2,0,0,1500,05/06/2025 06:33,Wet_Season
7557cc55-eb03-4677-9eea-ca144266eb78,C-BauD7YR251,,100,,,8,4,0,2,0,0,2,2,0,0,0,0,0,0,0,0,0,0,0,0,0,2,0,0,1500,05/06/2025 06:33,Wet_Season
f5f11ad7-11b3-446c-ab7a-cd544b256e17,C-BauDZJFF55,,100,,,8,4,0,2,0,0,2,2,0,0,0,0,0,0,0,0,0,0,0,0,0,2,0,0,1500,05/06/2025 06:33,Wet_Season
18387d37-d620-46e1-9ed4-be7f22ec21ff,C-BauDZJFF55,,100,,,8,4,0,2,0,0,2,2,0,0,0,0,0,0,0,0,0,0,0,0,0,2,0,0,1500,05/06/2025 06:33,Wet_Season
ec503382-63c3-433c-a5a1-22347cc6d257,C-BauQ1EQ619,,100,,,8,4,0,2,0,0,2,2,0,0,0,0,0,0,0,0,0,0,0,0,0,2,0,0,1500,05/06/2025 06:33,Wet_Season
60cb5afa-918c-41b9-af79-5a93d2634fa1,C-BauNHJJL28,,100,,,8,4,0,2,0,0,2,2,0,0,0,0,0,0,0,0,0,0,0,0,0,2,0,0,1500,05/06/2025 06:33,Wet_Season
c6e6f26e-20dc-46e6-b05e-0bc88f7b34fd,C-BauOS4H357,,100,,,8,4,0,2,0,0,2,2,0,0,0,0,0,0,0,0,0,0,0,0,0,2,0,0,1500,05/06/2025 06:33,Wet_Season
c4329921-c000-4715-9ecf-d0e8d5272802,C-BauOT49V58,,100,,,8,4,0,2,0,0,2,2,0,0,0,0,0,0,0,0,0,0,0,0,0,2,0,0,1500,05/06/2025 06:33,Wet_Season
dd27c4a9-48d9-4779-8cae-b51b626e9526,C-BauP4OWP50,,100,,,8,4,0,2,0,0,2,2,0,0,0,0,0,0,0,0,0,0,0,0,0,2,0,0,1500,05/06/2025 06:33,Wet_Season
0f7f812e-26cc-4ea4-8e0b-1771dfff6125,C-BauP5EUV43,,100,,,8,4,0,2,0,0,2,2,0,0,0,0,0,0,0,0,0,0,0,0,0,2,0,0,1500,05/06/2025 06:33,Wet_Season
df99624c-09c2-4791-994d-131711b47225,C-BauQYNNN57,,100,,,8,4,0,2,0,0,2,2,0,0,0,0,0,0,0,0,0,0,0,0,0,2,0,0,1500,05/06/2025 06:33,Wet_Season
5376a031-861c-4987-8041-cd996fa5b9b7,C-BauSLERN52,,100,,,8,4,0,2,0,0,2,2,0,0,0,0,0,0,0,0,0,0,0,0,0,2,0,0,1500,05/06/2025 06:33,Wet_Season
27b87b5d-11fd-43ba-aa70-bc3cc66e1c9a,C-BauV560426,,100,,,8,4,0,2,0,0,2,2,0,0,0,0,0,0,0,0,0,0,0,0,0,2,0,0,1500,05/06/2025 06:33,Wet_Season
6779d2f6-03e5-4ccd-85d1-8d4aae8c4f91,C-Bau1C5MA53,,100,,,8,4,0,2,0,0,2,2,0,0,0,0,0,0,0,0,0,0,0,0,0,2,0,0,1500,05/06/2025 19:52,Wet_Season
fe643d70-5475-4375-be7d-67997f0cb2a3,C-Bau2O5EZ57,,100,,,8,4,0,2,0,0,2,2,0,0,0,0,0,0,0,0,0,0,0,0,0,2,0,0,1500,05/06/2025 19:52,Wet_Season
e628a541-6657-4203-964e-ae3a0bc99bf4,C-Bau4R4CF01,,100,,,8,4,0,2,0,0,2,2,0,0,0,0,0,0,0,0,0,0,0,0,0,2,0,0,1500,05/06/2025 19:52,Wet_Season
313141e6-650d-4c62-ad81-f2a4f7f1ab8a,C-Bau7PO5Z03,,100,,,8,4,0,2,0,0,2,2,0,0,0,0,0,0,0,0,0,0,0,0,0,2,0,0,1500,05/06/2025 19:52,Wet_Season
aa3350da-6a0d-4fe0-98f7-02549ddd3fdc,C-Bau8OIK015,,100,,,8,4,0,2,0,0,2,2,0,0,0,0,0,0,0,0,0,0,0,0,0,2,0,0,1500,05/06/2025 19:52,Wet_Season
688a3120-a2ab-417f-808d-0467f197dbda,C-BauGHV8P34,,100,,,8,4,0,2,0,0,2,2,0,0,0,0,0,0,0,0,0,0,0,0,0,2,0,0,1500,05/06/2025 19:52,Wet_Season
41d12639-5bfd-495b-ac71-c3bb204f9c80,C-BauGLB5U32,,100,,,8,4,0,2,0,0,2,0,0,0,0,0,0,0,0,0,0,0,0,0,0,2,0,0,1500,05/06/2025 19:52,Wet_Season
ade2ea5e-39a1-4e42-855b-9e8bbd0e1202,C-BauJQCM308,,100,,,8,4,0,2,0,0,2,2,0,0,0,0,0,0,0,0,0,0,0,0,0,2,0,0,1500,05/06/2025 19:52,Wet_Season
9721e026-498e-4638-911b-c5fac0fd94a0,C-BauLGX1X53,,100,,,8,4,0,2,0,0,2,2,0,0,0,0,0,0,0,0,0,0,0,0,0,2,0,0,1500,05/06/2025 19:52,Wet_Season
b6cb3b74-634a-4a6e-9ffb-ddd1bec7be56,C-BauQ4EIP39,,100,,,8,4,0,2,0,0,2,2,0,0,0,0,0,0,0,0,0,0,0,0,0,2,0,0,1500,05/06/2025 19:52,Wet_Season
e0a29b6c-66ac-4a96-a39b-744f237d7b53,C-BauSOHEV55,,100,,,8,4,0,2,0,0,2,2,0,0,0,0,0,0,0,0,0,0,0,0,0,2,0,0,1500,05/06/2025 19:52,Wet_Season
5ba4cbf4-56d2-4701-8095-a757fa487a02,C-BauTG8E728,,100,,,8,4,0,2,0,0,2,2,0,0,0,0,0,0,0,0,0,0,0,0,0,2,0,0,1500,05/06/2025 19:52,Wet_Season
4096660e-479a-4b79-a34d-20e5024c83cc,C-BauTR05W16,,100,,,8,4,0,2,0,0,2,2,0,0,0,0,0,0,0,0,0,0,0,0,0,2,0,0,100,05/06/2025 19:52,Wet_Season
9e5ed753-e9ec-4a3a-97ba-362e64d0ce53,C-BauVUDO040,,100,,,8,4,0,2,0,0,2,2,0,0,0,0,0,0,0,0,0,0,0,0,0,2,0,0,1500,05/06/2025 19:53,Wet_Season
be5891b3-6b1d-43e1-8729-3ddc85ef04f6,C-BauWS1MQ07,,100,,,8,4,0,2,0,0,2,2,0,0,0,0,0,0,0,0,0,0,0,0,0,2,0,0,1500,05/06/2025 19:53,Wet_Season
3eb56c85-a5d2-41e1-9e7d-ddbac1e11d83,C-BauWWVNJ09,,100,,,8,4,0,2,0,0,2,2,0,0,0,0,0,0,0,0,0,0,0,0,0,2,0,0,1500,05/06/2025 19:53,Wet_Season
3385aeb4-d52f-40e7-bd75-e10ce40ae681,C-BauXQP8V36,,100,,,8,4,0,2,0,0,2,2,0,0,0,0,0,0,0,0,0,0,0,0,0,2,0,0,1500,05/06/2025 19:53,Wet_Season
2197d80c-4c46-4fc8-ac8f-d9a63cd918eb,C-BauZ01D049,,100,,,8,4,0,2,0,0,2,2,0,0,0,0,0,0,0,0,0,0,0,0,0,2,0,0,1500,05/06/2025 19:53,Wet_Season
d06551b2-82a1-4668-8fd8-51333e7217c8,C-Bau0WRY633,,100,,,8,4,0,2,0,0,2,2,0,0,0,0,0,0,0,0,0,0,0,0,0,2,0,0,1500,05/06/2025 19:53,Wet_Season
7d277953-11cd-40c3-ac5d-a54ad2caf380,C-SonY3FK415,,50,,,4,3,3,0,2,0,0,0,0,0,0,0,0,0,0,0,0,0,0,0,250,0,0,0,0,05/06/2025 20:23,Wet_Season
83168ad9-5aaf-4ce3-89ce-f71234c087a3,C-Son727WD07,,50,,,4,3,3,0,2,0,0,0,0,0,0,0,0,0,0,0,0,0,0,0,250,0,0,0,0,05/06/2025 20:30,Wet_Season
973bdb4d-3002-477a-8849-d29888c20850,C-MubYYICY09,20,,,,4,3,0,0,2,0,0,0,0,0,2,0,0,10,0,0,0,0,0,0,250,0,0,0,0,05/06/2025 20:57,Wet_Season
6919eb6a-ea64-4f08-bc54-2e0087a1391c,C-MubJBPWL47,20,,,,4,3,0,0,2,0,0,0,0,0,2,0,0,10,0,0,0,0,0,0,250,0,0,0,0,05/06/2025 21:10,Wet_Season
4111fce9-943a-4c52-8364-626374f8e302,C-Bau1NPJJ34,,100,,,8,4,0,2,0,0,2,2,0,0,0,0,0,0,0,0,0,0,0,0,0,2,0,0,1500,05/06/2025 21:18,Wet_Season
e8855333-accc-4650-a32b-372653bd4da0,C-Bau476J352,,100,,,8,4,0,2,0,0,2,2,0,0,0,0,0,0,0,0,0,0,0,0,0,2,0,0,1500,05/06/2025 21:18,Wet_Season
3f9152a2-50a8-4a38-ae16-88b1ea21eb50,C-Bau99DSZ41,,100,,,8,4,0,0,0,0,2,2,0,0,0,0,0,0,0,0,0,0,0,0,0,2,0,0,1500,05/06/2025 21:18,Wet_Season
2a7c16f0-2ef9-410d-a76f-df2eb61ccdd5,C-BauA9A3I08,,100,,,8,4,0,2,0,0,2,2,0,0,0,0,0,0,0,0,0,0,0,0,0,2,0,0,1500,05/06/2025 21:18,Wet_Season
b2954014-906e-4d36-a982-060058e43160,C-BauBBQ2W50,,100,,,8,4,0,2,0,0,2,2,0,0,0,0,0,0,0,0,0,0,0,0,0,2,0,0,1500,05/06/2025 21:18,Wet_Season
9370d8bb-837d-49ce-a6b3-7613d1c26932,C-BauC0H1H26,,100,,,8,4,0,2,0,0,2,2,0,0,0,0,0,0,0,0,0,0,0,0,0,2,0,0,1500,05/06/2025 21:19,Wet_Season
e0e6f62f-8cde-436c-9020-7db0a0704318,C-BauCZZDW15,,100,,,8,4,0,2,0,0,2,2,0,0,0,0,0,0,0,0,0,0,0,0,0,2,0,0,1500,05/06/2025 21:19,Wet_Season
ac19cc8a-e131-4a8d-83ad-b7c1cf808f31,C-BauD56DE26,,100,,,8,4,0,2,0,0,2,2,0,0,0,0,0,0,0,0,0,0,0,0,0,2,0,0,1500,05/06/2025 21:19,Wet_Season
e4b4e080-0d21-4e09-a84b-03aca8996cb5,C-BauDFAC320,,100,,,8,4,0,2,0,0,2,2,0,0,0,0,0,0,0,0,0,0,0,0,0,2,0,0,1500,05/06/2025 21:19,Wet_Season
1a2bf74e-6b7d-4846-ae0f-02f24424a2d1,C-BauHW6LU52,,100,,,8,4,0,2,0,0,2,2,0,0,0,0,0,0,0,0,0,0,0,0,0,2,0,0,1500,05/06/2025 21:19,Wet_Season
2e9b34af-adb4-4cea-b7e2-7a8036d5be99,C-BauKYFLY41,,100,,,8,4,0,2,0,0,2,2,0,0,0,0,0,0,0,0,0,0,0,0,0,2,0,0,1500,05/06/2025 21:19,Wet_Season
e530345a-ee96-468c-9292-39ff284b5ff3,C-BauMGV8838,,100,,,8,4,0,2,0,0,2,2,0,0,0,0,0,0,0,0,0,0,0,0,0,2,0,0,1500,05/06/2025 21:19,Wet_Season
9150f283-5fce-48e2-ac56-a6faa107eb74,C-BauNV0XM04,,100,,,8,4,0,2,0,0,2,2,0,0,0,0,0,0,0,0,0,0,0,0,0,2,0,0,1500,05/06/2025 21:19,Wet_Season
ff01431f-4d70-4c32-857e-a1c6c52f53fa,C-BauOLOLN21,,100,,,8,4,0,2,0,0,2,2,0,0,0,0,0,0,0,0,0,0,0,0,0,2,0,0,1500,05/06/2025 21:20,Wet_Season
c0736cdf-1fa2-4533-8c3e-7c810bd016f3,C-BauOXOZP19,,100,,,8,4,0,2,0,0,2,2,0,0,0,0,0,0,0,0,0,0,0,0,0,2,0,0,1500,05/06/2025 21:20,Wet_Season
9d4826f7-0b63-4994-a14c-3d9822196819,C-BauPW60518,,100,,,8,4,0,2,0,0,2,2,0,0,0,0,0,0,0,0,0,0,0,0,0,2,0,0,1500,05/06/2025 21:20,Wet_Season
dc68a07f-ca18-472b-ae9c-b0535d77d9a5,C-BauQBSLM41,,100,,,8,4,0,2,0,0,2,2,0,0,0,0,0,0,0,0,0,0,0,0,0,2,0,0,1500,05/06/2025 21:20,Wet_Season
6c82919e-be14-46d3-85d3-b94b083c6509,C-BauQF4E325,,100,,,8,4,0,2,0,0,2,2,0,0,0,0,0,0,0,0,0,0,0,0,0,2,0,0,1500,05/06/2025 21:20,Wet_Season
c015c908-9e22-4abd-a065-86c6899dd8af,C-BauWEED549,,100,,,8,4,0,2,0,0,2,2,0,0,0,0,0,0,0,0,0,0,0,0,0,2,0,0,1500,05/06/2025 21:20,Wet_Season
f3313508-0142-413b-9b70-3776dd4c475e,C-Mub247DK11,,50,,,4,3,2,0,2,0,0,0,0,0,0,0,0,0,0,0,0,0,0,0,250,0,0,0,0,05/06/2025 21:23,Wet_Season
a5cfab3c-3dde-4627-a093-719898821b89,C-MubJK44K04,20,,,,4,3,0,0,2,0,0,0,0,0,2,0,0,10,0,0,0,0,0,0,250,0,0,0,0,05/06/2025 21:23,Wet_Season
e0f3ec99-b951-44bd-91e1-9bf85634b064,C-MubPPABV57,20,,,,4,3,0,0,2,0,0,0,0,0,2,0,0,10,0,0,0,0,0,0,250,0,0,0,0,05/06/2025 21:24,Wet_Season
0a61d947-d2a8-483f-a531-27aa4153e18c,C-Mub1VKJ105,20,,,,4,3,0,0,2,0,0,0,0,0,2,0,0,10,0,0,0,0,0,0,250,0,0,0,0,05/06/2025 21:27,Wet_Season
396ab4e7-71b8-42de-a67c-a5e7ef8d825e,C-Mub8FHNO13,20,,,,4,3,0,0,2,0,0,0,0,0,2,0,0,10,0,0,0,0,0,0,250,0,0,0,0,05/06/2025 21:31,Wet_Season
268ecbf6-b7d9-4849-bd02-3c9cf2dd5f92,C-MubMS4TU24,20,,,,4,3,0,0,2,0,0,0,0,0,2,0,0,10,0,0,0,0,0,0,250,0,0,0,0,05/06/2025 21:35,Wet_Season
ae22893d-9fc9-44eb-ab91-c6819ff9aea6,C-MubMWI3Q45,20,,,,4,3,0,0,2,0,0,0,0,0,2,0,0,10,0,0,0,0,0,0,250,0,0,0,0,05/06/2025 21:39,Wet_Season
29112f78-3776-4e93-9875-3d2339ae4c6d,C-MubXV30I44,20,,,,4,3,0,0,2,0,0,0,0,0,2,0,0,10,0,0,0,0,0,0,250,0,0,0,0,06/06/2025 05:19,Wet_Season
8b8628f1-81f4-4be7-8377-adcd4b3e5fce,C-Mub5N5TC14,20,,,,4,3,0,0,2,0,0,0,0,0,2,0,0,10,0,0,0,0,0,0,250,0,0,0,0,06/06/2025 05:24,Wet_Season
2edb6e35-73f8-4d5e-8d10-bbd483f35fa6,C-MubPCGKL49,20,,,,4,3,0,0,2,0,0,0,0,0,2,0,0,10,0,0,0,0,0,0,250,0,0,0,0,06/06/2025 05:28,Wet_Season
a3bf5f61-3e32-4491-94e4-571fabc57eed,C-ChiK0L9158,20,,,,0,0,0,0,0,0,0,0,0,0,0,0,0,0,0,0,0,0,0,0,0,0,0,0,0,06/06/2025 09:32,Dry_Season
14f29710-0320-4d49-b6cb-a96bcfe0cecc,C-BauD56DE26,,100,,,8,4,0,2,0,0,2,2,0,0,0,0,0,0,0,0,0,0,0,0,0,2,0,0,1500,06/06/2025 10:00,Wet_Season
88dfa7e6-4907-4fe1-86b4-f292e4faae89,C-BauDFAC320,,100,,,8,4,0,2,0,0,2,2,0,0,0,0,0,0,0,0,0,0,0,0,0,2,0,0,1500,06/06/2025 10:00,Wet_Season
920e6386-e87d-462b-b1ca-71fb63630587,C-BauHW6LU52,,100,,,8,4,0,2,0,0,2,2,0,0,0,0,0,0,0,0,0,0,0,0,0,2,0,0,1500,06/06/2025 10:00,Wet_Season
cc415cb7-7c8e-4a97-b308-5bf87afc607a,C-BauKYFLY41,,100,,,8,4,0,2,0,0,2,2,0,0,0,0,0,0,0,0,0,0,0,0,0,2,0,0,1500,06/06/2025 10:00,Wet_Season
9bb9f81d-30d1-470e-bfbf-14a98fb2c181,C-BauMGV8838,,100,,,8,4,0,2,0,0,2,2,0,0,0,0,0,0,0,0,0,0,0,0,0,2,0,0,1500,06/06/2025 10:00,Wet_Season
c711407f-76f1-45eb-b3d9-8105a0a27302,C-BauNV0XM04,,100,,,8,4,0,2,0,0,2,2,0,0,0,0,0,0,0,0,0,0,0,0,0,2,0,0,1500,06/06/2025 10:00,Wet_Season
2c4b9d7b-5f97-4048-b83f-ce923edc5eef,C-BauOLOLN21,,100,,,8,4,0,2,0,0,2,2,0,0,0,0,0,0,0,0,0,0,0,0,0,2,0,0,1500,06/06/2025 10:00,Wet_Season
44b56d66-8731-49d4-be4f-7685961a2367,C-BauOXOZP19,,100,,,8,4,0,2,0,0,2,2,0,0,0,0,0,0,0,0,0,0,0,0,0,2,0,0,1500,06/06/2025 10:00,Wet_Season
2e9fef23-0245-45a5-81bd-0aa444b80dc4,C-BauPW60518,,100,,,8,4,0,2,0,0,2,2,0,0,0,0,0,0,0,0,0,0,0,0,0,2,0,0,1500,06/06/2025 10:00,Wet_Season
01761b14-4104-46d8-bb14-b13d6fcf5ca6,C-BauQBSLM41,,100,,,8,4,0,2,0,0,2,2,0,0,0,0,0,0,0,0,0,0,0,0,0,2,0,0,1500,06/06/2025 10:00,Wet_Season
48799047-a3f8-4fa7-b5ec-635d7946521e,C-BauQF4E325,,100,,,8,4,0,2,0,0,2,2,0,0,0,0,0,0,0,0,0,0,0,0,0,2,0,0,1500,06/06/2025 10:00,Wet_Season
304f8314-a8ed-4a21-9001-47582fffac8e,C-BauWEED549,,100,,,8,4,0,2,0,0,2,2,0,0,0,0,0,0,0,0,0,0,0,0,0,2,0,0,1500,06/06/2025 10:00,Wet_Season
b2dbaae2-e473-4444-8bb3-1cbdeeca15d3,C-Bau1RB8X49,,100,,,8,4,0,2,0,0,2,2,0,0,0,0,0,0,0,0,0,0,0,0,0,2,0,0,1500,06/06/2025 10:48,Wet_Season
af62f8d0-bf61-4fd7-a601-8e575efdff10,C-Bau56EWH53,,100,,,8,4,0,2,0,0,2,2,0,0,0,0,0,0,0,0,0,0,0,0,0,2,0,0,1500,06/06/2025 10:48,Wet_Season
d2f87b8e-5dd1-41f8-b0f8-a44aa3427ae9,C-BauADN9254,,100,,,8,4,0,2,0,0,2,2,0,0,0,0,0,0,0,0,0,0,0,0,0,2,0,0,1500,06/06/2025 10:48,Wet_Season
a8512e11-c7e1-4f77-bb2a-826eba5070c0,C-BauDV4WQ55,,100,,,8,4,0,2,0,0,2,2,0,0,0,0,0,0,0,0,0,0,0,0,0,2,0,0,1500,06/06/2025 10:48,Wet_Season
2d6c22cb-d5c4-4b12-aa4a-6fc9ad402d24,C-BauFIBN403,,100,,,8,4,0,2,0,0,2,2,0,0,0,0,0,0,0,0,0,0,0,0,0,2,0,0,1500,06/06/2025 10:48,Wet_Season
d738df66-34e3-46b8-95e2-eb686efc3583,C-BauGVKF207,,100,,,8,4,0,2,0,0,2,2,0,0,0,0,0,0,0,0,0,0,0,0,0,2,0,0,1500,06/06/2025 10:48,Wet_Season
48ec133d-5e14-476f-8714-048e7cfe42fa,C-BauLIUTY28,,100,,,8,4,0,2,0,0,2,2,0,0,0,0,0,0,0,0,0,0,0,0,0,2,0,0,1500,06/06/2025 10:48,Wet_Season
3ba7b199-c0bf-4392-ae70-444c05844c7b,C-BauMN3JG05,,100,,,8,4,0,2,0,0,2,2,0,0,0,0,0,0,0,0,0,0,0,0,0,2,0,0,1500,06/06/2025 10:49,Wet_Season
71a17e9c-4633-4fcf-b6cd-0b6397642dd8,C-BauPAVPA26,,100,,,8,4,0,2,0,0,2,2,0,0,0,0,0,0,0,0,0,0,0,0,0,2,0,0,1500,06/06/2025 10:49,Wet_Season
2a8f4090-6b8a-4813-a38a-919aaccc9e5d,C-BauQTLAJ19,,100,,,8,4,0,2,0,0,2,2,0,0,0,0,0,0,0,0,0,0,0,0,0,2,0,0,1500,06/06/2025 10:49,Wet_Season
02692616-f107-4db7-b862-0f2befcd2773,C-BauSUXKZ37,,100,,,8,4,0,2,0,0,2,2,0,0,0,0,0,0,0,0,0,0,0,0,0,2,0,0,1500,06/06/2025 10:49,Wet_Season
0bc825cf-6384-4c67-9860-bd1dc585d63a,C-BauXAPFM53,,100,,,8,4,0,2,0,0,2,2,0,0,0,0,0,0,0,0,0,0,0,0,0,2,0,0,1500,06/06/2025 10:49,Wet_Season
f41fc2b1-0c18-4260-819c-7cbe0c830d73,C-Son01FGW40,20,,,,4,3,1,0,2,0,0,0,0,0,2,0,0,10,0,0,0,0,0,0,250,0,0,0,0,06/06/2025 17:00,Wet_Season
427276ad-7b81-4ecf-b0ac-aba7b96bd771,C-SonX71FW46,20,,,,4,3,1,0,2,0,0,0,0,0,2,0,0,10,0,0,0,0,0,0,250,0,0,0,0,06/06/2025 17:10,Wet_Season
40e1b475-bcb0-487e-acce-47d6708bd7d1,C-SonOYLKJ13,20,,,,4,3,1,0,2,0,0,0,0,0,2,0,0,10,0,0,0,0,0,0,250,0,0,0,0,06/06/2025 17:15,Wet_Season
3cad2961-e3cd-4662-88f3-5c2dbf5bb6d3,C-SonZ4FAY47,20,,,,4,3,1,0,2,0,0,0,0,0,2,0,0,10,0,0,0,0,0,0,250,0,0,0,0,06/06/2025 17:19,Wet_Season
f9c6ea82-49a6-4c5d-abaf-741130db0ffe,C-SonM8EEX22,20,,,,4,3,1,0,2,0,0,0,0,0,2,0,0,10,0,0,0,0,0,0,250,0,0,0,0,06/06/2025 17:23,Wet_Season
8f6c0384-1d4d-4197-90dd-83919362ac4f,C-SonG4Y8D25,20,,,,4,3,1,0,2,0,0,0,0,0,2,0,0,10,0,0,0,0,0,0,250,0,0,0,0,06/06/2025 17:32,Wet_Season
d55023c4-4b64-48db-9c39-2a4d75130b0b,C-SonMV0PP41,20,,,,4,3,1,0,2,0,0,0,0,0,2,0,0,10,0,0,0,0,0,0,1,0,0,0,0,06/06/2025 17:37,Wet_Season
b36686ee-09d1-421a-bce9-dded8c7879e7,C-SonVIK9P03,20,,,,4,3,1,0,2,0,0,0,0,0,2,0,0,10,0,0,0,0,0,0,250,0,0,0,0,06/06/2025 17:40,Wet_Season
686e2d9a-cd2b-4703-b2d3-2551f3719744,C-SonM8EEX22,,50,,,4,3,3,0,2,0,0,0,0,0,0,0,0,0,0,0,0,0,0,0,250,0,0,0,0,06/06/2025 17:46,Wet_Season
825929a3-74f1-4273-85bd-2894729fdb77,C-Son3IDIR23,,50,,,4,3,3,0,2,0,0,0,0,0,0,0,0,0,0,0,0,0,0,0,250,0,0,0,0,06/06/2025 17:51,Wet_Season
8962084a-0e06-47ad-a449-e2a6a6a20b3a,C-SonBY7K106,20,,,,4,3,1,0,2,0,0,0,0,0,2,0,0,10,0,0,0,0,0,0,250,0,0,0,0,06/06/2025 17:54,Wet_Season
9323e0cc-ec2a-49da-8f03-234ea2578338,C-SonUFFJS41,20,,,,4,3,1,0,2,0,0,0,0,0,2,0,0,10,0,0,0,0,0,0,250,0,0,0,0,06/06/2025 17:58,Wet_Season
790e28a1-5592-4001-9fc3-36db6584db32,C-Son4XGPV19,20,,,,4,3,1,0,2,0,0,0,0,0,2,0,0,10,0,0,0,0,0,0,250,0,0,0,0,06/06/2025 18:01,Wet_Season
0690030a-6abf-4865-b5c0-eecf7fc89a6d,C-KauXYX0I06,20,,,,4,3,0,0,0,0,0,0,0,0,2,0,0,5,0,0,0,0,2,0,0.5,0,0,2,0,07/06/2025 06:43,Wet_Season
dec35e97-dde2-4dfe-9a0d-9db8b1a34e2e,C-KauM5V0I28,20,,,,4,3,0,0,0,0,0,0,0,0,2,0,0,5,0,0,0,0,2,0,0.5,0,0,2,0,07/06/2025 06:43,Wet_Season
051e34fb-9ff8-4705-9ab5-a9659bd418c4,C-KauYKA6B24,,50,,,4,3,0,0,0,2,0,0,0,0,0,0,0,0,0,0,0,0,0,0,0.5,0,1.5,2,0,07/06/2025 06:44,Wet_Season
e03b1bb6-e7e9-4939-a453-1b71b34b93fb,C-Kau7L8FD56,20,,,,4,3,0,0,0,0,0,0,0,0,2,0,0,5,0,0,0,0,2,0,0.5,0,0,2,0,07/06/2025 06:44,Wet_Season
8a53adeb-594f-4be6-9191-7266840c19ed,C-Kau91C8Q31,20,,,,4,3,0,0,0,0,0,0,0,0,2,0,0,5,0,0,0,0,2,0,0.5,0,0,2,0,07/06/2025 06:44,Wet_Season
10ac4f57-b79b-497e-a452-0b5fae938121,C-Kau0KU4T35,20,,,,4,3,0,0,0,0,0,0,0,0,2,0,0,5,0,0,0,0,2,0,0.5,0,0,2,0,07/06/2025 06:44,Wet_Season
592f0fad-c4a0-4069-afed-2218893bf259,C-KauOFX2W51,20,,,,4,3,0,0,0,0,0,0,0,0,2,0,0,5,0,0,0,0,2,0,0.5,0,0,2,0,07/06/2025 06:44,Wet_Season
c9da987f-88a7-4744-b6c3-e2625237440a,C-KauHJ43S34,20,,,,4,3,0,0,0,0,0,0,0,0,2,0,0,5,0,0,0,0,2,0,2,0,0,2,0,07/06/2025 06:44,Wet_Season
75db8c72-a5d4-45ac-8522-00a2d1843a3a,C-Kau1BRQM42,,50,,,4,3,0,0,0,2,0,0,0,0,0,0,0,0,0,0,0,0,0,0,0.5,0,5,2,0,07/06/2025 06:44,Wet_Season
d863c234-e968-41ab-a7b3-d476b657cf89,C-Kau3EMSS59,20,,,,4,3,0,0,0,0,0,0,0,0,2,0,0,5,0,0,0,0,2,0,0.5,0,0,2,0,07/06/2025 06:44,Wet_Season
efa40602-fad5-47da-b8ac-917fc10c0be5,C-KauYMXF002,20,,,,4,3,0,0,0,0,0,0,0,0,2,0,0,5,0,0,0,0,2,0,0.5,0,0,2,0,07/06/2025 06:44,Wet_Season
a3408970-a99b-4d57-be51-01b5ed0feb4f,C-KauLKRDN06,20,,,,4,3,0,0,0,0,0,0,0,0,2,0,0,5,0,0,0,0,2,0,0.5,0,0,2,0,07/06/2025 06:44,Wet_Season
68cd8975-1d1d-4da7-a1b0-4855bf96d1f4,C-Kau27IYF11,50,,,,4,3,0,0,0,0,0,0,0,0,2,0,0,10,0,0,0,0,2,0,0.5,0,0,0,0,07/06/2025 21:43,Wet_Season
37cd7ce5-f191-4634-bb8b-67487fe2e3b4,C-KauUMZ0534,20,,,,4,3,0,0,0,0,0,0,0,0,2,0,0,5,0,0,0,0,2,0,2,0,0,2,0,08/06/2025 10:55,Wet_Season
87d41f7c-e1b2-4afb-a4db-f7482482a713,C-KauVHOQ129,20,,,,4,3,0,0,0,0,0,0,0,0,2,0,0,5,0,0,0,0,2,0,2,0,0,2,0,08/06/2025 10:56,Wet_Season
48c0964a-1226-45fb-a0ab-b015e7a60e44,C-KauST2UD42,20,,,,4,3,0,0,0,0,0,0,0,0,2,0,0,5,0,0,0,0,2,0,2,0,0,2,0,08/06/2025 10:56,Wet_Season
7ae2e06d-58f0-401a-9cde-9d5fd339b259,C-KauKN71S33,20,,,,3,4,0,0,0,0,0,0,0,0,2,0,0,5,0,0,0,0,2,0,0,0,0,2,0,08/06/2025 10:56,Wet_Season
96c19734-76f1-4c44-954c-773b3b059afc,C-KauBVHCF19,20,,,,4,3,0,0,0,0,0,0,0,0,2,0,0,5,0,0,0,0,2,0,2,0,0,2,0,08/06/2025 10:56,Wet_Season
6cd9466b-de94-4dd9-bd34-317c0e1e01f9,C-KauGWM2Q20,20,,,,3,4,0,0,0,0,0,0,0,0,2,0,0,5,0,0,0,0,2,0,2,0,0,2,0,08/06/2025 10:56,Wet_Season
d7e1692d-b14d-471d-950b-43ebbeceeb1e,C-KauPFSFM05,20,,,,3,4,0,0,0,0,0,0,0,0,2,0,0,5,0,0,0,0,2,0,2,0,0,2,0,08/06/2025 10:56,Wet_Season
25cbeafb-03d3-43d9-9bce-6ce936a5fd18,C-Kau8M00G35,20,,,,4,3,0,0,0,0,0,0,0,0,2,0,0,5,0,0,0,0,2,0,0,0,0,2,0,08/06/2025 10:56,Wet_Season
49dfc9c6-ec37-4f6f-88a5-474b4eef3647,C-KauNOTRT13,20,,,,4,3,0,0,0,0,0,0,0,0,2,0,0,0,0,0,0,0,2,0,5,0,0,2,0,08/06/2025 10:56,Wet_Season
70567a9f-04de-4977-a722-554a953a3612,C-KauE539Y28,20,,,,4,3,0,0,0,0,0,0,0,0,2,0,0,5,0,0,0,0,2,0,0,0,0,2,0,08/06/2025 10:56,Wet_Season
32b22859-299d-4185-8771-3198f03fa485,C-Kau5AUZ125,20,,,,4,3,0,0,0,0,0,0,0,0,2,0,0,5,0,0,0,0,2,0,2,0,0,2,0,08/06/2025 10:56,Wet_Season
1906070d-ef9a-4454-ad0b-ad2001f69fdc,C-KauI35CC57,20,,,,4,3,0,0,0,0,0,0,0,0,2,0,0,5,0,0,0,0,2,0,2,0,0,2,0,08/06/2025 10:56,Wet_Season
0daf024f-0b16-4438-8a38-59c553aafc51,C-Kau27IZX06,20,,,,4,3,0,0,0,0,0,0,0,0,2,0,0,5,0,0,0,0,2,0,2,0,0,2,0,08/06/2025 10:56,Wet_Season
6e4eea8b-a5d4-498d-a769-216fddd15930,C-KauLX39Q47,20,,,,4,3,0,0,0,0,0,0,0,0,2,0,0,5,0,0,0,0,2,0,2,0,0,2,0,08/06/2025 10:56,Wet_Season
35d48ffa-b895-4230-b25d-b9764dd81194,C-Kau756SZ52,20,,,,4,3,0,0,0,0,0,0,0,0,2,0,0,5,0,0,0,0,2,0,2,0,0,2,0,08/06/2025 10:56,Wet_Season
d725002d-0801-4a63-8e62-1981da42f5fb,C-KauY528X37,20,,,,4,3,0,0,0,0,0,0,0,0,2,0,0,5,0,0,0,0,2,0,2,0,0,2,0,08/06/2025 10:56,Wet_Season
5727fa46-d2df-4ed6-8af2-f0f02447b487,C-Kau63M4Z12,20,,,,4,3,0,0,0,0,0,0,0,0,2,0,0,5,0,0,0,0,2,0,2,0,0,2,0,08/06/2025 10:56,Wet_Season
ee946c04-87cc-4320-abc1-778f9be58164,C-Kau50X4O00,,,,,4,3,0,0,0,0,0,0,0,0,0,0,0,0,0,0,0,0,0,2,2,0,0,2,0,08/06/2025 11:47,Wet_Season
14253353-f3e3-4776-b6dd-4020e09ad624,C-KauN9NMK07,,50,,,4,3,0,0,0,0,0,0,0,0,0,0,0,0,0,0,0,0,0,2,0,0,0,0,0,08/06/2025 11:52,Wet_Season
99491de6-3e5b-4f1e-994e-1fdcec951fa4,C-Kag4LIGA54,20,,,,4,3,0,2,0,0,0,0,0,0,2,0,0,2,0,0,0,0,2,0,2,0,0,2,0,08/06/2025 12:07,Wet_Season
2144cbc2-0f1e-41b3-8e0b-668d26e14cec,C-KagG6QMY49,20,,,,4,3,0,0,0,0,0,0,0,0,2,0,0,2,0,0,0,0,2,0,2,0,0,2,0,08/06/2025 12:13,Wet_Season
ea5aa91f-0a64-402d-9459-3cc48b07eb96,C-KagOB56Q44,20,,,,4,3,0,0,0,0,0,0,0,0,2,0,0,2,0,0,0,0,2,0,0,0,0,2,0,08/06/2025 12:18,Wet_Season
bab35690-b8ff-4d43-aefc-5b05a5d6bb3e,C-KagGNNXF51,20,,,,4,3,0,0,0,0,0,0,0,0,2,0,0,2,0,0,0,0,2,0,2,0,0,2,0,08/06/2025 12:24,Wet_Season
874cd4d0-6478-4a78-9a5c-e86313a8c778,C-KagS14SX07,20,,,,4,3,0,0,0,0,0,0,0,0,2,0,0,2,0,0,0,0,2,0,2,0,0,2,0,08/06/2025 12:31,Wet_Season
be010de5-facf-41ff-b88c-2993ceb33c36,C-Kag87Z3W25,20,,,,4,3,0,0,0,0,0,0,0,0,2,0,0,2,0,0,0,0,2,0,2,0,0,2,0,08/06/2025 12:35,Wet_Season
9ca58ee8-6f14-445d-8199-ad3017861e36,C-Kag5HW7016,,50,,,4,3,0,0,0,0,0,0,0,0,0,0,0,0,0,0,0,0,2,0,2,0,1.5,2,0,08/06/2025 12:45,Wet_Season
14ec359b-31f9-4347-9f78-52fbfcf057ef,C-KagGYVQ150,,50,,,4,3,0,0,0,0,0,0,0,0,0,0,0,0,0,0,0,0,2,0,2,0,1.5,2,0,08/06/2025 12:48,Wet_Season
796a5c54-8fbc-4afc-a087-f7db20e96e9d,C-KagBS32D02,,50,,,4,3,0,0,0,0,0,0,0,0,0,0,0,0,0,0,0,0,2,0,2,0,1.5,2,0,08/06/2025 12:56,Wet_Season
0ce5155c-79d4-4d76-85a9-97219eef677e,C-Kau5LGON54,20,,,,3,4,0,0,0,0,0,0,0,0,2,0,0,5,0,0,0,0,2,0,0,0,0,2,0,08/06/2025 21:34,Wet_Season
de877053-d1e4-4f4d-be55-1d226dce6238,C-Kau6L29F27,,50,,,3,4,0,0,0,0,0,0,0,0,0,0,0,0,0,0,0,0,0,2,0,0,2,2,0,08/06/2025 21:34,Wet_Season
e0f91adf-54a9-4492-88f9-149dc8b4e5b0,C-Kau8E0S633,20,,,,4,3,0,0,0,0,0,0,0,0,2,0,0,0,0,0,0,0,2,0,0,0,0,2,0,08/06/2025 21:34,Wet_Season
18c8d193-88f2-479c-895e-897aa8f99afa,C-KauAAN4L26,20,,,,4,3,0,0,0,0,0,0,0,0,2,0,0,5,0,0,0,0,0,0,2,0,0,2,0,08/06/2025 22:08,Wet_Season
9c10787a-2890-435f-a65c-6a39efcc7ab7,C-KauN4HJF47,20,,,,3,4,0,0,0,0,0,0,0,0,2,0,0,5,0,0,0,0,0,0,0,0,0,2,0,09/06/2025 07:20,Wet_Season
f343cdd0-2ccd-4502-978a-27394d79ecde,C-KagJ6HQ518,,50,,,4,3,0,0,0,0,0,0,0,0,0,0,0,0,0,0,0,0,2,0,2,0,1.5,2,0,10/06/2025 12:05,Wet_Season
bc6e5ea6-8569-40e2-8840-849eedd862ac,C-KagCEI1D05,20,,,,4,3,0,0,0,0,0,0,0,0,2,0,0,2,0,0,0,0,2,0,2,0,0,2,0,10/06/2025 13:05,Wet_Season
c4e4fada-0b10-4628-a712-68d7a02fc593,C-KagLXSWJ02,20,,,,4,3,0,0,0,0,0,0,0,0,2,0,0,2,0,0,0,0,2,0,2,0,0,2,0,10/06/2025 13:05,Wet_Season
289ca6fe-88be-4e4f-8039-62ac432641e1,C-KagIFVO142,20,,,,4,3,0,0,0,0,0,0,0,0,2,0,0,2,0,0,0,0,2,0,2,0,0,2,0,10/06/2025 13:05,Wet_Season
56be8beb-7749-43b0-a2db-aa9250a86fe5,C-KagRCPFA53,20,,,,4,3,0,0,0,0,0,0,0,0,2,0,0,2,0,0,0,0,2,0,2,0,0,2,0,10/06/2025 13:05,Wet_Season
41d2d650-37f9-457b-a55f-93f55ef909d2,C-KagVROW939,20,,,,4,3,0,0,0,0,0,0,0,0,2,0,0,2,0,0,0,0,2,0,2,0,0,2,0,10/06/2025 13:05,Wet_Season
377f2c2c-d2f0-4b82-a83a-2fb1667c56b6,C-KagJ7BXC41,,50,,,4,3,0,0,0,0,0,0,0,0,0,0,0,0,0,0,0,0,0,2,2,0,2,2,0,10/06/2025 13:06,Wet_Season
787a1dcf-2e11-47c0-94a7-9e3a604013ff,C-KagTHTLJ15,,50,,,4,3,0,0,0,0,0,0,0,0,0,0,0,0,0,0,0,0,0,2,2,0,2,2,0,10/06/2025 13:06,Wet_Season
cdd26459-1c99-48f3-851f-5c767ee8ac02,C-KagECX2H09,,50,,,4,3,0,0,0,0,0,0,0,0,0,0,0,0,0,0,0,0,0,2,2,0,2,2,0,10/06/2025 13:06,Wet_Season
083abcaa-e482-4625-8899-ea6ec3b8aaa0,C-KagU9V6840,,50,,,4,3,0,0,0,0,0,0,0,0,0,0,0,0,0,0,0,0,0,2,2,0,2,2,0,10/06/2025 13:06,Wet_Season
a20c9806-bd77-44d3-9612-bc61d2264929,C-KagG1UY704,,50,,,4,3,0,0,0,0,0,0,0,0,0,0,0,0,0,0,0,0,0,2,2,0,2,2,0,10/06/2025 13:06,Wet_Season
4b62278b-6525-4ad0-8bd9-66e5931d8e0a,C-KagMW8G724,,50,,,4,3,0,0,0,0,0,0,0,0,0,0,0,0,0,0,0,0,0,2,2,0,2,2,0,10/06/2025 13:06,Wet_Season
c42946bf-820e-4b29-9229-1222f7c5f52f,C-KauA0KFN37,,50,,,4,3,0,0,0,0,0,0,0,0,0,0,0,0,0,0,0,0,0,2,250,0,2,2,0,10/06/2025 14:29,Wet_Season
c563be2a-462b-4f83-9e91-a5590fe9e79c,C-KauWRJS929,20,,,,4,3,0,0,0,0,0,0,0,0,2,0,0,5,0,0,0,0,2,0,2,0,0,2,0,10/06/2025 14:33,Wet_Season
9a80f6c1-1a29-4407-b6ec-af10f0830933,C-KauXA1SL11,,50,,,4,3,0,0,0,0,0,0,0,0,0,0,0,0,0,0,0,0,0,2,2,0,5,2,0,10/06/2025 14:36,Wet_Season
a01b8c76-cb6a-42b5-b795-1fc4a591d8be,C-Kau3S6NJ59,,50,,,4,3,0,0,0,0,0,0,0,0,0,0,0,0,0,0,0,0,0,2,2,0,5,2,0,10/06/2025 14:44,Wet_Season
e80d91c2-afb3-43b2-8e7a-516c3d5a02a6,C-KauDUY3315,,,,,4,3,0,0,0,0,0,0,0,0,2,0,0,5,0,0,0,0,2,0,2,0,0,2,0,10/06/2025 14:51,Wet_Season
7c061b3b-1dc0-4160-b52a-2f70c635b847,C-KauYYNR555,,,,,4,3,0,0,0,0,0,0,0,0,2,0,0,5,0,0,0,0,2,0,2,0,0,2,0,10/06/2025 14:56,Wet_Season
d06347ad-273a-44be-aaa9-712d1229f83b,C-KauYYNR555,,,,,4,3,0,0,0,0,0,0,0,0,2,0,0,5,0,0,0,0,2,0,2,0,0,2,0,10/06/2025 15:01,Wet_Season
7c8f8fad-d452-422c-9708-6976d697db97,C-KauFC0LL50,,,,,4,3,0,0,0,0,0,0,0,0,2,0,0,5,0,0,0,0,2,0,2,0,0,2,0,10/06/2025 15:05,Wet_Season
13d36380-1727-4334-9023-30610a898274,C-Kau1K68P27,,,,,4,3,0,0,0,0,0,0,0,0,0,0,0,0,0,0,0,0,2,2,2,0,5,2,0,10/06/2025 15:13,Wet_Season
419ad724-5f02-4e62-856d-6706a30f06c3,C-Gwe035JD55,,50,,,4,3,0,0,0,0,0,0,0,0,0,0,0,0,0,0,0,0,0,2,0.5,0,125,2,0,10/06/2025 16:08,Wet_Season
f087c0b9-5837-4297-bf93-a4165f9593fc,C-GweH72ZM36,,50,,,4,3,0,0,0,0,0,0,0,0,0,0,0,0,0,0,0,0,0,2,0.5,0,125,2,0,10/06/2025 16:08,Wet_Season
42840314-3941-44ed-82ca-04c9ecc4ca26,C-ChiXOX9S02,20,,,,3,3,0,2,0,0,0,0,0,2,2,0,0,1,0,0,0,2,2,0,2,0,0,0,0,10/06/2025 16:43,Wet_Season
211e4eab-9787-4e0d-b0b1-036f7ebb6a98,C-JabGYK3G08,,50,,,4,3,0,0,0,0,0,0,0,0,0,0,0,0,0,0,0,0,0,2,2,0,125,2,0,10/06/2025 16:56,Wet_Season
63e5e29f-ac09-4edb-ad22-6a4f9b278994,C-KagKE7CY22,20,,,,4,3,0,0,0,0,0,0,0,0,2,0,0,5,0,0,0,0,2,0,2,0,0,2,0,10/06/2025 17:06,Wet_Season
6e843dd2-f7fb-4d0f-943d-dfb4614cfb06,C-KagGKCEV09,20,,,,4,3,0,0,0,0,0,0,0,0,2,0,0,5,0,0,0,0,2,0,2,0,0,2,0,10/06/2025 17:12,Wet_Season
af00b93c-ab8e-428e-93e1-947001229c53,C-KacV6UN944,20,,,,4,3,0,0,0,0,0,0,0,0,2,0,0,5,0,0,0,0,2,0,2,0,0,2,0,10/06/2025 17:15,Wet_Season
762b61e8-9775-40d9-9bfd-385822ab9abf,C-Kau85DDA25,20,,,,3,4,0,0,0,0,0,0,0,0,2,0,0,0,0,0,0,0,2,0,250,0,0,2,0,10/06/2025 17:33,Wet_Season
eade591a-eaff-4ec7-865d-dd1412563802,C-KauN9NMK07,,50,,,4,3,0,0,0,0,0,0,0,0,0,0,0,0,0,0,0,0,0,2,250,0,0,2,0,10/06/2025 17:33,Wet_Season
c543a7fe-e4c0-46ee-b206-0533ad24b9e9,C-KauIFY4729,20,,,,4,3,0,0,0,0,0,0,0,0,2,0,0,5,0,0,0,0,2,0,2,0,0,2,0,10/06/2025 17:37,Wet_Season
2d21c828-5907-4e4e-a0e0-c4da6140a884,C-KauGA11251,20,,,,3,4,0,0,0,0,0,0,0,0,2,0,0,5,0,0,0,0,2,0,2,0,0,2,0,10/06/2025 17:44,Wet_Season
25a28b37-0574-451b-b34c-fc494bb311a3,C-SonUX5TH37,20,,,,4,3,1,0,2,0,0,0,0,0,2,0,0,10,0,0,0,0,0,0,250,0,0,0,0,10/06/2025 17:44,Wet_Season
250ac0b8-f568-4ef1-b0e9-4a6f84bb1f82,C-Son6SE6U10,,50,,,4,3,0,0,0,0,0,0,0,0,0,0,0,0,0,0,0,0,0,0,250,0,0,0,0,10/06/2025 17:44,Wet_Season
7ec2e642-816d-419b-ab4f-3208f8bca691,C-Son7P14Q58,20,,,,4,3,1,0,2,0,0,0,0,0,2,0,0,10,0,0,0,0,0,0,250,0,0,0,0,10/06/2025 17:51,Wet_Season
bf459e96-4e35-428a-bd12-fa30a94190b4,C-Chi4MRGS33,20,,,,4,3,0,0,0,0,0,0,0,0,2,0,0,5,0,0,0,0,2,0,1,0,0,2,0,10/06/2025 18:00,Wet_Season
b23af4d2-0097-46d1-ae0d-9ec052f2f990,C-Kau4H77H30,,,,,4,3,0,0,0,0,0,0,0,0,0,0,0,0,0,0,0,0,2,2,2,0,5,2,0,10/06/2025 18:25,Wet_Season
486622ed-b191-4f4c-87cc-e6bc9380f0cc,C-KauIEVXE06,20,,,,4,3,0,0,0,0,0,0,0,0,2,0,0,5,0,0,0,0,2,0,2,0,0,2,0,10/06/2025 18:51,Wet_Season
9ec18ac6-b0f6-4afc-b580-26ec26464279,C-Jab8JBW042,,50,,,4,3,0,0,0,0,0,0,0,0,0,0,0,0,0,0,0,0,0,2,2,0,5,2,0,10/06/2025 19:11,Wet_Season
4cb92841-1ff9-4c99-b14e-a4ed47e4f53b,C-JabW66IX06,,50,,,4,3,0,0,0,0,0,0,0,0,0,0,0,0,0,0,0,0,0,2,2,0,5,2,0,10/06/2025 19:47,Wet_Season
58f88b7b-3cbe-45e5-88bb-cdcfc3b08acd,C-ChiAB5S015,20,,,,4,3,0,0,0,0,0,0,0,0,2,0,0,5,0,0,0,0,2,0,2,0,0,2,0,10/06/2025 19:49,Wet_Season
3566832e-f151-4db9-bde2-01df6776ef4c,C-KauLWPMV40,20,,,,4,3,0,0,0,0,0,0,0,0,2,0,0,5,0,0,0,0,2,0,2,0,0,2,0,10/06/2025 19:52,Wet_Season
8e4c9077-1bf4-40e5-b235-3bf13d0ac86b,C-KauBGSYY17,,50,,,4,3,0,0,0,0,0,0,0,0,0,0,0,0,0,0,0,0,0,2,2,0,5,2,0,10/06/2025 19:52,Wet_Season
a17dc973-1e87-4d40-930f-22c0c33addb7,C-KauLCC8243,20,,,,4,3,0,0,0,0,0,0,0,0,2,0,0,5,0,0,0,0,2,0,2,0,0,2,0,10/06/2025 19:52,Wet_Season
efc7c4d7-0897-43ec-ba79-73ba073cb887,C-KauG3RKK47,20,,,,4,3,0,0,0,0,0,0,0,0,2,0,0,5,0,0,0,0,2,0,250,0,0,2,0,10/06/2025 19:52,Wet_Season
7244f6ca-3d1a-4e99-8be9-5c9dc4ac3e8c,C-KauWJ7TV50,20,,,,4,3,0,0,0,0,0,0,0,0,2,0,0,5,0,0,0,0,2,0,250,0,0,2,0,10/06/2025 19:52,Wet_Season
5c833f72-0e5f-419b-b6c1-d1936e90a829,C-KauGLW1U38,20,,,,4,3,0,0,0,0,0,0,0,0,2,0,0,5,0,0,0,0,2,0,250,0,0,2,0,10/06/2025 19:52,Wet_Season
a80a9698-3c9e-4505-896f-a56faa90edf5,C-KauK6GP014,,50,,,4,3,0,0,0,0,0,0,0,0,0,0,0,0,0,0,0,0,0,2,250,0,5,2,0,10/06/2025 19:52,Wet_Season
2f059435-0e34-443f-a58d-48d1a2e40816,C-KauBJXEB42,,50,,,4,3,0,0,0,0,0,0,0,0,0,0,0,0,0,0,0,0,0,2,250,0,5,2,0,10/06/2025 19:52,Wet_Season
97ad7102-ec61-41bf-8d7f-fa6e8189ff79,C-Kau148C607,20,,,,4,3,0,0,0,0,0,0,0,0,2,0,0,5,0,0,0,0,2,0,250,0,0,2,0,10/06/2025 19:58,Wet_Season
37446707-529e-40e0-8094-100dba0459cf,C-Kau9YG4E35,,50,,,4,3,0,0,0,0,0,0,0,0,0,0,0,0,0,0,0,0,0,2,250,0,5,2,0,10/06/2025 20:11,Wet_Season
bb4ddf43-50a0-419f-9c17-90980fa36e0c,C-JabXCIL613,,50,,,4,3,0,0,0,0,0,0,0,0,0,0,0,0,0,0,0,0,0,2,2,0,5,2,0,10/06/2025 20:29,Wet_Season
62324b0b-e294-483b-bdb8-edbd841eb590,C-JabNURJ132,,50,,,4,3,0,0,0,0,0,0,0,0,0,0,0,0,0,0,0,0,0,2,2,0,5,2,0,10/06/2025 20:53,Wet_Season
dd554958-e574-45ba-a2dd-e5aef3a2a1cb,C-JabOLD1F29,,50,,,4,3,0,0,0,0,0,0,0,0,0,0,0,0,0,0,0,0,0,2,2,0,5,2,0,10/06/2025 20:53,Wet_Season
7aef6c85-b540-4275-ae4c-e7c963a34168,C-JabZOZTJ12,,50,,,4,3,0,0,0,0,0,0,0,0,0,0,0,0,0,0,0,0,0,2,2,0,5,2,0,10/06/2025 22:39,Wet_Season
6735eba2-4b85-4c31-875d-2b87f214f82d,C-JabW5FIN47,,50,,,4,3,0,0,0,0,0,0,0,0,0,0,0,0,0,0,0,0,0,2,2,0,5,2,0,10/06/2025 22:39,Wet_Season
9ab11939-4be8-4937-a3f8-2974d5600987,C-JabCFRL919,,50,,,4,3,0,0,0,0,0,0,0,0,0,0,0,0,0,0,0,0,0,2,2,0,5,2,0,10/06/2025 22:39,Wet_Season
d7f4b2e7-8419-471f-a2fe-d49d2ad3c093,C-JabJZQ2S12,,50,,,4,3,0,0,0,0,0,0,0,0,0,0,0,0,0,0,0,0,0,2,2,0,5,2,0,10/06/2025 22:39,Wet_Season
f711907c-8adb-4718-afef-3d42e74576c1,C-JabDETEM36,,50,,,4,3,0,0,0,0,0,0,0,0,0,0,0,0,0,0,0,0,0,2,2,0,5,2,0,10/06/2025 22:40,Wet_Season
d83d39f4-6758-421e-a786-d857eb1f7b82,C-Jab28BWG05,,50,,,4,3,0,0,0,0,0,0,0,0,0,0,0,0,0,0,0,0,0,2,2,0,5,2,0,10/06/2025 22:40,Wet_Season
1cb68067-6211-4415-91df-76d9107d59a9,C-JabFG16D56,20,,,,4,3,0,0,0,0,0,0,0,0,2,0,0,5,0,0,0,0,2,0,2,0,0,2,0,11/06/2025 03:18,Wet_Season
d7c2821c-3ddc-4147-93ae-ed421358b9b6,C-Chi015GG55,,50,,,4,3,0,0,0,0,0,0,0,0,0,0,0,0,0,0,0,0,0,2,2,0,5,2,0,11/06/2025 08:56,Wet_Season
6f5793ef-8129-4adc-961c-c46c9196516f,C-ChiKPRKK18,20,,,,4,3,0,0,0,0,0,0,0,0,2,0,0,5,0,0,0,0,2,0,2,0,0,2,0,11/06/2025 08:56,Wet_Season
7a52bde1-62d0-4057-8eae-8194d9807dcd,C-Chi3LVP154,20,,,,4,3,0,0,0,0,0,0,0,0,2,0,0,5,0,0,0,0,2,0,2,0,0,2,0,11/06/2025 08:56,Wet_Season
03da0e20-e663-406c-94c8-40c08b67eb33,C-Chi62I2237,20,,,,4,3,0,0,0,0,0,0,0,0,2,0,0,5,0,0,0,0,2,0,2,0,0,2,0,11/06/2025 08:56,Wet_Season
d8143bec-38ea-45f2-8750-25ac4751c5c2,C-Chi32ZCY32,20,,,,4,3,0,0,0,0,0,0,0,0,2,0,0,5,0,0,0,0,2,0,2,0,0,2,0,11/06/2025 08:56,Wet_Season
93063811-f9d8-41e4-935e-927eb18df944,C-ChiD4XOY51,20,,,,4,3,0,0,0,0,0,0,0,0,2,0,0,5,0,0,0,0,2,0,2,0,0,2,0,11/06/2025 08:56,Wet_Season
d4cf9bba-e6ae-4f99-bbed-c87538b48f47,C-ChiY5U1O43,,50,,,4,3,0,0,0,0,0,0,0,0,0,0,0,0,0,0,0,0,0,2,2,0,5,2,0,11/06/2025 08:56,Wet_Season
32a569ea-630b-4e68-b3a6-13b016e65197,C-Chi667DG40,20,,,,4,3,0,0,0,0,0,0,0,0,2,0,0,5,0,0,0,0,2,0,2,0,0,2,0,11/06/2025 08:56,Wet_Season
277011dd-bf67-4294-a359-c03f42a5bb5f,C-Chi4ABRR09,20,,,,4,3,0,0,0,0,0,0,0,0,2,0,0,5,0,0,0,0,2,0,2,0,0,2,0,11/06/2025 08:56,Wet_Season
ae0295cf-28d3-4fb4-9feb-1c72c699fa18,C-ChiB6BNH00,20,,,,4,3,0,0,0,0,0,0,0,0,2,0,0,5,0,0,0,0,2,0,2,0,0,2,0,11/06/2025 08:56,Wet_Season
15cf50f6-112c-4434-b7da-c37bd7f4abbe,C-Chi8G97J19,20,,,,4,3,0,0,0,0,0,0,0,0,2,0,0,5,0,0,0,0,2,0,2,0,0,2,0,11/06/2025 08:57,Wet_Season
404d241e-9c31-4054-9dad-84737ce7b23b,C-ChiO6DOZ08,20,,,,4,3,0,0,0,0,0,0,0,0,2,0,0,5,0,0,0,0,2,0,2,0,0,2,0,11/06/2025 08:57,Wet_Season
5e4db4b3-9c99-4abd-84f3-b82d01337b89,C-Kau5LGON54,20,,,,3,4,0,0,0,0,0,0,0,0,2,0,0,5,0,0,0,0,2,0,2,0,0,2,0,11/06/2025 15:39,Wet_Season
4391d350-19eb-484e-afb4-d0e08e54d2fa,C-KauTCYKF36,20,,,,3,4,0,0,0,0,0,0,0,0,2,0,0,5,0,0,0,0,2,0,2,0,0,2,0,11/06/2025 15:39,Wet_Season
7c2b6e7a-02d7-40a0-aa41-d209f1869612,C-KauDKTT724,20,,,,3,4,0,0,0,0,0,0,0,0,2,0,0,5,0,0,0,0,2,0,0,0,0,2,0,11/06/2025 15:39,Wet_Season
e6a53ad4-3f90-463a-8617-8b40b2dce851,C-KagPCNYV35,,50,,,4,3,0,0,0,0,0,0,0,0,0,0,0,0,0,0,0,0,0,2,2,2,2,2,0,11/06/2025 20:07,Wet_Season
a5cf1546-0d35-483a-b178-327805e7a349,C-KagE5VE232,,50,,,4,3,0,0,0,0,0,0,0,0,0,0,0,0,0,0,0,0,0,2,2,2,2,2,0,11/06/2025 20:12,Wet_Season
bdd5fd7d-4c63-4b51-83a7-5be347c50a8f,C-Jem2DJUU14,20,,,,4,3,0,0,0,0,0,0,0,0,2,0,0,5,0,0,0,0,2,0,2,0,0,2,0,12/06/2025 14:29,Wet_Season
6c39249c-25ab-4d1a-b899-320951a17e1a,C-Jem7QK9105,20,,,,4,3,0,0,0,0,0,0,0,0,2,0,0,5,0,0,0,0,2,0,2,0,0,2,0,12/06/2025 14:41,Wet_Season
6707d469-5f2d-4f62-b225-921a0404963d,C-ChiWLILV45,,50,,,3,4,0,0,0,0,0,0,0,0,0,0,0,0,0,0,0,0,0,2,2,0,0.5,2,0,13/06/2025 08:02,Wet_Season
c2b06414-f8c8-4a39-a8af-b9c505296882,C-MubBXJO145,20,,,,4,3,2,0,2,0,0,0,0,0,2,0,0,15,0,0,0,0,0,0,250,0,0,0,0,13/06/2025 18:05,Wet_Season
5724510a-dfa1-4391-8828-16e79cc67dd9,C-MubMO6NE08,20,,,,4,3,2,0,2,0,0,0,0,0,2,0,0,15,0,0,0,0,0,0,250,0,0,0,0,13/06/2025 18:05,Wet_Season
b4c124e8-ed55-4965-a87b-a85498af1938,C-KagWU81R49,20,,,,4,3,0,0,0,0,0,0,0,0,2,0,0,3,0,0,0,0,2,0,2,0,0,2,0,15/06/2025 09:39,Wet_Season
92538b4a-e674-4467-8439-1c7c8326e0f5,C-KacZI8SZ55,20,,,,4,3,0,0,0,0,0,0,0,0,2,0,0,5,0,0,0,0,2,0,2,0,0,2,0,15/06/2025 13:45,Wet_Season
39bfb2e6-29e4-4736-af46-cb77499d2cb7,C-KauTZOIE39,,50,,,3,3,0,0,0,0,0,0,0,0,0,0,0,0,0,0,0,0,0,2,0,0,0,2,0,16/06/2025 04:51,Wet_Season
a846e6a3-74e1-4337-901f-82c77b9cd3a2,C-GweUERR606,,50,,,4,3,0,0,0,0,0,0,0,0,0,0,0,0,0,0,0,0,0,2,0.5,0,125,2,0,16/06/2025 07:15,Wet_Season
ca722d1c-0319-4654-8dee-826ba24142d4,C-Gwe0EM5I20,,50,,,4,3,0,0,0,0,0,0,0,0,0,0,0,0,0,0,0,0,0,2,0.5,0,125,2,0,16/06/2025 07:20,Wet_Season
16099783-5cbe-45e2-8b0d-62f927415301,C-GweP678A53,,50,,,4,3,0,0,0,0,0,0,0,0,0,0,0,0,0,0,0,0,0,2,0.5,0,125,2,0,16/06/2025 07:23,Wet_Season
24d776e3-2e8a-4fbe-b714-525db0e97504,C-GweIXWEC55,,50,,,4,3,0,0,0,0,0,0,0,0,0,0,0,0,0,0,0,0,0,2,0.5,0,125,2,0,16/06/2025 07:27,Wet_Season
3fda51f7-da54-4ccf-96b0-9b6d8604183a,C-GweS8GIA43,,50,,,4,3,0,0,0,0,0,0,0,0,0,0,0,0,0,0,0,0,0,2,0.5,0,125,2,0,16/06/2025 07:30,Wet_Season
ff831ca1-b9a5-4887-a684-3c60dd7b201b,C-GweX4RJS32,,50,,,4,3,0,0,0,0,0,0,0,0,0,0,0,0,0,0,0,0,0,2,0.5,0,125,2,0,16/06/2025 07:32,Wet_Season
6ea0bd0a-1934-4ae6-902e-4eeef58acc7c,C-ZanV1GHO21,20,,,,4,3,0,0,0,0,0,0,0,0,2,0,0,5,0,0,0,0,2,0,2,0,0,2,0,16/06/2025 07:37,Wet_Season
7af11e17-6276-4ed1-baf5-e39862a8ed3a,C-Gwe9RO4P49,,50,,,4,3,0,0,0,0,0,0,0,0,0,0,0,0,0,0,0,0,0,2,0.5,0,125,2,0,16/06/2025 08:21,Wet_Season
ead4084d-d8eb-427f-afdd-0f4585519aef,C-GweGV44E10,,50,,,4,3,0,0,0,0,0,0,0,0,0,0,0,0,0,0,0,0,0,2,0.5,0,125,2,0,16/06/2025 08:25,Wet_Season
e8f3b735-ef53-4423-87f7-7c48ce4853fc,C-Gwe1MBT751,,50,,,4,3,0,0,0,0,0,0,0,0,0,0,0,0,0,0,0,0,0,2,0.5,0,125,2,0,16/06/2025 08:37,Wet_Season
a1a7510c-1c79-45ee-bbf9-542ad75e5928,C-GweBBWWE12,,50,,,4,3,0,0,0,0,0,0,0,0,0,0,0,0,0,0,0,0,0,2,0.5,0,125,2,0,16/06/2025 08:37,Wet_Season
cf6a74b9-4b57-46a7-87ac-a8e901ea8a4c,C-TarTBJ3K10,,50,,,0,0,0,0,0,0,0,0,0,0,0,0,0,0,0,0,0,0,0,0,0,0,0,0,0,17/06/2025 11:51,Wet_Season
749989ac-86b4-49af-898f-a0896817d0f5,C-JabCN70B30,20,,,,4,3,0,0,0,0,0,0,0,0,2,0,0,5,0,0,0,0,0,0,0,0,0,2,0,24/06/2025 12:19,Wet_Season
efc655cb-f80d-4584-ba6a-4a29d21b2318,C-Ika1MFM647,60,,,,0,0,0,0,0,0,0,0,0,0,0,0,0,0,0,0,0,0,0,0,0,0,0,0,0,29/06/2025 07:09,Wet_Season
604de137-5f43-46a5-bd76-ffa2817a4a39,C-IkaJS77E40,30,,,,0,0,0,0,0,0,0,0,0,0,0,0,0,0,0,0,0,0,0,0,0,0,0,0,0,29/06/2025 07:09,Wet_Season
787bd636-af00-4686-b998-ef832ae7bc85,C-IkaCFZES16,30,,,,0,0,0,0,0,0,0,0,0,0,0,0,0,0,0,0,0,0,0,0,0,0,0,0,0,29/06/2025 07:09,Wet_Season
477484a9-91ba-415d-82d4-8fc3ad2689da,C-IkaF303D06,30,,,,0,0,0,0,0,0,0,0,0,0,0,0,0,0,0,0,0,0,0,0,0,0,0,0,0,29/06/2025 07:09,Wet_Season
51e95308-4439-4504-a80e-63bcd07551d7,C-IkaXU5IX23,,37.5,,,0,0,0,0,0,0,0,0,0,0,0,0,0,0,0,0,0,0,0,0,0,0,0,0,0,29/06/2025 07:09,Wet_Season
fcb169fe-864c-4c83-8e42-146757ac5e8c,C-IkaBP84O29,,37.5,,,0,0,0,0,0,0,0,0,0,0,0,0,0,0,0,0,0,0,0,0,0,0,0,0,0,29/06/2025 07:09,Wet_Season
f1924aa6-7c26-4fdb-a4d4-9d895a7bd413,C-IkaOJ4NV41,,37.5,,,0,0,0,0,0,0,0,0,0,0,0,0,0,0,0,0,0,0,0,0,0,0,0,0,0,29/06/2025 07:09,Wet_Season
b84a2ad7-4b5b-41cd-94ab-c7988e50dbf7,C-Ika5WT3L14,30,,,,0,0,0,0,0,0,0,0,0,0,0,0,0,0,0,0,0,0,0,0,0,0,0,0,0,29/06/2025 07:09,Wet_Season
32d06d4e-5770-4a7b-a963-1375c763b0f1,C-Ika5WT3L14,30,,,,0,0,0,0,0,0,0,0,0,0,0,0,0,0,0,0,0,0,0,0,0,0,0,0,0,29/06/2025 07:09,Wet_Season
3a8266eb-259f-4f1a-b1c9-6fdaf05f6259,C-KacDD2HN19,,50,,,4,3,0,0,0,0,0,0,0,0,0,0,0,0,0,0,0,0,0,2,2,0,5,2,0,04/07/2025 16:49,Wet_Season
04f1d510-048f-4c6e-8ecc-f1cb90e31c79,C-ChiBK4TW37,,50,,,4,3,0,0,0,0,0,0,0,0,0,0,0,0,0,0,0,0,0,2,2,0,1.5,2,0,07/07/2025 09:32,Wet_Season
960d0695-381a-4a16-8392-fde8b998167a,C-Tar93ZJM58,,50,,,4,3,0,0,0,0,0,0,0,0,0,0,0,0,0,0,0,0,0,2,250,0,0.5,2,0,11/07/2025 09:11,Wet_Season
2c4fb8de-2d86-45e7-918d-0ff74ab33f0c,C-JemTB4CX19,20,,,,4,3,0,0,0,0,0,0,0,0,2,0,0,5,0,0,0,0,2,0,2,0,0,2,0,11/07/2025 12:53,Wet_Season
17aac4a7-4e2e-42e1-8665-7055b9a40b9d,C-Gwe035JD55,,50,,,4,3,0,0,0,0,0,0,0,0,0,0,0,0,0,0,0,0,0,2,0.5,0,125,2,0,12/07/2025 12:19,Wet_Season
9e679cc0-8b99-48dd-8621-e4bba61e69a3,C-GweH72ZM36,,50,,,4,3,0,0,0,0,0,0,0,0,0,0,0,0,0,0,0,0,0,2,0.5,0,125,2,0,12/07/2025 12:19,Wet_Season
b0c7fa0f-2643-4b66-a7c9-5e40b795214c,C-Gwe035JD55,,50,,,4,3,0,0,0,0,0,0,0,0,0,0,0,0,0,0,0,0,0,2,0.5,0,125,1.5,0,12/07/2025 13:17,Wet_Season
1fbf79cb-0d60-4c0a-b1f2-3927b5299d3e,C-GweH72ZM36,,50,,,4,3,0,0,0,0,0,0,0,0,0,0,0,0,0,0,0,0,0,2,0.5,0,125,2,0,12/07/2025 13:17,Wet_Season
677e3375-682b-4593-996a-597774655a7a,C-Jem9BCNO32,20,,,,4,3,0,0,0,0,0,0,0,0,2,0,0,5,0,0,0,0,2,0,2,0,0,2,0,31/07/2025 15:30,Wet_Season
e871eadc-875e-4380-a14a-baec421efcba,C-Jem01G3U31,20,,,,4,3,0,0,0,0,0,0,0,0,2,0,0,5,0,0,0,0,2,0,250,0,0,2,0,31/07/2025 15:40,Wet_Season
3eb05d28-e895-4bfe-ac6e-c204eada2f1a,C-JemBN0JB04,20,,,,4,3,0,0,0,0,0,0,0,0,2,0,0,5,0,0,0,0,2,0,250,0,0,2,0,31/07/2025 15:45,Wet_Season
8ddfec20-c3df-4aa4-8eb9-63ed6951ac97,C-JemVRW0I00,20,,,,4,3,0,0,0,0,0,0,0,0,2,0,0,5,0,0,0,0,2,0,250,0,0,2,0,31/07/2025 15:52,Wet_Season
bba4e3a3-4ff1-4c8b-890a-bf382a1ed0c8,C-JemZJ9A831,20,,,,4,3,0,0,0,0,0,0,0,0,2,0,0,5,0,0,0,0,2,0,250,0,0,2,0,31/07/2025 16:04,Wet_Season
a11a5508-43eb-44ac-9a42-e0561d8cbb44,C-JemLP46Q06,20,,,,4,3,0,0,0,0,0,0,0,0,2,0,0,5,0,0,0,0,2,0,250,0,0,2,0,31/07/2025 16:14,Wet_Season
a26ed014-466f-4751-b0ca-3bccad33364f,C-JemH3RBY02,20,,,,4,3,0,0,0,0,0,0,0,0,2,0,0,5,0,0,0,0,2,0,250,0,0,2,0,31/07/2025 16:20,Wet_Season
3c48a1a4-9424-49c6-af62-d68a9415e0c7,C-JemLXUM834,20,,,,4,3,0,0,0,0,0,0,0,0,2,0,0,5,0,0,0,0,2,0,0,0,0,2,0,31/07/2025 16:25,Wet_Season
263b2a08-3a74-45fc-9aca-8bd6a158dfae,C-JemVD2BQ00,20,,,,4,3,0,0,0,0,0,0,0,0,2,0,0,5,0,0,0,0,2,0,250,0,0,2,0,31/07/2025 16:30,Wet_Season
65763825-4ae8-4c83-9b79-a1a6d892ae9f,C-JemFKJCT55,20,,,,4,3,0,0,0,0,0,0,0,0,2,0,0,5,0,0,0,0,2,0,250,0,0,2,0,31/07/2025 17:51,Wet_Season
1b2cfd12-c851-4ce2-98b1-76b3c18acce6,C-JemVLUIK22,,50,,,4,3,0,0,0,0,0,0,0,0,0,0,0,0,0,0,0,0,0,2,2,0,125,2,0,31/07/2025 18:00,Wet_Season
27490caa-77d4-4574-ba28-2a0e58093e0f,C-JemH0TKH10,20,,,,4,3,0,0,0,0,0,0,0,0,2,0,0,5,0,0,0,0,2,0,250,0,0,2,0,31/07/2025 18:05,Wet_Season
e1345c43-ef93-4906-a019-f23a6ce30a58,C-ChiALNM907,,50,,,3,4,0,0,0,0,0,0,0,0,0,0,0,0,0,0,0,0,0,2,0.5,0,2,2,0,29/08/2025 13:10,Wet_Season
d0e008a7-24fb-4209-9066-a57715773556,C-Kau50X4O00,,50,,,4,3,0,2,0,0,0,2,0,0,0,0,0,0,0,0,0,0,0,0,2,2,0,0,0,02/09/2025 13:46,Wet_Season
22ff61ec-86f7-432e-a216-8cfadb9471af,C-KauRVNEB24,20,,,,4,3,0,0,0,0,0,0,0,0,2,0,0,15,0,0,0,0,2,0,0.5,0,0,2,0,02/09/2025 14:19,Wet_Season
ffd9bbf2-e7e4-4737-a174-34f5f61c232c,C-ZanK7PUA41,20,,,,4,3,0,0,0,0,0,0,0,0,2,0,0,5,0,0,0,0,0,0,2,0,0,2,0,02/09/2025 15:16,Wet_Season
20992b61-3bf7-4117-ad4b-12d623e00916,C-ChiAA92946,20,,,,4,3,0,0,0,0,0,0,0,0,2,0,0,5,0,0,0,0,2,0,2,0,0,2,0,02/09/2025 16:12,Wet_Season
9d3b2463-817b-4dab-bd17-b535f9dc1026,C-KauR1KBP07,20,,,,4,3,0,0,0,0,0,0,0,0,2,0,0,15,0,0,0,0,2,0,0.5,0,0,2,0,02/09/2025 16:26,Wet_Season
8c0d7e40-f1cf-4a59-85e6-362a83391079,C-Kau7UDMJ52,20,,,,4,3,0,0,0,0,0,0,0,0,2,0,0,15,0,0,0,0,2,0,0.5,0,0,2,0,02/09/2025 16:26,Wet_Season
9a229b11-195e-43d5-8fa9-ef6ec918a660,C-Kau803EM45,20,,,,4,3,0,0,0,0,0,0,0,0,2,0,0,15,0,0,0,0,2,0,0.5,0,0,2,0,02/09/2025 16:26,Wet_Season
7c5f361d-86de-4bb2-9325-8280ea36e034,C-KauQPYGS37,20,,,,4,3,0,0,0,0,0,0,0,0,2,0,0,15,0,0,0,0,2,0,0.5,0,0,2,0,02/09/2025 16:26,Wet_Season
4cabac8d-3e16-4abe-a77e-a27b17500ba1,C-KauNO4EV10,,50,,,3,4,0,0,0,0,0,0,0,0,0,0,0,0,0,0,0,0,0,2,0.5,0,5,2,0,02/09/2025 16:45,Wet_Season
3e7fec5d-281e-46fa-9d48-34e8830fee2e,C-KauVR0IZ49,20,,,,4,3,0,0,0,0,0,0,0,0,2,0,0,5,0,0,0,0,2,0,2,0,0,2,0,02/09/2025 17:12,Wet_Season
f5a8420b-b198-4679-a51c-e2dfbf4dae2e,C-Kac7Q7A320,,50,,,4,3,0,0,0,0,0,0,0,0,0,0,0,0,0,0,0,0,0,1,2,0,5,2,0,02/09/2025 18:03,Wet_Season
6685131a-0020-4dd7-a796-781c242fb950,C-Kau0F0NE44,20,,,,4,3,0,0,0,0,0,0,0,0,2,0,0,5,0,0,0,0,2,0,2,0,0,2,0,02/09/2025 18:06,Wet_Season
136284a5-2f37-4dca-86e1-8117cbf3fbc0,C-KauIFY4729,20,,,,4,3,0,0,0,0,0,0,0,0,2,0,0,15,0,0,0,0,2,0,0.5,0,0,2,0,02/09/2025 19:09,Wet_Season
ffd2d410-b2f0-4431-8f6b-cfdb27fc3f4a,C-Kau5KLNZ22,,50,,,4,3,0,0,0,2,0,0,0,0,0,0,0,0,0,0,0,0,0,0,0.5,0,2,2,0,02/09/2025 23:43,Wet_Season
62e89765-bd7e-4bf2-9cb6-de1d6a635233,C-KacUHNBG17,20,,,,4,3,0,0,0,0,0,0,0,0,2,0,0,5,0,0,0,0,2,0,2,0,0,2,0,03/09/2025 08:12,Wet_Season
773d7e06-b1d4-47f5-9e10-09946e3c7c10,C-Jab13L7B49,,50,,,4,3,0,0,0,0,0,0,0,0,0,0,0,0,0,0,0,0,0,2,2,0,5,2,0,05/09/2025 06:54,Wet_Season
44a13d88-42b5-4dd1-b326-a4112f44524a,C-KurQAWL216,,100,,,8,4,0,2,0,0,2,2,0,0,0,0,0,0,0,0,0,0,0,0,0,2,0,0,1500,11/09/2025 12:50,Wet_Season
1e2e278b-7475-4966-b2a0-621cbdd4484b,C-KurQDPWC37,,100,,,8,4,0,2,0,0,2,2,0,0,0,0,0,0,0,0,0,0,0,0,0,2,0,0,1500,11/09/2025 12:50,Wet_Season
fe793bf4-d596-4b1d-a6ac-bea961f5b51e,C-KagWMAWW40,20,,,,4,3,0,0,0,0,0,0,0,0,2,0,0,2,0,0,0,0,2,0,0,0,0,0,0,27/10/2025 12:00,Wet_Season
be70c6c0-20b3-4601-84f2-b8e52c1030e3,C-KagDZNFC18,,50,,,4,3,0,0,0,0,0,0,0,0,0,0,0,0,0,0,0,0,0,0,0,0,2,0,0,27/10/2025 12:14,Wet_Season
da8a23fc-fb70-40ad-a5e5-41b38d9b1b0d,C-KagZFVRU54,20,,,,4,3,0,0,0,0,0,0,0,0,2,0,0,3,0,0,0,0,2,0,2,0,0,0,0,27/10/2025 16:23,Wet_Season
5fd7ab21-2430-4457-9d17-81355ae44bcd,C-KagZPD9J27,20,,,,4,3,0,0,0,0,0,0,0,0,2,0,0,3,0,0,0,0,2,0,2,0,0,0,0,27/10/2025 16:23,Wet_Season
a12f3316-46bd-470a-8704-f86880790311,C-Jab66L4T59,20,,,,4,3,0,0,0,0,0,0,0,0,2,0,0,5,0,0,0,0,2,0,2,0,0,2,0,28/10/2025 16:37,Wet_Season
8b351793-951d-4c48-b247-3bdb67d6184a,C-JabA42UJ15,,50,,,4,3,0,0,0,0,0,0,0,0,0,0,0,0,0,0,0,0,0,2,2,0,5,2,0,28/10/2025 16:37,Wet_Season
ade30561-4f1b-45e0-9baa-1fb5f389519c,C-JabNM6WI55,20,,,,4,3,0,0,0,0,0,0,0,0,2,0,0,5,0,0,0,0,2,0,2,0,0,2,0,28/10/2025 16:37,Wet_Season
a95ec62d-1af0-45ae-ac50-bba0680a2b17,C-JabHPASN33,,50,,,4,3,0,0,0,0,0,0,0,0,0,0,0,0,0,0,0,0,0,2,2,0,5,2,0,28/10/2025 16:37,Wet_Season
40600559-a6ac-49e3-8aa9-baa8668dde66,C-JabXBI6S05,20,,,,4,3,0,0,0,0,0,0,0,0,2,0,0,5,0,0,0,0,2,0,2,0,0,2,0,28/10/2025 16:37,Wet_Season
a2a623a0-cea0-4008-9586-26271cd0852a,C-JabQSX9033,,50,,,4,3,0,0,0,0,0,0,0,0,0,0,0,0,0,0,0,0,0,2,2,0,5,2,0,28/10/2025 16:37,Wet_Season
aab2b7cf-9b52-4e01-a1c9-053f77d94663,C-JabGELM239,,50,,,4,3,0,0,0,0,0,0,0,0,0,0,0,0,0,0,0,0,0,2,2,0,5,2,0,28/10/2025 16:37,Wet_Season
57a5e898-3b99-4627-a0c0-95dc8b8b37ae,C-IkaMFP8X59,50,,,,0,0,0,0,0,0,0,0,0,0,0,0,0,0,0,0,0,0,0,0,0,0,0,0,0,30/10/2025 07:13,Wet_Season
6a5aab1d-f92a-4722-b555-db2eb6dd6b1f,C-ChiI0C9K35,20,,,,4,3,0,0,0,0,0,0,0,0,2,0,0,5,0,0,0,0,2,0,2,0,0,2,0,11/11/2025 11:17,Wet_Season
fe4bc5a8-b612-4edd-9950-38987b965a29,C-ZanPA6WJ33,20,,,,4,3,0,0,0,0,0,0,0,0,2,0,0,5,0,0,0,0,2,0,250,0,0,2,0,11/11/2025 11:22,Wet_Season
68b195a5-8e12-4f2e-8bf3-359a6686f158,C-Zan58VSN17,20,,,,4,3,0,0,0,0,0,0,0,0,2,0,0,5,0,0,0,0,2,0,250,0,0,2,0,11/11/2025 11:26,Wet_Season
f63d89a6-ab03-48fd-8225-a963f5a5fdb6,C-JemK50ZX48,,50,,,4,3,0,0,0,0,0,0,0,0,0,0,0,0,0,0,0,0,2,2,250,0,0,2,0,11/11/2025 11:51,Wet_Season
5410f53d-45e0-43d9-9c04-08f6b1ff2d75,C-KagZFVRU54,20,,,,4,3,0,0,0,0,0,0,0,0,2,0,0,5,2,0,0,0,2,0,2,0,0,0,0,11/11/2025 12:19,Wet_Season
a96e72e7-5292-47fb-8699-9b76cb3cd172,C-ChiLNPJ027,50,,,,4,3,0,0,0,0,0,0,0,0,2,0,0,0,0,0,0,0,2,0,0,0,0,2,0,11/11/2025 15:38,Wet_Season
6cedc778-b41d-483e-b59b-1ffe14d9a2f5,C-ZanGOJO641,50,,,,4,3,0,0,0,0,0,0,0,0,2,0,0,2,0,0,0,0,2,0,0,0,0,2,0,11/11/2025 15:50,Wet_Season
c5427d5e-5931-49b2-90f4-94952007e53f,C-KagSLCW947,,50,,,0,0,0,0,0,0,0,0,0,0,0,0,0,0,0,0,0,0,0,0,0,0,0,0,0,11/11/2025 15:53,Wet_Season
d3488590-f1e4-4b9e-a112-ec939556767a,C-KagAVELN29,,50,,,4,3,0,0,0,0,0,0,0,0,0,0,0,0,0,0,0,0,0,2,2,0,5,2,0,13/11/2025 07:50,Wet_Season
42b7b00b-20c3-4220-b096-538aee4ea68e,C-KacZWOXH16,20,,,,4,3,0,0,0,0,0,0,0,0,2,0,0,5,0,0,0,0,2,0,2,0,0,2,0,13/11/2025 17:51,Wet_Season
84f75b7a-e68b-446c-a4aa-c1d3f5138eaf,C-ZanGSY3X36,50,,,,4,3,0,0,0,0,0,0,0,0,2,0,0,5,0,0,0,0,2,0,250,0,0,2,0,14/11/2025 12:56,Wet_Season
95b2cfe5-8412-4c39-b17b-4a07cef1fbdc,C-ChiRL35503,,50,,,3,4,0,0,0,0,0,0,0,0,0,0,0,0,0,0,0,0,0,2,250,0,4,2,0,14/11/2025 13:30,Wet_Season
331efa26-e15c-441e-97af-8bde512b008a,C-KauYMKZ451,20,,,,4,3,0,0,0,0,0,0,0,0,2,0,0,5,0,0,0,0,2,0,250,0,0,2,0,14/11/2025 18:15,Wet_Season
04d90165-9051-4254-a9d0-544ce527888e,C-KauTMHWZ06,,50,,,4,3,0,0,0,2,0,0,0,0,0,0,0,0,0,0,0,0,2,1,2,0,2,2,0,15/11/2025 13:51,Wet_Season
218d93d3-a179-4718-b48e-d761a12e9cd7,C-Chi6Q5I033,50,,,,4,3,0,0,0,0,0,0,0,0,2,0,0,5,0,0,0,0,2,0,2,0,0,2,0,18/11/2025 09:52,Wet_Season
f603b82e-54ba-4d80-92dc-b19c4f109ddd,C-Chi28JEJ47,,50,,,4,3,0,0,0,0,0,0,0,0,0,0,0,0,0,0,0,0,0,2,2,0,2,2,0,18/11/2025 10:02,Wet_Season
7f7ddafd-cfde-4338-81fb-271afe3aa79b,C-ChiM8DLU22,,50,,,4,3,0,0,0,0,0,0,0,0,0,0,0,0,0,0,0,0,0,2,2,0,2,2,0,26/11/2025 15:07,Wet_Season
029c3e55-c449-4fb7-90a5-9d0a5b44cb03,C-ChiM8DLU22,,50,,,4,3,0,0,0,0,0,0,0,0,0,0,0,0,0,0,0,0,0,2,2,0,2,2,0,26/11/2025 15:07,Wet_Season
