formid,CoopAgeGroup,Natureofyourcooperativesmembersenterprises,State,LocationType,JointVenture,MajorBusinessArea,HaveElectedExco,Ownanactivebankaccount,Implementing_partner,State-IP,GenCooperativeUniqueID,CoopGender,Registration_Date,completed_time,started_time,username,received_on
505fcffa-cdd4-400d-8781-8d4ca1d7cf68,Youth,Agro_Artisans,Kano,Rural,Yes,Agro-Trader,Yes,Yes,WOFAN,Kano-WOFAN,Dal62LF40,Female,2024-01-18,18/01/2024 18:20,18/01/2024 18:16,kir02,18/01/2024 18:20
1626fa60-0340-4923-91f0-edf7f80b280e,Youth,Agro_Artisans,Kano,Rural,Yes,Production,Yes,No,WOFAN,Kano-WOFAN,BebWMOK46,Male,2024-01-18,18/01/2024 19:18,18/01/2024 19:13,kir02,18/01/2024 19:18
5f118d88-bc95-4255-804e-613fb4971a4f,Youth,Marketers,Adamawa,Peri_urban,Yes,Agro-Input_Dealer,Yes,No,Farm Innovation,Adamawa-Farm Innovation,GanLF6H41,Female,2024-01-28,28/01/2024 10:02,28/01/2024 09:08,dem01,28/01/2024 10:03
e6c49122-ac94-41ac-a666-6b776ca1950e,Youth,Marketers,Adamawa,Peri_urban,Yes,Agro-Input_Dealer,Yes,Yes,Farm Innovation,Adamawa-Farm Innovation,Gan0DGI45,Female,2024-01-28,28/01/2024 10:02,28/01/2024 09:09,dem01,28/01/2024 10:03
77eb862e-f2c8-4aca-a712-e188807ecde3,Youth,Marketers,Adamawa,Peri_urban,Yes,Agro-Input_Dealer,Yes,Yes,Farm Innovation,Adamawa-Farm Innovation,GanV9XW51,Female,2024-01-28,28/01/2024 10:03,28/01/2024 09:09,dem01,28/01/2024 10:03
a35d3ae0-a65c-48af-a262-badfc51c829d,Youth,Marketers,Adamawa,Peri_urban,Yes,Agro-Input_Dealer,Yes,Yes,Farm Innovation,Adamawa-Farm Innovation,GanJ9X644,Female,2024-01-28,28/01/2024 10:03,28/01/2024 09:08,dem01,28/01/2024 10:03
f6374e87-a226-459b-af8f-f2d24f2a1ba9,Youth,Marketers,Adamawa,Peri_urban,Yes,Agro-Input_Dealer,Yes,Yes,Farm Innovation,Adamawa-Farm Innovation,Gan0Q4Z02,Female,2024-01-28,28/01/2024 10:02,28/01/2024 09:08,dem01,28/01/2024 10:03
8cb384fe-69e4-4d3d-8e29-3cda76b54b81,Youth,Marketers,Adamawa,Peri_urban,Yes,Agro-Input_Dealer,Yes,Yes,Farm Innovation,Adamawa-Farm Innovation,GanR5AF46,Female,2024-01-28,28/01/2024 10:03,28/01/2024 09:08,dem01,28/01/2024 10:03
85f4272b-eddf-4626-8286-bb4d0c5cab29,Youth,Marketers,Adamawa,Peri_urban,Yes,Agro-Input_Dealer,Yes,Yes,Farm Innovation,Adamawa-Farm Innovation,Gan1W4B37,Female,2024-01-28,28/01/2024 10:03,28/01/2024 09:09,dem01,28/01/2024 10:03
909304f9-a03c-40d6-8848-253e4c2b7e59,Youth,Agro_Artisans,Adamawa,Peri_urban,Yes,Agro-Input_Dealer,Yes,Yes,Farm Innovation,Adamawa-Farm Innovation,Gan4US443,Female,2024-01-28,28/01/2024 10:02,28/01/2024 09:09,dem01,28/01/2024 10:03
202c0924-e0d4-4d17-a072-3a94c57124c5,Youth,Marketers,Adamawa,Rural,Yes,Agro-Input_Dealer,Yes,Yes,Farm Innovation,Adamawa-Farm Innovation,GirMK8554,Female,2024-01-28,28/01/2024 10:04,28/01/2024 09:10,dem01,28/01/2024 10:04
41bb21f5-62de-479c-b40f-ea363ff61ca8,Youth,Marketers,Adamawa,Peri_urban,Yes,Agro-Input_Dealer,Yes,Yes,Farm Innovation,Adamawa-Farm Innovation,GanMLRS37,Female,2024-01-28,28/01/2024 10:02,28/01/2024 09:10,dem01,28/01/2024 10:10
697694be-60fd-4f86-8535-0afb77ecbf4d,Youth,Agro_Artisans,Adamawa,Peri_urban,Yes,Agro-Input_Dealer,Yes,Yes,Farm Innovation,Adamawa-Farm Innovation,GanXI7D55,Female,2024-01-28,28/01/2024 10:04,28/01/2024 09:08,dem01,28/01/2024 10:34
7301278b-95ab-4296-b38e-ed48df775141,Youth,Marketers,Adamawa,Rural,Yes,Agro-Input_Dealer,Yes,Yes,Farm Innovation,Adamawa-Farm Innovation,GuyLNUW35,Female,2024-01-29,29/01/2024 10:23,29/01/2024 10:06,dem01,29/01/2024 19:03
9833cf19-3c2e-46bb-830a-db236e1ec8e6,Youth,Marketers,Adamawa,Rural,Yes,Agro-Input_Dealer,Yes,Yes,Farm Innovation,Adamawa-Farm Innovation,Gom0OA518,Female,2024-01-29,29/01/2024 19:03,29/01/2024 18:29,dem01,29/01/2024 19:03
ad389578-780f-4d73-9612-c56c357d64d7,Youth,Producers,Adamawa,Rural,Yes,Mechanization_service_provider,Yes,Yes,Farm Innovation,Adamawa-Farm Innovation,GomCNER17,Female,2024-01-31,31/01/2024 13:04,31/01/2024 12:52,dem01,31/01/2024 14:15
50117b34-3de3-421d-b2de-1a7812c96ee5,Youth,Producers,Kano,Rural,Yes,Production,Yes,No,WOFAN,Kano-WOFAN,BunN2Z450,Male,2024-02-08,08/02/2024 10:23,08/02/2024 10:17,kir02,08/02/2024 10:23
e8b2b2e2-44ea-4418-b4b1-0dc0538735e1,Youth,Marketers,Bauchi,Rural,Yes,Mechanization_service_provider,Yes,No,WOFAN,Bauchi-WOFAN,GanU8YN36,Female,2024-02-10,10/02/2024 11:16,10/02/2024 11:07,gan11,10/02/2024 11:23
6334c003-76f3-4459-9fc9-a79e0e3c1f70,Youth,Producers/Processors,Kano,Rural,No,---,No,Yes,WOFAN,Kano-WOFAN,TofQ02E24,Male,2024-02-10,10/02/2024 13:21,10/02/2024 13:09,tof71,10/02/2024 14:49
2271d391-7b55-4710-aa1a-f2e6606fd83d,Youth,Producers,Bauchi,Rural,No,---,Yes,Yes,WOFAN,Bauchi-WOFAN,WarNR7W41,Male,2024-02-10,10/02/2024 12:07,10/02/2024 11:33,war03,11/02/2024 04:04
5237e696-81dd-4b74-85bc-b38b494fae12,Youth,Agro_Artisans,Bauchi,Rural,No,---,Yes,No,WOFAN,Bauchi-WOFAN,War7HTF35,Male,2024-02-10,10/02/2024 18:27,10/02/2024 17:53,war03,11/02/2024 04:04
ae95c985-259a-451f-bc9c-6f2be768de95,Youth,Marketers,Bauchi,Rural,No,---,Yes,No,WOFAN,Bauchi-WOFAN,WarN5H704,Male,2024-02-10,10/02/2024 19:58,10/02/2024 19:33,war03,11/02/2024 04:05
25438a61-53f2-45f9-af34-c6846d74db3b,Youth,Marketers,Jigawa,Rural,Yes,Agro-Trader,Yes,Yes,WOFAN,Jigawa-WOFAN,Jah8IMH17,Female,2024-02-10,10/02/2024 15:31,10/02/2024 15:05,jah65,11/02/2024 06:34
f106f40a-c43e-43eb-bc69-5593cbb81375,Youth,Processors,Jigawa,Rural,No,---,No,No,WOFAN,Jigawa-WOFAN,JahHGBV58,Female,2024-02-11,11/02/2024 08:22,11/02/2024 08:19,jah71,11/02/2024 08:23
528dc7d8-2756-4faf-a17f-ed27ed19090a,Youth,ProducerProcessor,Bauchi,Urban,Yes,Production,Yes,No,WOFAN,Bauchi-WOFAN,NinMT4P39,Male,2024-02-11,11/02/2024 10:48,11/02/2024 10:32,nin16,11/02/2024 10:50
7e637590-f2ea-43f9-9a23-ba6306c66240,Youth,ProducerProcessor,Kano,Rural,Yes,Production,Yes,Yes,WOFAN,Kano-WOFAN,GarBRYB15,Male,2024-02-11,11/02/2024 10:51,11/02/2024 10:31,bun14,11/02/2024 10:51
96d4acc7-520c-4cb7-b59e-574b773e3aa2,Youth,Producer,Kano,Rural,Yes,Production,No,Yes,WOFAN,Kano-WOFAN,BicKQ5X43,Male,2024-02-11,11/02/2024 10:51,11/02/2024 10:48,kir02,11/02/2024 10:51
c739b70f-2132-49b2-953d-7078d6890cb0,Youth,Processor,Kano,Rural,Yes,Production,Yes,No,WOFAN,Kano-WOFAN,BebYEFB55,Female,2024-02-11,11/02/2024 11:10,11/02/2024 11:03,tun29,11/02/2024 11:11
2759f411-0b29-4f66-8c8f-4df84f8301b4,Youth,ProducerProcessor,Bauchi,Urban,No,---,Yes,No,WOFAN,Bauchi-WOFAN,BauOQ8X52,Female,2024-02-11,11/02/2024 11:12,11/02/2024 10:52,bau13,11/02/2024 11:12
402155c8-e20c-4205-91ec-b032eecfdfc7,Youth,Producer,Jigawa,Peri_urban,Yes,Production,Yes,Yes,WOFAN,Jigawa-WOFAN,JahE2RB22,Female,2024-02-11,11/02/2024 11:18,11/02/2024 11:02,jah56,11/02/2024 11:18
f4072c0a-c9f7-472a-9d87-129376c50ae5,Youth,Producer,Jigawa,Rural,Yes,Production,Yes,Yes,WOFAN,Jigawa-WOFAN,Jah3T7D53,Female,2024-02-11,11/02/2024 11:26,11/02/2024 11:11,jah69,11/02/2024 11:26
c8eaec2a-b51a-4b8b-8f2d-7aec6af1ce0f,Youth,Producer,Jigawa,Rural,No,---,No,No,WOFAN,Jigawa-WOFAN,JahSBXU47,Female,2024-02-11,11/02/2024 11:28,11/02/2024 11:12,jah84,11/02/2024 11:28
2e1f8b06-79a6-4b53-8d08-7550a8edd34f,Youth,ProducerProcessor,Bauchi,Urban,No,---,Yes,No,WOFAN,Bauchi-WOFAN,Bau1CH744,Male,2024-02-11,11/02/2024 11:28,11/02/2024 11:12,bau13,11/02/2024 11:29
32676cec-e056-448e-b834-673c764267b5,Youth,Producer,Kano,Rural,No,---,Yes,Yes,WOFAN,Kano-WOFAN,GarF4SS22,Female,2024-02-11,11/02/2024 11:05,11/02/2024 10:10,bun17,11/02/2024 11:39
f564c1ec-6f05-4fd6-8e83-5276b899cb8b,Youth,ProducerProcessor,Jigawa,Rural,Yes,Agro-Input_Dealer,Yes,No,WOFAN,Jigawa-WOFAN,Jah9DAY47,Female,2024-02-11,11/02/2024 11:19,11/02/2024 11:14,jah40,11/02/2024 11:39
2cbb0592-2977-4f5f-86f9-f07d3bb92cdc,Youth,Marketer,Gombe,Urban,No,---,Yes,Yes,WOFAN,Gombe-WOFAN,GomKTSZ52,Male,2024-02-11,11/02/2024 12:04,11/02/2024 11:46,gom28,11/02/2024 12:04
903c778a-1125-4931-bc78-859ff4b66a95,Youth,Processor,Kano,Rural,Yes,Production,Yes,Yes,WOFAN,Kano-WOFAN,GarWGVT37,Male,2024-02-11,11/02/2024 12:32,11/02/2024 12:20,bun14,11/02/2024 12:33
ee809b4e-08e9-4bff-872f-3d8258d42a1f,Youth,Marketer,Kano,Rural,Yes,Agro-Input_Dealer,Yes,No,WOFAN,Kano-WOFAN,GarGO1Z39,Female,2024-02-11,11/02/2024 12:37,11/02/2024 11:50,bun12,11/02/2024 12:38
f844176c-77dc-43c3-8833-c6f89deeabee,Youth,Processor,Kano,Rural,Yes,Agro-Input_Dealer,Yes,Yes,WOFAN,Kano-WOFAN,GarYD8056,Female,2024-02-11,11/02/2024 12:47,11/02/2024 12:30,bun02,11/02/2024 12:47
ea5b60d8-1d69-47ee-bf6a-b598cfc50fea,Youth,Marketer,Gombe,Rural,No,---,Yes,Yes,WOFAN,Gombe-WOFAN,BilVTJW15,Female,2024-02-11,11/02/2024 13:00,11/02/2024 12:19,bill09,11/02/2024 13:03
51035980-c142-4aa0-b489-ac0b07d07005,Youth,Producer,Jigawa,Rural,Yes,Production,Yes,Yes,WOFAN,Jigawa-WOFAN,JahRMMI42,Female,2024-02-11,11/02/2024 13:04,11/02/2024 12:28,jah63,11/02/2024 13:04
97094153-7536-451f-91e3-b87dbe0d8378,Youth,Processors,Jigawa,Rural,No,---,No,No,WOFAN,Jigawa-WOFAN,JahH23T36,Female,2024-02-11,11/02/2024 13:18,11/02/2024 13:15,jah68,11/02/2024 13:18
84bc20ec-e9ff-4025-aaf7-6a3aed72187b,Youth,Processors,Jigawa,Rural,No,---,No,No,WOFAN,Jigawa-WOFAN,JahBH5R35,Female,2024-02-11,11/02/2024 13:21,11/02/2024 13:19,jah68,11/02/2024 13:22
7a6c5200-0a30-43b0-b49f-755538762b81,Youth,Producer,Gombe,Urban,No,---,No,No,WOFAN,Gombe-WOFAN,Gom3KST46,Male,2024-02-11,11/02/2024 13:23,11/02/2024 12:18,gom25,11/02/2024 13:23
240c4527-c4e2-433e-ad56-d2142639f57e,Youth,Processors,Jigawa,Rural,No,---,No,No,WOFAN,Jigawa-WOFAN,JahQTGV11,Female,2024-02-11,11/02/2024 13:24,11/02/2024 13:22,jah68,11/02/2024 13:24
ca8daa5f-d4e4-46c6-b8c2-9ff68d6abbba,Youth,Marketers,Jigawa,Rural,No,---,Yes,Yes,WOFAN,Jigawa-WOFAN,JahVTAE37,Female,2024-02-11,11/02/2024 13:41,11/02/2024 13:33,jah59,11/02/2024 13:41
8bb8273d-1500-4e3b-8412-188809ca103a,Youth,Processor,Jigawa,Rural,No,---,No,No,WOFAN,Jigawa-WOFAN,JahSHXQ03,Female,2024-02-11,11/02/2024 13:44,11/02/2024 13:41,jah71,11/02/2024 13:46
97e95aef-2c7b-4fad-8145-8092e27dd9b6,Youth,Producer,Kano,Rural,No,---,Yes,No,WOFAN,Kano-WOFAN,GarMBQ143,Male,2024-02-11,11/02/2024 10:39,11/02/2024 10:30,gmm51,11/02/2024 13:55
bcb39c83-3a6c-4f11-8456-eab11666c034,Youth,Processors,Jigawa,Rural,No,---,No,No,WOFAN,Jigawa-WOFAN,JahSBY720,Female,2024-02-11,11/02/2024 13:58,11/02/2024 13:56,jah71,11/02/2024 13:58
0b806263-1630-48a3-ad52-8c1d5e1e918f,Youth,Producers,Kano,Rural,No,---,Yes,Yes,WOFAN,Kano-WOFAN,GarEGVH42,Male,2024-02-11,11/02/2024 14:07,11/02/2024 13:50,bun03,11/02/2024 14:07
58595871-91d7-4fad-b8fd-a64ac8455c6e,Youth,Processor,Jigawa,Rural,Yes,Processing,Yes,No,WOFAN,Jigawa-WOFAN,JahO8WW19,Female,2024-02-11,11/02/2024 11:12,11/02/2024 10:27,jah47,11/02/2024 14:08
9ab982ab-659e-432f-8a81-0b37459f50c3,Youth,Producers/Processors,Jigawa,Rural,Yes,Production,Yes,No,WOFAN,Jigawa-WOFAN,JahS1EI09,Female,2024-02-11,11/02/2024 14:08,11/02/2024 13:50,jah60,11/02/2024 14:08
d9f5b732-a698-4ccb-8c1d-e302305b93eb,Youth,Marketers,Gombe,Rural,No,---,Yes,Yes,WOFAN,Gombe-WOFAN,BilP9Z442,Female,2024-02-11,11/02/2024 14:28,11/02/2024 14:10,bill09,11/02/2024 14:31
3ea54c35-b391-40af-b63e-f886729bdc15,Youth,Processor,Kano,Rural,Yes,Processing,Yes,No,WOFAN,Kano-WOFAN,BebG65W20,Female,2024-02-11,11/02/2024 12:17,11/02/2024 12:08,tun13,11/02/2024 14:36
2c14f07f-f019-47ec-bc00-0a667269daf5,Youth,Processor,Kano,Rural,No,---,Yes,No,WOFAN,Kano-WOFAN,Gar5WV144,Female,2024-02-11,11/02/2024 12:51,11/02/2024 12:44,bun11,11/02/2024 14:43
c69c713d-a958-4ada-aa8c-fca8ffe810de,Youth,Marketer,Kano,Rural,No,---,Yes,No,WOFAN,Kano-WOFAN,GarBXYH12,Female,2024-02-11,11/02/2024 13:05,11/02/2024 12:57,bun11,11/02/2024 14:43
eeb02f90-8067-4e0b-83ec-6bfb86170235,Youth,Producers,Jigawa,Rural,Yes,Production,Yes,No,WOFAN,Jigawa-WOFAN,JahV4UM06,Female,2024-02-11,11/02/2024 14:44,11/02/2024 14:36,jah45,11/02/2024 14:45
167826ed-6913-4860-b872-702cc159fe14,Youth,Marketer,Gombe,Rural,No,---,No,No,WOFAN,Gombe-WOFAN,Bil3W6J50,Male,2024-02-11,11/02/2024 14:58,11/02/2024 12:22,gom23,11/02/2024 14:58
d28ca571-bb22-46cd-9a4f-af27f560c83a,Youth,ProducerProcessor,Kano,Rural,Yes,Agro-Input_Dealer,No,Yes,WOFAN,Kano-WOFAN,Beb4KIH03,Female,2024-02-11,11/02/2024 14:46,11/02/2024 14:36,tun17,11/02/2024 15:01
aa0a07f8-c743-443d-8b50-a5ca5069524f,Youth,ProducerProcessor,Bauchi,Urban,Yes,Production,Yes,No,WOFAN,Bauchi-WOFAN,Nin8BPP20,Male,2024-02-11,11/02/2024 10:39,11/02/2024 10:30,nin17,11/02/2024 15:10
e4c37c56-158e-40c8-8658-d8bfa8cf62cc,Youth,Producer,Kano,Rural,No,---,Yes,No,WOFAN,Kano-WOFAN,Gar5MYW14,Female,2024-02-11,11/02/2024 12:10,11/02/2024 11:45,bun21,11/02/2024 15:20
a6944dfd-26a2-42ab-831e-51402b4a1f9f,Youth,Producer,Kano,Rural,No,---,Yes,Yes,WOFAN,Kano-WOFAN,GarV3SV16,Female,2024-02-11,11/02/2024 11:50,11/02/2024 11:41,bun17,11/02/2024 15:25
46d0d468-be97-4ca7-a5df-f501f41e9e00,Youth,Producer,Kano,Rural,Yes,Production,Yes,Yes,WOFAN,Kano-WOFAN,GarNZ1K58,Female,2024-02-11,11/02/2024 12:32,11/02/2024 12:07,bun05,11/02/2024 15:27
c6555b10-0295-4314-843d-9fc3de326bf4,Youth,Producer,Kano,Rural,Yes,Production,Yes,Yes,WOFAN,Kano-WOFAN,GarM0EK24,Female,2024-02-11,11/02/2024 12:45,11/02/2024 12:34,bun05,11/02/2024 15:27
e04af892-1a04-467f-8124-5c6d5ea17e22,Youth,Producer,Kano,Rural,Yes,Production,Yes,Yes,WOFAN,Kano-WOFAN,GarKSTS09,Female,2024-02-11,11/02/2024 12:54,11/02/2024 12:46,bun05,11/02/2024 15:27
3940f2c2-139a-4d41-b8e2-e1d913c2fe57,Youth,Processor,Kano,Rural,Yes,Production,Yes,Yes,WOFAN,Kano-WOFAN,Gar3HBK49,Female,2024-02-11,11/02/2024 13:08,11/02/2024 12:55,bun05,11/02/2024 15:27
a85fe1b6-7c9a-4dbd-b50a-c6c7e5b68596,Youth,Producer,Kano,Rural,Yes,Production,Yes,Yes,WOFAN,Kano-WOFAN,Gar7FW534,Male,2024-02-11,11/02/2024 13:47,11/02/2024 13:08,bun05,11/02/2024 15:27
149b69be-aac5-4686-be37-70de9ae0fc43,Youth,ProducerProcessor,Bauchi,Rural,Yes,Agro-Exporter,Yes,Yes,WOFAN,Bauchi-WOFAN,TafPS9P09,Male,2024-02-11,11/02/2024 11:00,11/02/2024 10:47,taf03,11/02/2024 15:33
5be47bf9-69b2-4571-b17a-312743edf362,Youth,Producers,Jigawa,Rural,Yes,Production,Yes,Yes,WOFAN,Jigawa-WOFAN,JahBUAH42,Female,2024-02-11,11/02/2024 15:40,11/02/2024 15:20,jah83,11/02/2024 15:40
5616f528-a458-46fc-9385-8c41d626c794,Youth,Processors,Jigawa,Rural,No,---,No,No,WOFAN,Jigawa-WOFAN,JahN3CK05,Female,2024-02-11,11/02/2024 15:19,11/02/2024 15:16,jah71,11/02/2024 15:42
b2f109ca-9b30-4734-a24b-be0c2668ee0f,Youth,Producers,Jigawa,Rural,Yes,Agro-Input_Dealer,No,Yes,WOFAN,Jigawa-WOFAN,JahE4GR35,Female,2024-02-11,11/02/2024 16:04,11/02/2024 15:57,jah41,11/02/2024 16:04
910971fa-5c3a-4156-bbb5-ddbf333aff05,Youth,Producer,Bauchi,Rural,Yes,Processing,Yes,No,WOFAN,Bauchi-WOFAN,NinH6BP33,Male,2024-02-11,11/02/2024 10:46,11/02/2024 10:29,nin14,11/02/2024 16:05
360db8c3-feaa-42eb-8e70-88913d7d6116,Youth,Producers/Processors,Bauchi,Urban,Yes,Production,Yes,Yes,WOFAN,Bauchi-WOFAN,BauEPC827,Male,2024-02-11,11/02/2024 16:05,11/02/2024 15:56,bau11,11/02/2024 16:14
dd56774b-4e47-45ab-a0bf-e2a03f30148c,Youth,Producers/Processors,Bauchi,Urban,Yes,Agro-Input_Dealer,Yes,No,WOFAN,Bauchi-WOFAN,NinM29D35,Male,2024-02-11,11/02/2024 16:15,11/02/2024 16:05,nin16,11/02/2024 16:15
3d930090-c5e3-4851-b739-053c9164597e,Youth,Producers,Jigawa,Rural,Yes,Production,Yes,Yes,WOFAN,Jigawa-WOFAN,JahYBAZ52,Female,2024-02-11,11/02/2024 14:42,11/02/2024 14:37,jah46,11/02/2024 16:16
1b919c76-6e15-44b2-b78c-83f25a420b59,Youth,Producers/Processors,Bauchi,Urban,Yes,Production,Yes,No,WOFAN,Bauchi-WOFAN,NinG36931,Male,2024-02-11,11/02/2024 16:22,11/02/2024 16:09,nin17,11/02/2024 16:22
0b8b22a1-a8cc-4cca-8cb1-951aed748759,Youth,Producers/Processors,Gombe,Rural,No,---,Yes,No,WOFAN,Gombe-WOFAN,Bil86W708,Female,2024-02-11,11/02/2024 16:27,11/02/2024 15:54,bill09,11/02/2024 16:29
13d8b66d-5736-4d18-8a2e-1c6f52e0d23c,Youth,Producer,Jigawa,Peri_urban,Yes,Production,Yes,Yes,WOFAN,Jigawa-WOFAN,JahADTM17,Female,2024-02-11,11/02/2024 13:23,11/02/2024 12:46,jah56,11/02/2024 16:41
1f35f505-7a88-4919-aec8-1566ba12ebe0,Youth,Processors,Jigawa,Rural,No,---,No,No,WOFAN,Jigawa-WOFAN,JahGHIC24,Female,2024-02-11,11/02/2024 16:46,11/02/2024 16:36,jah51,11/02/2024 16:47
e777cad7-bd37-4ceb-8b98-d1ccb200b2a4,Youth,Producers/Processors,Bauchi,Urban,Yes,Production,Yes,No,WOFAN,Bauchi-WOFAN,NinPOAO36,Male,2024-02-11,11/02/2024 16:21,11/02/2024 16:02,nin15,11/02/2024 17:04
724c2cb4-4e1b-460e-94ec-faff1efcd450,Youth,Producers,Bauchi,Rural,Yes,Production,Yes,No,WOFAN,Bauchi-WOFAN,Nin31YP21,Male,2024-02-11,11/02/2024 16:46,11/02/2024 16:06,nin14,11/02/2024 17:13
e33a4eaa-1ace-4012-a405-616b98867bfc,Youth,Producer,Jigawa,Rural,No,---,No,No,WOFAN,Jigawa-WOFAN,JahQ7A833,Male,2024-02-11,11/02/2024 17:15,11/02/2024 17:12,jah73,11/02/2024 17:15
571b5052-4397-4857-8a80-820dce61bcbf,Youth,Producer,Kano,Rural,Yes,Agro-Input_Dealer,Yes,No,WOFAN,Kano-WOFAN,GarX52037,Female,2024-02-11,11/02/2024 15:59,11/02/2024 15:27,bun12,11/02/2024 17:25
c4add1dd-920d-406e-b67d-8fa9b630f9c7,Youth,Marketers,Gombe,Peri_urban,No,---,Yes,No,WOFAN,Gombe-WOFAN,AkkBPFU05,Female,2024-02-11,11/02/2024 17:26,11/02/2024 16:39,akk05,11/02/2024 17:27
93b6cfe7-d8c8-4513-9881-2a364c3298a4,Youth,Processors,Kano,Rural,No,---,Yes,No,WOFAN,Kano-WOFAN,GarYFAO40,Female,2024-02-11,11/02/2024 15:26,11/02/2024 15:18,bun11,11/02/2024 17:38
814b6842-f940-4663-86f5-513b64d2551d,Youth,ProducerProcessor,Jigawa,Rural,Yes,Production,Yes,Yes,WOFAN,Jigawa-WOFAN,Jah762O15,Female,2024-02-11,11/02/2024 10:50,11/02/2024 10:43,jah48,11/02/2024 18:38
9b4a429e-9c48-4bf5-a97e-01277ce066d7,Youth,Processors,Jigawa,Rural,No,---,No,No,WOFAN,Jigawa-WOFAN,JahMM7940,Female,2024-02-11,11/02/2024 17:33,11/02/2024 17:09,jah71,11/02/2024 18:44
ef4e2140-8752-42c5-8533-5d00e063fd67,Youth,Producer,Kano,Rural,Yes,Production,Yes,No,WOFAN,Kano-WOFAN,BebRR5C30,Female,2024-02-11,11/02/2024 12:46,11/02/2024 12:39,tun13,11/02/2024 18:47
d14cdec2-8b87-4f11-866d-ec923f41a5e3,Youth,Processors,Kano,Rural,No,---,No,No,WOFAN,Kano-WOFAN,GarZIDG51,Female,2024-02-11,11/02/2024 18:55,11/02/2024 18:43,bun20,11/02/2024 19:46
da2a4669-c93b-40d0-a974-2b22fdf9654f,Youth,Processor,Kano,Rural,Yes,Agro-Input_Dealer,Yes,Yes,WOFAN,Kano-WOFAN,GarSSTB48,Female,2024-02-11,11/02/2024 13:11,11/02/2024 13:01,bun04,11/02/2024 19:50
2471df96-a7ec-4f30-b2f9-956e4f8a46e0,Youth,Processor,Kano,Rural,Yes,Processing,Yes,Yes,WOFAN,Kano-WOFAN,GarDUJA25,Female,2024-02-11,11/02/2024 13:21,11/02/2024 13:12,bun04,11/02/2024 19:50
6bb1d7f7-98c6-421c-9b38-59e2b01d4b19,Youth,Processor,Kano,Rural,Yes,Production,Yes,Yes,WOFAN,Kano-WOFAN,GarGDGL34,Female,2024-02-11,11/02/2024 13:30,11/02/2024 13:21,bun04,11/02/2024 19:50
2c2db794-b5a4-4c84-9021-1abdf8658b85,Youth,Marketer,Kano,Rural,Yes,Production,Yes,Yes,WOFAN,Kano-WOFAN,Gar825034,Female,2024-02-11,11/02/2024 13:39,11/02/2024 13:30,bun04,11/02/2024 19:50
698da329-f1f9-46c9-bcac-a1169336618b,Youth,Producer,Kano,Rural,Yes,Production,Yes,Yes,WOFAN,Kano-WOFAN,GarT6UI50,Male,2024-02-11,11/02/2024 13:50,11/02/2024 13:41,bun04,11/02/2024 19:50
869be893-9e05-4534-984e-8b306141a98b,Youth,Processors,Jigawa,Rural,No,---,No,No,WOFAN,Jigawa-WOFAN,Jah09LO52,Male,2024-02-11,11/02/2024 17:22,11/02/2024 17:21,jah71,11/02/2024 19:58
9637d4d3-d281-4b02-aea7-bf742ca10139,Youth,Mata_masu__saida_abinci_kala-_kala__a_wurare(Food_vendors),Jigawa,Rural,Yes,Production,Yes,No,WOFAN,Jigawa-WOFAN,Jah5E0404,Female,2024-02-11,11/02/2024 17:59,11/02/2024 17:48,jah42,11/02/2024 20:09
816b0d20-a007-486c-9ee7-fa8b97f60df7,Youth,Producers,Jigawa,Rural,Yes,Agro-Input_Dealer,No,Yes,WOFAN,Jigawa-WOFAN,JahEXKD37,Female,2024-02-11,11/02/2024 20:31,11/02/2024 20:27,jah41,11/02/2024 20:31
a98635a8-1229-4a85-b8a5-914f68880ce2,Youth,Producers,Jigawa,Rural,Yes,Production,Yes,Yes,WOFAN,Jigawa-WOFAN,Jah2D4725,Female,2024-02-11,11/02/2024 16:24,11/02/2024 16:12,jah52,11/02/2024 20:32
6d7f9ed8-744f-4161-b420-5bd739cf9605,Youth,Producers,Jigawa,Rural,Yes,Production,Yes,Yes,WOFAN,Jigawa-WOFAN,JahGL9H33,Female,2024-02-11,11/02/2024 19:14,11/02/2024 19:07,jah46,11/02/2024 20:41
e8299a07-6094-4d14-89f3-d89fd3de5ee3,Youth,Producer,Kano,Rural,Yes,Production,Yes,Yes,WOFAN,Kano-WOFAN,Gar22MK57,Female,2024-02-11,11/02/2024 11:20,11/02/2024 10:52,bun16,11/02/2024 20:45
4a3cedc8-6024-4473-bf76-b1f5e1ebf019,Youth,ProducerProcessor,Kano,Rural,Yes,Production,Yes,Yes,WOFAN,Kano-WOFAN,GarG3FU41,Female,2024-02-11,11/02/2024 11:58,11/02/2024 11:46,bun16,11/02/2024 20:45
af805494-a6ce-471b-bea7-1b5a44834256,Youth,Producers/Processors,Kano,Rural,Yes,Processing,Yes,No,WOFAN,Kano-WOFAN,Kur3P1D02,Female,2024-02-11,11/02/2024 21:37,11/02/2024 21:30,kur09,11/02/2024 21:37
3262326e-a4b3-47c6-8362-bd5bcf66e605,Youth,Marketers,Jigawa,Rural,Yes,Agro-Trader,Yes,Yes,WOFAN,Jigawa-WOFAN,JahEA0V10,Male,2024-02-12,12/02/2024 05:23,12/02/2024 04:48,jah79,12/02/2024 05:23
73445bbb-6d47-41e8-a9e4-1ea655367490,Youth,Producers,Bauchi,Rural,No,---,Yes,No,WOFAN,Bauchi-WOFAN,WarG0UW24,Male,2024-02-12,12/02/2024 05:16,12/02/2024 04:58,war03,12/02/2024 05:38
a17155f5-022b-4968-85e3-6502c82e5cae,Youth,Marketers,Gombe,Rural,Yes,Off-taker,Yes,No,WOFAN,Gombe-WOFAN,ShoLIAB16,Male,2024-02-12,12/02/2024 06:51,12/02/2024 06:42,sha06,12/02/2024 06:51
10492554-e233-43ae-b014-8f0708e70790,Youth,Marketers,Gombe,Rural,Yes,Agro-Trader,Yes,No,WOFAN,Gombe-WOFAN,ShoHTK320,Female,2024-02-12,12/02/2024 06:57,12/02/2024 05:12,sha06,12/02/2024 06:57
abd9f16e-98d1-458a-87cb-4694470dcda2,Youth,Processors,Jigawa,Rural,Yes,Agro-Input_Dealer,Yes,Yes,WOFAN,Jigawa-WOFAN,Jah9CDT21,Female,2024-02-11,11/02/2024 19:02,11/02/2024 18:49,jah51,12/02/2024 07:14
859157ec-ff66-40a1-9866-54de1053571a,Youth,Processors,Jigawa,Rural,Yes,Agro-Input_Dealer,Yes,Yes,WOFAN,Jigawa-WOFAN,JahO30903,Female,2024-02-12,12/02/2024 05:54,12/02/2024 05:43,jah51,12/02/2024 07:16
835aec0b-35dd-4a10-b826-847dcf142b4e,Youth,Processors,Jigawa,Rural,Yes,Processing,Yes,Yes,WOFAN,Jigawa-WOFAN,JahTF2A04,Female,2024-02-12,12/02/2024 07:41,12/02/2024 07:27,jah68,12/02/2024 07:41
7cf47c16-df69-43ad-be7b-cffa8b10014a,Youth,Marketers,Gombe,Peri_urban,Yes,Production,Yes,No,WOFAN,Gombe-WOFAN,Akk22EI16,Male,2024-02-12,12/02/2024 07:01,12/02/2024 06:44,akk03,12/02/2024 07:51
21ec4afa-cfd1-4042-bed5-7a8e7edf8d02,Youth,Producers/Processors,Kano,Peri_urban,Yes,Production,Yes,Yes,WOFAN,Kano-WOFAN,KirLEOD54,Male,2024-02-12,12/02/2024 07:55,12/02/2024 07:40,kir21,12/02/2024 07:55
02a628ec-d157-46d3-8df2-c17262f3d91b,Youth,Producers/Processors,Bauchi,Rural,Yes,Production,Yes,Yes,WOFAN,Bauchi-WOFAN,TafOYK337,Male,2024-02-12,12/02/2024 07:51,12/02/2024 07:34,taf03,12/02/2024 08:01
c6d6cdc8-b775-42f4-a82e-01d4023853c7,Youth,Processors,Jigawa,Rural,Yes,Processing,Yes,Yes,WOFAN,Jigawa-WOFAN,JahPB7K00,Male,2024-02-12,12/02/2024 08:10,12/02/2024 07:59,jah68,12/02/2024 08:18
cd989f5f-6f65-488f-b686-5a80de047ef2,Youth,Producers,Kano,Rural,Yes,Production,Yes,Yes,WOFAN,Kano-WOFAN,Gar03LY18,Male,2024-02-12,12/02/2024 08:19,11/02/2024 18:55,bun05,12/02/2024 08:19
dd12a57b-82e6-46a0-bdfd-6f57580b46c3,Youth,Producers,Kano,Rural,Yes,Production,Yes,Yes,WOFAN,Kano-WOFAN,Gar2AUQ41,Female,2024-02-12,12/02/2024 08:20,11/02/2024 18:45,bun05,12/02/2024 08:20
94c02c13-e3c1-44e5-b612-9f808b0b10c9,Youth,Producers,Kano,Rural,Yes,Production,Yes,Yes,WOFAN,Kano-WOFAN,Gar3WQ719,Female,2024-02-12,12/02/2024 08:20,11/02/2024 18:31,bun05,12/02/2024 08:20
49ee1527-1cd9-4b4b-86a7-359e8e0cc42b,Youth,Producers,Kano,Rural,Yes,Production,Yes,Yes,WOFAN,Kano-WOFAN,GarITR853,Female,2024-02-12,12/02/2024 08:21,11/02/2024 18:12,bun05,12/02/2024 08:21
e463d458-6f2c-431f-9438-a9fd48a08d9e,Youth,Producers,Kano,Rural,Yes,Production,Yes,Yes,WOFAN,Kano-WOFAN,GarASQQ28,Female,2024-02-12,12/02/2024 08:21,11/02/2024 17:54,bun05,12/02/2024 08:21
2a937227-afee-4292-adc1-80ede7a6069a,Youth,Producers,Jigawa,Rural,Yes,Agro-Input_Dealer,No,Yes,WOFAN,Jigawa-WOFAN,Jah1UEC33,Male,2024-02-12,12/02/2024 08:12,12/02/2024 08:08,jah41,12/02/2024 08:24
07343d60-31e2-41a2-8078-eb969fb24a64,Youth,Producers/Processors,Kano,Rural,Yes,Production,Yes,Yes,WOFAN,Kano-WOFAN,KirAQLE01,Male,2024-02-12,12/02/2024 08:11,12/02/2024 07:47,kir11,12/02/2024 08:35
2fdc099f-bb1b-4410-a25f-d2e58ec7a255,Youth,Producer,Kano,Urban,Yes,Production,Yes,No,WOFAN,Kano-WOFAN,KurNWVF29,Male,2024-02-12,12/02/2024 08:22,12/02/2024 07:49,kur14,12/02/2024 08:40
aec073c4-62f7-40f9-81fc-f2c159e81597,Youth,Processors,Gombe,Urban,Yes,Mechanization_service_provider,Yes,No,WOFAN,Gombe-WOFAN,AkkEX6U29,Male,2024-02-12,12/02/2024 08:07,12/02/2024 07:54,akk04,12/02/2024 08:40
04b6a934-7008-4128-adf1-a2fc30e3d00d,Youth,Marketers,Gombe,Peri_urban,Yes,Agro-Trader,Yes,No,WOFAN,Gombe-WOFAN,AkkOWAQ06,Male,2024-02-12,12/02/2024 08:40,12/02/2024 08:25,akk04,12/02/2024 08:40
1886ceb8-76f1-4f44-b532-16ee19e7de3b,Youth,Producers,Bauchi,Rural,No,---,Yes,No,WOFAN,Bauchi-WOFAN,WarLAJC09,Male,2024-02-12,12/02/2024 08:48,12/02/2024 08:37,war05,12/02/2024 08:48
8540a72f-db45-477e-8261-bd23a9f87175,Youth,Producers,Bauchi,Rural,No,---,Yes,No,WOFAN,Bauchi-WOFAN,War7JR231,Male,2024-02-12,12/02/2024 08:50,12/02/2024 08:36,war05,12/02/2024 08:50
803388bb-8d13-46f5-8439-6c50e4783c52,Youth,Marketer,Kano,Peri_urban,Yes,Processing,Yes,Yes,WOFAN,Kano-WOFAN,KirH6LA21,Male,2024-02-12,12/02/2024 08:16,12/02/2024 07:51,kir18,12/02/2024 08:53
6aa2df88-cdbb-479c-be19-2734b2afa112,Youth,Producer,Kano,Peri_urban,Yes,Production,Yes,Yes,WOFAN,Kano-WOFAN,Kir2YC816,Male,2024-02-12,12/02/2024 08:52,12/02/2024 08:35,kir18,12/02/2024 08:53
69102529-20c8-4eb0-820c-9e58eab8c5aa,Youth,Producers,Kano,Rural,Yes,Production,Yes,Yes,WOFAN,Kano-WOFAN,Gar0LCB38,Female,2024-02-12,12/02/2024 08:37,12/02/2024 08:20,bun02,12/02/2024 08:56
5b5dedd5-3a55-4e30-93d3-4e0d6fadeec7,Youth,Producers/Processors,Jigawa,Rural,No,---,Yes,No,WOFAN,Jigawa-WOFAN,JahF8D604,Female,2024-02-12,12/02/2024 09:01,12/02/2024 08:48,jah59,12/02/2024 09:01
48443c1a-dac7-4f35-8fc4-b6dfa2fb9338,Youth,Producers,Jigawa,Rural,No,---,No,No,WOFAN,Jigawa-WOFAN,Jah90K805,Female,2024-02-12,12/02/2024 09:07,12/02/2024 09:03,jah84,12/02/2024 09:07
df3280b7-da44-4b1e-b023-c175d605bf9c,Youth,Producers/Processors,Kano,Rural,Yes,Production,Yes,Yes,WOFAN,Kano-WOFAN,Kir14H452,Male,2024-02-12,12/02/2024 09:08,12/02/2024 08:59,kir15,12/02/2024 09:08
6dde1704-a2a0-45da-923d-667052620211,Youth,Producers/Processors,Kano,Rural,No,---,No,No,WOFAN,Kano-WOFAN,BebUC2933,Female,2024-02-12,12/02/2024 09:09,12/02/2024 09:00,tun31,12/02/2024 09:18
92c7a442-968f-41c2-8207-a85ed2fe4095,Youth,Producers,Kano,Rural,Yes,Production,Yes,Yes,WOFAN,Kano-WOFAN,KirRAPW59,Female,2024-02-12,12/02/2024 09:20,12/02/2024 09:06,kir12,12/02/2024 09:20
0794bfa1-3787-4a83-a3f2-a65bd6c7a5b1,Youth,Producers,Bauchi,Rural,No,---,Yes,No,WOFAN,Bauchi-WOFAN,WarHBUP47,Female,2024-02-12,12/02/2024 09:32,12/02/2024 09:23,war05,12/02/2024 09:33
d8cc6d65-4256-4875-b9c9-21f4da773114,Youth,Producers,Kano,Rural,Yes,Production,Yes,Yes,WOFAN,Kano-WOFAN,KirNYBQ46,Male,2024-02-12,12/02/2024 09:51,12/02/2024 09:38,kir02,12/02/2024 09:51
00109f4b-227c-4723-a3f8-5f39bab571c0,Youth,Producers/Processors,Kano,Rural,Yes,Production,Yes,No,WOFAN,Kano-WOFAN,KirBD5200,Male,2024-02-12,12/02/2024 09:56,12/02/2024 09:41,kir20,12/02/2024 09:56
e027a583-6f5b-4baa-a4d6-c4b3082bc794,Youth,Producers,Jigawa,Rural,Yes,Agro-Input_Dealer,Yes,Yes,WOFAN,Jigawa-WOFAN,Jah76Z801,Female,2024-02-12,12/02/2024 10:00,12/02/2024 09:46,jah56,12/02/2024 10:00
bfb4915c-b88f-4bda-b382-2025ef1ae07b,Youth,Producers,Jigawa,Rural,Yes,Production,Yes,Yes,WOFAN,Jigawa-WOFAN,JahIP1Y39,Male,2024-02-12,12/02/2024 10:01,12/02/2024 09:28,jah83,12/02/2024 10:01
bc997ded-4775-4c80-8b60-b0c57d9e354e,Youth,Producers/Processors,Kano,Rural,Yes,Production,Yes,Yes,WOFAN,Kano-WOFAN,Kir8CX114,Female,2024-02-12,12/02/2024 09:51,12/02/2024 09:21,kir15,12/02/2024 10:03
d38ac480-feb7-4c27-bbe3-3fc058227cf6,Youth,Producers,Kano,Rural,No,---,Yes,No,WOFAN,Kano-WOFAN,KirLTME39,Female,2024-02-12,12/02/2024 10:04,12/02/2024 09:58,kir04,12/02/2024 10:04
8ccc4f92-b462-4f6f-af1c-7d971d4916f0,Youth,Producers,Jigawa,Peri_urban,Yes,Production,Yes,Yes,WOFAN,Jigawa-WOFAN,Jah0L3R09,Female,2024-02-12,12/02/2024 09:52,12/02/2024 09:42,jah56,12/02/2024 10:08
da298ada-101b-4058-b1a8-b6728f4ab866,Youth,Producers/Processors,Bauchi,Urban,Yes,Production,Yes,No,WOFAN,Bauchi-WOFAN,Nin10LM50,Female,2024-02-12,12/02/2024 10:13,12/02/2024 09:58,nin17,12/02/2024 10:23
8a9344a9-3baa-45ac-ace2-a08406a969e8,Youth,Producers/Processors,Kano,Peri_urban,Yes,Processing,Yes,Yes,WOFAN,Kano-WOFAN,KirVBNW38,Male,2024-02-12,12/02/2024 10:47,12/02/2024 10:18,kir18,12/02/2024 10:47
e956ba89-44d9-4992-8718-a28b574ea084,Youth,Producers,Kano,Rural,Yes,Production,Yes,No,WOFAN,Kano-WOFAN,KirCEG207,Male,2024-02-12,12/02/2024 10:48,12/02/2024 09:04,kir08,12/02/2024 10:48
b6bc53f6-918e-4b6a-9676-db9838f92311,Youth,Processors,Jigawa,Rural,Yes,Processing,Yes,Yes,WOFAN,Jigawa-WOFAN,JahJHVB49,Female,2024-02-12,12/02/2024 10:49,12/02/2024 10:39,jah51,12/02/2024 10:49
1547881e-a204-4d55-b2da-58ab9afe5266,Youth,Producers,Kano,Rural,Yes,Production,Yes,Yes,WOFAN,Kano-WOFAN,Beb5SDX11,Male,2024-02-12,12/02/2024 11:02,12/02/2024 10:00,kir14,12/02/2024 11:02
30f20974-c5d2-4c52-9a03-da6c17e370fe,Youth,Producers/Processors,Jigawa,Rural,Yes,Production,No,No,WOFAN,Jigawa-WOFAN,JahUCX553,Female,2024-02-12,12/02/2024 11:06,12/02/2024 10:57,jah73,12/02/2024 11:06
e5489d66-4fef-4be3-ab66-e354975c83d5,Youth,Producers,Jigawa,Rural,Yes,Production,Yes,No,WOFAN,Jigawa-WOFAN,Jah1DLE34,Female,2024-02-11,11/02/2024 20:23,11/02/2024 20:14,jah42,12/02/2024 11:09
0d5d8017-3da1-4b93-94cb-ba1455adcd12,Youth,Producers,Kano,Rural,Yes,Production,Yes,Yes,WOFAN,Kano-WOFAN,GarYJHT12,Female,2024-02-12,12/02/2024 10:18,12/02/2024 10:04,bun03,12/02/2024 11:18
259e11f2-2e65-4587-8700-4cfa9ad9dc31,Youth,Producers,Kano,Rural,Yes,Production,Yes,Yes,WOFAN,Kano-WOFAN,GarUXMU50,Female,2024-02-12,12/02/2024 10:27,12/02/2024 10:18,bun03,12/02/2024 11:19
b9a77bf2-f4f9-4909-9941-81135f36f249,Youth,Producers,Kano,Rural,Yes,Production,Yes,Yes,WOFAN,Kano-WOFAN,Gar2D2053,Female,2024-02-12,12/02/2024 10:36,12/02/2024 10:27,bun03,12/02/2024 11:19
4550414b-c7bb-4c22-bbbb-a490eaa7a6a7,Youth,Producers,Kano,Rural,Yes,Production,Yes,Yes,WOFAN,Kano-WOFAN,GarVM6H01,Female,2024-02-12,12/02/2024 10:43,12/02/2024 10:36,bun03,12/02/2024 11:21
f026ecec-a347-4be0-94b2-6fb3d937ea0b,Youth,Producers/Processors,Kano,Rural,Yes,Agro-Input_Dealer,Yes,Yes,WOFAN,Kano-WOFAN,KirJEPM47,Male,2024-02-12,12/02/2024 09:10,12/02/2024 08:55,kir03,12/02/2024 11:24
4078174a-f812-4701-b791-f5f4e205f3da,Youth,Producers/Processors,Bauchi,Rural,Yes,Production,Yes,Yes,WOFAN,Bauchi-WOFAN,WarUEHA40,Female,2024-02-12,12/02/2024 11:26,12/02/2024 11:11,war04,12/02/2024 11:34
6ead2214-3d7b-46e2-88be-303a80eade19,Youth,Producers,Jigawa,Rural,Yes,Production,Yes,Yes,WOFAN,Jigawa-WOFAN,JahP3ZY38,Female,2024-02-12,12/02/2024 05:54,12/02/2024 05:42,jah52,12/02/2024 11:38
3c23ad86-7c85-401a-b1d5-2a051981f84b,Youth,Producers,Kano,Rural,Yes,Production,Yes,No,WOFAN,Kano-WOFAN,Kur8QVU41,Male,2024-02-12,12/02/2024 09:16,12/02/2024 08:57,kur04,12/02/2024 11:45
ec950a21-57b0-4574-ad57-60761420f9b2,Youth,Producers/Processors,Kano,Rural,No,---,Yes,No,WOFAN,Kano-WOFAN,BebLPP507,Female,2024-02-12,12/02/2024 09:22,12/02/2024 09:14,tun22,12/02/2024 11:50
365d5700-b27e-4dfd-b632-70ac76a5b390,Youth,Producers,Kano,Rural,Yes,Production,Yes,No,WOFAN,Kano-WOFAN,BebM3AP34,Male,2024-02-12,12/02/2024 11:53,12/02/2024 09:04,kir10,12/02/2024 11:54
de173861-a957-4510-92f0-2b793f5d49d1,Youth,Producers,Kano,Rural,No,---,No,No,WOFAN,Kano-WOFAN,Kir2N5O54,Female,2024-02-12,12/02/2024 11:56,12/02/2024 11:48,kir02,12/02/2024 12:01
d844cd53-e53e-4b3b-b764-cf6a8e892f66,Youth,Producers,Kano,Urban,Yes,Production,Yes,No,WOFAN,Kano-WOFAN,KirT6CP38,Male,2024-02-12,12/02/2024 09:26,12/02/2024 09:16,kir16,12/02/2024 12:03
7b9aba97-d44f-4e8f-a435-4e04776d2751,Youth,Producers,Kano,Urban,Yes,Production,Yes,Yes,WOFAN,Kano-WOFAN,Kir8XJB47,Male,2024-02-12,12/02/2024 11:35,12/02/2024 11:28,kir04,12/02/2024 12:15
f71cf454-88ff-4b4f-b72b-29541347d292,Youth,Producers/Processors,Kano,Rural,Yes,Production,Yes,No,WOFAN,Kano-WOFAN,KirUJJO55,Female,2024-02-12,12/02/2024 12:20,12/02/2024 12:08,kir20,12/02/2024 12:20
52fc3721-ca65-4056-8ac8-8944740c8587,Youth,Producers,Jigawa,Rural,Yes,Production,Yes,Yes,WOFAN,Jigawa-WOFAN,JahTN5612,Female,2024-02-12,12/02/2024 12:04,12/02/2024 11:51,jah52,12/02/2024 12:29
79a9576d-a81c-4c62-b33d-b62d3ac2d20c,Youth,Marketers,Gombe,Urban,No,---,Yes,No,WOFAN,Gombe-WOFAN,GomST2D02,Female,2024-02-12,12/02/2024 12:19,12/02/2024 12:05,gom23,12/02/2024 12:49
45d3158d-aa73-4242-a8c5-f91d44364b30,Youth,Producers/Processors,Jigawa,Rural,Yes,Production,Yes,No,WOFAN,Jigawa-WOFAN,JahRBVE57,Female,2024-02-12,12/02/2024 08:01,12/02/2024 07:44,jah60,12/02/2024 12:49
4488d4b4-f018-4052-8419-bec6f1a528c3,Youth,Producers/Processors,Jigawa,Rural,Yes,Production,Yes,Yes,WOFAN,Jigawa-WOFAN,JahNT8A10,Female,2024-02-12,12/02/2024 09:42,12/02/2024 09:33,jah60,12/02/2024 12:52
e6021fac-d29e-482c-832b-f4a0ab51447a,Youth,Producers/Processors,Jigawa,Rural,Yes,Production,Yes,No,WOFAN,Jigawa-WOFAN,JahM0JS28,Female,2024-02-12,12/02/2024 11:10,12/02/2024 11:02,jah60,12/02/2024 12:54
9e12069a-d341-4f20-8953-94b1b9676861,Youth,Marketers,Gombe,Urban,No,---,Yes,No,WOFAN,Gombe-WOFAN,GomP0NB01,Female,2024-02-12,12/02/2024 12:49,12/02/2024 12:24,gom23,12/02/2024 13:00
cc2a65de-93e4-4427-947a-88844b0cc6e4,Youth,Producers/Processors,Kano,Rural,Yes,Production,Yes,No,WOFAN,Kano-WOFAN,KurKG4148,Male,2024-02-12,12/02/2024 08:26,12/02/2024 08:04,gmm55,12/02/2024 13:01
4e8a0f91-81f4-4e35-b115-3b262dc542f5,Youth,Processors,Kano,Rural,Yes,Processing,Yes,No,WOFAN,Kano-WOFAN,Kur4SMV07,Female,2024-02-12,12/02/2024 08:57,12/02/2024 08:04,gmm49,12/02/2024 13:03
96ba4013-c6a4-4f6f-9e47-369574a12a69,Youth,Producers/Processors,Kano,Rural,Yes,Production,Yes,No,WOFAN,Kano-WOFAN,KurIYR608,Female,2024-02-12,12/02/2024 10:27,12/02/2024 10:12,gmm55,12/02/2024 13:06
c9d5a666-8f3b-41da-8893-65734409ffd7,Youth,Producers/Processors,Jigawa,Rural,Yes,Production,No,Yes,WOFAN,Jigawa-WOFAN,JahCYSC04,Female,2024-02-12,12/02/2024 13:17,12/02/2024 13:06,jah49,12/02/2024 13:17
edbcd308-f96b-4bd3-bdc6-1540a07bbec6,Youth,Producers/Processors,Kano,Rural,Yes,Production,No,No,WOFAN,Kano-WOFAN,BebOMSF57,Female,2024-02-12,12/02/2024 13:13,12/02/2024 13:05,tun17,12/02/2024 13:22
56dd42f3-735b-47fc-b2ea-2e086868c4ce,Youth,Producers/Processors,Bauchi,Urban,Yes,Production,Yes,No,WOFAN,Bauchi-WOFAN,BauZ15101,Female,2024-02-12,12/02/2024 13:30,12/02/2024 12:53,bau15,12/02/2024 13:30
9a88661f-93c9-4503-be78-3222eadb89d5,Youth,Producers/Processors,Bauchi,Urban,Yes,Production,Yes,No,WOFAN,Bauchi-WOFAN,NinQPW346,Female,2024-02-12,12/02/2024 09:55,12/02/2024 09:45,nin15,12/02/2024 13:30
070db4d9-f317-43ca-9081-e69bdce604f7,Youth,Producers/Processors,Kano,Urban,Yes,Production,Yes,No,WOFAN,Kano-WOFAN,KurDT3139,Male,2024-02-12,12/02/2024 09:50,12/02/2024 09:40,kur14,12/02/2024 13:38
8a4ba372-94fc-4877-a6f0-4ca24e8f8df9,Youth,Producers,Kano,Rural,Yes,Production,Yes,No,WOFAN,Kano-WOFAN,KurPPP233,Female,2024-02-12,12/02/2024 12:22,12/02/2024 12:13,kur04,12/02/2024 13:39
d2953c16-85c0-4a7e-b9b6-1598b7ddca3d,Youth,Producers,Bauchi,Rural,Yes,Production,Yes,No,WOFAN,Bauchi-WOFAN,NinNOSV15,Female,2024-02-12,12/02/2024 10:28,12/02/2024 10:00,nin14,12/02/2024 13:40
ede481b7-e751-45de-b5f7-2edd2b29bc0d,Youth,Masu_loda_taki_da_iri_da_magungunan_feshi(Loaders),Kano,Rural,Yes,Mechanization_service_provider,Yes,Yes,WOFAN,Kano-WOFAN,KirRUYP53,Female,2024-02-12,12/02/2024 13:42,12/02/2024 13:13,kir02,12/02/2024 13:42
a6a80d3c-8e4e-4a38-8ee3-e2f908feaf32,Youth,Processors,Jigawa,Rural,No,---,No,No,WOFAN,Jigawa-WOFAN,Jah62EI15,Female,2024-02-12,12/02/2024 12:57,12/02/2024 12:45,jah71,12/02/2024 13:44
92f3261c-77ff-4170-a6cf-82cd6bbfe28b,Youth,Producers,Kano,Rural,Yes,Production,Yes,No,WOFAN,Kano-WOFAN,KurOKV051,Male,2024-02-12,12/02/2024 10:10,12/02/2024 09:07,gmm70,12/02/2024 13:48
ada1afbc-d8ef-4248-8e9e-9121f03469c4,Youth,Processors,Gombe,Urban,Yes,Production,Yes,No,WOFAN,Gombe-WOFAN,GomAVSH11,Female,2024-02-12,12/02/2024 13:57,12/02/2024 07:03,gom25,12/02/2024 13:57
710427d8-77ca-4520-8179-6344d9457684,Youth,Producers,Bauchi,Rural,Yes,Other,Yes,Yes,WOFAN,Bauchi-WOFAN,TafXADA20,Male,2024-02-12,12/02/2024 14:06,12/02/2024 13:49,taf05,12/02/2024 14:10
eb7ca061-ff38-4a0f-997a-4e60f37eec3a,Youth,Producers,Bauchi,Rural,No,---,Yes,No,WOFAN,Bauchi-WOFAN,War1Y3O40,Male,2024-02-12,12/02/2024 09:01,12/02/2024 08:44,war03,12/02/2024 14:12
7ce02901-5777-430e-8ece-9964938c7865,Youth,Producers,Bauchi,Rural,No,---,Yes,No,WOFAN,Bauchi-WOFAN,WarLAU848,Female,2024-02-12,12/02/2024 11:11,12/02/2024 10:51,war03,12/02/2024 14:13
3dc3ea52-95a7-438b-9050-b892c2ee46d9,Youth,Producers,Bauchi,Rural,Yes,Production,Yes,No,WOFAN,Bauchi-WOFAN,WarYZYN42,Male,2024-02-12,12/02/2024 12:31,12/02/2024 12:14,war03,12/02/2024 14:13
e014b2e0-84d9-4ca2-9cce-16606812e58e,Youth,Producers/Processors,Jigawa,Rural,Yes,Agro-Input_Dealer,Yes,Yes,WOFAN,Jigawa-WOFAN,JahEDP011,Female,2024-02-12,12/02/2024 12:13,12/02/2024 12:04,jah49,12/02/2024 14:26
a9ee1c34-ecdb-45e6-ab13-5168eb66415a,Youth,Producers,Kano,Rural,No,---,Yes,No,WOFAN,Kano-WOFAN,BebXHBP03,Female,2024-02-12,12/02/2024 09:21,12/02/2024 09:05,tun08,12/02/2024 14:32
e310b797-e248-4f00-91ae-35b4a80aa78a,Youth,Marketers,Gombe,Urban,No,---,Yes,No,WOFAN,Gombe-WOFAN,GomB74Q17,Male,2024-02-12,12/02/2024 14:33,12/02/2024 14:13,gom25,12/02/2024 14:34
43ed48d3-e087-4f1c-b8fd-7abd62726b75,Youth,Producers/Processors,Jigawa,Rural,Yes,Production,Yes,Yes,WOFAN,Jigawa-WOFAN,Jah20C245,Female,2024-02-12,12/02/2024 14:34,12/02/2024 14:28,jah49,12/02/2024 14:35
b3f8475a-9cd9-49e7-b689-8c8ca439f599,Youth,Producers,Kano,Urban,Yes,Production,Yes,Yes,WOFAN,Kano-WOFAN,BebEEHY37,Female,2024-02-12,12/02/2024 14:32,12/02/2024 14:12,tun08,12/02/2024 14:37
f2971aea-031c-4cad-904d-828a9bc33cfd,Youth,Producers/Processors,Jigawa,Rural,Yes,Processing,Yes,Yes,WOFAN,Jigawa-WOFAN,JahTHQH54,Female,2024-02-12,12/02/2024 11:35,12/02/2024 11:28,jah72,12/02/2024 14:40
fed0fd1e-505f-4802-a77b-6d05d136aca4,Youth,Producers,Kano,Rural,Yes,Production,Yes,Yes,WOFAN,Kano-WOFAN,Beb478H54,Female,2024-02-12,12/02/2024 15:01,12/02/2024 14:36,kir11,12/02/2024 15:01
30ebbd27-6b2b-4538-9672-9ccf4acd89ea,Youth,Producers/Processors,Kano,Rural,Yes,Production,Yes,Yes,WOFAN,Kano-WOFAN,BebSHDU24,Female,2024-02-12,12/02/2024 15:15,12/02/2024 14:55,kir15,12/02/2024 15:15
0af0b1fc-5c3f-4516-a0a4-891e46d23db5,Youth,Producers,Kano,Rural,Yes,Production,Yes,Yes,WOFAN,Kano-WOFAN,KurCHOL57,Male,2024-02-12,12/02/2024 12:29,12/02/2024 12:18,gmm52,12/02/2024 15:22
534f19e2-2674-4769-929d-174eb25fc37f,Youth,Producers/Processors,Kano,Rural,No,---,No,No,WOFAN,Kano-WOFAN,BebPHPB58,Male,2024-02-12,12/02/2024 12:41,12/02/2024 12:32,tun13,12/02/2024 15:27
fbed6f9a-07a5-4b42-b2ff-80f99e260091,Youth,Producers,Jigawa,Rural,Yes,Production,Yes,No,WOFAN,Jigawa-WOFAN,JahHXM305,Male,2024-02-12,12/02/2024 15:29,12/02/2024 15:22,jah39,12/02/2024 15:29
72e5f802-b061-4a52-9fca-9c713bf43eef,Youth,Producers,Jigawa,Rural,Yes,Production,Yes,No,WOFAN,Jigawa-WOFAN,JahXFJ834,Male,2024-02-12,12/02/2024 15:43,12/02/2024 15:37,jah73,12/02/2024 15:47
b848a4b6-f177-4c29-b83f-e9be7d82acfb,Youth,Processors,Jigawa,Rural,No,---,No,No,WOFAN,Jigawa-WOFAN,JahJODX18,Female,2024-02-12,12/02/2024 15:58,12/02/2024 15:55,jah71,12/02/2024 15:58
bfef78fa-f011-4a31-94c5-17f289c03f5a,Youth,Producers,Jigawa,Rural,Yes,Production,Yes,No,WOFAN,Jigawa-WOFAN,JahWO2H28,Female,2024-02-12,12/02/2024 15:37,12/02/2024 15:29,jah39,12/02/2024 15:59
b709e295-28c5-415f-8868-7f54b1d0ae1b,Youth,Producers,Kano,Rural,Yes,Production,Yes,Yes,WOFAN,Kano-WOFAN,KirCBUZ31,Female,2024-02-12,12/02/2024 16:05,12/02/2024 11:50,kir21,12/02/2024 16:10
55140539-a0dd-4561-aed4-26956bd0441d,Youth,Producers,Kano,Rural,Yes,Production,Yes,Yes,WOFAN,Kano-WOFAN,BebTB2F22,Male,2024-02-12,12/02/2024 08:55,12/02/2024 08:45,kir07,12/02/2024 16:10
72e581a6-5fc9-4c25-afa3-744d1c0a9f04,Youth,Producers,Kano,Rural,Yes,Production,Yes,Yes,WOFAN,Kano-WOFAN,Beb9C0034,Female,2024-02-12,12/02/2024 10:00,12/02/2024 09:47,kir07,12/02/2024 16:11
b7a5bb0d-3710-4a23-9bce-0a9dcb301adf,Youth,Producers/Processors,Bauchi,Rural,Yes,Agro-Trader,Yes,No,WOFAN,Bauchi-WOFAN,NinS4KX57,Male,2024-02-12,12/02/2024 16:18,12/02/2024 15:22,nin16,12/02/2024 16:18
2d73582e-9906-4899-9a3a-e71ac014d0b5,Youth,Processor,Jigawa,Rural,No,---,Yes,No,WOFAN,Jigawa-WOFAN,JahN3ZZ14,Female,2024-02-12,12/02/2024 14:37,12/02/2024 14:30,jah61,12/02/2024 16:33
6e4d49be-2a66-4be7-b4f0-fd1f7c0a562b,Youth,Producers/Processors,Kano,Rural,Yes,Off-taker,No,No,WOFAN,Kano-WOFAN,BebGDCB39,Female,2024-02-12,12/02/2024 16:37,12/02/2024 16:28,tun17,12/02/2024 16:38
adf50544-1333-4d31-9ad2-a9a99de34a45,Youth,Producers,Kano,Rural,Yes,Production,Yes,Yes,WOFAN,Kano-WOFAN,BebOAED38,Male,2024-02-12,12/02/2024 11:15,12/02/2024 11:03,kir01,12/02/2024 16:44
7ba12436-991b-48c5-ade9-da4884d818b0,Youth,Processors,Jigawa,Rural,Yes,Mechanization_service_provider,Yes,No,WOFAN,Jigawa-WOFAN,JahQNJM31,Male,2024-02-12,12/02/2024 12:03,12/02/2024 11:26,jah51,12/02/2024 17:00
78eadce0-b403-4bc4-94ca-7e99fead698e,Youth,Processors,Jigawa,Rural,Yes,Mechanization_service_provider,Yes,Yes,WOFAN,Jigawa-WOFAN,JahFI3Z37,Female,2024-02-12,12/02/2024 16:55,12/02/2024 16:49,jah51,12/02/2024 17:01
0ab29044-ac4c-4cb3-96f9-905a78d0f335,Youth,Producers,Bauchi,Peri_urban,Yes,Production,Yes,Yes,WOFAN,Bauchi-WOFAN,Das432856,Male,2024-02-12,12/02/2024 05:49,12/02/2024 05:34,das10,12/02/2024 17:13
6041dca5-4565-484d-8f7e-b7a8a75633bc,Youth,Producers/Processors,Bauchi,Peri_urban,Yes,Production,Yes,Yes,WOFAN,Bauchi-WOFAN,DasTLPI21,Female,2024-02-12,12/02/2024 09:00,12/02/2024 08:42,das10,12/02/2024 17:14
44044a8c-d6c0-472b-9b7a-8cf7675fb1b9,Youth,Producers/Processors,Jigawa,Rural,Yes,Production,Yes,Yes,WOFAN,Jigawa-WOFAN,JahIHVX19,Female,2024-02-12,12/02/2024 12:59,12/02/2024 12:54,jah48,12/02/2024 17:34
075532ef-3a7c-4bf0-afb7-be638ccc905d,Youth,Producers/Processors,Jigawa,Rural,Yes,Production,Yes,Yes,WOFAN,Jigawa-WOFAN,Jah8JL820,Male,2024-02-12,12/02/2024 15:04,12/02/2024 14:58,jah48,12/02/2024 17:36
17eb1a89-4a5a-461d-8a42-2537624824ea,Youth,Producers/Processors,Kano,Rural,Yes,Processing,Yes,Yes,WOFAN,Kano-WOFAN,Beb3CAR13,Male,2024-02-12,12/02/2024 13:41,12/02/2024 13:25,tun30,12/02/2024 17:37
5c8e0651-56c2-49bc-b014-9437430a8d56,Youth,Processors,Kano,Rural,Yes,Processing,Yes,Yes,WOFAN,Kano-WOFAN,GarBSMJ18,Female,2024-02-12,12/02/2024 17:36,12/02/2024 17:30,gmm66,12/02/2024 17:47
f9cbbc20-105c-4253-8e1b-78b6c212d93c,Youth,Producers,Kano,Rural,Yes,Production,Yes,No,WOFAN,Kano-WOFAN,KurNIKU19,Male,2024-02-12,12/02/2024 11:40,12/02/2024 11:00,gmm53,12/02/2024 18:06
783dc099-024d-4da6-a5ea-8d5a2d97ae53,Youth,Producers,Kano,Rural,Yes,Production,No,No,WOFAN,Kano-WOFAN,KurSY5M05,Female,2024-02-12,12/02/2024 13:16,12/02/2024 13:08,gmm53,12/02/2024 18:07
86669b40-a191-4438-8fe9-158a73527871,Youth,Producers,Jigawa,Rural,Yes,Mechanization_service_provider,Yes,Yes,WOFAN,Jigawa-WOFAN,JahGZZW37,Female,2024-02-12,12/02/2024 10:02,12/02/2024 08:27,jah69,12/02/2024 18:12
25d747d0-d2ef-4e0b-9057-e583dc855732,Youth,Producers,Jigawa,Rural,Yes,Production,Yes,Yes,WOFAN,Jigawa-WOFAN,JahYWTS09,Female,2024-02-12,12/02/2024 11:34,12/02/2024 11:27,jah69,12/02/2024 18:14
e70d120e-0c6b-4a1f-b03a-3648acec0c84,Youth,Producers,Jigawa,Rural,Yes,Agro-Input_Dealer,Yes,Yes,WOFAN,Jigawa-WOFAN,Jah4U9Y18,Female,2024-02-12,12/02/2024 11:42,12/02/2024 11:34,jah69,12/02/2024 18:14
4ae9a9fa-c927-40a2-ae87-5f9d2543b69d,Youth,Producers,Jigawa,Rural,Yes,Production,Yes,Yes,WOFAN,Jigawa-WOFAN,JahJUBI10,Female,2024-02-12,12/02/2024 11:47,12/02/2024 11:42,jah69,12/02/2024 18:14
80fb0ced-5646-4458-8a12-ed530729a5ae,Youth,Producers,Jigawa,Rural,Yes,Production,Yes,Yes,WOFAN,Jigawa-WOFAN,JahLF3752,Male,2024-02-12,12/02/2024 16:59,12/02/2024 16:50,jah69,12/02/2024 18:18
61f81059-4198-42b0-9ff9-7e06958d8d40,Youth,Producers/Processors,Kano,Rural,Yes,Production,Yes,Yes,WOFAN,Kano-WOFAN,Gar4W6700,Male,2024-02-12,12/02/2024 18:11,12/02/2024 17:51,gmm68,12/02/2024 18:30
4375dcf4-47d3-4f26-bbf0-53e947c47d3f,Youth,Producers,Kano,Rural,Yes,Production,Yes,Yes,WOFAN,Kano-WOFAN,GarEMRM11,Female,2024-02-12,12/02/2024 18:30,12/02/2024 18:12,gmm68,12/02/2024 18:31
96198a71-772a-4d2d-8b27-81e5ea3a4084,Youth,Producers/Processors,Jigawa,Rural,Yes,Processing,Yes,Yes,WOFAN,Jigawa-WOFAN,JahF1EA43,Female,2024-02-12,12/02/2024 15:56,12/02/2024 15:49,jah72,12/02/2024 18:31
e0768e74-8110-41d2-903c-091932da0b91,Youth,Producers/Processors,Kano,Rural,Yes,Production,Yes,Yes,WOFAN,Kano-WOFAN,Kur5KH125,Female,2024-02-12,12/02/2024 08:31,12/02/2024 07:58,kur05,12/02/2024 18:40
a6981fc8-205b-49ea-a0b8-0413eb25b3f2,Youth,Producers/Processors,Jigawa,Rural,Yes,Production,Yes,Yes,WOFAN,Jigawa-WOFAN,JahU4KA07,Female,2024-02-12,12/02/2024 08:00,12/02/2024 06:35,jah66,12/02/2024 18:47
fa17a35f-f3f3-4fb5-bb57-d61cf0f74f2e,Youth,Producers/Processors,Jigawa,Rural,Yes,Production,Yes,Yes,WOFAN,Jigawa-WOFAN,JahW6NW11,Female,2024-02-12,12/02/2024 08:00,12/02/2024 06:26,jah66,12/02/2024 18:47
086cbf17-4281-4810-81c9-4f8c9d4da5a6,Youth,Producers/Processors,Jigawa,Rural,Yes,Production,Yes,Yes,WOFAN,Jigawa-WOFAN,Jah829S27,Female,2024-02-12,12/02/2024 08:00,12/02/2024 06:14,jah66,12/02/2024 18:47
a8c645cd-195e-4b06-8fc7-ff3c69def6c5,Youth,Producers/Processors,Jigawa,Rural,Yes,Production,Yes,Yes,WOFAN,Jigawa-WOFAN,JahVX1O16,Female,2024-02-12,12/02/2024 13:55,12/02/2024 13:42,jah66,12/02/2024 18:50
9095b0f5-9f87-4e9a-acd7-a9f9d17d4b54,Youth,Marketers,Jigawa,Rural,No,---,No,No,WOFAN,Jigawa-WOFAN,MigG8GD08,Male,2024-02-12,12/02/2024 16:01,12/02/2024 15:54,jah70,12/02/2024 18:51
5b954278-b233-4251-ad8d-521653f55248,Youth,Producers,Kano,Rural,Yes,Production,Yes,Yes,WOFAN,Kano-WOFAN,BebB99B04,Male,2024-02-12,12/02/2024 09:01,12/02/2024 08:43,kir19,12/02/2024 18:55
25077c57-359d-42be-8654-932811dcb8b3,Youth,Producers,Kano,Rural,Yes,Production,Yes,Yes,WOFAN,Kano-WOFAN,BebT49K36,Female,2024-02-12,12/02/2024 11:32,12/02/2024 11:17,kir19,12/02/2024 18:57
4baba0a1-c7ad-4857-9e93-a839f5528497,Youth,Producers,Jigawa,Rural,No,---,No,No,WOFAN,Jigawa-WOFAN,JahUM7D25,Female,2024-02-12,12/02/2024 06:43,12/02/2024 06:34,jah45,12/02/2024 18:59
5163e63c-61d2-4831-9216-df6cd33e432d,Youth,Producers,Jigawa,Rural,Yes,Production,No,No,WOFAN,Jigawa-WOFAN,JahBUZ925,Female,2024-02-12,12/02/2024 08:24,12/02/2024 08:18,jah45,12/02/2024 19:01
531cc89c-e4be-4d9f-a65c-e8fd99d6f9f9,Youth,Producers,Jigawa,Rural,No,---,No,No,WOFAN,Jigawa-WOFAN,Jah5O7G33,Female,2024-02-12,12/02/2024 10:26,12/02/2024 10:20,jah45,12/02/2024 19:02
c48e5bbe-957a-4359-9832-22eca959c40c,Youth,Producers,Jigawa,Rural,No,---,No,No,WOFAN,Jigawa-WOFAN,JahF16D41,Male,2024-02-12,12/02/2024 13:55,12/02/2024 13:50,jah45,12/02/2024 19:04
0cec1a85-2e0f-45f8-8253-fdd40cebc112,Youth,Producers,Kano,Rural,Yes,Production,Yes,No,WOFAN,Kano-WOFAN,KurRD6735,Female,2024-02-12,12/02/2024 17:34,12/02/2024 17:20,gmm70,12/02/2024 19:05
61f8807b-b1e6-4d68-afba-e52e0d336566,Youth,Processors,Kano,Rural,No,---,Yes,No,WOFAN,Kano-WOFAN,Beb84E013,Female,2024-02-12,12/02/2024 11:16,12/02/2024 10:47,tun15,12/02/2024 19:06
bff3d246-3972-4edf-b37a-3abc47e969d1,Youth,Producers/Processors,Jigawa,Rural,Yes,Production,Yes,Yes,WOFAN,Jigawa-WOFAN,JahVM4O34,Female,2024-02-12,12/02/2024 13:35,12/02/2024 13:23,jah48,12/02/2024 19:15
5a974ac4-aee4-41a5-aad5-b522437e839d,Youth,Producers/Processors,Jigawa,Rural,Yes,Production,Yes,Yes,WOFAN,Jigawa-WOFAN,JahVXME52,Female,2024-02-12,12/02/2024 13:54,12/02/2024 13:46,jah48,12/02/2024 19:15
5fbce3d2-bfbe-4eee-bb0f-ed203cc14a9d,Youth,Processors,Jigawa,Rural,Yes,Production,Yes,Yes,WOFAN,Jigawa-WOFAN,Jah1MAI14,Female,2024-02-12,12/02/2024 15:42,12/02/2024 15:37,jah48,12/02/2024 19:16
5e62abf1-8989-426b-9dc0-3d4772776dee,Youth,Processors,Jigawa,Rural,Yes,Production,Yes,Yes,WOFAN,Jigawa-WOFAN,JahEQAT56,Female,2024-02-12,12/02/2024 17:15,12/02/2024 17:10,jah48,12/02/2024 19:18
0baffe1e-e410-4e48-a7b4-16e5b0c8e6b7,Youth,Producers/Processors,Kano,Rural,No,---,Yes,No,WOFAN,Kano-WOFAN,Beb9XZU37,Female,2024-02-12,12/02/2024 16:15,12/02/2024 16:06,tun13,12/02/2024 19:32
17786b52-1f9a-406a-af79-16430b32d7f6,Youth,Producers/Processors,Bauchi,Urban,No,---,Yes,No,WOFAN,Bauchi-WOFAN,BauNIWY25,Male,2024-02-12,12/02/2024 19:36,12/02/2024 19:25,bau13,12/02/2024 19:36
e6279374-0e46-4eb8-b477-b8f0bd819e40,Youth,Producers,Kano,Rural,Yes,Production,Yes,Yes,WOFAN,Kano-WOFAN,Kir6JHZ56,Female,2024-02-12,12/02/2024 19:42,12/02/2024 19:29,kir02,12/02/2024 19:42
92f147fb-585f-4408-97fd-43e0a0ffbd4c,Youth,Producers,Gombe,Rural,Yes,Processing,Yes,No,WOFAN,Gombe-WOFAN,AkkY4QX51,Male,2024-02-12,12/02/2024 19:42,12/02/2024 19:33,akk01,12/02/2024 19:42
bbeb465b-1a16-4df4-b82a-0798dba2968f,Youth,Producers/Processors,Jigawa,Rural,Yes,Mechanization_service_provider,Yes,Yes,WOFAN,Jigawa-WOFAN,Jah3PGT10,Female,2024-02-12,12/02/2024 08:26,12/02/2024 08:14,jah44,12/02/2024 19:57
1eb9c9fc-e852-478e-a74c-e0e3c25bbd73,Youth,Producers/Processors,Jigawa,Rural,Yes,Agro-Input_Dealer,Yes,Yes,WOFAN,Jigawa-WOFAN,JahPV5X20,Female,2024-02-12,12/02/2024 11:52,12/02/2024 11:43,jah44,12/02/2024 19:59
a5657287-caa2-4ca6-9748-da19b5c906c6,Youth,Producers,Jigawa,Rural,Yes,Agro-Input_Dealer,Yes,Yes,WOFAN,Jigawa-WOFAN,JahN02H02,Female,2024-02-12,12/02/2024 17:08,12/02/2024 16:58,jah44,12/02/2024 20:01
3915952a-ea8b-4036-bf30-3a1de256273a,Youth,Producers/Processors,Jigawa,Rural,Yes,Production,Yes,No,WOFAN,Jigawa-WOFAN,JahDAOV06,Female,2024-02-12,12/02/2024 14:04,12/02/2024 13:55,jah47,12/02/2024 20:02
1cd4c1e2-f3aa-4f98-b339-5b5ccb1941c0,Youth,Producers/Processors,Jigawa,Rural,Yes,Production,Yes,Yes,WOFAN,Jigawa-WOFAN,JahQ4NG21,Female,2024-02-12,12/02/2024 15:57,12/02/2024 15:44,jah47,12/02/2024 20:04
15fc3c1b-1d8f-4744-9f14-d6c483415b46,Youth,Producers/Processors,Jigawa,Rural,No,---,Yes,No,WOFAN,Jigawa-WOFAN,JahK63D47,Female,2024-02-12,12/02/2024 17:31,12/02/2024 17:17,jah47,12/02/2024 20:05
cae53185-70dc-458f-bfab-a0a7406ee63e,Youth,Producers/Processors,Jigawa,Rural,Yes,Production,Yes,No,WOFAN,Jigawa-WOFAN,JahLIP555,Female,2024-02-12,12/02/2024 11:19,12/02/2024 11:05,jah78,12/02/2024 21:36
1e3d5bdc-1b9a-4277-a40a-d7ca20a4be29,Youth,Producers,Kano,Rural,Yes,Production,Yes,Yes,WOFAN,Kano-WOFAN,GarK47G38,Female,2024-02-12,12/02/2024 18:30,12/02/2024 18:18,bun07,12/02/2024 21:52
057daea1-4557-4134-b450-0ab6273b2eab,Youth,Producers,Kano,Rural,Yes,Production,Yes,Yes,WOFAN,Kano-WOFAN,GarXITE34,Female,2024-02-12,12/02/2024 18:42,12/02/2024 18:31,bun07,12/02/2024 21:52
038ac2f7-8d40-4cbb-83b9-25512d2dfaaf,Youth,Producers,Kano,Rural,Yes,Agro-Input_Dealer,Yes,Yes,WOFAN,Kano-WOFAN,BebTGHE57,Female,2024-02-12,12/02/2024 18:32,12/02/2024 18:11,kir13,12/02/2024 21:54
793027ab-c149-4e05-95c4-eb324865e25d,Youth,Producers/Processors,Jigawa,Rural,Yes,Production,Yes,Yes,WOFAN,Jigawa-WOFAN,JahR6V116,Female,2024-02-12,12/02/2024 19:36,12/02/2024 19:29,jah54,12/02/2024 22:02
77d5d6e5-658b-4c7b-aef4-7cd56fdd16bc,Youth,Producers/Processors,Jigawa,Rural,Yes,Production,Yes,Yes,WOFAN,Jigawa-WOFAN,JahDKHZ59,Female,2024-02-12,12/02/2024 19:46,12/02/2024 19:36,jah54,12/02/2024 22:02
87f2ce74-b052-4be7-ae50-130eb453036a,Youth,Producers/Processors,Jigawa,Rural,Yes,Production,Yes,Yes,WOFAN,Jigawa-WOFAN,Jah2Y6Q55,Female,2024-02-12,12/02/2024 19:53,12/02/2024 19:46,jah54,12/02/2024 22:02
6d41e657-fdcd-4c2f-9b22-4242e9bc2ab6,Youth,Processors,Jigawa,Rural,Yes,Off-taker,Yes,Yes,WOFAN,Jigawa-WOFAN,Jah2HF743,Female,2024-02-12,12/02/2024 17:09,12/02/2024 17:03,jah51,12/02/2024 22:05
1089986a-18b0-4fc0-8f6c-38906780456a,Youth,Marketers,Jigawa,Rural,No,---,Yes,No,WOFAN,Jigawa-WOFAN,JahT5FW18,Female,2024-02-12,12/02/2024 22:19,12/02/2024 22:10,jah59,12/02/2024 22:19
ac299f5d-eeca-4b52-9b6f-3bc7adaf4836,Youth,Marketers,Kaduna,Rural,No,---,Yes,No,WOFAN,Kaduna-WOFAN,IkaCXKK57,Female,2024-02-12,12/02/2024 11:31,12/02/2024 11:20,ika19,12/02/2024 22:27
e9a8b3ec-16a8-482b-86a6-417e05d1e021,Youth,Producers,Jigawa,Rural,Yes,Production,Yes,No,WOFAN,Jigawa-WOFAN,JahC3AW09,Female,2024-02-12,12/02/2024 10:43,12/02/2024 10:32,jah42,12/02/2024 22:35
32627826-5ed6-4126-ab33-1440d0ccdc60,Youth,Producers,Jigawa,Rural,Yes,Production,Yes,No,WOFAN,Jigawa-WOFAN,JahZP8223,Female,2024-02-12,12/02/2024 13:43,12/02/2024 13:35,jah42,12/02/2024 22:36
e4956764-9374-490c-87d6-5cd9856f185c,Youth,Producers,Jigawa,Rural,Yes,Production,No,No,WOFAN,Jigawa-WOFAN,JahTCYN19,Male,2024-02-12,12/02/2024 18:36,12/02/2024 18:29,jah42,12/02/2024 22:37
2a26c4cd-b118-4aec-adcb-c609c78f9b27,Youth,Processors,Kano,Rural,Yes,Agro-Input_Dealer,Yes,Yes,WOFAN,Kano-WOFAN,Gar2HEV50,Male,2024-02-12,12/02/2024 17:03,12/02/2024 16:51,bun02,12/02/2024 22:59
f69e8b0f-1996-4bf5-a2cd-4e73bb33161f,Youth,Producers/Processors,Kano,Rural,Yes,Production,Yes,No,WOFAN,Kano-WOFAN,BebBLP523,Female,2024-02-12,12/02/2024 13:42,12/02/2024 13:18,tun21,12/02/2024 23:00
0cd6778b-0700-43a3-911b-ebe3c8d088e1,Youth,Processors,Kano,Rural,Yes,Agro-Input_Dealer,Yes,Yes,WOFAN,Kano-WOFAN,GarRREB51,Female,2024-02-12,12/02/2024 22:30,12/02/2024 22:11,bun02,12/02/2024 23:10
16b5e073-2333-409e-8a68-ae62b0afcde8,Youth,Processors,Jigawa,Rural,No,---,No,No,WOFAN,Jigawa-WOFAN,JahXJ3W11,Female,2024-02-13,13/02/2024 04:35,13/02/2024 04:26,jah71,13/02/2024 04:35
5642400d-6254-4bcc-98d3-a017b7eaccff,Youth,Producers,Kano,Rural,Yes,Production,Yes,Yes,WOFAN,Kano-WOFAN,BebQYM407,Female,2024-02-12,12/02/2024 14:46,12/02/2024 14:20,kir14,13/02/2024 05:13
4abec384-4895-479c-9274-b558f085c98f,Youth,Producers,Kano,Rural,Yes,Production,Yes,Yes,WOFAN,Kano-WOFAN,Kir3WB826,Female,2024-02-13,13/02/2024 01:18,13/02/2024 01:03,kir11,13/02/2024 06:56
7eea828e-f36a-44d1-bf44-b040afe7b17b,Youth,Producers,Kano,Peri_urban,Yes,Processing,Yes,No,WOFAN,Kano-WOFAN,BebG7NV49,Female,2024-02-12,12/02/2024 10:41,12/02/2024 10:27,kir06,13/02/2024 07:42
49ce23d1-00cc-401a-b15c-a69fe8f6fea5,Youth,Producers,Kano,Rural,Yes,Production,Yes,Yes,WOFAN,Kano-WOFAN,GarLQOS59,Female,2024-02-12,12/02/2024 20:31,12/02/2024 20:18,gmm54,13/02/2024 07:47
e36eaf9d-0c75-4db0-830d-e8205160450c,Youth,Marketers,Jigawa,Rural,No,---,No,No,WOFAN,Jigawa-WOFAN,MigY91W17,Female,2024-02-13,13/02/2024 05:29,13/02/2024 05:20,jah70,13/02/2024 08:38
5a62f197-3411-4a45-8492-cf31cb77cc75,Youth,Producers/Processors,Kano,Rural,Yes,Production,Yes,Yes,WOFAN,Kano-WOFAN,KirGTB003,Female,2024-02-13,13/02/2024 08:43,13/02/2024 08:27,kir15,13/02/2024 08:44
539d22f5-b6ae-442b-b337-b88d0541de78,Youth,Producers,Jigawa,Rural,No,---,Yes,Yes,WOFAN,Jigawa-WOFAN,Jah08R210,Male,2024-02-13,13/02/2024 08:45,13/02/2024 08:33,jah80,13/02/2024 08:45
7a49bed2-cd3c-4fc6-85ed-af05ea8206a6,Youth,Producers/Processors,Kano,Rural,Yes,Agro-Input_Dealer,Yes,Yes,WOFAN,Kano-WOFAN,BebUMIK38,Female,2024-02-12,12/02/2024 09:33,12/02/2024 09:18,kir05,13/02/2024 08:46
d4393b9c-4148-4a45-add0-5179f3472e5d,Youth,Producers,Kano,Rural,No,---,Yes,No,WOFAN,Kano-WOFAN,BebNCGB17,Male,2024-02-12,12/02/2024 14:13,12/02/2024 13:53,kir05,13/02/2024 08:47
94c33b6a-f883-40d7-b214-c8b61aa4001f,Youth,Producers,Kano,Rural,Yes,Production,Yes,Yes,WOFAN,Kano-WOFAN,KirLBNE16,Female,2024-02-13,13/02/2024 08:39,13/02/2024 08:21,kir11,13/02/2024 08:51
bc3c1c6e-11d7-4277-bd67-42d8c413e669,Youth,Producers,Kano,Rural,Yes,Production,Yes,Yes,WOFAN,Kano-WOFAN,Kir1WMR09,Female,2024-02-13,13/02/2024 07:53,13/02/2024 07:47,kir16,13/02/2024 08:51
b1f79a75-3808-4710-9813-c883800e321e,Youth,Processors,Kano,Rural,No,---,No,No,WOFAN,Kano-WOFAN,BebSE0P28,Female,2024-02-13,13/02/2024 08:57,13/02/2024 08:45,tun31,13/02/2024 08:57
aca4b72f-b140-4efc-90dc-243cb8c8a246,Youth,Producers/Processors,Jigawa,Rural,Yes,Production,Yes,Yes,WOFAN,Jigawa-WOFAN,JahE0JB30,Male,2024-02-13,13/02/2024 08:57,13/02/2024 08:42,jah81,13/02/2024 08:57
422434b1-f80d-4d2e-9c86-5689cb563e1c,Youth,Producers/Processors,Jigawa,Rural,Yes,Production,Yes,Yes,WOFAN,Jigawa-WOFAN,JahMHJR31,Female,2024-02-13,13/02/2024 08:41,13/02/2024 08:34,jah72,13/02/2024 09:00
17d4d864-a7b8-4d07-8fa4-3765e3262ffb,Youth,Producers,Kano,Rural,Yes,Production,Yes,Yes,WOFAN,Kano-WOFAN,BebYYVA28,Female,2024-02-13,13/02/2024 09:09,13/02/2024 08:48,kir14,13/02/2024 09:09
dc8f0f2d-495e-4c19-8b75-c58d75acc433,Youth,Processors,Jigawa,Rural,No,---,No,No,WOFAN,Jigawa-WOFAN,JahXD7C37,Female,2024-02-13,13/02/2024 09:08,13/02/2024 08:58,jah71,13/02/2024 09:11
92ed69af-498c-44bc-9f9f-a089e5026bc2,Youth,Producers/Processors,Kano,Peri_urban,Yes,Production,Yes,No,WOFAN,Kano-WOFAN,KirOI3T10,Female,2024-02-13,13/02/2024 09:16,13/02/2024 08:42,kir18,13/02/2024 09:16
04358558-bbc7-4121-b2a5-29a6e445994b,Youth,Producers/Processors,Kano,Peri_urban,Yes,Production,Yes,Yes,WOFAN,Kano-WOFAN,KirM86O28,Female,2024-02-13,13/02/2024 09:16,13/02/2024 09:06,kir21,13/02/2024 09:17
7caddca0-a938-4606-a55d-f898c49517f9,Youth,Masu_gyaran_injinan_aiki_a_gona_dana_da_wurin_sarafe-_sarafe__(Mechanization_Service_providers),Jigawa,Rural,Yes,Production,No,Yes,WOFAN,Jigawa-WOFAN,JahTDQ537,Female,2024-02-11,11/02/2024 11:16,11/02/2024 10:55,jah55,13/02/2024 09:22
d144b529-bb60-4796-b761-91d6fda8639f,Youth,Producers/Processors,Jigawa,Rural,Yes,Production,Yes,No,WOFAN,Jigawa-WOFAN,Jah4A2728,Female,2024-02-13,13/02/2024 06:06,13/02/2024 05:52,jah47,13/02/2024 09:33
ebf313f0-aeaf-4e67-a7fd-ab2c8d1286da,Youth,Producers/Processors,Jigawa,Rural,Yes,Production,Yes,Yes,WOFAN,Jigawa-WOFAN,JahU8WE36,Male,2024-02-13,13/02/2024 07:52,13/02/2024 07:38,jah47,13/02/2024 09:35
af3dc972-a276-4b50-90c9-7d3f0c3aae6a,Youth,Producers,Kano,Rural,Yes,Production,Yes,No,WOFAN,Kano-WOFAN,BebSRIE01,Male,2024-02-13,13/02/2024 09:36,13/02/2024 09:15,kir22,13/02/2024 09:36
842f6565-7be5-4829-90dc-87582ad9e57c,Youth,Producers,Kano,Rural,No,---,Yes,No,WOFAN,Kano-WOFAN,Gar6XV503,Male,2024-02-12,12/02/2024 15:55,12/02/2024 15:42,gmm51,13/02/2024 09:41
c933dae0-fcbe-4938-9c27-056865647e9b,Youth,Producers,Bauchi,Urban,Yes,Production,Yes,Yes,WOFAN,Bauchi-WOFAN,BauD5EY26,Male,2024-02-13,13/02/2024 09:43,13/02/2024 09:24,bau10,13/02/2024 09:46
b7534b6f-7b93-4789-bb36-13103f74704c,Youth,Processors,Jigawa,Rural,Yes,Production,Yes,Yes,WOFAN,Jigawa-WOFAN,JahYVUX27,Female,2024-02-13,13/02/2024 09:35,13/02/2024 09:24,jah83,13/02/2024 09:52
2cfd3f80-ac90-4115-b583-6de6f195c02b,Youth,Processors,Jigawa,Rural,No,---,No,No,WOFAN,Jigawa-WOFAN,Mig4AS615,Female,2024-02-13,13/02/2024 09:53,13/02/2024 09:25,jah70,13/02/2024 09:53
32569cd0-24b7-4430-9352-bdd19e1c3879,Youth,Producers/Processors,Kano,Rural,Yes,Agro-Input_Dealer,Yes,No,WOFAN,Kano-WOFAN,BebJWRN13,Female,2024-02-13,13/02/2024 09:54,13/02/2024 09:41,tun33,13/02/2024 09:55
0dc1368f-0acf-4e20-afd5-f5f1e3261c8e,Youth,Processors,Kano,Rural,Yes,Agro-Input_Dealer,Yes,Yes,WOFAN,Kano-WOFAN,Kir0N4359,Female,2024-02-13,13/02/2024 09:56,13/02/2024 09:24,kir02,13/02/2024 09:56
f305a19e-f003-4ec4-9e02-aacec615efc1,Youth,Producers/Processors,Jigawa,Rural,No,---,Yes,No,WOFAN,Jigawa-WOFAN,JahWLS605,Female,2024-02-13,13/02/2024 08:07,13/02/2024 08:01,jah40,13/02/2024 09:57
d7766221-3382-42b1-8493-46e853ad20dc,Youth,Producers,Kano,Rural,Yes,Production,Yes,Yes,WOFAN,Kano-WOFAN,BebKRY146,Female,2024-02-13,13/02/2024 10:03,13/02/2024 09:46,kir12,13/02/2024 10:04
38b33b88-8c4e-4222-9a4b-6f0ff6b123ce,Youth,Producers/Processors,Gombe,Urban,Yes,Processing,No,Yes,WOFAN,Gombe-WOFAN,Gom3GUK01,Male,2024-02-13,13/02/2024 10:19,13/02/2024 10:06,gom18,13/02/2024 10:19
29c30fe3-1d24-4aa4-b5f0-dee577265da0,Youth,Processors,Jigawa,Rural,Yes,Mechanization_service_provider,Yes,Yes,WOFAN,Jigawa-WOFAN,Jah9BWT03,Female,2024-02-13,13/02/2024 10:21,13/02/2024 10:08,jah61,13/02/2024 10:21
c5e362fb-78d3-4c70-8f27-0c7982b423d5,Youth,Producers,Jigawa,Rural,Yes,Agro-Exporter,Yes,Yes,WOFAN,Jigawa-WOFAN,Jah1P5L58,Male,2024-02-13,13/02/2024 08:41,13/02/2024 08:16,jah79,13/02/2024 10:52
f33d311d-69d0-4787-9529-41866e0f10be,Youth,Marketers,Bauchi,Urban,Yes,Production,Yes,No,WOFAN,Bauchi-WOFAN,BauJVGS22,Male,2024-02-13,13/02/2024 10:54,13/02/2024 10:40,bau12,13/02/2024 10:54
58070f1c-035c-40b7-a6ac-d425888e7ea1,Youth,Producers,Jigawa,Rural,Yes,Production,Yes,Yes,WOFAN,Jigawa-WOFAN,JahAXVK42,Female,2024-02-13,13/02/2024 10:36,13/02/2024 10:09,jah52,13/02/2024 11:00
b884a8e1-934a-475b-bf6f-2565e48b8143,Youth,Producers,Kano,Rural,Yes,Agro-Input_Dealer,Yes,Yes,WOFAN,Kano-WOFAN,BebD3H708,Female,2024-02-13,13/02/2024 09:37,13/02/2024 09:22,kir13,13/02/2024 11:31
cc39d2b4-8a52-466e-a66c-a462fb0ee880,Youth,Producers,Jigawa,Rural,Yes,Production,Yes,No,WOFAN,Jigawa-WOFAN,Jah3R1752,Female,2024-02-13,13/02/2024 09:51,13/02/2024 09:42,jah67,13/02/2024 11:40
83f951c9-8dbb-422b-bee4-4cea8dbf075c,Youth,Producer,Kano,Rural,Yes,Production,Yes,No,WOFAN,Kano-WOFAN,KurMJJ705,Male,2024-02-11,11/02/2024 11:37,11/02/2024 11:19,kur01,13/02/2024 11:41
1407617d-7724-4661-8131-d94fd15eed22,Youth,Producers,Kano,Rural,Yes,Production,Yes,No,WOFAN,Kano-WOFAN,KurK1WY35,Male,2024-02-12,12/02/2024 14:17,12/02/2024 14:08,kur01,13/02/2024 11:42
805a61f8-cd65-4ef8-9bb1-f45bb3bfa109,Youth,Processors,Bauchi,Urban,Yes,Processing,Yes,No,WOFAN,Bauchi-WOFAN,BauNA3M32,Female,2024-02-13,13/02/2024 11:00,13/02/2024 10:41,bau12,13/02/2024 11:48
3d5fec2f-d522-4f20-a683-1491f2824a05,Youth,Producers/Processors,Kano,Rural,Yes,Production,No,No,WOFAN,Kano-WOFAN,BebFRV145,Male,2024-02-13,13/02/2024 10:43,13/02/2024 10:38,tun17,13/02/2024 11:56
3a51b733-8117-4052-9c71-fa20f4713696,Youth,Producers/Processors,Kano,Rural,Yes,Processing,Yes,Yes,WOFAN,Kano-WOFAN,BebW0WL03,Female,2024-02-13,13/02/2024 11:55,13/02/2024 11:45,tun13,13/02/2024 11:58
3e3c5697-de50-4f53-af35-6ba0b7c30540,Youth,Producers/Processors,Bauchi,Peri_urban,Yes,Production,No,Yes,WOFAN,Bauchi-WOFAN,DasULZ515,Female,2024-02-12,12/02/2024 13:21,12/02/2024 13:08,das10,13/02/2024 11:58
7fb8f225-bb00-4256-9228-0d52c0e5941d,Youth,Producers,Bauchi,Rural,Yes,Production,Yes,No,WOFAN,Bauchi-WOFAN,NinMIJ830,Female,2024-02-13,13/02/2024 11:59,13/02/2024 11:22,nin16,13/02/2024 12:10
4324c6a5-b84c-42fc-babf-a4ff111fc3db,Youth,Processors,Kano,Rural,No,---,No,Yes,WOFAN,Kano-WOFAN,Beb5RZX13,Female,2024-02-13,13/02/2024 11:18,13/02/2024 11:06,tun24,13/02/2024 12:13
a3fcd3d0-0363-43ac-a832-2c08353c925a,Youth,Producers,Kano,Rural,Yes,Production,Yes,No,WOFAN,Kano-WOFAN,BebUOS412,Female,2024-02-13,13/02/2024 12:14,13/02/2024 12:04,kir10,13/02/2024 12:15
ed16a010-c255-4983-bfc2-edd9968118aa,Youth,Producers,Kano,Rural,Yes,Production,Yes,Yes,WOFAN,Kano-WOFAN,KurIHXJ34,Female,2024-02-12,12/02/2024 13:50,12/02/2024 13:42,gmm52,13/02/2024 12:20
8adbb0fa-47bc-45c5-a650-585c9d6d4ded,Youth,Processors,Bauchi,Rural,Yes,Processing,Yes,No,WOFAN,Bauchi-WOFAN,TafW7RE22,Female,2024-02-13,13/02/2024 12:05,13/02/2024 11:47,taf03,13/02/2024 12:23
e1c5b7c2-c99e-40bd-bb4e-28b57921f8bc,Youth,Producers,Jigawa,Rural,Yes,Production,Yes,Yes,WOFAN,Jigawa-WOFAN,JahXVTW25,Female,2024-02-12,12/02/2024 21:50,12/02/2024 21:46,jah46,13/02/2024 12:29
acfac797-fed0-4a6d-b7f9-53b41ff071d8,Youth,Processors,Kano,Peri_urban,No,---,No,No,WOFAN,Kano-WOFAN,GarXT4423,Female,2024-02-13,13/02/2024 12:33,13/02/2024 12:17,gmm69,13/02/2024 12:33
4e1b71d5-b273-4e0b-a6cf-b381f6ce26de,Youth,Producers/Processors,Bauchi,Urban,Yes,Agro-Input_Dealer,Yes,Yes,WOFAN,Bauchi-WOFAN,BauARYI26,Female,2024-02-13,13/02/2024 12:06,13/02/2024 11:31,bau11,13/02/2024 12:50
69f82dfd-69ff-445c-b340-c7c55e3ab0d8,Youth,Producers/Processors,Bauchi,Urban,Yes,Processing,Yes,Yes,WOFAN,Bauchi-WOFAN,BauGAMT53,Female,2024-02-13,13/02/2024 09:36,13/02/2024 09:23,bau10,13/02/2024 12:55
f32fb9ba-f455-49d4-a578-34cda8e0213f,Youth,Producers/Processors,Kano,Urban,Yes,Production,Yes,No,WOFAN,Kano-WOFAN,KurCAIY04,Female,2024-02-13,13/02/2024 12:16,13/02/2024 12:03,kur14,13/02/2024 13:03
3d7aae45-18d5-4390-9cd7-02e7131eb832,Youth,Processors,Jigawa,Rural,No,---,Yes,No,WOFAN,Jigawa-WOFAN,Jah70VK25,Female,2024-02-13,13/02/2024 09:47,13/02/2024 09:44,jah59,13/02/2024 13:07
4b57f486-93d9-4e23-87a6-d64736e03339,Youth,Producers,Kano,Rural,Yes,Production,Yes,Yes,WOFAN,Kano-WOFAN,Beb3ZJD06,Female,2024-02-13,13/02/2024 13:08,13/02/2024 12:53,kir12,13/02/2024 13:08
511ba465-6607-4873-b502-e457cb0de2e3,Youth,Marketers,Jigawa,Rural,No,---,Yes,No,WOFAN,Jigawa-WOFAN,JahZN2Z41,Male,2024-02-13,13/02/2024 13:11,13/02/2024 13:07,jah59,13/02/2024 13:11
0b0570ce-c54c-4794-8234-8073609e081d,Youth,Producers,Kano,Rural,Yes,Production,Yes,No,WOFAN,Kano-WOFAN,BebHB2Z30,Female,2024-02-13,13/02/2024 12:09,13/02/2024 11:54,kir20,13/02/2024 13:14
17aea1d9-fbb1-4669-b720-30314c527beb,Youth,Producers/Processors,Jigawa,Rural,Yes,Production,Yes,Yes,WOFAN,Jigawa-WOFAN,Jah6O1F58,Female,2024-02-13,13/02/2024 11:25,13/02/2024 11:19,jah49,13/02/2024 13:25
e54b1044-a500-4d0a-a30f-f66ab335f379,Youth,Producers,Gombe,Urban,Yes,Agro-Input_Dealer,Yes,No,WOFAN,Gombe-WOFAN,GomOR9Y31,Female,2024-02-13,13/02/2024 13:24,13/02/2024 12:55,gom18,13/02/2024 13:36
9513d205-c900-409e-ae2f-5a8be5746160,Youth,Producers,Kano,Rural,Yes,Production,Yes,Yes,WOFAN,Kano-WOFAN,BebSAYD40,Female,2024-02-13,13/02/2024 09:07,13/02/2024 08:20,kir09,13/02/2024 13:39
f206e9b0-f446-46f8-bce4-6d579c5e06bf,Youth,Processors,Kano,Rural,Yes,Agro-Input_Dealer,Yes,Yes,WOFAN,Kano-WOFAN,GarCISN48,Female,2024-02-13,13/02/2024 13:39,13/02/2024 13:26,bun02,13/02/2024 13:40
2b9258aa-d4ab-4cd5-a17c-fc34c470fb62,Youth,Producers/Processors,Bauchi,Urban,Yes,Production,Yes,Yes,WOFAN,Bauchi-WOFAN,BauE91Z34,Female,2024-02-13,13/02/2024 11:18,13/02/2024 11:01,bau14,13/02/2024 13:46
0ede9f07-94b3-4e31-b7cf-3bcac6f249c3,Youth,Producers/Processors,Jigawa,Rural,No,---,Yes,No,WOFAN,Jigawa-WOFAN,RinN1M240,Female,2024-02-13,13/02/2024 13:53,13/02/2024 13:46,rin17,13/02/2024 13:54
ff5cede4-7090-4ad4-b62e-a04d2e570cbf,Youth,Producers,Kano,Peri_urban,No,---,Yes,No,WOFAN,Kano-WOFAN,Beb7MYK36,Female,2024-02-13,13/02/2024 13:56,13/02/2024 13:17,kir06,13/02/2024 13:56
a1cf06d8-7093-4e02-911b-60b08ecf51b3,Youth,Producers,Gombe,Urban,Yes,Production,Yes,No,WOFAN,Gombe-WOFAN,GomFISO39,Female,2024-02-13,13/02/2024 13:59,13/02/2024 13:51,gom20,13/02/2024 13:59
5af604cb-4dd6-4c68-8bd7-88d83b5c6eb2,Youth,Producers,Jigawa,Rural,Yes,Production,Yes,No,WOFAN,Jigawa-WOFAN,JahLNJW32,Female,2024-02-13,13/02/2024 12:10,13/02/2024 12:01,jah67,13/02/2024 14:00
9c3e1770-62b2-4db3-8dfd-f8c41383a348,Youth,Processors,Kano,Rural,Yes,Processing,No,No,WOFAN,Kano-WOFAN,BebTZ8615,Female,2024-02-13,13/02/2024 06:36,13/02/2024 06:27,tun32,13/02/2024 14:00
9950145e-43c7-4ae1-9b98-6b8f395031f2,Youth,Producers,Kano,Rural,Yes,Production,No,No,WOFAN,Kano-WOFAN,Beb1JN814,Female,2024-02-13,13/02/2024 13:57,13/02/2024 13:52,kir20,13/02/2024 14:01
857d7264-9740-40f3-9e2a-09cdddc11e37,Youth,Producers/Processors,Jigawa,Rural,Yes,Production,Yes,Yes,WOFAN,Jigawa-WOFAN,RinWHIR57,Female,2024-02-13,13/02/2024 14:01,13/02/2024 13:49,rin18,13/02/2024 14:01
e04db6f2-2741-4b72-9984-34b28ec9275c,Youth,Producers,Jigawa,Rural,No,---,Yes,No,WOFAN,Jigawa-WOFAN,JahAUFA18,Female,2024-02-13,13/02/2024 12:12,13/02/2024 12:07,jah40,13/02/2024 14:03
4641b016-84d0-43be-9168-546c62be2b49,Youth,Producers,Kano,Peri_urban,Yes,Production,Yes,Yes,WOFAN,Kano-WOFAN,KirKDW354,Female,2024-02-13,13/02/2024 11:37,13/02/2024 11:27,kir21,13/02/2024 14:08
b52404de-af44-4cfd-9263-4afa2fc8962f,Youth,Producers/Processors,Jigawa,Rural,Yes,Production,Yes,Yes,WOFAN,Jigawa-WOFAN,Jah4RUM07,Female,2024-02-13,13/02/2024 11:52,13/02/2024 11:47,jah72,13/02/2024 14:09
3d22dbc9-8d53-45ef-95fe-828ed5e173ba,Youth,Producers,Kano,Rural,Yes,Production,Yes,No,WOFAN,Kano-WOFAN,BebB7V026,Male,2024-02-13,13/02/2024 09:36,13/02/2024 09:19,kur12,13/02/2024 14:48
babc5284-2285-4db3-80a7-8a72e1f7a256,Youth,Processors,Kano,Rural,No,---,Yes,No,WOFAN,Kano-WOFAN,BebRG2F01,Female,2024-02-13,13/02/2024 12:02,13/02/2024 11:44,tun18,13/02/2024 15:00
13da1b26-0a3a-495f-a097-815d3d300d38,Youth,Producers,Kano,Rural,Yes,Production,Yes,Yes,WOFAN,Kano-WOFAN,KirHTD132,Female,2024-02-13,13/02/2024 09:58,13/02/2024 09:41,kir04,13/02/2024 15:03
764ed1fa-d030-4806-80ed-6f4975bef0d2,Youth,Processors,Kano,Rural,Yes,Processing,Yes,No,WOFAN,Kano-WOFAN,BebZCHE24,Female,2024-02-13,13/02/2024 11:22,13/02/2024 11:17,tun29,13/02/2024 15:07
57afe5d0-1f80-4358-b4bf-06e325cafdda,Youth,Processors,Gombe,Peri_urban,No,---,Yes,No,WOFAN,Gombe-WOFAN,AkkFMO946,Male,2024-02-13,13/02/2024 12:57,13/02/2024 12:34,akk05,13/02/2024 15:11
f25e0d20-3acd-4205-8199-36e2ecbe0874,Youth,Producers,Kano,Rural,Yes,Production,Yes,Yes,WOFAN,Kano-WOFAN,BebK9DL57,Female,2024-02-13,13/02/2024 12:36,13/02/2024 12:08,kir05,13/02/2024 15:16
63f4d8ee-01ad-4233-9d21-df9bd305c15d,Youth,Producers,Kano,Rural,Yes,Production,Yes,No,WOFAN,Kano-WOFAN,KurRQCV42,Female,2024-02-13,13/02/2024 13:42,13/02/2024 13:34,kur04,13/02/2024 15:17
3b9f6f43-4f15-431e-8749-eaa9b4676a8a,Youth,Producers,Kano,Rural,No,---,Yes,No,WOFAN,Kano-WOFAN,GarI47V58,Female,2024-02-13,13/02/2024 12:24,13/02/2024 12:09,bun06,13/02/2024 15:21
b90f22b4-6cd0-4eca-b970-b17c6021b835,Youth,Marketers,Jigawa,Rural,No,---,No,No,WOFAN,Jigawa-WOFAN,Mig26C639,Female,2024-02-13,13/02/2024 10:54,13/02/2024 10:46,jah70,13/02/2024 15:28
765318af-8dab-47e3-a5b0-e85a090c7cab,Youth,Producers/Processors,Bauchi,Rural,Yes,Production,Yes,No,WOFAN,Bauchi-WOFAN,Nin0WBP58,Female,2024-02-13,13/02/2024 11:07,13/02/2024 10:48,nin15,13/02/2024 15:30
af578ac8-4097-48f3-95dc-d0379b22887c,Youth,Producers,Jigawa,Rural,Yes,Production,Yes,No,WOFAN,Jigawa-WOFAN,JahVPX944,Female,2024-02-13,13/02/2024 15:30,13/02/2024 15:21,jah39,13/02/2024 15:30
6784781c-c956-44fb-abd4-15d99bc633db,Youth,Producers/Processors,Jigawa,Rural,Yes,Production,Yes,Yes,WOFAN,Jigawa-WOFAN,JahIOSK59,Male,2024-02-13,13/02/2024 14:22,13/02/2024 14:17,jah72,13/02/2024 15:32
b23387be-663f-4401-8c7e-49a390a1e6d3,Youth,Producers,Kano,Rural,Yes,Production,Yes,Yes,WOFAN,Kano-WOFAN,BebAV8D51,Female,2024-02-13,13/02/2024 12:16,13/02/2024 12:04,kir14,13/02/2024 15:34
b70d43fb-99af-4af2-bf2d-7c8d5aa72b10,Youth,Producers,Kano,Rural,Yes,Production,Yes,No,WOFAN,Kano-WOFAN,Beb6I8Z25,Female,2024-02-13,13/02/2024 15:37,13/02/2024 15:18,kir22,13/02/2024 15:37
63e3bd7f-9378-4cf1-8948-76be23bb68d8,Youth,Processors,Kano,Rural,Yes,Agro-Input_Dealer,No,Yes,WOFAN,Kano-WOFAN,KirQMEX23,Female,2024-02-13,13/02/2024 15:37,13/02/2024 15:30,kir02,13/02/2024 15:38
a3a51938-3fc1-4a09-8f7c-ec8f576b0070,Youth,Producers,Kano,Rural,Yes,Production,Yes,Yes,WOFAN,Kano-WOFAN,KirZQTA57,Female,2024-02-13,13/02/2024 10:01,13/02/2024 09:48,kir16,13/02/2024 15:42
7a586262-c9c1-451e-a56e-d0220e5e155a,Youth,Processors,Jigawa,Rural,No,---,No,No,WOFAN,Jigawa-WOFAN,JahHZNY33,Female,2024-02-13,13/02/2024 15:44,13/02/2024 15:28,jah71,13/02/2024 15:44
1b4ff290-2666-4917-bae4-0bf49580d57d,Youth,Producers,Jigawa,Rural,Yes,Production,Yes,Yes,WOFAN,Jigawa-WOFAN,JahL9TF47,Female,2024-02-13,13/02/2024 07:42,13/02/2024 07:30,jah50,13/02/2024 15:47
862911ea-7736-4414-bc5f-b47e9679d0f6,Youth,Producers,Jigawa,Rural,Yes,Production,Yes,Yes,WOFAN,Jigawa-WOFAN,JahOCSU13,Female,2024-02-13,13/02/2024 07:48,13/02/2024 07:42,jah50,13/02/2024 15:47
303fd0a7-1684-42a3-97df-62f94eb7d9e6,Youth,Producers,Jigawa,Rural,Yes,Production,Yes,Yes,WOFAN,Jigawa-WOFAN,JahVO0540,Female,2024-02-13,13/02/2024 07:54,13/02/2024 07:48,jah50,13/02/2024 15:47
bcf0a096-b803-43bd-8089-feae8824632d,Youth,Producers,Jigawa,Rural,Yes,Production,Yes,Yes,WOFAN,Jigawa-WOFAN,Jah0V7J36,Female,2024-02-13,13/02/2024 07:58,13/02/2024 07:54,jah50,13/02/2024 15:47
0307fdd2-f775-4eb0-8f5b-66604d3ad6ce,Youth,Producers,Jigawa,Rural,Yes,Production,Yes,Yes,WOFAN,Jigawa-WOFAN,Jah2BAY56,Male,2024-02-13,13/02/2024 08:04,13/02/2024 07:58,jah50,13/02/2024 15:47
de77a7be-009f-4b32-9aca-531dd334b3cb,Youth,Producers,Kano,Rural,Yes,Production,Yes,No,WOFAN,Kano-WOFAN,BebDRB839,Female,2024-02-13,13/02/2024 10:09,13/02/2024 09:41,tun08,13/02/2024 15:47
d0f4b78c-a148-4106-8402-c4e6cf64a8fa,Youth,Producers,Kano,Rural,Yes,Production,Yes,Yes,WOFAN,Kano-WOFAN,Kir7AGH21,Female,2024-02-13,13/02/2024 12:22,13/02/2024 12:15,kir16,13/02/2024 15:47
70c2f6d1-54fc-4560-9161-b274260eaf57,Youth,Marketers,Gombe,Peri_urban,Yes,Production,Yes,No,WOFAN,Gombe-WOFAN,AkkQAU507,Female,2024-02-13,13/02/2024 10:15,13/02/2024 10:00,akk03,13/02/2024 15:48
8402f372-a951-4d02-91c6-0fa12defab00,Youth,Marketers,Gombe,Peri_urban,Yes,Production,Yes,No,WOFAN,Gombe-WOFAN,Akk1LLY43,Female,2024-02-13,13/02/2024 15:47,13/02/2024 15:27,akk03,13/02/2024 15:48
98e5645e-6d0a-4e8b-b82c-7813580a5046,Youth,Producers,Kano,Rural,Yes,Production,Yes,Yes,WOFAN,Kano-WOFAN,Kir2MS201,Female,2024-02-13,13/02/2024 14:24,13/02/2024 14:19,kir16,13/02/2024 15:50
7a5f8f5e-ca51-4485-bf1d-e2bf39128308,Youth,Processors,Jigawa,Rural,No,---,Yes,Yes,WOFAN,Jigawa-WOFAN,Jah0DOQ58,Female,2024-02-13,13/02/2024 13:12,13/02/2024 13:04,jah61,13/02/2024 15:51
4248d56f-842f-4614-bec2-76953b308dd2,Youth,Producers/Processors,Kano,Rural,Yes,Production,Yes,Yes,WOFAN,Kano-WOFAN,KirD6P424,Female,2024-02-13,13/02/2024 14:57,13/02/2024 14:21,kir15,13/02/2024 15:53
a759f4b4-ebca-40f7-8215-39a2d1d21091,Youth,Producers/Processors,Kano,Rural,No,---,Yes,No,WOFAN,Kano-WOFAN,BebB04811,Female,2024-02-13,13/02/2024 15:57,13/02/2024 15:47,tun13,13/02/2024 15:58
14bff1e2-c6be-469b-95c2-98f4a3c96f14,Youth,Processors,Kano,Rural,Yes,Processing,Yes,No,WOFAN,Kano-WOFAN,BebCB0240,Female,2024-02-13,13/02/2024 16:01,13/02/2024 15:48,tun18,13/02/2024 16:01
5ab78cc8-42ac-4315-8a95-431cdcbc213f,Youth,Processors,Kano,Rural,No,---,No,No,WOFAN,Kano-WOFAN,BebPEAN48,Female,2024-02-13,13/02/2024 12:29,13/02/2024 12:24,tun15,13/02/2024 16:03
f92d68e1-b187-4f44-b46f-f1f1cbfda5b8,Youth,Producers,Kano,Rural,No,---,Yes,No,WOFAN,Kano-WOFAN,GarZRLL49,Female,2024-02-13,13/02/2024 13:21,13/02/2024 13:03,bun18,13/02/2024 16:06
ad087bdd-f4a7-46f1-8dac-8b799fadf9c3,Youth,Processors,Kano,Rural,No,---,Yes,No,WOFAN,Kano-WOFAN,BebPNU145,Female,2024-02-13,13/02/2024 13:29,13/02/2024 13:20,tun23,13/02/2024 16:07
4ab4f457-dfe4-4897-a26e-d4175add16de,Youth,Producers/Processors,Kano,Rural,Yes,Processing,Yes,No,WOFAN,Kano-WOFAN,Beb28I119,Female,2024-02-13,13/02/2024 14:37,13/02/2024 14:28,tun33,13/02/2024 16:08
0e1e3f40-9585-44f0-8ab1-437362017813,Youth,Processors,Kano,Rural,Yes,Processing,Yes,Yes,WOFAN,Kano-WOFAN,KurD1SE48,Female,2024-02-13,13/02/2024 14:34,13/02/2024 14:16,gmm50,13/02/2024 16:10
e33c115e-23ce-44ad-a59a-c087504e7973,Youth,Producers,Kano,Rural,No,---,Yes,Yes,WOFAN,Kano-WOFAN,GarM22C15,Female,2024-02-13,13/02/2024 09:36,13/02/2024 09:24,bun17,13/02/2024 16:11
32421d0c-3bfa-4e35-b745-7927f3afcf2c,Youth,Producers,Kano,Rural,No,---,Yes,Yes,WOFAN,Kano-WOFAN,GarJI0142,Female,2024-02-13,13/02/2024 13:43,13/02/2024 13:36,bun17,13/02/2024 16:12
5071d8af-5448-4e00-a3d7-27980c87d683,Youth,Producers/Processors,Jigawa,Rural,Yes,Production,Yes,Yes,WOFAN,Jigawa-WOFAN,JahGJJW08,Female,2024-02-13,13/02/2024 15:53,13/02/2024 15:47,jah72,13/02/2024 16:14
54442908-017c-405a-919d-4969126d5cb9,Youth,Processors,Bauchi,Rural,No,---,Yes,No,WOFAN,Bauchi-WOFAN,War41EM56,Female,2024-02-13,13/02/2024 15:17,13/02/2024 15:05,war05,13/02/2024 16:16
275c0594-fb67-4aa4-bb07-bcdbebe5fa71,Youth,Agro_Artisans,Gombe,Urban,Yes,Agro-Trader,Yes,Yes,WOFAN,Gombe-WOFAN,Gom0SAH20,Male,2024-02-13,13/02/2024 14:31,13/02/2024 14:13,gom29,13/02/2024 16:21
1d70ac6e-b0cc-4829-85f2-d1bbbf16fd59,Youth,Processors,Gombe,Urban,Yes,Processing,Yes,Yes,WOFAN,Gombe-WOFAN,Gom66OH16,Female,2024-02-13,13/02/2024 14:44,13/02/2024 14:31,gom29,13/02/2024 16:21
a7ac3b22-3e8d-4a20-9037-04d9e3ef9184,Youth,Marketers,Bauchi,Peri_urban,Yes,Agro-Trader,Yes,Yes,WOFAN,Bauchi-WOFAN,BauIJXP37,Female,2024-02-13,13/02/2024 16:22,13/02/2024 16:06,bau11,13/02/2024 16:24
3fd0e917-3154-4b7f-8a5b-4116bdef42a2,Youth,Producers,Jigawa,Rural,No,---,No,No,WOFAN,Jigawa-WOFAN,Jah1KIF19,Female,2024-02-13,13/02/2024 16:27,13/02/2024 16:22,jah84,13/02/2024 16:27
7b844869-c484-4559-83e3-a1931c5d826e,Youth,Producers,Kano,Rural,No,---,Yes,No,WOFAN,Kano-WOFAN,Gar1U5D55,Female,2024-02-13,13/02/2024 16:07,13/02/2024 15:30,bun06,13/02/2024 16:27
3b60e40f-1c8d-4eff-a4ec-8a9a46f8b13e,Youth,Producers,Kano,Rural,Yes,Production,Yes,Yes,WOFAN,Kano-WOFAN,Gar3HBX16,Female,2024-02-13,13/02/2024 14:28,13/02/2024 14:14,gmm48,13/02/2024 16:29
1ed3815f-44fc-4fd4-9d1a-6c9ec2aeb532,Youth,Producers,Kano,Rural,Yes,Production,Yes,Yes,WOFAN,Kano-WOFAN,KirADZ751,Female,2024-02-13,13/02/2024 13:28,13/02/2024 13:13,kir04,13/02/2024 16:30
d7765474-1fc9-4bce-b8e0-6fb258178a67,Youth,Producers,Kano,Rural,Yes,Production,Yes,No,WOFAN,Kano-WOFAN,Beb4RJW13,Male,2024-02-13,13/02/2024 09:33,13/02/2024 09:15,kur06,13/02/2024 16:32
dc560684-ab1c-4f0f-96a7-10a02c1b24f5,Youth,Producers,Jigawa,Rural,No,---,No,No,WOFAN,Jigawa-WOFAN,Jah9NF528,Female,2024-02-13,13/02/2024 16:44,13/02/2024 16:39,jah84,13/02/2024 16:44
e3e57409-eb2e-4063-ad8b-bf1f5853e227,Youth,Producers,Kano,Rural,Yes,Production,Yes,No,WOFAN,Kano-WOFAN,BebOIRB51,Female,2024-02-13,13/02/2024 17:00,13/02/2024 16:47,kir22,13/02/2024 17:00
dab372cb-fcee-4851-9b82-f4f42d55d097,Youth,Marketers,Gombe,Urban,No,---,No,No,WOFAN,Gombe-WOFAN,Gom921E31,Female,2024-02-13,13/02/2024 17:06,13/02/2024 10:19,gom23,13/02/2024 17:06
7752f5bb-8a03-4489-8d39-720bb9163fe9,Youth,Producers,Jigawa,Rural,Yes,Production,Yes,Yes,WOFAN,Jigawa-WOFAN,RinP5A904,Female,2024-02-13,13/02/2024 12:47,13/02/2024 12:40,rin11,13/02/2024 17:10
b1902fb8-9874-4950-be84-700ffb2a04b5,Youth,Marketers,Jigawa,Rural,No,---,Yes,Yes,WOFAN,Jigawa-WOFAN,JahTW9B32,Female,2024-02-13,13/02/2024 14:24,13/02/2024 14:05,jah80,13/02/2024 17:14
7441f3c1-2ade-4a85-be65-925e38d1fcd2,Youth,Marketers,Jigawa,Rural,Yes,Off-taker,Yes,Yes,WOFAN,Jigawa-WOFAN,JahI6U125,Female,2024-02-13,13/02/2024 14:30,13/02/2024 14:08,jah79,13/02/2024 17:17
18b82f7f-c682-4e35-8626-cdbb127b3c84,Youth,Producers,Kano,Rural,Yes,Production,Yes,Yes,WOFAN,Kano-WOFAN,Beb43C248,Female,2024-02-13,13/02/2024 14:42,13/02/2024 14:25,kir09,13/02/2024 17:17
1ce15bc3-4654-400d-bd6d-cd3da24f3459,Youth,Producers/Processors,Jigawa,Rural,Yes,Agro-Input_Dealer,Yes,Yes,WOFAN,Jigawa-WOFAN,JahRKHU29,Female,2024-02-13,13/02/2024 09:03,13/02/2024 08:55,jah44,13/02/2024 17:33
509e2bf1-19b3-4de4-8e30-9e2c8b1863b1,Youth,Producers/Processors,Bauchi,Urban,Yes,Production,Yes,Yes,WOFAN,Bauchi-WOFAN,BauR2K159,Female,2024-02-13,13/02/2024 13:09,13/02/2024 12:57,bau17,13/02/2024 17:41
a8ae0a43-afda-40ff-ab69-37d2ef096f16,Youth,Producers,Bauchi,Urban,Yes,Production,Yes,Yes,WOFAN,Bauchi-WOFAN,BauOC8H28,Male,2024-02-13,13/02/2024 16:28,13/02/2024 15:57,bau17,13/02/2024 17:42
06c04c54-f766-45e1-a93b-6f0cbe0db4d3,Youth,Marketers,Kano,Rural,No,---,Yes,No,WOFAN,Kano-WOFAN,Kur0B6R05,Female,2024-02-13,13/02/2024 10:30,13/02/2024 10:18,gmm51,13/02/2024 17:45
539d7954-3210-4600-bee2-585f5b534d89,Youth,Marketers,Jigawa,Rural,No,---,Yes,Yes,WOFAN,Jigawa-WOFAN,JahBRM322,Female,2024-02-13,13/02/2024 17:48,13/02/2024 17:38,jah80,13/02/2024 17:48
6c1941cd-2419-4db0-84b8-14135ea97efa,Youth,Marketers,Jigawa,Rural,Yes,Agro-Trader,Yes,Yes,WOFAN,Jigawa-WOFAN,JahYJAS30,Female,2024-02-13,13/02/2024 14:18,13/02/2024 14:00,jah81,13/02/2024 17:52
07f97c15-1957-4b9a-b98e-17858078dbe3,Youth,Producers/Processors,Jigawa,Rural,Yes,Agro-Input_Dealer,Yes,Yes,WOFAN,Jigawa-WOFAN,JahJ8HB45,Female,2024-02-13,13/02/2024 13:15,13/02/2024 12:55,jah63,13/02/2024 18:01
2b79a793-032b-49f9-b8fb-24bbc41b8cd0,Youth,Producers,Jigawa,Rural,Yes,Agro-Input_Dealer,Yes,Yes,WOFAN,Jigawa-WOFAN,JahTXR045,Female,2024-02-13,13/02/2024 12:37,13/02/2024 12:26,jah46,13/02/2024 18:02
33785f52-600c-4a96-b8aa-b34a12dad60a,Youth,Producers/Processors,Bauchi,Rural,No,---,Yes,No,WOFAN,Bauchi-WOFAN,War19J353,Male,2024-02-13,13/02/2024 09:50,13/02/2024 09:38,war04,13/02/2024 18:03
f38eb2cb-142d-4413-87d9-1aa4cf74885f,Youth,Producers,Jigawa,Rural,No,---,No,No,WOFAN,Jigawa-WOFAN,JahAW6L40,Female,2024-02-13,13/02/2024 16:13,13/02/2024 16:06,jah40,13/02/2024 18:04
f3ce0fb7-52ad-4fd3-ba85-b94f7dfdb572,Youth,Producers/Processors,Bauchi,Rural,No,---,Yes,No,WOFAN,Bauchi-WOFAN,WarKO6U42,Female,2024-02-13,13/02/2024 11:55,13/02/2024 11:45,war04,13/02/2024 18:05
83fa8da3-27d1-4082-83f7-87d57c4da503,Youth,Producers,Jigawa,Rural,Yes,Production,Yes,Yes,WOFAN,Jigawa-WOFAN,RinEFZ020,Female,2024-02-13,13/02/2024 12:18,13/02/2024 12:00,rin11,13/02/2024 18:07
08d99182-64ed-4c8a-9e79-d878b595f10c,Youth,Producers,Kano,Rural,Yes,Production,Yes,Yes,WOFAN,Kano-WOFAN,BebQ75W29,Female,2024-02-13,13/02/2024 09:06,13/02/2024 08:49,kir01,13/02/2024 18:13
5147cd32-bdbd-4fd5-aa16-b188bbbd2719,Youth,Processors,Bauchi,Rural,Yes,Processing,Yes,Yes,WOFAN,Bauchi-WOFAN,TafOYZN12,Female,2024-02-13,13/02/2024 16:52,10/02/2024 19:13,taf04,13/02/2024 18:19
78fe394b-9fc7-4124-ba1e-6101737771b1,Youth,Processors,Jigawa,Rural,No,---,No,No,WOFAN,Jigawa-WOFAN,Jah4GGS29,Female,2024-02-13,13/02/2024 18:21,13/02/2024 18:19,jah71,13/02/2024 18:25
b780f3ae-76c8-4b67-81e0-6bb8c3e86379,Youth,Producers,Kano,Rural,Yes,Production,Yes,No,WOFAN,Kano-WOFAN,Beb7RCN14,Female,2024-02-13,13/02/2024 11:39,13/02/2024 11:19,kir19,13/02/2024 18:33
e8445993-3db4-46eb-8329-9e859e80b1dd,Youth,Producers,Jigawa,Rural,Yes,Agro-Input_Dealer,Yes,Yes,WOFAN,Jigawa-WOFAN,Jah9HZ743,Female,2024-02-13,13/02/2024 14:02,13/02/2024 13:20,jah65,13/02/2024 18:41
c105e1cb-c527-4502-ba70-38af3be91e30,Youth,Producers/Processors,Jigawa,Rural,Yes,Production,Yes,Yes,WOFAN,Jigawa-WOFAN,JahGBEN23,Female,2024-02-13,13/02/2024 12:11,13/02/2024 11:35,jah66,13/02/2024 18:52
32e1c318-8fb9-4716-babd-9706d13a2353,Youth,Marketers,Jigawa,Rural,Yes,Agro-Trader,Yes,Yes,WOFAN,Jigawa-WOFAN,JahNBYO25,Female,2024-02-13,13/02/2024 18:43,13/02/2024 18:25,jah81,13/02/2024 18:54
24b434a2-0c33-4c46-a3a9-4b5da53c2fb8,Youth,Producers,Kano,Rural,Yes,Production,Yes,Yes,WOFAN,Kano-WOFAN,BebQKIE00,Female,2024-02-13,13/02/2024 13:41,13/02/2024 13:29,kir01,13/02/2024 18:59
7cf96618-a39a-44fc-a0ad-d8868630344c,Youth,Producers,Jigawa,Rural,Yes,Production,Yes,No,WOFAN,Jigawa-WOFAN,JahQFIW01,Female,2024-02-13,13/02/2024 18:01,13/02/2024 17:50,jah67,13/02/2024 19:21
9371aa63-a511-4f3c-b166-48d9424fa7a1,Youth,Producers,Jigawa,Rural,Yes,Production,Yes,Yes,WOFAN,Jigawa-WOFAN,RinJPCT09,Female,2024-02-13,13/02/2024 15:25,13/02/2024 15:19,rin11,13/02/2024 19:24
3c302820-c9a5-4178-a5a4-492e5d7c1fc0,Youth,Processors,Kano,Rural,No,---,No,No,WOFAN,Kano-WOFAN,GarF9AE32,Female,2024-02-12,12/02/2024 10:00,12/02/2024 09:48,bun11,13/02/2024 19:34
830468a2-e558-49a8-bf40-97a75f3ee87b,Youth,Processors,Kano,Rural,No,---,No,No,WOFAN,Kano-WOFAN,Gar8XMR25,Female,2024-02-13,13/02/2024 13:12,13/02/2024 13:05,bun11,13/02/2024 19:35
bf4ab667-fd8e-45a2-87de-63adeb70b1e2,Youth,Producers,Jigawa,Rural,Yes,Agro-Input_Dealer,Yes,Yes,WOFAN,Jigawa-WOFAN,JahEL5F38,Female,2024-02-13,13/02/2024 16:34,13/02/2024 16:28,jah55,13/02/2024 19:45
44c7c9e5-1cda-4d35-86c3-7433b4549b1b,Youth,Producers,Jigawa,Rural,Yes,Production,Yes,Yes,WOFAN,Jigawa-WOFAN,JahZSS942,Female,2024-02-13,13/02/2024 16:38,13/02/2024 16:34,jah55,13/02/2024 19:45
74517412-39e5-4056-9cba-fe9775add815,Youth,Producers,Jigawa,Rural,Yes,Production,Yes,Yes,WOFAN,Jigawa-WOFAN,JahGREC50,Female,2024-02-13,13/02/2024 16:46,13/02/2024 16:41,jah55,13/02/2024 19:45
72711ff9-ec4e-4335-a84b-cfe3f16a41fa,Youth,Producers,Jigawa,Rural,Yes,Production,Yes,Yes,WOFAN,Jigawa-WOFAN,Jah1F7921,Female,2024-02-13,13/02/2024 16:49,13/02/2024 16:46,jah55,13/02/2024 19:45
b455d90d-f3ee-4d81-9b14-dd42f4c21942,Youth,Agro_Artisans,Kano,Rural,Yes,Processing,Yes,Yes,WOFAN,Kano-WOFAN,GarORXA36,Male,2024-02-12,12/02/2024 08:01,11/02/2024 23:47,bun04,13/02/2024 19:54
2615f2e7-16e0-41fe-b86b-65f7ab7426af,Youth,Processors,Kano,Rural,Yes,Processing,Yes,Yes,WOFAN,Kano-WOFAN,GarKGXI46,Female,2024-02-12,12/02/2024 08:02,11/02/2024 23:21,bun04,13/02/2024 19:54
0e0c74fa-2f2e-4d79-8aef-442c19d832a3,Youth,Processors,Kano,Rural,Yes,Processing,Yes,Yes,WOFAN,Kano-WOFAN,GarZKMP21,Female,2024-02-12,12/02/2024 08:02,11/02/2024 23:05,bun04,13/02/2024 19:54
fd20490e-ed7e-4f9d-944a-3526918d686c,Youth,Processors,Kano,Rural,Yes,Processing,Yes,Yes,WOFAN,Kano-WOFAN,Gar4U7L59,Female,2024-02-12,12/02/2024 08:03,11/02/2024 22:05,bun04,13/02/2024 19:55
9b7f6b21-3efd-450c-bbea-0f3549e84f75,Youth,Processors,Kano,Rural,Yes,Processing,Yes,Yes,WOFAN,Kano-WOFAN,GarAZ0V31,Female,2024-02-12,12/02/2024 08:04,11/02/2024 21:48,bun04,13/02/2024 19:55
ff4a4ddb-d9fe-4b93-995d-14567cb69849,Youth,Producers/Processors,Jigawa,Rural,Yes,Production,Yes,No,WOFAN,Jigawa-WOFAN,JahNDS630,Female,2024-02-13,13/02/2024 14:47,13/02/2024 14:15,jah55,13/02/2024 20:04
61351457-a0ef-4608-bda8-4bc9927e899f,Youth,Producers/Processors,Jigawa,Rural,Yes,Production,Yes,Yes,WOFAN,Jigawa-WOFAN,JahBYYS58,Female,2024-02-13,13/02/2024 16:37,13/02/2024 16:24,jah55,13/02/2024 20:05
b407dc9b-24d3-4fb0-b4a1-046c4545fc36,Youth,Producers,Kano,Rural,No,---,No,Yes,WOFAN,Kano-WOFAN,GarW9O640,Female,2024-02-13,13/02/2024 12:28,13/02/2024 12:04,bun16,13/02/2024 20:17
656b3b00-e921-413c-b633-48c188666a77,Youth,Producers/Processors,Kano,Rural,No,---,No,Yes,WOFAN,Kano-WOFAN,GarTMQ631,Female,2024-02-13,13/02/2024 12:49,13/02/2024 12:40,bun16,13/02/2024 20:17
b5e696ad-f17c-42e7-99af-ea59baa14a1c,Youth,Producers/Processors,Kano,Rural,No,---,No,Yes,WOFAN,Kano-WOFAN,GarPQ3G18,Male,2024-02-13,13/02/2024 14:05,13/02/2024 13:56,bun16,13/02/2024 20:18
09ac51c6-52b2-408f-a4d3-8fa6b3dbd0b3,Youth,Producers,Bauchi,Rural,No,---,Yes,No,WOFAN,Bauchi-WOFAN,TafA37M39,Male,2024-02-13,13/02/2024 08:36,12/02/2024 17:37,taf04,13/02/2024 20:38
fb317873-0b45-4511-8229-3dd550b72529,Youth,Producers,Gombe,Rural,Yes,Processing,Yes,No,WOFAN,Gombe-WOFAN,AkkGFS855,Female,2024-02-13,13/02/2024 20:02,13/02/2024 19:43,akk01,13/02/2024 20:45
80a0ef5b-94a0-4cc7-b4d5-3f71fa25cdb8,Youth,Processors,Bauchi,Urban,Yes,Processing,Yes,No,WOFAN,Bauchi-WOFAN,BauURQI49,Female,2024-02-13,13/02/2024 19:46,13/02/2024 19:37,bau12,13/02/2024 20:45
af16232f-d645-4d55-abb3-d5df91912f77,Youth,Processors,Bauchi,Urban,Yes,Production,Yes,No,WOFAN,Bauchi-WOFAN,BauV0NJ48,Female,2024-02-13,13/02/2024 20:09,13/02/2024 20:02,bau12,13/02/2024 20:45
438b694b-c371-488d-be1d-453f22d1fc9c,Youth,Processors,Bauchi,Urban,Yes,Production,Yes,Yes,WOFAN,Bauchi-WOFAN,Bau0V4R52,Female,2024-02-13,13/02/2024 20:22,13/02/2024 20:14,bau12,13/02/2024 20:45
a09900a3-9616-43c9-849d-cf6c06ec13e1,Youth,Producers,Jigawa,Rural,Yes,Production,Yes,No,WOFAN,Jigawa-WOFAN,JahLUHM07,Female,2024-02-13,13/02/2024 09:57,13/02/2024 09:46,jah42,13/02/2024 20:46
f8057038-4014-4a39-b90e-e5e6ea0d0fca,Youth,Producers/Processors,Jigawa,Rural,Yes,Production,Yes,Yes,WOFAN,Jigawa-WOFAN,RinM9JU53,Female,2024-02-13,13/02/2024 20:56,13/02/2024 20:46,rin17,13/02/2024 20:56
67ed41df-9f97-4060-91b3-77e459f48b37,Youth,Producers,Kano,Rural,Yes,Production,Yes,Yes,WOFAN,Kano-WOFAN,GarYCOK49,Female,2024-02-13,13/02/2024 19:53,13/02/2024 19:34,gmm48,13/02/2024 21:10
bddf3c7e-802e-430b-bd80-db2ef3a363af,Youth,Producers,Jigawa,Rural,Yes,Production,Yes,Yes,WOFAN,Jigawa-WOFAN,JahQOC905,Female,2024-02-13,13/02/2024 21:10,13/02/2024 20:36,jah83,13/02/2024 21:13
fcde0a62-c471-4c46-835a-b96d2bfa6977,Youth,Producers,Jigawa,Rural,Yes,Production,Yes,No,WOFAN,Jigawa-WOFAN,Jah51WY37,Female,2024-02-13,13/02/2024 19:54,13/02/2024 19:45,jah67,13/02/2024 21:25
6c016799-c6ff-4110-a1ff-0b79c78abd88,Youth,Producers,Kano,Rural,No,---,Yes,No,WOFAN,Kano-WOFAN,GarUHR505,Female,2024-02-13,13/02/2024 15:29,13/02/2024 15:17,bun21,13/02/2024 21:34
ec3bdca7-9482-4b85-9e5d-d57542ebab4b,Youth,Producers,Kano,Rural,Yes,Production,Yes,Yes,WOFAN,Kano-WOFAN,BebXVP843,Female,2024-02-13,13/02/2024 14:37,13/02/2024 14:21,kir07,13/02/2024 21:37
a60713fe-8919-4d0e-8c1c-e758180cb90b,Youth,Producers/Processors,Bauchi,Urban,No,---,No,No,WOFAN,Bauchi-WOFAN,BauD4JF34,Female,2024-02-13,13/02/2024 21:44,13/02/2024 21:27,bau13,13/02/2024 21:44
63047cad-335e-4846-ba3b-2d6eb649d39a,Youth,Processors,Kano,Rural,Yes,Processing,Yes,Yes,WOFAN,Kano-WOFAN,Kur6WI430,Male,2024-02-12,12/02/2024 17:25,12/02/2024 17:14,kur03,13/02/2024 21:48
f7ecf758-c51b-4662-bad2-7fdcc15ac864,Youth,Producers,Jigawa,Rural,Yes,Agro-Input_Dealer,Yes,Yes,WOFAN,Jigawa-WOFAN,Jah5BED42,Female,2024-02-13,13/02/2024 07:22,13/02/2024 06:48,jah56,13/02/2024 22:31
ee037ab7-72ba-4658-930a-8db799a0cc1a,Youth,Marketers,Jigawa,Rural,Yes,Agro-Trader,Yes,Yes,WOFAN,Jigawa-WOFAN,JahQZCV33,Female,2024-02-13,13/02/2024 17:44,13/02/2024 17:35,jah79,13/02/2024 23:29
7cd06388-0c07-416c-af48-e131e9134caf,Youth,Producers/Processors,Kano,Rural,Yes,Production,Yes,Yes,WOFAN,Kano-WOFAN,GarWZC118,Female,2024-02-14,14/02/2024 02:09,14/02/2024 01:46,gmm49,14/02/2024 02:17
7078282f-cdd0-4905-ab41-df9ebe0638a7,Youth,Producers,Kano,Rural,Yes,Production,Yes,Yes,WOFAN,Kano-WOFAN,Kir5LZ305,Female,2024-02-13,13/02/2024 22:27,13/02/2024 22:07,kir11,14/02/2024 04:09
97259dbb-1b3a-4540-b84f-0935e8c08242,Youth,Producers/Processors,Kano,Peri_urban,Yes,Production,Yes,Yes,WOFAN,Kano-WOFAN,KirRGHN36,Female,2024-02-13,13/02/2024 20:57,13/02/2024 19:50,kir18,14/02/2024 05:19
fc44c748-bad7-4ef5-8bb9-4ed3edd10e03,Youth,Producers/Processors,Kano,Peri_urban,Yes,Production,Yes,Yes,WOFAN,Kano-WOFAN,KirET4119,Female,2024-02-13,13/02/2024 21:42,13/02/2024 21:18,kir18,14/02/2024 05:25
f575a738-2398-422a-9222-159ac403addd,Youth,Producers/Processors,Jigawa,Rural,Yes,Production,Yes,Yes,WOFAN,Jigawa-WOFAN,Rin118B33,Female,2024-02-14,14/02/2024 06:27,14/02/2024 06:17,rin18,14/02/2024 06:27
a92758e5-f68b-4b8a-a41b-19ea824ce280,Youth,Marketers,Kano,Peri_urban,Yes,Production,Yes,No,WOFAN,Kano-WOFAN,BebXRDZ04,Male,2024-02-13,13/02/2024 14:29,13/02/2024 14:19,tun04,14/02/2024 06:52
9a3130bb-b98e-4555-abf2-abbb256a2052,Youth,Processors,Kano,Peri_urban,Yes,Production,Yes,No,WOFAN,Kano-WOFAN,BebQF5S10,Female,2024-02-13,13/02/2024 14:47,13/02/2024 14:38,tun04,14/02/2024 06:52
35583075-3cf1-49ff-8847-97a040681c8b,Youth,Processors,Jigawa,Rural,Yes,Processing,Yes,Yes,WOFAN,Jigawa-WOFAN,JahQ6OZ17,Female,2024-02-14,14/02/2024 06:44,14/02/2024 06:31,jah68,14/02/2024 06:58
db839b8c-2f6f-4d89-a266-2e55dc3d4c94,Youth,Producers/Processors,Gombe,Urban,Yes,Agro-Input_Dealer,No,No,WOFAN,Gombe-WOFAN,GomUSFA45,Female,2024-02-14,14/02/2024 07:11,14/02/2024 06:47,gom18,14/02/2024 07:11
a1ed4c7d-276a-4f82-8969-64865490fd36,Youth,Processors,Jigawa,Rural,Yes,Processing,Yes,Yes,WOFAN,Jigawa-WOFAN,JahR4A832,Female,2024-02-14,14/02/2024 07:13,14/02/2024 07:00,jah68,14/02/2024 07:14
886146e9-84c0-4e3d-8ee0-5b9987b896b0,Youth,Producers,Kano,Rural,Yes,Production,Yes,Yes,WOFAN,Kano-WOFAN,GarZY0V47,Female,2024-02-13,13/02/2024 17:50,13/02/2024 17:40,bun07,14/02/2024 07:22
80d1b71d-1f37-4529-8b4e-e527b9050701,Youth,Producers,Kano,Rural,Yes,Production,Yes,Yes,WOFAN,Kano-WOFAN,GarRKTN46,Male,2024-02-13,13/02/2024 20:16,13/02/2024 20:02,gmm50,14/02/2024 07:27
b0b98e9a-c3fe-4f2a-8063-c677408f8590,Youth,Processors,Jigawa,Rural,Yes,Processing,Yes,Yes,WOFAN,Jigawa-WOFAN,JahDOFI02,Female,2024-02-14,14/02/2024 07:31,14/02/2024 07:20,jah68,14/02/2024 07:31
9afa84d4-a4f9-4cf1-a8ba-4c5d9a493e4d,Youth,Producers,Gombe,Rural,Yes,Production,Yes,No,WOFAN,Gombe-WOFAN,ShoUCHG10,Female,2024-02-14,14/02/2024 07:41,14/02/2024 07:10,sha01,14/02/2024 07:41
2e127ea7-e4fb-420d-b8f1-bf4308947903,Youth,Marketers,Jigawa,Rural,No,---,Yes,Yes,WOFAN,Jigawa-WOFAN,JahBXUA18,Female,2024-02-14,14/02/2024 07:45,14/02/2024 07:28,jah80,14/02/2024 07:46
d4814757-c70c-4a2b-9f39-d45af83ec1d1,Youth,Producers,Kano,Rural,Yes,Agro-Input_Dealer,Yes,Yes,WOFAN,Kano-WOFAN,GarWHW008,Female,2024-02-13,13/02/2024 12:53,13/02/2024 12:43,kur07,14/02/2024 07:54
be3a31b3-72c0-4cfa-805e-73a28d9a3bf5,Youth,Producers,Jigawa,Rural,Yes,Agro-Input_Dealer,No,Yes,WOFAN,Jigawa-WOFAN,Jah092B55,Female,2024-02-14,14/02/2024 08:01,14/02/2024 07:56,jah41,14/02/2024 08:01
2ea33243-c437-46b3-b1dd-388ba7d130aa,Youth,Processors,Jigawa,Rural,No,---,No,No,WOFAN,Jigawa-WOFAN,JahMG5716,Female,2024-02-12,12/02/2024 20:04,12/02/2024 20:01,jah71,14/02/2024 08:05
55d5e4ad-bbea-4fb3-b305-848f5a623a83,Youth,Producers,Gombe,Rural,No,---,Yes,No,WOFAN,Gombe-WOFAN,ShoFANZ07,Female,2024-02-14,14/02/2024 08:07,14/02/2024 07:51,sha03,14/02/2024 08:07
f513c368-5215-453e-9631-caa5d9048435,Youth,Producers,Jigawa,Rural,No,---,No,No,WOFAN,Jigawa-WOFAN,Jah4R4L17,Female,2024-02-14,14/02/2024 08:22,14/02/2024 08:19,jah84,14/02/2024 08:22
93b5234e-69c0-4e2b-a524-e6501b8b256f,Youth,Producers/Processors,Jigawa,Rural,Yes,Production,Yes,Yes,WOFAN,Jigawa-WOFAN,Jah63FE22,Female,2024-02-14,14/02/2024 07:21,14/02/2024 07:15,jah72,14/02/2024 08:25
0f66cca3-bde7-4a26-8c3a-9da7314f5c2f,Youth,Producers/Processors,Kano,Peri_urban,No,---,No,Yes,WOFAN,Kano-WOFAN,KirBR1O49,Female,2024-02-14,14/02/2024 08:42,14/02/2024 08:12,kir21,14/02/2024 08:42
dddecc98-c77f-478f-8226-6223dffc937c,Youth,Processors,Jigawa,Rural,No,---,No,No,WOFAN,Jigawa-WOFAN,Jah23EJ56,Female,2024-02-14,14/02/2024 08:47,14/02/2024 08:38,jah41,14/02/2024 08:47
d690b065-51f9-4d95-8f72-b7ad0c964eab,Youth,Producers,Kano,Peri_urban,Yes,Production,Yes,No,WOFAN,Kano-WOFAN,BebGEII56,Female,2024-02-13,13/02/2024 20:37,13/02/2024 20:13,kir06,14/02/2024 08:53
186b71b6-6b79-443a-92c4-9fb6a8f49b66,Youth,Processors,Kano,Rural,No,---,No,No,WOFAN,Kano-WOFAN,GarBEYS34,Female,2024-02-14,14/02/2024 08:50,14/02/2024 08:41,bun20,14/02/2024 08:55
cee4af6a-4b9f-41da-a42e-b07ca9eb90bc,Youth,Producers/Processors,Kano,Rural,Yes,Mechanization_service_provider,No,No,WOFAN,Kano-WOFAN,TudV34520,Female,2024-02-14,14/02/2024 08:59,14/02/2024 08:54,tun17,14/02/2024 08:59
380c0b10-957d-4354-8faf-914ad202c62c,Youth,Producers,Kano,Rural,Yes,Production,Yes,Yes,WOFAN,Kano-WOFAN,BebWBLV28,Female,2024-02-14,14/02/2024 09:02,14/02/2024 08:20,kir01,14/02/2024 09:02
e819a49c-d985-4aa4-a662-34e616f52437,Youth,Marketers,Kano,Rural,Yes,Agro-Input_Dealer,No,Yes,WOFAN,Kano-WOFAN,GarNFJA24,Female,2024-02-13,13/02/2024 18:02,13/02/2024 17:53,ran07,14/02/2024 09:12
c4625ac9-f0c4-4170-aa5d-101f394e6d99,Youth,Marketers,Jigawa,Rural,Yes,Agro-Trader,Yes,Yes,WOFAN,Jigawa-WOFAN,JahH2ZL12,Female,2024-02-14,14/02/2024 07:49,14/02/2024 07:35,jah81,14/02/2024 09:14
25183b68-998c-4451-8308-1919464aa089,Youth,Producers/Processors,Kano,Rural,Yes,Production,Yes,No,WOFAN,Kano-WOFAN,BebEXQ414,Female,2024-02-14,14/02/2024 09:12,14/02/2024 09:05,tun13,14/02/2024 09:18
0f8a6938-b2f8-437c-96b2-c54931c1eb38,Youth,Producers,Jigawa,Rural,Yes,Agro-Input_Dealer,Yes,No,WOFAN,Jigawa-WOFAN,JahE8PQ54,Female,2024-02-14,14/02/2024 09:18,14/02/2024 09:07,jah40,14/02/2024 09:18
e8117674-e72c-4369-b450-18f73c018b31,Youth,Producers,Jigawa,Rural,Yes,Production,Yes,No,WOFAN,Jigawa-WOFAN,JahXO4T47,Female,2024-02-14,14/02/2024 07:41,14/02/2024 07:36,jah67,14/02/2024 09:19
ec48ebf0-0fe5-40b5-be25-65d8823af055,Youth,Producers/Processors,Kaduna,Urban,Yes,Production,No,No,WOFAN,Kaduna-WOFAN,IkaKFP844,Female,2024-02-14,14/02/2024 09:32,14/02/2024 09:25,ika24,14/02/2024 09:32
2de87444-0564-48bb-99d1-91f8eef2541e,Youth,Producers,Kano,Rural,No,---,Yes,No,WOFAN,Kano-WOFAN,GarZ8QS06,Female,2024-02-13,13/02/2024 16:31,13/02/2024 16:15,bun18,14/02/2024 09:36
0c951755-2c32-489a-8746-3e24491644d7,Youth,Marketers,Jigawa,Rural,Yes,Agro-Trader,Yes,No,WOFAN,Jigawa-WOFAN,JahAIJO32,Female,2024-02-14,14/02/2024 09:36,14/02/2024 09:25,jah75,14/02/2024 09:36
d84f03d5-8db1-4199-90b7-7e81ebe68317,Youth,Producers,Kano,Rural,No,---,Yes,No,WOFAN,Kano-WOFAN,GarWIYH49,Female,2024-02-14,14/02/2024 07:38,14/02/2024 07:25,bun17,14/02/2024 09:38
8391a397-b9bf-4fd8-9cd3-e0fd635386e6,Youth,Producers,Jigawa,Rural,Yes,Production,Yes,No,WOFAN,Jigawa-WOFAN,JahPRZ007,Female,2024-02-14,14/02/2024 09:42,14/02/2024 09:33,jah39,14/02/2024 09:42
9b510d37-d0da-4618-a7cd-0f10dc4fc620,Youth,Producers,Kano,Rural,No,---,Yes,No,WOFAN,Kano-WOFAN,GarO4B632,Female,2024-02-14,14/02/2024 06:38,14/02/2024 06:13,bun09,14/02/2024 09:43
9da12bbb-5287-4b74-99d3-1f870b11977c,Youth,Producers,Jigawa,Rural,No,---,No,No,WOFAN,Jigawa-WOFAN,JahFNYX55,Female,2024-02-14,14/02/2024 08:26,14/02/2024 08:23,jah84,14/02/2024 09:49
1afe31b1-e1c2-4952-a79a-5dd858a426f5,Youth,Producers/Processors,Jigawa,Rural,Yes,Production,No,No,WOFAN,Jigawa-WOFAN,JahGCIH30,Female,2024-02-14,14/02/2024 09:52,14/02/2024 09:44,jah73,14/02/2024 09:52
414aa00f-31e4-4253-bc2c-2d63ee200782,Youth,Producers/Processors,Bauchi,Peri_urban,Yes,Processing,Yes,Yes,WOFAN,Bauchi-WOFAN,BauSFRX23,Female,2024-02-14,14/02/2024 09:58,14/02/2024 09:46,bau11,14/02/2024 09:58
97c8d55d-5086-4f63-83d0-f950be5ce2fa,Youth,Producers,Kano,Rural,Yes,Production,Yes,No,WOFAN,Kano-WOFAN,KirDSPO58,Female,2024-02-14,14/02/2024 08:45,14/02/2024 08:39,kir08,14/02/2024 10:02
17e4f16b-989d-440a-9973-b3deef2655bb,Youth,Producers,Kano,Rural,Yes,Production,Yes,Yes,WOFAN,Kano-WOFAN,Gar5O0X24,Female,2024-02-14,14/02/2024 08:11,14/02/2024 08:00,kur07,14/02/2024 10:03
3d464c3c-cccc-45ec-854b-279f1a891f25,Youth,Producers,Jigawa,Rural,Yes,Production,Yes,Yes,WOFAN,Jigawa-WOFAN,Rin85PG53,Female,2024-02-14,14/02/2024 10:04,14/02/2024 09:55,rin16,14/02/2024 10:04
a55f825c-aa4e-43d6-bcb7-95df0f636ace,Youth,Producers/Processors,Kano,Rural,Yes,Production,Yes,No,WOFAN,Kano-WOFAN,Beb7M1237,Female,2024-02-14,14/02/2024 10:08,14/02/2024 09:58,tun21,14/02/2024 10:08
b38fc3f0-4389-42e1-bc61-e6c3327f8a01,Youth,Producers,Kano,Rural,Yes,Production,Yes,Yes,WOFAN,Kano-WOFAN,GarXX8J54,Female,2024-02-14,14/02/2024 09:14,14/02/2024 08:22,bun07,14/02/2024 10:08
aa7b3626-23b0-4bdd-836e-69890be7c121,Youth,Processors,Jigawa,Rural,No,---,No,No,WOFAN,Jigawa-WOFAN,JahCWNL22,Female,2024-02-14,14/02/2024 10:11,14/02/2024 10:03,jah59,14/02/2024 10:11
ee7aa476-b348-4f92-a306-e5d6e817482f,Youth,Producers/Processors,Kano,Rural,Yes,Production,Yes,Yes,WOFAN,Kano-WOFAN,BebXYWR45,Female,2024-02-14,14/02/2024 10:12,14/02/2024 10:03,kir13,14/02/2024 10:12
d018e460-b2f2-4e1b-8c90-301c126cefbd,Youth,Producers/Processors,Gombe,Peri_urban,Yes,Production,Yes,No,WOFAN,Gombe-WOFAN,BilWXQO08,Female,2024-02-14,14/02/2024 10:14,14/02/2024 09:47,bill04,14/02/2024 10:14
b6ac70ea-e560-4551-b75a-accf5ddbf826,Youth,Producers,Jigawa,Peri_urban,Yes,Production,Yes,Yes,WOFAN,Jigawa-WOFAN,JahO9CE54,Female,2024-02-14,14/02/2024 07:46,14/02/2024 07:37,jah56,14/02/2024 10:15
73a11e01-2dc2-4570-9021-85381d6cecb1,Youth,Processors,Jigawa,Rural,Yes,Processing,Yes,Yes,WOFAN,Jigawa-WOFAN,JahX6L906,Female,2024-02-14,14/02/2024 10:19,14/02/2024 10:08,jah68,14/02/2024 10:19
a94602fa-009c-4ec6-92e1-3eddf6ec04ad,Youth,Producers/Processors,Kano,Urban,Yes,Production,Yes,No,WOFAN,Kano-WOFAN,KurRF2K55,Female,2024-02-14,14/02/2024 07:44,14/02/2024 07:27,kur14,14/02/2024 10:23
aaea09ac-e0cd-4420-82f1-1b81f50d2e1c,Youth,Producers,Kano,Rural,Yes,Production,Yes,Yes,WOFAN,Kano-WOFAN,BebS0O407,Female,2024-02-14,14/02/2024 10:16,14/02/2024 10:00,kir12,14/02/2024 10:25
54bde886-dd27-485b-a7a0-519f7acc0632,Youth,Producers,Kano,Rural,Yes,Production,No,Yes,WOFAN,Kano-WOFAN,BebJ0L302,Female,2024-02-14,14/02/2024 09:52,14/02/2024 09:38,kir13,14/02/2024 10:30
13fd6389-c88b-41a4-bb90-92ef8c62df86,Youth,Producers,Kano,Rural,Yes,Production,Yes,No,WOFAN,Kano-WOFAN,BebLPA811,Female,2024-02-14,14/02/2024 10:33,14/02/2024 10:19,kir20,14/02/2024 10:33
20afb359-e824-4a88-b1da-04dc2006e111,Youth,Processors,Kano,Rural,Yes,Production,Yes,Yes,WOFAN,Kano-WOFAN,BebTGB521,Female,2024-02-14,14/02/2024 10:35,14/02/2024 09:38,tun12,14/02/2024 10:35
49304dda-a72e-422d-a905-748e075ca607,Youth,Producers/Processors,Kano,Rural,Yes,Production,Yes,Yes,WOFAN,Kano-WOFAN,KurSSW212,Female,2024-02-14,14/02/2024 07:18,14/02/2024 07:02,kur05,14/02/2024 10:38
3d6d3c03-1879-4719-b442-e52fb5878aac,Youth,Producers/Processors,Jigawa,Rural,Yes,Production,Yes,Yes,WOFAN,Jigawa-WOFAN,JahIK7L10,Female,2024-02-14,14/02/2024 10:41,14/02/2024 10:34,jah54,14/02/2024 10:41
b8b6e615-ab84-42cb-a5e0-de04389c205d,Youth,Marketers,Jigawa,Rural,Yes,Processing,Yes,Yes,WOFAN,Jigawa-WOFAN,JahMXJF35,Female,2024-02-14,14/02/2024 07:49,14/02/2024 07:39,jah79,14/02/2024 10:44
6a494ae1-22c9-43c7-8613-d1c63babf5e6,Youth,Producers/Processors,Jigawa,Rural,Yes,Production,Yes,Yes,WOFAN,Jigawa-WOFAN,Rin8JDL07,Female,2024-02-14,14/02/2024 10:44,14/02/2024 10:34,rin18,14/02/2024 10:44
962ad074-ca6c-4b66-b464-7cc795995116,Youth,Producers/Processors,Bauchi,Rural,No,---,Yes,No,WOFAN,Bauchi-WOFAN,WarB4HM03,Female,2024-02-14,14/02/2024 10:46,14/02/2024 10:32,war04,14/02/2024 10:46
0bc2ff3d-d5cd-4b3f-8c65-6a88dd58dca6,Youth,Processors,Kano,Rural,No,---,No,No,WOFAN,Kano-WOFAN,BebAVV905,Female,2024-02-14,14/02/2024 09:38,14/02/2024 09:23,tun15,14/02/2024 10:52
31b09d77-6c44-4112-aca6-b000db569f2f,Youth,Producers/Processors,Kano,Rural,Yes,Production,Yes,Yes,WOFAN,Kano-WOFAN,Kur5LYF18,Female,2024-02-14,14/02/2024 10:53,14/02/2024 10:44,kur05,14/02/2024 10:53
5f5195bd-a097-4ea4-88b7-ebeb65d2a453,Youth,Producers/Processors,Kano,Rural,No,---,No,No,WOFAN,Kano-WOFAN,Kur2R1Z38,Female,2024-02-14,14/02/2024 10:20,14/02/2024 10:15,kur09,14/02/2024 10:55
a7d9e85f-02d2-4e44-a125-2ff9f0f7c388,Youth,Producers,Jigawa,Rural,Yes,Production,No,No,WOFAN,Jigawa-WOFAN,JahH58B41,Female,2024-02-14,14/02/2024 10:56,14/02/2024 10:47,jah42,14/02/2024 10:57
39561d0a-8f3a-462b-b350-39ee641247d3,Youth,Producers,Kano,Rural,No,---,No,No,WOFAN,Kano-WOFAN,GarOB5O56,Female,2024-02-14,14/02/2024 10:57,14/02/2024 10:46,bun18,14/02/2024 10:57
23238a92-564c-4ec1-8324-418aaa1d9779,Youth,Producers,Kano,Rural,No,---,Yes,No,WOFAN,Kano-WOFAN,GarG5RW31,Female,2024-02-14,14/02/2024 10:57,14/02/2024 10:18,bun06,14/02/2024 10:57
1ec7fafd-57e2-4e94-989f-1eb76882ebdf,Youth,Producers,Bauchi,Urban,Yes,Production,Yes,Yes,WOFAN,Bauchi-WOFAN,Bau4IL959,Female,2024-02-13,13/02/2024 15:59,13/02/2024 15:45,bau10,14/02/2024 10:58
06336a31-f9db-4478-9288-aca718584ee3,Youth,Producers,Jigawa,Rural,Yes,Production,Yes,No,WOFAN,Jigawa-WOFAN,TauFSXX15,Female,2024-02-14,14/02/2024 10:58,14/02/2024 10:49,tau21,14/02/2024 10:58
4aa155e7-4e54-4dc7-8487-c57f325a1338,Youth,Producers/Processors,Kano,Rural,Yes,Production,Yes,Yes,WOFAN,Kano-WOFAN,GarOXLQ41,Female,2024-02-14,14/02/2024 07:39,14/02/2024 07:28,bun14,14/02/2024 11:00
25c94fd5-cf12-457c-85e6-4ae469495593,Youth,Producers,Gombe,Rural,No,---,Yes,No,WOFAN,Gombe-WOFAN,BilGWH902,Female,2024-02-14,14/02/2024 11:05,14/02/2024 10:49,bill08,14/02/2024 11:05
b03f55a3-6881-471a-be23-101abc45f46f,Youth,Producers,Kano,Rural,Yes,Production,Yes,No,WOFAN,Kano-WOFAN,GarEQ4C35,Male,2024-02-14,14/02/2024 07:34,14/02/2024 04:11,gmm60,14/02/2024 11:10
be35c6aa-6993-4320-8a84-0b6b82f3a68c,Youth,Producers/Processors,Bauchi,Urban,Yes,Production,Yes,Yes,WOFAN,Bauchi-WOFAN,Bau21V154,Female,2024-02-14,14/02/2024 10:37,14/02/2024 10:24,bau14,14/02/2024 11:14
eeefb5b9-05df-42db-90ea-82ff30bc8cdb,Youth,Producers,Kano,Rural,Yes,Agro-Input_Dealer,Yes,No,WOFAN,Kano-WOFAN,Kur0PLB05,Female,2024-02-14,14/02/2024 08:43,14/02/2024 08:29,kur04,14/02/2024 11:23
f467c15a-9c0f-467d-8d5f-961a55a03855,Youth,Producers,Kano,Rural,Yes,Production,Yes,No,WOFAN,Kano-WOFAN,Kur3OT523,Female,2024-02-14,14/02/2024 08:54,14/02/2024 08:49,kur11,14/02/2024 11:25
62289559-ad99-423d-82cc-fb7e25194e76,Youth,Producers,Jigawa,Rural,No,---,Yes,No,WOFAN,Jigawa-WOFAN,Rin13JH51,Female,2024-02-14,14/02/2024 10:33,14/02/2024 10:21,rin13,14/02/2024 11:37
64d29eac-e1c5-429a-9790-fb9c517d7bcb,Youth,Processors,Kano,Rural,Yes,Agro-Input_Dealer,Yes,Yes,WOFAN,Kano-WOFAN,GarW0Y250,Female,2024-02-14,14/02/2024 11:41,14/02/2024 11:26,bun02,14/02/2024 11:42
fc4eedc6-f16d-4c02-89a0-9926c02a0419,Youth,Producers,Jigawa,Rural,Yes,Production,Yes,Yes,WOFAN,Jigawa-WOFAN,RinNLFL10,Female,2024-02-14,14/02/2024 11:41,14/02/2024 11:18,rin22,14/02/2024 11:43
e42c7997-5945-463e-952f-5cbcba44b66a,Youth,Producers/Processors,Jigawa,Rural,Yes,Production,Yes,No,WOFAN,Jigawa-WOFAN,JahPBLF11,Female,2024-02-14,14/02/2024 08:36,14/02/2024 08:24,jah55,14/02/2024 11:43
d035211c-fae8-409b-b8b8-87f9eb86607a,Youth,Producers,Jigawa,Rural,Yes,Production,Yes,No,WOFAN,Jigawa-WOFAN,JahI3ZM13,Female,2024-02-14,14/02/2024 10:12,14/02/2024 10:07,jah67,14/02/2024 11:43
b7f08b6f-de2f-4a94-824f-e6895ff0310a,Youth,Producers/Processors,Jigawa,Rural,Yes,Production,Yes,No,WOFAN,Jigawa-WOFAN,JahFRIX21,Female,2024-02-14,14/02/2024 10:17,14/02/2024 10:07,jah55,14/02/2024 11:45
1bba0900-c603-4397-a2cc-909fef1a4323,Youth,Producers,Jigawa,Rural,Yes,Production,Yes,Yes,WOFAN,Jigawa-WOFAN,JahEJP418,Female,2024-02-14,14/02/2024 09:02,14/02/2024 08:53,jah55,14/02/2024 11:51
39fdb09f-271f-4c88-a41a-eadb1cfac9c4,Youth,Producers,Jigawa,Rural,Yes,Production,Yes,Yes,WOFAN,Jigawa-WOFAN,JahRRMA00,Female,2024-02-14,14/02/2024 09:16,14/02/2024 09:03,jah55,14/02/2024 11:51
a56ec0e2-6dc8-4b30-b2fb-b00a82445056,Youth,Producers/Processors,Kaduna,Rural,Yes,Production,No,No,WOFAN,Kaduna-WOFAN,IkaR0AR05,Female,2024-02-14,14/02/2024 11:51,14/02/2024 11:42,ika14,14/02/2024 11:52
e7e3b508-60a8-4883-b433-58c5d8f674f6,Youth,Producers,Jigawa,Rural,No,---,Yes,No,WOFAN,Jigawa-WOFAN,TauE96F50,Female,2024-02-14,14/02/2024 07:54,14/02/2024 07:46,tau19,14/02/2024 11:58
8fead84c-fbbe-44da-884f-354fbb58c725,Youth,Producers,Jigawa,Rural,Yes,Production,Yes,Yes,WOFAN,Jigawa-WOFAN,Jah832912,Female,2024-02-14,14/02/2024 12:00,14/02/2024 09:29,jah83,14/02/2024 12:01
075c8459-f53e-40a3-b512-3fc35a840bba,Youth,Processors,Kano,Rural,Yes,Processing,Yes,Yes,WOFAN,Kano-WOFAN,BebP5IG34,Female,2024-02-14,14/02/2024 11:38,14/02/2024 10:51,tun20,14/02/2024 12:01
705a05c3-e987-46eb-9c72-2661c070e816,Youth,Producers,Kaduna,Rural,Yes,Agro-Input_Dealer,Yes,No,WOFAN,Kaduna-WOFAN,Ika07UV14,Female,2024-02-14,14/02/2024 09:10,14/02/2024 08:35,ika26,14/02/2024 12:04
7e083ddf-4969-4574-b209-2ef0e09e70c3,Youth,Processors,Kano,Rural,Yes,Processing,Yes,Yes,WOFAN,Kano-WOFAN,BebJM4N04,Female,2024-02-14,14/02/2024 10:37,14/02/2024 10:27,tun11,14/02/2024 12:06
6cf79160-a335-4d01-9815-5b2017454be7,Youth,Producers,Bauchi,Rural,No,---,Yes,No,WOFAN,Bauchi-WOFAN,Taf12WK23,Female,2024-02-14,14/02/2024 11:55,14/02/2024 11:34,taf02,14/02/2024 12:08
d84313ca-973a-4020-a903-99b71505622a,Youth,Marketers,Jigawa,Rural,No,---,Yes,Yes,WOFAN,Jigawa-WOFAN,Jah811031,Female,2024-02-14,14/02/2024 12:14,14/02/2024 12:06,jah80,14/02/2024 12:14
9251c181-359e-42df-92bb-55aee8ef78b6,Youth,Producers,Bauchi,Rural,No,---,Yes,No,WOFAN,Bauchi-WOFAN,WarYD5H30,Female,2024-02-14,14/02/2024 10:51,14/02/2024 10:40,war03,14/02/2024 12:15
2fe44b91-0d05-49a4-ab1e-c45c14491249,Youth,Processors,Kano,Rural,No,---,No,No,WOFAN,Kano-WOFAN,Beb194O18,Female,2024-02-14,14/02/2024 12:16,14/02/2024 12:02,tun15,14/02/2024 12:16
393faa42-07a4-43b2-b82a-58205ef2249b,Youth,Processors,Kano,Rural,Yes,Processing,No,No,WOFAN,Kano-WOFAN,BebSERM52,Female,2024-02-14,14/02/2024 09:56,14/02/2024 09:48,tun31,14/02/2024 12:21
f1eb4e38-b945-47e7-8fee-351ffa84c034,Youth,Producers,Jigawa,Rural,No,---,No,No,WOFAN,Jigawa-WOFAN,JahGQN911,Female,2024-02-14,14/02/2024 07:29,14/02/2024 07:23,jah45,14/02/2024 12:24
b7c8f90e-213b-42e0-bb0c-3d98d351499f,Youth,Processors,Kano,Rural,No,---,Yes,Yes,WOFAN,Kano-WOFAN,BebAI8O02,Female,2024-02-14,14/02/2024 12:27,14/02/2024 11:58,tun11,14/02/2024 12:27
11e895e2-fbe6-4d02-908e-c17d6d7dca65,Youth,Marketers,Kaduna,Rural,No,---,No,No,WOFAN,Kaduna-WOFAN,Ika321J07,Female,2024-02-14,14/02/2024 12:21,14/02/2024 12:15,ika20,14/02/2024 12:30
909f5c46-19c0-4ddc-b1a9-eb334db33f5f,Youth,Producers,Jigawa,Rural,Yes,Production,Yes,Yes,WOFAN,Jigawa-WOFAN,Rin8JS501,Female,2024-02-14,14/02/2024 10:10,14/02/2024 09:56,rin26,14/02/2024 12:31
51d5c6b0-5f9b-4ac2-b3eb-7118d8c79265,Youth,Producers,Gombe,Rural,Yes,Production,Yes,No,WOFAN,Gombe-WOFAN,Bil3O5J30,Female,2024-02-14,14/02/2024 12:33,14/02/2024 12:20,bill05,14/02/2024 12:33
d46ddd5e-159f-4639-97df-dd153075f164,Youth,Producers/Processors,Jigawa,Rural,No,---,Yes,No,WOFAN,Jigawa-WOFAN,RinAQZ212,Female,2024-02-14,14/02/2024 10:56,14/02/2024 10:47,rin17,14/02/2024 12:34
f82e48e9-b758-44f4-909b-447f5c2bf9a7,Youth,Producers/Processors,Jigawa,Rural,No,---,Yes,No,WOFAN,Jigawa-WOFAN,Tau2N2S14,Female,2024-02-14,14/02/2024 12:38,14/02/2024 11:26,tau29,14/02/2024 12:38
28cce184-1b47-4f21-af9e-fe9332a359d3,Youth,Producers,Kano,Rural,Yes,Production,Yes,No,WOFAN,Kano-WOFAN,BebONH858,Female,2024-02-14,14/02/2024 12:40,14/02/2024 12:29,tun27,14/02/2024 12:40
15b77a2b-01e2-4415-b873-282766d5124a,Youth,Marketers,Gombe,Rural,Yes,Agro-Input_Dealer,Yes,Yes,WOFAN,Gombe-WOFAN,ShoZQ7Q06,Female,2024-02-14,14/02/2024 12:40,14/02/2024 12:28,sha05,14/02/2024 12:40
e48bd0ca-f471-4ccf-b346-c40398195ace,Youth,Processors,Kano,Rural,Yes,Processing,Yes,Yes,WOFAN,Kano-WOFAN,Beb9NXT49,Female,2024-02-14,14/02/2024 12:42,14/02/2024 12:30,tun23,14/02/2024 12:43
bd784701-9dfc-422a-a096-968bc2e8b710,Youth,Producers/Processors,Bauchi,Urban,Yes,Processing,Yes,No,WOFAN,Bauchi-WOFAN,BauNRG250,Female,2024-02-14,14/02/2024 12:44,14/02/2024 12:18,bau16,14/02/2024 12:45
934cc827-5027-4f6e-90fb-35d8d02ddda0,Youth,Producers/Processors,Jigawa,Rural,No,---,Yes,No,WOFAN,Jigawa-WOFAN,Jah787Q52,Female,2024-02-14,14/02/2024 12:47,14/02/2024 12:42,jah73,14/02/2024 12:47
f58928ca-b028-4341-91cb-7ce3c9ccb3ad,Youth,Producers,Kano,Rural,Yes,Agro-Input_Dealer,Yes,Yes,WOFAN,Kano-WOFAN,KirQTP921,Female,2024-02-14,14/02/2024 12:52,14/02/2024 12:39,kir02,14/02/2024 12:52
962894bc-de08-4a13-a384-eac97f6107dd,Youth,Producers/Processors,Kaduna,Rural,Yes,Processing,Yes,No,WOFAN,Kaduna-WOFAN,Ika0I7W14,Female,2024-02-14,14/02/2024 10:29,14/02/2024 10:18,ika25,14/02/2024 12:56
2ab19677-289a-41c2-beee-d464c2f7d4f1,Youth,Processors,Kaduna,Rural,Yes,Processing,Yes,No,WOFAN,Kaduna-WOFAN,IkaITYJ27,Female,2024-02-14,14/02/2024 12:30,14/02/2024 12:08,ika13,14/02/2024 13:00
720b11f7-5a91-4f25-b765-84da95a724ab,Youth,Producers,Kano,Rural,Yes,Production,Yes,No,WOFAN,Kano-WOFAN,KurWED636,Female,2024-02-14,14/02/2024 11:42,14/02/2024 11:28,kur04,14/02/2024 13:07
a8b5fc81-1eb1-44dd-a422-c426865f7f19,Youth,Producers/Processors,Jigawa,Rural,No,---,No,No,WOFAN,Jigawa-WOFAN,Jah3HF530,Female,2024-02-14,14/02/2024 11:02,14/02/2024 10:54,jah43,14/02/2024 13:08
608dd127-14f4-46c7-b720-abe5bdc38793,Youth,Producers/Processors,Kaduna,Rural,No,---,Yes,No,WOFAN,Kaduna-WOFAN,IkaUZNE47,Female,2024-02-14,14/02/2024 13:08,14/02/2024 06:02,ika11,14/02/2024 13:09
bdcfdb20-b6c8-45c8-8b30-229ea8943807,Youth,Producers,Kano,Rural,No,---,Yes,No,WOFAN,Kano-WOFAN,GarFO5756,Female,2024-02-14,14/02/2024 10:37,14/02/2024 10:29,bun21,14/02/2024 13:12
cddceaf2-e0a6-4295-97e1-2ab33d4758e7,Youth,Processors,Kano,Rural,No,---,No,No,WOFAN,Kano-WOFAN,GarXUL408,Female,2024-02-14,14/02/2024 13:16,14/02/2024 13:11,bun20,14/02/2024 13:16
f745ac5b-0269-48c6-85ad-0b405896be89,Youth,Producers,Jigawa,Rural,Yes,Production,Yes,No,WOFAN,Jigawa-WOFAN,Tau1Z3037,Female,2024-02-14,14/02/2024 08:25,14/02/2024 08:13,tau25,14/02/2024 13:23
99354b70-743d-41ab-8a4e-7bb71c0006b1,Youth,Producers/Processors,Kano,Rural,Yes,Processing,Yes,Yes,WOFAN,Kano-WOFAN,GarG3NT07,Female,2024-02-14,14/02/2024 13:24,14/02/2024 13:09,ran11,14/02/2024 13:24
2b85a8d2-a019-4a30-82b0-1496b286140e,Youth,Processors,Kaduna,Rural,Yes,Processing,Yes,No,WOFAN,Kaduna-WOFAN,IkaA3WP33,Female,2024-02-14,14/02/2024 11:15,14/02/2024 11:09,ika32,14/02/2024 13:28
806d5db8-c33e-4290-86fc-b423be0162bf,Youth,Processors,Jigawa,Rural,No,---,No,No,WOFAN,Jigawa-WOFAN,JahD8E226,Female,2024-02-13,13/02/2024 21:53,13/02/2024 20:53,jah64,14/02/2024 13:28
d875eb5a-4619-40e2-a0eb-1aaaf322b8c2,Youth,Processors,Jigawa,Rural,No,---,No,Yes,WOFAN,Jigawa-WOFAN,JahTQ3C50,Female,2024-02-13,13/02/2024 22:04,13/02/2024 21:57,jah64,14/02/2024 13:28
e5931cf1-aa09-4771-bc84-393af7a63b9e,Youth,Processors,Jigawa,Rural,Yes,Other,Yes,Yes,WOFAN,Jigawa-WOFAN,JahWRN228,Female,2024-02-14,14/02/2024 13:28,14/02/2024 13:17,jah68,14/02/2024 13:28
656d25ae-9ae1-47c2-beb4-0bf993adad50,Youth,Producers/Processors,Kaduna,Rural,Yes,Processing,Yes,No,WOFAN,Kaduna-WOFAN,IkaTJTR22,Female,2024-02-14,14/02/2024 11:20,14/02/2024 11:11,ika16,14/02/2024 13:30
9497bac1-8a82-4a50-983e-e7b732f3c6c7,Youth,Marketers,Bauchi,Rural,No,---,Yes,No,WOFAN,Bauchi-WOFAN,TafB18917,Female,2024-02-14,14/02/2024 13:27,14/02/2024 13:13,taf02,14/02/2024 13:37
4a918fe4-e602-43a9-a58c-0a61f7224149,Youth,Processors,Jigawa,Rural,Yes,Other,Yes,Yes,WOFAN,Jigawa-WOFAN,JahOOCX07,Female,2024-02-14,14/02/2024 13:40,14/02/2024 13:28,jah68,14/02/2024 13:40
4de54e6c-b003-421f-be41-71269bc4f38c,Youth,Producers,Jigawa,Rural,Yes,Agro-Input_Dealer,Yes,No,WOFAN,Jigawa-WOFAN,Jah1MBB27,Female,2024-02-14,14/02/2024 13:42,14/02/2024 13:28,jah40,14/02/2024 13:46
fed6dc90-39ed-42ae-9b25-d9109589060f,Youth,Producers,Kano,Rural,Yes,Production,Yes,Yes,WOFAN,Kano-WOFAN,GarFJNU54,Female,2024-02-14,14/02/2024 12:22,14/02/2024 12:14,bun03,14/02/2024 13:47
df1a7bcd-b1f5-451a-82c9-165bcb882653,Youth,Producers,Kano,Rural,No,---,Yes,No,WOFAN,Kano-WOFAN,GarUMXO31,Female,2024-02-14,14/02/2024 10:16,14/02/2024 10:01,bun17,14/02/2024 13:50
4d41f6cc-94f9-4445-b232-948a163ce67c,Youth,Producers,Kano,Rural,No,---,Yes,Yes,WOFAN,Kano-WOFAN,GarJE0L20,Female,2024-02-14,14/02/2024 10:55,14/02/2024 10:45,bun17,14/02/2024 13:50
7ba940e6-bf5d-4d57-8aec-1e30c0feb6eb,Youth,Processors,Jigawa,Rural,Yes,Processing,Yes,No,WOFAN,Jigawa-WOFAN,JahOMBB58,Female,2024-02-14,14/02/2024 12:14,14/02/2024 12:08,jah67,14/02/2024 13:51
6bdd3f0d-9297-4f29-a89d-041a167afd45,Youth,Producers,Kano,Rural,Yes,Production,Yes,Yes,WOFAN,Kano-WOFAN,BebJ41D12,Female,2024-02-14,14/02/2024 08:46,14/02/2024 08:38,kir07,14/02/2024 13:56
c18897ad-fce2-4037-bbd9-5c4c4f5f4100,Youth,Processors,Jigawa,Rural,No,---,No,No,WOFAN,Jigawa-WOFAN,JahZ1QP29,Female,2024-02-14,14/02/2024 08:18,14/02/2024 08:15,jah71,14/02/2024 13:59
39a127e0-b3a7-4a47-b02b-b8dfe7d0b1f6,Youth,Processors,Jigawa,Rural,No,---,No,No,WOFAN,Jigawa-WOFAN,JahL7KV17,Female,2024-02-14,14/02/2024 08:20,14/02/2024 08:18,jah71,14/02/2024 13:59
d3e523e8-d73c-4f13-8781-d01599000392,Youth,Producers,Kano,Rural,No,---,No,No,WOFAN,Kano-WOFAN,Gar2IDG05,Female,2024-02-14,14/02/2024 14:02,14/02/2024 13:51,bun18,14/02/2024 14:03
018b13b1-91d6-47bc-90e7-9e40931878bc,Youth,Producers,Kano,Rural,No,---,Yes,No,WOFAN,Kano-WOFAN,GarA5EF50,Female,2024-02-14,14/02/2024 10:02,14/02/2024 09:46,bun09,14/02/2024 14:14
c00a741e-4e6d-438b-b1f6-047b27e5a9b8,Youth,Producers,Kano,Rural,Yes,Production,Yes,Yes,WOFAN,Kano-WOFAN,BebUPS018,Female,2024-02-14,14/02/2024 14:22,14/02/2024 14:08,kir08,14/02/2024 14:22
d5436fb2-82d3-455e-82e6-e6f78aca6048,Youth,Producers,Kano,Rural,Yes,Production,Yes,Yes,WOFAN,Kano-WOFAN,GarODQS31,Female,2024-02-14,14/02/2024 14:25,14/02/2024 14:13,bun03,14/02/2024 14:25
cabc3b89-e6ef-4e65-b704-4483f942caf8,Youth,Producers/Processors,Kaduna,Rural,Yes,Processing,Yes,Yes,WOFAN,Kaduna-WOFAN,IkaRV2357,Female,2024-02-14,14/02/2024 14:29,14/02/2024 14:12,ika25,14/02/2024 14:30
bbcb9491-b062-4ff6-a28b-668493983e1e,Youth,Producers/Processors,Bauchi,Peri_urban,Yes,Production,Yes,Yes,WOFAN,Bauchi-WOFAN,Das49HY09,Female,2024-02-14,14/02/2024 11:43,14/02/2024 11:28,das10,14/02/2024 14:34
e4e92b43-db3e-43c4-9490-19f1dbde8a6f,Youth,Processors,Kano,Rural,Yes,Agro-Input_Dealer,Yes,Yes,WOFAN,Kano-WOFAN,Beb8K9G59,Female,2024-02-14,14/02/2024 14:35,14/02/2024 14:28,tun11,14/02/2024 14:35
7b8a5e3d-a6e4-4501-89fc-f79c22fa8b93,Youth,Processors,Kano,Rural,Yes,Processing,Yes,Yes,WOFAN,Kano-WOFAN,Gar5ZO212,Female,2024-02-14,14/02/2024 14:37,14/02/2024 14:15,bun02,14/02/2024 14:39
95458059-8a94-4876-9802-d52ac42eee0f,Youth,Producers,Kano,Rural,Yes,Production,Yes,Yes,WOFAN,Kano-WOFAN,GarTVCT35,Female,2024-02-14,14/02/2024 12:03,14/02/2024 11:57,bun05,14/02/2024 14:41
9329b05d-4af6-4077-a515-00b30be7d08c,Youth,Producers,Kano,Rural,No,---,Yes,No,WOFAN,Kano-WOFAN,GarAKD102,Female,2024-02-14,14/02/2024 14:42,14/02/2024 14:20,bun09,14/02/2024 14:42
7df23c95-3d33-40b0-a4dd-a4c740916b0a,Youth,Producers,Kano,Rural,Yes,Production,Yes,No,WOFAN,Kano-WOFAN,KurZP7E17,Female,2024-02-14,14/02/2024 12:28,14/02/2024 12:08,kur01,14/02/2024 14:44
1b3da4bf-cd46-41de-8380-8b98ecb5c114,Youth,Producers/Processors,Jigawa,Rural,Yes,Production,Yes,No,WOFAN,Jigawa-WOFAN,RinPSMV34,Female,2024-02-14,14/02/2024 13:01,14/02/2024 12:52,rin12,14/02/2024 14:53
2aee2995-2828-4479-9d78-ae1c574e1421,Youth,Producers,Kano,Rural,Yes,Production,Yes,Yes,WOFAN,Kano-WOFAN,GarXCBK26,Female,2024-02-14,14/02/2024 14:54,14/02/2024 14:45,bun05,14/02/2024 14:55
5f970a78-1fa6-4bc9-8b07-107b60b24d9a,Youth,Producers/Processors,Kaduna,Rural,Yes,Agro-Input_Dealer,Yes,No,WOFAN,Kaduna-WOFAN,IkaB9YH43,Female,2024-02-14,14/02/2024 14:56,14/02/2024 14:44,ika33,14/02/2024 14:57
6c79dbc2-6ae3-4803-82e0-ad666802413b,Youth,Producers/Processors,Jigawa,Rural,Yes,Production,Yes,Yes,WOFAN,Jigawa-WOFAN,JahLHQL02,Female,2024-02-14,14/02/2024 11:27,14/02/2024 11:19,jah66,14/02/2024 14:59
1ed8c031-ff63-42d1-81ca-c7ccf9ed1878,Youth,Producers/Processors,Jigawa,Rural,Yes,Production,Yes,Yes,WOFAN,Jigawa-WOFAN,JahA5RD25,Female,2024-02-14,14/02/2024 11:28,14/02/2024 11:13,jah66,14/02/2024 14:59
347ac051-7bf3-463f-9515-092736e1adec,Youth,Producers/Processors,Jigawa,Rural,Yes,Production,Yes,Yes,WOFAN,Jigawa-WOFAN,JahFWN410,Female,2024-02-14,14/02/2024 11:29,14/02/2024 11:06,jah66,14/02/2024 14:59
a7e3e013-a432-4ee4-a1af-c10dc5168422,Youth,Marketers,Gombe,Rural,No,---,Yes,No,WOFAN,Gombe-WOFAN,Bil9A7I47,Female,2024-02-14,14/02/2024 15:00,14/02/2024 13:48,bill09,14/02/2024 15:00
a0d95499-a9e0-460e-af89-270d1a5ca5d8,Youth,Producers/Processors,Kano,Rural,No,---,Yes,No,WOFAN,Kano-WOFAN,BebT2O045,Female,2024-02-14,14/02/2024 08:53,14/02/2024 08:44,tun22,14/02/2024 15:05
b02b7be9-38d1-4360-99c0-c75d413bbea7,Youth,Marketers,Gombe,Peri_urban,No,---,Yes,No,WOFAN,Gombe-WOFAN,AkkG9DM34,Female,2024-02-14,14/02/2024 15:06,14/02/2024 14:41,akk05,14/02/2024 15:06
e8286c14-c07f-4ef7-80d2-2d7c3f8c7079,Youth,Producers/Processors,Jigawa,Rural,Yes,Production,Yes,Yes,WOFAN,Jigawa-WOFAN,RinHRBC08,Female,2024-02-14,14/02/2024 15:08,14/02/2024 14:52,rin18,14/02/2024 15:08
8b245e73-5681-461c-96da-b4baa7f82fd3,Youth,Producers,Kano,Rural,Yes,Production,Yes,Yes,WOFAN,Kano-WOFAN,Beb5YC313,Female,2024-02-14,14/02/2024 11:07,14/02/2024 08:17,kir03,14/02/2024 15:10
82f2a4e4-1f60-42e1-afa1-e6fb53900590,Youth,Producers,Jigawa,Rural,Yes,Production,Yes,Yes,WOFAN,Jigawa-WOFAN,Jah1KKI39,Female,2024-02-14,14/02/2024 13:38,14/02/2024 13:28,jah54,14/02/2024 15:13
bc33996f-e90f-4f2f-8245-a6aaea1fe247,Youth,Producers,Jigawa,Rural,Yes,Mechanization_service_provider,Yes,Yes,WOFAN,Jigawa-WOFAN,Jah9WYT48,Female,2024-02-14,14/02/2024 13:43,14/02/2024 13:38,jah54,14/02/2024 15:13
f746efae-fa2c-4557-a5e7-d59ab5a5608d,Youth,Processors,Kano,Rural,Yes,Processing,No,No,WOFAN,Kano-WOFAN,BebBLFZ43,Female,2024-02-14,14/02/2024 09:50,14/02/2024 09:45,tun29,14/02/2024 15:14
b562e359-0bf1-4a6c-ad0d-daaaaaee29d8,Youth,Producers/Processors,Jigawa,Rural,Yes,Production,Yes,Yes,WOFAN,Jigawa-WOFAN,RinIGMT17,Female,2024-02-14,14/02/2024 15:14,14/02/2024 14:51,rin15,14/02/2024 15:14
2ea6338e-5f1c-493f-9ba9-dc712732533c,Youth,Processors,Kano,Rural,Yes,Processing,Yes,No,WOFAN,Kano-WOFAN,Beb05OJ36,Female,2024-02-14,14/02/2024 12:22,14/02/2024 12:14,tun29,14/02/2024 15:15
50a705a3-9e0f-4d54-88b5-2cfe435d9564,Youth,Processors,Kano,Rural,Yes,Processing,No,No,WOFAN,Kano-WOFAN,Beb4AXZ18,Female,2024-02-14,14/02/2024 09:38,14/02/2024 09:28,tun19,14/02/2024 15:20
c6252a32-105f-4673-b93e-1392066cfa88,Youth,Producers/Processors,Jigawa,Rural,No,---,Yes,No,WOFAN,Jigawa-WOFAN,RinFI7S15,Female,2024-02-14,14/02/2024 13:19,14/02/2024 13:13,rin17,14/02/2024 15:23
d7ecb8a7-8a64-44cd-bf58-fc20c66c4362,Youth,Producers/Processors,Jigawa,Rural,No,---,Yes,No,WOFAN,Jigawa-WOFAN,JahKWK232,Female,2024-02-14,14/02/2024 15:25,14/02/2024 14:51,jah43,14/02/2024 15:25
18c5270b-27ed-449b-8b2e-3265e61d6805,Youth,Marketers,Kano,Rural,No,---,Yes,No,WOFAN,Kano-WOFAN,Gar6YR411,Female,2024-02-14,14/02/2024 14:02,14/02/2024 13:47,gmm51,14/02/2024 15:29
f6d6be48-fa0c-4ca1-90c2-cea9c98debb9,Youth,Processors,Jigawa,Rural,No,---,No,No,WOFAN,Jigawa-WOFAN,JahVTOF53,Female,2024-02-14,14/02/2024 15:30,14/02/2024 15:23,jah64,14/02/2024 15:30
5a221e4f-b23e-41ab-9b9a-756492d574a2,Youth,Producers/Processors,Kaduna,Rural,No,---,Yes,No,WOFAN,Kaduna-WOFAN,IkaDF1Z50,Female,2024-02-14,14/02/2024 14:16,14/02/2024 14:03,ika31,14/02/2024 15:39
99a9c9a4-f3ea-4631-b481-6910a70a8ae3,Youth,Producers,Kano,Rural,Yes,Agro-Input_Dealer,Yes,Yes,WOFAN,Kano-WOFAN,GarWTJP02,Female,2024-02-14,14/02/2024 15:05,14/02/2024 14:52,gmm48,14/02/2024 15:40
e2e8a764-da40-470e-af55-2162dbf7ec35,Youth,Producers,Kano,Rural,Yes,Production,Yes,No,WOFAN,Kano-WOFAN,Beb35RY01,Female,2024-02-14,14/02/2024 14:26,14/02/2024 14:11,kir03,14/02/2024 15:41
86061915-f9d6-4dd8-ab4b-082cff67648a,Youth,Marketers,Kano,Rural,No,---,No,No,WOFAN,Kano-WOFAN,Beb3R9L15,Female,2024-02-14,14/02/2024 09:34,14/02/2024 09:25,tun25,14/02/2024 15:42
0b3fa835-dcda-45e7-9d83-376d7ef18628,Youth,Producers/Processors,Kaduna,Rural,Yes,Production,Yes,Yes,WOFAN,Kaduna-WOFAN,Ika6X6N08,Female,2024-02-14,14/02/2024 14:27,14/02/2024 14:06,ika12,14/02/2024 15:42
5b47fd1f-454a-403a-9507-237fe5077421,Youth,Processors,Kano,Rural,No,---,No,No,WOFAN,Kano-WOFAN,BebB5FG08,Female,2024-02-14,14/02/2024 13:10,14/02/2024 13:01,tun25,14/02/2024 15:43
4cbefa62-7a21-4cec-ace9-7a1955858d8c,Youth,Marketers,Gombe,Urban,Yes,Agro-Trader,Yes,No,WOFAN,Gombe-WOFAN,AkkG6CO47,Female,2024-02-14,14/02/2024 15:44,14/02/2024 14:40,akk04,14/02/2024 15:44
99cac137-5a3c-464d-90be-c2ad503916b9,Youth,Processors,Gombe,Urban,No,---,Yes,No,WOFAN,Gombe-WOFAN,GomFM7137,Female,2024-02-14,14/02/2024 15:45,14/02/2024 15:37,gom25,14/02/2024 15:46
ccae7fc4-45ce-4967-bbcd-2d074ce8b397,Youth,Processors,Kano,Rural,Yes,Processing,No,No,WOFAN,Kano-WOFAN,Beb7QRS17,Female,2024-02-14,14/02/2024 12:57,14/02/2024 12:48,tun19,14/02/2024 15:47
3ab83a1f-e45b-42e6-8e43-96b5ea715768,Youth,Processors,Kaduna,Rural,Yes,Processing,Yes,No,WOFAN,Kaduna-WOFAN,IkaU9ZM17,Female,2024-02-14,14/02/2024 11:19,14/02/2024 11:05,ika15,14/02/2024 15:52
295b18fa-4063-45c0-ab2c-6b3338dad629,Youth,Processors,Kaduna,Rural,No,---,Yes,No,WOFAN,Kaduna-WOFAN,IkaQRN221,Female,2024-02-14,14/02/2024 13:50,14/02/2024 13:41,ika15,14/02/2024 15:54
a0a1118e-f98a-4f55-b6e2-885a6d646115,Youth,Marketers,Kaduna,Rural,Yes,Processing,Yes,No,WOFAN,Kaduna-WOFAN,IkaGEEZ08,Female,2024-02-14,14/02/2024 08:37,14/02/2024 08:17,ika29,14/02/2024 15:55
bb5a3bac-526d-4a42-a8d1-7640a539bfe9,Youth,Producers/Processors,Jigawa,Rural,Yes,Production,Yes,Yes,WOFAN,Jigawa-WOFAN,RinFPUF04,Female,2024-02-14,14/02/2024 15:55,14/02/2024 15:38,rin23,14/02/2024 15:55
11e92866-7051-4079-b997-e38da17eef1e,Youth,Producers,Jigawa,Rural,Yes,Production,Yes,Yes,WOFAN,Jigawa-WOFAN,RinLMH019,Female,2024-02-14,14/02/2024 11:12,14/02/2024 11:03,rin11,14/02/2024 16:01
21049350-079c-4cce-80d1-4505c8cff4ac,Youth,Producers,Jigawa,Rural,Yes,Production,Yes,Yes,WOFAN,Jigawa-WOFAN,Rin1XUS49,Female,2024-02-14,14/02/2024 12:57,14/02/2024 12:52,rin11,14/02/2024 16:03
c951c0fe-b0c7-448a-b16a-7fc8d4a7f59d,Youth,Processors,Bauchi,Rural,No,---,Yes,No,WOFAN,Bauchi-WOFAN,WarCQV417,Female,2024-02-14,14/02/2024 16:03,14/02/2024 15:49,war05,14/02/2024 16:04
f3f14211-4743-4711-92f9-b61896214b5e,Youth,Producers,Jigawa,Rural,Yes,Production,Yes,No,WOFAN,Jigawa-WOFAN,TauXPMN02,Female,2024-02-14,14/02/2024 13:16,14/02/2024 13:02,tau19,14/02/2024 16:05
6a1ab711-e0c6-4dd3-8c72-e929086f9a44,Youth,Producers,Kano,Rural,No,---,Yes,No,WOFAN,Kano-WOFAN,GarZNZV02,Female,2024-02-14,14/02/2024 16:06,14/02/2024 15:30,bun06,14/02/2024 16:06
0cc1bd8a-0d05-4b39-afe2-301189cf23dd,Youth,Producers,Kano,Rural,Yes,Production,Yes,Yes,WOFAN,Kano-WOFAN,Kur9NDR42,Female,2024-02-14,14/02/2024 11:17,14/02/2024 10:44,gmm54,14/02/2024 16:09
62549799-6c57-4bd0-9cbd-5e96cfc5bf53,Youth,Producers/Processors,Jigawa,Rural,Yes,Mechanization_service_provider,Yes,Yes,WOFAN,Jigawa-WOFAN,Jah13IV36,Female,2024-02-14,14/02/2024 09:09,14/02/2024 08:55,jah63,14/02/2024 16:11
32c4391b-604b-4f7b-b078-aa9e694e7c27,Youth,Producers/Processors,Jigawa,Rural,Yes,Mechanization_service_provider,Yes,Yes,WOFAN,Jigawa-WOFAN,JahVV0938,Female,2024-02-14,14/02/2024 14:30,14/02/2024 14:18,jah63,14/02/2024 16:12
06016d92-fc6b-4803-a32d-ecf369a30c1c,Youth,Producers/Processors,Jigawa,Rural,Yes,Agro-Input_Dealer,Yes,Yes,WOFAN,Jigawa-WOFAN,JahZ0N418,Female,2024-02-14,14/02/2024 16:16,14/02/2024 16:05,jah54,14/02/2024 16:16
44145cbe-abca-422f-a7f2-fdd25f9555d3,Youth,Producers/Processors,Kano,Rural,No,---,Yes,Yes,WOFAN,Kano-WOFAN,BebSQKJ52,Female,2024-02-14,14/02/2024 10:47,14/02/2024 10:42,tun22,14/02/2024 16:28
e19ae7b9-a777-435a-ab73-fbc9d1928c3a,Youth,Producers,Kano,Rural,No,---,Yes,Yes,WOFAN,Kano-WOFAN,KurBZNT29,Female,2024-02-14,14/02/2024 15:40,14/02/2024 15:23,kur04,14/02/2024 16:33
487107a3-9f6a-4a99-83e7-ea34937a9124,Youth,Producers,Kano,Rural,Yes,Production,Yes,No,WOFAN,Kano-WOFAN,BebXIAY45,Female,2024-02-14,14/02/2024 11:52,14/02/2024 11:33,kir22,14/02/2024 16:35
4aab7564-2a60-4875-bc5c-f94acb385c35,Youth,Producers,Kano,Rural,Yes,Production,Yes,No,WOFAN,Kano-WOFAN,Beb4N3351,Female,2024-02-14,14/02/2024 14:46,14/02/2024 14:21,kir22,14/02/2024 16:35
715a0bd7-f110-46af-9a79-303357a53222,Youth,Producers/Processors,Jigawa,Rural,Yes,Production,Yes,No,WOFAN,Jigawa-WOFAN,JahHTX418,Female,2024-02-14,14/02/2024 16:38,14/02/2024 16:30,jah75,14/02/2024 16:38
b116a611-3d64-488f-a8c5-77ff109cb570,Youth,Producers/Processors,Kano,Urban,Yes,Production,Yes,No,WOFAN,Kano-WOFAN,KurZQ9247,Female,2024-02-14,14/02/2024 14:57,14/02/2024 14:44,kur14,14/02/2024 16:39
87ae3d60-7998-4fad-950e-0cc9ba6633b3,Youth,Processors,Kano,Rural,No,---,No,No,WOFAN,Kano-WOFAN,Tud7XKS12,Female,2024-02-14,14/02/2024 08:44,14/02/2024 08:38,tun24,14/02/2024 16:44
90fa3718-0b72-43b3-80f5-87cdbaa65a7e,Youth,Processors,Kano,Rural,No,---,No,No,WOFAN,Kano-WOFAN,TudQV4X18,Female,2024-02-14,14/02/2024 14:01,14/02/2024 13:54,tun24,14/02/2024 16:46
882e5c52-42b1-445c-9b66-e39b21e48913,Youth,Producers,Kano,Rural,Yes,Production,Yes,Yes,WOFAN,Kano-WOFAN,Gar6GQ226,Female,2024-02-14,14/02/2024 16:13,14/02/2024 15:59,bun03,14/02/2024 16:47
fc317003-37c9-40a5-8d39-e1071b801358,Youth,Producers,Kano,Rural,Yes,Production,No,No,WOFAN,Kano-WOFAN,GarS23G43,Female,2024-02-14,14/02/2024 14:30,14/02/2024 14:19,kur07,14/02/2024 16:54
1f4bc187-4253-4dbb-afe3-62f0a76343e9,Youth,Producers,Kano,Rural,Yes,Production,Yes,Yes,WOFAN,Kano-WOFAN,Gar4C8Y03,Female,2024-02-14,14/02/2024 14:42,14/02/2024 14:34,kur07,14/02/2024 16:54
4cd8f785-4d6f-450d-8bfd-c59bada8563e,Youth,Producers,Kano,Rural,No,---,Yes,No,WOFAN,Kano-WOFAN,GarY1LL47,Female,2024-02-14,14/02/2024 14:43,14/02/2024 14:33,bun21,14/02/2024 17:03
a0e58c01-3da7-4306-b56b-d7ef3e9fb138,Youth,Producers/Processors,Jigawa,Rural,Yes,Production,Yes,Yes,WOFAN,Jigawa-WOFAN,JahHG7B21,Female,2024-02-14,14/02/2024 11:02,14/02/2024 10:46,jah44,14/02/2024 17:04
0abab048-f76f-4dae-90ac-a8f1bafbfdf4,Youth,Marketers,Kaduna,Rural,Yes,Agro-Trader,Yes,No,WOFAN,Kaduna-WOFAN,IkaNEZ157,Female,2024-02-14,14/02/2024 11:42,14/02/2024 11:26,ika22,14/02/2024 17:04
7c209b06-f37d-4385-91d8-5712b1673f9e,Youth,Producers/Processors,Jigawa,Rural,Yes,Production,Yes,Yes,WOFAN,Jigawa-WOFAN,JahMP4I15,Female,2024-02-14,14/02/2024 14:06,14/02/2024 13:57,jah44,14/02/2024 17:05
e2728967-68d7-4536-95bc-f822e2977955,Youth,Processors,Jigawa,Rural,No,---,No,No,WOFAN,Jigawa-WOFAN,JahU4S951,Female,2024-02-14,14/02/2024 16:09,14/02/2024 16:06,jah46,14/02/2024 17:05
2af77ca5-63e0-4ecc-9d98-e31b0b9df3ba,Youth,Marketers,Kaduna,Rural,Yes,Agro-Trader,Yes,No,WOFAN,Kaduna-WOFAN,Ika4GFG49,Female,2024-02-14,14/02/2024 13:44,14/02/2024 13:35,ika22,14/02/2024 17:05
c7fcc6a7-c105-454e-bd05-6e7bf190c5a6,Youth,Producers/Processors,Jigawa,Rural,Yes,Production,Yes,Yes,WOFAN,Jigawa-WOFAN,Jah22DY36,Female,2024-02-14,14/02/2024 15:51,14/02/2024 15:40,jah44,14/02/2024 17:06
e98c76f1-413c-492e-ad29-fc68f4694285,Youth,Processors,Kaduna,Rural,Yes,Processing,Yes,No,WOFAN,Kaduna-WOFAN,Ika4WWV14,Female,2024-02-14,14/02/2024 10:51,14/02/2024 10:34,ika28,14/02/2024 17:14
f23eb838-2ee1-4312-9d7a-f0f7acdfa00b,Youth,Producers/Processors,Kaduna,Rural,Yes,Processing,Yes,No,WOFAN,Kaduna-WOFAN,IkaV06H50,Female,2024-02-14,14/02/2024 13:17,14/02/2024 12:56,ika26,14/02/2024 17:16
a3711b96-1069-47bf-af10-da4aa919c552,Youth,Marketers,Kaduna,Rural,Yes,Processing,Yes,No,WOFAN,Kaduna-WOFAN,IkaH8YP00,Female,2024-02-14,14/02/2024 14:53,14/02/2024 14:43,ika28,14/02/2024 17:17
9287a101-65ef-4076-bb8f-08b708544f26,Youth,Processors,Kano,Rural,No,---,No,No,WOFAN,Kano-WOFAN,Gar5EMG59,Female,2024-02-14,14/02/2024 10:33,14/02/2024 10:27,gmm64,14/02/2024 17:28
d37573a8-ccf1-4ffe-82c2-94a012468577,Youth,Producers,Bauchi,Urban,Yes,Production,Yes,Yes,WOFAN,Bauchi-WOFAN,BauR45B21,Female,2024-02-14,14/02/2024 14:23,14/02/2024 13:58,bau10,14/02/2024 17:29
0a2d1238-4377-448d-ae95-24635aedcfda,Youth,Processors,Kano,Rural,Yes,Processing,Yes,Yes,WOFAN,Kano-WOFAN,GarNR2V05,Female,2024-02-14,14/02/2024 09:25,14/02/2024 09:02,bun02,14/02/2024 17:32
bc7bffb6-6cc8-4254-bc6c-2617f67a48a4,Youth,Producers,Kano,Rural,Yes,Mechanization_service_provider,Yes,Yes,WOFAN,Kano-WOFAN,BebJIJ948,Female,2024-02-14,14/02/2024 11:04,14/02/2024 10:50,kir09,14/02/2024 17:32
59ad3e28-5734-425a-b065-cf3a012fc63e,Youth,Producers/Processors,Jigawa,Rural,No,---,No,No,WOFAN,Jigawa-WOFAN,JahYPGW51,Female,2024-02-14,14/02/2024 17:32,14/02/2024 17:26,jah43,14/02/2024 17:32
b0b6d736-cca4-4893-b3c4-a6f5d3a004ca,Youth,Producers/Processors,Kano,Rural,Yes,Production,No,No,WOFAN,Kano-WOFAN,GarH75X55,Female,2024-02-14,14/02/2024 13:37,14/02/2024 13:29,bun14,14/02/2024 17:34
77688397-10da-4a99-bf64-e2b78aa09644,Youth,Producers/Processors,Kano,Rural,Yes,Processing,Yes,Yes,WOFAN,Kano-WOFAN,Tud7ACQ41,Female,2024-02-14,14/02/2024 09:17,14/02/2024 08:51,tun33,14/02/2024 17:38
a962a595-9a97-4252-95ec-af5372d7ca2a,Youth,Producers,Kano,Rural,Yes,Mechanization_service_provider,Yes,Yes,WOFAN,Kano-WOFAN,Beb640M39,Female,2024-02-14,14/02/2024 14:42,14/02/2024 14:32,kir09,14/02/2024 17:39
857479f5-a7d9-4493-a59c-4261dfb127a7,Youth,Producers/Processors,Kano,Rural,Yes,Processing,Yes,No,WOFAN,Kano-WOFAN,TudXFZ516,Female,2024-02-14,14/02/2024 11:56,14/02/2024 11:48,tun33,14/02/2024 17:39
e3deb8a5-a012-4225-87f8-56ed51f8ff29,Youth,Producers/Processors,Kano,Rural,Yes,Processing,Yes,Yes,WOFAN,Kano-WOFAN,Tud0A0542,Female,2024-02-14,14/02/2024 14:55,14/02/2024 14:44,tun33,14/02/2024 17:40
0b0fa823-ddf3-4663-bb02-e054a69fc523,Youth,Producers,Kano,Rural,Yes,Production,Yes,No,WOFAN,Kano-WOFAN,BebIBBH02,Female,2024-02-14,14/02/2024 08:22,14/02/2024 08:08,tun08,14/02/2024 17:43
4a96eac9-ce35-423d-9f36-72ee93f97f4d,Youth,Producers/Processors,Jigawa,Rural,Yes,Production,Yes,Yes,WOFAN,Jigawa-WOFAN,Jah7GLD02,Female,2024-02-14,14/02/2024 11:21,14/02/2024 11:13,jah44,14/02/2024 17:44
774149e2-be69-495a-b64c-02ad5e378853,Youth,Producers,Kano,Rural,Yes,Production,Yes,No,WOFAN,Kano-WOFAN,BebUL8V48,Female,2024-02-14,14/02/2024 12:48,14/02/2024 12:28,tun08,14/02/2024 17:46
7cff9702-2b43-47a6-9e69-6b5611be10c9,Youth,Producers/Processors,Jigawa,Rural,Yes,Production,Yes,Yes,WOFAN,Jigawa-WOFAN,JahBN9Q48,Female,2024-02-14,14/02/2024 15:00,14/02/2024 14:53,jah44,14/02/2024 17:46
dc6c48d9-20de-49a4-bc7e-daec7e267e9a,Youth,Producers,Kano,Rural,Yes,Production,Yes,Yes,WOFAN,Kano-WOFAN,Beb00C427,Female,2024-02-14,14/02/2024 13:02,14/02/2024 12:53,kir01,14/02/2024 17:50
c16e64b1-63c0-4e9c-aa19-e926f2971438,Youth,Processors,Jigawa,Rural,Yes,Production,Yes,Yes,WOFAN,Jigawa-WOFAN,RinERV707,Female,2024-02-14,14/02/2024 15:35,14/02/2024 15:01,rin27,14/02/2024 17:51
dba21cda-c93e-4a2f-9f13-2ceacb1ea495,Youth,Processors,Kano,Rural,Yes,Processing,No,No,WOFAN,Kano-WOFAN,BebQ4SP04,Female,2024-02-14,14/02/2024 12:00,14/02/2024 11:54,tun31,14/02/2024 17:52
2e84cc42-a3e3-4a6d-a981-ddcb9fcee2b6,Youth,Producers,Kano,Rural,No,---,Yes,No,WOFAN,Kano-WOFAN,Kir3EDE15,Female,2024-02-14,14/02/2024 15:40,14/02/2024 15:34,kir17,14/02/2024 17:55
4a4a93a9-1010-4882-b303-60f499900862,Youth,Marketers,Kano,Rural,Yes,Other,Yes,Yes,WOFAN,Kano-WOFAN,BebK7T759,Female,2024-02-14,14/02/2024 10:17,14/02/2024 10:08,tun02,14/02/2024 17:59
915c5d43-46eb-4d43-ad33-75292b240f9d,Youth,Processors,Kano,Rural,Yes,Processing,Yes,No,WOFAN,Kano-WOFAN,BebO5G836,Female,2024-02-14,14/02/2024 13:16,14/02/2024 13:03,tun02,14/02/2024 18:00
42498f2e-446e-4819-b3c9-fc23b6739f76,Youth,Marketers,Gombe,Rural,No,---,Yes,No,WOFAN,Gombe-WOFAN,Bil3HHN40,Female,2024-02-14,14/02/2024 13:19,14/02/2024 13:01,bill02,14/02/2024 18:02
4b79a3e3-7229-46b2-bac5-0f8b53ea636b,Youth,Processors,Kano,Rural,No,---,No,No,WOFAN,Kano-WOFAN,GarVAQM56,Female,2024-02-14,14/02/2024 18:02,14/02/2024 17:57,bun20,14/02/2024 18:02
58ef1e6b-c412-4e70-8cd9-a7b314afc286,Youth,Processors,Jigawa,Rural,Yes,Processing,Yes,No,WOFAN,Jigawa-WOFAN,Jah6O1A46,Female,2024-02-14,14/02/2024 18:04,14/02/2024 17:49,jah39,14/02/2024 18:04
c8bd205d-0de8-41ca-9591-3d69116b393f,Youth,Producers/Processors,Jigawa,Rural,Yes,Agro-Input_Dealer,Yes,Yes,WOFAN,Jigawa-WOFAN,Jah1G7G16,Female,2024-02-14,14/02/2024 16:28,14/02/2024 16:21,jah63,14/02/2024 18:08
d98646b3-eead-4c11-9c04-c0703be2650a,Youth,Producers,Jigawa,Rural,Yes,Agro-Input_Dealer,Yes,Yes,WOFAN,Jigawa-WOFAN,JahO4HP39,Female,2024-02-14,14/02/2024 08:33,14/02/2024 08:16,jah65,14/02/2024 18:08
8d1ea692-0a6e-4d70-a222-b41f84c9a156,Youth,Producers,Jigawa,Rural,Yes,Agro-Input_Dealer,Yes,Yes,WOFAN,Jigawa-WOFAN,Jah609441,Female,2024-02-14,14/02/2024 11:57,14/02/2024 11:47,jah65,14/02/2024 18:10
f1576b92-b756-4947-ae19-86dbc82d6784,Youth,Producers,Jigawa,Rural,Yes,Production,Yes,Yes,WOFAN,Jigawa-WOFAN,JahX4T817,Female,2024-02-14,14/02/2024 15:48,14/02/2024 15:39,jah65,14/02/2024 18:12
ba750c4d-1e3f-4e5b-9686-0b8f60056512,Youth,Marketers,Jigawa,Rural,Yes,Agro-Trader,Yes,Yes,WOFAN,Jigawa-WOFAN,JahZUYE39,Female,2024-02-14,14/02/2024 15:37,14/02/2024 15:27,jah79,14/02/2024 18:13
84a034ee-a20f-4e88-9a5f-61afa725c5d6,Youth,Processors,Kaduna,Rural,No,---,Yes,No,WOFAN,Kaduna-WOFAN,IkaGK6738,Female,2024-02-14,14/02/2024 10:50,14/02/2024 10:40,ika34,14/02/2024 18:16
226b52b9-b815-4c3a-8674-c3402f38d52a,Youth,Producers/Processors,Kano,Rural,Yes,Production,Yes,Yes,WOFAN,Kano-WOFAN,BebQGW822,Female,2024-02-14,14/02/2024 10:32,14/02/2024 10:12,tun30,14/02/2024 18:16
b9e3063e-3f37-4147-b685-bd8c15c0a8ec,Youth,Processors,Jigawa,Rural,No,---,No,No,WOFAN,Jigawa-WOFAN,JahUO8Q23,Female,2024-02-14,14/02/2024 18:16,14/02/2024 18:11,jah59,14/02/2024 18:17
5a4be43a-7643-4f9d-9e9c-906f1fd68024,Youth,Processors,Jigawa,Rural,No,---,No,No,WOFAN,Jigawa-WOFAN,JahSJFD44,Female,2024-02-14,14/02/2024 17:18,14/02/2024 17:17,jah46,14/02/2024 18:23
72ea7e93-84b8-47fa-8a69-96efc0d15dd6,Youth,Producers,Jigawa,Rural,No,---,Yes,No,WOFAN,Jigawa-WOFAN,TauVTUT45,Female,2024-02-14,14/02/2024 11:49,14/02/2024 11:21,tau24,14/02/2024 18:25
786b1bbf-dd05-401a-9f8a-63f83878e466,Youth,Producers,Gombe,Rural,No,---,Yes,No,WOFAN,Gombe-WOFAN,Kal3VSM14,Female,2024-02-14,14/02/2024 14:40,14/02/2024 14:10,kal15,14/02/2024 18:25
c57ff166-9796-4a14-aba6-89b4ef796ebe,Youth,Processors,Kano,Rural,Yes,Processing,Yes,Yes,WOFAN,Kano-WOFAN,BebU4Y342,Female,2024-02-14,14/02/2024 11:42,14/02/2024 10:52,tun20,14/02/2024 18:32
e3e073f7-3484-4714-beea-5843f9e85ecc,Youth,Processors,Jigawa,Rural,Yes,Processing,Yes,No,WOFAN,Jigawa-WOFAN,RinFZAX40,Female,2024-02-14,14/02/2024 15:46,14/02/2024 15:38,rin12,14/02/2024 18:34
e8c447da-1199-4eea-8ce9-8fa207dd3d2c,Youth,Producers,Kano,Rural,Yes,Agro-Input_Dealer,Yes,No,WOFAN,Kano-WOFAN,Gar3VG137,Female,2024-02-14,14/02/2024 17:09,14/02/2024 16:39,bun06,14/02/2024 18:48
4d338e97-b554-4245-9129-dca0aa43a186,Youth,Producers,Kano,Rural,No,---,Yes,Yes,WOFAN,Kano-WOFAN,GarJW8350,Female,2024-02-14,14/02/2024 16:24,14/02/2024 16:11,bun17,14/02/2024 18:50
66a44911-e4cb-43b6-8a90-0728669d5a69,Youth,Processors,Kano,Rural,Yes,Processing,No,No,WOFAN,Kano-WOFAN,Beb2NOJ28,Female,2024-02-14,14/02/2024 13:16,14/02/2024 13:12,tun13,14/02/2024 18:51
8787aac7-b53a-4487-9231-4792cee226c8,Youth,Producers,Jigawa,Rural,No,---,Yes,No,WOFAN,Jigawa-WOFAN,Rin1XFO57,Female,2024-02-14,14/02/2024 11:01,14/02/2024 10:51,rin13,14/02/2024 18:51
22cd8ffb-53d2-4307-8d5a-82baa6c9500c,Youth,Producers/Processors,Jigawa,Rural,Yes,Production,Yes,No,WOFAN,Jigawa-WOFAN,RinDB5Y13,Female,2024-02-14,14/02/2024 18:44,14/02/2024 17:18,rin19,14/02/2024 18:53
32e8e1a1-80f2-40b8-99e4-719bb0d2be69,Youth,Processors,Kano,Rural,Yes,Processing,Yes,No,WOFAN,Kano-WOFAN,BebC7G933,Female,2024-02-14,14/02/2024 15:31,14/02/2024 15:20,tun13,14/02/2024 18:53
c78712ae-f9e0-4950-bbc7-b27cca7301f9,Youth,Producers,Kano,Rural,Yes,Production,Yes,No,WOFAN,Kano-WOFAN,GarXQYG45,Female,2024-02-14,14/02/2024 17:52,14/02/2024 17:38,gmm70,14/02/2024 18:56
ef6cb90b-ea81-4777-90dc-1da5a09ca1ea,Youth,Producers,Jigawa,Rural,Yes,Production,Yes,No,WOFAN,Jigawa-WOFAN,TauDOEZ48,Female,2024-02-14,14/02/2024 14:11,14/02/2024 14:00,tau21,14/02/2024 18:58
5459428c-9629-4574-9e23-74d70766b9a3,Youth,Producers,Kano,Rural,No,---,Yes,No,WOFAN,Kano-WOFAN,Kir7H3218,Female,2024-02-14,14/02/2024 18:22,14/02/2024 18:14,kir17,14/02/2024 19:00
79d8bf48-95d3-45e7-8f4a-8c82b9bf4436,Youth,Producers,Kano,Rural,Yes,Agro-Input_Dealer,Yes,Yes,WOFAN,Kano-WOFAN,Kir8ABM25,Female,2024-02-14,14/02/2024 10:01,14/02/2024 09:47,kir04,14/02/2024 19:03
77fec73e-2b35-4d43-a9fd-58d6b7452432,Youth,Producers,Jigawa,Rural,Yes,Production,Yes,Yes,WOFAN,Jigawa-WOFAN,RinL4KQ24,Female,2024-02-14,14/02/2024 15:17,14/02/2024 14:50,rin16,14/02/2024 19:12
92a4fc7d-4b30-4179-a707-01ea3c0ba3fb,Youth,Processors,Kano,Rural,Yes,Processing,Yes,No,WOFAN,Kano-WOFAN,Tud4UIZ18,Female,2024-02-14,14/02/2024 10:32,14/02/2024 10:13,tun18,14/02/2024 19:13
1a07626e-1cb5-44ec-9f27-02bd98411ab1,Youth,Producers,Gombe,Rural,No,---,Yes,No,WOFAN,Gombe-WOFAN,KalX2DC34,Female,2024-02-14,14/02/2024 14:06,14/02/2024 13:54,kal12,14/02/2024 19:13
53920e95-5194-49f3-b000-95c51c359db3,Youth,Producers/Processors,Bauchi,Peri_urban,Yes,Processing,Yes,No,WOFAN,Bauchi-WOFAN,Taf82X702,Female,2024-02-14,14/02/2024 09:47,14/02/2024 09:04,taf04,14/02/2024 19:14
4f207e59-645b-45c5-aabe-a36dbdbc0b98,Youth,Producers/Processors,Kano,Rural,Yes,Production,Yes,No,WOFAN,Kano-WOFAN,TudB5A010,Female,2024-02-14,14/02/2024 15:42,14/02/2024 15:06,tun18,14/02/2024 19:16
9f41346a-0f3f-4a3e-860a-a5e0e0e38c6f,Youth,Processors,Jigawa,Rural,No,---,No,No,WOFAN,Jigawa-WOFAN,Jah1PUZ11,Female,2024-02-14,14/02/2024 17:23,14/02/2024 17:16,jah64,14/02/2024 19:17
12fa1ff5-9d32-4412-a174-dbcdd06397ce,Youth,Producers/Processors,Kaduna,Rural,Yes,Production,Yes,No,WOFAN,Kaduna-WOFAN,Ika938W22,Female,2024-02-14,14/02/2024 15:23,14/02/2024 15:09,ika34,14/02/2024 19:26
89b2241a-98b4-47cb-9cc8-9068173a9276,Youth,Producers,Kano,Rural,No,---,Yes,No,WOFAN,Kano-WOFAN,GarJGLL48,Female,2024-02-14,14/02/2024 19:27,14/02/2024 19:19,bun06,14/02/2024 19:27
5f57f7f4-168d-42df-9cf6-7376e3f97eed,Youth,Processors,Kano,Rural,No,---,No,No,WOFAN,Kano-WOFAN,BebFZGS17,Female,2024-02-14,14/02/2024 09:33,14/02/2024 09:17,tun26,14/02/2024 19:37
c1415b7d-343e-413a-b309-dca967ea7a49,Youth,Producers/Processors,Kano,Rural,Yes,Production,Yes,No,WOFAN,Kano-WOFAN,BebWTFI58,Female,2024-02-14,14/02/2024 12:33,14/02/2024 12:24,tun21,14/02/2024 19:39
9bc09d28-66ff-442e-9844-55770c9400e2,Youth,Processors,Kano,Peri_urban,No,---,No,No,WOFAN,Kano-WOFAN,BebEV0312,Female,2024-02-14,14/02/2024 14:20,14/02/2024 14:02,tun26,14/02/2024 19:39
56ea7e05-1a44-4e03-b08e-0eee91e91a85,Youth,Producers,Kano,Rural,Yes,Production,Yes,Yes,WOFAN,Kano-WOFAN,KurEFM135,Female,2024-02-14,14/02/2024 12:49,14/02/2024 11:55,kur12,14/02/2024 19:39
7485f1aa-3b07-462e-b7a0-c79ababd1d2a,Youth,Producers,Kano,Rural,Yes,Production,Yes,No,WOFAN,Kano-WOFAN,KurOW8G43,Female,2024-02-14,14/02/2024 13:15,14/02/2024 13:08,kur12,14/02/2024 19:39
f080ac4f-3452-47dc-bbac-49191a2fa121,Youth,Producers/Processors,Jigawa,Rural,No,---,Yes,No,WOFAN,Jigawa-WOFAN,RinETO813,Female,2024-02-14,14/02/2024 15:33,14/02/2024 15:28,rin17,14/02/2024 19:40
652214de-18f1-4406-8d81-adbac4c8dd9b,Youth,Producers,Kano,Rural,No,---,No,No,WOFAN,Kano-WOFAN,GarGA1G45,Female,2024-02-14,14/02/2024 16:29,14/02/2024 16:13,bun18,14/02/2024 19:41
65f653d3-a325-40ac-8227-c7b56de4bd56,Youth,Producers/Processors,Kaduna,Rural,Yes,Production,Yes,No,WOFAN,Kaduna-WOFAN,IkaIWY620,Female,2024-02-14,14/02/2024 11:55,14/02/2024 11:30,ika21,14/02/2024 19:41
520eeb24-dc2d-49e3-9a37-91532347b495,Youth,Processors,Kano,Rural,No,---,No,No,WOFAN,Kano-WOFAN,Beb7UAS45,Female,2024-02-14,14/02/2024 14:35,14/02/2024 14:31,tun15,14/02/2024 19:41
201f2298-dc63-4072-befe-80d3cfd8c3d7,Youth,Producers,Kano,Rural,No,---,No,No,WOFAN,Kano-WOFAN,Gar7E0T19,Female,2024-02-14,14/02/2024 10:51,14/02/2024 10:38,bun16,14/02/2024 19:42
b10afd70-b601-42aa-b3e4-d5aba7e8a61a,Youth,Producers/Processors,Kano,Rural,No,---,No,Yes,WOFAN,Kano-WOFAN,GarR3EK51,Female,2024-02-14,14/02/2024 11:04,14/02/2024 10:55,bun16,14/02/2024 19:42
0691c5c0-d670-401b-9448-6eb37e32d4bd,Youth,Marketers,Kano,Rural,Yes,Processing,Yes,Yes,WOFAN,Kano-WOFAN,KurBHWY55,Female,2024-02-14,14/02/2024 15:34,14/02/2024 15:18,kur03,14/02/2024 19:43
646667a9-e552-4913-94b4-09e009ffdc74,Youth,Producers/Processors,Kano,Rural,No,---,No,Yes,WOFAN,Kano-WOFAN,GarE9H759,Female,2024-02-14,14/02/2024 16:07,14/02/2024 15:59,bun16,14/02/2024 19:45
edded550-56a9-4384-b21b-6b93e1e69f5e,Youth,Producers/Processors,Kano,Urban,Yes,Production,No,Yes,WOFAN,Kano-WOFAN,GarEWGM07,Female,2024-02-14,14/02/2024 16:24,14/02/2024 16:14,bun16,14/02/2024 19:45
e7c53ce5-db0a-43fd-84cc-530a91f8be0d,Youth,Processors,Jigawa,Rural,Yes,Processing,Yes,Yes,WOFAN,Jigawa-WOFAN,Jah9U8843,Female,2024-02-14,14/02/2024 19:46,14/02/2024 19:37,jah68,14/02/2024 19:46
2e14979d-9b6a-4f3e-b8e7-f193157df419,Youth,Processors,Jigawa,Rural,Yes,Processing,Yes,Yes,WOFAN,Jigawa-WOFAN,Rin8MY231,Female,2024-02-14,14/02/2024 19:49,14/02/2024 19:33,rin18,14/02/2024 19:49
4c6f041c-f914-4aa6-bee7-d87dd757fae1,Youth,Processors,Kano,Rural,Yes,Processing,No,No,WOFAN,Kano-WOFAN,Beb9UJE21,Female,2024-02-14,14/02/2024 11:12,14/02/2024 10:53,tun14,14/02/2024 19:50
b932071e-9650-4916-840f-27d2a428a0ef,Youth,Producers,Jigawa,Rural,Yes,Production,Yes,No,WOFAN,Jigawa-WOFAN,TauMDOL56,Female,2024-02-14,14/02/2024 10:52,14/02/2024 10:29,tau22,14/02/2024 19:51
f5a28027-5691-46f4-9068-56eac059f3b2,Youth,Processors,Kaduna,Rural,No,---,Yes,No,WOFAN,Kaduna-WOFAN,IkaV4MQ59,Female,2024-02-14,14/02/2024 13:46,14/02/2024 13:31,ika27,14/02/2024 19:51
0a22dddc-c6b4-4201-aa84-28bbed6f2f5b,Youth,Processors,Kano,Rural,No,---,Yes,No,WOFAN,Kano-WOFAN,BebBVZA24,Female,2024-02-14,14/02/2024 15:02,14/02/2024 14:41,tun14,14/02/2024 19:51
ffc0c998-99c3-4320-ad0f-29a228679418,Youth,Producers/Processors,Kaduna,Rural,Yes,Processing,Yes,No,WOFAN,Kaduna-WOFAN,IkaGME825,Female,2024-02-14,14/02/2024 17:21,14/02/2024 16:54,ika31,14/02/2024 19:52
82b7cd4d-3def-4f39-a1bf-1a0ca49f7fb5,Youth,Processors,Kaduna,Rural,No,---,Yes,Yes,WOFAN,Kaduna-WOFAN,Ika8GWR51,Female,2024-02-14,14/02/2024 11:57,14/02/2024 11:19,ika19,14/02/2024 19:59
a84c4573-34c3-449e-90ec-6cc94e93f2de,Youth,Producers/Processors,Jigawa,Rural,Yes,Production,Yes,No,WOFAN,Jigawa-WOFAN,RinSB2M02,Female,2024-02-14,14/02/2024 20:01,14/02/2024 19:38,rin19,14/02/2024 20:01
c94e4d3a-c270-4ab7-ba5f-82a88e2b8c23,Youth,Producers/Processors,Kano,Peri_urban,Yes,Processing,Yes,Yes,WOFAN,Kano-WOFAN,KirCQB046,Female,2024-02-14,14/02/2024 10:47,14/02/2024 10:31,kir18,14/02/2024 20:02
c15a1466-4fec-439f-8a32-b72571c68d35,Youth,Producers,Jigawa,Rural,Yes,Production,Yes,Yes,WOFAN,Jigawa-WOFAN,RinRMHD38,Female,2024-02-14,14/02/2024 11:21,14/02/2024 10:48,rin24,14/02/2024 20:04
41e15b75-5797-4982-b4cb-18b29d5ec86e,Youth,Marketers,Jigawa,Rural,Yes,Agro-Trader,Yes,Yes,WOFAN,Jigawa-WOFAN,Jah24JJ34,Female,2024-02-14,14/02/2024 16:07,14/02/2024 15:39,jah81,14/02/2024 20:26
c42763db-2f58-4455-9add-25dcf0cb73a9,Youth,Marketers,Kano,Rural,Yes,Processing,Yes,Yes,WOFAN,Kano-WOFAN,BebQ1LD17,Female,2024-02-14,14/02/2024 11:05,14/02/2024 09:01,tun01,14/02/2024 20:33
2bffae75-e4b8-4f21-87f1-2e934babb34f,Youth,Producers/Processors,Jigawa,Rural,Yes,Production,Yes,No,WOFAN,Jigawa-WOFAN,TauCPG340,Female,2024-02-14,14/02/2024 18:16,14/02/2024 18:04,tau27,14/02/2024 20:39
7b7a9efb-f2f7-4e75-8dea-40eee44559c7,Youth,Producers/Processors,Jigawa,Rural,Yes,Production,Yes,Yes,WOFAN,Jigawa-WOFAN,Rin2L0I49,Female,2024-02-14,14/02/2024 20:40,14/02/2024 20:28,rin14,14/02/2024 20:40
bc57913f-06bb-40e5-8f5a-6ca95ce786f5,Youth,Producers,Kano,Rural,Yes,Production,Yes,Yes,WOFAN,Kano-WOFAN,GarYAKK22,Female,2024-02-14,14/02/2024 20:41,14/02/2024 20:20,bun02,14/02/2024 20:42
b0ae4076-fc96-4eaa-93db-3ce9e9451286,Youth,Producers,Jigawa,Rural,No,---,Yes,Yes,WOFAN,Jigawa-WOFAN,JahCZA127,Female,2024-02-14,14/02/2024 20:42,14/02/2024 17:50,jah42,14/02/2024 20:43
bf92dadc-13a3-436a-ae3b-9c71ae708f55,Youth,Producers/Processors,Gombe,Peri_urban,Yes,Production,Yes,No,WOFAN,Gombe-WOFAN,BilUKVB30,Female,2024-02-14,14/02/2024 20:49,14/02/2024 14:49,bill03,14/02/2024 20:49
e9fb4fa2-bdab-43da-945e-e6d87af5eac4,Youth,Producers,Jigawa,Rural,Yes,Production,Yes,No,WOFAN,Jigawa-WOFAN,RinUVMY29,Female,2024-02-14,14/02/2024 14:59,14/02/2024 14:54,rin26,14/02/2024 20:56
2c60bdc4-0c2d-4f7b-ac6b-e6e82fac43c0,Youth,Processors,Kano,Rural,Yes,Mechanization_service_provider,Yes,Yes,WOFAN,Kano-WOFAN,BebBGA507,Female,2024-02-14,14/02/2024 15:23,14/02/2024 15:12,tun20,14/02/2024 20:57
076cd238-5c42-4ac9-87ec-1c48ebd338d3,Youth,Processors,Kano,Rural,No,---,Yes,No,WOFAN,Kano-WOFAN,BebA81R16,Female,2024-02-14,14/02/2024 11:24,14/02/2024 10:40,tun09,14/02/2024 20:59
d66df447-d6fa-4b9b-9743-570770867fd7,Youth,Processors,Jigawa,Rural,Yes,Production,Yes,Yes,WOFAN,Jigawa-WOFAN,RinOX4719,Female,2024-02-14,14/02/2024 20:59,14/02/2024 20:47,rin20,14/02/2024 21:00
0ec45c97-aabe-42cd-af48-ade8961cf5a2,Youth,Producers/Processors,Jigawa,Rural,Yes,Production,Yes,Yes,WOFAN,Jigawa-WOFAN,Rin32YV58,Female,2024-02-14,14/02/2024 21:05,14/02/2024 20:59,rin23,14/02/2024 21:05
bb3100ad-3fab-4077-a5cb-75b3e52413d2,Youth,Producers/Processors,Kaduna,Rural,Yes,Agro-Input_Dealer,Yes,No,WOFAN,Kaduna-WOFAN,IkaGW7Z35,Female,2024-02-14,14/02/2024 10:37,14/02/2024 09:59,ika30,14/02/2024 21:09
1129c0d7-b6b1-47c0-8a0d-da3df44f1361,Youth,Processors,Kano,Rural,No,---,Yes,No,WOFAN,Kano-WOFAN,BebZY7D32,Female,2024-02-14,14/02/2024 16:23,14/02/2024 16:10,tun09,14/02/2024 21:12
8ab52d5a-0853-4b73-9b29-87639a20fe5b,Youth,Marketers,Jigawa,Rural,No,---,No,Yes,WOFAN,Jigawa-WOFAN,MigQRAA14,Female,2024-02-14,14/02/2024 15:52,14/02/2024 15:26,jah70,14/02/2024 21:13
3101ff80-c5d0-427f-be55-5dc4515bef0a,Youth,Marketers,Jigawa,Rural,No,---,No,No,WOFAN,Jigawa-WOFAN,MigH1LT19,Female,2024-02-14,14/02/2024 16:35,14/02/2024 16:31,jah70,14/02/2024 21:13
8999dff8-e1c4-45ed-b342-e507baaaea4b,Youth,Producers,Kano,Peri_urban,Yes,Production,Yes,No,WOFAN,Kano-WOFAN,Beb2ZXZ34,Female,2024-02-14,14/02/2024 16:50,14/02/2024 16:26,kir06,14/02/2024 21:16
d9f76d62-2658-4737-a188-ba38b2503e3b,Youth,Producers,Bauchi,Rural,No,---,Yes,No,WOFAN,Bauchi-WOFAN,WarEQWT37,Female,2024-02-14,14/02/2024 19:14,14/02/2024 18:53,war03,14/02/2024 21:17
b1273e4a-c2a9-45f2-a031-499f5dd8d7ad,Youth,Processors,Kano,Rural,Yes,Processing,Yes,Yes,WOFAN,Kano-WOFAN,Beb4O8Z07,Female,2024-02-14,14/02/2024 11:09,14/02/2024 10:49,tun07,14/02/2024 21:19
f779cc99-0fa3-4cd4-ba4d-3de77aaf7980,Youth,Marketers,Kano,Rural,Yes,Processing,Yes,Yes,WOFAN,Kano-WOFAN,BebP60K03,Female,2024-02-14,14/02/2024 13:29,14/02/2024 13:20,tun01,14/02/2024 21:19
447f6113-6537-4db4-9c28-350bedceb598,Youth,Processors,Kano,Rural,Yes,Processing,Yes,Yes,WOFAN,Kano-WOFAN,Beb732Q54,Female,2024-02-14,14/02/2024 13:37,14/02/2024 13:27,tun07,14/02/2024 21:20
c8955d8b-c5f6-4104-ba31-3ae0fb825acd,Youth,Processors,Kano,Rural,Yes,Processing,Yes,Yes,WOFAN,Kano-WOFAN,Beb3VIZ33,Female,2024-02-14,14/02/2024 13:51,14/02/2024 13:42,tun07,14/02/2024 21:20
c916ee4c-bcfe-4942-9e43-41fba2b099a9,Youth,Processors,Kano,Peri_urban,Yes,Processing,No,No,WOFAN,Kano-WOFAN,BebCMUC40,Female,2024-02-14,14/02/2024 09:05,14/02/2024 08:53,tun32,14/02/2024 21:21
3321420f-b2a8-4951-a565-7fb6e2162372,Youth,Marketers,Kano,Peri_urban,Yes,Processing,Yes,Yes,WOFAN,Kano-WOFAN,GarANFT20,Female,2024-02-14,14/02/2024 20:09,14/02/2024 19:55,bun04,14/02/2024 21:23
2bbfaa6e-5d9e-44ff-aea4-9872750ea804,Youth,Processors,Kano,Peri_urban,Yes,Processing,Yes,Yes,WOFAN,Kano-WOFAN,GarFV2A50,Female,2024-02-14,14/02/2024 20:23,14/02/2024 20:11,bun04,14/02/2024 21:23
fc3a1967-4311-41e6-8886-338405e8c3f6,Youth,Processors,Kano,Peri_urban,Yes,Processing,Yes,No,WOFAN,Kano-WOFAN,BebTPTL44,Female,2024-02-14,14/02/2024 12:26,14/02/2024 12:08,tun32,14/02/2024 21:25
e62fd7a6-35ae-4723-9e71-2664f69488a0,Youth,Processors,Kano,Peri_urban,Yes,Processing,Yes,No,WOFAN,Kano-WOFAN,BebFSSP06,Female,2024-02-14,14/02/2024 07:33,14/02/2024 07:26,tun04,14/02/2024 21:30
05ee8e9e-c73e-404f-8bcd-b9e696b77cf4,Youth,Processors,Kano,Rural,Yes,Processing,Yes,Yes,WOFAN,Kano-WOFAN,Beb81PP23,Female,2024-02-14,14/02/2024 10:17,14/02/2024 09:43,tun28,14/02/2024 21:30
228d1b6c-18ed-4e93-b1dc-e9593e896717,Youth,Processors,Kano,Peri_urban,No,---,Yes,No,WOFAN,Kano-WOFAN,BebJZIV42,Female,2024-02-14,14/02/2024 11:46,14/02/2024 11:37,tun04,14/02/2024 21:31
fb3e7b09-5030-4c81-b4cc-7a1fa84fabac,Youth,Producers,Bauchi,Urban,Yes,Production,Yes,Yes,WOFAN,Bauchi-WOFAN,BauZMAV43,Female,2024-02-14,14/02/2024 10:28,14/02/2024 09:27,bau17,14/02/2024 21:32
5521c3c3-a1c9-41db-a065-37206c326025,Youth,Processors,Kano,Peri_urban,No,---,Yes,No,WOFAN,Kano-WOFAN,BebL5WH54,Female,2024-02-14,14/02/2024 17:21,14/02/2024 17:14,tun04,14/02/2024 21:32
d5f9c7a8-506c-4bee-afc6-09d08f2b8a24,Youth,Processors,Kano,Peri_urban,No,---,Yes,No,WOFAN,Kano-WOFAN,Beb36OY31,Female,2024-02-14,14/02/2024 17:33,14/02/2024 17:28,tun04,14/02/2024 21:32
b8f11e65-0716-4c87-8088-70220f40f742,Youth,Producers,Kano,Rural,Yes,Agro-Input_Dealer,Yes,Yes,WOFAN,Kano-WOFAN,Gar9U1E53,Female,2024-02-14,14/02/2024 19:11,14/02/2024 18:47,kur07,14/02/2024 21:34
bcadc18f-7616-4cdc-84f9-50f31d882f8d,Youth,Producers,Kano,Urban,No,---,No,No,WOFAN,Kano-WOFAN,GarOTOR42,Female,2024-02-14,14/02/2024 10:34,14/02/2024 10:25,ran01,14/02/2024 21:34
b4f31b6b-18f0-40b0-a02e-f2bf7b00f10f,Youth,Processors,Kaduna,Rural,Yes,Production,Yes,Yes,WOFAN,Kaduna-WOFAN,IkaT5Q804,Female,2024-02-14,14/02/2024 20:10,14/02/2024 19:32,ika30,14/02/2024 21:42
087b1794-3681-4061-9b67-3cb1fbed497a,Youth,Producers/Processors,Jigawa,Rural,Yes,Production,Yes,Yes,WOFAN,Jigawa-WOFAN,RinLH1J34,Female,2024-02-14,14/02/2024 21:58,14/02/2024 21:44,rin14,14/02/2024 21:59
a1c31300-33b0-4635-a755-c7723c1a0087,Youth,Producers/Processors,Kano,Rural,No,---,No,No,WOFAN,Kano-WOFAN,BebA44T41,Female,2024-02-14,14/02/2024 22:07,14/02/2024 21:34,tun25,14/02/2024 22:07
cf41b665-7eab-4a99-a3b3-b00203a2b273,Youth,Producers,Kano,Rural,Yes,Production,Yes,No,WOFAN,Kano-WOFAN,GarRBFK55,Female,2024-02-14,14/02/2024 10:43,14/02/2024 09:40,bun12,14/02/2024 22:10
bdf4dc60-7dd6-4259-9b73-10e65fff7e13,Youth,Processors,Kano,Rural,No,---,No,No,WOFAN,Kano-WOFAN,GarEUL009,Female,2024-02-14,14/02/2024 22:10,14/02/2024 22:06,bun20,14/02/2024 22:10
8378e87d-b63e-4798-bb2f-4406a7b17789,Youth,Producers,Jigawa,Rural,Yes,Production,Yes,No,WOFAN,Jigawa-WOFAN,TauTG2H53,Female,2024-02-14,14/02/2024 14:55,14/02/2024 14:44,tau22,14/02/2024 22:24
a526789d-6366-4068-b7ba-442f59111ce8,Youth,Producers,Jigawa,Rural,Yes,Production,Yes,No,WOFAN,Jigawa-WOFAN,RinLCLT42,Female,2024-02-14,14/02/2024 22:09,14/02/2024 21:37,rin19,14/02/2024 22:26
e3006f2a-df9b-4090-b59a-153d62d6625e,Youth,Producers,Jigawa,Rural,Yes,Production,Yes,Yes,WOFAN,Jigawa-WOFAN,RinUJL620,Female,2024-02-14,14/02/2024 18:37,14/02/2024 18:32,rin11,14/02/2024 22:28
10972ac3-fafd-4884-858b-e7e658b5461e,Youth,Producers,Jigawa,Peri_urban,Yes,Agro-Input_Dealer,Yes,Yes,WOFAN,Jigawa-WOFAN,JahQZA126,Female,2024-02-14,14/02/2024 15:21,14/02/2024 15:03,jah56,14/02/2024 22:41
cd6802b1-098d-4403-97cc-bd2945b675af,Youth,Producers/Processors,Kano,Rural,Yes,Production,No,Yes,WOFAN,Kano-WOFAN,Gar0VOR54,Female,2024-02-14,14/02/2024 19:40,14/02/2024 19:29,bun14,14/02/2024 22:54
b86b4210-30e9-4e11-a309-87cb91d4d401,Youth,Producers/Processors,Jigawa,Rural,Yes,Production,Yes,No,WOFAN,Jigawa-WOFAN,JahEMG947,Female,2024-02-14,14/02/2024 23:00,14/02/2024 22:44,jah73,14/02/2024 23:00
7b429fee-2595-4484-be24-bc4263b670ae,Youth,Producers/Processors,Kano,Peri_urban,Yes,Production,Yes,Yes,WOFAN,Kano-WOFAN,Gar14OE01,Female,2024-02-14,14/02/2024 22:55,14/02/2024 22:44,bun16,14/02/2024 23:09
3de76b0d-f039-4426-87cb-12bd2fac9f52,Youth,Producers/Processors,Kano,Peri_urban,No,---,No,No,WOFAN,Kano-WOFAN,GarEA4M42,Female,2024-02-14,14/02/2024 23:02,14/02/2024 22:55,bun16,14/02/2024 23:09
516c044d-e86b-40dc-b8a3-8e6a13b5dacc,Youth,Producers/Processors,Kano,Rural,No,---,Yes,Yes,WOFAN,Kano-WOFAN,GarOJH523,Female,2024-02-14,14/02/2024 20:32,14/02/2024 20:23,bun12,14/02/2024 23:19
3d16b5f9-5362-4777-8556-f325a4c31d67,Youth,Producers,Jigawa,Rural,Yes,Agro-Input_Dealer,No,Yes,WOFAN,Jigawa-WOFAN,Jah1NLR47,Female,2024-02-15,15/02/2024 00:09,15/02/2024 00:05,jah41,15/02/2024 00:13
325d7c74-b115-4260-b8c4-d5aef73627ae,Youth,Producers/Processors,Kano,Urban,Yes,Production,Yes,Yes,WOFAN,Kano-WOFAN,KurMATJ08,Female,2024-02-15,15/02/2024 00:13,15/02/2024 00:03,kur14,15/02/2024 00:44
34423ec9-9016-400d-ab6d-34ba12261abb,Youth,Processors,Kano,Rural,No,---,No,Yes,WOFAN,Kano-WOFAN,Beb45BB55,Female,2024-02-15,15/02/2024 03:07,14/02/2024 18:03,tun23,15/02/2024 03:08
834fae59-f06d-48b6-aef9-89d3b1849e09,Youth,Producers,Jigawa,Rural,Yes,Production,Yes,Yes,WOFAN,Jigawa-WOFAN,Rin5DKQ36,Female,2024-02-14,14/02/2024 19:53,14/02/2024 19:30,rin22,15/02/2024 05:29
669091b7-dc8e-46f5-baf6-6606be5b6237,Youth,Producers,Kano,Rural,Yes,Production,Yes,Yes,WOFAN,Kano-WOFAN,GarGIY417,Female,2024-02-15,15/02/2024 05:45,15/02/2024 05:29,bun03,15/02/2024 05:45
489770a7-204e-4f50-9fd4-7d52aaae15e3,Youth,Producers,Bauchi,Urban,Yes,Production,Yes,Yes,WOFAN,Bauchi-WOFAN,Bau74FO49,Female,2024-02-14,14/02/2024 10:14,14/02/2024 09:29,bau10,15/02/2024 06:03
d291b3e7-8985-43a7-8a61-2773ea4f22e8,Youth,Producers,Kano,Rural,Yes,Production,Yes,Yes,WOFAN,Kano-WOFAN,Gar3DLR25,Female,2024-02-14,14/02/2024 16:03,14/02/2024 12:36,bun07,15/02/2024 06:03
4141d31b-412f-4ee2-aba8-1741d9bdf5cd,Youth,Processors,Jigawa,Rural,Yes,Processing,Yes,Yes,WOFAN,Jigawa-WOFAN,RinTU3C03,Female,2024-02-15,15/02/2024 06:15,15/02/2024 06:03,rin18,15/02/2024 06:15
8ec3c3b8-a753-4211-a6ab-2e7ef5f62d5c,Youth,Producers,Kano,Rural,Yes,Production,Yes,Yes,WOFAN,Kano-WOFAN,BebK8JB14,Female,2024-02-14,14/02/2024 10:39,14/02/2024 10:16,kir14,15/02/2024 06:37
0f98b77a-99bd-4ef0-9275-ad7fd1043b0e,Youth,Producers/Processors,Bauchi,Rural,No,---,Yes,No,WOFAN,Bauchi-WOFAN,BauJD9G49,Female,2024-02-15,15/02/2024 06:47,15/02/2024 06:37,bau13,15/02/2024 06:47
56ede842-b69f-43d7-95cc-288a6730ce92,Youth,Producers/Processors,Kano,Rural,Yes,Production,Yes,Yes,WOFAN,Kano-WOFAN,GarZ89148,Female,2024-02-15,15/02/2024 01:16,14/02/2024 23:03,bun14,15/02/2024 06:55
1c69a3ec-8bef-4632-8540-f7df15504d80,Youth,Producers/Processors,Jigawa,Rural,Yes,Production,Yes,Yes,WOFAN,Jigawa-WOFAN,RinAWP256,Female,2024-02-15,15/02/2024 07:04,15/02/2024 06:41,rin20,15/02/2024 07:04
fcc1c36c-f3b5-4d50-924d-3dab62904fa3,Youth,Producers,Kano,Rural,No,---,Yes,No,WOFAN,Kano-WOFAN,Gar0XDQ34,Female,2024-02-14,14/02/2024 20:54,14/02/2024 20:31,bun21,15/02/2024 07:20
50e92bcd-4a8e-4423-91aa-6545704c3986,Youth,Producers/Processors,Kaduna,Rural,Yes,Processing,Yes,No,WOFAN,Kaduna-WOFAN,IkaXXDW09,Female,2024-02-15,15/02/2024 07:21,15/02/2024 06:43,ika25,15/02/2024 07:21
bcb3b468-6908-43fc-90a1-e70f28132060,Youth,Producers,Jigawa,Rural,Yes,Production,Yes,No,WOFAN,Jigawa-WOFAN,JahECWQ57,Female,2024-02-15,15/02/2024 07:23,15/02/2024 07:16,jah40,15/02/2024 07:23
e9af6616-fa37-450e-940a-cff8f1d420f7,Youth,Producers,Kano,Rural,Yes,Production,Yes,Yes,WOFAN,Kano-WOFAN,Beb75GF12,Female,2024-02-15,15/02/2024 07:42,15/02/2024 07:15,kir10,15/02/2024 07:42
f753dd2e-586b-41d4-89ad-b8bbc2a9c7a6,Youth,Producers,Kano,Rural,Yes,Production,Yes,Yes,WOFAN,Kano-WOFAN,Beb1RHJ59,Female,2024-02-14,14/02/2024 20:57,14/02/2024 20:44,kir07,15/02/2024 07:46
65dacc4f-600d-41b2-8dc2-85d3214001ca,Youth,Producers,Kano,Rural,No,---,Yes,Yes,WOFAN,Kano-WOFAN,Gar2FJ953,Female,2024-02-15,15/02/2024 07:49,15/02/2024 07:36,bun03,15/02/2024 07:50
5ab41a53-0fdc-4afc-9f98-c4a1af0389a3,Youth,Processors,Jigawa,Rural,No,---,No,No,WOFAN,Jigawa-WOFAN,Jah1Z1256,Female,2024-02-15,15/02/2024 07:50,15/02/2024 05:18,jah46,15/02/2024 07:50
64c77b14-dcdb-4551-8316-ebc2e30a722b,Youth,Producers,Jigawa,Rural,Yes,Production,Yes,Yes,WOFAN,Jigawa-WOFAN,Rin69GS26,Female,2024-02-14,14/02/2024 18:15,14/02/2024 18:08,rin27,15/02/2024 08:13
f26dee6f-aae8-4498-b924-9eb998b0fcb0,Youth,Processors,Kano,Urban,Yes,Processing,Yes,Yes,WOFAN,Kano-WOFAN,TudQBTC35,Female,2024-02-15,15/02/2024 08:21,15/02/2024 07:56,tun02,15/02/2024 08:22
cd487bbc-88a1-4357-82f2-7978c2215ef3,Youth,Processors,Kano,Rural,Yes,Agro-Input_Dealer,Yes,Yes,WOFAN,Kano-WOFAN,Tud7CI455,Female,2024-02-15,15/02/2024 08:22,15/02/2024 08:03,tun11,15/02/2024 08:22
6de814c2-d746-407b-8ccd-7a9022c9a42f,Youth,Producers/Processors,Jigawa,Rural,Yes,Agro-Input_Dealer,Yes,Yes,WOFAN,Jigawa-WOFAN,JahD7IT08,Female,2024-02-14,14/02/2024 21:17,14/02/2024 21:05,jah49,15/02/2024 08:30
29ef0c25-60b6-4469-9bec-69f5fe3c23de,Youth,Producers,Kano,Rural,Yes,Production,No,No,WOFAN,Kano-WOFAN,KirFFLQ54,Female,2024-02-15,15/02/2024 08:33,15/02/2024 08:27,kir08,15/02/2024 08:33
7f6c2ab4-4b6b-43c3-bbee-3603d8c6f3af,Youth,Producers,Bauchi,Rural,No,---,Yes,No,WOFAN,Bauchi-WOFAN,TafEEF854,Female,2024-02-15,15/02/2024 08:42,15/02/2024 08:24,taf02,15/02/2024 08:43
40e1fc2a-b01e-4709-a142-fbfbc6d72439,Youth,Marketers,Gombe,Rural,Yes,Production,Yes,No,WOFAN,Gombe-WOFAN,Sho78DZ34,Female,2024-02-15,15/02/2024 08:53,15/02/2024 08:40,sha04,15/02/2024 08:53
9d2db0ef-fbd8-4931-9507-da19ec04c3af,Youth,Producers/Processors,Jigawa,Rural,Yes,Agro-Input_Dealer,Yes,Yes,WOFAN,Jigawa-WOFAN,Rin4BE122,Female,2024-02-15,15/02/2024 08:27,15/02/2024 08:14,rin25,15/02/2024 08:56
8dc7ea7f-7672-4388-b6c8-5fffc14cbc8e,Youth,Processors,Kano,Rural,Yes,Agro-Input_Dealer,Yes,Yes,WOFAN,Kano-WOFAN,Gar81QK05,Female,2024-02-15,15/02/2024 09:15,15/02/2024 08:26,bun02,15/02/2024 09:16
44b0c7ef-2fe1-4b94-963d-7cf246ce2614,Youth,Producers,Kano,Rural,No,---,No,No,WOFAN,Kano-WOFAN,GarX1TS37,Female,2024-02-15,15/02/2024 09:21,15/02/2024 09:10,bun11,15/02/2024 09:21
0a90c062-4d1d-4a4b-a52a-7c955878a332,Youth,Producers,Bauchi,Rural,No,---,No,No,WOFAN,Bauchi-WOFAN,Nin8OA431,Female,2024-02-15,15/02/2024 09:21,15/02/2024 09:13,nin16,15/02/2024 09:25
a41c270a-241a-4717-a690-4e7d6f21de79,Youth,Producers,Kano,Peri_urban,Yes,Production,Yes,No,WOFAN,Kano-WOFAN,BebX11B40,Female,2024-02-15,15/02/2024 09:31,15/02/2024 09:08,kir06,15/02/2024 09:31
81793d91-232e-43e3-bf6b-01af69150f57,Youth,Producers,Jigawa,Rural,No,---,No,No,WOFAN,Jigawa-WOFAN,Jah461R32,Female,2024-02-15,15/02/2024 07:21,15/02/2024 07:16,jah45,15/02/2024 09:37
330d2e55-0c0f-4ab3-96a9-c02a553f9fd4,Youth,Producers/Processors,Gombe,Peri_urban,No,---,Yes,Yes,WOFAN,Gombe-WOFAN,GomLVXL42,Female,2024-02-15,15/02/2024 09:41,15/02/2024 09:13,gom29,15/02/2024 09:42
ceb0f385-4c53-4d5a-a96b-66403b6047fd,Youth,Producers,Kano,Rural,Yes,Production,Yes,No,WOFAN,Kano-WOFAN,GarD9MI27,Female,2024-02-15,15/02/2024 08:37,15/02/2024 07:52,bun12,15/02/2024 09:43
cf4d3767-c91f-4cc4-8d9c-6af04fc93ff9,Youth,Producers,Kano,Rural,Yes,Agro-Input_Dealer,Yes,Yes,WOFAN,Kano-WOFAN,Beb04GF50,Female,2024-02-15,15/02/2024 09:45,15/02/2024 09:27,tun01,15/02/2024 09:45
dce1ad43-b9aa-4af6-bacf-9737558d5463,Youth,Producers,Kano,Rural,Yes,Production,Yes,Yes,WOFAN,Kano-WOFAN,GarE46434,Female,2024-02-13,13/02/2024 10:38,13/02/2024 10:20,gmm67,15/02/2024 10:02
32166936-9c0d-4040-803d-cc71c741d349,Youth,Producers,Kano,Peri_urban,Yes,Production,No,Yes,WOFAN,Kano-WOFAN,GarIEC915,Female,2024-02-14,14/02/2024 16:18,14/02/2024 16:10,gmm67,15/02/2024 10:02
6cf1d7a2-e511-4b15-87cc-900ee08228cf,Youth,Producers,Kano,Rural,Yes,Production,Yes,Yes,WOFAN,Kano-WOFAN,GarYCPV18,Female,2024-02-14,14/02/2024 16:31,14/02/2024 16:22,gmm67,15/02/2024 10:02
550d8308-13c0-4afc-a4ce-e13cf453f7f7,Youth,Producers,Kano,Peri_urban,Yes,Production,Yes,Yes,WOFAN,Kano-WOFAN,GarQON648,Female,2024-02-14,14/02/2024 16:42,14/02/2024 16:32,gmm67,15/02/2024 10:03
1a318079-ef16-44a9-a280-c9dd285b445c,Youth,Producers,Kano,Rural,Yes,Production,Yes,Yes,WOFAN,Kano-WOFAN,GarDADZ51,Female,2024-02-14,14/02/2024 16:55,14/02/2024 16:42,gmm67,15/02/2024 10:03
2edaf62a-8e1b-4396-91b5-4d39e61c5034,Youth,Producers,Kano,Rural,No,---,Yes,No,WOFAN,Kano-WOFAN,GarVAX114,Female,2024-02-15,15/02/2024 07:31,15/02/2024 07:14,bun09,15/02/2024 10:06
c12ea529-940e-4593-bb5e-2c9d1ccc8f3d,Youth,Producers,Jigawa,Rural,Yes,Production,Yes,Yes,WOFAN,Jigawa-WOFAN,Rin9RDK56,Female,2024-02-15,15/02/2024 10:08,15/02/2024 10:00,rin28,15/02/2024 10:09
7d1218bc-ee78-47a7-8540-c02dcad2fbbe,Youth,Marketers,Kaduna,Urban,No,---,No,No,WOFAN,Kaduna-WOFAN,IkaJZD649,Female,2024-02-14,14/02/2024 16:06,14/02/2024 16:01,ika20,15/02/2024 10:09
4a50f237-5258-46ea-ad07-7abc5ae6c371,Youth,Producers/Processors,Kano,Rural,Yes,Production,Yes,Yes,WOFAN,Kano-WOFAN,BebKDR112,Female,2024-02-15,15/02/2024 07:28,14/02/2024 20:03,tun12,15/02/2024 10:14
d2e7148e-bfd6-40f9-aa92-279a3a260214,Youth,Processors,Kano,Rural,Yes,Production,Yes,Yes,WOFAN,Kano-WOFAN,BebI0TZ04,Female,2024-02-15,15/02/2024 10:14,15/02/2024 09:33,tun12,15/02/2024 10:14
7d90c616-3b5b-44fe-9b69-fd1fa93d390e,Youth,Processors,Jigawa,Rural,Yes,Processing,Yes,Yes,WOFAN,Jigawa-WOFAN,JahNMEY23,Female,2024-02-15,15/02/2024 10:20,15/02/2024 09:52,jah83,15/02/2024 10:20
5230a4ed-c880-4ce9-91ea-f3dd67f64e20,Youth,Producers,Kano,Rural,No,---,Yes,Yes,WOFAN,Kano-WOFAN,RanEUXJ55,Female,2024-02-15,15/02/2024 10:20,15/02/2024 10:13,gmm56,15/02/2024 10:20
c352c90e-ce53-4cab-b13f-bae96eb76fa0,Youth,Processors,Kano,Rural,Yes,Processing,No,No,WOFAN,Kano-WOFAN,BebLDAL57,Female,2024-02-14,14/02/2024 19:00,14/02/2024 18:46,tun19,15/02/2024 10:21
fadcde1e-79fd-4d46-89f6-28b936a7908f,Youth,Producers,Kaduna,Rural,No,---,Yes,No,WOFAN,Kaduna-WOFAN,IkaF5DJ03,Female,2024-02-15,15/02/2024 09:09,15/02/2024 08:47,ika23,15/02/2024 10:24
3ffcae2e-552b-4464-b2c5-e89a09ed7e20,Youth,Processors,Bauchi,Rural,Yes,Production,Yes,No,WOFAN,Bauchi-WOFAN,TafMXXK51,Female,2024-02-15,15/02/2024 09:16,15/02/2024 08:56,taf03,15/02/2024 10:28
7ced44cf-eaab-486e-8436-d4b31610bbb0,Youth,Producers,Kano,Rural,Yes,Agro-Input_Dealer,Yes,Yes,WOFAN,Kano-WOFAN,Beb1G4B33,Female,2024-02-15,15/02/2024 10:32,15/02/2024 10:21,kir02,15/02/2024 10:32
760fdadc-5775-4a85-b3bd-ff46776bf822,Youth,Producers,Jigawa,Rural,Yes,Agro-Input_Dealer,Yes,No,WOFAN,Jigawa-WOFAN,Jah3YC050,Female,2024-02-15,15/02/2024 10:31,15/02/2024 10:09,jah40,15/02/2024 10:36
d7a1a506-25a5-46c2-9687-2dc28b5e8e2a,Youth,Producers/Processors,Kano,Rural,Yes,Processing,Yes,Yes,WOFAN,Kano-WOFAN,GarF17253,Female,2024-02-15,15/02/2024 10:49,15/02/2024 10:26,ran11,15/02/2024 10:49
b1feb799-1623-4d50-a7c1-5eb97f5e4148,Youth,Marketers,Gombe,Urban,Yes,Agro-Trader,Yes,No,WOFAN,Gombe-WOFAN,AkkOGWI54,Female,2024-02-15,15/02/2024 08:46,15/02/2024 07:38,akk04,15/02/2024 11:00
57a9fcbe-2302-4985-aece-79e8b9c81508,Youth,Marketers,Gombe,Rural,Yes,Agro-Trader,Yes,No,WOFAN,Gombe-WOFAN,Kal97PR31,Female,2024-02-15,15/02/2024 10:17,15/02/2024 08:25,kal19,15/02/2024 11:01
c6bca627-0a37-4409-8672-80c81eef4ca3,Youth,Producers,Kano,Rural,Yes,Production,Yes,Yes,WOFAN,Kano-WOFAN,BebIK5Z07,Female,2024-02-15,15/02/2024 10:03,15/02/2024 09:57,kir19,15/02/2024 11:01
8a07c1dc-cc6b-4083-ad1e-5067a9a761fb,Youth,Processors,Jigawa,Rural,No,---,No,No,WOFAN,Jigawa-WOFAN,JahOFKE45,Female,2024-02-15,15/02/2024 11:06,15/02/2024 11:01,jah71,15/02/2024 11:06
21b63153-600f-4d98-ba99-d6e862383e43,Youth,Producers/Processors,Kano,Rural,Yes,Processing,Yes,No,WOFAN,Kano-WOFAN,KurF09838,Female,2024-02-14,14/02/2024 10:38,14/02/2024 10:20,kur13,15/02/2024 11:07
3b284ddd-9ba7-4152-b011-6e00611ee6cd,Youth,Producers,Jigawa,Rural,Yes,Production,Yes,No,WOFAN,Jigawa-WOFAN,TauF8DR48,Female,2024-02-15,15/02/2024 10:28,15/02/2024 10:21,tau28,15/02/2024 11:07
afb49baa-88a2-430c-842b-a0d1d2e015a0,Youth,Producers,Kano,Rural,Yes,Agro-Input_Dealer,Yes,Yes,WOFAN,Kano-WOFAN,Gar39L739,Female,2024-02-15,15/02/2024 11:07,15/02/2024 10:49,gmm48,15/02/2024 11:07
74911c24-e107-465e-a278-74d53defa08e,Youth,Processors,Gombe,Rural,No,---,No,No,WOFAN,Gombe-WOFAN,Gom65V648,Female,2024-02-15,15/02/2024 11:09,15/02/2024 10:58,gom22,15/02/2024 11:09
0da314e0-ee4d-434d-9fe4-169aba13ccf0,Youth,Producers,Kano,Rural,Yes,Production,Yes,Yes,WOFAN,Kano-WOFAN,BebKY3K03,Female,2024-02-15,15/02/2024 09:42,15/02/2024 09:16,tun07,15/02/2024 11:11
7173fe31-a28e-40f2-964b-e72b468fa7f6,Youth,Producers/Processors,Bauchi,Peri_urban,Yes,Production,Yes,No,WOFAN,Bauchi-WOFAN,Bau0OH822,Female,2024-02-15,15/02/2024 11:17,15/02/2024 10:10,bau15,15/02/2024 11:18
65e0fede-57cd-4aae-9342-0f0f663068d9,Youth,Producers,Kano,Rural,Yes,Processing,Yes,Yes,WOFAN,Kano-WOFAN,BebLCEW17,Female,2024-02-14,14/02/2024 10:43,14/02/2024 10:27,kir05,15/02/2024 11:23
05490fc2-4282-477b-bc83-d2c974e72a75,Youth,Producers/Processors,Kano,Rural,Yes,Production,No,Yes,WOFAN,Kano-WOFAN,Beb0PS219,Female,2024-02-14,14/02/2024 12:35,14/02/2024 12:24,kir05,15/02/2024 11:24
c9112ac2-0610-40b1-aa26-57ab863f40fb,Youth,Producers,Kano,Rural,Yes,Production,Yes,Yes,WOFAN,Kano-WOFAN,GarABSA05,Female,2024-02-15,15/02/2024 10:43,15/02/2024 10:32,bun03,15/02/2024 11:27
52bbb936-99d8-4019-ba43-b80695cda998,Youth,Processors,Kano,Rural,Yes,Processing,Yes,Yes,WOFAN,Kano-WOFAN,BebHOSI54,Female,2024-02-15,15/02/2024 09:36,15/02/2024 09:08,tun07,15/02/2024 11:30
e0cfc76f-eb6c-4fd3-a9e3-4252cf745e11,Youth,Producers,Kano,Rural,Yes,Agro-Input_Dealer,Yes,Yes,WOFAN,Kano-WOFAN,BebCMTS47,Female,2024-02-15,15/02/2024 11:35,15/02/2024 11:28,tun12,15/02/2024 11:35
a334a3a8-7650-42cf-b40e-58f14c79c993,Youth,Marketers,Kano,Rural,Yes,Production,Yes,Yes,WOFAN,Kano-WOFAN,BebGRSD32,Female,2024-02-15,15/02/2024 09:34,15/02/2024 09:23,tun01,15/02/2024 11:36
8467b53d-5c51-40db-aef4-a94e7e2b5853,Youth,Producers,Bauchi,Rural,Yes,Production,Yes,Yes,WOFAN,Bauchi-WOFAN,Bau8SOY34,Female,2024-02-15,15/02/2024 09:32,15/02/2024 08:58,bau14,15/02/2024 11:39
8378e9d5-c379-4548-998f-f2d07cf61000,Youth,Producers,Kano,Rural,Yes,Production,Yes,No,WOFAN,Kano-WOFAN,Beb4ZRZ09,Female,2024-02-15,15/02/2024 11:46,15/02/2024 11:34,tun27,15/02/2024 11:46
2f424712-d1ba-4d4e-8e42-aa176539aa08,Youth,Processors,Kano,Peri_urban,No,---,No,No,WOFAN,Kano-WOFAN,GarSDE205,Female,2024-02-15,15/02/2024 11:49,15/02/2024 11:36,gmm69,15/02/2024 11:49
f0aee1a4-32b8-4aaf-81a6-f1a6915f1add,Youth,Marketers,Kaduna,Rural,Yes,Processing,No,Yes,WOFAN,Kaduna-WOFAN,IkaRQLQ27,Female,2024-02-15,15/02/2024 11:49,15/02/2024 11:34,ika22,15/02/2024 11:51
71ed6f7a-d7b8-4d2c-89dd-1fdb65809ab2,Youth,Producers,Jigawa,Rural,Yes,Production,Yes,Yes,WOFAN,Jigawa-WOFAN,Jah0SCA50,Female,2024-02-15,15/02/2024 07:51,15/02/2024 07:38,jah69,15/02/2024 11:52
06a6f923-d9fd-41c4-a286-7501f9b80442,Youth,Producers,Jigawa,Rural,Yes,Production,Yes,Yes,WOFAN,Jigawa-WOFAN,Jah6RFR41,Female,2024-02-15,15/02/2024 08:00,15/02/2024 07:51,jah69,15/02/2024 11:52
0957b17e-a551-42eb-b129-be8ded6fe156,Youth,Producers/Processors,Kano,Rural,Yes,Production,Yes,Yes,WOFAN,Kano-WOFAN,GarTA3C41,Female,2024-02-15,15/02/2024 08:54,15/02/2024 08:39,gmm61,15/02/2024 11:55
11b5a353-ba34-4643-9338-640cb3f150db,Youth,Producers,Jigawa,Rural,Yes,Production,Yes,No,WOFAN,Jigawa-WOFAN,TauTMJJ37,Female,2024-02-15,15/02/2024 07:21,15/02/2024 07:14,tau25,15/02/2024 12:19
d7ec7a21-7b12-4403-a360-8058d1aa12c1,Youth,Processors,Bauchi,Rural,Yes,Processing,Yes,Yes,WOFAN,Bauchi-WOFAN,WarZXJB29,Female,2024-02-15,15/02/2024 12:21,15/02/2024 12:07,war04,15/02/2024 12:21
12b41b70-5a0d-458b-99a9-6d8ce7ab6ae4,Youth,Processors,Kano,Rural,No,---,No,No,WOFAN,Kano-WOFAN,Beb5J6R41,Female,2024-02-15,15/02/2024 12:04,15/02/2024 11:40,tun23,15/02/2024 12:22
cc0d9441-f8a9-4d7c-9205-f4df9fc03ad8,Youth,Producers,Bauchi,Rural,Yes,Production,Yes,No,WOFAN,Bauchi-WOFAN,TafCUBU16,Female,2024-02-15,15/02/2024 12:22,15/02/2024 12:05,taf05,15/02/2024 12:22
21e1641f-5a72-4452-a2e1-afb6dab94ff7,Youth,Producers,Jigawa,Rural,Yes,Production,Yes,No,WOFAN,Jigawa-WOFAN,TauDYH500,Female,2024-02-15,15/02/2024 08:37,15/02/2024 08:30,tau25,15/02/2024 12:22
4e140078-e1dd-4bf0-a0fd-8abf44f7c78d,Youth,Processors,Kano,Rural,Yes,Processing,Yes,Yes,WOFAN,Kano-WOFAN,Gar5VMH30,Female,2024-02-15,15/02/2024 12:25,15/02/2024 12:05,bun04,15/02/2024 12:30
c3ce36f5-f206-4124-8195-6b2c9acc86ba,Youth,Producers/Processors,Kano,Rural,Yes,Production,No,No,WOFAN,Kano-WOFAN,BebNRJS55,Female,2024-02-15,15/02/2024 12:30,15/02/2024 12:25,tun21,15/02/2024 12:30
80a6e35e-6909-4df2-9807-abf2b261252d,Youth,Processors,Kano,Rural,No,---,No,No,WOFAN,Kano-WOFAN,TudTD9P27,Female,2024-02-15,15/02/2024 08:08,15/02/2024 07:57,tun24,15/02/2024 12:30
787aff9c-c00e-44a1-9b70-25683377a163,Youth,Producers/Processors,Bauchi,Urban,Yes,Processing,Yes,No,WOFAN,Bauchi-WOFAN,BauX6F859,Female,2024-02-15,15/02/2024 12:32,15/02/2024 11:42,bau16,15/02/2024 12:32
1d6e0b17-d741-4c15-bf4b-ff0eab92b691,Youth,Processors,Jigawa,Rural,Yes,Processing,Yes,Yes,WOFAN,Jigawa-WOFAN,JahZL9Q59,Female,2024-02-15,15/02/2024 12:06,15/02/2024 11:59,jah68,15/02/2024 12:43
e53872a6-8f08-4410-b62f-00078bc08080,Youth,Processors,Jigawa,Rural,Yes,Processing,Yes,Yes,WOFAN,Jigawa-WOFAN,JahJGAN58,Female,2024-02-15,15/02/2024 12:15,15/02/2024 12:06,jah68,15/02/2024 12:43
5a71350a-d30f-4969-ac14-4c7eb29ef659,Youth,Producers,Jigawa,Rural,Yes,Production,Yes,Yes,WOFAN,Jigawa-WOFAN,Rin2RF602,Female,2024-02-15,15/02/2024 11:32,15/02/2024 11:12,rin22,15/02/2024 12:45
532b1d50-49e7-4fc0-a8a6-7c6867e0ec4e,Youth,Producers,Gombe,Rural,No,---,Yes,Yes,WOFAN,Gombe-WOFAN,Kal7LLE11,Female,2024-02-15,15/02/2024 12:47,15/02/2024 12:29,kal16,15/02/2024 12:47
0b8e8f3c-7f41-4e7d-b6c8-e2c682e3c5c9,Youth,Processors,Jigawa,Rural,Yes,Processing,Yes,No,WOFAN,Jigawa-WOFAN,Jah1QWJ04,Female,2024-02-15,15/02/2024 10:58,15/02/2024 10:50,jah39,15/02/2024 12:49
d46b5771-dda9-48cd-a4b1-9f7ef30ad8a7,Youth,Producers,Jigawa,Rural,No,---,Yes,No,WOFAN,Jigawa-WOFAN,RinWORN04,Female,2024-02-15,15/02/2024 08:40,15/02/2024 08:31,rin28,15/02/2024 12:50
b10c6498-db8d-4494-a909-2be403a5cf8d,Youth,Processors,Jigawa,Rural,Yes,Processing,Yes,No,WOFAN,Jigawa-WOFAN,Jah3DJ707,Female,2024-02-15,15/02/2024 11:51,15/02/2024 11:46,jah67,15/02/2024 12:55
6fc24952-1096-4e29-a1b6-350792590663,Youth,Producers,Kano,Rural,Yes,Agro-Input_Dealer,Yes,Yes,WOFAN,Kano-WOFAN,Beb4LRC05,Female,2024-02-15,15/02/2024 10:01,15/02/2024 09:47,tun01,15/02/2024 12:56
269346bf-3620-4765-aeca-12672e64b101,Youth,Producers/Processors,Kano,Rural,Yes,Processing,Yes,No,WOFAN,Kano-WOFAN,KurQL2X21,Female,2024-02-15,15/02/2024 10:50,15/02/2024 10:12,gmm55,15/02/2024 12:56
80f04f34-1dd3-416a-b345-dae49231569b,Youth,Producers,Jigawa,Rural,No,---,No,No,WOFAN,Jigawa-WOFAN,Jah46EF48,Female,2024-02-15,15/02/2024 09:34,15/02/2024 09:29,jah56,15/02/2024 12:57
1d614ecd-ba55-4b08-9a66-4a1b992261fd,Youth,Marketers,Gombe,Rural,Yes,Other,Yes,Yes,WOFAN,Gombe-WOFAN,BilV52M04,Female,2024-02-15,15/02/2024 12:55,15/02/2024 12:39,bill06,15/02/2024 13:00
5ef2743f-713e-49ec-8a8a-89390d5c6e87,Youth,Producers/Processors,Kaduna,Rural,Yes,Agro-Trader,Yes,No,WOFAN,Kaduna-WOFAN,IkaR86935,Female,2024-02-15,15/02/2024 09:06,15/02/2024 08:36,ika33,15/02/2024 13:02
8b7e91ea-c7db-4cea-88fc-c227ebcb6aba,Youth,Processors,Gombe,Rural,No,---,Yes,No,WOFAN,Gombe-WOFAN,ShoZQ4327,Female,2024-02-15,15/02/2024 09:58,15/02/2024 09:34,sha03,15/02/2024 13:10
a1375866-7bd4-444a-a539-f3aeb5eefa8d,Youth,Producers/Processors,Jigawa,Rural,No,---,Yes,No,WOFAN,Jigawa-WOFAN,Jah1SDQ06,Female,2024-02-15,15/02/2024 13:10,15/02/2024 13:01,jah43,15/02/2024 13:10
807423d8-341c-4e31-9484-ee3776247711,Youth,Producers/Processors,Kaduna,Rural,Yes,Processing,Yes,No,WOFAN,Kaduna-WOFAN,IkaSVHE29,Female,2024-02-15,15/02/2024 13:02,15/02/2024 12:48,ika33,15/02/2024 13:12
ded8482d-beb7-42fd-9f40-f26e8a69d5c2,Youth,Marketers,Kaduna,Rural,Yes,Processing,Yes,Yes,WOFAN,Kaduna-WOFAN,IkaCYAK11,Female,2024-02-15,15/02/2024 13:12,15/02/2024 13:05,ika22,15/02/2024 13:13
07f58e46-6245-42d9-9ca1-8df4c7b4f3ed,Youth,Marketers,Gombe,Rural,Yes,Processing,Yes,No,WOFAN,Gombe-WOFAN,ShoANNX41,Female,2024-02-15,15/02/2024 11:35,15/02/2024 11:22,sha06,15/02/2024 13:23
664c2c67-82c0-4faf-92da-bbabd0be1549,Youth,Producers/Processors,Kaduna,Rural,Yes,Agro-Input_Dealer,Yes,No,WOFAN,Kaduna-WOFAN,IkaGVJE21,Female,2024-02-15,15/02/2024 11:47,15/02/2024 11:23,ika26,15/02/2024 13:30
d0fab246-4c27-458d-9aa2-b73bd0f30e69,Youth,Marketers,Gombe,Urban,No,---,Yes,No,WOFAN,Gombe-WOFAN,GomOTF621,Female,2024-02-15,15/02/2024 13:31,15/02/2024 13:12,gom25,15/02/2024 13:31
1dd7b4ce-c77b-43c1-98ba-59a07f45797c,Youth,Producers,Kano,Rural,Yes,Production,Yes,Yes,WOFAN,Kano-WOFAN,BebC8W021,Female,2024-02-15,15/02/2024 09:13,15/02/2024 08:44,kir13,15/02/2024 13:34
1ed2512d-ab98-4589-9446-ae12de22d1d6,Youth,Processors,Bauchi,Rural,No,---,Yes,No,WOFAN,Bauchi-WOFAN,WarB67G19,Female,2024-02-15,15/02/2024 13:38,15/02/2024 13:20,war05,15/02/2024 13:39
9f2090e4-14d4-441f-91d0-123aa0008f68,Youth,Processors,Kano,Rural,No,---,No,No,WOFAN,Kano-WOFAN,BebLZXY42,Female,2024-02-15,15/02/2024 12:16,15/02/2024 12:11,tun31,15/02/2024 13:39
07b86d6b-fe33-409c-9711-390e0b7b3240,Youth,Producers,Jigawa,Rural,Yes,Production,Yes,No,WOFAN,Jigawa-WOFAN,RinM1EZ06,Female,2024-02-15,15/02/2024 11:32,15/02/2024 11:23,rin26,15/02/2024 13:43
ae01e5e7-0516-4a6c-8ccc-f2b2317800b2,Youth,Marketers,Kaduna,Rural,Yes,Processing,No,No,WOFAN,Kaduna-WOFAN,Ika6M9P30,Female,2024-02-15,15/02/2024 13:43,15/02/2024 13:33,ika25,15/02/2024 13:44
e5fa1cf0-b20c-4ec1-8c0b-db3259e4c932,Youth,Marketers,Gombe,Rural,Yes,Off-taker,Yes,No,WOFAN,Gombe-WOFAN,Sho3WLM31,Female,2024-02-15,15/02/2024 13:43,15/02/2024 13:31,sha06,15/02/2024 13:44
7629241a-6daa-4095-9a68-de646944ebc5,Youth,Producers/Processors,Jigawa,Rural,Yes,Production,Yes,Yes,WOFAN,Jigawa-WOFAN,RinTR3U09,Female,2024-02-15,15/02/2024 13:47,15/02/2024 13:34,rin21,15/02/2024 13:47
be6492f7-0de6-42a5-941b-8ca32eda40ec,Youth,Producers,Kano,Rural,No,---,Yes,Yes,WOFAN,Kano-WOFAN,Gar2ZCF37,Female,2024-02-15,15/02/2024 11:58,15/02/2024 11:33,bun17,15/02/2024 13:54
cd1011c8-69aa-481f-8eae-11514bf0be2b,Youth,Processors,Jigawa,Rural,Yes,Processing,Yes,Yes,WOFAN,Jigawa-WOFAN,RinJQHI37,Female,2024-02-15,15/02/2024 11:15,15/02/2024 10:57,rin15,15/02/2024 14:00
702f8677-9388-4b91-8ae5-a0353093ac0b,Youth,Processors,Jigawa,Rural,No,---,No,No,WOFAN,Jigawa-WOFAN,JahEWNE55,Female,2024-02-15,15/02/2024 14:01,15/02/2024 13:57,jah71,15/02/2024 14:01
755856c6-f3e2-48e4-a1a1-a25e0027e584,Youth,Producers/Processors,Jigawa,Rural,Yes,Production,Yes,Yes,WOFAN,Jigawa-WOFAN,Jah1IJG24,Female,2024-02-15,15/02/2024 08:23,15/02/2024 08:12,jah47,15/02/2024 14:04
dfb4ed8b-b8e7-464b-922a-4b7b2c14ec15,Youth,Processors,Jigawa,Rural,No,---,No,No,WOFAN,Jigawa-WOFAN,Jah14GR13,Female,2024-02-15,15/02/2024 14:04,15/02/2024 14:01,jah71,15/02/2024 14:04
9b89adfe-ee3c-4e13-8c29-094d5c17a77d,Youth,Processors,Kano,Rural,No,---,No,No,WOFAN,Kano-WOFAN,BebMX8X27,Female,2024-02-15,15/02/2024 10:34,15/02/2024 10:27,tun25,15/02/2024 14:04
2ab90b62-797c-4eda-90cc-706a10de63f4,Youth,Producers/Processors,Jigawa,Rural,Yes,Production,Yes,Yes,WOFAN,Jigawa-WOFAN,JahTP5A40,Female,2024-02-15,15/02/2024 09:47,15/02/2024 09:36,jah47,15/02/2024 14:05
7d0b078a-ce0d-4dcc-9155-8632106c5780,Youth,Producers/Processors,Jigawa,Rural,Yes,Production,Yes,Yes,WOFAN,Jigawa-WOFAN,JahTH8V38,Female,2024-02-15,15/02/2024 11:07,15/02/2024 10:56,jah47,15/02/2024 14:06
0b80c4ac-e759-4ad5-905d-082837b4079e,Youth,Marketers,Jigawa,Rural,No,---,Yes,Yes,WOFAN,Jigawa-WOFAN,JahIUW123,Female,2024-02-15,15/02/2024 14:06,15/02/2024 14:01,jah59,15/02/2024 14:06
8793d1b1-6be9-4bde-8af0-e556dd4c8dc8,Youth,Producers/Processors,Jigawa,Rural,Yes,Production,Yes,No,WOFAN,Jigawa-WOFAN,JahVV1B11,Female,2024-02-15,15/02/2024 12:28,15/02/2024 12:21,jah47,15/02/2024 14:07
83b524fe-832e-4dc0-a2cc-dff55fbf9a15,Youth,Producers/Processors,Jigawa,Rural,No,---,Yes,No,WOFAN,Jigawa-WOFAN,RinWBS917,Female,2024-02-15,15/02/2024 14:08,15/02/2024 13:33,rin17,15/02/2024 14:08
faee343e-ef73-4764-a155-6cc908151e3e,Youth,Producers,Kano,Rural,No,---,No,No,WOFAN,Kano-WOFAN,Gar0QYR48,Female,2024-02-15,15/02/2024 12:39,15/02/2024 12:33,ran02,15/02/2024 14:09
188b814d-9102-44ae-9eee-94d9c21bc5f7,Youth,Producers/Processors,Bauchi,Urban,Yes,Production,Yes,No,WOFAN,Bauchi-WOFAN,Nin1DYH58,Female,2024-02-15,15/02/2024 14:11,15/02/2024 13:54,nin17,15/02/2024 14:12
3ab474e3-975b-4f66-89b7-853811b7f759,Youth,Marketers,Gombe,Rural,No,---,Yes,No,WOFAN,Gombe-WOFAN,KalJQE439,Female,2024-02-15,15/02/2024 10:52,15/02/2024 10:42,kal12,15/02/2024 14:13
174cf206-efb4-4637-81d9-3147caf72316,Youth,Processors,Jigawa,Rural,No,---,No,No,WOFAN,Jigawa-WOFAN,Jah2Q8R38,Female,2024-02-15,15/02/2024 14:16,15/02/2024 14:11,jah71,15/02/2024 14:16
9dd23d50-c8f4-43eb-88c6-a1752a846c45,Youth,Producers,Kano,Rural,Yes,Production,Yes,Yes,WOFAN,Kano-WOFAN,GarT60P10,Female,2024-02-15,15/02/2024 14:16,15/02/2024 14:03,bun03,15/02/2024 14:16
37ba6e3b-1e5d-4762-8690-d4d32bf33b39,Youth,Producers,Jigawa,Rural,No,---,Yes,No,WOFAN,Jigawa-WOFAN,RinXM1523,Female,2024-02-15,15/02/2024 14:04,15/02/2024 13:55,rin26,15/02/2024 14:18
7fb74a46-30fe-4e35-8d72-f910bdace9d2,Youth,Processors,Jigawa,Rural,No,---,Yes,No,WOFAN,Jigawa-WOFAN,TauXM7W52,Female,2024-02-15,15/02/2024 10:13,15/02/2024 10:05,tau29,15/02/2024 14:21
455dadb8-cbab-4d99-8ffc-1e1afa208a9a,Youth,Processors,Jigawa,Rural,No,---,Yes,No,WOFAN,Jigawa-WOFAN,Tau7MBQ40,Female,2024-02-15,15/02/2024 11:39,15/02/2024 11:29,tau29,15/02/2024 14:21
977a8d40-8e62-48f8-ba8f-6904dde7bc02,Youth,Processors,Jigawa,Rural,No,---,Yes,No,WOFAN,Jigawa-WOFAN,Tau1TUE37,Female,2024-02-15,15/02/2024 13:29,15/02/2024 13:15,tau29,15/02/2024 14:22
9607727c-8bc7-4ae9-a166-2435588be430,Youth,Producers,Bauchi,Urban,No,---,No,No,WOFAN,Bauchi-WOFAN,WarXQ2E49,Female,2024-02-15,15/02/2024 13:54,15/02/2024 13:42,war03,15/02/2024 14:29
3dc7ff22-ba8e-4962-9baf-8130ae3d497d,Youth,Producers,Jigawa,Rural,Yes,Production,Yes,No,WOFAN,Jigawa-WOFAN,Jah04EZ47,Female,2024-02-15,15/02/2024 14:25,15/02/2024 14:18,jah40,15/02/2024 14:29
16bd1d18-c2ea-43b0-a4ca-832beabe107a,Youth,Producers,Kano,Rural,No,---,Yes,No,WOFAN,Kano-WOFAN,Gar0YJ939,Female,2024-02-15,15/02/2024 12:05,15/02/2024 11:51,bun09,15/02/2024 14:39
526a80b1-7330-4178-b51c-611e5372126d,Youth,Marketers,Kaduna,Rural,Yes,Agro-Trader,Yes,Yes,WOFAN,Kaduna-WOFAN,IkaA26413,Female,2024-02-15,15/02/2024 11:59,15/02/2024 11:15,ika11,15/02/2024 14:42
5d315dc8-ac39-493b-a868-267d96e7e5c7,Youth,Producers/Processors,Bauchi,Rural,Yes,Production,Yes,No,WOFAN,Bauchi-WOFAN,NinFNJ701,Female,2024-02-14,14/02/2024 17:09,14/02/2024 16:43,nin14,15/02/2024 14:43
203e618e-164a-4320-9a41-27c06384998f,Youth,Producers,Jigawa,Rural,Yes,Production,Yes,No,WOFAN,Jigawa-WOFAN,RinTE1G13,Female,2024-02-15,15/02/2024 12:45,15/02/2024 12:25,rin12,15/02/2024 14:48
b1133264-4a7f-4e79-878c-6b57b373724b,Youth,Processors,Kano,Rural,Yes,Processing,No,No,WOFAN,Kano-WOFAN,Beb1N1F03,Female,2024-02-15,15/02/2024 11:03,15/02/2024 10:38,tun19,15/02/2024 14:49
f52d2476-a0ee-4e11-bd78-97f6b330a913,Youth,Producers,Kano,Rural,No,---,No,No,WOFAN,Kano-WOFAN,GarZ8DF51,Female,2024-02-14,14/02/2024 11:27,14/02/2024 10:20,bun11,15/02/2024 14:52
c896e351-3b2e-48d2-85e1-f04e737caa0b,Youth,Producers,Kano,Urban,Yes,Production,Yes,Yes,WOFAN,Kano-WOFAN,KurTZNA03,Female,2024-02-15,15/02/2024 09:29,15/02/2024 09:15,kur06,15/02/2024 14:55
3ae43b81-6d6f-4090-87be-8b36155cb17d,Youth,Producers,Kano,Rural,No,---,Yes,No,WOFAN,Kano-WOFAN,GarJZKU58,Female,2024-02-15,15/02/2024 14:56,15/02/2024 14:43,bun09,15/02/2024 14:56
5a7a5e77-9d2f-4b9b-9470-f77a730d7cd2,Youth,Processors,Jigawa,Rural,Yes,Processing,Yes,Yes,WOFAN,Jigawa-WOFAN,Rin1IMS33,Female,2024-02-15,15/02/2024 10:01,15/02/2024 09:44,rin27,15/02/2024 15:03
a8886922-e0e8-4fa6-aee8-0ac6f293b70f,Youth,Producers,Kano,Rural,Yes,Production,Yes,Yes,WOFAN,Kano-WOFAN,Beb2I8G08,Female,2024-02-15,15/02/2024 15:04,15/02/2024 14:51,kir10,15/02/2024 15:04
be191e48-85da-4d95-88b1-8e1c7a423889,Youth,Processors,Jigawa,Rural,Yes,Processing,Yes,No,WOFAN,Jigawa-WOFAN,Tau94HP17,Female,2024-02-15,15/02/2024 05:44,15/02/2024 05:36,tau27,15/02/2024 15:05
ffaf5985-8e0e-43e7-9cb0-0ec33df5e6a7,Youth,Producers,Jigawa,Rural,Yes,Production,Yes,No,WOFAN,Jigawa-WOFAN,Tau21KA18,Female,2024-02-15,15/02/2024 10:21,15/02/2024 10:03,tau27,15/02/2024 15:05
b88c7edf-e562-4510-8938-23133ca94667,Youth,Producers/Processors,Kano,Peri_urban,Yes,Processing,Yes,Yes,WOFAN,Kano-WOFAN,Beb1YOP51,Female,2024-02-15,15/02/2024 11:42,15/02/2024 10:49,tun12,15/02/2024 15:10
d377a6cb-874e-4370-a122-6a6d46a3a691,Youth,Producers/Processors,Kano,Peri_urban,Yes,Processing,Yes,Yes,WOFAN,Kano-WOFAN,KirUBNO39,Female,2024-02-15,15/02/2024 07:46,15/02/2024 06:42,kir18,15/02/2024 15:16
0b4655d7-5ebf-4f5e-8324-3d59da9a2cfa,Youth,Processors,Kano,Rural,Yes,Processing,Yes,No,WOFAN,Kano-WOFAN,BebD66Y54,Female,2024-02-15,15/02/2024 15:08,15/02/2024 15:00,tun21,15/02/2024 15:18
1b2f4edd-c75d-4bd5-a060-1796cce9c814,Youth,Producers,Kano,Rural,No,---,Yes,No,WOFAN,Kano-WOFAN,GarYKZP17,Female,2024-02-15,15/02/2024 13:08,15/02/2024 12:51,bun06,15/02/2024 15:20
6e6d33f2-5664-47e6-b7b9-6aaf626cb4b2,Youth,Producers/Processors,Bauchi,Peri_urban,Yes,Production,Yes,Yes,WOFAN,Bauchi-WOFAN,Das7UQI58,Female,2024-02-15,15/02/2024 15:17,15/02/2024 14:55,das08,15/02/2024 15:28
39f3ea3a-781d-40c6-84be-4b3d00bd9d4e,Youth,Marketers,Gombe,Rural,No,---,Yes,No,WOFAN,Gombe-WOFAN,AkkVJCB13,Female,2024-02-15,15/02/2024 11:09,15/02/2024 10:49,akk03,15/02/2024 15:29
d37ceb9e-eb87-41d6-af76-0ec187769381,Youth,Producers,Jigawa,Rural,Yes,Agro-Input_Dealer,Yes,No,WOFAN,Jigawa-WOFAN,Jah4N7C19,Female,2024-02-15,15/02/2024 15:28,15/02/2024 15:18,jah39,15/02/2024 15:29
2880939f-4d86-47cd-997e-3481e40d3ab4,Youth,Producers/Processors,Jigawa,Rural,Yes,Production,Yes,Yes,WOFAN,Jigawa-WOFAN,JahUQFH46,Female,2024-02-15,15/02/2024 10:59,15/02/2024 09:40,jah66,15/02/2024 15:30
17d3e007-cada-4b44-bf58-e0bcf9de0c19,Youth,Producers/Processors,Jigawa,Rural,Yes,Processing,Yes,Yes,WOFAN,Jigawa-WOFAN,JahOGG120,Female,2024-02-15,15/02/2024 10:59,15/02/2024 09:33,jah66,15/02/2024 15:30
69ec27e0-e816-4154-a709-1716d2b9ba77,Youth,Producers/Processors,Jigawa,Rural,Yes,Production,Yes,Yes,WOFAN,Jigawa-WOFAN,JahAVBW00,Female,2024-02-15,15/02/2024 11:00,15/02/2024 09:24,jah66,15/02/2024 15:30
989025c3-8356-4a3f-af26-44d915a3610a,Youth,Producers/Processors,Jigawa,Rural,Yes,Production,Yes,Yes,WOFAN,Jigawa-WOFAN,JahYTLD51,Female,2024-02-15,15/02/2024 11:01,15/02/2024 09:10,jah66,15/02/2024 15:30
4fc32b48-dcd6-4ef4-bf85-1c1b178a39bb,Youth,Producers/Processors,Kano,Rural,Yes,Mechanization_service_provider,No,Yes,WOFAN,Kano-WOFAN,Tud97U441,Female,2024-02-15,15/02/2024 08:34,15/02/2024 08:30,tun17,15/02/2024 15:31
5746d99a-e2a9-4248-a1be-3c23e790ab37,Youth,Producers/Processors,Jigawa,Rural,Yes,Production,Yes,Yes,WOFAN,Jigawa-WOFAN,RinRGQP13,Female,2024-02-15,15/02/2024 12:13,15/02/2024 11:48,rin23,15/02/2024 15:31
14e9624d-2fa1-468a-9bf2-7984b106df17,Youth,Producers/Processors,Jigawa,Rural,Yes,Production,Yes,Yes,WOFAN,Jigawa-WOFAN,RinZQQK45,Female,2024-02-15,15/02/2024 15:31,15/02/2024 15:24,rin23,15/02/2024 15:33
62ed7b23-cf9f-4787-8f47-d543bb243340,Youth,Producers/Processors,Kano,Rural,Yes,Production,Yes,Yes,WOFAN,Kano-WOFAN,GarKL5D56,Female,2024-02-15,15/02/2024 15:33,15/02/2024 15:19,gmm68,15/02/2024 15:33
b4801ec7-fddb-45d5-9eb3-478ef5d3a9ee,Youth,Producers,Gombe,Rural,No,---,Yes,No,WOFAN,Gombe-WOFAN,BilE9OQ21,Female,2024-02-15,15/02/2024 15:33,15/02/2024 15:17,bill09,15/02/2024 15:34
fe115151-6a39-4988-96bf-14fb58eda80e,Youth,Producers,Jigawa,Rural,Yes,Processing,Yes,No,WOFAN,Jigawa-WOFAN,TauBN1I18,Female,2024-02-15,15/02/2024 09:33,15/02/2024 06:10,tau26,15/02/2024 15:34
8a919800-c8ad-4770-9280-9befaf5a2f9e,Youth,Producers,Kano,Rural,No,---,No,No,WOFAN,Kano-WOFAN,GarNCT829,Female,2024-02-15,15/02/2024 12:15,15/02/2024 12:02,bun18,15/02/2024 15:35
d1460ab2-8aa4-4372-90ed-9ad1223df50a,Youth,Producers,Jigawa,Rural,Yes,Production,Yes,Yes,WOFAN,Jigawa-WOFAN,Rin6HF206,Female,2024-02-15,15/02/2024 12:35,15/02/2024 12:25,rin28,15/02/2024 15:38
06e18ded-4a51-4aab-954e-88365e290a00,Youth,Marketers,Jigawa,Rural,No,---,Yes,No,WOFAN,Jigawa-WOFAN,Jah5LKZ27,Female,2024-02-15,15/02/2024 15:38,15/02/2024 15:33,jah59,15/02/2024 15:38
f409987e-ce68-46d0-9849-d142f18faec2,Youth,Processors,Kaduna,Rural,Yes,Processing,Yes,No,WOFAN,Kaduna-WOFAN,IkaDWLN01,Female,2024-02-15,15/02/2024 15:41,15/02/2024 15:31,ika15,15/02/2024 15:42
fbd5ccde-cd33-4723-a97f-49db1f37844b,Youth,Processors,Kano,Rural,No,---,Yes,No,WOFAN,Kano-WOFAN,GarXMW938,Female,2024-02-15,15/02/2024 08:23,15/02/2024 08:07,gmm64,15/02/2024 15:42
0ded5135-98c8-42df-9a31-700671510c98,Youth,Processors,Jigawa,Rural,Yes,Processing,Yes,Yes,WOFAN,Jigawa-WOFAN,Rin6DDW44,Female,2024-02-15,15/02/2024 13:39,15/02/2024 13:30,rin11,15/02/2024 15:45
54670c9d-b558-44f3-b822-59fd594e61b6,Youth,Producers,Kano,Rural,No,---,Yes,No,WOFAN,Kano-WOFAN,Gar76I626,Female,2024-02-15,15/02/2024 15:55,15/02/2024 15:44,bun06,15/02/2024 15:55
1eb48770-931c-487a-a3fc-b35bb2968df6,Youth,ProducerProcessor,Jigawa,Rural,Yes,Processing,No,No,WOFAN,Jigawa-WOFAN,JahWKJQ01,Female,2024-02-15,15/02/2024 13:39,15/02/2024 13:23,jah78,15/02/2024 15:59
7ded24cd-7f96-4f19-8f2f-7e4ab0b14c1a,Youth,Producers,Kano,Rural,Yes,Production,No,Yes,WOFAN,Kano-WOFAN,GarM2Z732,Female,2024-02-15,15/02/2024 16:14,15/02/2024 15:33,bun12,15/02/2024 16:14
4e66902f-9dac-4e5e-821b-095e1d2a95a5,Youth,Processors,Kano,Peri_urban,Yes,Production,Yes,No,WOFAN,Kano-WOFAN,BebBBKH21,Female,2024-02-15,15/02/2024 12:30,15/02/2024 11:04,tun09,15/02/2024 16:16
b3242c9f-6576-4741-bfc9-534419b080b8,Youth,Producers,Kano,Rural,No,---,Yes,No,WOFAN,Kano-WOFAN,GarXAVO29,Female,2024-02-15,15/02/2024 09:09,15/02/2024 08:58,bun21,15/02/2024 16:17
c4aa5712-be40-4d73-abb5-e23f1fa35b56,Youth,Producers,Gombe,Urban,Yes,Production,Yes,Yes,WOFAN,Gombe-WOFAN,GomK4GN52,Female,2024-02-15,15/02/2024 16:17,15/02/2024 16:02,gom20,15/02/2024 16:18
a48156dc-6212-4cf4-be4e-de96fc16e6a8,Youth,Processors,Kano,Urban,Yes,Processing,No,Yes,WOFAN,Kano-WOFAN,Tud3D4Q05,Female,2024-02-15,15/02/2024 11:17,15/02/2024 11:06,tun02,15/02/2024 16:22
f37ceff0-ba72-4339-b2bf-c0319f12241d,Youth,Producers,Jigawa,Rural,Yes,Agro-Input_Dealer,Yes,Yes,WOFAN,Jigawa-WOFAN,Rin5Y3B56,Female,2024-02-15,15/02/2024 09:27,15/02/2024 09:03,rin24,15/02/2024 16:35
4e47a755-632a-4bb0-b11f-bb7a21424628,Youth,Producers,Jigawa,Rural,Yes,Production,Yes,No,WOFAN,Jigawa-WOFAN,JahVXR121,Female,2024-02-15,15/02/2024 13:39,15/02/2024 13:33,jah39,15/02/2024 16:35
c48618c2-0940-41b5-b4c3-58de837e47de,Youth,Producers/Processors,Kaduna,Rural,Yes,Processing,Yes,No,WOFAN,Kaduna-WOFAN,Ika39O859,Female,2024-02-15,15/02/2024 11:57,15/02/2024 11:43,ika28,15/02/2024 16:40
b29329d9-b373-4831-882c-92a4a32ce6e9,Youth,Producers/Processors,Kano,Rural,No,---,Yes,No,WOFAN,Kano-WOFAN,Beb0VSI29,Female,2024-02-15,15/02/2024 14:17,15/02/2024 14:10,tun22,15/02/2024 16:41
5aaf4ea9-2ef7-4e2e-85be-7cb1947edb90,Youth,Processors,Kaduna,Rural,Yes,Processing,Yes,No,WOFAN,Kaduna-WOFAN,IkaWV7304,Female,2024-02-15,15/02/2024 14:26,15/02/2024 14:19,ika28,15/02/2024 16:42
e40f5369-a8be-4acf-8dfe-798f375270a5,Youth,Processors,Kaduna,Rural,Yes,Processing,Yes,No,WOFAN,Kaduna-WOFAN,IkaJM6R31,Female,2024-02-15,15/02/2024 14:36,15/02/2024 14:28,ika28,15/02/2024 16:42
ef0e815c-d698-49b0-8b68-419738b196bb,Youth,Processors,Bauchi,Rural,Yes,Processing,Yes,Yes,WOFAN,Bauchi-WOFAN,DasKLSN48,Female,2024-02-15,15/02/2024 09:32,15/02/2024 09:05,das08,15/02/2024 16:43
b2554b57-2fb0-4d7a-b166-290fcf44b475,Youth,Processors,Bauchi,Rural,Yes,Processing,Yes,Yes,WOFAN,Bauchi-WOFAN,DasQEAO21,Female,2024-02-15,15/02/2024 12:54,15/02/2024 12:40,das08,15/02/2024 16:47
bae0bbd4-e3b7-427d-84bf-5bd31b233772,Youth,Processors,Kano,Rural,No,---,No,No,WOFAN,Kano-WOFAN,GarOENW15,Female,2024-02-15,15/02/2024 16:19,15/02/2024 16:12,bun20,15/02/2024 16:49
86884756-c0a0-4c97-ade9-981c246a6497,Youth,Processors,Gombe,Urban,Yes,Processing,No,Yes,WOFAN,Gombe-WOFAN,Gom2CIV41,Female,2024-02-15,15/02/2024 16:49,15/02/2024 16:44,gom20,15/02/2024 16:49
7cc92079-394e-43a6-a6e5-da8c749eed58,Youth,Producers,Kano,Rural,Yes,Production,Yes,Yes,WOFAN,Kano-WOFAN,GarA7O522,Female,2024-02-15,15/02/2024 11:46,15/02/2024 11:37,kur07,15/02/2024 16:49
d6b725a7-7d10-4ebf-9528-584dcae4eb26,Youth,Producers,Jigawa,Rural,Yes,Mechanization_service_provider,Yes,Yes,WOFAN,Jigawa-WOFAN,Rin2JQ622,Female,2024-02-15,15/02/2024 12:36,15/02/2024 12:12,rin24,15/02/2024 16:53
de5e66de-4795-4e08-84c2-6785f1c03186,Youth,Marketers,Gombe,Urban,No,---,No,No,WOFAN,Gombe-WOFAN,Gom1UKO58,Female,2024-02-15,15/02/2024 16:53,15/02/2024 16:47,gom28,15/02/2024 16:53
b0a9c943-e98c-4928-bc61-e9132b8c328e,Youth,Producers,Kano,Rural,Yes,Production,Yes,Yes,WOFAN,Kano-WOFAN,Beb4G6P51,Female,2024-02-15,15/02/2024 13:00,15/02/2024 12:52,kir19,15/02/2024 16:54
c689750a-2913-491b-a752-7d5d9fdc5ff4,Youth,Producers,Jigawa,Rural,No,---,Yes,No,WOFAN,Jigawa-WOFAN,Rin29NX17,Female,2024-02-15,15/02/2024 08:01,15/02/2024 07:50,rin13,15/02/2024 16:55
ae9c5659-263c-4cca-af3a-2c9216fddb2f,Youth,Producers,Jigawa,Rural,No,---,Yes,No,WOFAN,Jigawa-WOFAN,RinKMA612,Female,2024-02-15,15/02/2024 08:11,15/02/2024 08:01,rin13,15/02/2024 16:55
8e57c0c5-f0ff-4cfc-9d0e-a617af672cbe,Youth,Marketers,Gombe,Rural,No,---,No,No,WOFAN,Gombe-WOFAN,BilKCLY11,Female,2024-02-15,15/02/2024 16:12,15/02/2024 16:05,bill09,15/02/2024 17:01
d04285d2-6d11-4f08-aeac-75f16a715871,Youth,Producers,Jigawa,Rural,Yes,Agro-Input_Dealer,Yes,Yes,WOFAN,Jigawa-WOFAN,Rin524G34,Female,2024-02-15,15/02/2024 11:27,15/02/2024 11:13,rin25,15/02/2024 17:01
ba8c8375-98dc-4ae8-b3a7-fd190f063211,Youth,Producers,Kano,Peri_urban,Yes,Production,Yes,Yes,WOFAN,Kano-WOFAN,Beb46UP22,Female,2024-02-15,15/02/2024 15:32,15/02/2024 15:19,kir06,15/02/2024 17:03
0e4a6377-4db8-4487-aacc-2e33b9d21435,Youth,Producers,Kano,Rural,Yes,Mechanization_service_provider,Yes,Yes,WOFAN,Kano-WOFAN,BebW91S47,Female,2024-02-15,15/02/2024 11:29,15/02/2024 11:18,kir09,15/02/2024 17:04
48f1d925-f254-4cc4-a133-0616f9012e40,Youth,Producers,Jigawa,Rural,Yes,Production,Yes,No,WOFAN,Jigawa-WOFAN,TauHRBS52,Female,2024-02-15,15/02/2024 09:05,15/02/2024 08:55,tau24,15/02/2024 17:06
8694d468-95d2-4347-8649-e547e2357678,Youth,Producers,Jigawa,Rural,No,---,Yes,Yes,WOFAN,Jigawa-WOFAN,TauH6UO48,Female,2024-02-15,15/02/2024 11:48,15/02/2024 11:37,tau24,15/02/2024 17:08
2666fdcd-8efb-4daf-a0a9-01dd6683cd21,Youth,Processors,Kano,Rural,Yes,Processing,Yes,Yes,WOFAN,Kano-WOFAN,BebG6HV59,Female,2024-02-15,15/02/2024 10:26,15/02/2024 10:14,tun20,15/02/2024 17:10
d9d3072d-cc07-451a-ba2b-0b17aafb3b5a,Youth,Producers,Jigawa,Rural,Yes,Agro-Input_Dealer,Yes,No,WOFAN,Jigawa-WOFAN,Tau5JTF51,Female,2024-02-15,15/02/2024 16:12,15/02/2024 15:46,tau24,15/02/2024 17:10
05978cdd-d971-4d72-be35-6789d32009d3,Youth,Processors,Jigawa,Rural,Yes,Processing,Yes,No,WOFAN,Jigawa-WOFAN,JahG06458,Female,2024-02-15,15/02/2024 15:53,15/02/2024 15:32,jah67,15/02/2024 17:10
2ee34c9b-f27e-4d33-90c8-c365db9fdf4c,Youth,Producers,Kano,Rural,Yes,Mechanization_service_provider,Yes,Yes,WOFAN,Kano-WOFAN,BebN1EC02,Female,2024-02-15,15/02/2024 14:29,15/02/2024 14:19,kir09,15/02/2024 17:11
68127ca1-6702-4dcf-b208-77c204ce2cae,Youth,Producers/Processors,Jigawa,Rural,Yes,Production,Yes,No,WOFAN,Jigawa-WOFAN,RinZ0VP17,Female,2024-02-15,15/02/2024 15:37,15/02/2024 15:30,rin12,15/02/2024 17:13
2a5b5f73-2251-4d45-b596-2e9b0492b52f,Youth,Processors,Kano,Rural,Yes,Agro-Input_Dealer,Yes,Yes,WOFAN,Kano-WOFAN,BebIHFS27,Female,2024-02-15,15/02/2024 12:45,15/02/2024 12:26,tun20,15/02/2024 17:13
095b4a5d-497c-49a0-bf94-b139b7d58381,Youth,Processors,Kano,Rural,Yes,Production,Yes,Yes,WOFAN,Kano-WOFAN,BebTX0O32,Female,2024-02-15,15/02/2024 15:30,15/02/2024 15:22,tun20,15/02/2024 17:15
16efd6d0-9920-4c81-9799-18517e049edb,Youth,Producers/Processors,Kano,Rural,Yes,Processing,Yes,No,WOFAN,Kano-WOFAN,TudEUGV34,Female,2024-02-15,15/02/2024 08:48,15/02/2024 08:29,tun33,15/02/2024 17:16
5dc986a6-eed9-473f-8d7c-451ca3d5072e,Youth,Marketers,Kano,Rural,No,---,No,No,WOFAN,Kano-WOFAN,KurV22T13,Female,2024-02-15,15/02/2024 17:07,15/02/2024 17:03,kur09,15/02/2024 17:18
1668bbff-ca38-4549-b768-80bbbee23ba5,Youth,Producers,Kano,Rural,Yes,Production,Yes,Yes,WOFAN,Kano-WOFAN,GarRAV451,Female,2024-02-15,15/02/2024 17:18,15/02/2024 16:51,bun12,15/02/2024 17:18
20918a61-4f75-4597-a5b0-682be2d0d43e,Youth,Producers,Kano,Rural,Yes,Production,Yes,No,WOFAN,Kano-WOFAN,Beb7TMV41,Female,2024-02-15,15/02/2024 16:18,15/02/2024 16:05,kir22,15/02/2024 17:19
11c853c2-a481-4ce9-95a2-e4f4f464ede2,Youth,Producers,Kano,Rural,Yes,Production,Yes,Yes,WOFAN,Kano-WOFAN,KurWTFA46,Female,2024-02-15,15/02/2024 14:30,15/02/2024 14:20,gmm54,15/02/2024 17:24
b4e5cc8d-c745-41ca-9cc7-50a660e795d7,Youth,Marketers,Gombe,Rural,Yes,Production,Yes,No,WOFAN,Gombe-WOFAN,BilWVXD08,Female,2024-02-15,15/02/2024 16:25,15/02/2024 14:46,bill05,15/02/2024 17:25
e1133b16-3194-419c-9003-6c1f75609c86,Youth,Producers,Kano,Rural,No,---,Yes,No,WOFAN,Kano-WOFAN,KirQYZO31,Female,2024-02-15,15/02/2024 15:29,15/02/2024 15:03,kir17,15/02/2024 17:27
a25a41a6-fcbd-4b43-afb3-db995a906218,Youth,Producers,Jigawa,Rural,Yes,Production,Yes,No,WOFAN,Jigawa-WOFAN,Tau02GI45,Female,2024-02-15,15/02/2024 11:25,15/02/2024 11:14,tau21,15/02/2024 17:31
84182aa4-34f0-4c25-9cff-4ac5b2109a7e,Youth,Producers,Jigawa,Rural,Yes,Production,Yes,No,WOFAN,Jigawa-WOFAN,TauKWMD52,Female,2024-02-15,15/02/2024 14:22,15/02/2024 14:12,tau21,15/02/2024 17:32
c54cd0af-bfb7-4b92-9de7-d348590c5bd6,Youth,Marketers,Kaduna,Urban,No,---,No,No,WOFAN,Kaduna-WOFAN,IkaDWQV43,Female,2024-02-15,15/02/2024 17:32,15/02/2024 17:27,ika20,15/02/2024 17:32
591db8e7-56b5-489f-8e4f-6f8513852858,Youth,Producers/Processors,Kaduna,Rural,No,---,Yes,No,WOFAN,Kaduna-WOFAN,IkaJBUB05,Female,2024-02-15,15/02/2024 13:14,15/02/2024 13:08,ika34,15/02/2024 17:33
ed9e6921-5cfb-49fe-b1c7-14eff0b3125c,Youth,Producers,Kano,Rural,Yes,Processing,Yes,Yes,WOFAN,Kano-WOFAN,Kur9PHU17,Female,2024-02-15,15/02/2024 06:56,15/02/2024 06:09,kur02,15/02/2024 17:34
136a9964-3315-4640-bfd6-2450fdd8db7b,Youth,Producers,Bauchi,Urban,Yes,Production,Yes,Yes,WOFAN,Bauchi-WOFAN,BauOQSJ15,Female,2024-02-15,15/02/2024 12:25,15/02/2024 09:47,bau10,15/02/2024 17:36
bf7974ed-7f41-4b9c-8bc9-06eea13216a3,Youth,Producers,Kano,Rural,Yes,Production,Yes,Yes,WOFAN,Kano-WOFAN,Kur07BF26,Female,2024-02-15,15/02/2024 11:00,15/02/2024 10:47,kur02,15/02/2024 17:37
517cdf62-682b-4531-8b17-15e80b01d0fc,Youth,Producers/Processors,Kaduna,Rural,No,---,Yes,No,WOFAN,Kaduna-WOFAN,IkaKZHW03,Female,2024-02-15,15/02/2024 17:10,15/02/2024 16:58,ika34,15/02/2024 17:37
8a3826b6-622e-4dfe-a2ef-234c8f6d0128,Youth,Producers/Processors,Kano,Rural,Yes,Production,Yes,Yes,WOFAN,Kano-WOFAN,KurY1LG35,Female,2024-02-15,15/02/2024 15:53,15/02/2024 15:45,kur02,15/02/2024 17:38
9a101cf5-e17a-4f2f-a974-c9af215c0adb,Youth,Producers,Bauchi,Rural,Yes,Agro-Input_Dealer,Yes,No,WOFAN,Bauchi-WOFAN,Nin1TMD35,Female,2024-02-15,15/02/2024 12:25,15/02/2024 12:15,nin16,15/02/2024 17:42
79157afa-d050-4a77-b15f-4f90d2802db7,Youth,Producers,Bauchi,Rural,Yes,Agro-Exporter,Yes,No,WOFAN,Bauchi-WOFAN,NinISBS28,Female,2024-02-15,15/02/2024 16:00,15/02/2024 15:48,nin16,15/02/2024 17:44
10009a9c-0614-4ff8-8d38-717f62f9b7dd,Youth,Processors,Jigawa,Rural,No,---,No,No,WOFAN,Jigawa-WOFAN,JahEM1132,Female,2024-02-15,15/02/2024 16:57,15/02/2024 16:54,jah71,15/02/2024 17:47
8f53f34e-0cb0-460d-81a1-cc73100fb960,Youth,Producers/Processors,Jigawa,Rural,Yes,Production,Yes,No,WOFAN,Jigawa-WOFAN,Rin551H07,Female,2024-02-15,15/02/2024 17:48,15/02/2024 17:30,rin19,15/02/2024 17:48
0acda55e-9687-4218-a9da-d40e0bcb3970,Youth,Processors,Jigawa,Rural,No,---,Yes,No,WOFAN,Jigawa-WOFAN,TauWSCO14,Female,2024-02-15,15/02/2024 09:47,15/02/2024 09:32,tau23,15/02/2024 17:51
b799de38-31c9-4f82-95ff-691502c99106,Youth,Producers/Processors,Kano,Rural,Yes,Production,Yes,Yes,WOFAN,Kano-WOFAN,GarPM2Z45,Female,2024-02-15,15/02/2024 14:26,15/02/2024 14:16,gmm61,15/02/2024 17:54
eed3f821-9ad7-4150-a8be-782b98caf978,Youth,Producers,Gombe,Urban,No,---,No,No,WOFAN,Gombe-WOFAN,GomGE0724,Female,2024-02-15,15/02/2024 17:45,15/02/2024 17:11,gom25,15/02/2024 17:55
462fcc5b-adb8-4b4e-b628-8ccd0e9add6e,Youth,Producers,Kano,Peri_urban,Yes,Agro-Input_Dealer,Yes,Yes,WOFAN,Kano-WOFAN,RanZ72838,Female,2024-02-14,14/02/2024 21:29,14/02/2024 21:16,ran09,15/02/2024 17:55
a8525ccb-5eda-4058-9743-7620263fa9f5,Youth,Marketers,Kano,Rural,No,---,No,No,WOFAN,Kano-WOFAN,GarR1XO34,Female,2024-02-15,15/02/2024 17:59,15/02/2024 17:55,gmm69,15/02/2024 17:59
e65f1d32-61cf-4dbc-8009-04b095e701b9,Youth,Producers,Jigawa,Rural,Yes,Production,Yes,No,WOFAN,Jigawa-WOFAN,TauKBNQ57,Female,2024-02-15,15/02/2024 11:52,15/02/2024 11:39,tau22,15/02/2024 18:11
a64483ed-e20e-4806-a298-2c5fa327cc6f,Youth,Producers,Jigawa,Rural,Yes,Production,Yes,No,WOFAN,Jigawa-WOFAN,TauSUOA59,Female,2024-02-15,15/02/2024 15:46,15/02/2024 15:34,tau22,15/02/2024 18:12
7b4b1f55-fbbb-429a-ad4f-3d248c3c3b43,Youth,Producers,Jigawa,Rural,Yes,Processing,No,No,WOFAN,Jigawa-WOFAN,JahBU9P28,Female,2024-02-15,15/02/2024 11:38,15/02/2024 11:29,jah75,15/02/2024 18:20
f20d47ab-bd4f-450e-b682-57981f1c5733,Youth,Processors,Jigawa,Rural,Yes,Mechanization_service_provider,Yes,No,WOFAN,Jigawa-WOFAN,JahD3M404,Female,2024-02-15,15/02/2024 16:36,15/02/2024 16:25,jah75,15/02/2024 18:21
dad1c1ac-3e7c-49b7-b409-15c9d844e4bb,Youth,Producers,Kano,Rural,Yes,Mechanization_service_provider,Yes,Yes,WOFAN,Kano-WOFAN,GarFYE112,Female,2024-02-15,15/02/2024 17:55,15/02/2024 17:35,gmm65,15/02/2024 18:23
04bb3662-52d5-44c3-bac4-42fb45c292e4,Youth,Producers/Processors,Kaduna,Rural,Yes,Off-taker,Yes,Yes,WOFAN,Kaduna-WOFAN,IkaLH1V38,Female,2024-02-15,15/02/2024 10:07,15/02/2024 09:34,ika17,15/02/2024 18:30
1e57e665-8ca3-4d17-b544-3708642adb87,Youth,Producers,Jigawa,Rural,Yes,Production,Yes,No,WOFAN,Jigawa-WOFAN,Tau9C1L44,Female,2024-02-15,15/02/2024 11:00,15/02/2024 10:51,tau25,15/02/2024 18:31
d432d011-9227-4ca4-99ae-89a7d4743d1e,Youth,Producers,Jigawa,Rural,No,---,Yes,No,WOFAN,Jigawa-WOFAN,TauTRWU56,Female,2024-02-15,15/02/2024 14:25,15/02/2024 14:17,tau25,15/02/2024 18:32
250de446-cb47-446a-889d-7524347fbd14,Youth,Producers,Jigawa,Rural,Yes,Agro-Input_Dealer,Yes,No,WOFAN,Jigawa-WOFAN,JahYQXV28,Female,2024-02-15,15/02/2024 13:46,15/02/2024 13:39,jah45,15/02/2024 18:32
17d3acf2-5d11-4077-95f5-71586fb5b603,Youth,Processors,Jigawa,Rural,Yes,Processing,Yes,Yes,WOFAN,Jigawa-WOFAN,RinIF1Q30,Female,2024-02-15,15/02/2024 15:46,15/02/2024 15:33,rin15,15/02/2024 18:33
712aecd1-620a-4492-9b57-f2729cf37c04,Youth,Producers,Jigawa,Rural,Yes,Production,Yes,Yes,WOFAN,Jigawa-WOFAN,Rin7AUV14,Female,2024-02-15,15/02/2024 15:27,15/02/2024 15:19,rin27,15/02/2024 18:38
5342c634-e879-40f3-a228-d1e02c166064,Youth,Processors,Kano,Rural,No,---,No,No,WOFAN,Kano-WOFAN,GarQPJS46,Female,2024-02-15,15/02/2024 17:06,15/02/2024 16:48,gmm64,15/02/2024 18:39
62f8ae54-16fe-4301-affc-3e90e0fa7600,Youth,Producers/Processors,Kaduna,Rural,Yes,Production,Yes,Yes,WOFAN,Kaduna-WOFAN,IkaOGFY14,Female,2024-02-15,15/02/2024 09:33,15/02/2024 09:18,ika36,15/02/2024 18:40
21d75f33-f652-4e48-8ebe-b1e0e1606269,Youth,Marketers,Gombe,Urban,No,---,No,Yes,WOFAN,Gombe-WOFAN,GomNQKL34,Female,2024-02-15,15/02/2024 18:41,15/02/2024 18:38,gom28,15/02/2024 18:41
ecb9b824-921b-427f-af15-a403a577c733,Youth,Marketers,Kano,Rural,Yes,Processing,Yes,No,WOFAN,Kano-WOFAN,BebRF7620,Female,2024-02-15,15/02/2024 18:43,15/02/2024 17:47,tun05,15/02/2024 18:43
406de7dd-cca8-4560-b5cd-e944f6b81cef,Youth,Processors,Jigawa,Rural,Yes,Processing,Yes,No,WOFAN,Jigawa-WOFAN,JahA1T836,Female,2024-02-15,15/02/2024 17:19,15/02/2024 17:13,jah67,15/02/2024 18:48
69904287-b6e3-4e21-a347-d79ef276dbe2,Youth,Producers,Kano,Rural,Yes,Production,Yes,Yes,WOFAN,Kano-WOFAN,KirIBDA48,Female,2024-02-15,15/02/2024 18:35,15/02/2024 18:14,kir10,15/02/2024 18:50
4c42bd1a-16e4-493e-8b8e-7245a68ba044,Youth,Producers,Gombe,Rural,Yes,Processing,Yes,No,WOFAN,Gombe-WOFAN,AkkGP0F06,Female,2024-02-15,15/02/2024 18:56,15/02/2024 18:48,akk01,15/02/2024 18:56
bbef4b68-1787-4732-a32b-dc2bef62a570,Youth,Producers,Kano,Rural,Yes,Agro-Input_Dealer,No,Yes,WOFAN,Kano-WOFAN,GarKJZK35,Female,2024-02-15,15/02/2024 07:03,15/02/2024 06:48,ran07,15/02/2024 19:04
04600f22-d234-47f7-957a-cf6c03f529d8,Youth,Producers/Processors,Gombe,Urban,Yes,Mechanization_service_provider,No,Yes,WOFAN,Gombe-WOFAN,GomL09B41,Female,2024-02-15,15/02/2024 16:13,15/02/2024 15:40,gom18,15/02/2024 19:06
920f895b-17b5-4cf0-a5d0-9e53723faed1,Youth,Processors,Kano,Rural,No,---,No,No,WOFAN,Kano-WOFAN,BebCLRR09,Female,2024-02-15,15/02/2024 10:32,15/02/2024 10:14,tun14,15/02/2024 19:18
6b77404f-9f80-4845-baf4-c9e08a565fb2,Youth,Processors,Kano,Rural,No,---,No,No,WOFAN,Kano-WOFAN,BebHR5640,Female,2024-02-15,15/02/2024 13:12,15/02/2024 13:03,tun14,15/02/2024 19:20
4c4bb83d-53d5-4882-8eff-a151bb3d3252,Youth,Processors,Kano,Rural,No,---,No,No,WOFAN,Kano-WOFAN,BebHP7S23,Female,2024-02-15,15/02/2024 15:41,15/02/2024 15:33,tun14,15/02/2024 19:22
2e50e417-ae26-46c9-ac8d-d92c93cb5585,Youth,Processors,Jigawa,Rural,No,---,No,No,WOFAN,Jigawa-WOFAN,JahMLWZ41,Female,2024-02-15,15/02/2024 18:32,15/02/2024 18:30,jah71,15/02/2024 19:25
301422a1-04a9-4a9b-a7c6-5a527ee85249,Youth,Producers,Kano,Rural,Yes,Production,Yes,No,WOFAN,Kano-WOFAN,KurPC3649,Female,2024-02-15,15/02/2024 07:09,15/02/2024 06:59,kur11,15/02/2024 19:26
ae20ebff-4b8d-4298-a7e7-4eab3e874372,Youth,Producers,Jigawa,Rural,Yes,Agro-Input_Dealer,Yes,Yes,WOFAN,Jigawa-WOFAN,RinUX1E51,Female,2024-02-15,15/02/2024 19:29,15/02/2024 19:10,rin14,15/02/2024 19:29
39ae3a67-7fb2-497c-b10a-04f8f4d49b98,Youth,Producers,Jigawa,Rural,Yes,Production,Yes,Yes,WOFAN,Jigawa-WOFAN,JahFJZM14,Female,2024-02-15,15/02/2024 17:46,15/02/2024 17:35,jah46,15/02/2024 19:30
c8f43df8-2514-4fe9-bac3-4c192d411e17,Youth,Producers,Jigawa,Rural,Yes,Processing,Yes,Yes,WOFAN,Jigawa-WOFAN,RinC4AZ50,Female,2024-02-15,15/02/2024 16:51,15/02/2024 16:38,rin21,15/02/2024 19:34
e0654f34-f958-429a-be9b-2d172f6fe6c2,Youth,Processors,Kano,Peri_urban,No,---,No,No,WOFAN,Kano-WOFAN,GarDMGX40,Female,2024-02-15,15/02/2024 19:36,15/02/2024 19:30,gmm69,15/02/2024 19:36
5b0d2e97-b1f4-4484-ab70-43c34af926a8,Youth,Processors,Kano,Peri_urban,No,---,No,No,WOFAN,Kano-WOFAN,BebXUO125,Female,2024-02-15,15/02/2024 09:32,15/02/2024 09:17,tun26,15/02/2024 19:39
ede884ec-7774-4913-a90a-49292b4be48f,Youth,Producers/Processors,Jigawa,Rural,Yes,Production,Yes,Yes,WOFAN,Jigawa-WOFAN,Jah8WFQ41,Female,2024-02-15,15/02/2024 17:34,15/02/2024 17:27,jah66,15/02/2024 19:41
5188b808-8469-4510-baf8-46abf0430e85,Youth,Marketers,Gombe,Rural,No,---,Yes,No,WOFAN,Gombe-WOFAN,GomDI9H19,Female,2024-02-15,15/02/2024 18:25,15/02/2024 18:04,gom22,15/02/2024 19:41
979b88bc-1723-42f4-84db-2bf1bfc1c22e,Youth,Processors,Kano,Peri_urban,No,---,No,No,WOFAN,Kano-WOFAN,BebZF0532,Female,2024-02-15,15/02/2024 15:30,15/02/2024 15:15,tun26,15/02/2024 19:41
d5f873f0-39fd-4709-a0f3-2aaaf454e617,Youth,Producers,Jigawa,Rural,No,---,Yes,No,WOFAN,Jigawa-WOFAN,TauJIOM10,Female,2024-02-15,15/02/2024 12:18,15/02/2024 12:08,tau28,15/02/2024 19:47
706aadaa-7643-4cbd-aa17-c280e1748742,Youth,Producers,Jigawa,Rural,No,---,Yes,No,WOFAN,Jigawa-WOFAN,TauZZUO03,Female,2024-02-15,15/02/2024 13:18,15/02/2024 13:10,tau28,15/02/2024 19:47
048f0007-f089-4453-8dc1-c0e8adcae903,Youth,Producers,Jigawa,Rural,Yes,Production,Yes,No,WOFAN,Jigawa-WOFAN,TauMT1336,Female,2024-02-15,15/02/2024 15:52,15/02/2024 15:44,tau28,15/02/2024 19:47
f8aa41a7-2a93-4a2d-930e-b733936c111e,Youth,Producers/Processors,Kano,Rural,Yes,Processing,Yes,No,WOFAN,Kano-WOFAN,TudF0WK46,Female,2024-02-15,15/02/2024 14:32,15/02/2024 14:15,tun18,15/02/2024 19:53
f4c77007-b2a9-4319-9f2c-158ca98960a6,Youth,Producers,Kano,Rural,Yes,Production,Yes,Yes,WOFAN,Kano-WOFAN,KurSDRI23,Female,2024-02-15,15/02/2024 16:21,15/02/2024 15:57,gmm70,15/02/2024 20:02
52132519-8ef5-4ca6-adec-d6bb6940964a,Youth,Processors,Kano,Rural,Yes,Production,Yes,No,WOFAN,Kano-WOFAN,BebDB6X50,Female,2024-02-15,15/02/2024 16:30,15/02/2024 16:18,tun09,15/02/2024 20:09
fefa772e-aaf2-434f-8bb8-c97cd247ecbb,Youth,Processors,Jigawa,Rural,No,---,Yes,No,WOFAN,Jigawa-WOFAN,TauJ33332,Female,2024-02-15,15/02/2024 14:32,15/02/2024 14:25,tau23,15/02/2024 20:20
9f410b18-c3d3-4c71-ae60-b74b66affbc3,Youth,Marketers,Kano,Rural,No,---,Yes,No,WOFAN,Kano-WOFAN,BebBLYG31,Female,2024-02-15,15/02/2024 17:25,15/02/2024 17:05,tun05,15/02/2024 20:21
41b26513-406c-4790-b40d-8b7e794b47e0,Youth,Processors,Jigawa,Rural,Yes,Processing,No,Yes,WOFAN,Jigawa-WOFAN,JahEI3O25,Female,2024-02-15,15/02/2024 20:31,15/02/2024 19:57,jah75,15/02/2024 20:32
28cb2099-37b8-4f54-bb32-46ebd48faf77,Youth,Processors,Jigawa,Rural,Yes,Processing,Yes,Yes,WOFAN,Jigawa-WOFAN,RinYO2648,Female,2024-02-15,15/02/2024 17:17,15/02/2024 17:10,rin11,15/02/2024 20:32
5c42de79-b074-4fdb-81e6-d8fdd9d49241,Youth,Producers,Jigawa,Rural,No,---,Yes,No,WOFAN,Jigawa-WOFAN,JahFCMM38,Female,2024-02-15,15/02/2024 11:23,15/02/2024 11:16,jah56,15/02/2024 20:38
d1fa777f-4d0f-45c6-b19d-a0c67ca20a8a,Youth,Producers,Jigawa,Rural,No,---,Yes,No,WOFAN,Jigawa-WOFAN,Jah7QXZ07,Female,2024-02-15,15/02/2024 12:54,15/02/2024 12:49,jah56,15/02/2024 20:40
0e4e4598-bcd3-4f7e-af87-b1b68899ecd4,Youth,Producers,Kano,Rural,Yes,Agro-Input_Dealer,Yes,No,WOFAN,Kano-WOFAN,Kur7ZBX53,Female,2024-02-15,15/02/2024 19:32,15/02/2024 19:18,kur06,15/02/2024 20:57
3268df45-d715-40f8-983a-bc7cf38f73c9,Youth,Producers/Processors,Jigawa,Rural,Yes,Production,Yes,No,WOFAN,Jigawa-WOFAN,TauZR5P11,Female,2024-02-15,15/02/2024 16:59,15/02/2024 16:49,tau20,15/02/2024 21:02
7b0a555b-438b-4136-9e49-a28b989b960f,Youth,Producers/Processors,Jigawa,Rural,Yes,Production,Yes,No,WOFAN,Jigawa-WOFAN,TauM0XL15,Female,2024-02-15,15/02/2024 17:12,15/02/2024 17:03,tau20,15/02/2024 21:03
6f306090-005f-46b8-8bb3-642ad27ee042,Youth,Producers/Processors,Jigawa,Rural,Yes,Production,Yes,No,WOFAN,Jigawa-WOFAN,Tau0KDO19,Female,2024-02-15,15/02/2024 17:29,15/02/2024 17:20,tau20,15/02/2024 21:04
2c64ce10-dd1e-4c57-80eb-63b0a765013b,Youth,Producers/Processors,Jigawa,Rural,Yes,Production,Yes,No,WOFAN,Jigawa-WOFAN,TauUP7C01,Female,2024-02-15,15/02/2024 17:42,15/02/2024 17:31,tau20,15/02/2024 21:05
468fb876-1c5f-43f3-b4ce-bc2276e7ece5,Youth,Producers,Jigawa,Rural,No,---,Yes,No,WOFAN,Jigawa-WOFAN,Tau5A2B56,Female,2024-02-15,15/02/2024 17:29,15/02/2024 17:11,tau24,15/02/2024 21:07
94c3663d-e811-4221-a39e-490072c5b845,Youth,Producers,Jigawa,Rural,Yes,Production,Yes,No,WOFAN,Jigawa-WOFAN,RinRV1B51,Female,2024-02-15,15/02/2024 14:01,15/02/2024 13:55,rin26,15/02/2024 21:17
694e6557-7c26-4ff1-8bb7-bffd18f8404e,Youth,Marketers,Kano,Rural,Yes,Production,Yes,Yes,WOFAN,Kano-WOFAN,BebFR3339,Female,2024-02-15,15/02/2024 11:50,15/02/2024 11:41,tun01,15/02/2024 21:18
8ec34d07-593b-48de-8922-b314f3a3d70c,Youth,Marketers,Kano,Rural,Yes,Processing,Yes,Yes,WOFAN,Kano-WOFAN,BebNXXQ21,Female,2024-02-15,15/02/2024 12:04,15/02/2024 11:58,tun01,15/02/2024 21:18
d7bbea6e-c22e-46c3-ab60-447d74681a2c,Youth,Producers,Kano,Rural,Yes,Production,Yes,Yes,WOFAN,Kano-WOFAN,GarSJN521,Female,2024-02-15,15/02/2024 21:20,15/02/2024 15:57,gmm58,15/02/2024 21:20
c440f714-ebcb-49d6-b913-695e069584aa,Youth,Producers,Jigawa,Rural,Yes,Production,Yes,Yes,WOFAN,Jigawa-WOFAN,RinNAGA06,Female,2024-02-15,15/02/2024 13:41,15/02/2024 13:25,rin16,15/02/2024 21:26
da3ce5f3-a50f-4ae9-9204-c0b730cdc5e4,Youth,Marketers,Kano,Peri_urban,Yes,Production,Yes,No,WOFAN,Kano-WOFAN,Beb87TF13,Female,2024-02-15,15/02/2024 14:43,15/02/2024 14:15,tun04,15/02/2024 21:26
5e7ec0b4-9eba-4fca-bc27-96da625fceb6,Youth,Marketers,Kano,Peri_urban,Yes,Processing,No,No,WOFAN,Kano-WOFAN,BebVW0D46,Female,2024-02-15,15/02/2024 18:33,15/02/2024 18:27,tun04,15/02/2024 21:28
7fa8a77b-7425-4138-a089-d77b9498625e,Youth,Processors,Kano,Rural,No,---,Yes,Yes,WOFAN,Kano-WOFAN,TudBD3T39,Female,2024-02-15,15/02/2024 12:13,15/02/2024 12:00,tun11,15/02/2024 21:31
c2350d73-6c21-4ce9-bbe6-8047f5ac55e0,Youth,Producers/Processors,Jigawa,Rural,Yes,Production,Yes,Yes,WOFAN,Jigawa-WOFAN,Rin5P8V13,Female,2024-02-15,15/02/2024 21:31,15/02/2024 21:20,rin23,15/02/2024 21:32
9be11a1b-fbcf-4c6f-a450-f2f36f846820,Youth,Producers,Jigawa,Rural,Yes,Mechanization_service_provider,Yes,Yes,WOFAN,Jigawa-WOFAN,Rin9GW224,Female,2024-02-15,15/02/2024 18:38,15/02/2024 18:20,rin24,15/02/2024 21:35
f064b047-b968-4a30-b884-9fda257ae22d,Youth,Producers,Jigawa,Rural,Yes,Production,Yes,No,WOFAN,Jigawa-WOFAN,TauM59Y09,Female,2024-02-15,15/02/2024 16:59,15/02/2024 16:40,tau27,15/02/2024 21:35
989cc30a-013f-4499-bf6b-4ef9c2793d01,Youth,Producers,Jigawa,Rural,Yes,Production,Yes,Yes,WOFAN,Jigawa-WOFAN,RinVD4T41,Female,2024-02-15,15/02/2024 18:42,15/02/2024 18:13,rin16,15/02/2024 21:35
95acd067-ab28-4c61-b3ed-a0495bfdff29,Youth,Producers,Kano,Peri_urban,No,---,No,No,WOFAN,Kano-WOFAN,RanGRYH20,Female,2024-02-15,15/02/2024 21:09,15/02/2024 20:57,ran09,15/02/2024 21:37
0d4ea5d3-f685-4c41-9426-e23da559c00b,Youth,Producers,Jigawa,Rural,Yes,Production,Yes,No,WOFAN,Jigawa-WOFAN,JahUF3457,Female,2024-02-15,15/02/2024 21:46,15/02/2024 21:41,jah40,15/02/2024 21:46
155d830e-3bb3-4910-938f-bcf222c74284,Youth,Producers,Gombe,Rural,Yes,Production,Yes,No,WOFAN,Gombe-WOFAN,AkkL1BE22,Female,2024-02-15,15/02/2024 10:04,15/02/2024 09:43,akk02,15/02/2024 21:58
93bb7ff1-da6f-4597-a095-2ab670119d22,Youth,Producers/Processors,Jigawa,Rural,Yes,Processing,Yes,No,WOFAN,Jigawa-WOFAN,JahW9J629,Female,2024-02-15,15/02/2024 16:16,15/02/2024 15:57,jah78,15/02/2024 22:01
bfcdcd00-6013-41e4-8bd6-abe866953c52,Youth,Processors,Jigawa,Rural,Yes,Processing,Yes,Yes,WOFAN,Jigawa-WOFAN,RinN16041,Female,2024-02-15,15/02/2024 21:10,15/02/2024 20:55,rin11,15/02/2024 22:05
18977c44-e8bc-4c0f-a524-a85f0d0acd05,Youth,Processors,Kano,Peri_urban,Yes,Processing,Yes,No,WOFAN,Kano-WOFAN,BebRD6E32,Female,2024-02-15,15/02/2024 10:26,15/02/2024 10:07,tun32,15/02/2024 22:08
da3e712a-855d-4cbe-8816-b59856f25d76,Youth,Producers/Processors,Jigawa,Rural,Yes,Production,Yes,Yes,WOFAN,Jigawa-WOFAN,Rin4W5X53,Female,2024-02-15,15/02/2024 20:43,15/02/2024 20:25,rin21,15/02/2024 22:19
9db3badc-90c1-46ba-8344-d5cdb97e5486,Youth,Producers/Processors,Gombe,Peri_urban,Yes,Other,Yes,No,WOFAN,Gombe-WOFAN,Bil67QE52,Female,2024-02-15,15/02/2024 22:21,15/02/2024 21:55,bill03,15/02/2024 22:22
eb78fb63-4445-413c-9a1f-30e3eebdd3dd,Youth,Producers,Kano,Rural,Yes,Production,Yes,No,WOFAN,Kano-WOFAN,BebQFXY08,Female,2024-02-15,15/02/2024 09:52,15/02/2024 09:26,tun08,15/02/2024 22:33
2d2d49e5-2feb-46a1-a30f-06a58f9fd978,Youth,Producers,Kano,Rural,Yes,Production,Yes,Yes,WOFAN,Kano-WOFAN,Beb4N1O29,Female,2024-02-15,15/02/2024 15:03,15/02/2024 13:49,tun08,15/02/2024 22:34
7d2d85f6-a22d-4eea-bfde-b6675291edf7,Youth,Producers,Jigawa,Peri_urban,Yes,Agro-Input_Dealer,Yes,Yes,WOFAN,Jigawa-WOFAN,Jah1WFA04,Female,2024-02-15,15/02/2024 10:52,15/02/2024 10:44,jah56,15/02/2024 22:41
e116d374-d55e-4e7d-9d45-64bcaed56737,Youth,Processors,Jigawa,Rural,Yes,Processing,Yes,Yes,WOFAN,Jigawa-WOFAN,JahUTE318,Female,2024-02-15,15/02/2024 21:00,15/02/2024 20:50,jah56,15/02/2024 22:47
1334adcc-8163-4574-91cd-0130a446ded7,Youth,Producers,Kano,Rural,Yes,Agro-Input_Dealer,Yes,Yes,WOFAN,Kano-WOFAN,BebZAUA29,Female,2024-02-15,15/02/2024 22:49,15/02/2024 22:33,kir09,15/02/2024 22:49
c9f2dea6-f2ff-4366-bd10-463103509914,Youth,Processors,Jigawa,Rural,No,---,No,No,WOFAN,Jigawa-WOFAN,Jah9RZ118,Female,2024-02-15,15/02/2024 22:13,15/02/2024 22:06,jah59,15/02/2024 22:49
96a96983-4af8-4881-9634-b01023432f56,Youth,Producers,Kano,Rural,Yes,Mechanization_service_provider,No,No,WOFAN,Kano-WOFAN,Gar7DMQ33,Female,2024-02-15,15/02/2024 22:50,15/02/2024 22:42,gmm65,15/02/2024 22:50
0683b58f-2dd6-4e58-b68f-965bd0ba07d8,Youth,Processors,Kano,Rural,Yes,Processing,Yes,Yes,WOFAN,Kano-WOFAN,Beb9IE457,Female,2024-02-15,15/02/2024 10:29,15/02/2024 10:22,tun29,15/02/2024 22:53
f5bdf93c-be13-4d63-8148-a9eb7090bcca,Youth,Producers,Jigawa,Rural,Yes,Production,Yes,Yes,WOFAN,Jigawa-WOFAN,RinWS4Z56,Female,2024-02-15,15/02/2024 17:34,15/02/2024 17:12,rin22,15/02/2024 23:03
30398c13-fe18-4fa4-9fe8-ad7bfebf4f59,Youth,Producers,Kano,Rural,Yes,Production,Yes,Yes,WOFAN,Kano-WOFAN,Beb9V8H41,Female,2024-02-15,15/02/2024 11:26,15/02/2024 10:37,kir03,15/02/2024 23:17
4c6ce04b-6b25-4b7f-bd3b-2b8903752ba9,Youth,Producers,Jigawa,Rural,No,---,No,No,WOFAN,Jigawa-WOFAN,JahL48E10,Female,2024-02-15,15/02/2024 18:48,15/02/2024 18:35,jah42,15/02/2024 23:19
b0bf31ed-e045-483c-8cad-cf70cd4d0f6f,Youth,Producers,Kano,Rural,No,---,No,No,WOFAN,Kano-WOFAN,GarZAPF39,Female,2024-02-15,15/02/2024 17:38,15/02/2024 17:20,bun18,15/02/2024 23:42
02b04db2-dbae-4521-9b7b-05c4b6f5fa7b,Youth,Producers/Processors,Jigawa,Rural,Yes,Production,Yes,Yes,WOFAN,Jigawa-WOFAN,RinI17407,Female,2024-02-16,15/02/2024 23:44,15/02/2024 23:31,rin20,15/02/2024 23:44
c18741ad-7b80-4391-b5ca-255645c4a0ca,Youth,Producers/Processors,Kano,Rural,Yes,Production,Yes,Yes,WOFAN,Kano-WOFAN,BebVYJ907,Female,2024-02-15,15/02/2024 10:36,15/02/2024 10:16,tun30,16/02/2024 01:04
14b42440-86dd-4069-832e-5190125d8fe0,Youth,Producers/Processors,Kano,Rural,Yes,Production,Yes,Yes,WOFAN,Kano-WOFAN,BebVZR342,Female,2024-02-15,15/02/2024 17:50,15/02/2024 17:17,tun30,16/02/2024 01:06
6a487d75-7fc0-4d89-a7c6-1fef572ac060,Youth,Producers,Kano,Rural,No,---,Yes,No,WOFAN,Kano-WOFAN,Kir27DY08,Female,2024-02-15,15/02/2024 19:28,15/02/2024 17:14,kir17,16/02/2024 01:20
f93804a2-19ba-417b-b288-8269dd381c9a,Youth,Producers,Kano,Rural,No,---,Yes,No,WOFAN,Kano-WOFAN,KirJ90643,Female,2024-02-15,15/02/2024 22:36,15/02/2024 22:29,kir17,16/02/2024 01:21
7795b8a1-0381-474f-86b3-a39ad1a94f4a,Youth,Producers/Processors,Bauchi,Peri_urban,Yes,Production,No,No,WOFAN,Bauchi-WOFAN,BauNXDE00,Female,2024-02-15,15/02/2024 17:01,15/02/2024 16:45,bau15,16/02/2024 04:36
de31429c-8564-4a45-82eb-66d82ff49763,Youth,Producers,Gombe,Rural,No,---,Yes,No,WOFAN,Gombe-WOFAN,KalKNAL30,Female,2024-02-15,15/02/2024 16:41,15/02/2024 16:28,kal12,16/02/2024 05:32
c94bb3f1-bf71-4522-8d2d-1ba978181fa6,Youth,Producers,Kano,Rural,Yes,Production,Yes,Yes,WOFAN,Kano-WOFAN,BebFEFZ12,Female,2024-02-15,15/02/2024 21:20,15/02/2024 20:38,tun27,16/02/2024 06:07
f78f02b6-bd6f-4fac-9c83-87dd7db3c234,Youth,Marketers,Kano,Rural,Yes,Agro-Trader,Yes,No,WOFAN,Kano-WOFAN,BebO0NF39,Female,2024-02-15,15/02/2024 21:34,15/02/2024 21:18,tun05,16/02/2024 06:19
d77716d0-b5ab-4d17-a4c1-01a910001053,Youth,Producers,Jigawa,Rural,Yes,Agro-Input_Dealer,Yes,Yes,WOFAN,Jigawa-WOFAN,RinFU7335,Female,2024-02-15,15/02/2024 17:28,15/02/2024 17:18,rin25,16/02/2024 06:23
888d42e4-5532-4e23-8b57-06117b79c84e,Youth,Producers,Jigawa,Rural,Yes,Production,Yes,No,WOFAN,Jigawa-WOFAN,Tau6NIK11,Female,2024-02-16,16/02/2024 06:25,16/02/2024 06:17,tau27,16/02/2024 06:26
2ebd0953-c687-4fa4-a0d9-bf6afdf7a4bf,Youth,Processors,Kaduna,Rural,Yes,Processing,Yes,No,WOFAN,Kaduna-WOFAN,IkaRBRY53,Female,2024-02-16,16/02/2024 06:41,16/02/2024 06:25,ika28,16/02/2024 06:41
3f7a0bae-7878-4c39-b038-479ac0213939,Youth,Processors,Kano,Rural,Yes,Production,Yes,Yes,WOFAN,Kano-WOFAN,BebEG4V37,Female,2024-02-15,15/02/2024 08:34,15/02/2024 08:09,tun28,16/02/2024 07:02
0c8807df-3654-47e6-a0d8-787d59a052d3,Youth,Processors,Kano,Rural,Yes,Production,Yes,Yes,WOFAN,Kano-WOFAN,Beb6DGP01,Female,2024-02-15,15/02/2024 19:42,15/02/2024 18:12,tun28,16/02/2024 07:04
fb67bf4a-f74e-4b47-aff1-fdecddadd5ce,Youth,Producers/Processors,Jigawa,Rural,Yes,Processing,Yes,Yes,WOFAN,Jigawa-WOFAN,JahMVBX45,Female,2024-02-15,15/02/2024 19:24,15/02/2024 19:16,jah72,16/02/2024 07:06
bfac45fc-3843-4191-a7a5-db91ff990bdc,Youth,Producers,Kano,Rural,Yes,Production,Yes,Yes,WOFAN,Kano-WOFAN,Gar1YIQ18,Female,2024-02-16,16/02/2024 07:15,16/02/2024 05:21,bun03,16/02/2024 07:15
a68d45b8-5174-4183-9bb5-0f27279d6e0e,Youth,Processors,Jigawa,Rural,Yes,Mechanization_service_provider,Yes,Yes,WOFAN,Jigawa-WOFAN,Jah8INF25,Female,2024-02-15,15/02/2024 18:09,15/02/2024 18:03,jah51,16/02/2024 07:23
f8a7a2ad-3e41-41a2-9500-f830885c577e,Youth,Processors,Jigawa,Rural,Yes,Mechanization_service_provider,No,No,WOFAN,Jigawa-WOFAN,JahO2VR15,Female,2024-02-15,15/02/2024 19:43,15/02/2024 19:38,jah51,16/02/2024 07:24
0013fbb4-b698-4329-8550-71dcc2686431,Youth,Processors,Jigawa,Rural,Yes,Mechanization_service_provider,Yes,Yes,WOFAN,Jigawa-WOFAN,JahRMHD59,Female,2024-02-15,15/02/2024 19:54,15/02/2024 19:48,jah51,16/02/2024 07:24
feb68615-5e01-4cf0-8db9-0676b1af503e,Youth,Producers/Processors,Bauchi,Rural,Yes,Production,Yes,No,WOFAN,Bauchi-WOFAN,NinKA1Y52,Female,2024-02-16,16/02/2024 07:33,16/02/2024 07:19,nin17,16/02/2024 07:33
3956e55e-3974-4a8e-b920-add88d7ca671,Youth,Processors,Jigawa,Rural,No,---,No,No,WOFAN,Jigawa-WOFAN,Jah696046,Female,2024-02-16,16/02/2024 06:50,16/02/2024 05:54,jah71,16/02/2024 07:40
3e7ac11b-2c66-4a7d-b4fa-16446f6a0bf4,Youth,Processors,Jigawa,Rural,Yes,Processing,Yes,Yes,WOFAN,Jigawa-WOFAN,JahQK9Z43,Female,2024-02-15,15/02/2024 16:52,15/02/2024 16:38,jah68,16/02/2024 07:41
878da3e0-11da-4051-a1a7-728031097cce,Youth,Producers,Jigawa,Peri_urban,Yes,Mechanization_service_provider,Yes,Yes,WOFAN,Jigawa-WOFAN,Jah94GX51,Female,2024-02-16,16/02/2024 07:54,16/02/2024 07:42,jah56,16/02/2024 07:55
21a807f7-502a-494c-a80d-811e5fcffe43,Youth,Processors,Kano,Rural,No,---,No,No,WOFAN,Kano-WOFAN,BebYLC400,Female,2024-02-15,15/02/2024 17:55,15/02/2024 17:47,tun27,16/02/2024 08:06
f17ce3a2-9936-4594-9a64-9c52a169ee99,Youth,Producers/Processors,Kaduna,Rural,Yes,Processing,Yes,No,WOFAN,Kaduna-WOFAN,IkaPBSN52,Female,2024-02-16,16/02/2024 08:11,16/02/2024 07:57,ika33,16/02/2024 08:13
a42ea854-f02d-41ef-9ad0-50b4bd6d50b6,Youth,Processors,Jigawa,Rural,Yes,Processing,Yes,No,WOFAN,Jigawa-WOFAN,Jah0RJC06,Female,2024-02-16,16/02/2024 07:31,16/02/2024 07:26,jah67,16/02/2024 08:24
e559e715-b5d5-46d9-83cc-2bb174cd747b,Youth,Marketers,Bauchi,Urban,Yes,Processing,Yes,Yes,WOFAN,Bauchi-WOFAN,TafUU3T30,Female,2024-02-14,14/02/2024 16:26,14/02/2024 13:48,taf04,16/02/2024 08:30
61eea9b1-3339-4d72-8b76-2a8b7d0ba080,Youth,Producers,Jigawa,Rural,Yes,Production,Yes,No,WOFAN,Jigawa-WOFAN,JahIG8I35,Female,2024-02-16,16/02/2024 08:25,16/02/2024 07:46,jah42,16/02/2024 08:32
31e37fea-141d-4c56-a49e-46d33949c332,Youth,Processors,Jigawa,Rural,No,---,Yes,No,WOFAN,Jigawa-WOFAN,TauPNSC07,Female,2024-02-16,16/02/2024 08:38,16/02/2024 08:30,tau19,16/02/2024 08:38
9925335c-7515-4f86-8118-769b2a49232d,Youth,Producers,Kaduna,Urban,Yes,Agro-Input_Dealer,Yes,No,WOFAN,Kaduna-WOFAN,IkaIGFO49,Female,2024-02-16,16/02/2024 08:46,16/02/2024 08:37,ika18,16/02/2024 08:46
afe8a350-7a70-4c80-bef4-645fa52c70f1,Youth,Processors,Jigawa,Urban,No,---,Yes,No,WOFAN,Jigawa-WOFAN,TauP7QY31,Female,2024-02-16,16/02/2024 08:46,16/02/2024 08:38,tau19,16/02/2024 08:46
f736b4d0-7551-4b61-b79a-427e2c59154f,Youth,Producers/Processors,Jigawa,Rural,Yes,Processing,Yes,Yes,WOFAN,Jigawa-WOFAN,RinSODM14,Female,2024-02-16,16/02/2024 07:43,16/02/2024 07:31,rin21,16/02/2024 08:47
679f6071-04b7-41c5-8994-fb274e5769a2,Youth,Producers,Jigawa,Rural,No,---,No,No,WOFAN,Jigawa-WOFAN,Jah8BUG11,Female,2024-02-16,16/02/2024 08:50,16/02/2024 08:04,jah84,16/02/2024 08:50
a9e1cf6b-a58d-4a8a-b7fa-e24e9870871a,Youth,Processors,Jigawa,Rural,No,---,Yes,No,WOFAN,Jigawa-WOFAN,TauJ9PU53,Female,2024-02-16,16/02/2024 08:54,16/02/2024 08:48,tau19,16/02/2024 08:54
126abe4a-88b5-4161-979a-5eb29166f361,Youth,Marketers,Jigawa,Rural,No,---,Yes,No,WOFAN,Jigawa-WOFAN,TauRWC653,Female,2024-02-15,15/02/2024 21:43,15/02/2024 21:21,tau23,16/02/2024 08:57
4f74950c-0e77-4926-b962-edac13e4c287,Youth,Producers,Jigawa,Rural,No,---,No,No,WOFAN,Jigawa-WOFAN,Jah2HLO31,Female,2024-02-16,16/02/2024 09:01,16/02/2024 08:52,jah84,16/02/2024 09:02
54c54179-2689-46b1-90f2-f683c1e706fe,Youth,Producers/Processors,Jigawa,Peri_urban,Yes,Production,Yes,Yes,WOFAN,Jigawa-WOFAN,Rin3PO112,Female,2024-02-16,16/02/2024 09:02,16/02/2024 08:47,rin20,16/02/2024 09:02
accd4e6d-8251-45a3-bfd2-00bad31d2cef,Youth,Producers/Processors,Bauchi,Urban,Yes,Production,No,Yes,WOFAN,Bauchi-WOFAN,BauWHQV27,Female,2024-02-16,16/02/2024 09:09,16/02/2024 08:59,bau15,16/02/2024 09:09
e3ab70f1-349d-473f-8ac5-87eb79475cc6,Youth,Producers/Processors,Jigawa,Rural,Yes,Production,Yes,Yes,WOFAN,Jigawa-WOFAN,JahKFRC24,Female,2024-02-16,16/02/2024 07:38,16/02/2024 07:18,jah47,16/02/2024 09:10
be97955f-61ce-4ff6-97da-f8b9b1eca492,Youth,Producers,Kano,Urban,No,---,No,No,WOFAN,Kano-WOFAN,GarGYKR28,Female,2024-02-16,16/02/2024 08:36,16/02/2024 08:26,ran01,16/02/2024 09:13
0b6eda6c-55a0-4310-80ac-47fc82ec4e51,Youth,Producers/Processors,Jigawa,Peri_urban,Yes,Production,Yes,Yes,WOFAN,Jigawa-WOFAN,Jah3CSN47,Female,2024-02-16,16/02/2024 07:26,16/02/2024 07:14,jah56,16/02/2024 09:24
1d10393c-aa65-4c60-8092-523f1f5fbc9c,Youth,Producers,Jigawa,Peri_urban,Yes,Agro-Input_Dealer,Yes,Yes,WOFAN,Jigawa-WOFAN,Jah22EP40,Female,2024-02-16,16/02/2024 07:35,16/02/2024 07:26,jah56,16/02/2024 09:25
59883766-e3fb-4fd3-b7cb-030c3ed77018,Youth,Marketers,Gombe,Urban,No,---,No,No,WOFAN,Gombe-WOFAN,GomCZFZ39,Female,2024-02-16,16/02/2024 09:28,16/02/2024 09:25,gom28,16/02/2024 09:28
1e6608ca-b5d1-48a4-abad-f583c3f31270,Youth,Producers,Jigawa,Rural,Yes,Production,Yes,Yes,WOFAN,Jigawa-WOFAN,Rin9ORW28,Female,2024-02-16,16/02/2024 06:44,16/02/2024 06:32,rin25,16/02/2024 09:34
ff82d603-1583-4cf4-a702-85569b35f88f,Youth,Producers,Bauchi,Rural,Yes,Production,Yes,No,WOFAN,Bauchi-WOFAN,TafUM1130,Female,2024-02-16,16/02/2024 09:36,16/02/2024 07:24,taf05,16/02/2024 09:36
72ec248f-1fcf-4d44-91d2-6aab21a18069,Youth,Producers,Jigawa,Rural,No,---,No,No,WOFAN,Jigawa-WOFAN,JahA6Z653,Female,2024-02-16,16/02/2024 07:21,16/02/2024 07:12,jah45,16/02/2024 09:44
bfeed491-68c5-4d30-91d8-abf60d254ac7,Youth,Processors,Jigawa,Rural,Yes,Processing,Yes,No,WOFAN,Jigawa-WOFAN,JahOEJF44,Female,2024-02-16,16/02/2024 08:38,16/02/2024 08:33,jah67,16/02/2024 09:44
bcb32ab4-9c01-4b28-bff2-74d812c54657,Youth,Producers,Gombe,Rural,No,---,Yes,No,WOFAN,Gombe-WOFAN,Sho2EJZ07,Female,2024-02-16,16/02/2024 09:55,16/02/2024 09:40,sha03,16/02/2024 09:57
2e1998f1-1369-4112-be7f-8843325a7649,Youth,Producers,Jigawa,Rural,Yes,Agro-Input_Dealer,Yes,Yes,WOFAN,Jigawa-WOFAN,RinYXA728,Female,2024-02-16,16/02/2024 09:27,16/02/2024 09:10,rin14,16/02/2024 10:11
7a7735e2-634b-4a41-95ec-21a5262faecc,Youth,Producers,Bauchi,Urban,Yes,Production,Yes,Yes,WOFAN,Bauchi-WOFAN,BauMEPV05,Female,2024-02-16,16/02/2024 08:49,16/02/2024 08:34,bau10,16/02/2024 10:11
dc90757f-7518-4a45-a0b6-fa52ad0ad834,Youth,Producers/Processors,Jigawa,Rural,Yes,Production,Yes,Yes,WOFAN,Jigawa-WOFAN,JahFXPB07,Female,2024-02-16,16/02/2024 08:48,16/02/2024 08:38,jah48,16/02/2024 10:16
ed62c358-db15-4a34-99a6-f23fe1d6f27d,Youth,Producers/Processors,Jigawa,Rural,Yes,Production,Yes,Yes,WOFAN,Jigawa-WOFAN,Jah7JR510,Female,2024-02-16,16/02/2024 10:17,16/02/2024 10:12,jah72,16/02/2024 10:17
079cf134-f0a9-4958-9c64-db945435a2a7,Youth,Processors,Jigawa,Rural,No,---,No,No,WOFAN,Jigawa-WOFAN,Jah0ILR01,Female,2024-02-16,16/02/2024 08:56,16/02/2024 08:53,jah71,16/02/2024 10:17
99341f66-42e7-44d3-91fa-1a3c9fcbfa45,Youth,Processors,Kano,Rural,Yes,Agro-Trader,No,No,WOFAN,Kano-WOFAN,BebLN2R33,Female,2024-02-16,16/02/2024 10:23,16/02/2024 10:16,tun24,16/02/2024 10:23
ef1c9740-043f-4cfc-90d5-4fa171d5d9cb,Youth,Processors,Gombe,Urban,Yes,Processing,Yes,Yes,WOFAN,Gombe-WOFAN,GomRSH333,Female,2024-02-16,16/02/2024 10:24,16/02/2024 10:04,gom18,16/02/2024 10:24
f6c4f786-d4c3-4fd5-9563-ab6e2bcc605d,Youth,Producers,Jigawa,Rural,Yes,Production,Yes,No,WOFAN,Jigawa-WOFAN,JahB2JN37,Female,2024-02-16,16/02/2024 10:38,16/02/2024 10:13,jah40,16/02/2024 10:39
59b95f1f-326d-4ed2-ba71-2d50f6052d6f,Youth,Producers,Jigawa,Rural,Yes,Production,Yes,Yes,WOFAN,Jigawa-WOFAN,Jah4WSN45,Female,2024-02-16,16/02/2024 10:40,16/02/2024 10:23,jah52,16/02/2024 10:40
2f6cebae-f3e6-448c-9862-a2e45caba1bd,Youth,Processors,Jigawa,Rural,Yes,Processing,Yes,Yes,WOFAN,Jigawa-WOFAN,RinC9RP23,Female,2024-02-15,15/02/2024 19:07,15/02/2024 18:51,rin27,16/02/2024 11:12
1f359b93-5f9d-46b4-830f-b20d92919cde,Youth,Producers,Jigawa,Rural,Yes,Production,Yes,No,WOFAN,Jigawa-WOFAN,RinNMJF57,Female,2024-02-16,16/02/2024 08:34,16/02/2024 08:04,rin26,16/02/2024 11:21
992acc5e-cf31-4296-ad49-ef19ad7b81ee,Youth,Producers/Processors,Bauchi,Urban,Yes,Production,Yes,No,WOFAN,Bauchi-WOFAN,BauDENW37,Female,2024-02-16,16/02/2024 11:32,16/02/2024 11:15,bau13,16/02/2024 11:32
e7b8a652-59f8-4d3e-96dc-42e4c41ebabb,Youth,Producers/Processors,Jigawa,Rural,Yes,Production,Yes,No,WOFAN,Jigawa-WOFAN,RinS71B22,Female,2024-02-16,16/02/2024 05:58,16/02/2024 05:49,rin12,16/02/2024 11:34
c85e0f83-1d24-4cef-8777-e0a85d6c08de,Youth,Processors,Kano,Rural,Yes,Agro-Input_Dealer,Yes,No,WOFAN,Kano-WOFAN,GarN6RE02,Female,2024-02-16,16/02/2024 11:37,16/02/2024 09:22,ran11,16/02/2024 11:37
d18e4298-0ed3-4531-8138-838c52ba6fb3,Youth,Producers/Processors,Jigawa,Rural,No,---,Yes,No,WOFAN,Jigawa-WOFAN,Jah489445,Female,2024-02-16,16/02/2024 11:40,16/02/2024 11:29,jah43,16/02/2024 11:40
4a1d3c01-4bda-4065-a592-2a5847592a56,Youth,Producers/Processors,Jigawa,Rural,Yes,Production,Yes,Yes,WOFAN,Jigawa-WOFAN,JahYK7W07,Female,2024-02-16,16/02/2024 10:34,16/02/2024 10:28,jah49,16/02/2024 11:51
d4c604b1-6783-4382-add0-896bdd6d83f9,Youth,Producers/Processors,Jigawa,Rural,Yes,Production,Yes,Yes,WOFAN,Jigawa-WOFAN,JahQ7PK53,Female,2024-02-16,16/02/2024 09:18,16/02/2024 09:11,jah48,16/02/2024 11:52
f5c5b344-e7cc-412e-90b4-b8b72842290e,Youth,Producers,Jigawa,Rural,Yes,Production,Yes,No,WOFAN,Jigawa-WOFAN,TauRM1726,Female,2024-02-16,16/02/2024 10:21,16/02/2024 10:11,tau27,16/02/2024 12:07
4c96c1eb-2857-47e6-892d-c819e60dec3e,Youth,Processors,Gombe,Rural,Yes,Processing,Yes,Yes,WOFAN,Gombe-WOFAN,Kal4J6D02,Female,2024-02-15,15/02/2024 12:27,15/02/2024 10:29,kal14,16/02/2024 12:07
efd370aa-c901-4c12-8577-f0a9f5eaf7c8,Youth,Marketers,Gombe,Peri_urban,No,---,Yes,No,WOFAN,Gombe-WOFAN,GomRXJU51,Female,2024-02-16,16/02/2024 11:03,16/02/2024 10:45,gom21,16/02/2024 12:08
be281423-50ea-458f-9c07-799be176663f,Youth,Marketers,Kaduna,Rural,Yes,Processing,Yes,No,WOFAN,Kaduna-WOFAN,IkaUA7E51,Female,2024-02-16,16/02/2024 09:42,16/02/2024 09:21,ika29,16/02/2024 12:14
b6ec2af0-d51d-4f98-8d12-e8110aff4676,Youth,Marketers,Jigawa,Rural,No,---,Yes,No,WOFAN,Jigawa-WOFAN,TauTXBG52,Female,2024-02-16,16/02/2024 10:12,16/02/2024 09:46,tau23,16/02/2024 12:28
746fd1a1-6980-4155-90a9-e7eeea8969cb,Youth,Processors,Jigawa,Rural,No,---,Yes,No,WOFAN,Jigawa-WOFAN,TauSBFS50,Female,2024-02-16,16/02/2024 10:40,16/02/2024 10:26,tau23,16/02/2024 12:31
3c614898-477e-40e8-a913-24c426b70df4,Youth,Producers,Bauchi,Rural,Yes,Production,Yes,Yes,WOFAN,Bauchi-WOFAN,TafGGJ152,Female,2024-02-16,16/02/2024 12:30,16/02/2024 12:20,taf05,16/02/2024 12:31
b6eb2752-e74a-4ecc-a879-f7e0c525cbd1,Youth,Processors,Jigawa,Rural,No,---,Yes,No,WOFAN,Jigawa-WOFAN,TauKX3W06,Female,2024-02-16,16/02/2024 11:06,16/02/2024 10:58,tau23,16/02/2024 12:44
e3aaf220-52c9-4e62-88c3-ff5342d58ff7,Youth,Marketers,Kano,Rural,Yes,Processing,Yes,Yes,WOFAN,Kano-WOFAN,BebZ4NX17,Female,2024-02-16,16/02/2024 09:48,16/02/2024 09:40,tun01,16/02/2024 12:44
ce19aec7-f57b-47bb-aff0-df4022ce1b7f,Youth,Producers,Kano,Rural,No,---,Yes,No,WOFAN,Kano-WOFAN,Kir5QCF20,Female,2024-02-16,16/02/2024 10:58,16/02/2024 10:52,kir17,16/02/2024 12:49
2da08a97-5a34-4d35-b2f1-ab9f480a89d2,Youth,Producers,Jigawa,Rural,Yes,Production,Yes,Yes,WOFAN,Jigawa-WOFAN,RinICT751,Female,2024-02-16,16/02/2024 11:10,16/02/2024 11:04,rin15,16/02/2024 13:00
4254c965-90d2-42cc-bdc0-33b208aa671c,Youth,Producers,Jigawa,Rural,Yes,Production,Yes,Yes,WOFAN,Jigawa-WOFAN,RinHVWV30,Female,2024-02-16,16/02/2024 10:47,16/02/2024 10:41,rin11,16/02/2024 13:04
b847ef59-818e-4a51-8dc8-343ac897d627,Youth,Producers,Jigawa,Rural,Yes,Production,Yes,No,WOFAN,Jigawa-WOFAN,TauLLLY26,Female,2024-02-16,16/02/2024 10:56,16/02/2024 10:42,tau21,16/02/2024 13:07
81e26910-0212-414f-a3d5-dc72e801a061,Youth,Producers,Jigawa,Rural,Yes,Mechanization_service_provider,Yes,Yes,WOFAN,Jigawa-WOFAN,RinWGJF30,Female,2024-02-16,16/02/2024 09:54,16/02/2024 09:41,rin24,16/02/2024 13:15
faad5b23-ac39-4368-b779-b6387ec2b9c5,Youth,Producers,Kano,Rural,Yes,Production,Yes,Yes,WOFAN,Kano-WOFAN,BebW26C36,Female,2024-02-16,16/02/2024 08:09,16/02/2024 07:09,kir03,16/02/2024 13:19
d68846c2-488b-411f-975d-45de2681dff1,Youth,Producers,Bauchi,Rural,Yes,Production,Yes,Yes,WOFAN,Bauchi-WOFAN,BauKGCH21,Female,2024-02-16,16/02/2024 09:39,16/02/2024 09:04,bau14,16/02/2024 13:20
4be9c26e-28cf-41a3-94fa-37cc7710718a,Youth,Processors,Gombe,Rural,No,---,Yes,No,WOFAN,Gombe-WOFAN,KalY1HC07,Female,2024-02-16,16/02/2024 11:51,16/02/2024 11:41,kal12,16/02/2024 13:23
d90fafa2-3160-48a9-a3d8-d9d5bfb313c4,Youth,Producers/Processors,Kano,Rural,Yes,Production,Yes,Yes,WOFAN,Kano-WOFAN,GarNM4T23,Female,2024-02-16,16/02/2024 13:26,16/02/2024 13:18,gmm61,16/02/2024 13:26
031d31cc-a352-4a39-b645-5e8d3c1420dc,Youth,Processors,Jigawa,Rural,No,---,Yes,No,WOFAN,Jigawa-WOFAN,TauRRX444,Female,2024-02-16,16/02/2024 09:10,16/02/2024 09:01,tau19,16/02/2024 13:35
044fcafc-e98d-4082-a3b3-da322fd0708a,Youth,Producers/Processors,Jigawa,Urban,Yes,Agro-Input_Dealer,Yes,Yes,WOFAN,Jigawa-WOFAN,JahB8C833,Female,2024-02-16,16/02/2024 11:03,16/02/2024 10:53,jah56,16/02/2024 13:39
1df65445-2691-4778-851e-4b5323e3139c,Youth,Marketers,Kano,Rural,Yes,Processing,Yes,Yes,WOFAN,Kano-WOFAN,KurBW6S12,Female,2024-02-15,15/02/2024 15:09,15/02/2024 14:57,kur03,16/02/2024 13:44
279a98e0-7cb5-4dfc-9cb9-1babe5b1468b,Youth,Producers,Jigawa,Rural,Yes,Agro-Input_Dealer,Yes,Yes,WOFAN,Jigawa-WOFAN,Rin577F56,Female,2024-02-16,16/02/2024 09:04,16/02/2024 08:53,rin28,16/02/2024 13:46
3bbb2c30-0ed3-4b13-93cb-5b4f72cb4a3d,Youth,Producers,Kano,Rural,Yes,Production,No,No,WOFAN,Kano-WOFAN,KirIN7D24,Female,2024-02-16,16/02/2024 10:39,16/02/2024 10:26,kir08,16/02/2024 13:52
ba650858-422f-4918-91d5-2866f3c742cf,Youth,Producers,Jigawa,Rural,Yes,Production,Yes,No,WOFAN,Jigawa-WOFAN,JahFX6X36,Female,2021-12-03,03/12/2021 01:06,03/12/2021 00:46,jah39,16/02/2024 13:56
1d9afe32-03ae-4134-bfb0-851a7402d571,Youth,Producers,Kano,Rural,No,---,No,No,WOFAN,Kano-WOFAN,GarB5HZ11,Female,2024-02-16,16/02/2024 11:03,15/02/2024 18:19,ran02,16/02/2024 13:57
092e8d79-c01b-4879-afe5-7536d0271687,Youth,Producers,Jigawa,Rural,Yes,Production,Yes,Yes,WOFAN,Jigawa-WOFAN,RinUUY221,Female,2024-02-16,16/02/2024 13:59,16/02/2024 13:51,rin24,16/02/2024 14:00
41aa08ec-5d2e-4155-8287-ba88ddce43a4,Youth,Producers,Jigawa,Rural,Yes,Agro-Input_Dealer,Yes,Yes,WOFAN,Jigawa-WOFAN,RinDLS354,Female,2024-02-16,16/02/2024 10:29,16/02/2024 10:13,rin25,16/02/2024 14:02
915e6a1e-c16c-4f21-b873-b2f7b3aab38c,Youth,Producers,Kano,Rural,Yes,Agro-Input_Dealer,Yes,Yes,WOFAN,Kano-WOFAN,GarETH005,Female,2024-02-16,16/02/2024 12:52,16/02/2024 12:46,gmm60,16/02/2024 14:04
3ca4a51c-4399-47ac-be78-93bc713eb1d7,Youth,Producers,Jigawa,Rural,Yes,Production,Yes,Yes,WOFAN,Jigawa-WOFAN,RinE3JV18,Female,2024-02-16,16/02/2024 10:55,16/02/2024 10:47,rin28,16/02/2024 14:08
c466e499-18bc-4e62-b5e5-bb010094d235,Youth,Producers,Jigawa,Rural,Yes,Production,Yes,Yes,WOFAN,Jigawa-WOFAN,TauLCFU24,Female,2024-02-16,16/02/2024 14:20,16/02/2024 14:13,tau24,16/02/2024 14:21
b7824056-3b50-45fc-b91a-f7e6e4b2cc0c,Youth,Producers/Processors,Bauchi,Peri_urban,No,---,Yes,No,WOFAN,Bauchi-WOFAN,TafPN4R10,Female,2024-02-15,15/02/2024 20:40,15/02/2024 13:16,taf04,16/02/2024 14:21
2f377e35-1e57-4aa1-a91c-3446e0092e94,Youth,Producers,Gombe,Rural,No,---,No,No,WOFAN,Gombe-WOFAN,ShoYODG41,Female,2024-02-16,16/02/2024 12:40,16/02/2024 12:30,sha01,16/02/2024 14:25
31603ff7-ee61-432e-872f-5e4efb736250,Youth,Producers/Processors,Jigawa,Rural,Yes,Mechanization_service_provider,Yes,Yes,WOFAN,Jigawa-WOFAN,Jah5N1E56,Female,2024-02-16,16/02/2024 09:17,16/02/2024 09:08,jah49,16/02/2024 14:26
d6ba69d9-6aab-4690-bd77-a9ca72cfbe8a,Youth,Producers,Jigawa,Rural,Yes,Production,Yes,No,WOFAN,Jigawa-WOFAN,TauMQU456,Female,2024-02-15,15/02/2024 16:29,15/02/2024 16:20,tau26,16/02/2024 14:28
19af90de-7b71-460a-a7f5-09cb9cd5a179,Youth,Producers,Jigawa,Rural,No,---,Yes,No,WOFAN,Jigawa-WOFAN,TauHP1M57,Female,2024-02-16,16/02/2024 14:28,16/02/2024 14:21,tau24,16/02/2024 14:29
b40f98a7-271c-4a02-ba6f-9aefc52b9ac9,Youth,Producers,Jigawa,Rural,Yes,Production,Yes,No,WOFAN,Jigawa-WOFAN,TauWG7H27,Female,2024-02-16,16/02/2024 10:50,16/02/2024 10:35,tau22,16/02/2024 14:47
101da1c0-ce31-46ab-92fd-0667a80782a1,Youth,Producers/Processors,Bauchi,Rural,Yes,Production,Yes,No,WOFAN,Bauchi-WOFAN,Nin2DMH56,Female,2024-02-16,16/02/2024 14:40,16/02/2024 14:27,nin17,16/02/2024 14:51
fa16915c-9d3c-4c72-aeec-2020ba30fd97,Youth,Marketers,Gombe,Rural,No,---,Yes,No,WOFAN,Gombe-WOFAN,ShoC9BY56,Female,2024-02-16,16/02/2024 14:52,16/02/2024 14:40,sha03,16/02/2024 14:52
47b1c824-1e39-42b9-82ae-c7c39b0ac0f5,Youth,Processors,Kano,Peri_urban,No,---,Yes,No,WOFAN,Kano-WOFAN,BebWERV10,Female,2024-02-16,16/02/2024 14:53,16/02/2024 14:41,tun04,16/02/2024 14:54
350dcf43-b3d9-4be6-b778-6c34209d765d,Youth,Producers,Jigawa,Rural,Yes,Production,Yes,Yes,WOFAN,Jigawa-WOFAN,TauBG1M18,Female,2024-02-16,16/02/2024 07:24,16/02/2024 07:12,tau26,16/02/2024 14:55
f8295822-92e6-4a0b-a118-675605d87815,Youth,Processors,Kano,Rural,No,---,Yes,No,WOFAN,Kano-WOFAN,GarAF9L08,Female,2024-02-16,16/02/2024 10:27,16/02/2024 10:12,gmm64,16/02/2024 14:57
fd21bf1a-5e0e-48c8-9500-d3dbce938b0a,Youth,Producers,Jigawa,Rural,Yes,Production,Yes,No,WOFAN,Jigawa-WOFAN,TauVBNL29,Female,2024-02-16,16/02/2024 10:23,16/02/2024 10:11,tau26,16/02/2024 14:59
21320fc7-5920-4547-818e-bf065c157039,Youth,Processors,Jigawa,Rural,No,---,No,No,WOFAN,Jigawa-WOFAN,Jah4QQM33,Female,2024-02-16,16/02/2024 14:10,16/02/2024 12:52,jah71,16/02/2024 15:10
36181349-bb67-49c0-881a-acd3fa307656,Youth,Producers/Processors,Jigawa,Rural,Yes,Processing,No,No,WOFAN,Jigawa-WOFAN,JahEC1029,Female,2024-02-16,16/02/2024 15:19,16/02/2024 14:59,jah78,16/02/2024 15:20
9392eeab-9782-4cd7-b37d-c533c1f812b8,Youth,Processors,Jigawa,Rural,Yes,Processing,Yes,No,WOFAN,Jigawa-WOFAN,JahC2FJ37,Female,2024-02-16,16/02/2024 14:03,16/02/2024 13:56,jah67,16/02/2024 15:23
51b0ba0c-4ffd-4a79-9599-eba46a1ab11b,Youth,Processors,Kano,Rural,Yes,Processing,Yes,No,WOFAN,Kano-WOFAN,BebDX9L02,Female,2024-02-16,16/02/2024 08:44,16/02/2024 07:53,tun28,16/02/2024 15:31
2b66f32e-bf13-4f77-9db1-ee6115d31587,Youth,Producers,Jigawa,Rural,Yes,Production,Yes,Yes,WOFAN,Jigawa-WOFAN,Rin66IP23,Female,2024-02-16,16/02/2024 11:05,16/02/2024 10:51,rin16,16/02/2024 15:35
4c74502e-abf3-4e0a-bee3-d8d3f504a966,Youth,Producers,Jigawa,Rural,Yes,Production,Yes,Yes,WOFAN,Jigawa-WOFAN,Jah511P01,Female,2024-02-16,16/02/2024 08:27,16/02/2024 07:52,jah69,16/02/2024 15:43
774c082f-02a9-45e0-b54b-6afeb34d4d0d,Youth,Producers,Jigawa,Rural,Yes,Production,Yes,Yes,WOFAN,Jigawa-WOFAN,JahO7UX38,Female,2024-02-16,16/02/2024 08:32,16/02/2024 08:27,jah69,16/02/2024 15:44
6311b300-e3d9-4892-9a41-06de30d11540,Youth,Producers,Jigawa,Rural,Yes,Production,Yes,Yes,WOFAN,Jigawa-WOFAN,JahC0KH41,Female,2024-02-16,16/02/2024 09:05,16/02/2024 08:32,jah69,16/02/2024 15:44
13a075af-80c0-47af-94eb-b32e30969b97,Youth,Producers/Processors,Kano,Urban,Yes,Production,Yes,No,WOFAN,Kano-WOFAN,KurIZ0Z46,Female,2024-02-16,16/02/2024 13:51,16/02/2024 13:38,kur14,16/02/2024 15:55
e045ea6c-14c5-4fbe-ab72-02d54740fbda,Youth,Processors,Jigawa,Rural,No,---,Yes,No,WOFAN,Jigawa-WOFAN,Jah3DIH22,Female,2024-02-16,16/02/2024 15:57,16/02/2024 15:51,jah40,16/02/2024 15:57
d3bf4f1d-d841-47ff-85a8-5ecdc2df5de5,Youth,Producers,Kano,Rural,Yes,Production,Yes,No,WOFAN,Kano-WOFAN,BebVSNC55,Female,2024-02-16,16/02/2024 07:04,16/02/2024 06:56,tun02,16/02/2024 15:58
4fdd0a83-5779-479b-bc0f-62b412411ffe,Youth,Producers/Processors,Gombe,Urban,No,---,No,No,WOFAN,Gombe-WOFAN,GomLEC633,Female,2024-02-16,16/02/2024 13:29,16/02/2024 13:22,gom23,16/02/2024 16:02
01f2d69b-5b92-4433-a8fb-9c79558db8a0,Youth,Producers,Kano,Rural,No,---,Yes,No,WOFAN,Kano-WOFAN,Kir5M9F42,Female,2024-02-16,16/02/2024 14:12,16/02/2024 14:02,kir17,16/02/2024 16:03
95725701-4d6c-4b03-96a7-352803a58d5e,Youth,Producers/Processors,Bauchi,Rural,No,---,Yes,No,WOFAN,Bauchi-WOFAN,TafTRDN21,Female,2024-02-16,16/02/2024 16:00,16/02/2024 15:45,taf03,16/02/2024 16:08
f507e2cf-f229-4c50-96ea-6184eb38dc79,Youth,Producers/Processors,Jigawa,Rural,Yes,Production,Yes,Yes,WOFAN,Jigawa-WOFAN,Jah5S0O31,Female,2024-02-16,16/02/2024 13:35,16/02/2024 13:31,jah48,16/02/2024 16:10
c5fc4007-f234-4351-87e6-f4e5ab451fb0,Youth,Producers/Processors,Jigawa,Rural,Yes,Production,Yes,Yes,WOFAN,Jigawa-WOFAN,Jah88KA24,Female,2024-02-16,16/02/2024 14:44,16/02/2024 14:39,jah48,16/02/2024 16:12
f6750cac-6d13-43ad-883e-72e72675bb50,Youth,Producers,Gombe,Urban,No,---,No,Yes,WOFAN,Gombe-WOFAN,GomT5Y539,Female,2024-02-16,16/02/2024 16:15,16/02/2024 16:04,gom25,16/02/2024 16:16
3c33e1d0-593e-4c13-9a9f-b135d291eeb1,Youth,Producers,Kano,Rural,Yes,Production,Yes,No,WOFAN,Kano-WOFAN,Beb6WYJ01,Female,2024-02-16,16/02/2024 16:16,16/02/2024 16:05,kir20,16/02/2024 16:16
a6fd9a0a-b35f-4e30-8e90-641de19c3683,Youth,Marketers,Gombe,Rural,Yes,Production,Yes,No,WOFAN,Gombe-WOFAN,ShoTXWJ35,Female,2024-02-16,16/02/2024 11:20,16/02/2024 11:08,sha04,16/02/2024 16:17
461b6e3d-63a6-45c9-a6e3-a0fdec16d196,Youth,Processors,Jigawa,Rural,No,---,No,No,WOFAN,Jigawa-WOFAN,JahPGCJ25,Female,2024-02-16,16/02/2024 15:37,16/02/2024 15:30,jah71,16/02/2024 16:18
d6c4f713-896c-4c4b-b000-b1da9412abfc,Youth,Producers/Processors,Jigawa,Rural,Yes,Production,Yes,Yes,WOFAN,Jigawa-WOFAN,Jah9YEV17,Female,2024-02-16,16/02/2024 14:26,16/02/2024 14:21,jah72,16/02/2024 16:24
f57ec8e1-546c-40f7-9e40-23f566c4b055,Youth,Processors,Jigawa,Rural,Yes,Processing,Yes,No,WOFAN,Jigawa-WOFAN,Jah36NN01,Female,2024-02-16,16/02/2024 15:54,16/02/2024 15:49,jah67,16/02/2024 16:24
8fbc1642-d914-4e19-ade2-8d8a25acf888,Youth,Processors,Jigawa,Rural,No,---,Yes,No,WOFAN,Jigawa-WOFAN,TauWBSB20,Female,2024-02-16,16/02/2024 09:57,16/02/2024 09:43,tau29,16/02/2024 16:26
53354000-5324-4e10-80b2-c52ad978b727,Youth,Producers,Kano,Rural,Yes,Production,Yes,Yes,WOFAN,Kano-WOFAN,GarZC7615,Female,2024-02-16,16/02/2024 16:27,16/02/2024 16:13,bun07,16/02/2024 16:34
c8bb7587-7968-457b-95a0-dabcf3f7ccb1,Youth,Producers,Jigawa,Rural,Yes,Production,Yes,No,WOFAN,Jigawa-WOFAN,RinMSJX28,Female,2024-02-16,16/02/2024 11:37,16/02/2024 11:30,rin26,16/02/2024 16:37
222aa0cb-d5b4-4d47-9f53-3fa33cf8c075,Youth,Producers,Jigawa,Rural,Yes,Agro-Input_Dealer,Yes,Yes,WOFAN,Jigawa-WOFAN,Jah1VJL03,Female,2024-02-16,16/02/2024 14:22,16/02/2024 14:13,jah56,16/02/2024 16:40
aa18b630-2ac4-4852-9770-9239a8a2b240,Youth,Producers/Processors,Jigawa,Rural,No,---,Yes,Yes,WOFAN,Jigawa-WOFAN,Jah4E7F24,Female,2024-02-16,16/02/2024 11:03,16/02/2024 10:05,jah66,16/02/2024 16:41
d89535f2-9b8b-48af-9efb-c914b1cbf0e8,Youth,Producers/Processors,Jigawa,Rural,Yes,Production,Yes,Yes,WOFAN,Jigawa-WOFAN,JahWMEN16,Female,2024-02-16,16/02/2024 11:03,16/02/2024 09:59,jah66,16/02/2024 16:41
a8bab060-fada-4d14-8e6e-f9f13aab8f0c,Youth,Producers/Processors,Jigawa,Rural,Yes,Production,Yes,Yes,WOFAN,Jigawa-WOFAN,JahV2AJ34,Female,2024-02-16,16/02/2024 11:03,16/02/2024 09:53,jah66,16/02/2024 16:41
a908420d-0b17-4cb6-8052-acabf74440b6,Youth,Producers/Processors,Jigawa,Rural,Yes,Production,Yes,Yes,WOFAN,Jigawa-WOFAN,Jah39CT54,Female,2024-02-16,16/02/2024 11:04,16/02/2024 09:48,jah66,16/02/2024 16:41
600aea4c-bf95-4c57-912f-04fecbc8b2cb,Youth,Producers/Processors,Jigawa,Rural,Yes,Production,Yes,Yes,WOFAN,Jigawa-WOFAN,JahBA9T12,Female,2024-02-16,16/02/2024 11:04,16/02/2024 09:35,jah66,16/02/2024 16:41
865549e1-f5da-4c02-a492-7b33d7933db3,Youth,Marketers,Jigawa,Rural,No,---,No,No,WOFAN,Jigawa-WOFAN,JahUZX411,Female,2024-02-16,16/02/2024 16:48,16/02/2024 16:40,jah59,16/02/2024 16:49
b3f02afe-c85a-4834-a856-076bd91e80c5,Youth,Producers,Jigawa,Rural,Yes,Production,Yes,Yes,WOFAN,Jigawa-WOFAN,RinZPFD51,Female,2024-02-16,16/02/2024 14:55,16/02/2024 14:47,rin28,16/02/2024 16:54
ff4c99fe-aeda-4dd0-bf38-a89514cb9e1d,Youth,Producers,Kano,Rural,Yes,Agro-Input_Dealer,Yes,Yes,WOFAN,Kano-WOFAN,BebVRBL34,Female,2024-02-16,16/02/2024 17:02,16/02/2024 16:50,kir02,16/02/2024 17:02
c48874de-0f4e-4c22-b5a2-cbcebfc59a42,Youth,Producers/Processors,Kano,Peri_urban,Yes,Mechanization_service_provider,No,Yes,WOFAN,Kano-WOFAN,Tud5LMM42,Female,2024-02-16,16/02/2024 17:06,16/02/2024 16:56,tun17,16/02/2024 17:07
5af1c6cf-e1f1-4ecf-bead-2ca2ccbf5a53,Youth,Marketers,Jigawa,Rural,No,---,No,No,WOFAN,Jigawa-WOFAN,Jah4Q7520,Female,2024-02-16,16/02/2024 17:12,16/02/2024 17:08,jah59,16/02/2024 17:12
6687ccd4-0898-48e0-b2eb-430f8e8626fa,Youth,Producers,Jigawa,Rural,Yes,Production,Yes,Yes,WOFAN,Jigawa-WOFAN,Jah2R4113,Female,2024-02-16,16/02/2024 16:56,16/02/2024 16:45,jah52,16/02/2024 17:14
4564f045-666e-4ecc-8daa-ae9170d9b5bf,Youth,Processors,Jigawa,Rural,Yes,Production,Yes,Yes,WOFAN,Jigawa-WOFAN,Rin434R02,Female,2024-02-16,16/02/2024 11:27,16/02/2024 11:18,rin27,16/02/2024 17:19
a5e36817-3120-42b7-b377-6dc38d4c12c3,Youth,Producers,Kano,Rural,Yes,Processing,Yes,Yes,WOFAN,Kano-WOFAN,GarZV6F46,Female,2024-02-16,16/02/2024 17:19,16/02/2024 12:43,bun12,16/02/2024 17:19
754fd45d-165a-4909-886c-d40497e7329d,Youth,Processors,Jigawa,Rural,Yes,Production,Yes,Yes,WOFAN,Jigawa-WOFAN,RinA5TC02,Female,2024-02-16,16/02/2024 15:48,16/02/2024 15:39,rin27,16/02/2024 17:20
19203f17-913e-46f7-85ee-80ca690bcbf1,Youth,Producers/Processors,Kano,Rural,No,---,No,No,WOFAN,Kano-WOFAN,Tud4PG819,Female,2024-02-16,16/02/2024 09:05,16/02/2024 08:47,tun18,16/02/2024 17:21
21aadf64-bea9-40bd-a209-42d4e388e55d,Youth,Processors,Jigawa,Rural,Yes,Processing,Yes,Yes,WOFAN,Jigawa-WOFAN,Rin6XSD05,Female,2024-02-16,16/02/2024 15:33,16/02/2024 15:24,rin11,16/02/2024 17:23
f7bafe6e-f655-42bc-885b-2c6283aa7d2c,Youth,Producers/Processors,Kano,Rural,Yes,Processing,Yes,Yes,WOFAN,Kano-WOFAN,Beb0FQ234,Female,2024-02-16,16/02/2024 09:10,16/02/2024 08:45,tun30,16/02/2024 17:29
20200989-5b23-4c76-aa63-adc006febde9,Youth,Producers,Jigawa,Rural,Yes,Agro-Input_Dealer,Yes,Yes,WOFAN,Jigawa-WOFAN,RinDQVT48,Female,2024-02-16,16/02/2024 14:46,16/02/2024 14:35,rin25,16/02/2024 17:33
87b86f2b-81e4-479c-8d50-9a22d7b29f48,Youth,Producers/Processors,Kano,Urban,Yes,Processing,Yes,Yes,WOFAN,Kano-WOFAN,KurAZ9C31,Female,2024-02-16,16/02/2024 15:33,16/02/2024 15:11,kur05,16/02/2024 17:42
9cda98d1-f99c-4b0e-b23a-47d6d3e798d7,Youth,Processors,Kano,Rural,No,---,Yes,No,WOFAN,Kano-WOFAN,GarUI5S19,Female,2024-02-16,16/02/2024 11:30,16/02/2024 11:15,gmm51,16/02/2024 17:55
22e4f252-1bec-4a68-b981-d71d324b29b6,Youth,Producers/Processors,Kano,Rural,No,---,No,No,WOFAN,Kano-WOFAN,GarZONO34,Female,2024-02-16,16/02/2024 15:56,16/02/2024 15:40,ran08,16/02/2024 17:59
8ff3fa88-0f7d-4317-9592-d93bd73ac543,Youth,Producers/Processors,Jigawa,Rural,Yes,Production,Yes,Yes,WOFAN,Jigawa-WOFAN,RinZBP742,Female,2024-02-16,16/02/2024 18:08,16/02/2024 17:50,rin12,16/02/2024 18:08
07a8c438-25db-4982-97fb-4af8df9cb3c1,Youth,Producers,Kano,Rural,Yes,Agro-Input_Dealer,Yes,Yes,WOFAN,Kano-WOFAN,KirK2SZ19,Female,2024-02-16,16/02/2024 18:17,16/02/2024 18:11,kir16,16/02/2024 18:17
b75f8e04-dca3-453a-8dee-132e1e4d14df,Youth,Producers/Processors,Kano,Rural,Yes,Production,Yes,No,WOFAN,Kano-WOFAN,Bun4DHF22,Female,2024-02-16,16/02/2024 15:56,16/02/2024 15:40,gmm49,16/02/2024 18:21
8a02ac61-c96f-4a1c-bb6e-6341c9a8a97e,Youth,Processors,Jigawa,Rural,No,---,No,No,WOFAN,Jigawa-WOFAN,JahJAX329,Female,2024-02-16,16/02/2024 16:43,16/02/2024 16:38,jah71,16/02/2024 18:24
bbbb8ff6-30e6-4bfc-bf8e-e237a992fece,Youth,Processors,Jigawa,Rural,No,---,No,No,WOFAN,Jigawa-WOFAN,JahWY7J34,Female,2024-02-16,16/02/2024 17:28,16/02/2024 17:27,jah71,16/02/2024 18:25
affff2b1-7626-4f7e-9236-50658e87987d,Youth,Producers/Processors,Jigawa,Rural,Yes,Production,Yes,No,WOFAN,Jigawa-WOFAN,JahPD7Q15,Female,2024-02-16,16/02/2024 10:15,16/02/2024 09:46,jah60,16/02/2024 18:26
e31a2db3-7e23-4560-b24e-66abb296d80d,Youth,Producers/Processors,Jigawa,Rural,Yes,Production,Yes,No,WOFAN,Jigawa-WOFAN,JahF31342,Female,2024-02-16,16/02/2024 13:12,16/02/2024 13:02,jah60,16/02/2024 18:27
2d03fd6a-0e8d-448b-b05a-44498f551679,Youth,Producers,Jigawa,Rural,Yes,Production,Yes,No,WOFAN,Jigawa-WOFAN,TauOGNG49,Female,2024-02-16,16/02/2024 11:37,16/02/2024 11:28,tau25,16/02/2024 18:27
224af558-4e5f-4ee4-b393-d565727c4978,Youth,Producers/Processors,Jigawa,Rural,Yes,Production,Yes,No,WOFAN,Jigawa-WOFAN,JahDRHG31,Female,2024-02-16,16/02/2024 14:37,16/02/2024 14:28,jah60,16/02/2024 18:28
6af3a175-fb36-460d-b2b8-44277442eeca,Youth,Producers/Processors,Jigawa,Rural,Yes,Processing,Yes,Yes,WOFAN,Jigawa-WOFAN,JahJVOL27,Female,2024-02-16,16/02/2024 16:35,16/02/2024 16:31,jah72,16/02/2024 18:29
42e71904-2c73-48a2-8299-17737a55184b,Youth,Producers/Processors,Jigawa,Rural,Yes,Production,Yes,No,WOFAN,Jigawa-WOFAN,Jah0GQ557,Female,2024-02-16,16/02/2024 15:58,16/02/2024 15:36,jah60,16/02/2024 18:29
27604eae-bb79-45b4-b6e4-da9f38ca16a4,Youth,Producers/Processors,Jigawa,Rural,Yes,Production,Yes,No,WOFAN,Jigawa-WOFAN,JahZSY415,Female,2024-02-16,16/02/2024 17:10,16/02/2024 16:57,jah60,16/02/2024 18:30
f76fe144-f7dc-4e6c-bce8-e010f4ae01fd,Youth,Producers/Processors,Jigawa,Rural,Yes,Production,Yes,Yes,WOFAN,Jigawa-WOFAN,Jah1B2Q58,Female,2024-02-16,16/02/2024 18:53,16/02/2024 18:13,jah50,16/02/2024 18:53
37467cf6-372c-4545-9e4d-a7479ef529b3,Youth,Marketers,Kaduna,Rural,Yes,Mechanization_service_provider,Yes,Yes,WOFAN,Kaduna-WOFAN,IkaE6W328,Female,2024-02-16,16/02/2024 09:28,16/02/2024 08:47,ika17,16/02/2024 19:05
086c7d96-b9f2-42a8-801c-f3cfc68eecfe,Youth,Processors,Jigawa,Rural,Yes,Agro-Input_Dealer,Yes,Yes,WOFAN,Jigawa-WOFAN,JahIVZF16,Female,2024-02-16,16/02/2024 08:00,16/02/2024 07:48,jah51,16/02/2024 19:11
b0d46e50-7a66-4875-a7ee-9df9c3beca65,Youth,Processors,Jigawa,Rural,Yes,Mechanization_service_provider,Yes,Yes,WOFAN,Jigawa-WOFAN,Jah77OY41,Female,2024-02-16,16/02/2024 13:31,16/02/2024 13:16,jah51,16/02/2024 19:13
1f4e0333-019d-4719-9c79-3888168346c7,Youth,Producers/Processors,Jigawa,Rural,Yes,Production,Yes,No,WOFAN,Jigawa-WOFAN,JahAHD252,Female,2024-02-16,16/02/2024 19:14,16/02/2024 19:06,jah73,16/02/2024 19:14
a8a6edcc-b111-4717-80d7-f9700ee5524f,Youth,Marketers,Kano,Rural,No,---,Yes,No,WOFAN,Kano-WOFAN,BebPUXQ26,Female,2024-02-16,16/02/2024 12:57,16/02/2024 12:34,tun05,16/02/2024 19:15
5513f9d5-4418-4eb8-aff4-f2d410558cc0,Youth,Producers,Kano,Rural,Yes,Production,Yes,Yes,WOFAN,Kano-WOFAN,Beb7M0I42,Female,2024-02-16,16/02/2024 09:55,16/02/2024 09:00,tun08,16/02/2024 19:18
7336f67f-91eb-455e-8324-47f0e9ee00d2,Youth,Marketers,Kano,Peri_urban,Yes,Production,Yes,No,WOFAN,Kano-WOFAN,Beb43S820,Female,2024-02-16,16/02/2024 19:25,16/02/2024 19:15,tun04,16/02/2024 19:25
6e377a9f-eca1-406a-be9b-e0c762a533cc,Youth,Processors,Gombe,Rural,No,---,Yes,Yes,WOFAN,Gombe-WOFAN,GomXMJQ23,Female,2024-02-16,16/02/2024 19:19,16/02/2024 18:50,gom21,16/02/2024 19:27
40cc904e-f48d-4170-8fdd-fada173f247a,Youth,Processors,Jigawa,Rural,No,---,No,No,WOFAN,Jigawa-WOFAN,JahPNAD33,Female,2024-02-16,16/02/2024 18:48,16/02/2024 18:46,jah71,16/02/2024 19:27
c59749e3-2109-4bf6-a190-3097ac64814e,Youth,Processors,Jigawa,Rural,Yes,Processing,Yes,No,WOFAN,Jigawa-WOFAN,Jah4H2S52,Female,2024-02-16,16/02/2024 19:44,16/02/2024 19:18,jah39,16/02/2024 19:44
77cd6c2c-efc6-4ba2-8fe1-40b7763f11a6,Youth,Producers,Jigawa,Rural,Yes,Production,Yes,No,WOFAN,Jigawa-WOFAN,RinOLUO19,Female,2024-02-16,16/02/2024 19:45,16/02/2024 18:48,rin19,16/02/2024 19:45
bb0bc7aa-2432-458b-ad66-a3fc6186ca62,Youth,Producers/Processors,Jigawa,Rural,Yes,Mechanization_service_provider,No,Yes,WOFAN,Jigawa-WOFAN,JahHBFV02,Female,2024-02-16,16/02/2024 14:17,16/02/2024 13:59,jah51,16/02/2024 19:53
a54da542-10e6-4bfc-9951-e122ba7c1891,Youth,Marketers,Kaduna,Rural,Yes,Other,No,No,WOFAN,Kaduna-WOFAN,IkaOQLR40,Female,2024-02-16,16/02/2024 16:25,16/02/2024 13:47,ika24,16/02/2024 19:53
33767ed6-765f-4ff4-80c9-302a80b780d5,Youth,Producers/Processors,Jigawa,Rural,Yes,Production,Yes,Yes,WOFAN,Jigawa-WOFAN,JahPIIT05,Female,2024-02-16,16/02/2024 17:31,16/02/2024 17:26,jah66,16/02/2024 19:58
837bc6de-085f-4d7b-814d-738f1238c922,Youth,Producers/Processors,Jigawa,Rural,Yes,Production,Yes,Yes,WOFAN,Jigawa-WOFAN,JahIBG734,Female,2024-02-16,16/02/2024 17:37,16/02/2024 17:33,jah66,16/02/2024 19:58
c79675b9-ba7f-4704-9afd-da0f8ef4fec5,Youth,Producers,Jigawa,Rural,Yes,Production,Yes,No,WOFAN,Jigawa-WOFAN,TauQX3U39,Female,2024-02-16,16/02/2024 15:19,16/02/2024 14:52,tau21,16/02/2024 19:59
4a34b71f-2c7f-414b-a877-8312bfef0cdc,Youth,Processors,Jigawa,Rural,Yes,Agro-Input_Dealer,Yes,Yes,WOFAN,Jigawa-WOFAN,JahE2UI14,Female,2024-02-16,16/02/2024 19:29,16/02/2024 19:22,jah51,16/02/2024 20:01
251536cc-b7f8-42d2-af27-1da4446b387c,Youth,Producers/Processors,Jigawa,Rural,Yes,Production,Yes,Yes,WOFAN,Jigawa-WOFAN,JahXEHN37,Female,2024-02-16,16/02/2024 11:41,16/02/2024 11:30,jah44,16/02/2024 20:07
6ceffd4e-e4e9-4df1-90ec-872acaa79253,Youth,Producers/Processors,Jigawa,Rural,Yes,Production,Yes,Yes,WOFAN,Jigawa-WOFAN,JahPLNA11,Female,2024-02-16,16/02/2024 15:34,16/02/2024 15:27,jah44,16/02/2024 20:09
e9d27829-4658-4cdb-9aa1-4050de55836c,Youth,Producers/Processors,Jigawa,Rural,Yes,Agro-Input_Dealer,Yes,Yes,WOFAN,Jigawa-WOFAN,JahHIRK05,Female,2024-02-16,16/02/2024 18:31,16/02/2024 18:23,jah44,16/02/2024 20:10
f129d4c1-76a8-4cbf-86d1-5bfa2c6b46a5,Youth,Marketers,Kano,Rural,Yes,Processing,Yes,Yes,WOFAN,Kano-WOFAN,TudHJWY49,Female,2024-02-16,16/02/2024 13:43,16/02/2024 13:34,tun01,16/02/2024 20:17
a0348f5c-ec82-4ca9-b139-aafeb5106f46,Youth,Producers/Processors,Bauchi,Rural,Yes,Production,Yes,No,WOFAN,Bauchi-WOFAN,BauKBK420,Female,2024-02-16,16/02/2024 17:14,16/02/2024 17:03,bau16,16/02/2024 20:44
3b5b6870-9cf8-48c1-ae41-24406e8470f9,Youth,Producers,Jigawa,Rural,Yes,Production,Yes,No,WOFAN,Jigawa-WOFAN,TauP0HS02,Female,2024-02-16,16/02/2024 15:28,16/02/2024 14:55,tau22,16/02/2024 20:53
2f0d34b1-d4f1-4f1b-9fd3-d2b2cc3227a4,Youth,Producers/Processors,Kano,Rural,Yes,Production,Yes,No,WOFAN,Kano-WOFAN,KurQ21832,Female,2024-02-16,16/02/2024 16:54,16/02/2024 16:40,kur13,16/02/2024 20:54
d0f53edd-ba6d-408c-96da-3aefb7a57cba,Youth,Producers,Jigawa,Rural,Yes,Production,Yes,Yes,WOFAN,Jigawa-WOFAN,Rin0SEC03,Female,2024-02-16,16/02/2024 13:21,16/02/2024 13:02,rin22,16/02/2024 20:55
5f0567fa-1bf6-485f-8fe0-16feb117c537,Youth,Producers/Processors,Kano,Rural,Yes,Production,Yes,Yes,WOFAN,Kano-WOFAN,Kur8YIT48,Female,2024-02-16,16/02/2024 10:49,16/02/2024 10:40,kur02,16/02/2024 20:57
2effa468-a513-4ab5-828a-15898b8b45c1,Youth,Processors,Jigawa,Rural,Yes,Production,Yes,Yes,WOFAN,Jigawa-WOFAN,RinR8ZS31,Female,2024-02-16,16/02/2024 18:05,16/02/2024 17:48,rin27,16/02/2024 21:03
64f8390d-b840-4d56-b5b9-4e400c7f9774,Youth,Processors,Jigawa,Rural,No,---,Yes,No,WOFAN,Jigawa-WOFAN,TauE3ES06,Female,2024-02-16,16/02/2024 21:03,16/02/2024 20:46,tau29,16/02/2024 21:03
4c48a94a-5be7-4ab9-abea-277b050a70cc,Youth,Producers/Processors,Kano,Rural,Yes,Production,Yes,No,WOFAN,Kano-WOFAN,BunP3RM32,Female,2024-02-16,16/02/2024 18:47,16/02/2024 18:35,gmm49,16/02/2024 21:03
73675f35-bb58-4d71-89f0-d3ce24eb50c1,Youth,Producers,Jigawa,Rural,Yes,Production,Yes,Yes,WOFAN,Jigawa-WOFAN,JahDT7K06,Female,2024-02-16,16/02/2024 16:54,16/02/2024 16:30,jah41,16/02/2024 21:18
d82fb03b-04c2-439f-929e-4b01eff43361,Youth,Producers,Jigawa,Rural,Yes,Production,Yes,Yes,WOFAN,Jigawa-WOFAN,Jah9L0906,Female,2024-02-16,16/02/2024 16:59,16/02/2024 16:54,jah41,16/02/2024 21:18
7b074639-d14a-4045-ab1f-e91e1a4c473c,Youth,Producers,Jigawa,Rural,Yes,Production,Yes,Yes,WOFAN,Jigawa-WOFAN,Jah1F8P20,Female,2024-02-16,16/02/2024 17:04,16/02/2024 16:59,jah41,16/02/2024 21:18
25a06898-c5ff-49ca-b7ef-aa0fd52e69f3,Youth,Producers/Processors,Jigawa,Rural,Yes,Production,Yes,Yes,WOFAN,Jigawa-WOFAN,JahBZ4J08,Female,2024-02-16,16/02/2024 16:15,16/02/2024 16:10,jah48,16/02/2024 21:24
5118bf85-8d24-4b3e-9b36-6bf7c555bcc7,Youth,Producers/Processors,Jigawa,Rural,Yes,Production,Yes,Yes,WOFAN,Jigawa-WOFAN,Jah49IT22,Female,2024-02-16,16/02/2024 20:25,16/02/2024 20:15,jah66,16/02/2024 21:33
c3eac6be-5b29-4acf-ae01-bbbdca010954,Youth,Producers,Jigawa,Rural,Yes,Production,Yes,Yes,WOFAN,Jigawa-WOFAN,Jah7YOP35,Female,2024-02-16,16/02/2024 20:18,16/02/2024 20:12,jah41,16/02/2024 21:33
23b65671-3c21-4343-b607-04d8b6c56b42,Youth,Producers,Jigawa,Rural,Yes,Production,Yes,Yes,WOFAN,Jigawa-WOFAN,JahFDHI04,Female,2024-02-16,16/02/2024 20:22,16/02/2024 20:18,jah41,16/02/2024 21:33
d2eff0e1-8b6e-4368-b41d-1566b52bdf4a,Youth,Producers/Processors,Jigawa,Rural,Yes,Production,Yes,Yes,WOFAN,Jigawa-WOFAN,JahS81C35,Female,2024-02-16,16/02/2024 17:30,16/02/2024 17:25,jah48,16/02/2024 21:34
2c457140-95c3-4f7c-b2e9-011884dff7de,Youth,Producers/Processors,Jigawa,Rural,Yes,Production,Yes,Yes,WOFAN,Jigawa-WOFAN,Jah7CAX19,Female,2024-02-16,16/02/2024 18:57,16/02/2024 18:52,jah48,16/02/2024 21:36
3aaff704-f4be-495e-9e6a-61938d150df7,Youth,Producers/Processors,Jigawa,Rural,Yes,Production,Yes,Yes,WOFAN,Jigawa-WOFAN,JahFC7J14,Female,2024-02-16,16/02/2024 20:14,16/02/2024 20:01,jah48,16/02/2024 21:37
f988c991-acf4-4802-a05b-83eef11cba9f,Youth,Producers,Kano,Rural,Yes,Agro-Input_Dealer,Yes,Yes,WOFAN,Kano-WOFAN,Kir8UJR08,Female,2024-02-16,16/02/2024 21:29,16/02/2024 21:24,kir16,16/02/2024 21:39
2374fbb8-4639-4391-9f91-77c4bdba2ca1,Youth,Producers/Processors,Jigawa,Rural,Yes,Production,Yes,No,WOFAN,Jigawa-WOFAN,JahBRQQ53,Female,2024-02-16,16/02/2024 19:09,16/02/2024 18:53,jah55,16/02/2024 21:55
0e3b039a-829f-4cd9-9cda-ae566c71b615,Youth,Producers/Processors,Jigawa,Rural,Yes,Production,Yes,Yes,WOFAN,Jigawa-WOFAN,JahFDZC58,Female,2024-02-16,16/02/2024 20:25,16/02/2024 20:16,jah55,16/02/2024 21:56
8bfe67ca-b94c-4ab8-be13-581ed8eba0c8,Youth,Processors,Jigawa,Rural,Yes,Production,Yes,Yes,WOFAN,Jigawa-WOFAN,JahDG3X42,Female,2024-02-16,16/02/2024 21:37,16/02/2024 21:31,jah55,16/02/2024 21:58
03be8f9b-63e1-4f9e-a051-d0f311d5ea73,Youth,Producers,Jigawa,Rural,Yes,Production,Yes,Yes,WOFAN,Jigawa-WOFAN,JahIKXG51,Female,2024-02-16,16/02/2024 21:41,16/02/2024 21:37,jah55,16/02/2024 21:58
42c2ca20-667b-4b60-824e-75bac33614ee,Youth,Marketers,Jigawa,Rural,No,---,No,No,WOFAN,Jigawa-WOFAN,JahV4TB45,Female,2024-02-16,16/02/2024 21:51,16/02/2024 21:48,jah59,16/02/2024 22:02
6ac0561a-3bd3-46f5-a762-0cce309ec2c2,Youth,Processors,Jigawa,Rural,Yes,Production,No,No,WOFAN,Jigawa-WOFAN,Jah3XKX23,Female,2024-02-16,16/02/2024 22:04,16/02/2024 22:00,jah40,16/02/2024 22:04
c6ee9905-7b97-44cf-9263-995cbc7a4ea9,Youth,Producers,Kano,Rural,Yes,Production,Yes,Yes,WOFAN,Kano-WOFAN,Gar0K9939,Female,2024-02-16,16/02/2024 15:55,16/02/2024 15:38,gmm60,16/02/2024 22:12
abff9c81-9845-45e6-960f-12596ffbfd58,Youth,Producers,Kano,Urban,No,---,No,Yes,WOFAN,Kano-WOFAN,GarPT4835,Female,2024-02-16,16/02/2024 17:51,16/02/2024 17:06,gmm59,16/02/2024 22:21
0fc76cf6-2c48-43a6-b3bb-6de92407451a,Youth,Processors,Jigawa,Rural,Yes,Processing,Yes,No,WOFAN,Jigawa-WOFAN,RinGF6847,Female,2024-02-16,16/02/2024 17:04,16/02/2024 16:59,rin15,16/02/2024 22:40
0374956e-1572-4a39-ba9d-95f43ecef540,Youth,Processors,Jigawa,Rural,Yes,Processing,Yes,No,WOFAN,Jigawa-WOFAN,RinBFW639,Female,2024-02-16,16/02/2024 17:20,16/02/2024 17:07,rin15,16/02/2024 22:40
93c63382-8650-4169-abed-1c64e90b3dc1,Youth,Processors,Jigawa,Rural,No,---,No,No,WOFAN,Jigawa-WOFAN,Tau3T2V20,Female,2024-02-16,16/02/2024 16:36,16/02/2024 16:29,tau29,16/02/2024 22:53
e8d57f95-4b3c-48c6-a7b5-994b40926dd3,Youth,Producers,Jigawa,Rural,Yes,Production,Yes,Yes,WOFAN,Jigawa-WOFAN,JahNZG317,Female,2024-02-16,16/02/2024 12:49,16/02/2024 12:43,jah46,16/02/2024 22:56
8714ffac-208f-4943-b696-89dd8c623105,Youth,Producers/Processors,Gombe,Peri_urban,Yes,Processing,Yes,No,WOFAN,Gombe-WOFAN,BilJJ6W11,Female,2024-02-16,16/02/2024 23:03,16/02/2024 21:37,bill03,16/02/2024 23:04
14c7f7b2-abd9-47a7-a861-abc6b39cd86d,Youth,Producers/Processors,Jigawa,Rural,No,---,Yes,No,WOFAN,Jigawa-WOFAN,Jah2EYJ56,Female,2024-02-16,16/02/2024 23:05,16/02/2024 22:30,jah43,16/02/2024 23:05
0107d6ae-8d01-44f2-9dbf-2d4fd7983ce1,Youth,Producers,Kano,Rural,Yes,Production,Yes,Yes,WOFAN,Kano-WOFAN,BebMC2W25,Female,2024-02-16,16/02/2024 16:27,16/02/2024 16:04,tun08,16/02/2024 23:17
bd06bc37-8c9a-432c-b512-5d756f874468,Youth,Producers/Processors,Gombe,Peri_urban,No,---,Yes,No,WOFAN,Gombe-WOFAN,Bil5DA217,Female,2024-02-17,16/02/2024 23:20,16/02/2024 23:10,bill03,16/02/2024 23:20
18ac17f1-7049-4352-99d3-1b8e949eac7a,Youth,Producers/Processors,Jigawa,Rural,Yes,Production,Yes,Yes,WOFAN,Jigawa-WOFAN,RinVL6314,Female,2024-02-16,16/02/2024 21:14,16/02/2024 21:05,rin23,16/02/2024 23:30
4445426d-d976-4f27-9d74-ec3e003b0390,Youth,Producers,Jigawa,Rural,Yes,Agro-Input_Dealer,Yes,Yes,WOFAN,Jigawa-WOFAN,Rin7XKN53,Female,2024-02-16,16/02/2024 19:50,16/02/2024 19:25,rin25,17/02/2024 05:11
2d534ca3-4caa-45df-aee3-bfe2d15a87c3,Youth,Producers,Jigawa,Rural,Yes,Production,Yes,Yes,WOFAN,Jigawa-WOFAN,RinYSFG43,Female,2024-02-16,16/02/2024 19:52,16/02/2024 19:14,rin25,17/02/2024 05:30
0296b254-bf4d-4315-ae27-af0c5bea64db,Youth,Producers/Processors,Kano,Rural,Yes,Production,Yes,Yes,WOFAN,Kano-WOFAN,BebXLGJ58,Female,2024-02-17,17/02/2024 06:08,17/02/2024 05:55,kir15,17/02/2024 06:08
c327d395-2602-4f48-8688-1e5a8a4faca9,Youth,Producers/Processors,Kano,Peri_urban,Yes,Mechanization_service_provider,No,No,WOFAN,Kano-WOFAN,TudBO9L30,Female,2024-02-17,17/02/2024 06:16,17/02/2024 06:05,tun17,17/02/2024 06:21
cbcf691f-5f99-413c-9451-ab7450472541,Youth,Producers,Bauchi,Urban,Yes,Production,Yes,Yes,WOFAN,Bauchi-WOFAN,BauTRH844,Female,2024-02-16,16/02/2024 09:37,16/02/2024 09:05,bau17,17/02/2024 06:42
36c48f39-5954-4203-bbb7-1441577a83d5,Youth,Producers,Kano,Rural,Yes,Production,Yes,Yes,WOFAN,Kano-WOFAN,GarF1WF29,Female,2024-02-15,15/02/2024 18:28,15/02/2024 18:17,gmm54,17/02/2024 06:53
2f2b4217-3bed-4fc5-8972-68838bfb9a72,Youth,Producers,Kano,Rural,Yes,Agro-Input_Dealer,Yes,Yes,WOFAN,Kano-WOFAN,Beb5PHM21,Female,2024-02-17,17/02/2024 07:22,17/02/2024 07:08,kir02,17/02/2024 07:22
1c9ae128-9863-4c9e-8331-d69aac2a3004,Youth,Producers,Kano,Rural,Yes,Agro-Input_Dealer,Yes,Yes,WOFAN,Kano-WOFAN,KirXP3T29,Female,2024-02-16,16/02/2024 20:58,16/02/2024 20:41,kir04,17/02/2024 07:28
b4f5b9ea-9788-4310-a34c-8d510b172fc6,Youth,Marketers,Bauchi,Rural,No,---,Yes,Yes,WOFAN,Bauchi-WOFAN,TafNNYF42,Female,2024-02-16,16/02/2024 09:50,16/02/2024 09:17,taf02,17/02/2024 07:41
ee41ab3d-ca6b-44fe-91a9-c9c7e077ed84,Youth,Marketers,Bauchi,Rural,No,---,Yes,No,WOFAN,Bauchi-WOFAN,TafE7KM32,Female,2024-02-16,16/02/2024 18:04,16/02/2024 17:31,taf02,17/02/2024 07:49
c4a0319c-0ea2-4700-b3de-2533643d09f1,Youth,Producers,Jigawa,Rural,Yes,Production,Yes,No,WOFAN,Jigawa-WOFAN,TauZWAD43,Female,2024-02-17,17/02/2024 07:16,17/02/2024 07:10,tau25,17/02/2024 07:52
48e9f32e-6f26-42a0-801a-56fbc1c65390,Youth,Producers,Kano,Rural,Yes,Production,Yes,No,WOFAN,Kano-WOFAN,BebOGTE45,Female,2024-02-17,17/02/2024 08:08,17/02/2024 07:43,kir22,17/02/2024 08:08
d300a08b-32dd-4008-90fa-1345ef45438d,Youth,Processors,Kano,Peri_urban,No,---,No,No,WOFAN,Kano-WOFAN,GarTGVG41,Female,2024-02-17,17/02/2024 08:08,17/02/2024 08:03,gmm69,17/02/2024 08:08
36846781-e965-4e0e-8177-223dc0a02e45,Youth,Producers,Jigawa,Rural,No,---,Yes,No,WOFAN,Jigawa-WOFAN,RinKZ8Q50,Female,2024-02-17,17/02/2024 08:39,17/02/2024 08:22,rin13,17/02/2024 08:39
2abf74ac-331a-466e-839b-b37a39367349,Youth,Producers,Jigawa,Rural,Yes,Agro-Input_Dealer,Yes,Yes,WOFAN,Jigawa-WOFAN,Jah9HAP03,Female,2024-02-17,17/02/2024 08:51,17/02/2024 08:34,jah65,17/02/2024 08:51
2d8daa48-dc27-4072-b348-72659591b2b9,Youth,Processors,Kano,Rural,Yes,Processing,Yes,Yes,WOFAN,Kano-WOFAN,Gar6QR222,Female,2024-02-17,17/02/2024 08:50,17/02/2024 08:40,bun02,17/02/2024 08:51
d6656250-b261-4ec4-b91f-e39949831d26,Youth,Producers,Kano,Rural,No,---,No,No,WOFAN,Kano-WOFAN,GarX72Y23,Female,2024-02-17,17/02/2024 09:08,17/02/2024 08:57,bun20,17/02/2024 09:09
7a8d36a8-ef57-4746-9494-6b17da7422c4,Youth,Marketers,Jigawa,Rural,No,---,No,No,WOFAN,Jigawa-WOFAN,MigIMWZ42,Female,2024-02-17,17/02/2024 09:23,17/02/2024 09:14,jah70,17/02/2024 09:23
79bad06c-c1bf-4266-b9e9-9a18921bad16,Youth,Producers/Processors,Gombe,Rural,Yes,Processing,Yes,No,WOFAN,Gombe-WOFAN,Sho1XTD15,Female,2024-02-16,16/02/2024 16:58,16/02/2024 16:46,sha02,17/02/2024 09:28
59edad9a-a49a-4b46-a6a9-4e5ed9bafc64,Youth,Producers/Processors,Kano,Rural,Yes,Production,Yes,Yes,WOFAN,Kano-WOFAN,GarATEE24,Female,2024-02-17,17/02/2024 09:34,17/02/2024 09:17,gmm68,17/02/2024 09:34
f5c3f411-2bfb-4a18-af58-ac65820f4540,Youth,Producers,Kano,Rural,Yes,Processing,Yes,No,WOFAN,Kano-WOFAN,GarYTE552,Female,2024-02-17,17/02/2024 09:38,17/02/2024 09:18,bun12,17/02/2024 09:38
4b7232fa-346a-4df6-a88c-af2b2046903f,Youth,Producers,Kano,Peri_urban,Yes,Production,Yes,Yes,WOFAN,Kano-WOFAN,Kir66P401,Female,2024-02-17,17/02/2024 09:43,17/02/2024 09:25,kir21,17/02/2024 09:43
382f0852-d834-4428-9de6-cbab1d7d9472,Youth,Processors,Kano,Rural,No,---,No,No,WOFAN,Kano-WOFAN,BebLNQ614,Female,2024-02-17,17/02/2024 09:46,17/02/2024 09:40,tun15,17/02/2024 09:46
319df2db-6013-40ca-9b05-123d253eb20e,Youth,Producers,Kano,Rural,No,---,No,No,WOFAN,Kano-WOFAN,GarOKHR02,Female,2024-02-17,17/02/2024 09:20,15/02/2024 06:39,bun11,17/02/2024 09:56
1357617c-bb1d-4a35-b1be-de1094e259d2,Youth,Producers,Jigawa,Rural,No,---,No,No,WOFAN,Jigawa-WOFAN,Jah1TFT19,Female,2024-02-17,17/02/2024 07:43,17/02/2024 06:43,jah45,17/02/2024 10:03
cc78e9fb-02cd-4bc1-8310-4db528f8b1ec,Youth,Producers/Processors,Kano,Rural,No,---,Yes,Yes,WOFAN,Kano-WOFAN,Gar4B4L21,Female,2024-02-17,17/02/2024 10:14,17/02/2024 09:44,bun12,17/02/2024 10:14
e207fc1e-21cf-4e91-a08a-f20f527acfc0,Youth,Producers,Kano,Rural,Yes,Production,No,No,WOFAN,Kano-WOFAN,KirQ2K606,Female,2024-02-17,17/02/2024 10:20,17/02/2024 10:12,kir10,17/02/2024 10:25
660a4806-3248-4b7a-935c-32d0c4e3f360,Youth,Processors,Kano,Rural,No,---,No,Yes,WOFAN,Kano-WOFAN,BebE0A650,Female,2024-02-17,17/02/2024 10:39,17/02/2024 09:50,tun23,17/02/2024 10:40
535ad07c-4121-48da-8c0f-34446277cea4,Youth,Producers,Gombe,Rural,No,---,Yes,No,WOFAN,Gombe-WOFAN,KalYM7235,Female,2024-02-17,17/02/2024 10:31,17/02/2024 10:22,kal15,17/02/2024 10:42
31b41bbe-62e5-4acf-837e-75986923b18c,Youth,Marketers,Kano,Rural,No,---,No,No,WOFAN,Kano-WOFAN,BebZGQ037,Female,2024-02-17,17/02/2024 10:42,17/02/2024 10:24,tun25,17/02/2024 10:42
668e7d22-6425-46ea-8310-48931ebd67fb,Youth,Producers/Processors,Bauchi,Urban,Yes,Production,Yes,Yes,WOFAN,Bauchi-WOFAN,BauXR7U03,Female,2024-02-17,17/02/2024 10:25,17/02/2024 09:38,bau14,17/02/2024 10:42
273c9469-b12d-4c1c-a846-feb8e5865085,Youth,Producers,Kano,Rural,No,---,Yes,Yes,WOFAN,Kano-WOFAN,GarYWVD15,Female,2024-02-17,17/02/2024 09:27,17/02/2024 09:18,bun17,17/02/2024 10:43
932a0544-f12e-4950-b7bc-7305bd2d9bff,Youth,Producers,Kano,Rural,No,---,Yes,Yes,WOFAN,Kano-WOFAN,GarW8CK29,Female,2024-02-17,17/02/2024 09:36,17/02/2024 09:27,bun17,17/02/2024 10:43
37cf47c4-9343-4506-9101-51468f32fcd3,Youth,Producers/Processors,Kano,Rural,Yes,Production,Yes,No,WOFAN,Kano-WOFAN,KurUF1129,Female,2024-02-17,17/02/2024 10:35,17/02/2024 10:03,gmm55,17/02/2024 10:48
6b78380c-de59-487f-8c4e-30ca5b6dc197,Youth,Producers,Kano,Rural,Yes,Production,Yes,Yes,WOFAN,Kano-WOFAN,Beb6ZEM22,Female,2024-02-17,17/02/2024 10:51,17/02/2024 10:26,kir11,17/02/2024 10:52
f2c4e225-4085-4af7-b543-2fb4040682b3,Youth,Producers/Processors,Kano,Rural,Yes,Processing,Yes,Yes,WOFAN,Kano-WOFAN,Gar8O4M43,Female,2024-02-17,17/02/2024 10:53,17/02/2024 10:19,bun12,17/02/2024 10:54
9c47e8c0-8edf-43f4-98cc-f1aacac09558,Youth,Producers,Kano,Rural,Yes,Production,Yes,Yes,WOFAN,Kano-WOFAN,GarTKG346,Female,2024-02-17,17/02/2024 10:25,17/02/2024 10:04,bun03,17/02/2024 10:54
71e7a4fe-ce4a-4e30-be8e-78d7631d6ef2,Youth,Processors,Gombe,Rural,No,---,Yes,No,WOFAN,Gombe-WOFAN,ShoAPH538,Female,2024-02-17,17/02/2024 10:54,17/02/2024 10:39,sha03,17/02/2024 10:54
26896bbf-3775-42cb-917c-3ce43d20a70e,Youth,Producers,Kano,Rural,Yes,Production,Yes,Yes,WOFAN,Kano-WOFAN,GarVBTK00,Female,2024-02-17,17/02/2024 10:35,17/02/2024 10:25,bun03,17/02/2024 10:54
b3faca88-9609-427a-b915-b9b090840975,Youth,Producers,Kano,Rural,Yes,Production,Yes,Yes,WOFAN,Kano-WOFAN,GarVFJH37,Female,2024-02-17,17/02/2024 10:44,17/02/2024 10:35,bun03,17/02/2024 10:54
8dc61ef4-1f06-47cb-bad7-a5f4306ed2fe,Youth,Producers,Kano,Rural,Yes,Production,No,Yes,WOFAN,Kano-WOFAN,GarFMLB21,Female,2024-02-17,17/02/2024 10:53,17/02/2024 10:44,bun03,17/02/2024 10:55
40cae33c-cb49-45d4-8d07-5fca44fbe2af,Youth,Marketers,Jigawa,Rural,No,---,Yes,Yes,WOFAN,Jigawa-WOFAN,Jah47DF56,Female,2024-02-17,17/02/2024 11:04,17/02/2024 10:54,jah80,17/02/2024 11:04
9cd38071-75f0-4ebc-bc7e-5e7657d233da,Youth,Marketers,Jigawa,Rural,Yes,Agro-Trader,Yes,Yes,WOFAN,Jigawa-WOFAN,JahGFJP32,Female,2024-02-17,17/02/2024 10:54,17/02/2024 10:27,jah81,17/02/2024 11:07
50431ec2-e5fc-4f38-8513-37a74f85eb79,Youth,Producers,Kano,Rural,No,---,Yes,No,WOFAN,Kano-WOFAN,GarITD031,Female,2024-02-17,17/02/2024 08:51,17/02/2024 08:27,bun09,17/02/2024 11:24
8a03e7a6-a8cb-4d5b-ada4-5b5edbba915c,Youth,Producers,Kano,Rural,Yes,Processing,Yes,Yes,WOFAN,Kano-WOFAN,Beb2SED15,Female,2024-02-17,17/02/2024 11:35,17/02/2024 11:20,kir15,17/02/2024 11:35
87f5a39c-cc8f-45fe-97a1-c2cf5a7ab6fb,Youth,Producers,Kano,Rural,Yes,Production,Yes,Yes,WOFAN,Kano-WOFAN,GarVQM818,Female,2024-02-17,17/02/2024 11:53,17/02/2024 10:57,bun07,17/02/2024 11:53
7caf82d0-5649-416e-a621-c0f16e0f541e,Youth,Processors,Jigawa,Rural,No,---,Yes,No,WOFAN,Jigawa-WOFAN,JahTIUP58,Female,2024-02-16,16/02/2024 15:54,16/02/2024 15:34,jah61,17/02/2024 12:02
82b36f40-2322-498c-9df1-702c5cde66e5,Youth,Marketers,Gombe,Rural,No,---,Yes,No,WOFAN,Gombe-WOFAN,KalV6J019,Female,2024-02-17,17/02/2024 10:37,17/02/2024 10:19,kal13,17/02/2024 12:04
cfe784d7-aec5-4186-9913-67812740e1bc,Youth,Marketers,Kaduna,Rural,Yes,Agro-Input_Dealer,Yes,Yes,WOFAN,Kaduna-WOFAN,IkaKRB143,Female,2024-02-17,17/02/2024 12:12,17/02/2024 11:47,ika17,17/02/2024 12:12
61edb950-2ae2-4001-8d1d-7edd59004812,Youth,Producers/Processors,Bauchi,Urban,Yes,Production,Yes,No,WOFAN,Bauchi-WOFAN,BauZ8GS31,Female,2024-02-17,17/02/2024 12:12,17/02/2024 11:10,bau15,17/02/2024 12:13
7fd15a83-99cb-4b88-b7e0-32b645cd956e,Youth,Producers,Jigawa,Rural,Yes,Production,Yes,Yes,WOFAN,Jigawa-WOFAN,JahMPW901,Female,2024-02-17,17/02/2024 12:15,17/02/2024 11:26,jah83,17/02/2024 12:16
5007af29-d2e4-4416-ae25-6cb20341ca65,Youth,Producers,Jigawa,Rural,No,---,Yes,No,WOFAN,Jigawa-WOFAN,Tau81CW55,Female,2024-02-17,17/02/2024 12:28,17/02/2024 12:06,tau28,17/02/2024 12:28
b260ae03-a4a3-471c-a5d4-0f614716d45e,Youth,Processors,Kano,Rural,Yes,Processing,Yes,Yes,WOFAN,Kano-WOFAN,KurHRP941,Female,2024-02-17,17/02/2024 07:31,17/02/2024 07:18,kur03,17/02/2024 12:29
64b17a0f-6b8b-4bc7-aa33-537457a4b68d,Youth,Processors,Jigawa,Rural,Yes,Processing,Yes,Yes,WOFAN,Jigawa-WOFAN,RinHARJ05,Female,2024-02-17,17/02/2024 12:37,17/02/2024 12:18,rin18,17/02/2024 12:37
13f6bc1f-ab0d-4521-be31-4578f6f91ff6,Youth,Processors,Jigawa,Rural,No,---,Yes,Yes,WOFAN,Jigawa-WOFAN,Jah4PUM27,Female,2024-02-17,17/02/2024 12:38,17/02/2024 12:28,jah61,17/02/2024 12:38
32cda204-d64f-43fb-a8b2-023edc03cda0,Youth,Producers/Processors,Kano,Peri_urban,Yes,Agro-Input_Dealer,Yes,Yes,WOFAN,Kano-WOFAN,Kir6CQ746,Female,2024-02-17,17/02/2024 12:39,17/02/2024 12:27,kir21,17/02/2024 12:39
228a6271-fed2-43df-88f9-1b4c30bd704e,Youth,Producers,Kano,Rural,No,---,No,Yes,WOFAN,Kano-WOFAN,GarZHT735,Female,2024-02-17,17/02/2024 10:51,17/02/2024 10:45,bun17,17/02/2024 12:42
414a8214-07e4-4e12-9ccf-8e893e2ee76c,Youth,Processors,Kano,Rural,No,---,No,No,WOFAN,Kano-WOFAN,Beb5TNJ55,Female,2024-02-17,17/02/2024 12:48,17/02/2024 12:41,tun15,17/02/2024 12:48
54e855bb-e836-49aa-bad5-08d1f4e4d667,Youth,Processors,Jigawa,Rural,No,---,No,No,WOFAN,Jigawa-WOFAN,Jah5CVK05,Female,2024-02-17,17/02/2024 12:57,17/02/2024 11:01,jah71,17/02/2024 12:57
a9b37368-384a-4b55-a839-fb2f91fe57a6,Youth,Producers,Kano,Rural,Yes,Production,Yes,No,WOFAN,Kano-WOFAN,Kur6V6W21,Female,2024-02-17,17/02/2024 12:06,17/02/2024 11:56,kur04,17/02/2024 13:02
4dce3a8e-922e-482f-bd11-8749a5740433,Youth,Processors,Bauchi,Urban,Yes,Processing,Yes,No,WOFAN,Bauchi-WOFAN,BauFUPL26,Female,2024-02-17,17/02/2024 13:04,17/02/2024 12:43,bau12,17/02/2024 13:04
876b4814-2919-48e9-b3f0-05e3ea8215e1,Youth,Processors,Jigawa,Rural,Yes,Production,Yes,No,WOFAN,Jigawa-WOFAN,Jah8JII47,Female,2024-02-17,17/02/2024 13:09,17/02/2024 13:00,jah39,17/02/2024 13:09
89a5e1ee-37c5-46df-82e6-be77db336c2e,Youth,Processors,Jigawa,Rural,Yes,Production,Yes,Yes,WOFAN,Jigawa-WOFAN,JahSI9W20,Female,2024-02-17,17/02/2024 08:15,17/02/2024 08:10,jah48,17/02/2024 13:11
dd032125-e8c6-4aed-ae4a-d8b244ea832a,Youth,Producers,Kano,Urban,No,---,No,No,WOFAN,Kano-WOFAN,GarOPC711,Female,2024-02-17,17/02/2024 11:21,17/02/2024 10:38,ran01,17/02/2024 13:12
3cfe3ff2-dada-40cb-88f0-8407955b745e,Youth,Processors,Jigawa,Rural,Yes,Production,Yes,Yes,WOFAN,Jigawa-WOFAN,JahOFKU28,Female,2024-02-17,17/02/2024 09:12,17/02/2024 09:07,jah48,17/02/2024 13:13
ddf19ccf-f3e7-448b-9471-5a4b9f2d46e8,Youth,Processors,Jigawa,Rural,Yes,Production,Yes,Yes,WOFAN,Jigawa-WOFAN,JahH1QZ58,Female,2024-02-17,17/02/2024 10:24,17/02/2024 10:18,jah48,17/02/2024 13:14
dab04d0e-84fa-4994-87f0-e2a4239c5a20,Youth,Agro_Artisans,Bauchi,Urban,No,---,Yes,No,WOFAN,Bauchi-WOFAN,WarDR4I34,Female,2024-02-17,17/02/2024 13:10,17/02/2024 13:00,war03,17/02/2024 13:14
5ea5d924-ff3b-4d4d-af67-828a3c46afbe,Youth,Producers/Processors,Jigawa,Rural,Yes,Production,Yes,No,WOFAN,Jigawa-WOFAN,Tau0YSY09,Female,2024-02-17,17/02/2024 13:16,17/02/2024 13:00,tau24,17/02/2024 13:16
1286df2a-a181-4fa1-be3d-c4b16c9492e5,Youth,Processors,Jigawa,Rural,No,---,Yes,No,WOFAN,Jigawa-WOFAN,TauH2A933,Female,2024-02-17,17/02/2024 13:13,17/02/2024 13:03,tau23,17/02/2024 13:16
01c58cfc-e76f-45d4-b90e-2b84c5141585,Youth,Producers,Kano,Rural,No,---,Yes,No,WOFAN,Kano-WOFAN,GarDMJ952,Female,2024-02-17,17/02/2024 13:11,17/02/2024 12:04,bun06,17/02/2024 13:21
cbd0423b-7721-41db-bcd8-e6e4b9d0858b,Youth,Processors,Kano,Rural,Yes,Production,Yes,Yes,WOFAN,Kano-WOFAN,BebY8ZZ05,Female,2024-02-17,17/02/2024 11:06,17/02/2024 10:50,tun12,17/02/2024 13:27
861651e6-8c38-4744-bf37-357f904bbb1a,Youth,Processors,Kano,Rural,Yes,Processing,No,Yes,WOFAN,Kano-WOFAN,BebURLI07,Female,2024-02-17,17/02/2024 13:28,17/02/2024 13:16,tun23,17/02/2024 13:35
b0b8cdb4-2bdb-4aa7-9acc-88236e954f26,Youth,Producers,Jigawa,Rural,Yes,Production,Yes,No,WOFAN,Jigawa-WOFAN,JahOA4444,Female,2024-02-17,17/02/2024 13:47,17/02/2024 13:26,jah39,17/02/2024 13:47
35ba3be6-0041-45f1-8142-1c8356c8e579,Youth,Marketers,Jigawa,Rural,Yes,Agro-Trader,Yes,Yes,WOFAN,Jigawa-WOFAN,JahB9HA36,Female,2024-02-17,17/02/2024 12:05,17/02/2024 11:56,jah79,17/02/2024 13:51
7c9133cb-5bb1-46b6-b284-74f1a293ecf0,Youth,Processors,Kano,Rural,Yes,Processing,Yes,Yes,WOFAN,Kano-WOFAN,GarQPG416,Female,2024-02-17,17/02/2024 13:53,17/02/2024 13:44,bun02,17/02/2024 13:53
4552e404-421e-4ba3-9847-43d42ef49710,Youth,Processors,Jigawa,Rural,Yes,Agro-Input_Dealer,Yes,Yes,WOFAN,Jigawa-WOFAN,JahWPZF55,Female,2024-02-17,17/02/2024 08:48,17/02/2024 08:44,jah41,17/02/2024 13:54
56618cc7-9f15-4fd2-a567-5a704205f4f7,Youth,Processors,Jigawa,Rural,Yes,Processing,Yes,Yes,WOFAN,Jigawa-WOFAN,JahM19P19,Female,2024-02-17,17/02/2024 08:51,17/02/2024 08:48,jah41,17/02/2024 13:54
e560325a-534c-4a28-9fc7-9d418d54c7d8,Youth,Processors,Jigawa,Rural,Yes,Processing,Yes,Yes,WOFAN,Jigawa-WOFAN,Jah0Y0Y55,Female,2024-02-17,17/02/2024 08:55,17/02/2024 08:51,jah41,17/02/2024 13:54
060de7a2-2d61-4870-bc02-711fa6584582,Youth,Processors,Jigawa,Rural,Yes,Processing,Yes,Yes,WOFAN,Jigawa-WOFAN,Jah2V4637,Female,2024-02-17,17/02/2024 09:00,17/02/2024 08:55,jah41,17/02/2024 13:55
a331d97a-5cfb-4373-a61d-afd3bce9b14f,Youth,Producers/Processors,Kaduna,Rural,Yes,Production,Yes,No,WOFAN,Kaduna-WOFAN,Ika4O1Z38,Female,2024-02-17,17/02/2024 09:57,17/02/2024 09:51,ika32,17/02/2024 14:07
59803d3b-185e-4ae0-a993-8eba74f19d21,Youth,Processors,Kaduna,Rural,Yes,Processing,Yes,No,WOFAN,Kaduna-WOFAN,IkaZBMH41,Female,2024-02-17,17/02/2024 11:37,17/02/2024 11:32,ika32,17/02/2024 14:08
07f73f26-90eb-44a1-a4dd-8ca1486a4a55,Youth,Processors,Kaduna,Rural,Yes,Production,Yes,No,WOFAN,Kaduna-WOFAN,IkaGLXF29,Female,2024-02-17,17/02/2024 12:58,17/02/2024 12:52,ika32,17/02/2024 14:09
9b8df02f-65b9-4582-9d96-d55385338084,Youth,Producers,Kano,Rural,Yes,Agro-Input_Dealer,Yes,Yes,WOFAN,Kano-WOFAN,BebUHXS44,Female,2024-02-17,17/02/2024 14:12,17/02/2024 13:51,kir13,17/02/2024 14:12
7caa42cd-1be1-47b0-9855-6e51c412230b,Youth,Producers,Kano,Rural,Yes,Production,Yes,No,WOFAN,Kano-WOFAN,Beb82CM43,Female,2024-02-17,17/02/2024 09:38,17/02/2024 08:49,kir08,17/02/2024 14:17
b06ba074-b749-4163-a952-9a2fc2b82ef4,Youth,Producers,Kano,Rural,Yes,Production,Yes,No,WOFAN,Kano-WOFAN,Beb5U4944,Female,2024-02-17,17/02/2024 11:31,17/02/2024 11:25,kir08,17/02/2024 14:19
8856d1ab-eb0e-4853-9995-f12ee46a8879,Youth,Processors,Jigawa,Rural,No,---,No,No,WOFAN,Jigawa-WOFAN,Jah5MOS34,Female,2024-02-17,17/02/2024 11:31,17/02/2024 11:28,jah59,17/02/2024 14:27
18a8159e-513b-40cf-b4c4-1a36c6c1bffb,Youth,Producers,Kano,Rural,Yes,Mechanization_service_provider,Yes,Yes,WOFAN,Kano-WOFAN,BebA08S32,Female,2024-02-17,17/02/2024 14:40,17/02/2024 14:25,kir09,17/02/2024 14:40
b3da68c9-792d-4397-9679-09be41d01aab,Youth,Processors,Kano,Rural,Yes,Processing,Yes,Yes,WOFAN,Kano-WOFAN,BebRCQ656,Female,2024-02-17,17/02/2024 14:46,17/02/2024 14:36,tun12,17/02/2024 14:46
db1ceea9-8b19-49c7-9328-d980607e10f8,Youth,Producers,Kano,Rural,Yes,Production,Yes,No,WOFAN,Kano-WOFAN,Beb411F53,Female,2024-02-17,17/02/2024 14:49,17/02/2024 14:37,kir20,17/02/2024 14:49
1ca57e49-042b-4f5f-a89d-1c4c24e72e48,Youth,Producers,Bauchi,Rural,Yes,Production,Yes,No,WOFAN,Bauchi-WOFAN,Taf35VV05,Female,2024-02-17,17/02/2024 14:14,17/02/2024 13:53,taf03,17/02/2024 14:54
0fecf165-b5de-4d1e-a3df-672af6523eed,Youth,Producers/Processors,Kano,Rural,Yes,Processing,Yes,No,WOFAN,Kano-WOFAN,TudKVF001,Female,2024-02-17,17/02/2024 11:18,17/02/2024 10:32,tun33,17/02/2024 14:54
7e421545-4fc7-4540-ac1b-06a0290e74d3,Youth,Producers/Processors,Kano,Rural,Yes,Production,Yes,No,WOFAN,Kano-WOFAN,TudJ1TW05,Female,2024-02-17,17/02/2024 14:01,17/02/2024 13:53,tun33,17/02/2024 14:55
e706901f-dd43-486b-ab43-92c2cf9d3095,Youth,Marketers,Jigawa,Rural,Yes,Agro-Trader,Yes,Yes,WOFAN,Jigawa-WOFAN,JahWD5911,Female,2024-02-17,17/02/2024 14:59,17/02/2024 14:37,jah81,17/02/2024 14:59
6222200e-0107-4e0f-8e9f-5accb21a792b,Youth,Processors,Bauchi,Urban,Yes,Processing,Yes,No,WOFAN,Bauchi-WOFAN,BauI65N50,Female,2024-02-17,17/02/2024 15:08,17/02/2024 14:58,bau12,17/02/2024 15:08
5342d5d7-24f9-4ac4-bf03-9cfbe4e9190d,Youth,Marketers,Jigawa,Rural,No,---,No,No,WOFAN,Jigawa-WOFAN,Jah1POT44,Female,2024-02-17,17/02/2024 13:22,17/02/2024 13:18,jah59,17/02/2024 15:08
813300b0-3350-4a9d-b547-5aa10fc3303c,Youth,Marketers,Jigawa,Rural,No,---,Yes,Yes,WOFAN,Jigawa-WOFAN,JahB7BL10,Female,2024-02-17,17/02/2024 15:11,17/02/2024 14:58,jah80,17/02/2024 15:13
4452bb18-f2df-419d-b034-9303a99c592e,Youth,Producers/Processors,Jigawa,Rural,Yes,Production,Yes,Yes,WOFAN,Jigawa-WOFAN,Jah8R3O52,Female,2024-02-17,17/02/2024 15:19,17/02/2024 15:12,jah49,17/02/2024 15:19
1eaba4a5-f4fd-473a-a982-82fe70cf1cdc,Youth,Processors,Jigawa,Rural,Yes,Processing,Yes,Yes,WOFAN,Jigawa-WOFAN,JahH2LL28,Female,2024-02-17,17/02/2024 09:39,17/02/2024 09:25,jah55,17/02/2024 15:23
4a0aa321-39df-4a83-9bee-95803fcd253a,Youth,Processors,Jigawa,Rural,Yes,Processing,Yes,Yes,WOFAN,Jigawa-WOFAN,JahZKSL52,Female,2024-02-17,17/02/2024 09:45,17/02/2024 09:39,jah55,17/02/2024 15:23
2c4df95d-e71f-46bd-a287-d4ed91f13d19,Youth,Processors,Jigawa,Rural,Yes,Mechanization_service_provider,Yes,Yes,WOFAN,Jigawa-WOFAN,JahD8FY54,Female,2024-02-17,17/02/2024 09:56,17/02/2024 09:46,jah55,17/02/2024 15:23
9ac28e9d-f2df-4f1d-b8a5-345b2aa15de6,Youth,Processors,Jigawa,Rural,Yes,Processing,Yes,Yes,WOFAN,Jigawa-WOFAN,JahGWH225,Female,2024-02-17,17/02/2024 10:31,17/02/2024 09:56,jah55,17/02/2024 15:23
291269ae-d40e-4dba-8211-c88d1147d076,Youth,Processors,Jigawa,Rural,Yes,Processing,Yes,Yes,WOFAN,Jigawa-WOFAN,JahYIHN30,Female,2024-02-17,17/02/2024 10:39,17/02/2024 10:31,jah55,17/02/2024 15:24
ba569acb-5448-40aa-991d-150fbcb98309,Youth,Processors,Jigawa,Rural,Yes,Processing,Yes,Yes,WOFAN,Jigawa-WOFAN,Rin9SYK09,Female,2024-02-17,17/02/2024 12:42,17/02/2024 12:07,rin15,17/02/2024 15:27
856d4ff1-343d-48aa-ad04-d85d597688a3,Youth,Producers,Kano,Rural,Yes,Production,Yes,Yes,WOFAN,Kano-WOFAN,GarCLK111,Female,2024-02-17,17/02/2024 15:34,17/02/2024 14:46,bun07,17/02/2024 15:35
9157392b-5160-488f-944b-73f1d5d1ca27,Youth,Producers/Processors,Jigawa,Rural,Yes,Production,No,No,WOFAN,Jigawa-WOFAN,RinBREN45,Female,2024-02-17,17/02/2024 15:37,17/02/2024 15:27,rin19,17/02/2024 15:37
7f7ffcfe-3f57-4bc8-8c7a-b61894274ced,Youth,Processors,Bauchi,Urban,Yes,Processing,Yes,No,WOFAN,Bauchi-WOFAN,BauAOTU03,Female,2024-02-17,17/02/2024 15:40,17/02/2024 15:13,bau15,17/02/2024 15:41
3c030bd8-19e3-4581-879f-f2a8a87be8b4,Youth,Producers,Kano,Rural,Yes,Production,Yes,Yes,WOFAN,Kano-WOFAN,Beb4K0J04,Female,2024-02-17,17/02/2024 15:41,17/02/2024 15:18,kir14,17/02/2024 15:41
62b06610-a4c3-4d42-96ba-f6e47d42e747,Youth,Producers/Processors,Kano,Rural,Yes,Production,Yes,No,WOFAN,Kano-WOFAN,KurWHLK42,Female,2024-02-17,17/02/2024 10:19,17/02/2024 10:07,gmm49,17/02/2024 15:42
8b37c63a-0532-4541-93b6-de6f69bca0f1,Youth,Processors,Kano,Rural,Yes,Processing,No,No,WOFAN,Kano-WOFAN,BebN9UP43,Female,2024-02-17,17/02/2024 09:42,17/02/2024 08:56,tun19,17/02/2024 15:43
906c1624-a1b4-4b2e-893c-1ecd4fc09866,Youth,Processors,Kano,Rural,No,---,No,No,WOFAN,Kano-WOFAN,BebZRRV29,Female,2024-02-17,17/02/2024 12:28,17/02/2024 12:21,tun19,17/02/2024 15:43
07806d43-a37b-4974-aa35-b3457d5cf91c,Youth,Producers,Kano,Rural,No,---,Yes,No,WOFAN,Kano-WOFAN,GarKNR104,Female,2024-02-17,17/02/2024 11:54,17/02/2024 11:31,bun09,17/02/2024 15:44
4083055c-5f9d-4c1a-9ce0-6f1c16b0885b,Youth,Processors,Jigawa,Rural,Yes,Processing,Yes,Yes,WOFAN,Jigawa-WOFAN,Rin1VUV54,Female,2024-02-17,17/02/2024 15:48,17/02/2024 15:36,rin15,17/02/2024 15:48
842ddb8b-5175-4c3c-ad04-0aefdecdde9c,Youth,Producers,Kano,Rural,Yes,Production,Yes,Yes,WOFAN,Kano-WOFAN,BebPPM324,Female,2024-02-17,17/02/2024 15:51,17/02/2024 15:42,kir14,17/02/2024 15:51
91c10413-50d7-473b-bc36-c589d1d494a5,Youth,Processors,Jigawa,Rural,Yes,Processing,Yes,Yes,WOFAN,Jigawa-WOFAN,JahTYFA52,Female,2024-02-17,17/02/2024 16:00,17/02/2024 15:56,jah47,17/02/2024 16:00
fdaca95f-1e00-4232-8707-5c610b759863,Youth,Processors,Jigawa,Rural,Yes,Processing,Yes,Yes,WOFAN,Jigawa-WOFAN,JahLHF911,Female,2024-02-17,17/02/2024 16:04,17/02/2024 16:00,jah47,17/02/2024 16:05
cd700cc3-49d0-453a-8206-65d0a0976d4d,Youth,Processors,Kano,Rural,Yes,Agro-Input_Dealer,Yes,Yes,WOFAN,Kano-WOFAN,BebE57H07,Female,2024-02-17,17/02/2024 10:51,17/02/2024 10:29,tun20,17/02/2024 16:11
51834041-8292-4aac-b604-2eedf4badf9f,Youth,Producers,Jigawa,Rural,Yes,Production,Yes,No,WOFAN,Jigawa-WOFAN,TauMKUB19,Female,2024-02-17,17/02/2024 09:39,17/02/2024 09:28,tau19,17/02/2024 16:12
ba35f53f-0636-48ee-9c5b-01550708875b,Youth,Processors,Kano,Rural,Yes,Agro-Input_Dealer,Yes,Yes,WOFAN,Kano-WOFAN,BebRJO048,Female,2024-02-17,17/02/2024 12:56,17/02/2024 12:45,tun20,17/02/2024 16:13
47aa030b-4376-4e07-9f38-3a2dd3beb408,Youth,Producers,Jigawa,Rural,Yes,Agro-Input_Dealer,Yes,No,WOFAN,Jigawa-WOFAN,Tau9P8U07,Female,2024-02-17,17/02/2024 13:06,17/02/2024 12:57,tau19,17/02/2024 16:14
9f6c9125-ba58-4cb6-80d3-3dbffd0894da,Youth,Producers/Processors,Kano,Rural,Yes,Production,Yes,No,WOFAN,Kano-WOFAN,TudII2G13,Female,2024-02-17,17/02/2024 16:16,17/02/2024 16:10,tun33,17/02/2024 16:17
8d0a936a-25aa-489c-b5a6-d9ecfce9708a,Youth,Producers,Kano,Rural,Yes,Production,Yes,Yes,WOFAN,Kano-WOFAN,Gar6AMI19,Female,2024-02-17,17/02/2024 14:59,17/02/2024 14:31,bun05,17/02/2024 16:20
fecf2634-b799-4111-8a5b-56d5d31c4b19,Youth,Producers,Kano,Rural,Yes,Production,Yes,Yes,WOFAN,Kano-WOFAN,Gar02MD50,Female,2024-02-17,17/02/2024 15:00,17/02/2024 14:25,bun05,17/02/2024 16:20
454fc815-eb90-4d14-9dee-28ee62d05cba,Youth,Producers,Kano,Rural,Yes,Production,Yes,Yes,WOFAN,Kano-WOFAN,Gar8XDG52,Female,2024-02-17,17/02/2024 15:01,17/02/2024 14:15,bun05,17/02/2024 16:20
a1b61bed-3d8b-4ed1-b4df-8cbadc6297cc,Youth,Producers,Kano,Rural,Yes,Production,Yes,Yes,WOFAN,Kano-WOFAN,GarZ2SW23,Female,2024-02-17,17/02/2024 15:03,17/02/2024 14:00,bun05,17/02/2024 16:20
b1c55abd-0786-431e-98ec-fc32dafb7a42,Youth,Producers,Kano,Rural,No,---,Yes,No,WOFAN,Kano-WOFAN,Gar69VV55,Female,2024-02-17,17/02/2024 13:37,17/02/2024 13:07,bun18,17/02/2024 16:29
8dc697dd-1008-45e7-af7f-a934780d712e,Youth,Producers,Kano,Rural,No,---,No,No,WOFAN,Kano-WOFAN,GarH1VW05,Female,2024-02-17,17/02/2024 16:29,17/02/2024 16:19,bun18,17/02/2024 16:30
e2e2e4a0-b21c-4057-b43d-f161a8785a88,Youth,Producers,Jigawa,Rural,Yes,Production,Yes,Yes,WOFAN,Jigawa-WOFAN,RinY5Q526,Female,2024-02-17,17/02/2024 10:22,17/02/2024 10:07,rin24,17/02/2024 16:45
1056ca11-076f-4c8b-8876-11d71d304b28,Youth,Marketers,Kano,Rural,Yes,Off-taker,No,No,WOFAN,Kano-WOFAN,GarG5SU13,Female,2024-02-17,17/02/2024 16:48,17/02/2024 16:41,gmm65,17/02/2024 16:48
5516433c-08c8-4edd-8905-350210fc5699,Youth,Producers/Processors,Kaduna,Rural,Yes,Production,Yes,No,WOFAN,Kaduna-WOFAN,IkaJR0S21,Female,2024-02-17,17/02/2024 14:16,17/02/2024 14:11,ika16,17/02/2024 16:52
484ae5bd-90df-4cca-a6c4-252f21413771,Youth,Producers/Processors,Kaduna,Rural,Yes,Production,Yes,No,WOFAN,Kaduna-WOFAN,IkaXNT512,Female,2024-02-17,17/02/2024 15:40,17/02/2024 15:34,ika16,17/02/2024 16:54
436b53a3-8a56-49de-8295-b8f03204f1bd,Youth,Processors,Kano,Rural,No,---,No,Yes,WOFAN,Kano-WOFAN,BebA0EE41,Female,2024-02-17,17/02/2024 15:30,17/02/2024 15:27,tun15,17/02/2024 16:55
e17ba470-1b4c-4ec3-a78d-3b771ae99291,Youth,Producers/Processors,Kaduna,Rural,Yes,Production,Yes,No,WOFAN,Kaduna-WOFAN,Ika5U9D14,Female,2024-02-17,17/02/2024 16:50,17/02/2024 16:44,ika16,17/02/2024 16:55
021f5f82-d5d3-4b17-b653-a98cec96eaab,Youth,Producers,Jigawa,Rural,Yes,Production,Yes,Yes,WOFAN,Jigawa-WOFAN,JahJGMO09,Female,2024-02-17,17/02/2024 13:00,17/02/2024 12:46,jah52,17/02/2024 17:00
15535d2b-4131-42c3-9870-9252f2c1aa73,Youth,Processors,Jigawa,Rural,Yes,Processing,Yes,Yes,WOFAN,Jigawa-WOFAN,JahEL6R09,Female,2024-02-17,17/02/2024 15:44,17/02/2024 15:38,jah67,17/02/2024 17:00
49f5b8f8-cbd7-41ee-9822-a76e61b7bf90,Youth,Producers,Jigawa,Rural,Yes,Production,Yes,No,WOFAN,Jigawa-WOFAN,Jah49J341,Female,2024-02-17,17/02/2024 15:04,17/02/2024 14:57,jah39,17/02/2024 17:09
c07b0f49-0011-4f6e-a6ba-08d16a17b332,Youth,Processors,Kano,Rural,Yes,Processing,No,No,WOFAN,Kano-WOFAN,BebOQ7006,Female,2024-02-17,17/02/2024 10:48,17/02/2024 10:28,tun14,17/02/2024 17:19
b6edd84b-745c-47f1-8f0c-d078b06e13f3,Youth,Processors,Kano,Rural,No,---,No,No,WOFAN,Kano-WOFAN,BebDE3121,Female,2024-02-17,17/02/2024 14:58,17/02/2024 14:38,tun14,17/02/2024 17:20
b81a8a23-ed1f-4114-a99d-cb16d5bb8218,Youth,Marketers,Kano,Rural,Yes,Other,Yes,Yes,WOFAN,Kano-WOFAN,BebR08353,Female,2024-02-17,17/02/2024 15:59,17/02/2024 15:50,tun02,17/02/2024 17:22
56562e10-04de-496d-8774-af914be2ea22,Youth,Producers/Processors,Kano,Rural,Yes,Production,Yes,Yes,WOFAN,Kano-WOFAN,BebHDZO50,Female,2024-02-17,17/02/2024 08:15,17/02/2024 08:04,tun30,17/02/2024 17:27
28512f24-23c0-4808-9d83-59ac3b2ff63f,Youth,Producers/Processors,Kano,Rural,Yes,Production,Yes,Yes,WOFAN,Kano-WOFAN,BebXRYP13,Female,2024-02-17,17/02/2024 12:01,17/02/2024 11:53,tun30,17/02/2024 17:28
fbe692bc-a6ca-4af0-baac-88565221ad95,Youth,Producers,Jigawa,Rural,Yes,Production,Yes,No,WOFAN,Jigawa-WOFAN,JahNLLT09,Female,2024-02-17,17/02/2024 17:25,17/02/2024 17:12,jah39,17/02/2024 17:30
99a168d2-66b9-4317-9a99-9b09ec01b9fd,Youth,Marketers,Kano,Rural,No,---,Yes,Yes,WOFAN,Kano-WOFAN,BebTM2940,Female,2024-02-17,17/02/2024 12:33,17/02/2024 12:19,tun17,17/02/2024 17:36
78873100-10eb-4502-b79f-99755afe5bbb,Youth,Producers/Processors,Kano,Rural,Yes,Processing,Yes,Yes,WOFAN,Kano-WOFAN,KurCQEO37,Female,2024-02-17,17/02/2024 14:14,17/02/2024 14:03,kur02,17/02/2024 17:41
590906ca-f278-4426-b8ae-78a36ca82404,Youth,Producers/Processors,Kano,Rural,Yes,Production,Yes,Yes,WOFAN,Kano-WOFAN,Kur856A10,Female,2024-02-17,17/02/2024 16:21,17/02/2024 16:09,kur02,17/02/2024 17:43
757e333e-ddab-40e2-acd0-09d876fac1d0,Youth,Producers,Jigawa,Rural,Yes,Production,Yes,No,WOFAN,Jigawa-WOFAN,TauBVO147,Female,2024-02-17,17/02/2024 11:34,17/02/2024 11:02,tau21,17/02/2024 17:54
8a4fc5f2-520a-40f5-b61c-ddc41520572c,Youth,Producers,Jigawa,Rural,Yes,Production,Yes,No,WOFAN,Jigawa-WOFAN,Tau53JH22,Female,2024-02-17,17/02/2024 13:12,17/02/2024 12:51,tau21,17/02/2024 17:55
9e091f78-d494-435b-b4be-d8bf3e7e2809,Youth,Producers,Kano,Rural,No,---,Yes,No,WOFAN,Kano-WOFAN,GarMYHK02,Female,2024-02-17,17/02/2024 13:48,17/02/2024 13:17,kur11,17/02/2024 18:01
68458a8a-90d1-4799-8b03-1a22a03fe48d,Youth,Producers/Processors,Jigawa,Rural,Yes,Processing,Yes,Yes,WOFAN,Jigawa-WOFAN,Rin2X7453,Female,2024-02-17,17/02/2024 15:30,17/02/2024 15:19,rin18,17/02/2024 18:04
7836c9ea-7384-4cf3-a9ed-4ca55dc4aa93,Youth,Producers,Kano,Rural,Yes,Production,Yes,Yes,WOFAN,Kano-WOFAN,BebHIJG49,Female,2024-02-17,17/02/2024 18:06,17/02/2024 17:21,kir11,17/02/2024 18:06
9c17cda9-faf7-4200-890b-1bd93e53ed06,Youth,Processors,Jigawa,Rural,Yes,Production,Yes,Yes,WOFAN,Jigawa-WOFAN,JahQSKW59,Female,2024-02-17,17/02/2024 15:55,17/02/2024 15:48,jah48,17/02/2024 18:24
20ce1222-1d39-4b38-bf2b-16748250de8e,Youth,Processors,Jigawa,Rural,Yes,Production,Yes,Yes,WOFAN,Jigawa-WOFAN,JahQL3F08,Female,2024-02-17,17/02/2024 16:55,17/02/2024 16:49,jah48,17/02/2024 18:26
7dc70a5f-0ade-4c1c-afa2-da149f242d93,Youth,Producers,Kano,Rural,Yes,Off-taker,Yes,Yes,WOFAN,Kano-WOFAN,BebWVT858,Female,2024-02-17,17/02/2024 15:57,17/02/2024 15:42,kir01,17/02/2024 18:31
fa940970-9dd5-485c-8444-29ee5af3c635,Youth,Producers/Processors,Jigawa,Rural,Yes,Production,Yes,Yes,WOFAN,Jigawa-WOFAN,Jah24IN33,Female,2024-02-17,17/02/2024 12:36,17/02/2024 11:52,jah44,17/02/2024 18:32
d6ee968a-e0e5-4508-a0a6-d80841734fce,Youth,Producers,Kano,Rural,Yes,Mechanization_service_provider,Yes,Yes,WOFAN,Kano-WOFAN,BebKWZ442,Female,2024-02-17,17/02/2024 18:35,17/02/2024 18:19,kir09,17/02/2024 18:35
97fccab4-eac9-45cc-9b9b-d82e690ae5d9,Youth,Marketers,Jigawa,Rural,Yes,Processing,Yes,Yes,WOFAN,Jigawa-WOFAN,Jah723R06,Female,2024-02-17,17/02/2024 15:42,17/02/2024 15:33,jah79,17/02/2024 18:38
7721067b-0ee2-4ede-8b48-f48681c84be0,Youth,Producers/Processors,Bauchi,Rural,Yes,Production,Yes,No,WOFAN,Bauchi-WOFAN,TafX0UE38,Female,2024-02-17,17/02/2024 10:28,17/02/2024 09:35,taf04,17/02/2024 18:42
57b8a7a2-0062-40a3-a2cf-8867031e793e,Youth,Processors,Jigawa,Rural,No,---,No,No,WOFAN,Jigawa-WOFAN,Jah44ED17,Female,2024-02-17,17/02/2024 15:45,17/02/2024 15:42,jah71,17/02/2024 18:47
964ce558-8db7-4be0-be51-996d8868000c,Youth,Processors,Jigawa,Rural,No,---,No,No,WOFAN,Jigawa-WOFAN,JahNQG854,Female,2024-02-17,17/02/2024 15:48,17/02/2024 15:45,jah71,17/02/2024 18:47
cf22c868-de5c-4243-912f-0870e693d06e,Youth,Producers,Kano,Rural,Yes,Agro-Input_Dealer,Yes,Yes,WOFAN,Kano-WOFAN,KirLZ9G59,Female,2024-02-17,17/02/2024 17:17,17/02/2024 17:11,kir16,17/02/2024 18:55
50893de8-2957-469c-944c-e06c6764c85c,Youth,Producers/Processors,Kano,Peri_urban,No,---,No,Yes,WOFAN,Kano-WOFAN,GarCJ4301,Female,2024-02-17,17/02/2024 08:39,17/02/2024 08:29,bun16,17/02/2024 19:00
ed047378-2e0e-44ff-980b-74e83f5e3c2c,Youth,Producers/Processors,Kano,Peri_urban,Yes,Production,No,Yes,WOFAN,Kano-WOFAN,Gar5XZF07,Female,2024-02-17,17/02/2024 08:51,17/02/2024 08:42,bun16,17/02/2024 19:00
9e52b396-ceb8-46a8-b1f3-46c85fcad37f,Youth,Producers/Processors,Kano,Peri_urban,No,---,No,No,WOFAN,Kano-WOFAN,Gar9EIS20,Female,2024-02-17,17/02/2024 10:06,17/02/2024 09:56,bun16,17/02/2024 19:00
740e5944-f17a-47c2-9060-d16bb8bc4b9f,Youth,Producers,Kano,Rural,Yes,Production,Yes,No,WOFAN,Kano-WOFAN,GarU2Y540,Female,2024-02-17,17/02/2024 18:55,17/02/2024 18:50,kur11,17/02/2024 19:03
925b3d01-1cdf-4e81-8e0e-3592222b4f74,Youth,Processors,Kano,Rural,No,---,No,No,WOFAN,Kano-WOFAN,Beb5B9926,Female,2024-02-17,17/02/2024 15:41,17/02/2024 15:30,tun25,17/02/2024 19:04
efb749c0-0bc4-4736-ad1c-46d4551a72c3,Youth,Processors,Jigawa,Rural,Yes,Processing,Yes,Yes,WOFAN,Jigawa-WOFAN,JahKUBP55,Female,2024-02-17,17/02/2024 11:46,17/02/2024 11:20,jah51,17/02/2024 19:07
ccf68da1-e087-48f4-b5ba-a424332a0c0c,Youth,Processors,Jigawa,Rural,Yes,Processing,Yes,Yes,WOFAN,Jigawa-WOFAN,JahL4L607,Female,2024-02-17,17/02/2024 16:28,17/02/2024 16:08,jah51,17/02/2024 19:08
97c6777e-86db-4c56-9772-8d93b55b8e57,Youth,Marketers,Jigawa,Rural,No,---,Yes,Yes,WOFAN,Jigawa-WOFAN,JahIRGD00,Female,2024-02-17,17/02/2024 18:55,17/02/2024 18:48,jah80,17/02/2024 19:11
4c68e72e-e3f9-4831-9682-3181ef693d6b,Youth,Producers/Processors,Bauchi,Rural,No,---,Yes,No,WOFAN,Bauchi-WOFAN,WarI7LO48,Female,2024-02-17,17/02/2024 15:21,17/02/2024 15:04,war05,17/02/2024 19:30
59892acc-1912-4a06-af6f-0dc3a493db79,Youth,Processors,Jigawa,Rural,Yes,Agro-Input_Dealer,No,Yes,WOFAN,Jigawa-WOFAN,JahLVN755,Female,2024-02-17,17/02/2024 11:41,17/02/2024 11:35,jah51,17/02/2024 19:38
554c7451-da80-469e-a8d1-ea095c0e1c74,Youth,Processors,Jigawa,Rural,Yes,Agro-Input_Dealer,Yes,Yes,WOFAN,Jigawa-WOFAN,JahOGGS12,Female,2024-02-17,17/02/2024 16:46,17/02/2024 14:57,jah51,17/02/2024 19:40
888198f2-d6a5-43a3-9130-2f565b03169a,Youth,Processors,Jigawa,Rural,Yes,Processing,Yes,Yes,WOFAN,Jigawa-WOFAN,Jah417X51,Female,2024-02-17,17/02/2024 14:24,17/02/2024 14:20,jah69,17/02/2024 19:42
d6fe309d-955a-42ac-8d99-86165a1a806c,Youth,Processors,Jigawa,Rural,Yes,Processing,Yes,Yes,WOFAN,Jigawa-WOFAN,JahT4X710,Female,2024-02-17,17/02/2024 14:27,17/02/2024 14:24,jah69,17/02/2024 19:42
1aad80fb-4e82-4f74-aa5a-9cf603d533c6,Youth,Processors,Jigawa,Rural,Yes,Processing,Yes,Yes,WOFAN,Jigawa-WOFAN,Jah9XV224,Female,2024-02-17,17/02/2024 14:30,17/02/2024 14:27,jah69,17/02/2024 19:42
5d72905d-bf34-4aad-9a33-0b337fd1c2c8,Youth,Processors,Jigawa,Rural,Yes,Processing,Yes,Yes,WOFAN,Jigawa-WOFAN,JahC5T339,Female,2024-02-17,17/02/2024 14:34,17/02/2024 14:30,jah69,17/02/2024 19:42
ed017e14-f581-4532-85e9-5a2b34fd665f,Youth,Processors,Jigawa,Rural,Yes,Processing,Yes,Yes,WOFAN,Jigawa-WOFAN,Jah3JYB19,Female,2024-02-17,17/02/2024 14:37,17/02/2024 14:34,jah69,17/02/2024 19:42
0c028ac4-eae4-4e04-8ad0-2c7069e43ceb,Youth,Producers,Kano,Peri_urban,Yes,Production,Yes,No,WOFAN,Kano-WOFAN,BebPNRS52,Female,2024-02-17,17/02/2024 13:29,17/02/2024 13:04,kir06,17/02/2024 19:43
0da5cc3b-e869-4f7c-982c-9e4fda433882,Youth,Producers/Processors,Jigawa,Rural,No,---,Yes,No,WOFAN,Jigawa-WOFAN,RinA96508,Female,2024-02-17,17/02/2024 18:12,17/02/2024 18:07,rin17,17/02/2024 19:52
47d62011-6b6f-4d92-bb7a-b1d29617807d,Youth,Producers,Jigawa,Rural,Yes,Production,Yes,No,WOFAN,Jigawa-WOFAN,JahRO5933,Female,2024-02-17,17/02/2024 18:08,17/02/2024 17:56,jah39,17/02/2024 19:53
f83b7ec8-071b-41c9-83dc-dedecdd98961,Youth,Processors,Gombe,Urban,Yes,Agro-Input_Dealer,Yes,Yes,WOFAN,Gombe-WOFAN,GomC2JM34,Female,2024-02-17,17/02/2024 17:17,17/02/2024 17:04,gom18,17/02/2024 20:08
d76541a9-56d7-4a53-a405-66fd3871f707,Youth,Processors,Kano,Rural,No,---,No,No,WOFAN,Kano-WOFAN,Gar7VLY14,Female,2024-02-17,17/02/2024 20:07,17/02/2024 19:58,bun20,17/02/2024 20:08
4deb0ff0-2859-4b5a-9a99-0eabdf9977b6,Youth,Marketers,Jigawa,Rural,Yes,Agro-Trader,Yes,Yes,WOFAN,Jigawa-WOFAN,JahFNQC17,Female,2024-02-17,17/02/2024 20:10,17/02/2024 19:56,jah81,17/02/2024 20:13
281e13f0-86f1-4fca-9ce5-90d94b3ddeb8,Youth,Producers,Jigawa,Rural,No,---,Yes,No,WOFAN,Jigawa-WOFAN,JahET3A29,Female,2024-02-17,17/02/2024 11:18,17/02/2024 11:03,jah42,17/02/2024 20:18
8ff8c619-9bc8-4618-83d8-5e8db341a8ff,Youth,Marketers,Kano,Rural,Yes,Processing,Yes,Yes,WOFAN,Kano-WOFAN,BebUT8318,Female,2024-02-17,17/02/2024 11:05,17/02/2024 08:00,tun01,17/02/2024 20:21
f683b108-6199-4f5b-8842-0f931f80d9ce,Youth,Producers/Processors,Kano,Rural,Yes,Production,Yes,Yes,WOFAN,Kano-WOFAN,Kur98ZR42,Female,2024-02-17,17/02/2024 20:02,17/02/2024 19:47,kur13,17/02/2024 20:22
95d92cef-c738-42e5-bb70-a35268d2397d,Youth,Processors,Kano,Rural,Yes,Processing,Yes,Yes,WOFAN,Kano-WOFAN,BebJQDA51,Female,2024-02-17,17/02/2024 10:25,17/02/2024 10:18,tun29,17/02/2024 20:29
4613f892-2a2c-4b0c-858d-22999eff92d6,Youth,Processors,Jigawa,Rural,Yes,Processing,Yes,Yes,WOFAN,Jigawa-WOFAN,JahZMIG53,Female,2024-02-17,17/02/2024 16:09,17/02/2024 16:05,jah47,17/02/2024 20:30
3d043235-f4e9-4962-9aa2-f852e2cf41a3,Youth,Processors,Jigawa,Rural,Yes,Processing,Yes,Yes,WOFAN,Jigawa-WOFAN,Jah514R17,Female,2024-02-17,17/02/2024 16:13,17/02/2024 16:09,jah47,17/02/2024 20:30
f59cd7e4-9935-4073-a9b6-47fd2539161c,Youth,Marketers,Jigawa,Rural,No,---,No,No,WOFAN,Jigawa-WOFAN,JahD0MW08,Female,2024-02-17,17/02/2024 20:30,17/02/2024 20:27,jah59,17/02/2024 20:31
ee641d73-e78d-4f91-84af-7fb3f8d95309,Youth,Processors,Kano,Peri_urban,Yes,Production,Yes,No,WOFAN,Kano-WOFAN,BebHQRV53,Female,2024-02-17,17/02/2024 17:13,17/02/2024 17:04,tun04,17/02/2024 20:34
9406bc42-4e9f-460d-97e3-8c22f80bc7f6,Youth,Processors,Kano,Rural,Yes,Processing,Yes,Yes,WOFAN,Kano-WOFAN,BebADPR12,Female,2024-02-17,17/02/2024 12:56,17/02/2024 12:45,tun29,17/02/2024 20:36
2a95ca44-b039-43af-9ed3-ff41f2059318,Youth,Producers/Processors,Kano,Peri_urban,No,---,Yes,No,WOFAN,Kano-WOFAN,BebLAVS22,Female,2024-02-17,17/02/2024 20:26,17/02/2024 20:16,tun04,17/02/2024 20:41
05fcc50c-867a-4bdd-b73e-cb29c20cb6d1,Youth,Producers,Kano,Rural,Yes,Production,Yes,Yes,WOFAN,Kano-WOFAN,GarLCW350,Female,2024-02-17,17/02/2024 09:35,17/02/2024 09:27,gmm66,17/02/2024 20:47
5fddebe1-6dce-453b-8bf4-efd1d0d3db41,Youth,Processors,Kano,Peri_urban,Yes,Processing,Yes,Yes,WOFAN,Kano-WOFAN,Gar776Y15,Female,2024-02-17,17/02/2024 13:05,17/02/2024 12:55,bun04,17/02/2024 20:51
0dac7ddf-95de-481c-8680-9a5a791bbf51,Youth,Marketers,Kano,Peri_urban,Yes,Processing,Yes,Yes,WOFAN,Kano-WOFAN,Gar3F6F49,Female,2024-02-17,17/02/2024 13:23,17/02/2024 13:11,bun04,17/02/2024 20:52
b61ad0fe-8beb-47c6-82ba-a4065063e8df,Youth,Processors,Kano,Rural,Yes,Processing,Yes,Yes,WOFAN,Kano-WOFAN,Gar6YR541,Female,2024-02-17,17/02/2024 15:37,17/02/2024 15:32,gmm66,17/02/2024 20:53
8709cf1b-e9fc-44d9-8b11-44ba3afbd391,Youth,Processors,Kano,Rural,Yes,Processing,Yes,Yes,WOFAN,Kano-WOFAN,Gar5V6L45,Female,2024-02-17,17/02/2024 13:39,17/02/2024 13:31,bun04,17/02/2024 20:54
a097b921-8ebb-44fa-9a3a-44b4c4e32678,Youth,Marketers,Kano,Rural,Yes,Agro-Trader,Yes,Yes,WOFAN,Kano-WOFAN,Gar5WFW46,Female,2024-02-17,17/02/2024 13:52,17/02/2024 13:43,bun04,17/02/2024 20:55
c18492ec-321b-4b7a-af3f-a9d067e4883b,Youth,Producers/Processors,Kano,Rural,No,---,No,No,WOFAN,Kano-WOFAN,KurC4Y138,Female,2024-02-17,17/02/2024 20:20,17/02/2024 20:13,kur03,17/02/2024 20:57
5b7500e3-2dbd-4143-9099-a363d0f36854,Youth,Producers,Jigawa,Rural,Yes,Production,Yes,Yes,WOFAN,Jigawa-WOFAN,RinSBSB42,Female,2024-02-17,17/02/2024 18:36,17/02/2024 18:22,rin11,17/02/2024 21:00
709d928d-b907-47b1-a078-a425d4e60386,Youth,Processors,Kano,Rural,Yes,Processing,Yes,Yes,WOFAN,Kano-WOFAN,Beb6I3M38,Female,2024-02-17,17/02/2024 09:21,17/02/2024 08:18,tun07,17/02/2024 21:02
c213d61d-1efc-4f73-aa71-766ff99fd313,Youth,Producers/Processors,Kano,Rural,Yes,Production,Yes,Yes,WOFAN,Kano-WOFAN,BebYUO013,Female,2024-02-17,17/02/2024 09:35,17/02/2024 09:25,tun07,17/02/2024 21:02
e42563f6-be13-40a0-ba40-e2e68f30f760,Youth,Processors,Kano,Rural,Yes,Processing,Yes,Yes,WOFAN,Kano-WOFAN,GarKOSU55,Female,2024-02-17,17/02/2024 20:33,17/02/2024 20:23,bun02,17/02/2024 21:03
8dd2bdc8-b0f5-48ac-a48b-145c4fda0886,Youth,Processors,Kano,Rural,No,---,No,No,WOFAN,Kano-WOFAN,Beb7S0C30,Female,2024-02-17,17/02/2024 10:24,17/02/2024 10:17,tun26,17/02/2024 21:06
10542c27-ac81-4bb9-8533-f37bf475d8ea,Youth,Processors,Kano,Rural,No,---,No,No,WOFAN,Kano-WOFAN,Beb3Y0S20,Female,2024-02-17,17/02/2024 12:33,17/02/2024 12:22,tun26,17/02/2024 21:09
da31e173-78a3-4c34-a8ca-727bf49a97fb,Youth,Processors,Kano,Rural,No,---,No,No,WOFAN,Kano-WOFAN,BebP8FQ41,Female,2024-02-17,17/02/2024 15:18,17/02/2024 15:08,tun26,17/02/2024 21:12
525bcc40-a21d-4329-88fe-fdfdcd0c0c02,Youth,Processors,Kano,Rural,No,---,No,No,WOFAN,Kano-WOFAN,GarY3MO06,Female,2024-02-17,17/02/2024 21:41,17/02/2024 21:37,bun20,17/02/2024 21:41
20902097-95e9-4c99-9227-5e0dda20b886,Youth,Producers/Processors,Jigawa,Rural,Yes,Production,Yes,Yes,WOFAN,Jigawa-WOFAN,JahFUEI01,Female,2024-02-17,17/02/2024 13:07,17/02/2024 12:57,jah66,17/02/2024 21:45
3f2eba6d-db99-45ce-8b40-256a3ba21e71,Youth,Producers/Processors,Jigawa,Rural,Yes,Production,Yes,Yes,WOFAN,Jigawa-WOFAN,JahAWR442,Female,2024-02-17,17/02/2024 13:09,17/02/2024 12:53,jah66,17/02/2024 21:45
8c5ed486-c732-4fa5-83a0-657c0dd79162,Youth,Producers/Processors,Jigawa,Rural,No,---,Yes,Yes,WOFAN,Jigawa-WOFAN,JahNHGQ46,Female,2024-02-17,17/02/2024 13:10,17/02/2024 12:48,jah66,17/02/2024 21:45
bdd747f7-ddf6-4a05-887a-07c3b134fd98,Youth,Producers/Processors,Jigawa,Rural,Yes,Production,Yes,Yes,WOFAN,Jigawa-WOFAN,JahF09H00,Female,2024-02-17,17/02/2024 13:11,17/02/2024 12:44,jah66,17/02/2024 21:45
05d8404d-10fc-4166-b234-2be00bf41d7d,Youth,Producers/Processors,Jigawa,Rural,Yes,Production,Yes,Yes,WOFAN,Jigawa-WOFAN,JahJ0DE19,Female,2024-02-17,17/02/2024 13:11,17/02/2024 12:36,jah66,17/02/2024 21:45
e6dc0dc3-158f-492a-8f71-f6869a559434,Youth,Producers,Kano,Rural,Yes,Production,Yes,No,WOFAN,Kano-WOFAN,RanTGD418,Female,2024-02-17,17/02/2024 21:16,17/02/2024 21:04,gmm50,17/02/2024 22:13
b270f354-eed2-4237-93da-032c4607ff75,Youth,Producers,Jigawa,Rural,No,---,Yes,No,WOFAN,Jigawa-WOFAN,RinH0OT41,Female,2024-02-17,17/02/2024 08:57,17/02/2024 08:47,rin13,17/02/2024 22:21
b0a5a65a-8334-4fed-a1e3-135aa25fcd08,Youth,Producers,Kano,Rural,No,---,Yes,Yes,WOFAN,Kano-WOFAN,KirU0E443,Female,2024-02-16,16/02/2024 21:47,16/02/2024 21:35,kir17,17/02/2024 22:47
5936531d-8b3f-4844-8807-2b29b9a9f32c,Youth,Processors,Jigawa,Rural,No,---,No,No,WOFAN,Jigawa-WOFAN,Jah7JF223,Female,2024-02-17,17/02/2024 23:00,17/02/2024 22:56,jah59,17/02/2024 23:00
68b1ff6b-2d39-4d9f-9124-43c0481c4f8f,Youth,Producers,Jigawa,Rural,Yes,Production,Yes,No,WOFAN,Jigawa-WOFAN,TauB29V46,Female,2024-02-17,17/02/2024 18:05,17/02/2024 17:50,tau22,17/02/2024 23:22
8b8c2478-e847-443b-a023-d13378bd5f79,Youth,Processors,Kano,Rural,Yes,Processing,Yes,No,WOFAN,Kano-WOFAN,BebA6RC25,Female,2024-02-18,17/02/2024 23:45,17/02/2024 23:37,tun32,17/02/2024 23:46
8ebe09f9-574a-4777-a108-049a4b94a3c7,Youth,Producers/Processors,Gombe,Peri_urban,Yes,Agro-Trader,Yes,No,WOFAN,Gombe-WOFAN,BilEY0C33,Female,2024-02-18,18/02/2024 00:01,17/02/2024 23:29,bill03,18/02/2024 00:01
a6734d16-0773-48be-a3ea-3ba499269354,Youth,Marketers,Gombe,Peri_urban,Yes,Agro-Trader,Yes,No,WOFAN,Gombe-WOFAN,BilT97O26,Female,2024-02-18,18/02/2024 00:03,17/02/2024 23:14,bill03,18/02/2024 00:03
31a1f7b9-caff-4d05-b3fa-53c82644a23a,Youth,Producers,Kano,Rural,Yes,Production,Yes,Yes,WOFAN,Kano-WOFAN,Beb5B3Z31,Female,2024-02-18,18/02/2024 00:05,17/02/2024 23:57,kir19,18/02/2024 00:05
7028a9d3-d95c-487f-932b-eab23bb2fa0c,Youth,Producers,Kano,Rural,No,---,Yes,Yes,WOFAN,Kano-WOFAN,GarRH2X49,Female,2024-02-18,17/02/2024 23:52,17/02/2024 23:41,bun17,18/02/2024 00:09
eaff5f7e-520b-4ad6-a3c3-2b7cd375b262,Youth,Producers,Jigawa,Rural,No,---,Yes,No,WOFAN,Jigawa-WOFAN,JahPXSH15,Female,2024-02-18,18/02/2024 00:22,18/02/2024 00:11,jah84,18/02/2024 00:22
a33d56a9-a51b-40c3-95fe-e6be2f21bdf5,Youth,Marketers,Jigawa,Rural,Yes,Processing,Yes,Yes,WOFAN,Jigawa-WOFAN,Jah0KHQ17,Female,2024-02-17,17/02/2024 18:53,17/02/2024 18:41,jah79,18/02/2024 00:38
d2b0205e-00cd-4053-aede-beb87de024e0,Youth,Processors,Kano,Rural,Yes,Processing,No,Yes,WOFAN,Kano-WOFAN,BebTPK712,Female,2024-02-18,17/02/2024 23:55,17/02/2024 23:31,tun23,18/02/2024 01:00
97a9a31a-15e6-45e9-ade2-abd2cbfb7efa,Youth,Processors,Kano,Rural,Yes,Processing,Yes,No,WOFAN,Kano-WOFAN,BebR5RB55,Female,2024-02-18,18/02/2024 01:18,18/02/2024 01:09,tun32,18/02/2024 01:58
41442fba-109a-4d1c-9f54-5336a94dd8d8,Youth,Producers,Kano,Rural,Yes,Agro-Input_Dealer,Yes,Yes,WOFAN,Kano-WOFAN,BebMF5M24,Female,2024-02-17,17/02/2024 22:55,17/02/2024 22:39,kir09,18/02/2024 05:17
7929a0e4-d4f0-489d-a74f-38a2b2620bb5,Youth,Processors,Kano,Rural,Yes,Processing,No,No,WOFAN,Kano-WOFAN,BebDITJ31,Female,2024-02-17,17/02/2024 16:22,17/02/2024 16:14,tun19,18/02/2024 05:53
975077b9-c556-4022-bd77-8042ee28c1c8,Youth,Processors,Kano,Rural,Yes,Processing,No,No,WOFAN,Kano-WOFAN,BebWPUQ21,Female,2024-02-17,17/02/2024 19:21,17/02/2024 19:16,tun19,18/02/2024 05:54
e4eaf036-46d8-49f5-b1be-2a7bf4f2ef72,Youth,Producers/Processors,Jigawa,Rural,No,---,Yes,No,WOFAN,Jigawa-WOFAN,Rin5SAQ14,Female,2024-02-18,18/02/2024 05:25,18/02/2024 05:16,rin17,18/02/2024 06:08
12dad619-a58a-4afe-bab0-051a821049a3,Youth,Producers/Processors,Jigawa,Rural,Yes,Production,Yes,Yes,WOFAN,Jigawa-WOFAN,RinMG6F04,Female,2024-02-18,18/02/2024 06:36,18/02/2024 06:23,rin18,18/02/2024 06:36
498280f5-0c6c-41a4-b31b-e6638c218af9,Youth,Processors,Kaduna,Rural,Yes,Agro-Input_Dealer,Yes,No,WOFAN,Kaduna-WOFAN,Ika4GUH43,Female,2024-02-17,17/02/2024 20:36,17/02/2024 20:26,ika28,18/02/2024 06:50
02ca0bef-09c4-45c8-ae36-95cd86695834,Youth,Producers,Gombe,Rural,No,---,Yes,Yes,WOFAN,Gombe-WOFAN,ShoA5R350,Female,2024-02-17,17/02/2024 13:20,17/02/2024 12:59,sha01,18/02/2024 07:11
f5967fc6-b4c6-473c-8dda-4d4880887ff3,Youth,Marketers,Gombe,Rural,No,---,No,No,WOFAN,Gombe-WOFAN,GomFNYE33,Female,2024-02-17,17/02/2024 14:36,17/02/2024 14:21,gom23,18/02/2024 07:12
3d46c779-24a6-4e2d-a03d-69b0b2f02c8a,Youth,Producers/Processors,Kano,Peri_urban,Yes,Production,Yes,Yes,WOFAN,Kano-WOFAN,Kir4MKK56,Female,2024-02-18,18/02/2024 05:59,18/02/2024 05:51,kir21,18/02/2024 07:26
9e380787-a7bb-419b-b646-48fa79c60b22,Youth,Producers/Processors,Jigawa,Rural,Yes,Production,Yes,Yes,WOFAN,Jigawa-WOFAN,RinKXS929,Female,2024-02-18,18/02/2024 05:39,18/02/2024 05:25,rin12,18/02/2024 07:31
036950cc-5809-4f8c-bac4-bb66e74aca41,Youth,Marketers,Jigawa,Rural,No,---,Yes,No,WOFAN,Jigawa-WOFAN,Tau7BQC55,Female,2024-02-17,17/02/2024 12:34,17/02/2024 12:18,tau29,18/02/2024 07:34
5928416d-91aa-48f6-bb8c-36b7b8acbc1a,Youth,Processors,Jigawa,Rural,No,---,No,No,WOFAN,Jigawa-WOFAN,TauUICC59,Female,2024-02-17,17/02/2024 20:42,17/02/2024 20:38,tau23,18/02/2024 07:44
095ae4b0-0546-48d8-90d5-661b8bf44cab,Youth,Producers,Kano,Rural,Yes,Production,Yes,Yes,WOFAN,Kano-WOFAN,Gar534Y34,Female,2024-02-17,17/02/2024 14:00,17/02/2024 13:50,kur07,18/02/2024 07:57
70519bfc-ad70-4ee5-92c5-5af13b6c530b,Youth,Producers,Kano,Rural,Yes,Production,Yes,Yes,WOFAN,Kano-WOFAN,GarB8HX41,Female,2024-02-17,17/02/2024 14:33,17/02/2024 14:22,kur07,18/02/2024 07:57
b5de41bd-4794-46b7-b338-605b2166a0bd,Youth,Producers/Processors,Kano,Rural,Yes,Mechanization_service_provider,Yes,Yes,WOFAN,Kano-WOFAN,GarZ6Y230,Female,2024-02-18,18/02/2024 07:58,18/02/2024 07:41,gmm65,18/02/2024 07:58
c1ac742e-d898-49cd-a250-81fa7f0a610f,Youth,Producers,Kano,Rural,Yes,Production,Yes,Yes,WOFAN,Kano-WOFAN,Beb5KLA58,Female,2024-02-17,17/02/2024 16:28,17/02/2024 15:59,kir03,18/02/2024 08:06
d82bc23e-8b29-4fcd-b1ee-89049f500796,Youth,Producers,Kano,Rural,Yes,Mechanization_service_provider,Yes,Yes,WOFAN,Kano-WOFAN,BebLD7Z58,Female,2024-02-18,18/02/2024 08:08,18/02/2024 07:54,kir02,18/02/2024 08:08
c9ec31b4-e58d-4a81-8d41-b09cc66d572f,Youth,Producers/Processors,Kano,Peri_urban,Yes,Processing,Yes,Yes,WOFAN,Kano-WOFAN,KirWOGH21,Female,2024-02-17,17/02/2024 11:54,17/02/2024 11:36,kir18,18/02/2024 08:14
a05ce44b-5bf5-490c-a558-befd22e8dd23,Youth,Producers/Processors,Kano,Rural,Yes,Production,Yes,Yes,WOFAN,Kano-WOFAN,KirTHNH21,Female,2024-02-18,18/02/2024 08:27,18/02/2024 08:13,kir15,18/02/2024 08:27
469821e5-27ba-426d-861b-14932a593b31,Youth,Processors,Kano,Rural,No,---,No,No,WOFAN,Kano-WOFAN,BebGB0I38,Female,2024-02-17,17/02/2024 18:39,17/02/2024 18:10,tun14,18/02/2024 08:32
53a2e090-b70c-441b-bf0a-3692f48cf516,Youth,Producers,Kano,Rural,Yes,Agro-Input_Dealer,Yes,Yes,WOFAN,Kano-WOFAN,Kir0CUG08,Female,2024-02-17,17/02/2024 20:18,17/02/2024 20:05,kir04,18/02/2024 08:39
2231b4cc-179f-4142-86ec-4a17d5d88abf,Youth,Producers,Kano,Rural,Yes,Production,Yes,No,WOFAN,Kano-WOFAN,BebIG8541,Female,2024-02-18,18/02/2024 08:41,18/02/2024 08:29,kir20,18/02/2024 08:41
301fc9f0-3e96-41ce-ae41-b7165a86bbd6,Youth,Producers,Kaduna,Rural,No,---,Yes,No,WOFAN,Kaduna-WOFAN,IkaP9R748,Female,2024-02-18,18/02/2024 08:43,18/02/2024 08:32,ika23,18/02/2024 08:43
45c2f431-adb2-4ab1-b71a-2c620e9b2fa6,Youth,Producers/Processors,Jigawa,Rural,Yes,Production,Yes,Yes,WOFAN,Jigawa-WOFAN,JahF8PV53,Female,2024-02-17,17/02/2024 20:42,17/02/2024 20:36,jah49,18/02/2024 08:52
3f473c39-3e82-424d-b1af-9da4331c9eb3,Youth,Producers/Processors,Jigawa,Rural,Yes,Production,Yes,Yes,WOFAN,Jigawa-WOFAN,JahP2PZ24,Female,2024-02-18,18/02/2024 07:01,18/02/2024 06:55,jah49,18/02/2024 08:53
77dba0ab-b5f5-41d0-9d4c-9db28da61a6d,Youth,Producers/Processors,Kano,Peri_urban,Yes,Processing,Yes,Yes,WOFAN,Kano-WOFAN,KirR2AF27,Female,2024-02-18,18/02/2024 08:55,18/02/2024 08:33,kir18,18/02/2024 08:55
d9bf8f59-4840-45fb-8a09-a60071149a4a,Youth,Marketers,Kano,Rural,No,---,Yes,Yes,WOFAN,Kano-WOFAN,TudW1AX41,Female,2024-02-17,17/02/2024 23:13,17/02/2024 22:58,tun17,18/02/2024 09:08
96c588df-382d-49f9-8db2-f1f6973822f1,Youth,Processors,Jigawa,Rural,Yes,Mechanization_service_provider,No,No,WOFAN,Jigawa-WOFAN,Jah7JG849,Female,2024-02-18,18/02/2024 09:09,18/02/2024 08:57,jah75,18/02/2024 09:10
36109b54-60c9-428e-9a0a-49479572acdd,Youth,Processors,Jigawa,Rural,Yes,Processing,Yes,Yes,WOFAN,Jigawa-WOFAN,RinDYCR51,Female,2024-02-18,18/02/2024 09:17,18/02/2024 08:57,rin15,18/02/2024 09:17
5477c544-6a78-4efc-83f2-9e3bd4a9e605,Youth,Producers,Jigawa,Rural,Yes,Production,Yes,No,WOFAN,Jigawa-WOFAN,Jah3MFJ16,Female,2024-02-18,18/02/2024 09:36,18/02/2024 09:31,jah39,18/02/2024 09:36
915ce878-5255-449a-9866-fabe36126115,Youth,Producers,Jigawa,Rural,No,---,No,No,WOFAN,Jigawa-WOFAN,TauPHM859,Female,2024-02-18,18/02/2024 09:38,18/02/2024 09:32,tau28,18/02/2024 09:38
eac06b05-2968-4515-a909-cd652d1f3241,Youth,Producers,Kano,Rural,Yes,Production,Yes,Yes,WOFAN,Kano-WOFAN,BebQZDQ09,Female,2024-02-18,18/02/2024 08:42,18/02/2024 08:12,kir03,18/02/2024 09:44
e9d5943f-a2a8-4411-9074-3bed1fb8ae41,Youth,Processors,Kano,Rural,Yes,Processing,Yes,Yes,WOFAN,Kano-WOFAN,Beb6J9351,Female,2024-02-17,17/02/2024 11:49,17/02/2024 11:40,tun07,18/02/2024 09:49
645e0f41-895d-4920-9900-1743edd116c7,Youth,Marketers,Jigawa,Rural,No,---,Yes,Yes,WOFAN,Jigawa-WOFAN,JahWT4P19,Female,2024-02-18,18/02/2024 09:55,18/02/2024 09:08,jah80,18/02/2024 09:58
6313b326-32d6-4af1-8fca-2592074b56aa,Youth,Processors,Jigawa,Rural,Yes,Processing,Yes,Yes,WOFAN,Jigawa-WOFAN,JahD5UX55,Female,2024-02-18,18/02/2024 08:18,18/02/2024 07:57,jah60,18/02/2024 09:58
db1af510-8fd9-4b5b-a8a9-ffeb517f99dc,Youth,Processors,Jigawa,Rural,Yes,Processing,Yes,Yes,WOFAN,Jigawa-WOFAN,JahXONM22,Female,2024-02-18,18/02/2024 08:28,18/02/2024 08:18,jah60,18/02/2024 09:58
5cc30b45-ef53-48bc-b6b4-93c4dd49de18,Youth,Producers,Kano,Rural,Yes,Processing,Yes,Yes,WOFAN,Kano-WOFAN,GarF0YO01,Female,2024-02-18,18/02/2024 09:06,18/02/2024 08:50,bun02,18/02/2024 10:10
b30bf6df-9483-4c99-82f1-eeb09c6816cb,Youth,Marketers,Jigawa,Rural,No,---,No,No,WOFAN,Jigawa-WOFAN,JahVW8K38,Female,2024-02-18,18/02/2024 10:10,18/02/2024 10:04,jah59,18/02/2024 10:11
57027267-5fd6-4001-9e74-a9bf2b6c94f3,Youth,Producers,Kano,Rural,Yes,Production,Yes,No,WOFAN,Kano-WOFAN,GarE7N525,Female,2024-02-18,18/02/2024 10:07,18/02/2024 10:01,gmm60,18/02/2024 10:14
a665cff3-a811-4f37-8eea-9e1b708609b7,Youth,Producers,Jigawa,Rural,Yes,Production,Yes,No,WOFAN,Jigawa-WOFAN,TauGNLJ59,Female,2024-02-17,17/02/2024 07:38,17/02/2024 07:32,tau25,18/02/2024 10:22
5c57cdf8-c674-4761-a266-258ac876f193,Youth,Producers,Kano,Rural,Yes,Production,Yes,Yes,WOFAN,Kano-WOFAN,BebIXX759,Female,2024-02-18,18/02/2024 07:13,18/02/2024 06:56,kir10,18/02/2024 10:24
c279341d-6d2b-41bc-a912-8bc0b478db42,Youth,Marketers,Kano,Rural,Yes,Processing,Yes,Yes,WOFAN,Kano-WOFAN,Gar3U6214,Female,2024-02-18,18/02/2024 08:22,18/02/2024 08:07,bun14,18/02/2024 10:48
3f7b1229-17d4-44f3-8561-8c93ad29c87a,Youth,Producers,Kano,Rural,No,---,Yes,No,WOFAN,Kano-WOFAN,GarVQ0W02,Female,2024-02-18,18/02/2024 07:31,18/02/2024 07:11,bun09,18/02/2024 11:00
9424878d-b669-4abd-ba36-92c86325f30a,Youth,Processors,Jigawa,Rural,No,---,No,No,WOFAN,Jigawa-WOFAN,Jah92O019,Female,2024-02-18,18/02/2024 09:43,18/02/2024 09:33,jah71,18/02/2024 11:00
2126ca7c-01dc-430c-8da0-ac1a196b4556,Youth,Producers,Kano,Rural,Yes,Production,Yes,No,WOFAN,Kano-WOFAN,KurRCZM19,Female,2024-02-18,18/02/2024 10:43,18/02/2024 10:32,kur01,18/02/2024 11:03
21a9738f-6202-487c-8ab2-12e31ef8fa28,Youth,Marketers,Jigawa,Rural,Yes,Agro-Trader,Yes,Yes,WOFAN,Jigawa-WOFAN,JahNNP248,Female,2024-02-18,18/02/2024 11:09,18/02/2024 10:57,jah81,18/02/2024 11:09
a7e767fd-ea2b-4ba6-abf4-89c8d3e53863,Youth,Producers,Kano,Rural,No,---,Yes,No,WOFAN,Kano-WOFAN,GarHH6655,Female,2024-02-18,18/02/2024 09:01,18/02/2024 08:41,bun06,18/02/2024 11:09
e5c93243-24e1-4f5b-b03a-4f1831119e70,Youth,Producers/Processors,Kano,Rural,Yes,Production,Yes,No,WOFAN,Kano-WOFAN,Beb1Q7H21,Female,2024-02-18,18/02/2024 11:12,18/02/2024 10:57,tun21,18/02/2024 11:13
c0a435f4-9285-43fe-baff-428edf9e91fb,Youth,Producers/Processors,Jigawa,Rural,Yes,Production,Yes,Yes,WOFAN,Jigawa-WOFAN,JahUMF035,Female,2024-02-18,18/02/2024 11:19,18/02/2024 11:09,jah50,18/02/2024 11:19
f81e66d9-ea67-450a-8d8a-3e0ae6e76639,Youth,Producers,Jigawa,Rural,Yes,Production,Yes,No,WOFAN,Jigawa-WOFAN,Tau458H42,Female,2024-02-18,17/02/2024 23:46,17/02/2024 23:36,tau22,18/02/2024 11:20
e39eeb07-26a8-4bc5-90e1-f7354502f12d,Youth,Marketers,Gombe,Rural,No,---,Yes,No,WOFAN,Gombe-WOFAN,KalYQJ858,Female,2024-02-18,18/02/2024 10:23,18/02/2024 10:08,kal13,18/02/2024 11:22
9161b318-05bc-46f3-91b3-b5cf98b1ca7b,Youth,Producers,Kano,Urban,Yes,Agro-Input_Dealer,Yes,Yes,WOFAN,Kano-WOFAN,BebEN1729,Female,2024-02-18,18/02/2024 11:23,18/02/2024 11:05,kir02,18/02/2024 11:23
864d09b5-c73a-4752-8422-b79a1e676b6f,Youth,Producers/Processors,Jigawa,Rural,Yes,Production,Yes,Yes,WOFAN,Jigawa-WOFAN,JahKZNF35,Female,2024-02-18,18/02/2024 07:43,18/02/2024 07:34,jah66,18/02/2024 11:29
287daecf-bd72-4bc3-884d-c2a4bb1a915a,Youth,Producers/Processors,Jigawa,Rural,Yes,Production,Yes,Yes,WOFAN,Jigawa-WOFAN,JahDI3K28,Female,2024-02-18,18/02/2024 07:51,18/02/2024 07:44,jah66,18/02/2024 11:29
83dccdcb-fe8e-4a53-bc70-46564e728a27,Youth,Producers,Kano,Rural,Yes,Agro-Input_Dealer,Yes,Yes,WOFAN,Kano-WOFAN,KirQPJS33,Female,2024-02-18,18/02/2024 10:18,18/02/2024 09:57,kir04,18/02/2024 11:31
a23f9e2a-55aa-444e-a73f-87818d64cf65,Youth,Processors,Kano,Rural,Yes,Processing,Yes,No,WOFAN,Kano-WOFAN,BebRHOZ05,Female,2024-02-18,18/02/2024 08:21,18/02/2024 08:06,tun02,18/02/2024 11:31
1e8266ea-f14b-46cf-a366-ae78681eb804,Youth,Producers,Kano,Rural,Yes,Production,Yes,Yes,WOFAN,Kano-WOFAN,KurOQ1X48,Female,2024-02-17,17/02/2024 11:27,17/02/2024 11:19,gmm52,18/02/2024 11:32
1f6ed1b2-d311-4c4e-ad59-4b2a2fd7de30,Youth,Producers,Kano,Rural,Yes,Production,Yes,Yes,WOFAN,Kano-WOFAN,KurGBVT51,Female,2024-02-17,17/02/2024 15:08,17/02/2024 15:01,gmm52,18/02/2024 11:34
f777afb9-45a9-454c-bc11-d2ab73185ae2,Youth,Producers,Gombe,Urban,No,---,No,No,WOFAN,Gombe-WOFAN,GomX00U12,Female,2024-02-18,18/02/2024 11:35,18/02/2024 11:18,gom25,18/02/2024 11:35
6603211d-ae92-4329-baa1-08d11c9c6226,Youth,Processors,Kano,Rural,Yes,Processing,No,No,WOFAN,Kano-WOFAN,BebBCHR16,Female,2024-02-18,18/02/2024 11:07,18/02/2024 11:00,tun31,18/02/2024 11:47
00be2301-5e59-4a65-82d0-a9690fdf55a2,Youth,Producers,Kano,Rural,Yes,Production,Yes,Yes,WOFAN,Kano-WOFAN,KirIF3513,Female,2024-02-18,18/02/2024 09:13,18/02/2024 08:57,kir11,18/02/2024 11:47
ff77d1aa-6d23-4598-9c33-79610dd3be42,Youth,Producers/Processors,Jigawa,Rural,No,---,Yes,No,WOFAN,Jigawa-WOFAN,JahVZWM49,Female,2024-02-18,18/02/2024 11:53,18/02/2024 11:44,jah43,18/02/2024 11:53
ea2dd495-1906-4470-aa08-8e9040e6c578,Youth,Producers/Processors,Jigawa,Rural,Yes,Production,Yes,Yes,WOFAN,Jigawa-WOFAN,JahK1ED42,Female,2024-02-18,18/02/2024 11:55,18/02/2024 11:51,jah54,18/02/2024 11:55
fd391f1a-0a3d-4799-9f25-d354ed578852,Youth,Processors,Jigawa,Rural,Yes,Processing,Yes,Yes,WOFAN,Jigawa-WOFAN,JahY5V827,Female,2024-02-18,18/02/2024 11:59,18/02/2024 11:16,jah83,18/02/2024 11:59
25ce99d7-505b-4213-bf2f-ce0c42c37751,Youth,Producers,Kano,Rural,Yes,Production,Yes,Yes,WOFAN,Kano-WOFAN,Gar7O2E04,Female,2024-02-18,18/02/2024 11:45,18/02/2024 11:32,bun07,18/02/2024 12:00
66515161-d4e1-46d9-8a93-ec71ecdfe399,Youth,Producers,Gombe,Rural,No,---,Yes,No,WOFAN,Gombe-WOFAN,ShoX8ZS26,Female,2024-02-18,18/02/2024 12:03,18/02/2024 11:53,sha03,18/02/2024 12:03
28fec1a1-8450-4cea-80a9-9fdd446376ab,Youth,Processors,Kano,Rural,Yes,Processing,Yes,Yes,WOFAN,Kano-WOFAN,BebGQPH08,Female,2024-02-17,17/02/2024 18:03,17/02/2024 15:58,tun28,18/02/2024 12:07
9f739792-262e-4d1c-8b70-bc87fd62ad9c,Youth,Producers,Kano,Rural,Yes,Mechanization_service_provider,Yes,Yes,WOFAN,Kano-WOFAN,Beb8GP859,Female,2024-02-18,18/02/2024 11:10,18/02/2024 10:59,kir09,18/02/2024 12:07
b5c46659-be7b-4751-97ea-735f55353eb3,Youth,Producers,Kano,Rural,Yes,Production,Yes,No,WOFAN,Kano-WOFAN,KurL4E648,Female,2024-02-18,18/02/2024 10:33,18/02/2024 09:54,kur04,18/02/2024 12:08
582a0b0c-7eea-40e2-ba4b-de0e378ffcf4,Youth,Processors,Kano,Rural,Yes,Processing,Yes,Yes,WOFAN,Kano-WOFAN,BebHGGR20,Female,2024-02-18,18/02/2024 08:02,18/02/2024 07:20,tun28,18/02/2024 12:08
480545ee-da60-407b-947f-97f13d42fccb,Youth,Producers,Kano,Rural,Yes,Production,Yes,Yes,WOFAN,Kano-WOFAN,GarBFIA23,Female,2024-02-18,18/02/2024 09:37,18/02/2024 09:28,kur07,18/02/2024 12:11
fcc79328-90ae-4220-b695-082ea6ba7c99,Youth,Processors,Jigawa,Rural,No,---,No,No,WOFAN,Jigawa-WOFAN,JahQYZI33,Female,2024-02-18,18/02/2024 11:04,18/02/2024 11:02,jah71,18/02/2024 12:20
83514e63-4466-4a2b-9fde-ac4af750c6af,Youth,Producers,Kano,Rural,Yes,Production,Yes,Yes,WOFAN,Kano-WOFAN,BebN83L48,Female,2024-02-18,18/02/2024 10:38,18/02/2024 10:30,kir19,18/02/2024 12:24
2342d56e-0f2d-46e7-b6c8-9af810ac7711,Youth,Producers,Jigawa,Rural,Yes,Production,Yes,Yes,WOFAN,Jigawa-WOFAN,RinOG5V30,Female,2024-02-18,18/02/2024 12:39,18/02/2024 12:26,rin14,18/02/2024 12:40
3cfb2ea9-8cf8-4745-9068-8423b1488828,Youth,Marketers,Jigawa,Rural,No,---,No,No,WOFAN,Jigawa-WOFAN,Jah6POX31,Female,2024-02-18,18/02/2024 12:42,18/02/2024 12:39,jah59,18/02/2024 12:42
000f8b81-042c-4aa5-acc5-afb66009cf69,Youth,Producers,Jigawa,Rural,Yes,Agro-Input_Dealer,Yes,No,WOFAN,Jigawa-WOFAN,Tau6I2B32,Female,2024-02-18,18/02/2024 07:38,18/02/2024 07:31,tau19,18/02/2024 12:50
70a106b4-502a-4d71-bf26-79b81c3863be,Youth,Processors,Kano,Rural,Yes,Processing,Yes,Yes,WOFAN,Kano-WOFAN,GarPG0S42,Female,2024-02-18,18/02/2024 13:01,18/02/2024 12:16,bun02,18/02/2024 13:01
0a08c65c-46be-449b-abf2-cde468682dbc,Youth,Producers,Kano,Rural,No,---,No,No,WOFAN,Kano-WOFAN,GarWLOD03,Female,2024-02-18,18/02/2024 13:10,18/02/2024 13:04,bun17,18/02/2024 13:11
95d7a1d0-0c70-4d9a-927e-a57405b356db,Youth,Producers,Jigawa,Rural,Yes,Agro-Input_Dealer,Yes,No,WOFAN,Jigawa-WOFAN,TauYWHN21,Female,2024-02-18,18/02/2024 10:12,18/02/2024 10:05,tau19,18/02/2024 13:11
284f764e-4b0a-44c1-b813-057c17a09598,Youth,Producers,Bauchi,Urban,No,---,Yes,No,WOFAN,Bauchi-WOFAN,WarDJEU06,Female,2024-02-18,18/02/2024 12:16,18/02/2024 12:03,war03,18/02/2024 13:14
4c43e576-89db-4ee1-aa9d-36939bfeec7f,Youth,Processors,Jigawa,Rural,Yes,Mechanization_service_provider,No,No,WOFAN,Jigawa-WOFAN,Jah6AU840,Female,2024-02-18,18/02/2024 12:48,18/02/2024 12:41,jah75,18/02/2024 13:17
0da42dff-0404-4817-ab56-783c0fca36a9,Youth,Producers,Kano,Rural,No,---,No,No,WOFAN,Kano-WOFAN,GarSOIP28,Female,2024-02-18,18/02/2024 13:17,18/02/2024 13:11,bun17,18/02/2024 13:17
5ed9cba2-714f-4018-bf5f-91868b7f7739,Youth,Producers/Processors,Jigawa,Rural,Yes,Agro-Input_Dealer,Yes,Yes,WOFAN,Jigawa-WOFAN,Jah4IGB40,Female,2024-02-17,17/02/2024 08:59,17/02/2024 08:50,jah63,18/02/2024 13:21
26cf8cc9-75de-40c0-bcc1-e6728ca3bd37,Youth,Producers/Processors,Jigawa,Rural,Yes,Agro-Input_Dealer,Yes,Yes,WOFAN,Jigawa-WOFAN,JahK3QR32,Female,2024-02-17,17/02/2024 10:09,17/02/2024 09:59,jah63,18/02/2024 13:21
11d3f2e6-0017-4391-8597-b3740906b452,Youth,Processors,Gombe,Rural,Yes,Processing,Yes,Yes,WOFAN,Gombe-WOFAN,Kal57MG53,Female,2024-02-18,18/02/2024 11:40,18/02/2024 11:16,kal14,18/02/2024 13:26
be7b56b8-cb6a-404b-a9d2-d867a9efdc8e,Youth,Producers/Processors,Kano,Urban,Yes,Processing,No,No,WOFAN,Kano-WOFAN,Beb6Q1Z43,Female,2024-02-18,18/02/2024 09:32,18/02/2024 09:25,tun11,18/02/2024 13:28
e18dc77e-d38b-4ee7-a75d-399c6705aa53,Youth,Producers,Kano,Rural,Yes,Production,Yes,Yes,WOFAN,Kano-WOFAN,Kir7RFE44,Female,2024-02-18,18/02/2024 10:35,18/02/2024 09:58,kir07,18/02/2024 13:29
60140ae7-80f3-41d9-8ca9-a1665b24a8b2,Youth,Producers/Processors,Kano,Rural,No,---,Yes,Yes,WOFAN,Kano-WOFAN,BebOP6517,Female,2024-02-18,18/02/2024 11:28,18/02/2024 11:20,tun11,18/02/2024 13:30
1343c0c9-91df-446b-b3e5-1057e170805c,Youth,Producers,Kano,Rural,Yes,Production,Yes,Yes,WOFAN,Kano-WOFAN,KirLC5K56,Female,2024-02-18,18/02/2024 12:15,18/02/2024 12:08,kir07,18/02/2024 13:31
4ae09d4c-3309-4b70-87ae-6cb2ad957cfb,Youth,Processors,Jigawa,Rural,Yes,Production,Yes,Yes,WOFAN,Jigawa-WOFAN,RinAS2551,Female,2024-02-18,18/02/2024 13:32,18/02/2024 13:19,rin18,18/02/2024 13:32
cf9216ab-c40b-445e-ae84-616aadec29e6,Youth,Processors,Kano,Rural,Yes,Processing,No,No,WOFAN,Kano-WOFAN,BebIPXX54,Female,2024-02-18,18/02/2024 11:44,18/02/2024 11:38,tun02,18/02/2024 13:35
14cbae2c-c460-43b4-9b61-10708e1b9a0c,Youth,Processors,Kaduna,Rural,Yes,Processing,Yes,No,WOFAN,Kaduna-WOFAN,IkaEM6335,Female,2024-02-17,17/02/2024 13:52,17/02/2024 12:52,ika15,18/02/2024 13:35
5af64e9e-d5cc-472a-a0d8-190e83842bd4,Youth,Processors,Jigawa,Rural,No,---,Yes,No,WOFAN,Jigawa-WOFAN,TauCSF954,Female,2024-02-18,18/02/2024 11:47,18/02/2024 11:28,tau23,18/02/2024 13:50
97a2baed-39a9-47bd-a7f2-ab47d83eebed,Youth,Producers,Kano,Rural,No,---,No,No,WOFAN,Kano-WOFAN,GarQKEY16,Female,2024-02-18,18/02/2024 09:32,18/02/2024 09:04,bun18,18/02/2024 13:58
4617d6e9-e8f5-4c34-aa90-41eedd012e1e,Youth,Producers,Kano,Rural,Yes,Production,Yes,Yes,WOFAN,Kano-WOFAN,Ran5XFX53,Female,2024-02-18,18/02/2024 14:00,18/02/2024 13:53,gmm65,18/02/2024 14:00
60f355cd-3200-4f1f-ae19-f69b265171dd,Youth,Marketers,Jigawa,Rural,No,---,No,No,WOFAN,Jigawa-WOFAN,Mig4N8W34,Female,2024-02-18,18/02/2024 07:47,18/02/2024 07:42,jah70,18/02/2024 14:09
5c431b4b-6bf5-4b52-b99f-92640ca79446,Youth,Marketers,Jigawa,Rural,No,---,No,No,WOFAN,Jigawa-WOFAN,Mig5U9126,Female,2024-02-18,18/02/2024 07:52,18/02/2024 07:49,jah70,18/02/2024 14:09
d55c176a-7ea8-4555-9451-55748a540aeb,Youth,Marketers,Jigawa,Rural,No,---,No,No,WOFAN,Jigawa-WOFAN,Mig0TQF51,Female,2024-02-18,18/02/2024 07:57,18/02/2024 07:53,jah70,18/02/2024 14:09
fa22aa29-10f4-4730-83d6-049de2e3a818,Youth,Producers/Processors,Kano,Rural,Yes,Processing,Yes,No,WOFAN,Kano-WOFAN,TudWQ0C36,Female,2024-02-18,18/02/2024 11:49,18/02/2024 11:23,tun33,18/02/2024 14:11
9d0a7c2d-7112-4c7e-967b-5b6083e64346,Youth,Producers/Processors,Jigawa,Rural,Yes,Production,Yes,Yes,WOFAN,Jigawa-WOFAN,RinOH7R58,Female,2024-02-18,18/02/2024 14:13,18/02/2024 13:54,rin23,18/02/2024 14:13
987fd2c2-99b5-4ccd-9364-a0f8859b6838,Youth,Producers/Processors,Jigawa,Rural,Yes,Production,Yes,Yes,WOFAN,Jigawa-WOFAN,Rin2Z8019,Female,2024-02-18,18/02/2024 14:13,18/02/2024 12:22,rin23,18/02/2024 14:13
780e263d-53e8-476e-8502-558c595262e9,Youth,Producers/Processors,Jigawa,Rural,No,---,Yes,No,WOFAN,Jigawa-WOFAN,RinLUBF15,Female,2024-02-18,18/02/2024 13:25,18/02/2024 13:21,rin17,18/02/2024 14:14
7b3eeb10-9ade-48ca-9786-3fc73604dad7,Youth,Producers,Jigawa,Rural,Yes,Agro-Input_Dealer,Yes,Yes,WOFAN,Jigawa-WOFAN,JahW2FH48,Female,2024-02-18,18/02/2024 09:52,18/02/2024 09:41,jah65,18/02/2024 14:17
2c74417a-4b35-46ac-8499-92b6d004d819,Youth,Producers/Processors,Jigawa,Rural,No,---,No,No,WOFAN,Jigawa-WOFAN,JahXMGS38,Female,2024-02-18,18/02/2024 14:18,18/02/2024 13:36,jah43,18/02/2024 14:18
8026ae4e-6a1d-4120-9279-7d5170c68fd0,Youth,Processors,Jigawa,Rural,Yes,Production,Yes,Yes,WOFAN,Jigawa-WOFAN,RinMUWS50,Female,2024-02-18,18/02/2024 14:19,18/02/2024 14:02,rin18,18/02/2024 14:19
b807b85c-1cfd-47a6-b625-c23720c1a253,Youth,Producers,Kano,Rural,Yes,Production,Yes,Yes,WOFAN,Kano-WOFAN,Beb8J9048,Female,2024-02-18,18/02/2024 08:47,18/02/2024 07:42,kir01,18/02/2024 14:26
e91e4405-a751-4c6e-98a2-8346d2e920fc,Youth,Producers,Jigawa,Rural,Yes,Production,Yes,No,WOFAN,Jigawa-WOFAN,Jah1EF642,Female,2024-02-18,18/02/2024 10:41,18/02/2024 10:26,jah39,18/02/2024 14:27
f9a6f7e8-3d05-4adb-a70d-52450590759e,Youth,Processors,Kano,Rural,Yes,Mechanization_service_provider,No,Yes,WOFAN,Kano-WOFAN,BebEDZE14,Female,2024-02-18,18/02/2024 13:44,18/02/2024 13:39,tun11,18/02/2024 14:54
0884c317-ba53-4a2e-9ec5-72f3351f7cc8,Youth,Marketers,Jigawa,Rural,Yes,Agro-Trader,Yes,Yes,WOFAN,Jigawa-WOFAN,JahTV9238,Female,2024-02-18,18/02/2024 14:55,18/02/2024 14:45,jah81,18/02/2024 14:55
619e13a3-df8b-49cb-a59e-cd5c77396a18,Youth,Producers/Processors,Kano,Rural,Yes,Production,Yes,No,WOFAN,Kano-WOFAN,KurJRGV43,Female,2024-02-18,18/02/2024 08:37,18/02/2024 08:11,gmm55,18/02/2024 14:55
6bc18d55-cddf-43cd-b52a-e24c66fb2e6b,Youth,Marketers,Jigawa,Rural,Yes,Agro-Trader,Yes,Yes,WOFAN,Jigawa-WOFAN,JahALO544,Female,2024-02-18,18/02/2024 10:21,18/02/2024 10:13,jah79,18/02/2024 14:59
1206c537-e5c6-49ac-8c8b-5d04ea2a4423,Youth,Processors,Jigawa,Rural,No,---,Yes,No,WOFAN,Jigawa-WOFAN,Rin63WB50,Female,2024-02-18,18/02/2024 14:21,18/02/2024 13:57,rin24,18/02/2024 15:04
786d0527-7161-4072-af59-525a5bfa2eae,Youth,Processors,Jigawa,Rural,No,---,Yes,No,WOFAN,Jigawa-WOFAN,Rin7DI131,Female,2024-02-18,18/02/2024 14:31,18/02/2024 14:23,rin24,18/02/2024 15:04
82947171-47c2-4e41-8451-1b3216851256,Youth,Processors,Kano,Rural,Yes,Production,Yes,Yes,WOFAN,Kano-WOFAN,GarN24W53,Female,2024-02-18,18/02/2024 11:40,18/02/2024 11:26,gmm50,18/02/2024 15:11
fd571115-d2da-4b64-ae8c-c226be745e24,Youth,Agro_Artisans,Bauchi,Rural,Yes,Agro-Trader,Yes,No,WOFAN,Bauchi-WOFAN,DasOD7819,Female,2024-02-18,18/02/2024 10:09,18/02/2024 09:57,das07,18/02/2024 15:11
69bffc43-20fc-43db-af21-a18572ad15e6,Youth,Processors,Kano,Rural,Yes,Production,Yes,No,WOFAN,Kano-WOFAN,Gar5ZX913,Female,2024-02-18,18/02/2024 14:59,18/02/2024 14:48,gmm50,18/02/2024 15:12
6f1b1de9-ed5b-4ab9-ae84-7e95100fe471,Youth,Producers,Kano,Rural,Yes,Production,Yes,No,WOFAN,Kano-WOFAN,BebNP8012,Female,2024-02-18,18/02/2024 08:16,18/02/2024 07:55,kir22,18/02/2024 15:24
75802ba1-7a1e-4935-af38-2517034cb0e9,Youth,Producers,Kano,Rural,No,---,Yes,No,WOFAN,Kano-WOFAN,GarGXFV07,Female,2024-02-18,18/02/2024 15:24,18/02/2024 15:15,bun06,18/02/2024 15:25
8c71d1c3-e3a7-4959-90a4-06d5f73f0126,Youth,Producers,Gombe,Rural,No,---,No,No,WOFAN,Gombe-WOFAN,ShoER4Q31,Female,2024-02-18,18/02/2024 15:32,18/02/2024 15:15,sha01,18/02/2024 15:32
9156e768-a470-4c94-aa82-c18f587389df,Youth,Processors,Kano,Rural,No,---,Yes,Yes,WOFAN,Kano-WOFAN,TudRAFK45,Female,2024-02-18,18/02/2024 15:33,18/02/2024 15:13,tun11,18/02/2024 15:33
ab0c147e-5c31-4ab4-be0a-f145bb6f2966,Youth,Processors,Kano,Rural,Yes,Processing,Yes,Yes,WOFAN,Kano-WOFAN,BebVV0G15,Female,2024-02-18,18/02/2024 08:40,18/02/2024 08:34,tun29,18/02/2024 15:37
a9faba30-792d-49a7-9b47-de1e6ef8fad6,Youth,Processors,Jigawa,Rural,Yes,Processing,Yes,Yes,WOFAN,Jigawa-WOFAN,JahI8DX48,Female,2024-02-18,18/02/2024 07:52,18/02/2024 07:46,jah50,18/02/2024 15:44
9542a271-3dfb-4a40-995d-93dc489fd0c0,Youth,Processors,Jigawa,Rural,Yes,Processing,Yes,Yes,WOFAN,Jigawa-WOFAN,JahBANI54,Female,2024-02-18,18/02/2024 07:55,18/02/2024 07:52,jah50,18/02/2024 15:44
09f01638-ee67-490d-b9cc-16ff149cfb31,Youth,Processors,Jigawa,Rural,Yes,Processing,Yes,Yes,WOFAN,Jigawa-WOFAN,JahB1F520,Female,2024-02-18,18/02/2024 07:58,18/02/2024 07:55,jah50,18/02/2024 15:44
89c254fb-42b0-48d9-853d-2b62d88b2e0b,Youth,Processors,Jigawa,Rural,Yes,Processing,Yes,Yes,WOFAN,Jigawa-WOFAN,Jah8LF417,Female,2024-02-18,18/02/2024 08:04,18/02/2024 07:59,jah50,18/02/2024 15:44
9bfaff3d-78a6-488a-be04-602485a7bcd5,Youth,Processors,Jigawa,Rural,Yes,Processing,Yes,Yes,WOFAN,Jigawa-WOFAN,JahUZ7445,Female,2024-02-18,18/02/2024 08:07,18/02/2024 08:04,jah50,18/02/2024 15:44
7d23dbd2-5f7d-4fbf-89be-dbb127fd613e,Youth,Producers,Kano,Rural,Yes,Production,Yes,Yes,WOFAN,Kano-WOFAN,GarS5T827,Female,2024-02-18,18/02/2024 12:45,18/02/2024 12:32,kur07,18/02/2024 15:47
c2663596-bbd0-4da9-b04e-07fd39fa1f4f,Youth,Producers,Jigawa,Rural,Yes,Production,Yes,Yes,WOFAN,Jigawa-WOFAN,JahYNAE32,Female,2024-02-18,18/02/2024 12:52,18/02/2024 12:37,jah52,18/02/2024 15:48
ab540ab0-9316-49ba-9608-9709e413bce7,Youth,Marketers,Kano,Urban,Yes,Agro-Trader,Yes,Yes,WOFAN,Kano-WOFAN,GarZ96K10,Female,2024-02-18,18/02/2024 11:54,18/02/2024 11:46,gmm66,18/02/2024 15:50
315b7952-c445-479b-acf2-558a03727ad4,Youth,Producers/Processors,Jigawa,Rural,Yes,Production,Yes,No,WOFAN,Jigawa-WOFAN,JahJYCZ20,Female,2024-02-18,18/02/2024 15:52,18/02/2024 15:38,jah73,18/02/2024 15:52
4bd76639-706f-40f5-af46-6df68cb78a8f,Youth,Processors,Kaduna,Rural,Yes,Processing,Yes,No,WOFAN,Kaduna-WOFAN,IkaAZK824,Female,2024-02-18,18/02/2024 10:53,18/02/2024 10:43,ika13,18/02/2024 15:53
b5d61d6f-9ed2-48fe-bcae-94f131106f52,Youth,Processors,Kaduna,Rural,Yes,Processing,Yes,No,WOFAN,Kaduna-WOFAN,IkaVN2C58,Female,2024-02-18,18/02/2024 11:04,18/02/2024 10:54,ika13,18/02/2024 15:54
f8411ff8-b63a-4cfa-b0fd-51399484fbe8,Youth,Processors,Bauchi,Rural,Yes,Processing,Yes,Yes,WOFAN,Bauchi-WOFAN,Das24BO01,Female,2024-02-18,18/02/2024 12:47,18/02/2024 12:22,das08,18/02/2024 15:56
26f6a49b-8d1a-4084-8485-93d690c0a94c,Youth,Marketers,Kano,Rural,Yes,Processing,Yes,No,WOFAN,Kano-WOFAN,Beb6R2338,Female,2024-02-18,18/02/2024 08:07,18/02/2024 07:57,tun32,18/02/2024 15:56
ceafed4b-c6b6-40d4-9ba1-c9a6dc270ff8,Youth,Producers,Kano,Peri_urban,Yes,Production,Yes,No,WOFAN,Kano-WOFAN,BebBUZN28,Female,2024-02-18,18/02/2024 13:14,18/02/2024 12:57,kir06,18/02/2024 15:57
5299c0c4-e129-4900-bb67-f0dacf6043bd,Youth,Producers/Processors,Kano,Rural,Yes,Production,Yes,No,WOFAN,Kano-WOFAN,KurXPCK15,Female,2024-02-18,18/02/2024 08:25,18/02/2024 08:08,gmm49,18/02/2024 16:02
21d627a1-b4e7-44ab-8f1f-974d939d8b72,Youth,Producers,Kano,Rural,No,---,Yes,No,WOFAN,Kano-WOFAN,GarHJSI13,Female,2024-02-18,18/02/2024 12:22,18/02/2024 11:55,bun09,18/02/2024 16:02
1fd942c1-6a72-4ec9-bbfc-7ec04ea841b5,Youth,Producers/Processors,Kano,Peri_urban,Yes,Production,No,Yes,WOFAN,Kano-WOFAN,Gar1CHF47,Female,2024-02-18,18/02/2024 09:02,18/02/2024 08:46,bun16,18/02/2024 16:04
01b6c55d-42b6-41d2-94e9-d331870002bb,Youth,Producers/Processors,Kano,Urban,No,---,No,No,WOFAN,Kano-WOFAN,GarSRDL22,Female,2024-02-18,18/02/2024 09:14,18/02/2024 09:02,bun16,18/02/2024 16:05
213c6136-7fdd-4953-9fa5-d7f2530fa360,Youth,Producers/Processors,Bauchi,Urban,Yes,Production,Yes,No,WOFAN,Bauchi-WOFAN,AlkC3BW50,Female,2024-02-18,18/02/2024 16:06,18/02/2024 15:27,alk02,18/02/2024 16:06
52ea3e14-6299-4abd-8df7-c750aff53fb2,Youth,Producers/Processors,Kaduna,Rural,No,---,No,No,WOFAN,Kaduna-WOFAN,IkaKBWF13,Female,2024-02-18,18/02/2024 16:06,18/02/2024 16:00,ika14,18/02/2024 16:07
8ea396f1-f7b8-4a61-a263-41091e789676,Youth,Producers/Processors,Jigawa,Rural,Yes,Processing,Yes,No,WOFAN,Jigawa-WOFAN,Jah9UCY48,Female,2024-02-18,18/02/2024 16:09,18/02/2024 15:53,jah73,18/02/2024 16:09
63fb8f09-a7ef-4e00-8b77-751324c0e373,Youth,Producers/Processors,Kano,Rural,No,---,No,No,WOFAN,Kano-WOFAN,BebN8HD03,Female,2024-02-17,17/02/2024 10:33,17/02/2024 10:28,tun22,18/02/2024 16:13
776b3cb0-c4ae-4d1a-a03e-16981a66336f,Youth,Producers/Processors,Kano,Rural,No,---,No,No,WOFAN,Kano-WOFAN,BebJT2354,Female,2024-02-18,18/02/2024 12:21,18/02/2024 12:18,tun22,18/02/2024 16:15
205503d6-3efe-4ee9-a661-2edbd3b1c2b8,Youth,Processors,Kano,Rural,Yes,Processing,Yes,No,WOFAN,Kano-WOFAN,RimOVZ931,Female,2024-02-18,18/02/2024 15:47,18/02/2024 15:36,rig11,18/02/2024 16:15
b88b586e-3051-4ac9-89c2-01a1c28148fe,Youth,Producers/Processors,Kaduna,Rural,Yes,Agro-Exporter,Yes,No,WOFAN,Kaduna-WOFAN,IkaPFG842,Female,2024-02-18,18/02/2024 08:29,18/02/2024 08:20,ika26,18/02/2024 16:22
5fa36b5f-e5f5-4393-9a71-10ac4a8ee7ca,Youth,Producers/Processors,Kaduna,Rural,Yes,Agro-Input_Dealer,Yes,No,WOFAN,Kaduna-WOFAN,IkaWWIS43,Female,2024-02-18,18/02/2024 11:09,18/02/2024 10:38,ika26,18/02/2024 16:22
17326bf6-957e-4a7a-a70d-06ef92d373fa,Youth,Producers/Processors,Kano,Rural,No,---,Yes,No,WOFAN,Kano-WOFAN,Beb7PFR22,Female,2024-02-18,18/02/2024 14:31,18/02/2024 14:26,tun22,18/02/2024 16:30
5c92028c-a845-41f6-b0fc-7f5f94ba15b7,Youth,Producers,Kano,Rural,Yes,Production,Yes,Yes,WOFAN,Kano-WOFAN,KirZ70H28,Female,2024-02-18,18/02/2024 16:31,18/02/2024 16:10,kir11,18/02/2024 16:32
6b4371d8-28ce-41f2-bd70-826fc1c70855,Youth,Processors,Kano,Rural,No,---,No,No,WOFAN,Kano-WOFAN,BebJIC742,Female,2024-02-18,18/02/2024 10:42,18/02/2024 10:11,tun24,18/02/2024 16:33
98028fb1-0bee-4dfc-85d7-5c29ab59cfb1,Youth,Processors,Kano,Rural,No,---,No,No,WOFAN,Kano-WOFAN,Beb4JOW24,Female,2024-02-18,18/02/2024 14:04,18/02/2024 13:58,tun24,18/02/2024 16:34
720f00f2-79fd-4f69-a687-977f404edb87,Youth,Producers,Bauchi,Rural,Yes,Production,Yes,No,WOFAN,Bauchi-WOFAN,TafDB7N17,Female,2024-02-18,18/02/2024 09:01,18/02/2024 08:50,taf05,18/02/2024 16:42
3eb60045-3278-4c74-8084-1e105fd7e7b7,Youth,Producers,Kano,Rural,Yes,Production,Yes,Yes,WOFAN,Kano-WOFAN,BebBHHP24,Female,2024-02-18,18/02/2024 15:10,18/02/2024 15:05,kir19,18/02/2024 16:43
50284c88-2ee4-4807-ad81-52a00cb981b7,Youth,Producers,Kano,Rural,Yes,Production,Yes,Yes,WOFAN,Kano-WOFAN,GarJY0Z30,Female,2024-02-18,18/02/2024 14:02,18/02/2024 13:48,bun03,18/02/2024 16:44
bebfdb18-6a0f-46f2-8cb3-6820463bfc48,Youth,Producers,Kano,Rural,Yes,Production,Yes,Yes,WOFAN,Kano-WOFAN,Gar2I3V18,Female,2024-02-18,18/02/2024 14:10,18/02/2024 14:02,bun03,18/02/2024 16:44
034dbd7a-ceeb-499e-8cf2-e696e5123bf3,Youth,Producers,Kano,Rural,Yes,Production,Yes,Yes,WOFAN,Kano-WOFAN,GarK59Z58,Female,2024-02-18,18/02/2024 14:18,18/02/2024 14:11,bun03,18/02/2024 16:44
8a23e866-55f5-4498-b901-6714a5a132d2,Youth,Producers,Kano,Rural,Yes,Production,Yes,Yes,WOFAN,Kano-WOFAN,GarBEH044,Female,2024-02-18,18/02/2024 16:26,18/02/2024 16:14,bun03,18/02/2024 16:44
080332cd-1511-4b42-9928-024dde75de9e,Youth,Producers,Kano,Rural,Yes,Production,Yes,Yes,WOFAN,Kano-WOFAN,GarM5NT25,Female,2024-02-18,18/02/2024 16:42,18/02/2024 16:26,bun03,18/02/2024 16:44
1ebefbca-8155-4c06-b673-78390d4cb9ee,Youth,Processors,Kano,Rural,No,---,No,No,WOFAN,Kano-WOFAN,BebQRFZ36,Female,2024-02-18,18/02/2024 11:31,18/02/2024 09:32,tun26,18/02/2024 16:46
3c08828c-56f7-4800-bfba-b54e5e9a3cd9,Youth,Producers,Jigawa,Rural,Yes,Production,Yes,Yes,WOFAN,Jigawa-WOFAN,RinQQH714,Female,2024-02-18,18/02/2024 13:34,18/02/2024 13:26,rin11,18/02/2024 16:47
5a5dadd1-0420-4cf3-bba7-0b8e7a558faa,Youth,Processors,Kano,Rural,Yes,Mechanization_service_provider,Yes,Yes,WOFAN,Kano-WOFAN,RanQTXR50,Female,2024-02-18,18/02/2024 16:48,18/02/2024 16:29,gmm65,18/02/2024 16:48
5ee12c6f-9a1e-44a1-9168-779f2dba68aa,Youth,Producers,Bauchi,Rural,Yes,Production,Yes,No,WOFAN,Bauchi-WOFAN,TafEV3C39,Female,2024-02-18,18/02/2024 12:50,18/02/2024 12:23,taf05,18/02/2024 16:48
0e3f06b9-0d37-45f0-981e-0ef9a47370b6,Youth,Producers/Processors,Kano,Peri_urban,No,---,No,No,WOFAN,Kano-WOFAN,TofLTV337,Female,2024-02-18,18/02/2024 16:52,18/02/2024 16:37,bag01,18/02/2024 16:52
56d14fcd-00e6-4a27-aa5f-fccde149aa20,Youth,Producers,Kano,Rural,Yes,Production,Yes,Yes,WOFAN,Kano-WOFAN,KirVXIX55,Female,2024-02-18,18/02/2024 13:48,18/02/2024 13:40,kir07,18/02/2024 17:13
19ba3a61-ed66-4c72-b165-d918e58e7ae1,Youth,Producers,Kano,Rural,Yes,Agro-Input_Dealer,Yes,No,WOFAN,Kano-WOFAN,GarB2R215,Female,2024-02-18,18/02/2024 16:32,18/02/2024 16:28,gmm60,18/02/2024 17:13
9c133720-ea63-420b-9933-695b64c843b4,Youth,Marketers,Kano,Rural,Yes,Processing,Yes,Yes,WOFAN,Kano-WOFAN,GarEQC204,Female,2024-02-18,18/02/2024 12:01,18/02/2024 11:55,bun14,18/02/2024 17:13
b641f208-9b7b-48a1-86e5-fc4d5837e8bd,Youth,Processors,Kaduna,Rural,No,---,Yes,Yes,WOFAN,Kaduna-WOFAN,IkaRHYM20,Female,2024-02-18,18/02/2024 10:09,18/02/2024 09:46,ika30,18/02/2024 17:17
0db28e6b-0d13-4f3e-8556-d387bfd81209,Youth,Marketers,Kano,Rural,Yes,Processing,Yes,Yes,WOFAN,Kano-WOFAN,TudAOQA08,Female,2024-02-18,18/02/2024 11:26,18/02/2024 10:00,tun01,18/02/2024 17:17
44e25f54-496b-4d65-9352-344c27ec0fc1,Youth,Processors,Kaduna,Rural,Yes,Processing,Yes,Yes,WOFAN,Kaduna-WOFAN,Ika125629,Female,2024-02-18,18/02/2024 10:31,18/02/2024 10:15,ika30,18/02/2024 17:17
b9c7e375-ed85-4b25-9235-e6afda817040,Youth,Processors,Jigawa,Rural,Yes,Processing,Yes,Yes,WOFAN,Jigawa-WOFAN,Jah5Z9I58,Female,2024-02-18,18/02/2024 10:23,18/02/2024 10:19,jah47,18/02/2024 17:19
9c3f4989-adc0-4d74-a124-dc80dcc72b6a,Youth,Processors,Jigawa,Rural,Yes,Processing,Yes,Yes,WOFAN,Jigawa-WOFAN,Jah214529,Female,2024-02-18,18/02/2024 10:28,18/02/2024 10:23,jah47,18/02/2024 17:19
d12f8f22-6465-44ec-93c0-04d3a0e1ec3d,Youth,Processors,Jigawa,Rural,Yes,Processing,Yes,Yes,WOFAN,Jigawa-WOFAN,JahGSTT30,Female,2024-02-18,18/02/2024 10:33,18/02/2024 10:28,jah47,18/02/2024 17:19
517069bb-7841-466a-b1f8-3e507c6a202b,Youth,Processors,Jigawa,Rural,Yes,Processing,Yes,Yes,WOFAN,Jigawa-WOFAN,JahPRR334,Female,2024-02-18,18/02/2024 10:40,18/02/2024 10:33,jah47,18/02/2024 17:19
dfb2c491-3703-4849-9bd4-4ad0a5d86e6e,Youth,Processors,Jigawa,Rural,Yes,Processing,Yes,Yes,WOFAN,Jigawa-WOFAN,JahSOSP44,Female,2024-02-18,18/02/2024 10:48,18/02/2024 10:40,jah47,18/02/2024 17:19
b67dcc62-fd4c-4eb6-b4e0-4ad7eac76671,Youth,Producers,Jigawa,Rural,No,---,Yes,Yes,WOFAN,Jigawa-WOFAN,JahV9NE10,Female,2024-02-18,18/02/2024 17:19,18/02/2024 16:57,jah46,18/02/2024 17:19
6a239436-6a98-42e3-9b14-669553012f78,Youth,Producers/Processors,Jigawa,Rural,Yes,Processing,Yes,Yes,WOFAN,Jigawa-WOFAN,JahXOBJ31,Female,2024-02-18,18/02/2024 17:06,18/02/2024 16:56,jah83,18/02/2024 17:20
1c816db0-9042-45a5-8046-b26706147e27,Youth,Marketers,Kano,Rural,Yes,Processing,Yes,Yes,WOFAN,Kano-WOFAN,TudGO2Q52,Female,2024-02-18,18/02/2024 14:27,18/02/2024 14:20,tun01,18/02/2024 17:20
05268f19-1b92-4f85-9074-7cf477d082cc,Youth,Producers,Jigawa,Rural,Yes,Production,Yes,No,WOFAN,Jigawa-WOFAN,TauPF0S21,Female,2024-02-18,18/02/2024 11:23,18/02/2024 11:07,tau24,18/02/2024 17:20
f02465e5-f2ca-45c4-8ffa-d71f9206b93b,Youth,Processors,Jigawa,Rural,No,---,No,No,WOFAN,Jigawa-WOFAN,JahPWH744,Female,2024-02-18,18/02/2024 17:21,18/02/2024 17:13,jah50,18/02/2024 17:21
81741d6b-235d-4aac-8e46-9b9a5ea058e5,Youth,Processors,Jigawa,Rural,Yes,Processing,Yes,Yes,WOFAN,Jigawa-WOFAN,RinFWK049,Female,2024-02-18,18/02/2024 14:47,18/02/2024 14:09,rin15,18/02/2024 17:23
465ef717-efa9-45d9-b39f-d5ba9379c782,Youth,Producers/Processors,Jigawa,Rural,Yes,Production,Yes,Yes,WOFAN,Jigawa-WOFAN,TauHBTS36,Female,2024-02-18,18/02/2024 14:50,18/02/2024 14:38,tau24,18/02/2024 17:23
5f97ca13-9eda-4b02-850f-77cee8584757,Youth,Processors,Kaduna,Rural,Yes,Production,Yes,No,WOFAN,Kaduna-WOFAN,IkaMMMG36,Female,2024-02-18,18/02/2024 11:02,18/02/2024 10:55,ika28,18/02/2024 17:23
12981bf4-d566-44c4-af85-4d71f5cf9038,Youth,Processors,Kaduna,Rural,Yes,Production,Yes,No,WOFAN,Kaduna-WOFAN,Ika6OWI05,Female,2024-02-18,18/02/2024 13:36,18/02/2024 13:27,ika28,18/02/2024 17:25
6428f472-d5fb-4b1e-a972-ff7898daeec4,Youth,Processors,Kaduna,Rural,Yes,Production,Yes,No,WOFAN,Kaduna-WOFAN,Ika8UA929,Female,2024-02-18,18/02/2024 15:26,18/02/2024 15:19,ika28,18/02/2024 17:26
2fc08f47-52ac-4a3d-a68e-c1e20f6198a6,Youth,Processors,Bauchi,Rural,Yes,Processing,Yes,Yes,WOFAN,Bauchi-WOFAN,Das4DVW46,Female,2024-02-18,18/02/2024 11:56,18/02/2024 11:00,das08,18/02/2024 17:34
bf729297-dbcd-46fc-a3e2-aa9ca6bc4a6a,Youth,Marketers,Jigawa,Rural,No,---,Yes,Yes,WOFAN,Jigawa-WOFAN,JahHX0539,Female,2024-02-18,18/02/2024 14:29,18/02/2024 14:23,jah80,18/02/2024 17:41
dc79b4bd-3d0c-4679-9665-4e525afdb4ed,Youth,Producers/Processors,Jigawa,Rural,Yes,Agro-Input_Dealer,Yes,Yes,WOFAN,Jigawa-WOFAN,Jah86YY04,Female,2024-02-18,18/02/2024 10:27,18/02/2024 10:05,jah44,18/02/2024 17:43
b3298365-5274-4f0f-8c08-3e30c388b683,Youth,Producers/Processors,Jigawa,Rural,Yes,Production,Yes,Yes,WOFAN,Jigawa-WOFAN,JahE95639,Female,2024-02-18,18/02/2024 13:54,18/02/2024 13:46,jah44,18/02/2024 17:44
51ccb4d1-c326-4b14-b332-cc47b8b05aee,Youth,Producers,Kano,Rural,Yes,Agro-Input_Dealer,Yes,Yes,WOFAN,Kano-WOFAN,BebEFRF07,Female,2024-02-18,18/02/2024 11:03,18/02/2024 10:46,kir13,18/02/2024 17:45
66d25e44-aaf6-416f-8ffb-bb5e320f796b,Youth,Processors,Kaduna,Rural,Yes,Production,Yes,No,WOFAN,Kaduna-WOFAN,IkaSN9S32,Female,2024-02-18,18/02/2024 16:50,18/02/2024 16:43,ika32,18/02/2024 17:46
a3044055-4984-49e2-aaef-cd518a0874cd,Youth,Processors,Kano,Rural,No,---,No,No,WOFAN,Kano-WOFAN,TudXD8754,Female,2024-02-18,18/02/2024 16:01,18/02/2024 15:55,tun15,18/02/2024 17:49
1ca8b5f9-9f45-48a5-aca7-d730a527e77d,Youth,Processors,Jigawa,Rural,Yes,Processing,Yes,No,WOFAN,Jigawa-WOFAN,Rin52YM49,Female,2024-02-18,18/02/2024 14:59,18/02/2024 14:54,rin26,18/02/2024 17:51
e135990a-fd56-45f6-98cb-f0ff0eaf2fa5,Youth,Producers,Kano,Rural,No,---,Yes,No,WOFAN,Kano-WOFAN,KurUN8228,Female,2024-02-18,18/02/2024 17:30,18/02/2024 17:23,kur04,18/02/2024 17:56
b0dfe6bf-a2fd-4fdd-9ce0-ca876b8a18ed,Youth,Marketers,Kano,Rural,No,---,Yes,No,WOFAN,Kano-WOFAN,GarMDZC55,Female,2024-02-18,18/02/2024 09:34,18/02/2024 09:09,gmm51,18/02/2024 17:58
1794141b-3de2-4218-93f0-3838f161179a,Youth,Producers/Processors,Jigawa,Rural,Yes,Mechanization_service_provider,Yes,Yes,WOFAN,Jigawa-WOFAN,JahAPBU24,Female,2024-02-18,18/02/2024 14:44,18/02/2024 14:36,jah49,18/02/2024 17:59
c2b85ae0-7899-402b-93be-68f9b4e1e72d,Youth,Producers,Kano,Rural,Yes,Agro-Input_Dealer,Yes,Yes,WOFAN,Kano-WOFAN,KirCV1618,Female,2024-02-18,18/02/2024 14:29,18/02/2024 14:17,kir04,18/02/2024 18:11
d98c335d-8928-496d-a102-c88e7c14845c,Youth,Producers,Jigawa,Rural,Yes,Production,Yes,Yes,WOFAN,Jigawa-WOFAN,RinK67024,Female,2024-02-18,18/02/2024 13:24,18/02/2024 13:13,rin16,18/02/2024 18:15
1bb7ffda-b5cb-4bdc-909b-41d14d7f1357,Youth,Marketers,Jigawa,Rural,No,---,No,Yes,WOFAN,Jigawa-WOFAN,MigT2KS39,Female,2024-02-17,17/02/2024 17:51,17/02/2024 16:57,jah70,18/02/2024 18:17
c0b6ce61-e4f9-4418-bed0-19a4fa50dbe0,Youth,Processors,Kano,Rural,Yes,Processing,Yes,Yes,WOFAN,Kano-WOFAN,BebR3M052,Female,2024-02-18,18/02/2024 16:15,18/02/2024 16:10,tun29,18/02/2024 18:18
506cd423-fab5-48aa-9fe5-1c5251dcb27f,Youth,Producers,Kano,Rural,Yes,Agro-Input_Dealer,Yes,Yes,WOFAN,Kano-WOFAN,BebY1KP44,Female,2024-02-18,18/02/2024 18:18,18/02/2024 18:07,kir02,18/02/2024 18:18
92729efe-02c7-4645-bb20-628da9bcfbae,Youth,Marketers,Jigawa,Rural,Yes,Production,Yes,Yes,WOFAN,Jigawa-WOFAN,Mig431547,Female,2024-02-18,18/02/2024 13:41,18/02/2024 13:27,jah70,18/02/2024 18:19
41c9a331-64cb-4da7-ac68-feb36754d5dc,Youth,Processors,Kano,Rural,Yes,Processing,Yes,Yes,WOFAN,Kano-WOFAN,BebX3TU08,Female,2024-02-18,18/02/2024 17:28,18/02/2024 17:25,tun29,18/02/2024 18:19
17bbe51b-25b2-4920-bdcf-bc1e080f8db2,Youth,Producers,Jigawa,Rural,Yes,Agro-Input_Dealer,Yes,Yes,WOFAN,Jigawa-WOFAN,RinLTSM19,Female,2024-02-18,18/02/2024 13:43,18/02/2024 13:25,rin25,18/02/2024 18:22
cfc1d428-5c44-4288-b378-0222fab9aa35,Youth,Producers,Kano,Rural,Yes,Production,Yes,No,WOFAN,Kano-WOFAN,BebIRJS32,Female,2024-02-18,18/02/2024 11:00,18/02/2024 10:41,tun27,18/02/2024 18:24
94e42cec-ed8c-469e-9d2d-5a03bdc0c82f,Youth,Producers,Kano,Rural,Yes,Production,Yes,No,WOFAN,Kano-WOFAN,BebXEK240,Female,2024-02-18,18/02/2024 13:40,18/02/2024 13:23,tun27,18/02/2024 18:27
c846b0bc-c781-435c-abf1-bb0dfc6035b4,Youth,Producers,Kano,Rural,Yes,Agro-Input_Dealer,Yes,No,WOFAN,Kano-WOFAN,GarX9E500,Female,2024-02-18,18/02/2024 18:25,18/02/2024 18:13,bun06,18/02/2024 18:28
aa83da5f-6826-4046-a468-a1a7a3dddfea,Youth,Producers/Processors,Jigawa,Rural,Yes,Production,Yes,No,WOFAN,Jigawa-WOFAN,JahKEPZ06,Female,2024-02-18,18/02/2024 15:51,18/02/2024 15:38,jah73,18/02/2024 18:29
0bbc4b00-9c78-4c9f-b5f0-784d8fa9e8a3,Youth,Processors,Jigawa,Rural,No,---,Yes,No,WOFAN,Jigawa-WOFAN,Tau3Z4R24,Female,2024-02-18,18/02/2024 10:36,18/02/2024 10:26,tau29,18/02/2024 18:30
9375e12c-1440-44b8-a316-3513be661a5c,Youth,Processors,Kano,Rural,Yes,Processing,Yes,Yes,WOFAN,Kano-WOFAN,Beb5GT156,Female,2024-02-18,18/02/2024 13:51,18/02/2024 13:43,tun02,18/02/2024 18:34
f60655c3-ac76-473e-97c0-14e7f3c6d413,Youth,Producers,Jigawa,Rural,Yes,Production,Yes,Yes,WOFAN,Jigawa-WOFAN,RinP1V336,Female,2024-02-18,18/02/2024 18:23,18/02/2024 18:12,rin14,18/02/2024 18:43
a2bfa184-f652-4a51-99f8-ca1dab10f5de,Youth,Processors,Jigawa,Rural,No,---,No,No,WOFAN,Jigawa-WOFAN,TauZ3G749,Female,2024-02-18,18/02/2024 14:20,18/02/2024 14:16,tau23,18/02/2024 18:44
a563de48-b7ee-4b50-9678-2cf04013a3b4,Youth,Processors,Kano,Rural,Yes,Processing,Yes,Yes,WOFAN,Kano-WOFAN,Beb2X5A10,Female,2024-02-18,18/02/2024 11:41,18/02/2024 11:21,tun07,18/02/2024 18:55
e40453ba-aab8-409f-afe2-f0fe46ccb080,Youth,Producers/Processors,Kano,Rural,Yes,Processing,Yes,Yes,WOFAN,Kano-WOFAN,TudJ9WV53,Female,2024-02-18,18/02/2024 14:26,18/02/2024 14:16,tun07,18/02/2024 18:57
aa0d7bd6-6362-4111-ab50-80fcaf479dc5,Youth,Producers/Processors,Jigawa,Rural,Yes,Production,Yes,No,WOFAN,Jigawa-WOFAN,RinFVGT26,Female,2024-02-18,18/02/2024 16:29,18/02/2024 16:19,rin12,18/02/2024 18:59
5994b548-09bb-4b7b-af70-1ac4121b3107,Youth,Producers,Kano,Rural,Yes,Production,Yes,Yes,WOFAN,Kano-WOFAN,Beb6K3I48,Female,2024-02-18,18/02/2024 17:22,18/02/2024 17:14,kir01,18/02/2024 19:00
8271532c-2f26-4ae0-b58c-4c5c41c0bf2f,Youth,Processors,Gombe,Rural,Yes,Production,Yes,No,WOFAN,Gombe-WOFAN,AkkFPBC31,Female,2024-02-18,18/02/2024 19:04,18/02/2024 18:57,akk01,18/02/2024 19:04
77632db2-c162-4670-9da6-b2cf15f0a04a,Youth,Producers,Jigawa,Rural,Yes,Production,Yes,No,WOFAN,Jigawa-WOFAN,TauWTT652,Female,2024-02-18,18/02/2024 13:51,18/02/2024 13:41,tau22,18/02/2024 19:04
108b0ba4-bbcf-4ec4-b0bc-382f5e0e02f7,Youth,Processors,Jigawa,Rural,Yes,Production,Yes,Yes,WOFAN,Jigawa-WOFAN,Rin61KM08,Female,2024-02-18,18/02/2024 14:41,18/02/2024 14:27,rin27,18/02/2024 19:08
7161eb23-1baf-4dce-94d2-09dc385bf058,Youth,Producers,Jigawa,Rural,Yes,Production,Yes,Yes,WOFAN,Jigawa-WOFAN,Rin9V3H37,Female,2024-02-18,18/02/2024 17:23,18/02/2024 17:18,rin27,18/02/2024 19:11
3f41f30e-6461-41c1-b14a-b26e62032a81,Youth,Marketers,Gombe,Peri_urban,Yes,Processing,No,No,WOFAN,Gombe-WOFAN,GomS3NQ06,Female,2024-02-18,18/02/2024 17:07,18/02/2024 16:49,gom21,18/02/2024 19:12
0b9c3331-a353-4b53-b85f-1dbe88410b82,Youth,Producers/Processors,Jigawa,Rural,Yes,Production,Yes,Yes,WOFAN,Jigawa-WOFAN,RinB0YK53,Female,2024-02-18,18/02/2024 19:18,18/02/2024 19:06,rin23,18/02/2024 19:19
ee55b825-681a-4f74-8cff-67cf858ef67f,Youth,Producers,Kano,Rural,Yes,Agro-Input_Dealer,Yes,Yes,WOFAN,Kano-WOFAN,KirFCU357,Female,2024-02-18,18/02/2024 18:10,18/02/2024 18:03,kir16,18/02/2024 19:20
ae225385-f511-4d01-b4b0-fa279860fe9e,Youth,Producers/Processors,Jigawa,Rural,Yes,Production,Yes,Yes,WOFAN,Jigawa-WOFAN,RinEB4C28,Female,2024-02-18,18/02/2024 19:28,18/02/2024 19:18,rin23,18/02/2024 19:28
8799f6d1-4e2e-45f6-9a56-7757ee5c081e,Youth,Processors,Kano,Rural,Yes,Production,Yes,Yes,WOFAN,Kano-WOFAN,GarZEDD33,Female,2024-02-18,18/02/2024 19:30,18/02/2024 19:20,bun14,18/02/2024 19:30
d031caa4-f239-4cfe-a272-14fe23ba169e,Youth,Processors,Kano,Rural,Yes,Processing,Yes,No,WOFAN,Kano-WOFAN,KurPRPH57,Female,2024-02-18,18/02/2024 18:53,17/02/2024 23:11,kur13,18/02/2024 19:32
7ce8e523-4a4b-499d-9060-98bf14851a17,Youth,Producers,Kano,Peri_urban,Yes,Production,Yes,No,WOFAN,Kano-WOFAN,BebBBGA07,Female,2024-02-18,18/02/2024 15:52,18/02/2024 15:32,kir06,18/02/2024 19:40
270c3fc2-8861-49be-ba1e-b218079d8a40,Youth,Producers,Kano,Rural,No,---,Yes,No,WOFAN,Kano-WOFAN,GarRQDL26,Female,2024-02-18,18/02/2024 14:37,18/02/2024 13:50,bun06,18/02/2024 19:48
d807b2a5-7b1d-45d9-a514-1492dd0c0138,Youth,Producers,Jigawa,Rural,Yes,Production,Yes,No,WOFAN,Jigawa-WOFAN,TauZVVO35,Female,2024-02-18,18/02/2024 14:01,18/02/2024 13:52,tau21,18/02/2024 19:50
1e9fad2b-0a03-4b5b-bec9-244b441e911c,Youth,Producers/Processors,Kaduna,Rural,Yes,Production,No,Yes,WOFAN,Kaduna-WOFAN,IkaP17H40,Female,2024-02-18,18/02/2024 10:22,18/02/2024 10:17,ika36,18/02/2024 19:50
c59bcdc7-a23f-4cf3-b162-d3daa6274115,Youth,Producers/Processors,Kaduna,Rural,Yes,Production,Yes,Yes,WOFAN,Kaduna-WOFAN,IkaIUEG50,Female,2024-02-18,18/02/2024 15:04,18/02/2024 14:40,ika36,18/02/2024 19:52
b08fe552-2997-470e-b6e6-0ddc22cf15c7,Youth,Producers/Processors,Kano,Rural,Yes,Production,Yes,Yes,WOFAN,Kano-WOFAN,KirLNSI20,Female,2024-02-18,18/02/2024 19:51,18/02/2024 19:37,kir15,18/02/2024 19:54
b29ee2d4-88ba-4513-af08-73db967759c9,Youth,Producers/Processors,Jigawa,Rural,Yes,Production,Yes,Yes,WOFAN,Jigawa-WOFAN,Rin7VB640,Female,2024-02-18,18/02/2024 17:27,18/02/2024 17:14,rin21,18/02/2024 20:14
efb21a50-b9a3-48bb-ad89-3f531f2a68a9,Youth,Processors,Jigawa,Rural,Yes,Production,Yes,Yes,WOFAN,Jigawa-WOFAN,Jah2M2D29,Female,2024-02-18,18/02/2024 12:00,18/02/2024 11:56,jah54,18/02/2024 20:22
791dcd3f-570d-45d4-8ed9-2dcad9d1569d,Youth,Producers/Processors,Jigawa,Rural,No,---,Yes,Yes,WOFAN,Jigawa-WOFAN,JahLBWY53,Female,2024-02-18,18/02/2024 12:18,18/02/2024 12:13,jah54,18/02/2024 20:22
f445be9b-a437-41d8-90b4-f614cfcfac7f,Youth,Producers/Processors,Jigawa,Rural,No,---,Yes,Yes,WOFAN,Jigawa-WOFAN,JahUUH956,Female,2024-02-18,18/02/2024 12:22,18/02/2024 12:18,jah54,18/02/2024 20:22
3db573d6-44dd-4ade-8a33-7b560a11a89d,Youth,Producers/Processors,Jigawa,Rural,No,---,No,Yes,WOFAN,Jigawa-WOFAN,Jah3VY954,Female,2024-02-18,18/02/2024 12:26,18/02/2024 12:23,jah54,18/02/2024 20:22
98db138d-becc-4f7a-ae06-0a3765baf5de,Youth,Processors,Kano,Rural,Yes,Processing,No,No,WOFAN,Kano-WOFAN,BebE5ZL27,Female,2024-02-18,18/02/2024 06:12,18/02/2024 06:05,tun19,18/02/2024 20:28
9f0c3bb8-5741-4e60-8bd1-cf676008658b,Youth,Processors,Kano,Rural,Yes,Processing,No,No,WOFAN,Kano-WOFAN,Tud0V0Z53,Female,2024-02-18,18/02/2024 17:17,18/02/2024 17:06,tun19,18/02/2024 20:28
3cf28d16-31f9-4967-ad3c-4091607cb86b,Youth,Producers/Processors,Kano,Rural,Yes,Production,Yes,Yes,WOFAN,Kano-WOFAN,TudHVCW00,Female,2024-02-18,18/02/2024 12:41,18/02/2024 12:31,tun30,18/02/2024 20:31
c71df51a-66c9-4afe-b27e-c4d5e7e718d6,Youth,Producers/Processors,Jigawa,Rural,Yes,Production,Yes,Yes,WOFAN,Jigawa-WOFAN,RinJASI34,Female,2024-02-18,18/02/2024 20:32,18/02/2024 20:19,rin17,18/02/2024 20:32
b1fad0ec-724a-4129-b946-ba80e53daf8f,Youth,Processors,Kano,Rural,No,---,No,No,WOFAN,Kano-WOFAN,Beb31QD39,Female,2024-02-18,18/02/2024 20:32,18/02/2024 19:53,tun23,18/02/2024 20:35
e9191070-ab97-4b77-9490-95daf4dc0ad2,Youth,Producers,Kano,Rural,Yes,Production,Yes,Yes,WOFAN,Kano-WOFAN,BebPXXF59,Female,2024-02-18,18/02/2024 10:14,18/02/2024 09:56,tun08,18/02/2024 20:37
8d32d591-4aa3-4939-8499-e9111451de78,Youth,Producers,Kano,Rural,Yes,Production,Yes,No,WOFAN,Kano-WOFAN,BebIM8308,Female,2024-02-18,18/02/2024 20:44,18/02/2024 20:31,kir22,18/02/2024 20:44
f408cb15-ba58-45e2-9d3d-974ca699da67,Youth,Processors,Kaduna,Rural,Yes,Processing,Yes,No,WOFAN,Kaduna-WOFAN,IkaL4WY38,Female,2024-02-18,18/02/2024 13:53,18/02/2024 13:42,ika27,18/02/2024 20:53
898ac8cf-0ad0-4c8f-9d51-48b25929d836,Youth,Producers,Jigawa,Rural,Yes,Mechanization_service_provider,Yes,Yes,WOFAN,Jigawa-WOFAN,RinJ2C619,Female,2024-02-18,18/02/2024 13:45,18/02/2024 13:24,rin24,18/02/2024 21:00
655ef2d1-f9ad-47bb-a24c-360a4112a126,Youth,Processors,Kano,Rural,No,---,No,No,WOFAN,Kano-WOFAN,BebUCIA22,Female,2024-02-18,18/02/2024 09:44,18/02/2024 09:34,tun14,18/02/2024 21:03
cb4bfba0-a997-453e-8e82-026ccad469ee,Youth,Producers,Jigawa,Rural,Yes,Production,Yes,Yes,WOFAN,Jigawa-WOFAN,JahGGVL33,Female,2024-02-18,18/02/2024 13:45,18/02/2024 13:40,jah46,18/02/2024 21:03
adb179e3-2ae0-49f1-847d-1449b9385a94,Youth,Producers,Jigawa,Rural,Yes,Production,Yes,Yes,WOFAN,Jigawa-WOFAN,JahNGFX35,Female,2024-02-18,18/02/2024 17:58,18/02/2024 17:42,jah46,18/02/2024 21:04
cbbae25c-132b-4e7d-9626-6375585db025,Youth,Processors,Kano,Rural,No,---,No,No,WOFAN,Kano-WOFAN,BebDQRE15,Female,2024-02-18,18/02/2024 15:28,18/02/2024 15:18,tun14,18/02/2024 21:04
8d1243ee-fb7e-435b-bc1c-6331a8b6e92d,Youth,Producers,Jigawa,Rural,Yes,Production,Yes,No,WOFAN,Jigawa-WOFAN,Rin91K738,Female,2024-02-18,18/02/2024 13:28,18/02/2024 13:16,rin26,18/02/2024 21:06
cdf3178b-4116-4174-9f0a-b01bfe86abe4,Youth,Producers,Kano,Rural,No,---,Yes,No,WOFAN,Kano-WOFAN,KurQMSK19,Female,2024-02-18,18/02/2024 21:04,18/02/2024 20:51,kur04,18/02/2024 21:07
ced29c39-4431-4fd5-a992-97a5bfabb877,Youth,Processors,Jigawa,Rural,Yes,Production,Yes,Yes,WOFAN,Jigawa-WOFAN,RinXIMO02,Female,2024-02-18,18/02/2024 16:12,18/02/2024 16:01,rin26,18/02/2024 21:07
6e6acd7f-f7dc-4bd7-830a-f7cfbb97fa74,Youth,Producers/Processors,Kano,Urban,Yes,Production,Yes,No,WOFAN,Kano-WOFAN,KurLBZR01,Female,2024-02-18,18/02/2024 15:14,18/02/2024 15:06,kur14,18/02/2024 21:12
4e8b146c-0a40-4ac2-93a1-cd1c6dec8768,Youth,Producers/Processors,Jigawa,Rural,Yes,Production,Yes,No,WOFAN,Jigawa-WOFAN,RinSA6D15,Female,2024-02-18,18/02/2024 20:32,18/02/2024 20:24,rin17,18/02/2024 21:21
81052925-8623-4250-9dcb-656ef5982330,Youth,Processors,Kano,Rural,Yes,Processing,Yes,Yes,WOFAN,Kano-WOFAN,GarPXCI28,Female,2024-02-18,18/02/2024 19:16,18/02/2024 19:06,bun02,18/02/2024 21:22
6cdc1c43-35e8-41fc-a9a4-6503af935163,Youth,Producers,Kaduna,Urban,Yes,Agro-Input_Dealer,Yes,No,WOFAN,Kaduna-WOFAN,IkaMQTE41,Female,2024-02-18,18/02/2024 08:26,18/02/2024 08:19,ika18,18/02/2024 21:28
21ff40d3-6e1f-4325-a176-02387ea92778,Youth,Processors,Jigawa,Rural,No,---,Yes,No,WOFAN,Jigawa-WOFAN,Tau3MB230,Female,2024-02-18,18/02/2024 18:40,18/02/2024 18:34,tau29,18/02/2024 21:30
5e722c9f-f921-49dd-aa39-b7f5cf2a55b2,Youth,Processors,Kano,Rural,No,---,No,No,WOFAN,Kano-WOFAN,Beb600K56,Female,2024-02-18,18/02/2024 15:56,18/02/2024 15:49,tun25,18/02/2024 21:30
6474390c-4ef9-4456-a8c5-2e37c4f5b435,Youth,Producers,Kano,Rural,No,---,No,No,WOFAN,Kano-WOFAN,GarL25A52,Female,2024-02-18,18/02/2024 21:33,18/02/2024 21:21,bun18,18/02/2024 21:33
0a1a08f8-aad4-4a34-ab51-969e0472f418,Youth,Marketers,Kano,Rural,Yes,Agro-Trader,No,No,WOFAN,Kano-WOFAN,TudSFPB57,Female,2024-02-18,18/02/2024 21:35,18/02/2024 21:27,tun13,18/02/2024 21:35
6ca50acf-2498-4d6b-8c0b-c628ee9e1605,Youth,Producers,Kaduna,Urban,Yes,Agro-Input_Dealer,Yes,No,WOFAN,Kaduna-WOFAN,IkaVBJX25,Female,2024-02-18,18/02/2024 10:29,18/02/2024 10:16,ika18,18/02/2024 21:36
ede92bb0-d81c-44c4-a38b-3b90ff4a89ac,Youth,Producers,Kano,Rural,No,---,Yes,No,WOFAN,Kano-WOFAN,Gar71JE37,Female,2024-02-18,18/02/2024 12:17,18/02/2024 12:09,bun21,18/02/2024 21:38
0f9a0300-5d6e-4fd2-84fd-1fc2cce1d225,Youth,Producers,Kano,Rural,No,---,No,No,WOFAN,Kano-WOFAN,Gar5KL858,Female,2024-02-18,18/02/2024 21:47,18/02/2024 21:33,bun18,18/02/2024 21:47
96a597e2-d97f-4792-9b40-4706029e9a01,Youth,Marketers,Kano,Rural,No,---,Yes,No,WOFAN,Kano-WOFAN,Beb4XVQ11,Female,2024-02-18,18/02/2024 12:34,18/02/2024 12:19,tun05,18/02/2024 21:48
5c1dc861-a2c4-413c-a698-e86c0112584c,Youth,Processors,Kano,Rural,No,---,No,No,WOFAN,Kano-WOFAN,TudY76G58,Female,2024-02-18,18/02/2024 17:42,18/02/2024 17:36,tun25,18/02/2024 21:49
b2f9f990-08b0-439d-8220-ac0b6c9b5716,Youth,Marketers,Jigawa,Rural,Yes,Agro-Trader,Yes,Yes,WOFAN,Jigawa-WOFAN,JahH5TC23,Female,2024-02-18,18/02/2024 16:38,18/02/2024 14:44,jah79,18/02/2024 21:49
7a581bb9-4689-4ac2-89b1-48704953d9b8,Youth,Producers/Processors,Jigawa,Rural,Yes,Processing,Yes,Yes,WOFAN,Jigawa-WOFAN,RinSPKN40,Female,2024-02-18,18/02/2024 20:43,18/02/2024 20:18,rin21,18/02/2024 21:51
8ca15a88-bbd4-4602-a5a0-4d96fd0caf2a,Youth,Producers,Kaduna,Urban,Yes,Agro-Input_Dealer,Yes,No,WOFAN,Kaduna-WOFAN,Ika0KMG49,Female,2024-02-18,18/02/2024 13:44,18/02/2024 13:35,ika18,18/02/2024 21:53
f56396fd-25e2-42db-a682-4e6f9b446ea5,Youth,Producers/Processors,Kano,Peri_urban,Yes,Production,Yes,Yes,WOFAN,Kano-WOFAN,KirLUUX44,Female,2024-02-18,18/02/2024 16:15,18/02/2024 15:21,kir03,18/02/2024 21:58
81254807-bde7-47de-b71c-9d0b235bc7e3,Youth,Processors,Kano,Peri_urban,No,---,No,No,WOFAN,Kano-WOFAN,TudBQWN16,Female,2024-02-18,18/02/2024 17:18,18/02/2024 17:08,tun26,18/02/2024 22:00
43990cc4-ba1d-4094-8c0d-1c1e458fe492,Youth,Processors,Jigawa,Rural,No,---,Yes,No,WOFAN,Jigawa-WOFAN,TauGLIW05,Female,2024-02-18,18/02/2024 11:09,18/02/2024 10:56,tau29,18/02/2024 22:06
38c37fd5-70be-4edc-a539-252b89d9948c,Youth,Producers,Kano,Peri_urban,Yes,Production,Yes,No,WOFAN,Kano-WOFAN,Kir2IEI20,Female,2024-02-18,18/02/2024 20:54,18/02/2024 20:29,kir21,18/02/2024 22:06
020c7897-7d1a-46c4-8477-651744b8758a,Youth,Marketers,Jigawa,Rural,No,---,Yes,Yes,WOFAN,Jigawa-WOFAN,JahAS8409,Female,2024-02-18,18/02/2024 21:19,18/02/2024 21:02,jah80,18/02/2024 22:10
e7e11650-6f34-4274-bfdc-bbfdea014de4,Youth,Marketers,Kano,Rural,Yes,Processing,Yes,No,WOFAN,Kano-WOFAN,BebIWZ755,Female,2024-02-18,18/02/2024 13:38,18/02/2024 13:31,tun21,18/02/2024 22:14
3f71b2d0-0415-4fb9-90b3-5060b18398ba,Youth,Marketers,Kano,Rural,Yes,Processing,Yes,No,WOFAN,Kano-WOFAN,BebEYZ836,Female,2024-02-18,18/02/2024 15:49,18/02/2024 15:39,tun21,18/02/2024 22:16
950e6589-2c35-484c-8e1d-08845e4d183e,Youth,Producers/Processors,Kano,Rural,Yes,Processing,Yes,Yes,WOFAN,Kano-WOFAN,Tud2IEP02,Female,2024-02-18,18/02/2024 09:51,18/02/2024 09:30,tun18,18/02/2024 22:17
dfe234a9-0602-4e90-ba32-746118f6facb,Youth,Producers,Kano,Rural,No,---,Yes,No,WOFAN,Kano-WOFAN,KirKRSH24,Female,2024-02-18,17/02/2024 23:15,17/02/2024 23:08,kir17,18/02/2024 22:19
331c5bf8-50d4-414a-a80a-cadbe17931db,Youth,Producers,Kano,Rural,No,---,Yes,No,WOFAN,Kano-WOFAN,KirC27T41,Female,2024-02-18,18/02/2024 01:13,18/02/2024 00:55,kir17,18/02/2024 22:21
7da881a4-7068-46e0-97e3-0fc8e34b9057,Youth,Producers,Kano,Rural,Yes,Production,Yes,Yes,WOFAN,Kano-WOFAN,KirU5I351,Female,2024-02-18,18/02/2024 22:34,18/02/2024 22:08,kir11,18/02/2024 22:36
69d80a49-b23d-4839-947e-bfea7da3b921,Youth,Marketers,Jigawa,Rural,Yes,Agro-Trader,Yes,Yes,WOFAN,Jigawa-WOFAN,JahDYFC16,Female,2024-02-18,18/02/2024 22:34,18/02/2024 22:18,jah81,18/02/2024 22:40
8c22651f-6533-4b6b-96d1-38c54d76edc5,Youth,Processors,Kano,Rural,No,---,Yes,Yes,WOFAN,Kano-WOFAN,Tud48HC17,Female,2024-02-18,18/02/2024 22:43,18/02/2024 22:35,tun11,18/02/2024 22:43
e699ba79-7c8a-4166-86bc-95173e3a64b6,Youth,Producers,Kano,Rural,Yes,Mechanization_service_provider,Yes,Yes,WOFAN,Kano-WOFAN,Beb3CAV57,Female,2024-02-18,18/02/2024 20:00,18/02/2024 19:47,kir09,18/02/2024 22:49
89ccd162-e1a0-423e-9476-c0d3e5733670,Youth,Processors,Kano,Rural,Yes,Agro-Input_Dealer,Yes,Yes,WOFAN,Kano-WOFAN,Beb2YK259,Female,2024-02-18,18/02/2024 10:19,18/02/2024 10:03,tun20,18/02/2024 22:55
fb4c8f03-8afc-4552-98c7-be69f403f5d4,Youth,Processors,Kano,Rural,Yes,Agro-Input_Dealer,Yes,Yes,WOFAN,Kano-WOFAN,BebWNSG07,Female,2024-02-18,18/02/2024 16:27,18/02/2024 16:16,tun20,18/02/2024 22:56
8ade7b92-6b7a-4d25-8ceb-5a971048d8e0,Youth,Processors,Kano,Rural,Yes,Processing,Yes,Yes,WOFAN,Kano-WOFAN,Tud8N6843,Female,2024-02-18,18/02/2024 17:43,18/02/2024 17:14,tun28,18/02/2024 23:30
0861f89d-cd82-4468-aec1-aa81adea3ede,Youth,Processors,Kano,Rural,Yes,Production,Yes,Yes,WOFAN,Kano-WOFAN,TudFQSX40,Female,2024-02-18,18/02/2024 21:31,18/02/2024 21:20,tun28,18/02/2024 23:32
06393804-b765-4152-803c-a00bd66597cc,Youth,Processors,Kano,Rural,No,---,No,No,WOFAN,Kano-WOFAN,Gar9W6X19,Female,2024-02-18,18/02/2024 14:13,18/02/2024 14:01,bun18,19/02/2024 00:24
94880224-abff-4551-ac8b-43ff9dff6a96,Youth,Processors,Kano,Rural,Yes,Production,Yes,Yes,WOFAN,Kano-WOFAN,BebM40J47,Female,2024-02-18,18/02/2024 20:33,18/02/2024 20:27,tun29,19/02/2024 00:57
42a9e360-09d8-4861-a9cb-5c099001d895,Youth,Processors,Kano,Rural,Yes,Production,Yes,Yes,WOFAN,Kano-WOFAN,BebPNN400,Female,2024-02-18,18/02/2024 22:36,18/02/2024 22:30,tun29,19/02/2024 00:58
05d21a0c-68f7-4f2a-91d1-165ad3ec494b,Youth,Processors,Kano,Rural,Yes,Production,Yes,Yes,WOFAN,Kano-WOFAN,BebBWQ446,Female,2024-02-19,19/02/2024 00:30,19/02/2024 00:25,tun29,19/02/2024 00:59
7f9f406e-a2d4-4570-b747-ec758c4abd4b,Youth,Processors,Kano,Rural,Yes,Processing,No,No,WOFAN,Kano-WOFAN,TudA9Z008,Female,2024-02-18,18/02/2024 22:43,18/02/2024 22:38,tun19,19/02/2024 01:59
757c0607-3a79-4943-8759-74337f225e60,Youth,Processors,Kano,Rural,Yes,Processing,No,No,WOFAN,Kano-WOFAN,Tud714D19,Female,2024-02-19,19/02/2024 00:13,19/02/2024 00:05,tun19,19/02/2024 02:00
9fcf2e1f-2489-414c-8660-b508c413952a,Youth,Processors,Kano,Rural,No,---,No,No,WOFAN,Kano-WOFAN,BebEWI756,Female,2024-02-18,18/02/2024 13:39,18/02/2024 13:31,tun31,19/02/2024 03:23
a066e903-8a64-44fe-8b24-2813c522f1c0,Youth,Producers/Processors,Kaduna,Rural,Yes,Processing,Yes,Yes,WOFAN,Kaduna-WOFAN,Ika3BZQ51,Female,2024-02-18,18/02/2024 16:37,18/02/2024 16:08,ika12,19/02/2024 05:50
f8141818-2975-4128-8b5c-6d5695ab88fc,Youth,Marketers,Kano,Rural,Yes,Agro-Trader,Yes,No,WOFAN,Kano-WOFAN,BebJUNI47,Female,2024-02-18,18/02/2024 13:50,18/02/2024 12:28,tun05,19/02/2024 06:03
acb0886f-c87e-4903-b8a1-7d2967b2add4,Youth,Processors,Jigawa,Rural,Yes,Production,Yes,Yes,WOFAN,Jigawa-WOFAN,JahRAW748,Female,2024-02-18,18/02/2024 19:05,18/02/2024 18:55,jah52,19/02/2024 06:15
cd218f1b-ee88-4037-9c72-fe0078e51f96,Youth,Producers,Kano,Rural,Yes,Agro-Input_Dealer,Yes,Yes,WOFAN,Kano-WOFAN,Kir6NGJ27,Female,2024-02-19,19/02/2024 05:07,19/02/2024 04:47,kir16,19/02/2024 06:26
d854abf4-bb2f-48e1-b985-452bfe4c7521,Youth,Producers/Processors,Jigawa,Rural,Yes,Processing,Yes,No,WOFAN,Jigawa-WOFAN,JahDDBP30,Female,2024-02-18,18/02/2024 18:45,17/02/2024 16:23,jah78,19/02/2024 06:27
6beb4e1d-b3ee-4005-bc79-642eee019c79,Youth,Producers,Kano,Rural,Yes,Production,Yes,Yes,WOFAN,Kano-WOFAN,KirNCQ356,Female,2024-02-19,19/02/2024 06:43,19/02/2024 06:31,kir10,19/02/2024 06:43
6d267340-5ac0-4a6c-a196-dc7f6838d48e,Youth,Producers,Jigawa,Rural,No,---,No,No,WOFAN,Jigawa-WOFAN,JahXJCO53,Female,2024-02-18,18/02/2024 12:17,18/02/2024 12:12,jah45,19/02/2024 06:49
19ae92df-b506-426c-be9a-027eafb704df,Youth,Processors,Jigawa,Rural,No,---,Yes,No,WOFAN,Jigawa-WOFAN,RinF9L823,Female,2024-02-19,19/02/2024 05:48,19/02/2024 05:39,rin17,19/02/2024 06:56
8413dabe-f1da-4552-8829-5e82cb957cf3,Youth,Processors,Bauchi,Rural,Yes,Production,Yes,Yes,WOFAN,Bauchi-WOFAN,Taf22J052,Female,2024-02-18,18/02/2024 11:17,18/02/2024 10:57,taf04,19/02/2024 07:05
b95b5aeb-9302-4ca9-ab37-df21952c53c6,Youth,Producers/Processors,Bauchi,Rural,Yes,Processing,Yes,Yes,WOFAN,Bauchi-WOFAN,TafIL8H07,Female,2024-02-18,18/02/2024 15:35,18/02/2024 15:18,taf04,19/02/2024 07:05
cb6d1703-9bb5-4b60-b380-423624a774fb,Youth,Processors,Jigawa,Rural,Yes,Processing,Yes,Yes,WOFAN,Jigawa-WOFAN,JahP5XJ39,Female,2024-02-16,16/02/2024 20:14,16/02/2024 20:04,jah68,19/02/2024 07:07
873d8257-e308-4bf3-9f23-97cf859dd905,Youth,Producers,Kano,Rural,Yes,Production,Yes,Yes,WOFAN,Kano-WOFAN,GarMHPS53,Female,2024-02-18,18/02/2024 14:40,18/02/2024 14:27,bun07,19/02/2024 07:12
d6e90a68-dc57-4819-95ea-94f37a5d3e44,Youth,Producers,Kano,Rural,Yes,Production,Yes,Yes,WOFAN,Kano-WOFAN,Kir1LVH07,Female,2024-02-18,18/02/2024 19:17,18/02/2024 19:02,kir04,19/02/2024 07:18
760b83b9-ba9d-4c23-8d22-efbb14cc3e92,Youth,Producers,Kano,Rural,Yes,Production,Yes,Yes,WOFAN,Kano-WOFAN,Beb1FTF06,Female,2024-02-18,18/02/2024 21:13,18/02/2024 20:55,kir14,19/02/2024 07:25
704888b5-0b01-4321-917b-a45124b11006,Youth,Producers,Kano,Rural,Yes,Production,Yes,Yes,WOFAN,Kano-WOFAN,BebFE5B35,Female,2024-02-18,18/02/2024 21:26,18/02/2024 21:19,kir14,19/02/2024 07:25
076e43c0-db40-46f7-b596-c7f668f888e0,Youth,Producers,Kano,Rural,Yes,Production,Yes,Yes,WOFAN,Kano-WOFAN,BebP13602,Female,2024-02-18,18/02/2024 21:33,18/02/2024 21:26,kir14,19/02/2024 07:25
aab32ab3-a50a-4811-afe0-4b4432a2195f,Youth,Producers,Kano,Rural,Yes,Production,Yes,Yes,WOFAN,Kano-WOFAN,BebMCXY24,Female,2024-02-18,18/02/2024 21:45,18/02/2024 21:34,kir14,19/02/2024 07:25
4075f54b-c4fd-4e87-948d-4d50afe240f0,Youth,Producers,Gombe,Urban,No,---,No,No,WOFAN,Gombe-WOFAN,Gom5CQM28,Female,2024-02-19,19/02/2024 07:30,19/02/2024 07:21,gom23,19/02/2024 07:31
3f11229b-95d2-41b6-8b17-f647f4f5bd63,Youth,Producers,Kano,Rural,No,---,No,No,WOFAN,Kano-WOFAN,GarULCP43,Female,2024-02-19,19/02/2024 06:23,19/02/2024 06:11,bun11,19/02/2024 07:43
f042976d-189d-4ebc-9136-281dc99769f0,Youth,Producers/Processors,Kano,Rural,Yes,Mechanization_service_provider,No,Yes,WOFAN,Kano-WOFAN,RanXDNQ03,Female,2024-02-19,19/02/2024 07:44,19/02/2024 07:39,gmm65,19/02/2024 07:44
6cfcb430-9df2-4115-845b-660b5aa19cc8,Youth,Producers/Processors,Kano,Rural,Yes,Production,Yes,Yes,WOFAN,Kano-WOFAN,BebPQDI02,Female,2024-02-19,19/02/2024 05:19,19/02/2024 05:03,kir03,19/02/2024 07:46
95bb4172-b7db-48a9-8c40-73f035e513c3,Youth,Producers/Processors,Kano,Rural,Yes,Production,Yes,No,WOFAN,Kano-WOFAN,TudZXFD13,Female,2024-02-19,19/02/2024 07:54,19/02/2024 07:43,tun33,19/02/2024 07:54
93704cf1-3ffb-42d8-a1c7-9fcbd769f8ce,Youth,Processors,Kano,Peri_urban,Yes,Production,Yes,No,WOFAN,Kano-WOFAN,BebXXLE36,Female,2024-02-18,18/02/2024 13:39,18/02/2024 13:22,tun09,19/02/2024 07:55
710c269e-852c-41f1-9e1a-19db076a25da,Youth,Processors,Jigawa,Rural,Yes,Production,Yes,Yes,WOFAN,Jigawa-WOFAN,RinUTZW53,Female,2024-02-19,19/02/2024 05:30,19/02/2024 05:22,rin25,19/02/2024 08:08
ec8276b9-6a2a-4a57-9ef5-d7098ffd2600,Youth,Producers/Processors,Jigawa,Rural,Yes,Production,Yes,Yes,WOFAN,Jigawa-WOFAN,RinX42D08,Female,2024-02-19,19/02/2024 06:34,19/02/2024 06:27,rin12,19/02/2024 08:11
846165ff-bf9f-407b-90dd-ef02798ee75a,Youth,Producers/Processors,Kano,Rural,Yes,Production,Yes,Yes,WOFAN,Kano-WOFAN,BebLR0622,Female,2024-02-19,19/02/2024 08:23,19/02/2024 08:09,kir15,19/02/2024 08:23
ac60f029-60e1-4b40-ab85-a442972ed59b,Youth,Producers,Kano,Rural,Yes,Production,Yes,Yes,WOFAN,Kano-WOFAN,KirMP6K23,Female,2024-02-18,18/02/2024 21:02,18/02/2024 20:52,kir07,19/02/2024 08:26
5f1a8d9a-1417-432d-9023-dc55f208a716,Youth,Producers,Kano,Rural,Yes,Production,Yes,Yes,WOFAN,Kano-WOFAN,KirR5BC00,Female,2024-02-18,18/02/2024 22:54,18/02/2024 22:47,kir07,19/02/2024 08:27
eaaaa962-13a5-478f-ab83-9c6b87fb7977,Youth,Processors,Kaduna,Rural,Yes,Processing,Yes,No,WOFAN,Kaduna-WOFAN,Ika774U25,Female,2024-02-18,18/02/2024 17:32,18/02/2024 17:17,ika33,19/02/2024 08:29
f8b12a5e-2072-4455-93ce-1873b13a80f3,Youth,Processors,Kaduna,Rural,Yes,Processing,Yes,No,WOFAN,Kaduna-WOFAN,Ika0NBU00,Female,2024-02-19,19/02/2024 08:29,19/02/2024 08:13,ika33,19/02/2024 08:29
91940e6c-b1a8-4d02-9ad2-f7ca5126dc52,Youth,Marketers,Kano,Rural,No,---,No,No,WOFAN,Kano-WOFAN,TudL88926,Female,2024-02-19,19/02/2024 08:30,19/02/2024 08:15,tun15,19/02/2024 08:30
4cde47d6-1ed9-49b8-866a-6f4915cc8acc,Youth,Producers,Kano,Rural,Yes,Production,Yes,Yes,WOFAN,Kano-WOFAN,GarPCAI39,Female,2024-02-18,18/02/2024 09:17,18/02/2024 09:10,gmm67,19/02/2024 08:31
7168b1cd-9934-4939-9804-9b2fbc75043c,Youth,Producers,Kano,Rural,Yes,Production,Yes,Yes,WOFAN,Kano-WOFAN,Gar9L9Y43,Female,2024-02-18,18/02/2024 09:34,18/02/2024 09:22,gmm67,19/02/2024 08:31
5e116895-61d3-4263-a288-e761ef89d390,Youth,Producers,Kano,Rural,Yes,Production,Yes,Yes,WOFAN,Kano-WOFAN,Gar8MT019,Female,2024-02-18,18/02/2024 09:49,18/02/2024 09:40,gmm67,19/02/2024 08:31
2df1c889-9b4f-48e2-9df7-aeb1b5e7a0c8,Youth,Producers,Kano,Rural,Yes,Production,Yes,Yes,WOFAN,Kano-WOFAN,GarX35Z45,Female,2024-02-18,18/02/2024 10:02,18/02/2024 09:50,gmm67,19/02/2024 08:31
84688826-20ed-40c3-a002-207e9c4483c3,Youth,Producers,Jigawa,Rural,Yes,Production,Yes,Yes,WOFAN,Jigawa-WOFAN,RinVLZO50,Female,2024-02-18,18/02/2024 14:06,18/02/2024 13:56,rin22,19/02/2024 08:38
b7612175-203b-4cb1-b7a9-f10701bbf479,Youth,Producers/Processors,Kano,Rural,Yes,Production,Yes,Yes,WOFAN,Kano-WOFAN,Beb4D7010,Female,2024-02-19,19/02/2024 08:42,19/02/2024 08:30,kir15,19/02/2024 08:43
332757ef-3458-48bf-9cb8-dd8752996cc2,Youth,Producers,Bauchi,Rural,No,---,Yes,No,WOFAN,Bauchi-WOFAN,Alk5Q8V22,Female,2024-02-19,19/02/2024 08:41,19/02/2024 08:02,alk01,19/02/2024 08:43
7a1013db-26d0-4376-8e50-a3db66e72f27,Youth,Producers,Jigawa,Rural,Yes,Production,Yes,Yes,WOFAN,Jigawa-WOFAN,RinO2MV22,Female,2024-02-18,18/02/2024 21:29,18/02/2024 21:14,rin22,19/02/2024 08:44
d3b38f1c-df7a-4097-805c-1431cd84eb3d,Youth,Processors,Kano,Rural,No,---,No,No,WOFAN,Kano-WOFAN,GarXFHV45,Female,2024-02-19,19/02/2024 08:52,19/02/2024 08:45,bun20,19/02/2024 08:52
a1017212-c321-47f5-91d3-cf6d3de16928,Youth,Producers/Processors,Kano,Rural,No,---,No,No,WOFAN,Kano-WOFAN,GarB75J22,Female,2024-02-18,18/02/2024 16:19,18/02/2024 16:11,bun16,19/02/2024 08:56
3300e603-8358-461d-bebb-f0ab1afc0ded,Youth,Producers/Processors,Kano,Rural,No,---,No,No,WOFAN,Kano-WOFAN,Gar4NAG56,Female,2024-02-18,18/02/2024 16:28,18/02/2024 16:19,bun16,19/02/2024 08:56
bcc853cc-0127-46d5-8709-29c0ddeb0ce6,Youth,Producers,Kano,Rural,No,---,No,No,WOFAN,Kano-WOFAN,GarSIMY00,Female,2024-02-19,19/02/2024 08:58,19/02/2024 08:52,bun11,19/02/2024 08:58
13c5239f-d37c-4a78-896a-d92dbfe9b966,Youth,Processors,Kano,Rural,Yes,Processing,Yes,No,WOFAN,Kano-WOFAN,TudCO4L09,Female,2024-02-19,19/02/2024 06:46,19/02/2024 06:13,tun27,19/02/2024 09:02
6599128b-bb57-4cda-b368-12c743292782,Youth,Processors,Kano,Rural,No,---,Yes,Yes,WOFAN,Kano-WOFAN,BagPLTW50,Female,2024-02-19,19/02/2024 08:43,19/02/2024 08:19,bag06,19/02/2024 09:04
6f1ce611-121c-412e-bcc6-0d420739770d,Youth,Processors,Kano,Rural,No,---,No,No,WOFAN,Kano-WOFAN,Tud40V540,Female,2024-02-19,19/02/2024 06:18,19/02/2024 06:13,tun19,19/02/2024 09:06
ec816aba-9af4-4d52-98f1-25378d23eff9,Youth,Producers/Processors,Bauchi,Rural,Yes,Production,Yes,No,WOFAN,Bauchi-WOFAN,TafNI1Y30,Female,2024-02-18,18/02/2024 09:27,17/02/2024 17:32,taf04,19/02/2024 09:08
26da8ff4-2829-4db5-bfc1-ab10202b4737,Youth,Producers,Kano,Rural,Yes,Production,Yes,Yes,WOFAN,Kano-WOFAN,Beb5IZT10,Female,2024-02-19,19/02/2024 07:37,19/02/2024 07:32,kir19,19/02/2024 09:10
840c4c76-69d0-4b1d-977a-f6e9909c35bf,Youth,Processors,Jigawa,Rural,Yes,Processing,Yes,Yes,WOFAN,Jigawa-WOFAN,JahY48C14,Female,2024-02-18,18/02/2024 14:36,18/02/2024 14:27,jah51,19/02/2024 09:11
9b632342-2b6b-4c57-a7d0-7cfb0c405519,Youth,Processors,Jigawa,Rural,No,---,No,No,WOFAN,Jigawa-WOFAN,JahT4P053,Female,2024-02-19,19/02/2024 08:13,19/02/2024 05:20,jah71,19/02/2024 09:12
d783a4b2-5119-47f0-a7e2-d42dcb1935f5,Youth,Marketers,Kaduna,Rural,No,---,Yes,No,WOFAN,Kaduna-WOFAN,IkaXJ9A06,Female,2024-02-18,18/02/2024 14:26,18/02/2024 13:19,ika23,19/02/2024 09:16
e163cff7-6157-4be7-92a3-bc066c5a8c7d,Youth,Producers/Processors,Kaduna,Rural,Yes,Production,No,No,WOFAN,Kaduna-WOFAN,IkaLYVV05,Female,2024-02-18,18/02/2024 14:14,18/02/2024 13:54,ika24,19/02/2024 09:21
17caf05a-72c0-4c17-b69e-e6cf0cefc401,Youth,Producers,Kano,Rural,Yes,Agro-Input_Dealer,Yes,Yes,WOFAN,Kano-WOFAN,BebYO0Q49,Female,2024-02-19,19/02/2024 09:27,19/02/2024 09:10,kir13,19/02/2024 09:27
6673dff3-3f89-4c86-af35-890477e59bd6,Youth,Processors,Kano,Rural,Yes,Production,Yes,Yes,WOFAN,Kano-WOFAN,KurBSBL09,Female,2024-02-18,18/02/2024 11:22,18/02/2024 11:06,kur02,19/02/2024 09:28
fb9a56fa-fced-4701-ba5a-247af7bb09cf,Youth,Producers/Processors,Jigawa,Rural,Yes,Mechanization_service_provider,Yes,Yes,WOFAN,Jigawa-WOFAN,RinG4R433,Female,2024-02-18,18/02/2024 16:58,18/02/2024 16:48,rin24,19/02/2024 09:39
07874261-1376-4448-a773-5bc55a46b627,Youth,Producers,Jigawa,Rural,No,---,No,Yes,WOFAN,Jigawa-WOFAN,TauPJZZ26,Female,2024-02-19,19/02/2024 09:21,19/02/2024 09:16,tau28,19/02/2024 09:40
be00c1ab-80e2-497d-a859-b24c7603fd23,Youth,Producers/Processors,Kano,Rural,Yes,Mechanization_service_provider,No,Yes,WOFAN,Kano-WOFAN,TudSDNL09,Female,2024-02-19,19/02/2024 09:43,19/02/2024 09:38,tun17,19/02/2024 09:43
066b252a-75c3-4e9d-8b3e-e5f2d48ec5c7,Youth,Processors,Kano,Peri_urban,Yes,Processing,Yes,Yes,WOFAN,Kano-WOFAN,GarJR5958,Female,2024-02-19,19/02/2024 09:34,19/02/2024 08:57,bun04,19/02/2024 09:44
8357967c-2bc6-4005-9960-f31ff7f9481f,Youth,Processors,Kano,Rural,Yes,Processing,Yes,No,WOFAN,Kano-WOFAN,Beb6VV104,Female,2024-02-19,19/02/2024 08:48,19/02/2024 08:35,tun02,19/02/2024 09:45
00f0bc60-26ad-4395-8b8c-4700ef56be9c,Youth,Producers/Processors,Bauchi,Peri_urban,Yes,Production,Yes,No,WOFAN,Bauchi-WOFAN,Tor3CA331,Female,2024-02-19,19/02/2024 09:47,19/02/2024 09:37,tor05,19/02/2024 09:47
828233d5-e601-42e5-abc9-88351933f22f,Youth,Producers,Kano,Rural,Yes,Production,Yes,Yes,WOFAN,Kano-WOFAN,GarS9AW40,Female,2024-02-19,19/02/2024 07:30,19/02/2024 07:12,bun07,19/02/2024 09:48
a024c16e-63a9-487f-adb1-6b2950287ebb,Youth,Marketers,Kano,Rural,No,---,Yes,No,WOFAN,Kano-WOFAN,GarLJSY31,Female,2024-02-19,19/02/2024 09:55,19/02/2024 09:25,gmm51,19/02/2024 09:55
728aed66-c4c1-43c7-a627-4e39ceeae881,Youth,Producers/Processors,Jigawa,Rural,Yes,Processing,Yes,No,WOFAN,Jigawa-WOFAN,JahMQDH08,Female,2024-02-19,19/02/2024 09:57,19/02/2024 09:35,jah60,19/02/2024 09:57
07c65f84-490d-4082-8838-fe51e5c33569,Youth,Producers,Kano,Rural,Yes,Agro-Input_Dealer,Yes,Yes,WOFAN,Kano-WOFAN,KirMWHJ50,Female,2024-02-19,19/02/2024 07:32,19/02/2024 07:22,kir04,19/02/2024 09:57
befb58b9-649e-45be-9f1e-1e7a4f998f6a,Youth,Producers,Kano,Rural,Yes,Production,Yes,No,WOFAN,Kano-WOFAN,BebOU0U26,Female,2024-02-18,18/02/2024 22:13,18/02/2024 22:04,kir20,19/02/2024 10:02
fb81ddee-1609-4ec6-9297-71db8beaf558,Youth,Producers,Kano,Peri_urban,Yes,Production,Yes,Yes,WOFAN,Kano-WOFAN,BebAWSI55,Female,2024-02-19,19/02/2024 09:58,19/02/2024 09:36,kir21,19/02/2024 10:03
90954a4d-afc7-47d2-ac93-547e368860a3,Youth,Producers,Bauchi,Rural,No,---,Yes,Yes,WOFAN,Bauchi-WOFAN,GanZTEA56,Female,2024-02-19,19/02/2024 10:08,19/02/2024 09:13,gan08,19/02/2024 10:08
bd9a78f1-d74e-4c58-a10d-a417db71e390,Youth,Marketers,Kano,Rural,No,---,Yes,No,WOFAN,Kano-WOFAN,TudYA0829,Female,2024-02-19,19/02/2024 10:11,19/02/2024 10:02,tun13,19/02/2024 10:11
1c8fad2c-998e-4a3f-87c6-e70a02b60de0,Youth,Processors,Jigawa,Rural,Yes,Processing,Yes,No,WOFAN,Jigawa-WOFAN,JahKVIT13,Female,2024-02-19,19/02/2024 10:15,19/02/2024 09:57,jah52,19/02/2024 10:15
9e6432f1-f3d4-4012-affd-18f7dfa0e758,Youth,Producers,Kano,Rural,Yes,Production,Yes,Yes,WOFAN,Kano-WOFAN,GarWDFP08,Female,2024-02-19,19/02/2024 10:15,19/02/2024 10:03,gmm48,19/02/2024 10:16
e7097cbd-c597-43b8-b051-0230dd4e4ec7,Youth,Producers,Kano,Rural,Yes,Production,Yes,No,WOFAN,Kano-WOFAN,BebLHRZ05,Female,2024-02-19,19/02/2024 10:18,19/02/2024 10:07,kir20,19/02/2024 10:18
8993a66d-a3fc-4d93-9f10-942dfed3d126,Youth,Producers/Processors,Jigawa,Peri_urban,Yes,Agro-Input_Dealer,Yes,Yes,WOFAN,Jigawa-WOFAN,JahFR0F50,Female,2024-02-19,19/02/2024 09:13,19/02/2024 08:52,jah56,19/02/2024 10:21
4ce9d2b7-0d9f-4da0-9c11-791e60b08204,Youth,Producers/Processors,Bauchi,Peri_urban,Yes,Processing,Yes,Yes,WOFAN,Bauchi-WOFAN,TorGLNB57,Female,2024-02-19,19/02/2024 10:23,19/02/2024 09:48,tor05,19/02/2024 10:23
8297b0ff-917e-46b0-a72e-e775f6cfd06e,Youth,Producers/Processors,Kano,Peri_urban,Yes,Production,Yes,Yes,WOFAN,Kano-WOFAN,KirJAUU07,Female,2024-02-19,19/02/2024 09:02,19/02/2024 08:36,kir18,19/02/2024 10:25
545b57d7-2136-498c-97de-a52928034ded,Youth,Producers,Kano,Rural,No,---,No,No,WOFAN,Kano-WOFAN,GarXEIT01,Female,2024-02-19,19/02/2024 10:25,19/02/2024 10:17,bun20,19/02/2024 10:25
b3df2c0d-dbb2-40ef-ac05-90fbfb0c69d4,Youth,Processors,Kano,Peri_urban,No,---,No,No,WOFAN,Kano-WOFAN,Tud5NWX48,Female,2024-02-19,18/02/2024 23:37,18/02/2024 23:28,tun26,19/02/2024 10:28
f2326e2d-001f-446d-9f25-13a2ea8895ce,Youth,Producers/Processors,Bauchi,Urban,Yes,Production,Yes,Yes,WOFAN,Bauchi-WOFAN,BauGR1T14,Female,2024-02-19,19/02/2024 10:27,19/02/2024 09:50,bau15,19/02/2024 10:28
df4dcaad-1ba1-4210-85df-a5d1ebafd1b5,Youth,Producers/Processors,Kano,Rural,Yes,Production,Yes,Yes,WOFAN,Kano-WOFAN,TofYB7B00,Female,2024-02-19,19/02/2024 09:26,19/02/2024 08:34,rig06,19/02/2024 10:31
73d2c7cc-601a-4611-9b62-b35762856d34,Youth,Processors,Jigawa,Rural,Yes,Processing,Yes,No,WOFAN,Jigawa-WOFAN,JahSWGT23,Female,2024-02-19,19/02/2024 09:19,19/02/2024 09:08,jah67,19/02/2024 10:34
b010a300-cab3-4f0f-bfc2-6768967c8ffa,Youth,Processors,Kano,Rural,Yes,Mechanization_service_provider,Yes,Yes,WOFAN,Kano-WOFAN,Beb8SKK37,Female,2024-02-19,19/02/2024 08:45,19/02/2024 08:41,tun29,19/02/2024 10:35
e96f61f1-0646-4e42-9412-ac01780072ec,Youth,Processors,Jigawa,Rural,Yes,Processing,No,No,WOFAN,Jigawa-WOFAN,JahYZAC40,Female,2024-02-19,19/02/2024 10:07,19/02/2024 09:41,jah75,19/02/2024 10:35
5db51161-0d01-44fe-93ed-9204af646f0a,Youth,Producers,Jigawa,Rural,No,---,No,No,WOFAN,Jigawa-WOFAN,JahA71358,Female,2024-02-19,19/02/2024 09:00,19/02/2024 08:51,jah45,19/02/2024 10:36
61394c25-7dfc-4733-95a2-3f58bde688bf,Youth,Processors,Kano,Peri_urban,No,---,No,No,WOFAN,Kano-WOFAN,TudDAHG29,Female,2024-02-19,19/02/2024 08:10,19/02/2024 08:01,tun26,19/02/2024 10:38
9b5b7f7f-6064-439d-afe2-ca5736259fe0,Youth,Producers,Jigawa,Rural,Yes,Production,Yes,No,WOFAN,Jigawa-WOFAN,Tau2Y5J02,Female,2024-02-18,18/02/2024 15:42,18/02/2024 15:28,tau26,19/02/2024 10:46
d792cafa-bb6b-4419-a26e-c6f0579c8c45,Youth,Producers/Processors,Jigawa,Rural,Yes,Production,Yes,No,WOFAN,Jigawa-WOFAN,RinSQPA50,Female,2024-02-19,19/02/2024 05:37,19/02/2024 05:25,rin13,19/02/2024 10:46
efb24a60-0c06-4fd9-bd23-ee03c8d8598d,Youth,Processors,Jigawa,Rural,No,---,No,No,WOFAN,Jigawa-WOFAN,JahR1EK39,Female,2024-02-19,19/02/2024 09:45,19/02/2024 09:40,jah71,19/02/2024 10:47
0760bcdf-65f1-47b9-9a20-887e09d4f4bc,Youth,Producers/Processors,Jigawa,Rural,Yes,Production,Yes,No,WOFAN,Jigawa-WOFAN,TauLJD618,Female,2024-02-19,19/02/2024 10:49,19/02/2024 10:33,tau20,19/02/2024 10:49
75bd0eb5-b419-4810-ab21-36da70c1359b,Youth,Marketers,Gombe,Peri_urban,No,---,Yes,No,WOFAN,Gombe-WOFAN,AkkV7K656,Female,2024-02-19,19/02/2024 10:48,19/02/2024 09:37,akk05,19/02/2024 10:49
a382194b-7ca7-49f6-b78c-fc3ef314b54c,Youth,Processors,Jigawa,Rural,Yes,Processing,Yes,No,WOFAN,Jigawa-WOFAN,Rin9F0U49,Female,2024-02-19,19/02/2024 08:43,19/02/2024 08:22,rin26,19/02/2024 10:51
c8320596-eabf-45c3-9333-2dfb2922399b,Youth,Producers/Processors,Bauchi,Rural,No,---,Yes,No,WOFAN,Bauchi-WOFAN,Tor58CP04,Female,2024-02-19,19/02/2024 09:26,19/02/2024 09:11,tor03,19/02/2024 10:53
4443554b-4861-4c06-979f-769f4a707e07,Youth,Processors,Jigawa,Rural,Yes,Processing,Yes,Yes,WOFAN,Jigawa-WOFAN,JahV6DS07,Female,2024-02-19,19/02/2024 08:02,19/02/2024 07:42,jah50,19/02/2024 10:53
2397bd01-594b-49f0-90e3-ac9949f2dcfb,Youth,Processors,Jigawa,Rural,Yes,Processing,Yes,Yes,WOFAN,Jigawa-WOFAN,JahI4YO36,Female,2024-02-19,19/02/2024 08:24,19/02/2024 08:02,jah50,19/02/2024 10:53
b18d56e6-8daa-40bb-91ca-90db4cd01102,Youth,Processors,Jigawa,Rural,Yes,Processing,Yes,Yes,WOFAN,Jigawa-WOFAN,JahW54L31,Female,2024-02-19,19/02/2024 08:34,19/02/2024 08:26,jah50,19/02/2024 10:54
dc49b0f9-e9c3-4063-b267-b47b417dae55,Youth,Processors,Jigawa,Rural,Yes,Processing,Yes,Yes,WOFAN,Jigawa-WOFAN,JahC6AY27,Female,2024-02-19,19/02/2024 08:41,19/02/2024 08:36,jah50,19/02/2024 10:54
1bad3f2f-f7b5-4ac2-aceb-1bf672279dea,Youth,Processors,Jigawa,Rural,Yes,Processing,Yes,Yes,WOFAN,Jigawa-WOFAN,JahTIJI45,Female,2024-02-19,19/02/2024 08:55,19/02/2024 08:42,jah50,19/02/2024 10:54
ed966d7d-b3ff-42f9-8a74-7a38e2c19059,Youth,Producers/Processors,Bauchi,Rural,No,---,Yes,No,WOFAN,Bauchi-WOFAN,WarBHP205,Female,2024-02-19,19/02/2024 10:57,19/02/2024 10:38,war04,19/02/2024 10:57
b2b9546d-c2e7-4dd4-818a-8e6c6bc80922,Youth,Marketers,Kaduna,Rural,No,---,Yes,No,WOFAN,Kaduna-WOFAN,Ika65GU24,Female,2024-02-19,19/02/2024 09:39,19/02/2024 09:24,ika23,19/02/2024 10:58
8707e88c-c3db-457a-a01c-1659173aed26,Youth,Producers/Processors,Bauchi,Rural,No,---,Yes,No,WOFAN,Bauchi-WOFAN,WarYY1V40,Female,2024-02-19,19/02/2024 10:57,19/02/2024 10:27,war05,19/02/2024 10:59
09f82d0b-f7d1-419a-8b56-fe796769c77b,Youth,Processors,Kaduna,Rural,Yes,Processing,Yes,No,WOFAN,Kaduna-WOFAN,IkaSJU705,Female,2024-02-19,19/02/2024 11:02,19/02/2024 10:42,ika25,19/02/2024 11:02
89768bff-dbc7-4410-96fa-5ec04ec5f80a,Youth,Processors,Jigawa,Rural,Yes,Processing,Yes,No,WOFAN,Jigawa-WOFAN,RinGE8Z51,Female,2024-02-19,19/02/2024 09:43,19/02/2024 09:23,rin26,19/02/2024 11:03
52bc52f1-96fd-452d-977e-276ba101ec83,Youth,Producers/Processors,Kano,Rural,Yes,Processing,Yes,No,WOFAN,Kano-WOFAN,Tud2Y3J01,Female,2024-02-19,19/02/2024 10:53,19/02/2024 10:31,tun18,19/02/2024 11:04
139513c6-6ca9-4816-9b48-b932ed4a0e3a,Youth,Producers/Processors,Jigawa,Rural,No,---,Yes,No,WOFAN,Jigawa-WOFAN,JahMIZC16,Female,2024-02-19,19/02/2024 11:05,19/02/2024 10:46,jah73,19/02/2024 11:05
8bfd5e64-b8e4-428c-8eb7-75202d5d4a38,Youth,Marketers,Kano,Rural,Yes,Agro-Trader,Yes,Yes,WOFAN,Kano-WOFAN,BagL3QK55,Female,2024-02-19,19/02/2024 10:35,19/02/2024 10:00,bag09,19/02/2024 11:06
48cc875f-266e-4dfd-b4f9-27f87cf41db5,Youth,Producers/Processors,Jigawa,Rural,Yes,Production,Yes,Yes,WOFAN,Jigawa-WOFAN,JahS18844,Female,2024-02-19,19/02/2024 09:30,19/02/2024 09:23,jah72,19/02/2024 11:06
0068d17c-2bf6-4eb5-841d-dc1da2af4ff0,Youth,Processors,Kano,Peri_urban,Yes,Processing,Yes,Yes,WOFAN,Kano-WOFAN,GarB99Z23,Female,2024-02-19,19/02/2024 10:06,19/02/2024 09:55,bun04,19/02/2024 11:09
16008be0-b4dc-4de0-8e93-ff03aa46a8a3,Youth,Processors,Kano,Peri_urban,Yes,Processing,Yes,Yes,WOFAN,Kano-WOFAN,Gar5J5R10,Female,2024-02-19,19/02/2024 10:29,19/02/2024 10:16,bun04,19/02/2024 11:09
4f524420-bea7-47df-93a2-22d5531427c6,Youth,Processors,Kano,Peri_urban,Yes,Processing,Yes,Yes,WOFAN,Kano-WOFAN,Gar523514,Female,2024-02-19,19/02/2024 10:50,19/02/2024 10:37,bun04,19/02/2024 11:09
1ae611ec-230f-4b4e-8d3e-981061d34dd3,Youth,Processors,Kano,Peri_urban,Yes,Processing,Yes,Yes,WOFAN,Kano-WOFAN,GarG9Z810,Female,2024-02-19,19/02/2024 11:03,19/02/2024 10:51,bun04,19/02/2024 11:09
8440ab99-99c8-4aa0-b06f-b84bde7aa8c3,Youth,Producers,Jigawa,Rural,No,---,Yes,No,WOFAN,Jigawa-WOFAN,RinUFMT53,Female,2024-02-19,19/02/2024 11:09,19/02/2024 11:01,rin28,19/02/2024 11:15
fe106962-a90f-4ca5-af6b-9346405f0367,Youth,Producers/Processors,Bauchi,Peri_urban,Yes,Production,Yes,No,WOFAN,Bauchi-WOFAN,Tor943P38,Female,2024-02-19,19/02/2024 10:41,19/02/2024 10:22,tor04,19/02/2024 11:18
1b16bd24-0f06-4dea-9985-c9e2a71af2e2,Youth,Agro_Artisans,Gombe,Rural,Yes,Agro-Input_Dealer,Yes,No,WOFAN,Gombe-WOFAN,Kal0H3U03,Female,2024-02-18,18/02/2024 14:12,18/02/2024 13:46,kal13,19/02/2024 11:19
d03fa4fc-d3b1-4c08-86c8-92826ce59227,Youth,Producers,Jigawa,Rural,Yes,Production,Yes,No,WOFAN,Jigawa-WOFAN,TauDHB839,Female,2024-02-19,19/02/2024 09:05,19/02/2024 08:56,tau19,19/02/2024 11:19
aef8f332-60aa-43bf-94f1-d46a681b456f,Youth,Producers,Bauchi,Rural,No,---,Yes,No,WOFAN,Bauchi-WOFAN,Alk758L30,Female,2024-02-19,19/02/2024 11:20,19/02/2024 10:53,alk02,19/02/2024 11:20
4f4883ce-8002-4dae-948f-f46db6dd64d5,Youth,Processors,Jigawa,Rural,No,---,Yes,No,WOFAN,Jigawa-WOFAN,TauN8GK13,Female,2024-02-19,19/02/2024 07:06,19/02/2024 06:51,tau29,19/02/2024 11:22
469963d2-ba0c-4264-9529-a9fcb5c2c351,Youth,Processors,Kano,Rural,Yes,Processing,Yes,Yes,WOFAN,Kano-WOFAN,BebUROC16,Female,2024-02-19,19/02/2024 06:41,19/02/2024 06:32,tun02,19/02/2024 11:22
d2792643-4c6a-425c-a649-fbd00164aa3f,Youth,Producers/Processors,Bauchi,Rural,Yes,Production,Yes,No,WOFAN,Bauchi-WOFAN,NinDPVP18,Female,2024-02-19,19/02/2024 10:56,19/02/2024 10:40,nin17,19/02/2024 11:25
4fd247e5-4cec-4d02-8ca2-c1c4ef487a35,Youth,Processors,Jigawa,Rural,No,---,No,No,WOFAN,Jigawa-WOFAN,JahO6B922,Female,2024-02-19,19/02/2024 11:27,19/02/2024 11:20,jah46,19/02/2024 11:27
9b6b0f7f-237d-4289-ae59-ba8ea2ca10ba,Youth,Marketers,Kano,Rural,Yes,Agro-Trader,Yes,No,WOFAN,Kano-WOFAN,TofIXF332,Female,2024-02-19,19/02/2024 11:23,19/02/2024 11:17,rig05,19/02/2024 11:27
e3038bc5-88e3-4177-b93b-8af9a83ee3ae,Youth,Processors,Jigawa,Rural,Yes,Agro-Input_Dealer,Yes,No,WOFAN,Jigawa-WOFAN,JahPBO133,Female,2024-02-19,19/02/2024 07:13,19/02/2024 06:54,jah65,19/02/2024 11:29
cd9aca55-68bc-48cc-9c66-5cd8740a19e2,Youth,Processors,Jigawa,Rural,Yes,Mechanization_service_provider,Yes,Yes,WOFAN,Jigawa-WOFAN,JahL12H17,Female,2024-02-19,19/02/2024 09:26,19/02/2024 09:19,jah65,19/02/2024 11:31
438bd536-4629-4f9c-ac1a-6998956a03a6,Youth,Producers/Processors,Kaduna,Rural,No,---,Yes,Yes,WOFAN,Kaduna-WOFAN,IkaF8DO27,Female,2024-02-19,19/02/2024 06:48,19/02/2024 06:37,ika21,19/02/2024 11:32
b8c96efb-c679-455c-8190-b150c8a2b44c,Youth,Processors,Kano,Rural,Yes,Processing,Yes,Yes,WOFAN,Kano-WOFAN,BebB0Z459,Female,2024-02-19,19/02/2024 11:33,19/02/2024 11:27,tun02,19/02/2024 11:33
335d7a88-f0b5-40ed-b879-b8fdc1afc922,Youth,Processors,Jigawa,Rural,Yes,Processing,Yes,No,WOFAN,Jigawa-WOFAN,Jah4XP052,Female,2024-02-19,19/02/2024 11:36,19/02/2024 11:31,jah79,19/02/2024 11:36
627550e2-3483-4360-a59a-ca19a62f6b5f,Youth,Producers/Processors,Kano,Rural,Yes,Processing,Yes,No,WOFAN,Kano-WOFAN,GarTENL33,Female,2024-02-19,19/02/2024 11:38,19/02/2024 11:12,bun12,19/02/2024 11:38
63ccb0fb-cea2-4e7a-a239-01cbf37a379a,Youth,Processors,Kaduna,Rural,Yes,Processing,Yes,No,WOFAN,Kaduna-WOFAN,IkaBA2304,Female,2024-02-19,19/02/2024 11:27,19/02/2024 11:22,ika16,19/02/2024 11:39
d2eb5f36-e6b1-4167-9102-29be2ef97e7b,Youth,Processors,Jigawa,Urban,No,---,No,No,WOFAN,Jigawa-WOFAN,JahBV5427,Female,2024-02-19,19/02/2024 08:10,19/02/2024 08:04,jah41,19/02/2024 11:42
95fdfdf3-1ab1-4eed-99d3-2069f00babda,Youth,Marketers,Jigawa,Rural,Yes,Agro-Trader,Yes,Yes,WOFAN,Jigawa-WOFAN,Jah21A019,Female,2024-02-19,19/02/2024 11:21,19/02/2024 09:58,jah81,19/02/2024 11:45
94a4542d-02f3-498c-8321-e63771b4682b,Youth,Processors,Jigawa,Rural,Yes,Mechanization_service_provider,Yes,Yes,WOFAN,Jigawa-WOFAN,RinV5F128,Female,2024-02-19,19/02/2024 09:24,19/02/2024 09:13,rin25,19/02/2024 11:46
864557c2-63ae-4eee-8cd0-2f73150cc23c,Youth,Marketers,Jigawa,Rural,Yes,Agro-Trader,Yes,Yes,WOFAN,Jigawa-WOFAN,JahPH0D27,Female,2024-02-19,19/02/2024 06:16,19/02/2024 06:05,jah79,19/02/2024 11:46
c0c4637c-3b83-458f-a927-c96d0322b0ba,Youth,Marketers,Gombe,Rural,Yes,Agro-Trader,Yes,No,WOFAN,Gombe-WOFAN,KwaYQZO28,Female,2024-02-19,19/02/2024 10:38,19/02/2024 10:24,kwa29,19/02/2024 11:47
2bd6d805-9f2d-4c72-8053-778bb889f3c5,Youth,Marketers,Jigawa,Rural,Yes,Agro-Trader,Yes,Yes,WOFAN,Jigawa-WOFAN,JahDIKP19,Female,2024-02-19,19/02/2024 11:22,19/02/2024 11:14,jah79,19/02/2024 11:49
c140937e-1bd0-481d-ae48-c93e43b84916,Youth,Processors,Jigawa,Rural,Yes,Production,Yes,Yes,WOFAN,Jigawa-WOFAN,RinKHRR04,Female,2024-02-19,19/02/2024 08:43,19/02/2024 08:34,rin15,19/02/2024 11:58
c690a78f-206d-4efa-9057-1b51bbea7347,Youth,Processors,Jigawa,Rural,Yes,Production,Yes,Yes,WOFAN,Jigawa-WOFAN,Rin3WXB09,Female,2024-02-19,19/02/2024 10:13,19/02/2024 10:01,rin15,19/02/2024 11:59
3b62e63e-f3f9-41db-8bf4-9613cfa9843f,Youth,Processors,Jigawa,Rural,Yes,Processing,No,No,WOFAN,Jigawa-WOFAN,JahI1C519,Female,2024-02-19,19/02/2024 12:02,19/02/2024 11:53,jah75,19/02/2024 12:03
c16d6230-79ed-45f1-911d-9ce72233cb9f,Youth,Processors,Jigawa,Rural,Yes,Production,Yes,Yes,WOFAN,Jigawa-WOFAN,RinS2KR02,Female,2024-02-19,19/02/2024 10:49,19/02/2024 10:03,rin27,19/02/2024 12:20
55bec604-acf6-435d-9e14-0f99bbdf77ec,Youth,Producers,Kano,Rural,Yes,Production,Yes,Yes,WOFAN,Kano-WOFAN,GarC9P542,Female,2024-02-19,19/02/2024 12:21,19/02/2024 12:08,bun02,19/02/2024 12:21
8898c14d-2fe1-47f5-9175-97a3f169883f,Youth,Producers/Processors,Kaduna,Rural,Yes,Production,Yes,No,WOFAN,Kaduna-WOFAN,IkaIHO405,Female,2024-02-19,19/02/2024 07:17,19/02/2024 06:53,ika21,19/02/2024 12:25
0226e3fc-a8d0-4cf7-8c3d-83aafb643e0f,Youth,Producers/Processors,Jigawa,Rural,No,---,No,No,WOFAN,Jigawa-WOFAN,Jah9VXV22,Female,2024-02-19,19/02/2024 12:19,19/02/2024 12:15,jah43,19/02/2024 12:25
d9a5ccdb-bd1b-4806-b46d-7212c15241c8,Youth,Processors,Kano,Rural,No,---,Yes,Yes,WOFAN,Kano-WOFAN,TudT7ZN49,Female,2024-02-19,19/02/2024 12:26,19/02/2024 12:16,tun27,19/02/2024 12:26
8e576544-9051-4386-9dd3-d6bb29b31124,Youth,Processors,Jigawa,Rural,Yes,Production,Yes,Yes,WOFAN,Jigawa-WOFAN,JahH7R222,Female,2024-02-19,19/02/2024 12:31,19/02/2024 12:18,jah50,19/02/2024 12:32
f22b1e78-e7c8-4cd4-957a-215eef662379,Youth,Processors,Jigawa,Rural,Yes,Production,Yes,Yes,WOFAN,Jigawa-WOFAN,JahQ2PO39,Female,2024-02-19,19/02/2024 07:40,19/02/2024 06:40,jah52,19/02/2024 12:42
d4966373-4faf-4ace-83cc-d980fe325a3a,Youth,Marketers,Jigawa,Rural,Yes,Production,Yes,Yes,WOFAN,Jigawa-WOFAN,JahHQBV42,Female,2024-02-19,19/02/2024 10:50,19/02/2024 10:41,jah52,19/02/2024 12:43
7a05d599-1552-49e8-9549-2ea3b5c04e05,Youth,Marketers,Kano,Rural,No,---,No,Yes,WOFAN,Kano-WOFAN,Bag3KLA07,Female,2024-02-19,19/02/2024 12:50,19/02/2024 12:43,bag09,19/02/2024 12:51
d7ead994-b907-443b-abfb-ae53d4fcde96,Youth,Processors,Kano,Rural,No,---,No,No,WOFAN,Kano-WOFAN,Gar8RDF46,Female,2024-02-19,19/02/2024 12:52,19/02/2024 12:37,bun20,19/02/2024 12:52
05741db6-3c64-42dc-bd73-4badba329ab2,Youth,Producers/Processors,Jigawa,Rural,Yes,Production,Yes,Yes,WOFAN,Jigawa-WOFAN,RinFB0W43,Female,2024-02-19,19/02/2024 06:28,19/02/2024 06:17,rin17,19/02/2024 12:54
5cfc1abc-9c1e-44c3-a2f2-2aa406c9a038,Youth,Producers/Processors,Kano,Rural,Yes,Production,Yes,Yes,WOFAN,Kano-WOFAN,DogG5GV27,Female,2024-02-19,19/02/2024 11:36,19/02/2024 11:11,kur05,19/02/2024 12:55
6780b6c9-61bd-44dd-b9b1-4e836a08e0e1,Youth,Producers/Processors,Jigawa,Rural,Yes,Production,Yes,Yes,WOFAN,Jigawa-WOFAN,Rin3ZOC25,Female,2024-02-19,19/02/2024 12:18,19/02/2024 11:58,rin17,19/02/2024 12:55
edfe6618-6a0c-433f-ab85-fcbd4b617980,Youth,Producers/Processors,Kano,Urban,Yes,Mechanization_service_provider,No,Yes,WOFAN,Kano-WOFAN,TudAUR817,Female,2024-02-19,19/02/2024 12:57,19/02/2024 12:50,tun17,19/02/2024 13:00
6d007a8d-c7c7-4a53-a57d-94efee298e93,Youth,Producers/Processors,Kano,Rural,Yes,Processing,No,No,WOFAN,Kano-WOFAN,TudT0NW56,Female,2024-02-19,19/02/2024 13:01,19/02/2024 12:55,tun18,19/02/2024 13:01
93df6e55-e183-4853-85a6-91a4428e8acd,Youth,Processors,Kano,Rural,Yes,Processing,No,No,WOFAN,Kano-WOFAN,Tud6SIZ22,Female,2024-02-19,19/02/2024 09:58,19/02/2024 09:46,tun19,19/02/2024 13:01
f374f15c-13c5-4db1-af6b-39f03355c2b6,Youth,Producers/Processors,Kano,Rural,Yes,Production,Yes,Yes,WOFAN,Kano-WOFAN,Beb6J0L58,Female,2024-02-19,19/02/2024 08:11,19/02/2024 07:52,kir03,19/02/2024 13:08
82ed6eeb-5fdc-4bcc-8fa3-4508231e011c,Youth,Marketers,Gombe,Rural,Yes,Processing,Yes,Yes,WOFAN,Gombe-WOFAN,Sho9U3P14,Female,2024-02-19,19/02/2024 12:24,19/02/2024 12:14,sha05,19/02/2024 13:12
49ef8aef-81ae-49b6-bfaa-7cb6960c6e68,Youth,Producers/Processors,Jigawa,Rural,Yes,Processing,Yes,Yes,WOFAN,Jigawa-WOFAN,JahVNGD47,Female,2024-02-19,19/02/2024 11:29,19/02/2024 11:24,jah72,19/02/2024 13:15
94bb2267-7dda-4507-989c-fc18a5d9c35e,Youth,Processors,Jigawa,Rural,Yes,Processing,Yes,Yes,WOFAN,Jigawa-WOFAN,RinNA9Z51,Female,2024-02-19,19/02/2024 05:45,19/02/2024 05:29,rin21,19/02/2024 13:17
c94ddbd8-b4f1-477d-a7e2-39769c411700,Youth,Producers/Processors,Jigawa,Rural,Yes,Mechanization_service_provider,No,No,WOFAN,Jigawa-WOFAN,JahQGLT28,Female,2024-02-17,17/02/2024 08:29,17/02/2024 08:20,jah64,19/02/2024 13:18
3fec25f5-a567-46bf-8c51-21af17f1db09,Youth,Producers/Processors,Jigawa,Rural,No,---,No,No,WOFAN,Jigawa-WOFAN,JahL7M344,Female,2024-02-17,17/02/2024 08:38,17/02/2024 08:31,jah64,19/02/2024 13:19
157b296f-5631-4d20-b981-876f185c6e6e,Youth,Producers,Jigawa,Rural,Yes,Production,Yes,No,WOFAN,Jigawa-WOFAN,TauC52E10,Female,2024-02-19,19/02/2024 12:09,19/02/2024 12:01,tau28,19/02/2024 13:19
866dc983-6c51-4cc2-ba0a-4c1cf016de9d,Youth,Producers,Jigawa,Rural,Yes,Production,No,No,WOFAN,Jigawa-WOFAN,TauDBG748,Female,2024-02-19,19/02/2024 13:18,19/02/2024 13:12,tau28,19/02/2024 13:20
307227c2-eb06-4d39-af85-6a41b50e22bf,Youth,Processors,Jigawa,Rural,Yes,Processing,Yes,Yes,WOFAN,Jigawa-WOFAN,RinQCKS17,Female,2024-02-19,19/02/2024 13:21,19/02/2024 13:08,rin18,19/02/2024 13:21
2e1bc09b-2c56-4530-9b23-327059b57520,Youth,Producers,Kano,Rural,Yes,Production,Yes,Yes,WOFAN,Kano-WOFAN,Beb5LPU28,Female,2024-02-19,19/02/2024 11:46,19/02/2024 11:40,kir19,19/02/2024 13:27
32c087c9-7e7a-4c8a-85e6-6569316cd92e,Youth,Processors,Jigawa,Rural,Yes,Production,Yes,Yes,WOFAN,Jigawa-WOFAN,RinJ5V751,Female,2024-02-19,19/02/2024 12:33,19/02/2024 12:21,rin15,19/02/2024 13:28
eadd17af-db94-45e0-954b-7cd3673bac3e,Youth,Producers/Processors,Bauchi,Rural,No,---,No,No,WOFAN,Bauchi-WOFAN,GanFHUQ10,Female,2024-02-19,19/02/2024 13:30,19/02/2024 13:24,gan09,19/02/2024 13:30
8dde4efd-8e3b-4ead-bdd7-8d177fea997f,Youth,Processors,Jigawa,Rural,No,---,No,No,WOFAN,Jigawa-WOFAN,JahKDWH16,Female,2024-02-19,19/02/2024 12:47,19/02/2024 12:45,jah46,19/02/2024 13:34
e842a98c-9558-4621-9be4-1a50c1bf7812,Youth,Producers,Jigawa,Rural,Yes,Production,Yes,No,WOFAN,Jigawa-WOFAN,TauWPGO27,Female,2024-02-19,18/02/2024 23:48,18/02/2024 23:36,tau22,19/02/2024 13:36
3d48724a-807f-4012-8598-21ddf5149710,Youth,Producers,Jigawa,Rural,Yes,Production,Yes,No,WOFAN,Jigawa-WOFAN,TauEJDR29,Female,2024-02-19,19/02/2024 06:35,19/02/2024 06:22,tau22,19/02/2024 13:36
f71c7abf-cff0-4f61-b812-786b674798cc,Youth,Marketers,Kaduna,Rural,No,---,No,No,WOFAN,Kaduna-WOFAN,Ika759I42,Female,2024-02-19,19/02/2024 13:39,19/02/2024 13:33,ika20,19/02/2024 13:39
0826f498-194e-41d2-958e-ca18a219ad0e,Youth,Producers/Processors,Bauchi,Urban,Yes,Production,Yes,Yes,WOFAN,Bauchi-WOFAN,BauNMUU56,Female,2024-02-19,19/02/2024 10:17,19/02/2024 09:55,bau14,19/02/2024 13:39
607d056c-aeb5-4c74-9529-beba7946617a,Youth,Producers,Kano,Rural,Yes,Production,Yes,No,WOFAN,Kano-WOFAN,GarTC6Y56,Female,2024-02-19,19/02/2024 08:57,19/02/2024 08:16,bun09,19/02/2024 13:43
2c9f3827-97df-47b8-b465-7aacd8a292f9,Youth,Producers/Processors,Jigawa,Rural,Yes,Production,Yes,Yes,WOFAN,Jigawa-WOFAN,RinB01K03,Female,2024-02-19,19/02/2024 13:50,19/02/2024 12:59,rin23,19/02/2024 13:50
1acbad10-13d3-4e12-b8ad-69827d7879da,Youth,Processors,Jigawa,Rural,No,---,Yes,No,WOFAN,Jigawa-WOFAN,Tau8UXJ41,Female,2024-02-19,19/02/2024 10:25,19/02/2024 10:13,tau24,19/02/2024 13:53
93db9ce1-0903-4306-8e07-6c6b4a9b3834,Youth,Processors,Kano,Rural,Yes,Processing,Yes,Yes,WOFAN,Kano-WOFAN,TudTUK615,Female,2024-02-19,19/02/2024 06:35,19/02/2024 05:41,tun11,19/02/2024 13:55
342ec02f-d505-4fb9-a91b-92397e257f8d,Youth,Processors,Jigawa,Rural,Yes,Processing,Yes,Yes,WOFAN,Jigawa-WOFAN,JahY5TK59,Female,2024-02-19,19/02/2024 11:14,19/02/2024 11:08,jah47,19/02/2024 13:56
cef6b378-9817-4f20-8674-b354178f59f5,Youth,Processors,Kano,Rural,Yes,Agro-Input_Dealer,No,No,WOFAN,Kano-WOFAN,TudRAQZ55,Female,2024-02-19,19/02/2024 12:01,19/02/2024 11:55,tun11,19/02/2024 13:57
ab5e46f9-b5e4-4fbe-b9dd-af3a8bbdfb17,Youth,Producers,Kano,Rural,No,---,No,No,WOFAN,Kano-WOFAN,GarH46F03,Female,2024-02-19,19/02/2024 09:27,19/02/2024 08:50,bun18,19/02/2024 14:04
6b68eae4-aadb-4610-8d8c-545b500715d2,Youth,Producers,Jigawa,Rural,Yes,Production,Yes,No,WOFAN,Jigawa-WOFAN,Tau3RBD18,Female,2024-02-19,19/02/2024 10:37,19/02/2024 10:30,tau21,19/02/2024 14:09
12ea5917-536e-4e57-bc19-4fece9795da9,Youth,Producers,Jigawa,Rural,No,---,No,No,WOFAN,Jigawa-WOFAN,JahY39136,Female,2024-02-19,19/02/2024 13:15,19/02/2024 13:09,jah45,19/02/2024 14:20
c780cbdf-fd7f-4c26-96cc-96c1a236f645,Youth,Producers/Processors,Kano,Rural,Yes,Production,Yes,No,WOFAN,Kano-WOFAN,KurG1L149,Female,2024-02-19,19/02/2024 09:17,19/02/2024 08:57,gmm55,19/02/2024 14:20
3dad4278-32cb-41cc-9566-dca8355c4e40,Youth,Producers/Processors,Kano,Rural,Yes,Production,Yes,No,WOFAN,Kano-WOFAN,Kur9WKB40,Female,2024-02-19,19/02/2024 12:35,19/02/2024 12:28,kur13,19/02/2024 14:22
801ff972-a801-4169-8ca4-5c2650bb5915,Youth,Processors,Kaduna,Rural,Yes,Processing,Yes,No,WOFAN,Kaduna-WOFAN,Ika37WC57,Female,2024-02-19,19/02/2024 09:49,19/02/2024 09:37,ika13,19/02/2024 14:23
9415aeb1-2d05-401d-af25-8dfd8e1416de,Youth,Processors,Kaduna,Rural,Yes,Processing,Yes,No,WOFAN,Kaduna-WOFAN,IkaGBTU02,Female,2024-02-19,19/02/2024 14:17,19/02/2024 14:06,ika15,19/02/2024 14:24
daacd6d0-480d-43e7-9271-2704fed6bd50,Youth,Processors,Kaduna,Rural,Yes,Processing,Yes,No,WOFAN,Kaduna-WOFAN,Ika48GT48,Female,2024-02-19,19/02/2024 09:58,19/02/2024 09:49,ika13,19/02/2024 14:25
3da7a6ff-4cd7-418f-8727-3cf4ffa8b0aa,Youth,Producers/Processors,Kano,Rural,Yes,Processing,Yes,No,WOFAN,Kano-WOFAN,TudMDAF56,Female,2024-02-19,19/02/2024 14:24,19/02/2024 14:18,tun33,19/02/2024 14:26
09b3f0c7-0b94-4d64-a741-70ad71ad3eaa,Youth,Producers,Jigawa,Rural,Yes,Production,Yes,Yes,WOFAN,Jigawa-WOFAN,RinA05I23,Female,2024-02-19,19/02/2024 10:06,19/02/2024 09:50,rin24,19/02/2024 14:26
bb1da3fc-e29f-4a7c-b7ef-d6b7e9500f58,Youth,Marketers,Kaduna,Rural,Yes,Processing,Yes,No,WOFAN,Kaduna-WOFAN,Ika5HM726,Female,2024-02-19,19/02/2024 14:26,19/02/2024 12:29,ika22,19/02/2024 14:26
d527540d-8f6e-4895-8187-9d71977cc532,Youth,Producers,Kano,Rural,Yes,Production,Yes,No,WOFAN,Kano-WOFAN,KurUCDJ11,Female,2024-02-19,19/02/2024 09:22,19/02/2024 09:09,kur01,19/02/2024 14:27
5647b5b9-1f0d-40e7-a108-5c91d0bda447,Youth,Processors,Kano,Rural,Yes,Processing,No,No,WOFAN,Kano-WOFAN,RimY7WI06,Female,2024-02-19,19/02/2024 10:24,19/02/2024 10:09,rig11,19/02/2024 14:32
598068e8-88bc-495c-9fe0-33ee0f219991,Youth,Marketers,Kano,Rural,Yes,Agro-Trader,Yes,No,WOFAN,Kano-WOFAN,TudBKKQ25,Female,2024-02-19,19/02/2024 14:17,19/02/2024 14:04,tun13,19/02/2024 14:33
63b7454f-2edf-4184-ae7b-cfe873dd2f71,Youth,Processors,Kano,Rural,No,---,No,No,WOFAN,Kano-WOFAN,RimOR4Y59,Female,2024-02-19,19/02/2024 12:48,19/02/2024 12:41,rig11,19/02/2024 14:33
224deed8-ef54-40e1-8705-cf803a33fa09,Youth,Producers/Processors,Bauchi,Rural,No,---,Yes,No,WOFAN,Bauchi-WOFAN,War2J1W27,Female,2024-02-19,19/02/2024 14:11,19/02/2024 14:00,war04,19/02/2024 14:35
862ab485-9589-42e6-9c62-c95016eb9b2d,Youth,Processors,Jigawa,Rural,Yes,Agro-Input_Dealer,Yes,Yes,WOFAN,Jigawa-WOFAN,Jah9ADV37,Female,2024-02-19,19/02/2024 14:33,19/02/2024 14:24,jah50,19/02/2024 14:35
0a5e13f3-924d-457a-b452-23d0922f3ddf,Youth,Processors,Jigawa,Rural,No,---,No,No,WOFAN,Jigawa-WOFAN,JahOTTD16,Female,2024-02-19,19/02/2024 14:35,19/02/2024 14:27,jah75,19/02/2024 14:35
dc7e7e7d-2962-437f-b303-dbdd5b87b004,Youth,Producers,Kano,Rural,Yes,Production,Yes,Yes,WOFAN,Kano-WOFAN,GarAOMD02,Female,2024-02-19,19/02/2024 11:07,19/02/2024 10:27,gmm48,19/02/2024 14:35
c4d3b318-e80e-4087-9e9f-16e8fc3f0d92,Youth,Producers,Kano,Rural,Yes,Agro-Input_Dealer,Yes,Yes,WOFAN,Kano-WOFAN,Kir9QN726,Female,2024-02-19,19/02/2024 14:36,19/02/2024 14:27,kir02,19/02/2024 14:36
b70b69aa-2a33-4734-869c-9503708d5cee,Youth,Marketers,Jigawa,Rural,Yes,Agro-Input_Dealer,Yes,Yes,WOFAN,Jigawa-WOFAN,JahR63915,Female,2024-02-19,19/02/2024 13:21,19/02/2024 13:14,jah56,19/02/2024 14:41
4fdd7942-c389-4207-bda6-e08e948be7c0,Youth,Producers/Processors,Jigawa,Rural,Yes,Production,Yes,Yes,WOFAN,Jigawa-WOFAN,JahVKL020,Female,2024-02-19,19/02/2024 13:25,19/02/2024 13:20,jah72,19/02/2024 14:41
342c2b62-da52-4b57-ab4e-ab16aaf7fee1,Youth,Processors,Kano,Rural,Yes,Production,Yes,Yes,WOFAN,Kano-WOFAN,Beb9K6206,Female,2024-02-19,19/02/2024 11:20,19/02/2024 10:34,tun12,19/02/2024 14:42
3740ac04-46df-47b8-a46e-8483f02d289a,Youth,Processors,Kano,Rural,Yes,Production,Yes,Yes,WOFAN,Kano-WOFAN,Tud262O18,Female,2024-02-19,19/02/2024 07:25,19/02/2024 06:29,tun28,19/02/2024 14:44
02712005-0b57-4fab-ab7b-703d9ad38fd8,Youth,Processors,Kano,Rural,Yes,Production,Yes,Yes,WOFAN,Kano-WOFAN,TudHSY852,Female,2024-02-19,19/02/2024 09:44,19/02/2024 09:18,tun28,19/02/2024 14:45
01f491be-82e6-4423-964f-0656a34808ba,Youth,Processors,Kano,Rural,Yes,Processing,Yes,Yes,WOFAN,Kano-WOFAN,Tud8SQ509,Female,2024-02-19,19/02/2024 12:36,19/02/2024 12:05,tun28,19/02/2024 14:46
892086a8-520a-41cc-b36e-3307199fa802,Youth,Producers,Kano,Rural,Yes,Production,Yes,No,WOFAN,Kano-WOFAN,Gar8XOH29,Female,2024-02-19,19/02/2024 14:19,19/02/2024 10:34,gmm48,19/02/2024 14:47
16186a06-c389-41c3-8263-07dfbb6d426a,Youth,Processors,Kano,Rural,Yes,Processing,Yes,No,WOFAN,Kano-WOFAN,BebVLHS10,Female,2024-02-19,19/02/2024 08:45,19/02/2024 08:11,tun09,19/02/2024 14:47
8faff74e-837d-4b6b-94f8-6d4177d8aac2,Youth,Producers,Kano,Rural,No,---,Yes,Yes,WOFAN,Kano-WOFAN,GarZ9O344,Female,2024-02-19,19/02/2024 14:48,19/02/2024 14:36,bun17,19/02/2024 14:48
c03ba64c-240f-4181-83a3-c2b952128822,Youth,Producers,Kano,Rural,No,---,Yes,No,WOFAN,Kano-WOFAN,GarB3JM28,Female,2024-02-19,19/02/2024 09:29,19/02/2024 09:19,bun21,19/02/2024 14:51
33c59027-39f8-4440-81ab-cd65becfb976,Youth,Marketers,Kano,Rural,Yes,Agro-Trader,Yes,No,WOFAN,Kano-WOFAN,Tud90FZ30,Female,2024-02-19,19/02/2024 14:52,19/02/2024 14:43,tun13,19/02/2024 14:53
1f638cca-63b8-43cb-ab2b-45adfa5448f2,Youth,Processors,Kano,Rural,Yes,Agro-Trader,Yes,No,WOFAN,Kano-WOFAN,BagUBHN18,Female,2024-02-19,19/02/2024 13:09,19/02/2024 12:46,bag04,19/02/2024 14:53
42577176-9471-4b8d-8004-05d3917bf8fd,Youth,Producers,Bauchi,Rural,No,---,Yes,No,WOFAN,Bauchi-WOFAN,TafSJI839,Female,2024-02-19,19/02/2024 14:12,19/02/2024 13:50,taf02,19/02/2024 14:54
feb63cad-ee24-4d14-947c-69c6db21700a,Youth,Producers,Jigawa,Rural,No,---,Yes,No,WOFAN,Jigawa-WOFAN,RinTQAO09,Female,2024-02-19,19/02/2024 13:31,19/02/2024 13:23,rin17,19/02/2024 14:54
8442ce7a-de42-47a7-b24e-7c72402ed8b9,Youth,Processors,Jigawa,Rural,Yes,Production,Yes,Yes,WOFAN,Jigawa-WOFAN,Rin7EVK54,Female,2024-02-19,19/02/2024 14:40,19/02/2024 14:33,rin15,19/02/2024 14:56
5cef012a-ac88-4f24-a398-b03beaaa0c69,Youth,Processors,Kaduna,Rural,Yes,Off-taker,Yes,Yes,WOFAN,Kaduna-WOFAN,Ika4PWU55,Female,2024-02-18,18/02/2024 14:11,18/02/2024 13:51,ika30,19/02/2024 15:04
1f78ba5f-283e-4ecf-a7ff-cdb128f128b3,Youth,Producers/Processors,Kano,Rural,Yes,Processing,Yes,Yes,WOFAN,Kano-WOFAN,GarU3QK49,Female,2024-02-19,19/02/2024 09:19,19/02/2024 09:04,gmm61,19/02/2024 15:07
5975e0fc-672e-4b02-b5fc-191c6480e646,Youth,Producers,Kano,Rural,No,---,No,No,WOFAN,Kano-WOFAN,GarPP5U05,Female,2024-02-19,19/02/2024 11:21,19/02/2024 11:13,bun11,19/02/2024 15:07
2542d491-d084-4d6f-9f69-541a9d8d481e,Youth,Processors,Jigawa,Rural,Yes,Processing,Yes,Yes,WOFAN,Jigawa-WOFAN,JahZP1442,Female,2024-02-19,19/02/2024 14:47,19/02/2024 14:43,jah51,19/02/2024 15:08
7a8fad30-a838-4df0-8e15-1bf8ccdcd5c9,Youth,Processors,Jigawa,Rural,No,---,No,No,WOFAN,Jigawa-WOFAN,Tau10AM33,Female,2024-02-19,19/02/2024 15:09,19/02/2024 15:04,tau23,19/02/2024 15:09
1869cd01-2d7f-4ee3-9d93-6eff2ed4af82,Youth,Producers,Kano,Rural,Yes,Production,Yes,Yes,WOFAN,Kano-WOFAN,BebR37033,Female,2024-02-19,19/02/2024 11:17,19/02/2024 08:49,tun08,19/02/2024 15:09
d5ea6624-abab-4715-adbb-6468f6acc11b,Youth,Producers,Kano,Rural,Yes,Production,Yes,Yes,WOFAN,Kano-WOFAN,BebKNB507,Female,2024-02-19,19/02/2024 11:57,19/02/2024 11:34,tun08,19/02/2024 15:10
43a15dad-023c-4042-b52d-ba89d5c20bf4,Youth,Producers,Kano,Rural,Yes,Production,Yes,Yes,WOFAN,Kano-WOFAN,BebJTR423,Female,2024-02-18,18/02/2024 18:05,18/02/2024 12:29,kir12,19/02/2024 15:19
f52c5c57-5135-441e-b59f-116817c74285,Youth,Processors,Kano,Rural,Yes,Processing,Yes,No,WOFAN,Kano-WOFAN,RimI8NY17,Female,2024-02-19,19/02/2024 15:23,19/02/2024 15:09,rig03,19/02/2024 15:23
e7938b6b-5441-48ba-b01e-4499995de4ae,Youth,Processors,Kano,Rural,No,---,No,No,WOFAN,Kano-WOFAN,TudUX8P06,Female,2024-02-19,19/02/2024 06:36,19/02/2024 06:27,tun25,19/02/2024 15:24
09a9fbe4-8479-45af-b1ad-b803a8e304d1,Youth,Marketers,Kano,Rural,No,---,No,No,WOFAN,Kano-WOFAN,TudQRX136,Female,2024-02-19,19/02/2024 12:12,19/02/2024 12:04,tun15,19/02/2024 15:24
153c4b64-060f-4861-ade8-8e5822f26da6,Youth,Processors,Bauchi,Peri_urban,No,---,Yes,Yes,WOFAN,Bauchi-WOFAN,DasFLSX13,Female,2024-02-19,19/02/2024 12:01,19/02/2024 11:31,das08,19/02/2024 15:24
931a5437-23f8-486c-a266-f6c9214e4bcb,Youth,Processors,Kano,Rural,Yes,Production,Yes,Yes,WOFAN,Kano-WOFAN,BebCOVS06,Female,2024-02-19,19/02/2024 13:38,19/02/2024 13:32,tun29,19/02/2024 15:25
784ae6b3-dde1-45af-beed-7a350c78799e,Youth,Marketers,Kano,Rural,No,---,No,No,WOFAN,Kano-WOFAN,TudI8J315,Female,2024-02-19,19/02/2024 08:45,19/02/2024 08:36,tun25,19/02/2024 15:26
73e6d60f-2c77-4945-9ad4-15f6e17394ba,Youth,Producers,Jigawa,Rural,Yes,Production,Yes,No,WOFAN,Jigawa-WOFAN,TauZKPA27,Female,2024-02-19,19/02/2024 12:14,19/02/2024 12:06,tau19,19/02/2024 15:26
c441a196-bda5-4887-a628-17a2568d0d5f,Youth,Processors,Kano,Rural,No,---,No,No,WOFAN,Kano-WOFAN,TudDV4C39,Female,2024-02-19,19/02/2024 13:15,19/02/2024 13:08,tun25,19/02/2024 15:27
0ecec4b8-ce2b-41b1-89a3-3129eeef6793,Youth,Processors,Kano,Rural,Yes,Processing,Yes,Yes,WOFAN,Kano-WOFAN,TudCP5R24,Female,2024-02-19,19/02/2024 12:19,19/02/2024 11:51,tun07,19/02/2024 15:30
95e79dfb-1c7f-4d52-9e87-10152f565707,Youth,Marketers,Kano,Peri_urban,No,---,No,No,WOFAN,Kano-WOFAN,TofU7FT59,Female,2024-02-19,19/02/2024 07:51,19/02/2024 07:43,bag01,19/02/2024 15:34
2f2e5d9c-c767-4747-8cac-dab8ac9824ca,Youth,Processors,Kano,Rural,Yes,Production,Yes,Yes,WOFAN,Kano-WOFAN,BebHYPS59,Female,2024-02-19,19/02/2024 15:37,19/02/2024 15:21,tun12,19/02/2024 15:37
a13c1fdc-f9f8-4a00-ad3e-3d709ee9a870,Youth,Marketers,Gombe,Rural,No,---,No,No,WOFAN,Gombe-WOFAN,GomA8U540,Female,2024-02-19,19/02/2024 15:38,19/02/2024 15:33,gom23,19/02/2024 15:39
c40646fd-3628-45e6-b07e-dc27ce2bf452,Youth,Processors,Jigawa,Rural,Yes,Processing,Yes,Yes,WOFAN,Jigawa-WOFAN,RinTPB023,Female,2024-02-19,19/02/2024 12:35,19/02/2024 12:17,rin15,19/02/2024 15:39
f78c0116-6e50-4728-92f6-f5df9bfd98bc,Youth,Producers/Processors,Jigawa,Rural,No,---,No,No,WOFAN,Jigawa-WOFAN,JahP8VY03,Female,2024-02-19,19/02/2024 15:42,19/02/2024 15:36,jah43,19/02/2024 15:42
24f46a77-e6ae-4cf7-8a5c-0395c5f8c3c1,Youth,Marketers,Kano,Rural,No,---,No,No,WOFAN,Kano-WOFAN,KurCKBE31,Female,2024-02-18,18/02/2024 14:49,18/02/2024 13:47,kur09,19/02/2024 15:46
eecd54a5-cba8-4f33-962e-f2bbf2f61451,Youth,Marketers,Kano,Rural,No,---,No,No,WOFAN,Kano-WOFAN,TudXR3V59,Female,2024-02-19,19/02/2024 10:17,19/02/2024 10:07,tun15,19/02/2024 15:47
1f14fc3c-7164-4bf5-b416-e0f3fcfd9ee7,Youth,Marketers,Kano,Rural,No,---,No,No,WOFAN,Kano-WOFAN,TudMQXW05,Female,2024-02-19,19/02/2024 13:01,19/02/2024 12:56,tun15,19/02/2024 15:49
2133b84a-32db-4c39-9253-61dc32eaf8c5,Youth,Producers/Processors,Jigawa,Rural,Yes,Production,Yes,No,WOFAN,Jigawa-WOFAN,TauBXTY10,Female,2024-02-19,19/02/2024 15:52,19/02/2024 15:43,tau20,19/02/2024 15:52
37dc32e1-533d-4cb1-bee5-c4c81abbbf19,Youth,Processors,Kano,Rural,No,---,Yes,Yes,WOFAN,Kano-WOFAN,BagK2MG44,Female,2024-02-19,19/02/2024 14:31,19/02/2024 14:09,tof71,19/02/2024 15:53
7b5beeb3-bf10-41a1-8ae4-a54d20b66535,Youth,Producers,Jigawa,Rural,Yes,Production,Yes,Yes,WOFAN,Jigawa-WOFAN,RinG78S32,Female,2024-02-18,18/02/2024 17:10,18/02/2024 17:04,rin11,19/02/2024 15:57
822c4fc0-4413-4fe6-b172-efd4b68357f7,Youth,Producers,Kano,Rural,Yes,Production,Yes,Yes,WOFAN,Kano-WOFAN,Beb4LUN22,Female,2024-02-19,19/02/2024 15:45,19/02/2024 15:29,kir11,19/02/2024 15:58
27f9d9f4-9258-4cb3-9373-dd998a3454e3,Youth,Processors,Gombe,Rural,Yes,Production,Yes,Yes,WOFAN,Gombe-WOFAN,KalRL6V56,Female,2024-02-19,19/02/2024 11:53,19/02/2024 11:18,kal14,19/02/2024 16:00
04d203de-b9de-4c82-b84d-82e7965b2f58,Youth,Processors,Kaduna,Rural,Yes,Processing,Yes,No,WOFAN,Kaduna-WOFAN,IkaQPR021,Female,2024-02-18,18/02/2024 14:11,18/02/2024 11:28,ika11,19/02/2024 16:02
5f5dd887-a666-4e9e-b251-6377d18b4ba4,Youth,Processors,Jigawa,Rural,No,---,No,No,WOFAN,Jigawa-WOFAN,JahNDZF05,Female,2024-02-19,19/02/2024 14:27,19/02/2024 14:13,jah71,19/02/2024 16:02
1bc64e43-26d5-4c5a-98f6-cedaae21d23b,Youth,Processors,Jigawa,Rural,No,---,No,No,WOFAN,Jigawa-WOFAN,JahSUCR36,Female,2024-02-19,19/02/2024 15:54,19/02/2024 15:52,jah71,19/02/2024 16:03
51440f8b-231e-4db2-b20c-4c0db5a73bb4,Youth,Processors,Bauchi,Rural,No,---,Yes,No,WOFAN,Bauchi-WOFAN,WarPFOE33,Female,2024-02-19,19/02/2024 10:52,19/02/2024 10:43,war03,19/02/2024 16:05
d4ad1eed-4acd-41f8-8bd9-24350fb3b145,Youth,Marketers,Kano,Rural,No,---,No,Yes,WOFAN,Kano-WOFAN,Tud098P10,Female,2024-02-19,19/02/2024 16:06,19/02/2024 15:55,tun15,19/02/2024 16:06
d05c6211-45e7-4035-8bea-ad041022a35c,Youth,Producers,Kano,Rural,No,---,Yes,No,WOFAN,Kano-WOFAN,KurIVFQ26,Female,2024-02-19,19/02/2024 15:16,19/02/2024 15:05,kur04,19/02/2024 16:06
1bec91ab-ae3e-4504-9379-1be1d5efdb08,Youth,Producers/Processors,Kano,Rural,Yes,Mechanization_service_provider,No,No,WOFAN,Kano-WOFAN,TudPLB935,Female,2024-02-19,19/02/2024 16:05,19/02/2024 15:58,tun17,19/02/2024 16:07
34811596-bc7e-4597-ae47-bf80c6aeb455,Youth,Processors,Kano,Rural,No,---,No,No,WOFAN,Kano-WOFAN,TudN1P558,Female,2024-02-19,19/02/2024 13:05,19/02/2024 12:52,tun27,19/02/2024 16:07
7f5a0575-be40-45b0-b1bd-0ffb0bc7eddb,Youth,Agro_Artisans,Bauchi,Rural,No,---,Yes,No,WOFAN,Bauchi-WOFAN,WarZWT202,Female,2024-02-19,19/02/2024 13:58,19/02/2024 13:48,war03,19/02/2024 16:09
1c5cc1d9-60f0-4bb4-b7a8-2305cc0ae35b,Youth,Producers/Processors,Jigawa,Rural,Yes,Processing,No,No,WOFAN,Jigawa-WOFAN,JahE0YO41,Female,2024-02-19,19/02/2024 10:31,19/02/2024 10:25,jah78,19/02/2024 16:09
b8186065-40ec-4705-8ba1-6034f27e729c,Youth,Producers,Jigawa,Rural,Yes,Production,Yes,No,WOFAN,Jigawa-WOFAN,JahIQ7Z24,Female,2024-02-19,19/02/2024 15:46,19/02/2024 15:13,jah39,19/02/2024 16:10
83aff325-8be8-4240-81c8-a06c6155f961,Youth,Producers/Processors,Jigawa,Rural,Yes,Other,Yes,Yes,WOFAN,Jigawa-WOFAN,JahV4FQ28,Female,2024-02-19,19/02/2024 09:55,19/02/2024 09:45,jah68,19/02/2024 16:20
abbf4c8d-2826-4e03-b0b7-986b2c1de40a,Youth,Producers/Processors,Jigawa,Rural,Yes,Production,Yes,Yes,WOFAN,Jigawa-WOFAN,JahDJHB02,Female,2024-02-19,19/02/2024 10:12,19/02/2024 10:02,jah68,19/02/2024 16:20
b0b03643-8fa8-4651-a267-bdfd4e28526b,Youth,Producers,Kano,Peri_urban,Yes,Production,Yes,No,WOFAN,Kano-WOFAN,BebHYW610,Female,2024-02-19,19/02/2024 13:21,19/02/2024 11:42,kir06,19/02/2024 16:21
b55e8b23-cf48-4164-8bd9-103d2241b69f,Youth,Processors,Kaduna,Rural,No,---,No,No,WOFAN,Kaduna-WOFAN,IkaABU603,Female,2024-02-19,19/02/2024 16:24,19/02/2024 16:16,ika20,19/02/2024 16:24
8bf3dd07-799f-4c9c-9f87-6c416dbe1ba9,Youth,Marketers,Jigawa,Rural,No,---,Yes,Yes,WOFAN,Jigawa-WOFAN,JahJANM58,Female,2024-02-19,19/02/2024 08:51,19/02/2024 08:24,jah80,19/02/2024 16:28
e6e96520-3dab-4c02-87f6-040edbf9affe,Youth,Processors,Jigawa,Rural,Yes,Processing,Yes,Yes,WOFAN,Jigawa-WOFAN,Jah2VG952,Female,2024-02-19,19/02/2024 15:19,19/02/2024 15:07,jah83,19/02/2024 16:29
759742ee-0b54-4fd1-bdd4-3e5f89908ac2,Youth,Producers/Processors,Kano,Rural,Yes,Production,Yes,No,WOFAN,Kano-WOFAN,RanNHYP54,Female,2024-02-19,19/02/2024 10:34,19/02/2024 09:44,ran12,19/02/2024 16:30
7b46313e-f2d9-43b3-b0b9-bd4e4b549ea7,Youth,Processors,Jigawa,Rural,Yes,Agro-Input_Dealer,Yes,Yes,WOFAN,Jigawa-WOFAN,JahLU9A02,Female,2024-02-19,19/02/2024 09:19,19/02/2024 09:13,jah59,19/02/2024 16:31
7e30c14d-66d4-4583-ac33-6dbfd7cf5997,Youth,Producers,Kano,Rural,Yes,Production,Yes,Yes,WOFAN,Kano-WOFAN,GarA5C611,Female,2024-02-19,19/02/2024 14:25,19/02/2024 13:51,bun07,19/02/2024 16:31
9bc7e8da-aaca-4d63-8c64-9861acf9c948,Youth,Producers,Kano,Rural,Yes,Production,Yes,Yes,WOFAN,Kano-WOFAN,GarS74T32,Female,2024-02-19,19/02/2024 14:44,19/02/2024 14:30,bun07,19/02/2024 16:31
638184d3-cc1c-41bf-a4c9-3e207f4f1b77,Youth,Producers,Jigawa,Rural,No,---,Yes,No,WOFAN,Jigawa-WOFAN,Tau2MF452,Female,2024-02-19,19/02/2024 14:27,19/02/2024 14:11,tau24,19/02/2024 16:32
52c99117-0cf9-4317-a8c5-a37d9a2f9896,Youth,Processors,Jigawa,Rural,Yes,Agro-Input_Dealer,Yes,Yes,WOFAN,Jigawa-WOFAN,Jah7M1916,Female,2024-02-19,19/02/2024 10:22,19/02/2024 10:15,jah59,19/02/2024 16:32
8fa1dc54-5603-4c3c-874e-d994e2330486,Youth,Processors,Jigawa,Rural,Yes,Processing,Yes,No,WOFAN,Jigawa-WOFAN,Jah9N3E02,Female,2024-02-19,19/02/2024 15:37,19/02/2024 15:32,jah67,19/02/2024 16:36
f8d07208-3cf1-4692-b583-460ba5abb769,Youth,Marketers,Jigawa,Rural,No,---,No,No,WOFAN,Jigawa-WOFAN,JahYNLM23,Female,2024-02-19,19/02/2024 16:37,19/02/2024 16:30,jah59,19/02/2024 16:37
d5c9881a-71e8-4fb0-8943-f799f2415564,Youth,Marketers,Kano,Rural,No,---,No,No,WOFAN,Kano-WOFAN,TudW7M754,Female,2024-02-19,19/02/2024 16:38,19/02/2024 16:32,tun15,19/02/2024 16:38
79adcb68-dd97-41dd-82e3-1df010a8a97d,Youth,Marketers,Kano,Peri_urban,Yes,Processing,Yes,No,WOFAN,Kano-WOFAN,Beb6K1U48,Female,2024-02-19,19/02/2024 16:32,19/02/2024 16:22,tun04,19/02/2024 16:40
1645831b-44fa-473d-b82e-d64c4deeac0e,Youth,Processors,Jigawa,Rural,Yes,Processing,Yes,Yes,WOFAN,Jigawa-WOFAN,RinF89R16,Female,2024-02-19,19/02/2024 16:43,19/02/2024 16:31,rin18,19/02/2024 16:43
1a55bc45-7ab6-40e1-92b6-f363f8a814c9,Youth,Marketers,Kano,Rural,Yes,Processing,Yes,Yes,WOFAN,Kano-WOFAN,Tud86Z132,Female,2024-02-19,19/02/2024 12:29,19/02/2024 12:21,tun01,19/02/2024 16:46
fbc7f008-5061-4057-b624-a67a6c3d2a80,Youth,Producers,Kano,Rural,Yes,Production,Yes,No,WOFAN,Kano-WOFAN,GarA50752,Female,2024-02-19,19/02/2024 16:50,19/02/2024 15:36,bun06,19/02/2024 16:52
7c1abb30-0a6d-4158-b2bc-99356b5a99b8,Youth,Producers/Processors,Kaduna,Rural,Yes,Production,Yes,Yes,WOFAN,Kaduna-WOFAN,Ika9XCJ40,Female,2024-02-19,19/02/2024 15:48,19/02/2024 14:37,ika12,19/02/2024 16:54
121c91c6-f7e4-4569-8efc-c54f1102928e,Youth,Marketers,Gombe,Rural,No,---,Yes,No,WOFAN,Gombe-WOFAN,Gom7CVE34,Female,2024-02-19,19/02/2024 16:55,19/02/2024 16:36,gom22,19/02/2024 16:55
2e54ed8d-f6d6-430e-a366-b0c3c50df59c,Youth,Processors,Kano,Rural,Yes,Production,No,Yes,WOFAN,Kano-WOFAN,TudQ07209,Female,2024-02-19,19/02/2024 16:57,19/02/2024 16:45,tun23,19/02/2024 16:58
c60ed9c2-8b26-4d5b-b9c4-e1cd499fb78c,Youth,Processors,Kano,Rural,No,---,Yes,No,WOFAN,Kano-WOFAN,BagOXKZ47,Female,2024-02-19,19/02/2024 16:58,19/02/2024 16:31,bag09,19/02/2024 16:58
5b696751-3163-4647-b876-c094f7e5810c,Youth,Producers/Processors,Bauchi,Urban,Yes,Processing,Yes,No,WOFAN,Bauchi-WOFAN,BauSWY707,Female,2024-02-19,19/02/2024 17:04,19/02/2024 16:27,bau15,19/02/2024 17:05
dd07ceb8-05e4-48bf-8b21-6aa199bfb4f0,Youth,Producers,Kaduna,Urban,Yes,Mechanization_service_provider,Yes,No,WOFAN,Kaduna-WOFAN,IkaVUJ206,Female,2024-02-19,19/02/2024 06:37,19/02/2024 06:30,ika18,19/02/2024 17:13
f40ed8e8-e15a-47c0-a383-818031d2e9c1,Youth,Producers,Kaduna,Urban,Yes,Agro-Input_Dealer,Yes,No,WOFAN,Kaduna-WOFAN,IkaLJ8M02,Female,2024-02-19,19/02/2024 09:15,19/02/2024 09:05,ika18,19/02/2024 17:14
f8480627-8518-46a4-8933-fbd503506aab,Youth,Producers/Processors,Kano,Rural,No,---,Yes,No,WOFAN,Kano-WOFAN,BagOYKD28,Female,2024-02-19,19/02/2024 09:35,19/02/2024 09:16,bag10,19/02/2024 17:19
9d2cd351-24f2-4dd9-a9e9-740d9d08110e,Youth,Producers,Jigawa,Rural,Yes,Production,Yes,Yes,WOFAN,Jigawa-WOFAN,RinNVRW27,Female,2024-02-19,19/02/2024 17:21,19/02/2024 16:52,rin24,19/02/2024 17:21
e2d1c412-c295-484b-90d1-aae1231575a4,Youth,Producers/Processors,Jigawa,Rural,Yes,Mechanization_service_provider,Yes,Yes,WOFAN,Jigawa-WOFAN,JahIJGF55,Female,2024-02-19,19/02/2024 17:22,19/02/2024 17:11,jah50,19/02/2024 17:22
deb376fc-5b78-447e-80d1-8ecfb75000fa,Youth,Producers,Gombe,Rural,No,---,No,No,WOFAN,Gombe-WOFAN,Sho8B7S55,Female,2024-02-19,19/02/2024 08:18,19/02/2024 08:04,sha01,19/02/2024 17:22
08e34b45-4968-41ad-8de6-35dc81eba8a2,Youth,Producers,Jigawa,Rural,Yes,Production,Yes,No,WOFAN,Jigawa-WOFAN,Tau3ZHR10,Female,2024-02-19,19/02/2024 08:30,19/02/2024 08:23,tau25,19/02/2024 17:26
3eb67af7-be65-4013-ac1d-20e5043ec7b1,Youth,Producers,Jigawa,Rural,Yes,Production,Yes,No,WOFAN,Jigawa-WOFAN,TauTZ3E38,Female,2024-02-19,19/02/2024 10:38,19/02/2024 10:31,tau25,19/02/2024 17:27
9d2805f2-2bd8-4f21-ad6f-5cb86d7219a2,Youth,Producers/Processors,Jigawa,Rural,Yes,Processing,No,No,WOFAN,Jigawa-WOFAN,JahJWD937,Female,2024-02-19,19/02/2024 17:05,19/02/2024 16:53,jah78,19/02/2024 17:27
cb564f75-046b-421c-a408-4662a62806ed,Youth,Processors,Kano,Rural,Yes,Production,Yes,No,WOFAN,Kano-WOFAN,TudHYZJ00,Female,2024-02-19,19/02/2024 14:58,19/02/2024 14:50,tun09,19/02/2024 17:28
b240f62b-8171-45b6-8d1c-435027c41abd,Youth,Processors,Jigawa,Rural,No,---,No,No,WOFAN,Jigawa-WOFAN,JahETJ053,Female,2024-02-19,19/02/2024 16:41,19/02/2024 16:39,jah71,19/02/2024 17:28
ad5164a0-4a51-4881-ac22-e9076eba9993,Youth,Producers/Processors,Bauchi,Rural,No,---,Yes,No,WOFAN,Bauchi-WOFAN,War1F2V24,Female,2024-02-19,19/02/2024 17:29,19/02/2024 17:01,war03,19/02/2024 17:29
e304b9df-6e3c-470d-bc89-efd26c337557,Youth,Producers/Processors,Kano,Urban,Yes,Production,Yes,No,WOFAN,Kano-WOFAN,Kur6OQP26,Female,2024-02-19,19/02/2024 17:33,19/02/2024 17:18,kur14,19/02/2024 17:33
617962bd-c0fe-4b94-9c52-cf92d98ef6ac,Youth,Producers,Kano,Peri_urban,No,---,No,No,WOFAN,Kano-WOFAN,BebYDTW18,Female,2024-02-19,19/02/2024 16:38,19/02/2024 16:30,kir06,19/02/2024 17:34
2254ab73-51f4-43e2-b70c-6f400f822c2d,Youth,Producers,Gombe,Rural,No,---,No,No,WOFAN,Gombe-WOFAN,ShoK5MF08,Female,2024-02-19,19/02/2024 16:47,19/02/2024 16:15,sha01,19/02/2024 17:35
ecec16c7-c2b6-49a5-9fd8-b63d63e949b1,Youth,Producers/Processors,Kaduna,Rural,Yes,Production,Yes,No,WOFAN,Kaduna-WOFAN,IkaC4IC26,Female,2024-02-19,19/02/2024 15:09,19/02/2024 14:54,ika34,19/02/2024 17:39
5ac5780f-f05c-4dfe-a7f3-e2add361b3ee,Youth,Producers/Processors,Kano,Rural,Yes,Processing,Yes,Yes,WOFAN,Kano-WOFAN,TudA95O52,Female,2024-02-19,19/02/2024 14:49,19/02/2024 14:30,tun18,19/02/2024 17:39
35286618-b259-42db-97e9-06a67b4c3f25,Youth,Processors,Kano,Rural,Yes,Processing,No,No,WOFAN,Kano-WOFAN,TudYSY046,Female,2024-02-19,19/02/2024 15:05,19/02/2024 14:50,tun19,19/02/2024 17:41
2bff24e4-1959-4ac9-9555-0ad975e20600,Youth,Processors,Jigawa,Urban,No,---,Yes,Yes,WOFAN,Jigawa-WOFAN,JahAEMH33,Female,2024-02-19,19/02/2024 12:54,19/02/2024 12:48,jah41,19/02/2024 17:44
364e94c1-8304-4200-b7e5-54001df09f2c,Youth,Producers,Kano,Rural,Yes,Production,Yes,Yes,WOFAN,Kano-WOFAN,GarF45F36,Female,2024-02-19,19/02/2024 15:19,19/02/2024 14:41,bun09,19/02/2024 17:44
39485a1e-1346-4e47-a456-a9d84bbdcf79,Youth,Processors,Kano,Rural,Yes,Processing,Yes,No,WOFAN,Kano-WOFAN,Tud14EY56,Female,2024-02-19,19/02/2024 07:04,19/02/2024 06:41,tun32,19/02/2024 17:47
752e3448-a8d6-49fd-a683-5198905c8ae1,Youth,Processors,Kano,Rural,Yes,Processing,Yes,No,WOFAN,Kano-WOFAN,TudPGON15,Female,2024-02-19,19/02/2024 07:34,19/02/2024 07:12,tun32,19/02/2024 17:47
a98c5e0f-d984-4f43-8afe-97a5bf31048a,Youth,Processors,Kano,Rural,Yes,Processing,Yes,No,WOFAN,Kano-WOFAN,Tud7XJG51,Female,2024-02-19,19/02/2024 09:32,19/02/2024 09:18,tun32,19/02/2024 17:47
25ef8f49-5f1e-42f6-b56c-7945c1bda036,Youth,Producers/Processors,Kano,Rural,Yes,Agro-Trader,Yes,No,WOFAN,Kano-WOFAN,TudGRYL15,Female,2024-02-19,19/02/2024 09:37,19/02/2024 09:21,tun32,19/02/2024 17:47
679f5bf4-7612-499e-b232-70c887456b76,Youth,Processors,Kano,Rural,Yes,Processing,Yes,No,WOFAN,Kano-WOFAN,TudA6XL46,Female,2024-02-19,19/02/2024 09:48,19/02/2024 09:32,tun32,19/02/2024 17:47
f5d1d414-301a-4469-a72d-7f3ea1abf120,Youth,Producers/Processors,Kano,Rural,Yes,Production,Yes,Yes,WOFAN,Kano-WOFAN,TudQBPK01,Female,2024-02-19,19/02/2024 07:36,19/02/2024 07:16,tun30,19/02/2024 17:50
f62dd203-363a-40a0-92ef-402515728a1e,Youth,Producers/Processors,Kano,Rural,Yes,Production,Yes,Yes,WOFAN,Kano-WOFAN,TudQX6P45,Female,2024-02-19,19/02/2024 11:49,19/02/2024 11:40,tun30,19/02/2024 17:51
c8d555c5-3c19-4acc-8f51-4e8a2c3a66a0,Youth,Marketers,Kano,Rural,Yes,Agro-Exporter,Yes,Yes,WOFAN,Kano-WOFAN,Tud3OAT02,Female,2024-02-19,19/02/2024 14:31,19/02/2024 14:18,tun32,19/02/2024 17:52
c1f95e79-8104-42ca-a65b-de65662f57dd,Youth,Agro_Artisans,Kano,Urban,Yes,Agro-Input_Dealer,Yes,Yes,WOFAN,Kano-WOFAN,GarXE2323,Female,2024-02-18,18/02/2024 16:12,18/02/2024 16:03,gmm66,19/02/2024 17:53
d496e856-14e4-4815-af13-e15702e536b3,Youth,Producers/Processors,Kano,Rural,Yes,Production,Yes,Yes,WOFAN,Kano-WOFAN,TudCAGA30,Female,2024-02-19,19/02/2024 13:54,19/02/2024 13:48,tun30,19/02/2024 17:56
4c7fb341-7883-4681-aba9-7148eb24455c,Youth,Producers/Processors,Kano,Peri_urban,Yes,Production,Yes,Yes,WOFAN,Kano-WOFAN,KirX46K17,Female,2024-02-19,19/02/2024 11:29,19/02/2024 10:42,kir18,19/02/2024 17:57
f89bb1f0-3b91-4dc6-81ad-3e411714e77b,Youth,Producers/Processors,Kano,Rural,Yes,Production,Yes,Yes,WOFAN,Kano-WOFAN,GarRM4V51,Female,2024-02-19,19/02/2024 16:45,19/02/2024 16:38,gmm61,19/02/2024 17:58
663f83ab-61ee-4d7e-8c20-3d9a4703b95e,Youth,Processors,Jigawa,Rural,No,---,Yes,Yes,WOFAN,Jigawa-WOFAN,Jah4XYO29,Female,2024-02-19,19/02/2024 15:23,19/02/2024 15:19,jah60,19/02/2024 18:01
799ee7be-d5ef-42f5-95b1-dcb4bb7e9b90,Youth,Processors,Jigawa,Rural,Yes,Processing,Yes,Yes,WOFAN,Jigawa-WOFAN,JahGFVJ00,Female,2024-02-19,19/02/2024 15:26,19/02/2024 15:23,jah60,19/02/2024 18:01
7edc0d5a-46b5-440c-ae8b-f3057e199715,Youth,Processors,Jigawa,Rural,Yes,Processing,Yes,Yes,WOFAN,Jigawa-WOFAN,JahUP0214,Female,2024-02-19,19/02/2024 15:30,19/02/2024 15:27,jah60,19/02/2024 18:01
3074519f-b2cb-4dd8-8363-069b7a253156,Youth,Processors,Jigawa,Rural,Yes,Processing,Yes,Yes,WOFAN,Jigawa-WOFAN,JahBPPE47,Female,2024-02-19,19/02/2024 15:46,19/02/2024 15:42,jah69,19/02/2024 18:01
aaf60510-e7f4-41ca-86a9-2240fdb4212f,Youth,Processors,Jigawa,Rural,Yes,Processing,Yes,Yes,WOFAN,Jigawa-WOFAN,JahK8FP13,Female,2024-02-19,19/02/2024 15:49,19/02/2024 15:46,jah69,19/02/2024 18:01
d0a73a7f-3476-46f5-88fb-6164a05e47ee,Youth,Processors,Jigawa,Rural,Yes,Processing,Yes,Yes,WOFAN,Jigawa-WOFAN,JahZ22822,Female,2024-02-19,19/02/2024 15:52,19/02/2024 15:49,jah69,19/02/2024 18:02
ebf5de60-5c0a-43c4-ab69-16aacb0953c2,Youth,Processors,Jigawa,Rural,Yes,Processing,Yes,Yes,WOFAN,Jigawa-WOFAN,JahFB8V26,Female,2024-02-19,19/02/2024 15:56,19/02/2024 15:53,jah69,19/02/2024 18:02
e569caad-40ab-4d1a-b7ec-b43df8cd83ee,Youth,Processors,Jigawa,Rural,Yes,Processing,Yes,Yes,WOFAN,Jigawa-WOFAN,JahOFO936,Female,2024-02-19,19/02/2024 15:59,19/02/2024 15:56,jah69,19/02/2024 18:02
956f1dc1-73fb-4096-99ce-1378b76f8caa,Youth,Marketers,Kano,Rural,Yes,Mechanization_service_provider,Yes,Yes,WOFAN,Kano-WOFAN,RanKMBA38,Female,2024-02-19,19/02/2024 18:07,19/02/2024 17:57,gmm65,19/02/2024 18:07
03016f42-fe89-40cf-898c-9547c3548ff5,Youth,Producers/Processors,Kano,Rural,Yes,Agro-Input_Dealer,Yes,No,WOFAN,Kano-WOFAN,BagHU4848,Female,2024-02-19,19/02/2024 18:08,19/02/2024 17:06,rig09,19/02/2024 18:08
256b3666-73ca-42cd-bb15-a2a48b11c819,Youth,Processors,Jigawa,Rural,Yes,Production,No,No,WOFAN,Jigawa-WOFAN,Jah3A5Z24,Female,2024-02-19,19/02/2024 16:52,19/02/2024 16:47,jah48,19/02/2024 18:12
81ec0167-649b-42a2-8089-f962fc06366f,Youth,Producers/Processors,Kano,Rural,Yes,Processing,Yes,Yes,WOFAN,Kano-WOFAN,TudK33F01,Female,2024-02-19,19/02/2024 17:07,19/02/2024 17:00,tun33,19/02/2024 18:26
9e409b8a-2873-4f12-9d86-b6483e3e187e,Youth,Producers/Processors,Jigawa,Rural,Yes,Production,Yes,Yes,WOFAN,Jigawa-WOFAN,Rin7OGK00,Female,2024-02-19,19/02/2024 16:34,19/02/2024 16:16,rin12,19/02/2024 18:34
c1c1ced8-cff5-4c34-8b19-c67f061c44e8,Youth,Producers,Jigawa,Rural,Yes,Production,No,No,WOFAN,Jigawa-WOFAN,TauGDNH38,Female,2024-02-19,19/02/2024 15:27,19/02/2024 15:23,tau28,19/02/2024 18:36
6e3a548c-0a92-48a6-8624-26bcac9f78ae,Youth,Processors,Kaduna,Rural,Yes,Production,Yes,No,WOFAN,Kaduna-WOFAN,Ika12JC50,Female,2024-02-19,19/02/2024 11:37,19/02/2024 11:28,ika28,19/02/2024 18:37
34c54a5f-de8a-444b-8c41-b1b7e230a85e,Youth,Producers,Kano,Urban,Yes,Production,Yes,No,WOFAN,Kano-WOFAN,Mad8S9I40,Female,2024-02-19,19/02/2024 14:28,19/02/2024 14:20,kur12,19/02/2024 18:38
0da6155a-ed5e-4211-9cb1-9f20f33c8016,Youth,Producers/Processors,Kano,Rural,Yes,Processing,Yes,Yes,WOFAN,Kano-WOFAN,TudA4OA47,Female,2024-02-19,19/02/2024 16:43,19/02/2024 16:33,tun07,19/02/2024 18:38
fd3012e5-f578-4e21-9c0f-58f2d7113adc,Youth,Producers,Kano,Rural,Yes,Production,Yes,No,WOFAN,Kano-WOFAN,MadCLK319,Female,2024-02-19,19/02/2024 15:06,19/02/2024 14:51,kur12,19/02/2024 18:38
c9520237-0268-4cc2-8071-839bda52dcbc,Youth,Processors,Kaduna,Rural,Yes,Production,Yes,No,WOFAN,Kaduna-WOFAN,IkaKBRJ29,Female,2024-02-19,19/02/2024 13:14,19/02/2024 13:04,ika28,19/02/2024 18:40
6929e7a4-a89a-4538-9e2a-578db9b0f1bc,Youth,Producers/Processors,Kano,Rural,Yes,Processing,Yes,Yes,WOFAN,Kano-WOFAN,Kur18EY28,Female,2024-02-19,19/02/2024 10:09,19/02/2024 09:56,kur02,19/02/2024 18:40
a6b3d123-2d9c-4515-9ff7-266193886a76,Youth,Processors,Kaduna,Rural,Yes,Production,Yes,No,WOFAN,Kaduna-WOFAN,Ika604N36,Female,2024-02-19,19/02/2024 15:05,19/02/2024 14:57,ika28,19/02/2024 18:42
735cf02b-e11c-494f-9489-000e45f0fd03,Youth,Producers,Kano,Rural,Yes,Production,Yes,Yes,WOFAN,Kano-WOFAN,Beb5QYW08,Female,2024-02-19,19/02/2024 13:14,19/02/2024 13:05,kir01,19/02/2024 18:43
409d6132-e39a-46a5-a2df-21054322c5a3,Youth,Producers,Kano,Rural,Yes,Production,Yes,Yes,WOFAN,Kano-WOFAN,BebPL4C45,Female,2024-02-19,19/02/2024 13:25,19/02/2024 13:15,kir01,19/02/2024 18:45
c2f88c44-5fe1-4634-b826-4b16ebbf7b59,Youth,Producers,Jigawa,Rural,Yes,Production,Yes,Yes,WOFAN,Jigawa-WOFAN,RinJJO854,Female,2024-02-19,19/02/2024 18:48,19/02/2024 18:35,rin14,19/02/2024 18:49
95920329-98c1-4966-8a1f-594e82227ad9,Youth,Producers/Processors,Kano,Peri_urban,Yes,Production,Yes,Yes,WOFAN,Kano-WOFAN,TofJYO039,Female,2024-02-19,19/02/2024 18:55,19/02/2024 18:47,tof69,19/02/2024 18:55
15ed8426-0e23-4c4f-8c34-900ede04775d,Youth,Processors,Kano,Rural,Yes,Processing,Yes,Yes,WOFAN,Kano-WOFAN,BagCM5017,Female,2024-02-19,19/02/2024 12:44,19/02/2024 10:25,rig04,19/02/2024 19:10
b8d32d22-6f7b-4055-a2ab-d8db39a8acab,Youth,Processors,Kaduna,Rural,Yes,Processing,Yes,Yes,WOFAN,Kaduna-WOFAN,Ika81XD53,Female,2024-02-19,19/02/2024 05:57,19/02/2024 05:34,ika30,19/02/2024 19:12
69d13ec8-1b57-4b03-b202-79f40e632d0e,Youth,Producers,Kano,Rural,No,---,Yes,Yes,WOFAN,Kano-WOFAN,GarC1XE03,Female,2024-02-19,19/02/2024 15:02,19/02/2024 14:52,bun17,19/02/2024 19:14
62ecc71b-d7ab-4bf9-8a76-5940ae5f4460,Youth,Processors,Jigawa,Rural,Yes,Processing,Yes,Yes,WOFAN,Jigawa-WOFAN,Jah95KQ18,Female,2024-02-19,19/02/2024 17:20,19/02/2024 17:14,jah59,19/02/2024 19:16
334c43d4-cbbd-4b08-81f9-e6dfcbed164e,Youth,Producers,Jigawa,Rural,Yes,Production,Yes,No,WOFAN,Jigawa-WOFAN,JahFI7R45,Female,2024-02-19,19/02/2024 17:02,19/02/2024 16:52,jah39,19/02/2024 19:26
5e0edde2-852d-45db-957e-23a1380ac825,Youth,Producers/Processors,Kano,Rural,Yes,Production,No,No,WOFAN,Kano-WOFAN,Beb800352,Female,2024-02-19,19/02/2024 19:26,19/02/2024 19:18,tun31,19/02/2024 19:26
c5fff13a-ade9-4b4b-a32e-5c448f54f269,Youth,Marketers,Kaduna,Rural,Yes,Processing,Yes,No,WOFAN,Kaduna-WOFAN,IkaSZNP54,Female,2024-02-19,19/02/2024 15:39,19/02/2024 15:27,ika25,19/02/2024 19:32
55e66a87-9fd7-41e0-8b58-69289ac2de88,Youth,Producers,Kano,Rural,Yes,Production,Yes,No,WOFAN,Kano-WOFAN,Kur2H3K44,Female,2024-02-19,19/02/2024 14:52,19/02/2024 14:44,kur01,19/02/2024 19:35
1cfb28b1-ff31-4d33-83c6-e7d728fe1b11,Youth,Marketers,Jigawa,Rural,Yes,Agro-Trader,Yes,Yes,WOFAN,Jigawa-WOFAN,JahN88N09,Female,2024-02-19,19/02/2024 17:29,19/02/2024 17:16,jah81,19/02/2024 19:36
58bb8a45-8ec4-431e-b78d-399d354dd8f7,Youth,Processors,Kano,Rural,Yes,Production,Yes,Yes,WOFAN,Kano-WOFAN,Gar0H1V45,Female,2024-02-19,19/02/2024 11:05,19/02/2024 10:42,bun14,19/02/2024 19:38
19f015d2-cdc3-45c1-8119-8d05ca468817,Youth,Producers/Processors,Kano,Rural,No,---,No,No,WOFAN,Kano-WOFAN,GarRWVU57,Female,2024-02-19,19/02/2024 16:35,19/02/2024 16:13,bun16,19/02/2024 19:38
41b2b721-9f66-4c00-9379-c6b1bb9ec8de,Youth,Producers,Kano,Urban,No,---,No,No,WOFAN,Kano-WOFAN,Gar0ICM53,Female,2024-02-19,19/02/2024 16:52,19/02/2024 16:39,bun16,19/02/2024 19:38
e7e751b2-366b-44dc-bdbf-f58b7fe79a00,Youth,Producers,Kano,Rural,No,---,No,No,WOFAN,Kano-WOFAN,Gar0S2V40,Female,2024-02-19,19/02/2024 17:09,19/02/2024 17:01,bun16,19/02/2024 19:38
f57acea3-08bc-4087-9c02-72778fe47cde,Youth,Marketers,Kaduna,Rural,No,---,Yes,No,WOFAN,Kaduna-WOFAN,Ika17PL00,Female,2024-02-19,19/02/2024 08:09,19/02/2024 05:09,ika11,19/02/2024 19:41
c3bef4d9-1ae9-41a6-a3e3-dfeb9adc3213,Youth,Processors,Kaduna,Rural,No,---,Yes,No,WOFAN,Kaduna-WOFAN,IkaMHNS38,Female,2024-02-19,19/02/2024 10:30,19/02/2024 05:22,ika11,19/02/2024 19:43
e5638a8a-67e5-424b-ad17-1e6834e96016,Youth,Processors,Kaduna,Rural,No,---,Yes,No,WOFAN,Kaduna-WOFAN,IkaAIH119,Female,2024-02-19,19/02/2024 12:59,19/02/2024 12:47,ika11,19/02/2024 19:45
520c46cc-522c-4da3-887d-8bda52579690,Youth,Producers,Kano,Rural,Yes,Agro-Input_Dealer,Yes,Yes,WOFAN,Kano-WOFAN,Kir31HT21,Female,2024-02-19,19/02/2024 15:38,19/02/2024 15:23,kir04,19/02/2024 19:46
583e1f65-48c2-4db3-bb6f-0b8936990a34,Youth,Producers/Processors,Jigawa,Rural,Yes,Agro-Input_Dealer,Yes,Yes,WOFAN,Jigawa-WOFAN,JahGCS605,Female,2024-02-19,19/02/2024 19:46,19/02/2024 19:38,jah49,19/02/2024 19:46
fd1875bb-15d3-4c3e-a905-c257f468f87d,Youth,Producers/Processors,Kano,Rural,Yes,Production,Yes,No,WOFAN,Kano-WOFAN,KurQGUR47,Female,2024-02-19,19/02/2024 16:54,19/02/2024 16:31,gmm55,19/02/2024 19:47
586441b3-6e91-4c0c-8bd0-e592b713161b,Youth,Producers/Processors,Jigawa,Rural,Yes,Processing,No,No,WOFAN,Jigawa-WOFAN,Jah7SQZ03,Female,2024-02-19,19/02/2024 19:51,19/02/2024 19:22,jah78,19/02/2024 19:59
d7cf7040-eb2f-43ef-b590-bce33d9872bf,Youth,Processors,Kano,Rural,No,---,No,No,WOFAN,Kano-WOFAN,TudODO951,Female,2024-02-19,19/02/2024 20:02,19/02/2024 19:55,tun25,19/02/2024 20:06
dc3440ae-8860-4611-aa28-26fdec95410b,Youth,Processors,Kaduna,Rural,No,---,No,No,WOFAN,Kaduna-WOFAN,IkaEXWM41,Female,2024-02-19,19/02/2024 19:41,19/02/2024 19:33,ika20,19/02/2024 20:11
0349f9cf-0920-4021-a2f6-04609702648c,Youth,Processors,Jigawa,Rural,No,---,Yes,No,WOFAN,Jigawa-WOFAN,TauGYVK05,Female,2024-02-19,19/02/2024 11:56,19/02/2024 11:46,tau29,19/02/2024 20:13
81d56ce0-daf8-4434-b40d-52a304bad5c7,Youth,Producers/Processors,Kano,Rural,No,---,No,No,WOFAN,Kano-WOFAN,BagIHPQ05,Female,2024-02-19,19/02/2024 20:02,19/02/2024 19:56,bag10,19/02/2024 20:14
120c7a2a-9441-40b8-ba00-c9212e73923a,Youth,Processors,Kano,Rural,Yes,Processing,Yes,Yes,WOFAN,Kano-WOFAN,Beb4EYR16,Female,2024-02-19,19/02/2024 18:21,19/02/2024 18:13,tun02,19/02/2024 20:14
d71c069c-934e-4e1b-b59d-b2e578de4c06,Youth,Producers,Jigawa,Rural,No,---,Yes,No,WOFAN,Jigawa-WOFAN,JahNNSC38,Female,2024-02-17,17/02/2024 21:09,17/02/2024 20:27,jah42,19/02/2024 20:18
ae52d9ea-62d4-4cd8-9ad1-cc4ba74706a9,Youth,Producers,Jigawa,Rural,No,---,Yes,No,WOFAN,Jigawa-WOFAN,Jah831929,Female,2024-02-19,19/02/2024 20:10,19/02/2024 19:56,jah42,19/02/2024 20:19
ba8551de-71de-4be6-99af-2ab3e959df8f,Youth,Producers/Processors,Kano,Rural,Yes,Processing,Yes,No,WOFAN,Kano-WOFAN,RimKQU658,Female,2024-02-19,19/02/2024 20:22,19/02/2024 20:15,rig05,19/02/2024 20:22
bfb13938-d39f-449d-bcd7-e3d01e6199fd,Youth,Marketers,Jigawa,Rural,No,---,Yes,Yes,WOFAN,Jigawa-WOFAN,JahDR3E08,Female,2024-02-19,19/02/2024 17:31,19/02/2024 17:21,jah80,19/02/2024 20:28
e680d0da-7d31-415d-8bbb-a58d0ab459f7,Youth,Processors,Kano,Rural,Yes,Processing,Yes,No,WOFAN,Kano-WOFAN,BebFHVJ37,Female,2024-02-19,19/02/2024 11:24,19/02/2024 10:59,tun27,19/02/2024 20:31
36e62f59-385f-4213-b965-49d916059266,Youth,Producers/Processors,Jigawa,Rural,Yes,Production,Yes,No,WOFAN,Jigawa-WOFAN,RinR2AX10,Female,2024-02-19,19/02/2024 20:31,19/02/2024 20:13,rin19,19/02/2024 20:31
9c091c0d-6b54-42e9-a216-1c98206b04dd,Youth,Marketers,Kano,Rural,Yes,Processing,Yes,Yes,WOFAN,Kano-WOFAN,Tud2T7V43,Female,2024-02-19,19/02/2024 17:01,19/02/2024 16:51,tun13,19/02/2024 20:38
e4a9e0b8-8152-43e8-9631-f04873c2bdab,Youth,Producers/Processors,Kano,Rural,Yes,Production,Yes,No,WOFAN,Kano-WOFAN,Kur351E00,Female,2024-02-19,19/02/2024 17:44,19/02/2024 17:33,gmm49,19/02/2024 20:42
63e39fff-9d89-4db0-995a-624206b6e22f,Youth,Processors,Jigawa,Rural,Yes,Processing,Yes,No,WOFAN,Jigawa-WOFAN,JahBHVC13,Female,2024-02-19,19/02/2024 19:40,19/02/2024 19:34,jah67,19/02/2024 20:43
e232203c-a8c9-4533-bb5b-4198dd0ae64d,Youth,Producers/Processors,Jigawa,Rural,Yes,Production,Yes,Yes,WOFAN,Jigawa-WOFAN,JahDL0I42,Female,2024-02-19,19/02/2024 20:41,19/02/2024 20:34,jah66,19/02/2024 20:45
ff2c1754-9a24-433e-a52d-91b26004c4c7,Youth,Processors,Kano,Peri_urban,Yes,Production,No,No,WOFAN,Kano-WOFAN,BebT0WY30,Female,2024-02-19,19/02/2024 18:38,19/02/2024 18:28,tun04,19/02/2024 20:53
6a2c959b-56a7-4981-8627-81b614684c33,Youth,Producers,Jigawa,Rural,No,---,No,No,WOFAN,Jigawa-WOFAN,Rin2IIV03,Female,2024-02-19,19/02/2024 20:58,19/02/2024 20:49,rin13,19/02/2024 20:58
7ffbac01-1472-4bc0-8ba1-4310525ecc5a,Youth,Producers,Kano,Peri_urban,Yes,Production,Yes,Yes,WOFAN,Kano-WOFAN,GarNXJ645,Female,2024-02-19,19/02/2024 20:46,19/02/2024 20:19,gmm67,19/02/2024 20:59
73751071-53a6-48e6-8c62-4a70126dbb64,Youth,Producers,Kano,Rural,Yes,Production,Yes,Yes,WOFAN,Kano-WOFAN,GarKJ9R13,Female,2024-02-19,19/02/2024 20:59,19/02/2024 20:50,gmm67,19/02/2024 20:59
8732ef39-10c9-4a42-a8e7-7a1a0494402a,Youth,Producers/Processors,Kano,Rural,Yes,Production,No,No,WOFAN,Kano-WOFAN,KurAB4B55,Female,2024-02-19,19/02/2024 17:20,19/02/2024 17:06,kur13,19/02/2024 21:05
809aca8b-4fdc-4122-b123-ace44f480fcf,Youth,Producers,Jigawa,Rural,No,---,Yes,No,WOFAN,Jigawa-WOFAN,Jah9VWX19,Female,2024-02-19,19/02/2024 21:05,19/02/2024 20:59,jah40,19/02/2024 21:05
9089266c-2b2f-418c-8b0a-3e71aaeebee9,Youth,Producers,Kano,Rural,Yes,Production,Yes,No,WOFAN,Kano-WOFAN,KirICTA19,Female,2024-02-19,19/02/2024 21:07,19/02/2024 20:53,kir22,19/02/2024 21:07
f28f79eb-da0b-4ea5-8fc3-488c3d66d550,Youth,Producers,Jigawa,Rural,Yes,Production,Yes,No,WOFAN,Jigawa-WOFAN,JahV5EC22,Female,2024-02-19,19/02/2024 17:57,19/02/2024 17:50,jah39,19/02/2024 21:11
2ac6cec6-38b6-49c4-975d-7a2c8be4664c,Youth,Producers/Processors,Jigawa,Rural,No,---,No,Yes,WOFAN,Jigawa-WOFAN,Jah8D3G39,Female,2024-02-19,19/02/2024 19:44,19/02/2024 19:41,jah40,19/02/2024 21:11
f2384f0d-c9b2-4679-ba6d-6904b9c56ab3,Youth,Processors,Jigawa,Rural,Yes,Production,Yes,Yes,WOFAN,Jigawa-WOFAN,JahPNDC11,Female,2024-02-19,19/02/2024 20:34,19/02/2024 20:29,jah40,19/02/2024 21:12
d57e9566-b3f7-42b7-99c8-bff96671d2fb,Youth,Processors,Kano,Rural,Yes,Agro-Input_Dealer,Yes,Yes,WOFAN,Kano-WOFAN,BebVH8F11,Female,2024-02-19,19/02/2024 10:24,19/02/2024 09:56,tun20,19/02/2024 21:17
bfd39146-fc26-4e77-97ba-a57767a86bdf,Youth,Processors,Kano,Rural,Yes,Processing,Yes,Yes,WOFAN,Kano-WOFAN,BebW0SL51,Female,2024-02-19,19/02/2024 14:01,19/02/2024 13:52,tun20,19/02/2024 21:18
27f4399d-172e-4efe-b9ba-0cdfd7de228c,Youth,Marketers,Kaduna,Rural,Yes,Processing,Yes,Yes,WOFAN,Kaduna-WOFAN,IkaWUUA35,Female,2024-02-19,19/02/2024 21:07,19/02/2024 20:52,ika22,19/02/2024 21:22
a60622ca-50fe-438d-ac27-4037ab6fac3c,Youth,Processors,Jigawa,Rural,Yes,Production,Yes,Yes,WOFAN,Jigawa-WOFAN,RinO4Z136,Female,2024-02-19,19/02/2024 19:59,19/02/2024 19:49,rin15,19/02/2024 21:26
0035a4eb-0a45-4e41-aeaf-ddeb2f14f1de,Youth,Producers,Jigawa,Rural,Yes,Production,Yes,Yes,WOFAN,Jigawa-WOFAN,Rin5Y2L35,Female,2024-02-19,19/02/2024 16:45,19/02/2024 16:28,rin16,19/02/2024 21:33
4fd6702b-f6be-4660-9a05-412c8cce94ab,Youth,Producers,Jigawa,Rural,Yes,Production,Yes,Yes,WOFAN,Jigawa-WOFAN,RinSY1D37,Female,2024-02-19,19/02/2024 19:32,19/02/2024 19:24,rin16,19/02/2024 21:35
63f3be14-e6d3-4d14-99ac-dd7f052bd762,Youth,Processors,Kano,Peri_urban,No,---,No,No,WOFAN,Kano-WOFAN,TofRP9V44,Female,2024-02-19,19/02/2024 17:26,19/02/2024 17:12,bag01,19/02/2024 21:46
c5279534-7ba6-4fff-8320-71549953560d,Youth,Processors,Kano,Rural,No,---,No,No,WOFAN,Kano-WOFAN,Tud8ZO735,Female,2024-02-19,19/02/2024 09:29,19/02/2024 09:11,tun14,19/02/2024 21:52
9684ed25-ebc8-470a-903b-d961ad76d634,Youth,Processors,Kaduna,Rural,Yes,Processing,Yes,No,WOFAN,Kaduna-WOFAN,Ika7ZQV58,Female,2024-02-19,19/02/2024 20:44,19/02/2024 20:29,ika25,19/02/2024 21:52
56ebe336-3eec-48ab-acf4-23d18f59ef8b,Youth,Processors,Kano,Rural,No,---,No,No,WOFAN,Kano-WOFAN,TudFX8R19,Female,2024-02-19,19/02/2024 16:17,19/02/2024 15:48,tun14,19/02/2024 21:53
3b8bf341-7a16-49c4-a58d-ffcf6400bca4,Youth,Producers,Jigawa,Rural,Yes,Production,Yes,Yes,WOFAN,Jigawa-WOFAN,Jah4R7Z44,Female,2024-02-19,19/02/2024 18:58,19/02/2024 18:48,jah46,19/02/2024 21:54
26ebc820-3980-4d62-8e6c-77c362d73f93,Youth,Producers,Kano,Rural,Yes,Production,Yes,Yes,WOFAN,Kano-WOFAN,BebQSJY56,Female,2024-02-19,19/02/2024 21:56,19/02/2024 21:49,kir12,19/02/2024 21:56
6b9846a7-5be3-4520-b59f-ff51c821d89b,Youth,Processors,Jigawa,Rural,Yes,Processing,Yes,Yes,WOFAN,Jigawa-WOFAN,Jah0JN157,Female,2024-02-19,19/02/2024 21:57,19/02/2024 21:40,jah83,19/02/2024 21:57
f65ce44b-f40b-4251-9281-872b647a048a,Youth,Producers,Kano,Peri_urban,Yes,Production,Yes,No,WOFAN,Kano-WOFAN,BebV8JB32,Female,2024-02-19,19/02/2024 12:44,19/02/2024 12:23,kir06,19/02/2024 21:59
1c1438c7-64df-4196-8800-e316356c1e33,Youth,Producers,Jigawa,Rural,Yes,Production,Yes,Yes,WOFAN,Jigawa-WOFAN,RinC8QF22,Female,2024-02-19,19/02/2024 18:24,19/02/2024 18:17,rin22,19/02/2024 22:01
f4e5f7c5-ab1d-4696-88f0-64383d95ce49,Youth,Producers/Processors,Kano,Rural,Yes,Production,No,No,WOFAN,Kano-WOFAN,BebB8D834,Female,2024-02-19,19/02/2024 22:06,19/02/2024 22:00,tun31,19/02/2024 22:06
b5b947ae-a9fd-4bfa-acfe-5086699c918e,Youth,Processors,Kano,Urban,Yes,Production,Yes,Yes,WOFAN,Kano-WOFAN,GarA25N36,Female,2024-02-19,19/02/2024 22:09,19/02/2024 22:01,gmm66,19/02/2024 22:09
c6b9613b-7217-4d22-b220-3a97a0f00ea1,Youth,Processors,Jigawa,Rural,Yes,Processing,Yes,Yes,WOFAN,Jigawa-WOFAN,JahUZ0W41,Female,2024-02-19,19/02/2024 13:03,19/02/2024 12:53,jah60,19/02/2024 22:22
cecb30d5-8265-430c-9ecf-0963d428c499,Youth,Producers,Jigawa,Rural,Yes,Production,Yes,No,WOFAN,Jigawa-WOFAN,RinMU8P31,Female,2024-02-19,19/02/2024 19:34,19/02/2024 18:31,rin13,19/02/2024 22:23
6dae505c-edf9-4613-bf20-df0f73acb361,Youth,Producers/Processors,Jigawa,Rural,Yes,Production,Yes,No,WOFAN,Jigawa-WOFAN,Rin150Q05,Female,2024-02-19,19/02/2024 19:48,19/02/2024 19:39,rin13,19/02/2024 22:24
2d5b13ac-ac53-497a-b5fd-5c278f521f68,Youth,Producers,Kano,Rural,Yes,Processing,Yes,Yes,WOFAN,Kano-WOFAN,GarWBLU28,Female,2024-02-19,19/02/2024 21:30,19/02/2024 21:12,bun02,19/02/2024 22:25
dafb85e9-f8ee-45d5-9813-17a031219afe,Youth,Processors,Kano,Rural,No,---,No,No,WOFAN,Kano-WOFAN,TudT47R30,Female,2024-02-19,19/02/2024 22:30,19/02/2024 22:23,tun15,19/02/2024 22:30
14fffc14-f926-4c9c-bb3d-4df93ba17a7a,Youth,Processors,Kano,Rural,Yes,Processing,No,No,WOFAN,Kano-WOFAN,BebDUE554,Female,2024-02-19,19/02/2024 15:58,19/02/2024 15:43,tun11,19/02/2024 22:35
bb7fe8c1-0f44-4a1c-ac30-a0a516ef4b56,Youth,Marketers,Kano,Rural,No,---,Yes,No,WOFAN,Kano-WOFAN,Tud885M29,Female,2024-02-19,19/02/2024 12:45,19/02/2024 11:44,tun05,19/02/2024 22:36
3a16a281-64dc-4d6b-bb5f-97cb636bcb58,Youth,Processors,Jigawa,Rural,Yes,Processing,Yes,Yes,WOFAN,Jigawa-WOFAN,JahZSBX27,Female,2024-02-19,19/02/2024 22:40,19/02/2024 22:18,jah83,19/02/2024 22:41
cbefbe45-7d6a-4b23-9678-25a76a057f3e,Youth,Marketers,Jigawa,Rural,Yes,Agro-Trader,Yes,Yes,WOFAN,Jigawa-WOFAN,Jah05HI06,Female,2024-02-19,19/02/2024 22:45,19/02/2024 22:30,jah81,19/02/2024 22:47
b5da79e0-aa7b-4055-814c-95627e3b66c0,Youth,Processors,Kano,Rural,Yes,Processing,No,No,WOFAN,Kano-WOFAN,TudP66B02,Female,2024-02-19,19/02/2024 11:30,19/02/2024 11:15,tun19,19/02/2024 22:51
e753a728-ad22-41bd-b1f0-21c5267fb29b,Youth,Processors,Kano,Rural,No,---,No,Yes,WOFAN,Kano-WOFAN,Gar719H35,Female,2024-02-19,19/02/2024 16:09,19/02/2024 15:58,bun14,19/02/2024 22:54
fb03e776-3795-4b30-ac6b-af044dba3d88,Youth,Processors,Kano,Peri_urban,No,---,No,No,WOFAN,Kano-WOFAN,Tud4TZO11,Female,2024-02-19,19/02/2024 21:27,19/02/2024 21:20,tun26,19/02/2024 22:57
c8d2e264-951d-47ca-81fa-876f122aec4c,Youth,Processors,Kano,Peri_urban,No,---,No,No,WOFAN,Kano-WOFAN,Tud2ETO55,Female,2024-02-19,19/02/2024 10:56,19/02/2024 10:49,tun26,19/02/2024 22:58
6e2c9379-e9d6-4f03-bf01-adc693c4e659,Youth,Processors,Kano,Rural,No,---,No,No,WOFAN,Kano-WOFAN,TudO8D310,Female,2024-02-19,19/02/2024 15:57,19/02/2024 15:48,tun26,19/02/2024 23:00
0ad1cd2d-6562-402c-9480-627121fcf8eb,Youth,Processors,Kano,Rural,No,---,No,No,WOFAN,Kano-WOFAN,KurMY9J45,Female,2024-02-19,19/02/2024 16:28,19/02/2024 16:23,kur09,19/02/2024 23:02
4153c879-7679-4cd8-ba7e-aebdafb210e3,Youth,Marketers,Jigawa,Rural,No,---,Yes,Yes,WOFAN,Jigawa-WOFAN,JahC0OK27,Female,2024-02-19,19/02/2024 22:44,19/02/2024 22:28,jah80,19/02/2024 23:08
77cb1e08-83a0-4dad-be42-fb3c8843af20,Youth,Producers/Processors,Kano,Urban,Yes,Production,Yes,No,WOFAN,Kano-WOFAN,KurHVC920,Female,2024-02-19,19/02/2024 22:07,19/02/2024 22:01,kur14,19/02/2024 23:09
89a9b4e3-d6a9-433d-8f81-c202858c89df,Youth,Processors,Kano,Rural,No,---,No,No,WOFAN,Kano-WOFAN,KurOTIO23,Female,2024-02-19,19/02/2024 22:52,19/02/2024 22:44,kur09,19/02/2024 23:13
982086f4-833f-449e-8f47-e147d3456cc3,Youth,Producers/Processors,Bauchi,Rural,No,---,Yes,Yes,WOFAN,Bauchi-WOFAN,TorQ6K647,Female,2024-02-19,19/02/2024 22:17,19/02/2024 22:02,tor03,19/02/2024 23:15
9099f2a5-b8c7-4aa7-98c8-29715fd35deb,Youth,Producers/Processors,Kano,Rural,Yes,Production,Yes,Yes,WOFAN,Kano-WOFAN,RanLLWX43,Female,2024-02-20,19/02/2024 23:21,19/02/2024 23:14,gmm61,19/02/2024 23:21
0a416b9b-4dad-42c5-b487-9a4e5017c23b,Youth,Producers/Processors,Kaduna,Rural,No,---,No,No,WOFAN,Kaduna-WOFAN,IkaC68N39,Female,2024-02-19,19/02/2024 14:37,19/02/2024 14:26,ika14,19/02/2024 23:47
45aba00c-7367-4af0-87f5-401c314fdf51,Youth,Producers,Kano,Rural,Yes,Production,Yes,No,WOFAN,Kano-WOFAN,GarU7Q558,Female,2024-02-19,19/02/2024 13:09,19/02/2024 12:24,bun12,19/02/2024 23:59
91a488d6-9439-43fe-9f9c-9bcde80451a5,Youth,Processors,Kano,Rural,Yes,Processing,No,No,WOFAN,Kano-WOFAN,TudK9HB19,Female,2024-02-19,19/02/2024 21:14,19/02/2024 21:03,tun23,20/02/2024 03:17
dcd2d791-2f6b-4b37-a476-e02202181c2f,Youth,Processors,Jigawa,Rural,Yes,Production,Yes,Yes,WOFAN,Jigawa-WOFAN,Rin4KP757,Female,2024-02-19,19/02/2024 21:50,19/02/2024 21:40,rin21,20/02/2024 03:20
a3dd671b-f8b2-46bc-aabd-4b7e5a73526f,Youth,Producers,Kano,Rural,Yes,Production,Yes,No,WOFAN,Kano-WOFAN,Gar9MSM39,Female,2024-02-19,19/02/2024 08:24,19/02/2024 08:12,gmm60,20/02/2024 03:21
0b8c94ca-271c-42a0-bd17-39a15e266547,Youth,Producers/Processors,Jigawa,Rural,Yes,Production,Yes,No,WOFAN,Jigawa-WOFAN,RinY8HX57,Female,2024-02-20,20/02/2024 02:03,20/02/2024 01:52,rin12,20/02/2024 03:45
fe4c41d2-c069-41f0-84ae-edc5819ac029,Youth,Producers/Processors,Kano,Rural,Yes,Production,Yes,No,WOFAN,Kano-WOFAN,RimETTJ56,Female,2024-02-19,19/02/2024 17:42,19/02/2024 17:21,rig07,20/02/2024 05:09
29668f94-51dd-4756-9a93-a3eda4a08c02,Youth,Producers,Kano,Rural,Yes,Agro-Input_Dealer,Yes,Yes,WOFAN,Kano-WOFAN,KirGBPQ13,Female,2024-02-19,19/02/2024 18:09,19/02/2024 18:02,kir16,20/02/2024 05:09
1cf84482-57e0-4e7a-ab0d-2c6ee044ad0a,Youth,Processors,Jigawa,Rural,Yes,Production,Yes,Yes,WOFAN,Jigawa-WOFAN,RinQEHU21,Female,2024-02-20,20/02/2024 05:16,20/02/2024 05:06,rin21,20/02/2024 05:33
7dacfddf-bdce-4151-8496-df39f409645d,Youth,Producers,Kano,Rural,Yes,Production,Yes,Yes,WOFAN,Kano-WOFAN,BebY9SN50,Female,2024-02-20,20/02/2024 05:30,20/02/2024 05:16,kir11,20/02/2024 05:33
e1588d32-d605-49d2-8b80-ee6d4cb2885c,Youth,Marketers,Kaduna,Rural,No,---,No,No,WOFAN,Kaduna-WOFAN,IkaW0V557,Female,2024-02-20,20/02/2024 05:35,20/02/2024 05:30,ika20,20/02/2024 05:35
5c21b027-f135-44c6-a580-6bbd87eafced,Youth,Producers,Kano,Rural,Yes,Production,Yes,No,WOFAN,Kano-WOFAN,KurF4WN33,Female,2024-02-19,19/02/2024 19:29,19/02/2024 19:23,kur11,20/02/2024 05:40
57004aaf-0026-487c-91f0-235c3850a9d3,Youth,Producers/Processors,Bauchi,Rural,Yes,Production,Yes,Yes,WOFAN,Bauchi-WOFAN,TorKIBA45,Female,2024-02-20,20/02/2024 05:41,20/02/2024 05:26,tor03,20/02/2024 05:41
7b9578d1-56b1-4269-85b8-ee0fcc39c621,Youth,Producers,Kano,Rural,Yes,Production,Yes,No,WOFAN,Kano-WOFAN,KurLT2I46,Female,2024-02-19,19/02/2024 20:50,19/02/2024 20:43,kur11,20/02/2024 05:41
8ab9b329-3269-4683-bc38-25e437473c4f,Youth,Producers/Processors,Kano,Rural,Yes,Production,Yes,Yes,WOFAN,Kano-WOFAN,BebQ1FV30,Female,2024-02-20,20/02/2024 05:43,20/02/2024 05:27,kir15,20/02/2024 05:43
d2f4f0d1-8059-4cd1-823a-d38997464993,Youth,Producers,Jigawa,Rural,Yes,Agro-Input_Dealer,Yes,Yes,WOFAN,Jigawa-WOFAN,Jah5TC944,Female,2024-02-19,19/02/2024 21:03,19/02/2024 20:43,jah73,20/02/2024 06:00
6d8567b7-3e96-485f-a49d-cddabbd31d0f,Youth,Producers,Kano,Rural,Yes,Production,Yes,Yes,WOFAN,Kano-WOFAN,BunYZ9352,Female,2024-02-19,19/02/2024 14:27,19/02/2024 14:00,bun05,20/02/2024 06:10
e693ef53-ff96-4a49-b936-4a2bca555b4a,Youth,Producers,Kano,Rural,Yes,Production,Yes,Yes,WOFAN,Kano-WOFAN,BunX71O24,Female,2024-02-19,19/02/2024 14:28,19/02/2024 13:50,bun05,20/02/2024 06:10
1366aed0-f1a2-426b-9a31-f5a36a5b7a8a,Youth,Producers,Kano,Rural,Yes,Production,Yes,Yes,WOFAN,Kano-WOFAN,BunGQJ521,Female,2024-02-19,19/02/2024 14:28,19/02/2024 13:38,bun05,20/02/2024 06:10
2942c57b-87d9-4acb-8216-67ea43ecca01,Youth,Producers,Kano,Rural,Yes,Production,Yes,Yes,WOFAN,Kano-WOFAN,GarNIBR08,Female,2024-02-19,19/02/2024 14:30,19/02/2024 13:24,bun05,20/02/2024 06:10
bd62a366-8021-4d5e-8205-c94380e27e4f,Youth,Processors,Kano,Rural,No,---,No,No,WOFAN,Kano-WOFAN,TudVNOE34,Female,2024-02-20,20/02/2024 05:32,20/02/2024 05:25,tun23,20/02/2024 06:14
e7c4d9a3-8079-4a26-b034-03e069623bac,Youth,Processors,Jigawa,Rural,Yes,Processing,Yes,Yes,WOFAN,Jigawa-WOFAN,RinMFUK54,Female,2024-02-20,20/02/2024 06:15,20/02/2024 05:57,rin18,20/02/2024 06:15
faa7e248-d4d2-4765-ae44-398ab23c447a,Youth,Producers/Processors,Kano,Rural,Yes,Production,No,No,WOFAN,Kano-WOFAN,BebHY2N19,Female,2024-02-20,20/02/2024 06:19,20/02/2024 06:11,tun31,20/02/2024 06:19
7d9480a4-8c47-42c6-8d26-2e496a347239,Youth,Processors,Kano,Rural,Yes,Processing,Yes,Yes,WOFAN,Kano-WOFAN,Bag3K2Y53,Female,2024-02-20,20/02/2024 06:20,20/02/2024 06:07,bag04,20/02/2024 06:20
e6492289-95eb-450a-a492-afe17eb190db,Youth,Producers,Kano,Rural,Yes,Agro-Input_Dealer,Yes,Yes,WOFAN,Kano-WOFAN,KirAWDF33,Female,2024-02-20,20/02/2024 06:28,20/02/2024 06:09,kir02,20/02/2024 06:29
747c9030-3db6-4efa-960a-4d073f2d906a,Youth,Processors,Kano,Rural,Yes,Off-taker,Yes,No,WOFAN,Kano-WOFAN,BebP6K309,Female,2024-02-19,19/02/2024 07:56,19/02/2024 07:47,tun24,20/02/2024 06:32
f0774e53-c496-45b7-8e5a-6f607adcb539,Youth,Producers,Kano,Rural,No,---,Yes,No,WOFAN,Kano-WOFAN,GarLBOW51,Female,2024-02-19,19/02/2024 18:18,19/02/2024 18:10,bun21,20/02/2024 06:33
1b3b5ee9-65c2-482a-9b4f-c4be73c91021,Youth,Producers,Kano,Rural,No,---,Yes,No,WOFAN,Kano-WOFAN,GarNS1828,Female,2024-02-19,19/02/2024 21:50,19/02/2024 21:40,bun21,20/02/2024 06:35
2b388f21-7faa-4a72-baa6-0a58ecc2bf6e,Youth,Marketers,Jigawa,Rural,Yes,Production,Yes,Yes,WOFAN,Jigawa-WOFAN,JahJPVK06,Female,2024-02-19,19/02/2024 16:17,19/02/2024 16:03,jah52,20/02/2024 06:37
0d32d428-b0b1-4dcb-a947-bdce179b3f78,Youth,Producers,Kano,Rural,Yes,Agro-Input_Dealer,Yes,Yes,WOFAN,Kano-WOFAN,BebIXGB24,Female,2024-02-20,20/02/2024 06:47,20/02/2024 06:31,kir13,20/02/2024 06:48
a762edb7-e7c5-4781-b0e4-1909ff19e6f4,Youth,Producers/Processors,Kano,Peri_urban,Yes,Production,Yes,Yes,WOFAN,Kano-WOFAN,TofV5FE05,Female,2024-02-19,19/02/2024 22:45,19/02/2024 22:33,tof69,20/02/2024 06:52
8756b9f6-0ddd-44b6-a38f-92088dc3a8a1,Youth,Producers,Kano,Rural,Yes,Production,Yes,Yes,WOFAN,Kano-WOFAN,KirS0JY51,Female,2024-02-20,20/02/2024 05:23,20/02/2024 05:16,kir16,20/02/2024 06:57
0773cbd8-e986-457a-a9ca-2e195a0cdbd4,Youth,Processors,Kano,Rural,Yes,Agro-Exporter,No,Yes,WOFAN,Kano-WOFAN,Beb30ZX27,Female,2024-02-19,19/02/2024 10:13,19/02/2024 10:07,tun24,20/02/2024 07:01
c686c95d-b073-4746-b08a-2a957e9d53b9,Youth,Processors,Kano,Rural,No,---,Yes,No,WOFAN,Kano-WOFAN,Beb1NRQ40,Female,2024-02-19,19/02/2024 13:10,19/02/2024 13:00,tun24,20/02/2024 07:02
d7726e26-df62-4257-87bb-06705a1a224c,Youth,Processors,Kano,Rural,No,---,No,No,WOFAN,Kano-WOFAN,Beb42J214,Female,2024-02-19,19/02/2024 15:34,19/02/2024 15:27,tun24,20/02/2024 07:03
9012a953-cff4-4d7b-a555-e6996aac3eb3,Youth,Marketers,Kaduna,Rural,Yes,Processing,Yes,No,WOFAN,Kaduna-WOFAN,Ika5A9647,Female,2024-02-20,20/02/2024 05:59,20/02/2024 05:45,ika25,20/02/2024 07:04
4ab2bb53-9df0-4f20-8547-9b991dfc823a,Youth,Processors,Kano,Rural,Yes,Processing,Yes,No,WOFAN,Kano-WOFAN,RimN0PB06,Female,2024-02-20,20/02/2024 07:06,20/02/2024 06:52,rig07,20/02/2024 07:06
0a7fa711-a3f1-4a8a-a380-72b4770fb8b6,Youth,Processors,Kaduna,Rural,Yes,Production,Yes,No,WOFAN,Kaduna-WOFAN,Ika1Q4X34,Female,2024-02-20,20/02/2024 05:29,20/02/2024 05:24,ika32,20/02/2024 07:08
74d2430d-9e6d-4e7a-9f44-2b95fdcccac8,Youth,Producers/Processors,Jigawa,Rural,Yes,Production,Yes,No,WOFAN,Jigawa-WOFAN,RinS5PZ39,Female,2024-02-20,20/02/2024 07:10,20/02/2024 06:16,rin19,20/02/2024 07:10
fdb2d102-75a4-4406-86c9-63004d11b550,Youth,Processors,Kano,Rural,No,---,No,No,WOFAN,Kano-WOFAN,RimHCK126,Female,2024-02-19,19/02/2024 14:50,19/02/2024 14:43,rig11,20/02/2024 07:11
2c1a1834-cd96-4caa-a6b7-a33de274cedf,Youth,Producers,Gombe,Rural,No,---,No,No,WOFAN,Gombe-WOFAN,ShoY3AT44,Female,2024-02-20,20/02/2024 07:10,20/02/2024 07:02,sha01,20/02/2024 07:12
c2e98954-8154-4a07-8c6e-dc815464f1bc,Youth,Producers/Processors,Jigawa,Rural,Yes,Processing,No,No,WOFAN,Jigawa-WOFAN,JahLSO638,Female,2024-02-20,20/02/2024 07:12,20/02/2024 06:59,jah78,20/02/2024 07:13
0736bb40-7b0a-459a-a4e8-d73334c76113,Youth,Producers,Bauchi,Peri_urban,Yes,Production,Yes,No,WOFAN,Bauchi-WOFAN,TorOPNJ07,Female,2024-02-19,19/02/2024 09:26,19/02/2024 09:15,tor02,20/02/2024 07:16
5c937cf1-d2fa-4a5d-884d-c9e107ccce06,Youth,Producers,Bauchi,Rural,No,---,Yes,No,WOFAN,Bauchi-WOFAN,Alk882O09,Female,2024-02-19,19/02/2024 08:15,19/02/2024 07:50,alk03,20/02/2024 07:19
d6a139ab-9e76-478f-81a2-bc9920b8b8df,Youth,Processors,Kano,Rural,Yes,Production,Yes,Yes,WOFAN,Kano-WOFAN,Gar4EQT38,Female,2024-02-19,19/02/2024 09:37,19/02/2024 09:24,gmm50,20/02/2024 07:32
38fb7559-cc63-4d13-9657-cb93c32407a4,Youth,Marketers,Kano,Rural,No,---,No,No,WOFAN,Kano-WOFAN,TudBF6231,Female,2024-02-20,20/02/2024 07:34,20/02/2024 07:27,tun15,20/02/2024 07:34
8f80df84-6ce3-4645-a3ca-03ee273c4b32,Youth,Producers,Kano,Rural,Yes,Production,Yes,No,WOFAN,Kano-WOFAN,KurOJAE18,Female,2024-02-20,20/02/2024 06:59,20/02/2024 06:44,kur04,20/02/2024 07:35
7a67e863-99ff-4d94-b0ba-5c8f879c62b2,Youth,Agro_Artisans,Kano,Rural,Yes,Agro-Trader,Yes,Yes,WOFAN,Kano-WOFAN,Ran6HL701,Female,2024-02-20,20/02/2024 07:38,20/02/2024 07:28,gmm65,20/02/2024 07:38
3c37f9eb-2615-4022-9024-7dd9fae09faf,Youth,Producers,Jigawa,Rural,Yes,Production,Yes,No,WOFAN,Jigawa-WOFAN,JahJDSV03,Female,2024-02-20,20/02/2024 07:31,20/02/2024 07:07,jah42,20/02/2024 07:46
cc891309-a896-4817-943d-c8849e810a67,Youth,Producers,Bauchi,Rural,Yes,Production,Yes,No,WOFAN,Bauchi-WOFAN,TafQUO711,Female,2024-02-20,20/02/2024 07:48,20/02/2024 07:29,taf05,20/02/2024 07:48
965f7838-b95d-4e19-970e-27a7e4d5fe48,Youth,Producers/Processors,Kaduna,Rural,Yes,Production,No,No,WOFAN,Kaduna-WOFAN,IkaX17954,Female,2024-02-19,19/02/2024 09:55,19/02/2024 09:46,ika24,20/02/2024 07:49
8a5a3260-f878-413f-aadb-e9137c9b1d3c,Youth,Producers/Processors,Jigawa,Rural,Yes,Production,Yes,Yes,WOFAN,Jigawa-WOFAN,JahRNB223,Female,2024-02-20,20/02/2024 06:18,20/02/2024 06:11,jah49,20/02/2024 07:52
274b090c-13b7-4def-9645-099520287074,Youth,Marketers,Kano,Rural,Yes,Agro-Exporter,Yes,Yes,WOFAN,Kano-WOFAN,BagJA3747,Female,2024-02-20,20/02/2024 07:54,20/02/2024 07:40,bag09,20/02/2024 07:54
9cd27150-50cd-4409-852b-eed76ac999f7,Youth,Processors,Kano,Rural,No,---,No,No,WOFAN,Kano-WOFAN,Gar8Q4S52,Female,2024-02-20,20/02/2024 07:55,19/02/2024 19:55,bun20,20/02/2024 07:55
2b5b3dd3-bbd1-4aac-888f-9a3dccaa2f0d,Youth,Producers,Kano,Rural,No,---,No,No,WOFAN,Kano-WOFAN,Gar402B15,Female,2024-02-19,19/02/2024 18:49,19/02/2024 18:28,bun18,20/02/2024 07:55
33f19594-d073-4506-84f0-b2ecd1c08ff5,Youth,Processors,Jigawa,Rural,Yes,Production,Yes,Yes,WOFAN,Jigawa-WOFAN,RinCS9451,Female,2024-02-20,20/02/2024 06:12,20/02/2024 06:02,rin11,20/02/2024 08:08
c229fca3-c181-4945-97eb-58f2960c19c0,Youth,Processors,Jigawa,Rural,Yes,Processing,Yes,Yes,WOFAN,Jigawa-WOFAN,RinTCVQ08,Female,2024-02-20,20/02/2024 07:58,20/02/2024 07:50,rin11,20/02/2024 08:09
8ae7e0e0-604d-44bd-b208-a6dfb0a4d43e,Youth,Producers/Processors,Kano,Rural,Yes,Production,Yes,No,WOFAN,Kano-WOFAN,BebIZKE33,Female,2024-02-20,20/02/2024 08:11,20/02/2024 08:00,tun21,20/02/2024 08:12
67e180f9-3cca-46e5-8b44-44cdbe85592b,Youth,Producers,Kano,Rural,Yes,Production,Yes,Yes,WOFAN,Kano-WOFAN,Beb5YYT05,Female,2024-02-19,19/02/2024 21:23,19/02/2024 21:13,kir14,20/02/2024 08:15
0a216d94-8d83-49fa-8d8c-8b303dc2c72c,Youth,Marketers,Jigawa,Rural,Yes,Processing,Yes,Yes,WOFAN,Jigawa-WOFAN,JahLFWP33,Female,2024-02-19,19/02/2024 21:14,19/02/2024 21:00,jah79,20/02/2024 08:15
a60b770a-fa80-4183-b563-8b7817b57dac,Youth,Producers,Kano,Rural,No,---,Yes,Yes,WOFAN,Kano-WOFAN,BebNRSD46,Female,2024-02-17,17/02/2024 18:14,17/02/2024 15:09,kir05,20/02/2024 08:16
35a0bde9-0259-49ca-948c-61096575c32d,Youth,Processors,Kano,Rural,Yes,Processing,No,No,WOFAN,Kano-WOFAN,TudRGW456,Female,2024-02-19,19/02/2024 20:55,19/02/2024 20:42,tun19,20/02/2024 08:45
4c5cae91-ba19-4701-8aef-fa8ed2d1baf9,Youth,Processors,Kano,Rural,Yes,Processing,No,No,WOFAN,Kano-WOFAN,TudS3K712,Female,2024-02-20,19/02/2024 23:57,19/02/2024 23:51,tun19,20/02/2024 08:48
ac0b1edb-1638-431a-8cfc-6e08c42fa3d2,Youth,Processors,Kano,Rural,Yes,Production,Yes,Yes,WOFAN,Kano-WOFAN,KurW53C44,Female,2024-02-19,19/02/2024 10:26,19/02/2024 10:11,kur03,20/02/2024 08:53
676cf2b6-28e7-4876-95c5-be0b4bd60fa8,Youth,Producers/Processors,Kano,Rural,Yes,Production,Yes,Yes,WOFAN,Kano-WOFAN,Beb23R329,Female,2024-02-20,20/02/2024 08:47,20/02/2024 08:32,kir15,20/02/2024 08:55
9e548c3f-b65b-4852-8c8a-d955fc05ce48,Youth,Processors,Kano,Rural,Yes,Production,Yes,Yes,WOFAN,Kano-WOFAN,KurFVB752,Female,2024-02-19,19/02/2024 14:37,19/02/2024 14:26,kur03,20/02/2024 08:59
6961a743-f122-4078-93c2-7731f293f9bf,Youth,Producers,Jigawa,Rural,Yes,Production,Yes,Yes,WOFAN,Jigawa-WOFAN,Rin279Q08,Female,2024-02-19,19/02/2024 22:25,19/02/2024 22:15,rin22,20/02/2024 09:00
e200699a-ac2a-405f-a57f-32e7dde9eff6,Youth,Producers/Processors,Jigawa,Peri_urban,Yes,Agro-Input_Dealer,Yes,Yes,WOFAN,Jigawa-WOFAN,JahXR0516,Female,2024-02-20,20/02/2024 07:18,20/02/2024 07:10,jah56,20/02/2024 09:01
6b307ea0-6cbf-42e5-8b8a-960a6054e28e,Youth,Producers/Processors,Jigawa,Rural,Yes,Production,Yes,No,WOFAN,Jigawa-WOFAN,TauJLSU42,Female,2024-02-20,20/02/2024 09:02,20/02/2024 08:55,tau20,20/02/2024 09:02
30a27d0a-4ac6-486a-bc78-4c88849917a1,Youth,Processors,Kano,Rural,Yes,Processing,Yes,Yes,WOFAN,Kano-WOFAN,GarYM8M24,Female,2024-02-20,20/02/2024 09:02,20/02/2024 08:49,bun02,20/02/2024 09:02
946322fd-df07-4393-92df-a1715deb9398,Youth,Processors,Kano,Rural,Yes,Production,Yes,Yes,WOFAN,Kano-WOFAN,Kur1OMM03,Female,2024-02-19,19/02/2024 17:32,19/02/2024 17:19,kur03,20/02/2024 09:09
adbc62d3-b304-4378-8398-06010685c910,Youth,Processors,Kano,Rural,No,---,No,No,WOFAN,Kano-WOFAN,BagRJLB37,Female,2024-02-20,20/02/2024 08:33,20/02/2024 08:18,bag01,20/02/2024 09:13
d480872a-9243-4f03-b9dc-3d9e1a90c687,Youth,Producers,Bauchi,Rural,No,---,Yes,No,WOFAN,Bauchi-WOFAN,AlkRS5145,Female,2024-02-20,20/02/2024 09:16,20/02/2024 09:02,alk01,20/02/2024 09:17
407e9a04-ddc6-4149-8516-361d59466775,Youth,Producers,Kano,Rural,No,---,Yes,Yes,WOFAN,Kano-WOFAN,GarKR9102,Female,2024-02-20,20/02/2024 06:56,20/02/2024 06:49,bun17,20/02/2024 09:19
6858817a-ff56-4dc8-a493-bcac1d57d737,Youth,Processors,Jigawa,Rural,No,---,No,No,WOFAN,Jigawa-WOFAN,Jah237S42,Female,2024-02-20,20/02/2024 08:26,20/02/2024 08:23,jah71,20/02/2024 09:28
1ae5a9c3-add5-4fe5-b1a5-43eca6a447ab,Youth,Producers,Jigawa,Rural,Yes,Production,No,No,WOFAN,Jigawa-WOFAN,Tau4V1F43,Female,2024-02-20,20/02/2024 09:29,20/02/2024 09:25,tau28,20/02/2024 09:29
c9c2947a-e05d-4bdc-88a8-9d4cf6a09af4,Youth,Marketers,Gombe,Rural,No,---,Yes,No,WOFAN,Gombe-WOFAN,Kal7FGV57,Female,2024-02-20,20/02/2024 06:39,17/02/2024 08:56,kal12,20/02/2024 09:31
df90da51-ea57-4a3a-a517-b08c4f985cc1,Youth,Producers,Jigawa,Rural,No,---,No,No,WOFAN,Jigawa-WOFAN,JahPM0512,Female,2024-02-20,20/02/2024 07:22,20/02/2024 07:14,jah45,20/02/2024 09:31
9ce4db73-3297-4047-9af6-dd596680d7fc,Youth,Producers/Processors,Kano,Rural,Yes,Production,Yes,Yes,WOFAN,Kano-WOFAN,KirRK3F55,Female,2024-02-19,19/02/2024 23:08,19/02/2024 22:47,kir03,20/02/2024 09:32
34982390-c900-4c81-9a2b-eb8f74226a46,Youth,Marketers,Kano,Rural,No,---,No,No,WOFAN,Kano-WOFAN,Tud30TM24,Female,2024-02-19,19/02/2024 17:46,19/02/2024 17:41,tun13,20/02/2024 09:37
47c6cc60-f430-4da8-8429-385b2fe1a321,Youth,Producers/Processors,Gombe,Rural,Yes,Production,Yes,No,WOFAN,Gombe-WOFAN,AkkN7A537,Female,2024-02-20,20/02/2024 09:10,20/02/2024 09:01,akk01,20/02/2024 09:39
abf927fd-318b-4020-8e22-431b2379e758,Youth,Producers/Processors,Kano,Rural,Yes,Production,Yes,No,WOFAN,Kano-WOFAN,BagKPTF54,Female,2024-02-19,19/02/2024 17:37,19/02/2024 17:23,tof72,20/02/2024 09:42
546d73c1-5f51-4248-9d1a-f5b476447dda,Youth,Producers/Processors,Jigawa,Rural,Yes,Production,Yes,No,WOFAN,Jigawa-WOFAN,TauWHRZ49,Female,2024-02-20,20/02/2024 09:43,20/02/2024 09:36,tau20,20/02/2024 09:43
592588f4-af55-402e-b598-e4e591476654,Youth,Producers,Kano,Rural,Yes,Production,Yes,No,WOFAN,Kano-WOFAN,KurHM6N04,Female,2024-02-20,20/02/2024 07:43,20/02/2024 07:35,kur11,20/02/2024 09:44
cf44b97f-ffa4-4d27-9121-8b885a954dbf,Youth,Processors,Jigawa,Rural,No,---,No,No,WOFAN,Jigawa-WOFAN,JahR4V800,Female,2024-02-20,20/02/2024 09:45,20/02/2024 09:28,jah43,20/02/2024 09:45
20cca933-be1c-4733-8c07-1b1114e0fe78,Youth,Producers/Processors,Jigawa,Rural,Yes,Production,Yes,Yes,WOFAN,Jigawa-WOFAN,RinVMFP10,Female,2024-02-20,20/02/2024 09:49,20/02/2024 09:42,rin23,20/02/2024 09:50
3ce2d42f-400f-4a03-a8dd-a4c6ecacf96c,Youth,Processors,Bauchi,Rural,Yes,Processing,Yes,No,WOFAN,Bauchi-WOFAN,Taf0L0J03,Female,2024-02-20,20/02/2024 09:46,20/02/2024 09:09,taf03,20/02/2024 09:55
56074653-dac5-4d49-b677-5ffb0b624715,Youth,Processors,Kaduna,Rural,Yes,Processing,Yes,No,WOFAN,Kaduna-WOFAN,IkaQ7BA48,Female,2024-02-20,20/02/2024 09:48,20/02/2024 09:37,ika25,20/02/2024 09:56
4e104c24-ff30-41ee-a92f-fb6bab8b7590,Youth,Producers,Kano,Rural,No,---,Yes,No,WOFAN,Kano-WOFAN,GarBZIH59,Female,2024-02-20,20/02/2024 06:49,20/02/2024 06:40,bun21,20/02/2024 09:58
aa3c3213-aa39-4013-8055-8dfa783facaa,Youth,Producers,Kano,Peri_urban,Yes,Production,Yes,Yes,WOFAN,Kano-WOFAN,Beb01IT37,Female,2024-02-20,20/02/2024 08:35,20/02/2024 06:40,kir21,20/02/2024 10:02
8a17f6ad-e9f1-4750-8a0f-596143f423fa,Youth,Producers/Processors,Bauchi,Peri_urban,Yes,Production,No,No,WOFAN,Bauchi-WOFAN,Tor7RGS34,Female,2024-02-20,20/02/2024 10:06,20/02/2024 09:54,tor04,20/02/2024 10:08
00555cae-3506-4121-bdcb-05aef5325e2f,Youth,Producers/Processors,Bauchi,Rural,Yes,Production,Yes,Yes,WOFAN,Bauchi-WOFAN,TorTQJU07,Female,2024-02-20,20/02/2024 10:10,20/02/2024 09:59,tor03,20/02/2024 10:10
b9d690ba-0d45-4df8-98fb-80b8d91b4fab,Youth,Producers/Processors,Kano,Rural,Yes,Production,Yes,No,WOFAN,Kano-WOFAN,RanRCA551,Female,2024-02-20,20/02/2024 10:10,20/02/2024 09:59,ran12,20/02/2024 10:11
aed2c6fc-8fa9-4501-9323-40d8b0557428,Youth,Producers,Jigawa,Rural,Yes,Production,Yes,Yes,WOFAN,Jigawa-WOFAN,JahESDG20,Female,2024-02-20,20/02/2024 10:12,20/02/2024 10:02,jah84,20/02/2024 10:12
1cf7e628-955b-4c47-80fb-5906a3d88348,Youth,Processors,Kano,Rural,No,---,No,No,WOFAN,Kano-WOFAN,Beb876M14,Female,2024-02-20,20/02/2024 06:19,20/02/2024 06:09,tun25,20/02/2024 10:13
e50a23b2-23f9-4c4d-931c-9ad575cfcf9f,Youth,Producers/Processors,Kano,Rural,Yes,Processing,Yes,Yes,WOFAN,Kano-WOFAN,Gar9AUE57,Female,2024-02-20,20/02/2024 09:22,20/02/2024 09:15,gmm66,20/02/2024 10:14
c7447fe5-2409-4377-b15a-e789f9c76549,Youth,Producers,Jigawa,Rural,Yes,Production,Yes,Yes,WOFAN,Jigawa-WOFAN,RinARK949,Female,2024-02-20,20/02/2024 07:06,20/02/2024 06:59,rin11,20/02/2024 10:14
c7875fe7-4abd-45e8-95d2-17acf819fa15,Youth,Producers/Processors,Kano,Rural,Yes,Production,Yes,Yes,WOFAN,Kano-WOFAN,Tof5Q3B52,Female,2024-02-20,20/02/2024 08:03,20/02/2024 07:29,rig06,20/02/2024 10:15
9a64bc99-08f8-459f-9c01-a84c184ecff2,Youth,Producers,Jigawa,Rural,Yes,Production,Yes,No,WOFAN,Jigawa-WOFAN,Rin924C41,Female,2024-02-20,20/02/2024 08:35,20/02/2024 08:25,rin19,20/02/2024 10:16
a8b373b1-97d4-469f-8e88-e8848948b6f5,Youth,Processors,Kano,Rural,No,---,No,No,WOFAN,Kano-WOFAN,TudI7TW33,Female,2024-02-20,20/02/2024 07:49,20/02/2024 07:42,tun25,20/02/2024 10:17
74f41610-850b-4a78-ae23-724c7997d7d8,Youth,Producers/Processors,Jigawa,Rural,Yes,Production,Yes,Yes,WOFAN,Jigawa-WOFAN,JahW4T908,Female,2024-02-20,20/02/2024 09:04,20/02/2024 08:57,jah72,20/02/2024 10:21
bec61802-58a7-4544-881c-ee1f47bb3d41,Youth,Processors,Kano,Rural,Yes,Production,Yes,Yes,WOFAN,Kano-WOFAN,GarEW4104,Female,2024-02-20,20/02/2024 10:21,20/02/2024 09:06,bun12,20/02/2024 10:21
3d5e7de3-7c42-40b7-acdb-90b05a19a7a1,Youth,Producers,Jigawa,Rural,Yes,Production,No,Yes,WOFAN,Jigawa-WOFAN,JahO9YN00,Female,2024-02-20,20/02/2024 10:27,20/02/2024 10:23,jah84,20/02/2024 10:28
02df3109-6c3a-4480-87e7-3f18334a8f23,Youth,Producers/Processors,Kano,Rural,Yes,Production,Yes,Yes,WOFAN,Kano-WOFAN,TofUQIU16,Female,2024-02-20,20/02/2024 10:28,20/02/2024 10:13,rig08,20/02/2024 10:29
160fc731-184c-43f9-9a2c-2a945f04d0b2,Youth,Producers,Kano,Rural,Yes,Production,Yes,Yes,WOFAN,Kano-WOFAN,GarJGJA23,Female,2024-02-20,20/02/2024 08:41,20/02/2024 08:33,bun09,20/02/2024 10:33
cf034d85-6e58-4a8e-84ce-f8722b4256cd,Youth,Producers/Processors,Bauchi,Peri_urban,Yes,Production,Yes,No,WOFAN,Bauchi-WOFAN,TorN6QV12,Female,2024-02-20,20/02/2024 10:02,20/02/2024 09:51,tor05,20/02/2024 10:33
f00a6227-b8ed-4ea5-8b88-dba41ab268aa,Youth,Processors,Jigawa,Rural,Yes,Production,Yes,Yes,WOFAN,Jigawa-WOFAN,RinBBSE35,Female,2024-02-20,20/02/2024 08:07,20/02/2024 08:00,rin15,20/02/2024 10:35
f4e4d30e-0c83-40be-90eb-14446fc35cdb,Youth,Producers/Processors,Jigawa,Rural,Yes,Production,Yes,No,WOFAN,Jigawa-WOFAN,TauNDF403,Female,2024-02-20,20/02/2024 10:40,20/02/2024 10:28,tau20,20/02/2024 10:40
35828918-7b40-4e93-830c-91815c3468bb,Youth,Producers/Processors,Kano,Rural,Yes,Processing,Yes,No,WOFAN,Kano-WOFAN,Tud0ZIF50,Female,2024-02-20,20/02/2024 09:53,20/02/2024 09:45,tun18,20/02/2024 10:40
23603d78-71c5-4350-b496-a1cad5839614,Youth,Marketers,Kaduna,Rural,No,---,Yes,No,WOFAN,Kaduna-WOFAN,IkaN66J18,Female,2024-02-20,20/02/2024 10:36,20/02/2024 10:15,ika22,20/02/2024 10:47
e9fcd847-0588-447b-ac76-cf25fea82877,Youth,Processors,Jigawa,Rural,No,---,Yes,No,WOFAN,Jigawa-WOFAN,JahYDBI35,Female,2024-02-20,20/02/2024 08:15,20/02/2024 08:05,jah60,20/02/2024 10:49
107d1729-b98f-4c3f-9652-93ee53be309a,Youth,Producers,Kano,Rural,Yes,Production,Yes,No,WOFAN,Kano-WOFAN,GarD76G23,Female,2024-02-20,20/02/2024 10:44,20/02/2024 10:25,gmm48,20/02/2024 10:55
6a51d816-ab2f-469d-9c3d-42726d9f724c,Youth,Producers,Kano,Rural,Yes,Agro-Input_Dealer,Yes,Yes,WOFAN,Kano-WOFAN,KirT0FW01,Female,2024-02-20,20/02/2024 10:56,20/02/2024 10:47,kir02,20/02/2024 10:56
c5649d32-e417-4619-b53f-5fc3a677320d,Youth,Processors,Kano,Rural,Yes,Processing,Yes,Yes,WOFAN,Kano-WOFAN,Rim2O1K49,Female,2024-02-20,20/02/2024 10:56,19/02/2024 22:14,rig17,20/02/2024 10:57
69353f67-124e-46bf-a1f4-3d23b0e1d3b0,Youth,Producers/Processors,Kano,Rural,Yes,Production,Yes,Yes,WOFAN,Kano-WOFAN,RimYOG259,Female,2024-02-20,20/02/2024 10:57,19/02/2024 21:32,rig17,20/02/2024 10:57
753bb7da-f397-4196-a2b6-8ea08d3b137e,Youth,Producers,Kano,Rural,No,---,Yes,No,WOFAN,Kano-WOFAN,GarXGXV17,Female,2024-02-20,20/02/2024 10:59,20/02/2024 10:33,bun06,20/02/2024 10:59
525fea0e-3619-4383-8ac2-592df2655d19,Youth,Producers,Kano,Rural,Yes,Agro-Input_Dealer,Yes,Yes,WOFAN,Kano-WOFAN,Beb54WC28,Female,2024-02-20,20/02/2024 11:00,20/02/2024 10:48,kir13,20/02/2024 11:00
456cf92e-1f2d-423b-9b46-43159625f4a9,Youth,Processors,Kano,Rural,Yes,Processing,No,No,WOFAN,Kano-WOFAN,Tud7CID24,Female,2024-02-20,20/02/2024 08:20,20/02/2024 07:38,tun11,20/02/2024 11:03
3ddf7b22-d751-476e-bf3b-481dbf627884,Youth,Producers/Processors,Jigawa,Rural,Yes,Production,Yes,Yes,WOFAN,Jigawa-WOFAN,RinV77Q08,Female,2024-02-20,20/02/2024 11:03,20/02/2024 10:53,rin18,20/02/2024 11:03
a47ecac3-8f16-42da-a6d9-7df3c73d0242,Youth,Marketers,Kano,Rural,Yes,Agro-Trader,No,No,WOFAN,Kano-WOFAN,TudM3UN17,Female,2024-02-19,19/02/2024 20:02,19/02/2024 19:55,tun13,20/02/2024 11:09
c71b3128-c3dc-43c9-aa5a-356a14f5ea42,Youth,Producers,Jigawa,Rural,Yes,Production,Yes,No,WOFAN,Jigawa-WOFAN,TauVHIM48,Female,2024-02-19,19/02/2024 16:24,19/02/2024 16:17,tau21,20/02/2024 11:12
170f1e89-b1f7-4339-abfb-4be893e7faab,Youth,Producers,Jigawa,Rural,Yes,Production,Yes,No,WOFAN,Jigawa-WOFAN,TauCYUW10,Female,2024-02-19,19/02/2024 16:49,19/02/2024 16:39,tau21,20/02/2024 11:12
69fb5f07-d6eb-41d7-8ad8-20e626780208,Youth,Marketers,Gombe,Peri_urban,No,---,Yes,No,WOFAN,Gombe-WOFAN,AkkAURM32,Female,2024-02-20,20/02/2024 11:13,20/02/2024 10:50,akk05,20/02/2024 11:13
3be16f05-c4f8-497d-8daa-a0bfb3fd457b,Youth,Processors,Kano,Peri_urban,No,---,Yes,No,WOFAN,Kano-WOFAN,BebSIC637,Female,2024-02-20,20/02/2024 11:13,20/02/2024 11:01,tun04,20/02/2024 11:14
03b528ce-b6e8-44c0-8b50-e91f65f6c24f,Youth,Processors,Jigawa,Rural,No,---,No,No,WOFAN,Jigawa-WOFAN,Jah1MCQ43,Female,2024-02-20,20/02/2024 09:58,20/02/2024 09:54,jah71,20/02/2024 11:15
0412ca92-06f5-4972-9e6d-7a23bbded412,Youth,Producers/Processors,Kano,Rural,No,---,Yes,No,WOFAN,Kano-WOFAN,RimYEOX34,Female,2024-02-20,20/02/2024 10:03,20/02/2024 09:49,rig17,20/02/2024 11:15
8b2ad029-f184-4e14-9887-bab3af59ec0a,Youth,Producers/Processors,Bauchi,Urban,No,---,Yes,No,WOFAN,Bauchi-WOFAN,AlkINT113,Female,2024-02-20,20/02/2024 11:19,20/02/2024 11:01,alk02,20/02/2024 11:19
5f839b9d-63a4-4854-b4be-63a833747486,Youth,Producers/Processors,Jigawa,Rural,Yes,Production,Yes,No,WOFAN,Jigawa-WOFAN,RinFU4801,Female,2024-02-20,20/02/2024 07:21,20/02/2024 06:58,rin12,20/02/2024 11:22
f745affd-8b8e-466f-820e-0cdb5ace5d82,Youth,Processors,Jigawa,Urban,Yes,Processing,No,No,WOFAN,Jigawa-WOFAN,Jah76RT56,Female,2024-02-20,20/02/2024 09:36,20/02/2024 09:28,jah41,20/02/2024 11:22
ed715a91-848a-4338-9578-607477a876e0,Youth,Processors,Kano,Peri_urban,Yes,Agro-Trader,Yes,Yes,WOFAN,Kano-WOFAN,Bag5R8950,Female,2024-02-20,20/02/2024 11:22,20/02/2024 11:12,bag09,20/02/2024 11:22
34469aa3-77c5-44a6-a808-c2aa31c39d5a,Youth,Processors,Kano,Peri_urban,No,---,No,No,WOFAN,Kano-WOFAN,Tof5NSR37,Female,2024-02-20,20/02/2024 08:40,20/02/2024 08:03,bag01,20/02/2024 11:23
c3330c06-5250-4168-b896-0ec577850a34,Youth,Producers/Processors,Jigawa,Rural,Yes,Production,Yes,No,WOFAN,Jigawa-WOFAN,TauZGMO30,Female,2024-02-20,20/02/2024 11:24,20/02/2024 11:12,tau20,20/02/2024 11:24
c3f4b031-dcdc-4457-b3db-db0fd22a5f00,Youth,Producers,Jigawa,Rural,Yes,Processing,No,No,WOFAN,Jigawa-WOFAN,JahTJ9D17,Female,2024-02-20,20/02/2024 11:31,20/02/2024 11:22,jah43,20/02/2024 11:31
c9c6a127-0071-4465-924a-65783f8ca5a7,Youth,Producers/Processors,Gombe,Urban,Yes,Production,Yes,No,WOFAN,Gombe-WOFAN,YamLATQ24,Female,2024-02-20,20/02/2024 11:32,20/02/2024 10:59,gom18,20/02/2024 11:32
9c4629e2-91b2-4a54-a903-83164e38bb8d,Youth,Producers/Processors,Kaduna,Rural,Yes,Agro-Input_Dealer,Yes,No,WOFAN,Kaduna-WOFAN,IkaNL0B49,Female,2024-02-20,20/02/2024 08:50,20/02/2024 08:36,ika26,20/02/2024 11:33
ff4c7b29-65d5-42d5-afc5-bb9ceff48479,Youth,Processors,Jigawa,Rural,No,---,Yes,No,WOFAN,Jigawa-WOFAN,TauJHI138,Female,2024-02-20,20/02/2024 09:27,20/02/2024 09:15,tau29,20/02/2024 11:37
aca74997-a9a7-4a25-9ed0-b1d8c621f612,Youth,Processors,Kano,Rural,No,---,No,No,WOFAN,Kano-WOFAN,TudCBWS19,Female,2024-02-20,19/02/2024 23:43,19/02/2024 23:34,tun26,20/02/2024 11:37
5fecc6f2-7eb3-4f58-bbda-bff9d37abf91,Youth,Processors,Kaduna,Rural,Yes,Processing,Yes,No,WOFAN,Kaduna-WOFAN,Ika337759,Female,2024-02-20,20/02/2024 09:34,20/02/2024 09:24,ika13,20/02/2024 11:38
96024bc1-154c-41fc-8ba4-63bca0220556,Youth,Processors,Kaduna,Rural,Yes,Processing,Yes,No,WOFAN,Kaduna-WOFAN,IkaVABP58,Female,2024-02-20,20/02/2024 09:42,20/02/2024 09:34,ika13,20/02/2024 11:39
17db5020-392f-4ffe-a6c7-5dca01a7fea3,Youth,Producers,Kano,Peri_urban,Yes,Production,Yes,Yes,WOFAN,Kano-WOFAN,Ran406Y02,Female,2024-02-19,19/02/2024 21:11,19/02/2024 21:05,gmm67,20/02/2024 11:40
7e9d7a85-6e3c-488f-9d73-fe7f855dcc71,Youth,Producers,Kano,Rural,Yes,Production,Yes,Yes,WOFAN,Kano-WOFAN,RanU50859,Female,2024-02-19,19/02/2024 21:16,19/02/2024 21:11,gmm67,20/02/2024 11:40
982f080a-605e-42c9-a423-971e32b3691f,Youth,Producers/Processors,Gombe,Rural,No,---,No,No,WOFAN,Gombe-WOFAN,ShoHKK651,Female,2024-02-20,20/02/2024 11:42,20/02/2024 11:17,sha03,20/02/2024 11:42
7815e399-3473-46e3-9d66-fc04d584d5c1,Youth,Marketers,Kano,Rural,No,---,Yes,No,WOFAN,Kano-WOFAN,TudCIFQ24,Female,2024-02-20,20/02/2024 00:10,19/02/2024 23:57,tun05,20/02/2024 11:44
01b6a2af-3c26-4cab-93a1-0beb36ccd7ea,Youth,Processors,Kano,Rural,No,---,No,No,WOFAN,Kano-WOFAN,Tud3IAD23,Female,2024-02-20,20/02/2024 07:59,20/02/2024 07:49,tun26,20/02/2024 11:46
a1d6e478-6bf3-440f-a0fa-64dbeac5dcd2,Youth,Processors,Kano,Rural,No,---,No,No,WOFAN,Kano-WOFAN,TudJMM446,Female,2024-02-20,20/02/2024 10:12,20/02/2024 09:37,tun26,20/02/2024 11:47
500528d9-bf5f-416f-86c7-c248a915d0fe,Youth,Processors,Kaduna,Rural,Yes,Processing,Yes,No,WOFAN,Kaduna-WOFAN,IkaXL0709,Female,2024-02-20,20/02/2024 09:37,20/02/2024 09:33,ika16,20/02/2024 11:49
df911fe6-5a45-4681-aa10-0daa7ac0083f,Youth,Producers,Kano,Rural,Yes,Production,Yes,Yes,WOFAN,Kano-WOFAN,KirNBMM47,Female,2024-02-20,20/02/2024 11:32,20/02/2024 11:22,kir12,20/02/2024 11:49
60cba208-d948-4b16-8f02-b5898eb1779d,Youth,Producers/Processors,Kaduna,Rural,Yes,Processing,Yes,No,WOFAN,Kaduna-WOFAN,IkaQCCW43,Female,2024-02-20,20/02/2024 10:47,20/02/2024 10:43,ika16,20/02/2024 11:50
08cd05a7-d495-4c9a-a04d-0f8bf490925b,Youth,Producers/Processors,Jigawa,Peri_urban,Yes,Agro-Input_Dealer,Yes,Yes,WOFAN,Jigawa-WOFAN,JahYKZH31,Female,2024-02-20,20/02/2024 09:15,20/02/2024 09:08,jah56,20/02/2024 11:52
623d0fa3-749a-4b26-bdbf-2362539c9af6,Youth,Producers,Kano,Peri_urban,Yes,Production,Yes,Yes,WOFAN,Kano-WOFAN,BebHAWH04,Female,2024-02-20,20/02/2024 10:26,20/02/2024 10:16,kir21,20/02/2024 11:56
16dae29d-e076-40c4-9ec0-d45cb22d89e8,Youth,Producers/Processors,Kano,Peri_urban,Yes,Production,Yes,Yes,WOFAN,Kano-WOFAN,Beb9YWR00,Female,2024-02-20,20/02/2024 11:56,20/02/2024 11:49,kir21,20/02/2024 11:57
98c63cab-6423-4b71-b078-62b80db507af,Youth,Processors,Kano,Rural,Yes,Processing,Yes,Yes,WOFAN,Kano-WOFAN,TudTZ6422,Female,2024-02-20,19/02/2024 23:47,19/02/2024 23:31,tun11,20/02/2024 11:59
123d1720-cc52-44ce-bde0-44eb08234a2f,Youth,Processors,Kano,Rural,No,---,Yes,No,WOFAN,Kano-WOFAN,TudEVYK35,Female,2024-02-20,19/02/2024 23:54,19/02/2024 23:47,tun11,20/02/2024 11:59
d12b73c6-f11a-4f3e-913a-db450f8d0bd2,Youth,Processors,Jigawa,Rural,Yes,Processing,No,No,WOFAN,Jigawa-WOFAN,Jah5BBV43,Female,2024-02-20,20/02/2024 11:58,20/02/2024 11:46,jah75,20/02/2024 11:59
78bf585c-6bae-4c95-8fb3-3786b1130ba4,Youth,Producers/Processors,Gombe,Rural,No,---,Yes,No,WOFAN,Gombe-WOFAN,ShoI8ZS08,Female,2024-02-20,20/02/2024 12:02,20/02/2024 11:50,sha03,20/02/2024 12:02
68b7fe6a-22d3-47fb-ad27-b4682571aa01,Youth,Producers,Jigawa,Rural,Yes,Production,Yes,No,WOFAN,Jigawa-WOFAN,TauJL9D12,Female,2024-02-19,19/02/2024 11:36,19/02/2024 11:26,tau26,20/02/2024 12:04
b95a7d71-d633-4cb9-b4e9-490a01e9fb48,Youth,Producers,Jigawa,Rural,Yes,Processing,Yes,Yes,WOFAN,Jigawa-WOFAN,TauA5U606,Female,2024-02-19,19/02/2024 20:36,19/02/2024 20:27,tau26,20/02/2024 12:05
bfc05b0f-fdb9-4610-9eaf-61585a78e3ac,Youth,Producers/Processors,Bauchi,Rural,Yes,Production,Yes,Yes,WOFAN,Bauchi-WOFAN,DasJ8ZM39,Female,2024-02-19,19/02/2024 16:09,19/02/2024 15:41,das08,20/02/2024 12:06
437433d1-95d2-47a2-aa19-65ae879aa578,Youth,Processors,Jigawa,Rural,Yes,Production,Yes,Yes,WOFAN,Jigawa-WOFAN,JahV02L10,Female,2024-02-20,20/02/2024 11:32,20/02/2024 11:23,jah48,20/02/2024 12:06
09246603-3dc6-456a-bece-6ab2861a1e89,Youth,Processors,Jigawa,Rural,Yes,Processing,Yes,Yes,WOFAN,Jigawa-WOFAN,RinDVG230,Female,2024-02-20,20/02/2024 10:52,20/02/2024 10:45,rin11,20/02/2024 12:10
aaf8d5ab-57f2-401a-b058-95898d737b4a,Youth,Producers/Processors,Jigawa,Rural,Yes,Production,No,Yes,WOFAN,Jigawa-WOFAN,JahL9HS20,Female,2024-02-20,20/02/2024 08:34,20/02/2024 08:25,jah66,20/02/2024 12:11
91e46e55-9a2f-41c1-ab5b-50afd5f6455d,Youth,Producers/Processors,Jigawa,Rural,Yes,Production,Yes,Yes,WOFAN,Jigawa-WOFAN,Jah7KQV58,Female,2024-02-20,20/02/2024 08:35,20/02/2024 08:17,jah66,20/02/2024 12:11
f7af0d99-a110-49c7-8276-f6387c269ffc,Youth,Producers/Processors,Jigawa,Rural,Yes,Production,Yes,Yes,WOFAN,Jigawa-WOFAN,JahO82Q44,Female,2024-02-20,20/02/2024 08:36,20/02/2024 08:11,jah66,20/02/2024 12:11
06f6473a-e3d6-4f5c-84df-946b7bf0b8f6,Youth,Producers/Processors,Kano,Rural,Yes,Production,Yes,No,WOFAN,Kano-WOFAN,BagHVQV14,Female,2024-02-20,20/02/2024 10:09,20/02/2024 09:46,tof72,20/02/2024 12:12
60801ff3-baaa-43b0-823b-8b28345ee45c,Youth,Processors,Kaduna,Rural,No,---,No,No,WOFAN,Kaduna-WOFAN,Ika25M841,Female,2024-02-20,20/02/2024 09:48,20/02/2024 09:41,ika20,20/02/2024 12:13
640920a1-fc1f-4132-97a6-fb901136839e,Youth,Processors,Jigawa,Rural,Yes,Processing,Yes,Yes,WOFAN,Jigawa-WOFAN,Jah8I8G33,Female,2024-02-20,20/02/2024 08:47,20/02/2024 08:33,jah78,20/02/2024 12:18
25e6a86b-d04b-48f9-8a2c-d278cd22bd80,Youth,Processors,Jigawa,Rural,Yes,Processing,Yes,Yes,WOFAN,Jigawa-WOFAN,Jah700F17,Female,2024-02-20,20/02/2024 08:56,20/02/2024 08:47,jah78,20/02/2024 12:18
a0a66a4e-7006-41d5-bc95-f2b7b1178c96,Youth,Processors,Jigawa,Rural,Yes,Processing,Yes,Yes,WOFAN,Jigawa-WOFAN,JahDUGX36,Female,2024-02-20,20/02/2024 11:12,20/02/2024 11:02,jah78,20/02/2024 12:20
f6f62e52-141b-4d7f-8eae-f4c18a630b06,Youth,Producers,Bauchi,Rural,No,---,Yes,Yes,WOFAN,Bauchi-WOFAN,GanUBI553,Female,2024-02-20,20/02/2024 12:20,20/02/2024 11:48,gan08,20/02/2024 12:21
cf0fc9ea-57da-49ed-b873-32ef08b070e5,Youth,Processors,Jigawa,Rural,No,---,Yes,No,WOFAN,Jigawa-WOFAN,RinVJJK05,Female,2024-02-20,20/02/2024 12:25,20/02/2024 12:16,rin26,20/02/2024 12:25
374a7c06-ca62-46eb-9430-3478a445d687,Youth,Marketers,Gombe,Rural,Yes,Production,Yes,No,WOFAN,Gombe-WOFAN,AkkDP3G10,Female,2024-02-20,20/02/2024 10:07,20/02/2024 09:11,akk03,20/02/2024 12:29
d8922e10-cd3a-489f-910d-c2b294720636,Youth,Processors,Kano,Rural,Yes,Mechanization_service_provider,Yes,Yes,WOFAN,Kano-WOFAN,TudNDL855,Female,2024-02-20,20/02/2024 12:31,20/02/2024 12:16,tun20,20/02/2024 12:31
e3e3a9c9-86ac-41c1-a415-fe9bde470499,Youth,Producers/Processors,Jigawa,Rural,Yes,Production,Yes,Yes,WOFAN,Jigawa-WOFAN,Rin3DUZ02,Female,2024-02-20,20/02/2024 12:31,20/02/2024 12:14,rin20,20/02/2024 12:31
0454e919-6016-4c6d-a36e-563af74223c0,Youth,Processors,Kano,Rural,No,---,No,No,WOFAN,Kano-WOFAN,BebP99F23,Female,2024-02-20,20/02/2024 08:44,20/02/2024 07:54,tun14,20/02/2024 12:31
f14ece10-ac3a-4c73-b25b-b0adf78d2364,Youth,Processors,Jigawa,Rural,No,---,No,No,WOFAN,Jigawa-WOFAN,TauKDDQ44,Female,2024-02-20,20/02/2024 09:27,20/02/2024 09:22,tau23,20/02/2024 12:34
94791f3f-8ee2-4f04-8d30-f393d29e335e,Youth,Producers,Kano,Rural,Yes,Production,Yes,Yes,WOFAN,Kano-WOFAN,Kir6TBY14,Female,2024-02-20,20/02/2024 12:35,20/02/2024 12:26,kir10,20/02/2024 12:35
51e48471-d450-4856-aa18-d7a4b56db1bb,Youth,Producers/Processors,Kaduna,Rural,No,---,No,No,WOFAN,Kaduna-WOFAN,IkaY18T38,Female,2024-02-20,20/02/2024 06:45,20/02/2024 06:38,ika21,20/02/2024 12:38
d6b66d87-2950-4ab4-8f7b-b0aca7b00459,Youth,Producers,Jigawa,Rural,No,---,No,No,WOFAN,Jigawa-WOFAN,Jah99N039,Female,2024-02-20,20/02/2024 11:39,20/02/2024 11:32,jah42,20/02/2024 12:41
4506b424-2df2-4d71-b3f4-2de4796e0511,Youth,Producers/Processors,Kano,Rural,Yes,Processing,Yes,No,WOFAN,Kano-WOFAN,TudKPMJ14,Female,2024-02-20,20/02/2024 12:40,20/02/2024 12:33,tun18,20/02/2024 12:41
0f9e6bd3-b728-431f-9fc7-217de2551292,Youth,Producers,Kano,Rural,Yes,Production,Yes,No,WOFAN,Kano-WOFAN,GarF3UG36,Female,2024-02-20,20/02/2024 10:52,20/02/2024 10:39,bun09,20/02/2024 12:43
b87f4c57-a33c-4065-a2bb-c15e7ca1d76b,Youth,Producers/Processors,Kano,Rural,Yes,Processing,Yes,Yes,WOFAN,Kano-WOFAN,TudK46Z04,Female,2024-02-20,20/02/2024 12:27,20/02/2024 12:11,tun07,20/02/2024 12:45
8145948b-2dbf-46ab-a632-f3a37e8b70e3,Youth,Producers,Kano,Rural,Yes,Production,Yes,No,WOFAN,Kano-WOFAN,KurBXFY57,Female,2024-02-20,20/02/2024 10:18,20/02/2024 10:11,kur11,20/02/2024 12:45
082af307-c3e3-412f-8eb1-676561f42d8a,Youth,Producers,Kano,Rural,Yes,Production,Yes,Yes,WOFAN,Kano-WOFAN,KirHAL659,Female,2024-02-20,20/02/2024 12:45,20/02/2024 12:36,kir10,20/02/2024 12:46
66a0813e-5fd0-4674-b59f-f1ba229d64b8,Youth,Producers/Processors,Jigawa,Rural,Yes,Production,Yes,Yes,WOFAN,Jigawa-WOFAN,Rin48AG01,Female,2024-02-20,20/02/2024 12:50,20/02/2024 12:14,rin20,20/02/2024 12:50
30465d16-50b5-4234-b0bf-b822ca1edbec,Youth,Marketers,Kano,Rural,Yes,Production,Yes,No,WOFAN,Kano-WOFAN,Tud2SOC08,Female,2024-02-20,20/02/2024 06:12,20/02/2024 05:49,tun05,20/02/2024 12:52
f5858546-6767-4043-82a1-b14e5c27dde3,Youth,Producers/Processors,Jigawa,Rural,Yes,Production,Yes,Yes,WOFAN,Jigawa-WOFAN,RinILPW38,Female,2024-02-20,20/02/2024 12:53,20/02/2024 12:41,rin23,20/02/2024 12:53
07b3fd34-5a86-4a4e-87db-d0333a193f6e,Youth,Producers/Processors,Bauchi,Peri_urban,Yes,Production,Yes,Yes,WOFAN,Bauchi-WOFAN,BauD36R53,Female,2024-02-20,20/02/2024 12:04,20/02/2024 11:34,bau14,20/02/2024 12:53
daa706a5-cb5a-4776-a52a-7308fd6396c1,Youth,Producers,Kano,Rural,Yes,Production,Yes,Yes,WOFAN,Kano-WOFAN,BebDOEF23,Female,2024-02-20,20/02/2024 10:47,20/02/2024 10:40,tun02,20/02/2024 12:55
e86ce280-f524-4013-b95d-654a95000984,Youth,Processors,Kano,Peri_urban,Yes,Production,Yes,No,WOFAN,Kano-WOFAN,TudLZ7U18,Female,2024-02-19,19/02/2024 16:42,19/02/2024 16:20,tun09,20/02/2024 12:56
c9a24144-45e7-4dbf-af79-c51641427112,Youth,Producers/Processors,Jigawa,Rural,Yes,Production,Yes,Yes,WOFAN,Jigawa-WOFAN,RinH85412,Female,2024-02-20,20/02/2024 13:01,20/02/2024 12:53,rin23,20/02/2024 13:01
ca7cc321-e367-4dcf-90f7-4d8d0183b8d1,Youth,Producers,Kano,Rural,Yes,Production,Yes,Yes,WOFAN,Kano-WOFAN,Kir3BB420,Female,2024-02-20,20/02/2024 13:01,20/02/2024 12:54,kir10,20/02/2024 13:02
7fd09686-bc43-44e9-8907-07d2adff4613,Youth,Producers/Processors,Kaduna,Rural,No,---,No,No,WOFAN,Kaduna-WOFAN,IkaQPVK05,Female,2024-02-20,20/02/2024 13:04,20/02/2024 12:10,ika21,20/02/2024 13:05
fdd87ffc-6288-4a95-8808-f84c41421b3c,Youth,Producers,Bauchi,Rural,Yes,Production,Yes,Yes,WOFAN,Bauchi-WOFAN,AlkGWBA34,Female,2024-02-20,20/02/2024 11:15,20/02/2024 11:06,alk03,20/02/2024 13:11
335572d2-474b-41a4-8cab-bb5f28f04f2b,Youth,Producers/Processors,Gombe,Urban,No,---,No,No,WOFAN,Gombe-WOFAN,GomXYJ149,Female,2024-02-20,20/02/2024 11:42,20/02/2024 11:33,gom18,20/02/2024 13:11
c2fe4162-8856-4514-a260-64cc998e1132,Youth,Producers,Kano,Rural,Yes,Production,Yes,Yes,WOFAN,Kano-WOFAN,KirT8VX00,Female,2024-02-20,20/02/2024 13:11,20/02/2024 13:04,kir10,20/02/2024 13:11
8dc00fdc-a4d7-441c-9bfd-9e52c8622b3b,Youth,Processors,Kaduna,Rural,Yes,Processing,Yes,No,WOFAN,Kaduna-WOFAN,IkaX9W602,Female,2024-02-20,20/02/2024 12:49,20/02/2024 12:41,ika32,20/02/2024 13:13
e91f6d86-1fbb-4412-a904-1f85112ece35,Youth,Processors,Kano,Rural,Yes,Processing,Yes,Yes,WOFAN,Kano-WOFAN,TudLCPB16,Female,2024-02-19,19/02/2024 16:24,19/02/2024 15:19,tun28,20/02/2024 13:17
b8dfb6dd-1405-4213-87a4-5c5abb85cf70,Youth,Processors,Kano,Rural,Yes,Processing,Yes,Yes,WOFAN,Kano-WOFAN,TudSRF206,Female,2024-02-19,19/02/2024 21:10,19/02/2024 20:54,tun28,20/02/2024 13:19
67c53ac1-fc42-4e1b-980d-b11c46dcefa7,Youth,Marketers,Kaduna,Rural,Yes,Processing,No,No,WOFAN,Kaduna-WOFAN,IkaRW0Z02,Female,2024-02-19,19/02/2024 20:19,19/02/2024 19:49,ika30,20/02/2024 13:19
881f8345-8a68-4491-bd10-7a21abeed064,Youth,Processors,Kano,Rural,Yes,Processing,Yes,Yes,WOFAN,Kano-WOFAN,TudKIPE01,Female,2024-02-20,20/02/2024 00:22,20/02/2024 00:10,tun28,20/02/2024 13:20
ec7e1a78-3182-4d9b-a65a-f4859d3dcdb6,Youth,Producers,Kano,Rural,Yes,Production,Yes,Yes,WOFAN,Kano-WOFAN,Kir728P35,Female,2024-02-20,20/02/2024 13:20,20/02/2024 13:12,kir10,20/02/2024 13:20
4c90a63a-5182-4bd1-8010-d888842fa563,Youth,Producers/Processors,Kano,Rural,Yes,Processing,Yes,Yes,WOFAN,Kano-WOFAN,Tud9KSD19,Female,2024-02-20,20/02/2024 08:19,20/02/2024 08:06,tun28,20/02/2024 13:21
358f162a-e048-4341-b4ab-34125ab3e175,Youth,Processors,Kano,Rural,Yes,Processing,Yes,Yes,WOFAN,Kano-WOFAN,Tud25YQ08,Female,2024-02-20,20/02/2024 10:54,20/02/2024 10:40,tun28,20/02/2024 13:22
5f14b7ad-3e94-401c-af33-b6f109fc8e6f,Youth,Producers,Kano,Rural,No,---,Yes,No,WOFAN,Kano-WOFAN,GarMFFN00,Female,2024-02-20,20/02/2024 10:24,20/02/2024 10:05,bun21,20/02/2024 13:27
8b351b36-e94b-43ed-aa3c-0a65d6d6df44,Youth,Processors,Gombe,Urban,Yes,Processing,No,No,WOFAN,Gombe-WOFAN,GomXDS659,Female,2024-02-20,20/02/2024 13:31,20/02/2024 13:27,gom20,20/02/2024 13:31
93422027-dc14-4a95-8434-a9d138ef0808,Youth,Marketers,Jigawa,Rural,Yes,Agro-Trader,Yes,Yes,WOFAN,Jigawa-WOFAN,Jah678Q19,Female,2024-02-20,20/02/2024 09:06,20/02/2024 08:45,jah79,20/02/2024 13:32
f83403c9-6ae4-47ed-92e0-f09e4dcbb02f,Youth,Producers,Jigawa,Rural,Yes,Production,No,No,WOFAN,Jigawa-WOFAN,Tau3YYE33,Female,2024-02-20,20/02/2024 13:34,20/02/2024 13:30,tau28,20/02/2024 13:34
2601229d-e2ff-4be6-bb63-70619cbbe7b1,Youth,Processors,Jigawa,Urban,Yes,Processing,No,No,WOFAN,Jigawa-WOFAN,JahXHR926,Female,2024-02-20,20/02/2024 11:44,20/02/2024 11:39,jah41,20/02/2024 13:38
2681a41e-10ea-412b-aeff-081d8873a621,Youth,Producers/Processors,Kaduna,Rural,Yes,Production,Yes,No,WOFAN,Kaduna-WOFAN,Ika2F1V50,Female,2024-02-20,20/02/2024 09:57,20/02/2024 09:47,ika34,20/02/2024 13:38
7fdb64b0-d661-4551-ae23-7969fbce4908,Youth,Producers,Kano,Rural,Yes,Agro-Input_Dealer,Yes,Yes,WOFAN,Kano-WOFAN,KirNAQT43,Female,2024-02-19,19/02/2024 20:29,19/02/2024 20:13,kir04,20/02/2024 13:39
0211dc50-f177-4327-a68b-9bc972d99bb4,Youth,Producers/Processors,Jigawa,Peri_urban,Yes,Agro-Input_Dealer,Yes,Yes,WOFAN,Jigawa-WOFAN,JahU1Z346,Female,2024-02-20,20/02/2024 12:26,20/02/2024 12:20,jah56,20/02/2024 13:44
4ebc47e1-c53d-4b7c-9374-fa0990869fc2,Youth,Producers/Processors,Kano,Rural,Yes,Production,Yes,Yes,WOFAN,Kano-WOFAN,DogPQRK10,Female,2024-02-19,19/02/2024 17:14,19/02/2024 17:05,kur05,20/02/2024 13:47
673a9704-9324-4d2b-8f78-79bb648a5e73,Youth,Processors,Kano,Rural,No,---,No,No,WOFAN,Kano-WOFAN,TudXPOT43,Female,2024-02-20,20/02/2024 07:27,20/02/2024 07:20,tun15,20/02/2024 13:49
b53b1ed5-1fe4-42b2-90e2-b9ea71a80bee,Youth,Producers/Processors,Jigawa,Rural,Yes,Processing,No,No,WOFAN,Jigawa-WOFAN,Jah2WLO19,Female,2024-02-19,19/02/2024 14:21,19/02/2024 14:11,jah78,20/02/2024 13:50
8a929a22-624b-451e-8692-290e5d72dea1,Youth,Producers,Bauchi,Rural,No,---,No,No,WOFAN,Bauchi-WOFAN,WarVFLR44,Female,2024-02-20,20/02/2024 09:11,20/02/2024 08:59,war03,20/02/2024 13:52
73a01f48-28ed-444f-9a52-f6b6e7f479be,Youth,Producers/Processors,Gombe,Peri_urban,Yes,Processing,Yes,No,WOFAN,Gombe-WOFAN,BilM0OZ10,Female,2024-02-20,20/02/2024 13:53,20/02/2024 13:21,bill03,20/02/2024 13:53
5e31f284-085e-47ca-b2da-5e03db4f8ff0,Youth,Producers/Processors,Kaduna,Rural,No,---,No,No,WOFAN,Kaduna-WOFAN,IkaLB5G21,Female,2024-02-20,20/02/2024 13:53,20/02/2024 13:22,ika14,20/02/2024 13:53
bda0879f-86f9-4942-bdb2-1a3685dcc72a,Youth,Producers/Processors,Bauchi,Rural,No,---,No,No,WOFAN,Bauchi-WOFAN,Gan3AG309,Female,2024-02-20,20/02/2024 13:59,20/02/2024 13:44,gan09,20/02/2024 13:59
4d88fa93-86af-4b5f-869e-b08d02560dfa,Youth,Producers,Kano,Rural,Yes,Agro-Input_Dealer,Yes,No,WOFAN,Kano-WOFAN,BebT2CM29,Female,2024-02-20,20/02/2024 14:01,20/02/2024 13:49,kir22,20/02/2024 14:01
6a5aa7be-a322-49d2-bca3-11f1016cf5ad,Youth,Producers/Processors,Bauchi,Rural,No,---,No,No,WOFAN,Bauchi-WOFAN,War9LNV09,Female,2024-02-20,20/02/2024 10:23,20/02/2024 09:53,war04,20/02/2024 14:03
7e8d3da1-bf62-4e05-bd8a-585101eb3de4,Youth,Producers/Processors,Kano,Rural,Yes,Production,No,Yes,WOFAN,Kano-WOFAN,Tud2SZD29,Female,2024-02-20,20/02/2024 08:54,20/02/2024 08:45,tun30,20/02/2024 14:08
cd4c8245-634d-4626-a810-05fe70eab2ee,Youth,Processors,Kano,Rural,Yes,Production,Yes,Yes,WOFAN,Kano-WOFAN,TudEYF254,Female,2024-02-20,20/02/2024 10:25,20/02/2024 10:11,tun12,20/02/2024 14:09
7764ec98-69c5-4b7f-9bf1-eac2db9ac9f9,Youth,Producers/Processors,Jigawa,Rural,Yes,Production,Yes,Yes,WOFAN,Jigawa-WOFAN,Rin35UN20,Female,2024-02-20,20/02/2024 11:49,20/02/2024 11:45,rin12,20/02/2024 14:11
adf6ce5b-7e9c-43db-9dc7-7d2cc631f395,Youth,Marketers,Kano,Rural,Yes,Production,Yes,No,WOFAN,Kano-WOFAN,KirR9PX26,Female,2024-02-20,20/02/2024 14:12,20/02/2024 14:04,kir20,20/02/2024 14:12
37339f08-bef6-45bb-89c7-6f3c3bcefbea,Youth,Processors,Jigawa,Rural,Yes,Production,Yes,Yes,WOFAN,Jigawa-WOFAN,RinDYRR29,Female,2024-02-20,20/02/2024 11:39,20/02/2024 11:32,rin27,20/02/2024 14:12
590ecd95-33ae-431f-b114-5ed9099efe9e,Youth,Processors,Kano,Rural,Yes,Production,No,No,WOFAN,Kano-WOFAN,GarELQY21,Female,2024-02-20,20/02/2024 08:48,20/02/2024 08:35,bun14,20/02/2024 14:14
33302de2-3cf5-4244-9dd7-242b7ba6b539,Youth,Marketers,Kaduna,Rural,No,---,No,No,WOFAN,Kaduna-WOFAN,IkaG5QG43,Female,2024-02-20,20/02/2024 14:14,20/02/2024 14:08,ika20,20/02/2024 14:15
c8100fd0-96ca-4ee3-82c1-ac08462074fb,Youth,Marketers,Kano,Rural,No,---,Yes,Yes,WOFAN,Kano-WOFAN,Gar670Z05,Female,2024-02-20,20/02/2024 11:18,20/02/2024 11:08,bun14,20/02/2024 14:15
e11b2d3f-59be-425c-81ef-9e7ab2700fa9,Youth,Processors,Jigawa,Rural,No,---,Yes,No,WOFAN,Jigawa-WOFAN,TauMJTV09,Female,2024-02-20,20/02/2024 12:01,20/02/2024 11:46,tau29,20/02/2024 14:18
3290ecb0-0d9a-4002-b8af-05e866d1e797,Youth,Producers,Jigawa,Rural,Yes,Production,Yes,Yes,WOFAN,Jigawa-WOFAN,RinFYUV27,Female,2024-02-20,20/02/2024 11:02,20/02/2024 10:56,rin22,20/02/2024 14:19
42fb3591-372f-4c7b-b7be-5db35d655e50,Youth,Producers/Processors,Jigawa,Rural,Yes,Production,Yes,No,WOFAN,Jigawa-WOFAN,RinPA8256,Female,2024-02-20,20/02/2024 14:20,20/02/2024 13:53,rin19,20/02/2024 14:21
3eba9ca9-b232-4d34-b213-bdd364520113,Youth,Processors,Jigawa,Rural,Yes,Processing,Yes,Yes,WOFAN,Jigawa-WOFAN,JahCRHG31,Female,2024-02-20,20/02/2024 10:03,20/02/2024 09:50,jah78,20/02/2024 14:21
32e94d43-e86c-4c39-a6a9-a1b9a1888a16,Youth,Processors,Jigawa,Rural,Yes,Processing,Yes,Yes,WOFAN,Jigawa-WOFAN,Jah0FXJ15,Female,2024-02-20,20/02/2024 10:12,20/02/2024 10:03,jah78,20/02/2024 14:21
230ecbde-35d7-4dd3-8ecd-0a0b0e7fe4f5,Youth,Processors,Jigawa,Rural,Yes,Processing,Yes,Yes,WOFAN,Jigawa-WOFAN,JahKCIX28,Female,2024-02-20,20/02/2024 13:49,20/02/2024 13:46,jah78,20/02/2024 14:24
4d900ce8-d61f-4b12-b5cd-81414df8c90b,Youth,Producers,Jigawa,Rural,No,---,No,No,WOFAN,Jigawa-WOFAN,JahL7L452,Female,2024-02-20,20/02/2024 14:25,20/02/2024 14:20,jah84,20/02/2024 14:25
1c0a1d1f-5555-438e-a220-3d34b32ba818,Youth,Producers/Processors,Kano,Rural,Yes,Production,No,No,WOFAN,Kano-WOFAN,Kur6IAY36,Female,2024-02-20,20/02/2024 12:33,20/02/2024 11:27,kur13,20/02/2024 14:26
ddf53820-2ff0-4618-843e-ae4bdd068d28,Youth,Marketers,Kano,Rural,Yes,Agro-Trader,No,Yes,WOFAN,Kano-WOFAN,Tud1GIC16,Female,2024-02-20,20/02/2024 09:28,20/02/2024 09:21,tun13,20/02/2024 14:27
236950e6-4025-4fe0-959b-e5ff39eb5ad9,Youth,Producers,Jigawa,Rural,No,---,No,No,WOFAN,Jigawa-WOFAN,JahJ9KV38,Female,2024-02-20,20/02/2024 14:29,20/02/2024 14:26,jah84,20/02/2024 14:29
992cef9e-9b9c-4684-8d3f-0988e5f6cb7a,Youth,Producers/Processors,Gombe,Rural,Yes,Processing,Yes,No,WOFAN,Gombe-WOFAN,Kal0U6955,Female,2024-02-20,20/02/2024 14:11,20/02/2024 13:52,kal13,20/02/2024 14:29
ebbdd3a8-18a5-4dbf-9bf6-755828a575fa,Youth,Producers/Processors,Jigawa,Rural,Yes,Production,Yes,No,WOFAN,Jigawa-WOFAN,TauBYFS30,Female,2024-02-20,20/02/2024 14:30,20/02/2024 14:21,tau20,20/02/2024 14:30
e45f7e8a-7780-4b04-995d-6293a76fe9d4,Youth,Processors,Jigawa,Rural,Yes,Production,Yes,Yes,WOFAN,Jigawa-WOFAN,JahGHX745,Female,2024-02-20,20/02/2024 12:07,20/02/2024 11:54,jah52,20/02/2024 14:31
d7090939-e8e3-490b-8b45-c5a17659d5e4,Youth,Processors,Jigawa,Rural,Yes,Mechanization_service_provider,No,No,WOFAN,Jigawa-WOFAN,JahM91Y22,Female,2024-02-20,20/02/2024 12:12,20/02/2024 11:59,jah73,20/02/2024 14:31
aa186788-e9d3-40f5-8249-df477439d575,Youth,Producers/Processors,Kaduna,Rural,Yes,Production,Yes,Yes,WOFAN,Kaduna-WOFAN,IkaEV7E12,Female,2024-02-20,20/02/2024 14:23,20/02/2024 14:02,ika12,20/02/2024 14:32
79f7bd00-1d2f-44b6-8493-59a6103492e0,Youth,Producers,Jigawa,Rural,Yes,Agro-Input_Dealer,Yes,No,WOFAN,Jigawa-WOFAN,Jah6MWY01,Female,2024-02-19,19/02/2024 21:33,19/02/2024 21:19,jah46,20/02/2024 14:33
4055b21a-398d-4c2e-afaf-6759077eac0a,Youth,Producers/Processors,Kano,Rural,No,---,Yes,No,WOFAN,Kano-WOFAN,BagGZSJ13,Female,2024-02-20,20/02/2024 11:02,20/02/2024 10:46,bag10,20/02/2024 14:33
457a7092-abb3-486e-8641-821ca10ef10b,Youth,Producers/Processors,Kano,Rural,Yes,Production,Yes,No,WOFAN,Kano-WOFAN,BagMLZ304,Female,2024-02-20,20/02/2024 11:26,20/02/2024 11:04,bag05,20/02/2024 14:36
42ddd8e3-2140-4a54-959e-eba7cd38dfec,Youth,Producers,Gombe,Rural,No,---,No,No,WOFAN,Gombe-WOFAN,ShoHPBV28,Female,2024-02-20,20/02/2024 14:31,20/02/2024 14:24,sha01,20/02/2024 14:37
c0da82e0-c9b5-4e6a-ba33-01be4e51b331,Youth,Processors,Jigawa,Rural,No,---,No,No,WOFAN,Jigawa-WOFAN,MigBKCL06,Female,2024-02-20,20/02/2024 10:26,20/02/2024 10:16,jah70,20/02/2024 14:41
2717b6ad-392e-4d2c-ab9d-affcef87dd0d,Youth,Marketers,Kaduna,Rural,No,---,Yes,No,WOFAN,Kaduna-WOFAN,Ika9FKR41,Female,2024-02-17,17/02/2024 15:07,17/02/2024 14:48,ika29,20/02/2024 14:43
febc9870-2d28-4a5b-9166-5420df43bd1b,Youth,Processors,Jigawa,Rural,Yes,Production,Yes,Yes,WOFAN,Jigawa-WOFAN,RinVAE519,Female,2024-02-20,20/02/2024 12:16,20/02/2024 10:30,rin27,20/02/2024 14:46
08723022-c43a-4d98-b89f-dcc49c9a4b3e,Youth,Processors,Jigawa,Rural,Yes,Processing,Yes,No,WOFAN,Jigawa-WOFAN,Tau8PUK39,Female,2024-02-20,20/02/2024 09:45,20/02/2024 09:36,tau24,20/02/2024 14:47
603a5722-6ebf-439a-a8de-99d0d8c0f0d3,Youth,Processors,Jigawa,Rural,Yes,Processing,Yes,No,WOFAN,Jigawa-WOFAN,TauNU8Y51,Female,2024-02-20,20/02/2024 12:03,20/02/2024 11:49,tau24,20/02/2024 14:50
515edbc0-34cf-4694-aa01-e7cb3edd6989,Youth,Producers,Kano,Rural,Yes,Production,Yes,Yes,WOFAN,Kano-WOFAN,BebEMZZ36,Female,2024-02-20,20/02/2024 13:04,20/02/2024 12:59,tun02,20/02/2024 14:51
3d04812c-2c20-48d8-ae2b-09db743e35a3,Youth,Producers,Bauchi,Urban,Yes,Production,Yes,Yes,WOFAN,Bauchi-WOFAN,Bau6H7P51,Female,2024-02-20,20/02/2024 11:39,20/02/2024 11:25,bau10,20/02/2024 14:52
f0d8683a-4e68-431a-8fe4-b34c96f3b94f,Youth,Producers/Processors,Jigawa,Rural,Yes,Production,Yes,No,WOFAN,Jigawa-WOFAN,TauVHMY21,Female,2024-02-20,20/02/2024 14:54,20/02/2024 14:47,tau20,20/02/2024 14:54
e67bb983-9929-4a78-8238-07c7901c69aa,Youth,Marketers,Kaduna,Rural,No,---,Yes,No,WOFAN,Kaduna-WOFAN,Ika67PL36,Female,2024-02-19,19/02/2024 21:52,19/02/2024 21:20,ika29,20/02/2024 14:58
8e8fc57f-eb84-40e0-b2da-faf77c03b1f6,Youth,Producers,Kano,Rural,Yes,Production,Yes,Yes,WOFAN,Kano-WOFAN,BebUHEZ01,Female,2024-02-20,20/02/2024 09:54,20/02/2024 09:36,tun08,20/02/2024 15:01
9959f315-13dd-44f4-8364-6fb4d5587f8f,Youth,Processors,Jigawa,Rural,Yes,Agro-Input_Dealer,Yes,Yes,WOFAN,Jigawa-WOFAN,JahCUBD02,Female,2024-02-20,20/02/2024 08:11,20/02/2024 08:07,jah59,20/02/2024 15:07
cb888f0e-816d-4c54-be64-3cc44fc4f274,Youth,Producers/Processors,Jigawa,Rural,Yes,Mechanization_service_provider,No,No,WOFAN,Jigawa-WOFAN,JahQTSE27,Female,2024-02-20,20/02/2024 08:56,20/02/2024 08:46,jah65,20/02/2024 15:10
d0c2f9af-c5e7-425f-89a8-db3af1a18a68,Youth,Producers/Processors,Jigawa,Rural,No,---,Yes,No,WOFAN,Jigawa-WOFAN,JahKNG109,Female,2024-02-20,20/02/2024 09:47,20/02/2024 09:43,jah65,20/02/2024 15:10
d9f760b6-4cb2-4037-a986-1d77765ded74,Youth,Producers/Processors,Kano,Rural,Yes,Production,Yes,Yes,WOFAN,Kano-WOFAN,KirNG3015,Female,2024-02-20,20/02/2024 11:16,20/02/2024 10:42,kir03,20/02/2024 15:10
0a61fc86-2ba4-4cd5-84b6-c3680a7e7fda,Youth,Marketers,Kano,Rural,Yes,Agro-Input_Dealer,Yes,Yes,WOFAN,Kano-WOFAN,TudOCK834,Female,2024-02-20,20/02/2024 11:48,20/02/2024 11:39,tun13,20/02/2024 15:11
99ff0c31-c78a-4250-a3ce-ac6827adbe8b,Youth,Processors,Jigawa,Rural,Yes,Mechanization_service_provider,Yes,No,WOFAN,Jigawa-WOFAN,JahUX3T28,Female,2024-02-20,20/02/2024 11:44,20/02/2024 11:35,jah65,20/02/2024 15:12
753830a7-992b-48ae-8bcf-58057fcb04fd,Youth,Producers,Kano,Rural,No,---,Yes,No,WOFAN,Kano-WOFAN,GarUF5V23,Female,2024-02-20,20/02/2024 13:21,20/02/2024 12:59,bun09,20/02/2024 15:16
b4fae66e-8c4d-4ed7-b990-dfdb29e90189,Youth,Producers/Processors,Kano,Rural,Yes,Production,Yes,Yes,WOFAN,Kano-WOFAN,Gar3ATP27,Female,2024-02-20,20/02/2024 15:19,20/02/2024 14:35,bun12,20/02/2024 15:19
d691adfc-e5e4-4eaf-892b-75a66e77b445,Youth,Producers,Kano,Rural,Yes,Production,Yes,Yes,WOFAN,Kano-WOFAN,Beb0UAO30,Female,2024-02-20,20/02/2024 13:02,20/02/2024 12:44,kir07,20/02/2024 15:20
59ffbee1-8ea2-4bdd-b86a-f9a74e489ba0,Youth,Processors,Jigawa,Rural,No,---,No,No,WOFAN,Jigawa-WOFAN,JahVKR547,Female,2024-02-20,20/02/2024 14:48,20/02/2024 14:39,jah71,20/02/2024 15:22
52b23f77-7931-4ead-845e-fb715ac00dfa,Youth,Producers,Bauchi,Peri_urban,Yes,Production,Yes,No,WOFAN,Bauchi-WOFAN,TorIQKY56,Female,2024-02-20,20/02/2024 09:21,20/02/2024 09:03,tor02,20/02/2024 15:27
587604d2-cf01-43c8-8120-6f4bf81dc8b5,Youth,Processors,Kano,Rural,Yes,Processing,Yes,No,WOFAN,Kano-WOFAN,TudVIZA50,Female,2024-02-20,20/02/2024 08:16,20/02/2024 08:03,tun32,20/02/2024 15:32
7b662944-77d8-476e-862b-cb838b11b7fa,Youth,Processors,Kano,Rural,Yes,Processing,Yes,No,WOFAN,Kano-WOFAN,Tud6WXN54,Female,2024-02-20,20/02/2024 15:31,20/02/2024 15:17,tun32,20/02/2024 15:33
43fa06d8-a834-4518-8dd6-b056ec5fc9c5,Youth,Producers/Processors,Jigawa,Rural,Yes,Production,Yes,Yes,WOFAN,Jigawa-WOFAN,JahA1FX32,Female,2024-02-20,20/02/2024 10:13,20/02/2024 09:58,jah40,20/02/2024 15:33
f73c95d1-b56d-4ad2-8322-b916863d563d,Youth,Producers/Processors,Kano,Rural,No,---,No,No,WOFAN,Kano-WOFAN,GarRO9I41,Female,2024-02-20,20/02/2024 13:31,20/02/2024 12:57,bun16,20/02/2024 15:34
59dc9f8d-16a8-4439-b750-30a93c1edff0,Youth,Producers,Jigawa,Rural,Yes,Production,Yes,No,WOFAN,Jigawa-WOFAN,TauHXX513,Female,2024-02-20,20/02/2024 07:18,20/02/2024 07:08,tau19,20/02/2024 15:34
d2654e1a-e538-4b84-bedc-53af0b3b2500,Youth,Producers,Jigawa,Rural,Yes,Agro-Input_Dealer,Yes,Yes,WOFAN,Jigawa-WOFAN,JahBJGN19,Female,2024-02-20,20/02/2024 09:55,20/02/2024 09:46,jah73,20/02/2024 15:35
a0a9ed1c-3c3d-48c4-8e9d-9b15c82be541,Youth,Producers,Jigawa,Rural,Yes,Production,Yes,No,WOFAN,Jigawa-WOFAN,Tau8UEC24,Female,2024-02-20,20/02/2024 10:08,20/02/2024 09:59,tau19,20/02/2024 15:36
d56feb93-a7db-43fd-b3ff-5d0f21a810ab,Youth,Producers/Processors,Kano,Rural,Yes,Production,Yes,Yes,WOFAN,Kano-WOFAN,TofMDIC16,Female,2024-02-20,20/02/2024 15:20,20/02/2024 15:08,rig06,20/02/2024 15:37
00343c3c-3ac1-4e55-a264-32b7c810f143,Youth,Producers,Jigawa,Rural,Yes,Production,Yes,No,WOFAN,Jigawa-WOFAN,TauVH7R16,Female,2024-02-20,20/02/2024 13:01,20/02/2024 12:52,tau19,20/02/2024 15:38
e6ecfd3b-2dcc-4ce4-bbcc-b333f5909ce7,Youth,Producers/Processors,Kano,Rural,Yes,Production,Yes,Yes,WOFAN,Kano-WOFAN,BagUKLC26,Female,2024-02-20,20/02/2024 12:21,20/02/2024 11:55,bag05,20/02/2024 15:39
955151d7-d0e6-4205-936b-eec76ba296c3,Youth,Producers/Processors,Kano,Rural,Yes,Production,Yes,No,WOFAN,Kano-WOFAN,KurUOWS05,Female,2024-02-20,20/02/2024 10:49,20/02/2024 10:32,gmm55,20/02/2024 15:40
ee8d4dac-e0cd-4c9b-a1a2-1e5143f00af4,Youth,Producers,Kano,Rural,No,---,Yes,No,WOFAN,Kano-WOFAN,GarANZD26,Female,2024-02-20,20/02/2024 14:56,20/02/2024 14:38,bun06,20/02/2024 15:44
ecacebb7-ba17-403f-bbf4-cfb671249891,Youth,Producers/Processors,Kano,Rural,Yes,Production,Yes,No,WOFAN,Kano-WOFAN,Bag029G35,Female,2024-02-20,20/02/2024 13:15,20/02/2024 12:43,bag05,20/02/2024 15:45
b1a79c5b-a78d-422d-b894-7ced8ca2484f,Youth,Producers/Processors,Jigawa,Rural,No,---,Yes,No,WOFAN,Jigawa-WOFAN,RinS9ZU44,Female,2024-02-20,20/02/2024 15:46,20/02/2024 15:40,rin17,20/02/2024 15:47
a7b854b9-4609-4751-8162-2b50cdf7648f,Youth,Producers,Jigawa,Rural,No,---,No,No,WOFAN,Jigawa-WOFAN,JahE5LF56,Female,2024-02-20,20/02/2024 13:41,20/02/2024 13:33,jah45,20/02/2024 15:48
d4628e66-309e-4396-963e-55182cf52045,Youth,Producers,Kano,Rural,Yes,Production,Yes,Yes,WOFAN,Kano-WOFAN,BagTMGB29,Female,2024-02-20,20/02/2024 09:40,20/02/2024 09:17,rig02,20/02/2024 15:50
03f8359d-5c7a-4619-a0b1-160c0c53bdea,Youth,Processors,Kano,Peri_urban,Yes,Processing,Yes,No,WOFAN,Kano-WOFAN,BebSEB233,Female,2024-02-20,20/02/2024 08:33,20/02/2024 08:20,tun09,20/02/2024 15:52
a4d72ad4-7f06-4786-8796-dd08aa78213d,Youth,Processors,Kano,Rural,No,---,No,No,WOFAN,Kano-WOFAN,GarYZLA34,Female,2024-02-20,20/02/2024 10:47,20/02/2024 10:27,bun20,20/02/2024 15:52
822ce83c-dea0-4d70-b6a2-2055f877d311,Youth,Producers,Kano,Rural,Yes,Processing,Yes,No,WOFAN,Kano-WOFAN,BagSTH920,Female,2024-02-19,19/02/2024 12:12,19/02/2024 11:53,rig14,20/02/2024 15:53
a67a6873-35bb-4c10-b759-5c27500fef08,Youth,Processors,Kano,Rural,Yes,Processing,Yes,Yes,WOFAN,Kano-WOFAN,Bag9EK729,Female,2024-02-20,20/02/2024 11:52,20/02/2024 11:24,rig04,20/02/2024 15:53
a7c102a3-d66a-4c8d-a007-27f51a2c8e2f,Youth,Producers,Kano,Rural,Yes,Production,Yes,Yes,WOFAN,Kano-WOFAN,Tof1YYE55,Female,2024-02-20,20/02/2024 10:28,20/02/2024 09:54,rig14,20/02/2024 15:54
690e5f6c-a60b-474c-95d3-357fc65b93ee,Youth,Producers,Kano,Rural,Yes,Agro-Input_Dealer,Yes,Yes,WOFAN,Kano-WOFAN,Tof7UER21,Female,2024-02-20,20/02/2024 15:43,20/02/2024 15:19,rig15,20/02/2024 15:55
f3f8c0fb-efb1-47fe-8794-637fa934e993,Youth,Processors,Kano,Rural,No,---,Yes,Yes,WOFAN,Kano-WOFAN,BagL99Y32,Female,2024-02-19,19/02/2024 22:36,19/02/2024 22:25,tof71,20/02/2024 15:57
8cd0f9d4-6036-4b4c-91f1-ee62c6e0da3d,Youth,Producers,Kano,Rural,Yes,Mechanization_service_provider,Yes,Yes,WOFAN,Kano-WOFAN,RanOA2Z28,Female,2024-02-20,20/02/2024 15:46,20/02/2024 15:38,gmm65,20/02/2024 15:59
500a3712-cdfd-45f5-be74-f199d7686868,Youth,Processors,Kano,Rural,No,---,Yes,Yes,WOFAN,Kano-WOFAN,TofQUMH41,Female,2024-02-20,20/02/2024 15:35,20/02/2024 15:21,tof71,20/02/2024 15:59
2d054e0d-c51e-43bf-b578-f972c3b5fc92,Youth,Processors,Kaduna,Rural,Yes,Processing,Yes,No,WOFAN,Kaduna-WOFAN,IkaP1F237,Female,2024-02-20,20/02/2024 15:59,20/02/2024 09:34,ika19,20/02/2024 15:59
99b84157-49bc-4fc5-9994-52af2869ceac,Youth,Producers,Kano,Rural,Yes,Mechanization_service_provider,Yes,Yes,WOFAN,Kano-WOFAN,Beb4ASV06,Female,2024-02-20,20/02/2024 13:51,20/02/2024 13:36,kir09,20/02/2024 15:59
ad569f83-c122-4f98-bc9e-bcb41a366c7b,Youth,Processors,Jigawa,Rural,Yes,Production,Yes,Yes,WOFAN,Jigawa-WOFAN,RinF91246,Female,2024-02-20,20/02/2024 16:00,20/02/2024 15:49,rin21,20/02/2024 16:00
8e85d300-9c97-4221-ae4e-04f4963e3d2d,Youth,Producers/Processors,Kano,Urban,Yes,Production,Yes,No,WOFAN,Kano-WOFAN,KurCTHS04,Female,2024-02-20,20/02/2024 13:16,20/02/2024 13:03,kur14,20/02/2024 16:02
3c8df809-1aa4-44fc-ab08-44b836b378b5,Youth,Processors,Jigawa,Rural,Yes,Mechanization_service_provider,No,No,WOFAN,Jigawa-WOFAN,Jah77IN31,Female,2024-02-20,20/02/2024 16:00,20/02/2024 15:55,jah75,20/02/2024 16:03
6afaed8b-e6d2-4304-9d87-a71b52a3955b,Youth,Processors,Kano,Rural,No,---,Yes,Yes,WOFAN,Kano-WOFAN,RanIU0I01,Female,2024-02-20,20/02/2024 09:51,20/02/2024 09:33,ran04,20/02/2024 16:11
4507e942-922b-425d-9b1a-c53f267a35a3,Youth,Producers,Kano,Rural,Yes,Production,Yes,Yes,WOFAN,Kano-WOFAN,Kir35ON22,Female,2024-02-20,20/02/2024 15:20,20/02/2024 15:11,kir16,20/02/2024 16:16
9178d825-b509-4677-bd20-885bcd101602,Youth,Producers,Kano,Rural,Yes,Production,Yes,Yes,WOFAN,Kano-WOFAN,Kir06UZ27,Female,2024-02-20,20/02/2024 15:27,20/02/2024 15:21,kir16,20/02/2024 16:16
7ae07cb1-d646-4f3c-b999-4aa5dd69f0b8,Youth,Producers,Jigawa,Rural,Yes,Processing,Yes,No,WOFAN,Jigawa-WOFAN,TauOM7925,Female,2024-02-20,20/02/2024 13:40,20/02/2024 13:33,tau25,20/02/2024 16:17
e8be0b3b-f776-4009-82b8-d1540797416a,Youth,Producers/Processors,Bauchi,Urban,Yes,Production,Yes,No,WOFAN,Bauchi-WOFAN,BauN7VZ35,Female,2024-02-20,20/02/2024 16:17,20/02/2024 16:02,bau12,20/02/2024 16:17
13c50a2d-ee2e-4f60-8dbd-c9a7a9827c97,Youth,Processors,Jigawa,Rural,Yes,Processing,Yes,Yes,WOFAN,Jigawa-WOFAN,JahMMZS40,Female,2024-02-20,20/02/2024 15:33,20/02/2024 15:15,jah68,20/02/2024 16:18
93e8a05d-2fba-403a-8bb2-b173e0a0462d,Youth,Processors,Jigawa,Rural,Yes,Processing,Yes,Yes,WOFAN,Jigawa-WOFAN,JahB2R637,Female,2024-02-20,20/02/2024 16:08,20/02/2024 15:57,jah83,20/02/2024 16:19
324a928a-4db7-43cc-9946-c3aa27834e35,Youth,Processors,Jigawa,Rural,Yes,Production,Yes,No,WOFAN,Jigawa-WOFAN,Tau848A43,Female,2024-02-20,20/02/2024 15:06,20/02/2024 14:59,tau25,20/02/2024 16:20
c990bf11-9d74-48b6-9e1c-cfac27082be1,Youth,Processors,Jigawa,Rural,Yes,Processing,Yes,No,WOFAN,Jigawa-WOFAN,Tau68A128,Female,2024-02-20,20/02/2024 15:23,20/02/2024 15:16,tau25,20/02/2024 16:21
9d22ee81-b552-459f-9cb4-72926d6076d3,Youth,Processors,Jigawa,Rural,Yes,Processing,Yes,No,WOFAN,Jigawa-WOFAN,Tau318F34,Female,2024-02-20,20/02/2024 15:42,20/02/2024 15:32,tau25,20/02/2024 16:22
cc3c1c49-51e0-4089-926b-29b976e7c925,Youth,Processors,Kaduna,Rural,Yes,Processing,Yes,Yes,WOFAN,Kaduna-WOFAN,Ika8UBO58,Female,2024-02-20,20/02/2024 13:51,20/02/2024 13:42,ika15,20/02/2024 16:25
fdb8d4ea-e0c1-47d2-9353-3ca3c3bbe285,Youth,Producers/Processors,Kano,Rural,Yes,Production,Yes,Yes,WOFAN,Kano-WOFAN,TofR6L243,Female,2024-02-20,20/02/2024 14:21,20/02/2024 14:11,tof69,20/02/2024 16:27
48b7335e-faa9-46a9-bacb-1d9e51c7aa4c,Youth,Producers/Processors,Kaduna,Rural,Yes,Production,Yes,No,WOFAN,Kaduna-WOFAN,Ika28WX30,Female,2024-02-20,20/02/2024 13:04,20/02/2024 13:00,ika16,20/02/2024 16:29
dd61d4ed-a51e-4f66-bd41-b7943dc8051c,Youth,Processors,Kano,Rural,Yes,Processing,Yes,No,WOFAN,Kano-WOFAN,TofYMFB11,Female,2024-02-20,20/02/2024 13:29,20/02/2024 13:24,rig05,20/02/2024 16:31
ab293881-fcaa-419e-b7b9-c23d8bf78350,Youth,Producers,Kano,Rural,Yes,Production,Yes,Yes,WOFAN,Kano-WOFAN,Beb7W1B16,Female,2024-02-20,20/02/2024 13:03,20/02/2024 12:50,gmm48,20/02/2024 16:32
62294649-9aac-4164-9df9-c26791727112,Youth,Processors,Kano,Rural,Yes,Processing,Yes,No,WOFAN,Kano-WOFAN,TofWH4I08,Female,2024-02-20,20/02/2024 15:12,20/02/2024 15:07,rig05,20/02/2024 16:32
7052c46c-64b1-4fc2-ba01-1ecab83da5dd,Youth,Producers/Processors,Jigawa,Rural,Yes,Mechanization_service_provider,Yes,Yes,WOFAN,Jigawa-WOFAN,Jah8B3118,Female,2024-02-20,20/02/2024 16:32,20/02/2024 16:25,jah49,20/02/2024 16:32
db109dc2-722b-4e6b-8cb4-48f7090259ec,Youth,Producers,Jigawa,Rural,Yes,Production,Yes,Yes,WOFAN,Jigawa-WOFAN,RinII3V11,Female,2024-02-20,20/02/2024 14:21,20/02/2024 14:14,rin16,20/02/2024 16:32
5e5da09e-0b7d-4161-9afc-1238c7a5eb38,Youth,Processors,Jigawa,Rural,Yes,Mechanization_service_provider,Yes,Yes,WOFAN,Jigawa-WOFAN,RinQ64T27,Female,2024-02-20,20/02/2024 09:45,20/02/2024 09:32,rin24,20/02/2024 16:32
67cc70c2-3f71-4bbd-9a5b-bb81f7328555,Youth,Producers,Kano,Rural,Yes,Agro-Input_Dealer,Yes,Yes,WOFAN,Kano-WOFAN,Kir47KJ42,Female,2024-02-20,20/02/2024 16:31,20/02/2024 16:16,kir02,20/02/2024 16:33
0078dea2-664f-4b11-9c16-331edc75a739,Youth,Processors,Jigawa,Rural,Yes,Mechanization_service_provider,Yes,Yes,WOFAN,Jigawa-WOFAN,RinTTFB35,Female,2024-02-20,20/02/2024 07:52,20/02/2024 07:38,rin25,20/02/2024 16:34
bd8b2404-ef54-483d-a2bb-bc17ab391c83,Youth,Processors,Jigawa,Rural,Yes,Production,Yes,Yes,WOFAN,Jigawa-WOFAN,JahLWUE08,Female,2024-02-20,20/02/2024 16:11,20/02/2024 16:04,jah48,20/02/2024 16:34
5807e2d7-66d2-4469-8953-6a18184a09b4,Youth,Processors,Jigawa,Rural,Yes,Processing,Yes,Yes,WOFAN,Jigawa-WOFAN,RinWAS255,Female,2024-02-20,20/02/2024 13:48,20/02/2024 13:37,rin24,20/02/2024 16:34
e79d5fdb-71fe-4fea-add4-09d042cffbe2,Youth,Producers,Kano,Rural,No,---,Yes,No,WOFAN,Kano-WOFAN,Gar8HGW24,Female,2024-02-20,20/02/2024 13:57,20/02/2024 13:47,bun21,20/02/2024 16:36
4ec567b2-b971-4af0-9864-dc1b10e74738,Youth,Processors,Kaduna,Rural,Yes,Processing,Yes,No,WOFAN,Kaduna-WOFAN,Ika28GP07,Female,2024-02-20,20/02/2024 16:37,20/02/2024 16:21,ika25,20/02/2024 16:37
ca010e5b-e6b9-4e29-92b5-e423bee1b8eb,Youth,Producers,Kano,Rural,No,---,Yes,No,WOFAN,Kano-WOFAN,GarL2TO24,Female,2024-02-20,20/02/2024 16:17,20/02/2024 16:09,bun21,20/02/2024 16:38
19c90af6-72a2-45e8-bc13-6295ac982a7d,Youth,Producers/Processors,Bauchi,Urban,Yes,Processing,Yes,Yes,WOFAN,Bauchi-WOFAN,BauEC8008,Female,2024-02-20,20/02/2024 16:39,20/02/2024 16:13,bau15,20/02/2024 16:39
a29b27fa-f645-4a48-aac6-22388734facb,Youth,Producers,Jigawa,Rural,Yes,Production,Yes,No,WOFAN,Jigawa-WOFAN,Tau3CDW39,Female,2024-02-20,20/02/2024 10:35,20/02/2024 10:12,tau22,20/02/2024 16:41
b73c1735-5e18-4407-8f59-a0e523f80476,Youth,Producers,Jigawa,Rural,Yes,Production,Yes,No,WOFAN,Jigawa-WOFAN,TauRIYF11,Female,2024-02-20,20/02/2024 10:41,20/02/2024 10:05,tau22,20/02/2024 16:41
2c708932-ea9b-4cf5-809e-5a1c1aef32b0,Youth,Producers,Bauchi,Rural,Yes,Production,Yes,Yes,WOFAN,Bauchi-WOFAN,BauC1YM09,Female,2024-02-20,20/02/2024 11:49,20/02/2024 11:32,bau14,20/02/2024 16:45
56b40509-13c1-4614-9075-afbaefa90063,Youth,Producers,Kano,Rural,Yes,Agro-Input_Dealer,Yes,Yes,WOFAN,Kano-WOFAN,Gar80YS47,Female,2024-02-20,20/02/2024 08:14,20/02/2024 07:36,bun12,20/02/2024 16:46
a4b596fb-0ca1-49cc-bcc0-d8cfdd31070d,Youth,Processors,Kaduna,Rural,Yes,Processing,Yes,No,WOFAN,Kaduna-WOFAN,IkaGXX206,Female,2024-02-20,20/02/2024 13:59,20/02/2024 13:45,ika34,20/02/2024 16:47
09bb3bdd-88eb-4959-b435-9524e637d26f,Youth,Marketers,Kano,Peri_urban,No,---,Yes,No,WOFAN,Kano-WOFAN,BebRUK952,Female,2024-02-20,20/02/2024 16:50,20/02/2024 16:07,tun04,20/02/2024 16:50
230a08af-d1b6-411b-b6c5-c6b615f0a71b,Youth,Processors,Kano,Rural,No,---,Yes,No,WOFAN,Kano-WOFAN,TudXCAC37,Female,2024-02-20,20/02/2024 15:41,20/02/2024 15:27,tun27,20/02/2024 16:59
e39fe110-9b00-4fb0-89c1-e1ec57a98b4a,Youth,Producers/Processors,Kaduna,Rural,Yes,Agro-Input_Dealer,Yes,No,WOFAN,Kaduna-WOFAN,IkaPC0N48,Female,2024-02-20,20/02/2024 12:12,20/02/2024 11:35,ika26,20/02/2024 17:00
33b95e29-2af3-45af-8acf-9ec46c343ea8,Youth,Processors,Kaduna,Rural,No,---,No,No,WOFAN,Kaduna-WOFAN,IkaVGVS35,Female,2024-02-20,20/02/2024 17:02,20/02/2024 16:49,ika20,20/02/2024 17:02
20b18637-aa02-40b8-b439-c9a4e700ef05,Youth,Producers,Jigawa,Rural,No,---,No,No,WOFAN,Jigawa-WOFAN,JahV9FH16,Female,2024-02-20,20/02/2024 15:08,20/02/2024 14:45,jah40,20/02/2024 17:02
f9fa7cf0-7e5e-4cdf-844c-fbf9b63bcc5d,Youth,Processors,Jigawa,Rural,No,---,No,No,WOFAN,Jigawa-WOFAN,JahAFTK37,Female,2024-02-20,20/02/2024 17:03,20/02/2024 17:01,jah71,20/02/2024 17:04
894f08f8-b576-4747-92df-5bc2d8e108e3,Youth,Processors,Kano,Rural,Yes,Agro-Input_Dealer,No,No,WOFAN,Kano-WOFAN,Beb38GA05,Female,2024-02-20,20/02/2024 08:23,20/02/2024 08:13,tun24,20/02/2024 17:05
eac2ab65-9df3-44cb-b9c6-1c697d8b6ee6,Youth,Processors,Kano,Rural,No,---,No,No,WOFAN,Kano-WOFAN,BebBBWP18,Female,2024-02-20,20/02/2024 11:00,20/02/2024 10:52,tun24,20/02/2024 17:06
c3780fb1-5e89-4f70-b360-2c8bc19a7549,Youth,Processors,Jigawa,Rural,No,---,No,No,WOFAN,Jigawa-WOFAN,JahJCAS26,Female,2024-02-20,20/02/2024 17:06,20/02/2024 17:04,jah71,20/02/2024 17:06
43f7bafa-3d91-4bf5-be61-62ff60e4c6fd,Youth,Producers,Kano,Rural,Yes,Production,Yes,Yes,WOFAN,Kano-WOFAN,Gar0L7046,Female,2024-02-20,20/02/2024 15:14,20/02/2024 14:51,gmm61,20/02/2024 17:07
3c1e9cf6-64e9-44cb-ad6e-439d9dc5fb89,Youth,Processors,Kano,Rural,Yes,Processing,No,No,WOFAN,Kano-WOFAN,TudPZZX06,Female,2024-02-20,20/02/2024 12:20,20/02/2024 12:14,tun11,20/02/2024 17:07
aef3a599-c0da-4314-9107-5be408bb81ad,Youth,Producers,Kano,Rural,Yes,Production,Yes,No,WOFAN,Kano-WOFAN,Gar9C3U49,Female,2024-02-20,20/02/2024 12:29,20/02/2024 11:35,kur07,20/02/2024 17:09
2f7ebe62-e406-4af3-b716-49ee653044bd,Youth,Producers/Processors,Kano,Rural,No,---,Yes,No,WOFAN,Kano-WOFAN,RimOIBC41,Female,2024-02-20,20/02/2024 17:08,20/02/2024 16:59,rig17,20/02/2024 17:10
f683fd87-329b-42a5-b69f-4639be373afb,Youth,Producers/Processors,Jigawa,Rural,Yes,Production,Yes,Yes,WOFAN,Jigawa-WOFAN,JahKLCC23,Female,2024-02-20,20/02/2024 16:09,20/02/2024 16:04,jah72,20/02/2024 17:13
d3f67390-361a-49cd-aa02-9a23d8bd5227,Youth,Processors,Kaduna,Rural,No,---,Yes,No,WOFAN,Kaduna-WOFAN,Ika1XRN39,Female,2024-02-20,20/02/2024 16:12,20/02/2024 16:04,ika32,20/02/2024 17:14
87b7bf2a-0695-4366-9627-b221c7e1cc62,Youth,Processors,Jigawa,Rural,Yes,Production,Yes,Yes,WOFAN,Jigawa-WOFAN,Rin33CL35,Female,2024-02-20,20/02/2024 15:15,20/02/2024 14:12,rin27,20/02/2024 17:14
ba22cdd1-53c6-425c-ac24-c6a73b1ba435,Youth,Processors,Kano,Rural,No,---,No,No,WOFAN,Kano-WOFAN,Beb242B26,Female,2024-02-20,20/02/2024 13:45,20/02/2024 13:31,tun24,20/02/2024 17:15
607bc15a-0e33-4113-a934-d5299d166293,Youth,Processors,Jigawa,Rural,Yes,Processing,Yes,Yes,WOFAN,Jigawa-WOFAN,RinX23R46,Female,2024-02-20,20/02/2024 17:14,20/02/2024 17:07,rin27,20/02/2024 17:15
130b90ba-b156-4e0c-b9b9-b81971dbd09d,Youth,Producers/Processors,Jigawa,Rural,Yes,Production,No,Yes,WOFAN,Jigawa-WOFAN,JahW8XO30,Female,2024-02-20,20/02/2024 11:16,20/02/2024 11:12,jah40,20/02/2024 17:16
11dcae34-cebb-496d-9cc2-de6027d4561f,Youth,Processors,Kano,Peri_urban,Yes,Processing,Yes,No,WOFAN,Kano-WOFAN,RimS7SI55,Female,2024-02-20,20/02/2024 13:10,20/02/2024 13:01,rig03,20/02/2024 17:16
2cc9e0bd-c7b5-47cf-8205-4fce84e7dace,Youth,Producers,Kano,Rural,No,---,Yes,No,WOFAN,Kano-WOFAN,Gar8G2V29,Female,2024-02-20,20/02/2024 13:34,20/02/2024 13:17,bun06,20/02/2024 17:17
ae053128-10b9-4fd9-912f-09922dd555c0,Youth,Processors,Jigawa,Urban,No,---,No,No,WOFAN,Jigawa-WOFAN,JahZH9S38,Female,2024-02-20,20/02/2024 16:05,20/02/2024 15:57,jah41,20/02/2024 17:18
42ab0a3d-d944-4f47-84d7-b6b62c4c4fe8,Youth,Processors,Jigawa,Rural,Yes,Production,Yes,Yes,WOFAN,Jigawa-WOFAN,Jah3A8R22,Female,2024-02-20,20/02/2024 13:19,20/02/2024 13:12,jah40,20/02/2024 17:18
265d886a-7034-4b28-84dc-567409d8a890,Youth,Processors,Kano,Rural,No,---,Yes,No,WOFAN,Kano-WOFAN,TofBDO812,Female,2024-02-20,20/02/2024 15:39,20/02/2024 15:29,rig03,20/02/2024 17:18
3becdb6a-a27c-4593-a01e-f417735bc385,Youth,Producers/Processors,Jigawa,Rural,Yes,Production,Yes,Yes,WOFAN,Jigawa-WOFAN,JahZYME39,Female,2024-02-20,20/02/2024 14:19,20/02/2024 14:12,jah40,20/02/2024 17:19
c3004e7f-4ade-4192-a0d8-6be6f8da0164,Youth,Producers,Kano,Rural,Yes,Production,Yes,Yes,WOFAN,Kano-WOFAN,Beb5ARB44,Female,2024-02-20,20/02/2024 15:28,20/02/2024 15:20,gmm48,20/02/2024 17:20
f1aa455b-6a73-40e4-a37c-b70c6c0193c8,Youth,Processors,Kaduna,Rural,Yes,Processing,Yes,No,WOFAN,Kaduna-WOFAN,IkaQG5I59,Female,2024-02-20,20/02/2024 17:21,20/02/2024 10:23,ika19,20/02/2024 17:21
82eaf16c-5589-443f-b05c-cab7f4e09ca1,Youth,Processors,Jigawa,Rural,Yes,Production,Yes,Yes,WOFAN,Jigawa-WOFAN,JahUM3P59,Female,2024-02-20,20/02/2024 16:22,20/02/2024 16:10,jah40,20/02/2024 17:22
0dfe3b3a-b0a9-43ab-b4fb-bfb2aaa06417,Youth,Processors,Kano,Rural,Yes,Processing,Yes,Yes,WOFAN,Kano-WOFAN,Bun4MDI46,Female,2024-02-20,20/02/2024 12:53,20/02/2024 12:43,gmm50,20/02/2024 17:22
55d2172e-71b0-4a03-95e4-c1cae95500cb,Youth,Producers,Jigawa,Rural,Yes,Production,Yes,Yes,WOFAN,Jigawa-WOFAN,Rin0I9715,Female,2024-02-20,20/02/2024 13:48,20/02/2024 13:38,rin11,20/02/2024 17:24
2466769d-a418-48cb-be58-fbd5af14dcb2,Youth,Processors,Jigawa,Rural,Yes,Processing,Yes,Yes,WOFAN,Jigawa-WOFAN,Rin6UGH08,Female,2024-02-20,20/02/2024 16:04,20/02/2024 15:59,rin11,20/02/2024 17:25
a5bd906c-7ede-46e3-a552-d86c2c91cdd9,Youth,Producers,Kano,Rural,Yes,Production,Yes,Yes,WOFAN,Kano-WOFAN,KirVLG310,Female,2024-02-20,20/02/2024 14:06,20/02/2024 13:54,kir04,20/02/2024 17:25
ece7ee1b-d3fc-46db-9d4f-3a1b1314de64,Youth,Producers/Processors,Kaduna,Rural,Yes,Production,Yes,No,WOFAN,Kaduna-WOFAN,Ika7KQJ46,Female,2024-02-20,20/02/2024 08:02,20/02/2024 06:17,ika24,20/02/2024 17:27
f15d6383-6fe9-4f72-bada-36bab179e93a,Youth,Processors,Kaduna,Urban,Yes,Processing,Yes,No,WOFAN,Kaduna-WOFAN,Ika3C3L00,Female,2024-02-20,20/02/2024 17:17,20/02/2024 17:08,ika24,20/02/2024 17:27
0e46082d-869b-4760-85e1-57d84dac716e,Youth,Marketers,Kano,Rural,Yes,Agro-Trader,Yes,No,WOFAN,Kano-WOFAN,TudRIZM44,Female,2024-02-20,20/02/2024 15:34,20/02/2024 15:23,tun13,20/02/2024 17:28
75627b97-9cf0-44dd-a669-9c58f78ca04f,Youth,Producers/Processors,Jigawa,Rural,Yes,Production,Yes,Yes,WOFAN,Jigawa-WOFAN,Rin1SQY59,Female,2024-02-20,20/02/2024 17:30,20/02/2024 17:12,rin20,20/02/2024 17:31
7d12829d-0d51-497a-9c1a-916309432639,Youth,Producers,Jigawa,Rural,No,---,Yes,No,WOFAN,Jigawa-WOFAN,Rin3OO437,Female,2024-02-20,20/02/2024 11:34,20/02/2024 11:19,rin13,20/02/2024 17:31
981faa38-ad04-4226-b124-8238f4aeeffd,Youth,Processors,Jigawa,Rural,Yes,Processing,Yes,Yes,WOFAN,Jigawa-WOFAN,RinDCNC00,Female,2024-02-20,20/02/2024 17:00,20/02/2024 16:51,rin25,20/02/2024 17:35
8a1f2c9a-0861-494f-a62b-aedf1a95da0a,Youth,Producers,Kano,Rural,Yes,Production,Yes,No,WOFAN,Kano-WOFAN,KirV6LJ54,Female,2024-02-20,20/02/2024 17:36,20/02/2024 17:20,kir22,20/02/2024 17:36
9fb11510-ce3c-4b52-89e3-78af86af82bc,Youth,Producers,Kano,Urban,No,---,No,Yes,WOFAN,Kano-WOFAN,GarYDCB27,Female,2024-02-20,20/02/2024 13:41,20/02/2024 12:50,ran01,20/02/2024 17:39
80278200-f27d-4705-8f58-3e92efa6addb,Youth,Producers,Kano,Rural,No,---,Yes,No,WOFAN,Kano-WOFAN,Gar0F6Z08,Female,2024-02-20,20/02/2024 15:35,20/02/2024 15:19,bun09,20/02/2024 17:40
8ef88bc5-20e3-486b-9446-f2c6cd7988ef,Youth,Producers/Processors,Kano,Rural,No,---,No,Yes,WOFAN,Kano-WOFAN,RimHCAR12,Female,2024-02-19,19/02/2024 12:42,19/02/2024 09:29,rig16,20/02/2024 17:41
4c6295d6-b482-4f02-9c74-624bbcc1abbf,Youth,Producers/Processors,Kano,Rural,No,---,No,Yes,WOFAN,Kano-WOFAN,RimBI7C18,Female,2024-02-20,20/02/2024 09:48,19/02/2024 09:10,rig16,20/02/2024 17:44
d04c989c-8320-47ac-bf26-05f75ec0f504,Youth,Producers/Processors,Kano,Rural,No,---,Yes,Yes,WOFAN,Kano-WOFAN,Rim4RPJ04,Female,2024-02-20,20/02/2024 16:19,19/02/2024 06:16,rig16,20/02/2024 17:46
88dbeef6-5ed5-4530-b05b-e3b7978f7c8f,Youth,Producers/Processors,Bauchi,Rural,Yes,Production,Yes,Yes,WOFAN,Bauchi-WOFAN,DasBC1X00,Female,2024-02-20,20/02/2024 07:59,20/02/2024 07:24,das08,20/02/2024 17:47
ab40fea3-a0dd-4fef-a267-4086a4e38d4a,Youth,Producers/Processors,Jigawa,Rural,Yes,Production,Yes,Yes,WOFAN,Jigawa-WOFAN,RinAQZA41,Female,2024-02-20,20/02/2024 16:19,20/02/2024 16:11,rin12,20/02/2024 17:47
f8c40a18-cd3b-4865-9084-7a9b15d21dd1,Youth,Processors,Kano,Rural,No,---,Yes,Yes,WOFAN,Kano-WOFAN,BagOEIX05,Female,2024-02-20,20/02/2024 17:48,20/02/2024 17:08,bag06,20/02/2024 17:48
975c048b-c258-4e6f-8f21-78a92ba4c8e6,Youth,Producers/Processors,Kano,Peri_urban,No,---,No,No,WOFAN,Kano-WOFAN,TofSXCP21,Female,2024-02-20,20/02/2024 12:45,20/02/2024 12:38,bag01,20/02/2024 17:48
41c1362a-1e20-43f1-a358-70262f491a5d,Youth,Marketers,Gombe,Rural,Yes,Production,Yes,No,WOFAN,Gombe-WOFAN,Sho49B439,Female,2024-02-17,17/02/2024 07:02,17/02/2024 06:38,sha04,20/02/2024 17:52
9e49d367-dc29-4453-81e4-ca9423d9e325,Youth,Marketers,Gombe,Rural,Yes,Production,Yes,Yes,WOFAN,Gombe-WOFAN,ShoHIC928,Female,2024-02-17,17/02/2024 14:05,17/02/2024 13:55,sha04,20/02/2024 17:55
380c425b-2b85-44a4-b869-d11974c157d3,Youth,Producers/Processors,Kaduna,Rural,No,---,No,No,WOFAN,Kaduna-WOFAN,Ika14EB55,Female,2024-02-20,20/02/2024 06:37,20/02/2024 06:32,ika21,20/02/2024 17:55
bb863172-4119-48ee-92a4-a6e4b8b54432,Youth,Producers,Kaduna,Rural,No,---,Yes,No,WOFAN,Kaduna-WOFAN,Ika127341,Female,2024-02-20,20/02/2024 08:58,20/02/2024 08:21,ika23,20/02/2024 18:01
239a4346-db08-41b4-a7b1-71b0ab41fa44,Youth,Producers/Processors,Kano,Rural,Yes,Production,Yes,No,WOFAN,Kano-WOFAN,KurNRWQ11,Female,2024-02-20,20/02/2024 17:26,20/02/2024 17:06,gmm55,20/02/2024 18:01
8573bb0d-ecc6-4d39-ac5b-8a98902fdf39,Youth,Marketers,Gombe,Rural,Yes,Production,Yes,Yes,WOFAN,Gombe-WOFAN,ShoVSZ859,Female,2024-02-18,18/02/2024 10:52,18/02/2024 10:34,sha04,20/02/2024 18:03
d9f4f869-0e28-4154-b2cb-e9375741d7de,Youth,Producers/Processors,Kano,Rural,No,---,Yes,No,WOFAN,Kano-WOFAN,BebUBTI15,Female,2024-02-19,19/02/2024 07:44,19/02/2024 07:33,tun22,20/02/2024 18:04
09d3eeab-0e31-4886-99d3-41effa7320a6,Youth,Producers,Gombe,Rural,Yes,Production,Yes,No,WOFAN,Gombe-WOFAN,ShoYUQ811,Female,2024-02-19,19/02/2024 13:43,19/02/2024 13:29,sha04,20/02/2024 18:05
72a84b8d-a512-487b-bcd7-3d5fc9da330a,Youth,Producers/Processors,Kano,Urban,No,---,Yes,No,WOFAN,Kano-WOFAN,BebUPZK59,Female,2024-02-19,19/02/2024 18:59,19/02/2024 18:51,tun22,20/02/2024 18:05
b5d6148a-1554-4ee6-864a-f112a19997a0,Youth,Producers/Processors,Kano,Rural,Yes,Processing,Yes,Yes,WOFAN,Kano-WOFAN,BebA6AM57,Female,2024-02-20,20/02/2024 18:09,20/02/2024 17:58,kir15,20/02/2024 18:09
b8430f1a-deb3-4e4d-807f-2eee3575b059,Youth,Processors,Kano,Rural,No,---,No,No,WOFAN,Kano-WOFAN,Tud0PNP30,Female,2024-02-20,20/02/2024 16:15,20/02/2024 16:11,tun26,20/02/2024 18:09
5b423579-eecd-47a7-8e49-11a6b6b79303,Youth,Marketers,Kano,Rural,No,---,Yes,No,WOFAN,Kano-WOFAN,TudP4YY39,Female,2024-02-20,20/02/2024 14:17,20/02/2024 14:04,tun05,20/02/2024 18:10
b0c4b62d-fc15-47e5-a401-13489b7f5bc8,Youth,Producers/Processors,Kano,Urban,Yes,Production,Yes,No,WOFAN,Kano-WOFAN,KurLBPT17,Female,2024-02-20,20/02/2024 17:04,20/02/2024 16:57,kur14,20/02/2024 18:12
b7d93f51-7e99-4063-835c-2db63f9881f6,Youth,Producers,Kano,Rural,Yes,Production,Yes,No,WOFAN,Kano-WOFAN,BebWH3929,Female,2024-02-20,20/02/2024 12:21,19/02/2024 16:52,kir08,20/02/2024 18:13
59b28fa3-29ee-403d-9cff-de8dc113d0e9,Youth,Producers/Processors,Kano,Rural,Yes,Processing,Yes,No,WOFAN,Kano-WOFAN,TudR0SP38,Female,2024-02-20,20/02/2024 10:53,20/02/2024 10:39,tun18,20/02/2024 18:13
bd2bdda4-9be8-43a3-ba05-df08e224c198,Youth,Producers/Processors,Kano,Rural,Yes,Processing,Yes,Yes,WOFAN,Kano-WOFAN,Tud36NH01,Female,2024-02-20,20/02/2024 13:55,20/02/2024 13:40,tun18,20/02/2024 18:15
b1796e54-29ac-4855-aee1-161f5992e092,Youth,Producers,Kano,Rural,No,---,Yes,No,WOFAN,Kano-WOFAN,GarWEK711,Female,2024-02-20,20/02/2024 17:53,20/02/2024 17:44,bun06,20/02/2024 18:17
d94ba5d5-90a8-41b6-baa0-f890e5cec8e2,Youth,Producers/Processors,Kano,Rural,Yes,Production,Yes,No,WOFAN,Kano-WOFAN,TofBOFJ18,Female,2024-02-20,20/02/2024 12:40,20/02/2024 12:23,tof72,20/02/2024 18:18
eb2b306b-728e-4f85-a8ad-193221576ae1,Youth,Processors,Kano,Rural,Yes,Processing,Yes,Yes,WOFAN,Kano-WOFAN,BagZERA38,Female,2024-02-20,20/02/2024 18:11,19/02/2024 17:11,tof71,20/02/2024 18:19
139cdb0a-1fb7-4530-b2cf-c5b502f759b9,Youth,Producers/Processors,Gombe,Rural,No,---,Yes,Yes,WOFAN,Gombe-WOFAN,ShoJAKP13,Female,2024-02-20,20/02/2024 10:36,20/02/2024 09:53,sha03,20/02/2024 18:20
33fb29f7-f23f-4100-80f1-f6b2d80b6d1e,Youth,Processors,Jigawa,Rural,Yes,Production,Yes,Yes,WOFAN,Jigawa-WOFAN,Rin66PT37,Female,2024-02-20,20/02/2024 15:02,20/02/2024 14:52,rin28,20/02/2024 18:22
f90b6241-7e7e-46c2-801d-3254df23c04f,Youth,Producers/Processors,Kano,Rural,No,---,No,No,WOFAN,Kano-WOFAN,Beb9JCV51,Female,2024-02-20,20/02/2024 07:14,20/02/2024 07:10,tun22,20/02/2024 18:24
0779832e-2f7b-4d82-a0e0-0b10af49f80c,Youth,Producers/Processors,Jigawa,Rural,Yes,Agro-Input_Dealer,Yes,Yes,WOFAN,Jigawa-WOFAN,JahL7EH14,Female,2024-02-20,20/02/2024 16:27,20/02/2024 16:21,jah44,20/02/2024 18:26
adb55094-d727-40a5-a9d8-f302f2b94d9b,Youth,Processors,Jigawa,Rural,Yes,Production,Yes,Yes,WOFAN,Jigawa-WOFAN,Rin0U6359,Female,2024-02-20,20/02/2024 16:48,20/02/2024 16:41,rin28,20/02/2024 18:28
7d578813-8c33-4a12-8515-8517d275510f,Youth,Marketers,Kano,Rural,Yes,Agro-Exporter,Yes,Yes,WOFAN,Kano-WOFAN,TudTOX703,Female,2024-02-20,20/02/2024 11:38,20/02/2024 11:20,tun13,20/02/2024 18:31
d7193ef2-6e41-45b4-a80a-76e003e413ef,Youth,Producers/Processors,Jigawa,Rural,Yes,Production,No,No,WOFAN,Jigawa-WOFAN,JahH13H55,Female,2024-02-20,20/02/2024 18:31,20/02/2024 18:22,jah73,20/02/2024 18:31
51951c23-778a-4fc9-b443-07575013383c,Youth,Producers/Processors,Jigawa,Rural,Yes,Agro-Input_Dealer,Yes,Yes,WOFAN,Jigawa-WOFAN,JahYIZB33,Female,2024-02-20,20/02/2024 18:01,20/02/2024 17:56,jah44,20/02/2024 18:33
c224fc55-89b4-4023-ba36-786543069760,Youth,Marketers,Kano,Rural,Yes,Processing,Yes,Yes,WOFAN,Kano-WOFAN,Tud3QG058,Female,2024-02-20,20/02/2024 17:38,20/02/2024 17:30,tun13,20/02/2024 18:33
12c910e6-2698-4a46-899d-0a40d2fb3fbd,Youth,Producers/Processors,Jigawa,Rural,Yes,Agro-Input_Dealer,Yes,Yes,WOFAN,Jigawa-WOFAN,Jah5CQZ12,Female,2024-02-20,20/02/2024 11:56,20/02/2024 11:40,jah44,20/02/2024 18:33
dea78647-0261-4239-b935-0fe494835bf2,Youth,Processors,Kano,Rural,No,---,No,No,WOFAN,Kano-WOFAN,RimH0QO51,Female,2024-02-20,20/02/2024 07:23,20/02/2024 07:14,rig11,20/02/2024 18:38
c07cf1d5-8528-4823-9241-2ae124cc8d26,Youth,Processors,Jigawa,Urban,No,---,No,No,WOFAN,Jigawa-WOFAN,JahAKG630,Female,2024-02-20,20/02/2024 18:42,20/02/2024 18:31,jah41,20/02/2024 18:48
48966990-abf2-489c-9c5e-85b72d4c2232,Youth,Processors,Kaduna,Rural,Yes,Processing,Yes,No,WOFAN,Kaduna-WOFAN,IkaI8YO53,Female,2024-02-20,20/02/2024 11:11,20/02/2024 10:54,ika28,20/02/2024 18:48
b48aaf36-4d88-4d0b-a7dc-bd064d8dae06,Youth,Processors,Kano,Rural,No,---,No,No,WOFAN,Kano-WOFAN,BebY12707,Female,2024-02-20,20/02/2024 12:48,20/02/2024 12:35,tun14,20/02/2024 18:49
4d4fc400-6564-4d99-9e9f-ecee9a6c4b15,Youth,Processors,Jigawa,Rural,Yes,Production,Yes,Yes,WOFAN,Jigawa-WOFAN,RinN9EH05,Female,2024-02-20,20/02/2024 15:31,20/02/2024 15:21,rin26,20/02/2024 18:49
1774264e-ea63-4ca8-9a6a-c397e54bd6be,Youth,Processors,Jigawa,Rural,Yes,Processing,Yes,No,WOFAN,Jigawa-WOFAN,RinQN2M05,Female,2024-02-20,20/02/2024 18:19,20/02/2024 18:11,rin26,20/02/2024 18:50
bd994c85-b466-44d5-8ad5-deaf7d074a48,Youth,Marketers,Gombe,Rural,Yes,Production,Yes,Yes,WOFAN,Gombe-WOFAN,ShoMD0K21,Female,2024-02-20,20/02/2024 14:25,20/02/2024 14:18,sha05,20/02/2024 18:53
f1bf4ff4-3148-451b-a38e-c6b2b6a0a248,Youth,Producers,Kano,Rural,Yes,Production,Yes,Yes,WOFAN,Kano-WOFAN,KirDE4G12,Female,2024-02-20,20/02/2024 14:19,20/02/2024 14:05,kir19,20/02/2024 18:55
da4ccabe-49c7-4eb6-987b-b5d3bcaf41a3,Youth,Processors,Jigawa,Rural,Yes,Processing,Yes,Yes,WOFAN,Jigawa-WOFAN,JahE64X27,Female,2024-02-20,20/02/2024 14:54,20/02/2024 14:46,jah51,20/02/2024 18:55
421b1364-ebd3-44b2-a766-96694f9978a7,Youth,Processors,Jigawa,Rural,No,---,Yes,No,WOFAN,Jigawa-WOFAN,Tau7OWQ29,Female,2024-02-20,20/02/2024 15:05,20/02/2024 14:56,tau29,20/02/2024 18:57
bc3b1a1f-a5c4-4519-b0fd-5c0efcabfcde,Youth,Processors,Jigawa,Rural,Yes,Production,No,No,WOFAN,Jigawa-WOFAN,RinDG8K38,Female,2024-02-20,20/02/2024 18:56,20/02/2024 18:50,rin28,20/02/2024 19:05
6c43e463-e43d-4254-bf64-6cdf8af8683d,Youth,Producers,Kano,Peri_urban,Yes,Production,Yes,Yes,WOFAN,Kano-WOFAN,BebSMG439,Female,2024-02-20,20/02/2024 10:57,20/02/2024 10:27,kir06,20/02/2024 19:08
bf980048-45d0-4ab3-a045-1e7cf5981f90,Youth,Producers,Kano,Peri_urban,Yes,Production,Yes,Yes,WOFAN,Kano-WOFAN,BebFAS209,Female,2024-02-20,20/02/2024 11:09,20/02/2024 10:58,kir06,20/02/2024 19:08
e39ef641-f281-4988-b47e-ff528931db5c,Youth,Producers,Jigawa,Rural,Yes,Production,Yes,No,WOFAN,Jigawa-WOFAN,TauDS1O22,Female,2024-02-18,18/02/2024 12:54,18/02/2024 12:42,tau27,20/02/2024 19:08
e8e94925-a4ed-4848-93af-8abe1d5716db,Youth,Processors,Kano,Rural,Yes,Production,Yes,Yes,WOFAN,Kano-WOFAN,BebEJXV25,Female,2024-02-19,19/02/2024 16:29,19/02/2024 16:09,tun29,20/02/2024 19:11
4ecd5667-124e-4624-bcf1-b9034f514634,Youth,Producers,Jigawa,Rural,Yes,Production,Yes,No,WOFAN,Jigawa-WOFAN,TauSQZ852,Female,2024-02-20,20/02/2024 18:26,20/02/2024 18:12,tau22,20/02/2024 19:12
67a831e7-3908-40ba-b87a-af2ec2999777,Youth,Processors,Kano,Rural,Yes,Production,Yes,Yes,WOFAN,Kano-WOFAN,BebGL0207,Female,2024-02-19,19/02/2024 21:50,19/02/2024 21:43,tun29,20/02/2024 19:12
670c9e60-57b0-4849-9533-9f53acc14392,Youth,Processors,Kano,Rural,Yes,Production,Yes,Yes,WOFAN,Kano-WOFAN,BebPMQP55,Female,2024-02-20,20/02/2024 08:44,20/02/2024 08:31,tun29,20/02/2024 19:14
a1c91bcd-ec68-4f3f-962f-4c2d9577b5d9,Youth,Processors,Jigawa,Urban,Yes,Processing,Yes,Yes,WOFAN,Jigawa-WOFAN,JahLVSU38,Female,2024-02-20,20/02/2024 18:05,20/02/2024 17:52,jah68,20/02/2024 19:15
ed79cf3c-6c0f-4eb8-bf50-f29906795aa2,Youth,Processors,Kaduna,Rural,No,---,Yes,No,WOFAN,Kaduna-WOFAN,IkaJV3G18,Female,2024-02-20,20/02/2024 19:15,20/02/2024 11:08,ika19,20/02/2024 19:16
5a454b3d-e196-4945-bd20-0e5ad323ef4d,Youth,Producers/Processors,Gombe,Rural,No,---,Yes,No,WOFAN,Gombe-WOFAN,ShoRCM656,Female,2024-02-20,20/02/2024 19:23,20/02/2024 19:06,sha03,20/02/2024 19:24
67b84331-2517-49e6-9f01-0ace4165fd29,Youth,Processors,Jigawa,Rural,Yes,Production,Yes,No,WOFAN,Jigawa-WOFAN,TauCYF606,Female,2024-02-20,20/02/2024 17:11,20/02/2024 17:05,tau25,20/02/2024 19:30
d9414a77-a686-4d9f-9115-b7b8e7798805,Youth,Processors,Jigawa,Rural,Yes,Production,Yes,No,WOFAN,Jigawa-WOFAN,TauXI8435,Female,2024-02-20,20/02/2024 17:16,20/02/2024 17:11,tau25,20/02/2024 19:30
5e6b39cd-3a5f-4b7d-a8bf-95c6b1e92a0c,Youth,Processors,Jigawa,Rural,No,---,Yes,No,WOFAN,Jigawa-WOFAN,TauD0TQ39,Female,2024-02-20,20/02/2024 18:55,20/02/2024 18:50,tau25,20/02/2024 19:30
e163f1f5-d824-4136-8d41-9ea837c16dd4,Youth,Producers,Gombe,Rural,Yes,Processing,Yes,Yes,WOFAN,Gombe-WOFAN,GomA1NN27,Female,2024-02-20,20/02/2024 18:22,20/02/2024 17:53,gom26,20/02/2024 19:33
ab553ded-9890-450b-a5ba-0beda027ee46,Youth,Producers/Processors,Kano,Rural,Yes,Production,Yes,No,WOFAN,Kano-WOFAN,BagRT1B43,Female,2024-02-20,20/02/2024 17:35,20/02/2024 17:23,bag05,20/02/2024 19:35
071f31e3-661b-4ee3-8279-f76956a24f58,Youth,Marketers,Jigawa,Rural,Yes,Processing,No,No,WOFAN,Jigawa-WOFAN,MigX7N332,Female,2024-02-20,20/02/2024 16:22,20/02/2024 16:09,jah70,20/02/2024 19:36
cfe39dc1-5898-483d-a1ef-adde44f6745e,Youth,Marketers,Kano,Rural,No,---,Yes,Yes,WOFAN,Kano-WOFAN,TudTB6F03,Female,2024-02-20,20/02/2024 17:43,20/02/2024 17:33,tun13,20/02/2024 19:36
27fea8ca-ce7a-41c2-be1e-4fbdfb8259f3,Youth,Producers/Processors,Kano,Rural,No,---,Yes,No,WOFAN,Kano-WOFAN,Bag0QMQ29,Female,2024-02-20,20/02/2024 15:45,20/02/2024 15:28,bag05,20/02/2024 19:38
854b475a-5a5b-4167-98fe-f934f8196256,Youth,Producers,Jigawa,Rural,Yes,Production,Yes,Yes,WOFAN,Jigawa-WOFAN,Tau45TF03,Female,2024-02-19,19/02/2024 09:26,19/02/2024 09:14,tau27,20/02/2024 19:38
8ae39439-17f5-4f3c-97f2-5305c6d34447,Youth,Producers,Jigawa,Rural,Yes,Production,Yes,Yes,WOFAN,Jigawa-WOFAN,TauP7D654,Female,2024-02-19,19/02/2024 14:42,19/02/2024 14:15,tau27,20/02/2024 19:38
9913b7c2-8a32-473d-9d93-779f15f2e1e7,Youth,Processors,Kano,Rural,Yes,Processing,Yes,Yes,WOFAN,Kano-WOFAN,BebEASD15,Female,2024-02-19,19/02/2024 17:18,19/02/2024 16:55,tun20,20/02/2024 19:39
dcb44658-a708-452f-b121-45878d178b0d,Youth,Marketers,Kaduna,Rural,Yes,Processing,No,No,WOFAN,Kaduna-WOFAN,IkaR1RO44,Female,2024-02-20,20/02/2024 18:41,20/02/2024 18:34,ika22,20/02/2024 19:42
92ce6cd7-1ac2-4b92-b49f-7c305b59b5a2,Youth,Processors,Kano,Rural,Yes,Processing,Yes,Yes,WOFAN,Kano-WOFAN,Beb5XWM53,Female,2024-02-20,20/02/2024 17:28,20/02/2024 16:59,tun20,20/02/2024 19:42
ca6ed031-96a1-409c-a13f-913808df107f,Youth,Producers/Processors,Kano,Rural,No,---,Yes,No,WOFAN,Kano-WOFAN,BagF6ZH44,Female,2024-02-20,20/02/2024 18:34,20/02/2024 18:19,bag10,20/02/2024 19:42
49e3ea8b-0006-4060-b199-bf10fd6a9111,Youth,Producers/Processors,Bauchi,Rural,Yes,Production,Yes,No,WOFAN,Bauchi-WOFAN,AlkAGTA11,Female,2024-02-20,20/02/2024 18:31,20/02/2024 18:17,alk02,20/02/2024 19:44
75f714b2-6203-485c-b8f2-d3fa9e91696c,Youth,Producers/Processors,Kano,Rural,No,---,Yes,No,WOFAN,Kano-WOFAN,BagOKCL48,Female,2024-02-19,19/02/2024 17:40,19/02/2024 17:28,bag10,20/02/2024 19:44
0ec5ddbb-b10b-4280-9752-d19a5233a102,Youth,Producers,Kano,Rural,Yes,Production,Yes,Yes,WOFAN,Kano-WOFAN,BebYPOH38,Female,2024-02-20,20/02/2024 16:14,20/02/2024 15:52,kir11,20/02/2024 19:47
8091f1b9-342b-489b-ae33-5d4daf634f81,Youth,Processors,Kaduna,Rural,Yes,Production,Yes,No,WOFAN,Kaduna-WOFAN,IkaXV1R12,Female,2024-02-19,19/02/2024 09:22,19/02/2024 08:53,ika27,20/02/2024 19:48
bba3bf57-c1a2-4dd6-b2c7-af4c48be32af,Youth,Producers/Processors,Jigawa,Rural,Yes,Production,Yes,No,WOFAN,Jigawa-WOFAN,Jah3BPT00,Female,2024-02-20,20/02/2024 19:48,20/02/2024 19:20,jah73,20/02/2024 19:48
5668dea5-3b41-405b-b14b-73d4be2715b2,Youth,Producers,Kano,Rural,Yes,Production,Yes,Yes,WOFAN,Kano-WOFAN,KirBEGX19,Female,2024-02-20,20/02/2024 18:02,20/02/2024 17:50,kir12,20/02/2024 19:50
1fda764e-cdd1-4bbb-ad0b-d0d9a60aecf1,Youth,Processors,Jigawa,Rural,Yes,Production,Yes,Yes,WOFAN,Jigawa-WOFAN,RinQHW942,Female,2024-02-20,20/02/2024 19:42,20/02/2024 19:34,rin27,20/02/2024 19:53
c956ba39-84a7-41ea-b845-e06dfdb62999,Youth,Producers/Processors,Jigawa,Rural,Yes,Production,No,No,WOFAN,Jigawa-WOFAN,JahHERR05,Female,2024-02-20,20/02/2024 19:54,20/02/2024 19:49,jah73,20/02/2024 19:55
805d67cc-a66f-4e1c-87bd-16e2bc687e26,Youth,Producers,Kano,Rural,Yes,Production,Yes,No,WOFAN,Kano-WOFAN,KurG0CO40,Female,2024-02-20,20/02/2024 17:29,20/02/2024 17:19,kur01,20/02/2024 19:55
eb072aad-e368-4108-a906-bb201c183e9d,Youth,Producers,Jigawa,Rural,Yes,Production,Yes,Yes,WOFAN,Jigawa-WOFAN,TauMXS655,Female,2024-02-20,20/02/2024 10:29,20/02/2024 10:13,tau27,20/02/2024 19:55
b83a3aaa-7f2c-4972-b25f-33124ab2323b,Youth,Producers,Jigawa,Rural,Yes,Production,Yes,Yes,WOFAN,Jigawa-WOFAN,TauBCY058,Female,2024-02-20,20/02/2024 14:02,20/02/2024 13:52,tau27,20/02/2024 19:56
da5457f2-5d8a-4baa-8b4c-c9933fa267e3,Youth,Producers/Processors,Jigawa,Rural,Yes,Production,Yes,No,WOFAN,Jigawa-WOFAN,Rin2CWQ57,Female,2024-02-20,20/02/2024 17:04,20/02/2024 16:50,rin19,20/02/2024 19:57
9228ad01-fd58-436c-a215-9a2e78fa674e,Youth,Producers/Processors,Kano,Rural,Yes,Production,Yes,No,WOFAN,Kano-WOFAN,TudU5Q906,Female,2024-02-19,19/02/2024 21:04,19/02/2024 20:50,tun33,20/02/2024 19:57
08d0534a-736b-41d2-a55d-c2a01c1da67f,Youth,Processors,Kaduna,Rural,No,---,Yes,No,WOFAN,Kaduna-WOFAN,IkaPXNU37,Female,2024-02-19,19/02/2024 14:06,19/02/2024 13:42,ika27,20/02/2024 19:59
e1925782-6111-402a-9da8-a0d46f4f2815,Youth,Producers/Processors,Jigawa,Rural,No,---,No,No,WOFAN,Jigawa-WOFAN,JahSLK531,Female,2024-02-20,20/02/2024 20:00,20/02/2024 19:56,jah73,20/02/2024 20:00
af9ab5cb-3503-45f6-8652-e9862c176076,Youth,Processors,Kano,Rural,Yes,Processing,Yes,Yes,WOFAN,Kano-WOFAN,BebHT4904,Female,2024-02-20,20/02/2024 15:06,20/02/2024 14:59,tun02,20/02/2024 20:05
1f42ad30-111c-42cf-802e-cdc741cd8fd8,Youth,Producers/Processors,Kano,Rural,Yes,Production,Yes,No,WOFAN,Kano-WOFAN,Tud8MIR37,Female,2024-02-20,20/02/2024 12:47,20/02/2024 12:39,tun33,20/02/2024 20:07
2db569c9-60be-4d59-9cdf-ce1a8e0e4faa,Youth,Producers/Processors,Kano,Rural,Yes,Production,No,Yes,WOFAN,Kano-WOFAN,TudDPB005,Female,2024-02-20,20/02/2024 09:10,20/02/2024 08:24,tun30,20/02/2024 20:09
3524f657-1bd6-493a-94f0-bb1b997f9366,Youth,Producers,Kano,Rural,Yes,Mechanization_service_provider,Yes,Yes,WOFAN,Kano-WOFAN,BebOAOZ15,Female,2024-02-20,20/02/2024 19:42,20/02/2024 19:22,kir09,20/02/2024 20:10
108e1f2d-6271-46b5-b918-20bd2c1f3204,Youth,Processors,Jigawa,Rural,No,---,Yes,No,WOFAN,Jigawa-WOFAN,Tau46J601,Female,2024-02-20,20/02/2024 19:53,20/02/2024 19:44,tau29,20/02/2024 20:10
276a88bc-dec5-4280-b7d0-6710e9e8f1f8,Youth,Producers/Processors,Jigawa,Rural,No,---,Yes,No,WOFAN,Jigawa-WOFAN,Tau0CPZ59,Female,2024-02-20,20/02/2024 20:02,20/02/2024 19:53,tau29,20/02/2024 20:11
f31dec63-80d8-4615-b497-98a6f5a08013,Youth,Marketers,Jigawa,Rural,Yes,Production,Yes,Yes,WOFAN,Jigawa-WOFAN,JahMG8510,Female,2024-02-20,20/02/2024 17:57,20/02/2024 16:46,jah52,20/02/2024 20:20
98e3589c-0548-4f5a-9554-c6dac87481a8,Youth,Producers,Bauchi,Urban,No,---,No,No,WOFAN,Bauchi-WOFAN,WarBOUB09,Female,2024-02-20,20/02/2024 19:09,20/02/2024 19:05,war03,20/02/2024 20:20
951c1f48-c6f3-454a-a096-db31dcd2c6fe,Youth,Producers/Processors,Jigawa,Rural,Yes,Production,Yes,Yes,WOFAN,Jigawa-WOFAN,RinPDI420,Female,2024-02-20,20/02/2024 09:00,20/02/2024 08:52,rin23,20/02/2024 20:26
20ff9dfb-0f26-424e-8f46-6dcedb38204e,Youth,Producers/Processors,Jigawa,Rural,Yes,Production,Yes,Yes,WOFAN,Jigawa-WOFAN,RinBOYX04,Female,2024-02-20,20/02/2024 14:09,20/02/2024 13:56,rin23,20/02/2024 20:26
7524b377-de5a-423a-9be4-53a4f946b2d0,Youth,Processors,Kaduna,Rural,Yes,Production,Yes,No,WOFAN,Kaduna-WOFAN,IkaH04S06,Female,2024-02-20,20/02/2024 08:43,20/02/2024 08:31,ika27,20/02/2024 20:28
304b038c-a7c3-43ee-b551-310c51b1a841,Youth,Producers/Processors,Kano,Rural,Yes,Production,Yes,No,WOFAN,Kano-WOFAN,TudFV5530,Female,2024-02-20,20/02/2024 15:31,20/02/2024 15:15,tun33,20/02/2024 20:30
34f1351f-d427-4615-b067-54649e017a93,Youth,Producers/Processors,Kano,Rural,Yes,Processing,Yes,No,WOFAN,Kano-WOFAN,TudZ2NW43,Female,2024-02-20,20/02/2024 18:01,20/02/2024 17:54,tun33,20/02/2024 20:33
8a22f5ea-cf14-4268-b106-91c631268fed,Youth,Processors,Jigawa,Rural,Yes,Production,Yes,Yes,WOFAN,Jigawa-WOFAN,Rin97MA30,Female,2024-02-20,20/02/2024 20:34,20/02/2024 20:22,rin21,20/02/2024 20:34
dfb3ac7a-3dff-41b3-b404-250f6dcb8e7e,Youth,Producers/Processors,Kaduna,Rural,Yes,Production,Yes,No,WOFAN,Kaduna-WOFAN,IkaBBBJ09,Female,2024-02-20,20/02/2024 07:23,20/02/2024 07:05,ika31,20/02/2024 20:36
0716f7d5-d061-480e-b6bf-d29d9d4a4622,Youth,Processors,Kaduna,Rural,Yes,Production,Yes,No,WOFAN,Kaduna-WOFAN,Ika7XDJ26,Female,2024-02-20,20/02/2024 12:02,20/02/2024 11:52,ika27,20/02/2024 20:36
50a76792-7184-40b4-9dff-49fc304c74d3,Youth,Producers,Kano,Rural,Yes,Production,Yes,Yes,WOFAN,Kano-WOFAN,BagWNKH25,Female,2024-02-20,20/02/2024 19:37,20/02/2024 18:28,rig02,20/02/2024 20:39
0ba43991-4fd1-4379-a909-bd75f8051bd7,Youth,Producers/Processors,Kaduna,Rural,Yes,Production,Yes,No,WOFAN,Kaduna-WOFAN,IkaRUBI28,Female,2024-02-20,20/02/2024 08:11,20/02/2024 08:01,ika31,20/02/2024 20:40
d79d37c0-db99-473a-bdb1-a21e3b6ff466,Youth,Processors,Jigawa,Rural,Yes,Processing,No,No,WOFAN,Jigawa-WOFAN,JahC2L906,Female,2024-02-20,20/02/2024 20:27,20/02/2024 20:19,jah75,20/02/2024 20:40
ff26eda1-c837-4698-8a87-41546b2a906d,Youth,Processors,Jigawa,Rural,Yes,Production,Yes,Yes,WOFAN,Jigawa-WOFAN,RinLA5C53,Female,2024-02-20,20/02/2024 15:44,20/02/2024 15:15,rin27,20/02/2024 20:45
ecced447-6b7c-47d8-9a20-289d8914fa3f,Youth,Producers/Processors,Jigawa,Rural,Yes,Production,Yes,No,WOFAN,Jigawa-WOFAN,RinDFOB11,Female,2024-02-20,20/02/2024 20:49,20/02/2024 20:39,rin12,20/02/2024 20:52
fa50b09d-cee1-4aa0-a4bf-998744410256,Youth,Producers,Kano,Rural,Yes,Production,Yes,Yes,WOFAN,Kano-WOFAN,KirNDRZ21,Female,2024-02-20,20/02/2024 20:53,20/02/2024 19:28,kir14,20/02/2024 20:53
c6cd84a0-9233-470d-a561-539a8d433f4c,Youth,Producers,Jigawa,Rural,Yes,Production,Yes,Yes,WOFAN,Jigawa-WOFAN,RinY2WV34,Female,2024-02-20,20/02/2024 18:54,20/02/2024 18:41,rin14,20/02/2024 20:53
803180f1-8ff9-4276-9470-705cd9608a78,Youth,Producers,Kano,Rural,Yes,Production,Yes,Yes,WOFAN,Kano-WOFAN,KirCW3123,Female,2024-02-20,20/02/2024 20:54,20/02/2024 19:22,kir14,20/02/2024 20:54
9bca06c6-24e8-4730-8fc6-600db09b263c,Youth,Producers,Kano,Rural,Yes,Production,Yes,Yes,WOFAN,Kano-WOFAN,KirD53702,Female,2024-02-20,20/02/2024 20:55,20/02/2024 18:51,kir14,20/02/2024 20:55
cdc6b9bd-5236-4cc0-9e71-d9439dc5d485,Youth,Producers,Kaduna,Urban,Yes,Agro-Input_Dealer,Yes,No,WOFAN,Kaduna-WOFAN,IkaXQYN28,Female,2024-02-20,20/02/2024 06:37,20/02/2024 06:31,ika18,20/02/2024 20:56
506815d9-bb25-4a03-89a0-8ae89e4dfcd6,Youth,Producers/Processors,Kaduna,Rural,Yes,Production,Yes,No,WOFAN,Kaduna-WOFAN,IkaJZ1I48,Female,2024-02-20,20/02/2024 13:21,20/02/2024 12:53,ika31,20/02/2024 20:56
3d731d6f-0bdf-4061-a012-010e8c78f09a,Youth,Producers,Jigawa,Rural,Yes,Production,No,No,WOFAN,Jigawa-WOFAN,JahE6HA44,Female,2024-02-20,20/02/2024 14:54,20/02/2024 14:48,jah42,20/02/2024 20:56
6ed3a4d4-e428-4ae5-bd4c-02f06a686b5b,Youth,Producers,Kaduna,Urban,Yes,Mechanization_service_provider,Yes,No,WOFAN,Kaduna-WOFAN,Ika9AK726,Female,2024-02-20,20/02/2024 09:28,20/02/2024 09:17,ika18,20/02/2024 21:00
ed7c4114-329b-469a-92f5-5a28c91cb1a4,Youth,Marketers,Jigawa,Rural,Yes,Agro-Trader,Yes,Yes,WOFAN,Jigawa-WOFAN,JahPTCV19,Female,2024-02-20,20/02/2024 14:17,20/02/2024 14:05,jah81,20/02/2024 21:00
fac92ece-9226-4fa1-9515-dc037c084a91,Youth,Processors,Kaduna,Rural,Yes,Processing,Yes,No,WOFAN,Kaduna-WOFAN,IkaU6FC52,Female,2024-02-20,20/02/2024 15:20,20/02/2024 14:58,ika27,20/02/2024 21:01
fb7adc85-8611-4f39-84c0-d33596afaffe,Youth,Processors,Kano,Rural,No,---,No,No,WOFAN,Kano-WOFAN,BebEA9G14,Female,2024-02-20,20/02/2024 19:28,20/02/2024 19:20,tun22,20/02/2024 21:02
670dda46-1ff7-4fe6-a50b-cd729a97b4d1,Youth,Processors,Jigawa,Rural,Yes,Production,Yes,Yes,WOFAN,Jigawa-WOFAN,RinDUPT18,Female,2024-02-20,20/02/2024 20:55,20/02/2024 20:45,rin28,20/02/2024 21:03
e00e1e47-6693-407e-9c18-ddfabb88ee38,Youth,Producers/Processors,Bauchi,Urban,Yes,Production,Yes,No,WOFAN,Bauchi-WOFAN,BauHAOF28,Female,2024-02-20,20/02/2024 15:45,20/02/2024 13:17,bau16,20/02/2024 21:07
40ca9b6f-6859-4fe0-aa0b-7474dba1f7b8,Youth,Processors,Kano,Peri_urban,Yes,Processing,Yes,No,WOFAN,Kano-WOFAN,Beb3SSG50,Female,2024-02-20,20/02/2024 18:45,20/02/2024 18:31,tun09,20/02/2024 21:09
7896593e-91da-4366-82fa-d830cee62050,Youth,Processors,Kano,Rural,No,---,No,No,WOFAN,Kano-WOFAN,Beb0B1E36,Female,2024-02-20,20/02/2024 20:01,20/02/2024 19:30,tun25,20/02/2024 21:09
351f4538-9e51-497f-8612-f36f130878b4,Youth,Producers,Jigawa,Rural,Yes,Production,Yes,Yes,WOFAN,Jigawa-WOFAN,RinY1W051,Female,2024-02-20,20/02/2024 21:09,20/02/2024 21:00,rin14,20/02/2024 21:09
04171030-3d04-4c18-bcc3-769f9437d2e3,Youth,Producers,Kano,Rural,No,---,Yes,No,WOFAN,Kano-WOFAN,BagLQM651,Female,2024-02-20,20/02/2024 21:09,20/02/2024 21:00,rig17,20/02/2024 21:09
3b935050-302e-4501-9dbc-bbaef72b0193,Youth,Processors,Kano,Peri_urban,Yes,Production,Yes,No,WOFAN,Kano-WOFAN,BebG9M522,Female,2024-02-20,20/02/2024 15:42,20/02/2024 13:27,tun09,20/02/2024 21:10
de4ad60b-c19d-48ea-950a-c75aa498710b,Youth,Marketers,Jigawa,Rural,No,---,Yes,Yes,WOFAN,Jigawa-WOFAN,Jah437952,Female,2024-02-20,20/02/2024 14:14,20/02/2024 13:29,jah80,20/02/2024 21:13
7ef6a61c-6199-4f22-aec7-91b991478454,Youth,Processors,Kaduna,Rural,Yes,Production,Yes,No,WOFAN,Kaduna-WOFAN,Ika1HZR01,Female,2024-02-20,20/02/2024 18:10,20/02/2024 17:54,ika27,20/02/2024 21:15
24992a15-2561-4ea5-868f-ba2d8b602740,Youth,Producers/Processors,Kaduna,Rural,Yes,Production,Yes,No,WOFAN,Kaduna-WOFAN,IkaA0NB57,Female,2024-02-20,20/02/2024 17:00,20/02/2024 16:47,ika31,20/02/2024 21:18
776968b2-7139-43a5-a3b9-827d2b24d415,Youth,Producers/Processors,Kaduna,Rural,Yes,Mechanization_service_provider,Yes,Yes,WOFAN,Kaduna-WOFAN,Ika30GY08,Female,2024-02-19,19/02/2024 11:49,19/02/2024 11:18,ika17,20/02/2024 21:19
802026e0-568f-4f13-9f87-537278883e43,Youth,Processors,Jigawa,Rural,Yes,Processing,Yes,Yes,WOFAN,Jigawa-WOFAN,RinAPRE57,Female,2024-02-20,20/02/2024 17:31,20/02/2024 16:53,rin24,20/02/2024 21:19
c4374697-8df1-41d1-b53b-969e5fb65532,Youth,Producers/Processors,Jigawa,Rural,No,---,No,No,WOFAN,Jigawa-WOFAN,TauMA4Z53,Female,2024-02-20,20/02/2024 19:35,20/02/2024 19:30,tau20,20/02/2024 21:21
a4fa7681-b7af-4c80-8705-a8f962e1050a,Youth,Processors,Jigawa,Rural,No,---,No,No,WOFAN,Jigawa-WOFAN,TauMY6841,Female,2024-02-20,20/02/2024 19:46,20/02/2024 19:39,tau20,20/02/2024 21:21
8cee10a3-1daa-439a-a147-08dd49aef61b,Youth,Marketers,Jigawa,Rural,No,---,No,No,WOFAN,Jigawa-WOFAN,TauT6OR30,Female,2024-02-20,20/02/2024 20:19,20/02/2024 19:35,tau20,20/02/2024 21:21
ad8d2d86-8929-4cff-8205-3fd46a268129,Youth,Marketers,Kano,Rural,No,---,No,No,WOFAN,Kano-WOFAN,KurVHX914,Female,2024-02-20,20/02/2024 18:43,20/02/2024 18:36,kur09,20/02/2024 21:23
33431fed-ed43-4320-bc88-9c2cc2a95258,Youth,Producers,Kano,Rural,No,---,Yes,Yes,WOFAN,Kano-WOFAN,TofMH4E20,Female,2024-02-20,20/02/2024 21:25,19/02/2024 16:55,tof71,20/02/2024 21:25
89fddab2-95a0-41f1-9b2f-85e7a13dd567,Youth,Processors,Kaduna,Rural,No,---,No,No,WOFAN,Kaduna-WOFAN,Ika4QAO04,Female,2024-02-20,20/02/2024 19:58,20/02/2024 19:30,ika11,20/02/2024 21:29
ec2e4d21-df5a-4ca8-8ae6-88e63d77200d,Youth,Producers/Processors,Kano,Rural,Yes,Processing,Yes,Yes,WOFAN,Kano-WOFAN,Tof3RHZ34,Female,2024-02-20,20/02/2024 21:30,20/02/2024 21:21,rig08,20/02/2024 21:30
d5b36c01-e978-4234-867f-bde474a8df34,Youth,Processors,Kano,Rural,Yes,Processing,Yes,Yes,WOFAN,Kano-WOFAN,TofK43500,Female,2024-02-20,20/02/2024 21:32,19/02/2024 17:04,tof71,20/02/2024 21:32
2a468ae9-9ac2-4464-8d2b-c8116aea8adf,Youth,Producers,Kano,Rural,Yes,Production,Yes,Yes,WOFAN,Kano-WOFAN,Beb2CKM50,Female,2024-02-20,20/02/2024 08:01,20/02/2024 07:53,kir01,20/02/2024 21:34
9d979d30-e0bd-4306-b4b5-e15fbbe91110,Youth,Producers/Processors,Jigawa,Rural,Yes,Production,No,Yes,WOFAN,Jigawa-WOFAN,RinB2VA55,Female,2024-02-20,20/02/2024 21:35,20/02/2024 21:03,rin19,20/02/2024 21:35
28bef340-eb2f-49fe-ac53-4bd3cc2b0eeb,Youth,Processors,Jigawa,Rural,Yes,Processing,Yes,Yes,WOFAN,Jigawa-WOFAN,JahO0WO24,Female,2024-02-20,20/02/2024 21:27,20/02/2024 21:20,jah83,20/02/2024 21:39
754de4f0-956b-4982-92d3-274a7701ee0c,Youth,Processors,Kaduna,Rural,No,---,Yes,No,WOFAN,Kaduna-WOFAN,Ika01E308,Female,2024-02-20,20/02/2024 20:18,20/02/2024 11:47,ika19,20/02/2024 21:41
9f5a0317-1ac3-4424-b1a5-a1a4629a5eb7,Youth,Producers,Jigawa,Rural,Yes,Production,Yes,Yes,WOFAN,Jigawa-WOFAN,Jah5P7T51,Female,2024-02-20,20/02/2024 14:37,20/02/2024 14:29,jah46,20/02/2024 21:42
2fdcc0d4-9257-44af-acf7-8f6b9639aadd,Youth,Producers,Jigawa,Rural,Yes,Production,Yes,Yes,WOFAN,Jigawa-WOFAN,JahN3WN53,Female,2024-02-20,20/02/2024 14:44,20/02/2024 14:37,jah46,20/02/2024 21:42
b9e501dd-a163-40a5-941c-78bfdca7c336,Youth,Producers,Jigawa,Rural,Yes,Production,Yes,Yes,WOFAN,Jigawa-WOFAN,JahW58Z02,Female,2024-02-20,20/02/2024 14:58,20/02/2024 14:54,jah46,20/02/2024 21:42
e98e2cf6-0362-4a6c-ab5b-2b37fdccf833,Youth,Producers,Jigawa,Rural,Yes,Production,Yes,Yes,WOFAN,Jigawa-WOFAN,Jah697F02,Female,2024-02-20,20/02/2024 17:27,20/02/2024 17:23,jah46,20/02/2024 21:43
130b070e-1a99-441b-b13a-9e8db71f277d,Youth,Producers,Jigawa,Rural,Yes,Production,Yes,Yes,WOFAN,Jigawa-WOFAN,JahJTQZ06,Female,2024-02-20,20/02/2024 17:32,20/02/2024 17:28,jah46,20/02/2024 21:43
8687538c-7e5d-4cde-a8ee-0c7e8af48879,Youth,Producers,Kano,Rural,Yes,Production,Yes,No,WOFAN,Kano-WOFAN,Kir8DBY42,Female,2024-02-20,20/02/2024 21:46,20/02/2024 21:37,kir22,20/02/2024 21:46
e3b8177c-6324-40e5-b046-75ab3897ccc7,Youth,Producers,Kano,Rural,Yes,Agro-Input_Dealer,Yes,Yes,WOFAN,Kano-WOFAN,BebYZOP25,Female,2024-02-20,20/02/2024 18:27,20/02/2024 17:45,kir13,20/02/2024 21:47
56e074d2-b28f-4f0d-8f8e-1e8f4a9b9f92,Youth,Processors,Kano,Rural,Yes,Production,Yes,Yes,WOFAN,Kano-WOFAN,Kur6TF959,Female,2024-02-20,20/02/2024 16:58,20/02/2024 16:41,kur03,20/02/2024 21:47
84bac893-acf4-4659-875d-32e8e0183c7e,Youth,Producers/Processors,Bauchi,Rural,Yes,Production,Yes,No,WOFAN,Bauchi-WOFAN,TafMS2K56,Female,2024-02-20,20/02/2024 11:43,20/02/2024 10:36,taf04,20/02/2024 21:47
d0b9dd26-3171-4bc6-a6b5-ecd356af2eef,Youth,Producers/Processors,Bauchi,Peri_urban,No,---,No,No,WOFAN,Bauchi-WOFAN,TorG37J35,Female,2024-02-20,20/02/2024 21:22,20/02/2024 21:00,tor04,20/02/2024 21:47
cbc864c9-79f4-4106-99ac-53423b51b08b,Youth,Marketers,Kano,Rural,Yes,Processing,Yes,Yes,WOFAN,Kano-WOFAN,Tud1SEQ01,Female,2024-02-20,20/02/2024 08:37,20/02/2024 08:30,tun01,20/02/2024 21:49
a10b15a3-2a28-47b9-9e52-b17a657546f9,Youth,Producers,Kano,Rural,No,---,No,No,WOFAN,Kano-WOFAN,GarECL906,Female,2024-02-20,20/02/2024 16:06,20/02/2024 15:54,bun18,20/02/2024 21:52
a393b848-9faf-4541-80c9-5beb110f3a21,Youth,Marketers,Kaduna,Rural,No,---,Yes,No,WOFAN,Kaduna-WOFAN,IkaMNLU02,Female,2024-02-20,20/02/2024 11:43,20/02/2024 11:26,ika23,20/02/2024 21:58
0fc666b7-46df-4810-98bf-43809f32be89,Youth,Producers,Kano,Rural,Yes,Production,Yes,Yes,WOFAN,Kano-WOFAN,KirE2S051,Female,2024-02-20,20/02/2024 20:11,20/02/2024 20:03,kir19,20/02/2024 21:58
ed49116d-f8a6-4f1b-a23e-7a1dc0f35837,Youth,Processors,Kano,Rural,Yes,Production,Yes,Yes,WOFAN,Kano-WOFAN,BebFQPB33,Female,2024-02-20,20/02/2024 10:49,20/02/2024 10:44,tun29,20/02/2024 22:01
f30ac8c3-efd3-4cbf-95d7-e7faf9ae29a3,Youth,Marketers,Kano,Rural,Yes,Processing,Yes,Yes,WOFAN,Kano-WOFAN,TudHG5F02,Female,2024-02-20,20/02/2024 19:57,20/02/2024 19:24,tun01,20/02/2024 22:01
4412dc3c-8cc2-4264-a973-b7e9348f1a9f,Youth,Producers,Kano,Rural,No,---,Yes,No,WOFAN,Kano-WOFAN,KirP7OG22,Female,2024-02-20,20/02/2024 21:36,20/02/2024 21:27,kir17,20/02/2024 22:04
bcbed390-d685-4591-b2c4-b1d01a15758c,Youth,Producers/Processors,Kano,Rural,Yes,Production,No,No,WOFAN,Kano-WOFAN,BebMVN742,Female,2024-02-20,20/02/2024 21:34,20/02/2024 21:26,tun31,20/02/2024 22:09
b4265160-8051-4a6e-90db-e0dc76c97bf5,Youth,Processors,Kano,Rural,No,---,No,No,WOFAN,Kano-WOFAN,TudAW3932,Female,2024-02-20,20/02/2024 11:13,20/02/2024 11:03,tun23,20/02/2024 22:12
1a0c4eb5-43ac-4933-8473-f40d28ac582c,Youth,Processors,Kano,Rural,No,---,No,No,WOFAN,Kano-WOFAN,TudOHZ442,Female,2024-02-20,20/02/2024 21:20,20/02/2024 21:13,tun23,20/02/2024 22:17
33d4f558-c913-4f2f-be71-cdf0442973ce,Youth,Processors,Kano,Rural,No,---,No,Yes,WOFAN,Kano-WOFAN,Tud9T4230,Female,2024-02-20,20/02/2024 22:18,20/02/2024 22:13,tun23,20/02/2024 22:18
6d37e623-0acc-4572-87c8-ff0d7e3a3a22,Youth,Processors,Kano,Peri_urban,Yes,Processing,Yes,Yes,WOFAN,Kano-WOFAN,BebXDYL55,Female,2024-02-20,20/02/2024 21:29,20/02/2024 21:20,tun09,20/02/2024 22:20
779e318c-3564-42bf-9f6f-e4207bbf2b00,Youth,Processors,Kano,Rural,No,---,Yes,Yes,WOFAN,Kano-WOFAN,TudH6OB53,Female,2024-02-20,20/02/2024 19:36,20/02/2024 19:26,tun17,20/02/2024 22:21
fa02491b-6d31-492a-9756-47bdb70f7dc0,Youth,Producers/Processors,Kano,Rural,Yes,Production,Yes,Yes,WOFAN,Kano-WOFAN,Tof2OOD52,Female,2024-02-20,20/02/2024 21:30,20/02/2024 21:16,tof69,20/02/2024 22:31
cfe29501-b235-4343-a398-55ec91ae7e0b,Youth,Producers,Kano,Urban,Yes,Agro-Input_Dealer,Yes,No,WOFAN,Kano-WOFAN,TofQ30I04,Female,2024-02-20,20/02/2024 21:20,20/02/2024 21:12,rig15,20/02/2024 22:33
d282683c-c9ec-4b11-a157-48ee88a788dc,Youth,Processors,Jigawa,Rural,Yes,Production,Yes,Yes,WOFAN,Jigawa-WOFAN,RinUGX348,Female,2024-02-20,20/02/2024 22:01,20/02/2024 21:55,rin27,20/02/2024 22:33
eab42c49-07e4-4cec-8179-08ff46f80f03,Youth,Producers,Kano,Rural,Yes,Production,No,Yes,WOFAN,Kano-WOFAN,BebWDB119,Female,2024-02-20,20/02/2024 22:30,20/02/2024 22:19,kir13,20/02/2024 22:33
d53ef19a-e5be-4717-a51a-9d80a80eb642,Youth,Processors,Jigawa,Rural,Yes,Production,Yes,Yes,WOFAN,Jigawa-WOFAN,RinMQXX19,Female,2024-02-20,20/02/2024 21:20,20/02/2024 21:14,rin23,20/02/2024 22:37
fe9563cb-6e7d-4e3d-a4ea-3105de0a92c5,Youth,Processors,Jigawa,Rural,No,---,Yes,No,WOFAN,Jigawa-WOFAN,RinTF3C02,Female,2024-02-20,20/02/2024 20:58,20/02/2024 20:48,rin28,20/02/2024 22:38
3af06991-ed12-417d-a956-bc2465cb3d87,Youth,Producers/Processors,Kano,Rural,Yes,Processing,No,Yes,WOFAN,Kano-WOFAN,RimAJMA36,Female,2024-02-20,20/02/2024 18:07,18/02/2024 19:57,rig16,20/02/2024 22:43
5d398f5e-5bb7-470a-a207-74f8efe9bced,Youth,Producers,Kano,Rural,No,---,No,No,WOFAN,Kano-WOFAN,Gar825037,Female,2024-02-20,20/02/2024 22:44,20/02/2024 22:39,ran10,20/02/2024 22:44
73a40dc5-08f7-4dc0-abae-0b6a0c21415a,Youth,Producers,Kano,Rural,Yes,Production,Yes,Yes,WOFAN,Kano-WOFAN,KurZSSH30,Female,2024-02-20,20/02/2024 18:41,20/02/2024 18:36,gmm54,20/02/2024 22:45
dbe76a26-e2ae-485d-b74f-0c4b761bf58d,Youth,Marketers,Jigawa,Rural,No,---,Yes,Yes,WOFAN,Jigawa-WOFAN,JahL5BT22,Female,2024-02-20,20/02/2024 21:44,20/02/2024 21:32,jah80,20/02/2024 22:47
b2777329-a11a-4eb6-8bdc-4cf29af7eb8f,Youth,Producers,Jigawa,Rural,Yes,Production,Yes,No,WOFAN,Jigawa-WOFAN,TauRMNT54,Female,2024-02-20,20/02/2024 20:29,20/02/2024 19:45,tau21,20/02/2024 22:49
f9b744c0-c45d-437e-8503-11199f9f02d8,Youth,Processors,Kano,Rural,No,---,Yes,No,WOFAN,Kano-WOFAN,RimODYM00,Female,2024-02-20,20/02/2024 21:48,20/02/2024 21:33,rig17,20/02/2024 22:49
5607a135-9bf7-490f-aed3-8773b65c18d2,Youth,Processors,Jigawa,Rural,Yes,Processing,Yes,No,WOFAN,Jigawa-WOFAN,RinCJFJ24,Female,2024-02-20,20/02/2024 07:57,20/02/2024 07:47,rin26,20/02/2024 22:51
cf9bcfb8-16ec-4120-b514-4150815dd997,Youth,Producers,Kano,Rural,Yes,Production,Yes,No,WOFAN,Kano-WOFAN,GarTY6I49,Female,2024-02-20,20/02/2024 17:37,20/02/2024 16:56,bun12,20/02/2024 22:52
959c116f-e313-435f-a36a-1dc5008b56d2,Youth,Processors,Jigawa,Rural,Yes,Production,Yes,Yes,WOFAN,Jigawa-WOFAN,Rin3HZQ18,Female,2024-02-20,20/02/2024 19:47,20/02/2024 19:29,rin26,20/02/2024 22:54
fda69e68-b441-473b-b82f-227c70e28d61,Youth,Producers,Kano,Rural,Yes,Production,Yes,Yes,WOFAN,Kano-WOFAN,Gar5PL153,Female,2024-02-20,20/02/2024 19:23,20/02/2024 19:17,gmm67,20/02/2024 22:55
a1bc34ba-7ad0-43d9-a759-5ccf4c160cd4,Youth,Producers,Kano,Rural,Yes,Production,Yes,Yes,WOFAN,Kano-WOFAN,Gar87TH01,Female,2024-02-20,20/02/2024 19:37,20/02/2024 19:24,gmm67,20/02/2024 22:55
1a6b5320-2588-418b-b4bf-08c9ddd3c107,Youth,Producers/Processors,Bauchi,Rural,Yes,Production,Yes,Yes,WOFAN,Bauchi-WOFAN,TorFXE438,Female,2024-02-20,20/02/2024 17:13,20/02/2024 16:54,tor03,20/02/2024 22:56
cdeaa100-b560-448b-a1e9-fb644d0651d3,Youth,Producers,Bauchi,Peri_urban,Yes,Production,Yes,No,WOFAN,Bauchi-WOFAN,TorK8IJ06,Female,2024-02-20,20/02/2024 16:00,20/02/2024 15:51,tor02,20/02/2024 22:56
0af4b4ec-5740-4d12-a52f-fab0c95eb992,Youth,Producers,Jigawa,Rural,No,---,Yes,No,WOFAN,Jigawa-WOFAN,Rin8Z8G06,Female,2024-02-20,20/02/2024 19:24,20/02/2024 19:14,rin13,20/02/2024 22:57
b7b8c790-c0ff-4ef4-8350-edf0e8df8aca,Youth,Producers,Bauchi,Peri_urban,Yes,Production,Yes,No,WOFAN,Bauchi-WOFAN,Tor0UMR32,Female,2024-02-20,20/02/2024 21:55,20/02/2024 21:46,tor02,20/02/2024 22:58
8602e290-9abb-4eb0-ba7e-5522780db329,Youth,Producers,Kano,Rural,Yes,Production,Yes,No,WOFAN,Kano-WOFAN,Kur7GDF57,Female,2024-02-20,20/02/2024 21:59,20/02/2024 21:49,kur12,20/02/2024 23:04
75e18b37-4ba7-48bc-ab72-8ae6d13d6f2a,Youth,Producers,Kano,Urban,Yes,Production,Yes,No,WOFAN,Kano-WOFAN,Beb9ANJ23,Female,2024-02-20,20/02/2024 15:35,20/02/2024 15:18,tun08,20/02/2024 23:13
a2f41be9-4c2f-4b2a-9150-e32b951d0cc5,Youth,Producers/Processors,Kano,Rural,Yes,Production,Yes,No,WOFAN,Kano-WOFAN,TofZMSM36,Female,2024-02-20,20/02/2024 18:48,20/02/2024 18:37,tof72,20/02/2024 23:15
dea27dbd-31a3-4ecc-808c-9f18799820c1,Youth,Marketers,Kano,Rural,No,---,Yes,No,WOFAN,Kano-WOFAN,TudH4YS36,Female,2024-02-20,20/02/2024 15:01,20/02/2024 14:44,tun05,20/02/2024 23:15
4a12438e-9ff0-46ed-902e-499c5a603475,Youth,Producers/Processors,Kano,Rural,Yes,Production,Yes,Yes,WOFAN,Kano-WOFAN,RanY1Y125,Female,2024-02-21,20/02/2024 23:18,20/02/2024 23:12,gmm61,20/02/2024 23:18
3360e788-3664-4329-9484-59e1239ab7ba,Youth,Producers/Processors,Kano,Rural,Yes,Production,Yes,No,WOFAN,Kano-WOFAN,Tud0DHV29,Female,2024-02-20,20/02/2024 21:47,20/02/2024 20:34,tun21,20/02/2024 23:22
4d4dfb07-b054-4cef-9a19-6713b6162991,Youth,Processors,Kano,Rural,No,---,No,No,WOFAN,Kano-WOFAN,KurEQOU23,Female,2024-02-20,20/02/2024 22:33,20/02/2024 22:27,kur09,20/02/2024 23:27
3d5aeae0-097c-4fa1-ba30-d6a2b1dcdda9,Youth,Marketers,Kano,Rural,Yes,Production,Yes,Yes,WOFAN,Kano-WOFAN,GarSXU900,Female,2024-02-20,20/02/2024 15:02,20/02/2024 14:53,bun14,20/02/2024 23:34
ba28c6fc-aaa1-47d4-a51f-5b5b9319ac5b,Youth,Producers,Kano,Rural,Yes,Agro-Input_Dealer,Yes,Yes,WOFAN,Kano-WOFAN,GarJ33P08,Female,2024-02-20,20/02/2024 20:34,20/02/2024 20:04,bun14,20/02/2024 23:35
15ca9ab4-7cac-41fe-9b95-2fbdea43d8a4,Youth,Processors,Kano,Rural,No,---,Yes,Yes,WOFAN,Kano-WOFAN,TofOQXD40,Female,2024-02-21,20/02/2024 23:49,20/02/2024 23:38,tof71,20/02/2024 23:49
29281548-8023-4433-b2f0-b71f79e7ef25,Youth,Marketers,Jigawa,Rural,Yes,Agro-Trader,Yes,Yes,WOFAN,Jigawa-WOFAN,Jah89AF42,Female,2024-02-20,20/02/2024 21:34,20/02/2024 21:20,jah79,21/02/2024 00:00
30fe66ef-0f1b-4144-8016-420049719b6c,Youth,Producers,Kano,Rural,Yes,Agro-Input_Dealer,Yes,Yes,WOFAN,Kano-WOFAN,TofVQTY43,Female,2024-02-20,20/02/2024 22:47,20/02/2024 22:38,rig15,21/02/2024 00:08
ecde6ada-2774-4667-8ee7-cc0457c1470f,Youth,Producers/Processors,Bauchi,Rural,Yes,Production,Yes,Yes,WOFAN,Bauchi-WOFAN,TorFUQ404,Female,2024-02-21,21/02/2024 00:12,21/02/2024 00:05,tor04,21/02/2024 00:12
f2daa0d9-58b7-4e29-838d-f7aa020eadde,Youth,Processors,Kano,Rural,No,---,Yes,No,WOFAN,Kano-WOFAN,GarGQOT22,Female,2024-02-20,20/02/2024 14:29,20/02/2024 14:16,gmm51,21/02/2024 00:39
8520e71a-c3ac-43d1-ac0e-20e5c0b057c5,Youth,Processors,Kano,Rural,No,---,Yes,No,WOFAN,Kano-WOFAN,GarM0C056,Female,2024-02-20,20/02/2024 20:53,20/02/2024 20:14,gmm51,21/02/2024 00:40
0d938cb2-a3a6-40f4-97f6-4fa709b35ed5,Youth,Producers/Processors,Gombe,Peri_urban,Yes,Processing,Yes,No,WOFAN,Gombe-WOFAN,BilV15Q46,Female,2024-02-21,21/02/2024 00:45,21/02/2024 00:20,bill03,21/02/2024 00:45
f8bfd016-fb84-45a5-9315-92971ca6e7d3,Youth,Producers/Processors,Kaduna,Rural,No,---,No,No,WOFAN,Kaduna-WOFAN,Ika6TR923,Female,2024-02-21,21/02/2024 00:46,21/02/2024 00:37,ika14,21/02/2024 00:46
c677f1c4-3546-4711-a959-ff314d60fa96,Youth,Processors,Kano,Rural,Yes,Production,Yes,Yes,WOFAN,Kano-WOFAN,RimHA5E39,Female,2024-02-20,20/02/2024 15:22,20/02/2024 14:58,rig09,21/02/2024 01:06
7ac02c27-ed83-4b61-8cac-d9d8ab333694,Youth,Processors,Kano,Rural,Yes,Production,Yes,No,WOFAN,Kano-WOFAN,RimOK9V06,Female,2024-02-21,21/02/2024 00:00,20/02/2024 23:47,rig09,21/02/2024 01:08
364a78a3-50ae-41f4-b9ac-d625e38b27b3,Youth,Producers/Processors,Kano,Rural,Yes,Production,Yes,Yes,WOFAN,Kano-WOFAN,RanY5QZ15,Female,2024-02-21,21/02/2024 01:08,21/02/2024 01:01,gmm61,21/02/2024 01:08
18674b69-12d2-471d-8eae-96d73760783b,Youth,Producers,Kano,Rural,No,---,Yes,Yes,WOFAN,Kano-WOFAN,KirSUGW02,Female,2024-02-21,20/02/2024 23:40,20/02/2024 23:32,kir17,21/02/2024 01:12
8d69a48e-838a-4930-a2c9-ebe760ce16f1,Youth,Producers,Jigawa,Rural,Yes,Production,Yes,Yes,WOFAN,Jigawa-WOFAN,JahOGOU50,Female,2024-02-21,21/02/2024 01:16,21/02/2024 01:10,jah84,21/02/2024 01:16
ca822729-7bbf-4ca3-95b0-571bffa28b46,Youth,Producers/Processors,Gombe,Peri_urban,Yes,Agro-Exporter,Yes,Yes,WOFAN,Gombe-WOFAN,BilMVZ717,Female,2024-02-21,21/02/2024 01:17,21/02/2024 00:56,bill03,21/02/2024 01:17
5aec5dd7-acd9-4502-8696-94226ecfdadf,Youth,Producers,Kano,Rural,Yes,Production,Yes,Yes,WOFAN,Kano-WOFAN,Kir6QGL21,Female,2024-02-21,20/02/2024 23:41,20/02/2024 23:34,kir19,21/02/2024 01:22
8ecb123d-66ea-457f-b40a-18c4c929acf0,Youth,Producers,Kano,Rural,Yes,Agro-Input_Dealer,Yes,No,WOFAN,Kano-WOFAN,TofPYO502,Female,2024-02-21,21/02/2024 00:18,21/02/2024 00:11,rig15,21/02/2024 02:17
302dd4f0-303a-4adc-829a-050773111e77,Youth,Producers,Kano,Rural,Yes,Production,Yes,No,WOFAN,Kano-WOFAN,Bag2JZN27,Female,2024-02-21,21/02/2024 00:56,21/02/2024 00:37,rig14,21/02/2024 02:27
1cbbf741-93e7-4b6f-9a4c-75f578e569f6,Youth,Producers,Kano,Rural,Yes,Production,Yes,Yes,WOFAN,Kano-WOFAN,Tof3HHW40,Female,2024-02-21,21/02/2024 02:29,21/02/2024 02:20,rig15,21/02/2024 02:29
4f8650e1-3bad-4dce-a49d-7cffca12642a,Youth,Producers/Processors,Kano,Rural,Yes,Production,Yes,Yes,WOFAN,Kano-WOFAN,TofAC9I28,Female,2024-02-21,20/02/2024 23:54,20/02/2024 23:30,rig08,21/02/2024 03:10
0e57f750-0fb4-4c0c-be5c-1717a0f0c659,Youth,Producers,Kano,Rural,No,---,Yes,No,WOFAN,Kano-WOFAN,KirQUT134,Female,2024-02-21,21/02/2024 01:45,21/02/2024 01:28,kir17,21/02/2024 03:33
3b98f812-1924-4d91-a282-749f58ef6cb3,Youth,Processors,Gombe,Urban,No,---,No,No,WOFAN,Gombe-WOFAN,GomFECR43,Female,2024-02-21,21/02/2024 04:26,20/02/2024 23:22,gom25,21/02/2024 04:26
d9145533-fb2d-422a-bd29-cd1136eb1e16,Youth,Producers,Kano,Rural,No,---,No,Yes,WOFAN,Kano-WOFAN,GarAMHK58,Female,2024-02-17,17/02/2024 08:13,17/02/2024 07:29,ran07,21/02/2024 04:51
1c4bea2a-77e0-41bb-b436-3b6f06fda560,Youth,Processors,Kano,Rural,No,---,No,Yes,WOFAN,Kano-WOFAN,TudK1ZR04,Female,2024-02-21,21/02/2024 04:54,20/02/2024 10:54,tun23,21/02/2024 04:54
712c6ef4-cb2d-44f9-9666-bee56aadae2e,Youth,Producers,Kano,Rural,No,---,Yes,No,WOFAN,Kano-WOFAN,Kir7ZVF27,Female,2024-02-21,21/02/2024 03:45,21/02/2024 03:38,kir17,21/02/2024 05:08
6a05cec9-fd68-4bb9-a073-e4143ee24366,Youth,Marketers,Kano,Rural,No,---,Yes,Yes,WOFAN,Kano-WOFAN,BagJAKG48,Female,2024-02-21,21/02/2024 04:27,21/02/2024 04:15,bag06,21/02/2024 05:14
097efeff-3f64-4e3d-a6d1-12d2b3da0ac0,Youth,Processors,Kano,Rural,Yes,Processing,Yes,No,WOFAN,Kano-WOFAN,TudTINJ10,Female,2024-02-20,20/02/2024 13:56,20/02/2024 13:41,tun27,21/02/2024 05:17
7046e94d-f374-4779-a8ab-a2970fe1b11e,Youth,Producers/Processors,Jigawa,Rural,Yes,Production,Yes,Yes,WOFAN,Jigawa-WOFAN,RinDG5T09,Female,2024-02-21,21/02/2024 05:21,20/02/2024 23:02,rin20,21/02/2024 05:22
c63ca065-9868-410b-b3fa-97233f5b5b10,Youth,Producers,Bauchi,Rural,No,---,Yes,No,WOFAN,Bauchi-WOFAN,TafLXO512,Female,2024-02-20,20/02/2024 09:54,20/02/2024 09:07,taf02,21/02/2024 05:27
a57ab8ad-b255-4269-be39-e6dce754f344,Youth,Processors,Kaduna,Rural,No,---,No,No,WOFAN,Kaduna-WOFAN,Ika2G0G48,Female,2024-02-21,21/02/2024 05:34,21/02/2024 05:30,ika20,21/02/2024 05:34
621a8b8d-a920-4748-8825-6c356acb83ca,Youth,Processors,Jigawa,Rural,No,---,Yes,Yes,WOFAN,Jigawa-WOFAN,JahEJV144,Female,2024-02-20,20/02/2024 19:40,20/02/2024 19:34,jah59,21/02/2024 05:49
f0a2f81e-979b-49e9-b976-4d385f132616,Youth,Processors,Jigawa,Rural,No,---,No,No,WOFAN,Jigawa-WOFAN,TauC6BQ55,Female,2024-02-21,21/02/2024 06:04,21/02/2024 06:00,tau23,21/02/2024 06:08
f71fb9a7-f42a-4269-8279-31b1ae233563,Youth,Processors,Kaduna,Rural,No,---,No,Yes,WOFAN,Kaduna-WOFAN,IkaIQI757,Female,2024-02-20,20/02/2024 14:47,20/02/2024 14:32,ika30,21/02/2024 06:09
c0ac21cb-b788-43fe-8794-f3f5f271fb3b,Youth,Marketers,Jigawa,Rural,Yes,Agro-Trader,Yes,Yes,WOFAN,Jigawa-WOFAN,JahE2H413,Female,2024-02-21,21/02/2024 05:10,21/02/2024 05:03,jah81,21/02/2024 06:33
0fab30c3-b9b6-47a1-bd51-68d93819e639,Youth,Producers,Bauchi,Rural,No,---,Yes,No,WOFAN,Bauchi-WOFAN,Taf86RV02,Female,2024-02-21,21/02/2024 06:38,21/02/2024 06:11,taf02,21/02/2024 06:38
e60502d1-0c31-42a7-abfc-dadb7a54b318,Youth,Producers,Kano,Rural,Yes,Production,Yes,Yes,WOFAN,Kano-WOFAN,Beb4K6A45,Female,2024-02-20,20/02/2024 16:35,20/02/2024 16:28,kir01,21/02/2024 06:44
7e93e92e-4bbe-47b5-808b-fc035211d390,Youth,Producers,Kano,Rural,Yes,Agro-Input_Dealer,Yes,Yes,WOFAN,Kano-WOFAN,BebXVIW43,Female,2024-02-21,21/02/2024 06:45,21/02/2024 06:33,kir09,21/02/2024 06:47
3e4aa46e-8507-4bea-bb1a-c25c389d568d,Youth,Processors,Kano,Rural,Yes,Processing,Yes,Yes,WOFAN,Kano-WOFAN,BebCRCH49,Female,2024-02-21,21/02/2024 06:56,21/02/2024 06:27,tun02,21/02/2024 06:56
e3ac50b2-4b67-42e7-af8b-aaf1a4652361,Youth,Processors,Kano,Rural,Yes,Processing,Yes,Yes,WOFAN,Kano-WOFAN,BagZK5K14,Female,2024-02-21,21/02/2024 04:45,21/02/2024 04:28,bag04,21/02/2024 07:02
9b6e17dc-6e19-4f8a-9834-407232637582,Youth,Processors,Kano,Rural,Yes,Processing,Yes,Yes,WOFAN,Kano-WOFAN,Bag8OZB41,Female,2024-02-21,21/02/2024 05:00,21/02/2024 04:45,bag04,21/02/2024 07:02
194222e0-0a79-430d-a737-2cc1c4ecc218,Youth,Processors,Kaduna,Rural,No,---,No,No,WOFAN,Kaduna-WOFAN,IkaPACX16,Female,2024-02-21,21/02/2024 07:04,21/02/2024 06:59,ika20,21/02/2024 07:04
ede78291-957d-44e1-a757-50a947bff8b9,Youth,Producers/Processors,Kano,Rural,Yes,Production,Yes,Yes,WOFAN,Kano-WOFAN,Kir5ZXB19,Female,2024-02-20,20/02/2024 21:44,20/02/2024 21:08,kir03,21/02/2024 07:06
6f307fc5-70ba-47c6-b9a0-d24f2502fa07,Youth,Processors,Kano,Rural,Yes,Agro-Trader,Yes,Yes,WOFAN,Kano-WOFAN,BagGPDH44,Female,2024-02-21,21/02/2024 06:51,21/02/2024 06:41,bag04,21/02/2024 07:06
01f9927f-dd5b-4939-8fea-2363db3e795a,Youth,Producers,Jigawa,Rural,Yes,Production,Yes,Yes,WOFAN,Jigawa-WOFAN,Rin7B7855,Female,2024-02-21,21/02/2024 07:06,21/02/2024 06:57,rin14,21/02/2024 07:19
b64dd506-2451-4ff6-b0a8-71441d14492f,Youth,Producers,Kano,Rural,Yes,Production,Yes,Yes,WOFAN,Kano-WOFAN,BebATLP28,Female,2024-02-21,21/02/2024 07:39,21/02/2024 07:29,kir12,21/02/2024 07:40
30bd2ad2-ed79-4462-af9f-d2a28aacc73d,Youth,Marketers,Kano,Rural,No,---,No,No,WOFAN,Kano-WOFAN,RimIVEU01,Male,2024-02-21,21/02/2024 07:42,21/02/2024 07:34,rig11,21/02/2024 07:42
3355624c-f297-45fc-bce3-8276f52b083c,Youth,Producers,Kano,Rural,No,---,Yes,Yes,WOFAN,Kano-WOFAN,GarYIFH24,Female,2024-02-21,21/02/2024 06:02,21/02/2024 05:54,bun21,21/02/2024 07:43
54894537-c43b-41ab-be14-b94d34d9aa4d,Youth,Processors,Jigawa,Rural,Yes,Mechanization_service_provider,No,No,WOFAN,Jigawa-WOFAN,JahWRKY53,Female,2024-02-21,21/02/2024 07:43,21/02/2024 07:36,jah73,21/02/2024 07:43
eecf733f-9efa-4412-8d22-617cfc4a58d0,Youth,Producers/Processors,Kano,Peri_urban,Yes,Processing,Yes,Yes,WOFAN,Kano-WOFAN,Kir6NF403,Female,2024-02-20,20/02/2024 16:41,20/02/2024 15:40,kir18,21/02/2024 07:46
219ff8eb-ca5a-419f-b8b2-1332cc0767fb,Youth,Producers/Processors,Bauchi,Peri_urban,Yes,Production,Yes,No,WOFAN,Bauchi-WOFAN,TorL5C250,Female,2024-02-20,20/02/2024 10:20,20/02/2024 10:10,tor05,21/02/2024 07:49
f5e09989-8c9c-428d-9b05-037bb5b732e3,Youth,Processors,Kaduna,Rural,Yes,Processing,Yes,No,WOFAN,Kaduna-WOFAN,IkaUYJG59,Female,2024-02-19,19/02/2024 17:10,19/02/2024 16:54,ika33,21/02/2024 07:55
a1ad3012-0faa-4419-8ac1-cf10c3fe435a,Youth,Producers/Processors,Kaduna,Rural,Yes,Production,Yes,No,WOFAN,Kaduna-WOFAN,Ika2PTE58,Male,2024-02-21,21/02/2024 07:55,21/02/2024 07:43,ika13,21/02/2024 07:57
4abd8f17-e585-4a02-a370-fe574f03f2f7,Youth,Producers/Processors,Jigawa,Rural,Yes,Production,No,Yes,WOFAN,Jigawa-WOFAN,RinR5PW24,Female,2024-02-20,20/02/2024 11:49,20/02/2024 11:15,rin21,21/02/2024 07:58
638e56dd-63b1-4004-9cc6-2c24d8c3cbc9,Youth,Producers/Processors,Jigawa,Rural,Yes,Production,Yes,Yes,WOFAN,Jigawa-WOFAN,RinSRNW14,Female,2024-02-20,20/02/2024 14:13,20/02/2024 14:05,rin21,21/02/2024 07:59
b1e29a8a-efba-4cfe-a241-e925b83f3f9c,Youth,Producers/Processors,Kano,Peri_urban,Yes,Agro-Input_Dealer,No,No,WOFAN,Kano-WOFAN,TudQ64U54,Male,2024-02-21,21/02/2024 08:05,21/02/2024 07:53,tun17,21/02/2024 08:05
4fc96bfc-12eb-4ab1-a958-d1905f8dafdb,Youth,Processors,Jigawa,Rural,Yes,Production,Yes,No,WOFAN,Jigawa-WOFAN,TauSJLF49,Female,2024-02-20,20/02/2024 19:52,20/02/2024 19:41,tau25,21/02/2024 08:10
c2461e3a-6101-4426-ad81-8375fe2583d1,Youth,Processors,Kano,Rural,No,---,No,No,WOFAN,Kano-WOFAN,Gar8SY155,Male,2024-02-21,21/02/2024 08:11,21/02/2024 08:04,bun20,21/02/2024 08:11
a2720de0-d1d4-4fdf-8bca-ddc576413fec,Youth,Producers,Bauchi,Rural,No,---,Yes,No,WOFAN,Bauchi-WOFAN,War9M1Z24,Male,2024-02-21,21/02/2024 08:16,21/02/2024 07:59,war05,21/02/2024 08:17
25c9ff24-0620-4fe5-8c9a-56c8d700b250,Youth,Marketers,Jigawa,Rural,No,---,Yes,No,WOFAN,Jigawa-WOFAN,JahHP1W25,Male,2024-02-21,21/02/2024 08:19,21/02/2024 08:14,jah59,21/02/2024 08:19
3c81a820-9d8b-4444-9384-fc3ad75ab1fb,Youth,Producers,Kano,Rural,Yes,Production,Yes,No,WOFAN,Kano-WOFAN,BebFQBA46,Male,2024-02-21,21/02/2024 08:19,20/02/2024 20:00,kir20,21/02/2024 08:19
0ff7b55a-762a-4311-a285-4097864a462f,Youth,Producers,Kano,Rural,Yes,Production,Yes,Yes,WOFAN,Kano-WOFAN,KirDZVW23,Female,2024-02-21,21/02/2024 06:41,21/02/2024 06:34,kir19,21/02/2024 08:21
5413b9d9-0a6b-49ed-b8a8-97ce09fb9e9e,Youth,Marketers,Kaduna,Rural,Yes,Agro-Trader,Yes,No,WOFAN,Kaduna-WOFAN,Ika0AG807,Female,2024-02-21,21/02/2024 00:25,21/02/2024 00:14,ika26,21/02/2024 08:22
43e2a894-731b-4d58-b90b-b67071377066,Youth,Producers/Processors,Kano,Peri_urban,Yes,Agro-Input_Dealer,Yes,Yes,WOFAN,Kano-WOFAN,KirJNVB58,Female,2024-02-20,20/02/2024 11:35,20/02/2024 11:25,kir18,21/02/2024 08:24
c63ba480-80ba-4901-ba8a-bb6bd72577cb,Youth,Processors,Jigawa,Rural,No,---,Yes,Yes,WOFAN,Jigawa-WOFAN,Jah79SH44,Female,2024-02-20,20/02/2024 18:58,20/02/2024 18:47,jah61,21/02/2024 08:25
c75eac73-3043-4840-9c8e-bc5764158e82,Youth,Producers,Jigawa,Rural,No,---,No,No,WOFAN,Jigawa-WOFAN,JahASXA43,Male,2024-02-21,21/02/2024 08:30,21/02/2024 08:25,jah45,21/02/2024 08:30
246cbb37-c2bf-4be5-a768-1abb8efcb5e9,Youth,Producers/Processors,Gombe,Rural,Yes,Processing,Yes,No,WOFAN,Gombe-WOFAN,ShoNLVT56,Male,2024-02-21,21/02/2024 08:30,21/02/2024 08:19,sha02,21/02/2024 08:30
04ae613d-f40d-4a33-9123-eb7174cea989,Youth,Producers/Processors,Kaduna,Rural,Yes,Production,Yes,No,WOFAN,Kaduna-WOFAN,IkaQ0PH35,Male,2024-02-21,21/02/2024 08:33,21/02/2024 08:18,ika33,21/02/2024 08:33
f79f3053-e55a-44e9-8da1-ee6b1d2bc0f8,Youth,Marketers,Jigawa,Rural,Yes,Processing,Yes,Yes,WOFAN,Jigawa-WOFAN,JahJ5C042,Female,2024-02-20,20/02/2024 18:44,20/02/2024 18:17,jah83,21/02/2024 08:34
3ce78409-ffdc-4d8d-9ba0-cc63173bd058,Youth,Producers/Processors,Gombe,Rural,No,---,No,No,WOFAN,Gombe-WOFAN,Sho4QGX19,Male,2024-02-21,21/02/2024 08:34,21/02/2024 08:26,sha03,21/02/2024 08:34
8d59c800-d9c6-49fa-8b0e-673d2f4b76f9,Youth,Producers,Kano,Rural,Yes,Production,Yes,Yes,WOFAN,Kano-WOFAN,GarS24808,Male,2024-02-21,21/02/2024 08:35,21/02/2024 08:20,bun02,21/02/2024 08:35
fc579402-7649-4fab-9108-e50d4fb27921,Youth,Marketers,Kano,Rural,No,---,Yes,Yes,WOFAN,Kano-WOFAN,Tud0ZXV18,Male,2024-02-21,21/02/2024 08:42,21/02/2024 08:15,tun25,21/02/2024 08:42
3f2c71b3-3d7f-488d-9b33-0fe369916626,Youth,Producers,Jigawa,Rural,Yes,Production,Yes,Yes,WOFAN,Jigawa-WOFAN,Jah2JQ333,Male,2024-02-21,21/02/2024 08:44,21/02/2024 08:31,jah69,21/02/2024 08:44
af82ef5a-18ba-45a6-9a52-d53a3c6469e3,Youth,Producers,Kano,Rural,No,---,Yes,Yes,WOFAN,Kano-WOFAN,Gar8SDE57,Male,2024-02-21,21/02/2024 07:58,21/02/2024 07:51,bun11,21/02/2024 08:53
111ae2b0-4ed5-4b51-bb6a-9eb36987eb2f,Youth,Producers/Processors,Kano,Rural,Yes,Production,Yes,Yes,WOFAN,Kano-WOFAN,BebG27Y57,Male,2024-02-21,21/02/2024 08:58,21/02/2024 08:36,kir15,21/02/2024 08:58
d4e5459e-c9c7-4004-8720-5981747e0837,Youth,Producers,Jigawa,Rural,Yes,Processing,Yes,No,WOFAN,Jigawa-WOFAN,TauVEB847,Female,2024-02-20,20/02/2024 21:43,20/02/2024 21:36,tau26,21/02/2024 08:59
e5d55be5-ef61-4014-b3c5-b87eb8976bb6,Youth,Processors,Gombe,Urban,No,---,Yes,No,WOFAN,Gombe-WOFAN,GomOBXX00,Male,2024-02-21,21/02/2024 08:09,21/02/2024 08:00,gom25,21/02/2024 09:02
2482a2b1-795a-44f1-aaa1-9b7025304683,Youth,Processors,Jigawa,Rural,Yes,Processing,Yes,Yes,WOFAN,Jigawa-WOFAN,RinLF1F14,Female,2024-02-21,21/02/2024 06:48,21/02/2024 06:33,rin21,21/02/2024 09:06
43a1b387-db21-4c82-84a7-806b7d5c79e7,Youth,Producers,Jigawa,Rural,Yes,Production,Yes,No,WOFAN,Jigawa-WOFAN,Tau92TX18,Male,2024-02-21,21/02/2024 09:04,21/02/2024 08:57,tau28,21/02/2024 09:07
62e6d2e6-38e0-44f9-996e-16aac6d65282,Youth,Producers,Jigawa,Rural,Yes,Production,Yes,No,WOFAN,Jigawa-WOFAN,JahFOUT42,Male,2024-02-21,21/02/2024 09:07,21/02/2024 08:55,jah39,21/02/2024 09:07
376e8ec2-5557-42c5-9f0d-b856817d1818,Youth,Producers/Processors,Gombe,Rural,No,---,Yes,No,WOFAN,Gombe-WOFAN,ShoR5QP10,Male,2024-02-21,21/02/2024 09:08,21/02/2024 09:00,sha02,21/02/2024 09:08
15f279a6-28db-4c81-b19f-d2220f8913e5,Youth,Producers,Jigawa,Rural,Yes,Production,Yes,No,WOFAN,Jigawa-WOFAN,JahLRKF58,Male,2024-02-21,21/02/2024 07:54,21/02/2024 07:49,jah67,21/02/2024 09:10
7f8da962-87fe-40e7-93e9-7dfe54cb253f,Youth,Producers,Kaduna,Urban,No,---,No,No,WOFAN,Kaduna-WOFAN,IkaF4ZP49,Male,2024-02-21,21/02/2024 09:11,21/02/2024 08:55,ika20,21/02/2024 09:11
b9cf0c96-28ee-4ce6-b43a-7e4f8dad6874,Youth,Processors,Jigawa,Rural,No,---,Yes,No,WOFAN,Jigawa-WOFAN,TauH91S30,Female,2024-02-21,21/02/2024 08:16,21/02/2024 08:11,tau25,21/02/2024 09:11
8b529fb7-1988-4232-bbb7-de3b808541a9,Youth,Processors,Jigawa,Rural,Yes,Processing,Yes,No,WOFAN,Jigawa-WOFAN,TauDWAX00,Female,2024-02-21,21/02/2024 08:20,21/02/2024 08:16,tau25,21/02/2024 09:11
ff08a6c6-c3e7-4349-b4b5-5d59d8c5e742,Youth,Processors,Jigawa,Rural,Yes,Production,Yes,No,WOFAN,Jigawa-WOFAN,TauHL9557,Female,2024-02-21,21/02/2024 08:26,21/02/2024 08:21,tau25,21/02/2024 09:11
fe1f6e63-697c-4803-ab60-3bb61801b6f4,Youth,Processors,Jigawa,Rural,No,---,Yes,No,WOFAN,Jigawa-WOFAN,TauSJB703,Female,2024-02-21,21/02/2024 08:32,21/02/2024 08:26,tau25,21/02/2024 09:12
4875c7ab-d08e-4508-8cd5-fb6f3f797184,Youth,Producers/Processors,Kano,Rural,No,---,No,No,WOFAN,Kano-WOFAN,BagHSHB38,Male,2024-02-21,21/02/2024 08:09,21/02/2024 07:50,bag05,21/02/2024 09:15
4d60013c-2549-44c3-ba75-9c334cd5e066,Youth,Processors,Jigawa,Rural,No,---,No,No,WOFAN,Jigawa-WOFAN,Jah42JI32,Male,2024-02-21,21/02/2024 08:20,21/02/2024 08:18,jah71,21/02/2024 09:18
a138a9b8-242d-4050-b12c-ba3d04bf1c62,Youth,Producers,Jigawa,Rural,Yes,Production,Yes,Yes,WOFAN,Jigawa-WOFAN,Rin2L9051,Female,2024-02-20,20/02/2024 14:53,20/02/2024 14:47,rin22,21/02/2024 09:21
dcbaaa23-0683-4b44-b424-02ac4219a64f,Youth,Processors,Kano,Rural,Yes,Processing,Yes,Yes,WOFAN,Kano-WOFAN,Gar706901,Female,2024-02-21,21/02/2024 08:41,21/02/2024 08:33,gmm66,21/02/2024 09:23
838c79ea-572f-4e7a-8ea2-1f9b60c990b2,Youth,Processors,Jigawa,Rural,Yes,Processing,Yes,Yes,WOFAN,Jigawa-WOFAN,Jah69RV35,Male,2024-02-21,21/02/2024 08:31,21/02/2024 08:13,jah47,21/02/2024 09:24
d2da4b0b-7bc5-448f-8e25-e654c1ae47f6,Youth,Producers/Processors,Jigawa,Rural,Yes,Production,Yes,Yes,WOFAN,Jigawa-WOFAN,RinKYI437,Male,2024-02-21,21/02/2024 09:28,21/02/2024 09:12,rin23,21/02/2024 09:28
1ad605aa-b92d-4993-9c9d-49943f862920,Youth,Processors,Gombe,Rural,Yes,Processing,Yes,Yes,WOFAN,Gombe-WOFAN,GomMFK332,Male,2024-02-21,21/02/2024 09:28,21/02/2024 09:10,gom26,21/02/2024 09:28
5c484f1c-5907-44ef-9964-bbe0429aedb8,Youth,Producers,Kano,Rural,Yes,Agro-Input_Dealer,Yes,Yes,WOFAN,Kano-WOFAN,GarLOHS32,Male,2024-02-21,21/02/2024 09:26,21/02/2024 08:21,gmm65,21/02/2024 09:29
8bca3951-433b-45de-8fb0-6dae02e139c5,Youth,Producers,Kano,Rural,Yes,Production,Yes,Yes,WOFAN,Kano-WOFAN,Beb4COC06,Male,2024-02-21,21/02/2024 09:31,21/02/2024 08:53,kir11,21/02/2024 09:31
80c7b100-f362-4db7-b02a-76d7af13b0e7,Youth,Processors,Kano,Rural,No,---,Yes,No,WOFAN,Kano-WOFAN,Beb0EEL17,Female,2024-02-21,21/02/2024 06:36,21/02/2024 06:24,tun24,21/02/2024 09:33
d7c2df9e-5426-4604-a844-c7f26e0555b5,Youth,Marketers,Gombe,Urban,No,---,Yes,Yes,WOFAN,Gombe-WOFAN,GomFRWO17,Male,2024-02-21,21/02/2024 09:35,21/02/2024 09:23,gom28,21/02/2024 09:35
d34a2b85-8725-4ed0-a302-93f461bcc514,Youth,Processors,Kano,Peri_urban,No,---,No,No,WOFAN,Kano-WOFAN,GarUG5X40,Male,2024-02-21,21/02/2024 09:37,21/02/2024 09:33,gmm69,21/02/2024 09:37
d1875714-dfee-4bff-947d-7f3904b5d73f,Youth,Producers/Processors,Kano,Rural,Yes,Production,Yes,No,WOFAN,Kano-WOFAN,Gar6A3640,Male,2024-02-21,21/02/2024 09:38,21/02/2024 09:19,gmm49,21/02/2024 09:38
cbaa3be3-2cc6-41a9-92c7-d58ec928cc8e,Youth,Producers/Processors,Kano,Rural,Yes,Production,Yes,No,WOFAN,Kano-WOFAN,Ran5CXB07,Male,2024-02-21,21/02/2024 09:38,21/02/2024 09:27,ran12,21/02/2024 09:38
65e463dd-03bb-4bf2-8a4f-ea78f1ce518f,Youth,Processors,Jigawa,Rural,Yes,Processing,Yes,Yes,WOFAN,Jigawa-WOFAN,TauIFYY53,Female,2024-02-20,20/02/2024 20:31,20/02/2024 19:09,tau24,21/02/2024 09:39
4d95699f-ee6e-4730-b3eb-c3dd9f04ba1d,Youth,Producers,Bauchi,Rural,No,---,Yes,Yes,WOFAN,Bauchi-WOFAN,Gan3WIE21,Male,2024-02-21,21/02/2024 09:40,21/02/2024 09:22,gan08,21/02/2024 09:40
013f09e6-bd27-45c6-9652-16657d042c2a,Youth,Producers/Processors,Kaduna,Rural,Yes,Production,Yes,No,WOFAN,Kaduna-WOFAN,Ika4ELN35,Male,2024-02-21,21/02/2024 09:43,21/02/2024 08:53,ika31,21/02/2024 09:45
0e96b39c-44b3-422c-8a01-1536a78258a2,Youth,Producers,Gombe,Rural,Yes,Production,Yes,No,WOFAN,Gombe-WOFAN,Kwa41V520,Male,2024-02-21,21/02/2024 09:50,21/02/2024 09:40,kwa29,21/02/2024 09:50
0e34ac0f-500f-4f56-86da-2fcf0c5d65db,Youth,Producers,Bauchi,Rural,No,---,Yes,No,WOFAN,Bauchi-WOFAN,Alk9Y8323,Male,2024-02-21,21/02/2024 09:46,21/02/2024 09:36,alk01,21/02/2024 09:53
d622ba13-7a50-432e-9de3-12b9e8751e57,Youth,Processors,Jigawa,Rural,Yes,Processing,Yes,Yes,WOFAN,Jigawa-WOFAN,JahT2JA30,Male,2024-02-21,21/02/2024 09:56,21/02/2024 09:52,jah41,21/02/2024 09:56
547e5e0e-fbc2-45ec-bfbb-51e64139c861,Youth,Producers,Jigawa,Rural,Yes,Production,Yes,Yes,WOFAN,Jigawa-WOFAN,RinSB2V54,Male,2024-02-21,21/02/2024 09:59,21/02/2024 09:42,rin18,21/02/2024 09:59
a9ef8309-b513-4ac8-b6f5-8e3a7aa7b37f,Youth,Producers,Kaduna,Rural,Yes,Agro-Input_Dealer,Yes,No,WOFAN,Kaduna-WOFAN,Ika1VW931,Male,2024-02-21,21/02/2024 09:58,21/02/2024 09:47,ika25,21/02/2024 10:01
603c1357-0895-44ae-b6c8-510d184b1511,Youth,Producers,Jigawa,Rural,No,---,No,No,WOFAN,Jigawa-WOFAN,JahN94K57,Male,2024-02-21,21/02/2024 10:09,21/02/2024 10:05,jah84,21/02/2024 10:09
42ef29c9-db89-4b35-8012-6ae38d72be0e,Youth,Producers/Processors,Kano,Rural,Yes,Production,Yes,Yes,WOFAN,Kano-WOFAN,Tof09MO52,Male,2024-02-21,21/02/2024 10:09,21/02/2024 09:56,rig08,21/02/2024 10:09
46894515-0e51-4d78-bbd2-d9e5fe8f155d,Youth,Processors,Jigawa,Rural,Yes,Processing,Yes,Yes,WOFAN,Jigawa-WOFAN,JahFJI945,Male,2024-02-21,21/02/2024 10:10,21/02/2024 10:01,jah55,21/02/2024 10:11
e88d5041-5314-42d7-8ad4-efe48eed11ff,Youth,Producers/Processors,Jigawa,Peri_urban,Yes,Agro-Input_Dealer,Yes,No,WOFAN,Jigawa-WOFAN,Jah6JGT11,Male,2024-02-21,21/02/2024 08:08,21/02/2024 07:49,jah60,21/02/2024 10:14
d3e8c425-19c2-4b28-8a47-ff2f2508e1de,Youth,Producers,Kano,Rural,No,---,No,No,WOFAN,Kano-WOFAN,Tud2SKH17,Male,2024-02-21,21/02/2024 09:39,21/02/2024 09:33,tun13,21/02/2024 10:19
615e647f-45bc-4676-82ab-48114f4be87a,Youth,Marketers,Kano,Peri_urban,Yes,Agro-Trader,Yes,Yes,WOFAN,Kano-WOFAN,BagHJ4543,Male,2024-02-21,21/02/2024 10:19,21/02/2024 10:03,bag09,21/02/2024 10:19
63a89303-b36e-4bfd-b6cc-442574a4e3db,Youth,Producers/Processors,Kano,Rural,Yes,Agro-Input_Dealer,Yes,Yes,WOFAN,Kano-WOFAN,TofYY8R44,Male,2024-02-21,21/02/2024 10:22,21/02/2024 10:02,rig15,21/02/2024 10:23
da66818f-29dc-4c82-9255-2d78b4d2ba45,Youth,Producers/Processors,Gombe,Rural,No,---,Yes,No,WOFAN,Gombe-WOFAN,GomD1CQ02,Male,2024-02-21,21/02/2024 10:23,21/02/2024 09:19,gom22,21/02/2024 10:23
f939ea55-38e7-4243-90af-5b90ab77536e,Youth,Processors,Kano,Rural,Yes,Mechanization_service_provider,Yes,Yes,WOFAN,Kano-WOFAN,KirI1TB53,Male,2024-02-21,21/02/2024 10:26,21/02/2024 10:16,kir02,21/02/2024 10:26
00261c11-8dd5-4d9d-94c7-ef2a9593d810,Youth,Producers/Processors,Jigawa,Rural,No,---,Yes,No,WOFAN,Jigawa-WOFAN,RinDDXH10,Male,2024-02-21,21/02/2024 08:56,21/02/2024 08:51,rin17,21/02/2024 10:26
8c3dfe82-f299-4aa4-b03b-1f454e7bf6b8,Youth,Producers,Bauchi,Urban,Yes,Production,Yes,No,WOFAN,Bauchi-WOFAN,Alk0E8C45,Male,2024-02-21,21/02/2024 10:26,21/02/2024 09:55,alk02,21/02/2024 10:26
410e8855-70e6-4802-8caf-3b4b8eb01e1d,Youth,Processors,Kano,Rural,Yes,Agro-Input_Dealer,No,Yes,WOFAN,Kano-WOFAN,BagQL8501,Male,2024-02-21,21/02/2024 08:54,21/02/2024 08:48,rig12,21/02/2024 10:27
0a48e057-330a-4e76-8b96-52105acc809f,Youth,Producers/Processors,Kano,Rural,Yes,Production,Yes,Yes,WOFAN,Kano-WOFAN,Tof8LNG54,Male,2024-02-21,21/02/2024 09:09,21/02/2024 08:38,rig06,21/02/2024 10:28
abdab26f-8478-4f57-8010-1b0942cd655a,Youth,Processors,Kaduna,Rural,Yes,Production,Yes,No,WOFAN,Kaduna-WOFAN,IkaF4ER30,Male,2024-02-21,21/02/2024 08:53,21/02/2024 08:47,ika32,21/02/2024 10:32
54efb30b-ccb7-4f4f-97da-306f435f80bc,Youth,Marketers,Gombe,Rural,No,---,No,No,WOFAN,Gombe-WOFAN,BilTURE50,Male,2024-02-21,21/02/2024 10:47,21/02/2024 10:25,bill09,21/02/2024 10:47
04dfea63-93f3-4727-bc00-c06574455fc3,Youth,Processors,Kano,Rural,Yes,Processing,Yes,No,WOFAN,Kano-WOFAN,Bag9SS421,Male,2024-02-21,21/02/2024 10:15,21/02/2024 10:07,tof71,21/02/2024 10:49
6484ba96-5606-4e19-a367-a1a770a36645,Youth,Producers/Processors,Kano,Peri_urban,Yes,Production,Yes,Yes,WOFAN,Kano-WOFAN,TofBVD142,Male,2024-02-21,21/02/2024 10:49,21/02/2024 10:39,tof69,21/02/2024 10:49
0e69f7b8-d00e-4e96-b552-e63617ea8979,Youth,Producers,Bauchi,Rural,No,---,Yes,Yes,WOFAN,Bauchi-WOFAN,TafUST934,Male,2024-02-21,21/02/2024 10:47,21/02/2024 10:06,taf02,21/02/2024 10:50
06e4a759-819d-4ccf-af91-13a79b1bf110,Youth,Producers,Kano,Rural,Yes,Production,Yes,Yes,WOFAN,Kano-WOFAN,GarOT0L31,Male,2024-02-21,21/02/2024 10:08,21/02/2024 10:00,gmm67,21/02/2024 10:52
92584bff-99d0-4596-bc86-82833bef36b3,Youth,Producers,Kano,Rural,Yes,Production,Yes,Yes,WOFAN,Kano-WOFAN,GarKF7059,Male,2024-02-21,21/02/2024 08:17,21/02/2024 07:48,bun03,21/02/2024 10:55
d794d939-d546-4d1d-9cac-695062b10344,Youth,Producers,Kano,Rural,No,---,Yes,Yes,WOFAN,Kano-WOFAN,Gar1JXQ24,Male,2024-02-21,21/02/2024 10:09,21/02/2024 10:00,bun17,21/02/2024 10:59
78a38159-91a8-4ece-8ccd-112077a7f430,Youth,Producers,Kano,Rural,Yes,Production,Yes,Yes,WOFAN,Kano-WOFAN,KirS16B21,Male,2024-02-21,21/02/2024 11:06,21/02/2024 10:56,kir14,21/02/2024 11:06
4ad7fdcf-21cb-4439-a282-fa35a6c041d8,Youth,Producers/Processors,Kano,Rural,No,---,Yes,No,WOFAN,Kano-WOFAN,BagLQBN02,Male,2024-02-21,21/02/2024 07:54,21/02/2024 07:42,bag10,21/02/2024 11:09
7d8098cd-07db-4c08-bbbe-fa98024c2200,Youth,Producers,Kaduna,Rural,Yes,Production,Yes,No,WOFAN,Kaduna-WOFAN,Ika07W703,Male,2024-02-21,21/02/2024 11:15,21/02/2024 10:54,ika22,21/02/2024 11:15
d152c670-bce0-467b-bc99-57309c958d46,Youth,Processors,Kano,Rural,No,---,No,No,WOFAN,Kano-WOFAN,BebIHYQ00,Female,2024-02-21,21/02/2024 11:02,21/02/2024 10:58,tun22,21/02/2024 11:16
cc74e793-f6fd-4d0b-be58-0806bb99a226,Youth,Producers,Jigawa,Rural,Yes,Processing,Yes,Yes,WOFAN,Jigawa-WOFAN,Jah53PK21,Male,2024-02-21,21/02/2024 11:16,21/02/2024 11:04,jah83,21/02/2024 11:16
4b093e20-48e8-4c09-8639-f451bbca4309,Youth,Producers/Processors,Jigawa,Peri_urban,Yes,Agro-Input_Dealer,Yes,Yes,WOFAN,Jigawa-WOFAN,JahQS0X39,Male,2024-02-21,21/02/2024 09:32,21/02/2024 09:25,jah56,21/02/2024 11:30
8ef40091-3d10-46f2-b22d-7e0dd7a8a4fb,Youth,Producers/Processors,Jigawa,Peri_urban,Yes,Agro-Input_Dealer,Yes,Yes,WOFAN,Jigawa-WOFAN,JahAKFW03,Male,2024-02-21,21/02/2024 09:45,21/02/2024 09:40,jah56,21/02/2024 11:30
731e1d36-a613-4fa1-bf88-6ff10634bbd0,Youth,Producers/Processors,Kano,Rural,Yes,Production,Yes,No,WOFAN,Kano-WOFAN,Dog4WLS21,Male,2024-02-21,21/02/2024 11:33,21/02/2024 11:27,kur05,21/02/2024 11:34
639c24db-534c-43b2-bf3a-9cb9bd6477ce,Youth,Producers,Kano,Rural,Yes,Production,Yes,No,WOFAN,Kano-WOFAN,GarZRYL39,Male,2024-02-21,21/02/2024 08:35,21/02/2024 08:30,kur11,21/02/2024 11:35
8069ba6e-dc1e-40cd-82fd-c01ca2810729,Youth,Producers/Processors,Kaduna,Rural,Yes,Production,Yes,No,WOFAN,Kaduna-WOFAN,IkaREVO49,Male,2024-02-21,21/02/2024 10:07,21/02/2024 09:53,ika31,21/02/2024 11:35
89cff9b1-2b28-4c25-bfa8-059986e4f3d2,Youth,Producers,Jigawa,Rural,Yes,Production,Yes,Yes,WOFAN,Jigawa-WOFAN,Jah56VH30,Male,2024-02-21,21/02/2024 08:29,21/02/2024 08:12,jah52,21/02/2024 11:36
54f585e3-ea59-4f29-92cf-3cfc31714b96,Youth,Producers/Processors,Kano,Rural,Yes,Production,Yes,No,WOFAN,Kano-WOFAN,KurLNFJ05,Male,2024-02-21,21/02/2024 09:47,20/02/2024 18:40,kur13,21/02/2024 11:37
82921855-0321-460c-bfc4-0df3c0082280,Youth,Processors,Kano,Peri_urban,Yes,Processing,Yes,Yes,WOFAN,Kano-WOFAN,GarSE1256,Male,2024-02-21,21/02/2024 11:38,21/02/2024 11:16,bun04,21/02/2024 11:43
1762e7ee-8a65-46a6-969a-fc67180c8f13,Youth,Producers,Jigawa,Rural,Yes,Production,Yes,Yes,WOFAN,Jigawa-WOFAN,JahAUBY33,Male,2024-02-21,21/02/2024 08:43,21/02/2024 08:35,jah68,21/02/2024 11:45
e3b9b9f8-9eaa-4fbc-8ca5-64b59032d81a,Youth,Processors,Jigawa,Urban,Yes,Processing,No,No,WOFAN,Jigawa-WOFAN,JahW9ZP52,Male,2024-02-21,21/02/2024 11:48,21/02/2024 11:45,jah41,21/02/2024 11:48
1f863efc-3509-4de3-9fc7-0bc512a731bc,Youth,Marketers,Jigawa,Rural,Yes,Agro-Exporter,Yes,Yes,WOFAN,Jigawa-WOFAN,JahWDUN29,Male,2024-02-21,21/02/2024 08:55,21/02/2024 08:44,jah79,21/02/2024 11:54
0db99462-a790-48ea-b20c-9833e438e2c0,Youth,Producers,Kano,Rural,Yes,Agro-Input_Dealer,Yes,Yes,WOFAN,Kano-WOFAN,BebC6OB10,Male,2024-02-21,21/02/2024 10:06,21/02/2024 09:34,kir13,21/02/2024 11:57
3e89ad25-6497-4306-a71d-d2a48f17a703,Youth,Marketers,Jigawa,Rural,Yes,Agro-Trader,Yes,Yes,WOFAN,Jigawa-WOFAN,Jah8THC26,Male,2024-02-21,21/02/2024 10:18,21/02/2024 09:58,jah81,21/02/2024 12:00
848a55c1-ceb9-40d5-8762-f594e6be14c2,Youth,Producers,Gombe,Rural,No,---,Yes,No,WOFAN,Gombe-WOFAN,BilWKNC31,Male,2024-02-21,21/02/2024 08:46,21/02/2024 08:16,bill08,21/02/2024 12:00
8c2ec518-3fa9-4b76-8268-953d5446f497,Youth,Producers,Jigawa,Rural,Yes,Production,Yes,No,WOFAN,Jigawa-WOFAN,TauO7M504,Male,2024-02-21,21/02/2024 08:49,21/02/2024 06:42,tau22,21/02/2024 12:03
96661e9f-6b9a-43c8-9114-38bc7c33b985,Youth,Producers/Processors,Kano,Rural,Yes,Production,Yes,Yes,WOFAN,Kano-WOFAN,KurS87512,Male,2024-02-21,21/02/2024 11:05,21/02/2024 10:56,kur02,21/02/2024 12:07
785c7419-6411-4507-94a2-77696ed1e0a1,Youth,Producers,Bauchi,Rural,No,---,Yes,No,WOFAN,Bauchi-WOFAN,Gan0N0520,Male,2024-02-21,21/02/2024 09:49,21/02/2024 09:43,gan11,21/02/2024 12:13
4cfd191d-e5fc-41ac-bd3d-3184daf7b45a,Youth,Producers/Processors,Bauchi,Peri_urban,Yes,Production,Yes,No,WOFAN,Bauchi-WOFAN,TorSPBN23,Male,2024-02-21,21/02/2024 09:43,21/02/2024 09:35,tor05,21/02/2024 12:21
bc3f23f5-58c6-49ac-8098-ea5f7c48f379,Youth,Producers,Kano,Rural,No,---,Yes,No,WOFAN,Kano-WOFAN,KurUNVK14,Male,2024-02-21,21/02/2024 09:41,21/02/2024 09:24,gmm51,21/02/2024 12:25
f3e1060e-d477-45e5-a7c0-03b83e34510e,Youth,Processors,Kano,Rural,Yes,Production,Yes,Yes,WOFAN,Kano-WOFAN,Gar3E9121,Male,2024-02-21,21/02/2024 10:13,21/02/2024 08:30,bun14,21/02/2024 12:27
3ec1fb3e-23b0-413d-a467-175262c10b3b,Youth,Marketers,Gombe,Rural,Yes,Agro-Trader,Yes,No,WOFAN,Gombe-WOFAN,BilWQIR13,Male,2024-02-21,21/02/2024 12:30,21/02/2024 12:21,bill05,21/02/2024 12:30
08de1178-1553-4384-a301-3c0857f5278a,Youth,Producers,Kano,Rural,No,---,Yes,No,WOFAN,Kano-WOFAN,Gar3OLO41,Female,2024-02-21,21/02/2024 09:31,21/02/2024 09:18,bun21,21/02/2024 12:32
d51a4f9d-1372-46c5-ba23-0d91b8c6c748,Youth,Producers,Gombe,Rural,Yes,Production,Yes,Yes,WOFAN,Gombe-WOFAN,BilWS2U45,Male,2024-02-21,21/02/2024 12:33,21/02/2024 12:14,bill06,21/02/2024 12:33
5ee32551-aa03-4c2c-b31c-39efe194e24b,Youth,Producers,Jigawa,Rural,Yes,Production,Yes,No,WOFAN,Jigawa-WOFAN,JahEY5Q54,Male,2024-02-21,21/02/2024 09:35,21/02/2024 09:30,jah67,21/02/2024 12:33
85f76318-f9cb-4c50-9768-79385cff2899,Youth,Producers,Kano,Rural,Yes,Production,Yes,Yes,WOFAN,Kano-WOFAN,BebMLGP57,Male,2024-02-21,21/02/2024 09:41,21/02/2024 09:32,kir07,21/02/2024 12:36
97b5ba65-a4d0-4762-9e44-c327a8fdb4d6,Youth,Producers/Processors,Kaduna,Rural,Yes,Production,Yes,No,WOFAN,Kaduna-WOFAN,IkaOQZ753,Male,2024-02-21,21/02/2024 12:37,21/02/2024 12:23,ika35,21/02/2024 12:37
dee26a19-b7fc-449a-9d37-90015c11c0f4,Youth,Producers/Processors,Kano,Peri_urban,Yes,Production,Yes,Yes,WOFAN,Kano-WOFAN,KirEPVM15,Female,2024-02-21,21/02/2024 11:16,21/02/2024 10:28,kir21,21/02/2024 12:37
96b38128-79c7-40d0-8a3b-b335e41f11f0,Youth,Producers,Kano,Rural,Yes,Agro-Input_Dealer,Yes,No,WOFAN,Kano-WOFAN,TofVL7H58,Male,2024-02-21,21/02/2024 10:47,21/02/2024 10:41,rig12,21/02/2024 12:38
6408669c-354b-4061-b952-04e8e2cae1b3,Youth,Producers/Processors,Kano,Rural,No,---,No,No,WOFAN,Kano-WOFAN,GarJH9J48,Male,2024-02-21,21/02/2024 11:09,21/02/2024 11:00,bun16,21/02/2024 12:40
62f121ee-e441-4e2e-a8be-c1dcb6b0d617,Youth,Producers/Processors,Kaduna,Rural,Yes,Production,Yes,No,WOFAN,Kaduna-WOFAN,Ika2PXC42,Male,2024-02-21,21/02/2024 11:53,21/02/2024 11:42,ika13,21/02/2024 12:44
a160194f-d17b-4ebb-9074-67a6083d9639,Youth,Producers,Jigawa,Rural,Yes,Production,No,No,WOFAN,Jigawa-WOFAN,Jah1NJA21,Male,2024-02-21,21/02/2024 12:45,21/02/2024 12:38,jah75,21/02/2024 12:45
fe7a1b46-5887-4b1f-86e0-42cf4e1643be,Youth,Producers,Kano,Rural,Yes,Production,No,No,WOFAN,Kano-WOFAN,BebRAC430,Male,2024-02-21,21/02/2024 11:15,21/02/2024 11:06,kir08,21/02/2024 12:52
c026e912-a997-43c8-a421-9a4d2b6a56b6,Youth,Producers,Jigawa,Rural,Yes,Production,Yes,No,WOFAN,Jigawa-WOFAN,JahDOMV40,Male,2024-02-21,21/02/2024 09:14,21/02/2024 08:59,jah65,21/02/2024 12:52
125de710-2fdb-4380-bb16-60eb413463b1,Youth,Producers/Processors,Kano,Rural,Yes,Production,Yes,No,WOFAN,Kano-WOFAN,Bag1TWU24,Male,2024-02-21,21/02/2024 12:58,21/02/2024 12:48,bag05,21/02/2024 12:58
bf7cde76-f8aa-4b9a-9c6b-0361a2a4dc4c,Youth,Producers/Processors,Jigawa,Rural,Yes,Agro-Input_Dealer,Yes,Yes,WOFAN,Jigawa-WOFAN,JahDW0300,Male,2024-02-21,21/02/2024 09:30,21/02/2024 07:46,jah63,21/02/2024 13:02
26729a62-112a-4815-bb36-709a67cc982b,Youth,Producers/Processors,Kano,Peri_urban,Yes,Agro-Input_Dealer,Yes,Yes,WOFAN,Kano-WOFAN,Beb0OIO22,Male,2024-02-21,21/02/2024 13:03,21/02/2024 12:43,kir21,21/02/2024 13:03
dd5d92e1-2778-487b-9ee4-7079aa0d2044,Youth,Producers,Kano,Rural,Yes,Agro-Input_Dealer,Yes,Yes,WOFAN,Kano-WOFAN,GarX68F14,Male,2024-02-21,21/02/2024 12:49,21/02/2024 12:38,bun17,21/02/2024 13:10
2581e305-774f-42b7-a46d-5c6be64653b8,Youth,Producers,Jigawa,Rural,No,---,Yes,No,WOFAN,Jigawa-WOFAN,TauO57208,Male,2024-02-21,21/02/2024 09:28,21/02/2024 09:20,tau19,21/02/2024 13:10
1a13415b-329c-4951-a5b9-94ae9a01316f,Youth,Producers,Jigawa,Rural,Yes,Production,Yes,Yes,WOFAN,Jigawa-WOFAN,Rin34PM50,Male,2024-02-21,21/02/2024 13:12,21/02/2024 13:03,rin14,21/02/2024 13:12
ccc2ba75-232e-4379-afd2-cabe7b807b07,Youth,Producers/Processors,Jigawa,Rural,Yes,Processing,No,No,WOFAN,Jigawa-WOFAN,Jah73G938,Male,2024-02-21,21/02/2024 13:13,21/02/2024 13:03,jah78,21/02/2024 13:13
70f7982e-b96b-4aee-be61-ecdb8897dac8,Youth,Producers,Jigawa,Rural,No,---,Yes,No,WOFAN,Jigawa-WOFAN,RinUKHM49,Male,2024-02-21,21/02/2024 09:24,21/02/2024 09:16,rin13,21/02/2024 13:22
7b075284-5abe-47ef-961b-6c837e27136c,Youth,Marketers,Kano,Peri_urban,Yes,Agro-Exporter,Yes,No,WOFAN,Kano-WOFAN,Beb9DTD36,Male,2024-02-21,21/02/2024 13:20,21/02/2024 13:12,tun04,21/02/2024 13:30
864addce-7024-479c-8ce1-266c31f4784e,Youth,Producers/Processors,Kano,Urban,No,---,Yes,Yes,WOFAN,Kano-WOFAN,Kur3F2O21,Male,2024-02-21,21/02/2024 11:28,21/02/2024 11:21,kur14,21/02/2024 13:33
d8e8fed0-a027-4979-b84f-ec0ed149165c,Youth,Producers/Processors,Jigawa,Rural,Yes,Production,Yes,No,WOFAN,Jigawa-WOFAN,RinKXQ553,Male,2024-02-21,21/02/2024 13:43,21/02/2024 13:34,rin19,21/02/2024 13:43
60c2a8dc-a358-43d0-a629-f08d5aff6791,Youth,Producers,Kano,Rural,No,---,Yes,No,WOFAN,Kano-WOFAN,Gar0UUK12,Male,2024-02-21,21/02/2024 11:30,21/02/2024 11:09,bun09,21/02/2024 13:48
04f51fed-994c-4573-a2af-1f59e4fe91d4,Youth,Processors,Kaduna,Rural,Yes,Processing,Yes,No,WOFAN,Kaduna-WOFAN,Ika4T0043,Male,2024-02-21,21/02/2024 08:12,21/02/2024 07:50,ika11,21/02/2024 13:51
23b6d934-e256-4440-ad28-b8aed12f9d8e,Youth,Processors,Kano,Rural,No,---,No,No,WOFAN,Kano-WOFAN,BebDLSH21,Male,2024-02-21,21/02/2024 11:43,21/02/2024 11:28,tun14,21/02/2024 14:02
9cc212c2-a5a7-4f8d-a517-7ea8f2c07688,Youth,Producers,Kano,Rural,Yes,Production,Yes,Yes,WOFAN,Kano-WOFAN,Kir3X1318,Female,2024-02-20,20/02/2024 12:09,20/02/2024 11:49,kir05,21/02/2024 14:09
386e2d5d-e7f6-47f3-b5c5-4e7d53832acb,Youth,Producers,Kano,Peri_urban,No,---,No,Yes,WOFAN,Kano-WOFAN,RanM7PL23,Male,2024-02-21,21/02/2024 14:13,21/02/2024 13:53,ran05,21/02/2024 14:13
a80a8415-b3ff-4a9b-aaa5-297d5cded1e7,Youth,Producers,Kaduna,Urban,Yes,Agro-Input_Dealer,Yes,No,WOFAN,Kaduna-WOFAN,IkaJ52G34,Male,2024-02-21,21/02/2024 11:08,21/02/2024 11:01,ika18,21/02/2024 14:18
4a530145-8375-4ee5-9550-af9efe21dd62,Youth,Producers/Processors,Kaduna,Rural,Yes,Production,Yes,Yes,WOFAN,Kaduna-WOFAN,Ika7T0347,Male,2024-02-21,21/02/2024 13:55,21/02/2024 13:28,ika12,21/02/2024 14:19
87a7acb8-1508-40d5-acfe-bd345e2503d5,Youth,Processors,Jigawa,Rural,Yes,Processing,Yes,Yes,WOFAN,Jigawa-WOFAN,JahI04P31,Male,2024-02-21,21/02/2024 09:43,21/02/2024 09:37,jah51,21/02/2024 14:27
fed7c8df-a13c-40d5-8136-20d1242d19ac,Youth,Producers/Processors,Gombe,Peri_urban,Yes,Processing,Yes,No,WOFAN,Gombe-WOFAN,BilPSQC20,Male,2024-02-21,21/02/2024 09:00,21/02/2024 08:42,bill04,21/02/2024 14:29
0ab96a49-fcd0-41fa-b004-a457a7827352,Youth,Producers/Processors,Kano,Rural,Yes,Production,Yes,Yes,WOFAN,Kano-WOFAN,KirMG7724,Female,2024-02-21,21/02/2024 07:52,21/02/2024 07:36,kir03,21/02/2024 14:31
48e988fe-f5ae-49aa-add6-3429bf634111,Youth,Producers,Kano,Rural,No,---,Yes,No,WOFAN,Kano-WOFAN,Gar0G1036,Male,2024-02-21,21/02/2024 12:25,21/02/2024 11:48,bun06,21/02/2024 14:33
899126c6-f28a-44de-b313-002cf49ec7dc,Youth,Producers/Processors,Kano,Rural,Yes,Production,Yes,No,WOFAN,Kano-WOFAN,TudLVEQ27,Male,2024-02-21,21/02/2024 12:10,21/02/2024 11:52,tun33,21/02/2024 14:34
0bc5e0c4-3e01-4453-a71e-93965706f6e1,Youth,Producers,Kano,Rural,Yes,Agro-Input_Dealer,Yes,Yes,WOFAN,Kano-WOFAN,BebL1ZM34,Male,2024-02-21,21/02/2024 14:35,21/02/2024 14:22,kir09,21/02/2024 14:37
9522e19a-720a-4f0c-b74b-955fcccc3baa,Youth,Processors,Kaduna,Rural,Yes,Processing,Yes,No,WOFAN,Kaduna-WOFAN,Ika7BNZ07,Male,2024-02-21,21/02/2024 14:40,21/02/2024 14:30,ika15,21/02/2024 14:41
01e79758-0c92-464f-8788-c5c9a7b9247a,Youth,Producers/Processors,Kano,Rural,Yes,Production,Yes,Yes,WOFAN,Kano-WOFAN,GarZ79X13,Male,2024-02-21,21/02/2024 13:51,21/02/2024 12:30,gmm61,21/02/2024 14:45
6187408c-963c-4b94-99e3-016e106967cc,Youth,Producers/Processors,Bauchi,Rural,Yes,Production,Yes,Yes,WOFAN,Bauchi-WOFAN,Tor3QT200,Male,2024-02-21,21/02/2024 09:35,21/02/2024 09:23,tor03,21/02/2024 14:46
4a42cb08-94e1-4048-b604-3c52c1731866,Youth,Producers/Processors,Kaduna,Rural,Yes,Production,Yes,No,WOFAN,Kaduna-WOFAN,IkaN2B925,Male,2024-02-21,21/02/2024 09:16,21/02/2024 08:32,ika34,21/02/2024 14:46
678712ca-374e-4e2c-b131-feeb92f73249,Youth,Producers,Jigawa,Rural,Yes,Production,Yes,Yes,WOFAN,Jigawa-WOFAN,RinUFQL40,Male,2024-02-21,21/02/2024 11:52,21/02/2024 11:19,rin15,21/02/2024 14:47
01d76940-a0dd-49dc-945d-1f3b825f91c8,Youth,Processors,Jigawa,Rural,No,---,No,No,WOFAN,Jigawa-WOFAN,JahG65R35,Male,2024-02-21,21/02/2024 14:48,21/02/2024 14:44,jah59,21/02/2024 14:48
5a24d776-b3d7-4882-9aaa-dec24feb02c8,Youth,Processors,Bauchi,Rural,Yes,Processing,Yes,No,WOFAN,Bauchi-WOFAN,DasFDIG36,Male,2024-02-21,21/02/2024 10:44,21/02/2024 10:28,das08,21/02/2024 14:53
bad2f09f-9b7a-4700-b673-8ecc707d2197,Youth,Producers/Processors,Bauchi,Peri_urban,No,---,Yes,No,WOFAN,Bauchi-WOFAN,Tor143B29,Male,2024-02-21,21/02/2024 11:00,21/02/2024 10:26,tor04,21/02/2024 14:58
41cb9bce-99cb-479c-b1c7-b890f0c37ca8,Youth,Producers/Processors,Jigawa,Rural,Yes,Production,Yes,Yes,WOFAN,Jigawa-WOFAN,RinUOYY06,Male,2024-02-21,21/02/2024 14:57,21/02/2024 14:43,rin20,21/02/2024 15:00
f476b247-fd65-4d40-a5fe-0e06c7444ae5,Youth,Producers/Processors,Jigawa,Rural,Yes,Production,Yes,Yes,WOFAN,Jigawa-WOFAN,JahQUHL22,Male,2024-02-21,21/02/2024 13:47,21/02/2024 13:33,jah66,21/02/2024 15:02
0055c440-bb67-43ca-9637-c2d58fc86924,Youth,Processors,Jigawa,Rural,Yes,Processing,Yes,No,WOFAN,Jigawa-WOFAN,JahQLEZ55,Male,2024-02-21,21/02/2024 13:50,21/02/2024 13:42,jah67,21/02/2024 15:02
4ed602d7-c17f-4ef0-a490-dbd14f9c2cd0,Youth,Producers,Kano,Rural,Yes,Production,Yes,Yes,WOFAN,Kano-WOFAN,GarBEWW24,Male,2024-02-21,21/02/2024 13:10,21/02/2024 12:31,bun07,21/02/2024 15:03
5f0e0a9a-bb5d-425b-b5c0-e42315baa924,Youth,Processors,Kano,Rural,No,---,No,No,WOFAN,Kano-WOFAN,BebERWI46,Male,2024-02-21,21/02/2024 14:55,21/02/2024 14:46,tun24,21/02/2024 15:04
d9ba4c06-b0fd-419b-9b3b-9134da659ec9,Youth,Producers/Processors,Kano,Rural,Yes,Production,Yes,No,WOFAN,Kano-WOFAN,TofJ3W834,Male,2024-02-21,21/02/2024 09:34,21/02/2024 09:16,tof72,21/02/2024 15:05
e6a350b5-75b1-4164-bfda-8f533e3c5668,Youth,Producers,Jigawa,Rural,Yes,Production,Yes,No,WOFAN,Jigawa-WOFAN,TauDEQM29,Male,2024-02-21,21/02/2024 10:37,21/02/2024 10:29,tau21,21/02/2024 15:05
860b8479-682b-496d-bcce-8e6d400f2a02,Youth,Producers,Jigawa,Rural,Yes,Production,Yes,Yes,WOFAN,Jigawa-WOFAN,RinTL4436,Male,2024-02-21,21/02/2024 11:48,21/02/2024 11:35,rin16,21/02/2024 15:06
a199eb7b-44d6-469b-92c9-e8036d0ce092,Youth,Marketers,Gombe,Rural,Yes,Agro-Trader,Yes,No,WOFAN,Gombe-WOFAN,KalTWM002,Male,2024-02-21,21/02/2024 15:09,21/02/2024 14:47,kal19,21/02/2024 15:10
a3c11e74-bd44-428a-9341-07cb615bde18,Youth,Producers,Bauchi,Peri_urban,Yes,Production,Yes,No,WOFAN,Bauchi-WOFAN,TorYK7018,Male,2024-02-21,21/02/2024 09:37,21/02/2024 09:23,tor02,21/02/2024 15:16
55177558-c363-49f1-bf2c-1480c319879a,Youth,Producers/Processors,Bauchi,Rural,No,---,No,No,WOFAN,Bauchi-WOFAN,Gan9YML04,Male,2024-02-21,21/02/2024 13:02,21/02/2024 12:55,gan09,21/02/2024 15:19
0a930c58-2480-4692-998b-8472bc53a553,Youth,Producers,Jigawa,Rural,No,---,Yes,No,WOFAN,Jigawa-WOFAN,JahLNR512,Male,2024-02-21,21/02/2024 15:19,21/02/2024 15:04,jah40,21/02/2024 15:19
d53fea74-d9ea-472f-9df1-386103bb72e3,Youth,Producers,Gombe,Rural,No,---,No,No,WOFAN,Gombe-WOFAN,ShoPQHE16,Male,2024-02-21,21/02/2024 07:55,21/02/2024 07:46,sha01,21/02/2024 15:20
9ee82288-a1ce-46de-a5d2-8d9683cc5f0c,Youth,Producers,Bauchi,Rural,No,---,No,No,WOFAN,Bauchi-WOFAN,War4TMM44,Male,2024-02-21,21/02/2024 11:52,21/02/2024 11:46,war03,21/02/2024 15:23
c99c0eb5-26be-4a07-b937-e6fb24f4b0cd,Youth,Processors,Kaduna,Rural,No,---,No,No,WOFAN,Kaduna-WOFAN,Ika0HLQ39,Male,2024-02-21,21/02/2024 11:48,21/02/2024 11:36,ika19,21/02/2024 15:24
d52fe26c-c564-4571-9f82-be8f66cf590d,Youth,Producers,Gombe,Rural,No,---,Yes,No,WOFAN,Gombe-WOFAN,KalH7TB13,Male,2024-02-21,21/02/2024 09:40,21/02/2024 09:28,kal15,21/02/2024 15:24
8c8f6bee-9b7c-4f15-bf75-d03dec562d69,Youth,Producers/Processors,Kano,Rural,Yes,Production,No,Yes,WOFAN,Kano-WOFAN,Beb8QEW47,Male,2024-02-21,21/02/2024 13:24,21/02/2024 13:15,tun12,21/02/2024 15:28
75683063-0ef8-4c64-a264-fc59400c7f51,Youth,Processors,Kano,Rural,No,---,No,No,WOFAN,Kano-WOFAN,TudO7WN23,Male,2024-02-21,21/02/2024 15:29,21/02/2024 15:24,tun15,21/02/2024 15:29
f3352781-5a3b-4163-b1c8-f4965cd83de9,Youth,Producers/Processors,Jigawa,Rural,Yes,Production,Yes,Yes,WOFAN,Jigawa-WOFAN,RinU83X44,Male,2024-02-21,21/02/2024 11:15,21/02/2024 10:38,rin12,21/02/2024 15:30
5162d61e-18fc-4e85-8814-41ce758320c7,Youth,Producers/Processors,Bauchi,Rural,No,---,No,No,WOFAN,Bauchi-WOFAN,WarZW3804,Male,2024-02-21,21/02/2024 11:55,21/02/2024 11:47,war04,21/02/2024 15:37
ed6e5d6c-60c1-48ef-8653-d5f22e3a7e01,Youth,Processors,Jigawa,Rural,Yes,Production,Yes,Yes,WOFAN,Jigawa-WOFAN,Rin6NDR02,Male,2024-02-21,21/02/2024 12:54,21/02/2024 12:38,rin25,21/02/2024 15:37
e112d0bd-bef8-4036-996a-3dbbaa6ffcdb,Youth,Producers/Processors,Kaduna,Rural,No,---,No,No,WOFAN,Kaduna-WOFAN,Ika2QAT20,Male,2024-02-21,21/02/2024 11:34,21/02/2024 11:28,ika21,21/02/2024 15:38
a69d5213-495d-45ed-a814-51bf219eab5f,Youth,Processors,Kano,Rural,Yes,Agro-Trader,Yes,Yes,WOFAN,Kano-WOFAN,Bag0Z5Q10,Male,2024-02-21,21/02/2024 15:38,21/02/2024 15:30,bag04,21/02/2024 15:39
0f81d382-f6e1-4c67-bc8c-2e565d89a21a,Youth,Producers,Kano,Rural,Yes,Agro-Input_Dealer,Yes,Yes,WOFAN,Kano-WOFAN,BebSZPE34,Male,2024-02-21,21/02/2024 11:29,21/02/2024 11:22,tun20,21/02/2024 15:41
d6f5cda5-a09c-45fb-93ed-451dfb59dab0,Youth,Processors,Kano,Rural,Yes,Processing,Yes,Yes,WOFAN,Kano-WOFAN,BebSIF253,Male,2024-02-21,21/02/2024 11:39,21/02/2024 11:32,tun20,21/02/2024 15:41
cf799b3d-1785-47dd-8076-4ba9daae1ca4,Youth,Producers/Processors,Jigawa,Rural,Yes,Processing,Yes,Yes,WOFAN,Jigawa-WOFAN,Jah9V3H56,Male,2024-02-21,21/02/2024 15:43,21/02/2024 15:33,jah49,21/02/2024 15:43
b02b9181-dc9e-4304-ae27-551672e1354f,Youth,Producers,Jigawa,Rural,Yes,Production,Yes,Yes,WOFAN,Jigawa-WOFAN,TauVW8V11,Male,2024-02-21,21/02/2024 09:41,21/02/2024 09:31,tau27,21/02/2024 15:43
45512c3e-1f1a-484e-ad6f-2bb2552384b2,Youth,Producers,Jigawa,Rural,Yes,Production,Yes,Yes,WOFAN,Jigawa-WOFAN,RinCMRR43,Male,2024-02-21,21/02/2024 14:02,21/02/2024 13:57,rin11,21/02/2024 15:43
0ea43437-a862-4658-9f12-de4558ac70be,Youth,Producers/Processors,Bauchi,Rural,Yes,Production,Yes,No,WOFAN,Bauchi-WOFAN,BauZ28R53,Male,2024-02-21,21/02/2024 15:43,21/02/2024 15:34,bau11,21/02/2024 15:43
2bf4ef0e-4992-4fd5-8b74-5a7ee54306fb,Youth,Producers,Kano,Rural,Yes,Agro-Input_Dealer,Yes,Yes,WOFAN,Kano-WOFAN,KirOUK847,Male,2024-02-21,21/02/2024 08:41,21/02/2024 08:15,kir04,21/02/2024 15:56
ad09088e-abb0-4900-8132-04d3698763f0,Youth,Producers,Kano,Rural,Yes,Production,Yes,No,WOFAN,Kano-WOFAN,BebNXFG16,Male,2024-02-21,21/02/2024 15:57,21/02/2024 15:45,kir22,21/02/2024 15:57
893da944-420f-480a-a2bf-e21499a80954,Youth,Producers,Kano,Rural,Yes,Agro-Input_Dealer,Yes,No,WOFAN,Kano-WOFAN,GarU96E59,Male,2024-02-21,21/02/2024 09:51,21/02/2024 09:23,bun12,21/02/2024 16:07
b03a50e7-eb5b-4f35-b164-cc28a68969c4,Youth,Producers,Kano,Rural,No,---,Yes,Yes,WOFAN,Kano-WOFAN,GarCVPE29,Male,2024-02-21,21/02/2024 14:07,21/02/2024 13:57,kur07,21/02/2024 16:08
d9b4570f-472c-46fd-b8c5-589b5c65691d,Youth,Marketers,Gombe,Rural,Yes,Agro-Exporter,Yes,Yes,WOFAN,Gombe-WOFAN,KalNO8018,Male,2024-02-21,21/02/2024 10:09,21/02/2024 09:30,kal14,21/02/2024 16:14
662fc316-171f-4878-8f61-5f025f9be795,Youth,Producers,Kano,Rural,No,---,Yes,No,WOFAN,Kano-WOFAN,Kir67X414,Male,2024-02-21,21/02/2024 14:22,21/02/2024 14:09,kir17,21/02/2024 16:16
759b4e46-04d1-47b5-8e04-affe0ac7e633,Youth,Processors,Kano,Rural,Yes,Production,No,Yes,WOFAN,Kano-WOFAN,BebZQMX01,Male,2024-02-21,21/02/2024 16:17,21/02/2024 16:04,tun23,21/02/2024 16:17
8f4fc18f-c442-4a17-a6d7-d1e984dc1a18,Youth,Marketers,Kano,Peri_urban,No,---,No,No,WOFAN,Kano-WOFAN,Bag1P4G28,Male,2024-02-21,21/02/2024 09:50,21/02/2024 09:37,bag01,21/02/2024 16:22
e920423a-8d27-44b9-99df-8f1f827506b3,Youth,Producers,Kano,Rural,Yes,Production,Yes,No,WOFAN,Kano-WOFAN,BebSMWL50,Male,2024-02-21,21/02/2024 16:28,21/02/2024 15:30,kir10,21/02/2024 16:28
94ff43bf-ceca-461d-8da8-bffc27233fef,Youth,Producers/Processors,Jigawa,Rural,Yes,Production,Yes,Yes,WOFAN,Jigawa-WOFAN,JahH7KU17,Male,2024-02-21,21/02/2024 16:30,21/02/2024 16:21,jah54,21/02/2024 16:31
5d910397-7475-498f-86a0-0cab5127cd29,Youth,Producers,Kano,Rural,Yes,Production,Yes,Yes,WOFAN,Kano-WOFAN,BebCLEZ03,Female,2024-02-21,21/02/2024 09:03,21/02/2024 08:08,kir01,21/02/2024 16:32
2885b223-9ed4-4089-a260-89ef1417c8aa,Youth,Producers,Kano,Rural,Yes,Production,Yes,Yes,WOFAN,Kano-WOFAN,BebWQSA58,Female,2024-02-21,21/02/2024 09:15,21/02/2024 09:05,kir01,21/02/2024 16:33
3970f9cb-ac5b-4ba1-b059-9514f4c6958b,Youth,Marketers,Kaduna,Rural,Yes,Agro-Trader,Yes,No,WOFAN,Kaduna-WOFAN,Ika0R1A09,Male,2024-02-21,21/02/2024 16:25,21/02/2024 16:10,ika29,21/02/2024 16:33
09a0d361-5bef-4b63-81a9-038c72d0bebd,Youth,Producers/Processors,Kano,Rural,Yes,Production,Yes,Yes,WOFAN,Kano-WOFAN,RimCELK09,Male,2024-02-21,21/02/2024 16:17,21/02/2024 16:03,rig06,21/02/2024 16:33
54672353-6e19-4183-ae59-a0da92926a50,Youth,Marketers,Jigawa,Rural,No,---,Yes,Yes,WOFAN,Jigawa-WOFAN,JahDHDL41,Male,2024-02-21,21/02/2024 11:45,21/02/2024 11:16,jah80,21/02/2024 16:36
8e0d19b7-4b83-4e84-a82f-3048d3c64bd9,Youth,Producers,Kano,Rural,No,---,No,No,WOFAN,Kano-WOFAN,GarT3H939,Male,2024-02-21,21/02/2024 16:36,21/02/2024 16:30,bun20,21/02/2024 16:36
6c8f378d-a4b3-438c-9024-b64089e8976a,Youth,Producers,Jigawa,Rural,Yes,Mechanization_service_provider,Yes,Yes,WOFAN,Jigawa-WOFAN,RinGSIC20,Male,2024-02-21,21/02/2024 13:44,21/02/2024 13:30,rin24,21/02/2024 16:36
34210578-0a17-4b05-a403-cf4e125a6716,Youth,Processors,Kaduna,Rural,Yes,Production,Yes,No,WOFAN,Kaduna-WOFAN,Ika3MFO04,Male,2024-02-21,21/02/2024 12:44,21/02/2024 12:30,ika27,21/02/2024 16:38
f2d15ace-ee85-4233-b0c1-3df057af1594,Youth,Producers,Kano,Rural,Yes,Production,No,No,WOFAN,Kano-WOFAN,BebCDLX06,Male,2024-02-21,21/02/2024 16:09,21/02/2024 16:02,kir08,21/02/2024 16:39
fdcce89e-7e40-4f8c-b7a7-835843919525,Youth,Marketers,Kaduna,Urban,Yes,Agro-Input_Dealer,Yes,Yes,WOFAN,Kaduna-WOFAN,Ika22GZ15,Female,2024-02-21,21/02/2024 12:46,21/02/2024 12:17,ika17,21/02/2024 16:40
637e9aaa-c24a-4dc6-bd98-a8044fc7f242,Youth,Processors,Kaduna,Rural,Yes,Agro-Input_Dealer,Yes,No,WOFAN,Kaduna-WOFAN,IkaCCKG05,Male,2024-02-21,21/02/2024 10:29,21/02/2024 09:53,ika28,21/02/2024 16:44
97a87ec2-1455-45e9-92af-124973f3aba7,Youth,Processors,Jigawa,Rural,Yes,Processing,Yes,No,WOFAN,Jigawa-WOFAN,RinF55Z03,Male,2024-02-21,21/02/2024 14:40,21/02/2024 14:34,rin26,21/02/2024 16:44
c1f0dd77-236f-4249-a1e8-8e8370d6567f,Youth,Processors,Kaduna,Rural,Yes,Agro-Input_Dealer,Yes,No,WOFAN,Kaduna-WOFAN,IkaPGMS04,Male,2024-02-21,21/02/2024 14:23,21/02/2024 14:14,ika28,21/02/2024 16:46
9dca58d6-644f-4a3f-bdda-ffd10f307a76,Youth,Producers,Kano,Rural,Yes,Agro-Input_Dealer,No,Yes,WOFAN,Kano-WOFAN,RanZCXK27,Male,2024-02-21,21/02/2024 15:41,21/02/2024 15:28,ran07,21/02/2024 16:49
1673de2e-5273-46a2-b00e-2f41498ad5f0,Youth,Producers/Processors,Kaduna,Rural,Yes,Production,Yes,No,WOFAN,Kaduna-WOFAN,IkaOR5848,Male,2024-02-21,21/02/2024 09:07,21/02/2024 09:02,ika16,21/02/2024 16:50
f9e39067-1400-414e-9f7f-252ae4f888dc,Youth,Producers,Kano,Rural,Yes,Production,Yes,Yes,WOFAN,Kano-WOFAN,BebN5R637,Male,2024-02-21,21/02/2024 13:45,21/02/2024 13:37,kir19,21/02/2024 16:50
4bd3da00-bbe7-4ae6-941d-f55c814bd81f,Youth,Processors,Jigawa,Rural,Yes,Processing,Yes,Yes,WOFAN,Jigawa-WOFAN,TauC8TI40,Male,2024-02-21,21/02/2024 16:55,21/02/2024 16:42,tau24,21/02/2024 16:56
390a067d-44f9-4792-a336-4dfeab642efc,Youth,Producers/Processors,Kaduna,Rural,Yes,Production,Yes,Yes,WOFAN,Kaduna-WOFAN,IkaLZD721,Male,2024-02-21,21/02/2024 09:12,21/02/2024 08:43,ika36,21/02/2024 17:00
80c4da54-ecf9-4131-9534-c015f84abb32,Youth,Producers,Gombe,Rural,No,---,Yes,Yes,WOFAN,Gombe-WOFAN,KalCLLT27,Male,2024-02-21,21/02/2024 17:05,21/02/2024 16:53,kal16,21/02/2024 17:05
8881a9e0-1ac8-458e-9bb6-35e068916dc7,Youth,Producers/Processors,Kano,Peri_urban,Yes,Production,Yes,Yes,WOFAN,Kano-WOFAN,BebJOD727,Male,2024-02-21,21/02/2024 15:13,21/02/2024 15:07,kir21,21/02/2024 17:05
278fd58d-98ed-46e1-a7b0-06db6afff83a,Youth,Producers,Kano,Rural,Yes,Production,Yes,No,WOFAN,Kano-WOFAN,BebAKA049,Male,2024-02-21,21/02/2024 16:33,21/02/2024 16:12,tun08,21/02/2024 17:10
68b7e417-3213-4fce-9338-9508cdf86f9f,Youth,Producers,Kano,Rural,No,---,Yes,No,WOFAN,Kano-WOFAN,KurFRY520,Male,2024-02-21,21/02/2024 15:46,21/02/2024 15:31,kur04,21/02/2024 17:11
5ec7d09a-bb55-4869-b60c-00bfcde64d78,Youth,Marketers,Kaduna,Rural,Yes,Agro-Trader,Yes,No,WOFAN,Kaduna-WOFAN,IkaQB8324,Male,2024-02-21,21/02/2024 17:11,21/02/2024 16:49,ika26,21/02/2024 17:12
10d0a55e-ca59-431a-8720-fbd71b48603d,Youth,Marketers,Kano,Rural,Yes,Agro-Trader,No,No,WOFAN,Kano-WOFAN,Tud8LVK00,Male,2024-02-21,21/02/2024 09:41,21/02/2024 09:33,tun11,21/02/2024 17:12
73fd2a83-514f-4176-b93e-8f5e267aa979,Youth,Processors,Jigawa,Rural,Yes,Agro-Input_Dealer,Yes,Yes,WOFAN,Jigawa-WOFAN,JahBMU712,Male,2024-02-21,21/02/2024 16:09,21/02/2024 16:04,jah56,21/02/2024 17:12
cb312261-f074-4833-85ab-5949ee8c6d22,Youth,Producers,Kano,Rural,Yes,Production,Yes,Yes,WOFAN,Kano-WOFAN,Kur0XDL59,Male,2024-02-21,21/02/2024 08:16,21/02/2024 07:39,gmm54,21/02/2024 17:14
76285a20-4f88-439a-a044-3dbd56b6ee21,Youth,Producers/Processors,Jigawa,Rural,Yes,Agro-Input_Dealer,Yes,Yes,WOFAN,Jigawa-WOFAN,JahI8ZL48,Male,2024-02-21,21/02/2024 12:49,21/02/2024 12:40,jah44,21/02/2024 17:19
0058d33f-d687-491b-a4ea-9b10210e5657,Youth,Producers,Kano,Rural,Yes,Production,Yes,Yes,WOFAN,Kano-WOFAN,GarDQSN48,Male,2024-02-21,21/02/2024 11:20,21/02/2024 10:55,gmm48,21/02/2024 17:26
028870bb-9feb-4aae-b0ee-ea5afc0ce8bf,Youth,Processors,Kano,Rural,Yes,Production,Yes,Yes,WOFAN,Kano-WOFAN,BebVC2V01,Male,2024-02-21,21/02/2024 14:06,21/02/2024 14:00,tun29,21/02/2024 17:28
7e0832fe-ec93-4edb-a752-0c6c438e704a,Youth,Processors,Kano,Rural,Yes,Processing,Yes,Yes,WOFAN,Kano-WOFAN,BebY8RO51,Male,2024-02-21,21/02/2024 17:28,21/02/2024 17:23,tun02,21/02/2024 17:28
a792673b-02ed-4541-af2e-64b9bd84bbe0,Youth,Marketers,Gombe,Rural,No,---,Yes,No,WOFAN,Gombe-WOFAN,Kal88YF38,Male,2024-02-21,21/02/2024 09:56,21/02/2024 09:40,kal12,21/02/2024 17:33
d79515df-a2e0-4d6a-b954-7a5be9baeaa3,Youth,Processors,Gombe,Rural,Yes,Processing,Yes,Yes,WOFAN,Gombe-WOFAN,GomS8E857,Male,2024-02-21,21/02/2024 17:38,21/02/2024 17:24,gom26,21/02/2024 17:38
15833642-e3f6-447b-8820-2f9ff6ff9c17,Youth,Processors,Kano,Peri_urban,No,---,No,No,WOFAN,Kano-WOFAN,BebTZQD32,Male,2024-02-21,21/02/2024 14:48,21/02/2024 14:37,tun26,21/02/2024 17:39
eda83360-130d-4a33-85b9-f5c021f5ae40,Youth,Marketers,Gombe,Rural,No,---,No,No,WOFAN,Gombe-WOFAN,BilI99B22,Male,2024-02-21,21/02/2024 10:51,21/02/2024 10:35,bill02,21/02/2024 17:45
f1be4225-ec55-41ce-9b39-635dbe304367,Youth,Producers/Processors,Kano,Rural,No,---,Yes,No,WOFAN,Kano-WOFAN,Beb7PE011,Male,2024-02-21,21/02/2024 17:37,21/02/2024 17:31,tun22,21/02/2024 17:46
0f1396cb-23bd-45b3-ba4a-6fca75870c62,Youth,Processors,Jigawa,Rural,Yes,Processing,Yes,No,WOFAN,Jigawa-WOFAN,TauGME826,Male,2024-02-21,21/02/2024 12:09,21/02/2024 12:01,tau25,21/02/2024 17:47
da0d9d36-f7f5-49d0-ac92-1aa85caa7ec5,Youth,Producers,Kano,Rural,No,---,Yes,No,WOFAN,Kano-WOFAN,TofVDCS13,Male,2024-02-21,21/02/2024 16:02,21/02/2024 15:54,rig12,21/02/2024 17:47
0e5e96cf-30a1-445a-a628-8b7475675ae5,Youth,Marketers,Jigawa,Rural,No,---,No,No,WOFAN,Jigawa-WOFAN,MigVC1B45,Female,2024-02-21,21/02/2024 10:22,21/02/2024 10:02,jah70,21/02/2024 17:55
ffa6c7ac-c827-46f0-90b5-7fa88ef1b83f,Youth,Processors,Jigawa,Rural,No,---,No,No,WOFAN,Jigawa-WOFAN,MigPP3332,Female,2024-02-21,21/02/2024 10:53,21/02/2024 10:45,jah70,21/02/2024 17:56
55dcb025-eb59-4682-996a-482f5cb678bf,Youth,Producers,Kano,Rural,Yes,Agro-Input_Dealer,Yes,No,WOFAN,Kano-WOFAN,RimN2NU39,Male,2024-02-21,21/02/2024 14:54,21/02/2024 14:49,rig05,21/02/2024 18:01
e06d353d-af34-41c4-a395-afd1dd4b7cf2,Youth,Marketers,Gombe,Urban,No,---,No,No,WOFAN,Gombe-WOFAN,GomPOKI40,Male,2024-02-21,21/02/2024 18:01,21/02/2024 17:47,gom23,21/02/2024 18:01
8cedc8c2-341f-4c23-a9a7-e17134ace2b3,Youth,Producers/Processors,Kano,Rural,Yes,Production,Yes,No,WOFAN,Kano-WOFAN,Tud1EJB16,Male,2024-02-21,21/02/2024 09:17,21/02/2024 08:57,tun18,21/02/2024 18:13
7102d04a-f01c-4c23-ac2e-108188827eee,Youth,Processors,Jigawa,Rural,No,---,Yes,No,WOFAN,Jigawa-WOFAN,Tau2XX404,Female,2024-02-21,21/02/2024 10:48,21/02/2024 10:01,tau23,21/02/2024 18:30
fafd2ecf-0014-42f4-bd26-2f2048442dc7,Youth,Producers,Kano,Rural,Yes,Production,Yes,Yes,WOFAN,Kano-WOFAN,KirLYXC48,Male,2024-02-21,21/02/2024 14:48,21/02/2024 14:39,kir16,21/02/2024 18:33
d475fcce-6d2e-4a07-a9e5-bf32af5fd87b,Youth,Producers,Kano,Rural,Yes,Production,Yes,Yes,WOFAN,Kano-WOFAN,BebYPYM42,Male,2024-02-21,21/02/2024 18:44,21/02/2024 18:35,kir01,21/02/2024 18:44
4f95f1d0-0571-448c-b782-275a97fd7993,Youth,Producers,Kano,Rural,No,---,No,No,WOFAN,Kano-WOFAN,Gar6UGV39,Male,2024-02-21,21/02/2024 18:44,21/02/2024 18:40,ran02,21/02/2024 18:45
5eb481af-40fd-4a01-b122-a28e5b54550d,Youth,Producers/Processors,Jigawa,Rural,Yes,Production,Yes,Yes,WOFAN,Jigawa-WOFAN,JahI86J57,Male,2024-02-21,21/02/2024 08:40,21/02/2024 08:30,jah50,21/02/2024 18:55
f6f1efae-9424-4022-9c03-f7ef1d9f9af1,Youth,Producers/Processors,Kano,Peri_urban,Yes,Production,Yes,Yes,WOFAN,Kano-WOFAN,KirW5SX31,Female,2024-02-21,21/02/2024 11:07,21/02/2024 10:18,kir18,21/02/2024 18:58
4ba6e22b-c5da-4b9c-a1c2-58558220c771,Youth,Marketers,Kano,Peri_urban,Yes,Agro-Trader,Yes,Yes,WOFAN,Kano-WOFAN,BagBXS555,Male,2024-02-21,21/02/2024 19:07,21/02/2024 18:58,bag09,21/02/2024 19:07
8acbb287-148c-4ed8-8696-8d431298e04d,Youth,Marketers,Gombe,Rural,Yes,Processing,Yes,No,WOFAN,Gombe-WOFAN,BilVSGS17,Male,2024-02-21,21/02/2024 14:56,21/02/2024 14:45,bill03,21/02/2024 19:11
3c7a2317-230e-40cb-b589-2272c47f00d6,Youth,Producers,Gombe,Rural,Yes,Production,Yes,No,WOFAN,Gombe-WOFAN,Sho0IKV35,Male,2024-02-21,21/02/2024 14:49,21/02/2024 14:29,sha04,21/02/2024 19:12
354afaa6-c824-44b3-833a-68e852446b31,Youth,Producers/Processors,Jigawa,Peri_urban,Yes,Agro-Input_Dealer,Yes,Yes,WOFAN,Jigawa-WOFAN,Jah4EOL15,Male,2024-02-21,21/02/2024 17:20,21/02/2024 17:15,jah56,21/02/2024 19:17
820ec4d3-6c90-4013-90ed-7cdcbba13090,Youth,Producers/Processors,Jigawa,Peri_urban,Yes,Agro-Input_Dealer,Yes,Yes,WOFAN,Jigawa-WOFAN,JahS0TK24,Male,2024-02-21,21/02/2024 19:13,21/02/2024 19:07,jah56,21/02/2024 19:19
0fc75eb0-2ea2-4c01-bd65-8a59df07f85c,Youth,Producers,Kano,Rural,No,---,Yes,No,WOFAN,Kano-WOFAN,TudDE4H48,Male,2024-02-21,21/02/2024 12:26,21/02/2024 11:55,tun05,21/02/2024 19:21
7d0b8c7d-6ed7-4432-8624-4aa097e1444d,Youth,Producers,Jigawa,Rural,Yes,Production,Yes,Yes,WOFAN,Jigawa-WOFAN,Rin2V4K56,Male,2024-02-21,21/02/2024 16:52,21/02/2024 16:39,rin22,21/02/2024 19:22
68cab704-839d-4348-bf82-c7f3d966f1eb,Youth,Processors,Kano,Rural,No,---,Yes,Yes,WOFAN,Kano-WOFAN,TudTWEK02,Male,2024-02-21,21/02/2024 16:36,21/02/2024 16:26,tun27,21/02/2024 19:25
4e604f41-6258-4e06-bc6e-c1c3eaae20c0,Youth,Producers,Gombe,Rural,Yes,Production,Yes,Yes,WOFAN,Gombe-WOFAN,AkkEA6V39,Male,2024-02-21,21/02/2024 15:51,21/02/2024 15:37,akk02,21/02/2024 19:30
faa98c71-a902-4210-8ec3-2158cf08ea95,Youth,Producers/Processors,Jigawa,Rural,No,---,No,No,WOFAN,Jigawa-WOFAN,JahFFIU53,Male,2024-02-21,21/02/2024 11:22,21/02/2024 11:16,jah64,21/02/2024 19:31
b52eb4f0-cd86-4f44-a9b1-fff948b0d659,Youth,Marketers,Kano,Urban,Yes,Processing,Yes,Yes,WOFAN,Kano-WOFAN,Tud4OA831,Male,2024-02-21,21/02/2024 17:39,21/02/2024 17:33,tun01,21/02/2024 19:32
940c5185-9090-4ebd-9d5d-2466562f08c3,Youth,Processors,Kaduna,Rural,No,---,No,No,WOFAN,Kaduna-WOFAN,Ika32H146,Female,2024-02-21,21/02/2024 11:54,21/02/2024 11:40,ika30,21/02/2024 19:35
828fcd1a-4d03-47c7-82b3-9f672fbd634e,Youth,Producers,Kano,Rural,Yes,Production,Yes,No,WOFAN,Kano-WOFAN,MadAXL853,Male,2024-02-21,21/02/2024 16:39,21/02/2024 16:22,kur06,21/02/2024 19:49
b9f0a7da-81e2-43dd-bdbc-0512ed51b355,Youth,Producers,Kaduna,Rural,No,---,Yes,No,WOFAN,Kaduna-WOFAN,IkaMOKL59,Male,2024-02-21,21/02/2024 08:55,21/02/2024 08:17,ika23,21/02/2024 19:52
2cf37fd6-e03a-429b-bc66-91915de803f8,Youth,Producers,Kano,Rural,Yes,Production,No,No,WOFAN,Kano-WOFAN,BebA34016,Male,2024-02-21,21/02/2024 19:50,21/02/2024 19:45,kir05,21/02/2024 19:53
edcb8d53-24b6-4182-ac69-a37ad4720b16,Youth,Producers/Processors,Kano,Rural,Yes,Production,Yes,Yes,WOFAN,Kano-WOFAN,BagJWVK05,Male,2024-02-21,21/02/2024 10:07,21/02/2024 09:36,rig04,21/02/2024 19:55
23600453-239c-4c53-a615-9e54db81d6fc,Youth,Producers/Processors,Kano,Rural,Yes,Production,Yes,Yes,WOFAN,Kano-WOFAN,BagQ86Q09,Male,2024-02-21,21/02/2024 14:13,21/02/2024 11:45,rig04,21/02/2024 19:56
2e9fa133-0312-49d6-b2f9-139591d3db78,Youth,Processors,Jigawa,Rural,Yes,Production,Yes,Yes,WOFAN,Jigawa-WOFAN,RinMLFC52,Male,2024-02-21,21/02/2024 17:19,21/02/2024 13:04,rin27,21/02/2024 19:56
189f38d5-65b0-40a9-848d-d7f52722bb88,Youth,Processors,Kano,Rural,Yes,Processing,No,No,WOFAN,Kano-WOFAN,TudC25W06,Female,2024-02-20,20/02/2024 11:58,20/02/2024 11:29,tun19,21/02/2024 19:57
96a66143-c60e-4de6-905c-86f9a283b442,Youth,Processors,Kano,Rural,No,---,No,No,WOFAN,Kano-WOFAN,BagZXSL09,Male,2024-02-21,21/02/2024 18:05,21/02/2024 17:57,bag01,21/02/2024 19:59
0c441ea7-87ba-4acc-bff0-6c45e201dec0,Youth,Processors,Kano,Rural,Yes,Production,No,No,WOFAN,Kano-WOFAN,BebJ42040,Male,2024-02-21,21/02/2024 16:16,21/02/2024 15:50,tun19,21/02/2024 20:00
5032a28f-40a6-46f6-a8d7-9dcd4c10d755,Youth,Processors,Kano,Peri_urban,No,---,Yes,No,WOFAN,Kano-WOFAN,Tof8IXS33,Male,2024-02-21,21/02/2024 19:09,21/02/2024 18:59,rig03,21/02/2024 20:02
a0a6f3bd-87d6-47a1-9da7-5aae7f8f8f77,Youth,Producers/Processors,Kano,Rural,Yes,Production,Yes,Yes,WOFAN,Kano-WOFAN,TofMR6027,Male,2024-02-21,21/02/2024 17:55,21/02/2024 17:47,rig08,21/02/2024 20:03
de031e4d-01ea-41cb-9d9e-70754271d6aa,Youth,Producers/Processors,Kano,Rural,Yes,Processing,Yes,Yes,WOFAN,Kano-WOFAN,RimLUSS08,Male,2024-02-21,21/02/2024 15:13,21/02/2024 14:58,rig07,21/02/2024 20:12
e6acefe3-a8d2-4d7c-9958-55cca9a0781d,Youth,Producers/Processors,Kano,Rural,Yes,Mechanization_service_provider,Yes,Yes,WOFAN,Kano-WOFAN,RimKQCK35,Male,2024-02-21,21/02/2024 15:23,21/02/2024 15:14,rig07,21/02/2024 20:13
0519f003-02e3-4cdc-ac6c-29d160f7f27a,Youth,Producers,Kano,Rural,Yes,Production,Yes,No,WOFAN,Kano-WOFAN,KurG0GK34,Male,2024-02-21,21/02/2024 15:54,21/02/2024 15:43,kur01,21/02/2024 20:20
8a0852c0-b03a-476f-809e-02b39244d708,Youth,Processors,Kano,Rural,Yes,Production,Yes,Yes,WOFAN,Kano-WOFAN,KurZYF949,Male,2024-02-21,21/02/2024 13:33,21/02/2024 13:23,kur03,21/02/2024 20:26
da9af7e7-26df-4bfa-ac93-c12b6327bb33,Youth,Marketers,Jigawa,Rural,No,---,Yes,No,WOFAN,Jigawa-WOFAN,Tau2LZ415,Female,2024-02-21,21/02/2024 20:17,21/02/2024 18:40,tau23,21/02/2024 20:31
7cd7a33c-dad3-4c3c-a95b-ff01d3f86a1b,Youth,Producers,Kano,Peri_urban,Yes,Production,Yes,Yes,WOFAN,Kano-WOFAN,BebFXSU09,Male,2024-02-21,21/02/2024 20:31,21/02/2024 20:16,kir06,21/02/2024 20:32
d9e63097-53a6-432d-8b7f-c2ef1d9f8d44,Youth,Processors,Kano,Rural,No,---,No,No,WOFAN,Kano-WOFAN,GarM8D918,Female,2024-02-17,17/02/2024 20:11,17/02/2024 20:03,gmm64,21/02/2024 20:57
9055a699-7318-450a-83f7-59b3e17826ad,Youth,Producers/Processors,Kano,Rural,Yes,Production,Yes,No,WOFAN,Kano-WOFAN,Beb67SD45,Male,2024-02-21,21/02/2024 20:58,21/02/2024 20:48,tun21,21/02/2024 20:58
c13fbea0-8ad5-43c6-a4da-b3d0dff2c363,Youth,Producers,Kano,Rural,Yes,Production,Yes,Yes,WOFAN,Kano-WOFAN,KurCQ2H02,Female,2024-02-20,20/02/2024 14:17,20/02/2024 14:02,gmm52,21/02/2024 20:59
dbbc71ae-18c1-42eb-8f68-f343f8e32141,Youth,Producers/Processors,Kano,Rural,Yes,Processing,Yes,Yes,WOFAN,Kano-WOFAN,Bag108M21,Male,2024-02-21,21/02/2024 16:37,21/02/2024 16:23,rig02,21/02/2024 21:14
96bea0b4-3d7b-4b82-9938-64307e90491a,Youth,Processors,Jigawa,Rural,No,---,Yes,No,WOFAN,Jigawa-WOFAN,JahUF8604,Female,2024-02-21,21/02/2024 11:25,21/02/2024 11:11,jah61,21/02/2024 21:15
c8b8c4cf-f22d-44f2-85bc-7da8873a9333,Youth,Producers,Kano,Peri_urban,No,---,No,Yes,WOFAN,Kano-WOFAN,Gar16SN27,Male,2024-02-21,21/02/2024 12:13,21/02/2024 10:20,ran01,21/02/2024 21:15
aff6cec4-a1f2-49bb-b9b5-9aea1d559559,Youth,Producers,Kano,Rural,No,---,Yes,No,WOFAN,Kano-WOFAN,GarQLXN48,Male,2024-02-21,21/02/2024 10:00,21/02/2024 09:38,bun18,21/02/2024 21:20
69df4fe9-85ab-4caa-a378-d3e084d5e1a4,Youth,Producers,Kaduna,Rural,No,---,No,No,WOFAN,Kaduna-WOFAN,IkaER9U55,Male,2024-02-21,21/02/2024 15:45,21/02/2024 15:36,ika14,21/02/2024 21:24
e9d16774-2c07-4869-8f41-66b1ce8576b8,Youth,Producers,Jigawa,Rural,Yes,Production,Yes,No,WOFAN,Jigawa-WOFAN,TauS2HN30,Male,2024-02-21,21/02/2024 14:57,21/02/2024 14:49,tau20,21/02/2024 21:28
373ddbe9-8b31-41be-85d6-603381cbb1ed,Youth,Producers,Jigawa,Rural,Yes,Processing,Yes,Yes,WOFAN,Jigawa-WOFAN,Rin3SI750,Male,2024-02-21,21/02/2024 21:43,21/02/2024 21:33,rin21,21/02/2024 21:43
54e32cd3-fff1-43a3-8286-b160a18932b7,Youth,Marketers,Kaduna,Rural,No,---,No,Yes,WOFAN,Kaduna-WOFAN,IkaPBAD53,Male,2024-02-21,21/02/2024 14:31,21/02/2024 14:17,ika30,21/02/2024 21:43
41100213-9759-4fca-ae79-ed79c3317e6f,Youth,Processors,Kano,Rural,Yes,Processing,Yes,No,WOFAN,Kano-WOFAN,BebOOKP26,Male,2024-02-21,21/02/2024 14:16,21/02/2024 13:54,tun09,21/02/2024 21:52
303c6c9f-4414-4259-8f44-be7c83fde760,Youth,Processors,Jigawa,Rural,No,---,Yes,No,WOFAN,Jigawa-WOFAN,JahQ27M35,Female,2024-02-21,21/02/2024 16:08,21/02/2024 16:01,jah61,21/02/2024 21:53
63b379d2-7c4a-41f9-b350-4650406cea6b,Youth,Producers,Kano,Rural,Yes,Agro-Input_Dealer,Yes,No,WOFAN,Kano-WOFAN,GarLP4P16,Male,2024-02-21,21/02/2024 20:22,21/02/2024 20:03,kur12,21/02/2024 22:02
6e7606ff-34f5-433e-9cb9-e12c00242a37,Youth,Producers,Kano,Rural,Yes,Production,Yes,No,WOFAN,Kano-WOFAN,Bag0W4753,Male,2024-02-21,21/02/2024 20:15,21/02/2024 19:56,rig15,21/02/2024 22:03
7c9afe1a-ff2f-4eac-a71f-8352aa1dd86b,Youth,Producers/Processors,Kano,Rural,Yes,Production,No,No,WOFAN,Kano-WOFAN,Beb8Q0M35,Male,2024-02-21,21/02/2024 22:18,21/02/2024 22:08,tun31,21/02/2024 22:18
c31f7e55-307c-4829-b437-d444fd962ed0,Youth,Producers/Processors,Jigawa,Rural,Yes,Production,Yes,Yes,WOFAN,Jigawa-WOFAN,Jah5X5Y35,Male,2024-02-21,21/02/2024 16:00,21/02/2024 15:55,jah72,21/02/2024 22:21
82f150a1-efcb-4aa8-bc03-eecb280a4490,Youth,Marketers,Kano,Rural,No,---,No,No,WOFAN,Kano-WOFAN,Kur4EFL47,Male,2024-02-21,21/02/2024 15:48,21/02/2024 15:42,kur09,21/02/2024 22:35
8e76108c-329a-4b9f-9e0e-4c71cf72d7f1,Youth,Producers,Kano,Peri_urban,Yes,Production,Yes,No,WOFAN,Kano-WOFAN,BebIST952,Male,2024-02-21,21/02/2024 17:04,21/02/2024 16:42,kir06,21/02/2024 23:09
254cdff4-faf0-4200-922e-ccff8d05e044,Youth,Processors,Kano,Rural,No,---,No,No,WOFAN,Kano-WOFAN,BagP4RS42,Male,2024-02-21,21/02/2024 11:12,21/02/2024 11:02,bag01,21/02/2024 23:10
6fc2c7e6-e482-4f61-b6eb-68cf00713821,Youth,Producers/Processors,Kano,Rural,Yes,Production,Yes,No,WOFAN,Kano-WOFAN,TudNNXW51,Male,2024-02-21,21/02/2024 20:18,21/02/2024 20:09,tun32,21/02/2024 23:12
21a079ac-9bfe-46c7-b8a4-9c4771fbfd4c,Youth,Producers,Bauchi,Rural,No,---,Yes,No,WOFAN,Bauchi-WOFAN,Alk67MI20,Male,2024-02-22,21/02/2024 23:28,21/02/2024 22:54,alk03,21/02/2024 23:49
f938d139-c51d-440c-a8e0-218707fcf566,Youth,Producers,Kano,Rural,No,---,Yes,No,WOFAN,Kano-WOFAN,KirV2HR45,Male,2024-02-22,21/02/2024 23:12,21/02/2024 23:04,kir17,22/02/2024 00:49
2ed45bff-d4af-4632-bc2a-dbb0a0e6c63f,Youth,Producers,Kano,Rural,Yes,Production,Yes,Yes,WOFAN,Kano-WOFAN,TofGGD754,Male,2024-02-21,21/02/2024 22:04,21/02/2024 21:41,rig14,22/02/2024 00:49
2c316706-6864-474f-ac98-ae08a552256a,Youth,Producers,Kano,Rural,Yes,Production,Yes,Yes,WOFAN,Kano-WOFAN,BebKNZI19,Male,2024-02-21,21/02/2024 20:29,21/02/2024 20:22,kir12,22/02/2024 05:49
d055633e-d3ba-4b59-8256-7839dbccee81,Youth,Producers,Bauchi,Peri_urban,Yes,Production,Yes,No,WOFAN,Bauchi-WOFAN,Bau88OW48,Male,2024-02-22,22/02/2024 06:20,22/02/2024 06:07,bau15,22/02/2024 06:21
65c4345c-5878-45ee-ac40-862bdfe5a688,Youth,Producers/Processors,Bauchi,Urban,Yes,Production,Yes,No,WOFAN,Bauchi-WOFAN,Bau0U3G31,Male,2024-02-21,21/02/2024 21:22,21/02/2024 21:01,bau16,22/02/2024 06:48
9f304afa-f9d6-479d-b5b8-ca23088621ab,Youth,Producers/Processors,Kaduna,Urban,Yes,Production,No,No,WOFAN,Kaduna-WOFAN,IkaKA9508,Male,2024-02-21,21/02/2024 09:16,21/02/2024 09:08,ika24,22/02/2024 07:06
05dde40b-6a55-46b3-bbdd-0b2dbb250fdb,Youth,Producers,Kano,Rural,Yes,Production,Yes,Yes,WOFAN,Kano-WOFAN,BebOYXI02,Male,2024-02-22,22/02/2024 06:01,22/02/2024 05:56,kir12,22/02/2024 07:23
c8601253-f027-42c3-a7f6-578b2268535d,Youth,Producers/Processors,Kano,Rural,Yes,Production,Yes,No,WOFAN,Kano-WOFAN,RimU96607,Male,2024-02-21,21/02/2024 10:10,21/02/2024 10:00,rig07,22/02/2024 07:24
daaf4d71-14b5-4c00-b667-f9e260615879,Youth,Producers,Kano,Rural,Yes,Production,Yes,No,WOFAN,Kano-WOFAN,Beb7V0S42,Male,2024-02-22,22/02/2024 07:30,22/02/2024 07:06,kir22,22/02/2024 07:30
3814560c-ed5e-4c3b-b0ad-1c2757868a71,Youth,Producers,Kano,Urban,No,---,No,No,WOFAN,Kano-WOFAN,RanEOL440,Male,2024-02-22,22/02/2024 08:13,22/02/2024 08:09,ran09,22/02/2024 08:13
196c4cdc-3073-4d78-ab88-8e1b2627d18c,Youth,Processors,Kano,Rural,No,---,Yes,No,WOFAN,Kano-WOFAN,Gar8Z6X24,Male,2024-02-22,22/02/2024 07:02,22/02/2024 06:35,gmm64,22/02/2024 08:22
b0af4c4d-ecf3-4759-83c3-82e25a711f49,Youth,Processors,Jigawa,Rural,Yes,Production,Yes,Yes,WOFAN,Jigawa-WOFAN,RinWNHE32,Male,2024-02-22,22/02/2024 08:38,22/02/2024 08:32,rin28,22/02/2024 08:38
3884f1dd-6236-43e5-a813-5add5382ebc2,Youth,Producers,Jigawa,Rural,No,---,No,No,WOFAN,Jigawa-WOFAN,JahENCR19,Male,2024-02-22,22/02/2024 08:57,22/02/2024 08:46,jah84,22/02/2024 08:57
8b185c04-9ac1-4e75-b83a-11e9c9c02832,Youth,Producers/Processors,Jigawa,Rural,Yes,Processing,No,No,WOFAN,Jigawa-WOFAN,JahPHVL15,Male,2024-02-22,22/02/2024 09:12,22/02/2024 08:59,jah43,22/02/2024 09:13
df50ff2b-91d2-4fba-9643-e693bf2be913,Youth,Processors,Kano,Rural,Yes,Processing,Yes,Yes,WOFAN,Kano-WOFAN,BagHOFU15,Male,2024-02-21,21/02/2024 20:19,21/02/2024 20:05,bag06,22/02/2024 09:32
451a8b4e-a96e-4c32-b35e-2a12befd9f87,Youth,Processors,Kano,Rural,Yes,Processing,Yes,Yes,WOFAN,Kano-WOFAN,BebGR1I32,Male,2024-02-21,22/02/2024 05:55,21/02/2024 22:56,tun28,22/02/2024 10:02
f7e68048-a5bc-42af-9144-e23819978b8d,Youth,Producers,Jigawa,Rural,No,---,Yes,No,WOFAN,Jigawa-WOFAN,TauJPB148,Male,2024-02-22,22/02/2024 10:28,22/02/2024 10:18,tau29,22/02/2024 10:33
90d4ce58-0ef5-4843-9654-a2b4ed846939,Youth,Producers/Processors,Kano,Rural,Yes,Agro-Trader,Yes,No,WOFAN,Kano-WOFAN,RimF8GK56,Male,2024-02-21,21/02/2024 17:21,21/02/2024 16:48,rig09,22/02/2024 10:38
d66198ec-fc4b-4712-9628-b6515856c555,Youth,Processors,Jigawa,Rural,No,---,No,No,WOFAN,Jigawa-WOFAN,JahMFZG06,Male,2024-02-21,21/02/2024 20:51,21/02/2024 20:47,jah59,22/02/2024 10:43
64b64c76-3028-47d6-a0a7-09f0689e9f91,Youth,Producers/Processors,Kano,Rural,No,---,No,No,WOFAN,Kano-WOFAN,Bag1TE232,Male,2024-02-22,22/02/2024 11:04,22/02/2024 10:59,bag05,22/02/2024 11:04
c5971005-1a64-45f1-95c4-206d5c7dcbb2,Youth,Producers,Bauchi,Peri_urban,Yes,Production,Yes,Yes,WOFAN,Bauchi-WOFAN,BauN6E817,Male,2024-02-22,22/02/2024 10:07,22/02/2024 09:57,bau14,22/02/2024 11:11
23de9c8d-0eb7-4949-b8ec-5ff5594d5717,Youth,Producers/Processors,Kano,Rural,Yes,Production,Yes,Yes,WOFAN,Kano-WOFAN,Beb80BK16,Male,2024-02-22,22/02/2024 07:27,22/02/2024 07:07,kir03,22/02/2024 11:23
cb7649ff-c7fe-42c5-8e8a-4bf21903b098,Youth,Producers,Kano,Rural,Yes,Production,Yes,Yes,WOFAN,Kano-WOFAN,BebTAXP14,Male,2024-02-22,22/02/2024 07:52,22/02/2024 07:37,tun07,22/02/2024 13:05
3dc1218a-46b4-4760-8ceb-0f1d24254f74,Youth,Producers/Processors,Jigawa,Rural,Yes,Production,Yes,Yes,WOFAN,Jigawa-WOFAN,RinOVTW53,Male,2024-02-22,22/02/2024 13:42,22/02/2024 13:34,rin23,22/02/2024 13:42
a406cfb0-18a9-4064-b218-97926b697fcd,Youth,Producers,Kano,Rural,Yes,Production,Yes,Yes,WOFAN,Kano-WOFAN,GarXAM510,Female,2024-02-21,21/02/2024 16:29,21/02/2024 15:56,ran11,22/02/2024 15:53
465b4a6c-ad55-4077-906d-0e7cecd649b2,Youth,Producers,Kano,Rural,Yes,Agro-Input_Dealer,Yes,Yes,WOFAN,Kano-WOFAN,GarKZKV10,Female,2024-02-22,22/02/2024 15:53,22/02/2024 15:07,ran11,22/02/2024 16:07
5ac9b8ad-8863-45cc-9bc8-61f4754a9e6f,Youth,Marketers,Gombe,Rural,No,---,Yes,No,WOFAN,Gombe-WOFAN,Kal3LCP38,Male,2024-02-22,22/02/2024 15:33,22/02/2024 15:23,kal13,22/02/2024 16:23
6586803a-2c3b-461c-af2b-b56d7dc25e17,Youth,Producers,Jigawa,Rural,No,---,No,Yes,WOFAN,Jigawa-WOFAN,Jah8PQ521,Female,2024-02-21,21/02/2024 05:48,21/02/2024 05:39,jah46,22/02/2024 18:39
589e150a-e324-4c35-b071-56732d42646b,Youth,Processors,Kano,Rural,No,---,No,No,WOFAN,Kano-WOFAN,Beb2F8009,Male,2024-02-22,22/02/2024 07:04,22/02/2024 06:42,tun25,22/02/2024 19:38
845247bd-4393-44be-8bfa-8d668f357fb6,Youth,Producers,Kano,Rural,Yes,Production,Yes,Yes,WOFAN,Kano-WOFAN,Kur0CCG08,Male,2024-02-22,22/02/2024 16:56,22/02/2024 16:35,gmm52,22/02/2024 21:50
b15391cf-9ca4-4570-b64f-581e73f7a834,Youth,Producers,Gombe,Peri_urban,Yes,Production,Yes,No,WOFAN,Gombe-WOFAN,BilFQ1V43,Male,2024-02-22,22/02/2024 08:52,22/02/2024 08:36,bill03,22/02/2024 22:10
43cde7cc-cb9f-42b7-a0b3-9e679c9189f4,Youth,Producers/Processors,Jigawa,Rural,Yes,Production,Yes,Yes,WOFAN,Jigawa-WOFAN,JahWJ9C08,Male,2024-02-21,21/02/2024 08:16,21/02/2024 07:48,jah52,26/02/2024 13:26
ced0b769-18d7-4290-acd8-465236070cf3,Youth,Processors,Jigawa,Rural,No,---,No,No,WOFAN,Jigawa-WOFAN,JahHLZ954,Male,2024-02-21,21/02/2024 20:34,21/02/2024 20:31,jah59,26/02/2024 14:15
56e604b4-4b4d-4f1e-8fa9-cac3e78bb9ae,Youth,Producers/Processors,Jigawa,Rural,No,---,Yes,No,WOFAN,Jigawa-WOFAN,Tau0I4Z57,Male,2024-02-22,22/02/2024 11:26,22/02/2024 11:00,tau23,29/02/2024 11:17
ac15e343-f9e1-46c1-ae32-f7a95ce41490,Youth,Producers/Processors,FCT,Rural,Yes,Agro-Input_Dealer,Yes,No,WOFAN,FCT-WOFAN,KwaQ97353,Female,2024-07-03,03/07/2024 12:07,03/07/2024 11:53,kwl08,03/07/2024 12:10
ef6f4a06-8d76-4146-a063-52a0d0287a03,Youth,Producers/Processors,FCT,Rural,No,---,Yes,No,WOFAN,FCT-WOFAN,GwaJQAI55,Male,2024-07-03,03/07/2024 13:59,03/07/2024 13:32,gwa17,03/07/2024 13:59
cb505f52-0bb5-4816-a488-a707517b61db,Youth,Producers/Processors,FCT,Rural,No,---,Yes,No,WOFAN,FCT-WOFAN,Gwa84Z931,Female,2024-07-03,03/07/2024 13:38,03/07/2024 10:25,gwa23,03/07/2024 14:02
c3e9002f-28e8-4f50-956f-ce625a95f8a9,Youth,Producers/Processors,FCT,Rural,Yes,Processing,Yes,Yes,WOFAN,FCT-WOFAN,KwaP1Y427,Female,2024-07-03,03/07/2024 12:14,03/07/2024 12:03,kwl10,03/07/2024 15:07
d20c57c8-ae7a-4f5f-a915-b2975f7c4b80,Youth,Producers/Processors,FCT,Rural,Yes,Agro-Input_Dealer,Yes,Yes,WOFAN,FCT-WOFAN,Kwa8D0F32,Male,2024-07-03,03/07/2024 12:22,03/07/2024 12:01,kwl14,03/07/2024 16:39
b0bb4deb-2dba-4cbd-9d69-6912ba854f40,Youth,Producers/Processors,FCT,Rural,No,---,Yes,No,WOFAN,FCT-WOFAN,Gwa2M4J47,Female,2024-07-03,03/07/2024 15:18,03/07/2024 15:03,gwa17,03/07/2024 18:47
657d77a7-9104-4464-963d-69c81a20bfcb,Youth,Producers/Processors,FCT,Rural,No,---,Yes,No,WOFAN,FCT-WOFAN,GwaW1KR51,Female,2024-07-04,04/07/2024 08:25,04/07/2024 08:18,gwa23,04/07/2024 08:25
73ad6502-735e-45fd-8631-1d1554f3c45e,Youth,Producers,FCT,Rural,No,---,No,No,WOFAN,FCT-WOFAN,AbaEQ7G41,Female,2024-07-04,04/07/2024 08:30,04/07/2024 08:14,aba03,04/07/2024 08:30
dcf1e61b-d42e-475a-99c4-7bfdd5674b62,Youth,Agro_Artisans,FCT,Peri_urban,Yes,Processing,Yes,No,WOFAN,FCT-WOFAN,AbaYTL943,Female,2024-07-04,04/07/2024 09:18,04/07/2024 08:09,aba04,04/07/2024 09:18
dab46d20-a98b-4909-8b2b-92ac59bb92c4,Youth,Producers/Processors,FCT,Rural,No,---,Yes,No,WOFAN,FCT-WOFAN,KwaW76942,Female,2024-07-04,04/07/2024 10:23,04/07/2024 10:13,kwl08,04/07/2024 10:28
48d714ab-ef86-42ea-9c35-dc75b33ea3d4,Youth,Producers/Processors,FCT,Rural,Yes,Processing,Yes,Yes,WOFAN,FCT-WOFAN,KwaVCL534,Female,2024-07-04,04/07/2024 10:37,04/07/2024 10:21,kwl10,04/07/2024 11:55
881abdbd-d4ef-4b73-a990-d1b7efcff7de,Youth,Producers/Processors,FCT,Rural,No,---,Yes,No,WOFAN,FCT-WOFAN,GwaBAAS46,Female,2024-07-04,04/07/2024 11:55,04/07/2024 11:14,gwa23,04/07/2024 11:55
bb3a1d4f-610a-49bf-86fe-38786ba8eccb,Youth,Producers/Processors,FCT,Rural,Yes,Production,Yes,Yes,WOFAN,FCT-WOFAN,Kwa4J8I12,Female,2024-07-04,04/07/2024 10:50,04/07/2024 10:39,kwl10,04/07/2024 11:55
386d23ce-0f79-442f-96b3-896ee6fe3154,Youth,Producers/Processors,FCT,Rural,Yes,Production,Yes,Yes,WOFAN,FCT-WOFAN,KwaIAGY50,Male,2024-07-04,04/07/2024 11:05,04/07/2024 10:56,kwl10,04/07/2024 11:56
0dc589aa-2317-45ab-9862-aa85a0da2ca7,Youth,Producers,FCT,Rural,No,---,Yes,No,WOFAN,FCT-WOFAN,AbaO1TY14,Female,2024-07-04,04/07/2024 12:17,04/07/2024 12:04,aba03,04/07/2024 12:17
232f0a04-9f51-40ec-9409-6d8d9e696f70,Youth,Producers/Processors,FCT,Peri_urban,No,---,Yes,No,WOFAN,FCT-WOFAN,Aba5BRR34,Male,2024-07-04,04/07/2024 13:16,04/07/2024 13:01,aba04,04/07/2024 13:16
5725d9da-c119-47d0-adb6-ce7d1ca46b55,Youth,Producers/Processors,FCT,Rural,Yes,Agro-Input_Dealer,Yes,No,WOFAN,FCT-WOFAN,KwaULFU25,Female,2024-07-04,04/07/2024 13:54,04/07/2024 13:16,kwl08,04/07/2024 13:58
6bb774fb-9df6-4c81-a594-8f6a58de3e9a,Youth,Producers/Processors,FCT,Peri_urban,No,---,Yes,No,WOFAN,FCT-WOFAN,AbaRCSZ49,Female,2024-07-04,04/07/2024 16:19,04/07/2024 16:07,aba04,04/07/2024 16:19
5e7a6b8b-80c7-48b3-9b67-588dde7651f5,Youth,Producers/Processors,FCT,Rural,Yes,Production,Yes,Yes,WOFAN,FCT-WOFAN,KwaR5Y132,Female,2024-07-04,04/07/2024 14:57,04/07/2024 14:46,kwl10,04/07/2024 17:06
806e7703-d560-4c9f-97bf-962e4db506a6,Youth,Producers,Jigawa,Rural,No,---,Yes,No,WOFAN,Jigawa-WOFAN,RinGNND21,Female,2024-08-08,08/08/2024 11:10,08/08/2024 10:56,rin28,08/08/2024 13:01
f4a39e79-e6de-4e8d-ac71-fe884ecbb427,Youth,Producers,Jigawa,Rural,Yes,Production,Yes,Yes,WOFAN,Jigawa-WOFAN,Rin0Q6Y27,Female,2024-08-08,08/08/2024 11:32,08/08/2024 11:16,rin28,08/08/2024 13:01
c5b94b0f-4fa8-4fbf-a222-7dc0bea582ba,Youth,Producers,Jigawa,Rural,Yes,Production,Yes,No,WOFAN,Jigawa-WOFAN,Rin6WDL01,Female,2024-08-08,08/08/2024 11:59,08/08/2024 11:44,rin28,08/08/2024 13:01
4315c2d3-e767-4b3a-aad2-99b6c7f75477,Youth,Producers,Jigawa,Rural,Yes,Production,Yes,Yes,WOFAN,Jigawa-WOFAN,RinMAR454,Male,2024-08-08,08/08/2024 12:16,08/08/2024 12:00,rin28,08/08/2024 13:02
1ba29cfc-b775-4ab4-8d49-839f475f7394,Youth,Producers,Jigawa,Rural,No,---,Yes,No,WOFAN,Jigawa-WOFAN,RinO78411,Female,2024-08-08,08/08/2024 12:52,08/08/2024 12:42,rin28,08/08/2024 13:02
0bdfa021-90bb-44f6-8548-133468bd6bab,Youth,Producers,Jigawa,Rural,No,---,Yes,No,WOFAN,Jigawa-WOFAN,RinV0WB48,Female,2024-08-08,08/08/2024 13:01,08/08/2024 12:53,rin28,08/08/2024 13:02
589e4914-ea0d-4c28-a0aa-5d82b4e1f132,Youth,Producers,Jigawa,Rural,No,---,Yes,No,WOFAN,Jigawa-WOFAN,Rin0BAI02,Female,2024-08-08,08/08/2024 13:33,08/08/2024 13:22,rin28,08/08/2024 13:34
752c7ff3-02bb-4c88-aba1-c066fc556d41,Youth,Producers,Jigawa,Rural,No,---,Yes,No,WOFAN,Jigawa-WOFAN,RinCPF613,Female,2024-08-08,08/08/2024 13:50,08/08/2024 13:40,rin28,08/08/2024 13:50
82854e14-2385-47a7-8396-848fc9625c30,Youth,Producers,Jigawa,Rural,No,---,Yes,No,WOFAN,Jigawa-WOFAN,Rin2K6E18,Female,2024-08-08,08/08/2024 14:01,08/08/2024 13:52,rin28,08/08/2024 14:01
7fc363d2-3364-4c30-a0c6-55d86daf4bb3,Youth,Producers,Jigawa,Rural,Yes,Production,Yes,No,WOFAN,Jigawa-WOFAN,RinBH5K26,Female,2024-08-08,08/08/2024 12:27,08/08/2024 12:16,rin26,08/08/2024 14:10
b168a269-1e83-400f-baf0-ba4eedfc6062,Youth,Processors,Jigawa,Rural,Yes,Production,Yes,No,WOFAN,Jigawa-WOFAN,Rin6KDD56,Female,2024-08-08,08/08/2024 12:47,08/08/2024 12:40,rin26,08/08/2024 14:10
42f62942-a0a6-445e-975f-01259ab3f272,Youth,Producers,Jigawa,Rural,Yes,Production,Yes,No,WOFAN,Jigawa-WOFAN,RinZY0326,Male,2024-08-08,08/08/2024 13:13,08/08/2024 12:49,rin26,08/08/2024 14:11
c948784f-ce43-4339-b438-9b1c6014677e,Youth,Producers,Jigawa,Rural,Yes,Production,Yes,Yes,WOFAN,Jigawa-WOFAN,RinD4KD42,Female,2024-08-08,08/08/2024 13:39,08/08/2024 13:28,rin26,08/08/2024 14:11
b8d9b6c1-698a-4d9f-b42f-346818ba2deb,Youth,Producers,Jigawa,Rural,Yes,Production,Yes,No,WOFAN,Jigawa-WOFAN,RinBBRC41,Female,2024-08-08,08/08/2024 14:05,08/08/2024 13:40,rin26,08/08/2024 14:12
64be7ac7-2d96-4b94-89e5-a92be30c633e,Youth,Producers,Jigawa,Rural,No,---,Yes,No,WOFAN,Jigawa-WOFAN,RinVJN342,Female,2024-08-08,08/08/2024 20:30,08/08/2024 20:20,rin28,09/08/2024 05:01
672a42bb-b1f2-434e-b55c-85f13645a260,Youth,Producers,Jigawa,Rural,No,---,Yes,No,WOFAN,Jigawa-WOFAN,RinUGUF53,Female,2024-08-08,08/08/2024 20:35,08/08/2024 20:30,rin28,09/08/2024 05:01
42582824-e123-4c28-a6e5-cc235bf60891,Youth,Producers,Jigawa,Rural,No,---,Yes,No,WOFAN,Jigawa-WOFAN,Rin0LW841,Female,2024-08-08,08/08/2024 20:50,08/08/2024 20:39,rin28,09/08/2024 05:02
e17d639b-5783-436a-8378-ba211120a26d,Youth,Producers,Jigawa,Rural,No,---,Yes,No,WOFAN,Jigawa-WOFAN,RinLVGT49,Female,2024-08-09,09/08/2024 05:25,09/08/2024 05:04,rin28,09/08/2024 05:25
d0c6c324-af80-405b-96ee-73e1937d5b99,Youth,Producers/Processors,Kaduna,Rural,No,---,No,No,WOFAN,Kaduna-WOFAN,IkaQTH115,Male,2024-08-09,09/08/2024 05:27,09/08/2024 03:05,ika21,09/08/2024 05:27
a6b4c83e-6fff-4ce3-a0f1-6a5506bd1740,Youth,Producers,Jigawa,Rural,No,---,Yes,No,WOFAN,Jigawa-WOFAN,RinMU9S05,Female,2024-08-09,09/08/2024 05:35,09/08/2024 05:31,rin28,09/08/2024 05:40
02fc500d-190a-45b5-bd87-a31b473a8030,Youth,Producers,Jigawa,Rural,No,---,Yes,No,WOFAN,Jigawa-WOFAN,Rin6MP419,Female,2024-08-09,09/08/2024 05:40,09/08/2024 05:35,rin28,09/08/2024 05:40
a6acc9d8-e639-4cc4-8e77-2c08830c06a0,Youth,Producers,Jigawa,Rural,No,---,Yes,No,WOFAN,Jigawa-WOFAN,RinAZGJ09,Male,2024-08-09,09/08/2024 05:46,09/08/2024 05:40,rin28,09/08/2024 06:00
dcdf788b-692c-4d03-8adc-f8b1bc3480b9,Youth,Producers,Jigawa,Rural,No,---,Yes,No,WOFAN,Jigawa-WOFAN,TauPU0I31,Female,2024-08-09,09/08/2024 06:00,09/08/2024 05:49,rin28,09/08/2024 06:00
b183efc9-f70d-442b-b624-a3c5bc76ec74,Youth,Producers,Jigawa,Rural,No,---,Yes,No,WOFAN,Jigawa-WOFAN,RinOUW530,Female,2024-08-09,09/08/2024 06:41,09/08/2024 06:37,rin28,09/08/2024 06:58
2bb46f2d-37f2-4d2e-86f9-0739a4b91d87,Youth,Producers,Jigawa,Rural,No,---,Yes,No,WOFAN,Jigawa-WOFAN,RinHDMJ59,Female,2024-08-09,09/08/2024 06:46,09/08/2024 06:41,rin28,09/08/2024 06:58
16071416-8971-40ca-8bcb-1d3bef95b1e6,Youth,Producers,Jigawa,Rural,No,---,Yes,No,WOFAN,Jigawa-WOFAN,RinYXCL16,Female,2024-08-09,09/08/2024 06:58,09/08/2024 06:47,rin28,09/08/2024 07:04
7e12b98a-b4b2-466e-89a1-71b2a77c2dd0,Youth,Producers,Jigawa,Rural,No,---,Yes,No,WOFAN,Jigawa-WOFAN,RinHIBP51,Female,2024-08-09,09/08/2024 07:04,09/08/2024 06:58,rin28,09/08/2024 07:53
940a0226-adb9-4e20-9614-fa69a91d3add,Youth,Producers,Jigawa,Rural,No,---,Yes,No,WOFAN,Jigawa-WOFAN,Rin1W2037,Male,2024-08-09,09/08/2024 07:31,09/08/2024 07:04,rin28,09/08/2024 07:53
721b6033-af18-4dd5-8ea2-6606e3684846,Youth,Producers,Jigawa,Rural,No,---,Yes,No,WOFAN,Jigawa-WOFAN,RinFBT413,Female,2024-08-09,09/08/2024 07:53,09/08/2024 07:33,rin28,09/08/2024 07:54
9df17544-ac3c-480f-ae66-38ed5ac6ec43,Youth,Producers,Jigawa,Rural,No,---,Yes,No,WOFAN,Jigawa-WOFAN,Rin5F7110,Female,2024-08-09,09/08/2024 08:47,09/08/2024 08:25,rin28,09/08/2024 09:15
de2411aa-343a-412c-a936-5852d8895c76,Youth,Producers,Jigawa,Rural,No,---,Yes,No,WOFAN,Jigawa-WOFAN,RinENFH55,Female,2024-08-09,09/08/2024 09:06,09/08/2024 08:47,rin28,09/08/2024 09:15
c473e6c0-a0ea-4e71-b9d3-efe35e8b7041,Youth,Producers,Jigawa,Rural,Yes,Production,Yes,No,WOFAN,Jigawa-WOFAN,RinKINS57,Female,2024-08-09,09/08/2024 08:47,09/08/2024 08:24,rin26,09/08/2024 10:14
e7d2bccc-ae30-4638-b748-0dcc37abec49,Youth,Producers,Jigawa,Rural,Yes,Production,Yes,No,WOFAN,Jigawa-WOFAN,RinSCW110,Female,2024-08-09,09/08/2024 09:03,09/08/2024 08:47,rin26,09/08/2024 10:14
